####
# OBJ dataFile simple version. File name: /Dataset/SfS_pp/Result/ablation/ICP_True/no_inlier_score_icp/trial_1/2026_4_18_21_9_Ablation_OBJ_6.obj
# Vertices: 18798
# Faces: 6266
####
# List of Vertices, with (x,y,z) coordinates, w is optional.
v -31.821 -15.314 3.1787
v -32.158 -15.246 3.544
v -31.99 -15.661 3.3421
v -32.158 -15.246 3.544
v -31.779 -15.003 2.8162
v -32.356 -14.609 2.8111
v -45.889 -16.603 -18.035
v -46.046 -16.202 -18.058
v -45.584 -16.488 -18.647
v -32.158 -15.246 3.544
v -31.821 -15.314 3.1787
v -31.779 -15.003 2.8162
v -31.779 -15.003 2.8162
v -31.821 -15.314 3.1787
v -31.748 -15.437 2.4985
v -31.99 -15.661 3.3421
v -31.94 -15.867 2.8342
v -31.821 -15.314 3.1787
v -46.172 -14.805 -19.071
v -46.3 -15.68 -18.189
v -46.605 -14.948 -18.142
v -46.52 -13.43 -19.406
v -46.753 -14.287 -18.531
v -47.197 -12.993 -18.998
v -31.99 -15.661 3.3421
v -32.158 -15.246 3.544
v -32.416 -15.45 3.8503
v -46.3 -15.68 -18.189
v -46.172 -14.805 -19.071
v -45.746 -15.463 -19.208
v -31.748 -15.437 2.4985
v -32.197 -14.746 2.2547
v -31.779 -15.003 2.8162
v -31.821 -15.314 3.1787
v -31.94 -15.867 2.8342
v -31.748 -15.437 2.4985
v -32.158 -15.246 3.544
v -32.51 -15.037 3.6007
v -32.416 -15.45 3.8503
v -32.51 -15.037 3.6007
v -32.158 -15.246 3.544
v -32.356 -14.609 2.8111
v -32.642 -15.689 3.9925
v -31.99 -15.661 3.3421
v -32.416 -15.45 3.8503
v -46.753 -14.287 -18.531
v -47.24 -13.526 -18.289
v -47.197 -12.993 -18.998
v -47.24 -13.526 -18.289
v -47.431 -13.06 -18.328
v -47.197 -12.993 -18.998
v -32.51 -15.037 3.6007
v -32.895 -15.226 4.262
v -32.416 -15.45 3.8503
v -32.51 -15.037 3.6007
v -32.356 -14.609 2.8111
v -32.884 -14.504 3.3404
v -47.461 -12.67 -18.738
v -47.197 -12.993 -18.998
v -47.431 -13.06 -18.328
v -32.197 -14.746 2.2547
v -32.356 -14.609 2.8111
v -31.779 -15.003 2.8162
v -32.197 -14.746 2.2547
v -31.748 -15.437 2.4985
v -31.932 -15.619 2.0522
v -32.884 -14.504 3.3404
v -32.356 -14.609 2.8111
v -32.913 -14.184 2.8569
v -31.99 -15.661 3.3421
v -32.422 -15.832 3.5212
v -31.94 -15.867 2.8342
v -32.356 -14.609 2.8111
v -32.653 -14.22 2.3491
v -32.913 -14.184 2.8569
v -31.99 -15.661 3.3421
v -32.642 -15.689 3.9925
v -32.422 -15.832 3.5212
v -32.895 -15.226 4.262
v -32.718 -15.474 4.1913
v -32.416 -15.45 3.8503
v -32.416 -15.45 3.8503
v -32.718 -15.474 4.1913
v -32.642 -15.689 3.9925
v -32.51 -15.037 3.6007
v -32.884 -14.504 3.3404
v -32.895 -15.226 4.262
v -32.718 -15.474 4.1913
v -32.895 -15.226 4.262
v -33.031 -15.54 4.5974
v -46.046 -16.202 -18.058
v -46.367 -15.72 -17.788
v -46.3 -15.68 -18.189
v -33.031 -15.54 4.5974
v -32.642 -15.689 3.9925
v -32.718 -15.474 4.1913
v -31.932 -15.619 2.0522
v -31.748 -15.437 2.4985
v -31.952 -16.109 2.2288
v -32.653 -14.22 2.3491
v -32.356 -14.609 2.8111
v -32.197 -14.746 2.2547
v -31.94 -15.867 2.8342
v -31.952 -16.109 2.2288
v -31.748 -15.437 2.4985
v -32.653 -14.22 2.3491
v -33.326 -13.492 2.5272
v -32.913 -14.184 2.8569
v -32.422 -15.832 3.5212
v -32.483 -16.212 2.7025
v -31.94 -15.867 2.8342
v -47.24 -13.526 -18.289
v -46.753 -14.287 -18.531
v -47.07 -14.028 -18.006
v -32.895 -15.226 4.262
v -33.582 -15.03 4.6478
v -33.031 -15.54 4.5974
v -32.895 -15.226 4.262
v -32.884 -14.504 3.3404
v -33.458 -14.326 3.8131
v -32.884 -14.504 3.3404
v -32.913 -14.184 2.8569
v -33.458 -14.326 3.8131
v -33.031 -15.54 4.5974
v -33.582 -15.03 4.6478
v -33.242 -15.507 4.8689
v -46.753 -14.287 -18.531
v -46.789 -14.492 -18.187
v -47.07 -14.028 -18.006
v -31.932 -15.619 2.0522
v -31.952 -16.109 2.2288
v -32.08 -16.156 1.8245
v -32.653 -14.22 2.3491
v -32.197 -14.746 2.2547
v -32.914 -14.367 1.8637
v -32.913 -14.184 2.8569
v -33.787 -13.765 3.2377
v -33.458 -14.326 3.8131
v -33.458 -14.326 3.8131
v -33.582 -15.03 4.6478
v -32.895 -15.226 4.262
v -33.326 -13.492 2.5272
v -33.787 -13.765 3.2377
v -32.913 -14.184 2.8569
v -33.09 -16.13 3.9011
v -33.031 -15.54 4.5974
v -33.364 -15.973 4.838
v -33.364 -15.973 4.838
v -33.031 -15.54 4.5974
v -33.242 -15.507 4.8689
v -33.09 -16.13 3.9011
v -32.642 -15.689 3.9925
v -33.031 -15.54 4.5974
v -31.952 -16.109 2.2288
v -31.94 -15.867 2.8342
v -32.483 -16.212 2.7025
v -33.787 -13.765 3.2377
v -33.326 -13.492 2.5272
v -33.828 -13.168 2.7106
v -32.642 -15.689 3.9925
v -32.89 -16.115 3.3827
v -32.422 -15.832 3.5212
v -32.483 -16.212 2.7025
v -32.422 -15.832 3.5212
v -32.89 -16.115 3.3827
v -47.431 -13.06 -18.328
v -47.24 -13.526 -18.289
v -47.371 -13.242 -17.73
v -47.588 -11.788 -19.119
v -47.461 -12.67 -18.738
v -47.676 -12.15 -18.516
v -33.514 -15.868 5.2338
v -33.242 -15.507 4.8689
v -33.586 -15.478 5.1585
v -33.586 -15.478 5.1585
v -33.242 -15.507 4.8689
v -33.582 -15.03 4.6478
v -33.514 -15.868 5.2338
v -33.364 -15.973 4.838
v -33.242 -15.507 4.8689
v -32.653 -14.22 2.3491
v -33.359 -13.383 2.0491
v -33.326 -13.492 2.5272
v -32.314 -15.871 1.6673
v -31.932 -15.619 2.0522
v -32.08 -16.156 1.8245
v -32.914 -14.367 1.8637
v -33.359 -13.383 2.0491
v -32.653 -14.22 2.3491
v -33.514 -15.868 5.2338
v -33.586 -15.478 5.1585
v -33.805 -15.716 5.6183
v -33.805 -15.716 5.6183
v -33.586 -15.478 5.1585
v -34.139 -15.406 5.7232
v -33.957 -14.662 4.5217
v -33.582 -15.03 4.6478
v -33.458 -14.326 3.8131
v -34.501 -13.962 4.1882
v -33.458 -14.326 3.8131
v -33.787 -13.765 3.2377
v -33.09 -16.13 3.9011
v -32.89 -16.115 3.3827
v -32.642 -15.689 3.9925
v -46.057 -16.4 -17.422
v -45.889 -16.603 -18.035
v -45.649 -17.053 -17.702
v -46.753 -14.287 -18.531
v -46.172 -14.805 -19.071
v -46.605 -14.948 -18.142
v -33.586 -15.478 5.1585
v -33.582 -15.03 4.6478
v -34.296 -14.967 5.193
v -33.957 -14.662 4.5217
v -33.458 -14.326 3.8131
v -34.501 -13.962 4.1882
v -45.746 -15.463 -19.208
v -45.584 -16.488 -18.647
v -46.046 -16.202 -18.058
v -33.514 -15.868 5.2338
v -33.805 -15.716 5.6183
v -33.801 -16.103 5.4082
v -34.139 -15.406 5.7232
v -33.586 -15.478 5.1585
v -34.296 -14.967 5.193
v -34.175 -13.354 3.0819
v -33.787 -13.765 3.2377
v -33.828 -13.168 2.7106
v -46.046 -16.202 -18.058
v -46.3 -15.68 -18.189
v -45.746 -15.463 -19.208
v -34.296 -14.967 5.193
v -33.582 -15.03 4.6478
v -33.957 -14.662 4.5217
v -32.914 -14.367 1.8637
v -32.197 -14.746 2.2547
v -32.957 -15.604 1.3864
v -32.197 -14.746 2.2547
v -31.932 -15.619 2.0522
v -32.314 -15.871 1.6673
v -32.314 -15.871 1.6673
v -32.957 -15.604 1.3864
v -32.197 -14.746 2.2547
v -33.974 -12.78 2.2714
v -33.828 -13.168 2.7106
v -33.326 -13.492 2.5272
v -33.326 -13.492 2.5272
v -33.359 -13.383 2.0491
v -33.974 -12.78 2.2714
v -46.789 -14.492 -18.187
v -46.605 -14.948 -18.142
v -46.722 -14.855 -17.646
v -33.364 -15.973 4.838
v -33.514 -15.868 5.2338
v -33.801 -16.103 5.4082
v -47.461 -12.67 -18.738
v -47.431 -13.06 -18.328
v -47.577 -12.55 -18.159
v -34.047 -15.788 6.0502
v -34.139 -15.406 5.7232
v -34.233 -15.589 6.2137
v -33.805 -15.716 5.6183
v -34.139 -15.406 5.7232
v -34.047 -15.788 6.0502
v -45.584 -16.488 -18.647
v -45.324 -17.254 -18.369
v -45.649 -17.053 -17.702
v -34.139 -15.406 5.7232
v -34.738 -15.185 6.3963
v -34.233 -15.589 6.2137
v -33.828 -13.168 2.7106
v -33.974 -12.78 2.2714
v -34.271 -12.961 2.6179
v -46.722 -14.855 -17.646
v -47.07 -14.028 -18.006
v -46.789 -14.492 -18.187
v -34.047 -15.788 6.0502
v -33.801 -16.103 5.4082
v -33.805 -15.716 5.6183
v -45.889 -16.603 -18.035
v -46.057 -16.4 -17.422
v -46.046 -16.202 -18.058
v -33.957 -14.662 4.5217
v -34.501 -13.962 4.1882
v -34.569 -14.336 4.6241
v -34.345 -15.811 6.5201
v -34.233 -15.589 6.2137
v -34.738 -15.185 6.3963
v -34.233 -15.589 6.2137
v -34.345 -15.811 6.5201
v -34.047 -15.788 6.0502
v -34.501 -13.962 4.1882
v -33.787 -13.765 3.2377
v -34.531 -13.526 3.6927
v -31.952 -16.109 2.2288
v -32.483 -16.212 2.7025
v -32.336 -16.491 1.8556
v -32.914 -14.367 1.8637
v -34.07 -13.677 1.4263
v -33.359 -13.383 2.0491
v -33.974 -12.78 2.2714
v -33.359 -13.383 2.0491
v -34.06 -12.893 1.7667
v -32.08 -16.156 1.8245
v -31.952 -16.109 2.2288
v -32.336 -16.491 1.8556
v -33.716 -16.524 4.2755
v -33.09 -16.13 3.9011
v -33.364 -15.973 4.838
v -34.175 -13.354 3.0819
v -33.828 -13.168 2.7106
v -34.271 -12.961 2.6179
v -34.175 -13.354 3.0819
v -34.531 -13.526 3.6927
v -33.787 -13.765 3.2377
v -46.722 -14.855 -17.646
v -46.605 -14.948 -18.142
v -46.367 -15.72 -17.788
v -34.296 -14.967 5.193
v -34.534 -15.177 5.8669
v -34.139 -15.406 5.7232
v -34.139 -15.406 5.7232
v -34.534 -15.177 5.8669
v -34.738 -15.185 6.3963
v -34.419 -16.115 6.4469
v -33.801 -16.103 5.4082
v -34.047 -15.788 6.0502
v -34.296 -14.967 5.193
v -33.957 -14.662 4.5217
v -34.569 -14.336 4.6241
v -32.483 -16.212 2.7025
v -32.89 -16.115 3.3827
v -33.182 -16.622 2.5896
v -34.047 -15.788 6.0502
v -34.345 -15.811 6.5201
v -34.419 -16.115 6.4469
v -44.918 -17.895 -18.694
v -45.213 -17.684 -18.219
v -45.324 -17.254 -18.369
v -33.974 -12.78 2.2714
v -34.524 -12.238 2.2055
v -34.271 -12.961 2.6179
v -33.801 -16.103 5.4082
v -34.419 -16.115 6.4469
v -33.964 -16.333 5.1341
v -33.359 -13.383 2.0491
v -34.07 -13.677 1.4263
v -34.06 -12.893 1.7667
v -34.524 -12.238 2.2055
v -33.974 -12.78 2.2714
v -34.264 -12.52 1.8221
v -34.264 -12.52 1.8221
v -33.974 -12.78 2.2714
v -34.06 -12.893 1.7667
v -32.914 -14.367 1.8637
v -33.491 -14.805 1.3996
v -34.07 -13.677 1.4263
v -34.345 -15.811 6.5201
v -34.738 -15.185 6.3963
v -34.917 -15.744 6.9012
v -34.419 -16.115 6.4469
v -34.345 -15.811 6.5201
v -34.917 -15.744 6.9012
v -33.364 -15.973 4.838
v -33.801 -16.103 5.4082
v -33.964 -16.333 5.1341
v -32.336 -16.491 1.8556
v -32.483 -16.212 2.7025
v -32.782 -16.605 2.0273
v -34.856 -14.776 5.6776
v -34.534 -15.177 5.8669
v -34.296 -14.967 5.193
v -32.08 -16.156 1.8245
v -32.336 -16.491 1.8556
v -32.624 -16.666 1.4126
v -47.197 -12.993 -18.998
v -47.461 -12.67 -18.738
v -47.588 -11.788 -19.119
v -46.367 -15.72 -17.788
v -46.046 -16.202 -18.058
v -46.057 -16.4 -17.422
v -34.534 -15.177 5.8669
v -34.856 -14.776 5.6776
v -34.738 -15.185 6.3963
v -32.483 -16.212 2.7025
v -33.182 -16.622 2.5896
v -32.782 -16.605 2.0273
v -33.182 -16.622 2.5896
v -32.89 -16.115 3.3827
v -33.35 -16.542 3.2661
v -32.89 -16.115 3.3827
v -33.09 -16.13 3.9011
v -33.35 -16.542 3.2661
v -34.175 -13.354 3.0819
v -34.851 -13.044 3.1852
v -34.531 -13.526 3.6927
v -32.08 -16.156 1.8245
v -32.624 -16.666 1.4126
v -32.56 -16.499 1.3388
v -34.738 -15.185 6.3963
v -34.856 -14.776 5.6776
v -35.307 -14.558 6.0691
v -34.271 -12.961 2.6179
v -34.851 -13.044 3.1852
v -34.175 -13.354 3.0819
v -34.271 -12.961 2.6179
v -34.524 -12.238 2.2055
v -34.863 -12.658 2.8049
v -34.296 -14.967 5.193
v -34.569 -14.336 4.6241
v -34.795 -14.472 5.0894
v -34.296 -14.967 5.193
v -34.795 -14.472 5.0894
v -34.856 -14.776 5.6776
v -34.646 -16.572 5.8066
v -33.964 -16.333 5.1341
v -34.419 -16.115 6.4469
v -33.491 -14.805 1.3996
v -32.914 -14.367 1.8637
v -32.957 -15.604 1.3864
v -35.389 -14.98 6.7618
v -34.917 -15.744 6.9012
v -34.738 -15.185 6.3963
v -32.314 -15.871 1.6673
v -32.08 -16.156 1.8245
v -32.628 -16.213 1.2871
v -34.06 -12.893 1.7667
v -34.609 -13.038 1.3238
v -34.264 -12.52 1.8221
v -46.789 -14.492 -18.187
v -46.753 -14.287 -18.531
v -46.605 -14.948 -18.142
v -46.3 -15.68 -18.189
v -46.367 -15.72 -17.788
v -46.605 -14.948 -18.142
v -34.06 -12.893 1.7667
v -34.07 -13.677 1.4263
v -34.609 -13.038 1.3238
v -33.35 -16.542 3.2661
v -33.09 -16.13 3.9011
v -33.716 -16.524 4.2755
v -47.07 -14.028 -18.006
v -47.371 -13.242 -17.73
v -47.24 -13.526 -18.289
v -45.584 -16.488 -18.647
v -45.649 -17.053 -17.702
v -45.889 -16.603 -18.035
v -44.171 -19.435 -18.421
v -44.374 -18.79 -18.88
v -43.65 -19.919 -18.973
v -35.223 -14.084 5.3985
v -34.856 -14.776 5.6776
v -34.795 -14.472 5.0894
v -34.851 -13.044 3.1852
v -34.271 -12.961 2.6179
v -34.863 -12.658 2.8049
v -43.932 -19.795 -18.3
v -44.171 -19.435 -18.421
v -43.65 -19.919 -18.973
v -35.128 -14.079 4.8152
v -34.795 -14.472 5.0894
v -34.569 -14.336 4.6241
v -34.795 -14.472 5.0894
v -35.128 -14.079 4.8152
v -35.223 -14.084 5.3985
v -34.531 -13.526 3.6927
v -35.416 -13.292 3.9908
v -34.501 -13.962 4.1882
v -34.501 -13.962 4.1882
v -35.128 -14.079 4.8152
v -34.569 -14.336 4.6241
v -35.271 -13.676 4.5339
v -35.128 -14.079 4.8152
v -34.501 -13.962 4.1882
v -34.501 -13.962 4.1882
v -35.416 -13.292 3.9908
v -35.271 -13.676 4.5339
v -34.856 -14.776 5.6776
v -35.223 -14.084 5.3985
v -35.307 -14.558 6.0691
v -44.374 -18.79 -18.88
v -44.798 -18.378 -18.329
v -44.918 -17.895 -18.694
v -33.364 -15.973 4.838
v -33.964 -16.333 5.1341
v -33.716 -16.524 4.2755
v -46.753 -14.287 -18.531
v -46.52 -13.43 -19.406
v -46.172 -14.805 -19.071
v -35.477 -12.224 2.884
v -34.863 -12.658 2.8049
v -34.524 -12.238 2.2055
v -34.264 -12.52 1.8221
v -34.609 -13.038 1.3238
v -34.777 -12.135 1.4996
v -34.264 -12.52 1.8221
v -34.777 -12.135 1.4996
v -34.524 -12.238 2.2055
v -34.738 -15.185 6.3963
v -35.307 -14.558 6.0691
v -35.389 -14.98 6.7618
v -34.419 -16.115 6.4469
v -34.917 -15.744 6.9012
v -35.109 -16.289 6.5866
v -32.628 -16.213 1.2871
v -32.08 -16.156 1.8245
v -32.56 -16.499 1.3388
v -35.307 -14.558 6.0691
v -35.223 -14.084 5.3985
v -35.779 -13.973 5.8419
v -46.52 -13.43 -19.406
v -45.429 -15.085 -19.746
v -46.172 -14.805 -19.071
v -35.418 -13.776 4.9723
v -35.223 -14.084 5.3985
v -35.128 -14.079 4.8152
v -44.918 -17.895 -18.694
v -45.324 -17.254 -18.369
v -45.2 -16.792 -19.091
v -34.851 -13.044 3.1852
v -35.416 -13.292 3.9908
v -34.531 -13.526 3.6927
v -48.155 -10.761 -18.405
v -47.588 -11.788 -19.119
v -47.852 -11.89 -17.887
v -34.419 -16.115 6.4469
v -34.918 -16.594 6.1756
v -34.646 -16.572 5.8066
v -33.964 -16.333 5.1341
v -34.646 -16.572 5.8066
v -34.46 -16.708 5.231
v -35.477 -12.224 2.884
v -34.524 -12.238 2.2055
v -35.258 -11.759 2.0693
v -45.2 -16.792 -19.091
v -45.324 -17.254 -18.369
v -45.584 -16.488 -18.647
v -35.223 -14.084 5.3985
v -35.418 -13.776 4.9723
v -36.124 -13.64 5.504
v -35.128 -14.079 4.8152
v -35.271 -13.676 4.5339
v -35.418 -13.776 4.9723
v -47.852 -11.89 -17.887
v -47.577 -12.55 -18.159
v -47.371 -13.242 -17.73
v -47.31 -11.03 -19.825
v -47.588 -11.788 -19.119
v -48.155 -10.761 -18.405
v -35.223 -14.084 5.3985
v -36.124 -13.64 5.504
v -35.779 -13.973 5.8419
v -34.524 -12.238 2.2055
v -34.777 -12.135 1.4996
v -35.258 -11.759 2.0693
v -35.307 -14.558 6.0691
v -35.811 -14.384 6.4545
v -35.389 -14.98 6.7618
v -32.314 -15.871 1.6673
v -32.628 -16.213 1.2871
v -32.957 -15.604 1.3864
v -34.917 -15.744 6.9012
v -35.389 -14.98 6.7618
v -35.547 -15.385 6.7882
v -34.851 -13.044 3.1852
v -34.863 -12.658 2.8049
v -35.588 -12.593 3.3586
v -35.779 -13.973 5.8419
v -35.811 -14.384 6.4545
v -35.307 -14.558 6.0691
v -32.782 -16.605 2.0273
v -33.153 -16.976 1.5662
v -32.336 -16.491 1.8556
v -33.964 -16.333 5.1341
v -34.23 -16.945 4.5652
v -33.716 -16.524 4.2755
v -34.46 -16.708 5.231
v -34.23 -16.945 4.5652
v -33.964 -16.333 5.1341
v -45.213 -17.684 -18.219
v -44.798 -18.378 -18.329
v -45.13 -17.947 -17.965
v -34.863 -12.658 2.8049
v -35.477 -12.224 2.884
v -35.588 -12.593 3.3586
v -34.851 -13.044 3.1852
v -35.588 -12.593 3.3586
v -35.416 -13.292 3.9908
v -32.56 -16.499 1.3388
v -32.824 -16.533 1.0317
v -32.628 -16.213 1.2871
v -44.563 -18.864 -18.099
v -44.374 -18.79 -18.88
v -44.389 -19.083 -18.369
v -44.798 -18.378 -18.329
v -44.374 -18.79 -18.88
v -44.563 -18.864 -18.099
v -33.35 -16.542 3.2661
v -33.716 -16.524 4.2755
v -34.141 -17.107 3.7842
v -45.13 -17.947 -17.965
v -44.798 -18.378 -18.329
v -44.743 -18.573 -17.864
v -45.213 -17.684 -18.219
v -44.918 -17.895 -18.694
v -44.798 -18.378 -18.329
v -35.271 -13.676 4.5339
v -35.416 -13.292 3.9908
v -35.793 -13.353 4.3794
v -33.182 -16.622 2.5896
v -33.35 -16.542 3.2661
v -33.756 -17.003 3.0168
v -35.418 -13.776 4.9723
v -35.271 -13.676 4.5339
v -35.987 -13.467 4.9262
v -33.491 -14.805 1.3996
v -32.957 -15.604 1.3864
v -33.531 -15.711 0.91938
v -32.957 -15.604 1.3864
v -32.628 -16.213 1.2871
v -32.824 -16.533 1.0317
v -35.968 -14.69 6.6592
v -35.389 -14.98 6.7618
v -35.811 -14.384 6.4545
v -34.918 -16.594 6.1756
v -34.419 -16.115 6.4469
v -35.109 -16.289 6.5866
v -35.54 -15.988 6.5567
v -34.917 -15.744 6.9012
v -35.547 -15.385 6.7882
v -35.762 -15.162 6.7265
v -35.389 -14.98 6.7618
v -35.968 -14.69 6.6592
v -35.547 -15.385 6.7882
v -35.389 -14.98 6.7618
v -35.762 -15.162 6.7265
v -34.917 -15.744 6.9012
v -35.54 -15.988 6.5567
v -35.109 -16.289 6.5866
v -34.777 -12.135 1.4996
v -35.231 -11.686 1.6405
v -35.258 -11.759 2.0693
v -33.531 -15.711 0.91938
v -32.957 -15.604 1.3864
v -32.824 -16.533 1.0317
v -35.258 -11.759 2.0693
v -35.836 -11.914 2.6865
v -35.477 -12.224 2.884
v -34.141 -17.107 3.7842
v -33.716 -16.524 4.2755
v -34.23 -16.945 4.5652
v -35.109 -16.289 6.5866
v -35.28 -16.507 6.3986
v -34.918 -16.594 6.1756
v -35.987 -13.467 4.9262
v -36.124 -13.64 5.504
v -35.418 -13.776 4.9723
v -35.416 -13.292 3.9908
v -35.588 -12.593 3.3586
v -36.061 -12.907 4.2223
v -33.35 -16.542 3.2661
v -34.141 -17.107 3.7842
v -33.756 -17.003 3.0168
v -32.977 -16.889 1.0536
v -32.624 -16.666 1.4126
v -33.153 -16.976 1.5662
v -32.56 -16.499 1.3388
v -32.624 -16.666 1.4126
v -32.977 -16.889 1.0536
v -44.171 -19.435 -18.421
v -44.389 -19.083 -18.369
v -44.374 -18.79 -18.88
v -45.13 -17.947 -17.965
v -45.439 -17.522 -17.489
v -45.213 -17.684 -18.219
v -35.987 -13.467 4.9262
v -35.271 -13.676 4.5339
v -35.793 -13.353 4.3794
v -34.251 -14.532 0.93836
v -34.07 -13.677 1.4263
v -33.491 -14.805 1.3996
v -33.153 -16.976 1.5662
v -32.624 -16.666 1.4126
v -32.336 -16.491 1.8556
v -35.779 -13.973 5.8419
v -36.124 -13.64 5.504
v -36.716 -13.642 6.135
v -36.021 -11.506 2.144
v -35.258 -11.759 2.0693
v -35.888 -11.377 1.6232
v -46.722 -14.855 -17.646
v -46.367 -15.72 -17.788
v -46.432 -15.528 -17.306
v -33.531 -15.711 0.91938
v -34.017 -15.558 0.60399
v -33.491 -14.805 1.3996
v -35.811 -14.384 6.4545
v -35.779 -13.973 5.8419
v -36.716 -13.642 6.135
v -34.07 -13.677 1.4263
v -34.694 -13.686 0.95244
v -34.609 -13.038 1.3238
v -35.416 -13.292 3.9908
v -36.061 -12.907 4.2223
v -35.793 -13.353 4.3794
v -35.836 -11.914 2.6865
v -35.258 -11.759 2.0693
v -36.021 -11.506 2.144
v -32.824 -16.533 1.0317
v -32.56 -16.499 1.3388
v -32.977 -16.889 1.0536
v -32.782 -16.605 2.0273
v -33.182 -16.622 2.5896
v -33.153 -16.976 1.5662
v -47.07 -14.028 -18.006
v -46.722 -14.855 -17.646
v -46.911 -14.435 -17.231
v -35.547 -15.385 6.7882
v -35.762 -15.162 6.7265
v -36.058 -15.244 6.4143
v -35.54 -15.988 6.5567
v -35.547 -15.385 6.7882
v -36.058 -15.244 6.4143
v -35.888 -11.377 1.6232
v -35.231 -11.686 1.6405
v -35.768 -11.481 1.2105
v -34.777 -12.135 1.4996
v -35.768 -11.481 1.2105
v -35.231 -11.686 1.6405
v -35.888 -11.377 1.6232
v -35.258 -11.759 2.0693
v -35.231 -11.686 1.6405
v -36.716 -13.642 6.135
v -36.476 -14.073 6.389
v -35.811 -14.384 6.4545
v -35.968 -14.69 6.6592
v -35.811 -14.384 6.4545
v -36.476 -14.073 6.389
v -34.251 -14.532 0.93836
v -33.491 -14.805 1.3996
v -34.017 -15.558 0.60399
v -35.768 -11.481 1.2105
v -34.777 -12.135 1.4996
v -35.472 -12.05 1.079
v -32.824 -16.533 1.0317
v -32.977 -16.889 1.0536
v -33.031 -16.661 0.79793
v -36.241 -12.048 3.15
v -35.477 -12.224 2.884
v -35.836 -11.914 2.6865
v -45.649 -17.053 -17.702
v -45.213 -17.684 -18.219
v -45.439 -17.522 -17.489
v -47.371 -13.242 -17.73
v -47.577 -12.55 -18.159
v -47.431 -13.06 -18.328
v -36.241 -12.048 3.15
v -35.588 -12.593 3.3586
v -35.477 -12.224 2.884
v -35.793 -13.353 4.3794
v -36.061 -12.907 4.2223
v -35.987 -13.467 4.9262
v -34.646 -16.572 5.8066
v -34.918 -16.594 6.1756
v -35.215 -17.19 5.6861
v -35.472 -12.05 1.079
v -34.777 -12.135 1.4996
v -34.609 -13.038 1.3238
v -33.531 -15.711 0.91938
v -32.824 -16.533 1.0317
v -33.031 -16.661 0.79793
v -35.54 -15.988 6.5567
v -35.28 -16.507 6.3986
v -35.109 -16.289 6.5866
v -47.676 -12.15 -18.516
v -47.461 -12.67 -18.738
v -47.577 -12.55 -18.159
v -35.588 -12.593 3.3586
v -36.241 -12.048 3.15
v -36.587 -12.407 3.9619
v -35.588 -12.593 3.3586
v -36.587 -12.407 3.9619
v -36.061 -12.907 4.2223
v -34.918 -16.594 6.1756
v -35.28 -16.507 6.3986
v -35.393 -16.796 6.0866
v -34.694 -13.686 0.95244
v -34.07 -13.677 1.4263
v -34.251 -14.532 0.93836
v -33.769 -17.33 2.3627
v -33.182 -16.622 2.5896
v -33.756 -17.003 3.0168
v -34.23 -16.945 4.5652
v -34.46 -16.708 5.231
v -35.014 -17.367 4.9888
v -46.911 -14.435 -17.231
v -47.371 -13.242 -17.73
v -47.07 -14.028 -18.006
v -35.215 -17.19 5.6861
v -34.918 -16.594 6.1756
v -35.393 -16.796 6.0866
v -47.042 -12.128 -19.576
v -46.52 -13.43 -19.406
v -47.197 -12.993 -18.998
v -36.19 -15.529 6.1437
v -35.54 -15.988 6.5567
v -36.058 -15.244 6.4143
v -36.914 -13.619 6.2084
v -36.476 -14.073 6.389
v -36.716 -13.642 6.135
v -36.673 -14.499 6.3264
v -36.058 -15.244 6.4143
v -35.968 -14.69 6.6592
v -35.968 -14.69 6.6592
v -36.058 -15.244 6.4143
v -35.762 -15.162 6.7265
v -35.968 -14.69 6.6592
v -36.476 -14.073 6.389
v -36.673 -14.499 6.3264
v -47.588 -11.788 -19.119
v -47.042 -12.128 -19.576
v -47.197 -12.993 -18.998
v -45.649 -17.053 -17.702
v -45.324 -17.254 -18.369
v -45.213 -17.684 -18.219
v -36.061 -12.907 4.2223
v -36.835 -13.066 5.1938
v -35.987 -13.467 4.9262
v -35.836 -11.914 2.6865
v -36.645 -11.226 2.1317
v -36.241 -12.048 3.15
v -36.021 -11.506 2.144
v -36.645 -11.226 2.1317
v -35.836 -11.914 2.6865
v -34.141 -17.107 3.7842
v -34.173 -17.378 3.1469
v -33.756 -17.003 3.0168
v -35.888 -11.377 1.6232
v -36.645 -11.226 2.1317
v -36.021 -11.506 2.144
v -35.215 -17.19 5.6861
v -35.014 -17.367 4.9888
v -34.46 -16.708 5.231
v -34.646 -16.572 5.8066
v -35.215 -17.19 5.6861
v -34.46 -16.708 5.231
v -33.153 -16.976 1.5662
v -33.182 -16.622 2.5896
v -33.769 -17.33 2.3627
v -36.797 -11.999 3.5021
v -36.587 -12.407 3.9619
v -36.241 -12.048 3.15
v -36.587 -12.407 3.9619
v -37.096 -12.551 4.5862
v -36.061 -12.907 4.2223
v -34.23 -16.945 4.5652
v -35.014 -17.367 4.9888
v -34.822 -17.377 4.6065
v -37.096 -12.551 4.5862
v -36.835 -13.066 5.1938
v -36.061 -12.907 4.2223
v -36.018 -11.234 1.1144
v -35.888 -11.377 1.6232
v -35.768 -11.481 1.2105
v -35.393 -16.796 6.0866
v -35.28 -16.507 6.3986
v -35.916 -16.395 6.0295
v -36.19 -15.529 6.1437
v -35.916 -16.395 6.0295
v -35.54 -15.988 6.5567
v -35.28 -16.507 6.3986
v -35.54 -15.988 6.5567
v -35.916 -16.395 6.0295
v -45.13 -17.947 -17.965
v -44.977 -18.219 -17.48
v -45.439 -17.522 -17.489
v -35.987 -13.467 4.9262
v -36.835 -13.066 5.1938
v -36.124 -13.64 5.504
v -36.124 -13.64 5.504
v -36.835 -13.066 5.1938
v -36.716 -13.642 6.135
v -36.476 -14.073 6.389
v -36.914 -13.619 6.2084
v -36.673 -14.499 6.3264
v -34.173 -17.378 3.1469
v -33.769 -17.33 2.3627
v -33.756 -17.003 3.0168
v -36.018 -11.234 1.1144
v -36.23 -10.928 1.1543
v -36.461 -10.971 1.6589
v -36.461 -10.971 1.6589
v -35.888 -11.377 1.6232
v -36.018 -11.234 1.1144
v -36.461 -10.971 1.6589
v -36.645 -11.226 2.1317
v -35.888 -11.377 1.6232
v -33.153 -16.976 1.5662
v -33.769 -17.33 2.3627
v -33.643 -17.441 1.6234
v -34.141 -17.107 3.7842
v -34.23 -16.945 4.5652
v -34.822 -17.377 4.6065
v -46.057 -16.4 -17.422
v -45.649 -17.053 -17.702
v -45.743 -16.879 -16.795
v -36.058 -15.244 6.4143
v -36.673 -14.499 6.3264
v -36.894 -14.94 5.9056
v -37.288 -13.63 6.1398
v -36.914 -13.619 6.2084
v -36.716 -13.642 6.135
v -36.894 -14.94 5.9056
v -36.19 -15.529 6.1437
v -36.058 -15.244 6.4143
v -36.018 -11.234 1.1144
v -35.768 -11.481 1.2105
v -35.963 -11.605 0.89022
v -35.768 -11.481 1.2105
v -35.472 -12.05 1.079
v -35.963 -11.605 0.89022
v -45.13 -17.947 -17.965
v -44.743 -18.573 -17.864
v -44.977 -18.219 -17.48
v -35.443 -12.972 0.78574
v -35.472 -12.05 1.079
v -34.609 -13.038 1.3238
v -33.031 -16.661 0.79793
v -34.017 -15.558 0.60399
v -33.531 -15.711 0.91938
v -33.031 -16.661 0.79793
v -32.977 -16.889 1.0536
v -33.343 -17.144 0.48586
v -36.673 -14.499 6.3264
v -36.914 -13.619 6.2084
v -37.288 -13.63 6.1398
v -36.835 -13.066 5.1938
v -37.449 -13.059 5.957
v -36.716 -13.642 6.135
v -45.746 -15.463 -19.208
v -45.207 -15.961 -19.578
v -45.584 -16.488 -18.647
v -47.676 -12.15 -18.516
v -47.577 -12.55 -18.159
v -47.852 -11.89 -17.887
v -35.443 -12.972 0.78574
v -34.609 -13.038 1.3238
v -35.338 -13.721 0.46942
v -34.609 -13.038 1.3238
v -34.694 -13.686 0.95244
v -35.338 -13.721 0.46942
v -37.18 -11.553 2.9856
v -36.797 -11.999 3.5021
v -36.241 -12.048 3.15
v -37.449 -13.059 5.957
v -36.835 -13.066 5.1938
v -37.418 -12.764 5.534
v -35.963 -11.605 0.89022
v -35.472 -12.05 1.079
v -35.935 -12.351 0.62156
v -36.23 -10.928 1.1543
v -36.64 -10.633 1.2767
v -36.461 -10.971 1.6589
v -32.977 -16.889 1.0536
v -33.153 -16.976 1.5662
v -33.452 -17.431 0.69192
v -37.096 -12.551 4.5862
v -37.418 -12.764 5.534
v -36.835 -13.066 5.1938
v -36.797 -11.999 3.5021
v -37.305 -11.951 3.8458
v -36.587 -12.407 3.9619
v -34.141 -17.107 3.7842
v -34.822 -17.377 4.6065
v -34.845 -17.63 4.2024
v -36.23 -10.928 1.1543
v -36.018 -11.234 1.1144
v -36.746 -10.886 0.53202
v -45.207 -15.961 -19.578
v -44.663 -16.833 -19.667
v -45.2 -16.792 -19.091
v -35.963 -11.605 0.89022
v -36.746 -10.886 0.53202
v -36.018 -11.234 1.1144
v -36.645 -11.226 2.1317
v -37.18 -11.553 2.9856
v -36.241 -12.048 3.15
v -34.017 -15.558 0.60399
v -34.737 -15.059 0.29417
v -34.251 -14.532 0.93836
v -45.207 -15.961 -19.578
v -45.2 -16.792 -19.091
v -45.584 -16.488 -18.647
v -35.935 -12.351 0.62156
v -35.472 -12.05 1.079
v -35.443 -12.972 0.78574
v -36.573 -10.678 0.89835
v -36.64 -10.633 1.2767
v -36.23 -10.928 1.1543
v -33.031 -16.661 0.79793
v -33.343 -17.144 0.48586
v -33.521 -16.953 0.30677
v -36.746 -10.886 0.53202
v -36.573 -10.678 0.89835
v -36.23 -10.928 1.1543
v -32.977 -16.889 1.0536
v -33.452 -17.431 0.69192
v -33.343 -17.144 0.48586
v -37.449 -13.059 5.957
v -37.288 -13.63 6.1398
v -36.716 -13.642 6.135
v -33.031 -16.661 0.79793
v -33.521 -16.953 0.30677
v -34.017 -15.558 0.60399
v -34.017 -15.558 0.60399
v -33.521 -16.953 0.30677
v -34.152 -16.147 0.22893
v -33.75 -17.675 1.0289
v -33.452 -17.431 0.69192
v -33.153 -16.976 1.5662
v -33.153 -16.976 1.5662
v -33.643 -17.441 1.6234
v -33.75 -17.675 1.0289
v -34.694 -13.686 0.95244
v -34.251 -14.532 0.93836
v -34.879 -14.416 0.51998
v -45.743 -16.879 -16.795
v -46.078 -16.235 -16.873
v -46.057 -16.4 -17.422
v -47.588 -11.788 -19.119
v -47.676 -12.15 -18.516
v -47.852 -11.89 -17.887
v -37.096 -12.551 4.5862
v -36.587 -12.407 3.9619
v -37.305 -11.951 3.8458
v -35.916 -16.395 6.0295
v -35.681 -17.175 5.6376
v -35.393 -16.796 6.0866
v -37.582 -12.314 4.8874
v -37.418 -12.764 5.534
v -37.096 -12.551 4.5862
v -44.798 -18.378 -18.329
v -44.563 -18.864 -18.099
v -44.743 -18.573 -17.864
v -35.215 -17.19 5.6861
v -35.393 -16.796 6.0866
v -35.681 -17.175 5.6376
v -35.473 -17.354 5.5358
v -35.215 -17.19 5.6861
v -35.681 -17.175 5.6376
v -36.645 -11.226 2.1317
v -37.21 -11.13 2.457
v -37.18 -11.553 2.9856
v -36.797 -11.999 3.5021
v -37.18 -11.553 2.9856
v -37.305 -11.951 3.8458
v -36.285 -11.788 0.5495
v -36.746 -10.886 0.53202
v -35.963 -11.605 0.89022
v -36.461 -10.971 1.6589
v -36.64 -10.633 1.2767
v -37.316 -10.338 1.3139
v -46.057 -16.4 -17.422
v -46.432 -15.528 -17.306
v -46.367 -15.72 -17.788
v -33.769 -17.33 2.3627
v -34.173 -17.378 3.1469
v -34.304 -17.839 2.4517
v -37.582 -12.314 4.8874
v -37.955 -12.209 5.2144
v -37.418 -12.764 5.534
v -35.963 -11.605 0.89022
v -35.935 -12.351 0.62156
v -36.285 -11.788 0.5495
v -43.65 -19.919 -18.973
v -43.431 -20.602 -18.58
v -43.751 -20.202 -18.129
v -34.141 -17.107 3.7842
v -34.845 -17.63 4.2024
v -34.773 -17.834 3.4528
v -44.918 -17.895 -18.694
v -43.436 -18.18 -20.05
v -44.374 -18.79 -18.88
v -47.821 -10.207 -19.333
v -47.31 -11.03 -19.825
v -48.155 -10.761 -18.405
v -43.436 -18.18 -20.05
v -43.343 -19.203 -19.621
v -44.374 -18.79 -18.88
v -43.751 -20.202 -18.129
v -43.932 -19.795 -18.3
v -43.65 -19.919 -18.973
v -34.173 -17.378 3.1469
v -34.141 -17.107 3.7842
v -34.773 -17.834 3.4528
v -47.31 -11.03 -19.825
v -47.042 -12.128 -19.576
v -47.588 -11.788 -19.119
v -36.673 -14.499 6.3264
v -37.288 -13.63 6.1398
v -37.395 -14.549 5.646
v -37.096 -12.551 4.5862
v -37.305 -11.951 3.8458
v -37.582 -12.314 4.8874
v -36.894 -14.94 5.9056
v -36.673 -14.499 6.3264
v -37.395 -14.549 5.646
v -43.65 -19.919 -18.973
v -42.487 -20.95 -19.418
v -43.431 -20.602 -18.58
v -36.461 -10.971 1.6589
v -37.482 -10.633 1.8868
v -36.645 -11.226 2.1317
v -36.645 -11.226 2.1317
v -37.482 -10.633 1.8868
v -37.21 -11.13 2.457
v -35.916 -16.395 6.0295
v -36.19 -15.529 6.1437
v -36.465 -15.746 5.7461
v -37.912 -12.501 5.6395
v -37.418 -12.764 5.534
v -37.955 -12.209 5.2144
v -45.466 -13.751 -20.162
v -45.429 -15.085 -19.746
v -46.52 -13.43 -19.406
v -35.338 -13.721 0.46942
v -34.694 -13.686 0.95244
v -34.879 -14.416 0.51998
v -36.461 -10.971 1.6589
v -37.316 -10.338 1.3139
v -37.482 -10.633 1.8868
v -44.374 -18.79 -18.88
v -43.343 -19.203 -19.621
v -43.65 -19.919 -18.973
v -34.879 -14.416 0.51998
v -34.251 -14.532 0.93836
v -34.737 -15.059 0.29417
v -35.681 -17.175 5.6376
v -35.916 -16.395 6.0295
v -36.303 -16.592 5.4835
v -35.014 -17.367 4.9888
v -35.215 -17.19 5.6861
v -35.526 -17.596 5.2329
v -35.215 -17.19 5.6861
v -35.473 -17.354 5.5358
v -35.526 -17.596 5.2329
v -44.918 -17.895 -18.694
v -45.2 -16.792 -19.091
v -44.663 -16.833 -19.667
v -33.643 -17.441 1.6234
v -33.769 -17.33 2.3627
v -34.304 -17.839 2.4517
v -36.894 -14.94 5.9056
v -36.465 -15.746 5.7461
v -36.19 -15.529 6.1437
v -36.573 -10.678 0.89835
v -36.969 -10.417 0.66511
v -36.64 -10.633 1.2767
v -36.969 -10.417 0.66511
v -36.573 -10.678 0.89835
v -36.746 -10.886 0.53202
v -46.172 -14.805 -19.071
v -45.429 -15.085 -19.746
v -45.746 -15.463 -19.208
v -37.449 -13.059 5.957
v -37.544 -13.663 5.9534
v -37.288 -13.63 6.1398
v -37.449 -13.059 5.957
v -37.418 -12.764 5.534
v -37.912 -12.501 5.6395
v -35.443 -12.972 0.78574
v -35.338 -13.721 0.46942
v -35.853 -13.276 0.29226
v -34.634 -15.687 0.028211
v -34.737 -15.059 0.29417
v -34.017 -15.558 0.60399
v -37.395 -14.549 5.646
v -37.288 -13.63 6.1398
v -37.544 -13.663 5.9534
v -34.304 -17.839 2.4517
v -34.173 -17.378 3.1469
v -34.763 -18.084 2.9006
v -34.845 -17.63 4.2024
v -34.822 -17.377 4.6065
v -35.395 -17.839 4.476
v -44.171 -19.435 -18.421
v -43.932 -19.795 -18.3
v -44.038 -19.66 -17.863
v -35.014 -17.367 4.9888
v -35.395 -17.839 4.476
v -34.822 -17.377 4.6065
v -37.305 -11.951 3.8458
v -38.121 -11.542 4.1377
v -37.582 -12.314 4.8874
v -36.782 -15.703 5.5232
v -36.465 -15.746 5.7461
v -36.894 -14.94 5.9056
v -37.827 -10.954 2.7632
v -37.18 -11.553 2.9856
v -37.21 -11.13 2.457
v -36.969 -10.417 0.66511
v -37.316 -10.338 1.3139
v -36.64 -10.633 1.2767
v -37.18 -11.553 2.9856
v -37.827 -10.954 2.7632
v -37.835 -11.423 3.3107
v -47.852 -11.89 -17.887
v -47.371 -13.242 -17.73
v -47.987 -12.23 -16.999
v -44.977 -18.219 -17.48
v -45.273 -17.738 -17.247
v -45.439 -17.522 -17.489
v -35.198 -14.648 0.16259
v -35.338 -13.721 0.46942
v -34.879 -14.416 0.51998
v -34.879 -14.416 0.51998
v -34.737 -15.059 0.29417
v -35.198 -14.648 0.16259
v -37.18 -11.553 2.9856
v -37.835 -11.423 3.3107
v -37.305 -11.951 3.8458
v -34.634 -15.687 0.028211
v -34.017 -15.558 0.60399
v -34.152 -16.147 0.22893
v -37.482 -10.633 1.8868
v -37.827 -10.954 2.7632
v -37.21 -11.13 2.457
v -37.955 -12.209 5.2144
v -37.582 -12.314 4.8874
v -38.121 -11.542 4.1377
v -33.643 -17.441 1.6234
v -34.304 -17.839 2.4517
v -34.412 -18.219 1.7091
v -34.763 -18.084 2.9006
v -34.173 -17.378 3.1469
v -34.773 -17.834 3.4528
v -36.61 -16.164 5.4387
v -36.465 -15.746 5.7461
v -36.782 -15.703 5.5232
v -35.916 -16.395 6.0295
v -36.465 -15.746 5.7461
v -36.61 -16.164 5.4387
v -34.773 -17.834 3.4528
v -34.845 -17.63 4.2024
v -35.204 -18.036 4.0454
v -34.152 -16.147 0.22893
v -33.521 -16.953 0.30677
v -34.221 -16.66 -0.13956
v -33.521 -16.953 0.30677
v -33.343 -17.144 0.48586
v -33.605 -17.35 -0.010495
v -37.449 -13.059 5.957
v -37.912 -12.501 5.6395
v -38.084 -12.766 5.7479
v -37.544 -13.663 5.9534
v -37.449 -13.059 5.957
v -38.084 -12.766 5.7479
v -37.912 -12.501 5.6395
v -37.955 -12.209 5.2144
v -38.404 -12.186 5.5071
v -33.605 -17.35 -0.010495
v -33.343 -17.144 0.48586
v -33.452 -17.431 0.69192
v -35.935 -12.351 0.62156
v -35.443 -12.972 0.78574
v -35.853 -13.276 0.29226
v -37.495 -9.8798 0.83259
v -36.969 -10.417 0.66511
v -37.324 -10.231 0.33971
v -46.911 -14.435 -17.231
v -47.308 -13.499 -17.167
v -47.371 -13.242 -17.73
v -45.207 -15.961 -19.578
v -45.746 -15.463 -19.208
v -45.429 -15.085 -19.746
v -36.969 -10.417 0.66511
v -37.495 -9.8798 0.83259
v -37.316 -10.338 1.3139
v -33.75 -17.675 1.0289
v -33.643 -17.441 1.6234
v -34.438 -18.362 0.92295
v -34.412 -18.219 1.7091
v -34.438 -18.362 0.92295
v -33.643 -17.441 1.6234
v -45.439 -17.522 -17.489
v -45.743 -16.879 -16.795
v -45.649 -17.053 -17.702
v -44.563 -18.864 -18.099
v -44.389 -19.083 -18.369
v -44.533 -18.911 -17.515
v -35.681 -17.175 5.6376
v -35.995 -17.599 5.1727
v -35.473 -17.354 5.5358
v -35.526 -17.596 5.2329
v -35.473 -17.354 5.5358
v -35.995 -17.599 5.1727
v -36.61 -16.164 5.4387
v -36.303 -16.592 5.4835
v -35.916 -16.395 6.0295
v -33.75 -17.675 1.0289
v -33.884 -18.099 0.19403
v -33.452 -17.431 0.69192
v -46.432 -15.528 -17.306
v -46.057 -16.4 -17.422
v -46.078 -16.235 -16.873
v -38.121 -11.542 4.1377
v -37.305 -11.951 3.8458
v -37.835 -11.423 3.3107
v -44.743 -18.573 -17.864
v -44.563 -18.864 -18.099
v -44.533 -18.911 -17.515
v -38.614 -11.633 4.8033
v -37.955 -12.209 5.2144
v -38.121 -11.542 4.1377
v -35.681 -17.175 5.6376
v -36.303 -16.592 5.4835
v -36.493 -16.88 5.236
v -35.526 -17.596 5.2329
v -35.395 -17.839 4.476
v -35.014 -17.367 4.9888
v -38.084 -12.766 5.7479
v -38.17 -13.3 5.5923
v -37.544 -13.663 5.9534
v -37.912 -12.501 5.6395
v -38.404 -12.186 5.5071
v -38.084 -12.766 5.7479
v -33.605 -17.35 -0.010495
v -33.452 -17.431 0.69192
v -33.627 -17.774 -0.056739
v -38.347 -11.173 3.3076
v -37.835 -11.423 3.3107
v -37.827 -10.954 2.7632
v -37.615 -9.6415 0.32041
v -37.495 -9.8798 0.83259
v -37.324 -10.231 0.33971
v -36.746 -10.886 0.53202
v -36.285 -11.788 0.5495
v -36.805 -11.824 0.11572
v -34.737 -15.059 0.29417
v -34.634 -15.687 0.028211
v -35.026 -15.318 -0.11568
v -33.627 -17.774 -0.056739
v -33.452 -17.431 0.69192
v -33.884 -18.099 0.19403
v -35.853 -13.276 0.29226
v -36.364 -12.777 -0.01243
v -35.935 -12.351 0.62156
v -37.495 -9.8798 0.83259
v -37.902 -10.01 1.2932
v -37.316 -10.338 1.3139
v -47.308 -13.499 -17.167
v -47.987 -12.23 -16.999
v -47.371 -13.242 -17.73
v -37.63 -15.1 5.1547
v -36.782 -15.703 5.5232
v -36.894 -14.94 5.9056
v -35.874 -17.772 4.9991
v -35.526 -17.596 5.2329
v -35.995 -17.599 5.1727
v -35.395 -17.839 4.476
v -35.526 -17.596 5.2329
v -35.874 -17.772 4.9991
v -38.614 -11.633 4.8033
v -38.404 -12.186 5.5071
v -37.955 -12.209 5.2144
v -35.204 -18.036 4.0454
v -34.845 -17.63 4.2024
v -35.395 -17.839 4.476
v -46.722 -14.855 -17.646
v -46.432 -15.528 -17.306
v -46.537 -15.228 -16.78
v -37.316 -10.338 1.3139
v -37.902 -10.01 1.2932
v -37.482 -10.633 1.8868
v -37.324 -10.231 0.33971
v -36.969 -10.417 0.66511
v -36.746 -10.886 0.53202
v -34.666 -18.234 2.2585
v -34.412 -18.219 1.7091
v -34.304 -17.839 2.4517
v -37.495 -9.8798 0.83259
v -37.88 -9.3806 0.53991
v -37.902 -10.01 1.2932
v -36.746 -10.886 0.53202
v -36.805 -11.824 0.11572
v -37.247 -11.278 -0.037036
v -37.395 -14.549 5.646
v -37.544 -13.663 5.9534
v -37.977 -14.171 5.307
v -38.347 -11.173 3.3076
v -38.121 -11.542 4.1377
v -37.835 -11.423 3.3107
v -37.395 -14.549 5.646
v -37.63 -15.1 5.1547
v -36.894 -14.94 5.9056
v -36.285 -11.788 0.5495
v -35.935 -12.351 0.62156
v -36.364 -12.777 -0.01243
v -35.204 -18.036 4.0454
v -35.536 -18.619 3.6072
v -34.773 -17.834 3.4528
v -47.852 -11.89 -17.887
v -48.236 -11.162 -17.427
v -48.155 -10.761 -18.405
v -36.493 -16.88 5.236
v -35.995 -17.599 5.1727
v -35.681 -17.175 5.6376
v -35.853 -13.276 0.29226
v -35.338 -13.721 0.46942
v -35.716 -14.13 -0.078171
v -37.615 -9.6415 0.32041
v -37.88 -9.3806 0.53991
v -37.495 -9.8798 0.83259
v -34.221 -16.66 -0.13956
v -33.521 -16.953 0.30677
v -33.605 -17.35 -0.010495
v -37.827 -10.954 2.7632
v -37.482 -10.633 1.8868
v -38.256 -10.195 1.8737
v -38.209 -9.5093 0.9731
v -37.902 -10.01 1.2932
v -37.88 -9.3806 0.53991
v -35.338 -13.721 0.46942
v -35.198 -14.648 0.16259
v -35.716 -14.13 -0.078171
v -36.782 -15.703 5.5232
v -37.63 -15.1 5.1547
v -37.445 -15.625 5.0815
v -35.198 -14.648 0.16259
v -34.737 -15.059 0.29417
v -35.026 -15.318 -0.11568
v -36.963 -16.015 5.2187
v -36.61 -16.164 5.4387
v -36.782 -15.703 5.5232
v -37.482 -10.633 1.8868
v -37.902 -10.01 1.2932
v -38.256 -10.195 1.8737
v -36.364 -12.777 -0.01243
v -36.805 -11.824 0.11572
v -36.285 -11.788 0.5495
v -36.303 -16.592 5.4835
v -36.61 -16.164 5.4387
v -36.493 -16.88 5.236
v -38.256 -10.195 1.8737
v -38.443 -10.577 2.6301
v -37.827 -10.954 2.7632
v -38.17 -13.3 5.5923
v -37.977 -14.171 5.307
v -37.544 -13.663 5.9534
v -38.347 -11.173 3.3076
v -37.827 -10.954 2.7632
v -38.443 -10.577 2.6301
v -38.614 -11.633 4.8033
v -38.121 -11.542 4.1377
v -38.886 -11.164 4.2319
v -37.445 -15.625 5.0815
v -36.963 -16.015 5.2187
v -36.782 -15.703 5.5232
v -38.886 -11.164 4.2319
v -38.121 -11.542 4.1377
v -38.347 -11.173 3.3076
v -36.002 -18.107 4.7238
v -35.395 -17.839 4.476
v -35.874 -17.772 4.9991
v -34.304 -17.839 2.4517
v -34.763 -18.084 2.9006
v -34.666 -18.234 2.2585
v -34.221 -16.66 -0.13956
v -33.605 -17.35 -0.010495
v -33.851 -17.767 -0.54106
v -33.605 -17.35 -0.010495
v -33.627 -17.774 -0.056739
v -33.851 -17.767 -0.54106
v -38.084 -12.766 5.7479
v -38.404 -12.186 5.5071
v -38.894 -12.433 5.3531
v -38.084 -12.766 5.7479
v -38.894 -12.433 5.3531
v -38.17 -13.3 5.5923
v -47.987 -12.23 -16.999
v -48.236 -11.162 -17.427
v -47.852 -11.89 -17.887
v -34.634 -15.687 0.028211
v -34.152 -16.147 0.22893
v -34.221 -16.66 -0.13956
v -38.256 -10.195 1.8737
v -38.618 -10.194 2.1582
v -38.443 -10.577 2.6301
v -37.324 -10.231 0.33971
v -36.746 -10.886 0.53202
v -37.473 -10.774 -0.020789
v -37.473 -10.774 -0.020789
v -36.746 -10.886 0.53202
v -37.247 -11.278 -0.037036
v -37.88 -9.3806 0.53991
v -38.228 -8.8648 0.029479
v -38.363 -8.8104 0.28744
v -37.88 -9.3806 0.53991
v -38.363 -8.8104 0.28744
v -38.209 -9.5093 0.9731
v -34.824 -16.088 -0.36568
v -34.634 -15.687 0.028211
v -34.221 -16.66 -0.13956
v -37.247 -11.278 -0.037036
v -36.805 -11.824 0.11572
v -37.393 -11.659 -0.42171
v -37.615 -9.6415 0.32041
v -37.324 -10.231 0.33971
v -37.883 -9.7289 -0.19015
v -33.627 -17.774 -0.056739
v -33.813 -18.161 -0.51278
v -33.851 -17.767 -0.54106
v -46.911 -14.435 -17.231
v -46.87 -14.571 -16.429
v -47.308 -13.499 -17.167
v -47.308 -13.499 -17.167
v -46.87 -14.571 -16.429
v -47.296 -13.633 -16.573
v -36.493 -16.88 5.236
v -36.61 -16.164 5.4387
v -36.963 -16.015 5.2187
v -35.874 -17.772 4.9991
v -35.995 -17.599 5.1727
v -36.423 -17.667 4.8695
v -33.884 -18.099 0.19403
v -33.75 -17.675 1.0289
v -34.438 -18.362 0.92295
v -37.65 -10.38 -0.044414
v -37.324 -10.231 0.33971
v -37.473 -10.774 -0.020789
v -48.604 -9.3437 -18.497
v -48.155 -10.761 -18.405
v -48.5 -10.266 -17.862
v -38.209 -9.5093 0.9731
v -38.478 -9.7161 1.3527
v -37.902 -10.01 1.2932
v -38.886 -11.164 4.2319
v -38.347 -11.173 3.3076
v -38.86 -10.9 3.5491
v -35.395 -17.839 4.476
v -35.786 -18.565 4.2744
v -35.204 -18.036 4.0454
v -35.215 -18.518 3.0526
v -34.763 -18.084 2.9006
v -34.773 -17.834 3.4528
v -37.883 -9.7289 -0.19015
v -37.324 -10.231 0.33971
v -37.65 -10.38 -0.044414
v -35.215 -18.518 3.0526
v -34.773 -17.834 3.4528
v -35.536 -18.619 3.6072
v -38.256 -10.195 1.8737
v -37.902 -10.01 1.2932
v -38.478 -9.7161 1.3527
v -37.63 -15.1 5.1547
v -37.395 -14.549 5.646
v -37.977 -14.171 5.307
v -35.786 -18.565 4.2744
v -35.395 -17.839 4.476
v -36.002 -18.107 4.7238
v -35.995 -17.599 5.1727
v -36.493 -16.88 5.236
v -36.423 -17.667 4.8695
v -38.989 -11.998 5.3058
v -38.894 -12.433 5.3531
v -38.404 -12.186 5.5071
v -39.288 -11.337 5.0552
v -38.989 -11.998 5.3058
v -38.614 -11.633 4.8033
v -38.614 -11.633 4.8033
v -38.989 -11.998 5.3058
v -38.404 -12.186 5.5071
v -37.615 -9.6415 0.32041
v -38.228 -8.8648 0.029479
v -37.88 -9.3806 0.53991
v -38.228 -8.8648 0.029479
v -37.615 -9.6415 0.32041
v -37.883 -9.7289 -0.19015
v -38.684 -8.9056 0.65027
v -38.209 -9.5093 0.9731
v -38.363 -8.8104 0.28744
v -38.627 -9.9304 1.7278
v -38.256 -10.195 1.8737
v -38.478 -9.7161 1.3527
v -48.5 -10.266 -17.862
v -48.155 -10.761 -18.405
v -48.236 -11.162 -17.427
v -33.627 -17.774 -0.056739
v -33.884 -18.099 0.19403
v -33.813 -18.161 -0.51278
v -36.493 -16.88 5.236
v -36.963 -16.015 5.2187
v -37.096 -16.295 5.0094
v -36.364 -12.777 -0.01243
v -35.853 -13.276 0.29226
v -36.17 -13.828 -0.36111
v -35.853 -13.276 0.29226
v -35.716 -14.13 -0.078171
v -36.17 -13.828 -0.36111
v -44.171 -19.435 -18.421
v -44.038 -19.66 -17.863
v -44.389 -19.083 -18.369
v -35.786 -18.565 4.2744
v -35.536 -18.619 3.6072
v -35.204 -18.036 4.0454
v -35.026 -15.318 -0.11568
v -34.634 -15.687 0.028211
v -34.824 -16.088 -0.36568
v -44.389 -19.083 -18.369
v -44.038 -19.66 -17.863
v -44.533 -18.911 -17.515
v -37.445 -15.625 5.0815
v -37.096 -16.295 5.0094
v -36.963 -16.015 5.2187
v -38.764 -13.133 5.1172
v -38.17 -13.3 5.5923
v -38.894 -12.433 5.3531
v -34.666 -18.234 2.2585
v -34.763 -18.084 2.9006
v -35.259 -18.732 2.4313
v -38.764 -13.133 5.1172
v -38.409 -13.83 5.0846
v -38.17 -13.3 5.5923
v -46.537 -15.228 -16.78
v -46.432 -15.528 -17.306
v -46.337 -15.683 -16.405
v -38.409 -13.83 5.0846
v -37.977 -14.171 5.307
v -38.17 -13.3 5.5923
v -45.439 -17.522 -17.489
v -45.331 -17.632 -16.976
v -45.743 -16.879 -16.795
v -39.348 -10.876 4.4412
v -38.614 -11.633 4.8033
v -38.886 -11.164 4.2319
v -38.684 -8.9056 0.65027
v -38.899 -9.0692 0.92484
v -38.209 -9.5093 0.9731
v -35.716 -14.13 -0.078171
v -35.198 -14.648 0.16259
v -35.687 -14.85 -0.44694
v -38.899 -9.0692 0.92484
v -38.742 -9.3758 1.0521
v -38.209 -9.5093 0.9731
v -35.198 -14.648 0.16259
v -35.026 -15.318 -0.11568
v -35.687 -14.85 -0.44694
v -38.478 -9.7161 1.3527
v -38.209 -9.5093 0.9731
v -38.742 -9.3758 1.0521
v -38.443 -10.577 2.6301
v -39.059 -10.38 2.861
v -38.347 -11.173 3.3076
v -38.627 -9.9304 1.7278
v -38.618 -10.194 2.1582
v -38.256 -10.195 1.8737
v -34.507 -17.53 -1.0268
v -34.221 -16.66 -0.13956
v -33.851 -17.767 -0.54106
v -33.813 -18.161 -0.51278
v -34.023 -18.136 -0.97073
v -33.851 -17.767 -0.54106
v -43.356 -20.843 -17.711
v -43.431 -20.602 -18.58
v -43.071 -21.279 -18.081
v -45.439 -17.522 -17.489
v -45.273 -17.738 -17.247
v -45.331 -17.632 -16.976
v -38.443 -10.577 2.6301
v -38.618 -10.194 2.1582
v -38.964 -10.213 2.5896
v -38.443 -10.577 2.6301
v -38.964 -10.213 2.5896
v -39.059 -10.38 2.861
v -36.002 -18.107 4.7238
v -35.874 -17.772 4.9991
v -36.423 -17.667 4.8695
v -37.096 -16.295 5.0094
v -36.934 -17.02 4.7517
v -36.493 -16.88 5.236
v -44.977 -18.219 -17.48
v -44.743 -18.573 -17.864
v -44.533 -18.911 -17.515
v -38.86 -10.9 3.5491
v -39.442 -10.607 4.0735
v -38.886 -11.164 4.2319
v -39.348 -10.876 4.4412
v -38.886 -11.164 4.2319
v -39.442 -10.607 4.0735
v -45.273 -17.738 -17.247
v -44.977 -18.219 -17.48
v -44.879 -18.368 -16.893
v -43.932 -19.795 -18.3
v -43.751 -20.202 -18.129
v -44.038 -19.66 -17.863
v -36.559 -13.21 -0.38668
v -36.364 -12.777 -0.01243
v -36.17 -13.828 -0.36111
v -34.824 -16.088 -0.36568
v -35.439 -15.495 -0.56153
v -35.026 -15.318 -0.11568
v -39.015 -9.4844 1.2829
v -38.627 -9.9304 1.7278
v -38.478 -9.7161 1.3527
v -46.537 -15.228 -16.78
v -46.911 -14.435 -17.231
v -46.722 -14.855 -17.646
v -38.842 -8.4862 -0.11404
v -38.363 -8.8104 0.28744
v -38.228 -8.8648 0.029479
v -38.478 -9.7161 1.3527
v -38.742 -9.3758 1.0521
v -39.015 -9.4844 1.2829
v -48.604 -9.3437 -18.497
v -47.821 -10.207 -19.333
v -48.155 -10.761 -18.405
v -36.493 -16.88 5.236
v -36.934 -17.02 4.7517
v -36.423 -17.667 4.8695
v -38.347 -11.173 3.3076
v -39.059 -10.38 2.861
v -38.86 -10.9 3.5491
v -39.442 -10.607 4.0735
v -38.86 -10.9 3.5491
v -39.456 -10.405 3.4077
v -36.559 -13.21 -0.38668
v -37.026 -12.476 -0.4632
v -36.364 -12.777 -0.01243
v -43.751 -20.202 -18.129
v -43.431 -20.602 -18.58
v -43.356 -20.843 -17.711
v -35.215 -18.518 3.0526
v -35.259 -18.732 2.4313
v -34.763 -18.084 2.9006
v -34.666 -18.234 2.2585
v -35.259 -18.732 2.4313
v -34.412 -18.219 1.7091
v -36.17 -13.828 -0.36111
v -35.716 -14.13 -0.078171
v -35.997 -14.504 -0.55807
v -35.997 -14.504 -0.55807
v -35.716 -14.13 -0.078171
v -35.687 -14.85 -0.44694
v -38.614 -11.633 4.8033
v -39.348 -10.876 4.4412
v -39.288 -11.337 5.0552
v -37.883 -9.7289 -0.19015
v -38.634 -8.9023 -0.61957
v -38.228 -8.8648 0.029479
v -34.824 -16.088 -0.36568
v -34.221 -16.66 -0.13956
v -35.282 -16.536 -1.207
v -35.282 -16.536 -1.207
v -34.221 -16.66 -0.13956
v -34.507 -17.53 -1.0268
v -38.989 -11.998 5.3058
v -39.288 -11.337 5.0552
v -39.591 -11.852 4.9892
v -39.591 -11.852 4.9892
v -38.894 -12.433 5.3531
v -38.989 -11.998 5.3058
v -33.994 -18.501 -0.67016
v -33.813 -18.161 -0.51278
v -33.884 -18.099 0.19403
v -34.507 -17.53 -1.0268
v -33.851 -17.767 -0.54106
v -34.023 -18.136 -0.97073
v -47.31 -11.03 -19.825
v -46.64 -11.52 -19.957
v -47.042 -12.128 -19.576
v -44.663 -16.833 -19.667
v -43.436 -18.18 -20.05
v -44.918 -17.895 -18.694
v -38.684 -8.9056 0.65027
v -38.363 -8.8104 0.28744
v -38.842 -8.4862 -0.11404
v -35.026 -15.318 -0.11568
v -35.439 -15.495 -0.56153
v -35.687 -14.85 -0.44694
v -39.456 -10.405 3.4077
v -38.86 -10.9 3.5491
v -39.059 -10.38 2.861
v -35.439 -15.495 -0.56153
v -34.824 -16.088 -0.36568
v -35.428 -15.939 -0.90425
v -38.627 -9.9304 1.7278
v -39.182 -9.6846 1.7157
v -38.618 -10.194 2.1582
v -39.182 -9.6846 1.7157
v -38.964 -10.213 2.5896
v -38.618 -10.194 2.1582
v -37.026 -12.476 -0.4632
v -36.805 -11.824 0.11572
v -36.364 -12.777 -0.01243
v -48.604 -9.3437 -18.497
v -48.673 -9.7878 -17.822
v -48.883 -8.856 -18.223
v -35.259 -18.732 2.4313
v -34.896 -18.78 1.2954
v -34.412 -18.219 1.7091
v -37.977 -14.171 5.307
v -38.149 -14.855 4.8384
v -37.63 -15.1 5.1547
v -39.182 -9.6846 1.7157
v -38.627 -9.9304 1.7278
v -39.015 -9.4844 1.2829
v -49.165 -8.6115 -17.388
v -48.883 -8.856 -18.223
v -48.673 -9.7878 -17.822
v -36.002 -18.107 4.7238
v -36.423 -17.667 4.8695
v -36.664 -17.895 4.5471
v -39.348 -10.876 4.4412
v -39.442 -10.607 4.0735
v -39.926 -10.585 4.6518
v -33.994 -18.501 -0.67016
v -34.023 -18.136 -0.97073
v -33.813 -18.161 -0.51278
v -38.409 -13.83 5.0846
v -38.764 -13.133 5.1172
v -38.929 -13.658 4.7759
v -38.409 -13.83 5.0846
v -38.149 -14.855 4.8384
v -37.977 -14.171 5.307
v -38.842 -8.4862 -0.11404
v -39.275 -8.6089 0.24528
v -38.684 -8.9056 0.65027
v -38.964 -10.213 2.5896
v -39.182 -9.6846 1.7157
v -39.496 -9.9268 2.4681
v -39.496 -9.9268 2.4681
v -39.059 -10.38 2.861
v -38.964 -10.213 2.5896
v -37.883 -9.7289 -0.19015
v -37.65 -10.38 -0.044414
v -38.166 -10.22 -0.6827
v -34.438 -18.362 0.92295
v -34.458 -18.664 0.083945
v -33.884 -18.099 0.19403
v -48.673 -9.7878 -17.822
v -48.917 -9.5752 -17.003
v -49.165 -8.6115 -17.388
v -39.442 -10.607 4.0735
v -40.129 -10.209 4.0314
v -39.926 -10.585 4.6518
v -37.096 -16.295 5.0094
v -37.445 -15.625 5.0815
v -37.534 -16.247 4.711
v -42.487 -20.95 -19.418
v -42.613 -21.69 -18.716
v -43.431 -20.602 -18.58
v -39.364 -8.9107 0.92351
v -38.899 -9.0692 0.92484
v -38.684 -8.9056 0.65027
v -35.786 -18.565 4.2744
v -36.002 -18.107 4.7238
v -36.365 -18.516 4.404
v -37.026 -12.476 -0.4632
v -37.393 -11.659 -0.42171
v -36.805 -11.824 0.11572
v -38.742 -9.3758 1.0521
v -38.899 -9.0692 0.92484
v -39.015 -9.4844 1.2829
v -36.365 -18.516 4.404
v -36.002 -18.107 4.7238
v -36.664 -17.895 4.5471
v -38.845 -8.4322 -0.53367
v -38.228 -8.8648 0.029479
v -38.634 -8.9023 -0.61957
v -38.228 -8.8648 0.029479
v -38.845 -8.4322 -0.53367
v -38.842 -8.4862 -0.11404
v -39.348 -10.876 4.4412
v -39.926 -10.585 4.6518
v -39.288 -11.337 5.0552
v -39.591 -11.852 4.9892
v -39.288 -11.337 5.0552
v -39.761 -11.414 4.9883
v -38.764 -13.133 5.1172
v -38.894 -12.433 5.3531
v -39.322 -12.567 4.9135
v -44.115 -16.293 -20.178
v -44.663 -16.833 -19.667
v -45.207 -15.961 -19.578
v -45.429 -15.085 -19.746
v -44.115 -16.293 -20.178
v -45.207 -15.961 -19.578
v -47.987 -12.23 -16.999
v -47.308 -13.499 -17.167
v -47.621 -13.041 -16.405
v -38.741 -9.4149 -0.97947
v -38.634 -8.9023 -0.61957
v -37.883 -9.7289 -0.19015
v -37.587 -16.666 4.4262
v -36.934 -17.02 4.7517
v -37.096 -16.295 5.0094
v -34.438 -18.362 0.92295
v -34.412 -18.219 1.7091
v -34.896 -18.78 1.2954
v -47.987 -12.23 -16.999
v -48.132 -11.842 -16.673
v -48.236 -11.162 -17.427
v -37.63 -15.1 5.1547
v -38.01 -15.538 4.6703
v -37.445 -15.625 5.0815
v -39.275 -8.6089 0.24528
v -39.364 -8.9107 0.92351
v -38.684 -8.9056 0.65027
v -38.166 -10.22 -0.6827
v -37.65 -10.38 -0.044414
v -37.948 -10.828 -0.63234
v -37.473 -10.774 -0.020789
v -37.247 -11.278 -0.037036
v -37.948 -10.828 -0.63234
v -37.65 -10.38 -0.044414
v -37.473 -10.774 -0.020789
v -37.948 -10.828 -0.63234
v -39.059 -10.38 2.861
v -39.545 -10.163 3.0759
v -39.456 -10.405 3.4077
v -39.015 -9.4844 1.2829
v -38.899 -9.0692 0.92484
v -39.364 -8.9107 0.92351
v -35.987 -14.912 -0.80297
v -35.997 -14.504 -0.55807
v -35.687 -14.85 -0.44694
v -36.17 -13.828 -0.36111
v -35.997 -14.504 -0.55807
v -36.502 -14.094 -0.85441
v -39.275 -8.6089 0.24528
v -38.842 -8.4862 -0.11404
v -39.103 -8.3163 -0.37983
v -36.559 -13.21 -0.38668
v -36.17 -13.828 -0.36111
v -36.502 -14.094 -0.85441
v -33.994 -18.501 -0.67016
v -33.884 -18.099 0.19403
v -34.458 -18.664 0.083945
v -39.887 -10.189 3.6527
v -39.442 -10.607 4.0735
v -39.456 -10.405 3.4077
v -48.652 -10.305 -16.87
v -48.5 -10.266 -17.862
v -48.236 -11.162 -17.427
v -38.894 -12.433 5.3531
v -39.591 -11.852 4.9892
v -39.322 -12.567 4.9135
v -37.948 -10.828 -0.63234
v -37.247 -11.278 -0.037036
v -37.393 -11.659 -0.42171
v -38.166 -10.22 -0.6827
v -38.741 -9.4149 -0.97947
v -37.883 -9.7289 -0.19015
v -37.096 -16.295 5.0094
v -37.534 -16.247 4.711
v -37.587 -16.666 4.4262
v -36.934 -17.02 4.7517
v -36.664 -17.895 4.5471
v -36.423 -17.667 4.8695
v -35.439 -15.495 -0.56153
v -35.987 -14.912 -0.80297
v -35.687 -14.85 -0.44694
v -39.545 -10.163 3.0759
v -39.059 -10.38 2.861
v -39.496 -9.9268 2.4681
v -39.456 -10.405 3.4077
v -39.545 -10.163 3.0759
v -39.887 -10.189 3.6527
v -39.103 -8.3163 -0.37983
v -38.842 -8.4862 -0.11404
v -38.845 -8.4322 -0.53367
v -35.428 -15.939 -0.90425
v -34.824 -16.088 -0.36568
v -35.282 -16.536 -1.207
v -39.288 -11.337 5.0552
v -39.926 -10.585 4.6518
v -39.761 -11.414 4.9883
v -39.869 -9.0751 1.3941
v -39.015 -9.4844 1.2829
v -39.364 -8.9107 0.92351
v -46.537 -15.228 -16.78
v -46.87 -14.571 -16.429
v -46.911 -14.435 -17.231
v -43.431 -20.602 -18.58
v -42.613 -21.69 -18.716
v -43.071 -21.279 -18.081
v -39.545 -10.163 3.0759
v -39.496 -9.9268 2.4681
v -39.927 -9.8941 3.0689
v -39.545 -10.163 3.0759
v -39.927 -9.8941 3.0689
v -39.887 -10.189 3.6527
v -38.929 -13.658 4.7759
v -38.935 -14.35 4.3922
v -38.409 -13.83 5.0846
v -35.215 -18.518 3.0526
v -35.536 -18.619 3.6072
v -36.007 -19.225 2.9408
v -38.149 -14.855 4.8384
v -38.409 -13.83 5.0846
v -38.935 -14.35 4.3922
v -38.01 -15.538 4.6703
v -37.63 -15.1 5.1547
v -38.149 -14.855 4.8384
v -35.259 -18.732 2.4313
v -35.215 -18.518 3.0526
v -36.007 -19.225 2.9408
v -48.132 -11.842 -16.673
v -47.987 -12.23 -16.999
v -47.621 -13.041 -16.405
v -36.148 -18.824 4.1734
v -35.786 -18.565 4.2744
v -36.365 -18.516 4.404
v -40.129 -10.209 4.0314
v -39.442 -10.607 4.0735
v -39.887 -10.189 3.6527
v -39.015 -9.4844 1.2829
v -39.869 -9.0751 1.3941
v -39.182 -9.6846 1.7157
v -38.845 -8.4322 -0.53367
v -39.279 -8.3051 -0.75189
v -39.103 -8.3163 -0.37983
v -34.023 -18.136 -0.97073
v -34.114 -18.75 -1.1339
v -34.134 -18.54 -1.3883
v -33.994 -18.501 -0.67016
v -34.114 -18.75 -1.1339
v -34.023 -18.136 -0.97073
v -33.994 -18.501 -0.67016
v -34.458 -18.664 0.083945
v -34.381 -19.106 -0.92263
v -37.534 -16.247 4.711
v -37.445 -15.625 5.0815
v -37.865 -15.863 4.5917
v -37.445 -15.625 5.0815
v -38.01 -15.538 4.6703
v -37.865 -15.863 4.5917
v -37.393 -11.659 -0.42171
v -37.026 -12.476 -0.4632
v -37.421 -12.248 -0.82467
v -45.273 -17.738 -17.247
v -44.879 -18.368 -16.893
v -45.167 -17.907 -16.646
v -40.129 -10.209 4.0314
v -40.428 -10.265 4.3496
v -39.926 -10.585 4.6518
v -39.887 -10.189 3.6527
v -40.33 -9.8108 3.5552
v -40.129 -10.209 4.0314
v -44.038 -19.66 -17.863
v -43.356 -20.843 -17.711
v -44.036 -19.869 -17.184
v -37.026 -12.476 -0.4632
v -36.559 -13.21 -0.38668
v -37.093 -13.205 -1.0024
v -39.761 -11.414 4.9883
v -39.926 -10.585 4.6518
v -40.237 -10.74 4.7154
v -40.237 -10.74 4.7154
v -40.183 -11.228 4.7447
v -39.761 -11.414 4.9883
v -44.036 -19.869 -17.184
v -44.324 -19.344 -16.984
v -44.038 -19.66 -17.863
v -36.148 -18.824 4.1734
v -35.536 -18.619 3.6072
v -35.786 -18.565 4.2744
v -45.331 -17.632 -16.976
v -45.273 -17.738 -17.247
v -45.167 -17.907 -16.646
v -40.237 -10.74 4.7154
v -39.926 -10.585 4.6518
v -40.428 -10.265 4.3496
v -45.312 -17.652 -16.619
v -45.331 -17.632 -16.976
v -45.167 -17.907 -16.646
v -34.134 -18.54 -1.3883
v -34.833 -17.988 -1.8349
v -34.023 -18.136 -0.97073
v -39.927 -9.8941 3.0689
v -40.33 -9.8108 3.5552
v -39.887 -10.189 3.6527
v -38.845 -8.4322 -0.53367
v -39.103 -8.5368 -1.0463
v -39.279 -8.3051 -0.75189
v -39.869 -9.0751 1.3941
v -39.961 -9.5515 2.1319
v -39.182 -9.6846 1.7157
v -35.186 -19.198 0.83461
v -34.458 -18.664 0.083945
v -34.438 -18.362 0.92295
v -34.114 -18.75 -1.1339
v -33.994 -18.501 -0.67016
v -34.381 -19.106 -0.92263
v -34.438 -18.362 0.92295
v -34.896 -18.78 1.2954
v -35.186 -19.198 0.83461
v -39.182 -9.6846 1.7157
v -39.961 -9.5515 2.1319
v -39.496 -9.9268 2.4681
v -34.896 -18.78 1.2954
v -35.259 -18.732 2.4313
v -35.377 -19.121 1.6089
v -44.038 -19.66 -17.863
v -43.751 -20.202 -18.129
v -43.356 -20.843 -17.711
v -39.867 -8.7077 0.50738
v -39.364 -8.9107 0.92351
v -39.275 -8.6089 0.24528
v -39.496 -9.9268 2.4681
v -39.961 -9.5515 2.1319
v -39.927 -9.8941 3.0689
v -38.845 -8.4322 -0.53367
v -38.634 -8.9023 -0.61957
v -39.103 -8.5368 -1.0463
v -35.891 -15.676 -1.2629
v -35.439 -15.495 -0.56153
v -35.428 -15.939 -0.90425
v -36.664 -17.895 4.5471
v -36.876 -18.614 4.0206
v -36.365 -18.516 4.404
v -37.587 -16.666 4.4262
v -37.498 -17.263 4.1706
v -36.934 -17.02 4.7517
v -47.308 -13.499 -17.167
v -47.296 -13.633 -16.573
v -47.621 -13.041 -16.405
v -40.183 -11.228 4.7447
v -39.591 -11.852 4.9892
v -39.761 -11.414 4.9883
v -39.322 -12.567 4.9135
v -39.591 -11.852 4.9892
v -39.931 -12.381 4.4467
v -48.604 -9.3437 -18.497
v -48.5 -10.266 -17.862
v -48.673 -9.7878 -17.822
v -36.559 -13.21 -0.38668
v -36.502 -14.094 -0.85441
v -37.093 -13.205 -1.0024
v -34.114 -18.75 -1.1339
v -34.381 -19.106 -0.92263
v -34.245 -19.01 -1.5776
v -37.791 -11.533 -0.81206
v -38.138 -11.191 -1.0455
v -37.948 -10.828 -0.63234
v -37.948 -10.828 -0.63234
v -37.393 -11.659 -0.42171
v -37.791 -11.533 -0.81206
v -38.764 -13.133 5.1172
v -39.322 -12.567 4.9135
v -39.393 -13.221 4.5612
v -36.502 -14.094 -0.85441
v -35.997 -14.504 -0.55807
v -36.512 -14.701 -1.2666
v -40.428 -10.265 4.3496
v -40.129 -10.209 4.0314
v -40.33 -9.8108 3.5552
v -35.987 -14.912 -0.80297
v -36.512 -14.701 -1.2666
v -35.997 -14.504 -0.55807
v -35.987 -14.912 -0.80297
v -35.439 -15.495 -0.56153
v -35.891 -15.676 -1.2629
v -38.929 -13.658 4.7759
v -38.764 -13.133 5.1172
v -39.393 -13.221 4.5612
v -39.103 -8.5368 -1.0463
v -38.634 -8.9023 -0.61957
v -38.741 -9.4149 -0.97947
v -44.533 -18.911 -17.515
v -44.038 -19.66 -17.863
v -44.324 -19.344 -16.984
v -38.935 -14.35 4.3922
v -38.551 -14.915 4.4707
v -38.149 -14.855 4.8384
v -34.833 -17.988 -1.8349
v -34.507 -17.53 -1.0268
v -34.023 -18.136 -0.97073
v -37.791 -11.533 -0.81206
v -37.393 -11.659 -0.42171
v -37.421 -12.248 -0.82467
v -35.377 -19.121 1.6089
v -35.259 -18.732 2.4313
v -35.746 -19.253 2.1888
v -39.103 -8.3163 -0.37983
v -39.279 -8.3051 -0.75189
v -39.585 -8.3172 -0.65706
v -39.859 -8.5162 -0.18831
v -39.103 -8.3163 -0.37983
v -39.585 -8.3172 -0.65706
v -37.498 -17.263 4.1706
v -36.664 -17.895 4.5471
v -36.934 -17.02 4.7517
v -39.275 -8.6089 0.24528
v -39.103 -8.3163 -0.37983
v -39.859 -8.5162 -0.18831
v -35.186 -19.198 0.83461
v -34.9 -19.092 0.13584
v -34.458 -18.664 0.083945
v -34.458 -18.664 0.083945
v -34.9 -19.092 0.13584
v -34.381 -19.106 -0.92263
v -36.99 -13.87 -1.3142
v -37.093 -13.205 -1.0024
v -36.502 -14.094 -0.85441
v -35.536 -18.619 3.6072
v -36.148 -18.824 4.1734
v -36.379 -19.392 3.582
v -46.337 -15.683 -16.405
v -46.432 -15.528 -17.306
v -46.078 -16.235 -16.873
v -38.741 -9.4149 -0.97947
v -38.166 -10.22 -0.6827
v -38.621 -10.062 -1.1573
v -37.026 -12.476 -0.4632
v -37.093 -13.205 -1.0024
v -37.421 -12.248 -0.82467
v -37.534 -16.247 4.711
v -37.865 -15.863 4.5917
v -37.883 -16.148 4.3912
v -39.322 -12.567 4.9135
v -39.931 -12.381 4.4467
v -39.813 -12.839 4.3575
v -38.452 -10.91 -1.3577
v -38.621 -10.062 -1.1573
v -38.166 -10.22 -0.6827
v -38.166 -10.22 -0.6827
v -37.948 -10.828 -0.63234
v -38.452 -10.91 -1.3577
v -39.869 -9.0751 1.3941
v -39.364 -8.9107 0.92351
v -39.867 -8.7077 0.50738
v -39.867 -8.7077 0.50738
v -39.275 -8.6089 0.24528
v -39.859 -8.5162 -0.18831
v -39.961 -9.5515 2.1319
v -39.869 -9.0751 1.3941
v -40.434 -9.2872 2.1237
v -39.961 -9.5515 2.1319
v -40.804 -9.4763 3.1959
v -39.927 -9.8941 3.0689
v -39.927 -9.8941 3.0689
v -40.804 -9.4763 3.1959
v -40.33 -9.8108 3.5552
v -38.01 -15.538 4.6703
v -38.149 -14.855 4.8384
v -38.456 -15.609 4.2875
v -36.876 -18.614 4.0206
v -36.553 -19.049 3.9559
v -36.365 -18.516 4.404
v -36.148 -18.824 4.1734
v -36.365 -18.516 4.404
v -36.553 -19.049 3.9559
v -37.883 -16.148 4.3912
v -37.587 -16.666 4.4262
v -37.534 -16.247 4.711
v -35.987 -14.912 -0.80297
v -35.891 -15.676 -1.2629
v -36.309 -15.147 -1.3154
v -43.071 -21.279 -18.081
v -42.613 -21.69 -18.716
v -42.831 -21.644 -17.808
v -34.896 -18.78 1.2954
v -35.377 -19.121 1.6089
v -35.186 -19.198 0.83461
v -40.428 -10.265 4.3496
v -40.33 -9.8108 3.5552
v -40.731 -9.7155 3.7762
v -34.833 -17.988 -1.8349
v -35.282 -16.536 -1.207
v -34.507 -17.53 -1.0268
v -40.237 -10.74 4.7154
v -40.428 -10.265 4.3496
v -40.864 -10.214 4.3262
v -40.952 -10.593 4.3068
v -40.237 -10.74 4.7154
v -40.864 -10.214 4.3262
v -34.134 -18.54 -1.3883
v -34.425 -18.931 -2.1288
v -34.833 -17.988 -1.8349
v -39.393 -13.221 4.5612
v -39.322 -12.567 4.9135
v -39.813 -12.839 4.3575
v -37.761 -12.476 -1.2844
v -37.421 -12.248 -0.82467
v -37.093 -13.205 -1.0024
v -40.804 -9.4763 3.1959
v -40.731 -9.7155 3.7762
v -40.33 -9.8108 3.5552
v -34.114 -18.75 -1.1339
v -34.245 -19.01 -1.5776
v -34.134 -18.54 -1.3883
v -39.103 -8.5368 -1.0463
v -38.741 -9.4149 -0.97947
v -39.275 -8.6863 -1.351
v -37.791 -11.533 -0.81206
v -37.421 -12.248 -0.82467
v -37.961 -11.913 -1.2459
v -36.512 -14.701 -1.2666
v -35.987 -14.912 -0.80297
v -36.309 -15.147 -1.3154
v -38.551 -14.915 4.4707
v -38.456 -15.609 4.2875
v -38.149 -14.855 4.8384
v -46.078 -16.235 -16.873
v -45.743 -16.879 -16.795
v -45.69 -16.944 -16.139
v -44.879 -18.368 -16.893
v -44.533 -18.911 -17.515
v -44.324 -19.344 -16.984
v -37.865 -15.863 4.5917
v -38.01 -15.538 4.6703
v -38.456 -15.609 4.2875
v -36.379 -19.392 3.582
v -36.148 -18.824 4.1734
v -36.553 -19.049 3.9559
v -39.591 -11.852 4.9892
v -40.183 -11.228 4.7447
v -40.406 -11.672 4.3552
v -39.103 -8.5368 -1.0463
v -39.542 -8.2528 -1.2308
v -39.279 -8.3051 -0.75189
v -34.425 -18.931 -2.1288
v -34.134 -18.54 -1.3883
v -34.245 -19.01 -1.5776
v -39.275 -8.6863 -1.351
v -39.542 -8.2528 -1.2308
v -39.103 -8.5368 -1.0463
v -36.007 -19.225 2.9408
v -35.536 -18.619 3.6072
v -36.379 -19.392 3.582
v -37.883 -16.148 4.3912
v -37.865 -15.863 4.5917
v -38.456 -15.609 4.2875
v -44.977 -18.219 -17.48
v -44.533 -18.911 -17.515
v -44.879 -18.368 -16.893
v -36.007 -19.225 2.9408
v -35.746 -19.253 2.1888
v -35.259 -18.732 2.4313
v -40.804 -9.4763 3.1959
v -39.961 -9.5515 2.1319
v -40.434 -9.2872 2.1237
v -45.478 -17.328 -16.422
v -45.331 -17.632 -16.976
v -45.312 -17.652 -16.619
v -45.743 -16.879 -16.795
v -45.331 -17.632 -16.976
v -45.478 -17.328 -16.422
v -38.452 -10.91 -1.3577
v -37.948 -10.828 -0.63234
v -38.138 -11.191 -1.0455
v -40.952 -10.593 4.3068
v -40.183 -11.228 4.7447
v -40.237 -10.74 4.7154
v -37.476 -17.828 3.8994
v -36.876 -18.614 4.0206
v -36.664 -17.895 4.5471
v -39.585 -8.3172 -0.65706
v -39.279 -8.3051 -0.75189
v -39.542 -8.2528 -1.2308
v -36.664 -17.895 4.5471
v -37.498 -17.263 4.1706
v -37.476 -17.828 3.8994
v -39.869 -9.0751 1.3941
v -39.867 -8.7077 0.50738
v -40.486 -8.9046 0.99125
v -48.5 -10.266 -17.862
v -48.917 -9.5752 -17.003
v -48.673 -9.7878 -17.822
v -37.961 -11.913 -1.2459
v -38.138 -11.191 -1.0455
v -37.791 -11.533 -0.81206
v -35.568 -19.481 1.2592
v -35.377 -19.121 1.6089
v -35.746 -19.253 2.1888
v -34.9 -19.092 0.13584
v -35.198 -19.488 -0.15194
v -34.381 -19.106 -0.92263
v -37.761 -12.476 -1.2844
v -37.093 -13.205 -1.0024
v -37.654 -12.919 -1.4335
v -47.296 -13.633 -16.573
v -46.87 -14.571 -16.429
v -47.074 -14.138 -16.01
v -39.275 -8.6863 -1.351
v -39.681 -8.1965 -1.6785
v -39.542 -8.2528 -1.2308
v -38.621 -10.062 -1.1573
v -39.192 -9.5594 -1.7082
v -38.741 -9.4149 -0.97947
v -39.542 -8.2528 -1.2308
v -40.041 -8.1376 -1.0072
v -39.585 -8.3172 -0.65706
v -39.52 -13.737 4.206
v -38.929 -13.658 4.7759
v -39.393 -13.221 4.5612
v -39.859 -8.5162 -0.18831
v -39.585 -8.3172 -0.65706
v -40.041 -8.1376 -1.0072
v -37.961 -11.913 -1.2459
v -37.421 -12.248 -0.82467
v -37.761 -12.476 -1.2844
v -39.317 -14.734 3.9765
v -38.551 -14.915 4.4707
v -38.935 -14.35 4.3922
v -34.381 -19.106 -0.92263
v -34.515 -19.351 -1.8356
v -34.245 -19.01 -1.5776
v -39.931 -12.381 4.4467
v -39.591 -11.852 4.9892
v -40.406 -11.672 4.3552
v -37.587 -16.666 4.4262
v -37.883 -16.148 4.3912
v -38.235 -16.312 4.0395
v -38.456 -15.609 4.2875
v -38.235 -16.312 4.0395
v -37.883 -16.148 4.3912
v -39.275 -8.6863 -1.351
v -38.741 -9.4149 -0.97947
v -39.192 -9.5594 -1.7082
v -40.804 -9.4763 3.1959
v -41.49 -9.5156 3.7972
v -40.731 -9.7155 3.7762
v -40.434 -9.2872 2.1237
v -41.026 -9.2994 2.7804
v -40.804 -9.4763 3.1959
v -40.428 -10.265 4.3496
v -40.731 -9.7155 3.7762
v -40.864 -10.214 4.3262
v -35.282 -16.536 -1.207
v -34.833 -17.988 -1.8349
v -35.721 -17.244 -2.2986
v -39.859 -7.948 -1.555
v -39.542 -8.2528 -1.2308
v -39.681 -8.1965 -1.6785
v -39.859 -7.948 -1.555
v -40.041 -8.1376 -1.0072
v -39.542 -8.2528 -1.2308
v -39.275 -8.6863 -1.351
v -39.192 -9.5594 -1.7082
v -39.456 -8.9059 -1.825
v -37.093 -13.205 -1.0024
v -36.99 -13.87 -1.3142
v -37.264 -13.355 -1.2758
v -38.935 -14.35 4.3922
v -38.929 -13.658 4.7759
v -39.52 -13.737 4.206
v -36.99 -13.87 -1.3142
v -36.502 -14.094 -0.85441
v -37.012 -14.412 -1.7355
v -34.425 -18.931 -2.1288
v -34.245 -19.01 -1.5776
v -34.365 -19.106 -1.9934
v -36.502 -14.094 -0.85441
v -36.512 -14.701 -1.2666
v -37.012 -14.412 -1.7355
v -40.486 -8.9046 0.99125
v -40.434 -9.2872 2.1237
v -39.869 -9.0751 1.3941
v -37.093 -13.205 -1.0024
v -37.264 -13.355 -1.2758
v -37.654 -12.919 -1.4335
v -35.186 -19.198 0.83461
v -35.377 -19.121 1.6089
v -35.568 -19.481 1.2592
v -37.587 -16.666 4.4262
v -38.235 -16.312 4.0395
v -38.143 -16.755 3.9285
v -38.621 -10.062 -1.1573
v -38.452 -10.91 -1.3577
v -38.853 -10.594 -1.7382
v -48.652 -10.305 -16.87
v -48.917 -9.5752 -17.003
v -48.5 -10.266 -17.862
v -40.183 -11.228 4.7447
v -40.952 -10.593 4.3068
v -40.925 -11.323 4.1036
v -39.988 -13.232 4.0779
v -39.393 -13.221 4.5612
v -39.813 -12.839 4.3575
v -48.132 -11.842 -16.673
v -48.351 -11.068 -16.578
v -48.236 -11.162 -17.427
v -35.568 -19.481 1.2592
v -35.746 -19.253 2.1888
v -36.151 -19.81 1.8393
v -39.681 -8.1965 -1.6785
v -39.275 -8.6863 -1.351
v -39.456 -8.9059 -1.825
v -39.317 -14.734 3.9765
v -38.887 -15.668 3.9052
v -38.551 -14.915 4.4707
v -38.456 -15.609 4.2875
v -38.551 -14.915 4.4707
v -38.887 -15.668 3.9052
v -48.655 -8.4288 -18.964
v -48.604 -9.3437 -18.497
v -48.883 -8.856 -18.223
v -34.245 -19.01 -1.5776
v -34.515 -19.351 -1.8356
v -34.365 -19.106 -1.9934
v -38.248 -11.847 -1.5883
v -38.452 -10.91 -1.3577
v -38.138 -11.191 -1.0455
v -38.138 -11.191 -1.0455
v -37.961 -11.913 -1.2459
v -38.248 -11.847 -1.5883
v -37.961 -11.913 -1.2459
v -37.761 -12.476 -1.2844
v -38.248 -11.847 -1.5883
v -35.891 -15.676 -1.2629
v -35.428 -15.939 -0.90425
v -36.014 -16.275 -1.8312
v -35.428 -15.939 -0.90425
v -35.282 -16.536 -1.207
v -36.014 -16.275 -1.8312
v -40.864 -10.214 4.3262
v -40.731 -9.7155 3.7762
v -41.49 -9.5156 3.7972
v -49.402 -7.7595 -17.64
v -48.883 -8.856 -18.223
v -49.165 -8.6115 -17.388
v -38.143 -16.755 3.9285
v -37.498 -17.263 4.1706
v -37.587 -16.666 4.4262
v -49.028 -7.8376 -18.605
v -48.883 -8.856 -18.223
v -49.402 -7.7595 -17.64
v -48.655 -8.4288 -18.964
v -47.706 -8.2681 -19.912
v -47.821 -10.207 -19.333
v -47.31 -11.03 -19.825
v -47.821 -10.207 -19.333
v -46.861 -10.024 -20.196
v -39.859 -8.5162 -0.18831
v -40.643 -8.6347 0.17303
v -39.867 -8.7077 0.50738
v -39.52 -13.737 4.206
v -39.393 -13.221 4.5612
v -39.988 -13.232 4.0779
v -36.553 -19.049 3.9559
v -36.876 -18.614 4.0206
v -36.809 -19.318 3.6289
v -39.317 -14.734 3.9765
v -38.935 -14.35 4.3922
v -39.52 -13.737 4.206
v -48.604 -9.3437 -18.497
v -48.655 -8.4288 -18.964
v -47.821 -10.207 -19.333
v -40.434 -9.2872 2.1237
v -40.486 -8.9046 0.99125
v -41.027 -9.0039 1.7236
v -40.925 -11.323 4.1036
v -40.406 -11.672 4.3552
v -40.183 -11.228 4.7447
v -41.026 -9.2994 2.7804
v -40.434 -9.2872 2.1237
v -41.027 -9.0039 1.7236
v -40.041 -8.1376 -1.0072
v -40.591 -8.2368 -0.62196
v -39.859 -8.5162 -0.18831
v -36.803 -14.885 -1.7522
v -36.512 -14.701 -1.2666
v -36.309 -15.147 -1.3154
v -34.381 -19.106 -0.92263
v -35.198 -19.488 -0.15194
v -35.261 -19.757 -0.66601
v -43.343 -19.203 -19.621
v -42.487 -20.95 -19.418
v -43.65 -19.919 -18.973
v -39.867 -8.7077 0.50738
v -40.643 -8.6347 0.17303
v -40.486 -8.9046 0.99125
v -34.833 -17.988 -1.8349
v -34.951 -18.626 -2.6612
v -35.268 -18.068 -2.4684
v -37.761 -12.476 -1.2844
v -37.654 -12.919 -1.4335
v -37.984 -12.783 -1.8497
v -39.859 -7.948 -1.555
v -40.379 -7.624 -1.3616
v -40.041 -8.1376 -1.0072
v -35.198 -19.488 -0.15194
v -34.9 -19.092 0.13584
v -35.186 -19.198 0.83461
v -37.654 -12.919 -1.4335
v -37.264 -13.355 -1.2758
v -37.711 -13.436 -1.9381
v -35.186 -19.198 0.83461
v -35.568 -19.481 1.2592
v -35.706 -19.779 0.69747
v -38.853 -10.594 -1.7382
v -39.192 -9.5594 -1.7082
v -38.621 -10.062 -1.1573
v -37.012 -14.412 -1.7355
v -36.512 -14.701 -1.2666
v -36.803 -14.885 -1.7522
v -37.264 -13.355 -1.2758
v -36.99 -13.87 -1.3142
v -37.464 -13.915 -1.9522
v -35.043 -19.742 -1.2388
v -34.381 -19.106 -0.92263
v -35.261 -19.757 -0.66601
v -35.746 -19.253 2.1888
v -36.007 -19.225 2.9408
v -36.463 -19.937 2.3498
v -45.887 -12.356 -20.13
v -45.466 -13.751 -20.162
v -46.52 -13.43 -19.406
v -37.476 -17.828 3.8994
v -37.498 -17.263 4.1706
v -38.03 -17.368 3.709
v -39.931 -12.381 4.4467
v -40.406 -11.672 4.3552
v -40.551 -12.339 4.0164
v -36.379 -19.392 3.582
v -36.553 -19.049 3.9559
v -36.809 -19.318 3.6289
v -38.235 -16.312 4.0395
v -38.456 -15.609 4.2875
v -38.887 -15.668 3.9052
v -35.721 -17.244 -2.2986
v -36.014 -16.275 -1.8312
v -35.282 -16.536 -1.207
v -42.068 -22.563 -18.233
v -42.613 -21.69 -18.716
v -41.877 -22.639 -18.754
v -41.706 -9.791 3.9364
v -40.864 -10.214 4.3262
v -41.49 -9.5156 3.7972
v -34.425 -18.931 -2.1288
v -34.951 -18.626 -2.6612
v -34.833 -17.988 -1.8349
v -37.711 -13.436 -1.9381
v -37.264 -13.355 -1.2758
v -37.464 -13.915 -1.9522
v -40.182 -7.4194 -1.9515
v -40.365 -7.384 -1.5882
v -40.379 -7.624 -1.3616
v -44.682 -14.852 -20.189
v -44.115 -16.293 -20.178
v -45.429 -15.085 -19.746
v -46.52 -13.43 -19.406
v -47.042 -12.128 -19.576
v -45.887 -12.356 -20.13
v -39.859 -7.948 -1.555
v -40.182 -7.4194 -1.9515
v -40.379 -7.624 -1.3616
v -47.042 -12.128 -19.576
v -46.64 -11.52 -19.957
v -45.887 -12.356 -20.13
v -40.804 -9.4763 3.1959
v -41.026 -9.2994 2.7804
v -41.872 -9.0168 3.1888
v -40.182 -7.4194 -1.9515
v -39.859 -7.948 -1.555
v -40.076 -7.7386 -2.0272
v -39.859 -8.5162 -0.18831
v -40.591 -8.2368 -0.62196
v -40.643 -8.6347 0.17303
v -41.49 -9.5156 3.7972
v -40.804 -9.4763 3.1959
v -41.872 -9.0168 3.1888
v -38.248 -11.847 -1.5883
v -37.761 -12.476 -1.2844
v -38.225 -12.349 -1.8327
v -39.681 -8.1965 -1.6785
v -40.076 -7.7386 -2.0272
v -39.859 -7.948 -1.555
v -41.877 -22.639 -18.754
v -42.613 -21.69 -18.716
v -42.222 -21.833 -19.115
v -38.225 -12.349 -1.8327
v -37.761 -12.476 -1.2844
v -37.984 -12.783 -1.8497
v -42.487 -20.95 -19.418
v -42.222 -21.833 -19.115
v -42.613 -21.69 -18.716
v -39.681 -8.1965 -1.6785
v -39.456 -8.9059 -1.825
v -39.816 -8.723 -2.2089
v -36.151 -19.81 1.8393
v -35.746 -19.253 2.1888
v -36.463 -19.937 2.3498
v -42.831 -21.644 -17.808
v -43.356 -20.843 -17.711
v -43.071 -21.279 -18.081
v -35.198 -19.488 -0.15194
v -35.186 -19.198 0.83461
v -35.706 -19.779 0.69747
v -39.813 -12.839 4.3575
v -39.931 -12.381 4.4467
v -40.551 -12.339 4.0164
v -38.03 -17.368 3.709
v -37.498 -17.263 4.1706
v -38.143 -16.755 3.9285
v -36.876 -18.614 4.0206
v -37.476 -17.828 3.8994
v -37.558 -18.55 3.4067
v -36.379 -19.392 3.582
v -36.809 -19.318 3.6289
v -36.771 -19.691 3.2315
v -41.026 -9.2994 2.7804
v -41.027 -9.0039 1.7236
v -41.432 -8.9181 1.7905
v -45.743 -16.879 -16.795
v -45.478 -17.328 -16.422
v -45.69 -16.944 -16.139
v -40.182 -7.4194 -1.9515
v -40.381 -7.1583 -2.1311
v -40.509 -6.8124 -1.8989
v -39.988 -13.232 4.0779
v -39.813 -12.839 4.3575
v -40.551 -12.339 4.0164
v -40.182 -7.4194 -1.9515
v -40.509 -6.8124 -1.8989
v -40.365 -7.384 -1.5882
v -48.652 -10.305 -16.87
v -48.236 -11.162 -17.427
v -48.351 -11.068 -16.578
v -40.365 -7.384 -1.5882
v -40.509 -6.8124 -1.8989
v -40.544 -7.0941 -1.5504
v -40.544 -7.0941 -1.5504
v -40.509 -6.8124 -1.8989
v -40.75 -6.7355 -1.6198
v -38.452 -10.91 -1.3577
v -38.248 -11.847 -1.5883
v -38.81 -11.103 -1.8631
v -35.721 -17.244 -2.2986
v -34.833 -17.988 -1.8349
v -35.268 -18.068 -2.4684
v -41.29 -8.6981 0.90793
v -41.027 -9.0039 1.7236
v -40.486 -8.9046 0.99125
v -39.192 -9.5594 -1.7082
v -38.853 -10.594 -1.7382
v -39.24 -10.223 -2.1251
v -36.309 -15.147 -1.3154
v -35.891 -15.676 -1.2629
v -36.784 -15.392 -2.155
v -34.425 -18.931 -2.1288
v -34.365 -19.106 -1.9934
v -34.515 -19.351 -1.8356
v -40.925 -11.323 4.1036
v -40.952 -10.593 4.3068
v -41.365 -11.002 3.853
v -36.649 -19.884 2.9557
v -36.379 -19.392 3.582
v -36.771 -19.691 3.2315
v -34.515 -19.351 -1.8356
v -34.381 -19.106 -0.92263
v -35.043 -19.742 -1.2388
v -36.876 -18.614 4.0206
v -37.151 -19.274 3.3144
v -36.809 -19.318 3.6289
v -36.007 -19.225 2.9408
v -36.379 -19.392 3.582
v -36.649 -19.884 2.9557
v -41.706 -9.791 3.9364
v -40.952 -10.593 4.3068
v -40.864 -10.214 4.3262
v -36.014 -16.275 -1.8312
v -36.784 -15.392 -2.155
v -35.891 -15.676 -1.2629
v -39.681 -8.1965 -1.6785
v -39.816 -8.723 -2.2089
v -40.157 -8.3398 -2.5578
v -40.406 -11.672 4.3552
v -40.925 -11.323 4.1036
v -41.061 -11.872 3.7825
v -40.551 -12.339 4.0164
v -40.406 -11.672 4.3552
v -41.061 -11.872 3.7825
v -41.026 -9.2994 2.7804
v -41.432 -8.9181 1.7905
v -41.853 -8.9634 2.5344
v -40.75 -6.7355 -1.6198
v -40.951 -6.2951 -1.7549
v -40.924 -6.6601 -1.5024
v -40.509 -6.8124 -1.8989
v -40.951 -6.2951 -1.7549
v -40.75 -6.7355 -1.6198
v -41.853 -8.9634 2.5344
v -41.872 -9.0168 3.1888
v -41.026 -9.2994 2.7804
v -40.75 -6.7355 -1.6198
v -40.861 -6.9601 -1.3707
v -40.544 -7.0941 -1.5504
v -40.952 -10.593 4.3068
v -41.706 -9.791 3.9364
v -41.714 -10.468 3.7375
v -41.714 -10.468 3.7375
v -41.365 -11.002 3.853
v -40.952 -10.593 4.3068
v -40.041 -8.1376 -1.0072
v -40.379 -7.624 -1.3616
v -40.591 -8.2368 -0.62196
v -43.356 -20.843 -17.711
v -43.86 -20.129 -16.987
v -44.036 -19.869 -17.184
v -39.52 -13.737 4.206
v -39.988 -13.232 4.0779
v -40.22 -13.651 3.7194
v -38.853 -10.594 -1.7382
v -38.452 -10.91 -1.3577
v -38.81 -11.103 -1.8631
v -46.337 -15.683 -16.405
v -46.87 -14.571 -16.429
v -46.537 -15.228 -16.78
v -37.711 -13.436 -1.9381
v -37.984 -12.783 -1.8497
v -37.654 -12.919 -1.4335
v -40.379 -7.624 -1.3616
v -40.365 -7.384 -1.5882
v -40.861 -6.9601 -1.3707
v -37.012 -14.412 -1.7355
v -37.464 -13.915 -1.9522
v -36.99 -13.87 -1.3142
v -38.03 -17.368 3.709
v -38.143 -16.755 3.9285
v -38.475 -16.941 3.5319
v -36.649 -19.884 2.9557
v -36.463 -19.937 2.3498
v -36.007 -19.225 2.9408
v -36.876 -18.614 4.0206
v -37.558 -18.55 3.4067
v -37.151 -19.274 3.3144
v -40.365 -7.384 -1.5882
v -40.544 -7.0941 -1.5504
v -40.861 -6.9601 -1.3707
v -36.803 -14.885 -1.7522
v -36.309 -15.147 -1.3154
v -36.784 -15.392 -2.155
v -37.151 -19.274 3.3144
v -36.771 -19.691 3.2315
v -36.809 -19.318 3.6289
v -36.784 -15.392 -2.155
v -36.014 -16.275 -1.8312
v -36.192 -16.76 -2.5857
v -35.721 -17.244 -2.2986
v -36.192 -16.76 -2.5857
v -36.014 -16.275 -1.8312
v -38.81 -11.103 -1.8631
v -38.248 -11.847 -1.5883
v -38.674 -11.82 -2.099
v -40.75 -6.7355 -1.6198
v -40.924 -6.6601 -1.5024
v -40.861 -6.9601 -1.3707
v -40.884 -6.3292 -2.2069
v -40.509 -6.8124 -1.8989
v -40.639 -6.881 -2.31
v -47.621 -13.041 -16.405
v -47.296 -13.633 -16.573
v -47.436 -13.283 -15.961
v -40.509 -6.8124 -1.8989
v -40.381 -7.1583 -2.1311
v -40.639 -6.881 -2.31
v -35.706 -19.779 0.69747
v -35.568 -19.481 1.2592
v -36.185 -20.058 1.1538
v -44.83 -18.449 -16.067
v -45.167 -17.907 -16.646
v -44.879 -18.368 -16.893
v -39.317 -14.734 3.9765
v -39.52 -13.737 4.206
v -39.664 -14.619 3.7334
v -34.593 -19.228 -2.6389
v -34.425 -18.931 -2.1288
v -34.515 -19.351 -1.8356
v -36.151 -19.81 1.8393
v -36.185 -20.058 1.1538
v -35.568 -19.481 1.2592
v -40.998 -7.2174 -1.0712
v -40.379 -7.624 -1.3616
v -40.861 -6.9601 -1.3707
v -34.515 -19.351 -1.8356
v -35.043 -19.742 -1.2388
v -34.817 -19.62 -1.945
v -38.143 -16.755 3.9285
v -38.235 -16.312 4.0395
v -38.74 -16.697 3.4407
v -40.486 -8.9046 0.99125
v -40.643 -8.6347 0.17303
v -41.29 -8.6981 0.90793
v -40.509 -6.8124 -1.8989
v -40.884 -6.3292 -2.2069
v -40.951 -6.2951 -1.7549
v -34.951 -18.626 -2.6612
v -34.425 -18.931 -2.1288
v -34.593 -19.228 -2.6389
v -40.471 -7.7721 -2.6086
v -40.381 -7.1583 -2.1311
v -40.182 -7.4194 -1.9515
v -37.012 -14.412 -1.7355
v -36.803 -14.885 -1.7522
v -37.048 -15.016 -2.2611
v -40.076 -7.7386 -2.0272
v -40.471 -7.7721 -2.6086
v -40.182 -7.4194 -1.9515
v -36.784 -15.392 -2.155
v -37.048 -15.016 -2.2611
v -36.803 -14.885 -1.7522
v -47.621 -13.041 -16.405
v -47.846 -12.542 -16.052
v -48.132 -11.842 -16.673
v -41.517 -6.4255 -1.3929
v -40.861 -6.9601 -1.3707
v -40.924 -6.6601 -1.5024
v -41.517 -6.4255 -1.3929
v -40.924 -6.6601 -1.5024
v -40.951 -6.2951 -1.7549
v -47.995 -11.975 -15.762
v -48.132 -11.842 -16.673
v -47.846 -12.542 -16.052
v -40.884 -6.3292 -2.2069
v -40.639 -6.881 -2.31
v -40.986 -6.5597 -2.567
v -40.076 -7.7386 -2.0272
v -39.681 -8.1965 -1.6785
v -40.157 -8.3398 -2.5578
v -40.639 -6.881 -2.31
v -40.381 -7.1583 -2.1311
v -40.813 -7.0513 -2.6433
v -39.456 -8.9059 -1.825
v -39.192 -9.5594 -1.7082
v -39.635 -9.4858 -2.4361
v -35.261 -19.757 -0.66601
v -35.198 -19.488 -0.15194
v -35.609 -20.086 -0.22494
v -49.028 -7.8376 -18.605
v -48.655 -8.4288 -18.964
v -48.883 -8.856 -18.223
v -40.998 -7.2174 -1.0712
v -41.129 -7.6995 -0.71814
v -40.379 -7.624 -1.3616
v -37.558 -18.55 3.4067
v -37.476 -17.828 3.8994
v -38.005 -17.977 3.3278
v -35.706 -19.779 0.69747
v -35.609 -20.086 -0.22494
v -35.198 -19.488 -0.15194
v -47.296 -13.633 -16.573
v -47.074 -14.138 -16.01
v -47.436 -13.283 -15.961
v -40.379 -7.624 -1.3616
v -41.129 -7.6995 -0.71814
v -40.591 -8.2368 -0.62196
v -48.652 -10.305 -16.87
v -48.351 -11.068 -16.578
v -48.546 -10.489 -15.832
v -40.951 -6.2951 -1.7549
v -41.266 -5.8169 -2.4011
v -41.484 -5.9616 -1.8919
v -37.464 -13.915 -1.9522
v -37.012 -14.412 -1.7355
v -37.635 -14.243 -2.4608
v -40.471 -7.7721 -2.6086
v -40.813 -7.0513 -2.6433
v -40.381 -7.1583 -2.1311
v -37.635 -14.243 -2.4608
v -37.012 -14.412 -1.7355
v -37.048 -15.016 -2.2611
v -36.463 -19.937 2.3498
v -36.57 -20.186 1.8293
v -36.151 -19.81 1.8393
v -38.887 -15.668 3.9052
v -39.317 -14.734 3.9765
v -39.602 -15.11 3.5586
v -38.235 -16.312 4.0395
v -38.887 -15.668 3.9052
v -38.74 -16.697 3.4407
v -36.649 -19.884 2.9557
v -36.771 -19.691 3.2315
v -36.963 -20.011 2.8269
v -38.475 -16.941 3.5319
v -38.143 -16.755 3.9285
v -38.74 -16.697 3.4407
v -38.225 -12.349 -1.8327
v -38.674 -11.82 -2.099
v -38.248 -11.847 -1.5883
v -47.995 -11.975 -15.762
v -48.351 -11.068 -16.578
v -48.132 -11.842 -16.673
v -38.457 -17.425 3.242
v -38.005 -17.977 3.3278
v -38.03 -17.368 3.709
v -36.771 -19.691 3.2315
v -37.151 -19.274 3.3144
v -37.156 -19.824 2.9532
v -37.476 -17.828 3.8994
v -38.03 -17.368 3.709
v -38.005 -17.977 3.3278
v -40.643 -8.6347 0.17303
v -41.278 -8.3591 0.28301
v -41.29 -8.6981 0.90793
v -40.884 -6.3292 -2.2069
v -41.266 -5.8169 -2.4011
v -40.951 -6.2951 -1.7549
v -44.879 -18.368 -16.893
v -44.324 -19.344 -16.984
v -44.35 -19.288 -16.304
v -41.49 -9.5156 3.7972
v -41.872 -9.0168 3.1888
v -42.526 -9.2595 3.3433
v -41.706 -9.791 3.9364
v -41.49 -9.5156 3.7972
v -42.526 -9.2595 3.3433
v -42.115 -9.9384 3.5346
v -41.714 -10.468 3.7375
v -41.706 -9.791 3.9364
v -34.684 -19.303 -2.9744
v -34.951 -18.626 -2.6612
v -34.593 -19.228 -2.6389
v -45.167 -17.907 -16.646
v -45.287 -17.638 -16.071
v -45.312 -17.652 -16.619
v -41.725 -7.0644 -0.73603
v -40.861 -6.9601 -1.3707
v -41.517 -6.4255 -1.3929
v -40.998 -7.2174 -1.0712
v -40.861 -6.9601 -1.3707
v -41.725 -7.0644 -0.73603
v -41.432 -8.9181 1.7905
v -41.027 -9.0039 1.7236
v -41.29 -8.6981 0.90793
v -45.478 -17.328 -16.422
v -45.312 -17.652 -16.619
v -45.287 -17.638 -16.071
v -41.129 -7.6995 -0.71814
v -41.37 -8.026 -0.25878
v -40.591 -8.2368 -0.62196
v -39.456 -8.9059 -1.825
v -39.635 -9.4858 -2.4361
v -39.816 -8.723 -2.2089
v -39.635 -9.4858 -2.4361
v -39.192 -9.5594 -1.7082
v -39.24 -10.223 -2.1251
v -40.951 -6.2951 -1.7549
v -41.484 -5.9616 -1.8919
v -41.517 -6.4255 -1.3929
v -46.87 -14.571 -16.429
v -46.337 -15.683 -16.405
v -46.602 -15.025 -15.544
v -40.471 -7.7721 -2.6086
v -40.076 -7.7386 -2.0272
v -40.157 -8.3398 -2.5578
v -43.86 -20.129 -16.987
v -43.356 -20.843 -17.711
v -43.487 -20.647 -16.638
v -40.643 -8.6347 0.17303
v -40.591 -8.2368 -0.62196
v -41.278 -8.3591 0.28301
v -38.74 -16.697 3.4407
v -38.887 -15.668 3.9052
v -39.421 -16.132 3.0884
v -34.515 -19.351 -1.8356
v -34.8 -19.894 -2.6511
v -34.593 -19.228 -2.6389
v -34.817 -19.62 -1.945
v -34.8 -19.894 -2.6511
v -34.515 -19.351 -1.8356
v -35.609 -20.086 -0.22494
v -35.706 -19.779 0.69747
v -35.955 -20.265 0.22651
v -39.988 -13.232 4.0779
v -40.551 -12.339 4.0164
v -40.782 -12.876 3.5591
v -36.963 -20.011 2.8269
v -36.771 -19.691 3.2315
v -37.156 -19.824 2.9532
v -36.192 -16.76 -2.5857
v -36.751 -15.986 -2.6575
v -36.784 -15.392 -2.155
v -39.065 -11.288 -2.4624
v -38.853 -10.594 -1.7382
v -38.81 -11.103 -1.8631
v -42.613 -21.69 -18.716
v -42.068 -22.563 -18.233
v -42.831 -21.644 -17.808
v -40.782 -12.876 3.5591
v -40.551 -12.339 4.0164
v -41.061 -11.872 3.7825
v -46.928 -14.297 -15.437
v -46.87 -14.571 -16.429
v -46.602 -15.025 -15.544
v -41.853 -8.9634 2.5344
v -42.394 -8.6844 2.9294
v -41.872 -9.0168 3.1888
v -40.591 -8.2368 -0.62196
v -41.37 -8.026 -0.25878
v -41.278 -8.3591 0.28301
v -38.674 -11.82 -2.099
v -39.065 -11.288 -2.4624
v -38.81 -11.103 -1.8631
v -46.602 -15.025 -15.544
v -46.337 -15.683 -16.405
v -46.329 -15.613 -15.81
v -40.153 -8.8396 -2.8786
v -40.157 -8.3398 -2.5578
v -39.816 -8.723 -2.2089
v -36.463 -19.937 2.3498
v -36.649 -19.884 2.9557
v -36.898 -20.195 2.5504
v -36.898 -20.195 2.5504
v -36.649 -19.884 2.9557
v -36.963 -20.011 2.8269
v -38.674 -11.82 -2.099
v -38.225 -12.349 -1.8327
v -38.614 -12.391 -2.4526
v -38.225 -12.349 -1.8327
v -37.984 -12.783 -1.8497
v -38.614 -12.391 -2.4526
v -39.664 -14.619 3.7334
v -39.52 -13.737 4.206
v -40.22 -13.651 3.7194
v -34.817 -19.62 -1.945
v -35.043 -19.742 -1.2388
v -35.285 -20.226 -1.8456
v -39.317 -14.734 3.9765
v -39.664 -14.619 3.7334
v -39.602 -15.11 3.5586
v -45.69 -16.944 -16.139
v -45.926 -16.429 -15.831
v -46.078 -16.235 -16.873
v -46.928 -14.297 -15.437
v -47.074 -14.138 -16.01
v -46.87 -14.571 -16.429
v -45.926 -16.429 -15.831
v -46.337 -15.683 -16.405
v -46.078 -16.235 -16.873
v -40.986 -6.5597 -2.567
v -40.639 -6.881 -2.31
v -40.813 -7.0513 -2.6433
v -35.955 -20.265 0.22651
v -35.706 -19.779 0.69747
v -36.185 -20.058 1.1538
v -36.57 -20.186 1.8293
v -36.185 -20.058 1.1538
v -36.151 -19.81 1.8393
v -41.432 -8.9181 1.7905
v -41.29 -8.6981 0.90793
v -41.747 -8.4042 0.8485
v -39.635 -9.4858 -2.4361
v -39.24 -10.223 -2.1251
v -39.387 -10.691 -2.6555
v -41.929 -8.6209 1.7165
v -41.432 -8.9181 1.7905
v -41.747 -8.4042 0.8485
v -41.714 -10.468 3.7375
v -41.656 -11.227 3.3933
v -41.365 -11.002 3.853
v -41.484 -5.9616 -1.8919
v -41.266 -5.8169 -2.4011
v -41.808 -5.4753 -2.3826
v -39.24 -10.223 -2.1251
v -38.853 -10.594 -1.7382
v -39.065 -11.288 -2.4624
v -36.751 -15.986 -2.6575
v -36.982 -15.74 -2.7766
v -36.784 -15.392 -2.155
v -41.061 -11.872 3.7825
v -40.925 -11.323 4.1036
v -41.365 -11.002 3.853
v -41.929 -8.6209 1.7165
v -41.853 -8.9634 2.5344
v -41.432 -8.9181 1.7905
v -41.877 -22.639 -18.754
v -42.222 -21.833 -19.115
v -41.435 -22.489 -19.526
v -39.849 -9.6252 -2.7724
v -39.816 -8.723 -2.2089
v -39.635 -9.4858 -2.4361
v -41.129 -7.6995 -0.71814
v -40.998 -7.2174 -1.0712
v -41.725 -7.0644 -0.73603
v -42.295 -8.5294 2.1564
v -42.394 -8.6844 2.9294
v -41.853 -8.9634 2.5344
v -40.782 -12.876 3.5591
v -40.22 -13.651 3.7194
v -39.988 -13.232 4.0779
v -44.682 -14.852 -20.189
v -45.429 -15.085 -19.746
v -45.466 -13.751 -20.162
v -34.951 -18.626 -2.6612
v -34.684 -19.303 -2.9744
v -35.215 -18.73 -3.1573
v -34.717 -19.745 -3.5314
v -34.684 -19.303 -2.9744
v -34.692 -19.875 -3.194
v -34.684 -19.303 -2.9744
v -34.593 -19.228 -2.6389
v -34.8 -19.894 -2.6511
v -35.261 -19.757 -0.66601
v -35.568 -20.235 -1.1308
v -35.043 -19.742 -1.2388
v -38.475 -16.941 3.5319
v -38.457 -17.425 3.242
v -38.03 -17.368 3.709
v -48.655 -8.4288 -18.964
v -49.028 -7.8376 -18.605
v -48.369 -7.0637 -19.64
v -47.706 -8.2681 -19.912
v -46.861 -10.024 -20.196
v -47.821 -10.207 -19.333
v -37.048 -15.016 -2.2611
v -37.732 -14.643 -2.9008
v -37.635 -14.243 -2.4608
v -49.165 -8.6115 -17.388
v -48.917 -9.5752 -17.003
v -49.187 -8.5686 -16.037
v -42.065 -6.5165 -1.0838
v -41.725 -7.0644 -0.73603
v -41.517 -6.4255 -1.3929
v -49.336 -6.8103 -18.624
v -49.028 -7.8376 -18.605
v -49.402 -7.7595 -17.64
v -36.982 -15.74 -2.7766
v -37.048 -15.016 -2.2611
v -36.784 -15.392 -2.155
v -41.853 -8.9634 2.5344
v -41.929 -8.6209 1.7165
v -42.295 -8.5294 2.1564
v -41.278 -8.3591 0.28301
v -41.747 -8.4042 0.8485
v -41.29 -8.6981 0.90793
v -42.487 -20.95 -19.418
v -43.343 -19.203 -19.621
v -42.227 -19.962 -20.11
v -49.603 -6.6652 -17.862
v -49.336 -6.8103 -18.624
v -49.402 -7.7595 -17.64
v -41.061 -11.872 3.7825
v -41.365 -11.002 3.853
v -41.656 -11.227 3.3933
v -43.436 -18.18 -20.05
v -42.227 -19.962 -20.11
v -43.343 -19.203 -19.621
v -39.065 -11.288 -2.4624
v -39.387 -10.691 -2.6555
v -39.24 -10.223 -2.1251
v -36.751 -15.986 -2.6575
v -36.192 -16.76 -2.5857
v -36.629 -16.572 -3.0251
v -41.435 -22.489 -19.526
v -42.222 -21.833 -19.115
v -41.942 -21.004 -19.929
v -39.664 -14.619 3.7334
v -40.22 -13.651 3.7194
v -40.13 -14.356 3.3486
v -38.614 -12.391 -2.4526
v -37.984 -12.783 -1.8497
v -38.468 -12.822 -2.5875
v -38.468 -12.822 -2.5875
v -37.711 -13.436 -1.9381
v -38.067 -13.539 -2.4922
v -37.711 -13.436 -1.9381
v -38.468 -12.822 -2.5875
v -37.984 -12.783 -1.8497
v -35.721 -17.244 -2.2986
v -35.268 -18.068 -2.4684
v -36.203 -17.61 -3.4197
v -38.887 -15.668 3.9052
v -39.602 -15.11 3.5586
v -39.929 -15.454 2.9707
v -37.464 -13.915 -1.9522
v -38.067 -13.539 -2.4922
v -37.711 -13.436 -1.9381
v -39.421 -16.132 3.0884
v -38.887 -15.668 3.9052
v -39.929 -15.454 2.9707
v -36.192 -16.76 -2.5857
v -35.721 -17.244 -2.2986
v -36.152 -17.283 -3.0171
v -41.942 -21.004 -19.929
v -42.222 -21.833 -19.115
v -42.487 -20.95 -19.418
v -34.692 -19.875 -3.194
v -34.684 -19.303 -2.9744
v -34.8 -19.894 -2.6511
v -41.877 -22.639 -18.754
v -41.435 -22.489 -19.526
v -41.675 -22.922 -18.618
v -42.227 -19.962 -20.11
v -41.942 -21.004 -19.929
v -42.487 -20.95 -19.418
v -35.268 -18.068 -2.4684
v -35.215 -18.73 -3.1573
v -36.203 -17.61 -3.4197
v -34.951 -18.626 -2.6612
v -35.215 -18.73 -3.1573
v -35.268 -18.068 -2.4684
v -44.663 -16.833 -19.667
v -44.115 -16.293 -20.178
v -43.436 -18.18 -20.05
v -41.872 -9.0168 3.1888
v -42.394 -8.6844 2.9294
v -42.526 -9.2595 3.3433
v -41.757 -5.3133 -2.8026
v -41.808 -5.4753 -2.3826
v -41.266 -5.8169 -2.4011
v -41.706 -9.791 3.9364
v -42.526 -9.2595 3.3433
v -42.115 -9.9384 3.5346
v -39.849 -9.6252 -2.7724
v -40.153 -8.8396 -2.8786
v -39.816 -8.723 -2.2089
v -37.635 -14.243 -2.4608
v -38.067 -13.539 -2.4922
v -37.464 -13.915 -1.9522
v -48.968 -9.221 -16.31
v -48.917 -9.5752 -17.003
v -48.652 -10.305 -16.87
v -41.129 -7.6995 -0.71814
v -41.725 -7.0644 -0.73603
v -41.959 -7.4863 -0.31433
v -40.986 -6.5597 -2.567
v -41.46 -6.5934 -3.3542
v -40.884 -6.3292 -2.2069
v -40.471 -7.7721 -2.6086
v -40.86 -7.6721 -3.2046
v -40.813 -7.0513 -2.6433
v -41.37 -8.026 -0.25878
v -41.129 -7.6995 -0.71814
v -41.959 -7.4863 -0.31433
v -37.062 -20.562 2.0435
v -36.57 -20.186 1.8293
v -36.463 -19.937 2.3498
v -35.285 -20.226 -1.8456
v -34.8 -19.894 -2.6511
v -34.817 -19.62 -1.945
v -45.926 -16.429 -15.831
v -46.329 -15.613 -15.81
v -46.337 -15.683 -16.405
v -39.387 -10.691 -2.6555
v -39.849 -9.6252 -2.7724
v -39.635 -9.4858 -2.4361
v -35.568 -20.235 -1.1308
v -35.285 -20.226 -1.8456
v -35.043 -19.742 -1.2388
v -40.782 -12.876 3.5591
v -40.838 -13.214 3.2388
v -40.22 -13.651 3.7194
v -37.558 -18.55 3.4067
v -38.005 -17.977 3.3278
v -38.225 -18.048 3.05
v -38.74 -16.697 3.4407
v -39.421 -16.132 3.0884
v -39.121 -16.62 3.0429
v -36.898 -20.195 2.5504
v -36.963 -20.011 2.8269
v -37.129 -20.214 2.5595
v -38.225 -18.048 3.05
v -38.005 -17.977 3.3278
v -38.457 -17.425 3.242
v -37.635 -14.243 -2.4608
v -38.039 -13.888 -2.8306
v -38.067 -13.539 -2.4922
v -34.8 -19.894 -2.6511
v -34.949 -20.257 -2.8502
v -34.692 -19.875 -3.194
v -35.285 -20.226 -1.8456
v -34.949 -20.257 -2.8502
v -34.8 -19.894 -2.6511
v -41.266 -5.8169 -2.4011
v -40.884 -6.3292 -2.2069
v -41.46 -6.5934 -3.3542
v -41.684 -6.1236 -3.4507
v -41.266 -5.8169 -2.4011
v -41.46 -6.5934 -3.3542
v -41.278 -8.3591 0.28301
v -41.37 -8.026 -0.25878
v -41.959 -7.4863 -0.31433
v -41.747 -8.4042 0.8485
v -42.158 -8.1591 1.2669
v -41.929 -8.6209 1.7165
v -42.03 -7.8397 0.37831
v -41.278 -8.3591 0.28301
v -41.959 -7.4863 -0.31433
v -48.546 -10.489 -15.832
v -48.351 -11.068 -16.578
v -48.274 -11.22 -15.841
v -36.982 -15.74 -2.7766
v -37.731 -14.936 -3.2579
v -37.048 -15.016 -2.2611
v -41.929 -8.6209 1.7165
v -42.158 -8.1591 1.2669
v -42.295 -8.5294 2.1564
v -35.609 -20.086 -0.22494
v -35.568 -20.235 -1.1308
v -35.261 -19.757 -0.66601
v -41.278 -8.3591 0.28301
v -42.03 -7.8397 0.37831
v -41.747 -8.4042 0.8485
v -41.808 -5.4753 -2.3826
v -42.359 -5.958 -1.7775
v -41.484 -5.9616 -1.8919
v -41.517 -6.4255 -1.3929
v -41.484 -5.9616 -1.8919
v -42.359 -5.958 -1.7775
v -40.986 -6.5597 -2.567
v -40.813 -7.0513 -2.6433
v -41.331 -7.0878 -3.4728
v -42.295 -8.5294 2.1564
v -42.824 -8.1155 2.352
v -42.394 -8.6844 2.9294
v -38.74 -16.697 3.4407
v -38.782 -17.268 2.9945
v -38.475 -16.941 3.5319
v -38.457 -17.425 3.242
v -38.475 -16.941 3.5319
v -38.782 -17.268 2.9945
v -35.721 -17.244 -2.2986
v -36.203 -17.61 -3.4197
v -36.152 -17.283 -3.0171
v -42.114 -10.6 3.1785
v -41.714 -10.468 3.7375
v -42.115 -9.9384 3.5346
v -47.995 -11.975 -15.762
v -48.274 -11.22 -15.841
v -48.351 -11.068 -16.578
v -40.471 -7.7721 -2.6086
v -40.157 -8.3398 -2.5578
v -40.635 -8.4225 -3.3261
v -37.156 -19.824 2.9532
v -37.151 -19.274 3.3144
v -37.723 -19.452 2.6242
v -39.065 -11.288 -2.4624
v -38.674 -11.82 -2.099
v -38.976 -11.987 -2.8299
v -38.674 -11.82 -2.099
v -38.614 -12.391 -2.4526
v -38.976 -11.987 -2.8299
v -34.692 -19.875 -3.194
v -34.691 -20.02 -3.5786
v -34.717 -19.745 -3.5314
v -36.963 -20.011 2.8269
v -37.156 -19.824 2.9532
v -37.129 -20.214 2.5595
v -36.898 -20.195 2.5504
v -37.062 -20.562 2.0435
v -36.463 -19.937 2.3498
v -44.83 -18.449 -16.067
v -45.287 -17.638 -16.071
v -45.167 -17.907 -16.646
v -41.266 -5.8169 -2.4011
v -41.675 -5.6914 -3.1537
v -41.757 -5.3133 -2.8026
v -41.675 -5.6914 -3.1537
v -41.266 -5.8169 -2.4011
v -41.684 -6.1236 -3.4507
v -42.394 -8.6844 2.9294
v -42.889 -8.7998 2.9767
v -42.526 -9.2595 3.3433
v -35.425 -19.002 -3.7899
v -35.215 -18.73 -3.1573
v -34.684 -19.303 -2.9744
v -34.684 -19.303 -2.9744
v -34.717 -19.745 -3.5314
v -35.425 -19.002 -3.7899
v -42.03 -7.8397 0.37831
v -42.158 -8.1591 1.2669
v -41.747 -8.4042 0.8485
v -39.849 -9.6252 -2.7724
v -39.387 -10.691 -2.6555
v -39.842 -10.207 -3.204
v -42.295 -8.5294 2.1564
v -42.158 -8.1591 1.2669
v -42.607 -8.0001 1.5606
v -41.46 -6.5934 -3.3542
v -40.986 -6.5597 -2.567
v -41.331 -7.0878 -3.4728
v -40.782 -12.876 3.5591
v -41.061 -11.872 3.7825
v -41.593 -12.137 2.984
v -41.19 -12.813 3.0901
v -40.782 -12.876 3.5591
v -41.593 -12.137 2.984
v -39.387 -10.691 -2.6555
v -39.065 -11.288 -2.4624
v -39.198 -11.352 -2.802
v -40.838 -13.214 3.2388
v -40.761 -13.924 2.9361
v -40.22 -13.651 3.7194
v -47.846 -12.542 -16.052
v -47.621 -13.041 -16.405
v -47.436 -13.283 -15.961
v -40.13 -14.356 3.3486
v -40.22 -13.651 3.7194
v -40.761 -13.924 2.9361
v -44.83 -18.449 -16.067
v -44.879 -18.368 -16.893
v -44.35 -19.288 -16.304
v -39.664 -14.619 3.7334
v -40.295 -14.719 2.9683
v -39.602 -15.11 3.5586
v -35.609 -20.086 -0.22494
v -35.778 -20.367 -0.76495
v -35.568 -20.235 -1.1308
v -43.356 -20.843 -17.711
v -42.831 -21.644 -17.808
v -43.021 -21.338 -16.955
v -35.778 -20.367 -0.76495
v -35.609 -20.086 -0.22494
v -35.955 -20.265 0.22651
v -37.558 -18.55 3.4067
v -38.225 -18.048 3.05
v -37.97 -18.834 2.8291
v -37.151 -19.274 3.3144
v -37.558 -18.55 3.4067
v -37.97 -18.834 2.8291
v -37.723 -19.452 2.6242
v -37.151 -19.274 3.3144
v -37.97 -18.834 2.8291
v -36.57 -20.186 1.8293
v -36.735 -20.626 1.1436
v -36.185 -20.058 1.1538
v -41.656 -11.227 3.3933
v -41.714 -10.468 3.7375
v -42.114 -10.6 3.1785
v -44.324 -19.344 -16.984
v -44.036 -19.869 -17.184
v -44.35 -19.288 -16.304
v -43.487 -20.647 -16.638
v -43.356 -20.843 -17.711
v -43.021 -21.338 -16.955
v -40.635 -8.4225 -3.3261
v -40.157 -8.3398 -2.5578
v -40.153 -8.8396 -2.8786
v -41.889 -5.1304 -3.211
v -42.242 -4.96 -2.9469
v -41.757 -5.3133 -2.8026
v -41.808 -5.4753 -2.3826
v -41.757 -5.3133 -2.8026
v -42.242 -4.96 -2.9469
v -42.643 -9.945 2.9396
v -42.115 -9.9384 3.5346
v -42.526 -9.2595 3.3433
v -42.295 -8.5294 2.1564
v -42.607 -8.0001 1.5606
v -42.824 -8.1155 2.352
v -40.153 -8.8396 -2.8786
v -39.849 -9.6252 -2.7724
v -40.104 -9.3575 -3.0625
v -45.478 -17.328 -16.422
v -45.287 -17.638 -16.071
v -45.69 -16.944 -16.139
v -40.86 -7.6721 -3.2046
v -41.331 -7.0878 -3.4728
v -40.813 -7.0513 -2.6433
v -39.065 -11.288 -2.4624
v -38.976 -11.987 -2.8299
v -39.198 -11.352 -2.802
v -42.359 -5.958 -1.7775
v -41.808 -5.4753 -2.3826
v -42.531 -5.4063 -2.367
v -42.03 -7.8397 0.37831
v -41.959 -7.4863 -0.31433
v -42.462 -7.4008 0.17032
v -40.471 -7.7721 -2.6086
v -40.635 -8.4225 -3.3261
v -40.86 -7.6721 -3.2046
v -41.593 -12.137 2.984
v -41.061 -11.872 3.7825
v -41.656 -11.227 3.3933
v -37.97 -18.834 2.8291
v -38.225 -18.048 3.05
v -38.353 -18.205 2.8545
v -40.838 -13.214 3.2388
v -40.782 -12.876 3.5591
v -41.19 -12.813 3.0901
v -38.225 -18.048 3.05
v -38.457 -17.425 3.242
v -38.684 -17.66 2.8572
v -34.692 -19.875 -3.194
v -34.949 -20.257 -2.8502
v -34.691 -20.02 -3.5786
v -37.062 -20.562 2.0435
v -36.898 -20.195 2.5504
v -37.129 -20.214 2.5595
v -42.068 -22.563 -18.233
v -42.225 -22.504 -17.233
v -42.831 -21.644 -17.808
v -36.735 -20.626 1.1436
v -36.57 -20.186 1.8293
v -37.062 -20.562 2.0435
v -40.13 -14.356 3.3486
v -40.295 -14.719 2.9683
v -39.664 -14.619 3.7334
v -40.295 -14.719 2.9683
v -39.929 -15.454 2.9707
v -39.602 -15.11 3.5586
v -41.757 -5.3133 -2.8026
v -41.675 -5.6914 -3.1537
v -41.889 -5.1304 -3.211
v -42.831 -21.644 -17.808
v -42.225 -22.504 -17.233
v -42.609 -21.952 -17.098
v -34.949 -20.257 -2.8502
v -34.821 -20.431 -3.7398
v -34.691 -20.02 -3.5786
v -42.784 -7.6109 1.0745
v -42.158 -8.1591 1.2669
v -42.03 -7.8397 0.37831
v -42.158 -8.1591 1.2669
v -42.784 -7.6109 1.0745
v -42.607 -8.0001 1.5606
v -37.732 -14.643 -2.9008
v -37.048 -15.016 -2.2611
v -37.731 -14.936 -3.2579
v -42.356 -7.0726 -0.41288
v -41.725 -7.0644 -0.73603
v -42.065 -6.5165 -1.0838
v -38.468 -12.822 -2.5875
v -38.067 -13.539 -2.4922
v -38.5 -13.261 -2.9986
v -42.356 -7.0726 -0.41288
v -41.959 -7.4863 -0.31433
v -41.725 -7.0644 -0.73603
v -35.778 -20.367 -0.76495
v -35.955 -20.265 0.22651
v -36.156 -20.631 -0.31983
v -38.039 -13.888 -2.8306
v -38.5 -13.261 -2.9986
v -38.067 -13.539 -2.4922
v -41.675 -22.922 -18.618
v -42.068 -22.563 -18.233
v -41.877 -22.639 -18.754
v -35.955 -20.265 0.22651
v -36.185 -20.058 1.1538
v -36.763 -20.695 0.57422
v -36.735 -20.626 1.1436
v -36.763 -20.695 0.57422
v -36.185 -20.058 1.1538
v -45.287 -17.638 -16.071
v -44.83 -18.449 -16.067
v -45.049 -17.914 -15.44
v -36.203 -17.61 -3.4197
v -35.215 -18.73 -3.1573
v -35.821 -18.415 -3.6611
v -38.457 -17.425 3.242
v -38.782 -17.268 2.9945
v -38.684 -17.66 2.8572
v -39.121 -16.62 3.0429
v -38.782 -17.268 2.9945
v -38.74 -16.697 3.4407
v -43.86 -20.129 -16.987
v -44.35 -19.288 -16.304
v -44.036 -19.869 -17.184
v -38.684 -17.66 2.8572
v -38.353 -18.205 2.8545
v -38.225 -18.048 3.05
v -37.129 -20.214 2.5595
v -37.156 -19.824 2.9532
v -37.555 -20.219 2.2575
v -37.635 -14.243 -2.4608
v -37.732 -14.643 -2.9008
v -38.039 -13.888 -2.8306
v -41.656 -11.227 3.3933
v -42.114 -10.6 3.1785
v -42.058 -11.3 2.9332
v -39.121 -16.62 3.0429
v -39.14 -17.168 2.7471
v -38.782 -17.268 2.9945
v -39.14 -17.168 2.7471
v -38.947 -17.399 2.7438
v -38.782 -17.268 2.9945
v -43.208 -7.6051 2.1668
v -42.824 -8.1155 2.352
v -42.607 -8.0001 1.5606
v -37.731 -14.936 -3.2579
v -36.982 -15.74 -2.7766
v -37.417 -15.691 -3.4061
v -37.041 -16.142 -3.2123
v -37.417 -15.691 -3.4061
v -36.982 -15.74 -2.7766
v -49.187 -8.5686 -16.037
v -48.917 -9.5752 -17.003
v -48.968 -9.221 -16.31
v -39.842 -10.207 -3.204
v -39.387 -10.691 -2.6555
v -39.827 -10.51 -3.4173
v -36.982 -15.74 -2.7766
v -36.751 -15.986 -2.6575
v -37.041 -16.142 -3.2123
v -34.949 -20.257 -2.8502
v -35.285 -20.226 -1.8456
v -35.424 -20.562 -2.4174
v -39.382 -11.489 -3.2065
v -39.387 -10.691 -2.6555
v -39.198 -11.352 -2.802
v -36.152 -17.283 -3.0171
v -36.629 -16.572 -3.0251
v -36.192 -16.76 -2.5857
v -42.065 -6.5165 -1.0838
v -41.517 -6.4255 -1.3929
v -42.359 -5.958 -1.7775
v -35.285 -20.226 -1.8456
v -35.568 -20.235 -1.1308
v -36.016 -20.609 -1.1349
v -35.425 -19.002 -3.7899
v -35.821 -18.415 -3.6611
v -35.215 -18.73 -3.1573
v -37.97 -18.834 2.8291
v -38.353 -18.205 2.8545
v -38.426 -18.597 2.5257
v -45.69 -16.944 -16.139
v -45.287 -17.638 -16.071
v -45.394 -17.367 -15.501
v -35.046 -19.818 -4.1801
v -34.717 -19.745 -3.5314
v -34.691 -20.02 -3.5786
v -36.763 -20.695 0.57422
v -36.156 -20.631 -0.31983
v -35.955 -20.265 0.22651
v -37.723 -19.452 2.6242
v -37.555 -20.219 2.2575
v -37.156 -19.824 2.9532
v -37.062 -20.562 2.0435
v -37.129 -20.214 2.5595
v -37.283 -20.421 2.2479
v -42.462 -7.4008 0.17032
v -41.959 -7.4863 -0.31433
v -42.356 -7.0726 -0.41288
v -42.03 -7.8397 0.37831
v -42.462 -7.4008 0.17032
v -42.784 -7.6109 1.0745
v -42.394 -8.6844 2.9294
v -42.824 -8.1155 2.352
v -42.889 -8.7998 2.9767
v -42.242 -4.96 -2.9469
v -41.889 -5.1304 -3.211
v -42.194 -4.8142 -3.2484
v -47.436 -13.283 -15.961
v -47.074 -14.138 -16.01
v -47.3 -13.466 -15.455
v -42.194 -4.8142 -3.2484
v -41.889 -5.1304 -3.211
v -42.087 -5.3819 -3.7613
v -38.039 -13.888 -2.8306
v -37.732 -14.643 -2.9008
v -38.33 -13.891 -3.2787
v -42.979 -7.6202 1.5613
v -42.607 -8.0001 1.5606
v -42.784 -7.6109 1.0745
v -41.889 -5.1304 -3.211
v -41.675 -5.6914 -3.1537
v -42.087 -5.3819 -3.7613
v -38.684 -17.66 2.8572
v -38.782 -17.268 2.9945
v -38.947 -17.399 2.7438
v -41.808 -5.4753 -2.3826
v -42.242 -4.96 -2.9469
v -42.531 -5.4063 -2.367
v -41.684 -6.1236 -3.4507
v -42.087 -5.3819 -3.7613
v -41.675 -5.6914 -3.1537
v -43.208 -7.6051 2.1668
v -42.607 -8.0001 1.5606
v -42.979 -7.6202 1.5613
v -36.751 -15.986 -2.6575
v -36.629 -16.572 -3.0251
v -37.041 -16.142 -3.2123
v -42.779 -6.4611 -0.94048
v -42.356 -7.0726 -0.41288
v -42.065 -6.5165 -1.0838
v -37.723 -19.452 2.6242
v -37.97 -18.834 2.8291
v -38.343 -19.127 2.2117
v -45.573 -16.997 -15.561
v -45.926 -16.429 -15.831
v -45.69 -16.944 -16.139
v -37.283 -20.421 2.2479
v -37.129 -20.214 2.5595
v -37.555 -20.219 2.2575
v -40.761 -13.924 2.9361
v -40.295 -14.719 2.9683
v -40.13 -14.356 3.3486
v -41.003 -22.178 -20.037
v -41.435 -22.489 -19.526
v -41.942 -21.004 -19.929
v -38.976 -11.987 -2.8299
v -38.614 -12.391 -2.4526
v -38.91 -12.584 -3.0874
v -38.91 -12.584 -3.0874
v -38.614 -12.391 -2.4526
v -38.468 -12.822 -2.5875
v -38.468 -12.822 -2.5875
v -38.5 -13.261 -2.9986
v -38.91 -12.584 -3.0874
v -40.104 -9.3575 -3.0625
v -39.849 -9.6252 -2.7724
v -39.842 -10.207 -3.204
v -46.861 -10.024 -20.196
v -46.191 -10.529 -20.276
v -47.31 -11.03 -19.825
v -42.718 -4.4809 -3.3002
v -42.194 -4.8142 -3.2484
v -42.356 -4.609 -3.579
v -42.194 -4.8142 -3.2484
v -42.718 -4.4809 -3.3002
v -42.242 -4.96 -2.9469
v -41.593 -12.137 2.984
v -41.656 -11.227 3.3933
v -42.058 -11.3 2.9332
v -41.272 -23.287 -18.844
v -41.435 -22.489 -19.526
v -40.762 -22.869 -19.832
v -39.387 -10.691 -2.6555
v -39.382 -11.489 -3.2065
v -39.771 -10.942 -3.6065
v -41.19 -12.813 3.0901
v -41.593 -12.137 2.984
v -41.578 -12.799 2.6524
v -38.91 -12.584 -3.0874
v -39.241 -12.21 -3.426
v -38.976 -11.987 -2.8299
v -49.603 -6.6652 -17.862
v -49.402 -7.7595 -17.64
v -49.837 -6.2683 -16.761
v -42.991 -7.1686 0.38697
v -42.784 -7.6109 1.0745
v -42.462 -7.4008 0.17032
v -49.028 -7.8376 -18.605
v -49.336 -6.8103 -18.624
v -48.369 -7.0637 -19.64
v -39.198 -11.352 -2.802
v -38.976 -11.987 -2.8299
v -39.382 -11.489 -3.2065
v -38.039 -13.888 -2.8306
v -38.33 -13.891 -3.2787
v -38.5 -13.261 -2.9986
v -35.778 -20.367 -0.76495
v -36.156 -20.631 -0.31983
v -36.016 -20.609 -1.1349
v -43.436 -18.18 -20.05
v -44.115 -16.293 -20.178
v -43.285 -16.85 -20.305
v -35.466 -19.513 -4.5378
v -35.425 -19.002 -3.7899
v -35.046 -19.818 -4.1801
v -35.778 -20.367 -0.76495
v -36.016 -20.609 -1.1349
v -35.568 -20.235 -1.1308
v -42.359 -5.958 -1.7775
v -42.531 -5.4063 -2.367
v -42.924 -5.6418 -1.9603
v -38.426 -18.597 2.5257
v -38.343 -19.127 2.2117
v -37.97 -18.834 2.8291
v -42.114 -10.6 3.1785
v -42.115 -9.9384 3.5346
v -42.643 -9.945 2.9396
v -40.153 -8.8396 -2.8786
v -40.104 -9.3575 -3.0625
v -40.237 -9.6647 -3.5426
v -40.635 -8.4225 -3.3261
v -40.153 -8.8396 -2.8786
v -40.805 -8.7867 -3.8136
v -42.194 -4.8142 -3.2484
v -42.087 -5.3819 -3.7613
v -42.356 -4.609 -3.579
v -34.717 -19.745 -3.5314
v -35.046 -19.818 -4.1801
v -35.425 -19.002 -3.7899
v -42.824 -8.1155 2.352
v -43.208 -7.6051 2.1668
v -43.313 -8.4792 2.6523
v -34.845 -20.478 -4.4613
v -34.691 -20.02 -3.5786
v -34.821 -20.431 -3.7398
v -42.824 -8.1155 2.352
v -43.313 -8.4792 2.6523
v -42.889 -8.7998 2.9767
v -36.629 -16.572 -3.0251
v -36.152 -17.283 -3.0171
v -36.821 -16.997 -3.774
v -36.821 -16.997 -3.774
v -36.152 -17.283 -3.0171
v -36.203 -17.61 -3.4197
v -48.369 -7.0637 -19.64
v -47.706 -8.2681 -19.912
v -48.655 -8.4288 -18.964
v -42.522 -4.3206 -3.8879
v -42.771 -4.2045 -3.6278
v -42.356 -4.609 -3.579
v -42.771 -4.2045 -3.6278
v -42.718 -4.4809 -3.3002
v -42.356 -4.609 -3.579
v -40.237 -9.6647 -3.5426
v -40.805 -8.7867 -3.8136
v -40.153 -8.8396 -2.8786
v -39.842 -10.207 -3.204
v -40.237 -9.6647 -3.5426
v -40.104 -9.3575 -3.0625
v -49.187 -8.5686 -16.037
v -49.537 -7.3413 -15.541
v -49.165 -8.6115 -17.388
v -39.462 -11.681 -3.4799
v -39.382 -11.489 -3.2065
v -38.976 -11.987 -2.8299
v -48.968 -9.221 -16.31
v -48.652 -10.305 -16.87
v -48.961 -9.1889 -15.701
v -42.356 -4.609 -3.579
v -42.087 -5.3819 -3.7613
v -42.451 -4.6434 -4.0321
v -42.526 -9.2595 3.3433
v -42.889 -8.7998 2.9767
v -43.089 -9.0395 2.8321
v -42.643 -9.945 2.9396
v -42.526 -9.2595 3.3433
v -43.089 -9.0395 2.8321
v -37.041 -16.142 -3.2123
v -36.821 -16.997 -3.774
v -37.017 -16.579 -3.7429
v -42.718 -4.4809 -3.3002
v -43.162 -4.8397 -2.7825
v -42.242 -4.96 -2.9469
v -49.603 -6.6652 -17.862
v -49.779 -5.9041 -17.945
v -49.336 -6.8103 -18.624
v -49.165 -8.6115 -17.388
v -49.537 -7.3413 -15.541
v -49.402 -7.7595 -17.64
v -42.356 -7.0726 -0.41288
v -43.122 -6.7473 -0.21754
v -42.462 -7.4008 0.17032
v -36.821 -16.997 -3.774
v -37.041 -16.142 -3.2123
v -36.629 -16.572 -3.0251
v -42.991 -7.1686 0.38697
v -42.462 -7.4008 0.17032
v -43.122 -6.7473 -0.21754
v -35.821 -18.415 -3.6611
v -35.425 -19.002 -3.7899
v -36.018 -18.575 -4.3666
v -40.761 -13.924 2.9361
v -40.838 -13.214 3.2388
v -41.133 -13.532 2.7807
v -38.684 -17.66 2.8572
v -38.947 -17.399 2.7438
v -39.354 -17.561 2.2476
v -39.354 -17.561 2.2476
v -38.936 -18.047 2.3627
v -38.684 -17.66 2.8572
v -42.058 -11.3 2.9332
v -42.114 -10.6 3.1785
v -42.463 -10.782 2.7335
v -38.353 -18.205 2.8545
v -38.684 -17.66 2.8572
v -38.936 -18.047 2.3627
v -38.936 -18.047 2.3627
v -38.426 -18.597 2.5257
v -38.353 -18.205 2.8545
v -42.359 -5.958 -1.7775
v -42.779 -6.4611 -0.94048
v -42.065 -6.5165 -1.0838
v -37.062 -20.562 2.0435
v -37.223 -20.98 1.3059
v -36.735 -20.626 1.1436
v -43.887 -19.989 -15.88
v -43.86 -20.129 -16.987
v -43.487 -20.647 -16.638
v -41.04 -7.949 -3.6265
v -40.86 -7.6721 -3.2046
v -40.635 -8.4225 -3.3261
v -42.779 -6.4611 -0.94048
v -43.122 -6.7473 -0.21754
v -42.356 -7.0726 -0.41288
v -42.522 -4.3206 -3.8879
v -42.356 -4.609 -3.579
v -42.451 -4.6434 -4.0321
v -38.33 -13.891 -3.2787
v -37.732 -14.643 -2.9008
v -38.242 -14.414 -3.615
v -44.35 -19.288 -16.304
v -43.86 -20.129 -16.987
v -43.887 -19.989 -15.88
v -38.242 -14.414 -3.615
v -37.732 -14.643 -2.9008
v -37.731 -14.936 -3.2579
v -42.979 -7.6202 1.5613
v -43.659 -7.3195 1.7708
v -43.208 -7.6051 2.1668
v -43.659 -7.3195 1.7708
v -42.979 -7.6202 1.5613
v -42.784 -7.6109 1.0745
v -37.509 -20.699 1.8412
v -37.062 -20.562 2.0435
v -37.283 -20.421 2.2479
v -39.827 -10.51 -3.4173
v -39.387 -10.691 -2.6555
v -39.771 -10.942 -3.6065
v -34.821 -20.431 -3.7398
v -34.949 -20.257 -2.8502
v -35.345 -20.817 -3.4612
v -36.18 -18.102 -3.903
v -36.203 -17.61 -3.4197
v -35.821 -18.415 -3.6611
v -42.114 -10.6 3.1785
v -42.643 -9.945 2.9396
v -42.463 -10.782 2.7335
v -47.3 -13.466 -15.455
v -47.074 -14.138 -16.01
v -46.928 -14.297 -15.437
v -38.91 -12.584 -3.0874
v -38.5 -13.261 -2.9986
v -38.894 -12.995 -3.482
v -35.424 -20.562 -2.4174
v -35.285 -20.226 -1.8456
v -36.07 -20.963 -1.5906
v -41.19 -12.813 3.0901
v -41.133 -13.532 2.7807
v -40.838 -13.214 3.2388
v -45.394 -17.367 -15.501
v -45.287 -17.638 -16.071
v -45.049 -17.914 -15.44
v -39.14 -17.168 2.7471
v -39.121 -16.62 3.0429
v -39.445 -17.01 2.486
v -37.723 -19.452 2.6242
v -38.343 -19.127 2.2117
v -38.055 -19.711 2.0741
v -39.421 -16.132 3.0884
v -39.445 -17.01 2.486
v -39.121 -16.62 3.0429
v -47.846 -12.542 -16.052
v -47.611 -12.731 -15.297
v -47.995 -11.975 -15.762
v -45.69 -16.944 -16.139
v -45.394 -17.367 -15.501
v -45.573 -16.997 -15.561
v -35.046 -19.818 -4.1801
v -34.691 -20.02 -3.5786
v -34.992 -20.368 -4.7733
v -34.845 -20.478 -4.4613
v -34.992 -20.368 -4.7733
v -34.691 -20.02 -3.5786
v -43.089 -9.0395 2.8321
v -42.889 -8.7998 2.9767
v -43.313 -8.4792 2.6523
v -42.771 -4.2045 -3.6278
v -42.522 -4.3206 -3.8879
v -42.824 -3.833 -4.1143
v -40.295 -14.719 2.9683
v -40.633 -14.932 2.4962
v -39.929 -15.454 2.9707
v -37.173 -21.135 0.75613
v -36.735 -20.626 1.1436
v -37.223 -20.98 1.3059
v -42.831 -21.644 -17.808
v -42.609 -21.952 -17.098
v -43.021 -21.338 -16.955
v -37.283 -20.421 2.2479
v -37.555 -20.219 2.2575
v -37.509 -20.699 1.8412
v -39.421 -16.132 3.0884
v -39.929 -15.454 2.9707
v -40.191 -15.813 2.434
v -37.417 -15.691 -3.4061
v -37.041 -16.142 -3.2123
v -37.017 -16.579 -3.7429
v -38.947 -17.399 2.7438
v -39.14 -17.168 2.7471
v -39.354 -17.561 2.2476
v -34.949 -20.257 -2.8502
v -35.424 -20.562 -2.4174
v -35.715 -20.987 -2.7804
v -36.07 -20.963 -1.5906
v -35.285 -20.226 -1.8456
v -36.016 -20.609 -1.1349
v -39.241 -12.21 -3.426
v -39.462 -11.681 -3.4799
v -38.976 -11.987 -2.8299
v -41.133 -13.532 2.7807
v -41.19 -12.813 3.0901
v -41.578 -12.799 2.6524
v -36.558 -21.05 -0.73768
v -36.156 -20.631 -0.31983
v -36.713 -20.905 0.015684
v -46.64 -11.52 -19.957
v -47.31 -11.03 -19.825
v -46.191 -10.529 -20.276
v -36.763 -20.695 0.57422
v -36.713 -20.905 0.015684
v -36.156 -20.631 -0.31983
v -36.18 -18.102 -3.903
v -35.821 -18.415 -3.6611
v -36.018 -18.575 -4.3666
v -38.055 -19.711 2.0741
v -37.555 -20.219 2.2575
v -37.723 -19.452 2.6242
v -42.531 -5.4063 -2.367
v -42.242 -4.96 -2.9469
v -43.162 -4.8397 -2.7825
v -41.331 -7.0878 -3.4728
v -40.86 -7.6721 -3.2046
v -41.04 -7.949 -3.6265
v -43.487 -20.647 -16.638
v -43.021 -21.338 -16.955
v -43.226 -21.009 -16.205
v -41.684 -6.1236 -3.4507
v -41.46 -6.5934 -3.3542
v -41.879 -6.3744 -3.9842
v -47.611 -12.731 -15.297
v -47.436 -13.283 -15.961
v -47.3 -13.466 -15.455
v -42.784 -7.6109 1.0745
v -42.991 -7.1686 0.38697
v -43.493 -7.1327 0.86902
v -43.659 -7.3195 1.7708
v -42.784 -7.6109 1.0745
v -43.493 -7.1327 0.86902
v -35.466 -19.513 -4.5378
v -36.018 -18.575 -4.3666
v -35.425 -19.002 -3.7899
v -42.522 -4.3206 -3.8879
v -42.807 -3.9013 -4.3722
v -42.824 -3.833 -4.1143
v -42.068 -22.563 -18.233
v -41.675 -22.922 -18.618
v -41.622 -23.194 -17.972
v -43.162 -4.8397 -2.7825
v -43.315 -5.244 -2.2437
v -42.531 -5.4063 -2.367
v -42.696 -4.5282 -4.4355
v -42.522 -4.3206 -3.8879
v -42.451 -4.6434 -4.0321
v -41.675 -22.922 -18.618
v -41.3 -23.446 -18.464
v -41.622 -23.194 -17.972
v -42.924 -5.6418 -1.9603
v -42.531 -5.4063 -2.367
v -43.315 -5.244 -2.2437
v -36.016 -20.609 -1.1349
v -36.156 -20.631 -0.31983
v -36.558 -21.05 -0.73768
v -35.715 -20.987 -2.7804
v -35.345 -20.817 -3.4612
v -34.949 -20.257 -2.8502
v -42.771 -4.2045 -3.6278
v -43.341 -4.4622 -3.1559
v -42.718 -4.4809 -3.3002
v -41.331 -7.0878 -3.4728
v -41.879 -6.3744 -3.9842
v -41.46 -6.5934 -3.3542
v -36.003 -21.133 -2.167
v -35.424 -20.562 -2.4174
v -36.07 -20.963 -1.5906
v -39.929 -15.454 2.9707
v -40.633 -14.932 2.4962
v -40.191 -15.813 2.434
v -45.926 -16.429 -15.831
v -45.947 -16.216 -15.321
v -46.329 -15.613 -15.81
v -40.872 -14.382 2.5973
v -40.295 -14.719 2.9683
v -40.761 -13.924 2.9361
v -41.04 -7.949 -3.6265
v -40.635 -8.4225 -3.3261
v -40.805 -8.7867 -3.8136
v -39.445 -17.01 2.486
v -39.421 -16.132 3.0884
v -39.656 -16.676 2.489
v -42.779 -6.4611 -0.94048
v -42.359 -5.958 -1.7775
v -43.368 -6.1022 -1.2752
v -47.846 -12.542 -16.052
v -47.436 -13.283 -15.961
v -47.611 -12.731 -15.297
v -42.643 -9.945 2.9396
v -43.089 -9.0395 2.8321
v -43.28 -9.4566 2.3963
v -39.827 -10.51 -3.4173
v -40.252 -10.312 -3.9995
v -39.842 -10.207 -3.204
v -41.435 -22.489 -19.526
v -41.272 -23.287 -18.844
v -41.675 -22.922 -18.618
v -38.894 -12.995 -3.482
v -38.5 -13.261 -2.9986
v -38.816 -13.521 -3.6582
v -39.771 -10.942 -3.6065
v -39.382 -11.489 -3.2065
v -39.462 -11.681 -3.4799
v -38.5 -13.261 -2.9986
v -38.33 -13.891 -3.2787
v -38.816 -13.521 -3.6582
v -40.252 -10.312 -3.9995
v -40.237 -9.6647 -3.5426
v -39.842 -10.207 -3.204
v -37.417 -15.691 -3.4061
v -38.029 -14.882 -3.7045
v -37.731 -14.936 -3.2579
v -36.203 -17.61 -3.4197
v -36.18 -18.102 -3.903
v -36.491 -17.824 -4.1439
v -43.313 -8.4792 2.6523
v -43.208 -7.6051 2.1668
v -43.855 -7.7399 2.1332
v -42.824 -3.833 -4.1143
v -43.328 -3.896 -3.7721
v -42.771 -4.2045 -3.6278
v -42.696 -4.5282 -4.4355
v -42.451 -4.6434 -4.0321
v -42.499 -5.2421 -4.4422
v -42.499 -5.2421 -4.4422
v -42.451 -4.6434 -4.0321
v -42.087 -5.3819 -3.7613
v -42.807 -3.9013 -4.3722
v -42.522 -4.3206 -3.8879
v -42.696 -4.5282 -4.4355
v -41.684 -6.1236 -3.4507
v -42.25 -5.7184 -4.2756
v -42.087 -5.3819 -3.7613
v -42.068 -22.563 -18.233
v -41.622 -23.194 -17.972
v -42.225 -22.504 -17.233
v -36.203 -17.61 -3.4197
v -36.989 -17.095 -4.2976
v -36.821 -16.997 -3.774
v -36.491 -17.824 -4.1439
v -36.989 -17.095 -4.2976
v -36.203 -17.61 -3.4197
v -42.924 -5.6418 -1.9603
v -43.368 -6.1022 -1.2752
v -42.359 -5.958 -1.7775
v -39.354 -17.561 2.2476
v -39.14 -17.168 2.7471
v -39.445 -17.01 2.486
v -41.593 -12.137 2.984
v -42.058 -11.3 2.9332
v -42.206 -11.863 2.4381
v -43.28 -9.4566 2.3963
v -43.089 -9.0395 2.8321
v -43.661 -8.5523 2.3581
v -42.463 -10.782 2.7335
v -42.643 -9.945 2.9396
v -42.868 -10.251 2.4907
v -45.926 -16.429 -15.831
v -45.573 -16.997 -15.561
v -45.947 -16.216 -15.321
v -38.343 -19.127 2.2117
v -38.426 -18.597 2.5257
v -39.081 -18.453 1.8773
v -35.715 -20.987 -2.7804
v -35.424 -20.562 -2.4174
v -36.003 -21.133 -2.167
v -38.894 -12.995 -3.482
v -39.241 -12.21 -3.426
v -38.91 -12.584 -3.0874
v -42.824 -3.833 -4.1143
v -43.072 -3.6024 -4.4694
v -43.333 -3.4434 -4.4433
v -42.807 -3.9013 -4.3722
v -43.072 -3.6024 -4.4694
v -42.824 -3.833 -4.1143
v -36.763 -20.695 0.57422
v -36.735 -20.626 1.1436
v -37.173 -21.135 0.75613
v -43.328 -3.896 -3.7721
v -42.824 -3.833 -4.1143
v -43.333 -3.4434 -4.4433
v -36.491 -17.824 -4.1439
v -36.18 -18.102 -3.903
v -36.018 -18.575 -4.3666
v -38.029 -14.882 -3.7045
v -38.242 -14.414 -3.615
v -37.731 -14.936 -3.2579
v -42.718 -4.4809 -3.3002
v -43.341 -4.4622 -3.1559
v -43.162 -4.8397 -2.7825
v -39.697 -11.62 -3.927
v -39.771 -10.942 -3.6065
v -39.462 -11.681 -3.4799
v -40.77 -9.42 -4.2669
v -40.805 -8.7867 -3.8136
v -40.237 -9.6647 -3.5426
v -39.622 -12.018 -4.0055
v -39.462 -11.681 -3.4799
v -39.241 -12.21 -3.426
v -41.04 -7.949 -3.6265
v -40.805 -8.7867 -3.8136
v -41.171 -8.4676 -4.156
v -45.947 -16.216 -15.321
v -46.227 -15.637 -15.048
v -46.329 -15.613 -15.81
v -39.771 -10.942 -3.6065
v -40.252 -10.312 -3.9995
v -39.827 -10.51 -3.4173
v -42.087 -5.3819 -3.7613
v -42.25 -5.7184 -4.2756
v -42.499 -5.2421 -4.4422
v -39.241 -12.21 -3.426
v -38.894 -12.995 -3.482
v -39.29 -12.801 -3.9704
v -41.133 -13.532 2.7807
v -40.872 -14.382 2.5973
v -40.761 -13.924 2.9361
v -42.058 -11.3 2.9332
v -42.463 -10.782 2.7335
v -42.665 -11.094 2.2811
v -39.421 -16.132 3.0884
v -40.191 -15.813 2.434
v -40.032 -16.418 2.2175
v -39.656 -16.676 2.489
v -39.421 -16.132 3.0884
v -40.032 -16.418 2.2175
v -42.868 -10.251 2.4907
v -42.643 -9.945 2.9396
v -43.28 -9.4566 2.3963
v -43.755 -6.7098 0.37772
v -42.991 -7.1686 0.38697
v -43.122 -6.7473 -0.21754
v -35.022 -20.807 -4.8435
v -34.845 -20.478 -4.4613
v -35.174 -20.999 -4.6474
v -46.602 -15.025 -15.544
v -46.329 -15.613 -15.81
v -46.227 -15.637 -15.048
v -34.845 -20.478 -4.4613
v -34.821 -20.431 -3.7398
v -35.174 -20.999 -4.6474
v -43.855 -7.7399 2.1332
v -43.208 -7.6051 2.1668
v -43.659 -7.3195 1.7708
v -43.313 -8.4792 2.6523
v -43.855 -7.7399 2.1332
v -43.661 -8.5523 2.3581
v -43.089 -9.0395 2.8321
v -43.313 -8.4792 2.6523
v -43.661 -8.5523 2.3581
v -42.807 -3.9013 -4.3722
v -43.062 -3.6575 -4.7279
v -43.072 -3.6024 -4.4694
v -42.771 -4.2045 -3.6278
v -43.328 -3.896 -3.7721
v -43.341 -4.4622 -3.1559
v -49.379 -6.1364 -18.808
v -49.336 -6.8103 -18.624
v -49.779 -5.9041 -17.945
v -42.25 -5.7184 -4.2756
v -41.684 -6.1236 -3.4507
v -41.879 -6.3744 -3.9842
v -37.173 -21.135 0.75613
v -36.713 -20.905 0.015684
v -36.763 -20.695 0.57422
v -39.757 -17.14 2.1287
v -39.656 -16.676 2.489
v -40.032 -16.418 2.2175
v -36.821 -16.997 -3.774
v -37.404 -16.55 -4.3188
v -37.017 -16.579 -3.7429
v -39.445 -17.01 2.486
v -39.656 -16.676 2.489
v -39.757 -17.14 2.1287
v -39.354 -17.561 2.2476
v -39.445 -17.01 2.486
v -39.757 -17.14 2.1287
v -43.493 -7.1327 0.86902
v -42.991 -7.1686 0.38697
v -43.755 -6.7098 0.37772
v -38.055 -19.711 2.0741
v -37.783 -20.473 1.7819
v -37.555 -20.219 2.2575
v -37.555 -20.219 2.2575
v -37.783 -20.473 1.7819
v -37.509 -20.699 1.8412
v -37.223 -20.98 1.3059
v -37.062 -20.562 2.0435
v -37.571 -21.049 1.3508
v -37.062 -20.562 2.0435
v -37.509 -20.699 1.8412
v -37.571 -21.049 1.3508
v -41.675 -22.922 -18.618
v -41.272 -23.287 -18.844
v -41.3 -23.446 -18.464
v -40.872 -14.382 2.5973
v -41.133 -13.532 2.7807
v -41.459 -13.864 2.2204
v -41.331 -7.0878 -3.4728
v -41.87 -6.822 -4.2969
v -41.879 -6.3744 -3.9842
v -41.04 -7.949 -3.6265
v -41.458 -7.7479 -4.2056
v -41.331 -7.0878 -3.4728
v -41.458 -7.7479 -4.2056
v -41.04 -7.949 -3.6265
v -41.171 -8.4676 -4.156
v -35.046 -19.818 -4.1801
v -34.992 -20.368 -4.7733
v -35.466 -19.513 -4.5378
v -34.821 -20.431 -3.7398
v -35.458 -21.126 -4.2438
v -35.174 -20.999 -4.6474
v -40.295 -14.719 2.9683
v -40.872 -14.382 2.5973
v -40.633 -14.932 2.4962
v -40.237 -9.6647 -3.5426
v -40.252 -10.312 -3.9995
v -40.77 -9.42 -4.2669
v -44.83 -18.449 -16.067
v -44.35 -19.288 -16.304
v -44.4 -19.088 -15.689
v -35.458 -21.126 -4.2438
v -34.821 -20.431 -3.7398
v -35.345 -20.817 -3.4612
v -43.493 -7.1327 0.86902
v -43.755 -6.7098 0.37772
v -44.284 -7.002 1.3027
v -43.668 -6.2484 -0.88333
v -42.779 -6.4611 -0.94048
v -43.368 -6.1022 -1.2752
v -42.779 -6.4611 -0.94048
v -43.668 -6.2484 -0.88333
v -43.122 -6.7473 -0.21754
v -43.659 -7.3195 1.7708
v -43.493 -7.1327 0.86902
v -44.284 -7.002 1.3027
v -38.816 -13.521 -3.6582
v -38.33 -13.891 -3.2787
v -38.835 -13.887 -4.0274
v -47.611 -12.731 -15.297
v -47.868 -11.974 -15.123
v -47.995 -11.975 -15.762
v -43.328 -3.896 -3.7721
v -43.333 -3.4434 -4.4433
v -43.849 -3.6389 -4.0961
v -48.546 -10.489 -15.832
v -48.961 -9.1889 -15.701
v -48.652 -10.305 -16.87
v -43.122 -6.7473 -0.21754
v -43.668 -6.2484 -0.88333
v -43.94 -6.1835 -0.33025
v -43.285 -16.85 -20.305
v -42.562 -17.966 -20.388
v -43.436 -18.18 -20.05
v -43.94 -6.1835 -0.33025
v -43.755 -6.7098 0.37772
v -43.122 -6.7473 -0.21754
v -41.458 -7.7479 -4.2056
v -41.87 -6.822 -4.2969
v -41.331 -7.0878 -3.4728
v -42.227 -19.962 -20.11
v -43.436 -18.18 -20.05
v -41.847 -19.444 -20.425
v -36.989 -17.095 -4.2976
v -36.491 -17.824 -4.1439
v -36.912 -17.614 -4.6214
v -49.837 -6.2683 -16.761
v -49.402 -7.7595 -17.64
v -49.537 -7.3413 -15.541
v -41.133 -13.532 2.7807
v -41.578 -12.799 2.6524
v -41.459 -13.864 2.2204
v -39.697 -11.62 -3.927
v -39.462 -11.681 -3.4799
v -39.622 -12.018 -4.0055
v -42.206 -11.863 2.4381
v -42.058 -11.3 2.9332
v -42.665 -11.094 2.2811
v -41.593 -12.137 2.984
v -42.206 -11.863 2.4381
v -41.974 -12.724 2.1924
v -36.016 -20.609 -1.1349
v -36.558 -21.05 -0.73768
v -36.07 -20.963 -1.5906
v -41.578 -12.799 2.6524
v -41.593 -12.137 2.984
v -41.974 -12.724 2.1924
v -38.426 -18.597 2.5257
v -38.936 -18.047 2.3627
v -39.081 -18.453 1.8773
v -49.603 -6.6652 -17.862
v -49.837 -6.2683 -16.761
v -49.779 -5.9041 -17.945
v -34.845 -20.478 -4.4613
v -35.022 -20.807 -4.8435
v -34.992 -20.368 -4.7733
v -37.417 -15.691 -3.4061
v -38.486 -14.996 -4.5089
v -38.029 -14.882 -3.7045
v -37.404 -16.55 -4.3188
v -37.417 -15.691 -3.4061
v -37.017 -16.579 -3.7429
v -42.227 -19.962 -20.11
v -41.224 -20.56 -20.42
v -41.942 -21.004 -19.929
v -39.29 -12.801 -3.9704
v -39.622 -12.018 -4.0055
v -39.241 -12.21 -3.426
v -46.675 -9.1146 -20.264
v -46.861 -10.024 -20.196
v -47.706 -8.2681 -19.912
v -43.062 -3.6575 -4.7279
v -43.335 -3.2142 -4.8032
v -43.072 -3.6024 -4.4694
v -43.333 -3.4434 -4.4433
v -43.072 -3.6024 -4.4694
v -43.335 -3.2142 -4.8032
v -41.224 -20.56 -20.42
v -42.227 -19.962 -20.11
v -41.847 -19.444 -20.425
v -49.379 -6.1364 -18.808
v -48.583 -5.7977 -19.785
v -49.336 -6.8103 -18.624
v -45.466 -13.751 -20.162
v -45.887 -12.356 -20.13
v -44.988 -13.114 -20.244
v -42.463 -10.782 2.7335
v -42.868 -10.251 2.4907
v -42.665 -11.094 2.2811
v -39.354 -17.561 2.2476
v -39.081 -18.453 1.8773
v -38.936 -18.047 2.3627
v -42.868 -10.251 2.4907
v -43.28 -9.4566 2.3963
v -43.161 -10.173 2.1456
v -38.242 -14.414 -3.615
v -38.835 -13.887 -4.0274
v -38.33 -13.891 -3.2787
v -37.404 -16.55 -4.3188
v -36.821 -16.997 -3.774
v -36.989 -17.095 -4.2976
v -43.062 -3.6575 -4.7279
v -42.807 -3.9013 -4.3722
v -42.959 -4.3957 -4.944
v -45.887 -12.356 -20.13
v -46.64 -11.52 -19.957
v -45.726 -11.254 -20.196
v -38.343 -19.127 2.2117
v -39.081 -18.453 1.8773
v -38.918 -19.108 1.5502
v -42.807 -3.9013 -4.3722
v -42.696 -4.5282 -4.4355
v -42.959 -4.3957 -4.944
v -43.94 -6.1835 -0.33025
v -44.013 -6.3846 0.088565
v -43.755 -6.7098 0.37772
v -40.917 -23.826 -18.673
v -41.272 -23.287 -18.844
v -40.52 -24.074 -19.05
v -48.313 -10.864 -15.1
v -48.274 -11.22 -15.841
v -48.013 -11.565 -14.853
v -39.771 -10.942 -3.6065
v -40.163 -10.934 -4.2361
v -40.252 -10.312 -3.9995
v -40.52 -24.074 -19.05
v -41.272 -23.287 -18.844
v -40.589 -23.516 -19.551
v -43.69 -5.5649 -1.7027
v -42.924 -5.6418 -1.9603
v -43.315 -5.244 -2.2437
v -40.762 -22.869 -19.832
v -40.589 -23.516 -19.551
v -41.272 -23.287 -18.844
v -48.583 -5.7977 -19.785
v -48.369 -7.0637 -19.64
v -49.336 -6.8103 -18.624
v -49.954 -5.7254 -17.246
v -49.779 -5.9041 -17.945
v -49.837 -6.2683 -16.761
v -41.879 -6.3744 -3.9842
v -42.579 -5.8695 -4.9501
v -42.25 -5.7184 -4.2756
v -41.171 -8.4676 -4.156
v -40.805 -8.7867 -3.8136
v -41.314 -8.5759 -4.4819
v -35.832 -21.291 -3.3437
v -35.345 -20.817 -3.4612
v -35.715 -20.987 -2.7804
v -40.872 -14.382 2.5973
v -41.459 -13.864 2.2204
v -41.041 -14.695 2.2046
v -40.633 -14.932 2.4962
v -40.872 -14.382 2.5973
v -41.041 -14.695 2.2046
v -37.173 -21.135 0.75613
v -37.108 -21.273 0.16022
v -36.713 -20.905 0.015684
v -40.633 -14.932 2.4962
v -40.712 -15.382 2.1211
v -40.191 -15.813 2.434
v -49.187 -8.5686 -16.037
v -48.968 -9.221 -16.31
v -48.961 -9.1889 -15.701
v -43.368 -6.1022 -1.2752
v -42.924 -5.6418 -1.9603
v -43.69 -5.5649 -1.7027
v -41.578 -12.799 2.6524
v -41.974 -12.724 2.1924
v -41.459 -13.864 2.2204
v -35.022 -20.807 -4.8435
v -35.281 -20.782 -5.5585
v -34.992 -20.368 -4.7733
v -35.281 -20.782 -5.5585
v -35.022 -20.807 -4.8435
v -35.128 -20.889 -4.9976
v -37.783 -20.473 1.7819
v -38.055 -19.711 2.0741
v -38.2 -20.619 1.2443
v -43.062 -3.6575 -4.7279
v -43.425 -3.0676 -5.064
v -43.335 -3.2142 -4.8032
v -39.29 -12.801 -3.9704
v -38.894 -12.995 -3.482
v -38.816 -13.521 -3.6582
v -41.3 -23.446 -18.464
v -41.272 -23.287 -18.844
v -40.917 -23.826 -18.673
v -35.458 -21.126 -4.2438
v -35.345 -20.817 -3.4612
v -35.832 -21.291 -3.3437
v -43.062 -3.6575 -4.7279
v -42.959 -4.3957 -4.944
v -43.271 -3.6232 -5.2006
v -41.435 -22.489 -19.526
v -41.003 -22.178 -20.037
v -40.762 -22.869 -19.832
v -48.546 -10.489 -15.832
v -48.274 -11.22 -15.841
v -48.313 -10.864 -15.1
v -41.622 -23.194 -17.972
v -41.3 -23.446 -18.464
v -41.041 -23.884 -18.135
v -36.721 -21.505 -1.4362
v -36.07 -20.963 -1.5906
v -36.558 -21.05 -0.73768
v -35.281 -20.782 -5.5585
v -35.314 -20.513 -5.5664
v -34.992 -20.368 -4.7733
v -42.225 -22.504 -17.233
v -41.622 -23.194 -17.972
v -41.487 -23.509 -17.349
v -40.111 -11.444 -4.5345
v -40.163 -10.934 -4.2361
v -39.771 -10.942 -3.6065
v -39.697 -11.62 -3.927
v -40.111 -11.444 -4.5345
v -39.771 -10.942 -3.6065
v -36.018 -18.575 -4.3666
v -35.466 -19.513 -4.5378
v -35.739 -19.668 -5.1844
v -40.77 -9.42 -4.2669
v -41.314 -8.5759 -4.4819
v -40.805 -8.7867 -3.8136
v -34.992 -20.368 -4.7733
v -35.314 -20.513 -5.5664
v -35.466 -19.513 -4.5378
v -43.659 -7.3195 1.7708
v -44.284 -7.002 1.3027
v -44.74 -7.3096 1.437
v -43.855 -7.7399 2.1332
v -43.659 -7.3195 1.7708
v -44.74 -7.3096 1.437
v -37.404 -16.55 -4.3188
v -38.486 -14.996 -4.5089
v -37.417 -15.691 -3.4061
v -35.739 -19.668 -5.1844
v -35.466 -19.513 -4.5378
v -35.314 -20.513 -5.5664
v -47.995 -11.975 -15.762
v -47.868 -11.974 -15.123
v -48.274 -11.22 -15.841
v -42.696 -4.5282 -4.4355
v -42.499 -5.2421 -4.4422
v -42.762 -5.0701 -4.9292
v -43.817 -2.8259 -4.9274
v -43.335 -3.2142 -4.8032
v -43.425 -3.0676 -5.064
v -43.335 -3.2142 -4.8032
v -43.817 -2.8259 -4.9274
v -43.333 -3.4434 -4.4433
v -47.868 -11.974 -15.123
v -48.013 -11.565 -14.853
v -48.274 -11.22 -15.841
v -43.668 -6.2484 -0.88333
v -43.368 -6.1022 -1.2752
v -43.69 -5.5649 -1.7027
v -42.762 -5.0701 -4.9292
v -42.959 -4.3957 -4.944
v -42.696 -4.5282 -4.4355
v -42.579 -5.8695 -4.9501
v -41.879 -6.3744 -3.9842
v -42.197 -6.6497 -4.7904
v -43.849 -3.6389 -4.0961
v -43.333 -3.4434 -4.4433
v -44.057 -3.2638 -4.4472
v -43.161 -10.173 2.1456
v -42.665 -11.094 2.2811
v -42.868 -10.251 2.4907
v -42.197 -6.6497 -4.7904
v -41.879 -6.3744 -3.9842
v -41.87 -6.822 -4.2969
v -43.328 -3.896 -3.7721
v -43.841 -4.1763 -3.3926
v -43.341 -4.4622 -3.1559
v -36.713 -20.905 0.015684
v -37.014 -21.459 -0.55148
v -36.558 -21.05 -0.73768
v -43.755 -6.7098 0.37772
v -44.013 -6.3846 0.088565
v -44.344 -6.4693 0.41003
v -44.284 -7.002 1.3027
v -43.755 -6.7098 0.37772
v -44.344 -6.4693 0.41003
v -40.032 -16.418 2.2175
v -40.191 -15.813 2.434
v -40.521 -16.094 1.9356
v -38.055 -19.711 2.0741
v -38.343 -19.127 2.2117
v -38.675 -19.848 1.2995
v -45.573 -16.997 -15.561
v -45.394 -17.367 -15.501
v -45.51 -16.96 -14.986
v -43.855 -7.7399 2.1332
v -44.306 -8.0521 1.6907
v -43.661 -8.5523 2.3581
v -41.041 -14.695 2.2046
v -40.712 -15.382 2.1211
v -40.633 -14.932 2.4962
v -37.509 -20.699 1.8412
v -37.783 -20.473 1.7819
v -37.862 -21.049 1.1757
v -37.571 -21.049 1.3508
v -37.509 -20.699 1.8412
v -37.862 -21.049 1.1757
v -45.947 -16.216 -15.321
v -45.573 -16.997 -15.561
v -45.51 -16.96 -14.986
v -35.128 -20.889 -4.9976
v -35.022 -20.807 -4.8435
v -35.174 -20.999 -4.6474
v -49.779 -5.9041 -17.945
v -49.96 -5.1392 -17.935
v -49.624 -5.3717 -18.621
v -39.757 -17.14 2.1287
v -40.032 -16.418 2.2175
v -40.247 -16.64 1.8251
v -42.197 -6.6497 -4.7904
v -41.87 -6.822 -4.2969
v -42.003 -7.3686 -4.8156
v -36.426 -18.773 -5.2198
v -36.491 -17.824 -4.1439
v -36.018 -18.575 -4.3666
v -39.167 -13.324 -4.2769
v -39.29 -12.801 -3.9704
v -38.816 -13.521 -3.6582
v -42.579 -5.8695 -4.9501
v -42.762 -5.0701 -4.9292
v -42.499 -5.2421 -4.4422
v -39.167 -13.324 -4.2769
v -38.816 -13.521 -3.6582
v -38.835 -13.887 -4.0274
v -35.739 -19.668 -5.1844
v -36.426 -18.773 -5.2198
v -36.018 -18.575 -4.3666
v -42.25 -5.7184 -4.2756
v -42.579 -5.8695 -4.9501
v -42.499 -5.2421 -4.4422
v -44.35 -19.288 -16.304
v -43.887 -19.989 -15.88
v -44.4 -19.088 -15.689
v -41.458 -7.7479 -4.2056
v -41.171 -8.4676 -4.156
v -41.314 -8.5759 -4.4819
v -41.314 -8.5759 -4.4819
v -40.77 -9.42 -4.2669
v -41.11 -9.1807 -4.6497
v -49.779 -5.9041 -17.945
v -49.624 -5.3717 -18.621
v -49.379 -6.1364 -18.808
v -44.4 -19.088 -15.689
v -44.715 -18.472 -15.283
v -44.83 -18.449 -16.067
v -36.003 -21.133 -2.167
v -36.289 -21.52 -2.7232
v -35.715 -20.987 -2.7804
v -43.957 -8.8568 1.8238
v -43.661 -8.5523 2.3581
v -44.306 -8.0521 1.6907
v -40.163 -10.934 -4.2361
v -40.439 -10.391 -4.4181
v -40.252 -10.312 -3.9995
v -43.162 -4.8397 -2.7825
v -43.341 -4.4622 -3.1559
v -44.091 -4.6476 -2.8061
v -39.771 -12.15 -4.4079
v -39.697 -11.62 -3.927
v -39.622 -12.018 -4.0055
v -37.108 -21.273 0.16022
v -37.014 -21.459 -0.55148
v -36.713 -20.905 0.015684
v -38.2 -20.619 1.2443
v -37.862 -21.049 1.1757
v -37.783 -20.473 1.7819
v -37.223 -20.98 1.3059
v -37.571 -21.049 1.3508
v -37.707 -21.325 0.87797
v -37.173 -21.135 0.75613
v -37.223 -20.98 1.3059
v -37.707 -21.325 0.87797
v -43.062 -3.6575 -4.7279
v -43.271 -3.6232 -5.2006
v -43.425 -3.0676 -5.064
v -38.692 -14.47 -4.4528
v -38.835 -13.887 -4.0274
v -38.242 -14.414 -3.615
v -44.83 -18.449 -16.067
v -44.715 -18.472 -15.283
v -45.049 -17.914 -15.44
v -38.029 -14.882 -3.7045
v -38.692 -14.47 -4.4528
v -38.242 -14.414 -3.615
v -38.486 -14.996 -4.5089
v -38.692 -14.47 -4.4528
v -38.029 -14.882 -3.7045
v -43.271 -3.6232 -5.2006
v -43.661 -2.7312 -5.595
v -43.425 -3.0676 -5.064
v -39.622 -12.018 -4.0055
v -39.29 -12.801 -3.9704
v -39.771 -12.15 -4.4079
v -41.3 -23.446 -18.464
v -40.917 -23.826 -18.673
v -41.041 -23.884 -18.135
v -38.343 -19.127 2.2117
v -38.918 -19.108 1.5502
v -38.675 -19.848 1.2995
v -40.191 -15.813 2.434
v -40.712 -15.382 2.1211
v -40.521 -16.094 1.9356
v -40.77 -9.42 -4.2669
v -40.252 -10.312 -3.9995
v -40.439 -10.391 -4.4181
v -44.057 -3.2638 -4.4472
v -43.333 -3.4434 -4.4433
v -43.817 -2.8259 -4.9274
v -37.404 -16.55 -4.3188
v -36.989 -17.095 -4.2976
v -37.323 -17.521 -5.2958
v -36.912 -17.614 -4.6214
v -37.323 -17.521 -5.2958
v -36.989 -17.095 -4.2976
v -43.188 -4.2054 -5.1929
v -43.271 -3.6232 -5.2006
v -42.959 -4.3957 -4.944
v -36.426 -18.773 -5.2198
v -36.92 -18.004 -5.2111
v -36.491 -17.824 -4.1439
v -40.247 -16.64 1.8251
v -40.04 -17.347 1.6168
v -39.757 -17.14 2.1287
v -39.081 -18.453 1.8773
v -39.354 -17.561 2.2476
v -39.582 -18.22 1.4381
v -35.128 -20.889 -4.9976
v -35.174 -20.999 -4.6474
v -35.356 -21.061 -5.3773
v -43.841 -4.1763 -3.3926
v -43.328 -3.896 -3.7721
v -44.37 -3.7975 -3.8147
v -42.206 -11.863 2.4381
v -42.665 -11.094 2.2811
v -42.87 -11.763 1.7622
v -43.341 -4.4622 -3.1559
v -43.841 -4.1763 -3.3926
v -44.091 -4.6476 -2.8061
v -43.28 -9.4566 2.3963
v -43.661 -8.5523 2.3581
v -43.957 -8.8568 1.8238
v -41.974 -12.724 2.1924
v -42.206 -11.863 2.4381
v -42.356 -12.348 2.0144
v -43.887 -19.989 -15.88
v -43.487 -20.647 -16.638
v -43.226 -21.009 -16.205
v -43.162 -4.8397 -2.7825
v -44.132 -5.1131 -2.217
v -43.315 -5.244 -2.2437
v -43.161 -10.173 2.1456
v -43.28 -9.4566 2.3963
v -43.524 -10.223 1.7366
v -44.013 -6.3846 0.088565
v -43.94 -6.1835 -0.33025
v -44.628 -5.8623 -0.26023
v -38.675 -19.848 1.2995
v -38.2 -20.619 1.2443
v -38.055 -19.711 2.0741
v -41.87 -6.822 -4.2969
v -41.458 -7.7479 -4.2056
v -42.003 -7.3686 -4.8156
v -43.226 -21.009 -16.205
v -43.021 -21.338 -16.955
v -42.905 -21.533 -15.932
v -39.771 -12.15 -4.4079
v -40.111 -11.444 -4.5345
v -39.697 -11.62 -3.927
v -43.69 -5.5649 -1.7027
v -43.315 -5.244 -2.2437
v -44.132 -5.1131 -2.217
v -43.021 -21.338 -16.955
v -42.579 -22.021 -16.379
v -42.905 -21.533 -15.932
v -43.69 -5.5649 -1.7027
v -44.322 -5.7906 -0.88722
v -43.668 -6.2484 -0.88333
v -44.322 -5.7906 -0.88722
v -43.94 -6.1835 -0.33025
v -43.668 -6.2484 -0.88333
v -41.459 -13.864 2.2204
v -41.974 -12.724 2.1924
v -41.903 -13.669 1.7229
v -35.128 -20.889 -4.9976
v -35.356 -21.061 -5.3773
v -35.281 -20.782 -5.5585
v -44.013 -6.3846 0.088565
v -44.628 -5.8623 -0.26023
v -44.344 -6.4693 0.41003
v -43.849 -3.6389 -4.0961
v -44.37 -3.7975 -3.8147
v -43.328 -3.896 -3.7721
v -41.782 -7.8626 -4.8655
v -42.003 -7.3686 -4.8156
v -41.458 -7.7479 -4.2056
v -41.314 -8.5759 -4.4819
v -41.782 -7.8626 -4.8655
v -41.458 -7.7479 -4.2056
v -36.07 -20.963 -1.5906
v -36.721 -21.505 -1.4362
v -36.003 -21.133 -2.167
v -35.715 -20.987 -2.7804
v -36.289 -21.52 -2.7232
v -35.832 -21.291 -3.3437
v -43.524 -10.223 1.7366
v -43.28 -9.4566 2.3963
v -43.816 -9.6667 1.6176
v -49.779 -5.9041 -17.945
v -49.954 -5.7254 -17.246
v -49.96 -5.1392 -17.935
v -37.707 -21.325 0.87797
v -37.571 -21.049 1.3508
v -37.862 -21.049 1.1757
v -40.521 -16.094 1.9356
v -40.247 -16.64 1.8251
v -40.032 -16.418 2.2175
v -40.163 -10.934 -4.2361
v -40.472 -10.854 -4.9024
v -40.439 -10.391 -4.4181
v -40.829 -10.16 -4.9522
v -40.77 -9.42 -4.2669
v -40.439 -10.391 -4.4181
v -47.611 -12.731 -15.297
v -47.3 -13.466 -15.455
v -47.359 -13.037 -14.693
v -40.04 -17.347 1.6168
v -39.582 -18.22 1.4381
v -39.757 -17.14 2.1287
v -40.712 -15.382 2.1211
v -41.041 -14.695 2.2046
v -41.224 -15.187 1.6672
v -39.582 -18.22 1.4381
v -39.354 -17.561 2.2476
v -39.757 -17.14 2.1287
v -42.356 -12.348 2.0144
v -42.206 -11.863 2.4381
v -42.87 -11.763 1.7622
v -43.115 -11.026 1.7815
v -42.87 -11.763 1.7622
v -42.665 -11.094 2.2811
v -43.425 -3.0676 -5.064
v -43.661 -2.7312 -5.595
v -43.817 -2.8259 -4.9274
v -43.855 -7.7399 2.1332
v -44.74 -7.3096 1.437
v -44.306 -8.0521 1.6907
v -36.012 -19.908 -6.0049
v -35.739 -19.668 -5.1844
v -35.314 -20.513 -5.5664
v -41.314 -8.5759 -4.4819
v -41.11 -9.1807 -4.6497
v -41.474 -8.8127 -5.0703
v -46.602 -15.025 -15.544
v -46.658 -14.575 -14.46
v -46.928 -14.297 -15.437
v -43.817 -2.8259 -4.9274
v -43.661 -2.7312 -5.595
v -43.994 -2.4941 -5.5404
v -45.394 -17.367 -15.501
v -45.049 -17.914 -15.44
v -45.092 -17.723 -14.825
v -43.816 -9.6667 1.6176
v -43.28 -9.4566 2.3963
v -43.957 -8.8568 1.8238
v -39.771 -12.15 -4.4079
v -39.29 -12.801 -3.9704
v -39.651 -12.705 -4.5406
v -44.443 -5.4321 -1.6457
v -43.69 -5.5649 -1.7027
v -44.132 -5.1131 -2.217
v -43.473 -3.4919 -5.6488
v -43.661 -2.7312 -5.595
v -43.271 -3.6232 -5.2006
v -39.167 -13.324 -4.2769
v -39.651 -12.705 -4.5406
v -39.29 -12.801 -3.9704
v -44.443 -5.4321 -1.6457
v -44.322 -5.7906 -0.88722
v -43.69 -5.5649 -1.7027
v -44.132 -5.1131 -2.217
v -43.162 -4.8397 -2.7825
v -44.091 -4.6476 -2.8061
v -43.161 -10.173 2.1456
v -43.115 -11.026 1.7815
v -42.665 -11.094 2.2811
v -45.51 -16.96 -14.986
v -45.629 -16.722 -14.846
v -45.947 -16.216 -15.321
v -43.94 -6.1835 -0.33025
v -44.322 -5.7906 -0.88722
v -44.628 -5.8623 -0.26023
v -36.912 -17.614 -4.6214
v -36.491 -17.824 -4.1439
v -36.92 -18.004 -5.2111
v -36.721 -21.505 -1.4362
v -36.558 -21.05 -0.73768
v -37.014 -21.459 -0.55148
v -41.782 -7.8626 -4.8655
v -41.314 -8.5759 -4.4819
v -41.741 -8.3286 -5.18
v -37.505 -21.642 0.13794
v -37.108 -21.273 0.16022
v -37.6 -21.524 0.55862
v -37.108 -21.273 0.16022
v -37.173 -21.135 0.75613
v -37.6 -21.524 0.55862
v -35.174 -20.999 -4.6474
v -35.458 -21.126 -4.2438
v -35.683 -21.421 -4.9397
v -44.869 -6.5673 0.80538
v -44.284 -7.002 1.3027
v -44.344 -6.4693 0.41003
v -37.173 -21.135 0.75613
v -37.707 -21.325 0.87797
v -37.6 -21.524 0.55862
v -41.041 -14.695 2.2046
v -41.459 -13.864 2.2204
v -41.461 -14.625 1.7112
v -41.224 -15.187 1.6672
v -41.041 -14.695 2.2046
v -41.461 -14.625 1.7112
v -49.898 -4.6325 -18.428
v -49.624 -5.3717 -18.621
v -49.96 -5.1392 -17.935
v -40.111 -11.444 -4.5345
v -39.771 -12.15 -4.4079
v -40.058 -12.208 -5.0514
v -43.994 -2.4941 -5.5404
v -43.661 -2.7312 -5.595
v -43.823 -2.595 -5.9888
v -43.661 -2.7312 -5.595
v -43.473 -3.4919 -5.6488
v -43.823 -2.595 -5.9888
v -41.461 -14.625 1.7112
v -41.459 -13.864 2.2204
v -41.903 -13.669 1.7229
v -37.323 -17.521 -5.2958
v -36.912 -17.614 -4.6214
v -36.92 -18.004 -5.2111
v -41.11 -9.1807 -4.6497
v -40.77 -9.42 -4.2669
v -41.047 -9.7036 -5.0496
v -42.579 -5.8695 -4.9501
v -42.903 -5.3493 -5.4089
v -42.762 -5.0701 -4.9292
v -40.77 -9.42 -4.2669
v -40.829 -10.16 -4.9522
v -41.047 -9.7036 -5.0496
v -42.609 -21.952 -17.098
v -42.225 -22.504 -17.233
v -42.579 -22.021 -16.379
v -42.579 -22.021 -16.379
v -42.225 -22.504 -17.233
v -42.117 -22.708 -16.439
v -41.622 -23.194 -17.972
v -41.041 -23.884 -18.135
v -41.487 -23.509 -17.349
v -40.111 -11.444 -4.5345
v -40.472 -10.854 -4.9024
v -40.163 -10.934 -4.2361
v -35.356 -21.061 -5.3773
v -35.174 -20.999 -4.6474
v -35.683 -21.421 -4.9397
v -35.458 -21.126 -4.2438
v -35.832 -21.291 -3.3437
v -35.973 -21.528 -3.8014
v -41.974 -12.724 2.1924
v -42.356 -12.348 2.0144
v -42.353 -13.146 1.5419
v -41.224 -15.187 1.6672
v -40.521 -16.094 1.9356
v -40.712 -15.382 2.1211
v -43.021 -21.338 -16.955
v -42.609 -21.952 -17.098
v -42.579 -22.021 -16.379
v -42.959 -4.3957 -4.944
v -42.762 -5.0701 -4.9292
v -43.068 -4.8808 -5.4475
v -37.505 -21.642 0.13794
v -37.014 -21.459 -0.55148
v -37.108 -21.273 0.16022
v -44.74 -7.3096 1.437
v -44.284 -7.002 1.3027
v -45.047 -6.8509 1.0001
v -38.692 -14.47 -4.4528
v -39.167 -13.324 -4.2769
v -38.835 -13.887 -4.0274
v -38.486 -14.996 -4.5089
v -37.404 -16.55 -4.3188
v -38.646 -15.108 -5.0911
v -43.823 -2.595 -5.9888
v -44.117 -2.2677 -5.8928
v -43.994 -2.4941 -5.5404
v -41.003 -22.178 -20.037
v -41.942 -21.004 -19.929
v -41.224 -20.56 -20.42
v -43.473 -3.4919 -5.6488
v -43.757 -3.055 -6.1083
v -43.823 -2.595 -5.9888
v -39.525 -19.041 0.86403
v -39.081 -18.453 1.8773
v -39.582 -18.22 1.4381
v -43.564 -15.497 -20.277
v -43.285 -16.85 -20.305
v -44.115 -16.293 -20.178
v -44.988 -13.114 -20.244
v -44.682 -14.852 -20.189
v -45.466 -13.751 -20.162
v -38.918 -19.108 1.5502
v -39.081 -18.453 1.8773
v -39.525 -19.041 0.86403
v -44.682 -14.852 -20.189
v -43.564 -15.497 -20.277
v -44.115 -16.293 -20.178
v -43.271 -3.6232 -5.2006
v -43.188 -4.2054 -5.1929
v -43.391 -4.3393 -5.9003
v -41.025 -15.733 1.4977
v -40.521 -16.094 1.9356
v -41.224 -15.187 1.6672
v -43.188 -4.2054 -5.1929
v -42.959 -4.3957 -4.944
v -43.068 -4.8808 -5.4475
v -44.628 -5.8623 -0.26023
v -45.159 -6.0602 0.18546
v -44.344 -6.4693 0.41003
v -43.994 -2.4941 -5.5404
v -44.521 -2.4666 -5.4643
v -43.817 -2.8259 -4.9274
v -44.869 -6.5673 0.80538
v -44.344 -6.4693 0.41003
v -45.159 -6.0602 0.18546
v -44.37 -3.7975 -3.8147
v -43.849 -3.6389 -4.0961
v -44.057 -3.2638 -4.4472
v -44.388 -8.7908 1.2938
v -43.957 -8.8568 1.8238
v -44.306 -8.0521 1.6907
v -38.675 -19.848 1.2995
v -38.918 -19.108 1.5502
v -39.128 -19.607 0.88452
v -49.837 -6.2683 -16.761
v -50.096 -5.1894 -16.809
v -49.954 -5.7254 -17.246
v -43.841 -4.1763 -3.3926
v -44.583 -4.3187 -3.0855
v -44.091 -4.6476 -2.8061
v -44.091 -4.6476 -2.8061
v -44.505 -4.9463 -2.2593
v -44.132 -5.1131 -2.217
v -49.96 -5.1392 -17.935
v -49.954 -5.7254 -17.246
v -50.096 -5.1894 -16.809
v -43.524 -10.223 1.7366
v -43.115 -11.026 1.7815
v -43.161 -10.173 2.1456
v -42.903 -5.3493 -5.4089
v -43.068 -4.8808 -5.4475
v -42.762 -5.0701 -4.9292
v -40.472 -10.854 -4.9024
v -40.829 -10.16 -4.9522
v -40.439 -10.391 -4.4181
v -48.583 -5.7977 -19.785
v -49.379 -6.1364 -18.808
v -49.624 -5.3717 -18.621
v -43.473 -3.4919 -5.6488
v -43.271 -3.6232 -5.2006
v -43.599 -4.0134 -6.1595
v -43.391 -4.3393 -5.9003
v -43.599 -4.0134 -6.1595
v -43.271 -3.6232 -5.2006
v -44.443 -5.4321 -1.6457
v -44.132 -5.1131 -2.217
v -44.505 -4.9463 -2.2593
v -43.823 -2.595 -5.9888
v -43.757 -3.055 -6.1083
v -43.851 -2.8896 -6.2154
v -39.771 -12.15 -4.4079
v -39.651 -12.705 -4.5406
v -40.058 -12.208 -5.0514
v -43.655 -3.4512 -6.0028
v -43.757 -3.055 -6.1083
v -43.473 -3.4919 -5.6488
v -42.579 -5.8695 -4.9501
v -42.197 -6.6497 -4.7904
v -42.502 -6.507 -5.3308
v -44.057 -3.2638 -4.4472
v -43.817 -2.8259 -4.9274
v -44.707 -3.1108 -4.6047
v -43.887 -19.989 -15.88
v -43.226 -21.009 -16.205
v -43.516 -20.501 -15.271
v -35.832 -21.291 -3.3437
v -36.289 -21.52 -2.7232
v -36.437 -21.871 -3.3987
v -45.866 -16.198 -14.556
v -45.947 -16.216 -15.321
v -45.629 -16.722 -14.846
v -36.721 -21.505 -1.4362
v -37.014 -21.459 -0.55148
v -37.403 -22.061 -1.2145
v -37.505 -21.642 0.13794
v -37.6 -21.524 0.55862
v -37.854 -21.739 0.39232
v -35.973 -21.528 -3.8014
v -35.832 -21.291 -3.3437
v -36.437 -21.871 -3.3987
v -44.306 -8.0521 1.6907
v -44.74 -7.3096 1.437
v -44.847 -7.7447 1.1451
v -41.11 -9.1807 -4.6497
v -41.047 -9.7036 -5.0496
v -41.288 -9.7193 -5.4174
v -41.474 -8.8127 -5.0703
v -41.741 -8.3286 -5.18
v -41.314 -8.5759 -4.4819
v -41.903 -13.669 1.7229
v -41.974 -12.724 2.1924
v -42.353 -13.146 1.5419
v -40.794 -16.047 1.6294
v -40.521 -16.094 1.9356
v -41.025 -15.733 1.4977
v -47.3 -13.466 -15.455
v -46.928 -14.297 -15.437
v -47.138 -13.481 -14.509
v -40.521 -16.094 1.9356
v -40.794 -16.047 1.6294
v -40.705 -16.678 1.2775
v -43.516 -20.501 -15.271
v -43.931 -19.825 -15.163
v -43.887 -19.989 -15.88
v -36.426 -18.773 -5.2198
v -35.739 -19.668 -5.1844
v -36.729 -18.888 -5.9582
v -47.3 -13.466 -15.455
v -47.138 -13.481 -14.509
v -47.359 -13.037 -14.693
v -40.521 -16.094 1.9356
v -40.705 -16.678 1.2775
v -40.247 -16.64 1.8251
v -47.138 -13.481 -14.509
v -46.928 -14.297 -15.437
v -46.848 -14.134 -14.453
v -44.322 -5.7906 -0.88722
v -44.443 -5.4321 -1.6457
v -44.628 -5.8623 -0.26023
v -41.474 -8.8127 -5.0703
v -41.11 -9.1807 -4.6497
v -41.288 -9.7193 -5.4174
v -36.012 -19.908 -6.0049
v -36.729 -18.888 -5.9582
v -35.739 -19.668 -5.1844
v -39.31 -13.903 -5.0138
v -39.651 -12.705 -4.5406
v -39.167 -13.324 -4.2769
v -42.225 -22.504 -17.233
v -41.487 -23.509 -17.349
v -41.689 -23.323 -16.562
v -45.047 -6.8509 1.0001
v -44.284 -7.002 1.3027
v -44.869 -6.5673 0.80538
v -39.31 -13.903 -5.0138
v -38.692 -14.47 -4.4528
v -38.646 -15.108 -5.0911
v -38.692 -14.47 -4.4528
v -39.31 -13.903 -5.0138
v -39.167 -13.324 -4.2769
v -38.486 -14.996 -4.5089
v -38.646 -15.108 -5.0911
v -38.692 -14.47 -4.4528
v -43.995 -2.561 -6.5546
v -44.192 -1.982 -6.5648
v -44.117 -2.2677 -5.8928
v -44.117 -2.2677 -5.8928
v -43.823 -2.595 -5.9888
v -43.995 -2.561 -6.5546
v -40.04 -17.347 1.6168
v -40.263 -17.714 1.0555
v -39.582 -18.22 1.4381
v -41.689 -23.323 -16.562
v -42.117 -22.708 -16.439
v -42.225 -22.504 -17.233
v -40.111 -11.444 -4.5345
v -40.362 -11.459 -5.086
v -40.472 -10.854 -4.9024
v -43.994 -2.4941 -5.5404
v -44.117 -2.2677 -5.8928
v -44.521 -2.4666 -5.4643
v -40.058 -12.208 -5.0514
v -40.362 -11.459 -5.086
v -40.111 -11.444 -4.5345
v -40.705 -16.678 1.2775
v -40.04 -17.347 1.6168
v -40.247 -16.64 1.8251
v -43.823 -2.595 -5.9888
v -43.851 -2.8896 -6.2154
v -43.995 -2.561 -6.5546
v -36.92 -18.004 -5.2111
v -36.426 -18.773 -5.2198
v -36.729 -18.888 -5.9582
v -41.461 -14.625 1.7112
v -41.903 -13.669 1.7229
v -41.938 -14.19 1.4552
v -43.655 -3.4512 -6.0028
v -43.473 -3.4919 -5.6488
v -43.599 -4.0134 -6.1595
v -42.197 -6.6497 -4.7904
v -42.003 -7.3686 -4.8156
v -42.464 -7.046 -5.6188
v -43.188 -4.2054 -5.1929
v -43.068 -4.8808 -5.4475
v -43.391 -4.3393 -5.9003
v -42.168 -7.7513 -5.5665
v -42.003 -7.3686 -4.8156
v -41.782 -7.8626 -4.8655
v -44.583 -4.3187 -3.0855
v -43.841 -4.1763 -3.3926
v -44.37 -3.7975 -3.8147
v -37.854 -21.739 0.39232
v -37.6 -21.524 0.55862
v -37.707 -21.325 0.87797
v -37.707 -21.325 0.87797
v -37.862 -21.049 1.1757
v -38.139 -21.42 0.58387
v -42.903 -5.3493 -5.4089
v -42.579 -5.8695 -4.9501
v -42.824 -5.9105 -5.5102
v -44.505 -4.9463 -2.2593
v -44.091 -4.6476 -2.8061
v -44.583 -4.3187 -3.0855
v -36.289 -21.52 -2.7232
v -36.003 -21.133 -2.167
v -36.915 -21.925 -1.9934
v -44.628 -5.8623 -0.26023
v -44.443 -5.4321 -1.6457
v -45.302 -5.4031 -0.91616
v -37.375 -21.843 -0.6831
v -37.403 -22.061 -1.2145
v -37.014 -21.459 -0.55148
v -44.4 -19.088 -15.689
v -43.887 -19.989 -15.88
v -44.369 -19.113 -15.155
v -36.003 -21.133 -2.167
v -36.721 -21.505 -1.4362
v -36.915 -21.925 -1.9934
v -40.829 -10.16 -4.9522
v -40.472 -10.854 -4.9024
v -40.73 -10.827 -5.3882
v -40.917 -23.826 -18.673
v -40.576 -24.394 -18.485
v -41.041 -23.884 -18.135
v -44.192 -1.982 -6.5648
v -44.402 -1.9847 -6.1123
v -44.117 -2.2677 -5.8928
v -38.727 -20.465 0.69369
v -38.2 -20.619 1.2443
v -38.675 -19.848 1.2995
v -42.502 -6.507 -5.3308
v -42.197 -6.6497 -4.7904
v -42.464 -7.046 -5.6188
v -40.576 -24.394 -18.485
v -40.52 -24.074 -19.05
v -40.125 -24.927 -18.657
v -44.369 -19.113 -15.155
v -44.715 -18.472 -15.283
v -44.4 -19.088 -15.689
v -43.793 -3.4271 -6.3372
v -43.757 -3.055 -6.1083
v -43.655 -3.4512 -6.0028
v -37.862 -21.049 1.1757
v -38.2 -20.619 1.2443
v -38.139 -21.42 0.58387
v -42.168 -7.7513 -5.5665
v -42.464 -7.046 -5.6188
v -42.003 -7.3686 -4.8156
v -42.84 -12.577 1.2598
v -42.356 -12.348 2.0144
v -42.87 -11.763 1.7622
v -40.52 -24.074 -19.05
v -40.576 -24.394 -18.485
v -40.917 -23.826 -18.673
v -44.306 -8.0521 1.6907
v -44.847 -7.7447 1.1451
v -44.788 -8.3836 0.8677
v -44.388 -8.7908 1.2938
v -44.306 -8.0521 1.6907
v -44.788 -8.3836 0.8677
v -37.014 -21.459 -0.55148
v -37.505 -21.642 0.13794
v -37.375 -21.843 -0.6831
v -35.458 -21.126 -4.2438
v -35.973 -21.528 -3.8014
v -36.19 -21.889 -4.3914
v -44.37 -9.379 1.0596
v -43.957 -8.8568 1.8238
v -44.388 -8.7908 1.2938
v -43.816 -9.6667 1.6176
v -43.957 -8.8568 1.8238
v -44.37 -9.379 1.0596
v -44.37 -3.7975 -3.8147
v -44.057 -3.2638 -4.4472
v -44.707 -3.1108 -4.6047
v -35.431 -21.318 -6.0779
v -35.281 -20.782 -5.5585
v -35.552 -21.367 -5.6624
v -35.281 -20.782 -5.5585
v -35.356 -21.061 -5.3773
v -35.552 -21.367 -5.6624
v -35.356 -21.061 -5.3773
v -35.683 -21.421 -4.9397
v -35.552 -21.367 -5.6624
v -35.683 -21.421 -4.9397
v -35.458 -21.126 -4.2438
v -36.19 -21.889 -4.3914
v -42.824 -5.9105 -5.5102
v -43.111 -5.7599 -6.1787
v -42.903 -5.3493 -5.4089
v -42.502 -6.507 -5.3308
v -42.824 -5.9105 -5.5102
v -42.579 -5.8695 -4.9501
v -37.323 -17.521 -5.2958
v -38.138 -16.502 -5.7282
v -37.404 -16.55 -4.3188
v -36.012 -19.908 -6.0049
v -35.314 -20.513 -5.5664
v -35.419 -21.2 -6.834
v -38.138 -16.502 -5.7282
v -38.646 -15.108 -5.0911
v -37.404 -16.55 -4.3188
v -35.314 -20.513 -5.5664
v -35.281 -20.782 -5.5585
v -35.419 -21.2 -6.834
v -48.546 -10.489 -15.832
v -48.313 -10.864 -15.1
v -48.53 -10.18 -14.812
v -44.447 -1.7101 -6.4437
v -44.192 -1.982 -6.5648
v -44.574 -1.3874 -6.8301
v -40.472 -10.854 -4.9024
v -40.362 -11.459 -5.086
v -40.73 -10.827 -5.3882
v -44.402 -1.9847 -6.1123
v -44.192 -1.982 -6.5648
v -44.447 -1.7101 -6.4437
v -43.817 -2.8259 -4.9274
v -44.521 -2.4666 -5.4643
v -44.968 -2.7142 -4.9992
v -43.95 -3.1051 -6.6032
v -43.851 -2.8896 -6.2154
v -43.757 -3.055 -6.1083
v -43.757 -3.055 -6.1083
v -43.793 -3.4271 -6.3372
v -43.95 -3.1051 -6.6032
v -37.403 -22.061 -1.2145
v -36.915 -21.925 -1.9934
v -36.721 -21.505 -1.4362
v -36.92 -18.004 -5.2111
v -36.729 -18.888 -5.9582
v -37.334 -18.128 -6.1682
v -43.793 -3.4271 -6.3372
v -43.655 -3.4512 -6.0028
v -43.599 -4.0134 -6.1595
v -43.338 -5.0691 -6.2571
v -43.068 -4.8808 -5.4475
v -42.903 -5.3493 -5.4089
v -41.782 -7.8626 -4.8655
v -41.741 -8.3286 -5.18
v -42.168 -7.7513 -5.5665
v -35.419 -21.2 -6.834
v -35.281 -20.782 -5.5585
v -35.431 -21.318 -6.0779
v -41.288 -9.7193 -5.4174
v -41.663 -9.1575 -5.725
v -41.474 -8.8127 -5.0703
v -45.394 -17.367 -15.501
v -45.092 -17.723 -14.825
v -45.51 -16.96 -14.986
v -43.338 -5.0691 -6.2571
v -42.903 -5.3493 -5.4089
v -43.111 -5.7599 -6.1787
v -48.961 -9.1889 -15.701
v -48.546 -10.489 -15.832
v -48.716 -9.6558 -14.933
v -42.353 -13.146 1.5419
v -42.356 -12.348 2.0144
v -42.84 -12.577 1.2598
v -44.521 -2.4666 -5.4643
v -44.117 -2.2677 -5.8928
v -44.402 -1.9847 -6.1123
v -43.068 -4.8808 -5.4475
v -43.338 -5.0691 -6.2571
v -43.391 -4.3393 -5.9003
v -44.574 -1.3874 -6.8301
v -44.192 -1.982 -6.5648
v -44.401 -1.4905 -7.1072
v -44.401 -1.4905 -7.1072
v -44.192 -1.982 -6.5648
v -44.231 -2.1077 -7.0417
v -43.887 -19.989 -15.88
v -43.931 -19.825 -15.163
v -44.369 -19.113 -15.155
v -44.968 -2.7142 -4.9992
v -44.707 -3.1108 -4.6047
v -43.817 -2.8259 -4.9274
v -44.447 -1.7101 -6.4437
v -44.734 -1.4817 -6.5494
v -44.402 -1.9847 -6.1123
v -44.37 -3.7975 -3.8147
v -44.707 -3.1108 -4.6047
v -45.071 -3.471 -3.9908
v -44.192 -1.982 -6.5648
v -43.995 -2.561 -6.5546
v -44.231 -2.1077 -7.0417
v -41.461 -14.625 1.7112
v -41.79 -15.015 1.0922
v -41.224 -15.187 1.6672
v -39.128 -19.607 0.88452
v -38.918 -19.108 1.5502
v -39.525 -19.041 0.86403
v -40.794 -16.047 1.6294
v -41.025 -15.733 1.4977
v -41.157 -16.199 1.0068
v -41.938 -14.19 1.4552
v -41.903 -13.669 1.7229
v -42.289 -14.175 0.96696
v -41.331 -15.574 1.2583
v -41.025 -15.733 1.4977
v -41.224 -15.187 1.6672
v -42.751 -6.5196 -5.925
v -42.824 -5.9105 -5.5102
v -42.502 -6.507 -5.3308
v -45.866 -16.198 -14.556
v -46.227 -15.637 -15.048
v -45.947 -16.216 -15.321
v -40.495 -11.705 -5.582
v -40.362 -11.459 -5.086
v -40.058 -12.208 -5.0514
v -46.191 -10.529 -20.276
v -45.726 -11.254 -20.196
v -46.64 -11.52 -19.957
v -37.323 -17.521 -5.2958
v -36.92 -18.004 -5.2111
v -37.334 -18.128 -6.1682
v -45.302 -5.4031 -0.91616
v -45.476 -5.3871 -0.58723
v -44.628 -5.8623 -0.26023
v -45.159 -6.0602 0.18546
v -44.628 -5.8623 -0.26023
v -45.476 -5.3871 -0.58723
v -43.524 -10.223 1.7366
v -43.816 -9.6667 1.6176
v -43.995 -10.156 1.1301
v -36.19 -21.889 -4.3914
v -35.973 -21.528 -3.8014
v -36.437 -21.871 -3.3987
v -44.505 -4.9463 -2.2593
v -45.166 -5.2262 -1.6394
v -44.443 -5.4321 -1.6457
v -43.115 -11.026 1.7815
v -43.524 -10.223 1.7366
v -43.641 -10.993 1.1535
v -37.505 -21.642 0.13794
v -37.854 -21.739 0.39232
v -37.828 -21.989 -0.092023
v -38.464 -21.134 0.47116
v -38.139 -21.42 0.58387
v -38.2 -20.619 1.2443
v -37.707 -21.325 0.87797
v -38.139 -21.42 0.58387
v -37.854 -21.739 0.39232
v -46.123 -15.704 -14.238
v -46.4 -15.11 -14.336
v -46.227 -15.637 -15.048
v -37.505 -21.642 0.13794
v -37.828 -21.989 -0.092023
v -37.375 -21.843 -0.6831
v -46.602 -15.025 -15.544
v -46.227 -15.637 -15.048
v -46.4 -15.11 -14.336
v -38.2 -20.619 1.2443
v -38.727 -20.465 0.69369
v -38.464 -21.134 0.47116
v -39.31 -13.903 -5.0138
v -40.058 -12.208 -5.0514
v -39.651 -12.705 -4.5406
v -44.847 -7.7447 1.1451
v -45.047 -6.8509 1.0001
v -45.337 -7.1787 0.72091
v -45.047 -6.8509 1.0001
v -44.847 -7.7447 1.1451
v -44.74 -7.3096 1.437
v -44.869 -6.5673 0.80538
v -45.159 -6.0602 0.18546
v -45.406 -6.2816 0.52625
v -45.047 -6.8509 1.0001
v -44.869 -6.5673 0.80538
v -45.406 -6.2816 0.52625
v -46.602 -15.025 -15.544
v -46.4 -15.11 -14.336
v -46.658 -14.575 -14.46
v -44.37 -3.7975 -3.8147
v -45.071 -3.471 -3.9908
v -45.168 -3.9748 -3.4019
v -41.168 -10.245 -5.743
v -40.829 -10.16 -4.9522
v -40.73 -10.827 -5.3882
v -44.574 -1.3874 -6.8301
v -44.734 -1.4817 -6.5494
v -44.447 -1.7101 -6.4437
v -44.505 -4.9463 -2.2593
v -44.583 -4.3187 -3.0855
v -45.096 -4.6643 -2.5258
v -45.476 -5.3871 -0.58723
v -45.751 -5.527 -0.12092
v -45.159 -6.0602 0.18546
v -46.928 -14.297 -15.437
v -46.658 -14.575 -14.46
v -46.848 -14.134 -14.453
v -43.851 -2.8896 -6.2154
v -43.95 -3.1051 -6.6032
v -43.995 -2.561 -6.5546
v -35.448 -21.723 -6.6946
v -35.419 -21.2 -6.834
v -35.431 -21.318 -6.0779
v -42.751 -6.5196 -5.925
v -42.502 -6.507 -5.3308
v -42.464 -7.046 -5.6188
v -42.751 -6.5196 -5.925
v -43.111 -5.7599 -6.1787
v -42.824 -5.9105 -5.5102
v -43.641 -10.993 1.1535
v -43.433 -11.704 1.0844
v -43.115 -11.026 1.7815
v -36.289 -21.52 -2.7232
v -36.915 -21.925 -1.9934
v -36.956 -22.141 -2.61
v -44.715 -18.472 -15.283
v -45.092 -17.723 -14.825
v -45.049 -17.914 -15.44
v -42.87 -11.763 1.7622
v -43.115 -11.026 1.7815
v -43.433 -11.704 1.0844
v -42.168 -7.7513 -5.5665
v -41.741 -8.3286 -5.18
v -41.998 -8.3845 -5.8363
v -49.187 -8.5686 -16.037
v -48.961 -9.1889 -15.701
v -48.961 -9.0526 -14.956
v -40.705 -16.678 1.2775
v -40.794 -16.047 1.6294
v -41.157 -16.199 1.0068
v -41.331 -15.574 1.2583
v -41.157 -16.199 1.0068
v -41.025 -15.733 1.4977
v -42.289 -14.175 0.96696
v -41.903 -13.669 1.7229
v -42.353 -13.146 1.5419
v -40.04 -17.347 1.6168
v -40.705 -16.678 1.2775
v -40.813 -17.05 0.82841
v -40.263 -17.714 1.0555
v -40.04 -17.347 1.6168
v -40.813 -17.05 0.82841
v -43.641 -10.993 1.1535
v -43.524 -10.223 1.7366
v -43.995 -10.156 1.1301
v -43.793 -3.4271 -6.3372
v -43.599 -4.0134 -6.1595
v -43.88 -3.6663 -6.7699
v -44.734 -1.4817 -6.5494
v -44.922 -1.7624 -6.2641
v -44.402 -1.9847 -6.1123
v -50.113 -4.4762 -17.822
v -49.898 -4.6325 -18.428
v -49.96 -5.1392 -17.935
v -44.401 -1.4905 -7.1072
v -44.231 -2.1077 -7.0417
v -44.461 -1.5236 -7.3239
v -41.168 -10.245 -5.743
v -41.288 -9.7193 -5.4174
v -41.047 -9.7036 -5.0496
v -48.53 -10.18 -14.812
v -48.716 -9.6558 -14.933
v -48.546 -10.489 -15.832
v -41.168 -10.245 -5.743
v -41.047 -9.7036 -5.0496
v -40.829 -10.16 -4.9522
v -41.041 -23.884 -18.135
v -40.576 -24.394 -18.485
v -40.989 -24.203 -17.509
v -44.583 -4.3187 -3.0855
v -44.37 -3.7975 -3.8147
v -45.168 -3.9748 -3.4019
v -47.541 -12.533 -14.39
v -47.611 -12.731 -15.297
v -47.359 -13.037 -14.693
v -40.495 -11.705 -5.582
v -40.73 -10.827 -5.3882
v -40.362 -11.459 -5.086
v -39.582 -18.22 1.4381
v -40.263 -17.714 1.0555
v -40.188 -18.434 0.58638
v -43.433 -11.704 1.0844
v -42.84 -12.577 1.2598
v -42.87 -11.763 1.7622
v -36.437 -21.871 -3.3987
v -36.289 -21.52 -2.7232
v -36.956 -22.141 -2.61
v -47.868 -11.974 -15.123
v -47.611 -12.731 -15.297
v -47.541 -12.533 -14.39
v -41.041 -23.884 -18.135
v -40.989 -24.203 -17.509
v -41.487 -23.509 -17.349
v -41.663 -9.1575 -5.725
v -41.741 -8.3286 -5.18
v -41.474 -8.8127 -5.0703
v -35.431 -21.318 -6.0779
v -35.552 -21.367 -5.6624
v -35.754 -21.799 -5.8721
v -41.461 -14.625 1.7112
v -41.938 -14.19 1.4552
v -41.79 -15.015 1.0922
v -39.128 -19.607 0.88452
v -38.727 -20.465 0.69369
v -38.675 -19.848 1.2995
v -41.717 -15.294 0.98368
v -41.224 -15.187 1.6672
v -41.79 -15.015 1.0922
v -37.375 -21.843 -0.6831
v -37.828 -21.989 -0.092023
v -37.837 -22.088 -0.43002
v -40.058 -12.208 -5.0514
v -39.31 -13.903 -5.0138
v -40.002 -13.154 -5.8074
v -36.012 -19.908 -6.0049
v -36.73 -19.269 -6.633
v -36.729 -18.888 -5.9582
v -38.603 -16.101 -6.0757
v -38.646 -15.108 -5.0911
v -38.138 -16.502 -5.7282
v -40.762 -22.869 -19.832
v -40.329 -23.215 -19.95
v -40.589 -23.516 -19.551
v -44.724 -1.2123 -7.572
v -44.574 -1.3874 -6.8301
v -44.401 -1.4905 -7.1072
v -44.461 -1.5236 -7.3239
v -44.724 -1.2123 -7.572
v -44.401 -1.4905 -7.1072
v -44.922 -1.7624 -6.2641
v -45.212 -2.055 -5.7993
v -44.402 -1.9847 -6.1123
v -43.995 -2.561 -6.5546
v -44.276 -2.488 -7.3025
v -44.231 -2.1077 -7.0417
v -44.988 -13.114 -20.244
v -43.742 -14.29 -20.18
v -44.682 -14.852 -20.189
v -44.121 -2.9887 -7.052
v -44.276 -2.488 -7.3025
v -43.995 -2.561 -6.5546
v -48.961 -9.0526 -14.956
v -49.168 -8.2331 -14.607
v -49.187 -8.5686 -16.037
v -44.521 -2.4666 -5.4643
v -44.402 -1.9847 -6.1123
v -45.212 -2.055 -5.7993
v -43.995 -2.561 -6.5546
v -43.95 -3.1051 -6.6032
v -44.121 -2.9887 -7.052
v -49.537 -7.3413 -15.541
v -49.187 -8.5686 -16.037
v -49.168 -8.2331 -14.607
v -42.168 -7.7513 -5.5665
v -42.487 -7.5815 -6.1599
v -42.464 -7.046 -5.6188
v -43.391 -4.3393 -5.9003
v -43.745 -4.3963 -6.8967
v -43.599 -4.0134 -6.1595
v -45.302 -5.4031 -0.91616
v -44.443 -5.4321 -1.6457
v -45.166 -5.2262 -1.6394
v -35.552 -21.367 -5.6624
v -35.683 -21.421 -4.9397
v -35.754 -21.799 -5.8721
v -45.887 -12.356 -20.13
v -45.726 -11.254 -20.196
v -44.988 -13.114 -20.244
v -41.717 -15.294 0.98368
v -41.331 -15.574 1.2583
v -41.224 -15.187 1.6672
v -41.663 -9.1575 -5.725
v -41.998 -8.3845 -5.8363
v -41.741 -8.3286 -5.18
v -46.675 -9.1146 -20.264
v -46.191 -10.529 -20.276
v -46.861 -10.024 -20.196
v -44.505 -4.9463 -2.2593
v -45.096 -4.6643 -2.5258
v -45.166 -5.2262 -1.6394
v -45.096 -4.6643 -2.5258
v -45.512 -4.955 -1.7279
v -45.166 -5.2262 -1.6394
v -43.995 -10.156 1.1301
v -43.816 -9.6667 1.6176
v -44.37 -9.379 1.0596
v -50.113 -4.4762 -17.822
v -49.96 -5.1392 -17.935
v -50.096 -5.1894 -16.809
v -49.624 -5.3717 -18.621
v -49.898 -4.6325 -18.428
v -49.501 -4.1591 -19.133
v -45.22 -1.4704 -6.5521
v -44.734 -1.4817 -6.5494
v -44.574 -1.3874 -6.8301
v -39.525 -19.041 0.86403
v -39.582 -18.22 1.4381
v -40.188 -18.434 0.58638
v -50.449 -3.6017 -17.028
v -50.113 -4.4762 -17.822
v -50.096 -5.1894 -16.809
v -44.724 -1.2123 -7.572
v -44.461 -1.5236 -7.3239
v -44.511 -1.6309 -7.5646
v -41.663 -9.1575 -5.725
v -41.288 -9.7193 -5.4174
v -41.641 -9.6558 -6.2208
v -41.847 -19.444 -20.425
v -43.436 -18.18 -20.05
v -42.562 -17.966 -20.388
v -44.231 -2.1077 -7.0417
v -44.511 -1.6309 -7.5646
v -44.461 -1.5236 -7.3239
v -39.128 -19.607 0.88452
v -39.525 -19.041 0.86403
v -39.577 -19.705 0.21796
v -43.391 -4.3393 -5.9003
v -43.338 -5.0691 -6.2571
v -43.541 -4.8214 -6.7189
v -50.449 -3.6017 -17.028
v -50.136 -3.9108 -18.209
v -50.113 -4.4762 -17.822
v -45.212 -7.9544 0.41973
v -44.847 -7.7447 1.1451
v -45.337 -7.1787 0.72091
v -41.998 -8.3845 -5.8363
v -42.487 -7.5815 -6.1599
v -42.168 -7.7513 -5.5665
v -43.793 -3.4271 -6.3372
v -43.88 -3.6663 -6.7699
v -43.95 -3.1051 -6.6032
v -42.353 -13.146 1.5419
v -42.84 -12.577 1.2598
v -42.755 -13.404 0.87392
v -35.431 -21.318 -6.0779
v -35.754 -21.799 -5.8721
v -35.448 -21.723 -6.6946
v -42.289 -14.175 0.96696
v -42.353 -13.146 1.5419
v -42.755 -13.404 0.87392
v -49.501 -4.1591 -19.133
v -48.583 -5.7977 -19.785
v -49.624 -5.3717 -18.621
v -41.79 -15.015 1.0922
v -41.938 -14.19 1.4552
v -42.289 -14.175 0.96696
v -40.52 -24.074 -19.05
v -39.629 -24.977 -19.326
v -40.125 -24.927 -18.657
v -35.683 -21.421 -4.9397
v -36.19 -21.889 -4.3914
v -36.169 -22.095 -5.1153
v -40.109 -24.155 -19.463
v -39.603 -24.547 -19.693
v -39.629 -24.977 -19.326
v -40.52 -24.074 -19.05
v -40.109 -24.155 -19.463
v -39.629 -24.977 -19.326
v -41.168 -10.245 -5.743
v -40.73 -10.827 -5.3882
v -41.027 -10.877 -6.0779
v -44.968 -2.7142 -4.9992
v -44.521 -2.4666 -5.4643
v -45.212 -2.055 -5.7993
v -40.495 -11.705 -5.582
v -40.058 -12.208 -5.0514
v -40.002 -13.154 -5.8074
v -38.294 -21.889 -0.25088
v -37.854 -21.739 0.39232
v -38.139 -21.42 0.58387
v -40.495 -11.705 -5.582
v -40.794 -11.466 -6.0699
v -40.73 -10.827 -5.3882
v -38.727 -20.465 0.69369
v -39.128 -19.607 0.88452
v -39.577 -19.705 0.21796
v -45.047 -6.8509 1.0001
v -45.406 -6.2816 0.52625
v -45.773 -6.3104 0.29638
v -45.773 -6.3104 0.29638
v -45.337 -7.1787 0.72091
v -45.047 -6.8509 1.0001
v -38.138 -16.502 -5.7282
v -37.323 -17.521 -5.2958
v -37.334 -18.128 -6.1682
v -39.418 -14.815 -6.2945
v -38.646 -15.108 -5.0911
v -38.603 -16.101 -6.0757
v -41.487 -23.509 -17.349
v -40.989 -24.203 -17.509
v -41.024 -24.205 -16.778
v -44.574 -1.3874 -6.8301
v -44.724 -1.2123 -7.572
v -45.086 -1.022 -7.5424
v -44.707 -3.1108 -4.6047
v -45.535 -3.0097 -4.3129
v -45.071 -3.471 -3.9908
v -45.212 -2.055 -5.7993
v -45.606 -2.3836 -5.2653
v -44.968 -2.7142 -4.9992
v -36.19 -21.889 -4.3914
v -36.437 -21.871 -3.3987
v -36.644 -22.351 -4.2964
v -42.579 -22.021 -16.379
v -42.117 -22.708 -16.439
v -42.28 -22.48 -15.942
v -43.88 -3.6663 -6.7699
v -44.121 -2.9887 -7.052
v -43.95 -3.1051 -6.6032
v -44.922 -1.7624 -6.2641
v -44.734 -1.4817 -6.5494
v -45.22 -1.4704 -6.5521
v -44.968 -2.7142 -4.9992
v -45.535 -3.0097 -4.3129
v -44.707 -3.1108 -4.6047
v -43.032 -6.3542 -6.4456
v -43.111 -5.7599 -6.1787
v -42.751 -6.5196 -5.925
v -44.276 -2.488 -7.3025
v -44.511 -1.6309 -7.5646
v -44.231 -2.1077 -7.0417
v -41.027 -10.877 -6.0779
v -40.73 -10.827 -5.3882
v -40.794 -11.466 -6.0699
v -43.88 -3.6663 -6.7699
v -43.599 -4.0134 -6.1595
v -43.745 -4.3963 -6.8967
v -42.579 -22.021 -16.379
v -42.479 -22.128 -15.462
v -42.905 -21.533 -15.932
v -38.139 -21.42 0.58387
v -38.464 -21.134 0.47116
v -38.865 -21.257 -0.38242
v -43.745 -4.3963 -6.8967
v -43.391 -4.3393 -5.9003
v -43.541 -4.8214 -6.7189
v -42.479 -22.128 -15.462
v -42.579 -22.021 -16.379
v -42.28 -22.48 -15.942
v -37.854 -21.739 0.39232
v -38.294 -21.889 -0.25088
v -37.828 -21.989 -0.092023
v -45.096 -4.6643 -2.5258
v -44.583 -4.3187 -3.0855
v -45.168 -3.9748 -3.4019
v -38.464 -21.134 0.47116
v -38.727 -20.465 0.69369
v -39.099 -20.535 0.13509
v -36.915 -21.925 -1.9934
v -37.467 -22.418 -2.0407
v -36.956 -22.141 -2.61
v -35.754 -21.799 -5.8721
v -35.683 -21.421 -4.9397
v -36.169 -22.095 -5.1153
v -42.905 -21.533 -15.932
v -42.937 -21.419 -15.472
v -43.226 -21.009 -16.205
v -41.717 -15.294 0.98368
v -41.157 -16.199 1.0068
v -41.331 -15.574 1.2583
v -44.788 -8.3836 0.8677
v -44.921 -8.8794 0.45254
v -44.388 -8.7908 1.2938
v -44.788 -8.3836 0.8677
v -44.847 -7.7447 1.1451
v -45.212 -7.9544 0.41973
v -43.641 -10.993 1.1535
v -43.995 -10.156 1.1301
v -44.288 -10.285 0.65415
v -44.356 -2.7907 -7.6315
v -44.276 -2.488 -7.3025
v -44.121 -2.9887 -7.052
v -44.724 -1.2123 -7.572
v -44.511 -1.6309 -7.5646
v -44.784 -1.3624 -8.2438
v -41.168 -10.245 -5.743
v -41.641 -9.6558 -6.2208
v -41.288 -9.7193 -5.4174
v -47.541 -12.533 -14.39
v -48.013 -11.565 -14.853
v -47.868 -11.974 -15.123
v -36.729 -18.888 -5.9582
v -37.451 -18.266 -6.803
v -37.334 -18.128 -6.1682
v -37.451 -18.266 -6.803
v -36.729 -18.888 -5.9582
v -36.73 -19.269 -6.633
v -36.437 -21.871 -3.3987
v -36.956 -22.141 -2.61
v -36.843 -22.296 -3.3902
v -40.52 -24.074 -19.05
v -40.589 -23.516 -19.551
v -40.109 -24.155 -19.463
v -40.576 -24.394 -18.485
v -40.465 -24.901 -17.428
v -40.989 -24.203 -17.509
v -36.915 -21.925 -1.9934
v -37.403 -22.061 -1.2145
v -37.467 -22.418 -2.0407
v -45.168 -3.9748 -3.4019
v -45.651 -4.3039 -2.988
v -45.096 -4.6643 -2.5258
v -35.448 -21.723 -6.6946
v -35.754 -21.799 -5.8721
v -35.929 -22.145 -6.0791
v -45.096 -4.6643 -2.5258
v -45.867 -4.5037 -2.0201
v -45.512 -4.955 -1.7279
v -37.837 -22.088 -0.43002
v -37.403 -22.061 -1.2145
v -37.375 -21.843 -0.6831
v -40.813 -17.05 0.82841
v -40.677 -17.814 0.41485
v -40.263 -17.714 1.0555
v -45.166 -5.2262 -1.6394
v -45.512 -4.955 -1.7279
v -46.083 -4.8505 -0.80333
v -42.487 -7.5815 -6.1599
v -42.74 -7.0155 -6.298
v -42.464 -7.046 -5.6188
v -46.083 -4.8505 -0.80333
v -45.302 -5.4031 -0.91616
v -45.166 -5.2262 -1.6394
v -40.813 -17.05 0.82841
v -40.705 -16.678 1.2775
v -41.157 -16.199 1.0068
v -45.302 -5.4031 -0.91616
v -46.083 -4.8505 -0.80333
v -45.476 -5.3871 -0.58723
v -42.751 -6.5196 -5.925
v -42.74 -7.0155 -6.298
v -43.032 -6.3542 -6.4456
v -42.751 -6.5196 -5.925
v -42.464 -7.046 -5.6188
v -42.74 -7.0155 -6.298
v -44.37 -9.379 1.0596
v -44.388 -8.7908 1.2938
v -44.921 -8.8794 0.45254
v -45.092 -17.723 -14.825
v -44.715 -18.472 -15.283
v -44.45 -18.887 -14.503
v -46.083 -4.8505 -0.80333
v -45.751 -5.527 -0.12092
v -45.476 -5.3871 -0.58723
v -45.773 -6.3104 0.29638
v -45.159 -6.0602 0.18546
v -45.751 -5.527 -0.12092
v -45.406 -6.2816 0.52625
v -45.159 -6.0602 0.18546
v -45.773 -6.3104 0.29638
v -39.31 -13.903 -5.0138
v -38.646 -15.108 -5.0911
v -39.418 -14.815 -6.2945
v -36.512 -19.806 -7.0636
v -36.73 -19.269 -6.633
v -36.012 -19.908 -6.0049
v -36.012 -19.908 -6.0049
v -35.419 -21.2 -6.834
v -36.523 -20.105 -7.6637
v -35.845 -21.09 -7.8499
v -36.523 -20.105 -7.6637
v -35.419 -21.2 -6.834
v -43.995 -10.156 1.1301
v -44.37 -9.379 1.0596
v -44.62 -9.562 0.50616
v -40.188 -18.434 0.58638
v -40.263 -17.714 1.0555
v -40.677 -17.814 0.41485
v -41.157 -16.199 1.0068
v -41.717 -15.294 0.98368
v -41.785 -15.746 0.54932
v -44.288 -10.285 0.65415
v -43.995 -10.156 1.1301
v -44.62 -9.562 0.50616
v -44.724 -1.2123 -7.572
v -44.784 -1.3624 -8.2438
v -44.983 -0.69064 -8.2352
v -41.487 -23.509 -17.349
v -41.024 -24.205 -16.778
v -41.689 -23.323 -16.562
v -50.136 -3.9108 -18.209
v -49.898 -4.6325 -18.428
v -50.113 -4.4762 -17.822
v -41.027 -10.877 -6.0779
v -41.447 -10.379 -6.4698
v -41.168 -10.245 -5.743
v -43.433 -11.704 1.0844
v -43.404 -12.218 0.75789
v -42.84 -12.577 1.2598
v -39.525 -19.041 0.86403
v -40.188 -18.434 0.58638
v -40.266 -18.73 0.17118
v -44.983 -0.69064 -8.2352
v -45.041 -0.7732 -7.8736
v -44.724 -1.2123 -7.572
v -45.086 -1.022 -7.5424
v -44.724 -1.2123 -7.572
v -45.041 -0.7732 -7.8736
v -43.24 -13.033 0.45451
v -42.84 -12.577 1.2598
v -43.404 -12.218 0.75789
v -42.289 -14.175 0.96696
v -42.755 -13.404 0.87392
v -42.551 -14.202 0.65005
v -45.086 -1.022 -7.5424
v -45.22 -1.4704 -6.5521
v -44.574 -1.3874 -6.8301
v -43.433 -5.6348 -6.9935
v -43.541 -4.8214 -6.7189
v -43.338 -5.0691 -6.2571
v -43.338 -5.0691 -6.2571
v -43.111 -5.7599 -6.1787
v -43.433 -5.6348 -6.9935
v -43.931 -19.825 -15.163
v -44.153 -19.437 -14.8
v -44.369 -19.113 -15.155
v -35.419 -21.2 -6.834
v -35.448 -21.723 -6.6946
v -35.464 -21.578 -7.6555
v -43.032 -6.3542 -6.4456
v -43.272 -6.1828 -7.0051
v -43.111 -5.7599 -6.1787
v -39.577 -19.705 0.21796
v -39.099 -20.535 0.13509
v -38.727 -20.465 0.69369
v -44.231 -3.3397 -7.6278
v -44.121 -2.9887 -7.052
v -43.88 -3.6663 -6.7699
v -38.464 -21.134 0.47116
v -39.099 -20.535 0.13509
v -38.865 -21.257 -0.38242
v -42.487 -7.5815 -6.1599
v -41.998 -8.3845 -5.8363
v -42.461 -8.2317 -6.6989
v -43.88 -3.6663 -6.7699
v -43.745 -4.3963 -6.8967
v -44.086 -3.9418 -7.5171
v -38.865 -21.257 -0.38242
v -38.294 -21.889 -0.25088
v -38.139 -21.42 0.58387
v -41.998 -8.3845 -5.8363
v -41.663 -9.1575 -5.725
v -42.079 -8.8662 -6.428
v -37.403 -22.061 -1.2145
v -37.837 -22.088 -0.43002
v -38.047 -22.34 -0.95236
v -38.294 -21.889 -0.25088
v -37.837 -22.088 -0.43002
v -37.828 -21.989 -0.092023
v -42.487 -7.5815 -6.1599
v -42.855 -7.1558 -6.8016
v -42.74 -7.0155 -6.298
v -41.998 -8.3845 -5.8363
v -42.079 -8.8662 -6.428
v -42.461 -8.2317 -6.6989
v -45.041 -0.7732 -7.8736
v -44.983 -0.69064 -8.2352
v -45.133 -0.44167 -8.1966
v -44.715 -18.472 -15.283
v -44.369 -19.113 -15.155
v -44.45 -18.887 -14.503
v -45.866 -16.198 -14.556
v -46.123 -15.704 -14.238
v -46.227 -15.637 -15.048
v -45.535 -3.0097 -4.3129
v -44.968 -2.7142 -4.9992
v -45.606 -2.3836 -5.2653
v -45.651 -4.3039 -2.988
v -45.867 -4.5037 -2.0201
v -45.096 -4.6643 -2.5258
v -45.212 -2.055 -5.7993
v -44.922 -1.7624 -6.2641
v -45.22 -1.4704 -6.5521
v -41.641 -9.6558 -6.2208
v -41.168 -10.245 -5.743
v -41.447 -10.379 -6.4698
v -44.511 -1.6309 -7.5646
v -44.678 -1.7907 -8.0456
v -44.784 -1.3624 -8.2438
v -44.276 -2.488 -7.3025
v -44.678 -1.7907 -8.0456
v -44.511 -1.6309 -7.5646
v -48.2 -10.896 -14.279
v -48.313 -10.864 -15.1
v -48.013 -11.565 -14.853
v -44.28 -3.082 -7.5312
v -44.356 -2.7907 -7.6315
v -44.121 -2.9887 -7.052
v -44.231 -3.3397 -7.6278
v -44.28 -3.082 -7.5312
v -44.121 -2.9887 -7.052
v -44.37 -9.379 1.0596
v -44.921 -8.8794 0.45254
v -44.62 -9.562 0.50616
v -43.88 -3.6663 -6.7699
v -44.086 -3.9418 -7.5171
v -44.231 -3.3397 -7.6278
v -42.74 -7.0155 -6.298
v -43.021 -6.6356 -6.7955
v -43.032 -6.3542 -6.4456
v -43.433 -11.704 1.0844
v -43.641 -10.993 1.1535
v -44.038 -11.163 0.47794
v -42.755 -13.404 0.87392
v -42.84 -12.577 1.2598
v -43.24 -13.033 0.45451
v -35.448 -21.723 -6.6946
v -35.485 -21.846 -7.3411
v -35.464 -21.578 -7.6555
v -39.577 -19.705 0.21796
v -39.525 -19.041 0.86403
v -40.266 -18.73 0.17118
v -41.157 -16.199 1.0068
v -41.437 -16.477 0.46067
v -40.813 -17.05 0.82841
v -36.843 -22.296 -3.3902
v -36.644 -22.351 -4.2964
v -36.437 -21.871 -3.3987
v -40.577 -12.278 -6.3089
v -40.495 -11.705 -5.582
v -40.002 -13.154 -5.8074
v -36.512 -19.806 -7.0636
v -36.012 -19.908 -6.0049
v -36.523 -20.105 -7.6637
v -35.419 -21.2 -6.834
v -35.464 -21.578 -7.6555
v -35.845 -21.09 -7.8499
v -41.003 -22.178 -20.037
v -39.975 -22.471 -20.383
v -40.762 -22.869 -19.832
v -39.418 -14.815 -6.2945
v -40.002 -13.154 -5.8074
v -39.31 -13.903 -5.0138
v -37.334 -18.128 -6.1682
v -38.603 -16.101 -6.0757
v -38.138 -16.502 -5.7282
v -46.164 -6.0656 -0.25668
v -45.657 -7.4205 -0.053986
v -45.773 -6.3104 0.29638
v -45.773 -6.3104 0.29638
v -45.657 -7.4205 -0.053986
v -45.337 -7.1787 0.72091
v -45.751 -5.527 -0.12092
v -46.083 -4.8505 -0.80333
v -46.132 -5.6119 -0.15494
v -45.773 -6.3104 0.29638
v -45.751 -5.527 -0.12092
v -46.132 -5.6119 -0.15494
v -44.983 -0.69064 -8.2352
v -45.299 -0.29655 -8.1781
v -45.133 -0.44167 -8.1966
v -45.071 -3.471 -3.9908
v -45.848 -3.7742 -3.5357
v -45.168 -3.9748 -3.4019
v -45.168 -3.9748 -3.4019
v -45.848 -3.7742 -3.5357
v -45.651 -4.3039 -2.988
v -41.641 -9.6558 -6.2208
v -42.079 -8.8662 -6.428
v -41.663 -9.1575 -5.725
v -45.133 -0.44167 -8.1966
v -45.299 -0.29655 -8.1781
v -45.041 -0.7732 -7.8736
v -45.888 -0.61713 -7.7488
v -45.041 -0.7732 -7.8736
v -45.299 -0.29655 -8.1781
v -45.086 -1.022 -7.5424
v -45.041 -0.7732 -7.8736
v -45.888 -0.61713 -7.7488
v -48.716 -9.6558 -14.933
v -48.961 -9.0526 -14.956
v -48.961 -9.1889 -15.701
v -44.678 -1.7907 -8.0456
v -44.276 -2.488 -7.3025
v -44.608 -2.4341 -8.2401
v -44.356 -2.7907 -7.6315
v -44.608 -2.4341 -8.2401
v -44.276 -2.488 -7.3025
v -46.083 -4.8505 -0.80333
v -45.867 -4.5037 -2.0201
v -46.234 -4.4205 -1.2828
v -43.711 -5.1623 -7.3912
v -43.541 -4.8214 -6.7189
v -43.433 -5.6348 -6.9935
v -45.512 -4.955 -1.7279
v -45.867 -4.5037 -2.0201
v -46.083 -4.8505 -0.80333
v -37.009 -19.404 -7.4916
v -37.451 -18.266 -6.803
v -36.73 -19.269 -6.633
v -43.226 -21.009 -16.205
v -42.937 -21.419 -15.472
v -43.516 -20.501 -15.271
v -45.51 -16.96 -14.986
v -45.092 -17.723 -14.825
v -45.167 -17.534 -14.065
v -42.855 -7.1558 -6.8016
v -43.021 -6.6356 -6.7955
v -42.74 -7.0155 -6.298
v -45.568 -16.785 -14.294
v -45.51 -16.96 -14.986
v -45.167 -17.534 -14.065
v -35.448 -21.723 -6.6946
v -35.929 -22.145 -6.0791
v -35.895 -22.313 -6.9782
v -41.717 -15.294 0.98368
v -41.79 -15.015 1.0922
v -42.289 -14.175 0.96696
v -45.629 -16.722 -14.846
v -45.51 -16.96 -14.986
v -45.568 -16.785 -14.294
v -37.467 -22.418 -2.0407
v -37.403 -22.061 -1.2145
v -37.883 -22.651 -1.4853
v -45.866 -16.198 -14.556
v -45.629 -16.722 -14.846
v -45.568 -16.785 -14.294
v -38.047 -22.34 -0.95236
v -37.837 -22.088 -0.43002
v -38.327 -22.177 -0.76842
v -38.327 -22.177 -0.76842
v -37.837 -22.088 -0.43002
v -38.294 -21.889 -0.25088
v -36.644 -22.351 -4.2964
v -36.169 -22.095 -5.1153
v -36.19 -21.889 -4.3914
v -37.883 -22.651 -1.4853
v -37.403 -22.061 -1.2145
v -38.047 -22.34 -0.95236
v -44.369 -19.113 -15.155
v -44.153 -19.437 -14.8
v -44.45 -18.887 -14.503
v -45.848 -3.7742 -3.5357
v -45.071 -3.471 -3.9908
v -45.535 -3.0097 -4.3129
v -44.983 -0.69064 -8.2352
v -45.295 0.097038 -8.9375
v -45.299 -0.29655 -8.1781
v -40.02 -25.399 -17.813
v -40.465 -24.901 -17.428
v -40.125 -24.927 -18.657
v -46.234 -4.4205 -1.2828
v -45.867 -4.5037 -2.0201
v -46.586 -3.9067 -1.5806
v -43.641 -10.993 1.1535
v -44.288 -10.285 0.65415
v -44.038 -11.163 0.47794
v -45.092 -17.723 -14.825
v -44.45 -18.887 -14.503
v -44.809 -18.158 -14.312
v -42.479 -22.128 -15.462
v -42.937 -21.419 -15.472
v -42.905 -21.533 -15.932
v -43.111 -5.7599 -6.1787
v -43.272 -6.1828 -7.0051
v -43.433 -5.6348 -6.9935
v -40.125 -24.927 -18.657
v -40.465 -24.901 -17.428
v -40.576 -24.394 -18.485
v -43.021 -6.6356 -6.7955
v -43.272 -6.1828 -7.0051
v -43.032 -6.3542 -6.4456
v -41.255 -11.066 -6.7183
v -41.027 -10.877 -6.0779
v -40.794 -11.466 -6.0699
v -44.788 -8.3836 0.8677
v -45.212 -7.9544 0.41973
v -45.201 -8.3929 0.060339
v -44.921 -8.8794 0.45254
v -44.788 -8.3836 0.8677
v -45.201 -8.3929 0.060339
v -45.606 -2.3836 -5.2653
v -45.969 -2.6366 -4.6953
v -45.535 -3.0097 -4.3129
v -42.461 -8.2317 -6.6989
v -42.706 -7.7546 -6.836
v -42.487 -7.5815 -6.1599
v -45.22 -1.4704 -6.5521
v -45.086 -1.022 -7.5424
v -45.79 -1.05 -7.2434
v -42.289 -14.175 0.96696
v -42.167 -15.15 0.48092
v -41.717 -15.294 0.98368
v -41.785 -15.746 0.54932
v -41.437 -16.477 0.46067
v -41.157 -16.199 1.0068
v -36.644 -22.351 -4.2964
v -36.539 -22.483 -5.0123
v -36.169 -22.095 -5.1153
v -44.784 -1.3624 -8.2438
v -45.011 -1.0069 -8.7241
v -44.983 -0.69064 -8.2352
v -36.843 -22.296 -3.3902
v -36.987 -22.689 -4.1605
v -36.644 -22.351 -4.2964
v -40.989 -24.203 -17.509
v -40.465 -24.901 -17.428
v -41.024 -24.205 -16.778
v -36.843 -22.296 -3.3902
v -36.956 -22.141 -2.61
v -37.348 -22.656 -2.8582
v -40.677 -17.814 0.41485
v -40.813 -17.05 0.82841
v -41.05 -17.537 0.080285
v -35.754 -21.799 -5.8721
v -36.169 -22.095 -5.1153
v -35.929 -22.145 -6.0791
v -40.577 -12.278 -6.3089
v -40.794 -11.466 -6.0699
v -40.495 -11.705 -5.582
v -40.125 -24.927 -18.657
v -39.616 -25.663 -18.348
v -40.02 -25.399 -17.813
v -37.451 -18.266 -6.803
v -37.86 -18.065 -7.3936
v -37.334 -18.128 -6.1682
v -40.109 -24.155 -19.463
v -40.589 -23.516 -19.551
v -39.928 -23.857 -19.83
v -46.083 -4.8505 -0.80333
v -46.234 -4.4205 -1.2828
v -46.48 -4.5947 -0.84381
v -38.603 -16.101 -6.0757
v -37.334 -18.128 -6.1682
v -37.86 -18.065 -7.3936
v -46.083 -4.8505 -0.80333
v -46.48 -4.5947 -0.84381
v -46.379 -5.1959 -0.53462
v -46.132 -5.6119 -0.15494
v -46.083 -4.8505 -0.80333
v -46.379 -5.1959 -0.53462
v -49.898 -4.6325 -18.428
v -50.136 -3.9108 -18.209
v -50.08 -3.4361 -18.521
v -43.745 -4.3963 -6.8967
v -43.541 -4.8214 -6.7189
v -43.711 -5.1623 -7.3912
v -40.329 -23.215 -19.95
v -39.928 -23.857 -19.83
v -40.589 -23.516 -19.551
v -45.22 -1.4704 -6.5521
v -45.944 -1.704 -6.0484
v -45.212 -2.055 -5.7993
v -45.295 0.097038 -8.9375
v -45.62 0.32982 -8.7714
v -45.81 0.29308 -8.6686
v -45.295 0.097038 -8.9375
v -45.81 0.29308 -8.6686
v -45.299 -0.29655 -8.1781
v -39.577 -19.705 0.21796
v -40.266 -18.73 0.17118
v -40.144 -19.309 -0.32572
v -43.96 -4.3266 -7.5294
v -44.086 -3.9418 -7.5171
v -43.745 -4.3963 -6.8967
v -43.84 -11.936 0.23477
v -43.433 -11.704 1.0844
v -44.038 -11.163 0.47794
v -41.447 -10.379 -6.4698
v -42.015 -9.4132 -6.9102
v -41.641 -9.6558 -6.2208
v -45.262 -0.52602 -9.349
v -45.295 0.097038 -8.9375
v -44.983 -0.69064 -8.2352
v -42.855 -7.1558 -6.8016
v -42.487 -7.5815 -6.1599
v -42.706 -7.7546 -6.836
v -45.651 -4.3039 -2.988
v -45.848 -3.7742 -3.5357
v -45.975 -3.9262 -3.1996
v -41.255 -11.066 -6.7183
v -41.447 -10.379 -6.4698
v -41.027 -10.877 -6.0779
v -42.079 -8.8662 -6.428
v -41.641 -9.6558 -6.2208
v -42.015 -9.4132 -6.9102
v -37.009 -19.404 -7.4916
v -36.512 -19.806 -7.0636
v -36.523 -20.105 -7.6637
v -36.512 -19.806 -7.0636
v -37.009 -19.404 -7.4916
v -36.73 -19.269 -6.633
v -46.675 -9.1146 -20.264
v -47.706 -8.2681 -19.912
v -46.772 -7.9413 -20.167
v -46.772 -7.9413 -20.167
v -47.706 -8.2681 -19.912
v -47.474 -7.0846 -20.134
v -44.682 -14.852 -20.189
v -43.401 -14.806 -20.214
v -43.564 -15.497 -20.277
v -41.785 -15.746 0.54932
v -41.717 -15.294 0.98368
v -42.167 -15.15 0.48092
v -45.657 -7.4205 -0.053986
v -45.212 -7.9544 0.41973
v -45.337 -7.1787 0.72091
v -47.706 -8.2681 -19.912
v -48.369 -7.0637 -19.64
v -47.474 -7.0846 -20.134
v -35.486 -21.734 -8.3397
v -35.464 -21.578 -7.6555
v -35.523 -22.095 -7.9653
v -41.437 -16.477 0.46067
v -41.05 -17.537 0.080285
v -40.813 -17.05 0.82841
v -49.814 -6.1496 -14.84
v -49.837 -6.2683 -16.761
v -49.537 -7.3413 -15.541
v -37.348 -22.656 -2.8582
v -36.956 -22.141 -2.61
v -37.467 -22.418 -2.0407
v -35.485 -21.846 -7.3411
v -35.523 -22.095 -7.9653
v -35.464 -21.578 -7.6555
v -48.583 -5.7977 -19.785
v -47.474 -7.0846 -20.134
v -48.369 -7.0637 -19.64
v -35.929 -22.145 -6.0791
v -36.169 -22.095 -5.1153
v -36.601 -22.748 -5.6915
v -45.867 -4.5037 -2.0201
v -46.296 -4.0052 -2.189
v -46.586 -3.9067 -1.5806
v -39.577 -19.705 0.21796
v -39.708 -20.005 -0.40819
v -39.099 -20.535 0.13509
v -44.62 -9.562 0.50616
v -44.921 -8.8794 0.45254
v -45.163 -8.9306 -0.046446
v -46.162 -3.0831 -4.1467
v -45.535 -3.0097 -4.3129
v -45.969 -2.6366 -4.6953
v -44.288 -10.285 0.65415
v -44.62 -9.562 0.50616
v -44.569 -10.331 0.066285
v -43.24 -13.033 0.45451
v -42.933 -13.899 0.22096
v -42.755 -13.404 0.87392
v -37.451 -18.266 -6.803
v -37.009 -19.404 -7.4916
v -37.513 -18.636 -7.3495
v -42.551 -14.202 0.65005
v -42.755 -13.404 0.87392
v -42.933 -13.899 0.22096
v -50.449 -3.6017 -17.028
v -50.461 -2.883 -17.778
v -50.136 -3.9108 -18.209
v -48.712 -9.552 -14.069
v -48.716 -9.6558 -14.933
v -48.53 -10.18 -14.812
v -42.167 -15.15 0.48092
v -42.289 -14.175 0.96696
v -42.514 -14.8 0.18342
v -48.583 -5.7977 -19.785
v -49.501 -4.1591 -19.133
v -48.56 -4.1418 -19.856
v -35.485 -21.846 -7.3411
v -35.448 -21.723 -6.6946
v -35.895 -22.313 -6.9782
v -45.651 -4.3039 -2.988
v -45.975 -3.9262 -3.1996
v -46.296 -4.0052 -2.189
v -46.296 -4.0052 -2.189
v -45.867 -4.5037 -2.0201
v -45.651 -4.3039 -2.988
v -49.501 -4.1591 -19.133
v -50.08 -3.4361 -18.521
v -49.958 -2.8523 -18.836
v -42.28 -22.48 -15.942
v -42.117 -22.708 -16.439
v -41.707 -23.239 -15.486
v -44.356 -2.7907 -7.6315
v -44.28 -3.082 -7.5312
v -44.489 -3.1241 -8.2336
v -39.928 -23.857 -19.83
v -39.603 -24.547 -19.693
v -40.109 -24.155 -19.463
v -44.678 -1.7907 -8.0456
v -44.791 -2.1076 -8.6486
v -44.784 -1.3624 -8.2438
v -42.461 -8.2317 -6.6989
v -42.079 -8.8662 -6.428
v -42.307 -8.9257 -7.03
v -45.495 0.71821 -9.2987
v -45.653 0.62768 -9.0465
v -45.62 0.32982 -8.7714
v -44.608 -2.4341 -8.2401
v -44.791 -2.1076 -8.6486
v -44.678 -1.7907 -8.0456
v -41.689 -23.323 -16.562
v -41.707 -23.239 -15.486
v -42.117 -22.708 -16.439
v -45.944 -1.704 -6.0484
v -45.22 -1.4704 -6.5521
v -45.884 -1.253 -6.661
v -45.79 -1.05 -7.2434
v -45.884 -1.253 -6.661
v -45.22 -1.4704 -6.5521
v -45.295 0.097038 -8.9375
v -45.495 0.71821 -9.2987
v -45.62 0.32982 -8.7714
v -45.888 -0.61713 -7.7488
v -45.299 -0.29655 -8.1781
v -45.81 0.29308 -8.6686
v -43.433 -5.6348 -6.9935
v -43.272 -6.1828 -7.0051
v -43.586 -5.7968 -7.6565
v -45.606 -2.3836 -5.2653
v -45.212 -2.055 -5.7993
v -45.944 -1.704 -6.0484
v -43.859 -4.9535 -7.8106
v -43.745 -4.3963 -6.8967
v -43.711 -5.1623 -7.3912
v -45.201 -8.3929 0.060339
v -45.212 -7.9544 0.41973
v -45.6 -7.9455 -0.27778
v -40.125 -24.927 -18.657
v -39.409 -25.61 -18.923
v -39.616 -25.663 -18.348
v -35.464 -21.578 -7.6555
v -35.486 -21.734 -8.3397
v -35.845 -21.09 -7.8499
v -46.48 -4.5947 -0.84381
v -46.234 -4.4205 -1.2828
v -46.586 -3.9067 -1.5806
v -45.011 -1.0069 -8.7241
v -45.262 -0.52602 -9.349
v -44.983 -0.69064 -8.2352
v -46.379 -5.1959 -0.53462
v -46.164 -6.0656 -0.25668
v -46.132 -5.6119 -0.15494
v -46.164 -6.0656 -0.25668
v -45.773 -6.3104 0.29638
v -46.132 -5.6119 -0.15494
v -45.9 1.278 -9.5556
v -45.495 0.71821 -9.2987
v -45.791 1.3845 -10.081
v -40.704 -18.338 -0.21123
v -40.677 -17.814 0.41485
v -41.05 -17.537 0.080285
v -40.188 -18.434 0.58638
v -40.677 -17.814 0.41485
v -40.704 -18.338 -0.21123
v -40.188 -18.434 0.58638
v -40.704 -18.338 -0.21123
v -40.266 -18.73 0.17118
v -41.689 -23.323 -16.562
v -41.024 -24.205 -16.778
v -41.371 -23.792 -16.027
v -45.657 -7.4205 -0.053986
v -45.6 -7.9455 -0.27778
v -45.212 -7.9544 0.41973
v -45.011 -1.0069 -8.7241
v -44.784 -1.3624 -8.2438
v -45 -1.6924 -9.0496
v -46.345 -3.4693 -2.8391
v -46.296 -4.0052 -2.189
v -45.975 -3.9262 -3.1996
v -45.495 0.71821 -9.2987
v -45.915 1.0119 -9.2927
v -45.653 0.62768 -9.0465
v -43.931 -19.825 -15.163
v -43.516 -20.501 -15.271
v -43.538 -20.392 -14.617
v -44.153 -19.437 -14.8
v -43.931 -19.825 -15.163
v -43.854 -19.853 -14.315
v -44.288 -10.285 0.65415
v -44.569 -10.331 0.066285
v -44.038 -11.163 0.47794
v -46.258 -3.3079 -3.8258
v -45.535 -3.0097 -4.3129
v -46.162 -3.0831 -4.1467
v -44.356 -2.7907 -7.6315
v -44.489 -3.1241 -8.2336
v -44.608 -2.4341 -8.2401
v -45.848 -3.7742 -3.5357
v -45.535 -3.0097 -4.3129
v -46.258 -3.3079 -3.8258
v -44.231 -3.3397 -7.6278
v -44.489 -3.1241 -8.2336
v -44.28 -3.082 -7.5312
v -43.433 -11.704 1.0844
v -43.84 -11.936 0.23477
v -43.404 -12.218 0.75789
v -42.079 -8.8662 -6.428
v -42.015 -9.4132 -6.9102
v -42.307 -8.9257 -7.03
v -43.859 -4.9535 -7.8106
v -43.96 -4.3266 -7.5294
v -43.745 -4.3963 -6.8967
v -46.151 -6.5862 -0.58363
v -45.657 -7.4205 -0.053986
v -46.164 -6.0656 -0.25668
v -36.601 -22.748 -5.6915
v -36.169 -22.095 -5.1153
v -36.539 -22.483 -5.0123
v -41.785 -15.746 0.54932
v -42.167 -15.15 0.48092
v -42.293 -15.546 -0.14267
v -36.843 -22.296 -3.3902
v -37.348 -22.656 -2.8582
v -37.244 -22.712 -3.6969
v -38.931 -21.659 -1.0355
v -38.294 -21.889 -0.25088
v -38.865 -21.257 -0.38242
v -41.437 -16.477 0.46067
v -41.785 -15.746 0.54932
v -42.293 -15.546 -0.14267
v -38.931 -21.659 -1.0355
v -38.327 -22.177 -0.76842
v -38.294 -21.889 -0.25088
v -39.456 -20.716 -0.75317
v -38.865 -21.257 -0.38242
v -39.708 -20.005 -0.40819
v -38.865 -21.257 -0.38242
v -39.099 -20.535 0.13509
v -39.708 -20.005 -0.40819
v -44.809 -18.158 -14.312
v -45.167 -17.534 -14.065
v -45.092 -17.723 -14.825
v -35.523 -22.095 -7.9653
v -35.46 -22.105 -8.4062
v -35.486 -21.734 -8.3397
v -38.137 -22.652 -1.4344
v -37.883 -22.651 -1.4853
v -38.047 -22.34 -0.95236
v -36.987 -22.689 -4.1605
v -36.843 -22.296 -3.3902
v -37.244 -22.712 -3.6969
v -40.144 -19.309 -0.32572
v -39.708 -20.005 -0.40819
v -39.577 -19.705 0.21796
v -45.201 -8.3929 0.060339
v -45.163 -8.9306 -0.046446
v -44.921 -8.8794 0.45254
v -45.944 -1.704 -6.0484
v -46.518 -2.2269 -5.0663
v -45.606 -2.3836 -5.2653
v -45.969 -2.6366 -4.6953
v -45.606 -2.3836 -5.2653
v -46.518 -2.2269 -5.0663
v -45.163 -8.9306 -0.046446
v -45.007 -9.5765 -0.25621
v -44.62 -9.562 0.50616
v -48.013 -11.565 -14.853
v -47.541 -12.533 -14.39
v -47.873 -11.685 -13.977
v -45.791 1.3845 -10.081
v -45.896 1.4459 -9.7379
v -45.9 1.278 -9.5556
v -46.296 -4.0052 -2.189
v -46.871 -3.4635 -2.0661
v -46.586 -3.9067 -1.5806
v -45.495 0.71821 -9.2987
v -45.9 1.278 -9.5556
v -45.915 1.0119 -9.2927
v -43.433 -5.6348 -6.9935
v -43.586 -5.7968 -7.6565
v -43.711 -5.1623 -7.3912
v -41.664 -10.312 -6.8914
v -42.015 -9.4132 -6.9102
v -41.447 -10.379 -6.4698
v -45 -1.6924 -9.0496
v -44.784 -1.3624 -8.2438
v -44.791 -2.1076 -8.6486
v -46.345 -3.4693 -2.8391
v -45.975 -3.9262 -3.1996
v -46.258 -3.3079 -3.8258
v -45.848 -3.7742 -3.5357
v -46.258 -3.3079 -3.8258
v -45.975 -3.9262 -3.1996
v -48.2 -10.896 -14.279
v -48.013 -11.565 -14.853
v -47.873 -11.685 -13.977
v -50.461 -2.883 -17.778
v -50.08 -3.4361 -18.521
v -50.136 -3.9108 -18.209
v -41.596 -10.569 -7.0906
v -41.447 -10.379 -6.4698
v -41.255 -11.066 -6.7183
v -42.855 -7.1558 -6.8016
v -43.234 -6.7917 -7.5107
v -43.021 -6.6356 -6.7955
v -35.523 -22.095 -7.9653
v -35.485 -21.846 -7.3411
v -35.895 -22.313 -6.9782
v -44.038 -11.163 0.47794
v -44.085 -11.559 0.017462
v -43.84 -11.936 0.23477
v -35.895 -22.313 -6.9782
v -35.929 -22.145 -6.0791
v -36.362 -22.748 -6.546
v -45.086 -1.022 -7.5424
v -45.888 -0.61713 -7.7488
v -45.79 -1.05 -7.2434
v -46.296 -4.0052 -2.189
v -46.345 -3.4693 -2.8391
v -46.871 -3.4635 -2.0661
v -45.915 1.0119 -9.2927
v -46.457 0.62539 -8.8299
v -45.653 0.62768 -9.0465
v -37.513 -18.636 -7.3495
v -37.86 -18.065 -7.3936
v -37.451 -18.266 -6.803
v -43.716 -12.591 -0.060995
v -43.404 -12.218 0.75789
v -43.84 -11.936 0.23477
v -45.81 0.29308 -8.6686
v -45.653 0.62768 -9.0465
v -46.457 0.62539 -8.8299
v -45.653 0.62768 -9.0465
v -45.81 0.29308 -8.6686
v -45.62 0.32982 -8.7714
v -38.327 -22.177 -0.76842
v -38.372 -22.527 -1.3975
v -38.047 -22.34 -0.95236
v -43.404 -12.218 0.75789
v -43.716 -12.591 -0.060995
v -43.24 -13.033 0.45451
v -42.293 -15.546 -0.14267
v -41.797 -16.285 0.040392
v -41.437 -16.477 0.46067
v -50.08 -3.4361 -18.521
v -49.501 -4.1591 -19.133
v -49.898 -4.6325 -18.428
v -42.551 -14.202 0.65005
v -42.514 -14.8 0.18342
v -42.289 -14.175 0.96696
v -41.437 -16.477 0.46067
v -41.57 -17.026 -0.34011
v -41.05 -17.537 0.080285
v -46.379 -5.1959 -0.53462
v -46.541 -5.6198 -0.7959
v -46.164 -6.0656 -0.25668
v -40.002 -13.154 -5.8074
v -40.711 -12.971 -7.4389
v -40.577 -12.278 -6.3089
v -46.379 -5.1959 -0.53462
v -46.48 -4.5947 -0.84381
v -46.75 -4.8068 -0.88508
v -46.541 -5.6198 -0.7959
v -46.379 -5.1959 -0.53462
v -46.75 -4.8068 -0.88508
v -46.48 -4.5947 -0.84381
v -46.586 -3.9067 -1.5806
v -46.75 -4.8068 -0.88508
v -39.418 -14.815 -6.2945
v -40.035 -14.476 -7.5175
v -40.002 -13.154 -5.8074
v -40.794 -11.466 -6.0699
v -41.208 -11.363 -6.9952
v -41.255 -11.066 -6.7183
v -40.577 -12.278 -6.3089
v -41.208 -11.363 -6.9952
v -40.794 -11.466 -6.0699
v -46.848 -14.134 -14.453
v -46.898 -13.942 -13.911
v -47.138 -13.481 -14.509
v -45.495 0.71821 -9.2987
v -45.295 0.097038 -8.9375
v -45.451 -0.1219 -9.6721
v -38.603 -16.101 -6.0757
v -37.86 -18.065 -7.3936
v -38.536 -17.302 -7.7857
v -45.262 -0.52602 -9.349
v -45.451 -0.1219 -9.6721
v -45.295 0.097038 -8.9375
v -46.269 1.7373 -9.9593
v -45.896 1.4459 -9.7379
v -45.791 1.3845 -10.081
v -42.996 -7.3786 -7.4352
v -43.234 -6.7917 -7.5107
v -42.855 -7.1558 -6.8016
v -45.9 1.278 -9.5556
v -45.896 1.4459 -9.7379
v -46.269 1.7373 -9.9593
v -44.086 -3.9418 -7.5171
v -43.96 -4.3266 -7.5294
v -44.231 -4.0386 -8.1253
v -43.859 -4.9535 -7.8106
v -44.231 -4.0386 -8.1253
v -43.96 -4.3266 -7.5294
v -45.728 -16.365 -13.962
v -45.866 -16.198 -14.556
v -45.568 -16.785 -14.294
v -46.162 -3.0831 -4.1467
v -45.969 -2.6366 -4.6953
v -46.486 -2.7203 -4.4423
v -42.706 -7.7546 -6.836
v -42.461 -8.2317 -6.6989
v -42.842 -7.8402 -7.3615
v -45.81 0.29308 -8.6686
v -46.206 -0.090057 -8.1838
v -45.888 -0.61713 -7.7488
v -44.231 -4.0386 -8.1253
v -44.489 -3.1241 -8.2336
v -44.231 -3.3397 -7.6278
v -44.086 -3.9418 -7.5171
v -44.231 -4.0386 -8.1253
v -44.231 -3.3397 -7.6278
v -44.62 -9.562 0.50616
v -45.007 -9.5765 -0.25621
v -44.569 -10.331 0.066285
v -43.272 -6.1828 -7.0051
v -43.021 -6.6356 -6.7955
v -43.234 -6.7917 -7.5107
v -45.261 -1.0004 -9.479
v -45.262 -0.52602 -9.349
v -45.011 -1.0069 -8.7241
v -46.594 -3.0641 -3.3006
v -46.345 -3.4693 -2.8391
v -46.258 -3.3079 -3.8258
v -35.845 -21.09 -7.8499
v -36.796 -20.088 -8.3681
v -36.523 -20.105 -7.6637
v -48.961 -9.0526 -14.956
v -48.716 -9.6558 -14.933
v -48.712 -9.552 -14.069
v -41.447 -10.379 -6.4698
v -41.596 -10.569 -7.0906
v -41.664 -10.312 -6.8914
v -37.467 -22.418 -2.0407
v -37.883 -22.651 -1.4853
v -38.037 -22.861 -1.8634
v -47.873 -11.685 -13.977
v -47.541 -12.533 -14.39
v -47.607 -12.298 -13.948
v -38.137 -22.652 -1.4344
v -38.047 -22.34 -0.95236
v -38.372 -22.527 -1.3975
v -42.933 -13.899 0.22096
v -42.821 -14.501 -0.073778
v -42.551 -14.202 0.65005
v -42.514 -14.8 0.18342
v -42.551 -14.202 0.65005
v -42.821 -14.501 -0.073778
v -45.167 -17.534 -14.065
v -45.475 -16.799 -13.698
v -45.568 -16.785 -14.294
v -38.327 -22.177 -0.76842
v -38.729 -22.094 -1.363
v -38.372 -22.527 -1.3975
v -42.514 -14.8 0.18342
v -42.293 -15.546 -0.14267
v -42.167 -15.15 0.48092
v -44.608 -2.4341 -8.2401
v -44.65 -2.7472 -8.5986
v -44.791 -2.1076 -8.6486
v -49.168 -8.2331 -14.607
v -48.961 -9.0526 -14.956
v -49.047 -8.5989 -14.457
v -42.706 -7.7546 -6.836
v -42.996 -7.3786 -7.4352
v -42.855 -7.1558 -6.8016
v -46.078 -7.3346 -1.0148
v -45.657 -7.4205 -0.053986
v -46.151 -6.5862 -0.58363
v -45.791 1.3845 -10.081
v -46.164 1.8838 -10.197
v -46.269 1.7373 -9.9593
v -45.728 -16.365 -13.962
v -45.568 -16.785 -14.294
v -45.475 -16.799 -13.698
v -43.711 -5.1623 -7.3912
v -43.586 -5.7968 -7.6565
v -43.895 -5.4331 -8.2719
v -36.464 -20.641 -8.588
v -35.845 -21.09 -7.8499
v -35.486 -21.734 -8.3397
v -35.486 -21.734 -8.3397
v -35.46 -22.105 -8.4062
v -35.534 -22.001 -8.904
v -43.469 -6.4481 -7.894
v -43.586 -5.7968 -7.6565
v -43.272 -6.1828 -7.0051
v -43.337 -13.39 -0.046474
v -42.933 -13.899 0.22096
v -43.24 -13.033 0.45451
v -43.469 -6.4481 -7.894
v -43.272 -6.1828 -7.0051
v -43.234 -6.7917 -7.5107
v -46.502 -1.692 -5.8468
v -45.944 -1.704 -6.0484
v -45.884 -1.253 -6.661
v -36.362 -22.748 -6.546
v -35.929 -22.145 -6.0791
v -36.601 -22.748 -5.6915
v -48.2 -10.896 -14.279
v -48.53 -10.18 -14.812
v -48.313 -10.864 -15.1
v -37.075 -23.056 -4.9152
v -36.539 -22.483 -5.0123
v -36.644 -22.351 -4.2964
v -36.987 -22.689 -4.1605
v -37.075 -23.056 -4.9152
v -36.644 -22.351 -4.2964
v -46.486 -2.7203 -4.4423
v -45.969 -2.6366 -4.6953
v -46.518 -2.2269 -5.0663
v -40.674 -19.085 -0.98578
v -40.266 -18.73 0.17118
v -40.704 -18.338 -0.21123
v -46.594 -3.0641 -3.3006
v -47.003 -3.0977 -3.0005
v -46.345 -3.4693 -2.8391
v -41.797 -16.285 0.040392
v -41.57 -17.026 -0.34011
v -41.437 -16.477 0.46067
v -46.345 -3.4693 -2.8391
v -47.003 -3.0977 -3.0005
v -46.871 -3.4635 -2.0661
v -46.123 -15.704 -14.238
v -46.379 -15.088 -13.758
v -46.4 -15.11 -14.336
v -40.144 -19.309 -0.32572
v -39.964 -19.96 -0.80672
v -39.708 -20.005 -0.40819
v -42.937 -21.419 -15.472
v -42.479 -22.128 -15.462
v -42.613 -21.872 -14.944
v -38.327 -22.177 -0.76842
v -38.931 -21.659 -1.0355
v -38.729 -22.094 -1.363
v -35.523 -22.095 -7.9653
v -35.895 -22.313 -6.9782
v -35.959 -22.524 -7.9483
v -36.523 -20.105 -7.6637
v -36.796 -20.088 -8.3681
v -37.009 -19.404 -7.4916
v -40.674 -19.085 -0.98578
v -40.144 -19.309 -0.32572
v -40.266 -18.73 0.17118
v -45.791 1.3845 -10.081
v -45.495 0.71821 -9.2987
v -45.451 -0.1219 -9.6721
v -39.418 -14.815 -6.2945
v -38.603 -16.101 -6.0757
v -39.257 -15.847 -7.5476
v -43.931 -19.825 -15.163
v -43.538 -20.392 -14.617
v -43.854 -19.853 -14.315
v -38.536 -17.302 -7.7857
v -39.257 -15.847 -7.5476
v -38.603 -16.101 -6.0757
v -46.75 -4.8068 -0.88508
v -46.586 -3.9067 -1.5806
v -47.011 -4.1023 -1.4215
v -46.518 -2.2269 -5.0663
v -45.944 -1.704 -6.0484
v -46.502 -1.692 -5.8468
v -45 -1.6924 -9.0496
v -45.261 -1.0004 -9.479
v -45.011 -1.0069 -8.7241
v -46.658 -14.575 -14.46
v -46.4 -15.11 -14.336
v -46.379 -15.088 -13.758
v -36.796 -20.088 -8.3681
v -35.845 -21.09 -7.8499
v -36.464 -20.641 -8.588
v -45.791 1.3845 -10.081
v -46.22 2.1405 -10.496
v -46.164 1.8838 -10.197
v -43.516 -20.501 -15.271
v -42.937 -21.419 -15.472
v -42.99 -21.288 -14.772
v -46.871 -3.4635 -2.0661
v -47.003 -3.0977 -3.0005
v -47.289 -3.1577 -2.5235
v -46.898 -13.942 -13.911
v -46.658 -14.575 -14.46
v -46.379 -15.088 -13.758
v -42.307 -8.9257 -7.03
v -42.015 -9.4132 -6.9102
v -42.136 -9.6452 -7.3803
v -46.382 -0.80823 -7.2279
v -45.79 -1.05 -7.2434
v -45.888 -0.61713 -7.7488
v -45.9 1.278 -9.5556
v -46.269 1.7373 -9.9593
v -46.617 1.2366 -9.3426
v -42.28 -22.48 -15.942
v -41.707 -23.239 -15.486
v -42.154 -22.62 -15.191
v -46.486 -2.7203 -4.4423
v -46.258 -3.3079 -3.8258
v -46.162 -3.0831 -4.1467
v -46.741 -2.7621 -3.7118
v -46.258 -3.3079 -3.8258
v -46.486 -2.7203 -4.4423
v -42.461 -8.2317 -6.6989
v -42.307 -8.9257 -7.03
v -42.522 -8.8431 -7.5003
v -45.884 -1.253 -6.661
v -45.79 -1.05 -7.2434
v -46.382 -0.80823 -7.2279
v -45.915 1.0119 -9.2927
v -45.9 1.278 -9.5556
v -46.617 1.2366 -9.3426
v -46.258 -3.3079 -3.8258
v -46.741 -2.7621 -3.7118
v -46.594 -3.0641 -3.3006
v -46.457 0.62539 -8.8299
v -45.915 1.0119 -9.2927
v -46.617 1.2366 -9.3426
v -46.848 -14.134 -14.453
v -46.658 -14.575 -14.46
v -46.898 -13.942 -13.911
v -45.6 -7.9455 -0.27778
v -45.538 -8.5233 -0.60986
v -45.201 -8.3929 0.060339
v -39.629 -24.977 -19.326
v -39.409 -25.61 -18.923
v -40.125 -24.927 -18.657
v -44.559 -3.2737 -8.631
v -44.65 -2.7472 -8.5986
v -44.608 -2.4341 -8.2401
v -44.559 -3.2737 -8.631
v -44.608 -2.4341 -8.2401
v -44.489 -3.1241 -8.2336
v -45.201 -8.3929 0.060339
v -45.538 -8.5233 -0.60986
v -45.163 -8.9306 -0.046446
v -42.706 -7.7546 -6.836
v -42.842 -7.8402 -7.3615
v -42.996 -7.3786 -7.4352
v -40.704 -18.338 -0.21123
v -41.05 -17.537 0.080285
v -41.054 -17.957 -0.40741
v -37.075 -23.056 -4.9152
v -36.601 -22.748 -5.6915
v -36.539 -22.483 -5.0123
v -44.569 -10.331 0.066285
v -44.504 -11.095 -0.36822
v -44.038 -11.163 0.47794
v -42.136 -9.6452 -7.3803
v -42.015 -9.4132 -6.9102
v -41.664 -10.312 -6.8914
v -42.136 -9.6452 -7.3803
v -41.664 -10.312 -6.8914
v -41.596 -10.569 -7.0906
v -37.009 -19.404 -7.4916
v -37.308 -19.26 -8.1885
v -37.513 -18.636 -7.3495
v -37.348 -22.656 -2.8582
v -37.578 -23.146 -3.7235
v -37.244 -22.712 -3.6969
v -41.596 -10.569 -7.0906
v -41.255 -11.066 -6.7183
v -41.522 -10.897 -7.2763
v -41.255 -11.066 -6.7183
v -41.208 -11.363 -6.9952
v -41.522 -10.897 -7.2763
v -39.708 -20.005 -0.40819
v -39.964 -19.96 -0.80672
v -39.456 -20.716 -0.75317
v -39.928 -23.857 -19.83
v -40.329 -23.215 -19.95
v -39.241 -23.809 -20.334
v -43.337 -13.39 -0.046474
v -43.24 -13.033 0.45451
v -43.554 -13.151 -0.31254
v -37.883 -22.651 -1.4853
v -38.137 -22.652 -1.4344
v -38.037 -22.861 -1.8634
v -45.261 -1.0004 -9.479
v -45 -1.6924 -9.0496
v -45.191 -1.6197 -9.6005
v -46.151 -6.5862 -0.58363
v -46.164 -6.0656 -0.25668
v -46.541 -5.6198 -0.7959
v -46.245 2.2931 -10.667
v -46.22 2.1405 -10.496
v -46.128 2.1246 -11.123
v -44.758 -2.7521 -8.9365
v -44.791 -2.1076 -8.6486
v -44.65 -2.7472 -8.5986
v -39.975 -22.471 -20.383
v -40.329 -23.215 -19.95
v -40.762 -22.869 -19.832
v -46.078 -7.3346 -1.0148
v -46.151 -6.5862 -0.58363
v -46.223 -6.9884 -1.0342
v -46.269 1.7373 -9.9593
v -46.164 1.8838 -10.197
v -46.22 2.1405 -10.496
v -46.206 -0.090057 -8.1838
v -45.81 0.29308 -8.6686
v -46.457 0.62539 -8.8299
v -47.138 -13.481 -14.509
v -47.305 -12.84 -13.699
v -47.359 -13.037 -14.693
v -46.078 -7.3346 -1.0148
v -45.873 -7.8894 -0.9332
v -45.657 -7.4205 -0.053986
v -46.382 -0.80823 -7.2279
v -46.648 -1.061 -6.7614
v -45.884 -1.253 -6.661
v -45.6 -7.9455 -0.27778
v -45.657 -7.4205 -0.053986
v -45.873 -7.8894 -0.9332
v -35.534 -22.001 -8.904
v -35.46 -22.105 -8.4062
v -35.656 -22.438 -8.8433
v -35.46 -22.105 -8.4062
v -35.523 -22.095 -7.9653
v -35.656 -22.438 -8.8433
v -36.796 -20.088 -8.3681
v -37.308 -19.26 -8.1885
v -37.009 -19.404 -7.4916
v -44.644 -3.0655 -8.7559
v -44.758 -2.7521 -8.9365
v -44.65 -2.7472 -8.5986
v -47.305 -12.84 -13.699
v -47.541 -12.533 -14.39
v -47.359 -13.037 -14.693
v -44.65 -2.7472 -8.5986
v -44.559 -3.2737 -8.631
v -44.644 -3.0655 -8.7559
v -46.741 -2.7621 -3.7118
v -47.003 -3.0977 -3.0005
v -46.594 -3.0641 -3.3006
v -44.429 -3.9075 -8.6654
v -44.559 -3.2737 -8.631
v -44.489 -3.1241 -8.2336
v -38.022 -23.129 -2.4594
v -37.467 -22.418 -2.0407
v -38.037 -22.861 -1.8634
v -50.096 -5.1894 -16.809
v -50.537 -3.1932 -16.267
v -50.449 -3.6017 -17.028
v -38.037 -22.861 -1.8634
v -38.137 -22.652 -1.4344
v -38.372 -22.527 -1.3975
v -43.554 -13.151 -0.31254
v -43.24 -13.033 0.45451
v -43.716 -12.591 -0.060995
v -46.749 -5.4715 -1.1487
v -46.75 -4.8068 -0.88508
v -46.922 -5.114 -1.3388
v -46.75 -4.8068 -0.88508
v -46.749 -5.4715 -1.1487
v -46.541 -5.6198 -0.7959
v -43.337 -13.39 -0.046474
v -43.046 -14.056 -0.12159
v -42.933 -13.899 0.22096
v -39.456 -20.716 -0.75317
v -38.931 -21.659 -1.0355
v -38.865 -21.257 -0.38242
v -46.191 -10.529 -20.276
v -46.675 -9.1146 -20.264
v -45.891 -9.5822 -20.274
v -50.566 -2.9052 -16.976
v -50.461 -2.883 -17.778
v -50.449 -3.6017 -17.028
v -40.433 -21.089 -20.423
v -39.975 -22.471 -20.383
v -41.003 -22.178 -20.037
v -42.821 -14.501 -0.073778
v -42.933 -13.899 0.22096
v -43.046 -14.056 -0.12159
v -37.86 -18.065 -7.3936
v -37.513 -18.636 -7.3495
v -37.872 -18.533 -8.2925
v -37.872 -18.533 -8.2925
v -37.513 -18.636 -7.3495
v -37.308 -19.26 -8.1885
v -39.964 -19.96 -0.80672
v -40.144 -19.309 -0.32572
v -40.674 -19.085 -0.98578
v -41.224 -20.56 -20.42
v -40.433 -21.089 -20.423
v -41.003 -22.178 -20.037
v -38.824 -25.86 -19.383
v -38.72 -26.499 -18.77
v -39.409 -25.61 -18.923
v -50.096 -5.1894 -16.809
v -49.837 -6.2683 -16.761
v -49.814 -6.1496 -14.84
v -50.096 -5.1894 -16.809
v -49.814 -6.1496 -14.84
v -50.111 -4.958 -14.726
v -45.894 0.76767 -10.753
v -45.791 1.3845 -10.081
v -45.451 -0.1219 -9.6721
v -46.871 -3.4635 -2.0661
v -47.289 -3.1577 -2.5235
v -47.27 -3.5375 -1.9035
v -46.586 -3.9067 -1.5806
v -46.871 -3.4635 -2.0661
v -47.27 -3.5375 -1.9035
v -47.011 -4.1023 -1.4215
v -46.586 -3.9067 -1.5806
v -47.27 -3.5375 -1.9035
v -46.245 2.2931 -10.667
v -46.128 2.1246 -11.123
v -46.327 2.7032 -11.043
v -43.742 -14.29 -20.18
v -43.401 -14.806 -20.214
v -44.682 -14.852 -20.189
v -47.047 -4.5585 -1.3713
v -46.75 -4.8068 -0.88508
v -47.011 -4.1023 -1.4215
v -45.791 1.3845 -10.081
v -46.128 2.1246 -11.123
v -46.22 2.1405 -10.496
v -45.894 0.76767 -10.753
v -46.128 2.1246 -11.123
v -45.791 1.3845 -10.081
v -40.035 -14.476 -7.5175
v -40.711 -12.971 -7.4389
v -40.002 -13.154 -5.8074
v -50.393 -3.9019 -15.374
v -50.096 -5.1894 -16.809
v -50.111 -4.958 -14.726
v -41.207 -12.063 -7.8311
v -41.208 -11.363 -6.9952
v -40.577 -12.278 -6.3089
v -45 -1.6924 -9.0496
v -44.791 -2.1076 -8.6486
v -45.053 -2.155 -9.5037
v -44.231 -4.0386 -8.1253
v -43.859 -4.9535 -7.8106
v -44.171 -4.7522 -8.4717
v -50.096 -5.1894 -16.809
v -50.393 -3.9019 -15.374
v -50.537 -3.1932 -16.267
v -44.171 -4.7522 -8.4717
v -43.859 -4.9535 -7.8106
v -43.895 -5.4331 -8.2719
v -41.224 -20.56 -20.42
v -41.847 -19.444 -20.425
v -41.329 -19.669 -20.423
v -43.895 -5.4331 -8.2719
v -43.859 -4.9535 -7.8106
v -43.711 -5.1623 -7.3912
v -42.461 -8.2317 -6.6989
v -42.92 -8.2075 -7.8566
v -42.842 -7.8402 -7.3615
v -42.522 -8.8431 -7.5003
v -42.92 -8.2075 -7.8566
v -42.461 -8.2317 -6.6989
v -45.451 -0.1219 -9.6721
v -45.262 -0.52602 -9.349
v -45.468 -0.85892 -10.117
v -44.758 -2.7521 -8.9365
v -44.644 -3.0655 -8.7559
v -44.728 -3.2609 -9.1245
v -41.731 -18.045 -20.293
v -41.847 -19.444 -20.425
v -42.562 -17.966 -20.388
v -45.261 -1.0004 -9.479
v -45.468 -0.85892 -10.117
v -45.262 -0.52602 -9.349
v -44.489 -3.1241 -8.2336
v -44.231 -4.0386 -8.1253
v -44.429 -3.9075 -8.6654
v -46.648 -1.061 -6.7614
v -47.04 -1.3995 -6.0176
v -45.884 -1.253 -6.661
v -41.57 -17.026 -0.34011
v -41.797 -16.285 0.040392
v -42.144 -16.27 -0.5795
v -39.629 -24.977 -19.326
v -38.86 -25.425 -19.708
v -39.409 -25.61 -18.923
v -44.429 -3.9075 -8.6654
v -44.231 -4.0386 -8.1253
v -44.171 -4.7522 -8.4717
v -46.22 2.1405 -10.496
v -46.245 2.2931 -10.667
v -46.67 2.3083 -10.593
v -39.603 -24.547 -19.693
v -38.86 -25.425 -19.708
v -39.629 -24.977 -19.326
v -41.57 -17.026 -0.34011
v -41.054 -17.957 -0.40741
v -41.05 -17.537 0.080285
v -45.007 -9.5765 -0.25621
v -44.991 -10.106 -0.62747
v -44.569 -10.331 0.066285
v -35.959 -22.524 -7.9483
v -35.895 -22.313 -6.9782
v -36.222 -22.766 -7.6299
v -45.007 -9.5765 -0.25621
v -45.163 -8.9306 -0.046446
v -45.418 -9.2844 -0.81356
v -35.656 -22.438 -8.8433
v -35.523 -22.095 -7.9653
v -35.959 -22.524 -7.9483
v -41.522 -10.897 -7.2763
v -42.034 -10.148 -7.7969
v -41.596 -10.569 -7.0906
v -47.058 -2.3145 -4.4208
v -46.741 -2.7621 -3.7118
v -46.486 -2.7203 -4.4423
v -47.003 -3.0977 -3.0005
v -46.741 -2.7621 -3.7118
v -47.202 -2.6511 -3.6166
v -44.085 -11.559 0.017462
v -44.038 -11.163 0.47794
v -44.504 -11.095 -0.36822
v -42.514 -14.8 0.18342
v -42.821 -14.501 -0.073778
v -42.796 -15.001 -0.56108
v -42.613 -21.872 -14.944
v -42.99 -21.288 -14.772
v -42.937 -21.419 -15.472
v -37.578 -23.146 -3.7235
v -36.987 -22.689 -4.1605
v -37.244 -22.712 -3.6969
v -44.085 -11.559 0.017462
v -44.086 -12.318 -0.6541
v -43.84 -11.936 0.23477
v -42.293 -15.546 -0.14267
v -42.514 -14.8 0.18342
v -42.796 -15.001 -0.56108
v -43.84 -11.936 0.23477
v -44.086 -12.318 -0.6541
v -43.716 -12.591 -0.060995
v -38.022 -23.129 -2.4594
v -37.348 -22.656 -2.8582
v -37.467 -22.418 -2.0407
v -39.537 -20.923 -1.2237
v -39.456 -20.716 -0.75317
v -39.964 -19.96 -0.80672
v -46.206 -0.090057 -8.1838
v -46.798 -0.32133 -7.6589
v -45.888 -0.61713 -7.7488
v -42.293 -15.546 -0.14267
v -42.144 -16.27 -0.5795
v -41.797 -16.285 0.040392
v -42.154 -22.62 -15.191
v -42.479 -22.128 -15.462
v -42.28 -22.48 -15.942
v -43.702 -6.0488 -8.2726
v -43.895 -5.4331 -8.2719
v -43.586 -5.7968 -7.6565
v -42.034 -10.148 -7.7969
v -42.136 -9.6452 -7.3803
v -41.596 -10.569 -7.0906
v -46.245 2.2931 -10.667
v -46.327 2.7032 -11.043
v -46.67 2.3083 -10.593
v -43.586 -5.7968 -7.6565
v -43.469 -6.4481 -7.894
v -43.702 -6.0488 -8.2726
v -41.024 -24.205 -16.778
v -40.744 -24.589 -16.072
v -41.371 -23.792 -16.027
v -41.054 -17.957 -0.40741
v -41.092 -18.358 -0.99035
v -40.704 -18.338 -0.21123
v -46.22 2.1405 -10.496
v -46.67 2.3083 -10.593
v -46.269 1.7373 -9.9593
v -42.99 -21.288 -14.772
v -43.538 -20.392 -14.617
v -43.516 -20.501 -15.271
v -40.02 -25.399 -17.813
v -39.616 -25.663 -18.348
v -39.676 -25.882 -17.322
v -43.234 -6.7917 -7.5107
v -42.996 -7.3786 -7.4352
v -43.306 -7.2532 -8.1423
v -45.884 -1.253 -6.661
v -47.04 -1.3995 -6.0176
v -46.502 -1.692 -5.8468
v -39.409 -25.61 -18.923
v -38.72 -26.499 -18.77
v -39.616 -25.663 -18.348
v -45.053 -2.155 -9.5037
v -44.791 -2.1076 -8.6486
v -44.871 -2.5844 -9.2093
v -39.964 -19.96 -0.80672
v -40.674 -19.085 -0.98578
v -40.289 -19.839 -1.2621
v -44.758 -2.7521 -8.9365
v -44.871 -2.5844 -9.2093
v -44.791 -2.1076 -8.6486
v -46.502 -1.692 -5.8468
v -46.923 -1.8835 -5.3701
v -46.518 -2.2269 -5.0663
v -46.123 -15.704 -14.238
v -45.866 -16.198 -14.556
v -45.728 -16.365 -13.962
v -40.465 -24.901 -17.428
v -40.02 -25.399 -17.813
v -39.87 -25.662 -16.738
v -43.854 -19.853 -14.315
v -44.195 -19.211 -13.99
v -44.153 -19.437 -14.8
v -46.872 0.12033 -8.0214
v -46.457 0.62539 -8.8299
v -46.833 0.50008 -8.495
v -41.689 -23.323 -16.562
v -41.371 -23.792 -16.027
v -41.707 -23.239 -15.486
v -46.872 0.12033 -8.0214
v -46.206 -0.090057 -8.1838
v -46.457 0.62539 -8.8299
v -47.202 -2.6511 -3.6166
v -46.741 -2.7621 -3.7118
v -47.058 -2.3145 -4.4208
v -42.136 -9.6452 -7.3803
v -42.522 -8.8431 -7.5003
v -42.307 -8.9257 -7.03
v -37.075 -23.056 -4.9152
v -36.987 -22.689 -4.1605
v -37.623 -23.443 -4.5543
v -37.887 -23.195 -2.9018
v -37.578 -23.146 -3.7235
v -37.348 -22.656 -2.8582
v -38.037 -22.861 -1.8634
v -38.325 -22.916 -2.0284
v -38.022 -23.129 -2.4594
v -44.809 -18.158 -14.312
v -44.45 -18.887 -14.503
v -44.507 -18.621 -13.821
v -38.037 -22.861 -1.8634
v -38.372 -22.527 -1.3975
v -38.325 -22.916 -2.0284
v -39.537 -20.923 -1.2237
v -38.931 -21.659 -1.0355
v -39.456 -20.716 -0.75317
v -41.024 -24.205 -16.778
v -40.465 -24.901 -17.428
v -40.266 -25.208 -16.488
v -35.534 -22.001 -8.904
v -36.464 -20.641 -8.588
v -35.486 -21.734 -8.3397
v -46.739 5.1008 -13.603
v -46.873 5.9552 -13.414
v -46.93 5.2729 -13.009
v -40.711 -12.971 -7.4389
v -41.207 -12.063 -7.8311
v -40.577 -12.278 -6.3089
v -46.37 2.788 -11.989
v -46.443 3.0369 -11.277
v -46.327 2.7032 -11.043
v -46.327 2.7032 -11.043
v -46.128 2.1246 -11.123
v -46.37 2.788 -11.989
v -44.153 -19.437 -14.8
v -44.195 -19.211 -13.99
v -44.45 -18.887 -14.503
v -39.257 -15.847 -7.5476
v -38.536 -17.302 -7.7857
v -39.344 -16.269 -8.4922
v -39.87 -25.662 -16.738
v -40.02 -25.399 -17.813
v -39.676 -25.882 -17.322
v -47.262 -4.5411 -1.8491
v -47.011 -4.1023 -1.4215
v -47.463 -3.8235 -1.9322
v -47.047 -4.5585 -1.3713
v -47.011 -4.1023 -1.4215
v -47.262 -4.5411 -1.8491
v -47.011 -4.1023 -1.4215
v -47.27 -3.5375 -1.9035
v -47.463 -3.8235 -1.9322
v -46.75 -4.8068 -0.88508
v -47.047 -4.5585 -1.3713
v -46.922 -5.114 -1.3388
v -36.362 -22.748 -6.546
v -36.222 -22.766 -7.6299
v -35.895 -22.313 -6.9782
v -48.2 -10.896 -14.279
v -48.346 -10.349 -13.779
v -48.53 -10.18 -14.812
v -45.6 -7.9455 -0.27778
v -45.873 -7.8894 -0.9332
v -45.538 -8.5233 -0.60986
v -46.486 -2.7203 -4.4423
v -46.518 -2.2269 -5.0663
v -47.058 -2.3145 -4.4208
v -44.644 -3.0655 -8.7559
v -44.559 -3.2737 -8.631
v -44.728 -3.2609 -9.1245
v -46.617 1.2366 -9.3426
v -46.269 1.7373 -9.9593
v -47.043 1.3934 -9.471
v -44.429 -3.9075 -8.6654
v -44.728 -3.2609 -9.1245
v -44.559 -3.2737 -8.631
v -46.749 -5.4715 -1.1487
v -46.841 -5.5914 -1.4859
v -46.541 -5.6198 -0.7959
v -46.541 -5.6198 -0.7959
v -46.53 -6.6883 -1.3969
v -46.151 -6.5862 -0.58363
v -44.195 -19.211 -13.99
v -44.507 -18.621 -13.821
v -44.45 -18.887 -14.503
v -41.57 -17.026 -0.34011
v -41.427 -17.731 -0.87438
v -41.054 -17.957 -0.40741
v -44.429 -3.9075 -8.6654
v -44.171 -4.7522 -8.4717
v -44.263 -4.6495 -8.8713
v -46.37 2.788 -11.989
v -46.535 3.3883 -11.932
v -46.443 3.0369 -11.277
v -50.4 -2.4327 -18.176
v -50.08 -3.4361 -18.521
v -50.461 -2.883 -17.778
v -47.138 -13.481 -14.509
v -46.898 -13.942 -13.911
v -47.082 -13.377 -13.659
v -46.443 3.0369 -11.277
v -46.535 3.3883 -11.932
v -46.825 3.4455 -11.63
v -46.206 -0.090057 -8.1838
v -46.872 0.12033 -8.0214
v -46.798 -0.32133 -7.6589
v -44.504 -11.095 -0.36822
v -44.424 -11.646 -0.65853
v -44.085 -11.559 0.017462
v -48.712 -9.552 -14.069
v -48.53 -10.18 -14.812
v -48.346 -10.349 -13.779
v -46.798 -0.32133 -7.6589
v -46.382 -0.80823 -7.2279
v -45.888 -0.61713 -7.7488
v -36.362 -22.748 -6.546
v -36.601 -22.748 -5.6915
v -36.802 -23.122 -6.1468
v -46.061 -15.583 -13.497
v -46.123 -15.704 -14.238
v -45.903 -16.002 -13.66
v -42.522 -8.8431 -7.5003
v -42.136 -9.6452 -7.3803
v -42.416 -9.459 -7.9051
v -46.443 3.0369 -11.277
v -46.67 2.3083 -10.593
v -46.327 2.7032 -11.043
v -49.958 -2.8523 -18.836
v -50.08 -3.4361 -18.521
v -50.4 -2.4327 -18.176
v -45.538 -8.5233 -0.60986
v -45.418 -9.2844 -0.81356
v -45.163 -8.9306 -0.046446
v -43.702 -6.0488 -8.2726
v -43.469 -6.4481 -7.894
v -43.596 -6.4563 -8.3803
v -43.703 -13.002 -0.4572
v -43.554 -13.151 -0.31254
v -43.716 -12.591 -0.060995
v -43.469 -6.4481 -7.894
v -43.234 -6.7917 -7.5107
v -43.306 -7.2532 -8.1423
v -46.379 -15.088 -13.758
v -46.123 -15.704 -14.238
v -46.061 -15.583 -13.497
v -43.337 -13.39 -0.046474
v -43.554 -13.151 -0.31254
v -43.565 -13.589 -0.67716
v -45.053 -2.155 -9.5037
v -45.191 -1.6197 -9.6005
v -45 -1.6924 -9.0496
v -43.046 -14.056 -0.12159
v -43.337 -13.39 -0.046474
v -43.176 -14.215 -0.48216
v -37.53 -19.175 -8.6338
v -37.872 -18.533 -8.2925
v -37.308 -19.26 -8.1885
v -43.046 -14.056 -0.12159
v -43.176 -14.215 -0.48216
v -42.821 -14.501 -0.073778
v -42.842 -7.8402 -7.3615
v -43.306 -7.2532 -8.1423
v -42.996 -7.3786 -7.4352
v -47.541 -12.533 -14.39
v -47.305 -12.84 -13.699
v -47.607 -12.298 -13.948
v -42.92 -8.2075 -7.8566
v -43.306 -7.2532 -8.1423
v -42.842 -7.8402 -7.3615
v -36.796 -20.088 -8.3681
v -36.464 -20.641 -8.588
v -37.059 -20.059 -9.0685
v -37.887 -23.195 -2.9018
v -37.348 -22.656 -2.8582
v -38.022 -23.129 -2.4594
v -38.325 -22.916 -2.0284
v -38.298 -23.1 -2.3196
v -38.022 -23.129 -2.4594
v -35.604 -22.387 -9.363
v -35.534 -22.001 -8.904
v -35.656 -22.438 -8.8433
v -44.871 -2.5844 -9.2093
v -44.758 -2.7521 -8.9365
v -44.728 -3.2609 -9.1245
v -44.591 -4.1643 -9.4254
v -44.728 -3.2609 -9.1245
v -44.429 -3.9075 -8.6654
v -46.518 -2.2269 -5.0663
v -46.923 -1.8835 -5.3701
v -47.058 -2.3145 -4.4208
v -45.418 -9.2844 -0.81356
v -45.269 -10.071 -1.2299
v -45.007 -9.5765 -0.25621
v -47.305 -12.84 -13.699
v -47.138 -13.481 -14.509
v -47.082 -13.377 -13.659
v -42.034 -10.148 -7.7969
v -42.416 -9.459 -7.9051
v -42.136 -9.6452 -7.3803
v -47.202 -2.6511 -3.6166
v -47.058 -2.3145 -4.4208
v -47.507 -2.1372 -4.3206
v -42.037 -16.757 -0.93034
v -41.57 -17.026 -0.34011
v -42.144 -16.27 -0.5795
v -45.167 -17.534 -14.065
v -44.809 -18.158 -14.312
v -44.761 -18.121 -13.511
v -47.003 -3.0977 -3.0005
v -47.202 -2.6511 -3.6166
v -47.581 -2.5291 -3.3063
v -44.938 -10.71 -0.874
v -44.569 -10.331 0.066285
v -44.991 -10.106 -0.62747
v -36.796 -20.088 -8.3681
v -37.53 -19.175 -8.6338
v -37.308 -19.26 -8.1885
v -41.092 -18.358 -0.99035
v -41.054 -17.957 -0.40741
v -41.427 -17.731 -0.87438
v -44.569 -10.331 0.066285
v -44.938 -10.71 -0.874
v -44.504 -11.095 -0.36822
v -44.086 -12.318 -0.6541
v -44.085 -11.559 0.017462
v -44.424 -11.646 -0.65853
v -41.092 -18.358 -0.99035
v -40.674 -19.085 -0.98578
v -40.704 -18.338 -0.21123
v -47.075 1.9426 -10.109
v -47.043 1.3934 -9.471
v -46.269 1.7373 -9.9593
v -43.538 -20.392 -14.617
v -42.99 -21.288 -14.772
v -43.075 -21.075 -14.225
v -43.176 -14.215 -0.48216
v -43.337 -13.39 -0.046474
v -43.565 -13.589 -0.67716
v -46.53 -6.6883 -1.3969
v -46.541 -5.6198 -0.7959
v -46.701 -6.207 -1.5113
v -42.613 -21.872 -14.944
v -42.479 -22.128 -15.462
v -42.409 -22.092 -14.643
v -46.382 -0.80823 -7.2279
v -46.936 -0.65487 -7.2131
v -46.648 -1.061 -6.7614
v -43.176 -14.215 -0.48216
v -42.796 -15.001 -0.56108
v -42.821 -14.501 -0.073778
v -46.554 3.3701 -12.479
v -46.724 3.937 -12.391
v -46.535 3.3883 -11.932
v -46.37 2.788 -11.989
v -46.554 3.3701 -12.479
v -46.535 3.3883 -11.932
v -45.191 -1.6197 -9.6005
v -45.468 -0.85892 -10.117
v -45.261 -1.0004 -9.479
v -46.535 3.3883 -11.932
v -46.724 3.937 -12.391
v -46.825 3.4455 -11.63
v -45.894 0.76767 -10.753
v -45.451 -0.1219 -9.6721
v -45.468 -0.85892 -10.117
v -38.729 -22.094 -1.363
v -38.997 -22.271 -2.1929
v -38.372 -22.527 -1.3975
v -35.959 -22.524 -7.9483
v -35.937 -22.77 -8.7108
v -35.656 -22.438 -8.8433
v -46.123 -15.704 -14.238
v -45.728 -16.365 -13.962
v -45.903 -16.002 -13.66
v -45.053 -2.155 -9.5037
v -44.871 -2.5844 -9.2093
v -45.008 -2.6172 -9.6416
v -39.537 -20.923 -1.2237
v -39.964 -19.96 -0.80672
v -39.941 -20.558 -1.5682
v -37.623 -23.443 -4.5543
v -36.987 -22.689 -4.1605
v -37.578 -23.146 -3.7235
v -46.676 4.5958 -13.073
v -46.93 5.2729 -13.009
v -46.966 4.6421 -12.706
v -47.075 1.9426 -10.109
v -46.269 1.7373 -9.9593
v -46.67 2.3083 -10.593
v -46.379 -15.088 -13.758
v -46.734 -14.078 -13.448
v -46.898 -13.942 -13.911
v -46.724 3.937 -12.391
v -46.676 4.5958 -13.073
v -46.966 4.6421 -12.706
v -47.544 6.1383 -13.509
v -46.873 5.9552 -13.414
v -47.233 6.2484 -14.238
v -47.233 6.2484 -14.238
v -46.873 5.9552 -13.414
v -46.998 6.1469 -14.908
v -46.839 5.8227 -14.784
v -46.998 6.1469 -14.908
v -46.873 5.9552 -13.414
v -47.289 -3.1577 -2.5235
v -47.003 -3.0977 -3.0005
v -47.581 -2.5291 -3.3063
v -48.712 -9.552 -14.069
v -49.047 -8.5989 -14.457
v -48.961 -9.0526 -14.956
v -47.27 -3.5375 -1.9035
v -47.289 -3.1577 -2.5235
v -47.66 -3.2586 -2.5438
v -46.873 5.9552 -13.414
v -46.739 5.1008 -13.603
v -46.839 5.8227 -14.784
v -41.207 -12.063 -7.8311
v -41.522 -10.897 -7.2763
v -41.208 -11.363 -6.9952
v -46.922 -5.114 -1.3388
v -47.047 -4.5585 -1.3713
v -47.262 -4.5411 -1.8491
v -35.534 -22.001 -8.904
v -35.604 -22.387 -9.363
v -35.757 -22.211 -9.976
v -46.873 5.9552 -13.414
v -47.521 5.8702 -13.146
v -46.93 5.2729 -13.009
v -39.257 -15.847 -7.5476
v -40.035 -14.476 -7.5175
v -39.418 -14.815 -6.2945
v -38.536 -17.302 -7.7857
v -37.86 -18.065 -7.3936
v -37.872 -18.533 -8.2925
v -46.93 5.2729 -13.009
v -46.676 4.5958 -13.073
v -46.739 5.1008 -13.603
v -45.468 -0.85892 -10.117
v -45.715 -0.6474 -10.792
v -45.894 0.76767 -10.753
v -47.521 5.8702 -13.146
v -46.873 5.9552 -13.414
v -47.544 6.1383 -13.509
v -40.266 -25.208 -16.488
v -40.465 -24.901 -17.428
v -39.87 -25.662 -16.738
v -46.53 -6.6883 -1.3969
v -46.223 -6.9884 -1.0342
v -46.151 -6.5862 -0.58363
v -47.667 5.4005 -12.886
v -46.93 5.2729 -13.009
v -47.521 5.8702 -13.146
v -46.923 -1.8835 -5.3701
v -46.502 -1.692 -5.8468
v -47.04 -1.3995 -6.0176
v -45.223 -2.0669 -9.9161
v -45.191 -1.6197 -9.6005
v -45.053 -2.155 -9.5037
v -45.873 -7.8894 -0.9332
v -45.715 -8.7756 -1.1561
v -45.538 -8.5233 -0.60986
v -42.293 -15.546 -0.14267
v -42.617 -15.659 -0.86892
v -42.144 -16.27 -0.5795
v -41.024 -24.205 -16.778
v -40.266 -25.208 -16.488
v -40.744 -24.589 -16.072
v -42.522 -8.8431 -7.5003
v -42.692 -9.0069 -8.2014
v -42.92 -8.2075 -7.8566
v -44.871 -2.5844 -9.2093
v -44.728 -3.2609 -9.1245
v -45.008 -2.6172 -9.6416
v -45.007 -9.5765 -0.25621
v -45.269 -10.071 -1.2299
v -44.991 -10.106 -0.62747
v -43.308 -20.68 -14.112
v -43.538 -20.392 -14.617
v -43.075 -21.075 -14.225
v -39.603 -24.547 -19.693
v -39.928 -23.857 -19.83
v -39.241 -23.809 -20.334
v -46.676 4.5958 -13.073
v -46.724 3.937 -12.391
v -46.628 3.5626 -13.146
v -46.628 3.5626 -13.146
v -46.724 3.937 -12.391
v -46.554 3.3701 -12.479
v -43.703 -13.002 -0.4572
v -43.716 -12.591 -0.060995
v -44.086 -12.318 -0.6541
v -43.565 -13.589 -0.67716
v -43.554 -13.151 -0.31254
v -43.703 -13.002 -0.4572
v -46.825 3.4455 -11.63
v -46.724 3.937 -12.391
v -47.327 4.0088 -11.903
v -46.922 -5.114 -1.3388
v -46.841 -5.5914 -1.4859
v -46.749 -5.4715 -1.1487
v -46.701 -6.207 -1.5113
v -46.541 -5.6198 -0.7959
v -46.841 -5.5914 -1.4859
v -46.443 3.0369 -11.277
v -46.825 3.4455 -11.63
v -47.169 3.2533 -11.332
v -47.01 2.6543 -10.848
v -46.443 3.0369 -11.277
v -47.169 3.2533 -11.332
v -46.67 2.3083 -10.593
v -46.443 3.0369 -11.277
v -47.01 2.6543 -10.848
v -36.601 -22.748 -5.6915
v -37.075 -23.056 -4.9152
v -37.166 -23.319 -5.5984
v -39.616 -25.663 -18.348
v -38.72 -26.499 -18.77
v -39.235 -26.281 -17.885
v -46.382 -0.80823 -7.2279
v -46.798 -0.32133 -7.6589
v -46.936 -0.65487 -7.2131
v -39.305 -21.711 -1.9431
v -38.997 -22.271 -2.1929
v -38.729 -22.094 -1.363
v -39.964 -19.96 -0.80672
v -40.289 -19.839 -1.2621
v -39.941 -20.558 -1.5682
v -39.305 -21.711 -1.9431
v -38.729 -22.094 -1.363
v -38.931 -21.659 -1.0355
v -35.604 -22.387 -9.363
v -35.656 -22.438 -8.8433
v -35.827 -22.718 -9.2887
v -35.937 -22.77 -8.7108
v -35.827 -22.718 -9.2887
v -35.656 -22.438 -8.8433
v -43.306 -7.2532 -8.1423
v -43.596 -6.4563 -8.3803
v -43.469 -6.4481 -7.894
v -43.497 -7.1471 -8.6205
v -43.596 -6.4563 -8.3803
v -43.306 -7.2532 -8.1423
v -47.04 -1.3995 -6.0176
v -46.648 -1.061 -6.7614
v -47.31 -0.91664 -6.6538
v -42.796 -15.001 -0.56108
v -43.176 -14.215 -0.48216
v -43.115 -14.855 -0.96589
v -42.92 -8.2075 -7.8566
v -43.207 -7.9999 -8.6675
v -43.306 -7.2532 -8.1423
v -37.166 -23.319 -5.5984
v -36.802 -23.122 -6.1468
v -36.601 -22.748 -5.6915
v -38.824 -25.86 -19.383
v -39.409 -25.61 -18.923
v -38.86 -25.425 -19.708
v -45.4 -1.7261 -10.328
v -45.191 -1.6197 -9.6005
v -45.223 -2.0669 -9.9161
v -42.796 -15.001 -0.56108
v -42.617 -15.659 -0.86892
v -42.293 -15.546 -0.14267
v -42.617 -15.659 -0.86892
v -42.523 -16.334 -1.4187
v -42.144 -16.27 -0.5795
v -42.522 -8.8431 -7.5003
v -42.416 -9.459 -7.9051
v -42.692 -9.0069 -8.2014
v -46.724 4.2735 -13.625
v -46.676 4.5958 -13.073
v -46.628 3.5626 -13.146
v -42.037 -16.757 -0.93034
v -41.427 -17.731 -0.87438
v -41.57 -17.026 -0.34011
v -39.537 -20.923 -1.2237
v -39.305 -21.711 -1.9431
v -38.931 -21.659 -1.0355
v -43.564 -15.497 -20.277
v -42.37 -16.744 -20.267
v -43.285 -16.85 -20.305
v -42.562 -17.966 -20.388
v -43.285 -16.85 -20.305
v -42.37 -16.744 -20.267
v -39.941 -20.558 -1.5682
v -39.8 -21.027 -1.9763
v -39.537 -20.923 -1.2237
v -46.966 4.6421 -12.706
v -47.501 4.6287 -12.453
v -46.724 3.937 -12.391
v -39.975 -22.471 -20.383
v -39.241 -23.809 -20.334
v -40.329 -23.215 -19.95
v -44.645 -12.012 -20.101
v -44.988 -13.114 -20.244
v -45.726 -11.254 -20.196
v -37.53 -19.175 -8.6338
v -36.796 -20.088 -8.3681
v -37.059 -20.059 -9.0685
v -46.724 3.937 -12.391
v -47.501 4.6287 -12.453
v -47.327 4.0088 -11.903
v -43.895 -5.4331 -8.2719
v -44.081 -5.5064 -8.9886
v -44.171 -4.7522 -8.4717
v -46.922 -5.114 -1.3388
v -47.262 -4.5411 -1.8491
v -47.132 -5.2166 -2.0545
v -43.895 -5.4331 -8.2719
v -43.702 -6.0488 -8.2726
v -44.081 -5.5064 -8.9886
v -38.372 -22.527 -1.3975
v -38.997 -22.271 -2.1929
v -38.325 -22.916 -2.0284
v -36.222 -22.766 -7.6299
v -35.937 -22.77 -8.7108
v -35.959 -22.524 -7.9483
v -46.701 -6.207 -1.5113
v -46.841 -5.5914 -1.4859
v -46.901 -6.0625 -1.9666
v -45.418 -9.2844 -0.81356
v -45.538 -8.5233 -0.60986
v -45.715 -8.7756 -1.1561
v -43.773 -6.4812 -8.8671
v -43.702 -6.0488 -8.2726
v -43.596 -6.4563 -8.3803
v -50.537 -3.1932 -16.267
v -50.566 -2.9052 -16.976
v -50.449 -3.6017 -17.028
v -46.457 0.62539 -8.8299
v -46.617 1.2366 -9.3426
v -47.248 0.93595 -8.9405
v -46.833 0.50008 -8.495
v -46.457 0.62539 -8.8299
v -47.248 0.93595 -8.9405
v -46.37 2.788 -11.989
v -46.128 2.1246 -11.123
v -46.425 1.913 -12.446
v -47.99 -4.9835 -20.091
v -48.583 -5.7977 -19.785
v -48.56 -4.1418 -19.856
v -50.688 -1.8612 -17.523
v -50.461 -2.883 -17.778
v -50.566 -2.9052 -16.976
v -41.617 -11.495 -8.3824
v -42.034 -10.148 -7.7969
v -41.522 -10.897 -7.2763
v -35.757 -22.211 -9.976
v -35.604 -22.387 -9.363
v -35.742 -22.671 -9.8824
v -45.894 0.76767 -10.753
v -46.091 0.71842 -11.608
v -46.128 2.1246 -11.123
v -45.715 -0.6474 -10.792
v -45.996 0.0031802 -11.307
v -45.894 0.76767 -10.753
v -36.464 -20.641 -8.588
v -35.534 -22.001 -8.904
v -36.86 -20.643 -9.6234
v -47.27 -3.5375 -1.9035
v -47.66 -3.2586 -2.5438
v -47.463 -3.8235 -1.9322
v -35.757 -22.211 -9.976
v -36.86 -20.643 -9.6234
v -35.534 -22.001 -8.904
v -39.235 -26.281 -17.885
v -38.72 -26.499 -18.77
v -38.395 -26.869 -18.601
v -40.035 -14.476 -7.5175
v -39.257 -15.847 -7.5476
v -40.388 -14.737 -8.9482
v -38.022 -23.129 -2.4594
v -38.186 -23.336 -2.8179
v -37.887 -23.195 -2.9018
v -37.872 -18.533 -8.2925
v -39.242 -17.001 -9.5171
v -38.536 -17.302 -7.7857
v -49.501 -4.1591 -19.133
v -49.958 -2.8523 -18.836
v -49.144 -2.8923 -19.637
v -38.86 -25.425 -19.708
v -39.603 -24.547 -19.693
v -38.762 -24.739 -20.082
v -43.773 -6.4812 -8.8671
v -44.081 -5.5064 -8.9886
v -43.702 -6.0488 -8.2726
v -45.008 -2.6172 -9.6416
v -44.728 -3.2609 -9.1245
v -44.936 -3.0993 -9.6329
v -48.56 -4.1418 -19.856
v -49.501 -4.1591 -19.133
v -49.144 -2.8923 -19.637
v -38.762 -24.739 -20.082
v -39.603 -24.547 -19.693
v -39.241 -23.809 -20.334
v -49.168 -8.2331 -14.607
v -49.446 -7.0086 -13.7
v -49.537 -7.3413 -15.541
v -43.565 -13.589 -0.67716
v -43.372 -14.314 -1.0151
v -43.176 -14.215 -0.48216
v -49.742 -1.9964 -19.254
v -49.144 -2.8923 -19.637
v -49.958 -2.8523 -18.836
v -49.814 -6.1496 -14.84
v -49.537 -7.3413 -15.541
v -49.446 -7.0086 -13.7
v -44.263 -4.6495 -8.8713
v -44.591 -4.1643 -9.4254
v -44.429 -3.9075 -8.6654
v -47.04 -1.3995 -6.0176
v -47.361 -1.7796 -5.2559
v -46.923 -1.8835 -5.3701
v -45.468 -0.85892 -10.117
v -45.191 -1.6197 -9.6005
v -45.4 -1.7261 -10.328
v -44.081 -5.5064 -8.9886
v -44.263 -4.6495 -8.8713
v -44.171 -4.7522 -8.4717
v -47.233 6.2484 -14.238
v -46.998 6.1469 -14.908
v -47.312 6.2431 -14.683
v -45.51 -16.725 -13.364
v -45.475 -16.799 -13.698
v -45.167 -17.534 -14.065
v -47.058 -2.3145 -4.4208
v -46.923 -1.8835 -5.3701
v -47.361 -1.7796 -5.2559
v -45.053 -2.155 -9.5037
v -45.008 -2.6172 -9.6416
v -45.223 -2.0669 -9.9161
v -45.51 -16.725 -13.364
v -45.728 -16.365 -13.962
v -45.475 -16.799 -13.698
v -45.903 -16.002 -13.66
v -45.897 -15.904 -13.204
v -46.061 -15.583 -13.497
v -36.222 -22.766 -7.6299
v -36.362 -22.748 -6.546
v -36.65 -23.24 -7.3396
v -46.554 3.3701 -12.479
v -46.37 2.788 -11.989
v -46.48 2.4167 -12.611
v -45.897 -15.904 -13.204
v -45.903 -16.002 -13.66
v -45.728 -16.365 -13.962
v -47.132 -5.2166 -2.0545
v -46.841 -5.5914 -1.4859
v -46.922 -5.114 -1.3388
v -41.427 -17.731 -0.87438
v -42.037 -16.757 -0.93034
v -41.794 -17.648 -1.5198
v -47.082 -13.377 -13.659
v -46.898 -13.942 -13.911
v -46.734 -14.078 -13.448
v -37.872 -18.533 -8.2925
v -37.53 -19.175 -8.6338
v -37.851 -18.884 -9.0092
v -39.941 -20.558 -1.5682
v -40.289 -19.839 -1.2621
v -40.32 -20.306 -2.0322
v -46.739 5.1008 -13.603
v -46.676 4.5958 -13.073
v -46.808 4.5807 -14.29
v -44.424 -11.646 -0.65853
v -44.504 -11.095 -0.36822
v -44.938 -10.71 -0.874
v -46.67 2.3083 -10.593
v -47.01 2.6543 -10.848
v -47.561 2.2356 -10.385
v -47.607 -12.298 -13.948
v -47.305 -12.84 -13.699
v -47.516 -12.331 -13.306
v -46.061 -15.583 -13.497
v -46.163 -15.308 -13.175
v -46.379 -15.088 -13.758
v -39.8 -21.027 -1.9763
v -39.305 -21.711 -1.9431
v -39.537 -20.923 -1.2237
v -47.521 5.8702 -13.146
v -47.544 6.1383 -13.509
v -47.872 6.0227 -13.246
v -46.839 5.8227 -14.784
v -46.739 5.1008 -13.603
v -46.823 4.9576 -14.68
v -46.966 4.6421 -12.706
v -46.93 5.2729 -13.009
v -47.501 4.6287 -12.453
v -38.022 -23.129 -2.4594
v -38.298 -23.1 -2.3196
v -38.186 -23.336 -2.8179
v -46.823 4.9576 -14.68
v -46.739 5.1008 -13.603
v -46.808 4.5807 -14.29
v -38.325 -22.916 -2.0284
v -38.997 -22.271 -2.1929
v -38.581 -23.066 -2.5944
v -38.298 -23.1 -2.3196
v -38.325 -22.916 -2.0284
v -38.581 -23.066 -2.5944
v -46.833 0.50008 -8.495
v -47.525 0.50753 -8.2556
v -46.872 0.12033 -8.0214
v -46.676 4.5958 -13.073
v -46.724 4.2735 -13.625
v -46.808 4.5807 -14.29
v -36.464 -20.641 -8.588
v -36.86 -20.643 -9.6234
v -37.059 -20.059 -9.0685
v -35.742 -22.671 -9.8824
v -35.604 -22.387 -9.363
v -35.827 -22.718 -9.2887
v -46.825 3.4455 -11.63
v -47.327 4.0088 -11.903
v -47.169 3.2533 -11.332
v -46.936 -0.65487 -7.2131
v -46.798 -0.32133 -7.6589
v -47.422 -0.4446 -7.0566
v -46.936 -0.65487 -7.2131
v -47.31 -0.91664 -6.6538
v -46.648 -1.061 -6.7614
v -47.043 1.3934 -9.471
v -47.075 1.9426 -10.109
v -47.613 1.6475 -9.7685
v -39.235 -26.281 -17.885
v -39.676 -25.882 -17.322
v -39.616 -25.663 -18.348
v -47.544 6.1383 -13.509
v -47.233 6.2484 -14.238
v -47.936 6.2231 -14.004
v -47.043 1.3934 -9.471
v -47.248 0.93595 -8.9405
v -46.617 1.2366 -9.3426
v -45.522 -1.4324 -10.571
v -45.715 -0.6474 -10.792
v -45.468 -0.85892 -10.117
v -38.824 -25.86 -19.383
v -38.86 -25.425 -19.708
v -38.51 -25.658 -19.864
v -46.091 0.71842 -11.608
v -46.425 1.913 -12.446
v -46.128 2.1246 -11.123
v -45.468 -0.85892 -10.117
v -45.4 -1.7261 -10.328
v -45.522 -1.4324 -10.571
v -41.707 -23.239 -15.486
v -41.371 -23.792 -16.027
v -41.35 -23.66 -15.3
v -43.703 -13.002 -0.4572
v -44.086 -12.318 -0.6541
v -43.899 -13.102 -0.90565
v -47.058 -2.3145 -4.4208
v -47.361 -1.7796 -5.2559
v -47.784 -1.8259 -4.7741
v -43.899 -13.102 -0.90565
v -43.565 -13.589 -0.67716
v -43.703 -13.002 -0.4572
v -47.058 -2.3145 -4.4208
v -47.784 -1.8259 -4.7741
v -47.507 -2.1372 -4.3206
v -41.371 -23.792 -16.027
v -40.744 -24.589 -16.072
v -40.766 -24.479 -15.594
v -46.93 5.2729 -13.009
v -47.667 5.4005 -12.886
v -47.501 4.6287 -12.453
v -42.034 -10.148 -7.7969
v -42.449 -9.8308 -8.4488
v -42.416 -9.459 -7.9051
v -43.115 -14.855 -0.96589
v -43.176 -14.215 -0.48216
v -43.372 -14.314 -1.0151
v -47.507 -2.1372 -4.3206
v -47.966 -1.9699 -4.1527
v -47.202 -2.6511 -3.6166
v -42.692 -9.0069 -8.2014
v -42.987 -8.5552 -8.5752
v -42.92 -8.2075 -7.8566
v -47.202 -2.6511 -3.6166
v -47.966 -1.9699 -4.1527
v -47.581 -2.5291 -3.3063
v -44.936 -3.0993 -9.6329
v -44.728 -3.2609 -9.1245
v -44.757 -3.7226 -9.6838
v -47.858 -2.5593 -3.2312
v -47.581 -2.5291 -3.3063
v -47.966 -1.9699 -4.1527
v -44.757 -3.7226 -9.6838
v -44.728 -3.2609 -9.1245
v -44.591 -4.1643 -9.4254
v -37.059 -20.059 -9.0685
v -37.41 -19.721 -9.312
v -37.53 -19.175 -8.6338
v -47.463 -3.8235 -1.9322
v -47.524 -4.4411 -2.6083
v -47.262 -4.5411 -1.8491
v -36.346 -23.111 -8.3153
v -35.937 -22.77 -8.7108
v -36.222 -22.766 -7.6299
v -40.289 -19.839 -1.2621
v -40.674 -19.085 -0.98578
v -40.853 -19.365 -1.7712
v -44.376 -4.897 -9.4394
v -44.591 -4.1643 -9.4254
v -44.263 -4.6495 -8.8713
v -46.53 -6.6883 -1.3969
v -46.495 -7.2579 -1.6826
v -46.223 -6.9884 -1.0342
v -46.078 -7.3346 -1.0148
v -46.223 -6.9884 -1.0342
v -46.495 -7.2579 -1.6826
v -45.873 -7.8894 -0.9332
v -46.078 -7.3346 -1.0148
v -46.108 -8.058 -1.4058
v -45.715 -8.7756 -1.1561
v -45.873 -7.8894 -0.9332
v -46.108 -8.058 -1.4058
v -41.427 -17.731 -0.87438
v -41.42 -18.221 -1.4958
v -41.092 -18.358 -0.99035
v -44.263 -4.6495 -8.8713
v -44.081 -5.5064 -8.9886
v -44.376 -4.897 -9.4394
v -37.578 -23.146 -3.7235
v -37.887 -23.195 -2.9018
v -38.135 -23.606 -3.3317
v -38.186 -23.336 -2.8179
v -38.298 -23.1 -2.3196
v -38.581 -23.066 -2.5944
v -44.424 -11.646 -0.65853
v -44.53 -11.987 -1.2204
v -44.086 -12.318 -0.6541
v -44.938 -10.71 -0.874
v -44.991 -10.106 -0.62747
v -45.269 -10.071 -1.2299
v -41.522 -10.897 -7.2763
v -41.207 -12.063 -7.8311
v -41.617 -11.495 -8.3824
v -39.905 -15.629 -8.8726
v -40.388 -14.737 -8.9482
v -39.257 -15.847 -7.5476
v -47.66 -3.2586 -2.5438
v -47.581 -2.5291 -3.3063
v -47.858 -2.5593 -3.2312
v -47.289 -3.1577 -2.5235
v -47.581 -2.5291 -3.3063
v -47.66 -3.2586 -2.5438
v -38.135 -23.606 -3.3317
v -37.887 -23.195 -2.9018
v -38.186 -23.336 -2.8179
v -50.221 -1.634 -18.758
v -49.958 -2.8523 -18.836
v -50.4 -2.4327 -18.176
v -47.66 -3.2586 -2.5438
v -47.729 -3.7086 -2.5724
v -47.463 -3.8235 -1.9322
v -42.99 -21.288 -14.772
v -42.613 -21.872 -14.944
v -42.706 -21.598 -14.148
v -36.86 -20.643 -9.6234
v -35.757 -22.211 -9.976
v -36.682 -21.031 -10.051
v -39.344 -16.269 -8.4922
v -38.536 -17.302 -7.7857
v -39.242 -17.001 -9.5171
v -47.312 6.2431 -14.683
v -46.998 6.1469 -14.908
v -47.171 6.3352 -15.517
v -45.008 -2.6172 -9.6416
v -44.936 -3.0993 -9.6329
v -45.182 -2.6237 -10.067
v -43.548 -20.232 -13.939
v -43.538 -20.392 -14.617
v -43.308 -20.68 -14.112
v -46.663 -6.8442 -1.8691
v -46.53 -6.6883 -1.3969
v -46.701 -6.207 -1.5113
v -43.596 -6.4563 -8.3803
v -43.497 -7.1471 -8.6205
v -43.773 -6.4812 -8.8671
v -47.422 -0.4446 -7.0566
v -47.31 -0.91664 -6.6538
v -46.936 -0.65487 -7.2131
v -47.233 6.2484 -14.238
v -47.312 6.2431 -14.683
v -48.001 6.2436 -14.62
v -47.936 6.2231 -14.004
v -47.233 6.2484 -14.238
v -48.001 6.2436 -14.62
v -47.31 -0.91664 -6.6538
v -47.515 -1.2533 -5.9818
v -47.04 -1.3995 -6.0176
v -43.548 -20.232 -13.939
v -43.854 -19.853 -14.315
v -43.538 -20.392 -14.617
v -45.418 -9.2844 -0.81356
v -45.592 -9.655 -1.5443
v -45.269 -10.071 -1.2299
v -43.207 -7.9999 -8.6675
v -42.92 -8.2075 -7.8566
v -42.987 -8.5552 -8.5752
v -44.809 -18.158 -14.312
v -44.507 -18.621 -13.821
v -44.761 -18.121 -13.511
v -48.018 5.9177 -13.128
v -47.521 5.8702 -13.146
v -47.872 6.0227 -13.246
v -45.092 -17.44 -13.259
v -45.167 -17.534 -14.065
v -44.761 -18.121 -13.511
v -41.42 -18.221 -1.4958
v -40.674 -19.085 -0.98578
v -41.092 -18.358 -0.99035
v -45.418 -9.2844 -0.81356
v -45.715 -8.7756 -1.1561
v -45.592 -9.655 -1.5443
v -42.409 -22.092 -14.643
v -42.706 -21.598 -14.148
v -42.613 -21.872 -14.944
v -42.416 -9.459 -7.9051
v -42.449 -9.8308 -8.4488
v -42.692 -9.0069 -8.2014
v -44.424 -11.646 -0.65853
v -44.938 -10.71 -0.874
v -44.736 -11.592 -1.3664
v -42.99 -21.288 -14.772
v -42.706 -21.598 -14.148
v -43.075 -21.075 -14.225
v -45.276 -2.4784 -10.403
v -45.4 -1.7261 -10.328
v -45.223 -2.0669 -9.9161
v -37.851 -18.884 -9.0092
v -37.53 -19.175 -8.6338
v -37.41 -19.721 -9.312
v -45.223 -2.0669 -9.9161
v -45.008 -2.6172 -9.6416
v -45.182 -2.6237 -10.067
v -42.409 -22.092 -14.643
v -42.479 -22.128 -15.462
v -42.154 -22.62 -15.191
v -46.901 -6.0625 -1.9666
v -46.841 -5.5914 -1.4859
v -47.132 -5.2166 -2.0545
v -36.65 -23.24 -7.3396
v -36.346 -23.111 -8.3153
v -36.222 -22.766 -7.6299
v -46.425 1.913 -12.446
v -46.48 2.4167 -12.611
v -46.37 2.788 -11.989
v -36.802 -23.122 -6.1468
v -37.003 -23.482 -6.6549
v -36.362 -22.748 -6.546
v -41.35 -23.66 -15.3
v -41.371 -23.792 -16.027
v -40.766 -24.479 -15.594
v -43.834 -19.663 -13.419
v -44.195 -19.211 -13.99
v -43.854 -19.853 -14.315
v -47.169 3.2533 -11.332
v -47.469 3.0099 -11.058
v -47.01 2.6543 -10.848
v -40.32 -20.306 -2.0322
v -39.8 -21.027 -1.9763
v -39.941 -20.558 -1.5682
v -47.598 0.084271 -7.535
v -46.872 0.12033 -8.0214
v -47.525 0.50753 -8.2556
v -46.872 0.12033 -8.0214
v -47.598 0.084271 -7.535
v -46.798 -0.32133 -7.6589
v -36.266 -23.201 -8.9534
v -35.827 -22.718 -9.2887
v -35.937 -22.77 -8.7108
v -46.798 -0.32133 -7.6589
v -47.598 0.084271 -7.535
v -47.422 -0.4446 -7.0566
v -47.515 -1.2533 -5.9818
v -47.361 -1.7796 -5.2559
v -47.04 -1.3995 -6.0176
v -36.266 -23.201 -8.9534
v -35.937 -22.77 -8.7108
v -36.346 -23.111 -8.3153
v -42.617 -15.659 -0.86892
v -42.796 -15.001 -0.56108
v -43.115 -14.855 -0.96589
v -46.823 4.9576 -14.68
v -46.832 5.2614 -15.417
v -46.839 5.8227 -14.784
v -50.688 -1.8612 -17.523
v -50.4 -2.4327 -18.176
v -50.461 -2.883 -17.778
v -47.524 -4.4411 -2.6083
v -47.463 -3.8235 -1.9322
v -47.729 -3.7086 -2.5724
v -45.51 -16.725 -13.364
v -45.167 -17.534 -14.065
v -45.092 -17.44 -13.259
v -47.132 -5.2166 -2.0545
v -47.262 -4.5411 -1.8491
v -47.524 -4.4411 -2.6083
v -47.873 -11.685 -13.977
v -47.954 -11.209 -13.267
v -48.2 -10.896 -14.279
v -41.42 -18.221 -1.4958
v -41.427 -17.731 -0.87438
v -41.794 -17.648 -1.5198
v -47.521 5.8702 -13.146
v -48.018 5.9177 -13.128
v -47.667 5.4005 -12.886
v -45.715 -8.7756 -1.1561
v -46.108 -8.058 -1.4058
v -45.914 -8.6562 -1.4927
v -45.182 -2.6237 -10.067
v -45.276 -2.4784 -10.403
v -45.223 -2.0669 -9.9161
v -47.667 5.4005 -12.886
v -47.834 5.0909 -12.692
v -47.501 4.6287 -12.453
v -46.663 -6.8442 -1.8691
v -46.495 -7.2579 -1.6826
v -46.53 -6.6883 -1.3969
v -48.346 -10.349 -13.779
v -48.2 -10.896 -14.279
v -47.954 -11.209 -13.267
v -44.757 -3.7226 -9.6838
v -45.052 -3.1778 -10.107
v -44.936 -3.0993 -9.6329
v -46.078 -7.3346 -1.0148
v -46.495 -7.2579 -1.6826
v -46.36 -7.5933 -1.6316
v -50.496 -1.659 -18.209
v -50.221 -1.634 -18.758
v -50.4 -2.4327 -18.176
v -46.078 -7.3346 -1.0148
v -46.36 -7.5933 -1.6316
v -46.108 -8.058 -1.4058
v -46.169 -8.1027 -1.6391
v -46.108 -8.058 -1.4058
v -46.36 -7.5933 -1.6316
v -43.899 -13.102 -0.90565
v -43.906 -13.374 -1.1989
v -43.565 -13.589 -0.67716
v -42.037 -16.757 -0.93034
v -42.144 -16.27 -0.5795
v -42.523 -16.334 -1.4187
v -43.372 -14.314 -1.0151
v -43.565 -13.589 -0.67716
v -43.906 -13.374 -1.1989
v -35.757 -22.211 -9.976
v -35.742 -22.671 -9.8824
v -35.741 -22.478 -10.551
v -46.715 3.3459 -13.935
v -46.724 4.2735 -13.625
v -46.628 3.5626 -13.146
v -35.742 -22.671 -9.8824
v -35.827 -22.718 -9.2887
v -36.075 -23.169 -9.7722
v -45.728 -16.365 -13.962
v -45.51 -16.725 -13.364
v -45.897 -15.904 -13.204
v -38.186 -23.336 -2.8179
v -38.581 -23.066 -2.5944
v -38.528 -23.422 -3.1377
v -37.578 -23.146 -3.7235
v -38.135 -23.606 -3.3317
v -38.031 -23.705 -3.9428
v -47.169 3.2533 -11.332
v -47.327 4.0088 -11.903
v -47.692 3.6758 -11.593
v -44.081 -5.5064 -8.9886
v -43.773 -6.4812 -8.8671
v -44.192 -5.6979 -9.5321
v -37.075 -23.056 -4.9152
v -37.623 -23.443 -4.5543
v -37.6 -23.622 -5.4009
v -43.306 -7.2532 -8.1423
v -43.207 -7.9999 -8.6675
v -43.497 -7.1471 -8.6205
v -36.65 -23.24 -7.3396
v -36.362 -22.748 -6.546
v -37.003 -23.482 -6.6549
v -36.802 -23.122 -6.1468
v -37.166 -23.319 -5.5984
v -37.32 -23.721 -6.3366
v -47.075 1.9426 -10.109
v -46.67 2.3083 -10.593
v -47.561 2.2356 -10.385
v -47.469 3.0099 -11.058
v -47.742 2.6171 -10.66
v -47.01 2.6543 -10.848
v -47.525 0.50753 -8.2556
v -46.833 0.50008 -8.495
v -47.248 0.93595 -8.9405
v -47.873 -11.685 -13.977
v -47.607 -12.298 -13.948
v -47.516 -12.331 -13.306
v -46.371 1.2257 -12.774
v -46.425 1.913 -12.446
v -46.091 0.71842 -11.608
v -47.171 6.3352 -15.517
v -46.998 6.1469 -14.908
v -46.864 6.0278 -15.811
v -46.839 5.8227 -14.784
v -46.864 6.0278 -15.811
v -46.998 6.1469 -14.908
v -46.864 6.0278 -15.811
v -46.839 5.8227 -14.784
v -46.832 5.2614 -15.417
v -46.091 0.71842 -11.608
v -45.894 0.76767 -10.753
v -45.996 0.0031802 -11.307
v -39.257 -15.847 -7.5476
v -39.344 -16.269 -8.4922
v -39.905 -15.629 -8.8726
v -37.41 -19.721 -9.312
v -37.059 -20.059 -9.0685
v -36.86 -20.643 -9.6234
v -41.387 -12.502 -8.8159
v -41.617 -11.495 -8.3824
v -41.207 -12.063 -7.8311
v -41.387 -12.502 -8.8159
v -41.207 -12.063 -7.8311
v -40.711 -12.971 -7.4389
v -40.711 -12.971 -7.4389
v -40.035 -14.476 -7.5175
v -40.894 -13.733 -9.0391
v -48.712 -9.552 -14.069
v -48.942 -8.7198 -13.879
v -49.047 -8.5989 -14.457
v -46.375 -14.774 -12.798
v -46.379 -15.088 -13.758
v -46.163 -15.308 -13.175
v -47.966 -1.9699 -4.1527
v -47.507 -2.1372 -4.3206
v -47.784 -1.8259 -4.7741
v -47.312 6.2431 -14.683
v -47.171 6.3352 -15.517
v -47.485 6.2856 -15.059
v -46.701 -6.207 -1.5113
v -46.901 -6.0625 -1.9666
v -46.663 -6.8442 -1.8691
v -45.726 -11.254 -20.196
v -46.191 -10.529 -20.276
v -45.066 -10.754 -20.065
v -46.734 -14.078 -13.448
v -46.379 -15.088 -13.758
v -46.375 -14.774 -12.798
v -47.31 -0.91664 -6.6538
v -47.994 -0.77233 -6.1749
v -47.515 -1.2533 -5.9818
v -47.729 -3.7086 -2.5724
v -47.66 -3.2586 -2.5438
v -47.991 -3.5218 -3.1913
v -44.736 -11.592 -1.3664
v -44.53 -11.987 -1.2204
v -44.424 -11.646 -0.65853
v -49.056 -8.4733 -14.121
v -49.046 -8.5115 -14.115
v -48.942 -8.7198 -13.879
v -49.056 -8.4733 -14.121
v -49.046 -8.5115 -14.115
v -49.056 -8.4733 -14.121
v -49.047 -8.5989 -14.457
v -49.046 -8.5115 -14.115
v -49.056 -8.4733 -14.121
v -48.942 -8.7198 -13.879
v -49.046 -8.5115 -14.115
v -49.047 -8.5989 -14.457
v -49.056 -8.4733 -14.121
v -49.056 -8.4733 -14.121
v -49.056 -8.4733 -14.121
v -47.361 -1.7796 -5.2559
v -47.515 -1.2533 -5.9818
v -48.011 -1.2152 -5.4935
v -49.079 -8.3699 -14.181
v -49.065 -8.4403 -14.162
v -49.056 -8.4733 -14.121
v -49.047 -8.5989 -14.457
v -49.065 -8.4403 -14.162
v -49.079 -8.3699 -14.181
v -49.056 -8.4733 -14.121
v -49.065 -8.4403 -14.162
v -49.047 -8.5989 -14.457
v -49.056 -8.4733 -14.121
v -49.065 -8.4403 -14.162
v -49.056 -8.4733 -14.121
v -47.936 6.2231 -14.004
v -48.346 6.1359 -13.471
v -47.544 6.1383 -13.509
v -44.086 -12.318 -0.6541
v -44.53 -11.987 -1.2204
v -44.374 -12.512 -1.327
v -47.872 6.0227 -13.246
v -47.544 6.1383 -13.509
v -48.346 6.1359 -13.471
v -45.914 -8.6562 -1.4927
v -45.592 -9.655 -1.5443
v -45.715 -8.7756 -1.1561
v -44.374 -12.512 -1.327
v -43.899 -13.102 -0.90565
v -44.086 -12.318 -0.6541
v -49.047 -8.5989 -14.457
v -49.079 -8.3699 -14.181
v -49.168 -8.2331 -14.607
v -48.193 5.4668 -12.865
v -47.667 5.4005 -12.886
v -48.018 5.9177 -13.128
v -39.19 -26.415 -16.639
v -39.235 -26.281 -17.885
v -38.733 -26.974 -16.962
v -38.997 -22.271 -2.1929
v -39.153 -22.422 -2.8436
v -38.581 -23.066 -2.5944
v -39.19 -26.415 -16.639
v -39.676 -25.882 -17.322
v -39.235 -26.281 -17.885
v -37.851 -18.884 -9.0092
v -37.41 -19.721 -9.312
v -37.928 -19.179 -9.7442
v -47.327 4.0088 -11.903
v -47.799 3.9989 -11.814
v -47.692 3.6758 -11.593
v -37.444 -19.998 -9.9906
v -37.41 -19.721 -9.312
v -36.86 -20.643 -9.6234
v -42.674 -9.4072 -8.7498
v -42.987 -8.5552 -8.5752
v -42.692 -9.0069 -8.2014
v -42.449 -9.8308 -8.4488
v -42.674 -9.4072 -8.7498
v -42.692 -9.0069 -8.2014
v -42.63 -15.711 -20.116
v -42.37 -16.744 -20.267
v -43.564 -15.497 -20.277
v -45.052 -3.1778 -10.107
v -45.182 -2.6237 -10.067
v -44.936 -3.0993 -9.6329
v -46.628 3.5626 -13.146
v -46.554 3.3701 -12.479
v -46.48 2.4167 -12.611
v -47.01 2.6543 -10.848
v -47.742 2.6171 -10.66
v -47.561 2.2356 -10.385
v -36.075 -23.169 -9.7722
v -35.827 -22.718 -9.2887
v -36.266 -23.201 -8.9534
v -41.731 -18.045 -20.293
v -42.562 -17.966 -20.388
v -41.753 -17.071 -20.154
v -43.276 -14.165 -20.013
v -43.401 -14.806 -20.214
v -43.742 -14.29 -20.18
v -42.37 -16.744 -20.267
v -41.753 -17.071 -20.154
v -42.562 -17.966 -20.388
v -43.98 -6.3754 -9.5849
v -44.192 -5.6979 -9.5321
v -43.773 -6.4812 -8.8671
v -43.705 -13.549 -20.062
v -43.742 -14.29 -20.18
v -44.988 -13.114 -20.244
v -38.101 -26.645 -19.35
v -38.72 -26.499 -18.77
v -38.824 -25.86 -19.383
v -42.523 -16.334 -1.4187
v -42.617 -15.659 -0.86892
v -42.879 -15.682 -1.4016
v -38.824 -25.86 -19.383
v -37.821 -26.213 -19.977
v -38.101 -26.645 -19.35
v -40.674 -19.085 -0.98578
v -41.42 -18.221 -1.4958
v -40.853 -19.365 -1.7712
v -37.821 -26.213 -19.977
v -38.824 -25.86 -19.383
v -38.51 -25.658 -19.864
v -44.762 -11.307 -19.997
v -44.645 -12.012 -20.101
v -45.726 -11.254 -20.196
v -39.235 -26.281 -17.885
v -38.395 -26.869 -18.601
v -38.733 -26.974 -16.962
v -47.501 4.6287 -12.453
v -48.077 4.2894 -11.996
v -47.327 4.0088 -11.903
v -46.864 6.0278 -15.811
v -46.876 5.9473 -16.352
v -47.209 6.1939 -16.431
v -47.755 3.361 -11.301
v -47.169 3.2533 -11.332
v -47.692 3.6758 -11.593
v -50.566 -2.9052 -16.976
v -50.77 -1.941 -16.07
v -50.688 -1.8612 -17.523
v -47.474 -7.0846 -20.134
v -46.671 -7.171 -20.137
v -46.772 -7.9413 -20.167
v -47.973 1.2038 -9.1082
v -47.248 0.93595 -8.9405
v -47.043 1.3934 -9.471
v -47.473 -6.0247 -20.084
v -46.671 -7.171 -20.137
v -47.474 -7.0846 -20.134
v -43.115 -14.855 -0.96589
v -43.372 -14.314 -1.0151
v -43.421 -14.881 -1.739
v -45.891 -9.5822 -20.274
v -46.675 -9.1146 -20.264
v -45.822 -8.6631 -20.092
v -48.011 -1.2152 -5.4935
v -47.515 -1.2533 -5.9818
v -47.994 -0.77233 -6.1749
v -47.474 -7.0846 -20.134
v -48.583 -5.7977 -19.785
v -47.473 -6.0247 -20.084
v -47.501 4.6287 -12.453
v -47.834 5.0909 -12.692
v -48.169 4.7379 -12.369
v -43.115 -14.855 -0.96589
v -42.879 -15.682 -1.4016
v -42.617 -15.659 -0.86892
v -47.99 -4.9835 -20.091
v -47.473 -6.0247 -20.084
v -48.583 -5.7977 -19.785
v -47.361 -1.7796 -5.2559
v -48.011 -1.2152 -5.4935
v -47.784 -1.8259 -4.7741
v -48.001 6.2436 -14.62
v -47.312 6.2431 -14.683
v -47.485 6.2856 -15.059
v -46.715 3.3459 -13.935
v -46.776 3.9046 -14.506
v -46.724 4.2735 -13.625
v -41.794 -17.648 -1.5198
v -42.037 -16.757 -0.93034
v -42.523 -16.334 -1.4187
v -46.061 -15.583 -13.497
v -45.897 -15.904 -13.204
v -46.163 -15.308 -13.175
v -46.69 -14.086 -12.758
v -46.734 -14.078 -13.448
v -46.375 -14.774 -12.798
v -43.773 -6.4812 -8.8671
v -43.497 -7.1471 -8.6205
v -43.588 -7.4111 -9.1406
v -45.753 -16.109 -12.727
v -45.897 -15.904 -13.204
v -45.51 -16.725 -13.364
v -43.588 -7.4111 -9.1406
v -43.497 -7.1471 -8.6205
v -43.207 -7.9999 -8.6675
v -37.166 -23.319 -5.5984
v -37.075 -23.056 -4.9152
v -37.6 -23.622 -5.4009
v -44.376 -4.897 -9.4394
v -44.683 -4.5197 -9.951
v -44.591 -4.1643 -9.4254
v -48.018 5.9177 -13.128
v -47.872 6.0227 -13.246
v -48.346 6.1359 -13.471
v -37.623 -23.443 -4.5543
v -37.578 -23.146 -3.7235
v -38.031 -23.705 -3.9428
v -47.524 -4.4411 -2.6083
v -47.449 -5.1316 -2.8274
v -47.132 -5.2166 -2.0545
v -40.853 -19.365 -1.7712
v -40.32 -20.306 -2.0322
v -40.289 -19.839 -1.2621
v -47.449 -5.1316 -2.8274
v -47.257 -5.6196 -2.6517
v -47.132 -5.2166 -2.0545
v -41.707 -23.239 -15.486
v -41.833 -22.863 -14.648
v -42.154 -22.62 -15.191
v -47.132 -5.2166 -2.0545
v -47.257 -5.6196 -2.6517
v -46.901 -6.0625 -1.9666
v -42.674 -9.4072 -8.7498
v -42.449 -9.8308 -8.4488
v -42.68 -9.8747 -9.217
v -37.444 -19.998 -9.9906
v -36.86 -20.643 -9.6234
v -36.682 -21.031 -10.051
v -39.305 -21.711 -1.9431
v -39.8 -21.027 -1.9763
v -39.685 -21.554 -2.5858
v -39.153 -22.422 -2.8436
v -38.997 -22.271 -2.1929
v -39.305 -21.711 -1.9431
v -37.444 -19.998 -9.9906
v -37.928 -19.179 -9.7442
v -37.41 -19.721 -9.312
v -38.528 -23.422 -3.1377
v -38.135 -23.606 -3.3317
v -38.186 -23.336 -2.8179
v -46.495 -7.2579 -1.6826
v -46.352 -7.9503 -1.9052
v -46.36 -7.5933 -1.6316
v -46.169 -8.1027 -1.6391
v -46.36 -7.5933 -1.6316
v -46.352 -7.9503 -1.9052
v -46.115 -8.3596 -1.7312
v -46.108 -8.058 -1.4058
v -46.169 -8.1027 -1.6391
v -45.914 -8.6562 -1.4927
v -45.933 -9.0374 -1.8406
v -45.592 -9.655 -1.5443
v -42.409 -22.092 -14.643
v -42.154 -22.62 -15.191
v -41.833 -22.863 -14.648
v -45.914 -8.6562 -1.4927
v -46.108 -8.058 -1.4058
v -46.115 -8.3596 -1.7312
v -42.034 -10.148 -7.7969
v -42.078 -11.079 -9.1815
v -42.449 -9.8308 -8.4488
v -36.682 -21.031 -10.051
v -35.757 -22.211 -9.976
v -35.741 -22.478 -10.551
v -47.858 -2.5593 -3.2312
v -47.966 -1.9699 -4.1527
v -48.2 -2.4625 -3.6742
v -48.2 -2.4625 -3.6742
v -48.054 -3.0555 -3.0772
v -47.858 -2.5593 -3.2312
v -47.66 -3.2586 -2.5438
v -47.858 -2.5593 -3.2312
v -48.054 -3.0555 -3.0772
v -48.054 -3.0555 -3.0772
v -47.991 -3.5218 -3.1913
v -47.66 -3.2586 -2.5438
v -38.427 -18.228 -9.3819
v -39.242 -17.001 -9.5171
v -37.872 -18.533 -8.2925
v -37.851 -18.884 -9.0092
v -38.427 -18.228 -9.3819
v -37.872 -18.533 -8.2925
v -41.617 -11.495 -8.3824
v -42.078 -11.079 -9.1815
v -42.034 -10.148 -7.7969
v -40.744 -24.589 -16.072
v -40.266 -25.208 -16.488
v -40.035 -25.456 -15.722
v -40.035 -14.476 -7.5175
v -40.388 -14.737 -8.9482
v -40.894 -13.733 -9.0391
v -47.305 -12.84 -13.699
v -47.082 -13.377 -13.659
v -46.973 -13.522 -12.907
v -43.899 -13.102 -0.90565
v -44.374 -12.512 -1.327
v -44.349 -12.837 -1.6781
v -43.906 -13.374 -1.1989
v -43.899 -13.102 -0.90565
v -44.349 -12.837 -1.6781
v -47.209 6.1939 -16.431
v -47.409 6.2982 -15.774
v -46.864 6.0278 -15.811
v -35.742 -22.671 -9.8824
v -35.817 -23.013 -10.509
v -35.741 -22.478 -10.551
v -46.864 6.0278 -15.811
v -46.865 5.3209 -16.548
v -46.876 5.9473 -16.352
v -47.598 0.084271 -7.535
v -47.525 0.50753 -8.2556
v -47.952 0.50633 -7.9441
v -47.485 6.2856 -15.059
v -47.171 6.3352 -15.517
v -47.409 6.2982 -15.774
v -47.409 6.2982 -15.774
v -47.707 6.2881 -15.446
v -47.485 6.2856 -15.059
v -50.496 -1.659 -18.209
v -50.4 -2.4327 -18.176
v -50.688 -1.8612 -17.523
v -43.906 -13.374 -1.1989
v -43.591 -14.397 -1.5941
v -43.372 -14.314 -1.0151
v -44.043 -13.678 -1.7728
v -43.591 -14.397 -1.5941
v -43.906 -13.374 -1.1989
v -46.663 -6.8442 -1.8691
v -46.901 -6.0625 -1.9666
v -46.765 -6.9553 -2.2612
v -47.966 -1.9699 -4.1527
v -47.784 -1.8259 -4.7741
v -48.369 -1.6199 -4.883
v -46.864 6.0278 -15.811
v -47.409 6.2982 -15.774
v -47.171 6.3352 -15.517
v -44.195 -19.211 -13.99
v -43.834 -19.663 -13.419
v -44.185 -19.071 -13.269
v -47.082 -13.377 -13.659
v -46.734 -14.078 -13.448
v -46.973 -13.522 -12.907
v -46.864 6.0278 -15.811
v -46.832 5.2614 -15.417
v -46.865 5.3209 -16.548
v -36.346 -23.111 -8.3153
v -36.65 -23.24 -7.3396
v -36.676 -23.622 -8.2759
v -47.31 -0.91664 -6.6538
v -47.422 -0.4446 -7.0566
v -48.153 -0.49959 -6.5678
v -47.422 -0.4446 -7.0566
v -47.598 0.084271 -7.535
v -48.099 -0.18055 -7.0077
v -47.994 -0.77233 -6.1749
v -47.31 -0.91664 -6.6538
v -48.153 -0.49959 -6.5678
v -44.185 -19.071 -13.269
v -44.507 -18.621 -13.821
v -44.195 -19.211 -13.99
v -45.715 -0.6474 -10.792
v -45.522 -1.4324 -10.571
v -45.691 -1.4685 -11.127
v -46.115 -8.3596 -1.7312
v -46.169 -8.1027 -1.6391
v -46.352 -7.9503 -1.9052
v -46.115 -8.3596 -1.7312
v -46.161 -8.6384 -2.0327
v -45.914 -8.6562 -1.4927
v -46.161 -8.6384 -2.0327
v -45.933 -9.0374 -1.8406
v -45.914 -8.6562 -1.4927
v -45.522 -1.4324 -10.571
v -45.4 -1.7261 -10.328
v -45.48 -2.2425 -10.93
v -39.153 -22.422 -2.8436
v -39.305 -21.711 -1.9431
v -39.685 -21.554 -2.5858
v -48.456 5.1109 -12.662
v -47.667 5.4005 -12.886
v -48.193 5.4668 -12.865
v -48.456 5.1109 -12.662
v -47.834 5.0909 -12.692
v -47.667 5.4005 -12.886
v -45.052 -3.1778 -10.107
v -45.276 -2.4784 -10.403
v -45.182 -2.6237 -10.067
v -37.003 -23.482 -6.6549
v -36.802 -23.122 -6.1468
v -37.32 -23.721 -6.3366
v -41.42 -18.221 -1.4958
v -41.618 -18.572 -2.4473
v -40.853 -19.365 -1.7712
v -45.052 -3.1778 -10.107
v -44.757 -3.7226 -9.6838
v -44.922 -3.9583 -10.243
v -44.736 -11.592 -1.3664
v -44.938 -10.71 -0.874
v -45 -11.229 -1.5764
v -44.757 -3.7226 -9.6838
v -44.591 -4.1643 -9.4254
v -44.922 -3.9583 -10.243
v -46.577 2.3158 -13.385
v -46.628 3.5626 -13.146
v -46.48 2.4167 -12.611
v -44.761 -18.121 -13.511
v -44.507 -18.621 -13.821
v -44.45 -18.382 -12.593
v -37.6 -23.622 -5.4009
v -37.32 -23.721 -6.3366
v -37.166 -23.319 -5.5984
v -43.98 -6.3754 -9.5849
v -43.773 -6.4812 -8.8671
v -43.818 -6.9869 -9.5378
v -48.346 -10.349 -13.779
v -48.55 -9.6363 -13.206
v -48.712 -9.552 -14.069
v -46.776 3.9046 -14.506
v -46.823 4.9576 -14.68
v -46.808 4.5807 -14.29
v -47.327 4.0088 -11.903
v -48.077 4.2894 -11.996
v -47.799 3.9989 -11.814
v -44.376 -4.897 -9.4394
v -44.081 -5.5064 -8.9886
v -44.385 -5.3638 -9.7897
v -44.081 -5.5064 -8.9886
v -44.192 -5.6979 -9.5321
v -44.385 -5.3638 -9.7897
v -46.724 4.2735 -13.625
v -46.776 3.9046 -14.506
v -46.808 4.5807 -14.29
v -48.123 3.775 -11.613
v -47.692 3.6758 -11.593
v -47.799 3.9989 -11.814
v -46.371 1.2257 -12.774
v -46.091 0.71842 -11.608
v -46.209 0.66015 -12.41
v -46.577 2.3158 -13.385
v -46.48 2.4167 -12.611
v -46.425 1.913 -12.446
v -42.987 -8.5552 -8.5752
v -43.292 -8.2901 -9.2205
v -43.207 -7.9999 -8.6675
v -47.075 1.9426 -10.109
v -47.561 2.2356 -10.385
v -47.613 1.6475 -9.7685
v -48.812 -8.9814 -13.488
v -48.712 -9.552 -14.069
v -48.55 -9.6363 -13.206
v -47.169 3.2533 -11.332
v -47.755 3.361 -11.301
v -47.469 3.0099 -11.058
v -42.987 -8.5552 -8.5752
v -42.674 -9.4072 -8.7498
v -42.931 -9.178 -9.1765
v -47.973 1.2038 -9.1082
v -47.043 1.3934 -9.471
v -47.613 1.6475 -9.7685
v -48.942 -8.7198 -13.879
v -48.712 -9.552 -14.069
v -48.812 -8.9814 -13.488
v -49.958 -2.8523 -18.836
v -50.221 -1.634 -18.758
v -49.742 -1.9964 -19.254
v -46.577 2.3158 -13.385
v -46.715 3.3459 -13.935
v -46.628 3.5626 -13.146
v -49.056 -8.4733 -14.121
v -49.057 -8.4419 -14.081
v -49.056 -8.4733 -14.121
v -48.942 -8.7198 -13.879
v -49.057 -8.4419 -14.081
v -49.056 -8.4733 -14.121
v -49.134 -8.082 -13.759
v -49.057 -8.4419 -14.081
v -48.942 -8.7198 -13.879
v -49.079 -8.3699 -14.181
v -49.057 -8.4419 -14.081
v -49.134 -8.082 -13.759
v -49.056 -8.4733 -14.121
v -49.057 -8.4419 -14.081
v -49.079 -8.3699 -14.181
v -49.079 -8.3699 -14.181
v -49.134 -8.082 -13.759
v -49.168 -8.2331 -14.607
v -48.169 4.7379 -12.369
v -47.834 5.0909 -12.692
v -48.456 5.1109 -12.662
v -43.591 -14.397 -1.5941
v -43.421 -14.881 -1.739
v -43.372 -14.314 -1.0151
v -47.422 -0.4446 -7.0566
v -48.099 -0.18055 -7.0077
v -48.153 -0.49959 -6.5678
v -43.421 -14.881 -1.739
v -42.879 -15.682 -1.4016
v -43.115 -14.855 -0.96589
v -45.715 -0.6474 -10.792
v -45.691 -1.4685 -11.127
v -45.789 -1.452 -11.512
v -46.091 0.71842 -11.608
v -45.996 0.0031802 -11.307
v -46.007 -0.44601 -11.882
v -46.973 -13.522 -12.907
v -47.02 -13.239 -12.68
v -47.305 -12.84 -13.699
v -47.516 -12.331 -13.306
v -47.305 -12.84 -13.699
v -47.02 -13.239 -12.68
v -45.4 -1.7261 -10.328
v -45.276 -2.4784 -10.403
v -45.48 -2.2425 -10.93
v -48.077 4.2894 -11.996
v -47.501 4.6287 -12.453
v -48.169 4.7379 -12.369
v -48.018 5.9177 -13.128
v -48.346 6.1359 -13.471
v -48.594 5.9587 -13.276
v -45.205 -3.2573 -10.748
v -45.276 -2.4784 -10.403
v -45.052 -3.1778 -10.107
v -48.193 5.4668 -12.865
v -48.018 5.9177 -13.128
v -48.594 5.9587 -13.276
v -47.784 -1.8259 -4.7741
v -48.011 -1.2152 -5.4935
v -48.369 -1.6199 -4.883
v -40.32 -20.306 -2.0322
v -40.267 -20.795 -2.6827
v -39.8 -21.027 -1.9763
v -47.755 3.361 -11.301
v -48.051 3.3192 -11.202
v -47.469 3.0099 -11.058
v -46.823 4.9576 -14.68
v -46.848 4.5538 -15.457
v -46.832 5.2614 -15.417
v -46.973 -13.522 -12.907
v -46.734 -14.078 -13.448
v -46.69 -14.086 -12.758
v -44.683 -4.5197 -9.951
v -44.922 -3.9583 -10.243
v -44.591 -4.1643 -9.4254
v -47.954 -11.209 -13.267
v -47.873 -11.685 -13.977
v -47.516 -12.331 -13.306
v -47.913 -4.053 -3.3935
v -47.729 -3.7086 -2.5724
v -47.991 -3.5218 -3.1913
v -39.153 -22.422 -2.8436
v -38.528 -23.422 -3.1377
v -38.581 -23.066 -2.5944
v -47.742 -4.4269 -3.0979
v -47.729 -3.7086 -2.5724
v -47.913 -4.053 -3.3935
v -47.524 -4.4411 -2.6083
v -47.729 -3.7086 -2.5724
v -47.742 -4.4269 -3.0979
v -38.031 -23.705 -3.9428
v -38.135 -23.606 -3.3317
v -38.249 -23.697 -3.6985
v -43.773 -6.4812 -8.8671
v -43.588 -7.4111 -9.1406
v -43.818 -6.9869 -9.5378
v -45.292 -10.698 -1.8033
v -44.938 -10.71 -0.874
v -45.269 -10.071 -1.2299
v -46.663 -6.8442 -1.8691
v -46.765 -6.9553 -2.2612
v -46.495 -7.2579 -1.6826
v -43.546 -7.8265 -9.5107
v -43.588 -7.4111 -9.1406
v -43.207 -7.9999 -8.6675
v -45 -11.229 -1.5764
v -44.898 -11.73 -1.9055
v -44.736 -11.592 -1.3664
v -43.292 -8.2901 -9.2205
v -42.987 -8.5552 -8.5752
v -42.931 -9.178 -9.1765
v -43.292 -8.2901 -9.2205
v -43.546 -7.8265 -9.5107
v -43.207 -7.9999 -8.6675
v -45 -11.229 -1.5764
v -44.938 -10.71 -0.874
v -45.292 -10.698 -1.8033
v -46.352 -7.9503 -1.9052
v -46.495 -7.2579 -1.6826
v -46.765 -6.9553 -2.2612
v -44.605 -12.292 -1.7159
v -44.374 -12.512 -1.327
v -44.53 -11.987 -1.2204
v -38.395 -26.869 -18.601
v -38.72 -26.499 -18.77
v -38.101 -26.645 -19.35
v -41.284 -23.663 -14.831
v -41.833 -22.863 -14.648
v -41.35 -23.66 -15.3
v -45.715 -0.6474 -10.792
v -46.007 -0.44601 -11.882
v -45.996 0.0031802 -11.307
v -45.789 -1.452 -11.512
v -46.007 -0.44601 -11.882
v -45.715 -0.6474 -10.792
v -36.682 -21.031 -10.051
v -35.741 -22.478 -10.551
v -36.779 -21.295 -10.851
v -40.711 -12.971 -7.4389
v -40.894 -13.733 -9.0391
v -41.387 -12.502 -8.8159
v -41.707 -23.239 -15.486
v -41.35 -23.66 -15.3
v -41.833 -22.863 -14.648
v -44.605 -12.292 -1.7159
v -44.736 -11.592 -1.3664
v -44.898 -11.73 -1.9055
v -39.153 -22.422 -2.8436
v -39.685 -21.554 -2.5858
v -39.588 -22.204 -3.4012
v -43.854 -19.853 -14.315
v -43.548 -20.232 -13.939
v -43.834 -19.663 -13.419
v -44.53 -11.987 -1.2204
v -44.736 -11.592 -1.3664
v -44.605 -12.292 -1.7159
v -47.038 6.1248 -16.865
v -47.209 6.1939 -16.431
v -46.876 5.9473 -16.352
v -46.776 3.9046 -14.506
v -46.715 3.3459 -13.935
v -46.792 3.3361 -14.465
v -38.51 -25.658 -19.864
v -38.86 -25.425 -19.708
v -38.762 -24.739 -20.082
v -44.349 -12.837 -1.6781
v -44.374 -12.512 -1.327
v -44.605 -12.292 -1.7159
v -36.917 -20.934 -10.34
v -37.444 -19.998 -9.9906
v -36.682 -21.031 -10.051
v -42.312 -22.105 -13.841
v -42.706 -21.598 -14.148
v -42.409 -22.092 -14.643
v -46.901 -6.0625 -1.9666
v -47.257 -5.6196 -2.6517
v -47.013 -6.5649 -2.7729
v -47.248 0.93595 -8.9405
v -48.213 0.98098 -8.6901
v -47.525 0.50753 -8.2556
v -47.013 -6.5649 -2.7729
v -46.765 -6.9553 -2.2612
v -46.901 -6.0625 -1.9666
v -44.45 -18.382 -12.593
v -44.507 -18.621 -13.821
v -44.185 -19.071 -13.269
v -35.817 -23.013 -10.509
v -35.742 -22.671 -9.8824
v -36.075 -23.169 -9.7722
v -43.421 -14.881 -1.739
v -43.314 -15.385 -2.0986
v -42.879 -15.682 -1.4016
v -42.879 -15.682 -1.4016
v -42.982 -16.098 -2.178
v -42.523 -16.334 -1.4187
v -45.092 -17.44 -13.259
v -44.761 -18.121 -13.511
v -44.783 -17.887 -12.798
v -46.161 -8.6384 -2.0327
v -46.115 -8.3596 -1.7312
v -46.352 -7.9503 -1.9052
v -45.645 -2.1166 -11.465
v -45.691 -1.4685 -11.127
v -45.522 -1.4324 -10.571
v -45.522 -1.4324 -10.571
v -45.48 -2.2425 -10.93
v -45.645 -2.1166 -11.465
v -48.369 -1.6199 -4.883
v -48.011 -1.2152 -5.4935
v -48.488 -1.1379 -5.4995
v -46.091 0.71842 -11.608
v -46.007 -0.44601 -11.882
v -46.209 0.66015 -12.41
v -39.685 -21.554 -2.5858
v -39.8 -21.027 -1.9763
v -40.267 -20.795 -2.6827
v -36.65 -23.24 -7.3396
v -37.003 -23.482 -6.6549
v -37.219 -23.807 -6.9955
v -45.269 -10.071 -1.2299
v -45.592 -9.655 -1.5443
v -45.507 -10.186 -1.8367
v -47.692 3.6758 -11.593
v -48.051 3.3192 -11.202
v -47.755 3.361 -11.301
v -45.292 -10.698 -1.8033
v -45.269 -10.071 -1.2299
v -45.507 -10.186 -1.8367
v -44.922 -3.9583 -10.243
v -45.205 -3.2573 -10.748
v -45.052 -3.1778 -10.107
v -46.776 3.9046 -14.506
v -46.848 4.5538 -15.457
v -46.823 4.9576 -14.68
v -40.744 -24.589 -16.072
v -40.035 -25.456 -15.722
v -40.766 -24.479 -15.594
v -47.469 3.0099 -11.058
v -48.051 3.3192 -11.202
v -47.742 2.6171 -10.66
v -50.735 -1.2083 -17.721
v -50.496 -1.659 -18.209
v -50.688 -1.8612 -17.523
v -45.426 -10.037 -20.156
v -46.191 -10.529 -20.276
v -45.891 -9.5822 -20.274
v -44.683 -4.5197 -9.951
v -44.376 -4.897 -9.4394
v -44.385 -5.3638 -9.7897
v -48.346 -10.349 -13.779
v -47.954 -11.209 -13.267
v -48.151 -10.552 -12.753
v -37.32 -23.721 -6.3366
v -37.6 -23.622 -5.4009
v -37.751 -23.972 -5.7435
v -42.931 -9.178 -9.1765
v -42.674 -9.4072 -8.7498
v -42.68 -9.8747 -9.217
v -46.205 -8.0188 -20.151
v -46.675 -9.1146 -20.264
v -46.772 -7.9413 -20.167
v -38.135 -23.606 -3.3317
v -38.528 -23.422 -3.1377
v -38.249 -23.697 -3.6985
v -45.092 -17.44 -13.259
v -45.173 -17.079 -12.6
v -45.51 -16.725 -13.364
v -44.504 -5.4116 -10.356
v -44.683 -4.5197 -9.951
v -44.385 -5.3638 -9.7897
v -47.742 -4.4269 -3.0979
v -47.449 -5.1316 -2.8274
v -47.524 -4.4411 -2.6083
v -46.876 5.9473 -16.352
v -46.865 5.3209 -16.548
v -46.93 5.8401 -17.193
v -46.694 2.7325 -14.27
v -46.715 3.3459 -13.935
v -46.577 2.3158 -13.385
v -47.248 0.93595 -8.9405
v -47.973 1.2038 -9.1082
v -48.213 0.98098 -8.6901
v -44.349 -12.837 -1.6781
v -44.043 -13.678 -1.7728
v -43.906 -13.374 -1.1989
v -39.676 -25.882 -17.322
v -39.19 -26.415 -16.639
v -39.87 -25.662 -16.738
v -50.652 -0.86213 -18.143
v -50.221 -1.634 -18.758
v -50.496 -1.659 -18.209
v -44.043 -13.678 -1.7728
v -43.811 -14.546 -2.2935
v -43.591 -14.397 -1.5941
v -48.001 6.2436 -14.62
v -47.485 6.2856 -15.059
v -47.707 6.2881 -15.446
v -47.952 0.50633 -7.9441
v -48.446 0.38534 -7.7114
v -47.598 0.084271 -7.535
v -43.889 -7.2095 -10.021
v -43.98 -6.3754 -9.5849
v -43.818 -6.9869 -9.5378
v -36.917 -20.934 -10.34
v -37.481 -20.266 -10.696
v -37.444 -19.998 -9.9906
v -48.123 3.775 -11.613
v -48.051 3.3192 -11.202
v -47.692 3.6758 -11.593
v -48.099 -0.18055 -7.0077
v -47.598 0.084271 -7.535
v -48.555 0.086119 -7.1613
v -46.352 -7.9503 -1.9052
v -46.765 -6.9553 -2.2612
v -46.616 -7.8355 -2.4517
v -43.588 -7.4111 -9.1406
v -43.546 -7.8265 -9.5107
v -43.818 -6.9869 -9.5378
v -46.511 1.4743 -13.563
v -46.577 2.3158 -13.385
v -46.425 1.913 -12.446
v -40.574 -19.163 -20.073
v -41.224 -20.56 -20.42
v -41.329 -19.669 -20.423
v -40.014 -20.593 -20.321
v -40.433 -21.089 -20.423
v -41.224 -20.56 -20.42
v -39.199 -22.144 -20.423
v -39.241 -23.809 -20.334
v -39.975 -22.471 -20.383
v -39.643 -21.27 -20.354
v -39.199 -22.144 -20.423
v -39.975 -22.471 -20.383
v -39.975 -22.471 -20.383
v -40.433 -21.089 -20.423
v -39.643 -21.27 -20.354
v -45.592 -9.655 -1.5443
v -45.933 -9.0374 -1.8406
v -45.932 -9.538 -2.2543
v -35.779 -22.82 -11.487
v -35.741 -22.478 -10.551
v -35.728 -23.016 -11.207
v -41.42 -18.221 -1.4958
v -41.794 -17.648 -1.5198
v -41.618 -18.572 -2.4473
v -45.48 -2.2425 -10.93
v -45.276 -2.4784 -10.403
v -45.366 -2.8554 -11.017
v -35.728 -23.016 -11.207
v -35.741 -22.478 -10.551
v -35.817 -23.013 -10.509
v -43.401 -14.806 -20.214
v -42.63 -15.711 -20.116
v -43.564 -15.497 -20.277
v -45.366 -2.8554 -11.017
v -45.276 -2.4784 -10.403
v -45.205 -3.2573 -10.748
v -40.853 -19.365 -1.7712
v -41.618 -18.572 -2.4473
v -41.461 -19.18 -2.8893
v -37.623 -23.443 -4.5543
v -38.031 -23.705 -3.9428
v -38.252 -24.008 -4.7316
v -41.461 -19.18 -2.8893
v -40.923 -19.762 -2.5162
v -40.853 -19.365 -1.7712
v -44.645 -12.012 -20.101
v -43.705 -13.549 -20.062
v -44.988 -13.114 -20.244
v -37.444 -19.998 -9.9906
v -37.939 -19.386 -10.195
v -37.928 -19.179 -9.7442
v -40.853 -19.365 -1.7712
v -40.923 -19.762 -2.5162
v -40.32 -20.306 -2.0322
v -44.8 -4.5944 -10.501
v -44.922 -3.9583 -10.243
v -44.683 -4.5197 -9.951
v -40.32 -20.306 -2.0322
v -40.923 -19.762 -2.5162
v -40.267 -20.795 -2.6827
v -48.757 2.3994 -10.411
v -47.561 2.2356 -10.385
v -47.742 2.6171 -10.66
v -38.329 -27.001 -17.769
v -38.395 -26.869 -18.601
v -38.123 -26.904 -18.412
v -38.674 -23.61 -3.8354
v -38.249 -23.697 -3.6985
v -38.528 -23.422 -3.1377
v -38.528 -23.422 -3.1377
v -39.153 -22.422 -2.8436
v -39.295 -22.711 -3.6596
v -48.111 1.9332 -9.9192
v -47.561 2.2356 -10.385
v -48.757 2.3994 -10.411
v -49.814 -6.1496 -14.84
v -49.901 -5.4052 -14.036
v -50.111 -4.958 -14.726
v -47.561 2.2356 -10.385
v -48.111 1.9332 -9.9192
v -47.613 1.6475 -9.7685
v -46.832 5.2614 -15.417
v -46.795 4.3249 -15.955
v -46.865 5.3209 -16.548
v -45.066 -10.754 -20.065
v -44.762 -11.307 -19.997
v -45.726 -11.254 -20.196
v -36.075 -23.169 -9.7722
v -36.266 -23.201 -8.9534
v -36.706 -23.786 -9.2907
v -46.814 3.6323 -15.284
v -46.848 4.5538 -15.457
v -46.776 3.9046 -14.506
v -46.848 4.5538 -15.457
v -46.795 4.3249 -15.955
v -46.832 5.2614 -15.417
v -47.038 6.1248 -16.865
v -46.876 5.9473 -16.352
v -46.93 5.8401 -17.193
v -47.966 -1.9699 -4.1527
v -48.369 -1.6199 -4.883
v -48.474 -2.0305 -4.4028
v -37.851 -18.884 -9.0092
v -37.928 -19.179 -9.7442
v -38.427 -18.228 -9.3819
v -48.2 -2.4625 -3.6742
v -47.966 -1.9699 -4.1527
v -48.474 -2.0305 -4.4028
v -48.2 -2.4625 -3.6742
v -48.325 -2.7088 -3.7538
v -48.054 -3.0555 -3.0772
v -36.917 -20.934 -10.34
v -36.682 -21.031 -10.051
v -36.779 -21.295 -10.851
v -35.741 -22.478 -10.551
v -35.779 -22.82 -11.487
v -36.779 -21.295 -10.851
v -41.387 -12.502 -8.8159
v -42.078 -11.079 -9.1815
v -41.617 -11.495 -8.3824
v -42.68 -9.8747 -9.217
v -42.449 -9.8308 -8.4488
v -42.584 -10.489 -9.8694
v -42.078 -11.079 -9.1815
v -42.584 -10.489 -9.8694
v -42.449 -9.8308 -8.4488
v -39.905 -15.629 -8.8726
v -39.344 -16.269 -8.4922
v -39.242 -17.001 -9.5171
v -47.613 1.6475 -9.7685
v -48.111 1.9332 -9.9192
v -47.973 1.2038 -9.1082
v -50.77 -1.941 -16.07
v -50.566 -2.9052 -16.976
v -50.537 -3.1932 -16.267
v -46.694 2.7325 -14.27
v -46.792 3.3361 -14.465
v -46.715 3.3459 -13.935
v -47.952 0.50633 -7.9441
v -47.525 0.50753 -8.2556
v -48.598 0.84887 -8.259
v -47.799 3.9989 -11.814
v -48.077 4.2894 -11.996
v -48.432 3.9296 -11.694
v -48.555 0.086119 -7.1613
v -47.598 0.084271 -7.535
v -48.446 0.38534 -7.7114
v -47.799 3.9989 -11.814
v -48.432 3.9296 -11.694
v -48.123 3.775 -11.613
v -35.841 -23.342 -11.144
v -35.728 -23.016 -11.207
v -35.817 -23.013 -10.509
v -39.594 -26.001 -16.064
v -39.87 -25.662 -16.738
v -39.19 -26.415 -16.639
v -48.054 -3.0555 -3.0772
v -48.214 -3.5658 -4.0868
v -47.991 -3.5218 -3.1913
v -46.352 -7.9503 -1.9052
v -46.404 -8.5335 -2.5756
v -46.161 -8.6384 -2.0327
v -46.375 -14.774 -12.798
v -46.163 -15.308 -13.175
v -46.051 -15.403 -12.778
v -45.691 -1.4685 -11.127
v -45.645 -2.1166 -11.465
v -45.789 -1.452 -11.512
v -46.163 -15.308 -13.175
v -45.897 -15.904 -13.204
v -46.051 -15.403 -12.778
v -45.753 -16.109 -12.727
v -46.051 -15.403 -12.778
v -45.897 -15.904 -13.204
v -47.427 -12.306 -12.693
v -47.954 -11.209 -13.267
v -47.516 -12.331 -13.306
v -48.051 3.3192 -11.202
v -48.39 2.892 -10.783
v -47.742 2.6171 -10.66
v -48.077 4.2894 -11.996
v -48.169 4.7379 -12.369
v -48.465 4.4506 -12.093
v -44.504 -5.4116 -10.356
v -44.8 -4.5944 -10.501
v -44.683 -4.5197 -9.951
v -38.252 -24.008 -4.7316
v -38.031 -23.705 -3.9428
v -38.338 -23.879 -4.1573
v -44.922 -3.9583 -10.243
v -45.055 -4.1523 -10.87
v -45.205 -3.2573 -10.748
v -36.676 -23.622 -8.2759
v -36.266 -23.201 -8.9534
v -36.346 -23.111 -8.3153
v -39.685 -21.554 -2.5858
v -40.267 -20.795 -2.6827
v -39.918 -21.657 -3.2349
v -39.918 -21.657 -3.2349
v -39.588 -22.204 -3.4012
v -39.685 -21.554 -2.5858
v -42.982 -16.098 -2.178
v -42.879 -15.682 -1.4016
v -43.314 -15.385 -2.0986
v -36.676 -23.622 -8.2759
v -36.65 -23.24 -7.3396
v -37.045 -23.922 -7.8934
v -39.295 -22.711 -3.6596
v -39.153 -22.422 -2.8436
v -39.588 -22.204 -3.4012
v -44.113 -6.5508 -10.12
v -44.315 -6.0378 -10.338
v -44.192 -5.6979 -9.5321
v -48.932 -8.3637 -13.229
v -48.942 -8.7198 -13.879
v -48.812 -8.9814 -13.488
v -43.98 -6.3754 -9.5849
v -44.113 -6.5508 -10.12
v -44.192 -5.6979 -9.5321
v -48.942 -8.7198 -13.879
v -48.932 -8.3637 -13.229
v -49.134 -8.082 -13.759
v -43.889 -7.2095 -10.021
v -44.113 -6.5508 -10.12
v -43.98 -6.3754 -9.5849
v -45.507 -10.186 -1.8367
v -45.592 -9.655 -1.5443
v -45.932 -9.538 -2.2543
v -39.295 -22.711 -3.6596
v -38.674 -23.61 -3.8354
v -38.528 -23.422 -3.1377
v -48.346 -10.349 -13.779
v -48.151 -10.552 -12.753
v -48.55 -9.6363 -13.206
v -43.818 -6.9869 -9.5378
v -43.546 -7.8265 -9.5107
v -43.889 -7.2095 -10.021
v -38.338 -23.879 -4.1573
v -38.031 -23.705 -3.9428
v -38.249 -23.697 -3.6985
v -42.931 -9.178 -9.1765
v -43.345 -8.5419 -9.7439
v -43.292 -8.2901 -9.2205
v -43.181 -9.1716 -9.9505
v -43.345 -8.5419 -9.7439
v -42.931 -9.178 -9.1765
v -47.994 -0.77233 -6.1749
v -48.153 -0.49959 -6.5678
v -48.834 -0.45205 -6.341
v -49.134 -8.082 -13.759
v -49.446 -7.0086 -13.7
v -49.168 -8.2331 -14.607
v -47.913 -4.053 -3.3935
v -47.819 -4.7884 -3.5614
v -47.742 -4.4269 -3.0979
v -47.516 -12.331 -13.306
v -47.02 -13.239 -12.68
v -47.427 -12.306 -12.693
v -47.707 6.2881 -15.446
v -47.409 6.2982 -15.774
v -47.85 6.2587 -15.92
v -48.001 6.2436 -14.62
v -47.707 6.2881 -15.446
v -48.231 6.2138 -15.544
v -44.504 -5.4116 -10.356
v -44.385 -5.3638 -9.7897
v -44.315 -6.0378 -10.338
v -44.315 -6.0378 -10.338
v -44.385 -5.3638 -9.7897
v -44.192 -5.6979 -9.5321
v -47.936 6.2231 -14.004
v -48.69 6.1862 -14.111
v -48.346 6.1359 -13.471
v -40.766 -24.479 -15.594
v -40.035 -25.456 -15.722
v -40.408 -24.832 -15.25
v -37.32 -23.721 -6.3366
v -37.219 -23.807 -6.9955
v -37.003 -23.482 -6.6549
v -40.266 -25.208 -16.488
v -39.87 -25.662 -16.738
v -39.594 -26.001 -16.064
v -38.252 -24.008 -4.7316
v -37.6 -23.622 -5.4009
v -37.623 -23.443 -4.5543
v -43.546 -7.8265 -9.5107
v -43.292 -8.2901 -9.2205
v -43.345 -8.5419 -9.7439
v -48.432 3.9296 -11.694
v -48.077 4.2894 -11.996
v -48.861 4.2301 -11.92
v -47.013 -6.5649 -2.7729
v -47.257 -5.6196 -2.6517
v -47.221 -6.4305 -3.1373
v -36.65 -23.24 -7.3396
v -37.219 -23.807 -6.9955
v -37.045 -23.922 -7.8934
v -39.918 -21.657 -3.2349
v -40.267 -20.795 -2.6827
v -40.371 -20.941 -3.1616
v -46.795 4.3249 -15.955
v -46.848 4.5538 -15.457
v -46.814 3.6323 -15.284
v -45.292 -10.698 -1.8033
v -45.507 -10.186 -1.8367
v -45.672 -10.451 -2.4874
v -45 -11.229 -1.5764
v -45.292 -10.698 -1.8033
v -45.33 -11.015 -2.152
v -44.898 -11.73 -1.9055
v -45 -11.229 -1.5764
v -45.214 -11.309 -2.0871
v -41.35 -23.66 -15.3
v -40.766 -24.479 -15.594
v -41.284 -23.663 -14.831
v -38.51 -25.658 -19.864
v -38.762 -24.739 -20.082
v -38.09 -25.279 -20.243
v -46.371 1.2257 -12.774
v -46.209 0.66015 -12.41
v -46.369 0.71947 -13.339
v -45.092 -17.44 -13.259
v -44.783 -17.887 -12.798
v -45.173 -17.079 -12.6
v -38.249 -23.697 -3.6985
v -38.674 -23.61 -3.8354
v -38.338 -23.879 -4.1573
v -43.075 -21.075 -14.225
v -42.975 -21.076 -13.465
v -43.308 -20.68 -14.112
v -47.013 -6.5649 -2.7729
v -46.852 -7.381 -2.83
v -46.765 -6.9553 -2.2612
v -46.616 -7.8355 -2.4517
v -46.765 -6.9553 -2.2612
v -46.852 -7.381 -2.83
v -48.051 3.3192 -11.202
v -48.123 3.775 -11.613
v -48.385 3.6663 -11.446
v -43.075 -21.075 -14.225
v -42.706 -21.598 -14.148
v -42.975 -21.076 -13.465
v -46.425 1.913 -12.446
v -46.371 1.2257 -12.774
v -46.511 1.4743 -13.563
v -46.93 5.8401 -17.193
v -47.043 6.2191 -17.648
v -47.038 6.1248 -16.865
v -43.315 -20.477 -13.258
v -43.308 -20.68 -14.112
v -42.975 -21.076 -13.465
v -48.2 -2.4625 -3.6742
v -48.474 -2.0305 -4.4028
v -48.592 -2.3118 -4.4356
v -48.325 -2.7088 -3.7538
v -48.2 -2.4625 -3.6742
v -48.592 -2.3118 -4.4356
v -48.054 -3.0555 -3.0772
v -48.325 -2.7088 -3.7538
v -48.214 -3.5658 -4.0868
v -46.776 3.9046 -14.506
v -46.792 3.3361 -14.465
v -46.814 3.6323 -15.284
v -46.007 -0.44601 -11.882
v -46.221 0.012519 -12.788
v -46.209 0.66015 -12.41
v -43.548 -20.232 -13.939
v -43.308 -20.68 -14.112
v -43.315 -20.477 -13.258
v -40.894 -13.733 -9.0391
v -41.856 -12.251 -10.082
v -41.387 -12.502 -8.8159
v -40.035 -25.456 -15.722
v -40.266 -25.208 -16.488
v -39.594 -26.001 -16.064
v -43.834 -19.663 -13.419
v -43.548 -20.232 -13.939
v -43.315 -20.477 -13.258
v -45.33 -11.015 -2.152
v -45.214 -11.309 -2.0871
v -45 -11.229 -1.5764
v -46.209 0.66015 -12.41
v -46.221 0.012519 -12.788
v -46.369 0.71947 -13.339
v -48.111 1.9332 -9.9192
v -48.46 1.7895 -9.708
v -47.973 1.2038 -9.1082
v -47.321 6.3631 -17.469
v -47.038 6.1248 -16.865
v -47.043 6.2191 -17.648
v -45.753 -16.109 -12.727
v -45.51 -16.725 -13.364
v -45.481 -16.397 -12.299
v -47.507 6.2508 -16.839
v -47.209 6.1939 -16.431
v -47.038 6.1248 -16.865
v -47.742 -4.4269 -3.0979
v -47.819 -4.7884 -3.5614
v -47.449 -5.1316 -2.8274
v -44.605 -12.292 -1.7159
v -44.898 -11.73 -1.9055
v -45.036 -12.06 -2.5186
v -46.912 5.2662 -17.337
v -46.93 5.8401 -17.193
v -46.865 5.3209 -16.548
v -36.779 -21.295 -10.851
v -37.481 -20.266 -10.696
v -36.917 -20.934 -10.34
v -44.349 -12.837 -1.6781
v -44.605 -12.292 -1.7159
v -44.655 -12.608 -2.2842
v -48.385 3.6663 -11.446
v -48.123 3.775 -11.613
v -48.432 3.9296 -11.694
v -47.257 -5.6196 -2.6517
v -47.449 -5.1316 -2.8274
v -47.628 -5.4589 -3.4833
v -48.213 0.98098 -8.6901
v -48.598 0.84887 -8.259
v -47.525 0.50753 -8.2556
v -46.767 2.8672 -14.758
v -46.814 3.6323 -15.284
v -46.792 3.3361 -14.465
v -48.542 3.3228 -11.098
v -48.051 3.3192 -11.202
v -48.385 3.6663 -11.446
v -47.257 -5.6196 -2.6517
v -47.516 -6.1309 -3.6306
v -47.221 -6.4305 -3.1373
v -48.757 2.3994 -10.411
v -47.742 2.6171 -10.66
v -48.39 2.892 -10.783
v -46.051 -15.403 -12.778
v -45.753 -16.109 -12.727
v -45.723 -15.806 -12.158
v -35.841 -23.342 -11.144
v -35.817 -23.013 -10.509
v -36.467 -23.774 -10.556
v -43.421 -14.881 -1.739
v -43.591 -14.397 -1.5941
v -43.811 -14.546 -2.2935
v -40.766 -24.479 -15.594
v -40.408 -24.832 -15.25
v -40.729 -24.399 -14.889
v -46.694 2.7325 -14.27
v -46.767 2.8672 -14.758
v -46.792 3.3361 -14.465
v -48.001 6.2436 -14.62
v -48.69 6.1862 -14.111
v -47.936 6.2231 -14.004
v -48.346 6.1359 -13.471
v -48.69 6.1862 -14.111
v -48.85 6.1524 -13.894
v -46.616 -7.8355 -2.4517
v -46.404 -8.5335 -2.5756
v -46.352 -7.9503 -1.9052
v -45.645 -2.1166 -11.465
v -45.48 -2.2425 -10.93
v -45.563 -2.6011 -11.625
v -45.48 -2.2425 -10.93
v -45.366 -2.8554 -11.017
v -45.563 -2.6011 -11.625
v -46.404 -8.5335 -2.5756
v -46.154 -9.0203 -2.4235
v -46.161 -8.6384 -2.0327
v -41.284 -23.663 -14.831
v -40.766 -24.479 -15.594
v -40.729 -24.399 -14.889
v -38.395 -26.869 -18.601
v -38.329 -27.001 -17.769
v -38.733 -26.974 -16.962
v -45.933 -9.0374 -1.8406
v -46.161 -8.6384 -2.0327
v -46.154 -9.0203 -2.4235
v -48.456 5.1109 -12.662
v -48.718 4.7162 -12.27
v -48.169 4.7379 -12.369
v -47.994 -0.77233 -6.1749
v -48.834 -0.45205 -6.341
v -48.011 -1.2152 -5.4935
v -48.861 4.2301 -11.92
v -48.077 4.2894 -11.996
v -48.465 4.4506 -12.093
v -44.8 -4.5944 -10.501
v -45.055 -4.1523 -10.87
v -44.922 -3.9583 -10.243
v -45.932 -9.538 -2.2543
v -45.796 -10.125 -2.445
v -45.507 -10.186 -1.8367
v -44.504 -5.4116 -10.356
v -44.654 -5.212 -10.74
v -44.8 -4.5944 -10.501
v -42.975 -21.076 -13.465
v -42.706 -21.598 -14.148
v -42.641 -21.5 -13.431
v -47.913 -4.053 -3.3935
v -47.991 -3.5218 -3.1913
v -48.061 -4.0138 -3.9478
v -37.444 -19.998 -9.9906
v -38.038 -19.432 -10.782
v -37.939 -19.386 -10.195
v -37.939 -19.386 -10.195
v -38.408 -18.767 -10.601
v -37.928 -19.179 -9.7442
v -46.743 -13.806 -12.268
v -46.973 -13.522 -12.907
v -46.69 -14.086 -12.758
v -43.546 -7.8265 -9.5107
v -43.623 -8.032 -10.033
v -43.889 -7.2095 -10.021
v -41.284 -23.663 -14.831
v -41.699 -23.041 -14.26
v -41.833 -22.863 -14.648
v -43.546 -7.8265 -9.5107
v -43.345 -8.5419 -9.7439
v -43.623 -8.032 -10.033
v -46.743 -13.806 -12.268
v -47.02 -13.239 -12.68
v -46.973 -13.522 -12.907
v -50.735 -1.2083 -17.721
v -50.688 -1.8612 -17.523
v -50.816 -0.94992 -17.427
v -46.577 2.3158 -13.385
v -46.511 1.4743 -13.563
v -46.649 1.8867 -14.278
v -37.481 -20.266 -10.696
v -38.038 -19.432 -10.782
v -37.444 -19.998 -9.9906
v -45.234 -11.532 -2.5005
v -44.898 -11.73 -1.9055
v -45.214 -11.309 -2.0871
v -47.449 -5.1316 -2.8274
v -47.819 -4.7884 -3.5614
v -47.628 -5.4589 -3.4833
v -44.655 -12.608 -2.2842
v -44.605 -12.292 -1.7159
v -45.036 -12.06 -2.5186
v -35.703 -23.095 -12.397
v -35.728 -23.016 -11.207
v -35.765 -23.413 -11.903
v -35.728 -23.016 -11.207
v -35.841 -23.342 -11.144
v -35.765 -23.413 -11.903
v -47.321 6.3631 -17.469
v -47.507 6.2508 -16.839
v -47.038 6.1248 -16.865
v -47.952 0.50633 -7.9441
v -48.598 0.84887 -8.259
v -48.446 0.38534 -7.7114
v -47.836 6.2036 -16.471
v -47.209 6.1939 -16.431
v -47.507 6.2508 -16.839
v -46.649 1.8867 -14.278
v -46.694 2.7325 -14.27
v -46.577 2.3158 -13.385
v -35.817 -23.013 -10.509
v -36.075 -23.169 -9.7722
v -36.467 -23.774 -10.556
v -47.409 6.2982 -15.774
v -47.209 6.1939 -16.431
v -47.836 6.2036 -16.471
v -43.811 -14.546 -2.2935
v -44.043 -13.678 -1.7728
v -44.017 -14.184 -2.3842
v -36.706 -23.786 -9.2907
v -36.423 -23.667 -9.9545
v -36.075 -23.169 -9.7722
v -50.652 -0.86213 -18.143
v -50.496 -1.659 -18.209
v -50.735 -1.2083 -17.721
v -42.312 -22.105 -13.841
v -41.833 -22.863 -14.648
v -41.812 -22.849 -14.019
v -48.099 -0.18055 -7.0077
v -48.834 -0.45205 -6.341
v -48.153 -0.49959 -6.5678
v -46.511 1.4743 -13.563
v -46.371 1.2257 -12.774
v -46.369 0.71947 -13.339
v -45.43 -2.9388 -11.263
v -45.563 -2.6011 -11.625
v -45.366 -2.8554 -11.017
v -42.409 -22.092 -14.643
v -41.833 -22.863 -14.648
v -42.312 -22.105 -13.841
v -46.851 4.8007 -17.036
v -46.912 5.2662 -17.337
v -46.865 5.3209 -16.548
v -42.68 -9.8747 -9.217
v -42.932 -9.9484 -10.115
v -42.931 -9.178 -9.1765
v -46.154 -9.0203 -2.4235
v -45.932 -9.538 -2.2543
v -45.933 -9.0374 -1.8406
v -45.324 -3.5061 -11.403
v -45.43 -2.9388 -11.263
v -45.366 -2.8554 -11.017
v -45.366 -2.8554 -11.017
v -45.205 -3.2573 -10.748
v -45.324 -3.5061 -11.403
v -48.169 4.7379 -12.369
v -48.718 4.7162 -12.27
v -48.465 4.4506 -12.093
v -45.672 -10.451 -2.4874
v -45.507 -10.186 -1.8367
v -45.796 -10.125 -2.445
v -45.672 -10.451 -2.4874
v -45.33 -11.015 -2.152
v -45.292 -10.698 -1.8033
v -48.151 -10.552 -12.753
v -48.322 -10.009 -12.79
v -48.55 -9.6363 -13.206
v -44.185 -19.071 -13.269
v -43.834 -19.663 -13.419
v -43.995 -19.223 -12.658
v -48.834 -0.45205 -6.341
v -48.488 -1.1379 -5.4995
v -48.011 -1.2152 -5.4935
v -37.32 -23.721 -6.3366
v -37.751 -23.972 -5.7435
v -37.845 -24.269 -6.2669
v -46.191 -10.529 -20.276
v -45.426 -10.037 -20.156
v -45.066 -10.754 -20.065
v -46.795 4.3249 -15.955
v -46.851 4.8007 -17.036
v -46.865 5.3209 -16.548
v -47.991 -3.5218 -3.1913
v -48.214 -3.5658 -4.0868
v -48.061 -4.0138 -3.9478
v -47.85 6.2587 -15.92
v -48.231 6.2138 -15.544
v -47.707 6.2881 -15.446
v -38.338 -23.879 -4.1573
v -38.674 -23.61 -3.8354
v -38.588 -23.868 -4.3845
v -46.205 -8.0188 -20.151
v -45.822 -8.6631 -20.092
v -46.675 -9.1146 -20.264
v -38.427 -18.228 -9.3819
v -37.928 -19.179 -9.7442
v -38.408 -18.767 -10.601
v -44.45 -18.382 -12.593
v -44.783 -17.887 -12.798
v -44.761 -18.121 -13.511
v -45.789 -1.452 -11.512
v -45.938 -1.4634 -12.312
v -46.007 -0.44601 -11.882
v -36.5 -22.048 -11.853
v -35.779 -22.82 -11.487
v -36.069 -22.641 -12.277
v -35.779 -22.82 -11.487
v -36.5 -22.048 -11.853
v -36.779 -21.295 -10.851
v -40.388 -14.737 -8.9482
v -39.905 -15.629 -8.8726
v -39.823 -16.54 -10.515
v -39.242 -17.001 -9.5171
v -39.823 -16.54 -10.515
v -39.905 -15.629 -8.8726
v -39.242 -17.001 -9.5171
v -38.427 -18.228 -9.3819
v -39.068 -17.737 -11.144
v -42.078 -11.079 -9.1815
v -41.387 -12.502 -8.8159
v -41.856 -12.251 -10.082
v -45.51 -16.725 -13.364
v -45.173 -17.079 -12.6
v -45.481 -16.397 -12.299
v -45.205 -3.2573 -10.748
v -45.055 -4.1523 -10.87
v -45.324 -3.5061 -11.403
v -47.973 1.2038 -9.1082
v -48.763 1.3948 -8.9402
v -48.213 0.98098 -8.6901
v -38.408 -18.767 -10.601
v -37.939 -19.386 -10.195
v -38.038 -19.432 -10.782
v -44.45 -18.382 -12.593
v -44.185 -19.071 -13.269
v -43.995 -19.223 -12.658
v -47.85 6.2587 -15.92
v -47.409 6.2982 -15.774
v -47.836 6.2036 -16.471
v -45.563 -2.6011 -11.625
v -45.43 -2.9388 -11.263
v -45.597 -2.7806 -11.9
v -48.193 5.4668 -12.865
v -48.594 5.9587 -13.276
v -49.09 5.4635 -13.106
v -48.456 5.1109 -12.662
v -48.193 5.4668 -12.865
v -49.09 5.4635 -13.106
v -36.779 -21.295 -10.851
v -37.185 -20.974 -11.402
v -37.481 -20.266 -10.696
v -50.221 -1.634 -18.758
v -50.652 -0.86213 -18.143
v -50.339 -0.64417 -18.713
v -48.001 6.2436 -14.62
v -48.231 6.2138 -15.544
v -48.737 6.1934 -15.005
v -35.703 -23.095 -12.397
v -35.779 -22.82 -11.487
v -35.728 -23.016 -11.207
v -36.016 -23.729 -11.331
v -35.765 -23.413 -11.903
v -35.841 -23.342 -11.144
v -42.584 -10.489 -9.8694
v -42.932 -9.9484 -10.115
v -42.68 -9.8747 -9.217
v -50.537 -3.1932 -16.267
v -50.393 -3.9019 -15.374
v -50.627 -2.6587 -15.55
v -49.901 -5.4052 -14.036
v -49.814 -6.1496 -14.84
v -49.446 -7.0086 -13.7
v -42.932 -9.9484 -10.115
v -43.181 -9.1716 -9.9505
v -42.931 -9.178 -9.1765
v -50.537 -3.1932 -16.267
v -50.627 -2.6587 -15.55
v -50.77 -1.941 -16.07
v -37.751 -23.972 -5.7435
v -37.6 -23.622 -5.4009
v -38.252 -24.008 -4.7316
v -41.847 -19.444 -20.425
v -41.731 -18.045 -20.293
v -41.329 -19.669 -20.423
v -39.918 -21.657 -3.2349
v -40.371 -20.941 -3.1616
v -40.233 -21.436 -3.5828
v -48.834 -0.45205 -6.341
v -48.099 -0.18055 -7.0077
v -48.555 0.086119 -7.1613
v -38.252 -24.008 -4.7316
v -38.338 -23.879 -4.1573
v -38.588 -23.868 -4.3845
v -43.314 -15.385 -2.0986
v -43.421 -14.881 -1.739
v -43.811 -14.546 -2.2935
v -40.267 -20.795 -2.6827
v -40.923 -19.762 -2.5162
v -41.143 -19.991 -3.3887
v -37.87 -26.716 -19.051
v -38.123 -26.904 -18.412
v -38.395 -26.869 -18.601
v -42.63 -15.711 -20.116
v -43.401 -14.806 -20.214
v -42.652 -14.839 -19.872
v -44.349 -12.837 -1.6781
v -44.655 -12.608 -2.2842
v -44.571 -13.113 -2.4768
v -50.77 -1.941 -16.07
v -50.959 -0.8414 -16.536
v -50.688 -1.8612 -17.523
v -43.276 -14.165 -20.013
v -42.652 -14.839 -19.872
v -43.401 -14.806 -20.214
v -44.043 -13.678 -1.7728
v -44.349 -12.837 -1.6781
v -44.571 -13.113 -2.4768
v -48.318 -2.8773 -19.926
v -48.56 -4.1418 -19.856
v -49.144 -2.8923 -19.637
v -43.276 -14.165 -20.013
v -43.742 -14.29 -20.18
v -43.705 -13.549 -20.062
v -48.592 -2.3118 -4.4356
v -48.594 -2.78 -4.7948
v -48.325 -2.7088 -3.7538
v -38.101 -26.645 -19.35
v -37.464 -26.398 -19.728
v -37.87 -26.716 -19.051
v -37.464 -26.398 -19.728
v -38.101 -26.645 -19.35
v -37.821 -26.213 -19.977
v -50.688 -1.8612 -17.523
v -50.959 -0.8414 -16.536
v -50.816 -0.94992 -17.427
v -48.325 -2.7088 -3.7538
v -48.407 -3.161 -4.4742
v -48.214 -3.5658 -4.0868
v -48.39 2.892 -10.783
v -48.051 3.3192 -11.202
v -48.542 3.3228 -11.098
v -43.705 -13.549 -20.062
v -44.645 -12.012 -20.101
v -43.781 -12.197 -19.746
v -46.533 0.97966 -14.074
v -46.511 1.4743 -13.563
v -46.369 0.71947 -13.339
v -44.645 -12.012 -20.101
v -44.271 -11.599 -19.86
v -43.781 -12.197 -19.746
v -47.516 -6.1309 -3.6306
v -47.257 -5.6196 -2.6517
v -47.628 -5.4589 -3.4833
v -44.645 -12.012 -20.101
v -44.762 -11.307 -19.997
v -44.271 -11.599 -19.86
v -47.221 -6.4305 -3.1373
v -47.097 -7.0639 -3.3583
v -47.013 -6.5649 -2.7729
v -47.013 -6.5649 -2.7729
v -47.097 -7.0639 -3.3583
v -46.852 -7.381 -2.83
v -45.426 -10.037 -20.156
v -45.115 -9.9441 -20.016
v -45.066 -10.754 -20.065
v -48.46 1.7895 -9.708
v -48.763 1.3948 -8.9402
v -47.973 1.2038 -9.1082
v -45.672 -10.451 -2.4874
v -45.542 -10.994 -2.7753
v -45.33 -11.015 -2.152
v -45.33 -11.015 -2.152
v -45.542 -10.994 -2.7753
v -45.214 -11.309 -2.0871
v -48.598 0.84887 -8.259
v -48.213 0.98098 -8.6901
v -48.763 1.3948 -8.9402
v -49.51 -0.35722 -19.54
v -50.221 -1.634 -18.758
v -50.339 -0.64417 -18.713
v -46.767 2.8672 -14.758
v -46.807 3.2284 -15.783
v -46.814 3.6323 -15.284
v -44.315 -6.0378 -10.338
v -44.113 -6.5508 -10.12
v -44.398 -6.4171 -10.84
v -40.014 -20.593 -20.321
v -39.643 -21.27 -20.354
v -40.433 -21.089 -20.423
v -45.036 -12.06 -2.5186
v -44.898 -11.73 -1.9055
v -45.234 -11.532 -2.5005
v -49.51 -0.35722 -19.54
v -49.742 -1.9964 -19.254
v -50.221 -1.634 -18.758
v -44.048 -7.2912 -10.578
v -44.398 -6.4171 -10.84
v -44.113 -6.5508 -10.12
v -44.113 -6.5508 -10.12
v -43.889 -7.2095 -10.021
v -44.048 -7.2912 -10.578
v -38.273 -24.344 -5.4914
v -37.751 -23.972 -5.7435
v -38.252 -24.008 -4.7316
v -48.385 3.6663 -11.446
v -48.996 3.6131 -11.328
v -48.542 3.3228 -11.098
v -35.698 -23.34 -12.205
v -35.703 -23.095 -12.397
v -35.765 -23.413 -11.903
v -41.833 -22.863 -14.648
v -41.699 -23.041 -14.26
v -41.812 -22.849 -14.019
v -46.511 1.4743 -13.563
v -46.533 0.97966 -14.074
v -46.649 1.8867 -14.278
v -44.017 -14.184 -2.3842
v -44.043 -13.678 -1.7728
v -44.571 -13.113 -2.4768
v -43.526 -8.6266 -10.449
v -43.623 -8.032 -10.033
v -43.345 -8.5419 -9.7439
v -45.742 -2.1752 -12.116
v -45.938 -1.4634 -12.312
v -45.789 -1.452 -11.512
v -45.645 -2.1166 -11.465
v -45.742 -2.1752 -12.116
v -45.789 -1.452 -11.512
v -38.101 -26.645 -19.35
v -37.87 -26.716 -19.051
v -38.395 -26.869 -18.601
v -45.324 -3.5061 -11.403
v -45.597 -2.7806 -11.9
v -45.43 -2.9388 -11.263
v -36.706 -23.786 -9.2907
v -36.266 -23.201 -8.9534
v -36.676 -23.622 -8.2759
v -41.318 -23.504 -14.094
v -41.699 -23.041 -14.26
v -41.284 -23.663 -14.831
v -43.834 -19.663 -13.419
v -43.315 -20.477 -13.258
v -43.437 -20.155 -12.708
v -46.404 -8.5335 -2.5756
v -46.616 -7.8355 -2.4517
v -46.718 -8.1592 -3.0977
v -48.949 -0.92055 -5.9099
v -48.488 -1.1379 -5.4995
v -48.834 -0.45205 -6.341
v -48.949 -0.92055 -5.9099
v -48.834 -1.3209 -5.5003
v -48.488 -1.1379 -5.4995
v -41.143 -19.991 -3.3887
v -40.799 -20.525 -3.464
v -40.267 -20.795 -2.6827
v -44.944 -4.7681 -11.169
v -45.055 -4.1523 -10.87
v -44.8 -4.5944 -10.501
v -44.8 -4.5944 -10.501
v -44.654 -5.212 -10.74
v -44.944 -4.7681 -11.169
v -46.404 -8.5335 -2.5756
v -46.318 -9.0186 -2.8568
v -46.154 -9.0203 -2.4235
v -48.594 -2.78 -4.7948
v -48.407 -3.161 -4.4742
v -48.325 -2.7088 -3.7538
v -45.932 -9.538 -2.2543
v -46.154 -9.0203 -2.4235
v -46.318 -9.0186 -2.8568
v -46.318 -9.0186 -2.8568
v -46.08 -9.5941 -2.7617
v -45.932 -9.538 -2.2543
v -46.08 -9.5941 -2.7617
v -45.846 -10.38 -2.9233
v -45.932 -9.538 -2.2543
v -45.796 -10.125 -2.445
v -45.932 -9.538 -2.2543
v -45.846 -10.38 -2.9233
v -42.312 -22.105 -13.841
v -42.641 -21.5 -13.431
v -42.706 -21.598 -14.148
v -36.676 -23.622 -8.2759
v -37.045 -23.922 -7.8934
v -37.078 -24.169 -8.5773
v -48.465 4.4506 -12.093
v -48.718 4.7162 -12.27
v -48.861 4.2301 -11.92
v -48.346 6.1359 -13.471
v -48.85 6.1524 -13.894
v -49.167 6.0675 -13.614
v -48.594 5.9587 -13.276
v -48.346 6.1359 -13.471
v -49.167 6.0675 -13.614
v -46.851 4.8007 -17.036
v -46.795 4.3249 -15.955
v -46.776 3.6272 -16.39
v -39.588 -22.204 -3.4012
v -39.707 -22.443 -4.1272
v -39.295 -22.711 -3.6596
v -46.776 3.6272 -16.39
v -46.795 4.3249 -15.955
v -46.814 3.6323 -15.284
v -38.674 -23.61 -3.8354
v -39.295 -22.711 -3.6596
v -39.038 -23.47 -4.523
v -38.427 -18.228 -9.3819
v -38.408 -18.767 -10.601
v -39.068 -17.737 -11.144
v -48.834 -1.3209 -5.5003
v -48.369 -1.6199 -4.883
v -48.488 -1.1379 -5.4995
v -48.84 -1.8567 -5.1538
v -48.369 -1.6199 -4.883
v -48.834 -1.3209 -5.5003
v -46.221 0.012519 -12.788
v -46.007 -0.44601 -11.882
v -46.177 -0.77887 -13.089
v -37.185 -20.974 -11.402
v -36.779 -21.295 -10.851
v -36.5 -22.048 -11.853
v -48.474 -2.0305 -4.4028
v -48.369 -1.6199 -4.883
v -48.84 -1.8567 -5.1538
v -48.474 -2.0305 -4.4028
v -48.84 -1.8567 -5.1538
v -48.592 -2.3118 -4.4356
v -46.177 -0.77887 -13.089
v -46.007 -0.44601 -11.882
v -45.938 -1.4634 -12.312
v -42.653 -17.649 -3.4979
v -42.523 -16.334 -1.4187
v -42.982 -16.098 -2.178
v -42.653 -17.649 -3.4979
v -41.794 -17.648 -1.5198
v -42.523 -16.334 -1.4187
v -42.653 -17.649 -3.4979
v -41.618 -18.572 -2.4473
v -41.794 -17.648 -1.5198
v -47.185 5.9901 -18.32
v -47.043 6.2191 -17.648
v -47.134 5.1802 -18.276
v -42.584 -10.489 -9.8694
v -42.078 -11.079 -9.1815
v -42.516 -11.373 -10.659
v -41.856 -12.251 -10.082
v -40.894 -13.733 -9.0391
v -41.515 -13.016 -9.9381
v -40.388 -14.737 -8.9482
v -39.823 -16.54 -10.515
v -40.385 -15.714 -10.601
v -46.93 5.8401 -17.193
v -47.134 5.1802 -18.276
v -47.043 6.2191 -17.648
v -47.427 -12.306 -12.693
v -47.742 -11.398 -12.363
v -47.954 -11.209 -13.267
v -47.134 5.1802 -18.276
v -46.93 5.8401 -17.193
v -46.912 5.2662 -17.337
v -39.242 -17.001 -9.5171
v -39.068 -17.737 -11.144
v -39.823 -16.54 -10.515
v -47.52 6.4119 -17.906
v -47.321 6.3631 -17.469
v -47.043 6.2191 -17.648
v -44.782 -5.5339 -11.358
v -44.944 -4.7681 -11.169
v -44.654 -5.212 -10.74
v -45.672 -10.451 -2.4874
v -45.796 -10.125 -2.445
v -45.846 -10.38 -2.9233
v -44.584 -5.9316 -11.074
v -44.654 -5.212 -10.74
v -44.504 -5.4116 -10.356
v -43.526 -8.6266 -10.449
v -43.345 -8.5419 -9.7439
v -43.181 -9.1716 -9.9505
v -44.315 -6.0378 -10.338
v -44.584 -5.9316 -11.074
v -44.504 -5.4116 -10.356
v -46.912 5.2662 -17.337
v -46.851 4.8007 -17.036
v -46.903 4.551 -17.655
v -48.446 0.38534 -7.7114
v -48.598 0.84887 -8.259
v -49.223 0.42797 -7.4835
v -46.649 1.8867 -14.278
v -46.767 2.8672 -14.758
v -46.694 2.7325 -14.27
v -45.234 -11.532 -2.5005
v -45.214 -11.309 -2.0871
v -45.542 -10.994 -2.7753
v -46.323 -0.12035 -13.627
v -46.369 0.71947 -13.339
v -46.221 0.012519 -12.788
v -46.092 -1.4636 -13.257
v -46.177 -0.77887 -13.089
v -45.938 -1.4634 -12.312
v -48.432 3.9296 -11.694
v -48.996 3.6131 -11.328
v -48.385 3.6663 -11.446
v -47.836 6.2036 -16.471
v -48.239 6.2289 -16.448
v -47.85 6.2587 -15.92
v -48.39 2.892 -10.783
v -48.542 3.3228 -11.098
v -48.82 3.103 -10.87
v -45.645 -2.1166 -11.465
v -45.563 -2.6011 -11.625
v -45.742 -2.1752 -12.116
v -35.841 -23.342 -11.144
v -36.467 -23.774 -10.556
v -36.016 -23.729 -11.331
v -48.46 1.7895 -9.708
v -48.111 1.9332 -9.9192
v -48.757 2.3994 -10.411
v -36.075 -23.169 -9.7722
v -36.423 -23.667 -9.9545
v -36.467 -23.774 -10.556
v -43.623 -8.032 -10.033
v -44.048 -7.2912 -10.578
v -43.889 -7.2095 -10.021
v -48.456 5.1109 -12.662
v -49.208 4.8563 -12.44
v -48.718 4.7162 -12.27
v -48.061 -4.0138 -3.9478
v -48.141 -4.4298 -4.4598
v -47.913 -4.053 -3.3935
v -45.173 -17.079 -12.6
v -44.783 -17.887 -12.798
v -44.913 -17.532 -12.34
v -47.819 -4.7884 -3.5614
v -47.913 -4.053 -3.3935
v -48.141 -4.4298 -4.4598
v -45.235 -4.1573 -11.605
v -45.324 -3.5061 -11.403
v -45.055 -4.1523 -10.87
v -38.252 -24.008 -4.7316
v -38.588 -23.868 -4.3845
v -38.65 -24.034 -4.9314
v -46.807 3.2284 -15.783
v -46.776 3.6272 -16.39
v -46.814 3.6323 -15.284
v -40.267 -20.795 -2.6827
v -40.799 -20.525 -3.464
v -40.371 -20.941 -3.1616
v -41.461 -19.18 -2.8893
v -41.143 -19.991 -3.3887
v -40.923 -19.762 -2.5162
v -46.718 -8.1592 -3.0977
v -46.616 -7.8355 -2.4517
v -46.852 -7.381 -2.83
v -37.045 -23.922 -7.8934
v -37.219 -23.807 -6.9955
v -37.703 -24.376 -7.3008
v -49.134 -8.082 -13.759
v -49.19 -7.4961 -13.118
v -49.446 -7.0086 -13.7
v -35.703 -23.095 -12.397
v -36.069 -22.641 -12.277
v -35.779 -22.82 -11.487
v -49.134 -8.082 -13.759
v -48.932 -8.3637 -13.229
v -49.19 -7.4961 -13.118
v -50.652 -0.86213 -18.143
v -50.735 -1.2083 -17.721
v -50.816 -0.94992 -17.427
v -48.69 6.1862 -14.111
v -48.001 6.2436 -14.62
v -48.737 6.1934 -15.005
v -46.776 3.6272 -16.39
v -46.823 4.0652 -17.367
v -46.851 4.8007 -17.036
v -44.782 -5.5339 -11.358
v -44.654 -5.212 -10.74
v -44.584 -5.9316 -11.074
v -47.836 6.2036 -16.471
v -47.507 6.2508 -16.839
v -48.032 6.2781 -17.217
v -46.767 2.8672 -14.758
v -46.754 2.5489 -15.551
v -46.807 3.2284 -15.783
v -48.594 5.9587 -13.276
v -49.167 6.0675 -13.614
v -49.09 5.4635 -13.106
v -44.398 -6.4171 -10.84
v -44.584 -5.9316 -11.074
v -44.315 -6.0378 -10.338
v -44.398 -6.4171 -10.84
v -44.048 -7.2912 -10.578
v -44.327 -6.878 -11.155
v -46.675 1.7091 -15.21
v -46.767 2.8672 -14.758
v -46.649 1.8867 -14.278
v -48.555 0.086119 -7.1613
v -48.446 0.38534 -7.7114
v -49.223 0.42797 -7.4835
v -40.035 -25.456 -15.722
v -39.904 -25.512 -15.244
v -40.408 -24.832 -15.25
v -39.19 -26.415 -16.639
v -38.94 -26.729 -16.037
v -39.594 -26.001 -16.064
v -45.938 -1.4634 -12.312
v -45.742 -2.1752 -12.116
v -45.829 -2.192 -12.56
v -45.055 -4.1523 -10.87
v -44.944 -4.7681 -11.169
v -45.235 -4.1573 -11.605
v -46.2 -14.896 -12.228
v -46.051 -15.403 -12.778
v -45.981 -15.342 -12.103
v -46.051 -15.403 -12.778
v -46.2 -14.896 -12.228
v -46.375 -14.774 -12.798
v -47.377 -6.7994 -3.8802
v -47.221 -6.4305 -3.1373
v -47.516 -6.1309 -3.6306
v -47.097 -7.0639 -3.3583
v -47.221 -6.4305 -3.1373
v -47.377 -6.7994 -3.8802
v -37.751 -23.972 -5.7435
v -38.273 -24.344 -5.4914
v -37.845 -24.269 -6.2669
v -46.375 -14.774 -12.798
v -46.743 -13.806 -12.268
v -46.69 -14.086 -12.758
v -41.284 -23.663 -14.831
v -40.729 -24.399 -14.889
v -40.959 -24.031 -14.351
v -38.273 -24.344 -5.4914
v -38.252 -24.008 -4.7316
v -38.65 -24.034 -4.9314
v -48.864 2.7816 -10.659
v -48.757 2.3994 -10.411
v -48.39 2.892 -10.783
v -48.996 3.6131 -11.328
v -48.432 3.9296 -11.694
v -48.861 4.2301 -11.92
v -46.236 -9.7081 -3.2638
v -46.08 -9.5941 -2.7617
v -46.318 -9.0186 -2.8568
v -39.038 -23.47 -4.523
v -38.588 -23.868 -4.3845
v -38.674 -23.61 -3.8354
v -48.757 2.3994 -10.411
v -48.882 2.0246 -9.7723
v -48.46 1.7895 -9.708
v -36.706 -23.786 -9.2907
v -36.676 -23.622 -8.2759
v -37.078 -24.169 -8.5773
v -48.82 3.103 -10.87
v -48.542 3.3228 -11.098
v -48.996 3.6131 -11.328
v -44.571 -13.113 -2.4768
v -44.655 -12.608 -2.2842
v -44.88 -12.708 -2.8781
v -45.036 -12.06 -2.5186
v -44.88 -12.708 -2.8781
v -44.655 -12.608 -2.2842
v -44.231 -14.143 -2.904
v -44.017 -14.184 -2.3842
v -44.571 -13.113 -2.4768
v -37.845 -24.269 -6.2669
v -37.219 -23.807 -6.9955
v -37.32 -23.721 -6.3366
v -40.959 -24.031 -14.351
v -41.318 -23.504 -14.094
v -41.284 -23.663 -14.831
v -37.481 -20.266 -10.696
v -37.779 -20.151 -11.498
v -38.038 -19.432 -10.782
v -47.02 -13.239 -12.68
v -47.119 -12.865 -12.067
v -47.427 -12.306 -12.693
v -38.038 -19.432 -10.782
v -38.405 -18.969 -11.247
v -38.408 -18.767 -10.601
v -37.185 -20.974 -11.402
v -37.779 -20.151 -11.498
v -37.481 -20.266 -10.696
v -46.912 5.2662 -17.337
v -46.903 4.551 -17.655
v -47.134 5.1802 -18.276
v -39.068 -17.737 -11.144
v -38.408 -18.767 -10.601
v -38.665 -18.433 -11.35
v -48.834 -1.3209 -5.5003
v -48.949 -0.92055 -5.9099
v -49.059 -1.3109 -5.7701
v -41.856 -12.251 -10.082
v -42.516 -11.373 -10.659
v -42.078 -11.079 -9.1815
v -48.852 -2.366 -5.3146
v -48.592 -2.3118 -4.4356
v -48.84 -1.8567 -5.1538
v -40.894 -13.733 -9.0391
v -41.285 -13.752 -10.309
v -41.515 -13.016 -9.9381
v -47.507 6.2508 -16.839
v -47.321 6.3631 -17.469
v -48.032 6.2781 -17.217
v -47.676 -6.0132 -4.1415
v -47.628 -5.4589 -3.4833
v -47.819 -4.7884 -3.5614
v -38.665 -18.433 -11.35
v -38.408 -18.767 -10.601
v -38.405 -18.969 -11.247
v -48.763 1.3948 -8.9402
v -49.102 1.0832 -8.3663
v -48.598 0.84887 -8.259
v -35.698 -23.34 -12.205
v -35.636 -23.339 -12.75
v -35.703 -23.095 -12.397
v -38.117 -19.464 -11.487
v -38.405 -18.969 -11.247
v -38.038 -19.432 -10.782
v -48.592 -2.3118 -4.4356
v -48.852 -2.366 -5.3146
v -48.594 -2.78 -4.7948
v -46.08 -9.5941 -2.7617
v -46.236 -9.7081 -3.2638
v -45.846 -10.38 -2.9233
v -35.765 -23.413 -11.903
v -36.016 -23.729 -11.331
v -36.147 -23.926 -11.96
v -48.598 0.84887 -8.259
v -49.489 0.91997 -7.9487
v -49.223 0.42797 -7.4835
v -48.407 -3.161 -4.4742
v -48.594 -2.78 -4.7948
v -48.605 -3.1074 -4.9697
v -37.779 -20.151 -11.498
v -38.117 -19.464 -11.487
v -38.038 -19.432 -10.782
v -45.542 -10.994 -2.7753
v -45.672 -10.451 -2.4874
v -45.846 -10.38 -2.9233
v -48.475 -3.6992 -4.9607
v -48.407 -3.161 -4.4742
v -48.605 -3.1074 -4.9697
v -48.407 -3.161 -4.4742
v -48.475 -3.6992 -4.9607
v -48.214 -3.5658 -4.0868
v -36.467 -23.774 -10.556
v -36.423 -23.667 -9.9545
v -36.887 -24.164 -9.9228
v -45.542 -10.994 -2.7753
v -45.427 -11.532 -2.9463
v -45.234 -11.532 -2.5005
v -45.036 -12.06 -2.5186
v -45.234 -11.532 -2.5005
v -45.427 -11.532 -2.9463
v -48.555 0.086119 -7.1613
v -49.239 -0.10209 -6.9777
v -48.834 -0.45205 -6.341
v -47.516 -6.1309 -3.6306
v -47.628 -5.4589 -3.4833
v -47.676 -6.0132 -4.1415
v -47.85 6.2587 -15.92
v -48.239 6.2289 -16.448
v -48.231 6.2138 -15.544
v -46.767 2.8672 -14.758
v -46.675 1.7091 -15.21
v -46.754 2.5489 -15.551
v -47.04 -7.6884 -3.6497
v -46.852 -7.381 -2.83
v -47.097 -7.0639 -3.3583
v -47.954 -11.209 -13.267
v -47.742 -11.398 -12.363
v -48.151 -10.552 -12.753
v -47.04 -7.6884 -3.6497
v -46.718 -8.1592 -3.0977
v -46.852 -7.381 -2.83
v -45.597 -2.7806 -11.9
v -45.742 -2.1752 -12.116
v -45.563 -2.6011 -11.625
v -46.177 -0.77887 -13.089
v -46.323 -0.12035 -13.627
v -46.221 0.012519 -12.788
v -45.324 -3.5061 -11.403
v -45.532 -3.2405 -11.985
v -45.597 -2.7806 -11.9
v -43.314 -15.385 -2.0986
v -43.811 -14.546 -2.2935
v -43.964 -14.828 -3.0504
v -48.456 5.1109 -12.662
v -49.09 5.4635 -13.106
v -49.208 4.8563 -12.44
v -48.39 2.892 -10.783
v -48.82 3.103 -10.87
v -48.864 2.7816 -10.659
v -50.111 -4.958 -14.726
v -50.137 -4.4394 -14.115
v -50.393 -3.9019 -15.374
v -38.733 -26.974 -16.962
v -38.713 -26.904 -16.294
v -39.19 -26.415 -16.639
v -38.588 -23.868 -4.3845
v -39.038 -23.47 -4.523
v -38.65 -24.034 -4.9314
v -40.799 -20.525 -3.464
v -40.525 -21.221 -3.98
v -40.371 -20.941 -3.1616
v -40.233 -21.436 -3.5828
v -40.371 -20.941 -3.1616
v -40.525 -21.221 -3.98
v -43.526 -8.6266 -10.449
v -44.029 -7.6833 -10.908
v -43.623 -8.032 -10.033
v -46.323 -0.12035 -13.627
v -46.533 0.97966 -14.074
v -46.369 0.71947 -13.339
v -38.35 -27.007 -17.056
v -38.733 -26.974 -16.962
v -38.329 -27.001 -17.769
v -39.588 -22.204 -3.4012
v -39.918 -21.657 -3.2349
v -40.233 -21.436 -3.5828
v -40.233 -21.436 -3.5828
v -40.086 -21.938 -4.1658
v -39.588 -22.204 -3.4012
v -46.649 1.8867 -14.278
v -46.533 0.97966 -14.074
v -46.63 1.0315 -14.901
v -48.763 1.3948 -8.9402
v -48.46 1.7895 -9.708
v -48.882 2.0246 -9.7723
v -39.423 -22.981 -4.5751
v -39.038 -23.47 -4.523
v -39.295 -22.711 -3.6596
v -43.623 -8.032 -10.033
v -44.029 -7.6833 -10.908
v -44.048 -7.2912 -10.578
v -39.423 -22.981 -4.5751
v -39.295 -22.711 -3.6596
v -39.707 -22.443 -4.1272
v -46.236 -9.7081 -3.2638
v -46.318 -9.0186 -2.8568
v -46.475 -8.9941 -3.272
v -44.88 -12.708 -2.8781
v -44.563 -13.513 -2.9907
v -44.571 -13.113 -2.4768
v -47.321 6.3631 -17.469
v -47.52 6.4119 -17.906
v -47.936 6.3409 -17.773
v -50.627 -2.6587 -15.55
v -50.393 -3.9019 -15.374
v -50.527 -2.916 -14.742
v -50.791 0.11118 -18.005
v -50.652 -0.86213 -18.143
v -50.816 -0.94992 -17.427
v -48.731 -8.7886 -12.519
v -48.812 -8.9814 -13.488
v -48.55 -9.6363 -13.206
v -44.017 -14.184 -2.3842
v -44.231 -14.143 -2.904
v -43.811 -14.546 -2.2935
v -46.823 4.0652 -17.367
v -46.903 4.551 -17.655
v -46.851 4.8007 -17.036
v -50.339 -0.64417 -18.713
v -50.652 -0.86213 -18.143
v -50.443 0.28166 -18.723
v -41.618 -18.572 -2.4473
v -41.942 -18.803 -3.4964
v -41.461 -19.18 -2.8893
v -48.214 -3.5658 -4.0868
v -48.141 -4.4298 -4.4598
v -48.061 -4.0138 -3.9478
v -46.786 3.3025 -17.333
v -46.823 4.0652 -17.367
v -46.776 3.6272 -16.39
v -45.723 -15.806 -12.158
v -45.981 -15.342 -12.103
v -46.051 -15.403 -12.778
v -48.141 -4.4298 -4.4598
v -47.908 -5.2731 -4.3378
v -47.819 -4.7884 -3.5614
v -41.329 -19.669 -20.423
v -41.731 -18.045 -20.293
v -40.574 -19.163 -20.073
v -41.022 -17.565 -19.883
v -40.574 -19.163 -20.073
v -41.731 -18.045 -20.293
v -47.676 -6.0132 -4.1415
v -47.819 -4.7884 -3.5614
v -47.908 -5.2731 -4.3378
v -35.703 -23.095 -12.397
v -36.194 -22.697 -13.134
v -36.069 -22.641 -12.277
v -37.845 -24.269 -6.2669
v -37.703 -24.376 -7.3008
v -37.219 -23.807 -6.9955
v -41.572 -16.658 -19.858
v -41.753 -17.071 -20.154
v -42.37 -16.744 -20.267
v -48.737 6.1934 -15.005
v -49.362 6.1479 -14.485
v -48.69 6.1862 -14.111
v -48.85 6.1524 -13.894
v -48.69 6.1862 -14.111
v -49.362 6.1479 -14.485
v -44.762 -11.307 -19.997
v -45.066 -10.754 -20.065
v -44.495 -10.801 -19.818
v -35.698 -23.34 -12.205
v -35.787 -23.706 -12.422
v -35.636 -23.339 -12.75
v -48.85 6.1524 -13.894
v -49.399 6.1433 -13.909
v -49.167 6.0675 -13.614
v -48.598 0.84887 -8.259
v -49.102 1.0832 -8.3663
v -49.489 0.91997 -7.9487
v -35.698 -23.34 -12.205
v -35.765 -23.413 -11.903
v -35.787 -23.706 -12.422
v -46.718 -8.1592 -3.0977
v -46.475 -8.9941 -3.272
v -46.404 -8.5335 -2.5756
v -46.671 -7.171 -20.137
v -46.205 -8.0188 -20.151
v -46.772 -7.9413 -20.167
v -46.318 -9.0186 -2.8568
v -46.404 -8.5335 -2.5756
v -46.475 -8.9941 -3.272
v -46.675 1.7091 -15.21
v -46.649 1.8867 -14.278
v -46.63 1.0315 -14.901
v -37.971 -23.952 -20.505
v -38.09 -25.279 -20.243
v -38.762 -24.739 -20.082
v -39.241 -23.809 -20.334
v -37.971 -23.952 -20.505
v -38.762 -24.739 -20.082
v -49.144 -2.8923 -19.637
v -49.742 -1.9964 -19.254
v -49.51 -0.35722 -19.54
v -39.588 -22.204 -3.4012
v -40.086 -21.938 -4.1658
v -39.707 -22.443 -4.1272
v -48.861 4.2301 -11.92
v -48.718 4.7162 -12.27
v -49.208 4.8563 -12.44
v -45.891 -9.5822 -20.274
v -45.115 -9.9441 -20.016
v -45.426 -10.037 -20.156
v -36.423 -23.667 -9.9545
v -36.706 -23.786 -9.2907
v -36.887 -24.164 -9.9228
v -46.743 2.6894 -16.74
v -46.776 3.6272 -16.39
v -46.807 3.2284 -15.783
v -45.235 -4.1573 -11.605
v -45.532 -3.2405 -11.985
v -45.324 -3.5061 -11.403
v -46.743 2.6894 -16.74
v -46.807 3.2284 -15.783
v -46.754 2.5489 -15.551
v -49.239 -0.10209 -6.9777
v -48.555 0.086119 -7.1613
v -49.223 0.42797 -7.4835
v -39.199 -22.144 -20.423
v -38.655 -23.028 -20.36
v -39.241 -23.809 -20.334
v -50.993 -0.36404 -16.03
v -50.816 -0.94992 -17.427
v -50.959 -0.8414 -16.536
v -42.932 -9.9484 -10.115
v -42.584 -10.489 -9.8694
v -42.772 -10.614 -10.601
v -49.446 -7.0086 -13.7
v -49.612 -5.9017 -12.855
v -49.901 -5.4052 -14.036
v -42.516 -11.373 -10.659
v -42.772 -10.614 -10.601
v -42.584 -10.489 -9.8694
v -47.99 -4.9835 -20.091
v -46.797 -5.2355 -19.958
v -47.473 -6.0247 -20.084
v -43.348 -9.5235 -10.778
v -43.526 -8.6266 -10.449
v -43.181 -9.1716 -9.9505
v -42.932 -9.9484 -10.115
v -43.348 -9.5235 -10.778
v -43.181 -9.1716 -9.9505
v -47.52 6.4119 -17.906
v -47.043 6.2191 -17.648
v -47.858 6.2327 -18.933
v -47.185 5.9901 -18.32
v -47.858 6.2327 -18.933
v -47.043 6.2191 -17.648
v -38.09 -25.279 -20.243
v -37.821 -26.213 -19.977
v -38.51 -25.658 -19.864
v -43.964 -14.828 -3.0504
v -42.982 -16.098 -2.178
v -43.314 -15.385 -2.0986
v -40.385 -15.714 -10.601
v -40.897 -14.801 -10.719
v -40.388 -14.737 -8.9482
v -41.622 -13.361 -10.957
v -41.856 -12.251 -10.082
v -41.515 -13.016 -9.9381
v -41.318 -23.504 -14.094
v -41.812 -22.849 -14.019
v -41.699 -23.041 -14.26
v -41.285 -13.752 -10.309
v -41.622 -13.361 -10.957
v -41.515 -13.016 -9.9381
v -40.388 -14.737 -8.9482
v -41.285 -13.752 -10.309
v -40.894 -13.733 -9.0391
v -42.641 -21.5 -13.431
v -42.312 -22.105 -13.841
v -42.487 -21.6 -13.07
v -48.84 -1.8567 -5.1538
v -48.834 -1.3209 -5.5003
v -49.059 -1.3109 -5.7701
v -49.102 1.0832 -8.3663
v -48.763 1.3948 -8.9402
v -49.347 1.5504 -8.9279
v -49.731 1.3616 -8.3764
v -49.102 1.0832 -8.3663
v -49.347 1.5504 -8.9279
v -47.936 6.3409 -17.773
v -48.032 6.2781 -17.217
v -47.321 6.3631 -17.469
v -46.754 2.5489 -15.551
v -46.675 1.7091 -15.21
v -46.692 1.7634 -15.993
v -48.239 6.2289 -16.448
v -47.836 6.2036 -16.471
v -48.639 6.194 -17.011
v -49.399 6.1433 -13.909
v -48.85 6.1524 -13.894
v -49.362 6.1479 -14.485
v -42.312 -22.105 -13.841
v -41.812 -22.849 -14.019
v -41.683 -22.857 -13.331
v -38.94 -26.729 -16.037
v -39.308 -26.185 -15.5
v -39.594 -26.001 -16.064
v -46.323 -0.12035 -13.627
v -46.177 -0.77887 -13.089
v -46.277 -0.89678 -13.906
v -39.308 -26.185 -15.5
v -39.904 -25.512 -15.244
v -40.035 -25.456 -15.722
v -40.035 -25.456 -15.722
v -39.594 -26.001 -16.064
v -39.308 -26.185 -15.5
v -48.996 3.6131 -11.328
v -48.861 4.2301 -11.92
v -49.388 3.8056 -11.563
v -36.194 -22.697 -13.134
v -36.5 -22.048 -11.853
v -36.069 -22.641 -12.277
v -44.231 -14.143 -2.904
v -43.964 -14.828 -3.0504
v -43.811 -14.546 -2.2935
v -45.707 -2.711 -12.558
v -45.829 -2.192 -12.56
v -45.742 -2.1752 -12.116
v -45.597 -2.7806 -11.9
v -45.707 -2.711 -12.558
v -45.742 -2.1752 -12.116
v -48.996 3.6131 -11.328
v -49.424 3.44 -11.059
v -48.82 3.103 -10.87
v -49.299 3.0511 -10.677
v -48.82 3.103 -10.87
v -49.424 3.44 -11.059
v -44.571 -13.113 -2.4768
v -44.563 -13.513 -2.9907
v -44.231 -14.143 -2.904
v -35.636 -23.339 -12.75
v -36.194 -22.697 -13.134
v -35.703 -23.095 -12.397
v -48.82 3.103 -10.87
v -49.299 3.0511 -10.677
v -48.864 2.7816 -10.659
v -39.19 -26.415 -16.639
v -38.713 -26.904 -16.294
v -38.94 -26.729 -16.037
v -45.532 -3.2405 -11.985
v -45.235 -4.1573 -11.605
v -45.42 -3.7938 -12.253
v -48.861 4.2301 -11.92
v -49.208 4.8563 -12.44
v -49.509 4.359 -12.073
v -38.329 -27.001 -17.769
v -38.123 -26.904 -18.412
v -38.022 -26.801 -17.78
v -49.444 1.8963 -9.3797
v -48.763 1.3948 -8.9402
v -48.882 2.0246 -9.7723
v -43.089 -10.106 -10.68
v -43.348 -9.5235 -10.778
v -42.932 -9.9484 -10.115
v -45.047 -4.9785 -11.839
v -45.235 -4.1573 -11.605
v -44.944 -4.7681 -11.169
v -38.273 -24.344 -5.4914
v -38.65 -24.034 -4.9314
v -38.728 -24.236 -5.5046
v -42.772 -10.614 -10.601
v -43.089 -10.106 -10.68
v -42.932 -9.9484 -10.115
v -44.029 -7.6833 -10.908
v -44.327 -6.878 -11.155
v -44.048 -7.2912 -10.578
v -47.418 -12.081 -12.059
v -47.742 -11.398 -12.363
v -47.427 -12.306 -12.693
v -44.029 -7.6833 -10.908
v -43.526 -8.6266 -10.449
v -43.83 -8.3268 -11.025
v -48.605 -3.1074 -4.9697
v -48.594 -2.78 -4.7948
v -48.852 -2.366 -5.3146
v -37.703 -24.376 -7.3008
v -37.831 -24.632 -7.9492
v -37.045 -23.922 -7.8934
v -46.375 -14.774 -12.798
v -46.2 -14.896 -12.228
v -46.411 -14.354 -11.874
v -37.078 -24.169 -8.5773
v -37.045 -23.922 -7.8934
v -37.505 -24.439 -8.388
v -38.273 -24.344 -5.4914
v -38.386 -24.488 -5.7999
v -37.845 -24.269 -6.2669
v -48.475 -3.6992 -4.9607
v -48.141 -4.4298 -4.4598
v -48.214 -3.5658 -4.0868
v -44.782 -5.5339 -11.358
v -45.047 -4.9785 -11.839
v -44.944 -4.7681 -11.169
v -48.639 6.194 -17.011
v -47.836 6.2036 -16.471
v -48.032 6.2781 -17.217
v -46.743 -13.806 -12.268
v -46.375 -14.774 -12.798
v -46.411 -14.354 -11.874
v -49.208 4.8563 -12.44
v -49.09 5.4635 -13.106
v -49.881 4.7995 -12.553
v -38.117 -19.464 -11.487
v -38.359 -19.174 -11.923
v -38.405 -18.969 -11.247
v -46.743 -13.806 -12.268
v -46.811 -13.447 -11.787
v -47.02 -13.239 -12.68
v -46.177 -0.77887 -13.089
v -46.092 -1.4636 -13.257
v -46.277 -0.89678 -13.906
v -48.239 6.2289 -16.448
v -48.804 6.1781 -15.961
v -48.231 6.2138 -15.544
v -47.119 -12.865 -12.067
v -47.02 -13.239 -12.68
v -46.811 -13.447 -11.787
v -38.117 -19.464 -11.487
v -37.779 -20.151 -11.498
v -38.205 -19.601 -12.212
v -49.388 3.8056 -11.563
v -48.861 4.2301 -11.92
v -49.509 4.359 -12.073
v -43.834 -19.663 -13.419
v -43.437 -20.155 -12.708
v -43.995 -19.223 -12.658
v -48.804 6.1781 -15.961
v -48.737 6.1934 -15.005
v -48.231 6.2138 -15.544
v -46.092 -1.4636 -13.257
v -45.938 -1.4634 -12.312
v -45.923 -2.1746 -13.059
v -45.938 -1.4634 -12.312
v -45.829 -2.192 -12.56
v -45.923 -2.1746 -13.059
v -43.348 -9.5235 -10.778
v -43.594 -9.0026 -11.118
v -43.526 -8.6266 -10.449
v -35.634 -23.7 -12.894
v -35.591 -23.551 -13.498
v -35.636 -23.339 -12.75
v -45.685 -2.9916 -12.684
v -45.707 -2.711 -12.558
v -45.597 -2.7806 -11.9
v -35.81 -24.06 -12.966
v -35.666 -24.096 -13.536
v -35.634 -23.7 -12.894
v -35.787 -23.706 -12.422
v -35.634 -23.7 -12.894
v -35.636 -23.339 -12.75
v -45.685 -2.9916 -12.684
v -45.597 -2.7806 -11.9
v -45.532 -3.2405 -11.985
v -45.532 -3.2405 -11.985
v -45.42 -3.7938 -12.253
v -45.685 -2.9916 -12.684
v -35.765 -23.413 -11.903
v -36.147 -23.926 -11.96
v -35.787 -23.706 -12.422
v -50.652 -0.86213 -18.143
v -50.791 0.11118 -18.005
v -50.443 0.28166 -18.723
v -45.42 -3.7938 -12.253
v -45.235 -4.1573 -11.605
v -45.329 -4.2611 -12.225
v -39.068 -17.737 -11.144
v -38.665 -18.433 -11.35
v -38.974 -18.041 -11.646
v -48.882 2.0246 -9.7723
v -48.757 2.3994 -10.411
v -49.504 2.3047 -9.7818
v -50.137 -4.4394 -14.115
v -50.304 -3.7952 -14.359
v -50.393 -3.9019 -15.374
v -45.846 -10.38 -2.9233
v -45.934 -10.553 -3.2745
v -45.542 -10.994 -2.7753
v -46.533 0.97966 -14.074
v -46.323 -0.12035 -13.627
v -46.42 0.048668 -14.236
v -49.347 1.5504 -8.9279
v -48.763 1.3948 -8.9402
v -49.444 1.8963 -9.3797
v -49.059 -1.3109 -5.7701
v -49.024 -1.8695 -5.8587
v -48.84 -1.8567 -5.1538
v -45.481 -16.397 -12.299
v -45.723 -15.806 -12.158
v -45.753 -16.109 -12.727
v -47.377 -6.7994 -3.8802
v -47.516 -6.1309 -3.6306
v -47.676 -6.0132 -4.1415
v -41.686 -19.405 -3.7359
v -41.143 -19.991 -3.3887
v -41.461 -19.18 -2.8893
v -47.04 -7.6884 -3.6497
v -46.802 -8.5915 -3.8378
v -46.718 -8.1592 -3.0977
v -37.505 -24.439 -8.388
v -37.045 -23.922 -7.8934
v -37.831 -24.632 -7.9492
v -41.461 -19.18 -2.8893
v -41.942 -18.803 -3.4964
v -41.686 -19.405 -3.7359
v -48.731 -8.7886 -12.519
v -48.932 -8.3637 -13.229
v -48.812 -8.9814 -13.488
v -45.427 -11.532 -2.9463
v -45.373 -12.091 -3.3945
v -45.036 -12.06 -2.5186
v -41.143 -19.991 -3.3887
v -41.222 -20.288 -4.0844
v -40.799 -20.525 -3.464
v -40.525 -21.221 -3.98
v -40.086 -21.938 -4.1658
v -40.233 -21.436 -3.5828
v -48.096 6.4154 -18.64
v -47.52 6.4119 -17.906
v -47.858 6.2327 -18.933
v -47.936 6.3409 -17.773
v -47.52 6.4119 -17.906
v -48.096 6.4154 -18.64
v -41.856 -12.251 -10.082
v -42.292 -11.912 -11.016
v -42.516 -11.373 -10.659
v -41.942 -18.803 -3.4964
v -41.618 -18.572 -2.4473
v -42.653 -17.649 -3.4979
v -36.5 -22.048 -11.853
v -37.279 -21.296 -12.463
v -37.185 -20.974 -11.402
v -49.355 -0.54276 -6.6203
v -48.834 -0.45205 -6.341
v -49.239 -0.10209 -6.9777
v -48.949 -0.92055 -5.9099
v -48.834 -0.45205 -6.341
v -49.355 -0.54276 -6.6203
v -40.897 -14.801 -10.719
v -41.285 -13.752 -10.309
v -40.388 -14.737 -8.9482
v -44.584 -5.9316 -11.074
v -44.398 -6.4171 -10.84
v -44.658 -6.1778 -11.545
v -48.852 -2.366 -5.3146
v -48.84 -1.8567 -5.1538
v -49.024 -1.8695 -5.8587
v -44.398 -6.4171 -10.84
v -44.327 -6.878 -11.155
v -44.658 -6.1778 -11.545
v -38.405 -18.969 -11.247
v -38.359 -19.174 -11.923
v -38.665 -18.433 -11.35
v -45.557 -3.6325 -12.775
v -45.685 -2.9916 -12.684
v -45.42 -3.7938 -12.253
v -46.531 -9.4149 -3.8114
v -46.475 -8.9941 -3.272
v -46.802 -8.5915 -3.8378
v -38.205 -19.601 -12.212
v -38.359 -19.174 -11.923
v -38.117 -19.464 -11.487
v -47.051 3.9177 -18.31
v -46.903 4.551 -17.655
v -46.823 4.0652 -17.367
v -46.236 -9.7081 -3.2638
v -46.475 -8.9941 -3.272
v -46.531 -9.4149 -3.8114
v -38.205 -19.601 -12.212
v -37.779 -20.151 -11.498
v -37.905 -20.328 -12.464
v -37.185 -20.974 -11.402
v -37.905 -20.328 -12.464
v -37.779 -20.151 -11.498
v -42.516 -11.373 -10.659
v -42.8 -11.079 -11.218
v -42.772 -10.614 -10.601
v -45.329 -4.2611 -12.225
v -45.235 -4.1573 -11.605
v -45.047 -4.9785 -11.839
v -35.81 -24.06 -12.966
v -35.634 -23.7 -12.894
v -35.787 -23.706 -12.422
v -47.908 -5.2731 -4.3378
v -47.828 -5.9604 -4.5984
v -47.676 -6.0132 -4.1415
v -46.236 -9.7081 -3.2638
v -45.934 -10.553 -3.2745
v -45.846 -10.38 -2.9233
v -47.377 -6.7994 -3.8802
v -47.338 -7.3243 -4.325
v -47.097 -7.0639 -3.3583
v -48.005 -10.408 -11.777
v -48.151 -10.552 -12.753
v -47.742 -11.398 -12.363
v -47.04 -7.6884 -3.6497
v -47.097 -7.0639 -3.3583
v -47.338 -7.3243 -4.325
v -36.706 -23.786 -9.2907
v -37.078 -24.169 -8.5773
v -37.346 -24.458 -9.2238
v -44.782 -5.5339 -11.358
v -44.989 -5.4017 -12.182
v -45.047 -4.9785 -11.839
v -49.901 -5.4052 -14.036
v -50.137 -4.4394 -14.115
v -50.111 -4.958 -14.726
v -49.267 -1.3689 -6.1904
v -49.024 -1.8695 -5.8587
v -49.059 -1.3109 -5.7701
v -44.782 -5.5339 -11.358
v -44.584 -5.9316 -11.074
v -44.658 -6.1778 -11.545
v -46.718 -8.1592 -3.0977
v -46.802 -8.5915 -3.8378
v -46.475 -8.9941 -3.272
v -45.373 -12.091 -3.3945
v -44.88 -12.708 -2.8781
v -45.036 -12.06 -2.5186
v -43.594 -9.0026 -11.118
v -43.83 -8.3268 -11.025
v -43.526 -8.6266 -10.449
v -48.322 -10.009 -12.79
v -48.151 -10.552 -12.753
v -48.162 -10.118 -12.057
v -40.086 -21.938 -4.1658
v -40.155 -22.045 -4.5899
v -39.707 -22.443 -4.1272
v -47.119 -12.865 -12.067
v -47.418 -12.081 -12.059
v -47.427 -12.306 -12.693
v -44.563 -13.513 -2.9907
v -44.481 -14.062 -3.4175
v -44.231 -14.143 -2.904
v -40.155 -22.045 -4.5899
v -39.423 -22.981 -4.5751
v -39.707 -22.443 -4.1272
v -38.283 -24.676 -6.5334
v -37.845 -24.269 -6.2669
v -38.386 -24.488 -5.7999
v -40.525 -21.221 -3.98
v -40.799 -20.525 -3.464
v -41.222 -20.288 -4.0844
v -39.423 -22.981 -4.5751
v -39.283 -23.384 -5.1538
v -39.038 -23.47 -4.523
v -48.322 -10.009 -12.79
v -48.162 -10.118 -12.057
v -48.339 -9.6774 -12.185
v -46.533 0.97966 -14.074
v -46.517 0.29692 -14.72
v -46.63 1.0315 -14.901
v -38.728 -24.236 -5.5046
v -38.386 -24.488 -5.7999
v -38.273 -24.344 -5.4914
v -38.283 -24.676 -6.5334
v -37.703 -24.376 -7.3008
v -37.845 -24.269 -6.2669
v -46.533 0.97966 -14.074
v -46.42 0.048668 -14.236
v -46.517 0.29692 -14.72
v -49.397 2.7077 -10.416
v -48.864 2.7816 -10.659
v -49.299 3.0511 -10.677
v -39.283 -23.384 -5.1538
v -38.65 -24.034 -4.9314
v -39.038 -23.47 -4.523
v -48.864 2.7816 -10.659
v -49.397 2.7077 -10.416
v -48.757 2.3994 -10.411
v -49.504 2.3047 -9.7818
v -48.757 2.3994 -10.411
v -49.397 2.7077 -10.416
v -50.527 -2.916 -14.742
v -50.393 -3.9019 -15.374
v -50.304 -3.7952 -14.359
v -49.424 3.44 -11.059
v -48.996 3.6131 -11.328
v -49.388 3.8056 -11.563
v -38.359 -19.174 -11.923
v -38.811 -18.46 -12.138
v -38.665 -18.433 -11.35
v -50.77 -1.941 -16.07
v -50.869 -1.1378 -15.802
v -50.959 -0.8414 -16.536
v -40.408 -24.832 -15.25
v -40.235 -24.96 -14.535
v -40.729 -24.399 -14.889
v -48.77 -3.0269 -5.5801
v -48.605 -3.1074 -4.9697
v -48.852 -2.366 -5.3146
v -36.887 -24.164 -9.9228
v -36.706 -23.786 -9.2907
v -37.346 -24.458 -9.2238
v -40.612 -24.417 -14.144
v -40.729 -24.399 -14.889
v -40.235 -24.96 -14.535
v -48.322 -10.009 -12.79
v -48.339 -9.6774 -12.185
v -48.55 -9.6363 -13.206
v -48.605 -3.1074 -4.9697
v -48.77 -3.0269 -5.5801
v -48.475 -3.6992 -4.9607
v -41.683 -22.857 -13.331
v -42.07 -22.31 -13.236
v -42.312 -22.105 -13.841
v -46.021 -10.715 -3.676
v -45.542 -10.994 -2.7753
v -45.934 -10.553 -3.2745
v -45.542 -10.994 -2.7753
v -45.739 -11.506 -3.6996
v -45.427 -11.532 -2.9463
v -48.27 -4.5786 -4.9401
v -48.141 -4.4298 -4.4598
v -48.475 -3.6992 -4.9607
v -46.117 -1.7163 -13.861
v -46.277 -0.89678 -13.906
v -46.092 -1.4636 -13.257
v -45.074 -12.855 -3.473
v -44.88 -12.708 -2.8781
v -45.373 -12.091 -3.3945
v -42.641 -21.5 -13.431
v -42.487 -21.6 -13.07
v -42.975 -21.076 -13.465
v -44.191 -7.5322 -11.472
v -44.327 -6.878 -11.155
v -44.029 -7.6833 -10.908
v -46.802 -8.5915 -3.8378
v -47.04 -7.6884 -3.6497
v -47.106 -7.8451 -4.0984
v -44.88 -12.708 -2.8781
v -45.074 -12.855 -3.473
v -44.563 -13.513 -2.9907
v -43.83 -8.3268 -11.025
v -44.191 -7.5322 -11.472
v -44.029 -7.6833 -10.908
v -45.074 -12.855 -3.473
v -44.882 -13.445 -3.6599
v -44.563 -13.513 -2.9907
v -40.959 -24.031 -14.351
v -40.729 -24.399 -14.889
v -40.612 -24.417 -14.144
v -49.167 6.0675 -13.614
v -49.399 6.1433 -13.909
v -49.707 5.7948 -13.667
v -43.995 -19.223 -12.658
v -44.067 -18.761 -11.878
v -44.45 -18.382 -12.593
v -42.772 -10.614 -10.601
v -42.956 -10.582 -11.141
v -43.089 -10.106 -10.68
v -44.481 -14.062 -3.4175
v -43.964 -14.828 -3.0504
v -44.231 -14.143 -2.904
v -39.823 -16.54 -10.515
v -39.068 -17.737 -11.144
v -39.217 -17.74 -12.054
v -39.068 -17.737 -11.144
v -38.974 -18.041 -11.646
v -39.217 -17.74 -12.054
v -46.754 2.5489 -15.551
v -46.734 2.2674 -16.661
v -46.743 2.6894 -16.74
v -48.731 -8.7886 -12.519
v -48.883 -8.2521 -12.515
v -48.932 -8.3637 -13.229
v -40.155 -22.045 -4.5899
v -39.679 -22.849 -5.0724
v -39.423 -22.981 -4.5751
v -45.481 -16.397 -12.299
v -45.173 -17.079 -12.6
v -45.244 -16.577 -11.638
v -46.692 1.7634 -15.993
v -46.734 2.2674 -16.661
v -46.754 2.5489 -15.551
v -45.285 -4.7158 -12.327
v -45.329 -4.2611 -12.225
v -45.047 -4.9785 -11.839
v -49.504 2.3047 -9.7818
v -49.444 1.8963 -9.3797
v -48.882 2.0246 -9.7723
v -49.19 -7.4961 -13.118
v -48.932 -8.3637 -13.229
v -48.883 -8.2521 -12.515
v -38.65 -24.034 -4.9314
v -39.283 -23.384 -5.1538
v -38.728 -24.236 -5.5046
v -46.277 -0.89678 -13.906
v -46.42 0.048668 -14.236
v -46.323 -0.12035 -13.627
v -43.315 -20.477 -13.258
v -42.975 -21.076 -13.465
v -42.978 -20.685 -12.44
v -49.102 1.0832 -8.3663
v -49.731 1.3616 -8.3764
v -49.489 0.91997 -7.9487
v -40.525 -21.221 -3.98
v -40.558 -21.438 -4.5851
v -40.086 -21.938 -4.1658
v -43.437 -20.155 -12.708
v -43.315 -20.477 -13.258
v -42.978 -20.685 -12.44
v -36.194 -22.697 -13.134
v -35.591 -23.551 -13.498
v -35.891 -23.261 -13.993
v -35.591 -23.551 -13.498
v -36.194 -22.697 -13.134
v -35.636 -23.339 -12.75
v -44.783 -17.887 -12.798
v -44.45 -18.382 -12.593
v -44.713 -17.664 -11.785
v -49.355 -0.54276 -6.6203
v -49.267 -1.3689 -6.1904
v -48.949 -0.92055 -5.9099
v -44.913 -17.532 -12.34
v -44.783 -17.887 -12.798
v -44.713 -17.664 -11.785
v -49.059 -1.3109 -5.7701
v -48.949 -0.92055 -5.9099
v -49.267 -1.3689 -6.1904
v -35.634 -23.7 -12.894
v -35.666 -24.096 -13.536
v -35.591 -23.551 -13.498
v -47.134 5.1802 -18.276
v -46.903 4.551 -17.655
v -47.051 3.9177 -18.31
v -36.194 -22.697 -13.134
v -36.616 -22.297 -13.374
v -36.5 -22.048 -11.853
v -46.743 2.6894 -16.74
v -46.786 3.3025 -17.333
v -46.776 3.6272 -16.39
v -41.856 -12.251 -10.082
v -42.08 -12.59 -11.09
v -42.292 -11.912 -11.016
v -41.285 -13.752 -10.309
v -41.641 -13.621 -11.281
v -41.622 -13.361 -10.957
v -42.653 -17.649 -3.4979
v -42.982 -16.098 -2.178
v -43.369 -16.486 -3.7049
v -41.856 -12.251 -10.082
v -41.622 -13.361 -10.957
v -42.08 -12.59 -11.09
v -37.821 -26.213 -19.977
v -38.09 -25.279 -20.243
v -37.268 -25.652 -20.228
v -49.024 -1.8695 -5.8587
v -48.982 -2.5654 -6.1268
v -48.852 -2.366 -5.3146
v -35.666 -24.096 -13.536
v -35.478 -24.034 -14.308
v -35.591 -23.551 -13.498
v -43.276 -14.165 -20.013
v -43.705 -13.549 -20.062
v -43.047 -13.618 -19.656
v -49.09 5.4635 -13.106
v -49.167 6.0675 -13.614
v -49.707 5.7948 -13.667
v -45.829 -2.192 -12.56
v -45.832 -2.6477 -13.135
v -45.923 -2.1746 -13.059
v -45.707 -2.711 -12.558
v -45.832 -2.6477 -13.135
v -45.829 -2.192 -12.56
v -45.685 -2.9916 -12.684
v -45.832 -2.6477 -13.135
v -45.707 -2.711 -12.558
v -46.597 1.1196 -15.752
v -46.675 1.7091 -15.21
v -46.63 1.0315 -14.901
v -48.77 -3.0269 -5.5801
v -48.619 -3.8151 -5.6345
v -48.475 -3.6992 -4.9607
v -49.881 4.7995 -12.553
v -49.509 4.359 -12.073
v -49.208 4.8563 -12.44
v -45.542 -10.994 -2.7753
v -46.021 -10.715 -3.676
v -45.739 -11.506 -3.6996
v -45.891 -9.5822 -20.274
v -44.928 -9.1593 -19.75
v -45.115 -9.9441 -20.016
v -45.891 -9.5822 -20.274
v -45.822 -8.6631 -20.092
v -44.928 -9.1593 -19.75
v -48.27 -4.5786 -4.9401
v -48.111 -5.119 -5.0295
v -48.141 -4.4298 -4.4598
v -47.051 3.9177 -18.31
v -46.823 4.0652 -17.367
v -46.936 3.1875 -18.168
v -48.141 -4.4298 -4.4598
v -48.111 -5.119 -5.0295
v -47.908 -5.2731 -4.3378
v -45.373 -12.091 -3.3945
v -45.427 -11.532 -2.9463
v -45.739 -11.506 -3.6996
v -47.959 -5.725 -4.9462
v -47.908 -5.2731 -4.3378
v -48.111 -5.119 -5.0295
v -47.828 -5.9604 -4.5984
v -47.908 -5.2731 -4.3378
v -47.959 -5.725 -4.9462
v -46.205 -8.0188 -20.151
v -45.497 -8.2832 -19.893
v -45.822 -8.6631 -20.092
v -46.823 4.0652 -17.367
v -46.786 3.3025 -17.333
v -46.936 3.1875 -18.168
v -40.25 -19.677 -20.118
v -40.014 -20.593 -20.321
v -41.224 -20.56 -20.42
v -46.63 1.0315 -14.901
v -46.517 0.29692 -14.72
v -46.537 0.36289 -15.392
v -49.612 -5.9017 -12.855
v -49.446 -7.0086 -13.7
v -49.19 -7.4961 -13.118
v -41.224 -20.56 -20.42
v -40.574 -19.163 -20.073
v -40.25 -19.677 -20.118
v -48.56 -4.1418 -19.856
v -48.318 -2.8773 -19.926
v -47.683 -3.6711 -19.956
v -46.671 -7.171 -20.137
v -45.971 -7.1818 -19.838
v -46.205 -8.0188 -20.151
v -41.686 -19.405 -3.7359
v -41.827 -19.498 -4.3591
v -41.143 -19.991 -3.3887
v -47.106 -7.8451 -4.0984
v -47.04 -7.6884 -3.6497
v -47.338 -7.3243 -4.325
v -41.222 -20.288 -4.0844
v -41.143 -19.991 -3.3887
v -41.827 -19.498 -4.3591
v -44.554 -6.6783 -11.898
v -44.658 -6.1778 -11.545
v -44.327 -6.878 -11.155
v -50.816 -0.94992 -17.427
v -50.993 -0.36404 -16.03
v -51.065 0.40031 -16.984
v -46.517 0.29692 -14.72
v -46.42 0.048668 -14.236
v -46.367 -0.62464 -14.678
v -37.464 -26.398 -19.728
v -37.624 -26.49 -18.598
v -37.87 -26.716 -19.051
v -41.753 -17.071 -20.154
v -41.022 -17.565 -19.883
v -41.731 -18.045 -20.293
v -41.686 -19.405 -3.7359
v -41.942 -18.803 -3.4964
v -42.069 -18.928 -4.03
v -46.42 0.048668 -14.236
v -46.277 -0.89678 -13.906
v -46.367 -0.62464 -14.678
v -50.816 -0.94992 -17.427
v -51.065 0.40031 -16.984
v -50.791 0.11118 -18.005
v -44.09 -8.1911 -11.753
v -44.191 -7.5322 -11.472
v -43.83 -8.3268 -11.025
v -42.292 -11.912 -11.016
v -42.8 -11.079 -11.218
v -42.516 -11.373 -10.659
v -49.424 3.44 -11.059
v -49.812 3.0026 -10.636
v -49.299 3.0511 -10.677
v -43.809 -8.5605 -11.441
v -43.83 -8.3268 -11.025
v -43.594 -9.0026 -11.118
v -40.558 -21.438 -4.5851
v -40.525 -21.221 -3.98
v -41.02 -20.935 -4.9728
v -50.443 0.28166 -18.723
v -49.51 -0.35722 -19.54
v -50.339 -0.64417 -18.713
v -38.728 -24.236 -5.5046
v -39.283 -23.384 -5.1538
v -39.215 -23.667 -5.6065
v -47.683 -3.6711 -19.956
v -47.99 -4.9835 -20.091
v -48.56 -4.1418 -19.856
v -42.63 -15.711 -20.116
v -41.572 -16.658 -19.858
v -42.37 -16.744 -20.267
v -40.408 -24.832 -15.25
v -39.96 -25.317 -14.664
v -40.235 -24.96 -14.535
v -49.483 6.1735 -15.14
v -48.737 6.1934 -15.005
v -48.804 6.1781 -15.961
v -40.558 -21.438 -4.5851
v -40.155 -22.045 -4.5899
v -40.086 -21.938 -4.1658
v -39.679 -22.849 -5.0724
v -39.283 -23.384 -5.1538
v -39.423 -22.981 -4.5751
v -39.308 -26.185 -15.5
v -38.94 -26.729 -16.037
v -38.867 -26.684 -15.117
v -49.362 6.1479 -14.485
v -48.737 6.1934 -15.005
v -49.483 6.1735 -15.14
v -41.222 -20.288 -4.0844
v -41.066 -20.675 -4.5355
v -40.525 -21.221 -3.98
v -38.283 -24.676 -6.5334
v -38.386 -24.488 -5.7999
v -38.532 -24.637 -6.2996
v -38.665 -18.433 -11.35
v -38.811 -18.46 -12.138
v -38.974 -18.041 -11.646
v -49.024 -1.8695 -5.8587
v -49.267 -1.3689 -6.1904
v -49.268 -1.8412 -6.5534
v -39.308 -26.185 -15.5
v -39.607 -25.761 -14.827
v -39.904 -25.512 -15.244
v -46.597 1.1196 -15.752
v -46.692 1.7634 -15.993
v -46.675 1.7091 -15.21
v -48.032 6.2781 -17.217
v -47.936 6.3409 -17.773
v -48.671 6.2229 -17.659
v -38.359 -19.174 -11.923
v -38.205 -19.601 -12.212
v -38.583 -18.994 -12.461
v -48.852 -2.366 -5.3146
v -48.982 -2.5654 -6.1268
v -48.77 -3.0269 -5.5801
v -38.329 -27.001 -17.769
v -38.022 -26.801 -17.78
v -38.35 -27.007 -17.056
v -39.96 -25.317 -14.664
v -39.904 -25.512 -15.244
v -39.607 -25.761 -14.827
v -43.45 -9.6976 -11.511
v -43.594 -9.0026 -11.118
v -43.348 -9.5235 -10.778
v -38.022 -26.801 -17.78
v -38.123 -26.904 -18.412
v -37.624 -26.49 -18.598
v -37.905 -20.328 -12.464
v -38.092 -19.923 -12.499
v -38.205 -19.601 -12.212
v -40.408 -24.832 -15.25
v -39.904 -25.512 -15.244
v -39.96 -25.317 -14.664
v -43.149 -10.425 -11.63
v -43.089 -10.106 -10.68
v -42.956 -10.582 -11.141
v -37.87 -26.716 -19.051
v -37.624 -26.49 -18.598
v -38.123 -26.904 -18.412
v -45.43 -4.2936 -12.796
v -45.557 -3.6325 -12.775
v -45.42 -3.7938 -12.253
v -46.597 1.1196 -15.752
v -46.63 1.0315 -14.901
v -46.537 0.36289 -15.392
v -45.43 -4.2936 -12.796
v -45.42 -3.7938 -12.253
v -45.329 -4.2611 -12.225
v -42.772 -10.614 -10.601
v -42.8 -11.079 -11.218
v -42.956 -10.582 -11.141
v -48.27 -4.5786 -4.9401
v -48.475 -3.6992 -4.9607
v -48.382 -4.5914 -5.3919
v -43.995 -19.223 -12.658
v -43.437 -20.155 -12.708
v -43.455 -19.916 -12.162
v -42.312 -22.105 -13.841
v -42.07 -22.31 -13.236
v -42.487 -21.6 -13.07
v -49.362 6.1479 -14.485
v -49.779 6.111 -14.087
v -49.399 6.1433 -13.909
v -49.707 5.7948 -13.667
v -49.399 6.1433 -13.909
v -49.779 6.111 -14.087
v -44.327 -6.878 -11.155
v -44.191 -7.5322 -11.472
v -44.507 -7.0371 -12.093
v -44.658 -6.1778 -11.545
v -44.989 -5.4017 -12.182
v -44.782 -5.5339 -11.358
v -46.531 -9.4149 -3.8114
v -46.325 -10.127 -3.9501
v -46.236 -9.7081 -3.2638
v -36.147 -23.926 -11.96
v -35.81 -24.06 -12.966
v -35.787 -23.706 -12.422
v -49.881 4.7995 -12.553
v -49.09 5.4635 -13.106
v -49.935 5.513 -13.555
v -43.809 -8.5605 -11.441
v -44.09 -8.1911 -11.753
v -43.83 -8.3268 -11.025
v -47.377 -6.7994 -3.8802
v -47.676 -6.0132 -4.1415
v -47.657 -6.6454 -4.6767
v -49.72 2.6063 -10.183
v -49.504 2.3047 -9.7818
v -49.397 2.7077 -10.416
v -43.842 -19.323 -12.159
v -43.995 -19.223 -12.658
v -43.455 -19.916 -12.162
v -49.388 3.8056 -11.563
v -49.509 4.359 -12.073
v -49.81 3.7459 -11.792
v -36.147 -23.926 -11.96
v -36.016 -23.729 -11.331
v -36.648 -24.281 -11.411
v -40.949 -23.866 -13.684
v -41.318 -23.504 -14.094
v -40.959 -24.031 -14.351
v -36.887 -24.164 -9.9228
v -37.09 -24.5 -10.638
v -36.467 -23.774 -10.556
v -48.55 -9.6363 -13.206
v -48.339 -9.6774 -12.185
v -48.519 -9.2173 -12.092
v -49.347 1.5504 -8.9279
v -49.915 1.8747 -9.2902
v -49.731 1.3616 -8.3764
v -43.842 -19.323 -12.159
v -44.067 -18.761 -11.878
v -43.995 -19.223 -12.658
v -38.386 -24.488 -5.7999
v -38.728 -24.236 -5.5046
v -38.701 -24.485 -6.0429
v -46.236 -9.7081 -3.2638
v -46.325 -10.127 -3.9501
v -45.934 -10.553 -3.2745
v -46.325 -10.127 -3.9501
v -46.021 -10.715 -3.676
v -45.934 -10.553 -3.2745
v -41.318 -23.504 -14.094
v -41.285 -23.416 -13.41
v -41.812 -22.849 -14.019
v -48.519 -9.2173 -12.092
v -48.731 -8.7886 -12.519
v -48.55 -9.6363 -13.206
v -37.505 -24.439 -8.388
v -37.346 -24.458 -9.2238
v -37.078 -24.169 -8.5773
v -45.173 -17.079 -12.6
v -44.913 -17.532 -12.34
v -44.713 -17.664 -11.785
v -49.299 3.0511 -10.677
v -49.812 3.0026 -10.636
v -49.397 2.7077 -10.416
v -44.882 -13.445 -3.6599
v -44.481 -14.062 -3.4175
v -44.563 -13.513 -2.9907
v -38.701 -24.485 -6.0429
v -38.532 -24.637 -6.2996
v -38.386 -24.488 -5.7999
v -45.173 -17.079 -12.6
v -44.713 -17.664 -11.785
v -45.244 -16.577 -11.638
v -39.679 -22.849 -5.0724
v -40.155 -22.045 -4.5899
v -40.262 -22.203 -5.3701
v -38.283 -24.676 -6.5334
v -38.254 -24.879 -7.2856
v -37.703 -24.376 -7.3008
v -38.35 -27.007 -17.056
v -38.148 -26.823 -16.659
v -38.733 -26.974 -16.962
v -40.897 -14.801 -10.719
v -41.641 -13.621 -11.281
v -41.285 -13.752 -10.309
v -35.502 -23.746 -14.261
v -35.891 -23.261 -13.993
v -35.591 -23.551 -13.498
v -49.239 -0.10209 -6.9777
v -49.223 0.42797 -7.4835
v -49.643 0.0287 -7.4235
v -37.279 -21.296 -12.463
v -37.905 -20.328 -12.464
v -37.185 -20.974 -11.402
v -36.616 -22.297 -13.374
v -36.995 -21.834 -13.575
v -36.5 -22.048 -11.853
v -49.355 -0.54276 -6.6203
v -49.239 -0.10209 -6.9777
v -49.643 0.0287 -7.4235
v -42.982 -16.098 -2.178
v -43.964 -14.828 -3.0504
v -44.137 -15.267 -4.1239
v -39.823 -16.54 -10.515
v -40.429 -16.054 -11.55
v -40.385 -15.714 -10.601
v -44.495 -10.801 -19.818
v -44.271 -11.599 -19.86
v -44.762 -11.307 -19.997
v -35.502 -23.746 -14.261
v -35.591 -23.551 -13.498
v -35.478 -24.034 -14.308
v -49.643 0.0287 -7.4235
v -49.223 0.42797 -7.4835
v -49.489 0.91997 -7.9487
v -49.355 -0.54276 -6.6203
v -49.413 -1.0388 -6.729
v -49.267 -1.3689 -6.1904
v -50.527 -2.916 -14.742
v -50.693 -1.9637 -15.046
v -50.627 -2.6587 -15.55
v -45.892 -2.7063 -13.573
v -45.923 -2.1746 -13.059
v -45.832 -2.6477 -13.135
v -48.096 6.4154 -18.64
v -48.864 6.2137 -18.425
v -47.936 6.3409 -17.773
v -48.864 6.2137 -18.425
v -48.671 6.2229 -17.659
v -47.936 6.3409 -17.773
v -50.693 -1.9637 -15.046
v -50.77 -1.941 -16.07
v -50.627 -2.6587 -15.55
v -48.639 6.194 -17.011
v -48.032 6.2781 -17.217
v -48.671 6.2229 -17.659
v -47.106 -7.8451 -4.0984
v -46.99 -8.4546 -4.2706
v -46.802 -8.5915 -3.8378
v -45.832 -2.6477 -13.135
v -45.685 -2.9916 -12.684
v -45.812 -3.1585 -13.306
v -49.707 5.7948 -13.667
v -49.935 5.513 -13.555
v -49.09 5.4635 -13.106
v -45.981 -15.342 -12.103
v -46.188 -14.699 -11.569
v -46.2 -14.896 -12.228
v -48.804 6.1781 -15.961
v -48.239 6.2289 -16.448
v -48.639 6.194 -17.011
v -48.982 -2.5654 -6.1268
v -49.024 -1.8695 -5.8587
v -49.268 -1.8412 -6.5534
v -45.812 -3.1585 -13.306
v -45.685 -2.9916 -12.684
v -45.557 -3.6325 -12.775
v -37.279 -21.296 -12.463
v -37.602 -20.836 -12.864
v -37.905 -20.328 -12.464
v -38.811 -18.46 -12.138
v -38.359 -19.174 -11.923
v -38.583 -18.994 -12.461
v -46.411 -14.354 -11.874
v -46.2 -14.896 -12.228
v -46.188 -14.699 -11.569
v -46.692 1.7634 -15.993
v -46.711 1.6073 -16.971
v -46.734 2.2674 -16.661
v -45.43 -4.2936 -12.796
v -45.329 -4.2611 -12.225
v -45.285 -4.7158 -12.327
v -48.619 -3.8151 -5.6345
v -48.77 -3.0269 -5.5801
v -48.796 -3.5221 -6.0207
v -46.802 -8.5915 -3.8378
v -46.99 -8.4546 -4.2706
v -46.689 -9.275 -4.3141
v -48.619 -3.8151 -5.6345
v -48.382 -4.5914 -5.3919
v -48.475 -3.6992 -4.9607
v -44.989 -5.4017 -12.182
v -45.285 -4.7158 -12.327
v -45.047 -4.9785 -11.839
v -46.411 -14.354 -11.874
v -46.811 -13.447 -11.787
v -46.743 -13.806 -12.268
v -49.397 2.7077 -10.416
v -49.812 3.0026 -10.636
v -49.72 2.6063 -10.183
v -49.915 1.8747 -9.2902
v -49.347 1.5504 -8.9279
v -49.444 1.8963 -9.3797
v -46.531 -9.4149 -3.8114
v -46.802 -8.5915 -3.8378
v -46.689 -9.275 -4.3141
v -39.679 -22.849 -5.0724
v -39.664 -23.159 -5.7254
v -39.283 -23.384 -5.1538
v -41.02 -20.935 -4.9728
v -40.525 -21.221 -3.98
v -41.066 -20.675 -4.5355
v -47.657 -6.6454 -4.6767
v -47.676 -6.0132 -4.1415
v -47.828 -5.9604 -4.5984
v -47.338 -7.3243 -4.325
v -47.377 -6.7994 -3.8802
v -47.657 -6.6454 -4.6767
v -36.648 -24.281 -11.411
v -36.71 -24.521 -12.089
v -36.147 -23.926 -11.96
v -46.117 -1.7163 -13.861
v -46.202 -1.4801 -14.296
v -46.277 -0.89678 -13.906
v -36.467 -23.774 -10.556
v -36.648 -24.281 -11.411
v -36.016 -23.729 -11.331
v -43.149 -10.425 -11.63
v -43.348 -9.5235 -10.778
v -43.089 -10.106 -10.68
v -36.887 -24.164 -9.9228
v -37.346 -24.458 -9.2238
v -37.215 -24.526 -10.07
v -49.413 -1.0388 -6.729
v -49.355 -0.54276 -6.6203
v -49.566 -0.57392 -6.995
v -41.066 -20.675 -4.5355
v -41.222 -20.288 -4.0844
v -41.526 -20.229 -4.987
v -46.092 -1.4636 -13.257
v -45.923 -2.1746 -13.059
v -46.117 -1.7163 -13.861
v -46.117 -1.7163 -13.861
v -45.923 -2.1746 -13.059
v -46.016 -2.3491 -13.856
v -45.373 -12.091 -3.3945
v -45.346 -12.606 -3.8618
v -45.074 -12.855 -3.473
v -38.811 -18.46 -12.138
v -39.217 -17.74 -12.054
v -38.974 -18.041 -11.646
v -45.812 -3.1585 -13.306
v -45.892 -2.7063 -13.573
v -45.832 -2.6477 -13.135
v -49.901 -5.4052 -14.036
v -49.612 -5.9017 -12.855
v -49.921 -4.8755 -13.35
v -43.348 -9.5235 -10.778
v -43.149 -10.425 -11.63
v -43.45 -9.6976 -11.511
v -46.763 2.2222 -17.709
v -46.936 3.1875 -18.168
v -46.786 3.3025 -17.333
v -38.205 -19.601 -12.212
v -38.282 -19.605 -12.798
v -38.583 -18.994 -12.461
v -50.137 -4.4394 -14.115
v -49.901 -5.4052 -14.036
v -49.921 -4.8755 -13.35
v -42.08 -12.59 -11.09
v -41.622 -13.361 -10.957
v -41.86 -13.096 -11.409
v -46.325 -10.127 -3.9501
v -46.266 -10.487 -4.3202
v -46.021 -10.715 -3.676
v -50.304 -3.7952 -14.359
v -50.286 -3.5696 -13.834
v -50.527 -2.916 -14.742
v -45.384 -4.6978 -13.1
v -45.43 -4.2936 -12.796
v -45.285 -4.7158 -12.327
v -42.292 -11.912 -11.016
v -42.763 -11.578 -11.83
v -42.8 -11.079 -11.218
v -42.975 -21.076 -13.465
v -42.487 -21.6 -13.07
v -42.978 -20.685 -12.44
v -46.571 0.68427 -16.511
v -46.692 1.7634 -15.993
v -46.597 1.1196 -15.752
v -44.786 -6.3405 -12.464
v -44.989 -5.4017 -12.182
v -44.658 -6.1778 -11.545
v -46.571 0.68427 -16.511
v -46.597 1.1196 -15.752
v -46.56 0.38733 -15.979
v -44.554 -6.6783 -11.898
v -44.786 -6.3405 -12.464
v -44.658 -6.1778 -11.545
v -40.949 -23.866 -13.684
v -40.959 -24.031 -14.351
v -40.612 -24.417 -14.144
v -44.507 -7.0371 -12.093
v -44.554 -6.6783 -11.898
v -44.327 -6.878 -11.155
v -44.369 -7.6329 -12.209
v -44.507 -7.0371 -12.093
v -44.191 -7.5322 -11.472
v -39.664 -23.159 -5.7254
v -39.215 -23.667 -5.6065
v -39.283 -23.384 -5.1538
v -41.86 -13.096 -11.409
v -41.622 -13.361 -10.957
v -41.641 -13.621 -11.281
v -44.09 -8.1911 -11.753
v -44.369 -7.6329 -12.209
v -44.191 -7.5322 -11.472
v -46.367 -0.62464 -14.678
v -46.277 -0.89678 -13.906
v -46.202 -1.4801 -14.296
v -40.623 -21.653 -5.1872
v -40.155 -22.045 -4.5899
v -40.558 -21.438 -4.5851
v -43.809 -8.5605 -11.441
v -43.594 -9.0026 -11.118
v -43.789 -9.0287 -11.936
v -50.869 -1.1378 -15.802
v -50.77 -1.941 -16.07
v -50.693 -1.9637 -15.046
v -41.686 -19.405 -3.7359
v -42.069 -18.928 -4.03
v -41.827 -19.498 -4.3591
v -45.892 -2.7063 -13.573
v -46.016 -2.3491 -13.856
v -45.923 -2.1746 -13.059
v -48.796 -3.5221 -6.0207
v -48.77 -3.0269 -5.5801
v -49.01 -2.9224 -6.3708
v -37.09 -24.5 -10.638
v -36.648 -24.281 -11.411
v -36.467 -23.774 -10.556
v -35.891 -23.261 -13.993
v -36.458 -22.614 -14.374
v -36.194 -22.697 -13.134
v -36.194 -22.697 -13.134
v -36.458 -22.614 -14.374
v -36.616 -22.297 -13.374
v -48.111 -5.119 -5.0295
v -48.27 -4.5786 -4.9401
v -48.382 -4.5914 -5.3919
v -47.657 -6.6454 -4.6767
v -47.828 -5.9604 -4.5984
v -47.959 -5.725 -4.9462
v -48.77 -3.0269 -5.5801
v -48.982 -2.5654 -6.1268
v -49.01 -2.9224 -6.3708
v -49.643 0.0287 -7.4235
v -49.566 -0.57392 -6.995
v -49.355 -0.54276 -6.6203
v -47.185 5.9901 -18.32
v -47.134 5.1802 -18.276
v -47.858 6.2327 -18.933
v -41.285 -23.416 -13.41
v -41.683 -22.857 -13.331
v -41.812 -22.849 -14.019
v -40.897 -14.801 -10.719
v -40.385 -15.714 -10.601
v -41.311 -14.941 -12.366
v -44.481 -14.062 -3.4175
v -44.137 -15.267 -4.1239
v -43.964 -14.828 -3.0504
v -40.14 -16.597 -12.604
v -40.429 -16.054 -11.55
v -39.823 -16.54 -10.515
v -39.217 -17.74 -12.054
v -40.14 -16.597 -12.604
v -39.823 -16.54 -10.515
v -46.743 2.6894 -16.74
v -46.763 2.2222 -17.709
v -46.786 3.3025 -17.333
v -49.643 0.0287 -7.4235
v -49.489 0.91997 -7.9487
v -49.824 0.35214 -7.9048
v -44.137 -15.267 -4.1239
v -43.369 -16.486 -3.7049
v -42.982 -16.098 -2.178
v -36.995 -21.834 -13.575
v -37.279 -21.296 -12.463
v -36.5 -22.048 -11.853
v -46.99 -8.4546 -4.2706
v -47.106 -7.8451 -4.0984
v -47.26 -8.0953 -4.8222
v -44.481 -14.062 -3.4175
v -44.882 -13.445 -3.6599
v -44.862 -13.944 -4.156
v -36.458 -22.614 -14.374
v -36.853 -22.093 -14.122
v -36.616 -22.297 -13.374
v -50.869 -1.1378 -15.802
v -50.993 -0.36404 -16.03
v -50.959 -0.8414 -16.536
v -38.705 -18.959 -13.179
v -38.583 -18.994 -12.461
v -38.282 -19.605 -12.798
v -49.267 -1.3689 -6.1904
v -49.413 -1.0388 -6.729
v -49.268 -1.8412 -6.5534
v -46.537 0.36289 -15.392
v -46.517 0.29692 -14.72
v -46.434 -0.43644 -15.481
v -46.99 -8.4546 -4.2706
v -47.002 -8.8658 -4.7867
v -46.689 -9.275 -4.3141
v -46.367 -0.62464 -14.678
v -46.434 -0.43644 -15.481
v -46.517 0.29692 -14.72
v -38.282 -19.605 -12.798
v -38.205 -19.601 -12.212
v -38.092 -19.923 -12.499
v -48.982 -2.5654 -6.1268
v -49.268 -1.8412 -6.5534
v -49.209 -2.4035 -6.7156
v -38.034 -20.166 -13.3
v -38.282 -19.605 -12.798
v -38.092 -19.923 -12.499
v -37.905 -20.328 -12.464
v -38.034 -20.166 -13.3
v -38.092 -19.923 -12.499
v -50.087 3.4569 -11.186
v -49.388 3.8056 -11.563
v -49.81 3.7459 -11.792
v -49.424 3.44 -11.059
v -49.388 3.8056 -11.563
v -50.087 3.4569 -11.186
v -46.325 -10.127 -3.9501
v -46.531 -9.4149 -3.8114
v -46.689 -9.275 -4.3141
v -46.734 2.2674 -16.661
v -46.711 1.6073 -16.971
v -46.743 2.6894 -16.74
v -37.09 -24.5 -10.638
v -36.887 -24.164 -9.9228
v -37.215 -24.526 -10.07
v -46.065 -10.887 -4.0227
v -46.021 -10.715 -3.676
v -46.266 -10.487 -4.3202
v -46.065 -10.887 -4.0227
v -45.878 -11.504 -4.2348
v -45.739 -11.506 -3.6996
v -46.021 -10.715 -3.676
v -46.065 -10.887 -4.0227
v -45.739 -11.506 -3.6996
v -50.125 2.6392 -10.2
v -49.504 2.3047 -9.7818
v -49.72 2.6063 -10.183
v -48.005 -10.408 -11.777
v -47.742 -11.398 -12.363
v -47.753 -11.022 -11.496
v -45.244 -16.577 -11.638
v -45.493 -16.014 -11.507
v -45.481 -16.397 -12.299
v -49.444 1.8963 -9.3797
v -49.504 2.3047 -9.7818
v -49.915 1.8747 -9.2902
v -49.566 -0.57392 -6.995
v -49.599 -0.96529 -7.3961
v -49.413 -1.0388 -6.729
v -36.616 -22.297 -13.374
v -36.853 -22.093 -14.122
v -36.995 -21.834 -13.575
v -45.739 -11.506 -3.6996
v -45.629 -12.102 -4.0582
v -45.373 -12.091 -3.3945
v -49.779 6.111 -14.087
v -49.362 6.1479 -14.485
v -49.846 6.1581 -14.555
v -45.346 -12.606 -3.8618
v -45.373 -12.091 -3.3945
v -45.629 -12.102 -4.0582
v -49.707 5.7948 -13.667
v -49.779 6.111 -14.087
v -50.13 6.0511 -14.179
v -45.493 -16.014 -11.507
v -45.723 -15.806 -12.158
v -45.481 -16.397 -12.299
v -45.346 -12.606 -3.8618
v -44.882 -13.445 -3.6599
v -45.074 -12.855 -3.473
v -42.956 -10.582 -11.141
v -42.8 -11.079 -11.218
v -43.149 -10.425 -11.63
v -47.338 -7.3243 -4.325
v -47.657 -6.6454 -4.6767
v -47.677 -6.9799 -5.1789
v -42.292 -11.912 -11.016
v -42.504 -12.048 -11.74
v -42.763 -11.578 -11.83
v -38.811 -18.46 -12.138
v -39.088 -18.277 -12.796
v -39.217 -17.74 -12.054
v -46.537 0.36289 -15.392
v -46.56 0.38733 -15.979
v -46.597 1.1196 -15.752
v -38.583 -18.994 -12.461
v -39.088 -18.277 -12.796
v -38.811 -18.46 -12.138
v -45.828 -15.303 -11.257
v -45.981 -15.342 -12.103
v -45.723 -15.806 -12.158
v -47.338 -7.3243 -4.325
v -47.26 -8.0953 -4.8222
v -47.106 -7.8451 -4.0984
v -42.191 -12.603 -11.664
v -42.504 -12.048 -11.74
v -42.292 -11.912 -11.016
v -42.08 -12.59 -11.09
v -42.191 -12.603 -11.664
v -42.292 -11.912 -11.016
v -45.196 -5.182 -13.015
v -44.989 -5.4017 -12.182
v -44.989 -5.8992 -12.788
v -48.162 -10.118 -12.057
v -48.151 -10.552 -12.753
v -48.005 -10.408 -11.777
v -41.86 -13.096 -11.409
v -42.191 -12.603 -11.664
v -42.08 -12.59 -11.09
v -37.346 -24.458 -9.2238
v -37.505 -24.439 -8.388
v -37.742 -24.726 -8.6597
v -40.623 -21.653 -5.1872
v -40.262 -22.203 -5.3701
v -40.155 -22.045 -4.5899
v -50.674 0.91406 -18.379
v -50.443 0.28166 -18.723
v -50.791 0.11118 -18.005
v -44.09 -8.1911 -11.753
v -43.809 -8.5605 -11.441
v -43.965 -8.6116 -12.089
v -46.188 -14.699 -11.569
v -45.981 -15.342 -12.103
v -45.828 -15.303 -11.257
v -45.196 -5.182 -13.015
v -45.384 -4.6978 -13.1
v -45.285 -4.7158 -12.327
v -37.831 -24.632 -7.9492
v -37.703 -24.376 -7.3008
v -38.254 -24.879 -7.2856
v -43.789 -9.0287 -11.936
v -43.965 -8.6116 -12.089
v -43.809 -8.5605 -11.441
v -45.285 -4.7158 -12.327
v -44.989 -5.4017 -12.182
v -45.196 -5.182 -13.015
v -35.478 -24.034 -14.308
v -35.666 -24.096 -13.536
v -35.596 -24.261 -14.198
v -43.45 -9.6976 -11.511
v -43.789 -9.0287 -11.936
v -43.594 -9.0026 -11.118
v -43.524 -9.9397 -12.262
v -43.45 -9.6976 -11.511
v -43.149 -10.425 -11.63
v -48.864 6.2137 -18.425
v -48.096 6.4154 -18.64
v -48.594 6.3201 -18.729
v -45.573 -4.0022 -13.33
v -45.812 -3.1585 -13.306
v -45.557 -3.6325 -12.775
v -45.43 -4.2936 -12.796
v -45.573 -4.0022 -13.33
v -45.557 -3.6325 -12.775
v -38.33 -26.892 -16.289
v -38.713 -26.904 -16.294
v -38.733 -26.974 -16.962
v -48.639 6.194 -17.011
v -49.361 6.1873 -16.276
v -48.804 6.1781 -15.961
v -45.384 -4.6978 -13.1
v -45.573 -4.0022 -13.33
v -45.43 -4.2936 -12.796
v -38.282 -19.605 -12.798
v -38.034 -20.166 -13.3
v -38.369 -19.576 -13.365
v -49.424 3.44 -11.059
v -50.087 3.4569 -11.186
v -49.812 3.0026 -10.636
v -47.742 -11.398 -12.363
v -47.418 -12.081 -12.059
v -47.46 -11.758 -11.544
v -46.763 2.2222 -17.709
v -46.743 2.6894 -16.74
v -46.711 1.6073 -16.971
v -50.125 2.6392 -10.2
v -49.72 2.6063 -10.183
v -49.812 3.0026 -10.636
v -45.822 -8.6631 -20.092
v -45.497 -8.2832 -19.893
v -44.928 -9.1593 -19.75
v -44.989 -5.4017 -12.182
v -44.786 -6.3405 -12.464
v -44.989 -5.8992 -12.788
v -45.971 -7.1818 -19.838
v -45.497 -8.2832 -19.893
v -46.205 -8.0188 -20.151
v -46.615 -5.9898 -19.957
v -46.671 -7.171 -20.137
v -47.473 -6.0247 -20.084
v -49.362 6.1479 -14.485
v -49.483 6.1735 -15.14
v -49.846 6.1581 -14.555
v -46.797 -5.2355 -19.958
v -46.615 -5.9898 -19.957
v -47.473 -6.0247 -20.084
v -49.881 4.7995 -12.553
v -49.935 5.513 -13.555
v -50.293 4.9416 -12.98
v -51.015 1.4496 -17.716
v -51.065 0.40031 -16.984
v -51.192 1.1927 -16.243
v -51.065 0.40031 -16.984
v -51.015 1.4496 -17.716
v -50.791 0.11118 -18.005
v -37.268 -25.652 -20.228
v -37.069 -25.879 -20.134
v -37.821 -26.213 -19.977
v -46.248 -1.5883 -15.106
v -46.367 -0.62464 -14.678
v -46.202 -1.4801 -14.296
v -39.088 -18.277 -12.796
v -39.334 -17.772 -12.72
v -39.217 -17.74 -12.054
v -48.318 -2.8773 -19.926
v -49.144 -2.8923 -19.637
v -48.583 -1.3045 -19.833
v -46.711 1.6073 -16.971
v -46.692 1.7634 -15.993
v -46.571 0.68427 -16.511
v -39.088 -18.277 -12.796
v -38.583 -18.994 -12.461
v -38.705 -18.959 -13.179
v -49.144 -2.8923 -19.637
v -49.51 -0.35722 -19.54
v -48.583 -1.3045 -19.833
v -37.971 -23.952 -20.505
v -37.551 -24.556 -20.355
v -38.09 -25.279 -20.243
v -45.93 -2.6773 -13.953
v -46.016 -2.3491 -13.856
v -45.892 -2.7063 -13.573
v -38.655 -23.028 -20.36
v -37.971 -23.952 -20.505
v -39.241 -23.809 -20.334
v -41.827 -19.498 -4.3591
v -41.893 -19.588 -4.8152
v -41.222 -20.288 -4.0844
v -46.56 0.38733 -15.979
v -46.537 0.36289 -15.392
v -46.509 -0.051264 -15.83
v -41.893 -19.588 -4.8152
v -41.526 -20.229 -4.987
v -41.222 -20.288 -4.0844
v -37.464 -26.398 -19.728
v -37.16 -26.142 -19.089
v -37.624 -26.49 -18.598
v -45.804 -3.2726 -13.781
v -45.892 -2.7063 -13.573
v -45.812 -3.1585 -13.306
v -40.574 -19.163 -20.073
v -41.022 -17.565 -19.883
v -40.549 -18.079 -19.732
v -48.382 -4.5914 -5.3919
v -48.619 -3.8151 -5.6345
v -48.621 -4.4266 -6.1679
v -37.215 -24.526 -10.07
v -37.346 -24.458 -9.2238
v -37.669 -24.878 -9.7613
v -38.728 -24.236 -5.5046
v -39.215 -23.667 -5.6065
v -39.438 -23.62 -6.2137
v -37.505 -24.439 -8.388
v -37.831 -24.632 -7.9492
v -37.742 -24.726 -8.6597
v -38.728 -24.236 -5.5046
v -39.438 -23.62 -6.2137
v -39.064 -24.302 -6.5543
v -38.701 -24.485 -6.0429
v -38.728 -24.236 -5.5046
v -39.064 -24.302 -6.5543
v -37.821 -26.213 -19.977
v -37.069 -25.879 -20.134
v -37.464 -26.398 -19.728
v -38.633 -24.705 -6.7604
v -38.283 -24.676 -6.5334
v -38.532 -24.637 -6.2996
v -48.037 -6.0424 -5.6089
v -47.959 -5.725 -4.9462
v -48.215 -5.5429 -5.5852
v -42.63 -15.711 -20.116
v -41.975 -15.46 -19.623
v -41.572 -16.658 -19.858
v -47.657 -6.6454 -4.6767
v -47.959 -5.725 -4.9462
v -47.677 -6.9799 -5.1789
v -39.215 -23.667 -5.6065
v -39.664 -23.159 -5.7254
v -39.438 -23.62 -6.2137
v -47.418 -12.081 -12.059
v -47.119 -12.865 -12.067
v -47.059 -12.62 -11.366
v -37.279 -21.296 -12.463
v -37.359 -21.421 -13.787
v -37.602 -20.836 -12.864
v -37.279 -21.296 -12.463
v -36.995 -21.834 -13.575
v -37.359 -21.421 -13.787
v -35.502 -23.746 -14.261
v -35.478 -24.034 -14.308
v -35.603 -24.052 -15.292
v -46.811 -13.447 -11.787
v -47.059 -12.62 -11.366
v -47.119 -12.865 -12.067
v -41.641 -13.621 -11.281
v -40.897 -14.801 -10.719
v -41.311 -14.941 -12.366
v -49.643 0.0287 -7.4235
v -49.747 -0.25521 -7.6493
v -49.566 -0.57392 -6.995
v -49.599 -0.96529 -7.3961
v -49.566 -0.57392 -6.995
v -49.747 -0.25521 -7.6493
v -49.489 0.91997 -7.9487
v -49.731 1.3616 -8.3764
v -50.021 1.0928 -8.4438
v -42.653 -17.649 -3.4979
v -42.613 -18.246 -4.502
v -41.942 -18.803 -3.4964
v -42.613 -18.246 -4.502
v -42.069 -18.928 -4.03
v -41.942 -18.803 -3.4964
v -49.824 0.35214 -7.9048
v -49.489 0.91997 -7.9487
v -50.021 1.0928 -8.4438
v -40.429 -16.054 -11.55
v -41.311 -14.941 -12.366
v -40.385 -15.714 -10.601
v -43.789 -9.0287 -11.936
v -43.45 -9.6976 -11.511
v -43.524 -9.9397 -12.262
v -35.596 -24.261 -14.198
v -35.665 -24.359 -14.634
v -35.478 -24.034 -14.308
v -45.804 -3.2726 -13.781
v -45.812 -3.1585 -13.306
v -45.573 -4.0022 -13.33
v -42.652 -14.839 -19.872
v -41.975 -15.46 -19.623
v -42.63 -15.711 -20.116
v -38.369 -19.576 -13.365
v -38.705 -18.959 -13.179
v -38.282 -19.605 -12.798
v -41.02 -20.935 -4.9728
v -40.623 -21.653 -5.1872
v -40.558 -21.438 -4.5851
v -42.475 -21.457 -12.182
v -42.487 -21.6 -13.07
v -42.203 -21.964 -12.633
v -38.034 -20.166 -13.3
v -37.905 -20.328 -12.464
v -37.902 -20.426 -13.6
v -46.248 -1.5883 -15.106
v -46.333 -1.1516 -15.384
v -46.367 -0.62464 -14.678
v -46.325 -10.127 -3.9501
v -46.689 -9.275 -4.3141
v -46.555 -10.045 -4.766
v -42.119 -13.044 -12.069
v -42.191 -12.603 -11.664
v -41.86 -13.096 -11.409
v -42.978 -20.685 -12.44
v -42.487 -21.6 -13.07
v -42.475 -21.457 -12.182
v -49.846 6.1581 -14.555
v -49.483 6.1735 -15.14
v -50.143 6.1587 -14.888
v -37.602 -20.836 -12.864
v -37.902 -20.426 -13.6
v -37.905 -20.328 -12.464
v -41.971 -13.449 -12.23
v -42.119 -13.044 -12.069
v -41.86 -13.096 -11.409
v -49.846 6.1581 -14.555
v -50.13 6.0511 -14.179
v -49.779 6.111 -14.087
v -43.112 -12.917 -19.469
v -43.047 -13.618 -19.656
v -43.705 -13.549 -20.062
v -41.86 -13.096 -11.409
v -41.641 -13.621 -11.281
v -41.971 -13.449 -12.23
v -46.092 -11.037 -4.4031
v -46.065 -10.887 -4.0227
v -46.266 -10.487 -4.3202
v -45.878 -11.504 -4.2348
v -46.065 -10.887 -4.0227
v -46.092 -11.037 -4.4031
v -38.532 -24.637 -6.2996
v -38.701 -24.485 -6.0429
v -39.064 -24.302 -6.5543
v -44.786 -6.3405 -12.464
v -44.554 -6.6783 -11.898
v -44.507 -7.0371 -12.093
v -37.602 -20.836 -12.864
v -37.359 -21.421 -13.787
v -37.717 -20.849 -13.956
v -40.262 -22.203 -5.3701
v -40.027 -22.923 -6.2485
v -39.679 -22.849 -5.0724
v -40.027 -22.923 -6.2485
v -39.664 -23.159 -5.7254
v -39.679 -22.849 -5.0724
v -49.509 4.359 -12.073
v -49.881 4.7995 -12.553
v -50.246 3.902 -11.894
v -49.81 3.7459 -11.792
v -49.509 4.359 -12.073
v -50.246 3.902 -11.894
v -35.596 -24.261 -14.198
v -35.666 -24.096 -13.536
v -36.053 -24.537 -14.197
v -36.71 -24.521 -12.089
v -36.465 -24.541 -12.556
v -36.147 -23.926 -11.96
v -46.05 -2.2328 -14.445
v -46.202 -1.4801 -14.296
v -46.117 -1.7163 -13.861
v -35.81 -24.06 -12.966
v -36.147 -23.926 -11.96
v -36.465 -24.541 -12.556
v -38.589 -24.897 -7.2006
v -38.283 -24.676 -6.5334
v -38.633 -24.705 -6.7604
v -38.254 -24.879 -7.2856
v -38.283 -24.676 -6.5334
v -38.589 -24.897 -7.2006
v -45.629 -12.102 -4.0582
v -45.739 -11.506 -3.6996
v -45.878 -11.504 -4.2348
v -36.648 -24.281 -11.411
v -37.09 -24.5 -10.638
v -37.035 -24.72 -11.42
v -46.016 -2.3491 -13.856
v -46.05 -2.2328 -14.445
v -46.117 -1.7163 -13.861
v -38.633 -24.705 -6.7604
v -38.532 -24.637 -6.2996
v -39.064 -24.302 -6.5543
v -49.643 0.0287 -7.4235
v -49.902 -0.11436 -8.2556
v -49.747 -0.25521 -7.6493
v -49.915 1.8747 -9.2902
v -49.504 2.3047 -9.7818
v -50.125 2.6392 -10.2
v -45.804 -3.2726 -13.781
v -45.93 -2.6773 -13.953
v -45.892 -2.7063 -13.573
v -49.01 -2.9224 -6.3708
v -48.982 -2.5654 -6.1268
v -49.209 -2.4035 -6.7156
v -42.069 -18.928 -4.03
v -42.134 -19.192 -4.9874
v -41.827 -19.498 -4.3591
v -47.959 -5.725 -4.9462
v -48.037 -6.0424 -5.6089
v -47.677 -6.9799 -5.1789
v -48.111 -5.119 -5.0295
v -48.215 -5.5429 -5.5852
v -47.959 -5.725 -4.9462
v -49.268 -1.8412 -6.5534
v -49.413 -1.0388 -6.729
v -49.478 -1.5695 -7.1939
v -47.26 -8.0953 -4.8222
v -47.338 -7.3243 -4.325
v -47.677 -6.9799 -5.1789
v -46.509 -0.051264 -15.83
v -46.537 0.36289 -15.392
v -46.434 -0.43644 -15.481
v -41.285 -23.416 -13.41
v -41.318 -23.504 -14.094
v -40.949 -23.866 -13.684
v -47.002 -8.8658 -4.7867
v -46.99 -8.4546 -4.2706
v -47.26 -8.0953 -4.8222
v -43.524 -9.9397 -12.262
v -43.149 -10.425 -11.63
v -43.217 -10.739 -12.588
v -46.827 -9.3475 -4.8829
v -46.689 -9.275 -4.3141
v -47.002 -8.8658 -4.7867
v -41.066 -20.675 -4.5355
v -41.526 -20.229 -4.987
v -41.02 -20.935 -4.9728
v -46.763 2.2222 -17.709
v -46.711 1.6073 -16.971
v -46.667 1.4816 -17.657
v -46.555 -10.045 -4.766
v -46.689 -9.275 -4.3141
v -46.827 -9.3475 -4.8829
v -46.325 -10.127 -3.9501
v -46.555 -10.045 -4.766
v -46.266 -10.487 -4.3202
v -43.149 -10.425 -11.63
v -42.8 -11.079 -11.218
v -42.97 -11.218 -12.13
v -45.066 -10.754 -20.065
v -45.115 -9.9441 -20.016
v -44.495 -10.801 -19.818
v -48.796 -3.5221 -6.0207
v -49.01 -2.9224 -6.3708
v -49.004 -3.452 -6.7486
v -49.361 6.1873 -16.276
v -49.483 6.1735 -15.14
v -48.804 6.1781 -15.961
v -44.632 -7.0924 -12.851
v -44.786 -6.3405 -12.464
v -44.507 -7.0371 -12.093
v -48.796 -3.5221 -6.0207
v -48.621 -4.4266 -6.1679
v -48.619 -3.8151 -5.6345
v -46.333 -1.1516 -15.384
v -46.434 -0.43644 -15.481
v -46.367 -0.62464 -14.678
v -44.882 -13.445 -3.6599
v -45.346 -12.606 -3.8618
v -45.194 -13.23 -4.2468
v -48.382 -4.5914 -5.3919
v -48.408 -5.2036 -6.0385
v -48.111 -5.119 -5.0295
v -48.215 -5.5429 -5.5852
v -48.111 -5.119 -5.0295
v -48.408 -5.2036 -6.0385
v -50.433 5.3279 -13.599
v -50.293 4.9416 -12.98
v -49.935 5.513 -13.555
v -42.8 -11.079 -11.218
v -42.763 -11.578 -11.83
v -42.97 -11.218 -12.13
v -42.134 -19.192 -4.9874
v -41.893 -19.588 -4.8152
v -41.827 -19.498 -4.3591
v -42.487 -21.6 -13.07
v -42.07 -22.31 -13.236
v -42.203 -21.964 -12.633
v -44.45 -18.382 -12.593
v -44.067 -18.761 -11.878
v -44.713 -17.664 -11.785
v -45.93 -2.6773 -13.953
v -46.05 -2.2328 -14.445
v -46.016 -2.3491 -13.856
v -45.93 -2.6773 -13.953
v -45.804 -3.2726 -13.781
v -45.933 -2.9722 -14.369
v -37.035 -24.72 -11.42
v -37.09 -24.5 -10.638
v -37.405 -25.137 -11.173
v -36.995 -21.834 -13.575
v -36.853 -22.093 -14.122
v -37.359 -21.421 -13.787
v -36.428 -24.722 -13.429
v -36.053 -24.537 -14.197
v -35.666 -24.096 -13.536
v -35.666 -24.096 -13.536
v -35.81 -24.06 -12.966
v -36.428 -24.722 -13.429
v -36.458 -22.614 -14.374
v -35.891 -23.261 -13.993
v -36.03 -23.301 -15.742
v -48.096 6.4154 -18.64
v -47.858 6.2327 -18.933
v -48.522 6.1535 -19.303
v -44.481 -14.062 -3.4175
v -44.862 -13.944 -4.156
v -44.137 -15.267 -4.1239
v -47.667 4.161 -18.988
v -47.858 6.2327 -18.933
v -47.134 5.1802 -18.276
v -35.891 -23.261 -13.993
v -35.502 -23.746 -14.261
v -36.03 -23.301 -15.742
v -43.268 -17.465 -5.1084
v -42.613 -18.246 -4.502
v -42.653 -17.649 -3.4979
v -43.369 -16.486 -3.7049
v -43.268 -17.465 -5.1084
v -42.653 -17.649 -3.4979
v -38.713 -26.904 -16.294
v -38.647 -26.851 -15.662
v -38.94 -26.729 -16.037
v -35.603 -24.052 -15.292
v -35.478 -24.034 -14.308
v -35.665 -24.359 -14.634
v -50.443 0.28166 -18.723
v -50.674 0.91406 -18.379
v -50.556 1.6295 -18.681
v -50.2 1.4467 -9.0385
v -50.021 1.0928 -8.4438
v -49.731 1.3616 -8.3764
v -47.46 -11.758 -11.544
v -47.753 -11.022 -11.496
v -47.742 -11.398 -12.363
v -49.824 0.35214 -7.9048
v -50.021 1.0928 -8.4438
v -50.044 0.70649 -8.4435
v -42.069 -18.928 -4.03
v -42.613 -18.246 -4.502
v -42.134 -19.192 -4.9874
v -41.311 -14.941 -12.366
v -41.971 -13.449 -12.23
v -41.641 -13.621 -11.281
v -49.824 0.35214 -7.9048
v -49.902 -0.11436 -8.2556
v -49.643 0.0287 -7.4235
v -49.731 1.3616 -8.3764
v -49.915 1.8747 -9.2902
v -50.2 1.4467 -9.0385
v -39.217 -17.74 -12.054
v -39.334 -17.772 -12.72
v -40.14 -16.597 -12.604
v -38.148 -26.823 -16.659
v -38.33 -26.892 -16.289
v -38.733 -26.974 -16.962
v -48.883 -8.2521 -12.515
v -49.044 -7.5248 -12.201
v -49.19 -7.4961 -13.118
v -50.087 3.4569 -11.186
v -50.475 3.113 -10.819
v -49.812 3.0026 -10.636
v -49.748 6.1602 -16.95
v -49.361 6.1873 -16.276
v -48.639 6.194 -17.011
v -45.196 -5.182 -13.015
v -44.989 -5.8992 -12.788
v -45.035 -6.0511 -13.622
v -49.902 -0.11436 -8.2556
v -49.824 0.35214 -7.9048
v -50.044 0.70649 -8.4435
v -44.866 -6.7533 -13.365
v -44.989 -5.8992 -12.788
v -44.786 -6.3405 -12.464
v -43.842 -19.323 -12.159
v -43.455 -19.916 -12.162
v -43.465 -19.751 -11.682
v -44.632 -7.0924 -12.851
v -44.866 -6.7533 -13.365
v -44.786 -6.3405 -12.464
v -46.571 0.88659 -17.351
v -46.711 1.6073 -16.971
v -46.571 0.68427 -16.511
v -46.285 -10.871 -4.7875
v -46.266 -10.487 -4.3202
v -46.555 -10.045 -4.766
v -39.088 -18.277 -12.796
v -38.705 -18.959 -13.179
v -38.94 -18.622 -13.428
v -46.609 0.67857 -17.055
v -46.571 0.88659 -17.351
v -46.571 0.68427 -16.511
v -50.13 6.0511 -14.179
v -49.846 6.1581 -14.555
v -50.292 6.1652 -14.431
v -44.632 -7.0924 -12.851
v -44.507 -7.0371 -12.093
v -44.369 -7.6329 -12.209
v -37.624 -26.49 -18.598
v -37.841 -26.566 -17.576
v -38.022 -26.801 -17.78
v -50.203 6.1682 -16.119
v -49.483 6.1735 -15.14
v -49.361 6.1873 -16.276
v -43.437 -20.155 -12.708
v -42.978 -20.685 -12.44
v -43.455 -19.916 -12.162
v -37.602 -20.836 -12.864
v -37.717 -20.849 -13.956
v -37.902 -20.426 -13.6
v -45.629 -12.102 -4.0582
v -45.52 -12.55 -4.493
v -45.346 -12.606 -3.8618
v -44.108 -8.4864 -12.503
v -44.369 -7.6329 -12.209
v -44.09 -8.1911 -11.753
v -43.965 -8.6116 -12.089
v -44.108 -8.4864 -12.503
v -44.09 -8.1911 -11.753
v -43.789 -9.0287 -11.936
v -44.108 -8.4864 -12.503
v -43.965 -8.6116 -12.089
v -46.05 -2.2328 -14.445
v -46.248 -1.5883 -15.106
v -46.202 -1.4801 -14.296
v -35.81 -24.06 -12.966
v -36.465 -24.541 -12.556
v -36.428 -24.722 -13.429
v -44.713 -17.664 -11.785
v -44.984 -16.982 -11.245
v -45.244 -16.577 -11.638
v -37.742 -24.726 -8.6597
v -38.062 -25.1 -9.0893
v -37.346 -24.458 -9.2238
v -45.93 -2.6773 -13.953
v -45.933 -2.9722 -14.369
v -46.05 -2.2328 -14.445
v -37.831 -24.632 -7.9492
v -38.254 -24.879 -7.2856
v -38.456 -25.095 -7.8179
v -45.493 -16.014 -11.507
v -45.828 -15.303 -11.257
v -45.723 -15.806 -12.158
v -49.599 -0.96529 -7.3961
v -49.478 -1.5695 -7.1939
v -49.413 -1.0388 -6.729
v -49.19 -7.4961 -13.118
v -49.278 -6.7291 -12.102
v -49.612 -5.9017 -12.855
v -45.486 -4.6649 -13.818
v -45.804 -3.2726 -13.781
v -45.573 -4.0022 -13.33
v -45.194 -13.23 -4.2468
v -44.862 -13.944 -4.156
v -44.882 -13.445 -3.6599
v -49.478 -1.5695 -7.1939
v -49.209 -2.4035 -6.7156
v -49.268 -1.8412 -6.5534
v -46.411 -14.354 -11.874
v -46.188 -14.699 -11.569
v -46.262 -14.406 -11.228
v -48.621 -4.4266 -6.1679
v -48.408 -5.2036 -6.0385
v -48.382 -4.5914 -5.3919
v -48.621 -4.4266 -6.1679
v -48.796 -3.5221 -6.0207
v -48.801 -3.9527 -6.5542
v -46.56 0.38733 -15.979
v -46.509 -0.051264 -15.83
v -46.45 -0.36107 -16.616
v -49.707 5.7948 -13.667
v -50.13 6.0511 -14.179
v -49.935 5.513 -13.555
v -48.671 6.2229 -17.659
v -49.29 6.1923 -17.656
v -48.639 6.194 -17.011
v -49.29 6.1923 -17.656
v -49.748 6.1602 -16.95
v -48.639 6.194 -17.011
v -50.125 2.6392 -10.2
v -49.812 3.0026 -10.636
v -50.475 3.113 -10.819
v -35.742 -24.354 -15.087
v -35.603 -24.052 -15.292
v -35.665 -24.359 -14.634
v -46.05 -2.2328 -14.445
v -46.133 -2.2274 -15.118
v -46.248 -1.5883 -15.106
v -42.503 -12.28 -12.345
v -42.763 -11.578 -11.83
v -42.504 -12.048 -11.74
v -46.05 -2.2328 -14.445
v -46.01 -2.5475 -14.669
v -46.133 -2.2274 -15.118
v -45.486 -4.6649 -13.818
v -45.384 -4.6978 -13.1
v -45.281 -5.3829 -13.752
v -42.504 -12.048 -11.74
v -42.191 -12.603 -11.664
v -42.503 -12.28 -12.345
v -46.571 0.88659 -17.351
v -46.667 1.4816 -17.657
v -46.711 1.6073 -16.971
v -46.01 -2.5475 -14.669
v -46.05 -2.2328 -14.445
v -45.933 -2.9722 -14.369
v -46.51 -13.853 -11.112
v -46.411 -14.354 -11.874
v -46.262 -14.406 -11.228
v -42.119 -13.044 -12.069
v -42.503 -12.28 -12.345
v -42.191 -12.603 -11.664
v -46.45 -0.36107 -16.616
v -46.571 0.68427 -16.511
v -46.56 0.38733 -15.979
v -50.292 6.1652 -14.431
v -49.846 6.1581 -14.555
v -50.143 6.1587 -14.888
v -38.159 -20.077 -14.093
v -38.369 -19.576 -13.365
v -38.034 -20.166 -13.3
v -45.384 -4.6978 -13.1
v -45.196 -5.182 -13.015
v -45.281 -5.3829 -13.752
v -39.255 -26.156 -14.64
v -39.308 -26.185 -15.5
v -38.867 -26.684 -15.117
v -39.607 -25.761 -14.827
v -39.308 -26.185 -15.5
v -39.255 -26.156 -14.64
v -39.088 -18.277 -12.796
v -38.94 -18.622 -13.428
v -39.208 -18.273 -13.505
v -44.271 -11.599 -19.86
v -44.495 -10.801 -19.818
v -44.101 -10.828 -19.526
v -44.108 -8.4864 -12.503
v -44.341 -7.9523 -12.754
v -44.369 -7.6329 -12.209
v -37.56 -21.088 -14.21
v -37.717 -20.849 -13.956
v -37.359 -21.421 -13.787
v -37.359 -21.421 -13.787
v -36.853 -22.093 -14.122
v -37.264 -21.477 -14.491
v -39.607 -25.761 -14.827
v -39.936 -25.244 -14.056
v -39.96 -25.317 -14.664
v -44.495 -10.801 -19.818
v -45.115 -9.9441 -20.016
v -44.575 -9.7475 -19.603
v -37.035 -24.72 -11.42
v -36.71 -24.521 -12.089
v -36.648 -24.281 -11.411
v -49.209 -2.4035 -6.7156
v -49.233 -2.9284 -7.1801
v -49.01 -2.9224 -6.3708
v -46.811 -13.447 -11.787
v -46.411 -14.354 -11.874
v -46.51 -13.853 -11.112
v -43.217 -10.739 -12.588
v -43.149 -10.425 -11.63
v -42.97 -11.218 -12.13
v -39.96 -25.317 -14.664
v -39.936 -25.244 -14.056
v -40.235 -24.96 -14.535
v -48.215 -5.5429 -5.5852
v -48.408 -5.2036 -6.0385
v -48.278 -5.7474 -6.1302
v -48.796 -3.5221 -6.0207
v -49.004 -3.452 -6.7486
v -48.801 -3.9527 -6.5542
v -48.037 -6.0424 -5.6089
v -47.954 -6.5082 -5.6591
v -47.677 -6.9799 -5.1789
v -41.33 -23.192 -12.746
v -41.683 -22.857 -13.331
v -41.285 -23.416 -13.41
v -46.092 -11.037 -4.4031
v -45.926 -11.728 -4.7674
v -45.878 -11.504 -4.2348
v -47.677 -6.9799 -5.1789
v -47.497 -7.8449 -5.4375
v -47.26 -8.0953 -4.8222
v -40.612 -24.417 -14.144
v -40.235 -24.96 -14.535
v -39.936 -25.244 -14.056
v -41.02 -20.935 -4.9728
v -41.526 -20.229 -4.987
v -41.638 -20.359 -5.6822
v -45.194 -13.23 -4.2468
v -45.346 -12.606 -3.8618
v -45.52 -12.55 -4.493
v -46.285 -10.871 -4.7875
v -46.092 -11.037 -4.4031
v -46.266 -10.487 -4.3202
v -45.629 -12.102 -4.0582
v -45.878 -11.504 -4.2348
v -45.52 -12.55 -4.493
v -42.009 -19.705 -5.6463
v -41.526 -20.229 -4.987
v -41.893 -19.588 -4.8152
v -41.119 -21.163 -5.6934
v -40.776 -21.789 -6.0594
v -40.623 -21.653 -5.1872
v -41.02 -20.935 -4.9728
v -41.119 -21.163 -5.6934
v -40.623 -21.653 -5.1872
v -40.262 -22.203 -5.3701
v -40.623 -21.653 -5.1872
v -40.776 -21.789 -6.0594
v -40.412 -22.276 -6.0457
v -40.262 -22.203 -5.3701
v -40.776 -21.789 -6.0594
v -40.412 -22.276 -6.0457
v -40.027 -22.923 -6.2485
v -40.262 -22.203 -5.3701
v -39.438 -23.62 -6.2137
v -39.469 -23.824 -6.8369
v -39.064 -24.302 -6.5543
v -38.633 -24.705 -6.7604
v -39.064 -24.302 -6.5543
v -38.863 -24.8 -7.408
v -50.137 -4.4394 -14.115
v -50.286 -3.5696 -13.834
v -50.304 -3.7952 -14.359
v -48.096 6.4154 -18.64
v -48.522 6.1535 -19.303
v -48.594 6.3201 -18.729
v -49.915 1.8747 -9.2902
v -50.125 2.6392 -10.2
v -50.244 2.3587 -9.9374
v -50.295 1.6787 -9.3945
v -49.915 1.8747 -9.2902
v -50.244 2.3587 -9.9374
v -35.502 -23.746 -14.261
v -35.603 -24.052 -15.292
v -35.632 -23.849 -15.778
v -51.015 1.4496 -17.716
v -50.674 0.91406 -18.379
v -50.791 0.11118 -18.005
v -50.2 1.4467 -9.0385
v -49.915 1.8747 -9.2902
v -50.295 1.6787 -9.3945
v -47.134 5.1802 -18.276
v -47.051 3.9177 -18.31
v -47.667 4.161 -18.988
v -35.502 -23.746 -14.261
v -35.632 -23.849 -15.778
v -36.03 -23.301 -15.742
v -50.021 1.0928 -8.4438
v -50.2 1.4467 -9.0385
v -50.044 0.70649 -8.4435
v -45.486 -4.6649 -13.818
v -45.573 -4.0022 -13.33
v -45.384 -4.6978 -13.1
v -41.683 -22.857 -13.331
v -41.792 -22.563 -12.754
v -42.07 -22.31 -13.236
v -39.334 -17.772 -12.72
v -39.088 -18.277 -12.796
v -39.208 -18.273 -13.505
v -36.458 -22.614 -14.374
v -36.691 -22.416 -15.135
v -36.853 -22.093 -14.122
v -49.978 -0.034812 -8.818
v -50.044 0.70649 -8.4435
v -50.16 0.60003 -9.1197
v -42.938 -11.454 -12.606
v -42.97 -11.218 -12.13
v -42.763 -11.578 -11.83
v -49.978 -0.034812 -8.818
v -49.902 -0.11436 -8.2556
v -50.044 0.70649 -8.4435
v -42.503 -12.28 -12.345
v -42.938 -11.454 -12.606
v -42.763 -11.578 -11.83
v -45.035 -6.0511 -13.622
v -45.281 -5.3829 -13.752
v -45.196 -5.182 -13.015
v -46.667 1.4816 -17.657
v -46.571 0.88659 -17.351
v -46.648 0.92084 -17.889
v -38.867 -26.684 -15.117
v -38.94 -26.729 -16.037
v -38.647 -26.851 -15.662
v -49.599 -0.96529 -7.3961
v -49.747 -0.25521 -7.6493
v -49.756 -0.92136 -8.2853
v -36.437 -22.705 -15.599
v -36.691 -22.416 -15.135
v -36.458 -22.614 -14.374
v -46.555 -10.045 -4.766
v -46.469 -10.651 -5.1796
v -46.285 -10.871 -4.7875
v -38.33 -26.892 -16.289
v -38.647 -26.851 -15.662
v -38.713 -26.904 -16.294
v -46.509 -0.051264 -15.83
v -46.434 -0.43644 -15.481
v -46.396 -0.91822 -16.09
v -35.665 -24.359 -14.634
v -35.596 -24.261 -14.198
v -36.053 -24.537 -14.197
v -44.369 -7.6329 -12.209
v -44.423 -7.8625 -13.154
v -44.632 -7.0924 -12.851
v -44.341 -7.9523 -12.754
v -44.423 -7.8625 -13.154
v -44.369 -7.6329 -12.209
v -46.333 -1.1516 -15.384
v -46.396 -0.91822 -16.09
v -46.434 -0.43644 -15.481
v -43.789 -9.0287 -11.936
v -43.524 -9.9397 -12.262
v -43.827 -9.4079 -12.743
v -37.902 -20.426 -13.6
v -38.159 -20.077 -14.093
v -38.034 -20.166 -13.3
v -45.926 -11.728 -4.7674
v -45.52 -12.55 -4.493
v -45.878 -11.504 -4.2348
v -37.717 -20.849 -13.956
v -38.159 -20.077 -14.093
v -37.902 -20.426 -13.6
v -49.881 4.7995 -12.553
v -50.472 4.1761 -12.237
v -50.246 3.902 -11.894
v -38.022 -26.801 -17.78
v -37.869 -26.501 -17.028
v -38.35 -27.007 -17.056
v -37.56 -21.088 -14.21
v -37.359 -21.421 -13.787
v -37.264 -21.477 -14.491
v -46.571 0.68427 -16.511
v -46.45 -0.36107 -16.616
v -46.522 0.035796 -16.929
v -37.405 -25.137 -11.173
v -37.09 -24.5 -10.638
v -37.572 -25.042 -10.439
v -37.09 -24.5 -10.638
v -37.215 -24.526 -10.07
v -37.572 -25.042 -10.439
v -42.134 -19.192 -4.9874
v -42.009 -19.705 -5.6463
v -41.893 -19.588 -4.8152
v -46.671 -7.171 -20.137
v -46.615 -5.9898 -19.957
v -45.966 -6.197 -19.633
v -45.966 -6.197 -19.633
v -45.971 -7.1818 -19.838
v -46.671 -7.171 -20.137
v -45.917 -3.1154 -14.809
v -45.933 -2.9722 -14.369
v -45.804 -3.2726 -13.781
v -43.827 -9.4079 -12.743
v -44.079 -8.8339 -12.833
v -43.789 -9.0287 -11.936
v -49.209 -2.4035 -6.7156
v -49.478 -1.5695 -7.1939
v -49.453 -1.9207 -7.5925
v -43.789 -9.0287 -11.936
v -44.079 -8.8339 -12.833
v -44.108 -8.4864 -12.503
v -41.638 -20.359 -5.6822
v -41.119 -21.163 -5.6934
v -41.02 -20.935 -4.9728
v -48.215 -5.5429 -5.5852
v -48.278 -5.7474 -6.1302
v -48.037 -6.0424 -5.6089
v -39.438 -23.62 -6.2137
v -39.664 -23.159 -5.7254
v -40.027 -22.923 -6.2485
v -43.112 -12.917 -19.469
v -43.705 -13.549 -20.062
v -43.781 -12.197 -19.746
v -38.254 -24.879 -7.2856
v -38.589 -24.897 -7.2006
v -38.456 -25.095 -7.8179
v -38.589 -24.897 -7.2006
v -38.633 -24.705 -6.7604
v -38.863 -24.8 -7.408
v -47.954 -6.5082 -5.6591
v -47.762 -7.2269 -5.771
v -47.677 -6.9799 -5.1789
v -50.556 1.6295 -18.681
v -49.756 1.8295 -19.422
v -50.443 0.28166 -18.723
v -39.199 -22.144 -20.423
v -39.643 -21.27 -20.354
v -38.882 -21.264 -19.995
v -36.853 -22.093 -14.122
v -37.171 -21.704 -15.013
v -37.264 -21.477 -14.491
v -46.333 -1.1516 -15.384
v -46.324 -1.2579 -15.975
v -46.396 -0.91822 -16.09
v -39.425 -20.396 -19.959
v -39.643 -21.27 -20.354
v -40.014 -20.593 -20.321
v -40.014 -20.593 -20.321
v -40.25 -19.677 -20.118
v -39.33 -19.781 -19.526
v -38.705 -18.959 -13.179
v -38.369 -19.576 -13.365
v -38.855 -18.997 -14.088
v -46.266 -1.6405 -15.648
v -46.333 -1.1516 -15.384
v -46.248 -1.5883 -15.106
v -38.507 -19.486 -13.982
v -38.855 -18.997 -14.088
v -38.369 -19.576 -13.365
v -42.938 -11.454 -12.606
v -43.217 -10.739 -12.588
v -42.97 -11.218 -12.13
v -37.551 -24.556 -20.355
v -37.268 -25.652 -20.228
v -38.09 -25.279 -20.243
v -44.989 -5.8992 -12.788
v -44.866 -6.7533 -13.365
v -45.035 -6.0511 -13.622
v -41.572 -16.658 -19.858
v -41.022 -17.565 -19.883
v -41.753 -17.071 -20.154
v -49.902 -0.11436 -8.2556
v -49.756 -0.92136 -8.2853
v -49.747 -0.25521 -7.6493
v -44.68 -7.3342 -13.348
v -44.866 -6.7533 -13.365
v -44.632 -7.0924 -12.851
v -45.917 -3.1154 -14.809
v -46.133 -2.2274 -15.118
v -46.01 -2.5475 -14.669
v -45.933 -2.9722 -14.369
v -45.917 -3.1154 -14.809
v -46.01 -2.5475 -14.669
v -38.159 -20.077 -14.093
v -38.507 -19.486 -13.982
v -38.369 -19.576 -13.365
v -40.31 -24.721 -13.731
v -40.561 -24.316 -13.36
v -40.612 -24.417 -14.144
v -49.483 6.1735 -15.14
v -50.203 6.1682 -16.119
v -50.143 6.1587 -14.888
v -42.978 -20.685 -12.44
v -42.475 -21.457 -12.182
v -42.714 -21.005 -11.898
v -47.497 -7.8449 -5.4375
v -47.346 -8.7025 -5.8341
v -47.26 -8.0953 -4.8222
v -49.667 -1.3976 -8.1647
v -49.599 -0.96529 -7.3961
v -49.756 -0.92136 -8.2853
v -49.935 5.513 -13.555
v -50.13 6.0511 -14.179
v -50.863 5.6011 -13.979
v -50.433 5.3279 -13.599
v -49.935 5.513 -13.555
v -50.863 5.6011 -13.979
v -49.478 -1.5695 -7.1939
v -49.599 -0.96529 -7.3961
v -49.667 -1.3976 -8.1647
v -46.522 0.035796 -16.929
v -46.609 0.67857 -17.055
v -46.571 0.68427 -16.511
v -38.855 -18.997 -14.088
v -39.132 -18.545 -13.896
v -38.94 -18.622 -13.428
v -38.94 -18.622 -13.428
v -38.705 -18.959 -13.179
v -38.855 -18.997 -14.088
v -39.936 -25.244 -14.056
v -39.607 -25.761 -14.827
v -39.486 -25.794 -14.193
v -39.936 -25.244 -14.056
v -40.31 -24.721 -13.731
v -40.612 -24.417 -14.144
v -50.087 3.4569 -11.186
v -49.81 3.7459 -11.792
v -50.246 3.902 -11.894
v -41.792 -22.563 -12.754
v -42.203 -21.964 -12.633
v -42.07 -22.31 -13.236
v -40.561 -24.316 -13.36
v -40.949 -23.866 -13.684
v -40.612 -24.417 -14.144
v -49.004 -3.452 -6.7486
v -49.01 -2.9224 -6.3708
v -49.233 -2.9284 -7.1801
v -40.027 -22.923 -6.2485
v -39.469 -23.824 -6.8369
v -39.438 -23.62 -6.2137
v -45.926 -11.728 -4.7674
v -46.092 -11.037 -4.4031
v -46.285 -10.871 -4.7875
v -37.56 -21.088 -14.21
v -37.264 -21.477 -14.491
v -37.662 -20.964 -14.834
v -45.613 -12.756 -5.1373
v -45.194 -13.23 -4.2468
v -45.52 -12.55 -4.493
v -41.971 -13.449 -12.23
v -42.291 -12.975 -12.862
v -42.119 -13.044 -12.069
v -42.119 -13.044 -12.069
v -42.291 -12.975 -12.862
v -42.503 -12.28 -12.345
v -48.621 -4.4266 -6.1679
v -48.641 -5.0722 -6.8629
v -48.408 -5.2036 -6.0385
v -37.669 -24.878 -9.7613
v -37.346 -24.458 -9.2238
v -38.062 -25.1 -9.0893
v -41.285 -23.416 -13.41
v -40.949 -23.866 -13.684
v -40.992 -23.684 -12.984
v -38.94 -18.622 -13.428
v -39.132 -18.545 -13.896
v -39.208 -18.273 -13.505
v -41.526 -20.229 -4.987
v -42.009 -19.705 -5.6463
v -41.638 -20.359 -5.6822
v -48.278 -5.7474 -6.1302
v -47.954 -6.5082 -5.6591
v -48.037 -6.0424 -5.6089
v -47.677 -6.9799 -5.1789
v -47.762 -7.2269 -5.771
v -47.497 -7.8449 -5.4375
v -47.954 -6.5082 -5.6591
v -48.045 -6.5705 -6.2014
v -47.762 -7.2269 -5.771
v -48.594 6.3201 -18.729
v -48.522 6.1535 -19.303
v -48.819 6.3289 -19.232
v -45.486 -4.6649 -13.818
v -45.917 -3.1154 -14.809
v -45.804 -3.2726 -13.781
v -42.652 -14.839 -19.872
v -43.276 -14.165 -20.013
v -43.047 -13.618 -19.656
v -50.459 2.2559 -10.088
v -50.125 2.6392 -10.2
v -50.475 3.113 -10.819
v -36.03 -23.301 -15.742
v -36.437 -22.705 -15.599
v -36.458 -22.614 -14.374
v -50.244 2.3587 -9.9374
v -50.125 2.6392 -10.2
v -50.459 2.2559 -10.088
v -50.295 1.6787 -9.3945
v -50.244 2.3587 -9.9374
v -50.459 2.2559 -10.088
v -47.667 4.161 -18.988
v -47.051 3.9177 -18.31
v -46.936 3.1875 -18.168
v -46.763 2.2222 -17.709
v -46.883 1.1919 -18.514
v -46.936 3.1875 -18.168
v -50.2 1.4467 -9.0385
v -50.16 0.60003 -9.1197
v -50.044 0.70649 -8.4435
v -46.667 1.4816 -17.657
v -46.883 1.1919 -18.514
v -46.763 2.2222 -17.709
v -41.311 -14.941 -12.366
v -40.429 -16.054 -11.55
v -40.14 -16.597 -12.604
v -43.268 -17.465 -5.1084
v -43.369 -16.486 -3.7049
v -43.976 -16.315 -5.4463
v -40.14 -16.597 -12.604
v -39.334 -17.772 -12.72
v -40.029 -17.127 -13.653
v -39.208 -18.273 -13.505
v -40.029 -17.127 -13.653
v -39.334 -17.772 -12.72
v -44.137 -15.267 -4.1239
v -43.976 -16.315 -5.4463
v -43.369 -16.486 -3.7049
v -42.613 -18.246 -4.502
v -43.268 -17.465 -5.1084
v -42.134 -19.192 -4.9874
v -49.29 6.1923 -17.656
v -48.671 6.2229 -17.659
v -48.864 6.2137 -18.425
v -42.938 -11.454 -12.606
v -42.503 -12.28 -12.345
v -42.927 -11.781 -13.114
v -47.002 -8.8658 -4.7867
v -47.26 -8.0953 -4.8222
v -47.346 -8.7025 -5.8341
v -46.648 0.92084 -17.889
v -46.571 0.88659 -17.351
v -46.511 0.41895 -17.514
v -46.511 0.41895 -17.514
v -46.571 0.88659 -17.351
v -46.609 0.67857 -17.055
v -47.002 -8.8658 -4.7867
v -47.114 -9.134 -5.5238
v -46.827 -9.3475 -4.8829
v -43.53 -10.277 -12.899
v -43.827 -9.4079 -12.743
v -43.524 -9.9397 -12.262
v -46.522 0.035796 -16.929
v -46.511 0.41895 -17.514
v -46.609 0.67857 -17.055
v -43.217 -10.739 -12.588
v -43.53 -10.277 -12.899
v -43.524 -9.9397 -12.262
v -44.68 -7.3342 -13.348
v -44.632 -7.0924 -12.851
v -44.423 -7.8625 -13.154
v -46.413 -0.69567 -16.471
v -46.45 -0.36107 -16.616
v -46.509 -0.051264 -15.83
v -46.413 -0.69567 -16.471
v -46.509 -0.051264 -15.83
v -46.396 -0.91822 -16.09
v -37.662 -20.964 -14.834
v -37.264 -21.477 -14.491
v -37.171 -21.704 -15.013
v -46.098 -2.3005 -15.558
v -46.266 -1.6405 -15.648
v -46.248 -1.5883 -15.106
v -46.133 -2.2274 -15.118
v -46.098 -2.3005 -15.558
v -46.248 -1.5883 -15.106
v -37.215 -24.526 -10.07
v -37.669 -24.878 -9.7613
v -37.572 -25.042 -10.439
v -46.266 -1.6405 -15.648
v -46.324 -1.2579 -15.975
v -46.333 -1.1516 -15.384
v -38.159 -20.077 -14.093
v -38.278 -20.01 -14.462
v -38.507 -19.486 -13.982
v -46.133 -2.2274 -15.118
v -45.917 -3.1154 -14.809
v -46.098 -2.3005 -15.558
v -35.603 -24.052 -15.292
v -35.591 -24.209 -16.133
v -35.632 -23.849 -15.778
v -49.667 -1.3976 -8.1647
v -49.453 -1.9207 -7.5925
v -49.478 -1.5695 -7.1939
v -35.603 -24.052 -15.292
v -35.742 -24.354 -15.087
v -35.752 -24.355 -15.626
v -38.159 -20.077 -14.093
v -37.717 -20.849 -13.956
v -38.103 -20.379 -15.026
v -49.035 -3.8308 -7.1745
v -48.801 -3.9527 -6.5542
v -49.004 -3.452 -6.7486
v -49.453 -1.9207 -7.5925
v -49.365 -2.5705 -7.6353
v -49.209 -2.4035 -6.7156
v -37.662 -20.964 -14.834
v -37.717 -20.849 -13.956
v -37.56 -21.088 -14.21
v -49.209 -2.4035 -6.7156
v -49.365 -2.5705 -7.6353
v -49.233 -2.9284 -7.1801
v -45.281 -5.3829 -13.752
v -45.345 -5.2891 -14.508
v -45.486 -4.6649 -13.818
v -50.472 4.1761 -12.237
v -49.881 4.7995 -12.553
v -50.293 4.9416 -12.98
v -46.188 -14.699 -11.569
v -45.828 -15.303 -11.257
v -46.031 -14.914 -11.103
v -50.071 -4.146 -13.149
v -50.137 -4.4394 -14.115
v -49.921 -4.8755 -13.35
v -46.262 -14.406 -11.228
v -46.188 -14.699 -11.569
v -46.031 -14.914 -11.103
v -48.641 -5.0722 -6.8629
v -48.483 -5.4488 -6.5287
v -48.408 -5.2036 -6.0385
v -48.408 -5.2036 -6.0385
v -48.483 -5.4488 -6.5287
v -48.278 -5.7474 -6.1302
v -38.148 -26.823 -16.659
v -38.35 -27.007 -17.056
v -38.06 -26.682 -16.842
v -36.03 -23.301 -15.742
v -35.632 -23.849 -15.778
v -36.047 -23.374 -16.623
v -50.16 0.60003 -9.1197
v -50.2 1.4467 -9.0385
v -50.387 1.2969 -9.7925
v -50.071 -4.146 -13.149
v -50.286 -3.5696 -13.834
v -50.137 -4.4394 -14.115
v -48.772 -8.0508 -11.616
v -48.731 -8.7886 -12.519
v -48.519 -9.2173 -12.092
v -37.171 -21.704 -15.013
v -36.853 -22.093 -14.122
v -36.691 -22.416 -15.135
v -38.437 -25.216 -8.3021
v -37.831 -24.632 -7.9492
v -38.456 -25.095 -7.8179
v -43.842 -19.323 -12.159
v -43.465 -19.751 -11.682
v -43.611 -19.404 -11.344
v -38.589 -24.897 -7.2006
v -38.717 -24.967 -7.576
v -38.456 -25.095 -7.8179
v -38.437 -25.216 -8.3021
v -38.062 -25.1 -9.0893
v -37.742 -24.726 -8.6597
v -37.742 -24.726 -8.6597
v -37.831 -24.632 -7.9492
v -38.437 -25.216 -8.3021
v -48.731 -8.7886 -12.519
v -48.772 -8.0508 -11.616
v -48.883 -8.2521 -12.515
v -39.064 -24.302 -6.5543
v -39.469 -23.824 -6.8369
v -39.392 -24.108 -7.3062
v -44.067 -18.761 -11.878
v -43.842 -19.323 -12.159
v -43.611 -19.404 -11.344
v -38.717 -24.967 -7.576
v -38.589 -24.897 -7.2006
v -38.863 -24.8 -7.408
v -39.064 -24.302 -6.5543
v -39.392 -24.108 -7.3062
v -38.863 -24.8 -7.408
v -48.864 6.2137 -18.425
v -48.594 6.3201 -18.729
v -48.971 6.3639 -19.059
v -37.869 -26.501 -17.028
v -38.06 -26.682 -16.842
v -38.35 -27.007 -17.056
v -37.662 -20.964 -14.834
v -37.171 -21.704 -15.013
v -37.391 -21.506 -15.611
v -50.693 -1.9637 -15.046
v -50.86 -1.0994 -15.089
v -50.869 -1.1378 -15.802
v -44.866 -6.7533 -13.365
v -44.905 -6.6486 -14.1
v -45.035 -6.0511 -13.622
v -46.511 0.41895 -17.514
v -46.565 0.34967 -17.959
v -46.648 0.92084 -17.889
v -47.114 -9.134 -5.5238
v -47.002 -8.8658 -4.7867
v -47.346 -8.7025 -5.8341
v -50.977 1.7979 -17.949
v -50.674 0.91406 -18.379
v -51.015 1.4496 -17.716
v -46.363 -1.0513 -16.438
v -46.396 -0.91822 -16.09
v -46.324 -1.2579 -15.975
v -46.827 -9.3475 -4.8829
v -47.114 -9.134 -5.5238
v -46.961 -9.7297 -5.6895
v -46.464 -0.050969 -17.585
v -46.511 0.41895 -17.514
v -46.522 0.035796 -16.929
v -50.993 -0.36404 -16.03
v -50.869 -1.1378 -15.802
v -50.86 -1.0994 -15.089
v -46.961 -9.7297 -5.6895
v -46.555 -10.045 -4.766
v -46.827 -9.3475 -4.8829
v -46.45 -0.36107 -16.616
v -46.464 -0.050969 -17.585
v -46.522 0.035796 -16.929
v -46.555 -10.045 -4.766
v -46.961 -9.7297 -5.6895
v -46.761 -10.125 -5.4375
v -50.292 6.1652 -14.431
v -50.143 6.1587 -14.888
v -50.961 6.1807 -14.531
v -50.13 6.0511 -14.179
v -50.292 6.1652 -14.431
v -50.961 6.1807 -14.531
v -46.469 -10.651 -5.1796
v -46.555 -10.045 -4.766
v -46.761 -10.125 -5.4375
v -35.44 -24.148 -16.716
v -35.632 -23.849 -15.778
v -35.591 -24.209 -16.133
v -44.341 -7.9523 -12.754
v -44.108 -8.4864 -12.503
v -44.248 -8.5125 -13.477
v -46.363 -1.0513 -16.438
v -46.413 -0.69567 -16.471
v -46.396 -0.91822 -16.09
v -46.285 -10.871 -4.7875
v -46.469 -10.651 -5.1796
v -46.389 -11.085 -5.5248
v -44.079 -8.8339 -12.833
v -44.248 -8.5125 -13.477
v -44.108 -8.4864 -12.503
v -35.591 -24.209 -16.133
v -35.603 -24.052 -15.292
v -35.752 -24.355 -15.626
v -38.278 -20.01 -14.462
v -38.588 -19.589 -14.395
v -38.507 -19.486 -13.982
v -50.13 6.0511 -14.179
v -50.961 6.1807 -14.531
v -50.863 5.6011 -13.979
v -46.28 -1.5173 -16.287
v -46.324 -1.2579 -15.975
v -46.173 -2.0892 -15.89
v -46.266 -1.6405 -15.648
v -46.173 -2.0892 -15.89
v -46.324 -1.2579 -15.975
v -46.285 -10.871 -4.7875
v -46.044 -11.81 -5.1964
v -45.926 -11.728 -4.7674
v -35.665 -24.359 -14.634
v -36.053 -24.537 -14.197
v -35.742 -24.354 -15.087
v -47.059 -12.62 -11.366
v -46.811 -13.447 -11.787
v -46.612 -13.347 -10.598
v -36.71 -24.521 -12.089
v -36.863 -24.968 -12.823
v -36.465 -24.541 -12.556
v -45.926 -11.728 -4.7674
v -46.044 -11.81 -5.1964
v -45.52 -12.55 -4.493
v -36.71 -24.521 -12.089
v -37.035 -24.72 -11.42
v -37.181 -25.049 -11.999
v -46.044 -11.81 -5.1964
v -45.613 -12.756 -5.1373
v -45.52 -12.55 -4.493
v -49.044 -7.5248 -12.201
v -49.278 -6.7291 -12.102
v -49.19 -7.4961 -13.118
v -38.103 -20.379 -15.026
v -37.717 -20.849 -13.956
v -37.662 -20.964 -14.834
v -48.801 -3.9527 -6.5542
v -48.79 -4.595 -6.8808
v -48.621 -4.4266 -6.1679
v -48.641 -5.0722 -6.8629
v -48.621 -4.4266 -6.1679
v -48.79 -4.595 -6.8808
v -40.317 -22.707 -6.7092
v -39.967 -23.243 -7.0074
v -40.027 -22.923 -6.2485
v -39.469 -23.824 -6.8369
v -40.027 -22.923 -6.2485
v -39.967 -23.243 -7.0074
v -48.278 -5.7474 -6.1302
v -48.045 -6.5705 -6.2014
v -47.954 -6.5082 -5.6591
v -47.46 -11.758 -11.544
v -47.418 -12.081 -12.059
v -47.059 -12.62 -11.366
v -38.717 -24.967 -7.576
v -38.806 -25.017 -7.8499
v -38.456 -25.095 -7.8179
v -46.098 -2.3005 -15.558
v -46.173 -2.0892 -15.89
v -46.266 -1.6405 -15.648
v -40.776 -21.789 -6.0594
v -41.119 -21.163 -5.6934
v -41.195 -21.313 -6.2636
v -40.412 -22.276 -6.0457
v -40.317 -22.707 -6.7092
v -40.027 -22.923 -6.2485
v -40.574 -19.163 -20.073
v -40.055 -19.175 -19.785
v -40.25 -19.677 -20.118
v -50.475 3.113 -10.819
v -50.246 3.902 -11.894
v -50.472 4.1761 -12.237
v -50.087 3.4569 -11.186
v -50.246 3.902 -11.894
v -50.475 3.113 -10.819
v -45.705 -4.2222 -15.54
v -45.486 -4.6649 -13.818
v -45.345 -5.2891 -14.508
v -48.522 6.1535 -19.303
v -47.858 6.2327 -18.933
v -48.307 4.5227 -19.345
v -47.858 6.2327 -18.933
v -47.667 4.161 -18.988
v -48.307 4.5227 -19.345
v -48.971 6.3639 -19.059
v -48.594 6.3201 -18.729
v -48.819 6.3289 -19.232
v -42.134 -19.192 -4.9874
v -43.268 -17.465 -5.1084
v -42.757 -18.803 -6.1309
v -50.459 2.2559 -10.088
v -50.387 1.2969 -9.7925
v -50.295 1.6787 -9.3945
v -45.194 -13.23 -4.2468
v -45.613 -12.756 -5.1373
v -44.862 -13.944 -4.156
v -50.2 1.4467 -9.0385
v -50.295 1.6787 -9.3945
v -50.387 1.2969 -9.7925
v -46.936 3.1875 -18.168
v -46.883 1.1919 -18.514
v -47.369 1.9712 -18.989
v -44.862 -13.944 -4.156
v -44.737 -14.988 -5.6596
v -44.137 -15.267 -4.1239
v -46.883 1.1919 -18.514
v -46.667 1.4816 -17.657
v -46.648 0.92084 -17.889
v -40.14 -16.597 -12.604
v -40.029 -17.127 -13.653
v -41.001 -15.75 -14.061
v -45.917 -3.1154 -14.809
v -45.486 -4.6649 -13.818
v -45.705 -4.2222 -15.54
v -41.001 -15.75 -14.061
v -41.311 -14.941 -12.366
v -40.14 -16.597 -12.604
v -43.455 -19.916 -12.162
v -42.978 -20.685 -12.44
v -42.981 -20.458 -11.635
v -48.79 -4.595 -6.8808
v -48.801 -3.9527 -6.5542
v -49.035 -3.8308 -7.1745
v -47.497 -7.8449 -5.4375
v -47.762 -7.2269 -5.771
v -47.616 -8.136 -6.2133
v -44.713 -17.664 -11.785
v -44.067 -18.761 -11.878
v -44.105 -18.275 -10.544
v -42.503 -12.28 -12.345
v -42.549 -12.493 -13.153
v -42.927 -11.781 -13.114
v -35.44 -24.148 -16.716
v -36.047 -23.374 -16.623
v -35.632 -23.849 -15.778
v -42.291 -12.975 -12.862
v -42.549 -12.493 -13.153
v -42.503 -12.28 -12.345
v -39.607 -25.761 -14.827
v -39.255 -26.156 -14.64
v -39.486 -25.794 -14.193
v -46.464 -0.050969 -17.585
v -46.565 0.34967 -17.959
v -46.511 0.41895 -17.514
v -49.233 -2.9284 -7.1801
v -49.035 -3.8308 -7.1745
v -49.004 -3.452 -6.7486
v -38.781 -19.375 -14.59
v -38.855 -18.997 -14.088
v -38.507 -19.486 -13.982
v -38.588 -19.589 -14.395
v -38.781 -19.375 -14.59
v -38.507 -19.486 -13.982
v -36.03 -23.301 -15.742
v -36.443 -22.893 -16.05
v -36.437 -22.705 -15.599
v -40.317 -22.707 -6.7092
v -40.412 -22.276 -6.0457
v -40.624 -22.227 -6.6071
v -40.992 -23.684 -12.984
v -40.949 -23.866 -13.684
v -40.561 -24.316 -13.36
v -46.389 -11.085 -5.5248
v -46.044 -11.81 -5.1964
v -46.285 -10.871 -4.7875
v -39.967 -23.243 -7.0074
v -39.392 -24.108 -7.3062
v -39.469 -23.824 -6.8369
v -35.742 -24.354 -15.087
v -36.053 -24.537 -14.197
v -36.208 -24.778 -15.005
v -38.33 -26.892 -16.289
v -38.356 -26.881 -15.83
v -38.647 -26.851 -15.662
v -46.45 -0.36107 -16.616
v -46.379 -0.71936 -16.995
v -46.464 -0.050969 -17.585
v -46.379 -0.71936 -16.995
v -46.45 -0.36107 -16.616
v -46.413 -0.69567 -16.471
v -36.428 -24.722 -13.429
v -36.465 -24.541 -12.556
v -36.863 -24.968 -12.823
v -46.379 -0.71936 -16.995
v -46.413 -0.69567 -16.471
v -46.363 -1.0513 -16.438
v -36.691 -22.416 -15.135
v -36.437 -22.705 -15.599
v -36.775 -22.407 -16.006
v -46.379 -0.71936 -16.995
v -46.363 -1.0513 -16.438
v -46.28 -1.5173 -16.287
v -38.437 -25.216 -8.3021
v -38.472 -25.367 -8.8749
v -38.062 -25.1 -9.0893
v -45.493 -16.014 -11.507
v -45.244 -16.577 -11.638
v -45.414 -15.994 -10.695
v -46.28 -1.5173 -16.287
v -46.363 -1.0513 -16.438
v -46.324 -1.2579 -15.975
v -41.792 -22.563 -12.754
v -41.683 -22.857 -13.331
v -41.33 -23.192 -12.746
v -41.684 -20.654 -6.4274
v -41.119 -21.163 -5.6934
v -41.638 -20.359 -5.6822
v -40.624 -22.227 -6.6071
v -40.412 -22.276 -6.0457
v -40.776 -21.789 -6.0594
v -38.806 -25.017 -7.8499
v -38.717 -24.967 -7.576
v -38.863 -24.8 -7.408
v -43.952 -9.1924 -13.24
v -44.248 -8.5125 -13.477
v -44.079 -8.8339 -12.833
v -37.841 -26.566 -17.576
v -37.869 -26.501 -17.028
v -38.022 -26.801 -17.78
v -44.079 -8.8339 -12.833
v -43.827 -9.4079 -12.743
v -43.952 -9.1924 -13.24
v -44.248 -8.5125 -13.477
v -44.423 -7.8625 -13.154
v -44.341 -7.9523 -12.754
v -43.202 -11.151 -13.16
v -43.53 -10.277 -12.899
v -43.217 -10.739 -12.588
v -42.938 -11.454 -12.606
v -43.202 -11.151 -13.16
v -43.217 -10.739 -12.588
v -49.29 6.1923 -17.656
v -48.864 6.2137 -18.425
v -49.62 6.1689 -17.958
v -37.572 -25.042 -10.439
v -37.669 -24.878 -9.7613
v -38.008 -25.395 -10.185
v -42.757 -18.803 -6.1309
v -42.009 -19.705 -5.6463
v -42.134 -19.192 -4.9874
v -47.762 -7.2269 -5.771
v -47.924 -7.4336 -6.6199
v -47.616 -8.136 -6.2133
v -48.229 -9.6048 -11.429
v -48.162 -10.118 -12.057
v -48.005 -10.408 -11.777
v -48.229 -9.6048 -11.429
v -48.339 -9.6774 -12.185
v -48.162 -10.118 -12.057
v -36.053 -24.537 -14.197
v -36.428 -24.722 -13.429
v -36.567 -25.053 -14.162
v -50.527 -2.916 -14.742
v -50.516 -2.5594 -14.205
v -50.693 -1.9637 -15.046
v -44.68 -7.3342 -13.348
v -44.905 -6.6486 -14.1
v -44.866 -6.7533 -13.365
v -41.119 -21.163 -5.6934
v -41.684 -20.654 -6.4274
v -41.195 -21.313 -6.2636
v -49.974 -0.63959 -9.0379
v -49.902 -0.11436 -8.2556
v -49.978 -0.034812 -8.818
v -45.828 -15.303 -11.257
v -45.975 -14.877 -10.769
v -46.031 -14.914 -11.103
v -50.527 6.1385 -15.451
v -50.143 6.1587 -14.888
v -50.203 6.1682 -16.119
v -37.391 -21.506 -15.611
v -37.664 -21.123 -15.582
v -37.662 -20.964 -14.834
v -44.423 -7.8625 -13.154
v -44.446 -8.0456 -13.757
v -44.68 -7.3342 -13.348
v -49.748 6.1602 -16.95
v -50.203 6.1682 -16.119
v -49.361 6.1873 -16.276
v -49.902 -0.11436 -8.2556
v -49.974 -0.63959 -9.0379
v -49.756 -0.92136 -8.2853
v -41.195 -21.313 -6.2636
v -40.996 -21.729 -6.7149
v -40.776 -21.789 -6.0594
v -40.996 -21.729 -6.7149
v -40.624 -22.227 -6.6071
v -40.776 -21.789 -6.0594
v -50.286 -3.5696 -13.834
v -50.516 -2.5594 -14.205
v -50.527 -2.916 -14.742
v -48.536 -8.7148 -11.597
v -48.772 -8.0508 -11.616
v -48.519 -9.2173 -12.092
v -43.53 -10.277 -12.899
v -43.952 -9.1924 -13.24
v -43.827 -9.4079 -12.743
v -48.045 -6.5705 -6.2014
v -48.278 -5.7474 -6.1302
v -48.333 -6.2424 -6.7962
v -38.437 -25.216 -8.3021
v -38.456 -25.095 -7.8179
v -38.806 -25.017 -7.8499
v -48.045 -6.5705 -6.2014
v -47.924 -7.4336 -6.6199
v -47.762 -7.2269 -5.771
v -48.883 -8.2521 -12.515
v -48.772 -8.0508 -11.616
v -49.044 -7.5248 -12.201
v -43.202 -11.151 -13.16
v -42.938 -11.454 -12.606
v -42.927 -11.781 -13.114
v -38.588 -19.589 -14.395
v -38.278 -20.01 -14.462
v -38.44 -19.943 -14.991
v -41.901 -14.132 -13.474
v -42.291 -12.975 -12.862
v -41.971 -13.449 -12.23
v -38.103 -20.379 -15.026
v -38.278 -20.01 -14.462
v -38.159 -20.077 -14.093
v -45.193 -5.8281 -14.43
v -45.345 -5.2891 -14.508
v -45.281 -5.3829 -13.752
v -46.075 -2.598 -16.023
v -46.173 -2.0892 -15.89
v -46.098 -2.3005 -15.558
v -38.855 -18.997 -14.088
v -38.781 -19.375 -14.59
v -39.135 -18.805 -14.641
v -45.035 -6.0511 -13.622
v -45.193 -5.8281 -14.43
v -45.281 -5.3829 -13.752
v -35.591 -24.209 -16.133
v -35.634 -24.544 -16.583
v -35.44 -24.148 -16.716
v -36.443 -22.893 -16.05
v -36.775 -22.407 -16.006
v -36.437 -22.705 -15.599
v -36.691 -22.416 -15.135
v -37.146 -21.943 -15.705
v -37.171 -21.704 -15.013
v -49.54 -2.2077 -8.1542
v -49.453 -1.9207 -7.5925
v -49.667 -1.3976 -8.1647
v -37.146 -21.943 -15.705
v -37.391 -21.506 -15.611
v -37.171 -21.704 -15.013
v -37.146 -21.943 -15.705
v -36.691 -22.416 -15.135
v -36.775 -22.407 -16.006
v -39.208 -18.273 -13.505
v -39.946 -17.543 -14.678
v -40.029 -17.127 -13.653
v -39.208 -18.273 -13.505
v -39.132 -18.545 -13.896
v -39.946 -17.543 -14.678
v -46.51 -13.853 -11.112
v -46.612 -13.347 -10.598
v -46.811 -13.447 -11.787
v -47.369 1.9712 -18.989
v -47.667 4.161 -18.988
v -46.936 3.1875 -18.168
v -41.311 -14.941 -12.366
v -41.901 -14.132 -13.474
v -41.971 -13.449 -12.23
v -50.459 2.2559 -10.088
v -50.475 3.113 -10.819
v -50.686 2.7193 -10.819
v -45.917 -3.1154 -14.809
v -46.075 -2.598 -16.023
v -46.098 -2.3005 -15.558
v -50.526 1.628 -10.281
v -50.387 1.2969 -9.7925
v -50.459 2.2559 -10.088
v -50.526 1.628 -10.281
v -50.459 2.2559 -10.088
v -50.686 2.7193 -10.819
v -41.001 -15.75 -14.061
v -41.545 -14.886 -13.73
v -41.311 -14.941 -12.366
v -43.976 -16.315 -5.4463
v -44.137 -15.267 -4.1239
v -44.737 -14.988 -5.6596
v -47.497 -7.8449 -5.4375
v -47.616 -8.136 -6.2133
v -47.346 -8.7025 -5.8341
v -44.423 -7.8625 -13.154
v -44.248 -8.5125 -13.477
v -44.446 -8.0456 -13.757
v -36.03 -23.301 -15.742
v -36.047 -23.374 -16.623
v -36.443 -22.893 -16.05
v -44.068 -9.1513 -13.868
v -44.248 -8.5125 -13.477
v -43.952 -9.1924 -13.24
v -43.84 -9.7477 -13.749
v -44.068 -9.1513 -13.868
v -43.952 -9.1924 -13.24
v -49.835 -4.8131 -12.862
v -49.921 -4.8755 -13.35
v -49.612 -5.9017 -12.855
v -49.756 -0.92136 -8.2853
v -49.877 -1.246 -9.1287
v -49.667 -1.3976 -8.1647
v -35.935 -24.81 -16.462
v -35.591 -24.209 -16.133
v -35.752 -24.355 -15.626
v -43.53 -10.277 -12.899
v -43.84 -9.7477 -13.749
v -43.952 -9.1924 -13.24
v -43.641 -10.238 -13.52
v -43.84 -9.7477 -13.749
v -43.53 -10.277 -12.899
v -50.977 1.7979 -17.949
v -50.556 1.6295 -18.681
v -50.674 0.91406 -18.379
v -35.752 -24.355 -15.626
v -35.742 -24.354 -15.087
v -36.303 -24.887 -15.572
v -46.761 -10.125 -5.4375
v -46.671 -10.56 -5.7526
v -46.469 -10.651 -5.1796
v -46.389 -11.085 -5.5248
v -46.469 -10.651 -5.1796
v -46.671 -10.56 -5.7526
v -50.293 4.9416 -12.98
v -50.942 4.2556 -12.608
v -50.472 4.1761 -12.237
v -46.389 -11.085 -5.5248
v -46.169 -11.811 -5.6625
v -46.044 -11.81 -5.1964
v -49.453 -1.9207 -7.5925
v -49.54 -2.2077 -8.1542
v -49.365 -2.5705 -7.6353
v -49.54 -2.2077 -8.1542
v -49.667 -1.3976 -8.1647
v -49.699 -1.8277 -8.638
v -49.035 -3.8308 -7.1745
v -49.233 -2.9284 -7.1801
v -49.295 -3.4139 -8.0418
v -51.065 0.40031 -16.984
v -51.092 0.4169 -15.9
v -51.192 1.1927 -16.243
v -37.181 -25.049 -11.999
v -37.035 -24.72 -11.42
v -37.405 -25.137 -11.173
v -47.99 -4.9835 -20.091
v -47.221 -4.2004 -19.96
v -46.797 -5.2355 -19.958
v -42.071 -20.063 -6.491
v -41.638 -20.359 -5.6822
v -42.009 -19.705 -5.6463
v -39.392 -24.108 -7.3062
v -39.967 -23.243 -7.0074
v -39.912 -23.632 -7.6785
v -50.16 0.60003 -9.1197
v -50.179 0.13229 -9.4246
v -49.978 -0.034812 -8.818
v -50.993 -0.36404 -16.03
v -51.092 0.4169 -15.9
v -51.065 0.40031 -16.984
v -47.683 -3.6711 -19.956
v -47.221 -4.2004 -19.96
v -47.99 -4.9835 -20.091
v -44.067 -18.761 -11.878
v -43.611 -19.404 -11.344
v -43.841 -18.883 -11.069
v -38.588 -19.589 -14.395
v -38.636 -19.652 -14.969
v -38.781 -19.375 -14.59
v -37.551 -24.556 -20.355
v -36.779 -24.764 -20.209
v -37.268 -25.652 -20.228
v -44.905 -6.6486 -14.1
v -44.68 -7.3342 -13.348
v -44.76 -7.2412 -14.429
v -38.855 -18.997 -14.088
v -39.135 -18.805 -14.641
v -39.132 -18.545 -13.896
v -44.68 -7.3342 -13.348
v -44.446 -8.0456 -13.757
v -44.76 -7.2412 -14.429
v -38.655 -23.028 -20.36
v -39.199 -22.144 -20.423
v -38.034 -22.269 -19.901
v -49.756 1.8295 -19.422
v -49.51 -0.35722 -19.54
v -50.443 0.28166 -18.723
v -37.812 -20.821 -15.317
v -38.103 -20.379 -15.026
v -37.662 -20.964 -14.834
v -38.882 -21.264 -19.995
v -38.034 -22.269 -19.901
v -39.199 -22.144 -20.423
v -45.035 -6.0511 -13.622
v -44.905 -6.6486 -14.1
v -45.193 -5.8281 -14.43
v -37.662 -20.964 -14.834
v -37.664 -21.123 -15.582
v -37.812 -20.821 -15.317
v -49.62 6.1689 -17.958
v -48.864 6.2137 -18.425
v -49.619 6.2871 -18.631
v -39.425 -20.396 -19.959
v -38.882 -21.264 -19.995
v -39.643 -21.27 -20.354
v -51.004 4.5648 -12.954
v -50.942 4.2556 -12.608
v -50.293 4.9416 -12.98
v -49.877 -1.246 -9.1287
v -49.756 -0.92136 -8.2853
v -49.974 -0.63959 -9.0379
v -49.748 6.1602 -16.95
v -49.29 6.1923 -17.656
v -49.62 6.1689 -17.958
v -39.425 -20.396 -19.959
v -40.014 -20.593 -20.321
v -39.33 -19.781 -19.526
v -43.841 -18.883 -11.069
v -44.105 -18.275 -10.544
v -44.067 -18.761 -11.878
v -35.456 -24.128 -17.38
v -35.876 -23.579 -17.869
v -36.047 -23.374 -16.623
v -36.047 -23.374 -16.623
v -36.619 -22.71 -16.653
v -36.443 -22.893 -16.05
v -49.877 -1.246 -9.1287
v -49.699 -1.8277 -8.638
v -49.667 -1.3976 -8.1647
v -50.143 6.1587 -14.888
v -50.527 6.1385 -15.451
v -50.981 6.2848 -14.96
v -35.935 -24.81 -16.462
v -35.752 -24.355 -15.626
v -36.303 -24.887 -15.572
v -35.591 -24.209 -16.133
v -35.935 -24.81 -16.462
v -35.634 -24.544 -16.583
v -43.641 -10.238 -13.52
v -43.53 -10.277 -12.899
v -43.401 -10.81 -13.757
v -47.346 -8.7025 -5.8341
v -47.186 -9.3125 -6.0815
v -47.114 -9.134 -5.5238
v -43.202 -11.151 -13.16
v -43.401 -10.81 -13.757
v -43.53 -10.277 -12.899
v -36.303 -24.887 -15.572
v -35.742 -24.354 -15.087
v -36.208 -24.778 -15.005
v -51.106 4.9659 -13.486
v -51.004 4.5648 -12.954
v -50.293 4.9416 -12.98
v -46.961 -9.7297 -5.6895
v -47.114 -9.134 -5.5238
v -47.186 -9.3125 -6.0815
v -37.669 -24.878 -9.7613
v -38.062 -25.1 -9.0893
v -38.35 -25.535 -9.6723
v -36.88 -25.196 -13.626
v -36.567 -25.053 -14.162
v -36.428 -24.722 -13.429
v -48.633 -5.4666 -7.253
v -48.483 -5.4488 -6.5287
v -48.641 -5.0722 -6.8629
v -36.88 -25.196 -13.626
v -36.428 -24.722 -13.429
v -36.976 -25.351 -13.257
v -36.428 -24.722 -13.429
v -36.863 -24.968 -12.823
v -36.976 -25.351 -13.257
v -48.483 -5.4488 -6.5287
v -48.633 -5.4666 -7.253
v -48.333 -6.2424 -6.7962
v -48.483 -5.4488 -6.5287
v -48.333 -6.2424 -6.7962
v -48.278 -5.7474 -6.1302
v -49.295 -3.4139 -8.0418
v -49.233 -2.9284 -7.1801
v -49.365 -2.5705 -7.6353
v -37.181 -25.049 -11.999
v -36.863 -24.968 -12.823
v -36.71 -24.521 -12.089
v -46.031 -14.914 -11.103
v -46.27 -14.195 -10.602
v -46.262 -14.406 -11.228
v -45.244 -16.577 -11.638
v -44.984 -16.982 -11.245
v -45.414 -15.994 -10.695
v -37.405 -25.137 -11.173
v -37.572 -25.042 -10.439
v -37.684 -25.424 -10.758
v -50.387 1.2969 -9.7925
v -50.409 0.82694 -10.194
v -50.16 0.60003 -9.1197
v -44.105 -18.275 -10.544
v -44.984 -16.982 -11.245
v -44.713 -17.664 -11.785
v -38.44 -19.943 -14.991
v -38.636 -19.652 -14.969
v -38.588 -19.589 -14.395
v -50.071 -4.146 -13.149
v -49.921 -4.8755 -13.35
v -49.835 -4.8131 -12.862
v -42.978 -20.685 -12.44
v -42.714 -21.005 -11.898
v -42.981 -20.458 -11.635
v -38.863 -24.8 -7.408
v -39.392 -24.108 -7.3062
v -39.369 -24.353 -7.9187
v -50.516 -2.5594 -14.205
v -50.703 -1.3018 -13.788
v -50.693 -1.9637 -15.046
v -37.624 -26.49 -18.598
v -37.313 -26.199 -18.235
v -37.841 -26.566 -17.576
v -38.472 -25.367 -8.8749
v -38.437 -25.216 -8.3021
v -38.727 -25.256 -8.5212
v -38.437 -25.216 -8.3021
v -38.806 -25.017 -7.8499
v -39.066 -24.928 -8.5364
v -38.806 -25.017 -7.8499
v -38.863 -24.8 -7.408
v -39.369 -24.353 -7.9187
v -36.443 -22.893 -16.05
v -36.932 -22.252 -16.615
v -36.775 -22.407 -16.006
v -50.128 -0.44999 -9.6647
v -49.978 -0.034812 -8.818
v -50.179 0.13229 -9.4246
v -46.044 -11.81 -5.1964
v -46.169 -11.811 -5.6625
v -45.613 -12.756 -5.1373
v -38.44 -19.943 -14.991
v -38.278 -20.01 -14.462
v -38.103 -20.379 -15.026
v -42.071 -20.063 -6.491
v -41.684 -20.654 -6.4274
v -41.638 -20.359 -5.6822
v -49.974 -0.63959 -9.0379
v -49.978 -0.034812 -8.818
v -50.128 -0.44999 -9.6647
v -45.443 -5.2015 -15.31
v -45.705 -4.2222 -15.54
v -45.345 -5.2891 -14.508
v -35.44 -24.148 -16.716
v -35.456 -24.128 -17.38
v -36.047 -23.374 -16.623
v -35.456 -24.128 -17.38
v -35.44 -24.148 -16.716
v -35.511 -24.619 -17.297
v -35.511 -24.619 -17.297
v -35.44 -24.148 -16.716
v -35.634 -24.544 -16.583
v -41.001 -15.75 -14.061
v -40.029 -17.127 -13.653
v -40.696 -16.225 -14.406
v -42.981 -20.458 -11.635
v -43.465 -19.751 -11.682
v -43.455 -19.916 -12.162
v -46.379 -0.71936 -16.995
v -46.28 -1.5173 -16.287
v -46.158 -2.2667 -17.033
v -51.106 4.9659 -13.486
v -50.293 4.9416 -12.98
v -50.433 5.3279 -13.599
v -46.51 -13.853 -11.112
v -46.262 -14.406 -11.228
v -46.27 -14.195 -10.602
v -50.981 6.2848 -14.96
v -50.961 6.1807 -14.531
v -50.143 6.1587 -14.888
v -50.472 4.1761 -12.237
v -50.942 4.2556 -12.608
v -50.9 3.6978 -12.134
v -39.946 -17.543 -14.678
v -39.132 -18.545 -13.896
v -39.135 -18.805 -14.641
v -46.648 0.92084 -17.889
v -46.565 0.34967 -17.959
v -46.883 1.1919 -18.514
v -50.472 4.1761 -12.237
v -50.9 3.6978 -12.134
v -50.475 3.113 -10.819
v -50.9 3.6978 -12.134
v -50.815 3.1538 -11.446
v -50.475 3.113 -10.819
v -41.545 -14.886 -13.73
v -41.901 -14.132 -13.474
v -41.311 -14.941 -12.366
v -50.815 3.1538 -11.446
v -50.686 2.7193 -10.819
v -50.475 3.113 -10.819
v -49.612 -5.9017 -12.855
v -49.278 -6.7291 -12.102
v -49.464 -6.1014 -12.242
v -46.173 -2.0892 -15.89
v -46.158 -2.2667 -17.033
v -46.28 -1.5173 -16.287
v -46.464 -0.050969 -17.585
v -46.379 -0.71936 -16.995
v -46.324 -1.3196 -17.91
v -45.613 -12.756 -5.1373
v -44.737 -14.988 -5.6596
v -44.862 -13.944 -4.156
v -46.158 -2.2667 -17.033
v -46.173 -2.0892 -15.89
v -46.075 -2.598 -16.023
v -45.705 -4.2222 -15.54
v -46.075 -2.598 -16.023
v -45.917 -3.1154 -14.809
v -50.516 -2.5594 -14.205
v -50.286 -3.5696 -13.834
v -50.377 -2.7913 -13.441
v -37.222 -21.858 -16.231
v -37.146 -21.943 -15.705
v -36.775 -22.407 -16.006
v -45.193 -5.8281 -14.43
v -44.905 -6.6486 -14.1
v -45.096 -6.2545 -15.018
v -36.443 -22.893 -16.05
v -36.619 -22.71 -16.653
v -36.932 -22.252 -16.615
v -40.31 -24.721 -13.731
v -39.936 -25.244 -14.056
v -40.111 -24.865 -13.239
v -50.686 2.7193 -10.819
v -50.638 1.9891 -11.017
v -50.526 1.628 -10.281
v -42.291 -12.975 -12.862
v -42.196 -13.505 -13.645
v -42.549 -12.493 -13.153
v -41.901 -14.132 -13.474
v -42.196 -13.505 -13.645
v -42.291 -12.975 -12.862
v -50.203 6.1682 -16.119
v -49.748 6.1602 -16.95
v -50.378 6.1903 -16.927
v -48.339 -9.6774 -12.185
v -48.229 -9.6048 -11.429
v -48.519 -9.2173 -12.092
v -48.519 -9.2173 -12.092
v -48.229 -9.6048 -11.429
v -48.536 -8.7148 -11.597
v -45.096 -6.2545 -15.018
v -44.905 -6.6486 -14.1
v -44.76 -7.2412 -14.429
v -38.103 -20.379 -15.026
v -37.812 -20.821 -15.317
v -38.273 -20.303 -15.522
v -44.248 -8.5125 -13.477
v -44.409 -8.2324 -14.251
v -44.446 -8.0456 -13.757
v -39.135 -18.805 -14.641
v -38.781 -19.375 -14.59
v -38.893 -19.27 -15.2
v -42.927 -11.781 -13.114
v -42.998 -11.748 -13.895
v -43.202 -11.151 -13.16
v -50.993 -0.36404 -16.03
v -50.994 -0.26979 -15.064
v -51.092 0.4169 -15.9
v -50.409 0.82694 -10.194
v -50.387 1.2969 -9.7925
v -50.526 1.628 -10.281
v -39.255 -26.156 -14.64
v -38.867 -26.684 -15.117
v -38.782 -26.701 -14.684
v -38.781 -19.375 -14.59
v -38.636 -19.652 -14.969
v -38.893 -19.27 -15.2
v -36.208 -24.778 -15.005
v -36.053 -24.537 -14.197
v -36.567 -25.053 -14.162
v -38.44 -19.943 -14.991
v -38.103 -20.379 -15.026
v -38.273 -20.303 -15.522
v -37.664 -21.123 -15.582
v -37.844 -20.905 -15.682
v -37.812 -20.821 -15.317
v -42.652 -14.839 -19.872
v -43.047 -13.618 -19.656
v -42.426 -13.845 -19.234
v -42.549 -12.493 -13.153
v -42.998 -11.748 -13.895
v -42.927 -11.781 -13.114
v -37.181 -25.049 -11.999
v -37.143 -25.658 -12.877
v -36.863 -24.968 -12.823
v -37.572 -25.042 -10.439
v -38.008 -25.395 -10.185
v -37.684 -25.424 -10.758
v -42.626 -12.542 -13.736
v -42.998 -11.748 -13.895
v -42.549 -12.493 -13.153
v -50.409 0.82694 -10.194
v -50.179 0.13229 -9.4246
v -50.16 0.60003 -9.1197
v -49.295 -3.4139 -8.0418
v -49.365 -2.5705 -7.6353
v -49.54 -2.2077 -8.1542
v -37.391 -21.506 -15.611
v -37.146 -21.943 -15.705
v -37.222 -21.858 -16.231
v -46.961 -9.7297 -5.6895
v -46.944 -10.084 -6.2029
v -46.761 -10.125 -5.4375
v -46.761 -10.125 -5.4375
v -46.944 -10.084 -6.2029
v -46.671 -10.56 -5.7526
v -42.549 -12.493 -13.153
v -42.196 -13.505 -13.645
v -42.626 -12.542 -13.736
v -48.79 -4.595 -6.8808
v -48.922 -4.7202 -7.5419
v -48.641 -5.0722 -6.8629
v -46.389 -11.085 -5.5248
v -46.671 -10.56 -5.7526
v -46.541 -11.046 -6.0424
v -40.996 -21.729 -6.7149
v -41.195 -21.313 -6.2636
v -41.5 -21.068 -6.788
v -49.035 -3.8308 -7.1745
v -48.922 -4.7202 -7.5419
v -48.79 -4.595 -6.8808
v -46.389 -11.085 -5.5248
v -46.408 -11.394 -5.9501
v -46.169 -11.811 -5.6625
v -48.333 -6.2424 -6.7962
v -48.191 -6.9053 -6.9427
v -48.045 -6.5705 -6.2014
v -39.912 -23.632 -7.6785
v -39.369 -24.353 -7.9187
v -39.392 -24.108 -7.3062
v -40.624 -22.227 -6.6071
v -40.996 -21.729 -6.7149
v -40.816 -22.295 -7.4429
v -38.437 -25.216 -8.3021
v -39.066 -24.928 -8.5364
v -38.727 -25.256 -8.5212
v -46.612 -13.347 -10.598
v -47.058 -12.526 -10.978
v -47.059 -12.62 -11.366
v -41.684 -20.654 -6.4274
v -41.5 -21.068 -6.788
v -41.195 -21.313 -6.2636
v -40.317 -22.707 -6.7092
v -40.537 -22.702 -7.5417
v -39.967 -23.243 -7.0074
v -44.068 -9.1513 -13.868
v -44.311 -8.7141 -14.296
v -44.248 -8.5125 -13.477
v -37.791 -25.994 -11.18
v -37.405 -25.137 -11.173
v -37.684 -25.424 -10.758
v -38.35 -25.535 -9.6723
v -38.008 -25.395 -10.185
v -37.669 -24.878 -9.7613
v -47.46 -11.758 -11.544
v -47.059 -12.62 -11.366
v -47.173 -12.129 -10.617
v -47.173 -12.129 -10.617
v -47.384 -11.566 -10.619
v -47.46 -11.758 -11.544
v -49.534 -2.6624 -8.5937
v -49.295 -3.4139 -8.0418
v -49.54 -2.2077 -8.1542
v -44.928 -9.1593 -19.75
v -44.575 -9.7475 -19.603
v -45.115 -9.9441 -20.016
v -49.035 -3.8308 -7.1745
v -49.295 -3.4139 -8.0418
v -49.048 -4.4491 -7.8667
v -47.384 -11.566 -10.619
v -47.753 -11.022 -11.496
v -47.46 -11.758 -11.544
v -41.33 -23.192 -12.746
v -41.285 -23.416 -13.41
v -40.992 -23.684 -12.984
v -48.922 -4.7202 -7.5419
v -49.035 -3.8308 -7.1745
v -49.048 -4.4491 -7.8667
v -47.058 -12.526 -10.978
v -47.173 -12.129 -10.617
v -47.059 -12.62 -11.366
v -42.998 -11.748 -13.895
v -43.401 -10.81 -13.757
v -43.202 -11.151 -13.16
v -42.203 -21.964 -12.633
v -41.792 -22.563 -12.754
v -41.826 -22.393 -12.159
v -50.571 1.2438 -10.821
v -50.526 1.628 -10.281
v -50.638 1.9891 -11.017
v -38.44 -19.943 -14.991
v -38.654 -19.789 -15.599
v -38.636 -19.652 -14.969
v -40.537 -22.702 -7.5417
v -39.912 -23.632 -7.6785
v -39.967 -23.243 -7.0074
v -47.616 -8.136 -6.2133
v -47.411 -8.9755 -6.5192
v -47.346 -8.7025 -5.8341
v -37.844 -20.905 -15.682
v -38.273 -20.303 -15.522
v -37.812 -20.821 -15.317
v -48.191 -6.9053 -6.9427
v -47.924 -7.4336 -6.6199
v -48.045 -6.5705 -6.2014
v -38.356 -26.881 -15.83
v -38.278 -26.748 -15.385
v -38.647 -26.851 -15.662
v -37.748 -21.126 -15.983
v -37.664 -21.123 -15.582
v -37.391 -21.506 -15.611
v -45.443 -5.2015 -15.31
v -45.345 -5.2891 -14.508
v -45.282 -5.7313 -15.537
v -38.062 -25.1 -9.0893
v -38.472 -25.367 -8.8749
v -38.519 -25.479 -9.2514
v -41.2 -21.85 -7.5658
v -40.816 -22.295 -7.4429
v -40.996 -21.729 -6.7149
v -45.096 -6.2545 -15.018
v -45.282 -5.7313 -15.537
v -45.345 -5.2891 -14.508
v -36.619 -22.71 -16.653
v -36.047 -23.374 -16.623
v -36.467 -22.895 -17.296
v -40.317 -22.707 -6.7092
v -40.624 -22.227 -6.6071
v -40.816 -22.295 -7.4429
v -40.816 -22.295 -7.4429
v -40.537 -22.702 -7.5417
v -40.317 -22.707 -6.7092
v -45.345 -5.2891 -14.508
v -45.193 -5.8281 -14.43
v -45.096 -6.2545 -15.018
v -39.369 -24.353 -7.9187
v -39.066 -24.928 -8.5364
v -38.806 -25.017 -7.8499
v -46.408 -11.394 -5.9501
v -46.389 -11.085 -5.5248
v -46.541 -11.046 -6.0424
v -44.101 -10.828 -19.526
v -43.781 -12.197 -19.746
v -44.271 -11.599 -19.86
v -36.976 -25.351 -13.257
v -36.863 -24.968 -12.823
v -37.143 -25.658 -12.877
v -42.071 -20.063 -6.491
v -42.009 -19.705 -5.6463
v -42.757 -18.803 -6.1309
v -41.826 -22.393 -12.159
v -42.475 -21.457 -12.182
v -42.203 -21.964 -12.633
v -44.446 -8.0456 -13.757
v -44.409 -8.2324 -14.251
v -44.76 -7.2412 -14.429
v -44.248 -8.5125 -13.477
v -44.311 -8.7141 -14.296
v -44.409 -8.2324 -14.251
v -48.971 6.3639 -19.059
v -48.819 6.3289 -19.232
v -49.454 6.381 -19.133
v -48.522 6.1535 -19.303
v -49.452 5.9102 -19.402
v -48.819 6.3289 -19.232
v -49.454 6.381 -19.133
v -49.619 6.2871 -18.631
v -48.971 6.3639 -19.059
v -48.864 6.2137 -18.425
v -48.971 6.3639 -19.059
v -49.619 6.2871 -18.631
v -43.976 -16.315 -5.4463
v -43.865 -16.874 -6.1022
v -43.268 -17.465 -5.1084
v -50.815 3.1538 -11.446
v -50.816 2.766 -11.668
v -50.686 2.7193 -10.819
v -45.613 -12.756 -5.1373
v -46.169 -11.811 -5.6625
v -45.572 -13.68 -6.5903
v -42.757 -18.803 -6.1309
v -43.268 -17.465 -5.1084
v -43.865 -16.874 -6.1022
v -45.572 -13.68 -6.5903
v -44.737 -14.988 -5.6596
v -45.613 -12.756 -5.1373
v -37.313 -26.199 -18.235
v -37.379 -26.215 -17.672
v -37.841 -26.566 -17.576
v -50.863 5.6011 -13.979
v -51.234 5.4062 -14.061
v -50.433 5.3279 -13.599
v -38.658 -26.751 -14.198
v -39.255 -26.156 -14.64
v -38.782 -26.701 -14.684
v -51.234 5.4062 -14.061
v -51.106 4.9659 -13.486
v -50.433 5.3279 -13.599
v -40.029 -17.127 -13.653
v -39.946 -17.543 -14.678
v -40.4 -16.827 -14.765
v -40.696 -16.225 -14.406
v -40.029 -17.127 -13.653
v -40.4 -16.827 -14.765
v -39.486 -25.794 -14.193
v -39.255 -26.156 -14.64
v -39.135 -26.084 -13.495
v -39.946 -17.543 -14.678
v -39.135 -18.805 -14.641
v -39.614 -18.177 -14.849
v -38.44 -19.943 -14.991
v -38.273 -20.303 -15.522
v -38.654 -19.789 -15.599
v -47.186 -9.3125 -6.0815
v -46.944 -10.084 -6.2029
v -46.961 -9.7297 -5.6895
v -38.893 -19.27 -15.2
v -39.308 -18.674 -15.155
v -39.135 -18.805 -14.641
v -38.278 -26.748 -15.385
v -38.867 -26.684 -15.117
v -38.647 -26.851 -15.662
v -51.206 5.7001 -14.321
v -50.863 5.6011 -13.979
v -50.961 6.1807 -14.531
v -39.844 -25.254 -13.57
v -39.936 -25.244 -14.056
v -39.486 -25.794 -14.193
v -45.493 -16.014 -11.507
v -45.414 -15.994 -10.695
v -45.828 -15.303 -11.257
v -46.944 -10.084 -6.2029
v -46.84 -10.596 -6.4146
v -46.671 -10.56 -5.7526
v -37.538 -21.528 -16.42
v -37.391 -21.506 -15.611
v -37.222 -21.858 -16.231
v -38.095 -20.697 -15.994
v -37.844 -20.905 -15.682
v -37.748 -21.126 -15.983
v -37.844 -20.905 -15.682
v -37.664 -21.123 -15.582
v -37.748 -21.126 -15.983
v -38.519 -25.479 -9.2514
v -38.35 -25.535 -9.6723
v -38.062 -25.1 -9.0893
v -36.932 -22.252 -16.615
v -37.222 -21.858 -16.231
v -36.775 -22.407 -16.006
v -50.92 2.942 -12.198
v -50.9 3.6978 -12.134
v -51.013 3.6117 -12.393
v -38.727 -25.256 -8.5212
v -38.973 -25.168 -8.8975
v -38.472 -25.367 -8.8749
v -50.9 3.6978 -12.134
v -50.92 2.942 -12.198
v -50.815 3.1538 -11.446
v -39.486 -24.434 -8.4697
v -39.066 -24.928 -8.5364
v -39.369 -24.353 -7.9187
v -50.816 2.766 -11.668
v -50.794 2.2146 -11.461
v -50.686 2.7193 -10.819
v -50.686 2.7193 -10.819
v -50.794 2.2146 -11.461
v -50.638 1.9891 -11.017
v -44.495 -10.801 -19.818
v -44.575 -9.7475 -19.603
v -44.101 -10.828 -19.526
v -39.135 -18.805 -14.641
v -39.308 -18.674 -15.155
v -39.614 -18.177 -14.849
v -36.047 -23.374 -16.623
v -35.876 -23.579 -17.869
v -36.467 -22.895 -17.296
v -50.409 0.82694 -10.194
v -50.526 1.628 -10.281
v -50.571 1.2438 -10.821
v -49.877 -1.246 -9.1287
v -49.974 -0.63959 -9.0379
v -50.128 -0.44999 -9.6647
v -43.465 -19.751 -11.682
v -42.981 -20.458 -11.635
v -42.974 -20.381 -11.088
v -38.654 -19.789 -15.599
v -38.893 -19.27 -15.2
v -38.636 -19.652 -14.969
v -49.877 -1.246 -9.1287
v -49.813 -1.9806 -9.4157
v -49.699 -1.8277 -8.638
v -50.128 -0.44999 -9.6647
v -50.179 0.13229 -9.4246
v -50.409 0.82694 -10.194
v -47.186 -9.3125 -6.0815
v -47.346 -8.7025 -5.8341
v -47.411 -8.9755 -6.5192
v -45.096 -6.2545 -15.018
v -44.76 -7.2412 -14.429
v -44.842 -7.0504 -15.118
v -49.699 -1.8277 -8.638
v -49.534 -2.6624 -8.5937
v -49.54 -2.2077 -8.1542
v -44.52 -8.1146 -14.711
v -44.76 -7.2412 -14.429
v -44.409 -8.2324 -14.251
v -42.488 -12.981 -13.964
v -42.626 -12.542 -13.736
v -42.196 -13.505 -13.645
v -38.227 -25.948 -10.45
v -37.684 -25.424 -10.758
v -38.008 -25.395 -10.185
v -37.181 -25.049 -11.999
v -37.405 -25.137 -11.173
v -37.517 -25.93 -11.868
v -48.922 -4.7202 -7.5419
v -48.633 -5.4666 -7.253
v -48.641 -5.0722 -6.8629
v -50.815 3.1538 -11.446
v -50.92 2.942 -12.198
v -50.816 2.766 -11.668
v -50.286 -3.5696 -13.834
v -50.135 -3.4701 -13.005
v -50.377 -2.7913 -13.441
v -49.748 6.1602 -16.95
v -49.62 6.1689 -17.958
v -50.378 6.1903 -16.927
v -37.844 -20.905 -15.682
v -38.095 -20.697 -15.994
v -38.273 -20.303 -15.522
v -44.001 -9.4971 -14.456
v -44.311 -8.7141 -14.296
v -44.068 -9.1513 -13.868
v -45.975 -14.877 -10.769
v -46.27 -14.195 -10.602
v -46.031 -14.914 -11.103
v -48.005 -10.408 -11.777
v -47.753 -11.022 -11.496
v -47.965 -10.197 -10.889
v -44.001 -9.4971 -14.456
v -44.068 -9.1513 -13.868
v -43.84 -9.7477 -13.749
v -50.409 0.82694 -10.194
v -50.365 0.15129 -10.613
v -50.128 -0.44999 -9.6647
v -50.728 1.555 -11.489
v -50.571 1.2438 -10.821
v -50.638 1.9891 -11.017
v -43.641 -10.238 -13.52
v -43.401 -10.81 -13.757
v -43.612 -10.525 -14.172
v -37.822 -21.122 -16.344
v -37.391 -21.506 -15.611
v -37.538 -21.528 -16.42
v -50.071 -4.146 -13.149
v -50.135 -3.4701 -13.005
v -50.286 -3.5696 -13.834
v -48.333 -6.2424 -6.7962
v -48.633 -5.4666 -7.253
v -48.494 -6.2597 -7.48
v -37.391 -21.506 -15.611
v -37.822 -21.122 -16.344
v -37.748 -21.126 -15.983
v -41.91 -14.391 -14.091
v -42.196 -13.505 -13.645
v -41.901 -14.132 -13.474
v -49.295 -3.4139 -8.0418
v -49.534 -2.6624 -8.5937
v -49.467 -3.2931 -8.7642
v -42.998 -11.748 -13.895
v -43.274 -11.3 -14.28
v -43.401 -10.81 -13.757
v -42.488 -12.981 -13.964
v -42.196 -13.505 -13.645
v -42.241 -13.576 -14.297
v -43.641 -10.238 -13.52
v -43.612 -10.525 -14.172
v -43.84 -9.7477 -13.749
v -41.901 -14.132 -13.474
v -41.545 -14.886 -13.73
v -41.91 -14.391 -14.091
v -40.055 -19.175 -19.785
v -40.574 -19.163 -20.073
v -40.095 -18.596 -19.56
v -40.549 -18.079 -19.732
v -40.095 -18.596 -19.56
v -40.574 -19.163 -20.073
v -41.212 -23.216 -12.133
v -41.826 -22.393 -12.159
v -41.792 -22.563 -12.754
v -42.235 -21.621 -11.683
v -42.714 -21.005 -11.898
v -42.475 -21.457 -12.182
v -51.09 4.1987 -12.978
v -50.942 4.2556 -12.608
v -51.004 4.5648 -12.954
v -47.924 -7.4336 -6.6199
v -47.739 -8.4719 -7.002
v -47.616 -8.136 -6.2133
v -44.52 -8.1146 -14.711
v -44.607 -7.8299 -14.933
v -44.76 -7.2412 -14.429
v -36.467 -22.895 -17.296
v -35.876 -23.579 -17.869
v -36.322 -23.103 -17.748
v -36.567 -25.053 -14.162
v -36.901 -25.484 -15.054
v -36.208 -24.778 -15.005
v -42.071 -20.063 -6.491
v -42.056 -20.441 -7.2776
v -41.684 -20.654 -6.4274
v -35.935 -24.81 -16.462
v -36.303 -24.887 -15.572
v -36.305 -25.11 -16.193
v -38.727 -25.256 -8.5212
v -39.066 -24.928 -8.5364
v -38.973 -25.168 -8.8975
v -40.561 -24.316 -13.36
v -40.31 -24.721 -13.731
v -40.111 -24.865 -13.239
v -48.376 -9.0739 -11.077
v -48.536 -8.7148 -11.597
v -48.229 -9.6048 -11.429
v -37.34 -25.917 -12.606
v -37.143 -25.658 -12.877
v -37.181 -25.049 -11.999
v -41.792 -22.563 -12.754
v -41.33 -23.192 -12.746
v -41.212 -23.216 -12.133
v -40.304 -23.217 -8.1159
v -39.912 -23.632 -7.6785
v -40.537 -22.702 -7.5417
v -37.405 -25.137 -11.173
v -37.791 -25.994 -11.18
v -37.517 -25.93 -11.868
v -39.369 -24.353 -7.9187
v -39.912 -23.632 -7.6785
v -39.991 -23.798 -8.5942
v -46.541 -11.046 -6.0424
v -46.621 -11.101 -6.3716
v -46.408 -11.394 -5.9501
v -48.661 -5.7969 -7.6693
v -48.494 -6.2597 -7.48
v -48.633 -5.4666 -7.253
v -49.454 6.381 -19.133
v -48.819 6.3289 -19.232
v -49.452 5.9102 -19.402
v -49.452 5.9102 -19.402
v -48.522 6.1535 -19.303
v -49.019 4.479 -19.488
v -48.522 6.1535 -19.303
v -48.307 4.5227 -19.345
v -49.019 4.479 -19.488
v -46.324 -1.3196 -17.91
v -46.379 -0.71936 -16.995
v -46.158 -2.2667 -17.033
v -51.013 3.6117 -12.393
v -50.9 3.6978 -12.134
v -50.942 4.2556 -12.608
v -50.981 6.2848 -14.96
v -50.527 6.1385 -15.451
v -50.914 6.2308 -16.393
v -35.511 -24.619 -17.297
v -35.532 -24.506 -17.891
v -35.456 -24.128 -17.38
v -46.464 -0.050969 -17.585
v -46.324 -1.3196 -17.91
v -46.682 -1.4277 -18.961
v -46.565 0.34967 -17.959
v -46.682 -1.4277 -18.961
v -46.883 1.1919 -18.514
v -45.449 -5.1974 -16.185
v -46.075 -2.598 -16.023
v -45.705 -4.2222 -15.54
v -46.464 -0.050969 -17.585
v -46.682 -1.4277 -18.961
v -46.565 0.34967 -17.959
v -43.865 -16.874 -6.1022
v -43.159 -18.589 -7.0276
v -42.757 -18.803 -6.1309
v -44.311 -8.7141 -14.296
v -44.52 -8.1146 -14.711
v -44.409 -8.2324 -14.251
v -49.619 6.2871 -18.631
v -50.05 6.2342 -18.272
v -49.62 6.1689 -17.958
v -50.86 -1.0994 -15.089
v -50.693 -1.9637 -15.046
v -50.703 -1.3018 -13.788
v -50.834 -0.87086 -14.467
v -50.86 -1.0994 -15.089
v -50.703 -1.3018 -13.788
v -49.997 -1.4725 -9.7911
v -49.877 -1.246 -9.1287
v -50.128 -0.44999 -9.6647
v -50.92 2.942 -12.198
v -50.794 2.2146 -11.461
v -50.816 2.766 -11.668
v -35.935 -24.81 -16.462
v -35.511 -24.619 -17.297
v -35.634 -24.544 -16.583
v -51.234 5.4062 -14.061
v -50.863 5.6011 -13.979
v -51.206 5.7001 -14.321
v -43.784 -10.131 -14.717
v -44.001 -9.4971 -14.456
v -43.84 -9.7477 -13.749
v -36.932 -22.252 -16.615
v -36.619 -22.71 -16.653
v -36.948 -22.363 -17.217
v -36.948 -22.363 -17.217
v -36.619 -22.71 -16.653
v -36.467 -22.895 -17.296
v -49.667 -5.3636 -12.491
v -49.612 -5.9017 -12.855
v -49.464 -6.1014 -12.242
v -38.06 -26.682 -16.842
v -37.735 -26.346 -16.258
v -38.148 -26.823 -16.659
v -47.924 -7.4336 -6.6199
v -48.191 -6.9053 -6.9427
v -48.149 -7.3807 -7.3574
v -36.303 -24.887 -15.572
v -36.208 -24.778 -15.005
v -36.901 -25.484 -15.054
v -51.09 4.1987 -12.978
v -51.013 3.6117 -12.393
v -50.942 4.2556 -12.608
v -43.84 -9.7477 -13.749
v -43.612 -10.525 -14.172
v -43.784 -10.131 -14.717
v -50.728 1.555 -11.489
v -50.638 1.9891 -11.017
v -50.794 2.2146 -11.461
v -47.411 -8.9755 -6.5192
v -47.616 -8.136 -6.2133
v -47.739 -8.4719 -7.002
v -38.095 -20.697 -15.994
v -37.748 -21.126 -15.983
v -37.822 -21.122 -16.344
v -49.835 -4.8131 -12.862
v -49.612 -5.9017 -12.855
v -49.667 -5.3636 -12.491
v -42.488 -12.981 -13.964
v -42.557 -12.92 -14.483
v -42.626 -12.542 -13.736
v -44.842 -7.0504 -15.118
v -45.111 -6.308 -15.86
v -45.096 -6.2545 -15.018
v -47.186 -9.3125 -6.0815
v -47.411 -8.9755 -6.5192
v -47.279 -9.722 -6.7967
v -37.34 -25.917 -12.606
v -37.181 -25.049 -11.999
v -37.517 -25.93 -11.868
v -46.944 -10.084 -6.2029
v -47.186 -9.3125 -6.0815
v -47.279 -9.722 -6.7967
v -50.994 -0.26979 -15.064
v -50.993 -0.36404 -16.03
v -50.86 -1.0994 -15.089
v -38.095 -20.697 -15.994
v -38.465 -20.234 -16.223
v -38.273 -20.303 -15.522
v -36.779 -24.764 -20.209
v -37.069 -25.879 -20.134
v -37.268 -25.652 -20.228
v -47.073 -10.296 -6.91
v -46.84 -10.596 -6.4146
v -46.944 -10.084 -6.2029
v -44.607 -7.8299 -14.933
v -44.842 -7.0504 -15.118
v -44.76 -7.2412 -14.429
v -37.684 -25.424 -10.758
v -38.227 -25.948 -10.45
v -37.791 -25.994 -11.18
v -46.541 -11.046 -6.0424
v -46.671 -10.56 -5.7526
v -46.84 -10.596 -6.4146
v -38.377 -25.701 -10.002
v -38.008 -25.395 -10.185
v -38.35 -25.535 -9.6723
v -42.626 -12.542 -13.736
v -42.869 -12.271 -14.49
v -42.998 -11.748 -13.895
v -46.621 -11.101 -6.3716
v -46.502 -11.582 -6.5756
v -46.408 -11.394 -5.9501
v -41.001 -15.75 -14.061
v -40.696 -16.225 -14.406
v -41.326 -15.347 -14.483
v -41.604 -14.892 -14.45
v -41.91 -14.391 -14.091
v -41.545 -14.886 -13.73
v -40.304 -23.217 -8.1159
v -39.991 -23.798 -8.5942
v -39.912 -23.632 -7.6785
v -38.655 -23.028 -20.36
v -37.486 -23.399 -20.028
v -37.971 -23.952 -20.505
v -38.034 -22.269 -19.901
v -37.486 -23.399 -20.028
v -38.655 -23.028 -20.36
v -38.834 -25.478 -9.4583
v -38.472 -25.367 -8.8749
v -38.973 -25.168 -8.8975
v -41.326 -15.347 -14.483
v -41.604 -14.892 -14.45
v -41.545 -14.886 -13.73
v -38.472 -25.367 -8.8749
v -38.834 -25.478 -9.4583
v -38.519 -25.479 -9.2514
v -40.996 -21.729 -6.7149
v -41.5 -21.068 -6.788
v -41.53 -21.274 -7.4276
v -39.614 -18.177 -14.849
v -39.975 -17.62 -15.369
v -39.946 -17.543 -14.678
v -41.545 -14.886 -13.73
v -41.001 -15.75 -14.061
v -41.326 -15.347 -14.483
v -41.53 -21.274 -7.4276
v -41.2 -21.85 -7.5658
v -40.996 -21.729 -6.7149
v -44.311 -8.7141 -14.296
v -44.243 -9.0036 -14.846
v -44.52 -8.1146 -14.711
v -42.557 -12.92 -14.483
v -42.869 -12.271 -14.49
v -42.626 -12.542 -13.736
v -37.538 -21.528 -16.42
v -37.222 -21.858 -16.231
v -37.419 -21.756 -17.073
v -49.072 0.36439 -19.703
v -48.583 -1.3045 -19.833
v -49.51 -0.35722 -19.54
v -48.922 -4.7202 -7.5419
v -48.85 -5.5375 -8.1997
v -48.633 -5.4666 -7.253
v -51.223 1.9205 -16.207
v -51.015 1.4496 -17.716
v -51.192 1.1927 -16.243
v -48.661 -5.7969 -7.6693
v -48.633 -5.4666 -7.253
v -48.85 -5.5375 -8.1997
v -46.797 -5.2355 -19.958
v -47.221 -4.2004 -19.96
v -46.436 -4.7569 -19.68
v -51.128 2.4 -17.476
v -51.015 1.4496 -17.716
v -51.223 1.9205 -16.207
v -44.001 -9.4971 -14.456
v -44.243 -9.0036 -14.846
v -44.311 -8.7141 -14.296
v -40.25 -19.677 -20.118
v -40.055 -19.175 -19.785
v -39.33 -19.781 -19.526
v -38.465 -20.234 -16.223
v -38.654 -19.789 -15.599
v -38.273 -20.303 -15.522
v -36.019 -25.022 -17.166
v -35.511 -24.619 -17.297
v -35.935 -24.81 -16.462
v -50.977 1.7979 -17.949
v -51.015 1.4496 -17.716
v -51.128 2.4 -17.476
v -37.419 -21.756 -17.073
v -37.222 -21.858 -16.231
v -36.932 -22.252 -16.615
v -51.206 5.7001 -14.321
v -50.961 6.1807 -14.531
v -51.355 5.7805 -14.653
v -50.903 2.6386 -18.199
v -50.977 1.7979 -17.949
v -51.128 2.4 -17.476
v -41.91 -14.391 -14.091
v -42.241 -13.576 -14.297
v -42.196 -13.505 -13.645
v -48.333 -6.2424 -6.7962
v -48.494 -6.2597 -7.48
v -48.191 -6.9053 -6.9427
v -37.069 -25.879 -20.134
v -36.819 -25.852 -19.635
v -37.464 -26.398 -19.728
v -49.534 -2.6624 -8.5937
v -49.699 -1.8277 -8.638
v -49.668 -2.8401 -9.2518
v -49.467 -3.2931 -8.7642
v -49.534 -2.6624 -8.5937
v -49.668 -2.8401 -9.2518
v -36.322 -23.103 -17.748
v -35.876 -23.579 -17.869
v -36.317 -23.153 -18.211
v -39.308 -18.674 -15.155
v -38.893 -19.27 -15.2
v -39.185 -19.049 -16.048
v -49.308 -4.1581 -8.8661
v -49.295 -3.4139 -8.0418
v -49.467 -3.2931 -8.7642
v -38.893 -19.27 -15.2
v -38.654 -19.789 -15.599
v -38.858 -19.634 -16.263
v -41.326 -15.347 -14.483
v -40.696 -16.225 -14.406
v -40.809 -16.197 -14.997
v -49.877 -1.246 -9.1287
v -49.997 -1.4725 -9.7911
v -49.813 -1.9806 -9.4157
v -40.4 -16.827 -14.765
v -40.809 -16.197 -14.997
v -40.696 -16.225 -14.406
v -43.612 -10.525 -14.172
v -43.401 -10.81 -13.757
v -43.49 -10.829 -14.777
v -43.401 -10.81 -13.757
v -43.274 -11.3 -14.28
v -43.49 -10.829 -14.777
v -43.49 -10.829 -14.777
v -43.274 -11.3 -14.28
v -43.201 -11.472 -14.809
v -47.279 -9.722 -6.7967
v -47.073 -10.296 -6.91
v -46.944 -10.084 -6.2029
v -49.813 -1.9806 -9.4157
v -49.668 -2.8401 -9.2518
v -49.699 -1.8277 -8.638
v -39.57 -18.382 -15.597
v -39.975 -17.62 -15.369
v -39.614 -18.177 -14.849
v -38.008 -25.395 -10.185
v -38.377 -25.701 -10.002
v -38.227 -25.948 -10.45
v -45.282 -5.7313 -15.537
v -45.449 -5.1974 -16.185
v -45.443 -5.2015 -15.31
v -39.614 -18.177 -14.849
v -39.308 -18.674 -15.155
v -39.57 -18.382 -15.597
v -42.869 -12.271 -14.49
v -43.201 -11.472 -14.809
v -42.998 -11.748 -13.895
v -46.84 -10.596 -6.4146
v -46.621 -11.101 -6.3716
v -46.541 -11.046 -6.0424
v -49.023 -7.2642 -11.574
v -49.044 -7.5248 -12.201
v -48.772 -8.0508 -11.616
v -42.426 -13.845 -19.234
v -42.127 -14.603 -19.255
v -42.652 -14.839 -19.872
v -45.111 -6.308 -15.86
v -45.282 -5.7313 -15.537
v -45.096 -6.2545 -15.018
v -40.353 -17.033 -15.513
v -39.946 -17.543 -14.678
v -39.975 -17.62 -15.369
v -39.946 -17.543 -14.678
v -40.353 -17.033 -15.513
v -40.4 -16.827 -14.765
v -42.241 -13.576 -14.297
v -42.557 -12.92 -14.483
v -42.488 -12.981 -13.964
v -50.128 -0.44999 -9.6647
v -50.365 0.15129 -10.613
v -50.301 -0.35549 -10.534
v -39.991 -23.798 -8.5942
v -39.486 -24.434 -8.4697
v -39.369 -24.353 -7.9187
v -42.056 -20.441 -7.2776
v -41.5 -21.068 -6.788
v -41.684 -20.654 -6.4274
v -44.607 -7.8299 -14.933
v -44.803 -7.3279 -15.648
v -44.842 -7.0504 -15.118
v -46.502 -11.582 -6.5756
v -46.169 -11.811 -5.6625
v -46.408 -11.394 -5.9501
v -35.793 -23.906 -18.702
v -35.876 -23.579 -17.869
v -35.456 -24.128 -17.38
v -44.737 -14.988 -5.6596
v -44.684 -15.46 -6.5888
v -43.976 -16.315 -5.4463
v -47.667 4.161 -18.988
v -47.369 1.9712 -18.989
v -48.069 2.0865 -19.474
v -50.994 -0.26979 -15.064
v -51.052 0.4807 -14.939
v -51.092 0.4169 -15.9
v -44.684 -15.46 -6.5888
v -44.403 -16.585 -7.2631
v -43.976 -16.315 -5.4463
v -45.753 -4.0855 -17.454
v -46.158 -2.2667 -17.033
v -46.075 -2.598 -16.023
v -43.976 -16.315 -5.4463
v -44.403 -16.585 -7.2631
v -43.865 -16.874 -6.1022
v -45.449 -5.1974 -16.185
v -45.753 -4.0855 -17.454
v -46.075 -2.598 -16.023
v -45.449 -5.1974 -16.185
v -45.705 -4.2222 -15.54
v -45.443 -5.2015 -15.31
v -46.612 -13.347 -10.598
v -46.51 -13.853 -11.112
v -46.27 -14.195 -10.602
v -51.004 4.5648 -12.954
v -51.106 4.9659 -13.486
v -51.236 4.6755 -13.487
v -50.527 6.1385 -15.451
v -50.203 6.1682 -16.119
v -50.914 6.2308 -16.393
v -50.961 6.1807 -14.531
v -50.981 6.2848 -14.96
v -51.36 6.0806 -15.058
v -51.236 4.6755 -13.487
v -51.09 4.1987 -12.978
v -51.004 4.5648 -12.954
v -51.355 5.7805 -14.653
v -50.961 6.1807 -14.531
v -51.36 6.0806 -15.058
v -50.378 6.1903 -16.927
v -49.62 6.1689 -17.958
v -50.05 6.2342 -18.272
v -44.001 -9.4971 -14.456
v -44.022 -9.5925 -15.114
v -44.243 -9.0036 -14.846
v -48.85 -5.5375 -8.1997
v -48.922 -4.7202 -7.5419
v -49.048 -4.4491 -7.8667
v -50.914 6.2308 -16.393
v -50.203 6.1682 -16.119
v -50.378 6.1903 -16.927
v -51.234 5.4062 -14.061
v -51.206 5.7001 -14.321
v -51.355 5.7805 -14.653
v -43.112 -12.917 -19.469
v -43.781 -12.197 -19.746
v -43.333 -12.127 -19.321
v -43.784 -10.131 -14.717
v -44.022 -9.5925 -15.114
v -44.001 -9.4971 -14.456
v -51.106 4.9659 -13.486
v -51.234 5.4062 -14.061
v -51.267 4.9607 -13.928
v -51.236 4.6755 -13.487
v -51.106 4.9659 -13.486
v -51.267 4.9607 -13.928
v -36.948 -22.363 -17.217
v -37.419 -21.756 -17.073
v -36.932 -22.252 -16.615
v -40.111 -24.865 -13.239
v -39.936 -25.244 -14.056
v -39.844 -25.254 -13.57
v -48.149 -7.3807 -7.3574
v -47.954 -8.105 -7.4799
v -47.924 -7.4336 -6.6199
v -39.57 -18.382 -15.597
v -39.308 -18.674 -15.155
v -39.185 -19.049 -16.048
v -47.924 -7.4336 -6.6199
v -47.954 -8.105 -7.4799
v -47.739 -8.4719 -7.002
v -42.974 -20.381 -11.088
v -43.611 -19.404 -11.344
v -43.465 -19.751 -11.682
v -43.49 -10.829 -14.777
v -43.784 -10.131 -14.717
v -43.612 -10.525 -14.172
v -40.992 -23.684 -12.984
v -40.561 -24.316 -13.36
v -40.381 -24.431 -12.819
v -38.858 -19.634 -16.263
v -39.185 -19.049 -16.048
v -38.893 -19.27 -15.2
v -50.728 1.555 -11.489
v -50.794 2.2146 -11.461
v -50.857 2.0473 -11.966
v -46.612 -13.347 -10.598
v -46.836 -12.831 -10.443
v -47.058 -12.526 -10.978
v -47.463 -9.443 -7.1894
v -47.411 -8.9755 -6.5192
v -47.739 -8.4719 -7.002
v -47.463 -9.443 -7.1894
v -47.279 -9.722 -6.7967
v -47.411 -8.9755 -6.5192
v -44.575 -7.9324 -15.406
v -44.803 -7.3279 -15.648
v -44.607 -7.8299 -14.933
v -37.822 -21.122 -16.344
v -38.018 -20.827 -16.752
v -38.095 -20.697 -15.994
v -43.201 -11.472 -14.809
v -43.274 -11.3 -14.28
v -42.998 -11.748 -13.895
v -50.571 1.2438 -10.821
v -50.547 0.65856 -10.874
v -50.409 0.82694 -10.194
v -44.607 -7.8299 -14.933
v -44.52 -8.1146 -14.711
v -44.575 -7.9324 -15.406
v -50.365 0.15129 -10.613
v -50.409 0.82694 -10.194
v -50.547 0.65856 -10.874
v -44.264 -8.73 -15.327
v -44.575 -7.9324 -15.406
v -44.52 -8.1146 -14.711
v -40.809 -16.197 -14.997
v -40.4 -16.827 -14.765
v -40.724 -16.396 -15.604
v -49.295 -3.4139 -8.0418
v -49.308 -4.1581 -8.8661
v -49.048 -4.4491 -7.8667
v -44.243 -9.0036 -14.846
v -44.264 -8.73 -15.327
v -44.52 -8.1146 -14.711
v -42.056 -20.441 -7.2776
v -41.53 -21.274 -7.4276
v -41.5 -21.068 -6.788
v -41.326 -15.347 -14.483
v -40.809 -16.197 -14.997
v -41.31 -15.403 -15.082
v -45.828 -15.303 -11.257
v -45.912 -14.807 -10.093
v -45.975 -14.877 -10.769
v -40.353 -17.033 -15.513
v -40.724 -16.396 -15.604
v -40.4 -16.827 -14.765
v -45.497 -8.2832 -19.893
v -45.971 -7.1818 -19.838
v -44.969 -8.2742 -19.416
v -38.35 -25.535 -9.6723
v -38.519 -25.479 -9.2514
v -38.834 -25.478 -9.4583
v -41.826 -22.393 -12.159
v -42.235 -21.621 -11.683
v -42.475 -21.457 -12.182
v -40.537 -22.702 -7.5417
v -40.816 -22.295 -7.4429
v -40.935 -22.403 -8.137
v -40.935 -22.403 -8.137
v -40.304 -23.217 -8.1159
v -40.537 -22.702 -7.5417
v -39.379 -24.785 -9.2899
v -38.973 -25.168 -8.8975
v -39.066 -24.928 -8.5364
v -47.639 -10.917 -10.633
v -47.753 -11.022 -11.496
v -47.384 -11.566 -10.619
v -42.869 -12.271 -14.49
v -42.557 -12.92 -14.483
v -42.687 -12.668 -14.906
v -44.243 -9.0036 -14.846
v -44.022 -9.5925 -15.114
v -44.264 -8.73 -15.327
v -51.355 5.7805 -14.653
v -51.383 5.1103 -14.629
v -51.234 5.4062 -14.061
v -39.255 -26.156 -14.64
v -38.658 -26.751 -14.198
v -39.135 -26.084 -13.495
v -42.286 -13.574 -14.818
v -42.557 -12.92 -14.483
v -42.241 -13.576 -14.297
v -41.31 -15.403 -15.082
v -41.604 -14.892 -14.45
v -41.326 -15.347 -14.483
v -37.822 -21.122 -16.344
v -37.538 -21.528 -16.42
v -37.714 -21.3 -16.967
v -37.714 -21.3 -16.967
v -38.018 -20.827 -16.752
v -37.822 -21.122 -16.344
v -42.241 -13.576 -14.297
v -42.033 -14.145 -14.841
v -42.286 -13.574 -14.818
v -37.419 -21.756 -17.073
v -37.714 -21.3 -16.967
v -37.538 -21.528 -16.42
v -51.128 3.4507 -13.412
v -51.09 4.1987 -12.978
v -51.236 4.6755 -13.487
v -45.355 -5.5095 -16.543
v -45.449 -5.1974 -16.185
v -45.282 -5.7313 -15.537
v -36.948 -22.363 -17.217
v -37.262 -21.934 -17.596
v -37.419 -21.756 -17.073
v -47.965 -10.197 -10.889
v -47.753 -11.022 -11.496
v -47.639 -10.917 -10.633
v -45.111 -6.308 -15.86
v -45.355 -5.5095 -16.543
v -45.282 -5.7313 -15.537
v -42.241 -13.576 -14.297
v -41.91 -14.391 -14.091
v -42.033 -14.145 -14.841
v -41.604 -14.892 -14.45
v -42.033 -14.145 -14.841
v -41.91 -14.391 -14.091
v -36.467 -22.895 -17.296
v -36.697 -22.646 -17.956
v -36.948 -22.363 -17.217
v -38.055 -26.619 -15.831
v -38.356 -26.881 -15.83
v -38.33 -26.892 -16.289
v -45.111 -6.308 -15.86
v -44.842 -7.0504 -15.118
v -44.803 -7.3279 -15.648
v -50.857 2.0473 -11.966
v -50.794 2.2146 -11.461
v -50.92 2.942 -12.198
v -37.735 -26.346 -16.258
v -38.055 -26.619 -15.831
v -38.33 -26.892 -16.289
v -38.33 -26.892 -16.289
v -38.148 -26.823 -16.659
v -37.735 -26.346 -16.258
v -48.494 -6.2597 -7.48
v -48.496 -6.8017 -8.1453
v -48.191 -6.9053 -6.9427
v -41.022 -17.565 -19.883
v -41.572 -16.658 -19.858
v -41.15 -16.697 -19.467
v -48.149 -7.3807 -7.3574
v -48.191 -6.9053 -6.9427
v -48.496 -6.8017 -8.1453
v -37.869 -26.501 -17.028
v -37.735 -26.346 -16.258
v -38.06 -26.682 -16.842
v -38.858 -19.634 -16.263
v -38.654 -19.789 -15.599
v -38.465 -20.234 -16.223
v -50.301 -0.35549 -10.534
v -50.177 -1.2552 -10.373
v -50.128 -0.44999 -9.6647
v -38.095 -20.697 -15.994
v -38.018 -20.827 -16.752
v -38.465 -20.234 -16.223
v -49.997 -1.4725 -9.7911
v -50.128 -0.44999 -9.6647
v -50.177 -1.2552 -10.373
v -36.317 -23.153 -18.211
v -35.876 -23.579 -17.869
v -35.793 -23.906 -18.702
v -41.975 -15.46 -19.623
v -41.599 -15.792 -19.487
v -41.572 -16.658 -19.858
v -50.903 2.6386 -18.199
v -50.556 1.6295 -18.681
v -50.977 1.7979 -17.949
v -42.071 -20.063 -6.491
v -42.475 -19.929 -7.6997
v -42.056 -20.441 -7.2776
v -39.066 -24.928 -8.5364
v -39.486 -24.434 -8.4697
v -39.583 -24.43 -9.0731
v -36.322 -23.103 -17.748
v -36.697 -22.646 -17.956
v -36.467 -22.895 -17.296
v -36.88 -25.196 -13.626
v -36.976 -25.351 -13.257
v -37.189 -25.632 -13.65
v -38.35 -25.535 -9.6723
v -38.834 -25.478 -9.4583
v -38.633 -25.698 -9.9772
v -37.143 -25.658 -12.877
v -37.189 -25.632 -13.65
v -36.976 -25.351 -13.257
v -48.005 -10.408 -11.777
v -47.965 -10.197 -10.889
v -48.229 -9.6048 -11.429
v -39.583 -24.43 -9.0731
v -39.379 -24.785 -9.2899
v -39.066 -24.928 -8.5364
v -46.621 -11.101 -6.3716
v -46.84 -10.596 -6.4146
v -46.827 -10.878 -6.8838
v -45.093 -15.268 -7.3184
v -44.684 -15.46 -6.5888
v -44.737 -14.988 -5.6596
v -47.073 -10.296 -6.91
v -46.827 -10.878 -6.8838
v -46.84 -10.596 -6.4146
v -38.377 -25.701 -10.002
v -38.35 -25.535 -9.6723
v -38.633 -25.698 -9.9772
v -35.793 -23.906 -18.702
v -35.456 -24.128 -17.38
v -35.657 -24.534 -18.817
v -35.456 -24.128 -17.38
v -35.532 -24.506 -17.891
v -35.657 -24.534 -18.817
v -35.657 -24.534 -18.817
v -35.532 -24.506 -17.891
v -35.69 -24.728 -18.258
v -49.454 6.381 -19.133
v -49.452 5.9102 -19.402
v -49.794 6.2366 -19.07
v -49.619 6.2871 -18.631
v -49.454 6.381 -19.133
v -49.794 6.2366 -19.07
v -50.05 6.2342 -18.272
v -49.619 6.2871 -18.631
v -49.794 6.2366 -19.07
v -35.881 -24.937 -17.772
v -35.69 -24.728 -18.258
v -35.532 -24.506 -17.891
v -48.307 4.5227 -19.345
v -47.667 4.161 -18.988
v -48.486 3.0893 -19.496
v -45.572 -13.68 -6.5903
v -46.169 -11.811 -5.6625
v -46.502 -11.582 -6.5756
v -35.511 -24.619 -17.297
v -35.881 -24.937 -17.772
v -35.532 -24.506 -17.891
v -39.486 -25.794 -14.193
v -39.135 -26.084 -13.495
v -39.844 -25.254 -13.57
v -47.369 1.9712 -18.989
v -46.883 1.1919 -18.514
v -47.209 -0.67114 -19.345
v -39.135 -26.084 -13.495
v -39.425 -25.616 -12.918
v -39.844 -25.254 -13.57
v -38.278 -26.748 -15.385
v -38.33 -26.743 -15.07
v -38.867 -26.684 -15.117
v -50.981 6.2848 -14.96
v -50.914 6.2308 -16.393
v -51.302 6.1535 -15.818
v -46.682 -1.4277 -18.961
v -47.209 -0.67114 -19.345
v -46.883 1.1919 -18.514
v -51.36 6.0806 -15.058
v -50.981 6.2848 -14.96
v -51.302 6.1535 -15.818
v -38.867 -26.684 -15.117
v -38.327 -26.784 -14.738
v -38.782 -26.701 -14.684
v -51.09 4.1987 -12.978
v -51.128 3.4507 -13.412
v -51.013 3.6117 -12.393
v -38.33 -26.743 -15.07
v -38.327 -26.784 -14.738
v -38.867 -26.684 -15.117
v -47.965 -10.197 -10.889
v -48.376 -9.0739 -11.077
v -48.229 -9.6048 -11.429
v -44.737 -14.988 -5.6596
v -45.572 -13.68 -6.5903
v -45.093 -15.268 -7.3184
v -46.125 -3.2536 -18.553
v -46.682 -1.4277 -18.961
v -46.324 -1.3196 -17.91
v -44.403 -16.585 -7.2631
v -43.159 -18.589 -7.0276
v -43.865 -16.874 -6.1022
v -43.159 -18.589 -7.0276
v -42.475 -19.929 -7.6997
v -42.757 -18.803 -6.1309
v -42.071 -20.063 -6.491
v -42.757 -18.803 -6.1309
v -42.475 -19.929 -7.6997
v -49.278 -6.7291 -12.102
v -49.044 -7.5248 -12.201
v -49.023 -7.2642 -11.574
v -51.267 4.9607 -13.928
v -51.234 5.4062 -14.061
v -51.383 5.1103 -14.629
v -50.728 1.555 -11.489
v -50.727 1.0688 -11.904
v -50.571 1.2438 -10.821
v -39.975 -17.62 -15.369
v -39.57 -18.382 -15.597
v -40.132 -17.617 -16.032
v -51.33 4.4394 -14.436
v -51.236 4.6755 -13.487
v -51.267 4.9607 -13.928
v -49.668 -2.8401 -9.2518
v -49.813 -1.9806 -9.4157
v -49.776 -2.4915 -9.6687
v -48.772 -8.0508 -11.616
v -48.536 -8.7148 -11.597
v -48.594 -8.3147 -10.921
v -49.467 -3.2931 -8.7642
v -49.668 -2.8401 -9.2518
v -49.525 -3.3439 -9.2733
v -51.128 3.4507 -13.412
v -51.04 2.9541 -12.889
v -51.013 3.6117 -12.393
v -41.33 -23.192 -12.746
v -40.992 -23.684 -12.984
v -40.637 -24.041 -12.279
v -44.814 -7.2887 -16.092
v -45.111 -6.308 -15.86
v -44.803 -7.3279 -15.648
v -51.013 3.6117 -12.393
v -51.04 2.9541 -12.889
v -50.92 2.942 -12.198
v -45.198 -5.9603 -16.925
v -45.355 -5.5095 -16.543
v -45.111 -6.308 -15.86
v -48.594 -8.3147 -10.921
v -48.536 -8.7148 -11.597
v -48.376 -9.0739 -11.077
v -49.308 -4.1581 -8.8661
v -49.467 -3.2931 -8.7642
v -49.525 -3.3439 -9.2733
v -50.703 -1.3018 -13.788
v -50.516 -2.5594 -14.205
v -50.486 -2.1925 -13.527
v -49.048 -4.4491 -7.8667
v -49.032 -5.1614 -8.5634
v -48.85 -5.5375 -8.1997
v -49.196 -4.7482 -8.9163
v -49.048 -4.4491 -7.8667
v -49.308 -4.1581 -8.8661
v -38.018 -20.827 -16.752
v -38.392 -20.373 -16.792
v -38.465 -20.234 -16.223
v -43.733 -10.367 -15.577
v -43.784 -10.131 -14.717
v -43.49 -10.829 -14.777
v -44.546 -7.9198 -16.131
v -44.575 -7.9324 -15.406
v -44.423 -8.4025 -15.896
v -48.63 -6.1541 -7.9778
v -48.661 -5.7969 -7.6693
v -48.85 -5.5375 -8.1997
v -36.697 -22.646 -17.956
v -36.322 -23.103 -17.748
v -36.317 -23.153 -18.211
v -44.264 -8.73 -15.327
v -44.423 -8.4025 -15.896
v -44.575 -7.9324 -15.406
v -48.494 -6.2597 -7.48
v -48.661 -5.7969 -7.6693
v -48.63 -6.1541 -7.9778
v -42.869 -12.271 -14.49
v -42.925 -12.105 -15.186
v -43.201 -11.472 -14.809
v -42.925 -12.105 -15.186
v -42.869 -12.271 -14.49
v -42.687 -12.668 -14.906
v -36.019 -25.022 -17.166
v -35.935 -24.81 -16.462
v -36.376 -25.277 -16.833
v -50.071 -4.146 -13.149
v -49.835 -4.8131 -12.862
v -49.913 -4.1047 -12.295
v -51.13 1.1289 -15.605
v -51.192 1.1927 -16.243
v -51.092 0.4169 -15.9
v -40.353 -17.033 -15.513
v -39.975 -17.62 -15.369
v -40.132 -17.617 -16.032
v -38.227 -25.948 -10.45
v -38.377 -25.701 -10.002
v -38.633 -25.698 -9.9772
v -36.948 -22.363 -17.217
v -37.013 -22.271 -17.762
v -37.262 -21.934 -17.596
v -49.048 -4.4491 -7.8667
v -49.196 -4.7482 -8.9163
v -49.032 -5.1614 -8.5634
v -36.948 -22.363 -17.217
v -36.697 -22.646 -17.956
v -37.013 -22.271 -17.762
v -41.534 -21.537 -7.9978
v -41.2 -21.85 -7.5658
v -41.53 -21.274 -7.4276
v -41.2 -21.85 -7.5658
v -41.236 -22.052 -8.4955
v -40.816 -22.295 -7.4429
v -39.379 -24.785 -9.2899
v -38.834 -25.478 -9.4583
v -38.973 -25.168 -8.8975
v -49.928 -2.153 -10.199
v -49.813 -1.9806 -9.4157
v -49.997 -1.4725 -9.7911
v -37.16 -26.142 -19.089
v -37.464 -26.398 -19.728
v -36.819 -25.852 -19.635
v -49.813 -1.9806 -9.4157
v -49.928 -2.153 -10.199
v -49.776 -2.4915 -9.6687
v -42.687 -12.668 -14.906
v -42.557 -12.92 -14.483
v -42.5 -13.047 -15.214
v -51.33 4.4394 -14.436
v -51.267 4.9607 -13.928
v -51.383 5.1103 -14.629
v -45.382 -5.384 -17.155
v -45.753 -4.0855 -17.454
v -45.449 -5.1974 -16.185
v -42.286 -13.574 -14.818
v -42.5 -13.047 -15.214
v -42.557 -12.92 -14.483
v -45.355 -5.5095 -16.543
v -45.382 -5.384 -17.155
v -45.449 -5.1974 -16.185
v -45.382 -5.384 -17.155
v -45.355 -5.5095 -16.543
v -45.198 -5.9603 -16.925
v -39.714 -18.215 -16.165
v -40.132 -17.617 -16.032
v -39.57 -18.382 -15.597
v -48.496 -6.8017 -8.1453
v -48.494 -6.2597 -7.48
v -48.63 -6.1541 -7.9778
v -51.244 3.8937 -13.99
v -51.236 4.6755 -13.487
v -51.33 4.4394 -14.436
v -51.128 3.4507 -13.412
v -51.236 4.6755 -13.487
v -51.244 3.8937 -13.99
v -45.015 -6.6233 -16.382
v -45.198 -5.9603 -16.925
v -45.111 -6.308 -15.86
v -41.236 -22.052 -8.4955
v -40.935 -22.403 -8.137
v -40.816 -22.295 -7.4429
v -42.235 -21.621 -11.683
v -42.538 -21.017 -11.238
v -42.714 -21.005 -11.898
v -44.814 -7.2887 -16.092
v -45.015 -6.6233 -16.382
v -45.111 -6.308 -15.86
v -51.001 2.4687 -12.482
v -50.857 2.0473 -11.966
v -50.92 2.942 -12.198
v -44.022 -9.5925 -15.114
v -43.784 -10.131 -14.717
v -43.733 -10.367 -15.577
v -40.724 -16.396 -15.604
v -41.284 -15.523 -15.781
v -41.31 -15.403 -15.082
v -41.31 -15.403 -15.082
v -40.809 -16.197 -14.997
v -40.724 -16.396 -15.604
v -44.546 -7.9198 -16.131
v -44.814 -7.2887 -16.092
v -44.803 -7.3279 -15.648
v -50.377 -2.7913 -13.441
v -50.486 -2.1925 -13.527
v -50.516 -2.5594 -14.205
v -43.483 -10.934 -15.29
v -43.733 -10.367 -15.577
v -43.49 -10.829 -14.777
v -39.583 -24.43 -9.0731
v -39.486 -24.434 -8.4697
v -39.991 -23.798 -8.5942
v -44.803 -7.3279 -15.648
v -44.575 -7.9324 -15.406
v -44.546 -7.9198 -16.131
v -43.201 -11.472 -14.809
v -43.483 -10.934 -15.29
v -43.49 -10.829 -14.777
v -44.969 -8.2742 -19.416
v -44.928 -9.1593 -19.75
v -45.497 -8.2832 -19.893
v -42.033 -14.145 -14.841
v -41.604 -14.892 -14.45
v -41.727 -14.791 -15.211
v -41.604 -14.892 -14.45
v -41.31 -15.403 -15.082
v -41.727 -14.791 -15.211
v -50.727 1.0688 -11.904
v -50.547 0.65856 -10.874
v -50.571 1.2438 -10.821
v -40.381 -24.431 -12.819
v -40.561 -24.316 -13.36
v -40.111 -24.865 -13.239
v -40.935 -22.403 -8.137
v -40.875 -22.676 -8.7785
v -40.304 -23.217 -8.1159
v -44.21 -9.0465 -15.849
v -44.423 -8.4025 -15.896
v -44.264 -8.73 -15.327
v -40.494 -23.286 -8.9599
v -39.991 -23.798 -8.5942
v -40.304 -23.217 -8.1159
v -44.21 -9.0465 -15.849
v -44.264 -8.73 -15.327
v -44.022 -9.5925 -15.114
v -38.392 -20.373 -16.792
v -38.858 -19.634 -16.263
v -38.465 -20.234 -16.223
v -37.922 -21.073 -17.534
v -38.018 -20.827 -16.752
v -37.714 -21.3 -16.967
v -37.633 -21.49 -17.463
v -37.922 -21.073 -17.534
v -37.714 -21.3 -16.967
v -36.019 -25.022 -17.166
v -35.881 -24.937 -17.772
v -35.511 -24.619 -17.297
v -37.419 -21.756 -17.073
v -37.633 -21.49 -17.463
v -37.714 -21.3 -16.967
v -36.901 -25.484 -15.054
v -36.567 -25.053 -14.162
v -37.272 -25.577 -14.373
v -36.567 -25.053 -14.162
v -36.88 -25.196 -13.626
v -37.272 -25.577 -14.373
v -36.376 -25.277 -16.833
v -35.935 -24.81 -16.462
v -36.305 -25.11 -16.193
v -37.189 -25.632 -13.65
v -37.143 -25.658 -12.877
v -37.542 -26.182 -13.44
v -50.994 -0.26979 -15.064
v -50.86 -1.0994 -15.089
v -50.834 -0.87086 -14.467
v -49.51 -0.35722 -19.54
v -49.756 1.8295 -19.422
v -49.072 0.36439 -19.703
v -42.981 -20.458 -11.635
v -42.714 -21.005 -11.898
v -42.974 -20.381 -11.088
v -42.974 -20.381 -11.088
v -42.714 -21.005 -11.898
v -42.538 -21.017 -11.238
v -37.791 -25.994 -11.18
v -38.227 -25.948 -10.45
v -38.225 -26.172 -10.754
v -46.827 -10.878 -6.8838
v -46.906 -11.096 -7.4134
v -46.502 -11.582 -6.5756
v -46.621 -11.101 -6.3716
v -46.827 -10.878 -6.8838
v -46.502 -11.582 -6.5756
v -50.05 6.2342 -18.272
v -49.794 6.2366 -19.07
v -50.236 6.0672 -18.65
v -49.019 4.479 -19.488
v -48.307 4.5227 -19.345
v -48.486 3.0893 -19.496
v -50.914 6.2308 -16.393
v -50.378 6.1903 -16.927
v -51.047 6.173 -16.886
v -51.36 6.0806 -15.058
v -51.302 6.1535 -15.818
v -51.41 5.8728 -15.482
v -46.158 -2.2667 -17.033
v -46.125 -3.2536 -18.553
v -46.324 -1.3196 -17.91
v -51.36 6.0806 -15.058
v -51.41 5.8728 -15.482
v -51.355 5.7805 -14.653
v -45.753 -4.0855 -17.454
v -46.125 -3.2536 -18.553
v -46.158 -2.2667 -17.033
v -43.048 -12.005 -15.809
v -43.483 -10.934 -15.29
v -43.201 -11.472 -14.809
v -46.836 -12.831 -10.443
v -47.173 -12.129 -10.617
v -47.058 -12.526 -10.978
v -42.925 -12.105 -15.186
v -43.048 -12.005 -15.809
v -43.201 -11.472 -14.809
v -38.633 -25.698 -9.9772
v -38.649 -25.938 -10.504
v -38.227 -25.948 -10.45
v -46.08 -14.538 -10.409
v -45.975 -14.877 -10.769
v -45.912 -14.807 -10.093
v -39.185 -19.049 -16.048
v -39.44 -18.733 -16.66
v -39.57 -18.382 -15.597
v -38.958 -19.467 -16.861
v -39.185 -19.049 -16.048
v -38.858 -19.634 -16.263
v -43.915 -9.879 -16.084
v -44.21 -9.0465 -15.849
v -44.022 -9.5925 -15.114
v -42.5 -13.047 -15.214
v -42.925 -12.105 -15.186
v -42.687 -12.668 -14.906
v -43.733 -10.367 -15.577
v -43.915 -9.879 -16.084
v -44.022 -9.5925 -15.114
v -39.714 -18.215 -16.165
v -39.57 -18.382 -15.597
v -39.44 -18.733 -16.66
v -45.975 -14.877 -10.769
v -46.08 -14.538 -10.409
v -46.27 -14.195 -10.602
v -36.317 -23.153 -18.211
v -35.793 -23.906 -18.702
v -36.454 -23.102 -18.714
v -38.858 -19.634 -16.263
v -38.392 -20.373 -16.792
v -38.958 -19.467 -16.861
v -36.695 -22.745 -18.484
v -36.697 -22.646 -17.956
v -36.317 -23.153 -18.211
v -48.496 -6.8017 -8.1453
v -48.297 -7.4772 -8.2081
v -48.149 -7.3807 -7.3574
v -36.454 -23.102 -18.714
v -36.695 -22.745 -18.484
v -36.317 -23.153 -18.211
v -47.954 -8.105 -7.4799
v -48.149 -7.3807 -7.3574
v -48.297 -7.4772 -8.2081
v -51.04 2.9541 -12.889
v -51.001 2.4687 -12.482
v -50.92 2.942 -12.198
v -35.69 -24.728 -18.258
v -35.881 -24.937 -17.772
v -36.097 -25.057 -18.43
v -47.954 -8.105 -7.4799
v -47.918 -8.4785 -7.6751
v -47.739 -8.4719 -7.002
v -42.033 -14.145 -14.841
v -41.727 -14.791 -15.211
v -41.942 -14.413 -15.531
v -38.018 -20.827 -16.752
v -38.477 -20.279 -17.14
v -38.392 -20.373 -16.792
v -47.918 -8.4785 -7.6751
v -47.669 -9.0563 -7.5362
v -47.739 -8.4719 -7.002
v -39.991 -23.798 -8.5942
v -40.15 -23.813 -9.3164
v -39.583 -24.43 -9.0731
v -44.984 -16.982 -11.245
v -44.105 -18.275 -10.544
v -44.146 -17.995 -9.8729
v -37.013 -22.271 -17.762
v -37.15 -22.118 -18.303
v -37.262 -21.934 -17.596
v -47.463 -9.443 -7.1894
v -47.739 -8.4719 -7.002
v -47.669 -9.0563 -7.5362
v -46.797 -5.2355 -19.958
v -45.966 -6.197 -19.633
v -46.615 -5.9898 -19.957
v -36.974 -25.622 -16.052
v -36.305 -25.11 -16.193
v -36.303 -24.887 -15.572
v -37.013 -22.271 -17.762
v -36.697 -22.646 -17.956
v -37.15 -22.118 -18.303
v -37.15 -22.118 -18.303
v -36.697 -22.646 -17.956
v -36.695 -22.745 -18.484
v -50.727 1.0688 -11.904
v -50.575 0.18371 -11.543
v -50.547 0.65856 -10.874
v -47.463 -9.443 -7.1894
v -47.464 -9.7625 -7.6946
v -47.279 -9.722 -6.7967
v -47.464 -9.7625 -7.6946
v -47.073 -10.296 -6.91
v -47.279 -9.722 -6.7967
v -37.272 -25.577 -14.373
v -36.88 -25.196 -13.626
v -37.189 -25.632 -13.65
v -37.633 -21.49 -17.463
v -37.419 -21.756 -17.073
v -37.262 -21.934 -17.596
v -46.436 -4.7569 -19.68
v -47.221 -4.2004 -19.96
v -46.647 -3.3284 -19.468
v -39.687 -24.403 -9.4977
v -39.379 -24.785 -9.2899
v -39.583 -24.43 -9.0731
v -47.221 -4.2004 -19.96
v -47.683 -3.6711 -19.956
v -46.647 -3.3284 -19.468
v -46.827 -10.878 -6.8838
v -47.073 -10.296 -6.91
v -47.118 -10.563 -7.548
v -51.286 2.9372 -16.589
v -51.128 2.4 -17.476
v -51.223 1.9205 -16.207
v -40.875 -22.676 -8.7785
v -40.494 -23.286 -8.9599
v -40.304 -23.217 -8.1159
v -37.34 -25.917 -12.606
v -37.517 -25.93 -11.868
v -37.716 -26.281 -12.532
v -47.154 -2.5492 -19.639
v -46.647 -3.3284 -19.468
v -47.683 -3.6711 -19.956
v -51.128 2.4 -17.476
v -51.286 2.9372 -16.589
v -51.209 3.5392 -17.4
v -48.318 -2.8773 -19.926
v -47.154 -2.5492 -19.639
v -47.683 -3.6711 -19.956
v -41.534 -21.537 -7.9978
v -41.236 -22.052 -8.4955
v -41.2 -21.85 -7.5658
v -42.195 -20.589 -8.1556
v -41.53 -21.274 -7.4276
v -42.056 -20.441 -7.2776
v -43.683 -11.025 -19.101
v -43.333 -12.127 -19.321
v -43.781 -12.197 -19.746
v -44.801 -7.176 -16.498
v -45.015 -6.6233 -16.382
v -44.814 -7.2887 -16.092
v -44.101 -10.828 -19.526
v -43.683 -11.025 -19.101
v -43.781 -12.197 -19.746
v -44.546 -7.9198 -16.131
v -44.64 -7.708 -16.694
v -44.814 -7.2887 -16.092
v -42.475 -19.929 -7.6997
v -42.195 -20.589 -8.1556
v -42.056 -20.441 -7.2776
v -38.834 -25.478 -9.4583
v -39.379 -24.785 -9.2899
v -39.255 -25.114 -10.12
v -44.64 -7.708 -16.694
v -44.801 -7.176 -16.498
v -44.814 -7.2887 -16.092
v -40.79 -16.408 -16.231
v -40.724 -16.396 -15.604
v -40.353 -17.033 -15.513
v -38.633 -25.698 -9.9772
v -38.834 -25.478 -9.4583
v -38.908 -25.655 -10.319
v -40.132 -17.617 -16.032
v -40.79 -16.408 -16.231
v -40.353 -17.033 -15.513
v -45.414 -15.994 -10.695
v -45.912 -14.807 -10.093
v -45.828 -15.303 -11.257
v -44.26 -8.8546 -16.634
v -44.423 -8.4025 -15.896
v -44.21 -9.0465 -15.849
v -50.301 -0.35549 -10.534
v -50.344 -0.90192 -10.912
v -50.177 -1.2552 -10.373
v -51.355 5.7805 -14.653
v -51.41 5.8728 -15.482
v -51.383 5.1103 -14.629
v -37.551 -24.556 -20.355
v -37.971 -23.952 -20.505
v -37.486 -23.399 -20.028
v -37.486 -23.399 -20.028
v -36.611 -24.139 -19.893
v -37.551 -24.556 -20.355
v -48.736 -6.2881 -8.5593
v -48.63 -6.1541 -7.9778
v -48.85 -5.5375 -8.1997
v -50.556 1.6295 -18.681
v -50.903 2.6386 -18.199
v -50.81 3.6564 -18.448
v -48.496 -6.8017 -8.1453
v -48.63 -6.1541 -7.9778
v -48.736 -6.2881 -8.5593
v -42.674 -12.837 -15.715
v -42.5 -13.047 -15.214
v -42.396 -13.58 -15.711
v -42.396 -13.58 -15.711
v -42.5 -13.047 -15.214
v -42.286 -13.574 -14.818
v -37.869 -26.501 -17.028
v -37.841 -26.566 -17.576
v -37.45 -26.145 -16.912
v -37.45 -26.145 -16.912
v -37.735 -26.346 -16.258
v -37.869 -26.501 -17.028
v -42.033 -14.145 -14.841
v -42.396 -13.58 -15.711
v -42.286 -13.574 -14.818
v -39.44 -18.733 -16.66
v -39.185 -19.049 -16.048
v -38.958 -19.467 -16.861
v -40.381 -24.431 -12.819
v -40.111 -24.865 -13.239
v -39.899 -25.048 -12.815
v -50.177 -1.2552 -10.373
v -49.928 -2.153 -10.199
v -49.997 -1.4725 -9.7911
v -41.975 -15.46 -19.623
v -42.652 -14.839 -19.872
v -42.127 -14.603 -19.255
v -49.525 -3.3439 -9.2733
v -49.449 -3.9555 -9.4273
v -49.308 -4.1581 -8.8661
v -38.958 -19.467 -16.861
v -38.392 -20.373 -16.792
v -38.477 -20.279 -17.14
v -41.733 -14.803 -15.862
v -41.31 -15.403 -15.082
v -41.284 -15.523 -15.781
v -41.31 -15.403 -15.082
v -41.733 -14.803 -15.862
v -41.727 -14.791 -15.211
v -50.728 1.555 -11.489
v -50.857 2.0473 -11.966
v -50.929 1.735 -12.732
v -40.79 -16.408 -16.231
v -41.284 -15.523 -15.781
v -40.724 -16.396 -15.604
v -36.894 -25.885 -18.84
v -37.313 -26.199 -18.235
v -37.624 -26.49 -18.598
v -37.624 -26.49 -18.598
v -37.16 -26.142 -19.089
v -36.894 -25.885 -18.84
v -47.073 -10.296 -6.91
v -47.464 -9.7625 -7.6946
v -47.337 -10.26 -7.9512
v -41.53 -21.274 -7.4276
v -42.195 -20.589 -8.1556
v -41.849 -21.143 -8.3449
v -38.278 -26.748 -15.385
v -38.356 -26.881 -15.83
v -38.055 -26.619 -15.831
v -41.53 -21.274 -7.4276
v -41.849 -21.143 -8.3449
v -41.534 -21.537 -7.9978
v -43.047 -13.618 -19.656
v -43.112 -12.917 -19.469
v -42.638 -13.038 -18.872
v -50.365 0.15129 -10.613
v -50.547 0.65856 -10.874
v -50.575 0.18371 -11.543
v -37.922 -21.073 -17.534
v -38.477 -20.279 -17.14
v -38.018 -20.827 -16.752
v -50.301 -0.35549 -10.534
v -50.365 0.15129 -10.613
v -50.526 -0.27291 -11.527
v -45.015 -6.6233 -16.382
v -44.982 -6.7768 -17.104
v -45.198 -5.9603 -16.925
v -37.922 -21.073 -17.534
v -37.633 -21.49 -17.463
v -37.66 -21.425 -18.09
v -37.262 -21.934 -17.596
v -37.66 -21.425 -18.09
v -37.633 -21.49 -17.463
v -40.15 -23.813 -9.3164
v -39.991 -23.798 -8.5942
v -40.494 -23.286 -8.9599
v -44.801 -7.176 -16.498
v -44.982 -6.7768 -17.104
v -45.015 -6.6233 -16.382
v -39.255 -25.114 -10.12
v -39.379 -24.785 -9.2899
v -39.631 -24.691 -9.9894
v -39.687 -24.403 -9.4977
v -39.631 -24.691 -9.9894
v -39.379 -24.785 -9.2899
v -43.841 -18.883 -11.069
v -43.611 -19.404 -11.344
v -43.341 -19.701 -10.728
v -44.546 -7.9198 -16.131
v -44.423 -8.4025 -15.896
v -44.44 -8.3339 -16.691
v -39.255 -25.114 -10.12
v -38.908 -25.655 -10.319
v -38.834 -25.478 -9.4583
v -39.687 -24.403 -9.4977
v -39.583 -24.43 -9.0731
v -40.15 -23.813 -9.3164
v -37.143 -25.658 -12.877
v -37.34 -25.917 -12.606
v -37.542 -26.182 -13.44
v -36.974 -25.622 -16.052
v -36.303 -24.887 -15.572
v -36.901 -25.484 -15.054
v -50.236 6.0672 -18.65
v -50.887 6.1639 -17.642
v -50.05 6.2342 -18.272
v -50.378 6.1903 -16.927
v -50.05 6.2342 -18.272
v -50.887 6.1639 -17.642
v -51.047 6.173 -16.886
v -50.378 6.1903 -16.927
v -50.887 6.1639 -17.642
v -49.452 5.9102 -19.402
v -50.089 5.81 -19.048
v -49.794 6.2366 -19.07
v -50.236 6.0672 -18.65
v -49.794 6.2366 -19.07
v -50.089 5.81 -19.048
v -36.314 -23.562 -19.293
v -35.793 -23.906 -18.702
v -35.75 -24.299 -19.331
v -35.657 -24.534 -18.817
v -35.75 -24.299 -19.331
v -35.793 -23.906 -18.702
v -49.452 5.9102 -19.402
v -49.019 4.479 -19.488
v -49.554 4.5668 -19.445
v -37.517 -25.93 -11.868
v -37.791 -25.994 -11.18
v -38.017 -26.481 -11.96
v -48.486 3.0893 -19.496
v -47.667 4.161 -18.988
v -48.069 2.0865 -19.474
v -38.225 -26.172 -10.754
v -38.017 -26.481 -11.96
v -37.791 -25.994 -11.18
v -43.159 -18.589 -7.0276
v -44.403 -16.585 -7.2631
v -43.951 -17.574 -7.7268
v -42.235 -21.621 -11.683
v -41.826 -22.393 -12.159
v -41.712 -22.306 -11.511
v -45.382 -5.384 -17.155
v -45.446 -5.276 -17.847
v -45.753 -4.0855 -17.454
v -43.341 -19.701 -10.728
v -43.611 -19.404 -11.344
v -42.974 -20.381 -11.088
v -44.26 -8.8546 -16.634
v -44.44 -8.3339 -16.691
v -44.423 -8.4025 -15.896
v -41.733 -14.803 -15.862
v -41.284 -15.523 -15.781
v -41.453 -15.318 -16.335
v -50.857 2.0473 -11.966
v -51.001 2.4687 -12.482
v -50.929 1.735 -12.732
v -41.942 -14.413 -15.531
v -41.727 -14.791 -15.211
v -41.733 -14.803 -15.862
v -49.267 -6.3232 -11.637
v -49.278 -6.7291 -12.102
v -49.023 -7.2642 -11.574
v -51.128 3.4507 -13.412
v -51.096 2.7565 -13.518
v -51.04 2.9541 -12.889
v -50.526 -0.27291 -11.527
v -50.365 0.15129 -10.613
v -50.575 0.18371 -11.543
v -43.915 -9.879 -16.084
v -43.99 -9.6669 -16.486
v -44.21 -9.0465 -15.849
v -46.827 -10.878 -6.8838
v -47.118 -10.563 -7.548
v -46.906 -11.096 -7.4134
v -49.48 -5.5547 -11.731
v -49.464 -6.1014 -12.242
v -49.267 -6.3232 -11.637
v -45.107 -6.173 -17.746
v -45.382 -5.384 -17.155
v -45.198 -5.9603 -16.925
v -48.318 -9.024 -10.567
v -48.376 -9.0739 -11.077
v -47.965 -10.197 -10.889
v -46.08 -14.538 -10.409
v -46.119 -14.285 -10.034
v -46.27 -14.195 -10.602
v -49.525 -3.3439 -9.2733
v -49.668 -2.8401 -9.2518
v -49.592 -3.6522 -9.8176
v -38.225 -26.172 -10.754
v -38.227 -25.948 -10.45
v -38.649 -25.938 -10.504
v -37.262 -21.934 -17.596
v -37.15 -22.118 -18.303
v -37.66 -21.425 -18.09
v -44.749 -7.3682 -17.086
v -44.982 -6.7768 -17.104
v -44.801 -7.176 -16.498
v -44.64 -7.708 -16.694
v -44.749 -7.3682 -17.086
v -44.801 -7.176 -16.498
v -41.6 -21.671 -8.7866
v -41.236 -22.052 -8.4955
v -41.534 -21.537 -7.9978
v -49.525 -3.3439 -9.2733
v -49.592 -3.6522 -9.8176
v -49.449 -3.9555 -9.4273
v -48.896 -5.9232 -9.102
v -48.736 -6.2881 -8.5593
v -48.85 -5.5375 -8.1997
v -44.546 -7.9198 -16.131
v -44.44 -8.3339 -16.691
v -44.64 -7.708 -16.694
v -40.132 -17.617 -16.032
v -39.714 -18.215 -16.165
v -39.96 -17.936 -16.876
v -49.449 -3.9555 -9.4273
v -49.348 -4.4941 -9.5169
v -49.308 -4.1581 -8.8661
v -36.695 -22.745 -18.484
v -37.211 -22.161 -18.653
v -37.15 -22.118 -18.303
v -49.308 -4.1581 -8.8661
v -49.348 -4.4941 -9.5169
v -49.196 -4.7482 -8.9163
v -40.15 -23.813 -9.3164
v -40.494 -23.286 -8.9599
v -40.63 -23.261 -9.5482
v -49.464 -6.1014 -12.242
v -49.278 -6.7291 -12.102
v -49.267 -6.3232 -11.637
v -40.992 -23.684 -12.984
v -40.381 -24.431 -12.819
v -40.637 -24.041 -12.279
v -42.5 -13.047 -15.214
v -42.674 -12.837 -15.715
v -42.925 -12.105 -15.186
v -48.85 -5.5375 -8.1997
v -49.032 -5.1614 -8.5634
v -48.99 -5.557 -9.049
v -48.896 -5.9232 -9.102
v -48.85 -5.5375 -8.1997
v -48.99 -5.557 -9.049
v -38.958 -19.467 -16.861
v -38.477 -20.279 -17.14
v -38.971 -19.408 -17.907
v -43.464 -11.035 -15.911
v -43.733 -10.367 -15.577
v -43.483 -10.934 -15.29
v -36.568 -23.108 -18.987
v -35.793 -23.906 -18.702
v -36.314 -23.562 -19.293
v -35.793 -23.906 -18.702
v -36.568 -23.108 -18.987
v -36.454 -23.102 -18.714
v -48.091 -8.1074 -8.1689
v -47.954 -8.105 -7.4799
v -48.297 -7.4772 -8.2081
v -35.657 -24.534 -18.817
v -35.69 -24.728 -18.258
v -36.097 -25.057 -18.43
v -41.942 -14.413 -15.531
v -42.396 -13.58 -15.711
v -42.033 -14.145 -14.841
v -47.855 -10.113 -10.154
v -47.965 -10.197 -10.889
v -47.639 -10.917 -10.633
v -43.483 -10.934 -15.29
v -43.048 -12.005 -15.809
v -43.464 -11.035 -15.911
v -42.674 -12.837 -15.715
v -43.048 -12.005 -15.809
v -42.925 -12.105 -15.186
v -49.464 -6.1014 -12.242
v -49.48 -5.5547 -11.731
v -49.667 -5.3636 -12.491
v -47.337 -10.26 -7.9512
v -47.118 -10.563 -7.548
v -47.073 -10.296 -6.91
v -47.669 -9.0563 -7.5362
v -47.464 -9.7625 -7.6946
v -47.463 -9.443 -7.1894
v -50.526 -0.27291 -11.527
v -50.344 -0.90192 -10.912
v -50.301 -0.35549 -10.534
v -39.44 -18.733 -16.66
v -39.96 -17.936 -16.876
v -39.714 -18.215 -16.165
v -40.637 -24.041 -12.279
v -41.212 -23.216 -12.133
v -41.33 -23.192 -12.746
v -43.709 -10.449 -16.562
v -43.733 -10.367 -15.577
v -43.464 -11.035 -15.911
v -49.032 -5.1614 -8.5634
v -49.196 -4.7482 -8.9163
v -49.142 -5.1037 -9.3184
v -43.99 -9.6669 -16.486
v -44.26 -8.8546 -16.634
v -44.21 -9.0465 -15.849
v -49.48 -5.5547 -11.731
v -49.703 -4.9362 -12.018
v -49.667 -5.3636 -12.491
v -51.04 2.9541 -12.889
v -51.096 2.7565 -13.518
v -51.038 2.1559 -13.434
v -43.143 -11.837 -16.285
v -43.464 -11.035 -15.911
v -43.048 -12.005 -15.809
v -51.038 2.1559 -13.434
v -51.001 2.4687 -12.482
v -51.04 2.9541 -12.889
v -50.727 1.0688 -11.904
v -50.714 0.58026 -12.067
v -50.575 0.18371 -11.543
v -49.928 -2.153 -10.199
v -49.738 -3.2051 -10.2
v -49.776 -2.4915 -9.6687
v -41.148 -15.783 -16.353
v -41.284 -15.523 -15.781
v -40.79 -16.408 -16.231
v -49.668 -2.8401 -9.2518
v -49.776 -2.4915 -9.6687
v -49.738 -3.2051 -10.2
v -51.038 2.1559 -13.434
v -50.929 1.735 -12.732
v -51.001 2.4687 -12.482
v -44.982 -6.7768 -17.104
v -45.107 -6.173 -17.746
v -45.198 -5.9603 -16.925
v -36.454 -23.102 -18.714
v -36.568 -23.108 -18.987
v -37.044 -22.57 -19.142
v -37.922 -21.073 -17.534
v -37.66 -21.425 -18.09
v -38.048 -20.925 -18.259
v -37.716 -26.281 -12.532
v -37.542 -26.182 -13.44
v -37.34 -25.917 -12.606
v -36.454 -23.102 -18.714
v -37.044 -22.57 -19.142
v -36.695 -22.745 -18.484
v -35.96 -25.04 -19.027
v -35.657 -24.534 -18.817
v -36.097 -25.057 -18.43
v -40.132 -17.617 -16.032
v -40.385 -17.172 -16.73
v -40.79 -16.408 -16.231
v -37.211 -22.161 -18.653
v -36.695 -22.745 -18.484
v -37.044 -22.57 -19.142
v -49.913 -4.1047 -12.295
v -50.135 -3.4701 -13.005
v -50.071 -4.146 -13.149
v -41.15 -16.697 -19.467
v -40.635 -17.226 -19.159
v -41.022 -17.565 -19.883
v -38.649 -25.938 -10.504
v -38.633 -25.698 -9.9772
v -38.908 -25.655 -10.319
v -50.929 1.735 -12.732
v -50.727 1.0688 -11.904
v -50.728 1.555 -11.489
v -41.599 -15.792 -19.487
v -41.15 -16.697 -19.467
v -41.572 -16.658 -19.858
v -38.477 -20.279 -17.14
v -38.406 -20.316 -17.9
v -38.971 -19.408 -17.907
v -41.236 -22.052 -8.4955
v -40.875 -22.676 -8.7785
v -40.935 -22.403 -8.137
v -40.118 -23.992 -9.7955
v -39.687 -24.403 -9.4977
v -40.15 -23.813 -9.3164
v -43.709 -10.449 -16.562
v -43.915 -9.879 -16.084
v -43.733 -10.367 -15.577
v -49.667 -5.3636 -12.491
v -49.703 -4.9362 -12.018
v -49.835 -4.8131 -12.862
v -47.918 -8.4785 -7.6751
v -47.954 -8.105 -7.4799
v -48.091 -8.1074 -8.1689
v -41.849 -21.143 -8.3449
v -41.6 -21.671 -8.7866
v -41.534 -21.537 -7.9978
v -38.406 -20.316 -17.9
v -38.477 -20.279 -17.14
v -37.922 -21.073 -17.534
v -47.915 -8.7837 -8.266
v -47.658 -9.3919 -8.1327
v -47.669 -9.0563 -7.5362
v -47.918 -8.4785 -7.6751
v -47.915 -8.7837 -8.266
v -47.669 -9.0563 -7.5362
v -46.563 -11.987 -7.4551
v -46.906 -11.096 -7.4134
v -46.967 -11.132 -7.8865
v -50.089 5.81 -19.048
v -49.452 5.9102 -19.402
v -49.554 4.5668 -19.445
v -38.017 -26.481 -11.96
v -37.716 -26.281 -12.532
v -37.517 -25.93 -11.868
v -46.906 -11.096 -7.4134
v -46.563 -11.987 -7.4551
v -46.502 -11.582 -6.5756
v -35.75 -24.299 -19.331
v -35.657 -24.534 -18.817
v -35.8 -24.859 -19.375
v -38.017 -26.481 -11.96
v -38.225 -26.172 -10.754
v -38.33 -26.381 -11.258
v -43.159 -18.589 -7.0276
v -43.951 -17.574 -7.7268
v -43.47 -18.688 -8.578
v -45.572 -13.68 -6.5903
v -46.502 -11.582 -6.5756
v -46.563 -11.987 -7.4551
v -45.879 -13.792 -7.5657
v -45.572 -13.68 -6.5903
v -46.563 -11.987 -7.4551
v -49.019 4.479 -19.488
v -48.486 3.0893 -19.496
v -48.88 2.7523 -19.587
v -38.658 -26.751 -14.198
v -38.782 -26.701 -14.684
v -38.308 -26.762 -14.307
v -48.486 3.0893 -19.496
v -48.069 2.0865 -19.474
v -48.88 2.7523 -19.587
v -38.327 -26.784 -14.738
v -38.308 -26.762 -14.307
v -38.782 -26.701 -14.684
v -51.421 5.6468 -16.411
v -50.914 6.2308 -16.393
v -51.047 6.173 -16.886
v -51.302 6.1535 -15.818
v -50.914 6.2308 -16.393
v -51.421 5.6468 -16.411
v -51.41 5.8728 -15.482
v -51.302 6.1535 -15.818
v -51.421 5.6468 -16.411
v -44.403 -16.585 -7.2631
v -44.684 -15.46 -6.5888
v -45.093 -15.268 -7.3184
v -38.958 -19.467 -16.861
v -39.313 -18.931 -17.716
v -39.44 -18.733 -16.66
v -51.409 5.258 -15.817
v -51.41 5.8728 -15.482
v -51.421 5.6468 -16.411
v -39.313 -18.931 -17.716
v -38.958 -19.467 -16.861
v -38.971 -19.408 -17.907
v -44.44 -8.3339 -16.691
v -44.26 -8.8546 -16.634
v -44.287 -8.6006 -17.401
v -40.132 -17.617 -16.032
v -39.96 -17.936 -16.876
v -40.385 -17.172 -16.73
v -41.148 -15.783 -16.353
v -41.453 -15.318 -16.335
v -41.284 -15.523 -15.781
v -51.41 5.8728 -15.482
v -51.409 5.258 -15.817
v -51.389 4.6033 -15.554
v -51.389 4.6033 -15.554
v -51.383 5.1103 -14.629
v -51.41 5.8728 -15.482
v -42.638 -13.038 -18.872
v -42.426 -13.845 -19.234
v -43.047 -13.618 -19.656
v -39.758 -18.213 -17.58
v -39.96 -17.936 -16.876
v -39.44 -18.733 -16.66
v -37.922 -21.073 -17.534
v -38.048 -20.925 -18.259
v -38.406 -20.316 -17.9
v -51.269 3.609 -14.566
v -51.128 3.4507 -13.412
v -51.244 3.8937 -13.99
v -36.376 -25.277 -16.833
v -36.305 -25.11 -16.193
v -36.974 -25.622 -16.052
v -36.974 -25.622 -16.052
v -36.901 -25.484 -15.054
v -37.228 -25.743 -15.433
v -42.944 -12.271 -16.494
v -43.048 -12.005 -15.809
v -42.674 -12.837 -15.715
v -51.128 2.4 -17.476
v -51.209 3.5392 -17.4
v -51.045 3.1842 -17.93
v -48.99 -5.557 -9.049
v -49.032 -5.1614 -8.5634
v -49.142 -5.1037 -9.3184
v -42.674 -12.837 -15.715
v -42.403 -13.352 -16.319
v -42.747 -12.666 -16.887
v -48.736 -6.2881 -8.5593
v -48.76 -6.4748 -9.0264
v -48.496 -6.8017 -8.1453
v -51.045 3.1842 -17.93
v -50.903 2.6386 -18.199
v -51.128 2.4 -17.476
v -50.834 -0.87086 -14.467
v -50.993 0.064748 -14.579
v -50.994 -0.26979 -15.064
v -48.297 -7.4772 -8.2081
v -48.496 -6.8017 -8.1453
v -48.409 -7.5566 -8.8264
v -46.906 -11.096 -7.4134
v -47.118 -10.563 -7.548
v -46.967 -11.132 -7.8865
v -42.403 -13.352 -16.319
v -42.674 -12.837 -15.715
v -42.396 -13.58 -15.711
v -41.942 -14.413 -15.531
v -41.733 -14.803 -15.862
v -42.094 -14.095 -16.316
v -47.464 -9.7625 -7.6946
v -47.669 -9.0563 -7.5362
v -47.658 -9.3919 -8.1327
v -50.994 -0.26979 -15.064
v -50.993 0.064748 -14.579
v -51.052 0.4807 -14.939
v -50.177 -1.2552 -10.373
v -50.157 -1.669 -10.955
v -49.928 -2.153 -10.199
v -50.157 -1.669 -10.955
v -50.177 -1.2552 -10.373
v -50.344 -0.90192 -10.912
v -40.494 -23.286 -8.9599
v -40.875 -22.676 -8.7785
v -40.63 -23.261 -9.5482
v -44.545 -7.9839 -17.213
v -44.749 -7.3682 -17.086
v -44.64 -7.708 -16.694
v -45.446 -5.276 -17.847
v -45.382 -5.384 -17.155
v -45.332 -5.7025 -18.155
v -38.807 -25.899 -10.782
v -38.33 -26.381 -11.258
v -38.225 -26.172 -10.754
v -38.807 -25.899 -10.782
v -38.225 -26.172 -10.754
v -38.649 -25.938 -10.504
v -45.382 -5.384 -17.155
v -45.107 -6.173 -17.746
v -45.332 -5.7025 -18.155
v -47.173 -12.129 -10.617
v -46.836 -12.831 -10.443
v -47.067 -12.023 -9.9476
v -44.64 -7.708 -16.694
v -44.44 -8.3339 -16.691
v -44.545 -7.9839 -17.213
v -38.649 -25.938 -10.504
v -38.908 -25.655 -10.319
v -38.807 -25.899 -10.782
v -46.218 -13.984 -9.8974
v -46.437 -13.431 -9.8213
v -46.612 -13.347 -10.598
v -46.612 -13.347 -10.598
v -46.27 -14.195 -10.602
v -46.218 -13.984 -9.8974
v -40.111 -24.865 -13.239
v -39.844 -25.254 -13.57
v -39.899 -25.048 -12.815
v -40.79 -16.408 -16.231
v -40.956 -16.084 -17.184
v -41.148 -15.783 -16.353
v -39.844 -25.254 -13.57
v -39.425 -25.616 -12.918
v -39.899 -25.048 -12.815
v -37.272 -25.577 -14.373
v -37.189 -25.632 -13.65
v -37.658 -26.145 -14.363
v -51.383 5.1103 -14.629
v -51.389 4.6033 -15.554
v -51.33 4.4394 -14.436
v -49.88 -2.8636 -10.605
v -49.738 -3.2051 -10.2
v -49.928 -2.153 -10.199
v -47.337 -10.26 -7.9512
v -46.967 -11.132 -7.8865
v -47.118 -10.563 -7.548
v -51.13 1.1289 -15.605
v -51.092 0.4169 -15.9
v -51.052 0.4807 -14.939
v -41.996 -21.867 -11.245
v -42.538 -21.017 -11.238
v -42.235 -21.621 -11.683
v -46.119 -14.285 -10.034
v -46.08 -14.538 -10.409
v -45.912 -14.807 -10.093
v -49.668 -2.8401 -9.2518
v -49.738 -3.2051 -10.2
v -49.592 -3.6522 -9.8176
v -38.239 -21.435 -19.56
v -38.034 -22.269 -19.901
v -38.882 -21.264 -19.995
v -42.457 -20.483 -8.9913
v -41.849 -21.143 -8.3449
v -42.195 -20.589 -8.1556
v -41.453 -15.318 -16.335
v -41.777 -14.635 -16.62
v -41.733 -14.803 -15.862
v -46.119 -14.285 -10.034
v -46.218 -13.984 -9.8974
v -46.27 -14.195 -10.602
v -44.814 -7.0765 -17.928
v -45.107 -6.173 -17.746
v -44.982 -6.7768 -17.104
v -40.118 -23.992 -9.7955
v -40.15 -23.813 -9.3164
v -40.63 -23.261 -9.5482
v -41.6 -21.671 -8.7866
v -41.225 -22.366 -9.1758
v -40.875 -22.676 -8.7785
v -40.875 -22.676 -8.7785
v -41.236 -22.052 -8.4955
v -41.6 -21.671 -8.7866
v -48.772 -8.0508 -11.616
v -48.876 -7.3903 -11.062
v -49.023 -7.2642 -11.574
v -44.749 -7.3682 -17.086
v -44.554 -7.7965 -17.67
v -44.814 -7.0765 -17.928
v -44.545 -7.9839 -17.213
v -44.44 -8.3339 -16.691
v -44.287 -8.6006 -17.401
v -44.814 -7.0765 -17.928
v -44.982 -6.7768 -17.104
v -44.749 -7.3682 -17.086
v -49.913 -4.1047 -12.295
v -49.835 -4.8131 -12.862
v -49.703 -4.9362 -12.018
v -44.545 -7.9839 -17.213
v -44.554 -7.7965 -17.67
v -44.749 -7.3682 -17.086
v -43.398 -11.215 -16.682
v -43.709 -10.449 -16.562
v -43.464 -11.035 -15.911
v -48.896 -5.9232 -9.102
v -48.76 -6.4748 -9.0264
v -48.736 -6.2881 -8.5593
v -40.118 -23.992 -9.7955
v -39.631 -24.691 -9.9894
v -39.687 -24.403 -9.4977
v -48.76 -6.4748 -9.0264
v -48.409 -7.5566 -8.8264
v -48.496 -6.8017 -8.1453
v -48.297 -7.4772 -8.2081
v -48.409 -7.5566 -8.8264
v -48.091 -8.1074 -8.1689
v -48.147 -8.2007 -8.5462
v -48.091 -8.1074 -8.1689
v -48.409 -7.5566 -8.8264
v -42.944 -12.271 -16.494
v -43.143 -11.837 -16.285
v -43.048 -12.005 -15.809
v -48.147 -8.2007 -8.5462
v -47.918 -8.4785 -7.6751
v -48.091 -8.1074 -8.1689
v -47.918 -8.4785 -7.6751
v -48.147 -8.2007 -8.5462
v -47.915 -8.7837 -8.266
v -38.33 -26.381 -11.258
v -38.807 -25.899 -10.782
v -38.763 -26.035 -11.446
v -42.094 -14.095 -16.316
v -42.403 -13.352 -16.319
v -42.396 -13.58 -15.711
v -49.267 -6.3232 -11.637
v -49.023 -7.2642 -11.574
v -49.078 -6.6827 -11.249
v -36.097 -25.057 -18.43
v -35.881 -24.937 -17.772
v -36.372 -25.384 -17.738
v -42.094 -14.095 -16.316
v -42.396 -13.58 -15.711
v -41.942 -14.413 -15.531
v -35.881 -24.937 -17.772
v -36.019 -25.022 -17.166
v -36.372 -25.384 -17.738
v -38.908 -25.655 -10.319
v -39.255 -25.114 -10.12
v -39.223 -25.366 -10.835
v -36.019 -25.022 -17.166
v -36.376 -25.277 -16.833
v -36.372 -25.384 -17.738
v -42.094 -14.095 -16.316
v -41.733 -14.803 -15.862
v -41.777 -14.635 -16.62
v -42.747 -12.666 -16.887
v -42.944 -12.271 -16.494
v -42.674 -12.837 -15.715
v -37.681 -21.645 -18.92
v -37.15 -22.118 -18.303
v -37.211 -22.161 -18.653
v -37.66 -21.425 -18.09
v -37.15 -22.118 -18.303
v -37.681 -21.645 -18.92
v -51.266 5.9076 -16.997
v -51.047 6.173 -16.886
v -50.887 6.1639 -17.642
v -41.996 -21.867 -11.245
v -42.235 -21.621 -11.683
v -41.712 -22.306 -11.511
v -46.125 -3.2536 -18.553
v -45.446 -5.276 -17.847
v -45.498 -5.4343 -18.522
v -45.446 -5.276 -17.847
v -46.125 -3.2536 -18.553
v -45.753 -4.0855 -17.454
v -48.88 2.7523 -19.587
v -49.554 4.5668 -19.445
v -49.019 4.479 -19.488
v -48.069 2.0865 -19.474
v -47.369 1.9712 -18.989
v -48.217 0.65728 -19.655
v -51.421 5.6468 -16.411
v -51.047 6.173 -16.886
v -51.266 5.9076 -16.997
v -35.96 -25.04 -19.027
v -35.8 -24.859 -19.375
v -35.657 -24.534 -18.817
v -43.47 -18.688 -8.578
v -42.994 -19.486 -8.6205
v -42.475 -19.929 -7.6997
v -42.475 -19.929 -7.6997
v -43.159 -18.589 -7.0276
v -43.47 -18.688 -8.578
v -42.994 -19.486 -8.6205
v -42.195 -20.589 -8.1556
v -42.475 -19.929 -7.6997
v -46.682 -1.4277 -18.961
v -46.125 -3.2536 -18.553
v -46.647 -3.3284 -19.468
v -45.879 -13.792 -7.5657
v -46.563 -11.987 -7.4551
v -46.396 -12.836 -8.165
v -50.526 -0.27291 -11.527
v -50.4 -1.0616 -11.457
v -50.344 -0.90192 -10.912
v -50.854 -0.45381 -13.822
v -50.834 -0.87086 -14.467
v -50.703 -1.3018 -13.788
v -43.464 -11.035 -15.911
v -43.143 -11.837 -16.285
v -43.398 -11.215 -16.682
v -50.157 -1.669 -10.955
v -50.344 -0.90192 -10.912
v -50.4 -1.0616 -11.457
v -41.453 -15.318 -16.335
v -41.148 -15.783 -16.353
v -41.201 -15.589 -17.027
v -40.956 -16.084 -17.184
v -41.201 -15.589 -17.027
v -41.148 -15.783 -16.353
v -44.554 -7.7965 -17.67
v -44.545 -7.9839 -17.213
v -44.287 -8.6006 -17.401
v -50.377 -2.7913 -13.441
v -50.135 -3.4701 -13.005
v -50.308 -2.7304 -12.597
v -49.88 -2.8636 -10.605
v -49.928 -2.153 -10.199
v -50.157 -1.669 -10.955
v -40.71 -16.679 -17.228
v -40.956 -16.084 -17.184
v -40.79 -16.408 -16.231
v -41.207 -23.017 -11.49
v -41.826 -22.393 -12.159
v -41.212 -23.216 -12.133
v -40.385 -17.172 -16.73
v -40.71 -16.679 -17.228
v -40.79 -16.408 -16.231
v -51.096 2.7565 -13.518
v -51.128 3.4507 -13.412
v -51.269 3.609 -14.566
v -44.03 -9.2736 -17.564
v -44.287 -8.6006 -17.401
v -44.26 -8.8546 -16.634
v -51.33 4.4394 -14.436
v -51.269 3.609 -14.566
v -51.244 3.8937 -13.99
v -40.425 -17.125 -17.605
v -40.71 -16.679 -17.228
v -40.385 -17.172 -16.73
v -49.592 -3.6522 -9.8176
v -49.348 -4.4941 -9.5169
v -49.449 -3.9555 -9.4273
v -49.142 -5.1037 -9.3184
v -49.196 -4.7482 -8.9163
v -49.348 -4.4941 -9.5169
v -47.337 -10.26 -7.9512
v -47.464 -9.7625 -7.6946
v -47.658 -9.3919 -8.1327
v -45.107 -6.173 -17.746
v -45.273 -6.1516 -18.612
v -45.332 -5.7025 -18.155
v -37.379 -26.215 -17.672
v -37.45 -26.145 -16.912
v -37.841 -26.566 -17.576
v -40.385 -17.172 -16.73
v -39.96 -17.936 -16.876
v -40.138 -17.621 -17.501
v -37.189 -25.632 -13.65
v -37.542 -26.182 -13.44
v -37.658 -26.145 -14.363
v -39.96 -17.936 -16.876
v -39.758 -18.213 -17.58
v -40.138 -17.621 -17.501
v -46.967 -11.132 -7.8865
v -46.92 -11.622 -8.2722
v -46.563 -11.987 -7.4551
v -40.63 -23.261 -9.5482
v -40.875 -22.676 -8.7785
v -41.234 -22.521 -9.8131
v -45.966 -6.197 -19.633
v -46.797 -5.2355 -19.958
v -46.436 -4.7569 -19.68
v -39.758 -18.213 -17.58
v -39.44 -18.733 -16.66
v -39.313 -18.931 -17.716
v -39.425 -20.396 -19.959
v -39.33 -19.781 -19.526
v -38.882 -21.264 -19.995
v -47.648 -1.3896 -19.718
v -47.154 -2.5492 -19.639
v -48.318 -2.8773 -19.926
v -45.214 -6.9323 -18.953
v -44.969 -8.2742 -19.416
v -45.971 -7.1818 -19.838
v -38.807 -25.899 -10.782
v -38.908 -25.655 -10.319
v -39.223 -25.366 -10.835
v -45.971 -7.1818 -19.838
v -45.966 -6.197 -19.633
v -45.214 -6.9323 -18.953
v -48.583 -1.3045 -19.833
v -47.648 -1.3896 -19.718
v -48.318 -2.8773 -19.926
v -43.709 -10.449 -16.562
v -43.99 -9.6669 -16.486
v -43.915 -9.879 -16.084
v -37.269 -22.863 -19.662
v -37.486 -23.399 -20.028
v -38.034 -22.269 -19.901
v -38.406 -20.316 -17.9
v -38.613 -20.022 -18.342
v -38.971 -19.408 -17.907
v -50.929 1.735 -12.732
v -50.894 0.9864 -12.915
v -50.727 1.0688 -11.904
v -38.048 -20.925 -18.259
v -38.409 -20.506 -18.686
v -38.406 -20.316 -17.9
v -50.894 0.9864 -12.915
v -50.714 0.58026 -12.067
v -50.727 1.0688 -11.904
v -43.333 -12.127 -19.321
v -43.001 -12.269 -18.769
v -43.112 -12.917 -19.469
v -43.683 -11.025 -19.101
v -44.101 -10.828 -19.526
v -43.562 -10.834 -18.611
v -36.974 -25.622 -16.052
v -36.815 -25.661 -16.98
v -36.376 -25.277 -16.833
v -41.453 -15.318 -16.335
v -41.201 -15.589 -17.027
v -41.777 -14.635 -16.62
v -36.411 -25.374 -19.089
v -36.819 -25.852 -19.635
v -36.387 -25.361 -19.667
v -37.069 -25.879 -20.134
v -36.387 -25.361 -19.667
v -36.819 -25.852 -19.635
v -39.631 -24.691 -9.9894
v -40.118 -23.992 -9.7955
v -39.728 -24.725 -10.692
v -45.332 -5.7025 -18.155
v -45.498 -5.4343 -18.522
v -45.446 -5.276 -17.847
v -44.984 -16.982 -11.245
v -45.04 -16.149 -9.1267
v -45.414 -15.994 -10.695
v -36.901 -25.484 -15.054
v -37.272 -25.577 -14.373
v -37.593 -25.935 -15.068
v -50.81 3.6564 -18.448
v -49.756 1.8295 -19.422
v -50.556 1.6295 -18.681
v -43.176 -11.773 -17.214
v -43.398 -11.215 -16.682
v -43.143 -11.837 -16.285
v -50.526 -0.27291 -11.527
v -50.575 0.18371 -11.543
v -50.562 -0.54236 -11.936
v -51.409 5.258 -15.817
v -51.421 5.6468 -16.411
v -51.389 4.6033 -15.554
v -43.176 -11.773 -17.214
v -43.143 -11.837 -16.285
v -42.944 -12.271 -16.494
v -38.017 -26.481 -11.96
v -38.126 -26.564 -12.518
v -37.716 -26.281 -12.532
v -45.414 -15.994 -10.695
v -45.715 -14.952 -9.6944
v -45.912 -14.807 -10.093
v -50.4 -1.0616 -11.457
v -50.526 -0.27291 -11.527
v -50.562 -0.54236 -11.936
v -49.348 -4.4941 -9.5169
v -49.592 -3.6522 -9.8176
v -49.482 -4.6837 -10.287
v -38.763 -26.035 -11.446
v -38.807 -25.899 -10.782
v -39.223 -25.366 -10.835
v -51.354 3.8458 -15.497
v -51.33 4.4394 -14.436
v -51.389 4.6033 -15.554
v -40.138 -17.621 -17.501
v -40.425 -17.125 -17.605
v -40.385 -17.172 -16.73
v -39.255 -25.114 -10.12
v -39.631 -24.691 -9.9894
v -39.728 -24.725 -10.692
v -44.406 -8.9934 -18.75
v -44.575 -9.7475 -19.603
v -44.928 -9.1593 -19.75
v -48.589 -7.1657 -9.2793
v -48.76 -6.4748 -9.0264
v -48.781 -6.7383 -9.5678
v -41.826 -22.393 -12.159
v -41.207 -23.017 -11.49
v -41.712 -22.306 -11.511
v -48.76 -6.4748 -9.0264
v -48.589 -7.1657 -9.2793
v -48.409 -7.5566 -8.8264
v -42.094 -14.095 -16.316
v -42.095 -13.996 -16.918
v -42.403 -13.352 -16.319
v -51.207 2.6667 -14.502
v -51.096 2.7565 -13.518
v -51.269 3.609 -14.566
v -43.771 -18.827 -10.46
v -43.841 -18.883 -11.069
v -43.352 -19.519 -10.245
v -43.841 -18.883 -11.069
v -43.341 -19.701 -10.728
v -43.352 -19.519 -10.245
v -41.777 -14.635 -16.62
v -42.095 -13.996 -16.918
v -42.094 -14.095 -16.316
v -38.409 -20.506 -18.686
v -38.613 -20.022 -18.342
v -38.406 -20.316 -17.9
v -51.038 2.1559 -13.434
v -50.981 1.2922 -13.349
v -50.929 1.735 -12.732
v -38.613 -20.022 -18.342
v -38.958 -19.597 -18.834
v -38.971 -19.408 -17.907
v -50.894 0.9864 -12.915
v -50.798 0.51007 -12.822
v -50.714 0.58026 -12.067
v -36.819 -25.852 -19.635
v -36.894 -25.885 -18.84
v -37.16 -26.142 -19.089
v -47.658 -9.3919 -8.1327
v -47.915 -8.7837 -8.266
v -47.784 -9.5397 -8.8502
v -38.048 -20.925 -18.259
v -37.66 -21.425 -18.09
v -37.681 -21.645 -18.92
v -47.658 -9.3919 -8.1327
v -47.534 -10.016 -8.4834
v -47.337 -10.26 -7.9512
v -42.054 -21.154 -9.1422
v -41.6 -21.671 -8.7866
v -41.849 -21.143 -8.3449
v -38.409 -20.506 -18.686
v -38.048 -20.925 -18.259
v -38.089 -21.134 -18.998
v -44.105 -18.275 -10.544
v -43.841 -18.883 -11.069
v -43.771 -18.827 -10.46
v -50.157 -1.669 -10.955
v -50.125 -2.4329 -11.257
v -49.88 -2.8636 -10.605
v -41.225 -22.366 -9.1758
v -41.234 -22.521 -9.8131
v -40.875 -22.676 -8.7785
v -48.772 -8.0508 -11.616
v -48.594 -8.3147 -10.921
v -48.876 -7.3903 -11.062
v -42.457 -20.483 -8.9913
v -42.054 -21.154 -9.1422
v -41.849 -21.143 -8.3449
v -44.814 -7.0765 -17.928
v -44.967 -7.0407 -18.423
v -45.107 -6.173 -17.746
v -43.99 -9.6669 -16.486
v -44.03 -9.2736 -17.564
v -44.26 -8.8546 -16.634
v -44.03 -9.2736 -17.564
v -44.184 -8.9119 -18.073
v -44.287 -8.6006 -17.401
v -50.236 6.0672 -18.65
v -51.123 5.7039 -17.767
v -50.887 6.1639 -17.642
v -51.123 5.7039 -17.767
v -51.266 5.9076 -16.997
v -50.887 6.1639 -17.642
v -48.88 2.7523 -19.587
v -48.069 2.0865 -19.474
v -48.517 1.3001 -19.676
v -48.517 1.3001 -19.676
v -48.069 2.0865 -19.474
v -48.217 0.65728 -19.655
v -50.857 5.3851 -18.341
v -50.236 6.0672 -18.65
v -50.089 5.81 -19.048
v -47.369 1.9712 -18.989
v -47.96 -0.12473 -19.687
v -48.217 0.65728 -19.655
v -42.538 -21.017 -11.238
v -41.996 -21.867 -11.245
v -42.265 -21.398 -10.671
v -47.96 -0.12473 -19.687
v -47.369 1.9712 -18.989
v -47.209 -0.67114 -19.345
v -50.089 5.81 -19.048
v -49.554 4.5668 -19.445
v -49.679 3.5735 -19.403
v -45.498 -5.4343 -18.522
v -45.788 -5.1049 -19.032
v -46.125 -3.2536 -18.553
v -46.92 -11.622 -8.2722
v -46.396 -12.836 -8.165
v -46.563 -11.987 -7.4551
v -37.044 -22.57 -19.142
v -36.568 -23.108 -18.987
v -36.845 -22.989 -19.276
v -51.123 5.7039 -17.767
v -50.236 6.0672 -18.65
v -50.857 5.3851 -18.341
v -36.845 -22.989 -19.276
v -36.568 -23.108 -18.987
v -36.314 -23.562 -19.293
v -48.88 2.7523 -19.587
v -49.679 3.5735 -19.403
v -49.554 4.5668 -19.445
v -36.314 -23.562 -19.293
v -35.75 -24.299 -19.331
v -36.611 -24.139 -19.893
v -35.946 -24.766 -19.724
v -36.611 -24.139 -19.893
v -35.75 -24.299 -19.331
v -35.75 -24.299 -19.331
v -35.8 -24.859 -19.375
v -35.946 -24.766 -19.724
v -45.879 -13.792 -7.5657
v -45.518 -14.799 -8.2231
v -45.572 -13.68 -6.5903
v -45.093 -15.268 -7.3184
v -45.572 -13.68 -6.5903
v -45.518 -14.799 -8.2231
v -42.994 -19.486 -8.6205
v -42.457 -20.483 -8.9913
v -42.195 -20.589 -8.1556
v -42.974 -20.381 -11.088
v -42.538 -21.017 -11.238
v -42.265 -21.398 -10.671
v -42.095 -13.996 -16.918
v -42.4 -13.416 -17.118
v -42.403 -13.352 -16.319
v -47.384 -11.566 -10.619
v -47.173 -12.129 -10.617
v -47.067 -12.023 -9.9476
v -50.929 1.735 -12.732
v -50.981 1.2922 -13.349
v -50.894 0.9864 -12.915
v -51.354 3.8458 -15.497
v -51.269 3.609 -14.566
v -51.33 4.4394 -14.436
v -38.971 -19.408 -17.907
v -39.612 -18.487 -18.257
v -39.313 -18.931 -17.716
v -43.803 -10.176 -17.378
v -44.03 -9.2736 -17.564
v -43.99 -9.6669 -16.486
v -44.967 -7.0407 -18.423
v -45.273 -6.1516 -18.612
v -45.107 -6.173 -17.746
v -41.777 -14.635 -16.62
v -41.201 -15.589 -17.027
v -41.507 -14.989 -17.657
v -51.038 2.1559 -13.434
v -51.096 2.7565 -13.518
v -51.207 2.6667 -14.502
v -50.281 -1.9638 -11.764
v -50.157 -1.669 -10.955
v -50.4 -1.0616 -11.457
v -49.335 -5.0789 -10.074
v -49.348 -4.4941 -9.5169
v -49.482 -4.6837 -10.287
v -37.681 -21.645 -18.92
v -38.089 -21.134 -18.998
v -38.048 -20.925 -18.259
v -49.348 -4.4941 -9.5169
v -49.335 -5.0789 -10.074
v -49.142 -5.1037 -9.3184
v -38.055 -26.619 -15.831
v -37.735 -26.346 -16.258
v -37.731 -26.126 -15.588
v -49.136 -5.6205 -9.7928
v -49.142 -5.1037 -9.3184
v -49.335 -5.0789 -10.074
v -49.142 -5.1037 -9.3184
v -49.136 -5.6205 -9.7928
v -48.99 -5.557 -9.049
v -47.337 -10.26 -7.9512
v -47.181 -10.977 -8.4946
v -46.967 -11.132 -7.8865
v -48.99 -5.557 -9.049
v -49.136 -5.6205 -9.7928
v -48.896 -5.9232 -9.102
v -51.223 1.9205 -16.207
v -51.192 1.1927 -16.243
v -51.13 1.1289 -15.605
v -46.836 -12.831 -10.443
v -46.612 -13.347 -10.598
v -46.654 -12.842 -9.5926
v -37.681 -21.645 -18.92
v -37.211 -22.161 -18.653
v -37.044 -22.57 -19.142
v -37.593 -25.935 -15.068
v -37.272 -25.577 -14.373
v -37.658 -26.145 -14.363
v -37.593 -25.935 -15.068
v -37.228 -25.743 -15.433
v -36.901 -25.484 -15.054
v -44.287 -8.6006 -17.401
v -44.447 -8.3467 -18.403
v -44.554 -7.7965 -17.67
v -37.044 -22.57 -19.142
v -36.845 -22.989 -19.276
v -37.269 -22.863 -19.662
v -40.084 -24.759 -12.475
v -40.637 -24.041 -12.279
v -40.381 -24.431 -12.819
v -41.225 -22.366 -9.1758
v -41.6 -21.671 -8.7866
v -41.62 -21.879 -9.5201
v -42.747 -12.666 -16.887
v -43.176 -11.773 -17.214
v -42.944 -12.271 -16.494
v -43.803 -10.176 -17.378
v -43.99 -9.6669 -16.486
v -43.709 -10.449 -16.562
v -42.4 -13.416 -17.118
v -42.747 -12.666 -16.887
v -42.403 -13.352 -16.319
v -46.836 -12.831 -10.443
v -46.654 -12.842 -9.5926
v -47.067 -12.023 -9.9476
v -43.45 -11.07 -17.415
v -43.803 -10.176 -17.378
v -43.709 -10.449 -16.562
v -43.398 -11.215 -16.682
v -43.45 -11.07 -17.415
v -43.709 -10.449 -16.562
v -40.118 -23.992 -9.7955
v -40.63 -23.261 -9.5482
v -40.551 -23.578 -10.353
v -37.542 -26.182 -13.44
v -37.716 -26.281 -12.532
v -38.13 -26.709 -13.249
v -38.017 -26.481 -11.96
v -38.33 -26.381 -11.258
v -38.563 -26.432 -12.045
v -38.33 -26.381 -11.258
v -38.763 -26.035 -11.446
v -38.563 -26.432 -12.045
v -47.915 -8.7837 -8.266
v -48.147 -8.2007 -8.5462
v -48.008 -8.8375 -8.8611
v -39.255 -25.114 -10.12
v -39.728 -24.725 -10.692
v -39.223 -25.366 -10.835
v -48.008 -8.8375 -8.8611
v -47.784 -9.5397 -8.8502
v -47.915 -8.7837 -8.266
v -47.784 -9.5397 -8.8502
v -47.534 -10.016 -8.4834
v -47.658 -9.3919 -8.1327
v -43.763 -10.139 -18.061
v -44.013 -9.4644 -18.294
v -44.03 -9.2736 -17.564
v -47.384 -11.566 -10.619
v -47.53 -10.816 -9.8681
v -47.639 -10.917 -10.633
v -39.612 -18.487 -18.257
v -38.971 -19.408 -17.907
v -38.958 -19.597 -18.834
v -40.379 -23.99 -10.925
v -39.728 -24.725 -10.692
v -40.118 -23.992 -9.7955
v -44.03 -9.2736 -17.564
v -43.803 -10.176 -17.378
v -43.763 -10.139 -18.061
v -50.993 0.064748 -14.579
v -50.834 -0.87086 -14.467
v -50.854 -0.45381 -13.822
v -50.703 -1.3018 -13.788
v -50.486 -2.1925 -13.527
v -50.553 -1.5895 -13.126
v -41.507 -14.989 -17.657
v -41.718 -14.551 -17.701
v -41.777 -14.635 -16.62
v -38.409 -20.506 -18.686
v -38.958 -19.597 -18.834
v -38.613 -20.022 -18.342
v -37.658 -26.145 -14.363
v -37.542 -26.182 -13.44
v -37.978 -26.521 -14.153
v -50.714 0.58026 -12.067
v -50.798 0.51007 -12.822
v -50.747 -0.08476 -12.709
v -49.88 -2.8636 -10.605
v -49.716 -3.8969 -10.694
v -49.738 -3.2051 -10.2
v -50.562 -0.54236 -11.936
v -50.575 0.18371 -11.543
v -50.714 0.58026 -12.067
v -38.126 -26.564 -12.518
v -38.13 -26.709 -13.249
v -37.716 -26.281 -12.532
v -51.358 4.8532 -16.654
v -51.389 4.6033 -15.554
v -51.421 5.6468 -16.411
v -49.716 -3.8969 -10.694
v -49.592 -3.6522 -9.8176
v -49.738 -3.2051 -10.2
v -51.038 2.1559 -13.434
v -51.046 1.6762 -13.973
v -50.981 1.2922 -13.349
v -47.855 -10.113 -10.154
v -48.318 -9.024 -10.567
v -47.965 -10.197 -10.889
v -40.956 -16.084 -17.184
v -41.119 -15.733 -17.896
v -41.201 -15.589 -17.027
v -40.425 -17.125 -17.605
v -40.138 -17.621 -17.501
v -40.199 -17.509 -18.087
v -40.138 -17.621 -17.501
v -39.758 -18.213 -17.58
v -40.199 -17.509 -18.087
v -50.157 -1.669 -10.955
v -50.281 -1.9638 -11.764
v -50.125 -2.4329 -11.257
v -41.022 -17.565 -19.883
v -40.635 -17.226 -19.159
v -40.549 -18.079 -19.732
v -36.372 -25.384 -17.738
v -36.376 -25.277 -16.833
v -36.815 -25.661 -16.98
v -44.554 -7.7965 -17.67
v -44.447 -8.3467 -18.403
v -44.651 -7.8923 -18.294
v -35.96 -25.04 -19.027
v -36.097 -25.057 -18.43
v -36.411 -25.374 -19.089
v -41.201 -15.589 -17.027
v -41.119 -15.733 -17.896
v -41.507 -14.989 -17.657
v -44.287 -8.6006 -17.401
v -44.184 -8.9119 -18.073
v -44.447 -8.3467 -18.403
v -48.896 -5.9232 -9.102
v -48.781 -6.7383 -9.5678
v -48.76 -6.4748 -9.0264
v -44.814 -7.0765 -17.928
v -44.651 -7.8923 -18.294
v -44.967 -7.0407 -18.423
v -44.651 -7.8923 -18.294
v -44.814 -7.0765 -17.928
v -44.554 -7.7965 -17.67
v -44.013 -9.4644 -18.294
v -44.184 -8.9119 -18.073
v -44.03 -9.2736 -17.564
v -48.589 -7.1657 -9.2793
v -48.473 -7.5926 -9.343
v -48.409 -7.5566 -8.8264
v -47.181 -10.977 -8.4946
v -47.337 -10.26 -7.9512
v -47.534 -10.016 -8.4834
v -41.15 -16.697 -19.467
v -41.599 -15.792 -19.487
v -41.261 -15.974 -19.174
v -46.92 -11.622 -8.2722
v -46.967 -11.132 -7.8865
v -47.181 -10.977 -8.4946
v -41.62 -21.879 -9.5201
v -41.6 -21.671 -8.7866
v -42.054 -21.154 -9.1422
v -39.612 -18.487 -18.257
v -39.758 -18.213 -17.58
v -39.313 -18.931 -17.716
v -41.62 -21.879 -9.5201
v -41.234 -22.521 -9.8131
v -41.225 -22.366 -9.1758
v -41.523 -15.271 -18.907
v -41.599 -15.792 -19.487
v -41.975 -15.46 -19.623
v -41.718 -14.551 -17.701
v -42.068 -13.984 -17.679
v -42.095 -13.996 -16.918
v -43.176 -11.773 -17.214
v -43.45 -11.07 -17.415
v -43.398 -11.215 -16.682
v -41.718 -14.551 -17.701
v -42.095 -13.996 -16.918
v -41.777 -14.635 -16.62
v -41.975 -15.46 -19.623
v -42.127 -14.603 -19.255
v -41.523 -15.271 -18.907
v -46.125 -3.2536 -18.553
v -45.788 -5.1049 -19.032
v -46.647 -3.3284 -19.468
v -50.857 5.3851 -18.341
v -50.089 5.81 -19.048
v -50.873 4.3333 -18.379
v -37.269 -22.863 -19.662
v -36.845 -22.989 -19.276
v -36.314 -23.562 -19.293
v -49.679 3.5735 -19.403
v -50.873 4.3333 -18.379
v -50.089 5.81 -19.048
v -51.266 5.9076 -16.997
v -51.123 5.7039 -17.767
v -51.267 5.265 -17.354
v -51.267 5.265 -17.354
v -51.421 5.6468 -16.411
v -51.266 5.9076 -16.997
v -49.48 -5.5547 -11.731
v -49.267 -6.3232 -11.637
v -49.314 -5.7762 -11.168
v -43.951 -17.574 -7.7268
v -44.227 -17.497 -8.823
v -43.47 -18.688 -8.578
v -44.403 -16.585 -7.2631
v -44.227 -17.497 -8.823
v -43.951 -17.574 -7.7268
v -45.093 -15.268 -7.3184
v -45.04 -16.149 -9.1267
v -44.403 -16.585 -7.2631
v -50.562 -0.54236 -11.936
v -50.478 -1.2373 -12.063
v -50.4 -1.0616 -11.457
v -51.123 5.7039 -17.767
v -50.857 5.3851 -18.341
v -51.179 5.0106 -17.651
v -50.4 -1.0616 -11.457
v -50.478 -1.2373 -12.063
v -50.281 -1.9638 -11.764
v -49.895 -3.3824 -11.288
v -49.88 -2.8636 -10.605
v -50.125 -2.4329 -11.257
v -43.341 -19.701 -10.728
v -42.974 -20.381 -11.088
v -42.747 -20.459 -10.212
v -49.716 -3.8969 -10.694
v -49.88 -2.8636 -10.605
v -49.895 -3.3824 -11.288
v -49.592 -3.6522 -9.8176
v -49.716 -3.8969 -10.694
v -49.482 -4.6837 -10.287
v -45.498 -5.4343 -18.522
v -45.332 -5.7025 -18.155
v -45.273 -6.1516 -18.612
v -46.654 -12.842 -9.5926
v -46.612 -13.347 -10.598
v -46.437 -13.431 -9.8213
v -51.207 2.6667 -14.502
v -51.046 1.6762 -13.973
v -51.038 2.1559 -13.434
v -50.714 0.58026 -12.067
v -50.747 -0.08476 -12.709
v -50.562 -0.54236 -11.936
v -42.747 -20.459 -10.212
v -42.974 -20.381 -11.088
v -42.265 -21.398 -10.671
v -42.747 -12.666 -16.887
v -42.4 -13.416 -17.118
v -42.578 -13.052 -17.533
v -40.551 -23.578 -10.353
v -40.379 -23.99 -10.925
v -40.118 -23.992 -9.7955
v -49.136 -5.6205 -9.7928
v -49.025 -6.1295 -9.924
v -48.896 -5.9232 -9.102
v -49.025 -6.1295 -9.924
v -48.781 -6.7383 -9.5678
v -48.896 -5.9232 -9.102
v -42.068 -13.984 -17.679
v -42.578 -13.052 -17.533
v -42.4 -13.416 -17.118
v -48.147 -8.2007 -8.5462
v -48.409 -7.5566 -8.8264
v -48.473 -7.5926 -9.343
v -51.052 0.4807 -14.939
v -51.159 1.288 -15.104
v -51.13 1.1289 -15.605
v -48.008 -8.8375 -8.8611
v -48.147 -8.2007 -8.5462
v -48.248 -8.4454 -9.4373
v -51.13 1.1289 -15.605
v -51.238 2.143 -15.187
v -51.223 1.9205 -16.207
v -38.563 -26.432 -12.045
v -38.462 -26.595 -12.555
v -38.017 -26.481 -11.96
v -40.848 -16.269 -18.099
v -40.71 -16.679 -17.228
v -40.425 -17.125 -17.605
v -43.803 -10.176 -17.378
v -43.45 -11.07 -17.415
v -43.564 -10.652 -17.929
v -41.938 -21.62 -10.005
v -41.62 -21.879 -9.5201
v -42.054 -21.154 -9.1422
v -39.223 -25.366 -10.835
v -39.728 -24.725 -10.692
v -39.424 -25.303 -11.554
v -36.097 -25.057 -18.43
v -36.372 -25.384 -17.738
v -36.684 -25.611 -18.078
v -38.958 -19.597 -18.834
v -39.502 -18.84 -18.924
v -39.612 -18.487 -18.257
v -39.223 -25.366 -10.835
v -39.424 -25.303 -11.554
v -38.763 -26.035 -11.446
v -42.068 -13.984 -17.679
v -42.4 -13.416 -17.118
v -42.095 -13.996 -16.918
v -40.084 -24.759 -12.475
v -40.381 -24.431 -12.819
v -39.899 -25.048 -12.815
v -42.84 -12.391 -17.717
v -43.176 -11.773 -17.214
v -42.747 -12.666 -16.887
v -40.63 -23.261 -9.5482
v -41.234 -22.521 -9.8131
v -41.047 -23.012 -10.521
v -40.848 -16.269 -18.099
v -41.119 -15.733 -17.896
v -40.956 -16.084 -17.184
v -39.612 -18.487 -18.257
v -40.199 -17.509 -18.087
v -39.758 -18.213 -17.58
v -40.71 -16.679 -17.228
v -40.848 -16.269 -18.099
v -40.956 -16.084 -17.184
v -41.047 -23.012 -10.521
v -40.551 -23.578 -10.353
v -40.63 -23.261 -9.5482
v -51.123 5.7039 -17.767
v -51.179 5.0106 -17.651
v -51.267 5.265 -17.354
v -50.308 -2.7304 -12.597
v -50.412 -2.0705 -12.572
v -50.377 -2.7913 -13.441
v -38.327 -26.784 -14.738
v -38.33 -26.743 -15.07
v -37.883 -26.377 -14.889
v -38.33 -26.743 -15.07
v -38.278 -26.748 -15.385
v -37.883 -26.377 -14.889
v -49.023 -7.2642 -11.574
v -48.876 -7.3903 -11.062
v -49.078 -6.6827 -11.249
v -41.119 -15.733 -17.896
v -41.342 -15.31 -18.311
v -41.507 -14.989 -17.657
v -38.126 -26.564 -12.518
v -38.017 -26.481 -11.96
v -38.462 -26.595 -12.555
v -38.981 -26.034 -12.189
v -38.563 -26.432 -12.045
v -38.763 -26.035 -11.446
v -51.389 4.6033 -15.554
v -51.358 4.8532 -16.654
v -51.384 4.2309 -16.474
v -51.284 2.5157 -15.934
v -51.286 2.9372 -16.589
v -51.223 1.9205 -16.207
v -48.376 -9.0739 -11.077
v -48.318 -9.024 -10.567
v -48.594 -8.3147 -10.921
v -50.486 -2.1925 -13.527
v -50.412 -2.0705 -12.572
v -50.553 -1.5895 -13.126
v -40.199 -17.509 -18.087
v -40.538 -17.04 -18.533
v -40.425 -17.125 -17.605
v -49.314 -5.7762 -11.168
v -49.267 -6.3232 -11.637
v -49.078 -6.6827 -11.249
v -42.994 -19.486 -8.6205
v -42.829 -20.069 -9.5316
v -42.457 -20.483 -8.9913
v -48.051 -8.9872 -9.2041
v -47.784 -9.5397 -8.8502
v -48.008 -8.8375 -8.8611
v -39.135 -26.084 -13.495
v -38.658 -26.751 -14.198
v -38.568 -26.669 -13.564
v -42.439 -20.741 -9.6892
v -42.054 -21.154 -9.1422
v -42.457 -20.483 -8.9913
v -43.564 -10.652 -17.929
v -43.763 -10.139 -18.061
v -43.803 -10.176 -17.378
v -42.077 -13.822 -18.101
v -42.578 -13.052 -17.533
v -42.068 -13.984 -17.679
v -42.84 -12.391 -17.717
v -42.747 -12.666 -16.887
v -42.578 -13.052 -17.533
v -41.577 -22.266 -10.449
v -41.234 -22.521 -9.8131
v -41.62 -21.879 -9.5201
v -36.684 -25.611 -18.078
v -36.411 -25.374 -19.089
v -36.097 -25.057 -18.43
v -43.176 -11.773 -17.214
v -43.259 -11.304 -18.278
v -43.45 -11.07 -17.415
v -44.969 -8.2742 -19.416
v -44.584 -8.694 -18.959
v -44.928 -9.1593 -19.75
v -50.747 -0.08476 -12.709
v -50.659 -0.74088 -13.107
v -50.562 -0.54236 -11.936
v -48.473 -7.5926 -9.343
v -48.248 -8.4454 -9.4373
v -48.147 -8.2007 -8.5462
v -48.051 -8.9872 -9.2041
v -48.008 -8.8375 -8.8611
v -48.248 -8.4454 -9.4373
v -50.81 3.6564 -18.448
v -50.873 4.3333 -18.379
v -49.679 3.5735 -19.403
v -47.648 -1.3896 -19.718
v -47.209 -0.67114 -19.345
v -46.682 -1.4277 -18.961
v -35.946 -24.766 -19.724
v -35.8 -24.859 -19.375
v -36.387 -25.361 -19.667
v -47.154 -2.5492 -19.639
v -47.648 -1.3896 -19.718
v -46.682 -1.4277 -18.961
v -46.682 -1.4277 -18.961
v -46.647 -3.3284 -19.468
v -47.154 -2.5492 -19.639
v -51.421 5.6468 -16.411
v -51.267 5.265 -17.354
v -51.358 4.8532 -16.654
v -36.387 -25.361 -19.667
v -35.8 -24.859 -19.375
v -35.96 -25.04 -19.027
v -46.92 -11.622 -8.2722
v -46.833 -11.926 -8.5455
v -46.396 -12.836 -8.165
v -44.403 -16.585 -7.2631
v -45.04 -16.149 -9.1267
v -44.227 -17.497 -8.823
v -50.562 -0.54236 -11.936
v -50.659 -0.74088 -13.107
v -50.478 -1.2373 -12.063
v -37.681 -21.645 -18.92
v -37.044 -22.57 -19.142
v -38.239 -21.435 -19.56
v -40.379 -23.99 -10.925
v -39.968 -24.552 -11.297
v -39.728 -24.725 -10.692
v -45.498 -5.4343 -18.522
v -45.273 -6.1516 -18.612
v -45.788 -5.1049 -19.032
v -40.637 -24.041 -12.279
v -40.084 -24.759 -12.475
v -40.145 -24.512 -11.83
v -50.919 0.59339 -13.579
v -50.894 0.9864 -12.915
v -50.981 1.2922 -13.349
v -50.894 0.9864 -12.915
v -50.919 0.59339 -13.579
v -50.798 0.51007 -12.822
v -45.273 -6.1516 -18.612
v -44.967 -7.0407 -18.423
v -45.214 -6.9323 -18.953
v -47.534 -10.016 -8.4834
v -47.784 -9.5397 -8.8502
v -47.519 -10.47 -9.1806
v -43.259 -11.304 -18.278
v -43.564 -10.652 -17.929
v -43.45 -11.07 -17.415
v -49.335 -5.0789 -10.074
v -49.319 -5.5054 -10.556
v -49.136 -5.6205 -9.7928
v -44.967 -7.0407 -18.423
v -44.651 -7.8923 -18.294
v -44.924 -7.5216 -18.795
v -49.025 -6.1295 -9.924
v -49.136 -5.6205 -9.7928
v -49.319 -5.5054 -10.556
v -37.978 -26.521 -14.153
v -37.542 -26.182 -13.44
v -38.164 -26.722 -13.86
v -37.542 -26.182 -13.44
v -38.13 -26.709 -13.249
v -38.164 -26.722 -13.86
v -38.13 -26.709 -13.249
v -38.126 -26.564 -12.518
v -38.462 -26.595 -12.555
v -48.917 -6.7564 -10.251
v -48.781 -6.7383 -9.5678
v -49.025 -6.1295 -9.924
v -43.176 -11.773 -17.214
v -42.941 -12.153 -18.154
v -43.259 -11.304 -18.278
v -47.18 -11.258 -9.023
v -47.181 -10.977 -8.4946
v -47.519 -10.47 -9.1806
v -47.519 -10.47 -9.1806
v -47.181 -10.977 -8.4946
v -47.534 -10.016 -8.4834
v -42.077 -13.822 -18.101
v -42.629 -12.838 -18.23
v -42.578 -13.052 -17.533
v -51.354 3.8458 -15.497
v -51.389 4.6033 -15.554
v -51.384 4.2309 -16.474
v -42.84 -12.391 -17.717
v -42.941 -12.153 -18.154
v -43.176 -11.773 -17.214
v -50.81 3.6564 -18.448
v -50.903 2.6386 -18.199
v -51.045 3.1842 -17.93
v -42.84 -12.391 -17.717
v -42.578 -13.052 -17.533
v -42.629 -12.838 -18.23
v -40.637 -24.041 -12.279
v -40.787 -23.564 -11.62
v -41.212 -23.216 -12.133
v -48.52 -7.8225 -9.8336
v -48.248 -8.4454 -9.4373
v -48.473 -7.5926 -9.343
v -39.424 -25.303 -11.554
v -39.728 -24.725 -10.692
v -39.968 -24.552 -11.297
v -51.314 3.0835 -15.433
v -51.269 3.609 -14.566
v -51.354 3.8458 -15.497
v -51.269 3.609 -14.566
v -51.314 3.0835 -15.433
v -51.207 2.6667 -14.502
v -38.409 -20.506 -18.686
v -38.536 -20.763 -19.391
v -38.958 -19.597 -18.834
v -46.92 -11.622 -8.2722
v -47.181 -10.977 -8.4946
v -47.18 -11.258 -9.023
v -40.848 -16.269 -18.099
v -40.425 -17.125 -17.605
v -40.538 -17.04 -18.533
v -38.089 -21.134 -18.998
v -38.536 -20.763 -19.391
v -38.409 -20.506 -18.686
v -41.718 -14.551 -17.701
v -42.077 -13.822 -18.101
v -42.068 -13.984 -17.679
v -38.089 -21.134 -18.998
v -37.681 -21.645 -18.92
v -38.239 -21.435 -19.56
v -36.815 -25.661 -16.98
v -36.974 -25.622 -16.052
v -37.45 -26.145 -16.912
v -37.593 -25.935 -15.068
v -37.731 -26.126 -15.588
v -37.228 -25.743 -15.433
v -36.684 -25.611 -18.078
v -36.372 -25.384 -17.738
v -36.815 -25.661 -16.98
v -41.938 -21.62 -10.005
v -42.054 -21.154 -9.1422
v -42.224 -21.172 -10.013
v -42.224 -21.172 -10.013
v -42.054 -21.154 -9.1422
v -42.439 -20.741 -9.6892
v -36.411 -25.374 -19.089
v -36.387 -25.361 -19.667
v -35.96 -25.04 -19.027
v -40.199 -17.509 -18.087
v -39.612 -18.487 -18.257
v -39.814 -18.365 -18.986
v -39.814 -18.365 -18.986
v -39.612 -18.487 -18.257
v -39.502 -18.84 -18.924
v -41.577 -22.266 -10.449
v -41.047 -23.012 -10.521
v -41.234 -22.521 -9.8131
v -44.146 -17.995 -9.8729
v -45.04 -16.149 -9.1267
v -44.984 -16.982 -11.245
v -38.882 -21.264 -19.995
v -39.33 -19.781 -19.526
v -38.536 -20.763 -19.391
v -37.228 -25.743 -15.433
v -37.735 -26.346 -16.258
v -36.974 -25.622 -16.052
v -42.629 -12.838 -18.23
v -42.077 -13.822 -18.101
v -42.184 -13.687 -18.428
v -47.18 -11.258 -9.023
v -46.833 -11.926 -8.5455
v -46.92 -11.622 -8.2722
v -42.638 -13.038 -18.872
v -43.112 -12.917 -19.469
v -43.001 -12.269 -18.769
v -49.716 -3.8969 -10.694
v -49.487 -5.1077 -10.883
v -49.482 -4.6837 -10.287
v -49.482 -4.6837 -10.287
v -49.319 -5.5054 -10.556
v -49.335 -5.0789 -10.074
v -39.814 -18.365 -18.986
v -40.095 -18.596 -19.56
v -40.549 -18.079 -19.732
v -44.924 -7.5216 -18.795
v -45.214 -6.9323 -18.953
v -44.967 -7.0407 -18.423
v -42.077 -13.822 -18.101
v -41.718 -14.551 -17.701
v -41.909 -14.379 -18.779
v -40.409 -17.406 -18.882
v -39.814 -18.365 -18.986
v -40.549 -18.079 -19.732
v -49.025 -6.1295 -9.924
v -49.319 -5.5054 -10.556
v -49.143 -6.1329 -10.681
v -43.259 -11.304 -18.278
v -43.562 -10.834 -18.611
v -43.564 -10.652 -17.929
v -42.439 -20.741 -9.6892
v -42.457 -20.483 -8.9913
v -42.829 -20.069 -9.5316
v -41.342 -15.31 -18.311
v -41.909 -14.379 -18.779
v -41.718 -14.551 -17.701
v -40.549 -18.079 -19.732
v -40.635 -17.226 -19.159
v -40.409 -17.406 -18.882
v -41.718 -14.551 -17.701
v -41.507 -14.989 -17.657
v -41.342 -15.31 -18.311
v -44.924 -7.5216 -18.795
v -44.651 -7.8923 -18.294
v -44.447 -8.3467 -18.403
v -48.52 -7.8225 -9.8336
v -48.589 -7.1657 -9.2793
v -48.781 -6.7383 -9.5678
v -48.589 -7.1657 -9.2793
v -48.52 -7.8225 -9.8336
v -48.473 -7.5926 -9.343
v -47.812 -9.8181 -9.4436
v -47.784 -9.5397 -8.8502
v -48.051 -8.9872 -9.2041
v -43.188 -11.74 -18.677
v -43.259 -11.304 -18.278
v -42.941 -12.153 -18.154
v -43.683 -11.025 -19.101
v -43.188 -11.74 -18.677
v -43.333 -12.127 -19.321
v -44.447 -8.3467 -18.403
v -44.184 -8.9119 -18.073
v -44.406 -8.9934 -18.75
v -38.763 -26.035 -11.446
v -39.424 -25.303 -11.554
v -38.981 -26.034 -12.189
v -41.025 -16.042 -18.683
v -41.342 -15.31 -18.311
v -41.119 -15.733 -17.896
v -41.119 -15.733 -17.896
v -40.848 -16.269 -18.099
v -41.025 -16.042 -18.683
v -41.938 -21.62 -10.005
v -41.577 -22.266 -10.449
v -41.62 -21.879 -9.5201
v -44.037 -9.9677 -18.858
v -44.101 -10.828 -19.526
v -44.575 -9.7475 -19.603
v -51.384 4.2309 -16.474
v -51.401 3.6433 -16.288
v -51.354 3.8458 -15.497
v -44.037 -9.9677 -18.858
v -44.575 -9.7475 -19.603
v -44.406 -8.9934 -18.75
v -43.352 -19.519 -10.245
v -43.341 -19.701 -10.728
v -42.747 -20.459 -10.212
v -40.379 -23.99 -10.925
v -40.551 -23.578 -10.353
v -40.753 -23.492 -10.994
v -42.629 -12.838 -18.23
v -42.941 -12.153 -18.154
v -42.84 -12.391 -17.717
v -44.105 -18.275 -10.544
v -43.771 -18.827 -10.46
v -44.146 -17.995 -9.8729
v -37.883 -26.377 -14.889
v -37.593 -25.935 -15.068
v -37.658 -26.145 -14.363
v -50.099 -3.2485 -12.122
v -50.308 -2.7304 -12.597
v -50.135 -3.4701 -13.005
v -43.562 -10.834 -18.611
v -43.763 -10.139 -18.061
v -43.564 -10.652 -17.929
v -38.239 -21.435 -19.56
v -37.044 -22.57 -19.142
v -38.034 -22.269 -19.901
v -37.044 -22.57 -19.142
v -37.269 -22.863 -19.662
v -38.034 -22.269 -19.901
v -50.377 -2.7913 -13.441
v -50.412 -2.0705 -12.572
v -50.486 -2.1925 -13.527
v -51.238 2.143 -15.187
v -51.207 2.6667 -14.502
v -51.314 3.0835 -15.433
v -51.207 2.6667 -14.502
v -51.238 2.143 -15.187
v -51.141 1.6109 -14.567
v -51.207 2.6667 -14.502
v -51.141 1.6109 -14.567
v -51.046 1.6762 -13.973
v -45.715 -14.952 -9.6944
v -45.964 -14.392 -9.5141
v -45.912 -14.807 -10.093
v -50.811 -0.11814 -13.303
v -50.798 0.51007 -12.822
v -50.919 0.59339 -13.579
v -50.811 -0.11814 -13.303
v -50.747 -0.08476 -12.709
v -50.798 0.51007 -12.822
v -50.703 -1.3018 -13.788
v -50.659 -0.74088 -13.107
v -50.854 -0.45381 -13.822
v -48.88 2.7523 -19.587
v -49.756 1.8295 -19.422
v -49.679 3.5735 -19.403
v -51.358 4.8532 -16.654
v -51.267 5.265 -17.354
v -51.179 5.0106 -17.651
v -51.179 5.0106 -17.651
v -51.384 4.2309 -16.474
v -51.358 4.8532 -16.654
v -35.946 -24.766 -19.724
v -36.779 -24.764 -20.209
v -36.611 -24.139 -19.893
v -46.396 -12.836 -8.165
v -46.833 -11.926 -8.5455
v -46.712 -12.413 -8.9363
v -43.433 -19.202 -9.8406
v -42.994 -19.486 -8.6205
v -43.47 -18.688 -8.578
v -46.396 -12.836 -8.165
v -46.322 -13.489 -9.2439
v -45.879 -13.792 -7.5657
v -45.518 -14.799 -8.2231
v -45.04 -16.149 -9.1267
v -45.093 -15.268 -7.3184
v -44.013 -9.4644 -18.294
v -43.763 -10.139 -18.061
v -44.037 -9.9677 -18.858
v -39.899 -25.048 -12.815
v -39.425 -25.616 -12.918
v -39.589 -25.359 -12.291
v -50.993 0.064748 -14.579
v -50.854 -0.45381 -13.822
v -50.926 0.14851 -14.01
v -51.121 4.1502 -17.875
v -50.857 5.3851 -18.341
v -50.873 4.3333 -18.379
v -40.199 -17.509 -18.087
v -40.409 -17.406 -18.882
v -40.538 -17.04 -18.533
v -50.857 5.3851 -18.341
v -51.121 4.1502 -17.875
v -51.179 5.0106 -17.651
v -48.051 -8.9872 -9.2041
v -48.248 -8.4454 -9.4373
v -48.147 -9.0765 -9.878
v -39.589 -25.359 -12.291
v -40.084 -24.759 -12.475
v -39.899 -25.048 -12.815
v -49.895 -3.3824 -11.288
v -49.697 -4.2328 -11.244
v -49.716 -3.8969 -10.694
v -48.876 -7.3903 -11.062
v -48.594 -8.3147 -10.921
v -48.78 -7.4842 -10.504
v -37.658 -26.145 -14.363
v -37.978 -26.521 -14.153
v -37.883 -26.377 -14.889
v -41.577 -22.266 -10.449
v -41.441 -22.584 -10.84
v -41.047 -23.012 -10.521
v -36.411 -25.374 -19.089
v -36.894 -25.885 -18.84
v -36.819 -25.852 -19.635
v -49.716 -3.8969 -10.694
v -49.697 -4.2328 -11.244
v -49.487 -5.1077 -10.883
v -49.319 -5.5054 -10.556
v -49.482 -4.6837 -10.287
v -49.487 -5.1077 -10.883
v -38.13 -26.709 -13.249
v -38.462 -26.595 -12.555
v -38.532 -26.674 -13.111
v -40.883 -16.501 -18.773
v -41.025 -16.042 -18.683
v -40.848 -16.269 -18.099
v -49.143 -6.1329 -10.681
v -48.917 -6.7564 -10.251
v -49.025 -6.1295 -9.924
v -51.046 1.6762 -13.973
v -51.002 0.93639 -14.358
v -50.919 0.59339 -13.579
v -51.046 1.6762 -13.973
v -50.919 0.59339 -13.579
v -50.981 1.2922 -13.349
v -49.078 -6.6827 -11.249
v -48.876 -7.3903 -11.062
v -48.78 -7.4842 -10.504
v -40.848 -16.269 -18.099
v -40.538 -17.04 -18.533
v -40.883 -16.501 -18.773
v -51.401 3.6433 -16.288
v -51.314 3.0835 -15.433
v -51.354 3.8458 -15.497
v -50.747 -0.08476 -12.709
v -50.811 -0.11814 -13.303
v -50.659 -0.74088 -13.107
v -51.052 0.4807 -14.939
v -50.993 0.064748 -14.579
v -50.926 0.14851 -14.01
v -50.412 -2.0705 -12.572
v -50.478 -1.2373 -12.063
v -50.489 -1.4641 -12.559
v -47.519 -10.47 -9.1806
v -47.784 -9.5397 -8.8502
v -47.812 -9.8181 -9.4436
v -50.281 -1.9638 -11.764
v -50.478 -1.2373 -12.063
v -50.412 -2.0705 -12.572
v -40.787 -23.564 -11.62
v -41.207 -23.017 -11.49
v -41.212 -23.216 -12.133
v -43.433 -19.202 -9.8406
v -42.829 -20.069 -9.5316
v -42.994 -19.486 -8.6205
v -46.833 -11.926 -8.5455
v -47.18 -11.258 -9.023
v -46.96 -11.956 -9.3318
v -45.964 -14.392 -9.5141
v -46.218 -13.984 -9.8974
v -46.119 -14.285 -10.034
v -46.119 -14.285 -10.034
v -45.912 -14.807 -10.093
v -45.964 -14.392 -9.5141
v -46.96 -11.956 -9.3318
v -46.712 -12.413 -8.9363
v -46.833 -11.926 -8.5455
v -50.281 -1.9638 -11.764
v -50.308 -2.7304 -12.597
v -50.125 -2.4329 -11.257
v -42.941 -12.153 -18.154
v -42.629 -12.838 -18.23
v -43.001 -12.269 -18.769
v -42.638 -13.038 -18.872
v -43.001 -12.269 -18.769
v -42.629 -12.838 -18.23
v -48.147 -9.0765 -9.878
v -47.812 -9.8181 -9.4436
v -48.051 -8.9872 -9.2041
v -49.895 -3.3824 -11.288
v -49.868 -3.9271 -11.735
v -49.697 -4.2328 -11.244
v -42.629 -12.838 -18.23
v -42.184 -13.687 -18.428
v -42.638 -13.038 -18.872
v -40.753 -23.492 -10.994
v -40.551 -23.578 -10.353
v -41.047 -23.012 -10.521
v -45.788 -5.1049 -19.032
v -45.273 -6.1516 -18.612
v -45.966 -6.197 -19.633
v -45.273 -6.1516 -18.612
v -45.214 -6.9323 -18.953
v -45.966 -6.197 -19.633
v -42.184 -13.687 -18.428
v -42.077 -13.822 -18.101
v -41.909 -14.379 -18.779
v -36.815 -25.661 -16.98
v -37.379 -26.215 -17.672
v -36.684 -25.611 -18.078
v -47.519 -10.47 -9.1806
v -47.237 -11.408 -9.4992
v -47.18 -11.258 -9.023
v -46.96 -11.956 -9.3318
v -47.18 -11.258 -9.023
v -47.237 -11.408 -9.4992
v -41.523 -15.271 -18.907
v -41.909 -14.379 -18.779
v -41.342 -15.31 -18.311
v -44.584 -8.694 -18.959
v -44.447 -8.3467 -18.403
v -44.406 -8.9934 -18.75
v -37.45 -26.145 -16.912
v -36.974 -25.622 -16.052
v -37.735 -26.346 -16.258
v -44.013 -9.4644 -18.294
v -44.406 -8.9934 -18.75
v -44.184 -8.9119 -18.073
v -41.261 -15.974 -19.174
v -41.523 -15.271 -18.907
v -41.342 -15.31 -18.311
v -42.224 -21.172 -10.013
v -42.265 -21.398 -10.671
v -41.938 -21.62 -10.005
v -41.342 -15.31 -18.311
v -41.025 -16.042 -18.683
v -41.261 -15.974 -19.174
v -44.584 -8.694 -18.959
v -44.406 -8.9934 -18.75
v -44.928 -9.1593 -19.75
v -49.48 -5.5547 -11.731
v -49.648 -4.8087 -11.518
v -49.703 -4.9362 -12.018
v -48.78 -7.4842 -10.504
v -48.781 -6.7383 -9.5678
v -48.917 -6.7564 -10.251
v -48.52 -7.8225 -9.8336
v -48.781 -6.7383 -9.5678
v -48.78 -7.4842 -10.504
v -43.188 -11.74 -18.677
v -42.941 -12.153 -18.154
v -43.001 -12.269 -18.769
v -42.439 -20.741 -9.6892
v -42.829 -20.069 -9.5316
v -42.747 -20.459 -10.212
v -51.002 0.93639 -14.358
v -51.046 1.6762 -13.973
v -51.141 1.6109 -14.567
v -38.981 -26.034 -12.189
v -39.424 -25.303 -11.554
v -39.589 -25.359 -12.291
v -38.532 -26.674 -13.111
v -38.462 -26.595 -12.555
v -38.804 -26.336 -12.839
v -47.067 -12.023 -9.9476
v -47.237 -11.408 -9.4992
v -47.384 -11.566 -10.619
v -40.145 -24.512 -11.83
v -39.424 -25.303 -11.554
v -39.968 -24.552 -11.297
v -38.563 -26.432 -12.045
v -38.981 -26.034 -12.189
v -38.804 -26.336 -12.839
v -38.804 -26.336 -12.839
v -38.462 -26.595 -12.555
v -38.563 -26.432 -12.045
v -50.489 -1.4641 -12.559
v -50.478 -1.2373 -12.063
v -50.659 -0.74088 -13.107
v -47.53 -10.816 -9.8681
v -47.384 -11.566 -10.619
v -47.237 -11.408 -9.4992
v -50.412 -2.0705 -12.572
v -50.308 -2.7304 -12.597
v -50.281 -1.9638 -11.764
v -50.919 0.59339 -13.579
v -50.926 0.14851 -14.01
v -50.811 -0.11814 -13.303
v -46.647 -3.3284 -19.468
v -45.788 -5.1049 -19.032
v -46.436 -4.7569 -19.68
v -49.868 -3.9271 -11.735
v -49.913 -4.1047 -12.295
v -49.703 -4.9362 -12.018
v -39.814 -18.365 -18.986
v -40.409 -17.406 -18.882
v -40.199 -17.509 -18.087
v -47.96 -0.12473 -19.687
v -47.209 -0.67114 -19.345
v -47.648 -1.3896 -19.718
v -46.396 -12.836 -8.165
v -46.712 -12.413 -8.9363
v -46.654 -12.842 -9.5926
v -44.146 -17.995 -9.8729
v -43.433 -19.202 -9.8406
v -43.47 -18.688 -8.578
v -46.322 -13.489 -9.2439
v -45.964 -14.392 -9.5141
v -45.879 -13.792 -7.5657
v -45.964 -14.392 -9.5141
v -45.518 -14.799 -8.2231
v -45.879 -13.792 -7.5657
v -43.47 -18.688 -8.578
v -44.227 -17.497 -8.823
v -44.146 -17.995 -9.8729
v -46.322 -13.489 -9.2439
v -46.396 -12.836 -8.165
v -46.654 -12.842 -9.5926
v -38.239 -21.435 -19.56
v -38.536 -20.763 -19.391
v -38.089 -21.134 -18.998
v -50.099 -3.2485 -12.122
v -50.125 -2.4329 -11.257
v -50.308 -2.7304 -12.597
v -47.855 -10.113 -10.154
v -47.639 -10.917 -10.633
v -47.53 -10.816 -9.8681
v -50.125 -2.4329 -11.257
v -50.099 -3.2485 -12.122
v -49.895 -3.3824 -11.288
v -50.099 -3.2485 -12.122
v -49.868 -3.9271 -11.735
v -49.895 -3.3824 -11.288
v -48.52 -7.8225 -9.8336
v -48.147 -9.0765 -9.878
v -48.248 -8.4454 -9.4373
v -38.278 -26.748 -15.385
v -38.055 -26.619 -15.831
v -37.731 -26.126 -15.588
v -49.913 -4.1047 -12.295
v -50.099 -3.2485 -12.122
v -50.135 -3.4701 -13.005
v -40.753 -23.492 -10.994
v -40.787 -23.564 -11.62
v -40.379 -23.99 -10.925
v -49.697 -4.2328 -11.244
v -49.648 -4.8087 -11.518
v -49.487 -5.1077 -10.883
v -44.037 -9.9677 -18.858
v -43.562 -10.834 -18.611
v -44.101 -10.828 -19.526
v -40.883 -16.501 -18.773
v -40.538 -17.04 -18.533
v -40.635 -17.226 -19.159
v -40.538 -17.04 -18.533
v -40.409 -17.406 -18.882
v -40.635 -17.226 -19.159
v -43.771 -18.827 -10.46
v -43.352 -19.519 -10.245
v -43.433 -19.202 -9.8406
v -47.855 -10.113 -10.154
v -48.147 -9.0765 -9.878
v -48.318 -9.024 -10.567
v -42.829 -20.069 -9.5316
v -43.433 -19.202 -9.8406
v -43.352 -19.519 -10.245
v -37.731 -26.126 -15.588
v -37.593 -25.935 -15.068
v -37.883 -26.377 -14.889
v -47.53 -10.816 -9.8681
v -47.812 -9.8181 -9.4436
v -47.855 -10.113 -10.154
v -37.228 -25.743 -15.433
v -37.731 -26.126 -15.588
v -37.735 -26.346 -16.258
v -44.447 -8.3467 -18.403
v -44.969 -8.2742 -19.416
v -44.924 -7.5216 -18.795
v -42.747 -20.459 -10.212
v -42.224 -21.172 -10.013
v -42.439 -20.741 -9.6892
v -51.238 2.143 -15.187
v -51.314 3.0835 -15.433
v -51.284 2.5157 -15.934
v -39.968 -24.552 -11.297
v -40.379 -23.99 -10.925
v -40.145 -24.512 -11.83
v -50.854 -0.45381 -13.822
v -50.811 -0.11814 -13.303
v -50.926 0.14851 -14.01
v -46.654 -12.842 -9.5926
v -46.96 -11.956 -9.3318
v -47.067 -12.023 -9.9476
v -41.996 -21.867 -11.245
v -41.712 -22.306 -11.511
v -41.441 -22.584 -10.84
v -38.164 -26.722 -13.86
v -38.13 -26.709 -13.249
v -38.568 -26.669 -13.564
v -38.568 -26.669 -13.564
v -38.13 -26.709 -13.249
v -38.532 -26.674 -13.111
v -49.487 -5.1077 -10.883
v -49.314 -5.7762 -11.168
v -49.319 -5.5054 -10.556
v -49.143 -6.1329 -10.681
v -49.319 -5.5054 -10.556
v -49.314 -5.7762 -11.168
v -43.352 -19.519 -10.245
v -42.747 -20.459 -10.212
v -42.829 -20.069 -9.5316
v -42.638 -13.038 -18.872
v -42.184 -13.687 -18.428
v -42.426 -13.845 -19.234
v -39.589 -25.359 -12.291
v -39.424 -25.303 -11.554
v -40.145 -24.512 -11.83
v -41.909 -14.379 -18.779
v -42.426 -13.845 -19.234
v -42.184 -13.687 -18.428
v -49.143 -6.1329 -10.681
v -49.004 -6.6948 -10.686
v -48.917 -6.7564 -10.251
v -50.659 -0.74088 -13.107
v -50.553 -1.5895 -13.126
v -50.489 -1.4641 -12.559
v -37.45 -26.145 -16.912
v -37.379 -26.215 -17.672
v -36.815 -25.661 -16.98
v -49.004 -6.6948 -10.686
v -49.143 -6.1329 -10.681
v -49.078 -6.6827 -11.249
v -51.238 2.143 -15.187
v -51.13 1.1289 -15.605
v -51.159 1.288 -15.104
v -36.684 -25.611 -18.078
v -36.894 -25.885 -18.84
v -36.411 -25.374 -19.089
v -38.239 -21.435 -19.56
v -38.882 -21.264 -19.995
v -38.536 -20.763 -19.391
v -48.147 -9.0765 -9.878
v -48.52 -7.8225 -9.8336
v -48.318 -9.024 -10.567
v -47.812 -9.8181 -9.4436
v -47.53 -10.816 -9.8681
v -47.519 -10.47 -9.1806
v -41.577 -22.266 -10.449
v -41.938 -21.62 -10.005
v -42.265 -21.398 -10.671
v -49.078 -6.6827 -11.249
v -49.143 -6.1329 -10.681
v -49.314 -5.7762 -11.168
v -47.53 -10.816 -9.8681
v -47.237 -11.408 -9.4992
v -47.519 -10.47 -9.1806
v -48.147 -9.0765 -9.878
v -47.855 -10.113 -10.154
v -47.812 -9.8181 -9.4436
v -43.562 -10.834 -18.611
v -44.037 -9.9677 -18.858
v -43.763 -10.139 -18.061
v -38.958 -19.597 -18.834
v -39.33 -19.781 -19.526
v -39.502 -18.84 -18.924
v -50.703 -1.3018 -13.788
v -50.553 -1.5895 -13.126
v -50.659 -0.74088 -13.107
v -38.958 -19.597 -18.834
v -38.536 -20.763 -19.391
v -39.33 -19.781 -19.526
v -51.179 5.0106 -17.651
v -51.121 4.1502 -17.875
v -51.384 4.2309 -16.474
v -51.384 4.2309 -16.474
v -51.121 4.1502 -17.875
v -51.209 3.5392 -17.4
v -51.209 3.5392 -17.4
v -51.401 3.6433 -16.288
v -51.384 4.2309 -16.474
v -48.88 2.7523 -19.587
v -48.517 1.3001 -19.676
v -49.756 1.8295 -19.422
v -48.217 0.65728 -19.655
v -47.96 -0.12473 -19.687
v -49.072 0.36439 -19.703
v -37.269 -22.863 -19.662
v -36.314 -23.562 -19.293
v -37.486 -23.399 -20.028
v -50.81 3.6564 -18.448
v -49.679 3.5735 -19.403
v -49.756 1.8295 -19.422
v -37.486 -23.399 -20.028
v -36.314 -23.562 -19.293
v -36.611 -24.139 -19.893
v -45.964 -14.392 -9.5141
v -46.322 -13.489 -9.2439
v -46.218 -13.984 -9.8974
v -45.518 -14.799 -8.2231
v -45.964 -14.392 -9.5141
v -45.715 -14.952 -9.6944
v -45.788 -5.1049 -19.032
v -45.966 -6.197 -19.633
v -46.436 -4.7569 -19.68
v -38.308 -26.762 -14.307
v -38.164 -26.722 -13.86
v -38.658 -26.751 -14.198
v -39.814 -18.365 -18.986
v -39.502 -18.84 -18.924
v -40.095 -18.596 -19.56
v -45.715 -14.952 -9.6944
v -45.04 -16.149 -9.1267
v -45.518 -14.799 -8.2231
v -45.04 -16.149 -9.1267
v -44.146 -17.995 -9.8729
v -44.227 -17.497 -8.823
v -38.327 -26.784 -14.738
v -37.978 -26.521 -14.153
v -38.308 -26.762 -14.307
v -51.141 1.6109 -14.567
v -51.238 2.143 -15.187
v -51.159 1.288 -15.104
v -48.318 -9.024 -10.567
v -48.52 -7.8225 -9.8336
v -48.594 -8.3147 -10.921
v -37.978 -26.521 -14.153
v -38.327 -26.784 -14.738
v -37.883 -26.377 -14.889
v -50.099 -3.2485 -12.122
v -49.913 -4.1047 -12.295
v -49.868 -3.9271 -11.735
v -40.637 -24.041 -12.279
v -40.145 -24.512 -11.83
v -40.787 -23.564 -11.62
v -39.135 -26.084 -13.495
v -38.568 -26.669 -13.564
v -38.532 -26.674 -13.111
v -50.412 -2.0705 -12.572
v -50.489 -1.4641 -12.559
v -50.553 -1.5895 -13.126
v -49.697 -4.2328 -11.244
v -49.868 -3.9271 -11.735
v -49.648 -4.8087 -11.518
v -50.919 0.59339 -13.579
v -51.002 0.93639 -14.358
v -50.926 0.14851 -14.01
v -37.731 -26.126 -15.588
v -37.883 -26.377 -14.889
v -38.278 -26.748 -15.385
v -41.523 -15.271 -18.907
v -41.261 -15.974 -19.174
v -41.599 -15.792 -19.487
v -40.145 -24.512 -11.83
v -40.084 -24.759 -12.475
v -39.589 -25.359 -12.291
v -39.425 -25.616 -12.918
v -39.135 -26.084 -13.495
v -38.804 -26.336 -12.839
v -49.648 -4.8087 -11.518
v -49.314 -5.7762 -11.168
v -49.487 -5.1077 -10.883
v -49.868 -3.9271 -11.735
v -49.703 -4.9362 -12.018
v -49.648 -4.8087 -11.518
v -44.447 -8.3467 -18.403
v -44.584 -8.694 -18.959
v -44.969 -8.2742 -19.416
v -50.659 -0.74088 -13.107
v -50.811 -0.11814 -13.303
v -50.854 -0.45381 -13.822
v -44.013 -9.4644 -18.294
v -44.037 -9.9677 -18.858
v -44.406 -8.9934 -18.75
v -41.996 -21.867 -11.245
v -41.577 -22.266 -10.449
v -42.265 -21.398 -10.671
v -43.562 -10.834 -18.611
v -43.259 -11.304 -18.278
v -43.683 -11.025 -19.101
v -43.188 -11.74 -18.677
v -43.683 -11.025 -19.101
v -43.259 -11.304 -18.278
v -51.209 3.5392 -17.4
v -51.121 4.1502 -17.875
v -51.045 3.1842 -17.93
v -40.635 -17.226 -19.159
v -41.15 -16.697 -19.467
v -40.883 -16.501 -18.773
v -43.188 -11.74 -18.677
v -43.001 -12.269 -18.769
v -43.333 -12.127 -19.321
v -51.286 2.9372 -16.589
v -51.314 3.0835 -15.433
v -51.401 3.6433 -16.288
v -47.237 -11.408 -9.4992
v -47.067 -12.023 -9.9476
v -46.96 -11.956 -9.3318
v -37.313 -26.199 -18.235
v -36.684 -25.611 -18.078
v -37.379 -26.215 -17.672
v -51.284 2.5157 -15.934
v -51.314 3.0835 -15.433
v -51.286 2.9372 -16.589
v -50.81 3.6564 -18.448
v -51.045 3.1842 -17.93
v -51.121 4.1502 -17.875
v -40.379 -23.99 -10.925
v -40.787 -23.564 -11.62
v -40.145 -24.512 -11.83
v -51.002 0.93639 -14.358
v -51.052 0.4807 -14.939
v -50.926 0.14851 -14.01
v -38.981 -26.034 -12.189
v -39.589 -25.359 -12.291
v -39.425 -25.616 -12.918
v -39.425 -25.616 -12.918
v -38.804 -26.336 -12.839
v -38.981 -26.034 -12.189
v -42.426 -13.845 -19.234
v -41.909 -14.379 -18.779
v -42.127 -14.603 -19.255
v -41.441 -22.584 -10.84
v -41.207 -23.017 -11.49
v -41.047 -23.012 -10.521
v -46.654 -12.842 -9.5926
v -46.712 -12.413 -8.9363
v -46.96 -11.956 -9.3318
v -40.753 -23.492 -10.994
v -41.047 -23.012 -10.521
v -41.207 -23.017 -11.49
v -46.654 -12.842 -9.5926
v -46.437 -13.431 -9.8213
v -46.322 -13.489 -9.2439
v -39.135 -26.084 -13.495
v -38.532 -26.674 -13.111
v -38.804 -26.336 -12.839
v -41.207 -23.017 -11.49
v -40.787 -23.564 -11.62
v -40.753 -23.492 -10.994
v -51.141 1.6109 -14.567
v -51.052 0.4807 -14.939
v -51.002 0.93639 -14.358
v -51.052 0.4807 -14.939
v -51.141 1.6109 -14.567
v -51.159 1.288 -15.104
v -49.078 -6.6827 -11.249
v -48.78 -7.4842 -10.504
v -49.004 -6.6948 -10.686
v -49.004 -6.6948 -10.686
v -48.78 -7.4842 -10.504
v -48.917 -6.7564 -10.251
v -41.712 -22.306 -11.511
v -41.207 -23.017 -11.49
v -41.441 -22.584 -10.84
v -50.81 3.6564 -18.448
v -51.121 4.1502 -17.875
v -50.873 4.3333 -18.379
v -37.069 -25.879 -20.134
v -36.779 -24.764 -20.209
v -35.946 -24.766 -19.724
v -42.127 -14.603 -19.255
v -41.909 -14.379 -18.779
v -41.523 -15.271 -18.907
v -48.594 -8.3147 -10.921
v -48.52 -7.8225 -9.8336
v -48.78 -7.4842 -10.504
v -45.715 -14.952 -9.6944
v -45.414 -15.994 -10.695
v -45.04 -16.149 -9.1267
v -45.214 -6.9323 -18.953
v -44.924 -7.5216 -18.795
v -44.969 -8.2742 -19.416
v -43.433 -19.202 -9.8406
v -44.146 -17.995 -9.8729
v -43.771 -18.827 -10.46
v -49.314 -5.7762 -11.168
v -49.648 -4.8087 -11.518
v -49.48 -5.5547 -11.731
v -39.502 -18.84 -18.924
v -40.055 -19.175 -19.785
v -40.095 -18.596 -19.56
v -42.747 -20.459 -10.212
v -42.265 -21.398 -10.671
v -42.224 -21.172 -10.013
v -41.025 -16.042 -18.683
v -40.883 -16.501 -18.773
v -41.15 -16.697 -19.467
v -47.648 -1.3896 -19.718
v -48.583 -1.3045 -19.833
v -47.96 -0.12473 -19.687
v -41.025 -16.042 -18.683
v -41.15 -16.697 -19.467
v -41.261 -15.974 -19.174
v -47.96 -0.12473 -19.687
v -48.583 -1.3045 -19.833
v -49.072 0.36439 -19.703
v -41.996 -21.867 -11.245
v -41.441 -22.584 -10.84
v -41.577 -22.266 -10.449
v -37.313 -26.199 -18.235
v -36.894 -25.885 -18.84
v -36.684 -25.611 -18.078
v -48.517 1.3001 -19.676
v -48.217 0.65728 -19.655
v -49.072 0.36439 -19.703
v -49.756 1.8295 -19.422
v -48.517 1.3001 -19.676
v -49.072 0.36439 -19.703
v -37.069 -25.879 -20.134
v -35.946 -24.766 -19.724
v -36.387 -25.361 -19.667
v -36.611 -24.139 -19.893
v -36.779 -24.764 -20.209
v -37.551 -24.556 -20.355
v -38.308 -26.762 -14.307
v -37.978 -26.521 -14.153
v -38.164 -26.722 -13.86
v -51.284 2.5157 -15.934
v -51.223 1.9205 -16.207
v -51.238 2.143 -15.187
v -38.164 -26.722 -13.86
v -38.568 -26.669 -13.564
v -38.658 -26.751 -14.198
v -51.401 3.6433 -16.288
v -51.209 3.5392 -17.4
v -51.286 2.9372 -16.589
v -46.437 -13.431 -9.8213
v -46.218 -13.984 -9.8974
v -46.322 -13.489 -9.2439
v -39.502 -18.84 -18.924
v -39.33 -19.781 -19.526
v -40.055 -19.175 -19.785
# 18798 vertices
# Face Definitions
f 1 2 3
f 4 5 6
f 7 8 9
f 10 11 12
f 13 14 15
f 16 17 18
f 19 20 21
f 22 23 24
f 25 26 27
f 28 29 30
f 31 32 33
f 34 35 36
f 37 38 39
f 40 41 42
f 43 44 45
f 46 47 48
f 49 50 51
f 52 53 54
f 55 56 57
f 58 59 60
f 61 62 63
f 64 65 66
f 67 68 69
f 70 71 72
f 73 74 75
f 76 77 78
f 79 80 81
f 82 83 84
f 85 86 87
f 88 89 90
f 91 92 93
f 94 95 96
f 97 98 99
f 100 101 102
f 103 104 105
f 106 107 108
f 109 110 111
f 112 113 114
f 115 116 117
f 118 119 120
f 121 122 123
f 124 125 126
f 127 128 129
f 130 131 132
f 133 134 135
f 136 137 138
f 139 140 141
f 142 143 144
f 145 146 147
f 148 149 150
f 151 152 153
f 154 155 156
f 157 158 159
f 160 161 162
f 163 164 165
f 166 167 168
f 169 170 171
f 172 173 174
f 175 176 177
f 178 179 180
f 181 182 183
f 184 185 186
f 187 188 189
f 190 191 192
f 193 194 195
f 196 197 198
f 199 200 201
f 202 203 204
f 205 206 207
f 208 209 210
f 211 212 213
f 214 215 216
f 217 218 219
f 220 221 222
f 223 224 225
f 226 227 228
f 229 230 231
f 232 233 234
f 235 236 237
f 238 239 240
f 241 242 243
f 244 245 246
f 247 248 249
f 250 251 252
f 253 254 255
f 256 257 258
f 259 260 261
f 262 263 264
f 265 266 267
f 268 269 270
f 271 272 273
f 274 275 276
f 277 278 279
f 280 281 282
f 283 284 285
f 286 287 288
f 289 290 291
f 292 293 294
f 295 296 297
f 298 299 300
f 301 302 303
f 304 305 306
f 307 308 309
f 310 311 312
f 313 314 315
f 316 317 318
f 319 320 321
f 322 323 324
f 325 326 327
f 328 329 330
f 331 332 333
f 334 335 336
f 337 338 339
f 340 341 342
f 343 344 345
f 346 347 348
f 349 350 351
f 352 353 354
f 355 356 357
f 358 359 360
f 361 362 363
f 364 365 366
f 367 368 369
f 370 371 372
f 373 374 375
f 376 377 378
f 379 380 381
f 382 383 384
f 385 386 387
f 388 389 390
f 391 392 393
f 394 395 396
f 397 398 399
f 400 401 402
f 403 404 405
f 406 407 408
f 409 410 411
f 412 413 414
f 415 416 417
f 418 419 420
f 421 422 423
f 424 425 426
f 427 428 429
f 430 431 432
f 433 434 435
f 436 437 438
f 439 440 441
f 442 443 444
f 445 446 447
f 448 449 450
f 451 452 453
f 454 455 456
f 457 458 459
f 460 461 462
f 463 464 465
f 466 467 468
f 469 470 471
f 472 473 474
f 475 476 477
f 478 479 480
f 481 482 483
f 484 485 486
f 487 488 489
f 490 491 492
f 493 494 495
f 496 497 498
f 499 500 501
f 502 503 504
f 505 506 507
f 508 509 510
f 511 512 513
f 514 515 516
f 517 518 519
f 520 521 522
f 523 524 525
f 526 527 528
f 529 530 531
f 532 533 534
f 535 536 537
f 538 539 540
f 541 542 543
f 544 545 546
f 547 548 549
f 550 551 552
f 553 554 555
f 556 557 558
f 559 560 561
f 562 563 564
f 565 566 567
f 568 569 570
f 571 572 573
f 574 575 576
f 577 578 579
f 580 581 582
f 583 584 585
f 586 587 588
f 589 590 591
f 592 593 594
f 595 596 597
f 598 599 600
f 601 602 603
f 604 605 606
f 607 608 609
f 610 611 612
f 613 614 615
f 616 617 618
f 619 620 621
f 622 623 624
f 625 626 627
f 628 629 630
f 631 632 633
f 634 635 636
f 637 638 639
f 640 641 642
f 643 644 645
f 646 647 648
f 649 650 651
f 652 653 654
f 655 656 657
f 658 659 660
f 661 662 663
f 664 665 666
f 667 668 669
f 670 671 672
f 673 674 675
f 676 677 678
f 679 680 681
f 682 683 684
f 685 686 687
f 688 689 690
f 691 692 693
f 694 695 696
f 697 698 699
f 700 701 702
f 703 704 705
f 706 707 708
f 709 710 711
f 712 713 714
f 715 716 717
f 718 719 720
f 721 722 723
f 724 725 726
f 727 728 729
f 730 731 732
f 733 734 735
f 736 737 738
f 739 740 741
f 742 743 744
f 745 746 747
f 748 749 750
f 751 752 753
f 754 755 756
f 757 758 759
f 760 761 762
f 763 764 765
f 766 767 768
f 769 770 771
f 772 773 774
f 775 776 777
f 778 779 780
f 781 782 783
f 784 785 786
f 787 788 789
f 790 791 792
f 793 794 795
f 796 797 798
f 799 800 801
f 802 803 804
f 805 806 807
f 808 809 810
f 811 812 813
f 814 815 816
f 817 818 819
f 820 821 822
f 823 824 825
f 826 827 828
f 829 830 831
f 832 833 834
f 835 836 837
f 838 839 840
f 841 842 843
f 844 845 846
f 847 848 849
f 850 851 852
f 853 854 855
f 856 857 858
f 859 860 861
f 862 863 864
f 865 866 867
f 868 869 870
f 871 872 873
f 874 875 876
f 877 878 879
f 880 881 882
f 883 884 885
f 886 887 888
f 889 890 891
f 892 893 894
f 895 896 897
f 898 899 900
f 901 902 903
f 904 905 906
f 907 908 909
f 910 911 912
f 913 914 915
f 916 917 918
f 919 920 921
f 922 923 924
f 925 926 927
f 928 929 930
f 931 932 933
f 934 935 936
f 937 938 939
f 940 941 942
f 943 944 945
f 946 947 948
f 949 950 951
f 952 953 954
f 955 956 957
f 958 959 960
f 961 962 963
f 964 965 966
f 967 968 969
f 970 971 972
f 973 974 975
f 976 977 978
f 979 980 981
f 982 983 984
f 985 986 987
f 988 989 990
f 991 992 993
f 994 995 996
f 997 998 999
f 1000 1001 1002
f 1003 1004 1005
f 1006 1007 1008
f 1009 1010 1011
f 1012 1013 1014
f 1015 1016 1017
f 1018 1019 1020
f 1021 1022 1023
f 1024 1025 1026
f 1027 1028 1029
f 1030 1031 1032
f 1033 1034 1035
f 1036 1037 1038
f 1039 1040 1041
f 1042 1043 1044
f 1045 1046 1047
f 1048 1049 1050
f 1051 1052 1053
f 1054 1055 1056
f 1057 1058 1059
f 1060 1061 1062
f 1063 1064 1065
f 1066 1067 1068
f 1069 1070 1071
f 1072 1073 1074
f 1075 1076 1077
f 1078 1079 1080
f 1081 1082 1083
f 1084 1085 1086
f 1087 1088 1089
f 1090 1091 1092
f 1093 1094 1095
f 1096 1097 1098
f 1099 1100 1101
f 1102 1103 1104
f 1105 1106 1107
f 1108 1109 1110
f 1111 1112 1113
f 1114 1115 1116
f 1117 1118 1119
f 1120 1121 1122
f 1123 1124 1125
f 1126 1127 1128
f 1129 1130 1131
f 1132 1133 1134
f 1135 1136 1137
f 1138 1139 1140
f 1141 1142 1143
f 1144 1145 1146
f 1147 1148 1149
f 1150 1151 1152
f 1153 1154 1155
f 1156 1157 1158
f 1159 1160 1161
f 1162 1163 1164
f 1165 1166 1167
f 1168 1169 1170
f 1171 1172 1173
f 1174 1175 1176
f 1177 1178 1179
f 1180 1181 1182
f 1183 1184 1185
f 1186 1187 1188
f 1189 1190 1191
f 1192 1193 1194
f 1195 1196 1197
f 1198 1199 1200
f 1201 1202 1203
f 1204 1205 1206
f 1207 1208 1209
f 1210 1211 1212
f 1213 1214 1215
f 1216 1217 1218
f 1219 1220 1221
f 1222 1223 1224
f 1225 1226 1227
f 1228 1229 1230
f 1231 1232 1233
f 1234 1235 1236
f 1237 1238 1239
f 1240 1241 1242
f 1243 1244 1245
f 1246 1247 1248
f 1249 1250 1251
f 1252 1253 1254
f 1255 1256 1257
f 1258 1259 1260
f 1261 1262 1263
f 1264 1265 1266
f 1267 1268 1269
f 1270 1271 1272
f 1273 1274 1275
f 1276 1277 1278
f 1279 1280 1281
f 1282 1283 1284
f 1285 1286 1287
f 1288 1289 1290
f 1291 1292 1293
f 1294 1295 1296
f 1297 1298 1299
f 1300 1301 1302
f 1303 1304 1305
f 1306 1307 1308
f 1309 1310 1311
f 1312 1313 1314
f 1315 1316 1317
f 1318 1319 1320
f 1321 1322 1323
f 1324 1325 1326
f 1327 1328 1329
f 1330 1331 1332
f 1333 1334 1335
f 1336 1337 1338
f 1339 1340 1341
f 1342 1343 1344
f 1345 1346 1347
f 1348 1349 1350
f 1351 1352 1353
f 1354 1355 1356
f 1357 1358 1359
f 1360 1361 1362
f 1363 1364 1365
f 1366 1367 1368
f 1369 1370 1371
f 1372 1373 1374
f 1375 1376 1377
f 1378 1379 1380
f 1381 1382 1383
f 1384 1385 1386
f 1387 1388 1389
f 1390 1391 1392
f 1393 1394 1395
f 1396 1397 1398
f 1399 1400 1401
f 1402 1403 1404
f 1405 1406 1407
f 1408 1409 1410
f 1411 1412 1413
f 1414 1415 1416
f 1417 1418 1419
f 1420 1421 1422
f 1423 1424 1425
f 1426 1427 1428
f 1429 1430 1431
f 1432 1433 1434
f 1435 1436 1437
f 1438 1439 1440
f 1441 1442 1443
f 1444 1445 1446
f 1447 1448 1449
f 1450 1451 1452
f 1453 1454 1455
f 1456 1457 1458
f 1459 1460 1461
f 1462 1463 1464
f 1465 1466 1467
f 1468 1469 1470
f 1471 1472 1473
f 1474 1475 1476
f 1477 1478 1479
f 1480 1481 1482
f 1483 1484 1485
f 1486 1487 1488
f 1489 1490 1491
f 1492 1493 1494
f 1495 1496 1497
f 1498 1499 1500
f 1501 1502 1503
f 1504 1505 1506
f 1507 1508 1509
f 1510 1511 1512
f 1513 1514 1515
f 1516 1517 1518
f 1519 1520 1521
f 1522 1523 1524
f 1525 1526 1527
f 1528 1529 1530
f 1531 1532 1533
f 1534 1535 1536
f 1537 1538 1539
f 1540 1541 1542
f 1543 1544 1545
f 1546 1547 1548
f 1549 1550 1551
f 1552 1553 1554
f 1555 1556 1557
f 1558 1559 1560
f 1561 1562 1563
f 1564 1565 1566
f 1567 1568 1569
f 1570 1571 1572
f 1573 1574 1575
f 1576 1577 1578
f 1579 1580 1581
f 1582 1583 1584
f 1585 1586 1587
f 1588 1589 1590
f 1591 1592 1593
f 1594 1595 1596
f 1597 1598 1599
f 1600 1601 1602
f 1603 1604 1605
f 1606 1607 1608
f 1609 1610 1611
f 1612 1613 1614
f 1615 1616 1617
f 1618 1619 1620
f 1621 1622 1623
f 1624 1625 1626
f 1627 1628 1629
f 1630 1631 1632
f 1633 1634 1635
f 1636 1637 1638
f 1639 1640 1641
f 1642 1643 1644
f 1645 1646 1647
f 1648 1649 1650
f 1651 1652 1653
f 1654 1655 1656
f 1657 1658 1659
f 1660 1661 1662
f 1663 1664 1665
f 1666 1667 1668
f 1669 1670 1671
f 1672 1673 1674
f 1675 1676 1677
f 1678 1679 1680
f 1681 1682 1683
f 1684 1685 1686
f 1687 1688 1689
f 1690 1691 1692
f 1693 1694 1695
f 1696 1697 1698
f 1699 1700 1701
f 1702 1703 1704
f 1705 1706 1707
f 1708 1709 1710
f 1711 1712 1713
f 1714 1715 1716
f 1717 1718 1719
f 1720 1721 1722
f 1723 1724 1725
f 1726 1727 1728
f 1729 1730 1731
f 1732 1733 1734
f 1735 1736 1737
f 1738 1739 1740
f 1741 1742 1743
f 1744 1745 1746
f 1747 1748 1749
f 1750 1751 1752
f 1753 1754 1755
f 1756 1757 1758
f 1759 1760 1761
f 1762 1763 1764
f 1765 1766 1767
f 1768 1769 1770
f 1771 1772 1773
f 1774 1775 1776
f 1777 1778 1779
f 1780 1781 1782
f 1783 1784 1785
f 1786 1787 1788
f 1789 1790 1791
f 1792 1793 1794
f 1795 1796 1797
f 1798 1799 1800
f 1801 1802 1803
f 1804 1805 1806
f 1807 1808 1809
f 1810 1811 1812
f 1813 1814 1815
f 1816 1817 1818
f 1819 1820 1821
f 1822 1823 1824
f 1825 1826 1827
f 1828 1829 1830
f 1831 1832 1833
f 1834 1835 1836
f 1837 1838 1839
f 1840 1841 1842
f 1843 1844 1845
f 1846 1847 1848
f 1849 1850 1851
f 1852 1853 1854
f 1855 1856 1857
f 1858 1859 1860
f 1861 1862 1863
f 1864 1865 1866
f 1867 1868 1869
f 1870 1871 1872
f 1873 1874 1875
f 1876 1877 1878
f 1879 1880 1881
f 1882 1883 1884
f 1885 1886 1887
f 1888 1889 1890
f 1891 1892 1893
f 1894 1895 1896
f 1897 1898 1899
f 1900 1901 1902
f 1903 1904 1905
f 1906 1907 1908
f 1909 1910 1911
f 1912 1913 1914
f 1915 1916 1917
f 1918 1919 1920
f 1921 1922 1923
f 1924 1925 1926
f 1927 1928 1929
f 1930 1931 1932
f 1933 1934 1935
f 1936 1937 1938
f 1939 1940 1941
f 1942 1943 1944
f 1945 1946 1947
f 1948 1949 1950
f 1951 1952 1953
f 1954 1955 1956
f 1957 1958 1959
f 1960 1961 1962
f 1963 1964 1965
f 1966 1967 1968
f 1969 1970 1971
f 1972 1973 1974
f 1975 1976 1977
f 1978 1979 1980
f 1981 1982 1983
f 1984 1985 1986
f 1987 1988 1989
f 1990 1991 1992
f 1993 1994 1995
f 1996 1997 1998
f 1999 2000 2001
f 2002 2003 2004
f 2005 2006 2007
f 2008 2009 2010
f 2011 2012 2013
f 2014 2015 2016
f 2017 2018 2019
f 2020 2021 2022
f 2023 2024 2025
f 2026 2027 2028
f 2029 2030 2031
f 2032 2033 2034
f 2035 2036 2037
f 2038 2039 2040
f 2041 2042 2043
f 2044 2045 2046
f 2047 2048 2049
f 2050 2051 2052
f 2053 2054 2055
f 2056 2057 2058
f 2059 2060 2061
f 2062 2063 2064
f 2065 2066 2067
f 2068 2069 2070
f 2071 2072 2073
f 2074 2075 2076
f 2077 2078 2079
f 2080 2081 2082
f 2083 2084 2085
f 2086 2087 2088
f 2089 2090 2091
f 2092 2093 2094
f 2095 2096 2097
f 2098 2099 2100
f 2101 2102 2103
f 2104 2105 2106
f 2107 2108 2109
f 2110 2111 2112
f 2113 2114 2115
f 2116 2117 2118
f 2119 2120 2121
f 2122 2123 2124
f 2125 2126 2127
f 2128 2129 2130
f 2131 2132 2133
f 2134 2135 2136
f 2137 2138 2139
f 2140 2141 2142
f 2143 2144 2145
f 2146 2147 2148
f 2149 2150 2151
f 2152 2153 2154
f 2155 2156 2157
f 2158 2159 2160
f 2161 2162 2163
f 2164 2165 2166
f 2167 2168 2169
f 2170 2171 2172
f 2173 2174 2175
f 2176 2177 2178
f 2179 2180 2181
f 2182 2183 2184
f 2185 2186 2187
f 2188 2189 2190
f 2191 2192 2193
f 2194 2195 2196
f 2197 2198 2199
f 2200 2201 2202
f 2203 2204 2205
f 2206 2207 2208
f 2209 2210 2211
f 2212 2213 2214
f 2215 2216 2217
f 2218 2219 2220
f 2221 2222 2223
f 2224 2225 2226
f 2227 2228 2229
f 2230 2231 2232
f 2233 2234 2235
f 2236 2237 2238
f 2239 2240 2241
f 2242 2243 2244
f 2245 2246 2247
f 2248 2249 2250
f 2251 2252 2253
f 2254 2255 2256
f 2257 2258 2259
f 2260 2261 2262
f 2263 2264 2265
f 2266 2267 2268
f 2269 2270 2271
f 2272 2273 2274
f 2275 2276 2277
f 2278 2279 2280
f 2281 2282 2283
f 2284 2285 2286
f 2287 2288 2289
f 2290 2291 2292
f 2293 2294 2295
f 2296 2297 2298
f 2299 2300 2301
f 2302 2303 2304
f 2305 2306 2307
f 2308 2309 2310
f 2311 2312 2313
f 2314 2315 2316
f 2317 2318 2319
f 2320 2321 2322
f 2323 2324 2325
f 2326 2327 2328
f 2329 2330 2331
f 2332 2333 2334
f 2335 2336 2337
f 2338 2339 2340
f 2341 2342 2343
f 2344 2345 2346
f 2347 2348 2349
f 2350 2351 2352
f 2353 2354 2355
f 2356 2357 2358
f 2359 2360 2361
f 2362 2363 2364
f 2365 2366 2367
f 2368 2369 2370
f 2371 2372 2373
f 2374 2375 2376
f 2377 2378 2379
f 2380 2381 2382
f 2383 2384 2385
f 2386 2387 2388
f 2389 2390 2391
f 2392 2393 2394
f 2395 2396 2397
f 2398 2399 2400
f 2401 2402 2403
f 2404 2405 2406
f 2407 2408 2409
f 2410 2411 2412
f 2413 2414 2415
f 2416 2417 2418
f 2419 2420 2421
f 2422 2423 2424
f 2425 2426 2427
f 2428 2429 2430
f 2431 2432 2433
f 2434 2435 2436
f 2437 2438 2439
f 2440 2441 2442
f 2443 2444 2445
f 2446 2447 2448
f 2449 2450 2451
f 2452 2453 2454
f 2455 2456 2457
f 2458 2459 2460
f 2461 2462 2463
f 2464 2465 2466
f 2467 2468 2469
f 2470 2471 2472
f 2473 2474 2475
f 2476 2477 2478
f 2479 2480 2481
f 2482 2483 2484
f 2485 2486 2487
f 2488 2489 2490
f 2491 2492 2493
f 2494 2495 2496
f 2497 2498 2499
f 2500 2501 2502
f 2503 2504 2505
f 2506 2507 2508
f 2509 2510 2511
f 2512 2513 2514
f 2515 2516 2517
f 2518 2519 2520
f 2521 2522 2523
f 2524 2525 2526
f 2527 2528 2529
f 2530 2531 2532
f 2533 2534 2535
f 2536 2537 2538
f 2539 2540 2541
f 2542 2543 2544
f 2545 2546 2547
f 2548 2549 2550
f 2551 2552 2553
f 2554 2555 2556
f 2557 2558 2559
f 2560 2561 2562
f 2563 2564 2565
f 2566 2567 2568
f 2569 2570 2571
f 2572 2573 2574
f 2575 2576 2577
f 2578 2579 2580
f 2581 2582 2583
f 2584 2585 2586
f 2587 2588 2589
f 2590 2591 2592
f 2593 2594 2595
f 2596 2597 2598
f 2599 2600 2601
f 2602 2603 2604
f 2605 2606 2607
f 2608 2609 2610
f 2611 2612 2613
f 2614 2615 2616
f 2617 2618 2619
f 2620 2621 2622
f 2623 2624 2625
f 2626 2627 2628
f 2629 2630 2631
f 2632 2633 2634
f 2635 2636 2637
f 2638 2639 2640
f 2641 2642 2643
f 2644 2645 2646
f 2647 2648 2649
f 2650 2651 2652
f 2653 2654 2655
f 2656 2657 2658
f 2659 2660 2661
f 2662 2663 2664
f 2665 2666 2667
f 2668 2669 2670
f 2671 2672 2673
f 2674 2675 2676
f 2677 2678 2679
f 2680 2681 2682
f 2683 2684 2685
f 2686 2687 2688
f 2689 2690 2691
f 2692 2693 2694
f 2695 2696 2697
f 2698 2699 2700
f 2701 2702 2703
f 2704 2705 2706
f 2707 2708 2709
f 2710 2711 2712
f 2713 2714 2715
f 2716 2717 2718
f 2719 2720 2721
f 2722 2723 2724
f 2725 2726 2727
f 2728 2729 2730
f 2731 2732 2733
f 2734 2735 2736
f 2737 2738 2739
f 2740 2741 2742
f 2743 2744 2745
f 2746 2747 2748
f 2749 2750 2751
f 2752 2753 2754
f 2755 2756 2757
f 2758 2759 2760
f 2761 2762 2763
f 2764 2765 2766
f 2767 2768 2769
f 2770 2771 2772
f 2773 2774 2775
f 2776 2777 2778
f 2779 2780 2781
f 2782 2783 2784
f 2785 2786 2787
f 2788 2789 2790
f 2791 2792 2793
f 2794 2795 2796
f 2797 2798 2799
f 2800 2801 2802
f 2803 2804 2805
f 2806 2807 2808
f 2809 2810 2811
f 2812 2813 2814
f 2815 2816 2817
f 2818 2819 2820
f 2821 2822 2823
f 2824 2825 2826
f 2827 2828 2829
f 2830 2831 2832
f 2833 2834 2835
f 2836 2837 2838
f 2839 2840 2841
f 2842 2843 2844
f 2845 2846 2847
f 2848 2849 2850
f 2851 2852 2853
f 2854 2855 2856
f 2857 2858 2859
f 2860 2861 2862
f 2863 2864 2865
f 2866 2867 2868
f 2869 2870 2871
f 2872 2873 2874
f 2875 2876 2877
f 2878 2879 2880
f 2881 2882 2883
f 2884 2885 2886
f 2887 2888 2889
f 2890 2891 2892
f 2893 2894 2895
f 2896 2897 2898
f 2899 2900 2901
f 2902 2903 2904
f 2905 2906 2907
f 2908 2909 2910
f 2911 2912 2913
f 2914 2915 2916
f 2917 2918 2919
f 2920 2921 2922
f 2923 2924 2925
f 2926 2927 2928
f 2929 2930 2931
f 2932 2933 2934
f 2935 2936 2937
f 2938 2939 2940
f 2941 2942 2943
f 2944 2945 2946
f 2947 2948 2949
f 2950 2951 2952
f 2953 2954 2955
f 2956 2957 2958
f 2959 2960 2961
f 2962 2963 2964
f 2965 2966 2967
f 2968 2969 2970
f 2971 2972 2973
f 2974 2975 2976
f 2977 2978 2979
f 2980 2981 2982
f 2983 2984 2985
f 2986 2987 2988
f 2989 2990 2991
f 2992 2993 2994
f 2995 2996 2997
f 2998 2999 3000
f 3001 3002 3003
f 3004 3005 3006
f 3007 3008 3009
f 3010 3011 3012
f 3013 3014 3015
f 3016 3017 3018
f 3019 3020 3021
f 3022 3023 3024
f 3025 3026 3027
f 3028 3029 3030
f 3031 3032 3033
f 3034 3035 3036
f 3037 3038 3039
f 3040 3041 3042
f 3043 3044 3045
f 3046 3047 3048
f 3049 3050 3051
f 3052 3053 3054
f 3055 3056 3057
f 3058 3059 3060
f 3061 3062 3063
f 3064 3065 3066
f 3067 3068 3069
f 3070 3071 3072
f 3073 3074 3075
f 3076 3077 3078
f 3079 3080 3081
f 3082 3083 3084
f 3085 3086 3087
f 3088 3089 3090
f 3091 3092 3093
f 3094 3095 3096
f 3097 3098 3099
f 3100 3101 3102
f 3103 3104 3105
f 3106 3107 3108
f 3109 3110 3111
f 3112 3113 3114
f 3115 3116 3117
f 3118 3119 3120
f 3121 3122 3123
f 3124 3125 3126
f 3127 3128 3129
f 3130 3131 3132
f 3133 3134 3135
f 3136 3137 3138
f 3139 3140 3141
f 3142 3143 3144
f 3145 3146 3147
f 3148 3149 3150
f 3151 3152 3153
f 3154 3155 3156
f 3157 3158 3159
f 3160 3161 3162
f 3163 3164 3165
f 3166 3167 3168
f 3169 3170 3171
f 3172 3173 3174
f 3175 3176 3177
f 3178 3179 3180
f 3181 3182 3183
f 3184 3185 3186
f 3187 3188 3189
f 3190 3191 3192
f 3193 3194 3195
f 3196 3197 3198
f 3199 3200 3201
f 3202 3203 3204
f 3205 3206 3207
f 3208 3209 3210
f 3211 3212 3213
f 3214 3215 3216
f 3217 3218 3219
f 3220 3221 3222
f 3223 3224 3225
f 3226 3227 3228
f 3229 3230 3231
f 3232 3233 3234
f 3235 3236 3237
f 3238 3239 3240
f 3241 3242 3243
f 3244 3245 3246
f 3247 3248 3249
f 3250 3251 3252
f 3253 3254 3255
f 3256 3257 3258
f 3259 3260 3261
f 3262 3263 3264
f 3265 3266 3267
f 3268 3269 3270
f 3271 3272 3273
f 3274 3275 3276
f 3277 3278 3279
f 3280 3281 3282
f 3283 3284 3285
f 3286 3287 3288
f 3289 3290 3291
f 3292 3293 3294
f 3295 3296 3297
f 3298 3299 3300
f 3301 3302 3303
f 3304 3305 3306
f 3307 3308 3309
f 3310 3311 3312
f 3313 3314 3315
f 3316 3317 3318
f 3319 3320 3321
f 3322 3323 3324
f 3325 3326 3327
f 3328 3329 3330
f 3331 3332 3333
f 3334 3335 3336
f 3337 3338 3339
f 3340 3341 3342
f 3343 3344 3345
f 3346 3347 3348
f 3349 3350 3351
f 3352 3353 3354
f 3355 3356 3357
f 3358 3359 3360
f 3361 3362 3363
f 3364 3365 3366
f 3367 3368 3369
f 3370 3371 3372
f 3373 3374 3375
f 3376 3377 3378
f 3379 3380 3381
f 3382 3383 3384
f 3385 3386 3387
f 3388 3389 3390
f 3391 3392 3393
f 3394 3395 3396
f 3397 3398 3399
f 3400 3401 3402
f 3403 3404 3405
f 3406 3407 3408
f 3409 3410 3411
f 3412 3413 3414
f 3415 3416 3417
f 3418 3419 3420
f 3421 3422 3423
f 3424 3425 3426
f 3427 3428 3429
f 3430 3431 3432
f 3433 3434 3435
f 3436 3437 3438
f 3439 3440 3441
f 3442 3443 3444
f 3445 3446 3447
f 3448 3449 3450
f 3451 3452 3453
f 3454 3455 3456
f 3457 3458 3459
f 3460 3461 3462
f 3463 3464 3465
f 3466 3467 3468
f 3469 3470 3471
f 3472 3473 3474
f 3475 3476 3477
f 3478 3479 3480
f 3481 3482 3483
f 3484 3485 3486
f 3487 3488 3489
f 3490 3491 3492
f 3493 3494 3495
f 3496 3497 3498
f 3499 3500 3501
f 3502 3503 3504
f 3505 3506 3507
f 3508 3509 3510
f 3511 3512 3513
f 3514 3515 3516
f 3517 3518 3519
f 3520 3521 3522
f 3523 3524 3525
f 3526 3527 3528
f 3529 3530 3531
f 3532 3533 3534
f 3535 3536 3537
f 3538 3539 3540
f 3541 3542 3543
f 3544 3545 3546
f 3547 3548 3549
f 3550 3551 3552
f 3553 3554 3555
f 3556 3557 3558
f 3559 3560 3561
f 3562 3563 3564
f 3565 3566 3567
f 3568 3569 3570
f 3571 3572 3573
f 3574 3575 3576
f 3577 3578 3579
f 3580 3581 3582
f 3583 3584 3585
f 3586 3587 3588
f 3589 3590 3591
f 3592 3593 3594
f 3595 3596 3597
f 3598 3599 3600
f 3601 3602 3603
f 3604 3605 3606
f 3607 3608 3609
f 3610 3611 3612
f 3613 3614 3615
f 3616 3617 3618
f 3619 3620 3621
f 3622 3623 3624
f 3625 3626 3627
f 3628 3629 3630
f 3631 3632 3633
f 3634 3635 3636
f 3637 3638 3639
f 3640 3641 3642
f 3643 3644 3645
f 3646 3647 3648
f 3649 3650 3651
f 3652 3653 3654
f 3655 3656 3657
f 3658 3659 3660
f 3661 3662 3663
f 3664 3665 3666
f 3667 3668 3669
f 3670 3671 3672
f 3673 3674 3675
f 3676 3677 3678
f 3679 3680 3681
f 3682 3683 3684
f 3685 3686 3687
f 3688 3689 3690
f 3691 3692 3693
f 3694 3695 3696
f 3697 3698 3699
f 3700 3701 3702
f 3703 3704 3705
f 3706 3707 3708
f 3709 3710 3711
f 3712 3713 3714
f 3715 3716 3717
f 3718 3719 3720
f 3721 3722 3723
f 3724 3725 3726
f 3727 3728 3729
f 3730 3731 3732
f 3733 3734 3735
f 3736 3737 3738
f 3739 3740 3741
f 3742 3743 3744
f 3745 3746 3747
f 3748 3749 3750
f 3751 3752 3753
f 3754 3755 3756
f 3757 3758 3759
f 3760 3761 3762
f 3763 3764 3765
f 3766 3767 3768
f 3769 3770 3771
f 3772 3773 3774
f 3775 3776 3777
f 3778 3779 3780
f 3781 3782 3783
f 3784 3785 3786
f 3787 3788 3789
f 3790 3791 3792
f 3793 3794 3795
f 3796 3797 3798
f 3799 3800 3801
f 3802 3803 3804
f 3805 3806 3807
f 3808 3809 3810
f 3811 3812 3813
f 3814 3815 3816
f 3817 3818 3819
f 3820 3821 3822
f 3823 3824 3825
f 3826 3827 3828
f 3829 3830 3831
f 3832 3833 3834
f 3835 3836 3837
f 3838 3839 3840
f 3841 3842 3843
f 3844 3845 3846
f 3847 3848 3849
f 3850 3851 3852
f 3853 3854 3855
f 3856 3857 3858
f 3859 3860 3861
f 3862 3863 3864
f 3865 3866 3867
f 3868 3869 3870
f 3871 3872 3873
f 3874 3875 3876
f 3877 3878 3879
f 3880 3881 3882
f 3883 3884 3885
f 3886 3887 3888
f 3889 3890 3891
f 3892 3893 3894
f 3895 3896 3897
f 3898 3899 3900
f 3901 3902 3903
f 3904 3905 3906
f 3907 3908 3909
f 3910 3911 3912
f 3913 3914 3915
f 3916 3917 3918
f 3919 3920 3921
f 3922 3923 3924
f 3925 3926 3927
f 3928 3929 3930
f 3931 3932 3933
f 3934 3935 3936
f 3937 3938 3939
f 3940 3941 3942
f 3943 3944 3945
f 3946 3947 3948
f 3949 3950 3951
f 3952 3953 3954
f 3955 3956 3957
f 3958 3959 3960
f 3961 3962 3963
f 3964 3965 3966
f 3967 3968 3969
f 3970 3971 3972
f 3973 3974 3975
f 3976 3977 3978
f 3979 3980 3981
f 3982 3983 3984
f 3985 3986 3987
f 3988 3989 3990
f 3991 3992 3993
f 3994 3995 3996
f 3997 3998 3999
f 4000 4001 4002
f 4003 4004 4005
f 4006 4007 4008
f 4009 4010 4011
f 4012 4013 4014
f 4015 4016 4017
f 4018 4019 4020
f 4021 4022 4023
f 4024 4025 4026
f 4027 4028 4029
f 4030 4031 4032
f 4033 4034 4035
f 4036 4037 4038
f 4039 4040 4041
f 4042 4043 4044
f 4045 4046 4047
f 4048 4049 4050
f 4051 4052 4053
f 4054 4055 4056
f 4057 4058 4059
f 4060 4061 4062
f 4063 4064 4065
f 4066 4067 4068
f 4069 4070 4071
f 4072 4073 4074
f 4075 4076 4077
f 4078 4079 4080
f 4081 4082 4083
f 4084 4085 4086
f 4087 4088 4089
f 4090 4091 4092
f 4093 4094 4095
f 4096 4097 4098
f 4099 4100 4101
f 4102 4103 4104
f 4105 4106 4107
f 4108 4109 4110
f 4111 4112 4113
f 4114 4115 4116
f 4117 4118 4119
f 4120 4121 4122
f 4123 4124 4125
f 4126 4127 4128
f 4129 4130 4131
f 4132 4133 4134
f 4135 4136 4137
f 4138 4139 4140
f 4141 4142 4143
f 4144 4145 4146
f 4147 4148 4149
f 4150 4151 4152
f 4153 4154 4155
f 4156 4157 4158
f 4159 4160 4161
f 4162 4163 4164
f 4165 4166 4167
f 4168 4169 4170
f 4171 4172 4173
f 4174 4175 4176
f 4177 4178 4179
f 4180 4181 4182
f 4183 4184 4185
f 4186 4187 4188
f 4189 4190 4191
f 4192 4193 4194
f 4195 4196 4197
f 4198 4199 4200
f 4201 4202 4203
f 4204 4205 4206
f 4207 4208 4209
f 4210 4211 4212
f 4213 4214 4215
f 4216 4217 4218
f 4219 4220 4221
f 4222 4223 4224
f 4225 4226 4227
f 4228 4229 4230
f 4231 4232 4233
f 4234 4235 4236
f 4237 4238 4239
f 4240 4241 4242
f 4243 4244 4245
f 4246 4247 4248
f 4249 4250 4251
f 4252 4253 4254
f 4255 4256 4257
f 4258 4259 4260
f 4261 4262 4263
f 4264 4265 4266
f 4267 4268 4269
f 4270 4271 4272
f 4273 4274 4275
f 4276 4277 4278
f 4279 4280 4281
f 4282 4283 4284
f 4285 4286 4287
f 4288 4289 4290
f 4291 4292 4293
f 4294 4295 4296
f 4297 4298 4299
f 4300 4301 4302
f 4303 4304 4305
f 4306 4307 4308
f 4309 4310 4311
f 4312 4313 4314
f 4315 4316 4317
f 4318 4319 4320
f 4321 4322 4323
f 4324 4325 4326
f 4327 4328 4329
f 4330 4331 4332
f 4333 4334 4335
f 4336 4337 4338
f 4339 4340 4341
f 4342 4343 4344
f 4345 4346 4347
f 4348 4349 4350
f 4351 4352 4353
f 4354 4355 4356
f 4357 4358 4359
f 4360 4361 4362
f 4363 4364 4365
f 4366 4367 4368
f 4369 4370 4371
f 4372 4373 4374
f 4375 4376 4377
f 4378 4379 4380
f 4381 4382 4383
f 4384 4385 4386
f 4387 4388 4389
f 4390 4391 4392
f 4393 4394 4395
f 4396 4397 4398
f 4399 4400 4401
f 4402 4403 4404
f 4405 4406 4407
f 4408 4409 4410
f 4411 4412 4413
f 4414 4415 4416
f 4417 4418 4419
f 4420 4421 4422
f 4423 4424 4425
f 4426 4427 4428
f 4429 4430 4431
f 4432 4433 4434
f 4435 4436 4437
f 4438 4439 4440
f 4441 4442 4443
f 4444 4445 4446
f 4447 4448 4449
f 4450 4451 4452
f 4453 4454 4455
f 4456 4457 4458
f 4459 4460 4461
f 4462 4463 4464
f 4465 4466 4467
f 4468 4469 4470
f 4471 4472 4473
f 4474 4475 4476
f 4477 4478 4479
f 4480 4481 4482
f 4483 4484 4485
f 4486 4487 4488
f 4489 4490 4491
f 4492 4493 4494
f 4495 4496 4497
f 4498 4499 4500
f 4501 4502 4503
f 4504 4505 4506
f 4507 4508 4509
f 4510 4511 4512
f 4513 4514 4515
f 4516 4517 4518
f 4519 4520 4521
f 4522 4523 4524
f 4525 4526 4527
f 4528 4529 4530
f 4531 4532 4533
f 4534 4535 4536
f 4537 4538 4539
f 4540 4541 4542
f 4543 4544 4545
f 4546 4547 4548
f 4549 4550 4551
f 4552 4553 4554
f 4555 4556 4557
f 4558 4559 4560
f 4561 4562 4563
f 4564 4565 4566
f 4567 4568 4569
f 4570 4571 4572
f 4573 4574 4575
f 4576 4577 4578
f 4579 4580 4581
f 4582 4583 4584
f 4585 4586 4587
f 4588 4589 4590
f 4591 4592 4593
f 4594 4595 4596
f 4597 4598 4599
f 4600 4601 4602
f 4603 4604 4605
f 4606 4607 4608
f 4609 4610 4611
f 4612 4613 4614
f 4615 4616 4617
f 4618 4619 4620
f 4621 4622 4623
f 4624 4625 4626
f 4627 4628 4629
f 4630 4631 4632
f 4633 4634 4635
f 4636 4637 4638
f 4639 4640 4641
f 4642 4643 4644
f 4645 4646 4647
f 4648 4649 4650
f 4651 4652 4653
f 4654 4655 4656
f 4657 4658 4659
f 4660 4661 4662
f 4663 4664 4665
f 4666 4667 4668
f 4669 4670 4671
f 4672 4673 4674
f 4675 4676 4677
f 4678 4679 4680
f 4681 4682 4683
f 4684 4685 4686
f 4687 4688 4689
f 4690 4691 4692
f 4693 4694 4695
f 4696 4697 4698
f 4699 4700 4701
f 4702 4703 4704
f 4705 4706 4707
f 4708 4709 4710
f 4711 4712 4713
f 4714 4715 4716
f 4717 4718 4719
f 4720 4721 4722
f 4723 4724 4725
f 4726 4727 4728
f 4729 4730 4731
f 4732 4733 4734
f 4735 4736 4737
f 4738 4739 4740
f 4741 4742 4743
f 4744 4745 4746
f 4747 4748 4749
f 4750 4751 4752
f 4753 4754 4755
f 4756 4757 4758
f 4759 4760 4761
f 4762 4763 4764
f 4765 4766 4767
f 4768 4769 4770
f 4771 4772 4773
f 4774 4775 4776
f 4777 4778 4779
f 4780 4781 4782
f 4783 4784 4785
f 4786 4787 4788
f 4789 4790 4791
f 4792 4793 4794
f 4795 4796 4797
f 4798 4799 4800
f 4801 4802 4803
f 4804 4805 4806
f 4807 4808 4809
f 4810 4811 4812
f 4813 4814 4815
f 4816 4817 4818
f 4819 4820 4821
f 4822 4823 4824
f 4825 4826 4827
f 4828 4829 4830
f 4831 4832 4833
f 4834 4835 4836
f 4837 4838 4839
f 4840 4841 4842
f 4843 4844 4845
f 4846 4847 4848
f 4849 4850 4851
f 4852 4853 4854
f 4855 4856 4857
f 4858 4859 4860
f 4861 4862 4863
f 4864 4865 4866
f 4867 4868 4869
f 4870 4871 4872
f 4873 4874 4875
f 4876 4877 4878
f 4879 4880 4881
f 4882 4883 4884
f 4885 4886 4887
f 4888 4889 4890
f 4891 4892 4893
f 4894 4895 4896
f 4897 4898 4899
f 4900 4901 4902
f 4903 4904 4905
f 4906 4907 4908
f 4909 4910 4911
f 4912 4913 4914
f 4915 4916 4917
f 4918 4919 4920
f 4921 4922 4923
f 4924 4925 4926
f 4927 4928 4929
f 4930 4931 4932
f 4933 4934 4935
f 4936 4937 4938
f 4939 4940 4941
f 4942 4943 4944
f 4945 4946 4947
f 4948 4949 4950
f 4951 4952 4953
f 4954 4955 4956
f 4957 4958 4959
f 4960 4961 4962
f 4963 4964 4965
f 4966 4967 4968
f 4969 4970 4971
f 4972 4973 4974
f 4975 4976 4977
f 4978 4979 4980
f 4981 4982 4983
f 4984 4985 4986
f 4987 4988 4989
f 4990 4991 4992
f 4993 4994 4995
f 4996 4997 4998
f 4999 5000 5001
f 5002 5003 5004
f 5005 5006 5007
f 5008 5009 5010
f 5011 5012 5013
f 5014 5015 5016
f 5017 5018 5019
f 5020 5021 5022
f 5023 5024 5025
f 5026 5027 5028
f 5029 5030 5031
f 5032 5033 5034
f 5035 5036 5037
f 5038 5039 5040
f 5041 5042 5043
f 5044 5045 5046
f 5047 5048 5049
f 5050 5051 5052
f 5053 5054 5055
f 5056 5057 5058
f 5059 5060 5061
f 5062 5063 5064
f 5065 5066 5067
f 5068 5069 5070
f 5071 5072 5073
f 5074 5075 5076
f 5077 5078 5079
f 5080 5081 5082
f 5083 5084 5085
f 5086 5087 5088
f 5089 5090 5091
f 5092 5093 5094
f 5095 5096 5097
f 5098 5099 5100
f 5101 5102 5103
f 5104 5105 5106
f 5107 5108 5109
f 5110 5111 5112
f 5113 5114 5115
f 5116 5117 5118
f 5119 5120 5121
f 5122 5123 5124
f 5125 5126 5127
f 5128 5129 5130
f 5131 5132 5133
f 5134 5135 5136
f 5137 5138 5139
f 5140 5141 5142
f 5143 5144 5145
f 5146 5147 5148
f 5149 5150 5151
f 5152 5153 5154
f 5155 5156 5157
f 5158 5159 5160
f 5161 5162 5163
f 5164 5165 5166
f 5167 5168 5169
f 5170 5171 5172
f 5173 5174 5175
f 5176 5177 5178
f 5179 5180 5181
f 5182 5183 5184
f 5185 5186 5187
f 5188 5189 5190
f 5191 5192 5193
f 5194 5195 5196
f 5197 5198 5199
f 5200 5201 5202
f 5203 5204 5205
f 5206 5207 5208
f 5209 5210 5211
f 5212 5213 5214
f 5215 5216 5217
f 5218 5219 5220
f 5221 5222 5223
f 5224 5225 5226
f 5227 5228 5229
f 5230 5231 5232
f 5233 5234 5235
f 5236 5237 5238
f 5239 5240 5241
f 5242 5243 5244
f 5245 5246 5247
f 5248 5249 5250
f 5251 5252 5253
f 5254 5255 5256
f 5257 5258 5259
f 5260 5261 5262
f 5263 5264 5265
f 5266 5267 5268
f 5269 5270 5271
f 5272 5273 5274
f 5275 5276 5277
f 5278 5279 5280
f 5281 5282 5283
f 5284 5285 5286
f 5287 5288 5289
f 5290 5291 5292
f 5293 5294 5295
f 5296 5297 5298
f 5299 5300 5301
f 5302 5303 5304
f 5305 5306 5307
f 5308 5309 5310
f 5311 5312 5313
f 5314 5315 5316
f 5317 5318 5319
f 5320 5321 5322
f 5323 5324 5325
f 5326 5327 5328
f 5329 5330 5331
f 5332 5333 5334
f 5335 5336 5337
f 5338 5339 5340
f 5341 5342 5343
f 5344 5345 5346
f 5347 5348 5349
f 5350 5351 5352
f 5353 5354 5355
f 5356 5357 5358
f 5359 5360 5361
f 5362 5363 5364
f 5365 5366 5367
f 5368 5369 5370
f 5371 5372 5373
f 5374 5375 5376
f 5377 5378 5379
f 5380 5381 5382
f 5383 5384 5385
f 5386 5387 5388
f 5389 5390 5391
f 5392 5393 5394
f 5395 5396 5397
f 5398 5399 5400
f 5401 5402 5403
f 5404 5405 5406
f 5407 5408 5409
f 5410 5411 5412
f 5413 5414 5415
f 5416 5417 5418
f 5419 5420 5421
f 5422 5423 5424
f 5425 5426 5427
f 5428 5429 5430
f 5431 5432 5433
f 5434 5435 5436
f 5437 5438 5439
f 5440 5441 5442
f 5443 5444 5445
f 5446 5447 5448
f 5449 5450 5451
f 5452 5453 5454
f 5455 5456 5457
f 5458 5459 5460
f 5461 5462 5463
f 5464 5465 5466
f 5467 5468 5469
f 5470 5471 5472
f 5473 5474 5475
f 5476 5477 5478
f 5479 5480 5481
f 5482 5483 5484
f 5485 5486 5487
f 5488 5489 5490
f 5491 5492 5493
f 5494 5495 5496
f 5497 5498 5499
f 5500 5501 5502
f 5503 5504 5505
f 5506 5507 5508
f 5509 5510 5511
f 5512 5513 5514
f 5515 5516 5517
f 5518 5519 5520
f 5521 5522 5523
f 5524 5525 5526
f 5527 5528 5529
f 5530 5531 5532
f 5533 5534 5535
f 5536 5537 5538
f 5539 5540 5541
f 5542 5543 5544
f 5545 5546 5547
f 5548 5549 5550
f 5551 5552 5553
f 5554 5555 5556
f 5557 5558 5559
f 5560 5561 5562
f 5563 5564 5565
f 5566 5567 5568
f 5569 5570 5571
f 5572 5573 5574
f 5575 5576 5577
f 5578 5579 5580
f 5581 5582 5583
f 5584 5585 5586
f 5587 5588 5589
f 5590 5591 5592
f 5593 5594 5595
f 5596 5597 5598
f 5599 5600 5601
f 5602 5603 5604
f 5605 5606 5607
f 5608 5609 5610
f 5611 5612 5613
f 5614 5615 5616
f 5617 5618 5619
f 5620 5621 5622
f 5623 5624 5625
f 5626 5627 5628
f 5629 5630 5631
f 5632 5633 5634
f 5635 5636 5637
f 5638 5639 5640
f 5641 5642 5643
f 5644 5645 5646
f 5647 5648 5649
f 5650 5651 5652
f 5653 5654 5655
f 5656 5657 5658
f 5659 5660 5661
f 5662 5663 5664
f 5665 5666 5667
f 5668 5669 5670
f 5671 5672 5673
f 5674 5675 5676
f 5677 5678 5679
f 5680 5681 5682
f 5683 5684 5685
f 5686 5687 5688
f 5689 5690 5691
f 5692 5693 5694
f 5695 5696 5697
f 5698 5699 5700
f 5701 5702 5703
f 5704 5705 5706
f 5707 5708 5709
f 5710 5711 5712
f 5713 5714 5715
f 5716 5717 5718
f 5719 5720 5721
f 5722 5723 5724
f 5725 5726 5727
f 5728 5729 5730
f 5731 5732 5733
f 5734 5735 5736
f 5737 5738 5739
f 5740 5741 5742
f 5743 5744 5745
f 5746 5747 5748
f 5749 5750 5751
f 5752 5753 5754
f 5755 5756 5757
f 5758 5759 5760
f 5761 5762 5763
f 5764 5765 5766
f 5767 5768 5769
f 5770 5771 5772
f 5773 5774 5775
f 5776 5777 5778
f 5779 5780 5781
f 5782 5783 5784
f 5785 5786 5787
f 5788 5789 5790
f 5791 5792 5793
f 5794 5795 5796
f 5797 5798 5799
f 5800 5801 5802
f 5803 5804 5805
f 5806 5807 5808
f 5809 5810 5811
f 5812 5813 5814
f 5815 5816 5817
f 5818 5819 5820
f 5821 5822 5823
f 5824 5825 5826
f 5827 5828 5829
f 5830 5831 5832
f 5833 5834 5835
f 5836 5837 5838
f 5839 5840 5841
f 5842 5843 5844
f 5845 5846 5847
f 5848 5849 5850
f 5851 5852 5853
f 5854 5855 5856
f 5857 5858 5859
f 5860 5861 5862
f 5863 5864 5865
f 5866 5867 5868
f 5869 5870 5871
f 5872 5873 5874
f 5875 5876 5877
f 5878 5879 5880
f 5881 5882 5883
f 5884 5885 5886
f 5887 5888 5889
f 5890 5891 5892
f 5893 5894 5895
f 5896 5897 5898
f 5899 5900 5901
f 5902 5903 5904
f 5905 5906 5907
f 5908 5909 5910
f 5911 5912 5913
f 5914 5915 5916
f 5917 5918 5919
f 5920 5921 5922
f 5923 5924 5925
f 5926 5927 5928
f 5929 5930 5931
f 5932 5933 5934
f 5935 5936 5937
f 5938 5939 5940
f 5941 5942 5943
f 5944 5945 5946
f 5947 5948 5949
f 5950 5951 5952
f 5953 5954 5955
f 5956 5957 5958
f 5959 5960 5961
f 5962 5963 5964
f 5965 5966 5967
f 5968 5969 5970
f 5971 5972 5973
f 5974 5975 5976
f 5977 5978 5979
f 5980 5981 5982
f 5983 5984 5985
f 5986 5987 5988
f 5989 5990 5991
f 5992 5993 5994
f 5995 5996 5997
f 5998 5999 6000
f 6001 6002 6003
f 6004 6005 6006
f 6007 6008 6009
f 6010 6011 6012
f 6013 6014 6015
f 6016 6017 6018
f 6019 6020 6021
f 6022 6023 6024
f 6025 6026 6027
f 6028 6029 6030
f 6031 6032 6033
f 6034 6035 6036
f 6037 6038 6039
f 6040 6041 6042
f 6043 6044 6045
f 6046 6047 6048
f 6049 6050 6051
f 6052 6053 6054
f 6055 6056 6057
f 6058 6059 6060
f 6061 6062 6063
f 6064 6065 6066
f 6067 6068 6069
f 6070 6071 6072
f 6073 6074 6075
f 6076 6077 6078
f 6079 6080 6081
f 6082 6083 6084
f 6085 6086 6087
f 6088 6089 6090
f 6091 6092 6093
f 6094 6095 6096
f 6097 6098 6099
f 6100 6101 6102
f 6103 6104 6105
f 6106 6107 6108
f 6109 6110 6111
f 6112 6113 6114
f 6115 6116 6117
f 6118 6119 6120
f 6121 6122 6123
f 6124 6125 6126
f 6127 6128 6129
f 6130 6131 6132
f 6133 6134 6135
f 6136 6137 6138
f 6139 6140 6141
f 6142 6143 6144
f 6145 6146 6147
f 6148 6149 6150
f 6151 6152 6153
f 6154 6155 6156
f 6157 6158 6159
f 6160 6161 6162
f 6163 6164 6165
f 6166 6167 6168
f 6169 6170 6171
f 6172 6173 6174
f 6175 6176 6177
f 6178 6179 6180
f 6181 6182 6183
f 6184 6185 6186
f 6187 6188 6189
f 6190 6191 6192
f 6193 6194 6195
f 6196 6197 6198
f 6199 6200 6201
f 6202 6203 6204
f 6205 6206 6207
f 6208 6209 6210
f 6211 6212 6213
f 6214 6215 6216
f 6217 6218 6219
f 6220 6221 6222
f 6223 6224 6225
f 6226 6227 6228
f 6229 6230 6231
f 6232 6233 6234
f 6235 6236 6237
f 6238 6239 6240
f 6241 6242 6243
f 6244 6245 6246
f 6247 6248 6249
f 6250 6251 6252
f 6253 6254 6255
f 6256 6257 6258
f 6259 6260 6261
f 6262 6263 6264
f 6265 6266 6267
f 6268 6269 6270
f 6271 6272 6273
f 6274 6275 6276
f 6277 6278 6279
f 6280 6281 6282
f 6283 6284 6285
f 6286 6287 6288
f 6289 6290 6291
f 6292 6293 6294
f 6295 6296 6297
f 6298 6299 6300
f 6301 6302 6303
f 6304 6305 6306
f 6307 6308 6309
f 6310 6311 6312
f 6313 6314 6315
f 6316 6317 6318
f 6319 6320 6321
f 6322 6323 6324
f 6325 6326 6327
f 6328 6329 6330
f 6331 6332 6333
f 6334 6335 6336
f 6337 6338 6339
f 6340 6341 6342
f 6343 6344 6345
f 6346 6347 6348
f 6349 6350 6351
f 6352 6353 6354
f 6355 6356 6357
f 6358 6359 6360
f 6361 6362 6363
f 6364 6365 6366
f 6367 6368 6369
f 6370 6371 6372
f 6373 6374 6375
f 6376 6377 6378
f 6379 6380 6381
f 6382 6383 6384
f 6385 6386 6387
f 6388 6389 6390
f 6391 6392 6393
f 6394 6395 6396
f 6397 6398 6399
f 6400 6401 6402
f 6403 6404 6405
f 6406 6407 6408
f 6409 6410 6411
f 6412 6413 6414
f 6415 6416 6417
f 6418 6419 6420
f 6421 6422 6423
f 6424 6425 6426
f 6427 6428 6429
f 6430 6431 6432
f 6433 6434 6435
f 6436 6437 6438
f 6439 6440 6441
f 6442 6443 6444
f 6445 6446 6447
f 6448 6449 6450
f 6451 6452 6453
f 6454 6455 6456
f 6457 6458 6459
f 6460 6461 6462
f 6463 6464 6465
f 6466 6467 6468
f 6469 6470 6471
f 6472 6473 6474
f 6475 6476 6477
f 6478 6479 6480
f 6481 6482 6483
f 6484 6485 6486
f 6487 6488 6489
f 6490 6491 6492
f 6493 6494 6495
f 6496 6497 6498
f 6499 6500 6501
f 6502 6503 6504
f 6505 6506 6507
f 6508 6509 6510
f 6511 6512 6513
f 6514 6515 6516
f 6517 6518 6519
f 6520 6521 6522
f 6523 6524 6525
f 6526 6527 6528
f 6529 6530 6531
f 6532 6533 6534
f 6535 6536 6537
f 6538 6539 6540
f 6541 6542 6543
f 6544 6545 6546
f 6547 6548 6549
f 6550 6551 6552
f 6553 6554 6555
f 6556 6557 6558
f 6559 6560 6561
f 6562 6563 6564
f 6565 6566 6567
f 6568 6569 6570
f 6571 6572 6573
f 6574 6575 6576
f 6577 6578 6579
f 6580 6581 6582
f 6583 6584 6585
f 6586 6587 6588
f 6589 6590 6591
f 6592 6593 6594
f 6595 6596 6597
f 6598 6599 6600
f 6601 6602 6603
f 6604 6605 6606
f 6607 6608 6609
f 6610 6611 6612
f 6613 6614 6615
f 6616 6617 6618
f 6619 6620 6621
f 6622 6623 6624
f 6625 6626 6627
f 6628 6629 6630
f 6631 6632 6633
f 6634 6635 6636
f 6637 6638 6639
f 6640 6641 6642
f 6643 6644 6645
f 6646 6647 6648
f 6649 6650 6651
f 6652 6653 6654
f 6655 6656 6657
f 6658 6659 6660
f 6661 6662 6663
f 6664 6665 6666
f 6667 6668 6669
f 6670 6671 6672
f 6673 6674 6675
f 6676 6677 6678
f 6679 6680 6681
f 6682 6683 6684
f 6685 6686 6687
f 6688 6689 6690
f 6691 6692 6693
f 6694 6695 6696
f 6697 6698 6699
f 6700 6701 6702
f 6703 6704 6705
f 6706 6707 6708
f 6709 6710 6711
f 6712 6713 6714
f 6715 6716 6717
f 6718 6719 6720
f 6721 6722 6723
f 6724 6725 6726
f 6727 6728 6729
f 6730 6731 6732
f 6733 6734 6735
f 6736 6737 6738
f 6739 6740 6741
f 6742 6743 6744
f 6745 6746 6747
f 6748 6749 6750
f 6751 6752 6753
f 6754 6755 6756
f 6757 6758 6759
f 6760 6761 6762
f 6763 6764 6765
f 6766 6767 6768
f 6769 6770 6771
f 6772 6773 6774
f 6775 6776 6777
f 6778 6779 6780
f 6781 6782 6783
f 6784 6785 6786
f 6787 6788 6789
f 6790 6791 6792
f 6793 6794 6795
f 6796 6797 6798
f 6799 6800 6801
f 6802 6803 6804
f 6805 6806 6807
f 6808 6809 6810
f 6811 6812 6813
f 6814 6815 6816
f 6817 6818 6819
f 6820 6821 6822
f 6823 6824 6825
f 6826 6827 6828
f 6829 6830 6831
f 6832 6833 6834
f 6835 6836 6837
f 6838 6839 6840
f 6841 6842 6843
f 6844 6845 6846
f 6847 6848 6849
f 6850 6851 6852
f 6853 6854 6855
f 6856 6857 6858
f 6859 6860 6861
f 6862 6863 6864
f 6865 6866 6867
f 6868 6869 6870
f 6871 6872 6873
f 6874 6875 6876
f 6877 6878 6879
f 6880 6881 6882
f 6883 6884 6885
f 6886 6887 6888
f 6889 6890 6891
f 6892 6893 6894
f 6895 6896 6897
f 6898 6899 6900
f 6901 6902 6903
f 6904 6905 6906
f 6907 6908 6909
f 6910 6911 6912
f 6913 6914 6915
f 6916 6917 6918
f 6919 6920 6921
f 6922 6923 6924
f 6925 6926 6927
f 6928 6929 6930
f 6931 6932 6933
f 6934 6935 6936
f 6937 6938 6939
f 6940 6941 6942
f 6943 6944 6945
f 6946 6947 6948
f 6949 6950 6951
f 6952 6953 6954
f 6955 6956 6957
f 6958 6959 6960
f 6961 6962 6963
f 6964 6965 6966
f 6967 6968 6969
f 6970 6971 6972
f 6973 6974 6975
f 6976 6977 6978
f 6979 6980 6981
f 6982 6983 6984
f 6985 6986 6987
f 6988 6989 6990
f 6991 6992 6993
f 6994 6995 6996
f 6997 6998 6999
f 7000 7001 7002
f 7003 7004 7005
f 7006 7007 7008
f 7009 7010 7011
f 7012 7013 7014
f 7015 7016 7017
f 7018 7019 7020
f 7021 7022 7023
f 7024 7025 7026
f 7027 7028 7029
f 7030 7031 7032
f 7033 7034 7035
f 7036 7037 7038
f 7039 7040 7041
f 7042 7043 7044
f 7045 7046 7047
f 7048 7049 7050
f 7051 7052 7053
f 7054 7055 7056
f 7057 7058 7059
f 7060 7061 7062
f 7063 7064 7065
f 7066 7067 7068
f 7069 7070 7071
f 7072 7073 7074
f 7075 7076 7077
f 7078 7079 7080
f 7081 7082 7083
f 7084 7085 7086
f 7087 7088 7089
f 7090 7091 7092
f 7093 7094 7095
f 7096 7097 7098
f 7099 7100 7101
f 7102 7103 7104
f 7105 7106 7107
f 7108 7109 7110
f 7111 7112 7113
f 7114 7115 7116
f 7117 7118 7119
f 7120 7121 7122
f 7123 7124 7125
f 7126 7127 7128
f 7129 7130 7131
f 7132 7133 7134
f 7135 7136 7137
f 7138 7139 7140
f 7141 7142 7143
f 7144 7145 7146
f 7147 7148 7149
f 7150 7151 7152
f 7153 7154 7155
f 7156 7157 7158
f 7159 7160 7161
f 7162 7163 7164
f 7165 7166 7167
f 7168 7169 7170
f 7171 7172 7173
f 7174 7175 7176
f 7177 7178 7179
f 7180 7181 7182
f 7183 7184 7185
f 7186 7187 7188
f 7189 7190 7191
f 7192 7193 7194
f 7195 7196 7197
f 7198 7199 7200
f 7201 7202 7203
f 7204 7205 7206
f 7207 7208 7209
f 7210 7211 7212
f 7213 7214 7215
f 7216 7217 7218
f 7219 7220 7221
f 7222 7223 7224
f 7225 7226 7227
f 7228 7229 7230
f 7231 7232 7233
f 7234 7235 7236
f 7237 7238 7239
f 7240 7241 7242
f 7243 7244 7245
f 7246 7247 7248
f 7249 7250 7251
f 7252 7253 7254
f 7255 7256 7257
f 7258 7259 7260
f 7261 7262 7263
f 7264 7265 7266
f 7267 7268 7269
f 7270 7271 7272
f 7273 7274 7275
f 7276 7277 7278
f 7279 7280 7281
f 7282 7283 7284
f 7285 7286 7287
f 7288 7289 7290
f 7291 7292 7293
f 7294 7295 7296
f 7297 7298 7299
f 7300 7301 7302
f 7303 7304 7305
f 7306 7307 7308
f 7309 7310 7311
f 7312 7313 7314
f 7315 7316 7317
f 7318 7319 7320
f 7321 7322 7323
f 7324 7325 7326
f 7327 7328 7329
f 7330 7331 7332
f 7333 7334 7335
f 7336 7337 7338
f 7339 7340 7341
f 7342 7343 7344
f 7345 7346 7347
f 7348 7349 7350
f 7351 7352 7353
f 7354 7355 7356
f 7357 7358 7359
f 7360 7361 7362
f 7363 7364 7365
f 7366 7367 7368
f 7369 7370 7371
f 7372 7373 7374
f 7375 7376 7377
f 7378 7379 7380
f 7381 7382 7383
f 7384 7385 7386
f 7387 7388 7389
f 7390 7391 7392
f 7393 7394 7395
f 7396 7397 7398
f 7399 7400 7401
f 7402 7403 7404
f 7405 7406 7407
f 7408 7409 7410
f 7411 7412 7413
f 7414 7415 7416
f 7417 7418 7419
f 7420 7421 7422
f 7423 7424 7425
f 7426 7427 7428
f 7429 7430 7431
f 7432 7433 7434
f 7435 7436 7437
f 7438 7439 7440
f 7441 7442 7443
f 7444 7445 7446
f 7447 7448 7449
f 7450 7451 7452
f 7453 7454 7455
f 7456 7457 7458
f 7459 7460 7461
f 7462 7463 7464
f 7465 7466 7467
f 7468 7469 7470
f 7471 7472 7473
f 7474 7475 7476
f 7477 7478 7479
f 7480 7481 7482
f 7483 7484 7485
f 7486 7487 7488
f 7489 7490 7491
f 7492 7493 7494
f 7495 7496 7497
f 7498 7499 7500
f 7501 7502 7503
f 7504 7505 7506
f 7507 7508 7509
f 7510 7511 7512
f 7513 7514 7515
f 7516 7517 7518
f 7519 7520 7521
f 7522 7523 7524
f 7525 7526 7527
f 7528 7529 7530
f 7531 7532 7533
f 7534 7535 7536
f 7537 7538 7539
f 7540 7541 7542
f 7543 7544 7545
f 7546 7547 7548
f 7549 7550 7551
f 7552 7553 7554
f 7555 7556 7557
f 7558 7559 7560
f 7561 7562 7563
f 7564 7565 7566
f 7567 7568 7569
f 7570 7571 7572
f 7573 7574 7575
f 7576 7577 7578
f 7579 7580 7581
f 7582 7583 7584
f 7585 7586 7587
f 7588 7589 7590
f 7591 7592 7593
f 7594 7595 7596
f 7597 7598 7599
f 7600 7601 7602
f 7603 7604 7605
f 7606 7607 7608
f 7609 7610 7611
f 7612 7613 7614
f 7615 7616 7617
f 7618 7619 7620
f 7621 7622 7623
f 7624 7625 7626
f 7627 7628 7629
f 7630 7631 7632
f 7633 7634 7635
f 7636 7637 7638
f 7639 7640 7641
f 7642 7643 7644
f 7645 7646 7647
f 7648 7649 7650
f 7651 7652 7653
f 7654 7655 7656
f 7657 7658 7659
f 7660 7661 7662
f 7663 7664 7665
f 7666 7667 7668
f 7669 7670 7671
f 7672 7673 7674
f 7675 7676 7677
f 7678 7679 7680
f 7681 7682 7683
f 7684 7685 7686
f 7687 7688 7689
f 7690 7691 7692
f 7693 7694 7695
f 7696 7697 7698
f 7699 7700 7701
f 7702 7703 7704
f 7705 7706 7707
f 7708 7709 7710
f 7711 7712 7713
f 7714 7715 7716
f 7717 7718 7719
f 7720 7721 7722
f 7723 7724 7725
f 7726 7727 7728
f 7729 7730 7731
f 7732 7733 7734
f 7735 7736 7737
f 7738 7739 7740
f 7741 7742 7743
f 7744 7745 7746
f 7747 7748 7749
f 7750 7751 7752
f 7753 7754 7755
f 7756 7757 7758
f 7759 7760 7761
f 7762 7763 7764
f 7765 7766 7767
f 7768 7769 7770
f 7771 7772 7773
f 7774 7775 7776
f 7777 7778 7779
f 7780 7781 7782
f 7783 7784 7785
f 7786 7787 7788
f 7789 7790 7791
f 7792 7793 7794
f 7795 7796 7797
f 7798 7799 7800
f 7801 7802 7803
f 7804 7805 7806
f 7807 7808 7809
f 7810 7811 7812
f 7813 7814 7815
f 7816 7817 7818
f 7819 7820 7821
f 7822 7823 7824
f 7825 7826 7827
f 7828 7829 7830
f 7831 7832 7833
f 7834 7835 7836
f 7837 7838 7839
f 7840 7841 7842
f 7843 7844 7845
f 7846 7847 7848
f 7849 7850 7851
f 7852 7853 7854
f 7855 7856 7857
f 7858 7859 7860
f 7861 7862 7863
f 7864 7865 7866
f 7867 7868 7869
f 7870 7871 7872
f 7873 7874 7875
f 7876 7877 7878
f 7879 7880 7881
f 7882 7883 7884
f 7885 7886 7887
f 7888 7889 7890
f 7891 7892 7893
f 7894 7895 7896
f 7897 7898 7899
f 7900 7901 7902
f 7903 7904 7905
f 7906 7907 7908
f 7909 7910 7911
f 7912 7913 7914
f 7915 7916 7917
f 7918 7919 7920
f 7921 7922 7923
f 7924 7925 7926
f 7927 7928 7929
f 7930 7931 7932
f 7933 7934 7935
f 7936 7937 7938
f 7939 7940 7941
f 7942 7943 7944
f 7945 7946 7947
f 7948 7949 7950
f 7951 7952 7953
f 7954 7955 7956
f 7957 7958 7959
f 7960 7961 7962
f 7963 7964 7965
f 7966 7967 7968
f 7969 7970 7971
f 7972 7973 7974
f 7975 7976 7977
f 7978 7979 7980
f 7981 7982 7983
f 7984 7985 7986
f 7987 7988 7989
f 7990 7991 7992
f 7993 7994 7995
f 7996 7997 7998
f 7999 8000 8001
f 8002 8003 8004
f 8005 8006 8007
f 8008 8009 8010
f 8011 8012 8013
f 8014 8015 8016
f 8017 8018 8019
f 8020 8021 8022
f 8023 8024 8025
f 8026 8027 8028
f 8029 8030 8031
f 8032 8033 8034
f 8035 8036 8037
f 8038 8039 8040
f 8041 8042 8043
f 8044 8045 8046
f 8047 8048 8049
f 8050 8051 8052
f 8053 8054 8055
f 8056 8057 8058
f 8059 8060 8061
f 8062 8063 8064
f 8065 8066 8067
f 8068 8069 8070
f 8071 8072 8073
f 8074 8075 8076
f 8077 8078 8079
f 8080 8081 8082
f 8083 8084 8085
f 8086 8087 8088
f 8089 8090 8091
f 8092 8093 8094
f 8095 8096 8097
f 8098 8099 8100
f 8101 8102 8103
f 8104 8105 8106
f 8107 8108 8109
f 8110 8111 8112
f 8113 8114 8115
f 8116 8117 8118
f 8119 8120 8121
f 8122 8123 8124
f 8125 8126 8127
f 8128 8129 8130
f 8131 8132 8133
f 8134 8135 8136
f 8137 8138 8139
f 8140 8141 8142
f 8143 8144 8145
f 8146 8147 8148
f 8149 8150 8151
f 8152 8153 8154
f 8155 8156 8157
f 8158 8159 8160
f 8161 8162 8163
f 8164 8165 8166
f 8167 8168 8169
f 8170 8171 8172
f 8173 8174 8175
f 8176 8177 8178
f 8179 8180 8181
f 8182 8183 8184
f 8185 8186 8187
f 8188 8189 8190
f 8191 8192 8193
f 8194 8195 8196
f 8197 8198 8199
f 8200 8201 8202
f 8203 8204 8205
f 8206 8207 8208
f 8209 8210 8211
f 8212 8213 8214
f 8215 8216 8217
f 8218 8219 8220
f 8221 8222 8223
f 8224 8225 8226
f 8227 8228 8229
f 8230 8231 8232
f 8233 8234 8235
f 8236 8237 8238
f 8239 8240 8241
f 8242 8243 8244
f 8245 8246 8247
f 8248 8249 8250
f 8251 8252 8253
f 8254 8255 8256
f 8257 8258 8259
f 8260 8261 8262
f 8263 8264 8265
f 8266 8267 8268
f 8269 8270 8271
f 8272 8273 8274
f 8275 8276 8277
f 8278 8279 8280
f 8281 8282 8283
f 8284 8285 8286
f 8287 8288 8289
f 8290 8291 8292
f 8293 8294 8295
f 8296 8297 8298
f 8299 8300 8301
f 8302 8303 8304
f 8305 8306 8307
f 8308 8309 8310
f 8311 8312 8313
f 8314 8315 8316
f 8317 8318 8319
f 8320 8321 8322
f 8323 8324 8325
f 8326 8327 8328
f 8329 8330 8331
f 8332 8333 8334
f 8335 8336 8337
f 8338 8339 8340
f 8341 8342 8343
f 8344 8345 8346
f 8347 8348 8349
f 8350 8351 8352
f 8353 8354 8355
f 8356 8357 8358
f 8359 8360 8361
f 8362 8363 8364
f 8365 8366 8367
f 8368 8369 8370
f 8371 8372 8373
f 8374 8375 8376
f 8377 8378 8379
f 8380 8381 8382
f 8383 8384 8385
f 8386 8387 8388
f 8389 8390 8391
f 8392 8393 8394
f 8395 8396 8397
f 8398 8399 8400
f 8401 8402 8403
f 8404 8405 8406
f 8407 8408 8409
f 8410 8411 8412
f 8413 8414 8415
f 8416 8417 8418
f 8419 8420 8421
f 8422 8423 8424
f 8425 8426 8427
f 8428 8429 8430
f 8431 8432 8433
f 8434 8435 8436
f 8437 8438 8439
f 8440 8441 8442
f 8443 8444 8445
f 8446 8447 8448
f 8449 8450 8451
f 8452 8453 8454
f 8455 8456 8457
f 8458 8459 8460
f 8461 8462 8463
f 8464 8465 8466
f 8467 8468 8469
f 8470 8471 8472
f 8473 8474 8475
f 8476 8477 8478
f 8479 8480 8481
f 8482 8483 8484
f 8485 8486 8487
f 8488 8489 8490
f 8491 8492 8493
f 8494 8495 8496
f 8497 8498 8499
f 8500 8501 8502
f 8503 8504 8505
f 8506 8507 8508
f 8509 8510 8511
f 8512 8513 8514
f 8515 8516 8517
f 8518 8519 8520
f 8521 8522 8523
f 8524 8525 8526
f 8527 8528 8529
f 8530 8531 8532
f 8533 8534 8535
f 8536 8537 8538
f 8539 8540 8541
f 8542 8543 8544
f 8545 8546 8547
f 8548 8549 8550
f 8551 8552 8553
f 8554 8555 8556
f 8557 8558 8559
f 8560 8561 8562
f 8563 8564 8565
f 8566 8567 8568
f 8569 8570 8571
f 8572 8573 8574
f 8575 8576 8577
f 8578 8579 8580
f 8581 8582 8583
f 8584 8585 8586
f 8587 8588 8589
f 8590 8591 8592
f 8593 8594 8595
f 8596 8597 8598
f 8599 8600 8601
f 8602 8603 8604
f 8605 8606 8607
f 8608 8609 8610
f 8611 8612 8613
f 8614 8615 8616
f 8617 8618 8619
f 8620 8621 8622
f 8623 8624 8625
f 8626 8627 8628
f 8629 8630 8631
f 8632 8633 8634
f 8635 8636 8637
f 8638 8639 8640
f 8641 8642 8643
f 8644 8645 8646
f 8647 8648 8649
f 8650 8651 8652
f 8653 8654 8655
f 8656 8657 8658
f 8659 8660 8661
f 8662 8663 8664
f 8665 8666 8667
f 8668 8669 8670
f 8671 8672 8673
f 8674 8675 8676
f 8677 8678 8679
f 8680 8681 8682
f 8683 8684 8685
f 8686 8687 8688
f 8689 8690 8691
f 8692 8693 8694
f 8695 8696 8697
f 8698 8699 8700
f 8701 8702 8703
f 8704 8705 8706
f 8707 8708 8709
f 8710 8711 8712
f 8713 8714 8715
f 8716 8717 8718
f 8719 8720 8721
f 8722 8723 8724
f 8725 8726 8727
f 8728 8729 8730
f 8731 8732 8733
f 8734 8735 8736
f 8737 8738 8739
f 8740 8741 8742
f 8743 8744 8745
f 8746 8747 8748
f 8749 8750 8751
f 8752 8753 8754
f 8755 8756 8757
f 8758 8759 8760
f 8761 8762 8763
f 8764 8765 8766
f 8767 8768 8769
f 8770 8771 8772
f 8773 8774 8775
f 8776 8777 8778
f 8779 8780 8781
f 8782 8783 8784
f 8785 8786 8787
f 8788 8789 8790
f 8791 8792 8793
f 8794 8795 8796
f 8797 8798 8799
f 8800 8801 8802
f 8803 8804 8805
f 8806 8807 8808
f 8809 8810 8811
f 8812 8813 8814
f 8815 8816 8817
f 8818 8819 8820
f 8821 8822 8823
f 8824 8825 8826
f 8827 8828 8829
f 8830 8831 8832
f 8833 8834 8835
f 8836 8837 8838
f 8839 8840 8841
f 8842 8843 8844
f 8845 8846 8847
f 8848 8849 8850
f 8851 8852 8853
f 8854 8855 8856
f 8857 8858 8859
f 8860 8861 8862
f 8863 8864 8865
f 8866 8867 8868
f 8869 8870 8871
f 8872 8873 8874
f 8875 8876 8877
f 8878 8879 8880
f 8881 8882 8883
f 8884 8885 8886
f 8887 8888 8889
f 8890 8891 8892
f 8893 8894 8895
f 8896 8897 8898
f 8899 8900 8901
f 8902 8903 8904
f 8905 8906 8907
f 8908 8909 8910
f 8911 8912 8913
f 8914 8915 8916
f 8917 8918 8919
f 8920 8921 8922
f 8923 8924 8925
f 8926 8927 8928
f 8929 8930 8931
f 8932 8933 8934
f 8935 8936 8937
f 8938 8939 8940
f 8941 8942 8943
f 8944 8945 8946
f 8947 8948 8949
f 8950 8951 8952
f 8953 8954 8955
f 8956 8957 8958
f 8959 8960 8961
f 8962 8963 8964
f 8965 8966 8967
f 8968 8969 8970
f 8971 8972 8973
f 8974 8975 8976
f 8977 8978 8979
f 8980 8981 8982
f 8983 8984 8985
f 8986 8987 8988
f 8989 8990 8991
f 8992 8993 8994
f 8995 8996 8997
f 8998 8999 9000
f 9001 9002 9003
f 9004 9005 9006
f 9007 9008 9009
f 9010 9011 9012
f 9013 9014 9015
f 9016 9017 9018
f 9019 9020 9021
f 9022 9023 9024
f 9025 9026 9027
f 9028 9029 9030
f 9031 9032 9033
f 9034 9035 9036
f 9037 9038 9039
f 9040 9041 9042
f 9043 9044 9045
f 9046 9047 9048
f 9049 9050 9051
f 9052 9053 9054
f 9055 9056 9057
f 9058 9059 9060
f 9061 9062 9063
f 9064 9065 9066
f 9067 9068 9069
f 9070 9071 9072
f 9073 9074 9075
f 9076 9077 9078
f 9079 9080 9081
f 9082 9083 9084
f 9085 9086 9087
f 9088 9089 9090
f 9091 9092 9093
f 9094 9095 9096
f 9097 9098 9099
f 9100 9101 9102
f 9103 9104 9105
f 9106 9107 9108
f 9109 9110 9111
f 9112 9113 9114
f 9115 9116 9117
f 9118 9119 9120
f 9121 9122 9123
f 9124 9125 9126
f 9127 9128 9129
f 9130 9131 9132
f 9133 9134 9135
f 9136 9137 9138
f 9139 9140 9141
f 9142 9143 9144
f 9145 9146 9147
f 9148 9149 9150
f 9151 9152 9153
f 9154 9155 9156
f 9157 9158 9159
f 9160 9161 9162
f 9163 9164 9165
f 9166 9167 9168
f 9169 9170 9171
f 9172 9173 9174
f 9175 9176 9177
f 9178 9179 9180
f 9181 9182 9183
f 9184 9185 9186
f 9187 9188 9189
f 9190 9191 9192
f 9193 9194 9195
f 9196 9197 9198
f 9199 9200 9201
f 9202 9203 9204
f 9205 9206 9207
f 9208 9209 9210
f 9211 9212 9213
f 9214 9215 9216
f 9217 9218 9219
f 9220 9221 9222
f 9223 9224 9225
f 9226 9227 9228
f 9229 9230 9231
f 9232 9233 9234
f 9235 9236 9237
f 9238 9239 9240
f 9241 9242 9243
f 9244 9245 9246
f 9247 9248 9249
f 9250 9251 9252
f 9253 9254 9255
f 9256 9257 9258
f 9259 9260 9261
f 9262 9263 9264
f 9265 9266 9267
f 9268 9269 9270
f 9271 9272 9273
f 9274 9275 9276
f 9277 9278 9279
f 9280 9281 9282
f 9283 9284 9285
f 9286 9287 9288
f 9289 9290 9291
f 9292 9293 9294
f 9295 9296 9297
f 9298 9299 9300
f 9301 9302 9303
f 9304 9305 9306
f 9307 9308 9309
f 9310 9311 9312
f 9313 9314 9315
f 9316 9317 9318
f 9319 9320 9321
f 9322 9323 9324
f 9325 9326 9327
f 9328 9329 9330
f 9331 9332 9333
f 9334 9335 9336
f 9337 9338 9339
f 9340 9341 9342
f 9343 9344 9345
f 9346 9347 9348
f 9349 9350 9351
f 9352 9353 9354
f 9355 9356 9357
f 9358 9359 9360
f 9361 9362 9363
f 9364 9365 9366
f 9367 9368 9369
f 9370 9371 9372
f 9373 9374 9375
f 9376 9377 9378
f 9379 9380 9381
f 9382 9383 9384
f 9385 9386 9387
f 9388 9389 9390
f 9391 9392 9393
f 9394 9395 9396
f 9397 9398 9399
f 9400 9401 9402
f 9403 9404 9405
f 9406 9407 9408
f 9409 9410 9411
f 9412 9413 9414
f 9415 9416 9417
f 9418 9419 9420
f 9421 9422 9423
f 9424 9425 9426
f 9427 9428 9429
f 9430 9431 9432
f 9433 9434 9435
f 9436 9437 9438
f 9439 9440 9441
f 9442 9443 9444
f 9445 9446 9447
f 9448 9449 9450
f 9451 9452 9453
f 9454 9455 9456
f 9457 9458 9459
f 9460 9461 9462
f 9463 9464 9465
f 9466 9467 9468
f 9469 9470 9471
f 9472 9473 9474
f 9475 9476 9477
f 9478 9479 9480
f 9481 9482 9483
f 9484 9485 9486
f 9487 9488 9489
f 9490 9491 9492
f 9493 9494 9495
f 9496 9497 9498
f 9499 9500 9501
f 9502 9503 9504
f 9505 9506 9507
f 9508 9509 9510
f 9511 9512 9513
f 9514 9515 9516
f 9517 9518 9519
f 9520 9521 9522
f 9523 9524 9525
f 9526 9527 9528
f 9529 9530 9531
f 9532 9533 9534
f 9535 9536 9537
f 9538 9539 9540
f 9541 9542 9543
f 9544 9545 9546
f 9547 9548 9549
f 9550 9551 9552
f 9553 9554 9555
f 9556 9557 9558
f 9559 9560 9561
f 9562 9563 9564
f 9565 9566 9567
f 9568 9569 9570
f 9571 9572 9573
f 9574 9575 9576
f 9577 9578 9579
f 9580 9581 9582
f 9583 9584 9585
f 9586 9587 9588
f 9589 9590 9591
f 9592 9593 9594
f 9595 9596 9597
f 9598 9599 9600
f 9601 9602 9603
f 9604 9605 9606
f 9607 9608 9609
f 9610 9611 9612
f 9613 9614 9615
f 9616 9617 9618
f 9619 9620 9621
f 9622 9623 9624
f 9625 9626 9627
f 9628 9629 9630
f 9631 9632 9633
f 9634 9635 9636
f 9637 9638 9639
f 9640 9641 9642
f 9643 9644 9645
f 9646 9647 9648
f 9649 9650 9651
f 9652 9653 9654
f 9655 9656 9657
f 9658 9659 9660
f 9661 9662 9663
f 9664 9665 9666
f 9667 9668 9669
f 9670 9671 9672
f 9673 9674 9675
f 9676 9677 9678
f 9679 9680 9681
f 9682 9683 9684
f 9685 9686 9687
f 9688 9689 9690
f 9691 9692 9693
f 9694 9695 9696
f 9697 9698 9699
f 9700 9701 9702
f 9703 9704 9705
f 9706 9707 9708
f 9709 9710 9711
f 9712 9713 9714
f 9715 9716 9717
f 9718 9719 9720
f 9721 9722 9723
f 9724 9725 9726
f 9727 9728 9729
f 9730 9731 9732
f 9733 9734 9735
f 9736 9737 9738
f 9739 9740 9741
f 9742 9743 9744
f 9745 9746 9747
f 9748 9749 9750
f 9751 9752 9753
f 9754 9755 9756
f 9757 9758 9759
f 9760 9761 9762
f 9763 9764 9765
f 9766 9767 9768
f 9769 9770 9771
f 9772 9773 9774
f 9775 9776 9777
f 9778 9779 9780
f 9781 9782 9783
f 9784 9785 9786
f 9787 9788 9789
f 9790 9791 9792
f 9793 9794 9795
f 9796 9797 9798
f 9799 9800 9801
f 9802 9803 9804
f 9805 9806 9807
f 9808 9809 9810
f 9811 9812 9813
f 9814 9815 9816
f 9817 9818 9819
f 9820 9821 9822
f 9823 9824 9825
f 9826 9827 9828
f 9829 9830 9831
f 9832 9833 9834
f 9835 9836 9837
f 9838 9839 9840
f 9841 9842 9843
f 9844 9845 9846
f 9847 9848 9849
f 9850 9851 9852
f 9853 9854 9855
f 9856 9857 9858
f 9859 9860 9861
f 9862 9863 9864
f 9865 9866 9867
f 9868 9869 9870
f 9871 9872 9873
f 9874 9875 9876
f 9877 9878 9879
f 9880 9881 9882
f 9883 9884 9885
f 9886 9887 9888
f 9889 9890 9891
f 9892 9893 9894
f 9895 9896 9897
f 9898 9899 9900
f 9901 9902 9903
f 9904 9905 9906
f 9907 9908 9909
f 9910 9911 9912
f 9913 9914 9915
f 9916 9917 9918
f 9919 9920 9921
f 9922 9923 9924
f 9925 9926 9927
f 9928 9929 9930
f 9931 9932 9933
f 9934 9935 9936
f 9937 9938 9939
f 9940 9941 9942
f 9943 9944 9945
f 9946 9947 9948
f 9949 9950 9951
f 9952 9953 9954
f 9955 9956 9957
f 9958 9959 9960
f 9961 9962 9963
f 9964 9965 9966
f 9967 9968 9969
f 9970 9971 9972
f 9973 9974 9975
f 9976 9977 9978
f 9979 9980 9981
f 9982 9983 9984
f 9985 9986 9987
f 9988 9989 9990
f 9991 9992 9993
f 9994 9995 9996
f 9997 9998 9999
f 10000 10001 10002
f 10003 10004 10005
f 10006 10007 10008
f 10009 10010 10011
f 10012 10013 10014
f 10015 10016 10017
f 10018 10019 10020
f 10021 10022 10023
f 10024 10025 10026
f 10027 10028 10029
f 10030 10031 10032
f 10033 10034 10035
f 10036 10037 10038
f 10039 10040 10041
f 10042 10043 10044
f 10045 10046 10047
f 10048 10049 10050
f 10051 10052 10053
f 10054 10055 10056
f 10057 10058 10059
f 10060 10061 10062
f 10063 10064 10065
f 10066 10067 10068
f 10069 10070 10071
f 10072 10073 10074
f 10075 10076 10077
f 10078 10079 10080
f 10081 10082 10083
f 10084 10085 10086
f 10087 10088 10089
f 10090 10091 10092
f 10093 10094 10095
f 10096 10097 10098
f 10099 10100 10101
f 10102 10103 10104
f 10105 10106 10107
f 10108 10109 10110
f 10111 10112 10113
f 10114 10115 10116
f 10117 10118 10119
f 10120 10121 10122
f 10123 10124 10125
f 10126 10127 10128
f 10129 10130 10131
f 10132 10133 10134
f 10135 10136 10137
f 10138 10139 10140
f 10141 10142 10143
f 10144 10145 10146
f 10147 10148 10149
f 10150 10151 10152
f 10153 10154 10155
f 10156 10157 10158
f 10159 10160 10161
f 10162 10163 10164
f 10165 10166 10167
f 10168 10169 10170
f 10171 10172 10173
f 10174 10175 10176
f 10177 10178 10179
f 10180 10181 10182
f 10183 10184 10185
f 10186 10187 10188
f 10189 10190 10191
f 10192 10193 10194
f 10195 10196 10197
f 10198 10199 10200
f 10201 10202 10203
f 10204 10205 10206
f 10207 10208 10209
f 10210 10211 10212
f 10213 10214 10215
f 10216 10217 10218
f 10219 10220 10221
f 10222 10223 10224
f 10225 10226 10227
f 10228 10229 10230
f 10231 10232 10233
f 10234 10235 10236
f 10237 10238 10239
f 10240 10241 10242
f 10243 10244 10245
f 10246 10247 10248
f 10249 10250 10251
f 10252 10253 10254
f 10255 10256 10257
f 10258 10259 10260
f 10261 10262 10263
f 10264 10265 10266
f 10267 10268 10269
f 10270 10271 10272
f 10273 10274 10275
f 10276 10277 10278
f 10279 10280 10281
f 10282 10283 10284
f 10285 10286 10287
f 10288 10289 10290
f 10291 10292 10293
f 10294 10295 10296
f 10297 10298 10299
f 10300 10301 10302
f 10303 10304 10305
f 10306 10307 10308
f 10309 10310 10311
f 10312 10313 10314
f 10315 10316 10317
f 10318 10319 10320
f 10321 10322 10323
f 10324 10325 10326
f 10327 10328 10329
f 10330 10331 10332
f 10333 10334 10335
f 10336 10337 10338
f 10339 10340 10341
f 10342 10343 10344
f 10345 10346 10347
f 10348 10349 10350
f 10351 10352 10353
f 10354 10355 10356
f 10357 10358 10359
f 10360 10361 10362
f 10363 10364 10365
f 10366 10367 10368
f 10369 10370 10371
f 10372 10373 10374
f 10375 10376 10377
f 10378 10379 10380
f 10381 10382 10383
f 10384 10385 10386
f 10387 10388 10389
f 10390 10391 10392
f 10393 10394 10395
f 10396 10397 10398
f 10399 10400 10401
f 10402 10403 10404
f 10405 10406 10407
f 10408 10409 10410
f 10411 10412 10413
f 10414 10415 10416
f 10417 10418 10419
f 10420 10421 10422
f 10423 10424 10425
f 10426 10427 10428
f 10429 10430 10431
f 10432 10433 10434
f 10435 10436 10437
f 10438 10439 10440
f 10441 10442 10443
f 10444 10445 10446
f 10447 10448 10449
f 10450 10451 10452
f 10453 10454 10455
f 10456 10457 10458
f 10459 10460 10461
f 10462 10463 10464
f 10465 10466 10467
f 10468 10469 10470
f 10471 10472 10473
f 10474 10475 10476
f 10477 10478 10479
f 10480 10481 10482
f 10483 10484 10485
f 10486 10487 10488
f 10489 10490 10491
f 10492 10493 10494
f 10495 10496 10497
f 10498 10499 10500
f 10501 10502 10503
f 10504 10505 10506
f 10507 10508 10509
f 10510 10511 10512
f 10513 10514 10515
f 10516 10517 10518
f 10519 10520 10521
f 10522 10523 10524
f 10525 10526 10527
f 10528 10529 10530
f 10531 10532 10533
f 10534 10535 10536
f 10537 10538 10539
f 10540 10541 10542
f 10543 10544 10545
f 10546 10547 10548
f 10549 10550 10551
f 10552 10553 10554
f 10555 10556 10557
f 10558 10559 10560
f 10561 10562 10563
f 10564 10565 10566
f 10567 10568 10569
f 10570 10571 10572
f 10573 10574 10575
f 10576 10577 10578
f 10579 10580 10581
f 10582 10583 10584
f 10585 10586 10587
f 10588 10589 10590
f 10591 10592 10593
f 10594 10595 10596
f 10597 10598 10599
f 10600 10601 10602
f 10603 10604 10605
f 10606 10607 10608
f 10609 10610 10611
f 10612 10613 10614
f 10615 10616 10617
f 10618 10619 10620
f 10621 10622 10623
f 10624 10625 10626
f 10627 10628 10629
f 10630 10631 10632
f 10633 10634 10635
f 10636 10637 10638
f 10639 10640 10641
f 10642 10643 10644
f 10645 10646 10647
f 10648 10649 10650
f 10651 10652 10653
f 10654 10655 10656
f 10657 10658 10659
f 10660 10661 10662
f 10663 10664 10665
f 10666 10667 10668
f 10669 10670 10671
f 10672 10673 10674
f 10675 10676 10677
f 10678 10679 10680
f 10681 10682 10683
f 10684 10685 10686
f 10687 10688 10689
f 10690 10691 10692
f 10693 10694 10695
f 10696 10697 10698
f 10699 10700 10701
f 10702 10703 10704
f 10705 10706 10707
f 10708 10709 10710
f 10711 10712 10713
f 10714 10715 10716
f 10717 10718 10719
f 10720 10721 10722
f 10723 10724 10725
f 10726 10727 10728
f 10729 10730 10731
f 10732 10733 10734
f 10735 10736 10737
f 10738 10739 10740
f 10741 10742 10743
f 10744 10745 10746
f 10747 10748 10749
f 10750 10751 10752
f 10753 10754 10755
f 10756 10757 10758
f 10759 10760 10761
f 10762 10763 10764
f 10765 10766 10767
f 10768 10769 10770
f 10771 10772 10773
f 10774 10775 10776
f 10777 10778 10779
f 10780 10781 10782
f 10783 10784 10785
f 10786 10787 10788
f 10789 10790 10791
f 10792 10793 10794
f 10795 10796 10797
f 10798 10799 10800
f 10801 10802 10803
f 10804 10805 10806
f 10807 10808 10809
f 10810 10811 10812
f 10813 10814 10815
f 10816 10817 10818
f 10819 10820 10821
f 10822 10823 10824
f 10825 10826 10827
f 10828 10829 10830
f 10831 10832 10833
f 10834 10835 10836
f 10837 10838 10839
f 10840 10841 10842
f 10843 10844 10845
f 10846 10847 10848
f 10849 10850 10851
f 10852 10853 10854
f 10855 10856 10857
f 10858 10859 10860
f 10861 10862 10863
f 10864 10865 10866
f 10867 10868 10869
f 10870 10871 10872
f 10873 10874 10875
f 10876 10877 10878
f 10879 10880 10881
f 10882 10883 10884
f 10885 10886 10887
f 10888 10889 10890
f 10891 10892 10893
f 10894 10895 10896
f 10897 10898 10899
f 10900 10901 10902
f 10903 10904 10905
f 10906 10907 10908
f 10909 10910 10911
f 10912 10913 10914
f 10915 10916 10917
f 10918 10919 10920
f 10921 10922 10923
f 10924 10925 10926
f 10927 10928 10929
f 10930 10931 10932
f 10933 10934 10935
f 10936 10937 10938
f 10939 10940 10941
f 10942 10943 10944
f 10945 10946 10947
f 10948 10949 10950
f 10951 10952 10953
f 10954 10955 10956
f 10957 10958 10959
f 10960 10961 10962
f 10963 10964 10965
f 10966 10967 10968
f 10969 10970 10971
f 10972 10973 10974
f 10975 10976 10977
f 10978 10979 10980
f 10981 10982 10983
f 10984 10985 10986
f 10987 10988 10989
f 10990 10991 10992
f 10993 10994 10995
f 10996 10997 10998
f 10999 11000 11001
f 11002 11003 11004
f 11005 11006 11007
f 11008 11009 11010
f 11011 11012 11013
f 11014 11015 11016
f 11017 11018 11019
f 11020 11021 11022
f 11023 11024 11025
f 11026 11027 11028
f 11029 11030 11031
f 11032 11033 11034
f 11035 11036 11037
f 11038 11039 11040
f 11041 11042 11043
f 11044 11045 11046
f 11047 11048 11049
f 11050 11051 11052
f 11053 11054 11055
f 11056 11057 11058
f 11059 11060 11061
f 11062 11063 11064
f 11065 11066 11067
f 11068 11069 11070
f 11071 11072 11073
f 11074 11075 11076
f 11077 11078 11079
f 11080 11081 11082
f 11083 11084 11085
f 11086 11087 11088
f 11089 11090 11091
f 11092 11093 11094
f 11095 11096 11097
f 11098 11099 11100
f 11101 11102 11103
f 11104 11105 11106
f 11107 11108 11109
f 11110 11111 11112
f 11113 11114 11115
f 11116 11117 11118
f 11119 11120 11121
f 11122 11123 11124
f 11125 11126 11127
f 11128 11129 11130
f 11131 11132 11133
f 11134 11135 11136
f 11137 11138 11139
f 11140 11141 11142
f 11143 11144 11145
f 11146 11147 11148
f 11149 11150 11151
f 11152 11153 11154
f 11155 11156 11157
f 11158 11159 11160
f 11161 11162 11163
f 11164 11165 11166
f 11167 11168 11169
f 11170 11171 11172
f 11173 11174 11175
f 11176 11177 11178
f 11179 11180 11181
f 11182 11183 11184
f 11185 11186 11187
f 11188 11189 11190
f 11191 11192 11193
f 11194 11195 11196
f 11197 11198 11199
f 11200 11201 11202
f 11203 11204 11205
f 11206 11207 11208
f 11209 11210 11211
f 11212 11213 11214
f 11215 11216 11217
f 11218 11219 11220
f 11221 11222 11223
f 11224 11225 11226
f 11227 11228 11229
f 11230 11231 11232
f 11233 11234 11235
f 11236 11237 11238
f 11239 11240 11241
f 11242 11243 11244
f 11245 11246 11247
f 11248 11249 11250
f 11251 11252 11253
f 11254 11255 11256
f 11257 11258 11259
f 11260 11261 11262
f 11263 11264 11265
f 11266 11267 11268
f 11269 11270 11271
f 11272 11273 11274
f 11275 11276 11277
f 11278 11279 11280
f 11281 11282 11283
f 11284 11285 11286
f 11287 11288 11289
f 11290 11291 11292
f 11293 11294 11295
f 11296 11297 11298
f 11299 11300 11301
f 11302 11303 11304
f 11305 11306 11307
f 11308 11309 11310
f 11311 11312 11313
f 11314 11315 11316
f 11317 11318 11319
f 11320 11321 11322
f 11323 11324 11325
f 11326 11327 11328
f 11329 11330 11331
f 11332 11333 11334
f 11335 11336 11337
f 11338 11339 11340
f 11341 11342 11343
f 11344 11345 11346
f 11347 11348 11349
f 11350 11351 11352
f 11353 11354 11355
f 11356 11357 11358
f 11359 11360 11361
f 11362 11363 11364
f 11365 11366 11367
f 11368 11369 11370
f 11371 11372 11373
f 11374 11375 11376
f 11377 11378 11379
f 11380 11381 11382
f 11383 11384 11385
f 11386 11387 11388
f 11389 11390 11391
f 11392 11393 11394
f 11395 11396 11397
f 11398 11399 11400
f 11401 11402 11403
f 11404 11405 11406
f 11407 11408 11409
f 11410 11411 11412
f 11413 11414 11415
f 11416 11417 11418
f 11419 11420 11421
f 11422 11423 11424
f 11425 11426 11427
f 11428 11429 11430
f 11431 11432 11433
f 11434 11435 11436
f 11437 11438 11439
f 11440 11441 11442
f 11443 11444 11445
f 11446 11447 11448
f 11449 11450 11451
f 11452 11453 11454
f 11455 11456 11457
f 11458 11459 11460
f 11461 11462 11463
f 11464 11465 11466
f 11467 11468 11469
f 11470 11471 11472
f 11473 11474 11475
f 11476 11477 11478
f 11479 11480 11481
f 11482 11483 11484
f 11485 11486 11487
f 11488 11489 11490
f 11491 11492 11493
f 11494 11495 11496
f 11497 11498 11499
f 11500 11501 11502
f 11503 11504 11505
f 11506 11507 11508
f 11509 11510 11511
f 11512 11513 11514
f 11515 11516 11517
f 11518 11519 11520
f 11521 11522 11523
f 11524 11525 11526
f 11527 11528 11529
f 11530 11531 11532
f 11533 11534 11535
f 11536 11537 11538
f 11539 11540 11541
f 11542 11543 11544
f 11545 11546 11547
f 11548 11549 11550
f 11551 11552 11553
f 11554 11555 11556
f 11557 11558 11559
f 11560 11561 11562
f 11563 11564 11565
f 11566 11567 11568
f 11569 11570 11571
f 11572 11573 11574
f 11575 11576 11577
f 11578 11579 11580
f 11581 11582 11583
f 11584 11585 11586
f 11587 11588 11589
f 11590 11591 11592
f 11593 11594 11595
f 11596 11597 11598
f 11599 11600 11601
f 11602 11603 11604
f 11605 11606 11607
f 11608 11609 11610
f 11611 11612 11613
f 11614 11615 11616
f 11617 11618 11619
f 11620 11621 11622
f 11623 11624 11625
f 11626 11627 11628
f 11629 11630 11631
f 11632 11633 11634
f 11635 11636 11637
f 11638 11639 11640
f 11641 11642 11643
f 11644 11645 11646
f 11647 11648 11649
f 11650 11651 11652
f 11653 11654 11655
f 11656 11657 11658
f 11659 11660 11661
f 11662 11663 11664
f 11665 11666 11667
f 11668 11669 11670
f 11671 11672 11673
f 11674 11675 11676
f 11677 11678 11679
f 11680 11681 11682
f 11683 11684 11685
f 11686 11687 11688
f 11689 11690 11691
f 11692 11693 11694
f 11695 11696 11697
f 11698 11699 11700
f 11701 11702 11703
f 11704 11705 11706
f 11707 11708 11709
f 11710 11711 11712
f 11713 11714 11715
f 11716 11717 11718
f 11719 11720 11721
f 11722 11723 11724
f 11725 11726 11727
f 11728 11729 11730
f 11731 11732 11733
f 11734 11735 11736
f 11737 11738 11739
f 11740 11741 11742
f 11743 11744 11745
f 11746 11747 11748
f 11749 11750 11751
f 11752 11753 11754
f 11755 11756 11757
f 11758 11759 11760
f 11761 11762 11763
f 11764 11765 11766
f 11767 11768 11769
f 11770 11771 11772
f 11773 11774 11775
f 11776 11777 11778
f 11779 11780 11781
f 11782 11783 11784
f 11785 11786 11787
f 11788 11789 11790
f 11791 11792 11793
f 11794 11795 11796
f 11797 11798 11799
f 11800 11801 11802
f 11803 11804 11805
f 11806 11807 11808
f 11809 11810 11811
f 11812 11813 11814
f 11815 11816 11817
f 11818 11819 11820
f 11821 11822 11823
f 11824 11825 11826
f 11827 11828 11829
f 11830 11831 11832
f 11833 11834 11835
f 11836 11837 11838
f 11839 11840 11841
f 11842 11843 11844
f 11845 11846 11847
f 11848 11849 11850
f 11851 11852 11853
f 11854 11855 11856
f 11857 11858 11859
f 11860 11861 11862
f 11863 11864 11865
f 11866 11867 11868
f 11869 11870 11871
f 11872 11873 11874
f 11875 11876 11877
f 11878 11879 11880
f 11881 11882 11883
f 11884 11885 11886
f 11887 11888 11889
f 11890 11891 11892
f 11893 11894 11895
f 11896 11897 11898
f 11899 11900 11901
f 11902 11903 11904
f 11905 11906 11907
f 11908 11909 11910
f 11911 11912 11913
f 11914 11915 11916
f 11917 11918 11919
f 11920 11921 11922
f 11923 11924 11925
f 11926 11927 11928
f 11929 11930 11931
f 11932 11933 11934
f 11935 11936 11937
f 11938 11939 11940
f 11941 11942 11943
f 11944 11945 11946
f 11947 11948 11949
f 11950 11951 11952
f 11953 11954 11955
f 11956 11957 11958
f 11959 11960 11961
f 11962 11963 11964
f 11965 11966 11967
f 11968 11969 11970
f 11971 11972 11973
f 11974 11975 11976
f 11977 11978 11979
f 11980 11981 11982
f 11983 11984 11985
f 11986 11987 11988
f 11989 11990 11991
f 11992 11993 11994
f 11995 11996 11997
f 11998 11999 12000
f 12001 12002 12003
f 12004 12005 12006
f 12007 12008 12009
f 12010 12011 12012
f 12013 12014 12015
f 12016 12017 12018
f 12019 12020 12021
f 12022 12023 12024
f 12025 12026 12027
f 12028 12029 12030
f 12031 12032 12033
f 12034 12035 12036
f 12037 12038 12039
f 12040 12041 12042
f 12043 12044 12045
f 12046 12047 12048
f 12049 12050 12051
f 12052 12053 12054
f 12055 12056 12057
f 12058 12059 12060
f 12061 12062 12063
f 12064 12065 12066
f 12067 12068 12069
f 12070 12071 12072
f 12073 12074 12075
f 12076 12077 12078
f 12079 12080 12081
f 12082 12083 12084
f 12085 12086 12087
f 12088 12089 12090
f 12091 12092 12093
f 12094 12095 12096
f 12097 12098 12099
f 12100 12101 12102
f 12103 12104 12105
f 12106 12107 12108
f 12109 12110 12111
f 12112 12113 12114
f 12115 12116 12117
f 12118 12119 12120
f 12121 12122 12123
f 12124 12125 12126
f 12127 12128 12129
f 12130 12131 12132
f 12133 12134 12135
f 12136 12137 12138
f 12139 12140 12141
f 12142 12143 12144
f 12145 12146 12147
f 12148 12149 12150
f 12151 12152 12153
f 12154 12155 12156
f 12157 12158 12159
f 12160 12161 12162
f 12163 12164 12165
f 12166 12167 12168
f 12169 12170 12171
f 12172 12173 12174
f 12175 12176 12177
f 12178 12179 12180
f 12181 12182 12183
f 12184 12185 12186
f 12187 12188 12189
f 12190 12191 12192
f 12193 12194 12195
f 12196 12197 12198
f 12199 12200 12201
f 12202 12203 12204
f 12205 12206 12207
f 12208 12209 12210
f 12211 12212 12213
f 12214 12215 12216
f 12217 12218 12219
f 12220 12221 12222
f 12223 12224 12225
f 12226 12227 12228
f 12229 12230 12231
f 12232 12233 12234
f 12235 12236 12237
f 12238 12239 12240
f 12241 12242 12243
f 12244 12245 12246
f 12247 12248 12249
f 12250 12251 12252
f 12253 12254 12255
f 12256 12257 12258
f 12259 12260 12261
f 12262 12263 12264
f 12265 12266 12267
f 12268 12269 12270
f 12271 12272 12273
f 12274 12275 12276
f 12277 12278 12279
f 12280 12281 12282
f 12283 12284 12285
f 12286 12287 12288
f 12289 12290 12291
f 12292 12293 12294
f 12295 12296 12297
f 12298 12299 12300
f 12301 12302 12303
f 12304 12305 12306
f 12307 12308 12309
f 12310 12311 12312
f 12313 12314 12315
f 12316 12317 12318
f 12319 12320 12321
f 12322 12323 12324
f 12325 12326 12327
f 12328 12329 12330
f 12331 12332 12333
f 12334 12335 12336
f 12337 12338 12339
f 12340 12341 12342
f 12343 12344 12345
f 12346 12347 12348
f 12349 12350 12351
f 12352 12353 12354
f 12355 12356 12357
f 12358 12359 12360
f 12361 12362 12363
f 12364 12365 12366
f 12367 12368 12369
f 12370 12371 12372
f 12373 12374 12375
f 12376 12377 12378
f 12379 12380 12381
f 12382 12383 12384
f 12385 12386 12387
f 12388 12389 12390
f 12391 12392 12393
f 12394 12395 12396
f 12397 12398 12399
f 12400 12401 12402
f 12403 12404 12405
f 12406 12407 12408
f 12409 12410 12411
f 12412 12413 12414
f 12415 12416 12417
f 12418 12419 12420
f 12421 12422 12423
f 12424 12425 12426
f 12427 12428 12429
f 12430 12431 12432
f 12433 12434 12435
f 12436 12437 12438
f 12439 12440 12441
f 12442 12443 12444
f 12445 12446 12447
f 12448 12449 12450
f 12451 12452 12453
f 12454 12455 12456
f 12457 12458 12459
f 12460 12461 12462
f 12463 12464 12465
f 12466 12467 12468
f 12469 12470 12471
f 12472 12473 12474
f 12475 12476 12477
f 12478 12479 12480
f 12481 12482 12483
f 12484 12485 12486
f 12487 12488 12489
f 12490 12491 12492
f 12493 12494 12495
f 12496 12497 12498
f 12499 12500 12501
f 12502 12503 12504
f 12505 12506 12507
f 12508 12509 12510
f 12511 12512 12513
f 12514 12515 12516
f 12517 12518 12519
f 12520 12521 12522
f 12523 12524 12525
f 12526 12527 12528
f 12529 12530 12531
f 12532 12533 12534
f 12535 12536 12537
f 12538 12539 12540
f 12541 12542 12543
f 12544 12545 12546
f 12547 12548 12549
f 12550 12551 12552
f 12553 12554 12555
f 12556 12557 12558
f 12559 12560 12561
f 12562 12563 12564
f 12565 12566 12567
f 12568 12569 12570
f 12571 12572 12573
f 12574 12575 12576
f 12577 12578 12579
f 12580 12581 12582
f 12583 12584 12585
f 12586 12587 12588
f 12589 12590 12591
f 12592 12593 12594
f 12595 12596 12597
f 12598 12599 12600
f 12601 12602 12603
f 12604 12605 12606
f 12607 12608 12609
f 12610 12611 12612
f 12613 12614 12615
f 12616 12617 12618
f 12619 12620 12621
f 12622 12623 12624
f 12625 12626 12627
f 12628 12629 12630
f 12631 12632 12633
f 12634 12635 12636
f 12637 12638 12639
f 12640 12641 12642
f 12643 12644 12645
f 12646 12647 12648
f 12649 12650 12651
f 12652 12653 12654
f 12655 12656 12657
f 12658 12659 12660
f 12661 12662 12663
f 12664 12665 12666
f 12667 12668 12669
f 12670 12671 12672
f 12673 12674 12675
f 12676 12677 12678
f 12679 12680 12681
f 12682 12683 12684
f 12685 12686 12687
f 12688 12689 12690
f 12691 12692 12693
f 12694 12695 12696
f 12697 12698 12699
f 12700 12701 12702
f 12703 12704 12705
f 12706 12707 12708
f 12709 12710 12711
f 12712 12713 12714
f 12715 12716 12717
f 12718 12719 12720
f 12721 12722 12723
f 12724 12725 12726
f 12727 12728 12729
f 12730 12731 12732
f 12733 12734 12735
f 12736 12737 12738
f 12739 12740 12741
f 12742 12743 12744
f 12745 12746 12747
f 12748 12749 12750
f 12751 12752 12753
f 12754 12755 12756
f 12757 12758 12759
f 12760 12761 12762
f 12763 12764 12765
f 12766 12767 12768
f 12769 12770 12771
f 12772 12773 12774
f 12775 12776 12777
f 12778 12779 12780
f 12781 12782 12783
f 12784 12785 12786
f 12787 12788 12789
f 12790 12791 12792
f 12793 12794 12795
f 12796 12797 12798
f 12799 12800 12801
f 12802 12803 12804
f 12805 12806 12807
f 12808 12809 12810
f 12811 12812 12813
f 12814 12815 12816
f 12817 12818 12819
f 12820 12821 12822
f 12823 12824 12825
f 12826 12827 12828
f 12829 12830 12831
f 12832 12833 12834
f 12835 12836 12837
f 12838 12839 12840
f 12841 12842 12843
f 12844 12845 12846
f 12847 12848 12849
f 12850 12851 12852
f 12853 12854 12855
f 12856 12857 12858
f 12859 12860 12861
f 12862 12863 12864
f 12865 12866 12867
f 12868 12869 12870
f 12871 12872 12873
f 12874 12875 12876
f 12877 12878 12879
f 12880 12881 12882
f 12883 12884 12885
f 12886 12887 12888
f 12889 12890 12891
f 12892 12893 12894
f 12895 12896 12897
f 12898 12899 12900
f 12901 12902 12903
f 12904 12905 12906
f 12907 12908 12909
f 12910 12911 12912
f 12913 12914 12915
f 12916 12917 12918
f 12919 12920 12921
f 12922 12923 12924
f 12925 12926 12927
f 12928 12929 12930
f 12931 12932 12933
f 12934 12935 12936
f 12937 12938 12939
f 12940 12941 12942
f 12943 12944 12945
f 12946 12947 12948
f 12949 12950 12951
f 12952 12953 12954
f 12955 12956 12957
f 12958 12959 12960
f 12961 12962 12963
f 12964 12965 12966
f 12967 12968 12969
f 12970 12971 12972
f 12973 12974 12975
f 12976 12977 12978
f 12979 12980 12981
f 12982 12983 12984
f 12985 12986 12987
f 12988 12989 12990
f 12991 12992 12993
f 12994 12995 12996
f 12997 12998 12999
f 13000 13001 13002
f 13003 13004 13005
f 13006 13007 13008
f 13009 13010 13011
f 13012 13013 13014
f 13015 13016 13017
f 13018 13019 13020
f 13021 13022 13023
f 13024 13025 13026
f 13027 13028 13029
f 13030 13031 13032
f 13033 13034 13035
f 13036 13037 13038
f 13039 13040 13041
f 13042 13043 13044
f 13045 13046 13047
f 13048 13049 13050
f 13051 13052 13053
f 13054 13055 13056
f 13057 13058 13059
f 13060 13061 13062
f 13063 13064 13065
f 13066 13067 13068
f 13069 13070 13071
f 13072 13073 13074
f 13075 13076 13077
f 13078 13079 13080
f 13081 13082 13083
f 13084 13085 13086
f 13087 13088 13089
f 13090 13091 13092
f 13093 13094 13095
f 13096 13097 13098
f 13099 13100 13101
f 13102 13103 13104
f 13105 13106 13107
f 13108 13109 13110
f 13111 13112 13113
f 13114 13115 13116
f 13117 13118 13119
f 13120 13121 13122
f 13123 13124 13125
f 13126 13127 13128
f 13129 13130 13131
f 13132 13133 13134
f 13135 13136 13137
f 13138 13139 13140
f 13141 13142 13143
f 13144 13145 13146
f 13147 13148 13149
f 13150 13151 13152
f 13153 13154 13155
f 13156 13157 13158
f 13159 13160 13161
f 13162 13163 13164
f 13165 13166 13167
f 13168 13169 13170
f 13171 13172 13173
f 13174 13175 13176
f 13177 13178 13179
f 13180 13181 13182
f 13183 13184 13185
f 13186 13187 13188
f 13189 13190 13191
f 13192 13193 13194
f 13195 13196 13197
f 13198 13199 13200
f 13201 13202 13203
f 13204 13205 13206
f 13207 13208 13209
f 13210 13211 13212
f 13213 13214 13215
f 13216 13217 13218
f 13219 13220 13221
f 13222 13223 13224
f 13225 13226 13227
f 13228 13229 13230
f 13231 13232 13233
f 13234 13235 13236
f 13237 13238 13239
f 13240 13241 13242
f 13243 13244 13245
f 13246 13247 13248
f 13249 13250 13251
f 13252 13253 13254
f 13255 13256 13257
f 13258 13259 13260
f 13261 13262 13263
f 13264 13265 13266
f 13267 13268 13269
f 13270 13271 13272
f 13273 13274 13275
f 13276 13277 13278
f 13279 13280 13281
f 13282 13283 13284
f 13285 13286 13287
f 13288 13289 13290
f 13291 13292 13293
f 13294 13295 13296
f 13297 13298 13299
f 13300 13301 13302
f 13303 13304 13305
f 13306 13307 13308
f 13309 13310 13311
f 13312 13313 13314
f 13315 13316 13317
f 13318 13319 13320
f 13321 13322 13323
f 13324 13325 13326
f 13327 13328 13329
f 13330 13331 13332
f 13333 13334 13335
f 13336 13337 13338
f 13339 13340 13341
f 13342 13343 13344
f 13345 13346 13347
f 13348 13349 13350
f 13351 13352 13353
f 13354 13355 13356
f 13357 13358 13359
f 13360 13361 13362
f 13363 13364 13365
f 13366 13367 13368
f 13369 13370 13371
f 13372 13373 13374
f 13375 13376 13377
f 13378 13379 13380
f 13381 13382 13383
f 13384 13385 13386
f 13387 13388 13389
f 13390 13391 13392
f 13393 13394 13395
f 13396 13397 13398
f 13399 13400 13401
f 13402 13403 13404
f 13405 13406 13407
f 13408 13409 13410
f 13411 13412 13413
f 13414 13415 13416
f 13417 13418 13419
f 13420 13421 13422
f 13423 13424 13425
f 13426 13427 13428
f 13429 13430 13431
f 13432 13433 13434
f 13435 13436 13437
f 13438 13439 13440
f 13441 13442 13443
f 13444 13445 13446
f 13447 13448 13449
f 13450 13451 13452
f 13453 13454 13455
f 13456 13457 13458
f 13459 13460 13461
f 13462 13463 13464
f 13465 13466 13467
f 13468 13469 13470
f 13471 13472 13473
f 13474 13475 13476
f 13477 13478 13479
f 13480 13481 13482
f 13483 13484 13485
f 13486 13487 13488
f 13489 13490 13491
f 13492 13493 13494
f 13495 13496 13497
f 13498 13499 13500
f 13501 13502 13503
f 13504 13505 13506
f 13507 13508 13509
f 13510 13511 13512
f 13513 13514 13515
f 13516 13517 13518
f 13519 13520 13521
f 13522 13523 13524
f 13525 13526 13527
f 13528 13529 13530
f 13531 13532 13533
f 13534 13535 13536
f 13537 13538 13539
f 13540 13541 13542
f 13543 13544 13545
f 13546 13547 13548
f 13549 13550 13551
f 13552 13553 13554
f 13555 13556 13557
f 13558 13559 13560
f 13561 13562 13563
f 13564 13565 13566
f 13567 13568 13569
f 13570 13571 13572
f 13573 13574 13575
f 13576 13577 13578
f 13579 13580 13581
f 13582 13583 13584
f 13585 13586 13587
f 13588 13589 13590
f 13591 13592 13593
f 13594 13595 13596
f 13597 13598 13599
f 13600 13601 13602
f 13603 13604 13605
f 13606 13607 13608
f 13609 13610 13611
f 13612 13613 13614
f 13615 13616 13617
f 13618 13619 13620
f 13621 13622 13623
f 13624 13625 13626
f 13627 13628 13629
f 13630 13631 13632
f 13633 13634 13635
f 13636 13637 13638
f 13639 13640 13641
f 13642 13643 13644
f 13645 13646 13647
f 13648 13649 13650
f 13651 13652 13653
f 13654 13655 13656
f 13657 13658 13659
f 13660 13661 13662
f 13663 13664 13665
f 13666 13667 13668
f 13669 13670 13671
f 13672 13673 13674
f 13675 13676 13677
f 13678 13679 13680
f 13681 13682 13683
f 13684 13685 13686
f 13687 13688 13689
f 13690 13691 13692
f 13693 13694 13695
f 13696 13697 13698
f 13699 13700 13701
f 13702 13703 13704
f 13705 13706 13707
f 13708 13709 13710
f 13711 13712 13713
f 13714 13715 13716
f 13717 13718 13719
f 13720 13721 13722
f 13723 13724 13725
f 13726 13727 13728
f 13729 13730 13731
f 13732 13733 13734
f 13735 13736 13737
f 13738 13739 13740
f 13741 13742 13743
f 13744 13745 13746
f 13747 13748 13749
f 13750 13751 13752
f 13753 13754 13755
f 13756 13757 13758
f 13759 13760 13761
f 13762 13763 13764
f 13765 13766 13767
f 13768 13769 13770
f 13771 13772 13773
f 13774 13775 13776
f 13777 13778 13779
f 13780 13781 13782
f 13783 13784 13785
f 13786 13787 13788
f 13789 13790 13791
f 13792 13793 13794
f 13795 13796 13797
f 13798 13799 13800
f 13801 13802 13803
f 13804 13805 13806
f 13807 13808 13809
f 13810 13811 13812
f 13813 13814 13815
f 13816 13817 13818
f 13819 13820 13821
f 13822 13823 13824
f 13825 13826 13827
f 13828 13829 13830
f 13831 13832 13833
f 13834 13835 13836
f 13837 13838 13839
f 13840 13841 13842
f 13843 13844 13845
f 13846 13847 13848
f 13849 13850 13851
f 13852 13853 13854
f 13855 13856 13857
f 13858 13859 13860
f 13861 13862 13863
f 13864 13865 13866
f 13867 13868 13869
f 13870 13871 13872
f 13873 13874 13875
f 13876 13877 13878
f 13879 13880 13881
f 13882 13883 13884
f 13885 13886 13887
f 13888 13889 13890
f 13891 13892 13893
f 13894 13895 13896
f 13897 13898 13899
f 13900 13901 13902
f 13903 13904 13905
f 13906 13907 13908
f 13909 13910 13911
f 13912 13913 13914
f 13915 13916 13917
f 13918 13919 13920
f 13921 13922 13923
f 13924 13925 13926
f 13927 13928 13929
f 13930 13931 13932
f 13933 13934 13935
f 13936 13937 13938
f 13939 13940 13941
f 13942 13943 13944
f 13945 13946 13947
f 13948 13949 13950
f 13951 13952 13953
f 13954 13955 13956
f 13957 13958 13959
f 13960 13961 13962
f 13963 13964 13965
f 13966 13967 13968
f 13969 13970 13971
f 13972 13973 13974
f 13975 13976 13977
f 13978 13979 13980
f 13981 13982 13983
f 13984 13985 13986
f 13987 13988 13989
f 13990 13991 13992
f 13993 13994 13995
f 13996 13997 13998
f 13999 14000 14001
f 14002 14003 14004
f 14005 14006 14007
f 14008 14009 14010
f 14011 14012 14013
f 14014 14015 14016
f 14017 14018 14019
f 14020 14021 14022
f 14023 14024 14025
f 14026 14027 14028
f 14029 14030 14031
f 14032 14033 14034
f 14035 14036 14037
f 14038 14039 14040
f 14041 14042 14043
f 14044 14045 14046
f 14047 14048 14049
f 14050 14051 14052
f 14053 14054 14055
f 14056 14057 14058
f 14059 14060 14061
f 14062 14063 14064
f 14065 14066 14067
f 14068 14069 14070
f 14071 14072 14073
f 14074 14075 14076
f 14077 14078 14079
f 14080 14081 14082
f 14083 14084 14085
f 14086 14087 14088
f 14089 14090 14091
f 14092 14093 14094
f 14095 14096 14097
f 14098 14099 14100
f 14101 14102 14103
f 14104 14105 14106
f 14107 14108 14109
f 14110 14111 14112
f 14113 14114 14115
f 14116 14117 14118
f 14119 14120 14121
f 14122 14123 14124
f 14125 14126 14127
f 14128 14129 14130
f 14131 14132 14133
f 14134 14135 14136
f 14137 14138 14139
f 14140 14141 14142
f 14143 14144 14145
f 14146 14147 14148
f 14149 14150 14151
f 14152 14153 14154
f 14155 14156 14157
f 14158 14159 14160
f 14161 14162 14163
f 14164 14165 14166
f 14167 14168 14169
f 14170 14171 14172
f 14173 14174 14175
f 14176 14177 14178
f 14179 14180 14181
f 14182 14183 14184
f 14185 14186 14187
f 14188 14189 14190
f 14191 14192 14193
f 14194 14195 14196
f 14197 14198 14199
f 14200 14201 14202
f 14203 14204 14205
f 14206 14207 14208
f 14209 14210 14211
f 14212 14213 14214
f 14215 14216 14217
f 14218 14219 14220
f 14221 14222 14223
f 14224 14225 14226
f 14227 14228 14229
f 14230 14231 14232
f 14233 14234 14235
f 14236 14237 14238
f 14239 14240 14241
f 14242 14243 14244
f 14245 14246 14247
f 14248 14249 14250
f 14251 14252 14253
f 14254 14255 14256
f 14257 14258 14259
f 14260 14261 14262
f 14263 14264 14265
f 14266 14267 14268
f 14269 14270 14271
f 14272 14273 14274
f 14275 14276 14277
f 14278 14279 14280
f 14281 14282 14283
f 14284 14285 14286
f 14287 14288 14289
f 14290 14291 14292
f 14293 14294 14295
f 14296 14297 14298
f 14299 14300 14301
f 14302 14303 14304
f 14305 14306 14307
f 14308 14309 14310
f 14311 14312 14313
f 14314 14315 14316
f 14317 14318 14319
f 14320 14321 14322
f 14323 14324 14325
f 14326 14327 14328
f 14329 14330 14331
f 14332 14333 14334
f 14335 14336 14337
f 14338 14339 14340
f 14341 14342 14343
f 14344 14345 14346
f 14347 14348 14349
f 14350 14351 14352
f 14353 14354 14355
f 14356 14357 14358
f 14359 14360 14361
f 14362 14363 14364
f 14365 14366 14367
f 14368 14369 14370
f 14371 14372 14373
f 14374 14375 14376
f 14377 14378 14379
f 14380 14381 14382
f 14383 14384 14385
f 14386 14387 14388
f 14389 14390 14391
f 14392 14393 14394
f 14395 14396 14397
f 14398 14399 14400
f 14401 14402 14403
f 14404 14405 14406
f 14407 14408 14409
f 14410 14411 14412
f 14413 14414 14415
f 14416 14417 14418
f 14419 14420 14421
f 14422 14423 14424
f 14425 14426 14427
f 14428 14429 14430
f 14431 14432 14433
f 14434 14435 14436
f 14437 14438 14439
f 14440 14441 14442
f 14443 14444 14445
f 14446 14447 14448
f 14449 14450 14451
f 14452 14453 14454
f 14455 14456 14457
f 14458 14459 14460
f 14461 14462 14463
f 14464 14465 14466
f 14467 14468 14469
f 14470 14471 14472
f 14473 14474 14475
f 14476 14477 14478
f 14479 14480 14481
f 14482 14483 14484
f 14485 14486 14487
f 14488 14489 14490
f 14491 14492 14493
f 14494 14495 14496
f 14497 14498 14499
f 14500 14501 14502
f 14503 14504 14505
f 14506 14507 14508
f 14509 14510 14511
f 14512 14513 14514
f 14515 14516 14517
f 14518 14519 14520
f 14521 14522 14523
f 14524 14525 14526
f 14527 14528 14529
f 14530 14531 14532
f 14533 14534 14535
f 14536 14537 14538
f 14539 14540 14541
f 14542 14543 14544
f 14545 14546 14547
f 14548 14549 14550
f 14551 14552 14553
f 14554 14555 14556
f 14557 14558 14559
f 14560 14561 14562
f 14563 14564 14565
f 14566 14567 14568
f 14569 14570 14571
f 14572 14573 14574
f 14575 14576 14577
f 14578 14579 14580
f 14581 14582 14583
f 14584 14585 14586
f 14587 14588 14589
f 14590 14591 14592
f 14593 14594 14595
f 14596 14597 14598
f 14599 14600 14601
f 14602 14603 14604
f 14605 14606 14607
f 14608 14609 14610
f 14611 14612 14613
f 14614 14615 14616
f 14617 14618 14619
f 14620 14621 14622
f 14623 14624 14625
f 14626 14627 14628
f 14629 14630 14631
f 14632 14633 14634
f 14635 14636 14637
f 14638 14639 14640
f 14641 14642 14643
f 14644 14645 14646
f 14647 14648 14649
f 14650 14651 14652
f 14653 14654 14655
f 14656 14657 14658
f 14659 14660 14661
f 14662 14663 14664
f 14665 14666 14667
f 14668 14669 14670
f 14671 14672 14673
f 14674 14675 14676
f 14677 14678 14679
f 14680 14681 14682
f 14683 14684 14685
f 14686 14687 14688
f 14689 14690 14691
f 14692 14693 14694
f 14695 14696 14697
f 14698 14699 14700
f 14701 14702 14703
f 14704 14705 14706
f 14707 14708 14709
f 14710 14711 14712
f 14713 14714 14715
f 14716 14717 14718
f 14719 14720 14721
f 14722 14723 14724
f 14725 14726 14727
f 14728 14729 14730
f 14731 14732 14733
f 14734 14735 14736
f 14737 14738 14739
f 14740 14741 14742
f 14743 14744 14745
f 14746 14747 14748
f 14749 14750 14751
f 14752 14753 14754
f 14755 14756 14757
f 14758 14759 14760
f 14761 14762 14763
f 14764 14765 14766
f 14767 14768 14769
f 14770 14771 14772
f 14773 14774 14775
f 14776 14777 14778
f 14779 14780 14781
f 14782 14783 14784
f 14785 14786 14787
f 14788 14789 14790
f 14791 14792 14793
f 14794 14795 14796
f 14797 14798 14799
f 14800 14801 14802
f 14803 14804 14805
f 14806 14807 14808
f 14809 14810 14811
f 14812 14813 14814
f 14815 14816 14817
f 14818 14819 14820
f 14821 14822 14823
f 14824 14825 14826
f 14827 14828 14829
f 14830 14831 14832
f 14833 14834 14835
f 14836 14837 14838
f 14839 14840 14841
f 14842 14843 14844
f 14845 14846 14847
f 14848 14849 14850
f 14851 14852 14853
f 14854 14855 14856
f 14857 14858 14859
f 14860 14861 14862
f 14863 14864 14865
f 14866 14867 14868
f 14869 14870 14871
f 14872 14873 14874
f 14875 14876 14877
f 14878 14879 14880
f 14881 14882 14883
f 14884 14885 14886
f 14887 14888 14889
f 14890 14891 14892
f 14893 14894 14895
f 14896 14897 14898
f 14899 14900 14901
f 14902 14903 14904
f 14905 14906 14907
f 14908 14909 14910
f 14911 14912 14913
f 14914 14915 14916
f 14917 14918 14919
f 14920 14921 14922
f 14923 14924 14925
f 14926 14927 14928
f 14929 14930 14931
f 14932 14933 14934
f 14935 14936 14937
f 14938 14939 14940
f 14941 14942 14943
f 14944 14945 14946
f 14947 14948 14949
f 14950 14951 14952
f 14953 14954 14955
f 14956 14957 14958
f 14959 14960 14961
f 14962 14963 14964
f 14965 14966 14967
f 14968 14969 14970
f 14971 14972 14973
f 14974 14975 14976
f 14977 14978 14979
f 14980 14981 14982
f 14983 14984 14985
f 14986 14987 14988
f 14989 14990 14991
f 14992 14993 14994
f 14995 14996 14997
f 14998 14999 15000
f 15001 15002 15003
f 15004 15005 15006
f 15007 15008 15009
f 15010 15011 15012
f 15013 15014 15015
f 15016 15017 15018
f 15019 15020 15021
f 15022 15023 15024
f 15025 15026 15027
f 15028 15029 15030
f 15031 15032 15033
f 15034 15035 15036
f 15037 15038 15039
f 15040 15041 15042
f 15043 15044 15045
f 15046 15047 15048
f 15049 15050 15051
f 15052 15053 15054
f 15055 15056 15057
f 15058 15059 15060
f 15061 15062 15063
f 15064 15065 15066
f 15067 15068 15069
f 15070 15071 15072
f 15073 15074 15075
f 15076 15077 15078
f 15079 15080 15081
f 15082 15083 15084
f 15085 15086 15087
f 15088 15089 15090
f 15091 15092 15093
f 15094 15095 15096
f 15097 15098 15099
f 15100 15101 15102
f 15103 15104 15105
f 15106 15107 15108
f 15109 15110 15111
f 15112 15113 15114
f 15115 15116 15117
f 15118 15119 15120
f 15121 15122 15123
f 15124 15125 15126
f 15127 15128 15129
f 15130 15131 15132
f 15133 15134 15135
f 15136 15137 15138
f 15139 15140 15141
f 15142 15143 15144
f 15145 15146 15147
f 15148 15149 15150
f 15151 15152 15153
f 15154 15155 15156
f 15157 15158 15159
f 15160 15161 15162
f 15163 15164 15165
f 15166 15167 15168
f 15169 15170 15171
f 15172 15173 15174
f 15175 15176 15177
f 15178 15179 15180
f 15181 15182 15183
f 15184 15185 15186
f 15187 15188 15189
f 15190 15191 15192
f 15193 15194 15195
f 15196 15197 15198
f 15199 15200 15201
f 15202 15203 15204
f 15205 15206 15207
f 15208 15209 15210
f 15211 15212 15213
f 15214 15215 15216
f 15217 15218 15219
f 15220 15221 15222
f 15223 15224 15225
f 15226 15227 15228
f 15229 15230 15231
f 15232 15233 15234
f 15235 15236 15237
f 15238 15239 15240
f 15241 15242 15243
f 15244 15245 15246
f 15247 15248 15249
f 15250 15251 15252
f 15253 15254 15255
f 15256 15257 15258
f 15259 15260 15261
f 15262 15263 15264
f 15265 15266 15267
f 15268 15269 15270
f 15271 15272 15273
f 15274 15275 15276
f 15277 15278 15279
f 15280 15281 15282
f 15283 15284 15285
f 15286 15287 15288
f 15289 15290 15291
f 15292 15293 15294
f 15295 15296 15297
f 15298 15299 15300
f 15301 15302 15303
f 15304 15305 15306
f 15307 15308 15309
f 15310 15311 15312
f 15313 15314 15315
f 15316 15317 15318
f 15319 15320 15321
f 15322 15323 15324
f 15325 15326 15327
f 15328 15329 15330
f 15331 15332 15333
f 15334 15335 15336
f 15337 15338 15339
f 15340 15341 15342
f 15343 15344 15345
f 15346 15347 15348
f 15349 15350 15351
f 15352 15353 15354
f 15355 15356 15357
f 15358 15359 15360
f 15361 15362 15363
f 15364 15365 15366
f 15367 15368 15369
f 15370 15371 15372
f 15373 15374 15375
f 15376 15377 15378
f 15379 15380 15381
f 15382 15383 15384
f 15385 15386 15387
f 15388 15389 15390
f 15391 15392 15393
f 15394 15395 15396
f 15397 15398 15399
f 15400 15401 15402
f 15403 15404 15405
f 15406 15407 15408
f 15409 15410 15411
f 15412 15413 15414
f 15415 15416 15417
f 15418 15419 15420
f 15421 15422 15423
f 15424 15425 15426
f 15427 15428 15429
f 15430 15431 15432
f 15433 15434 15435
f 15436 15437 15438
f 15439 15440 15441
f 15442 15443 15444
f 15445 15446 15447
f 15448 15449 15450
f 15451 15452 15453
f 15454 15455 15456
f 15457 15458 15459
f 15460 15461 15462
f 15463 15464 15465
f 15466 15467 15468
f 15469 15470 15471
f 15472 15473 15474
f 15475 15476 15477
f 15478 15479 15480
f 15481 15482 15483
f 15484 15485 15486
f 15487 15488 15489
f 15490 15491 15492
f 15493 15494 15495
f 15496 15497 15498
f 15499 15500 15501
f 15502 15503 15504
f 15505 15506 15507
f 15508 15509 15510
f 15511 15512 15513
f 15514 15515 15516
f 15517 15518 15519
f 15520 15521 15522
f 15523 15524 15525
f 15526 15527 15528
f 15529 15530 15531
f 15532 15533 15534
f 15535 15536 15537
f 15538 15539 15540
f 15541 15542 15543
f 15544 15545 15546
f 15547 15548 15549
f 15550 15551 15552
f 15553 15554 15555
f 15556 15557 15558
f 15559 15560 15561
f 15562 15563 15564
f 15565 15566 15567
f 15568 15569 15570
f 15571 15572 15573
f 15574 15575 15576
f 15577 15578 15579
f 15580 15581 15582
f 15583 15584 15585
f 15586 15587 15588
f 15589 15590 15591
f 15592 15593 15594
f 15595 15596 15597
f 15598 15599 15600
f 15601 15602 15603
f 15604 15605 15606
f 15607 15608 15609
f 15610 15611 15612
f 15613 15614 15615
f 15616 15617 15618
f 15619 15620 15621
f 15622 15623 15624
f 15625 15626 15627
f 15628 15629 15630
f 15631 15632 15633
f 15634 15635 15636
f 15637 15638 15639
f 15640 15641 15642
f 15643 15644 15645
f 15646 15647 15648
f 15649 15650 15651
f 15652 15653 15654
f 15655 15656 15657
f 15658 15659 15660
f 15661 15662 15663
f 15664 15665 15666
f 15667 15668 15669
f 15670 15671 15672
f 15673 15674 15675
f 15676 15677 15678
f 15679 15680 15681
f 15682 15683 15684
f 15685 15686 15687
f 15688 15689 15690
f 15691 15692 15693
f 15694 15695 15696
f 15697 15698 15699
f 15700 15701 15702
f 15703 15704 15705
f 15706 15707 15708
f 15709 15710 15711
f 15712 15713 15714
f 15715 15716 15717
f 15718 15719 15720
f 15721 15722 15723
f 15724 15725 15726
f 15727 15728 15729
f 15730 15731 15732
f 15733 15734 15735
f 15736 15737 15738
f 15739 15740 15741
f 15742 15743 15744
f 15745 15746 15747
f 15748 15749 15750
f 15751 15752 15753
f 15754 15755 15756
f 15757 15758 15759
f 15760 15761 15762
f 15763 15764 15765
f 15766 15767 15768
f 15769 15770 15771
f 15772 15773 15774
f 15775 15776 15777
f 15778 15779 15780
f 15781 15782 15783
f 15784 15785 15786
f 15787 15788 15789
f 15790 15791 15792
f 15793 15794 15795
f 15796 15797 15798
f 15799 15800 15801
f 15802 15803 15804
f 15805 15806 15807
f 15808 15809 15810
f 15811 15812 15813
f 15814 15815 15816
f 15817 15818 15819
f 15820 15821 15822
f 15823 15824 15825
f 15826 15827 15828
f 15829 15830 15831
f 15832 15833 15834
f 15835 15836 15837
f 15838 15839 15840
f 15841 15842 15843
f 15844 15845 15846
f 15847 15848 15849
f 15850 15851 15852
f 15853 15854 15855
f 15856 15857 15858
f 15859 15860 15861
f 15862 15863 15864
f 15865 15866 15867
f 15868 15869 15870
f 15871 15872 15873
f 15874 15875 15876
f 15877 15878 15879
f 15880 15881 15882
f 15883 15884 15885
f 15886 15887 15888
f 15889 15890 15891
f 15892 15893 15894
f 15895 15896 15897
f 15898 15899 15900
f 15901 15902 15903
f 15904 15905 15906
f 15907 15908 15909
f 15910 15911 15912
f 15913 15914 15915
f 15916 15917 15918
f 15919 15920 15921
f 15922 15923 15924
f 15925 15926 15927
f 15928 15929 15930
f 15931 15932 15933
f 15934 15935 15936
f 15937 15938 15939
f 15940 15941 15942
f 15943 15944 15945
f 15946 15947 15948
f 15949 15950 15951
f 15952 15953 15954
f 15955 15956 15957
f 15958 15959 15960
f 15961 15962 15963
f 15964 15965 15966
f 15967 15968 15969
f 15970 15971 15972
f 15973 15974 15975
f 15976 15977 15978
f 15979 15980 15981
f 15982 15983 15984
f 15985 15986 15987
f 15988 15989 15990
f 15991 15992 15993
f 15994 15995 15996
f 15997 15998 15999
f 16000 16001 16002
f 16003 16004 16005
f 16006 16007 16008
f 16009 16010 16011
f 16012 16013 16014
f 16015 16016 16017
f 16018 16019 16020
f 16021 16022 16023
f 16024 16025 16026
f 16027 16028 16029
f 16030 16031 16032
f 16033 16034 16035
f 16036 16037 16038
f 16039 16040 16041
f 16042 16043 16044
f 16045 16046 16047
f 16048 16049 16050
f 16051 16052 16053
f 16054 16055 16056
f 16057 16058 16059
f 16060 16061 16062
f 16063 16064 16065
f 16066 16067 16068
f 16069 16070 16071
f 16072 16073 16074
f 16075 16076 16077
f 16078 16079 16080
f 16081 16082 16083
f 16084 16085 16086
f 16087 16088 16089
f 16090 16091 16092
f 16093 16094 16095
f 16096 16097 16098
f 16099 16100 16101
f 16102 16103 16104
f 16105 16106 16107
f 16108 16109 16110
f 16111 16112 16113
f 16114 16115 16116
f 16117 16118 16119
f 16120 16121 16122
f 16123 16124 16125
f 16126 16127 16128
f 16129 16130 16131
f 16132 16133 16134
f 16135 16136 16137
f 16138 16139 16140
f 16141 16142 16143
f 16144 16145 16146
f 16147 16148 16149
f 16150 16151 16152
f 16153 16154 16155
f 16156 16157 16158
f 16159 16160 16161
f 16162 16163 16164
f 16165 16166 16167
f 16168 16169 16170
f 16171 16172 16173
f 16174 16175 16176
f 16177 16178 16179
f 16180 16181 16182
f 16183 16184 16185
f 16186 16187 16188
f 16189 16190 16191
f 16192 16193 16194
f 16195 16196 16197
f 16198 16199 16200
f 16201 16202 16203
f 16204 16205 16206
f 16207 16208 16209
f 16210 16211 16212
f 16213 16214 16215
f 16216 16217 16218
f 16219 16220 16221
f 16222 16223 16224
f 16225 16226 16227
f 16228 16229 16230
f 16231 16232 16233
f 16234 16235 16236
f 16237 16238 16239
f 16240 16241 16242
f 16243 16244 16245
f 16246 16247 16248
f 16249 16250 16251
f 16252 16253 16254
f 16255 16256 16257
f 16258 16259 16260
f 16261 16262 16263
f 16264 16265 16266
f 16267 16268 16269
f 16270 16271 16272
f 16273 16274 16275
f 16276 16277 16278
f 16279 16280 16281
f 16282 16283 16284
f 16285 16286 16287
f 16288 16289 16290
f 16291 16292 16293
f 16294 16295 16296
f 16297 16298 16299
f 16300 16301 16302
f 16303 16304 16305
f 16306 16307 16308
f 16309 16310 16311
f 16312 16313 16314
f 16315 16316 16317
f 16318 16319 16320
f 16321 16322 16323
f 16324 16325 16326
f 16327 16328 16329
f 16330 16331 16332
f 16333 16334 16335
f 16336 16337 16338
f 16339 16340 16341
f 16342 16343 16344
f 16345 16346 16347
f 16348 16349 16350
f 16351 16352 16353
f 16354 16355 16356
f 16357 16358 16359
f 16360 16361 16362
f 16363 16364 16365
f 16366 16367 16368
f 16369 16370 16371
f 16372 16373 16374
f 16375 16376 16377
f 16378 16379 16380
f 16381 16382 16383
f 16384 16385 16386
f 16387 16388 16389
f 16390 16391 16392
f 16393 16394 16395
f 16396 16397 16398
f 16399 16400 16401
f 16402 16403 16404
f 16405 16406 16407
f 16408 16409 16410
f 16411 16412 16413
f 16414 16415 16416
f 16417 16418 16419
f 16420 16421 16422
f 16423 16424 16425
f 16426 16427 16428
f 16429 16430 16431
f 16432 16433 16434
f 16435 16436 16437
f 16438 16439 16440
f 16441 16442 16443
f 16444 16445 16446
f 16447 16448 16449
f 16450 16451 16452
f 16453 16454 16455
f 16456 16457 16458
f 16459 16460 16461
f 16462 16463 16464
f 16465 16466 16467
f 16468 16469 16470
f 16471 16472 16473
f 16474 16475 16476
f 16477 16478 16479
f 16480 16481 16482
f 16483 16484 16485
f 16486 16487 16488
f 16489 16490 16491
f 16492 16493 16494
f 16495 16496 16497
f 16498 16499 16500
f 16501 16502 16503
f 16504 16505 16506
f 16507 16508 16509
f 16510 16511 16512
f 16513 16514 16515
f 16516 16517 16518
f 16519 16520 16521
f 16522 16523 16524
f 16525 16526 16527
f 16528 16529 16530
f 16531 16532 16533
f 16534 16535 16536
f 16537 16538 16539
f 16540 16541 16542
f 16543 16544 16545
f 16546 16547 16548
f 16549 16550 16551
f 16552 16553 16554
f 16555 16556 16557
f 16558 16559 16560
f 16561 16562 16563
f 16564 16565 16566
f 16567 16568 16569
f 16570 16571 16572
f 16573 16574 16575
f 16576 16577 16578
f 16579 16580 16581
f 16582 16583 16584
f 16585 16586 16587
f 16588 16589 16590
f 16591 16592 16593
f 16594 16595 16596
f 16597 16598 16599
f 16600 16601 16602
f 16603 16604 16605
f 16606 16607 16608
f 16609 16610 16611
f 16612 16613 16614
f 16615 16616 16617
f 16618 16619 16620
f 16621 16622 16623
f 16624 16625 16626
f 16627 16628 16629
f 16630 16631 16632
f 16633 16634 16635
f 16636 16637 16638
f 16639 16640 16641
f 16642 16643 16644
f 16645 16646 16647
f 16648 16649 16650
f 16651 16652 16653
f 16654 16655 16656
f 16657 16658 16659
f 16660 16661 16662
f 16663 16664 16665
f 16666 16667 16668
f 16669 16670 16671
f 16672 16673 16674
f 16675 16676 16677
f 16678 16679 16680
f 16681 16682 16683
f 16684 16685 16686
f 16687 16688 16689
f 16690 16691 16692
f 16693 16694 16695
f 16696 16697 16698
f 16699 16700 16701
f 16702 16703 16704
f 16705 16706 16707
f 16708 16709 16710
f 16711 16712 16713
f 16714 16715 16716
f 16717 16718 16719
f 16720 16721 16722
f 16723 16724 16725
f 16726 16727 16728
f 16729 16730 16731
f 16732 16733 16734
f 16735 16736 16737
f 16738 16739 16740
f 16741 16742 16743
f 16744 16745 16746
f 16747 16748 16749
f 16750 16751 16752
f 16753 16754 16755
f 16756 16757 16758
f 16759 16760 16761
f 16762 16763 16764
f 16765 16766 16767
f 16768 16769 16770
f 16771 16772 16773
f 16774 16775 16776
f 16777 16778 16779
f 16780 16781 16782
f 16783 16784 16785
f 16786 16787 16788
f 16789 16790 16791
f 16792 16793 16794
f 16795 16796 16797
f 16798 16799 16800
f 16801 16802 16803
f 16804 16805 16806
f 16807 16808 16809
f 16810 16811 16812
f 16813 16814 16815
f 16816 16817 16818
f 16819 16820 16821
f 16822 16823 16824
f 16825 16826 16827
f 16828 16829 16830
f 16831 16832 16833
f 16834 16835 16836
f 16837 16838 16839
f 16840 16841 16842
f 16843 16844 16845
f 16846 16847 16848
f 16849 16850 16851
f 16852 16853 16854
f 16855 16856 16857
f 16858 16859 16860
f 16861 16862 16863
f 16864 16865 16866
f 16867 16868 16869
f 16870 16871 16872
f 16873 16874 16875
f 16876 16877 16878
f 16879 16880 16881
f 16882 16883 16884
f 16885 16886 16887
f 16888 16889 16890
f 16891 16892 16893
f 16894 16895 16896
f 16897 16898 16899
f 16900 16901 16902
f 16903 16904 16905
f 16906 16907 16908
f 16909 16910 16911
f 16912 16913 16914
f 16915 16916 16917
f 16918 16919 16920
f 16921 16922 16923
f 16924 16925 16926
f 16927 16928 16929
f 16930 16931 16932
f 16933 16934 16935
f 16936 16937 16938
f 16939 16940 16941
f 16942 16943 16944
f 16945 16946 16947
f 16948 16949 16950
f 16951 16952 16953
f 16954 16955 16956
f 16957 16958 16959
f 16960 16961 16962
f 16963 16964 16965
f 16966 16967 16968
f 16969 16970 16971
f 16972 16973 16974
f 16975 16976 16977
f 16978 16979 16980
f 16981 16982 16983
f 16984 16985 16986
f 16987 16988 16989
f 16990 16991 16992
f 16993 16994 16995
f 16996 16997 16998
f 16999 17000 17001
f 17002 17003 17004
f 17005 17006 17007
f 17008 17009 17010
f 17011 17012 17013
f 17014 17015 17016
f 17017 17018 17019
f 17020 17021 17022
f 17023 17024 17025
f 17026 17027 17028
f 17029 17030 17031
f 17032 17033 17034
f 17035 17036 17037
f 17038 17039 17040
f 17041 17042 17043
f 17044 17045 17046
f 17047 17048 17049
f 17050 17051 17052
f 17053 17054 17055
f 17056 17057 17058
f 17059 17060 17061
f 17062 17063 17064
f 17065 17066 17067
f 17068 17069 17070
f 17071 17072 17073
f 17074 17075 17076
f 17077 17078 17079
f 17080 17081 17082
f 17083 17084 17085
f 17086 17087 17088
f 17089 17090 17091
f 17092 17093 17094
f 17095 17096 17097
f 17098 17099 17100
f 17101 17102 17103
f 17104 17105 17106
f 17107 17108 17109
f 17110 17111 17112
f 17113 17114 17115
f 17116 17117 17118
f 17119 17120 17121
f 17122 17123 17124
f 17125 17126 17127
f 17128 17129 17130
f 17131 17132 17133
f 17134 17135 17136
f 17137 17138 17139
f 17140 17141 17142
f 17143 17144 17145
f 17146 17147 17148
f 17149 17150 17151
f 17152 17153 17154
f 17155 17156 17157
f 17158 17159 17160
f 17161 17162 17163
f 17164 17165 17166
f 17167 17168 17169
f 17170 17171 17172
f 17173 17174 17175
f 17176 17177 17178
f 17179 17180 17181
f 17182 17183 17184
f 17185 17186 17187
f 17188 17189 17190
f 17191 17192 17193
f 17194 17195 17196
f 17197 17198 17199
f 17200 17201 17202
f 17203 17204 17205
f 17206 17207 17208
f 17209 17210 17211
f 17212 17213 17214
f 17215 17216 17217
f 17218 17219 17220
f 17221 17222 17223
f 17224 17225 17226
f 17227 17228 17229
f 17230 17231 17232
f 17233 17234 17235
f 17236 17237 17238
f 17239 17240 17241
f 17242 17243 17244
f 17245 17246 17247
f 17248 17249 17250
f 17251 17252 17253
f 17254 17255 17256
f 17257 17258 17259
f 17260 17261 17262
f 17263 17264 17265
f 17266 17267 17268
f 17269 17270 17271
f 17272 17273 17274
f 17275 17276 17277
f 17278 17279 17280
f 17281 17282 17283
f 17284 17285 17286
f 17287 17288 17289
f 17290 17291 17292
f 17293 17294 17295
f 17296 17297 17298
f 17299 17300 17301
f 17302 17303 17304
f 17305 17306 17307
f 17308 17309 17310
f 17311 17312 17313
f 17314 17315 17316
f 17317 17318 17319
f 17320 17321 17322
f 17323 17324 17325
f 17326 17327 17328
f 17329 17330 17331
f 17332 17333 17334
f 17335 17336 17337
f 17338 17339 17340
f 17341 17342 17343
f 17344 17345 17346
f 17347 17348 17349
f 17350 17351 17352
f 17353 17354 17355
f 17356 17357 17358
f 17359 17360 17361
f 17362 17363 17364
f 17365 17366 17367
f 17368 17369 17370
f 17371 17372 17373
f 17374 17375 17376
f 17377 17378 17379
f 17380 17381 17382
f 17383 17384 17385
f 17386 17387 17388
f 17389 17390 17391
f 17392 17393 17394
f 17395 17396 17397
f 17398 17399 17400
f 17401 17402 17403
f 17404 17405 17406
f 17407 17408 17409
f 17410 17411 17412
f 17413 17414 17415
f 17416 17417 17418
f 17419 17420 17421
f 17422 17423 17424
f 17425 17426 17427
f 17428 17429 17430
f 17431 17432 17433
f 17434 17435 17436
f 17437 17438 17439
f 17440 17441 17442
f 17443 17444 17445
f 17446 17447 17448
f 17449 17450 17451
f 17452 17453 17454
f 17455 17456 17457
f 17458 17459 17460
f 17461 17462 17463
f 17464 17465 17466
f 17467 17468 17469
f 17470 17471 17472
f 17473 17474 17475
f 17476 17477 17478
f 17479 17480 17481
f 17482 17483 17484
f 17485 17486 17487
f 17488 17489 17490
f 17491 17492 17493
f 17494 17495 17496
f 17497 17498 17499
f 17500 17501 17502
f 17503 17504 17505
f 17506 17507 17508
f 17509 17510 17511
f 17512 17513 17514
f 17515 17516 17517
f 17518 17519 17520
f 17521 17522 17523
f 17524 17525 17526
f 17527 17528 17529
f 17530 17531 17532
f 17533 17534 17535
f 17536 17537 17538
f 17539 17540 17541
f 17542 17543 17544
f 17545 17546 17547
f 17548 17549 17550
f 17551 17552 17553
f 17554 17555 17556
f 17557 17558 17559
f 17560 17561 17562
f 17563 17564 17565
f 17566 17567 17568
f 17569 17570 17571
f 17572 17573 17574
f 17575 17576 17577
f 17578 17579 17580
f 17581 17582 17583
f 17584 17585 17586
f 17587 17588 17589
f 17590 17591 17592
f 17593 17594 17595
f 17596 17597 17598
f 17599 17600 17601
f 17602 17603 17604
f 17605 17606 17607
f 17608 17609 17610
f 17611 17612 17613
f 17614 17615 17616
f 17617 17618 17619
f 17620 17621 17622
f 17623 17624 17625
f 17626 17627 17628
f 17629 17630 17631
f 17632 17633 17634
f 17635 17636 17637
f 17638 17639 17640
f 17641 17642 17643
f 17644 17645 17646
f 17647 17648 17649
f 17650 17651 17652
f 17653 17654 17655
f 17656 17657 17658
f 17659 17660 17661
f 17662 17663 17664
f 17665 17666 17667
f 17668 17669 17670
f 17671 17672 17673
f 17674 17675 17676
f 17677 17678 17679
f 17680 17681 17682
f 17683 17684 17685
f 17686 17687 17688
f 17689 17690 17691
f 17692 17693 17694
f 17695 17696 17697
f 17698 17699 17700
f 17701 17702 17703
f 17704 17705 17706
f 17707 17708 17709
f 17710 17711 17712
f 17713 17714 17715
f 17716 17717 17718
f 17719 17720 17721
f 17722 17723 17724
f 17725 17726 17727
f 17728 17729 17730
f 17731 17732 17733
f 17734 17735 17736
f 17737 17738 17739
f 17740 17741 17742
f 17743 17744 17745
f 17746 17747 17748
f 17749 17750 17751
f 17752 17753 17754
f 17755 17756 17757
f 17758 17759 17760
f 17761 17762 17763
f 17764 17765 17766
f 17767 17768 17769
f 17770 17771 17772
f 17773 17774 17775
f 17776 17777 17778
f 17779 17780 17781
f 17782 17783 17784
f 17785 17786 17787
f 17788 17789 17790
f 17791 17792 17793
f 17794 17795 17796
f 17797 17798 17799
f 17800 17801 17802
f 17803 17804 17805
f 17806 17807 17808
f 17809 17810 17811
f 17812 17813 17814
f 17815 17816 17817
f 17818 17819 17820
f 17821 17822 17823
f 17824 17825 17826
f 17827 17828 17829
f 17830 17831 17832
f 17833 17834 17835
f 17836 17837 17838
f 17839 17840 17841
f 17842 17843 17844
f 17845 17846 17847
f 17848 17849 17850
f 17851 17852 17853
f 17854 17855 17856
f 17857 17858 17859
f 17860 17861 17862
f 17863 17864 17865
f 17866 17867 17868
f 17869 17870 17871
f 17872 17873 17874
f 17875 17876 17877
f 17878 17879 17880
f 17881 17882 17883
f 17884 17885 17886
f 17887 17888 17889
f 17890 17891 17892
f 17893 17894 17895
f 17896 17897 17898
f 17899 17900 17901
f 17902 17903 17904
f 17905 17906 17907
f 17908 17909 17910
f 17911 17912 17913
f 17914 17915 17916
f 17917 17918 17919
f 17920 17921 17922
f 17923 17924 17925
f 17926 17927 17928
f 17929 17930 17931
f 17932 17933 17934
f 17935 17936 17937
f 17938 17939 17940
f 17941 17942 17943
f 17944 17945 17946
f 17947 17948 17949
f 17950 17951 17952
f 17953 17954 17955
f 17956 17957 17958
f 17959 17960 17961
f 17962 17963 17964
f 17965 17966 17967
f 17968 17969 17970
f 17971 17972 17973
f 17974 17975 17976
f 17977 17978 17979
f 17980 17981 17982
f 17983 17984 17985
f 17986 17987 17988
f 17989 17990 17991
f 17992 17993 17994
f 17995 17996 17997
f 17998 17999 18000
f 18001 18002 18003
f 18004 18005 18006
f 18007 18008 18009
f 18010 18011 18012
f 18013 18014 18015
f 18016 18017 18018
f 18019 18020 18021
f 18022 18023 18024
f 18025 18026 18027
f 18028 18029 18030
f 18031 18032 18033
f 18034 18035 18036
f 18037 18038 18039
f 18040 18041 18042
f 18043 18044 18045
f 18046 18047 18048
f 18049 18050 18051
f 18052 18053 18054
f 18055 18056 18057
f 18058 18059 18060
f 18061 18062 18063
f 18064 18065 18066
f 18067 18068 18069
f 18070 18071 18072
f 18073 18074 18075
f 18076 18077 18078
f 18079 18080 18081
f 18082 18083 18084
f 18085 18086 18087
f 18088 18089 18090
f 18091 18092 18093
f 18094 18095 18096
f 18097 18098 18099
f 18100 18101 18102
f 18103 18104 18105
f 18106 18107 18108
f 18109 18110 18111
f 18112 18113 18114
f 18115 18116 18117
f 18118 18119 18120
f 18121 18122 18123
f 18124 18125 18126
f 18127 18128 18129
f 18130 18131 18132
f 18133 18134 18135
f 18136 18137 18138
f 18139 18140 18141
f 18142 18143 18144
f 18145 18146 18147
f 18148 18149 18150
f 18151 18152 18153
f 18154 18155 18156
f 18157 18158 18159
f 18160 18161 18162
f 18163 18164 18165
f 18166 18167 18168
f 18169 18170 18171
f 18172 18173 18174
f 18175 18176 18177
f 18178 18179 18180
f 18181 18182 18183
f 18184 18185 18186
f 18187 18188 18189
f 18190 18191 18192
f 18193 18194 18195
f 18196 18197 18198
f 18199 18200 18201
f 18202 18203 18204
f 18205 18206 18207
f 18208 18209 18210
f 18211 18212 18213
f 18214 18215 18216
f 18217 18218 18219
f 18220 18221 18222
f 18223 18224 18225
f 18226 18227 18228
f 18229 18230 18231
f 18232 18233 18234
f 18235 18236 18237
f 18238 18239 18240
f 18241 18242 18243
f 18244 18245 18246
f 18247 18248 18249
f 18250 18251 18252
f 18253 18254 18255
f 18256 18257 18258
f 18259 18260 18261
f 18262 18263 18264
f 18265 18266 18267
f 18268 18269 18270
f 18271 18272 18273
f 18274 18275 18276
f 18277 18278 18279
f 18280 18281 18282
f 18283 18284 18285
f 18286 18287 18288
f 18289 18290 18291
f 18292 18293 18294
f 18295 18296 18297
f 18298 18299 18300
f 18301 18302 18303
f 18304 18305 18306
f 18307 18308 18309
f 18310 18311 18312
f 18313 18314 18315
f 18316 18317 18318
f 18319 18320 18321
f 18322 18323 18324
f 18325 18326 18327
f 18328 18329 18330
f 18331 18332 18333
f 18334 18335 18336
f 18337 18338 18339
f 18340 18341 18342
f 18343 18344 18345
f 18346 18347 18348
f 18349 18350 18351
f 18352 18353 18354
f 18355 18356 18357
f 18358 18359 18360
f 18361 18362 18363
f 18364 18365 18366
f 18367 18368 18369
f 18370 18371 18372
f 18373 18374 18375
f 18376 18377 18378
f 18379 18380 18381
f 18382 18383 18384
f 18385 18386 18387
f 18388 18389 18390
f 18391 18392 18393
f 18394 18395 18396
f 18397 18398 18399
f 18400 18401 18402
f 18403 18404 18405
f 18406 18407 18408
f 18409 18410 18411
f 18412 18413 18414
f 18415 18416 18417
f 18418 18419 18420
f 18421 18422 18423
f 18424 18425 18426
f 18427 18428 18429
f 18430 18431 18432
f 18433 18434 18435
f 18436 18437 18438
f 18439 18440 18441
f 18442 18443 18444
f 18445 18446 18447
f 18448 18449 18450
f 18451 18452 18453
f 18454 18455 18456
f 18457 18458 18459
f 18460 18461 18462
f 18463 18464 18465
f 18466 18467 18468
f 18469 18470 18471
f 18472 18473 18474
f 18475 18476 18477
f 18478 18479 18480
f 18481 18482 18483
f 18484 18485 18486
f 18487 18488 18489
f 18490 18491 18492
f 18493 18494 18495
f 18496 18497 18498
f 18499 18500 18501
f 18502 18503 18504
f 18505 18506 18507
f 18508 18509 18510
f 18511 18512 18513
f 18514 18515 18516
f 18517 18518 18519
f 18520 18521 18522
f 18523 18524 18525
f 18526 18527 18528
f 18529 18530 18531
f 18532 18533 18534
f 18535 18536 18537
f 18538 18539 18540
f 18541 18542 18543
f 18544 18545 18546
f 18547 18548 18549
f 18550 18551 18552
f 18553 18554 18555
f 18556 18557 18558
f 18559 18560 18561
f 18562 18563 18564
f 18565 18566 18567
f 18568 18569 18570
f 18571 18572 18573
f 18574 18575 18576
f 18577 18578 18579
f 18580 18581 18582
f 18583 18584 18585
f 18586 18587 18588
f 18589 18590 18591
f 18592 18593 18594
f 18595 18596 18597
f 18598 18599 18600
f 18601 18602 18603
f 18604 18605 18606
f 18607 18608 18609
f 18610 18611 18612
f 18613 18614 18615
f 18616 18617 18618
f 18619 18620 18621
f 18622 18623 18624
f 18625 18626 18627
f 18628 18629 18630
f 18631 18632 18633
f 18634 18635 18636
f 18637 18638 18639
f 18640 18641 18642
f 18643 18644 18645
f 18646 18647 18648
f 18649 18650 18651
f 18652 18653 18654
f 18655 18656 18657
f 18658 18659 18660
f 18661 18662 18663
f 18664 18665 18666
f 18667 18668 18669
f 18670 18671 18672
f 18673 18674 18675
f 18676 18677 18678
f 18679 18680 18681
f 18682 18683 18684
f 18685 18686 18687
f 18688 18689 18690
f 18691 18692 18693
f 18694 18695 18696
f 18697 18698 18699
f 18700 18701 18702
f 18703 18704 18705
f 18706 18707 18708
f 18709 18710 18711
f 18712 18713 18714
f 18715 18716 18717
f 18718 18719 18720
f 18721 18722 18723
f 18724 18725 18726
f 18727 18728 18729
f 18730 18731 18732
f 18733 18734 18735
f 18736 18737 18738
f 18739 18740 18741
f 18742 18743 18744
f 18745 18746 18747
f 18748 18749 18750
f 18751 18752 18753
f 18754 18755 18756
f 18757 18758 18759
f 18760 18761 18762
f 18763 18764 18765
f 18766 18767 18768
f 18769 18770 18771
f 18772 18773 18774
f 18775 18776 18777
f 18778 18779 18780
f 18781 18782 18783
f 18784 18785 18786
f 18787 18788 18789
f 18790 18791 18792
f 18793 18794 18795
f 18796 18797 18798
# End of File
