####
#
# OBJ File Generated by Meshlab
#
####
# Object 20-0610-08-16_DS.obj
#
# Vertices: 2939
# Faces: 5874
#
####
mtllib ./20-0610-08-16_DS.obj.mtl

vn -0.094535 -0.220030 -0.970902
v 12.658976 -1.503460 436.747711 0.752941 0.752941 0.752941
vn 0.189550 -0.137066 -0.972257
v 12.773328 -1.251968 436.705750 0.752941 0.752941 0.752941
vn -0.568038 -0.492996 0.659006
v 31.015888 5.806979 460.454498 0.752941 0.752941 0.752941
vn 0.534499 0.300373 0.789992
v 31.991665 6.306329 460.506622 0.752941 0.752941 0.752941
vn 0.462610 -0.403295 -0.789523
v 12.761432 -1.788117 436.888245 0.752941 0.752941 0.752941
vn 0.152228 0.069561 -0.985895
v 12.977448 -0.500729 436.718872 0.752941 0.752941 0.752941
vn -0.499760 0.406738 0.764725
v 30.976334 6.416170 460.366089 0.752941 0.752941 0.752941
vn -0.319663 0.195489 -0.927146
v 12.701700 -0.443278 436.767090 0.752941 0.752941 0.752941
vn -0.027662 0.387193 -0.921584
v 12.892198 -0.259823 436.777466 0.752941 0.752941 0.752941
vn -0.192947 -0.144485 0.970513
v 31.153366 5.903403 460.605652 0.752941 0.752941 0.752941
vn 0.145860 -0.425827 -0.892970
v 12.513865 -2.139619 436.988220 0.752941 0.752941 0.752941
vn -0.529058 0.019150 -0.848370
v 12.458382 -1.132349 436.814667 0.752941 0.752941 0.752941
vn -0.416369 -0.205241 -0.885728
v 12.383291 -1.948714 436.930969 0.752941 0.752941 0.752941
vn 0.041092 0.642792 0.764938
v 31.600718 6.556739 460.470825 0.752941 0.752941 0.752941
vn -0.222389 0.722013 0.655165
v 31.214006 6.925858 459.903046 0.752941 0.752941 0.752941
vn -0.647769 0.317189 0.692666
v 30.697092 6.479248 460.105927 0.752941 0.752941 0.752941
vn 0.486658 0.133055 -0.863400
v 13.483809 -0.350144 437.012939 0.752941 0.752941 0.752941
vn 0.512809 -0.314281 0.798908
v 32.219284 5.908982 460.327484 0.752941 0.752941 0.752941
vn 0.151738 -0.417238 -0.896040
v 12.405313 -2.384801 437.084045 0.752941 0.752941 0.752941
vn 0.007795 0.619880 -0.784658
v 12.711472 0.270522 437.126862 0.752941 0.752941 0.752941
vn 0.092028 -0.646542 0.757307
v 31.435669 5.693079 460.409882 0.752941 0.752941 0.752941
vn -0.241695 0.417916 -0.875745
v 12.358556 0.299765 437.210541 0.752941 0.752941 0.752941
vn 0.300565 0.443707 -0.844266
v 13.359585 0.034356 437.064148 0.752941 0.752941 0.752941
vn -0.434683 -0.146337 -0.888615
v 12.216879 -2.397809 437.142700 0.752941 0.752941 0.752941
vn 0.444272 -0.511763 -0.735337
v 12.230218 -2.966073 437.324615 0.752941 0.752941 0.752941
vn 0.653334 -0.494395 -0.573348
v 12.799458 -2.123204 437.211884 0.752941 0.752941 0.752941
vn 0.652789 -0.303966 -0.693881
v 13.539257 -0.600662 437.081360 0.752941 0.752941 0.752941
vn -0.693059 -0.068203 0.717647
v 30.533623 6.260635 459.912750 0.752941 0.752941 0.752941
vn -0.474504 -0.102738 -0.874237
v 11.867906 -3.080003 437.379974 0.752941 0.752941 0.752941
vn -0.629051 0.133121 -0.765881
v 12.208424 -0.090693 437.172729 0.752941 0.752941 0.752941
vn 0.770420 -0.461479 -0.439875
v 13.553670 -1.315341 437.699341 0.752941 0.752941 0.752941
vn -0.111792 -0.864043 0.490848
v 31.614023 5.352332 459.946472 0.752941 0.752941 0.752941
vn 0.251548 -0.627284 0.737048
v 32.319439 5.412416 459.899292 0.752941 0.752941 0.752941
vn 0.435282 0.734234 0.520990
v 31.754614 6.733254 460.033661 0.752941 0.752941 0.752941
vn 0.754355 0.114381 0.646425
v 32.509754 5.996951 460.007172 0.752941 0.752941 0.752941
vn -0.519407 0.394050 0.758249
v 30.435898 6.540937 459.817047 0.752941 0.752941 0.752941
vn 0.615041 -0.122461 -0.778927
v 14.044513 -0.254212 437.390442 0.752941 0.752941 0.752941
vn 0.697197 -0.538358 -0.473379
v 12.495057 -2.839199 437.514801 0.752941 0.752941 0.752941
vn -0.143572 0.456634 -0.877993
v 12.209262 0.693423 437.412354 0.752941 0.752941 0.752941
vn -0.090014 0.481866 -0.871609
v 12.257612 0.578267 437.336304 0.752941 0.752941 0.752941
vn 0.605436 0.476906 0.637187
v 31.808052 6.958754 459.656738 0.752941 0.752941 0.752941
vn 0.765466 -0.436828 -0.472486
v 13.082033 -1.710691 437.273041 0.752941 0.752941 0.752941
vn 0.679753 0.535107 0.501595
v 32.649330 6.120001 459.353149 0.752941 0.752941 0.752941
vn 0.162971 -0.414210 -0.895472
v 12.025533 -3.202060 437.374298 0.752941 0.752941 0.752941
vn 0.182241 0.526935 -0.830137
v 13.518107 0.490843 437.413788 0.752941 0.752941 0.752941
vn 0.206538 0.535673 -0.818778
v 13.768763 0.684296 437.600281 0.752941 0.752941 0.752941
vn -0.535750 0.047492 -0.843040
v 11.888195 0.422490 437.459595 0.752941 0.752941 0.752941
vn 0.058693 0.577474 -0.814297
v 12.855709 0.546951 437.394653 0.752941 0.752941 0.752941
vn -0.505988 0.017785 0.862357
v 30.034082 6.400431 459.582794 0.752941 0.752941 0.752941
vn -0.574471 -0.210330 -0.791040
v 11.628693 -3.541987 437.573090 0.752941 0.752941 0.752941
vn 0.031378 -0.575234 -0.817387
v 11.815215 -3.673830 437.574738 0.752941 0.752941 0.752941
vn -0.855287 0.054780 -0.515251
v 12.090611 -1.793705 437.416077 0.752941 0.752941 0.752941
vn -0.566314 -0.277521 -0.776061
v 11.705853 0.202946 437.712585 0.752941 0.752941 0.752941
vn -0.346138 -0.116346 -0.930941
v 11.475161 0.689427 437.611633 0.752941 0.752941 0.752941
vn -0.289430 -0.877563 0.382249
v 31.440561 5.067764 459.095215 0.752941 0.752941 0.752941
vn 0.144091 0.595935 -0.789999
v 13.264042 0.921154 437.654327 0.752941 0.752941 0.752941
vn 0.049349 0.563423 0.824694
v 31.413773 7.092341 459.799683 0.752941 0.752941 0.752941
vn -0.014219 0.579781 -0.814648
v 11.779258 0.969008 437.642822 0.752941 0.752941 0.752941
vn 0.045947 0.655156 -0.754095
v 12.477714 0.856414 437.599335 0.752941 0.752941 0.752941
vn -0.629539 -0.231646 -0.741634
v 11.036195 0.761222 437.778229 0.752941 0.752941 0.752941
vn -0.014471 0.642962 -0.765761
v 12.934363 0.998021 437.669006 0.752941 0.752941 0.752941
vn 0.334856 0.276128 -0.900902
v 14.131116 0.375704 437.565765 0.752941 0.752941 0.752941
vn -0.359987 0.200253 -0.911212
v 11.217517 0.957528 437.659637 0.752941 0.752941 0.752941
vn -0.895154 0.042634 -0.443713
v 11.293167 -3.437226 438.005524 0.752941 0.752941 0.752941
vn 0.615145 -0.092540 -0.782964
v 14.319494 0.007303 437.564880 0.752941 0.752941 0.752941
vn 0.131327 0.568559 -0.812092
v 14.103914 0.825177 437.756165 0.752941 0.752941 0.752941
vn -0.441511 0.520144 -0.731108
v 10.936482 1.291063 437.967499 0.752941 0.752941 0.752941
vn 0.539831 -0.309551 0.782790
v 32.849255 5.179183 459.582245 0.752941 0.752941 0.752941
vn -0.195372 -0.856116 0.478431
v 31.884604 5.101028 459.488037 0.752941 0.752941 0.752941
vn -0.261640 -0.891268 0.370387
v 30.320288 5.585242 459.474060 0.752941 0.752941 0.752941
vn -0.454091 -0.645105 0.614524
v 30.503696 5.635332 459.703094 0.752941 0.752941 0.752941
vn 0.484063 0.073789 -0.871916
v 14.811432 0.578145 437.807312 0.752941 0.752941 0.752941
vn 0.616986 -0.564254 -0.548586
v 11.988960 -3.639505 437.717560 0.752941 0.752941 0.752941
vn -0.734855 -0.409642 -0.540538
v 11.431879 -3.867944 437.889984 0.752941 0.752941 0.752941
vn 0.095069 0.690126 -0.717418
v 14.130286 1.126876 438.050934 0.752941 0.752941 0.752941
vn -0.270865 0.443139 0.854552
v 30.861458 7.094032 459.585541 0.752941 0.752941 0.752941
vn 0.703318 -0.511464 -0.493709
v 13.956469 -0.660277 437.635376 0.752941 0.752941 0.752941
vn 0.155144 0.533649 -0.831354
v 14.543993 0.839728 437.814026 0.752941 0.752941 0.752941
vn -0.532747 -0.719638 -0.445311
v 11.527648 -4.378086 438.313995 0.752941 0.752941 0.752941
vn 0.655534 -0.290460 -0.697071
v 14.686378 0.220374 437.841949 0.752941 0.752941 0.752941
vn 0.028336 0.719937 -0.693460
v 11.926305 1.339672 437.990753 0.752941 0.752941 0.752941
vn 0.347992 0.453067 -0.820751
v 14.942553 1.071719 438.074799 0.752941 0.752941 0.752941
vn -0.470192 0.608427 -0.639325
v 10.823839 1.684054 438.386749 0.752941 0.752941 0.752941
vn 0.168871 0.662013 -0.730220
v 13.719936 1.009091 437.863129 0.752941 0.752941 0.752941
vn 0.014349 0.723282 -0.690404
v 12.588149 1.184556 437.938293 0.752941 0.752941 0.752941
vn -0.308839 -0.037524 0.950374
v 29.699486 6.874009 459.412354 0.752941 0.752941 0.752941
vn 0.688454 -0.237562 -0.685271
v 15.040399 0.565867 438.017761 0.752941 0.752941 0.752941
vn 0.035073 0.707550 -0.705792
v 13.122416 1.301864 437.975464 0.752941 0.752941 0.752941
vn 0.397333 -0.803594 -0.443129
v 11.783093 -4.502816 438.494110 0.752941 0.752941 0.752941
vn -0.793958 -0.140778 -0.591449
v 11.791644 -0.527030 437.779602 0.752941 0.752941 0.752941
vn -0.612906 -0.524764 -0.590736
v 11.170186 0.315646 437.952087 0.752941 0.752941 0.752941
vn -0.278791 0.211378 0.936800
v 30.136932 6.740198 459.534943 0.752941 0.752941 0.752941
vn -0.061161 0.314428 0.947309
v 31.259392 7.536053 459.558746 0.752941 0.752941 0.752941
vn -0.773257 -0.400669 -0.491466
v 11.581908 -0.053350 437.864136 0.752941 0.752941 0.752941
vn 0.766602 -0.514647 -0.384005
v 13.854959 -1.305809 438.360718 0.752941 0.752941 0.752941
vn 0.724043 -0.493390 -0.482004
v 14.416058 -0.327300 437.908600 0.752941 0.752941 0.752941
vn 0.009942 0.485385 0.874244
v 31.144577 8.283575 459.363312 0.752941 0.752941 0.752941
vn -0.042815 -0.179123 0.982895
v 27.753059 6.622774 459.475555 0.752941 0.752941 0.752941
vn 0.008090 0.406964 0.913409
v 25.717499 7.075098 459.408661 0.752941 0.752941 0.752941
vn -0.914026 -0.123960 -0.386252
v 11.332155 -1.193873 438.984314 0.752941 0.752941 0.752941
vn -0.736658 0.100129 -0.668812
v 10.882991 1.017219 437.932953 0.752941 0.752941 0.752941
vn -0.151110 -0.279148 0.948284
v 25.431225 6.814628 459.459259 0.752941 0.752941 0.752941
vn 0.756692 0.245440 0.605951
v 32.969807 5.578211 459.530487 0.752941 0.752941 0.752941
vn -0.341569 0.000903 0.939856
v 29.777554 6.326762 459.387848 0.752941 0.752941 0.752941
vn -0.288232 -0.579875 0.762015
v 29.811102 5.697943 459.408539 0.752941 0.752941 0.752941
vn 0.180424 0.648598 -0.739438
v 13.838317 1.503966 438.371094 0.752941 0.752941 0.752941
vn 0.619255 0.136382 -0.773255
v 15.306348 0.895258 438.181366 0.752941 0.752941 0.752941
vn 0.072103 0.710093 -0.700407
v 13.350115 1.514161 438.206512 0.752941 0.752941 0.752941
vn 0.544228 -0.032004 -0.838327
v 15.478197 1.074162 438.401947 0.752941 0.752941 0.752941
vn 0.090541 0.680852 -0.726803
v 14.590688 1.619513 438.565796 0.752941 0.752941 0.752941
vn -0.106631 0.190608 0.975858
v 30.760593 7.639136 459.474487 0.752941 0.752941 0.752941
vn 0.020696 0.742127 -0.669939
v 12.482379 1.767336 438.575195 0.752941 0.752941 0.752941
vn -0.012838 0.716044 -0.697937
v 11.368258 1.725148 438.438263 0.752941 0.752941 0.752941
vn 0.780187 -0.477310 -0.404331
v 13.156507 -2.436390 438.192078 0.752941 0.752941 0.752941
vn 0.382114 -0.021327 -0.923869
v 15.680718 1.197491 438.469757 0.752941 0.752941 0.752941
vn -0.087870 0.293876 0.951796
v 28.832027 7.383317 459.365112 0.752941 0.752941 0.752941
vn 0.095730 0.729638 -0.677100
v 12.112117 1.712991 438.414642 0.752941 0.752941 0.752941
vn 0.238965 0.489797 -0.838448
v 15.240754 1.354732 438.405640 0.752941 0.752941 0.752941
vn -0.929921 -0.167533 -0.327383
v 10.637867 0.935804 438.313263 0.752941 0.752941 0.752941
vn -0.926852 -0.294405 -0.232962
v 11.110374 -0.896049 439.308044 0.752941 0.752941 0.752941
vn 0.702269 -0.410350 -0.581749
v 15.551125 0.752281 438.570984 0.752941 0.752941 0.752941
vn -0.099658 0.095683 0.990411
v 29.526764 7.405071 459.418610 0.752941 0.752941 0.752941
vn 0.811550 -0.448446 -0.374543
v 13.371634 -2.068437 438.192688 0.752941 0.752941 0.752941
vn 0.833303 -0.432961 -0.343730
v 13.535933 -2.072714 438.613373 0.752941 0.752941 0.752941
vn 0.095787 0.679727 -0.727183
v 12.204493 1.940458 438.721619 0.752941 0.752941 0.752941
vn 0.072474 0.737939 -0.670965
v 13.498579 1.821389 438.515961 0.752941 0.752941 0.752941
vn 0.727269 -0.549156 -0.411712
v 12.751225 -3.190704 438.356720 0.752941 0.752941 0.752941
vn 0.293775 0.456474 -0.839838
v 15.806456 1.524760 438.585205 0.752941 0.752941 0.752941
vn 0.054549 0.679410 -0.731728
v 13.672418 2.078611 438.789825 0.752941 0.752941 0.752941
vn 0.729108 -0.548815 -0.408905
v 14.643448 -0.429719 438.524475 0.752941 0.752941 0.752941
vn 0.830579 -0.430349 -0.353465
v 13.469787 -2.371359 438.803192 0.752941 0.752941 0.752941
vn -0.018422 0.672503 -0.739865
v 11.517742 1.942086 438.622986 0.752941 0.752941 0.752941
vn 0.132331 0.672159 -0.728485
v 13.775230 1.852416 438.631653 0.752941 0.752941 0.752941
vn -0.939234 0.138439 -0.314124
v 11.180302 -2.258827 439.044647 0.752941 0.752941 0.752941
vn -0.056949 -0.052940 0.996973
v 29.328585 6.440995 459.296295 0.752941 0.752941 0.752941
vn -0.277566 0.226169 0.933705
v 25.250803 7.003105 459.398254 0.752941 0.752941 0.752941
vn 0.696907 -0.541861 -0.469795
v 14.905760 -0.685553 439.281891 0.752941 0.752941 0.752941
vn 0.785242 -0.474939 -0.397277
v 13.749800 -1.783295 438.744324 0.752941 0.752941 0.752941
vn 0.066898 0.663994 -0.744739
v 15.363822 1.688206 438.696930 0.752941 0.752941 0.752941
vn 0.619375 -0.009678 -0.785036
v 16.010477 1.288844 438.635712 0.752941 0.752941 0.752941
vn -0.040243 0.706095 -0.706972
v 13.148453 1.901846 438.693390 0.752941 0.752941 0.752941
vn 0.012388 -0.058084 0.998235
v 28.415739 6.797830 459.489044 0.752941 0.752941 0.752941
vn -0.019705 0.727179 -0.686165
v 13.378345 2.021691 438.806610 0.752941 0.752941 0.752941
vn 0.541792 0.002614 -0.840509
v 16.154324 1.443518 438.787354 0.752941 0.752941 0.752941
vn 0.262637 0.496851 -0.827140
v 15.903254 1.694603 438.772278 0.752941 0.752941 0.752941
vn -0.311085 0.657633 -0.686109
v 10.803057 1.979855 438.709503 0.752941 0.752941 0.752941
vn -0.160397 -0.369846 0.915143
v 28.876450 5.976525 459.309082 0.752941 0.752941 0.752941
vn 0.316835 -0.947763 0.036887
v 11.909629 -4.549021 438.827362 0.752941 0.752941 0.752941
vn -0.123777 -0.718169 0.684772
v 28.045721 6.028811 459.184906 0.752941 0.752941 0.752941
vn 0.458596 0.399562 0.793751
v 31.815859 8.092926 459.234680 0.752941 0.752941 0.752941
vn 0.191299 0.665152 -0.721788
v 14.022607 2.000209 438.859253 0.752941 0.752941 0.752941
vn 0.718257 -0.529089 -0.451854
v 15.196205 0.234108 438.683197 0.752941 0.752941 0.752941
vn -0.194641 -0.661537 0.724212
v 27.059057 6.309379 459.294281 0.752941 0.752941 0.752941
vn 0.041706 0.655980 -0.753626
v 15.598053 1.916273 438.911133 0.752941 0.752941 0.752941
vn -0.283011 -0.863816 0.416806
v 30.556313 5.180849 458.704010 0.752941 0.752941 0.752941
vn 0.054945 0.712191 -0.699832
v 14.962267 2.085581 439.037750 0.752941 0.752941 0.752941
vn 0.327594 0.462016 -0.824150
v 16.273222 1.824012 438.878601 0.752941 0.752941 0.752941
vn 0.074422 0.706929 -0.703358
v 11.820727 2.144219 438.822937 0.752941 0.752941 0.752941
vn 0.032650 0.660129 -0.750442
v 12.461184 2.112588 438.863983 0.752941 0.752941 0.752941
vn -0.384179 -0.881200 0.275487
v 11.560546 -4.554071 438.904816 0.752941 0.752941 0.752941
vn 0.590003 -0.440843 -0.676427
v 15.794225 1.020114 438.616516 0.752941 0.752941 0.752941
vn -0.936076 -0.351756 -0.005404
v 11.171158 -3.757804 439.102448 0.752941 0.752941 0.752941
vn 0.807305 -0.449049 -0.382902
v 13.637826 -2.227764 439.036499 0.752941 0.752941 0.752941
vn 0.032495 0.733221 -0.679214
v 12.297062 2.546523 439.303314 0.752941 0.752941 0.752941
vn 0.030627 0.706923 -0.706627
v 12.914292 2.275268 439.016693 0.752941 0.752941 0.752941
vn -0.435477 -0.734310 0.520720
v 11.432528 -4.041120 439.273102 0.752941 0.752941 0.752941
vn -0.009265 0.717531 -0.696465
v 11.175417 2.367862 439.019623 0.752941 0.752941 0.752941
vn -0.050421 0.256691 0.965178
v 27.715706 6.973183 459.436646 0.752941 0.752941 0.752941
vn -0.114360 0.330154 0.936974
v 30.276613 7.961599 459.355408 0.752941 0.752941 0.752941
vn -0.125338 0.402578 0.906764
v 29.392488 7.879792 459.285706 0.752941 0.752941 0.752941
vn 0.703339 -0.090311 -0.705095
v 16.549633 1.620408 439.017822 0.752941 0.752941 0.752941
vn 0.162224 0.675281 -0.719499
v 13.954115 2.247818 439.026550 0.752941 0.752941 0.752941
vn 0.805810 -0.438334 -0.398161
v 13.440586 -2.609576 439.024933 0.752941 0.752941 0.752941
vn -0.167511 0.653858 0.737841
v 25.208014 7.278312 459.233795 0.752941 0.752941 0.752941
vn -0.996794 -0.076672 -0.022857
v 10.486764 1.167438 439.121490 0.752941 0.752941 0.752941
vn -0.357495 -0.663100 0.657644
v 24.989342 6.636923 459.150635 0.752941 0.752941 0.752941
vn 0.113058 0.745940 -0.656347
v 15.988154 2.139514 439.126770 0.752941 0.752941 0.752941
vn 0.306722 0.650259 -0.695043
v 16.458786 2.158884 439.308350 0.752941 0.752941 0.752941
vn -0.479563 0.139593 0.866333
v 24.644249 7.116171 459.103912 0.752941 0.752941 0.752941
vn 0.063346 0.721066 -0.689965
v 15.626404 2.307923 439.307068 0.752941 0.752941 0.752941
vn 0.076368 0.727526 -0.681817
v 13.286123 2.408244 439.195892 0.752941 0.752941 0.752941
vn 0.048878 0.741661 -0.668992
v 11.678432 2.626817 439.364777 0.752941 0.752941 0.752941
vn -0.051717 0.755145 0.653515
v 30.995283 8.801844 458.929230 0.752941 0.752941 0.752941
vn 0.021685 0.587838 -0.808688
v 15.017758 2.378249 439.379028 0.752941 0.752941 0.752941
vn 0.727730 -0.529334 -0.436136
v 14.062058 -1.684169 439.158142 0.752941 0.752941 0.752941
vn -0.051474 0.020413 0.998466
v 26.497524 6.967814 459.356720 0.752941 0.752941 0.752941
vn 0.569938 0.306409 -0.762420
v 16.672951 1.891650 439.259857 0.752941 0.752941 0.752941
vn -0.977607 -0.026065 -0.208819
v 11.102966 -3.182721 439.052368 0.752941 0.752941 0.752941
vn 0.030334 0.680643 -0.731987
v 14.210048 2.645739 439.442566 0.752941 0.752941 0.752941
vn 0.457626 -0.869502 0.185861
v 12.304525 -4.277464 439.111542 0.752941 0.752941 0.752941
vn 0.686740 -0.448680 -0.571904
v 16.349276 1.208637 439.110779 0.752941 0.752941 0.752941
vn 0.000258 0.744688 -0.667412
v 13.549247 2.446921 439.269562 0.752941 0.752941 0.752941
vn -0.127925 -0.766707 0.629122
v 25.584679 6.440578 459.111267 0.752941 0.752941 0.752941
vn -0.999533 -0.017972 0.024731
v 10.472438 1.971313 439.763672 0.752941 0.752941 0.752941
vn -0.144291 0.558804 0.816651
v 30.078808 8.263433 459.158295 0.752941 0.752941 0.752941
vn 0.780084 -0.426151 -0.458109
v 13.672351 -2.745017 439.594421 0.752941 0.752941 0.752941
vn -0.901796 0.277199 -0.331549
v 10.524486 2.138030 439.304321 0.752941 0.752941 0.752941
vn 0.714860 -0.251822 -0.652350
v 16.724705 1.593176 439.299255 0.752941 0.752941 0.752941
vn -0.056108 0.491028 0.869335
v 27.437660 7.734695 459.139008 0.752941 0.752941 0.752941
vn -0.129486 0.538707 0.832483
v 26.855303 7.740141 459.080414 0.752941 0.752941 0.752941
vn 0.657012 -0.469157 -0.590108
v 16.817198 1.438476 439.490082 0.752941 0.752941 0.752941
vn -0.973003 -0.077014 -0.217565
v 10.989354 -2.945225 439.476074 0.752941 0.752941 0.752941
vn -0.107700 0.577154 0.809502
v 26.313931 7.412024 459.134247 0.752941 0.752941 0.752941
vn 0.660539 -0.554888 -0.505754
v 15.809144 0.425856 439.274475 0.752941 0.752941 0.752941
vn 0.146793 0.612670 -0.776587
v 14.524605 2.447572 439.387756 0.752941 0.752941 0.752941
vn 0.129622 0.767045 -0.628363
v 16.115564 2.248962 439.317749 0.752941 0.752941 0.752941
vn -0.581024 -0.710183 0.397556
v 11.336182 -3.827614 439.536530 0.752941 0.752941 0.752941
vn 0.621217 -0.217785 -0.752768
v 17.136122 1.754001 439.572998 0.752941 0.752941 0.752941
vn 0.769549 -0.453838 -0.449250
v 13.873904 -2.134888 439.402618 0.752941 0.752941 0.752941
vn 0.044878 0.729964 -0.682010
v 12.223433 2.921934 439.694397 0.752941 0.752941 0.752941
vn 0.045090 0.742662 -0.668147
v 13.203189 2.711070 439.520203 0.752941 0.752941 0.752941
vn 0.422109 0.339384 -0.840621
v 17.032747 2.175558 439.564087 0.752941 0.752941 0.752941
vn 0.154415 0.687265 -0.709804
v 15.508340 2.545979 439.482727 0.752941 0.752941 0.752941
vn 0.133080 0.669786 -0.730532
v 15.025765 2.847542 439.611420 0.752941 0.752941 0.752941
vn -0.339065 0.680042 -0.650060
v 10.791398 2.737062 439.448517 0.752941 0.752941 0.752941
vn -0.301226 -0.820865 0.485226
v 28.458208 5.842680 458.948303 0.752941 0.752941 0.752941
vn 0.653436 -0.553601 -0.516282
v 16.508585 0.940173 439.581940 0.752941 0.752941 0.752941
vn 0.030404 0.738407 -0.673669
v 11.175472 2.745255 439.447998 0.752941 0.752941 0.752941
vn 0.005215 0.555151 -0.831733
v 14.768291 2.732968 439.566040 0.752941 0.752941 0.752941
vn -0.126487 -0.711185 0.691532
v 26.409388 6.384694 459.094788 0.752941 0.752941 0.752941
vn 0.138072 0.723792 -0.676063
v 16.083319 2.472026 439.581970 0.752941 0.752941 0.752941
vn 0.753646 -0.437337 -0.490667
v 14.064865 -2.509323 439.996918 0.752941 0.752941 0.752941
vn 0.037586 0.721156 -0.691753
v 11.823369 2.979167 439.747925 0.752941 0.752941 0.752941
vn -0.231757 -0.862845 0.449207
v 25.090109 6.530524 459.025177 0.752941 0.752941 0.752941
vn -0.048028 0.732614 -0.678948
v 14.312048 2.929395 439.723419 0.752941 0.752941 0.752941
vn 0.749287 -0.521375 -0.408334
v 13.312015 -3.177006 439.378052 0.752941 0.752941 0.752941
vn 0.099638 0.732903 -0.672997
v 14.871355 2.993604 439.757507 0.752941 0.752941 0.752941
vn -0.974896 -0.222158 -0.014935
v 10.653070 0.348303 439.531433 0.752941 0.752941 0.752941
vn 0.016181 0.736577 -0.676160
v 13.387123 2.884154 439.722870 0.752941 0.752941 0.752941
vn 0.197627 0.643718 -0.739304
v 16.784653 2.454198 439.649048 0.752941 0.752941 0.752941
vn 0.107480 0.717373 -0.688349
v 16.131987 2.792391 439.927948 0.752941 0.752941 0.752941
vn -0.000621 -0.876354 0.481667
v 12.403190 -3.947261 439.859192 0.752941 0.752941 0.752941
vn 0.606304 -0.795222 0.004201
v 12.892223 -3.777048 439.654633 0.752941 0.752941 0.752941
vn 0.042074 0.734793 -0.676985
v 12.661139 3.016233 439.847717 0.752941 0.752941 0.752941
vn -0.885893 -0.463887 -0.001699
v 10.968795 -3.105356 439.922333 0.752941 0.752941 0.752941
vn -0.486032 -0.331862 0.808481
v 24.945459 6.861526 459.245117 0.752941 0.752941 0.752941
vn 0.042852 0.720520 -0.692109
v 11.422206 3.059028 439.794952 0.752941 0.752941 0.752941
vn -0.435793 -0.850439 0.294683
v 11.490589 -3.571100 440.096222 0.752941 0.752941 0.752941
vn 0.714566 -0.507430 -0.481571
v 14.290117 -2.048476 439.934845 0.752941 0.752941 0.752941
vn -0.016738 0.748684 -0.662716
v 13.999719 3.051635 439.924713 0.752941 0.752941 0.752941
vn 0.266842 0.774031 -0.574170
v 15.376018 2.788332 439.810333 0.752941 0.752941 0.752941
vn 0.117159 0.709022 -0.695386
v 16.856520 2.815325 440.031586 0.752941 0.752941 0.752941
vn 0.219404 0.689688 -0.690067
v 15.250640 3.061876 440.035553 0.752941 0.752941 0.752941
vn 0.663276 -0.567618 -0.487725
v 15.758282 -0.269940 440.013458 0.752941 0.752941 0.752941
vn 0.278987 -0.635665 0.719789
v 33.126469 4.543877 459.004211 0.752941 0.752941 0.752941
vn -0.049730 -0.759092 0.649081
v 32.598255 4.876129 459.438080 0.752941 0.752941 0.752941
vn 0.523187 -0.075027 -0.848909
v 17.481564 1.975220 439.786346 0.752941 0.752941 0.752941
vn 0.010536 0.721132 -0.692718
v 13.078376 3.341997 440.201416 0.752941 0.752941 0.752941
vn -0.841112 0.363839 -0.400190
v 10.565601 2.891500 439.915405 0.752941 0.752941 0.752941
vn 0.184261 0.310107 -0.932674
v 17.567156 2.455327 439.953888 0.752941 0.752941 0.752941
vn 0.306075 0.086021 -0.948113
v 17.746508 2.396922 439.960175 0.752941 0.752941 0.752941
vn 0.127536 0.740917 -0.659376
v 14.840073 3.267332 440.045624 0.752941 0.752941 0.752941
vn -0.097700 -0.837023 0.538374
v 11.909157 -3.650941 440.233032 0.752941 0.752941 0.752941
vn -0.187040 -0.849011 0.494163
v 29.224897 5.476927 459.027985 0.752941 0.752941 0.752941
vn 0.689769 0.333251 0.642778
v 33.377560 6.470875 458.587860 0.752941 0.752941 0.752941
vn 0.387587 0.180961 -0.903897
v 17.992704 2.624151 440.025543 0.752941 0.752941 0.752941
vn -0.990842 -0.095374 0.095582
v 10.640238 1.004735 440.005432 0.752941 0.752941 0.752941
vn -0.115565 0.486415 0.866052
v 28.363878 7.930343 459.081329 0.752941 0.752941 0.752941
vn 0.052009 0.665389 -0.744683
v 11.485613 3.363632 440.125153 0.752941 0.752941 0.752941
vn 0.607070 -0.340150 -0.718167
v 17.758120 1.932096 440.008575 0.752941 0.752941 0.752941
vn -0.150563 0.702012 -0.696067
v 10.943020 3.331667 440.032990 0.752941 0.752941 0.752941
vn -0.245874 0.601615 0.760004
v 26.483971 7.777111 458.985138 0.752941 0.752941 0.752941
vn -0.470150 -0.806925 0.357533
v 11.280384 -3.385575 440.457184 0.752941 0.752941 0.752941
vn -0.339709 -0.745843 0.572989
v 24.764996 6.536297 458.871185 0.752941 0.752941 0.752941
vn 0.057718 0.708808 -0.703036
v 12.070874 3.200171 439.986786 0.752941 0.752941 0.752941
vn 0.694720 -0.553963 -0.458791
v 15.123143 -1.124476 440.078033 0.752941 0.752941 0.752941
vn -0.939790 0.087616 -0.330331
v 10.859661 -2.447676 439.826691 0.752941 0.752941 0.752941
vn -0.230100 0.713264 0.662048
v 24.600054 7.685905 458.491394 0.752941 0.752941 0.752941
vn 0.121452 0.524031 -0.842995
v 17.707937 2.866392 440.085938 0.752941 0.752941 0.752941
vn 0.533052 0.162256 -0.830378
v 18.354427 2.704199 440.333862 0.752941 0.752941 0.752941
vn 0.100184 0.722759 -0.683800
v 16.009323 3.140063 440.253082 0.752941 0.752941 0.752941
vn -0.124000 -0.794062 0.595054
v 11.482611 -3.476021 440.465729 0.752941 0.752941 0.752941
vn -0.512673 -0.348607 0.784627
v 24.401844 6.822239 458.880219 0.752941 0.752941 0.752941
vn 0.622159 -0.538761 -0.568028
v 17.108801 1.296560 439.951111 0.752941 0.752941 0.752941
vn -0.183760 0.708426 0.681444
v 26.509911 8.047286 458.700043 0.752941 0.752941 0.752941
vn -0.102724 0.734158 -0.671163
v 14.464634 3.164682 440.033630 0.752941 0.752941 0.752941
vn 0.662271 -0.289749 -0.690972
v 18.124821 2.326297 440.185120 0.752941 0.752941 0.752941
vn -0.678072 0.516013 -0.523401
v 10.593623 3.417832 440.248718 0.752941 0.752941 0.752941
vn 0.743072 -0.546705 -0.385950
v 14.655310 -2.169466 440.603546 0.752941 0.752941 0.752941
vn -0.188182 -0.852607 0.487492
v 32.998379 4.304657 458.669250 0.752941 0.752941 0.752941
vn 0.734649 -0.624912 -0.264152
v 13.865051 -3.008126 440.157593 0.752941 0.752941 0.752941
vn -0.974068 -0.041298 -0.222453
v 11.069910 -1.340774 439.997986 0.752941 0.752941 0.752941
vn 0.612684 0.314863 0.724899
v 32.415226 6.886173 459.051422 0.752941 0.752941 0.752941
vn 0.727624 0.333766 0.599302
v 33.483418 5.957875 458.667999 0.752941 0.752941 0.752941
vn 0.889605 0.123312 0.439770
v 33.754307 5.390964 458.603760 0.752941 0.752941 0.752941
vn 0.179578 0.695572 -0.695651
v 15.529022 3.204374 440.250671 0.752941 0.752941 0.752941
vn -0.204441 -0.909916 0.360910
v 28.990877 5.372649 458.546051 0.752941 0.752941 0.752941
vn 0.362920 0.647634 -0.669970
v 18.037573 2.866618 440.229248 0.752941 0.752941 0.752941
vn -0.985146 -0.096886 -0.141776
v 10.977875 -0.810054 440.378387 0.752941 0.752941 0.752941
vn -0.268879 0.751608 -0.602321
v 10.780717 3.617018 440.402008 0.752941 0.752941 0.752941
vn 0.039912 0.750582 -0.659571
v 13.404340 3.556638 440.414612 0.752941 0.752941 0.752941
vn 0.050427 0.697869 -0.714448
v 17.056877 3.334199 440.448242 0.752941 0.752941 0.752941
vn 0.088016 0.679914 -0.727991
v 12.308432 3.575338 440.349304 0.752941 0.752941 0.752941
vn 0.270529 0.769989 -0.577868
v 17.632957 3.078123 440.270721 0.752941 0.752941 0.752941
vn 0.081576 0.554903 -0.827906
v 17.324726 2.717801 440.037598 0.752941 0.752941 0.752941
vn 0.066105 0.743451 -0.665516
v 12.082641 3.640780 440.356812 0.752941 0.752941 0.752941
vn -0.166394 0.713428 0.680686
v 30.034935 8.610476 458.847473 0.752941 0.752941 0.752941
vn -0.017918 -0.665230 0.746423
v 12.202115 -3.297624 440.589478 0.752941 0.752941 0.752941
vn 0.004593 0.658860 -0.752252
v 13.841826 3.686931 440.627502 0.752941 0.752941 0.752941
vn 0.104010 0.678782 -0.726937
v 15.325040 3.565660 440.556335 0.752941 0.752941 0.752941
vn 0.010699 0.661367 -0.749986
v 16.653284 3.249216 440.436737 0.752941 0.752941 0.752941
vn 0.641378 -0.541616 -0.543402
v 17.847229 1.576437 440.487061 0.752941 0.752941 0.752941
vn -0.149962 0.666328 0.730423
v 28.930981 8.272889 458.953461 0.752941 0.752941 0.752941
vn 0.120945 0.819980 -0.559469
v 14.788485 3.537996 440.479767 0.752941 0.752941 0.752941
vn 0.086490 0.680253 -0.727857
v 12.736760 3.510658 440.370850 0.752941 0.752941 0.752941
vn -0.160915 0.771360 0.615719
v 30.659880 9.460029 457.871765 0.752941 0.752941 0.752941
vn -0.545595 0.078913 0.834325
v 24.023935 7.081387 458.666473 0.752941 0.752941 0.752941
vn 0.652350 -0.622565 -0.432264
v 15.984841 -0.884244 441.050476 0.752941 0.752941 0.752941
vn 0.068736 0.691942 -0.718674
v 17.372639 3.162696 440.301483 0.752941 0.752941 0.752941
vn -0.729549 -0.627569 0.271873
v 10.879173 -3.019334 440.684570 0.752941 0.752941 0.752941
vn 0.436942 -0.844500 0.309679
v 13.632086 -3.156591 440.403809 0.752941 0.752941 0.752941
vn 0.525746 0.469543 0.709310
v 32.318066 8.678993 458.340363 0.752941 0.752941 0.752941
vn -0.014151 0.750613 -0.660591
v 11.503259 3.624020 440.361145 0.752941 0.752941 0.752941
vn 0.656145 -0.501263 -0.564100
v 18.224312 2.147831 440.460510 0.752941 0.752941 0.752941
vn -0.081630 -0.904301 0.419019
v 26.282877 5.958684 458.250519 0.752941 0.752941 0.752941
vn -0.030118 0.719813 -0.693515
v 14.008325 3.444491 440.368652 0.752941 0.752941 0.752941
vn 0.041833 0.742510 -0.668528
v 14.385642 3.703048 440.524017 0.752941 0.752941 0.752941
vn 0.413843 -0.046499 -0.909160
v 18.964428 2.782077 440.570160 0.752941 0.752941 0.752941
vn 0.061326 0.663944 -0.745263
v 13.104369 3.875973 440.637695 0.752941 0.752941 0.752941
vn 0.589934 0.272234 0.760175
v 32.644379 7.604405 458.686584 0.752941 0.752941 0.752941
vn 0.008416 -0.737462 0.675336
v 12.634681 -3.445963 440.456421 0.752941 0.752941 0.752941
vn -0.169373 -0.877435 0.448799
v 25.712847 6.196795 458.743103 0.752941 0.752941 0.752941
vn 0.222515 0.590744 -0.775570
v 18.328922 3.020873 440.513977 0.752941 0.752941 0.752941
vn 0.047916 0.638242 -0.768343
v 12.915787 3.645994 440.518219 0.752941 0.752941 0.752941
vn 0.073306 -0.610586 0.788550
v 11.707963 -3.147315 440.692627 0.752941 0.752941 0.752941
vn 0.161738 0.598793 -0.784403
v 15.808950 3.511579 440.605896 0.752941 0.752941 0.752941
vn 0.007798 0.822534 -0.568663
v 11.684361 3.758570 440.524841 0.752941 0.752941 0.752941
vn -0.367986 -0.670576 0.644138
v 24.531399 6.488803 458.682892 0.752941 0.752941 0.752941
vn 0.223851 -0.810976 0.540563
v 13.194403 -3.237893 440.663483 0.752941 0.752941 0.752941
vn -0.005455 0.701290 -0.712855
v 16.682478 3.596561 440.697113 0.752941 0.752941 0.752941
vn -0.423787 0.546424 0.722375
v 24.494001 7.317419 458.932068 0.752941 0.752941 0.752941
vn -0.045268 0.765326 -0.642049
v 15.260074 3.652079 440.640503 0.752941 0.752941 0.752941
vn 0.634987 -0.583616 -0.506145
v 16.475660 0.286594 440.319916 0.752941 0.752941 0.752941
vn 0.553590 -0.485783 -0.676427
v 18.462152 2.347763 440.508331 0.752941 0.752941 0.752941
vn 0.107156 0.726610 -0.678642
v 18.388844 3.262340 440.782928 0.752941 0.752941 0.752941
vn 0.235400 0.511872 -0.826180
v 18.954016 3.064931 440.634155 0.752941 0.752941 0.752941
vn -0.104780 0.677962 0.727591
v 27.241999 7.927690 458.989197 0.752941 0.752941 0.752941
vn 0.004968 -0.652196 0.758034
v 11.450998 -3.225186 440.703674 0.752941 0.752941 0.752941
vn 0.003246 0.733671 -0.679497
v 13.922293 3.874180 440.772552 0.752941 0.752941 0.752941
vn 0.023282 0.656140 -0.754280
v 16.334436 3.468565 440.652374 0.752941 0.752941 0.752941
vn -0.940193 -0.009099 -0.340520
v 10.501666 -2.151128 440.679779 0.752941 0.752941 0.752941
vn 0.236253 0.791580 -0.563548
v 17.447351 3.389881 440.682220 0.752941 0.752941 0.752941
vn -0.066879 0.739223 -0.670132
v 15.458784 3.817565 440.804749 0.752941 0.752941 0.752941
vn -0.113648 0.718677 0.685994
v 27.875305 8.356793 458.645844 0.752941 0.752941 0.752941
vn 0.164030 0.674825 -0.719518
v 19.263620 3.291298 440.949127 0.752941 0.752941 0.752941
vn -0.231547 0.632576 0.739076
v 25.998001 7.727204 458.794525 0.752941 0.752941 0.752941
vn -0.997792 -0.010272 -0.065616
v 10.463864 2.738738 440.363159 0.752941 0.752941 0.752941
vn 0.622822 -0.603820 -0.497487
v 16.395185 -0.491136 441.102020 0.752941 0.752941 0.752941
vn -0.991739 -0.106754 -0.071120
v 10.409968 3.094080 440.753815 0.752941 0.752941 0.752941
vn -0.880318 0.343238 -0.327456
v 10.446186 3.547310 440.710205 0.752941 0.752941 0.752941
vn 0.020010 0.807173 -0.589976
v 12.138891 3.796103 440.626617 0.752941 0.752941 0.752941
vn 0.225700 0.763302 -0.605334
v 17.715389 3.267564 440.661224 0.752941 0.752941 0.752941
vn 0.556668 -0.566682 -0.607447
v 19.276878 2.463754 441.005554 0.752941 0.752941 0.752941
vn -0.030599 -0.669994 0.741736
v 12.912780 -3.027436 440.890717 0.752941 0.752941 0.752941
vn 0.173096 0.743154 -0.646344
v 14.519057 3.961084 440.889832 0.752941 0.752941 0.752941
vn -0.992695 -0.075769 0.093893
v 10.635504 1.736978 440.510193 0.752941 0.752941 0.752941
vn 0.574279 -0.217460 -0.789250
v 19.539818 2.915134 440.922272 0.752941 0.752941 0.752941
vn 0.119012 0.609166 -0.784062
v 15.677135 3.669477 440.641602 0.752941 0.752941 0.752941
vn -0.870914 0.311356 -0.380218
v 10.889464 -1.500166 440.712189 0.752941 0.752941 0.752941
vn 0.018135 0.722212 -0.691433
v 12.581992 3.852162 440.621094 0.752941 0.752941 0.752941
vn -0.554633 0.577757 -0.598815
v 10.609287 3.882325 440.787231 0.752941 0.752941 0.752941
vn 0.239187 0.729514 -0.640780
v 14.694654 3.807531 440.833221 0.752941 0.752941 0.752941
vn 0.161109 0.754258 -0.636506
v 15.893185 3.926872 440.935577 0.752941 0.752941 0.752941
vn -0.015251 0.779944 -0.625664
v 11.344143 3.937098 440.773987 0.752941 0.752941 0.752941
vn 0.185310 0.601485 -0.777095
v 16.009214 3.716072 440.802948 0.752941 0.752941 0.752941
vn 0.468951 0.089729 -0.878654
v 19.319521 2.964919 440.761810 0.752941 0.752941 0.752941
vn 0.159983 0.752492 -0.638875
v 17.605902 3.713741 441.110962 0.752941 0.752941 0.752941
vn 0.018364 0.826300 -0.562931
v 13.584356 4.091026 441.063538 0.752941 0.752941 0.752941
vn 0.685037 -0.707025 -0.175613
v 15.134927 -1.898564 441.163971 0.752941 0.752941 0.752941
vn -0.334252 -0.587398 0.737048
v 11.027657 -2.907448 440.965118 0.752941 0.752941 0.752941
vn -0.813532 -0.451849 0.366058
v 10.647002 -2.527810 440.743744 0.752941 0.752941 0.752941
vn -0.199323 -0.777622 0.596300
v 24.331114 6.416065 458.480103 0.752941 0.752941 0.752941
vn -0.126832 0.734376 0.666788
v 25.317959 7.575088 458.827942 0.752941 0.752941 0.752941
vn -0.692605 -0.526163 0.493407
v 10.839329 -2.399511 440.976196 0.752941 0.752941 0.752941
vn -0.049981 0.758273 -0.650019
v 15.101003 3.770440 440.858673 0.752941 0.752941 0.752941
vn -0.418984 -0.522356 0.742696
v 11.012803 -2.692106 441.066284 0.752941 0.752941 0.752941
vn 0.023125 0.822144 -0.568809
v 14.189988 4.130761 441.040314 0.752941 0.752941 0.752941
vn -0.044743 -0.647984 0.760339
v 12.361835 -2.648988 441.130402 0.752941 0.752941 0.752941
vn 0.096703 -0.758325 0.644664
v 13.442292 -2.902436 441.009491 0.752941 0.752941 0.752941
vn 0.817089 -0.220471 0.532689
v 33.959328 4.665513 458.401031 0.752941 0.752941 0.752941
vn 0.049372 -0.604943 0.794737
v 11.455722 -2.767642 440.997589 0.752941 0.752941 0.752941
vn -0.982362 0.031855 -0.184255
v 10.869519 -0.776784 441.228882 0.752941 0.752941 0.752941
vn 0.146896 -0.781336 0.606577
v 13.623676 -2.821947 441.104492 0.752941 0.752941 0.752941
vn -0.998583 -0.028488 -0.044941
v 10.673697 0.837720 441.066803 0.752941 0.752941 0.752941
vn 0.748101 0.160223 -0.643951
v 19.753757 3.196386 441.025024 0.752941 0.752941 0.752941
vn -0.110432 -0.927511 0.357112
v 29.748943 5.403826 458.556549 0.752941 0.752941 0.752941
vn 0.614792 -0.533875 -0.580524
v 18.480591 1.708238 441.100067 0.752941 0.752941 0.752941
vn 0.271156 -0.825976 0.494204
v 33.489986 4.103864 458.465424 0.752941 0.752941 0.752941
vn 0.126169 0.725868 -0.676164
v 17.901764 3.499462 440.951141 0.752941 0.752941 0.752941
vn -0.984599 -0.142863 -0.100776
v 10.375691 -1.835253 441.034851 0.752941 0.752941 0.752941
vn 0.338711 -0.859934 0.381822
v 14.036266 -2.624359 441.150055 0.752941 0.752941 0.752941
vn 0.169046 0.801198 -0.574026
v 16.923018 3.689396 440.897949 0.752941 0.752941 0.752941
vn 0.331700 0.692673 0.640452
v 31.908047 9.332375 458.141998 0.752941 0.752941 0.752941
vn -0.981461 -0.190791 0.018259
v 10.650786 2.317858 441.134857 0.752941 0.752941 0.752941
vn -0.216405 -0.875628 0.431792
v 25.247343 6.367772 458.740692 0.752941 0.752941 0.752941
vn 0.299593 0.513692 -0.803968
v 19.628807 3.324170 441.023621 0.752941 0.752941 0.752941
vn 0.019138 -0.694667 0.719077
v 11.293247 -2.367303 441.390747 0.752941 0.752941 0.752941
vn -0.046565 -0.635886 0.770377
v 13.290626 -2.611431 441.235779 0.752941 0.752941 0.752941
vn 0.039350 0.763407 -0.644718
v 14.593873 4.164896 441.179871 0.752941 0.752941 0.752941
vn 0.066877 0.641577 -0.764138
v 14.871187 4.070452 441.128876 0.752941 0.752941 0.752941
vn -0.062626 0.647006 -0.759909
v 15.314846 4.052291 441.064362 0.752941 0.752941 0.752941
vn 0.052671 0.763143 -0.644080
v 13.641619 4.475194 441.539124 0.752941 0.752941 0.752941
vn -0.392038 -0.091987 0.915339
v 23.363253 7.015164 458.250397 0.752941 0.752941 0.752941
vn -0.391491 -0.455642 0.799453
v 24.019724 6.664809 458.549072 0.752941 0.752941 0.752941
vn -0.262270 -0.709356 0.654240
v 24.129452 6.377455 458.419067 0.752941 0.752941 0.752941
vn 0.128379 0.746710 -0.652643
v 18.785135 3.522605 441.103302 0.752941 0.752941 0.752941
vn 0.616369 -0.787256 0.017801
v 14.418321 -2.521366 440.825928 0.752941 0.752941 0.752941
vn -0.982805 -0.175196 -0.058325
v 10.753686 -0.045436 440.750610 0.752941 0.752941 0.752941
vn 0.083286 0.731178 -0.677083
v 16.392611 3.783951 440.893738 0.752941 0.752941 0.752941
vn 0.600150 -0.591393 -0.538586
v 17.510279 0.872241 440.863129 0.752941 0.752941 0.752941
vn 0.031990 0.727548 -0.685311
v 15.043645 4.393847 441.315643 0.752941 0.752941 0.752941
vn 0.151917 0.787482 -0.597322
v 15.537263 4.163690 441.181305 0.752941 0.752941 0.752941
vn 0.010868 -0.662878 0.748649
v 11.770691 -2.481685 441.263275 0.752941 0.752941 0.752941
vn 0.019536 -0.686873 0.726514
v 11.707944 -2.218652 441.486145 0.752941 0.752941 0.752941
vn -0.607516 -0.650743 0.455476
v 10.611118 -1.959345 441.396240 0.752941 0.752941 0.752941
vn -0.496201 -0.663836 0.559559
v 10.977416 -2.454062 441.294800 0.752941 0.752941 0.752941
vn -0.795103 0.289564 -0.532883
v 10.306574 4.239465 441.317657 0.752941 0.752941 0.752941
vn 0.020510 0.774195 -0.632614
v 12.293043 4.317304 441.231171 0.752941 0.752941 0.752941
vn 0.151171 0.778847 -0.608724
v 16.104342 3.925784 441.000916 0.752941 0.752941 0.752941
vn 0.068862 0.746424 -0.661898
v 19.177891 3.532698 441.216278 0.752941 0.752941 0.752941
vn -0.479233 -0.436761 0.761298
v 23.702190 6.726355 458.435211 0.752941 0.752941 0.752941
vn -0.057803 0.788590 -0.612196
v 14.434362 4.297568 441.397461 0.752941 0.752941 0.752941
vn 0.120346 0.803718 -0.582713
v 16.832689 3.992236 441.320648 0.752941 0.752941 0.752941
vn 0.048691 0.772728 -0.632867
v 13.039750 4.352732 441.336182 0.752941 0.752941 0.752941
vn 0.746394 -0.498032 -0.441429
v 19.664524 2.698759 441.237762 0.752941 0.752941 0.752941
vn 0.361585 0.660470 -0.658055
v 19.581661 3.637084 441.346222 0.752941 0.752941 0.752941
vn -0.000225 0.741796 -0.670625
v 18.929001 3.923677 441.653107 0.752941 0.752941 0.752941
vn 0.578181 -0.621731 -0.528353
v 18.924795 2.156108 441.147125 0.752941 0.752941 0.752941
vn -0.337213 0.368056 0.866500
v 23.578955 7.433874 458.241028 0.752941 0.752941 0.752941
vn 0.264231 0.787686 -0.556537
v 15.496776 4.343991 441.477142 0.752941 0.752941 0.752941
vn -0.987699 -0.060930 -0.144007
v 10.522430 0.651744 442.094391 0.752941 0.752941 0.752941
vn -0.419781 0.556912 0.716682
v 24.106548 7.416751 458.555450 0.752941 0.752941 0.752941
vn -0.947035 0.300459 -0.113353
v 10.356702 -1.469314 441.459961 0.752941 0.752941 0.752941
vn 0.383650 -0.869649 0.310682
v 14.630093 -2.324938 441.517059 0.752941 0.752941 0.752941
vn -0.815825 -0.440416 0.374785
v 10.394316 -1.700646 441.555023 0.752941 0.752941 0.752941
vn -0.699338 0.459677 -0.547378
v 10.129320 4.805148 441.964203 0.752941 0.752941 0.752941
vn 0.054081 -0.764877 0.641903
v 14.005957 -2.518551 441.337280 0.752941 0.752941 0.752941
vn 0.568038 -0.539182 -0.621784
v 18.750086 1.495807 441.586487 0.752941 0.752941 0.752941
vn -0.268723 -0.670599 0.691437
v 11.012473 -2.159111 441.605133 0.752941 0.752941 0.752941
vn 0.000450 -0.768335 0.640048
v 14.401565 -2.249532 441.724670 0.752941 0.752941 0.752941
vn 0.164787 0.808504 -0.564948
v 15.342125 4.509194 441.616760 0.752941 0.752941 0.752941
vn -0.264959 -0.829946 0.490904
v 23.985119 6.306140 458.182465 0.752941 0.752941 0.752941
vn 0.774066 0.057269 -0.630509
v 19.961288 3.248601 441.492889 0.752941 0.752941 0.752941
vn 0.180155 0.819163 -0.544534
v 15.901238 4.206300 441.473938 0.752941 0.752941 0.752941
vn -0.176232 0.711415 -0.680316
v 10.563743 4.464867 441.368103 0.752941 0.752941 0.752941
vn -0.003844 0.786507 -0.617570
v 14.668101 4.586930 441.615356 0.752941 0.752941 0.752941
vn 0.579190 -0.569239 -0.583529
v 18.316208 0.897887 441.726288 0.752941 0.752941 0.752941
vn -0.045149 0.681312 -0.730599
v 19.248480 3.877044 441.582733 0.752941 0.752941 0.752941
vn -0.010061 -0.625215 0.780388
v 11.230292 -2.011920 441.746002 0.752941 0.752941 0.752941
vn -0.299494 -0.626909 0.719228
v 10.875873 -1.903175 441.769440 0.752941 0.752941 0.752941
vn 0.628520 0.241631 0.739308
v 33.092060 7.264956 458.424377 0.752941 0.752941 0.752941
vn -0.265608 -0.881920 0.389449
v 31.258425 4.647325 458.056152 0.752941 0.752941 0.752941
vn -0.006992 -0.691842 0.722015
v 12.182397 -2.086189 441.631958 0.752941 0.752941 0.752941
vn -0.855657 0.399351 -0.329195
v 10.696125 -0.842371 441.720551 0.752941 0.752941 0.752941
vn 0.589006 -0.588980 -0.553330
v 17.122652 -0.034192 441.472839 0.752941 0.752941 0.752941
vn -0.982242 -0.040604 -0.183174
v 10.321849 3.443408 441.250793 0.752941 0.752941 0.752941
vn 0.099285 0.709942 -0.697227
v 19.379349 4.103263 441.752563 0.752941 0.752941 0.752941
vn -0.326758 -0.854900 0.402957
v 32.137554 4.381900 458.162933 0.752941 0.752941 0.752941
vn -0.277999 -0.861798 0.424288
v 28.332863 5.319602 457.829132 0.752941 0.752941 0.752941
vn -0.109148 -0.940027 0.323164
v 33.222122 3.958011 458.019867 0.752941 0.752941 0.752941
vn 0.726135 0.195728 0.659104
v 33.531349 6.885195 458.098663 0.752941 0.752941 0.752941
vn -0.112637 -0.707614 0.697564
v 13.783161 -2.054446 441.735687 0.752941 0.752941 0.752941
vn 0.012094 0.763867 -0.645261
v 11.561944 4.552311 441.517792 0.752941 0.752941 0.752941
vn 0.122920 0.758285 -0.640230
v 18.292456 3.863047 441.422913 0.752941 0.752941 0.752941
vn -0.260562 0.566403 0.781854
v 24.054974 7.627449 458.356232 0.752941 0.752941 0.752941
vn 0.504118 -0.840067 -0.200381
v 15.794061 -1.462079 441.815399 0.752941 0.752941 0.752941
vn -0.054739 0.674528 -0.736217
v 14.165140 4.548935 441.657898 0.752941 0.752941 0.752941
vn 0.519456 -0.541654 -0.660891
v 18.740587 1.186873 441.815582 0.752941 0.752941 0.752941
vn 0.102778 0.768378 -0.631689
v 16.989483 4.213490 441.605225 0.752941 0.752941 0.752941
vn -0.979677 -0.105128 -0.170823
v 10.128864 4.024450 441.880249 0.752941 0.752941 0.752941
vn 0.101772 0.740907 -0.663851
v 16.355249 4.417111 441.780914 0.752941 0.752941 0.752941
vn -0.060843 0.682485 -0.728363
v 13.521252 4.953214 442.095856 0.752941 0.752941 0.752941
vn -0.040183 -0.668513 0.742614
v 11.440692 -1.837937 441.867432 0.752941 0.752941 0.752941
vn 0.384612 0.641248 -0.663984
v 19.921972 3.820451 441.777679 0.752941 0.752941 0.752941
vn 0.189351 0.716464 -0.671435
v 15.713059 4.588605 441.852905 0.752941 0.752941 0.752941
vn -0.019130 -0.672489 0.739860
v 12.622507 -1.904810 441.796356 0.752941 0.752941 0.752941
vn -0.184623 0.729526 -0.658563
v 10.435276 4.909738 441.852753 0.752941 0.752941 0.752941
vn -0.991487 -0.051977 -0.119384
v 10.651491 2.015058 441.597900 0.752941 0.752941 0.752941
vn 0.506777 -0.532154 -0.678225
v 17.486469 -0.352867 442.101929 0.752941 0.752941 0.752941
vn 0.023136 -0.701560 0.712235
v 12.106155 -1.864534 441.858765 0.752941 0.752941 0.752941
vn -0.437569 -0.635744 0.635895
v 10.742549 -1.633204 441.964203 0.752941 0.752941 0.752941
vn -0.173539 0.544758 0.820441
v 23.966286 8.165911 458.037109 0.752941 0.752941 0.752941
vn 0.511134 -0.618057 -0.597284
v 16.523674 -0.924856 441.847076 0.752941 0.752941 0.752941
vn 0.551614 -0.556952 -0.620908
v 17.690928 0.199518 441.792969 0.752941 0.752941 0.752941
vn -0.420229 -0.644443 0.638828
v 23.587215 6.492055 458.160126 0.752941 0.752941 0.752941
vn -0.969694 -0.205159 -0.132676
v 10.341430 3.164557 442.216583 0.752941 0.752941 0.752941
vn 0.772225 -0.420546 -0.476245
v 19.887199 2.751534 441.670685 0.752941 0.752941 0.752941
vn 0.591294 -0.489420 -0.640968
v 19.060061 1.565012 441.805542 0.752941 0.752941 0.752941
vn 0.664365 -0.500317 -0.555250
v 19.479937 1.942959 441.956268 0.752941 0.752941 0.752941
vn 0.521728 -0.564181 -0.639921
v 16.880592 -0.666101 441.884064 0.752941 0.752941 0.752941
vn 0.106436 0.743508 -0.660202
v 16.039652 4.847772 442.157532 0.752941 0.752941 0.752941
vn 0.160174 0.797006 -0.582346
v 19.343636 4.260371 441.935181 0.752941 0.752941 0.752941
vn 0.471477 0.437890 -0.765481
v 20.247065 3.812712 441.923859 0.752941 0.752941 0.752941
vn -0.961876 0.068465 -0.264777
v 10.773077 -0.533107 441.838501 0.752941 0.752941 0.752941
vn 0.632493 0.594221 0.496845
v 33.153351 8.812335 457.690308 0.752941 0.752941 0.752941
vn 0.060243 0.723199 -0.688008
v 10.944361 4.826042 441.830719 0.752941 0.752941 0.752941
vn 0.055167 0.748316 -0.661045
v 14.018374 5.025500 442.037903 0.752941 0.752941 0.752941
vn -0.946423 0.111287 -0.303147
v 10.076497 4.776149 442.181519 0.752941 0.752941 0.752941
vn 0.105562 0.759368 -0.642041
v 18.106564 4.456656 442.131256 0.752941 0.752941 0.752941
vn -0.907191 -0.228919 0.352988
v 10.514741 -1.287933 441.974762 0.752941 0.752941 0.752941
vn -0.194495 -0.714516 0.672041
v 10.944344 -1.318770 442.353302 0.752941 0.752941 0.752941
vn 0.694534 0.094923 -0.713171
v 20.611647 3.608006 442.105225 0.752941 0.752941 0.752941
vn 0.029579 -0.701483 0.712072
v 12.302318 -1.743467 441.957214 0.752941 0.752941 0.752941
vn -0.094126 -0.655395 0.749398
v 11.164302 -1.683489 441.950378 0.752941 0.752941 0.752941
vn 0.111814 0.778618 -0.617455
v 14.338567 4.817217 441.868591 0.752941 0.752941 0.752941
vn -0.054535 -0.658475 0.750624
v 13.111017 -2.140698 441.656281 0.752941 0.752941 0.752941
vn 0.080673 0.825728 -0.558270
v 14.847353 4.791833 442.028107 0.752941 0.752941 0.752941
vn -0.569891 -0.580359 0.581728
v 10.696169 -1.381180 442.156281 0.752941 0.752941 0.752941
vn 0.690362 -0.462680 -0.556172
v 20.096504 2.429596 442.248840 0.752941 0.752941 0.752941
vn 0.258983 -0.920203 -0.293519
v 16.298647 -1.387899 442.079590 0.752941 0.752941 0.752941
vn 0.569003 -0.519348 -0.637584
v 19.064461 1.122291 442.130585 0.752941 0.752941 0.752941
vn 0.484087 -0.559571 -0.672710
v 18.737768 0.726662 442.200378 0.752941 0.752941 0.752941
vn 0.044720 0.737452 -0.673918
v 18.661097 4.451203 442.177673 0.752941 0.752941 0.752941
vn 0.090341 0.790007 -0.606405
v 15.527340 4.762690 441.968506 0.752941 0.752941 0.752941
vn 0.001862 -0.696514 0.717541
v 11.856185 -1.722570 442.011353 0.752941 0.752941 0.752941
vn -0.094807 -0.703770 0.704074
v 14.175894 -1.868582 442.104340 0.752941 0.752941 0.752941
vn -0.888430 -0.387770 0.245613
v 10.506316 -0.894418 442.482758 0.752941 0.752941 0.752941
vn 0.248191 -0.812357 0.527710
v 15.128137 -1.777776 442.138885 0.752941 0.752941 0.752941
vn 0.201605 -0.946787 0.250897
v 15.649953 -1.465995 442.259186 0.752941 0.752941 0.752941
vn -0.210898 0.107742 0.971552
v 22.989620 7.272897 458.185822 0.752941 0.752941 0.752941
vn -0.952768 0.245483 -0.178805
v 10.572334 -0.900051 442.015533 0.752941 0.752941 0.752941
vn 0.416767 -0.649697 -0.635767
v 16.756121 -1.263544 442.225891 0.752941 0.752941 0.752941
vn -0.022679 0.136830 0.990335
v 21.481436 7.267506 458.037445 0.752941 0.752941 0.752941
vn 0.504971 -0.558858 -0.657786
v 18.381571 0.541282 442.139893 0.752941 0.752941 0.752941
vn -0.085643 0.197605 0.976533
v 22.251585 7.406886 457.998627 0.752941 0.752941 0.752941
vn 0.641283 -0.457777 -0.615789
v 19.383083 1.488297 442.150757 0.752941 0.752941 0.752941
vn 0.029478 0.708540 -0.705055
v 11.528552 5.140439 442.183807 0.752941 0.752941 0.752941
vn -0.048239 0.717388 -0.695002
v 10.607333 5.139813 442.080963 0.752941 0.752941 0.752941
vn -0.005231 0.775019 -0.631917
v 10.633906 5.310068 442.291199 0.752941 0.752941 0.752941
vn -0.055512 -0.710640 0.701363
v 13.029812 -1.589566 442.104950 0.752941 0.752941 0.752941
vn -0.130835 -0.357190 0.924823
v 21.479082 6.905726 458.006104 0.752941 0.752941 0.752941
vn -0.474159 0.621559 -0.623568
v 10.205723 5.206681 442.179016 0.752941 0.752941 0.752941
vn 0.188412 0.724933 -0.662550
v 20.253853 4.279674 442.375885 0.752941 0.752941 0.752941
vn 0.035029 -0.651299 0.758013
v 14.774814 -1.859098 442.078796 0.752941 0.752941 0.752941
vn -0.013523 -0.691361 0.722383
v 12.069743 -1.574896 442.138916 0.752941 0.752941 0.752941
vn -0.235835 -0.789302 0.566908
v 23.503754 6.327482 457.908997 0.752941 0.752941 0.752941
vn 0.154924 0.735997 -0.659020
v 16.433765 4.783260 442.185364 0.752941 0.752941 0.752941
vn 0.118695 0.777644 -0.617399
v 17.098902 4.574854 442.063568 0.752941 0.752941 0.752941
vn 0.089456 0.767996 -0.634177
v 19.267267 4.387022 442.121185 0.752941 0.752941 0.752941
vn 0.471243 -0.452863 -0.756866
v 17.613768 -0.493918 442.284515 0.752941 0.752941 0.752941
vn -0.057024 -0.692418 0.719240
v 13.896103 -1.616835 442.299530 0.752941 0.752941 0.752941
vn -0.057338 -0.681387 0.729674
v 11.418627 -1.568916 442.131866 0.752941 0.752941 0.752941
vn 0.465870 -0.465376 -0.752589
v 17.103819 -1.059571 442.296967 0.752941 0.752941 0.752941
vn 0.090264 0.692579 -0.715672
v 10.999886 5.080999 442.083679 0.752941 0.752941 0.752941
vn -0.077763 -0.515443 0.853388
v 20.857487 6.800862 457.965576 0.752941 0.752941 0.752941
vn -0.015872 -0.661765 0.749543
v 14.766067 -1.505854 442.361084 0.752941 0.752941 0.752941
vn 0.309653 0.757009 -0.575372
v 19.566690 4.350563 442.247131 0.752941 0.752941 0.752941
vn -0.060306 -0.715210 0.696303
v 12.157420 -1.273346 442.463165 0.752941 0.752941 0.752941
vn -0.223051 0.762111 -0.607812
v 10.218362 5.444931 442.502197 0.752941 0.752941 0.752941
vn -0.935159 -0.301315 -0.186244
v 10.110660 4.000311 442.591309 0.752941 0.752941 0.752941
vn 0.116345 0.742428 -0.659746
v 17.065845 4.736329 442.284058 0.752941 0.752941 0.752941
vn 0.560256 0.285971 -0.777389
v 20.727934 3.915073 442.340637 0.752941 0.752941 0.752941
vn 0.201318 0.730846 -0.652178
v 19.803255 4.368166 442.360718 0.752941 0.752941 0.752941
vn -0.099348 -0.779454 0.618532
v 13.201431 -1.387569 442.375214 0.752941 0.752941 0.752941
vn 0.368901 0.587637 -0.720136
v 20.364161 4.087266 442.188782 0.752941 0.752941 0.752941
vn -0.171391 0.681173 0.711779
v 25.679934 8.263455 458.268188 0.752941 0.752941 0.752941
vn 0.047401 0.742252 -0.668442
v 12.322767 5.086107 442.153839 0.752941 0.752941 0.752941
vn 0.009225 0.723373 -0.690396
v 12.938963 5.176925 442.351318 0.752941 0.752941 0.752941
vn 0.038325 0.795729 -0.604439
v 15.742607 5.170615 442.572235 0.752941 0.752941 0.752941
vn 0.116457 0.774541 -0.621710
v 19.133017 4.636099 442.354797 0.752941 0.752941 0.752941
vn -0.081132 0.683182 -0.725727
v 13.533261 5.190247 442.265137 0.752941 0.752941 0.752941
vn 0.021932 0.735474 -0.677198
v 11.092062 5.395713 442.370667 0.752941 0.752941 0.752941
vn 0.177567 0.813937 -0.553152
v 14.461380 4.994273 442.230621 0.752941 0.752941 0.752941
vn 0.048985 0.803750 -0.592947
v 15.373366 4.981911 442.284424 0.752941 0.752941 0.752941
vn -0.008438 -0.746758 0.665042
v 12.623086 -1.413473 442.302521 0.752941 0.752941 0.752941
vn 0.034076 0.806865 -0.589752
v 15.681410 4.954838 442.294678 0.752941 0.752941 0.752941
vn -0.144691 -0.727246 0.670953
v 13.497172 -1.718149 442.051849 0.752941 0.752941 0.752941
vn -0.069955 -0.714124 0.696515
v 14.946688 -1.227840 442.647125 0.752941 0.752941 0.752941
vn 0.173198 0.711445 -0.681064
v 16.527552 4.985838 442.440857 0.752941 0.752941 0.752941
vn -0.130863 0.802787 0.581728
v 28.298857 8.736219 458.241882 0.752941 0.752941 0.752941
vn -0.024144 -0.168936 0.985331
v 21.917572 6.785284 458.043732 0.752941 0.752941 0.752941
vn 0.029710 0.781933 -0.622655
v 16.054104 5.082379 442.434204 0.752941 0.752941 0.752941
vn 0.170970 0.729435 -0.662340
v 20.559797 4.533329 442.712830 0.752941 0.752941 0.752941
vn 0.709799 -0.235644 -0.663820
v 20.844177 3.569563 442.405640 0.752941 0.752941 0.752941
vn 0.031977 -0.787625 0.615325
v 15.326513 -1.440198 442.491638 0.752941 0.752941 0.752941
vn 0.565881 -0.555341 -0.609405
v 18.909027 0.479673 442.555420 0.752941 0.752941 0.752941
vn 0.638742 0.310675 0.703910
v 33.420708 8.033204 458.030457 0.752941 0.752941 0.752941
vn 0.057639 0.778908 -0.624484
v 14.954410 5.144285 442.466736 0.752941 0.752941 0.752941
vn 0.059150 0.745577 -0.663789
v 11.751081 5.471869 442.497070 0.752941 0.752941 0.752941
vn -0.082476 -0.905225 0.416851
v 16.222700 -1.337712 442.727539 0.752941 0.752941 0.752941
vn 0.727525 -0.387953 -0.565862
v 20.446184 2.799509 442.420685 0.752941 0.752941 0.752941
vn 0.811352 -0.583339 0.037727
v 33.942432 4.119128 457.896240 0.752941 0.752941 0.752941
vn 0.068118 0.742776 -0.666066
v 16.968979 5.119551 442.645966 0.752941 0.752941 0.752941
vn 0.151118 0.805809 -0.572569
v 14.158892 5.304059 442.575134 0.752941 0.752941 0.752941
vn 0.212898 0.780421 -0.587892
v 19.136494 4.867617 442.693054 0.752941 0.752941 0.752941
vn 0.209335 0.755496 -0.620810
v 19.771818 4.634681 442.645996 0.752941 0.752941 0.752941
vn -0.095701 -0.756834 0.646563
v 12.625407 -1.090934 442.667786 0.752941 0.752941 0.752941
vn -0.065533 -0.704738 0.706434
v 11.943754 -1.019265 442.678223 0.752941 0.752941 0.752941
vn -0.042362 -0.698377 0.714476
v 11.547004 -1.168524 442.456482 0.752941 0.752941 0.752941
vn -0.028829 0.803414 -0.594723
v 11.186698 5.605655 442.622009 0.752941 0.752941 0.752941
vn 0.152212 0.771236 -0.618082
v 16.309778 5.115083 442.489655 0.752941 0.752941 0.752941
vn 0.703094 -0.380688 -0.600613
v 21.223280 3.471786 442.895538 0.752941 0.752941 0.752941
vn 0.537390 -0.037370 -0.842506
v 21.365444 4.043459 442.727112 0.752941 0.752941 0.752941
vn 0.005307 -0.673372 0.739285
v 14.544839 -1.376844 442.476318 0.752941 0.752941 0.752941
vn 0.039533 0.738162 -0.673465
v 11.326501 5.564188 442.572083 0.752941 0.752941 0.752941
vn 0.477793 -0.338974 -0.810438
v 17.973047 -0.575022 442.520630 0.752941 0.752941 0.752941
vn -0.364765 -0.704217 0.609118
v 10.682624 -0.890034 442.756653 0.752941 0.752941 0.752941
vn -0.935801 -0.137107 -0.324774
v 10.004935 4.354105 442.439209 0.752941 0.752941 0.752941
vn 0.419323 -0.676865 -0.604997
v 17.441708 -1.089990 442.497955 0.752941 0.752941 0.752941
vn 0.067895 0.758583 -0.648030
v 18.397705 4.732577 442.496735 0.752941 0.752941 0.752941
vn 0.527606 -0.468240 -0.708790
v 18.450733 0.062038 442.541779 0.752941 0.752941 0.752941
vn 0.064896 0.778090 -0.624791
v 14.779121 5.673862 443.108154 0.752941 0.752941 0.752941
vn -0.984912 -0.148575 -0.088737
v 10.293441 1.764969 443.190826 0.752941 0.752941 0.752941
vn 0.126525 0.787623 -0.603027
v 16.626560 5.093828 442.573090 0.752941 0.752941 0.752941
vn -0.718456 0.247088 -0.650207
v 9.884907 5.336664 442.730896 0.752941 0.752941 0.752941
vn -0.110387 -0.720990 0.684097
v 15.385900 -0.949017 442.990601 0.752941 0.752941 0.752941
vn -0.036319 0.821284 -0.569362
v 10.619495 5.571512 442.696381 0.752941 0.752941 0.752941
vn -0.994029 -0.055474 -0.093959
v 10.485725 0.766513 442.730194 0.752941 0.752941 0.752941
vn 0.127729 0.579421 -0.804958
v 21.255915 4.499888 442.837189 0.752941 0.752941 0.752941
vn -0.053401 -0.689840 0.721990
v 13.672200 -1.215854 442.691223 0.752941 0.752941 0.752941
vn 0.127252 0.826945 -0.547694
v 13.739607 5.320490 442.428162 0.752941 0.752941 0.752941
vn -0.164388 -0.568171 0.806324
v 20.263525 6.871616 457.911560 0.752941 0.752941 0.752941
vn 0.125915 0.705827 -0.697104
v 17.449707 5.002259 442.574341 0.752941 0.752941 0.752941
vn 0.021269 -0.672390 0.739892
v 14.004889 -1.028956 442.822601 0.752941 0.752941 0.752941
vn 0.368031 -0.729231 -0.576866
v 17.991081 -0.975867 442.684998 0.752941 0.752941 0.752941
vn 0.333035 0.537103 -0.774989
v 20.720804 4.247560 442.512177 0.752941 0.752941 0.752941
vn -0.951262 0.018099 -0.307852
v 10.523490 -0.284689 442.433594 0.752941 0.752941 0.752941
vn -0.107786 -0.106465 0.988457
v 20.113945 7.185543 458.018921 0.752941 0.752941 0.752941
vn 0.002481 0.688546 -0.725188
v 12.198638 5.824188 442.983154 0.752941 0.752941 0.752941
vn 0.069975 0.817780 -0.571261
v 15.969461 5.299448 442.765015 0.752941 0.752941 0.752941
vn -0.120539 -0.781228 0.612498
v 12.211238 -0.760590 442.938477 0.752941 0.752941 0.752941
vn -0.034427 -0.846567 0.531168
v 15.709186 -1.324664 442.672455 0.752941 0.752941 0.752941
vn 0.027249 0.795452 -0.605403
v 11.504462 5.727093 442.817474 0.752941 0.752941 0.752941
vn 0.386127 -0.838694 -0.384056
v 18.249746 -0.959382 442.836121 0.752941 0.752941 0.752941
vn 0.704251 -0.427320 -0.566946
v 21.011108 2.810491 443.112793 0.752941 0.752941 0.752941
vn -0.221991 -0.736811 0.638615
v 10.849821 -0.553830 443.136169 0.752941 0.752941 0.752941
vn 0.713229 -0.452546 -0.535263
v 20.585518 2.300010 442.950226 0.752941 0.752941 0.752941
vn -0.148159 -0.709005 0.689464
v 22.979029 6.329438 457.839996 0.752941 0.752941 0.752941
vn 0.655369 -0.514200 -0.553254
v 19.316605 0.793561 442.671631 0.752941 0.752941 0.752941
vn 0.130052 0.712009 -0.690021
v 18.167126 5.178501 442.957123 0.752941 0.752941 0.752941
vn -0.194815 0.470357 0.860704
v 23.183338 7.959967 457.926544 0.752941 0.752941 0.752941
vn -0.157026 -0.548951 0.820972
v 19.459921 6.953478 457.777191 0.752941 0.752941 0.752941
vn 0.697645 -0.432024 -0.571530
v 18.755968 -0.414359 443.010010 0.752941 0.752941 0.752941
vn 0.029999 0.764917 -0.643430
v 18.755020 4.853983 442.666565 0.752941 0.752941 0.752941
vn -0.759476 -0.582474 0.289691
v 10.422642 -0.468104 442.950806 0.752941 0.752941 0.752941
vn 0.205755 -0.973420 0.100591
v 16.871819 -1.381686 442.633331 0.752941 0.752941 0.752941
vn 0.208309 -0.972143 0.107450
v 17.507189 -1.127042 442.909821 0.752941 0.752941 0.752941
vn -0.931500 0.166204 -0.323550
v 10.465420 0.300871 442.896454 0.752941 0.752941 0.752941
vn -0.042720 -0.740608 0.670578
v 13.132820 -1.085003 442.790924 0.752941 0.752941 0.752941
vn 0.175747 0.834700 -0.521909
v 13.366714 5.629727 442.877258 0.752941 0.752941 0.752941
vn -0.200963 0.661580 0.722444
v 30.087713 9.544379 457.569427 0.752941 0.752941 0.752941
vn -0.159368 0.791158 0.590484
v 29.460754 8.829980 458.420471 0.752941 0.752941 0.752941
vn -0.349378 -0.499601 0.792675
v 23.317009 6.611726 458.067749 0.752941 0.752941 0.752941
vn 0.097903 0.797605 -0.595181
v 14.000130 5.660010 443.021027 0.752941 0.752941 0.752941
vn 0.522026 0.392583 -0.757210
v 21.687517 4.475390 442.882263 0.752941 0.752941 0.752941
vn -0.149345 0.698581 -0.699772
v 9.971835 5.692428 442.821075 0.752941 0.752941 0.752941
vn 0.198382 0.779437 -0.594242
v 18.921658 5.287143 443.122375 0.752941 0.752941 0.752941
vn 0.158082 0.767933 -0.620717
v 20.021791 4.836693 442.956696 0.752941 0.752941 0.752941
vn 0.628967 -0.450752 -0.633422
v 18.774364 0.080986 442.793793 0.752941 0.752941 0.752941
vn -0.042005 -0.696601 0.716228
v 14.277895 -0.923875 442.937225 0.752941 0.752941 0.752941
vn -0.030659 -0.636444 0.770714
v 13.734559 -0.850954 442.973175 0.752941 0.752941 0.752941
vn -0.182543 -0.889786 0.418280
v 26.952948 5.776968 458.069794 0.752941 0.752941 0.752941
vn 0.818371 0.216520 0.532342
v 33.769341 6.410725 457.996857 0.752941 0.752941 0.752941
vn -0.873029 -0.043109 -0.485759
v 9.726114 4.994448 442.844849 0.752941 0.752941 0.752941
vn 0.078048 0.759093 -0.646286
v 13.135700 5.617802 442.730713 0.752941 0.752941 0.752941
vn -0.128890 -0.968765 0.211854
v 32.518398 3.885762 457.532959 0.752941 0.752941 0.752941
vn 0.026860 -0.620880 0.783445
v 13.351202 -0.821531 442.969727 0.752941 0.752941 0.752941
vn -0.139298 -0.899816 0.413434
v 25.695944 5.803937 457.894653 0.752941 0.752941 0.752941
vn -0.185437 -0.863896 0.468291
v 24.627779 6.247650 458.370850 0.752941 0.752941 0.752941
vn -0.939753 0.145865 -0.309172
v 10.412066 0.686063 443.141327 0.752941 0.752941 0.752941
vn 0.683379 -0.463134 -0.564358
v 19.946688 1.665216 442.688721 0.752941 0.752941 0.752941
vn 0.067293 0.782147 -0.619450
v 15.481856 5.504252 442.960266 0.752941 0.752941 0.752941
vn -0.038269 0.667036 -0.744042
v 21.072287 4.776388 443.110352 0.752941 0.752941 0.752941
vn -0.246310 -0.709023 0.660771
v 16.018341 -0.843710 443.310822 0.752941 0.752941 0.752941
vn -0.070354 0.812010 -0.579387
v 10.902188 5.519518 442.555817 0.752941 0.752941 0.752941
vn -0.985369 0.014128 -0.169850
v 10.418141 1.034729 443.265503 0.752941 0.752941 0.752941
vn -0.046402 0.776005 -0.629017
v 11.974639 5.992864 443.123901 0.752941 0.752941 0.752941
vn -0.022553 -0.759060 0.650630
v 11.382586 -0.640252 443.055634 0.752941 0.752941 0.752941
vn -0.187772 -0.740920 0.644809
v 21.471205 6.484757 457.701691 0.752941 0.752941 0.752941
vn -0.112041 0.556495 0.823262
v 23.569237 8.805920 457.438202 0.752941 0.752941 0.752941
vn -0.055070 -0.720030 0.691754
v 14.556050 -0.854801 443.011749 0.752941 0.752941 0.752941
vn -0.050797 -0.712977 0.699345
v 12.762955 -0.874926 443.018524 0.752941 0.752941 0.752941
vn -0.943238 0.003833 -0.332096
v 10.237338 -0.039637 442.980347 0.752941 0.752941 0.752941
vn 0.152943 0.774694 -0.613561
v 17.833946 5.492770 443.133179 0.752941 0.752941 0.752941
vn -0.038430 -0.750302 0.659978
v 16.470791 -1.116211 443.184387 0.752941 0.752941 0.752941
vn 0.588579 -0.780074 -0.212271
v 18.457956 -0.941268 443.011261 0.752941 0.752941 0.752941
vn 0.799238 -0.078860 -0.595819
v 21.710577 4.291418 442.886230 0.752941 0.752941 0.752941
vn -0.002581 -0.738014 0.674780
v 12.475424 -0.606198 443.243835 0.752941 0.752941 0.752941
vn -0.099460 -0.590691 0.800745
v 21.968166 6.491052 457.917877 0.752941 0.752941 0.752941
vn 0.036736 0.781777 -0.622475
v 16.679815 5.790406 443.457794 0.752941 0.752941 0.752941
vn -0.180798 -0.726825 0.662599
v 15.686956 -0.707301 443.279175 0.752941 0.752941 0.752941
vn 0.161990 0.762248 -0.626687
v 20.162167 5.061942 443.291321 0.752941 0.752941 0.752941
vn -0.082332 -0.733122 0.675095
v 14.904043 -0.721122 443.212677 0.752941 0.752941 0.752941
vn -0.025610 0.802680 -0.595860
v 10.847150 5.887870 443.083862 0.752941 0.752941 0.752941
vn 0.253063 0.772185 -0.582828
v 19.300970 4.966322 442.938751 0.752941 0.752941 0.752941
vn -0.111748 -0.792392 0.599690
v 20.348063 6.680798 457.730255 0.752941 0.752941 0.752941
vn 0.048652 0.790827 -0.610103
v 10.247488 6.114872 443.369263 0.752941 0.752941 0.752941
vn -0.036436 0.837495 -0.545229
v 11.390245 6.032341 443.263153 0.752941 0.752941 0.752941
vn 0.033553 0.367607 0.929376
v 20.772688 7.911931 457.781067 0.752941 0.752941 0.752941
vn 0.151458 0.799576 -0.581153
v 13.320123 5.851561 443.171967 0.752941 0.752941 0.752941
vn 0.049976 0.751400 -0.657952
v 20.688900 4.836928 443.142090 0.752941 0.752941 0.752941
vn 0.310564 0.687140 -0.656802
v 21.418760 4.771936 443.049561 0.752941 0.752941 0.752941
vn -0.177957 -0.228335 0.957180
v 18.927729 7.270412 457.851166 0.752941 0.752941 0.752941
vn -0.871024 -0.267785 -0.411837
v 9.410275 5.199943 443.437836 0.752941 0.752941 0.752941
vn -0.567098 0.200377 -0.798905
v 9.378791 5.836987 443.156158 0.752941 0.752941 0.752941
vn -0.046619 0.855521 -0.515665
v 11.959686 6.206766 443.496552 0.752941 0.752941 0.752941
vn -0.123371 0.277271 0.952838
v 19.177057 7.736583 457.824615 0.752941 0.752941 0.752941
vn -0.014186 -0.883048 0.469068
v 17.522293 -0.981234 443.345795 0.752941 0.752941 0.752941
vn 0.151284 0.776278 -0.611969
v 20.356705 4.922926 443.155121 0.752941 0.752941 0.752941
vn -0.971666 -0.086622 -0.219915
v 10.331977 2.323302 442.793884 0.752941 0.752941 0.752941
vn 0.139288 0.787878 -0.599873
v 18.373917 5.399155 443.222534 0.752941 0.752941 0.752941
vn -0.131715 -0.823040 0.552500
v 21.981327 6.276028 457.688538 0.752941 0.752941 0.752941
vn -0.298093 -0.334704 0.893931
v 18.084885 7.232691 457.666534 0.752941 0.752941 0.752941
vn 0.212048 0.790421 -0.574691
v 19.373163 5.194245 443.246887 0.752941 0.752941 0.752941
vn 0.156749 0.772376 -0.615521
v 19.823854 5.168817 443.320984 0.752941 0.752941 0.752941
vn 0.070220 0.783021 -0.618019
v 16.367687 5.544873 443.116089 0.752941 0.752941 0.752941
vn -0.167647 0.649401 -0.741737
v 9.623180 6.016682 443.187775 0.752941 0.752941 0.752941
vn -0.146942 -0.774432 0.615356
v 10.854092 -0.280402 443.514404 0.752941 0.752941 0.752941
vn -0.012516 0.721984 -0.691796
v 20.734032 5.101960 443.460480 0.752941 0.752941 0.752941
vn 0.221165 0.747720 -0.626099
v 19.253517 5.292336 443.355988 0.752941 0.752941 0.752941
vn -0.010253 -0.802685 0.596315
v 17.078232 -0.992003 443.258911 0.752941 0.752941 0.752941
vn 0.470425 0.535591 -0.701315
v 21.927505 4.815647 443.560791 0.752941 0.752941 0.752941
vn 0.699092 -0.470529 -0.538398
v 20.825500 2.301110 443.294861 0.752941 0.752941 0.752941
vn 0.702618 -0.494737 -0.511433
v 20.230999 1.410280 443.282623 0.752941 0.752941 0.752941
vn 0.708378 -0.406119 -0.577293
v 21.619938 3.235928 443.523285 0.752941 0.752941 0.752941
vn -0.066424 -0.703683 0.707402
v 14.347517 -0.389274 443.421570 0.752941 0.752941 0.752941
vn 0.135776 0.758990 -0.636788
v 20.434465 5.121481 443.426392 0.752941 0.752941 0.752941
vn -0.054104 -0.700583 0.711517
v 13.597313 -0.534925 443.227478 0.752941 0.752941 0.752941
vn -0.117494 -0.370526 0.921361
v 22.622795 6.669306 457.969666 0.752941 0.752941 0.752941
vn 0.731602 -0.542924 -0.412300
v 19.122217 -0.154200 443.347687 0.752941 0.752941 0.752941
vn -0.183349 -0.721069 0.668163
v 19.933870 6.698531 457.707275 0.752941 0.752941 0.752941
vn 0.041880 0.799600 -0.599070
v 12.477948 6.047498 443.123291 0.752941 0.752941 0.752941
vn -0.971745 0.084507 -0.220388
v 10.167371 0.262417 443.366852 0.752941 0.752941 0.752941
vn 0.658503 -0.509346 -0.554022
v 20.475094 1.210318 443.821808 0.752941 0.752941 0.752941
vn -0.115295 0.672132 0.731400
v 24.890820 8.542557 457.821777 0.752941 0.752941 0.752941
vn 0.115450 -0.918346 0.378564
v 18.181299 -0.950698 443.494171 0.752941 0.752941 0.752941
vn 0.777655 0.263858 -0.570642
v 21.821375 4.432965 443.209625 0.752941 0.752941 0.752941
vn 0.074846 0.770034 -0.633598
v 13.424477 6.135803 443.540375 0.752941 0.752941 0.752941
vn -0.229993 -0.929392 0.288675
v 32.110394 3.923417 457.232483 0.752941 0.752941 0.752941
vn 0.534694 0.815964 0.219783
v 32.450901 9.668031 457.182800 0.752941 0.752941 0.752941
vn 0.318779 0.703188 -0.635537
v 21.831209 5.020771 443.706421 0.752941 0.752941 0.752941
vn 0.157890 0.737615 -0.656501
v 19.484377 5.439697 443.542175 0.752941 0.752941 0.752941
vn -0.046139 -0.776261 0.628722
v 15.457192 -0.519013 443.515869 0.752941 0.752941 0.752941
vn 0.351594 -0.935855 -0.023608
v 33.621513 3.940647 457.605316 0.752941 0.752941 0.752941
vn 0.684858 -0.560707 -0.465379
v 19.468880 0.303725 443.331970 0.752941 0.752941 0.752941
vn 0.696891 -0.480046 -0.532822
v 20.660681 1.703617 443.641357 0.752941 0.752941 0.752941
vn 0.920254 0.056349 0.387243
v 34.142879 6.725329 457.489868 0.752941 0.752941 0.752941
vn 0.944898 -0.022863 0.326565
v 33.962788 5.804287 457.772461 0.752941 0.752941 0.752941
vn -0.065981 -0.696174 0.714834
v 14.027363 -0.575329 443.265411 0.752941 0.752941 0.752941
vn -0.335069 -0.849300 0.407944
v 31.700247 4.404174 457.699249 0.752941 0.752941 0.752941
vn 0.256672 0.760725 0.596168
v 31.911303 9.646612 457.686768 0.752941 0.752941 0.752941
vn -0.113792 -0.673387 0.730480
v 14.578268 -0.558132 443.327911 0.752941 0.752941 0.752941
vn -0.154867 -0.902591 0.401680
v 29.339018 5.106760 457.848297 0.752941 0.752941 0.752941
vn 0.770491 -0.253598 -0.584835
v 21.925480 4.159708 443.335846 0.752941 0.752941 0.752941
vn 0.024292 0.816880 -0.576295
v 11.118418 6.235848 443.559814 0.752941 0.752941 0.752941
vn -0.222664 -0.877414 0.424931
v 25.267069 6.028521 458.023315 0.752941 0.752941 0.752941
vn -0.797856 -0.076834 -0.597932
v 8.950300 6.008551 443.550446 0.752941 0.752941 0.752941
vn -0.170350 -0.900703 0.399643
v 23.826345 6.055722 457.456421 0.752941 0.752941 0.752941
vn 0.683749 -0.729678 0.007561
v 18.703840 -0.703611 443.315796 0.752941 0.752941 0.752941
vn 0.051893 0.778756 -0.625177
v 16.906488 5.433110 443.056091 0.752941 0.752941 0.752941
vn 0.165932 0.832358 -0.528817
v 18.144115 5.620604 443.491821 0.752941 0.752941 0.752941
vn 0.689605 -0.174833 -0.702765
v 22.176733 4.401537 443.582764 0.752941 0.752941 0.752941
vn -0.246533 0.093496 0.964614
v 18.036356 7.646596 457.657196 0.752941 0.752941 0.752941
vn 0.021106 0.737605 -0.674902
v 20.993141 5.228010 443.493774 0.752941 0.752941 0.752941
vn -0.075101 -0.794735 0.602292
v 11.589617 -0.335520 443.469543 0.752941 0.752941 0.752941
vn -0.054727 0.346539 0.936438
v 19.831221 8.006933 457.778564 0.752941 0.752941 0.752941
vn -0.001467 -0.649322 0.760512
v 16.290012 -0.718984 443.505798 0.752941 0.752941 0.752941
vn -0.097579 -0.720377 0.686685
v 14.772541 -0.172104 443.708527 0.752941 0.752941 0.752941
vn 0.687400 -0.722892 -0.070060
v 19.272392 -0.118152 443.778442 0.752941 0.752941 0.752941
vn -0.149354 -0.692085 0.706195
v 18.560163 6.840380 457.538666 0.752941 0.752941 0.752941
vn 0.014048 0.806435 -0.591156
v 10.572939 6.126113 443.398193 0.752941 0.752941 0.752941
vn -0.020964 -0.671957 0.740293
v 16.553606 -0.628554 443.516174 0.752941 0.752941 0.752941
vn -0.137311 -0.711513 0.689127
v 15.038952 -0.460470 443.505157 0.752941 0.752941 0.752941
vn 0.080286 -0.669927 0.738073
v 12.894505 -0.459720 443.311462 0.752941 0.752941 0.752941
vn -0.101407 -0.741730 0.662988
v 10.842345 -0.148020 443.640533 0.752941 0.752941 0.752941
vn 0.188901 0.786435 -0.588078
v 19.182713 5.454170 443.501617 0.752941 0.752941 0.752941
vn 0.131384 0.831457 -0.539831
v 18.804441 5.598983 443.600677 0.752941 0.752941 0.752941
vn 0.031939 0.797190 -0.602884
v 9.944571 6.500240 443.828278 0.752941 0.752941 0.752941
vn 0.099613 0.813730 -0.572643
v 12.849505 6.162421 443.477295 0.752941 0.752941 0.752941
vn -0.314834 -0.757299 0.572169
v 10.544378 -0.158885 443.564575 0.752941 0.752941 0.752941
vn 0.089061 0.801231 -0.591690
v 17.171320 6.032453 443.770752 0.752941 0.752941 0.752941
vn 0.157990 0.756933 -0.634107
v 19.832502 5.440138 443.643005 0.752941 0.752941 0.752941
vn 0.097877 0.706474 -0.700939
v 20.403042 5.335720 443.656494 0.752941 0.752941 0.752941
vn -0.108850 -0.741221 0.662377
v 16.872717 -0.276836 443.952026 0.752941 0.752941 0.752941
vn -0.124250 -0.730673 0.671327
v 17.219381 -0.656894 443.650055 0.752941 0.752941 0.752941
vn -0.121710 -0.784648 0.607877
v 15.649234 -0.407508 443.656921 0.752941 0.752941 0.752941
vn 0.683976 -0.578055 -0.445005
v 20.095602 0.856660 443.689392 0.752941 0.752941 0.752941
vn -0.740687 0.050570 -0.669945
v 8.723861 6.224963 443.862946 0.752941 0.752941 0.752941
vn -0.282627 0.655738 -0.700093
v 9.184449 6.315272 443.584991 0.752941 0.752941 0.752941
vn 0.680674 -0.444781 -0.582111
v 21.422232 2.459029 443.924652 0.752941 0.752941 0.752941
vn 0.195740 0.793868 -0.575726
v 21.019169 5.458091 443.813904 0.752941 0.752941 0.752941
vn 0.077896 0.787638 -0.611194
v 15.682457 5.957208 443.571106 0.752941 0.752941 0.752941
vn 0.138532 0.811196 -0.568128
v 19.496120 5.578368 443.742096 0.752941 0.752941 0.752941
vn -0.188520 -0.762179 0.619309
v 19.628565 6.734630 457.616089 0.752941 0.752941 0.752941
vn 0.001840 0.697203 -0.716871
v 20.630512 5.411225 443.716156 0.752941 0.752941 0.752941
vn -0.000535 0.808183 -0.588931
v 11.435099 6.284479 443.675873 0.752941 0.752941 0.752941
vn -0.099378 -0.724076 0.682523
v 16.074322 -0.538248 443.671143 0.752941 0.752941 0.752941
vn -0.068500 0.739413 -0.669758
v 12.664391 6.557014 443.928833 0.752941 0.752941 0.752941
vn 0.019213 -0.762351 0.646879
v 12.916166 0.009665 443.794281 0.752941 0.752941 0.752941
vn 0.353113 0.512969 -0.782415
v 22.199677 4.925020 443.764984 0.752941 0.752941 0.752941
vn -0.125815 -0.755457 0.643005
v 18.258528 -0.669507 443.855652 0.752941 0.752941 0.752941
vn 0.056156 0.737173 -0.673366
v 20.144096 5.505581 443.792267 0.752941 0.752941 0.752941
vn 0.030992 0.790326 -0.611902
v 10.655460 6.341054 443.710724 0.752941 0.752941 0.752941
vn 0.182303 0.816097 -0.548409
v 17.564697 5.977107 443.861938 0.752941 0.752941 0.752941
vn -0.912594 -0.323695 -0.249788
v 9.610629 4.167905 443.748047 0.752941 0.752941 0.752941
vn 0.562649 0.215820 -0.798027
v 22.387735 4.640688 443.727509 0.752941 0.752941 0.752941
vn -0.126133 -0.741328 0.659184
v 17.625851 -0.694488 443.662201 0.752941 0.752941 0.752941
vn -0.040197 -0.818014 0.573792
v 22.554977 6.275979 457.637756 0.752941 0.752941 0.752941
vn 0.128313 0.736291 -0.664388
v 13.314571 6.429943 443.872711 0.752941 0.752941 0.752941
vn -0.867703 -0.466089 0.172777
v 10.158850 0.277108 443.803497 0.752941 0.752941 0.752941
vn -0.940633 0.204904 -0.270601
v 10.292138 0.774532 443.528778 0.752941 0.752941 0.752941
vn -0.050887 -0.787670 0.613992
v 11.936036 -0.252288 443.705933 0.752941 0.752941 0.752941
vn -0.138243 -0.887217 0.440153
v 21.890068 6.089067 457.249695 0.752941 0.752941 0.752941
vn 0.128553 0.801959 -0.583383
v 18.361416 5.867043 443.918762 0.752941 0.752941 0.752941
vn -0.054848 0.829441 -0.555895
v 12.165980 6.451938 443.909241 0.752941 0.752941 0.752941
vn 0.485389 0.444012 -0.753160
v 22.443043 4.900850 443.865753 0.752941 0.752941 0.752941
vn -0.973535 0.061950 -0.219980
v 10.287424 1.433443 444.115753 0.752941 0.752941 0.752941
vn 0.063871 0.783191 -0.618493
v 13.853456 6.259558 443.721313 0.752941 0.752941 0.752941
vn -0.186492 -0.878934 0.438970
v 28.545258 4.975942 457.320160 0.752941 0.752941 0.752941
vn 0.076342 0.785015 -0.614754
v 14.730481 6.222671 443.773865 0.752941 0.752941 0.752941
vn 0.915278 0.252248 0.314067
v 34.049339 7.458186 457.533203 0.752941 0.752941 0.752941
vn 0.961428 -0.160046 -0.223699
v 34.007374 5.514743 457.440216 0.752941 0.752941 0.752941
vn 0.112419 0.722970 -0.681672
v 13.050906 6.726656 444.075989 0.752941 0.752941 0.752941
vn 0.702013 -0.409801 -0.582444
v 22.144524 3.250293 444.172821 0.752941 0.752941 0.752941
vn 0.022584 0.790067 -0.612604
v 16.531443 6.006179 443.742249 0.752941 0.752941 0.752941
vn 0.325003 0.609798 -0.722855
v 22.326942 5.197380 444.023590 0.752941 0.752941 0.752941
vn 0.717216 -0.348556 -0.603414
v 22.463684 4.069060 444.038818 0.752941 0.752941 0.752941
vn 0.060607 0.800294 -0.596537
v 14.454581 6.432900 444.018616 0.752941 0.752941 0.752941
vn 0.013798 0.770109 -0.637763
v 20.283182 5.545524 443.838715 0.752941 0.752941 0.752941
vn -0.924775 -0.370455 -0.086911
v 9.190435 5.007288 444.582855 0.752941 0.752941 0.752941
vn -0.146880 -0.775156 0.614459
v 15.511906 -0.248299 443.859467 0.752941 0.752941 0.752941
vn -0.166057 0.363597 0.916637
v 30.658121 9.797997 457.540680 0.752941 0.752941 0.752941
vn -0.151506 -0.736294 0.659482
v 17.330791 -0.377399 443.982574 0.752941 0.752941 0.752941
vn -0.290896 -0.846632 0.445639
v 10.470378 0.147744 443.913574 0.752941 0.752941 0.752941
vn -0.015832 -0.774900 0.631885
v 11.154235 0.286296 444.241638 0.752941 0.752941 0.752941
vn -0.050348 0.453874 0.889642
v 22.051882 8.020145 457.679565 0.752941 0.752941 0.752941
vn -0.155281 -0.744912 0.648840
v 17.892664 -0.451507 444.004242 0.752941 0.752941 0.752941
vn 0.131092 0.803266 -0.581016
v 18.978167 5.773580 443.909119 0.752941 0.752941 0.752941
vn -0.371008 0.654648 -0.658627
v 8.817062 6.645818 444.071320 0.752941 0.752941 0.752941
vn -0.103333 0.701787 -0.704853
v 12.075620 6.775684 444.321228 0.752941 0.752941 0.752941
vn 0.024769 0.796969 -0.603512
v 11.200345 6.482568 443.900574 0.752941 0.752941 0.752941
vn 0.051307 0.809170 -0.585330
v 10.815690 6.596877 444.008484 0.752941 0.752941 0.752941
vn -0.003117 0.797557 -0.603235
v 11.606844 6.424409 443.826172 0.752941 0.752941 0.752941
vn -0.042216 -0.780295 0.623985
v 14.545670 0.004354 443.945068 0.752941 0.752941 0.752941
vn 0.123944 0.782939 -0.609626
v 18.314077 6.043852 444.118317 0.752941 0.752941 0.752941
vn 0.009237 0.681800 0.731480
v 31.343130 9.682684 457.696869 0.752941 0.752941 0.752941
vn -0.140400 -0.768854 0.623820
v 15.614530 -0.035439 444.197998 0.752941 0.752941 0.752941
vn 0.647687 -0.455054 -0.611087
v 21.085829 1.656169 444.151672 0.752941 0.752941 0.752941
vn -0.193564 -0.770598 0.607216
v 15.081014 0.010171 443.950928 0.752941 0.752941 0.752941
vn 0.523735 0.270676 -0.807735
v 22.691463 4.785194 444.005646 0.752941 0.752941 0.752941
vn -0.123210 0.763343 0.634135
v 26.703539 8.558309 458.141266 0.752941 0.752941 0.752941
vn 0.687835 -0.158822 -0.708279
v 22.605726 4.532514 443.894714 0.752941 0.752941 0.752941
vn 0.209572 0.779790 -0.589921
v 21.571121 5.591680 444.249786 0.752941 0.752941 0.752941
vn 0.037209 -0.869495 0.492538
v 13.147234 0.330687 444.220795 0.752941 0.752941 0.752941
vn 0.188113 0.759578 -0.622620
v 20.681866 5.616105 443.944305 0.752941 0.752941 0.752941
vn -0.826117 -0.495830 -0.267737
v 9.104836 5.422294 444.167542 0.752941 0.752941 0.752941
vn -0.952606 -0.238743 -0.188532
v 9.966271 3.255359 443.839294 0.752941 0.752941 0.752941
vn 0.084629 0.795653 -0.599812
v 15.588522 6.492422 444.246094 0.752941 0.752941 0.752941
vn -0.064030 -0.744545 0.664494
v 16.424831 0.025081 444.215118 0.752941 0.752941 0.752941
vn -0.054833 -0.763544 0.643424
v 15.887977 -0.159537 444.050354 0.752941 0.752941 0.752941
vn 0.019455 0.805116 -0.592798
v 16.896549 6.291705 444.086365 0.752941 0.752941 0.752941
vn 0.118333 0.795005 -0.594949
v 19.837200 5.785316 444.129761 0.752941 0.752941 0.752941
vn 0.155856 0.802434 -0.576029
v 20.649252 5.840875 444.188110 0.752941 0.752941 0.752941
vn 0.514540 -0.638817 -0.571981
v 20.327305 0.546694 444.328217 0.752941 0.752941 0.752941
vn -0.167940 -0.752512 0.636806
v 16.961277 -0.091905 444.200714 0.752941 0.752941 0.752941
vn 0.141807 0.794749 -0.590139
v 16.982718 6.440501 444.316925 0.752941 0.752941 0.752941
vn 0.576039 -0.519356 -0.631227
v 20.681551 0.939913 444.260498 0.752941 0.752941 0.752941
vn 0.199727 0.572643 -0.795103
v 22.723812 5.213201 444.197449 0.752941 0.752941 0.752941
vn -0.903908 -0.421300 0.073872
v 10.019237 0.470763 444.197968 0.752941 0.752941 0.752941
vn -0.970695 0.073319 -0.228859
v 10.043026 0.911771 444.431122 0.752941 0.752941 0.752941
vn -0.026577 -0.821041 0.570251
v 13.871799 0.401944 444.297211 0.752941 0.752941 0.752941
vn 0.293118 -0.875982 0.383064
v 18.888474 -0.298169 444.353149 0.752941 0.752941 0.752941
vn 0.485368 -0.845835 -0.221316
v 19.572247 0.074035 444.136627 0.752941 0.752941 0.752941
vn -0.045225 0.824045 -0.564717
v 12.354469 7.014770 444.442322 0.752941 0.752941 0.752941
vn -0.125576 0.726105 -0.676020
v 12.383647 6.896140 444.302643 0.752941 0.752941 0.752941
vn -0.127515 0.348362 0.928646
v 18.618700 8.258186 457.491302 0.752941 0.752941 0.752941
vn 0.142405 0.784170 -0.603985
v 19.498003 6.165977 444.512177 0.752941 0.752941 0.752941
vn -0.137563 -0.819449 0.556399
v 21.119904 6.526635 457.687592 0.752941 0.752941 0.752941
vn 0.279148 0.390375 -0.877316
v 22.921915 5.185869 444.195557 0.752941 0.752941 0.752941
vn -0.164387 -0.734576 0.658312
v 18.234589 -0.223676 444.359039 0.752941 0.752941 0.752941
vn -0.220075 0.554489 0.802564
v 29.712149 9.706427 457.335236 0.752941 0.752941 0.752941
vn 0.228343 -0.850676 0.473507
v 18.677958 -0.527174 444.064453 0.752941 0.752941 0.752941
vn 0.063485 0.786621 -0.614164
v 14.070337 6.813801 444.495728 0.752941 0.752941 0.752941
vn 0.051235 0.434540 0.899194
v 20.117722 8.869764 457.449890 0.752941 0.752941 0.752941
vn 0.291038 0.791685 -0.537151
v 20.907505 5.864454 444.474762 0.752941 0.752941 0.752941
vn -0.974775 -0.222451 -0.018130
v 10.090135 2.610575 444.326477 0.752941 0.752941 0.752941
vn 0.024624 0.458102 0.888558
v 21.691095 8.989626 457.224091 0.752941 0.752941 0.752941
vn -0.015916 0.828099 -0.560356
v 9.515249 6.834130 444.299530 0.752941 0.752941 0.752941
vn 0.625905 -0.138082 -0.767578
v 22.922441 4.742771 444.201477 0.752941 0.752941 0.752941
vn 0.106045 0.788258 -0.606139
v 13.750329 6.633491 444.230835 0.752941 0.752941 0.752941
vn 0.023156 0.775609 -0.630788
v 16.488604 6.358427 444.191986 0.752941 0.752941 0.752941
vn 0.068625 0.796268 -0.601039
v 14.705132 6.615378 444.286285 0.752941 0.752941 0.752941
vn 0.086283 0.761185 -0.642770
v 22.865763 5.480826 444.478912 0.752941 0.752941 0.752941
vn -0.824959 -0.462194 -0.325299
v 8.574246 6.020128 444.161469 0.752941 0.752941 0.752941
vn 0.003134 -0.805632 0.592408
v 12.673055 0.394813 444.376160 0.752941 0.752941 0.752941
vn -0.168956 -0.901934 0.397452
v 26.973429 5.237560 457.014130 0.752941 0.752941 0.752941
vn -0.963804 0.132181 -0.231538
v 10.219113 1.933531 444.556824 0.752941 0.752941 0.752941
vn -0.077203 -0.746579 0.660802
v 16.396683 0.342031 444.604218 0.752941 0.752941 0.752941
vn 0.729673 -0.387468 -0.563423
v 22.848612 3.549760 444.821320 0.752941 0.752941 0.752941
vn 0.132146 0.481619 0.866360
v 30.712137 10.217023 457.495056 0.752941 0.752941 0.752941
vn 0.615209 -0.441617 -0.653064
v 21.144785 1.130100 444.544495 0.752941 0.752941 0.752941
vn -0.141097 -0.736101 0.662003
v 17.872051 -0.158456 444.334198 0.752941 0.752941 0.752941
vn 0.131451 0.793183 -0.594627
v 18.816975 6.326697 444.606140 0.752941 0.752941 0.752941
vn 0.636581 -0.205239 -0.743399
v 23.127363 4.992654 444.250732 0.752941 0.752941 0.752941
vn -0.001420 0.783874 -0.620918
v 20.235365 5.903270 444.364838 0.752941 0.752941 0.752941
vn 0.936680 -0.213713 -0.277411
v 34.140972 6.047931 457.164429 0.752941 0.752941 0.752941
vn -0.054284 0.740793 -0.669536
v 11.526680 6.874643 444.442108 0.752941 0.752941 0.752941
vn 0.092214 0.775774 -0.624236
v 19.799892 6.314442 444.809723 0.752941 0.752941 0.752941
vn -0.116506 0.631041 -0.766951
v 11.662707 6.988523 444.516235 0.752941 0.752941 0.752941
vn 0.247183 0.730823 -0.636238
v 13.353505 6.745876 444.230347 0.752941 0.752941 0.752941
vn 0.122272 0.793757 -0.595818
v 17.900999 6.237236 444.310638 0.752941 0.752941 0.752941
vn 0.190744 0.743788 -0.640621
v 22.579359 5.365898 444.293762 0.752941 0.752941 0.752941
vn 0.614816 0.300787 -0.729060
v 23.341370 5.245597 444.414856 0.752941 0.752941 0.752941
vn -0.274168 -0.033430 0.961101
v 30.074337 10.275074 457.425232 0.752941 0.752941 0.752941
vn -0.143529 -0.753882 0.641141
v 17.392206 -0.059943 444.348511 0.752941 0.752941 0.752941
vn -0.077666 0.280550 0.956692
v 30.410183 10.319778 457.498230 0.752941 0.752941 0.752941
vn -0.821568 0.245775 -0.514413
v 8.409483 6.477936 444.312012 0.752941 0.752941 0.752941
vn -0.262474 0.156473 0.952168
v 30.019455 9.885122 457.351685 0.752941 0.752941 0.752941
vn -0.174821 -0.732822 0.657578
v 18.192265 -0.001576 444.566010 0.752941 0.752941 0.752941
vn 0.112746 0.781017 -0.614248
v 18.259012 6.260908 444.385010 0.752941 0.752941 0.752941
vn -0.101991 0.788845 0.606071
v 27.217716 8.974713 457.670410 0.752941 0.752941 0.752941
vn 0.002010 -0.706423 0.707787
v 15.771708 0.149695 444.383545 0.752941 0.752941 0.752941
vn -0.862870 0.221184 -0.454460
v 10.224639 1.529994 444.294373 0.752941 0.752941 0.752941
vn 0.687865 -0.420477 -0.591642
v 21.851564 2.286723 444.506378 0.752941 0.752941 0.752941
vn 0.084699 0.851028 -0.518245
v 13.152278 6.988444 444.433685 0.752941 0.752941 0.752941
vn 0.120791 0.799175 -0.588836
v 17.678198 6.607917 444.743896 0.752941 0.752941 0.752941
vn 0.111808 0.794008 -0.597536
v 18.146374 6.488470 444.652832 0.752941 0.752941 0.752941
vn 0.122080 0.783319 -0.609515
v 19.076157 6.071380 444.325470 0.752941 0.752941 0.752941
vn -0.203581 -0.805577 0.556418
v 14.847383 0.325311 444.345856 0.752941 0.752941 0.752941
vn 0.020301 0.812547 -0.582543
v 11.052194 6.845174 444.424866 0.752941 0.752941 0.752941
vn 0.463221 -0.660760 -0.590612
v 20.811913 0.353843 444.849091 0.752941 0.752941 0.752941
vn 0.004586 0.869069 -0.494669
v 13.249046 7.104419 444.694611 0.752941 0.752941 0.752941
vn 0.027624 0.826346 -0.562484
v 9.953774 6.898560 444.410797 0.752941 0.752941 0.752941
vn 0.154515 0.762930 -0.627744
v 13.741955 6.825271 444.475098 0.752941 0.752941 0.752941
vn -0.049954 -0.735816 0.675336
v 15.919945 0.492908 444.685242 0.752941 0.752941 0.752941
vn -0.218956 -0.814103 0.537861
v 15.243358 0.168116 444.326691 0.752941 0.752941 0.752941
vn 0.071384 0.800319 -0.595309
v 14.457264 6.911966 444.659882 0.752941 0.752941 0.752941
vn -0.166293 -0.753771 0.635748
v 16.995363 0.119703 444.462280 0.752941 0.752941 0.752941
vn -0.221130 -0.781440 0.583484
v 18.646095 -0.110872 444.611450 0.752941 0.752941 0.752941
vn -0.973348 -0.229176 0.008490
v 8.270911 6.373115 444.835724 0.752941 0.752941 0.752941
vn 0.537650 -0.530203 -0.655605
v 20.800446 0.639385 444.635712 0.752941 0.752941 0.752941
vn -0.200059 0.144734 0.969035
v 17.104813 8.080568 457.321381 0.752941 0.752941 0.752941
vn -0.121207 -0.743923 0.657182
v 17.439329 0.273153 444.773804 0.752941 0.752941 0.752941
vn 0.081798 0.807432 -0.584263
v 15.184404 6.832240 444.639557 0.752941 0.752941 0.752941
vn 0.145997 0.793711 -0.590514
v 13.817148 7.042233 444.744049 0.752941 0.752941 0.752941
vn 0.182085 0.808419 -0.559735
v 17.277098 6.478446 444.468933 0.752941 0.752941 0.752941
vn 0.192867 0.790776 -0.580927
v 16.837954 6.626726 444.488007 0.752941 0.752941 0.752941
vn 0.181002 -0.917723 0.353587
v 19.321741 -0.043181 444.917511 0.752941 0.752941 0.752941
vn -0.103076 -0.786607 0.608790
v 13.959270 1.054280 445.372131 0.752941 0.752941 0.752941
vn -0.254971 -0.809932 0.528205
v 10.319352 0.364468 444.525360 0.752941 0.752941 0.752941
vn 0.064551 -0.749460 0.658895
v 12.342117 0.072754 443.963837 0.752941 0.752941 0.752941
vn -0.341508 0.768445 -0.541170
v 8.658004 6.868419 444.416168 0.752941 0.752941 0.752941
vn -0.213598 -0.810845 0.544891
v 21.453224 6.267500 457.381775 0.752941 0.752941 0.752941
vn 0.183520 0.801502 -0.569135
v 22.192329 5.851637 444.891815 0.752941 0.752941 0.752941
vn 0.050189 0.907795 -0.416400
v 12.317067 7.151219 444.705017 0.752941 0.752941 0.752941
vn 0.662139 -0.411925 -0.626011
v 21.577866 1.718782 444.601196 0.752941 0.752941 0.752941
vn 0.735452 -0.350380 -0.579952
v 23.121258 4.509197 444.591736 0.752941 0.752941 0.752941
vn 0.511365 0.590262 -0.624577
v 23.480436 5.726308 444.953949 0.752941 0.752941 0.752941
vn 0.172317 0.733554 -0.657423
v 23.151726 5.536596 444.547943 0.752941 0.752941 0.752941
vn -0.928869 -0.366107 -0.056283
v 9.828422 3.269911 444.689545 0.752941 0.752941 0.752941
vn -0.152653 -0.768152 0.621803
v 16.908920 0.461497 444.831665 0.752941 0.752941 0.752941
vn -0.009220 0.754643 -0.656071
v 16.206266 6.726983 444.648743 0.752941 0.752941 0.752941
vn 0.041045 0.814624 -0.578535
v 10.344296 6.959453 444.545959 0.752941 0.752941 0.752941
vn -0.096835 -0.757978 0.645053
v 15.101691 0.490460 444.806641 0.752941 0.752941 0.752941
vn 0.240931 0.837929 -0.489721
v 16.900871 6.725284 444.736328 0.752941 0.752941 0.752941
vn 0.118103 0.816902 -0.564555
v 17.342697 6.745035 444.851746 0.752941 0.752941 0.752941
vn 0.362108 -0.922258 -0.135344
v 20.076296 0.204298 444.531250 0.752941 0.752941 0.752941
vn 0.041317 -0.807934 0.587822
v 11.792557 1.097325 445.284332 0.752941 0.752941 0.752941
vn -0.056497 -0.825173 0.562048
v 13.182338 0.530280 444.682739 0.752941 0.752941 0.752941
vn -0.971771 0.094380 -0.216225
v 9.880360 1.418602 444.856842 0.752941 0.752941 0.752941
vn -0.995473 0.012937 -0.094156
v 10.214351 2.226746 444.895020 0.752941 0.752941 0.752941
vn -0.934492 -0.346200 -0.082887
v 9.444713 4.169518 444.766479 0.752941 0.752941 0.752941
vn 0.155281 0.806758 -0.570114
v 16.622229 6.837488 444.711853 0.752941 0.752941 0.752941
vn -0.108194 0.837514 -0.535598
v 9.103935 7.168953 444.835205 0.752941 0.752941 0.752941
vn -0.020221 -0.100451 0.994736
v 24.273027 11.871485 457.338745 0.752941 0.752941 0.752941
vn -0.102076 0.479753 0.871446
v 22.872271 8.496484 457.477081 0.752941 0.752941 0.752941
vn -0.112975 -0.746747 0.655443
v 17.779003 0.186497 444.714600 0.752941 0.752941 0.752941
vn 0.240668 -0.956507 -0.164846
v 20.642563 0.254763 444.932373 0.752941 0.752941 0.752941
vn 0.012424 0.909212 -0.416148
v 12.915444 7.056401 444.677704 0.752941 0.752941 0.752941
vn -0.077619 0.725240 -0.684107
v 11.096815 7.103926 444.746429 0.752941 0.752941 0.752941
vn -0.138420 0.658723 0.739543
v 28.624252 9.556398 457.218597 0.752941 0.752941 0.752941
vn 0.150182 -0.944586 0.291895
v 18.997330 -0.108298 444.774231 0.752941 0.752941 0.752941
vn 0.117560 0.796103 -0.593633
v 19.186594 6.439050 444.819092 0.752941 0.752941 0.752941
vn -0.141742 -0.659998 0.737775
v 18.957895 6.875142 457.667938 0.752941 0.752941 0.752941
vn -0.169440 0.758548 0.629202
v 28.974623 9.237661 457.630585 0.752941 0.752941 0.752941
vn 0.022439 0.824368 -0.565609
v 13.625667 7.355890 445.108368 0.752941 0.752941 0.752941
vn -0.692625 -0.541544 0.476446
v 10.099403 0.778961 444.774689 0.752941 0.752941 0.752941
vn 0.017319 -0.843068 0.537528
v 11.197275 0.765545 444.829315 0.752941 0.752941 0.752941
vn 0.173333 0.776822 -0.605395
v 20.551998 6.096563 444.583710 0.752941 0.752941 0.752941
vn -0.053724 0.781574 -0.621495
v 11.787196 7.088379 444.578522 0.752941 0.752941 0.752941
vn 0.207982 0.780282 -0.589834
v 21.565386 6.331303 445.256653 0.752941 0.752941 0.752941
vn 0.094429 0.792868 -0.602033
v 14.931520 7.088991 444.972168 0.752941 0.752941 0.752941
vn 0.975533 -0.042856 -0.215636
v 34.070278 4.754878 457.660614 0.752941 0.752941 0.752941
vn -0.037282 0.344508 0.938043
v 19.344418 9.201653 457.249420 0.752941 0.752941 0.752941
vn 0.730538 -0.390915 -0.559910
v 21.990387 1.861481 444.989075 0.752941 0.752941 0.752941
vn -0.028698 0.781102 -0.623743
v 9.915391 7.414679 445.146423 0.752941 0.752941 0.752941
vn 0.052338 0.795257 -0.604009
v 14.471900 7.156428 444.981079 0.752941 0.752941 0.752941
vn -0.010095 0.756825 -0.653539
v 10.398475 7.250823 444.936829 0.752941 0.752941 0.752941
vn 0.181345 0.714825 0.675380
v 24.667963 12.004435 457.260162 0.752941 0.752941 0.752941
vn -0.176831 -0.202632 0.963157
v 22.921284 11.947985 457.264221 0.752941 0.752941 0.752941
vn 0.196892 0.625154 0.755259
v 25.757408 11.562698 457.238678 0.752941 0.752941 0.752941
vn 0.079765 0.796224 -0.599720
v 19.750330 6.629024 445.189850 0.752941 0.752941 0.752941
vn 0.043910 0.762742 0.645211
v 23.244703 12.163363 457.244324 0.752941 0.752941 0.752941
vn 0.034016 0.782077 -0.622252
v 15.641669 6.992754 444.935608 0.752941 0.752941 0.752941
vn 0.853218 0.475511 0.214261
v 33.741875 8.065528 457.520233 0.752941 0.752941 0.752941
vn 0.188417 0.918457 0.347758
v 30.450722 10.500905 457.292816 0.752941 0.752941 0.752941
vn -0.845493 -0.514243 0.143858
v 8.861047 5.610996 445.255463 0.752941 0.752941 0.752941
vn 0.040653 0.779001 -0.625704
v 16.257935 7.151742 445.065338 0.752941 0.752941 0.752941
vn 0.593774 -0.495839 -0.633701
v 21.147938 0.806995 444.789703 0.752941 0.752941 0.752941
vn 0.792987 -0.371223 -0.483079
v 33.722633 4.231536 457.267578 0.752941 0.752941 0.752941
vn -0.173438 -0.800158 0.574166
v 17.864630 0.526862 445.138947 0.752941 0.752941 0.752941
vn 0.002217 0.880304 -0.474406
v 12.726158 7.272776 445.042328 0.752941 0.752941 0.752941
vn -0.092925 -0.746963 0.658340
v 12.910109 0.860392 444.900238 0.752941 0.752941 0.752941
vn 0.040398 0.756413 -0.652846
v 20.305258 6.302142 444.765625 0.752941 0.752941 0.752941
vn -0.711939 0.591668 -0.378248
v 8.386206 6.897150 444.771820 0.752941 0.752941 0.752941
vn -0.018489 -0.734083 0.678808
v 15.536054 0.262107 444.486237 0.752941 0.752941 0.752941
vn 0.020218 0.777200 -0.628929
v 15.443542 7.277025 445.305573 0.752941 0.752941 0.752941
vn 0.715044 -0.435624 -0.546757
v 22.486034 2.771837 444.936279 0.752941 0.752941 0.752941
vn -0.093040 -0.733428 0.673370
v 17.537582 0.403822 444.901825 0.752941 0.752941 0.752941
vn -0.251680 -0.771243 0.584672
v 18.930498 0.041812 445.034668 0.752941 0.752941 0.752941
vn 0.712225 -0.328039 -0.620585
v 23.536713 4.747947 444.960663 0.752941 0.752941 0.752941
vn 0.311445 0.649431 0.693716
v 25.113836 11.747707 457.246399 0.752941 0.752941 0.752941
vn -0.041900 0.771337 -0.635046
v 11.073696 7.408563 445.035980 0.752941 0.752941 0.752941
vn 0.028429 0.772391 -0.634510
v 22.793489 5.885725 445.109589 0.752941 0.752941 0.752941
vn -0.160289 -0.834796 0.526710
v 18.211834 0.591468 445.366577 0.752941 0.752941 0.752941
vn 0.109867 0.808560 -0.578066
v 17.756458 6.885586 445.141388 0.752941 0.752941 0.752941
vn 0.114709 0.796365 -0.593839
v 18.985649 6.646952 445.075134 0.752941 0.752941 0.752941
vn -0.138389 -0.763407 0.630918
v 17.014605 0.692455 445.172058 0.752941 0.752941 0.752941
vn -0.030361 -0.945504 0.324193
v 19.907438 0.198440 445.286560 0.752941 0.752941 0.752941
vn -0.304285 -0.164743 0.938227
v 17.334898 7.429901 457.448151 0.752941 0.752941 0.752941
vn 0.094182 0.808717 -0.580608
v 14.668014 7.345267 445.240479 0.752941 0.752941 0.752941
vn 0.127920 -0.874489 0.467872
v 19.528526 0.108427 445.056274 0.752941 0.752941 0.752941
vn 0.700912 -0.224670 -0.676938
v 23.877771 4.975035 445.206238 0.752941 0.752941 0.752941
vn -0.284313 -0.795398 0.535264
v 10.273103 0.952069 445.117828 0.752941 0.752941 0.752941
vn -0.019881 -0.848472 0.528866
v 10.924594 0.944742 445.264160 0.752941 0.752941 0.752941
vn -0.138578 -0.768368 0.624826
v 16.682533 0.647861 445.024017 0.752941 0.752941 0.752941
vn -0.052378 0.208781 0.976559
v 17.931301 9.107798 457.203064 0.752941 0.752941 0.752941
vn 0.125863 0.682840 -0.719644
v 22.241558 6.076088 445.206573 0.752941 0.752941 0.752941
vn 0.775607 -0.083342 -0.625691
v 23.620632 5.264643 444.851227 0.752941 0.752941 0.752941
vn 0.026038 0.201466 0.979149
v 27.009808 11.139001 457.261841 0.752941 0.752941 0.752941
vn -0.004695 0.804099 -0.594477
v 10.384390 7.489400 445.179657 0.752941 0.752941 0.752941
vn 0.272516 0.800897 -0.533197
v 16.703693 6.947959 444.999451 0.752941 0.752941 0.752941
vn 0.728272 -0.398439 -0.557554
v 22.557671 2.088265 445.682098 0.752941 0.752941 0.752941
vn 0.123552 0.801539 -0.585039
v 18.280487 6.695991 444.982727 0.752941 0.752941 0.752941
vn -0.148174 -0.776998 0.611815
v 18.999092 0.242932 445.267853 0.752941 0.752941 0.752941
vn 0.505351 -0.760147 -0.408408
v 21.308205 0.423688 445.226166 0.752941 0.752941 0.752941
vn -0.065706 0.720570 0.690262
v 25.921537 9.012911 457.442017 0.752941 0.752941 0.752941
vn -0.977505 -0.038779 0.207318
v 8.292766 6.838681 445.278381 0.752941 0.752941 0.752941
vn 0.108119 0.767659 -0.631673
v 23.256981 5.884733 445.045563 0.752941 0.752941 0.752941
vn 0.132937 0.817007 -0.561095
v 16.983303 6.945286 445.099060 0.752941 0.752941 0.752941
vn -0.046474 -0.813453 0.579770
v 14.812656 0.792133 445.029144 0.752941 0.752941 0.752941
vn -0.247867 -0.716086 0.652520
v 18.218885 6.772026 457.404358 0.752941 0.752941 0.752941
vn 0.205504 0.809971 -0.549287
v 16.361326 7.281140 445.236176 0.752941 0.752941 0.752941
vn -0.297823 -0.429423 0.852583
v 17.585112 7.074003 457.368774 0.752941 0.752941 0.752941
vn 0.096907 0.767226 -0.634013
v 22.993073 6.142477 445.317810 0.752941 0.752941 0.752941
vn 0.156897 0.786535 -0.597282
v 17.112711 7.222651 445.513977 0.752941 0.752941 0.752941
vn 0.010763 0.094748 0.995443
v 28.796396 10.657044 457.229919 0.752941 0.752941 0.752941
vn 0.717793 -0.321846 -0.617405
v 22.184004 1.312596 445.594635 0.752941 0.752941 0.752941
vn -0.304434 0.772676 -0.557038
v 8.727386 7.391644 445.271240 0.752941 0.752941 0.752941
vn 0.671263 -0.433078 -0.601539
v 21.630136 1.185127 444.972870 0.752941 0.752941 0.752941
vn 0.095548 0.789098 -0.606791
v 21.989170 6.413030 445.468811 0.752941 0.752941 0.752941
vn 0.018544 -0.798554 0.601638
v 12.269869 1.200436 445.428497 0.752941 0.752941 0.752941
vn 0.092308 0.789951 -0.606182
v 14.114873 7.298117 445.189484 0.752941 0.752941 0.752941
vn 0.058456 -0.743238 0.666468
v 15.197354 1.054104 445.246338 0.752941 0.752941 0.752941
vn -0.167288 0.048175 0.984730
v 16.393064 8.797323 457.178070 0.752941 0.752941 0.752941
vn 0.155240 0.806375 -0.570666
v 20.450178 6.510231 445.067169 0.752941 0.752941 0.752941
vn 0.125543 0.770617 -0.624811
v 18.830093 6.906731 445.378265 0.752941 0.752941 0.752941
vn -0.932145 -0.357666 0.056388
v 9.004110 5.570479 445.662567 0.752941 0.752941 0.752941
vn -0.060824 0.687674 0.723467
v 25.114912 9.204215 457.216461 0.752941 0.752941 0.752941
vn 0.086097 0.760031 -0.644158
v 22.345064 6.371478 445.430847 0.752941 0.752941 0.752941
vn -0.325538 -0.758077 0.565105
v 18.691759 0.321379 445.117523 0.752941 0.752941 0.752941
vn 0.649034 -0.404785 -0.644130
v 21.721838 0.870333 445.360687 0.752941 0.752941 0.752941
vn 0.087737 0.783353 -0.615353
v 18.100687 7.093792 445.483307 0.752941 0.752941 0.752941
vn -0.011820 0.786563 -0.617397
v 15.199475 7.520307 445.590973 0.752941 0.752941 0.752941
vn 0.252946 0.778694 -0.574155
v 16.664234 7.250670 445.430420 0.752941 0.752941 0.752941
vn 0.736735 -0.404063 -0.542176
v 23.564606 3.467440 445.945129 0.752941 0.752941 0.752941
vn -0.056113 -0.804733 0.590980
v 19.359322 0.719057 445.836426 0.752941 0.752941 0.752941
vn 0.552878 -0.707624 -0.439994
v 21.772593 0.598722 445.514313 0.752941 0.752941 0.752941
vn 0.598450 0.342527 -0.724246
v 23.962318 5.579147 445.287201 0.752941 0.752941 0.752941
vn -0.096207 -0.773736 0.626160
v 14.373949 1.129426 445.617615 0.752941 0.752941 0.752941
vn -0.025461 -0.820468 0.571125
v 13.150058 1.517095 445.795013 0.752941 0.752941 0.752941
vn -0.087482 -0.847599 0.523376
v 15.467396 1.356896 445.681519 0.752941 0.752941 0.752941
vn 0.101045 0.823003 -0.558978
v 14.682417 7.531668 445.550385 0.752941 0.752941 0.752941
vn 0.155732 0.843523 -0.514020
v 22.401953 6.484933 445.669525 0.752941 0.752941 0.752941
vn -0.104795 0.803330 -0.586242
v 9.580059 7.622250 445.423065 0.752941 0.752941 0.752941
vn 0.022523 0.864810 -0.501594
v 11.181272 7.748955 445.643646 0.752941 0.752941 0.752941
vn 0.243105 0.761317 -0.601079
v 23.463680 6.249004 445.569794 0.752941 0.752941 0.752941
vn -0.110914 0.897107 -0.427665
v 9.676858 7.868919 445.832855 0.752941 0.752941 0.752941
vn 0.653410 -0.290164 -0.699185
v 24.447947 5.219751 445.697693 0.752941 0.752941 0.752941
vn 0.667027 -0.020790 -0.744743
v 24.294437 5.340116 445.510529 0.752941 0.752941 0.752941
vn -0.980676 -0.168743 0.098993
v 8.429063 7.089473 445.762909 0.752941 0.752941 0.752941
vn -0.138147 -0.870711 0.471993
v 20.680950 6.351133 457.283600 0.752941 0.752941 0.752941
vn 0.126538 0.834781 -0.535845
v 23.068850 6.393207 445.808380 0.752941 0.752941 0.752941
vn -0.173790 -0.791607 0.585795
v 18.022236 0.786923 445.661163 0.752941 0.752941 0.752941
vn -0.293247 -0.793719 0.532931
v 18.513006 0.647194 445.610138 0.752941 0.752941 0.752941
vn -0.077116 0.872083 -0.483244
v 9.866351 7.812298 445.592804 0.752941 0.752941 0.752941
vn -0.169800 -0.792410 0.585879
v 18.815718 0.564597 445.660797 0.752941 0.752941 0.752941
vn -0.109462 0.746078 0.656800
v 27.974886 9.254872 457.417603 0.752941 0.752941 0.752941
vn 0.210488 0.628052 0.749163
v 27.913769 11.143008 457.251923 0.752941 0.752941 0.752941
vn -0.064651 -0.912001 0.405062
v 20.319483 0.292156 445.563904 0.752941 0.752941 0.752941
vn 0.098326 0.789143 -0.606289
v 14.259640 7.583361 445.529419 0.752941 0.752941 0.752941
vn -0.939847 -0.309692 0.144148
v 9.908643 1.647203 445.440063 0.752941 0.752941 0.752941
vn -0.129256 -0.798071 0.588537
v 16.603388 1.015002 445.445129 0.752941 0.752941 0.752941
vn 0.134186 0.813405 -0.566009
v 21.670963 6.652262 445.783600 0.752941 0.752941 0.752941
vn -0.008329 -0.306785 0.951742
v 24.727192 11.718040 457.345276 0.752941 0.752941 0.752941
vn 0.104208 0.432474 0.895604
v 20.824203 9.433620 457.010651 0.752941 0.752941 0.752941
vn -0.933939 -0.357430 0.000966
v 9.401155 4.240415 445.863739 0.752941 0.752941 0.752941
vn 0.145052 0.833993 -0.532368
v 16.308119 7.505010 445.616913 0.752941 0.752941 0.752941
vn -0.236515 0.558741 0.794902
v 22.309458 12.142353 457.110168 0.752941 0.752941 0.752941
vn -0.199902 -0.800741 0.564671
v 19.716507 0.500973 445.665314 0.752941 0.752941 0.752941
vn -0.838505 -0.364681 0.404866
v 8.578413 6.280401 445.439941 0.752941 0.752941 0.752941
vn 0.395091 -0.241140 -0.886428
v 24.718670 5.576250 445.722137 0.752941 0.752941 0.752941
vn 0.183925 0.780325 -0.597716
v 16.811884 7.482282 445.715942 0.752941 0.752941 0.752941
vn 0.722366 -0.413617 -0.554174
v 23.198145 2.672410 445.951294 0.752941 0.752941 0.752941
vn 0.355470 0.243856 -0.902316
v 24.407913 5.661799 445.640869 0.752941 0.752941 0.752941
vn 0.201409 0.765206 -0.611468
v 21.377819 6.740324 445.811035 0.752941 0.752941 0.752941
vn 0.051514 0.769943 -0.636030
v 14.469591 7.869989 445.958740 0.752941 0.752941 0.752941
vn -0.002810 0.640048 0.768330
v 29.593895 10.530917 457.258118 0.752941 0.752941 0.752941
vn 0.069999 0.787786 -0.611958
v 17.597578 7.347662 445.753052 0.752941 0.752941 0.752941
vn 0.346610 0.599251 -0.721637
v 23.963816 6.225856 445.854004 0.752941 0.752941 0.752941
vn 0.132062 0.467825 -0.873899
v 24.865015 6.025061 445.742889 0.752941 0.752941 0.752941
vn 0.708368 0.056975 -0.703540
v 25.034178 5.931490 445.744812 0.752941 0.752941 0.752941
vn -0.110638 -0.859571 0.498896
v 16.133411 1.268047 445.781494 0.752941 0.752941 0.752941
vn -0.218328 -0.810591 0.543392
v 17.661562 0.849942 445.557709 0.752941 0.752941 0.752941
vn 0.137769 0.805815 -0.575919
v 19.453970 7.145695 445.809479 0.752941 0.752941 0.752941
vn -0.181592 -0.814739 0.550659
v 17.236025 0.857924 445.414551 0.752941 0.752941 0.752941
vn -0.265237 -0.834041 0.483761
v 31.295835 4.144485 456.978485 0.752941 0.752941 0.752941
vn -0.210820 -0.881389 0.422740
v 24.944834 5.799593 457.434326 0.752941 0.752941 0.752941
vn -0.018287 0.589859 -0.807299
v 24.457333 6.138863 445.923920 0.752941 0.752941 0.752941
vn -0.922100 -0.330722 0.200886
v 8.846882 6.116284 445.829193 0.752941 0.752941 0.752941
vn 0.286471 0.862694 0.416766
v 29.013142 10.847735 457.065979 0.752941 0.752941 0.752941
vn -0.822821 0.524519 -0.218737
v 8.500449 7.466846 445.633423 0.752941 0.752941 0.752941
vn -0.872824 -0.358693 0.330934
v 8.569126 6.792807 445.761078 0.752941 0.752941 0.752941
vn -0.039459 0.871274 -0.489208
v 9.999039 8.101579 446.189697 0.752941 0.752941 0.752941
vn 0.048862 -0.954244 0.295009
v 21.027109 0.405226 445.941040 0.752941 0.752941 0.752941
vn 0.125168 0.788474 -0.602198
v 18.856359 7.205543 445.712006 0.752941 0.752941 0.752941
vn 0.058384 0.698507 -0.713218
v 14.911678 7.810177 445.972809 0.752941 0.752941 0.752941
vn -0.035868 -0.252205 0.967009
v 27.910269 10.928852 457.217102 0.752941 0.752941 0.752941
vn -0.152068 -0.819534 0.552485
v 17.547966 1.015873 445.842438 0.752941 0.752941 0.752941
vn 0.071063 0.818961 -0.569433
v 15.916689 7.555771 445.525330 0.752941 0.752941 0.752941
vn -0.365329 -0.789451 0.493256
v 10.287254 1.256893 445.552979 0.752941 0.752941 0.752941
vn -0.042333 0.851053 -0.523371
v 13.814551 7.685192 445.568054 0.752941 0.752941 0.752941
vn -0.122114 -0.758462 0.640174
v 14.090911 1.665932 446.028015 0.752941 0.752941 0.752941
vn -0.085378 -0.776666 0.624099
v 19.014923 0.791871 446.036072 0.752941 0.752941 0.752941
vn -0.354862 0.830831 -0.428711
v 8.775179 7.711998 445.638947 0.752941 0.752941 0.752941
vn 0.065566 0.884399 -0.462104
v 10.265644 7.897494 445.839661 0.752941 0.752941 0.752941
vn -0.297754 -0.624750 0.721825
v 17.965143 6.914328 457.408630 0.752941 0.752941 0.752941
vn 0.124974 0.809441 -0.573747
v 17.042545 7.656516 446.063019 0.752941 0.752941 0.752941
vn 0.166776 0.789142 -0.591135
v 22.507347 6.680754 446.002747 0.752941 0.752941 0.752941
vn -0.212356 -0.022326 0.976937
v 29.260077 10.081127 457.121216 0.752941 0.752941 0.752941
vn -0.169357 -0.760398 0.626987
v 18.180653 0.941168 445.855072 0.752941 0.752941 0.752941
vn 0.062777 0.866473 -0.495260
v 10.517506 7.707851 445.582703 0.752941 0.752941 0.752941
vn 0.192177 0.768382 -0.610457
v 21.871286 6.892037 446.130768 0.752941 0.752941 0.752941
vn 0.108448 0.805062 -0.583193
v 23.306328 6.612195 446.131744 0.752941 0.752941 0.752941
vn -0.184084 -0.784126 0.592672
v 20.450153 0.510197 445.906158 0.752941 0.752941 0.752941
vn -0.297430 -0.706475 0.642206
v 18.660353 0.878079 445.944611 0.752941 0.752941 0.752941
vn 0.140315 0.803142 -0.579029
v 20.356472 6.978862 445.763916 0.752941 0.752941 0.752941
vn 0.036265 -0.850658 0.524467
v 10.575358 1.432126 445.864258 0.752941 0.752941 0.752941
vn 0.074798 0.802147 -0.592423
v 18.064764 7.293741 445.709595 0.752941 0.752941 0.752941
vn 0.673626 -0.584705 -0.452048
v 22.421894 0.895519 446.007080 0.752941 0.752941 0.752941
vn -0.921951 -0.387265 0.005630
v 8.680693 6.755726 446.342133 0.752941 0.752941 0.752941
vn 0.108597 0.808373 -0.578567
v 17.722290 7.588340 446.089355 0.752941 0.752941 0.752941
vn 0.121566 0.848713 -0.514692
v 16.559647 7.762868 446.087250 0.752941 0.752941 0.752941
vn -0.217140 -0.821698 0.526936
v 21.145889 6.205849 457.126068 0.752941 0.752941 0.752941
vn -0.309884 -0.472837 0.824862
v 25.512449 11.257158 457.134796 0.752941 0.752941 0.752941
vn 0.711543 -0.426866 -0.558114
v 24.306042 4.359117 446.172272 0.752941 0.752941 0.752941
vn -0.376612 -0.257271 0.889930
v 16.844534 7.221387 457.191528 0.752941 0.752941 0.752941
vn -0.127261 -0.872852 0.471099
v 20.180386 6.514489 457.422668 0.752941 0.752941 0.752941
vn 0.116783 0.669019 -0.734013
v 24.229134 6.425076 446.154999 0.752941 0.752941 0.752941
vn 0.499027 0.636663 -0.587906
v 25.057489 6.375967 446.318756 0.752941 0.752941 0.752941
vn -0.280805 -0.740135 0.611022
v 18.620861 1.090141 446.136597 0.752941 0.752941 0.752941
vn 0.264859 -0.960814 0.081772
v 21.899752 0.562010 446.187531 0.752941 0.752941 0.752941
vn -0.939731 0.138773 -0.312485
v 10.081951 2.446366 445.790558 0.752941 0.752941 0.752941
vn 0.041382 -0.846338 0.531037
v 11.508136 1.657882 446.093872 0.752941 0.752941 0.752941
vn 0.142365 0.775435 -0.615169
v 20.852800 7.023870 445.989288 0.752941 0.752941 0.752941
vn -0.981934 -0.127201 -0.140093
v 9.813284 2.021089 446.081635 0.752941 0.752941 0.752941
vn -0.151292 -0.758785 0.633527
v 17.717438 1.494184 446.401489 0.752941 0.752941 0.752941
vn 0.057953 0.853939 -0.517136
v 10.501019 8.069203 446.204590 0.752941 0.752941 0.752941
vn 0.784360 -0.070662 -0.616268
v 33.620853 4.871720 457.145050 0.752941 0.752941 0.752941
vn -0.195390 -0.803072 0.562937
v 21.033541 0.587825 446.234924 0.752941 0.752941 0.752941
vn 0.143014 0.806066 -0.574287
v 21.099609 7.300011 446.406128 0.752941 0.752941 0.752941
vn 0.239143 0.736684 -0.632540
v 23.925030 6.557230 446.107971 0.752941 0.752941 0.752941
vn 0.105405 0.678350 -0.727139
v 24.679138 6.436392 446.101257 0.752941 0.752941 0.752941
vn -0.956638 -0.285904 -0.055706
v 8.380263 7.264183 446.455750 0.752941 0.752941 0.752941
vn -0.222287 -0.801459 0.555204
v 20.499168 0.753367 446.203430 0.752941 0.752941 0.752941
vn -0.173807 -0.796455 0.579181
v 20.006598 0.977976 446.388824 0.752941 0.752941 0.752941
vn -0.359948 -0.864561 0.350673
v 10.225224 1.492221 445.973145 0.752941 0.752941 0.752941
vn -0.960328 -0.263741 -0.090616
v 10.022532 2.929379 445.750366 0.752941 0.752941 0.752941
vn -0.025135 -0.801849 0.596998
v 13.469646 1.443274 445.743042 0.752941 0.752941 0.752941
vn 0.089320 0.802474 -0.589963
v 15.220063 8.005681 446.140961 0.752941 0.752941 0.752941
vn 0.682574 -0.449918 -0.575905
v 24.864254 5.232613 446.197266 0.752941 0.752941 0.752941
vn -0.947713 -0.318062 0.026023
v 9.155735 4.937346 446.505157 0.752941 0.752941 0.752941
vn 0.198569 0.765264 -0.612324
v 21.470293 7.094695 446.167358 0.752941 0.752941 0.752941
vn -0.124524 0.892826 -0.432847
v 9.375905 7.971707 446.150726 0.752941 0.752941 0.752941
vn -0.163182 0.389488 0.906461
v 29.058529 9.794263 457.123322 0.752941 0.752941 0.752941
vn 0.150052 0.790432 -0.593887
v 22.469791 7.069314 446.502960 0.752941 0.752941 0.752941
vn 0.128420 0.794897 -0.592998
v 23.436712 6.926935 446.604370 0.752941 0.752941 0.752941
vn -0.144279 0.461457 0.875352
v 27.959169 9.689457 457.027771 0.752941 0.752941 0.752941
vn 0.012284 -0.805419 0.592578
v 14.738749 1.430770 445.947815 0.752941 0.752941 0.752941
vn -0.940682 -0.225499 -0.253510
v 9.648973 2.408311 446.600861 0.752941 0.752941 0.752941
vn -0.127093 -0.877369 0.462677
v 16.462320 1.406013 446.182281 0.752941 0.752941 0.752941
vn 0.128112 0.814070 -0.566460
v 18.639950 7.642237 446.392090 0.752941 0.752941 0.752941
vn 0.719962 -0.358079 -0.594504
v 23.929300 2.911191 446.779083 0.752941 0.752941 0.752941
vn 0.150086 0.748543 -0.645878
v 24.675222 6.660283 446.336212 0.752941 0.752941 0.752941
vn 0.655978 -0.343482 -0.672096
v 25.661037 5.662943 446.731537 0.752941 0.752941 0.752941
vn 0.133301 0.717387 -0.683804
v 24.242674 6.622450 446.342834 0.752941 0.752941 0.752941
vn 0.181323 0.787375 -0.589205
v 23.026894 6.965418 446.491760 0.752941 0.752941 0.752941
vn 0.078563 0.816205 -0.572396
v 17.214504 7.882664 446.384827 0.752941 0.752941 0.752941
vn 0.034467 0.870693 -0.490618
v 10.289745 8.215989 446.388947 0.752941 0.752941 0.752941
vn 0.717160 -0.340591 -0.608012
v 22.960695 1.737221 446.344879 0.752941 0.752941 0.752941
vn -0.626727 0.652918 -0.425338
v 8.559756 8.173576 446.860931 0.752941 0.752941 0.752941
vn 0.717251 -0.222306 -0.660402
v 25.358351 5.739406 446.449036 0.752941 0.752941 0.752941
vn 0.011668 0.536729 0.843674
v 23.497267 9.522573 456.950592 0.752941 0.752941 0.752941
vn 0.071404 -0.892938 0.444480
v 11.032619 2.201776 447.189087 0.752941 0.752941 0.752941
vn -0.286226 -0.789205 0.543350
v 18.465015 1.410071 446.462128 0.752941 0.752941 0.752941
vn -0.083492 -0.818013 0.569108
v 17.012426 1.367257 446.143463 0.752941 0.752941 0.752941
vn -0.897686 0.364683 -0.247319
v 8.402589 7.480917 446.226166 0.752941 0.752941 0.752941
vn -0.010199 0.065836 0.997778
v 23.676014 11.894188 457.347534 0.752941 0.752941 0.752941
vn 0.623049 -0.137622 -0.769981
v 25.564718 5.960876 446.552002 0.752941 0.752941 0.752941
vn 0.130673 0.783122 -0.607984
v 17.785597 7.839911 446.466583 0.752941 0.752941 0.752941
vn 0.667128 0.213597 -0.713664
v 25.312481 6.036647 446.370514 0.752941 0.752941 0.752941
vn 0.215702 0.803603 -0.554702
v 21.657230 7.201153 446.434052 0.752941 0.752941 0.752941
vn 0.175118 0.779278 -0.601714
v 22.038836 7.231636 446.599274 0.752941 0.752941 0.752941
vn -0.214970 -0.741656 0.635401
v 17.640612 6.813325 457.172729 0.752941 0.752941 0.752941
vn 0.193585 0.771931 -0.605515
v 21.445457 7.442025 446.713165 0.752941 0.752941 0.752941
vn 0.009098 0.872880 -0.487851
v 10.891901 8.278950 446.563446 0.752941 0.752941 0.752941
vn -0.078484 0.895543 -0.437999
v 9.981958 8.376245 446.714203 0.752941 0.752941 0.752941
vn 0.090465 0.834670 -0.543270
v 17.471439 8.002528 446.602234 0.752941 0.752941 0.752941
vn 0.069305 0.736573 -0.672798
v 19.941761 7.644567 446.533234 0.752941 0.752941 0.752941
vn -0.164802 -0.859238 0.484305
v 14.763791 2.031641 446.723358 0.752941 0.752941 0.752941
vn -0.123466 -0.883843 0.451197
v 15.627589 1.868594 446.674591 0.752941 0.752941 0.752941
vn 0.241053 0.614698 0.751026
v 28.466562 10.955267 457.160156 0.752941 0.752941 0.752941
vn 0.115430 0.867528 -0.483808
v 16.118612 7.889594 446.241394 0.752941 0.752941 0.752941
vn -0.223839 -0.818317 0.529390
v 18.797203 1.523887 446.973175 0.752941 0.752941 0.752941
vn -0.146500 -0.779534 0.608987
v 18.991337 1.087421 446.349426 0.752941 0.752941 0.752941
vn 0.079435 0.777771 -0.623508
v 19.383181 7.597025 446.488190 0.752941 0.752941 0.752941
vn -0.436608 0.796099 -0.419046
v 8.714933 8.002942 446.390289 0.752941 0.752941 0.752941
vn 0.780290 0.596032 0.189454
v 33.293232 8.961796 456.750732 0.752941 0.752941 0.752941
vn 0.976886 0.013884 -0.213310
v 34.126179 6.863912 456.930725 0.752941 0.752941 0.752941
vn 0.014440 0.854520 -0.519218
v 12.391633 8.438287 446.823822 0.752941 0.752941 0.752941
vn 0.128292 0.788686 -0.601261
v 18.426157 7.985130 446.745789 0.752941 0.752941 0.752941
vn 0.075935 -0.955117 0.286332
v 22.224735 0.837567 447.024475 0.752941 0.752941 0.752941
vn -0.205267 -0.808451 0.551608
v 20.795389 0.834241 446.515503 0.752941 0.752941 0.752941
vn -0.084874 -0.893346 0.441282
v 23.199650 6.148497 457.508759 0.752941 0.752941 0.752941
vn -0.089505 -0.906697 0.412176
v 25.885443 5.486061 457.050598 0.752941 0.752941 0.752941
vn -0.154351 -0.861557 0.483626
v 21.419262 0.702592 446.507416 0.752941 0.752941 0.752941
vn 0.055162 0.782193 -0.620590
v 24.184408 6.876930 446.631622 0.752941 0.752941 0.752941
vn -0.201289 -0.803900 0.559668
v 21.203333 1.003096 446.825806 0.752941 0.752941 0.752941
vn 0.211337 0.784641 -0.582817
v 20.431921 7.577355 446.644562 0.752941 0.752941 0.752941
vn 0.134136 0.806597 -0.575682
v 20.895712 7.635097 446.824127 0.752941 0.752941 0.752941
vn 0.035692 -0.862208 0.505295
v 12.079522 1.919473 446.502838 0.752941 0.752941 0.752941
vn -0.926673 0.069776 -0.369334
v 9.837873 2.843126 446.444824 0.752941 0.752941 0.752941
vn 0.065899 0.849625 -0.523254
v 16.836576 8.084876 446.700775 0.752941 0.752941 0.752941
vn -0.073442 0.840342 -0.537059
v 13.726624 7.992338 446.255341 0.752941 0.752941 0.752941
vn 0.025995 0.779198 -0.626239
v 14.709328 8.106899 446.135773 0.752941 0.752941 0.752941
vn 0.563786 0.188930 -0.804022
v 25.913603 6.337421 446.810333 0.752941 0.752941 0.752941
vn -0.209777 -0.810887 0.546311
v 20.376270 1.263983 446.893585 0.752941 0.752941 0.752941
vn 0.036412 0.256661 0.965815
v 19.100471 10.379302 456.845428 0.752941 0.752941 0.752941
vn 0.723750 -0.467932 -0.507175
v 22.985706 1.102582 446.721008 0.752941 0.752941 0.752941
vn 0.683664 -0.476214 -0.553014
v 25.208241 5.088060 446.729736 0.752941 0.752941 0.752941
vn 0.694998 -0.447061 -0.563129
v 24.861418 4.653986 446.664490 0.752941 0.752941 0.752941
vn 0.150069 0.812919 -0.562709
v 24.457270 7.028809 446.776428 0.752941 0.752941 0.752941
vn 0.171019 0.791017 -0.587405
v 21.191479 7.468074 446.645447 0.752941 0.752941 0.752941
vn 0.170616 0.771052 -0.613490
v 22.113382 7.477152 446.931824 0.752941 0.752941 0.752941
vn 0.375705 0.577707 -0.724639
v 25.493792 6.530785 446.731781 0.752941 0.752941 0.752941
vn 0.032142 0.813217 -0.581073
v 17.845600 8.119414 446.895081 0.752941 0.752941 0.752941
vn 0.461687 -0.878372 -0.123726
v 22.516750 0.838639 446.383789 0.752941 0.752941 0.752941
vn -0.008190 -0.854180 0.519912
v 16.210508 1.836264 446.846222 0.752941 0.752941 0.752941
vn -0.676839 -0.705322 0.210736
v 10.040357 1.724552 446.375610 0.752941 0.752941 0.752941
vn -0.294187 -0.704514 0.645844
v 21.382389 1.085400 447.064484 0.752941 0.752941 0.752941
vn -0.313934 -0.072532 0.946670
v 16.728764 7.971263 457.215088 0.752941 0.752941 0.752941
vn -0.267933 -0.737695 0.619691
v 22.149946 0.991062 447.364227 0.752941 0.752941 0.752941
vn 0.670029 -0.397124 -0.627179
v 23.244013 1.404183 446.864227 0.752941 0.752941 0.752941
vn -0.105149 -0.800808 0.589619
v 19.517401 1.432452 446.875305 0.752941 0.752941 0.752941
vn 0.073605 0.820725 -0.566563
v 17.502270 8.338412 447.168182 0.752941 0.752941 0.752941
vn 0.135604 0.810402 -0.569965
v 18.304646 8.164341 446.892944 0.752941 0.752941 0.752941
vn 0.150310 0.820461 -0.551590
v 21.237299 7.660635 446.962921 0.752941 0.752941 0.752941
vn 0.168262 0.769383 -0.616229
v 22.587683 7.390168 446.965546 0.752941 0.752941 0.752941
vn -0.043439 0.653255 0.755891
v 24.460327 9.151780 457.195129 0.752941 0.752941 0.752941
vn 0.158606 0.802611 -0.575031
v 21.674419 7.615574 446.989380 0.752941 0.752941 0.752941
vn -0.951529 -0.305449 -0.035969
v 8.869212 5.873930 446.739502 0.752941 0.752941 0.752941
vn -0.088266 -0.223159 0.970778
v 25.335546 11.530300 457.261658 0.752941 0.752941 0.752941
vn -0.047928 -0.652955 0.755878
v 24.071215 11.662816 457.177185 0.752941 0.752941 0.752941
vn 0.021457 0.747042 -0.664431
v 23.944525 7.207994 447.054840 0.752941 0.752941 0.752941
vn -0.884248 -0.283439 -0.371171
v 9.375183 2.604299 447.113586 0.752941 0.752941 0.752941
vn -0.139576 -0.789840 0.597220
v 17.461264 1.848918 446.754547 0.752941 0.752941 0.752941
vn -0.180989 -0.855372 0.485368
v 18.244366 6.493287 456.980865 0.752941 0.752941 0.752941
vn -0.104893 -0.884223 0.455134
v 10.204920 1.817777 446.732819 0.752941 0.752941 0.752941
vn -0.006033 -0.927142 0.374661
v 13.175459 2.397190 447.338013 0.752941 0.752941 0.752941
vn -0.012299 0.866393 -0.499211
v 13.679952 8.666166 447.293549 0.752941 0.752941 0.752941
vn 0.150028 0.781334 -0.605813
v 23.156826 7.276638 446.972748 0.752941 0.752941 0.752941
vn -0.095289 0.693586 0.714044
v 27.334867 9.480708 457.083405 0.752941 0.752941 0.752941
vn 0.023113 0.890839 -0.453731
v 10.572022 8.391434 446.784241 0.752941 0.752941 0.752941
vn -0.032239 0.886822 -0.460986
v 10.950465 8.611276 447.191101 0.752941 0.752941 0.752941
vn 0.690499 -0.299416 -0.658454
v 26.137945 5.996307 446.996155 0.752941 0.752941 0.752941
vn 0.114644 0.766078 -0.632441
v 23.637304 7.227401 446.990417 0.752941 0.752941 0.752941
vn -0.004627 0.860055 -0.510180
v 11.562505 8.422028 446.798523 0.752941 0.752941 0.752941
vn 0.120775 0.771229 -0.624995
v 23.450838 7.597707 447.423828 0.752941 0.752941 0.752941
vn 0.708719 -0.453236 -0.540643
v 25.186460 4.448195 447.203644 0.752941 0.752941 0.752941
vn 0.551907 -0.767580 -0.325914
v 23.290451 1.127644 447.103394 0.752941 0.752941 0.752941
vn 0.612405 0.210087 -0.762118
v 26.230291 6.371070 447.074493 0.752941 0.752941 0.752941
vn -0.043095 0.482180 0.875011
v 22.683199 9.169680 457.158325 0.752941 0.752941 0.752941
vn 0.121916 0.780784 -0.612791
v 24.236179 7.290804 447.104156 0.752941 0.752941 0.752941
vn -0.799290 0.412575 -0.436941
v 8.170426 8.158400 447.528992 0.752941 0.752941 0.752941
vn 0.180190 0.786905 -0.590180
v 19.876402 8.043768 446.901642 0.752941 0.752941 0.752941
vn -0.240058 -0.802391 0.546390
v 20.136803 1.390300 446.986267 0.752941 0.752941 0.752941
vn -0.380482 -0.624158 0.682393
v 21.885695 1.086397 447.244812 0.752941 0.752941 0.752941
vn -0.205947 -0.804198 0.557541
v 20.894241 1.367455 447.207916 0.752941 0.752941 0.752941
vn -0.049011 -0.886432 0.460256
v 18.730009 6.561167 457.069702 0.752941 0.752941 0.752941
vn -0.044877 0.903439 -0.426360
v 10.281499 8.588913 447.104492 0.752941 0.752941 0.752941
vn 0.158651 0.798839 -0.580247
v 20.998592 7.921393 447.245667 0.752941 0.752941 0.752941
vn 0.716668 -0.501399 -0.484753
v 25.630960 5.002047 447.369751 0.752941 0.752941 0.752941
vn -0.216820 -0.778325 0.589236
v 20.802919 1.132396 446.891388 0.752941 0.752941 0.752941
vn 0.297390 0.776516 -0.555502
v 25.039141 6.842321 446.922943 0.752941 0.752941 0.752941
vn 0.152680 0.791205 -0.592186
v 22.277868 7.622843 447.160492 0.752941 0.752941 0.752941
vn -0.918513 -0.372313 -0.133106
v 8.551907 6.821601 446.952789 0.752941 0.752941 0.752941
vn -0.255986 -0.034507 0.966064
v 15.129316 8.944029 456.895508 0.752941 0.752941 0.752941
vn 0.054623 0.743037 -0.667018
v 23.905952 7.454921 447.287140 0.752941 0.752941 0.752941
vn 0.718643 -0.402593 -0.566984
v 24.601719 3.876350 446.949219 0.752941 0.752941 0.752941
vn -0.143679 0.904251 -0.402103
v 9.676693 8.520827 447.204407 0.752941 0.752941 0.752941
vn -0.017153 0.796463 -0.604445
v 19.407597 8.025216 446.963654 0.752941 0.752941 0.752941
vn -0.958436 0.094335 -0.269260
v 8.281960 7.637754 446.730804 0.752941 0.752941 0.752941
vn -0.224494 -0.817215 0.530812
v 20.334339 1.428684 447.190002 0.752941 0.752941 0.752941
vn -0.203589 0.879940 -0.429252
v 8.795531 8.257193 446.832703 0.752941 0.752941 0.752941
vn -0.106122 0.903784 -0.414624
v 10.031648 8.734322 447.502258 0.752941 0.752941 0.752941
vn 0.660633 -0.242825 -0.710352
v 26.440357 6.156713 447.283386 0.752941 0.752941 0.752941
vn -0.250516 -0.136095 0.958499
v 16.032581 8.329864 457.079773 0.752941 0.752941 0.752941
vn 0.724167 -0.315946 -0.612994
v 24.669758 2.647630 447.817352 0.752941 0.752941 0.752941
vn 0.583995 -0.594180 -0.553083
v 26.224339 5.610800 447.570221 0.752941 0.752941 0.752941
vn 0.134714 0.818963 -0.557810
v 21.887070 7.718400 447.212463 0.752941 0.752941 0.752941
vn -0.023226 0.852862 -0.521620
v 14.615130 8.672010 447.300262 0.752941 0.752941 0.752941
vn -0.854796 -0.012347 -0.518817
v 9.035571 2.885422 447.639709 0.752941 0.752941 0.752941
vn -0.250725 -0.810432 0.529468
v 20.124434 1.811550 447.567017 0.752941 0.752941 0.752941
vn -0.188166 -0.459131 0.868212
v 25.684401 10.668756 456.885986 0.752941 0.752941 0.752941
vn 0.182344 0.816281 -0.548120
v 15.113816 8.574510 447.228455 0.752941 0.752941 0.752941
vn 0.018566 -0.840753 0.541100
v 16.407427 2.113384 447.262634 0.752941 0.752941 0.752941
vn -0.866193 0.218593 -0.449362
v 9.590592 3.348563 447.310852 0.752941 0.752941 0.752941
vn -0.267998 -0.574595 0.773316
v 16.996746 6.962668 457.153381 0.752941 0.752941 0.752941
vn -0.033913 -0.924956 0.378558
v 13.973552 2.404899 447.182251 0.752941 0.752941 0.752941
vn -0.096733 -0.870585 0.482415
v 14.683013 2.407886 447.746643 0.752941 0.752941 0.752941
vn 0.124159 0.867089 -0.482433
v 15.567689 8.047696 446.409576 0.752941 0.752941 0.752941
vn -0.194186 -0.849301 0.490897
v 20.682093 6.154969 456.874207 0.752941 0.752941 0.752941
vn 0.165468 -0.965306 0.202002
v 22.988514 1.045079 447.437622 0.752941 0.752941 0.752941
vn 0.513593 -0.279361 -0.811283
v 26.666475 6.156252 447.449280 0.752941 0.752941 0.752941
vn 0.090819 0.852881 -0.514145
v 15.126329 9.013877 447.788971 0.752941 0.752941 0.752941
vn -0.010780 0.899363 -0.437069
v 10.644757 8.718803 447.428802 0.752941 0.752941 0.752941
vn 0.664485 -0.359291 -0.655263
v 23.623657 1.734956 447.027588 0.752941 0.752941 0.752941
vn -0.146283 -0.870798 0.469375
v 19.414944 6.462184 457.078644 0.752941 0.752941 0.752941
vn 0.090476 0.373804 0.923084
v 20.266571 9.638984 457.027252 0.752941 0.752941 0.752941
vn 0.559697 0.117926 -0.820264
v 26.607380 6.464802 447.405945 0.752941 0.752941 0.752941
vn -0.006931 0.826819 -0.562426
v 14.957107 8.818563 447.424652 0.752941 0.752941 0.752941
vn -0.028933 -0.858058 0.512738
v 22.548578 1.023233 447.505737 0.752941 0.752941 0.752941
vn 0.142333 0.834985 -0.531547
v 19.863550 8.363338 447.468445 0.752941 0.752941 0.752941
vn -0.170787 -0.836288 0.521013
v 18.537428 1.935774 447.507538 0.752941 0.752941 0.752941
vn -0.397612 -0.878708 0.264154
v 9.700246 2.332350 447.407654 0.752941 0.752941 0.752941
vn 0.140613 0.757651 -0.637333
v 22.774212 7.662369 447.339447 0.752941 0.752941 0.752941
vn -0.966452 -0.243649 -0.081279
v 9.583872 3.926980 447.018860 0.752941 0.752941 0.752941
vn 0.038191 -0.832753 0.552326
v 16.885162 1.894864 446.751617 0.752941 0.752941 0.752941
vn 0.043478 0.831304 -0.554115
v 16.401516 8.736462 447.645325 0.752941 0.752941 0.752941
vn 0.167101 0.850496 -0.498733
v 18.534082 8.391262 447.519836 0.752941 0.752941 0.752941
vn 0.240475 0.803075 -0.545200
v 20.263723 8.016433 447.210541 0.752941 0.752941 0.752941
vn 0.317945 0.670032 -0.670796
v 25.891657 6.775795 447.124969 0.752941 0.752941 0.752941
vn -0.141751 -0.876699 0.459679
v 28.396820 4.704123 456.867920 0.752941 0.752941 0.752941
vn 0.311324 0.650973 -0.692323
v 26.370125 6.969739 447.528015 0.752941 0.752941 0.752941
vn -0.283267 -0.854437 0.435543
v 27.752129 5.095714 457.027344 0.752941 0.752941 0.752941
vn 0.578925 0.133869 -0.804316
v 27.034729 6.525123 447.640961 0.752941 0.752941 0.752941
vn 0.184627 0.789884 -0.584804
v 25.256231 7.560333 447.927338 0.752941 0.752941 0.752941
vn 0.740657 -0.315124 -0.593400
v 24.340248 1.893273 447.694336 0.752941 0.752941 0.752941
vn -0.056941 -0.871212 0.487594
v 22.844128 1.110149 447.615906 0.752941 0.752941 0.752941
vn -0.105452 0.883798 -0.455831
v 14.834854 8.901286 447.681213 0.752941 0.752941 0.752941
vn -0.161169 -0.099485 0.981900
v 28.258062 10.265529 457.027344 0.752941 0.752941 0.752941
vn 0.250479 0.810425 -0.529596
v 20.250555 8.372611 447.715149 0.752941 0.752941 0.752941
vn -0.881459 -0.437082 -0.178853
v 8.282039 7.067211 447.741425 0.752941 0.752941 0.752941
vn -0.236775 -0.819079 0.522539
v 22.071810 1.217398 447.644501 0.752941 0.752941 0.752941
vn 0.508968 -0.589387 -0.627355
v 26.684603 5.903055 447.623077 0.752941 0.752941 0.752941
vn 0.452842 0.402790 -0.795421
v 26.614882 6.705111 447.512543 0.752941 0.752941 0.752941
vn 0.195879 0.764250 -0.614454
v 25.739014 7.266354 447.732788 0.752941 0.752941 0.752941
vn 0.157631 0.827383 -0.539064
v 20.784088 8.182018 447.549255 0.752941 0.752941 0.752941
vn -0.183974 -0.861175 0.473847
v 17.720421 2.210132 447.404480 0.752941 0.752941 0.752941
vn 0.117321 0.849168 -0.514927
v 17.905100 8.418096 447.348694 0.752941 0.752941 0.752941
vn 0.132871 0.799678 -0.585542
v 15.621248 8.992244 447.975311 0.752941 0.752941 0.752941
vn 0.284976 0.803679 -0.522388
v 24.871264 7.006553 447.106781 0.752941 0.752941 0.752941
vn 0.004709 -0.901273 0.433225
v 14.066055 2.579582 447.898132 0.752941 0.752941 0.752941
vn -0.094637 -0.807174 0.582679
v 22.282068 1.424520 447.934814 0.752941 0.752941 0.752941
vn 0.600781 -0.604251 -0.523396
v 23.812819 1.353809 447.425049 0.752941 0.752941 0.752941
vn -0.034819 0.901059 -0.432296
v 10.874889 8.878503 447.724487 0.752941 0.752941 0.752941
vn -0.002996 0.884018 -0.467443
v 14.203952 9.029209 447.941223 0.752941 0.752941 0.752941
vn -0.165736 -0.823705 0.542256
v 17.198187 6.732529 456.972137 0.752941 0.752941 0.752941
vn 0.599223 -0.311723 -0.737401
v 27.000156 6.190343 447.649292 0.752941 0.752941 0.752941
vn -0.178551 0.126285 0.975793
v 15.394908 9.360410 456.924561 0.752941 0.752941 0.752941
vn -0.148955 0.898134 -0.413723
v 8.683933 8.583511 447.607147 0.752941 0.752941 0.752941
vn -0.287239 -0.627543 0.723660
v 16.558947 6.873135 456.897003 0.752941 0.752941 0.752941
vn -0.378582 -0.897987 0.224267
v 9.266422 2.605670 447.946869 0.752941 0.752941 0.752941
vn -0.649336 0.450649 -0.612599
v 9.117419 3.638706 448.166046 0.752941 0.752941 0.752941
vn -0.146324 -0.873159 0.464954
v 18.377497 2.289856 448.062714 0.752941 0.752941 0.752941
vn 0.042645 -0.948031 0.315307
v 12.023126 2.553753 447.686462 0.752941 0.752941 0.752941
vn 0.175799 0.806711 -0.564192
v 24.151899 7.671915 447.577606 0.752941 0.752941 0.752941
vn -0.009043 0.846850 -0.531755
v 19.336412 8.383070 447.566528 0.752941 0.752941 0.752941
vn -0.326235 -0.240051 0.914301
v 16.297625 7.346112 457.013214 0.752941 0.752941 0.752941
vn -0.297325 -0.827647 0.476023
v 21.501551 1.346032 447.482330 0.752941 0.752941 0.752941
vn -0.253274 -0.850963 0.460124
v 20.489704 1.789685 447.769623 0.752941 0.752941 0.752941
vn -0.308801 -0.167022 0.936347
v 15.935080 7.804358 456.900330 0.752941 0.752941 0.752941
vn -0.066503 0.887806 -0.455388
v 14.750406 9.170546 448.196960 0.752941 0.752941 0.752941
vn -0.068656 0.895613 -0.439504
v 10.193524 8.905127 447.830017 0.752941 0.752941 0.752941
vn -0.030247 0.891655 -0.451704
v 11.680273 8.780181 447.446472 0.752941 0.752941 0.752941
vn -0.466008 0.759660 -0.453600
v 8.485785 8.424061 447.368378 0.752941 0.752941 0.752941
vn -0.010111 0.305213 0.952231
v 18.154131 9.986816 456.995728 0.752941 0.752941 0.752941
vn -0.190226 -0.836706 0.513554
v 22.918161 1.310774 447.959198 0.752941 0.752941 0.752941
vn -0.053378 -0.500521 0.864077
v 26.537401 10.557782 456.897919 0.752941 0.752941 0.752941
vn 0.008119 0.888223 -0.459341
v 13.455711 9.110746 448.064270 0.752941 0.752941 0.752941
vn 0.659101 0.232844 -0.715101
v 27.328592 6.753822 447.985474 0.752941 0.752941 0.752941
vn -0.319212 0.830626 -0.456250
v 8.356222 8.732867 448.045746 0.752941 0.752941 0.752941
vn -0.897221 -0.244029 -0.368027
v 8.754402 3.110092 448.048279 0.752941 0.752941 0.752941
vn 0.234596 0.770323 -0.592931
v 24.027571 8.078802 448.241577 0.752941 0.752941 0.752941
vn 0.053821 -0.898991 0.434648
v 11.437891 2.612191 448.209167 0.752941 0.752941 0.752941
vn -0.037102 -0.908442 0.416361
v 10.736557 2.557330 448.077209 0.752941 0.752941 0.752941
vn 0.107349 0.844481 -0.524717
v 17.384369 8.749998 447.657776 0.752941 0.752941 0.752941
vn 0.152761 0.812829 -0.562115
v 21.252855 8.000155 447.433380 0.752941 0.752941 0.752941
vn -0.035453 -0.104345 0.993909
v 26.040194 11.237979 457.323761 0.752941 0.752941 0.752941
vn 0.208572 0.778299 -0.592240
v 26.121317 7.320641 447.883026 0.752941 0.752941 0.752941
vn 0.754715 -0.137409 -0.641502
v 33.160271 4.573784 456.540619 0.752941 0.752941 0.752941
vn 0.138216 -0.982601 0.124062
v 23.556259 1.183471 447.818329 0.752941 0.752941 0.752941
vn -0.230609 -0.818579 0.526069
v 21.704939 1.487564 447.992340 0.752941 0.752941 0.752941
vn 0.206979 0.777019 -0.594475
v 26.388159 7.102036 447.733276 0.752941 0.752941 0.752941
vn 0.250047 0.795617 -0.551787
v 26.758142 7.326559 448.181030 0.752941 0.752941 0.752941
vn -0.216825 -0.833442 0.508293
v 20.775034 1.592070 447.521881 0.752941 0.752941 0.752941
vn 0.131063 0.841219 -0.524570
v 20.783716 8.489067 448.098419 0.752941 0.752941 0.752941
vn 0.133992 0.847382 -0.513800
v 19.896042 8.657918 447.892426 0.752941 0.752941 0.752941
vn 0.164892 0.792103 -0.587693
v 23.000170 7.839063 447.572113 0.752941 0.752941 0.752941
vn -0.245043 -0.542760 0.803346
v 24.872675 11.251396 456.860016 0.752941 0.752941 0.752941
vn 0.204338 0.785478 -0.584183
v 24.736185 7.751054 448.066986 0.752941 0.752941 0.752941
vn 0.750740 -0.348783 -0.561017
v 25.484726 4.006668 448.053589 0.752941 0.752941 0.752941
vn 0.204125 0.798938 -0.565712
v 25.743414 7.585304 448.141815 0.752941 0.752941 0.752941
vn 0.391554 0.607750 -0.690888
v 26.885056 6.993524 447.784973 0.752941 0.752941 0.752941
vn -0.228540 -0.859602 0.457004
v 23.385023 1.386519 448.275421 0.752941 0.752941 0.752941
vn 0.080155 0.822605 -0.562935
v 16.003450 9.107400 448.160217 0.752941 0.752941 0.752941
vn 0.157781 0.777943 -0.608203
v 23.352402 7.975689 447.928223 0.752941 0.752941 0.752941
vn -0.155698 0.894917 -0.418187
v 9.655290 8.960693 448.128845 0.752941 0.752941 0.752941
vn 0.721842 -0.391407 -0.570740
v 25.018045 2.431355 448.317108 0.752941 0.752941 0.752941
vn 0.093038 0.830056 -0.549864
v 15.394664 9.134043 448.070343 0.752941 0.752941 0.752941
vn 0.705204 -0.377073 -0.600419
v 27.265310 6.132993 447.954163 0.752941 0.752941 0.752941
vn 0.780756 -0.288143 -0.554431
v 24.771261 2.025058 448.313080 0.752941 0.752941 0.752941
vn -0.008719 0.902152 -0.431329
v 12.799449 9.175542 448.196075 0.752941 0.752941 0.752941
vn -0.299346 -0.825749 0.478049
v 21.322432 1.749458 448.062531 0.752941 0.752941 0.752941
vn -0.944635 -0.155891 -0.288727
v 8.030956 7.717152 447.507904 0.752941 0.752941 0.752941
vn -0.938065 0.063774 -0.340539
v 7.729144 8.117023 448.300903 0.752941 0.752941 0.752941
vn 0.122409 0.793453 -0.596195
v 21.982616 8.050787 447.683655 0.752941 0.752941 0.752941
vn -0.067727 -0.837607 0.542058
v 19.319214 2.132002 447.789825 0.752941 0.752941 0.752941
vn -0.059248 -0.863379 0.501065
v 16.093349 2.755913 448.133087 0.752941 0.752941 0.752941
vn -0.009165 -0.833936 0.551785
v 14.980261 2.688095 448.060150 0.752941 0.752941 0.752941
vn -0.298138 -0.339224 0.892211
v 15.869809 7.096273 456.797516 0.752941 0.752941 0.752941
vn 0.208911 0.801496 -0.560321
v 25.128656 7.950504 448.390472 0.752941 0.752941 0.752941
vn 0.194020 0.740220 -0.643763
v 23.714428 8.188721 448.208740 0.752941 0.752941 0.752941
vn 0.564023 -0.772362 -0.292122
v 24.382095 1.413807 448.001770 0.752941 0.752941 0.752941
vn 0.136157 0.826669 -0.545966
v 21.997017 8.574414 448.343658 0.752941 0.752941 0.752941
vn 0.005893 -0.829204 0.558915
v 14.406360 2.863328 448.236694 0.752941 0.752941 0.752941
vn -0.086834 -0.860489 0.502015
v 16.770948 2.446558 447.823364 0.752941 0.752941 0.752941
vn 0.085529 0.840119 -0.535616
v 21.513081 8.790438 448.622681 0.752941 0.752941 0.752941
vn -0.092114 0.917185 -0.387668
v 10.027089 9.061963 448.163116 0.752941 0.752941 0.752941
vn 0.356833 0.724423 -0.589815
v 27.098513 7.227824 448.200684 0.752941 0.752941 0.752941
vn 0.178233 0.815388 -0.550794
v 23.509401 8.454435 448.496246 0.752941 0.752941 0.752941
vn -0.353482 0.825401 -0.440186
v 8.150561 8.934517 448.522583 0.752941 0.752941 0.752941
vn 0.114595 0.824185 -0.554606
v 22.676125 8.584217 448.625763 0.752941 0.752941 0.752941
vn 0.733226 -0.414974 -0.538680
v 26.000000 4.640148 448.416840 0.752941 0.752941 0.752941
vn -0.155679 -0.893070 0.422127
v 20.035963 6.262866 456.864868 0.752941 0.752941 0.752941
vn 0.513014 -0.681672 -0.521671
v 26.883377 5.632703 448.206787 0.752941 0.752941 0.752941
vn -0.077113 0.931655 -0.355067
v 11.077237 9.235630 448.512695 0.752941 0.752941 0.752941
vn -0.125027 0.909101 -0.397370
v 8.870818 9.095427 448.690186 0.752941 0.752941 0.752941
vn 0.750600 -0.224022 -0.621621
v 33.409157 4.189853 456.825500 0.752941 0.752941 0.752941
vn 0.218475 0.798519 -0.560925
v 25.379904 7.733099 448.213165 0.752941 0.752941 0.752941
vn 0.745331 -0.266241 -0.611226
v 27.595861 6.325997 448.311584 0.752941 0.752941 0.752941
vn 0.106944 0.896373 -0.430207
v 15.871262 9.260836 448.413513 0.752941 0.752941 0.752941
vn 0.088734 0.882320 -0.462211
v 17.300592 9.191873 448.527679 0.752941 0.752941 0.752941
vn -0.142622 -0.818908 0.555922
v 22.292233 1.624401 448.255127 0.752941 0.752941 0.752941
vn 0.054162 0.877087 -0.477268
v 16.854036 9.005905 448.098297 0.752941 0.752941 0.752941
vn 0.011875 0.882952 -0.469312
v 15.259311 9.329569 448.345764 0.752941 0.752941 0.752941
vn -0.926993 -0.303264 -0.220714
v 9.175529 5.052555 448.329803 0.752941 0.752941 0.752941
vn 0.136238 0.855651 -0.499300
v 17.786619 8.859827 448.075348 0.752941 0.752941 0.752941
vn 0.086203 -0.779971 0.619851
v 11.497851 2.994093 448.661926 0.752941 0.752941 0.752941
vn 0.070342 -0.872159 0.484140
v 13.454763 2.554239 448.049622 0.752941 0.752941 0.752941
vn 0.013051 -0.881329 0.472322
v 12.303870 2.630436 448.252777 0.752941 0.752941 0.752941
vn -0.068720 -0.957283 0.280869
v 23.691671 1.260971 448.204437 0.752941 0.752941 0.752941
vn 0.023459 0.880290 -0.473855
v 19.367987 9.228932 448.935211 0.752941 0.752941 0.752941
vn 0.017197 0.849331 -0.527581
v 19.240711 8.805181 448.183350 0.752941 0.752941 0.752941
vn -0.066903 -0.891132 0.448784
v 23.076595 5.514593 456.196075 0.752941 0.752941 0.752941
vn -0.041009 0.918754 -0.392694
v 12.179780 9.281829 448.454041 0.752941 0.752941 0.752941
vn -0.213081 -0.836185 0.505362
v 21.117191 6.123243 457.012543 0.752941 0.752941 0.752941
vn -0.052722 0.912684 -0.405250
v 11.307489 9.146618 448.252380 0.752941 0.752941 0.752941
vn -0.894929 -0.412179 -0.170910
v 8.554311 6.417142 448.116699 0.752941 0.752941 0.752941
vn 0.252193 0.922588 -0.291941
v 30.848318 10.302157 456.769257 0.752941 0.752941 0.752941
vn 0.208788 0.973488 0.093426
v 27.483999 11.305045 457.063995 0.752941 0.752941 0.752941
vn 0.081619 0.788210 -0.609970
v 23.077202 8.288372 448.291779 0.752941 0.752941 0.752941
vn 0.646224 -0.684855 -0.336701
v 24.693789 1.543643 448.357391 0.752941 0.752941 0.752941
vn -0.176779 -0.883920 0.432937
v 31.610954 3.885861 456.766968 0.752941 0.752941 0.752941
vn 0.331169 0.885632 0.325550
v 31.459988 10.229497 457.205261 0.752941 0.752941 0.752941
vn 0.274293 0.961086 0.032810
v 25.410295 11.742201 456.936676 0.752941 0.752941 0.752941
vn 0.714401 -0.317366 -0.623626
v 25.528694 3.268580 448.421326 0.752941 0.752941 0.752941
vn -0.147357 -0.874544 0.462015
v 29.013607 4.877359 457.134949 0.752941 0.752941 0.752941
vn 0.242557 0.814114 -0.527621
v 26.120892 7.716110 448.513062 0.752941 0.752941 0.752941
vn 0.143696 0.989225 0.028038
v 24.054510 12.115486 457.044342 0.752941 0.752941 0.752941
vn -0.165297 0.972313 0.165183
v 21.755636 12.202910 456.585571 0.752941 0.752941 0.752941
vn 0.966674 0.254387 0.028781
v 33.892082 7.493855 456.351715 0.752941 0.752941 0.752941
vn 0.007482 0.922831 -0.385132
v 15.202807 9.548703 448.904724 0.752941 0.752941 0.752941
vn -0.897668 -0.356622 -0.258869
v 7.630263 7.716569 449.247955 0.752941 0.752941 0.752941
vn 0.270513 0.812850 -0.515847
v 23.888893 8.354122 448.546387 0.752941 0.752941 0.752941
vn -0.022550 0.892478 -0.450527
v 12.147809 8.975253 447.809906 0.752941 0.752941 0.752941
vn 0.106243 0.821983 -0.559515
v 20.949980 8.976437 448.851532 0.752941 0.752941 0.752941
vn 0.054409 -0.802092 0.594717
v 12.558699 2.983431 448.524628 0.752941 0.752941 0.752941
vn 0.025548 -0.862146 0.506015
v 13.333625 3.126396 448.694458 0.752941 0.752941 0.752941
vn -0.039862 0.923657 -0.381142
v 10.675718 9.109440 448.264679 0.752941 0.752941 0.752941
vn -0.079988 -0.645576 0.759496
v 24.325512 11.320572 456.810394 0.752941 0.752941 0.752941
vn -0.076539 0.240513 0.967624
v 16.416899 9.805993 457.050415 0.752941 0.752941 0.752941
vn 0.694263 -0.087953 -0.714327
v 27.965151 6.649395 448.578979 0.752941 0.752941 0.752941
vn 0.199819 0.810132 -0.551143
v 24.474981 8.142837 448.472107 0.752941 0.752941 0.752941
vn -0.210749 -0.788881 0.577279
v 21.584686 1.848212 448.388733 0.752941 0.752941 0.752941
vn 0.253449 0.828569 -0.499237
v 25.775158 8.031042 448.802032 0.752941 0.752941 0.752941
vn -0.061528 0.931342 -0.358911
v 10.811324 9.338400 448.871613 0.752941 0.752941 0.752941
vn 0.643921 -0.492343 -0.585632
v 27.464588 5.977302 448.411255 0.752941 0.752941 0.752941
vn 0.079432 0.872861 -0.481461
v 18.218449 9.275960 448.856873 0.752941 0.752941 0.752941
vn -0.000614 0.894683 -0.446701
v 14.205069 9.346671 448.572906 0.752941 0.752941 0.752941
vn -0.022539 0.932172 -0.361314
v 10.382627 9.213135 448.577332 0.752941 0.752941 0.752941
vn -0.049908 -0.912102 0.406915
v 9.267030 2.933912 448.775482 0.752941 0.752941 0.752941
vn -0.899939 -0.036390 -0.434495
v 8.583057 3.363923 448.442200 0.752941 0.752941 0.752941
vn -0.746473 0.502988 -0.435638
v 7.799397 8.497714 448.378601 0.752941 0.752941 0.752941
vn -0.244331 -0.165517 0.955462
v 14.652906 8.623299 456.691132 0.752941 0.752941 0.752941
vn -0.896454 0.068375 -0.437830
v 9.270014 4.356113 448.337982 0.752941 0.752941 0.752941
vn -0.065905 -0.858625 0.508350
v 18.822668 2.572791 448.562988 0.752941 0.752941 0.752941
vn 0.019110 -0.863690 0.503660
v 10.652694 2.961566 448.831787 0.752941 0.752941 0.752941
vn 0.144791 0.857332 -0.493981
v 19.924267 8.840925 448.296844 0.752941 0.752941 0.752941
vn -0.079740 -0.888953 0.451003
v 16.459297 2.897966 448.498871 0.752941 0.752941 0.752941
vn -0.167712 -0.894325 0.414795
v 17.480644 2.698598 448.416626 0.752941 0.752941 0.752941
vn -0.117938 0.917274 -0.380394
v 9.848034 9.203327 448.618134 0.752941 0.752941 0.752941
vn -0.205981 -0.817076 0.538478
v 22.269585 1.992535 448.777618 0.752941 0.752941 0.752941
vn -0.194519 -0.832341 0.519009
v 22.901176 1.516000 448.303864 0.752941 0.752941 0.752941
vn 0.063044 0.892365 -0.446889
v 16.709082 9.248208 448.581055 0.752941 0.752941 0.752941
vn 0.231499 0.823675 -0.517656
v 20.355856 8.882987 448.591431 0.752941 0.752941 0.752941
vn 0.212709 0.803131 -0.556539
v 26.382774 7.980702 449.005676 0.752941 0.752941 0.752941
vn -0.299578 -0.208749 0.930955
v 15.373920 8.381515 456.914795 0.752941 0.752941 0.752941
vn -0.058314 0.924651 -0.376323
v 11.961535 9.399876 448.760986 0.752941 0.752941 0.752941
vn -0.137500 0.910150 -0.390796
v 9.649100 9.389907 449.119873 0.752941 0.752941 0.752941
vn -0.074893 0.934303 -0.348524
v 11.436867 9.428573 448.944275 0.752941 0.752941 0.752941
vn 0.484424 0.551130 -0.679404
v 27.609266 7.175150 448.456512 0.752941 0.752941 0.752941
vn -0.075966 -0.621549 0.779683
v 23.132677 11.495972 457.006042 0.752941 0.752941 0.752941
vn -0.194097 -0.317983 0.928016
v 22.226723 11.914894 457.089294 0.752941 0.752941 0.752941
vn 0.123518 0.831805 -0.541150
v 23.324306 8.628383 448.711090 0.752941 0.752941 0.752941
vn -0.076031 -0.509156 0.857309
v 22.708197 11.130722 456.654236 0.752941 0.752941 0.752941
vn 0.634188 -0.455998 -0.624397
v 27.863323 5.939687 448.781921 0.752941 0.752941 0.752941
vn -0.939252 -0.305825 -0.155808
v 8.322464 3.549662 449.068665 0.752941 0.752941 0.752941
vn -0.196256 -0.878448 0.435675
v 19.911163 2.441280 448.531036 0.752941 0.752941 0.752941
vn 0.634690 -0.715986 -0.290745
v 24.999346 1.640162 448.726013 0.752941 0.752941 0.752941
vn -0.194966 -0.841160 0.504418
v 20.806574 2.220829 448.662628 0.752941 0.752941 0.752941
vn -0.094819 -0.852584 0.513915
v 18.514990 2.922332 449.031281 0.752941 0.752941 0.752941
vn 0.136969 0.864217 -0.484117
v 19.953718 9.236821 448.866791 0.752941 0.752941 0.752941
vn -0.013837 0.924221 -0.381607
v 12.893793 9.406738 448.690155 0.752941 0.752941 0.752941
vn 0.517507 -0.744035 -0.422608
v 27.506824 5.546415 448.813995 0.752941 0.752941 0.752941
vn -0.275586 -0.317004 0.907502
v 25.259338 10.848088 456.859192 0.752941 0.752941 0.752941
vn 0.720578 -0.230985 -0.653768
v 26.034044 4.265718 448.558136 0.752941 0.752941 0.752941
vn -0.232026 -0.834379 0.499976
v 23.082645 1.842641 448.866577 0.752941 0.752941 0.752941
vn 0.261791 0.789164 -0.555595
v 27.248774 7.583699 448.821045 0.752941 0.752941 0.752941
vn 0.070714 0.373784 0.924816
v 22.159594 9.840080 456.746338 0.752941 0.752941 0.752941
vn 0.642264 0.299286 -0.705638
v 28.243679 7.149289 448.948822 0.752941 0.752941 0.752941
vn 0.365956 0.710266 -0.601330
v 27.817421 7.445229 448.878662 0.752941 0.752941 0.752941
vn -0.202307 -0.826169 0.525848
v 16.782541 6.659978 456.679901 0.752941 0.752941 0.752941
vn 0.668982 -0.557911 -0.491120
v 26.512068 4.971307 448.778687 0.752941 0.752941 0.752941
vn -0.292611 -0.821747 0.488990
v 23.372557 1.796289 448.994385 0.752941 0.752941 0.752941
vn 0.109187 -0.953134 0.282160
v 24.137981 1.388621 448.696167 0.752941 0.752941 0.752941
vn -0.023082 -0.902653 0.429750
v 10.001813 3.090590 448.878876 0.752941 0.752941 0.752941
vn 0.083138 -0.888436 0.451408
v 11.194531 3.231043 449.102020 0.752941 0.752941 0.752941
vn -0.037808 -0.897686 0.439010
v 15.040795 3.060435 448.679962 0.752941 0.752941 0.752941
vn -0.119331 -0.248980 0.961129
v 26.921556 10.201059 456.716583 0.752941 0.752941 0.752941
vn 0.243478 0.799894 -0.548532
v 26.844091 7.746517 448.887756 0.752941 0.752941 0.752941
vn 0.234127 0.827344 -0.510575
v 25.975645 8.076295 449.019897 0.752941 0.752941 0.752941
vn 0.591966 -0.668695 -0.449915
v 26.582415 5.126136 448.684143 0.752941 0.752941 0.752941
vn -0.007856 0.912824 -0.408277
v 13.408827 9.400614 448.676758 0.752941 0.752941 0.752941
vn -0.234624 -0.834055 0.499303
v 23.674503 1.552833 448.753998 0.752941 0.752941 0.752941
vn 0.094945 0.182627 0.978587
v 20.300953 10.641811 456.631927 0.752941 0.752941 0.752941
vn 0.774016 -0.328211 -0.541458
v 25.195427 2.112858 448.826080 0.752941 0.752941 0.752941
vn 0.052122 0.905315 -0.421530
v 16.060183 9.439207 448.870331 0.752941 0.752941 0.752941
vn -0.053047 -0.918931 0.390836
v 24.280748 1.528854 448.919098 0.752941 0.752941 0.752941
vn 0.862320 -0.186771 -0.470660
v 25.291506 1.859674 449.064301 0.752941 0.752941 0.752941
vn -0.091382 -0.139911 0.985938
v 25.660007 10.167418 456.651459 0.752941 0.752941 0.752941
vn 0.696541 -0.438778 -0.567719
v 25.550962 2.558306 448.836945 0.752941 0.752941 0.752941
vn 0.048249 0.892052 -0.449349
v 16.856146 9.505853 449.052612 0.752941 0.752941 0.752941
vn -0.114357 0.368155 0.922705
v 26.983257 9.832726 456.754211 0.752941 0.752941 0.752941
vn 0.709121 -0.285765 -0.644582
v 28.244347 6.391173 448.893250 0.752941 0.752941 0.752941
vn 0.243129 0.813775 -0.527882
v 26.776730 8.001332 449.200104 0.752941 0.752941 0.752941
vn -0.236162 -0.832732 0.500784
v 24.056017 1.871459 449.436157 0.752941 0.752941 0.752941
vn 0.656186 -0.667354 -0.352220
v 25.359833 1.783229 449.237427 0.752941 0.752941 0.752941
vn -0.011916 0.922358 -0.386153
v 14.702847 9.573603 449.017456 0.752941 0.752941 0.752941
vn -0.072370 -0.874483 0.479627
v 17.840099 2.803753 448.870789 0.752941 0.752941 0.752941
vn -0.173658 -0.888848 0.424019
v 20.211494 2.701382 449.421295 0.752941 0.752941 0.752941
vn 0.041364 0.107956 0.993295
v 19.945116 11.149145 456.703156 0.752941 0.752941 0.752941
vn 0.222610 0.838587 -0.497210
v 25.288216 8.235648 448.951202 0.752941 0.752941 0.752941
vn 0.055160 0.923744 -0.379018
v 15.763063 9.697001 449.408386 0.752941 0.752941 0.752941
vn -0.031710 0.932194 -0.360568
v 12.765760 9.582944 449.166138 0.752941 0.752941 0.752941
vn 0.065961 0.893725 -0.443740
v 18.728832 9.449794 449.259003 0.752941 0.752941 0.752941
vn 0.059613 0.846044 -0.529769
v 22.817348 8.824428 449.004272 0.752941 0.752941 0.752941
vn 0.153362 0.843542 -0.514701
v 21.788565 9.163508 449.354248 0.752941 0.752941 0.752941
vn 0.162660 0.862930 -0.478427
v 23.299379 8.809484 449.027130 0.752941 0.752941 0.752941
vn 0.429731 0.680833 -0.593125
v 28.248047 7.490481 449.217743 0.752941 0.752941 0.752941
vn -0.299770 -0.455046 0.838493
v 15.538629 6.988764 456.604034 0.752941 0.752941 0.752941
vn 0.132296 0.858900 -0.494761
v 22.142399 8.840610 448.884613 0.752941 0.752941 0.752941
vn -0.104581 -0.890995 0.441804
v 19.301325 6.250908 456.607239 0.752941 0.752941 0.752941
vn 0.018916 -0.914273 0.404657
v 12.674409 3.462490 449.567719 0.752941 0.752941 0.752941
vn -0.185059 -0.806495 0.561532
v 21.601252 2.134963 448.756897 0.752941 0.752941 0.752941
vn -0.572851 -0.808073 0.137334
v 8.812803 3.032243 448.701843 0.752941 0.752941 0.752941
vn -0.009434 -0.918623 0.395022
v 13.507000 3.429694 449.457458 0.752941 0.752941 0.752941
vn -0.185248 -0.879422 0.438520
v 19.370329 2.813120 449.126038 0.752941 0.752941 0.752941
vn -0.872751 -0.366104 -0.322914
v 8.212005 6.257844 449.450073 0.752941 0.752941 0.752941
vn 0.001521 0.359554 0.933123
v 24.010307 10.016862 456.676178 0.752941 0.752941 0.752941
vn -0.183771 0.028086 0.982568
v 14.594461 9.445516 456.764069 0.752941 0.752941 0.752941
vn 0.201453 0.805246 -0.557669
v 20.394550 9.125666 448.978119 0.752941 0.752941 0.752941
vn 0.785428 -0.352862 -0.508518
v 33.959724 6.555719 456.808685 0.752941 0.752941 0.752941
vn 0.154908 0.874838 -0.458979
v 20.053650 9.310308 449.083832 0.752941 0.752941 0.752941
vn -0.004519 0.935502 -0.353291
v 14.325627 9.626752 449.119232 0.752941 0.752941 0.752941
vn 0.214200 0.859678 -0.463758
v 23.863928 8.826807 449.396240 0.752941 0.752941 0.752941
vn 0.704865 -0.413300 -0.576496
v 25.794125 2.237243 449.482971 0.752941 0.752941 0.752941
vn 0.132060 0.878420 -0.459280
v 20.246443 9.411135 449.289612 0.752941 0.752941 0.752941
vn -0.061452 0.918465 -0.390700
v 9.993475 9.507770 449.265167 0.752941 0.752941 0.752941
vn 0.228636 0.859467 -0.457211
v 23.361784 9.022998 449.522736 0.752941 0.752941 0.752941
vn 0.256752 0.848206 -0.463276
v 23.911373 8.492403 448.828156 0.752941 0.752941 0.752941
vn -0.022148 0.929885 -0.367184
v 13.404099 9.592251 449.179840 0.752941 0.752941 0.752941
vn -0.843393 0.249256 -0.475983
v 8.352744 3.888884 449.027374 0.752941 0.752941 0.752941
vn -0.049840 -0.882669 0.467345
v 18.692430 6.176028 456.350372 0.752941 0.752941 0.752941
vn -0.208066 -0.837621 0.505074
v 22.722113 1.909357 448.874207 0.752941 0.752941 0.752941
vn -0.548837 0.698272 -0.459558
v 7.866173 9.035852 449.037537 0.752941 0.752941 0.752941
vn 0.621992 -0.715552 -0.317980
v 27.444710 5.397352 449.422607 0.752941 0.752941 0.752941
vn 0.696599 -0.518557 -0.495831
v 28.641714 6.240598 449.497528 0.752941 0.752941 0.752941
vn 0.007623 0.593437 0.804844
v 20.351189 12.111628 456.491486 0.752941 0.752941 0.752941
vn -0.042671 0.930140 -0.364716
v 12.197509 9.727704 449.629578 0.752941 0.752941 0.752941
vn 0.205393 0.833461 -0.512987
v 25.766836 8.414509 449.428589 0.752941 0.752941 0.752941
vn 0.189741 0.845347 -0.499387
v 24.743723 8.422696 449.050964 0.752941 0.752941 0.752941
vn 0.434139 0.900777 -0.011153
v 32.563015 9.572179 456.521790 0.752941 0.752941 0.752941
vn 0.101050 0.881051 -0.462102
v 20.789989 9.345560 449.325012 0.752941 0.752941 0.752941
vn 0.707094 -0.359079 -0.609164
v 26.261368 3.272135 449.235443 0.752941 0.752941 0.752941
vn 0.684292 -0.411761 -0.601829
v 26.757238 4.878140 449.190521 0.752941 0.752941 0.752941
vn 0.036592 -0.902093 0.429988
v 11.967387 3.602599 449.896637 0.752941 0.752941 0.752941
vn 0.225415 0.959933 -0.166485
v 29.838106 10.614042 456.895966 0.752941 0.752941 0.752941
vn -0.169698 -0.923811 0.343184
v 8.850128 3.263198 449.357605 0.752941 0.752941 0.752941
vn 0.008238 -0.903188 0.429167
v 10.339152 3.577344 450.148834 0.752941 0.752941 0.752941
vn -0.863323 -0.098586 -0.494928
v 8.850010 5.014140 449.072845 0.752941 0.752941 0.752941
vn -0.410087 0.330514 0.850052
v 21.637169 11.961238 456.946838 0.752941 0.752941 0.752941
vn 0.381218 -0.897299 -0.222548
v 33.126663 3.872795 456.753937 0.752941 0.752941 0.752941
vn -0.146305 0.892723 -0.426193
v 8.257140 9.264834 449.289642 0.752941 0.752941 0.752941
vn -0.001142 -0.961446 0.274992
v 24.756910 1.554300 449.233521 0.752941 0.752941 0.752941
vn -0.134043 -0.901930 0.410555
v 28.856474 4.587855 456.581604 0.752941 0.752941 0.752941
vn -0.243558 -0.861698 0.445147
v 29.432775 4.309606 456.471161 0.752941 0.752941 0.752941
vn 0.070677 0.901614 -0.426727
v 17.653938 9.566175 449.314697 0.752941 0.752941 0.752941
vn -0.230477 -0.854164 0.466137
v 27.503187 4.982990 456.571960 0.752941 0.752941 0.752941
vn 0.011682 0.903716 -0.427973
v 19.628839 9.441850 449.362427 0.752941 0.752941 0.752941
vn -0.048211 0.922770 -0.382323
v 11.419956 9.694557 449.632111 0.752941 0.752941 0.752941
vn -0.019053 0.940983 -0.337918
v 14.082085 9.701388 449.399994 0.752941 0.752941 0.752941
vn -0.015913 -0.138592 0.990222
v 20.890560 11.218794 456.512848 0.752941 0.752941 0.752941
vn -0.072317 -0.965620 0.249697
v 24.944464 1.694697 449.622375 0.752941 0.752941 0.752941
vn 0.170464 0.856292 -0.487551
v 24.506271 8.875970 449.733185 0.752941 0.752941 0.752941
vn 0.045165 0.862338 -0.504314
v 22.684155 9.010819 449.315338 0.752941 0.752941 0.752941
vn -0.057284 0.541908 0.838483
v 25.684172 9.740161 456.751312 0.752941 0.752941 0.752941
vn -0.041190 0.935773 -0.350189
v 12.267027 9.551576 449.142548 0.752941 0.752941 0.752941
vn -0.125184 -0.958788 0.255058
v 8.642163 3.421768 449.789154 0.752941 0.752941 0.752941
vn -0.118784 -0.869062 0.480231
v 19.952040 3.003942 449.963501 0.752941 0.752941 0.752941
vn 0.000446 -0.874110 0.485729
v 17.923328 3.270632 449.540924 0.752941 0.752941 0.752941
vn -0.069994 0.309120 0.948444
v 15.937799 10.432226 456.794189 0.752941 0.752941 0.752941
vn -0.907653 0.112344 -0.404406
v 7.512407 8.402697 449.168060 0.752941 0.752941 0.752941
vn -0.867702 0.048169 -0.494746
v 7.102285 8.672698 449.868011 0.752941 0.752941 0.752941
vn -0.276067 0.815333 -0.508940
v 7.831562 9.234075 449.382050 0.752941 0.752941 0.752941
vn 0.710235 -0.245487 -0.659775
v 26.854559 4.229703 449.481842 0.752941 0.752941 0.752941
vn 0.127051 0.903798 -0.408665
v 21.717934 9.486744 449.833527 0.752941 0.752941 0.752941
vn 0.115836 0.873090 -0.473599
v 21.201715 9.362224 449.427490 0.752941 0.752941 0.752941
vn -0.016837 0.929164 -0.369285
v 13.655201 9.831503 449.711731 0.752941 0.752941 0.752941
vn 0.122654 0.891933 -0.435215
v 22.918531 9.286858 449.751526 0.752941 0.752941 0.752941
vn 0.082438 0.857310 -0.508157
v 22.877048 9.119503 449.480774 0.752941 0.752941 0.752941
vn 0.281576 0.815321 -0.505931
v 27.450953 7.875482 449.351135 0.752941 0.752941 0.752941
vn 0.233435 0.852982 -0.466829
v 26.486919 8.400366 449.745911 0.752941 0.752941 0.752941
vn 0.666094 -0.468457 -0.580403
v 26.325438 2.812821 449.647644 0.752941 0.752941 0.752941
vn 0.213301 0.882224 -0.419742
v 24.636393 11.763167 456.436371 0.752941 0.752941 0.752941
vn -0.031985 0.927116 -0.373408
v 13.194633 9.744134 449.531982 0.752941 0.752941 0.752941
vn -0.183388 0.186197 0.965246
v 14.178267 10.030622 456.619598 0.752941 0.752941 0.752941
vn -0.056903 0.921261 -0.384761
v 9.933268 9.641398 449.602692 0.752941 0.752941 0.752941
vn 0.684231 -0.397183 -0.611616
v 26.282923 2.446188 449.937927 0.752941 0.752941 0.752941
vn 0.418220 0.696369 -0.583233
v 28.577948 7.615463 449.609344 0.752941 0.752941 0.752941
vn 0.208125 0.856453 -0.472411
v 25.652639 8.680223 449.873108 0.752941 0.752941 0.752941
vn -0.187001 -0.844367 0.502070
v 21.531361 2.655078 449.516510 0.752941 0.752941 0.752941
vn 0.005897 0.931338 -0.364108
v 14.944611 9.788297 449.496460 0.752941 0.752941 0.752941
vn -0.037585 -0.909455 0.414100
v 14.920700 3.484322 449.599762 0.752941 0.752941 0.752941
vn -0.537839 0.577259 -0.614411
v 7.441947 9.368592 449.883209 0.752941 0.752941 0.752941
vn -0.035449 -0.880758 0.472238
v 20.596554 2.964277 449.820160 0.752941 0.752941 0.752941
vn 0.173187 0.920880 -0.349265
v 20.327358 9.472019 449.541626 0.752941 0.752941 0.752941
vn 0.115466 0.904593 -0.410341
v 20.017492 9.648375 449.757019 0.752941 0.752941 0.752941
vn 0.657837 -0.652249 -0.376594
v 28.348957 5.931252 449.482971 0.752941 0.752941 0.752941
vn 0.751749 -0.190638 -0.631292
v 28.922964 6.602450 449.588959 0.752941 0.752941 0.752941
vn -0.182033 0.170174 0.968455
v 21.062201 11.770162 456.646271 0.752941 0.752941 0.752941
vn -0.306112 -0.185514 0.933745
v 15.598114 7.351059 456.762573 0.752941 0.752941 0.752941
vn -0.254834 -0.329164 0.909236
v 21.619793 11.703082 456.859863 0.752941 0.752941 0.752941
vn -0.115612 0.278670 0.953403
v 19.774464 11.667544 456.533691 0.752941 0.752941 0.752941
vn 0.698698 -0.366122 -0.614635
v 27.083792 3.402524 450.094177 0.752941 0.752941 0.752941
vn 0.194028 0.852348 -0.485649
v 24.864975 8.676483 449.505646 0.752941 0.752941 0.752941
vn 0.060626 0.927600 -0.368624
v 17.500410 10.008496 450.323669 0.752941 0.752941 0.752941
vn -0.077456 0.893798 -0.441731
v 8.228955 9.615456 450.049316 0.752941 0.752941 0.752941
vn 0.689746 -0.523847 -0.499836
v 26.103277 2.101237 449.883514 0.752941 0.752941 0.752941
vn 0.730671 -0.530491 -0.429766
v 27.353735 5.220942 449.585876 0.752941 0.752941 0.752941
vn -0.085791 0.346502 0.934118
v 18.581802 11.085332 456.665222 0.752941 0.752941 0.752941
vn -0.751338 -0.656996 0.062025
v 8.353880 3.541407 449.728455 0.752941 0.752941 0.752941
vn -0.968226 -0.024906 -0.248834
v 8.227681 4.207146 449.539886 0.752941 0.752941 0.752941
vn -0.899024 -0.299285 -0.319663
v 7.225836 8.058422 449.942932 0.752941 0.752941 0.752941
vn -0.151637 -0.933929 0.323703
v 16.263409 3.385498 449.502350 0.752941 0.752941 0.752941
vn -0.233021 -0.833699 0.500646
v 22.351446 2.345199 449.405914 0.752941 0.752941 0.752941
vn 0.334468 -0.939025 -0.079767
v 25.473999 1.727913 449.554474 0.752941 0.752941 0.752941
vn -0.367343 -0.850546 0.376339
v 24.567318 1.920525 449.719086 0.752941 0.752941 0.752941
vn -0.011599 0.925257 -0.379164
v 10.563191 9.540799 449.372955 0.752941 0.752941 0.752941
vn 0.046852 0.928573 -0.368181
v 9.980508 9.747917 449.915283 0.752941 0.752941 0.752941
vn 0.648506 0.289399 -0.704051
v 28.869221 7.288691 449.599274 0.752941 0.752941 0.752941
vn 0.314909 0.940028 -0.131069
v 24.762516 11.999257 456.997406 0.752941 0.752941 0.752941
vn 0.200649 0.880169 -0.430165
v 23.713322 9.115263 449.874390 0.752941 0.752941 0.752941
vn 0.738754 -0.373024 -0.561334
v 27.226927 4.952773 449.621735 0.752941 0.752941 0.752941
vn -0.177092 -0.871418 0.457460
v 17.731575 6.590078 456.816833 0.752941 0.752941 0.752941
vn 0.003937 0.384672 0.923045
v 16.897173 11.028849 456.583069 0.752941 0.752941 0.752941
vn -0.022343 0.931718 -0.362494
v 9.756514 9.818006 450.004364 0.752941 0.752941 0.752941
vn 0.629164 -0.690547 -0.356788
v 27.920580 5.489618 449.937347 0.752941 0.752941 0.752941
vn -0.899759 -0.070201 -0.430703
v 8.333156 5.469791 449.825867 0.752941 0.752941 0.752941
vn -0.305315 -0.854163 0.420938
v 24.073315 2.216419 450.065247 0.752941 0.752941 0.752941
vn 0.193267 0.866104 -0.460990
v 25.016630 8.968923 450.135620 0.752941 0.752941 0.752941
vn -0.293289 -0.160984 0.942372
v 15.227470 7.853140 456.689484 0.752941 0.752941 0.752941
vn 0.657536 -0.459226 -0.597292
v 26.855782 2.808892 450.265167 0.752941 0.752941 0.752941
vn -0.017872 -0.921261 0.388533
v 25.394777 1.845391 450.088074 0.752941 0.752941 0.752941
vn -0.024140 -0.190535 0.981384
v 21.844860 11.068627 456.551178 0.752941 0.752941 0.752941
vn 0.188145 0.862417 -0.469935
v 24.574923 8.980568 449.943756 0.752941 0.752941 0.752941
vn 0.041772 0.916007 -0.398982
v 16.765373 9.675460 449.426727 0.752941 0.752941 0.752941
vn 0.166828 0.869831 -0.464288
v 24.228827 9.109790 450.059998 0.752941 0.752941 0.752941
vn -0.314598 -0.517917 0.795481
v 15.787489 6.921135 456.702271 0.752941 0.752941 0.752941
vn -0.121524 0.905243 -0.407146
v 8.798980 9.457579 449.566132 0.752941 0.752941 0.752941
vn 0.164718 0.889069 -0.427112
v 20.539789 9.600852 449.909027 0.752941 0.752941 0.752941
vn -0.344224 -0.865555 0.363763
v 24.773853 1.856314 449.984253 0.752941 0.752941 0.752941
vn -0.037246 0.919863 -0.390467
v 12.213326 9.861361 449.939636 0.752941 0.752941 0.752941
vn -0.010629 -0.580486 0.814201
v 23.533501 11.124896 456.661560 0.752941 0.752941 0.752941
vn -0.169042 -0.289654 0.942085
v 24.407003 10.843841 456.553955 0.752941 0.752941 0.752941
vn 0.693958 0.374076 -0.615215
v 29.368635 7.493186 450.107819 0.752941 0.752941 0.752941
vn -0.029790 0.928966 -0.368964
v 13.088443 9.915817 449.996399 0.752941 0.752941 0.752941
vn 0.031351 -0.904919 0.424427
v 17.225983 3.231235 449.723907 0.752941 0.752941 0.752941
vn -0.117422 0.043178 0.992143
v 24.486792 10.443531 456.578278 0.752941 0.752941 0.752941
vn -0.265594 -0.845404 0.463413
v 23.641455 2.289726 449.875183 0.752941 0.752941 0.752941
vn 0.101461 0.922843 -0.371573
v 20.266870 9.850492 450.284241 0.752941 0.752941 0.752941
vn -0.039446 0.915409 -0.400588
v 12.383044 10.019331 450.298950 0.752941 0.752941 0.752941
vn -0.229842 -0.839720 0.491978
v 23.147076 2.222493 449.563812 0.752941 0.752941 0.752941
vn 0.681180 -0.358870 -0.638127
v 28.040558 5.175962 450.313141 0.752941 0.752941 0.752941
vn -0.217348 0.831644 -0.511007
v 7.491766 9.685971 450.149475 0.752941 0.752941 0.752941
vn 0.070992 0.932001 -0.355435
v 21.035646 9.504086 449.846771 0.752941 0.752941 0.752941
vn 0.166021 0.890301 -0.424031
v 24.196152 11.850481 456.526215 0.752941 0.752941 0.752941
vn 0.669185 -0.506384 -0.543844
v 26.595398 2.387364 450.298523 0.752941 0.752941 0.752941
vn -0.267248 -0.779284 0.566828
v 24.410360 2.241087 450.389465 0.752941 0.752941 0.752941
vn 0.147090 0.910340 -0.386840
v 22.789686 9.376444 449.975647 0.752941 0.752941 0.752941
vn -0.141123 0.847720 -0.511327
v 7.735597 9.536187 449.906433 0.752941 0.752941 0.752941
vn -0.025551 0.928785 -0.369738
v 14.734576 10.092971 450.308105 0.752941 0.752941 0.752941
vn 0.035522 0.923480 -0.381998
v 19.338249 9.750941 449.997559 0.752941 0.752941 0.752941
vn 0.162986 0.897946 -0.408813
v 22.636305 9.671902 450.480377 0.752941 0.752941 0.752941
vn 0.092459 0.887492 -0.451452
v 22.440105 9.354746 449.884247 0.752941 0.752941 0.752941
vn -0.111045 -0.811904 0.573132
v 24.937986 1.951619 450.197815 0.752941 0.752941 0.752941
vn -0.910935 -0.318852 -0.261785
v 7.135995 7.996530 450.438385 0.752941 0.752941 0.752941
vn 0.714300 -0.389354 -0.581531
v 28.425480 5.595818 450.524811 0.752941 0.752941 0.752941
vn -0.135748 0.893690 -0.427657
v 9.336759 9.721499 449.986603 0.752941 0.752941 0.752941
vn 0.012715 0.354297 0.935046
v 24.804161 9.834743 456.631470 0.752941 0.752941 0.752941
vn 0.445292 -0.887423 -0.119147
v 26.066256 1.994615 450.066406 0.752941 0.752941 0.752941
vn -0.864985 0.010401 -0.501690
v 7.853559 5.836658 450.846313 0.752941 0.752941 0.752941
vn -0.810960 0.164161 -0.561601
v 8.167872 4.735925 449.888000 0.752941 0.752941 0.752941
vn -0.138286 -0.899737 0.413944
v 21.603050 3.170684 450.514832 0.752941 0.752941 0.752941
vn -0.201980 -0.871011 0.447821
v 19.277136 3.277005 450.033234 0.752941 0.752941 0.752941
vn -0.157012 -0.920157 0.358690
v 16.013426 3.585041 450.030060 0.752941 0.752941 0.752941
vn 0.715911 -0.643553 -0.270760
v 28.969774 6.411849 449.831421 0.752941 0.752941 0.752941
vn -0.045777 0.915173 -0.400453
v 10.591758 9.880925 450.144714 0.752941 0.752941 0.752941
vn -0.282311 -0.869581 0.405129
v 23.453182 2.634629 450.481720 0.752941 0.752941 0.752941
vn -0.022358 0.919464 -0.392537
v 13.620610 10.228698 450.794525 0.752941 0.752941 0.752941
vn -0.321094 -0.816567 0.479706
v 24.614510 2.067144 450.215637 0.752941 0.752941 0.752941
vn 0.184894 0.871108 -0.454957
v 25.295658 9.051148 450.372742 0.752941 0.752941 0.752941
vn 0.693853 -0.305704 -0.652007
v 27.675213 4.515249 450.258453 0.752941 0.752941 0.752941
vn -0.052018 0.384950 0.921470
v 17.947838 10.927184 456.656921 0.752941 0.752941 0.752941
vn 0.558091 -0.717082 -0.417526
v 26.744089 2.299552 450.561066 0.752941 0.752941 0.752941
vn -0.025391 0.899726 -0.435715
v 7.936593 9.766661 450.421173 0.752941 0.752941 0.752941
vn -0.186891 -0.879317 0.438034
v 20.386496 5.984094 456.447388 0.752941 0.752941 0.752941
vn 0.183614 0.877737 -0.442564
v 24.527939 9.263691 450.448547 0.752941 0.752941 0.752941
vn 0.709676 -0.615004 -0.343701
v 28.429090 5.884084 450.213104 0.752941 0.752941 0.752941
vn -0.271452 0.787220 -0.553713
v 7.354224 9.694601 450.277191 0.752941 0.752941 0.752941
vn -0.132123 0.858781 -0.495015
v 9.032847 9.996945 450.629181 0.752941 0.752941 0.752941
vn -0.023488 -0.928495 0.370601
v 14.463428 3.955903 450.674377 0.752941 0.752941 0.752941
vn -0.888104 -0.309878 -0.339480
v 7.910079 4.483935 450.323303 0.752941 0.752941 0.752941
vn -0.079024 -0.919764 0.384434
v 16.816099 3.370882 450.093719 0.752941 0.752941 0.752941
vn 0.857023 -0.281222 -0.431770
v 29.397102 6.869833 450.100281 0.752941 0.752941 0.752941
vn -0.084609 -0.918948 0.385195
v 26.077137 2.071703 450.840637 0.752941 0.752941 0.752941
vn -0.280944 -0.817302 0.503079
v 25.332256 2.225610 450.640839 0.752941 0.752941 0.752941
vn 0.071188 -0.055930 0.995894
v 22.558405 10.658594 456.449768 0.752941 0.752941 0.752941
vn 0.064804 0.922191 -0.381266
v 18.289629 9.816780 449.985657 0.752941 0.752941 0.752941
vn 0.198979 0.898871 -0.390434
v 23.105249 9.433350 450.340485 0.752941 0.752941 0.752941
vn -0.166447 -0.891354 0.421643
v 25.667255 5.094325 456.257385 0.752941 0.752941 0.752941
vn -0.176753 -0.773745 0.608339
v 25.112495 2.087324 450.347534 0.752941 0.752941 0.752941
vn 0.228611 0.908105 -0.350832
v 27.176090 11.067746 456.198059 0.752941 0.752941 0.752941
vn 0.234984 0.864444 -0.444432
v 26.594612 8.739233 450.445740 0.752941 0.752941 0.752941
vn -0.849847 -0.081698 -0.520659
v 6.829674 9.200309 450.404297 0.752941 0.752941 0.752941
vn 0.261511 0.949197 -0.175037
v 28.094610 11.116321 456.811279 0.752941 0.752941 0.752941
vn 0.220282 0.938762 -0.264955
v 23.422716 12.181683 456.758606 0.752941 0.752941 0.752941
vn -0.316643 -0.818822 0.478818
v 25.573822 2.111296 450.640900 0.752941 0.752941 0.752941
vn -0.241098 -0.860107 0.449542
v 28.168377 4.552584 456.354980 0.752941 0.752941 0.752941
vn 0.224432 0.866258 -0.446350
v 25.689476 8.973005 450.422089 0.752941 0.752941 0.752941
vn 0.150652 0.888981 -0.432455
v 23.750380 9.296722 450.255676 0.752941 0.752941 0.752941
vn -0.013181 0.903762 -0.427833
v 9.882320 9.952357 450.393494 0.752941 0.752941 0.752941
vn -0.059533 0.832795 -0.550370
v 9.495543 10.133000 450.661682 0.752941 0.752941 0.752941
vn -0.132468 -0.098057 0.986325
v 14.049582 8.922169 456.654816 0.752941 0.752941 0.752941
vn -0.022138 0.886906 -0.461419
v 11.066189 10.168554 450.751587 0.752941 0.752941 0.752941
vn 0.061204 -0.915170 0.398394
v 9.555531 3.578205 449.937439 0.752941 0.752941 0.752941
vn -0.903910 -0.296898 -0.307893
v 7.932340 6.006127 450.590942 0.752941 0.752941 0.752941
vn -0.044351 -0.903885 0.425470
v 16.481440 3.671447 450.591522 0.752941 0.752941 0.752941
vn 0.062651 -0.879700 0.471384
v 17.429762 3.606940 450.248901 0.752941 0.752941 0.752941
vn 0.102650 0.922452 -0.372216
v 21.410376 9.751860 450.494690 0.752941 0.752941 0.752941
vn 0.784312 -0.322346 -0.530044
v 29.738205 7.192027 450.817139 0.752941 0.752941 0.752941
vn -0.769651 0.278190 -0.574672
v 8.004908 5.349916 450.489502 0.752941 0.752941 0.752941
vn -0.255686 0.195525 0.946781
v 13.418738 10.686320 456.283447 0.752941 0.752941 0.752941
vn 0.119447 -0.873515 0.471915
v 10.652355 3.914527 450.618317 0.752941 0.752941 0.752941
vn 0.262794 0.847701 -0.460806
v 27.287453 8.391063 450.153534 0.752941 0.752941 0.752941
vn 0.030103 0.933070 -0.358432
v 16.773350 10.003649 450.210968 0.752941 0.752941 0.752941
vn -0.523750 0.435519 -0.732126
v 6.981662 9.553484 450.378937 0.752941 0.752941 0.752941
vn -0.206796 -0.790115 0.577021
v 24.174170 2.433899 450.512878 0.752941 0.752941 0.752941
vn 0.191653 0.885624 -0.423013
v 25.225449 9.256804 450.778259 0.752941 0.752941 0.752941
vn 0.000362 0.920086 -0.391717
v 14.535292 10.386656 451.005585 0.752941 0.752941 0.752941
vn -0.201755 -0.839192 0.505026
v 23.727522 2.605257 450.665222 0.752941 0.752941 0.752941
vn -0.043847 0.920725 -0.387740
v 14.205436 10.187336 450.655640 0.752941 0.752941 0.752941
vn -0.125108 -0.054878 0.990624
v 12.740278 9.219717 456.522980 0.752941 0.752941 0.752941
vn 0.031236 0.864088 -0.502371
v 10.096909 10.229561 450.869019 0.752941 0.752941 0.752941
vn -0.714731 -0.699395 -0.002553
v 8.070011 4.171793 450.714478 0.752941 0.752941 0.752941
vn -0.176717 -0.891489 0.417156
v 19.757469 3.597749 450.838501 0.752941 0.752941 0.752941
vn 0.543901 0.672136 -0.502399
v 29.300768 7.828147 450.415894 0.752941 0.752941 0.752941
vn 0.294578 0.820528 -0.489855
v 27.936605 7.950123 449.775085 0.752941 0.752941 0.752941
vn -0.432283 -0.838516 0.331696
v 8.356142 3.607312 450.276398 0.752941 0.752941 0.752941
vn 0.040913 0.935093 -0.352034
v 15.489509 10.114305 450.471039 0.752941 0.752941 0.752941
vn -0.250438 -0.313607 0.915932
v 15.200930 7.185721 456.625183 0.752941 0.752941 0.752941
vn -0.183098 -0.772589 0.607932
v 24.776289 2.284011 450.520447 0.752941 0.752941 0.752941
vn -0.274346 0.755786 -0.594577
v 6.843904 9.856498 450.688324 0.752941 0.752941 0.752941
vn 0.757693 0.311146 -0.573663
v 29.753378 7.629760 450.873688 0.752941 0.752941 0.752941
vn -0.238711 -0.814821 0.528284
v 24.741684 2.563905 450.869629 0.752941 0.752941 0.752941
vn -0.331988 -0.817733 0.470208
v 25.381083 2.314915 450.849670 0.752941 0.752941 0.752941
vn 0.003893 0.904998 -0.425398
v 12.845456 10.184730 450.676178 0.752941 0.752941 0.752941
vn 0.755404 -0.593337 -0.278056
v 29.103100 6.344234 450.834961 0.752941 0.752941 0.752941
vn 0.056342 -0.875813 0.479351
v 10.154628 3.900739 450.839905 0.752941 0.752941 0.752941
vn 0.334898 0.896191 -0.291008
v 31.621944 9.951435 456.439178 0.752941 0.752941 0.752941
vn -0.246410 -0.860125 0.446618
v 22.578451 2.999846 450.679810 0.752941 0.752941 0.752941
vn -0.733173 0.212560 -0.645969
v 6.576242 9.632591 450.640289 0.752941 0.752941 0.752941
vn 0.700960 -0.245443 -0.669636
v 28.884605 5.584379 451.015198 0.752941 0.752941 0.752941
vn 0.168924 0.895765 -0.411181
v 23.847940 9.546946 450.811737 0.752941 0.752941 0.752941
vn -0.094795 0.855771 -0.508596
v 7.441734 9.977340 450.733795 0.752941 0.752941 0.752941
vn 0.745522 -0.392884 -0.538367
v 29.180002 6.159197 451.133209 0.752941 0.752941 0.752941
vn 0.001108 0.871284 -0.490779
v 9.704916 10.279962 450.866516 0.752941 0.752941 0.752941
vn 0.153332 0.911998 -0.380459
v 23.454905 9.675132 450.997498 0.752941 0.752941 0.752941
vn -0.767835 0.123999 -0.628532
v 7.289963 5.019169 450.948090 0.752941 0.752941 0.752941
vn 0.349760 0.822089 -0.449263
v 28.920301 8.274737 450.917206 0.752941 0.752941 0.752941
vn -0.143897 -0.870572 0.470529
v 20.396881 3.202155 450.369049 0.752941 0.752941 0.752941
vn -0.148540 -0.932015 0.330580
v 15.558609 3.922038 450.615173 0.752941 0.752941 0.752941
vn -0.134725 -0.896080 0.422954
v 18.236280 6.387835 456.728149 0.752941 0.752941 0.752941
vn 0.057465 -0.904831 0.421875
v 9.147970 3.672478 450.493439 0.752941 0.752941 0.752941
vn 0.538876 -0.732751 -0.415558
v 27.214802 2.357313 450.948486 0.752941 0.752941 0.752941
vn -0.891693 -0.378133 -0.248794
v 7.466114 6.988256 450.532318 0.752941 0.752941 0.752941
vn -0.179543 -0.817410 0.547363
v 23.957411 2.897297 451.098389 0.752941 0.752941 0.752941
vn -0.043542 0.901780 -0.429996
v 10.725099 10.369537 451.095245 0.752941 0.752941 0.752941
vn 0.218009 0.883007 -0.415657
v 25.816462 9.151073 450.836243 0.752941 0.752941 0.752941
vn 0.709724 -0.326273 -0.624370
v 27.642826 3.244677 450.856873 0.752941 0.752941 0.752941
vn -0.159760 -0.817718 0.553005
v 24.076704 2.666377 450.803284 0.752941 0.752941 0.752941
vn -0.164239 -0.059048 0.984652
v 14.335152 7.735210 456.461700 0.752941 0.752941 0.752941
vn 0.238709 0.867254 -0.436908
v 26.321079 9.145013 451.127350 0.752941 0.752941 0.752941
vn -0.005314 0.899133 -0.437643
v 11.243568 10.426466 451.150238 0.752941 0.752941 0.752941
vn 0.759187 -0.547955 -0.351254
v 29.415703 6.701581 451.002899 0.752941 0.752941 0.752941
vn 0.189341 0.900979 -0.390369
v 25.586607 9.350485 451.198608 0.752941 0.752941 0.752941
vn 0.665569 -0.301202 -0.682858
v 28.663912 5.174609 450.997406 0.752941 0.752941 0.752941
vn 0.768090 -0.202498 -0.607480
v 28.032740 3.145362 451.447021 0.752941 0.752941 0.752941
vn -0.115242 0.858494 -0.499707
v 12.165075 10.444162 451.209198 0.752941 0.752941 0.752941
vn -0.116364 -0.912741 0.391615
v 18.882881 3.783169 450.968536 0.752941 0.752941 0.752941
vn -0.923205 -0.313943 -0.221659
v 6.386741 9.192429 451.515228 0.752941 0.752941 0.752941
vn -0.924153 0.061417 -0.377053
v 6.234603 9.804362 451.324066 0.752941 0.752941 0.752941
vn 0.086656 0.934703 -0.344706
v 20.129126 10.177527 451.317535 0.752941 0.752941 0.752941
vn -0.005529 -0.882300 0.470655
v 9.038906 4.066405 451.195831 0.752941 0.752941 0.752941
vn -0.287339 -0.824838 0.486906
v 25.638166 2.324477 451.111084 0.752941 0.752941 0.752941
vn -0.132896 0.829174 -0.542963
v 7.079900 10.137798 451.174744 0.752941 0.752941 0.752941
vn 0.573457 0.634184 -0.518612
v 29.654896 7.899292 450.968658 0.752941 0.752941 0.752941
vn -0.173825 0.843042 -0.508984
v 9.322208 10.418152 451.301666 0.752941 0.752941 0.752941
vn -0.092633 0.862051 -0.498284
v 8.648812 10.176537 450.962219 0.752941 0.752941 0.752941
vn 0.075746 -0.968109 0.238804
v 26.569481 2.162622 451.146729 0.752941 0.752941 0.752941
vn -0.221273 -0.840300 0.494909
v 23.399057 2.812371 450.849670 0.752941 0.752941 0.752941
vn -0.028954 0.886575 -0.461679
v 11.912167 10.290156 450.975311 0.752941 0.752941 0.752941
vn -0.041127 -0.197414 0.979457
v 23.425426 10.697270 456.451294 0.752941 0.752941 0.752941
vn -0.150971 -0.296646 0.942979
v 14.872384 7.091115 456.495850 0.752941 0.752941 0.752941
vn 0.210262 0.901934 -0.377234
v 25.197655 9.424882 451.130646 0.752941 0.752941 0.752941
vn 0.665838 -0.321957 -0.673055
v 28.392557 4.580525 450.949310 0.752941 0.752941 0.752941
vn 0.689109 -0.449507 -0.568395
v 28.604448 4.077334 451.402954 0.752941 0.752941 0.752941
vn -0.128984 -0.369558 0.920212
v 14.165019 7.049420 456.495209 0.752941 0.752941 0.752941
vn -0.196281 -0.895061 0.400424
v 8.386725 4.063006 450.981201 0.752941 0.752941 0.752941
vn -0.194720 -0.637201 0.745693
v 16.194000 6.802028 456.713348 0.752941 0.752941 0.752941
vn -0.101605 -0.898779 0.426465
v 20.070396 3.753501 451.356628 0.752941 0.752941 0.752941
vn -0.192284 -0.846099 0.497135
v 20.865767 3.648234 451.212128 0.752941 0.752941 0.752941
vn 0.042737 -0.896606 0.440761
v 9.637398 4.072425 451.023071 0.752941 0.752941 0.752941
vn -0.121840 -0.917396 0.378865
v 15.652915 4.121405 451.359497 0.752941 0.752941 0.752941
vn -0.741410 -0.483820 -0.465005
v 7.538033 4.633681 450.759338 0.752941 0.752941 0.752941
vn -0.549604 0.648156 -0.527095
v 6.446755 10.043195 451.162140 0.752941 0.752941 0.752941
vn 0.020100 0.902424 -0.430380
v 16.196327 10.510686 451.492767 0.752941 0.752941 0.752941
vn -0.909879 -0.357595 -0.210349
v 6.997600 7.964875 450.972565 0.752941 0.752941 0.752941
vn 0.082725 0.874900 -0.477186
v 12.597904 10.509571 451.251434 0.752941 0.752941 0.752941
vn -0.028237 0.314768 0.948748
v 23.230856 10.246527 456.460999 0.752941 0.752941 0.752941
vn 0.070640 0.921530 -0.381829
v 14.982345 10.456694 451.340637 0.752941 0.752941 0.752941
vn -0.064739 0.832270 -0.550577
v 8.702917 10.386514 451.358673 0.752941 0.752941 0.752941
vn -0.123279 0.098648 0.987457
v 19.420265 11.943690 456.465210 0.752941 0.752941 0.752941
vn 0.786498 -0.294557 -0.542823
v 33.545574 5.618110 456.814728 0.752941 0.752941 0.752941
vn -0.153836 -0.873169 0.462504
v 19.829098 6.098993 456.379578 0.752941 0.752941 0.752941
vn -0.218356 -0.838357 0.499478
v 25.672180 2.496042 451.394043 0.752941 0.752941 0.752941
vn 0.695258 0.175350 -0.697043
v 30.197279 7.569424 451.249817 0.752941 0.752941 0.752941
vn 0.047801 0.934011 -0.354033
v 17.419109 10.275067 451.055908 0.752941 0.752941 0.752941
vn -0.033709 0.921844 -0.386093
v 11.136103 10.520368 451.431763 0.752941 0.752941 0.752941
vn 0.177458 0.901438 -0.394865
v 24.530153 9.613686 451.238220 0.752941 0.752941 0.752941
vn 0.690694 -0.544562 -0.475809
v 27.985300 2.697692 451.463135 0.752941 0.752941 0.752941
vn 0.368626 0.791665 -0.487218
v 29.544437 8.235130 451.465210 0.752941 0.752941 0.752941
vn -0.344036 -0.830831 0.437447
v 25.333662 2.561511 451.234039 0.752941 0.752941 0.752941
vn 0.195101 0.903426 -0.381781
v 24.876463 9.647741 451.503784 0.752941 0.752941 0.752941
vn 0.207512 0.897146 -0.389959
v 26.118845 9.457364 451.618073 0.752941 0.752941 0.752941
vn 0.729850 -0.401853 -0.553022
v 28.909763 4.392228 451.540283 0.752941 0.752941 0.752941
vn 0.309087 0.940326 -0.142308
v 29.310017 10.729589 456.646027 0.752941 0.752941 0.752941
vn 0.494858 0.686293 -0.533027
v 29.926977 7.966057 451.302917 0.752941 0.752941 0.752941
vn 0.713301 -0.373248 -0.593201
v 30.140141 7.287120 451.235107 0.752941 0.752941 0.752941
vn 0.049596 0.931222 -0.361062
v 17.897804 10.473222 451.624725 0.752941 0.752941 0.752941
vn -0.347652 0.684916 -0.640334
v 6.500977 10.480692 451.637115 0.752941 0.752941 0.752941
vn 0.683692 -0.406028 -0.606388
v 28.284954 3.884050 451.231720 0.752941 0.752941 0.752941
vn -0.050343 0.820497 -0.569430
v 7.783128 10.392353 451.458405 0.752941 0.752941 0.752941
vn 0.715121 -0.238130 -0.657188
v 29.711458 6.153830 451.820770 0.752941 0.752941 0.752941
vn -0.140072 -0.927714 0.346014
v 21.902014 3.321580 450.973724 0.752941 0.752941 0.752941
vn -0.852564 -0.278314 -0.442353
v 7.028974 4.845037 451.346252 0.752941 0.752941 0.752941
vn 0.031247 -0.928623 0.369705
v 11.658961 4.147572 451.083282 0.752941 0.752941 0.752941
vn 0.606463 -0.616923 -0.501607
v 32.809563 3.883963 456.381348 0.752941 0.752941 0.752941
vn -0.052662 -0.923341 0.380352
v 14.855997 4.241217 451.486725 0.752941 0.752941 0.752941
vn -0.060633 -0.905820 0.419300
v 16.180609 3.896481 451.154053 0.752941 0.752941 0.752941
vn 0.050554 0.926334 -0.373297
v 18.804052 10.129356 450.862213 0.752941 0.752941 0.752941
vn 0.161526 0.899910 -0.405057
v 24.154722 10.057959 452.063080 0.752941 0.752941 0.752941
vn 0.214078 0.963473 0.160905
v 26.481358 11.543982 456.929840 0.752941 0.752941 0.752941
vn -0.170544 -0.893893 0.414573
v 20.730366 5.969296 456.591736 0.752941 0.752941 0.752941
vn -0.030815 0.883876 -0.466705
v 11.686201 10.547465 451.477448 0.752941 0.752941 0.752941
vn 0.034559 0.890571 -0.453529
v 10.168838 10.424970 451.306793 0.752941 0.752941 0.752941
vn 0.426426 0.751428 -0.503504
v 29.921028 8.221497 451.769653 0.752941 0.752941 0.752941
vn -0.100117 0.810314 -0.577380
v 9.572785 10.625726 451.472229 0.752941 0.752941 0.752941
vn -0.022751 0.882417 -0.469918
v 15.474789 10.613226 451.657471 0.752941 0.752941 0.752941
vn -0.226870 -0.854643 0.467027
v 24.270796 3.038507 451.491638 0.752941 0.752941 0.752941
vn -0.158605 0.821188 -0.548173
v 12.275657 10.733948 451.572723 0.752941 0.752941 0.752941
vn 0.168425 0.833744 -0.525836
v 9.872355 10.553243 451.468567 0.752941 0.752941 0.752941
vn -0.166025 -0.830587 0.531564
v 26.203917 2.384621 451.334778 0.752941 0.752941 0.752941
vn -0.014847 0.882859 -0.469403
v 13.753310 10.661970 451.650879 0.752941 0.752941 0.752941
vn 0.054752 0.913619 -0.402867
v 14.514776 10.587347 451.483032 0.752941 0.752941 0.752941
vn 0.663497 -0.516146 -0.541632
v 29.758747 6.632510 451.550232 0.752941 0.752941 0.752941
vn 0.028180 0.903422 -0.427826
v 13.258275 10.436563 451.248230 0.752941 0.752941 0.752941
vn 0.513427 -0.804811 -0.297777
v 27.623968 2.485029 451.239197 0.752941 0.752941 0.752941
vn -0.164988 -0.842484 0.512835
v 25.828266 2.779360 451.867523 0.752941 0.752941 0.752941
vn 0.179073 0.894538 -0.409555
v 12.750375 10.602652 451.552338 0.752941 0.752941 0.752941
vn -0.264928 -0.842397 0.469233
v 25.486683 2.648247 451.588562 0.752941 0.752941 0.752941
vn -0.016983 0.897357 -0.440979
v 13.954723 10.541698 451.462158 0.752941 0.752941 0.752941
vn 0.393875 0.783467 -0.480668
v 29.672022 8.378883 451.735565 0.752941 0.752941 0.752941
vn 0.167932 0.903325 -0.394719
v 25.745590 9.510059 451.596100 0.752941 0.752941 0.752941
vn 0.347576 0.834788 -0.426990
v 29.060909 8.586986 451.652771 0.752941 0.752941 0.752941
vn 0.056313 -0.944214 0.324482
v 27.053963 2.352549 451.631561 0.752941 0.752941 0.752941
vn -0.274609 -0.842283 0.463841
v 24.815233 2.770365 451.297791 0.752941 0.752941 0.752941
vn 0.150886 -0.221319 0.963458
v 11.622991 7.159608 456.408569 0.752941 0.752941 0.752941
vn -0.210524 0.209002 0.954986
v 12.005810 9.349589 456.387939 0.752941 0.752941 0.752941
vn -0.488913 -0.871596 -0.035841
v 7.296811 4.516594 451.568726 0.752941 0.752941 0.752941
vn -0.163357 -0.861063 0.481544
v 22.539526 3.466143 451.577911 0.752941 0.752941 0.752941
vn -0.231077 -0.870926 0.433695
v 21.220791 3.476166 451.190369 0.752941 0.752941 0.752941
vn 0.079881 -0.884247 0.460137
v 16.626879 4.079417 451.280792 0.752941 0.752941 0.752941
vn 0.244852 0.870514 -0.426911
v 25.019911 11.674802 456.552368 0.752941 0.752941 0.752941
vn 0.047418 0.843064 -0.535719
v 9.541408 10.921366 451.827057 0.752941 0.752941 0.752941
vn -0.004982 0.885687 -0.464256
v 13.304035 10.695965 451.804779 0.752941 0.752941 0.752941
vn -0.023267 0.399053 0.916632
v 15.966985 11.522643 456.343781 0.752941 0.752941 0.752941
vn -0.085707 0.798664 -0.595643
v 7.178680 10.377889 451.489655 0.752941 0.752941 0.752941
vn -0.134255 -0.848278 0.512250
v 16.413107 6.534148 456.323486 0.752941 0.752941 0.752941
vn 0.449058 0.680486 -0.579038
v 30.332516 8.040814 451.760803 0.752941 0.752941 0.752941
vn 0.154538 0.830816 -0.534662
v 10.067643 10.667839 451.693542 0.752941 0.752941 0.752941
vn 0.750049 -0.312697 -0.582793
v 28.493855 3.378251 451.951172 0.752941 0.752941 0.752941
vn -0.208298 0.775523 -0.595966
v 9.226016 10.736164 451.771454 0.752941 0.752941 0.752941
vn -0.286394 -0.825211 0.486832
v 25.242983 2.921733 451.868652 0.752941 0.752941 0.752941
vn 0.018392 0.916748 -0.399042
v 15.230817 10.682006 451.843964 0.752941 0.752941 0.752941
vn 0.675929 0.114739 -0.727980
v 30.775740 7.725248 451.842712 0.752941 0.752941 0.752941
vn 0.007208 0.899648 -0.436557
v 15.572134 10.692757 451.887268 0.752941 0.752941 0.752941
vn 0.013844 0.867346 -0.497513
v 15.230278 10.587419 451.655060 0.752941 0.752941 0.752941
vn 0.687474 -0.208326 -0.695686
v 29.942526 5.654266 452.064026 0.752941 0.752941 0.752941
vn 0.023271 -0.896419 0.442595
v 10.274242 4.366135 451.570770 0.752941 0.752941 0.752941
vn 0.127171 0.935591 -0.329389
v 22.623787 9.952321 451.374359 0.752941 0.752941 0.752941
vn -0.194281 -0.761376 0.618515
v 15.589135 6.673359 456.358002 0.752941 0.752941 0.752941
vn -0.171707 -0.843327 0.509231
v 23.393257 3.211827 451.408173 0.752941 0.752941 0.752941
vn -0.288589 0.782369 -0.551920
v 12.031116 10.771216 451.815460 0.752941 0.752941 0.752941
vn 0.243994 0.855752 -0.456241
v 12.378011 10.957850 452.002472 0.752941 0.752941 0.752941
vn 0.701487 -0.416549 -0.578275
v 30.652485 7.289111 451.858185 0.752941 0.752941 0.752941
vn -0.158652 -0.883064 0.441618
v 26.921659 2.567838 451.894653 0.752941 0.752941 0.752941
vn -0.021316 -0.062197 0.997836
v 11.926257 8.312670 456.349396 0.752941 0.752941 0.752941
vn -0.958908 0.078199 -0.272728
v 6.070940 9.945598 451.892426 0.752941 0.752941 0.752941
vn 0.708827 -0.310596 -0.633319
v 29.301577 5.197292 451.510040 0.752941 0.752941 0.752941
vn 0.644461 -0.545730 -0.535582
v 28.218647 2.719968 451.727875 0.752941 0.752941 0.752941
vn 0.006605 0.242142 0.970218
v 16.890116 12.131206 456.125519 0.752941 0.752941 0.752941
vn 0.372662 0.790110 -0.486671
v 30.031691 8.365483 452.024536 0.752941 0.752941 0.752941
vn -0.035655 0.766867 -0.640815
v 8.255946 10.704088 451.783234 0.752941 0.752941 0.752941
vn -0.227443 -0.868390 0.440645
v 26.851404 2.712350 452.159729 0.752941 0.752941 0.752941
vn -0.295222 -0.842857 0.449929
v 24.866659 3.135157 451.977722 0.752941 0.752941 0.752941
vn -0.192599 -0.837912 0.510695
v 26.464367 2.502810 451.642181 0.752941 0.752941 0.752941
vn -0.071159 0.775727 -0.627043
v 8.909927 10.780446 451.893036 0.752941 0.752941 0.752941
vn 0.200111 -0.977840 0.061513
v 27.638552 2.499719 451.914764 0.752941 0.752941 0.752941
vn -0.013589 -0.923087 0.384352
v 13.024185 4.412535 451.624359 0.752941 0.752941 0.752941
vn 0.096520 0.921350 -0.376561
v 20.704268 10.488214 452.360107 0.752941 0.752941 0.752941
vn 0.556632 -0.798020 -0.230922
v 28.407526 2.680648 452.017487 0.752941 0.752941 0.752941
vn -0.026524 -0.920944 0.388791
v 14.779106 4.491265 452.124573 0.752941 0.752941 0.752941
vn 0.212946 0.888775 -0.405874
v 24.205664 9.902871 451.792908 0.752941 0.752941 0.752941
vn -0.908749 -0.301171 -0.288916
v 7.362264 6.881413 451.439850 0.752941 0.752941 0.752941
vn 0.210490 0.882663 -0.420238
v 26.847330 9.127911 451.353760 0.752941 0.752941 0.752941
vn -0.230588 -0.849783 0.474024
v 21.162638 3.874423 451.773529 0.752941 0.752941 0.752941
vn -0.071967 -0.897623 0.434849
v 22.616541 3.748474 451.973480 0.752941 0.752941 0.752941
vn -0.098029 -0.946949 0.306070
v 7.991573 4.408073 451.837555 0.752941 0.752941 0.752941
vn -0.336604 0.103267 0.935967
v 18.762873 12.341751 456.298431 0.752941 0.752941 0.752941
vn 0.075823 0.881235 -0.466558
v 16.219128 10.766272 452.050171 0.752941 0.752941 0.752941
vn 0.769477 -0.163666 -0.617348
v 28.554001 2.989877 452.051880 0.752941 0.752941 0.752941
vn -0.228144 0.800076 -0.554823
v 12.084001 10.954397 451.975830 0.752941 0.752941 0.752941
vn 0.654086 -0.504628 -0.563491
v 30.148981 6.513433 452.042603 0.752941 0.752941 0.752941
vn 0.012742 0.406849 0.913406
v 17.286953 11.631887 456.257019 0.752941 0.752941 0.752941
vn -0.155097 -0.124860 0.979977
v 11.154084 7.455032 456.379089 0.752941 0.752941 0.752941
vn 0.786051 -0.430840 -0.443283
v 29.127916 4.591850 451.759094 0.752941 0.752941 0.752941
vn 0.720608 -0.464076 -0.515128
v 29.096472 4.061903 452.253448 0.752941 0.752941 0.752941
vn -0.015235 0.704335 -0.709704
v 8.029709 11.004279 452.186859 0.752941 0.752941 0.752941
vn 0.740849 -0.314430 -0.593528
v 28.729746 3.577863 452.179840 0.752941 0.752941 0.752941
vn -0.123603 0.746301 -0.654031
v 9.348192 11.014352 452.065033 0.752941 0.752941 0.752941
vn 0.192267 0.857905 -0.476479
v 12.566229 10.950326 452.173279 0.752941 0.752941 0.752941
vn 0.476821 0.603940 -0.638669
v 30.882946 7.960172 452.083405 0.752941 0.752941 0.752941
vn -0.821258 0.059294 -0.567468
v 7.201745 6.661719 451.927124 0.752941 0.752941 0.752941
vn -0.334747 -0.930425 0.149174
v 7.139842 4.641716 452.122192 0.752941 0.752941 0.752941
vn 0.041997 -0.892537 0.449015
v 8.344642 4.766789 452.513245 0.752941 0.752941 0.752941
vn -0.930327 -0.080102 -0.357875
v 6.529829 5.818949 452.326477 0.752941 0.752941 0.752941
vn 0.194688 0.892453 -0.406971
v 25.834896 9.681312 452.067444 0.752941 0.752941 0.752941
vn 0.277796 0.869770 -0.407834
v 28.126141 8.901765 451.658539 0.752941 0.752941 0.752941
vn 0.197740 0.891382 -0.407845
v 26.782648 9.513236 452.282349 0.752941 0.752941 0.752941
vn -0.116050 -0.873833 0.472174
v 21.865780 3.509942 451.729797 0.752941 0.752941 0.752941
vn 0.013686 -0.892077 0.451675
v 12.325935 4.629989 452.210785 0.752941 0.752941 0.752941
vn 0.622532 -0.432345 -0.652328
v 29.698431 4.902345 452.199097 0.752941 0.752941 0.752941
vn 0.037082 0.827689 -0.559961
v 10.546387 10.799754 451.954956 0.752941 0.752941 0.752941
vn -0.164314 -0.707673 0.687168
v 14.226717 6.749097 456.309998 0.752941 0.752941 0.752941
vn -0.019378 0.819576 -0.572642
v 11.231178 10.756938 451.895660 0.752941 0.752941 0.752941
vn -0.173198 0.191439 0.966102
v 14.697683 10.667068 456.636444 0.752941 0.752941 0.752941
vn -0.110307 0.795985 -0.595181
v 11.790334 10.916447 452.112610 0.752941 0.752941 0.752941
vn -0.025144 0.730117 -0.682860
v 7.081442 10.875610 452.044678 0.752941 0.752941 0.752941
vn -0.042567 0.686429 -0.725950
v 9.619906 11.114843 452.077362 0.752941 0.752941 0.752941
vn 0.041085 0.900056 -0.433833
v 14.270330 10.796654 451.955841 0.752941 0.752941 0.752941
vn 0.053964 0.907401 -0.416788
v 17.533640 10.740109 452.271240 0.752941 0.752941 0.752941
vn -0.169421 0.633773 -0.754737
v 6.490296 11.021257 452.204742 0.752941 0.752941 0.752941
vn -0.018770 0.645218 -0.763768
v 7.458775 11.100919 452.241608 0.752941 0.752941 0.752941
vn 0.065468 0.921302 -0.383297
v 17.063938 10.604202 451.840637 0.752941 0.752941 0.752941
vn 0.668861 -0.488780 -0.560106
v 30.893829 7.177840 452.264343 0.752941 0.752941 0.752941
vn 0.006117 0.814536 -0.580080
v 11.542803 10.922266 452.087891 0.752941 0.752941 0.752941
vn -0.072177 0.385557 0.919857
v 14.751666 11.595293 456.321625 0.752941 0.752941 0.752941
vn 0.217580 0.774173 -0.594404
v 9.801012 10.872492 451.899811 0.752941 0.752941 0.752941
vn -0.099586 0.748399 -0.655730
v 10.999299 10.890758 452.100220 0.752941 0.752941 0.752941
vn -0.074319 -0.902091 0.425098
v 19.709450 4.232925 452.318176 0.752941 0.752941 0.752941
vn 0.180342 0.897391 -0.402699
v 25.078129 10.054074 452.514832 0.752941 0.752941 0.752941
vn -0.011081 -0.708482 0.705642
v 14.677354 6.686813 456.236450 0.752941 0.752941 0.752941
vn -0.756130 0.231144 -0.612242
v 6.694065 6.079725 452.203827 0.752941 0.752941 0.752941
vn 0.091850 0.927996 -0.361091
v 21.356071 10.302352 451.854340 0.752941 0.752941 0.752941
vn 0.086341 0.938475 -0.334380
v 19.238619 10.704896 452.201721 0.752941 0.752941 0.752941
vn -0.078357 -0.918374 0.387879
v 17.810791 4.140922 451.612000 0.752941 0.752941 0.752941
vn 0.350362 0.834632 0.425014
v 20.617193 12.411847 456.078552 0.752941 0.752941 0.752941
vn -0.155427 -0.911226 0.381457
v 25.288338 5.295359 456.613739 0.752941 0.752941 0.752941
vn 0.236381 0.893218 -0.382473
v 26.136850 9.673921 452.215881 0.752941 0.752941 0.752941
vn 0.881491 0.268582 0.388377
v 33.612247 8.430257 456.311523 0.752941 0.752941 0.752941
vn 0.024912 0.902121 -0.430763
v 15.895409 10.910008 452.200928 0.752941 0.752941 0.752941
vn 0.070644 0.995972 -0.055212
v 22.852079 12.313797 456.921021 0.752941 0.752941 0.752941
vn 0.154928 0.768802 -0.620436
v 10.091874 10.943347 452.107697 0.752941 0.752941 0.752941
vn 0.708467 0.036151 -0.704818
v 31.308752 7.727936 452.274994 0.752941 0.752941 0.752941
vn 0.356192 0.810845 -0.464389
v 30.495981 8.392507 452.441345 0.752941 0.752941 0.752941
vn 0.022670 0.785432 -0.618532
v 11.464838 11.261157 452.500549 0.752941 0.752941 0.752941
vn 0.143751 0.693984 0.705494
v 19.772015 12.407317 456.275940 0.752941 0.752941 0.752941
vn 0.681585 -0.476478 -0.555347
v 29.307962 4.694946 451.957397 0.752941 0.752941 0.752941
vn 0.171912 -0.982702 0.068872
v 32.441963 3.763246 456.474518 0.752941 0.752941 0.752941
vn 0.690179 -0.420435 -0.588972
v 30.533382 6.563290 452.499268 0.752941 0.752941 0.752941
vn 0.073035 0.899889 -0.429960
v 14.804004 10.822670 452.154846 0.752941 0.752941 0.752941
vn 0.013322 0.918155 -0.395997
v 18.552238 10.619824 452.090149 0.752941 0.752941 0.752941
vn 0.092760 0.844682 -0.527169
v 12.239631 11.229827 452.395355 0.752941 0.752941 0.752941
vn -0.192073 -0.856815 0.478514
v 26.232052 2.847319 452.111755 0.752941 0.752941 0.752941
vn -0.092369 0.658011 -0.747322
v 9.377864 11.362578 452.348694 0.752941 0.752941 0.752941
vn -0.743061 -0.668943 -0.019376
v 6.799070 4.835383 452.244598 0.752941 0.752941 0.752941
vn 0.103401 0.915826 -0.388035
v 19.656263 10.717537 452.584412 0.752941 0.752941 0.752941
vn -0.163256 -0.871378 0.462653
v 22.117016 3.813000 452.163483 0.752941 0.752941 0.752941
vn 0.247470 0.816617 -0.521436
v 12.463442 11.154877 452.458313 0.752941 0.752941 0.752941
vn 0.047875 0.868184 -0.493928
v 13.941901 11.000124 452.399597 0.752941 0.752941 0.752941
vn -0.076563 -0.317846 0.945046
v 12.892012 7.174693 456.274780 0.752941 0.752941 0.752941
vn 0.262402 0.743987 -0.614515
v 9.924678 11.240731 452.355652 0.752941 0.752941 0.752941
vn -0.058977 0.738113 -0.672095
v 11.179521 11.109806 452.242828 0.752941 0.752941 0.752941
vn -0.193853 0.254098 0.947552
v 18.858587 11.781496 456.308380 0.752941 0.752941 0.752941
vn 0.623950 -0.384308 -0.680436
v 29.267908 3.897318 452.541138 0.752941 0.752941 0.752941
vn 0.072112 0.909023 -0.410459
v 16.659077 10.925349 452.495911 0.752941 0.752941 0.752941
vn -0.157659 -0.874189 0.459279
v 25.712484 3.084861 452.374176 0.752941 0.752941 0.752941
vn -0.343104 0.152090 0.926903
v 13.555192 11.250737 456.258545 0.752941 0.752941 0.752941
vn 0.183327 0.720870 -0.668384
v 9.690744 11.349609 452.356201 0.752941 0.752941 0.752941
vn 0.659324 -0.670221 -0.340728
v 28.727518 2.918524 452.327759 0.752941 0.752941 0.752941
vn 0.167879 0.909003 -0.381484
v 25.531755 10.056550 452.625031 0.752941 0.752941 0.752941
vn -0.951757 -0.291013 -0.097314
v 6.266789 9.435123 452.270355 0.752941 0.752941 0.752941
vn -0.244505 -0.847508 0.471113
v 25.334137 3.128950 452.325562 0.752941 0.752941 0.752941
vn 0.033137 0.855339 -0.517008
v 13.326409 10.924063 452.196686 0.752941 0.752941 0.752941
vn -0.237607 -0.876415 0.418854
v 26.642792 2.936652 452.510468 0.752941 0.752941 0.752941
vn -0.030922 0.617373 -0.786063
v 7.085664 11.151373 452.335388 0.752941 0.752941 0.752941
vn -0.003601 0.638614 -0.769519
v 7.190780 11.358711 452.451202 0.752941 0.752941 0.752941
vn 0.004314 -0.080253 0.996765
v 12.370350 7.891556 456.235626 0.752941 0.752941 0.752941
vn 0.685350 -0.467441 -0.558385
v 31.425459 7.510628 452.564911 0.752941 0.752941 0.752941
vn 0.024945 -0.886101 0.462821
v 11.520983 4.391619 451.946503 0.752941 0.752941 0.752941
vn -0.917187 -0.325976 -0.229144
v 6.757697 7.956887 452.096436 0.752941 0.752941 0.752941
vn -0.027459 -0.897598 0.439959
v 16.015089 4.508665 452.135712 0.752941 0.752941 0.752941
vn -0.113491 -0.916787 0.382911
v 20.613041 4.169734 452.202301 0.752941 0.752941 0.752941
vn 0.013870 0.676796 -0.736040
v 8.254316 11.381441 452.547424 0.752941 0.752941 0.752941
vn -0.270467 -0.856057 0.440470
v 25.151720 3.343261 452.593994 0.752941 0.752941 0.752941
vn -0.188949 -0.875884 0.443989
v 18.229807 6.203583 456.358185 0.752941 0.752941 0.752941
vn -0.265981 0.268808 0.925741
v 12.181606 10.309915 456.155914 0.752941 0.752941 0.752941
vn -0.120001 0.714043 -0.689740
v 8.872190 11.107862 452.267853 0.752941 0.752941 0.752941
vn -0.198184 -0.880662 0.430300
v 17.635576 6.363764 456.319946 0.752941 0.752941 0.752941
vn -0.002472 0.893117 -0.449818
v 15.225542 10.912438 452.360779 0.752941 0.752941 0.752941
vn 0.722402 -0.398173 -0.565326
v 29.044460 3.209944 452.554871 0.752941 0.752941 0.752941
vn -0.101217 0.889656 -0.445272
v 15.639762 10.955469 452.435333 0.752941 0.752941 0.752941
vn -0.070443 -0.201807 0.976889
v 13.037167 8.295661 456.364685 0.752941 0.752941 0.752941
vn -0.221199 0.632604 -0.742215
v 9.223157 11.661434 452.677643 0.752941 0.752941 0.752941
vn -0.204525 -0.806093 0.555323
v 27.225840 2.855616 452.678925 0.752941 0.752941 0.752941
vn 0.210330 0.695868 -0.686680
v 9.568451 11.621662 452.574127 0.752941 0.752941 0.752941
vn 0.049156 0.674182 -0.736928
v 7.691898 11.346848 452.471771 0.752941 0.752941 0.752941
vn 0.200080 0.919491 -0.338384
v 24.538618 10.209500 452.554504 0.752941 0.752941 0.752941
vn -0.117756 -0.862737 0.491750
v 15.729697 6.338892 455.839569 0.752941 0.752941 0.752941
vn -0.047359 0.838541 -0.542776
v 15.493476 11.173118 452.787994 0.752941 0.752941 0.752941
vn 0.266236 0.753497 -0.601132
v 9.909643 11.355179 452.524597 0.752941 0.752941 0.752941
vn 0.529023 0.666208 -0.525645
v 31.170759 8.079642 452.409363 0.752941 0.752941 0.752941
vn -0.054300 -0.913885 0.402325
v 13.688517 4.607964 452.225952 0.752941 0.752941 0.752941
vn -0.137020 -0.126184 0.982498
v 13.748310 7.904094 456.383942 0.752941 0.752941 0.752941
vn 0.051615 -0.848300 0.526995
v 11.898236 4.806043 452.415710 0.752941 0.752941 0.752941
vn 0.244297 0.834937 -0.493153
v 27.756678 9.330376 452.463776 0.752941 0.752941 0.752941
vn 0.021297 0.586559 -0.809627
v 6.953955 11.693027 452.800079 0.752941 0.752941 0.752941
vn 0.154627 0.895661 -0.416991
v 16.326233 10.983323 452.608154 0.752941 0.752941 0.752941
vn -0.244127 -0.878960 0.409672
v 24.565094 3.405787 452.332703 0.752941 0.752941 0.752941
vn 0.635075 -0.549064 -0.543331
v 31.245222 7.075511 452.894043 0.752941 0.752941 0.752941
vn -0.185521 -0.875381 0.446420
v 25.993677 3.093340 452.472351 0.752941 0.752941 0.752941
vn 0.054312 0.866936 -0.495452
v 14.795579 11.053413 452.538940 0.752941 0.752941 0.752941
vn -0.163310 0.170878 0.971664
v 12.950826 9.690563 456.507477 0.752941 0.752941 0.752941
vn 0.076080 0.746441 -0.661088
v 10.534750 11.168141 452.426361 0.752941 0.752941 0.752941
vn -0.106843 0.723951 -0.681527
v 11.258833 11.548776 452.939026 0.752941 0.752941 0.752941
vn -0.119332 0.631404 -0.766218
v 8.904328 11.643449 452.824402 0.752941 0.752941 0.752941
vn -0.927205 -0.141077 -0.346970
v 5.887124 9.675757 453.608307 0.752941 0.752941 0.752941
vn 0.071489 0.879646 -0.470227
v 15.908664 11.144838 452.665222 0.752941 0.752941 0.752941
vn 0.375163 0.803392 -0.462401
v 31.156549 8.293800 452.857697 0.752941 0.752941 0.752941
vn -0.024144 -0.940607 0.338638
v 27.725746 2.574479 452.450378 0.752941 0.752941 0.752941
vn -0.116650 -0.926018 0.359004
v 20.164215 4.427161 452.738708 0.752941 0.752941 0.752941
vn 0.199473 0.908252 -0.367818
v 27.184397 9.696712 452.712677 0.752941 0.752941 0.752941
vn -0.201149 -0.900998 0.384371
v 23.335032 3.807054 452.519592 0.752941 0.752941 0.752941
vn 0.141283 0.902705 -0.406402
v 19.990370 11.047681 453.190063 0.752941 0.752941 0.752941
vn -0.930237 -0.194819 -0.310974
v 6.266364 6.208175 452.901184 0.752941 0.752941 0.752941
vn -0.984293 -0.083776 -0.155402
v 5.954896 10.252685 452.613678 0.752941 0.752941 0.752941
vn -0.415841 0.544876 -0.728139
v 6.280608 11.520382 452.661469 0.752941 0.752941 0.752941
vn 0.012233 0.672574 -0.739928
v 7.736268 11.579881 452.696899 0.752941 0.752941 0.752941
vn 0.169252 0.934015 -0.314594
v 25.021461 10.195572 452.920593 0.752941 0.752941 0.752941
vn 0.623189 -0.472995 -0.622825
v 29.675985 3.947870 452.832703 0.752941 0.752941 0.752941
vn 0.593222 -0.477484 -0.648149
v 30.162935 4.547546 452.822205 0.752941 0.752941 0.752941
vn 0.624105 -0.346925 -0.700097
v 30.258881 5.004814 452.631897 0.752941 0.752941 0.752941
vn 0.005690 0.782506 -0.622617
v 10.790552 11.385530 452.652161 0.752941 0.752941 0.752941
vn 0.697390 -0.384030 -0.605118
v 29.433910 3.595111 452.816864 0.752941 0.752941 0.752941
vn 0.710962 0.038325 -0.702185
v 31.743656 7.755993 452.858368 0.752941 0.752941 0.752941
vn 0.067642 0.898145 -0.434464
v 17.707546 10.862535 452.503662 0.752941 0.752941 0.752941
vn 0.104669 0.923962 -0.367885
v 22.856117 10.243285 452.257446 0.752941 0.752941 0.752941
vn -0.187193 -0.640223 0.745032
v 11.508299 6.894487 456.304993 0.752941 0.752941 0.752941
vn -0.160189 -0.434767 0.886181
v 10.883183 7.260283 456.216278 0.752941 0.752941 0.752941
vn 0.128550 0.931239 -0.340983
v 24.078009 10.351502 452.795288 0.752941 0.752941 0.752941
vn 0.311208 0.688988 -0.654557
v 9.866528 11.581764 452.785736 0.752941 0.752941 0.752941
vn 0.095498 0.908632 -0.406532
v 17.774420 11.062292 452.976807 0.752941 0.752941 0.752941
vn -0.222258 -0.908626 0.353554
v 7.028821 4.802458 452.732117 0.752941 0.752941 0.752941
vn -0.141582 -0.901845 0.408204
v 21.361027 4.150008 452.574249 0.752941 0.752941 0.752941
vn 0.007590 -0.884111 0.467216
v 9.450833 4.708330 452.475861 0.752941 0.752941 0.752941
vn 0.052449 0.903530 -0.425303
v 18.579088 10.965548 452.888763 0.752941 0.752941 0.752941
vn -0.875895 -0.126431 -0.465642
v 6.674098 7.545769 452.703278 0.752941 0.752941 0.752941
vn 0.175932 0.917068 -0.357819
v 26.831821 9.885116 453.226410 0.752941 0.752941 0.752941
vn 0.208731 0.869046 -0.448543
v 27.550194 9.677455 452.817719 0.752941 0.752941 0.752941
vn -0.934799 -0.208001 -0.287898
v 6.345505 8.762801 452.832886 0.752941 0.752941 0.752941
vn 0.271677 0.875238 -0.400188
v 28.506802 9.242155 452.538757 0.752941 0.752941 0.752941
vn -0.176884 -0.781965 0.597698
v 26.674381 3.057702 452.792816 0.752941 0.752941 0.752941
vn -0.179597 0.109574 0.977619
v 11.336094 9.106344 456.300232 0.752941 0.752941 0.752941
vn -0.778822 0.137001 -0.612101
v 6.053728 7.403800 453.423492 0.752941 0.752941 0.752941
vn 0.006230 0.560167 -0.828356
v 7.313714 11.805494 452.906891 0.752941 0.752941 0.752941
vn 0.002094 0.813493 -0.581571
v 15.137140 11.358217 453.103638 0.752941 0.752941 0.752941
vn 0.268743 0.668296 -0.693655
v 9.558301 11.925525 452.859558 0.752941 0.752941 0.752941
vn 0.078924 0.745053 -0.662320
v 11.945361 11.544984 452.754120 0.752941 0.752941 0.752941
vn 0.140599 -0.135736 0.980718
v 12.080024 7.254238 456.287903 0.752941 0.752941 0.752941
vn 0.767164 -0.328350 -0.551040
v 33.173260 5.292989 456.332733 0.752941 0.752941 0.752941
vn 0.476459 0.657686 -0.583470
v 31.461342 8.122805 452.840057 0.752941 0.752941 0.752941
vn 0.003511 0.454696 -0.890640
v 6.732271 12.140829 453.019501 0.752941 0.752941 0.752941
vn -0.224825 -0.879598 0.419240
v 24.864447 3.546402 452.862915 0.752941 0.752941 0.752941
vn 0.073383 0.824300 -0.561378
v 13.904346 11.268886 452.778839 0.752941 0.752941 0.752941
vn 0.115969 0.856952 -0.502180
v 15.818884 11.293717 452.899719 0.752941 0.752941 0.752941
vn -0.030524 -0.903151 0.428236
v 10.454146 4.741228 452.287903 0.752941 0.752941 0.752941
vn 0.250667 0.882482 -0.397983
v 25.809116 9.977108 452.644806 0.752941 0.752941 0.752941
vn -0.000386 -0.857064 0.515209
v 10.975777 4.882147 452.794098 0.752941 0.752941 0.752941
vn 0.056723 -0.854888 0.515702
v 11.541168 4.956865 452.827759 0.752941 0.752941 0.752941
vn -0.154679 -0.908855 0.387372
v 22.969389 3.929924 452.952972 0.752941 0.752941 0.752941
vn -0.132222 -0.882522 0.451301
v 14.420542 5.041930 453.277191 0.752941 0.752941 0.752941
vn -0.043087 -0.923985 0.379993
v 14.813287 4.766408 452.728912 0.752941 0.752941 0.752941
vn 0.047968 -0.939212 0.339971
v 15.712774 4.908179 452.939636 0.752941 0.752941 0.752941
vn 0.098055 0.923303 -0.371343
v 23.533855 10.562150 453.133514 0.752941 0.752941 0.752941
vn -0.805456 0.335437 -0.488592
v 6.183243 10.788814 452.245483 0.752941 0.752941 0.752941
vn 0.028281 0.567256 -0.823056
v 8.506012 11.872596 452.954895 0.752941 0.752941 0.752941
vn -0.207148 -0.889148 0.408050
v 24.400946 3.676193 452.883759 0.752941 0.752941 0.752941
vn -0.219323 0.424583 -0.878423
v 6.297843 11.847401 452.906403 0.752941 0.752941 0.752941
vn -0.139536 0.394618 0.908188
v 18.930262 12.475778 456.352661 0.752941 0.752941 0.752941
vn 0.105852 0.726714 -0.678735
v 10.341086 11.521464 452.741547 0.752941 0.752941 0.752941
vn 0.121861 0.716514 -0.686846
v 10.751708 11.645672 453.020020 0.752941 0.752941 0.752941
vn -0.195908 -0.837905 0.509445
v 25.564947 3.335577 452.893585 0.752941 0.752941 0.752941
vn -0.172581 -0.767759 0.617059
v 26.694035 3.287326 452.989655 0.752941 0.752941 0.752941
vn 0.104426 0.783713 -0.612282
v 12.790829 11.368517 452.817780 0.752941 0.752941 0.752941
vn -0.139660 -0.687555 0.712575
v 15.122957 6.726324 456.330719 0.752941 0.752941 0.752941
vn 0.074810 0.828986 -0.554242
v 14.670419 11.278841 452.917450 0.752941 0.752941 0.752941
vn -0.450154 0.293829 -0.843224
v 6.041048 12.186873 453.069611 0.752941 0.752941 0.752941
vn 0.311602 0.626829 -0.714136
v 9.764498 12.007181 453.118530 0.752941 0.752941 0.752941
vn 0.032142 0.585014 -0.810386
v 7.870839 11.814551 452.878357 0.752941 0.752941 0.752941
vn 0.069775 0.802522 -0.592528
v 13.241595 11.378278 452.883789 0.752941 0.752941 0.752941
vn 0.360318 0.844750 -0.395688
v 28.898584 9.158783 452.783508 0.752941 0.752941 0.752941
vn 0.029240 -0.837119 0.546239
v 7.274845 5.028862 453.220001 0.752941 0.752941 0.752941
vn 0.088937 -0.866744 0.490759
v 7.776665 4.902540 452.880829 0.752941 0.752941 0.752941
vn 0.047509 -0.820183 0.570125
v 10.828606 5.207288 453.221558 0.752941 0.752941 0.752941
vn -0.127367 -0.876040 0.465115
v 21.563307 4.331101 452.904510 0.752941 0.752941 0.752941
vn -0.200528 -0.845051 0.495658
v 24.847956 3.664200 453.084473 0.752941 0.752941 0.752941
vn 0.315802 0.845082 -0.431400
v 31.122145 8.496738 453.165680 0.752941 0.752941 0.752941
vn -0.183868 0.538836 -0.822100
v 8.912374 12.018318 453.069733 0.752941 0.752941 0.752941
vn 0.214590 0.871543 -0.440866
v 23.287840 11.810924 455.916016 0.752941 0.752941 0.752941
vn 0.306607 0.731711 -0.608762
v 12.175057 11.720838 453.037048 0.752941 0.752941 0.752941
vn 0.295417 0.866766 -0.401803
v 29.084713 10.552569 456.200012 0.752941 0.752941 0.752941
vn 0.087323 0.530463 -0.843198
v 7.929220 12.181343 453.148041 0.752941 0.752941 0.752941
vn 0.190683 0.786919 -0.586855
v 12.423662 11.575440 452.973816 0.752941 0.752941 0.752941
vn 0.091867 0.885243 -0.455966
v 16.682562 11.178560 453.059784 0.752941 0.752941 0.752941
vn 0.203572 0.917463 -0.341791
v 26.721502 11.351469 456.545135 0.752941 0.752941 0.752941
vn 0.257405 0.966294 0.004353
v 20.549925 12.496685 455.928894 0.752941 0.752941 0.752941
vn -0.039616 0.845946 0.531795
v 21.037100 11.960336 456.447968 0.752941 0.752941 0.752941
vn 0.129613 0.664791 -0.735699
v 10.068702 11.842432 453.075684 0.752941 0.752941 0.752941
vn -0.193496 -0.816362 0.544163
v 25.349714 3.540042 453.067444 0.752941 0.752941 0.752941
vn 0.693066 -0.584553 -0.421850
v 29.575216 3.407543 453.210541 0.752941 0.752941 0.752941
vn 0.107854 0.820146 -0.561897
v 14.248141 11.494965 453.153687 0.752941 0.752941 0.752941
vn -0.177176 -0.844568 0.505287
v 26.854582 4.992593 456.385773 0.752941 0.752941 0.752941
vn -0.039743 0.832298 -0.552902
v 15.629482 11.410677 453.113525 0.752941 0.752941 0.752941
vn 0.043880 0.616404 -0.786207
v 9.279263 12.210943 453.057343 0.752941 0.752941 0.752941
vn 0.611687 -0.533134 -0.584471
v 30.551102 4.453059 453.249481 0.752941 0.752941 0.752941
vn -0.037210 -0.954302 0.296518
v 28.286716 2.728607 452.881683 0.752941 0.752941 0.752941
vn 0.693238 -0.217411 -0.687134
v 31.212336 6.532231 453.257690 0.752941 0.752941 0.752941
vn -0.165857 -0.888292 0.428286
v 23.737177 3.931927 453.225159 0.752941 0.752941 0.752941
vn -0.141522 -0.829588 0.540144
v 25.986530 3.292084 452.880066 0.752941 0.752941 0.752941
vn -0.115324 -0.917349 0.381014
v 20.624887 4.388415 452.943848 0.752941 0.752941 0.752941
vn 0.316100 0.853993 -0.413251
v 29.880125 8.626290 452.487732 0.752941 0.752941 0.752941
vn -0.095178 -0.863906 0.494578
v 6.966740 5.206629 453.463928 0.752941 0.752941 0.752941
vn -0.871072 0.124368 -0.475149
v 5.850338 11.227177 453.226196 0.752941 0.752941 0.752941
vn 0.029415 -0.856943 0.514572
v 8.589325 5.135901 453.129486 0.752941 0.752941 0.752941
vn 0.008623 -0.857638 0.514182
v 9.869135 5.189966 453.350861 0.752941 0.752941 0.752941
vn -0.317128 -0.839447 0.441315
v 27.958614 3.088959 453.302765 0.752941 0.752941 0.752941
vn -0.230732 -0.802941 0.549589
v 27.689337 2.968495 452.948456 0.752941 0.752941 0.752941
vn -0.720567 0.165735 -0.673286
v 6.090735 11.808473 453.020050 0.752941 0.752941 0.752941
vn 0.253721 0.780427 -0.571454
v 12.378548 11.739849 453.247864 0.752941 0.752941 0.752941
vn -0.158143 0.085354 0.983720
v 10.574560 8.662848 456.185455 0.752941 0.752941 0.752941
vn 0.207234 0.865619 -0.455804
v 16.175215 11.230343 453.068726 0.752941 0.752941 0.752941
vn 0.712336 -0.227677 -0.663883
v 32.233463 7.738104 453.267883 0.752941 0.752941 0.752941
vn -0.071912 0.083960 0.993871
v 10.276990 8.000913 456.135712 0.752941 0.752941 0.752941
vn 0.032925 0.574570 -0.817793
v 8.181429 11.994320 453.053650 0.752941 0.752941 0.752941
vn -0.102539 0.620845 -0.777198
v 11.650785 11.908384 453.048462 0.752941 0.752941 0.752941
vn 0.063822 0.799329 -0.597495
v 13.646849 11.417192 452.984467 0.752941 0.752941 0.752941
vn -0.165384 -0.099706 0.981176
v 10.509974 7.550775 456.233398 0.752941 0.752941 0.752941
vn -0.069052 -0.086154 0.993886
v 14.539998 13.373299 456.258087 0.752941 0.752941 0.752941
vn 0.003400 0.766572 -0.642149
v 15.366634 11.525043 453.275757 0.752941 0.752941 0.752941
vn 0.081845 0.765183 -0.638590
v 12.855933 11.797034 453.312408 0.752941 0.752941 0.752941
vn 0.647794 -0.376833 -0.662088
v 30.785286 4.879914 453.164978 0.752941 0.752941 0.752941
vn 0.362543 0.796867 -0.483287
v 31.578695 8.461740 453.357330 0.752941 0.752941 0.752941
vn -0.954468 -0.076826 -0.288251
v 5.769769 10.729058 453.354828 0.752941 0.752941 0.752941
vn 0.087998 0.761750 -0.641867
v 13.241810 11.736351 453.314148 0.752941 0.752941 0.752941
vn 0.239696 0.557294 -0.794965
v 9.823332 12.316603 453.372711 0.752941 0.752941 0.752941
vn -0.112705 0.613663 -0.781483
v 11.213283 11.920083 453.279114 0.752941 0.752941 0.752941
vn 0.142525 0.825889 -0.545522
v 15.786121 11.574968 453.412994 0.752941 0.752941 0.752941
vn -0.097617 -0.923325 0.371405
v 19.108160 4.559607 452.825714 0.752941 0.752941 0.752941
vn 0.208320 0.892892 -0.399183
v 26.658289 10.220941 453.871338 0.752941 0.752941 0.752941
vn 0.047990 -0.834092 0.549534
v 7.642370 5.400018 453.673828 0.752941 0.752941 0.752941
vn -0.063178 -0.928049 0.367060
v 14.808904 4.911745 453.215637 0.752941 0.752941 0.752941
vn 0.034536 0.862938 -0.504129
v 18.249254 11.253017 453.495453 0.752941 0.752941 0.752941
vn 0.447246 -0.893795 -0.033171
v 28.950680 2.873629 452.997009 0.752941 0.752941 0.752941
vn -0.108543 0.494494 -0.862377
v 9.108709 12.709330 453.420013 0.752941 0.752941 0.752941
vn 0.117577 0.638362 -0.760704
v 10.675211 11.878240 453.188049 0.752941 0.752941 0.752941
vn 0.032367 -0.651032 0.758360
v 12.539304 6.825599 456.063904 0.752941 0.752941 0.752941
vn 0.696381 -0.177499 -0.695376
v 30.705463 5.502948 452.838959 0.752941 0.752941 0.752941
vn -0.191313 -0.910579 0.366395
v 28.399395 2.961665 453.449249 0.752941 0.752941 0.752941
vn 0.153911 0.607129 -0.779555
v 10.321504 12.070518 453.294250 0.752941 0.752941 0.752941
vn 0.343905 0.673697 -0.654111
v 11.830784 12.024676 453.184814 0.752941 0.752941 0.752941
vn 0.160894 0.986949 0.006659
v 19.113771 12.917178 455.946259 0.752941 0.752941 0.752941
vn -0.179214 0.457989 -0.870705
v 6.177235 12.747082 453.347931 0.752941 0.752941 0.752941
vn 0.587349 0.441528 -0.678288
v 32.112785 8.032542 453.163757 0.752941 0.752941 0.752941
vn 0.232657 0.675408 -0.699782
v 12.242864 12.074339 453.546112 0.752941 0.752941 0.752941
vn -0.285172 0.072086 0.955762
v 18.419271 12.162152 456.135071 0.752941 0.752941 0.752941
vn -0.083363 0.520072 -0.850044
v 8.822959 12.388114 453.310455 0.752941 0.752941 0.752941
vn 0.633892 -0.509097 -0.582238
v 31.925863 7.411886 453.232361 0.752941 0.752941 0.752941
vn -0.796224 -0.600009 0.077572
v 6.561828 5.293675 453.148285 0.752941 0.752941 0.752941
vn -0.076400 -0.916648 0.392326
v 19.987364 4.669958 453.416779 0.752941 0.752941 0.752941
vn 0.717964 -0.276383 -0.638858
v 32.585407 3.971938 456.016449 0.752941 0.752941 0.752941
vn -0.304904 -0.842446 0.444205
v 27.615984 3.482352 453.837891 0.752941 0.752941 0.752941
vn -0.029194 -0.867400 0.496754
v 9.297709 5.543560 453.780975 0.752941 0.752941 0.752941
vn 0.078478 0.918284 -0.388066
v 21.371119 10.832669 453.080750 0.752941 0.752941 0.752941
vn -0.098005 -0.911639 0.399136
v 17.392324 4.668565 452.845306 0.752941 0.752941 0.752941
vn -0.133094 -0.870161 0.474454
v 24.506889 4.038661 453.563293 0.752941 0.752941 0.752941
vn 0.255215 0.902413 -0.347153
v 27.696005 9.752235 453.241150 0.752941 0.752941 0.752941
vn -0.237156 -0.857723 0.456145
v 22.659611 4.163366 453.169617 0.752941 0.752941 0.752941
vn 0.089349 0.718193 -0.690084
v 13.069632 11.979609 453.585724 0.752941 0.752941 0.752941
vn 0.091977 0.767085 -0.634918
v 14.328710 11.697549 453.423004 0.752941 0.752941 0.752941
vn 0.217879 0.904946 -0.365516
v 28.029964 10.874554 456.175049 0.752941 0.752941 0.752941
vn 0.612185 -0.618932 -0.492090
v 30.078590 3.698091 453.539307 0.752941 0.752941 0.752941
vn -0.055676 -0.869547 0.490702
v 11.753979 5.270988 453.368866 0.752941 0.752941 0.752941
vn 0.359331 0.199376 0.911664
v 14.937580 13.240752 456.172577 0.752941 0.752941 0.752941
vn -0.132830 0.531092 -0.836838
v 11.214534 12.233788 453.500122 0.752941 0.752941 0.752941
vn 0.139985 0.781447 -0.608067
v 13.884981 11.703296 453.405670 0.752941 0.752941 0.752941
vn -0.044239 0.503487 -0.862869
v 8.726102 12.773662 453.538452 0.752941 0.752941 0.752941
vn 0.139707 0.555839 -0.819466
v 9.354965 12.518630 453.308014 0.752941 0.752941 0.752941
vn 0.353232 0.830299 -0.431081
v 30.534866 8.731508 453.087830 0.752941 0.752941 0.752941
vn 0.076989 0.794172 -0.602796
v 14.752965 11.595650 453.365173 0.752941 0.752941 0.752941
vn 0.016485 -0.859627 0.510656
v 8.582150 5.362478 453.532013 0.752941 0.752941 0.752941
vn -0.079646 0.772445 0.630068
v 18.361259 12.731971 455.976471 0.752941 0.752941 0.752941
vn -0.149665 0.066113 0.986524
v 10.914144 8.130447 456.220673 0.752941 0.752941 0.752941
vn 0.249202 0.725064 -0.642013
v 15.545454 11.826048 453.624023 0.752941 0.752941 0.752941
vn 0.697353 -0.421099 -0.579978
v 31.188005 4.806791 453.649506 0.752941 0.752941 0.752941
vn 0.103503 0.549392 -0.829129
v 9.249509 12.917586 453.546753 0.752941 0.752941 0.752941
vn -0.144116 -0.846631 0.512296
v 11.470613 6.722551 456.007446 0.752941 0.752941 0.752941
vn 0.062911 0.487612 -0.870791
v 7.363987 12.305457 453.163940 0.752941 0.752941 0.752941
vn 0.108912 0.552329 -0.826481
v 10.575045 12.312124 453.538391 0.752941 0.752941 0.752941
vn 0.408466 0.771125 -0.488386
v 31.796930 8.330351 453.361572 0.752941 0.752941 0.752941
vn -0.162955 -0.280354 0.945964
v 13.530135 7.161655 456.348663 0.752941 0.752941 0.752941
vn 0.152443 0.894576 -0.420112
v 22.669462 11.038588 453.955475 0.752941 0.752941 0.752941
vn 0.140039 0.861940 -0.487287
v 19.316746 11.161802 453.333099 0.752941 0.752941 0.752941
vn 0.143994 0.899109 -0.413363
v 22.189352 10.661606 453.125397 0.752941 0.752941 0.752941
vn -0.882154 -0.029456 -0.470040
v 5.976481 6.909648 453.315460 0.752941 0.752941 0.752941
vn -0.196194 -0.875247 0.442097
v 26.676535 3.728906 453.723267 0.752941 0.752941 0.752941
vn -0.215702 -0.610700 0.761918
v 13.742119 6.869393 456.184204 0.752941 0.752941 0.752941
vn 0.294279 0.893348 -0.339602
v 28.741493 9.425674 453.171783 0.752941 0.752941 0.752941
vn 0.242364 0.899695 -0.363055
v 28.549675 9.558496 453.512604 0.752941 0.752941 0.752941
vn 0.118275 0.760692 -0.638247
v 13.589818 11.812043 453.435089 0.752941 0.752941 0.752941
vn -0.062566 -0.192084 0.979382
v 9.867850 7.501207 456.177856 0.752941 0.752941 0.752941
vn 0.675332 -0.404194 -0.616890
v 31.729420 6.776576 453.657104 0.752941 0.752941 0.752941
vn 0.114942 0.463183 -0.878777
v 10.269474 12.813601 453.736176 0.752941 0.752941 0.752941
vn -0.237195 0.402584 -0.884118
v 6.196423 13.342319 453.590027 0.752941 0.752941 0.752941
vn -0.025948 -0.864198 0.502482
v 11.170442 5.364238 453.485718 0.752941 0.752941 0.752941
vn 0.083105 0.437591 -0.895325
v 6.791576 13.185379 453.606171 0.752941 0.752941 0.752941
vn 0.054928 0.490493 -0.869712
v 8.303606 12.576099 453.391632 0.752941 0.752941 0.752941
vn 0.066927 -0.857515 0.510088
v 8.056957 5.355006 453.514130 0.752941 0.752941 0.752941
vn -0.109837 0.643236 -0.757749
v 15.189833 12.043385 453.780853 0.752941 0.752941 0.752941
vn -0.045897 0.746330 -0.663992
v 15.025972 11.671287 453.521515 0.752941 0.752941 0.752941
vn 0.261192 0.523274 -0.811149
v 9.664732 12.672016 453.576263 0.752941 0.752941 0.752941
vn -0.027637 0.174578 0.984255
v 17.993534 12.128567 456.074677 0.752941 0.752941 0.752941
vn 0.074391 -0.806007 0.587212
v 7.101470 5.465173 453.749664 0.752941 0.752941 0.752941
vn -0.148196 0.009700 0.988910
v 9.368176 7.720123 456.200806 0.752941 0.752941 0.752941
vn 0.103036 0.763008 -0.638124
v 14.634516 11.780986 453.571533 0.752941 0.752941 0.752941
vn 0.130175 0.506668 -0.852257
v 9.266194 13.333158 453.844666 0.752941 0.752941 0.752941
vn 0.123026 0.825599 -0.550683
v 16.416595 11.542974 453.591858 0.752941 0.752941 0.752941
vn 0.348659 0.834131 -0.427389
v 30.897047 8.803527 453.625458 0.752941 0.752941 0.752941
vn 0.114194 0.802805 -0.585204
v 16.730816 11.584653 453.731812 0.752941 0.752941 0.752941
vn 0.033183 -0.902154 0.430137
v 15.889470 5.119467 453.605377 0.752941 0.752941 0.752941
vn -0.113180 -0.417735 0.901492
v 9.308013 7.350792 456.093170 0.752941 0.752941 0.752941
vn 0.191003 0.633290 -0.749975
v 11.606220 12.538222 453.562439 0.752941 0.752941 0.752941
vn 0.131184 0.730770 -0.669900
v 14.200802 11.987410 453.767212 0.752941 0.752941 0.752941
vn -0.003472 0.485381 -0.874296
v 8.840559 13.211236 453.773712 0.752941 0.752941 0.752941
vn 0.273702 0.886095 -0.374063
v 29.052462 9.453400 453.561890 0.752941 0.752941 0.752941
vn 0.079515 0.437741 -0.895578
v 8.164755 13.385283 453.817780 0.752941 0.752941 0.752941
vn 0.218738 0.492997 -0.842085
v 9.560476 13.086872 453.777924 0.752941 0.752941 0.752941
vn 0.092805 0.620679 -0.778553
v 12.677745 12.238081 453.747101 0.752941 0.752941 0.752941
vn 0.089548 -0.924835 0.369677
v 28.699800 3.069350 453.821014 0.752941 0.752941 0.752941
vn 0.136499 0.917184 -0.374355
v 20.514088 10.934870 453.272186 0.752941 0.752941 0.752941
vn -0.863799 -0.496896 0.083341
v 5.766886 6.776577 454.126434 0.752941 0.752941 0.752941
vn -0.895276 -0.439422 -0.073412
v 6.340038 5.823392 453.481842 0.752941 0.752941 0.752941
vn 0.322327 0.831133 -0.453127
v 31.723589 8.674588 453.966675 0.752941 0.752941 0.752941
vn 0.639194 0.234692 -0.732360
v 32.908115 8.110193 454.031128 0.752941 0.752941 0.752941
vn 0.071880 0.400744 -0.913366
v 6.732148 13.767238 453.851868 0.752941 0.752941 0.752941
vn -0.235473 -0.555013 0.797818
v 11.019712 7.044629 456.099426 0.752941 0.752941 0.752941
vn -0.174863 0.370928 -0.912050
v 6.118739 13.655305 453.764526 0.752941 0.752941 0.752941
vn 0.142695 0.711870 -0.687663
v 13.916396 11.982234 453.669861 0.752941 0.752941 0.752941
vn -0.084632 -0.901003 0.425479
v 9.772035 5.589711 453.975739 0.752941 0.752941 0.752941
vn 0.139113 0.844044 -0.517916
v 19.079489 11.440070 453.631989 0.752941 0.752941 0.752941
vn -0.904582 -0.049226 -0.423447
v 5.206958 8.221369 454.656464 0.752941 0.752941 0.752941
vn -0.228055 -0.892725 0.388629
v 22.212452 4.568028 453.659058 0.752941 0.752941 0.752941
vn -0.197928 -0.841384 0.502888
v 28.353939 3.203281 453.982819 0.752941 0.752941 0.752941
vn -0.768530 0.178653 -0.614366
v 5.690500 12.545569 453.656097 0.752941 0.752941 0.752941
vn -0.180030 -0.887641 0.423890
v 24.022259 4.309113 454.016235 0.752941 0.752941 0.752941
vn 0.303354 0.855902 -0.418818
v 29.948629 9.328264 453.840576 0.752941 0.752941 0.752941
vn -0.176617 -0.850742 0.495020
v 23.381451 4.243829 453.501495 0.752941 0.752941 0.752941
vn -0.838233 -0.019693 -0.544957
v 6.078012 8.403640 453.498901 0.752941 0.752941 0.752941
vn 0.075709 0.885909 -0.457639
v 17.381416 11.275641 453.321533 0.752941 0.752941 0.752941
vn 0.036389 -0.864059 0.502073
v 7.889084 5.573326 453.963043 0.752941 0.752941 0.752941
vn 0.076970 0.578934 -0.811733
v 11.440163 12.754869 453.686646 0.752941 0.752941 0.752941
vn 0.227650 0.667930 -0.708552
v 15.378735 12.192948 453.901062 0.752941 0.752941 0.752941
vn -0.164934 -0.794590 0.584314
v 13.879151 6.617742 455.984802 0.752941 0.752941 0.752941
vn -0.030969 0.445494 -0.894749
v 10.919404 12.556192 453.697266 0.752941 0.752941 0.752941
vn 0.041625 -0.879488 0.474098
v 8.260311 5.688188 454.058960 0.752941 0.752941 0.752941
vn 0.121084 0.592691 -0.796277
v 11.315763 13.009984 453.913910 0.752941 0.752941 0.752941
vn 0.019263 -0.905354 0.424220
v 10.025117 5.565916 454.009613 0.752941 0.752941 0.752941
vn 0.037092 -0.892270 0.449977
v 10.505253 5.504168 453.708374 0.752941 0.752941 0.752941
vn -0.071031 -0.862841 0.500459
v 14.895393 5.255157 453.850189 0.752941 0.752941 0.752941
vn -0.124266 0.528077 -0.840055
v 6.029423 14.102352 453.951416 0.752941 0.752941 0.752941
vn 0.266161 0.867222 -0.420813
v 28.891861 9.670967 453.925568 0.752941 0.752941 0.752941
vn 0.659717 -0.580900 -0.476790
v 31.058121 4.262930 454.075195 0.752941 0.752941 0.752941
vn 0.120734 0.819813 -0.559759
v 17.443388 11.700603 454.028473 0.752941 0.752941 0.752941
vn 0.081466 0.417160 -0.905175
v 7.430709 13.699689 453.887787 0.752941 0.752941 0.752941
vn 0.084362 0.435535 -0.896210
v 8.990855 13.737554 454.037659 0.752941 0.752941 0.752941
vn -0.554201 -0.794863 0.247091
v 6.589889 5.399246 453.780518 0.752941 0.752941 0.752941
vn -0.146100 -0.909154 0.389993
v 23.402060 4.621837 454.283234 0.752941 0.752941 0.752941
vn -0.870864 -0.036375 -0.490176
v 5.830079 9.157501 453.888824 0.752941 0.752941 0.752941
vn -0.090639 -0.904043 0.417722
v 20.658890 4.795825 453.723877 0.752941 0.752941 0.752941
vn 0.197242 0.611595 -0.766190
v 12.414591 12.417599 453.876038 0.752941 0.752941 0.752941
vn 0.084523 0.610714 0.787327
v 14.082175 14.366259 455.977783 0.752941 0.752941 0.752941
vn 0.426117 0.431603 0.795075
v 14.666181 13.633794 456.197510 0.752941 0.752941 0.752941
vn 0.720172 -0.372289 -0.585451
v 32.487438 7.671425 453.653656 0.752941 0.752941 0.752941
vn 0.230377 0.811112 -0.537610
v 16.042727 11.639293 453.641602 0.752941 0.752941 0.752941
vn 0.409436 0.790536 0.455427
v 17.556091 13.280062 455.801636 0.752941 0.752941 0.752941
vn 0.180515 0.508076 0.842183
v 15.722319 13.427265 455.869812 0.752941 0.752941 0.752941
vn 0.934183 -0.303278 -0.187946
v 33.880600 7.180168 455.810516 0.752941 0.752941 0.752941
vn 0.113708 0.675284 -0.728740
v 13.322794 12.289003 453.883270 0.752941 0.752941 0.752941
vn -0.877019 -0.464118 0.124231
v 6.150991 6.047439 453.981598 0.752941 0.752941 0.752941
vn -0.156767 -0.914324 0.373411
v 21.809254 5.753878 456.349976 0.752941 0.752941 0.752941
vn 0.302523 0.814384 -0.495235
v 32.280457 8.306436 453.703400 0.752941 0.752941 0.752941
vn 0.001160 -0.852135 0.523322
v 7.380705 5.633121 454.010803 0.752941 0.752941 0.752941
vn 0.278128 0.859135 -0.429571
v 28.403105 9.769855 453.821289 0.752941 0.752941 0.752941
vn -0.153800 -0.903480 0.400086
v 22.512690 5.405753 455.907654 0.752941 0.752941 0.752941
vn 0.327754 0.936805 -0.122365
v 32.642025 9.629977 456.038177 0.752941 0.752941 0.752941
vn 0.280132 0.586295 -0.760122
v 11.799337 12.762535 453.947937 0.752941 0.752941 0.752941
vn -0.186765 -0.884854 0.426793
v 28.097240 4.304325 455.769196 0.752941 0.752941 0.752941
vn -0.006903 0.499822 -0.866101
v 11.131941 12.970263 453.882324 0.752941 0.752941 0.752941
vn -0.265462 -0.840706 0.471957
v 30.413301 4.071065 456.363129 0.752941 0.752941 0.752941
vn 0.136068 0.691248 -0.709692
v 13.869605 12.305588 453.987732 0.752941 0.752941 0.752941
vn 0.091958 0.834265 -0.543641
v 17.138998 11.481437 453.659332 0.752941 0.752941 0.752941
vn 0.103898 0.809249 -0.578206
v 16.934132 11.854042 454.103912 0.752941 0.752941 0.752941
vn 0.108642 0.900262 -0.421574
v 20.726395 11.188805 453.937653 0.752941 0.752941 0.752941
vn 0.357931 0.705119 -0.612121
v 15.772987 12.045639 454.118591 0.752941 0.752941 0.752941
vn -0.190034 -0.884397 0.426296
v 27.032417 4.691478 456.013855 0.752941 0.752941 0.752941
vn 0.183648 0.919938 -0.346392
v 25.626534 11.234093 455.961365 0.752941 0.752941 0.752941
vn 0.536603 -0.586469 -0.606721
v 32.759777 7.415786 454.258698 0.752941 0.752941 0.752941
vn 0.141692 0.934242 -0.327284
v 25.112936 10.356777 453.433289 0.752941 0.752941 0.752941
vn 0.600104 -0.599703 -0.529370
v 30.553001 3.777627 454.050873 0.752941 0.752941 0.752941
vn 0.156306 0.912078 -0.379054
v 23.368336 10.871041 453.915894 0.752941 0.752941 0.752941
vn 0.363402 0.536430 -0.761697
v 11.586486 13.122141 454.082672 0.752941 0.752941 0.752941
vn 0.140871 0.523960 -0.840013
v 12.514458 12.691352 454.060760 0.752941 0.752941 0.752941
vn 0.144868 0.442574 -0.884953
v 9.265124 13.787118 454.099365 0.752941 0.752941 0.752941
vn 0.088860 0.426310 -0.900202
v 8.483857 14.119550 454.154297 0.752941 0.752941 0.752941
vn -0.057976 0.681523 -0.729496
v 14.863889 12.011058 453.865021 0.752941 0.752941 0.752941
vn 0.492932 -0.859878 -0.132770
v 29.834084 3.419703 453.717957 0.752941 0.752941 0.752941
vn 0.323327 -0.907651 -0.267636
v 30.558796 3.600109 454.248749 0.752941 0.752941 0.752941
vn -0.990092 0.111211 -0.085735
v 5.294663 11.957568 454.437653 0.752941 0.752941 0.752941
vn -0.162978 -0.851554 0.498292
v 25.528004 3.937516 453.702637 0.752941 0.752941 0.752941
vn -0.772336 0.334882 -0.539769
v 5.596551 13.967973 454.069031 0.752941 0.752941 0.752941
vn -0.112664 -0.912816 0.392522
v 18.196556 5.203118 454.250641 0.752941 0.752941 0.752941
vn -0.117794 -0.914557 0.386923
v 17.701496 5.186676 453.974487 0.752941 0.752941 0.752941
vn -0.086973 -0.908802 0.408062
v 18.983534 4.926562 453.910004 0.752941 0.752941 0.752941
vn -0.034714 -0.895135 0.444441
v 12.914171 5.162269 453.181671 0.752941 0.752941 0.752941
vn 0.123145 -0.034346 0.991794
v 15.071630 12.657523 456.042450 0.752941 0.752941 0.752941
vn -0.688967 -0.447096 0.570465
v 6.252092 6.084474 454.294342 0.752941 0.752941 0.752941
vn -0.086364 -0.882404 0.462498
v 14.109925 5.634002 454.221832 0.752941 0.752941 0.752941
vn 0.149348 0.785662 -0.600358
v 16.411922 11.944427 454.139893 0.752941 0.752941 0.752941
vn -0.201245 -0.874561 0.441184
v 14.528065 5.481275 454.082611 0.752941 0.752941 0.752941
vn 0.083820 -0.857542 0.507539
v 15.197910 5.420598 454.053894 0.752941 0.752941 0.752941
vn 0.282208 0.511717 -0.811483
v 11.761800 12.994500 454.112579 0.752941 0.752941 0.752941
vn -0.509933 -0.662651 0.548509
v 6.369113 5.674297 454.153687 0.752941 0.752941 0.752941
vn 0.219452 0.495055 -0.840691
v 11.870532 13.232093 454.262390 0.752941 0.752941 0.752941
vn 0.063398 -0.814106 0.577245
v 12.279535 6.695340 455.935455 0.752941 0.752941 0.752941
vn -0.224875 -0.097157 0.969532
v 14.585157 12.488148 456.016785 0.752941 0.752941 0.752941
vn 0.223823 0.869090 -0.441120
v 23.220293 11.088472 454.376221 0.752941 0.752941 0.752941
vn 0.125452 0.687772 -0.715004
v 14.426026 12.201352 453.997589 0.752941 0.752941 0.752941
vn -0.253390 0.306422 0.917551
v 11.682491 9.992723 456.100006 0.752941 0.752941 0.752941
vn 0.035794 -0.803396 0.594368
v 6.815649 5.701408 454.195526 0.752941 0.752941 0.752941
vn -0.231960 0.321227 0.918154
v 13.559557 11.430889 456.225647 0.752941 0.752941 0.752941
vn 0.283439 0.827483 -0.484701
v 28.104876 10.107542 454.344177 0.752941 0.752941 0.752941
vn -0.634976 0.717554 -0.286220
v 5.741411 14.234110 454.175262 0.752941 0.752941 0.752941
vn 0.151202 0.458856 -0.875551
v 9.732507 13.595929 454.097778 0.752941 0.752941 0.752941
vn 0.700751 -0.100751 -0.706256
v 31.999519 6.106624 454.036194 0.752941 0.752941 0.752941
vn 0.393799 0.727672 -0.561619
v 32.649632 8.398649 454.028656 0.752941 0.752941 0.752941
vn 0.135241 0.647555 -0.749921
v 13.546125 12.510020 454.143921 0.752941 0.752941 0.752941
vn 0.086192 -0.878717 0.469496
v 10.501470 5.736108 454.148346 0.752941 0.752941 0.752941
vn -0.126074 0.626590 -0.769084
v 15.032022 12.422325 454.115356 0.752941 0.752941 0.752941
vn -0.148951 -0.863673 0.481542
v 17.506002 5.429489 454.612274 0.752941 0.752941 0.752941
vn 0.072244 0.912900 -0.401738
v 22.211123 11.207245 454.442719 0.752941 0.752941 0.752941
vn 0.061171 0.211725 0.975413
v 17.272610 12.720920 456.156799 0.752941 0.752941 0.752941
vn 0.157417 0.673939 -0.721822
v 14.015396 12.527059 454.223694 0.752941 0.752941 0.752941
vn 0.465783 0.664864 0.583954
v 14.926983 13.544516 455.919678 0.752941 0.752941 0.752941
vn 0.386055 0.726957 -0.567886
v 32.820690 8.510466 454.290527 0.752941 0.752941 0.752941
vn 0.232767 0.859678 -0.454723
v 19.704405 11.346777 453.929535 0.752941 0.752941 0.752941
vn 0.202928 0.840239 -0.502811
v 20.243204 11.433455 454.270691 0.752941 0.752941 0.752941
vn 0.025559 -0.885787 0.463388
v 13.616672 5.619576 454.237793 0.752941 0.752941 0.752941
vn -0.058366 -0.896526 0.439128
v 16.078880 5.256957 453.933838 0.752941 0.752941 0.752941
vn -0.138545 -0.869620 0.473884
v 12.495318 5.729700 454.258087 0.752941 0.752941 0.752941
vn -0.178288 0.292298 0.939561
v 10.421912 9.530089 455.983154 0.752941 0.752941 0.752941
vn 0.677220 -0.345257 -0.649747
v 32.211246 6.890484 454.181427 0.752941 0.752941 0.752941
vn 0.303353 0.870982 -0.386480
v 24.840429 11.565134 456.265594 0.752941 0.752941 0.752941
vn -0.032989 0.209368 0.977280
v 15.073376 12.131919 456.106812 0.752941 0.752941 0.752941
vn 0.591742 -0.306617 -0.745538
v 32.982166 7.789890 454.135590 0.752941 0.752941 0.752941
vn 0.080632 0.454080 -0.887305
v 10.705522 13.532395 454.192352 0.752941 0.752941 0.752941
vn 0.155766 0.497421 -0.853410
v 11.148725 13.558228 454.197815 0.752941 0.752941 0.752941
vn -0.047467 -0.873951 0.483690
v 14.686837 5.638888 454.537598 0.752941 0.752941 0.752941
vn 0.033933 -0.869358 0.493016
v 14.945711 5.460950 454.242523 0.752941 0.752941 0.752941
vn 0.243639 0.885592 -0.395433
v 23.628784 11.854880 456.301056 0.752941 0.752941 0.752941
vn 0.130937 0.918747 -0.372504
v 24.112608 11.615550 455.960083 0.752941 0.752941 0.752941
vn 0.210794 0.895043 -0.393019
v 22.717064 12.018511 455.995148 0.752941 0.752941 0.752941
vn 0.356919 0.854091 -0.378336
v 30.761808 9.422893 454.719788 0.752941 0.752941 0.752941
vn -0.196955 -0.454112 0.868902
v 9.926116 7.072438 456.098999 0.752941 0.752941 0.752941
vn 0.323533 0.843043 -0.429657
v 31.040867 9.047933 454.132965 0.752941 0.752941 0.752941
vn -0.284312 0.104213 0.953051
v 14.185376 13.913742 456.133423 0.752941 0.752941 0.752941
vn -0.966790 -0.056871 -0.249165
v 5.335895 10.884979 454.623444 0.752941 0.752941 0.752941
vn 0.008572 0.765778 -0.643048
v 7.995349 14.592357 454.357300 0.752941 0.752941 0.752941
vn -0.030669 0.823523 -0.566453
v 6.722062 14.549087 454.290222 0.752941 0.752941 0.752941
vn 0.055207 0.511057 -0.857772
v 7.491953 14.345505 454.178406 0.752941 0.752941 0.752941
vn 0.165361 -0.655989 0.736433
v 11.799050 6.921309 456.216034 0.752941 0.752941 0.752941
vn 0.529720 0.001291 -0.848172
v 33.203426 7.981842 454.244293 0.752941 0.752941 0.752941
vn -0.081147 0.302340 0.949740
v 18.181004 12.576854 456.046661 0.752941 0.752941 0.752941
vn -0.979449 0.170223 0.108185
v 5.516788 13.330945 454.295044 0.752941 0.752941 0.752941
vn 0.204176 0.886031 -0.416246
v 27.482742 10.126844 453.831268 0.752941 0.752941 0.752941
vn 0.252760 0.886497 -0.387603
v 29.916061 9.594022 454.339935 0.752941 0.752941 0.752941
vn 0.332416 0.668458 -0.665330
v 15.366213 12.582634 454.279236 0.752941 0.752941 0.752941
vn -0.082031 -0.902032 0.423803
v 12.823931 5.534388 454.079803 0.752941 0.752941 0.752941
vn -0.077029 -0.878832 0.470872
v 11.910743 5.988655 454.674103 0.752941 0.752941 0.752941
vn -0.092181 -0.743429 0.662431
v 7.178657 5.945047 454.552002 0.752941 0.752941 0.752941
vn -0.025719 -0.855156 0.517732
v 7.614922 5.884325 454.443176 0.752941 0.752941 0.752941
vn 0.758673 -0.488755 -0.430737
v 31.742741 4.920545 454.338562 0.752941 0.752941 0.752941
vn -0.021102 -0.848285 0.529120
v 9.395913 5.902243 454.474762 0.752941 0.752941 0.752941
vn -0.320877 0.243008 0.915415
v 11.780810 10.787564 455.876068 0.752941 0.752941 0.752941
vn 0.421954 0.191314 -0.886202
v 33.577538 8.093311 454.457642 0.752941 0.752941 0.752941
vn -0.090572 0.679130 -0.728408
v 14.593395 12.457046 454.290466 0.752941 0.752941 0.752941
vn -0.322775 0.941100 -0.100738
v 6.200213 14.517333 454.326080 0.752941 0.752941 0.752941
vn -0.100209 -0.874332 0.474870
v 16.309460 5.612554 454.556549 0.752941 0.752941 0.752941
vn -0.048665 -0.858856 0.509900
v 9.794720 5.742833 454.273499 0.752941 0.752941 0.752941
vn 0.188623 0.520424 -0.832815
v 12.287664 12.881843 454.113403 0.752941 0.752941 0.752941
vn 0.125734 0.435273 -0.891475
v 9.316735 14.356144 454.378510 0.752941 0.752941 0.752941
vn 0.122122 0.600767 -0.790041
v 13.683434 12.658906 454.266602 0.752941 0.752941 0.752941
vn 0.102994 0.805236 -0.583940
v 16.811766 11.973074 454.281891 0.752941 0.752941 0.752941
vn 0.496474 -0.493650 -0.714019
v 33.339359 7.585132 454.456573 0.752941 0.752941 0.752941
vn 0.246813 0.617060 -0.747208
v 16.320190 12.311504 454.528900 0.752941 0.752941 0.752941
vn -0.088345 -0.830040 0.550662
v 12.729037 5.855942 454.637817 0.752941 0.752941 0.752941
vn 0.189569 0.894752 -0.404330
v 23.667316 11.146235 454.659302 0.752941 0.752941 0.752941
vn 0.027475 -0.863822 0.503047
v 9.112133 5.859970 454.439514 0.752941 0.752941 0.752941
vn -0.050897 -0.704915 0.707464
v 12.979594 6.712305 455.955139 0.752941 0.752941 0.752941
vn -0.180015 0.161610 0.970297
v 9.448231 8.387135 456.054260 0.752941 0.752941 0.752941
vn -0.227196 0.232782 0.945619
v 14.501551 12.179011 456.012970 0.752941 0.752941 0.752941
vn -0.847888 0.317358 0.424699
v 5.630764 14.018701 454.355743 0.752941 0.752941 0.752941
vn 0.257696 0.798666 -0.543806
v 19.809179 11.582545 454.275055 0.752941 0.752941 0.752941
vn -0.086456 -0.870450 0.484606
v 12.988688 5.646587 454.392578 0.752941 0.752941 0.752941
vn 0.230532 0.488180 -0.841745
v 11.355261 13.809941 454.409271 0.752941 0.752941 0.752941
vn 0.169830 0.747517 -0.642165
v 16.559862 12.207735 454.504181 0.752941 0.752941 0.752941
vn -0.570283 0.638894 0.516325
v 5.874123 14.321987 454.418518 0.752941 0.752941 0.752941
vn -0.010294 0.210218 0.977600
v 15.876626 12.277031 455.987946 0.752941 0.752941 0.752941
vn 0.200469 0.521663 -0.829264
v 12.402437 13.227325 454.383514 0.752941 0.752941 0.752941
vn 0.192768 0.591879 -0.782636
v 12.860247 12.800691 454.207642 0.752941 0.752941 0.752941
vn -0.185455 -0.890193 0.416128
v 14.303131 5.798683 454.659790 0.752941 0.752941 0.752941
vn -0.036328 -0.912512 0.407435
v 19.121450 5.432269 454.775269 0.752941 0.752941 0.752941
vn -0.057010 0.972217 -0.227033
v 7.285596 14.618039 454.402863 0.752941 0.752941 0.752941
vn -0.207591 -0.872247 0.442822
v 26.755928 3.886508 454.236572 0.752941 0.752941 0.752941
vn -0.011129 -0.884174 0.467026
v 10.955741 5.705431 454.081024 0.752941 0.752941 0.752941
vn 0.039017 -0.942818 0.331017
v 29.175627 3.404948 454.362061 0.752941 0.752941 0.752941
vn -0.894436 -0.023377 -0.446584
v 5.465109 10.295996 454.369049 0.752941 0.752941 0.752941
vn 0.076348 -0.855630 0.511927
v 10.149304 5.809787 454.361176 0.752941 0.752941 0.752941
vn 0.235835 0.908721 -0.344396
v 27.709904 10.408785 454.670532 0.752941 0.752941 0.752941
vn 0.217978 0.814441 -0.537746
v 20.476257 11.589141 454.646881 0.752941 0.752941 0.752941
vn -0.221622 0.225318 0.948744
v 12.498424 10.851275 456.100525 0.752941 0.752941 0.752941
vn 0.684698 -0.472311 -0.555078
v 31.148829 4.045358 454.500336 0.752941 0.752941 0.752941
vn -0.079025 -0.870569 0.485659
v 18.996372 5.974597 455.983307 0.752941 0.752941 0.752941
vn -0.345515 -0.126719 0.929818
v 8.944194 7.566454 456.054443 0.752941 0.752941 0.752941
vn -0.154831 0.250942 0.955539
v 9.470546 9.777380 455.776031 0.752941 0.752941 0.752941
vn 0.165763 0.460512 -0.872038
v 10.866076 14.035153 454.452911 0.752941 0.752941 0.752941
vn 0.586251 -0.498236 -0.638803
v 32.663349 7.016103 454.504028 0.752941 0.752941 0.752941
vn -0.246612 -0.857467 0.451589
v 17.955322 6.133192 456.003296 0.752941 0.752941 0.752941
vn 0.122059 0.435388 -0.891930
v 10.082785 14.010638 454.336029 0.752941 0.752941 0.752941
vn -0.058287 0.992916 0.103536
v 8.297365 14.708149 454.560974 0.752941 0.752941 0.752941
vn 0.105256 0.634146 -0.766016
v 10.356249 14.610147 454.677917 0.752941 0.752941 0.752941
vn 0.276249 0.711452 -0.646160
v 15.182533 12.878832 454.492798 0.752941 0.752941 0.752941
vn -0.256030 -0.560277 0.787742
v 6.703180 5.989756 454.483887 0.752941 0.752941 0.752941
vn 0.293595 0.770755 -0.565455
v 33.060017 8.580266 454.575348 0.752941 0.752941 0.752941
vn 0.355965 0.625363 -0.694414
v 33.306072 8.449018 454.524597 0.752941 0.752941 0.752941
vn -0.560463 -0.522166 0.642825
v 6.169574 6.482553 454.574768 0.752941 0.752941 0.752941
vn 0.166619 0.451350 -0.876653
v 10.712528 14.290091 454.530243 0.752941 0.752941 0.752941
vn -0.612867 -0.517025 0.597561
v 6.237800 6.278366 454.452972 0.752941 0.752941 0.752941
vn 0.070890 0.754952 -0.651937
v 8.731227 14.649468 454.452637 0.752941 0.752941 0.752941
vn 0.269960 0.891537 -0.363708
v 28.517355 10.646154 455.931091 0.752941 0.752941 0.752941
vn 0.253115 0.456415 -0.853005
v 11.692451 14.003255 454.623535 0.752941 0.752941 0.752941
vn 0.730584 -0.246066 -0.636945
v 31.825617 5.642269 453.932068 0.752941 0.752941 0.752941
vn 0.209921 0.465211 -0.859949
v 12.297024 13.979063 454.791901 0.752941 0.752941 0.752941
vn 0.256435 0.563326 -0.785433
v 15.728660 12.423685 454.456390 0.752941 0.752941 0.752941
vn -0.476827 0.240964 0.845324
v 5.779079 14.011653 454.495544 0.752941 0.752941 0.752941
vn 0.173514 0.558551 -0.811119
v 13.278772 12.878859 454.398163 0.752941 0.752941 0.752941
vn 0.089906 -0.851792 0.516108
v 15.078158 5.608308 454.408508 0.752941 0.752941 0.752941
vn -0.048493 0.665099 -0.745179
v 14.519661 12.613215 454.474854 0.752941 0.752941 0.752941
vn 0.413287 0.529662 -0.740710
v 33.719734 8.404484 454.611908 0.752941 0.752941 0.752941
vn -0.447103 -0.093084 0.889626
v 13.808935 13.879850 455.946747 0.752941 0.752941 0.752941
vn -0.982469 0.073020 0.171531
v 5.278144 11.737336 454.593323 0.752941 0.752941 0.752941
vn 0.278963 0.879068 -0.386548
v 29.166117 9.701050 454.195557 0.752941 0.752941 0.752941
vn 0.034013 -0.854537 0.518276
v 8.308681 6.120464 454.965698 0.752941 0.752941 0.752941
vn -0.068944 -0.906700 0.416103
v 24.712231 4.553990 454.651520 0.752941 0.752941 0.752941
vn 0.060886 -0.849181 0.524580
v 8.700674 6.043624 454.742584 0.752941 0.752941 0.752941
vn 0.793770 -0.466710 -0.390013
v 33.628147 6.588387 456.157043 0.752941 0.752941 0.752941
vn -0.158941 -0.908704 0.385997
v 22.709429 4.682641 454.400360 0.752941 0.752941 0.752941
vn -0.249119 -0.845190 0.472857
v 27.518995 3.847854 454.371399 0.752941 0.752941 0.752941
vn -0.418997 0.187516 0.888414
v 5.739712 13.446852 454.555756 0.752941 0.752941 0.752941
vn 0.750877 -0.203267 -0.628384
v 32.255966 4.626289 455.674164 0.752941 0.752941 0.752941
vn 0.097005 0.739617 -0.666001
v 9.453258 14.651108 454.544342 0.752941 0.752941 0.752941
vn -0.036239 0.517584 0.854865
v 16.962273 13.052305 456.067627 0.752941 0.752941 0.752941
vn 0.216790 0.555007 -0.803100
v 11.411917 14.506583 454.819031 0.752941 0.752941 0.752941
vn -0.176858 0.620482 -0.764018
v 14.861362 12.918570 454.529144 0.752941 0.752941 0.752941
vn 0.158393 0.902261 -0.401044
v 22.959677 11.224358 454.435822 0.752941 0.752941 0.752941
vn 0.589145 -0.319602 -0.742133
v 33.725765 7.878397 454.551880 0.752941 0.752941 0.752941
vn -0.013734 -0.866008 0.499842
v 10.221289 5.935621 454.583099 0.752941 0.752941 0.752941
vn 0.128082 0.879182 -0.458949
v 20.950747 11.614336 454.747162 0.752941 0.752941 0.752941
vn -0.207584 -0.728003 0.653391
v 11.252499 6.821464 455.979401 0.752941 0.752941 0.752941
vn 0.028168 0.663408 -0.747727
v 15.752297 12.698028 454.610840 0.752941 0.752941 0.752941
vn -0.253417 0.395686 0.882730
v 6.168448 14.352400 454.526367 0.752941 0.752941 0.752941
vn 0.197965 0.556641 -0.806821
v 13.967540 13.092673 454.699829 0.752941 0.752941 0.752941
vn -0.181305 0.815340 0.549863
v 6.503713 14.572795 454.497498 0.752941 0.752941 0.752941
vn 0.337786 0.790993 0.510128
v 17.897221 12.978675 455.805695 0.752941 0.752941 0.752941
vn 0.262820 0.844987 -0.465749
v 31.815247 8.952392 454.473358 0.752941 0.752941 0.752941
vn 0.133417 0.782935 -0.607629
v 17.156576 12.060763 454.433655 0.752941 0.752941 0.752941
vn 0.133267 0.884672 -0.446761
v 19.643021 12.466980 455.590576 0.752941 0.752941 0.752941
vn 0.105843 -0.991157 0.080026
v 31.884434 3.544898 456.013855 0.752941 0.752941 0.752941
vn -0.155108 0.547358 -0.822399
v 14.551826 12.966284 454.732666 0.752941 0.752941 0.752941
vn -0.203855 -0.911748 0.356593
v 31.250746 3.676648 456.324127 0.752941 0.752941 0.752941
vn 0.245022 0.520777 -0.817775
v 16.099054 12.585186 454.573639 0.752941 0.752941 0.752941
vn -0.120905 0.107962 0.986776
v 6.783850 13.940249 454.634338 0.752941 0.752941 0.752941
vn 0.226177 0.450778 -0.863506
v 10.939133 14.299623 454.601471 0.752941 0.752941 0.752941
vn 0.032862 0.950544 0.308848
v 16.918873 13.343817 455.816925 0.752941 0.752941 0.752941
vn 0.242371 0.875575 -0.417882
v 30.940617 9.943275 456.072723 0.752941 0.752941 0.752941
vn 0.004736 -0.811982 0.583663
v 13.313274 5.840258 454.642059 0.752941 0.752941 0.752941
vn -0.824761 0.262146 0.501048
v 5.379401 12.012670 454.745789 0.752941 0.752941 0.752941
vn -0.520115 0.288114 0.804034
v 5.601864 12.421128 454.787415 0.752941 0.752941 0.752941
vn 0.819099 0.091178 -0.566360
v 33.961468 8.185271 454.686859 0.752941 0.752941 0.752941
vn 0.136244 0.922101 -0.362170
v 25.434669 10.730804 454.475281 0.752941 0.752941 0.752941
vn -0.191996 -0.887821 0.418224
v 26.787472 4.399017 455.161041 0.752941 0.752941 0.752941
vn -0.172108 0.531929 0.829114
v 7.068327 14.479379 454.646423 0.752941 0.752941 0.752941
vn -0.183135 -0.878936 0.440378
v 25.628798 4.369202 454.461670 0.752941 0.752941 0.752941
vn 0.156264 0.913548 -0.375516
v 26.078913 10.647199 454.400818 0.752941 0.752941 0.752941
vn -0.718242 -0.613984 0.327341
v 5.635541 7.059988 454.597168 0.752941 0.752941 0.752941
vn -0.948196 -0.293826 -0.120791
v 5.438004 7.362288 454.395050 0.752941 0.752941 0.752941
vn -0.133844 -0.848799 0.511495
v 16.811705 5.541586 454.538177 0.752941 0.752941 0.752941
vn -0.716785 0.251359 0.650414
v 5.467495 12.932625 454.561768 0.752941 0.752941 0.752941
vn 0.593059 -0.587217 -0.550870
v 31.143784 3.735557 454.650696 0.752941 0.752941 0.752941
vn 0.219458 0.478835 -0.850033
v 12.974686 13.380051 454.583801 0.752941 0.752941 0.752941
vn 0.207992 0.785192 -0.583277
v 20.092920 11.847183 454.761780 0.752941 0.752941 0.752941
vn 0.293009 0.609145 -0.736946
v 16.657837 12.437449 454.792725 0.752941 0.752941 0.752941
vn -0.769471 0.186183 0.610943
v 5.419449 11.580710 454.906067 0.752941 0.752941 0.752941
vn -0.314144 0.029050 0.948931
v 13.898637 12.613703 455.744415 0.752941 0.752941 0.752941
vn 0.149622 0.777551 -0.610760
v 17.632502 12.092961 454.642883 0.752941 0.752941 0.752941
vn -0.221977 -0.456872 0.861391
v 9.616547 7.175223 455.988068 0.752941 0.752941 0.752941
vn -0.160499 0.284262 0.945217
v 12.765800 11.539087 455.997894 0.752941 0.752941 0.752941
vn 0.104415 0.747214 -0.656330
v 16.099060 12.898690 454.865479 0.752941 0.752941 0.752941
vn -0.302143 -0.507053 0.807222
v 7.030385 6.227206 454.687714 0.752941 0.752941 0.752941
vn -0.013813 -0.872779 0.487919
v 8.041906 5.921356 454.549683 0.752941 0.752941 0.752941
vn 0.219500 0.486961 -0.845393
v 12.971064 13.807102 454.833679 0.752941 0.752941 0.752941
vn 0.203673 0.507645 -0.837146
v 13.436377 13.202953 454.635895 0.752941 0.752941 0.752941
vn -0.266571 0.163726 0.949807
v 8.699085 8.734800 455.782104 0.752941 0.752941 0.752941
vn -0.133518 -0.849967 0.509636
v 7.678670 6.194134 454.960327 0.752941 0.752941 0.752941
vn 0.223650 0.482359 -0.846942
v 13.734386 13.537388 454.868713 0.752941 0.752941 0.752941
vn 0.729840 -0.506662 -0.458941
v 31.537712 4.373610 454.695801 0.752941 0.752941 0.752941
vn -0.982272 0.063691 -0.176309
v 5.312482 10.318073 454.738190 0.752941 0.752941 0.752941
vn 0.326304 0.705185 -0.629476
v 15.506469 12.745118 454.659088 0.752941 0.752941 0.752941
vn -0.183679 0.530019 -0.827854
v 14.745785 13.244308 454.812378 0.752941 0.752941 0.752941
vn 0.128462 0.761662 -0.635113
v 16.873549 12.386725 454.779602 0.752941 0.752941 0.752941
vn -0.049422 -0.832034 0.552518
v 13.422658 6.006076 454.871643 0.752941 0.752941 0.752941
vn 0.096488 0.881746 -0.461751
v 22.079782 11.638923 455.207153 0.752941 0.752941 0.752941
vn 0.157285 0.697612 -0.698998
v 10.857117 14.639729 454.770172 0.752941 0.752941 0.752941
vn 0.219567 0.879377 -0.422477
v 24.146730 11.099343 454.894440 0.752941 0.752941 0.752941
vn 0.287356 0.812688 -0.506917
v 28.468239 10.143168 454.509827 0.752941 0.752941 0.752941
vn 0.177718 0.928387 -0.326366
v 31.959785 9.687143 456.102356 0.752941 0.752941 0.752941
vn -0.100778 0.107985 0.989031
v 7.580384 13.454243 454.732666 0.752941 0.752941 0.752941
vn 0.241203 0.826705 -0.508311
v 32.473255 8.977262 454.873871 0.752941 0.752941 0.752941
vn -0.052286 0.498110 -0.865536
v 14.485982 13.169435 454.856964 0.752941 0.752941 0.752941
vn 0.273100 0.676297 -0.684133
v 15.057113 13.106642 454.720581 0.752941 0.752941 0.752941
vn -0.259427 -0.461809 0.848192
v 6.533293 6.473739 454.689056 0.752941 0.752941 0.752941
vn -0.232946 0.242768 0.941700
v 5.760655 12.949016 454.672577 0.752941 0.752941 0.752941
vn -0.906341 0.061982 -0.417976
v 5.230426 9.211983 454.792084 0.752941 0.752941 0.752941
vn 0.074776 0.782509 -0.618134
v 15.856288 13.023277 455.043732 0.752941 0.752941 0.752941
vn -0.059635 -0.856449 0.512775
v 13.764199 5.897582 454.706116 0.752941 0.752941 0.752941
vn 0.026923 -0.865867 0.499549
v 15.267927 5.768586 454.678741 0.752941 0.752941 0.752941
vn -0.158326 -0.897966 0.410597
v 23.563282 4.836956 454.936005 0.752941 0.752941 0.752941
vn -0.120102 0.857578 0.500135
v 9.028557 14.716483 454.800629 0.752941 0.752941 0.752941
vn -0.030627 -0.817824 0.574654
v 12.747760 6.631292 455.875427 0.752941 0.752941 0.752941
vn 0.226401 0.919870 -0.320282
v 27.077829 10.627740 454.962280 0.752941 0.752941 0.752941
vn -0.150389 -0.903854 0.400538
v 21.386053 5.178981 454.873657 0.752941 0.752941 0.752941
vn 0.224682 0.796167 -0.561815
v 19.923695 11.782237 454.588623 0.752941 0.752941 0.752941
vn -0.104333 0.933000 0.344421
v 7.641143 14.662031 454.630768 0.752941 0.752941 0.752941
vn -0.112929 0.229238 0.966797
v 8.130879 14.383937 454.804230 0.752941 0.752941 0.752941
vn 0.313888 0.880825 -0.354432
v 30.301985 9.672421 454.837006 0.752941 0.752941 0.752941
vn -0.962588 0.060748 0.264072
v 5.292345 11.049027 454.880859 0.752941 0.752941 0.752941
vn 0.210965 0.909172 -0.359026
v 27.259922 10.787940 455.565125 0.752941 0.752941 0.752941
vn 0.303174 0.639760 -0.706253
v 16.496449 12.903494 454.984833 0.752941 0.752941 0.752941
vn 0.211040 0.910450 -0.355730
v 27.672762 10.860949 455.929443 0.752941 0.752941 0.752941
vn 0.014300 0.480106 -0.877094
v 14.425508 13.388597 454.983154 0.752941 0.752941 0.752941
vn -0.453905 -0.611522 0.648083
v 7.250487 6.262786 454.857849 0.752941 0.752941 0.752941
vn -0.188768 -0.741926 0.643360
v 7.408476 6.040825 454.699615 0.752941 0.752941 0.752941
vn 0.549876 -0.640648 -0.535916
v 33.686520 7.468842 454.930298 0.752941 0.752941 0.752941
vn 0.334316 0.842951 -0.421506
v 28.703735 10.056916 454.556213 0.752941 0.752941 0.752941
vn 0.206094 0.896106 -0.393090
v 24.499531 11.550384 455.827057 0.752941 0.752941 0.752941
vn -0.138336 -0.865472 0.481479
v 17.387661 5.710383 454.984558 0.752941 0.752941 0.752941
vn 0.732760 -0.324732 -0.598006
v 31.602007 4.174965 454.951447 0.752941 0.752941 0.752941
vn -0.408808 -0.546823 0.730658
v 6.015902 6.880480 454.736267 0.752941 0.752941 0.752941
vn -0.452147 -0.185087 0.872528
v 14.348208 13.168914 456.125122 0.752941 0.752941 0.752941
vn 0.264759 0.810088 -0.523125
v 32.509384 8.723471 454.480896 0.752941 0.752941 0.752941
vn -0.072189 0.198869 0.977364
v 6.635936 12.797672 454.806396 0.752941 0.752941 0.752941
vn 0.226091 0.814812 -0.533820
v 20.605570 11.832874 455.041626 0.752941 0.752941 0.752941
vn -0.134162 0.063681 0.988911
v 8.515491 13.764524 454.833740 0.752941 0.752941 0.752941
vn -0.358536 0.070588 0.930843
v 8.555997 8.152061 455.862671 0.752941 0.752941 0.752941
vn 0.059714 0.787980 0.612798
v 16.476948 13.363441 455.701263 0.752941 0.752941 0.752941
vn -0.033991 -0.826342 0.562141
v 12.979301 6.128657 454.975922 0.752941 0.752941 0.752941
vn 0.033048 -0.836155 0.547498
v 9.071335 6.166298 454.880219 0.752941 0.752941 0.752941
vn -0.022216 -0.854389 0.519158
v 9.621499 6.194398 454.883270 0.752941 0.752941 0.752941
vn -0.970413 0.082613 0.226878
v 5.313896 10.467774 455.001953 0.752941 0.752941 0.752941
vn -0.062176 0.266812 0.961741
v 16.057997 12.991394 455.933746 0.752941 0.752941 0.752941
vn 0.212917 0.720118 -0.660376
v 17.133890 12.497599 454.967194 0.752941 0.752941 0.752941
vn 0.797138 -0.426695 -0.427203
v 31.850718 4.681020 454.932770 0.752941 0.752941 0.752941
vn -0.070117 -0.871080 0.486110
v 15.605756 5.628463 454.460083 0.752941 0.752941 0.752941
vn -0.083780 -0.385028 0.919094
v 5.978511 7.281699 454.911133 0.752941 0.752941 0.752941
vn 0.113452 0.921343 -0.371827
v 23.343073 11.411610 455.215851 0.752941 0.752941 0.752941
vn 0.221926 0.575135 -0.787381
v 11.877826 14.424341 454.891754 0.752941 0.752941 0.752941
vn 0.259690 0.881951 -0.393348
v 31.331566 9.217345 454.810516 0.752941 0.752941 0.752941
vn 0.005712 0.188071 0.982139
v 7.132408 11.812654 455.004272 0.752941 0.752941 0.752941
vn -0.156204 -0.579145 0.800120
v 9.585966 6.870289 455.777313 0.752941 0.752941 0.752941
vn 0.013422 -0.810512 0.585569
v 12.555688 6.064054 454.915405 0.752941 0.752941 0.752941
vn -0.055586 0.993966 0.094561
v 10.666119 14.845337 455.074341 0.752941 0.752941 0.752941
vn -0.275618 0.175694 0.945075
v 8.893710 9.227655 455.784973 0.752941 0.752941 0.752941
vn 0.158405 0.896770 -0.413173
v 23.453396 11.266936 454.816528 0.752941 0.752941 0.752941
vn -0.114443 0.151215 0.981854
v 7.924839 12.919369 454.887329 0.752941 0.752941 0.752941
vn -0.157340 0.071112 0.984981
v 9.443044 13.576162 454.969147 0.752941 0.752941 0.752941
vn -0.050518 0.997571 -0.047961
v 10.202634 14.750555 454.860626 0.752941 0.752941 0.752941
vn -0.067553 -0.979583 0.189349
v 29.804314 3.470051 454.937744 0.752941 0.752941 0.752941
vn -0.994134 0.097097 0.047644
v 5.162186 9.384328 455.077850 0.752941 0.752941 0.752941
vn 0.035038 0.846540 -0.531171
v 18.712376 11.746936 454.237701 0.752941 0.752941 0.752941
vn -0.192969 -0.906710 0.375020
v 22.103001 4.995593 454.720306 0.752941 0.752941 0.752941
vn -0.997473 -0.067694 -0.021579
v 5.090079 8.488326 454.948853 0.752941 0.752941 0.752941
vn -0.161319 -0.853953 0.494713
v 28.624447 3.651242 454.623047 0.752941 0.752941 0.752941
vn -0.575707 -0.573631 0.582674
v 5.631535 7.274430 454.855133 0.752941 0.752941 0.752941
vn -0.083908 -0.861653 0.500514
v 14.510676 5.896041 454.942657 0.752941 0.752941 0.752941
vn 0.231787 0.923342 -0.306127
v 28.093952 10.432127 455.181885 0.752941 0.752941 0.752941
vn 0.320445 0.879949 -0.350721
v 28.849781 10.372052 455.559814 0.752941 0.752941 0.752941
vn 0.206207 0.869536 -0.448760
v 32.129139 9.123715 454.928833 0.752941 0.752941 0.752941
vn 0.153587 0.552193 -0.819448
v 14.243340 13.683797 455.113159 0.752941 0.752941 0.752941
vn -0.086667 -0.850502 0.518782
v 14.327044 6.459245 455.869934 0.752941 0.752941 0.752941
vn 0.030158 -0.842878 0.537259
v 12.376336 6.574364 455.710663 0.752941 0.752941 0.752941
vn -0.884047 -0.416980 0.211157
v 5.300263 7.814723 454.996155 0.752941 0.752941 0.752941
vn 0.088151 -0.817350 0.569357
v 8.726069 6.234697 455.013214 0.752941 0.752941 0.752941
vn -0.168027 -0.860032 0.481780
v 13.983406 5.964401 454.917053 0.752941 0.752941 0.752941
vn -0.045616 -0.881051 0.470817
v 11.686567 6.318741 455.267365 0.752941 0.752941 0.752941
vn 0.035298 -0.866143 0.498548
v 12.251541 6.226377 455.182831 0.752941 0.752941 0.752941
vn -0.351652 0.241462 0.904454
v 5.553228 11.629725 454.995178 0.752941 0.752941 0.752941
vn -0.180757 -0.844908 0.503445
v 17.880362 5.659585 455.056610 0.752941 0.752941 0.752941
vn 0.761120 -0.251199 -0.597993
v 32.685059 6.269195 454.723541 0.752941 0.752941 0.752941
vn 0.664887 -0.254313 -0.702317
v 32.754791 6.855617 454.680054 0.752941 0.752941 0.752941
vn -0.192672 0.365497 0.910653
v 14.021596 12.172978 455.886353 0.752941 0.752941 0.752941
vn 0.146243 0.576741 -0.803731
v 12.642277 14.399879 455.085632 0.752941 0.752941 0.752941
vn 0.212460 0.665628 -0.715402
v 17.915037 12.530479 455.237366 0.752941 0.752941 0.752941
vn -0.191845 0.437556 0.878487
v 9.537925 14.573483 454.998199 0.752941 0.752941 0.752941
vn -0.736047 0.088342 0.671141
v 5.244668 9.514396 455.302460 0.752941 0.752941 0.752941
vn -0.865706 0.170375 0.470665
v 5.239634 9.767201 455.233063 0.752941 0.752941 0.752941
vn 0.169750 -0.985229 -0.022566
v 30.818834 3.485131 454.964233 0.752941 0.752941 0.752941
vn 0.246713 0.790417 -0.560690
v 33.045959 8.820199 454.827576 0.752941 0.752941 0.752941
vn 0.200734 0.919577 -0.337763
v 26.466116 11.032552 455.527435 0.752941 0.752941 0.752941
vn 0.630912 0.771832 -0.078895
v 33.680847 9.083472 455.608612 0.752941 0.752941 0.752941
vn -0.153755 -0.889144 0.431024
v 23.941433 5.547626 456.416473 0.752941 0.752941 0.752941
vn 0.518732 -0.720429 -0.460324
v 31.526957 3.714673 455.094269 0.752941 0.752941 0.752941
vn 0.773050 -0.447688 -0.449410
v 32.525509 5.760478 454.846222 0.752941 0.752941 0.752941
vn 0.143329 0.800020 -0.582602
v 18.070885 12.198874 454.861481 0.752941 0.752941 0.752941
vn 0.182653 0.962828 -0.198998
v 11.341208 14.704265 455.032013 0.752941 0.752941 0.752941
vn -0.180409 -0.897849 0.401646
v 21.556568 5.464280 455.575317 0.752941 0.752941 0.752941
vn -0.150372 -0.840232 0.520959
v 13.942113 6.126660 455.117920 0.752941 0.752941 0.752941
vn 0.243126 0.785117 -0.569632
v 32.610077 9.218554 455.302490 0.752941 0.752941 0.752941
vn 0.176387 0.820041 -0.544445
v 32.330547 9.257630 455.281921 0.752941 0.752941 0.752941
vn -0.087836 -0.890122 0.447178
v 19.540546 5.864166 455.947845 0.752941 0.752941 0.752941
vn 0.007854 -0.834825 0.550460
v 8.890517 6.519388 455.448303 0.752941 0.752941 0.752941
vn 0.695711 -0.263292 -0.668329
v 32.130920 3.959612 455.543732 0.752941 0.752941 0.752941
vn -0.042602 -0.463135 0.885263
v 10.389018 6.992994 456.024597 0.752941 0.752941 0.752941
vn 0.103101 0.589662 -0.801043
v 14.811100 13.504601 454.974518 0.752941 0.752941 0.752941
vn -0.130533 0.120825 0.984054
v 9.279521 12.760400 455.082825 0.752941 0.752941 0.752941
vn -0.233208 0.438065 0.868166
v 10.091811 14.588793 455.087585 0.752941 0.752941 0.752941
vn 0.430230 0.727628 -0.534284
v 15.161731 13.600620 455.296448 0.752941 0.752941 0.752941
vn 0.762125 -0.470435 -0.444810
v 32.239353 5.032813 455.366425 0.752941 0.752941 0.752941
vn -0.019939 -0.865683 0.500196
v 15.278089 5.904276 454.909271 0.752941 0.752941 0.752941
vn 0.667843 -0.469688 -0.577390
v 33.285488 6.963014 455.175476 0.752941 0.752941 0.752941
vn 0.111183 0.800035 -0.589561
v 16.292355 13.058034 455.100922 0.752941 0.752941 0.752941
vn -0.162261 0.028506 0.986336
v 10.535550 13.884400 455.131012 0.752941 0.752941 0.752941
vn 0.179110 0.762523 -0.621674
v 17.654953 12.471928 455.051575 0.752941 0.752941 0.752941
vn 0.332442 0.554214 -0.763105
v 16.835844 12.898611 455.163330 0.752941 0.752941 0.752941
vn -0.396794 -0.343126 0.851363
v 7.042156 6.658262 454.908875 0.752941 0.752941 0.752941
vn -0.614149 0.185390 0.767106
v 5.422966 10.826120 455.152130 0.752941 0.752941 0.752941
vn -0.056708 0.157491 0.985891
v 7.593231 10.815208 455.180481 0.752941 0.752941 0.752941
vn -0.376559 -0.510926 0.772760
v 5.500855 7.653838 455.123962 0.752941 0.752941 0.752941
vn -0.017595 0.185180 0.982547
v 6.209069 11.099800 455.155060 0.752941 0.752941 0.752941
vn -0.087759 0.275009 0.957428
v 11.954239 12.290430 455.637329 0.752941 0.752941 0.752941
vn -0.092975 0.169809 0.981081
v 8.022100 11.773297 455.012787 0.752941 0.752941 0.752941
vn -0.054801 0.584667 0.809420
v 10.760673 14.775126 455.197113 0.752941 0.752941 0.752941
vn -0.148073 -0.887382 0.436609
v 24.248098 4.666013 454.933838 0.752941 0.752941 0.752941
vn 0.090986 0.992261 0.084503
v 12.217107 14.722377 455.259277 0.752941 0.752941 0.752941
vn 0.310477 0.745866 -0.589311
v 20.267019 11.969910 455.042908 0.752941 0.752941 0.752941
vn -0.197688 -0.904273 0.378431
v 26.061079 4.589313 455.227325 0.752941 0.752941 0.752941
vn 0.291682 0.893154 -0.342340
v 29.173101 9.987405 454.935394 0.752941 0.752941 0.752941
vn -0.249927 -0.839687 0.482144
v 28.155340 3.610342 454.499115 0.752941 0.752941 0.752941
vn 0.024969 -0.778223 0.627492
v 11.008432 6.561204 455.748749 0.752941 0.752941 0.752941
vn -0.181404 -0.858152 0.480279
v 24.142159 4.974323 455.373199 0.752941 0.752941 0.752941
vn -0.107197 -0.878028 0.466450
v 24.564297 4.884270 455.483704 0.752941 0.752941 0.752941
vn 0.049020 0.792546 -0.607839
v 18.347414 12.293075 455.088623 0.752941 0.752941 0.752941
vn 0.227642 0.521928 -0.822052
v 13.444826 14.157193 455.194153 0.752941 0.752941 0.752941
vn -0.859232 0.014271 0.511388
v 5.163151 9.002933 455.195862 0.752941 0.752941 0.752941
vn -0.108912 -0.884956 0.452760
v 16.231844 5.988824 455.288757 0.752941 0.752941 0.752941
vn -0.118595 -0.887358 0.445568
v 18.333059 5.524641 455.029327 0.752941 0.752941 0.752941
vn 0.283158 0.592412 -0.754235
v 17.177994 12.715992 455.244995 0.752941 0.752941 0.752941
vn 0.295226 0.879847 -0.372438
v 29.415150 10.197190 455.628662 0.752941 0.752941 0.752941
vn 0.844190 -0.404946 -0.351230
v 33.964020 7.745688 454.941681 0.752941 0.752941 0.752941
vn 0.205326 0.903834 -0.375399
v 27.633551 10.774047 455.670624 0.752941 0.752941 0.752941
vn 0.160527 0.897696 -0.410332
v 22.753777 11.499850 455.072662 0.752941 0.752941 0.752941
vn -0.383657 -0.088979 0.919179
v 7.169292 7.273078 455.064240 0.752941 0.752941 0.752941
vn -0.709302 -0.260265 0.655098
v 5.219137 8.212998 455.231140 0.752941 0.752941 0.752941
vn 0.229005 0.905581 -0.357042
v 25.125162 11.387629 455.962982 0.752941 0.752941 0.752941
vn 0.175541 0.868288 -0.463963
v 21.224857 11.661648 454.970520 0.752941 0.752941 0.752941
vn 0.028686 0.102352 0.994335
v 6.033454 10.157716 455.304260 0.752941 0.752941 0.752941
vn -0.065606 -0.291859 0.954209
v 6.520052 7.733036 455.050751 0.752941 0.752941 0.752941
vn -0.268321 0.200326 0.942270
v 12.094703 11.685255 455.843811 0.752941 0.752941 0.752941
vn -0.072902 -0.856676 0.510678
v 13.592241 6.242905 455.266754 0.752941 0.752941 0.752941
vn 0.280567 0.518851 -0.807512
v 14.161124 14.057078 455.297363 0.752941 0.752941 0.752941
vn -0.172181 0.115876 0.978226
v 10.254492 12.728068 455.222290 0.752941 0.752941 0.752941
vn -0.106963 -0.724119 0.681330
v 13.257832 6.707930 456.033722 0.752941 0.752941 0.752941
vn -0.139288 0.020029 0.990049
v 11.709536 13.873239 455.298431 0.752941 0.752941 0.752941
vn 0.048630 -0.824137 0.564299
v 12.485142 6.197595 455.085327 0.752941 0.752941 0.752941
vn 0.097158 0.690110 -0.717153
v 13.675408 14.346480 455.339722 0.752941 0.752941 0.752941
vn 0.309196 0.871522 -0.380589
v 30.899136 9.635429 455.375122 0.752941 0.752941 0.752941
vn -0.081321 -0.129852 0.988193
v 6.488472 8.541390 455.289459 0.752941 0.752941 0.752941
vn -0.129236 0.146744 0.980696
v 9.202679 11.857945 455.156067 0.752941 0.752941 0.752941
vn 0.023096 -0.738540 0.673814
v 8.260992 6.380329 455.284882 0.752941 0.752941 0.752941
vn 0.247999 0.914077 -0.320874
v 28.228271 10.284874 454.751465 0.752941 0.752941 0.752941
vn -0.178203 0.191721 0.965136
v 8.210380 10.659124 455.304901 0.752941 0.752941 0.752941
vn 0.126074 0.493281 -0.860685
v 16.990076 13.135444 455.332611 0.752941 0.752941 0.752941
vn 0.314147 0.775788 -0.547233
v 33.426208 8.780472 454.971100 0.752941 0.752941 0.752941
vn 0.156599 0.856401 -0.491990
v 13.098902 14.679759 455.252563 0.752941 0.752941 0.752941
vn 0.143266 0.914991 -0.377181
v 25.398598 11.044114 455.171478 0.752941 0.752941 0.752941
vn -0.274074 -0.880478 0.386837
v 27.489279 4.377607 455.418365 0.752941 0.752941 0.752941
vn -0.107232 0.827015 0.551858
v 12.800674 14.599515 455.356018 0.752941 0.752941 0.752941
vn -0.337378 -0.095399 0.936523
v 5.332285 8.610766 455.384552 0.752941 0.752941 0.752941
vn -0.036695 -0.791725 0.609774
v 9.354517 6.508702 455.518707 0.752941 0.752941 0.752941
vn 0.152607 0.880791 -0.448238
v 31.703009 9.332503 455.227478 0.752941 0.752941 0.752941
vn -0.001127 -0.289341 0.957225
v 5.651016 7.938949 455.258148 0.752941 0.752941 0.752941
vn -0.104813 0.453714 0.884962
v 11.392847 14.546267 455.331970 0.752941 0.752941 0.752941
vn 0.051243 -0.037676 0.997975
v 5.969080 9.085999 455.381561 0.752941 0.752941 0.752941
vn -0.321112 -0.074881 0.944076
v 13.006462 13.917053 455.586517 0.752941 0.752941 0.752941
vn -0.416916 0.181372 0.890666
v 5.451482 10.273140 455.296875 0.752941 0.752941 0.752941
vn -0.126779 0.256459 0.958205
v 8.980779 10.890036 455.361572 0.752941 0.752941 0.752941
vn -0.108765 -0.869367 0.482049
v 16.510895 6.256349 455.891327 0.752941 0.752941 0.752941
vn -0.104106 0.149509 0.983264
v 11.961948 13.200327 455.455231 0.752941 0.752941 0.752941
vn -0.029052 0.011579 0.999511
v 6.892389 9.044953 455.347839 0.752941 0.752941 0.752941
vn -0.216975 0.112222 0.969705
v 5.458327 9.717335 455.370361 0.752941 0.752941 0.752941
vn -0.160370 0.165659 0.973056
v 11.118046 13.452568 455.281860 0.752941 0.752941 0.752941
vn 0.072895 0.704492 -0.705959
v 16.108337 13.269651 455.399933 0.752941 0.752941 0.752941
vn 0.053499 -0.853825 0.517805
v 14.710466 6.067712 455.221375 0.752941 0.752941 0.752941
vn 0.168046 0.888498 -0.427003
v 23.760798 11.357259 455.078094 0.752941 0.752941 0.752941
vn 0.178633 0.881613 -0.436862
v 24.360811 11.348341 455.412262 0.752941 0.752941 0.752941
vn 0.160936 0.462472 -0.871905
v 17.484346 12.692060 455.295441 0.752941 0.752941 0.752941
vn 0.238002 0.872880 -0.425952
v 31.392984 9.458338 455.351166 0.752941 0.752941 0.752941
vn -0.003752 -0.855796 0.517299
v 14.830943 6.337539 455.633911 0.752941 0.752941 0.752941
vn 0.240899 0.863603 -0.442896
v 22.984556 11.557981 455.425415 0.752941 0.752941 0.752941
vn 0.464289 -0.804358 -0.370736
v 32.120224 3.706111 455.733368 0.752941 0.752941 0.752941
vn -0.164146 -0.879853 0.446000
v 17.703020 5.895425 455.470520 0.752941 0.752941 0.752941
vn 0.116204 0.895761 -0.429080
v 22.251339 12.015230 455.797363 0.752941 0.752941 0.752941
vn -0.058933 -0.674707 0.735730
v 9.725857 6.686264 455.663116 0.752941 0.752941 0.752941
vn -0.196162 -0.873506 0.445542
v 18.272232 5.995314 455.969025 0.752941 0.752941 0.752941
vn -0.197768 0.136875 0.970646
v 7.420378 8.843307 455.414307 0.752941 0.752941 0.752941
vn -0.570084 -0.234183 0.787504
v 7.509275 6.598941 455.343414 0.752941 0.752941 0.752941
vn -0.068036 -0.394439 0.916400
v 8.226963 6.601903 455.449097 0.752941 0.752941 0.752941
vn -0.350754 0.018729 0.936280
v 5.388390 9.019175 455.401794 0.752941 0.752941 0.752941
vn -0.338171 -0.227369 0.913205
v 7.436704 7.683973 455.268860 0.752941 0.752941 0.752941
vn -0.190119 -0.565596 0.802469
v 8.523620 6.561598 455.518005 0.752941 0.752941 0.752941
vn -0.049224 -0.865598 0.498313
v 9.200704 6.396802 455.277924 0.752941 0.752941 0.752941
vn -0.044533 0.342907 0.938313
v 12.086368 14.569344 455.433899 0.752941 0.752941 0.752941
vn 0.021905 0.316176 0.948448
v 12.571193 14.534688 455.415222 0.752941 0.752941 0.752941
vn -0.048999 0.123069 0.991188
v 7.332755 9.769046 455.316315 0.752941 0.752941 0.752941
vn -0.134820 -0.862150 0.488386
v 13.910793 6.352531 455.502563 0.752941 0.752941 0.752941
vn -0.081468 -0.857450 0.508077
v 14.417567 6.181098 455.447510 0.752941 0.752941 0.752941
vn 0.762652 -0.452867 -0.461815
v 33.258217 6.640938 455.433563 0.752941 0.752941 0.752941
vn 0.130174 0.540079 -0.831486
v 17.304197 13.185466 455.360229 0.752941 0.752941 0.752941
vn 0.997897 0.007973 0.064330
v 34.037426 7.941649 455.337402 0.752941 0.752941 0.752941
vn 0.310695 0.675025 -0.669186
v 15.524261 13.201980 455.129028 0.752941 0.752941 0.752941
vn -0.123718 -0.912161 0.390713
v 25.236814 4.989343 455.628723 0.752941 0.752941 0.752941
vn -0.185883 -0.895493 0.404401
v 29.940550 3.536081 455.141327 0.752941 0.752941 0.752941
vn 0.406960 0.751900 -0.518682
v 14.895842 13.854022 455.340485 0.752941 0.752941 0.752941
vn -0.078169 -0.904665 0.418893
v 18.932251 5.623153 455.405273 0.752941 0.752941 0.752941
vn 0.264694 0.827217 -0.495630
v 33.157936 9.236773 455.617767 0.752941 0.752941 0.752941
vn 0.081855 0.789477 -0.608297
v 19.928335 12.221970 455.220398 0.752941 0.752941 0.752941
vn 0.705700 0.599037 -0.378341
v 33.920307 8.608516 455.075562 0.752941 0.752941 0.752941
vn 0.148388 0.679253 -0.718747
v 16.599751 13.115856 455.275574 0.752941 0.752941 0.752941
vn -0.007945 -0.881276 0.472535
v 12.059893 6.323859 455.399933 0.752941 0.752941 0.752941
vn 0.276854 0.796180 -0.538005
v 32.815228 9.218740 455.425629 0.752941 0.752941 0.752941
vn -0.168258 -0.668281 0.724630
v 7.706016 6.366827 455.345032 0.752941 0.752941 0.752941
vn 0.178908 0.913034 -0.366553
v 23.848606 11.559618 455.613342 0.752941 0.752941 0.752941
vn 0.071708 0.855971 -0.512027
v 16.972761 13.309964 455.533325 0.752941 0.752941 0.752941
vn 0.778019 -0.422478 -0.464972
v 32.952309 5.731209 455.653381 0.752941 0.752941 0.752941
vn 0.332849 0.790198 -0.514587
v 20.755171 12.110985 455.506378 0.752941 0.752941 0.752941
vn 0.179926 0.854251 -0.487731
v 21.273291 11.991675 455.501312 0.752941 0.752941 0.752941
vn -0.177969 0.007478 0.984008
v 12.918586 13.199711 455.510284 0.752941 0.752941 0.752941
vn 0.245164 0.902307 -0.354594
v 24.867006 11.317661 455.539886 0.752941 0.752941 0.752941
vn 0.060504 0.832264 -0.551068
v 22.240261 11.808000 455.543945 0.752941 0.752941 0.752941
vn -0.116287 -0.878407 0.463549
v 17.248785 6.282684 456.069305 0.752941 0.752941 0.752941
vn -0.195012 -0.884091 0.424681
v 18.220850 5.736618 455.337311 0.752941 0.752941 0.752941
vn -0.182572 0.144939 0.972451
v 7.900079 10.099835 455.299255 0.752941 0.752941 0.752941
vn -0.137887 -0.948924 0.283778
v 30.723232 3.679557 455.886475 0.752941 0.752941 0.752941
vn 0.111437 0.933735 -0.340177
v 21.613241 12.185811 455.935974 0.752941 0.752941 0.752941
vn -0.167257 -0.882790 0.438984
v 24.633419 5.207983 456.011566 0.752941 0.752941 0.752941
vn -0.135036 0.215946 0.967023
v 10.589478 11.162499 455.453400 0.752941 0.752941 0.752941
vn 0.163409 0.848299 -0.503673
v 22.534674 11.869042 455.629425 0.752941 0.752941 0.752941
vn -0.181156 0.093434 0.979006
v 10.665264 11.881601 455.362946 0.752941 0.752941 0.752941
vn -0.259423 -0.123674 0.957812
v 7.797167 6.668255 455.484344 0.752941 0.752941 0.752941
vn 0.718234 -0.576851 -0.389080
v 33.770313 7.063739 455.623169 0.752941 0.752941 0.752941
vn -0.197116 0.145882 0.969466
v 11.543361 12.529235 455.541901 0.752941 0.752941 0.752941
vn 0.237066 0.872926 -0.426380
v 31.385756 9.603637 455.638458 0.752941 0.752941 0.752941
vn 0.299657 0.915106 0.269788
v 14.095885 14.486854 455.842896 0.752941 0.752941 0.752941
vn -0.249008 0.194812 0.948706
v 8.177932 9.383400 455.482971 0.752941 0.752941 0.752941
vn 0.332517 0.886507 -0.321772
v 18.156260 12.921640 455.598633 0.752941 0.752941 0.752941
vn 0.234650 0.915216 -0.327596
v 17.429720 13.330203 455.547913 0.752941 0.752941 0.752941
vn 0.216935 0.950689 -0.221653
v 15.878042 13.547663 455.609467 0.752941 0.752941 0.752941
vn -0.060984 -0.839008 0.540692
v 9.881267 6.440641 455.390381 0.752941 0.752941 0.752941
vn -0.055031 -0.866654 0.495866
v 13.343123 6.394115 455.502014 0.752941 0.752941 0.752941
vn -0.295198 0.151581 0.943335
v 11.293913 11.380107 455.535889 0.752941 0.752941 0.752941
vn -0.257881 0.191459 0.947017
v 8.049214 8.839087 455.621460 0.752941 0.752941 0.752941
vn 0.085477 -0.994917 -0.053240
v 31.392172 3.634465 455.489075 0.752941 0.752941 0.752941
vn 0.107077 0.899543 -0.423506
v 16.458708 13.422722 455.457275 0.752941 0.752941 0.752941
vn -0.127476 -0.919633 0.371516
v 20.707331 5.654640 455.653107 0.752941 0.752941 0.752941
vn -0.347401 0.290473 0.891593
v 13.309256 14.344462 455.687012 0.752941 0.752941 0.752941
vn -0.132196 -0.897301 0.421159
v 22.691675 5.178092 455.465179 0.752941 0.752941 0.752941
vn 0.921071 0.321674 0.219439
v 33.936340 8.715205 455.662292 0.752941 0.752941 0.752941
vn 0.258109 0.796762 -0.546397
v 20.348799 12.311723 455.441437 0.752941 0.752941 0.752941
vn 0.426367 0.676775 -0.600155
v 17.736599 13.033871 455.447968 0.752941 0.752941 0.752941
vn 0.267796 0.891027 -0.366547
v 30.263731 10.004777 455.796356 0.752941 0.752941 0.752941
vn 0.131352 0.942006 -0.308823
v 18.623611 12.795788 455.681335 0.752941 0.752941 0.752941
vn 0.119417 0.722077 -0.681428
v 18.380020 12.480706 455.298615 0.752941 0.752941 0.752941
vn -0.182419 -0.886912 0.424394
v 28.818020 4.220109 455.715332 0.752941 0.752941 0.752941
vn 0.431596 0.884863 0.175338
v 15.151381 13.679936 455.582825 0.752941 0.752941 0.752941
vn 0.609868 0.790749 -0.052703
v 14.666124 14.107135 455.576416 0.752941 0.752941 0.752941
vn 0.297211 0.825279 -0.480188
v 14.152567 14.429031 455.588837 0.752941 0.752941 0.752941
vn 0.817366 -0.357843 -0.451510
v 33.291576 5.989762 456.035370 0.752941 0.752941 0.752941
vn -0.306560 0.009121 0.951808
v 7.768061 8.447495 455.578094 0.752941 0.752941 0.752941
vn -0.063257 -0.657001 0.751231
v 9.147757 6.667475 455.670013 0.752941 0.752941 0.752941
vn -0.074300 -0.833895 0.546899
v 11.329655 6.590170 455.671265 0.752941 0.752941 0.752941
vn 0.191395 0.829340 -0.524941
v 32.496269 9.439921 455.533691 0.752941 0.752941 0.752941
vn -0.044731 -0.869142 0.492535
v 12.688051 6.481086 455.597168 0.752941 0.752941 0.752941
vn -0.108828 -0.888970 0.444847
v 18.515081 5.786029 455.640289 0.752941 0.752941 0.752941
vn -0.181032 0.082275 0.980030
v 12.707575 13.925035 455.505981 0.752941 0.752941 0.752941
vn -0.251765 0.181897 0.950541
v 11.866751 11.969858 455.719086 0.752941 0.752941 0.752941
vn -0.398434 -0.147903 0.905193
v 13.606695 13.395715 455.708832 0.752941 0.752941 0.752941
vn -0.110636 0.295445 0.948932
v 13.018135 12.366368 455.627472 0.752941 0.752941 0.752941
vn -0.376023 -0.122577 0.918467
v 8.013899 7.272213 455.530914 0.752941 0.752941 0.752941
vn -0.046559 -0.855107 0.516357
v 11.713475 6.515308 455.690247 0.752941 0.752941 0.752941
vn 0.234767 0.905043 -0.354658
v 28.434792 10.477316 455.467407 0.752941 0.752941 0.752941
vn -0.349170 -0.281776 0.893691
v 8.624917 7.202079 455.847504 0.752941 0.752941 0.752941
vn -0.102323 -0.888460 0.447401
v 16.912638 5.935557 455.363098 0.752941 0.752941 0.752941
vn 0.236855 0.904239 -0.355318
v 27.802027 10.595079 455.373322 0.752941 0.752941 0.752941
vn -0.108493 0.310804 0.944262
v 10.081851 10.482903 455.585144 0.752941 0.752941 0.752941
vn -0.035548 -0.846462 0.531261
v 12.894561 6.527902 455.689117 0.752941 0.752941 0.752941
vn -0.006460 0.994514 0.104405
v 13.509180 14.505787 455.582947 0.752941 0.752941 0.752941
vn 0.232053 0.967186 -0.103457
v 21.051573 12.140498 455.784729 0.752941 0.752941 0.752941
vn 0.166846 0.823290 -0.542546
v 21.677002 11.869117 455.491486 0.752941 0.752941 0.752941
vn -0.247355 0.206231 0.946723
v 8.810514 9.843810 455.618195 0.752941 0.752941 0.752941
vn -0.213479 0.306505 0.927621
v 10.993004 10.492657 455.706604 0.752941 0.752941 0.752941
vn -0.134151 -0.688705 0.712523
v 10.077030 6.749045 455.842041 0.752941 0.752941 0.752941
# 2939 vertices, 0 vertices normals


usemtl material_0
vt 0.048987 0.256609
vt 0.054537 0.258494
vt 0.055263 0.264257
f 10/1/10 21/2/21 4/3/4
vt 0.822113 0.690761
vt 0.821348 0.688337
vt 0.823253 0.687064
f 2/4/2 12/5/12 6/6/6
vt 0.824082 0.682339
vt 0.821897 0.685275
f 9/7/9 6/6/6 8/8/8
vt 0.049762 0.264441
vt 0.045477 0.261020
vt 0.048052 0.258359
f 14/9/14 7/10/7 10/11/10
vt 0.261640 0.646140
vt 0.261350 0.651815
vt 0.259818 0.644293
f 6/12/6 12/13/12 8/14/8
f 14/9/14 10/1/10 4/3/4
vt 0.485511 0.647692
vt 0.491518 0.649731
vt 0.482781 0.655251
f 6/15/6 27/16/27 2/17/2
vt 0.483063 0.657494
vt 0.480925 0.658587
f 2/17/2 5/18/5 1/19/1
vt 0.264196 0.654750
vt 0.264443 0.659624
f 12/13/12 1/20/1 13/21/13
vt 0.263236 0.650007
f 2/22/2 1/20/1 12/13/12
vt 0.485314 0.645208
vt 0.492002 0.646297
f 9/23/9 17/24/17 6/15/6
f 6/15/6 17/24/17 27/16/27
vt 0.564072 0.448171
vt 0.571586 0.455728
vt 0.564113 0.456046
f 21/25/21 33/26/33 18/27/18
vt 0.251585 0.644951
vt 0.257163 0.640876
f 8/14/8 30/28/30 9/29/9
vt 0.611300 0.506246
vt 0.608444 0.508315
vt 0.611121 0.503665
f 5/30/5 13/31/13 1/32/1
vt 0.561805 0.446704
vt 0.563366 0.445417
f 21/25/21 10/33/10 3/34/3
vt 0.057835 0.260129
f 21/2/21 18/35/18 4/3/4
vt 0.479901 0.663235
vt 0.482007 0.661720
vt 0.479198 0.665174
f 13/36/13 5/37/5 11/38/11
vt 0.091849 0.288728
vt 0.091733 0.294246
vt 0.085718 0.293723
f 15/39/15 7/40/7 14/41/14
vt 0.602344 0.339416
vt 0.605487 0.334989
vt 0.613694 0.335799
f 5/42/5 2/43/2 27/44/27
vt 0.506095 0.179899
vt 0.504361 0.182075
vt 0.504439 0.179269
f 10/45/10 7/46/7 3/47/3
f 8/14/8 12/13/12 30/28/30
vt 0.822525 0.676094
vt 0.828277 0.678373
f 20/48/20 23/49/23 9/7/9
vt 0.250103 0.640184
f 9/29/9 30/28/30 22/50/22
vt 0.852274 0.420686
vt 0.852962 0.424627
vt 0.849376 0.426812
f 34/51/34 14/52/14 4/53/4
vt 0.491343 0.641675
f 17/24/17 9/23/9 23/54/23
vt 0.608447 0.512934
vt 0.607763 0.511070
vt 0.608934 0.510183
f 19/55/19 24/56/24 11/57/11
f 11/57/11 24/56/24 13/31/13
vt 0.570422 0.448956
f 21/25/21 3/34/3 32/58/32
vt 0.821656 0.678074
f 9/7/9 22/59/22 20/48/20
vt 0.824381 0.672345
f 23/49/23 20/48/20 48/60/48
vt 0.502608 0.183509
vt 0.500462 0.185003
f 3/47/3 7/61/7 16/62/16
vt 0.606634 0.342462
f 5/42/5 27/44/27 42/63/42
vt 0.481229 0.665329
vt 0.481424 0.665901
f 11/38/11 5/64/5 26/65/26
vt 0.567286 0.459849
f 35/66/35 18/27/18 33/26/33
vt 0.479190 0.667197
f 19/67/19 11/38/11 26/65/26
vt 0.085681 0.288750
f 15/39/15 14/41/14 34/68/34
vt 0.563101 0.458000
f 18/27/18 35/66/35 4/69/4
vt 0.603399 0.343885
f 42/63/42 26/70/26 5/42/5
vt 0.480292 0.667859
vt 0.475892 0.673637
f 19/67/19 26/71/26 25/72/25
vt 0.949936 0.251121
vt 0.946318 0.254806
vt 0.940344 0.251609
f 3/73/3 28/74/28 71/75/71
vt 0.499462 0.645309
vt 0.494219 0.647911
f 17/24/17 37/76/37 27/77/27
vt 0.756251 0.563306
vt 0.748891 0.573538
vt 0.749513 0.565852
f 3/78/3 55/79/55 32/80/32
f 17/24/17 23/54/23 37/76/37
vt 0.475901 0.670624
vt 0.476464 0.669641
f 24/81/24 19/82/19 25/72/25
vt 0.257532 0.660649
f 12/13/12 13/21/13 52/83/52
vt 0.264188 0.665213
f 13/21/13 24/84/24 52/83/52
vt 0.497686 0.184193
f 3/47/3 16/62/16 28/85/28
vt 0.095331 0.292778
f 15/39/15 16/86/16 7/40/7
vt 0.584406 0.775333
vt 0.587656 0.769401
vt 0.587913 0.773156
f 26/87/26 38/88/38 25/89/25
vt 0.252743 0.637815
vt 0.250469 0.637454
f 20/90/20 22/50/22 48/91/48
vt 0.614034 0.343849
f 27/44/27 31/92/31 42/63/42
vt 0.831849 0.673020
f 48/60/48 45/93/45 23/49/23
vt 0.818266 0.675237
vt 0.817517 0.672147
f 22/94/22 40/95/40 48/60/48
vt 0.838360 0.419940
f 43/96/43 34/51/34 4/53/4
vt 0.841978 0.425953
f 43/96/43 4/53/4 35/97/35
vt 0.494265 0.637428
vt 0.501739 0.638388
f 45/98/45 62/99/62 23/54/23
f 23/54/23 62/99/62 37/76/37
vt 0.264828 0.671330
vt 0.263772 0.673590
f 24/84/24 44/100/44 29/101/29
vt 0.606275 0.517917
vt 0.604376 0.521944
vt 0.606146 0.514360
f 25/102/25 44/103/44 24/104/24
vt 0.244050 0.642489
f 22/50/22 30/28/30 47/105/47
f 52/83/52 30/28/30 12/13/12
vt 0.576612 0.768498
vt 0.580485 0.775453
f 114/106/114 26/87/26 42/107/42
vt 0.620423 0.337294
vt 0.620197 0.339648
f 27/44/27 37/108/37 77/109/77
vt 0.099407 0.290495
f 16/86/16 15/39/15 36/110/36
vt 0.572024 0.777399
vt 0.571189 0.782547
vt 0.566470 0.781892
f 31/111/31 27/112/27 77/113/77
vt 0.577213 0.460463
f 33/26/33 68/114/68 35/66/35
f 32/58/32 33/26/33 21/25/21
vt 0.758948 0.568829
f 71/115/71 55/79/55 3/78/3
vt 0.090068 0.286598
f 34/68/34 57/116/57 15/39/15
f 38/88/38 26/87/26 114/106/114
vt 0.776709 0.348122
vt 0.776624 0.344212
vt 0.781008 0.346314
f 36/117/36 28/118/28 16/119/16
vt 0.247117 0.638864
vt 0.245208 0.638252
f 40/120/40 47/105/47 39/121/39
vt 0.256722 0.679929
f 24/84/24 29/101/29 64/122/64
f 47/105/47 40/120/40 22/50/22
vt 0.819953 0.668634
f 59/123/59 48/60/48 40/95/40
vt 0.771223 0.347144
f 28/118/28 36/117/36 49/124/49
vt 0.503523 0.642670
f 62/99/62 65/125/65 37/76/37
vt 0.813587 0.670329
vt 0.812516 0.673391
vt 0.810576 0.671299
f 39/126/39 47/127/47 54/128/54
vt 0.498281 0.634398
f 62/99/62 45/98/45 46/129/46
vt 0.817516 0.670435
f 39/130/39 59/123/59 40/95/40
vt 0.593422 0.762828
vt 0.593351 0.765556
vt 0.591832 0.768516
f 73/131/73 44/132/44 25/133/25
vt 0.851443 0.416323
vt 0.853966 0.416005
vt 0.853807 0.417890
f 41/134/41 57/135/57 34/136/34
vt 0.575104 0.464072
f 68/114/68 103/137/103 35/66/35
vt 0.576473 0.451834
f 69/138/69 33/26/33 32/58/32
vt 0.811791 0.667151
f 58/139/58 59/123/59 39/126/39
vt 0.242398 0.639723
vt 0.239211 0.642688
vt 0.239496 0.638346
f 39/140/39 54/141/54 58/142/58
vt 0.600272 0.525792
vt 0.602585 0.521141
vt 0.602178 0.526800
f 50/143/50 29/144/29 51/145/51
vt 0.246087 0.651618
f 30/28/30 90/146/90 47/105/47
vt 0.241982 0.645684
f 53/147/53 47/105/47 90/146/90
f 30/28/30 52/83/52 90/146/90
f 52/83/52 24/84/24 64/122/64
f 51/145/51 29/144/29 44/103/44
vt 0.470899 0.681084
vt 0.473338 0.676272
vt 0.473501 0.680027
f 51/148/51 44/149/44 73/150/73
vt 0.263093 0.679360
f 64/122/64 29/101/29 50/151/50
vt 0.093505 0.287014
f 57/116/57 76/152/76 15/39/15
vt 0.098025 0.287045
f 36/110/36 15/39/15 76/153/76
vt 0.824528 0.668166
f 61/154/61 48/60/48 59/123/59
vt 0.829187 0.667844
f 48/60/48 56/155/56 45/93/45
vt 0.835366 0.670306
f 56/155/56 46/156/46 45/93/45
f 54/141/54 47/105/47 53/147/53
vt 0.646474 0.663060
vt 0.648722 0.663114
vt 0.645297 0.666142
f 76/157/76 57/158/57 93/159/93
vt 0.808319 0.670437
vt 0.805391 0.667540
f 58/139/58 54/160/54 63/161/63
vt 0.821370 0.664407
f 58/139/58 85/162/85 59/123/59
vt 0.573300 0.770691
f 42/107/42 31/111/31 123/163/123
f 34/51/34 43/96/43 41/134/41
vt 0.581601 0.762924
f 73/131/73 25/133/25 127/164/127
vt 0.744372 0.569784
f 55/79/55 69/165/69 32/80/32
vt 0.507880 0.640224
f 80/166/80 65/125/65 62/99/62
vt 0.757806 0.578431
f 71/115/71 155/167/155 55/79/55
vt 0.773908 0.339392
f 71/168/71 28/118/28 49/124/49
vt 0.261251 0.200539
vt 0.258966 0.200071
vt 0.260870 0.198758
f 54/169/54 60/170/60 63/171/63
vt 0.832973 0.424710
f 103/172/103 43/96/43 35/97/35
f 114/106/114 42/107/42 123/163/123
vt 0.413631 0.666477
vt 0.411799 0.669853
vt 0.408220 0.667352
f 61/173/61 59/174/59 85/175/85
vt 0.842380 0.413927
f 43/96/43 283/176/283 41/134/41
vt 0.579143 0.456036
f 33/26/33 246/177/246 68/114/68
vt 0.825891 0.666814
f 61/178/61 56/155/56 48/60/48
vt 0.828090 0.665838
f 61/178/61 88/179/88 56/155/56
vt 0.648812 0.673894
f 93/159/93 57/158/57 150/180/150
vt 0.502694 0.633160
f 46/129/46 66/181/66 62/99/62
vt 0.624499 0.337681
vt 0.627299 0.340940
f 37/108/37 65/182/65 96/183/96
vt 0.401389 0.681897
vt 0.397732 0.680837
vt 0.401948 0.678526
f 60/184/60 101/185/101 63/186/63
vt 0.263943 0.204314
vt 0.261365 0.204297
f 53/187/53 91/188/91 54/169/54
f 25/133/25 38/88/38 127/164/127
vt 0.772782 0.350348
f 92/189/92 49/124/49 36/117/36
vt 0.507459 0.633848
f 62/99/62 66/181/66 78/190/78
vt 0.396723 0.677879
vt 0.403705 0.675088
f 63/186/63 67/191/67 58/192/58
vt 0.508391 0.411971
vt 0.513379 0.411296
vt 0.510886 0.413381
f 56/193/56 84/194/84 46/195/46
vt 0.838433 0.668059
vt 0.835162 0.666653
f 66/196/66 46/156/46 84/197/84
vt 0.775308 0.351579
f 36/117/36 76/198/76 92/189/92
vt 0.565074 0.773755
f 31/111/31 77/113/77 95/199/95
vt 0.510448 0.636685
f 62/99/62 78/190/78 72/200/72
vt 0.559620 0.782931
vt 0.561985 0.784288
f 96/201/96 77/113/77 37/202/37
vt 0.241659 0.648882
f 90/146/90 94/203/94 53/147/53
vt 0.259275 0.201647
f 60/204/60 54/169/54 91/188/91
vt 0.508974 0.408172
f 88/205/88 84/194/84 56/193/56
vt 0.629371 0.339209
f 80/206/80 96/183/96 65/182/65
vt 0.640193 0.672458
f 97/207/97 93/159/93 150/180/150
f 101/185/101 67/191/67 63/186/63
vt 0.639729 0.664484
f 97/207/97 111/208/111 93/159/93
vt 0.844893 0.668312
vt 0.840621 0.669823
vt 0.840143 0.665101
f 78/209/78 66/210/66 75/211/75
vt 0.815611 0.663475
f 81/212/81 85/162/85 58/139/58
vt 0.767248 0.340313
vt 0.771114 0.338654
f 105/213/105 70/214/70 71/168/71
vt 0.410612 0.662852
f 61/173/61 85/175/85 88/215/88
f 80/166/80 62/99/62 72/200/72
vt 0.148649 0.359758
vt 0.145827 0.361645
vt 0.147685 0.354042
f 74/216/74 51/217/51 79/218/79
f 105/213/105 71/168/71 49/124/49
vt 0.148022 0.362607
f 51/217/51 74/216/74 50/219/50
vt 0.260720 0.682513
f 64/122/64 50/151/50 74/220/74
vt 0.767336 0.346839
f 105/213/105 49/124/49 104/221/104
vt 0.653427 0.665028
f 41/222/41 150/180/150 57/158/57
vt 0.402916 0.673785
vt 0.402243 0.670839
f 58/223/58 67/191/67 81/224/81
vt 0.762428 0.572024
f 70/225/70 155/167/155 71/115/71
f 127/164/127 38/88/38 114/106/114
f 33/26/33 69/138/69 246/177/246
vt 0.641974 0.658220
f 76/226/76 93/159/93 111/208/111
vt 0.637947 0.652972
f 111/208/111 92/227/92 76/226/76
f 84/197/84 75/211/75 66/196/66
vt 0.631811 0.337137
vt 0.634663 0.339567
f 80/206/80 72/228/72 87/229/87
f 95/199/95 77/113/77 96/201/96
vt 0.400208 0.579634
vt 0.404443 0.583976
vt 0.400810 0.581558
f 94/230/94 91/231/91 53/232/53
vt 0.511128 0.406091
f 84/194/84 88/205/88 108/233/108
vt 0.390628 0.675400
f 83/234/83 81/224/81 67/191/67
f 95/199/95 123/163/123 31/111/31
vt 0.509951 0.632373
vt 0.513512 0.630973
vt 0.512083 0.634950
f 78/235/78 82/236/82 72/237/72
vt 0.628627 0.655655
f 111/208/111 122/238/122 92/227/92
vt 0.513819 0.634889
f 82/236/82 87/239/87 72/237/72
vt 0.633176 0.651349
f 86/240/86 92/227/92 122/238/122
vt 0.554248 0.785893
vt 0.546217 0.782319
f 96/201/96 80/241/80 152/242/152
vt 0.549744 0.786637
f 87/243/87 152/242/152 80/241/80
vt 0.517236 0.405608
f 108/233/108 106/244/106 84/194/84
vt 0.612212 0.642281
vt 0.614381 0.638758
vt 0.620459 0.644119
f 168/245/168 98/246/98 142/247/142
vt 0.596050 0.761451
vt 0.593468 0.753310
vt 0.595927 0.758293
f 51/248/51 89/249/89 79/250/79
f 89/249/89 73/131/73 127/164/127
f 51/248/51 73/131/73 89/249/89
vt 0.845976 0.658963
f 78/209/78 75/211/75 110/251/110
vt 0.837287 0.660723
f 84/197/84 106/252/106 75/211/75
vt 0.816879 0.658230
f 81/212/81 117/253/117 85/162/85
vt 0.517038 0.632941
f 82/236/82 107/254/107 87/239/87
vt 0.554391 0.778877
f 130/255/130 96/201/96 152/242/152
vt 0.767886 0.351746
f 49/124/49 92/189/92 86/256/86
vt 0.661400 0.665574
f 41/222/41 283/257/283 150/180/150
vt 0.675903 0.425495
vt 0.670727 0.422722
vt 0.683142 0.416631
f 64/258/64 74/259/74 162/260/162
vt 0.395593 0.575852
vt 0.403594 0.566016
f 90/261/90 100/262/100 94/230/94
vt 0.241404 0.671393
f 52/83/52 64/122/64 134/263/134
vt 0.620713 0.634218
f 98/246/98 149/264/149 142/247/142
vt 0.406824 0.588562
vt 0.413564 0.588163
f 60/265/60 91/231/91 119/266/119
vt 0.237919 0.661364
f 90/146/90 52/83/52 100/267/100
vt 0.411638 0.589823
f 119/266/119 101/268/101 60/265/60
f 96/201/96 130/255/130 95/199/95
vt 0.402768 0.665131
vt 0.399558 0.663147
f 117/269/117 112/270/112 85/175/85
vt 0.850191 0.664599
f 110/251/110 82/271/82 78/209/78
vt 0.393442 0.671204
f 81/224/81 83/234/83 113/272/113
vt 0.408871 0.659401
f 112/270/112 108/273/108 88/215/88
f 88/215/88 85/175/85 112/270/112
vt 0.398277 0.666489
f 81/224/81 113/272/113 117/274/117
f 106/252/106 110/251/110 75/211/75
vt 0.853433 0.661987
f 82/271/82 110/251/110 118/275/118
vt 0.517891 0.627996
vt 0.517521 0.629497
f 82/236/82 118/276/118 107/277/107
vt 0.642228 0.339486
vt 0.638812 0.339019
vt 0.642720 0.336607
f 109/278/109 107/279/107 118/280/118
vt 0.671940 0.416069
f 74/259/74 79/281/79 162/260/162
f 100/267/100 52/83/52 134/263/134
vt 0.629568 0.638073
vt 0.631664 0.645162
f 147/282/147 135/283/135 142/247/142
vt 0.640066 0.640375
vt 0.636751 0.646002
f 147/282/147 105/284/105 104/285/104
vt 0.609628 0.632032
vt 0.600078 0.635468
f 153/286/153 98/246/98 186/287/186
f 147/282/147 104/285/104 135/283/135
vt 0.568824 0.768801
f 123/163/123 95/199/95 124/288/124
vt 0.641181 0.342724
f 87/229/87 107/279/107 121/289/121
f 109/278/109 121/289/121 107/279/107
vt 0.513770 0.402476
f 108/233/108 126/290/126 106/244/106
vt 0.591317 0.632484
vt 0.587187 0.629214
vt 0.589617 0.628110
f 99/291/99 136/292/136 102/293/102
vt 0.389714 0.680689
f 83/234/83 67/191/67 119/294/119
f 102/293/102 186/287/186 99/291/99
vt 0.643706 0.342197
f 161/295/161 121/289/121 109/278/109
vt 0.633338 0.665034
f 111/208/111 97/207/97 169/296/169
vt 0.523063 0.630129
vt 0.520446 0.631101
f 115/297/115 109/298/109 118/276/118
vt 0.521203 0.632743
f 109/298/109 115/297/115 161/299/161
vt 0.517679 0.401307
f 106/244/106 126/290/126 133/300/133
vt 0.406086 0.655736
vt 0.401754 0.657606
f 126/301/126 108/273/108 141/302/141
f 101/185/101 119/294/119 67/191/67
vt 0.409867 0.566844
f 119/266/119 94/230/94 120/303/120
f 91/231/91 94/230/94 119/266/119
vt 0.543657 0.786526
f 87/243/87 121/304/121 152/242/152
f 108/273/108 112/270/112 141/302/141
vt 0.810030 0.655658
vt 0.812747 0.656703
vt 0.807407 0.657464
f 132/305/132 117/306/117 113/307/113
vt 0.859105 0.660185
vt 0.856616 0.661994
f 118/275/118 128/308/128 115/309/115
vt 0.397716 0.664840
vt 0.396871 0.665398
f 112/310/112 117/274/117 125/311/125
f 186/287/186 98/246/98 168/245/168
vt 0.675270 0.410668
f 162/260/162 79/281/79 160/312/160
vt 0.385828 0.672909
vt 0.389884 0.673041
f 83/234/83 146/313/146 113/314/113
vt 0.855365 0.658000
f 128/308/128 118/275/118 139/315/139
vt 0.389515 0.671956
f 146/313/146 132/316/132 113/314/113
vt 0.565332 0.768698
f 124/288/124 95/199/95 138/317/138
vt 0.838788 0.656315
f 110/251/110 106/252/106 133/318/133
f 104/221/104 49/124/49 86/256/86
vt 0.818054 0.654998
vt 0.813634 0.652496
f 125/319/125 117/306/117 158/320/158
vt 0.621532 0.651677
f 142/247/142 116/321/116 168/245/168
vt 0.584514 0.751614
f 127/164/127 190/322/190 89/249/89
vt 0.686950 0.421392
f 162/260/162 188/323/188 64/258/64
f 120/303/120 94/230/94 100/262/100
vt 0.396946 0.662307
f 125/324/125 141/302/141 112/270/112
vt 0.571365 0.765988
vt 0.573290 0.770542
f 131/325/131 114/106/114 123/326/123
vt 0.569532 0.766248
vt 0.568220 0.767124
f 131/327/131 123/326/123 124/328/124
f 111/208/111 169/296/169 122/238/122
f 132/305/132 158/320/158 117/306/117
vt 0.889778 0.342458
vt 0.890290 0.341846
vt 0.890889 0.342198
f 161/329/161 115/330/115 140/331/140
vt 0.527027 0.629410
vt 0.524861 0.626726
f 140/332/140 115/297/115 128/333/128
f 110/251/110 139/315/139 118/275/118
vt 0.401683 0.654755
f 126/301/126 141/302/141 143/334/143
vt 0.406348 0.653930
f 133/335/133 126/301/126 143/334/143
vt 0.559636 0.767339
f 138/317/138 95/199/95 185/336/185
vt 0.590536 0.750892
f 190/322/190 148/337/148 89/249/89
vt 0.891410 0.339728
vt 0.893354 0.339279
f 140/331/140 128/338/128 145/339/145
vt 0.893432 0.342463
f 140/331/140 145/339/145 144/340/144
vt 0.624789 0.659424
f 116/321/116 122/238/122 170/341/170
vt 0.525483 0.624571
vt 0.526967 0.624801
f 128/333/128 139/342/139 145/343/145
f 135/283/135 86/240/86 122/238/122
vt 0.569497 0.762529
f 127/164/127 114/106/114 173/344/173
vt 0.383881 0.667052
vt 0.391309 0.668640
f 167/345/167 132/346/132 146/313/146
vt 0.247715 0.677676
f 134/263/134 64/122/64 188/347/188
vt 0.378722 0.673844
f 83/234/83 119/294/119 197/348/197
vt 0.145074 0.351865
vt 0.146901 0.347449
f 79/218/79 89/349/89 160/350/160
f 146/313/146 83/234/83 197/348/197
vt 0.839860 0.654223
f 133/318/133 151/351/151 110/251/110
f 122/238/122 116/321/116 142/247/142
vt 0.810487 0.653356
vt 0.809660 0.654771
vt 0.808567 0.653274
f 158/352/158 132/353/132 167/354/167
vt 0.548361 0.773310
f 130/255/130 152/242/152 137/355/137
vt 0.820857 0.653154
f 125/319/125 158/320/158 159/356/159
vt 0.895517 0.346916
vt 0.891023 0.343937
f 140/331/140 191/357/191 161/358/161
vt 0.403515 0.652315
f 143/334/143 129/359/129 133/335/133
f 144/340/144 191/357/191 140/331/140
vt 0.517330 0.398628
vt 0.521230 0.399758
f 129/360/129 151/361/151 133/300/133
f 142/247/142 135/283/135 122/238/122
vt 0.565436 0.767753
vt 0.566019 0.764541
f 124/328/124 138/362/138 163/363/163
vt 0.827013 0.654336
f 159/356/159 141/364/141 125/319/125
vt 0.850809 0.653083
f 139/315/139 110/251/110 156/365/156
vt 0.569516 0.764673
f 114/106/114 131/366/131 173/344/173
vt 0.520547 0.397627
f 129/360/129 172/367/172 151/361/151
vt 0.396952 0.649968
f 129/359/129 143/334/143 192/368/192
f 135/283/135 104/285/104 86/240/86
vt 0.531356 0.624150
vt 0.529563 0.627616
f 145/343/145 157/369/157 144/370/144
f 185/336/185 95/199/95 130/255/130
f 185/336/185 130/255/130 137/355/137
vt 0.860901 0.655223
vt 0.862342 0.657328
f 139/315/139 154/371/154 145/372/145
vt 0.421187 0.576064
vt 0.423108 0.585462
f 228/373/228 175/374/175 119/266/119
vt 0.430001 0.590311
f 197/375/197 119/266/119 175/374/175
vt 0.145238 0.347403
f 148/376/148 160/350/160 89/349/89
f 228/373/228 119/266/119 120/303/120
vt 0.897824 0.344387
f 171/377/171 191/357/191 144/340/144
f 170/341/170 122/238/122 169/296/169
vt 0.391731 0.393960
vt 0.391336 0.396771
vt 0.387109 0.395977
f 102/378/102 136/379/136 236/380/236
vt 0.534086 0.626095
f 157/369/157 171/381/171 144/370/144
vt 0.865624 0.656207
f 154/371/154 157/382/157 145/372/145
vt 0.723842 0.047922
vt 0.725765 0.046999
vt 0.726931 0.048604
f 131/383/131 124/384/124 163/385/163
vt 0.827710 0.651495
f 159/356/159 165/386/165 141/364/141
vt 0.587868 0.631422
f 136/292/136 99/291/99 174/387/174
vt 0.831121 0.652631
f 143/388/143 141/364/141 165/386/165
f 156/365/156 110/251/110 151/351/151
vt 0.567579 0.763286
f 173/344/173 131/366/131 163/389/163
vt 0.766044 0.573769
vt 0.766598 0.580686
f 70/225/70 105/390/105 386/391/386
vt 0.602622 0.628839
f 220/392/220 153/286/153 186/287/186
f 153/286/153 149/264/149 98/246/98
f 163/363/163 138/362/138 185/336/185
f 149/264/149 147/282/147 142/247/142
vt 0.856753 0.654536
f 139/315/139 156/365/156 154/393/154
vt 0.402443 0.648752
f 172/394/172 129/359/129 192/368/192
vt 0.536698 0.781242
vt 0.541670 0.786227
vt 0.538433 0.787876
f 204/395/204 121/396/121 161/397/161
vt 0.682073 0.411866
f 162/260/162 160/312/160 166/398/166
vt 0.587022 0.460997
f 246/177/246 245/399/245 68/114/68
vt 0.634520 0.634906
f 105/284/105 147/282/147 254/400/254
vt 0.530293 0.787361
f 191/401/191 204/395/204 161/397/161
vt 0.827152 0.417489
f 103/172/103 284/402/284 43/96/43
vt 0.593363 0.625052
f 102/293/102 193/403/193 186/287/186
vt 0.390629 0.662445
vt 0.387884 0.657761
vt 0.393931 0.660498
f 158/404/158 164/405/164 159/406/159
vt 0.395504 0.655997
f 164/405/164 165/407/165 159/406/159
vt 0.835912 0.840569
vt 0.832580 0.836973
vt 0.843732 0.841195
f 99/408/99 203/409/203 174/410/174
vt 0.845914 0.648683
vt 0.841500 0.652676
f 205/411/205 151/351/151 172/412/172
f 156/365/156 151/351/151 205/411/205
vt 0.897853 0.340558
vt 0.902388 0.343863
f 171/377/171 157/413/157 187/414/187
vt 0.864565 0.653351
f 154/371/154 177/415/177 157/382/157
vt 0.614425 0.654119
f 168/245/168 116/321/116 258/416/258
vt 0.855354 0.652816
f 154/393/154 156/365/156 180/417/180
vt 0.596170 0.638390
f 99/291/99 186/287/186 203/418/203
vt 0.605851 0.647345
f 186/287/186 168/245/168 199/419/199
vt 0.375761 0.666641
f 215/420/215 167/345/167 146/313/146
f 121/396/121 204/395/204 152/242/152
vt 0.900807 0.337974
vt 0.903889 0.340677
f 157/413/157 177/421/177 178/422/178
vt 0.592398 0.747885
f 160/423/160 148/337/148 190/322/190
f 116/321/116 170/341/170 258/416/258
vt 0.570422 0.757460
f 226/424/226 127/164/127 173/344/173
vt 0.382978 0.661464
vt 0.390378 0.664523
f 167/345/167 182/425/182 158/426/158
vt 0.396669 0.653386
vt 0.395832 0.651765
f 165/427/165 181/428/181 143/334/143
f 181/428/181 192/368/192 143/334/143
vt 0.388050 0.662157
f 182/425/182 164/405/164 158/429/158
f 215/420/215 146/313/146 197/348/197
f 157/413/157 178/422/178 187/414/187
vt 0.900937 0.346953
f 191/357/191 171/377/171 198/430/198
f 137/355/137 152/242/152 204/395/204
vt 0.100712 0.146902
vt 0.101015 0.151023
vt 0.096282 0.148192
f 177/431/177 154/432/154 180/433/180
f 198/430/198 171/377/171 187/414/187
vt 0.387205 0.398634
f 236/380/236 136/379/136 179/434/179
vt 0.561264 0.762967
f 163/363/163 185/336/185 209/435/209
vt 0.398486 0.643955
f 172/394/172 192/368/192 189/436/189
vt 0.586874 0.624063
vt 0.588177 0.626124
f 176/437/176 193/403/193 102/438/102
vt 0.389224 0.393734
f 102/378/102 236/380/236 176/439/176
vt 0.629827 0.666402
f 169/296/169 195/440/195 170/341/170
vt 0.903900 0.338138
f 178/422/178 177/421/177 206/441/206
vt 0.599961 0.644243
f 199/419/199 200/442/200 186/287/186
vt 0.244633 0.677835
vt 0.240498 0.678633
f 134/263/134 188/443/188 202/444/202
vt 0.587831 0.746606
f 190/322/190 166/445/166 160/423/160
vt 0.574309 0.751507
f 127/164/127 233/446/233 190/322/190
vt 0.851780 0.649264
f 156/365/156 205/411/205 184/447/184
vt 0.527050 0.783719
f 204/395/204 191/401/191 217/448/217
vt 0.394028 0.653255
vt 0.391941 0.651987
f 181/449/181 165/407/165 211/450/211
vt 0.843902 0.836185
f 203/409/203 373/451/373 174/410/174
vt 0.521606 0.396705
vt 0.525826 0.392497
vt 0.528520 0.395041
f 172/452/172 189/453/189 205/454/205
f 127/164/127 226/424/226 233/446/233
vt 0.565608 0.761975
f 173/455/173 163/363/163 209/435/209
vt 0.855627 0.651334
f 180/456/180 156/365/156 184/447/184
vt 0.861956 0.650328
vt 0.861391 0.651503
vt 0.859847 0.649920
f 206/457/206 177/458/177 180/459/180
vt 0.830448 0.645293
vt 0.833135 0.646735
vt 0.830887 0.648897
f 211/460/211 192/461/192 181/462/181
vt 0.686487 0.412082
f 162/260/162 166/398/166 207/463/207
vt 0.849305 0.841895
vt 0.843554 0.843029
f 179/464/179 136/465/136 174/410/174
f 164/405/164 211/450/211 165/407/165
vt 0.378191 0.663795
f 215/420/215 218/466/218 167/345/167
f 218/466/218 182/425/182 167/345/167
vt 0.234243 0.288420
vt 0.235488 0.284901
vt 0.240040 0.289492
f 226/467/226 173/468/173 196/469/196
vt 0.241709 0.285683
f 196/469/196 173/468/173 209/470/209
vt 0.584804 0.472010
f 285/471/285 103/137/103 68/114/68
vt 0.775883 0.819655
vt 0.775951 0.807671
vt 0.780807 0.823209
f 150/472/150 393/473/393 97/474/97
vt 0.783156 0.818305
f 183/475/183 97/474/97 393/473/393
vt 0.433915 0.586582
f 197/375/197 175/374/175 194/476/194
vt 0.630135 0.634746
f 254/400/254 147/282/147 216/477/216
vt 0.692699 0.420548
f 188/323/188 162/260/162 202/478/202
vt 0.901200 0.349929
f 198/430/198 201/479/201 191/357/191
vt 0.627140 0.634352
f 216/480/216 147/282/147 149/264/149
vt 0.210634 0.053350
vt 0.209439 0.054628
vt 0.206790 0.053731
f 221/481/221 206/482/206 180/483/180
f 193/403/193 220/392/220 186/287/186
vt 0.060008 0.318178
vt 0.057538 0.324383
vt 0.054809 0.320930
f 230/484/230 187/485/187 178/486/178
vt 0.426734 0.413013
vt 0.424845 0.412003
vt 0.429125 0.411230
f 178/487/178 206/488/206 230/489/230
vt 0.010123 0.013628
vt 0.010581 0.013137
vt 0.011503 0.014323
f 198/490/198 187/491/187 208/492/208
vt 0.062548 0.321491
vt 0.063284 0.325681
f 212/493/212 208/494/208 187/485/187
vt 0.526899 0.786469
vt 0.524252 0.786444
f 191/495/191 201/496/201 217/448/217
vt 0.858240 0.648827
vt 0.856094 0.646565
f 180/497/180 184/447/184 213/498/213
vt 0.206335 0.051575
f 221/481/221 180/483/180 213/499/213
f 97/207/97 195/440/195 169/296/169
vt 0.618486 0.659858
f 303/500/303 258/416/258 170/341/170
vt 0.577880 0.746379
f 166/445/166 190/322/190 232/501/232
vt 0.429721 0.577139
f 194/476/194 175/374/175 257/502/257
f 175/374/175 228/373/228 257/502/257
vt 0.848832 0.645033
vt 0.852206 0.643932
f 219/503/219 214/504/214 184/447/184
f 214/504/214 213/498/213 184/447/184
vt 0.378972 0.657489
vt 0.380996 0.659952
f 223/505/223 164/405/164 182/506/182
vt 0.234097 0.675681
f 134/263/134 202/444/202 267/507/267
vt 0.695920 0.416378
f 202/478/202 162/260/162 235/508/235
vt 0.842992 0.645789
f 189/509/189 219/503/219 205/411/205
f 199/419/199 168/245/168 258/416/258
vt 0.522485 0.788707
vt 0.521797 0.788885
vt 0.522987 0.787645
f 198/510/198 208/511/208 201/512/201
f 212/493/212 187/485/187 230/484/230
vt 0.533670 0.110446
vt 0.539470 0.107696
vt 0.536999 0.110884
f 218/513/218 223/514/223 182/515/182
f 205/411/205 219/503/219 184/447/184
vt 0.422873 0.409783
f 230/489/230 206/488/206 221/516/221
vt 0.534784 0.773209
f 204/395/204 217/448/217 244/517/244
f 200/442/200 203/418/203 186/287/186
vt 0.603739 0.647538
f 200/442/200 199/419/199 337/518/337
f 162/260/162 207/463/207 235/508/235
vt 0.793573 0.820845
vt 0.791020 0.822908
f 297/519/297 195/520/195 97/474/97
f 183/475/183 297/519/297 97/474/97
vt 0.391638 0.646253
f 189/436/189 192/368/192 229/521/229
vt 0.554100 0.761128
f 185/336/185 137/355/137 239/522/239
vt 0.369820 0.667080
f 197/348/197 249/523/249 215/420/215
f 137/355/137 204/395/204 244/517/244
vt 0.596910 0.642289
f 200/442/200 262/524/262 203/418/203
vt 0.397873 0.640829
vt 0.395679 0.640664
f 219/525/219 189/436/189 225/526/225
vt 0.383496 0.651277
vt 0.390907 0.650374
f 234/527/234 211/528/211 164/405/164
vt 0.231427 0.665158
f 134/263/134 282/529/282 100/267/100
vt 0.412731 0.558755
f 120/303/120 100/262/100 282/530/282
vt 0.901195 0.255069
vt 0.902706 0.250662
vt 0.904998 0.253956
f 213/531/213 214/532/214 241/533/241
vt 0.799140 0.826254
vt 0.792219 0.824467
vt 0.804922 0.825723
f 170/534/170 195/535/195 303/536/303
vt 0.543045 0.766854
f 266/537/266 137/355/137 244/517/244
vt 0.246363 0.291615
f 196/469/196 209/470/209 222/538/222
vt 0.378209 0.659545
vt 0.375461 0.659476
f 223/539/223 218/466/218 237/540/237
vt 0.518364 0.784965
f 217/448/217 201/496/201 274/541/274
vt 0.561006 0.762952
f 209/542/209 185/336/185 239/522/239
vt 0.382311 0.655235
f 223/505/223 210/543/210 164/405/164
f 210/543/210 234/527/234 164/405/164
vt 0.067906 0.324111
f 247/544/247 208/494/208 212/493/212
vt 0.373892 0.660492
f 237/545/237 218/466/218 215/420/215
vt 0.210592 0.050488
f 221/481/221 213/499/213 231/546/231
vt 0.850259 0.642227
f 214/504/214 219/503/219 227/547/227
vt 0.415055 0.406097
vt 0.423553 0.405833
vt 0.417725 0.408638
f 241/548/241 231/549/231 213/550/213
vt 0.833312 0.642878
f 211/460/211 229/551/229 192/461/192
vt 0.836860 0.564552
vt 0.833104 0.563498
vt 0.837616 0.563794
f 224/552/224 193/553/193 176/554/176
vt 0.905456 0.249236
f 241/533/241 214/532/214 227/555/227
vt 0.518235 0.788566
f 201/512/201 208/556/208 274/541/274
vt 0.565226 0.758181
vt 0.560120 0.754567
f 226/424/226 196/557/196 281/558/281
vt 0.398545 0.636567
vt 0.398225 0.640363
f 227/559/227 219/560/219 225/526/225
vt 0.831999 0.418178
f 283/176/283 43/96/43 255/561/255
vt 0.598774 0.625256
f 220/392/220 193/403/193 322/562/322
vt 0.373819 0.672411
f 249/523/249 197/348/197 194/563/194
vt 0.121302 0.262229
vt 0.111267 0.258611
vt 0.119697 0.258217
f 207/564/207 232/565/232 238/566/238
vt 0.117046 0.263721
f 232/565/232 207/564/207 166/567/166
vt 0.592139 0.471009
f 380/568/380 285/471/285 68/114/68
f 386/391/386 155/167/155 70/225/70
vt 0.660255 0.673369
f 150/180/150 283/257/283 320/569/320
vt 0.391268 0.641921
f 240/570/240 225/526/225 189/436/189
vt 0.430837 0.409793
f 230/571/230 221/516/221 231/549/231
vt 0.699526 0.422065
f 267/572/267 202/478/202 235/508/235
vt 0.820906 0.419672
f 103/172/103 285/573/285 284/402/284
f 284/402/284 255/561/255 43/96/43
vt 0.069647 0.318881
f 212/493/212 250/574/250 247/544/247
vt 0.388940 0.647714
f 234/527/234 229/575/229 211/528/211
f 303/536/303 195/535/195 297/519/297
vt 0.368952 0.660569
f 261/576/261 237/545/237 215/420/215
vt 0.438825 0.579026
f 356/577/356 194/476/194 257/502/257
f 239/522/239 137/355/137 266/537/266
f 229/521/229 240/570/240 189/436/189
vt 0.066807 0.316215
f 212/493/212 230/484/230 295/578/295
vt 0.378554 0.654001
vt 0.380216 0.655139
f 265/579/265 210/580/210 223/505/223
vt 0.392817 0.637747
f 225/526/225 276/581/276 227/559/227
vt 0.852061 0.840067
vt 0.851007 0.841307
f 174/410/174 331/582/331 179/583/179
f 225/526/225 240/570/240 276/581/276
vt 0.568743 0.111142
vt 0.566637 0.108114
vt 0.570128 0.108573
f 236/584/236 264/585/264 176/586/176
vt 0.908365 0.251857
f 241/533/241 227/555/227 243/587/243
f 233/446/233 232/501/232 190/322/190
f 233/446/233 226/424/226 281/558/281
vt 0.692504 0.409285
f 235/508/235 207/463/207 238/588/238
vt 0.682678 0.345514
vt 0.678473 0.346230
vt 0.676961 0.342779
f 234/589/234 210/590/210 265/591/265
f 250/574/250 212/493/212 295/578/295
vt 0.244302 0.293689
f 281/592/281 196/469/196 222/538/222
vt 0.569216 0.107136
f 264/585/264 224/593/224 176/586/176
vt 0.513696 0.789019
f 208/556/208 247/594/247 274/541/274
vt 0.246669 0.287936
vt 0.249909 0.291629
f 222/538/222 209/595/209 239/596/239
vt 0.432250 0.405470
f 231/549/231 242/597/242 230/571/230
f 261/576/261 215/420/215 249/523/249
vt 0.062371 0.314083
f 242/598/242 295/578/295 230/484/230
vt 0.524830 0.775997
f 217/448/217 333/599/333 244/517/244
vt 0.429352 0.564234
f 228/373/228 120/303/120 408/600/408
vt 0.071995 0.319703
f 250/574/250 251/601/251 247/544/247
vt 0.836738 0.833637
vt 0.830930 0.833986
f 346/602/346 203/409/203 262/603/262
vt 0.374978 0.654731
vt 0.375020 0.657876
f 265/604/265 223/505/223 237/605/237
vt 0.381641 0.645660
f 234/527/234 248/606/248 229/575/229
vt 0.389381 0.641982
f 248/606/248 240/607/240 229/575/229
vt 0.814075 0.828822
vt 0.817249 0.825392
vt 0.817504 0.831338
f 258/608/258 344/609/344 199/610/199
vt 0.509983 0.788860
f 274/541/274 247/594/247 260/611/260
vt 0.822906 0.831427
f 337/612/337 199/610/199 344/609/344
vt 0.414444 0.403496
f 243/613/243 231/549/231 241/548/241
vt 0.364429 0.662451
f 249/523/249 278/614/278 261/576/261
vt 0.420198 0.560376
f 282/530/282 289/615/289 120/303/120
f 346/602/346 373/451/373 203/409/203
vt 0.383611 0.398417
vt 0.379892 0.396854
f 179/616/179 273/617/273 236/380/236
vt 0.831671 0.830395
vt 0.824941 0.833358
f 337/612/337 275/618/275 200/619/200
vt 0.072408 0.322843
f 247/544/247 251/601/251 260/620/260
vt 0.908575 0.248684
f 227/555/227 252/621/252 243/587/243
vt 0.372340 0.656530
f 259/622/259 265/604/265 237/605/237
vt 0.394103 0.634191
f 227/559/227 276/581/276 252/623/252
vt 0.116961 0.256034
f 253/624/253 238/566/238 232/565/232
vt 0.560836 0.750439
f 233/446/233 281/558/281 311/625/311
vt 0.826380 0.833575
f 262/603/262 200/626/200 275/618/275
vt 0.422427 0.401446
f 243/613/243 271/627/271 231/549/231
f 245/399/245 380/568/380 68/114/68
vt 0.371263 0.659181
f 237/545/237 261/576/261 259/628/259
vt 0.736437 0.569489
vt 0.729848 0.575208
vt 0.733379 0.571853
f 246/629/246 280/630/280 245/631/245
vt 0.075087 0.317414
f 260/620/260 251/601/251 256/632/256
vt 0.443089 0.409852
vt 0.440001 0.407677
vt 0.443749 0.407267
f 251/633/251 250/634/250 256/635/256
vt 0.415949 0.401988
f 243/613/243 286/636/286 271/627/271
vt 0.697840 0.409180
f 263/637/263 235/508/235 238/588/238
vt 0.277892 0.709878
vt 0.272026 0.704167
vt 0.278401 0.703095
f 386/638/386 105/639/105 254/640/254
vt 0.912232 0.252870
f 243/587/243 252/621/252 286/641/286
vt 0.018760 0.205166
vt 0.012063 0.203560
vt 0.015828 0.200027
f 216/642/216 287/643/287 254/644/254
vt 0.685033 0.339125
f 234/589/234 265/591/265 305/645/305
vt 0.721844 0.453324
vt 0.727988 0.450880
vt 0.734443 0.455101
f 153/646/153 220/647/220 315/648/315
vt 0.437502 0.406349
vt 0.442235 0.404947
f 295/649/295 269/650/269 250/634/250
vt 0.075608 0.320913
f 256/632/256 277/651/277 260/620/260
f 289/615/289 408/600/408 120/303/120
f 257/502/257 228/373/228 408/600/408
f 250/634/250 269/650/269 256/635/256
vt 0.444512 0.587575
f 347/652/347 194/476/194 356/577/356
vt 0.221971 0.667414
f 134/263/134 267/507/267 359/653/359
vt 0.440432 0.590204
f 194/476/194 347/652/347 249/654/249
vt 0.377639 0.647953
f 305/655/305 248/606/248 234/527/234
vt 0.072999 0.314142
vt 0.074628 0.314471
f 269/656/269 288/657/288 256/632/256
vt 0.547608 0.757381
f 239/522/239 266/537/266 279/658/279
vt 0.835617 0.567155
f 395/659/395 193/553/193 224/552/224
vt 0.073009 0.313407
f 288/657/288 269/656/269 294/660/294
vt 0.430180 0.400222
f 301/661/301 231/549/231 271/627/271
vt 0.507787 0.785615
f 260/611/260 302/662/302 274/541/274
vt 0.531089 0.131418
vt 0.533323 0.132845
vt 0.526751 0.133465
f 273/663/273 179/664/179 307/665/307
vt 0.664315 0.341148
vt 0.668645 0.338199
vt 0.670274 0.340823
f 261/666/261 313/667/313 259/668/259
vt 0.363339 0.659169
f 278/614/278 290/669/290 261/576/261
vt 0.367565 0.656499
f 313/670/313 261/576/261 290/669/290
vt 0.378891 0.393056
f 273/617/273 328/671/328 236/380/236
vt 0.695010 0.408156
f 263/637/263 238/588/238 272/672/272
f 242/597/242 231/549/231 301/661/301
vt 0.564442 0.108696
f 236/584/236 328/673/328 264/585/264
vt 0.680068 0.338347
f 293/674/293 305/645/305 265/591/265
f 333/599/333 217/448/217 274/541/274
vt 0.383145 0.399757
vt 0.381788 0.402103
vt 0.375463 0.400689
f 179/675/179 331/676/331 307/677/307
vt 0.852503 0.834710
f 174/410/174 268/678/268 331/582/331
vt 0.418752 0.363797
vt 0.415569 0.366294
vt 0.416062 0.362640
f 270/679/270 277/680/277 256/681/256
vt 0.438619 0.401307
f 269/650/269 295/649/295 309/682/309
vt 0.419545 0.361618
f 256/681/256 288/683/288 270/679/270
vt 0.085089 0.256294
vt 0.082784 0.258987
vt 0.081313 0.255980
f 264/684/264 395/685/395 224/686/224
vt 0.383338 0.640776
f 240/607/240 248/606/248 291/687/291
vt 0.841778 0.638098
vt 0.839823 0.640655
vt 0.841219 0.637657
f 276/688/276 240/689/240 316/690/316
vt 0.296725 0.548148
vt 0.303383 0.546250
vt 0.296671 0.551850
f 321/691/321 232/692/232 329/693/329
vt 0.367064 0.668898
f 278/614/278 249/523/249 347/694/347
vt 0.563262 0.745804
f 232/501/232 233/446/233 329/695/329
vt 0.227326 0.664754
f 282/696/282 134/263/134 359/653/359
vt 0.418898 0.554330
f 359/697/359 289/615/289 282/530/282
f 233/446/233 311/625/311 329/695/329
vt 0.298277 0.541752
f 321/691/321 253/698/253 232/692/232
vt 0.224151 0.675695
f 359/653/359 267/507/267 341/699/341
vt 0.251389 0.294899
f 239/596/239 279/700/279 222/538/222
f 303/536/303 344/609/344 258/608/258
vt 0.555335 0.756965
f 281/558/281 222/701/222 279/658/279
vt 0.385661 0.638538
vt 0.385457 0.633842
f 276/581/276 316/702/316 317/703/317
f 301/661/301 295/649/295 242/597/242
f 252/623/252 276/581/276 317/703/317
f 259/668/259 293/674/293 265/591/265
vt 0.677080 0.337517
f 293/674/293 259/668/259 296/704/296
vt 0.441584 0.402516
f 309/682/309 294/705/294 269/650/269
f 291/687/291 316/702/316 240/607/240
vt 0.528951 0.764176
f 266/537/266 244/517/244 308/706/308
f 373/451/373 268/678/268 174/410/174
vt 0.410711 0.366771
vt 0.416338 0.369454
f 260/707/260 277/680/277 314/708/314
vt 0.915868 0.250550
f 252/621/252 300/709/300 286/641/286
vt 0.735282 0.448322
f 220/647/220 322/710/322 315/648/315
f 296/704/296 259/668/259 313/667/313
vt 0.703561 0.412123
f 263/637/263 310/711/310 235/508/235
vt 0.667406 0.671934
vt 0.673692 0.665590
f 451/712/451 283/257/283 255/713/255
vt 0.419922 0.358781
vt 0.423018 0.360016
f 288/683/288 294/714/294 352/715/352
vt 0.585708 0.981407
vt 0.591600 0.976004
vt 0.590518 0.988653
f 312/716/312 393/717/393 150/718/150
vt 0.391819 0.632444
vt 0.392901 0.629731
f 252/623/252 304/719/304 300/720/300
vt 0.418055 0.368468
f 314/708/314 277/680/277 334/721/334
vt 0.738236 0.580628
f 69/165/69 458/722/458 246/629/246
vt 0.307539 0.444686
vt 0.298153 0.435823
vt 0.306590 0.435493
f 652/723/652 149/724/149 153/725/153
vt 0.308354 0.439764
f 315/726/315 652/723/652 153/725/153
vt 0.435542 0.400062
f 295/649/295 301/661/301 292/727/292
vt 0.420008 0.366290
vt 0.418154 0.366756
f 270/728/270 334/721/334 277/729/277
f 292/727/292 309/682/309 295/649/295
f 458/722/458 280/630/280 246/629/246
vt 0.283626 0.706542
f 287/730/287 386/638/386 254/640/254
vt 0.830435 0.566654
f 395/659/395 322/731/322 193/553/193
vt 0.121996 0.254032
f 253/624/253 272/732/272 238/566/238
vt 0.359170 0.662512
f 350/733/350 278/614/278 347/694/347
vt 0.710149 0.420151
f 267/572/267 235/508/235 341/734/341
f 451/712/451 320/569/320 283/257/283
vt 0.294047 0.545902
f 253/698/253 321/691/321 298/735/298
vt 0.680342 0.337181
f 296/704/296 351/736/351 293/674/293
vt 0.813976 0.819211
f 570/737/570 344/609/344 303/536/303
vt 0.379961 0.641891
vt 0.378132 0.642230
f 291/738/291 248/606/248 324/739/324
vt 0.375869 0.404081
f 331/676/331 432/740/432 307/677/307
f 346/602/346 262/603/262 275/618/275
vt 0.510805 0.778742
f 274/541/274 302/662/302 410/741/410
vt 0.334362 0.263136
vt 0.335732 0.262609
vt 0.337272 0.265731
f 327/742/327 296/743/296 313/744/313
vt 0.801155 0.817473
f 642/745/642 303/536/303 297/519/297
vt 0.421111 0.364924
vt 0.422102 0.362339
f 270/746/270 288/683/288 323/747/323
vt 0.790105 0.807784
f 306/748/306 297/519/297 183/475/183
vt 0.373909 0.646607
vt 0.374311 0.647199
vt 0.369817 0.648256
f 360/749/360 293/750/293 351/751/351
vt 0.687623 0.337206
vt 0.688191 0.338725
f 305/645/305 324/752/324 248/753/248
vt 0.683513 0.335423
f 305/645/305 293/674/293 360/754/360
f 360/754/360 324/752/324 305/645/305
vt 0.549170 0.753124
f 281/558/281 279/658/279 407/755/407
vt 0.698122 0.336791
vt 0.698338 0.338560
vt 0.693326 0.338490
f 299/756/299 316/757/316 291/758/291
vt 0.332372 0.260649
vt 0.334617 0.260857
f 351/759/351 296/760/296 327/742/327
f 274/541/274 410/741/410 333/599/333
vt 0.414865 0.372383
f 302/761/302 260/707/260 314/708/314
vt 0.373933 0.396093
vt 0.378179 0.398222
f 404/762/404 273/617/273 307/763/307
vt 0.423148 0.359979
vt 0.422463 0.361268
f 288/683/288 352/764/352 323/765/323
vt 0.562853 0.106349
f 328/673/328 659/766/659 264/585/264
vt 0.854381 0.348234
vt 0.852541 0.344404
vt 0.859893 0.344223
f 334/767/334 270/768/270 318/769/318
vt 0.438048 0.399472
f 309/682/309 292/727/292 342/770/342
vt 0.855837 0.341998
f 318/769/318 270/768/270 323/771/323
vt 0.856809 0.837468
f 268/678/268 432/772/432 331/582/331
vt 0.450024 0.589762
vt 0.450578 0.587712
f 350/773/350 347/652/347 349/774/349
vt 0.294440 0.542521
vt 0.294635 0.539119
f 298/775/298 272/776/272 253/698/253
vt 0.280826 0.478535
vt 0.283962 0.481449
vt 0.279516 0.480043
f 272/777/272 298/778/298 325/779/325
f 290/669/290 278/614/278 350/733/350
vt 0.538623 0.756264
f 279/658/279 266/537/266 369/780/369
vt 0.390729 0.628351
vt 0.389575 0.630652
f 332/781/332 300/720/300 304/782/304
vt 0.362191 0.652621
vt 0.366521 0.653720
f 364/783/364 313/784/313 290/669/290
vt 0.381564 0.637181
f 317/703/317 316/702/316 299/785/299
vt 0.523442 0.767243
f 333/599/333 348/786/348 244/517/244
vt 0.073339 0.202588
vt 0.070282 0.204883
vt 0.068905 0.204821
f 301/787/301 271/788/271 340/789/340
vt 0.417741 0.397022
vt 0.419459 0.397147
vt 0.417383 0.400388
f 300/790/300 326/791/326 286/792/286
vt 0.421565 0.396879
f 286/792/286 326/793/326 271/627/271
vt 0.492643 0.131872
vt 0.495872 0.131630
vt 0.498245 0.133434
f 294/794/294 309/795/309 342/796/342
vt 0.689817 0.334583
f 319/797/319 324/752/324 360/754/360
f 324/752/324 299/756/299 291/758/291
f 299/756/299 324/752/324 319/797/319
vt 0.426647 0.397241
f 326/793/326 340/798/340 271/627/271
vt 0.494830 0.134567
f 352/799/352 294/794/294 342/796/342
f 266/537/266 308/706/308 369/780/369
vt 0.379683 0.635274
f 299/785/299 339/800/339 317/703/317
vt 0.673514 0.470750
vt 0.680991 0.470492
vt 0.677040 0.473222
f 352/801/352 335/802/335 323/803/323
vt 0.071675 0.200773
vt 0.070514 0.202403
f 330/804/330 301/787/301 340/805/340
vt 0.154584 0.173245
vt 0.149587 0.172900
vt 0.152992 0.171215
f 326/806/326 300/807/300 358/808/358
vt 0.715049 0.194409
vt 0.719455 0.192388
vt 0.717943 0.195643
f 252/809/252 317/810/317 304/811/304
vt 0.595717 0.463929
f 245/399/245 388/812/388 380/568/380
vt 0.074689 0.199929
f 292/813/292 301/787/301 330/804/330
vt 0.860636 0.340870
f 323/771/323 336/814/336 318/769/318
vt 0.148488 0.171851
f 358/808/358 300/807/300 332/815/332
vt 0.290899 0.538784
vt 0.290707 0.541251
f 338/816/338 272/776/272 325/817/325
vt 0.708049 0.416060
f 310/711/310 371/818/371 235/508/235
f 341/734/341 235/508/235 371/818/371
vt 0.579486 0.988934
f 320/819/320 312/716/312 150/718/150
vt 0.357532 0.658176
f 361/820/361 290/669/290 350/733/350
vt 0.748065 0.583160
f 458/722/458 69/165/69 452/821/452
f 55/79/55 452/821/452 69/165/69
vt 0.864952 0.342360
f 366/822/366 318/769/318 336/814/336
vt 0.438356 0.568604
f 356/577/356 257/502/257 384/823/384
vt 0.157009 0.170919
f 358/808/358 365/824/365 326/806/326
vt 0.591100 0.459701
f 280/825/280 388/812/388 245/399/245
vt 0.833029 0.119512
vt 0.837149 0.122342
vt 0.832597 0.121613
f 332/826/332 304/827/304 375/828/375
vt 0.392925 0.624959
vt 0.389622 0.625364
f 358/829/358 332/781/332 343/830/343
vt 0.502597 0.789228
vt 0.498292 0.784338
f 302/662/302 314/831/314 387/832/387
vt 0.185852 0.405396
vt 0.184582 0.407103
vt 0.183799 0.403019
f 327/833/327 364/834/364 351/835/351
vt 0.722343 0.194092
f 317/810/317 362/836/362 304/811/304
vt 0.721044 0.195483
f 375/837/375 304/811/304 362/836/362
f 361/820/361 364/783/364 290/669/290
vt 0.289070 0.487730
vt 0.289070 0.482279
f 354/838/354 298/778/298 321/839/321
vt 0.186635 0.406320
vt 0.186613 0.408157
f 327/840/327 313/841/313 364/834/364
vt 0.281453 0.488861
f 354/838/354 378/842/378 298/778/298
f 642/745/642 570/737/570 303/536/303
vt 0.294419 0.548795
vt 0.294508 0.553229
vt 0.291145 0.551383
f 321/843/321 329/844/329 354/845/354
vt 0.157394 0.172197
f 340/846/340 326/806/326 365/824/365
vt 0.842095 0.828168
f 275/618/275 556/847/556 346/602/346
vt 0.686698 0.472573
vt 0.680448 0.473510
f 336/848/336 323/849/323 335/802/335
vt 0.498975 0.776447
f 447/850/447 410/741/410 302/662/302
vt 0.831445 0.823269
f 337/612/337 841/851/841 275/618/275
vt 0.448608 0.578586
f 347/652/347 356/577/356 394/852/394
vt 0.291153 0.538551
vt 0.292811 0.537265
f 272/776/272 338/853/338 263/854/263
vt 0.218080 0.673874
f 359/653/359 341/699/341 390/855/390
vt 0.704436 0.410231
f 310/711/310 263/637/263 370/856/370
vt 0.702112 0.408981
f 370/856/370 263/637/263 338/857/338
f 281/558/281 407/755/407 311/625/311
vt 0.698669 0.334375
f 299/756/299 319/797/319 339/858/339
vt 0.861732 0.347302
vt 0.860570 0.347577
vt 0.860213 0.344316
f 353/859/353 334/860/334 318/861/318
vt 0.387054 0.628106
f 332/781/332 375/862/375 343/830/343
f 408/600/408 384/823/384 257/502/257
vt 0.381578 0.631572
f 355/863/355 317/703/317 339/800/339
vt 0.723778 0.192301
f 362/836/362 317/810/317 355/864/355
f 346/602/346 556/847/556 373/451/373
vt 0.428565 0.555238
f 289/615/289 359/697/359 382/865/382
f 404/762/404 328/671/328 273/617/273
f 408/600/408 289/615/289 382/865/382
vt 0.675849 0.468073
f 335/802/335 352/801/352 389/866/389
vt 0.425154 0.357213
vt 0.425265 0.355734
vt 0.427837 0.356010
f 352/867/352 342/868/342 367/869/367
vt 0.423040 0.394250
vt 0.427229 0.393697
f 340/798/340 365/870/365 409/871/409
vt 0.430860 0.395894
f 330/872/330 340/798/340 409/871/409
f 308/706/308 244/517/244 348/786/348
vt 0.871584 0.072666
vt 0.872230 0.074567
vt 0.872036 0.075619
f 366/873/366 357/874/357 353/875/353
vt 0.870758 0.074443
f 318/876/318 366/873/366 353/875/353
vt 0.273464 0.482862
vt 0.275642 0.478386
vt 0.276968 0.481575
f 381/877/381 338/878/338 325/879/325
vt 0.293053 0.556999
vt 0.289811 0.556210
f 311/880/311 379/881/379 329/844/329
vt 0.499486 0.130523
vt 0.503981 0.133400
f 342/796/342 292/882/292 392/883/392
vt 0.365893 0.203842
vt 0.368073 0.203605
vt 0.365092 0.208866
f 310/884/310 370/885/370 371/886/371
f 387/832/387 447/850/447 302/662/302
vt 0.057346 0.120531
vt 0.060103 0.122838
vt 0.054940 0.121460
f 330/887/330 409/888/409 392/889/392
vt 0.392393 0.622259
vt 0.390622 0.621570
f 365/890/365 358/829/358 363/891/363
vt 0.348748 0.232923
vt 0.351742 0.235502
vt 0.348242 0.237693
f 367/892/367 389/893/389 352/894/352
vt 0.496795 0.791639
vt 0.492510 0.787585
f 387/832/387 334/895/334 428/896/428
f 314/831/314 334/895/334 387/832/387
f 363/891/363 358/829/358 343/830/343
vt 0.503698 0.130958
f 330/897/330 392/883/392 292/882/292
vt 0.513674 0.769336
f 410/741/410 455/898/455 333/599/333
vt 0.864620 0.338564
f 366/822/366 336/814/336 345/899/345
vt 0.088284 0.257964
f 395/685/395 264/684/264 659/900/659
vt 0.375409 0.393091
f 404/762/404 372/901/372 328/671/328
vt 0.557136 0.745629
vt 0.555285 0.745460
f 379/902/379 311/625/311 383/903/383
vt 0.270183 0.479355
f 381/877/381 370/904/370 338/878/338
vt 0.696031 0.333061
f 319/797/319 368/905/368 339/858/339
vt 0.716300 0.420541
f 371/818/371 390/906/390 341/734/341
f 354/845/354 329/844/329 379/881/379
vt 0.831184 0.413912
vt 0.829254 0.409016
vt 0.835405 0.410453
f 255/907/255 461/908/461 451/909/451
vt 0.278254 0.482322
f 325/910/325 298/778/298 378/842/378
f 325/910/325 378/842/378 381/877/381
vt 0.424402 0.392187
vt 0.422022 0.392417
f 419/911/419 365/870/365 363/912/363
vt 0.376813 0.633987
vt 0.378564 0.632174
f 368/913/368 377/914/377 339/800/339
f 365/870/365 419/911/419 409/871/409
f 377/914/377 355/863/355 339/800/339
vt 0.343270 0.232481
vt 0.345798 0.236238
f 392/915/392 367/892/367 342/916/342
vt 0.833242 0.572987
f 746/917/746 322/731/322 395/659/395
vt 0.867480 0.339433
f 345/899/345 396/918/396 366/822/366
vt 0.691103 0.470015
f 345/919/345 336/848/336 335/802/335
vt 0.489711 0.791516
f 428/896/428 334/895/334 353/920/353
vt 0.867748 0.343121
f 366/822/366 396/918/396 357/921/357
vt 0.726475 0.577562
vt 0.725818 0.580488
f 388/922/388 280/630/280 460/923/460
vt 0.369717 0.206010
f 376/924/376 371/886/371 370/885/370
vt 0.368582 0.209594
f 376/924/376 374/925/374 371/886/371
vt 0.368872 0.644226
vt 0.367488 0.647483
vt 0.362560 0.643005
f 360/926/360 351/927/351 418/928/418
f 348/786/348 333/599/333 455/898/455
vt 0.685848 0.467080
f 389/866/389 406/929/406 335/802/335
vt 0.870012 0.340533
f 385/930/385 357/921/357 396/918/396
vt 0.370277 0.397329
f 404/762/404 307/677/307 421/931/421
f 306/748/306 642/745/642 297/519/297
vt 0.457658 0.587148
f 349/774/349 456/932/456 350/773/350
vt 0.373375 0.636213
f 418/928/418 368/933/368 360/926/360
vt 0.550732 0.747860
f 383/903/383 311/625/311 391/934/391
vt 0.179028 0.395323
vt 0.181029 0.399181
vt 0.172517 0.392953
f 319/935/319 360/936/360 368/937/368
vt 0.355299 0.663135
f 361/820/361 350/733/350 456/938/456
vt 0.711335 0.414752
vt 0.718032 0.415987
f 374/939/374 415/940/415 371/818/371
f 407/755/407 391/934/391 311/625/311
vt 0.841632 0.571085
vt 0.843851 0.568605
vt 0.845179 0.570458
f 659/941/659 328/942/328 372/943/372
vt 0.486476 0.794641
vt 0.484240 0.792346
vt 0.487491 0.793048
f 357/944/357 425/945/425 353/946/353
vt 0.384188 0.625416
vt 0.382731 0.626949
f 401/947/401 375/862/375 400/948/400
vt 0.384980 0.623085
f 375/862/375 401/949/401 343/830/343
f 344/609/344 841/851/841 337/612/337
vt 0.387313 0.622468
f 363/891/363 343/830/343 412/950/412
vt 0.169356 0.387509
vt 0.167103 0.388988
f 377/951/377 368/937/368 422/952/422
vt 0.349569 0.653569
f 364/783/364 361/820/361 445/953/445
f 345/919/345 335/802/335 406/929/406
f 351/927/351 364/783/364 418/928/418
vt 0.313575 0.836533
vt 0.311793 0.840722
vt 0.310978 0.837255
f 385/954/385 425/955/425 357/956/357
vt 0.274856 0.487399
f 378/842/378 413/957/413 381/877/381
vt 0.279516 0.232153
vt 0.282641 0.231054
vt 0.280526 0.234277
f 355/958/355 400/959/400 362/960/362
vt 0.284256 0.233062
f 362/960/362 400/959/400 375/961/375
f 349/774/349 347/652/347 394/852/394
vt 0.366981 0.401426
f 421/931/421 307/677/307 403/962/403
vt 0.680186 0.462943
f 406/929/406 389/866/389 464/963/464
vt 0.268687 0.481591
f 381/877/381 376/964/376 370/904/370
f 401/949/401 412/950/412 343/830/343
vt 0.354250 0.646016
f 445/953/445 463/965/463 364/783/364
f 418/928/418 364/783/364 463/965/463
vt 0.690660 0.467411
f 406/929/406 420/966/420 345/919/345
vt 0.373289 0.392818
f 405/967/405 372/901/372 404/762/404
vt 0.293351 0.491735
vt 0.290204 0.494054
f 354/838/354 379/968/379 398/969/398
vt 0.349537 0.657456
f 417/970/417 445/953/445 361/820/361
vt 0.450563 0.573080
f 384/823/384 478/971/478 356/577/356
f 390/906/390 371/818/371 415/940/415
f 407/755/407 279/658/279 369/780/369
vt 0.710184 0.411657
vt 0.712855 0.411587
f 376/972/376 416/973/416 374/939/374
vt 0.054328 0.123982
f 392/889/392 409/888/409 423/974/423
f 421/931/421 405/967/405 404/762/404
vt 0.278862 0.539716
vt 0.281726 0.537749
vt 0.284043 0.539023
f 397/975/397 376/976/376 381/977/381
vt 0.345070 0.231007
f 367/892/367 392/915/392 423/978/423
f 374/939/374 416/973/416 415/940/415
vt 0.863484 0.045638
vt 0.863864 0.046799
vt 0.861301 0.049128
f 363/979/363 412/980/412 444/981/444
vt 0.859576 0.047387
f 419/982/419 363/979/363 444/981/444
vt 0.294765 0.493996
f 379/968/379 383/983/383 398/969/398
vt 0.695274 0.469361
vt 0.693773 0.467349
f 396/984/396 345/919/345 420/985/420
vt 0.166131 0.385792
f 422/952/422 399/986/399 377/951/377
vt 0.381381 0.629736
vt 0.379273 0.629983
vt 0.379096 0.628368
f 355/987/355 377/988/377 399/989/399
vt 0.318698 0.839505
f 425/955/425 385/954/385 443/990/443
vt 0.280680 0.229615
f 400/959/400 355/958/355 399/991/399
f 394/852/394 356/577/356 478/971/478
vt 0.292167 0.445223
vt 0.293320 0.435854
f 459/992/459 216/993/216 149/724/149
f 652/723/652 459/992/459 149/724/149
f 349/774/349 394/852/394 456/932/456
vt 0.823767 0.410874
f 653/994/653 284/402/284 285/573/285
vt 0.273486 0.485721
f 397/995/397 381/877/381 413/957/413
vt 0.267752 0.482992
vt 0.268632 0.483677
f 416/996/416 376/964/376 397/997/397
vt 0.282515 0.229263
f 399/991/399 411/998/411 400/959/400
vt 0.375660 0.628716
vt 0.368507 0.632426
f 422/999/422 368/933/368 402/1000/402
f 354/838/354 398/969/398 378/842/378
vt 0.742908 0.454459
f 658/1001/658 315/648/315 322/710/322
vt 0.379392 0.624448
f 411/1002/411 399/989/399 422/999/422
vt 0.287676 0.231107
vt 0.284889 0.227739
f 401/1003/401 400/959/400 411/1004/411
f 255/907/255 284/402/284 653/994/653
vt 0.671392 0.463497
vt 0.675239 0.465432
f 367/1005/367 464/963/464 389/1006/389
vt 0.694443 0.465873
f 396/984/396 420/985/420 426/1007/426
vt 0.288459 0.558262
vt 0.288411 0.561018
vt 0.285140 0.562400
f 383/1008/383 391/1009/391 437/1010/437
vt 0.542092 0.748921
f 391/934/391 407/755/407 434/1011/434
f 361/820/361 456/938/456 417/970/417
vt 0.366522 0.637167
f 402/1000/402 368/933/368 424/1012/424
vt 0.294688 0.498740
f 398/969/398 383/983/383 437/1013/437
vt 0.274524 0.489602
f 378/842/378 414/1014/414 413/957/413
f 353/920/353 425/945/425 428/896/428
vt 0.858184 0.834554
f 432/772/432 268/678/268 465/1015/465
vt 0.037711 0.177887
vt 0.034344 0.175543
vt 0.037843 0.174958
f 423/1016/423 409/1017/409 419/1018/419
vt 0.287665 0.229050
f 412/1019/412 401/1003/401 411/1004/411
vt 0.493690 0.781567
f 387/832/387 428/896/428 438/1020/438
f 268/678/268 373/451/373 556/847/556
vt 0.783596 0.803365
f 306/748/306 183/475/183 836/1021/836
vt 0.688838 0.465227
vt 0.689691 0.466679
f 406/929/406 427/1022/427 420/1023/420
vt 0.025580 0.324264
vt 0.028410 0.322603
vt 0.032691 0.325700
f 427/1024/427 448/1025/448 420/1026/420
vt 0.370518 0.404613
vt 0.372155 0.407116
f 429/1027/429 432/740/432 465/1028/465
vt 0.065065 0.076486
vt 0.064131 0.074161
vt 0.065837 0.074164
f 430/1029/430 412/1030/412 411/1031/411
f 432/740/432 429/1027/429 307/677/307
vt 0.721837 0.420265
vt 0.722001 0.417920
f 433/1032/433 390/906/390 435/1033/435
f 418/928/418 424/1012/424 368/933/368
vt 0.548211 0.747216
f 437/1034/437 391/934/391 434/1011/434
vt 0.314170 0.834658
vt 0.318760 0.833337
f 396/1035/396 426/1036/426 385/954/385
f 434/1011/434 407/755/407 369/780/369
vt 0.368797 0.404052
f 429/1037/429 403/962/403 307/677/307
vt 0.446752 0.561053
f 384/823/384 408/600/408 431/1038/431
vt 0.276096 0.493633
f 414/1014/414 378/842/378 453/1039/453
vt 0.032057 0.322374
f 426/1040/426 420/1026/420 448/1025/448
vt 0.848365 0.573374
vt 0.847244 0.571292
f 442/1041/442 372/943/372 405/1042/405
vt 0.370431 0.628175
f 422/999/422 402/1000/402 467/1043/467
vt 0.473643 0.179914
vt 0.476570 0.179730
vt 0.475048 0.184650
f 442/1044/442 405/1045/405 421/1046/421
vt 0.373900 0.624476
f 467/1043/467 446/1047/446 422/999/422
vt 0.285450 0.497979
f 506/1048/506 378/842/378 398/969/398
f 422/999/422 446/1047/446 411/1002/411
vt 0.063116 0.077380
vt 0.062421 0.075241
f 444/1049/444 412/1050/412 430/1029/430
vt 0.598394 0.236384
vt 0.596442 0.233210
vt 0.599941 0.234730
f 430/1051/430 411/1052/411 441/1053/441
vt 0.667093 0.680224
vt 0.654449 0.681155
f 577/1054/577 312/1055/312 320/569/320
vt 0.436121 0.553821
f 408/600/408 382/865/382 494/1056/494
vt 0.716421 0.412371
f 415/940/415 416/973/416 439/1057/439
vt 0.483439 0.783833
f 425/945/425 489/1058/489 428/896/428
vt 0.275956 0.538803
vt 0.279337 0.537060
f 397/975/397 439/1059/439 416/1060/416
vt 0.665777 0.462206
vt 0.665399 0.458680
f 367/1005/367 423/1061/423 469/1062/469
vt 0.599114 0.469034
f 388/812/388 582/1063/582 380/568/380
vt 0.736897 0.580613
f 458/1064/458 460/923/460 280/630/280
f 387/832/387 438/1020/438 447/850/447
f 367/1005/367 469/1062/469 464/963/464
f 393/473/393 836/1021/836 183/475/183
vt 0.340143 0.653921
f 445/953/445 417/970/417 436/1065/436
f 431/1038/431 478/971/478 384/823/384
vt 0.480086 0.790040
f 487/1066/487 489/1058/489 425/945/425
vt 0.687869 0.461950
f 427/1067/427 406/929/406 464/963/464
vt 0.768820 0.587537
f 743/1068/743 155/167/155 386/391/386
vt 0.857921 0.048588
f 444/981/444 423/1069/423 419/982/419
vt 0.346550 0.648112
f 463/965/463 445/953/445 496/1070/496
vt 0.828606 0.573950
f 746/917/746 658/1071/658 322/731/322
f 461/908/461 255/907/255 653/994/653
vt 0.010344 0.207035
f 216/642/216 459/1072/459 287/643/287
f 443/990/443 385/954/385 426/1036/426
vt 0.527341 0.755380
f 369/780/369 308/706/308 466/1073/466
f 390/906/390 415/940/415 435/1033/435
vt 0.213152 0.671129
f 390/855/390 433/1074/433 359/653/359
vt 0.542292 0.746768
f 440/1075/440 437/1034/437 434/1011/434
vt 0.212001 0.667496
vt 0.211038 0.664676
f 433/1076/433 454/1077/454 359/653/359
f 155/167/155 452/821/452 55/79/55
f 451/712/451 577/1054/577 320/569/320
vt 0.213512 0.661545
f 382/1078/382 359/653/359 454/1077/454
vt 0.277414 0.543742
vt 0.280139 0.543058
f 414/1079/414 397/975/397 413/1080/413
vt 0.851849 0.825426
f 556/847/556 725/1081/725 268/678/268
vt 0.505810 0.770418
f 484/1082/484 455/898/455 410/741/410
vt 0.464650 0.578435
f 486/1083/486 456/932/456 394/852/394
vt 0.316682 0.843990
f 487/1084/487 425/955/425 443/990/443
vt 0.493700 0.778668
f 447/850/447 438/1020/438 468/1085/468
vt 0.291664 0.502154
f 437/1013/437 462/1086/462 398/969/398
vt 0.324925 0.835599
f 443/990/443 426/1036/426 474/1087/474
vt 0.488452 0.783115
f 438/1020/438 428/896/428 488/1088/488
vt 0.519318 0.760663
f 483/1089/483 308/706/308 348/786/348
vt 0.471417 0.182794
f 442/1044/442 421/1046/421 485/1090/485
vt 0.295511 0.501969
f 440/1091/440 462/1086/462 437/1013/437
f 410/741/410 447/850/447 484/1082/484
vt 0.088503 0.264137
f 395/685/395 659/900/659 746/1092/746
f 431/1038/431 408/600/408 494/1056/494
f 488/1088/488 428/896/428 489/1058/489
vt 0.979900 0.205117
vt 0.980324 0.204179
vt 0.987012 0.202768
f 444/1093/444 471/1094/471 423/1095/423
vt 0.321668 0.830750
vt 0.324764 0.830336
f 448/1096/448 457/1097/457 426/1036/426
vt 0.365617 0.634023
vt 0.360713 0.629576
f 402/1098/402 424/1012/424 472/1099/472
vt 0.878530 0.256167
vt 0.875710 0.252278
vt 0.880315 0.252852
f 446/1100/446 441/1101/441 411/1102/411
vt 0.218737 0.925563
vt 0.213916 0.920816
vt 0.218264 0.919847
f 429/1103/429 520/1104/520 403/1105/403
vt 0.301801 0.123763
vt 0.307944 0.126912
vt 0.300068 0.126668
f 454/1106/454 433/1107/433 521/1108/521
vt 0.462826 0.590237
vt 0.467767 0.588094
f 417/1109/417 456/932/456 470/1110/470
vt 0.980324 0.201399
vt 0.983466 0.200497
f 471/1111/471 469/1112/469 423/1095/423
vt 0.808976 0.810290
f 975/1113/975 570/737/570 642/745/642
vt 0.230080 0.353951
vt 0.231256 0.354578
vt 0.231703 0.355947
f 439/1114/439 449/1115/449 450/1116/450
vt 0.603437 0.237491
vt 0.598449 0.239878
f 430/1051/430 475/1117/475 444/1118/444
vt 0.272838 0.540193
f 439/1059/439 397/975/397 449/1119/449
f 397/975/397 414/1079/414 449/1119/449
f 725/1081/725 465/1015/465 268/678/268
f 430/1051/430 441/1053/441 475/1117/475
vt 0.718678 0.413307
vt 0.720936 0.412942
f 415/940/415 439/1120/439 450/1121/450
vt 0.228265 0.357670
vt 0.233073 0.358930
vt 0.228080 0.359992
f 415/1122/415 481/1123/481 435/1124/435
f 415/1122/415 450/1116/450 481/1123/481
vt 0.279368 0.497849
f 378/842/378 506/1048/506 476/1125/476
f 457/1097/457 474/1087/474 426/1036/426
vt 0.342392 0.650799
f 477/1126/477 445/953/445 436/1065/436
vt 0.470190 0.184456
vt 0.472156 0.186144
f 643/1127/643 421/1046/421 403/1128/403
f 462/1086/462 506/1048/506 398/969/398
vt 0.827273 0.816321
f 570/737/570 911/1129/911 344/609/344
f 841/851/841 344/609/344 911/1129/911
vt 0.208137 0.663151
vt 0.206863 0.660373
f 454/1130/454 494/1131/494 382/1078/382
vt 0.873824 0.255338
f 446/1100/446 507/1132/507 441/1101/441
f 643/1127/643 485/1090/485 421/1046/421
vt 0.272688 0.542079
f 414/1079/414 473/1133/473 449/1119/449
vt 0.273035 0.546932
vt 0.270487 0.545943
f 480/1134/480 515/1135/515 414/1079/414
vt 0.603288 0.234911
f 475/1117/475 441/1053/441 514/1136/514
vt 0.596251 0.473234
f 582/1063/582 983/1137/983 380/568/380
vt 0.276221 0.548011
f 480/1134/480 414/1079/414 453/1138/453
f 466/1073/466 308/706/308 483/1089/483
vt 0.057300 0.361768
vt 0.054289 0.363110
vt 0.050499 0.359879
f 471/1139/471 444/1140/444 475/1141/475
vt 0.982058 0.199828
f 471/1111/471 538/1142/538 469/1112/469
f 476/1125/476 453/1039/453 378/842/378
f 470/1110/470 456/932/456 486/1083/486
vt 0.576601 0.977525
f 495/1143/495 393/717/393 312/716/312
vt 0.819107 0.412433
f 738/1144/738 653/994/653 285/573/285
vt 0.847763 0.310257
vt 0.851799 0.309742
vt 0.846870 0.312906
f 438/1145/438 488/1146/488 468/1147/468
vt 0.286910 0.712587
f 287/730/287 743/1148/743 386/638/386
f 477/1126/477 496/1070/496 445/953/445
vt 0.815318 0.419793
vt 0.811828 0.416005
f 380/1149/380 983/1150/983 285/573/285
vt 0.344612 0.659471
f 436/1065/436 417/970/417 470/1151/470
vt 0.353508 0.631391
f 424/1012/424 418/928/418 558/1152/558
vt 0.305031 0.127880
f 521/1108/521 433/1107/433 500/1153/500
f 558/1152/558 472/1099/472 424/1012/424
vt 0.678216 0.455854
f 464/963/464 469/1062/469 499/1154/499
vt 0.288373 0.448820
vt 0.286363 0.437893
f 459/992/459 809/1155/809 287/1156/287
f 155/167/155 743/1068/743 452/821/452
vt 0.069282 0.437627
vt 0.066238 0.434417
vt 0.068847 0.432869
f 515/1157/515 473/1158/473 414/1159/414
vt 0.227168 0.362543
vt 0.232577 0.363386
f 433/1160/433 435/1124/435 500/1161/500
f 500/1161/500 435/1124/435 481/1123/481
vt 0.514895 0.763007
f 348/786/348 490/1162/490 483/1089/483
f 455/898/455 490/1162/490 348/786/348
vt 0.363881 0.625315
vt 0.368209 0.624785
f 497/1163/497 505/1164/505 467/1043/467
vt 0.273274 0.552014
vt 0.273656 0.548510
f 476/1165/476 480/1166/480 453/1138/453
f 446/1047/446 467/1043/467 505/1164/505
vt 0.326072 0.838004
f 474/1087/474 493/1167/493 443/990/443
vt 0.870816 0.251250
f 441/1101/441 507/1132/507 514/1168/514
vt 0.026780 0.319922
f 457/1169/457 448/1025/448 427/1024/427
vt 0.684001 0.458087
f 427/1067/427 464/963/464 513/1170/513
f 275/618/275 841/851/841 556/847/556
vt 0.061669 0.430853
vt 0.062314 0.434459
vt 0.059578 0.432393
f 450/1171/450 504/1172/504 481/1173/481
vt 0.054056 0.356565
f 491/1174/491 471/1139/471 475/1141/475
f 467/1043/467 402/1000/402 472/1099/472
f 478/971/478 486/1083/486 394/852/394
vt 0.065026 0.431610
f 450/1171/450 449/1175/449 504/1172/504
vt 0.688278 0.459167
vt 0.684518 0.458277
f 539/1176/539 427/1067/427 513/1177/513
vt 0.024497 0.319732
f 457/1169/457 427/1024/427 492/1178/492
vt 0.848863 0.313425
vt 0.852059 0.314189
f 468/1179/468 488/1146/488 511/1180/511
vt 0.841568 0.571267
f 372/943/372 442/1041/442 659/1181/659
vt 0.273220 0.550144
f 480/1166/480 476/1165/476 503/1182/503
vt 0.370030 0.411525
vt 0.368343 0.407808
f 465/1028/465 482/1183/482 429/1184/429
vt 0.327438 0.829382
f 474/1087/474 457/1097/457 492/1185/492
vt 0.293391 0.503570
vt 0.295520 0.503235
vt 0.294412 0.504919
f 462/1186/462 440/1187/440 516/1188/516
vt 0.281339 0.502807
vt 0.286460 0.504321
f 530/1189/530 506/1048/506 567/1190/567
f 506/1048/506 462/1086/462 567/1190/567
vt 0.521271 0.756284
f 466/1073/466 483/1089/483 510/1191/510
vt 0.328226 0.843168
f 443/990/443 493/1167/493 502/1192/502
vt 0.507722 0.765547
f 455/898/455 484/1082/484 479/1193/479
vt 0.669149 0.454538
f 499/1154/499 469/1062/469 538/1194/538
vt 0.281375 0.568875
vt 0.279718 0.570388
vt 0.280883 0.565777
f 434/1195/434 518/1196/518 440/1197/440
vt 0.534755 0.748764
f 369/780/369 518/1198/518 434/1011/434
f 464/963/464 499/1154/499 513/1170/513
vt 0.235338 0.361590
f 481/1123/481 508/1199/508 500/1161/500
vt 0.058933 0.357328
vt 0.064830 0.359701
vt 0.061410 0.361767
f 537/1200/537 538/1201/538 471/1202/471
vt 0.066085 0.434445
f 473/1203/473 504/1172/504 449/1175/449
vt 0.861019 0.830652
vt 0.857213 0.831310
f 725/1081/725 482/1204/482 465/1205/465
vt 0.021331 0.318444
f 492/1178/492 427/1024/427 539/1206/539
vt 0.475049 0.785826
vt 0.478882 0.788381
f 509/1207/509 489/1058/489 487/1208/487
f 467/1043/467 472/1099/472 497/1163/497
vt 0.346146 0.641765
f 463/965/463 496/1070/496 527/1209/527
vt 0.325036 0.850140
f 487/1084/487 443/990/443 581/1210/581
f 491/1174/491 537/1200/537 471/1139/471
vt 0.496621 0.772663
f 484/1082/484 447/850/447 524/1211/524
vt 0.869888 0.253383
f 514/1168/514 507/1132/507 564/1212/564
f 447/850/447 468/1085/468 524/1211/524
f 443/990/443 502/1192/502 581/1210/581
vt 0.331518 0.831297
f 474/1087/474 492/1185/492 547/1213/547
vt 0.271514 0.550013
f 515/1135/515 480/1134/480 503/1214/503
vt 0.213748 0.912739
f 719/1215/719 403/1105/403 520/1104/520
vt 0.016944 0.293014
vt 0.013006 0.293400
vt 0.016105 0.292095
f 496/1216/496 477/1217/477 528/1218/528
vt 0.278749 0.499951
f 503/1219/503 476/1125/476 530/1189/530
f 490/1162/490 455/898/455 479/1193/479
f 476/1125/476 506/1048/506 530/1189/530
vt 0.290135 0.504538
f 516/1220/516 567/1190/567 462/1086/462
vt 0.339710 0.655076
f 470/1151/470 498/1221/498 436/1065/436
vt 0.366393 0.412377
f 631/1222/631 429/1184/429 482/1183/482
vt 0.278834 0.571020
vt 0.276251 0.569809
f 440/1197/440 518/1223/518 534/1224/534
vt 0.350845 0.636990
f 418/928/418 463/965/463 557/1225/557
f 369/780/369 466/1073/466 518/1198/518
vt 0.468797 0.181923
f 536/1226/536 485/1090/485 643/1127/643
vt 0.059067 0.433603
vt 0.058739 0.433849
f 481/1173/481 504/1227/504 501/1228/501
vt 0.235725 0.359473
f 508/1199/508 481/1123/481 501/1229/501
vt 0.855128 0.309380
vt 0.855475 0.311008
f 488/1146/488 489/1230/489 526/1231/526
vt 0.571144 0.984670
f 495/1143/495 312/716/312 577/1232/577
vt 0.064212 0.437226
f 542/1233/542 504/1172/504 473/1203/473
f 473/1203/473 515/1157/515 542/1233/542
vt 0.206498 0.664289
f 454/1130/454 521/1234/521 494/1131/494
vt 0.296324 0.712157
f 809/1235/809 743/1148/743 287/730/287
vt 0.312231 0.413008
vt 0.310043 0.410578
vt 0.314793 0.407221
f 522/1236/522 483/1237/483 490/1238/490
vt 0.289575 0.507542
f 567/1190/567 516/1220/516 541/1239/541
vt 0.330748 0.054308
vt 0.330487 0.051908
vt 0.332800 0.052127
f 475/1240/475 514/1241/514 491/1242/491
vt 0.341160 0.648372
f 528/1243/528 477/1126/477 436/1065/436
vt 0.161593 0.286191
vt 0.162156 0.293727
vt 0.156691 0.290350
f 461/1244/461 811/1245/811 577/1246/577
vt 0.295830 0.176505
vt 0.298283 0.174818
vt 0.300981 0.176771
f 507/1247/507 446/1248/446 505/1249/505
vt 0.156871 0.285225
f 461/1244/461 577/1246/577 451/1250/451
vt 0.343008 0.645240
vt 0.343911 0.646524
f 528/1243/528 544/1251/544 496/1252/496
vt 0.742358 0.586197
f 740/1253/740 458/722/458 452/821/452
vt 0.267988 0.548682
f 535/1254/535 515/1135/515 503/1214/503
vt 0.846030 0.317161
vt 0.847853 0.314971
vt 0.848024 0.317406
f 524/1255/524 468/1256/468 512/1257/512
vt 0.266908 0.553345
f 535/1254/535 503/1214/503 565/1258/565
vt 0.270520 0.556269
f 530/1259/530 565/1258/565 503/1214/503
vt 0.492599 0.774488
vt 0.492633 0.776207
vt 0.488972 0.777799
f 512/1260/512 468/1261/468 511/1262/511
vt 0.525147 0.158434
vt 0.530045 0.155715
vt 0.528796 0.159029
f 474/1263/474 555/1264/555 493/1265/493
vt 0.327310 0.838514
vt 0.331561 0.838284
f 502/1192/502 493/1266/493 555/1267/555
vt 0.474412 0.582582
f 470/1110/470 486/1083/486 550/1268/550
vt 0.464804 0.568769
f 486/1083/486 478/971/478 700/1269/700
vt 0.336481 0.649899
f 528/1243/528 436/1065/436 532/1270/532
vt 0.331514 0.833729
f 474/1087/474 547/1213/547 553/1271/553
vt 0.329987 0.828559
f 547/1213/547 492/1185/492 539/1272/539
vt 0.020382 0.293723
vt 0.020459 0.291016
vt 0.023028 0.290814
f 496/1273/496 544/1274/544 527/1275/527
f 488/1146/488 526/1231/526 511/1180/511
vt 0.068027 0.438598
vt 0.070295 0.440240
f 542/1276/542 515/1157/515 535/1277/535
vt 0.298815 0.178326
f 507/1247/507 505/1249/505 563/1278/563
vt 0.306935 0.413188
f 522/1236/522 510/1279/510 483/1237/483
vt 0.565872 0.129990
vt 0.563231 0.132944
vt 0.560949 0.130043
f 497/1280/497 563/1281/563 505/1282/505
vt 0.206079 0.918119
f 719/1215/719 520/1104/520 525/1283/525
vt 0.316596 0.411145
f 490/1238/490 543/1284/543 522/1236/522
vt 0.505806 0.770234
vt 0.505244 0.766960
f 479/1193/479 484/1285/484 540/1286/540
vt 0.200767 0.908977
vt 0.205762 0.910302
vt 0.198499 0.912867
f 531/1287/531 571/1288/571 523/1289/523
vt 0.320490 0.404728
f 543/1284/543 490/1238/490 479/1290/479
f 558/1152/558 418/928/418 557/1225/557
vt 0.274866 0.565199
f 440/1197/440 534/1224/534 516/1291/516
vt 0.471821 0.590558
vt 0.475467 0.586952
f 498/1292/498 470/1110/470 598/1293/598
vt 0.235223 0.363720
f 517/1294/517 500/1161/500 508/1199/508
vt 0.525968 0.750392
f 518/1198/518 466/1073/466 519/1295/519
f 571/1288/571 719/1215/719 525/1283/525
vt 0.220846 0.915822
f 403/1105/403 719/1215/719 643/1296/643
vt 0.268796 0.540349
vt 0.266591 0.541802
vt 0.262596 0.539573
f 504/1297/504 542/1298/542 501/1299/501
f 550/1268/550 598/1293/598 470/1110/470
vt 0.323195 0.405622
f 540/1300/540 543/1284/543 479/1290/479
f 523/1289/523 571/1288/571 525/1283/525
vt 0.357817 0.627100
f 497/1163/497 472/1099/472 561/1301/561
vt 0.239547 0.077110
vt 0.238133 0.078024
vt 0.236853 0.077330
f 551/1302/551 538/1303/538 537/1304/537
vt 0.526537 0.154566
f 555/1264/555 474/1263/474 553/1305/553
vt 0.797288 0.806004
f 642/745/642 306/748/306 641/1306/641
vt 0.145057 0.123138
vt 0.147397 0.125198
vt 0.143822 0.125236
f 529/1307/529 544/1308/544 528/1309/528
vt 0.070295 0.440583
vt 0.063038 0.441829
f 535/1310/535 589/1311/589 542/1233/542
vt 0.682888 0.524681
vt 0.678618 0.525497
vt 0.678432 0.521330
f 507/1312/507 563/1313/563 578/1314/578
vt 0.195109 0.904745
f 545/1315/545 531/1287/531 523/1289/523
vt 0.321278 0.851208
f 509/1316/509 487/1084/487 581/1210/581
vt 0.866734 0.251322
f 514/1168/514 564/1212/564 566/1317/566
vt 0.866896 0.249012
f 491/1318/491 514/1168/514 566/1317/566
vt 0.332654 0.395270
vt 0.333784 0.400236
vt 0.325665 0.399225
f 524/1319/524 601/1320/601 484/1321/484
vt 0.357271 0.624758
f 497/1163/497 561/1301/561 611/1322/611
vt 0.364432 0.263359
vt 0.364136 0.266874
vt 0.361219 0.265621
f 499/1323/499 538/1324/538 551/1325/551
vt 0.275142 0.573283
vt 0.273807 0.571751
f 518/1326/518 546/1327/546 534/1224/534
vt 0.780969 0.462878
vt 0.786380 0.461498
vt 0.782316 0.464062
f 500/1328/500 517/1329/517 521/1330/521
vt 0.347422 0.640030
f 557/1225/557 463/965/463 527/1331/527
vt 0.443993 0.553569
f 431/1038/431 494/1056/494 617/1332/617
f 478/971/478 431/1038/431 700/1269/700
f 466/1073/466 510/1191/510 519/1295/519
vt 0.527637 0.154110
vt 0.528850 0.153906
f 555/1264/555 553/1333/553 533/1334/533
vt 0.185312 0.904590
f 618/1335/618 545/1315/545 523/1289/523
vt 0.272888 0.569269
vt 0.269087 0.570002
f 516/1291/516 534/1336/534 594/1337/594
vt 0.069321 0.444017
f 589/1311/589 535/1310/535 548/1338/548
vt 0.016744 0.321822
vt 0.017144 0.316948
f 513/1339/513 560/1340/560 539/1206/539
vt 0.272198 0.570024
f 594/1337/594 534/1336/534 546/1341/546
vt 0.331395 0.846569
f 581/1210/581 502/1192/502 574/1342/574
vt 0.344523 0.641054
vt 0.342743 0.643081
vt 0.339079 0.639342
f 527/1343/527 544/1344/544 595/1345/595
vt 0.337853 0.645827
vt 0.332739 0.647689
f 529/1346/529 532/1270/532 549/1347/549
vt 0.485144 0.779090
vt 0.484524 0.773992
f 511/1262/511 526/1348/526 629/1349/629
vt 0.338519 0.647906
f 532/1270/532 529/1346/529 528/1350/528
f 561/1301/561 472/1099/472 558/1152/558
vt 0.332992 0.842398
f 502/1192/502 555/1267/555 552/1351/552
vt 0.233919 0.075358
vt 0.236606 0.073992
f 537/1352/537 569/1353/569 551/1302/551
vt 0.281425 0.504144
vt 0.283368 0.505280
vt 0.281652 0.506269
f 530/1354/530 567/1355/567 554/1356/554
vt 0.851647 0.574929
vt 0.852655 0.576448
f 485/1357/485 536/1358/536 442/1041/442
vt 0.232223 0.075107
vt 0.232315 0.074131
f 537/1352/537 491/1359/491 572/1360/572
vt 0.268270 0.557392
vt 0.266087 0.557178
f 565/1258/565 530/1361/530 554/1362/554
vt 0.212468 0.928072
f 631/1363/631 520/1104/520 429/1103/429
f 484/1321/484 601/1320/601 540/1300/540
vt 0.489583 0.775373
f 511/1262/511 576/1364/576 512/1260/512
f 576/1364/576 511/1262/511 629/1349/629
vt 0.149858 0.122295
f 529/1307/529 562/1365/562 544/1308/544
vt 0.236751 0.363406
vt 0.239570 0.362265
f 517/1366/517 508/1199/508 501/1367/501
vt 0.453533 0.557464
vt 0.464711 0.562190
f 608/1368/608 603/1369/603 431/1038/431
vt 0.293800 0.506412
vt 0.294056 0.513063
f 541/1239/541 516/1370/516 594/1371/594
vt 0.152108 0.122766
vt 0.151104 0.123846
f 595/1372/595 544/1373/544 562/1365/562
vt 0.266057 0.550175
f 565/1258/565 548/1374/548 535/1254/535
vt 0.869077 0.283356
vt 0.872572 0.283778
vt 0.870861 0.284937
f 546/1375/546 518/1376/518 568/1377/568
vt 0.270356 0.575967
vt 0.274194 0.576164
f 575/1378/575 518/1326/518 519/1379/519
vt 0.267828 0.573356
f 575/1378/575 568/1380/568 518/1326/518
vt 0.334133 0.836612
vt 0.335423 0.839385
f 533/1381/533 616/1382/616 555/1267/555
vt 0.331349 0.846495
f 574/1383/574 502/1192/502 552/1351/552
vt 0.337700 0.394227
vt 0.338405 0.396552
f 601/1320/601 512/1384/512 576/1385/576
f 524/1319/524 512/1384/512 601/1320/601
vt 0.569235 0.133738
f 563/1281/563 497/1280/497 584/1386/584
vt 0.685965 0.515540
vt 0.687449 0.516840
vt 0.685464 0.517962
f 572/1387/572 491/1388/491 566/1389/566
vt 0.321946 0.411577
f 540/1300/540 599/1390/599 543/1284/543
vt 0.054416 0.353561
vt 0.057399 0.353072
vt 0.056949 0.354998
f 572/1391/572 591/1392/591 537/1393/537
vt 0.333178 0.826968
f 547/1213/547 539/1272/539 560/1394/560
vt 0.234319 0.073409
f 569/1353/569 537/1352/537 591/1395/591
vt 0.337117 0.653815
f 498/1396/498 532/1270/532 436/1065/436
vt 0.199309 0.659843
vt 0.204600 0.664324
vt 0.201900 0.663610
f 617/1397/617 521/1398/521 517/1399/517
f 494/1131/494 521/1398/521 617/1397/617
vt 0.400938 0.333996
vt 0.396891 0.332175
vt 0.396711 0.329687
f 557/1400/557 527/1401/527 579/1402/579
vt 0.517461 0.750162
f 519/1295/519 510/1191/510 580/1403/580
vt 0.341538 0.639769
f 579/1404/579 527/1343/527 595/1345/595
vt 0.188650 0.914993
f 618/1335/618 523/1289/523 689/1405/689
vt 0.128341 0.150318
vt 0.128276 0.151346
vt 0.126491 0.150280
f 566/1406/566 564/1407/564 559/1408/559
vt 0.261645 0.544864
f 589/1409/589 501/1299/501 542/1298/542
vt 0.125957 0.147660
vt 0.128010 0.149278
f 559/1408/559 572/1410/572 566/1411/566
vt 0.178664 0.910942
f 756/1412/756 618/1335/618 689/1405/689
vt 0.335061 0.832971
vt 0.337434 0.831827
f 553/1413/553 547/1213/547 586/1414/586
vt 0.337269 0.838094
f 533/1381/533 573/1415/573 616/1382/616
f 616/1382/616 552/1351/552 555/1267/555
vt 0.571599 0.131086
f 584/1386/584 497/1280/497 611/1416/611
vt 0.516115 0.757870
vt 0.511651 0.759411
vt 0.508071 0.759995
f 522/1417/522 543/1418/543 599/1419/599
vt 0.239948 0.074837
f 569/1353/569 583/1420/583 551/1302/551
vt 0.329085 0.651166
f 549/1347/549 532/1270/532 605/1421/605
vt 0.678323 0.521198
vt 0.677389 0.525768
vt 0.671551 0.525121
f 578/1422/578 563/1423/563 584/1424/584
vt 0.683580 0.519895
f 564/1425/564 507/1312/507 578/1314/578
vt 0.361357 0.261482
f 551/1325/551 613/1426/613 499/1323/499
vt 0.011520 0.321089
f 600/1427/600 560/1340/560 513/1339/513
vt 0.239473 0.073489
f 583/1420/583 569/1353/569 604/1428/604
vt 0.065506 0.352850
vt 0.070843 0.354165
vt 0.065885 0.357415
f 583/1429/583 613/1430/613 551/1431/551
vt 0.512913 0.754709
f 636/1432/636 522/1417/522 599/1419/599
vt 0.261500 0.553968
f 554/1362/554 587/1433/587 565/1258/565
vt 0.011396 0.317747
f 560/1340/560 600/1427/600 634/1434/634
vt 0.337619 0.826498
f 586/1414/586 547/1213/547 585/1435/585
vt 0.327824 0.406818
f 599/1390/599 540/1300/540 596/1436/596
vt 0.284286 0.508837
f 554/1356/554 567/1190/567 610/1437/610
vt 0.289467 0.507505
f 567/1190/567 541/1438/541 610/1437/610
vt 0.310582 0.853397
vt 0.313817 0.851450
vt 0.317052 0.856848
f 526/1439/526 489/1440/489 661/1441/661
vt 0.262674 0.565610
vt 0.268171 0.562709
vt 0.268344 0.565643
f 614/1442/614 541/1443/541 594/1444/594
vt 0.985716 0.148860
vt 0.988108 0.149625
vt 0.988684 0.153586
f 665/1445/665 529/1446/529 549/1447/549
vt 0.339731 0.642219
vt 0.336173 0.642259
f 562/1448/562 529/1346/529 665/1449/665
f 540/1300/540 601/1320/601 596/1436/596
vt 0.188770 0.902215
f 545/1315/545 618/1335/618 612/1450/612
vt 0.682282 0.515797
f 578/1314/578 559/1451/559 564/1425/564
vt 0.521835 0.748082
f 519/1295/519 580/1403/580 622/1452/622
vt 0.788620 0.458773
vt 0.784042 0.458584
f 597/1453/597 517/1329/517 501/1454/501
f 522/1417/522 636/1432/636 510/1191/510
f 636/1432/636 580/1403/580 510/1191/510
vt 0.336179 0.656386
f 598/1455/598 605/1421/605 498/1396/498
f 532/1270/532 498/1396/498 605/1421/605
vt 0.406337 0.332959
f 579/1402/579 558/1456/558 557/1400/557
vt 0.219368 0.911271
f 628/1457/628 643/1296/643 719/1215/719
vt 0.011050 0.322870
f 513/1339/513 499/1458/499 600/1427/600
f 603/1369/603 700/1269/700 431/1038/431
vt 0.448079 0.553976
f 431/1038/431 617/1332/617 638/1459/638
vt 0.263526 0.550455
f 587/1433/587 548/1460/548 565/1258/565
f 520/1104/520 631/1363/631 525/1283/525
vt 0.264393 0.562062
f 614/1442/614 610/1461/610 541/1443/541
vt 0.526296 0.746861
f 519/1295/519 622/1452/622 575/1462/575
f 509/1316/509 661/1441/661 489/1440/489
f 595/1345/595 562/1448/562 665/1449/665
f 560/1394/560 585/1435/585 547/1213/547
vt 0.026679 0.287465
vt 0.024110 0.285249
vt 0.026522 0.285404
f 579/1463/579 595/1464/595 623/1465/623
vt 0.013575 0.315348
f 560/1340/560 634/1434/634 585/1466/585
vt 0.349177 0.626241
f 561/1301/561 558/1152/558 655/1467/655
vt 0.898546 0.382547
vt 0.890827 0.383570
vt 0.891474 0.379708
f 593/1468/593 552/1469/552 616/1470/616
vt 0.257737 0.732262
vt 0.257347 0.738104
vt 0.252184 0.730780
f 460/1471/460 734/1472/734 388/1473/388
vt 0.669215 0.518075
f 578/1422/578 584/1424/584 602/1474/602
vt 0.584352 0.967013
f 495/1143/495 730/1475/730 393/717/393
vt 0.627345 0.037929
vt 0.625376 0.039702
vt 0.625474 0.036292
f 573/1476/573 533/1477/533 648/1478/648
vt 0.731647 0.585644
f 656/1479/656 460/923/460 458/1064/458
vt 0.777282 0.801370
f 836/1021/836 393/473/393 741/1480/741
vt 0.270748 0.571084
vt 0.267926 0.571790
f 546/1481/546 568/1482/568 594/1337/594
vt 0.065573 0.445488
f 589/1311/589 548/1338/548 588/1483/588
vt 0.168002 0.291091
f 737/1484/737 811/1245/811 461/1244/461
vt 0.985328 0.151363
f 665/1445/665 549/1447/549 607/1485/607
f 611/1322/611 561/1301/561 655/1467/655
vt 0.405964 0.030054
vt 0.405573 0.033050
vt 0.405256 0.030676
f 587/1486/587 554/1487/554 639/1488/639
vt 0.326107 0.857058
f 627/1489/627 509/1316/509 581/1210/581
vt 0.166877 0.285629
f 461/1244/461 653/1490/653 737/1484/737
vt 0.337065 0.639771
f 595/1345/595 665/1449/665 590/1491/590
vt 0.327877 0.411045
f 596/1436/596 615/1492/615 599/1390/599
vt 0.332865 0.856484
f 574/1342/574 625/1493/625 581/1210/581
vt 0.336270 0.851596
vt 0.334723 0.846392
vt 0.337886 0.847766
f 592/1494/592 574/1495/574 593/1496/593
vt 0.892104 0.386653
f 552/1469/552 593/1468/593 574/1497/574
vt 0.251985 0.737976
f 388/1473/388 734/1472/734 582/1498/582
vt 0.770106 0.594077
f 1488/1499/1488 452/821/452 743/1068/743
vt 0.814202 0.411786
f 812/1500/812 738/1144/738 285/573/285
vt 0.476022 0.779127
vt 0.481649 0.778737
f 661/1501/661 629/1349/629 526/1502/526
vt 0.884910 0.377622
vt 0.881913 0.376429
vt 0.882138 0.373724
f 533/1503/533 553/1504/553 586/1505/586
vt 0.848043 0.579938
f 659/1181/659 442/1041/442 748/1506/748
vt 0.338310 0.397564
vt 0.337569 0.400176
f 601/1320/601 576/1507/576 649/1508/649
vt 0.122422 0.148879
vt 0.123224 0.146187
f 620/1509/620 591/1510/591 572/1410/572
f 983/1150/983 812/1500/812 285/573/285
vt 0.602401 0.039850
vt 0.600491 0.038242
vt 0.602186 0.037589
f 569/1511/569 591/1512/591 604/1513/604
vt 0.676147 0.514753
f 559/1451/559 578/1314/578 662/1514/662
vt 0.125324 0.149883
f 620/1515/620 572/1410/572 559/1408/559
vt 0.435567 0.238250
vt 0.441859 0.240519
vt 0.441349 0.241763
f 613/1516/613 600/1517/600 499/1518/499
vt 0.329328 0.655388
f 598/1455/598 654/1519/654 605/1421/605
vt 0.789666 0.464872
vt 0.794327 0.461583
f 617/1520/617 517/1329/517 635/1521/635
vt 0.401064 0.325815
f 558/1456/558 579/1402/579 619/1522/619
vt 0.208055 0.907592
f 679/1523/679 719/1215/719 571/1288/571
vt 0.264618 0.569145
vt 0.267777 0.567887
f 650/1524/650 614/1442/614 594/1525/594
vt 0.686483 0.450107
vt 0.682182 0.451704
vt 0.680839 0.446721
f 634/1526/634 600/1527/600 630/1528/630
vt 0.252935 0.544529
f 501/1299/501 589/1409/589 668/1529/668
vt 0.261521 0.557881
vt 0.264869 0.558752
f 639/1530/639 554/1531/554 610/1461/610
vt 0.947226 0.313868
vt 0.944576 0.310094
vt 0.950028 0.309837
f 606/1532/606 568/1533/568 575/1534/575
vt 0.072221 0.448297
f 548/1338/548 587/1535/587 588/1483/588
vt 0.327170 0.647159
f 549/1347/549 605/1421/605 646/1536/646
vt 0.173104 0.904801
f 756/1412/756 697/1537/697 618/1335/618
vt 0.884400 0.373604
f 586/1505/586 648/1538/648 533/1503/533
vt 0.154224 0.101211
vt 0.158213 0.098667
vt 0.160213 0.101733
f 644/1539/644 611/1540/611 640/1541/640
vt 0.257494 0.555311
f 672/1542/672 587/1433/587 639/1530/639
vt 0.898094 0.377380
f 616/1470/616 609/1543/609 593/1468/593
vt 0.255799 0.538356
f 501/1299/501 668/1529/668 597/1544/597
vt 0.820274 0.810907
f 911/1129/911 570/737/570 1088/1545/1088
vt 0.066657 0.449458
f 621/1546/621 588/1483/588 587/1535/587
vt 0.340927 0.827664
f 586/1414/586 585/1435/585 685/1547/685
vt 0.950977 0.312009
f 606/1532/606 575/1534/575 622/1548/622
vt 0.941496 0.379051
vt 0.944248 0.378503
vt 0.944642 0.380280
f 623/1549/623 595/1550/595 590/1551/590
f 531/1287/531 679/1523/679 571/1288/571
vt 0.121026 0.145936
f 604/1552/604 591/1510/591 620/1509/620
vt 0.162503 0.100403
f 655/1553/655 640/1541/640 611/1540/611
vt 0.318416 0.857379
f 661/1554/661 509/1316/509 627/1489/627
vt 0.331327 0.410844
f 596/1436/596 624/1555/624 615/1492/615
vt 0.689874 0.506365
vt 0.688660 0.510186
vt 0.684829 0.505609
f 583/1556/583 604/1557/604 750/1558/750
vt 0.442332 0.239389
f 613/1516/613 630/1559/630 600/1517/600
vt 0.796968 0.465411
f 635/1521/635 673/1560/673 617/1520/617
f 431/1038/431 638/1459/638 608/1368/608
vt 0.365745 0.326587
vt 0.369677 0.332335
vt 0.364040 0.331735
f 619/1561/619 579/1562/579 623/1563/623
vt 0.257387 0.547611
f 668/1529/668 589/1409/589 588/1564/588
vt 0.250813 0.540284
f 626/1565/626 597/1544/597 668/1529/668
f 536/1358/536 748/1506/748 442/1041/442
vt 0.333109 0.643818
f 646/1536/646 607/1566/607 549/1347/549
f 662/1514/662 578/1314/578 602/1474/602
vt 0.681776 0.512917
f 620/1567/620 559/1451/559 662/1514/662
f 620/1567/620 750/1558/750 604/1557/604
vt 0.502180 0.762025
vt 0.498539 0.761861
vt 0.504916 0.756921
f 615/1568/615 624/1569/624 637/1570/637
vt 0.573975 0.134365
f 584/1386/584 611/1416/611 644/1571/644
vt 0.892733 0.376434
f 616/1470/616 573/1572/573 609/1543/609
vt 0.337778 0.405273
f 624/1555/624 596/1436/596 633/1573/633
vt 0.893634 0.376128
f 609/1543/609 573/1572/573 691/1574/691
vt 0.870213 0.832185
vt 0.867205 0.824764
f 631/1575/631 482/1204/482 670/1576/670
f 596/1436/596 601/1320/601 633/1573/633
vt 0.266550 0.573236
vt 0.262300 0.570971
f 568/1577/568 671/1578/671 594/1337/594
f 574/1342/574 592/1494/592 625/1493/625
vt 0.125585 0.384724
vt 0.130316 0.386156
vt 0.124962 0.388298
f 639/1579/639 610/1580/610 657/1581/657
f 650/1524/650 594/1337/594 671/1578/671
vt 0.172950 0.898885
f 693/1582/693 618/1335/618 697/1537/697
vt 0.680221 0.508437
f 750/1558/750 620/1567/620 706/1583/706
vt 0.329697 0.639728
f 646/1536/646 684/1584/684 607/1566/607
vt 0.936098 0.380505
f 623/1549/623 590/1551/590 688/1585/688
f 627/1489/627 581/1210/581 625/1493/625
vt 0.071228 0.451263
f 621/1546/621 587/1535/587 672/1586/672
f 649/1508/649 633/1573/633 601/1320/601
vt 0.955507 0.314645
f 622/1548/622 580/1587/580 606/1532/606
vt 0.902090 0.377577
f 609/1543/609 645/1588/645 593/1468/593
vt 0.903135 0.380478
f 677/1589/677 593/1468/593 645/1588/645
vt 0.664896 0.523311
f 602/1474/602 584/1424/584 644/1590/644
vt 0.261033 0.560636
vt 0.260417 0.560171
f 639/1530/639 657/1591/657 672/1592/672
vt 0.915113 0.152020
vt 0.911190 0.149926
vt 0.915004 0.148313
f 586/1593/586 685/1594/685 648/1595/648
vt 0.192032 0.659783
vt 0.192223 0.655242
f 673/1596/673 638/1597/638 617/1397/617
f 615/1568/615 637/1570/637 599/1419/599
f 635/1521/635 517/1329/517 597/1453/597
f 599/1419/599 637/1570/637 636/1432/636
vt 0.345340 0.629405
f 558/1152/558 619/1598/619 655/1467/655
vt 0.444157 0.237033
vt 0.442261 0.233805
f 630/1599/630 613/1516/613 674/1600/674
vt 0.128883 0.390073
f 657/1581/657 610/1580/610 651/1601/651
vt 0.130906 0.388743
f 610/1580/610 614/1602/614 651/1601/651
vt 0.332926 0.640991
f 665/1603/665 607/1566/607 684/1584/684
vt 0.946356 0.382477
f 665/1604/665 688/1585/688 590/1551/590
vt 0.261348 0.568082
vt 0.260998 0.565061
f 650/1605/650 651/1606/651 614/1442/614
vt 0.335221 0.408441
f 633/1573/633 676/1607/676 624/1555/624
vt 0.343842 0.823519
f 685/1547/685 585/1435/585 647/1608/647
vt 0.460608 0.555859
f 666/1609/666 603/1369/603 608/1368/608
vt 0.343148 0.848064
vt 0.346788 0.852432
f 677/1610/677 744/1611/744 593/1496/593
vt 0.471769 0.775267
f 629/1349/629 661/1501/661 714/1612/714
vt 0.690287 0.167710
vt 0.687925 0.169669
vt 0.688408 0.165846
f 699/1613/699 573/1614/573 648/1615/648
vt 0.809031 0.254495
vt 0.805759 0.254635
vt 0.807228 0.252720
f 645/1616/645 609/1617/609 692/1618/692
vt 0.320132 0.646966
f 605/1421/605 707/1619/707 646/1536/646
vt 0.689749 0.448216
vt 0.688845 0.445289
f 585/1620/585 634/1526/634 647/1621/647
vt 0.200976 0.922710
f 631/1363/631 826/1622/826 525/1283/525
vt 0.456086 0.554613
vt 0.453203 0.553399
f 660/1623/660 608/1368/608 638/1624/638
f 592/1494/592 593/1496/593 744/1611/744
vt 0.938298 0.281509
vt 0.938369 0.284982
vt 0.936116 0.283654
f 692/1625/692 609/1626/609 663/1627/663
vt 0.261551 0.576846
vt 0.259778 0.574081
f 606/1628/606 683/1629/683 568/1577/568
vt 0.506532 0.038769
vt 0.503823 0.040507
vt 0.502849 0.039203
f 679/1630/679 531/1631/531 669/1632/669
f 671/1578/671 568/1577/568 683/1629/683
vt 0.256076 0.551065
f 621/1633/621 668/1529/668 588/1564/588
vt 0.489907 0.771864
vt 0.480911 0.768099
vt 0.490689 0.768476
f 576/1634/576 735/1635/735 649/1636/649
vt 0.392527 0.128310
vt 0.394815 0.131920
vt 0.391904 0.130355
f 655/1637/655 690/1638/690 640/1639/640
f 576/1634/576 629/1349/629 735/1635/735
vt 0.913108 0.146636
f 648/1595/648 685/1594/685 704/1640/704
vt 0.319703 0.650347
f 707/1619/707 605/1421/605 695/1641/695
vt 0.931346 0.101030
vt 0.928943 0.101807
vt 0.929657 0.100742
f 644/1642/644 640/1643/640 690/1644/690
vt 0.223982 0.913633
f 643/1296/643 628/1457/628 536/1645/536
vt 0.203087 0.904600
f 545/1315/545 669/1646/669 531/1287/531
f 525/1283/525 826/1622/826 523/1289/523
f 630/1528/630 647/1621/647 634/1526/634
vt 0.186459 0.898572
f 612/1450/612 618/1335/618 721/1647/721
vt 0.487956 0.578920
f 598/1293/598 550/1268/550 795/1648/795
vt 0.580305 0.301628
vt 0.582848 0.300173
vt 0.581749 0.302003
f 545/1649/545 868/1650/868 669/1651/669
vt 0.512665 0.749478
f 580/1403/580 636/1432/636 675/1652/675
f 841/851/841 725/1081/725 556/847/556
vt 0.070842 0.349869
vt 0.073625 0.349569
f 583/1653/583 674/1654/674 613/1430/613
vt 0.483953 0.589810
f 654/1655/654 598/1293/598 795/1648/795
vt 0.793971 0.457549
f 597/1453/597 626/1656/626 635/1521/635
vt 0.404348 0.323441
vt 0.407464 0.324610
f 722/1657/722 655/1658/655 619/1522/619
vt 0.186673 0.657546
f 723/1659/723 638/1597/638 673/1596/673
vt 0.331091 0.859258
vt 0.327854 0.857183
f 625/1493/625 713/1660/713 627/1661/627
vt 0.361638 0.327400
f 619/1561/619 623/1563/623 667/1662/667
vt 0.798930 0.251708
vt 0.803016 0.251087
vt 0.802771 0.253731
f 691/1663/691 663/1664/663 609/1665/609
vt 0.953473 0.316793
f 606/1532/606 580/1587/580 664/1666/664
vt 0.180208 0.898391
f 632/1667/632 618/1335/618 693/1582/693
f 721/1647/721 618/1335/618 632/1667/632
vt 0.068399 0.451249
f 621/1546/621 672/1586/672 678/1668/678
vt 0.189907 0.900465
f 612/1450/612 721/1647/721 686/1669/686
vt 0.125605 0.392513
f 657/1581/657 651/1601/651 718/1670/718
vt 0.132154 0.391438
f 650/1671/650 718/1670/718 651/1601/651
vt 0.940660 0.384216
f 684/1672/684 688/1585/688 665/1604/665
vt 0.690073 0.170359
f 691/1673/691 573/1614/573 699/1613/699
vt 0.305904 0.358796
vt 0.299520 0.360502
vt 0.302170 0.357612
f 458/1674/458 729/1675/729 656/1676/656
vt 0.424727 0.105120
vt 0.423503 0.106133
vt 0.419188 0.105486
f 706/1677/706 620/1678/620 662/1679/662
vt 0.729933 0.459011
vt 0.747073 0.462055
f 652/1680/652 315/648/315 1235/1681/1235
vt 0.566253 0.981282
f 995/1682/995 495/1143/495 577/1232/577
vt 0.934748 0.375365
vt 0.939140 0.378695
f 688/1585/688 667/1683/667 623/1684/623
vt 0.669824 0.509636
f 782/1685/782 662/1514/662 602/1474/602
vt 0.187562 0.652362
f 638/1597/638 723/1659/723 660/1686/660
vt 0.171854 0.284131
f 738/1687/738 737/1484/737 653/1490/653
f 608/1368/608 660/1623/660 666/1609/666
vt 0.366454 0.322677
vt 0.363394 0.326008
f 722/1688/722 619/1561/619 667/1689/667
vt 0.589013 0.969114
f 741/1690/741 393/717/393 730/1475/730
vt 0.559698 0.984481
f 995/1682/995 577/1232/577 811/1691/811
vt 0.681862 0.506491
f 680/1692/680 750/1558/750 706/1583/706
vt 0.481316 0.569768
f 486/1083/486 847/1693/847 550/1268/550
vt 0.948668 0.316490
f 606/1532/606 664/1666/664 681/1694/681
vt 0.835944 0.579155
vt 0.837423 0.573648
f 1118/1695/1118 746/1696/746 659/1181/659
f 658/1001/658 1235/1681/1235 315/648/315
vt 0.129491 0.394544
f 718/1670/718 650/1671/650 739/1697/739
vt 0.690019 0.092581
vt 0.691791 0.091562
vt 0.695424 0.093955
f 580/1698/580 675/1699/675 664/1700/664
f 748/1506/748 1118/1695/1118 659/1181/659
vt 0.816456 0.147941
vt 0.814188 0.144817
vt 0.816231 0.143830
f 798/1701/798 679/1702/679 702/1703/702
vt 0.937501 0.381895
f 745/1704/745 688/1585/688 684/1672/684
vt 0.691115 0.166591
f 682/1705/682 699/1613/699 648/1615/648
vt 0.446546 0.234703
f 630/1599/630 674/1600/674 701/1706/701
vt 0.238727 0.202226
vt 0.235269 0.202713
vt 0.233523 0.199256
f 636/1707/636 711/1708/711 675/1709/675
vt 0.688428 0.499369
f 674/1710/674 583/1556/583 750/1558/750
vt 0.325255 0.655379
f 605/1421/605 654/1519/654 694/1711/694
vt 0.407010 0.323146
f 655/1658/655 722/1657/722 690/1712/690
vt 0.505836 0.751788
f 636/1432/636 637/1570/637 711/1713/711
vt 0.501555 0.753568
vt 0.494934 0.756225
f 698/1714/698 624/1569/624 726/1715/726
f 637/1570/637 624/1569/624 698/1714/698
vt 0.495971 0.761999
f 726/1715/726 624/1569/624 676/1716/676
vt 0.347616 0.848843
vt 0.344565 0.846107
f 727/1717/727 677/1610/677 645/1718/645
vt 0.347379 0.842905
f 692/1719/692 727/1717/727 645/1718/645
vt 0.183424 0.897180
f 784/1720/784 721/1647/721 632/1667/632
vt 0.471661 0.769958
f 629/1349/629 714/1612/714 777/1721/777
vt 0.802197 0.804446
f 642/745/642 641/1306/641 871/1722/871
vt 0.628516 0.184546
vt 0.623068 0.185404
vt 0.624882 0.182960
f 682/1723/682 648/1724/648 705/1725/705
vt 0.215887 0.908749
f 719/1215/719 798/1726/798 628/1457/628
vt 0.256972 0.560258
vt 0.252319 0.557718
f 657/1727/657 764/1728/764 672/1542/672
f 711/1713/711 637/1570/637 698/1714/698
vt 0.328131 0.557621
vt 0.330457 0.555862
vt 0.331196 0.559720
f 536/1729/536 628/1730/628 1234/1731/1234
f 727/1717/727 744/1611/744 677/1610/677
vt 0.258560 0.569836
vt 0.257137 0.568060
f 671/1732/671 739/1733/739 650/1605/650
vt 0.272046 0.125693
vt 0.274179 0.122313
vt 0.276721 0.125767
f 633/1734/633 649/1735/649 720/1736/720
vt 0.710527 0.279406
vt 0.706720 0.277652
vt 0.708279 0.276201
f 683/1737/683 742/1738/742 671/1739/671
vt 0.485400 0.765021
vt 0.486613 0.767005
f 735/1635/735 720/1740/720 649/1741/649
vt 0.475530 0.206939
vt 0.473948 0.210510
vt 0.472778 0.208276
f 647/1742/647 630/1743/630 701/1744/701
f 782/1685/782 706/1583/706 662/1514/662
vt 0.345495 0.827533
f 685/1547/685 647/1608/647 704/1745/704
f 735/1635/735 629/1349/629 777/1721/777
vt 0.259034 0.580344
vt 0.256057 0.578700
f 681/1746/681 733/1747/733 606/1628/606
vt 0.341364 0.858606
f 715/1748/715 592/1494/592 744/1611/744
vt 0.622113 0.183374
f 704/1749/704 705/1725/705 648/1724/648
vt 0.209550 0.905297
vt 0.207162 0.905681
f 702/1750/702 679/1523/679 669/1751/669
vt 0.468295 0.777088
vt 0.472872 0.778182
vt 0.467156 0.782168
f 714/1752/714 661/1753/661 627/1754/627
vt 0.254734 0.563278
f 718/1755/718 764/1728/764 657/1727/657
vt 0.663509 0.522807
vt 0.658307 0.526274
vt 0.655332 0.519559
f 644/1756/644 690/1757/690 808/1758/808
vt 0.797065 0.248682
vt 0.794670 0.248421
vt 0.796464 0.247493
f 699/1759/699 682/1760/682 717/1761/717
vt 0.256604 0.570816
f 739/1733/739 671/1732/671 742/1762/742
vt 0.324285 0.640409
vt 0.322112 0.642180
f 761/1763/761 646/1536/646 687/1764/687
vt 0.964639 0.282513
vt 0.960260 0.281497
vt 0.964675 0.278572
f 751/1765/751 701/1766/701 674/1767/674
f 684/1584/684 646/1536/646 761/1763/761
vt 0.490259 0.764231
vt 0.490945 0.761375
vt 0.494273 0.762921
f 633/1768/633 749/1769/749 676/1770/676
vt 0.248274 0.546630
f 668/1529/668 621/1633/621 755/1771/755
vt 0.804639 0.464866
f 635/1521/635 723/1772/723 673/1560/673
vt 0.401310 0.128463
vt 0.401431 0.131897
f 690/1638/690 722/1773/722 769/1774/769
vt 0.858731 0.819257
f 1269/1775/1269 482/1204/482 725/1081/725
vt 0.492286 0.589174
f 654/1655/654 795/1648/795 694/1776/694
vt 0.321198 0.653525
f 694/1777/694 695/1641/695 605/1421/605
f 847/1693/847 486/1083/486 700/1269/700
vt 0.131983 0.395083
vt 0.134982 0.397690
vt 0.131850 0.398217
f 739/1778/739 742/1779/742 716/1780/716
f 592/1494/592 715/1748/715 625/1493/625
vt 0.256774 0.576704
f 763/1781/763 683/1629/683 606/1628/606
f 763/1781/763 606/1628/606 733/1747/733
vt 0.175268 0.895277
f 693/1582/693 974/1782/974 632/1667/632
vt 0.931817 0.284104
vt 0.930453 0.280575
f 691/1783/691 754/1784/754 663/1627/663
vt 0.346861 0.826531
f 704/1745/704 647/1608/647 710/1785/710
vt 0.192680 0.900902
f 686/1786/686 545/1315/545 612/1450/612
f 646/1536/646 707/1619/707 687/1764/687
vt 0.798771 0.457052
f 708/1787/708 635/1521/635 626/1656/626
vt 0.927630 0.285185
vt 0.929350 0.283330
vt 0.929502 0.285159
f 717/1788/717 709/1789/709 699/1790/699
vt 0.799656 0.249218
vt 0.798441 0.247981
f 691/1791/691 699/1759/699 709/1792/709
vt 0.184906 0.650187
vt 0.183216 0.652542
f 666/1793/666 660/1686/660 801/1794/801
f 692/1625/692 663/1627/663 754/1784/754
vt 0.496764 0.355379
vt 0.502778 0.354901
vt 0.498404 0.357229
f 664/1795/664 675/1796/675 757/1797/757
vt 0.872889 0.828452
vt 0.877463 0.830289
f 966/1798/966 826/1799/826 631/1575/631
vt 0.348035 0.824812
vt 0.347259 0.823893
f 766/1800/766 647/1608/647 767/1801/767
f 647/1608/647 766/1800/766 710/1785/710
f 871/1722/871 975/1113/975 642/745/642
vt 0.257416 0.572422
vt 0.255515 0.574650
f 742/1762/742 683/1802/683 763/1803/763
vt 0.914309 0.145357
vt 0.913414 0.144917
f 705/1804/705 704/1640/704 710/1805/710
vt 0.353390 0.847839
f 727/1717/727 692/1719/692 712/1806/712
vt 0.930424 0.376608
f 667/1683/667 688/1585/688 696/1807/696
vt 0.397819 0.132580
f 690/1638/690 769/1774/769 728/1808/728
vt 0.842102 0.817413
f 725/1081/725 841/851/841 1037/1809/1037
vt 0.814831 0.147690
f 679/1702/679 798/1701/798 719/1810/719
vt 0.807259 0.462282
f 723/1772/723 635/1521/635 800/1811/800
vt 0.355752 0.845997
f 731/1812/731 712/1806/712 692/1719/692
vt 0.498393 0.594796
vt 0.493834 0.593930
f 747/1813/747 695/1814/695 694/1776/694
f 749/1769/749 726/1715/726 676/1716/676
vt 0.253300 0.553433
f 678/1815/678 672/1542/672 764/1728/764
vt 0.930926 0.371295
f 667/1683/667 696/1807/696 722/1816/722
vt 0.801203 0.458897
f 635/1521/635 708/1787/708 770/1817/770
vt 0.591516 0.183528
vt 0.594780 0.183295
vt 0.594610 0.184720
f 710/1818/710 772/1819/772 705/1820/705
vt 0.654729 0.522790
f 808/1758/808 690/1757/690 728/1821/728
vt 0.499050 0.753914
f 726/1715/726 797/1822/797 698/1714/698
f 808/1758/808 602/1474/602 644/1756/644
f 631/1575/631 670/1576/670 966/1798/966
f 754/1784/754 691/1783/691 709/1789/709
vt 0.673868 0.503527
f 706/1583/706 782/1685/782 815/1823/815
vt 0.353357 0.838813
f 731/1812/731 692/1719/692 754/1824/754
vt 0.678303 0.504237
f 680/1825/680 706/1583/706 815/1823/815
vt 0.463861 0.775655
f 736/1826/736 714/1752/714 627/1754/627
vt 0.462687 0.780850
f 627/1754/627 713/1827/713 736/1826/736
vt 0.917842 0.121530
vt 0.918971 0.123873
vt 0.914233 0.122051
f 647/1828/647 701/1829/701 767/1830/767
vt 0.245419 0.559105
f 718/1755/718 789/1831/789 764/1728/764
vt 0.349211 0.826399
f 710/1785/710 766/1800/766 732/1832/732
vt 0.312941 0.651912
vt 0.312212 0.647349
f 747/1833/747 779/1834/779 695/1641/695
vt 0.500912 0.359968
vt 0.505102 0.359547
f 762/1835/762 675/1796/675 711/1836/711
f 695/1641/695 779/1834/779 707/1619/707
vt 0.481261 0.762165
f 633/1768/633 720/1740/720 759/1837/759
vt 0.579513 0.297110
vt 0.582091 0.296937
vt 0.582554 0.298528
f 545/1838/545 686/1839/686 868/1840/868
vt 0.251646 0.563863
f 739/1841/739 789/1831/789 718/1755/718
vt 0.162491 0.897978
f 697/1537/697 753/1842/753 693/1582/693
vt 0.246044 0.540970
f 626/1565/626 668/1529/668 708/1843/708
f 755/1771/755 708/1843/708 668/1529/668
f 801/1794/801 660/1686/660 723/1659/723
vt 0.165168 0.894010
f 753/1842/753 703/1844/703 693/1582/693
f 757/1797/757 675/1796/675 762/1835/762
vt 0.324821 0.638100
vt 0.325577 0.637011
f 761/1845/761 745/1846/745 684/1584/684
vt 0.736326 0.250050
vt 0.733172 0.247673
vt 0.739300 0.249860
f 724/1847/724 714/1848/714 736/1849/736
vt 0.508622 0.363246
vt 0.508706 0.359652
vt 0.511049 0.360901
f 775/1850/775 711/1851/711 698/1852/698
vt 0.933649 0.383723
vt 0.931691 0.382150
f 688/1585/688 745/1853/745 786/1854/786
vt 0.351574 0.853105
f 744/1611/744 727/1717/727 752/1855/752
vt 0.962881 0.284867
vt 0.960819 0.283410
f 751/1765/751 767/1856/767 701/1857/701
vt 0.242084 0.553536
f 678/1815/678 764/1728/764 941/1858/941
vt 0.926253 0.371703
f 696/1807/696 769/1859/769 722/1816/722
f 633/1768/633 759/1837/759 749/1769/749
vt 0.683879 0.281068
vt 0.680188 0.276239
vt 0.684209 0.274267
f 621/1860/621 802/1861/802 755/1862/755
vt 0.250884 0.550968
vt 0.246041 0.549420
f 621/1863/621 678/1815/678 802/1864/802
f 802/1864/802 678/1815/678 941/1858/941
vt 0.171835 0.892530
f 760/1865/760 974/1782/974 693/1582/693
f 770/1817/770 800/1811/800 635/1521/635
vt 0.353322 0.851347
f 796/1866/796 727/1717/727 712/1806/712
vt 0.660711 0.513855
f 808/1758/808 810/1867/810 602/1474/602
vt 0.931721 0.378060
f 696/1868/696 688/1585/688 786/1854/786
vt 0.320747 0.641436
vt 0.320951 0.637299
f 761/1763/761 687/1869/687 793/1870/793
vt 0.624344 0.280425
vt 0.628140 0.276407
vt 0.629205 0.279850
f 769/1871/769 799/1872/799 728/1873/728
f 810/1867/810 782/1685/782 602/1474/602
vt 0.598999 0.185433
vt 0.596770 0.184122
vt 0.596802 0.182043
f 682/1874/682 705/1875/705 772/1876/772
vt 0.592634 0.181860
f 772/1819/772 710/1818/710 732/1877/732
vt 0.925156 0.281368
f 754/1784/754 709/1789/709 785/1878/785
vt 0.495210 0.358356
vt 0.497556 0.357535
f 787/1879/787 664/1795/664 757/1880/757
vt 0.357329 0.838430
f 781/1881/781 731/1812/731 754/1824/754
vt 0.630844 0.183610
vt 0.632081 0.181755
f 717/1882/717 682/1723/682 773/1883/773
vt 0.925926 0.283669
vt 0.926359 0.284325
f 773/1884/773 709/1789/709 717/1885/717
vt 0.677642 0.499001
vt 0.677052 0.503630
f 771/1886/771 750/1558/750 680/1887/680
vt 0.339410 0.863861
f 625/1493/625 715/1748/715 780/1888/780
vt 0.301266 0.364903
f 740/1889/740 729/1675/729 458/1674/458
vt 0.338889 0.865641
f 625/1493/625 780/1890/780 713/1660/713
vt 0.466268 0.772324
f 714/1612/714 724/1891/724 777/1721/777
vt 0.134569 0.402471
vt 0.138802 0.401010
f 758/1892/758 742/1779/742 763/1893/763
vt 0.511651 0.364981
f 797/1894/797 775/1850/775 698/1852/698
vt 0.265776 0.733340
f 734/1472/734 460/1471/460 656/1895/656
vt 0.551611 0.059321
vt 0.552916 0.060061
vt 0.550755 0.060085
f 664/1896/664 787/1897/787 681/1898/681
vt 0.309411 0.449600
vt 0.305133 0.454005
f 652/723/652 1235/1899/1235 886/1900/886
vt 0.528862 0.507351
vt 0.528681 0.509655
vt 0.525750 0.506358
f 757/1901/757 762/1902/762 787/1903/787
vt 0.292847 0.076567
vt 0.291603 0.077822
vt 0.288952 0.076212
f 708/1904/708 765/1905/765 770/1906/770
f 700/1269/700 603/1369/603 847/1693/847
vt 0.783522 0.796924
f 741/1480/741 1485/1907/1485 836/1021/836
vt 0.505775 0.363196
f 775/1908/775 762/1835/762 711/1836/711
vt 0.327236 0.563070
vt 0.325639 0.558898
f 748/1909/748 536/1910/536 1234/1731/1234
f 727/1717/727 796/1866/796 752/1855/752
vt 0.665216 0.307341
vt 0.668375 0.306376
vt 0.668524 0.309249
f 712/1911/712 790/1912/790 796/1913/796
vt 0.354072 0.859428
f 752/1855/752 817/1914/817 744/1611/744
f 716/1780/716 742/1779/742 758/1892/758
vt 0.323735 0.637420
vt 0.322888 0.638305
f 745/1915/745 761/1916/761 793/1870/793
vt 0.177733 0.920366
f 756/1412/756 689/1405/689 874/1917/874
vt 0.144369 0.404687
vt 0.142827 0.402887
vt 0.145390 0.403603
f 776/1918/776 733/1919/733 681/1920/681
f 720/1740/720 735/1635/735 759/1837/759
vt 0.600767 0.184003
f 773/1921/773 682/1874/682 772/1876/772
f 785/1878/785 709/1789/709 773/1884/773
f 689/1405/689 523/1289/523 826/1622/826
vt 0.790873 0.803939
f 306/748/306 836/1021/836 822/1922/822
vt 0.692648 0.141126
vt 0.694696 0.139678
vt 0.695723 0.142718
f 766/1923/766 767/1924/767 828/1925/828
vt 0.501692 0.587511
f 747/1813/747 694/1776/694 846/1926/846
vt 0.681600 0.500085
f 750/1558/750 771/1886/771 674/1927/674
vt 0.973506 0.279297
vt 0.972997 0.282390
f 674/1767/674 771/1928/771 794/1929/794
vt 0.314739 0.640826
vt 0.317034 0.646561
f 768/1930/768 687/1869/687 707/1931/707
f 751/1765/751 674/1767/674 794/1929/794
f 975/1113/975 1088/1545/1088 570/737/570
vt 0.251638 0.565942
vt 0.253193 0.570003
f 739/1932/739 716/1933/716 789/1831/789
vt 0.806942 0.459345
f 800/1811/800 770/1817/770 824/1934/824
f 779/1834/779 768/1930/768 707/1931/707
f 687/1869/687 768/1930/768 793/1870/793
f 680/1887/680 815/1823/815 771/1886/771
f 703/1844/703 760/1865/760 693/1582/693
vt 0.601486 0.182944
f 792/1935/792 773/1921/773 772/1876/772
vt 0.341095 0.549595
vt 0.343815 0.554016
vt 0.339440 0.551145
f 669/1936/669 803/1937/803 702/1938/702
vt 0.334243 0.867177
vt 0.332335 0.864072
f 780/1890/780 838/1939/838 713/1940/713
vt 0.457839 0.774085
f 736/1826/736 713/1827/713 838/1941/838
vt 0.551718 0.062620
vt 0.553341 0.061297
f 776/1942/776 681/1898/681 787/1943/787
f 941/1858/941 764/1728/764 789/1831/789
vt 0.140897 0.405259
f 733/1919/733 821/1944/821 763/1893/763
f 776/1918/776 821/1944/821 733/1919/733
vt 0.605878 0.160548
vt 0.607145 0.158612
vt 0.606740 0.160691
f 765/1945/765 824/1946/824 770/1947/770
vt 0.523199 0.513237
f 774/1948/774 787/1903/787 762/1902/762
vt 0.352176 0.855011
vt 0.356568 0.855932
f 817/1914/817 752/1949/752 842/1950/842
vt 0.322418 0.632307
vt 0.324775 0.635158
f 793/1870/793 831/1951/831 745/1952/745
vt 0.181719 0.649101
vt 0.177896 0.649627
f 666/1953/666 801/1794/801 807/1954/807
vt 0.307600 0.651632
f 747/1833/747 778/1955/778 779/1834/779
vt 0.690720 0.142694
vt 0.692966 0.143701
f 732/1956/732 766/1923/766 783/1957/783
vt 0.962566 0.099601
vt 0.961706 0.100636
vt 0.958682 0.098524
f 785/1958/785 773/1959/773 792/1960/792
vt 0.670672 0.312094
vt 0.667582 0.312497
vt 0.669239 0.310806
f 842/1961/842 752/1962/752 796/1963/796
vt 0.593575 0.180298
f 772/1876/772 732/1877/732 783/1964/783
vt 0.930109 0.280531
vt 0.925900 0.279337
f 754/1965/754 785/1878/785 781/1966/781
vt 0.326959 0.632370
f 786/1967/786 745/1952/745 831/1951/831
vt 0.665241 0.303721
f 790/1912/790 712/1911/712 731/1968/731
vt 0.530733 0.519760
vt 0.532521 0.523590
vt 0.529207 0.523736
f 797/1969/797 726/1970/726 791/1971/791
vt 0.326371 0.630052
vt 0.331123 0.630266
f 833/1972/833 696/1973/696 786/1967/786
f 911/1129/911 1037/1809/1037 841/851/841
vt 0.922771 0.372859
vt 0.924690 0.376552
f 788/1974/788 696/1807/696 805/1975/805
vt 0.649342 0.521568
f 808/1758/808 728/1821/728 799/1976/799
vt 0.647336 0.920113
vt 0.652356 0.915727
vt 0.653773 0.920289
f 868/1977/868 686/1978/686 1082/1979/1082
f 744/1611/744 817/1914/817 715/1748/715
vt 0.580120 0.291642
vt 0.580813 0.292667
vt 0.580118 0.293951
f 721/1980/721 1158/1981/1158 686/1982/686
vt 0.249992 0.573960
vt 0.246916 0.572299
f 758/1983/758 834/1984/834 716/1933/716
vt 0.245801 0.544831
vt 0.242887 0.541392
f 755/1985/755 765/1986/765 708/1843/708
f 788/1974/788 769/1859/769 696/1807/696
vt 0.236249 0.543749
f 825/1987/825 765/1986/765 755/1985/755
vt 0.504842 0.596429
f 778/1988/778 747/1813/747 846/1926/846
vt 0.245814 0.549210
f 825/1987/825 755/1985/755 802/1989/802
vt 0.623288 0.276881
f 788/1990/788 799/1872/799 769/1871/769
vt 0.240048 0.567440
f 716/1933/716 861/1991/861 789/1831/789
vt 0.471122 0.553936
f 666/1609/666 807/1992/807 603/1369/603
f 834/1984/834 861/1991/861 716/1933/716
f 833/1972/833 786/1967/786 831/1951/831
vt 0.927523 0.379927
f 833/1993/833 805/1975/805 696/1807/696
f 759/1837/759 735/1635/735 777/1721/777
vt 0.481229 0.561198
f 876/1994/876 603/1369/603 807/1992/807
f 847/1693/847 603/1369/603 876/1994/876
vt 0.136554 0.405412
f 763/1893/763 839/1995/839 758/1892/758
f 783/1957/783 766/1923/766 828/1925/828
vt 0.176932 0.125137
vt 0.174304 0.124419
vt 0.175740 0.121836
f 852/1996/852 783/1997/783 828/1998/828
vt 0.165276 0.906624
f 866/1999/866 753/1842/753 697/1537/697
f 756/1412/756 866/1999/866 697/1537/697
vt 0.348523 0.864685
f 780/1888/780 715/1748/715 814/2000/814
vt 0.501305 0.365084
vt 0.506222 0.366518
f 774/2001/774 762/1835/762 823/2002/823
f 823/2002/823 762/1835/762 775/1908/775
vt 0.968468 0.284505
vt 0.972936 0.282326
f 804/2003/804 751/1765/751 794/2004/794
vt 0.960619 0.097972
f 785/1958/785 792/1960/792 819/2005/819
vt 0.529113 0.515498
vt 0.528051 0.518151
vt 0.525059 0.516952
f 775/2006/775 797/2007/797 823/2008/823
vt 0.851637 0.817322
f 1059/2009/1059 1269/1775/1269 725/1081/725
vt 0.240589 0.540782
f 824/2010/824 765/1986/765 825/1987/825
vt 0.355260 0.852765
vt 0.359660 0.854566
f 842/1950/842 796/2011/796 840/2012/840
vt 0.358415 0.851826
f 806/2013/806 840/2012/840 796/2011/796
vt 0.515168 0.367561
vt 0.512203 0.368921
f 791/2014/791 827/2015/827 797/1894/797
vt 0.671839 0.307205
vt 0.671488 0.309135
vt 0.670358 0.307447
f 806/2016/806 796/2017/796 790/2018/790
vt 0.655572 0.514982
f 810/1867/810 808/1758/808 818/2019/818
vt 0.522694 0.504754
vt 0.519789 0.505495
f 776/2020/776 787/1903/787 850/2021/850
vt 0.466758 0.770992
vt 0.466512 0.765341
f 724/2022/724 854/2023/854 777/1721/777
f 795/1648/795 550/1268/550 847/1693/847
f 670/1576/670 482/1204/482 1269/1775/1269
vt 0.965348 0.286001
f 767/1856/767 751/1765/751 804/2024/804
vt 0.312141 0.206264
vt 0.317479 0.206644
vt 0.312263 0.207342
f 804/2025/804 828/2026/828 767/2027/767
vt 0.318552 0.634017
f 831/1951/831 793/1870/793 832/2028/832
vt 0.963041 0.098542
f 819/2005/819 845/2029/845 785/1958/785
vt 0.704545 0.249057
vt 0.704786 0.250032
vt 0.700076 0.249306
f 772/2030/772 783/2031/783 852/2032/852
vt 0.703308 0.247521
f 792/2033/792 772/2030/772 852/2032/852
f 814/2000/814 715/1748/715 817/1914/817
vt 0.485810 0.755330
f 872/2034/872 726/1715/726 749/1769/749
vt 0.489359 0.754437
f 791/2035/791 726/1715/726 872/2034/872
vt 0.810151 0.464301
f 801/2036/801 723/1772/723 800/1811/800
f 763/1893/763 821/1944/821 839/1995/839
vt 0.520093 0.502988
f 821/2037/821 776/2020/776 850/2021/850
vt 0.478504 0.554526
f 876/1994/876 807/1992/807 887/2038/887
vt 0.475424 0.761408
f 759/1837/759 777/1721/777 863/2039/863
vt 0.624501 0.275693
vt 0.625541 0.272840
f 788/2040/788 813/2041/813 799/1872/799
vt 0.652869 0.517149
f 818/2019/818 808/1758/808 880/2042/880
vt 0.247438 0.576736
f 758/1983/758 839/2043/839 834/1984/834
vt 0.672067 0.498638
f 771/1886/771 815/1823/815 851/2044/851
vt 0.653297 0.061791
vt 0.648880 0.060425
vt 0.650964 0.060087
f 804/2045/804 794/2046/794 835/2047/835
vt 0.922501 0.279494
f 781/1966/781 785/1878/785 845/2048/845
vt 0.659293 0.912082
vt 0.664894 0.914838
vt 0.655391 0.913965
f 784/2049/784 1338/2050/1338 721/2051/721
vt 0.920746 0.282224
vt 0.918851 0.279546
f 845/2048/845 819/2052/819 853/2053/853
vt 0.917555 0.283944
vt 0.918525 0.283219
vt 0.918941 0.284229
f 852/2054/852 819/2055/819 792/2056/792
vt 0.323473 0.624034
vt 0.328735 0.626106
vt 0.325591 0.629614
f 830/2057/830 805/2058/805 833/2059/833
vt 0.465614 0.130240
vt 0.464888 0.134062
vt 0.461773 0.131264
f 837/2060/837 839/2061/839 821/2062/821
vt 0.751382 0.777193
vt 0.745734 0.771326
vt 0.748364 0.773662
f 768/2063/768 832/2064/832 793/2065/793
vt 0.331612 0.621503
f 805/2058/805 830/2057/830 788/2066/788
vt 0.310373 0.640310
f 768/1930/768 779/1834/779 878/2067/878
vt 0.517959 0.510513
f 850/2021/850 787/1903/787 849/2068/849
f 787/1903/787 774/1948/774 849/2068/849
vt 0.304531 0.647280
f 778/1955/778 829/2069/829 779/1834/779
vt 0.649804 0.518168
f 799/1976/799 880/2070/880 808/1758/808
vt 0.668104 0.500998
f 881/2071/881 815/1823/815 782/1685/782
vt 0.507521 0.368098
f 823/2072/823 797/1894/797 827/2015/827
f 881/2071/881 851/2044/851 815/1823/815
vt 0.789706 0.800672
f 1485/1907/1485 890/2073/890 836/1021/836
vt 0.502233 0.580757
f 795/1648/795 820/2074/820 694/1776/694
vt 0.361479 0.849344
f 806/2013/806 816/2075/816 840/2012/840
vt 0.385843 0.179768
vt 0.386272 0.178218
vt 0.388963 0.180611
f 724/2076/724 736/2077/736 838/2078/838
vt 0.173122 0.289276
f 896/2079/896 737/1484/737 738/1687/738
vt 0.462767 0.768816
f 724/2022/724 857/2080/857 854/2023/854
vt 0.236842 0.557035
f 941/1858/941 789/1831/789 885/2081/885
vt 0.175844 0.284527
f 812/2082/812 896/2079/896 738/1687/738
f 1118/1695/1118 658/1071/658 746/917/746
vt 0.670276 0.303150
vt 0.670329 0.305489
f 790/1912/790 816/2083/816 806/2084/806
f 749/1769/749 759/1837/759 872/2034/872
f 941/1858/941 825/1987/825 802/1989/802
f 731/1968/731 816/2083/816 790/1912/790
vt 0.813165 0.461693
f 801/2036/801 800/1811/800 859/2085/859
vt 0.507282 0.594485
f 884/2086/884 778/1988/778 846/1926/846
vt 0.174082 0.653170
f 860/2087/860 807/1954/807 801/1794/801
vt 0.505838 0.985686
vt 0.513982 0.985411
vt 0.511141 0.990029
f 1000/2088/1000 983/2089/983 582/2090/582
vt 0.257987 0.742263
f 734/1472/734 1000/2091/1000 582/1498/582
vt 0.152525 0.149585
vt 0.149098 0.146444
vt 0.153792 0.147269
f 919/2092/919 861/2093/861 834/2094/834
vt 0.239928 0.562264
f 844/2095/844 789/1831/789 861/1991/861
vt 0.295565 0.716243
f 1488/2096/1488 743/1148/743 809/1235/809
vt 0.627877 0.273473
f 813/2041/813 900/2097/900 799/1872/799
vt 0.296503 0.452993
f 459/992/459 652/723/652 1355/2098/1355
vt 0.502376 0.367770
f 823/2002/823 855/2099/855 774/2001/774
vt 0.407449 0.293081
vt 0.408005 0.291214
vt 0.413195 0.293433
f 794/2100/794 771/2101/771 856/2102/856
vt 0.411440 0.292327
f 851/2103/851 856/2102/856 771/2101/771
vt 0.970310 0.285781
vt 0.974948 0.286551
f 835/2104/835 794/1929/794 901/2105/901
vt 0.279855 0.985066
vt 0.286530 0.987739
vt 0.278282 0.989276
f 822/2106/822 836/2107/836 890/2108/890
vt 0.274783 0.988531
f 906/2109/906 822/2106/822 890/2108/890
vt 0.361675 0.857519
f 842/1950/842 840/2012/840 879/2110/879
vt 0.654243 0.510826
f 782/1685/782 810/1867/810 882/2111/882
vt 0.107138 0.229759
vt 0.111174 0.226951
vt 0.110791 0.231585
f 840/2112/840 869/2113/869 879/2114/879
vt 0.108644 0.226398
f 858/2115/858 869/2113/869 840/2112/840
vt 0.517203 0.503500
f 850/2021/850 837/2116/837 821/2037/821
f 822/1922/822 641/1306/641 306/748/306
vt 0.304097 0.647388
vt 0.300609 0.651737
f 829/2117/829 778/1955/778 907/2118/907
vt 0.719820 0.141789
vt 0.718899 0.143848
vt 0.716376 0.142378
f 828/2119/828 804/2120/804 835/2121/835
vt 0.322956 0.628691
f 830/2057/830 833/2122/833 831/1951/831
vt 0.516913 0.369726
vt 0.513497 0.372362
f 827/2015/827 791/2123/791 870/2124/870
vt 0.180258 0.121907
f 852/1996/852 828/1998/828 918/2125/918
vt 0.647876 0.518578
f 880/2070/880 799/1976/799 900/2126/900
vt 0.550558 0.204179
vt 0.551671 0.206510
vt 0.549248 0.204388
f 810/2127/810 818/2128/818 882/2129/882
f 694/1776/694 820/2074/820 846/1926/846
f 800/1811/800 824/1934/824 859/2085/859
vt 0.481298 0.754586
f 872/2034/872 759/1837/759 862/2130/862
vt 0.240165 0.560898
f 844/2131/844 885/2081/885 789/1831/789
vt 0.744589 0.779248
f 923/2132/923 832/2064/832 768/2063/768
vt 0.335111 0.320481
vt 0.338798 0.320013
vt 0.340089 0.324185
f 781/2133/781 845/2134/845 875/2135/875
vt 0.363353 0.843375
f 731/1812/731 781/1881/781 843/2136/843
f 816/2075/816 731/1812/731 843/2136/843
vt 0.490005 0.564766
f 795/1648/795 847/1693/847 950/2137/950
f 863/2039/863 777/1721/777 854/2023/854
vt 0.324880 0.620725
f 788/2066/788 830/2057/830 865/2138/865
vt 0.299536 0.646834
f 942/2139/942 829/2117/829 907/2118/907
vt 0.520074 0.512728
vt 0.519494 0.514281
f 849/2140/849 774/1948/774 855/2141/855
vt 0.330431 0.618279
f 813/2142/813 788/2066/788 865/2138/865
vt 0.241952 0.574798
f 919/2143/919 834/1984/834 839/2043/839
vt 0.752216 0.784800
vt 0.753464 0.787000
vt 0.747992 0.782453
f 779/2144/779 829/2145/829 878/2146/878
vt 0.603022 0.133544
vt 0.599495 0.133769
vt 0.603399 0.130974
f 901/2147/901 794/2148/794 856/2149/856
vt 0.970976 0.287204
f 901/2105/901 910/2150/910 835/2104/835
f 878/2146/878 923/2132/923 768/2063/768
vt 0.077284 0.012126
vt 0.077083 0.011038
vt 0.078026 0.011452
f 879/2151/879 869/2152/869 894/2153/894
vt 0.510084 0.371036
f 827/2015/827 892/2154/892 823/2072/823
vt 0.343920 0.550815
f 943/2155/943 803/1937/803 669/1936/669
vt 0.193281 0.929368
f 689/1405/689 826/1622/826 877/2156/877
vt 0.167921 0.919214
f 866/1999/866 756/1412/756 984/2157/984
f 892/2154/892 827/2015/827 870/2124/870
vt 0.527212 0.527391
vt 0.522231 0.524452
f 791/1971/791 872/2158/872 870/2159/870
vt 0.551952 0.411067
vt 0.554116 0.409498
vt 0.557308 0.411904
f 845/2160/845 853/2161/853 875/2162/875
vt 0.235526 0.150350
vt 0.228351 0.147317
vt 0.233374 0.147165
f 852/2163/852 918/2164/918 867/2165/867
vt 0.105114 0.226386
vt 0.107463 0.224307
f 858/2115/858 816/2166/816 902/2167/902
f 816/2166/816 858/2115/858 840/2112/840
vt 0.514697 0.505238
f 912/2168/912 850/2021/850 849/2068/849
vt 0.469358 0.132434
vt 0.466438 0.134758
f 837/2060/837 926/2169/926 839/2170/839
vt 0.363890 0.862447
f 817/1914/817 842/1950/842 947/2171/947
vt 0.661034 0.505893
f 848/2172/848 881/2071/881 782/1685/782
vt 0.166298 0.890717
f 1137/2173/1137 760/1865/760 703/1844/703
vt 0.668925 0.497376
f 881/2071/881 856/2174/856 851/2044/851
vt 0.505122 0.368273
vt 0.504539 0.370278
f 855/2099/855 823/2175/823 905/2176/905
vt 0.434791 0.327994
vt 0.433443 0.331343
vt 0.429063 0.327595
f 703/2177/703 753/2178/753 1044/2179/1044
vt 0.180456 0.895012
f 632/1667/632 974/2180/974 784/1720/784
vt 0.161008 0.890398
vt 0.162375 0.897931
vt 0.156627 0.891855
f 1044/2181/1044 753/2182/753 1020/2183/1020
vt 0.521076 0.521488
vt 0.519330 0.518101
vt 0.523488 0.518142
f 892/2184/892 905/2185/905 823/2186/823
f 689/1405/689 877/2156/877 874/1917/874
vt 0.431927 0.324709
f 703/2177/703 1044/2179/1044 1137/2187/1137
vt 0.695693 0.243539
vt 0.698907 0.246503
vt 0.695876 0.246854
f 853/2188/853 819/2189/819 895/2190/895
vt 0.388327 0.182490
f 838/2078/838 857/2191/857 724/2076/724
vt 0.318974 0.628151
f 897/2192/897 830/2057/830 831/1951/831
vt 0.318063 0.630107
vt 0.319225 0.631020
f 920/2193/920 831/1951/831 832/2194/832
vt 0.718122 0.139922
f 835/2121/835 918/2195/918 828/2119/828
vt 0.652786 0.514622
vt 0.651917 0.514012
f 818/2196/818 880/2197/880 882/2111/882
vt 0.327982 0.618040
f 813/2142/813 865/2138/865 915/2198/915
f 882/2111/882 848/2172/848 782/1685/782
vt 0.700201 0.246074
vt 0.697810 0.248283
f 819/2199/819 852/2032/852 895/2200/895
vt 0.611381 0.155751
vt 0.610186 0.154074
f 859/2201/859 824/1946/824 940/2202/940
vt 0.476887 0.752120
f 972/2203/972 862/2130/862 759/1837/759
vt 0.333944 0.326048
f 843/2204/843 781/2133/781 875/2135/875
vt 0.177212 0.655634
f 801/1794/801 859/2205/859 860/2087/860
vt 0.304045 0.653746
f 884/2206/884 907/2118/907 778/1955/778
vt 0.273174 0.982360
f 908/2207/908 822/2106/822 906/2109/906
vt 0.364835 0.849867
f 843/2136/843 902/2208/902 816/2075/816
vt 0.473750 0.553527
f 887/2038/887 807/1992/807 913/2209/913
vt 0.338961 0.873553
vt 0.335403 0.869732
f 780/1890/780 946/2210/946 838/2211/838
vt 0.220059 0.315921
vt 0.221254 0.321038
vt 0.215162 0.322753
f 838/2212/838 891/2213/891 857/2214/857
vt 0.797679 0.092024
vt 0.799596 0.091491
vt 0.800055 0.092236
f 669/2215/669 868/2216/868 943/2217/943
f 950/2137/950 847/1693/847 876/1994/876
f 850/2021/850 912/2168/912 837/2116/837
vt 0.606956 0.132481
f 901/2147/901 856/2149/856 936/2218/936
vt 0.275994 0.981497
f 822/2106/822 908/2207/908 641/2219/641
vt 0.806692 0.805034
f 871/1722/871 1185/2220/1185 975/1113/975
vt 0.714960 0.140095
f 835/2121/835 893/2221/893 918/2195/918
f 1037/1809/1037 1059/2009/1059 725/1081/725
f 879/2110/879 947/2171/947 842/1950/842
vt 0.656527 0.916567
f 1158/2222/1158 1082/1979/1082 686/1978/686
vt 0.694719 0.244813
f 979/2223/979 853/2188/853 895/2190/895
vt 0.358704 0.869630
f 814/2000/814 817/1914/817 889/2224/889
vt 0.471605 0.134446
f 839/2170/839 926/2169/926 919/2225/919
vt 0.114573 0.226335
vt 0.113396 0.229155
f 869/2113/869 903/2226/903 894/2227/894
vt 0.317803 0.625055
f 899/2228/899 830/2057/830 897/2192/897
vt 0.853258 0.099238
vt 0.852810 0.097273
vt 0.854737 0.097285
f 858/2229/858 902/2230/902 883/2231/883
f 897/2192/897 831/1951/831 920/2193/920
vt 0.725331 0.070814
vt 0.724422 0.072637
vt 0.722827 0.071579
f 926/2232/926 837/2233/837 1006/2234/1006
vt 0.855501 0.099227
f 869/2235/869 858/2229/858 883/2231/883
vt 0.337847 0.200764
vt 0.339570 0.198386
vt 0.340065 0.200877
f 1006/2236/1006 837/2237/837 912/2238/912
vt 0.660494 0.194902
vt 0.657582 0.195241
vt 0.656743 0.192313
f 924/2239/924 880/2240/880 900/2241/900
vt 0.468397 0.761233
f 863/2039/863 854/2023/854 957/2242/957
vt 0.660673 0.499812
f 881/2071/881 848/2172/848 952/2243/952
vt 0.501564 0.370125
f 855/2099/855 905/2176/905 928/2244/928
vt 0.732932 0.759264
vt 0.730090 0.753889
vt 0.734071 0.756710
f 864/2245/864 915/2246/915 865/2247/865
vt 0.750222 0.789617
f 878/2146/878 829/2145/829 942/2248/942
vt 0.366853 0.102661
vt 0.362592 0.101264
vt 0.365470 0.100779
f 893/2249/893 835/2250/835 910/2251/910
vt 0.647823 0.517084
vt 0.646555 0.516130
vt 0.647313 0.513462
f 880/2252/880 924/2253/924 873/2254/873
vt 0.655515 0.508185
f 848/2172/848 882/2111/882 934/2255/934
vt 0.650227 0.514877
f 882/2111/882 880/2256/880 873/2254/873
vt 0.559275 0.408625
f 853/2161/853 979/2257/979 875/2162/875
vt 0.667899 0.907482
vt 0.663417 0.908580
f 760/2258/760 1338/2050/1338 974/2259/974
vt 0.856607 0.097208
f 883/2231/883 949/2260/949 869/2235/869
vt 0.114050 0.224511
f 869/2113/869 949/2261/949 903/2226/903
vt 0.151545 0.896734
f 753/2182/753 932/2262/932 1020/2183/1020
vt 0.741521 0.775572
vt 0.740019 0.770729
f 953/2263/953 920/2264/920 832/2064/832
f 832/2064/832 923/2132/923 953/2263/953
vt 0.169271 0.890531
f 760/1865/760 1137/2173/1137 1042/2265/1042
vt 0.366060 0.848222
f 902/2208/902 843/2136/843 944/2266/944
vt 0.732595 0.753963
vt 0.734234 0.754042
f 900/2267/900 813/2268/813 915/2246/915
vt 0.172791 0.646815
f 807/1954/807 860/2087/860 913/2269/913
f 759/1837/759 863/2039/863 972/2203/972
vt 0.497707 0.572514
f 962/2270/962 795/1648/795 950/2137/950
f 820/2074/820 795/1648/795 962/2270/962
vt 0.524038 0.528620
vt 0.521528 0.527279
f 862/2271/862 929/2272/929 872/2158/872
vt 0.207305 0.931251
f 966/2273/966 877/2156/877 826/1622/826
vt 0.321900 0.620371
f 865/2138/865 830/2057/830 864/2274/864
vt 0.512416 0.510893
f 912/2168/912 849/2068/849 888/2275/888
vt 0.666246 0.496873
f 856/2174/856 881/2071/881 937/2276/937
f 929/2272/929 870/2159/870 872/2158/872
vt 0.521383 0.522992
vt 0.520238 0.522546
f 892/2184/892 870/2277/870 909/2278/909
vt 0.219110 0.324599
f 857/2214/857 891/2213/891 999/2279/999
vt 0.648354 0.510054
f 882/2111/882 873/2254/873 927/2280/927
vt 0.662456 0.496130
f 952/2243/952 963/2281/963 881/2071/881
f 866/1999/866 932/2262/932 753/2182/753
f 937/2276/937 881/2071/881 963/2281/963
f 889/2224/889 817/1914/817 947/2171/947
vt 0.364645 0.857069
f 879/2110/879 894/2282/894 947/2171/947
vt 0.805019 0.118189
vt 0.807851 0.116087
vt 0.808053 0.118487
f 944/2283/944 883/2284/883 902/2285/902
vt 0.577125 0.209896
vt 0.577288 0.204161
vt 0.578253 0.206108
f 946/2286/946 780/2287/780 914/2288/914
vt 0.696527 0.069167
vt 0.699352 0.068779
vt 0.699431 0.070906
f 867/2289/867 898/2290/898 852/2291/852
vt 0.745153 0.592643
f 1117/2292/1117 740/1253/740 452/821/452
f 1488/1499/1488 1117/2292/1117 452/821/452
vt 0.340581 0.205110
f 1006/2236/1006 912/2238/912 925/2293/925
vt 0.344496 0.206262
vt 0.342014 0.202979
f 888/2294/888 925/2293/925 912/2295/912
vt 0.594866 0.961271
f 741/1690/741 730/1475/730 1485/2296/1485
vt 0.794502 0.799725
f 890/2073/890 1485/1907/1485 996/2297/996
vt 0.673476 0.038433
vt 0.675572 0.037510
vt 0.676034 0.040431
f 856/2298/856 937/2299/937 936/2300/936
vt 0.368360 0.856912
vt 0.372998 0.860351
f 894/2282/894 903/2301/903 1029/2302/1029
vt 0.453756 0.359350
vt 0.455007 0.361731
vt 0.450645 0.357806
f 855/2303/855 928/2304/928 849/2305/849
vt 0.337064 0.877755
f 891/2306/891 838/2211/838 946/2210/946
vt 0.743136 0.787272
f 964/2307/964 878/2146/878 942/2248/942
vt 0.795671 0.802155
f 890/2073/890 996/2297/996 906/2308/906
vt 0.266540 0.742169
f 1633/2309/1633 734/1472/734 656/1895/656
vt 0.722946 0.069627
f 926/2232/926 1006/2234/1006 954/2310/954
vt 0.318110 0.622855
f 830/2057/830 899/2228/899 980/2311/980
f 886/1900/886 1355/2098/1355 652/723/652
vt 0.469224 0.364684
vt 0.471927 0.367674
vt 0.467405 0.366841
f 870/2312/870 929/2313/929 909/2314/909
f 830/2057/830 980/2311/980 864/2274/864
vt 0.662477 0.193539
f 900/2241/900 935/2315/935 924/2239/924
vt 0.660260 0.191052
f 935/2315/935 900/2241/900 915/2316/915
vt 0.790378 0.412249
vt 0.789712 0.415348
vt 0.784893 0.411565
f 979/2317/979 895/2318/895 1004/2319/1004
vt 0.268939 0.987154
vt 0.271469 0.986347
f 906/2109/906 1108/2320/1108 904/2321/904
vt 0.803584 0.801745
f 996/2297/996 1108/2322/1108 906/2308/906
vt 0.787294 0.416565
vt 0.781243 0.414781
f 895/2318/895 852/2323/852 898/2324/898
f 947/2171/947 894/2282/894 1029/2302/1029
vt 0.513325 0.582755
f 997/2325/997 884/2086/884 846/1926/846
vt 0.516593 0.593561
f 930/2326/930 884/2086/884 997/2325/997
vt 0.204309 0.971174
vt 0.209789 0.972050
vt 0.209190 0.974186
f 965/2327/965 1095/2328/1095 989/2329/989
vt 0.512794 0.596485
f 884/2086/884 930/2326/930 907/2330/907
vt 0.569206 0.415754
vt 0.558162 0.416054
f 875/2162/875 981/2331/981 843/2332/843
vt 0.166608 0.649761
f 960/2333/960 913/2269/913 860/2087/860
vt 0.231918 0.536432
vt 0.238495 0.539810
f 825/1987/825 940/2334/940 824/2335/824
vt 0.069550 0.175158
vt 0.067968 0.177804
vt 0.065593 0.174556
f 885/2336/885 844/2337/844 959/2338/959
vt 0.169162 0.644474
f 887/2339/887 913/2269/913 960/2333/960
vt 0.515497 0.521078
vt 0.515434 0.518825
f 905/2185/905 967/2340/967 933/2341/933
vt 0.419403 0.261842
vt 0.423439 0.263305
vt 0.418670 0.263580
f 952/2342/952 848/2343/848 994/2344/994
vt 0.462138 0.366550
vt 0.461370 0.362758
vt 0.464196 0.363755
f 967/2345/967 905/2346/905 892/2347/892
f 909/2314/909 967/2345/967 892/2347/892
vt 0.343993 0.872006
f 814/2000/814 914/2348/914 780/1890/780
vt 0.198259 0.968333
vt 0.205197 0.972743
f 1208/2349/1208 965/2327/965 989/2350/989
vt 0.677312 0.039288
f 936/2300/936 937/2299/937 955/2351/955
vt 0.460939 0.766183
vt 0.461640 0.765552
f 854/2023/854 931/2352/931 921/2353/921
f 854/2023/854 857/2080/857 931/2352/931
vt 0.459522 0.767440
f 931/2352/931 857/2080/857 999/2354/999
f 1004/2319/1004 895/2318/895 898/2324/898
vt 0.335435 0.555158
f 798/2355/798 702/1938/702 803/1937/803
vt 0.609580 0.132937
vt 0.609348 0.134302
f 936/2218/936 956/2356/956 916/2357/916
vt 0.607590 0.135005
f 916/2357/916 901/2358/901 936/2218/936
vt 0.908002 0.099785
vt 0.904408 0.099960
vt 0.907084 0.097327
f 910/2359/910 901/2360/901 917/2361/917
vt 0.899077 0.174714
vt 0.894079 0.174337
vt 0.895003 0.173013
f 893/2362/893 910/2363/910 917/2364/917
vt 0.314589 0.630527
vt 0.309023 0.634174
vt 0.311644 0.628010
f 920/2365/920 953/2366/953 970/2367/970
f 874/1917/874 984/2157/984 756/1412/756
vt 0.730806 0.761475
vt 0.732956 0.760601
vt 0.733709 0.764754
f 945/2368/945 864/2369/864 980/2370/980
vt 0.317022 0.626906
f 897/2371/897 920/2365/920 970/2367/970
vt 0.376805 0.856199
vt 0.370950 0.854016
f 948/2372/948 903/2301/903 949/2373/949
vt 0.661487 0.192084
f 915/2316/915 922/2374/922 935/2315/935
vt 0.552659 0.157187
vt 0.549747 0.157005
vt 0.551788 0.154333
f 919/2375/919 926/2376/926 954/2377/954
vt 0.340488 0.876155
vt 0.345691 0.878431
f 946/2378/946 914/2348/914 985/2379/985
vt 0.412815 0.295700
vt 0.415248 0.295979
vt 0.415697 0.298206
f 936/2380/936 955/2381/955 956/2382/956
f 908/2207/908 906/2109/906 904/2321/904
vt 0.416955 0.294311
vt 0.420950 0.294257
vt 0.418373 0.295926
f 937/2383/937 963/2384/963 955/2385/955
vt 0.458503 0.363318
vt 0.457879 0.365396
f 928/2304/928 905/2386/905 933/2387/933
vt 0.370089 0.864766
f 947/2171/947 1029/2302/1029 1011/2388/1011
vt 0.039989 0.148371
vt 0.044984 0.147492
vt 0.045083 0.149940
f 969/2389/969 864/2390/864 945/2391/945
vt 0.039885 0.146382
f 864/2390/864 969/2389/969 915/2392/915
vt 0.770626 0.427070
vt 0.766420 0.426331
vt 0.770006 0.424654
f 901/2393/901 916/2394/916 917/2395/917
vt 0.653385 0.505709
f 882/2111/882 927/2280/927 934/2396/934
vt 0.653651 0.501601
vt 0.657973 0.504824
f 934/2396/934 994/2397/994 848/2398/848
vt 0.213245 0.176398
vt 0.213525 0.173480
vt 0.214624 0.176598
f 1014/2399/1014 883/2400/883 944/2401/944
vt 0.776185 0.420775
vt 0.777138 0.418412
vt 0.780643 0.419810
f 893/2402/893 973/2403/973 918/2404/918
vt 0.644805 0.515257
vt 0.643385 0.514018
f 873/2254/873 924/2405/924 935/2406/935
f 903/2301/903 948/2372/948 1029/2302/1029
vt 0.237052 0.572704
f 1041/2407/1041 861/1991/861 919/2143/919
vt 0.223193 0.550267
f 885/2081/885 958/2408/958 941/1858/941
vt 0.481525 0.751955
f 929/2409/929 862/2130/862 972/2203/972
vt 0.814806 0.457463
vt 0.819963 0.459459
f 859/2085/859 940/2410/940 977/2411/977
vt 0.154512 0.910687
f 932/2262/932 866/1999/866 1027/2412/1027
f 981/2331/981 875/2162/875 979/2257/979
vt 0.062413 0.178174
f 861/2413/861 959/2338/959 844/2337/844
vt 0.235575 0.570696
f 861/1991/861 1041/2407/1041 939/2414/939
vt 0.472968 0.752865
f 972/2203/972 863/2039/863 938/2415/938
vt 0.818887 0.463105
f 860/2416/860 859/2085/859 977/2411/977
vt 0.295754 0.650091
f 907/2118/907 1005/2417/1005 942/2139/942
f 938/2415/938 863/2039/863 957/2242/957
vt 0.893056 0.050886
vt 0.894159 0.052130
vt 0.892067 0.052744
f 915/2418/915 969/2419/969 922/2420/922
vt 0.483990 0.553993
f 887/2038/887 961/2421/961 876/1994/876
vt 0.164360 0.641284
f 961/2422/961 887/2339/887 960/2333/960
vt 0.333763 0.332772
vt 0.337236 0.328987
f 944/2423/944 843/2204/843 981/2424/981
vt 0.461061 0.761263
f 854/2023/854 968/2425/968 957/2242/957
vt 0.459605 0.763371
f 854/2023/854 921/2426/921 968/2425/968
vt 0.270559 0.979473
f 871/2427/871 641/2219/641 908/2207/908
vt 0.452043 0.364893
f 951/2428/951 849/2305/849 928/2304/928
vt 0.812053 0.806983
f 975/1113/975 971/2429/971 1088/1545/1088
vt 0.744225 0.779410
f 923/2430/923 878/2146/878 964/2307/964
vt 0.450387 0.363302
f 888/2431/888 849/2305/849 951/2428/951
f 951/2428/951 928/2304/928 933/2387/933
vt 0.721851 0.744595
vt 0.723257 0.746558
vt 0.718281 0.745468
f 927/2432/927 873/2433/873 987/2434/987
vt 0.780926 0.418071
f 973/2403/973 867/2435/867 918/2404/918
f 1338/2050/1338 1158/2222/1158 721/2051/721
vt 0.353061 0.874051
f 1008/2436/1008 814/2000/814 889/2224/889
f 1008/2436/1008 914/2348/914 814/2000/814
f 914/2348/914 1008/2436/1008 985/2379/985
f 846/1926/846 820/2074/820 997/2325/997
f 950/2137/950 876/1994/876 961/2421/961
vt 0.556025 0.154332
f 919/2375/919 954/2377/954 1041/2437/1041
vt 0.514574 0.520091
f 967/2340/967 1009/2438/1009 933/2341/933
vt 0.576667 0.213504
vt 0.575531 0.212755
f 946/2286/946 1050/2439/1050 891/2440/891
f 899/2228/899 897/2371/897 970/2367/970
vt 0.721858 0.749319
f 987/2434/987 873/2433/873 935/2441/935
vt 0.736621 0.777416
vt 0.740426 0.778688
f 988/2442/988 953/2443/953 923/2430/923
vt 0.509117 0.979546
vt 0.517328 0.978097
f 983/2089/983 1169/2444/1169 812/2445/812
vt 0.159847 0.889308
vt 0.157127 0.886647
f 1044/2446/1044 1020/2183/1020 1328/2447/1328
vt 0.829389 0.810973
f 911/1129/911 1282/2448/1282 1037/1809/1037
vt 0.773567 0.422147
vt 0.770013 0.421108
f 893/2402/893 917/2449/917 1034/2450/1034
vt 0.377973 0.853893
f 948/2372/948 949/2373/949 1039/2451/1039
vt 0.518022 0.595912
f 1005/2452/1005 907/2330/907 930/2326/930
vt 0.824203 0.463761
f 977/2411/977 960/2453/960 860/2416/860
f 1338/2050/1338 784/2049/784 974/2259/974
vt 0.226453 0.536488
f 825/1987/825 977/2454/977 940/2334/940
vt 0.593905 0.261914
vt 0.599794 0.265274
vt 0.595726 0.266926
f 885/2455/885 959/2456/959 1003/2457/1003
vt 0.228241 0.546356
f 958/2408/958 978/2458/978 941/1858/941
f 825/1987/825 941/1858/941 978/2458/978
vt 0.211443 0.171414
vt 0.208967 0.174725
f 949/2459/949 883/2400/883 1014/2460/1014
vt 0.217194 0.328768
vt 0.216853 0.326258
vt 0.219182 0.324839
f 921/2461/921 931/2462/931 999/2463/999
vt 0.724508 0.752264
vt 0.719570 0.752219
f 935/2441/935 922/2464/922 976/2465/976
vt 0.040963 0.152104
f 969/2389/969 945/2391/945 1002/2466/1002
vt 0.655393 0.496007
f 963/2281/963 952/2243/952 998/2467/998
vt 0.304640 0.631665
f 970/2367/970 953/2366/953 988/2468/988
vt 0.986438 0.377949
vt 0.984412 0.372771
vt 0.989984 0.377658
f 1157/2469/1157 1328/2470/1328 1020/2471/1020
vt 0.649860 0.040268
vt 0.649741 0.037881
vt 0.652333 0.038080
f 898/2472/898 867/2473/867 973/2474/973
vt 0.206421 0.172122
f 1039/2475/1039 949/2459/949 1014/2460/1014
vt 0.765597 0.422623
f 916/2394/916 1034/2476/1034 917/2395/917
vt 0.211267 0.938773
vt 0.202538 0.936471
f 966/2273/966 670/2477/670 1292/2478/1292
vt 0.223478 0.327670
f 1036/2479/1036 921/2461/921 999/2463/999
vt 0.507374 0.513499
vt 0.510799 0.514873
vt 0.509494 0.515921
f 1026/2480/1026 888/2481/888 951/2482/951
vt 0.224364 0.323052
vt 0.226321 0.320917
f 999/2483/999 891/2213/891 1050/2484/1050
vt 0.126286 0.176110
vt 0.120790 0.172431
vt 0.126537 0.172715
f 1061/2485/1061 929/2486/929 1010/2487/1010
vt 0.123384 0.171471
f 929/2486/929 972/2488/972 1010/2487/1010
vt 0.422797 0.296699
f 963/2384/963 1032/2489/1032 955/2385/955
f 877/2156/877 966/2273/966 1292/2478/1292
vt 0.339948 0.881564
f 1050/2490/1050 946/2378/946 985/2379/985
vt 0.463748 0.370214
f 967/2345/967 909/2314/909 1001/2491/1001
vt 0.737489 0.781730
f 923/2430/923 964/2307/964 986/2492/986
vt 0.738930 0.780462
f 988/2493/988 923/2430/923 986/2492/986
vt 0.529190 0.083183
vt 0.532790 0.081858
vt 0.534422 0.084043
f 909/2494/909 929/2495/929 1061/2496/1061
vt 0.717418 0.740183
vt 0.716971 0.742235
f 934/2497/934 927/2432/927 982/2498/982
vt 0.747840 0.793975
f 942/2248/942 1005/2499/1005 964/2307/964
vt 0.313147 0.623256
f 980/2500/980 899/2228/899 970/2367/970
vt 0.221914 0.554759
f 958/2408/958 885/2081/885 1052/2501/1052
vt 0.229670 0.560196
f 1003/2502/1003 1052/2501/1052 885/2081/885
f 1282/2448/1282 911/1129/911 1088/1545/1088
vt 0.724514 0.759285
f 945/2368/945 980/2370/980 1002/2503/1002
vt 0.464874 0.753726
f 957/2242/957 968/2425/968 1019/2504/1019
vt 0.227245 0.541857
vt 0.226160 0.540223
f 978/2505/978 1024/2506/1024 825/1987/825
vt 0.744291 0.797802
vt 0.748748 0.796968
f 1038/2507/1038 1005/2499/1005 930/2508/930
vt 0.717886 0.743794
f 927/2432/927 987/2434/987 982/2509/982
vt 0.776135 0.412572
f 898/2324/898 992/2510/992 1004/2319/1004
vt 0.425200 0.294881
f 998/2511/998 1032/2489/1032 963/2384/963
vt 0.479865 0.108486
vt 0.483096 0.110584
vt 0.478704 0.110899
f 956/2512/956 955/2513/955 1040/2514/1040
vt 0.780348 0.408442
f 1056/2515/1056 1004/2319/1004 992/2510/992
vt 0.307587 0.625720
f 988/2468/988 1013/2516/1013 970/2367/970
vt 0.948679 0.052352
vt 0.953776 0.052114
vt 0.952814 0.054182
f 956/2517/956 1016/2518/1016 916/2519/916
vt 0.726223 0.753690
vt 0.728090 0.756445
f 922/2520/922 969/2521/969 1002/2503/1002
vt 0.264242 0.975893
vt 0.260880 0.971463
vt 0.265027 0.972444
f 1185/2522/1185 971/2523/971 975/2524/975
vt 0.509686 0.522745
vt 0.511584 0.520117
vt 0.512914 0.521192
f 1001/2525/1001 1009/2526/1009 967/2527/967
vt 0.771996 0.417492
f 1017/2528/1017 893/2402/893 1034/2450/1034
vt 0.469620 0.753269
f 938/2415/938 957/2242/957 1022/2529/1022
f 973/2403/973 893/2402/893 1017/2528/1017
f 952/2243/952 994/2397/994 998/2467/998
vt 0.475259 0.749887
f 1010/2530/1010 972/2203/972 938/2415/938
f 1011/2388/1011 889/2224/889 947/2171/947
vt 0.739667 0.791560
f 964/2307/964 1005/2499/1005 1049/2531/1049
vt 0.455264 0.367875
vt 0.456572 0.366351
f 1018/2532/1018 951/2428/951 933/2533/933
vt 0.182819 0.928979
f 874/1917/874 877/2156/877 1096/2534/1096
vt 0.421043 0.298358
f 955/2385/955 1032/2489/1032 1040/2535/1040
vt 0.175734 0.928300
f 984/2157/984 874/1917/874 1339/2536/1339
vt 0.468063 0.371586
f 1001/2491/1001 909/2314/909 1061/2537/1061
vt 0.651635 0.924138
vt 0.649727 0.922693
f 1154/2538/1154 943/2539/943 868/1977/868
vt 0.710835 0.739286
vt 0.715633 0.741290
f 1007/2540/1007 934/2497/934 982/2541/982
vt 0.775958 0.416405
f 973/2542/973 992/2510/992 898/2324/898
vt 0.717432 0.748343
f 987/2434/987 935/2441/935 1053/2543/1053
f 922/2520/922 1002/2503/1002 976/2465/976
f 1027/2412/1027 866/1999/866 984/2157/984
vt 0.717047 0.744365
f 987/2434/987 1021/2544/1021 982/2509/982
f 970/2367/970 1013/2516/1013 980/2500/980
vt 0.672246 0.243408
vt 0.672447 0.246599
vt 0.665507 0.243484
f 959/2545/959 861/2546/861 939/2547/939
f 957/2242/957 1019/2504/1019 1022/2529/1022
f 1082/1979/1082 1154/2538/1154 868/1977/868
vt 0.224899 0.538205
f 825/1987/825 1024/2548/1024 977/2454/977
vt 0.723487 0.773112
vt 0.731277 0.771763
f 1076/2549/1076 980/2370/980 1013/2550/1013
f 628/1730/628 798/2355/798 1234/1731/1234
f 1002/2503/1002 980/2370/980 1076/2549/1076
vt 0.561560 0.406191
vt 0.566553 0.407262
f 1004/2551/1004 1056/2552/1056 979/2257/979
vt 0.380339 0.861793
f 1029/2302/1029 948/2372/948 1069/2553/1069
vt 0.216621 0.255474
vt 0.211717 0.262809
vt 0.210904 0.257795
f 1024/2554/1024 978/2555/978 1025/2556/1025
vt 0.507538 0.500174
vt 0.512246 0.503347
vt 0.509368 0.507194
f 954/2557/954 1006/2558/1006 925/2559/925
vt 0.568950 0.420383
vt 0.566075 0.421666
f 1028/2560/1028 944/2561/944 981/2331/981
vt 0.496805 0.554268
f 950/2137/950 961/2421/961 1178/2562/1178
f 1355/2098/1355 809/1155/809 459/992/459
f 888/2275/888 1026/2480/1026 925/2559/925
vt 0.245296 0.983075
vt 0.241491 0.982150
vt 0.236144 0.978295
f 1089/2563/1089 1481/2564/1481 1030/2565/1030
vt 0.457176 0.368221
vt 0.456265 0.368018
f 1009/2566/1009 1018/2567/1018 933/2533/933
vt 0.233843 0.979327
vt 0.225813 0.974213
f 1923/2568/1923 1409/2569/1409 1030/2565/1030
vt 0.506629 0.516349
f 1018/2570/1018 1026/2480/1026 951/2482/951
vt 0.955580 0.052256
f 1034/2571/1034 916/2519/916 1016/2518/1016
vt 0.508424 0.565483
f 950/2137/950 1097/2572/1097 962/2270/962
vt 0.370675 0.125088
vt 0.364332 0.127058
vt 0.363449 0.124324
f 999/2573/999 1050/2574/1050 1062/2575/1062
vt 0.525171 0.969769
vt 0.522962 0.965548
vt 0.529647 0.962427
f 737/2576/737 1229/2577/1229 811/2578/811
vt 0.213544 0.974378
f 1095/2328/1095 1012/2579/1012 989/2329/989
vt 0.519370 0.973138
f 896/2580/896 1229/2577/1229 737/2576/737
vt 0.301150 0.629569
f 988/2468/988 1031/2581/1031 1013/2516/1013
vt 0.347712 0.886737
f 1050/2490/1050 985/2379/985 1048/2582/1048
vt 0.735123 0.589494
vt 0.726080 0.588341
f 656/1479/656 729/2583/729 1633/2584/1633
vt 0.774779 0.415840
f 992/2510/992 973/2542/973 1017/2585/1017
vt 0.567893 0.424336
vt 0.569438 0.423164
f 1014/2586/1014 944/2561/944 1028/2587/1028
vt 0.653352 0.501434
vt 0.650853 0.502295
vt 0.647482 0.500397
f 994/2588/994 934/2589/934 1007/2590/1007
vt 0.296817 0.366542
f 740/1889/740 1484/2591/1484 729/1675/729
vt 0.298896 0.633521
f 988/2468/988 986/2592/986 1031/2581/1031
vt 0.846325 0.810725
vt 0.853304 0.812191
vt 0.850435 0.811971
f 991/2593/991 1012/2594/1012 1272/2595/1272
vt 0.354807 0.883119
f 985/2379/985 1008/2436/1008 1033/2596/1033
vt 0.252139 0.983934
vt 0.257011 0.983055
vt 0.257241 0.984830
f 1222/2597/1222 1047/2598/1047 1121/2599/1121
vt 0.187477 0.054629
vt 0.184570 0.055339
vt 0.185121 0.051859
f 1007/2600/1007 982/2601/982 1021/2602/1021
vt 0.867790 0.816196
vt 0.858559 0.813211
vt 0.865759 0.812506
f 1208/2603/1208 989/2604/989 1490/2605/1490
f 976/2465/976 1053/2543/1053 935/2441/935
vt 0.879614 0.814171
vt 0.884749 0.818231
vt 0.879696 0.818379
f 2053/2606/2053 1099/2607/1099 993/2608/993
vt 0.465776 0.372336
f 1001/2491/1001 1061/2537/1061 1015/2609/1015
vt 0.511684 0.520087
f 1009/2610/1009 1001/2525/1001 1018/2570/1018
vt 0.375112 0.866539
f 1029/2302/1029 1023/2611/1023 1011/2388/1011
vt 0.264721 0.979956
vt 0.264736 0.985293
f 1047/2598/1047 1140/2612/1140 1108/2613/1108
f 1069/2553/1069 1023/2611/1023 1029/2302/1029
vt 0.873497 0.816710
f 1490/2605/1490 993/2614/993 1208/2603/1208
vt 0.127992 0.174928
f 1061/2485/1061 1010/2487/1010 1035/2615/1035
vt 0.190425 0.964668
vt 0.192473 0.968415
f 990/2616/990 1208/2349/1208 993/2617/993
vt 0.224085 0.325242
vt 0.229071 0.324208
f 1036/2479/1036 999/2618/999 1062/2619/1062
vt 0.246385 0.980731
f 1128/2620/1128 1222/2597/1222 1089/2563/1089
vt 0.205719 0.262758
f 1025/2556/1025 978/2555/978 958/2621/958
vt 0.832271 0.461579
f 960/2453/960 977/2411/977 1092/2622/1092
vt 0.823490 0.457251
f 1092/2622/1092 977/2411/977 1024/2623/1024
f 1030/2565/1030 1128/2620/1128 1089/2563/1089
vt 0.733161 0.275942
vt 0.736829 0.274656
vt 0.736705 0.280152
f 1041/2624/1041 954/2625/954 1054/2626/1054
vt 0.662235 0.250177
vt 0.661670 0.244685
f 939/2547/939 1041/2627/1041 1070/2628/1070
vt 0.740943 0.280984
f 925/2629/925 1054/2626/1054 954/2625/954
vt 0.737077 0.785870
f 1049/2531/1049 1075/2630/1075 964/2307/964
vt 0.737240 0.784230
f 986/2631/986 964/2307/964 1075/2630/1075
vt 0.183312 0.963194
vt 0.183869 0.960476
f 990/2616/990 1099/2632/1099 1534/2633/1534
f 993/2617/993 1099/2632/1099 990/2616/990
vt 0.112309 0.054114
vt 0.109106 0.053606
vt 0.111770 0.051592
f 1017/2634/1017 1034/2635/1034 1057/2636/1057
vt 0.284775 0.392865
vt 0.280578 0.391342
vt 0.283303 0.390837
f 938/2637/938 1035/2638/1035 1010/2639/1010
vt 0.732190 0.777880
f 1031/2640/1031 1076/2549/1076 1013/2550/1013
f 1108/2613/1108 1140/2612/1140 904/2321/904
f 1140/2612/1140 908/2207/908 904/2321/904
vt 0.428437 0.296479
vt 0.422916 0.296781
f 1043/2641/1043 1032/2642/1032 998/2511/998
vt 0.476978 0.107010
f 1016/2643/1016 956/2512/956 1040/2514/1040
vt 0.747840 0.092855
vt 0.744920 0.095779
vt 0.743483 0.092628
f 1039/2644/1039 1014/2645/1014 1045/2646/1045
vt 0.217077 0.973337
f 1012/2579/1012 1095/2328/1095 1272/2647/1272
vt 0.221136 0.975939
f 1272/2647/1272 1409/2569/1409 991/2648/991
vt 0.283913 0.395631
f 1035/2638/1035 938/2637/938 1022/2649/1022
vt 0.767902 0.416182
f 1057/2650/1057 992/2510/992 1017/2528/1017
vt 0.503787 0.518147
f 1018/2570/1018 1001/2525/1001 1116/2651/1116
vt 0.979924 0.227821
vt 0.988271 0.227071
vt 0.986056 0.229867
f 1028/2652/1028 1045/2653/1045 1014/2654/1014
vt 0.753250 0.425276
vt 0.756173 0.427452
vt 0.754582 0.428545
f 1046/2655/1046 1040/2656/1040 1032/2657/1032
vt 0.140658 0.899767
f 1027/2412/1027 1055/2658/1055 932/2262/932
vt 0.459383 0.754053
f 1090/2659/1090 1019/2504/1019 968/2425/968
vt 0.453117 0.763171
f 921/2426/921 1036/2660/1036 968/2425/968
vt 0.601837 0.270648
f 939/2661/939 1003/2457/1003 959/2456/959
vt 0.737577 0.283216
f 1054/2626/1054 925/2629/925 1072/2662/1072
f 981/2331/981 979/2257/979 1056/2552/1056
vt 0.385734 0.854681
f 948/2372/948 1039/2451/1039 1077/2663/1077
vt 0.501426 0.513550
f 925/2559/925 1026/2480/1026 1093/2664/1093
f 962/2270/962 1097/2572/1097 820/2074/820
vt 0.352683 0.176667
vt 0.355022 0.177085
vt 0.351787 0.178019
f 1043/2665/1043 1065/2666/1065 1032/2667/1032
vt 0.382650 0.852924
f 1039/2451/1039 1045/2668/1045 1077/2663/1077
f 998/2467/998 994/2588/994 1007/2590/1007
vt 0.354367 0.178939
f 1065/2666/1065 1046/2669/1046 1032/2667/1032
vt 0.503980 0.204666
vt 0.500107 0.206582
vt 0.500181 0.204319
f 1277/2670/1277 760/2671/760 1042/2672/1042
vt 0.762012 0.423853
vt 0.760538 0.419735
vt 0.767437 0.421718
f 1016/2673/1016 1063/2674/1063 1034/2675/1034
vt 0.757767 0.425617
f 1046/2655/1046 1063/2674/1063 1040/2676/1040
f 1016/2673/1016 1040/2676/1040 1063/2674/1063
vt 0.721731 0.312213
vt 0.725612 0.309056
vt 0.723492 0.314384
f 930/2677/930 1101/2678/1101 1038/2679/1038
vt 0.981288 0.224477
f 1045/2653/1045 1028/2652/1028 1060/2680/1060
vt 0.519968 0.587685
f 1101/2681/1101 930/2326/930 997/2325/997
vt 0.765721 0.418016
f 1057/2682/1057 1034/2675/1034 1063/2674/1063
f 1069/2553/1069 948/2372/948 1077/2663/1077
vt 0.354886 0.883258
f 1048/2582/1048 985/2379/985 1033/2683/1033
vt 0.816518 0.225568
vt 0.819661 0.224229
vt 0.818544 0.227261
f 1035/2684/1035 1085/2685/1085 1061/2686/1061
vt 0.976906 0.223835
f 1060/2680/1060 1028/2652/1028 1051/2687/1051
vt 0.716117 0.749267
vt 0.714311 0.749996
f 1053/2688/1053 976/2465/976 1091/2689/1091
vt 0.428320 0.324302
f 1044/2179/1044 1214/2690/1214 1137/2187/1137
vt 0.273098 0.395172
f 1035/2638/1035 1022/2649/1022 1067/2691/1067
vt 0.280860 0.397530
f 1022/2649/1022 1019/2692/1019 1067/2691/1067
vt 0.293468 0.634076
vt 0.290284 0.641727
vt 0.288204 0.639483
f 1075/2693/1075 1049/2694/1049 1135/2695/1135
vt 0.648136 0.495256
vt 0.651533 0.494336
f 1130/2696/1130 1098/2697/1098 998/2467/998
vt 0.653732 0.494214
f 998/2467/998 1098/2697/1098 1043/2698/1043
vt 0.427506 0.299216
vt 0.432599 0.298937
f 1065/2699/1065 1043/2641/1043 1098/2700/1098
f 1031/2581/1031 986/2592/986 1075/2693/1075
vt 0.341388 0.886352
vt 0.342916 0.885403
f 1062/2701/1062 1050/2702/1050 1048/2582/1048
vt 0.983969 0.384295
f 1020/2471/1020 1261/2703/1261 1157/2469/1157
vt 0.516277 0.578301
f 997/2325/997 820/2074/820 1058/2704/1058
vt 0.983013 0.378779
f 1157/2469/1157 1261/2703/1261 1389/2705/1389
vt 0.213338 0.254553
f 1024/2554/1024 1025/2556/1025 1131/2706/1131
f 998/2467/998 1007/2590/1007 1130/2696/1130
vt 0.737075 0.795831
f 1038/2507/1038 1122/2707/1122 1005/2499/1005
vt 0.915226 0.199815
vt 0.912225 0.198008
vt 0.918274 0.197921
f 1073/2708/1073 1021/2709/1021 1091/2710/1091
f 1005/2499/1005 1122/2707/1122 1049/2531/1049
vt 0.163272 0.886953
f 1328/2447/1328 1214/2711/1214 1044/2446/1044
vt 0.222303 0.542057
vt 0.214406 0.540380
f 1025/2712/1025 958/2408/958 1148/2713/1148
vt 0.727120 0.778189
f 1142/2714/1142 1076/2549/1076 1031/2640/1031
vt 0.450640 0.755403
f 968/2425/968 1036/2660/1036 1125/2715/1125
vt 0.776869 0.408225
f 1056/2515/1056 992/2510/992 1147/2716/1147
vt 0.948183 0.228769
vt 0.945503 0.230100
vt 0.943982 0.227156
f 987/2717/987 1053/2718/1053 1091/2719/1091
vt 0.948875 0.226257
f 1021/2720/1021 987/2717/987 1091/2719/1091
vt 0.159365 0.645847
f 961/2422/961 960/2333/960 1092/2721/1092
vt 0.155106 0.640066
f 1163/2722/1163 961/2422/961 1092/2721/1092
vt 0.571897 0.418190
f 1051/2723/1051 1028/2560/1028 981/2331/981
vt 0.220114 0.565218
vt 0.226680 0.568040
f 1179/2724/1179 1003/2502/1003 939/2725/939
f 1179/2724/1179 1052/2501/1052 1003/2502/1003
vt 0.829349 0.456205
f 1024/2623/1024 1131/2726/1131 1092/2622/1092
vt 0.767933 0.410039
vt 0.770558 0.414332
f 1115/2727/1115 992/2510/992 1057/2728/1057
f 1178/2562/1178 1097/2572/1097 950/2137/950
vt 0.111807 0.077106
vt 0.114673 0.075745
vt 0.114543 0.078020
f 1093/2729/1093 1018/2730/1018 1116/2731/1116
vt 0.112360 0.075111
f 1026/2732/1026 1018/2730/1018 1093/2729/1093
vt 0.609154 0.406317
vt 0.607540 0.404109
vt 0.609800 0.403594
f 1455/2733/1455 1082/2734/1082 1158/2735/1158
vt 0.836004 0.226345
vt 0.828644 0.227659
vt 0.833437 0.225638
f 1116/2736/1116 1001/2737/1001 1114/2738/1114
vt 0.229735 0.326676
f 1036/2479/1036 1062/2619/1062 1068/2739/1068
vt 0.643990 0.501686
vt 0.642309 0.499971
f 1007/2590/1007 1021/2740/1021 1064/2741/1064
vt 0.824456 0.225781
vt 0.821843 0.223390
f 1015/2742/1015 1061/2686/1061 1085/2743/1085
vt 0.986121 0.383761
f 1020/2471/1020 932/2744/932 1261/2703/1261
vt 0.670297 0.911172
f 760/2258/760 1299/2745/1299 1338/2050/1338
vt 0.462847 0.750314
f 1100/2746/1100 1019/2504/1019 1090/2659/1090
f 1096/2534/1096 1339/2536/1339 874/1917/874
vt 0.817088 0.223901
f 1085/2685/1085 1035/2684/1035 1087/2747/1087
vt 0.276097 0.397479
f 1067/2691/1067 1019/2692/1019 1100/2748/1100
vt 0.831072 0.224712
vt 0.827742 0.223513
f 1114/2749/1114 1001/2737/1001 1084/2750/1084
vt 0.363444 0.883517
f 1008/2436/1008 889/2224/889 1104/2751/1104
f 1000/2088/1000 1169/2444/1169 983/2089/983
vt 0.290707 0.635376
f 1075/2693/1075 1135/2695/1135 1078/2752/1078
vt 0.342137 0.889072
f 1048/2582/1048 1068/2753/1068 1062/2701/1062
vt 0.381904 0.866623
vt 0.382898 0.869754
f 1080/2754/1080 1079/2755/1079 1023/2611/1023
f 1023/2611/1023 1069/2553/1069 1080/2754/1080
vt 0.253729 0.969203
vt 0.255148 0.965429
f 971/2523/971 1188/2756/1188 1088/2757/1088
vt 0.712803 0.751953
f 1091/2689/1091 976/2465/976 1132/2758/1132
vt 0.384390 0.865037
f 1080/2754/1080 1069/2553/1069 1105/2759/1105
vt 0.632032 0.379037
vt 0.638830 0.375765
vt 0.640610 0.377716
f 1045/2760/1045 1060/2761/1060 1074/2762/1074
vt 0.911253 0.201301
f 1064/2763/1064 1021/2709/1021 1073/2708/1073
vt 0.891127 0.124911
vt 0.889585 0.125260
vt 0.886899 0.123370
f 1081/2764/1081 1122/2765/1122 1038/2766/1038
vt 0.705967 0.755786
f 1244/2767/1244 1002/2503/1002 1076/2549/1076
vt 0.274789 0.390283
f 1067/2691/1067 1087/2768/1087 1035/2638/1035
vt 0.938312 0.717228
vt 0.943257 0.722034
vt 0.934980 0.719640
f 992/2769/992 1115/2770/1115 1147/2771/1147
vt 0.650249 0.372825
vt 0.648637 0.367779
vt 0.659270 0.368955
f 1106/2772/1106 1056/2773/1056 1147/2774/1147
vt 0.643998 0.372212
f 981/2775/981 1056/2773/1056 1106/2772/1106
vt 0.218369 0.562409
f 1179/2724/1179 1071/2776/1071 1052/2501/1052
vt 0.380428 0.877832
f 1011/2388/1011 1023/2611/1023 1156/2777/1156
vt 0.285840 0.643053
f 1135/2695/1135 1049/2694/1049 1122/2778/1122
vt 0.357024 0.179361
vt 0.359234 0.177392
f 1046/2779/1046 1065/2666/1065 1103/2780/1103
f 1058/2704/1058 820/2074/820 1097/2572/1097
f 1128/2620/1128 1047/2598/1047 1222/2597/1222
vt 0.833679 0.224109
f 1116/2736/1116 1114/2738/1114 1129/2781/1129
vt 0.733241 0.785103
vt 0.728109 0.785728
vt 0.729818 0.783469
f 1075/2782/1075 1078/2783/1078 1086/2784/1086
vt 0.221217 0.972463
f 1272/2647/1272 1155/2785/1155 1409/2569/1409
f 1140/2612/1140 871/2427/871 908/2207/908
vt 0.293611 0.630388
f 1031/2581/1031 1075/2693/1075 1086/2786/1086
f 1130/2696/1130 1007/2590/1007 1064/2741/1064
vt 0.195173 0.961199
f 1208/2349/1208 990/2616/990 1533/2787/1533
vt 0.729156 0.782192
vt 0.728641 0.780722
f 1031/2640/1031 1086/2788/1086 1136/2789/1136
vt 0.729389 0.314078
f 1101/2678/1101 1123/2790/1123 1038/2679/1038
vt 0.369572 0.876945
f 889/2224/889 1156/2777/1156 1066/2791/1066
f 1011/2388/1011 1156/2777/1156 889/2224/889
vt 0.519005 0.583362
vt 0.520134 0.585142
f 1120/2792/1120 1101/2793/1101 997/2325/997
f 1001/2737/1001 1015/2742/1015 1084/2750/1084
f 1120/2792/1120 997/2325/997 1058/2704/1058
vt 0.389547 0.859117
f 1077/2663/1077 1110/2794/1110 1069/2553/1069
vt 0.252252 0.227564
vt 0.255567 0.226898
vt 0.254416 0.230136
f 1142/2795/1142 1031/2796/1031 1136/2797/1136
vt 0.989949 0.104062
vt 0.984278 0.102299
vt 0.988849 0.100923
f 1115/2798/1115 1057/2799/1057 1126/2800/1126
vt 0.690631 0.191161
vt 0.690168 0.195639
vt 0.684528 0.191666
f 1033/2801/1033 1008/2802/1008 1104/2803/1104
vt 0.369834 0.879250
f 889/2224/889 1066/2804/1066 1104/2751/1104
vt 0.825097 0.223438
f 1084/2750/1084 1015/2742/1015 1141/2805/1141
vt 0.757449 0.418232
vt 0.753671 0.420972
f 1149/2806/1149 1063/2674/1063 1109/2807/1109
vt 0.279893 0.401868
vt 0.276110 0.402994
vt 0.278283 0.399227
f 1090/2808/1090 1145/2809/1145 1100/2810/1100
vt 0.111661 0.122694
vt 0.111152 0.121999
vt 0.112462 0.122131
f 1141/2811/1141 1015/2812/1015 1085/2813/1085
vt 0.635827 0.381493
f 1083/2814/1083 1045/2760/1045 1074/2762/1074
vt 0.203356 0.967533
f 1273/2815/1273 1095/2328/1095 965/2327/965
vt 0.644855 0.134519
vt 0.644535 0.131424
vt 0.648039 0.132782
f 1083/2816/1083 1077/2817/1077 1045/2818/1045
vt 0.889344 0.123162
f 1038/2766/1038 1123/2819/1123 1081/2764/1081
vt 0.643124 0.374697
f 1060/2761/1060 1051/2820/1051 1074/2762/1074
vt 0.779864 0.987744
vt 0.775758 0.982711
vt 0.784016 0.985355
f 1116/2821/1116 1206/2822/1206 1093/2823/1093
f 968/2425/968 1125/2715/1125 1090/2659/1090
vt 0.446912 0.763746
f 1036/2660/1036 1068/2824/1068 1125/2715/1125
vt 0.219067 0.537952
f 1148/2713/1148 1131/2825/1131 1025/2712/1025
vt 0.647431 0.375055
f 981/2775/981 1094/2826/1094 1051/2820/1051
vt 0.501354 0.497710
vt 0.500048 0.502249
vt 0.491244 0.497908
f 1041/2827/1041 1054/2828/1054 1189/2829/1189
vt 0.495362 0.504855
f 1054/2828/1054 1072/2830/1072 1189/2829/1189
vt 0.662727 0.919368
f 1338/2050/1338 1455/2831/1455 1158/2222/1158
f 976/2465/976 1002/2503/1002 1244/2767/1244
vt 0.493903 0.550267
f 1178/2562/1178 961/2421/961 1163/2832/1163
vt 0.496199 0.509872
f 925/2559/925 1093/2664/1093 1113/2833/1113
f 981/2775/981 1106/2772/1106 1094/2826/1094
vt 0.784420 0.981362
f 1113/2834/1113 1093/2823/1093 1206/2822/1206
f 965/2327/965 1208/2349/1208 1273/2815/1273
vt 0.285317 0.198118
vt 0.287778 0.198484
vt 0.288388 0.200856
f 1114/2835/1114 1084/2836/1084 1141/2837/1141
vt 0.776541 0.369034
vt 0.777604 0.370693
vt 0.775335 0.372301
f 1042/2838/1042 1137/2839/1137 1277/2840/1277
vt 0.762431 0.414200
vt 0.763894 0.414872
f 1063/2674/1063 1126/2841/1126 1057/2842/1057
vt 0.519535 0.567414
f 1097/2572/1097 1182/2843/1182 1058/2704/1058
vt 0.430541 0.300055
vt 0.431239 0.300108
f 1065/2844/1065 1098/2700/1098 1103/2845/1103
vt 0.959406 0.075517
vt 0.961929 0.075741
vt 0.959662 0.077631
f 1074/2846/1074 1051/2847/1051 1094/2848/1094
f 1046/2655/1046 1109/2807/1109 1063/2674/1063
vt 0.345842 0.891822
f 1150/2849/1150 1068/2753/1068 1048/2582/1048
vt 0.696752 0.310496
vt 0.698409 0.313117
vt 0.695189 0.313600
f 1105/2850/1105 1079/2851/1079 1080/2852/1080
vt 0.147822 0.893619
f 1261/2853/1261 932/2262/932 1055/2658/1055
vt 0.700214 0.311212
f 1105/2850/1105 1102/2854/1102 1079/2851/1079
vt 0.385743 0.864658
f 1069/2553/1069 1110/2794/1110 1105/2855/1105
vt 0.483738 0.266989
vt 0.481336 0.270330
vt 0.478971 0.270394
f 1111/2856/1111 1102/2857/1102 1105/2858/1105
vt 0.639534 0.502411
vt 0.636203 0.499536
f 1064/2741/1064 1073/2859/1073 1127/2860/1127
vt 0.068567 0.099000
vt 0.071897 0.098135
vt 0.073401 0.101036
f 1046/2861/1046 1103/2862/1103 1138/2863/1138
vt 0.476105 0.084419
vt 0.481182 0.085863
vt 0.477183 0.086618
f 1138/2864/1138 1109/2865/1109 1046/2866/1046
vt 0.611061 0.084557
vt 0.612854 0.086907
vt 0.608225 0.087099
f 1129/2867/1129 1114/2868/1114 1141/2869/1141
vt 0.693509 0.303555
vt 0.697982 0.304664
vt 0.696975 0.307613
f 1110/2870/1110 1119/2871/1119 1105/2872/1105
vt 0.258941 0.228999
vt 0.257757 0.230460
f 1136/2797/1136 1086/2873/1086 1078/2874/1078
vt 0.113982 0.122556
vt 0.115487 0.120345
vt 0.117072 0.123388
f 1085/2875/1085 1087/2876/1087 1146/2877/1146
vt 0.483309 0.270086
f 1112/2878/1112 1102/2857/1102 1111/2856/1111
vt 0.292502 0.333317
vt 0.289949 0.330127
vt 0.294980 0.329491
f 1106/2879/1106 1147/2880/1147 1165/2881/1165
vt 0.708844 0.748899
vt 0.709993 0.749560
f 1107/2882/1107 1091/2883/1091 1132/2758/1132
vt 0.920632 0.201151
f 1073/2708/1073 1091/2710/1091 1107/2884/1107
vt 0.917186 0.202107
f 1073/2708/1073 1107/2884/1107 1127/2885/1127
f 1132/2758/1132 976/2465/976 1244/2767/1244
vt 0.456684 0.321594
vt 0.460307 0.321561
vt 0.458162 0.328247
f 1179/2886/1179 939/2887/939 1133/2888/1133
f 925/2559/925 1113/2833/1113 1072/2830/1072
vt 0.463179 0.325363
f 939/2887/939 1070/2889/1070 1133/2888/1133
vt 0.494801 0.494454
f 1070/2890/1070 1041/2827/1041 1189/2829/1189
vt 0.730123 0.306287
f 1123/2790/1123 1101/2678/1101 1120/2891/1120
vt 0.248254 0.963698
vt 0.243351 0.964743
vt 0.236351 0.953033
f 1282/2892/1282 1574/2893/1574 1037/2894/1037
vt 0.734285 0.792560
vt 0.725831 0.789722
f 1135/2895/1135 1184/2896/1184 1078/2783/1078
vt 0.453951 0.752822
f 1090/2659/1090 1125/2715/1125 1145/2897/1145
f 1079/2755/1079 1156/2777/1156 1023/2611/1023
vt 0.139570 0.893181
f 1055/2658/1055 1317/2898/1317 1261/2853/1261
vt 0.760243 0.415264
f 1126/2841/1126 1063/2674/1063 1149/2899/1149
vt 0.932220 0.410169
vt 0.930083 0.411322
vt 0.928142 0.408489
f 1098/2900/1098 1153/2901/1153 1103/2902/1103
vt 0.753145 0.599352
f 2409/2903/2409 1117/2292/1117 1488/1499/1488
vt 0.802534 0.797299
f 1108/2322/1108 996/2297/996 1628/2904/1628
vt 0.810961 0.800928
vt 0.810010 0.802544
f 1108/2322/1108 1121/2905/1121 1047/2906/1047
vt 0.479595 0.266620
f 1105/2858/1105 1119/2907/1119 1111/2856/1111
vt 0.640385 0.132988
f 1077/2817/1077 1083/2816/1083 1144/2908/1144
vt 0.827961 0.804319
vt 0.839705 0.805483
vt 0.832421 0.807709
f 1481/2909/1481 1923/2910/1923 1030/2911/1030
vt 0.570896 0.968747
f 1228/2912/1228 730/1475/730 495/1143/495
vt 0.851029 0.808211
f 1923/2910/1923 1486/2913/1486 991/2593/991
vt 0.842039 0.810666
f 1409/2914/1409 1923/2910/1923 991/2593/991
f 1012/2594/1012 991/2593/991 1486/2913/1486
vt 0.288466 0.200931
vt 0.292033 0.200628
vt 0.291697 0.202689
f 1141/2915/1141 1085/2916/1085 1146/2917/1146
vt 0.854189 0.809770
f 1486/2913/1486 1702/2918/1702 1012/2594/1012
f 1067/2691/1067 1100/2748/1100 1145/2809/1145
vt 0.437215 0.764020
vt 0.441264 0.758579
f 1068/2824/1068 1150/2919/1150 1162/2920/1162
vt 0.511446 0.971559
f 1894/2921/1894 896/2580/896 812/2445/812
vt 0.270452 0.391929
f 1087/2768/1087 1067/2691/1067 1134/2922/1134
vt 0.439968 0.459506
vt 0.441169 0.455590
vt 0.442495 0.457906
f 1012/2923/1012 1702/2924/1702 989/2925/989
vt 0.722208 0.784386
vt 0.725314 0.781409
f 1124/2926/1124 1136/2927/1136 1078/2783/1078
vt 0.642423 0.380189
f 1074/2762/1074 1139/2928/1139 1083/2814/1083
f 1000/2091/1000 734/1472/734 1633/2309/1633
vt 0.750961 0.457689
vt 0.755753 0.461448
f 1118/2929/1118 2049/2930/2049 658/1001/658
vt 0.555330 0.973244
f 811/1691/811 1492/2931/1492 995/1682/995
vt 0.394089 0.857188
f 1172/2932/1172 1110/2794/1110 1077/2663/1077
vt 0.297548 0.368511
f 1117/2933/1117 1484/2591/1484 740/1889/740
vt 0.073677 0.098821
f 1138/2863/1138 1103/2862/1103 1153/2934/1153
vt 0.153468 0.645352
f 1163/2722/1163 1092/2721/1092 1166/2935/1166
vt 0.835651 0.455797
f 1092/2622/1092 1131/2726/1131 1177/2936/1177
vt 0.736521 0.798328
vt 0.731847 0.799591
f 1122/2707/1122 1081/2937/1081 1207/2938/1207
vt 0.214130 0.515506
vt 0.216792 0.513600
vt 0.215927 0.515849
f 1148/2939/1148 1177/2940/1177 1131/2941/1131
f 1068/2824/1068 1162/2920/1162 1125/2715/1125
vt 0.778828 0.979175
f 1113/2834/1113 1206/2822/1206 1191/2942/1191
vt 0.840117 0.221857
vt 0.835041 0.222185
f 1206/2943/1206 1116/2736/1116 1129/2944/1129
vt 0.464258 0.329541
f 1189/2945/1189 1133/2888/1133 1070/2889/1070
f 1228/2912/1228 495/1143/495 995/1682/995
vt 0.951110 0.729138
vt 0.950225 0.722869
vt 0.958159 0.724947
f 1192/2946/1192 1126/2947/1126 1149/2948/1149
vt 0.212572 0.548068
f 1148/2713/1148 958/2408/958 1164/2949/1164
vt 0.938100 0.409523
vt 0.933950 0.414559
f 1130/2950/1130 1223/2951/1223 1098/2900/1098
vt 0.636778 0.496248
f 1064/2741/1064 1127/2860/1127 1180/2952/1180
f 1130/2696/1130 1064/2741/1064 1180/2952/1180
vt 0.777882 0.642039
vt 0.772962 0.639360
vt 0.778039 0.638593
f 1477/2953/1477 803/2954/803 943/2955/943
vt 0.750706 0.418341
f 1149/2806/1149 1109/2807/1109 1152/2956/1152
vt 0.359742 0.891341
f 1033/2683/1033 1200/2957/1200 1048/2582/1048
vt 0.234975 0.969972
f 1128/2620/1128 1030/2565/1030 1399/2958/1399
vt 0.452446 0.085195
vt 0.447465 0.083716
vt 0.451604 0.083225
f 1106/2959/1106 1165/2960/1165 1183/2961/1183
vt 0.522090 0.581764
vt 0.531152 0.583555
vt 0.526619 0.588565
f 1120/2962/1120 1151/2963/1151 1123/2964/1123
vt 0.518821 0.966589
f 1229/2577/1229 896/2580/896 1603/2965/1603
vt 0.120076 0.121710
vt 0.117609 0.120868
f 1134/2966/1134 1146/2877/1146 1087/2967/1087
vt 0.843790 0.588812
f 748/1506/748 2739/2968/2739 1118/1695/1118
vt 0.957818 0.076716
f 1094/2848/1094 1143/2969/1143 1074/2846/1074
f 1200/2957/1200 1033/2683/1033 1104/2751/1104
vt 0.334403 0.571741
f 1234/1731/1234 2739/2970/2739 748/1909/748
vt 0.390820 0.855176
f 1172/2932/1172 1077/2663/1077 1144/2971/1144
vt 0.302451 0.714953
f 1353/2972/1353 1488/2096/1488 809/1235/809
vt 0.392034 0.864985
vt 0.398314 0.866719
vt 0.390112 0.867846
f 1111/2973/1111 1160/2974/1160 1112/2975/1112
vt 0.267926 0.400503
f 1067/2691/1067 1145/2809/1145 1176/2976/1176
f 1169/2444/1169 1894/2921/1894 812/2445/812
vt 0.290376 0.204013
f 1141/2915/1141 1146/2917/1146 1161/2977/1161
vt 0.529054 0.591403
f 1081/2978/1081 1123/2964/1123 1151/2963/1151
vt 0.017077 0.398470
vt 0.020117 0.404246
vt 0.016925 0.403258
f 1139/2979/1139 1144/2980/1144 1083/2981/1083
vt 0.017468 0.393196
vt 0.012966 0.392474
vt 0.012521 0.390088
f 1143/2982/1143 1094/2983/1094 1106/2984/1106
vt 0.649142 0.378488
vt 0.643619 0.379445
f 1143/2985/1143 1139/2986/1139 1074/2762/1074
f 1098/2900/1098 1223/2951/1223 1153/2901/1153
vt 0.397156 0.871195
f 1211/2987/1211 1112/2975/1112 1160/2974/1160
vt 0.483765 0.298136
vt 0.478113 0.299242
vt 0.478342 0.296010
f 1111/2988/1111 1119/2989/1119 1173/2990/1173
f 1115/2770/1115 1126/2947/1126 1192/2946/1192
vt 0.708215 0.773912
f 1287/2991/1287 1244/2767/1244 1076/2549/1076
vt 0.210904 0.556269
f 1052/2501/1052 1071/2776/1071 1241/2992/1241
f 1030/2565/1030 1409/2569/1409 1399/2958/1399
vt 0.705260 0.749488
f 1244/2767/1244 1107/2993/1107 1132/2758/1132
vt 0.387014 0.366114
vt 0.388031 0.369352
vt 0.380659 0.368329
f 1129/2994/1129 1141/2995/1141 1167/2996/1167
vt 0.463620 0.515860
vt 0.464884 0.511974
vt 0.466219 0.515474
f 1112/2997/1112 1181/2998/1181 1102/2999/1102
vt 0.469189 0.514200
f 1102/2999/1102 1181/2998/1181 1079/3000/1079
vt 0.120993 0.123612
f 1134/2966/1134 1225/3001/1225 1146/2877/1146
vt 0.216792 0.943651
vt 0.209317 0.943902
f 670/2477/670 1269/3002/1269 1203/3003/1203
vt 0.272017 0.404106
f 1176/2976/1176 1145/2809/1145 1175/3004/1175
vt 0.536424 0.588035
vt 0.534300 0.591140
f 1081/2978/1081 1174/3005/1174 1207/3006/1207
vt 0.349999 0.893438
f 1048/2582/1048 1200/2957/1200 1150/3007/1150
vt 0.017876 0.389323
f 1106/2984/1106 1183/3008/1183 1143/2982/1143
vt 0.387729 0.875054
f 1156/2777/1156 1079/2755/1079 1181/3009/1181
vt 0.746106 0.421963
f 1138/3010/1138 1152/2956/1152 1109/2807/1109
vt 0.780254 0.197929
vt 0.782577 0.195621
vt 0.785216 0.198547
f 1107/3011/1107 1245/3012/1245 1127/3013/1127
vt 0.264223 0.976030
f 1185/3014/1185 871/2427/871 1140/2612/1140
vt 0.223282 0.971655
vt 0.225732 0.966457
f 1409/2569/1409 1155/3015/1155 1324/3016/1324
vt 0.394428 0.860180
vt 0.392017 0.859853
f 1110/2794/1110 1159/3017/1159 1119/3018/1119
vt 0.722118 0.780159
vt 0.719580 0.780092
f 1136/3019/1136 1168/3020/1168 1142/2714/1142
f 1076/2549/1076 1142/2714/1142 1168/3020/1168
f 1110/2794/1110 1172/2932/1172 1159/3017/1159
vt 0.395672 0.862953
f 1111/2973/1111 1173/3021/1173 1160/2974/1160
vt 0.788506 0.196273
f 1180/3022/1180 1127/3013/1127 1245/3012/1245
vt 0.449202 0.082550
f 1183/2961/1183 1165/2960/1165 1171/3023/1171
vt 0.657108 0.923298
f 1332/3024/1332 1154/2538/1154 1082/1979/1082
f 1282/2892/1282 1088/2757/1088 1188/2756/1188
vt 0.253732 0.976220
f 1361/3025/1361 1047/2598/1047 1128/2620/1128
vt 0.265687 0.392406
f 1067/2691/1067 1225/3026/1225 1134/2922/1134
vt 0.447962 0.753118
f 1170/3027/1170 1145/2897/1145 1125/2715/1125
vt 0.475195 0.298275
f 1173/2990/1173 1119/2989/1119 1159/3028/1159
f 1081/2978/1081 1151/2963/1151 1174/3005/1174
vt 0.528634 0.573410
f 1120/2962/1120 1058/2704/1058 1271/3029/1271
vt 0.212547 0.550761
f 1164/3030/1164 1052/2501/1052 1241/2992/1241
f 958/2408/958 1052/2501/1052 1164/3030/1164
vt 0.841042 0.455159
f 1092/2622/1092 1177/2936/1177 1259/3031/1259
vt 0.498861 0.550140
vt 0.503239 0.550398
f 1163/3032/1163 1242/3033/1242 1178/2562/1178
vt 0.959686 0.728363
f 1192/2946/1192 1149/2948/1149 1152/3034/1152
f 1135/2895/1135 1122/2707/1122 1207/2938/1207
vt 0.433873 0.761109
f 1150/2919/1150 1257/3035/1257 1162/2920/1162
f 1078/2783/1078 1184/2896/1184 1124/2926/1124
vt 0.943050 0.728050
f 1147/2771/1147 1115/2770/1115 1226/3036/1226
vt 0.700667 0.746819
f 1245/3037/1245 1107/2993/1107 1244/2767/1244
vt 0.381689 0.362203
f 1206/3038/1206 1129/2994/1129 1167/2996/1167
vt 0.045171 0.205731
vt 0.039873 0.203516
vt 0.046510 0.205214
f 1113/3039/1113 1191/3040/1191 1072/3041/1072
vt 0.284566 0.203551
f 1141/2915/1141 1161/2977/1161 1167/3042/1167
vt 0.840797 0.459647
f 1259/3031/1259 1166/3043/1166 1092/2622/1092
vt 0.136235 0.909759
f 1055/2658/1055 1027/2412/1027 1502/3044/1502
vt 0.395809 0.874318
f 1202/3045/1202 1112/2975/1112 1211/2987/1211
vt 0.474961 0.294333
f 1173/2990/1173 1159/3028/1159 1194/3046/1194
vt 0.080532 0.030495
vt 0.081596 0.030661
vt 0.082005 0.032019
f 1143/3047/1143 1186/3048/1186 1139/3049/1139
vt 0.256326 0.233720
vt 0.254795 0.233713
f 1124/3050/1124 1168/3051/1168 1136/2797/1136
vt 0.374585 0.889906
f 1104/2751/1104 1066/2804/1066 1193/3052/1193
vt 0.273793 0.405752
f 1170/3053/1170 1175/3004/1175 1145/2809/1145
f 1058/2704/1058 1182/2843/1182 1271/3029/1271
vt 0.503994 0.207674
f 1277/2670/1277 1299/3054/1299 760/2671/760
vt 0.118637 0.125791
f 1161/3055/1161 1146/2877/1146 1225/3001/1225
vt 0.272645 0.405912
f 1175/3004/1175 1170/3053/1170 1233/3056/1233
vt 0.726513 0.796295
f 1184/2896/1184 1135/2895/1135 1227/3057/1227
vt 0.529682 0.040183
vt 0.525590 0.039789
vt 0.529760 0.037949
f 1144/3058/1144 1139/3059/1139 1197/3060/1197
vt 0.397631 0.859562
f 1172/2932/1172 1196/3061/1196 1159/3017/1159
vt 0.718469 0.782625
vt 0.721340 0.782568
f 1199/3062/1199 1168/3063/1168 1124/2926/1124
vt 0.187717 0.097544
vt 0.191264 0.099837
vt 0.187344 0.100048
f 1192/3064/1192 1152/3065/1152 1210/3066/1210
vt 0.399395 0.862149
f 1173/3021/1173 1194/3067/1194 1160/2974/1160
vt 0.391809 0.874495
f 1202/3045/1202 1181/3068/1181 1112/2975/1112
vt 0.940304 0.418422
f 1223/2951/1223 1130/2950/1130 1331/3069/1331
f 1226/3036/1226 1115/2770/1115 1192/2946/1192
vt 0.836440 0.254694
vt 0.839270 0.250768
vt 0.843956 0.253561
f 1226/3070/1226 1219/3071/1219 1147/3072/1147
vt 0.659988 0.373105
vt 0.659602 0.371364
vt 0.662462 0.372595
f 1171/3073/1171 1165/3074/1165 1239/3075/1239
vt 0.146182 0.643455
f 1166/2935/1166 1190/3076/1190 1163/2722/1163
vt 0.944362 0.416459
f 1130/2950/1130 1180/3077/1180 1331/3069/1331
vt 0.303318 0.325261
vt 0.295377 0.323854
vt 0.301458 0.322010
f 1239/3078/1239 1147/3079/1147 1219/3080/1219
vt 0.145663 0.638504
f 1190/3076/1190 1242/3081/1242 1163/2722/1163
f 1147/2774/1147 1239/3075/1239 1165/3074/1165
vt 0.461138 0.333163
f 1133/2888/1133 1189/2945/1189 1220/3082/1220
vt 0.781153 0.970977
vt 0.793696 0.971139
vt 0.790151 0.977194
f 1221/3083/1221 1189/3084/1189 1072/3085/1072
vt 0.516508 0.554570
f 1097/2572/1097 1178/2562/1178 1347/3086/1347
vt 0.783316 0.975346
f 1072/3085/1072 1191/3087/1191 1221/3083/1221
vt 0.442440 0.753392
f 1236/3088/1236 1125/2715/1125 1162/2920/1162
vt 0.524908 0.037245
f 1186/3089/1186 1197/3060/1197 1139/3059/1139
vt 0.445307 0.753922
f 1170/3027/1170 1125/2715/1125 1236/3090/1236
vt 0.472468 0.297224
f 1194/3046/1194 1159/3028/1159 1196/3091/1196
vt 0.021278 0.390744
f 1212/3092/1212 1143/2982/1143 1183/3008/1183
vt 0.633671 0.133871
vt 0.637845 0.129366
f 1144/2908/1144 1187/3093/1187 1172/3094/1172
f 1193/3052/1193 1066/2804/1066 1156/2777/1156
vt 0.746282 0.419163
vt 0.744110 0.419375
f 1152/3095/1152 1138/3010/1138 1198/3096/1198
vt 0.513301 0.264994
vt 0.507229 0.264143
vt 0.509550 0.262182
f 1198/3097/1198 1210/3098/1210 1152/3099/1152
vt 0.024343 0.393564
vt 0.023725 0.397156
f 1143/2982/1143 1213/3100/1213 1186/3101/1186
f 1151/2963/1151 1120/2962/1120 1271/3029/1271
vt 0.398576 0.878031
f 1202/3045/1202 1195/3102/1195 1181/3068/1181
f 1200/2957/1200 1104/2751/1104 1193/3052/1193
vt 0.230897 0.957224
f 1574/2893/1574 1647/3103/1647 1037/2894/1037
vt 0.388456 0.879568
f 1251/3104/1251 1156/2777/1156 1181/3009/1181
vt 0.399378 0.858008
f 1196/3061/1196 1172/2932/1172 1237/3105/1237
f 1361/3025/1361 1185/3014/1185 1140/2612/1140
vt 0.229646 0.952365
f 1647/3103/1647 1059/3106/1059 1037/2894/1037
vt 0.713764 0.778579
f 1168/3020/1168 1216/3107/1216 1076/2549/1076
f 1216/3107/1216 1287/2991/1287 1076/2549/1076
f 1185/3014/1185 1361/3025/1361 1188/2756/1188
vt 0.184936 0.097676
f 1192/3064/1192 1210/3066/1210 1231/3108/1231
vt 0.218649 0.510784
vt 0.217154 0.510496
f 1259/3109/1259 1177/2940/1177 1278/3110/1278
vt 0.809826 0.951358
vt 0.806639 0.960917
vt 0.794566 0.952232
f 1241/3111/1241 1071/3112/1071 1279/3113/1279
vt 0.823610 0.938162
vt 0.828893 0.943910
vt 0.827193 0.945247
f 1278/3114/1278 1177/3115/1177 1148/3116/1148
vt 0.805120 0.964791
f 1179/3117/1179 1279/3113/1279 1071/3112/1071
f 1135/2895/1135 1207/2938/1207 1227/3057/1227
vt 0.818541 0.950879
vt 0.813060 0.940254
f 1148/3116/1148 1164/3118/1164 1204/3119/1204
f 1164/3118/1164 1241/3111/1241 1204/3119/1204
f 1185/3014/1185 1188/2756/1188 971/2523/971
vt 0.287963 0.206265
f 1205/3120/1205 1167/3042/1167 1161/2977/1161
f 1347/3086/1347 1178/2562/1178 1242/3033/1242
f 1225/3026/1225 1067/2691/1067 1176/2976/1176
vt 0.802123 0.094797
vt 0.801049 0.096080
vt 0.800325 0.094019
f 1154/3121/1154 1477/3122/1477 943/3123/943
vt 0.562635 0.184038
vt 0.561992 0.178895
vt 0.568942 0.181872
f 1329/3124/1329 1279/3125/1279 1179/3126/1179
vt 0.569408 0.183221
f 1179/3126/1179 1133/3127/1133 1329/3124/1329
vt 0.703909 0.767388
f 1287/2991/1287 1230/3128/1230 1244/2767/1244
vt 0.720529 0.796956
f 1314/3129/1314 1184/2896/1184 1227/3057/1227
vt 0.422924 0.083036
vt 0.423318 0.081303
vt 0.425961 0.080755
f 1212/3130/1212 1183/3131/1183 1171/3132/1171
f 1361/3025/1361 1140/2612/1140 1047/2598/1047
f 1143/2982/1143 1212/3092/1212 1213/3100/1213
vt 0.057830 0.290546
vt 0.059985 0.287141
vt 0.062331 0.288222
f 1243/3133/1243 1198/3134/1198 1138/3135/1138
vt 0.509782 0.266046
f 1210/3098/1210 1198/3097/1198 1218/3136/1218
vt 0.393089 0.875987
f 1181/3068/1181 1195/3102/1195 1250/3137/1250
vt 0.026618 0.404192
vt 0.024728 0.401378
f 1187/3138/1187 1144/2980/1144 1197/3139/1197
vt 0.393194 0.880189
f 1251/3104/1251 1181/3009/1181 1250/3140/1250
vt 0.398407 0.873002
f 1209/3141/1209 1202/3045/1202 1211/2987/1211
vt 0.018678 0.101574
vt 0.019631 0.103159
vt 0.014312 0.102917
f 1171/3142/1171 1239/3143/1239 1240/3144/1240
vt 0.715987 0.786410
f 1124/2926/1124 1184/2896/1184 1217/3145/1217
vt 0.358503 0.898040
f 1150/3007/1150 1200/2957/1200 1249/3146/1249
vt 0.632400 0.129686
f 1187/3093/1187 1237/3147/1237 1172/3094/1172
f 1217/3145/1217 1199/3062/1199 1124/2926/1124
vt 0.021308 0.387589
vt 0.023934 0.386644
vt 0.025058 0.388868
f 1171/3148/1171 1253/3149/1253 1215/3150/1215
vt 0.263274 0.390882
vt 0.256982 0.391122
f 1161/3151/1161 1225/3026/1225 1224/3152/1224
vt 0.425776 0.082257
f 1212/3130/1212 1171/3132/1171 1215/3153/1215
vt 0.214450 0.967878
f 1095/2328/1095 1420/3154/1420 1272/2647/1272
vt 0.468457 0.295628
f 1196/3091/1196 1237/3155/1237 1194/3046/1194
vt 0.824104 0.069704
vt 0.821091 0.069893
vt 0.821336 0.068688
f 1199/3156/1199 1216/3157/1216 1168/3158/1168
vt 0.445695 0.751291
vt 0.447721 0.750526
f 1238/3159/1238 1233/3160/1233 1170/3027/1170
vt 0.267522 0.405399
f 1233/3161/1233 1176/2976/1176 1175/3004/1175
vt 0.789100 0.958394
vt 0.796699 0.966403
vt 0.787098 0.965606
f 1329/3162/1329 1133/3163/1133 1220/3164/1220
vt 0.208518 0.965350
f 1273/2815/1273 1501/3165/1501 1095/2328/1095
f 1278/3114/1278 1148/3116/1148 1204/3119/1204
f 1208/2349/1208 1533/2787/1533 1273/2815/1273
f 1189/3084/1189 1221/3083/1221 1220/3164/1220
vt 0.259739 0.397285
f 1264/3166/1264 1225/3026/1225 1176/2976/1176
vt 0.043906 0.198666
vt 0.048051 0.201454
f 1191/3040/1191 1258/3167/1258 1221/3168/1221
vt 0.925661 0.416580
vt 0.925453 0.414116
vt 0.928163 0.412871
f 1243/3169/1243 1138/3170/1138 1153/3171/1153
vt 0.373478 0.356487
vt 0.378793 0.358431
f 1206/3038/1206 1258/3172/1258 1191/3173/1191
vt 0.375245 0.367012
f 1206/3038/1206 1167/2996/1167 1276/3174/1276
vt 0.952099 0.732635
f 1226/3036/1226 1192/2946/1192 1231/3175/1231
f 1223/2951/1223 1243/3169/1243 1153/3171/1153
vt 0.822779 0.071602
f 1216/3157/1216 1199/3156/1199 1283/3176/1283
vt 0.152522 0.920337
f 984/2157/984 1397/3177/1397 1027/2412/1027
vt 0.272687 0.408264
vt 0.271418 0.410871
vt 0.266774 0.409567
f 1170/3178/1170 1236/3179/1236 1238/3180/1238
vt 0.468300 0.292734
f 1237/3155/1237 1252/3181/1252 1194/3046/1194
vt 0.164489 0.886511
vt 0.167049 0.886971
vt 0.166175 0.889094
f 1214/3182/1214 1277/3183/1277 1137/3184/1137
vt 0.387260 0.880171
vt 0.384869 0.887065
f 1156/2777/1156 1251/3185/1251 1309/3186/1309
vt 0.403407 0.869719
f 1211/2987/1211 1160/2974/1160 1255/3187/1255
vt 0.056447 0.286150
vt 0.058214 0.287008
f 1243/3133/1243 1218/3188/1218 1198/3189/1198
vt 0.712680 0.782109
f 1283/3190/1283 1199/3062/1199 1217/3145/1217
vt 0.015384 0.100465
f 1253/3191/1253 1171/3142/1171 1240/3144/1240
vt 0.775492 0.047200
vt 0.776797 0.045960
vt 0.780758 0.047827
f 1212/3192/1212 1215/3193/1215 1213/3194/1213
vt 0.641117 0.307993
vt 0.636396 0.311717
vt 0.634986 0.308498
f 1246/3195/1246 1209/3196/1209 1211/3197/1211
vt 0.636928 0.305204
f 1255/3198/1255 1246/3195/1246 1211/3197/1211
vt 0.399012 0.874982
vt 0.397995 0.875653
f 1209/3199/1209 1195/3102/1195 1202/3200/1202
vt 0.159631 0.884422
f 1328/2447/1328 1378/3201/1378 1214/2711/1214
vt 0.432301 0.754184
f 1257/3035/1257 1232/3202/1232 1162/2920/1162
vt 0.987682 0.611786
vt 0.989261 0.617847
vt 0.984273 0.613417
f 1227/3203/1227 1207/3204/1207 1201/3205/1201
vt 0.721960 0.799650
f 1201/3206/1201 1314/3129/1314 1227/3057/1227
vt 0.305896 0.320007
f 1239/3078/1239 1219/3080/1219 1295/3207/1295
vt 0.426962 0.761888
f 1257/3035/1257 1150/2919/1150 1249/3208/1249
vt 0.692910 0.759135
f 1245/3037/1245 1244/2767/1244 1280/3209/1280
vt 0.009527 0.514650
vt 0.010827 0.509716
vt 0.013083 0.514604
f 1161/3210/1161 1224/3211/1224 1205/3212/1205
vt 0.372222 0.360696
f 1276/3174/1276 1348/3213/1348 1206/3038/1206
vt 0.848305 0.460404
f 1259/3031/1259 1190/3214/1190 1166/3043/1166
f 1203/3003/1203 1292/2478/1292 670/2477/670
vt 0.264682 0.404867
f 1176/2976/1176 1233/3161/1233 1303/3215/1303
f 1314/3129/1314 1217/3145/1217 1184/2896/1184
vt 0.580585 0.156357
vt 0.579253 0.160245
vt 0.576748 0.159181
f 1231/3216/1231 1210/3217/1210 1218/3218/1218
vt 0.537802 0.580540
f 1174/3005/1174 1151/2963/1151 1306/3219/1306
vt 0.402157 0.874689
f 1246/3220/1246 1195/3102/1195 1209/3199/1209
vt 0.405612 0.865408
f 1160/2974/1160 1194/3067/1194 1304/3221/1304
vt 0.706072 0.780349
f 1284/3222/1284 1216/3107/1216 1283/3190/1283
f 1156/2777/1156 1309/3186/1309 1193/3052/1193
vt 0.445494 0.179973
vt 0.447864 0.183300
vt 0.443470 0.183064
f 1233/3223/1233 1238/3224/1238 1303/3225/1303
vt 0.362760 0.898011
vt 0.367875 0.898524
f 1263/3226/1263 1200/2957/1200 1337/3227/1337
vt 0.579217 0.961426
f 1228/2912/1228 1623/3228/1623 730/1475/730
vt 0.263041 0.403087
f 1176/2976/1176 1303/3215/1303 1247/3229/1247
vt 0.790495 0.794049
f 996/2297/996 1485/1907/1485 1480/3230/1480
vt 0.822329 0.805259
vt 0.822233 0.800202
f 1089/3231/1089 1786/3232/1786 1481/2909/1481
vt 0.712112 0.791283
f 1310/3233/1310 1217/3145/1217 1314/3129/1314
vt 0.806640 0.797673
f 1628/2904/1628 1907/3234/1907 1108/2322/1108
vt 0.830772 0.251217
f 1219/3071/1219 1226/3070/1226 1311/3235/1311
vt 0.796276 0.795170
f 996/2297/996 1480/3236/1480 1628/2904/1628
vt 0.463787 0.298065
vt 0.461884 0.296608
f 1237/3155/1237 1187/3237/1187 1286/3238/1286
vt 0.027000 0.404590
vt 0.031280 0.401660
f 1187/3239/1187 1197/3139/1197 1281/3240/1281
vt 0.536649 0.590636
vt 0.541420 0.588348
f 1207/3241/1207 1174/3005/1174 1312/3242/1312
f 1312/3242/1312 1174/3005/1174 1306/3219/1306
vt 0.343007 0.568485
f 1234/1731/1234 798/2355/798 1475/3243/1475
vt 0.307385 0.323567
f 1239/3078/1239 1295/3207/1295 1351/3244/1351
f 1121/2905/1121 1108/2322/1108 1907/3234/1907
vt 0.402799 0.860736
f 1304/3221/1304 1194/3067/1194 1252/3245/1252
f 1206/3038/1206 1348/3213/1348 1258/3172/1258
vt 0.522107 0.956932
f 1492/3246/1492 811/2578/811 1229/2577/1229
vt 0.139328 0.643829
f 1190/3076/1190 1275/3247/1275 1242/3081/1242
vt 0.873030 0.811256
f 1490/2605/1490 1787/3248/1787 993/2614/993
f 1224/3152/1224 1225/3026/1225 1264/3166/1264
vt 0.816875 0.803268
f 1222/3249/1222 1786/3232/1786 1089/3231/1089
vt 0.288149 0.283092
vt 0.290597 0.286047
vt 0.293973 0.290327
f 1243/3250/1243 1223/3251/1223 1331/3252/1331
vt 0.828140 0.255241
f 1231/3253/1231 1311/3235/1311 1226/3070/1226
vt 0.834298 0.248069
f 1219/3071/1219 1311/3235/1311 1295/3254/1295
vt 0.817722 0.799766
f 1121/2905/1121 1786/3255/1786 1222/3249/1222
vt 0.576648 0.157273
f 1231/3216/1231 1218/3218/1218 1256/3256/1256
vt 0.779626 0.045947
vt 0.781154 0.046382
f 1215/3257/1215 1254/3258/1254 1213/3194/1213
vt 0.030502 0.397199
f 1213/3100/1213 1268/3259/1268 1186/3101/1186
f 1787/3248/1787 2053/2606/2053 993/2614/993
f 2049/2930/2049 1235/1681/1235 658/1001/658
f 1255/3187/1255 1160/2974/1160 1304/3221/1304
vt 0.986862 0.052081
vt 0.989103 0.052331
vt 0.986394 0.053740
f 1253/3260/1253 1240/3261/1240 1267/3262/1267
vt 0.717063 0.531897
vt 0.721973 0.529398
vt 0.722241 0.531457
f 1236/3263/1236 1260/3264/1260 1238/3265/1238
f 1197/3139/1197 1186/3101/1186 1281/3240/1281
vt 0.404702 0.879423
f 1195/3102/1195 1246/3220/1246 1285/3266/1285
vt 0.437018 0.753521
f 1236/3267/1236 1162/2920/1162 1232/3202/1232
f 1492/2931/1492 1228/2912/1228 995/1682/995
vt 0.858868 0.810007
f 1702/3268/1702 1490/2605/1490 989/2604/989
f 1151/2963/1151 1271/3029/1271 1306/3219/1306
vt 0.260129 0.401866
f 1296/3269/1296 1264/3166/1264 1176/2976/1176
vt 0.262818 0.402919
f 1176/2976/1176 1247/3270/1247 1296/3269/1296
vt 0.414308 0.236499
vt 0.411039 0.234256
vt 0.414407 0.233230
f 1355/3271/1355 1353/3272/1353 809/3273/809
f 1249/3146/1249 1200/2957/1200 1263/3226/1263
f 1337/3227/1337 1200/2957/1200 1193/3052/1193
f 1182/2843/1182 1097/2572/1097 1347/3086/1347
vt 0.160384 0.928866
f 984/2157/984 1339/2536/1339 1248/3274/1248
vt 0.029195 0.393326
f 1268/3259/1268 1213/3100/1213 1254/3275/1254
vt 0.653079 0.925040
f 1154/2538/1154 1332/3024/1332 1477/3276/1477
f 1287/2991/1287 1216/3107/1216 1284/3222/1284
f 1248/3274/1248 1397/3177/1397 984/2157/984
vt 0.577647 0.154555
f 1256/3256/1256 1266/3277/1266 1231/3216/1231
vt 0.914820 0.226360
vt 0.911248 0.228603
vt 0.907598 0.227816
f 1155/3278/1155 1272/3279/1272 1420/3280/1420
vt 0.392813 0.887104
f 1251/3104/1251 1250/3140/1250 1289/3281/1289
vt 0.461984 0.294575
f 1237/3155/1237 1286/3238/1286 1274/3282/1274
f 1237/3155/1237 1274/3282/1274 1252/3181/1252
vt 0.642536 0.309047
vt 0.642796 0.311216
f 1246/3195/1246 1291/3283/1291 1285/3284/1285
vt 0.030810 0.404744
f 1281/3240/1281 1286/3285/1286 1187/3239/1187
vt 0.508576 0.270867
vt 0.505762 0.267813
vt 0.509758 0.266349
f 1265/3286/1265 1256/3287/1256 1218/3288/1218
vt 0.406184 0.871836
vt 0.410918 0.872006
vt 0.405220 0.874381
f 1255/3289/1255 1352/3290/1352 1246/3291/1246
vt 0.028075 0.388544
f 1253/3149/1253 1270/3292/1270 1215/3150/1215
vt 0.027290 0.387146
f 1270/3292/1270 1253/3149/1253 1267/3293/1267
vt 0.306926 0.325716
f 1351/3244/1351 1240/3294/1240 1239/3078/1239
vt 0.628114 0.249866
vt 0.632767 0.245886
vt 0.630809 0.250261
f 1304/3295/1304 1252/3296/1252 1372/3297/1372
f 1420/3154/1420 1095/2328/1095 1501/3165/1501
vt 0.725047 0.801716
vt 0.722372 0.802951
f 1201/3206/1201 1207/3298/1207 1312/3299/1312
f 1230/3128/1230 1280/3209/1280 1244/2767/1244
vt 0.516870 0.549314
f 1347/3086/1347 1242/3033/1242 1327/3300/1327
vt 0.024086 0.507166
vt 0.020862 0.515463
f 1369/3301/1369 1167/3302/1167 1205/3212/1205
f 1369/3301/1369 1205/3212/1205 1224/3211/1224
vt 0.942885 0.425774
vt 0.949088 0.418633
vt 0.947555 0.427308
f 1325/3303/1325 1245/3304/1245 1321/3305/1321
f 1180/3077/1180 1245/3304/1245 1325/3303/1325
f 1331/3069/1331 1180/3077/1180 1325/3303/1325
vt 0.049859 0.287481
f 1243/3133/1243 1265/3306/1265 1218/3188/1218
vt 0.854901 0.455110
f 1345/3307/1345 1190/3214/1190 1259/3031/1259
vt 0.844323 0.453061
f 1345/3307/1345 1259/3031/1259 1278/3308/1278
vt 0.423262 0.761847
vt 0.421890 0.760399
f 1249/3208/1249 1263/3309/1263 1290/3310/1290
f 1281/3240/1281 1186/3101/1186 1268/3259/1268
vt 0.462898 0.292026
f 1274/3282/1274 1293/3311/1293 1252/3181/1252
vt 0.458813 0.509026
vt 0.453296 0.512745
vt 0.451486 0.505940
f 1250/3312/1250 1195/3313/1195 1302/3314/1302
vt 0.715040 0.530170
vt 0.713961 0.525994
f 1260/3264/1260 1236/3315/1236 1262/3316/1262
vt 0.434641 0.753165
f 1236/3267/1236 1232/3202/1232 1262/3317/1262
f 1397/3177/1397 1502/3044/1502 1027/2412/1027
f 1270/3292/1270 1254/3275/1254 1215/3150/1215
vt 0.726969 0.530912
f 1303/3318/1303 1238/3265/1238 1260/3264/1260
vt 0.127725 0.899963
f 1502/3044/1502 1380/3319/1380 1055/2658/1055
vt 0.388860 0.881528
f 1309/3186/1309 1251/3320/1251 1289/3281/1289
vt 0.405792 0.870383
vt 0.409018 0.867304
f 1352/3290/1352 1255/3321/1255 1304/3322/1304
vt 0.980534 0.053960
vt 0.981251 0.052787
f 1320/3323/1320 1270/3324/1270 1267/3262/1267
vt 0.032823 0.394229
f 1268/3259/1268 1254/3275/1254 1305/3325/1305
vt 0.408619 0.877280
f 1291/3326/1291 1246/3291/1246 1352/3290/1352
f 1257/3035/1257 1249/3208/1249 1290/3310/1290
vt 0.542040 0.588068
vt 0.550296 0.585397
f 1312/3327/1312 1306/3219/1306 1435/3328/1435
vt 0.688871 0.751566
f 1280/3209/1280 1321/3329/1321 1245/3037/1245
vt 0.134967 0.636051
f 1327/3330/1327 1242/3081/1242 1275/3247/1275
vt 0.769515 0.971075
vt 0.772157 0.974205
vt 0.769495 0.977678
f 1326/3331/1326 1258/3332/1258 1348/3333/1348
vt 0.716110 0.528596
f 1297/3334/1297 1260/3264/1260 1262/3316/1262
vt 0.969434 0.178737
vt 0.967510 0.176975
vt 0.971330 0.177556
f 1290/3335/1290 1263/3336/1263 1375/3337/1375
vt 0.710479 0.785491
f 1217/3145/1217 1310/3233/1310 1300/3338/1300
vt 0.409330 0.881280
f 1291/3326/1291 1316/3339/1316 1285/3266/1285
vt 0.709336 0.783641
f 1300/3340/1300 1283/3190/1283 1217/3145/1217
vt 0.979152 0.388437
vt 0.974805 0.384538
f 1261/2703/1261 1317/3341/1317 1392/3342/1392
vt 0.030900 0.392329
f 1305/3325/1305 1254/3275/1254 1270/3343/1270
vt 0.438723 0.183275
vt 0.440660 0.184608
f 1247/3344/1247 1303/3225/1303 1298/3345/1298
vt 0.448376 0.210702
vt 0.451657 0.210870
vt 0.450394 0.212333
f 1268/3346/1268 1288/3347/1288 1281/3348/1281
vt 0.727214 0.528570
f 1303/3318/1303 1260/3264/1260 1298/3349/1298
vt 0.220805 0.946038
vt 0.221392 0.953256
f 1203/3003/1203 1269/3350/1269 1750/3351/1750
vt 0.970279 0.127071
vt 0.966457 0.126929
vt 0.967315 0.124111
f 1286/3352/1286 1281/3353/1281 1288/3354/1288
vt 0.446254 0.513478
f 1195/3313/1195 1285/3355/1285 1302/3314/1302
vt 0.971497 0.174220
f 1263/3336/1263 1337/3356/1337 1375/3337/1375
vt 0.193260 0.955115
f 1533/2787/1533 990/2616/990 1536/3357/1536
vt 0.033776 0.396217
f 1305/3325/1305 1346/3358/1346 1268/3259/1268
vt 0.034310 0.386220
vt 0.028337 0.386607
vt 0.031430 0.384419
f 1408/3359/1408 1267/3360/1267 1301/3361/1301
vt 0.976416 0.053335
f 1305/3362/1305 1270/3324/1270 1320/3323/1320
vt 0.011276 0.102674
vt 0.009359 0.103179
f 1267/3363/1267 1240/3144/1240 1301/3364/1301
vt 0.716020 0.802433
f 1314/3129/1314 1201/3206/1201 1396/3365/1396
vt 0.764501 0.980955
vt 0.758895 0.977422
f 1348/3333/1348 1276/3366/1276 1369/3367/1369
vt 0.422563 0.755551
f 1257/3035/1257 1290/3310/1290 1333/3368/1333
vt 0.086096 0.124440
vt 0.087736 0.122261
vt 0.089260 0.123961
f 1247/3369/1247 1313/3370/1313 1296/3371/1296
vt 0.719469 0.802529
f 1312/3299/1312 1294/3372/1294 1201/3206/1201
f 1271/3029/1271 1182/2843/1182 1347/3086/1347
vt 0.925686 0.418407
vt 0.930199 0.420219
vt 0.924022 0.421927
f 1243/3373/1243 1331/3374/1331 1349/3375/1349
vt 0.050492 0.291675
f 1265/3306/1265 1243/3133/1243 1349/3376/1349
vt 0.328158 0.176631
vt 0.326788 0.178311
vt 0.323719 0.178029
f 1256/3377/1256 1265/3378/1265 1370/3379/1370
vt 0.855276 0.459574
f 1190/3214/1190 1345/3307/1345 1275/3380/1275
vt 0.977883 0.378563
f 1392/3342/1392 1389/3381/1389 1261/2703/1261
vt 0.179019 0.958720
f 1632/3382/1632 1534/2633/1534 1099/2632/1099
vt 0.662869 0.169100
vt 0.658612 0.168690
vt 0.658650 0.166827
f 1288/3383/1288 1268/3384/1268 1346/3385/1346
vt 0.545596 0.569568
f 1306/3219/1306 1271/3029/1271 1479/3386/1479
vt 0.500671 0.982103
vt 0.500259 0.976356
f 1459/3387/1459 1411/3388/1411 1169/2444/1169
f 1000/2088/1000 1459/3387/1459 1169/2444/1169
vt 0.210778 0.074843
vt 0.213729 0.075800
vt 0.210645 0.076566
f 1308/3389/1308 1274/3390/1274 1286/3391/1286
vt 0.699609 0.775532
f 1284/3222/1284 1395/3392/1395 1287/2991/1287
vt 0.458442 0.292768
f 1308/3393/1308 1293/3311/1293 1274/3282/1274
vt 0.032833 0.391169
f 1320/3394/1320 1267/3360/1267 1408/3359/1408
vt 0.781726 0.372156
vt 0.780275 0.374286
f 1277/2840/1277 1214/3395/1214 1705/3396/1705
vt 0.722160 0.525632
f 1260/3264/1260 1390/3397/1390 1298/3349/1298
vt 0.978445 0.372948
vt 0.983808 0.375874
f 1389/3381/1389 1382/3398/1382 1157/3399/1157
vt 0.717625 0.527829
f 1260/3264/1260 1297/3400/1297 1390/3397/1390
f 1230/3128/1230 1287/2991/1287 1395/3392/1395
vt 0.913547 0.223637
vt 0.909448 0.222875
f 1324/3401/1324 1155/3278/1155 1546/3402/1546
f 1546/3402/1546 1155/3278/1155 1420/3280/1420
vt 0.706718 0.789216
f 1300/3338/1300 1310/3233/1310 1315/3403/1315
vt 0.752496 0.118854
vt 0.756484 0.115953
vt 0.757536 0.117370
f 1298/3404/1298 1313/3405/1313 1247/3406/1247
f 1534/2633/1534 1536/3357/1536 990/2616/990
vt 0.570298 0.262996
vt 0.565479 0.262918
vt 0.566301 0.261363
f 1300/3407/1300 1336/3408/1336 1283/3409/1283
vt 0.704520 0.783900
vt 0.707740 0.781999
f 1336/3410/1336 1284/3222/1284 1283/3411/1283
vt 0.342063 0.438286
vt 0.337231 0.441841
vt 0.336196 0.438875
f 1351/3412/1351 1301/3413/1301 1240/3414/1240
vt 0.341342 0.442747
f 1301/3413/1301 1351/3412/1351 1368/3415/1368
vt 0.443277 0.508903
vt 0.443347 0.513271
f 1319/3416/1319 1285/3355/1285 1316/3417/1316
vt 0.024678 0.512543
f 1167/3302/1167 1369/3301/1369 1276/3418/1276
vt 0.131596 0.643799
f 1327/3330/1327 1275/3247/1275 1322/3419/1322
vt 0.015090 0.505166
f 1369/3301/1369 1224/3211/1224 1344/3420/1344
vt 0.247314 0.396238
f 1224/3152/1224 1264/3166/1264 1438/3421/1438
f 1201/3206/1201 1294/3372/1294 1396/3365/1396
vt 0.848877 0.371400
vt 0.854366 0.370383
vt 0.856833 0.373713
f 1343/3422/1343 1295/3423/1295 1311/3424/1311
vt 0.973986 0.614108
vt 0.983778 0.617267
vt 0.977447 0.618032
f 1294/3425/1294 1312/3426/1312 1435/3427/1435
f 1333/3368/1333 1232/3202/1232 1257/3035/1257
vt 0.343237 0.434055
vt 0.348645 0.437824
f 1295/3428/1295 1343/3429/1343 1351/3412/1351
vt 0.325707 0.175372
f 1266/3430/1266 1256/3377/1256 1370/3379/1370
vt 0.638038 0.247177
vt 0.635853 0.249753
f 1252/3296/1252 1293/3431/1293 1372/3432/1372
vt 0.048664 0.288792
f 1349/3376/1349 1407/3433/1407 1265/3306/1265
vt 0.953615 0.734421
vt 0.949590 0.739357
f 1266/3434/1266 1350/3435/1350 1231/3175/1231
vt 0.591132 0.108202
vt 0.592640 0.106214
vt 0.594427 0.108289
f 1296/3436/1296 1313/3437/1313 1323/3438/1323
vt 0.943337 0.734179
vt 0.942465 0.736685
f 1311/3439/1311 1231/3175/1231 1388/3440/1388
vt 0.398019 0.895946
f 1309/3186/1309 1289/3281/1289 1422/3441/1422
vt 0.179060 0.955014
f 1683/3442/1683 1534/2633/1534 1632/3382/1632
vt 0.376823 0.904426
f 1337/3227/1337 1193/3052/1193 1358/3443/1358
vt 0.194168 0.939725
f 1550/3444/1550 877/2156/877 1292/2478/1292
vt 0.396478 0.885907
vt 0.400476 0.889201
f 1289/3281/1289 1250/3445/1250 1302/3446/1302
f 1285/3355/1285 1319/3416/1319 1302/3314/1302
vt 0.661381 0.165560
f 1288/3383/1288 1346/3385/1346 1419/3447/1419
vt 0.972091 0.124524
f 1308/3448/1308 1286/3352/1286 1288/3354/1288
vt 0.414096 0.877176
f 1366/3449/1366 1291/3326/1291 1352/3290/1352
vt 0.412030 0.879177
f 1316/3339/1316 1291/3326/1291 1340/3450/1340
vt 0.547666 0.578099
f 1435/3328/1435 1306/3219/1306 1363/3451/1363
vt 0.754306 0.114243
vt 0.751817 0.116178
f 1323/3452/1323 1313/3405/1313 1416/3453/1416
f 1298/3404/1298 1416/3453/1416 1313/3405/1313
vt 0.429380 0.750812
vt 0.425798 0.752347
f 1262/3454/1262 1232/3202/1232 1342/3455/1342
vt 0.693297 0.772911
f 1230/3128/1230 1395/3392/1395 1496/3456/1496
f 1230/3128/1230 1496/3456/1496 1280/3209/1280
vt 0.384246 0.900976
f 1358/3443/1358 1193/3052/1193 1318/3457/1318
vt 0.686817 0.748278
vt 0.685326 0.748997
f 1325/3458/1325 1321/3329/1321 1341/3459/1341
vt 0.712227 0.801226
f 1314/3129/1314 1396/3365/1396 1381/3460/1381
f 1310/3233/1310 1314/3129/1314 1381/3460/1381
vt 0.416952 0.875275
f 1354/3461/1354 1366/3449/1366 1352/3290/1352
vt 0.127635 0.894270
f 1317/2898/1317 1055/2658/1055 1307/3462/1307
vt 0.414325 0.877383
f 1340/3450/1340 1291/3326/1291 1366/3463/1366
vt 0.705018 0.785708
vt 0.709224 0.785385
f 1315/3403/1315 1336/3464/1336 1300/3465/1300
f 1096/2534/1096 877/2156/877 1550/3444/1550
vt 0.448919 0.207713
vt 0.444583 0.206599
vt 0.444886 0.206069
f 1346/3466/1346 1305/3467/1305 1437/3468/1437
vt 0.800488 0.942459
f 1279/3113/1279 1386/3469/1386 1241/3111/1241
f 1333/3368/1333 1342/3455/1342 1232/3202/1232
vt 0.816831 0.932084
f 1204/3119/1204 1345/3470/1345 1278/3114/1278
vt 0.252374 0.401844
f 1264/3166/1264 1296/3269/1296 1323/3471/1323
vt 0.855580 0.196656
vt 0.854195 0.198801
vt 0.848451 0.196866
f 1370/3472/1370 1265/3473/1265 1407/3474/1407
vt 0.531615 0.550124
f 1327/3300/1327 1516/3475/1516 1347/3086/1347
vt 0.849744 0.375918
f 1311/3424/1311 1388/3476/1388 1343/3422/1343
vt 0.956802 0.739371
f 1370/3477/1370 1350/3435/1350 1266/3434/1266
f 1388/3440/1388 1231/3175/1231 1350/3435/1350
vt 0.863593 0.455892
f 1383/3478/1383 1275/3380/1275 1345/3307/1345
vt 0.015521 0.264101
vt 0.010570 0.261640
vt 0.013503 0.258167
f 1220/3479/1220 1221/3480/1221 1330/3481/1330
vt 0.775440 0.972468
vt 0.777574 0.960965
f 1221/3083/1221 1258/3482/1258 1330/3483/1330
vt 0.441576 0.512280
vt 0.440742 0.512181
f 1319/3416/1319 1316/3484/1316 1334/3485/1334
vt 0.133052 0.890411
vt 0.140597 0.889691
f 1317/2898/1317 1528/3486/1528 1392/3487/1392
f 1422/3441/1422 1289/3281/1289 1302/3446/1302
vt 0.944679 0.201265
vt 0.946673 0.199366
vt 0.951557 0.200366
f 1325/3488/1325 1341/3489/1341 1335/3490/1335
vt 0.336981 0.444329
f 1301/3413/1301 1368/3415/1368 1408/3491/1408
f 1324/3016/1324 1399/2958/1399 1409/2569/1409
vt 0.730682 0.526073
f 1298/3349/1298 1390/3397/1390 1416/3492/1416
vt 0.305243 0.263183
vt 0.303910 0.261896
vt 0.304722 0.259587
f 1334/3493/1334 1316/3494/1316 1340/3495/1340
vt 0.717232 0.522999
vt 0.716824 0.526500
f 1364/3496/1364 1390/3397/1390 1297/3497/1297
f 1193/3052/1193 1309/3186/1309 1318/3457/1318
vt 0.700276 0.783142
f 1284/3222/1284 1336/3410/1336 1376/3498/1376
vt 0.039748 0.391349
f 1437/3499/1437 1320/3394/1320 1408/3359/1408
vt 0.683238 0.751226
f 1280/3209/1280 1360/3500/1360 1321/3329/1321
vt 0.440007 0.512533
f 1334/3485/1334 1365/3501/1365 1319/3416/1319
vt 0.421970 0.753300
f 1342/3455/1342 1333/3368/1333 1359/3502/1359
vt 0.419947 0.875222
f 1352/3290/1352 1414/3503/1414 1354/3461/1354
vt 0.948000 0.199914
f 1335/3490/1335 1341/3489/1341 1360/3504/1360
vt 0.677038 0.910986
vt 0.674851 0.908973
f 1843/3505/1843 1299/2745/1299 1277/3506/1277
vt 0.310084 0.259257
f 1356/3507/1356 1334/3493/1334 1340/3495/1340
vt 0.305632 0.256836
f 1366/3508/1366 1356/3507/1356 1340/3495/1340
vt 0.700690 0.118054
vt 0.700166 0.115453
vt 0.703816 0.115401
f 1297/3509/1297 1262/3510/1262 1364/3511/1364
f 1055/2658/1055 1380/3319/1380 1307/3462/1307
vt 0.669881 0.917758
f 1338/2050/1338 1299/2745/1299 1593/3512/1593
vt 0.863090 0.459586
f 1275/3380/1275 1383/3478/1383 1322/3513/1322
vt 0.414734 0.755843
f 1333/3368/1333 1290/3310/1290 1412/3514/1412
vt 0.410479 0.857151
vt 0.411412 0.856011
vt 0.415435 0.856453
f 1293/3515/1293 1308/3516/1308 1387/3517/1387
f 1320/3394/1320 1437/3499/1437 1305/3325/1305
vt 0.288048 0.295891
vt 0.277217 0.295103
f 1331/3252/1331 1325/3518/1325 1371/3519/1371
vt 0.453912 0.294383
vt 0.456369 0.290399
f 1308/3393/1308 1288/3520/1288 1387/3521/1387
vt 0.409165 0.863712
vt 0.420868 0.865261
f 1304/3322/1304 1372/3522/1372 1357/3523/1357
f 1304/3322/1304 1357/3523/1357 1352/3290/1352
f 1326/3331/1326 1348/3333/1348 1369/3367/1369
f 1323/3471/1323 1438/3421/1438 1264/3166/1264
vt 0.123385 0.637096
f 1322/3419/1322 1384/3524/1384 1327/3330/1327
vt 0.119435 0.630044
f 1384/3524/1384 1516/3525/1516 1327/3330/1327
vt 0.915503 0.073933
vt 0.916490 0.076613
vt 0.914103 0.077034
f 1378/3526/1378 1705/3527/1705 1214/3528/1214
f 1321/3329/1321 1360/3500/1360 1341/3459/1341
vt 0.416688 0.872846
vt 0.419002 0.869706
f 1414/3529/1414 1352/3290/1352 1367/3530/1367
vt 0.369325 0.904339
f 1375/3531/1375 1337/3227/1337 1358/3443/1358
vt 0.347153 0.441497
f 1343/3429/1343 1362/3532/1362 1351/3412/1351
vt 0.171849 0.937487
f 1566/3533/1566 1248/3274/1248 1339/2536/1339
f 1528/3486/1528 1317/2898/1317 1307/3462/1307
f 1382/3398/1382 1328/2470/1328 1157/3399/1157
vt 0.309102 0.262901
f 1334/3493/1334 1356/3507/1356 1379/3534/1379
f 1363/3451/1363 1306/3219/1306 1479/3386/1479
vt 0.305920 0.265273
f 1365/3535/1365 1334/3493/1334 1379/3534/1379
vt 0.122381 0.361485
vt 0.118938 0.357924
vt 0.121916 0.359708
f 1342/3536/1342 1364/3537/1364 1262/3538/1262
vt 0.701571 0.795131
f 1315/3403/1315 1310/3233/1310 1428/3539/1428
vt 0.734737 0.524390
vt 0.738573 0.526336
f 1391/3540/1391 1323/3541/1323 1416/3492/1416
vt 0.980169 0.370043
vt 0.983865 0.370487
f 1553/3542/1553 1378/3543/1378 1328/2470/1328
vt 0.502747 0.984426
vt 0.500611 0.983327
f 1459/3387/1459 1000/3544/1000 1633/3545/1633
vt 0.684952 0.763549
f 1496/3456/1496 1400/3546/1400 1280/3209/1280
vt 0.764368 0.599347
f 1637/3547/1637 2409/2903/2409 1488/1499/1488
vt 0.954097 0.203174
f 1325/3488/1325 1335/3490/1335 1371/3548/1371
f 1362/3532/1362 1368/3415/1368 1351/3412/1351
vt 0.212324 0.950872
f 1203/3003/1203 1750/3351/1750 1600/3549/1600
vt 0.558242 0.087440
vt 0.555094 0.087185
vt 0.559678 0.086760
f 1419/3550/1419 1427/3551/1427 1288/3552/1288
vt 0.834765 0.803147
f 1481/2909/1481 2216/3553/2216 1923/2910/1923
vt 0.305839 0.254542
vt 0.308353 0.254174
f 1366/3508/1366 1354/3554/1354 1424/3555/1424
vt 0.417329 0.868004
f 1357/3523/1357 1367/3556/1367 1352/3290/1352
vt 0.298191 0.457458
f 886/1900/886 1639/3557/1639 1355/2098/1355
vt 0.396386 0.903870
f 1318/3457/1318 1309/3186/1309 1487/3558/1487
vt 0.588173 0.955227
f 730/1475/730 1830/3559/1830 1485/2296/1485
vt 0.435675 0.457221
vt 0.434858 0.453728
f 1486/3560/1486 1954/3561/1954 1702/2924/1702
f 1333/3368/1333 1412/3514/1412 1359/3502/1359
f 1241/3111/1241 1386/3469/1386 1204/3119/1204
vt 0.414643 0.761266
f 1290/3310/1290 1375/3562/1375 1412/3514/1412
vt 0.249594 0.390080
f 1344/3563/1344 1224/3152/1224 1438/3421/1438
vt 0.277709 0.288455
f 1349/3564/1349 1331/3252/1331 1371/3519/1371
vt 0.536756 0.555483
f 1271/3029/1271 1347/3086/1347 1467/3565/1467
vt 0.312664 0.455691
vt 0.307832 0.459426
f 886/1900/886 1235/3566/1235 2223/3567/2223
vt 0.965942 0.617797
f 1294/3425/1294 1435/3427/1435 1436/3568/1436
vt 0.700895 0.605081
vt 0.698625 0.602884
vt 0.702335 0.599864
f 1369/3569/1369 1447/3570/1447 1326/3571/1326
vt 0.409287 0.863649
f 1293/3515/1293 1387/3517/1387 1372/3572/1372
vt 0.556330 0.083490
f 1387/3573/1387 1288/3552/1288 1427/3551/1427
vt 0.420243 0.861875
f 1357/3523/1357 1372/3522/1372 1421/3574/1421
vt 0.694839 0.586222
vt 0.702919 0.595983
f 1330/3575/1330 1258/3576/1258 1326/3571/1326
vt 0.018830 0.255464
vt 0.025826 0.256601
vt 0.024981 0.260074
f 1330/3577/1330 1373/3578/1373 1329/3579/1329
f 1220/3479/1220 1330/3577/1330 1329/3579/1329
vt 0.892057 0.814198
f 2053/2606/2053 1491/3580/1491 1099/2607/1099
f 1376/3498/1376 1395/3392/1395 1284/3222/1284
vt 0.115631 0.360034
f 1342/3536/1342 1374/3581/1374 1364/3537/1364
vt 0.120655 0.363263
f 1342/3536/1342 1359/3582/1359 1374/3581/1374
vt 0.272244 0.733640
vt 0.275073 0.740373
f 729/3583/729 2060/3584/2060 1633/2309/1633
vt 0.503200 0.299369
vt 0.505234 0.292913
vt 0.508777 0.293333
f 1273/3585/1273 1533/3586/1533 1724/3587/1724
vt 0.868083 0.810665
f 1737/3588/1737 1787/3248/1787 1490/2605/1490
vt 0.309082 0.255107
vt 0.309672 0.256070
f 1424/3589/1424 1356/3590/1356 1366/3508/1366
vt 0.893024 0.818290
f 1099/2607/1099 1491/3580/1491 1632/3591/1632
vt 0.809815 0.797588
f 1907/3592/1907 1786/3255/1786 1121/2905/1121
f 803/1937/803 1475/3243/1475 798/2355/798
vt 0.829842 0.585753
f 2739/2968/2739 2049/3593/2049 1118/1695/1118
f 1422/3441/1422 1487/3558/1487 1309/3186/1309
vt 0.702014 0.789077
f 1315/3403/1315 1394/3594/1394 1336/3464/1336
vt 0.421214 0.879440
f 1414/3503/1414 1424/3595/1424 1354/3461/1354
vt 0.431403 0.035610
vt 0.430452 0.037129
vt 0.426745 0.035749
f 1410/3596/1410 1414/3597/1414 1367/3598/1367
vt 0.771833 0.647453
f 1477/2953/1477 2400/3599/2400 803/2954/803
vt 0.682855 0.757186
f 1377/3600/1377 1360/3500/1360 1280/3209/1280
vt 0.709135 0.805925
f 1402/3601/1402 1381/3460/1381 1396/3365/1396
vt 0.721038 0.520946
f 1413/3602/1413 1390/3397/1390 1364/3496/1364
vt 0.568300 0.269112
vt 0.565891 0.268129
vt 0.566072 0.264976
f 1394/3603/1394 1376/3604/1376 1336/3605/1336
f 1315/3403/1315 1428/3539/1428 1394/3594/1394
f 1188/2756/1188 1361/3025/1361 1574/2893/1574
vt 0.845439 0.372358
f 1418/3606/1418 1343/3422/1343 1388/3476/1388
vt 0.352250 0.440894
f 1362/3532/1362 1343/3429/1343 1418/3607/1418
vt 0.808277 0.931597
f 1345/3470/1345 1204/3119/1204 1406/3608/1406
f 1372/3572/1372 1387/3517/1387 1421/3574/1421
vt 0.040359 0.101023
vt 0.045390 0.098396
vt 0.047609 0.100899
f 1437/3609/1437 1419/3610/1419 1346/3611/1346
vt 0.726425 0.520895
f 1416/3492/1416 1390/3397/1390 1434/3612/1434
vt 0.322130 0.232109
vt 0.315434 0.228451
vt 0.319855 0.227923
f 1404/3613/1404 1387/3614/1387 1427/3615/1427
vt 0.335016 0.100552
vt 0.335904 0.104245
vt 0.329539 0.100921
f 1407/3616/1407 1468/3617/1468 1370/3618/1370
vt 0.329795 0.103300
f 1350/3619/1350 1370/3618/1370 1468/3617/1468
f 1310/3233/1310 1381/3460/1381 1428/3539/1428
f 1339/2536/1339 1096/2534/1096 1550/3444/1550
vt 0.376419 0.909789
f 1444/3620/1444 1375/3531/1375 1358/3443/1358
f 1400/3546/1400 1377/3600/1377 1280/3209/1280
vt 0.134516 0.883897
f 1392/3487/1392 1528/3486/1528 1712/3621/1712
vt 0.566114 0.269196
f 1394/3603/1394 1500/3622/1500 1376/3604/1376
vt 0.438161 0.511876
vt 0.434344 0.514072
vt 0.430630 0.512929
f 1365/3623/1365 1379/3624/1379 1431/3625/1431
f 1188/2756/1188 1574/2893/1574 1282/2892/1282
vt 0.419330 0.890012
vt 0.415234 0.886175
vt 0.417998 0.883642
f 1431/3626/1431 1379/3627/1379 1356/3628/1356
vt 0.422680 0.885120
f 1424/3595/1424 1401/3629/1401 1356/3628/1356
f 1431/3626/1431 1356/3628/1356 1401/3629/1401
vt 0.414716 0.752530
f 1359/3502/1359 1412/3514/1412 1425/3630/1425
vt 0.686063 0.769262
f 1433/3631/1433 1400/3546/1400 1496/3456/1496
vt 0.117236 0.362319
f 1398/3632/1398 1374/3581/1374 1359/3582/1359
vt 0.113627 0.355475
f 1364/3537/1364 1374/3581/1374 1413/3633/1413
vt 0.677220 0.753638
f 1377/3600/1377 1393/3634/1393 1360/3500/1360
vt 0.680256 0.748896
f 1360/3500/1360 1393/3634/1393 1335/3635/1335
vt 0.695102 0.786892
f 1395/3392/1395 1376/3498/1376 1500/3636/1500
f 1479/3386/1479 1271/3029/1271 1467/3565/1467
vt 0.869587 0.459619
f 1403/3637/1403 1322/3513/1322 1383/3478/1383
vt 0.406080 0.759812
f 1412/3514/1412 1375/3562/1375 1444/3638/1444
vt 0.801615 0.934649
f 1405/3639/1405 1204/3119/1204 1386/3469/1386
vt 0.794053 0.939960
f 1386/3469/1386 1279/3113/1279 1471/3640/1471
vt 0.816883 0.925587
f 1345/3470/1345 1406/3608/1406 1383/3641/1383
vt 0.019038 0.500206
f 1385/3642/1385 1369/3301/1369 1344/3420/1344
vt 0.025250 0.123802
vt 0.027816 0.125640
vt 0.023232 0.126698
f 1413/3643/1413 1434/3644/1434 1390/3645/1390
vt 0.748204 0.980809
vt 0.742081 0.983846
vt 0.747798 0.976168
f 1344/3646/1344 1438/3647/1438 1385/3648/1385
vt 0.273711 0.284600
vt 0.271438 0.288242
f 1407/3649/1407 1349/3564/1349 1465/3650/1465
f 1406/3608/1406 1204/3119/1204 1405/3639/1405
vt 0.124878 0.643712
f 1384/3524/1384 1322/3419/1322 1403/3651/1403
vt 0.843557 0.373327
vt 0.843764 0.379200
f 1418/3652/1418 1388/3476/1388 1474/3653/1474
f 1516/3475/1516 1467/3565/1467 1347/3086/1347
vt 0.394599 0.262833
vt 0.396693 0.264957
vt 0.392543 0.266069
f 1368/3654/1368 1362/3655/1362 1417/3656/1417
vt 0.343863 0.444982
f 1417/3657/1417 1408/3491/1408 1368/3415/1368
vt 0.782671 0.952944
vt 0.787480 0.947208
f 1373/3658/1373 1470/3659/1470 1329/3162/1329
f 1329/3162/1329 1470/3659/1470 1279/3113/1279
vt 0.690409 0.588653
vt 0.692756 0.595546
f 1440/3660/1440 1326/3571/1326 1439/3661/1439
f 1326/3571/1326 1440/3660/1440 1330/3575/1330
vt 0.699196 0.804053
f 1381/3460/1381 1402/3601/1402 1458/3662/1458
vt 0.388102 0.907232
f 1358/3443/1358 1318/3457/1318 1429/3663/1429
vt 0.240799 0.968159
f 1560/3664/1560 1361/3025/1361 1128/2620/1128
vt 0.434996 0.500904
f 1302/3314/1302 1319/3416/1319 1563/3665/1563
vt 0.955797 0.202132
f 1371/3548/1371 1335/3490/1335 1430/3666/1430
vt 0.433419 0.507664
f 1365/3623/1365 1431/3625/1431 1456/3667/1456
vt 0.384214 0.908873
f 1444/3620/1444 1358/3443/1358 1432/3668/1432
vt 0.272652 0.291328
f 1371/3519/1371 1426/3669/1426 1349/3564/1349
vt 0.424527 0.878125
f 1415/3670/1415 1424/3595/1424 1414/3503/1414
vt 0.676125 0.748287
f 1430/3671/1430 1335/3635/1335 1393/3634/1393
f 1128/2620/1128 1399/2958/1399 1560/3664/1560
f 1432/3668/1432 1358/3443/1358 1429/3663/1429
vt 0.692154 0.781551
f 1496/3456/1496 1395/3392/1395 1478/3672/1478
vt 0.128059 0.912884
f 1652/3673/1652 1380/3319/1380 1502/3044/1502
f 1428/3539/1428 1381/3460/1381 1458/3662/1458
f 1319/3416/1319 1365/3623/1365 1456/3667/1456
vt 0.148278 0.579640
vt 0.143581 0.580801
vt 0.148032 0.577851
f 1374/3674/1374 1398/3675/1398 1464/3676/1464
vt 0.418418 0.751261
f 1398/3677/1398 1359/3502/1359 1425/3630/1425
vt 0.971354 0.379588
f 1392/3342/1392 1682/3678/1682 1389/3381/1389
vt 0.419800 0.749850
vt 0.415813 0.749279
f 1464/3679/1464 1398/3677/1398 1524/3680/1524
vt 0.698778 0.791669
f 1394/3594/1394 1428/3539/1428 1449/3681/1449
vt 0.424524 0.868905
vt 0.422181 0.872514
f 1367/3530/1367 1423/3682/1423 1410/3683/1410
f 1423/3682/1423 1367/3530/1367 1357/3523/1357
vt 0.824971 0.342818
vt 0.819843 0.347886
vt 0.811459 0.344281
f 1408/3684/1408 1417/3685/1417 1448/3686/1448
vt 0.821173 0.339124
f 1437/3687/1437 1408/3684/1408 1448/3686/1448
vt 0.962112 0.743631
vt 0.960533 0.751363
vt 0.956888 0.745938
f 1407/3688/1407 1463/3689/1463 1468/3690/1468
vt 0.966583 0.748781
f 1463/3689/1463 1407/3688/1407 1465/3691/1465
vt 0.973813 0.373112
f 1880/3692/1880 1382/3398/1382 1389/3381/1389
vt 0.823576 0.197065
vt 0.819821 0.199872
vt 0.818905 0.196065
f 1404/3693/1404 1427/3694/1427 1443/3695/1443
vt 0.686537 0.583241
f 1440/3660/1440 1446/3696/1446 1330/3575/1330
vt 0.761760 0.969013
vt 0.752071 0.968977
f 1447/3697/1447 1369/3367/1369 1521/3698/1521
f 1471/3640/1471 1279/3113/1279 1470/3659/1470
vt 0.764151 0.963280
vt 0.767856 0.966775
f 1447/3697/1447 1439/3699/1439 1326/3700/1326
vt 0.314740 0.234404
f 1387/3614/1387 1404/3613/1404 1421/3701/1421
vt 0.690094 0.580695
f 1373/3702/1373 1330/3575/1330 1446/3696/1446
f 1411/3388/1411 1894/2921/1894 1169/2444/1169
vt 0.029342 0.123537
f 1434/3644/1434 1413/3643/1413 1505/3703/1505
vt 0.442868 0.498698
vt 0.448335 0.500539
f 1454/3704/1454 1422/3705/1422 1302/3314/1302
f 1302/3314/1302 1563/3665/1563 1454/3704/1454
vt 0.433388 0.134245
vt 0.428364 0.134799
vt 0.428188 0.131070
f 1482/3706/1482 1427/3707/1427 1419/3708/1419
vt 0.134417 0.050697
vt 0.133404 0.054408
vt 0.131830 0.053469
f 1426/3709/1426 1371/3710/1371 1430/3711/1430
vt 0.661238 0.920247
f 1082/1979/1082 1455/3712/1455 1332/3024/1332
f 1426/3669/1426 1465/3650/1465 1349/3564/1349
vt 0.426615 0.877552
f 1410/3683/1410 1415/3713/1415 1414/3503/1414
f 1500/3636/1500 1394/3594/1394 1449/3681/1449
f 1395/3392/1395 1500/3636/1500 1478/3672/1478
vt 0.427054 0.881452
f 1415/3670/1415 1450/3714/1450 1424/3595/1424
f 1647/3103/1647 1269/3350/1269 1059/3106/1059
vt 0.813592 0.199219
f 1443/3695/1443 1427/3694/1427 1482/3715/1482
vt 0.133624 0.577407
vt 0.136068 0.576312
vt 0.134145 0.578330
f 1472/3716/1472 1425/3717/1425 1412/3718/1412
vt 0.315959 0.032459
vt 0.315408 0.032817
vt 0.313332 0.032339
f 1460/3719/1460 1357/3720/1357 1421/3721/1421
vt 0.570477 0.861809
vt 0.571865 0.859679
vt 0.573187 0.860410
f 1423/3722/1423 1357/3723/1357 1460/3724/1460
vt 0.381374 0.911944
f 1444/3620/1444 1432/3668/1432 1483/3725/1483
f 1401/3629/1401 1424/3595/1424 1450/3714/1450
vt 0.423478 0.891714
f 1401/3629/1401 1461/3726/1461 1431/3626/1431
vt 0.436281 0.133757
f 1482/3706/1482 1419/3708/1419 1453/3727/1453
vt 0.410304 0.753656
f 1412/3514/1412 1444/3638/1444 1472/3728/1472
f 1405/3639/1405 1386/3469/1386 1471/3640/1471
vt 0.029758 0.498415
f 1385/3642/1385 1521/3729/1521 1369/3301/1369
vt 0.184870 0.949555
f 1534/2633/1534 1683/3442/1683 1715/3730/1715
vt 0.812960 0.340109
f 1448/3686/1448 1445/3731/1445 1437/3687/1437
vt 0.939894 0.743107
vt 0.933360 0.742049
vt 0.934295 0.739025
f 1474/3732/1474 1519/3733/1519 1418/3734/1418
vt 0.347350 0.441689
vt 0.354761 0.448162
f 1362/3735/1362 1418/3607/1418 1526/3736/1526
vt 0.045511 0.394343
vt 0.052077 0.395235
f 1419/3737/1419 1437/3499/1437 1453/3738/1453
vt 0.848782 0.388107
vt 0.853164 0.381807
f 1468/3739/1468 1474/3653/1474 1350/3740/1350
f 1474/3653/1474 1388/3476/1388 1350/3740/1350
vt 0.673190 0.749875
f 1430/3671/1430 1393/3634/1393 1466/3741/1466
vt 0.685684 0.775100
f 1433/3631/1433 1496/3456/1496 1476/3742/1476
vt 0.426423 0.510063
f 1456/3667/1456 1431/3625/1431 1508/3743/1508
vt 0.675503 0.759612
f 1377/3600/1377 1400/3546/1400 1510/3744/1510
f 1393/3634/1393 1377/3600/1377 1510/3744/1510
vt 0.567544 0.575505
f 1435/3328/1435 1363/3451/1363 1494/3745/1494
vt 0.569708 0.866627
f 1489/3746/1489 1423/3722/1423 1460/3724/1460
vt 0.430654 0.885563
f 1532/3747/1532 1401/3629/1401 1450/3714/1450
vt 0.564197 0.862611
f 1423/3722/1423 1489/3746/1489 1410/3748/1410
vt 0.406367 0.899900
vt 0.407439 0.896010
f 1547/3749/1547 1422/3441/1422 1454/3750/1454
vt 0.975547 0.751604
vt 0.976381 0.754272
f 1465/3691/1465 1426/3751/1426 1462/3752/1462
vt 0.966893 0.753488
f 1525/3753/1525 1465/3691/1465 1462/3752/1462
vt 0.982167 0.752582
vt 0.983040 0.754907
f 1462/3752/1462 1430/3754/1430 1466/3755/1466
vt 0.109402 0.359575
f 1413/3633/1413 1374/3581/1374 1464/3756/1464
f 1426/3751/1426 1430/3754/1430 1462/3752/1462
vt 0.423579 0.860570
vt 0.427053 0.863299
vt 0.425305 0.865666
f 1421/3757/1421 1442/3758/1442 1460/3759/1460
vt 0.681375 0.766471
f 1400/3546/1400 1433/3631/1433 1564/3760/1564
f 1894/2921/1894 1603/2965/1603 896/2580/896
f 1292/2478/1292 1203/3003/1203 1550/3444/1550
vt 0.965073 0.608010
vt 0.966698 0.608488
vt 0.963261 0.613461
f 1452/3761/1452 1402/3762/1402 1514/3763/1514
vt 0.690363 0.784774
f 1500/3636/1500 1457/3764/1457 1478/3672/1478
vt 0.875258 0.454544
f 1596/3765/1596 1403/3637/1403 1383/3478/1383
vt 0.048578 0.390528
f 1453/3738/1453 1437/3499/1437 1445/3766/1445
vt 0.508030 0.300631
f 1501/3767/1501 1273/3585/1273 1724/3587/1724
vt 0.356260 0.444247
f 1526/3736/1526 1418/3607/1418 1519/3768/1519
vt 0.975196 0.610029
f 1396/3769/1396 1294/3425/1294 1514/3763/1514
vt 0.967405 0.609189
f 1396/3769/1396 1514/3763/1514 1402/3770/1402
vt 0.403525 0.752518
f 1472/3728/1472 1444/3638/1444 1556/3771/1556
vt 0.726574 0.520598
f 1391/3540/1391 1416/3492/1416 1434/3772/1434
vt 0.739853 0.975464
f 1517/3773/1517 1385/3648/1385 1438/3647/1438
vt 0.735200 0.515788
f 1323/3541/1323 1391/3540/1391 1541/3774/1541
vt 0.744976 0.522572
vt 0.743831 0.518473
f 1438/3775/1438 1323/3541/1323 1539/3776/1539
vt 0.704533 0.809707
f 1452/3777/1452 1458/3662/1458 1402/3601/1402
vt 0.033792 0.426998
vt 0.039097 0.427882
vt 0.035378 0.429916
f 1500/3778/1500 1449/3779/1449 1511/3780/1511
vt 0.425950 0.511537
f 1508/3743/1508 1431/3625/1431 1461/3781/1461
vt 0.107551 0.354978
f 1505/3782/1505 1413/3633/1413 1464/3756/1464
f 1429/3663/1429 1318/3457/1318 1487/3558/1487
f 1566/3533/1566 1339/2536/1339 1550/3444/1550
vt 0.561050 0.584456
f 1436/3783/1436 1435/3328/1435 1494/3745/1494
vt 0.412107 0.749891
f 1524/3680/1524 1398/3677/1398 1425/3784/1425
vt 0.814021 0.195506
f 1443/3695/1443 1482/3715/1482 1451/3785/1451
f 1487/3558/1487 1422/3441/1422 1547/3749/1547
f 1319/3416/1319 1456/3667/1456 1563/3665/1563
vt 0.429065 0.892493
f 1401/3629/1401 1532/3747/1532 1503/3786/1503
f 1461/3726/1461 1401/3629/1401 1503/3786/1503
vt 0.135165 0.923350
vt 0.146216 0.928017
f 1706/3787/1706 1397/3177/1397 1764/3788/1764
vt 0.424105 0.855192
vt 0.427405 0.858234
f 1404/3789/1404 1504/3790/1504 1421/3757/1421
vt 0.694855 0.795433
f 1449/3681/1449 1428/3539/1428 1522/3791/1522
vt 0.386182 0.914774
f 1483/3725/1483 1432/3668/1432 1540/3792/1540
f 1463/3689/1463 1465/3691/1465 1525/3753/1525
vt 0.423094 0.851839
vt 0.426030 0.853999
f 1404/3789/1404 1443/3793/1443 1495/3794/1495
vt 0.982434 0.760507
f 1462/3752/1462 1466/3755/1466 1493/3795/1493
vt 0.875574 0.459736
f 1513/3796/1513 1403/3637/1403 1596/3765/1596
vt 0.731740 0.980272
f 1539/3797/1539 1517/3773/1517 1438/3647/1438
f 1514/3763/1514 1294/3425/1294 1436/3568/1436
vt 0.347980 0.446916
f 1417/3798/1417 1362/3735/1362 1526/3736/1526
vt 0.143915 0.881310
vt 0.145162 0.879865
vt 0.145760 0.882062
f 1682/3799/1682 1441/3800/1441 1389/3801/1389
vt 0.684366 0.564613
vt 0.688309 0.574694
vt 0.680150 0.568296
f 1471/3802/1471 1470/3803/1470 1498/3804/1498
f 1391/3540/1391 1434/3772/1434 1541/3774/1541
vt 0.119152 0.643035
f 1384/3524/1384 1403/3651/1403 1513/3805/1513
vt 0.776654 0.952086
vt 0.773204 0.957186
vt 0.767477 0.952935
f 1446/3806/1446 1440/3807/1440 1559/3808/1559
vt 0.757715 0.962278
f 1520/3809/1520 1447/3697/1447 1521/3698/1521
f 1397/3177/1397 1706/3787/1706 1502/3044/1502
vt 0.802312 0.925565
f 1406/3608/1406 1518/3810/1518 1383/3641/1383
f 1323/3541/1323 1541/3774/1541 1539/3776/1539
f 1447/3697/1447 1520/3809/1520 1439/3699/1439
f 1446/3696/1446 1470/3803/1470 1373/3702/1373
f 1440/3807/1440 1439/3699/1439 1520/3809/1520
vt 0.840944 0.381022
f 1468/3739/1468 1473/3811/1473 1474/3653/1474
vt 0.873904 0.222828
vt 0.880166 0.221541
vt 0.882554 0.224672
f 1543/3812/1543 1519/3813/1519 1474/3814/1474
vt 0.681675 0.767740
f 1564/3760/1564 1433/3631/1433 1544/3815/1544
vt 0.114392 0.908201
f 1652/3673/1652 2027/3816/2027 1380/3319/1380
vt 0.132305 0.576136
vt 0.133938 0.571832
f 1425/3717/1425 1472/3817/1472 1565/3818/1565
vt 0.427246 0.862723
f 1442/3819/1442 1421/3757/1421 1504/3790/1504
vt 0.683509 0.778464
f 1529/3820/1529 1476/3742/1476 1496/3456/1496
f 1478/3672/1478 1529/3820/1529 1496/3456/1496
vt 0.562873 0.867102
f 1415/3821/1415 1410/3748/1410 1489/3746/1489
vt 0.817086 0.194712
f 1451/3785/1451 1495/3822/1495 1443/3695/1443
vt 0.679874 0.770383
f 1476/3742/1476 1544/3823/1544 1433/3631/1433
vt 0.119386 0.896116
f 1601/3824/1601 1307/3462/1307 1380/3319/1380
vt 0.972825 0.375396
f 1441/3825/1441 1880/3692/1880 1389/3381/1389
vt 0.694548 0.792269
f 1522/3791/1522 1511/3826/1511 1449/3681/1449
vt 0.394966 0.760207
vt 0.394457 0.762957
vt 0.393821 0.760393
f 1432/3827/1432 1429/3828/1429 1567/3829/1567
vt 0.426057 0.507943
f 1456/3667/1456 1508/3743/1508 1545/3830/1545
vt 0.419308 0.746002
vt 0.415548 0.748357
vt 0.415566 0.745013
f 1464/3831/1464 1524/3832/1524 1523/3833/1523
vt 0.676582 0.916139
f 1614/3834/1614 1593/3512/1593 1299/2745/1299
vt 0.582407 0.859938
vt 0.587698 0.863750
vt 0.578026 0.861165
f 1504/3835/1504 1622/3836/1622 1442/3837/1442
vt 0.581792 0.865720
f 1442/3837/1442 1622/3836/1622 1583/3838/1583
vt 0.809887 0.197380
f 1451/3785/1451 1482/3715/1482 1535/3839/1535
vt 0.412668 0.747331
f 1548/3840/1548 1524/3832/1524 1425/3784/1425
vt 0.779549 0.114278
vt 0.782255 0.116549
vt 0.778011 0.114686
f 1478/3841/1478 1457/3842/1457 1529/3843/1529
vt 0.574342 0.864127
vt 0.574056 0.861286
vt 0.575939 0.866816
f 1489/3844/1489 1460/3845/1460 1506/3846/1506
vt 0.829896 0.094507
vt 0.827055 0.093343
vt 0.829301 0.093374
f 1328/3847/1328 1382/3848/1382 1553/3849/1553
vt 0.671595 0.750400
f 1493/3850/1493 1466/3741/1466 1393/3634/1393
vt 0.427196 0.855038
vt 0.427218 0.855835
f 1404/3789/1404 1495/3851/1495 1504/3852/1504
vt 0.566593 0.872735
vt 0.558074 0.869559
f 1415/3821/1415 1561/3853/1561 1450/3854/1450
vt 0.205403 0.355753
vt 0.203052 0.363130
vt 0.198394 0.360037
f 1528/3855/1528 1307/3856/1307 1515/3857/1515
vt 0.598459 0.954007
f 1830/3559/1830 1480/3858/1480 1485/2296/1485
vt 0.400684 0.758919
f 1444/3638/1444 1483/3859/1483 1556/3771/1556
vt 0.907487 0.741824
vt 0.910403 0.737364
vt 0.914230 0.741599
f 1592/3860/1592 1445/3861/1445 1448/3862/1448
vt 0.725014 0.517340
f 1505/3863/1505 1541/3774/1541 1434/3772/1434
vt 0.806757 0.921626
vt 0.813635 0.917914
f 1557/3864/1557 1512/3865/1512 1383/3641/1383
vt 0.833564 0.797002
f 1783/3866/1783 2216/3553/2216 1481/2909/1481
vt 0.840676 0.386646
vt 0.840269 0.382635
f 1509/3867/1509 1473/3868/1473 1468/3739/1468
vt 0.813567 0.347915
f 1448/3686/1448 1417/3685/1417 1497/3869/1497
vt 0.391470 0.269530
vt 0.393446 0.268361
vt 0.394347 0.270725
f 1497/3870/1497 1417/3871/1417 1526/3872/1526
vt 0.677306 0.558639
vt 0.681327 0.555780
f 1471/3802/1471 1469/3873/1469 1405/3874/1405
vt 0.875636 0.227576
f 1543/3812/1543 1474/3814/1474 1473/3875/1473
f 1383/3641/1383 1518/3810/1518 1557/3864/1557
f 1498/3804/1498 1469/3873/1469 1471/3802/1471
f 1406/3608/1406 1405/3639/1405 1518/3810/1518
vt 0.681531 0.575425
f 1499/3876/1499 1498/3804/1498 1470/3803/1470
f 1446/3696/1446 1499/3876/1499 1470/3803/1470
vt 0.852324 0.803539
f 1954/3877/1954 1486/2913/1486 1923/2910/1923
vt 0.104409 0.359462
f 1464/3756/1464 1523/3878/1523 1505/3782/1505
f 1363/3451/1363 1479/3386/1479 1494/3745/1494
f 1460/3845/1460 1583/3838/1583 1506/3846/1506
f 1442/3837/1442 1583/3838/1583 1460/3845/1460
vt 0.949951 0.751810
vt 0.950580 0.748058
f 1463/3689/1463 1509/3879/1509 1468/3880/1468
vt 0.770011 0.597908
f 1636/3881/1636 1637/3547/1637 1488/1499/1488
vt 0.682183 0.763633
vt 0.677417 0.766183
f 1400/3882/1400 1564/3883/1564 1510/3744/1510
f 1234/1731/1234 1475/3243/1475 2739/2970/2739
vt 0.584583 0.858392
vt 0.590681 0.855968
vt 0.592934 0.858345
f 1504/3884/1504 1495/3885/1495 1611/3886/1611
vt 0.808718 0.198817
f 1535/3839/1535 1482/3715/1482 1453/3887/1453
f 1561/3853/1561 1415/3821/1415 1489/3746/1489
f 1622/3836/1622 1504/3835/1504 1611/3886/1611
vt 0.424895 0.505871
f 1563/3665/1563 1456/3667/1456 1545/3888/1545
vt 0.433208 0.883224
f 1450/3714/1450 1549/3889/1549 1532/3747/1532
vt 0.301018 0.719808
f 1353/2972/1353 1636/3890/1636 1488/2096/1488
vt 0.690868 0.788724
vt 0.692510 0.790692
f 1507/3891/1507 1500/3636/1500 1511/3892/1511
vt 0.029664 0.429402
vt 0.032011 0.429932
vt 0.029715 0.431867
f 1457/3893/1457 1500/3894/1500 1507/3895/1507
vt 0.861096 0.805529
f 1702/3268/1702 1665/3896/1665 1490/2605/1490
vt 0.865691 0.807345
f 1665/3896/1665 1737/3897/1737 1490/2605/1490
vt 0.435350 0.499075
f 1454/3704/1454 1563/3665/1563 1554/3898/1554
vt 0.562221 0.967934
f 1492/2931/1492 2051/3899/2051 1228/2912/1228
vt 0.406100 0.237285
f 1789/3900/1789 1353/3272/1353 1355/3271/1355
vt 0.150325 0.573510
vt 0.144920 0.574332
vt 0.145315 0.571949
f 1523/3901/1523 1524/3902/1524 1615/3903/1615
vt 0.346220 0.558744
vt 0.349290 0.565830
f 803/1937/803 2400/3904/2400 2404/3905/2404
vt 0.138096 0.570064
vt 0.141334 0.571705
f 1425/3717/1425 1555/3906/1555 1548/3907/1548
vt 0.203693 0.948874
f 1890/3908/1890 1550/3444/1550 1203/3003/1203
f 1555/3906/1555 1425/3717/1425 1565/3818/1565
vt 0.412715 0.239731
f 1355/3271/1355 1639/3909/1639 1789/3900/1789
vt 0.600342 0.408928
vt 0.603455 0.408469
vt 0.601062 0.410457
f 1477/3910/1477 1332/3911/1332 1924/3912/1924
vt 0.129613 0.571424
vt 0.131241 0.574369
f 1556/3913/1556 1565/3818/1565 1472/3914/1472
vt 0.395158 0.911663
f 1487/3558/1487 1572/3915/1572 1429/3663/1429
vt 0.563346 0.871509
f 1549/3916/1549 1450/3854/1450 1561/3853/1561
vt 0.422615 0.894634
f 1503/3786/1503 1508/3917/1508 1461/3726/1461
vt 0.561844 0.874287
vt 0.559416 0.876263
vt 0.557374 0.874560
f 1549/3918/1549 1552/3919/1552 1532/3920/1532
f 1397/3177/1397 1248/3274/1248 1764/3788/1764
vt 0.973003 0.757837
f 1525/3753/1525 1462/3752/1462 1568/3921/1568
vt 0.436714 0.891887
f 1503/3786/1503 1532/3747/1532 1551/3922/1551
vt 0.558245 0.561113
f 1599/3923/1599 1479/3386/1479 1467/3565/1467
vt 0.744984 0.966927
f 1385/3648/1385 1517/3773/1517 1580/3924/1580
vt 0.675932 0.551543
f 1469/3873/1469 1518/3925/1518 1405/3874/1405
vt 0.234615 0.489801
vt 0.239033 0.488496
vt 0.232494 0.496712
f 1512/3926/1512 1596/3927/1596 1383/3928/1383
vt 0.902363 0.738222
f 1445/3861/1445 1592/3860/1592 1453/3929/1453
vt 0.165126 0.940577
f 1248/3274/1248 1566/3533/1566 1582/3930/1582
vt 0.098687 0.634508
f 1384/3524/1384 1753/3931/1753 1516/3525/1516
vt 0.099986 0.349732
vt 0.102519 0.355133
f 1541/3932/1541 1505/3782/1505 1595/3933/1595
vt 0.395394 0.757619
f 1556/3771/1556 1483/3859/1483 1540/3934/1540
vt 0.026207 0.495911
f 1521/3729/1521 1385/3642/1385 1580/3935/1580
vt 0.151843 0.932993
f 1691/3936/1691 1248/3274/1248 1582/3930/1582
f 1595/3933/1595 1505/3782/1505 1523/3878/1523
vt 0.594072 0.853706
f 1495/3885/1495 1451/3937/1451 1611/3886/1611
vt 0.405709 0.911946
f 1572/3915/1572 1487/3558/1487 1625/3938/1625
vt 0.668048 0.757117
vt 0.667481 0.752806
f 1579/3939/1579 1493/3940/1493 1393/3634/1393
f 1502/3044/1502 1706/3787/1706 1652/3673/1652
f 1843/3505/1843 1614/3834/1614 1299/2745/1299
vt 0.427408 0.895706
f 1503/3786/1503 1537/3941/1537 1508/3917/1508
vt 0.381881 0.237807
vt 0.382895 0.233014
vt 0.384832 0.232576
f 1537/3942/1537 1503/3943/1503 1575/3944/1575
vt 0.379840 0.236932
vt 0.376656 0.240882
f 1508/3945/1508 1537/3942/1537 1545/3946/1545
vt 0.433802 0.876327
vt 0.431590 0.874519
vt 0.434865 0.874732
f 1561/3947/1561 1489/3948/1489 1527/3949/1527
vt 0.971352 0.379704
vt 0.969917 0.384472
f 1682/3950/1682 1392/3342/1392 1712/3951/1712
vt 0.597753 0.854673
f 1451/3937/1451 1535/3952/1535 1611/3886/1611
vt 0.143050 0.572932
vt 0.142585 0.573832
f 1548/3907/1548 1615/3953/1615 1524/3954/1524
vt 0.919647 0.307768
vt 0.921874 0.312040
vt 0.916133 0.308896
f 1535/3955/1535 1453/3956/1453 1589/3957/1589
f 1522/3791/1522 1428/3539/1428 1458/3662/1458
vt 0.575863 0.869613
vt 0.569802 0.867952
f 1562/3958/1562 1489/3959/1489 1506/3846/1506
f 1510/3744/1510 1579/3939/1579 1393/3634/1393
vt 0.358333 0.451022
vt 0.360608 0.447606
f 1602/3960/1602 1526/3736/1526 1543/3961/1543
vt 0.784473 0.118900
vt 0.783846 0.119416
f 1457/3842/1457 1507/3962/1507 1531/3963/1531
vt 0.389721 0.912112
f 1567/3964/1567 1540/3792/1540 1432/3668/1432
f 1547/3749/1547 1625/3938/1625 1487/3558/1487
vt 0.199927 0.366152
vt 0.199856 0.363072
f 1601/3965/1601 1515/3966/1515 1307/3856/1307
f 1380/3319/1380 2027/3816/2027 1601/3824/1601
vt 0.687458 0.782155
vt 0.683705 0.783520
f 1457/3967/1457 1531/3968/1531 1529/3820/1529
vt 0.544624 0.552903
f 1467/3565/1467 1516/3475/1516 1631/3969/1631
vt 0.731193 0.975303
f 1517/3773/1517 1539/3797/1539 1598/3970/1598
vt 0.677565 0.566508
vt 0.676890 0.564504
f 1498/3971/1498 1558/3972/1558 1469/3873/1469
vt 0.943440 0.754076
vt 0.938098 0.749234
f 1586/3973/1586 1473/3974/1473 1509/3879/1509
vt 0.883625 0.458215
f 1513/3796/1513 1596/3765/1596 1538/3975/1538
vt 0.773327 0.938319
f 1446/3806/1446 1559/3808/1559 1597/3976/1597
f 1519/3768/1519 1543/3961/1543 1526/3736/1526
vt 0.110369 0.640383
f 1384/3524/1384 1513/3805/1513 1613/3977/1613
vt 0.780957 0.942985
vt 0.779372 0.932265
vt 0.788176 0.939242
f 1499/3978/1499 1594/3979/1594 1498/3980/1498
vt 0.737796 0.970169
f 1517/3773/1517 1542/3981/1542 1580/3924/1580
vt 0.680173 0.907410
vt 0.682642 0.904560
vt 0.689697 0.910275
f 1705/3982/1705 1378/3983/1378 2878/3984/2878
vt 0.272718 0.258930
vt 0.276029 0.260528
vt 0.272539 0.261787
f 1476/3985/1476 1529/3986/1529 1648/3987/1648
vt 0.695358 0.811821
f 1452/3777/1452 1634/3988/1634 1458/3662/1458
vt 0.679254 0.774537
vt 0.682404 0.774864
f 1585/3989/1585 1544/3823/1544 1476/3990/1476
vt 0.900086 0.741045
f 1453/3929/1453 1592/3860/1592 1587/3991/1587
vt 0.130785 0.570624
f 1565/3818/1565 1556/3913/1556 1569/3992/1569
vt 0.925597 0.746982
vt 0.920373 0.744607
vt 0.926876 0.744414
f 1602/3993/1602 1497/3994/1497 1526/3995/1526
vt 0.431165 0.897756
f 1551/3922/1551 1575/3996/1575 1503/3786/1503
vt 0.679445 0.775853
f 1585/3989/1585 1476/3990/1476 1648/3997/1648
vt 0.669468 0.139014
vt 0.670632 0.140564
vt 0.667818 0.142116
f 1463/3998/1463 1525/3999/1525 1573/4000/1573
vt 0.668867 0.760907
f 1510/3744/1510 1564/3883/1564 1605/4001/1605
f 1534/2633/1534 1715/3730/1715 1536/3357/1536
vt 0.200117 0.356922
vt 0.205126 0.355754
f 1712/4002/1712 1528/4003/1528 1515/3857/1515
vt 0.955109 0.757556
f 1638/4004/1638 1509/3879/1509 1463/3689/1463
vt 0.034732 0.430808
vt 0.037930 0.432438
vt 0.037539 0.436808
f 1511/4005/1511 1522/4006/1522 1609/4007/1609
vt 0.572271 0.871381
f 1489/3959/1489 1562/3958/1562 1527/4008/1527
vt 0.918067 0.311568
f 1589/3957/1589 1453/3956/1453 1587/4009/1587
vt 0.417967 0.902134
f 1547/3749/1547 1454/3750/1454 1626/4010/1626
vt 0.414086 0.899165
f 1554/4011/1554 1626/4010/1626 1454/3750/1454
vt 0.600733 0.856533
f 1611/3886/1611 1535/3952/1535 1589/4012/1589
vt 0.390872 0.913104
vt 0.391388 0.916493
f 1540/3792/1540 1567/4013/1567 1570/4014/1570
vt 0.390771 0.759284
vt 0.386696 0.762029
f 1567/4015/1567 1429/3828/1429 1572/4016/1572
vt 0.436990 0.886403
f 1532/3747/1532 1552/4017/1552 1551/3922/1551
f 1599/3923/1599 1467/3565/1467 1631/3969/1631
vt 0.400629 0.751392
f 1540/3934/1540 1569/4018/1569 1556/3771/1556
vt 0.795010 0.927223
f 1558/4019/1558 1498/3980/1498 1594/3979/1594
vt 0.571757 0.581334
f 1436/3783/1436 1494/3745/1494 1653/4020/1653
f 1499/3978/1499 1446/3806/1446 1597/3976/1597
vt 0.672832 0.555797
f 1518/3925/1518 1469/3873/1469 1558/4021/1558
vt 0.742745 0.510147
f 1539/3776/1539 1541/3774/1541 1581/4022/1581
vt 0.960556 0.614847
vt 0.955713 0.617311
f 1514/4023/1514 1436/3568/1436 1653/4024/1653
f 1750/3351/1750 1269/3350/1269 1647/3103/1647
vt 0.708578 0.813658
vt 0.700658 0.814571
f 1514/4025/1514 1616/4026/1616 1452/3777/1452
vt 0.106943 0.627162
f 1631/4027/1631 1516/3525/1516 1753/3931/1753
vt 0.113426 0.643340
f 1538/4028/1538 1613/3977/1613 1513/3805/1513
f 1520/3809/1520 1559/3808/1559 1440/3807/1440
vt 0.041918 0.495151
vt 0.045499 0.489669
f 1520/4029/1520 1521/3729/1521 1695/4030/1695
vt 0.337071 0.127328
vt 0.331265 0.126607
vt 0.335608 0.124763
f 1632/4031/1632 1681/4032/1681 1683/4033/1683
f 1452/3777/1452 1616/4026/1616 1634/3988/1634
vt 0.394293 0.751842
f 1569/4018/1569 1540/3934/1540 1635/4034/1635
vt 0.964166 0.757217
f 1638/4004/1638 1463/3689/1463 1573/4035/1573
vt 0.570149 0.494212
vt 0.573890 0.494797
vt 0.572817 0.498584
f 1564/4036/1564 1544/4037/1544 1612/4038/1612
vt 0.031021 0.433343
f 1511/4005/1511 1699/4039/1699 1507/3895/1507
vt 0.690108 0.799219
f 1530/4040/1530 1522/3791/1522 1458/3662/1458
f 1579/3939/1579 1510/3744/1510 1605/4001/1605
vt 0.902998 0.224256
f 1546/3402/1546 1420/3280/1420 1725/4041/1725
vt 0.909939 0.746795
f 1592/3860/1592 1448/3862/1448 1588/4042/1588
vt 0.362296 0.449859
f 1543/3961/1543 1604/4043/1604 1602/3960/1602
f 1361/3025/1361 1560/3664/1560 1574/2893/1574
vt 0.565625 0.874560
vt 0.563973 0.873271
f 1561/3853/1561 1576/4044/1576 1549/4045/1549
vt 0.430492 0.497517
f 1626/4046/1626 1554/3898/1554 1563/3665/1563
vt 0.975115 0.763863
f 1493/3795/1493 1584/4047/1584 1462/3752/1462
f 1568/3921/1568 1462/3752/1462 1584/4047/1584
vt 0.670742 0.144473
f 1568/4048/1568 1573/4000/1573 1525/3999/1525
vt 0.416532 0.909232
f 1656/4049/1656 1625/3938/1625 1547/3749/1547
vt 0.575743 0.497222
f 1585/4050/1585 1612/4038/1612 1544/4037/1544
vt 0.671898 0.766056
f 1612/4051/1612 1605/4001/1605 1564/3883/1564
vt 0.280414 0.263318
f 1648/3987/1648 1529/3986/1529 1531/4052/1531
f 1455/2831/1455 1338/2050/1338 1593/3512/1593
vt 0.390977 0.757480
vt 0.388077 0.755847
f 1570/4053/1570 1578/4054/1578 1540/3934/1540
vt 0.133780 0.571084
vt 0.127660 0.569530
vt 0.131496 0.565357
f 1565/4055/1565 1569/4056/1569 1577/4057/1577
vt 0.439240 0.884395
vt 0.437625 0.881722
f 1662/4058/1662 1552/4017/1552 1549/4059/1549
vt 0.575977 0.869492
f 1583/3838/1583 1562/4060/1562 1506/3846/1506
vt 0.420659 0.509112
vt 0.412532 0.506171
f 1537/4061/1537 1679/4062/1679 1545/3888/1545
vt 0.220463 0.965620
vt 0.228355 0.961085
f 1546/4063/1546 1571/4064/1571 1324/3016/1324
vt 0.503279 0.969709
f 1411/3388/1411 2171/4065/2171 1894/2921/1894
vt 0.415274 0.509952
f 1679/4062/1679 1537/4061/1537 1575/4066/1575
f 1448/3862/1448 1497/3994/1497 1588/4042/1588
f 1399/2958/1399 1324/3016/1324 1571/4064/1571
f 1560/3664/1560 1399/2958/1399 1571/4064/1571
vt 0.151080 0.567888
f 1523/3901/1523 1615/3903/1615 1696/4067/1696
vt 0.957867 0.613705
vt 0.954537 0.610687
f 1514/4068/1514 1653/4024/1653 1616/4069/1616
vt 0.751877 0.954122
f 1559/3808/1559 1520/3809/1520 1695/4070/1695
vt 0.687105 0.796470
f 1609/4071/1609 1522/3791/1522 1530/4040/1530
vt 0.034245 0.435863
f 1511/4005/1511 1609/4007/1609 1699/4072/1699
f 1753/3931/1753 1384/3524/1384 1613/3977/1613
f 1479/3386/1479 1599/3923/1599 1494/3745/1494
vt 0.782344 0.925437
f 1558/4019/1558 1594/3979/1594 1627/4073/1627
vt 0.761256 0.945398
f 1597/3976/1597 1559/3808/1559 1674/4074/1674
vt 0.529667 0.295298
vt 0.531598 0.299066
vt 0.528304 0.300880
f 1527/4075/1527 1576/4076/1576 1561/4077/1561
vt 0.921129 0.749048
f 1497/3994/1497 1602/3993/1602 1624/4078/1624
f 1555/3906/1555 1565/4055/1565 1577/4057/1577
vt 0.676036 0.786673
vt 0.687351 0.788318
f 1641/4079/1641 1531/3968/1531 1507/4080/1507
vt 0.916442 0.748865
f 1588/4042/1588 1497/3994/1497 1658/4081/1658
vt 0.441508 0.890200
f 1551/3922/1551 1552/4017/1552 1590/4082/1590
vt 0.869338 0.227061
f 1543/3812/1543 1473/3875/1473 1640/4083/1640
vt 0.381823 0.757910
f 1567/4015/1567 1572/4016/1572 1607/4084/1607
vt 0.900833 0.744261
f 1646/4085/1646 1587/3991/1587 1592/3860/1592
vt 0.913325 0.312061
vt 0.914406 0.314382
f 1661/4086/1661 1587/4009/1587 1646/4087/1646
vt 0.915413 0.310310
f 1587/4009/1587 1661/4086/1661 1589/4088/1589
vt 0.965530 0.758084
vt 0.964381 0.761120
f 1573/4089/1573 1568/3921/1568 1717/4090/1717
f 1574/2893/1574 1560/3664/1560 1571/4064/1571
f 1647/3103/1647 1574/2893/1574 1571/4064/1571
f 1658/4081/1658 1497/3994/1497 1624/4078/1624
vt 0.986407 0.763361
vt 0.983900 0.765886
f 1493/3795/1493 1579/4091/1579 1673/4092/1673
f 1626/4010/1626 1656/4049/1656 1547/3749/1547
vt 0.595517 0.863277
f 1622/3836/1622 1611/3886/1611 1606/4093/1606
vt 0.606039 0.857253
vt 0.604490 0.860629
f 1661/4094/1661 1610/4095/1610 1589/4012/1589
vt 0.395552 0.919612
f 1567/4013/1567 1578/4096/1578 1570/4014/1570
vt 0.116928 0.887965
vt 0.124659 0.888147
f 1794/4097/1794 1515/4098/1515 1601/3824/1601
f 1715/3730/1715 1566/3533/1566 1550/3444/1550
vt 0.870999 0.222872
f 1604/4099/1604 1543/3812/1543 1640/4083/1640
vt 0.558140 0.880349
vt 0.565617 0.879269
vt 0.558294 0.881743
f 1552/4100/1552 1662/4101/1662 1590/4102/1590
vt 0.400478 0.915741
f 1625/3938/1625 1607/4103/1607 1572/3915/1572
vt 0.422125 0.500076
f 1545/3888/1545 1617/4104/1617 1563/3665/1563
vt 0.971562 0.376812
vt 0.967590 0.376487
f 1441/4105/1441 1682/3678/1682 1591/4106/1591
vt 0.677361 0.777597
f 1641/4079/1641 1648/4107/1648 1531/3968/1531
vt 0.889204 0.453558
f 1538/3975/1538 1596/3765/1596 1692/4108/1692
vt 0.157911 0.574235
f 1595/4109/1595 1523/3901/1523 1696/4067/1696
f 1598/3970/1598 1542/3981/1542 1517/3773/1517
vt 0.751434 0.513571
f 1581/4022/1581 1598/4110/1598 1539/3776/1539
vt 0.029620 0.492852
f 1521/3729/1521 1580/4111/1580 1695/4030/1695
f 1509/3879/1509 1638/4004/1638 1586/3973/1586
vt 0.142859 0.565271
f 1548/3907/1548 1555/3906/1555 1733/4112/1733
vt 0.123403 0.566194
f 1577/4057/1577 1569/4056/1569 1635/4113/1635
vt 0.399000 0.918415
f 1607/4114/1607 1578/4096/1578 1567/4013/1567
vt 0.696432 0.815992
f 1634/3988/1634 1616/4026/1616 1655/4115/1655
vt 0.934663 0.753486
vt 0.936103 0.749949
f 1586/3973/1586 1640/4116/1640 1473/4117/1473
vt 0.780203 0.378921
f 1705/3396/1705 2100/4118/2100 1277/2840/1277
vt 0.440719 0.903070
f 1575/3996/1575 1551/3922/1551 1680/4119/1680
vt 0.445298 0.897495
f 1680/4119/1680 1551/3922/1551 1701/4120/1701
vt 0.689250 0.808202
f 1634/3988/1634 1720/4121/1720 1458/3662/1458
vt 0.682944 0.792516
f 1699/4122/1699 1641/4079/1641 1507/4080/1507
vt 0.564922 0.884852
f 1818/4123/1818 1590/4102/1590 1662/4101/1662
vt 0.528806 0.290100
vt 0.531829 0.293312
vt 0.529302 0.293202
f 1583/4124/1583 1621/4125/1621 1562/4126/1562
f 1590/4082/1590 1701/4120/1701 1551/3922/1551
vt 0.362854 0.452444
f 1602/3960/1602 1604/4043/1604 1608/4127/1608
vt 0.059056 0.030989
vt 0.058120 0.031633
vt 0.058181 0.030870
f 1608/4128/1608 1624/4129/1624 1602/4130/1602
f 1638/4004/1638 1573/4035/1573 1717/4090/1717
f 1563/3665/1563 1617/4104/1617 1626/4046/1626
vt 0.599109 0.862016
f 1611/3886/1611 1589/4012/1589 1606/4131/1606
f 1646/4085/1646 1592/3860/1592 1588/4042/1588
vt 0.868924 0.223170
f 1640/4083/1640 1608/4132/1608 1604/4099/1604
vt 0.688083 0.903322
vt 0.683128 0.903144
f 1553/4133/1553 2878/3984/2878 1378/4134/1378
vt 0.436477 0.903929
f 1680/4119/1680 1618/4135/1618 1575/3996/1575
f 1527/4075/1527 1562/4126/1562 1621/4125/1621
vt 0.557190 0.493981
vt 0.560468 0.494743
vt 0.561987 0.498220
f 1579/4136/1579 1605/4137/1605 1642/4138/1642
f 1635/4034/1635 1540/3934/1540 1578/4054/1578
vt 0.241337 0.484729
vt 0.244820 0.483618
f 1596/3927/1596 1629/4139/1629 1692/4140/1692
vt 0.212260 0.960936
f 1501/3165/1501 1725/4141/1725 1420/3154/1420
vt 0.237930 0.486443
f 1512/4142/1512 1629/4139/1629 1596/3927/1596
vt 0.556994 0.553446
f 1599/3923/1599 1631/3969/1631 1709/4143/1709
vt 0.811952 0.911399
vt 0.801653 0.911277
f 1629/4144/1629 1512/3865/1512 1796/4145/1796
f 1548/3907/1548 1733/4112/1733 1615/3903/1615
vt 0.033600 0.490170
f 1695/4030/1695 1580/4111/1580 1728/4146/1728
f 1696/4067/1696 1615/3903/1615 1733/4112/1733
f 1597/3976/1597 1594/3979/1594 1499/3978/1499
f 1512/3865/1512 1557/3864/1557 1796/4145/1796
vt 0.793997 0.914164
f 1518/3810/1518 1630/4147/1630 1557/3864/1557
vt 0.161008 0.567807
vt 0.161619 0.572179
f 1595/4109/1595 1672/4148/1672 1541/4149/1541
vt 0.722720 0.976751
vt 0.723313 0.985072
vt 0.715825 0.976340
f 1581/4150/1581 1541/4151/1541 1676/4152/1676
f 1733/4112/1733 1555/3906/1555 1577/4057/1577
vt 0.665310 0.760359
vt 0.661796 0.757438
f 1642/4153/1642 1673/4154/1673 1579/3939/1579
f 1458/3662/1458 1720/4121/1720 1530/4040/1530
f 1493/3795/1493 1673/4092/1673 1584/4047/1584
vt 0.570735 0.874761
vt 0.575869 0.872376
vt 0.582008 0.871390
f 1576/4155/1576 1527/4156/1527 1621/4157/1621
f 1764/3788/1764 1248/3274/1248 1691/3936/1691
f 1606/4131/1606 1589/4012/1589 1610/4095/1610
vt 0.425777 0.497211
f 1626/4046/1626 1617/4104/1617 1704/4158/1704
vt 0.564319 0.875666
f 1662/4101/1662 1549/4159/1549 1576/4155/1576
vt 0.433973 0.902847
f 1575/3996/1575 1618/4135/1618 1679/4160/1679
vt 0.591021 0.867657
f 1622/3836/1622 1686/4161/1686 1583/3838/1583
vt 0.587245 0.874039
f 1686/4161/1686 1671/4162/1671 1583/3838/1583
f 1717/4090/1717 1568/3921/1568 1584/4047/1584
vt 0.675196 0.773381
vt 0.672335 0.779448
f 1585/4163/1585 1648/4107/1648 1620/4164/1620
vt 0.683237 0.798788
f 1609/4071/1609 1530/4040/1530 1668/4165/1668
vt 0.576725 0.501130
vt 0.571974 0.502045
f 1612/4038/1612 1585/4166/1585 1666/4167/1666
vt 0.447041 0.893177
f 1670/4168/1670 1701/4120/1701 1590/4082/1590
vt 0.574649 0.884374
f 1662/4101/1662 1576/4155/1576 1805/4169/1805
f 1621/4157/1621 1583/3838/1583 1671/4162/1671
vt 0.414359 0.498815
f 1617/4104/1617 1545/3888/1545 1708/4170/1708
vt 0.944678 0.609583
f 1616/4069/1616 1653/4024/1653 1675/4171/1675
vt 0.567256 0.497922
vt 0.562149 0.498475
vt 0.564029 0.496171
f 1612/4172/1612 1642/4173/1642 1605/4174/1605
vt 0.951811 0.607872
f 1655/4175/1655 1616/4069/1616 1675/4171/1675
vt 0.712371 0.983379
f 1672/4176/1672 1676/4152/1676 1541/4151/1541
vt 0.103713 0.638674
f 1613/3977/1613 1693/4177/1693 1753/3931/1753
f 1672/4148/1672 1595/4109/1595 1696/4067/1696
vt 0.053800 0.229490
vt 0.055717 0.233598
vt 0.049468 0.230907
f 1580/4178/1580 1542/4179/1542 1651/4180/1651
vt 0.593997 0.866206
f 1606/4093/1606 1645/4181/1645 1622/3836/1622
vt 0.946410 0.762032
f 1586/3973/1586 1638/4004/1638 1779/4182/1779
vt 0.137899 0.562103
f 1733/4112/1733 1577/4057/1577 1730/4183/1730
vt 0.926676 0.750139
vt 0.924724 0.752324
f 1624/4078/1624 1608/4184/1608 1677/4185/1677
vt 0.422149 0.497808
f 1704/4158/1704 1617/4104/1617 1690/4186/1690
vt 0.015056 0.150986
vt 0.010417 0.150977
vt 0.012333 0.149624
f 1698/4187/1698 1635/4188/1635 1644/4189/1644
vt 0.406458 0.917887
f 1607/4103/1607 1625/3938/1625 1664/4190/1664
vt 0.201940 0.959275
f 1724/4191/1724 1533/2787/1533 1536/3357/1536
vt 0.389414 0.749758
f 1635/4034/1635 1578/4054/1578 1644/4192/1644
vt 0.084308 0.230080
vt 0.081630 0.232578
vt 0.080012 0.229943
f 1612/4193/1612 1666/4194/1666 1659/4195/1659
vt 0.566252 0.502369
f 1659/4196/1659 1642/4173/1642 1612/4172/1612
f 1668/4165/1668 1530/4040/1530 1720/4121/1720
vt 0.272224 0.743744
vt 0.266312 0.743845
f 1918/4197/1918 1459/4198/1459 1633/2309/1633
vt 0.280258 0.734096
f 1484/4199/1484 2060/3584/2060 729/3583/729
vt 0.031112 0.438022
vt 0.035359 0.438817
vt 0.036794 0.441506
f 1699/4200/1699 1609/4201/1609 1668/4202/1668
vt 0.423881 0.906267
f 1704/4203/1704 1656/4049/1656 1626/4010/1626
vt 0.591179 0.949064
f 1830/3559/1830 2604/4204/2604 1480/3858/1480
f 2060/3584/2060 1918/4197/1918 1633/2309/1633
vt 0.283035 0.732121
vt 0.284772 0.734229
f 1117/4205/1117 2599/4206/2599 1484/4199/1484
vt 0.674531 0.781279
f 1648/4107/1648 1641/4079/1641 1620/4207/1620
vt 0.742886 0.598521
vt 0.745017 0.592819
f 2409/2903/2409 2599/4208/2599 1117/4209/1117
vt 0.124956 0.563672
f 1698/4210/1698 1577/4057/1577 1635/4113/1635
vt 0.557498 0.887276
f 1590/4102/1590 1818/4123/1818 1670/4211/1670
vt 0.608020 0.949782
f 1628/4212/1628 1480/3858/1480 2604/4204/2604
vt 0.178735 0.198327
vt 0.182603 0.195695
vt 0.183592 0.201002
f 1588/4213/1588 1658/4214/1658 1657/4215/1657
vt 0.578474 0.877205
f 1621/4157/1621 1663/4216/1663 1576/4155/1576
vt 0.577109 0.501999
vt 0.577182 0.503151
f 1585/4217/1585 1620/4218/1620 1666/4167/1666
vt 0.889473 0.459445
vt 0.892914 0.459773
f 1613/4219/1613 1538/3975/1538 1693/4220/1693
f 1545/3888/1545 1679/4062/1679 1708/4170/1708
f 1623/3228/1623 1830/3559/1830 730/1475/730
f 1557/3864/1557 1630/4147/1630 1796/4145/1796
vt 0.946182 0.617768
f 1675/4171/1675 1653/4024/1653 1654/4221/1654
f 1630/4147/1630 1518/3810/1518 1558/4019/1558
vt 0.900231 0.815565
f 1491/3580/1491 2218/4222/2218 1632/3591/1632
vt 0.899140 0.817699
f 1632/3591/1632 2218/4222/2218 1681/4223/1681
vt 0.754972 0.505730
vt 0.759409 0.514559
f 1755/4224/1755 1542/4225/1542 1598/4110/1598
f 1598/4110/1598 1581/4022/1581 1755/4224/1755
vt 0.755874 0.466645
f 2049/2930/2049 1781/4226/1781 1235/1681/1235
vt 0.719813 0.971132
f 1676/4152/1676 1650/4227/1650 1581/4150/1581
f 2404/3905/2404 1475/3243/1475 803/1937/803
vt 0.164807 0.951495
vt 0.173186 0.952288
vt 0.168925 0.952100
f 1619/4228/1619 1681/4229/1681 2218/4230/2218
vt 0.927684 0.753386
vt 0.928469 0.750429
vt 0.928438 0.755227
f 1677/4231/1677 1608/4232/1608 1678/4233/1678
vt 0.931276 0.752066
f 1640/4234/1640 1678/4233/1678 1608/4232/1608
vt 0.935265 0.759438
f 1586/3973/1586 1779/4182/1779 1743/4235/1743
vt 0.917024 0.753371
f 1624/4078/1624 1677/4185/1677 1736/4236/1736
f 1619/4228/1619 1582/3930/1582 1681/4229/1681
f 1622/3836/1622 1645/4181/1645 1686/4161/1686
vt 0.174718 0.946214
f 1681/4229/1681 1582/3930/1582 1643/4237/1643
vt 0.901938 0.749993
f 1588/4042/1588 1745/4238/1745 1646/4085/1646
vt 0.378167 0.758284
vt 0.378895 0.760462
vt 0.374076 0.760319
f 1669/4239/1669 1607/4240/1607 1664/4241/1664
f 1663/4216/1663 1805/4169/1805 1576/4155/1576
vt 0.194823 0.949413
f 1778/4242/1778 1550/3444/1550 1890/3908/1890
vt 0.690488 0.818587
f 1741/4243/1741 1634/3988/1634 1655/4115/1655
vt 0.308163 0.718007
f 1636/3890/1636 1353/2972/1353 1789/4244/1789
vt 0.407982 0.508192
vt 0.403367 0.507524
f 1618/4245/1618 1757/4246/1757 1679/4062/1679
vt 0.416959 0.919945
f 1625/3938/1625 1656/4049/1656 1685/4247/1685
vt 0.160958 0.944448
f 1582/3930/1582 1619/4228/1619 1684/4248/1684
f 1624/4078/1624 1736/4236/1736 1658/4081/1658
vt 0.126804 0.562260
vt 0.133257 0.559635
f 1577/4057/1577 1698/4249/1698 1710/4250/1710
vt 0.674153 0.795565
f 1699/4122/1699 1758/4251/1758 1641/4079/1641
f 1582/3930/1582 1684/4248/1684 1691/3936/1691
vt 0.402694 0.923164
f 1607/4114/1607 1689/4252/1689 1578/4096/1578
vt 0.897570 0.745201
vt 0.898873 0.744730
vt 0.897058 0.747435
f 1661/4253/1661 1646/4254/1646 1660/4255/1660
vt 0.954142 0.767198
f 1687/4256/1687 1638/4004/1638 1717/4090/1717
vt 0.385410 0.753787
f 1697/4257/1697 1644/4192/1644 1578/4054/1578
vt 0.095416 0.627331
f 1709/4258/1709 1631/4027/1631 1753/3931/1753
vt 0.578138 0.575455
f 1494/3745/1494 1694/4259/1694 1653/4020/1653
vt 0.751851 0.948333
f 1559/3808/1559 1695/4070/1695 1756/4260/1756
f 1693/4220/1693 1538/3975/1538 1692/4108/1692
vt 0.571919 0.506662
f 1666/4167/1666 1620/4218/1620 1727/4261/1727
vt 0.242359 0.481582
f 1692/4140/1692 1629/4139/1629 1649/4262/1649
vt 0.810021 0.906773
f 1649/4263/1649 1629/4144/1629 1796/4145/1796
vt 0.049257 0.227229
f 1651/4180/1651 1728/4264/1728 1580/4178/1580
f 1630/4147/1630 1558/4019/1558 1627/4073/1627
vt 0.946888 0.606994
f 1675/4171/1675 1741/4265/1741 1655/4175/1655
vt 0.762783 0.508119
f 1542/4225/1542 1755/4224/1755 1651/4266/1651
f 1674/4074/1674 1559/3808/1559 1756/4260/1756
f 1571/4064/1571 1750/3351/1750 1647/3103/1647
vt 0.686459 0.815051
f 1741/4243/1741 1688/4267/1688 1634/3988/1634
f 1720/4121/1720 1634/3988/1634 1688/4267/1688
vt 0.595389 0.873053
f 1671/4162/1671 1686/4161/1686 1711/4268/1711
vt 0.604293 0.865077
f 1703/4269/1703 1606/4131/1606 1610/4095/1610
vt 0.882353 0.746794
vt 0.886923 0.742108
vt 0.886870 0.746626
f 1718/4270/1718 1606/4271/1606 1703/4272/1703
f 1586/3973/1586 1743/4235/1743 1640/4116/1640
vt 0.569719 0.501749
vt 0.570045 0.506472
f 1666/4273/1666 1727/4274/1727 1659/4196/1659
vt 0.681750 0.805410
f 1668/4165/1668 1720/4121/1720 1749/4275/1749
vt 0.774598 0.374984
f 2100/4118/2100 1843/4276/1843 1277/2840/1277
f 1663/4216/1663 1621/4157/1621 1671/4162/1671
vt 0.962406 0.768370
f 1584/4047/1584 1806/4277/1806 1717/4090/1717
vt 0.910227 0.317820
vt 0.910339 0.315865
f 1745/4278/1745 1660/4279/1660 1646/4087/1646
vt 0.404697 0.509112
f 1618/4245/1618 1680/4280/1680 1757/4246/1757
vt 0.367290 0.455237
vt 0.365765 0.458419
vt 0.364339 0.454922
f 1678/4281/1678 1721/4282/1721 1677/4283/1677
vt 0.922834 0.754106
f 1736/4236/1736 1677/4185/1677 1721/4284/1721
vt 0.928761 0.756381
f 1678/4285/1678 1640/4116/1640 1743/4235/1743
f 1708/4170/1708 1679/4062/1679 1757/4246/1757
f 1577/4057/1577 1710/4250/1710 1730/4183/1730
vt 0.406040 0.921793
f 1689/4252/1689 1607/4114/1607 1669/4286/1669
vt 0.215084 0.957408
f 1600/3549/1600 1750/3351/1750 1729/4287/1729
vt 0.427550 0.906014
vt 0.434074 0.912635
f 1704/4203/1704 1690/4288/1690 1734/4289/1734
vt 0.909938 0.751357
f 1736/4236/1736 1657/4290/1657 1658/4081/1658
vt 0.416757 0.496570
f 1734/4291/1734 1690/4186/1690 1708/4170/1708
vt 0.608398 0.859696
vt 0.610451 0.860250
f 1661/4292/1661 1660/4293/1660 1610/4095/1610
f 1690/4186/1690 1617/4104/1617 1708/4170/1708
vt 0.601507 0.868735
vt 0.597106 0.868217
vt 0.597338 0.865428
f 1718/4294/1718 1645/4295/1645 1606/4296/1606
vt 0.437679 0.450791
f 1954/3561/1954 1665/4297/1665 1702/2924/1702
vt 0.382250 0.748908
f 1697/4257/1697 1714/4298/1714 1644/4192/1644
vt 0.581500 0.580579
f 1653/4020/1653 1694/4259/1694 1654/4299/1654
vt 0.036086 0.487290
vt 0.041312 0.483825
f 1728/4300/1728 1774/4301/1774 1695/4030/1695
vt 0.377097 0.755517
f 1578/4054/1578 1689/4302/1689 1697/4257/1697
vt 0.983752 0.767022
vt 0.975318 0.774361
f 1673/4303/1673 1820/4304/1820 1584/4047/1584
vt 0.152485 0.556788
f 1672/4148/1672 1696/4067/1696 1831/4305/1831
vt 0.747982 0.505004
f 1755/4224/1755 1581/4022/1581 1650/4306/1650
vt 0.673892 0.217566
vt 0.676112 0.217728
vt 0.675054 0.219607
f 1686/4307/1686 1645/4308/1645 1716/4309/1716
f 1664/4190/1664 1625/3938/1625 1685/4247/1685
vt 0.448650 0.906271
f 1680/4119/1680 1701/4120/1701 1775/4310/1775
vt 0.427909 0.915284
f 1656/4049/1656 1704/4203/1704 1763/4311/1763
vt 0.679270 0.801906
f 1749/4275/1749 1707/4312/1707 1668/4165/1668
vt 0.035566 0.444180
vt 0.037591 0.445473
f 1700/4313/1700 1668/4202/1668 1707/4314/1707
vt 0.897727 0.749938
f 1740/4315/1740 1660/4255/1660 1745/4238/1745
vt 0.031527 0.442197
f 1699/4200/1699 1668/4202/1668 1700/4316/1700
vt 0.145408 0.877709
vt 0.148514 0.877882
f 1719/4317/1719 1880/4318/1880 1441/3800/1441
vt 0.452760 0.901108
f 1726/4319/1726 1701/4120/1701 1670/4168/1670
vt 0.970062 0.375020
f 1591/4106/1591 1719/4320/1719 1441/4105/1441
vt 0.668023 0.777747
vt 0.669235 0.780758
f 1727/4321/1727 1620/4164/1620 1723/4322/1723
vt 0.597184 0.869918
f 1711/4268/1711 1686/4161/1686 1716/4323/1716
vt 0.413482 0.923995
f 1713/4324/1713 1664/4190/1664 1685/4247/1685
vt 0.401412 0.509133
vt 0.397539 0.508154
f 1680/4325/1680 1775/4326/1775 1757/4246/1757
f 1775/4310/1775 1701/4120/1701 1726/4319/1726
vt 0.121996 0.562076
vt 0.124343 0.558912
vt 0.124840 0.560782
f 1644/4327/1644 1722/4328/1722 1698/4329/1698
vt 0.678770 0.798284
f 1700/4330/1700 1758/4251/1758 1699/4122/1699
vt 0.598913 0.868638
f 1645/4295/1645 1718/4294/1718 1716/4331/1716
vt 0.607185 0.863715
f 1610/4095/1610 1660/4293/1660 1703/4332/1703
f 1662/4101/1662 1805/4169/1805 1818/4123/1818
vt 0.669839 0.782584
vt 0.672174 0.782252
f 1641/4079/1641 1723/4333/1723 1620/4334/1620
vt 0.889337 0.451494
vt 0.895288 0.449912
f 1692/4108/1692 1649/4335/1649 1819/4336/1819
vt 0.050133 0.484692
f 1774/4301/1774 1756/4337/1756 1695/4030/1695
vt 0.376270 0.753382
f 1697/4257/1697 1689/4302/1689 1751/4338/1751
vt 0.660451 0.759934
vt 0.659646 0.764107
vt 0.653634 0.762527
f 1673/4339/1673 1642/4340/1642 1742/4341/1742
vt 0.742665 0.957960
vt 0.737467 0.963118
vt 0.735547 0.954911
f 1728/4342/1728 1651/4343/1651 1799/4344/1799
vt 0.142701 0.565255
f 1831/4305/1831 1696/4067/1696 1733/4345/1733
vt 0.576089 0.562665
f 1494/3745/1494 1599/3923/1599 1846/4346/1846
vt 0.165012 0.566063
vt 0.162720 0.559169
f 1676/4347/1676 1672/4148/1672 1754/4348/1754
vt 0.582501 0.571992
f 1694/4259/1694 1494/3745/1494 1747/4349/1747
f 1687/4256/1687 1779/4182/1779 1638/4004/1638
vt 0.126505 0.877624
f 1852/4350/1852 1712/3621/1712 1515/4098/1515
vt 0.119639 0.876575
f 2115/4351/2115 1852/4350/1852 1515/4098/1515
vt 0.127173 0.557588
f 1710/4250/1710 1698/4249/1698 1761/4352/1761
vt 0.018637 0.149317
vt 0.016672 0.147677
f 1761/4353/1761 1698/4187/1698 1722/4354/1722
vt 0.112521 0.899356
f 1667/4355/1667 1601/3824/1601 2027/3816/2027
vt 0.181235 0.204196
f 1657/4215/1657 1745/4356/1745 1588/4213/1588
vt 0.583718 0.883012
f 1805/4169/1805 1663/4216/1663 1784/4357/1784
vt 0.610812 0.861936
vt 0.611172 0.864541
f 1660/4293/1660 1740/4358/1740 1780/4359/1780
vt 0.035852 0.447561
f 1792/4360/1792 1700/4313/1700 1707/4314/1707
f 1660/4293/1660 1780/4359/1780 1703/4332/1703
f 1763/4311/1763 1704/4203/1704 1734/4289/1734
vt 0.662575 0.923736
f 1455/3712/1455 1767/4361/1767 1332/3024/1332
vt 0.214144 0.962018
f 1725/4362/1725 1729/4287/1729 1546/4063/1546
vt 0.019288 0.146814
f 1746/4363/1746 1761/4353/1761 1722/4354/1722
vt 0.664494 0.783126
f 1732/4364/1732 1723/4333/1723 1641/4079/1641
f 1729/4287/1729 1571/4064/1571 1546/4063/1546
vt 0.924053 0.755386
vt 0.924223 0.759244
f 1721/4365/1721 1678/4233/1678 1731/4366/1731
vt 0.373217 0.756996
vt 0.368998 0.757898
f 1669/4367/1669 1664/4241/1664 1738/4368/1738
f 1687/4256/1687 1717/4090/1717 1806/4277/1806
vt 0.911282 0.758409
vt 0.921904 0.755334
f 1800/4369/1800 1736/4236/1736 1721/4370/1721
vt 0.604876 0.411781
f 1924/3912/1924 1332/3911/1332 1767/4371/1767
vt 0.135810 0.880566
vt 0.140238 0.880879
f 1821/4372/1821 1682/4373/1682 1712/3621/1712
vt 0.102120 0.889772
f 2124/4374/2124 1601/3824/1601 1667/4355/1667
vt 0.886455 0.750203
vt 0.892299 0.748022
vt 0.892964 0.752478
f 1791/4375/1791 1703/4376/1703 1780/4377/1780
vt 0.769888 0.247749
vt 0.772654 0.253240
vt 0.766687 0.250680
f 1774/4378/1774 1728/4379/1728 1799/4380/1799
vt 0.406722 0.500131
f 1708/4170/1708 1757/4246/1757 1769/4381/1769
vt 0.902562 0.458178
f 1693/4220/1693 1692/4108/1692 1773/4382/1773
vt 0.099070 0.638735
vt 0.094367 0.637890
f 1693/4383/1693 1773/4384/1773 1753/3931/1753
vt 0.088610 0.630739
f 1709/4258/1709 1753/3931/1753 1802/4385/1802
vt 0.664678 0.781064
f 1727/4321/1727 1723/4322/1723 1732/4386/1732
vt 0.936473 0.611166
f 1675/4171/1675 1654/4221/1654 1807/4387/1807
vt 0.984369 0.770990
vt 0.983890 0.772359
f 1820/4304/1820 1673/4388/1673 1742/4389/1742
vt 0.568539 0.553162
f 1709/4143/1709 1797/4390/1797 1599/3923/1599
f 1599/3923/1599 1797/4390/1797 1846/4346/1846
vt 0.756304 0.934579
f 1597/3976/1597 1674/4074/1674 1772/4391/1772
vt 0.786979 0.912780
f 1630/4147/1630 1627/4073/1627 1804/4392/1804
vt 0.942094 0.606923
vt 0.943531 0.607123
f 1675/4171/1675 1735/4393/1735 1741/4394/1741
f 1714/4298/1714 1697/4257/1697 1751/4338/1751
f 1681/4229/1681 1643/4237/1643 1683/3442/1683
vt 0.137817 0.877239
vt 0.141790 0.878431
f 1821/4395/1821 1591/4396/1591 1682/4373/1682
f 1715/3730/1715 1683/3442/1683 1643/4237/1643
f 2124/4374/2124 1794/4097/1794 1601/3824/1601
vt 0.151327 0.940325
f 1691/3936/1691 1684/4248/1684 2075/4397/2075
vt 0.384825 0.745878
vt 0.386243 0.745750
f 1644/4192/1644 1746/4398/1746 1722/4399/1722
f 1644/4192/1644 1714/4298/1714 1746/4398/1746
vt 0.130125 0.556381
f 1710/4250/1710 1761/4352/1761 1739/4400/1739
vt 0.369495 0.755130
f 1751/4338/1751 1689/4302/1689 1738/4401/1738
vt 0.365664 0.758305
f 1664/4241/1664 1713/4402/1713 1738/4368/1738
vt 0.676028 0.810511
f 1771/4403/1771 1720/4121/1720 1688/4267/1688
f 1749/4275/1749 1720/4121/1720 1771/4403/1771
vt 0.563981 0.512350
vt 0.558645 0.509004
f 1760/4404/1760 1812/4405/1812 1659/4196/1659
vt 0.887923 0.746879
f 1718/4270/1718 1703/4406/1703 1791/4375/1791
vt 0.675120 0.802872
f 1749/4275/1749 1792/4407/1792 1707/4312/1707
f 1794/4097/1794 2115/4351/2115 1515/4098/1515
vt 0.675885 0.800390
vt 0.675070 0.797754
f 1700/4330/1700 1792/4408/1792 1758/4409/1758
vt 0.939600 0.607485
f 1770/4410/1770 1675/4171/1675 1807/4387/1807
f 1675/4171/1675 1770/4410/1770 1735/4393/1735
f 1582/3930/1582 1566/3533/1566 1643/4237/1643
vt 0.898066 0.754897
f 1745/4238/1745 1744/4411/1744 1740/4315/1740
f 1663/4216/1663 1671/4162/1671 1784/4357/1784
vt 0.409806 0.925635
f 1669/4286/1669 1738/4412/1738 1689/4252/1689
f 1763/4311/1763 1685/4247/1685 1656/4049/1656
vt 0.665186 0.793982
f 1795/4413/1795 1732/4364/1732 1641/4079/1641
vt 0.576412 0.510705
vt 0.572361 0.510231
f 1732/4414/1732 1827/4415/1827 1727/4261/1727
f 1806/4277/1806 1584/4047/1584 1820/4304/1820
vt 0.903546 0.452501
f 1815/4416/1815 1692/4108/1692 1819/4336/1819
f 1642/4173/1642 1659/4196/1659 1812/4405/1812
vt 0.652109 0.768102
f 1742/4341/1742 1642/4340/1642 1812/4417/1812
f 1657/4290/1657 1736/4236/1736 1800/4369/1800
vt 0.800862 0.904185
f 1649/4263/1649 1796/4145/1796 1844/4418/1844
vt 0.407048 0.497137
f 1748/4419/1748 1708/4170/1708 1769/4381/1769
vt 0.712643 0.970308
f 1650/4227/1650 1676/4152/1676 1841/4420/1841
vt 0.702940 0.976462
f 1754/4421/1754 1841/4420/1841 1676/4152/1676
f 1773/4382/1773 1692/4108/1692 1815/4416/1815
vt 0.726737 0.967032
vt 0.723310 0.960394
f 1651/4343/1651 1755/4422/1755 1860/4423/1860
f 1659/4196/1659 1727/4261/1727 1760/4404/1760
vt 0.141757 0.556926
f 1730/4183/1730 1759/4424/1759 1733/4345/1733
f 1744/4411/1744 1745/4238/1745 1800/4369/1800
vt 0.676234 0.222358
vt 0.673782 0.221913
f 1718/4425/1718 1768/4426/1768 1716/4309/1716
vt 0.602324 0.873074
f 1711/4268/1711 1716/4323/1716 1768/4427/1768
f 1641/4079/1641 1758/4251/1758 1795/4413/1795
vt 0.591820 0.878347
f 1790/4428/1790 1784/4357/1784 1671/4162/1671
vt 0.594276 0.876146
f 1671/4162/1671 1711/4268/1711 1762/4429/1762
f 1750/3351/1750 1571/4064/1571 1729/4287/1729
f 1762/4429/1762 1790/4428/1790 1671/4162/1671
vt 0.433162 0.909154
vt 0.440188 0.912485
f 1708/4430/1708 1748/4431/1748 1734/4289/1734
vt 0.203385 0.954314
f 1873/4432/1873 1724/4191/1724 1536/3357/1536
f 1724/4191/1724 1725/4141/1725 1501/3165/1501
vt 0.622675 0.108221
vt 0.623139 0.109974
vt 0.622454 0.109875
f 1746/4433/1746 1714/4434/1714 1782/4435/1782
f 1730/4183/1730 1710/4250/1710 1759/4424/1759
vt 0.688567 0.821325
vt 0.687809 0.823445
vt 0.683696 0.819173
f 1735/4436/1735 1770/4437/1770 1766/4438/1766
vt 0.692274 0.900112
vt 0.693885 0.903964
vt 0.689301 0.901655
f 1880/4439/1880 1959/4440/1959 1382/4441/1382
f 1382/4441/1382 1959/4440/1959 1553/4133/1553
vt 0.647559 0.107308
vt 0.650480 0.108505
vt 0.646912 0.109499
f 1741/4442/1741 1735/4443/1735 1766/4444/1766
vt 0.461626 0.905716
f 1726/4319/1726 1824/4445/1824 1775/4310/1775
vt 0.687510 0.817149
f 1741/4446/1741 1766/4438/1766 1688/4267/1688
vt 0.082442 0.638392
f 1753/3931/1753 1839/4447/1839 1802/4385/1802
f 1678/4233/1678 1743/4235/1743 1731/4366/1731
f 1800/4369/1800 1721/4370/1721 1731/4366/1731
vt 0.807276 0.900801
f 1819/4448/1819 1649/4263/1649 1844/4418/1844
f 1651/4343/1651 1860/4423/1860 1799/4344/1799
f 1657/4290/1657 1800/4369/1800 1745/4238/1745
vt 0.937313 0.615433
f 1807/4387/1807 1654/4221/1654 1785/4449/1785
f 1772/4391/1772 1594/3979/1594 1597/3976/1597
vt 0.081630 0.627447
f 1752/4450/1752 1709/4258/1709 1802/4385/1802
vt 0.565019 0.550638
f 1752/4451/1752 1797/4390/1797 1709/4143/1709
vt 0.046092 0.479366
f 1756/4337/1756 1774/4301/1774 1798/4452/1798
vt 0.748064 0.941869
f 1756/4260/1756 1842/4453/1842 1674/4074/1674
f 1672/4148/1672 1831/4305/1831 1754/4348/1754
vt 0.056382 0.479792
f 1842/4454/1842 1756/4337/1756 1798/4452/1798
f 1772/4391/1772 1674/4074/1674 1842/4453/1842
vt 0.457795 0.899526
f 1726/4319/1726 1670/4168/1670 1817/4455/1817
vt 0.147249 0.875881
f 1972/4456/1972 1880/4318/1880 1719/4317/1719
vt 0.102655 0.883626
f 1813/4457/1813 1794/4097/1794 2124/4374/2124
vt 0.937833 0.150785
vt 0.935504 0.147457
vt 0.938043 0.146841
f 1712/4458/1712 1874/4459/1874 1821/4460/1821
vt 0.371013 0.747050
f 1714/4298/1714 1751/4338/1751 1776/4461/1776
vt 0.380789 0.746350
vt 0.376453 0.746483
f 1782/4462/1782 1714/4298/1714 1788/4463/1788
vt 0.366315 0.754103
vt 0.367117 0.756327
f 1765/4464/1765 1738/4465/1738 1713/4402/1713
f 1747/4349/1747 1494/3745/1494 1846/4346/1846
vt 0.672830 0.806316
f 1749/4275/1749 1771/4403/1771 1793/4466/1793
vt 0.134116 0.555828
f 1710/4250/1710 1739/4400/1739 1808/4467/1808
vt 0.658886 0.774728
vt 0.659570 0.774335
vt 0.659619 0.776837
f 1760/4468/1760 1727/4469/1727 1827/4470/1827
vt 0.752845 0.192702
vt 0.749269 0.190453
vt 0.752993 0.190421
f 1822/4471/1822 1739/4472/1739 1761/4473/1761
vt 0.681847 0.824086
f 1766/4438/1766 1770/4437/1770 1835/4474/1835
vt 0.756533 0.190153
f 1761/4473/1761 1746/4475/1746 1822/4471/1822
f 1788/4463/1788 1714/4298/1714 1776/4461/1776
vt 0.755471 0.191778
f 1746/4475/1746 1782/4476/1782 1822/4471/1822
vt 0.841342 0.275853
vt 0.846992 0.281189
vt 0.841671 0.280364
f 1740/4477/1740 1744/4478/1744 1780/4479/1780
vt 0.877519 0.749978
vt 0.881421 0.748001
f 1768/4480/1768 1718/4481/1718 1791/4375/1791
f 1824/4445/1824 1726/4319/1726 1817/4455/1817
f 1694/4259/1694 1747/4349/1747 1654/4299/1654
f 1733/4345/1733 1759/4424/1759 1831/4305/1831
vt 0.589674 0.581173
f 1785/4482/1785 1654/4299/1654 1747/4349/1747
f 1738/4401/1738 1765/4464/1765 1751/4338/1751
vt 0.719276 0.967619
f 1650/4227/1650 1841/4420/1841 1755/4483/1755
vt 0.759948 0.919517
f 1772/4391/1772 1990/4484/1990 1594/3979/1594
vt 0.395762 0.499919
f 1828/4485/1828 1757/4246/1757 1775/4326/1775
vt 0.566528 0.898194
f 1670/4211/1670 1818/4123/1818 1840/4486/1840
vt 0.558909 0.896761
f 1817/4487/1817 1670/4211/1670 1840/4486/1840
vt 0.664088 0.787631
f 1732/4364/1732 1795/4413/1795 1872/4488/1872
vt 0.673781 0.815071
f 1688/4267/1688 1766/4438/1766 1869/4489/1869
vt 0.142424 0.876700
vt 0.139983 0.871972
f 1591/4490/1591 1821/4395/1821 2196/4491/2196
vt 0.938532 0.768910
f 1743/4235/1743 1779/4182/1779 1921/4492/1921
f 1715/3730/1715 1550/3444/1550 1778/4242/1778
vt 0.424055 0.927752
f 1850/4493/1850 1685/4247/1685 1763/4311/1763
f 1792/4407/1792 1749/4275/1749 1793/4466/1793
vt 0.594828 0.877210
f 1762/4429/1762 1809/4494/1809 1790/4428/1790
vt 0.674024 0.802276
f 1792/4495/1792 1795/4413/1795 1758/4251/1758
vt 0.436460 0.922217
f 1763/4311/1763 1734/4289/1734 1876/4496/1876
vt 0.983513 0.774635
vt 0.984259 0.781735
f 1820/4304/1820 1742/4497/1742 1810/4498/1810
f 1771/4403/1771 1688/4267/1688 1869/4489/1869
vt 0.138771 0.554739
f 1759/4424/1759 1710/4250/1710 1811/4499/1811
vt 0.123484 0.922945
vt 0.110895 0.917105
f 1957/4500/1957 2038/4501/2038 1652/3673/1652
vt 0.746626 0.191293
f 1822/4471/1822 1808/4502/1808 1739/4472/1739
f 1600/3549/1600 1890/3908/1890 1203/3003/1203
vt 0.931297 0.613331
f 1785/4449/1785 1832/4503/1832 1807/4387/1807
f 2027/3816/2027 1652/3673/1652 2038/4501/2038
vt 0.770440 0.225436
vt 0.771222 0.222727
vt 0.770899 0.225862
f 1782/4504/1782 1788/4505/1788 1777/4506/1777
vt 0.620585 0.108626
vt 0.619381 0.109317
vt 0.617714 0.106556
f 1782/4507/1782 1777/4508/1777 1822/4509/1822
vt 0.923124 0.769381
f 1743/4235/1743 1863/4510/1863 1731/4366/1731
vt 0.763222 0.245391
f 1798/4511/1798 1774/4378/1774 1799/4380/1799
f 1757/4246/1757 1828/4485/1828 1769/4381/1769
vt 0.583988 0.556222
f 1846/4346/1846 1797/4390/1797 1995/4512/1995
vt 0.650030 0.763966
f 1810/4513/1810 1742/4341/1742 1812/4417/1812
vt 0.458119 0.908913
f 1801/4514/1801 1775/4310/1775 1824/4445/1824
vt 0.087130 0.639905
f 1753/3931/1753 1773/4384/1773 1885/4515/1885
f 1839/4447/1839 1753/3931/1753 1885/4515/1885
vt 0.761080 0.498334
vt 0.757110 0.501043
f 1860/4516/1860 1755/4224/1755 1816/4517/1816
vt 0.775030 0.914923
f 1804/4392/1804 1627/4073/1627 1917/4518/1917
vt 0.157656 0.951233
f 1619/4228/1619 2058/4519/2058 1684/4248/1684
f 1808/4467/1808 1811/4499/1811 1710/4250/1710
vt 0.865775 0.747500
vt 0.868237 0.750250
vt 0.863294 0.750222
f 1790/4520/1790 1809/4521/1809 1849/4522/1849
vt 0.593481 0.882314
f 1784/4357/1784 1790/4428/1790 1849/4523/1849
vt 0.769219 0.606917
vt 0.771272 0.600225
f 2911/4524/2911 1637/3547/1637 1636/4525/1636
f 1786/3232/1786 1783/3866/1783 1481/2909/1481
vt 0.745921 0.472361
f 2223/4526/2223 1235/1681/1235 1781/4226/1781
vt 0.515157 0.957132
f 1492/3246/1492 1229/2577/1229 2397/4527/2397
vt 0.931618 0.609536
vt 0.935867 0.607278
f 1807/4387/1807 1823/4528/1823 1770/4529/1770
vt 0.883886 0.754985
f 1791/4375/1791 1780/4377/1780 1834/4530/1834
vt 0.875586 0.756945
f 1900/4531/1900 1768/4480/1768 1791/4375/1791
vt 0.599483 0.878607
vt 0.597591 0.876768
f 1809/4532/1809 1762/4533/1762 1711/4268/1711
vt 0.880797 0.807708
f 2053/2606/2053 1787/3248/1787 2210/4534/2210
vt 0.611649 0.945040
vt 0.609652 0.940641
vt 0.623216 0.940219
f 1907/4535/1907 2212/4536/2212 1786/4537/1786
vt 0.726569 0.219734
vt 0.722995 0.219398
vt 0.723821 0.216709
f 1808/4538/1808 1851/4539/1851 1811/4540/1811
vt 0.659054 0.926569
vt 0.653791 0.933388
f 1477/3276/1477 1924/4541/1924 2400/4542/2400
vt 0.835711 0.592117
f 2049/3593/2049 2739/2968/2739 2883/4543/2883
vt 0.953148 0.774438
f 1779/4182/1779 1687/4256/1687 1898/4544/1898
vt 0.751436 0.194808
f 1825/4545/1825 1808/4502/1808 1822/4471/1822
f 1898/4544/1898 1921/4492/1921 1779/4182/1779
vt 0.685261 0.829251
f 1770/4437/1770 1823/4546/1823 1835/4474/1835
vt 0.740719 0.474692
vt 0.742729 0.471275
f 2223/4526/2223 1639/4547/1639 886/4548/886
f 1711/4268/1711 1768/4427/1768 1809/4532/1809
vt 0.033886 0.449800
vt 0.038431 0.452067
vt 0.034733 0.451689
f 1792/4549/1792 1793/4550/1793 1814/4551/1814
vt 0.760642 0.247119
f 1798/4511/1798 1799/4380/1799 1953/4552/1953
vt 0.364371 0.747582
f 1751/4338/1751 1765/4464/1765 1870/4553/1870
vt 0.801742 0.896685
f 1819/4448/1819 1844/4418/1844 1879/4554/1879
vt 0.978841 0.783679
f 1810/4498/1810 1891/4555/1891 1820/4304/1820
f 1863/4510/1863 1743/4235/1743 1921/4492/1921
vt 0.602548 0.576781
f 1747/4349/1747 1861/4556/1861 1785/4482/1785
f 1594/3979/1594 1990/4484/1990 1627/4073/1627
f 1800/4369/1800 1731/4366/1731 1863/4510/1863
vt 0.793602 0.904983
f 1844/4418/1844 1796/4145/1796 1883/4557/1883
vt 0.909147 0.458049
f 1885/4558/1885 1773/4382/1773 1815/4416/1815
vt 0.390685 0.501090
f 1828/4485/1828 1775/4326/1775 1855/4559/1855
vt 0.506421 0.963747
f 2171/4065/2171 2915/4560/2915 1894/2921/1894
vt 0.387833 0.505580
f 1855/4559/1855 1775/4326/1775 1801/4561/1801
vt 0.050149 0.474871
f 1798/4452/1798 1920/4562/1920 1842/4454/1842
vt 0.595804 0.583855
f 1832/4563/1832 1785/4482/1785 1861/4556/1861
f 1818/4123/1818 1805/4169/1805 1840/4486/1840
vt 0.789436 0.907707
f 1630/4147/1630 1804/4392/1804 1829/4564/1829
vt 0.720278 0.964959
vt 0.714464 0.963624
f 1755/4565/1755 1841/4420/1841 1816/4566/1816
f 1687/4256/1687 1806/4277/1806 1898/4544/1898
f 1806/4277/1806 1820/4304/1820 1898/4544/1898
vt 0.829446 0.048336
vt 0.830624 0.046929
vt 0.831828 0.047750
f 1765/4567/1765 1713/4568/1713 1845/4569/1845
vt 0.417031 0.930039
f 1685/4247/1685 1845/4570/1845 1713/4324/1713
f 1869/4489/1869 1766/4438/1766 1835/4474/1835
f 1900/4531/1900 1791/4375/1791 1834/4530/1834
vt 0.719877 0.695191
vt 0.716550 0.694663
vt 0.717062 0.692812
f 1822/4571/1822 1777/4572/1777 1826/4573/1826
f 1643/4237/1643 1566/3533/1566 1715/3730/1715
vt 0.667816 0.802372
f 1814/4574/1814 1795/4413/1795 1792/4495/1792
vt 0.587969 0.569007
f 1861/4556/1861 1747/4349/1747 1888/4575/1888
f 1832/4503/1832 1823/4528/1823 1807/4387/1807
vt 0.464220 0.903315
f 1824/4445/1824 1817/4455/1817 1867/4576/1867
vt 0.433701 0.928205
f 1850/4493/1850 1763/4311/1763 1912/4577/1912
vt 0.017038 0.079452
vt 0.013114 0.078718
vt 0.014253 0.077324
f 1825/4578/1825 1822/4579/1822 1826/4580/1826
f 1725/4141/1725 1724/4191/1724 1873/4432/1873
f 1685/4247/1685 1850/4493/1850 1845/4570/1845
f 1888/4575/1888 1747/4349/1747 1846/4346/1846
vt 0.772742 0.224404
vt 0.774805 0.223029
f 1777/4581/1777 1788/4505/1788 1826/4582/1826
f 1793/4466/1793 1771/4403/1771 1869/4489/1869
vt 0.724027 0.223647
f 1851/4539/1851 1808/4538/1808 1825/4583/1825
vt 0.664001 0.781722
vt 0.658750 0.788050
vt 0.654535 0.786732
f 1732/4584/1732 1872/4585/1872 1859/4586/1859
vt 0.657920 0.781117
f 1827/4587/1827 1732/4584/1732 1859/4586/1859
vt 0.441998 0.919560
f 1734/4289/1734 1748/4431/1748 1857/4588/1857
vt 0.870671 0.751805
f 1809/4589/1809 1768/4480/1768 1900/4531/1900
vt 0.592381 0.886977
f 1853/4590/1853 1784/4357/1784 1849/4523/1849
vt 0.445636 0.911965
vt 0.451745 0.915291
f 1748/4431/1748 1769/4591/1769 1836/4592/1836
vt 0.887931 0.757799
f 1834/4530/1834 1780/4377/1780 1838/4593/1838
f 1751/4338/1751 1870/4553/1870 1776/4461/1776
vt 0.360053 0.753503
f 1870/4553/1870 1765/4464/1765 1845/4594/1845
vt 0.398696 0.498416
f 1769/4381/1769 1828/4485/1828 1836/4595/1836
vt 0.903427 0.448996
f 1815/4416/1815 1819/4336/1819 1879/4596/1879
vt 0.896245 0.763465
f 1744/4411/1744 1800/4369/1800 1971/4597/1971
f 1778/4242/1778 1873/4432/1873 1536/3357/1536
f 1796/4145/1796 1630/4147/1630 1883/4557/1883
f 1883/4557/1883 1630/4147/1630 1829/4564/1829
vt 0.558788 0.900920
f 1840/4486/1840 1867/4598/1867 1817/4487/1817
vt 0.580591 0.899635
f 1840/4486/1840 1805/4169/1805 2019/4599/2019
vt 0.144144 0.553220
f 1831/4305/1831 1759/4424/1759 1871/4600/1871
f 1759/4424/1759 1811/4499/1811 1871/4600/1871
vt 0.702929 0.970646
f 1841/4420/1841 1754/4421/1754 1952/4601/1952
vt 0.610758 0.413002
vt 0.609543 0.408834
f 1895/4602/1895 1767/4371/1767 1455/4603/1455
f 1876/4496/1876 1912/4577/1912 1763/4311/1763
f 1890/3908/1890 1600/3549/1600 1729/4287/1729
vt 0.445840 0.917611
f 1748/4431/1748 1836/4592/1836 1833/4604/1833
vt 0.669264 0.805310
f 1837/4605/1837 1814/4574/1814 1793/4466/1793
vt 0.662280 0.798193
f 1848/4606/1848 1795/4413/1795 1814/4574/1814
f 1837/4605/1837 1793/4466/1793 1869/4489/1869
vt 0.589379 0.891066
f 1784/4357/1784 1853/4590/1853 1996/4607/1996
f 1876/4496/1876 1734/4289/1734 1857/4588/1857
f 1833/4604/1833 1857/4588/1857 1748/4431/1748
vt 0.102173 0.901324
f 2124/4374/2124 1667/4355/1667 1803/4608/1803
vt 0.570893 0.512789
vt 0.566938 0.517639
f 1760/4404/1760 1827/4609/1827 1937/4610/1937
f 1715/3730/1715 1778/4242/1778 1536/3357/1536
vt 0.466173 0.910766
f 1801/4514/1801 1824/4445/1824 1897/4611/1897
vt 0.135132 0.874397
f 1852/4350/1852 1874/4612/1874 1712/3621/1712
vt 0.678921 0.829248
f 1835/4474/1835 1823/4546/1823 1866/4613/1866
vt 0.016809 0.076972
f 1825/4578/1825 1826/4580/1826 1903/4614/1903
f 1652/3673/1652 1706/3787/1706 1957/4500/1957
f 1803/4608/1803 1667/4355/1667 2027/3816/2027
vt 0.646455 0.767096
vt 0.650725 0.773888
f 1810/4615/1810 1812/4417/1812 1760/4616/1760
vt 0.965368 0.781833
f 1891/4555/1891 1887/4617/1887 1820/4304/1820
vt 0.743193 0.935731
f 1772/4391/1772 1842/4453/1842 1884/4618/1884
vt 0.814398 0.275898
vt 0.819006 0.277121
vt 0.816729 0.281054
f 1864/4619/1864 1844/4620/1844 1883/4621/1883
vt 0.844631 0.286196
f 1744/4478/1744 1838/4622/1838 1780/4479/1780
vt 0.924166 0.610762
vt 0.923474 0.614616
f 1886/4623/1886 1832/4503/1832 1862/4624/1862
vt 0.599473 0.582722
f 1861/4556/1861 1862/4625/1862 1832/4563/1832
vt 0.651951 0.783303
vt 0.652805 0.779584
f 1889/4626/1889 1937/4627/1937 1827/4587/1827
vt 0.039820 0.053409
vt 0.038642 0.055118
vt 0.037057 0.051534
f 1851/4628/1851 1847/4629/1847 1811/4630/1811
f 1959/4440/1959 2878/3984/2878 1553/4133/1553
vt 0.741315 0.165234
vt 0.743661 0.166574
vt 0.741030 0.166990
f 1871/4631/1871 1811/4632/1811 1847/4633/1847
vt 0.429809 0.933562
f 1850/4493/1850 1912/4577/1912 1858/4634/1858
vt 0.789063 0.276898
vt 0.791967 0.278878
vt 0.788836 0.280299
f 1814/4635/1814 1837/4636/1837 1926/4637/1926
vt 0.222107 0.230735
vt 0.225675 0.228935
vt 0.226241 0.232028
f 1776/4638/1776 1865/4639/1865 1788/4640/1788
vt 0.666310 0.810432
f 1837/4605/1837 1869/4489/1869 1868/4641/1868
vt 0.776399 0.220617
f 1826/4582/1826 1788/4505/1788 1865/4642/1865
f 2115/4351/2115 1794/4097/1794 1813/4457/1813
vt 0.659225 0.793815
f 1848/4606/1848 1854/4643/1854 1795/4413/1795
vt 0.866181 0.753669
f 1849/4522/1849 1809/4521/1809 1875/4644/1875
vt 0.659155 0.793696
f 1872/4585/1872 1795/4413/1795 1854/4645/1854
vt 0.199424 0.230244
vt 0.195353 0.232631
vt 0.194163 0.230694
f 1851/4646/1851 1825/4647/1825 1947/4648/1947
vt 0.779869 0.222951
f 1903/4649/1903 1826/4582/1826 1865/4642/1865
vt 0.463626 0.912601
f 1897/4611/1897 1909/4650/1909 1801/4514/1801
f 1827/4587/1827 1859/4586/1859 1889/4626/1889
vt 0.718527 0.689568
vt 0.724318 0.689539
vt 0.723452 0.693390
f 1903/4651/1903 1947/4652/1947 1825/4653/1825
f 1874/4612/1874 2196/4491/2196 1821/4395/1821
vt 0.967976 0.373007
f 1719/4320/1719 1591/4106/1591 1972/4654/1972
vt 0.671773 0.823849
f 1869/4489/1869 1835/4474/1835 1913/4655/1913
vt 0.420091 0.932249
vt 0.421853 0.934491
f 1845/4656/1845 1850/4493/1850 1938/4657/1938
f 1996/4607/1996 1805/4169/1805 1784/4357/1784
vt 0.559176 0.906912
f 1908/4658/1908 1867/4598/1867 1840/4486/1840
f 1820/4304/1820 1887/4617/1887 1898/4544/1898
vt 0.795374 0.898766
f 1879/4554/1879 1844/4418/1844 1864/4659/1864
vt 0.469203 0.458487
vt 0.477620 0.452591
vt 0.475153 0.458545
f 1815/4660/1815 1950/4661/1950 1885/4662/1885
vt 0.722194 0.946873
vt 0.734289 0.942596
f 2047/4663/2047 1953/4664/1953 1799/4344/1799
vt 0.782153 0.903483
f 1829/4564/1829 1804/4392/1804 1970/4665/1970
vt 0.056990 0.472798
f 1920/4562/1920 1884/4666/1884 1842/4454/1842
vt 0.928002 0.610513
f 1832/4503/1832 1886/4623/1886 1823/4667/1823
vt 0.682179 0.833177
f 1866/4613/1866 1823/4546/1823 1886/4668/1886
vt 0.063169 0.633616
f 1752/4450/1752 1802/4385/1802 2044/4669/2044
vt 0.707066 0.961631
vt 0.702940 0.967110
f 1881/4670/1881 1841/4420/1841 1882/4671/1882
vt 0.146938 0.255309
vt 0.148560 0.260333
vt 0.143849 0.262230
f 1881/4672/1881 1816/4673/1816 1841/4674/1841
vt 0.698032 0.972671
f 1754/4421/1754 1915/4675/1915 1952/4601/1952
vt 0.174326 0.556750
vt 0.169171 0.553390
vt 0.173253 0.553718
f 1841/4676/1841 1952/4677/1952 1882/4678/1882
vt 0.661952 0.803299
f 1814/4574/1814 1926/4679/1926 1848/4606/1848
vt 0.450014 0.912743
vt 0.454130 0.913651
f 1828/4680/1828 1855/4681/1855 1836/4592/1836
vt 0.656568 0.796151
f 1854/4643/1854 1848/4606/1848 1899/4682/1899
vt 0.384411 0.498567
vt 0.381467 0.504554
f 1936/4683/1936 1801/4561/1801 1909/4684/1909
vt 0.868969 0.755109
f 1900/4531/1900 1875/4685/1875 1809/4589/1809
vt 0.863960 0.754245
f 1856/4686/1856 1849/4522/1849 1875/4644/1875
vt 0.435751 0.924843
f 1912/4577/1912 1876/4496/1876 1877/4687/1877
vt 0.366564 0.744929
f 1776/4461/1776 1870/4553/1870 1933/4688/1933
vt 0.729800 0.692944
vt 0.733706 0.692444
f 1851/4689/1851 1947/4652/1947 1847/4690/1847
vt 0.657475 0.790845
f 1872/4585/1872 1854/4645/1854 1925/4691/1925
vt 0.335781 0.367951
vt 0.340705 0.371515
vt 0.336406 0.370311
f 1973/4692/1973 1871/4693/1871 1847/4694/1847
vt 0.668525 0.816021
f 1892/4695/1892 1868/4641/1868 1869/4489/1869
vt 0.094400 0.881318
f 2124/4374/2124 1949/4696/1949 1813/4457/1813
vt 0.675942 0.828714
f 1913/4655/1913 1835/4474/1835 1958/4697/1958
vt 0.371316 0.742882
f 1933/4688/1933 1865/4698/1865 1776/4461/1776
vt 0.790208 0.282666
f 1926/4637/1926 1837/4636/1837 1932/4699/1932
f 1855/4559/1855 1801/4561/1801 1936/4683/1936
vt 0.128254 0.870276
f 1874/4612/1874 1852/4350/1852 1878/4700/1878
vt 0.861468 0.751011
vt 0.857250 0.756668
f 1849/4701/1849 1856/4686/1856 1905/4702/1905
vt 0.595470 0.885177
vt 0.596793 0.886592
f 1853/4590/1853 1849/4703/1849 1905/4704/1905
vt 0.468603 0.906176
f 1908/4705/1908 1824/4445/1824 1867/4576/1867
vt 0.946486 0.778502
f 1898/4544/1898 1910/4706/1910 1921/4492/1921
vt 0.915122 0.459521
vt 0.918441 0.458288
f 1839/4707/1839 1885/4558/1885 1916/4708/1916
f 1802/4385/1802 1839/4447/1839 2044/4669/2044
vt 0.917187 0.454584
f 1916/4708/1916 1885/4558/1885 1950/4709/1950
vt 0.975419 0.786036
f 1887/4617/1887 1891/4555/1891 1968/4710/1968
vt 0.718504 0.957938
f 1799/4344/1799 1860/4711/1860 2047/4663/2047
vt 0.575365 0.550758
f 1995/4512/1995 1797/4390/1797 1752/4712/1752
vt 0.564356 0.905870
f 1840/4486/1840 1902/4713/1902 1908/4658/1908
vt 0.817364 0.285548
vt 0.819266 0.285267
f 1970/4714/1970 1883/4621/1883 1829/4715/1829
vt 0.160602 0.553935
f 1754/4348/1754 1831/4305/1831 1915/4716/1915
vt 0.154534 0.548708
f 1915/4716/1915 1831/4305/1831 1951/4717/1951
vt 0.739207 0.940405
vt 0.740906 0.945840
f 1920/4718/1920 1798/4719/1798 1953/4664/1953
vt 0.908435 0.770958
f 1971/4597/1971 1800/4369/1800 2045/4720/2045
vt 0.433779 0.450566
f 1665/4297/1665 1954/3561/1954 2472/4721/2472
vt 0.731374 0.688630
f 1847/4690/1847 1947/4652/1947 1930/4722/1930
vt 0.653458 0.791926
f 1859/4586/1859 1872/4585/1872 1925/4723/1925
vt 0.426238 0.936410
f 1850/4493/1850 1901/4724/1901 1938/4657/1938
vt 0.870901 0.758800
f 1904/4725/1904 1875/4685/1875 1900/4531/1900
vt 0.626594 0.211188
vt 0.625946 0.206991
vt 0.628026 0.209751
f 1877/4726/1877 1876/4727/1876 1906/4728/1906
f 1778/4242/1778 1890/3908/1890 1873/4432/1873
vt 0.441997 0.929638
f 1857/4588/1857 1906/4729/1906 1876/4496/1876
f 1835/4474/1835 1866/4613/1866 1958/4697/1958
vt 0.643982 0.773583
f 1810/4615/1810 1760/4616/1760 1942/4730/1942
vt 0.256359 0.053346
vt 0.256651 0.050523
vt 0.259734 0.053726
f 1857/4731/1857 1833/4732/1833 1980/4733/1980
vt 0.110244 0.876279
f 2104/4734/2104 2115/4351/2115 1813/4457/1813
vt 0.955233 0.782715
f 1887/4617/1887 2035/4735/2035 1898/4544/1898
f 1824/4445/1824 1908/4705/1908 1897/4611/1897
f 1869/4489/1869 1913/4655/1913 1892/4695/1892
vt 0.720352 0.092727
vt 0.719445 0.095215
vt 0.717172 0.091269
f 1865/4736/1865 1933/4737/1933 1896/4738/1896
vt 0.648974 0.778304
f 1937/4739/1937 1942/4730/1942 1760/4616/1760
vt 0.459199 0.921648
f 1836/4592/1836 1914/4740/1914 1833/4604/1833
vt 0.983363 0.786708
f 1891/4555/1891 1810/4498/1810 1935/4741/1935
vt 0.448767 0.925513
f 1906/4729/1906 1857/4588/1857 1980/4742/1980
vt 0.356536 0.746746
f 1870/4553/1870 1845/4594/1845 1946/4743/1946
f 1805/4169/1805 1996/4607/1996 2019/4599/2019
f 1990/4484/1990 1917/4518/1917 1627/4073/1627
vt 0.144704 0.873822
f 1591/4490/1591 2196/4491/2196 1972/4744/1972
f 1951/4717/1951 1831/4305/1831 1871/4600/1871
f 1888/4575/1888 1846/4346/1846 1995/4512/1995
vt 0.465264 0.456488
f 1879/4745/1879 1950/4661/1950 1815/4660/1815
f 1800/4369/1800 1863/4510/1863 2045/4720/2045
vt 0.877858 0.765660
f 1834/4530/1834 1838/4593/1838 1922/4746/1922
vt 0.155893 0.256343
f 1816/4673/1816 1881/4672/1881 1860/4747/1860
vt 0.746562 0.930284
f 1919/4748/1919 1990/4484/1990 1772/4391/1772
f 1725/4141/1725 1873/4432/1873 1729/4287/1729
f 1772/4391/1772 1884/4618/1884 1919/4748/1919
f 1838/4593/1838 1744/4411/1744 1971/4597/1971
f 1804/4392/1804 1917/4518/1917 1970/4665/1970
f 1901/4724/1901 1850/4493/1850 1858/4634/1858
vt 0.685401 0.911127
f 2878/3984/2878 2100/4749/2100 1705/3982/1705
vt 0.602280 0.881606
vt 0.603381 0.883389
vt 0.599926 0.883946
f 1875/4750/1875 1904/4751/1904 1856/4752/1856
vt 0.460413 0.918118
f 1855/4681/1855 1936/4753/1936 1836/4592/1836
vt 0.662803 0.808388
vt 0.668969 0.805447
f 1928/4754/1928 1837/4755/1837 1868/4641/1868
vt 0.779753 0.219631
f 1903/4649/1903 1865/4642/1865 1896/4756/1896
vt 0.918616 0.606791
vt 0.927373 0.606065
f 1911/4757/1911 1866/4758/1866 1886/4623/1886
vt 0.792606 0.282958
f 1837/4636/1837 1928/4759/1928 1932/4699/1932
vt 0.924765 0.602858
f 1911/4757/1911 1958/4760/1958 1866/4758/1866
vt 0.156090 0.945300
f 1893/4761/1893 2075/4397/2075 1684/4248/1684
vt 0.861377 0.757446
f 1905/4702/1905 1856/4686/1856 1944/4762/1944
vt 0.642396 0.770135
f 1935/4763/1935 1810/4615/1810 1942/4730/1942
f 1890/3908/1890 1729/4287/1729 1873/4432/1873
vt 0.573558 0.519502
vt 0.571294 0.522001
f 1937/4610/1937 1889/4764/1889 1940/4765/1940
vt 0.394125 0.079007
vt 0.398859 0.078557
vt 0.398140 0.081367
f 1925/4766/1925 1854/4767/1854 1899/4768/1899
vt 0.699568 0.899191
f 1880/4439/1880 1972/4769/1972 1959/4440/1959
vt 0.163415 0.547944
f 2021/4770/2021 1952/4677/1952 1915/4716/1915
vt 0.076555 0.641319
f 2044/4669/2044 1839/4447/1839 1916/4771/1916
vt 0.354204 0.753799
f 1938/4772/1938 1946/4743/1946 1845/4594/1845
vt 0.339015 0.363312
f 1951/4773/1951 1871/4693/1871 1973/4692/1973
vt 0.740687 0.689281
f 1973/4774/1973 1847/4690/1847 1930/4722/1930
vt 0.471914 0.448717
f 1950/4661/1950 1879/4745/1879 1999/4775/1999
vt 0.477223 0.238415
vt 0.471956 0.242372
vt 0.470427 0.239319
f 1997/4776/1997 1882/4777/1882 1952/4778/1952
vt 0.695884 0.964355
f 1881/4670/1881 1882/4671/1882 1997/4779/1997
vt 0.878005 0.762075
f 1994/4780/1994 1834/4530/1834 1922/4746/1922
vt 0.668067 0.922506
f 1593/3512/1593 1895/4781/1895 1455/2831/1455
f 1994/4780/1994 1900/4531/1900 1834/4530/1834
vt 0.571516 0.904805
f 1902/4713/1902 1840/4486/1840 1945/4782/1945
vt 0.598864 0.562570
f 1861/4556/1861 1888/4575/1888 2092/4783/2092
f 1764/3788/1764 1691/3936/1691 2075/4397/2075
vt 0.649022 0.786996
f 1859/4586/1859 1931/4784/1931 1889/4626/1889
vt 0.866011 0.756227
vt 0.865342 0.757515
f 1856/4785/1856 1904/4725/1904 1944/4786/1944
vt 0.718584 0.686956
f 1947/4652/1947 1903/4651/1903 1941/4787/1941
vt 0.362586 0.745345
vt 0.360773 0.745533
f 1933/4788/1933 1870/4553/1870 1987/4789/1987
vt 0.783165 0.220395
f 1903/4649/1903 1896/4756/1896 1941/4790/1941
f 1914/4740/1914 1836/4592/1836 1936/4753/1936
f 1899/4682/1899 1848/4606/1848 1926/4679/1926
vt 0.492927 0.978377
f 1918/4791/1918 1411/3388/1411 1459/3387/1459
vt 0.445995 0.930335
f 1906/4729/1906 1980/4742/1980 2007/4792/2007
vt 0.562411 0.959134
f 2051/3899/2051 2738/4793/2738 1228/2912/1228
vt 0.907785 0.810605
vt 0.914504 0.816570
vt 0.907403 0.817300
f 2217/4794/2217 2058/4795/2058 1619/4796/1619
vt 0.575775 0.956863
f 1228/2912/1228 2405/4797/2405 1623/3228/1623
f 1833/4604/1833 1914/4740/1914 1980/4742/1980
vt 0.582286 0.954339
f 2645/4798/2645 1830/3559/1830 1623/3228/1623
vt 0.973458 0.784499
f 1887/4617/1887 1968/4710/1968 1929/4799/1929
vt 0.430886 0.939467
f 1858/4634/1858 1981/4800/1981 1901/4724/1901
vt 0.517393 0.962881
f 1603/4801/1603 2397/4527/2397 1229/2577/1229
vt 0.989454 0.256029
vt 0.988574 0.252050
vt 0.990607 0.254295
f 1912/4802/1912 1962/4803/1962 1858/4804/1858
vt 0.642369 0.775838
f 1942/4730/1942 1937/4739/1937 1934/4805/1934
vt 0.663548 0.812911
f 1868/4641/1868 1892/4695/1892 1963/4806/1963
vt 0.470971 0.917617
f 1909/4650/1909 1897/4611/1897 1976/4807/1976
vt 0.668386 0.820385
f 1892/4695/1892 1913/4655/1913 1984/4808/1984
vt 0.471656 0.907268
vt 0.474101 0.909722
f 1927/4809/1927 1960/4810/1960 1908/4705/1908
vt 0.827544 0.795428
f 1783/3866/1783 1786/3232/1786 2291/4811/2291
vt 0.283613 0.740436
f 2597/4812/2597 1484/4199/1484 2599/4206/2599
f 2060/3584/2060 1484/4199/1484 2597/4812/2597
vt 0.781854 0.891746
f 1879/4554/1879 1864/4659/1864 2156/4813/2156
vt 0.702674 0.952445
f 2047/4663/2047 1860/4711/1860 2041/4814/2041
vt 0.584318 0.552536
f 1995/4512/1995 1752/4712/1752 2014/4815/2014
vt 0.349134 0.754439
vt 0.349334 0.748201
f 1938/4772/1938 1901/4816/1901 1989/4817/1989
vt 0.789690 0.902686
f 1864/4659/1864 1883/4818/1883 2156/4813/2156
f 2156/4813/2156 1883/4818/1883 1970/4665/1970
vt 0.311784 0.722330
f 1636/3890/1636 1789/4244/1789 2407/4819/2407
vt 0.732073 0.932487
f 1884/4618/1884 1920/4718/1920 2093/4820/2093
vt 0.770339 0.908131
f 1970/4665/1970 1917/4518/1917 2091/4821/2091
vt 0.345080 0.357036
vt 0.346488 0.363410
vt 0.342781 0.360881
f 2021/4822/2021 1915/4823/1915 1951/4824/1951
vt 0.638928 0.420831
vt 0.639102 0.417098
vt 0.645038 0.419414
f 1737/4825/1737 2479/4826/2479 1787/4827/1787
f 1888/4575/1888 1995/4512/1995 2092/4783/2092
vt 0.648038 0.790124
f 1859/4586/1859 1925/4723/1925 1974/4828/1974
vt 0.714975 0.093402
f 1896/4738/1896 1933/4737/1933 1939/4829/1939
vt 0.851150 0.798688
f 1923/2910/1923 2416/4830/2416 1954/3877/1954
f 1931/4784/1931 1859/4586/1859 1974/4828/1974
vt 0.859485 0.761502
f 1904/4725/1904 2018/4831/2018 1944/4786/1944
vt 0.904926 0.814510
f 2048/4832/2048 1619/4796/1619 2218/4222/2218
vt 0.986185 0.256440
f 1962/4803/1962 1912/4802/1912 1877/4833/1877
vt 0.095852 0.858377
vt 0.101954 0.857713
vt 0.106254 0.861202
f 2006/4834/2006 1948/4835/1948 2170/4836/2170
vt 0.934683 0.586273
vt 0.939300 0.584418
vt 0.937883 0.586460
f 1963/4837/1963 1928/4838/1928 1868/4839/1868
vt 0.648182 0.782074
vt 0.646060 0.781333
f 1937/4739/1937 1940/4840/1940 1956/4841/1956
vt 0.148974 0.947871
f 2190/4842/2190 1893/4761/1893 2058/4519/2058
vt 0.787723 0.284124
f 1926/4637/1926 1932/4699/1932 1961/4843/1961
vt 0.130772 0.867471
vt 0.135756 0.869253
f 1878/4700/1878 2025/4844/2025 2043/4845/2043
vt 0.474184 0.915618
f 1976/4807/1976 1897/4611/1897 1966/4846/1966
vt 0.986265 0.787813
vt 0.984859 0.791687
f 1935/4741/1935 1942/4847/1942 2031/4848/2031
f 2058/4519/2058 1893/4761/1893 1684/4248/1684
vt 0.748792 0.474411
f 2223/4526/2223 1781/4226/1781 2415/4849/2415
f 1968/4710/1968 1891/4555/1891 1935/4741/1935
vt 0.970977 0.787053
vt 0.972666 0.785673
f 1967/4850/1967 1887/4617/1887 1929/4851/1929
vt 0.562815 0.908198
vt 0.562906 0.908972
f 1902/4852/1902 1943/4853/1943 1908/4658/1908
vt 0.679630 0.914331
f 1843/3505/1843 2097/4854/2097 1614/3834/1614
vt 0.706255 0.684375
vt 0.701637 0.684349
vt 0.701693 0.683064
f 1987/4855/1987 1870/4856/1870 1946/4857/1946
vt 0.711895 0.684043
vt 0.708242 0.687267
f 1939/4858/1939 1933/4859/1933 1987/4855/1987
vt 0.839217 0.143240
vt 0.840890 0.144621
vt 0.838493 0.144134
f 1928/4860/1928 1955/4861/1955 1932/4862/1932
vt 0.345146 0.753610
f 1989/4817/1989 1901/4816/1901 1981/4863/1981
vt 0.838000 0.146380
f 1961/4864/1961 1932/4862/1932 1955/4861/1955
vt 0.658084 0.805229
vt 0.653865 0.802604
f 1926/4679/1926 1961/4865/1961 2024/4866/2024
vt 0.982326 0.250972
vt 0.980422 0.256946
f 2010/4867/2010 1877/4833/1877 1906/4868/1906
vt 0.562716 0.520583
vt 0.565773 0.520353
vt 0.565156 0.522647
f 1934/4869/1934 1937/4870/1937 1956/4871/1956
vt 0.636815 0.773053
f 1942/4730/1942 1934/4805/1934 2031/4872/2031
vt 0.651248 0.797126
f 1926/4679/1926 2026/4873/2026 1899/4682/1899
f 1910/4706/1910 1898/4544/1898 2035/4735/2035
f 1908/4705/1908 1960/4810/1960 1897/4611/1897
vt 0.449134 0.931458
f 2007/4792/2007 1980/4742/1980 2059/4874/2059
vt 0.565974 0.908630
vt 0.566408 0.904788
f 1945/4782/1945 1943/4875/1943 1902/4876/1902
vt 0.373203 0.502304
f 1936/4683/1936 1909/4684/1909 1976/4877/1976
vt 0.562751 0.910440
f 1908/4658/1908 1943/4853/1943 1927/4878/1927
f 1989/4817/1989 1946/4743/1946 1938/4772/1938
vt 0.612737 0.581011
vt 0.605047 0.582955
f 1861/4556/1861 1979/4879/1979 1862/4880/1862
f 2047/4663/2047 2093/4820/2093 1953/4664/1953
vt 0.915791 0.614056
f 1979/4881/1979 1886/4623/1886 1862/4624/1862
f 1911/4757/1911 1886/4623/1886 1979/4881/1979
vt 0.121383 0.867757
f 2311/4882/2311 1878/4700/1878 1852/4350/1852
vt 0.914331 0.777852
f 1991/4883/1991 2045/4720/2045 1863/4510/1863
vt 0.930712 0.779922
f 1863/4510/1863 1921/4492/1921 2046/4884/2046
vt 0.702609 0.944857
f 2041/4814/2041 2259/4885/2259 2047/4663/2047
vt 0.065022 0.625185
f 2014/4886/2014 1752/4450/1752 2044/4669/2044
vt 0.149013 0.252962
vt 0.153762 0.250764
f 1881/4887/1881 2041/4888/2041 1860/4747/1860
f 1953/4664/1953 2093/4820/2093 1920/4718/1920
vt 0.332246 0.362919
f 1951/4773/1951 1973/4692/1973 2134/4889/2134
vt 0.136647 0.930975
f 1764/3788/1764 2005/4890/2005 1706/3787/1706
vt 0.703132 0.683016
f 1977/4891/1977 1987/4855/1987 1946/4857/1946
vt 0.725683 0.683540
f 1986/4892/1986 1930/4722/1930 1947/4652/1947
vt 0.722144 0.684357
f 1986/4892/1986 1947/4652/1947 1964/4893/1964
vt 0.539000 0.238312
vt 0.540272 0.240114
vt 0.535232 0.238290
f 1941/4894/1941 1896/4895/1896 1939/4896/1939
vt 0.149852 0.945554
f 2190/4842/2190 2000/4897/2000 1893/4761/1893
vt 0.787695 0.221193
vt 0.783673 0.223544
f 1964/4898/1964 1947/4899/1947 1941/4790/1941
vt 0.089404 0.874940
f 1949/4696/1949 2164/4900/2164 1813/4457/1813
vt 0.917219 0.599526
f 1958/4760/1958 1911/4757/1911 2029/4901/2029
vt 0.928509 0.598827
f 1958/4760/1958 2029/4901/2029 1913/4902/1913
vt 0.927914 0.592953
f 1984/4903/1984 1913/4902/1913 2029/4901/2029
vt 0.458755 0.928226
f 1914/4740/1914 1969/4904/1969 1980/4742/1980
f 1960/4810/1960 1966/4846/1966 1897/4611/1897
f 2026/4873/2026 1926/4679/1926 2024/4866/2024
vt 0.759474 0.273921
vt 0.762025 0.275009
vt 0.761251 0.276657
f 1955/4905/1955 1928/4906/1928 1963/4907/1963
f 1925/4723/1925 1899/4682/1899 2026/4873/2026
vt 0.130151 0.933416
f 1957/4500/1957 1706/3787/1706 1982/4908/1982
vt 0.977236 0.788433
f 1968/4710/1968 1935/4741/1935 1965/4909/1965
vt 0.938409 0.780772
f 1921/4492/1921 1910/4706/1910 2063/4910/2063
vt 0.635138 0.762352
vt 0.635394 0.764352
vt 0.633876 0.764977
f 1929/4911/1929 1968/4912/1968 1965/4913/1965
vt 0.972949 0.786804
f 1965/4914/1965 1967/4850/1967 1929/4851/1929
vt 0.963831 0.786934
f 2001/4915/2001 1887/4617/1887 1967/4850/1967
vt 0.599955 0.061822
vt 0.600195 0.059966
vt 0.602808 0.062034
f 1940/4916/1940 1889/4917/1889 1975/4918/1975
f 2115/4351/2115 2311/4882/2311 1852/4350/1852
f 1962/4803/1962 1877/4833/1877 2010/4867/2010
vt 0.765158 0.283629
vt 0.761322 0.281451
vt 0.763814 0.281198
f 1984/4919/1984 1988/4920/1988 1892/4921/1892
vt 0.761122 0.278830
f 1988/4920/1988 1963/4922/1963 1892/4921/1892
vt 0.099172 0.870656
f 1813/4457/1813 2164/4900/2164 1978/4923/1978
f 1919/4748/1919 1884/4618/1884 2093/4820/2093
vt 0.926876 0.453312
f 1950/4709/1950 2067/4924/2067 1916/4708/1916
vt 0.749506 0.918396
f 1990/4484/1990 1919/4748/1919 2114/4925/2114
vt 0.798310 0.887605
vt 0.789923 0.885100
f 1999/4926/1999 1879/4554/1879 2016/4927/2016
f 2156/4813/2156 2016/4927/2016 1879/4554/1879
vt 0.695965 0.958360
f 2041/4814/2041 1881/4670/1881 2094/4928/2094
vt 0.511008 0.960570
f 1894/2921/1894 2575/4929/2575 1603/2965/1603
vt 0.598235 0.889504
f 1853/4590/1853 1905/4930/1905 1996/4607/1996
vt 0.891109 0.771023
f 1838/4593/1838 1971/4597/1971 2148/4931/2148
vt 0.341725 0.358333
f 2021/4822/2021 1951/4824/1951 1998/4932/1998
f 1922/4746/1922 1838/4593/1838 2148/4931/2148
f 1904/4725/1904 1900/4531/1900 1994/4780/1994
vt 0.645804 0.793161
f 1925/4723/1925 2028/4933/2028 1974/4828/1974
vt 0.088724 0.076471
vt 0.089554 0.077297
vt 0.087256 0.076344
f 1931/4934/1931 1974/4935/1974 2003/4936/2003
vt 0.573699 0.523230
vt 0.576470 0.523446
vt 0.573877 0.525545
f 1889/4937/1889 1931/4938/1931 1975/4939/1975
f 1905/4702/1905 1944/4762/1944 2018/4831/2018
vt 0.537509 0.237049
f 1964/4940/1964 1941/4894/1941 1939/4896/1939
vt 0.569563 0.525185
f 1956/4871/1956 1940/4765/1940 2012/4941/2012
vt 0.841703 0.146413
f 1955/4861/1955 2039/4942/2039 1961/4864/1961
vt 0.155747 0.202841
vt 0.149946 0.198243
vt 0.153348 0.197936
f 2085/4943/2085 2031/4944/2031 1934/4945/1934
f 2035/4735/2035 1887/4617/1887 2001/4915/2001
vt 0.450485 0.928538
vt 0.453814 0.932939
f 2059/4946/2059 1980/4742/1980 2023/4947/2023
vt 0.474648 0.905716
vt 0.474143 0.903002
vt 0.477573 0.906437
f 1927/4948/1927 1943/4949/1943 1983/4950/1983
vt 0.562282 0.912501
vt 0.559150 0.912947
f 1927/4878/1927 1983/4951/1983 1960/4952/1960
vt 0.435566 0.940851
f 1858/4634/1858 2002/4953/2002 1981/4800/1981
vt 0.611868 0.574018
f 1979/4879/1979 1861/4556/1861 2083/4954/2083
vt 0.648988 0.794887
f 2037/4955/2037 2028/4933/2028 1925/4723/1925
vt 0.436977 0.936715
f 1962/4956/1962 2002/4953/2002 1858/4634/1858
vt 0.911014 0.602328
f 2029/4901/2029 1911/4757/1911 2033/4957/2033
vt 0.570258 0.915632
f 1943/4875/1943 1945/4782/1945 2232/4958/2232
vt 0.645520 0.789546
vt 0.644577 0.787775
f 2003/4959/2003 1975/4960/1975 1931/4784/1931
f 1978/4923/1978 2104/4734/2104 1813/4457/1813
vt 0.188161 0.076775
vt 0.185671 0.075715
vt 0.187841 0.074567
f 1964/4961/1964 1939/4962/1939 2084/4963/2084
f 1878/4700/1878 2043/4845/2043 1874/4612/1874
vt 0.604250 0.064079
f 1940/4916/1940 1975/4918/1975 2012/4964/2012
vt 0.478389 0.915362
f 1966/4846/1966 1960/4810/1960 2013/4965/2013
vt 0.708781 0.682893
vt 0.710128 0.680615
f 1939/4966/1939 1987/4855/1987 2065/4967/2065
vt 0.378422 0.496367
f 2004/4968/2004 1936/4683/1936 1976/4877/1976
vt 0.355488 0.741978
vt 0.360128 0.743465
vt 0.355280 0.744146
f 1985/4969/1985 1987/4970/1987 1977/4971/1977
vt 0.642645 0.780162
vt 0.637649 0.781430
f 1956/4972/1956 2085/4973/2085 1934/4805/1934
vt 0.352350 0.745981
f 1989/4817/1989 1977/4974/1977 1946/4743/1946
vt 0.930773 0.587890
vt 0.925808 0.585463
f 1988/4975/1988 1984/4903/1984 2099/4976/2099
f 2026/4873/2026 2037/4955/2037 1925/4723/1925
vt 0.930726 0.587151
vt 0.931181 0.582864
vt 0.934234 0.585970
f 1988/4977/1988 2011/4978/2011 1963/4979/1963
vt 0.934949 0.582348
f 1963/4979/1963 2011/4978/2011 1955/4980/1955
vt 0.934700 0.580624
f 2039/4981/2039 1955/4980/1955 2011/4978/2011
vt 0.922677 0.452325
f 2067/4924/2067 1950/4709/1950 2015/4982/2015
vt 0.760191 0.910644
f 1917/4518/1917 1990/4484/1990 2022/4983/2022
vt 0.740665 0.925742
f 1993/4984/1993 1919/4748/1919 2093/4820/2093
vt 0.774670 0.899033
f 2091/4821/2091 2177/4985/2177 1970/4665/1970
vt 0.341579 0.752245
f 1989/4817/1989 1981/4863/1981 1992/4986/1992
f 2063/4910/2063 2046/4884/2046 1921/4492/1921
vt 0.063892 0.636752
f 2044/4669/2044 1916/4771/1916 2017/4987/2017
f 1991/4883/1991 1863/4510/1863 2046/4884/2046
f 1881/4670/1881 1997/4779/1997 2094/4928/2094
vt 0.715520 0.935067
f 2285/4988/2285 2093/4820/2093 2047/4663/2047
vt 0.744169 0.923475
f 2114/4925/2114 1919/4748/1919 1993/4989/1993
vt 0.866226 0.767324
vt 0.871723 0.763080
f 2042/4990/2042 1904/4725/1904 1994/4991/1994
vt 0.335647 0.361589
f 1998/4992/1998 1951/4773/1951 2134/4889/2134
f 1945/4782/1945 1840/4486/1840 2019/4599/2019
vt 0.127636 0.867961
f 2025/4844/2025 1878/4700/1878 2317/4993/2317
vt 0.596472 0.895088
f 1996/4607/1996 1905/4930/1905 2020/4994/2020
vt 0.744721 0.680924
f 1930/4722/1930 2134/4995/2134 1973/4774/1973
vt 0.730347 0.680946
f 1986/4892/1986 2120/4996/2120 1930/4722/1930
vt 0.473328 0.234005
f 2021/4997/2021 1997/4776/1997 1952/4778/1952
vt 0.087307 0.077698
vt 0.086411 0.078149
f 1974/4998/1974 2028/4999/2028 2003/4936/2003
vt 0.703420 0.679385
f 1987/4855/1987 1985/5000/1985 2065/4967/2065
vt 0.433548 0.941978
f 2002/4953/2002 1992/5001/1992 1981/4800/1981
vt 0.977086 0.253354
f 2010/4867/2010 1906/4868/1906 2008/5002/2008
vt 0.102199 0.907779
f 2027/3816/2027 2079/5003/2079 1803/4608/1803
vt 0.978761 0.792107
f 1965/4909/1965 1935/4741/1935 2062/5004/2062
vt 0.565933 0.910068
vt 0.565212 0.912760
f 1943/5005/1943 2232/4958/2232 1983/5006/1983
f 1935/4741/1935 2031/4848/2031 2062/5004/2062
vt 0.465738 0.922967
f 1914/4740/1914 1936/4753/1936 2004/5007/2004
vt 0.157428 0.452041
vt 0.155626 0.454859
vt 0.153624 0.453912
f 2024/5008/2024 1961/5009/1961 2054/5010/2054
vt 0.909727 0.606571
f 1911/4757/1911 2186/5011/2186 2033/4957/2033
f 2011/4978/2011 1988/4975/1988 2099/4976/2099
vt 0.790418 0.222602
vt 0.787811 0.221167
vt 0.793041 0.219557
f 1986/5012/1986 1964/5013/1964 2084/5014/2084
vt 0.633583 0.767649
vt 0.630395 0.765866
f 2062/5015/2062 2101/5016/2101 1965/4913/1965
vt 0.974175 0.789497
vt 0.974098 0.788177
f 2101/5017/2101 1967/4850/1967 1965/5018/1965
f 1982/4908/1982 1706/3787/1706 2005/4890/2005
vt 0.932471 0.580136
f 2039/4981/2039 2011/4978/2011 2030/5019/2030
vt 0.642031 0.785216
f 2085/4973/2085 1956/4972/1956 2012/5020/2012
vt 0.841652 0.148213
f 1961/4864/1961 2039/4942/2039 2054/5021/2054
vt 0.921411 0.592063
f 2029/4901/2029 2009/5022/2009 1984/4903/1984
vt 0.649428 0.799767
f 2024/4866/2024 2040/5023/2040 2026/4873/2026
vt 0.948967 0.785505
f 1910/4706/1910 2035/4735/2035 2032/5024/2032
vt 0.634662 0.776351
f 2071/5025/2071 2031/4872/2031 2085/4973/2085
vt 0.445499 0.934121
f 1906/4729/1906 2007/4792/2007 2008/5026/2008
f 2091/4821/2091 1917/4518/1917 2022/4983/2022
vt 0.590104 0.552984
vt 0.601969 0.555852
f 1995/4512/1995 2014/5027/2014 2158/5028/2158
vt 0.480708 0.447130
f 1999/4775/1999 2015/5029/2015 1950/4661/1950
f 1971/4597/1971 2045/4720/2045 2148/4931/2148
f 2156/4813/2156 1970/4665/1970 2177/4985/2177
vt 0.934727 0.460638
f 2017/5030/2017 1916/4708/1916 2067/4924/2067
f 1911/4757/1911 1979/4881/1979 2186/5011/2186
vt 0.853690 0.761040
f 2050/5031/2050 1905/4702/1905 2018/4831/2018
vt 0.848137 0.761395
f 2020/5032/2020 1905/4702/1905 2050/5031/2050
f 1904/4725/1904 2042/4990/2042 2018/4831/2018
f 2134/4995/2134 1930/4722/1930 2120/4996/2120
vt 0.686837 0.968149
vt 0.682252 0.971016
vt 0.685112 0.966532
f 2021/5033/2021 1998/5034/1998 2069/5035/2069
vt 0.535172 0.232810
vt 0.531919 0.233990
f 2084/5036/2084 1939/4896/1939 2078/5037/2078
vt 0.479760 0.920892
f 2013/4965/2013 2055/5038/2055 1966/4846/1966
vt 0.918266 0.587317
f 1984/4903/1984 2009/5022/2009 2095/5039/2095
f 2099/4976/2099 1984/4903/1984 2095/5039/2095
vt 0.371241 0.495744
f 2004/4968/2004 1976/4877/1976 2061/5040/2061
f 2196/4491/2196 1874/4612/1874 2043/4845/2043
vt 0.723911 0.345797
vt 0.728251 0.344772
vt 0.721972 0.347123
f 2030/5041/2030 2080/5042/2080 2039/5043/2039
vt 0.106177 0.868713
f 2104/4734/2104 1978/4923/1978 2089/5044/2089
vt 0.584835 0.908301
f 1945/4782/1945 2019/4599/2019 2162/5045/2162
vt 0.650085 0.801798
f 2040/5023/2040 2024/4866/2024 2125/5046/2125
vt 0.642665 0.788706
vt 0.645054 0.790092
vt 0.640926 0.789893
f 1975/5047/1975 2003/5048/2003 2064/5049/2064
vt 0.582301 0.912765
f 2232/4958/2232 1945/4782/1945 2202/5050/2202
vt 0.977108 0.256501
vt 0.974740 0.257846
f 2008/5002/2008 2007/5051/2007 2059/5052/2059
vt 0.638135 0.788515
f 2012/5020/2012 2070/5053/2070 2085/4973/2085
vt 0.561521 0.914636
vt 0.563523 0.918611
vt 0.559211 0.916691
f 1960/5054/1960 2056/5055/2056 2013/5056/2013
vt 0.775891 0.381574
vt 0.773700 0.378003
f 1843/4276/1843 2547/5057/2547 2097/5058/2097
vt 0.476100 0.920929
f 1976/4807/1976 1966/4846/1966 2036/5059/2036
vt 0.476859 0.920805
f 2036/5060/2036 1966/4846/1966 2055/5038/2055
vt 0.916832 0.595003
f 2034/5061/2034 2009/5022/2009 2029/4901/2029
f 1960/5054/1960 1983/5006/1983 2056/5055/2056
vt 0.626931 0.761067
vt 0.632091 0.762381
f 2052/5062/2052 1967/5063/1967 2101/5016/2101
vt 0.628170 0.758533
f 2001/5064/2001 1967/5063/1967 2052/5062/2052
vt 0.966669 0.789316
vt 0.957584 0.789914
vt 0.962346 0.787018
f 2052/5065/2052 2077/5066/2077 2001/5067/2001
f 2035/4735/2035 2001/4915/2001 2077/5066/2077
vt 0.102031 0.854722
f 2149/5068/2149 1948/4835/1948 2006/4834/2006
vt 0.652969 0.281782
vt 0.654118 0.272980
vt 0.657081 0.275654
f 2042/5069/2042 1994/5070/1994 1922/5071/1922
vt 0.476197 0.233262
vt 0.478296 0.234489
f 1997/4776/1997 2021/5072/2021 2069/5073/2069
vt 0.021235 0.234121
vt 0.019664 0.230873
vt 0.026092 0.231454
f 2054/5074/2054 2073/5075/2073 2125/5076/2125
vt 0.163239 0.441409
vt 0.162311 0.443997
vt 0.157532 0.442166
f 2028/5077/2028 2037/5078/2037 2057/5079/2057
vt 0.152342 0.449166
f 2024/5008/2024 2054/5010/2054 2125/5080/2125
f 2232/4958/2232 2056/5055/2056 1983/5006/1983
vt 0.530325 0.238728
f 1939/4896/1939 2065/5081/2065 2078/5037/2078
f 1980/4742/1980 1969/4904/1969 2023/4947/2023
vt 0.368710 0.500317
f 2061/5040/2061 1976/4877/1976 2036/5082/2036
vt 0.477267 0.921749
vt 0.479019 0.922885
f 2036/5083/2036 2055/5038/2055 2090/5084/2090
vt 0.162957 0.447525
vt 0.159156 0.448192
vt 0.157941 0.445106
f 2026/5085/2026 2040/5086/2040 2074/5087/2074
f 2074/5087/2074 2057/5079/2057 2026/5085/2026
f 2075/4397/2075 2005/4890/2005 1764/3788/1764
f 2037/5078/2037 2026/5085/2026 2057/5079/2057
vt 0.724157 0.677639
f 2120/4996/2120 1986/4892/1986 2096/5088/2096
vt 0.482882 0.917841
f 2055/5038/2055 2013/4965/2013 2113/5089/2113
vt 0.929480 0.577880
f 2030/5019/2030 2011/4978/2011 2080/5090/2080
vt 0.440985 0.938195
f 2010/5091/2010 2002/4953/2002 1962/4956/1962
vt 0.727871 0.346971
f 2073/5092/2073 2039/5043/2039 2080/5042/2080
vt 0.724793 0.348972
f 2039/5043/2039 2073/5092/2073 2054/5093/2054
f 2032/5024/2032 2035/4735/2035 2077/5066/2077
vt 0.612560 0.564952
f 2083/4954/2083 1861/4556/1861 2161/5094/2161
vt 0.927273 0.579763
f 2080/5090/2080 2011/4978/2011 2066/5095/2066
vt 0.099756 0.909414
f 2038/4501/2038 2450/5096/2450 2027/3816/2027
vt 0.092018 0.891006
f 2098/5097/2098 1949/4696/1949 2124/4374/2124
vt 0.974091 0.254420
f 2008/5002/2008 2059/5052/2059 2076/5098/2076
f 2075/4397/2075 1893/4761/1893 2000/4897/2000
vt 0.529322 0.235307
f 2078/5037/2078 2065/5081/2065 2122/5099/2122
vt 0.706966 0.676570
f 1985/5000/1985 2086/5100/2086 2065/4967/2065
vt 0.470908 0.926634
f 2004/5007/2004 2061/5101/2061 1914/4740/1914
vt 0.980566 0.795263
f 2062/5004/2062 2031/4848/2031 2123/5102/2123
vt 0.703354 0.903527
f 1959/4440/1959 1972/4769/1972 2110/5103/2110
vt 0.467075 0.937450
f 2268/5104/2268 1969/4904/1969 1914/4740/1914
vt 0.723974 0.680139
f 2096/5088/2096 1986/4892/1986 2084/5105/2084
f 2079/5003/2079 2027/3816/2027 2450/5096/2450
vt 0.941347 0.783785
f 2063/5106/2063 1910/4706/1910 2032/5024/2032
f 1945/4782/1945 2162/5045/2162 2202/5050/2202
vt 0.337613 0.752643
vt 0.336063 0.751876
f 1992/4986/1992 2002/5107/2002 2081/5108/2081
vt 0.759074 0.465722
f 1781/4226/1781 2049/2930/2049 2859/5109/2859
f 2092/4783/2092 1995/4512/1995 2158/5028/2158
vt 0.349734 0.745348
vt 0.344653 0.744218
f 1977/5110/1977 1989/4817/1989 2131/5111/2131
vt 0.695311 0.675729
vt 0.701234 0.681467
f 2131/5112/2131 1985/5000/1985 1977/5113/1977
vt 0.487538 0.405330
vt 0.485853 0.412139
vt 0.482526 0.409338
f 2091/5114/2091 2022/5115/2022 2116/5116/2116
f 1989/4817/1989 1992/4986/1992 2131/5111/2131
vt 0.642012 0.791334
f 2028/5117/2028 2064/5049/2064 2003/5048/2003
f 2131/5111/2131 1992/4986/1992 2081/5108/2081
vt 0.925365 0.782640
f 1991/4883/1991 2046/4884/2046 2068/5118/2068
vt 0.896004 0.780731
f 2148/4931/2148 2045/4720/2045 2314/5119/2314
vt 0.639332 0.412561
f 2210/5120/2210 1787/4827/1787 2479/4826/2479
vt 0.584733 0.904138
vt 0.590261 0.904423
f 2162/5121/2162 2019/4599/2019 2117/5122/2117
f 2911/4524/2911 2409/2903/2409 1637/3547/1637
vt 0.876415 0.772793
f 2151/5123/2151 1922/4746/1922 2148/4931/2148
vt 0.596283 0.901910
f 2019/4599/2019 1996/4607/1996 2133/5124/2133
vt 0.915413 0.591148
f 2095/5039/2095 2009/5022/2009 2108/5125/2108
vt 0.913338 0.597225
f 2033/4957/2033 2087/5126/2087 2029/4901/2029
f 2087/5126/2087 2034/5061/2034 2029/4901/2029
vt 0.714149 0.677728
f 2122/5127/2122 2065/4967/2065 2086/5100/2086
vt 0.176115 0.325817
vt 0.183259 0.327659
vt 0.177677 0.330099
f 2405/5128/2405 2645/5129/2645 1623/5130/1623
vt 0.097757 0.327776
vt 0.098708 0.323115
vt 0.102845 0.318060
f 2076/5131/2076 2059/5132/2059 2023/5133/2023
vt 0.857595 0.763342
vt 0.859433 0.761545
vt 0.857414 0.766727
f 2050/5134/2050 2018/5135/2018 2178/5136/2178
vt 0.888727 0.805292
f 2840/5137/2840 1491/3580/1491 2053/2606/2053
vt 0.913718 0.595836
f 2088/5138/2088 2034/5061/2034 2087/5126/2087
vt 0.410843 0.242047
vt 0.406247 0.241263
f 1639/5139/1639 2223/5140/2223 1789/3900/1789
vt 0.460232 0.937734
f 2143/5141/2143 2023/4947/2023 1969/4904/1969
vt 0.748437 0.603086
f 2881/5142/2881 2599/4208/2599 2409/2903/2409
vt 0.440359 0.944541
f 2010/5091/2010 2081/5143/2081 2002/4953/2002
vt 0.443136 0.944269
f 2102/5144/2102 2081/5143/2081 2010/5091/2010
vt 0.625477 0.764234
f 2052/5062/2052 2101/5016/2101 2103/5145/2103
vt 0.322651 0.482271
vt 0.319223 0.484243
vt 0.318717 0.480025
f 2575/5146/2575 2397/5147/2397 1603/5148/1603
f 1628/4212/1628 2212/4536/2212 1907/4535/1907
vt 0.614231 0.935148
f 1786/4537/1786 2212/4536/2212 2559/5149/2559
vt 0.862052 0.766393
f 2082/5150/2082 2018/4831/2018 2042/4990/2042
vt 0.617872 0.935106
f 2291/5151/2291 1786/4537/1786 2559/5149/2559
f 2604/4204/2604 2212/4536/2212 1628/4212/1628
vt 0.453721 0.058270
vt 0.456433 0.062066
vt 0.453244 0.061407
f 2063/5152/2063 2032/5153/2032 2147/5154/2147
vt 0.923088 0.814135
vt 0.923625 0.819365
f 2272/5155/2272 2190/5156/2190 2058/4795/2058
vt 0.838406 0.801004
f 1923/2910/1923 2216/5157/2216 2416/4830/2416
vt 0.244340 0.100526
vt 0.244679 0.098933
vt 0.247380 0.102426
f 2012/5158/2012 1975/5159/1975 2070/5160/2070
vt 0.965200 0.791365
vt 0.966860 0.791305
f 2129/5161/2129 2052/5065/2052 2103/5162/2103
vt 0.147204 0.512352
vt 0.148023 0.514425
vt 0.145155 0.514864
f 2108/5163/2108 2009/5164/2009 2034/5165/2034
vt 0.446776 0.937116
vt 0.447199 0.940879
f 2008/5166/2008 2076/5167/2076 2010/5091/2010
vt 0.910930 0.595950
vt 0.903465 0.599547
f 2088/5168/2088 2033/4957/2033 2138/5169/2138
vt 0.140703 0.514766
vt 0.138399 0.514459
vt 0.142181 0.512453
f 2087/5170/2087 2033/5171/2033 2088/5172/2088
vt 0.867834 0.802358
vt 0.871261 0.806031
f 1737/3897/1737 2480/5173/2480 2479/5174/2479
vt 0.424981 0.451615
vt 0.429432 0.450062
f 2416/5175/2416 2792/5176/2792 1954/3561/1954
vt 0.102855 0.327498
f 2023/5133/2023 2141/5177/2141 2076/5131/2076
f 2061/5101/2061 2268/5104/2268 1914/4740/1914
vt 0.901816 0.808431
f 2935/5178/2935 2218/4222/2218 1491/3580/1491
f 2108/5163/2108 2034/5165/2034 2088/5172/2088
vt 0.987205 0.796509
f 2031/4848/2031 2071/5179/2071 2123/5102/2123
f 2935/5178/2935 2048/4832/2048 2218/4222/2218
vt 0.105657 0.857743
f 2170/4836/2170 1948/4835/1948 2490/5180/2490
vt 0.802609 0.372042
vt 0.803135 0.371328
vt 0.804255 0.373547
f 1948/5181/1948 2149/5182/2149 2490/5183/2490
vt 0.151057 0.445597
f 2125/5080/2125 2144/5184/2144 2040/5086/2040
f 2099/4976/2099 2066/5095/2066 2011/4978/2011
vt 0.628461 0.768592
vt 0.631755 0.769654
vt 0.627531 0.770876
f 2101/5185/2101 2062/5186/2062 2123/5187/2123
vt 0.249247 0.100730
f 1975/5159/1975 2064/5188/2064 2070/5160/2070
vt 0.361383 0.501411
vt 0.361992 0.496671
f 2036/5082/2036 2090/5189/2090 2121/5190/2121
f 2074/5087/2074 2040/5086/2040 2144/5184/2144
vt 0.483613 0.445516
vt 0.482611 0.441298
f 2067/5191/2067 2015/5029/2015 2154/5192/2154
vt 0.905134 0.782334
f 2314/5119/2314 2045/4720/2045 2284/5193/2284
vt 0.156998 0.436758
f 2169/5194/2169 2028/5077/2028 2057/5079/2057
f 2015/5029/2015 1999/4775/1999 2154/5192/2154
f 1737/3897/1737 1665/3896/1665 2480/5173/2480
vt 0.700636 0.674328
f 1985/5000/1985 2131/5112/2131 2106/5195/2106
f 2575/4929/2575 1894/2921/1894 2915/4560/2915
vt 0.894561 0.287206
vt 0.892972 0.285679
vt 0.896500 0.283693
f 2147/5196/2147 2157/5197/2157 2063/5198/2063
vt 0.938863 0.451498
f 2017/5030/2017 2067/4924/2067 2279/5199/2279
f 1861/4556/1861 2092/4783/2092 2161/5094/2161
vt 0.893067 0.278793
f 2046/5200/2046 2063/5198/2063 2157/5197/2157
vt 0.658185 0.280113
f 2042/5069/2042 1922/5071/1922 2109/5201/2109
vt 0.477461 0.405579
f 2180/5202/2180 2091/5114/2091 2116/5116/2116
vt 0.679666 0.967216
f 2069/5035/2069 1998/5034/1998 2181/5203/2181
vt 0.042271 0.626931
f 2044/4669/2044 2165/5204/2165 2014/4886/2014
vt 0.673488 0.923861
f 2748/5205/2748 1895/4781/1895 1593/3512/1593
vt 0.050449 0.621303
f 2158/5206/2158 2014/4886/2014 2165/5204/2165
vt 0.507485 0.236980
vt 0.500000 0.237758
vt 0.506103 0.232760
f 2177/5207/2177 2091/5208/2091 2179/5209/2179
vt 0.079206 0.471811
vt 0.083346 0.473633
vt 0.080208 0.473545
f 2018/5210/2018 2082/5211/2082 2178/5212/2178
f 2138/5169/2138 2033/4957/2033 2186/5011/2186
vt 0.734856 0.921636
f 2093/4820/2093 2183/5213/2183 1993/4984/1993
f 2104/4734/2104 2089/5044/2089 2115/4351/2115
vt 0.090096 0.863404
f 1978/4923/1978 2164/4900/2164 2303/5214/2303
vt 0.842915 0.764321
vt 0.845811 0.758487
f 2020/5032/2020 2133/5215/2133 1996/5216/1996
f 2022/4983/2022 1990/4484/1990 2114/4925/2114
vt 0.741677 0.920490
f 2114/4925/2114 1993/4989/1993 2183/5217/2183
f 2117/5122/2117 2019/4599/2019 2133/5124/2133
vt 0.171449 0.541149
vt 0.178349 0.544596
vt 0.170404 0.547236
f 2155/5218/2155 2094/5219/2094 1997/5220/1997
vt 0.166096 0.543664
f 2069/5221/2069 2155/5218/2155 1997/5220/1997
f 2010/5091/2010 2076/5167/2076 2102/5144/2102
vt 0.961220 0.791973
f 2119/5222/2119 2052/5065/2052 2129/5161/2129
f 2077/5066/2077 2052/5065/2052 2119/5222/2119
f 2143/5141/2143 1969/4904/1969 2268/5104/2268
vt 0.925344 0.576349
f 2107/5223/2107 2080/5090/2080 2066/5095/2066
vt 0.730795 0.346499
f 2080/5042/2080 2112/5224/2112 2073/5092/2073
vt 0.973595 0.792767
vt 0.975344 0.794508
vt 0.973813 0.794254
f 2101/5225/2101 2123/5226/2123 2111/5227/2111
vt 0.483591 0.914076
f 2013/4965/2013 2056/5228/2056 2113/5089/2113
vt 0.114973 0.864494
f 2115/4351/2115 2089/5044/2089 2072/5229/2072
vt 0.109644 0.317014
vt 0.109054 0.321629
f 2023/5133/2023 2143/5230/2143 2142/5231/2142
vt 0.906113 0.593658
f 2118/5232/2118 2088/5168/2088 2138/5169/2138
vt 0.922016 0.578256
f 2105/5233/2105 2066/5095/2066 2099/4976/2099
vt 0.631375 0.776037
vt 0.628308 0.778699
f 2071/5234/2071 2085/4973/2085 2175/5235/2175
f 2107/5223/2107 2066/5095/2066 2105/5233/2105
vt 0.732088 0.342736
vt 0.730131 0.343554
f 2107/5236/2107 2112/5224/2112 2080/5237/2080
vt 0.148357 0.509887
f 2088/5172/2088 2139/5238/2139 2108/5163/2108
vt 0.620857 0.578928
f 2137/5239/2137 1979/4879/1979 2083/4954/2083
f 2086/5100/2086 1985/5000/1985 2106/5195/2106
vt 0.020452 0.229565
f 2125/5076/2125 2073/5075/2073 2112/5240/2112
vt 0.023161 0.228820
f 2125/5076/2125 2112/5240/2112 2191/5241/2191
f 1978/4923/1978 2170/4836/2170 2089/5044/2089
vt 0.793688 0.170572
vt 0.797276 0.171681
vt 0.794337 0.174769
f 2057/5242/2057 2074/5243/2074 2144/5244/2144
vt 0.621885 0.766521
vt 0.626940 0.767042
f 2111/5245/2111 2103/5145/2103 2101/5246/2101
vt 0.634060 0.787322
f 2085/4973/2085 2070/5053/2070 2195/5247/2195
f 2036/5082/2036 2121/5190/2121 2061/5040/2061
vt 0.486374 0.925831
f 2146/5248/2146 2055/5038/2055 2113/5089/2113
vt 0.798383 0.875954
f 2016/4927/2016 2154/5249/2154 1999/4926/1999
vt 0.092284 0.897965
f 2124/4374/2124 1803/4608/1803 2540/5250/2540
vt 0.791686 0.878681
f 2154/5249/2154 2016/4927/2016 2204/5251/2204
vt 0.920175 0.787055
f 1991/4883/1991 2068/5118/2068 2135/5252/2135
f 2006/4834/2006 2170/4836/2170 1978/4923/1978
vt 0.176215 0.258917
vt 0.181379 0.255051
vt 0.184250 0.257269
f 2020/5253/2020 2050/5254/2050 2178/5255/2178
f 2115/4351/2115 2072/5229/2072 2311/4882/2311
vt 0.162698 0.437056
f 2169/5194/2169 2064/5256/2064 2028/5077/2028
f 1991/4883/1991 2284/5193/2284 2045/4720/2045
vt 0.695012 0.951706
f 2132/5257/2132 2259/4885/2259 2041/4814/2041
vt 0.682911 0.958557
vt 0.687110 0.959682
f 2206/5258/2206 2155/5259/2155 2069/5035/2069
f 2041/4814/2041 2094/4928/2094 2132/5257/2132
vt 0.750430 0.685451
vt 0.750170 0.677228
f 1998/5260/1998 2134/4995/2134 2181/5261/2181
f 2259/4885/2259 2285/4988/2285 2047/4663/2047
vt 0.477316 0.400673
f 2091/5114/2091 2180/5202/2180 2179/5262/2179
vt 0.622792 0.762414
f 2111/5245/2111 2129/5263/2129 2103/5145/2103
f 2170/4836/2170 2072/5229/2072 2089/5044/2089
vt 0.557163 0.922283
vt 0.560378 0.925495
f 2113/5264/2113 2056/5055/2056 2130/5265/2130
vt 0.630313 0.773108
vt 0.627808 0.774034
f 2123/5266/2123 2071/5234/2071 2197/5267/2197
vt 0.557306 0.925904
f 2113/5264/2113 2130/5265/2130 2172/5268/2172
vt 0.481208 0.924696
f 2090/5269/2090 2055/5038/2055 2146/5248/2146
vt 0.487956 0.921109
f 2146/5248/2146 2113/5089/2113 2172/5270/2172
vt 0.538566 0.369254
vt 0.538496 0.367468
vt 0.541682 0.366040
f 2070/5271/2070 2064/5272/2064 2169/5273/2169
f 1843/4276/1843 2100/4118/2100 2547/5057/2547
vt 0.449105 0.944735
f 2102/5144/2102 2076/5167/2076 2145/5274/2145
vt 0.717325 0.678435
vt 0.721947 0.678905
f 2078/5275/2078 2096/5088/2096 2084/5276/2084
vt 0.943796 0.461069
f 2017/5030/2017 2279/5199/2279 2136/5277/2136
vt 0.714140 0.675809
f 2230/5278/2230 2122/5127/2122 2086/5100/2086
f 2023/5133/2023 2142/5231/2142 2141/5177/2141
vt 0.912196 0.591900
vt 0.911467 0.593231
f 2139/5279/2139 2088/5280/2088 2118/5232/2118
vt 0.870038 0.768757
vt 0.865757 0.771532
f 2109/5281/2109 2140/5282/2140 2042/4990/2042
vt 0.143002 0.450117
vt 0.146254 0.447472
vt 0.147688 0.450697
f 2152/5283/2152 2191/5284/2191 2112/5285/2112
vt 0.026197 0.228979
f 2191/5241/2191 2144/5286/2144 2125/5076/2125
vt 0.791178 0.172198
f 2144/5244/2144 2126/5287/2126 2057/5242/2057
vt 0.919027 0.580690
f 2105/5233/2105 2099/4976/2099 2127/5288/2127
vt 0.918874 0.583587
f 2127/5289/2127 2099/4976/2099 2095/5039/2095
vt 0.790827 0.169407
f 2057/5242/2057 2126/5287/2126 2169/5290/2169
vt 0.727815 0.675755
f 2120/4996/2120 2096/5088/2096 2174/5291/2174
vt 0.911036 0.589770
vt 0.906935 0.590085
f 2139/5292/2139 2118/5232/2118 2166/5293/2166
vt 0.541758 0.371149
vt 0.545082 0.368296
f 2195/5294/2195 2070/5271/2070 2214/5295/2214
vt 0.628171 0.781336
f 2175/5235/2175 2085/4973/2085 2247/5296/2247
vt 0.913726 0.588563
f 2139/5297/2139 2095/5039/2095 2108/5125/2108
vt 0.715773 0.675821
f 2078/5275/2078 2122/5127/2122 2230/5298/2230
vt 0.946334 0.787340
f 2077/5066/2077 2147/5299/2147 2032/5024/2032
vt 0.329989 0.747320
vt 0.336567 0.744212
f 2081/5108/2081 2264/5300/2264 2227/5301/2227
vt 0.329950 0.751445
f 2264/5300/2264 2081/5108/2081 2102/5302/2102
vt 0.119361 0.929228
vt 0.111840 0.923870
f 2038/4501/2038 2527/5303/2527 2473/5304/2473
f 1957/4500/1957 2527/5303/2527 2038/4501/2038
vt 0.931175 0.448417
f 2279/5199/2279 2067/4924/2067 2154/5305/2154
f 2131/5111/2131 2081/5108/2081 2227/5301/2227
vt 0.063232 0.636643
vt 0.055532 0.635667
f 2044/4669/2044 2017/5306/2017 2136/5307/2136
vt 0.747425 0.906915
f 2022/4983/2022 2114/4925/2114 2434/5308/2434
vt 0.906556 0.611084
f 2186/5011/2186 1979/4881/1979 2137/5309/2137
vt 0.733565 0.675894
f 2134/4995/2134 2120/4996/2120 2188/5310/2188
vt 0.935655 0.788193
f 2068/5118/2068 2046/4884/2046 2157/5311/2157
vt 0.177073 0.538732
vt 0.184732 0.540186
f 2231/5312/2231 2132/5313/2132 2094/5219/2094
f 2094/5219/2094 2155/5218/2155 2231/5312/2231
vt 0.762575 0.681294
vt 0.756950 0.684391
vt 0.754426 0.675444
f 2206/5314/2206 2069/5315/2069 2288/5316/2288
vt 0.727272 0.924973
f 2093/4820/2093 2285/4988/2285 2184/5317/2184
vt 0.089016 0.855695
f 2248/5318/2248 2006/4834/2006 2303/5214/2303
vt 0.761597 0.906673
f 2434/5308/2434 2116/5319/2116 2022/4983/2022
vt 0.881817 0.777327
f 2151/5123/2151 2148/4931/2148 2185/5320/2185
vt 0.179450 0.261653
f 2178/5255/2178 2133/5321/2133 2020/5253/2020
vt 0.872462 0.769589
f 1922/4746/1922 2151/5123/2151 2109/5322/2109
vt 0.596192 0.905742
f 2117/5122/2117 2133/5124/2133 2160/5323/2160
vt 0.707342 0.674044
f 2163/5324/2163 2086/5100/2086 2106/5195/2106
f 2169/5273/2169 2214/5295/2214 2070/5271/2070
vt 0.569245 0.923627
f 2299/5325/2299 2056/5055/2056 2232/4958/2232
vt 0.150539 0.507853
vt 0.154689 0.510083
vt 0.152398 0.509916
f 2200/5326/2200 2095/5327/2095 2139/5328/2139
vt 0.619001 0.764093
f 2176/5329/2176 2129/5263/2129 2111/5245/2111
vt 0.720114 0.674432
f 2096/5088/2096 2078/5275/2078 2193/5330/2193
vt 0.345983 0.740200
vt 0.340605 0.742116
f 2106/5331/2106 2131/5111/2131 2238/5332/2238
vt 0.627439 0.775532
f 2175/5235/2175 2197/5333/2197 2071/5234/2071
vt 0.915390 0.517473
vt 0.917181 0.515447
vt 0.917001 0.518810
f 2448/5334/2448 1949/5335/1949 2098/5336/2098
vt 0.099080 0.329817
f 2141/5177/2141 2145/5337/2145 2076/5131/2076
vt 0.956213 0.795190
f 2215/5338/2215 2077/5066/2077 2119/5222/2119
vt 0.734232 0.345744
f 2107/5236/2107 2152/5339/2152 2112/5224/2112
f 1978/4923/1978 2303/5214/2303 2006/4834/2006
vt 0.623489 0.773412
vt 0.619742 0.770414
vt 0.625654 0.769932
f 2197/5340/2197 2167/5341/2167 2123/5342/2123
f 2111/5245/2111 2123/5342/2123 2167/5341/2167
vt 0.887491 0.148597
vt 0.890579 0.148658
vt 0.887337 0.150073
f 2356/5343/2356 2006/5344/2006 2150/5345/2150
vt 0.729714 0.675647
f 2188/5310/2188 2120/4996/2120 2174/5346/2174
vt 0.490244 0.966780
f 2171/4065/2171 1411/3388/1411 2579/5347/2579
vt 0.479108 0.934486
vt 0.479971 0.929406
f 2228/5348/2228 2061/5101/2061 2121/5349/2121
vt 0.154083 0.505020
f 2095/5327/2095 2200/5326/2200 2245/5350/2245
vt 0.157814 0.506322
vt 0.161644 0.509167
f 2095/5327/2095 2187/5351/2187 2127/5352/2127
vt 0.094121 0.854504
f 2248/5318/2248 2150/5353/2150 2006/4834/2006
vt 0.921296 0.575104
f 2105/5233/2105 2168/5354/2168 2107/5223/2107
f 2130/5265/2130 2056/5055/2056 2299/5325/2299
vt 0.963047 0.152032
vt 0.962155 0.149632
vt 0.966207 0.151398
f 2311/5355/2311 2317/5356/2317 1878/5357/1878
vt 0.946138 0.454068
f 2136/5277/2136 2279/5199/2279 2352/5358/2352
f 2183/5213/2183 2093/4820/2093 2184/5317/2184
f 2288/5316/2288 2069/5315/2069 2181/5261/2181
vt 0.944449 0.791418
f 2157/5311/2157 2147/5299/2147 2153/5359/2153
vt 0.761413 0.901465
f 2180/5360/2180 2116/5319/2116 2434/5308/2434
vt 0.944400 0.175783
vt 0.946252 0.173613
vt 0.947261 0.175674
f 2230/5361/2230 2193/5362/2193 2078/5363/2078
vt 0.712931 0.675271
f 2163/5324/2163 2230/5364/2230 2086/5100/2086
vt 0.784251 0.885233
f 2016/4927/2016 2156/4813/2156 2235/5365/2235
f 2092/4783/2092 2158/5028/2158 2161/5094/2161
vt 0.735410 0.914366
f 2114/4925/2114 2183/5217/2183 2182/5366/2182
vt 0.627062 0.568514
f 2128/5367/2128 2083/4954/2083 2161/5094/2161
f 2160/5323/2160 2162/5045/2162 2117/5122/2117
f 2185/5320/2185 2148/4931/2148 2314/5119/2314
vt 0.899852 0.608518
f 2186/5011/2186 2137/5309/2137 2254/5368/2254
vt 0.897453 0.605257
f 2234/5369/2234 2138/5169/2138 2186/5011/2186
vt 0.857930 0.771419
f 2140/5282/2140 2082/5370/2082 2042/4990/2042
vt 0.916527 0.573321
f 2225/5371/2225 2168/5354/2168 2105/5233/2105
vt 0.962092 0.793964
f 2215/5338/2215 2119/5222/2119 2129/5372/2129
f 2187/5351/2187 2095/5327/2095 2245/5350/2245
vt 0.630452 0.784623
f 2195/5247/2195 2201/5373/2201 2085/4973/2085
vt 0.909950 0.588296
f 2166/5293/2166 2200/5374/2200 2139/5292/2139
f 2201/5373/2201 2247/5296/2247 2085/4973/2085
vt 0.736332 0.341440
f 2107/5236/2107 2168/5375/2168 2152/5339/2152
vt 0.151077 0.445544
vt 0.146538 0.443945
f 2144/5376/2144 2191/5284/2191 2192/5377/2192
vt 0.150915 0.441123
f 2192/5377/2192 2126/5378/2126 2144/5184/2144
f 2268/5104/2268 2061/5101/2061 2228/5348/2228
vt 0.150716 0.435453
f 2246/5379/2246 2169/5194/2169 2126/5378/2126
vt 0.113453 0.858968
f 2490/5180/2490 2267/5380/2267 2170/4836/2170
vt 0.877210 0.200083
vt 0.878323 0.197717
vt 0.884511 0.198656
f 2194/5381/2194 2163/5382/2163 2106/5383/2106
vt 0.078391 0.874344
vt 0.083612 0.866620
f 2164/4900/2164 2470/5384/2470 2241/5385/2241
vt 0.901984 0.595976
f 2118/5232/2118 2138/5169/2138 2189/5386/2189
vt 0.084148 0.858431
f 2248/5318/2248 2303/5214/2303 2244/5387/2244
vt 0.448256 0.947257
f 2102/5144/2102 2145/5274/2145 2221/5388/2221
vt 0.155399 0.434807
f 2246/5379/2246 2211/5389/2211 2169/5194/2169
vt 0.863623 0.776353
f 2082/5370/2082 2140/5282/2140 2418/5390/2418
vt 0.723272 0.673848
f 2174/5291/2174 2096/5088/2096 2220/5391/2220
vt 0.463096 0.939832
vt 0.465757 0.944484
f 2143/5392/2143 2268/5104/2268 2252/5393/2252
vt 0.111168 0.317606
vt 0.116756 0.318630
f 2143/5394/2143 2252/5395/2252 2142/5231/2142
vt 0.961261 0.796187
f 2242/5396/2242 2215/5338/2215 2129/5372/2129
vt 0.981765 0.800425
vt 0.978816 0.799170
vt 0.983257 0.800315
f 2222/5397/2222 2197/5398/2197 2175/5399/2175
vt 0.897606 0.598554
vt 0.898196 0.596289
f 2239/5400/2239 2189/5401/2189 2138/5169/2138
vt 0.947968 0.795655
f 2369/5402/2369 2077/5066/2077 2215/5338/2215
f 2077/5066/2077 2369/5402/2369 2147/5299/2147
vt 0.138837 0.508017
vt 0.132469 0.506428
vt 0.137447 0.503104
f 2118/5403/2118 2189/5404/2189 2173/5405/2173
f 2153/5359/2153 2147/5299/2147 2369/5402/2369
vt 0.546036 0.365861
f 2169/5273/2169 2211/5406/2211 2214/5295/2214
vt 0.739682 0.343153
f 2152/5339/2152 2168/5375/2168 2199/5407/2199
vt 0.422418 0.209229
vt 0.419306 0.207884
vt 0.422823 0.204068
f 2000/5408/2000 2276/5409/2276 2075/5410/2075
vt 0.141918 0.447836
f 2191/5284/2191 2152/5283/2152 2219/5411/2219
f 2303/5214/2303 2164/4900/2164 2241/5385/2241
vt 0.564466 0.926802
f 2299/5325/2299 2208/5412/2208 2130/5265/2130
vt 0.486833 0.929102
f 2146/5248/2146 2278/5413/2278 2090/5269/2090
vt 0.758253 0.305175
vt 0.761015 0.303816
vt 0.755947 0.308483
f 2262/5414/2262 2182/5415/2182 2183/5416/2183
vt 0.936633 0.348881
vt 0.935773 0.344670
vt 0.939121 0.347940
f 2194/5417/2194 2230/5418/2230 2163/5419/2163
vt 0.792872 0.873236
f 2204/5251/2204 2203/5420/2203 2154/5249/2154
vt 0.689640 0.952806
f 2155/5259/2155 2206/5258/2206 2231/5421/2231
vt 0.471113 0.399684
f 2180/5202/2180 2205/5422/2205 2179/5262/2179
f 2131/5111/2131 2227/5301/2227 2238/5332/2238
vt 0.787801 0.881278
vt 0.791646 0.878919
f 2235/5423/2235 2204/5424/2204 2016/4927/2016
vt 0.371002 0.592135
vt 0.369586 0.596955
vt 0.366289 0.593108
f 2181/5425/2181 2134/5426/2134 2229/5427/2229
vt 0.044612 0.631722
f 2165/5204/2165 2044/4669/2044 2315/5428/2315
vt 0.845258 0.770171
f 2133/5215/2133 2178/5136/2178 2159/5429/2159
vt 0.741952 0.673600
f 2188/5310/2188 2229/5430/2229 2134/4995/2134
f 2434/5308/2434 2114/4925/2114 2182/5366/2182
f 2239/5400/2239 2138/5169/2138 2234/5369/2234
f 2234/5369/2234 2186/5011/2186 2254/5368/2254
vt 0.397091 0.460078
vt 0.394823 0.460826
vt 0.394586 0.458722
f 2219/5431/2219 2152/5432/2152 2199/5433/2199
vt 0.887721 0.201998
f 2106/5383/2106 2238/5434/2238 2194/5381/2194
vt 0.091054 0.849347
f 2150/5353/2150 2248/5318/2248 2751/5435/2751
vt 0.726501 0.674002
f 2207/5436/2207 2174/5291/2174 2220/5391/2220
f 2096/5088/2096 2193/5330/2193 2220/5391/2220
vt 0.100297 0.906300
f 1803/4608/1803 2079/5437/2079 2450/5096/2450
vt 0.431817 0.451245
f 2792/5176/2792 2472/5438/2472 1954/3561/1954
vt 0.144140 0.443769
f 2191/5284/2191 2266/5439/2266 2192/5377/2192
vt 0.161009 0.506059
f 2187/5351/2187 2209/5440/2209 2127/5352/2127
vt 0.489010 0.919577
vt 0.494589 0.921184
f 2130/5441/2130 2253/5442/2253 2172/5270/2172
vt 0.915970 0.578106
f 2105/5233/2105 2127/5288/2127 2209/5443/2209
vt 0.587752 0.914771
f 2202/5050/2202 2162/5045/2162 2318/5444/2318
vt 0.864203 0.800176
f 1665/3896/1665 2674/5445/2674 2480/5173/2480
vt 0.321747 0.750758
vt 0.320530 0.755493
vt 0.314217 0.751699
f 2221/5446/2221 2141/5447/2141 2292/5448/2292
vt 0.130067 0.502391
f 2173/5405/2173 2189/5404/2189 2198/5449/2198
vt 0.144757 0.501136
f 2173/5405/2173 2308/5450/2308 2118/5403/2118
vt 0.143929 0.506942
f 2166/5451/2166 2118/5403/2118 2308/5450/2308
vt 0.914086 0.786893
f 2135/5252/2135 2350/5452/2350 1991/4883/1991
vt 0.492363 0.927411
f 2146/5248/2146 2172/5270/2172 2274/5453/2274
vt 0.353198 0.498549
f 2090/5189/2090 2278/5454/2278 2121/5190/2121
vt 0.198942 0.288329
vt 0.202266 0.286470
vt 0.200468 0.289482
f 2129/5455/2129 2176/5456/2176 2242/5457/2242
vt 0.894534 0.595230
f 2189/5401/2189 2239/5400/2239 2198/5458/2198
vt 0.151139 0.502604
vt 0.148288 0.505619
f 2308/5450/2308 2213/5459/2213 2200/5460/2200
f 2245/5350/2245 2200/5460/2200 2213/5459/2213
vt 0.175900 0.506789
vt 0.182894 0.506159
vt 0.178368 0.509806
f 2219/5461/2219 2266/5462/2266 2191/5463/2191
vt 0.730118 0.674223
f 2174/5346/2174 2207/5464/2207 2188/5310/2188
vt 0.141265 0.939022
f 2332/5465/2332 2005/4890/2005 2075/4397/2075
vt 0.931546 0.339849
vt 0.934839 0.341802
f 2220/5466/2220 2193/5467/2193 2230/5418/2230
vt 0.914977 0.577384
f 2105/5233/2105 2209/5468/2209 2225/5371/2225
vt 0.617069 0.766463
f 2111/5245/2111 2224/5469/2224 2176/5329/2176
f 2200/5460/2200 2166/5451/2166 2308/5450/2308
vt 0.451425 0.945917
vt 0.451671 0.948343
f 2145/5274/2145 2141/5470/2141 2221/5471/2221
vt 0.665110 0.925488
f 2748/5205/2748 1767/5472/1767 1895/4781/1895
vt 0.622374 0.777268
f 2175/5235/2175 2247/5296/2247 2222/5473/2222
vt 0.936886 0.447738
f 2233/5474/2233 2279/5199/2279 2154/5305/2154
f 2350/5452/2350 2284/5193/2284 1991/4883/1991
vt 0.598112 0.910278
f 2162/5045/2162 2160/5323/2160 2287/5475/2287
vt 0.048551 0.634609
f 2315/5428/2315 2044/4669/2044 2136/5476/2136
vt 0.902137 0.414449
vt 0.898034 0.411244
vt 0.899754 0.409793
f 2157/5477/2157 2313/5478/2313 2068/5479/2068
vt 0.927057 0.790183
f 2135/5252/2135 2068/5118/2068 2313/5480/2313
vt 0.758772 0.894614
vt 0.755213 0.898723
f 2325/5481/2325 2180/5360/2180 2293/5482/2293
f 2109/5322/2109 2151/5123/2151 2418/5390/2418
f 2140/5282/2140 2109/5322/2109 2418/5390/2418
vt 0.473900 0.403314
f 2180/5202/2180 2325/5483/2325 2205/5422/2205
f 2221/5446/2221 2264/5300/2264 2102/5302/2102
vt 0.691068 0.945337
f 2259/4885/2259 2132/5257/2132 2280/5484/2280
vt 0.099934 0.933049
vt 0.104476 0.934090
vt 0.099663 0.936455
f 2249/5485/2249 2294/5486/2294 2392/5487/2392
vt 0.183805 0.536628
vt 0.188492 0.535085
f 2231/5488/2231 2280/5489/2280 2132/5313/2132
vt 0.557946 0.301512
vt 0.553241 0.301746
vt 0.556897 0.300370
f 2238/5490/2238 2227/5491/2227 2237/5492/2237
f 2332/5465/2332 1982/4908/1982 2005/4890/2005
f 2224/5469/2224 2111/5245/2111 2167/5341/2167
vt 0.739134 0.338709
f 2168/5375/2168 2225/5493/2225 2199/5407/2199
vt 0.544910 0.362274
vt 0.548505 0.362170
f 2211/5406/2211 2246/5494/2246 2271/5495/2271
vt 0.847152 0.176033
vt 0.849520 0.173338
vt 0.848447 0.175640
f 2356/5496/2356 2149/5497/2149 2006/5498/2006
vt 0.845576 0.172731
f 2588/5499/2588 2149/5497/2149 2356/5496/2356
f 2540/5250/2540 2098/5097/2098 2124/4374/2124
vt 0.530888 0.469059
vt 0.529119 0.471760
vt 0.526176 0.468844
f 2247/5500/2247 2201/5501/2201 2255/5502/2255
vt 0.109103 0.929039
f 2435/5503/2435 2294/5486/2294 2249/5485/2249
vt 0.560024 0.929054
vt 0.561660 0.927816
f 2253/5504/2253 2130/5265/2130 2208/5505/2208
vt 0.649820 0.219000
vt 0.648452 0.215441
vt 0.650982 0.216921
f 2043/5506/2043 2025/5507/2025 2718/5508/2718
vt 0.093547 0.936509
f 2392/5487/2392 2485/5509/2485 2249/5485/2249
vt 0.161554 0.500300
vt 0.162199 0.502697
f 2277/5510/2277 2209/5511/2209 2187/5351/2187
vt 0.548612 0.367724
f 2214/5295/2214 2211/5406/2211 2240/5512/2240
vt 0.543664 0.267418
vt 0.541886 0.270244
vt 0.541625 0.266146
f 2201/5513/2201 2195/5514/2195 2255/5515/2255
vt 0.155572 0.498085
f 2187/5351/2187 2245/5350/2245 2327/5516/2327
vt 0.178957 0.504033
f 2219/5461/2219 2270/5517/2270 2266/5462/2266
vt 0.539031 0.267461
vt 0.539438 0.270937
f 2251/5518/2251 2195/5514/2195 2214/5519/2214
vt 0.146545 0.443632
vt 0.145967 0.438331
f 2192/5520/2192 2257/5521/2257 2126/5378/2126
vt 0.313782 0.758796
f 2141/5447/2141 2142/5522/2142 2292/5448/2292
vt 0.145905 0.438261
f 2246/5379/2246 2126/5378/2126 2257/5523/2257
vt 0.491606 0.931122
f 2146/5248/2146 2243/5524/2243 2278/5413/2278
vt 0.114202 0.321924
f 2142/5231/2142 2252/5395/2252 2226/5525/2226
f 2274/5453/2274 2243/5524/2243 2146/5248/2146
f 2434/5308/2434 2293/5482/2293 2180/5360/2180
vt 0.486262 0.434981
vt 0.483487 0.436841
f 2233/5526/2233 2154/5192/2154 2203/5527/2203
vt 0.207601 0.446895
vt 0.204416 0.441778
vt 0.208478 0.440172
f 2235/5528/2235 2328/5529/2328 2204/5530/2204
vt 0.592138 0.916494
f 2319/5531/2319 2162/5045/2162 2287/5475/2287
f 2318/5444/2318 2162/5045/2162 2319/5531/2319
vt 0.423189 0.211163
vt 0.419492 0.212649
f 2190/5532/2190 2302/5533/2302 2000/5408/2000
vt 0.207593 0.452133
vt 0.212157 0.454032
f 2283/5534/2283 2235/5528/2235 2156/5535/2156
vt 0.770604 0.887789
vt 0.771507 0.881536
f 2236/5536/2236 2283/5537/2283 2156/4813/2156
f 2156/4813/2156 2177/4985/2177 2236/5536/2236
vt 0.767073 0.897476
f 2179/5538/2179 2236/5536/2236 2177/4985/2177
vt 0.732871 0.917142
f 2183/5213/2183 2184/5317/2184 2262/5539/2262
vt 0.083460 0.489201
vt 0.081188 0.475630
vt 0.085641 0.478445
f 2260/5540/2260 2178/5541/2178 2082/5542/2082
vt 0.918401 0.809599
f 2058/4795/2058 2217/4794/2217 2596/5543/2596
vt 0.077673 0.484996
f 2159/5544/2159 2178/5541/2178 2260/5540/2260
vt 0.615480 0.560592
f 2161/5094/2161 2158/5028/2158 2368/5545/2368
f 2272/5155/2272 2058/4795/2058 2596/5543/2596
vt 0.631195 0.577876
f 2083/4954/2083 2128/5367/2128 2254/5546/2254
vt 0.276523 0.745247
vt 0.282957 0.744858
f 2281/5547/2281 1918/4197/1918 2838/5548/2838
f 2137/5239/2137 2083/4954/2083 2254/5546/2254
vt 0.837804 0.768125
f 2287/5549/2287 2133/5215/2133 2159/5429/2159
vt 0.838895 0.765403
f 2160/5550/2160 2133/5215/2133 2287/5549/2287
vt 0.471326 0.394976
vt 0.468199 0.392592
f 2179/5551/2179 2205/5422/2205 2236/5552/2236
vt 0.682567 0.947151
f 2206/5258/2206 2389/5553/2389 2231/5421/2231
vt 0.895365 0.808089
f 2882/5554/2882 2935/5178/2935 1491/3580/1491
vt 0.316454 0.747626
f 2221/5446/2221 2426/5555/2426 2264/5300/2264
vt 0.802575 0.616363
vt 0.793079 0.615556
vt 0.795958 0.608231
f 2194/5556/2194 2238/5557/2238 2282/5558/2282
f 2738/4793/2738 2405/4797/2405 1228/2912/1228
vt 0.554098 0.298251
f 2227/5491/2227 2269/5559/2269 2237/5492/2237
vt 0.618370 0.773405
f 2167/5341/2167 2197/5340/2197 2300/5560/2300
vt 0.597226 0.417604
vt 0.593883 0.413845
f 2902/5561/2902 2400/5562/2400 1924/3912/1924
vt 0.906519 0.811419
f 2048/5563/2048 2217/4794/2217 1619/4796/1619
vt 0.584580 0.086004
vt 0.584271 0.083499
vt 0.587335 0.083030
f 2167/5564/2167 2250/5565/2250 2224/5566/2224
vt 0.537128 0.270840
f 2214/5519/2214 2240/5567/2240 2251/5518/2251
f 2213/5459/2213 2327/5516/2327 2245/5350/2245
vt 0.600265 0.415054
f 1767/5568/1767 2902/5561/2902 1924/3912/1924
vt 0.586687 0.082011
f 2258/5569/2258 2224/5566/2224 2250/5565/2250
f 2222/5473/2222 2300/5560/2300 2197/5340/2197
vt 0.205357 0.287117
vt 0.207110 0.289821
f 2224/5570/2224 2258/5571/2258 2176/5456/2176
vt 0.131845 0.496081
f 2198/5449/2198 2273/5572/2273 2173/5405/2173
f 2255/5515/2255 2195/5514/2195 2251/5518/2251
f 2187/5351/2187 2327/5516/2327 2277/5510/2277
vt 0.803652 0.587256
vt 0.795865 0.590085
vt 0.796150 0.585818
f 2223/5573/2223 2407/5574/2407 1789/5575/1789
vt 0.957951 0.800491
f 2337/5576/2337 2215/5338/2215 2242/5396/2242
vt 0.622730 0.563724
f 2128/5367/2128 2161/5094/2161 2388/5577/2388
vt 0.493624 0.923921
f 2274/5453/2274 2172/5270/2172 2310/5578/2310
vt 0.910658 0.574461
f 2225/5371/2225 2209/5468/2209 2277/5579/2277
vt 0.397947 0.456517
vt 0.397450 0.458453
vt 0.394869 0.456287
f 2270/5580/2270 2219/5581/2219 2199/5582/2199
f 2310/5578/2310 2172/5270/2172 2253/5442/2253
vt 0.309144 0.726607
f 2407/4819/2407 2911/5583/2911 1636/3890/1636
vt 0.743192 0.341416
f 2225/5493/2225 2256/5584/2256 2199/5407/2199
vt 0.914051 0.571407
f 2277/5579/2277 2298/5585/2298 2225/5371/2225
vt 0.184730 0.507888
vt 0.187497 0.505321
f 2192/5586/2192 2266/5462/2266 2257/5587/2257
vt 0.392740 0.453804
vt 0.390273 0.453724
vt 0.391166 0.451905
f 2256/5588/2256 2225/5589/2225 2298/5590/2298
f 2240/5512/2240 2211/5406/2211 2271/5495/2271
vt 0.309605 0.758388
f 2292/5448/2292 2142/5522/2142 2226/5591/2226
vt 0.118864 0.860146
f 2518/5592/2518 2072/5229/2072 2267/5380/2267
vt 0.581172 0.086721
f 2300/5593/2300 2250/5565/2250 2167/5564/2167
vt 0.926048 0.339316
vt 0.928271 0.337857
f 2220/5466/2220 2429/5594/2429 2207/5595/2207
vt 0.331152 0.740583
f 2264/5300/2264 2269/5596/2269 2227/5301/2227
vt 0.100598 0.509539
vt 0.099277 0.501408
vt 0.105389 0.510874
f 1783/5597/1783 2737/5598/2737 2216/5599/2216
vt 0.206828 0.291643
f 2258/5571/2258 2394/5600/2394 2176/5456/2176
f 2242/5457/2242 2176/5456/2176 2394/5600/2394
vt 0.951155 0.795012
vt 0.949655 0.799363
f 2369/5402/2369 2215/5601/2215 2411/5602/2411
vt 0.808730 0.377272
vt 0.805417 0.375348
f 2490/5183/2490 2444/5603/2444 2267/5604/2267
vt 0.526818 0.466475
vt 0.532922 0.464714
f 2320/5605/2320 2222/5606/2222 2247/5500/2247
f 2173/5405/2173 2273/5572/2273 2308/5450/2308
vt 0.633916 0.158093
vt 0.636681 0.157506
vt 0.634594 0.159298
f 2296/5607/2296 2222/5608/2222 2320/5609/2320
vt 0.883345 0.805950
f 2840/5137/2840 2053/2606/2053 2481/5610/2481
f 2320/5605/2320 2247/5500/2247 2255/5502/2255
vt 0.806305 0.370560
f 2149/5182/2149 2307/5611/2307 2490/5183/2490
vt 0.353819 0.492642
f 2322/5612/2322 2121/5190/2121 2278/5454/2278
vt 0.141256 0.944319
vt 0.130783 0.941061
f 2492/5613/2492 2461/5614/2461 2332/5465/2332
vt 0.587726 0.919519
f 2202/5050/2202 2318/5444/2318 2345/5615/2345
vt 0.499383 0.928487
f 2274/5453/2274 2310/5578/2310 2401/5616/2401
vt 0.142568 0.435493
f 2295/5617/2295 2246/5379/2246 2257/5523/2257
vt 0.026778 0.613646
vt 0.036261 0.613354
vt 0.035721 0.618246
f 2388/5618/2388 2161/5619/2161 2368/5620/2368
vt 0.199849 0.438728
f 2261/5621/2261 2204/5530/2204 2328/5529/2328
vt 0.885832 0.595038
f 2364/5622/2364 2239/5400/2239 2234/5369/2234
vt 0.731300 0.673375
vt 0.733601 0.672690
f 2207/5623/2207 2286/5624/2286 2188/5310/2188
f 2198/5458/2198 2239/5400/2239 2364/5622/2364
vt 0.819342 0.526217
vt 0.817736 0.530042
vt 0.811763 0.527605
f 2229/5625/2229 2188/5626/2188 2286/5627/2286
vt 0.938677 0.793333
f 2153/5359/2153 2263/5628/2263 2157/5311/2157
vt 0.204847 0.434923
f 2203/5629/2203 2204/5530/2204 2261/5621/2261
vt 0.202611 0.447319
f 2283/5534/2283 2301/5630/2301 2235/5528/2235
vt 0.932919 0.348952
f 2316/5631/2316 2230/5418/2230 2194/5417/2194
vt 0.806211 0.610602
f 2194/5556/2194 2282/5558/2282 2316/5632/2316
vt 0.089301 0.884511
f 2164/4900/2164 1949/4696/1949 2448/5633/2448
vt 0.581557 0.926395
f 2232/4958/2232 2202/5050/2202 2366/5634/2366
vt 0.762334 0.672841
f 2288/5316/2288 2362/5635/2362 2206/5314/2206
f 2231/5421/2231 2389/5553/2389 2280/5484/2280
vt 0.368360 0.588135
vt 0.363520 0.590130
f 2288/5636/2288 2181/5425/2181 2367/5637/2367
vt 0.680196 0.955079
f 2362/5638/2362 2389/5553/2389 2206/5258/2206
f 2181/5425/2181 2229/5427/2229 2367/5637/2367
vt 0.618841 0.775555
f 2222/5473/2222 2290/5639/2290 2300/5560/2300
f 2213/5459/2213 2308/5450/2308 2327/5516/2327
vt 0.535213 0.268047
f 2251/5518/2251 2240/5567/2240 2275/5640/2275
vt 0.182203 0.500981
f 2266/5462/2266 2270/5517/2270 2309/5641/2309
vt 0.552863 0.365588
f 2240/5512/2240 2271/5495/2271 2275/5642/2275
vt 0.165659 0.499154
vt 0.165248 0.496796
vt 0.167654 0.499372
f 2277/5643/2277 2265/5644/2265 2298/5645/2298
vt 0.203808 0.293484
f 2242/5457/2242 2394/5600/2394 2337/5646/2337
vt 0.076381 0.851289
vt 0.082879 0.851617
f 2334/5647/2334 2321/5648/2321 2244/5387/2244
f 2244/5387/2244 2321/5648/2321 2248/5318/2248
vt 0.530630 0.464775
vt 0.531379 0.462101
f 2296/5649/2296 2290/5650/2290 2222/5606/2222
vt 0.144475 0.431563
vt 0.149543 0.433403
f 2246/5379/2246 2342/5651/2342 2271/5652/2271
vt 0.396460 0.453509
f 2270/5580/2270 2199/5582/2199 2256/5653/2256
vt 0.138923 0.491227
f 2273/5572/2273 2326/5654/2326 2308/5450/2308
vt 0.677139 0.920689
f 1614/3834/1614 2542/5655/2542 1593/3512/1593
vt 0.561156 0.931340
vt 0.564863 0.936928
f 2253/5656/2253 2208/5412/2208 2353/5657/2353
vt 0.570061 0.929925
f 2208/5412/2208 2299/5325/2299 2338/5658/2338
vt 0.784543 0.878522
vt 0.779097 0.879075
vt 0.783298 0.876229
f 2235/5659/2235 2301/5660/2301 2328/5661/2328
vt 0.307799 0.759841
vt 0.303491 0.759204
f 2252/5662/2252 2305/5663/2305 2226/5591/2226
vt 0.930880 0.816953
f 2190/5156/2190 2272/5155/2272 2302/5664/2302
vt 0.639046 0.454320
vt 0.641643 0.457573
vt 0.638908 0.463166
f 2678/5665/2678 2249/5666/2249 2485/5667/2485
vt 0.616708 0.773050
vt 0.616110 0.770281
f 2330/5668/2330 2250/5669/2250 2300/5560/2300
f 2321/5648/2321 2751/5435/2751 2248/5318/2248
vt 0.534611 0.457897
vt 0.531923 0.453732
vt 0.539355 0.456684
f 2330/5670/2330 2329/5671/2329 2250/5672/2250
vt 0.536662 0.453261
f 2304/5673/2304 2250/5672/2250 2329/5671/2329
vt 0.679617 0.914427
vt 0.682461 0.916470
f 1614/3834/1614 2097/5674/2097 2842/5675/2842
vt 0.772054 0.378693
vt 0.772123 0.381561
f 2097/5676/2097 2547/5057/2547 2842/5677/2842
f 2353/5657/2353 2208/5412/2208 2338/5658/2338
vt 0.188313 0.502600
f 2295/5678/2295 2257/5587/2257 2266/5462/2266
vt 0.486348 0.937276
f 2121/5349/2121 2322/5679/2322 2228/5348/2228
vt 0.418186 0.211473
f 2492/5680/2492 2000/5408/2000 2302/5533/2302
f 2295/5617/2295 2342/5651/2342 2246/5379/2246
vt 0.085951 0.847733
f 2751/5435/2751 2321/5648/2321 2483/5681/2483
f 2000/5408/2000 2492/5680/2492 2276/5409/2276
vt 0.890325 0.589930
f 2273/5682/2273 2198/5458/2198 2364/5622/2364
vt 0.813215 0.532907
vt 0.802744 0.532156
f 2286/5627/2286 2207/5683/2207 2429/5684/2429
vt 0.720992 0.920325
f 2262/5539/2262 2184/5317/2184 2340/5685/2340
vt 0.433723 0.445237
f 2472/4721/2472 2674/5686/2674 1665/4297/1665
vt 0.590945 0.380542
vt 0.584123 0.379811
vt 0.588510 0.376555
f 2259/5687/2259 2280/5688/2280 2433/5689/2433
vt 0.539655 0.453809
f 2258/5690/2258 2250/5672/2250 2304/5673/2304
vt 0.881061 0.785107
f 2151/5123/2151 2185/5320/2185 2420/5691/2420
vt 0.805199 0.535290
vt 0.804459 0.539292
f 2220/5692/2220 2230/5693/2230 2429/5684/2429
f 2151/5123/2151 2420/5691/2420 2418/5390/2418
vt 0.897241 0.420312
vt 0.892148 0.414265
f 2157/5477/2157 2263/5694/2263 2360/5695/2360
vt 0.791125 0.611505
f 2238/5557/2238 2237/5696/2237 2282/5558/2282
f 2299/5325/2299 2232/4958/2232 2366/5634/2366
f 2157/5477/2157 2360/5695/2360 2313/5478/2313
vt 0.602330 0.909511
vt 0.605497 0.913666
f 2159/5697/2159 2494/5698/2494 2287/5475/2287
vt 0.537515 0.265994
f 2289/5699/2289 2251/5518/2251 2275/5640/2275
vt 0.540568 0.265553
f 2255/5700/2255 2251/5518/2251 2289/5699/2289
vt 0.540729 0.261977
vt 0.538082 0.264172
f 2320/5701/2320 2255/5700/2255 2289/5702/2289
vt 0.393552 0.451635
vt 0.395476 0.449358
f 2298/5703/2298 2331/5704/2331 2256/5653/2256
vt 0.706119 0.898230
f 1972/4769/1972 2196/5705/2196 2110/5103/2110
vt 0.909990 0.792370
f 2284/5193/2284 2350/5452/2350 2413/5706/2413
f 2426/5555/2426 2221/5446/2221 2292/5448/2292
vt 0.077977 0.846998
f 2341/5707/2341 2321/5648/2321 2334/5647/2334
vt 0.177757 0.501619
vt 0.180308 0.501320
f 2256/5708/2256 2309/5709/2309 2270/5517/2270
vt 0.402284 0.453674
vt 0.400713 0.451086
f 2309/5710/2309 2256/5653/2256 2323/5711/2323
vt 0.089795 0.400565
vt 0.087139 0.399612
vt 0.091054 0.397498
f 2296/5712/2296 2320/5713/2320 2358/5714/2358
f 2244/5387/2244 2303/5214/2303 2241/5385/2241
vt 0.145504 0.941772
f 2276/5715/2276 2332/5465/2332 2075/4397/2075
vt 0.160909 0.495780
f 2327/5516/2327 2297/5716/2297 2277/5510/2277
vt 0.909492 0.570304
vt 0.906153 0.572030
f 2265/5717/2265 2277/5579/2277 2297/5718/2297
vt 0.534436 0.460104
vt 0.531569 0.459252
f 2300/5719/2300 2290/5650/2290 2335/5720/2335
vt 0.470808 0.949552
f 2252/5393/2252 2268/5104/2268 2305/5721/2305
vt 0.558736 0.933015
f 2310/5722/2310 2253/5656/2253 2353/5657/2353
vt 0.167933 0.496921
vt 0.166728 0.494397
f 2298/5723/2298 2265/5644/2265 2306/5724/2306
vt 0.356758 0.054064
vt 0.354479 0.053094
vt 0.356367 0.052034
f 2394/5725/2394 2258/5726/2258 2304/5727/2304
vt 0.961599 0.146781
vt 0.966238 0.147171
f 2317/5356/2317 2373/5728/2373 2025/5729/2025
vt 0.960164 0.459151
f 2351/5730/2351 2136/5277/2136 2352/5358/2352
vt 0.951819 0.798205
f 2411/5731/2411 2215/5338/2215 2337/5576/2337
f 2309/5641/2309 2295/5678/2295 2266/5462/2266
vt 0.074150 0.858005
f 2334/5647/2334 2244/5387/2244 2519/5732/2519
vt 0.554249 0.358468
f 2275/5642/2275 2271/5495/2271 2342/5733/2342
vt 0.154684 0.489021
f 2297/5716/2297 2327/5516/2327 2346/5734/2346
vt 0.480986 0.948315
f 2305/5721/2305 2268/5104/2268 2561/5735/2561
vt 0.907399 0.568744
f 2265/5717/2265 2297/5718/2297 2306/5736/2306
f 2228/5348/2228 2561/5735/2561 2268/5104/2268
vt 0.391669 0.448247
vt 0.391561 0.446306
f 2331/5704/2331 2298/5737/2298 2306/5738/2306
vt 0.093497 0.400283
f 2290/5739/2290 2296/5712/2296 2358/5714/2358
f 2330/5670/2330 2300/5719/2300 2335/5720/2335
vt 0.349091 0.500539
vt 0.344890 0.498567
f 2278/5454/2278 2243/5740/2243 2393/5741/2393
f 2322/5612/2322 2278/5454/2278 2393/5741/2393
vt 0.940549 0.797330
f 2153/5359/2153 2369/5402/2369 2263/5742/2263
f 2165/5204/2165 2368/5620/2368 2158/5206/2158
vt 0.716624 0.919254
f 2184/5317/2184 2285/4988/2285 2468/5743/2468
f 2468/5743/2468 2340/5685/2340 2184/5317/2184
vt 0.889174 0.787300
f 2314/5119/2314 2284/5193/2284 2312/5744/2312
vt 0.885703 0.419047
f 2360/5695/2360 2263/5694/2263 2708/5745/2708
vt 0.092735 0.490457
f 2082/5542/2082 2613/5746/2613 2260/5540/2260
vt 0.209950 0.409250
vt 0.206320 0.409057
vt 0.208240 0.405384
f 2182/5747/2182 2262/5748/2262 2379/5749/2379
vt 0.465101 0.395628
f 2236/5552/2236 2205/5422/2205 2378/5750/2378
vt 0.940619 0.448207
vt 0.945458 0.447579
f 2279/5199/2279 2233/5751/2233 2386/5752/2386
f 2345/5615/2345 2366/5634/2366 2202/5050/2202
vt 0.811675 0.521482
f 2286/5627/2286 2365/5753/2365 2229/5625/2229
vt 0.885243 0.585228
f 2324/5754/2324 2273/5682/2273 2364/5622/2364
vt 0.756589 0.664426
vt 0.760495 0.671576
f 2288/5316/2288 2576/5755/2576 2362/5756/2362
vt 0.094664 0.397409
f 2358/5714/2358 2343/5757/2343 2290/5739/2290
f 2170/4836/2170 2267/5380/2267 2072/5229/2072
vt 0.526169 0.460868
vt 0.529517 0.460150
vt 0.528908 0.462871
f 2343/5758/2343 2335/5759/2335 2290/5760/2290
vt 0.905325 0.570212
f 2344/5761/2344 2306/5736/2306 2297/5718/2297
vt 0.131983 0.489215
f 2326/5654/2326 2273/5572/2273 2324/5762/2324
vt 0.186232 0.498271
f 2309/5641/2309 2374/5763/2374 2295/5678/2295
f 2326/5654/2326 2327/5516/2327 2308/5450/2308
vt 0.300822 0.754028
f 2226/5591/2226 2305/5663/2305 2382/5764/2382
vt 0.081156 0.397479
vt 0.072511 0.396668
vt 0.076996 0.394535
f 2289/5765/2289 2275/5766/2275 2348/5767/2348
vt 0.140055 0.429684
f 2342/5651/2342 2295/5617/2295 2371/5768/2371
vt 0.397908 0.450615
f 2331/5769/2331 2323/5711/2323 2256/5653/2256
vt 0.485841 0.945841
f 2454/5770/2454 2228/5348/2228 2322/5679/2322
vt 0.496994 0.935615
f 2274/5453/2274 2393/5771/2393 2243/5524/2243
vt 0.846957 0.171050
f 2149/5497/2149 2588/5499/2588 2307/5772/2307
vt 0.551837 0.294466
vt 0.554897 0.292458
vt 0.553344 0.296404
f 2349/5773/2349 2363/5774/2363 2269/5775/2269
vt 0.326026 0.739302
f 2269/5596/2269 2264/5300/2264 2349/5776/2349
vt 0.954032 0.801107
f 2411/5731/2411 2337/5576/2337 2339/5777/2339
vt 0.162407 0.490923
f 2297/5716/2297 2346/5734/2346 2344/5778/2344
f 2461/5614/2461 1982/4908/1982 2332/5465/2332
vt 0.395306 0.444597
f 2306/5738/2306 2347/5779/2347 2331/5704/2331
vt 0.903069 0.567477
vt 0.905635 0.566450
f 2306/5736/2306 2344/5780/2344 2336/5781/2336
vt 0.392576 0.441408
f 2347/5779/2347 2306/5738/2306 2336/5782/2336
f 2226/5591/2226 2382/5764/2382 2292/5448/2292
f 2561/5735/2561 2228/5348/2228 2454/5770/2454
f 2299/5325/2299 2366/5634/2366 2338/5658/2338
vt 0.502815 0.935430
f 2354/5783/2354 2393/5771/2393 2274/5453/2274
vt 0.503896 0.931530
f 2354/5783/2354 2274/5453/2274 2455/5784/2455
vt 0.557050 0.938067
f 2401/5785/2401 2310/5722/2310 2353/5657/2353
vt 0.146319 0.485230
f 2327/5516/2327 2326/5654/2326 2384/5786/2384
f 2384/5786/2384 2346/5734/2346 2327/5516/2327
vt 0.535609 0.260586
f 2320/5701/2320 2289/5702/2289 2398/5787/2398
vt 0.892806 0.793162
f 2413/5706/2413 2460/5788/2460 2284/5193/2284
vt 0.721388 0.920400
vt 0.726889 0.914191
f 2340/5789/2340 2379/5790/2379 2262/5539/2262
f 2312/5744/2312 2284/5193/2284 2460/5788/2460
vt 0.201127 0.432434
vt 0.197336 0.434110
f 2233/5791/2233 2203/5629/2203 2333/5792/2333
f 2261/5621/2261 2333/5792/2333 2203/5629/2203
vt 0.741233 0.899664
f 2293/5482/2293 2434/5308/2434 2497/5793/2497
vt 0.704410 0.928321
f 2468/5743/2468 2285/4988/2285 2432/5794/2432
vt 0.957882 0.464178
f 2315/5795/2315 2136/5277/2136 2351/5730/2351
vt 0.733329 0.903203
f 2434/5308/2434 2182/5366/2182 2467/5796/2467
f 2185/5320/2185 2314/5119/2314 2420/5691/2420
vt 0.365823 0.297803
vt 0.367156 0.295397
vt 0.374310 0.297763
f 2237/5797/2237 2269/5798/2269 2282/5799/2282
vt 0.700820 0.931341
f 2431/5800/2431 2285/4988/2285 2259/4885/2259
vt 0.921934 0.794156
f 2135/5252/2135 2313/5480/2313 2465/5801/2465
vt 0.685531 0.370678
vt 0.690173 0.371698
vt 0.686651 0.377353
f 2313/5802/2313 2360/5803/2360 2465/5804/2465
f 2135/5252/2135 2465/5801/2465 2350/5452/2350
vt 0.765927 0.882838
vt 0.771388 0.881427
f 2359/5805/2359 2283/5806/2283 2236/5536/2236
vt 0.465601 0.392503
f 2359/5807/2359 2236/5552/2236 2378/5750/2378
vt 0.360757 0.580162
f 2367/5637/2367 2576/5808/2576 2288/5636/2288
vt 0.843113 0.777354
vt 0.836606 0.774201
f 2260/5809/2260 2494/5810/2494 2159/5429/2159
vt 0.763547 0.893021
vt 0.762101 0.889039
f 2205/5811/2205 2325/5481/2325 2378/5812/2378
vt 0.850703 0.782724
f 2613/5813/2613 2082/5370/2082 2418/5390/2418
vt 0.489746 0.975409
f 2281/5814/2281 1411/3388/1411 1918/4791/1918
vt 0.746710 0.671592
vt 0.741974 0.669217
f 2367/5815/2367 2229/5430/2229 2365/5816/2365
vt 0.794879 0.538942
f 2316/5817/2316 2429/5684/2429 2230/5693/2230
vt 0.557930 0.363865
f 2342/5733/2342 2390/5818/2390 2275/5642/2275
vt 0.138375 0.434147
f 2374/5819/2374 2371/5768/2371 2295/5617/2295
vt 0.857279 0.541251
vt 0.854007 0.541676
vt 0.857117 0.538792
f 2348/5820/2348 2275/5821/2275 2390/5822/2390
vt 0.178837 0.495160
vt 0.174519 0.496747
vt 0.173497 0.491524
f 2323/5823/2323 2331/5824/2331 2347/5825/2347
vt 0.082210 0.394200
f 2348/5767/2348 2398/5826/2398 2289/5765/2289
vt 0.086418 0.397645
vt 0.084758 0.393892
f 2358/5714/2358 2320/5827/2320 2398/5828/2398
vt 0.105082 0.924672
f 2445/5829/2445 2435/5503/2435 2249/5485/2249
vt 0.131271 0.485805
f 2324/5762/2324 2357/5830/2357 2326/5654/2326
vt 0.784995 0.872043
vt 0.781693 0.871957
f 2261/5831/2261 2328/5661/2328 2370/5832/2370
vt 0.529224 0.458404
f 2343/5758/2343 2425/5833/2425 2335/5759/2335
f 2274/5453/2274 2401/5616/2401 2455/5784/2455
vt 0.099642 0.399667
vt 0.101902 0.397241
vt 0.101368 0.399543
f 2335/5834/2335 2425/5835/2425 2330/5836/2330
vt 0.505710 0.061087
vt 0.506180 0.062560
vt 0.504117 0.061260
f 2328/5837/2328 2301/5838/2301 2375/5839/2375
vt 0.591296 0.920241
vt 0.591288 0.918874
f 2345/5840/2345 2318/5841/2318 2319/5531/2319
vt 0.529079 0.456100
f 2329/5671/2329 2330/5670/2330 2425/5842/2425
f 1982/4908/1982 2527/5303/2527 1957/4500/1957
vt 0.105906 0.921325
f 2473/5304/2473 2520/5843/2520 2038/4501/2038
vt 0.754981 0.889033
f 2534/5844/2534 2378/5812/2378 2325/5481/2325
vt 0.559438 0.359366
f 2342/5733/2342 2406/5845/2406 2390/5818/2390
vt 0.960981 0.803340
vt 0.958852 0.803572
f 2337/5576/2337 2394/5846/2394 2438/5847/2438
vt 0.210969 0.122282
vt 0.210063 0.124762
vt 0.205452 0.122716
f 2339/5848/2339 2337/5849/2337 2438/5850/2438
vt 0.306588 0.750130
f 2419/5851/2419 2292/5448/2292 2382/5764/2382
vt 0.556430 0.356131
f 2371/5852/2371 2406/5845/2406 2342/5733/2342
vt 0.191714 0.431688
vt 0.196662 0.429358
f 2449/5853/2449 2386/5854/2386 2233/5791/2233
vt 0.291128 0.757209
f 2382/5764/2382 2305/5663/2305 2501/5855/2501
vt 0.186075 0.498061
f 2374/5856/2374 2309/5641/2309 2323/5823/2323
vt 0.953009 0.453028
f 2351/5730/2351 2352/5358/2352 2399/5857/2399
vt 0.136099 0.430682
f 2408/5858/2408 2371/5768/2371 2374/5819/2374
vt 0.199660 0.438508
vt 0.196655 0.436217
f 2333/5792/2333 2261/5859/2261 2402/5860/2402
f 2542/5655/2542 2748/5205/2748 1593/3512/1593
vt 0.683875 0.920253
f 2842/5675/2842 2921/5861/2921 1614/3834/1614
vt 0.138318 0.484470
f 2357/5830/2357 2355/5862/2355 2326/5654/2326
vt 0.143876 0.327387
vt 0.144389 0.324064
vt 0.148520 0.324963
f 2294/5863/2294 2463/5864/2463 2392/5865/2392
vt 0.592539 0.921498
f 2319/5531/2319 2381/5866/2381 2345/5840/2345
vt 0.592367 0.921592
f 2366/5634/2366 2345/5615/2345 2381/5867/2381
vt 0.596148 0.918311
f 2403/5868/2403 2381/5866/2381 2319/5531/2319
f 2355/5862/2355 2384/5786/2384 2326/5654/2326
vt 0.500118 0.962032
f 2915/4560/2915 2171/4065/2171 2872/5869/2872
f 2314/5119/2314 2312/5744/2312 2420/5691/2420
vt 0.763623 0.884102
f 2359/5805/2359 2378/5812/2378 2377/5870/2377
vt 0.880374 0.583508
vt 0.874417 0.583560
f 2357/5871/2357 2364/5622/2364 2430/5872/2430
f 2364/5622/2364 2357/5871/2357 2324/5754/2324
vt 0.895923 0.609471
vt 0.881769 0.602995
f 2234/5369/2234 2254/5873/2254 2428/5874/2428
f 2264/5300/2264 2426/5555/2426 2349/5776/2349
vt 0.370866 0.293525
f 2269/5798/2269 2363/5875/2363 2282/5799/2282
vt 0.742246 0.896540
f 2293/5482/2293 2497/5793/2497 2469/5876/2469
vt 0.356759 0.584927
f 2387/5877/2387 2576/5808/2576 2367/5637/2367
f 2234/5369/2234 2428/5874/2428 2364/5622/2364
vt 0.731565 0.907845
f 2467/5796/2467 2182/5366/2182 2437/5878/2437
vt 0.748438 0.664993
f 2387/5879/2387 2367/5815/2367 2365/5816/2365
f 2386/5752/2386 2399/5857/2399 2352/5358/2352
f 2352/5358/2352 2279/5199/2279 2386/5752/2386
vt 0.022979 0.626039
f 2368/5620/2368 2165/5204/2165 2361/5880/2361
vt 0.101335 0.918379
f 2038/4501/2038 2729/5881/2729 2450/5096/2450
f 2449/5853/2449 2233/5791/2233 2333/5792/2333
vt 0.943800 0.799748
f 2263/5742/2263 2369/5402/2369 2383/5882/2383
vt 0.727147 0.912510
vt 0.727658 0.909442
f 2379/5883/2379 2439/5884/2439 2182/5366/2182
vt 0.714730 0.893219
vt 0.713625 0.895284
vt 0.712287 0.892426
f 2373/5885/2373 2718/5886/2718 2025/5887/2025
f 2413/5706/2413 2350/5452/2350 2465/5801/2465
vt 0.130732 0.480670
f 2380/5888/2380 2355/5862/2355 2357/5830/2357
vt 0.784346 0.868739
f 2370/5832/2370 2402/5889/2402 2261/5831/2261
vt 0.097444 0.394777
f 2425/5835/2425 2343/5757/2343 2447/5890/2447
vt 0.780727 0.875773
vt 0.776956 0.873634
vt 0.779811 0.872435
f 2328/5891/2328 2375/5892/2375 2370/5893/2370
vt 0.164201 0.484830
f 2385/5894/2385 2344/5778/2344 2346/5734/2346
vt 0.573506 0.934529
f 2366/5634/2366 2484/5895/2484 2338/5658/2338
vt 0.240739 0.451868
vt 0.235621 0.450366
vt 0.238805 0.447446
f 2414/5896/2414 2304/5897/2304 2372/5898/2372
vt 0.236045 0.447086
f 2329/5899/2329 2372/5898/2372 2304/5897/2304
f 2338/5658/2338 2484/5895/2484 2353/5657/2353
vt 0.188710 0.493450
f 2408/5900/2408 2374/5856/2374 2323/5823/2323
vt 0.167271 0.489643
f 2336/5901/2336 2344/5778/2344 2385/5894/2385
vt 0.136548 0.429265
f 2408/5858/2408 2376/5902/2376 2371/5768/2371
vt 0.444881 0.108039
vt 0.448569 0.106891
vt 0.450060 0.108732
f 2411/5903/2411 2339/5904/2339 2412/5905/2412
f 2383/5882/2383 2369/5402/2369 2411/5602/2411
vt 0.121612 0.861674
vt 0.125309 0.865778
f 2800/5906/2800 2317/5907/2317 2311/4882/2311
vt 0.871837 0.799881
f 2480/5173/2480 2870/5908/2870 2479/5174/2479
f 2332/5465/2332 2276/5715/2276 2492/5613/2492
vt 0.635593 0.413448
f 2210/5120/2210 2479/4826/2479 2870/5909/2870
vt 0.758209 0.885965
f 2457/5910/2457 2378/5812/2378 2534/5844/2534
vt 0.158461 0.480479
f 2346/5734/2346 2384/5786/2384 2424/5911/2424
vt 0.830653 0.793683
f 2668/5912/2668 1783/3866/1783 2291/4811/2291
vt 0.345614 0.492210
f 2322/5612/2322 2393/5741/2393 2471/5913/2471
f 2311/4882/2311 2072/5229/2072 2800/5906/2800
f 2800/5906/2800 2072/5229/2072 2518/5592/2518
vt 0.562132 0.355686
f 2421/5914/2421 2406/5845/2406 2371/5852/2371
vt 0.787322 0.864567
vt 0.788491 0.867398
f 2449/5915/2449 2333/5916/2333 2402/5889/2402
vt 0.173041 0.486527
f 2323/5823/2323 2347/5825/2347 2453/5917/2453
vt 0.075016 0.392373
vt 0.075550 0.389497
f 2348/5767/2348 2390/5918/2390 2422/5919/2422
vt 0.846888 0.531266
vt 0.849297 0.530210
vt 0.847136 0.533336
f 2376/5920/2376 2421/5921/2421 2371/5922/2371
vt 0.079052 0.389924
f 2348/5767/2348 2529/5923/2529 2398/5826/2398
vt 0.074824 0.848230
f 2543/5924/2543 2341/5707/2341 2334/5647/2334
vt 0.873733 0.545033
vt 0.874178 0.542089
vt 0.875698 0.544653
f 2358/5925/2358 2410/5926/2410 2343/5927/2343
vt 0.504802 0.063937
vt 0.501656 0.060411
f 2283/5928/2283 2375/5929/2375 2301/5838/2301
f 2469/5876/2469 2534/5844/2534 2325/5481/2325
f 2293/5482/2293 2469/5876/2469 2325/5481/2325
vt 0.882920 0.807070
f 2210/5930/2210 2481/5610/2481 2053/2606/2053
f 2431/5800/2431 2432/5794/2432 2285/4988/2285
vt 0.091567 0.905851
f 2626/5931/2626 1803/4608/1803 2450/5096/2450
vt 0.877061 0.578778
f 2430/5872/2430 2380/5932/2380 2357/5871/2357
vt 0.603591 0.920667
f 2287/5475/2287 2494/5698/2494 2451/5933/2451
vt 0.591217 0.375210
vt 0.597994 0.373987
f 2259/5687/2259 2433/5934/2433 2431/5935/2431
f 2403/5868/2403 2319/5531/2319 2287/5475/2287
vt 0.603813 0.210249
vt 0.604155 0.211772
vt 0.601764 0.211483
f 2483/5936/2483 2321/5937/2321 2625/5938/2625
vt 0.592112 0.925285
f 2381/5867/2381 2571/5939/2571 2366/5634/2366
vt 0.690597 0.376445
f 2465/5804/2465 2360/5803/2360 2522/5940/2522
vt 0.685867 0.930863
f 2389/5553/2389 2531/5941/2531 2280/5484/2280
vt 0.317294 0.738362
f 2349/5776/2349 2426/5555/2426 2535/5942/2535
vt 0.731201 0.907160
f 2437/5943/2437 2182/5366/2182 2439/5884/2439
vt 0.645482 0.572826
f 2254/5546/2254 2128/5367/2128 2486/5944/2486
f 2292/5448/2292 2419/5851/2419 2426/5555/2426
vt 0.857817 0.785175
f 2613/5813/2613 2418/5390/2418 2609/5945/2609
f 2609/5945/2609 2418/5390/2418 2420/5691/2420
vt 0.701170 0.922592
f 2468/5743/2468 2432/5794/2432 2459/5946/2459
vt 0.806516 0.605594
f 2316/5632/2316 2282/5558/2282 2533/5947/2533
f 2422/5919/2422 2529/5923/2529 2348/5767/2348
f 2378/5812/2378 2457/5910/2457 2377/5870/2377
f 1803/4608/1803 2626/5931/2626 2540/5250/2540
vt 0.092636 0.394349
f 2343/5757/2343 2410/5948/2410 2447/5890/2447
f 2448/5633/2448 2470/5384/2470 2164/4900/2164
vt 0.525982 0.451611
f 2329/5671/2329 2425/5842/2425 2458/5949/2458
vt 0.082219 0.391992
f 2529/5923/2529 2456/5950/2456 2398/5826/2398
vt 0.184223 0.486980
f 2408/5900/2408 2323/5823/2323 2475/5951/2475
vt 0.502106 0.938452
f 2393/5771/2393 2354/5783/2354 2474/5952/2474
vt 0.090496 0.393703
f 2398/5828/2398 2410/5953/2410 2358/5714/2358
vt 0.237923 0.454576
f 2394/5954/2394 2304/5897/2304 2414/5896/2414
f 2385/5894/2385 2346/5734/2346 2424/5911/2424
vt 0.189419 0.486982
vt 0.191260 0.493159
f 2408/5900/2408 2476/5955/2476 2376/5956/2376
vt 0.191791 0.428517
f 2449/5853/2449 2442/5957/2442 2386/5854/2386
vt 0.166591 0.485155
f 2336/5901/2336 2385/5894/2385 2423/5958/2423
vt 0.169210 0.487453
vt 0.171690 0.490583
f 2336/5959/2336 2453/5917/2453 2347/5960/2347
f 2519/5732/2519 2244/5387/2244 2241/5385/2241
vt 0.146969 0.477946
f 2355/5862/2355 2489/5961/2489 2384/5786/2384
vt 0.526422 0.457092
vt 0.521859 0.454338
f 2447/5962/2447 2505/5963/2505 2425/5842/2425
vt 0.562101 0.357871
f 2406/5845/2406 2421/5914/2421 2441/5964/2441
vt 0.857841 0.536275
vt 0.851641 0.534526
f 2422/5965/2422 2390/5822/2390 2406/5966/2406
vt 0.725466 0.116328
vt 0.725842 0.114705
vt 0.727122 0.116439
f 2406/5967/2406 2509/5968/2509 2422/5969/2422
vt 0.239771 0.454294
f 2438/5970/2438 2394/5954/2394 2414/5896/2414
vt 0.845491 0.525107
f 2376/5920/2376 2476/5971/2476 2421/5921/2421
vt 0.208856 0.121162
f 2412/5972/2412 2339/5848/2339 2438/5850/2438
vt 0.673774 0.119427
vt 0.671685 0.118958
vt 0.673689 0.117586
f 2410/5973/2410 2398/5974/2398 2456/5975/2456
vt 0.177130 0.481670
f 2453/5917/2453 2548/5976/2548 2323/5823/2323
f 1411/3388/1411 2281/5814/2281 2579/5347/2579
vt 0.493312 0.941835
f 2322/5679/2322 2471/5977/2471 2454/5770/2454
vt 0.895005 0.428455
vt 0.893818 0.427683
vt 0.895946 0.428088
f 2412/5978/2412 2383/5979/2383 2411/5980/2411
vt 0.715820 0.912959
f 2340/5685/2340 2468/5743/2468 2692/5981/2692
vt 0.339327 0.494777
f 2471/5913/2471 2393/5741/2393 2417/5982/2417
f 2380/5888/2380 2489/5961/2489 2355/5862/2355
vt 0.082249 0.846892
f 2625/5983/2625 2321/5648/2321 2341/5707/2341
vt 0.529313 0.450340
f 2329/5671/2329 2458/5949/2458 2372/5984/2372
vt 0.305905 0.747904
f 2426/5555/2426 2419/5851/2419 2427/5985/2427
vt 0.800852 0.520656
f 2365/5753/2365 2286/5627/2286 2573/5986/2573
f 2286/5627/2286 2429/5684/2429 2573/5986/2573
vt 0.951275 0.448290
f 2386/5752/2386 2442/5987/2442 2399/5857/2399
vt 0.694693 0.936114
f 2280/5484/2280 2531/5941/2531 2433/5988/2433
f 2434/5308/2434 2467/5796/2467 2497/5793/2497
vt 0.924112 0.796962
vt 0.929268 0.794244
vt 0.930967 0.800593
f 2522/5989/2522 2360/5990/2360 2708/5991/2708
vt 0.961727 0.464368
vt 0.967660 0.463239
f 2315/5992/2315 2351/5730/2351 2615/5993/2615
vt 0.667252 0.949960
vt 0.672508 0.955720
f 2709/5994/2709 2389/5553/2389 2362/5995/2362
vt 0.815433 0.610318
f 2429/5996/2429 2316/5632/2316 2533/5947/2533
vt 0.875671 0.589793
f 2430/5872/2430 2364/5622/2364 2493/5997/2493
vt 0.031662 0.631513
f 2315/5428/2315 2615/5998/2615 2165/5204/2165
vt 0.646657 0.581614
f 2428/5999/2428 2254/5546/2254 2486/5944/2486
f 2060/3584/2060 2838/5548/2838 1918/4197/1918
f 2165/5204/2165 2615/5998/2615 2361/5880/2361
vt 0.570428 0.240369
vt 0.566194 0.236359
vt 0.568710 0.234295
f 2340/6000/2340 2440/6001/2440 2379/6002/2379
f 2403/5868/2403 2287/5475/2287 2451/5933/2451
f 2597/4812/2597 2838/5548/2838 2060/3584/2060
vt 0.378695 0.292460
f 2363/5875/2363 2776/6003/2776 2282/5799/2282
f 2388/5618/2388 2368/5620/2368 2361/5880/2361
vt 0.595992 0.942866
f 2908/6004/2908 2212/4536/2212 2604/4204/2604
vt 0.341838 0.492636
f 2546/6005/2546 2471/5913/2471 2417/5982/2417
vt 0.208824 0.403703
vt 0.208789 0.402137
vt 0.212681 0.403441
f 2379/6006/2379 2478/6007/2478 2439/6008/2439
f 2424/5911/2424 2384/5786/2384 2489/5961/2489
vt 0.723195 0.912888
vt 0.723382 0.910524
vt 0.725508 0.912264
f 2440/6009/2440 2478/6010/2478 2379/6011/2379
vt 0.089615 0.845166
f 2939/6012/2939 2751/5435/2751 2483/5681/2483
f 2548/5976/2548 2475/5951/2475 2323/5823/2323
vt 0.859140 0.535314
vt 0.857222 0.533338
vt 0.863544 0.535063
f 2422/6013/2422 2509/6014/2509 2529/6015/2529
vt 0.771887 0.068675
vt 0.774779 0.069316
vt 0.771879 0.070532
f 2423/6016/2423 2453/6017/2453 2336/6018/2336
vt 0.832543 0.793536
f 2666/6019/2666 1783/3866/1783 2668/5912/2668
vt 0.953085 0.450711
f 2436/6020/2436 2399/5857/2399 2442/5987/2442
f 2475/5951/2475 2476/5955/2476 2408/5900/2408
vt 0.479285 0.954926
f 2561/5735/2561 2501/6021/2501 2305/5721/2305
vt 0.092629 0.505840
f 2666/6022/2666 2737/5598/2737 1783/5597/1783
vt 0.131526 0.947115
vt 0.128107 0.945873
vt 0.126013 0.942468
f 2395/6023/2395 2603/6024/2603 2581/6025/2581
f 2581/6025/2581 2461/5614/2461 2395/6023/2395
f 1491/3580/1491 2840/5137/2840 2882/5554/2882
vt 0.599919 0.925362
f 2381/5866/2381 2403/5868/2403 2673/6026/2673
f 2571/5939/2571 2381/5866/2381 2673/6026/2673
vt 0.884986 0.788094
f 2420/5691/2420 2312/5744/2312 2446/6027/2446
vt 0.808694 0.589398
f 2415/6028/2415 2407/5574/2407 2223/5573/2223
vt 0.676414 0.117835
f 2462/6029/2462 2410/5973/2410 2456/5975/2456
vt 0.094462 0.390770
f 2447/5890/2447 2410/5948/2410 2462/6030/2462
f 2505/5963/2505 2458/5949/2458 2425/5842/2425
vt 0.454434 0.107519
vt 0.452945 0.109422
f 2412/5905/2412 2438/6031/2438 2512/6032/2512
vt 0.592391 0.417003
f 2902/5561/2902 2744/6033/2744 2400/5562/2400
vt 0.828942 0.593630
f 2883/4543/2883 2859/6034/2859 2049/3593/2049
vt 0.822446 0.589007
vt 0.817569 0.597521
f 1781/6035/1781 2774/6036/2774 2415/6028/2415
vt 0.524395 0.448790
f 2372/5984/2372 2458/5949/2458 2496/6037/2496
vt 0.851538 0.531874
vt 0.853490 0.528891
f 2441/6038/2441 2421/5921/2421 2443/6039/2443
vt 0.936780 0.816044
vt 0.935427 0.818084
f 2302/5664/2302 2593/6040/2593 2492/6041/2492
vt 0.389492 0.154263
vt 0.391147 0.152255
vt 0.392334 0.156730
f 2441/6042/2441 2443/6043/2443 2406/6044/2406
vt 0.393050 0.153980
f 2509/6045/2509 2406/6044/2406 2443/6043/2443
vt 0.135691 0.944997
f 2593/6046/2593 2395/6023/2395 2461/5614/2461
f 2461/5614/2461 2492/5613/2492 2593/6046/2593
vt 0.446155 0.110558
vt 0.448817 0.110474
f 2383/6047/2383 2412/5905/2412 2595/6048/2595
vt 0.140240 0.476197
f 2489/5961/2489 2380/5888/2380 2488/6049/2488
vt 0.105566 0.936111
vt 0.112133 0.938870
f 2463/6050/2463 2294/5486/2294 2396/6051/2396
f 2294/5486/2294 2435/5503/2435 2396/6051/2396
vt 0.914299 0.796574
vt 0.917781 0.795641
f 2466/6052/2466 2413/5706/2413 2465/6053/2465
vt 0.337602 0.497605
f 2417/5982/2417 2393/5741/2393 2474/6054/2474
vt 0.562292 0.944840
f 2353/5657/2353 2679/6055/2679 2401/5785/2401
vt 0.667322 0.932869
f 2748/5205/2748 2902/6056/2902 1767/5472/1767
vt 0.507731 0.932986
f 2354/5783/2354 2455/5784/2455 2464/6057/2464
vt 0.557764 0.943242
vt 0.559351 0.941058
f 2455/6058/2455 2401/6059/2401 2679/6055/2679
f 2673/6026/2673 2403/5868/2403 2451/5933/2451
vt 0.884464 0.791040
f 2446/6027/2446 2312/5744/2312 2584/6060/2584
vt 0.852971 0.528907
f 2476/5971/2476 2443/6061/2443 2421/5921/2421
vt 0.095726 0.939196
vt 0.090485 0.939968
f 2392/6062/2392 2391/6063/2391 2485/5509/2485
f 2921/5861/2921 2542/5655/2542 1614/3834/1614
vt 0.765051 0.877455
vt 0.767263 0.875696
f 2502/6064/2502 2517/6065/2517 2283/5806/2283
f 2283/5806/2283 2359/5805/2359 2502/6064/2502
vt 0.244439 0.445715
f 2496/6066/2496 2414/5896/2414 2372/5898/2372
vt 0.125236 0.862994
vt 0.127264 0.864450
f 2800/6067/2800 2373/6068/2373 2317/5907/2317
vt 0.889640 0.426961
f 2383/5979/2383 2624/6069/2624 2263/5694/2263
vt 0.873288 0.580768
f 2430/5872/2430 2452/6070/2452 2380/5932/2380
vt 0.722315 0.913478
f 2340/5685/2340 2692/5981/2692 2440/6071/2440
vt 0.873648 0.578431
vt 0.873671 0.575455
f 2452/6072/2452 2506/6073/2506 2380/5932/2380
vt 0.020023 0.606299
vt 0.014514 0.606312
f 2128/6074/2128 2388/5618/2388 2536/6075/2536
vt 0.640130 0.571115
f 2486/5944/2486 2128/5367/2128 2536/6076/2536
f 2283/5806/2283 2517/6065/2517 2375/5892/2375
vt 0.918891 0.523576
vt 0.913923 0.528341
vt 0.913546 0.519980
f 2098/6077/2098 2503/6078/2503 2448/6079/2448
vt 0.764377 0.662036
f 2576/5755/2576 2709/6080/2709 2362/5756/2362
vt 0.586799 0.930059
f 2495/6081/2495 2366/5634/2366 2571/5939/2571
vt 0.797343 0.605121
f 2577/6082/2577 2533/5947/2533 2282/5558/2282
vt 0.380615 0.296280
f 2282/5799/2282 2776/6003/2776 2577/6083/2577
vt 0.587007 0.935795
f 2664/6084/2664 2366/5634/2366 2495/6081/2495
f 2604/4204/2604 1830/3559/1830 2645/4798/2645
vt 0.876583 0.571049
f 2506/6073/2506 2488/6085/2488 2380/5932/2380
vt 0.821729 0.314568
vt 0.823568 0.317191
vt 0.821348 0.316603
f 2452/6086/2452 2430/6087/2430 2521/6088/2521
vt 0.189997 0.430334
f 2442/5957/2442 2449/5853/2449 2552/6089/2552
vt 0.763700 0.880939
f 2508/6090/2508 2502/6064/2502 2359/5805/2359
vt 0.907908 0.525830
f 2503/6078/2503 2938/6091/2938 2448/6079/2448
f 2359/5805/2359 2377/5870/2377 2508/6090/2508
vt 0.707847 0.895250
vt 0.711708 0.900066
f 2043/6092/2043 2836/6093/2836 2196/5705/2196
vt 0.111237 0.447558
vt 0.114543 0.446201
vt 0.113410 0.450243
f 2537/6094/2537 2377/6095/2377 2457/6096/2457
vt 0.919337 0.529830
f 2540/6097/2540 2503/6078/2503 2098/6077/2098
vt 0.168460 0.477675
vt 0.167119 0.482128
f 2424/5911/2424 2510/6098/2510 2385/6099/2385
vt 0.782867 0.865168
vt 0.784533 0.865471
f 2499/6100/2499 2449/6101/2449 2402/5889/2402
vt 0.168654 0.483784
f 2385/6099/2385 2510/6098/2510 2423/6102/2423
f 2548/5976/2548 2423/6102/2423 2510/6098/2510
vt 0.088747 0.389409
vt 0.086909 0.391104
vt 0.084739 0.387005
f 2511/6103/2511 2456/6104/2456 2565/6105/2565
vt 0.145538 0.475427
f 2489/5961/2489 2488/6049/2488 2532/6106/2532
vt 0.293973 0.752453
f 2382/5764/2382 2501/5855/2501 2635/6107/2635
vt 0.153281 0.475082
f 2424/5911/2424 2489/5961/2489 2487/6108/2487
vt 0.868739 0.534490
vt 0.866782 0.537928
f 2565/6109/2565 2456/6110/2456 2529/6015/2529
vt 0.779010 0.871522
vt 0.779466 0.868474
f 2370/6111/2370 2500/6112/2500 2402/5889/2402
vt 0.216552 0.398868
vt 0.217698 0.402147
f 2530/6113/2530 2437/6114/2437 2439/6008/2439
vt 0.722538 0.911350
f 2440/6009/2440 2566/6115/2566 2478/6010/2478
vt 0.674151 0.115769
f 2462/6029/2462 2456/5975/2456 2511/6116/2511
vt 0.721041 0.910987
f 2692/5981/2692 2566/6117/2566 2440/6071/2440
vt 0.696900 0.907389
f 2110/5103/2110 2825/6118/2825 1959/4440/1959
vt 0.709625 0.916178
f 2692/5981/2692 2468/5743/2468 2507/6119/2507
vt 0.686354 0.914951
f 2100/4749/2100 2878/3984/2878 2547/6120/2547
vt 0.099258 0.392186
f 2462/6030/2462 2505/6121/2505 2447/5890/2447
f 2423/6102/2423 2548/5976/2548 2453/5917/2453
vt 0.505231 0.938843
f 2474/5952/2474 2354/5783/2354 2491/6122/2491
vt 0.581288 0.937405
f 2484/5895/2484 2366/5634/2366 2482/6123/2482
vt 0.101065 0.551331
vt 0.094733 0.556004
vt 0.098325 0.548594
f 2334/6124/2334 2683/6125/2683 2543/6126/2543
vt 0.557139 0.944497
f 2464/6127/2464 2455/6058/2455 2679/6055/2679
vt 0.067760 0.871094
f 2544/6128/2544 2241/5385/2241 2470/5384/2470
vt 0.790572 0.316911
vt 0.784112 0.315103
vt 0.790784 0.312593
f 2438/6129/2438 2414/6130/2414 2514/6131/2514
f 2527/5303/2527 1982/4908/1982 2461/5614/2461
vt 0.117774 0.937177
f 2461/5614/2461 2689/6132/2689 2527/5303/2527
vt 0.110773 0.444103
vt 0.109539 0.446480
f 2508/6133/2508 2377/6095/2377 2537/6134/2537
f 2500/6112/2500 2499/6100/2499 2402/5889/2402
vt 0.955504 0.451149
vt 0.958265 0.452650
f 2399/5857/2399 2436/6135/2436 2557/6136/2557
vt 0.297834 0.750528
f 2419/5851/2419 2382/5764/2382 2541/6137/2541
f 2351/5730/2351 2399/5857/2399 2557/6136/2557
vt 0.569242 0.941235
f 2353/5657/2353 2484/5895/2484 2594/6138/2594
f 2461/5614/2461 2581/6025/2581 2689/6132/2689
vt 0.450884 0.111015
f 2595/6139/2595 2412/5905/2412 2512/6032/2512
vt 0.941816 0.124206
vt 0.939136 0.124625
vt 0.939318 0.123033
f 2469/6140/2469 2497/6141/2497 2523/6142/2523
vt 0.212364 0.399453
f 2530/6113/2530 2439/6008/2439 2477/6143/2477
vt 0.818534 0.314439
f 2452/6086/2452 2521/6088/2521 2526/6144/2526
vt 0.085730 0.884469
f 2470/5384/2470 2448/5633/2448 2938/6145/2938
vt 0.158522 0.075300
vt 0.162285 0.075258
vt 0.162840 0.078101
f 2465/6146/2465 2522/6147/2522 2466/6148/2466
vt 0.210241 0.401426
f 2478/6149/2478 2477/6143/2477 2439/6008/2439
vt 0.101244 0.928441
f 2445/5829/2445 2249/5485/2249 2678/6150/2678
vt 0.911000 0.799280
f 2539/6151/2539 2413/5706/2413 2466/6052/2466
f 2241/5385/2241 2544/6128/2544 2519/5732/2519
vt 0.519125 0.448683
f 2496/6037/2496 2458/5949/2458 2583/6152/2583
vt 0.495165 0.952051
f 2471/5977/2471 2727/6153/2727 2454/5770/2454
vt 0.510900 0.937443
f 2554/6154/2554 2491/6122/2491 2354/5783/2354
f 2464/6057/2464 2554/6154/2554 2354/5783/2354
vt 0.266951 0.366088
vt 0.260406 0.365128
vt 0.262707 0.364834
f 2624/6155/2624 2383/6156/2383 2595/6157/2595
vt 0.063520 0.051360
vt 0.060799 0.053808
vt 0.060739 0.050235
f 2468/6158/2468 2616/6159/2616 2507/6160/2507
vt 0.705988 0.919134
f 2459/5946/2459 2616/6161/2616 2468/5743/2468
vt 0.742835 0.890305
f 2498/6162/2498 2534/5844/2534 2469/5876/2469
vt 0.245912 0.449879
f 2414/5896/2414 2496/6066/2496 2563/6163/2563
vt 0.069571 0.853156
f 2683/6164/2683 2334/5647/2334 2519/5732/2519
vt 0.650577 0.578865
f 2486/5944/2486 2570/6165/2570 2428/5999/2428
f 2584/6060/2584 2312/5744/2312 2460/5788/2460
vt 0.876030 0.791193
f 2516/6166/2516 2609/5945/2609 2420/5691/2420
f 2493/5997/2493 2364/5622/2364 2428/5874/2428
vt 0.877411 0.593526
f 2617/6167/2617 2493/5997/2493 2428/5874/2428
vt 0.817115 0.310727
f 2506/6168/2506 2452/6086/2452 2526/6144/2526
vt 0.796740 0.525611
f 2612/6169/2612 2573/5986/2573 2429/5684/2429
f 2535/5942/2535 2426/5555/2426 2427/5985/2427
vt 0.608395 0.917373
vt 0.609856 0.920656
f 2451/5933/2451 2494/6170/2494 2538/6171/2538
vt 0.325846 0.736263
f 2349/5776/2349 2535/5942/2535 2363/6172/2363
vt 0.820085 0.604986
f 2429/5996/2429 2533/5947/2533 2612/6173/2612
f 2038/4501/2038 2520/5843/2520 2729/5881/2729
vt 0.298056 0.748320
f 2427/5985/2427 2419/5851/2419 2618/6174/2618
vt 0.774704 0.868575
f 2629/6175/2629 2500/6112/2500 2370/6111/2370
f 2370/6111/2370 2375/5892/2375 2629/6175/2629
vt 0.942235 0.121158
f 2515/6176/2515 2469/6140/2469 2523/6142/2523
vt 0.740483 0.372450
vt 0.738607 0.369049
vt 0.742282 0.370346
f 2436/6177/2436 2442/6178/2442 2552/6179/2552
f 2382/5764/2382 2635/6107/2635 2541/6137/2541
vt 0.087893 0.385047
f 2631/6180/2631 2511/6103/2511 2565/6105/2565
vt 0.874061 0.537037
vt 0.877408 0.533160
vt 0.876377 0.539520
f 2511/6181/2511 2591/6182/2591 2462/6183/2462
vt 0.784767 0.311477
f 2514/6131/2514 2414/6130/2414 2563/6184/2563
vt 0.859444 0.529628
f 2509/6014/2509 2528/6185/2528 2529/6015/2529
vt 0.519446 0.453280
f 2583/6152/2583 2505/5963/2505 2567/6186/2567
f 2458/5949/2458 2505/5963/2505 2583/6152/2583
f 2487/6108/2487 2489/5961/2489 2532/6106/2532
vt 0.241823 0.260721
vt 0.243056 0.264981
vt 0.238902 0.262747
f 2491/6187/2491 2513/6188/2513 2474/6189/2474
vt 0.814986 0.307362
vt 0.815699 0.309637
f 2488/6190/2488 2506/6168/2506 2592/6191/2592
vt 0.848414 0.522245
f 2476/5971/2476 2524/6192/2524 2443/6061/2443
vt 0.247624 0.262263
vt 0.246422 0.259622
f 2585/6193/2585 2491/6187/2491 2504/6194/2504
vt 0.090694 0.914818
f 2925/6195/2925 2450/5096/2450 2729/5881/2729
vt 0.186584 0.481267
f 2475/5951/2475 2545/6196/2545 2476/5955/2476
f 2443/6039/2443 2528/6185/2528 2509/6014/2509
vt 0.096860 0.853046
f 2356/6197/2356 2150/5353/2150 2751/5435/2751
vt 0.507219 0.939693
vt 0.506288 0.939433
f 2504/6198/2504 2491/6199/2491 2554/6154/2554
f 2527/5303/2527 2435/5503/2435 2473/5304/2473
vt 0.520679 0.447284
f 2583/6152/2583 2551/6200/2551 2496/6037/2496
vt 0.960862 0.454230
f 2555/6201/2555 2351/5730/2351 2557/6136/2557
vt 0.962573 0.455018
f 2677/6202/2677 2351/5730/2351 2555/6201/2555
vt 0.157202 0.474125
vt 0.161701 0.474339
f 2549/6203/2549 2558/6204/2558 2487/6108/2487
vt 0.794190 0.316050
vt 0.792780 0.314089
f 2512/6205/2512 2438/6129/2438 2525/6206/2525
f 2424/5911/2424 2487/6108/2487 2558/6204/2558
vt 0.106139 0.444968
f 2508/6133/2508 2537/6134/2537 2586/6207/2586
vt 0.528766 0.209440
vt 0.526012 0.209774
vt 0.525595 0.208576
f 2595/6208/2595 2512/6209/2512 2525/6210/2525
vt 0.741445 0.374109
f 2436/6177/2436 2552/6179/2552 2557/6211/2557
f 2424/5911/2424 2558/6204/2558 2510/6098/2510
f 2626/5931/2626 2450/5096/2450 2925/6195/2925
f 2565/6109/2565 2529/6015/2529 2528/6185/2528
f 2585/6193/2585 2513/6188/2513 2491/6187/2491
vt 0.881320 0.540196
vt 0.880803 0.538093
f 2505/6212/2505 2462/6183/2462 2567/6213/2567
f 2561/5735/2561 2454/5770/2454 2727/6153/2727
f 2438/6129/2438 2514/6131/2514 2525/6206/2525
vt 0.871498 0.530997
f 2631/6214/2631 2591/6182/2591 2511/6181/2511
f 2679/6055/2679 2353/5657/2353 2594/6138/2594
vt 0.720681 0.910124
vt 0.722625 0.907076
vt 0.723900 0.908810
f 2566/6215/2566 2477/6216/2477 2478/6217/2478
vt 0.563062 0.681810
vt 0.564241 0.679815
vt 0.564937 0.682508
f 2521/6218/2521 2564/6219/2564 2526/6220/2526
vt 0.816469 0.311882
f 2506/6168/2506 2526/6144/2526 2590/6221/2590
vt 0.509765 0.934569
f 2554/6154/2554 2464/6057/2464 2553/6222/2553
vt 0.184357 0.478351
f 2545/6196/2545 2475/5951/2475 2556/6223/2556
vt 0.335961 0.495893
vt 0.335351 0.496315
f 2474/6224/2474 2513/6225/2513 2417/5982/2417
vt 0.188705 0.483587
f 2476/5955/2476 2545/6196/2545 2524/6226/2524
vt 0.602281 0.923634
f 2673/6026/2673 2451/5933/2451 2644/6227/2644
vt 0.880664 0.789655
f 2516/6166/2516 2420/5691/2420 2446/6228/2446
f 2435/5503/2435 2445/5829/2445 2473/5304/2473
vt 0.566450 0.331613
vt 0.572726 0.332166
vt 0.574615 0.334673
f 2532/6229/2532 2488/6230/2488 2592/6231/2592
f 2445/5829/2445 2520/5843/2520 2473/5304/2473
vt 0.905476 0.799048
f 2413/5706/2413 2587/6232/2587 2460/5788/2460
vt 0.883603 0.426246
f 2624/6069/2624 2742/6233/2742 2263/5694/2263
vt 0.634351 0.463438
f 2678/5665/2678 2485/5667/2485 2569/6234/2569
vt 0.446955 0.680898
vt 0.445618 0.674863
vt 0.449044 0.681708
f 2430/6235/2430 2493/6236/2493 2521/6237/2521
vt 0.630138 0.458535
f 2924/6238/2924 2678/5665/2678 2569/6234/2569
vt 0.966894 0.458487
f 2614/6239/2614 2615/5993/2615 2351/5730/2351
vt 0.697220 0.928760
f 2431/6240/2431 2433/5988/2433 2531/5941/2531
vt 0.869957 0.792288
f 2609/5945/2609 2516/6166/2516 2643/6241/2643
vt 0.824373 0.170336
vt 0.818808 0.173297
vt 0.817928 0.165760
f 2533/6242/2533 2577/6243/2577 2610/6244/2610
vt 0.741392 0.665294
vt 0.746727 0.660066
f 2365/6245/2365 2656/6246/2656 2387/5879/2387
vt 0.832642 0.781316
vt 0.843572 0.781468
f 2538/6247/2538 2260/5809/2260 2613/6248/2613
vt 0.808627 0.597507
f 2612/6173/2612 2533/5947/2533 2610/6249/2610
f 2494/5810/2494 2260/5809/2260 2538/6247/2538
vt 0.737034 0.898412
f 2467/5796/2467 2523/6250/2523 2497/5793/2497
vt 0.323567 0.731196
vt 0.319700 0.733770
f 2776/6251/2776 2363/6172/2363 2711/6252/2711
f 2711/6252/2711 2363/6172/2363 2535/5942/2535
vt 0.734231 0.900275
f 2523/6250/2523 2467/5796/2467 2605/6253/2605
f 2708/5745/2708 2263/5694/2263 2742/6233/2742
f 2539/6151/2539 2587/6232/2587 2413/5706/2413
vt 0.170347 0.474329
f 2580/6254/2580 2510/6098/2510 2558/6204/2558
vt 0.866272 0.528590
f 2528/6185/2528 2619/6255/2619 2565/6109/2565
vt 0.788982 0.309378
f 2563/6184/2563 2600/6256/2600 2514/6131/2514
f 2548/5976/2548 2556/6223/2556 2475/5951/2475
vt 0.499155 0.947741
f 2727/6153/2727 2471/5977/2471 2728/6257/2728
vt 0.495874 0.943999
f 2546/6258/2546 2728/6257/2728 2471/5977/2471
vt 0.557102 0.946041
vt 0.558270 0.947006
f 2464/6259/2464 2679/6055/2679 2553/6260/2553
vt 0.563192 0.673659
vt 0.561800 0.676293
f 2578/6261/2578 2564/6219/2564 2521/6262/2521
f 2510/6098/2510 2580/6254/2580 2548/5976/2548
f 2435/5503/2435 2527/5303/2527 2396/6051/2396
f 2591/6182/2591 2567/6213/2567 2462/6183/2462
vt 0.729109 0.900969
vt 0.729032 0.905536
f 2654/6263/2654 2467/5796/2467 2437/6264/2437
vt 0.685809 0.382024
vt 0.689731 0.380020
vt 0.688190 0.383441
f 2466/6265/2466 2522/6266/2522 2539/6267/2539
vt 0.107293 0.440934
f 2502/6268/2502 2508/6133/2508 2586/6207/2586
vt 0.631688 0.449280
vt 0.635620 0.444932
vt 0.637034 0.447172
f 2623/6269/2623 2520/6270/2520 2445/6271/2445
vt 0.737466 0.894934
f 2469/5876/2469 2515/6272/2515 2498/6162/2498
vt 0.013698 0.896700
vt 0.021680 0.896418
vt 0.015970 0.899713
f 2590/6273/2590 2601/6274/2601 2592/6275/2592
vt 0.577896 0.335800
vt 0.577332 0.334981
f 2590/6276/2590 2592/6231/2592 2506/6277/2506
vt 0.472298 0.959626
vt 0.471575 0.962124
vt 0.468501 0.957124
f 2541/6278/2541 2618/6279/2618 2419/6280/2419
f 2445/6271/2445 2678/5665/2678 2623/6269/2623
vt 0.178178 0.149695
vt 0.178051 0.146599
vt 0.180881 0.148052
f 2563/6281/2563 2589/6282/2589 2600/6283/2600
vt 0.988589 0.311950
vt 0.987891 0.315303
vt 0.985938 0.311058
f 2523/6284/2523 2605/6285/2605 2515/6286/2515
vt 0.784720 0.309030
vt 0.783144 0.308917
vt 0.783419 0.307883
f 2589/6287/2589 2563/6288/2563 2637/6289/2637
vt 0.732290 0.898649
f 2467/5796/2467 2654/6263/2654 2605/6290/2605
vt 0.583075 0.948146
f 2645/4798/2645 2890/6291/2890 2604/4204/2604
f 2351/5730/2351 2677/6202/2677 2614/6239/2614
vt 0.011093 0.603092
vt 0.013594 0.605284
vt 0.010244 0.605147
f 2486/6292/2486 2536/6293/2536 2636/6294/2636
vt 0.843753 0.516548
vt 0.842842 0.518765
vt 0.841986 0.515980
f 2602/6295/2602 2545/6296/2545 2556/6297/2556
vt 0.576367 0.941355
f 2594/6138/2594 2484/5895/2484 2696/6298/2696
vt 0.745743 0.376031
vt 0.744196 0.372019
f 2650/6299/2650 2557/6211/2557 2552/6300/2552
vt 0.850486 0.514507
vt 0.846787 0.519326
vt 0.845599 0.518336
f 2582/6301/2582 2524/6302/2524 2545/6303/2545
vt 0.061933 0.818642
vt 0.065418 0.817972
vt 0.066710 0.820702
f 2552/6304/2552 2449/6305/2449 2499/6306/2499
vt 0.717941 0.909223
f 2477/6216/2477 2566/6215/2566 2655/6307/2655
f 2566/6215/2566 2692/5981/2692 2655/6307/2655
vt 0.516396 0.450435
f 2567/6186/2567 2598/6308/2598 2583/6152/2583
vt 0.180527 0.474770
f 2556/6223/2556 2548/5976/2548 2550/6309/2550
f 2548/5976/2548 2580/6254/2580 2550/6309/2550
vt 0.612913 0.935476
vt 0.606599 0.934361
f 2559/6310/2559 2212/4536/2212 2715/6311/2715
f 2836/6093/2836 2110/5103/2110 2196/5705/2196
vt 0.011150 0.894928
vt 0.012355 0.891219
f 2590/6273/2590 2526/6312/2526 2564/6313/2564
vt 0.014195 0.886420
f 2590/6273/2590 2564/6313/2564 2578/6314/2578
vt 0.852828 0.520324
f 2560/6315/2560 2443/6061/2443 2524/6192/2524
vt 0.332649 0.496858
vt 0.327371 0.494653
f 2513/6316/2513 2672/6317/2672 2417/5982/2417
vt 0.512530 0.944486
vt 0.508387 0.944928
vt 0.509385 0.942688
f 2608/6318/2608 2585/6319/2585 2504/6320/2504
vt 0.747916 0.217382
vt 0.749822 0.218623
vt 0.748158 0.219734
f 2560/6321/2560 2562/6322/2562 2443/6323/2443
vt 0.248701 0.258960
vt 0.248519 0.256475
f 2608/6324/2608 2504/6194/2504 2568/6325/2568
f 2836/6093/2836 2043/6092/2043 2718/5886/2718
vt 0.598147 0.931329
f 2775/6326/2775 2571/5939/2571 2673/6026/2673
vt 0.244202 0.255844
f 2554/6327/2554 2568/6325/2568 2504/6194/2504
vt 0.139152 0.224558
vt 0.142890 0.225138
vt 0.140360 0.227490
f 2644/6328/2644 2451/6329/2451 2808/6330/2808
vt 0.247683 0.443276
vt 0.249296 0.446866
f 2551/6331/2551 2637/6332/2637 2496/6066/2496
vt 0.015810 0.617266
f 2388/5618/2388 2652/6333/2652 2536/6075/2536
vt 0.181093 0.176855
vt 0.178184 0.173323
vt 0.180361 0.172120
f 2539/6334/2539 2522/6335/2522 2661/6336/2661
vt 0.892262 0.800388
f 2587/6232/2587 2641/6337/2641 2460/5788/2460
vt 0.668480 0.942182
f 2531/5941/2531 2389/5553/2389 2660/6338/2660
vt 0.117690 0.859229
f 2518/5592/2518 2267/5380/2267 2658/6339/2658
vt 0.611754 0.309870
vt 0.611755 0.306874
vt 0.613040 0.309744
f 2662/6340/2662 2487/6341/2487 2532/6342/2532
f 2709/5994/2709 2660/6338/2660 2389/5553/2389
vt 0.769296 0.867238
f 2629/6175/2629 2375/5892/2375 2572/6343/2572
vt 0.446172 0.670452
vt 0.447882 0.673324
f 2493/6236/2493 2617/6344/2617 2578/6345/2578
vt 0.561068 0.675313
f 2521/6262/2521 2493/6346/2493 2578/6261/2578
f 2366/5634/2366 2664/6084/2664 2482/6123/2482
vt 0.561885 0.332475
vt 0.555033 0.329889
vt 0.558025 0.329312
f 2662/6347/2662 2549/6348/2549 2487/6349/2487
vt 0.767937 0.871290
f 2572/6343/2572 2375/5892/2375 2574/6350/2574
f 2375/5892/2375 2517/6065/2517 2574/6350/2574
vt 0.756816 0.880766
vt 0.759356 0.882258
f 2586/6351/2586 2537/6352/2537 2457/5910/2457
vt 0.599560 0.373249
vt 0.604556 0.369519
vt 0.603751 0.374614
f 2431/6353/2431 2459/6354/2459 2432/6355/2432
f 2496/6066/2496 2637/6332/2637 2563/6163/2563
vt 0.690615 0.924081
f 2431/6240/2431 2531/5941/2531 2784/6356/2784
vt 0.067870 0.856964
f 2683/6164/2683 2519/5732/2519 2632/6357/2632
vt 0.308694 0.737479
f 2535/5942/2535 2427/5985/2427 2706/6358/2706
vt 0.337666 0.491931
f 2417/5982/2417 2672/6317/2672 2546/6359/2546
vt 0.183016 0.173638
f 2539/6334/2539 2661/6336/2661 2620/6360/2620
vt 0.327641 0.498084
f 2585/6361/2585 2672/6317/2672 2513/6316/2513
vt 0.021607 0.902847
f 2611/6362/2611 2592/6275/2592 2601/6274/2601
vt 0.096599 0.177667
vt 0.095090 0.174862
vt 0.098853 0.175510
f 2702/6363/2702 2446/6364/2446 2584/6365/2584
vt 0.878060 0.793200
f 2516/6166/2516 2446/6228/2446 2702/6366/2702
vt 0.187962 0.434883
vt 0.189406 0.438559
vt 0.185878 0.436836
f 2499/6367/2499 2500/6368/2500 2671/6369/2671
vt 0.809448 0.372329
f 2490/5183/2490 2307/5611/2307 2927/6370/2927
vt 0.741424 0.377726
f 2650/6299/2650 2555/6371/2555 2557/6211/2557
vt 0.526036 0.205696
f 2595/6208/2595 2525/6210/2525 2639/6372/2639
vt 0.100856 0.202871
vt 0.101376 0.199906
vt 0.103015 0.201079
f 2524/6373/2524 2582/6374/2582 2560/6375/2560
vt 0.491924 0.955547
f 2727/6153/2727 2741/6376/2741 2561/5735/2561
f 2578/6314/2578 2601/6274/2601 2590/6273/2590
vt 0.086661 0.844925
f 2698/6377/2698 2939/6012/2939 2483/5681/2483
vt 0.101641 0.438339
vt 0.107269 0.438405
f 2686/6378/2686 2517/6379/2517 2502/6268/2502
vt 0.599000 0.208856
f 2483/5936/2483 2625/5938/2625 2698/6380/2698
vt 0.845754 0.515954
f 2582/6301/2582 2545/6303/2545 2602/6381/2602
f 2565/6109/2565 2619/6255/2619 2631/6214/2631
vt 0.859807 0.521332
f 2443/6039/2443 2562/6382/2562 2528/6185/2528
f 2619/6255/2619 2528/6185/2528 2562/6382/2562
vt 0.875858 0.527536
f 2591/6182/2591 2631/6214/2631 2634/6383/2634
vt 0.264424 0.357948
vt 0.265281 0.355642
vt 0.267000 0.358060
f 2525/6384/2525 2514/6385/2514 2621/6386/2621
vt 0.724759 0.903794
vt 0.725978 0.900981
f 2437/6264/2437 2530/6387/2530 2722/6388/2722
vt 0.103951 0.442554
f 2586/6207/2586 2687/6389/2687 2502/6268/2502
vt 0.214915 0.398159
f 2713/6390/2713 2530/6113/2530 2477/6143/2477
vt 0.742108 0.382353
vt 0.743378 0.379001
f 2677/6391/2677 2555/6371/2555 2650/6392/2650
vt 0.701353 0.221804
vt 0.698869 0.219675
vt 0.701850 0.217039
f 2655/6393/2655 2757/6394/2757 2477/6395/2477
vt 0.063479 0.822802
vt 0.057145 0.822765
f 2628/6396/2628 2650/6397/2650 2552/6304/2552
vt 0.180536 0.146277
vt 0.180603 0.145714
f 2600/6398/2600 2589/6282/2589 2627/6399/2627
vt 0.885057 0.797293
f 2460/5788/2460 2789/6400/2789 2584/6060/2584
vt 0.877340 0.094838
vt 0.877496 0.097729
vt 0.876099 0.096355
f 2639/6401/2639 2525/6402/2525 2621/6403/2621
vt 0.516955 0.446648
f 2551/6200/2551 2583/6152/2583 2649/6404/2649
vt 0.286922 0.752416
vt 0.279871 0.752146
f 2691/6405/2691 2501/5855/2501 2756/6406/2756
f 2499/6306/2499 2628/6396/2628 2552/6304/2552
vt 0.250912 0.441608
f 2649/6407/2649 2637/6332/2637 2551/6331/2551
vt 0.561780 0.662932
vt 0.562367 0.669034
vt 0.560183 0.668674
f 2607/6408/2607 2651/6409/2651 2617/6410/2617
vt 0.067530 0.822437
f 2671/6411/2671 2628/6396/2628 2499/6306/2499
vt 0.016395 0.881530
vt 0.025561 0.884627
f 2651/6412/2651 2680/6413/2680 2578/6314/2578
vt 0.278772 0.759222
f 2501/5855/2501 2741/6414/2741 2756/6406/2756
f 2561/5735/2561 2741/6376/2741 2501/6021/2501
vt 0.511411 0.934802
vt 0.514746 0.934477
f 2554/6154/2554 2553/6415/2553 2736/6416/2736
f 2696/6298/2696 2484/5895/2484 2482/6123/2482
f 2601/6274/2601 2578/6314/2578 2680/6413/2680
vt 0.549091 0.328106
vt 0.546532 0.330066
vt 0.542496 0.326618
f 2558/6417/2558 2657/6418/2657 2580/6419/2580
vt 0.031740 0.895849
f 2601/6274/2601 2680/6413/2680 2646/6420/2646
vt 0.566411 0.947549
f 2594/6138/2594 2647/6421/2647 2679/6055/2679
f 2654/6263/2654 2437/6264/2437 2722/6388/2722
vt 0.175777 0.473677
f 2550/6309/2550 2580/6254/2580 2705/6422/2705
vt 0.283566 0.149128
vt 0.289988 0.151383
vt 0.287126 0.154323
f 2562/6423/2562 2630/6424/2630 2619/6425/2619
vt 0.867546 0.523769
f 2631/6214/2631 2619/6255/2619 2630/6426/2630
vt 0.185137 0.474477
vt 0.184819 0.475646
f 2550/6309/2550 2642/6427/2642 2556/6428/2556
vt 0.844390 0.512414
f 2602/6295/2602 2556/6297/2556 2642/6429/2642
vt 0.741795 0.658751
f 2656/6246/2656 2365/6245/2365 2771/6430/2771
vt 0.802608 0.515688
f 2365/5753/2365 2573/5986/2573 2771/6431/2771
vt 0.299490 0.743128
f 2735/6432/2735 2427/5985/2427 2618/6174/2618
f 2735/6432/2735 2706/6358/2706 2427/5985/2427
vt 0.750001 0.660989
f 2387/5879/2387 2656/6246/2656 2576/6433/2576
vt 0.568091 0.334732
f 2592/6231/2592 2611/6434/2611 2532/6229/2532
vt 0.698075 0.919086
f 2675/6435/2675 2616/6161/2616 2459/5946/2459
vt 0.442748 0.665324
vt 0.442085 0.658093
vt 0.444536 0.660683
f 2428/6436/2428 2570/6437/2570 2606/6438/2606
f 2586/6351/2586 2457/5910/2457 2534/5844/2534
f 2662/6347/2662 2532/6229/2532 2611/6434/2611
vt 0.446786 0.664777
f 2607/6439/2607 2428/6436/2428 2606/6438/2606
f 2361/5880/2361 2652/6333/2652 2388/5618/2388
vt 0.484032 0.970383
f 2750/6440/2750 2579/5347/2579 2281/5814/2281
f 2428/6436/2428 2607/6439/2607 2617/6344/2617
f 2578/6261/2578 2617/6410/2617 2651/6409/2651
vt 0.554332 0.332422
f 2549/6348/2549 2662/6347/2662 2663/6441/2663
vt 0.798505 0.603254
vt 0.801165 0.594613
f 2610/6249/2610 2577/6442/2577 2814/6443/2814
vt 0.697871 0.922356
f 2431/6240/2431 2784/6356/2784 2459/6444/2459
f 2549/6348/2549 2657/6418/2657 2558/6417/2558
vt 0.093070 0.496407
vt 0.089423 0.495350
f 2613/5746/2613 2659/6445/2659 2538/6446/2538
vt 0.606262 0.924119
f 2451/5933/2451 2538/6171/2538 2808/6447/2808
vt 0.084670 0.903731
f 2626/5931/2626 2796/6448/2796 2540/5250/2540
vt 0.917989 0.800423
f 2522/5989/2522 2708/5991/2708 2661/6449/2661
vt 0.278270 0.745451
f 2750/6450/2750 2281/5547/2281 2838/5548/2838
vt 0.476125 0.960224
vt 0.478717 0.963025
f 2541/6278/2541 2635/6451/2635 2676/6452/2676
vt 0.985740 0.314909
vt 0.980856 0.312774
f 2515/6286/2515 2605/6453/2605 2685/6454/2685
vt 0.292363 0.751951
f 2501/5855/2501 2691/6405/2691 2635/6455/2635
vt 0.262066 0.325992
vt 0.266951 0.323009
vt 0.268409 0.326327
f 2935/6456/2935 2217/6457/2217 2048/6458/2048
vt 0.776464 0.865120
vt 0.773901 0.863791
f 2500/6459/2500 2629/6175/2629 2633/6460/2633
vt 0.983846 0.316348
vt 0.985566 0.318805
f 2640/6461/2640 2605/6453/2605 2654/6462/2654
vt 0.643667 0.568191
vt 0.646902 0.567794
f 2636/6463/2636 2688/6464/2688 2486/5944/2486
vt 0.843390 0.792363
f 2216/5157/2216 2737/6465/2737 2416/4830/2416
vt 0.558132 0.961882
f 2051/3899/2051 2905/6466/2905 2738/4793/2738
vt 0.739894 0.605818
vt 0.735956 0.600873
f 2900/6467/2900 2597/6468/2597 2599/4208/2599
vt 0.944970 0.531617
vt 0.945791 0.528440
vt 0.946366 0.534093
f 2614/6469/2614 2677/6470/2677 2712/6471/2712
f 2602/6381/2602 2642/6429/2642 2582/6301/2582
vt 0.907989 0.802601
f 2587/6232/2587 2539/6151/2539 2681/6472/2681
vt 0.444701 0.655534
f 2622/6473/2622 2606/6438/2606 2570/6437/2570
vt 0.551216 0.962495
f 2857/6474/2857 2905/6466/2905 2051/3899/2051
vt 0.886272 0.803477
f 2481/5610/2481 2885/6475/2885 2840/5137/2840
vt 0.511783 0.949262
f 2585/6319/2585 2608/6318/2608 2787/6476/2787
vt 0.643162 0.406712
vt 0.645071 0.410206
f 2885/6477/2885 2481/6478/2481 2210/5120/2210
vt 0.567324 0.956236
f 2405/4797/2405 2738/4793/2738 2863/6479/2863
vt 0.114646 0.940773
f 2684/6480/2684 2396/6051/2396 2689/6132/2689
vt 0.032342 0.907264
f 2663/6481/2663 2601/6274/2601 2646/6420/2646
vt 0.714427 0.907685
vt 0.715667 0.909203
f 2757/6482/2757 2655/6483/2655 2692/5981/2692
vt 0.881308 0.534403
f 2567/6213/2567 2591/6182/2591 2598/6484/2598
vt 0.882546 0.532616
f 2598/6484/2598 2591/6182/2591 2648/6485/2648
vt 0.771210 0.655471
vt 0.763201 0.650829
f 2744/6486/2744 2404/6487/2404 2400/3599/2400
vt 0.512505 0.932626
f 2553/6415/2553 2679/6488/2679 2736/6416/2736
vt 0.514026 0.446814
f 2638/6489/2638 2583/6152/2583 2598/6308/2598
f 2649/6404/2649 2583/6152/2583 2638/6489/2638
vt 0.265594 0.363024
vt 0.270979 0.361486
f 2624/6155/2624 2595/6490/2595 2690/6491/2690
f 1492/2931/1492 2857/6474/2857 2051/3899/2051
vt 0.601583 0.937890
f 2908/6004/2908 2786/6492/2786 2212/4536/2212
vt 0.929178 0.812987
f 2272/5155/2272 2909/6493/2909 2302/5664/2302
vt 0.148159 0.317826
vt 0.153292 0.318987
f 2913/6494/2913 2391/6495/2391 2392/5865/2392
vt 0.856156 0.515816
f 2560/6315/2560 2582/6301/2582 2695/6496/2695
vt 0.038123 0.892693
f 2680/6413/2680 2703/6497/2703 2646/6420/2646
vt 0.512888 0.448968
f 2598/6308/2598 2648/6498/2648 2638/6489/2638
vt 0.514613 0.958676
vt 0.513111 0.956912
f 2575/6499/2575 2888/6500/2888 2397/4527/2397
vt 0.715934 0.386167
vt 0.713863 0.385593
vt 0.715659 0.384010
f 2918/6501/2918 2588/6502/2588 2777/6503/2777
vt 0.428362 0.436821
vt 0.430768 0.432644
vt 0.433516 0.436111
f 2643/6504/2643 2516/6505/2516 2832/6506/2832
vt 0.256362 0.445354
f 2858/6507/2858 2637/6332/2637 2649/6407/2649
vt 0.649204 0.572556
f 2688/6464/2688 2665/6508/2665 2486/5944/2486
vt 0.980946 0.308839
f 2699/6509/2699 2515/6286/2515 2685/6454/2685
vt 0.267385 0.353878
vt 0.269745 0.357569
f 2600/6510/2600 2621/6511/2621 2514/6385/2514
vt 0.100491 0.851760
f 2588/6512/2588 2356/6197/2356 2751/5435/2751
vt 0.442166 0.650515
f 2570/6437/2570 2665/6513/2665 2622/6473/2622
vt 0.430652 0.058583
vt 0.431715 0.057887
vt 0.432071 0.058953
f 2653/6514/2653 2627/6515/2627 2589/6516/2589
vt 0.826613 0.595539
f 2859/6517/2859 2774/6036/2774 1781/6035/1781
vt 0.789860 0.305997
vt 0.792601 0.306018
f 2627/6518/2627 2667/6519/2667 2600/6256/2600
vt 0.325989 0.497927
f 2787/6520/2787 2672/6317/2672 2585/6361/2585
vt 0.039538 0.903987
f 2646/6420/2646 2682/6521/2682 2663/6481/2663
f 2444/5603/2444 2490/5183/2490 2927/6370/2927
vt 0.060916 0.823681
vt 0.057827 0.827069
f 2650/6397/2650 2628/6522/2628 2763/6523/2763
vt 0.529927 0.204999
f 2639/6372/2639 2690/6524/2690 2595/6208/2595
vt 0.698440 0.216489
f 2477/6395/2477 2757/6394/2757 2713/6525/2713
vt 0.301862 0.101499
vt 0.299302 0.100658
vt 0.301210 0.098799
f 2670/6526/2670 2628/6527/2628 2671/6528/2671
vt 0.102639 0.435115
vt 0.103726 0.435924
f 2686/6378/2686 2574/6529/2574 2517/6530/2517
vt 0.183827 0.438082
f 2671/6369/2671 2500/6368/2500 2633/6531/2633
vt 0.709541 0.916182
vt 0.704128 0.910385
f 2692/5981/2692 2507/6532/2507 2783/6533/2783
vt 0.017860 0.875444
f 2607/6534/2607 2680/6413/2680 2651/6412/2651
vt 0.698283 0.913722
f 2616/6161/2616 2930/6535/2930 2507/6532/2507
f 2675/6435/2675 2930/6535/2930 2616/6161/2616
vt 0.825482 0.791921
vt 0.828294 0.793058
vt 0.824929 0.793964
f 2931/6536/2931 2668/6537/2668 2291/6538/2291
f 2562/6382/2562 2560/6315/2560 2695/6496/2695
vt 0.181426 0.473656
f 2642/6427/2642 2550/6309/2550 2705/6539/2705
vt 0.849744 0.512026
f 2582/6301/2582 2642/6429/2642 2743/6540/2743
vt 0.856902 0.799905
vt 0.859150 0.799521
vt 0.858773 0.802978
f 2792/6541/2792 2876/6542/2876 2472/6543/2472
vt 0.973161 0.460036
f 2615/5993/2615 2614/6239/2614 2712/6544/2712
vt 0.976726 0.462961
f 2712/6544/2712 2720/6545/2720 2615/5993/2615
f 2486/5944/2486 2665/6508/2665 2570/6165/2570
vt 0.975672 0.468046
f 2361/6546/2361 2615/5993/2615 2720/6545/2720
vt 0.027501 0.906673
f 2662/6547/2662 2611/6362/2611 2663/6481/2663
f 2902/6056/2902 2531/5941/2531 2660/6338/2660
f 2661/6449/2661 2708/5991/2708 2596/5543/2596
f 2663/6441/2663 2657/6418/2657 2549/6348/2549
vt 0.429251 0.444481
f 2876/6548/2876 2674/5686/2674 2472/4721/2472
f 2601/6274/2601 2663/6481/2663 2611/6362/2611
vt 0.533768 0.327249
f 2705/6549/2705 2580/6419/2580 2657/6418/2657
vt 0.901517 0.799832
f 2587/6232/2587 2793/6550/2793 2641/6337/2641
vt 0.878088 0.797352
f 2702/6366/2702 2584/6060/2584 2694/6551/2694
vt 0.976113 0.339991
vt 0.970396 0.345224
vt 0.972310 0.338721
f 2571/6552/2571 2775/6553/2775 2495/6554/2495
vt 0.762856 0.617623
vt 0.757849 0.613459
vt 0.768059 0.616553
f 2535/6555/2535 2706/6556/2706 2711/6557/2711
vt 0.387116 0.292637
f 2814/6558/2814 2577/6083/2577 2776/6003/2776
f 2911/5583/2911 2776/6251/2776 2711/6252/2711
vt 0.291867 0.746733
f 2735/6432/2735 2618/6174/2618 2740/6559/2740
vt 0.255740 0.448430
f 2653/6560/2653 2637/6332/2637 2858/6507/2858
f 2541/6278/2541 2676/6452/2676 2618/6279/2618
vt 0.811844 0.378258
vt 0.810607 0.380756
vt 0.807639 0.380621
f 2719/6561/2719 2658/6562/2658 2267/6563/2267
vt 0.793460 0.308201
f 2600/6256/2600 2667/6519/2667 2621/6564/2621
vt 0.880458 0.530542
f 2669/6565/2669 2648/6485/2648 2591/6182/2591
f 2591/6182/2591 2634/6383/2634 2669/6565/2669
f 2444/5603/2444 2719/6561/2719 2267/6563/2267
vt 0.736897 0.891837
f 2498/6162/2498 2515/6272/2515 2699/6566/2699
vt 0.271490 0.365069
f 2624/6155/2624 2690/6491/2690 2761/6567/2761
vt 0.270965 0.368710
f 2742/6568/2742 2624/6155/2624 2761/6567/2761
f 2694/6551/2694 2584/6060/2584 2789/6400/2789
vt 0.330494 0.489217
f 2546/6359/2546 2672/6317/2672 2758/6569/2758
f 2685/6454/2685 2605/6453/2605 2640/6461/2640
vt 0.071297 0.539693
vt 0.071268 0.542910
vt 0.068641 0.538384
f 2670/6570/2670 2763/6571/2763 2628/6572/2628
vt 0.570188 0.946441
f 2647/6421/2647 2594/6138/2594 2716/6573/2716
f 2396/6051/2396 2527/5303/2527 2689/6132/2689
vt 0.325794 0.292900
vt 0.319988 0.295402
vt 0.320634 0.292577
f 2684/6574/2684 2581/6575/2581 2603/6576/2603
f 2682/6521/2682 2646/6420/2646 2703/6497/2703
vt 0.688672 0.387678
vt 0.686337 0.386220
vt 0.689643 0.387236
f 2681/6577/2681 2539/6578/2539 2620/6579/2620
vt 0.697567 0.920444
vt 0.693584 0.921392
f 2675/6580/2675 2459/6444/2459 2726/6581/2726
vt 0.560980 0.950060
f 2679/6055/2679 2647/6421/2647 2736/6582/2736
f 2687/6389/2687 2686/6378/2686 2502/6268/2502
vt 0.430546 0.059826
vt 0.429458 0.061384
vt 0.428664 0.058615
f 2589/6583/2589 2637/6584/2637 2653/6585/2653
vt 0.517510 0.938334
f 2554/6154/2554 2736/6416/2736 2811/6586/2811
vt 0.045230 0.825329
vt 0.052743 0.824963
vt 0.047232 0.827905
f 2712/6587/2712 2677/6588/2677 2693/6589/2693
f 2763/6523/2763 2677/6588/2677 2650/6397/2650
f 2623/6269/2623 2678/5665/2678 2924/6238/2924
vt 0.445151 0.658187
f 2725/6590/2725 2606/6438/2606 2622/6473/2622
vt 0.561485 0.653936
vt 0.559409 0.658439
f 2725/6591/2725 2607/6408/2607 2606/6592/2606
vt 0.086426 0.937366
vt 0.088100 0.936895
f 2391/6063/2391 2903/6593/2903 2485/6594/2485
vt 0.191143 0.316383
vt 0.192753 0.317187
vt 0.184783 0.316756
f 2594/6595/2594 2696/6596/2696 2716/6597/2716
f 2878/3984/2878 1959/4440/1959 2825/6118/2825
vt 0.049397 0.906973
vt 0.032477 0.907430
f 2682/6521/2682 2704/6598/2704 2663/6599/2663
vt 0.099394 0.435218
f 2686/6378/2686 2721/6600/2721 2574/6529/2574
vt 0.477643 0.967215
f 2618/6279/2618 2676/6452/2676 2740/6601/2740
f 2677/6588/2677 2763/6523/2763 2693/6589/2693
vt 0.029298 0.866480
vt 0.035199 0.877889
f 2767/6602/2767 2697/6603/2697 2680/6413/2680
vt 0.367248 0.153448
vt 0.364547 0.152354
vt 0.368922 0.151203
f 2639/6604/2639 2621/6605/2621 2690/6606/2690
vt 0.044641 0.882345
f 2703/6497/2703 2680/6413/2680 2769/6607/2769
vt 0.882252 0.526570
f 2634/6383/2634 2717/6608/2717 2669/6565/2669
vt 0.510882 0.446403
f 2638/6489/2638 2648/6498/2648 2669/6609/2669
f 2633/6460/2633 2629/6175/2629 2572/6343/2572
vt 0.512807 0.445288
f 2752/6610/2752 2638/6489/2638 2669/6609/2669
vt 0.520909 0.325857
vt 0.526796 0.324921
vt 0.527958 0.327857
f 2743/6611/2743 2642/6612/2642 2700/6613/2700
vt 0.916363 0.536367
f 2796/6614/2796 2503/6078/2503 2540/6097/2540
vt 0.305805 0.099408
f 2633/6615/2633 2670/6526/2670 2671/6528/2671
vt 0.099890 0.431274
f 2574/6529/2574 2721/6600/2721 2572/6616/2572
vt 0.252943 0.439838
vt 0.255025 0.438096
f 2638/6617/2638 2752/6618/2752 2649/6407/2649
vt 0.065109 0.862664
f 2544/6128/2544 2701/6619/2701 2519/5732/2519
vt 0.020471 0.868134
f 2767/6602/2767 2680/6413/2680 2725/6620/2725
vt 0.083848 0.843637
f 2698/6621/2698 2625/5983/2625 2341/5707/2341
f 2680/6413/2680 2607/6534/2607 2725/6620/2725
f 2519/5732/2519 2701/6619/2701 2632/6357/2632
vt 0.633647 0.444204
f 2729/6622/2729 2520/6270/2520 2623/6269/2623
f 2704/6598/2704 2682/6521/2682 2703/6497/2703
f 2634/6383/2634 2631/6214/2631 2630/6426/2630
vt 0.073017 0.845120
vt 0.074184 0.841060
f 2543/6623/2543 2929/6624/2929 2341/5707/2341
vt 0.433529 0.432640
f 2832/6506/2832 2516/6505/2516 2702/6625/2702
f 2783/6533/2783 2757/6482/2757 2692/5981/2692
vt 0.080748 0.839238
f 2929/6624/2929 2917/6626/2917 2341/5707/2341
vt 0.334490 0.489450
f 2758/6569/2758 2728/6627/2728 2546/6359/2546
f 2507/6532/2507 2930/6535/2930 2783/6533/2783
vt 0.728973 0.897522
vt 0.727146 0.899727
vt 0.724596 0.899121
f 2640/6628/2640 2654/6629/2654 2745/6630/2745
vt 0.223476 0.397685
vt 0.220924 0.396669
vt 0.222904 0.396657
f 2654/6631/2654 2722/6632/2722 2745/6633/2745
vt 0.735969 0.888519
f 2498/6162/2498 2699/6566/2699 2724/6634/2724
vt 0.723563 0.900277
vt 0.723552 0.902674
vt 0.720518 0.903044
f 2722/6635/2722 2530/6636/2530 2713/6637/2713
vt 0.610615 0.927366
f 2808/6447/2808 2538/6171/2538 2714/6638/2714
vt 0.759685 0.655991
f 2709/6080/2709 2576/5755/2576 2904/6639/2904
vt 0.038081 0.914278
f 2657/6640/2657 2663/6599/2663 2704/6598/2704
vt 0.877290 0.424308
f 2708/5745/2708 2742/6233/2742 2780/6641/2780
vt 0.045585 0.916900
f 2704/6598/2704 2732/6642/2732 2657/6640/2657
vt 0.980850 0.469019
f 2710/6643/2710 2361/6546/2361 2720/6545/2720
vt 0.512760 0.940919
vt 0.518882 0.942453
f 2608/6318/2608 2568/6644/2568 2865/6645/2865
vt 0.490669 0.963842
f 2756/6646/2756 2171/4065/2171 2579/5347/2579
f 2811/6586/2811 2865/6645/2865 2554/6154/2554
f 2554/6154/2554 2865/6645/2865 2568/6644/2568
f 2784/6356/2784 2726/6581/2726 2459/6444/2459
vt 0.017092 0.622791
f 2361/5880/2361 2710/6647/2710 2652/6333/2652
vt 0.916466 0.802768
vt 0.920250 0.801923
f 2620/6648/2620 2661/6649/2661 2596/5543/2596
vt 0.856005 0.791917
f 2813/6650/2813 2609/5945/2609 2643/6241/2643
vt 0.014441 0.618332
f 2652/6333/2652 2710/6647/2710 2707/6651/2707
vt 0.039913 0.829218
f 2766/6652/2766 2712/6587/2712 2693/6589/2693
vt 0.606598 0.927148
f 2644/6227/2644 2808/6653/2808 2673/6026/2673
vt 0.964834 0.342451
f 2495/6554/2495 2775/6553/2775 2664/6654/2664
vt 0.324993 0.295774
f 2581/6575/2581 2684/6574/2684 2689/6655/2689
f 2642/6612/2642 2705/6549/2705 2700/6613/2700
f 2613/5746/2613 2737/5598/2737 2659/6445/2659
f 2612/6173/2612 2610/6249/2610 2774/6036/2774
vt 0.012896 0.615263
f 2636/6656/2636 2652/6333/2652 2707/6651/2707
vt 0.011381 0.612901
f 2536/6075/2536 2652/6333/2652 2636/6657/2636
vt 0.975441 0.460753
f 2720/6545/2720 2712/6544/2712 2766/6658/2766
vt 0.478201 0.960091
vt 0.484018 0.961047
f 2676/6452/2676 2635/6659/2635 2691/6660/2691
vt 0.864943 0.516947
vt 0.862251 0.519433
f 2695/6496/2695 2730/6661/2730 2562/6662/2562
vt 0.049831 0.835137
vt 0.057372 0.834788
f 2795/6663/2795 2693/6589/2693 2790/6664/2790
f 2693/6589/2693 2763/6523/2763 2790/6664/2790
vt 0.441562 0.643715
vt 0.444337 0.648605
f 2665/6513/2665 2688/6665/2688 2764/6666/2764
f 2697/6603/2697 2769/6607/2769 2680/6413/2680
vt 0.185975 0.175561
vt 0.186221 0.177522
f 2620/6360/2620 2773/6667/2773 2681/6668/2681
vt 0.391350 0.103572
vt 0.389134 0.100514
vt 0.392777 0.101291
f 2653/6669/2653 2759/6670/2759 2627/6671/2627
f 2715/6311/2715 2212/4536/2212 2786/6492/2786
vt 0.271792 0.354406
vt 0.271174 0.352301
vt 0.273291 0.352575
f 2667/6672/2667 2627/6673/2627 2759/6674/2759
vt 0.189458 0.318794
f 2696/6596/2696 2818/6675/2818 2716/6597/2716
vt 0.585488 0.943488
f 2696/6298/2696 2482/6123/2482 2804/6676/2804
vt 0.978933 0.309051
f 2685/6454/2685 2802/6677/2802 2699/6509/2699
vt 0.271503 0.356909
f 2621/6511/2621 2667/6672/2667 2762/6678/2762
vt 0.977237 0.306544
f 2724/6679/2724 2699/6509/2699 2802/6677/2802
vt 0.287784 0.147315
f 2630/6424/2630 2562/6423/2562 2730/6680/2730
vt 0.426096 0.447219
f 2416/5175/2416 2876/6681/2876 2792/5176/2792
vt 0.873910 0.520354
f 2730/6661/2730 2781/6682/2781 2630/6426/2630
vt 0.614954 0.927830
f 2559/5149/2559 2931/6683/2931 2291/5151/2291
vt 0.731303 0.894271
vt 0.728233 0.895804
f 2685/6684/2685 2640/6628/2640 2797/6685/2797
vt 0.273270 0.365029
vt 0.275725 0.366981
f 2742/6568/2742 2761/6686/2761 2731/6687/2731
f 2634/6383/2634 2630/6426/2630 2781/6682/2781
vt 0.722254 0.899573
f 2745/6688/2745 2722/6635/2722 2713/6637/2713
vt 0.725294 0.889379
vt 0.724413 0.892586
vt 0.720579 0.888853
f 2933/6689/2933 2897/6690/2897 2800/6691/2800
vt 0.723892 0.888162
f 2800/6691/2800 2518/6692/2518 2933/6689/2933
vt 0.717021 0.902222
f 2713/6637/2713 2757/6482/2757 2831/6693/2831
f 2676/6452/2676 2691/6660/2691 2579/5347/2579
vt 0.874155 0.794916
f 2832/6694/2832 2702/6366/2702 2694/6551/2694
vt 0.870323 0.514672
f 2781/6682/2781 2730/6661/2730 2812/6695/2812
vt 0.309170 0.100945
f 2869/6696/2869 2670/6526/2670 2633/6615/2633
vt 0.758705 0.875574
vt 0.752708 0.873637
f 2687/6697/2687 2586/6351/2586 2896/6698/2896
vt 0.050975 0.919888
vt 0.045760 0.916985
f 2704/6598/2704 2754/6699/2754 2732/6700/2732
vt 0.889791 0.318478
vt 0.886704 0.318539
vt 0.885408 0.315246
f 2761/6701/2761 2690/6702/2690 2785/6703/2785
vt 0.366299 0.150686
vt 0.367413 0.148930
f 2690/6606/2690 2621/6704/2621 2762/6705/2762
vt 0.444091 0.651765
f 2665/6513/2665 2764/6666/2764 2622/6706/2622
vt 0.559801 0.652414
vt 0.560140 0.645762
f 2622/6707/2622 2764/6708/2764 2725/6591/2725
vt 0.981288 0.466381
f 2710/6643/2710 2720/6545/2720 2791/6709/2791
vt 0.885157 0.797399
f 2789/6710/2789 2460/5788/2460 2641/6337/2641
vt 0.259226 0.440848
f 2649/6407/2649 2752/6618/2752 2755/6711/2755
f 2858/6507/2858 2649/6407/2649 2755/6711/2755
vt 0.580319 0.945943
vt 0.577349 0.943649
f 2835/6712/2835 2818/6713/2818 2696/6298/2696
f 2714/6638/2714 2538/6171/2538 2931/6683/2931
vt 0.488220 0.326563
vt 0.495322 0.325670
vt 0.487863 0.328125
f 2891/6714/2891 2934/6715/2934 2391/6716/2391
vt 0.496216 0.327517
f 2391/6716/2391 2934/6715/2934 2903/6717/2903
vt 0.571597 0.949657
f 2716/6573/2716 2747/6718/2747 2647/6421/2647
vt 0.739511 0.884712
f 2723/6719/2723 2498/6162/2498 2724/6634/2724
vt 0.052035 0.898446
f 2753/6720/2753 2704/6598/2704 2703/6497/2703
f 2753/6720/2753 2703/6497/2703 2769/6607/2769
vt 0.987433 0.474171
vt 0.984452 0.471315
f 2707/6721/2707 2710/6643/2710 2782/6722/2782
vt 0.985834 0.472438
f 2782/6722/2782 2733/6723/2733 2707/6721/2707
vt 0.269936 0.754901
f 2756/6406/2756 2741/6414/2741 2872/6724/2872
vt 0.682864 0.924247
f 2784/6356/2784 2531/5941/2531 2862/6725/2862
vt 0.093080 0.545551
vt 0.098302 0.548672
f 2929/6726/2929 2543/6727/2543 2683/6125/2683
vt 0.350217 0.580231
vt 0.351925 0.572054
f 2656/6728/2656 2904/6729/2904 2576/5808/2576
f 2791/6709/2791 2782/6722/2782 2710/6643/2710
vt 0.989610 0.476782
vt 0.988139 0.477363
f 2707/6721/2707 2734/6730/2734 2636/6731/2636
vt 0.438866 0.640110
vt 0.441018 0.636290
f 2688/6665/2688 2636/6732/2636 2734/6733/2734
vt 0.516974 0.949612
f 2608/6318/2608 2857/6734/2857 2787/6476/2787
vt 0.769590 0.661069
f 2404/6487/2404 2660/6735/2660 2709/6080/2709
vt 0.837796 0.785593
vt 0.831292 0.786791
f 2538/6247/2538 2659/6736/2659 2931/6737/2931
f 2673/6026/2673 2808/6653/2808 2715/6311/2715
vt 0.167151 0.226087
vt 0.164542 0.228458
vt 0.163264 0.226278
f 2864/6738/2864 2773/6739/2773 2620/6740/2620
vt 0.795779 0.513467
f 2771/6431/2771 2573/5986/2573 2779/6741/2779
vt 0.541702 0.330676
f 2705/6549/2705 2657/6418/2657 2732/6742/2732
vt 0.533397 0.329633
f 2732/6742/2732 2754/6743/2754 2705/6549/2705
vt 0.746572 0.659880
vt 0.742784 0.656987
f 2656/6744/2656 2771/6430/2771 2778/6745/2778
f 2700/6613/2700 2705/6549/2705 2754/6743/2754
vt 0.303738 0.737236
f 2706/6358/2706 2735/6432/2735 2860/6746/2860
vt 0.755225 0.610381
f 2711/6557/2711 2706/6556/2706 2860/6747/2860
vt 0.824381 0.601127
f 2573/6748/2573 2612/6173/2612 2774/6036/2774
f 2613/5813/2613 2609/5945/2609 2813/6650/2813
f 2917/6626/2917 2698/6621/2698 2341/5707/2341
vt 0.852471 0.512835
f 2743/6749/2743 2695/6496/2695 2582/6301/2582
vt 0.628985 0.469890
f 2569/6234/2569 2485/5667/2485 2903/6750/2903
vt 0.860220 0.513561
f 2730/6661/2730 2695/6496/2695 2772/6751/2772
vt 0.770879 0.861552
f 2572/6343/2572 2869/6752/2869 2633/6460/2633
vt 0.099066 0.437476
vt 0.095641 0.436509
f 2686/6753/2686 2749/6754/2749 2721/6600/2721
vt 0.061603 0.903483
f 2799/6755/2799 2704/6598/2704 2753/6720/2753
vt 0.758844 0.870422
vt 0.762957 0.872334
f 2687/6697/2687 2849/6756/2849 2686/6757/2686
vt 0.438566 0.633318
vt 0.440681 0.633120
f 2734/6733/2734 2707/6758/2707 2733/6759/2733
vt 0.303688 0.104361
vt 0.307525 0.103281
f 2763/6760/2763 2670/6526/2670 2844/6761/2844
f 2844/6761/2844 2670/6526/2670 2869/6696/2869
vt 0.253066 0.320911
vt 0.254361 0.318378
vt 0.255897 0.321484
f 2793/6762/2793 2587/6763/2587 2681/6764/2681
vt 0.443720 0.641650
f 2823/6765/2823 2764/6666/2764 2688/6665/2688
vt 0.176096 0.353736
vt 0.171876 0.355010
vt 0.170545 0.351459
f 2752/6766/2752 2669/6767/2669 2717/6768/2717
vt 0.474011 0.160102
vt 0.472019 0.157326
vt 0.475259 0.157817
f 2745/6769/2745 2797/6770/2797 2640/6771/2640
vt 0.569350 0.951145
f 2747/6718/2747 2746/6772/2746 2647/6421/2647
vt 0.717033 0.898946
f 2854/6773/2854 2713/6637/2713 2831/6693/2831
vt 0.044401 0.870825
f 2769/6607/2769 2697/6603/2697 2765/6774/2765
vt 0.504487 0.953416
f 2758/6775/2758 2727/6153/2727 2728/6257/2728
f 2673/6026/2673 2715/6311/2715 2775/6326/2775
vt 0.323451 0.488434
f 2758/6569/2758 2672/6317/2672 2888/6776/2888
vt 0.055696 0.889359
f 2753/6720/2753 2769/6607/2769 2806/6777/2806
f 2835/6712/2835 2696/6298/2696 2804/6676/2804
vt 0.735028 0.878493
vt 0.738707 0.879840
vt 0.735761 0.881813
f 2307/6778/2307 2918/6779/2918 2927/6780/2927
vt 0.274643 0.361057
vt 0.274347 0.357219
f 2785/6781/2785 2690/6491/2690 2762/6782/2762
vt 0.058655 0.915905
f 2704/6598/2704 2799/6755/2799 2760/6783/2760
vt 0.737519 0.878394
f 2307/6778/2307 2588/6784/2588 2918/6779/2918
vt 0.272743 0.355459
vt 0.275470 0.355678
f 2667/6785/2667 2759/6674/2759 2866/6786/2866
vt 0.691446 0.917278
f 2675/6580/2675 2726/6581/2726 2839/6787/2839
f 2704/6598/2704 2760/6783/2760 2754/6699/2754
vt 0.023893 0.860449
f 2764/6788/2764 2767/6602/2767 2725/6620/2725
vt 0.039742 0.833142
f 2766/6652/2766 2693/6589/2693 2819/6789/2819
vt 0.769374 0.863927
f 2869/6752/2869 2572/6343/2572 2807/6790/2807
f 2693/6589/2693 2795/6663/2795 2819/6789/2819
vt 0.096914 0.438933
f 2849/6791/2849 2749/6754/2749 2686/6753/2686
f 2750/6440/2750 2676/6452/2676 2579/5347/2579
vt 0.074667 0.549234
vt 0.078486 0.541312
f 2790/6792/2790 2763/6571/2763 2844/6793/2844
vt 0.882072 0.522263
f 2634/6383/2634 2798/6794/2798 2717/6608/2717
f 2741/6376/2741 2727/6153/2727 2872/5869/2872
vt 0.949454 0.545359
vt 0.947075 0.541391
vt 0.949563 0.541554
f 2791/6795/2791 2720/6796/2720 2766/6797/2766
vt 0.056637 0.840968
f 2790/6664/2790 2847/6798/2847 2795/6663/2795
vt 0.337230 0.577983
vt 0.341901 0.580287
f 2883/6799/2883 2739/2970/2739 2778/6800/2778
vt 0.911123 0.806867
f 2217/4794/2217 2906/6801/2906 2596/5543/2596
f 2767/6602/2767 2765/6774/2765 2697/6603/2697
vt 0.895593 0.803969
f 2641/6337/2641 2793/6550/2793 2936/6802/2936
f 2854/6773/2854 2745/6688/2745 2713/6637/2713
vt 0.179084 0.321683
f 2405/5128/2405 2919/6803/2919 2645/5129/2645
vt 0.768543 0.389227
vt 0.770955 0.387085
vt 0.772783 0.388952
f 2784/6804/2784 2879/6805/2879 2726/6806/2726
vt 0.260360 0.437513
f 2755/6711/2755 2752/6618/2752 2861/6807/2861
vt 0.332691 0.292990
vt 0.336081 0.296171
f 2895/6808/2895 2396/6809/2396 2684/6574/2684
vt 0.762789 0.651322
f 2404/6487/2404 2904/6639/2904 1475/6810/1475
vt 0.166182 0.230663
vt 0.165285 0.230210
vt 0.169884 0.231712
f 2681/6811/2681 2773/6812/2773 2873/6813/2873
vt 0.888963 0.316558
f 2761/6701/2761 2785/6703/2785 2834/6814/2834
vt 0.637055 0.407664
f 2885/6477/2885 2210/5120/2210 2837/6815/2837
vt 0.293850 0.735265
vt 0.290653 0.742266
vt 0.290281 0.736765
f 2881/6816/2881 2900/6817/2900 2599/6818/2599
vt 0.572253 0.947270
f 2818/6819/2818 2747/6718/2747 2716/6573/2716
f 2806/6777/2806 2799/6755/2799 2753/6720/2753
f 2762/6782/2762 2667/6785/2667 2866/6786/2866
vt 0.155435 0.317214
f 2891/6820/2891 2391/6495/2391 2913/6494/2913
vt 0.153890 0.314534
f 2913/6494/2913 2914/6821/2914 2891/6820/2891
vt 0.274425 0.370549
f 2780/6822/2780 2742/6568/2742 2731/6687/2731
vt 0.141950 0.321244
f 2912/6823/2912 2913/6494/2913 2463/5864/2463
f 2840/5137/2840 2936/6802/2936 2882/5554/2882
vt 0.526424 0.329034
f 2743/6611/2743 2700/6613/2700 2770/6824/2770
vt 0.896057 0.805543
f 2936/6802/2936 2874/6825/2874 2882/5554/2882
f 2735/6432/2735 2740/6559/2740 2900/6817/2900
f 2723/6719/2723 2534/5844/2534 2498/6162/2498
vt 0.510623 0.325711
vt 0.516198 0.324578
f 2743/6611/2743 2772/6826/2772 2695/6827/2695
vt 0.529046 0.329811
f 2700/6613/2700 2754/6743/2754 2770/6828/2770
f 2860/6747/2860 2881/5142/2881 2409/2903/2409
f 2463/5864/2463 2913/6494/2913 2392/5865/2392
vt 0.934149 0.813460
f 2893/6829/2893 2593/6040/2593 2302/5664/2302
vt 0.503703 0.325174
vt 0.506257 0.324029
f 2772/6826/2772 2815/6830/2815 2730/6831/2730
f 2608/6318/2608 2865/6645/2865 2857/6734/2857
f 2744/6486/2744 2660/6735/2660 2404/6487/2404
f 2415/6028/2415 2814/6443/2814 2407/5574/2407
vt 0.874728 0.422433
f 2910/6832/2910 2708/5745/2708 2780/6641/2780
vt 0.314625 0.291181
vt 0.316532 0.289668
f 2603/6576/2603 2395/6833/2395 2894/6834/2894
vt 0.741413 0.877461
f 2586/6351/2586 2534/5844/2534 2777/6835/2777
f 2397/4527/2397 2857/6734/2857 1492/3246/1492
vt 0.929066 0.809550
f 2596/5543/2596 2708/5991/2708 2910/6836/2910
vt 0.518951 0.942392
vt 0.520448 0.940010
f 2865/6837/2865 2811/6586/2811 2738/6838/2738
vt 0.915658 0.805732
f 2596/5543/2596 2864/6839/2864 2620/6648/2620
vt 0.679006 0.920766
f 2862/6725/2862 2748/5205/2748 2542/6840/2542
f 2482/6123/2482 2664/6084/2664 2804/6676/2804
f 2737/6465/2737 2613/5813/2613 2813/6650/2813
f 2921/5861/2921 2862/6725/2862 2542/6840/2542
f 2909/6493/2909 2893/6829/2893 2302/5664/2302
f 2737/5598/2737 2666/6022/2666 2659/6445/2659
vt 0.902104 0.803057
vt 0.903096 0.803519
f 2793/6841/2793 2681/6472/2681 2874/6842/2874
vt 0.066415 0.914710
vt 0.070131 0.922240
f 2829/6843/2829 2801/6844/2801 2760/6783/2760
vt 0.097605 0.846972
f 2588/6512/2588 2751/5435/2751 2777/6845/2777
f 2757/6482/2757 2110/5103/2110 2836/6093/2836
vt 0.025659 0.854843
vt 0.032254 0.856422
f 2767/6602/2767 2823/6846/2823 2794/6847/2794
f 2764/6788/2764 2823/6846/2823 2767/6602/2767
f 2939/6012/2939 2777/6845/2777 2751/5435/2751
f 2860/6747/2860 2409/2903/2409 2911/4524/2911
vt 0.839271 0.598130
vt 0.835700 0.596280
f 2883/4543/2883 2778/6848/2778 2779/6849/2779
vt 0.714787 0.902277
f 2831/6850/2831 2757/6482/2757 2836/6093/2836
vt 0.069809 0.897456
f 2799/6755/2799 2806/6777/2806 2886/6851/2886
vt 0.834460 0.790661
f 2931/6737/2931 2659/6736/2659 2666/6852/2666
vt 0.035076 0.832986
f 2791/6853/2791 2766/6652/2766 2819/6789/2819
vt 0.812096 0.380144
f 2658/6562/2658 2719/6561/2719 2920/6854/2920
vt 0.431211 0.441412
f 2833/6855/2833 2643/6504/2643 2832/6506/2832
f 2675/6435/2675 2839/6787/2839 2930/6535/2930
vt 0.046835 0.859581
f 2765/6774/2765 2767/6602/2767 2852/6856/2852
vt 0.735688 0.885776
f 2723/6719/2723 2724/6634/2724 2867/6857/2867
vt 0.051185 0.865575
f 2852/6856/2852 2880/6858/2880 2765/6774/2765
vt 0.051369 0.872633
f 2880/6858/2880 2809/6859/2809 2765/6774/2765
vt 0.890378 0.317425
f 2731/6860/2731 2761/6701/2761 2834/6814/2834
vt 0.080460 0.908663
vt 0.081301 0.905113
f 2768/6861/2768 2923/6862/2923 2796/6448/2796
vt 0.045402 0.843118
f 2805/6863/2805 2819/6789/2819 2795/6663/2795
vt 0.085595 0.547933
vt 0.079340 0.553593
f 2926/6864/2926 2847/6865/2847 2790/6792/2790
f 2769/6607/2769 2765/6774/2765 2809/6859/2809
vt 0.129975 0.293057
vt 0.125597 0.290124
vt 0.130918 0.291141
f 2780/6866/2780 2731/6867/2731 2910/6868/2910
vt 0.058010 0.879087
f 2769/6607/2769 2824/6869/2824 2806/6777/2806
vt 0.725961 0.888032
vt 0.726109 0.886615
vt 0.726901 0.888537
f 2518/6870/2518 2658/6871/2658 2933/6872/2933
vt 0.728716 0.888248
f 2920/6873/2920 2933/6872/2933 2658/6871/2658
f 2799/6755/2799 2829/6843/2829 2760/6783/2760
f 2626/5931/2626 2768/6861/2768 2796/6448/2796
vt 0.568420 0.953191
f 2746/6772/2746 2868/6874/2868 2647/6421/2647
f 2688/6665/2688 2734/6733/2734 2823/6765/2823
f 2896/6698/2896 2849/6756/2849 2687/6697/2687
vt 0.095422 0.431414
vt 0.096416 0.435213
f 2807/6875/2807 2721/6600/2721 2749/6876/2749
vt 0.437795 0.627777
vt 0.440656 0.630024
f 2733/6759/2733 2782/6877/2782 2846/6878/2846
f 2676/6452/2676 2750/6440/2750 2740/6601/2740
vt 0.908525 0.536094
f 2503/6078/2503 2796/6614/2796 2898/6879/2898
f 2805/6863/2805 2795/6663/2795 2847/6798/2847
vt 0.097608 0.921174
f 2623/6880/2623 2925/6195/2925 2729/5881/2729
vt 0.072323 0.890004
f 2886/6851/2886 2806/6777/2806 2884/6881/2884
vt 0.082178 0.541608
f 2790/6792/2790 2844/6793/2844 2887/6882/2887
vt 0.036646 0.845750
f 2805/6863/2805 2821/6883/2821 2819/6789/2819
vt 0.076086 0.917307
f 2826/6884/2826 2801/6844/2801 2829/6843/2829
vt 0.256962 0.323471
vt 0.258896 0.319617
vt 0.261961 0.322339
f 2874/6885/2874 2681/6886/2681 2873/6887/2873
vt 0.254441 0.324334
f 2874/6885/2874 2936/6888/2936 2793/6762/2793
vt 0.881435 0.798417
vt 0.881098 0.800271
f 2694/6551/2694 2789/6889/2789 2837/6890/2837
vt 0.063735 0.926936
f 2801/6844/2801 2820/6891/2820 2760/6783/2760
f 2824/6869/2824 2769/6607/2769 2809/6859/2809
vt 0.497413 0.156521
vt 0.500513 0.158911
vt 0.498038 0.158157
f 2830/6892/2830 2759/6893/2759 2653/6894/2653
f 2794/6847/2794 2852/6856/2852 2767/6602/2767
vt 0.882323 0.312285
vt 0.883513 0.311107
f 2785/6703/2785 2762/6895/2762 2810/6896/2810
vt 0.879747 0.310190
f 2762/6895/2762 2866/6897/2866 2810/6896/2810
vt 0.505586 0.955860
f 2727/6153/2727 2758/6775/2758 2855/6898/2855
vt 0.091768 0.510677
vt 0.091558 0.508772
f 2668/6899/2668 2788/6900/2788 2666/6022/2666
f 2798/6794/2798 2634/6383/2634 2781/6682/2781
vt 0.261021 0.449204
f 2830/6901/2830 2653/6560/2653 2858/6507/2858
f 2572/6616/2572 2721/6600/2721 2807/6875/2807
vt 0.501076 0.323217
f 2730/6831/2730 2815/6830/2815 2812/6902/2812
vt 0.518457 0.328356
f 2743/6611/2743 2770/6824/2770 2820/6903/2820
vt 0.055980 0.924458
f 2770/6904/2770 2754/6699/2754 2760/6783/2760
f 2656/6728/2656 2778/6800/2778 2904/6729/2904
f 2772/6826/2772 2743/6611/2743 2820/6903/2820
f 2760/6783/2760 2820/6891/2820 2770/6904/2770
vt 0.836133 0.599781
f 2778/6848/2778 2771/6905/2771 2779/6849/2779
f 2691/6660/2691 2756/6646/2756 2579/5347/2579
vt 0.176435 0.350381
f 2752/6766/2752 2717/6768/2717 2861/6906/2861
vt 0.070700 0.881049
vt 0.079681 0.885955
f 2932/6907/2932 2470/5384/2470 2938/6908/2938
f 2777/6835/2777 2534/5844/2534 2723/6719/2723
vt 0.789037 0.516222
f 2779/6741/2779 2573/5986/2573 2859/6909/2859
vt 0.436086 0.619680
vt 0.438858 0.623998
f 2782/6877/2782 2791/6910/2791 2816/6911/2816
f 2709/6080/2709 2904/6639/2904 2404/6487/2404
f 2647/6421/2647 2868/6874/2868 2736/6582/2736
f 2863/6479/2863 2736/6582/2736 2868/6874/2868
vt 0.791070 0.520525
f 2573/5986/2573 2774/6912/2774 2859/6909/2859
f 2407/4819/2407 2776/6251/2776 2911/5583/2911
vt 0.558710 0.953153
f 2811/6913/2811 2736/6582/2736 2863/6479/2863
vt 0.169460 0.228192
f 2906/6914/2906 2873/6813/2873 2773/6739/2773
vt 0.769591 0.612118
f 2911/6915/2911 2711/6557/2711 2860/6747/2860
f 2773/6739/2773 2864/6738/2864 2906/6914/2906
vt 0.866002 0.795684
f 2643/6241/2643 2833/6916/2833 2813/6650/2813
vt 0.860483 0.796515
f 2813/6650/2813 2833/6916/2833 2876/6917/2876
vt 0.963745 0.349692
f 2664/6654/2664 2775/6553/2775 2908/6918/2908
vt 0.591372 0.941519
f 2804/6676/2804 2664/6084/2664 2908/6919/2908
vt 0.222027 0.394799
vt 0.218168 0.393357
vt 0.223193 0.391591
f 2745/6920/2745 2854/6921/2854 2853/6922/2853
vt 0.028356 0.849315
f 2828/6923/2828 2821/6883/2821 2794/6847/2794
vt 0.287038 0.746908
f 2750/6924/2750 2838/5548/2838 2740/6559/2740
f 2110/5103/2110 2757/6482/2757 2783/6533/2783
f 2828/6923/2828 2794/6847/2794 2823/6846/2823
f 2926/6864/2926 2790/6792/2790 2887/6882/2887
vt 0.032830 0.837796
f 2791/6853/2791 2819/6789/2819 2816/6925/2816
vt 0.817072 0.378356
vt 0.816384 0.377023
f 2802/6926/2802 2719/6561/2719 2724/6927/2724
vt 0.724536 0.895698
f 2897/6690/2897 2685/6684/2685 2797/6928/2797
vt 0.755969 0.869730
f 2849/6756/2849 2896/6698/2896 2817/6929/2817
vt 0.556820 0.623179
vt 0.557708 0.626452
vt 0.555557 0.624680
f 2816/6930/2816 2846/6931/2846 2782/6932/2782
vt 0.598992 0.206595
vt 0.602212 0.206656
f 2841/6933/2841 2939/6934/2939 2698/6380/2698
vt 0.625238 0.465898
f 2569/6234/2569 2903/6750/2903 2822/6935/2822
vt 0.720072 0.895410
vt 0.723182 0.898308
f 2853/6936/2853 2797/6928/2797 2745/6937/2745
vt 0.885344 0.800682
f 2641/6337/2641 2885/6938/2885 2789/6710/2789
vt 0.637174 0.405155
f 2837/6815/2837 2789/6939/2789 2885/6477/2885
vt 0.056572 0.846191
f 2916/6940/2916 2805/6863/2805 2847/6798/2847
vt 0.512217 0.328004
f 2820/6903/2820 2850/6941/2850 2772/6826/2772
f 2884/6881/2884 2806/6777/2806 2824/6869/2824
vt 0.264082 0.078907
vt 0.262663 0.078708
vt 0.262018 0.076629
f 2834/6942/2834 2785/6943/2785 2810/6944/2810
vt 0.558414 0.634332
vt 0.557818 0.630383
vt 0.558761 0.631114
f 2734/6945/2734 2733/6946/2733 2828/6947/2828
vt 0.323634 0.496144
f 2672/6317/2672 2787/6948/2787 2888/6776/2888
vt 0.265402 0.076227
vt 0.261977 0.076628
f 2856/6949/2856 2834/6942/2834 2810/6950/2810
f 2816/6925/2816 2819/6789/2819 2821/6883/2821
vt 0.559805 0.639547
vt 0.559825 0.633591
f 2823/6951/2823 2734/6945/2734 2828/6952/2828
vt 0.139053 0.231659
vt 0.135815 0.233434
f 2714/6953/2714 2928/6954/2928 2808/6330/2808
vt 0.134442 0.232025
f 2715/6955/2715 2808/6330/2808 2928/6954/2928
vt 0.273975 0.178039
vt 0.269786 0.177008
vt 0.272356 0.174763
f 2731/6956/2731 2834/6957/2834 2907/6958/2907
f 2775/6326/2775 2715/6311/2715 2786/6492/2786
vt 0.877248 0.518495
f 2798/6794/2798 2781/6682/2781 2803/6959/2803
vt 0.052645 0.851341
vt 0.046106 0.850366
f 2843/6960/2843 2852/6856/2852 2827/6961/2827
f 2794/6847/2794 2821/6883/2821 2827/6961/2827
vt 0.501940 0.157188
f 2759/6893/2759 2830/6892/2830 2866/6962/2866
f 2821/6883/2821 2805/6863/2805 2827/6961/2827
f 2794/6847/2794 2827/6961/2827 2852/6856/2852
f 2925/6195/2925 2768/6861/2768 2626/5931/2626
vt 0.628604 0.454300
vt 0.631465 0.449354
f 2875/6963/2875 2623/6964/2623 2924/6238/2924
vt 0.031293 0.842156
f 2846/6965/2846 2816/6925/2816 2821/6883/2821
f 2805/6863/2805 2843/6960/2843 2827/6961/2827
vt 0.097620 0.574824
vt 0.092757 0.582357
vt 0.090497 0.580002
f 2937/6966/2937 2809/6967/2809 2880/6968/2880
vt 0.057074 0.859816
f 2892/6969/2892 2852/6856/2852 2843/6960/2843
vt 0.079966 0.538850
f 2887/6882/2887 2844/6793/2844 2869/6970/2869
vt 0.079648 0.928074
f 2826/6884/2826 2922/6971/2922 2801/6844/2801
f 2880/6858/2880 2852/6856/2852 2892/6969/2892
vt 0.075380 0.932895
f 2801/6844/2801 2922/6971/2922 2851/6972/2851
vt 0.760050 0.867555
vt 0.761849 0.866315
vt 0.764193 0.866480
f 2749/6973/2749 2848/6974/2848 2807/6975/2807
vt 0.070156 0.930893
f 2820/6891/2820 2801/6844/2801 2850/6976/2850
vt 0.915510 0.541400
f 2898/6879/2898 2796/6614/2796 2923/6977/2923
vt 0.889630 0.803145
f 2641/6337/2641 2936/6802/2936 2877/6978/2877
vt 0.329437 0.486067
f 2758/6569/2758 2888/6776/2888 2855/6979/2855
vt 0.074767 0.908298
f 2886/6851/2886 2889/6980/2889 2799/6755/2799
f 2915/4560/2915 2855/6898/2855 2575/4929/2575
f 2801/6844/2801 2851/6972/2851 2850/6976/2850
vt 0.617173 0.926144
vt 0.618273 0.928631
f 2931/6683/2931 2666/6981/2666 2788/6982/2788
vt 0.086085 0.561120
f 2916/6983/2916 2847/6865/2847 2926/6864/2926
vt 0.870603 0.796798
f 2832/6984/2832 2694/6551/2694 2870/5908/2870
vt 0.867371 0.797892
f 2833/6985/2833 2832/6984/2832 2870/5908/2870
vt 0.506198 0.326447
f 2850/6941/2850 2851/6986/2851 2772/6826/2772
f 2804/6676/2804 2890/6291/2890 2835/6712/2835
f 2829/6843/2829 2799/6755/2799 2889/6980/2889
vt 0.310326 0.148789
vt 0.313971 0.149593
vt 0.311494 0.151135
f 2747/6987/2747 2919/6988/2919 2746/6989/2746
f 2815/6830/2815 2772/6826/2772 2851/6986/2851
vt 0.827308 0.791124
vt 0.830064 0.790847
f 2931/6990/2931 2788/6991/2788 2668/6537/2668
f 2727/6153/2727 2855/6898/2855 2872/5869/2872
f 2846/6931/2846 2828/6947/2828 2733/6946/2733
f 2821/6883/2821 2828/6923/2828 2846/6965/2846
vt 0.610001 0.931597
f 2715/6311/2715 2928/6992/2928 2559/6310/2559
vt 0.259358 0.076627
vt 0.261817 0.074931
f 2810/6950/2810 2866/6993/2866 2871/6994/2871
vt 0.121529 0.285110
vt 0.119816 0.282425
vt 0.124518 0.284729
f 2834/6995/2834 2856/6996/2856 2907/6997/2907
f 2889/6980/2889 2826/6884/2826 2829/6843/2829
vt 0.938056 0.077170
vt 0.936267 0.074177
vt 0.939006 0.075405
f 2836/6998/2836 2718/6999/2718 2854/7000/2854
vt 0.128636 0.286509
f 2907/6997/2907 2893/7001/2893 2731/6867/2731
vt 0.673985 0.058853
vt 0.675885 0.060501
vt 0.673317 0.060578
f 2854/7002/2854 2831/7003/2831 2836/7004/2836
f 2910/6868/2910 2731/6867/2731 2893/7001/2893
vt 0.815302 0.375130
f 2719/6561/2719 2867/7005/2867 2724/6927/2724
f 2797/6928/2797 2853/6936/2853 2897/6690/2897
vt 0.693372 0.921211
vt 0.689018 0.919326
f 2726/7006/2726 2879/7007/2879 2839/6787/2839
vt 0.731600 0.886320
vt 0.734339 0.890635
f 2719/7008/2719 2802/7009/2802 2920/6873/2920
f 2802/7009/2802 2685/6684/2685 2920/6873/2920
f 2685/6684/2685 2897/6690/2897 2920/6873/2920
vt 0.123513 0.282574
f 2907/6997/2907 2856/6996/2856 2894/7010/2894
vt 0.686176 0.922698
f 2862/6725/2862 2879/7011/2879 2784/6356/2784
vt 0.501317 0.154926
f 2866/6962/2866 2830/6892/2830 2901/7012/2901
f 2934/6715/2934 2812/6902/2812 2815/6830/2815
vt 0.874577 0.516197
f 2781/6682/2781 2812/6695/2812 2934/7013/2934
f 2781/6682/2781 2934/7013/2934 2803/6959/2803
f 2811/6913/2811 2863/6479/2863 2738/4793/2738
vt 0.883773 0.308289
vt 0.879756 0.307015
f 2871/7014/2871 2866/6897/2866 2901/7015/2901
vt 0.523149 0.944607
f 2857/6734/2857 2865/6645/2865 2905/7016/2905
vt 0.556473 0.957777
f 2905/6466/2905 2865/7017/2865 2738/4793/2738
vt 0.885367 0.521983
f 2717/6608/2717 2798/6794/2798 2913/7018/2913
f 2171/4065/2171 2756/6646/2756 2872/5869/2872
vt 0.260979 0.435427
vt 0.259902 0.434718
vt 0.263200 0.434173
f 2861/7019/2861 2717/7020/2717 2913/7021/2913
vt 0.593255 0.422297
vt 0.593262 0.419829
f 2902/5561/2902 2660/7022/2660 2744/7023/2744
vt 0.261035 0.431852
vt 0.263778 0.430128
f 2913/7021/2913 2798/7024/2798 2914/7025/2914
vt 0.072054 0.833478
vt 0.071732 0.830925
vt 0.074047 0.831567
f 2845/7026/2845 2869/7027/2869 2807/7028/2807
vt 0.188025 0.320453
vt 0.182438 0.319646
f 2818/7029/2818 2919/6803/2919 2747/7030/2747
f 2900/6817/2900 2740/6559/2740 2838/5548/2838
f 2777/6835/2777 2896/6698/2896 2586/6351/2586
vt 0.731717 0.884693
vt 0.730478 0.882888
f 2927/6780/2927 2719/7031/2719 2444/7032/2444
f 2860/6746/2860 2735/6432/2735 2881/6816/2881
vt 0.793019 0.597630
vt 0.795722 0.590314
f 2814/6443/2814 2776/7033/2776 2407/7034/2407
f 2777/6835/2777 2723/6719/2723 2918/6779/2918
vt 0.085911 0.922256
f 2826/6884/2826 2875/7035/2875 2922/6971/2922
f 2867/6857/2867 2927/6780/2927 2723/6719/2723
f 2918/6779/2918 2723/6719/2723 2927/6780/2927
vt 0.090306 0.575748
vt 0.093216 0.571153
f 2880/7036/2880 2892/7037/2892 2937/6966/2937
vt 0.083050 0.566466
vt 0.088541 0.565235
vt 0.087448 0.567741
f 2843/7038/2843 2899/7039/2899 2892/7040/2892
vt 0.061092 0.868303
vt 0.063718 0.863382
f 2937/7041/2937 2701/7042/2701 2544/6128/2544
vt 0.078898 0.931462
vt 0.078523 0.934310
f 2851/6972/2851 2922/7043/2922 2815/7044/2815
vt 0.776401 0.385639
f 2839/7045/2839 2842/5677/2842 2547/5057/2547
vt 0.055245 0.848150
vt 0.054682 0.849033
f 2805/6863/2805 2916/7046/2916 2843/7047/2843
vt 0.064555 0.856291
vt 0.058998 0.850351
vt 0.063378 0.850613
f 2632/7048/2632 2916/7049/2916 2683/7050/2683
f 2930/6535/2930 2839/6787/2839 2878/3984/2878
vt 0.051469 0.872727
f 2809/7051/2809 2937/7041/2937 2824/6869/2824
vt 0.067562 0.831961
vt 0.068404 0.828860
f 2845/7026/2845 2887/7052/2887 2869/7053/2869
vt 0.058685 0.854499
f 2916/7049/2916 2632/7048/2632 2899/7054/2899
f 2824/6869/2824 2937/7041/2937 2544/6128/2544
vt 0.265634 0.075005
f 2871/6994/2871 2856/7055/2856 2810/6950/2810
vt 0.075223 0.835094
f 2845/7026/2845 2807/7028/2807 2848/7056/2848
vt 0.900170 0.805100
vt 0.902413 0.805066
f 2874/7057/2874 2873/7058/2873 2935/5178/2935
vt 0.068054 0.836251
f 2845/7026/2845 2926/7059/2926 2887/7052/2887
f 2921/5861/2921 2879/7011/2879 2862/6725/2862
f 2932/6907/2932 2824/6869/2824 2544/6128/2544
f 2938/6091/2938 2503/6078/2503 2898/6879/2898
vt 0.885649 0.801600
vt 0.887236 0.802105
f 2885/7060/2885 2641/6337/2641 2877/7061/2877
vt 0.312778 0.152853
f 2919/6988/2919 2868/7062/2868 2746/6989/2746
f 2878/3984/2878 2825/6118/2825 2930/6535/2930
f 2824/6869/2824 2932/6907/2932 2884/6881/2884
vt 0.078251 0.895846
f 2884/6881/2884 2898/7063/2898 2886/6851/2886
f 2683/6125/2683 2926/6864/2926 2929/6726/2929
f 2889/6980/2889 2886/6851/2886 2898/7063/2898
vt 0.757751 0.868000
f 2917/7064/2917 2749/6973/2749 2849/6756/2849
vt 0.086328 0.842463
f 2841/7065/2841 2698/6621/2698 2917/6626/2917
vt 0.714702 0.367940
vt 0.714867 0.369776
vt 0.713080 0.367997
f 2849/7066/2849 2817/7067/2817 2917/7068/2917
vt 0.084195 0.927427
f 2922/6971/2922 2875/7035/2875 2822/7069/2822
vt 0.430292 0.442061
f 2876/6548/2876 2833/7070/2833 2674/5686/2674
f 2826/6884/2826 2889/6980/2889 2768/6861/2768
vt 0.074585 0.834987
f 2926/7059/2926 2845/7026/2845 2848/7071/2848
f 2934/6715/2934 2815/6830/2815 2903/6717/2903
vt 0.077816 0.835672
f 2917/6626/2917 2848/7056/2848 2749/7072/2749
vt 0.697221 0.907461
f 2825/7073/2825 2110/5103/2110 2783/6533/2783
vt 0.264691 0.074094
f 2894/7074/2894 2856/7055/2856 2871/6994/2871
f 2822/6935/2822 2924/6238/2924 2569/6234/2569
vt 0.711934 0.376274
vt 0.713222 0.373299
vt 0.717120 0.374281
f 2939/7075/2939 2841/7076/2841 2896/7077/2896
vt 0.624766 0.472007
vt 0.621988 0.467067
f 2815/7078/2815 2922/7079/2922 2903/6750/2903
f 2826/6884/2826 2925/6195/2925 2875/7035/2875
vt 0.875731 0.801094
f 2210/7080/2210 2694/6551/2694 2837/6890/2837
vt 0.242815 0.175642
vt 0.240080 0.174409
vt 0.241869 0.173738
f 2931/7081/2931 2928/7082/2928 2714/7083/2714
f 2694/6551/2694 2210/7080/2210 2870/5908/2870
f 2864/6839/2864 2596/5543/2596 2906/6801/2906
vt 0.578403 0.949438
vt 0.580592 0.949054
f 2818/7084/2818 2835/6712/2835 2890/7085/2890
f 1475/3243/1475 2778/6800/2778 2739/2970/2739
vt 0.314771 0.153327
f 2919/6988/2919 2863/7086/2863 2868/7062/2868
f 2839/7045/2839 2879/6805/2879 2842/5677/2842
vt 0.262180 0.445291
f 2755/6711/2755 2895/7087/2895 2858/6507/2858
vt 0.263153 0.447022
f 2830/6901/2830 2858/6507/2858 2895/7088/2895
vt 0.326531 0.290192
vt 0.330673 0.291472
f 2901/7089/2901 2830/7090/2830 2895/6808/2895
vt 0.128805 0.286593
vt 0.134180 0.288284
f 2910/6868/2910 2893/7091/2893 2909/7092/2909
vt 0.337789 0.292464
vt 0.339994 0.294257
f 2895/6808/2895 2755/7093/2755 2912/7094/2912
vt 0.143316 0.317559
f 2913/6494/2913 2912/6823/2912 2861/7095/2861
f 2910/6836/2910 2272/5155/2272 2596/5543/2596
f 2272/5155/2272 2910/6836/2910 2909/6493/2909
vt 0.138785 0.320131
f 2861/7095/2861 2912/6823/2912 2755/7096/2755
f 2919/6803/2919 2818/7029/2818 2645/5129/2645
f 2908/6919/2908 2604/4204/2604 2804/6676/2804
vt 0.321025 0.489495
f 2787/6948/2787 2397/7097/2397 2888/6776/2888
f 2787/6476/2787 2857/6734/2857 2397/4527/2397
vt 0.490156 0.324088
vt 0.492890 0.323603
f 2914/7098/2914 2803/7099/2803 2934/6715/2934
vt 0.882236 0.518501
f 2803/6959/2803 2914/7100/2914 2798/6794/2798
f 2881/6816/2881 2735/6432/2735 2900/6817/2900
vt 0.172302 0.231053
f 2873/6813/2873 2906/6914/2906 2217/7101/2217
f 2416/4830/2416 2737/6465/2737 2813/6650/2813
vt 0.423101 0.445570
f 2876/6681/2876 2416/5175/2416 2813/7102/2813
f 2904/6729/2904 2778/6800/2778 1475/3243/1475
f 2908/6004/2908 2775/6326/2775 2786/6492/2786
f 2415/6028/2415 2610/6249/2610 2814/6443/2814
f 2774/6036/2774 2610/6249/2610 2415/6028/2415
f 2872/5869/2872 2855/6898/2855 2915/4560/2915
f 2783/6533/2783 2930/6535/2930 2825/6118/2825
vt 0.089388 0.540236
f 2926/6864/2926 2848/7103/2848 2929/6726/2929
f 2531/5941/2531 2902/6056/2902 2748/5205/2748
vt 0.099005 0.567309
f 2937/6966/2937 2892/7037/2892 2701/7104/2701
vt 0.090636 0.927371
f 2875/7035/2875 2924/7105/2924 2822/7069/2822
vt 0.911306 0.544510
f 2898/6879/2898 2923/6977/2923 2889/7106/2889
f 2891/6714/2891 2914/7098/2914 2934/6715/2934
vt 0.340587 0.297546
f 2396/6809/2396 2912/7094/2912 2463/7107/2463
f 2920/6873/2920 2897/6690/2897 2933/6872/2933
vt 0.237465 0.177315
f 2559/7108/2559 2928/7082/2928 2931/7081/2931
f 2877/6978/2877 2936/6802/2936 2840/5137/2840
f 2896/7077/2896 2841/7076/2841 2817/7067/2817
f 2900/6817/2900 2838/5548/2838 2597/4812/2597
vt 0.848296 0.068640
vt 0.847444 0.070810
vt 0.845687 0.069948
f 2885/7109/2885 2877/7110/2877 2840/7111/2840
vt 0.320883 0.289592
f 2894/6834/2894 2871/7112/2871 2603/6576/2603
vt 0.219195 0.390818
vt 0.220570 0.388784
f 2853/6922/2853 2854/7113/2854 2718/7114/2718
f 2895/6808/2895 2912/7094/2912 2396/6809/2396
f 2871/7112/2871 2901/7089/2901 2603/6576/2603
f 2833/6985/2833 2870/5908/2870 2480/5173/2480
f 2480/5173/2480 2674/5445/2674 2833/6985/2833
f 2899/7039/2899 2843/7038/2843 2916/6983/2916
f 2684/6574/2684 2603/6576/2603 2901/7089/2901
f 2575/5146/2575 2855/6979/2855 2888/6776/2888
vt 0.812879 0.373806
f 2927/7115/2927 2867/7005/2867 2719/6561/2719
f 2925/6195/2925 2826/6884/2826 2768/6861/2768
vt 0.716550 0.379708
f 2939/7075/2939 2896/7077/2896 2777/7116/2777
vt 0.791938 0.511161
f 2779/6741/2779 2859/6909/2859 2883/7117/2883
f 2901/7089/2901 2895/6808/2895 2684/6574/2684
f 2890/6291/2890 2804/6676/2804 2604/4204/2604
f 2748/5205/2748 2862/6725/2862 2531/5941/2531
vt 0.573081 0.952438
f 2863/6479/2863 2919/7118/2919 2405/4797/2405
vt 0.237812 0.125627
vt 0.239729 0.123811
vt 0.240791 0.125690
f 2893/7119/2893 2907/7120/2907 2593/7121/2593
vt 0.245500 0.124002
f 2395/7122/2395 2593/7121/2593 2907/7120/2907
f 2903/6750/2903 2922/7079/2922 2822/6935/2822
vt 0.245290 0.121292
f 2907/7120/2907 2894/7123/2894 2395/7122/2395
f 2935/5178/2935 2882/5554/2882 2874/7057/2874
f 2935/6456/2935 2873/6887/2873 2217/6457/2217
f 2925/6195/2925 2623/6880/2623 2875/7035/2875
f 2878/3984/2878 2839/6787/2839 2547/6120/2547
f 2544/6128/2544 2470/5384/2470 2932/6907/2932
f 2926/6864/2926 2683/6125/2683 2916/6983/2916
vt 0.058884 0.859455
f 2899/7054/2899 2632/7048/2632 2892/7124/2892
vt 0.768449 0.384163
f 2879/6805/2879 2921/7125/2921 2842/5677/2842
f 2848/7056/2848 2917/6626/2917 2929/6624/2929
f 2938/6908/2938 2898/7063/2898 2884/6881/2884
vt 0.096485 0.562260
f 2892/7037/2892 2632/7126/2632 2701/7104/2701
vt 0.224827 0.389741
f 2373/7127/2373 2853/6922/2853 2718/7114/2718
vt 0.712762 0.370951
f 2841/7076/2841 2917/7128/2917 2817/7067/2817
vt 0.716699 0.892503
f 2373/7129/2373 2800/6691/2800 2853/6936/2853
f 2897/6690/2897 2853/6936/2853 2800/6691/2800
f 2932/6907/2932 2938/6908/2938 2884/6881/2884
vt 0.188402 0.324442
f 2890/7130/2890 2645/5129/2645 2818/7029/2818
f 2889/6980/2889 2923/6862/2923 2768/6861/2768
# 5874 faces, 7130 coords texture

# End of File
