####
#
# OBJ File Generated by Meshlab
#
####
# Object 20-0610-08-15_DS.obj
#
# Vertices: 3063
# Faces: 6122
#
####
mtllib ./20-0610-08-15_DS.obj.mtl

vn 0.008411 -0.135465 -0.990746
v 13.851711 7.305499 444.863770 0.752941 0.752941 0.752941
vn 0.231582 0.099326 0.967731
v 20.493172 15.046449 467.865997 0.752941 0.752941 0.752941
vn 0.290385 0.172752 -0.941187
v 13.905758 7.681263 444.875488 0.752941 0.752941 0.752941
vn -0.126965 -0.010189 -0.991855
v 13.513501 7.671020 444.842438 0.752941 0.752941 0.752941
vn 0.073458 0.227614 -0.970977
v 13.664059 8.233204 444.969849 0.752941 0.752941 0.752941
vn -0.436865 -0.152523 -0.886502
v 13.215423 7.593810 444.943054 0.752941 0.752941 0.752941
vn -0.558188 -0.272059 -0.783844
v 13.167598 7.204486 445.123260 0.752941 0.752941 0.752941
vn -0.265042 0.101061 -0.958926
v 13.246159 8.164785 444.979004 0.752941 0.752941 0.752941
vn -0.289074 -0.277605 -0.916172
v 13.528740 7.263863 444.968933 0.752941 0.752941 0.752941
vn 0.152400 -0.130634 -0.979647
v 14.151196 6.814902 444.965271 0.752941 0.752941 0.752941
vn 0.562069 -0.205348 -0.801193
v 14.351559 6.696416 445.050262 0.752941 0.752941 0.752941
vn -0.413573 0.038842 -0.909642
v 12.888430 8.585884 445.104431 0.752941 0.752941 0.752941
vn -0.050847 -0.221901 0.973742
v 20.507711 14.508466 467.835144 0.752941 0.752941 0.752941
vn 0.005244 0.149063 -0.988814
v 13.372678 8.567599 445.030060 0.752941 0.752941 0.752941
vn -0.240612 -0.249101 -0.938112
v 13.728657 6.173108 445.106232 0.752941 0.752941 0.752941
vn -0.200498 -0.175014 -0.963935
v 13.886079 6.664380 445.015289 0.752941 0.752941 0.752941
vn 0.293616 0.337447 -0.894382
v 13.447994 9.136142 445.106750 0.752941 0.752941 0.752941
vn 0.193160 0.340334 0.920251
v 20.356823 15.886496 467.718689 0.752941 0.752941 0.752941
vn 0.528389 0.296685 -0.795477
v 14.147386 8.446302 445.249298 0.752941 0.752941 0.752941
vn 0.252982 -0.287449 -0.923782
v 14.082194 6.316816 445.032776 0.752941 0.752941 0.752941
vn -0.258622 0.224761 -0.939466
v 13.001095 9.289838 445.135986 0.752941 0.752941 0.752941
vn 0.509346 0.268792 -0.817507
v 14.447782 7.611073 445.120483 0.752941 0.752941 0.752941
vn 0.380310 0.306952 -0.872436
v 13.762097 8.874990 445.168152 0.752941 0.752941 0.752941
vn 0.399914 0.268482 -0.876348
v 13.943596 8.226478 445.018799 0.752941 0.752941 0.752941
vn 0.510531 0.014487 -0.859738
v 14.461409 7.220307 445.040466 0.752941 0.752941 0.752941
vn -0.085040 0.129499 0.987926
v 20.112640 15.387654 467.863159 0.752941 0.752941 0.752941
vn 0.579385 -0.058777 -0.812932
v 14.700201 7.140256 445.325134 0.752941 0.752941 0.752941
vn -0.491781 -0.226771 -0.840670
v 13.316320 6.653223 445.200043 0.752941 0.752941 0.752941
vn -0.722109 -0.009126 -0.691719
v 12.640847 8.747743 445.313934 0.752941 0.752941 0.752941
vn 0.005790 -0.371821 -0.928286
v 13.928400 5.987933 445.157623 0.752941 0.752941 0.752941
vn 0.491669 0.396678 -0.775183
v 13.742396 9.416472 445.428406 0.752941 0.752941 0.752941
vn -0.451129 -0.276801 -0.848448
v 13.539607 6.058965 445.223724 0.752941 0.752941 0.752941
vn -0.217332 -0.266768 0.938936
v 19.887289 14.241494 467.611755 0.752941 0.752941 0.752941
vn 0.331731 0.455702 -0.826009
v 13.486335 9.593247 445.354980 0.752941 0.752941 0.752941
vn 0.394910 -0.434525 -0.809465
v 14.021583 5.539008 445.385559 0.752941 0.752941 0.752941
vn 0.399755 -0.125581 -0.907979
v 14.755091 6.881517 445.369598 0.752941 0.752941 0.752941
vn -0.072722 0.504259 -0.860485
v 13.107425 9.604465 445.294434 0.752941 0.752941 0.752941
vn 0.430396 -0.187579 0.882935
v 21.329370 13.838232 467.556030 0.752941 0.752941 0.752941
vn 0.559303 0.136424 0.817661
v 21.006910 14.512032 467.713165 0.752941 0.752941 0.752941
vn -0.354445 -0.028055 0.934656
v 19.676455 15.128271 467.683075 0.752941 0.752941 0.752941
vn 0.500006 0.286656 -0.817204
v 14.418410 7.999443 445.270996 0.752941 0.752941 0.752941
vn 0.488943 0.378127 -0.786101
v 13.837801 9.120500 445.353912 0.752941 0.752941 0.752941
vn -0.392785 0.212732 0.894687
v 19.820494 15.563259 467.724335 0.752941 0.752941 0.752941
vn -0.125406 0.420712 -0.898485
v 12.807990 9.989802 445.529785 0.752941 0.752941 0.752941
vn 0.515508 0.339090 -0.786937
v 14.351728 8.695026 445.468475 0.752941 0.752941 0.752941
vn 0.556321 -0.283457 -0.781127
v 14.493363 6.295485 445.352997 0.752941 0.752941 0.752941
vn 0.569022 0.173081 -0.803901
v 14.741978 7.756494 445.395813 0.752941 0.752941 0.752941
vn -0.157874 -0.431427 -0.888227
v 13.754704 5.468091 445.306091 0.752941 0.752941 0.752941
vn 0.410254 0.505858 -0.758814
v 13.535859 9.788837 445.505096 0.752941 0.752941 0.752941
vn 0.539638 -0.231589 -0.809418
v 14.609609 6.538866 445.375946 0.752941 0.752941 0.752941
vn 0.495565 0.320153 -0.807414
v 14.532954 8.544043 445.535248 0.752941 0.752941 0.752941
vn -0.587398 -0.289162 -0.755876
v 13.470807 5.714513 445.372681 0.752941 0.752941 0.752941
vn 0.549627 0.070505 -0.832430
v 15.039542 7.482390 445.531403 0.752941 0.752941 0.752941
vn -0.381122 0.219314 0.898135
v 19.639257 15.786326 467.555176 0.752941 0.752941 0.752941
vn -0.650859 -0.132279 -0.747586
v 12.836555 7.944725 445.210510 0.752941 0.752941 0.752941
vn 0.637703 0.352400 0.684945
v 20.642733 15.601417 467.652222 0.752941 0.752941 0.752941
vn 0.179046 0.473506 0.862400
v 20.168430 16.276222 467.574615 0.752941 0.752941 0.752941
vn 0.820051 0.338629 0.461352
v 20.948460 15.005354 467.516144 0.752941 0.752941 0.752941
vn 0.057267 0.507051 -0.860012
v 13.254974 9.918023 445.475647 0.752941 0.752941 0.752941
vn 0.089821 0.565236 -0.820025
v 13.049527 10.362486 445.701599 0.752941 0.752941 0.752941
vn -0.095158 -0.466884 0.879184
v 20.388859 13.743294 467.468689 0.752941 0.752941 0.752941
vn -0.678160 -0.253317 -0.689877
v 12.917364 6.746124 445.545746 0.752941 0.752941 0.752941
vn -0.051927 -0.560560 -0.826484
v 13.758276 5.064132 445.618988 0.752941 0.752941 0.752941
vn 0.524531 -0.101747 -0.845290
v 15.189143 6.807341 445.619995 0.752941 0.752941 0.752941
vn 0.519730 0.150844 -0.840908
v 15.165906 7.820578 445.672821 0.752941 0.752941 0.752941
vn -0.036703 -0.449811 0.892369
v 20.806879 13.913097 467.592804 0.752941 0.752941 0.752941
vn 0.201980 0.511759 -0.835049
v 13.140371 10.187639 445.627075 0.752941 0.752941 0.752941
vn 0.493732 0.383796 -0.780339
v 14.090771 9.169532 445.517975 0.752941 0.752941 0.752941
vn -0.312859 -0.090398 0.945488
v 19.397188 14.657871 467.550049 0.752941 0.752941 0.752941
vn -0.404136 0.181865 0.896437
v 19.292953 15.576906 467.445221 0.752941 0.752941 0.752941
vn -0.243959 0.298961 0.922554
v 19.994747 15.907598 467.660400 0.752941 0.752941 0.752941
vn 0.411188 0.260845 -0.873433
v 15.130749 8.352520 445.797882 0.752941 0.752941 0.752941
vn 0.203108 -0.554656 -0.806910
v 14.064366 4.751600 445.818787 0.752941 0.752941 0.752941
vn 0.478615 0.303782 -0.823799
v 14.847698 8.335901 445.610046 0.752941 0.752941 0.752941
vn -0.565104 0.248113 -0.786827
v 12.647048 9.323294 445.316223 0.752941 0.752941 0.752941
vn -0.270160 -0.238499 0.932808
v 19.260521 14.226665 467.439453 0.752941 0.752941 0.752941
vn -0.446341 -0.317331 -0.836708
v 13.186008 5.101076 445.842438 0.752941 0.752941 0.752941
vn 0.045699 -0.511904 -0.857826
v 13.967571 4.868939 445.740021 0.752941 0.752941 0.752941
vn -0.527391 -0.382069 -0.758869
v 13.381993 5.337260 445.630798 0.752941 0.752941 0.752941
vn 0.490535 0.361100 -0.793084
v 14.626284 8.980715 445.794250 0.752941 0.752941 0.752941
vn 0.448646 0.411512 -0.793332
v 14.241008 9.631387 445.884918 0.752941 0.752941 0.752941
vn 0.607953 0.574631 0.547897
v 20.407959 16.538258 467.192169 0.752941 0.752941 0.752941
vn -0.766171 -0.096412 -0.635364
v 12.234343 7.027660 446.113892 0.752941 0.752941 0.752941
vn 0.436925 -0.484622 -0.757785
v 14.749572 5.199587 445.996307 0.752941 0.752941 0.752941
vn 0.493162 0.463539 -0.736154
v 13.927527 9.726906 445.717407 0.752941 0.752941 0.752941
vn -0.184115 -0.536290 -0.823708
v 13.599537 4.837186 445.871918 0.752941 0.752941 0.752941
vn 0.488026 -0.208858 -0.847472
v 15.552670 6.405475 445.948883 0.752941 0.752941 0.752941
vn 0.362793 0.141189 -0.921112
v 15.446842 8.065480 445.867188 0.752941 0.752941 0.752941
vn -0.352615 -0.076335 0.932650
v 18.923300 14.538600 467.371765 0.752941 0.752941 0.752941
vn 0.381819 0.669095 -0.637594
v 13.414730 10.581771 446.077057 0.752941 0.752941 0.752941
vn 0.388535 0.537385 -0.748504
v 13.538216 10.214578 445.812469 0.752941 0.752941 0.752941
vn -0.131923 -0.401276 -0.906407
v 13.247522 4.628769 445.991272 0.752941 0.752941 0.752941
vn 0.414465 -0.420781 -0.806946
v 14.364455 5.275471 445.726685 0.752941 0.752941 0.752941
vn 0.403299 -0.033251 -0.914464
v 15.718605 7.312479 445.931030 0.752941 0.752941 0.752941
vn 0.391326 0.393973 -0.831655
v 13.946848 10.095057 445.989807 0.752941 0.752941 0.752941
vn 0.339854 0.313831 -0.886572
v 14.925648 8.935990 445.936920 0.752941 0.752941 0.752941
vn -0.838723 -0.038367 -0.543204
v 12.191167 8.586371 446.103943 0.752941 0.752941 0.752941
vn 0.416371 0.381278 -0.825386
v 15.316980 9.197798 446.072052 0.752941 0.752941 0.752941
vn 0.527210 0.199253 -0.826043
v 16.019211 7.971912 446.021393 0.752941 0.752941 0.752941
vn -0.387658 0.143032 0.910639
v 19.185329 16.094822 467.329315 0.752941 0.752941 0.752941
vn 0.478511 -0.325892 -0.815366
v 14.791308 5.850087 445.702759 0.752941 0.752941 0.752941
vn 0.339229 -0.618519 -0.708772
v 14.057093 4.476867 446.049500 0.752941 0.752941 0.752941
vn 0.459227 0.304866 -0.834366
v 15.644073 8.668787 446.045868 0.752941 0.752941 0.752941
vn 0.561342 0.403741 -0.722418
v 15.871848 8.882560 446.432373 0.752941 0.752941 0.752941
vn -0.400449 0.191131 0.896164
v 18.820438 15.720127 467.203125 0.752941 0.752941 0.752941
vn 0.102569 -0.628925 -0.770671
v 13.573825 4.123211 446.221222 0.752941 0.752941 0.752941
vn 0.501144 -0.484957 -0.716708
v 14.391757 4.732894 446.105225 0.752941 0.752941 0.752941
vn 0.330595 0.316108 -0.889260
v 14.724622 9.365514 446.019867 0.752941 0.752941 0.752941
vn 0.379894 0.415315 -0.826555
v 14.621751 9.870722 446.136017 0.752941 0.752941 0.752941
vn 0.369566 0.605683 -0.704677
v 13.953393 10.382711 446.107880 0.752941 0.752941 0.752941
vn -0.652345 -0.231942 -0.721560
v 12.822548 6.008380 445.911194 0.752941 0.752941 0.752941
vn 0.440715 -0.063442 -0.895403
v 16.250292 7.234431 446.076813 0.752941 0.752941 0.752941
vn 0.824182 0.245440 0.510376
v 21.536072 14.015532 467.314667 0.752941 0.752941 0.752941
vn 0.416789 0.488104 -0.766839
v 14.369188 10.083123 446.115753 0.752941 0.752941 0.752941
vn 0.028854 0.625890 -0.779377
v 12.901608 10.830509 446.089630 0.752941 0.752941 0.752941
vn 0.015004 0.629900 -0.776531
v 12.659789 10.951650 446.167297 0.752941 0.752941 0.752941
vn -0.328631 0.298949 0.895897
v 19.399189 16.508883 467.311615 0.752941 0.752941 0.752941
vn 0.309913 0.711959 -0.630133
v 13.171752 10.852677 446.175262 0.752941 0.752941 0.752941
vn 0.410453 -0.584573 -0.699859
v 14.404742 4.368117 446.318695 0.752941 0.752941 0.752941
vn 0.399890 0.488520 -0.775523
v 14.921158 9.599802 446.108521 0.752941 0.752941 0.752941
vn -0.014904 -0.524218 0.851454
v 20.943081 13.509657 467.362823 0.752941 0.752941 0.752941
vn 0.544884 -0.210749 -0.811595
v 16.418375 6.604336 446.278931 0.752941 0.752941 0.752941
vn 0.089494 -0.584538 -0.806416
v 13.794673 4.366621 446.101593 0.752941 0.752941 0.752941
vn -0.047720 -0.563468 -0.824759
v 13.197605 3.989671 446.319977 0.752941 0.752941 0.752941
vn 0.442481 -0.514580 -0.734451
v 14.776125 4.803810 446.326782 0.752941 0.752941 0.752941
vn 0.581616 -0.014929 -0.813326
v 16.447643 7.235328 446.251221 0.752941 0.752941 0.752941
vn -0.311046 -0.199693 0.929179
v 18.897005 14.052642 467.281219 0.752941 0.752941 0.752941
vn -0.370016 0.060343 0.927063
v 18.974644 15.138397 467.383423 0.752941 0.752941 0.752941
vn 0.585695 0.377236 -0.717395
v 15.994147 8.475099 446.299652 0.752941 0.752941 0.752941
vn 0.498150 -0.031100 -0.866533
v 16.645168 7.261658 446.340942 0.752941 0.752941 0.752941
vn 0.569533 0.274409 -0.774811
v 16.252796 7.978384 446.276703 0.752941 0.752941 0.752941
vn 0.472401 -0.360303 -0.804375
v 15.485241 5.672262 446.149078 0.752941 0.752941 0.752941
vn -0.404815 0.390749 -0.826704
v 12.352356 10.440994 445.910767 0.752941 0.752941 0.752941
vn 0.472367 0.635266 -0.610988
v 14.450516 10.282461 446.414093 0.752941 0.752941 0.752941
vn 0.420281 -0.504525 -0.754200
v 15.150311 5.116153 446.250824 0.752941 0.752941 0.752941
vn 0.320264 0.759352 -0.566405
v 13.564356 10.986523 446.691010 0.752941 0.752941 0.752941
vn 0.271160 -0.697616 -0.663177
v 13.905156 4.127203 446.330353 0.752941 0.752941 0.752941
vn -0.369443 0.186516 0.910343
v 18.732763 15.415524 467.257599 0.752941 0.752941 0.752941
vn 0.391713 0.209536 -0.895911
v 16.453613 7.854039 446.348572 0.752941 0.752941 0.752941
vn -0.425198 -0.282429 -0.859907
v 12.949356 4.559786 446.108246 0.752941 0.752941 0.752941
vn 0.788993 0.015495 0.614207
v 21.744141 13.468493 467.095612 0.752941 0.752941 0.752941
vn 0.467846 0.366864 -0.804071
v 16.171967 8.663754 446.498688 0.752941 0.752941 0.752941
vn 0.365847 -0.712049 -0.599284
v 14.358212 4.138332 446.551392 0.752941 0.752941 0.752941
vn 0.515804 0.484636 -0.706451
v 15.503475 9.409497 446.447083 0.752941 0.752941 0.752941
vn -0.461246 0.288077 0.839205
v 18.987659 16.292534 467.216980 0.752941 0.752941 0.752941
vn 0.552981 0.113522 -0.825424
v 16.693268 7.676947 446.425049 0.752941 0.752941 0.752941
vn 0.405599 -0.268751 -0.873649
v 15.998524 6.363651 446.190186 0.752941 0.752941 0.752941
vn 0.398040 -0.423345 -0.813845
v 16.037975 5.679389 446.503998 0.752941 0.752941 0.752941
vn -0.390814 -0.366543 -0.844340
v 12.772360 4.001074 446.386383 0.752941 0.752941 0.752941
vn -0.158895 -0.460430 0.873359
v 19.671785 13.690311 467.343567 0.752941 0.752941 0.752941
vn 0.467037 -0.509784 -0.722494
v 15.661180 5.193061 446.540985 0.752941 0.752941 0.752941
vn -0.341917 -0.074034 0.936809
v 18.496435 14.436757 467.188385 0.752941 0.752941 0.752941
vn -0.025252 -0.582032 0.812774
v 20.619822 13.102095 467.092224 0.752941 0.752941 0.752941
vn 0.442173 0.488547 -0.752200
v 15.487383 9.687320 446.633057 0.752941 0.752941 0.752941
vn 0.357402 0.799821 -0.482236
v 13.228694 11.008100 446.506165 0.752941 0.752941 0.752941
vn 0.226848 0.772391 -0.593256
v 12.727296 11.193014 446.403748 0.752941 0.752941 0.752941
vn 0.231283 -0.780743 -0.580473
v 13.708539 3.882998 446.576508 0.752941 0.752941 0.752941
vn 0.534518 -0.204398 -0.820068
v 16.749313 6.350267 446.626892 0.752941 0.752941 0.752941
vn -0.105417 -0.522440 0.846135
v 20.045204 13.338338 467.192413 0.752941 0.752941 0.752941
vn 0.215521 0.794731 -0.567409
v 12.583085 11.393454 446.636078 0.752941 0.752941 0.752941
vn 0.021411 -0.688709 -0.724722
v 12.927858 3.658359 446.565979 0.752941 0.752941 0.752941
vn 0.469227 0.370401 -0.801642
v 16.114395 9.125239 446.662720 0.752941 0.752941 0.752941
vn 0.540290 -0.116998 -0.833306
v 16.896677 7.092974 446.573730 0.752941 0.752941 0.752941
vn 0.425029 0.582379 -0.692954
v 15.055984 10.132957 446.653015 0.752941 0.752941 0.752941
vn -0.580275 0.129164 -0.804113
v 11.757752 11.079306 446.598328 0.752941 0.752941 0.752941
vn -0.524381 -0.240329 -0.816864
v 12.467409 3.980829 446.585449 0.752941 0.752941 0.752941
vn -0.627130 -0.137989 -0.766594
v 12.557930 5.118294 446.399384 0.752941 0.752941 0.752941
vn 0.512058 0.191941 -0.837231
v 16.855385 8.180169 446.626312 0.752941 0.752941 0.752941
vn 0.446096 0.247992 -0.859941
v 16.681988 8.131635 446.510590 0.752941 0.752941 0.752941
vn -0.012963 0.533024 0.846001
v 19.603506 16.924063 467.216705 0.752941 0.752941 0.752941
vn 0.405413 0.352788 -0.843315
v 16.418707 8.560409 446.601837 0.752941 0.752941 0.752941
vn 0.350432 0.778716 -0.520383
v 12.852067 11.280670 446.644714 0.752941 0.752941 0.752941
vn 0.496483 -0.176824 -0.849846
v 17.167118 6.611217 446.803955 0.752941 0.752941 0.752941
vn -0.366701 0.200476 0.908482
v 18.201000 15.487677 467.023621 0.752941 0.752941 0.752941
vn 0.463129 -0.562664 -0.684778
v 15.003378 4.661788 446.554108 0.752941 0.752941 0.752941
vn -0.785917 -0.032473 -0.617479
v 11.502934 9.630749 447.040375 0.752941 0.752941 0.752941
vn 0.494866 0.052161 -0.867402
v 17.341089 7.285274 446.806519 0.752941 0.752941 0.752941
vn -0.285967 -0.165621 0.943818
v 18.095556 13.988893 467.008606 0.752941 0.752941 0.752941
vn -0.614157 -0.106301 -0.781992
v 12.141148 4.076221 446.834442 0.752941 0.752941 0.752941
vn 0.568322 0.130776 -0.812347
v 17.107275 7.886055 446.792236 0.752941 0.752941 0.752941
vn 0.469291 -0.436364 -0.767693
v 16.650152 5.415878 446.863800 0.752941 0.752941 0.752941
vn 0.501618 -0.318109 -0.804479
v 16.622814 5.825727 446.643890 0.752941 0.752941 0.752941
vn 0.324759 -0.473693 -0.818625
v 16.115093 5.054643 446.909790 0.752941 0.752941 0.752941
vn 0.575634 0.108656 -0.810456
v 16.900419 7.719158 446.591705 0.752941 0.752941 0.752941
vn -0.137335 0.678468 -0.721679
v 12.086006 11.355784 446.551575 0.752941 0.752941 0.752941
vn -0.465318 0.400558 0.789325
v 19.260473 16.927595 467.020050 0.752941 0.752941 0.752941
vn -0.357819 0.051384 0.932376
v 18.326191 14.965847 467.136200 0.752941 0.752941 0.752941
vn 0.415644 0.512458 -0.751416
v 15.541557 10.116994 446.919067 0.752941 0.752941 0.752941
vn 0.371443 0.387989 -0.843502
v 16.486977 9.006514 446.836578 0.752941 0.752941 0.752941
vn 0.230084 0.770810 -0.594065
v 13.775622 11.363909 447.250732 0.752941 0.752941 0.752941
vn -0.025169 0.716789 -0.696835
v 12.046222 11.548338 446.887543 0.752941 0.752941 0.752941
vn 0.528330 0.177097 -0.830364
v 17.309532 8.157021 446.946381 0.752941 0.752941 0.752941
vn -0.019690 0.539314 -0.841874
v 11.626652 11.575769 446.816467 0.752941 0.752941 0.752941
vn -0.531054 -0.332783 -0.779254
v 12.255484 3.668616 446.816589 0.752941 0.752941 0.752941
vn -0.798494 -0.012400 -0.601875
v 11.707972 7.782846 446.912567 0.752941 0.752941 0.752941
vn -0.228231 -0.598493 -0.767930
v 12.647032 3.493306 446.758636 0.752941 0.752941 0.752941
vn 0.302032 0.763688 -0.570576
v 12.696112 11.607810 447.027405 0.752941 0.752941 0.752941
vn 0.594902 -0.369725 -0.713719
v 16.817665 5.443820 447.043915 0.752941 0.752941 0.752941
vn 0.435470 0.446965 -0.781401
v 15.921702 9.460741 446.725647 0.752941 0.752941 0.752941
vn 0.430491 0.320089 -0.843931
v 16.961588 8.703183 446.812469 0.752941 0.752941 0.752941
vn -0.467976 -0.092619 -0.878874
v 11.420986 11.438422 446.822632 0.752941 0.752941 0.752941
vn 0.368752 -0.648772 -0.665670
v 14.922532 4.043644 446.977386 0.752941 0.752941 0.752941
vn -0.661980 -0.164605 -0.731223
v 11.306154 10.464871 447.186523 0.752941 0.752941 0.752941
vn 0.306930 0.439022 -0.844425
v 16.493719 9.559327 447.069000 0.752941 0.752941 0.752941
vn 0.397227 -0.480060 -0.782147
v 15.356945 4.604141 446.840302 0.752941 0.752941 0.752941
vn -0.669383 -0.107068 -0.735162
v 11.853856 5.107744 446.941956 0.752941 0.752941 0.752941
vn 0.378597 -0.568504 -0.730389
v 15.537737 4.298243 447.033173 0.752941 0.752941 0.752941
vn 0.503206 -0.300488 -0.810241
v 17.226728 5.962322 447.030121 0.752941 0.752941 0.752941
vn -0.091259 0.471216 -0.877284
v 11.279853 11.820406 446.888641 0.752941 0.752941 0.752941
vn -0.360574 -0.667187 -0.651804
v 12.289535 3.273291 447.045135 0.752941 0.752941 0.752941
vn -0.704958 -0.153860 -0.692359
v 11.756071 6.301671 446.702789 0.752941 0.752941 0.752941
vn 0.520760 0.361617 -0.773332
v 17.023285 9.223244 447.066559 0.752941 0.752941 0.752941
vn 0.412606 0.626330 -0.661413
v 14.631316 10.617136 446.879089 0.752941 0.752941 0.752941
vn 0.338627 0.704863 -0.623298
v 14.030500 10.881403 446.736237 0.752941 0.752941 0.752941
vn 0.342386 0.594402 -0.727639
v 15.437881 10.549351 447.213959 0.752941 0.752941 0.752941
vn -0.369161 0.010639 0.929304
v 17.851545 14.664027 466.978027 0.752941 0.752941 0.752941
vn 0.318161 0.613621 -0.722663
v 15.029196 10.801404 447.288879 0.752941 0.752941 0.752941
vn 0.294047 -0.793762 -0.532426
v 14.670344 3.892428 447.047943 0.752941 0.752941 0.752941
vn 0.447088 -0.244162 -0.860522
v 18.025166 6.352595 447.349670 0.752941 0.752941 0.752941
vn -0.483616 -0.289080 -0.826165
v 11.139370 11.134583 447.157471 0.752941 0.752941 0.752941
vn -0.458498 0.472576 0.752630
v 19.274334 17.465141 466.791504 0.752941 0.752941 0.752941
vn -0.218728 -0.383450 0.897287
v 18.889893 13.509012 467.104492 0.752941 0.752941 0.752941
vn -0.005092 -0.604514 0.796578
v 20.620588 12.521286 466.623322 0.752941 0.752941 0.752941
vn -0.425140 0.106304 -0.898863
v 10.831264 11.732316 447.103699 0.752941 0.752941 0.752941
vn 0.317335 0.728532 -0.607075
v 14.390471 11.266322 447.333435 0.752941 0.752941 0.752941
vn -0.419035 0.250200 0.872817
v 18.623911 15.883763 467.073700 0.752941 0.752941 0.752941
vn -0.678004 -0.173291 -0.714340
v 11.670251 3.975676 447.213440 0.752941 0.752941 0.752941
vn 0.383607 0.526455 -0.758743
v 16.044933 10.029799 447.134277 0.752941 0.752941 0.752941
vn 0.923845 0.255753 0.284782
v 22.159960 13.258781 466.458282 0.752941 0.752941 0.752941
vn 0.589527 0.271963 -0.760588
v 17.206284 8.599401 447.024628 0.752941 0.752941 0.752941
vn -0.105454 0.491187 0.864647
v 19.534319 17.465544 466.913544 0.752941 0.752941 0.752941
vn -0.425134 -0.290310 -0.857310
v 10.797389 11.322188 447.255707 0.752941 0.752941 0.752941
vn 0.107632 0.766457 -0.633213
v 12.323750 11.689268 446.963379 0.752941 0.752941 0.752941
vn 0.106616 0.717436 -0.688417
v 12.072495 11.953217 447.145813 0.752941 0.752941 0.752941
vn -0.429474 0.292681 0.854336
v 18.013945 15.889858 466.830475 0.752941 0.752941 0.752941
vn 0.409095 -0.526912 -0.744987
v 16.527866 4.659409 447.210052 0.752941 0.752941 0.752941
vn -0.060099 0.478134 -0.876228
v 10.714240 12.225601 447.302185 0.752941 0.752941 0.752941
vn 0.474897 -0.413032 -0.777095
v 17.214252 5.387187 447.306427 0.752941 0.752941 0.752941
vn -0.334120 -0.021346 0.942289
v 17.613470 14.198368 466.885345 0.752941 0.752941 0.752941
vn 0.004193 0.650114 -0.759825
v 11.197408 12.098140 447.174042 0.752941 0.752941 0.752941
vn 0.500447 0.290940 -0.815418
v 17.379572 8.957205 447.278473 0.752941 0.752941 0.752941
vn -0.435464 -0.040363 -0.899301
v 10.424277 11.690381 447.303711 0.752941 0.752941 0.752941
vn 0.501325 -0.416044 -0.758670
v 16.628679 5.055819 447.074646 0.752941 0.752941 0.752941
vn 0.341863 -0.573631 -0.744363
v 15.968935 4.421226 447.205078 0.752941 0.752941 0.752941
vn -0.451218 0.172026 0.875677
v 17.883518 15.217981 466.950378 0.752941 0.752941 0.752941
vn -0.363741 0.394665 0.843760
v 18.225136 16.296448 466.727936 0.752941 0.752941 0.752941
vn 0.443088 0.205399 -0.872630
v 17.784948 8.029391 447.140503 0.752941 0.752941 0.752941
vn 0.128790 0.631212 -0.764843
v 11.650086 11.959373 447.200836 0.752941 0.752941 0.752941
vn 0.438742 -0.088709 -0.894224
v 17.969946 7.057905 447.188171 0.752941 0.752941 0.752941
vn 0.266576 0.851390 -0.451745
v 12.048876 12.169700 447.551361 0.752941 0.752941 0.752941
vn 0.154137 0.755006 -0.637344
v 11.704486 12.149426 447.330139 0.752941 0.752941 0.752941
vn 0.353398 0.692594 -0.628827
v 14.951568 11.111325 447.494354 0.752941 0.752941 0.752941
vn -0.426210 0.174567 0.887621
v 17.414099 14.895049 466.728424 0.752941 0.752941 0.752941
vn 0.335932 -0.766971 -0.546722
v 15.603789 3.955303 447.557037 0.752941 0.752941 0.752941
vn -0.135713 -0.519733 0.843481
v 19.062056 12.974441 466.799469 0.752941 0.752941 0.752941
vn 0.306674 0.758637 -0.574822
v 13.166841 11.508843 447.161499 0.752941 0.752941 0.752941
vn 0.448230 -0.368839 -0.814278
v 17.748579 5.820580 447.408295 0.752941 0.752941 0.752941
vn -0.755413 -0.005789 -0.655224
v 11.091928 6.571038 447.565674 0.752941 0.752941 0.752941
vn 0.078141 -0.896717 -0.435651
v 12.648310 3.173813 447.171143 0.752941 0.752941 0.752941
vn -0.083604 0.691899 -0.717138
v 10.533070 12.619215 447.535217 0.752941 0.752941 0.752941
vn -0.084383 -0.580820 0.809647
v 20.000593 12.957746 466.941254 0.752941 0.752941 0.752941
vn 0.599027 -0.100562 -0.794389
v 18.825293 6.929224 447.580444 0.752941 0.752941 0.752941
vn 0.476273 -0.043923 -0.878200
v 18.661247 7.287368 447.396179 0.752941 0.752941 0.752941
vn 0.325252 0.326921 -0.887318
v 18.127466 8.931162 447.600861 0.752941 0.752941 0.752941
vn 0.343622 0.558835 -0.754737
v 16.061153 10.529878 447.520050 0.752941 0.752941 0.752941
vn 0.262295 0.818599 -0.510976
v 12.388907 11.972663 447.368652 0.752941 0.752941 0.752941
vn 0.509609 -0.522731 -0.683411
v 16.877226 4.644623 447.565063 0.752941 0.752941 0.752941
vn 0.518939 0.385991 -0.762701
v 17.137735 9.425420 447.287018 0.752941 0.752941 0.752941
vn 0.313532 0.166530 -0.934861
v 18.347887 8.016733 447.403442 0.752941 0.752941 0.752941
vn 0.496871 0.124204 -0.858890
v 18.718760 7.747786 447.452362 0.752941 0.752941 0.752941
vn 0.129584 0.678049 0.723503
v 19.678963 17.837620 466.672150 0.752941 0.752941 0.752941
vn -0.317419 -0.256016 0.913072
v 17.169123 13.449909 466.631500 0.752941 0.752941 0.752941
vn 0.417019 0.465302 -0.780762
v 17.519821 9.784097 447.719757 0.752941 0.752941 0.752941
vn 0.270944 0.798621 -0.537395
v 12.882027 11.934815 447.503937 0.752941 0.752941 0.752941
vn 0.350971 -0.293317 -0.889261
v 18.307096 6.196367 447.529755 0.752941 0.752941 0.752941
vn -0.379049 -0.062557 0.923259
v 17.217230 14.079722 466.722321 0.752941 0.752941 0.752941
vn 0.127699 0.794528 -0.593649
v 11.268998 12.319000 447.459045 0.752941 0.752941 0.752941
vn -0.329737 -0.149938 0.932090
v 17.318518 13.709968 466.735413 0.752941 0.752941 0.752941
vn -0.480863 0.453132 0.750628
v 18.806908 17.148188 466.603577 0.752941 0.752941 0.752941
vn 0.417130 0.361278 -0.833955
v 17.644075 9.309521 447.504944 0.752941 0.752941 0.752941
vn 0.374499 0.728353 -0.573806
v 13.072568 11.724782 447.380249 0.752941 0.752941 0.752941
vn -0.460961 0.297751 -0.835978
v 10.295172 12.183957 447.419434 0.752941 0.752941 0.752941
vn -0.736626 -0.077737 -0.671817
v 11.437290 4.441368 447.395813 0.752941 0.752941 0.752941
vn -0.385528 -0.304705 -0.870932
v 10.185972 11.122732 447.558014 0.752941 0.752941 0.752941
vn -0.463863 0.376859 0.801753
v 17.668243 16.467506 466.440369 0.752941 0.752941 0.752941
vn 0.338759 0.648914 -0.681288
v 10.925804 12.613915 447.598236 0.752941 0.752941 0.752941
vn -0.209235 -0.346535 0.914403
v 17.756931 13.391013 466.753601 0.752941 0.752941 0.752941
vn 0.455764 -0.502037 -0.735009
v 17.448553 4.915195 447.721649 0.752941 0.752941 0.752941
vn 0.287600 0.697430 -0.656413
v 15.241099 11.001978 447.503815 0.752941 0.752941 0.752941
vn -0.413828 -0.779943 -0.469506
v 11.730037 3.191763 447.600220 0.752941 0.752941 0.752941
vn 0.229275 -0.504912 0.832164
v 21.521643 13.105754 467.084534 0.752941 0.752941 0.752941
vn -0.409204 -0.084095 0.908559
v 16.846855 13.878970 466.569580 0.752941 0.752941 0.752941
vn -0.399317 0.068399 0.914258
v 17.139225 14.421756 466.730499 0.752941 0.752941 0.752941
vn 0.241005 0.847317 -0.473255
v 11.569888 12.490696 447.846008 0.752941 0.752941 0.752941
vn 0.620481 -0.245507 -0.744802
v 18.995670 6.402360 447.827118 0.752941 0.752941 0.752941
vn 0.590485 0.532467 0.606470
v 20.246359 16.888723 466.928802 0.752941 0.752941 0.752941
vn -0.562585 -0.231702 -0.793607
v 10.845699 10.079023 447.684784 0.752941 0.752941 0.752941
vn 0.533228 0.020749 -0.845717
v 19.035482 7.379140 447.712891 0.752941 0.752941 0.752941
vn 0.797616 -0.102608 0.594373
v 22.200180 12.706559 466.511261 0.752941 0.752941 0.752941
vn 0.436512 0.271323 -0.857812
v 18.715311 8.629336 447.623291 0.752941 0.752941 0.752941
vn 0.390389 0.478376 -0.786608
v 16.847490 9.864611 447.337219 0.752941 0.752941 0.752941
vn -0.496359 0.263966 0.827012
v 17.579861 15.552403 466.618500 0.752941 0.752941 0.752941
vn -0.540945 0.522913 0.658742
v 18.995417 17.766897 466.306427 0.752941 0.752941 0.752941
vn 0.377739 -0.704537 -0.600783
v 16.498014 4.138321 447.770050 0.752941 0.752941 0.752941
vn -0.112655 -0.585606 0.802729
v 18.588842 12.430561 466.398041 0.752941 0.752941 0.752941
vn 0.396936 0.758865 -0.516300
v 13.369192 11.991963 447.988434 0.752941 0.752941 0.752941
vn 0.330867 0.655002 -0.679337
v 15.640538 10.885674 447.579437 0.752941 0.752941 0.752941
vn 0.481460 -0.434674 -0.761088
v 17.899059 5.323871 447.735657 0.752941 0.752941 0.752941
vn -0.477757 0.381061 0.791543
v 18.601913 16.451511 466.857605 0.752941 0.752941 0.752941
vn 0.510029 -0.212724 -0.833438
v 18.747023 6.477386 447.584229 0.752941 0.752941 0.752941
vn -0.494585 0.180867 -0.850102
v 9.888025 11.892343 447.650391 0.752941 0.752941 0.752941
vn -0.456974 0.028061 0.889038
v 16.707243 14.198987 466.495300 0.752941 0.752941 0.752941
vn -0.269889 -0.395696 0.877830
v 17.260851 13.055290 466.514160 0.752941 0.752941 0.752941
vn -0.433443 -0.339598 -0.834746
v 10.497463 10.579430 447.696777 0.752941 0.752941 0.752941
vn 0.384762 0.551172 -0.740384
v 16.862808 10.464825 447.725830 0.752941 0.752941 0.752941
vn 0.199394 0.815807 -0.542863
v 14.013577 11.538129 447.566772 0.752941 0.752941 0.752941
vn -0.487986 -0.145167 -0.860695
v 9.723282 11.315465 447.736572 0.752941 0.752941 0.752941
vn 0.279722 0.667254 -0.690310
v 16.165537 10.858230 447.796570 0.752941 0.752941 0.752941
vn 0.416302 0.514495 -0.749659
v 17.274836 10.288178 447.911987 0.752941 0.752941 0.752941
vn 0.565491 0.186584 -0.803372
v 18.871635 8.194440 447.650360 0.752941 0.752941 0.752941
vn 0.264358 0.805155 -0.530886
v 13.668043 11.702342 447.664398 0.752941 0.752941 0.752941
vn -0.739653 -0.031040 -0.672273
v 11.079322 8.409794 447.626373 0.752941 0.752941 0.752941
vn -0.229442 0.611979 -0.756861
v 10.148744 12.773478 447.900818 0.752941 0.752941 0.752941
vn 0.192863 0.842706 -0.502643
v 12.518589 12.150972 447.811340 0.752941 0.752941 0.752941
vn -0.372858 -0.247087 0.894385
v 16.922398 13.375534 466.498596 0.752941 0.752941 0.752941
vn 0.263762 0.827134 -0.496265
v 14.403940 11.574617 447.747131 0.752941 0.752941 0.752941
vn 0.004263 -0.630581 0.776112
v 21.233597 12.683634 466.715302 0.752941 0.752941 0.752941
vn 0.266725 0.545929 -0.794242
v 16.463457 10.411307 447.593781 0.752941 0.752941 0.752941
vn -0.692830 0.008600 -0.721050
v 10.662630 7.311727 448.057800 0.752941 0.752941 0.752941
vn -0.732855 -0.088156 -0.674649
v 11.171796 5.447390 447.665436 0.752941 0.752941 0.752941
vn 0.488398 -0.373030 -0.788870
v 18.748474 5.788517 447.843811 0.752941 0.752941 0.752941
vn 0.499897 0.694392 0.517613
v 19.937862 17.798479 466.480286 0.752941 0.752941 0.752941
vn 0.410994 -0.612449 -0.675270
v 17.164446 4.424995 447.922180 0.752941 0.752941 0.752941
vn 0.567113 0.133324 -0.812777
v 19.040739 8.119303 447.790070 0.752941 0.752941 0.752941
vn 0.312067 -0.549385 0.775107
v 22.015524 12.366376 466.496246 0.752941 0.752941 0.752941
vn -0.383225 -0.334478 -0.860966
v 9.851537 10.589277 447.945404 0.752941 0.752941 0.752941
vn -0.482537 0.049776 -0.874460
v 9.344275 11.905275 447.946381 0.752941 0.752941 0.752941
vn -0.446470 0.220057 0.867318
v 16.940607 15.137241 466.448975 0.752941 0.752941 0.752941
vn 0.527051 0.301434 -0.794578
v 18.987986 8.871064 447.980927 0.752941 0.752941 0.752941
vn 0.360862 0.484758 -0.796736
v 17.658047 10.185727 448.018585 0.752941 0.752941 0.752941
vn -0.382829 0.457167 0.802770
v 18.212719 17.117043 466.312500 0.752941 0.752941 0.752941
vn 0.415894 0.740862 -0.527404
v 11.001814 12.802393 447.959534 0.752941 0.752941 0.752941
vn 0.296619 0.664564 -0.685836
v 16.702679 10.857491 447.985992 0.752941 0.752941 0.752941
vn -0.664145 -0.393704 -0.635539
v 11.642180 3.526417 447.449554 0.752941 0.752941 0.752941
vn 0.370863 -0.463344 -0.804843
v 18.318247 5.507790 447.869995 0.752941 0.752941 0.752941
vn -0.655618 -0.118894 -0.745674
v 10.832456 9.429937 447.799011 0.752941 0.752941 0.752941
vn 0.274592 0.762121 -0.586320
v 15.807256 11.119625 447.984619 0.752941 0.752941 0.752941
vn 0.560088 -0.444751 -0.698926
v 17.940264 5.165015 447.838013 0.752941 0.752941 0.752941
vn 0.340352 0.725031 -0.598741
v 11.105947 12.504484 447.658997 0.752941 0.752941 0.752941
vn -0.033336 -0.652140 0.757365
v 20.405170 12.081453 466.312256 0.752941 0.752941 0.752941
vn 0.385517 0.752607 -0.533816
v 13.173306 12.068280 447.877350 0.752941 0.752941 0.752941
vn 0.018263 -0.674288 0.738243
v 21.422047 12.237864 466.370758 0.752941 0.752941 0.752941
vn 0.456974 -0.512351 -0.727098
v 18.151867 5.064682 448.122467 0.752941 0.752941 0.752941
vn 0.230833 0.829471 -0.508620
v 14.230448 11.758186 448.055511 0.752941 0.752941 0.752941
vn 0.312537 0.442285 -0.840657
v 18.188553 9.616486 447.934296 0.752941 0.752941 0.752941
vn -0.216035 0.151041 -0.964632
v 9.716326 12.502831 447.924896 0.752941 0.752941 0.752941
vn 0.505607 -0.256938 -0.823617
v 19.230511 6.516429 447.969452 0.752941 0.752941 0.752941
vn 0.308426 0.784148 -0.538502
v 15.199583 11.230633 447.834015 0.752941 0.752941 0.752941
vn -0.081337 -0.618438 0.781613
v 20.156227 12.367695 466.476776 0.752941 0.752941 0.752941
vn 0.321490 0.750261 -0.577713
v 14.877892 11.587160 448.138916 0.752941 0.752941 0.752941
vn 0.305293 0.826958 -0.472162
v 11.647257 12.675066 448.274597 0.752941 0.752941 0.752941
vn 0.294362 0.826868 -0.479208
v 13.016188 12.328637 448.150696 0.752941 0.752941 0.752941
vn 0.347885 -0.555465 -0.755271
v 18.308294 5.265927 448.018402 0.752941 0.752941 0.752941
vn 0.384747 0.240844 -0.891047
v 19.488575 8.580622 448.102051 0.752941 0.752941 0.752941
vn -0.393688 -0.095298 -0.914291
v 9.092351 12.372125 448.094727 0.752941 0.752941 0.752941
vn -0.439434 -0.288135 -0.850809
v 10.412494 9.993734 447.972107 0.752941 0.752941 0.752941
vn 0.067396 0.466577 -0.881909
v 9.723036 12.930988 447.999786 0.752941 0.752941 0.752941
vn 0.385089 0.398108 -0.832596
v 18.632727 9.309107 447.906555 0.752941 0.752941 0.752941
vn 0.489510 -0.119591 -0.863758
v 19.455969 7.160098 447.937805 0.752941 0.752941 0.752941
vn 0.411702 0.087009 -0.907156
v 19.598240 7.814201 448.004913 0.752941 0.752941 0.752941
vn 0.143025 0.590164 -0.794512
v 9.181641 13.221407 448.049713 0.752941 0.752941 0.752941
vn -0.108607 -0.986159 -0.125281
v 11.944996 3.022054 447.903290 0.752941 0.752941 0.752941
vn 0.070027 -0.997545 0.001005
v 14.179798 3.059450 448.935791 0.752941 0.752941 0.752941
vn 0.238163 -0.890142 -0.388490
v 14.595548 3.353529 447.840057 0.752941 0.752941 0.752941
vn 0.449283 -0.503575 -0.737941
v 18.918137 5.256360 448.306702 0.752941 0.752941 0.752941
vn -0.665533 -0.013394 -0.746248
v 10.296021 7.898374 448.385162 0.752941 0.752941 0.752941
vn 0.312064 0.675205 -0.668367
v 16.791721 11.169404 448.382416 0.752941 0.752941 0.752941
vn -0.478528 -0.133600 -0.867849
v 9.250980 11.230446 448.036926 0.752941 0.752941 0.752941
vn -0.682137 -0.232450 -0.693293
v 11.033656 3.812907 448.017944 0.752941 0.752941 0.752941
vn 0.287855 0.779366 -0.556532
v 13.612298 12.011212 448.160156 0.752941 0.752941 0.752941
vn 0.506934 -0.450837 -0.734686
v 17.921202 4.779286 448.136078 0.752941 0.752941 0.752941
vn -0.088164 -0.608121 0.788933
v 19.521854 12.579428 466.618591 0.752941 0.752941 0.752941
vn 0.304948 0.231106 -0.923903
v 20.107079 8.584374 448.356628 0.752941 0.752941 0.752941
vn -0.393388 -0.102514 0.913639
v 16.503716 13.573594 466.358154 0.752941 0.752941 0.752941
vn 0.339572 0.805936 -0.484930
v 13.379252 12.230218 448.337158 0.752941 0.752941 0.752941
vn -0.164691 -0.520722 0.837691
v 17.554354 12.627723 466.345551 0.752941 0.752941 0.752941
vn 0.000558 0.732211 -0.681078
v 10.381017 13.078536 448.276886 0.752941 0.752941 0.752941
vn 0.383801 0.590749 -0.709727
v 17.283899 10.611510 448.170868 0.752941 0.752941 0.752941
vn -0.649250 -0.105655 -0.753200
v 10.367584 8.895880 448.288788 0.752941 0.752941 0.752941
vn 0.426383 0.429199 -0.796233
v 18.715706 9.709282 448.142426 0.752941 0.752941 0.752941
vn -0.317373 -0.179154 -0.931224
v 7.983654 13.424096 448.247742 0.752941 0.752941 0.752941
vn -0.234467 -0.043565 -0.971147
v 8.836420 13.005698 448.055756 0.752941 0.752941 0.752941
vn 0.445162 -0.351084 -0.823754
v 19.541990 6.009120 448.276947 0.752941 0.752941 0.752941
vn 0.056820 0.821844 -0.566873
v 10.687991 12.933510 447.995361 0.752941 0.752941 0.752941
vn 0.213615 0.673660 -0.707496
v 9.089615 13.528900 448.373352 0.752941 0.752941 0.752941
vn 0.381793 -0.749688 -0.540557
v 17.157175 4.113029 448.267944 0.752941 0.752941 0.752941
vn 0.152042 0.655058 -0.740123
v 10.086003 13.079803 448.266083 0.752941 0.752941 0.752941
vn 0.387399 0.369256 -0.844732
v 19.059896 9.549901 448.302155 0.752941 0.752941 0.752941
vn -0.161949 -0.504514 0.848079
v 18.055483 12.862698 466.553162 0.752941 0.752941 0.752941
vn 0.238060 0.727548 -0.643429
v 13.876343 11.985603 448.276154 0.752941 0.752941 0.752941
vn 0.426874 0.453549 -0.782350
v 18.818829 9.881701 448.333038 0.752941 0.752941 0.752941
vn 0.277126 0.510795 -0.813812
v 18.121906 10.323570 448.314148 0.752941 0.752941 0.752941
vn -0.379566 0.092719 0.920507
v 16.463467 14.287060 466.375732 0.752941 0.752941 0.752941
vn -0.380119 -0.262199 -0.886996
v 9.194520 10.608021 448.215546 0.752941 0.752941 0.752941
vn 0.321474 -0.070046 -0.944324
v 20.111895 7.302453 448.243713 0.752941 0.752941 0.752941
vn 0.550187 -0.309913 -0.775402
v 19.029547 6.089712 447.995850 0.752941 0.752941 0.752941
vn 0.295524 0.104958 -0.949552
v 20.110262 7.997523 448.238464 0.752941 0.752941 0.752941
vn 0.380766 -0.583095 -0.717647
v 18.166367 4.602637 448.410492 0.752941 0.752941 0.752941
vn 0.383828 -0.134150 -0.913608
v 20.609110 7.126368 448.366241 0.752941 0.752941 0.752941
vn 0.459356 0.741614 -0.488876
v 11.050084 12.996203 448.234222 0.752941 0.752941 0.752941
vn -0.341841 -0.353733 -0.870642
v 9.696991 10.160068 448.182404 0.752941 0.752941 0.752941
vn 0.893231 0.368065 0.258197
v 21.670427 14.558863 466.256805 0.752941 0.752941 0.752941
vn -0.686090 -0.088568 -0.722105
v 10.787433 4.516747 448.123688 0.752941 0.752941 0.752941
vn 0.365413 -0.512704 -0.776922
v 18.653801 4.988808 448.331726 0.752941 0.752941 0.752941
vn 0.489901 -0.411279 -0.768665
v 19.358313 5.623239 448.402832 0.752941 0.752941 0.752941
vn 0.297270 0.468124 -0.832160
v 18.447691 10.079049 448.242737 0.752941 0.752941 0.752941
vn -0.228446 0.723850 0.651040
v 19.353329 17.956514 466.504669 0.752941 0.752941 0.752941
vn -0.480986 -0.127485 -0.867410
v 8.645900 10.998752 448.375732 0.752941 0.752941 0.752941
vn 0.453797 0.037673 -0.890308
v 20.619419 7.815766 448.350769 0.752941 0.752941 0.752941
vn 0.197199 0.725959 -0.658859
v 16.368120 11.236823 448.360474 0.752941 0.752941 0.752941
vn 0.099367 0.501269 -0.859567
v 8.340774 13.615640 448.222931 0.752941 0.752941 0.752941
vn 0.233057 0.842424 -0.485804
v 12.201222 12.369717 448.018524 0.752941 0.752941 0.752941
vn 0.446396 -0.614558 -0.650422
v 17.725578 4.462945 448.197662 0.752941 0.752941 0.752941
vn 0.428672 -0.589711 -0.684457
v 18.719976 4.702753 448.551270 0.752941 0.752941 0.752941
vn -0.370095 0.424632 0.826268
v 18.098969 16.767326 466.417908 0.752941 0.752941 0.752941
vn -0.421229 -0.254284 -0.870578
v 8.595045 12.616277 448.280029 0.752941 0.752941 0.752941
vn -0.339915 -0.028958 0.940010
v 16.056339 14.071578 466.236816 0.752941 0.752941 0.752941
vn -0.659529 -0.038776 -0.750678
v 10.136756 6.076715 448.521912 0.752941 0.752941 0.752941
vn 0.247517 0.741805 -0.623266
v 14.564039 11.918583 448.341919 0.752941 0.752941 0.752941
vn 0.244006 0.562399 -0.790043
v 18.054079 10.749195 448.582947 0.752941 0.752941 0.752941
vn 0.420423 0.436667 -0.795340
v 18.696083 10.258371 448.432770 0.752941 0.752941 0.752941
vn -0.278210 0.139367 0.950356
v 16.125900 14.430004 466.242554 0.752941 0.752941 0.752941
vn 0.161932 0.735493 -0.657896
v 10.048825 13.327305 448.416443 0.752941 0.752941 0.752941
vn -0.315261 -0.274409 0.908466
v 16.460932 13.127460 466.265289 0.752941 0.752941 0.752941
vn 0.150555 0.845592 -0.512160
v 14.182967 12.173690 448.538574 0.752941 0.752941 0.752941
vn 0.302626 0.624418 -0.720083
v 17.271118 10.884356 448.367157 0.752941 0.752941 0.752941
vn -0.398280 -0.276958 -0.874453
v 8.853400 10.212188 448.474365 0.752941 0.752941 0.752941
vn 0.349643 0.215125 -0.911850
v 20.605433 8.564075 448.467316 0.752941 0.752941 0.752941
vn 0.357024 0.455413 -0.815557
v 19.239614 9.919069 448.576385 0.752941 0.752941 0.752941
vn 0.081459 0.426230 -0.900940
v 7.860579 13.869492 448.270386 0.752941 0.752941 0.752941
vn -0.350653 0.562416 0.748819
v 18.426441 17.422300 466.203979 0.752941 0.752941 0.752941
vn -0.619478 -0.086611 -0.780221
v 10.139139 4.448616 448.660004 0.752941 0.752941 0.752941
vn 0.523766 0.135894 -0.840953
v 20.985172 8.477863 448.662872 0.752941 0.752941 0.752941
vn 0.242246 0.809313 -0.535097
v 13.869844 12.169623 448.427002 0.752941 0.752941 0.752941
vn -0.330930 0.221185 0.917367
v 16.408184 15.092110 466.151733 0.752941 0.752941 0.752941
vn 0.191764 0.756265 -0.625531
v 9.714627 13.435302 448.491211 0.752941 0.752941 0.752941
vn 0.273037 0.706824 -0.652573
v 15.389528 11.615579 448.407257 0.752941 0.752941 0.752941
vn 0.300964 0.418096 -0.857098
v 19.401407 9.584384 448.423645 0.752941 0.752941 0.752941
vn 0.045786 -0.770602 0.635670
v 20.631804 11.751578 465.902985 0.752941 0.752941 0.752941
vn -0.122868 -0.635927 0.761906
v 19.790203 11.959188 466.066132 0.752941 0.752941 0.752941
vn 0.315740 0.569883 -0.758645
v 17.697941 10.613445 448.311371 0.752941 0.752941 0.752941
vn 0.345830 -0.268380 -0.899096
v 20.007421 6.524703 448.368408 0.752941 0.752941 0.752941
vn 0.006908 -0.640356 0.768047
v 19.063976 11.997017 466.039429 0.752941 0.752941 0.752941
vn 0.442760 -0.272464 -0.854240
v 20.572350 6.643717 448.467377 0.752941 0.752941 0.752941
vn 0.598557 -0.111482 -0.793285
v 20.892149 7.256331 448.575592 0.752941 0.752941 0.752941
vn -0.306219 -0.362643 -0.880182
v 9.096499 9.673130 448.621857 0.752941 0.752941 0.752941
vn -0.480536 -0.071981 -0.874016
v 8.588785 11.864217 448.450958 0.752941 0.752941 0.752941
vn 0.303216 0.661326 -0.686081
v 8.363671 13.873413 448.594025 0.752941 0.752941 0.752941
vn 0.134539 0.703661 -0.697682
v 8.682883 13.646029 448.433777 0.752941 0.752941 0.752941
vn 0.315487 0.329643 -0.889834
v 19.557329 9.140829 448.324524 0.752941 0.752941 0.752941
vn -0.403061 -0.080968 -0.911584
v 7.278306 13.808061 448.468170 0.752941 0.752941 0.752941
vn 0.408712 -0.409408 -0.815683
v 20.493132 5.967976 448.726563 0.752941 0.752941 0.752941
vn -0.419402 -0.338314 -0.842405
v 7.608569 13.217250 448.515106 0.752941 0.752941 0.752941
vn -0.478129 -0.286229 -0.830341
v 10.162465 9.412122 448.301239 0.752941 0.752941 0.752941
vn 0.226231 0.708646 -0.668312
v 9.037006 13.832306 448.596802 0.752941 0.752941 0.752941
vn 0.217000 0.862961 -0.456300
v 14.589557 12.193097 448.711487 0.752941 0.752941 0.752941
vn 0.336031 0.353261 -0.873092
v 20.507885 9.331738 448.679932 0.752941 0.752941 0.752941
vn -0.401396 -0.324941 -0.856326
v 7.878204 12.792552 448.583221 0.752941 0.752941 0.752941
vn -0.475123 -0.823041 -0.311227
v 11.190539 3.139922 448.302368 0.752941 0.752941 0.752941
vn 0.173133 -0.963242 -0.205401
v 15.611314 3.241369 448.955353 0.752941 0.752941 0.752941
vn 0.248836 0.672199 -0.697301
v 9.347198 13.460282 448.436340 0.752941 0.752941 0.752941
vn 0.241506 0.709575 -0.661951
v 16.615789 11.578156 448.709900 0.752941 0.752941 0.752941
vn -0.064804 -0.739923 0.669563
v 20.249821 11.847747 466.083496 0.752941 0.752941 0.752941
vn 0.405950 0.514781 -0.755120
v 19.066111 10.620741 448.899445 0.752941 0.752941 0.752941
vn 0.520454 -0.347560 -0.779955
v 20.619829 6.364712 448.589478 0.752941 0.752941 0.752941
vn 0.449213 -0.490310 -0.746862
v 19.552530 5.173802 448.783661 0.752941 0.752941 0.752941
vn 0.284402 0.528306 -0.800005
v 18.584629 10.524788 448.552124 0.752941 0.752941 0.752941
vn 0.556259 0.248747 -0.792906
v 20.951788 8.883482 448.727386 0.752941 0.752941 0.752941
vn 0.400627 -0.073682 -0.913274
v 21.565351 7.713838 448.848969 0.752941 0.752941 0.752941
vn 0.363484 0.150649 -0.919339
v 21.421568 8.302838 448.825745 0.752941 0.752941 0.752941
vn 0.290294 0.690166 -0.662872
v 8.468875 14.072391 448.762695 0.752941 0.752941 0.752941
vn 0.453912 -0.540734 -0.708217
v 19.168884 4.870038 448.789490 0.752941 0.752941 0.752941
vn 0.242520 0.731996 -0.636684
v 15.929539 11.493780 448.483215 0.752941 0.752941 0.752941
vn -0.470647 0.495095 0.730323
v 17.155575 16.916136 465.752502 0.752941 0.752941 0.752941
vn 0.221092 0.850040 -0.478069
v 10.738454 13.253675 448.504333 0.752941 0.752941 0.752941
vn 0.367584 -0.478066 -0.797706
v 20.243061 5.545640 448.812897 0.752941 0.752941 0.752941
vn 0.234209 0.420472 -0.876556
v 19.851355 9.648984 448.663757 0.752941 0.752941 0.752941
vn -0.241724 -0.467722 0.850180
v 16.884983 12.675006 466.181915 0.752941 0.752941 0.752941
vn -0.492870 -0.282492 -0.822968
v 6.907292 13.247197 448.876434 0.752941 0.752941 0.752941
vn -0.029980 -0.744681 0.666746
v 20.027784 11.812778 466.000946 0.752941 0.752941 0.752941
vn 0.269332 0.764208 -0.586042
v 15.266632 11.811690 448.549225 0.752941 0.752941 0.752941
vn 0.356823 -0.764028 -0.537530
v 17.766130 4.151630 448.691437 0.752941 0.752941 0.752941
vn -0.276818 0.223532 0.934561
v 16.111732 15.131762 466.076965 0.752941 0.752941 0.752941
vn 0.500772 -0.004239 -0.865569
v 20.895483 7.564883 448.586426 0.752941 0.752941 0.752941
vn 0.437304 0.797797 -0.415072
v 11.209068 13.063467 448.626434 0.752941 0.752941 0.752941
vn -0.637301 -0.372170 -0.674787
v 10.406013 3.674189 448.524109 0.752941 0.752941 0.752941
vn -0.548997 -0.187760 -0.814462
v 7.857806 10.220590 449.056152 0.752941 0.752941 0.752941
vn -0.347708 -0.169725 0.922113
v 15.941381 13.294399 466.103882 0.752941 0.752941 0.752941
vn 0.352681 0.780961 -0.515477
v 14.764358 12.044478 448.625244 0.752941 0.752941 0.752941
vn -0.543419 -0.202449 -0.814684
v 9.879521 8.693094 448.725403 0.752941 0.752941 0.752941
vn -0.552758 0.616398 0.560814
v 18.976622 18.211596 465.866699 0.752941 0.752941 0.752941
vn 0.468312 0.316409 -0.824966
v 20.796505 9.095499 448.712585 0.752941 0.752941 0.752941
vn 0.254011 -0.635062 0.729503
v 22.107546 11.982639 466.136169 0.752941 0.752941 0.752941
vn -0.488803 0.649627 0.582286
v 18.692591 17.913349 465.987793 0.752941 0.752941 0.752941
vn 0.235787 0.653338 -0.719412
v 17.854000 10.953732 448.677490 0.752941 0.752941 0.752941
vn -0.417363 0.167505 0.893169
v 15.827953 14.533736 466.151459 0.752941 0.752941 0.752941
vn -0.342705 -0.372087 -0.862615
v 9.563262 9.060658 448.706818 0.752941 0.752941 0.752941
vn 0.290140 0.677660 -0.675719
v 17.456951 11.122521 448.695892 0.752941 0.752941 0.752941
vn 0.259056 0.436979 -0.861359
v 20.162390 9.902697 448.805237 0.752941 0.752941 0.752941
vn 0.355540 -0.412329 -0.838795
v 19.970934 5.714333 448.691467 0.752941 0.752941 0.752941
vn -0.488618 0.642118 0.590709
v 19.127102 18.120724 466.167511 0.752941 0.752941 0.752941
vn -0.368450 -0.340506 -0.865043
v 8.525393 9.388683 448.904480 0.752941 0.752941 0.752941
vn 0.259703 0.866291 -0.426724
v 10.516641 13.403553 448.724304 0.752941 0.752941 0.752941
vn -0.031712 -0.722425 0.690722
v 21.448044 11.765818 465.874176 0.752941 0.752941 0.752941
vn 0.324384 0.665674 -0.672051
v 17.148670 11.318070 448.769897 0.752941 0.752941 0.752941
vn -0.426110 -0.267209 -0.864309
v 8.436437 9.879233 448.769318 0.752941 0.752941 0.752941
vn -0.396071 0.051866 0.916754
v 15.324497 13.889118 465.965698 0.752941 0.752941 0.752941
vn -0.408959 -0.200336 -0.890291
v 7.765354 12.258076 448.784607 0.752941 0.752941 0.752941
vn 0.102805 0.816594 -0.567984
v 16.271299 11.714517 448.820496 0.752941 0.752941 0.752941
vn 0.187023 0.410407 -0.892518
v 19.793974 10.105026 448.866455 0.752941 0.752941 0.752941
vn 0.304601 0.418455 -0.855636
v 20.295799 9.555227 448.678925 0.752941 0.752941 0.752941
vn -0.462932 -0.147078 -0.874106
v 7.411109 11.845090 449.003235 0.752941 0.752941 0.752941
vn -0.517538 0.313336 0.796226
v 15.995583 15.782885 465.879730 0.752941 0.752941 0.752941
vn -0.198925 0.476013 -0.856645
v 7.152623 14.319052 448.641907 0.752941 0.752941 0.752941
vn 0.226118 0.786889 -0.574175
v 7.897485 14.369620 448.728333 0.752941 0.752941 0.752941
vn 0.304302 0.857973 -0.413864
v 13.088334 12.566105 448.830750 0.752941 0.752941 0.752941
vn -0.420135 -0.291323 -0.859429
v 7.314447 12.946867 448.769684 0.752941 0.752941 0.752941
vn -0.116762 -0.648522 0.752187
v 18.579712 11.966571 466.022369 0.752941 0.752941 0.752941
vn 0.326381 0.720488 -0.611860
v 17.018841 11.589561 448.952759 0.752941 0.752941 0.752941
vn -0.347282 0.665220 0.660967
v 18.237082 17.555069 466.046356 0.752941 0.752941 0.752941
vn -0.619488 -0.041017 -0.783934
v 9.248858 5.557123 449.290344 0.752941 0.752941 0.752941
vn -0.467575 -0.277700 -0.839200
v 6.948503 12.749325 449.038300 0.752941 0.752941 0.752941
vn 0.570212 -0.306994 -0.761979
v 20.919172 6.512701 448.817413 0.752941 0.752941 0.752941
vn -0.303910 0.276886 0.911577
v 16.497849 15.785539 466.034332 0.752941 0.752941 0.752941
vn 0.503605 0.271696 -0.820099
v 21.056536 8.931054 448.842712 0.752941 0.752941 0.752941
vn -0.516577 -0.114789 -0.848511
v 7.830764 11.253932 448.859100 0.752941 0.752941 0.752941
vn -0.183408 -0.618429 0.764138
v 17.207050 11.872524 465.689056 0.752941 0.752941 0.752941
vn 0.354028 0.561892 -0.747624
v 18.779543 11.062357 449.086212 0.752941 0.752941 0.752941
vn -0.180827 -0.538324 0.823109
v 16.670137 12.339466 465.928162 0.752941 0.752941 0.752941
vn 0.302970 0.777284 -0.551397
v 15.840073 11.775890 448.738556 0.752941 0.752941 0.752941
vn 0.326201 0.825005 -0.461476
v 14.688060 12.257182 448.932068 0.752941 0.752941 0.752941
vn 0.341040 -0.737113 -0.583401
v 18.417501 4.142347 448.975739 0.752941 0.752941 0.752941
vn -0.416299 0.314178 0.853222
v 16.893051 15.837324 466.205505 0.752941 0.752941 0.752941
vn 0.239379 0.662549 -0.709737
v 17.759470 11.209905 448.897217 0.752941 0.752941 0.752941
vn -0.311562 -0.288971 0.905221
v 15.486933 12.934219 465.849762 0.752941 0.752941 0.752941
vn 0.302002 0.461780 -0.833999
v 19.382204 10.275339 448.806854 0.752941 0.752941 0.752941
vn 0.433244 -0.576114 -0.693104
v 19.414963 4.790785 448.958557 0.752941 0.752941 0.752941
vn -0.177088 -0.962842 0.203900
v 10.735348 3.365189 448.991180 0.752941 0.752941 0.752941
vn -0.622559 -0.312308 -0.717554
v 9.608337 4.172287 449.145660 0.752941 0.752941 0.752941
vn 0.305849 -0.837388 -0.453031
v 16.032459 3.505893 448.440887 0.752941 0.752941 0.752941
vn 0.217099 0.821354 -0.527490
v 11.894914 12.783834 448.599030 0.752941 0.752941 0.752941
vn 0.373148 -0.523663 -0.765858
v 19.748316 5.178408 448.903015 0.752941 0.752941 0.752941
vn 0.281852 0.598578 -0.749843
v 18.465643 10.939916 448.797699 0.752941 0.752941 0.752941
vn -0.478850 -0.235505 -0.845719
v 9.371986 8.198605 449.169434 0.752941 0.752941 0.752941
vn 0.243123 0.862502 -0.443825
v 13.696539 12.383219 448.796234 0.752941 0.752941 0.752941
vn 0.335050 0.651613 -0.680546
v 18.693443 11.273371 449.215973 0.752941 0.752941 0.752941
vn 0.024096 -0.593907 0.804173
v 19.251148 11.869364 465.911804 0.752941 0.752941 0.752941
vn 0.241720 0.847166 -0.473161
v 15.439218 11.920761 448.849243 0.752941 0.752941 0.752941
vn -0.386165 0.000925 0.922429
v 15.598679 13.991235 466.049500 0.752941 0.752941 0.752941
vn 0.146220 0.915878 -0.373880
v 14.084826 12.232872 448.768982 0.752941 0.752941 0.752941
vn 0.253801 0.804603 -0.536842
v 15.969603 11.861048 448.987274 0.752941 0.752941 0.752941
vn 0.375433 0.373295 -0.848352
v 20.998331 9.541307 449.008148 0.752941 0.752941 0.752941
vn 0.855543 0.417648 0.305967
v 20.758965 16.301237 466.585449 0.752941 0.752941 0.752941
vn 0.222271 0.815841 -0.533853
v 16.725962 11.825146 449.073547 0.752941 0.752941 0.752941
vn 0.269680 0.816517 -0.510463
v 11.393688 13.108275 448.856079 0.752941 0.752941 0.752941
vn 0.244832 0.722055 -0.647065
v 17.317307 11.592216 449.064789 0.752941 0.752941 0.752941
vn 0.330050 0.801754 -0.498254
v 10.884603 13.522733 449.146088 0.752941 0.752941 0.752941
vn 0.138874 0.660819 -0.737586
v 18.069155 11.327612 449.086487 0.752941 0.752941 0.752941
vn -0.438307 0.039487 -0.897957
v 6.656583 14.090770 448.750916 0.752941 0.752941 0.752941
vn -0.353727 -0.148222 0.923530
v 15.378543 13.497847 465.922272 0.752941 0.752941 0.752941
vn 0.298697 0.206086 -0.931831
v 21.894428 8.589069 449.064789 0.752941 0.752941 0.752941
vn -0.459970 -0.349751 -0.816150
v 8.104356 9.109659 449.223358 0.752941 0.752941 0.752941
vn -0.508854 -0.843631 -0.171328
v 10.137988 3.539285 449.057220 0.752941 0.752941 0.752941
vn -0.322733 0.404874 0.855523
v 16.593601 16.156897 465.907806 0.752941 0.752941 0.752941
vn 0.229588 0.840542 -0.490692
v 12.469221 12.712659 448.600983 0.752941 0.752941 0.752941
vn 0.384698 0.440435 -0.811187
v 20.612408 9.722091 448.982727 0.752941 0.752941 0.752941
vn -0.435942 0.558003 0.706107
v 17.637783 17.219082 466.009857 0.752941 0.752941 0.752941
vn 0.319299 0.803151 -0.502988
v 14.907328 12.339288 449.286224 0.752941 0.752941 0.752941
vn 0.517615 -0.508713 -0.687957
v 20.689272 5.534062 449.201477 0.752941 0.752941 0.752941
vn -0.524237 0.257081 0.811840
v 15.826552 15.348956 465.915955 0.752941 0.752941 0.752941
vn 0.226663 0.821471 -0.523268
v 11.725492 13.303082 449.234192 0.752941 0.752941 0.752941
vn -0.499621 -0.317304 -0.806038
v 6.330866 13.981467 448.964447 0.752941 0.752941 0.752941
vn 0.134495 0.855512 -0.500010
v 14.183424 12.446554 449.145020 0.752941 0.752941 0.752941
vn 0.361135 -0.003737 -0.932506
v 21.998125 8.125754 449.023773 0.752941 0.752941 0.752941
vn 0.390700 0.458066 -0.798454
v 20.255272 10.319805 449.081543 0.752941 0.752941 0.752941
vn -0.483484 -0.219435 -0.847403
v 7.162998 12.139106 449.075317 0.752941 0.752941 0.752941
vn 0.429129 -0.674373 -0.600891
v 19.018398 4.470801 449.046143 0.752941 0.752941 0.752941
vn 0.463810 -0.196793 -0.863801
v 21.331902 7.098070 448.856842 0.752941 0.752941 0.752941
vn -0.536611 -0.277357 -0.796945
v 6.488166 13.471079 449.124390 0.752941 0.752941 0.752941
vn 0.241160 0.832554 -0.498694
v 10.580306 13.529972 449.012726 0.752941 0.752941 0.752941
vn -0.419617 0.722766 0.549118
v 18.019178 17.570572 465.794067 0.752941 0.752941 0.752941
vn -0.484932 -0.050898 -0.873069
v 5.897127 14.305056 449.153900 0.752941 0.752941 0.752941
vn -0.357953 0.489473 0.795164
v 16.360201 16.530449 465.658386 0.752941 0.752941 0.752941
vn 0.418644 -0.585346 -0.694340
v 19.711142 4.879729 449.113678 0.752941 0.752941 0.752941
vn 0.293790 0.406577 -0.865091
v 21.255068 9.872948 449.250031 0.752941 0.752941 0.752941
vn 0.261700 0.675696 -0.689165
v 18.451611 11.446365 449.227142 0.752941 0.752941 0.752941
vn -0.292725 -0.384289 0.875576
v 15.991530 12.681931 465.940613 0.752941 0.752941 0.752941
vn 0.320101 0.275960 -0.906301
v 21.470734 9.193950 449.076965 0.752941 0.752941 0.752941
vn 0.042715 0.776625 -0.628513
v 6.808030 14.738108 449.032959 0.752941 0.752941 0.752941
vn -0.436694 0.646998 0.625053
v 18.370859 17.694487 465.939545 0.752941 0.752941 0.752941
vn 0.315796 0.084990 -0.945013
v 22.794773 8.543653 449.298523 0.752941 0.752941 0.752941
vn -0.618536 -0.018992 -0.785527
v 9.516879 6.219728 449.043610 0.752941 0.752941 0.752941
vn -0.451467 0.398150 0.798532
v 17.139376 16.487902 466.026154 0.752941 0.752941 0.752941
vn 0.242244 0.487328 -0.838945
v 19.945101 10.501466 449.075714 0.752941 0.752941 0.752941
vn 0.355049 0.479209 -0.802682
v 20.326925 10.636628 449.323883 0.752941 0.752941 0.752941
vn 0.214295 0.829631 -0.515549
v 15.807118 12.040227 449.201202 0.752941 0.752941 0.752941
vn 0.192580 0.825890 -0.529923
v 16.608648 11.973064 449.287354 0.752941 0.752941 0.752941
vn 0.163653 0.744779 -0.646932
v 17.830238 11.611679 449.285645 0.752941 0.752941 0.752941
vn -0.578417 0.302917 0.757413
v 15.586359 15.220257 465.720001 0.752941 0.752941 0.752941
vn 0.223450 0.504973 -0.833710
v 19.418215 10.858569 449.217072 0.752941 0.752941 0.752941
vn 0.347280 0.431881 -0.832391
v 20.590635 10.148200 449.168549 0.752941 0.752941 0.752941
vn 0.933274 0.280954 0.223752
v 22.374357 12.652475 465.918793 0.752941 0.752941 0.752941
vn -0.453608 0.234782 0.859719
v 15.356478 14.502738 465.803345 0.752941 0.752941 0.752941
vn -0.449152 0.667826 0.593524
v 18.654432 18.031733 465.770142 0.752941 0.752941 0.752941
vn -0.526867 -0.254256 -0.811027
v 7.889367 9.637398 449.175659 0.752941 0.752941 0.752941
vn -0.346201 0.473940 0.809645
v 16.711937 16.751345 465.661194 0.752941 0.752941 0.752941
vn 0.112287 0.831126 -0.544629
v 16.213537 11.952208 449.195282 0.752941 0.752941 0.752941
vn -0.272930 -0.485885 0.830316
v 15.775654 12.292570 465.671295 0.752941 0.752941 0.752941
vn -0.309965 -0.398040 -0.863415
v 9.028099 8.802134 449.006317 0.752941 0.752941 0.752941
vn 0.317045 0.482277 -0.816634
v 20.090542 10.777035 449.295807 0.752941 0.752941 0.752941
vn -0.502054 -0.230104 -0.833663
v 6.500513 12.765287 449.263733 0.752941 0.752941 0.752941
vn 0.319966 0.796732 -0.512680
v 11.146983 13.336088 449.088257 0.752941 0.752941 0.752941
vn -0.495875 -0.341108 -0.798594
v 5.978751 13.785811 449.302063 0.752941 0.752941 0.752941
vn 0.192729 0.299323 -0.934484
v 21.801407 9.653318 449.330811 0.752941 0.752941 0.752941
vn 0.176187 0.592944 -0.785732
v 19.582138 11.102962 449.373627 0.752941 0.752941 0.752941
vn -0.426684 0.422816 0.799480
v 16.148088 16.096756 465.832520 0.752941 0.752941 0.752941
vn 0.402235 -0.688295 -0.603703
v 19.504360 4.560327 449.277069 0.752941 0.752941 0.752941
vn -0.428134 0.030605 -0.903197
v 5.182983 14.691408 449.575653 0.752941 0.752941 0.752941
vn -0.447618 -0.274085 -0.851185
v 6.673100 12.367948 449.319885 0.752941 0.752941 0.752941
vn -0.105010 -0.617102 0.779845
v 17.897732 11.556317 465.569458 0.752941 0.752941 0.752941
vn 0.076210 -0.718762 0.691067
v 21.966616 11.589369 465.732758 0.752941 0.752941 0.752941
vn 0.205575 0.202481 -0.957466
v 22.289473 9.229287 449.348328 0.752941 0.752941 0.752941
vn 0.246014 0.616012 -0.748336
v 19.190252 11.224042 449.359161 0.752941 0.752941 0.752941
vn -0.282271 -0.426906 0.859113
v 15.144453 12.573444 465.613312 0.752941 0.752941 0.752941
vn 0.400254 -0.599013 -0.693527
v 20.234810 4.971435 449.270569 0.752941 0.752941 0.752941
vn 0.400833 -0.058132 -0.914305
v 23.239050 8.087458 449.446686 0.752941 0.752941 0.752941
vn 0.177970 0.800149 -0.572789
v 16.528404 12.137229 449.489441 0.752941 0.752941 0.752941
vn -0.089327 -0.613595 0.784552
v 17.985630 12.092037 466.014679 0.752941 0.752941 0.752941
vn 0.195120 0.829159 -0.523854
v 13.547424 12.694070 449.324280 0.752941 0.752941 0.752941
vn -0.449570 -0.065373 0.890850
v 14.992838 13.606640 465.760071 0.752941 0.752941 0.752941
vn -0.633797 0.007647 -0.773462
v 9.613205 7.115901 448.970795 0.752941 0.752941 0.752941
vn -0.582990 0.393587 0.710783
v 15.877275 16.179518 465.493988 0.752941 0.752941 0.752941
vn 0.477452 -0.453456 -0.752607
v 21.153610 5.857839 449.286255 0.752941 0.752941 0.752941
vn 0.426783 -0.225073 -0.875899
v 22.095224 7.294524 449.194763 0.752941 0.752941 0.752941
vn 0.272252 0.202776 -0.940617
v 22.879913 9.067402 449.393951 0.752941 0.752941 0.752941
vn -0.126246 -0.612321 0.780465
v 17.682220 12.007901 465.940186 0.752941 0.752941 0.752941
vn 0.486545 -0.533001 -0.692232
v 20.923374 5.219595 449.634918 0.752941 0.752941 0.752941
vn 0.221033 0.805309 -0.550111
v 15.319793 12.251339 449.344055 0.752941 0.752941 0.752941
vn 0.424386 -0.004737 -0.905469
v 23.515902 8.310395 449.630615 0.752941 0.752941 0.752941
vn 0.252819 0.816193 -0.519530
v 14.610820 12.618862 449.436035 0.752941 0.752941 0.752941
vn -0.511003 -0.405431 -0.757958
v 7.944448 8.424168 449.619049 0.752941 0.752941 0.752941
vn -0.495358 0.595208 0.632730
v 17.241201 17.399225 465.534729 0.752941 0.752941 0.752941
vn 0.551816 -0.504936 -0.663731
v 20.679611 5.183311 449.419006 0.752941 0.752941 0.752941
vn 0.241621 0.513761 -0.823206
v 19.998623 10.995082 449.373138 0.752941 0.752941 0.752941
vn 0.408489 -0.360308 -0.838639
v 22.345236 6.500391 449.588654 0.752941 0.752941 0.752941
vn 0.200148 0.799874 -0.565811
v 17.406498 11.762805 449.368958 0.752941 0.752941 0.752941
vn 0.010738 -0.656746 0.754036
v 19.334824 11.547854 465.718292 0.752941 0.752941 0.752941
vn -0.075152 -0.641274 0.763623
v 18.599257 11.332468 465.489288 0.752941 0.752941 0.752941
vn 0.457161 -0.630045 -0.627732
v 20.505219 4.787364 449.621033 0.752941 0.752941 0.752941
vn 0.108273 0.851338 -0.513322
v 14.284202 12.693427 449.548431 0.752941 0.752941 0.752941
vn 0.448711 -0.370983 -0.813037
v 21.585617 6.424314 449.242340 0.752941 0.752941 0.752941
vn 0.156074 0.377802 -0.912637
v 21.443045 10.257627 449.522278 0.752941 0.752941 0.752941
vn -0.024252 -0.732679 0.680142
v 19.769718 11.551785 465.758240 0.752941 0.752941 0.752941
vn 0.210047 0.378998 -0.901244
v 22.033211 10.091731 449.482025 0.752941 0.752941 0.752941
vn 0.046301 -0.741022 0.669883
v 20.786236 11.499875 465.588409 0.752941 0.752941 0.752941
vn 0.319898 -0.194220 -0.927332
v 22.771931 7.764868 449.371429 0.752941 0.752941 0.752941
vn -0.443565 0.593178 0.671856
v 18.015322 17.855078 465.488190 0.752941 0.752941 0.752941
vn -0.566368 -0.183541 -0.803455
v 6.032960 12.685028 449.624176 0.752941 0.752941 0.752941
vn -0.487042 -0.313955 -0.814999
v 6.617661 11.735868 449.549652 0.752941 0.752941 0.752941
vn -0.452902 0.617235 0.643351
v 18.330790 17.952440 465.674316 0.752941 0.752941 0.752941
vn -0.582793 -0.661051 -0.472613
v 9.323269 3.999630 449.505554 0.752941 0.752941 0.752941
vn 0.068992 -0.997429 0.019375
v 15.875672 3.187265 449.819763 0.752941 0.752941 0.752941
vn 0.224041 0.830920 -0.509291
v 6.369801 15.155298 449.531830 0.752941 0.752941 0.752941
vn -0.191195 0.491297 -0.849748
v 5.969516 15.016870 449.368622 0.752941 0.752941 0.752941
vn 0.190759 0.830899 -0.522702
v 13.584041 12.834803 449.509186 0.752941 0.752941 0.752941
vn 0.349284 -0.732599 -0.584208
v 20.148960 4.612449 449.649780 0.752941 0.752941 0.752941
vn 0.234855 0.453214 -0.859907
v 20.985472 10.582040 449.540802 0.752941 0.752941 0.752941
vn -0.580555 -0.021501 -0.813937
v 9.349097 4.658392 449.216644 0.752941 0.752941 0.752941
vn 0.224299 0.315443 -0.922055
v 22.299835 9.781408 449.426025 0.752941 0.752941 0.752941
vn 0.274688 0.793385 -0.543219
v 16.909313 12.007293 449.528381 0.752941 0.752941 0.752941
vn -0.622785 -0.032925 -0.781700
v 8.681782 6.420469 449.648865 0.752941 0.752941 0.752941
vn -0.121814 -0.610318 0.782734
v 18.305918 11.638932 465.627014 0.752941 0.752941 0.752941
vn -0.616004 -0.264569 -0.741986
v 7.418449 9.524856 449.565063 0.752941 0.752941 0.752941
vn 0.310867 0.701265 -0.641552
v 18.769989 11.647060 449.684784 0.752941 0.752941 0.752941
vn 0.217484 0.715890 -0.663477
v 19.010880 11.409606 449.481293 0.752941 0.752941 0.752941
vn 0.222754 0.464490 -0.857105
v 21.812740 10.754695 449.737061 0.752941 0.752941 0.752941
vn 0.144676 0.822558 -0.549970
v 15.987050 12.188317 449.515747 0.752941 0.752941 0.752941
vn -0.471405 -0.456010 -0.754872
v 8.107121 7.943629 449.812347 0.752941 0.752941 0.752941
vn 0.312036 0.849577 -0.425268
v 12.360468 13.268302 449.695892 0.752941 0.752941 0.752941
vn 0.278727 0.383398 -0.880521
v 22.934135 9.985182 449.729279 0.752941 0.752941 0.752941
vn -0.412155 0.784193 0.463864
v 19.182549 18.553457 465.686981 0.752941 0.752941 0.752941
vn 0.432413 -0.500970 -0.749699
v 21.388044 5.652245 449.541779 0.752941 0.752941 0.752941
vn 0.207527 0.759524 -0.616487
v 18.407223 11.748924 449.564850 0.752941 0.752941 0.752941
vn -0.569076 -0.213624 -0.794051
v 7.182591 11.169132 449.317963 0.752941 0.752941 0.752941
vn -0.496684 -0.205443 -0.843266
v 8.842419 7.683599 449.600067 0.752941 0.752941 0.752941
vn -0.343480 -0.412718 -0.843614
v 8.500990 8.335583 449.430420 0.752941 0.752941 0.752941
vn -0.374907 0.657838 0.653218
v 17.614395 17.692759 465.428955 0.752941 0.752941 0.752941
vn -0.108735 -0.970878 0.213477
v 12.616531 3.121459 449.336884 0.752941 0.752941 0.752941
vn -0.636976 -0.445587 -0.629057
v 8.730161 4.426239 449.676544 0.752941 0.752941 0.752941
vn -0.220317 -0.934864 0.278370
v 10.570427 3.602271 449.972778 0.752941 0.752941 0.752941
vn 0.360511 -0.810197 -0.462183
v 19.037460 3.884672 449.886261 0.752941 0.752941 0.752941
vn 0.237510 0.840781 -0.486494
v 10.649541 13.680669 449.255249 0.752941 0.752941 0.752941
vn 0.293882 0.425737 -0.855793
v 22.008240 10.523090 449.674011 0.752941 0.752941 0.752941
vn 0.301777 0.521875 -0.797858
v 20.490669 10.958179 449.586945 0.752941 0.752941 0.752941
vn 0.334838 0.829656 -0.446715
v 11.304193 13.596398 449.526367 0.752941 0.752941 0.752941
vn -0.538449 -0.268203 -0.798837
v 6.120240 12.044011 449.661865 0.752941 0.752941 0.752941
vn 0.121173 0.851513 0.510140
v 19.674603 18.642565 465.698883 0.752941 0.752941 0.752941
vn 0.756825 0.536899 0.372768
v 20.110388 18.331274 465.612579 0.752941 0.752941 0.752941
vn -0.577258 -0.201397 -0.791336
v 8.847359 4.556785 449.543823 0.752941 0.752941 0.752941
vn -0.636662 -0.327118 -0.698323
v 7.405205 9.128983 449.739136 0.752941 0.752941 0.752941
vn 0.091115 -0.737224 0.669476
v 21.712334 11.184760 465.373352 0.752941 0.752941 0.752941
vn 0.361894 0.159835 -0.918415
v 23.288296 8.995636 449.556915 0.752941 0.752941 0.752941
vn -0.254904 0.184792 -0.949145
v 4.995040 15.078155 449.687347 0.752941 0.752941 0.752941
vn -0.472580 -0.281621 -0.835079
v 5.985185 13.224856 449.536926 0.752941 0.752941 0.752941
vn -0.295309 -0.445442 0.845206
v 15.483772 12.307172 465.563782 0.752941 0.752941 0.752941
vn -0.468403 -0.242072 -0.849706
v 5.386300 14.036644 449.527985 0.752941 0.752941 0.752941
vn -0.189086 -0.588990 0.785708
v 16.001377 11.921490 465.502686 0.752941 0.752941 0.752941
vn 0.413729 -0.553618 -0.722728
v 21.162235 5.417096 449.593445 0.752941 0.752941 0.752941
vn -0.368444 -0.234523 0.899582
v 14.934442 12.845375 465.626434 0.752941 0.752941 0.752941
vn 0.434825 -0.548447 -0.714236
v 21.493254 5.353372 449.842316 0.752941 0.752941 0.752941
vn 0.239853 0.290107 -0.926449
v 23.655474 9.947386 449.943481 0.752941 0.752941 0.752941
vn 0.126714 0.792762 -0.596215
v 17.955915 11.835111 449.650726 0.752941 0.752941 0.752941
vn 0.243024 0.810286 -0.533270
v 15.544492 12.387959 449.600677 0.752941 0.752941 0.752941
vn -0.182865 -0.624943 0.758950
v 17.415600 11.524464 465.426056 0.752941 0.752941 0.752941
vn 0.351929 0.776538 -0.522623
v 14.956548 12.697612 449.869904 0.752941 0.752941 0.752941
vn 0.337804 -0.325109 -0.883285
v 22.983770 7.282982 449.566467 0.752941 0.752941 0.752941
vn 0.317623 0.851850 -0.416493
v 9.161848 14.135703 449.310181 0.752941 0.752941 0.752941
vn 0.328688 0.860313 -0.389647
v 7.078228 15.060673 450.116791 0.752941 0.752941 0.752941
vn 0.339372 0.844519 -0.414263
v 8.458257 14.430723 449.287415 0.752941 0.752941 0.752941
vn 0.337230 -0.388884 -0.857348
v 23.234579 6.674882 449.894257 0.752941 0.752941 0.752941
vn 0.471703 -0.549853 -0.689317
v 21.918243 5.569467 449.924316 0.752941 0.752941 0.752941
vn 0.309164 0.842760 -0.440651
v 11.603769 13.621407 449.889648 0.752941 0.752941 0.752941
vn -0.454839 0.176806 0.872846
v 15.092873 14.144703 465.801117 0.752941 0.752941 0.752941
vn 0.189501 0.692026 -0.696556
v 19.824411 11.467265 449.781097 0.752941 0.752941 0.752941
vn 0.012791 -0.779366 0.626439
v 19.540375 11.378335 465.487061 0.752941 0.752941 0.752941
vn -0.156888 0.270371 -0.949887
v 4.601610 15.418928 449.795319 0.752941 0.752941 0.752941
vn 0.318294 0.452665 -0.832937
v 22.389484 10.266516 449.763763 0.752941 0.752941 0.752941
vn -0.474165 -0.367719 -0.799969
v 6.358068 11.606025 449.744568 0.752941 0.752941 0.752941
vn 0.460150 -0.231911 -0.857017
v 23.416664 7.562023 449.625488 0.752941 0.752941 0.752941
vn -0.475878 0.039424 0.878627
v 14.311700 13.764400 465.410797 0.752941 0.752941 0.752941
vn 0.291838 0.607207 -0.739006
v 20.140823 11.188092 449.592804 0.752941 0.752941 0.752941
vn -0.405790 -0.081798 0.910299
v 14.263441 13.252303 465.362518 0.752941 0.752941 0.752941
vn -0.381521 -0.085772 -0.920372
v 4.668467 14.796780 449.815704 0.752941 0.752941 0.752941
vn 0.413566 -0.734951 -0.537411
v 20.614096 4.497199 450.059448 0.752941 0.752941 0.752941
vn 0.220986 0.840061 -0.495442
v 13.135966 12.943314 449.564331 0.752941 0.752941 0.752941
vn 0.297244 0.772236 -0.561513
v 16.699955 12.306321 449.793640 0.752941 0.752941 0.752941
vn -0.092111 -0.687678 0.720149
v 21.155935 11.367503 465.428894 0.752941 0.752941 0.752941
vn 0.183970 0.774959 -0.604643
v 17.406269 12.029767 449.705414 0.752941 0.752941 0.752941
vn -0.120290 -0.661954 0.739829
v 21.379208 11.395739 465.513214 0.752941 0.752941 0.752941
vn 0.453051 -0.487470 -0.746404
v 22.040567 5.906722 449.769165 0.752941 0.752941 0.752941
vn 0.202014 0.826551 -0.525361
v 14.676126 12.818246 449.796844 0.752941 0.752941 0.752941
vn 0.017905 -0.726898 0.686512
v 19.167391 11.049232 465.174225 0.752941 0.752941 0.752941
vn 0.198809 0.815013 -0.544268
v 15.485459 12.594554 449.917847 0.752941 0.752941 0.752941
vn 0.258739 0.836644 -0.482785
v 9.720214 13.701625 448.878174 0.752941 0.752941 0.752941
vn -0.368008 -0.915664 0.161647
v 9.599701 3.849331 449.660797 0.752941 0.752941 0.752941
vn -0.050436 0.585957 -0.808771
v 5.124990 15.525620 449.863861 0.752941 0.752941 0.752941
vn 0.365804 -0.475932 -0.799798
v 22.707403 6.462451 449.818878 0.752941 0.752941 0.752941
vn 0.215611 0.793825 -0.568642
v 15.707128 12.479785 449.858459 0.752941 0.752941 0.752941
vn 0.220114 0.381487 -0.897785
v 23.332069 10.307180 450.005249 0.752941 0.752941 0.752941
vn 0.418520 -0.144294 -0.896672
v 24.167376 8.352492 449.889221 0.752941 0.752941 0.752941
vn -0.608312 -0.235532 -0.757946
v 6.687995 10.571192 449.839600 0.752941 0.752941 0.752941
vn 0.175188 -0.767375 0.616802
v 22.079300 11.253990 465.293976 0.752941 0.752941 0.752941
vn -0.530017 -0.294106 -0.795352
v 6.580697 11.367296 449.751587 0.752941 0.752941 0.752941
vn 0.338155 0.086146 -0.937139
v 23.837427 8.924452 449.740875 0.752941 0.752941 0.752941
vn 0.155094 0.555054 -0.817228
v 21.031176 11.253582 449.928223 0.752941 0.752941 0.752941
vn 0.521476 -0.307507 -0.795928
v 23.434496 7.068553 449.835052 0.752941 0.752941 0.752941
vn 0.108829 0.777813 -0.619002
v 16.013006 12.540739 449.992798 0.752941 0.752941 0.752941
vn 0.273765 0.811105 -0.516877
v 12.629036 13.314494 449.964233 0.752941 0.752941 0.752941
vn 0.422108 -0.588613 -0.689464
v 21.321413 5.160860 449.874908 0.752941 0.752941 0.752941
vn -0.370706 0.710572 0.598050
v 17.692526 17.952326 465.262543 0.752941 0.752941 0.752941
vn -0.673003 -0.327025 -0.663417
v 6.942341 9.481505 450.066925 0.752941 0.752941 0.752941
vn -0.481068 -0.201114 -0.853303
v 4.297558 14.524148 450.024902 0.752941 0.752941 0.752941
vn -0.343208 -0.179861 -0.921878
v 4.117002 14.996964 449.994568 0.752941 0.752941 0.752941
vn 0.140404 0.846271 -0.513919
v 14.000553 12.899330 449.880798 0.752941 0.752941 0.752941
vn 0.193017 0.718006 -0.668739
v 19.160791 11.715734 449.847107 0.752941 0.752941 0.752941
vn -0.446305 -0.299028 -0.843442
v 5.562369 13.027759 449.815094 0.752941 0.752941 0.752941
vn -0.443495 0.656504 0.610176
v 16.695927 17.162069 465.289703 0.752941 0.752941 0.752941
vn 0.169630 0.487038 -0.856750
v 21.458183 11.157003 449.936890 0.752941 0.752941 0.752941
vn 0.249323 -0.914988 -0.317231
v 17.463993 3.500813 449.489777 0.752941 0.752941 0.752941
vn -0.544535 -0.300279 -0.783144
v 4.389887 13.433968 450.339966 0.752941 0.752941 0.752941
vn -0.592555 -0.120654 -0.796443
v 8.184079 7.392922 450.011230 0.752941 0.752941 0.752941
vn 0.111577 0.831407 -0.544346
v 14.175403 13.107875 450.225586 0.752941 0.752941 0.752941
vn -0.415558 0.145960 0.897779
v 14.374231 14.301907 465.369751 0.752941 0.752941 0.752941
vn 0.472135 -0.602269 -0.643708
v 20.917265 4.896165 449.845032 0.752941 0.752941 0.752941
vn 0.017232 -0.736271 0.676467
v 20.344343 11.183480 465.287231 0.752941 0.752941 0.752941
vn -0.397372 0.097149 0.912501
v 14.071408 14.135784 465.216766 0.752941 0.752941 0.752941
vn 0.164934 0.709589 -0.685041
v 19.562572 11.859014 450.136871 0.752941 0.752941 0.752941
vn 0.083323 0.827896 -0.554658
v 14.534899 12.989228 450.031616 0.752941 0.752941 0.752941
vn -0.494837 -0.214290 -0.842149
v 4.528164 14.034556 449.987122 0.752941 0.752941 0.752941
vn 0.285770 0.509393 -0.811699
v 21.985022 11.220038 450.128510 0.752941 0.752941 0.752941
vn 0.223250 0.719198 -0.657962
v 18.566309 12.034247 449.944427 0.752941 0.752941 0.752941
vn 0.415223 -0.550265 -0.724430
v 22.600840 5.804815 450.200256 0.752941 0.752941 0.752941
vn 0.476964 -0.233408 -0.847364
v 23.891750 7.928346 449.820435 0.752941 0.752941 0.752941
vn -0.530115 -0.307351 -0.790262
v 5.519469 12.464738 450.070618 0.752941 0.752941 0.752941
vn 0.552042 -0.340290 -0.761218
v 23.684856 7.352362 449.946899 0.752941 0.752941 0.752941
vn -0.187694 0.034130 -0.981634
v 4.007867 15.551308 449.966278 0.752941 0.752941 0.752941
vn -0.444667 -0.306576 -0.841595
v 5.057405 13.522820 449.873962 0.752941 0.752941 0.752941
vn -0.631036 -0.286421 -0.720941
v 5.641950 11.737760 450.199249 0.752941 0.752941 0.752941
vn -0.143508 -0.625145 0.767202
v 16.765926 11.869311 465.586212 0.752941 0.752941 0.752941
vn 0.128528 0.776376 -0.617026
v 15.896829 12.681581 450.161926 0.752941 0.752941 0.752941
vn -0.366291 -0.310857 0.877040
v 14.437448 12.487062 465.309784 0.752941 0.752941 0.752941
vn 0.151696 0.792483 -0.590728
v 17.296671 12.563718 450.352966 0.752941 0.752941 0.752941
vn 0.234693 0.772293 -0.590324
v 16.965143 12.379005 450.056000 0.752941 0.752941 0.752941
vn 0.314898 0.772995 -0.550744
v 14.811282 13.001049 450.158112 0.752941 0.752941 0.752941
vn -0.429380 0.364417 0.826337
v 15.296601 15.819979 465.313202 0.752941 0.752941 0.752941
vn -0.578217 -0.354009 -0.735080
v 8.012578 7.657557 450.059692 0.752941 0.752941 0.752941
vn -0.073659 0.138180 -0.987664
v 3.233650 15.898520 450.078796 0.752941 0.752941 0.752941
vn -0.608319 0.008563 -0.793646
v 8.397516 5.550758 449.988800 0.752941 0.752941 0.752941
vn 0.314107 0.478528 -0.819968
v 22.266062 10.835741 450.010315 0.752941 0.752941 0.752941
vn 0.444025 -0.617858 -0.648917
v 21.772715 5.187692 450.141754 0.752941 0.752941 0.752941
vn 0.220612 0.822838 -0.523707
v 13.561512 13.071478 449.906525 0.752941 0.752941 0.752941
vn 0.326724 -0.113211 -0.938315
v 24.859465 8.770992 450.150513 0.752941 0.752941 0.752941
vn 0.204912 0.034004 -0.978190
v 24.845110 9.245594 450.111694 0.752941 0.752941 0.752941
vn -0.269654 -0.496525 0.825076
v 14.868404 12.034079 465.202148 0.752941 0.752941 0.752941
vn 0.145767 0.757711 -0.636102
v 5.071272 15.928049 450.255188 0.752941 0.752941 0.752941
vn -0.470113 -0.864943 -0.175690
v 8.564527 4.361064 450.006500 0.752941 0.752941 0.752941
vn 0.280990 0.775152 -0.565848
v 12.326107 13.641266 450.272491 0.752941 0.752941 0.752941
vn 0.120377 0.780058 -0.614019
v 5.597027 15.522078 449.863312 0.752941 0.752941 0.752941
vn 0.220590 0.917659 -0.330517
v 8.026369 14.635732 449.539520 0.752941 0.752941 0.752941
vn 0.320856 0.868792 -0.377163
v 10.921062 14.182556 450.377350 0.752941 0.752941 0.752941
vn -0.446386 -0.109929 0.888063
v 14.584473 13.232278 465.534332 0.752941 0.752941 0.752941
vn 0.197660 0.816496 -0.542461
v 12.950547 13.373959 450.190643 0.752941 0.752941 0.752941
vn 0.886059 0.457973 0.071831
v 22.322355 12.804034 465.395721 0.752941 0.752941 0.752941
vn 0.771815 -0.181486 0.609397
v 22.577606 12.097062 465.722321 0.752941 0.752941 0.752941
vn -0.174711 -0.934317 0.310688
v 10.982346 3.654445 450.246735 0.752941 0.752941 0.752941
vn -0.359751 0.154671 0.920139
v 14.145977 14.659456 465.257874 0.752941 0.752941 0.752941
vn 0.173871 0.787375 -0.591447
v 16.588554 12.448962 449.949219 0.752941 0.752941 0.752941
vn 0.564387 -0.438967 -0.699125
v 23.680550 6.371604 450.424072 0.752941 0.752941 0.752941
vn 0.187256 0.557821 -0.808561
v 21.630520 11.390275 450.088257 0.752941 0.752941 0.752941
vn -0.277203 -0.283812 -0.917937
v 3.740301 15.080822 450.075714 0.752941 0.752941 0.752941
vn 0.178538 0.454328 -0.872760
v 22.930849 10.754050 450.111572 0.752941 0.752941 0.752941
vn -0.411159 -0.401741 -0.818262
v 5.138430 12.678268 450.148376 0.752941 0.752941 0.752941
vn -0.613770 -0.003023 -0.789479
v 7.633028 6.647356 450.564850 0.752941 0.752941 0.752941
vn 0.253115 0.687478 -0.680666
v 18.850868 12.147223 450.241791 0.752941 0.752941 0.752941
vn 0.547157 -0.392134 -0.739493
v 23.454296 6.645670 450.003601 0.752941 0.752941 0.752941
vn -0.354218 0.036767 0.934440
v 14.047923 13.639367 465.275116 0.752941 0.752941 0.752941
vn 0.125904 0.829079 -0.544771
v 18.306482 12.443524 450.360687 0.752941 0.752941 0.752941
vn 0.205040 0.630804 -0.748361
v 20.562777 11.462737 449.991486 0.752941 0.752941 0.752941
vn 0.231609 0.158143 -0.959869
v 24.330322 9.508507 450.006897 0.752941 0.752941 0.752941
vn 0.104697 0.739810 -0.664620
v 17.855034 12.142342 450.003479 0.752941 0.752941 0.752941
vn 0.103638 0.509627 -0.854131
v 3.437492 16.206661 450.176056 0.752941 0.752941 0.752941
vn 0.200552 0.257411 -0.945261
v 24.396444 10.114486 450.181030 0.752941 0.752941 0.752941
vn 0.145194 0.309816 -0.939645
v 23.867167 10.448044 450.144897 0.752941 0.752941 0.752941
vn 0.217263 0.782903 -0.582974
v 15.223883 12.737863 450.064636 0.752941 0.752941 0.752941
vn -0.254538 -0.537365 0.804020
v 15.599369 11.822240 465.299683 0.752941 0.752941 0.752941
vn -0.467443 0.764501 0.443886
v 18.655428 18.361273 465.436859 0.752941 0.752941 0.752941
vn 0.421328 -0.547849 0.722734
v 22.765263 11.354738 465.241394 0.752941 0.752941 0.752941
vn 0.203007 0.749563 -0.630035
v 18.492916 12.257209 450.155396 0.752941 0.752941 0.752941
vn -0.560811 -0.356611 -0.747208
v 5.263910 12.047685 450.455688 0.752941 0.752941 0.752941
vn 0.629004 -0.329439 -0.704148
v 23.659506 6.790875 450.160614 0.752941 0.752941 0.752941
vn 0.232435 0.316832 -0.919561
v 24.303724 10.664757 450.271423 0.752941 0.752941 0.752941
vn 0.097816 0.391302 -0.915049
v 23.731892 10.738413 450.247375 0.752941 0.752941 0.752941
vn 0.187535 0.285850 -0.939745
v 24.632528 10.139594 450.208984 0.752941 0.752941 0.752941
vn -0.136809 0.171880 -0.975572
v 2.811505 16.192717 450.139099 0.752941 0.752941 0.752941
vn -0.513305 -0.063219 -0.855875
v 2.184972 16.384806 450.337524 0.752941 0.752941 0.752941
vn 0.213231 0.520611 -0.826738
v 22.483843 11.407254 450.394470 0.752941 0.752941 0.752941
vn 0.144938 0.353589 -0.924104
v 23.685181 10.497781 450.142914 0.752941 0.752941 0.752941
vn 0.462677 -0.568729 -0.680057
v 22.253023 5.559134 450.182587 0.752941 0.752941 0.752941
vn 0.300549 -0.586317 -0.752265
v 22.936317 6.009083 450.233643 0.752941 0.752941 0.752941
vn 0.025977 -0.749366 0.661647
v 19.968689 11.309192 465.410889 0.752941 0.752941 0.752941
vn -0.437454 0.292056 0.850492
v 14.977640 15.114537 465.455536 0.752941 0.752941 0.752941
vn 0.316346 0.890076 -0.328161
v 6.342398 15.662470 450.502014 0.752941 0.752941 0.752941
vn -0.508933 0.526396 0.681097
v 16.092218 16.642796 465.391296 0.752941 0.752941 0.752941
vn 0.296877 0.850513 -0.434156
v 5.768943 15.749100 450.410767 0.752941 0.752941 0.752941
vn 0.042163 0.490334 -0.870514
v 4.126602 15.813837 450.039764 0.752941 0.752941 0.752941
vn -0.484316 -0.304959 -0.820023
v 3.968929 14.011045 450.413757 0.752941 0.752941 0.752941
vn -0.484275 -0.358014 -0.798313
v 4.844495 12.800370 450.232635 0.752941 0.752941 0.752941
vn -0.613701 -0.035740 -0.788729
v 8.355722 4.861331 449.929901 0.752941 0.752941 0.752941
vn 0.156832 0.649266 -0.744216
v 19.364790 12.261046 450.480774 0.752941 0.752941 0.752941
vn 0.180493 0.837210 -0.516239
v 13.275339 13.312966 450.183228 0.752941 0.752941 0.752941
vn 0.241563 0.199964 -0.949559
v 24.840405 9.864880 450.201416 0.752941 0.752941 0.752941
vn 0.066438 0.781894 -0.619861
v 16.302698 12.627317 450.131531 0.752941 0.752941 0.752941
vn 0.230436 0.085273 -0.969344
v 25.347790 9.427647 450.218018 0.752941 0.752941 0.752941
vn -0.296456 -0.186645 -0.936631
v 2.925375 15.534979 450.172424 0.752941 0.752941 0.752941
vn -0.635290 -0.349249 -0.688790
v 6.560746 9.943019 450.191071 0.752941 0.752941 0.752941
vn 0.131596 0.763392 -0.632389
v 15.713321 12.892953 450.338501 0.752941 0.752941 0.752941
vn 0.115393 0.815668 -0.566896
v 17.625757 12.546316 450.381226 0.752941 0.752941 0.752941
vn 0.172505 0.667031 -0.724784
v 20.704170 11.667509 450.188965 0.752941 0.752941 0.752941
vn -0.447724 0.700834 0.555316
v 18.090977 18.051901 465.386017 0.752941 0.752941 0.752941
vn -0.196404 -0.928432 0.315340
v 11.404962 3.678420 450.692810 0.752941 0.752941 0.752941
vn -0.376464 -0.432507 -0.819276
v 3.192882 14.884268 450.320313 0.752941 0.752941 0.752941
vn -0.631387 -0.313330 -0.709348
v 6.180235 10.409247 450.304779 0.752941 0.752941 0.752941
vn -0.433015 0.739956 0.514746
v 18.429182 18.226721 465.447693 0.752941 0.752941 0.752941
vn 0.723414 -0.187749 -0.664397
v 25.542231 9.017722 450.286652 0.752941 0.752941 0.752941
vn -0.592024 -0.324256 -0.737811
v 5.751723 11.175573 450.318665 0.752941 0.752941 0.752941
vn 0.611142 0.156732 -0.775849
v 25.624205 9.646177 450.318024 0.752941 0.752941 0.752941
vn 0.457083 -0.368818 -0.809351
v 24.252405 7.253928 450.297607 0.752941 0.752941 0.752941
vn 0.292824 0.366405 -0.883177
v 24.588844 10.560766 450.363220 0.752941 0.752941 0.752941
vn -0.398187 0.607969 0.686892
v 16.499229 16.953587 465.439667 0.752941 0.752941 0.752941
vn 0.469627 -0.304506 -0.828690
v 24.555979 7.650583 450.320923 0.752941 0.752941 0.752941
vn -0.002523 0.589782 -0.807558
v 2.290627 16.680286 450.391510 0.752941 0.752941 0.752941
vn 0.243609 0.795559 -0.554743
v 15.184039 13.000947 450.393463 0.752941 0.752941 0.752941
vn 0.180459 0.421410 -0.888734
v 24.054600 11.105693 450.400879 0.752941 0.752941 0.752941
vn 0.370856 -0.533058 -0.760470
v 23.179941 6.229923 450.123199 0.752941 0.752941 0.752941
vn 0.110933 0.638935 -0.761220
v 21.101217 11.643699 450.267731 0.752941 0.752941 0.752941
vn 0.476962 -0.418249 -0.773030
v 24.033518 6.779502 450.432739 0.752941 0.752941 0.752941
vn 0.353280 0.863416 -0.360147
v 9.166553 14.427819 450.019257 0.752941 0.752941 0.752941
vn 0.302407 0.860135 -0.410754
v 11.188063 13.999867 450.279144 0.752941 0.752941 0.752941
vn -0.347456 0.285368 0.893219
v 14.539982 14.779281 465.299316 0.752941 0.752941 0.752941
vn -0.526806 -0.844482 -0.096573
v 8.226466 4.432189 450.322937 0.752941 0.752941 0.752941
vn -0.728960 -0.474162 -0.493749
v 7.960685 4.810054 450.315002 0.752941 0.752941 0.752941
vn 0.236550 -0.966191 -0.102564
v 19.745998 3.743909 451.051941 0.752941 0.752941 0.752941
vn -0.343052 0.868116 0.358735
v 19.164595 18.830919 465.028412 0.752941 0.752941 0.752941
vn 0.230912 0.832412 -0.503755
v 16.916063 12.706459 450.431244 0.752941 0.752941 0.752941
vn -0.557684 -0.295071 -0.775836
v 6.147355 10.861740 450.182404 0.752941 0.752941 0.752941
vn -0.431210 0.332232 0.838857
v 14.745645 15.652217 465.120422 0.752941 0.752941 0.752941
vn 0.130955 0.690499 -0.711380
v 20.643953 11.942685 450.458740 0.752941 0.752941 0.752941
vn 0.111596 0.466143 -0.877643
v 22.920008 11.384470 450.486511 0.752941 0.752941 0.752941
vn 0.046185 0.442269 -0.895693
v 23.537903 10.952944 450.341919 0.752941 0.752941 0.752941
vn -0.154834 -0.635081 0.756769
v 17.065014 11.405734 465.244598 0.752941 0.752941 0.752941
vn 0.164121 0.681007 -0.713648
v 20.044712 11.927107 450.283813 0.752941 0.752941 0.752941
vn 0.110591 0.856946 -0.503402
v 14.226965 13.303771 450.532013 0.752941 0.752941 0.752941
vn 0.176910 0.843589 -0.507011
v 16.520922 12.773608 450.340576 0.752941 0.752941 0.752941
vn -0.418094 -0.425549 -0.802562
v 3.535200 14.385338 450.485809 0.752941 0.752941 0.752941
vn -0.052569 -0.684069 0.727521
v 20.947018 11.081223 465.152618 0.752941 0.752941 0.752941
vn -0.388699 -0.069791 0.918718
v 13.738589 13.379564 465.172394 0.752941 0.752941 0.752941
vn -0.450598 -0.457687 -0.766475
v 4.875308 12.096210 450.655701 0.752941 0.752941 0.752941
vn -0.317470 -0.434780 0.842721
v 14.771640 12.322635 465.347015 0.752941 0.752941 0.752941
vn -0.300110 -0.934023 0.193737
v 8.820530 4.282518 450.374329 0.752941 0.752941 0.752941
vn -0.448922 -0.893500 -0.011234
v 7.872208 4.752856 450.794708 0.752941 0.752941 0.752941
vn 0.441023 -0.711545 -0.546993
v 21.371180 4.811050 450.323242 0.752941 0.752941 0.752941
vn 0.180088 0.865601 -0.467229
v 14.583420 13.258133 450.410217 0.752941 0.752941 0.752941
vn 0.121891 -0.992385 0.017711
v 17.385689 3.347583 450.479523 0.752941 0.752941 0.752941
vn 0.361715 0.836097 -0.412437
v 9.337584 14.650162 450.777710 0.752941 0.752941 0.752941
vn 0.198969 0.881391 -0.428440
v 10.028593 14.478480 450.749695 0.752941 0.752941 0.752941
vn -0.598693 -0.343760 -0.723461
v 7.637107 5.100031 450.455627 0.752941 0.752941 0.752941
vn -0.416469 0.089258 0.904758
v 13.698866 13.799099 465.182495 0.752941 0.752941 0.752941
vn 0.148452 0.858231 -0.491326
v 17.082264 12.759623 450.628571 0.752941 0.752941 0.752941
vn 0.463107 -0.570519 -0.678263
v 23.383627 5.905248 450.481079 0.752941 0.752941 0.752941
vn 0.272027 0.809496 -0.520306
v 12.744191 13.626127 450.443237 0.752941 0.752941 0.752941
vn 0.209013 0.705570 -0.677115
v 19.133057 12.401553 450.500824 0.752941 0.752941 0.752941
vn 0.232521 0.588084 -0.774656
v 21.972502 11.668118 450.445557 0.752941 0.752941 0.752941
vn 0.402474 -0.610253 -0.682353
v 22.602491 5.396218 450.549225 0.752941 0.752941 0.752941
vn -0.374709 -0.194788 0.906449
v 14.000506 12.668249 465.179138 0.752941 0.752941 0.752941
vn 0.443166 -0.282217 -0.850857
v 25.053970 8.072921 450.403961 0.752941 0.752941 0.752941
vn -0.667937 -0.356580 -0.653231
v 7.387338 7.882207 450.554779 0.752941 0.752941 0.752941
vn -0.515369 0.011967 0.856885
v 13.438498 13.493061 465.016296 0.752941 0.752941 0.752941
vn 0.158022 0.818645 -0.552131
v 18.616430 12.457197 450.496918 0.752941 0.752941 0.752941
vn -0.534944 -0.353900 -0.767196
v 4.390891 12.760161 450.572388 0.752941 0.752941 0.752941
vn 0.339229 0.826743 -0.448798
v 12.470355 13.777340 450.521576 0.752941 0.752941 0.752941
vn -0.414278 0.692144 0.591025
v 16.025980 17.013727 464.981537 0.752941 0.752941 0.752941
vn 0.290899 0.830275 -0.475417
v 12.180746 13.905983 450.502838 0.752941 0.752941 0.752941
vn 0.082447 0.421022 -0.903296
v 23.373846 11.289887 450.502472 0.752941 0.752941 0.752941
vn 0.065269 0.466255 -0.882239
v 23.608225 11.523581 450.589539 0.752941 0.752941 0.752941
vn -0.520342 0.620166 0.587059
v 17.004847 17.438560 465.252991 0.752941 0.752941 0.752941
vn 0.922265 -0.041643 -0.384309
v 25.602522 8.292551 450.850494 0.752941 0.752941 0.752941
vn -0.433898 0.634042 0.640097
v 16.767857 17.453922 465.027100 0.752941 0.752941 0.752941
vn -0.061337 -0.965220 0.254141
v 13.568026 3.303049 450.390015 0.752941 0.752941 0.752941
vn 0.199113 0.834100 -0.514424
v 13.268924 13.466903 450.438873 0.752941 0.752941 0.752941
vn -0.656603 -0.401992 -0.638181
v 7.509047 8.428093 450.031403 0.752941 0.752941 0.752941
vn -0.481825 0.493661 0.723978
v 15.530644 16.468563 465.130524 0.752941 0.752941 0.752941
vn 0.113034 0.719619 -0.685107
v 19.511629 12.459811 450.628204 0.752941 0.752941 0.752941
vn 0.239875 0.318209 -0.917171
v 24.958252 10.267926 450.349579 0.752941 0.752941 0.752941
vn 0.952185 0.303532 0.034821
v 21.721996 14.915141 465.240967 0.752941 0.752941 0.752941
vn -0.544500 0.022601 -0.838456
v 7.094324 5.616183 450.737762 0.752941 0.752941 0.752941
vn -0.521557 -0.320624 -0.790683
v 2.430206 15.698076 450.370514 0.752941 0.752941 0.752941
vn -0.457865 0.821295 0.340345
v 18.744379 18.454588 465.238281 0.752941 0.752941 0.752941
vn 0.137936 0.665803 -0.733267
v 21.574327 11.947115 450.542297 0.752941 0.752941 0.752941
vn 0.091392 0.544304 -0.833895
v 22.682016 11.967284 450.817474 0.752941 0.752941 0.752941
vn 0.117211 0.670274 -0.732799
v 20.390024 12.158297 450.636749 0.752941 0.752941 0.752941
vn 0.159389 0.842418 -0.514711
v 15.943859 13.078929 450.596527 0.752941 0.752941 0.752941
vn -0.309865 0.329905 0.891710
v 14.403899 15.192136 465.118958 0.752941 0.752941 0.752941
vn 0.148231 0.848952 -0.507256
v 18.146606 12.658922 450.733643 0.752941 0.752941 0.752941
vn 0.391391 0.510246 -0.765808
v 24.561697 11.172915 450.621063 0.752941 0.752941 0.752941
vn 0.067748 0.777757 -0.624903
v 19.194437 12.535243 450.716003 0.752941 0.752941 0.752941
vn 0.567608 -0.611709 -0.551030
v 23.714558 5.786099 450.961975 0.752941 0.752941 0.752941
vn -0.285560 -0.536426 0.794168
v 15.393175 11.483624 464.997498 0.752941 0.752941 0.752941
vn 0.152973 0.872462 -0.464122
v 15.244943 13.090410 450.554474 0.752941 0.752941 0.752941
vn 0.141746 0.892779 -0.427615
v 15.265759 13.243094 450.913422 0.752941 0.752941 0.752941
vn -0.475359 -0.434873 -0.764800
v 2.724760 14.914728 450.560638 0.752941 0.752941 0.752941
vn 0.436931 -0.665759 -0.604861
v 22.094614 5.089097 450.495178 0.752941 0.752941 0.752941
vn -0.710734 -0.187506 -0.678010
v 1.403792 16.103428 451.246948 0.752941 0.752941 0.752941
vn -0.223942 -0.908343 0.353218
v 10.383249 3.790517 450.291260 0.752941 0.752941 0.752941
vn -0.412896 0.510173 -0.754481
v 1.895618 16.855104 450.575867 0.752941 0.752941 0.752941
vn 0.283451 0.899254 -0.333164
v 7.318381 15.349219 450.810699 0.752941 0.752941 0.752941
vn 0.614832 -0.240541 -0.751081
v 25.438917 8.276518 450.563873 0.752941 0.752941 0.752941
vn 0.218410 0.876424 -0.429160
v 8.043997 15.001402 450.605957 0.752941 0.752941 0.752941
vn 0.192734 0.858702 -0.474851
v 13.645866 13.651125 450.855042 0.752941 0.752941 0.752941
vn 0.343577 0.524599 -0.778942
v 24.898912 10.972435 450.653412 0.752941 0.752941 0.752941
vn 0.459644 0.510664 -0.726601
v 25.326077 10.624164 450.574738 0.752941 0.752941 0.752941
vn -0.113376 -0.629177 0.768949
v 17.017710 11.153562 465.037292 0.752941 0.752941 0.752941
vn 0.464706 -0.425752 -0.776391
v 24.707302 7.075481 450.646301 0.752941 0.752941 0.752941
vn -0.656617 -0.155666 -0.737986
v 7.614941 7.388861 450.536194 0.752941 0.752941 0.752941
vn -0.650596 -0.411356 -0.638365
v 5.574471 10.011496 451.140656 0.752941 0.752941 0.752941
vn -0.079408 -0.701269 0.708461
v 18.021614 11.116994 465.228149 0.752941 0.752941 0.752941
vn 0.195570 0.811091 -0.551257
v 16.200516 12.910625 450.488220 0.752941 0.752941 0.752941
vn -0.188615 -0.637903 0.746662
v 15.700578 11.288337 464.999817 0.752941 0.752941 0.752941
vn -0.522023 0.100535 -0.846986
v 7.669667 5.918331 450.522186 0.752941 0.752941 0.752941
vn 0.108373 0.561645 -0.820250
v 23.345831 11.832294 450.737091 0.752941 0.752941 0.752941
vn 0.073161 0.608384 -0.790263
v 21.230724 12.049694 450.595825 0.752941 0.752941 0.752941
vn -0.676607 -0.380569 -0.630373
v 6.575066 9.219622 450.609802 0.752941 0.752941 0.752941
vn 0.251717 0.643824 -0.722585
v 21.429205 12.187799 450.756775 0.752941 0.752941 0.752941
vn -0.400012 0.477320 0.782404
v 14.470193 15.901747 464.859863 0.752941 0.752941 0.752941
vn -0.488631 -0.335430 -0.805436
v 3.568325 13.870125 450.702698 0.752941 0.752941 0.752941
vn -0.492529 -0.312426 -0.812284
v 3.352481 13.556670 450.934967 0.752941 0.752941 0.752941
vn -0.631024 -0.357465 -0.688496
v 5.630523 10.597843 450.731415 0.752941 0.752941 0.752941
vn -0.536434 0.225729 0.813194
v 13.689272 14.378222 465.041412 0.752941 0.752941 0.752941
vn 0.143104 0.832677 -0.534949
v 17.953705 12.786081 450.875336 0.752941 0.752941 0.752941
vn 0.208890 0.854897 -0.474885
v 16.627722 12.866451 450.668457 0.752941 0.752941 0.752941
vn 0.250814 0.900707 -0.354711
v 14.674738 13.367261 450.871979 0.752941 0.752941 0.752941
vn -0.563040 -0.330799 -0.757336
v 2.189371 15.302372 450.759277 0.752941 0.752941 0.752941
vn -0.656199 -0.224011 -0.720571
v 1.799864 15.615978 450.944153 0.752941 0.752941 0.752941
vn -0.052960 0.613385 -0.788006
v 20.932867 12.354383 450.828125 0.752941 0.752941 0.752941
vn 0.153589 0.619684 -0.769676
v 21.234758 12.337363 450.765869 0.752941 0.752941 0.752941
vn 0.101216 0.569892 -0.815462
v 23.885233 11.781284 450.784119 0.752941 0.752941 0.752941
vn -0.623347 -0.687682 -0.372199
v 7.057273 5.007437 450.959564 0.752941 0.752941 0.752941
vn 0.348605 0.564220 -0.748419
v 24.235928 11.449788 450.638519 0.752941 0.752941 0.752941
vn 0.209703 0.931792 -0.296290
v 4.559131 16.211397 450.703735 0.752941 0.752941 0.752941
vn 0.939077 0.240740 -0.245312
v 25.866520 10.405562 451.026886 0.752941 0.752941 0.752941
vn 0.245461 0.884714 -0.396270
v 8.512783 15.135992 450.990784 0.752941 0.752941 0.752941
vn -0.030345 -0.978608 0.203481
v 16.100924 3.361140 451.119324 0.752941 0.752941 0.752941
vn 0.120046 0.799195 -0.588962
v 19.784433 12.689706 451.053955 0.752941 0.752941 0.752941
vn -0.478880 0.319438 0.817700
v 14.033143 14.927729 465.121674 0.752941 0.752941 0.752941
vn -0.009662 0.784078 -0.620588
v 19.924946 12.606816 450.914886 0.752941 0.752941 0.752941
vn 0.432840 -0.685544 -0.585388
v 23.018404 5.305592 450.878357 0.752941 0.752941 0.752941
vn 0.488053 -0.480155 -0.728873
v 24.390642 6.419836 450.836395 0.752941 0.752941 0.752941
vn 0.503102 -0.409571 -0.761013
v 25.266317 7.349600 450.802551 0.752941 0.752941 0.752941
vn -0.481423 -0.315460 -0.817751
v 3.820349 13.475502 450.735046 0.752941 0.752941 0.752941
vn 0.099626 0.850253 -0.516860
v 18.590662 12.567918 450.719818 0.752941 0.752941 0.752941
vn -0.188616 -0.656219 0.730616
v 17.534369 11.034245 465.042786 0.752941 0.752941 0.752941
vn 0.250337 0.873361 -0.417818
v 12.834287 13.759430 450.796936 0.752941 0.752941 0.752941
vn -0.188759 -0.636056 0.748200
v 17.591021 11.289721 465.292389 0.752941 0.752941 0.752941
vn 0.476742 -0.559096 -0.678328
v 23.952974 6.254097 450.685364 0.752941 0.752941 0.752941
vn 0.447021 -0.592878 -0.669827
v 24.325731 6.151211 451.005127 0.752941 0.752941 0.752941
vn 0.154958 0.856131 -0.492979
v 16.968653 13.088500 451.084534 0.752941 0.752941 0.752941
vn 0.921242 0.342360 0.184672
v 21.342535 15.997416 464.880432 0.752941 0.752941 0.752941
vn 0.953876 0.297233 0.042113
v 21.877356 14.308450 465.543396 0.752941 0.752941 0.752941
vn 0.031848 0.615454 -0.787529
v 20.688805 12.442892 450.909546 0.752941 0.752941 0.752941
vn 0.432035 -0.633672 -0.641721
v 23.263081 5.596634 450.703674 0.752941 0.752941 0.752941
vn 0.135898 0.837722 -0.528918
v 17.449665 12.904077 450.927277 0.752941 0.752941 0.752941
vn -0.484131 -0.431387 -0.761264
v 2.336389 14.785845 450.879761 0.752941 0.752941 0.752941
vn -0.117480 -0.617834 0.777483
v 16.325752 11.526880 465.230927 0.752941 0.752941 0.752941
vn 0.143947 0.711909 -0.687360
v 19.869331 12.391476 450.693970 0.752941 0.752941 0.752941
vn -0.440784 -0.092751 0.892808
v 13.563713 13.035902 465.049072 0.752941 0.752941 0.752941
vn -0.564958 -0.363662 -0.740657
v 5.035800 11.675959 450.815460 0.752941 0.752941 0.752941
vn -0.412691 -0.504110 -0.758656
v 2.807956 14.444270 450.858582 0.752941 0.752941 0.752941
vn -0.049100 -0.677155 0.734201
v 20.475054 10.554783 464.572205 0.752941 0.752941 0.752941
vn -0.250401 -0.922788 0.292851
v 9.970037 4.037537 450.728760 0.752941 0.752941 0.752941
vn 0.080028 0.931901 -0.353773
v 2.157171 17.118235 450.922211 0.752941 0.752941 0.752941
vn 0.256661 0.883303 -0.392303
v 12.252143 14.068948 451.080292 0.752941 0.752941 0.752941
vn 0.335453 0.902222 -0.271047
v 5.437864 16.221640 451.334961 0.752941 0.752941 0.752941
vn 0.340700 0.857565 -0.385364
v 8.948646 14.731060 450.412109 0.752941 0.752941 0.752941
vn -0.732133 0.003857 -0.681150
v 1.547964 16.676146 450.847870 0.752941 0.752941 0.752941
vn 0.232265 0.852471 -0.468344
v 2.908863 16.843985 450.677399 0.752941 0.752941 0.752941
vn 0.200427 0.870789 -0.448950
v 16.124657 13.162729 450.902863 0.752941 0.752941 0.752941
vn 0.371361 0.598241 -0.710070
v 24.163286 11.655386 450.736450 0.752941 0.752941 0.752941
vn -0.325562 -0.390745 0.861004
v 13.893150 12.183633 464.962555 0.752941 0.752941 0.752941
vn 0.178440 0.771153 -0.611132
v 19.402550 12.845764 451.023499 0.752941 0.752941 0.752941
vn 0.211368 0.862610 -0.459595
v 16.364931 13.087723 450.855255 0.752941 0.752941 0.752941
vn -0.658611 -0.306969 -0.687024
v 5.136625 11.199360 450.894318 0.752941 0.752941 0.752941
vn -0.275385 -0.552620 0.786622
v 14.392241 11.824092 464.939789 0.752941 0.752941 0.752941
vn -0.543936 -0.318418 -0.776366
v 4.022106 12.882937 450.805939 0.752941 0.752941 0.752941
vn 0.142992 0.594200 -0.791505
v 23.360825 12.172206 451.049927 0.752941 0.752941 0.752941
vn 0.104306 0.612843 -0.783291
v 23.704369 11.936502 450.893219 0.752941 0.752941 0.752941
vn 0.538119 -0.511360 -0.670029
v 24.595331 6.355177 451.032806 0.752941 0.752941 0.752941
vn 0.191507 0.837603 -0.511611
v 16.123138 13.298962 451.080292 0.752941 0.752941 0.752941
vn 0.238994 0.688229 -0.684999
v 21.434704 12.518683 451.074921 0.752941 0.752941 0.752941
vn -0.519564 -0.361781 -0.774059
v 3.612232 13.083354 450.966187 0.752941 0.752941 0.752941
vn -0.007050 -0.737906 0.674867
v 18.343716 10.810987 464.852539 0.752941 0.752941 0.752941
vn -0.155940 -0.643102 0.749735
v 17.225273 11.139411 465.043121 0.752941 0.752941 0.752941
vn 0.181550 0.864598 -0.468518
v 14.926402 13.363762 451.018860 0.752941 0.752941 0.752941
vn 0.460580 -0.503447 -0.731032
v 24.969215 6.946809 450.908661 0.752941 0.752941 0.752941
vn 0.088204 0.728392 -0.679459
v 20.317390 12.623680 451.001068 0.752941 0.752941 0.752941
vn 0.067539 0.703761 -0.707219
v 20.967245 12.646467 451.052460 0.752941 0.752941 0.752941
vn -0.486348 -0.394277 -0.779751
v 3.085345 14.098645 450.915771 0.752941 0.752941 0.752941
vn -0.397735 -0.204851 0.894339
v 13.485020 12.622105 464.944641 0.752941 0.752941 0.752941
vn 0.107876 0.662605 -0.741159
v 22.085907 12.199693 450.901154 0.752941 0.752941 0.752941
vn 0.353890 -0.544362 0.760547
v 23.088373 11.092703 464.867188 0.752941 0.752941 0.752941
vn -0.310954 -0.902510 0.297967
v 9.002615 4.519058 451.198944 0.752941 0.752941 0.752941
vn 0.296443 0.858787 -0.417858
v 5.272289 16.060883 450.454895 0.752941 0.752941 0.752941
vn 0.347963 0.581213 -0.735604
v 23.876730 12.299239 451.149994 0.752941 0.752941 0.752941
vn 0.859927 -0.114880 -0.497321
v 25.740942 7.701558 451.000092 0.752941 0.752941 0.752941
vn -0.195555 -0.909147 0.367709
v 10.797928 4.030992 451.066650 0.752941 0.752941 0.752941
vn -0.549601 0.328052 0.768324
v 13.735407 15.276915 464.681641 0.752941 0.752941 0.752941
vn -0.575158 -0.389837 -0.719180
v 4.754001 11.234183 451.243439 0.752941 0.752941 0.752941
vn -0.582803 -0.372814 -0.722046
v 3.109242 13.273111 451.239075 0.752941 0.752941 0.752941
vn 0.114635 0.594458 -0.795914
v 23.014818 12.286302 451.012573 0.752941 0.752941 0.752941
vn 0.138982 0.700909 -0.699579
v 21.846977 12.283143 450.964539 0.752941 0.752941 0.752941
vn 0.030284 0.649265 -0.759959
v 22.123642 12.557146 451.265594 0.752941 0.752941 0.752941
vn 0.472817 -0.543585 -0.693512
v 25.079201 6.603640 451.184937 0.752941 0.752941 0.752941
vn -0.470062 -0.455145 -0.756231
v 2.342343 14.428862 451.099976 0.752941 0.752941 0.752941
vn -0.454031 0.630643 0.629400
v 16.559603 17.479485 464.898712 0.752941 0.752941 0.752941
vn -0.578226 -0.415720 -0.702020
v 3.662711 12.199781 451.402740 0.752941 0.752941 0.752941
vn 0.423374 -0.709019 -0.563956
v 24.316774 5.682553 451.472900 0.752941 0.752941 0.752941
vn 0.086603 -0.778555 0.621572
v 22.224491 10.965151 464.928680 0.752941 0.752941 0.752941
vn 0.008498 -0.737841 0.674921
v 21.433136 10.986173 465.162811 0.752941 0.752941 0.752941
vn 0.106141 0.807946 -0.579618
v 18.357519 12.867344 451.092468 0.752941 0.752941 0.752941
vn -0.161227 -0.689653 0.705964
v 17.280926 10.877890 464.837921 0.752941 0.752941 0.752941
vn -0.669464 -0.339746 -0.660599
v 6.023344 8.634370 451.545990 0.752941 0.752941 0.752941
vn 0.119841 0.809287 -0.575059
v 17.882875 12.931070 451.078186 0.752941 0.752941 0.752941
vn 0.511854 -0.469013 -0.719745
v 25.456007 7.172691 451.075409 0.752941 0.752941 0.752941
vn 0.515001 -0.500938 -0.695583
v 24.782694 6.542707 451.066376 0.752941 0.752941 0.752941
vn 0.055013 0.647594 -0.759997
v 22.660965 12.571763 451.226501 0.752941 0.752941 0.752941
vn 0.025690 0.614238 -0.788702
v 22.504450 12.297951 451.014343 0.752941 0.752941 0.752941
vn -0.665404 -0.242275 -0.706074
v 6.619636 7.917078 451.288025 0.752941 0.752941 0.752941
vn -0.173471 -0.955680 0.237874
v 8.022553 4.944958 451.669952 0.752941 0.752941 0.752941
vn -0.190383 -0.938460 0.288181
v 14.487065 3.902007 452.440765 0.752941 0.752941 0.752941
vn -0.222606 -0.929176 0.295090
v 9.389804 4.529306 451.881958 0.752941 0.752941 0.752941
vn 0.281696 0.944081 -0.171341
v 3.036842 16.939806 451.270416 0.752941 0.752941 0.752941
vn 0.516109 0.736615 -0.437070
v 24.914883 11.321348 451.083984 0.752941 0.752941 0.752941
vn 0.361674 0.901311 -0.238393
v 5.915224 15.846633 450.972382 0.752941 0.752941 0.752941
vn -0.410780 0.834216 0.367890
v 18.181076 18.191019 465.158905 0.752941 0.752941 0.752941
vn -0.472494 0.838845 0.270350
v 17.114887 17.804461 465.008698 0.752941 0.752941 0.752941
vn 0.227897 0.812291 -0.536886
v 19.595192 12.986961 451.386932 0.752941 0.752941 0.752941
vn 0.528416 -0.579821 -0.620148
v 24.594023 6.044002 451.293091 0.752941 0.752941 0.752941
vn -0.452374 0.507744 0.733181
v 14.952748 16.145657 465.005219 0.752941 0.752941 0.752941
vn 0.128637 0.851060 -0.509067
v 15.209147 13.465023 451.263947 0.752941 0.752941 0.752941
vn -0.482435 0.586362 0.650720
v 14.977859 16.454046 464.692322 0.752941 0.752941 0.752941
vn 0.085358 0.701748 -0.707293
v 23.004915 12.519109 451.225372 0.752941 0.752941 0.752941
vn -0.504517 -0.426738 -0.750572
v 4.281694 12.279862 450.883575 0.752941 0.752941 0.752941
vn 0.232939 0.860383 -0.453300
v 14.289520 13.587469 451.121094 0.752941 0.752941 0.752941
vn -0.156666 -0.708874 0.687716
v 16.800564 11.020315 464.879974 0.752941 0.752941 0.752941
vn -0.008867 0.758025 -0.652165
v 18.592957 13.033401 451.325928 0.752941 0.752941 0.752941
vn -0.636890 -0.395262 -0.661921
v 5.085356 10.470659 451.321350 0.752941 0.752941 0.752941
vn 0.076751 0.622600 -0.778767
v 23.444088 12.492718 451.269073 0.752941 0.752941 0.752941
vn 0.506579 -0.603975 -0.615298
v 24.843000 6.073448 451.495087 0.752941 0.752941 0.752941
vn 0.016759 0.850368 -0.525921
v 15.833369 13.322271 451.138824 0.752941 0.752941 0.752941
vn 0.040634 0.794228 -0.606259
v 19.319977 12.980177 451.221497 0.752941 0.752941 0.752941
vn 0.166281 -0.724698 0.668703
v 22.682657 11.080819 465.000214 0.752941 0.752941 0.752941
vn -0.101246 -0.725836 0.680376
v 17.775307 10.782968 464.872284 0.752941 0.752941 0.752941
vn -0.468172 -0.445755 -0.762966
v 2.148422 14.092122 451.423401 0.752941 0.752941 0.752941
vn -0.246845 -0.580921 0.775628
v 15.008152 11.546237 464.926666 0.752941 0.752941 0.752941
vn 0.243778 0.826795 -0.506934
v 13.884835 13.846570 451.302094 0.752941 0.752941 0.752941
vn -0.312349 -0.928183 0.202275
v 7.234813 4.967330 451.262115 0.752941 0.752941 0.752941
vn 0.998106 -0.015258 -0.059602
v 25.719255 8.548016 451.283081 0.752941 0.752941 0.752941
vn 0.272749 0.825689 -0.493807
v 3.533791 16.564510 450.574371 0.752941 0.752941 0.752941
vn -0.099927 -0.960847 0.258434
v 12.453195 3.765753 451.129822 0.752941 0.752941 0.752941
vn 0.297902 0.871016 -0.390622
v 10.769753 14.449553 450.918610 0.752941 0.752941 0.752941
vn -0.540409 0.637447 -0.549199
v 1.334398 17.009668 451.271667 0.752941 0.752941 0.752941
vn 0.312894 0.853396 -0.416909
v 11.238766 14.190338 450.921082 0.752941 0.752941 0.752941
vn 0.905866 0.400739 -0.137170
v 24.253227 12.216285 451.658722 0.752941 0.752941 0.752941
vn 0.018621 -0.741800 0.670362
v 21.149378 10.735825 464.891022 0.752941 0.752941 0.752941
vn 0.090951 0.826544 -0.555476
v 21.104204 12.863645 451.319489 0.752941 0.752941 0.752941
vn 0.234024 0.818786 -0.524236
v 14.514720 13.775084 451.516754 0.752941 0.752941 0.752941
vn 0.008852 0.826636 -0.562668
v 20.537514 12.821763 451.304871 0.752941 0.752941 0.752941
vn -0.593329 0.044388 -0.803735
v 6.614677 7.169113 451.358734 0.752941 0.752941 0.752941
vn 0.113556 0.845498 -0.521765
v 17.073042 13.214217 451.340942 0.752941 0.752941 0.752941
vn -0.593987 -0.343556 -0.727426
v 1.572750 14.932233 451.347748 0.752941 0.752941 0.752941
vn -0.501857 -0.426121 -0.752702
v 2.810809 13.610761 451.352020 0.752941 0.752941 0.752941
vn 0.261120 0.850940 -0.455761
v 16.348021 13.186257 451.117828 0.752941 0.752941 0.752941
vn 0.089077 0.796787 -0.597659
v 18.174849 13.120963 451.399780 0.752941 0.752941 0.752941
vn -0.345561 -0.365161 0.864433
v 13.437790 12.231112 464.811310 0.752941 0.752941 0.752941
vn 0.367675 -0.866092 -0.338673
v 21.040604 4.217753 450.947327 0.752941 0.752941 0.752941
vn 0.512152 -0.560117 -0.651129
v 25.348549 6.543286 451.449554 0.752941 0.752941 0.752941
vn 0.986448 -0.113784 -0.118206
v 25.862236 9.403736 450.945618 0.752941 0.752941 0.752941
vn -0.664975 -0.220062 -0.713709
v 6.511736 5.770344 451.175232 0.752941 0.752941 0.752941
vn -0.721037 -0.162435 -0.673588
v 0.917604 15.567091 451.816650 0.752941 0.752941 0.752941
vn 0.022486 0.713563 -0.700230
v 23.299974 12.763450 451.546326 0.752941 0.752941 0.752941
vn -0.475550 0.371418 0.797434
v 14.080503 15.509030 464.908783 0.752941 0.752941 0.752941
vn -0.088499 -0.733211 0.674217
v 16.240129 11.150371 464.925079 0.752941 0.752941 0.752941
vn -0.122716 -0.759754 0.638525
v 16.535463 11.002397 464.754761 0.752941 0.752941 0.752941
vn -0.488712 0.601078 0.632350
v 15.606313 16.815672 464.892303 0.752941 0.752941 0.752941
vn -0.108931 -0.730792 0.673853
v 15.876073 11.084907 464.764038 0.752941 0.752941 0.752941
vn 0.071816 0.825014 -0.560530
v 17.652185 13.172387 451.339783 0.752941 0.752941 0.752941
vn -0.462235 0.779899 0.422015
v 16.897713 17.691294 464.897491 0.752941 0.752941 0.752941
vn -0.517996 0.154258 -0.841358
v 6.788909 6.254840 451.114502 0.752941 0.752941 0.752941
vn 0.155338 0.820508 -0.550125
v 15.944693 13.539437 451.401031 0.752941 0.752941 0.752941
vn 0.081612 0.798758 -0.596092
v 20.075859 12.913960 451.418884 0.752941 0.752941 0.752941
vn 0.885646 0.422464 0.192756
v 20.729977 17.303005 465.182983 0.752941 0.752941 0.752941
vn 0.027928 0.642366 -0.765889
v 22.468502 12.720546 451.326080 0.752941 0.752941 0.752941
vn 0.955215 0.286573 0.073758
v 21.765646 14.564963 464.779144 0.752941 0.752941 0.752941
vn 0.384310 0.651498 -0.654107
v 23.878229 12.546501 451.298309 0.752941 0.752941 0.752941
vn -0.584171 0.040426 -0.810623
v 5.771510 6.345954 451.690765 0.752941 0.752941 0.752941
vn -0.669175 -0.399868 -0.626346
v 5.841801 9.285961 451.364288 0.752941 0.752941 0.752941
vn -0.398432 0.841401 0.365097
v 18.338015 18.532536 464.712463 0.752941 0.752941 0.752941
vn 0.050972 0.848751 -0.526330
v 17.442373 13.293607 451.538849 0.752941 0.752941 0.752941
vn -0.370050 0.228078 0.900580
v 12.781709 14.169114 464.501404 0.752941 0.752941 0.752941
vn -0.460383 0.062554 0.885513
v 13.090094 13.562766 464.816589 0.752941 0.752941 0.752941
vn 0.154320 -0.770684 0.618249
v 22.988182 10.687562 464.464935 0.752941 0.752941 0.752941
vn 0.220945 0.839839 -0.495836
v 14.717067 13.579089 451.315247 0.752941 0.752941 0.752941
vn 0.075348 0.841836 -0.534448
v 15.272966 13.629579 451.565704 0.752941 0.752941 0.752941
vn 0.010091 0.592583 -0.805446
v 22.007547 12.925385 451.565765 0.752941 0.752941 0.752941
vn -0.509347 -0.461481 -0.726361
v 1.835881 13.556340 451.923767 0.752941 0.752941 0.752941
vn 0.214872 0.808289 -0.548179
v 16.463400 13.392270 451.463989 0.752941 0.752941 0.752941
vn 0.137700 0.724882 -0.674970
v 21.445457 12.784824 451.347565 0.752941 0.752941 0.752941
vn 0.073308 0.981734 -0.175566
v 2.087504 17.230930 451.406006 0.752941 0.752941 0.752941
vn 0.254031 0.913953 -0.316478
v 8.023106 15.415203 451.470428 0.752941 0.752941 0.752941
vn 0.294135 0.895761 -0.333313
v 9.220294 14.958472 451.193787 0.752941 0.752941 0.752941
vn 0.021922 -0.743467 0.668413
v 20.986740 10.521682 464.659241 0.752941 0.752941 0.752941
vn 0.266926 0.907014 -0.325693
v 6.820313 15.791144 451.713898 0.752941 0.752941 0.752941
vn -0.080132 -0.955715 0.283174
v 13.965652 3.561965 451.391357 0.752941 0.752941 0.752941
vn 0.417110 -0.818056 -0.395985
v 23.119814 4.873774 451.543884 0.752941 0.752941 0.752941
vn 0.710372 -0.400847 -0.578527
v 25.728251 7.112307 451.284943 0.752941 0.752941 0.752941
vn 0.961145 0.247091 0.123070
v 25.791527 10.584608 451.436432 0.752941 0.752941 0.752941
vn 0.689768 0.687054 -0.228422
v 25.603168 11.015245 451.227600 0.752941 0.752941 0.752941
vn 0.199648 0.885135 -0.420330
v 11.907509 14.525747 451.606689 0.752941 0.752941 0.752941
vn -0.392150 -0.142675 0.908770
v 12.894284 12.755841 464.686646 0.752941 0.752941 0.752941
vn 0.141532 0.727761 -0.671068
v 22.867479 12.885227 451.641357 0.752941 0.752941 0.752941
vn 0.104218 0.824474 -0.556221
v 18.963934 13.239448 451.481445 0.752941 0.752941 0.752941
vn 0.013307 0.774334 -0.632637
v 21.294569 13.191794 451.839294 0.752941 0.752941 0.752941
vn 0.079335 0.799054 -0.596002
v 19.926184 13.180595 451.735931 0.752941 0.752941 0.752941
vn 0.123286 0.820671 -0.557942
v 16.843578 13.473758 451.717499 0.752941 0.752941 0.752941
vn -0.093455 -0.700917 0.707094
v 20.707472 10.770441 464.835480 0.752941 0.752941 0.752941
vn -0.523053 0.219077 0.823663
v 13.327221 14.130209 464.837097 0.752941 0.752941 0.752941
vn -0.587624 0.309222 0.747717
v 13.685090 14.728987 464.841675 0.752941 0.752941 0.752941
vn -0.411673 -0.515839 -0.751289
v 2.378358 13.523887 451.648834 0.752941 0.752941 0.752941
vn -0.442708 0.715066 0.541008
v 16.430471 17.605589 464.631958 0.752941 0.752941 0.752941
vn 0.245112 0.801949 -0.544792
v 12.590429 14.163591 451.459351 0.752941 0.752941 0.752941
vn 0.151161 0.847364 -0.509043
v 13.013868 13.967454 451.342133 0.752941 0.752941 0.752941
vn -0.518631 -0.851819 0.073665
v 6.708194 5.381258 451.562195 0.752941 0.752941 0.752941
vn 0.229462 0.907666 -0.351410
v 11.278831 14.638079 451.655365 0.752941 0.752941 0.752941
vn -0.142950 -0.711826 0.687655
v 17.291489 10.590684 464.514282 0.752941 0.752941 0.752941
vn 0.283517 -0.952650 -0.109894
v 21.561287 4.155798 451.865448 0.752941 0.752941 0.752941
vn 0.991125 0.072604 0.111354
v 25.586800 9.178686 452.403229 0.752941 0.752941 0.752941
vn -0.254492 -0.930836 0.262257
v 10.951267 4.354426 452.046844 0.752941 0.752941 0.752941
vn 0.212647 0.902972 -0.373394
v 7.374242 15.507595 451.495758 0.752941 0.752941 0.752941
vn 0.322852 0.896155 -0.304423
v 8.576570 15.243562 451.661896 0.752941 0.752941 0.752941
vn 0.487287 -0.699349 -0.522936
v 23.875790 5.432849 451.511505 0.752941 0.752941 0.752941
vn -0.594203 -0.445455 -0.669696
v 3.123156 12.770885 451.580292 0.752941 0.752941 0.752941
vn -0.633304 -0.157880 -0.757628
v 6.002048 8.074418 451.812592 0.752941 0.752941 0.752941
vn 0.117735 0.698998 -0.705365
v 22.340733 13.078804 451.648712 0.752941 0.752941 0.752941
vn -0.041328 -0.716790 0.696063
v 19.343243 10.540669 464.706604 0.752941 0.752941 0.752941
vn 0.105876 0.835293 -0.539514
v 17.889585 13.376686 451.701416 0.752941 0.752941 0.752941
vn 0.172545 0.839312 -0.515541
v 19.418571 13.263325 451.729248 0.752941 0.752941 0.752941
vn -0.548863 -0.402873 -0.732422
v 1.746652 14.208983 451.668152 0.752941 0.752941 0.752941
vn 0.160741 0.831817 -0.531265
v 14.864544 13.715846 451.575958 0.752941 0.752941 0.752941
vn -0.009724 0.686143 -0.727401
v 21.865679 13.071848 451.641205 0.752941 0.752941 0.752941
vn 0.178986 0.795098 -0.579469
v 14.724339 13.945733 451.924133 0.752941 0.752941 0.752941
vn -0.424746 0.649082 0.631097
v 16.165653 17.222412 464.778229 0.752941 0.752941 0.752941
vn 0.092743 0.843880 -0.528456
v 15.417596 13.751097 451.784973 0.752941 0.752941 0.752941
vn 0.060382 -0.700316 0.711275
v 19.893513 10.765108 464.839996 0.752941 0.752941 0.752941
vn 0.073711 0.824478 -0.561073
v 17.468740 13.480494 451.820160 0.752941 0.752941 0.752941
vn 0.127886 -0.781613 0.610513
v 21.800526 10.747514 464.713898 0.752941 0.752941 0.752941
vn -0.488572 -0.508532 -0.709008
v 2.417702 13.198590 451.873505 0.752941 0.752941 0.752941
vn -0.386186 0.193793 0.901834
v 12.666103 13.807352 464.574585 0.752941 0.752941 0.752941
vn -0.271843 -0.910023 0.312986
v 11.731592 4.048246 451.749237 0.752941 0.752941 0.752941
vn 0.194433 0.882516 -0.428207
v 12.639832 14.445057 451.806366 0.752941 0.752941 0.752941
vn 0.292641 0.795429 -0.530711
v 14.167129 13.872705 451.548981 0.752941 0.752941 0.752941
vn 0.222102 0.904038 -0.365222
v 7.225343 15.929982 452.160095 0.752941 0.752941 0.752941
vn -0.306069 -0.501478 0.809223
v 13.637332 11.873082 464.689056 0.752941 0.752941 0.752941
vn 0.990180 -0.034019 -0.135598
v 25.982840 7.254809 451.952637 0.752941 0.752941 0.752941
vn 0.735417 0.643999 -0.210778
v 24.499575 11.786655 451.411224 0.752941 0.752941 0.752941
vn 0.853997 0.443538 0.271961
v 22.330210 12.874992 464.995636 0.752941 0.752941 0.752941
vn 0.227952 0.794789 -0.562449
v 14.244061 14.283063 452.142365 0.752941 0.752941 0.752941
vn 0.067591 0.713952 -0.696924
v 23.362228 12.962610 451.727997 0.752941 0.752941 0.752941
vn 0.062076 0.810968 -0.581788
v 21.111532 13.004509 451.601715 0.752941 0.752941 0.752941
vn -0.589992 -0.434371 -0.680611
v 4.547204 10.434222 451.846588 0.752941 0.752941 0.752941
vn -0.389917 -0.038131 0.920060
v 12.728686 13.167845 464.653717 0.752941 0.752941 0.752941
vn -0.517265 0.167649 -0.839244
v 5.893689 7.286634 451.898193 0.752941 0.752941 0.752941
vn -0.111218 0.728529 -0.675926
v 21.678589 13.350581 452.003265 0.752941 0.752941 0.752941
vn 0.535099 0.838313 -0.104404
v 24.602024 11.651806 452.025299 0.752941 0.752941 0.752941
vn 0.146981 0.876603 -0.458218
v 16.125641 13.808173 451.843109 0.752941 0.752941 0.752941
vn 0.746957 -0.443750 -0.495118
v 25.710693 6.547827 451.766510 0.752941 0.752941 0.752941
vn -0.401230 -0.162925 0.901371
v 12.559129 12.593436 464.532806 0.752941 0.752941 0.752941
vn 0.296442 0.889566 -0.347555
v 8.637630 15.514282 452.240082 0.752941 0.752941 0.752941
vn 0.978369 -0.017904 0.206092
v 25.837084 9.691826 451.530579 0.752941 0.752941 0.752941
vn -0.365664 -0.329978 0.870290
v 13.058315 12.187712 464.632172 0.752941 0.752941 0.752941
vn -0.723059 -0.460883 -0.514560
v 5.797041 5.923002 451.697418 0.752941 0.752941 0.752941
vn -0.159781 -0.922925 0.350256
v 12.361125 3.922651 452.031403 0.752941 0.752941 0.752941
vn 0.017346 0.813836 -0.580836
v 18.635876 13.401185 451.740021 0.752941 0.752941 0.752941
vn 0.032869 0.815840 -0.577343
v 17.989914 13.535847 451.968140 0.752941 0.752941 0.752941
vn 0.047704 0.791628 -0.609138
v 20.809799 13.347510 451.957001 0.752941 0.752941 0.752941
vn 0.344512 -0.424430 0.837360
v 23.956022 10.757296 464.213593 0.752941 0.752941 0.752941
vn 0.498286 -0.606593 -0.619480
v 25.267927 6.224142 451.707733 0.752941 0.752941 0.752941
vn -0.262821 -0.631159 0.729769
v 15.350587 11.201162 464.791168 0.752941 0.752941 0.752941
vn -0.634081 -0.391540 -0.666812
v 5.119468 9.514869 451.977844 0.752941 0.752941 0.752941
vn -0.425936 0.663050 0.615584
v 15.762490 17.200115 464.622894 0.752941 0.752941 0.752941
vn 0.026983 0.771731 -0.635376
v 20.473385 13.143539 451.729340 0.752941 0.752941 0.752941
vn -0.554062 -0.458430 -0.694880
v 4.092199 11.396670 451.611298 0.752941 0.752941 0.752941
vn -0.617065 -0.446459 -0.648001
v 3.232382 11.624031 452.205566 0.752941 0.752941 0.752941
vn 0.075241 0.728663 -0.680726
v 22.105082 13.370942 451.952301 0.752941 0.752941 0.752941
vn 0.091135 0.812439 -0.575879
v 17.258226 13.613468 451.942291 0.752941 0.752941 0.752941
vn -0.751435 -0.067646 -0.656330
v 0.804919 16.391993 451.827850 0.752941 0.752941 0.752941
vn -0.161827 -0.713662 0.681542
v 16.988800 10.787347 464.652893 0.752941 0.752941 0.752941
vn 0.153629 0.843776 -0.514237
v 19.100031 13.436323 451.931183 0.752941 0.752941 0.752941
vn 0.171052 0.746077 -0.643514
v 22.566317 13.165858 451.880646 0.752941 0.752941 0.752941
vn 0.969693 0.163624 0.181447
v 25.898376 7.211700 452.484039 0.752941 0.752941 0.752941
vn -0.425194 -0.865910 0.263458
v 7.328364 5.372339 452.274170 0.752941 0.752941 0.752941
vn -0.647089 -0.343172 -0.680815
v 1.199910 14.454106 451.943024 0.752941 0.752941 0.752941
vn -0.621885 0.358624 -0.696166
v 0.803120 16.973339 451.764069 0.752941 0.752941 0.752941
vn -0.121604 -0.935274 0.332377
v 9.980887 4.619594 452.127808 0.752941 0.752941 0.752941
vn 0.123371 0.880972 -0.456802
v 16.101091 14.022606 452.392639 0.752941 0.752941 0.752941
vn 0.374926 0.873261 -0.311201
v 5.997919 16.070181 451.780334 0.752941 0.752941 0.752941
vn -0.345043 -0.911429 0.224148
v 8.814493 4.850887 451.950928 0.752941 0.752941 0.752941
vn 0.240010 0.897756 -0.369365
v 10.781939 14.732915 451.493073 0.752941 0.752941 0.752941
vn 0.982226 0.187454 0.009640
v 25.781761 8.070318 451.561218 0.752941 0.752941 0.752941
vn -0.453532 0.104046 0.885146
v 12.293253 13.514754 464.511322 0.752941 0.752941 0.752941
vn 0.133709 0.724929 -0.675722
v 23.214502 13.388332 452.129486 0.752941 0.752941 0.752941
vn -0.002523 0.735405 -0.677623
v 21.993937 13.559116 452.118134 0.752941 0.752941 0.752941
vn -0.107486 -0.749672 0.653022
v 17.709318 10.554361 464.595398 0.752941 0.752941 0.752941
vn 0.012308 -0.690644 0.723090
v 20.136751 10.278996 464.365417 0.752941 0.752941 0.752941
vn -0.136469 -0.675706 0.724429
v 15.454199 10.878156 464.553650 0.752941 0.752941 0.752941
vn -0.534659 -0.512217 -0.672141
v 2.395550 12.796953 452.204620 0.752941 0.752941 0.752941
vn -0.111994 0.752866 -0.648575
v 21.450741 13.580002 452.306244 0.752941 0.752941 0.752941
vn 0.130609 0.816665 -0.562139
v 17.542418 13.653635 452.093323 0.752941 0.752941 0.752941
vn 0.102035 0.811699 -0.575094
v 19.466162 13.455888 452.061462 0.752941 0.752941 0.752941
vn -0.429731 0.236454 -0.871448
v 5.087384 6.911165 452.131348 0.752941 0.752941 0.752941
vn -0.488467 0.132832 -0.862413
v 5.299817 7.742376 452.360443 0.752941 0.752941 0.752941
vn 0.089331 -0.768066 0.634110
v 22.201189 10.493961 464.373688 0.752941 0.752941 0.752941
vn -0.237143 -0.574438 0.783443
v 14.286853 11.441812 464.591370 0.752941 0.752941 0.752941
vn -0.487676 0.583222 0.649634
v 15.145960 16.884535 464.456116 0.752941 0.752941 0.752941
vn 0.678393 -0.515244 -0.523744
v 25.698450 6.288044 451.967346 0.752941 0.752941 0.752941
vn -0.098250 -0.929104 0.356529
v 12.983017 3.943141 452.229706 0.752941 0.752941 0.752941
vn -0.161428 -0.905261 0.392993
v 11.846914 4.187974 452.332581 0.752941 0.752941 0.752941
vn -0.644807 -0.740876 -0.187951
v 5.682869 5.856898 452.103149 0.752941 0.752941 0.752941
vn 0.289648 0.930740 -0.223222
v 4.231801 16.591129 451.650391 0.752941 0.752941 0.752941
vn 0.939485 0.337290 -0.060028
v 24.071514 12.798817 452.169128 0.752941 0.752941 0.752941
vn 0.588283 0.631677 -0.504883
v 23.776230 13.344672 452.332306 0.752941 0.752941 0.752941
vn 0.156878 -0.985482 0.064924
v 19.530878 3.695202 451.797394 0.752941 0.752941 0.752941
vn 0.230808 0.811260 -0.537201
v 13.932822 14.197889 451.824829 0.752941 0.752941 0.752941
vn -0.709559 -0.165728 -0.684880
v 0.460335 16.058584 452.282593 0.752941 0.752941 0.752941
vn 0.023436 0.796243 -0.604522
v 20.272921 13.466450 452.105804 0.752941 0.752941 0.752941
vn 0.120040 0.792566 -0.597854
v 16.941048 13.672398 452.037781 0.752941 0.752941 0.752941
vn -0.747683 -0.232745 -0.621933
v 0.670448 15.213754 452.199951 0.752941 0.752941 0.752941
vn 0.642498 -0.114233 0.757725
v 23.502033 11.209872 464.755646 0.752941 0.752941 0.752941
vn 0.100430 0.709388 -0.697626
v 22.693165 13.354830 452.115936 0.752941 0.752941 0.752941
vn 0.795064 0.238729 0.557568
v 23.089071 11.889449 465.107452 0.752941 0.752941 0.752941
vn -0.601803 -0.453702 -0.657258
v 3.708357 10.830499 452.323242 0.752941 0.752941 0.752941
vn -0.290488 -0.519614 0.803504
v 13.393828 11.700027 464.494751 0.752941 0.752941 0.752941
vn 0.037955 0.804882 -0.592220
v 20.848087 13.495720 452.199951 0.752941 0.752941 0.752941
vn 0.060312 0.722791 -0.688429
v 22.762556 13.649332 452.379242 0.752941 0.752941 0.752941
vn -0.529914 0.459757 0.712611
v 13.564133 15.734872 464.353088 0.752941 0.752941 0.752941
vn -0.066599 -0.962676 0.262336
v 15.532819 3.622125 451.957458 0.752941 0.752941 0.752941
vn 0.970454 -0.051715 0.235678
v 25.739742 9.367478 451.733398 0.752941 0.752941 0.752941
vn 0.162276 0.947496 -0.275533
v 12.418994 14.582284 452.300598 0.752941 0.752941 0.752941
vn 0.436716 -0.751928 -0.493845
v 25.290442 5.695693 452.280212 0.752941 0.752941 0.752941
vn 0.400423 -0.874693 -0.273082
v 24.184843 4.970306 452.725403 0.752941 0.752941 0.752941
vn -0.454614 0.201114 0.867686
v 12.270268 14.300825 464.340790 0.752941 0.752941 0.752941
vn -0.655893 -0.330989 -0.678417
v 5.037999 6.488532 452.096832 0.752941 0.752941 0.752941
vn 0.023403 0.791970 -0.610111
v 21.014221 13.641258 452.375977 0.752941 0.752941 0.752941
vn -0.677303 -0.442697 -0.587605
v 1.086735 13.681792 452.512817 0.752941 0.752941 0.752941
vn 0.083052 -0.782050 0.617657
v 21.737503 10.553670 464.471558 0.752941 0.752941 0.752941
vn -0.485093 0.544992 0.683863
v 13.914091 16.023413 464.480316 0.752941 0.752941 0.752941
vn 0.092590 0.747661 -0.657595
v 17.304176 13.940328 452.422607 0.752941 0.752941 0.752941
vn 0.067388 0.780337 -0.621718
v 19.592800 13.692758 452.375153 0.752941 0.752941 0.752941
vn 0.105740 0.806635 -0.581514
v 19.235451 13.650528 452.271149 0.752941 0.752941 0.752941
vn -0.415702 0.217023 0.883229
v 12.363724 13.765491 464.472168 0.752941 0.752941 0.752941
vn -0.724103 -0.327630 -0.606905
v 0.891039 14.324259 452.349335 0.752941 0.752941 0.752941
vn 0.049617 0.801443 -0.596009
v 21.066376 13.447156 452.138550 0.752941 0.752941 0.752941
vn -0.081894 -0.687127 0.721907
v 15.908566 10.735781 464.411194 0.752941 0.752941 0.752941
vn 0.031894 0.798667 -0.600928
v 20.096611 13.587096 452.271698 0.752941 0.752941 0.752941
vn -0.585061 -0.161697 -0.794706
v 5.154637 8.552710 452.364075 0.752941 0.752941 0.752941
vn -0.566490 -0.039752 -0.823109
v 4.712897 6.885688 452.321259 0.752941 0.752941 0.752941
vn -0.314004 -0.905366 0.285857
v 7.699807 5.039099 452.028442 0.752941 0.752941 0.752941
vn -0.124468 -0.942092 0.311400
v 14.009784 4.109130 452.612579 0.752941 0.752941 0.752941
vn -0.122527 0.971120 -0.204725
v 0.810781 17.373510 452.465698 0.752941 0.752941 0.752941
vn -0.564420 0.197067 -0.801620
v 0.313810 16.902987 452.186890 0.752941 0.752941 0.752941
vn 0.588918 -0.730962 -0.344776
v 25.566643 5.690468 452.514526 0.752941 0.752941 0.752941
vn 0.051944 -0.980331 0.190402
v 17.605377 3.487550 451.466919 0.752941 0.752941 0.752941
vn 0.231058 0.916464 -0.326659
v 10.587410 14.954562 452.126007 0.752941 0.752941 0.752941
vn 0.990102 0.134079 0.041492
v 25.653730 8.248813 452.678986 0.752941 0.752941 0.752941
vn 0.198271 0.956567 -0.213702
v 4.883266 16.574295 452.149323 0.752941 0.752941 0.752941
vn 0.232400 0.792691 -0.563588
v 16.489697 13.681522 451.874207 0.752941 0.752941 0.752941
vn 0.134973 0.894918 -0.425328
v 9.974668 15.232819 452.578796 0.752941 0.752941 0.752941
vn 0.141268 0.788348 -0.598791
v 15.165197 13.964352 451.995605 0.752941 0.752941 0.752941
vn -0.376487 0.562622 0.736012
v 14.502251 16.411163 464.386383 0.752941 0.752941 0.752941
vn 0.029838 0.812001 -0.582894
v 20.641087 13.797190 452.602081 0.752941 0.752941 0.752941
vn -0.472545 -0.092240 0.876466
v 12.254542 13.166769 464.467499 0.752941 0.752941 0.752941
vn -0.551663 -0.290072 -0.782001
v 0.174683 16.352057 452.412079 0.752941 0.752941 0.752941
vn 0.056975 0.752491 -0.656134
v 17.665289 13.747428 452.251617 0.752941 0.752941 0.752941
vn -0.230586 -0.920139 0.316504
v 8.351773 5.113646 452.629944 0.752941 0.752941 0.752941
vn -0.204376 -0.640219 0.740507
v 14.760425 11.152785 464.534607 0.752941 0.752941 0.752941
vn 0.930372 0.296795 0.215221
v 25.431614 11.184697 452.529388 0.752941 0.752941 0.752941
vn -0.440424 0.821528 -0.362103
v 0.066204 17.274559 452.628113 0.752941 0.752941 0.752941
vn 0.986107 -0.151365 -0.068430
v 25.931091 6.331185 452.556122 0.752941 0.752941 0.752941
vn -0.491495 -0.870491 -0.026047
v 4.896950 6.420663 452.648468 0.752941 0.752941 0.752941
vn 0.186154 0.981912 0.034576
v 1.962051 17.288279 452.295502 0.752941 0.752941 0.752941
vn 0.242333 0.963909 -0.110245
v 4.031925 16.906370 452.689575 0.752941 0.752941 0.752941
vn 0.854249 0.513936 0.078291
v 23.960602 12.099842 452.561951 0.752941 0.752941 0.752941
vn 0.285883 -0.958026 -0.021399
v 22.894962 4.521058 452.623047 0.752941 0.752941 0.752941
vn 0.245659 0.913658 -0.323852
v 11.059752 14.843946 452.296478 0.752941 0.752941 0.752941
vn 0.181176 0.916266 -0.357256
v 9.024776 15.586489 452.692535 0.752941 0.752941 0.752941
vn 0.110166 -0.767195 0.631882
v 22.519705 10.664434 464.491516 0.752941 0.752941 0.752941
vn 0.218834 0.892236 -0.395002
v 6.555691 15.982927 452.089478 0.752941 0.752941 0.752941
vn 0.847020 -0.463120 -0.260918
v 25.816761 5.973639 452.522034 0.752941 0.752941 0.752941
vn 0.000845 0.804810 -0.593532
v 17.162552 14.080432 452.562225 0.752941 0.752941 0.752941
vn -0.255009 -0.545489 0.798381
v 13.989374 11.629843 464.621002 0.752941 0.752941 0.752941
vn -0.109754 -0.681036 0.723977
v 16.388062 10.707246 464.468811 0.752941 0.752941 0.752941
vn 0.111552 0.700303 -0.705076
v 23.164917 13.829410 452.607819 0.752941 0.752941 0.752941
vn 0.035257 0.810867 -0.584167
v 19.549694 13.835823 452.543457 0.752941 0.752941 0.752941
vn -0.588854 -0.299578 -0.750669
v 4.778868 9.238496 452.432617 0.752941 0.752941 0.752941
vn -0.383130 0.620440 0.684299
v 14.432055 16.160189 464.591827 0.752941 0.752941 0.752941
vn 0.086934 0.759306 -0.644901
v 22.326488 13.692837 452.390106 0.752941 0.752941 0.752941
vn -0.422515 0.268842 0.865566
v 12.973565 14.610788 464.518402 0.752941 0.752941 0.752941
vn 0.071314 0.754659 -0.652231
v 17.676159 14.058536 452.532684 0.752941 0.752941 0.752941
vn -0.651194 -0.307181 -0.693964
v 0.086802 15.795630 452.750732 0.752941 0.752941 0.752941
vn 0.015566 0.774503 -0.632378
v 22.303492 13.896601 452.633209 0.752941 0.752941 0.752941
vn 0.105505 0.830347 -0.547168
v 18.674568 13.773168 452.295135 0.752941 0.752941 0.752941
vn -0.345439 -0.877648 0.332274
v 6.243350 5.992166 453.271667 0.752941 0.752941 0.752941
vn 0.190009 0.969600 -0.154180
v 4.813383 16.703760 453.064575 0.752941 0.752941 0.752941
vn -0.306148 -0.897834 0.316492
v 9.125397 4.802299 452.601929 0.752941 0.752941 0.752941
vn -0.481880 0.619854 0.619332
v 15.365557 16.901276 464.592010 0.752941 0.752941 0.752941
vn -0.315170 0.590673 0.742814
v 14.132197 16.334015 464.339111 0.752941 0.752941 0.752941
vn -0.307840 0.828753 -0.467336
v 0.488822 17.284025 452.395874 0.752941 0.752941 0.752941
vn 0.183902 0.710417 -0.679329
v 23.354475 13.528478 452.352905 0.752941 0.752941 0.752941
vn -0.364679 0.413693 0.834186
v 12.756885 15.253855 464.139893 0.752941 0.752941 0.752941
vn -0.749108 -0.224571 -0.623222
v 0.300781 15.161612 452.689667 0.752941 0.752941 0.752941
vn 0.122009 0.858569 -0.497969
v 18.580389 14.077793 452.825623 0.752941 0.752941 0.752941
vn -0.372090 0.299096 0.878687
v 12.431849 14.759845 464.265472 0.752941 0.752941 0.752941
vn -0.022869 0.791889 -0.610237
v 22.559408 14.026641 452.769257 0.752941 0.752941 0.752941
vn -0.407827 0.130750 -0.903649
v 4.762990 7.929027 452.628571 0.752941 0.752941 0.752941
vn -0.040559 0.788013 -0.614322
v 21.611885 13.934153 452.629974 0.752941 0.752941 0.752941
vn 0.061848 0.727510 -0.683304
v 22.948364 13.918295 452.642059 0.752941 0.752941 0.752941
vn 0.009847 0.828380 -0.560080
v 19.769054 14.065920 452.898102 0.752941 0.752941 0.752941
vn 0.054490 0.805464 -0.590134
v 20.052380 13.900995 452.679962 0.752941 0.752941 0.752941
vn 0.030314 0.697109 -0.716324
v 22.757040 13.802961 452.556030 0.752941 0.752941 0.752941
vn -0.720896 -0.506820 -0.472697
v 4.438243 6.782490 452.601990 0.752941 0.752941 0.752941
vn -0.161021 -0.916786 0.365481
v 11.264457 4.381902 452.647003 0.752941 0.752941 0.752941
vn -0.049826 0.805674 -0.590260
v 17.222944 14.189911 452.667236 0.752941 0.752941 0.752941
vn 0.145165 0.879907 -0.452428
v 13.643723 14.299404 451.916107 0.752941 0.752941 0.752941
vn -0.021162 -0.955071 0.295622
v 17.300182 3.876613 452.961273 0.752941 0.752941 0.752941
vn -0.452466 0.609760 0.650744
v 14.905932 16.759331 464.373108 0.752941 0.752941 0.752941
vn 0.061562 -0.972349 0.225271
v 19.233753 3.797359 452.568604 0.752941 0.752941 0.752941
vn 0.229163 0.972883 -0.031357
v 2.715978 17.060497 452.221802 0.752941 0.752941 0.752941
vn -0.228967 -0.557312 0.798109
v 13.984996 11.250747 464.409821 0.752941 0.752941 0.752941
vn 0.197326 0.840259 -0.505003
v 15.372430 14.237437 452.435577 0.752941 0.752941 0.752941
vn 0.236611 0.907701 -0.346546
v 9.594895 15.066596 452.022827 0.752941 0.752941 0.752941
vn 0.413182 0.744797 -0.523983
v 23.635149 13.928075 452.798920 0.752941 0.752941 0.752941
vn -0.061389 -0.926782 0.370550
v 14.935432 3.863774 452.651001 0.752941 0.752941 0.752941
vn -0.099640 -0.721722 0.684974
v 17.092945 10.349448 464.290405 0.752941 0.752941 0.752941
vn -0.583895 -0.284234 -0.760446
v 4.432524 9.185298 452.713623 0.752941 0.752941 0.752941
vn -0.008380 -0.761461 0.648156
v 19.401936 10.237516 464.402740 0.752941 0.752941 0.752941
vn -0.580851 -0.500559 -0.641913
v 2.319719 12.273770 452.689728 0.752941 0.752941 0.752941
vn -0.558799 0.043915 -0.828140
v 4.214632 7.431870 452.693481 0.752941 0.752941 0.752941
vn -0.293795 -0.640758 0.709305
v 15.076069 11.106788 464.555756 0.752941 0.752941 0.752941
vn 0.051306 0.847465 -0.528367
v 19.229004 13.901875 452.656403 0.752941 0.752941 0.752941
vn -0.086669 0.759074 -0.645210
v 21.228754 13.808325 452.626160 0.752941 0.752941 0.752941
vn -0.012676 0.847414 -0.530782
v 22.150370 14.161299 453.009033 0.752941 0.752941 0.752941
vn 0.025590 0.912112 -0.409141
v 13.873142 14.550703 452.839264 0.752941 0.752941 0.752941
vn -0.635345 -0.335164 -0.695702
v -0.659486 16.164625 453.074371 0.752941 0.752941 0.752941
vn 0.593519 0.796850 -0.112982
v 24.829865 11.814636 453.125885 0.752941 0.752941 0.752941
vn 0.264504 0.914889 -0.304985
v 6.062134 16.399141 452.614166 0.752941 0.752941 0.752941
vn -0.139401 0.990116 -0.015406
v 0.279626 17.345701 452.824829 0.752941 0.752941 0.752941
vn 0.243283 0.933507 -0.263397
v 7.843242 15.849813 452.779053 0.752941 0.752941 0.752941
vn 0.466650 -0.874329 -0.133368
v 25.470411 5.381597 453.466095 0.752941 0.752941 0.752941
vn -0.514852 -0.566061 -0.643818
v 1.593566 12.900566 452.594482 0.752941 0.752941 0.752941
vn -0.430670 0.572483 0.697701
v 14.621685 16.626955 464.347778 0.752941 0.752941 0.752941
vn 0.094355 0.845215 -0.526030
v 17.571369 14.446898 453.150696 0.752941 0.752941 0.752941
vn -0.029977 0.859555 -0.510163
v 16.725573 14.223096 452.856628 0.752941 0.752941 0.752941
vn -0.590284 -0.418635 -0.690152
v 4.139515 10.005772 452.503265 0.752941 0.752941 0.752941
vn 0.037489 0.823821 -0.565609
v 18.864464 14.152795 453.007233 0.752941 0.752941 0.752941
vn -0.403003 0.714736 0.571613
v 16.041437 17.505058 464.486084 0.752941 0.752941 0.752941
vn 0.068423 -0.718567 0.692083
v 20.676455 10.199859 464.340729 0.752941 0.752941 0.752941
vn -0.456799 0.630737 0.627300
v 15.115270 17.102865 464.222290 0.752941 0.752941 0.752941
vn 0.007992 0.785857 -0.618357
v 20.377871 14.012056 452.869995 0.752941 0.752941 0.752941
vn -0.325179 -0.488733 0.809567
v 12.908119 11.857408 464.389893 0.752941 0.752941 0.752941
vn -0.537285 0.042073 -0.842351
v 3.593492 8.521719 453.337372 0.752941 0.752941 0.752941
vn 0.082211 0.796019 -0.599663
v 21.918961 14.219521 453.115173 0.752941 0.752941 0.752941
vn 0.138201 -0.782960 0.606527
v 22.485449 10.328458 464.091705 0.752941 0.752941 0.752941
vn 0.172814 0.886057 -0.430162
v 12.507085 14.973543 453.291779 0.752941 0.752941 0.752941
vn -0.147573 -0.933434 0.326992
v 13.441039 4.211765 452.974640 0.752941 0.752941 0.752941
vn -0.234623 -0.889501 0.392097
v 8.398665 5.303560 453.045074 0.752941 0.752941 0.752941
vn -0.114529 -0.874298 0.471685
v 11.976739 4.422970 452.751160 0.752941 0.752941 0.752941
vn 0.136572 0.871833 -0.470377
v 14.679013 14.519309 452.677917 0.752941 0.752941 0.752941
vn -0.051906 -0.712506 0.699744
v 18.106474 10.340413 464.433441 0.752941 0.752941 0.752941
vn 0.208279 0.877988 -0.430996
v 10.353442 15.350450 452.782501 0.752941 0.752941 0.752941
vn 0.992327 0.086044 0.088785
v 25.768358 7.164520 453.017303 0.752941 0.752941 0.752941
vn 0.235375 0.950073 -0.204838
v 6.202147 16.546951 453.342255 0.752941 0.752941 0.752941
vn -0.069271 -0.934445 0.349304
v 14.574638 4.080541 453.047699 0.752941 0.752941 0.752941
vn -0.543480 0.027993 0.838955
v 11.920369 13.240963 464.236816 0.752941 0.752941 0.752941
vn -0.128821 -0.666121 0.734635
v 16.876610 10.622928 464.480103 0.752941 0.752941 0.752941
vn -0.514931 0.001452 -0.857230
v 4.676333 8.373696 452.709656 0.752941 0.752941 0.752941
vn 0.004168 0.788695 -0.614771
v 20.208738 14.164936 453.075287 0.752941 0.752941 0.752941
vn 0.291792 0.936850 0.192793
v 19.782301 19.039097 464.462067 0.752941 0.752941 0.752941
vn -0.605439 -0.350490 -0.714563
v 3.437434 9.882270 453.201843 0.752941 0.752941 0.752941
vn 0.738073 0.332177 0.587287
v 23.633307 11.595626 464.408264 0.752941 0.752941 0.752941
vn -0.039466 -0.904780 0.424047
v 15.182413 4.204939 453.212463 0.752941 0.752941 0.752941
vn -0.031022 -0.939448 0.341286
v 16.072706 3.738193 452.304352 0.752941 0.752941 0.752941
vn -0.711706 0.671358 -0.206768
v -0.514626 16.951872 453.007965 0.752941 0.752941 0.752941
vn 0.087803 0.802149 -0.590633
v 17.977859 14.011896 452.539886 0.752941 0.752941 0.752941
vn 0.203705 0.897588 -0.390948
v 10.371379 15.571604 453.258270 0.752941 0.752941 0.752941
vn -0.781349 -0.321114 -0.535144
v 3.725421 7.623840 453.176086 0.752941 0.752941 0.752941
vn -0.095600 -0.923984 0.370289
v 16.092335 4.031434 453.142822 0.752941 0.752941 0.752941
vn 0.994892 -0.062023 0.079639
v 25.862808 6.038022 453.387115 0.752941 0.752941 0.752941
vn -0.628286 -0.443833 -0.638959
v 1.830499 12.028444 453.294342 0.752941 0.752941 0.752941
vn -0.110537 -0.696657 0.708837
v 16.284739 10.422876 464.213318 0.752941 0.752941 0.752941
vn 0.017355 0.798422 -0.601848
v 19.392155 14.151166 453.049164 0.752941 0.752941 0.752941
vn -0.091869 0.729682 -0.677587
v 21.024420 14.115384 452.977173 0.752941 0.752941 0.752941
vn -0.005208 0.817041 -0.576556
v 22.861685 14.272985 453.152985 0.752941 0.752941 0.752941
vn -0.626736 -0.436573 -0.645451
v 2.518602 11.095837 453.272888 0.752941 0.752941 0.752941
vn -0.214602 -0.616633 0.757437
v 14.943428 10.785572 464.214172 0.752941 0.752941 0.752941
vn -0.729819 -0.356720 -0.583193
v 0.381885 14.287378 453.030365 0.752941 0.752941 0.752941
vn -0.029585 0.757622 -0.652022
v 21.411406 14.203735 452.959747 0.752941 0.752941 0.752941
vn -0.575774 -0.219560 -0.787577
v 3.992770 9.179530 453.059387 0.752941 0.752941 0.752941
vn 0.753477 0.645104 -0.126942
v 23.736351 12.589748 453.630310 0.752941 0.752941 0.752941
vn -0.304501 -0.870299 0.387115
v 8.897685 5.173044 453.106750 0.752941 0.752941 0.752941
vn 0.965272 0.145853 0.216744
v 25.446453 9.713940 452.718567 0.752941 0.752941 0.752941
vn 0.983869 0.096373 0.150710
v 23.919430 13.279198 452.876129 0.752941 0.752941 0.752941
vn 0.128217 -0.947439 0.293120
v 20.685965 4.240322 453.668884 0.752941 0.752941 0.752941
vn -0.634890 0.086261 -0.767772
v 3.847888 7.782812 453.017548 0.752941 0.752941 0.752941
vn -0.586154 0.254802 0.769090
v 12.009352 14.620999 464.058136 0.752941 0.752941 0.752941
vn -0.279663 -0.881345 0.380816
v 7.612346 5.354796 452.849213 0.752941 0.752941 0.752941
vn -0.134592 -0.727987 0.672250
v 17.546915 10.412841 464.364014 0.752941 0.752941 0.752941
vn -0.691776 0.173396 -0.700985
v -0.366195 16.847198 452.583679 0.752941 0.752941 0.752941
vn -0.212340 -0.658497 0.722006
v 15.385845 10.570702 464.248718 0.752941 0.752941 0.752941
vn 0.042354 -0.787947 0.614284
v 19.740309 10.129598 464.192505 0.752941 0.752941 0.752941
vn -0.123589 -0.748538 0.651473
v 16.717037 10.282711 464.118500 0.752941 0.752941 0.752941
vn 0.056191 -0.781925 0.620835
v 21.783625 10.412011 464.290771 0.752941 0.752941 0.752941
vn -0.009351 -0.765063 0.643887
v 18.914936 10.043175 464.090485 0.752941 0.752941 0.752941
vn -0.709316 -0.284804 -0.644792
v -0.091346 15.028718 453.216949 0.752941 0.752941 0.752941
vn -0.205987 -0.661045 0.721518
v 14.463637 10.791943 464.138855 0.752941 0.752941 0.752941
vn -0.051109 0.777232 -0.627135
v 20.618933 14.260154 453.158203 0.752941 0.752941 0.752941
vn -0.011025 0.807647 -0.589564
v 19.813589 14.357613 453.307343 0.752941 0.752941 0.752941
vn -0.010891 0.795806 -0.605454
v 19.015032 14.298980 453.181793 0.752941 0.752941 0.752941
vn -0.601954 -0.795950 0.064148
v 4.544808 6.557928 452.872986 0.752941 0.752941 0.752941
vn -0.260628 -0.889858 0.374467
v 13.349693 4.569095 453.645844 0.752941 0.752941 0.752941
vn -0.250666 -0.894460 0.370282
v 9.233741 5.315571 453.949005 0.752941 0.752941 0.752941
vn 0.142516 -0.794941 0.589710
v 21.438412 10.430655 464.381683 0.752941 0.752941 0.752941
vn 0.192100 0.935970 -0.295055
v 9.955649 15.905116 454.040344 0.752941 0.752941 0.752941
vn 0.135497 0.982082 -0.130981
v 5.143666 16.820026 453.894653 0.752941 0.752941 0.752941
vn 0.975987 0.205201 0.073083
v 25.619894 8.819165 453.206177 0.752941 0.752941 0.752941
vn 0.097100 0.918311 -0.383766
v 14.423618 14.868457 453.256409 0.752941 0.752941 0.752941
vn 0.205732 0.832813 -0.513904
v 23.203699 14.209914 453.081604 0.752941 0.752941 0.752941
vn -0.609177 -0.433531 -0.664044
v 3.114503 10.614643 453.038879 0.752941 0.752941 0.752941
vn -0.473278 -0.143770 0.869102
v 12.150340 12.614851 464.318939 0.752941 0.752941 0.752941
vn 0.115805 0.774934 -0.621343
v 21.614853 14.417104 453.264557 0.752941 0.752941 0.752941
vn 0.090793 0.783971 -0.614122
v 21.517233 14.566054 453.437592 0.752941 0.752941 0.752941
vn -0.075034 -0.795354 0.601484
v 20.330376 10.003205 464.124786 0.752941 0.752941 0.752941
vn 0.005684 0.812596 -0.582799
v 18.672045 14.399854 453.388519 0.752941 0.752941 0.752941
vn 0.220284 0.884266 -0.411762
v 14.524838 15.049456 454.038940 0.752941 0.752941 0.752941
vn 0.200844 0.897199 -0.393314
v 15.249587 14.609317 453.205322 0.752941 0.752941 0.752941
vn -0.048730 -0.713498 0.698961
v 18.772419 10.409163 464.405701 0.752941 0.752941 0.752941
vn -0.246329 -0.874809 0.417170
v 7.695726 5.588398 453.279266 0.752941 0.752941 0.752941
vn 0.097586 0.775299 -0.624010
v 18.469671 14.642659 453.684052 0.752941 0.752941 0.752941
vn 0.962954 0.227836 0.144261
v 25.213814 9.399788 454.266571 0.752941 0.752941 0.752941
vn 0.150610 -0.970429 0.188640
v 20.960356 4.079799 452.788300 0.752941 0.752941 0.752941
vn 0.187370 -0.960845 0.204130
v 22.528921 4.523415 453.681366 0.752941 0.752941 0.752941
vn -0.022426 0.778768 -0.626912
v 20.265831 14.399861 453.333862 0.752941 0.752941 0.752941
vn 0.628906 0.740431 0.237147
v 20.042049 18.882442 464.622131 0.752941 0.752941 0.752941
vn -0.613503 -0.339303 -0.713083
v 2.621544 10.144733 453.776855 0.752941 0.752941 0.752941
vn -0.339802 0.934245 0.108261
v 18.765675 18.946724 463.953796 0.752941 0.752941 0.752941
vn 0.579137 0.346988 0.737699
v 24.274544 11.237247 464.053894 0.752941 0.752941 0.752941
vn 0.028951 0.836212 -0.547642
v 19.327642 14.612763 453.715057 0.752941 0.752941 0.752941
vn -0.176907 0.748171 -0.639487
v 20.780769 14.530097 453.505005 0.752941 0.752941 0.752941
vn -0.909245 -0.153294 -0.387007
v -1.111207 15.996772 453.667786 0.752941 0.752941 0.752941
vn -0.872514 0.153184 -0.463955
v -0.981760 16.371931 453.415649 0.752941 0.752941 0.752941
vn -0.727753 -0.685511 0.021219
v 4.205359 7.011899 453.218079 0.752941 0.752941 0.752941
vn -0.282765 -0.888725 0.360849
v 7.958096 5.755253 453.963745 0.752941 0.752941 0.752941
vn 0.270717 0.895379 -0.353567
v 10.820749 15.495946 453.524780 0.752941 0.752941 0.752941
vn 0.891525 0.416301 -0.178541
v 23.819197 13.831771 453.040375 0.752941 0.752941 0.752941
vn 0.039651 0.844336 -0.534345
v 17.982931 14.833972 453.740997 0.752941 0.752941 0.752941
vn -0.150591 -0.918718 0.365074
v 9.858475 4.922880 453.173523 0.752941 0.752941 0.752941
vn 0.224765 0.832361 -0.506612
v 22.812988 14.585047 453.551636 0.752941 0.752941 0.752941
vn -0.117139 0.731036 -0.672209
v 21.068815 14.517111 453.393402 0.752941 0.752941 0.752941
vn -0.284588 -0.534321 0.795934
v 12.639075 11.464449 464.039459 0.752941 0.752941 0.752941
vn -0.015645 0.809806 -0.586490
v 18.809385 14.530387 453.511688 0.752941 0.752941 0.752941
vn 0.036371 0.770537 -0.636357
v 22.149414 14.587900 453.536438 0.752941 0.752941 0.752941
vn -0.002645 0.803449 -0.595367
v 22.349813 14.287446 453.229065 0.752941 0.752941 0.752941
vn -0.181296 -0.751323 0.634543
v 17.816309 10.160965 464.190033 0.752941 0.752941 0.752941
vn -0.668375 -0.311373 -0.675516
v -0.383996 14.946428 453.545746 0.752941 0.752941 0.752941
vn -0.082795 -0.732323 0.675905
v 18.192921 9.912270 463.987762 0.752941 0.752941 0.752941
vn 0.097770 -0.935901 0.338423
v 14.645518 4.440199 453.703918 0.752941 0.752941 0.752941
vn 0.003082 0.976484 0.215569
v 1.741530 17.155689 453.899017 0.752941 0.752941 0.752941
vn -0.326845 -0.862214 0.386987
v 4.925215 6.631841 453.651764 0.752941 0.752941 0.752941
vn 0.024324 0.854274 -0.519253
v 16.472897 14.940424 454.042816 0.752941 0.752941 0.752941
vn -0.049441 0.864960 -0.499400
v 17.061455 14.615025 453.550720 0.752941 0.752941 0.752941
vn 0.229156 0.934822 -0.271283
v 7.227464 16.372730 453.913361 0.752941 0.752941 0.752941
vn -0.345079 0.914144 0.212749
v -0.065993 17.215355 453.333435 0.752941 0.752941 0.752941
vn -0.647328 -0.364549 -0.669381
v -0.374282 15.500797 453.320923 0.752941 0.752941 0.752941
vn -0.649919 -0.258922 -0.714538
v 3.259310 8.064937 453.466278 0.752941 0.752941 0.752941
vn -0.109886 0.799885 -0.590008
v 20.979345 14.768826 453.669708 0.752941 0.752941 0.752941
vn 0.028589 0.786399 -0.617056
v 21.258490 14.702497 453.548157 0.752941 0.752941 0.752941
vn -0.068745 -0.734667 0.674936
v 15.658241 10.491373 464.153412 0.752941 0.752941 0.752941
vn -0.643802 -0.390449 -0.658080
v -0.064863 13.954476 453.764740 0.752941 0.752941 0.752941
vn -0.564801 0.186497 0.803877
v 11.849995 14.193690 464.020203 0.752941 0.752941 0.752941
vn -0.951926 -0.154491 -0.264518
v -1.066709 15.559416 453.973053 0.752941 0.752941 0.752941
vn -0.467109 0.664807 0.582959
v 14.990716 17.154510 464.077240 0.752941 0.752941 0.752941
vn -0.082972 -0.921059 0.380481
v 17.092756 4.419592 454.117676 0.752941 0.752941 0.752941
vn -0.323003 -0.877416 0.354696
v 8.857106 5.524221 453.989319 0.752941 0.752941 0.752941
vn 0.102779 0.898383 -0.427018
v 14.224960 15.032395 453.703156 0.752941 0.752941 0.752941
vn 0.230879 0.914547 -0.332111
v 10.383427 15.802834 454.213989 0.752941 0.752941 0.752941
vn 0.142910 -0.943614 0.298614
v 21.282255 4.388051 453.739105 0.752941 0.752941 0.752941
vn 0.024201 -0.947729 0.318158
v 20.116802 4.222361 453.585846 0.752941 0.752941 0.752941
vn -0.458164 0.803684 0.379707
v -0.502603 16.772631 454.009918 0.752941 0.752941 0.752941
vn 0.636061 0.755731 -0.155877
v 24.120861 12.554258 454.248413 0.752941 0.752941 0.752941
vn -0.451902 0.412321 0.791060
v 12.125109 15.231535 463.929321 0.752941 0.752941 0.752941
vn 0.132336 0.800745 -0.584204
v 22.499813 14.945264 453.955383 0.752941 0.752941 0.752941
vn -0.428009 0.669729 0.606854
v 14.662076 16.825579 464.155304 0.752941 0.752941 0.752941
vn 0.055851 0.861123 -0.505320
v 21.599642 14.837527 453.878143 0.752941 0.752941 0.752941
vn 0.058010 0.818608 -0.571416
v 21.755762 14.648961 453.612518 0.752941 0.752941 0.752941
vn -0.383372 0.634675 0.670980
v 14.355678 16.637815 464.170654 0.752941 0.752941 0.752941
vn -0.512115 0.539175 0.668602
v 13.908994 16.216076 464.302490 0.752941 0.752941 0.752941
vn 0.197467 -0.755834 0.624277
v 21.345282 10.171803 464.028259 0.752941 0.752941 0.752941
vn -0.622627 -0.508145 -0.595084
v 1.283091 12.279061 453.660980 0.752941 0.752941 0.752941
vn -0.820906 0.568911 0.049534
v -1.008610 16.478704 453.622192 0.752941 0.752941 0.752941
vn -0.503100 0.004808 -0.864215
v 2.964262 8.747575 453.686005 0.752941 0.752941 0.752941
vn -0.437618 -0.810416 0.389508
v 4.395663 7.157189 454.043579 0.752941 0.752941 0.752941
vn 0.996964 -0.075311 0.019796
v 25.802441 6.134492 454.012604 0.752941 0.752941 0.752941
vn -0.087593 -0.917589 0.387760
v 9.766380 5.241102 453.754730 0.752941 0.752941 0.752941
vn 0.071650 0.860530 -0.504336
v 13.142797 15.041786 453.606232 0.752941 0.752941 0.752941
vn -0.131089 -0.892619 0.431331
v 11.126707 4.798508 453.330933 0.752941 0.752941 0.752941
vn 0.138985 0.876931 -0.460082
v 14.028995 15.261315 454.032990 0.752941 0.752941 0.752941
vn -0.171033 -0.914523 0.366599
v 12.344895 4.794791 453.791077 0.752941 0.752941 0.752941
vn 0.959000 0.077034 0.272735
v 23.609056 12.866077 453.448730 0.752941 0.752941 0.752941
vn 0.889411 0.433519 0.144945
v 25.028769 11.591056 453.450867 0.752941 0.752941 0.752941
vn 0.145117 0.911758 -0.384237
v 11.714325 15.555746 454.040588 0.752941 0.752941 0.752941
vn 0.289791 -0.954921 0.064403
v 24.212713 4.935632 453.583191 0.752941 0.752941 0.752941
vn 0.224179 -0.953866 0.199708
v 23.489586 4.797113 453.862274 0.752941 0.752941 0.752941
vn 0.529975 -0.838624 0.125841
v 25.498871 5.398580 454.212494 0.752941 0.752941 0.752941
vn -0.117796 -0.922817 0.366787
v 14.018861 4.341776 453.775574 0.752941 0.752941 0.752941
vn 0.831469 0.555035 -0.024394
v 23.673651 14.164418 453.644867 0.752941 0.752941 0.752941
vn -0.699754 -0.451302 -0.553778
v 2.781393 8.314581 453.817291 0.752941 0.752941 0.752941
vn -0.431277 0.754221 0.495127
v 15.517313 17.404551 464.157440 0.752941 0.752941 0.752941
vn -0.425583 0.803713 0.415843
v 17.430536 17.915546 465.108551 0.752941 0.752941 0.752941
vn -0.093449 0.796015 -0.598020
v 20.525368 14.739048 453.800568 0.752941 0.752941 0.752941
vn -0.544538 -0.120756 -0.829998
v 3.270490 9.389604 453.512512 0.752941 0.752941 0.752941
vn 0.892647 0.336363 0.300067
v 21.976448 14.880081 463.825714 0.752941 0.752941 0.752941
vn -0.042481 0.814986 -0.577921
v 21.848299 14.911800 453.980560 0.752941 0.752941 0.752941
vn -0.337371 -0.869410 0.360981
v 5.785549 6.443721 453.701874 0.752941 0.752941 0.752941
vn -0.289751 -0.869269 0.400520
v 6.791274 6.213678 453.977936 0.752941 0.752941 0.752941
vn 0.037936 -0.935735 0.350657
v 18.519508 4.019799 453.437103 0.752941 0.752941 0.752941
vn 0.108522 0.994093 0.001679
v 3.776600 16.984406 453.962341 0.752941 0.752941 0.752941
vn 0.104362 0.946291 -0.306010
v 9.340837 15.749082 453.458282 0.752941 0.752941 0.752941
vn 0.217483 0.957817 -0.187851
v 6.435219 16.574173 453.848694 0.752941 0.752941 0.752941
vn 0.668577 0.714678 -0.205525
v 23.143375 14.796208 454.466644 0.752941 0.752941 0.752941
vn -0.635598 -0.771696 -0.022352
v 3.422888 7.681775 453.950348 0.752941 0.752941 0.752941
vn -0.616997 -0.216502 -0.756599
v 2.255408 8.911101 454.075836 0.752941 0.752941 0.752941
vn -0.378098 -0.362623 0.851790
v 12.223256 12.049034 464.220917 0.752941 0.752941 0.752941
vn -0.259337 0.841545 0.473863
v -0.002008 16.641441 454.463928 0.752941 0.752941 0.752941
vn -0.241048 -0.611853 0.753347
v 14.845334 10.504133 464.001617 0.752941 0.752941 0.752941
vn 0.934449 -0.108934 0.339025
v 23.579910 13.931656 454.157806 0.752941 0.752941 0.752941
vn -0.366677 0.641172 0.674126
v 13.982190 16.572176 464.072815 0.752941 0.752941 0.752941
vn -0.980693 0.195422 -0.007151
v -0.926714 15.859783 454.295380 0.752941 0.752941 0.752941
vn -0.379666 -0.796094 0.471262
v 5.081799 7.024441 454.262421 0.752941 0.752941 0.752941
vn 0.076205 -0.916734 0.392162
v 18.741085 4.278801 453.925568 0.752941 0.752941 0.752941
vn 0.885677 -0.463872 -0.019983
v 25.757643 5.651639 453.563904 0.752941 0.752941 0.752941
vn 0.070066 0.809120 -0.583451
v 19.125673 14.898601 454.120636 0.752941 0.752941 0.752941
vn -0.935628 0.239948 0.258892
v -1.109105 16.091400 453.919556 0.752941 0.752941 0.752941
vn 0.052253 0.906629 -0.418680
v 13.346281 15.371314 454.114349 0.752941 0.752941 0.752941
vn -0.168184 0.788527 -0.591556
v 20.393751 15.023272 454.232635 0.752941 0.752941 0.752941
vn -0.303037 -0.570042 0.763689
v 13.314271 11.209068 464.111725 0.752941 0.752941 0.752941
vn -0.664630 -0.381402 -0.642495
v -0.522300 13.904174 454.193054 0.752941 0.752941 0.752941
vn -0.642966 -0.467144 -0.606936
v 0.678800 12.848462 453.830322 0.752941 0.752941 0.752941
vn 0.127824 -0.807601 0.575710
v 19.873940 9.902390 463.901825 0.752941 0.752941 0.752941
vn -0.438924 -0.138381 0.887804
v 11.425958 12.366017 463.907928 0.752941 0.752941 0.752941
vn -0.560779 -0.377853 -0.736719
v 0.875380 11.730375 454.400208 0.752941 0.752941 0.752941
vn -0.542599 -0.120437 -0.831313
v 2.371527 9.998296 454.019165 0.752941 0.752941 0.752941
vn -0.234115 -0.651890 0.721269
v 13.778032 10.943700 464.083740 0.752941 0.752941 0.752941
vn -0.595566 0.699249 0.395414
v -0.682902 16.599615 454.086182 0.752941 0.752941 0.752941
vn -0.610642 -0.441546 -0.657384
v 1.401042 11.712700 453.989380 0.752941 0.752941 0.752941
vn -0.589169 -0.439660 -0.677923
v 0.421372 12.424945 454.365784 0.752941 0.752941 0.752941
vn 0.009183 0.818903 -0.573858
v 21.427874 14.979231 454.141357 0.752941 0.752941 0.752941
vn -0.577232 -0.364482 -0.730723
v 1.488364 11.062532 454.289978 0.752941 0.752941 0.752941
vn -0.037892 0.820180 -0.570850
v 22.075254 15.025140 454.124634 0.752941 0.752941 0.752941
vn -0.052410 -0.915594 0.398674
v 14.444923 4.521250 454.288361 0.752941 0.752941 0.752941
vn -0.307769 -0.881887 0.357147
v 5.539414 6.607113 453.990265 0.752941 0.752941 0.752941
vn -0.656673 0.685933 0.313491
v -0.782146 16.390522 454.384338 0.752941 0.752941 0.752941
vn 0.075595 0.891472 -0.446724
v 15.567966 14.894197 453.846069 0.752941 0.752941 0.752941
vn -0.184883 -0.882079 0.433307
v 13.756380 4.671034 454.280121 0.752941 0.752941 0.752941
vn -0.469034 -0.000903 0.883180
v 11.372103 13.059403 463.935883 0.752941 0.752941 0.752941
vn -0.716289 -0.307744 -0.626278
v -0.830861 14.932783 453.992126 0.752941 0.752941 0.752941
vn -0.012038 -0.808470 0.588414
v 19.499012 9.862700 463.911377 0.752941 0.752941 0.752941
vn -0.530657 0.517644 0.671154
v 13.571966 16.396881 463.830353 0.752941 0.752941 0.752941
vn -0.599069 -0.340187 -0.724837
v 1.982055 10.737139 454.057495 0.752941 0.752941 0.752941
vn -0.423828 0.599759 0.678719
v 13.151064 15.952838 463.935089 0.752941 0.752941 0.752941
vn -0.428654 0.485581 0.761884
v 13.045285 15.611125 464.107574 0.752941 0.752941 0.752941
vn -0.099849 -0.761566 0.640350
v 16.430988 10.042961 463.772034 0.752941 0.752941 0.752941
vn -0.623850 -0.431352 -0.651726
v -0.480742 13.505681 454.424438 0.752941 0.752941 0.752941
vn 0.133042 -0.948192 0.288499
v 22.517839 4.746964 454.425232 0.752941 0.752941 0.752941
vn -0.362169 -0.833326 0.417615
v 5.803137 6.869344 454.790283 0.752941 0.752941 0.752941
vn -0.152283 -0.671613 0.725084
v 14.154880 10.476705 463.711578 0.752941 0.752941 0.752941
vn -0.906120 -0.200815 -0.372316
v -1.152864 14.314093 454.802307 0.752941 0.752941 0.752941
vn -0.398209 0.719996 0.568362
v 14.429874 17.022690 463.712921 0.752941 0.752941 0.752941
vn -0.109314 -0.782860 0.612521
v 16.943962 10.153440 463.988800 0.752941 0.752941 0.752941
vn 0.182992 -0.739596 0.647697
v 21.064981 9.946779 463.893341 0.752941 0.752941 0.752941
vn 0.070576 -0.802898 0.591923
v 22.091738 10.245027 464.077820 0.752941 0.752941 0.752941
vn -0.557188 -0.162175 -0.814396
v 1.521165 10.300030 454.539093 0.752941 0.752941 0.752941
vn -0.016091 0.766740 -0.641756
v 21.781757 15.153980 454.306335 0.752941 0.752941 0.752941
vn -0.126803 -0.759263 0.638310
v 16.091576 10.279908 464.031891 0.752941 0.752941 0.752941
vn -0.046561 0.785494 -0.617115
v 20.700037 15.211674 454.344543 0.752941 0.752941 0.752941
vn -0.045402 0.819620 -0.571106
v 19.828396 14.983934 454.239136 0.752941 0.752941 0.752941
vn 0.011316 -0.820823 0.571071
v 20.665346 9.743228 463.748291 0.752941 0.752941 0.752941
vn 0.004419 0.798076 -0.602541
v 21.248835 15.160557 454.334503 0.752941 0.752941 0.752941
vn -0.019889 -0.809407 0.586912
v 19.402309 10.050597 464.120667 0.752941 0.752941 0.752941
vn 0.107345 -0.763889 0.636358
v 23.191690 10.431481 464.032928 0.752941 0.752941 0.752941
vn -0.235999 0.722989 -0.649300
v 20.325670 15.225630 454.512756 0.752941 0.752941 0.752941
vn -0.169120 -0.792961 0.585330
v 17.782728 9.877817 463.761414 0.752941 0.752941 0.752941
vn -0.345771 -0.836269 0.425555
v 4.795226 7.313937 454.639526 0.752941 0.752941 0.752941
vn -0.687255 -0.267221 -0.675480
v 1.242745 9.600721 454.767548 0.752941 0.752941 0.752941
vn -0.780272 0.579361 0.235618
v -1.004023 16.180473 454.595032 0.752941 0.752941 0.752941
vn 0.991053 -0.102212 0.085830
v 25.822948 6.190802 454.708038 0.752941 0.752941 0.752941
vn 0.902733 0.428063 0.042840
v 23.295753 13.245002 454.375580 0.752941 0.752941 0.752941
vn 0.663104 0.091242 0.742946
v 24.820457 10.793567 463.692322 0.752941 0.752941 0.752941
vn 0.026782 0.925369 -0.378121
v 13.623769 15.544807 454.802734 0.752941 0.752941 0.752941
vn 0.009247 -0.923580 0.383295
v 18.028685 4.429429 454.506897 0.752941 0.752941 0.752941
vn -0.031180 0.983074 0.180534
v 19.457294 19.106256 464.425232 0.752941 0.752941 0.752941
vn -0.005708 -0.951721 0.306911
v 19.919041 4.682022 454.850586 0.752941 0.752941 0.752941
vn -0.682672 -0.443373 -0.580844
v 1.839213 9.143550 454.392700 0.752941 0.752941 0.752941
vn -0.949928 0.182428 -0.253688
v -1.172274 15.272621 454.277527 0.752941 0.752941 0.752941
vn -0.025327 0.906797 -0.420806
v 17.739941 15.107986 454.461731 0.752941 0.752941 0.752941
vn 0.835582 0.548311 -0.034019
v 20.437841 18.252455 463.789795 0.752941 0.752941 0.752941
vn 0.435128 -0.343132 0.832420
v 24.359083 10.646093 464.121399 0.752941 0.752941 0.752941
vn 0.050324 0.856853 -0.513099
v 20.713652 15.409994 454.683441 0.752941 0.752941 0.752941
vn -0.395432 -0.317325 0.861938
v 11.663832 12.042502 463.948822 0.752941 0.752941 0.752941
vn -0.135386 0.792293 -0.594931
v 20.546192 15.349545 454.495087 0.752941 0.752941 0.752941
vn -0.007371 0.813785 -0.581119
v 21.868296 15.387264 454.563782 0.752941 0.752941 0.752941
vn 0.146209 0.850421 -0.505377
v 22.248283 15.337654 454.559631 0.752941 0.752941 0.752941
vn -0.562833 -0.368715 -0.739775
v 0.366046 12.014676 454.643951 0.752941 0.752941 0.752941
vn -0.575202 -0.060278 -0.815787
v 1.909278 9.467261 454.262054 0.752941 0.752941 0.752941
vn 0.925758 -0.362292 0.108247
v 25.751444 5.798523 454.744232 0.752941 0.752941 0.752941
vn -0.161414 -0.917640 0.363157
v 11.190844 5.117777 454.156677 0.752941 0.752941 0.752941
vn 0.010742 0.881928 -0.471262
v 16.378160 15.285611 454.540741 0.752941 0.752941 0.752941
vn 0.970173 0.177032 0.165600
v 25.037136 10.716769 454.157257 0.752941 0.752941 0.752941
vn 0.233559 -0.932891 0.274163
v 24.333374 5.170473 454.635223 0.752941 0.752941 0.752941
vn 0.270021 0.855475 -0.441872
v 22.557512 15.217663 454.365417 0.752941 0.752941 0.752941
vn -0.936840 0.331944 -0.110198
v -1.041827 15.456643 454.641907 0.752941 0.752941 0.752941
vn -0.324628 0.799591 0.505244
v -0.464341 16.328821 454.682739 0.752941 0.752941 0.752941
vn -0.114911 -0.774751 0.621737
v 17.536266 10.103391 464.032379 0.752941 0.752941 0.752941
vn -0.561140 -0.346344 -0.751776
v 0.727824 11.504878 454.618164 0.752941 0.752941 0.752941
vn -0.129297 -0.757453 0.639958
v 15.059821 10.305364 463.895325 0.752941 0.752941 0.752941
vn -0.995498 0.083340 0.045141
v -1.332037 15.060164 454.742065 0.752941 0.752941 0.752941
vn -0.006537 -0.941502 0.336945
v 15.230654 4.670850 454.437256 0.752941 0.752941 0.752941
vn -0.403184 -0.813533 0.419054
v 3.452730 8.017584 454.896912 0.752941 0.752941 0.752941
vn 0.072023 -0.794991 0.602330
v 21.814466 10.108740 463.890106 0.752941 0.752941 0.752941
vn 0.030072 0.886985 -0.460818
v 17.045858 15.079585 454.258636 0.752941 0.752941 0.752941
vn 0.154943 -0.935146 0.318582
v 20.876577 4.658326 454.619659 0.752941 0.752941 0.752941
vn -0.018903 -0.826997 0.561888
v 19.077877 9.853076 463.787292 0.752941 0.752941 0.752941
vn -0.548433 -0.308636 -0.777151
v 1.037286 10.787970 454.706696 0.752941 0.752941 0.752941
vn -0.926291 0.223947 0.303039
v -1.047277 15.876165 454.666534 0.752941 0.752941 0.752941
vn -0.597469 -0.347347 -0.722759
v 0.476739 11.229326 454.926788 0.752941 0.752941 0.752941
vn -0.150798 0.812632 -0.562929
v 20.181593 15.484813 454.902161 0.752941 0.752941 0.752941
vn -0.738338 -0.316102 -0.595766
v -0.931888 14.088097 454.578156 0.752941 0.752941 0.752941
vn 0.186568 0.911212 -0.367266
v 8.772781 16.183464 454.380676 0.752941 0.752941 0.752941
vn -0.012488 0.861302 -0.507940
v 18.721302 15.383771 454.725677 0.752941 0.752941 0.752941
vn 0.051799 0.849600 -0.524877
v 15.524215 15.293694 454.701416 0.752941 0.752941 0.752941
vn 0.062275 0.899106 -0.433279
v 12.135004 15.674222 454.521301 0.752941 0.752941 0.752941
vn -0.833170 0.518396 0.192595
v -1.157996 15.401994 454.929199 0.752941 0.752941 0.752941
vn -0.466029 0.134540 0.874480
v 11.338701 13.507373 463.873810 0.752941 0.752941 0.752941
vn -0.356901 -0.813788 0.458661
v 4.064167 7.800651 454.958466 0.752941 0.752941 0.752941
vn -0.204309 0.870565 0.447632
v 0.810102 16.658756 454.857941 0.752941 0.752941 0.752941
vn -0.601224 -0.371566 -0.707438
v -0.036173 11.901211 454.992554 0.752941 0.752941 0.752941
vn -0.003376 0.825814 -0.563932
v 19.575157 15.336565 454.755920 0.752941 0.752941 0.752941
vn -0.519847 0.508413 0.686494
v -0.689088 16.078856 454.919464 0.752941 0.752941 0.752941
vn -0.325971 0.572675 0.752187
v 12.312021 15.605305 463.768677 0.752941 0.752941 0.752941
vn -0.955049 -0.161566 -0.248551
v -1.237829 13.766912 455.094879 0.752941 0.752941 0.752941
vn -0.996762 0.011468 0.079582
v -1.189012 14.569513 455.344727 0.752941 0.752941 0.752941
vn 0.058752 -0.928440 0.366807
v 20.498861 4.734158 455.099884 0.752941 0.752941 0.752941
vn -0.181737 -0.911595 0.368737
v 9.624950 5.714135 455.171448 0.752941 0.752941 0.752941
vn 0.975269 0.210421 0.067622
v 25.322399 8.545892 455.193542 0.752941 0.752941 0.752941
vn 0.116841 0.974176 -0.193209
v 7.927851 16.594719 455.333771 0.752941 0.752941 0.752941
vn 0.140906 0.926510 -0.348890
v 12.798263 15.956473 455.554779 0.752941 0.752941 0.752941
vn 0.129964 0.908307 -0.397602
v 12.962332 15.580465 454.573608 0.752941 0.752941 0.752941
vn 0.065486 0.898988 -0.433049
v 16.538799 15.410327 454.988892 0.752941 0.752941 0.752941
vn 0.215846 0.864599 -0.453740
v 22.062897 15.643644 455.014191 0.752941 0.752941 0.752941
vn 0.988782 0.137723 0.057806
v 25.850029 7.569207 454.106049 0.752941 0.752941 0.752941
vn -0.311184 -0.858427 0.407759
v 7.610068 6.296659 454.889679 0.752941 0.752941 0.752941
vn -0.596971 -0.405281 -0.692367
v -0.419169 12.719530 454.899872 0.752941 0.752941 0.752941
vn -0.787468 0.473127 0.395025
v -1.032907 15.613659 454.887238 0.752941 0.752941 0.752941
vn -0.080871 -0.768222 0.635055
v 17.060152 10.003242 463.830414 0.752941 0.752941 0.752941
vn -0.590415 0.465220 0.659530
v -0.661778 15.672428 455.100159 0.752941 0.752941 0.752941
vn -0.283119 -0.601845 0.746744
v 13.085133 10.941916 463.810760 0.752941 0.752941 0.752941
vn -0.038509 0.839670 -0.541730
v 21.490232 15.689773 455.097046 0.752941 0.752941 0.752941
vn -0.011687 0.841711 -0.539802
v 21.141874 15.502204 454.877899 0.752941 0.752941 0.752941
vn -0.271144 0.766394 0.582341
v 0.168287 16.290752 455.193604 0.752941 0.752941 0.752941
vn 0.545521 0.834205 -0.080676
v 19.943378 18.950798 463.883026 0.752941 0.752941 0.752941
vn -0.012469 0.984869 0.172851
v 2.831933 16.919111 454.703705 0.752941 0.752941 0.752941
vn -0.134852 -0.903507 0.406805
v 14.188490 5.221540 455.503754 0.752941 0.752941 0.752941
vn 0.057052 0.914403 -0.400765
v 11.557305 15.828366 454.851776 0.752941 0.752941 0.752941
vn -0.665927 -0.743080 -0.066135
v 1.384802 9.288489 454.895752 0.752941 0.752941 0.752941
vn 0.018052 0.997069 0.074345
v 4.229154 16.935534 454.843384 0.752941 0.752941 0.752941
vn -0.633299 -0.773906 0.001104
v 2.372780 8.521004 454.513672 0.752941 0.752941 0.752941
vn 0.066326 0.920098 -0.386031
v 12.075829 16.012621 455.049316 0.752941 0.752941 0.752941
vn 0.056539 0.895982 -0.440476
v 15.508589 15.509836 455.020569 0.752941 0.752941 0.752941
vn 0.978476 0.202209 0.041175
v 25.047335 10.231822 454.860443 0.752941 0.752941 0.752941
vn 0.172551 -0.906456 0.385440
v 22.526525 4.935461 455.068481 0.752941 0.752941 0.752941
vn -0.046673 -0.905798 0.421131
v 16.101198 4.871986 455.160370 0.752941 0.752941 0.752941
vn 0.125601 0.885368 -0.447602
v 14.277044 15.572082 454.649017 0.752941 0.752941 0.752941
vn -0.462078 0.659578 0.592824
v 13.826928 16.775518 463.726532 0.752941 0.752941 0.752941
vn -0.372613 0.037878 0.927213
v 10.877649 13.208872 463.660492 0.752941 0.752941 0.752941
vn -0.506152 0.615301 0.604329
v -0.472545 16.071850 455.069092 0.752941 0.752941 0.752941
vn -0.078813 -0.907240 0.413164
v 13.430421 5.000328 454.900513 0.752941 0.752941 0.752941
vn -0.823713 -0.510654 -0.246431
v 0.840853 9.977053 455.088837 0.752941 0.752941 0.752941
vn -0.649642 -0.245007 -0.719678
v 0.714826 10.508677 455.022217 0.752941 0.752941 0.752941
vn -0.167554 -0.866352 0.470489
v 14.218118 4.916207 454.714050 0.752941 0.752941 0.752941
vn -0.123985 -0.917945 0.376836
v 13.010654 5.107143 455.081940 0.752941 0.752941 0.752941
vn 0.850902 0.525278 0.007016
v 22.808226 15.266615 455.812103 0.752941 0.752941 0.752941
vn 0.003038 -0.808705 0.588206
v 21.008604 9.629345 463.537292 0.752941 0.752941 0.752941
vn 0.025870 -0.941664 0.335559
v 18.980951 4.728408 454.984894 0.752941 0.752941 0.752941
vn -0.752287 -0.378034 -0.539587
v -1.001497 12.997267 455.244965 0.752941 0.752941 0.752941
vn 0.202005 0.915441 -0.348083
v 10.324415 16.121935 454.857147 0.752941 0.752941 0.752941
vn 0.914161 -0.039210 0.403450
v 23.286854 14.233029 455.000275 0.752941 0.752941 0.752941
vn -0.062897 0.817975 -0.571805
v 20.235678 15.895548 455.359222 0.752941 0.752941 0.752941
vn -0.237909 -0.571782 0.785153
v 12.392896 11.194679 463.765839 0.752941 0.752941 0.752941
vn -0.379755 -0.829571 0.409387
v 6.005358 7.234720 455.661896 0.752941 0.752941 0.752941
vn -0.128684 -0.930773 0.342202
v 10.408372 5.591899 454.925873 0.752941 0.752941 0.752941
vn -0.364758 0.593641 0.717316
v -0.243933 16.035509 455.309021 0.752941 0.752941 0.752941
vn -0.604870 0.514971 0.607403
v -0.975293 15.258780 455.243896 0.752941 0.752941 0.752941
vn -0.369914 -0.810276 0.454551
v 3.855187 8.085414 455.273132 0.752941 0.752941 0.752941
vn -0.506960 0.555742 0.658894
v 13.457866 16.124956 463.922302 0.752941 0.752941 0.752941
vn -0.366135 -0.800317 0.474803
v 3.560459 8.267381 455.355286 0.752941 0.752941 0.752941
vn 0.022732 0.874744 -0.484053
v 16.230963 15.822758 455.577850 0.752941 0.752941 0.752941
vn -0.718027 -0.523432 -0.458756
v -0.063405 11.329470 455.348755 0.752941 0.752941 0.752941
vn -0.513224 -0.771735 0.375534
v 1.865224 9.177376 455.498718 0.752941 0.752941 0.752941
vn 0.011129 -0.927505 0.373645
v 15.452220 5.022802 455.370514 0.752941 0.752941 0.752941
vn -0.105666 -0.931644 0.347669
v 17.003069 4.933480 455.314056 0.752941 0.752941 0.752941
vn 0.150679 0.939532 -0.307531
v 9.143874 16.381742 454.947723 0.752941 0.752941 0.752941
vn 0.975122 0.176655 0.133904
v 25.670511 7.231561 455.378784 0.752941 0.752941 0.752941
vn -0.811712 -0.523903 -0.258164
v 0.475540 10.504735 455.325165 0.752941 0.752941 0.752941
vn -0.634016 -0.715357 0.293749
v 1.351420 9.367818 455.163269 0.752941 0.752941 0.752941
vn -0.338827 -0.491235 0.802424
v 11.321990 11.556471 463.557404 0.752941 0.752941 0.752941
vn -0.597744 -0.660641 0.454152
v 1.416405 9.818076 455.802216 0.752941 0.752941 0.752941
vn -0.327456 -0.513674 0.793039
v 12.072565 11.352449 463.783661 0.752941 0.752941 0.752941
vn -0.407709 -0.806597 0.427989
v 4.030716 8.162305 455.601837 0.752941 0.752941 0.752941
vn 0.022542 0.785195 -0.618838
v 20.741062 15.814674 455.361938 0.752941 0.752941 0.752941
vn -0.247454 -0.665735 0.703963
v 14.809422 10.236178 463.737183 0.752941 0.752941 0.752941
vn -0.473197 -0.825481 0.307677
v 2.253638 8.907078 455.281128 0.752941 0.752941 0.752941
vn -0.074719 -0.745455 0.662355
v 15.502383 10.080889 463.613342 0.752941 0.752941 0.752941
vn -0.837059 0.298656 0.458408
v -1.172864 14.888383 455.288269 0.752941 0.752941 0.752941
vn -0.565200 0.516087 0.643586
v -0.409429 15.661522 455.434143 0.752941 0.752941 0.752941
vn 0.002812 0.787212 -0.616676
v 21.377386 15.983263 455.533875 0.752941 0.752941 0.752941
vn 0.226483 0.860185 -0.456932
v 21.912855 15.839926 455.324768 0.752941 0.752941 0.752941
vn -0.675172 -0.640325 0.366234
v 0.648695 10.289816 455.679626 0.752941 0.752941 0.752941
vn -0.110692 -0.901032 0.419392
v 14.890671 4.864728 455.127716 0.752941 0.752941 0.752941
vn -0.963074 -0.267959 -0.026196
v -1.064510 12.944577 455.524872 0.752941 0.752941 0.752941
vn 0.034703 0.846484 -0.531282
v 17.246370 15.635010 455.400665 0.752941 0.752941 0.752941
vn 0.141279 0.981451 -0.129591
v 6.527118 16.747229 454.674957 0.752941 0.752941 0.752941
vn -0.047952 -0.902534 0.427940
v 13.497189 5.335866 455.516205 0.752941 0.752941 0.752941
vn 0.541634 0.809407 -0.226921
v 22.617775 15.435704 455.308258 0.752941 0.752941 0.752941
vn -0.167688 0.908756 0.382156
v 1.619108 16.785744 455.009003 0.752941 0.752941 0.752941
vn 0.937431 0.147869 0.315210
v 23.030781 14.859721 455.587189 0.752941 0.752941 0.752941
vn 0.903784 0.421987 0.071429
v 24.556841 12.100419 454.898346 0.752941 0.752941 0.752941
vn -0.403844 -0.800704 0.442474
v 2.854876 8.563842 455.358063 0.752941 0.752941 0.752941
vn -0.231993 0.511290 0.827503
v 0.118164 15.963026 455.449097 0.752941 0.752941 0.752941
vn -0.254817 0.786341 0.562792
v 0.910147 16.376469 455.284393 0.752941 0.752941 0.752941
vn -0.428234 0.507099 0.747975
v 0.337218 15.799540 455.592346 0.752941 0.752941 0.752941
vn -0.973415 -0.092577 0.209506
v -1.182312 13.665229 455.589722 0.752941 0.752941 0.752941
vn 0.049807 -0.911301 0.408718
v 17.914444 4.931256 455.659027 0.752941 0.752941 0.752941
vn 0.068282 -0.914964 0.397716
v 20.862082 4.888546 455.426208 0.752941 0.752941 0.752941
vn -0.802307 -0.595833 0.035862
v -0.553210 11.698456 455.835052 0.752941 0.752941 0.752941
vn -0.844345 0.245184 0.476410
v -1.178907 14.580769 455.483978 0.752941 0.752941 0.752941
vn -0.083794 0.806912 -0.584698
v 19.759382 15.650028 455.246582 0.752941 0.752941 0.752941
vn -0.356837 -0.794145 0.491937
v 2.966594 8.794553 455.753174 0.752941 0.752941 0.752941
vn 0.091824 -0.797326 0.596523
v 22.234638 10.008127 463.697662 0.752941 0.752941 0.752941
vn -0.387870 -0.793255 0.469365
v 3.562941 8.482397 455.718842 0.752941 0.752941 0.752941
vn -0.938801 0.158489 0.305832
v -1.176817 14.158309 455.622559 0.752941 0.752941 0.752941
vn -0.737237 0.298290 0.606222
v -0.883924 14.497413 455.785919 0.752941 0.752941 0.752941
vn -0.248308 0.529111 0.811409
v -0.166418 15.716161 455.534180 0.752941 0.752941 0.752941
vn -0.285032 0.581038 0.762333
v 0.155536 15.479169 455.707916 0.752941 0.752941 0.752941
vn -0.269401 -0.589041 0.761875
v 12.219486 10.996157 463.585480 0.752941 0.752941 0.752941
vn -0.107388 0.951877 0.287050
v 3.052653 16.820211 455.429749 0.752941 0.752941 0.752941
vn -0.261205 -0.888920 0.376288
v 6.643095 7.180459 455.862152 0.752941 0.752941 0.752941
vn -0.218527 -0.897612 0.382803
v 14.738145 5.312736 455.834045 0.752941 0.752941 0.752941
vn -0.622779 0.458283 0.634131
v -0.691245 15.174547 455.569519 0.752941 0.752941 0.752941
vn 0.955145 0.179156 0.235797
v 23.070679 13.714691 455.196503 0.752941 0.752941 0.752941
vn -0.060338 -0.929795 0.363098
v 16.172745 5.129112 455.614990 0.752941 0.752941 0.752941
vn -0.417050 0.626635 0.658330
v 12.766082 15.795816 463.796661 0.752941 0.752941 0.752941
vn -0.423600 -0.804481 0.416382
v 5.472604 7.253093 455.088165 0.752941 0.752941 0.752941
vn 0.087867 0.945434 -0.313743
v 11.981109 16.113235 455.425079 0.752941 0.752941 0.752941
vn -0.087945 0.866551 -0.491280
v 20.636583 16.111734 455.703461 0.752941 0.752941 0.752941
vn -0.298144 0.826820 0.476947
v 1.669053 16.283724 455.962830 0.752941 0.752941 0.752941
vn -0.329385 0.579856 0.745166
v -0.274561 15.422873 455.728790 0.752941 0.752941 0.752941
vn 0.783139 0.492068 0.380214
v 23.042044 13.366312 463.275146 0.752941 0.752941 0.752941
vn -0.297613 0.646129 0.702811
v 0.517616 16.092190 455.526154 0.752941 0.752941 0.752941
vn 0.163027 -0.748999 0.642202
v 24.051817 10.293241 463.833160 0.752941 0.752941 0.752941
vn 0.356386 -0.625362 0.694199
v 24.583870 10.390891 463.666534 0.752941 0.752941 0.752941
vn -0.334173 0.904171 0.266090
v 15.915125 17.917032 463.285919 0.752941 0.752941 0.752941
vn -0.337468 0.765273 0.548154
v 1.022376 16.183239 455.607025 0.752941 0.752941 0.752941
vn -0.367246 0.658636 0.656756
v 0.781327 15.991810 455.760986 0.752941 0.752941 0.752941
vn -0.967938 -0.104255 0.228534
v -1.253702 13.834037 455.658722 0.752941 0.752941 0.752941
vn 0.106534 0.932013 -0.346412
v 11.170006 16.324057 455.703888 0.752941 0.752941 0.752941
vn 0.100949 -0.710023 0.696905
v 23.228642 10.218740 463.765717 0.752941 0.752941 0.752941
vn -0.718992 -0.647638 0.252219
v 0.043416 11.026804 455.889282 0.752941 0.752941 0.752941
vn -0.197118 -0.924446 0.326410
v 12.329360 5.297070 455.056061 0.752941 0.752941 0.752941
vn -0.447286 0.576389 0.683895
v 13.066249 16.129467 463.693695 0.752941 0.752941 0.752941
vn 0.988146 0.146803 0.044907
v 25.486315 7.355226 456.520691 0.752941 0.752941 0.752941
vn -0.332366 -0.862583 0.381422
v 9.168368 6.001143 455.308411 0.752941 0.752941 0.752941
vn -0.003592 0.897388 -0.441228
v 17.006203 15.920325 455.744720 0.752941 0.752941 0.752941
vn -0.066589 0.867659 -0.492680
v 18.255770 15.641104 455.423676 0.752941 0.752941 0.752941
vn -0.199299 -0.916447 0.346995
v 11.805578 5.597335 455.681122 0.752941 0.752941 0.752941
vn 0.169339 -0.884852 0.434005
v 22.267420 5.225518 455.767761 0.752941 0.752941 0.752941
vn -0.076784 -0.940132 0.332048
v 15.172509 5.255577 455.984161 0.752941 0.752941 0.752941
vn -0.064708 -0.929461 0.363202
v 17.698275 4.774659 455.240417 0.752941 0.752941 0.752941
vn 0.028516 -0.913507 0.405822
v 19.246387 4.868295 455.597198 0.752941 0.752941 0.752941
vn 0.097680 -0.914779 0.391966
v 19.450453 5.180613 456.152527 0.752941 0.752941 0.752941
vn 0.002980 0.801068 -0.598565
v 21.131208 16.301138 455.825684 0.752941 0.752941 0.752941
vn -0.443697 -0.768013 0.461832
v 2.121097 9.167561 455.754181 0.752941 0.752941 0.752941
vn -0.495802 0.408934 0.766129
v -0.587724 14.787558 456.020996 0.752941 0.752941 0.752941
vn -0.305263 0.548530 0.778415
v -0.083995 15.065287 456.034637 0.752941 0.752941 0.752941
vn -0.346800 -0.782585 0.517001
v 2.562083 8.994289 455.826385 0.752941 0.752941 0.752941
vn -0.367658 -0.822703 0.433575
v 4.908758 7.863320 455.801453 0.752941 0.752941 0.752941
vn -0.506142 -0.685956 0.522766
v 1.821918 9.460540 455.854950 0.752941 0.752941 0.752941
vn -0.886229 -0.433126 -0.164319
v -0.736963 11.977483 455.620361 0.752941 0.752941 0.752941
vn 0.198935 -0.872381 0.446515
v 22.872755 5.272267 455.448212 0.752941 0.752941 0.752941
vn 0.963181 0.268829 -0.003751
v 24.970631 10.403731 455.828247 0.752941 0.752941 0.752941
vn 0.652655 -0.690474 0.311907
v 25.569698 5.793536 455.430054 0.752941 0.752941 0.752941
vn -0.160686 -0.889962 0.426787
v 10.334113 5.878113 455.777588 0.752941 0.752941 0.752941
vn -0.720119 -0.462044 0.517633
v -0.489707 11.697996 456.007202 0.752941 0.752941 0.752941
vn -0.092338 -0.919033 0.383212
v 16.489492 5.241554 456.224335 0.752941 0.752941 0.752941
vn -0.406284 -0.067490 0.911251
v 10.868908 12.641190 463.669769 0.752941 0.752941 0.752941
vn 0.726157 0.680309 -0.099373
v 23.551174 13.355088 455.800415 0.752941 0.752941 0.752941
vn 0.591354 0.746281 -0.305557
v 22.174942 15.958635 455.936005 0.752941 0.752941 0.752941
vn -0.373381 -0.868048 0.327228
v 7.519359 6.847913 455.859039 0.752941 0.752941 0.752941
vn -0.159371 0.855887 -0.491995
v 19.010124 16.203016 456.229797 0.752941 0.752941 0.752941
vn 0.125536 0.940393 -0.316073
v 11.789571 16.365065 456.151642 0.752941 0.752941 0.752941
vn -0.543835 -0.593624 0.593173
v 0.775580 10.531935 456.031311 0.752941 0.752941 0.752941
vn -0.903091 -0.205500 0.377088
v -0.974397 12.871494 455.942169 0.752941 0.752941 0.752941
vn -0.481217 0.646010 0.592538
v 0.940939 15.830900 456.028381 0.752941 0.752941 0.752941
vn -0.223032 -0.641772 0.733747
v 14.417993 10.308288 463.596130 0.752941 0.752941 0.752941
vn -0.401462 -0.711249 0.577021
v 2.526330 9.249767 456.166870 0.752941 0.752941 0.752941
vn -0.244552 -0.634269 0.733415
v 13.505393 10.759605 463.830780 0.752941 0.752941 0.752941
vn -0.800268 0.043999 0.598026
v -0.976270 13.743703 455.936981 0.752941 0.752941 0.752941
vn -0.321741 -0.858126 0.400128
v 6.277006 7.336243 456.153320 0.752941 0.752941 0.752941
vn 0.114417 0.949550 -0.291999
v 9.992639 16.432659 455.840790 0.752941 0.752941 0.752941
vn 0.945761 -0.272507 0.176853
v 25.583841 6.600785 456.649811 0.752941 0.752941 0.752941
vn 0.978809 -0.112172 0.171319
v 25.756069 6.322194 455.866425 0.752941 0.752941 0.752941
vn 0.024185 0.999570 -0.016607
v 7.071631 16.810068 456.445648 0.752941 0.752941 0.752941
vn -0.205800 -0.864993 0.457640
v 9.695107 6.036887 455.928284 0.752941 0.752941 0.752941
vn -0.363988 0.248850 0.897544
v 11.046260 14.224264 463.541260 0.752941 0.752941 0.752941
vn 0.917566 0.298690 0.262407
v 22.703176 14.198147 455.916016 0.752941 0.752941 0.752941
vn -0.170372 -0.662958 0.729013
v 13.937688 10.586681 463.756744 0.752941 0.752941 0.752941
vn -0.377775 -0.800448 0.465370
v 4.406013 8.227719 456.102631 0.752941 0.752941 0.752941
vn -0.709096 -0.044847 0.703684
v -0.822398 13.140643 456.201385 0.752941 0.752941 0.752941
vn -0.399770 -0.802225 0.443417
v 3.351056 8.711531 455.958923 0.752941 0.752941 0.752941
vn -0.641836 0.218911 0.734931
v -0.804896 14.121088 456.133759 0.752941 0.752941 0.752941
vn -0.569288 -0.499594 0.652929
v 0.186430 11.328953 456.262512 0.752941 0.752941 0.752941
vn -0.526674 0.561248 0.638448
v 0.791693 15.576500 456.148468 0.752941 0.752941 0.752941
vn -0.214714 -0.028565 0.976259
v 10.678123 12.883365 463.619843 0.752941 0.752941 0.752941
vn -0.385216 -0.819309 0.424665
v 5.319576 7.575231 455.591492 0.752941 0.752941 0.752941
vn -0.460105 0.616665 0.638771
v 0.396683 15.406075 455.983612 0.752941 0.752941 0.752941
vn -0.007880 -0.907570 0.419826
v 17.490950 5.108098 456.168488 0.752941 0.752941 0.752941
vn -0.086448 -0.913647 0.397211
v 12.734571 5.474024 455.899841 0.752941 0.752941 0.752941
vn 0.176478 -0.885999 0.428791
v 24.171732 5.510988 455.567383 0.752941 0.752941 0.752941
vn -0.236547 -0.871223 0.430135
v 11.771058 5.914457 456.400116 0.752941 0.752941 0.752941
vn 0.948996 0.263491 -0.173147
v 24.768215 11.119798 456.729919 0.752941 0.752941 0.752941
vn 0.048678 0.911949 -0.407406
v 13.902884 15.938478 455.509583 0.752941 0.752941 0.752941
vn 0.098451 0.914660 -0.392053
v 16.111372 16.247107 456.602386 0.752941 0.752941 0.752941
vn -0.040384 0.871649 -0.488463
v 15.320756 15.840429 455.748322 0.752941 0.752941 0.752941
vn -0.009013 0.877202 -0.480037
v 20.064848 16.236082 456.006073 0.752941 0.752941 0.752941
vn -0.021753 0.881135 -0.472365
v 17.890848 16.010492 455.972473 0.752941 0.752941 0.752941
vn 0.234913 0.829764 -0.506268
v 21.634848 16.136114 455.752502 0.752941 0.752941 0.752941
vn -0.122213 0.828387 -0.546661
v 19.576954 15.996810 455.730164 0.752941 0.752941 0.752941
vn -0.351749 -0.811986 0.465780
v 4.717649 8.252350 456.324615 0.752941 0.752941 0.752941
vn -0.416716 -0.795290 0.440296
v 3.910228 8.535257 456.121735 0.752941 0.752941 0.752941
vn -0.378892 0.646490 0.662188
v 1.441718 15.907032 456.445587 0.752941 0.752941 0.752941
vn -0.311376 0.239030 0.919733
v -0.484201 14.373351 456.182495 0.752941 0.752941 0.752941
vn -0.409791 0.346294 0.843891
v -0.047062 14.543070 456.286102 0.752941 0.752941 0.752941
vn -0.569720 -0.621514 0.537718
v 1.698440 9.720795 456.113434 0.752941 0.752941 0.752941
vn -0.379104 0.190797 0.905470
v -0.630198 13.760870 456.284760 0.752941 0.752941 0.752941
vn 0.090979 -0.785074 0.612683
v 18.813118 9.617271 463.480560 0.752941 0.752941 0.752941
vn -0.563787 0.535409 0.628874
v 1.011820 15.640275 456.296417 0.752941 0.752941 0.752941
vn -0.414646 -0.760660 0.499465
v 2.860296 9.048467 456.102783 0.752941 0.752941 0.752941
vn -0.481210 0.552033 0.680953
v 0.603159 15.370943 456.177338 0.752941 0.752941 0.752941
vn -0.542384 -0.624846 0.561593
v 1.396966 10.154317 456.326630 0.752941 0.752941 0.752941
vn -0.603909 -0.641977 0.472397
v 1.551803 9.924186 456.188568 0.752941 0.752941 0.752941
vn 0.036673 -0.881693 0.470396
v 21.150654 5.213113 455.934631 0.752941 0.752941 0.752941
vn 0.060979 -0.900655 0.430234
v 18.161905 5.231517 456.054260 0.752941 0.752941 0.752941
vn -0.203998 -0.851388 0.483242
v 10.710760 6.219602 456.518982 0.752941 0.752941 0.752941
vn 0.074289 0.956924 -0.280675
v 10.237694 16.598488 456.325256 0.752941 0.752941 0.752941
vn -0.181489 -0.897363 0.402246
v 12.206331 5.842620 456.588226 0.752941 0.752941 0.752941
vn 0.945602 0.324358 0.025060
v 24.549009 11.662212 456.313416 0.752941 0.752941 0.752941
vn -0.018483 0.876763 -0.480568
v 15.809484 16.044634 455.909424 0.752941 0.752941 0.752941
vn 0.477850 0.859168 -0.183002
v 19.759260 18.984465 463.313934 0.752941 0.752941 0.752941
vn -0.600013 -0.610462 0.517031
v 1.227323 10.372069 456.373505 0.752941 0.752941 0.752941
vn -0.436795 -0.802920 0.405623
v 5.880787 7.741216 456.385651 0.752941 0.752941 0.752941
vn -0.602955 -0.612241 0.511475
v 0.361935 10.804262 456.008881 0.752941 0.752941 0.752941
vn -0.401877 0.252829 0.880098
v -0.356105 14.047024 456.295929 0.752941 0.752941 0.752941
vn -0.363366 0.914001 0.180464
v 17.642584 18.479364 463.834167 0.752941 0.752941 0.752941
vn -0.384284 -0.795172 0.469072
v 4.369197 8.472340 456.463348 0.752941 0.752941 0.752941
vn -0.474616 0.141988 0.868665
v 10.270417 13.303831 463.570313 0.752941 0.752941 0.752941
vn -0.531588 -0.112354 0.839518
v 10.266179 12.921915 463.529816 0.752941 0.752941 0.752941
vn -0.401438 0.859405 0.316654
v 16.715643 18.099806 463.918213 0.752941 0.752941 0.752941
vn -0.400356 0.791845 0.461190
v 15.021142 17.367661 463.797974 0.752941 0.752941 0.752941
vn -0.561025 -0.399502 0.725017
v -0.134954 11.809644 456.359436 0.752941 0.752941 0.752941
vn -0.711170 -0.269942 0.649129
v -0.623912 12.385839 456.257935 0.752941 0.752941 0.752941
vn -0.667443 0.047596 0.743139
v -0.822788 13.579171 456.200531 0.752941 0.752941 0.752941
vn -0.532323 0.504158 0.680042
v 0.881050 15.244539 456.475372 0.752941 0.752941 0.752941
vn -0.491766 0.634580 0.596217
v 13.412413 16.628906 463.516083 0.752941 0.752941 0.752941
vn -0.312361 0.190575 0.930651
v 10.657162 13.574365 463.533112 0.752941 0.752941 0.752941
vn -0.435421 0.505205 0.745102
v 0.201019 15.044984 456.185608 0.752941 0.752941 0.752941
vn -0.269313 -0.838679 0.473379
v 8.393030 6.595924 456.176575 0.752941 0.752941 0.752941
vn -0.001061 -0.926110 0.377251
v 15.802539 5.395694 456.462524 0.752941 0.752941 0.752941
vn -0.127206 -0.915824 0.380900
v 12.333859 5.644280 456.189972 0.752941 0.752941 0.752941
vn -0.256286 0.807174 0.531778
v 2.789920 16.178276 456.643524 0.752941 0.752941 0.752941
vn 0.869832 0.481995 -0.105229
v 24.239393 12.515681 456.417877 0.752941 0.752941 0.752941
vn -0.156348 0.928262 0.337469
v 3.701006 16.688343 456.022949 0.752941 0.752941 0.752941
vn -0.008618 0.916700 -0.399483
v 13.254871 16.268347 456.286194 0.752941 0.752941 0.752941
vn 0.055695 0.908196 -0.414823
v 13.661622 16.585810 456.880829 0.752941 0.752941 0.752941
vn -0.068785 -0.676384 0.733331
v 15.900445 9.701642 463.287933 0.752941 0.752941 0.752941
vn 0.080506 -0.880579 0.467010
v 20.015894 5.195681 455.902588 0.752941 0.752941 0.752941
vn -0.397367 -0.281323 0.873474
v 10.450659 12.066176 463.387848 0.752941 0.752941 0.752941
vn -0.574610 -0.195519 0.794729
v 0.007121 12.175397 456.612518 0.752941 0.752941 0.752941
vn -0.236860 -0.610221 0.755995
v 12.713248 10.909949 463.646484 0.752941 0.752941 0.752941
vn -0.601011 -0.506336 0.618393
v 0.484497 11.375449 456.581543 0.752941 0.752941 0.752941
vn -0.330111 -0.846320 0.418053
v 7.233282 7.152806 456.411011 0.752941 0.752941 0.752941
vn -0.393121 -0.310543 0.865459
v 10.883618 11.851924 463.541656 0.752941 0.752941 0.752941
vn -0.520272 -0.026811 0.853580
v -0.222081 12.877513 456.545258 0.752941 0.752941 0.752941
vn -0.393083 -0.825931 0.404134
v 5.403360 7.958729 456.421112 0.752941 0.752941 0.752941
vn -0.249194 -0.825642 0.506180
v 9.336747 6.436701 456.320251 0.752941 0.752941 0.752941
vn -0.536202 -0.091052 0.839164
v -0.545809 12.627829 456.364960 0.752941 0.752941 0.752941
vn -0.406975 -0.791571 0.455837
v 3.255699 8.994876 456.355835 0.752941 0.752941 0.752941
vn -0.215579 0.852329 0.476509
v 2.266966 16.309490 456.282562 0.752941 0.752941 0.752941
vn -0.477737 -0.699619 0.531320
v 3.008898 9.189752 456.481323 0.752941 0.752941 0.752941
vn -0.306428 -0.115400 0.944873
v 10.699822 12.608278 463.607056 0.752941 0.752941 0.752941
vn -0.110934 -0.917940 0.380892
v 15.195724 5.373947 456.515503 0.752941 0.752941 0.752941
vn -0.254111 -0.815884 0.519385
v 8.825193 6.799166 456.591858 0.752941 0.752941 0.752941
vn 0.143832 0.916164 -0.374108
v 14.387387 15.794622 455.480225 0.752941 0.752941 0.752941
vn 0.897209 -0.108381 0.428101
v 22.322197 14.965492 456.860046 0.752941 0.752941 0.752941
vn -0.003061 -0.838962 0.544182
v 19.485508 9.716143 463.652222 0.752941 0.752941 0.752941
vn -0.014335 0.922971 -0.384602
v 16.928564 16.093927 456.326874 0.752941 0.752941 0.752941
vn -0.041590 -0.804928 0.591913
v 18.254128 9.732877 463.802277 0.752941 0.752941 0.752941
vn -0.276379 -0.867583 0.413419
v 7.801047 6.865100 456.374115 0.752941 0.752941 0.752941
vn -0.046295 0.874595 -0.482640
v 21.224140 16.563787 456.373627 0.752941 0.752941 0.752941
vn 0.076163 -0.735919 0.672773
v 22.257187 9.638905 463.232971 0.752941 0.752941 0.752941
vn -0.470723 -0.738595 0.482594
v 3.534600 9.160235 456.902039 0.752941 0.752941 0.752941
vn -0.260525 0.749649 0.608402
v 1.956644 16.073093 456.458466 0.752941 0.752941 0.752941
vn -0.512467 0.118065 0.850552
v -0.182952 13.365827 456.569550 0.752941 0.752941 0.752941
vn -0.499702 0.456978 0.735846
v 0.487842 14.844809 456.483337 0.752941 0.752941 0.752941
vn -0.456373 -0.716026 0.528234
v 3.273475 9.108426 456.572540 0.752941 0.752941 0.752941
vn -0.407100 -0.794584 0.450451
v 3.801108 8.707203 456.356018 0.752941 0.752941 0.752941
vn -0.510256 -0.583989 0.631345
v 1.996775 10.068112 456.631592 0.752941 0.752941 0.752941
vn 0.019556 0.999432 0.027461
v 6.184599 16.817146 456.126068 0.752941 0.752941 0.752941
vn -0.048081 0.913203 -0.404658
v 18.047520 16.284681 456.687256 0.752941 0.752941 0.752941
vn -0.027878 -0.912319 0.408530
v 12.694105 5.818966 456.505768 0.752941 0.752941 0.752941
vn -0.204786 -0.889130 0.409281
v 14.728820 5.643044 456.681885 0.752941 0.752941 0.752941
vn -0.067710 0.872303 -0.484254
v 15.091226 16.200453 456.430145 0.752941 0.752941 0.752941
vn -0.081829 -0.889590 0.449370
v 16.839415 5.485616 456.601715 0.752941 0.752941 0.752941
vn -0.037126 0.906228 -0.421155
v 20.460146 16.388788 456.455963 0.752941 0.752941 0.752941
vn 0.591683 0.719595 -0.363449
v 22.018749 16.488161 456.607269 0.752941 0.752941 0.752941
vn -0.466436 -0.671463 0.575825
v 2.876399 9.441264 456.605957 0.752941 0.752941 0.752941
vn -0.374883 -0.804513 0.460676
v 5.922285 7.882916 456.806854 0.752941 0.752941 0.752941
vn -0.357470 0.494361 0.792352
v 1.871169 15.647470 456.774017 0.752941 0.752941 0.752941
vn -0.498774 0.548057 0.671460
v 12.061647 15.656012 463.605316 0.752941 0.752941 0.752941
vn -0.621487 0.446482 0.643745
v 11.841679 15.428063 463.586975 0.752941 0.752941 0.752941
vn -0.146201 -0.872058 0.467055
v 9.993483 6.432090 456.553467 0.752941 0.752941 0.752941
vn -0.340791 -0.818692 0.462174
v 6.448909 7.560566 456.716461 0.752941 0.752941 0.752941
vn -0.420695 -0.796667 0.433979
v 7.544214 7.032907 456.483429 0.752941 0.752941 0.752941
vn -0.154153 -0.856773 0.492115
v 8.333792 6.956424 456.628357 0.752941 0.752941 0.752941
vn -0.583204 -0.581566 0.567145
v 0.868297 10.841895 456.434998 0.752941 0.752941 0.752941
vn -0.602435 0.394549 0.693833
v 0.745314 14.654308 456.795715 0.752941 0.752941 0.752941
vn -0.321454 0.641760 0.696284
v 2.081040 15.864211 456.705383 0.752941 0.752941 0.752941
vn -0.342745 0.574679 0.743149
v 12.673788 15.964067 463.558533 0.752941 0.752941 0.752941
vn -0.089341 0.887053 -0.452940
v 19.619387 16.558046 456.451019 0.752941 0.752941 0.752941
vn 0.027207 0.932577 -0.359945
v 12.840294 16.631781 457.150818 0.752941 0.752941 0.752941
vn 0.039228 -0.923627 0.381279
v 21.351196 5.631089 456.694885 0.752941 0.752941 0.752941
vn -0.527680 0.367915 0.765632
v 11.513646 15.051722 463.504333 0.752941 0.752941 0.752941
vn 0.136936 -0.932391 0.334509
v 20.239614 5.719167 457.042725 0.752941 0.752941 0.752941
vn -0.172220 -0.657812 0.733229
v 14.758902 9.944286 463.498291 0.752941 0.752941 0.752941
vn -0.395574 0.565039 0.724053
v 1.345145 15.242393 456.866821 0.752941 0.752941 0.752941
vn 0.172854 -0.904928 0.388878
v 23.974707 6.129634 457.002502 0.752941 0.752941 0.752941
vn -0.008921 -0.818454 0.574502
v 20.159462 9.836284 463.736633 0.752941 0.752941 0.752941
vn 0.989741 0.142847 -0.002721
v 25.449654 8.037736 457.130646 0.752941 0.752941 0.752941
vn 0.060330 0.852539 -0.519171
v 21.569132 16.876024 456.776642 0.752941 0.752941 0.752941
vn -0.070907 -0.777863 0.624421
v 17.020735 9.650287 463.424744 0.752941 0.752941 0.752941
vn -0.412043 -0.188826 0.891384
v 10.395618 12.475865 463.480194 0.752941 0.752941 0.752941
vn 0.192270 -0.728649 0.657345
v 21.615879 9.743704 463.473755 0.752941 0.752941 0.752941
vn -0.407225 -0.788796 0.460400
v 4.084557 8.703139 456.614502 0.752941 0.752941 0.752941
vn -0.614543 -0.387339 0.687245
v 0.278483 11.773284 456.665405 0.752941 0.752941 0.752941
vn 0.033501 -0.737590 0.674417
v 22.814808 9.814353 463.377106 0.752941 0.752941 0.752941
vn -0.425548 -0.817377 0.388336
v 4.788762 8.468398 456.795258 0.752941 0.752941 0.752941
vn -0.458289 -0.617132 0.639624
v 1.548951 10.431862 456.668732 0.752941 0.752941 0.752941
vn -0.511409 -0.603647 0.611614
v 1.279397 10.594277 456.662140 0.752941 0.752941 0.752941
vn 0.899917 0.377273 0.218664
v 21.565302 16.142326 463.817932 0.752941 0.752941 0.752941
vn -0.306852 -0.797328 0.519722
v 7.840084 7.125279 456.865570 0.752941 0.752941 0.752941
vn -0.572302 -0.535454 0.621096
v 0.989935 11.068980 456.845520 0.752941 0.752941 0.752941
vn -0.269450 0.510932 0.816300
v 1.615360 15.487748 456.767883 0.752941 0.752941 0.752941
vn 0.903206 0.284896 0.321019
v 25.321131 10.589152 463.246460 0.752941 0.752941 0.752941
vn -0.211028 -0.889029 0.406319
v 9.604969 6.489521 456.644531 0.752941 0.752941 0.752941
vn -0.547082 0.298845 0.781916
v 0.134681 14.151017 456.598755 0.752941 0.752941 0.752941
vn -0.635398 -0.050111 0.770557
v 10.008061 12.714503 463.259003 0.752941 0.752941 0.752941
vn 0.946480 0.010673 0.322587
v 22.676542 15.296269 456.478668 0.752941 0.752941 0.752941
vn 0.024251 0.911687 -0.410169
v 15.328632 16.476028 456.814392 0.752941 0.752941 0.752941
vn 0.010888 -0.922248 0.386445
v 15.995407 5.621277 456.856995 0.752941 0.752941 0.752941
vn 0.985595 0.168447 -0.015079
v 25.312885 9.107162 455.933075 0.752941 0.752941 0.752941
vn 0.079900 -0.909161 0.408708
v 18.108183 5.466331 456.807526 0.752941 0.752941 0.752941
vn -0.029805 -0.888234 0.458424
v 19.081497 5.378619 456.618866 0.752941 0.752941 0.752941
vn 0.068428 0.876375 -0.476744
v 14.397078 16.391325 456.776276 0.752941 0.752941 0.752941
vn 0.004956 0.895881 -0.444266
v 14.996899 16.631029 457.167175 0.752941 0.752941 0.752941
vn -0.233485 -0.835020 0.498223
v 7.036445 7.309341 456.608490 0.752941 0.752941 0.752941
vn -0.328490 -0.774332 0.540837
v 7.404378 7.353211 456.763702 0.752941 0.752941 0.752941
vn -0.383114 -0.783986 0.488456
v 9.294735 6.775264 456.843933 0.752941 0.752941 0.752941
vn -0.486467 -0.682061 0.546024
v 2.942305 9.827751 457.182861 0.752941 0.752941 0.752941
vn -0.225787 -0.867751 0.442751
v 11.207734 6.287183 456.821899 0.752941 0.752941 0.752941
vn -0.376650 -0.829150 0.413092
v 5.396640 8.205808 456.933838 0.752941 0.752941 0.752941
vn -0.120501 -0.878405 0.462476
v 10.029359 6.631244 456.959747 0.752941 0.752941 0.752941
vn -0.421340 0.803339 0.420855
v 13.740935 17.069044 463.291534 0.752941 0.752941 0.752941
vn -0.427612 0.500051 0.753058
v 1.962095 15.394297 456.955048 0.752941 0.752941 0.752941
vn -0.748238 0.043333 0.662014
v 10.051283 12.978433 463.285919 0.752941 0.752941 0.752941
vn -0.497650 0.592886 0.633112
v 2.288186 15.470950 457.120911 0.752941 0.752941 0.752941
vn -0.212128 -0.852818 0.477182
v 11.768588 6.283546 457.175079 0.752941 0.752941 0.752941
vn -0.035392 -0.780955 0.623584
v 17.304609 9.738837 463.525787 0.752941 0.752941 0.752941
vn 0.015384 -0.914243 0.404874
v 17.579645 5.322634 456.576965 0.752941 0.752941 0.752941
vn -0.158977 0.897169 -0.412085
v 20.994991 16.825493 457.054260 0.752941 0.752941 0.752941
vn -0.314753 -0.787587 0.529752
v 6.532923 7.756643 457.032654 0.752941 0.752941 0.752941
vn -0.203880 -0.844494 0.495241
v 8.170404 7.187424 457.101349 0.752941 0.752941 0.752941
vn -0.405895 -0.787420 0.463918
v 3.992369 8.994007 456.993713 0.752941 0.752941 0.752941
vn -0.245645 -0.832943 0.495847
v 9.617406 6.681400 457.039154 0.752941 0.752941 0.752941
vn -0.499353 -0.639489 0.584551
v 2.259879 9.929673 456.793427 0.752941 0.752941 0.752941
vn -0.541858 -0.457549 0.705009
v 0.964155 11.447831 457.117889 0.752941 0.752941 0.752941
vn -0.617810 -0.013080 0.786218
v 0.414636 12.819485 457.004822 0.752941 0.752941 0.752941
vn -0.617179 -0.382674 0.687496
v 0.733131 11.725423 457.086853 0.752941 0.752941 0.752941
vn -0.522067 -0.712477 0.468853
v 4.602921 8.739431 457.143921 0.752941 0.752941 0.752941
vn -0.280825 0.351241 0.893178
v 10.714968 14.574004 463.382874 0.752941 0.752941 0.752941
vn -0.743171 0.245234 0.622541
v 0.939981 14.446535 457.046387 0.752941 0.752941 0.752941
vn 0.106766 -0.771586 0.627101
v 21.926336 9.847077 463.546234 0.752941 0.752941 0.752941
vn -0.252330 -0.824164 0.507034
v 9.049435 6.937083 456.965485 0.752941 0.752941 0.752941
vn -0.225090 -0.835647 0.501027
v 7.090378 7.550822 456.937347 0.752941 0.752941 0.752941
vn -0.509748 -0.531219 0.676730
v 1.265074 11.199358 457.133118 0.752941 0.752941 0.752941
vn -0.295663 0.350839 0.888535
v 11.166610 14.875401 463.347687 0.752941 0.752941 0.752941
vn 0.097548 -0.880034 0.464785
v 18.188660 5.781116 457.306274 0.752941 0.752941 0.752941
vn 0.056464 -0.905966 0.419568
v 19.756113 5.537138 456.989868 0.752941 0.752941 0.752941
vn -0.129251 -0.863452 0.487590
v 12.569818 6.003220 457.054596 0.752941 0.752941 0.752941
vn -0.070886 -0.873362 0.481886
v 19.316244 5.665801 457.042480 0.752941 0.752941 0.752941
vn -0.096363 -0.914075 0.393929
v 13.914594 5.766674 456.664490 0.752941 0.752941 0.752941
vn 0.107962 0.950665 -0.290826
v 11.164018 16.685696 456.841431 0.752941 0.752941 0.752941
vn -0.308638 0.792448 0.526088
v 3.627674 16.073626 457.432983 0.752941 0.752941 0.752941
vn 0.929182 0.311031 -0.199703
v 24.912291 11.778713 457.489899 0.752941 0.752941 0.752941
vn -0.060229 -0.878172 0.474538
v 15.399739 5.692674 457.099884 0.752941 0.752941 0.752941
vn 0.023060 -0.769756 0.637922
v 18.382141 9.517467 463.482086 0.752941 0.752941 0.752941
vn -0.057919 -0.760448 0.646811
v 16.700003 9.524195 463.181915 0.752941 0.752941 0.752941
vn -0.336236 -0.565270 0.753270
v 14.538788 10.004499 463.434540 0.752941 0.752941 0.752941
vn -0.473151 -0.604140 0.641205
v 1.656107 10.774412 457.075256 0.752941 0.752941 0.752941
vn -0.360729 0.591549 0.721071
v 1.820043 15.114175 457.071106 0.752941 0.752941 0.752941
vn -0.632430 -0.175976 0.754363
v 0.550069 12.187427 457.094299 0.752941 0.752941 0.752941
vn -0.693573 0.322897 0.643967
v 0.801027 14.083663 457.045776 0.752941 0.752941 0.752941
vn -0.494512 -0.559440 0.665196
v 1.459969 10.920319 457.065613 0.752941 0.752941 0.752941
vn -0.568921 0.577848 0.585167
v 2.053433 15.227494 457.168427 0.752941 0.752941 0.752941
vn 0.042738 -0.807331 0.588549
v 19.812807 9.526661 463.401093 0.752941 0.752941 0.752941
vn -0.441875 -0.757827 0.480046
v 4.406174 8.730608 456.910645 0.752941 0.752941 0.752941
vn -0.348431 0.531283 0.772227
v 12.767097 16.153736 463.497009 0.752941 0.752941 0.752941
vn -0.545350 -0.672154 0.500801
v 3.376122 9.467564 457.107452 0.752941 0.752941 0.752941
vn -0.379972 -0.755757 0.533341
v 6.290829 8.083736 457.280823 0.752941 0.752941 0.752941
vn -0.381480 0.590458 0.711219
v 12.258731 16.012661 463.423462 0.752941 0.752941 0.752941
vn -0.140621 -0.868022 0.476197
v 13.346602 6.104072 457.377899 0.752941 0.752941 0.752941
vn -0.147232 -0.917227 0.370159
v 14.612015 6.028032 457.445953 0.752941 0.752941 0.752941
vn 0.098203 -0.867746 0.487209
v 22.469357 6.119271 457.572113 0.752941 0.752941 0.752941
vn 0.985777 0.168003 -0.004313
v 25.211046 9.469755 456.584198 0.752941 0.752941 0.752941
vn -0.235519 -0.688238 0.686192
v 13.608553 10.375817 463.526184 0.752941 0.752941 0.752941
vn -0.047569 0.901290 -0.430596
v 19.947380 16.838192 457.311584 0.752941 0.752941 0.752941
vn 0.826422 0.556256 -0.087209
v 24.676313 12.246452 457.643280 0.752941 0.752941 0.752941
vn 0.136498 -0.896354 0.421802
v 22.492840 5.857425 457.131714 0.752941 0.752941 0.752941
vn 0.405251 -0.841753 0.356685
v 25.305698 6.344178 456.844635 0.752941 0.752941 0.752941
vn -0.211379 -0.853442 0.476399
v 10.501633 6.597085 457.100708 0.752941 0.752941 0.752941
vn -0.255430 -0.854266 0.452754
v 10.818912 6.713924 457.439880 0.752941 0.752941 0.752941
vn -0.291262 -0.822112 0.489181
v 8.388645 7.265939 457.322845 0.752941 0.752941 0.752941
vn -0.533735 -0.593039 0.602853
v 1.991126 10.527659 457.112274 0.752941 0.752941 0.752941
vn -0.728110 0.185887 0.659774
v 0.788025 13.715584 457.221710 0.752941 0.752941 0.752941
vn -0.675142 -0.047617 0.736150
v 0.701682 12.574300 457.254242 0.752941 0.752941 0.752941
vn -0.184493 -0.679885 0.709732
v 13.948755 10.158565 463.427582 0.752941 0.752941 0.752941
vn -0.597863 0.104442 0.794765
v 0.464032 13.496203 456.996155 0.752941 0.752941 0.752941
vn -0.003752 -0.714362 0.699766
v 16.349892 9.287568 462.947357 0.752941 0.752941 0.752941
vn -0.488764 0.411507 0.769267
v 10.649594 14.843380 463.209381 0.752941 0.752941 0.752941
vn -0.499082 0.444597 0.743808
v 1.131774 14.777696 457.168274 0.752941 0.752941 0.752941
vn -0.271172 -0.846681 0.457818
v 7.386009 7.584974 457.181152 0.752941 0.752941 0.752941
vn -0.614075 0.349948 0.707424
v 1.128358 14.428734 457.334106 0.752941 0.752941 0.752941
vn -0.160398 0.893264 -0.419943
v 18.952122 16.473753 456.867706 0.752941 0.752941 0.752941
vn 0.727671 0.678180 -0.102797
v 23.471367 13.641632 457.528290 0.752941 0.752941 0.752941
vn 0.883317 0.455220 0.111922
v 22.415251 14.508843 456.720673 0.752941 0.752941 0.752941
vn -0.019004 -0.864259 0.502688
v 15.487994 6.001033 457.541870 0.752941 0.752941 0.752941
vn -0.637001 0.244817 0.730955
v 10.165849 13.562115 463.340607 0.752941 0.752941 0.752941
vn 0.041806 0.987478 -0.152116
v 8.857236 16.770687 456.386871 0.752941 0.752941 0.752941
vn -0.048790 -0.892869 0.447666
v 16.495689 5.709114 457.215088 0.752941 0.752941 0.752941
vn -0.008339 -0.896910 0.442135
v 17.591494 5.632225 457.291016 0.752941 0.752941 0.752941
vn 0.261565 0.938707 -0.224529
v 21.744143 17.032970 457.166046 0.752941 0.752941 0.752941
vn 0.719281 -0.606816 0.338243
v 25.419506 6.667189 457.530792 0.752941 0.752941 0.752941
vn 0.982317 0.141423 -0.122689
v 25.231991 9.804232 457.397980 0.752941 0.752941 0.752941
vn -0.334815 0.898394 0.284230
v 14.655990 17.618071 462.885742 0.752941 0.752941 0.752941
vn 0.184445 -0.781219 0.596387
v 23.634542 9.933187 463.405396 0.752941 0.752941 0.752941
vn -0.416433 0.690199 0.591785
v 2.831684 15.872166 457.179840 0.752941 0.752941 0.752941
vn 0.102108 -0.715668 0.690937
v 23.281216 9.832972 463.465698 0.752941 0.752941 0.752941
vn -0.432155 0.673397 0.599815
v 13.226543 16.637672 463.324371 0.752941 0.752941 0.752941
vn -0.377257 0.646667 0.662947
v 12.813273 16.450829 463.261993 0.752941 0.752941 0.752941
vn -0.508011 0.520401 0.686373
v 2.032886 14.923281 457.435852 0.752941 0.752941 0.752941
vn -0.338049 -0.829676 0.444254
v 11.296624 6.441908 457.211884 0.752941 0.752941 0.752941
vn -0.012294 -0.828455 0.559921
v 21.194099 9.370212 463.228088 0.752941 0.752941 0.752941
vn -0.289852 -0.792373 0.536778
v 5.702620 8.291922 457.241241 0.752941 0.752941 0.752941
vn -0.164349 -0.842136 0.513610
v 12.022408 6.537918 457.589020 0.752941 0.752941 0.752941
vn -0.408609 -0.800807 0.437889
v 5.105855 8.400727 457.121765 0.752941 0.752941 0.752941
vn -0.464592 -0.688045 0.557447
v 4.818999 8.897110 457.530304 0.752941 0.752941 0.752941
vn -0.264048 -0.822103 0.504406
v 11.478160 6.493959 457.503998 0.752941 0.752941 0.752941
vn -0.337094 -0.768682 0.543595
v 7.815119 7.432279 457.212341 0.752941 0.752941 0.752941
vn -0.543586 0.573018 0.613323
v 2.238641 15.218927 457.420837 0.752941 0.752941 0.752941
vn -0.179973 -0.885457 0.428457
v 8.684784 7.106546 457.085358 0.752941 0.752941 0.752941
vn -0.319848 -0.557760 0.765899
v 11.718507 11.002079 463.312805 0.752941 0.752941 0.752941
vn -0.533224 -0.624137 0.571073
v 2.546896 10.172327 457.271027 0.752941 0.752941 0.752941
vn -0.306613 0.564159 0.766625
v 1.609426 14.858161 457.236359 0.752941 0.752941 0.752941
vn -0.693305 0.025762 0.720184
v 0.873706 12.994905 457.488770 0.752941 0.752941 0.752941
vn -0.491293 0.623086 0.608601
v 2.630453 15.598902 457.330200 0.752941 0.752941 0.752941
vn -0.548283 -0.464706 0.695294
v 1.440435 11.395720 457.428345 0.752941 0.752941 0.752941
vn -0.274992 -0.837958 0.471387
v 9.208355 7.108232 457.289978 0.752941 0.752941 0.752941
vn -0.311737 -0.807624 0.500563
v 9.585369 7.056871 457.519592 0.752941 0.752941 0.752941
vn 0.905123 0.425121 -0.004978
v 22.466000 16.066462 456.956787 0.752941 0.752941 0.752941
vn 0.038293 0.920654 -0.388498
v 14.507143 16.792421 457.448212 0.752941 0.752941 0.752941
vn -0.110152 0.971512 0.209834
v 5.921190 16.722582 457.128174 0.752941 0.752941 0.752941
vn -0.010848 0.887342 -0.460983
v 16.678705 16.573891 457.213501 0.752941 0.752941 0.752941
vn 0.987870 -0.105758 0.113698
v 25.580183 6.916243 457.260010 0.752941 0.752941 0.752941
vn 0.086855 -0.895841 0.435804
v 21.287010 5.862966 457.488953 0.752941 0.752941 0.752941
vn -0.216505 -0.809569 0.545640
v 11.530416 6.595312 457.671112 0.752941 0.752941 0.752941
vn -0.267148 -0.805884 0.528378
v 12.286336 6.302385 457.333557 0.752941 0.752941 0.752941
vn -0.446711 -0.710853 0.543265
v 3.732620 9.336908 457.384155 0.752941 0.752941 0.752941
vn -0.465914 0.257999 0.846381
v 10.519395 14.282090 463.402313 0.752941 0.752941 0.752941
vn -0.583332 0.281748 0.761802
v 1.027472 14.154311 457.389221 0.752941 0.752941 0.752941
vn -0.272723 -0.649541 0.709732
v 13.089025 10.499857 463.432220 0.752941 0.752941 0.752941
vn -0.049631 -0.866707 0.496342
v 15.941379 5.992409 457.619385 0.752941 0.752941 0.752941
vn -0.213756 -0.651443 0.727963
v 12.586044 10.626993 463.374542 0.752941 0.752941 0.752941
vn -0.358792 -0.777851 0.515961
v 5.829732 8.366536 457.436127 0.752941 0.752941 0.752941
vn -0.598652 -0.254515 0.759499
v 1.159695 11.893828 457.457977 0.752941 0.752941 0.752941
vn -0.483973 -0.640043 0.596753
v 3.451061 9.685972 457.529999 0.752941 0.752941 0.752941
vn -0.009905 -0.833106 0.553024
v 20.266670 9.565431 463.414764 0.752941 0.752941 0.752941
vn -0.197107 -0.761128 0.617926
v 17.933788 9.518854 463.314117 0.752941 0.752941 0.752941
vn 0.224642 -0.719542 0.657111
v 21.380980 9.597356 463.445892 0.752941 0.752941 0.752941
vn -0.043338 -0.878949 0.474942
v 16.064560 5.753282 457.301544 0.752941 0.752941 0.752941
vn -0.318045 -0.763457 0.562122
v 5.192416 8.611303 457.514893 0.752941 0.752941 0.752941
vn -0.589376 0.156941 0.792468
v 0.950605 13.674156 457.447845 0.752941 0.752941 0.752941
vn -0.280143 -0.739857 0.611663
v 13.755570 10.085756 463.217194 0.752941 0.752941 0.752941
vn -0.542827 -0.116347 0.831746
v 1.048266 12.537327 457.564117 0.752941 0.752941 0.752941
vn -0.079437 0.995007 0.060430
v 7.200608 16.751177 457.497284 0.752941 0.752941 0.752941
vn -0.142874 0.983126 0.114239
v 8.089150 16.882923 458.045288 0.752941 0.752941 0.752941
vn -0.033183 0.885188 -0.464048
v 19.422436 17.062128 457.659119 0.752941 0.752941 0.752941
vn 0.917942 0.358737 0.169378
v 22.165154 16.546804 457.799255 0.752941 0.752941 0.752941
vn 0.884532 -0.074300 0.460524
v 21.846472 15.628407 457.904602 0.752941 0.752941 0.752941
vn 0.029719 0.900177 -0.434508
v 20.925776 17.374802 458.080292 0.752941 0.752941 0.752941
vn 0.005741 0.974591 -0.223919
v 11.510226 16.957798 457.968994 0.752941 0.752941 0.752941
vn -0.235441 0.890043 0.390372
v 4.387939 16.418238 457.166229 0.752941 0.752941 0.752941
vn -0.090137 -0.871584 0.481888
v 17.107658 5.980755 457.702698 0.752941 0.752941 0.752941
vn -0.540293 -0.549678 0.637133
v 1.842232 11.055636 457.494446 0.752941 0.752941 0.752941
vn 0.140627 -0.717872 0.681824
v 21.792702 9.557702 463.219543 0.752941 0.752941 0.752941
vn -0.337118 0.373357 0.864266
v 1.527027 14.476583 457.425415 0.752941 0.752941 0.752941
vn -0.316495 -0.806314 0.499689
v 6.845545 7.932323 457.593750 0.752941 0.752941 0.752941
vn -0.387576 -0.675964 0.626783
v 4.327492 9.386110 457.756500 0.752941 0.752941 0.752941
vn -0.493342 -0.591814 0.637471
v 2.689163 10.389326 457.672882 0.752941 0.752941 0.752941
vn -0.459439 0.536398 0.707950
v 2.633602 15.341904 457.561371 0.752941 0.752941 0.752941
vn -0.340055 -0.776803 0.530037
v 5.353947 8.878069 457.926422 0.752941 0.752941 0.752941
vn -0.446038 0.198701 0.872679
v 1.459536 13.695581 457.655151 0.752941 0.752941 0.752941
vn -0.432218 0.058780 0.899852
v 1.064771 13.027475 457.606323 0.752941 0.752941 0.752941
vn 0.035259 -0.895479 0.443706
v 20.028452 5.850567 457.688049 0.752941 0.752941 0.752941
vn 0.993903 0.000887 0.110255
v 25.517872 7.532343 457.976746 0.752941 0.752941 0.752941
vn 0.067769 0.913965 -0.400094
v 15.388820 16.757095 457.635712 0.752941 0.752941 0.752941
vn 0.172007 0.952491 -0.251345
v 21.381521 17.071690 457.590332 0.752941 0.752941 0.752941
vn 0.872547 0.482655 0.075532
v 22.081282 14.993698 457.625732 0.752941 0.752941 0.752941
vn -0.014001 0.995110 -0.097775
v 10.113793 16.934601 457.898804 0.752941 0.752941 0.752941
vn -0.339220 0.423500 0.839986
v 10.999796 15.165885 463.222504 0.752941 0.752941 0.752941
vn -0.417904 -0.632377 0.652270
v 3.933175 9.577563 457.720062 0.752941 0.752941 0.752941
vn -0.243759 -0.817024 0.522545
v 7.402909 7.819789 457.598114 0.752941 0.752941 0.752941
vn -0.308133 -0.802370 0.511133
v 5.632362 8.711022 457.772095 0.752941 0.752941 0.752941
vn 0.537464 -0.459132 0.707341
v 25.294947 10.250144 463.413574 0.752941 0.752941 0.752941
vn -0.426075 -0.608166 0.669772
v 3.539290 9.924075 457.780121 0.752941 0.752941 0.752941
vn -0.542151 -0.539425 0.644277
v 2.311073 10.751187 457.677551 0.752941 0.752941 0.752941
vn -0.344888 0.938593 -0.009769
v 18.373350 18.809525 463.323883 0.752941 0.752941 0.752941
vn -0.170522 -0.847742 0.502251
v 10.154943 6.903784 457.482513 0.752941 0.752941 0.752941
vn -0.609117 -0.052880 0.791316
v 1.464868 12.285315 457.785889 0.752941 0.752941 0.752941
vn -0.479745 0.447591 0.754657
v 2.839844 15.155325 457.779541 0.752941 0.752941 0.752941
vn -0.577006 -0.407398 0.707878
v 1.766092 11.553550 457.806732 0.752941 0.752941 0.752941
vn -0.374800 -0.754060 0.539369
v 8.260742 7.546743 457.640900 0.752941 0.752941 0.752941
vn 0.700015 0.602109 0.383985
v 23.594437 12.221717 463.571625 0.752941 0.752941 0.752941
vn -0.284240 -0.826817 0.485367
v 8.550113 7.341027 457.596252 0.752941 0.752941 0.752941
vn 0.142936 -0.773203 0.617841
v 24.452719 9.672911 462.964508 0.752941 0.752941 0.752941
vn -0.147347 -0.851220 0.503699
v 13.947631 6.210297 457.804077 0.752941 0.752941 0.752941
vn -0.035715 0.882680 -0.468616
v 19.667507 17.316179 458.377960 0.752941 0.752941 0.752941
vn 0.181365 -0.897084 0.402922
v 24.007193 6.356768 457.651917 0.752941 0.752941 0.752941
vn 0.128675 -0.841955 0.523980
v 20.893190 6.168509 457.926819 0.752941 0.752941 0.752941
vn 0.815049 0.461747 0.349978
v 22.527050 14.111865 463.379272 0.752941 0.752941 0.752941
vn 0.892441 -0.118837 0.435233
v 22.428934 15.849797 457.257660 0.752941 0.752941 0.752941
vn 0.627204 0.765931 -0.141296
v 21.832403 16.919619 457.946747 0.752941 0.752941 0.752941
vn -0.222113 -0.849470 0.478608
v 7.389008 7.991738 457.838806 0.752941 0.752941 0.752941
vn -0.418236 0.582231 0.697199
v 3.188479 15.481791 457.868713 0.752941 0.752941 0.752941
vn -0.054366 -0.904077 0.423898
v 15.061635 5.969655 457.585236 0.752941 0.752941 0.752941
vn -0.064610 -0.845754 0.529647
v 11.833420 6.680173 457.774078 0.752941 0.752941 0.752941
vn -0.507848 0.344364 0.789623
v 1.728687 14.236688 457.681244 0.752941 0.752941 0.752941
vn -0.429863 -0.753869 0.496890
v 6.735668 8.285176 457.932251 0.752941 0.752941 0.752941
vn -0.401447 -0.627074 0.667546
v 3.343225 10.211310 457.927948 0.752941 0.752941 0.752941
vn -0.378799 -0.509002 0.772935
v 10.773700 11.262320 463.115540 0.752941 0.752941 0.752941
vn -0.203140 -0.862198 0.464057
v 14.507528 6.210883 457.927673 0.752941 0.752941 0.752941
vn -0.466988 -0.619259 0.631221
v 3.184617 10.055925 457.688080 0.752941 0.752941 0.752941
vn -0.508849 -0.502687 0.698841
v 2.493379 11.057057 458.000824 0.752941 0.752941 0.752941
vn -0.610665 -0.107185 0.784602
v 1.655913 12.146958 457.969147 0.752941 0.752941 0.752941
vn -0.345363 -0.800302 0.490144
v 6.169129 8.334921 457.601379 0.752941 0.752941 0.752941
vn -0.356208 -0.804880 0.474641
v 8.717587 7.480017 457.859802 0.752941 0.752941 0.752941
vn -0.385484 0.491552 0.780884
v 11.172077 15.536213 463.081268 0.752941 0.752941 0.752941
vn -0.623020 0.104509 0.775193
v 9.821358 13.210172 463.052063 0.752941 0.752941 0.752941
vn -0.577325 0.546552 0.606611
v 12.009416 15.877932 463.321716 0.752941 0.752941 0.752941
vn -0.011597 0.934889 -0.354750
v 15.166021 17.072952 458.198730 0.752941 0.752941 0.752941
vn 0.133012 -0.762675 0.632957
v 24.381670 10.119804 463.382721 0.752941 0.752941 0.752941
vn -0.085876 -0.843231 0.530647
v 12.923720 6.350019 457.572510 0.752941 0.752941 0.752941
vn -0.044742 -0.885521 0.462440
v 16.388306 6.138021 457.933990 0.752941 0.752941 0.752941
vn -0.475782 -0.624967 0.618909
v 3.934485 10.121840 458.259155 0.752941 0.752941 0.752941
vn 0.142512 -0.773712 0.617301
v 18.730967 9.163604 462.939331 0.752941 0.752941 0.752941
vn -0.293486 -0.800815 0.522073
v 8.030739 7.728396 457.750580 0.752941 0.752941 0.752941
vn -0.232134 -0.732617 0.639833
v 13.116800 10.246995 463.180695 0.752941 0.752941 0.752941
vn -0.449489 -0.660460 0.601459
v 4.437240 9.723353 458.237885 0.752941 0.752941 0.752941
vn -0.552141 0.234024 0.800233
v 2.121828 13.776159 458.051697 0.752941 0.752941 0.752941
vn -0.542989 -0.381199 0.748231
v 2.197485 11.625034 458.187775 0.752941 0.752941 0.752941
vn -0.213068 -0.729710 0.649712
v 14.640226 9.824484 463.333588 0.752941 0.752941 0.752941
vn -0.016254 -0.884633 0.466005
v 15.960011 6.149940 457.949799 0.752941 0.752941 0.752941
vn -0.231094 -0.867728 0.440050
v 10.454025 7.047478 457.867584 0.752941 0.752941 0.752941
vn -0.358366 -0.779805 0.513301
v 6.323368 8.546262 458.082489 0.752941 0.752941 0.752941
vn -0.246925 -0.618954 0.745603
v 12.234241 10.591590 463.253845 0.752941 0.752941 0.752941
vn -0.477153 0.495556 0.725775
v 2.742162 14.642032 458.042511 0.752941 0.752941 0.752941
vn -0.095606 -0.741893 0.663667
v 15.137770 9.658962 463.226837 0.752941 0.752941 0.752941
vn -0.342069 0.760835 0.551469
v 4.536293 15.941781 458.086273 0.752941 0.752941 0.752941
vn -0.371605 -0.785550 0.494794
v 5.900303 8.651071 457.918335 0.752941 0.752941 0.752941
vn -0.561512 0.255156 0.787147
v 9.922174 13.887514 462.961365 0.752941 0.752941 0.752941
vn -0.513630 0.054569 0.856275
v 1.469891 13.070614 457.760223 0.752941 0.752941 0.752941
vn -0.490429 -0.221228 0.842934
v 9.899055 11.982955 463.084625 0.752941 0.752941 0.752941
vn -0.159268 -0.855717 0.492322
v 12.517808 6.371427 457.659821 0.752941 0.752941 0.752941
vn -0.027066 0.942515 -0.333067
v 13.394310 16.840786 457.617126 0.752941 0.752941 0.752941
vn 0.039877 -0.773784 0.632193
v 19.131559 9.353184 463.166656 0.752941 0.752941 0.752941
vn -0.197990 -0.798335 0.568736
v 13.628046 6.423564 457.932861 0.752941 0.752941 0.752941
vn -0.278893 -0.797092 0.535595
v 8.832789 7.704726 458.402954 0.752941 0.752941 0.752941
vn -0.226109 -0.700468 0.676919
v 13.183779 10.029767 462.927887 0.752941 0.752941 0.752941
vn -0.463543 -0.610653 0.642052
v 3.071156 10.361569 457.908905 0.752941 0.752941 0.752941
vn -0.384838 0.752312 0.534720
v 13.039346 16.842724 463.041443 0.752941 0.752941 0.752941
vn -0.451655 0.450458 0.770127
v 2.356355 14.635931 457.893250 0.752941 0.752941 0.752941
vn 0.077927 -0.875489 0.476913
v 15.202982 6.256137 458.092010 0.752941 0.752941 0.752941
vn -0.586141 0.500705 0.636971
v 3.161054 14.919850 458.209320 0.752941 0.752941 0.752941
vn -0.196690 -0.851527 0.486019
v 8.936218 7.518739 458.177094 0.752941 0.752941 0.752941
vn -0.581354 0.338719 0.739796
v 10.054424 14.417332 462.835693 0.752941 0.752941 0.752941
vn -0.011137 -0.795618 0.605696
v 19.412079 9.466637 463.274597 0.752941 0.752941 0.752941
vn -0.261638 -0.864090 0.429992
v 9.302061 7.313969 457.827850 0.752941 0.752941 0.752941
vn -0.504050 -0.554541 0.662131
v 3.251861 10.800878 458.433716 0.752941 0.752941 0.752941
vn -0.165419 -0.816006 0.553868
v 13.945052 6.497176 458.119812 0.752941 0.752941 0.752941
vn -0.143880 -0.836961 0.528010
v 11.336581 6.826188 457.986603 0.752941 0.752941 0.752941
vn -0.004844 -0.882622 0.470059
v 14.943869 6.169451 458.044006 0.752941 0.752941 0.752941
vn 0.994569 0.089795 -0.052623
v 25.299074 8.600914 457.901184 0.752941 0.752941 0.752941
vn -0.026576 0.915042 -0.402481
v 16.356644 17.222481 458.563538 0.752941 0.752941 0.752941
vn -0.062794 -0.883122 0.464922
v 17.704773 6.223804 458.347839 0.752941 0.752941 0.752941
vn 0.829160 -0.211341 0.517522
v 22.007378 16.371033 458.119965 0.752941 0.752941 0.752941
vn -0.343383 0.709826 0.615008
v 3.934267 15.638975 458.022949 0.752941 0.752941 0.752941
vn -0.237045 -0.846777 0.476213
v 10.792036 7.050400 458.139252 0.752941 0.752941 0.752941
vn -0.450391 0.556159 0.698452
v 3.397354 15.435068 458.016327 0.752941 0.752941 0.752941
vn -0.440298 -0.627609 0.642063
v 3.526102 10.344047 458.164093 0.752941 0.752941 0.752941
vn -0.359650 -0.783752 0.506344
v 7.025156 8.255543 458.207001 0.752941 0.752941 0.752941
vn -0.550888 0.115947 0.826486
v 1.944054 12.976087 458.125824 0.752941 0.752941 0.752941
vn -0.536710 -0.512347 0.670406
v 2.941893 10.875779 458.210571 0.752941 0.752941 0.752941
vn 0.855897 0.510662 0.081639
v 21.183294 17.044285 463.341309 0.752941 0.752941 0.752941
vn -0.224948 -0.847136 0.481413
v 7.363629 8.208893 458.316284 0.752941 0.752941 0.752941
vn 0.716318 0.595257 0.364085
v 24.859316 11.236051 463.386230 0.752941 0.752941 0.752941
vn -0.415938 -0.703703 0.576019
v 5.261465 9.135530 458.223663 0.752941 0.752941 0.752941
vn -0.398891 0.609358 0.685251
v 3.646291 15.205132 458.405090 0.752941 0.752941 0.752941
vn -0.035000 -0.883818 0.466521
v 15.947854 6.340240 458.279724 0.752941 0.752941 0.752941
vn 0.026394 -0.804950 0.592755
v 19.297434 9.176942 462.920898 0.752941 0.752941 0.752941
vn -0.200645 -0.896576 0.394833
v 10.374000 7.357049 458.432190 0.752941 0.752941 0.752941
vn -0.029966 -0.884523 0.465534
v 19.434811 6.334254 458.469574 0.752941 0.752941 0.752941
vn -0.152789 -0.852444 0.499995
v 12.562810 6.784221 458.363373 0.752941 0.752941 0.752941
vn -0.098322 0.992932 0.066471
v 9.380243 16.903246 458.895020 0.752941 0.752941 0.752941
vn 0.896047 0.430076 0.110160
v 21.684832 15.543951 458.407654 0.752941 0.752941 0.752941
vn -0.376745 -0.816469 0.437540
v 9.385207 7.485270 458.142181 0.752941 0.752941 0.752941
vn -0.248251 -0.839521 0.483297
v 7.682098 7.943858 457.929718 0.752941 0.752941 0.752941
vn -0.300393 -0.853419 0.425958
v 14.460162 6.523553 458.353180 0.752941 0.752941 0.752941
vn -0.392194 0.616617 0.682618
v 4.249627 15.511459 458.423889 0.752941 0.752941 0.752941
vn -0.146418 -0.822781 0.549175
v 11.296772 7.042599 458.246094 0.752941 0.752941 0.752941
vn -0.560068 0.524883 0.640954
v 3.329645 15.134124 458.169312 0.752941 0.752941 0.752941
vn -0.030826 -0.890544 0.453851
v 15.679437 6.256194 458.136108 0.752941 0.752941 0.752941
vn -0.371375 -0.741645 0.558608
v 6.238159 8.793066 458.353882 0.752941 0.752941 0.752941
vn -0.434752 0.687781 0.581334
v 12.262073 16.505070 462.949615 0.752941 0.752941 0.752941
vn -0.178832 -0.763891 0.620072
v 9.109618 7.746789 458.478333 0.752941 0.752941 0.752941
vn -0.440275 0.486579 0.754586
v 11.721118 15.876420 463.077484 0.752941 0.752941 0.752941
vn -0.440988 0.471483 0.763697
v 11.601588 15.642693 463.100769 0.752941 0.752941 0.752941
vn 0.161059 -0.799170 0.579126
v 23.093019 9.484609 463.011353 0.752941 0.752941 0.752941
vn -0.578275 0.120613 0.806877
v 2.484454 13.143983 458.462097 0.752941 0.752941 0.752941
vn -0.136191 -0.855325 0.499872
v 13.372862 6.729626 458.362854 0.752941 0.752941 0.752941
vn 0.083115 -0.871809 0.482744
v 20.021093 6.145251 458.191254 0.752941 0.752941 0.752941
vn -0.357168 -0.769917 0.528828
v 9.427777 7.608707 458.485199 0.752941 0.752941 0.752941
vn -0.047971 0.877258 -0.477616
v 18.927814 17.434309 458.529297 0.752941 0.752941 0.752941
vn 0.089956 -0.889358 0.448274
v 22.843138 6.329111 458.023285 0.752941 0.752941 0.752941
vn 0.323492 0.877570 -0.353868
v 21.150269 17.412695 458.346222 0.752941 0.752941 0.752941
vn 0.874659 -0.393304 0.283344
v 25.396858 7.595457 458.782867 0.752941 0.752941 0.752941
vn 0.892568 0.437190 0.110394
v 21.947794 16.850241 458.263885 0.752941 0.752941 0.752941
vn -0.181580 -0.853209 0.488941
v 11.927541 6.831744 458.107117 0.752941 0.752941 0.752941
vn -0.141340 -0.856246 0.496856
v 14.779800 6.365895 458.346649 0.752941 0.752941 0.752941
vn -0.332047 -0.693459 0.639422
v 14.255853 9.706526 463.051514 0.752941 0.752941 0.752941
vn -0.467445 -0.597225 0.651780
v 3.852135 10.529972 458.617645 0.752941 0.752941 0.752941
vn -0.368889 -0.813095 0.450331
v 9.572098 7.447014 458.394165 0.752941 0.752941 0.752941
vn -0.384094 -0.756441 0.529405
v 6.684315 8.513887 458.260437 0.752941 0.752941 0.752941
vn -0.524090 0.345063 0.778627
v 2.658754 14.139705 458.352234 0.752941 0.752941 0.752941
vn -0.137972 -0.864020 0.484184
v 13.737387 6.739350 458.506927 0.752941 0.752941 0.752941
vn -0.347085 -0.719453 0.601598
v 5.719298 9.105810 458.430054 0.752941 0.752941 0.752941
vn -0.535962 -0.464502 0.704970
v 2.650618 11.298492 458.314331 0.752941 0.752941 0.752941
vn -0.577786 0.393428 0.715107
v 3.077928 14.510083 458.436127 0.752941 0.752941 0.752941
vn -0.453336 0.692511 0.561173
v 5.067543 15.748813 458.633270 0.752941 0.752941 0.752941
vn -0.355574 -0.816185 0.455422
v 8.271573 7.849184 458.099030 0.752941 0.752941 0.752941
vn 0.065758 -0.768537 0.636417
v 22.677963 9.384868 462.971344 0.752941 0.752941 0.752941
vn 0.924768 0.380348 -0.011834
v 25.030529 11.644192 458.460754 0.752941 0.752941 0.752941
vn -0.001767 -0.892862 0.450327
v 22.347084 6.501192 458.173492 0.752941 0.752941 0.752941
vn -0.103264 0.871401 -0.479580
v 18.196707 17.058388 458.084747 0.752941 0.752941 0.752941
vn 0.999231 -0.032137 -0.022466
v 25.418596 8.025224 458.809235 0.752941 0.752941 0.752941
vn -0.043951 -0.881751 0.469662
v 15.788411 6.528880 458.631439 0.752941 0.752941 0.752941
vn -0.199651 0.927255 0.316760
v 6.468503 16.213139 458.766571 0.752941 0.752941 0.752941
vn 0.058208 0.888686 -0.454807
v 20.708054 17.619787 458.561707 0.752941 0.752941 0.752941
vn -0.127567 -0.864194 0.486720
v 10.864132 7.343285 458.669952 0.752941 0.752941 0.752941
vn 0.266841 -0.799956 0.537463
v 24.541571 9.291886 462.326935 0.752941 0.752941 0.752941
vn -0.432862 0.782112 0.448254
v 5.356104 16.143568 458.305908 0.752941 0.752941 0.752941
vn 0.034832 -0.749051 0.661596
v 24.201296 9.796627 463.042816 0.752941 0.752941 0.752941
vn -0.144145 -0.728515 0.669693
v 15.721471 9.333333 462.988678 0.752941 0.752941 0.752941
vn -0.257432 -0.805846 0.533236
v 8.580009 7.942344 458.568054 0.752941 0.752941 0.752941
vn -0.156175 -0.850995 0.501415
v 11.365855 7.194884 458.506348 0.752941 0.752941 0.752941
vn -0.415422 -0.706290 0.573218
v 6.056750 9.261616 458.820404 0.752941 0.752941 0.752941
vn -0.475940 -0.646228 0.596549
v 4.906578 9.633207 458.487061 0.752941 0.752941 0.752941
vn -0.007928 -0.891280 0.453384
v 15.023150 6.518848 458.588043 0.752941 0.752941 0.752941
vn -0.259834 -0.848729 0.460592
v 14.166178 6.936872 458.979980 0.752941 0.752941 0.752941
vn -0.201203 -0.870231 0.449683
v 14.094336 6.667443 458.461548 0.752941 0.752941 0.752941
vn -0.394637 -0.773958 0.495228
v 6.597579 8.792122 458.599548 0.752941 0.752941 0.752941
vn -0.368307 -0.802881 0.468756
v 6.797289 8.748566 458.626312 0.752941 0.752941 0.752941
vn -0.284962 -0.806696 0.517724
v 7.260492 8.350044 458.469727 0.752941 0.752941 0.752941
vn -0.382526 -0.672050 0.634053
v 5.194956 9.507441 458.599152 0.752941 0.752941 0.752941
vn -0.246835 0.935202 0.253909
v 7.199961 16.613558 458.417938 0.752941 0.752941 0.752941
vn 0.109804 -0.872790 0.475585
v 23.039597 6.671825 458.656921 0.752941 0.752941 0.752941
vn -0.182375 -0.711089 0.679037
v 12.419013 10.347869 463.068878 0.752941 0.752941 0.752941
vn 0.086781 -0.933878 0.346901
v 21.764021 6.662197 458.697205 0.752941 0.752941 0.752941
vn 0.768350 0.639579 -0.024030
v 21.594999 17.455818 458.848480 0.752941 0.752941 0.752941
vn -0.048640 0.954622 -0.293822
v 14.528419 17.039373 458.326019 0.752941 0.752941 0.752941
vn -0.314490 -0.694266 0.647372
v 13.948111 9.755879 462.911316 0.752941 0.752941 0.752941
vn 0.206057 -0.847222 0.489649
v 23.525742 7.005560 458.908081 0.752941 0.752941 0.752941
vn -0.282950 -0.676276 0.680140
v 14.130695 9.918438 463.222809 0.752941 0.752941 0.752941
vn -0.306753 -0.563646 0.766945
v 11.261236 10.844986 463.099792 0.752941 0.752941 0.752941
vn -0.241297 -0.648306 0.722132
v 12.030349 10.434602 463.071014 0.752941 0.752941 0.752941
vn -0.265185 -0.845745 0.463026
v 7.775578 8.239951 458.487152 0.752941 0.752941 0.752941
vn -0.565875 0.472049 0.675985
v 3.360315 14.776711 458.550049 0.752941 0.752941 0.752941
vn -0.313168 0.599468 0.736590
v 4.000457 15.181203 458.520477 0.752941 0.752941 0.752941
vn -0.467125 -0.607472 0.642473
v 4.249004 10.226752 458.624329 0.752941 0.752941 0.752941
vn -0.247192 -0.770987 0.586920
v 9.208793 7.909403 458.730865 0.752941 0.752941 0.752941
vn -0.450542 0.574984 0.682938
v 4.365093 15.254861 458.655518 0.752941 0.752941 0.752941
vn -0.556883 -0.070114 0.827626
v 2.355507 12.123012 458.386841 0.752941 0.752941 0.752941
vn -0.644148 -0.015407 0.764746
v 2.806988 12.487514 458.760590 0.752941 0.752941 0.752941
vn -0.613841 -0.264723 0.743721
v 2.944796 11.686256 458.715363 0.752941 0.752941 0.752941
vn -0.554351 -0.445827 0.702803
v 3.171870 11.226949 458.671173 0.752941 0.752941 0.752941
vn -0.317268 0.943507 0.095582
v 17.018480 18.378738 463.323730 0.752941 0.752941 0.752941
vn -0.113497 -0.851182 0.512453
v 13.202522 6.957584 458.646454 0.752941 0.752941 0.752941
vn -0.413376 -0.756365 0.506984
v 7.197560 8.441563 458.604279 0.752941 0.752941 0.752941
vn -0.224367 -0.892987 0.390171
v 10.232523 7.468777 458.726257 0.752941 0.752941 0.752941
vn 0.887367 -0.090482 0.452099
v 21.420622 16.231522 458.830170 0.752941 0.752941 0.752941
vn 0.030134 -0.908254 0.417333
v 20.161434 6.611082 459.040649 0.752941 0.752941 0.752941
vn -0.255062 -0.873850 0.413920
v 14.525764 6.575369 458.626862 0.752941 0.752941 0.752941
vn -0.496329 -0.492231 0.715098
v 3.680232 10.979949 458.865784 0.752941 0.752941 0.752941
vn -0.555997 0.616131 0.557898
v 5.202749 15.668890 458.858521 0.752941 0.752941 0.752941
vn -0.222409 0.896634 0.382860
v 5.545682 16.368044 458.042542 0.752941 0.752941 0.752941
vn -0.117310 -0.819328 0.561195
v 14.790098 9.547457 462.908020 0.752941 0.752941 0.752941
vn -0.168811 -0.846535 0.504858
v 13.657261 6.963014 458.870392 0.752941 0.752941 0.752941
vn -0.385761 0.532147 0.753663
v 3.840145 14.776753 458.856842 0.752941 0.752941 0.752941
vn -0.153717 -0.815067 0.558603
v 11.412138 7.319070 458.749390 0.752941 0.752941 0.752941
vn -0.374367 0.607252 0.700781
v 4.191587 14.951196 458.863220 0.752941 0.752941 0.752941
vn -0.392283 -0.727883 0.562405
v 7.343670 8.551802 458.874481 0.752941 0.752941 0.752941
vn -0.374196 -0.687633 0.622204
v 5.752580 9.347911 458.694336 0.752941 0.752941 0.752941
vn -0.419290 -0.800114 0.428967
v 6.595119 8.909491 458.844177 0.752941 0.752941 0.752941
vn -0.075306 -0.846268 0.527409
v 14.831723 6.599678 458.805206 0.752941 0.752941 0.752941
vn -0.221047 -0.824861 0.520329
v 11.866207 7.226810 458.773529 0.752941 0.752941 0.752941
vn -0.454988 0.772414 0.443128
v 13.490778 16.966421 463.180695 0.752941 0.752941 0.752941
vn 0.736938 0.666910 -0.110239
v 22.102911 15.636696 459.879211 0.752941 0.752941 0.752941
vn -0.064860 -0.880090 0.470356
v 17.602715 6.471778 458.817169 0.752941 0.752941 0.752941
vn 0.464487 0.860988 -0.207246
v 21.232216 17.765486 459.179108 0.752941 0.752941 0.752941
vn 0.111034 -0.922136 0.370590
v 20.722860 6.667269 458.943420 0.752941 0.752941 0.752941
vn 0.388833 -0.783380 0.484896
v 25.142424 7.002748 458.322388 0.752941 0.752941 0.752941
vn 0.698464 0.692653 -0.179944
v 22.576582 14.812846 458.742249 0.752941 0.752941 0.752941
vn -0.564705 0.570343 0.596504
v 12.090581 16.304409 463.002136 0.752941 0.752941 0.752941
vn -0.290984 -0.543254 0.787530
v 11.646895 10.604835 463.006042 0.752941 0.752941 0.752941
vn -0.236001 -0.785510 0.572082
v 8.347785 8.141877 458.828644 0.752941 0.752941 0.752941
vn 0.060752 -0.792913 0.606299
v 19.768820 9.228509 462.985504 0.752941 0.752941 0.752941
vn -0.375328 -0.541872 0.752000
v 10.515811 10.953587 462.761414 0.752941 0.752941 0.752941
vn -0.574126 0.215979 0.789767
v 3.141136 13.622438 458.818054 0.752941 0.752941 0.752941
vn -0.537914 -0.303147 0.786607
v 3.270661 11.702291 459.024475 0.752941 0.752941 0.752941
vn -0.068150 -0.852826 0.517728
v 15.305916 6.755297 459.045624 0.752941 0.752941 0.752941
vn -0.605154 -0.073050 0.792750
v 3.064198 12.211357 459.007813 0.752941 0.752941 0.752941
vn -0.161605 -0.845963 0.508164
v 10.242531 7.598300 459.019318 0.752941 0.752941 0.752941
vn -0.105609 -0.762631 0.638154
v 18.252363 9.282366 463.249146 0.752941 0.752941 0.752941
vn -0.466768 0.568229 0.677675
v 4.470788 14.976082 459.018341 0.752941 0.752941 0.752941
vn -0.457881 0.732450 0.503846
v 5.521409 16.014585 458.821503 0.752941 0.752941 0.752941
vn -0.512398 -0.581289 0.632100
v 4.675555 10.241378 458.937683 0.752941 0.752941 0.752941
vn -0.257769 0.734008 0.628321
v 5.763124 15.920970 459.060211 0.752941 0.752941 0.752941
vn -0.301089 -0.839545 0.452228
v 7.945619 8.340437 458.840515 0.752941 0.752941 0.752941
vn -0.043995 -0.902535 0.428364
v 16.624559 6.755713 459.180511 0.752941 0.752941 0.752941
vn -0.074143 -0.885099 0.459459
v 16.594564 6.463559 458.686584 0.752941 0.752941 0.752941
vn -0.161012 0.897289 -0.411032
v 18.172810 17.558319 458.864014 0.752941 0.752941 0.752941
vn 0.827075 0.562046 -0.007168
v 24.321726 12.804981 458.846405 0.752941 0.752941 0.752941
vn 0.976266 0.163061 -0.142537
v 25.202644 10.772617 458.161438 0.752941 0.752941 0.752941
vn 0.882174 0.461767 0.092414
v 21.218119 16.347286 459.451202 0.752941 0.752941 0.752941
vn 0.046821 -0.898795 0.435861
v 18.464436 6.237435 458.372620 0.752941 0.752941 0.752941
vn -0.004147 -0.749884 0.661556
v 21.738823 9.055245 462.760834 0.752941 0.752941 0.752941
vn -0.026193 0.925577 -0.377653
v 15.912620 17.442165 459.132690 0.752941 0.752941 0.752941
vn -0.348008 -0.669435 0.656313
v 7.253678 8.760457 458.999603 0.752941 0.752941 0.752941
vn -0.434464 -0.632198 0.641535
v 5.008545 10.028483 459.044403 0.752941 0.752941 0.752941
vn -0.196170 -0.721784 0.663735
v 8.503973 8.294772 458.983154 0.752941 0.752941 0.752941
vn -0.395399 -0.652153 0.646805
v 5.394310 9.854414 459.069244 0.752941 0.752941 0.752941
vn -0.484019 -0.681130 0.549352
v 6.323128 9.252506 459.039337 0.752941 0.752941 0.752941
vn -0.451544 0.598451 0.661789
v 4.673757 15.393002 458.795990 0.752941 0.752941 0.752941
vn -0.521798 -0.010674 0.853003
v 9.612068 12.568615 462.960052 0.752941 0.752941 0.752941
vn -0.421424 0.637123 0.645350
v 11.693846 16.097120 462.843994 0.752941 0.752941 0.752941
vn -0.450072 0.628537 0.634332
v 5.453348 15.659366 459.116180 0.752941 0.752941 0.752941
vn -0.157488 -0.779287 0.606555
v 8.299941 8.521573 459.189636 0.752941 0.752941 0.752941
vn -0.543612 -0.518018 0.660411
v 7.518751 8.686534 459.076202 0.752941 0.752941 0.752941
vn -0.481557 -0.526922 0.700326
v 4.302319 11.078773 459.378845 0.752941 0.752941 0.752941
vn -0.091238 -0.858526 0.504588
v 13.099407 7.259726 459.174347 0.752941 0.752941 0.752941
vn -0.406395 -0.690320 0.598583
v 5.524199 9.658413 458.926117 0.752941 0.752941 0.752941
vn 0.087079 -0.809479 0.580656
v 19.949841 9.352804 463.096161 0.752941 0.752941 0.752941
vn 0.883612 -0.046885 0.465867
v 21.780144 16.877203 458.706299 0.752941 0.752941 0.752941
vn 0.990314 0.021605 -0.137151
v 25.486206 9.137664 458.761841 0.752941 0.752941 0.752941
vn -0.048988 0.969503 -0.240133
v 13.204384 17.276592 459.102325 0.752941 0.752941 0.752941
vn -0.085084 -0.816344 0.571265
v 11.051263 7.516308 458.919525 0.752941 0.752941 0.752941
vn -0.192522 -0.774436 0.602648
v 8.847704 8.172215 458.972290 0.752941 0.752941 0.752941
vn -0.196043 -0.811687 0.550211
v 11.526228 7.509441 459.025574 0.752941 0.752941 0.752941
vn -0.166458 -0.835679 0.523386
v 14.515844 6.864862 459.085175 0.752941 0.752941 0.752941
vn -0.507211 0.630514 0.587528
v 5.080456 15.414262 459.036652 0.752941 0.752941 0.752941
vn -0.183801 -0.848965 0.495455
v 13.553599 7.274296 459.310059 0.752941 0.752941 0.752941
vn -0.347433 0.777684 0.523926
v 12.666193 16.736132 462.906403 0.752941 0.752941 0.752941
vn -0.548506 0.334833 0.766178
v 3.682897 14.322858 458.966827 0.752941 0.752941 0.752941
vn -0.488389 -0.549236 0.678098
v 4.983249 10.460547 459.402588 0.752941 0.752941 0.752941
vn -0.424937 -0.662300 0.617080
v 5.758638 9.703143 459.178955 0.752941 0.752941 0.752941
vn -0.420071 -0.669481 0.612646
v 7.647351 8.597454 459.166870 0.752941 0.752941 0.752941
vn -0.285268 -0.785756 0.548825
v 9.203868 8.156359 459.074585 0.752941 0.752941 0.752941
vn -0.204185 -0.725146 0.657625
v 10.263006 7.728215 459.223022 0.752941 0.752941 0.752941
vn -0.550467 -0.103291 0.828443
v 3.512889 12.274385 459.242706 0.752941 0.752941 0.752941
vn -0.560242 -0.290028 0.775895
v 3.764584 11.590597 459.271942 0.752941 0.752941 0.752941
vn 0.024406 -0.902386 0.430236
v 18.982567 6.638946 459.047791 0.752941 0.752941 0.752941
vn -0.293946 0.829618 0.474688
v 6.527565 16.119402 459.120850 0.752941 0.752941 0.752941
vn -0.080258 0.899559 -0.429362
v 18.973858 17.748907 459.061615 0.752941 0.752941 0.752941
vn -0.083873 0.941614 -0.326080
v 15.142175 17.348454 459.085419 0.752941 0.752941 0.752941
vn 0.127653 -0.881190 0.455203
v 22.339161 6.791729 458.965851 0.752941 0.752941 0.752941
vn -0.087710 0.952673 -0.291069
v 15.536252 17.554502 459.468658 0.752941 0.752941 0.752941
vn -0.050469 0.899152 -0.434717
v 20.250336 18.003487 459.346100 0.752941 0.752941 0.752941
vn -0.328293 0.882916 0.335683
v 13.194957 17.011074 462.669769 0.752941 0.752941 0.752941
vn -0.163334 -0.799406 0.578162
v 8.018328 8.519862 459.164825 0.752941 0.752941 0.752941
vn -0.434250 0.405893 0.804162
v 4.119372 14.246056 459.290771 0.752941 0.752941 0.752941
vn -0.364922 0.698647 0.615405
v 11.336052 16.076838 462.712830 0.752941 0.752941 0.752941
vn -0.407032 0.553271 0.726785
v 11.227410 15.802858 462.940796 0.752941 0.752941 0.752941
vn -0.346581 -0.730605 0.588300
v 6.825311 8.939470 459.079773 0.752941 0.752941 0.752941
vn -0.362033 -0.755607 0.545884
v 9.816602 7.828738 459.042603 0.752941 0.752941 0.752941
vn 0.060718 -0.796465 0.601629
v 18.480169 9.058465 462.917877 0.752941 0.752941 0.752941
vn -0.462355 -0.566350 0.682258
v 4.149594 10.708455 458.948853 0.752941 0.752941 0.752941
vn -0.158840 -0.781503 0.603343
v 17.902098 9.170158 462.894592 0.752941 0.752941 0.752941
vn -0.343614 -0.670840 0.657194
v 7.424658 8.964592 459.282715 0.752941 0.752941 0.752941
vn 0.103961 -0.773259 0.625510
v 20.229055 9.151197 462.822876 0.752941 0.752941 0.752941
vn -0.262749 -0.792092 0.550956
v 8.822241 8.397736 459.283081 0.752941 0.752941 0.752941
vn -0.275514 -0.800976 0.531536
v 9.755915 8.179386 459.573761 0.752941 0.752941 0.752941
vn -0.142960 -0.875431 0.461718
v 11.333107 7.705493 459.282928 0.752941 0.752941 0.752941
vn -0.013805 -0.831141 0.555891
v 14.626266 7.048862 459.404724 0.752941 0.752941 0.752941
vn -0.492034 0.539489 0.683267
v 4.960617 15.059333 459.260773 0.752941 0.752941 0.752941
vn -0.287586 -0.706579 0.646561
v 6.926595 9.108404 459.280029 0.752941 0.752941 0.752941
vn -0.164388 0.914935 -0.368606
v 18.153234 17.676268 459.312958 0.752941 0.752941 0.752941
vn -0.063541 0.926386 -0.371177
v 19.868593 18.090513 459.536133 0.752941 0.752941 0.752941
vn -0.100563 0.919492 -0.380027
v 16.878370 17.611382 459.526306 0.752941 0.752941 0.752941
vn 0.831447 -0.128476 0.540546
v 21.104860 16.982605 459.646637 0.752941 0.752941 0.752941
vn 0.121879 0.926839 -0.355126
v 20.638256 17.988672 459.243286 0.752941 0.752941 0.752941
vn -0.098903 -0.846224 0.523567
v 15.822656 6.828791 459.294983 0.752941 0.752941 0.752941
vn -0.422585 0.595175 0.683512
v 5.433050 15.271227 459.540649 0.752941 0.752941 0.752941
vn -0.076476 -0.894674 0.440125
v 17.339621 6.882887 459.459076 0.752941 0.752941 0.752941
vn -0.064839 -0.791493 0.607729
v 14.940369 6.888635 459.121826 0.752941 0.752941 0.752941
vn -0.187251 -0.721730 0.666365
v 12.496893 10.121159 462.806183 0.752941 0.752941 0.752941
vn -0.587599 0.090586 0.804066
v 3.256376 12.768917 459.063751 0.752941 0.752941 0.752941
vn -0.230670 -0.856283 0.462138
v 14.200903 7.099792 459.382965 0.752941 0.752941 0.752941
vn -0.650457 0.104944 0.752258
v 3.651143 13.254184 459.274017 0.752941 0.752941 0.752941
vn -0.412824 -0.763196 0.497100
v 9.561602 8.093052 459.208099 0.752941 0.752941 0.752941
vn -0.329240 0.658794 0.676455
v 6.010692 15.792032 459.242004 0.752941 0.752941 0.752941
vn -0.391935 -0.594896 0.701773
v 5.422777 10.330829 459.498993 0.752941 0.752941 0.752941
vn -0.283892 -0.631931 0.721158
v 11.656750 10.348569 462.867035 0.752941 0.752941 0.752941
vn -0.095625 -0.822777 0.560262
v 10.583549 7.789009 459.303040 0.752941 0.752941 0.752941
vn -0.412477 -0.626709 0.661135
v 6.482317 9.467802 459.350403 0.752941 0.752941 0.752941
vn -0.100108 0.994968 0.004236
v 10.112175 16.956154 458.897064 0.752941 0.752941 0.752941
vn 0.050743 -0.872784 0.485462
v 20.417538 6.823661 459.522736 0.752941 0.752941 0.752941
vn 0.487562 -0.786104 0.379899
v 25.060495 7.715248 459.529510 0.752941 0.752941 0.752941
vn 0.977318 0.209863 0.028411
v 25.389610 10.425584 459.414520 0.752941 0.752941 0.752941
vn 0.090883 -0.903735 0.418333
v 21.368984 6.820382 459.412933 0.752941 0.752941 0.752941
vn -0.205799 -0.770818 0.602899
v 7.337080 9.220716 459.561615 0.752941 0.752941 0.752941
vn -0.166027 -0.791176 0.588622
v 15.651079 7.027445 459.491394 0.752941 0.752941 0.752941
vn -0.136575 -0.874255 0.465860
v 11.296620 7.862742 459.639984 0.752941 0.752941 0.752941
vn -0.213492 -0.832809 0.510734
v 11.872355 7.682253 459.490662 0.752941 0.752941 0.752941
vn -0.294885 -0.700139 0.650268
v 8.240280 8.767871 459.568634 0.752941 0.752941 0.752941
vn -0.538292 0.512234 0.669222
v 10.580202 15.173969 462.914581 0.752941 0.752941 0.752941
vn -0.455657 0.461295 0.761304
v 4.766072 14.657964 459.466095 0.752941 0.752941 0.752941
vn 0.042613 -0.806198 0.590109
v 20.488186 9.185018 462.815979 0.752941 0.752941 0.752941
vn -0.234926 -0.696237 0.678280
v 10.568948 7.971371 459.490662 0.752941 0.752941 0.752941
vn -0.515905 -0.306325 0.800004
v 4.144404 11.505660 459.532806 0.752941 0.752941 0.752941
vn -0.333371 -0.613483 0.715893
v 11.139171 10.553276 462.779022 0.752941 0.752941 0.752941
vn -0.228326 -0.795525 0.561255
v 12.097404 7.802652 459.756317 0.752941 0.752941 0.752941
vn 0.093189 -0.752743 0.651686
v 23.873116 9.614788 462.840424 0.752941 0.752941 0.752941
vn -0.314311 0.584348 0.748162
v 5.816414 15.300466 459.626984 0.752941 0.752941 0.752941
vn -0.146622 -0.870524 0.469777
v 12.707417 7.429662 459.426636 0.752941 0.752941 0.752941
vn -0.431688 -0.609411 0.665029
v 5.698276 9.910142 459.324249 0.752941 0.752941 0.752941
vn -0.416067 -0.597859 0.685166
v 6.078744 10.157881 459.757019 0.752941 0.752941 0.752941
vn -0.237283 -0.762675 0.601684
v 15.750658 9.101106 462.771271 0.752941 0.752941 0.752941
vn -0.306304 -0.804790 0.508419
v 9.031312 8.657783 459.745117 0.752941 0.752941 0.752941
vn -0.045874 -0.878709 0.475149
v 18.029892 6.901612 459.760742 0.752941 0.752941 0.752941
vn 0.008051 -0.893222 0.449543
v 19.216969 6.833525 459.518707 0.752941 0.752941 0.752941
vn -0.218303 -0.696429 0.683616
v 13.269040 9.818089 462.761719 0.752941 0.752941 0.752941
vn -0.088329 0.968690 -0.232029
v 14.289772 17.483383 459.748901 0.752941 0.752941 0.752941
vn 0.026608 -0.827348 0.561059
v 21.483921 9.176584 462.859650 0.752941 0.752941 0.752941
vn -0.117626 0.988582 -0.094179
v 11.479483 17.151493 459.457275 0.752941 0.752941 0.752941
vn -0.125111 0.929734 -0.346325
v 18.530499 17.862175 459.525787 0.752941 0.752941 0.752941
vn 0.000330 -0.844955 0.534837
v 20.482393 9.306179 463.009888 0.752941 0.752941 0.752941
vn -0.476959 0.736401 0.479817
v 11.991036 16.542549 462.631470 0.752941 0.752941 0.752941
vn -0.109941 -0.796946 0.593961
v 10.049787 8.309904 459.750092 0.752941 0.752941 0.752941
vn -0.179854 -0.725572 0.664227
v 10.169215 8.079203 459.477325 0.752941 0.752941 0.752941
vn -0.527798 -0.531804 0.662279
v 4.740469 10.698059 459.356659 0.752941 0.752941 0.752941
vn -0.243295 -0.809839 0.533824
v 8.720856 8.702242 459.674591 0.752941 0.752941 0.752941
vn -0.092852 -0.820828 0.563578
v 15.135059 7.193475 459.565765 0.752941 0.752941 0.752941
vn -0.542427 0.422935 0.725878
v 4.981248 14.462297 459.700378 0.752941 0.752941 0.752941
vn -0.476063 0.595143 0.647432
v 11.849725 16.289169 462.755188 0.752941 0.752941 0.752941
vn -0.124278 -0.780308 0.612923
v 17.929235 8.830380 462.405426 0.752941 0.752941 0.752941
vn -0.415711 0.768159 0.486946
v 6.858345 15.921882 459.600403 0.752941 0.752941 0.752941
vn 0.113759 -0.728081 0.675986
v 23.604500 9.398145 462.675629 0.752941 0.752941 0.752941
vn -0.483856 0.268003 0.833102
v 4.462029 13.513289 459.700073 0.752941 0.752941 0.752941
vn 0.019521 -0.795815 0.605225
v 16.241919 9.047821 462.708313 0.752941 0.752941 0.752941
vn -0.513242 0.090859 0.853421
v 3.989254 12.721162 459.683380 0.752941 0.752941 0.752941
vn -0.492028 -0.453385 0.743203
v 4.708986 11.180714 459.719452 0.752941 0.752941 0.752941
vn 0.129436 -0.722676 0.678960
v 22.259022 9.389945 462.990387 0.752941 0.752941 0.752941
vn -0.227431 -0.763581 0.604333
v 10.513361 8.154832 459.655212 0.752941 0.752941 0.752941
vn -0.395049 -0.782301 0.481602
v 9.370529 8.484571 459.701630 0.752941 0.752941 0.752941
vn -0.034597 -0.760013 0.648987
v 17.130919 9.300555 462.961090 0.752941 0.752941 0.752941
vn -0.318551 -0.683834 0.656427
v 7.075151 9.332951 459.630707 0.752941 0.752941 0.752941
vn -0.254722 -0.758106 0.600326
v 11.016488 7.917507 459.642578 0.752941 0.752941 0.752941
vn -0.121494 -0.869906 0.478020
v 12.771858 7.512264 459.685883 0.752941 0.752941 0.752941
vn -0.518849 0.250125 0.817455
v 3.949993 13.661212 459.473053 0.752941 0.752941 0.752941
vn -0.193237 0.977942 0.079297
v 11.253702 17.124971 460.349548 0.752941 0.752941 0.752941
vn -0.134596 0.901982 -0.410258
v 17.370689 17.813562 459.774384 0.752941 0.752941 0.752941
vn 0.915274 0.399384 0.052582
v 24.947641 11.617308 459.745178 0.752941 0.752941 0.752941
vn -0.301585 0.952839 0.033834
v 16.631430 18.263729 462.721130 0.752941 0.752941 0.752941
vn 0.333783 0.925094 -0.181078
v 19.573439 18.882454 462.721191 0.752941 0.752941 0.752941
vn 0.043024 -0.852213 0.521423
v 18.623686 6.926057 459.738831 0.752941 0.752941 0.752941
vn -0.036313 -0.879787 0.473979
v 13.097515 7.522009 459.630157 0.752941 0.752941 0.752941
vn -0.386943 0.831419 0.398771
v 14.110634 17.243433 463.248169 0.752941 0.752941 0.752941
vn 0.893954 -0.358539 0.268880
v 25.380375 10.192972 463.011688 0.752941 0.752941 0.752941
vn -0.581024 -0.096887 0.808099
v 3.934468 12.305381 459.637054 0.752941 0.752941 0.752941
vn 0.753331 0.616984 0.227646
v 24.284386 11.817520 462.659912 0.752941 0.752941 0.752941
vn -0.525779 0.313500 0.790743
v 4.624749 14.084213 459.614655 0.752941 0.752941 0.752941
vn -0.292420 -0.818813 0.494000
v 12.394049 7.682893 459.704346 0.752941 0.752941 0.752941
vn -0.461482 0.583459 0.668289
v 6.063424 15.417754 459.667053 0.752941 0.752941 0.752941
vn -0.131362 -0.830129 0.541877
v 16.321350 6.997211 459.620667 0.752941 0.752941 0.752941
vn -0.023513 -0.868823 0.494563
v 17.150459 6.971397 459.678436 0.752941 0.752941 0.752941
vn -0.431602 -0.612787 0.661975
v 6.738419 10.000576 460.026459 0.752941 0.752941 0.752941
vn -0.473573 -0.530543 0.703031
v 5.016775 10.814725 459.696564 0.752941 0.752941 0.752941
vn -0.406837 0.302160 0.862080
v 9.139108 14.242949 462.408264 0.752941 0.752941 0.752941
vn 0.048997 -0.812796 0.580484
v 18.997194 6.923347 459.732147 0.752941 0.752941 0.752941
vn -0.403064 -0.636186 0.657881
v 6.857193 9.659200 459.754425 0.752941 0.752941 0.752941
vn -0.395480 -0.644232 0.654646
v 6.135841 9.731408 459.411499 0.752941 0.752941 0.752941
vn 0.931639 -0.325870 0.160801
v 25.438423 8.211584 459.734222 0.752941 0.752941 0.752941
vn -0.299208 0.859270 0.414885
v 7.696588 16.418419 459.540710 0.752941 0.752941 0.752941
vn 0.177106 -0.877361 0.445951
v 24.114981 7.630023 459.973511 0.752941 0.752941 0.752941
vn 0.142486 -0.868208 0.475302
v 23.016050 7.344406 459.622803 0.752941 0.752941 0.752941
vn 0.859263 0.248295 0.447233
v 21.280466 17.617178 459.614441 0.752941 0.752941 0.752941
vn -0.390833 -0.448093 0.804029
v 9.891545 11.472049 462.839905 0.752941 0.752941 0.752941
vn 0.119472 -0.766212 0.631384
v 24.150862 9.351155 462.585632 0.752941 0.752941 0.752941
vn -0.254060 -0.742965 0.619239
v 10.810402 8.158245 459.823303 0.752941 0.752941 0.752941
vn -0.307457 -0.719933 0.622227
v 11.064793 8.122851 459.875946 0.752941 0.752941 0.752941
vn -0.409685 0.563958 0.717014
v 6.238228 15.123736 459.966309 0.752941 0.752941 0.752941
vn -0.469744 0.599788 0.647761
v 10.544684 15.533023 462.547302 0.752941 0.752941 0.752941
vn -0.381887 0.754175 0.534211
v 7.389782 16.093309 459.910919 0.752941 0.752941 0.752941
vn -0.175000 -0.803769 0.568622
v 10.314708 8.389455 459.937256 0.752941 0.752941 0.752941
vn -0.545625 -0.264622 0.795153
v 5.240753 11.593864 460.224792 0.752941 0.752941 0.752941
vn -0.345335 0.597356 0.723816
v 5.721597 14.926614 459.868896 0.752941 0.752941 0.752941
vn -0.413682 0.708843 0.571322
v 6.368440 15.679261 459.628143 0.752941 0.752941 0.752941
vn -0.423183 -0.089177 0.901645
v 4.366589 12.327089 459.806183 0.752941 0.752941 0.752941
vn -0.472044 -0.500609 0.725648
v 5.594514 10.962642 460.140686 0.752941 0.752941 0.752941
vn -0.354577 -0.671224 0.650948
v 8.153790 9.013280 459.727539 0.752941 0.752941 0.752941
vn -0.277557 -0.734832 0.618857
v 7.635703 9.401734 459.896454 0.752941 0.752941 0.752941
vn -0.016903 -0.817518 0.575654
v 14.727471 7.367542 459.798798 0.752941 0.752941 0.752941
vn -0.216359 -0.702477 0.678023
v 13.041311 9.746357 462.640411 0.752941 0.752941 0.752941
vn -0.002644 -0.835963 0.548780
v 19.678698 6.883235 459.660248 0.752941 0.752941 0.752941
vn -0.109857 -0.857400 0.502788
v 12.042469 7.933849 459.918152 0.752941 0.752941 0.752941
vn -0.419529 -0.632237 0.651361
v 8.605560 8.968331 459.942291 0.752941 0.752941 0.752941
vn -0.232869 -0.853869 0.465488
v 13.618793 7.490849 459.704926 0.752941 0.752941 0.752941
vn 0.041764 -0.774738 0.630902
v 16.981495 7.273249 460.029724 0.752941 0.752941 0.752941
vn -0.450406 0.143511 0.881215
v 9.301886 13.458327 462.728638 0.752941 0.752941 0.752941
vn -0.434798 0.509818 0.742318
v 5.411397 15.042908 459.668579 0.752941 0.752941 0.752941
vn -0.487921 0.505976 0.711282
v 6.343256 15.449255 459.860779 0.752941 0.752941 0.752941
vn -0.193242 -0.813268 0.548864
v 16.085617 7.338522 460.006195 0.752941 0.752941 0.752941
vn 0.999741 0.006309 0.021881
v 25.565340 9.035995 459.535767 0.752941 0.752941 0.752941
vn -0.153379 -0.775164 0.612858
v 17.467558 7.142066 459.983154 0.752941 0.752941 0.752941
vn -0.256103 0.920295 0.295750
v 8.801618 16.676315 459.515961 0.752941 0.752941 0.752941
vn -0.149241 0.927708 -0.342177
v 19.087351 17.982309 459.830017 0.752941 0.752941 0.752941
vn 0.008213 -0.771234 0.636499
v 17.696039 8.917684 462.550323 0.752941 0.752941 0.752941
vn 0.238804 -0.686201 0.687096
v 22.214725 9.123138 462.741089 0.752941 0.752941 0.752941
vn -0.071405 0.907445 -0.414060
v 19.984411 18.321795 460.059601 0.752941 0.752941 0.752941
vn 0.446448 0.877677 -0.174260
v 20.699270 18.162956 459.983276 0.752941 0.752941 0.752941
vn -0.059509 -0.896217 0.439607
v 12.819055 7.660865 459.884796 0.752941 0.752941 0.752941
vn -0.261594 -0.852037 0.453434
v 13.916442 7.545396 460.043701 0.752941 0.752941 0.752941
vn -0.300253 -0.812761 0.499267
v 12.688845 7.720471 460.040222 0.752941 0.752941 0.752941
vn -0.526564 -0.073829 0.846924
v 4.680033 12.126098 459.982544 0.752941 0.752941 0.752941
vn -0.208487 -0.842995 0.495875
v 11.305199 7.970896 459.839233 0.752941 0.752941 0.752941
vn -0.374809 -0.717429 0.587208
v 8.818172 8.913891 460.041016 0.752941 0.752941 0.752941
vn -0.514846 0.073024 0.854167
v 4.583273 13.074050 459.928009 0.752941 0.752941 0.752941
vn -0.036528 -0.832172 0.553313
v 16.735363 7.008618 459.824799 0.752941 0.752941 0.752941
vn 0.044502 -0.830047 0.555915
v 20.862700 7.386304 460.249146 0.752941 0.752941 0.752941
vn 0.135845 -0.850817 0.507598
v 21.882990 7.266457 459.936554 0.752941 0.752941 0.752941
vn -0.037693 -0.848546 0.527777
v 14.104733 7.542471 460.101868 0.752941 0.752941 0.752941
vn -0.139834 0.984348 -0.107268
v 13.169649 17.411777 459.800568 0.752941 0.752941 0.752941
vn -0.136385 -0.871381 0.471268
v 13.419663 7.766757 460.137756 0.752941 0.752941 0.752941
vn -0.171535 -0.833756 0.524811
v 16.418493 7.268438 460.096008 0.752941 0.752941 0.752941
vn -0.294503 -0.750334 0.591833
v 11.437218 8.078692 460.068085 0.752941 0.752941 0.752941
vn -0.171192 -0.850189 0.497867
v 16.013838 7.453406 460.157440 0.752941 0.752941 0.752941
vn -0.269546 -0.777009 0.568861
v 9.556739 8.478677 459.912079 0.752941 0.752941 0.752941
vn -0.320467 -0.695836 0.642739
v 7.490756 9.581593 460.033264 0.752941 0.752941 0.752941
vn -0.057167 -0.867897 0.493444
v 11.822433 7.982515 460.052338 0.752941 0.752941 0.752941
vn 0.048066 -0.782005 0.621416
v 18.717474 7.141212 459.967041 0.752941 0.752941 0.752941
vn -0.526568 0.581230 0.620402
v 6.704852 15.540051 460.036743 0.752941 0.752941 0.752941
vn -0.292076 -0.618122 0.729806
v 10.612180 10.498050 462.497467 0.752941 0.752941 0.752941
vn -0.445603 0.726513 0.523084
v 6.890658 15.692441 459.989410 0.752941 0.752941 0.752941
vn -0.151260 -0.821212 0.550210
v 15.505415 7.432577 460.051514 0.752941 0.752941 0.752941
vn -0.158359 -0.827433 0.538774
v 11.752976 8.125083 460.243195 0.752941 0.752941 0.752941
vn -0.189078 -0.896360 0.400985
v 12.375176 8.044154 460.239075 0.752941 0.752941 0.752941
vn -0.177925 -0.827141 0.533086
v 10.508952 8.541992 460.264526 0.752941 0.752941 0.752941
vn -0.510171 0.471418 0.719368
v 5.426118 14.503003 460.070984 0.752941 0.752941 0.752941
vn -0.338901 -0.748624 0.569832
v 12.461133 7.885574 460.017456 0.752941 0.752941 0.752941
vn -0.400972 -0.669925 0.624838
v 9.022307 9.051097 460.341400 0.752941 0.752941 0.752941
vn 0.019019 -0.815202 0.578864
v 19.334339 7.168034 459.993317 0.752941 0.752941 0.752941
vn -0.135067 -0.693012 0.708161
v 11.969580 10.193469 462.758240 0.752941 0.752941 0.752941
vn -0.142288 -0.807962 0.571796
v 12.893394 7.779080 460.200378 0.752941 0.752941 0.752941
vn -0.196659 -0.800185 0.566595
v 10.694777 8.385448 460.028229 0.752941 0.752941 0.752941
vn -0.118947 -0.813604 0.569123
v 15.666411 7.322915 459.950592 0.752941 0.752941 0.752941
vn 0.973988 0.225144 0.025656
v 25.286091 10.500607 460.314758 0.752941 0.752941 0.752941
vn -0.165959 0.945401 -0.280490
v 17.096268 18.054380 460.485504 0.752941 0.752941 0.752941
vn 0.048341 -0.859136 0.509459
v 20.453266 7.716659 460.840424 0.752941 0.752941 0.752941
vn -0.116583 0.933753 -0.338399
v 18.139412 18.108740 460.227386 0.752941 0.752941 0.752941
vn 0.856379 -0.062189 0.512589
v 20.788412 17.234213 460.111572 0.752941 0.752941 0.752941
vn -0.022357 -0.771037 0.636397
v 16.649096 9.025028 462.639221 0.752941 0.752941 0.752941
vn 0.036234 -0.816606 0.576057
v 19.969326 7.159548 459.948059 0.752941 0.752941 0.752941
vn -0.303689 -0.782680 0.543308
v 9.481157 8.693427 460.143005 0.752941 0.752941 0.752941
vn -0.116303 0.989255 -0.088594
v 19.044815 19.009302 463.217804 0.752941 0.752941 0.752941
vn -0.168042 -0.830327 0.531337
v 10.197255 8.514330 460.098816 0.752941 0.752941 0.752941
vn 0.822619 0.567506 0.035134
v 25.254503 10.890435 462.682983 0.752941 0.752941 0.752941
vn -0.338288 -0.701186 0.627614
v 8.338261 9.289213 460.130798 0.752941 0.752941 0.752941
vn -0.307357 -0.695718 0.649237
v 9.117076 8.921164 460.282898 0.752941 0.752941 0.752941
vn -0.449528 -0.679103 0.580296
v 8.626841 9.381731 460.410553 0.752941 0.752941 0.752941
vn -0.605398 0.539037 0.585604
v 6.583329 15.002170 460.357635 0.752941 0.752941 0.752941
vn -0.451745 0.608284 0.652624
v 7.061501 15.560865 460.314972 0.752941 0.752941 0.752941
vn -0.155374 -0.797894 0.582429
v 9.773945 8.655312 460.170380 0.752941 0.752941 0.752941
vn 0.033655 -0.850896 0.524256
v 18.935663 7.420568 460.385132 0.752941 0.752941 0.752941
vn -0.422583 -0.014601 0.906207
v 8.915199 12.734549 462.609680 0.752941 0.752941 0.752941
vn 0.898191 0.147827 0.414006
v 20.963503 17.761116 460.045807 0.752941 0.752941 0.752941
vn 0.980877 -0.137281 0.137967
v 25.414698 8.713447 460.295502 0.752941 0.752941 0.752941
vn -0.287493 -0.755484 0.588720
v 11.417431 8.426309 460.419373 0.752941 0.752941 0.752941
vn -0.066559 -0.838014 0.541574
v 14.010107 7.706157 460.403839 0.752941 0.752941 0.752941
vn -0.318991 0.724379 0.611163
v 7.832830 15.861328 460.371521 0.752941 0.752941 0.752941
vn -0.527896 0.526358 0.666538
v 6.493370 15.123829 460.106384 0.752941 0.752941 0.752941
vn -0.298884 -0.756602 0.581568
v 11.105501 8.346378 460.169952 0.752941 0.752941 0.752941
vn -0.065343 -0.806865 0.587110
v 17.931410 7.278976 460.299164 0.752941 0.752941 0.752941
vn -0.410511 0.581193 0.702635
v 5.989300 14.749097 460.199677 0.752941 0.752941 0.752941
vn -0.319644 -0.710445 0.626974
v 7.971522 9.411389 460.097321 0.752941 0.752941 0.752941
vn -0.499808 0.663159 0.557146
v 11.761921 16.409140 462.588562 0.752941 0.752941 0.752941
vn -0.268744 -0.693581 0.668373
v 9.633223 8.830679 460.376404 0.752941 0.752941 0.752941
vn -0.106753 -0.838100 0.534969
v 15.181160 7.665060 460.306702 0.752941 0.752941 0.752941
vn -0.307253 -0.807189 0.504025
v 13.635647 7.967813 460.603088 0.752941 0.752941 0.752941
vn -0.575623 0.209690 0.790372
v 5.097753 13.492666 460.252716 0.752941 0.752941 0.752941
vn -0.155421 -0.786273 0.598012
v 12.731470 8.030071 460.433807 0.752941 0.752941 0.752941
vn -0.137864 -0.785544 0.603253
v 13.344185 7.917830 460.353271 0.752941 0.752941 0.752941
vn 0.014955 -0.832172 0.554315
v 14.504773 7.614020 460.160309 0.752941 0.752941 0.752941
vn -0.268975 0.925111 0.267994
v 9.364434 16.736544 459.968475 0.752941 0.752941 0.752941
vn -0.121967 0.938953 -0.321700
v 18.884920 18.295679 460.570374 0.752941 0.752941 0.752941
vn 0.779514 0.625536 -0.032581
v 23.316956 14.180202 459.909607 0.752941 0.752941 0.752941
vn 0.864684 0.495817 0.080538
v 20.700754 17.051119 460.441528 0.752941 0.752941 0.752941
vn 0.199881 0.975538 -0.091506
v 20.389008 18.487898 460.402954 0.752941 0.752941 0.752941
vn 0.179646 -0.827839 0.531422
v 23.841312 8.036858 460.758820 0.752941 0.752941 0.752941
vn -0.086783 -0.847412 0.523795
v 12.343601 8.151371 460.575195 0.752941 0.752941 0.752941
vn -0.071805 -0.853280 0.516485
v 21.041336 9.248341 462.931091 0.752941 0.752941 0.752941
vn 0.032948 -0.826197 0.562416
v 21.218269 8.920023 462.437103 0.752941 0.752941 0.752941
vn 0.086849 -0.825231 0.558078
v 16.804762 7.372093 460.217468 0.752941 0.752941 0.752941
vn -0.309084 -0.668600 0.676344
v 7.668365 9.834153 460.412933 0.752941 0.752941 0.752941
vn -0.080195 -0.807419 0.584502
v 14.551608 9.344683 462.648132 0.752941 0.752941 0.752941
vn -0.470042 0.341134 0.814057
v 5.434904 14.060347 460.323395 0.752941 0.752941 0.752941
vn -0.421200 0.610281 0.670930
v 6.343703 14.798279 460.360443 0.752941 0.752941 0.752941
vn -0.128919 -0.842695 0.522729
v 15.796717 7.583884 460.359344 0.752941 0.752941 0.752941
vn 0.007120 -0.855013 0.518557
v 19.599497 7.320522 460.261963 0.752941 0.752941 0.752941
vn -0.571840 0.576284 0.583863
v 6.846425 15.167719 460.466766 0.752941 0.752941 0.752941
vn -0.366764 -0.650584 0.665000
v 7.229213 9.915419 460.307465 0.752941 0.752941 0.752941
vn 0.001660 -0.866968 0.498361
v 14.328974 7.922715 460.597321 0.752941 0.752941 0.752941
vn -0.282381 -0.610269 0.740158
v 9.514797 9.058092 460.473419 0.752941 0.752941 0.752941
vn -0.337494 0.588892 0.734373
v 7.441021 15.659174 460.427094 0.752941 0.752941 0.752941
vn 0.698114 0.692804 -0.180718
v 21.131184 16.800127 460.977661 0.752941 0.752941 0.752941
vn -0.219271 0.975663 -0.001613
v 13.115305 17.425205 460.564941 0.752941 0.752941 0.752941
vn 0.778778 0.001451 0.627298
v 20.606400 17.940079 460.727386 0.752941 0.752941 0.752941
vn -0.233737 -0.849212 0.473503
v 16.235308 7.535080 460.451050 0.752941 0.752941 0.752941
vn -0.185912 -0.799769 0.570794
v 10.098160 8.790505 460.473297 0.752941 0.752941 0.752941
vn -0.411395 -0.579485 0.703528
v 7.108470 10.586105 460.782318 0.752941 0.752941 0.752941
vn -0.612064 -0.055838 0.788834
v 5.537235 12.299718 460.541260 0.752941 0.752941 0.752941
vn -0.384243 -0.647094 0.658504
v 8.813561 9.408230 460.673828 0.752941 0.752941 0.752941
vn -0.563958 -0.011374 0.825725
v 5.260484 12.869581 460.350281 0.752941 0.752941 0.752941
vn -0.320713 -0.694260 0.644319
v 7.995575 9.627032 460.338409 0.752941 0.752941 0.752941
vn -0.417982 0.433995 0.798085
v 6.108072 14.519565 460.450684 0.752941 0.752941 0.752941
vn -0.197014 -0.804770 0.559938
v 10.915606 8.625128 460.519775 0.752941 0.752941 0.752941
vn -0.491846 0.500536 0.712426
v 10.068222 15.133017 462.553467 0.752941 0.752941 0.752941
vn -0.168641 -0.872006 0.459529
v 17.605427 7.535910 460.499939 0.752941 0.752941 0.752941
vn -0.374067 -0.698672 0.609861
v 8.209682 9.865048 460.695068 0.752941 0.752941 0.752941
vn -0.431995 -0.576759 0.693346
v 6.384628 10.650034 460.383911 0.752941 0.752941 0.752941
vn -0.361495 -0.629461 0.687823
v 9.870379 9.211266 460.816040 0.752941 0.752941 0.752941
vn -0.377209 -0.649836 0.659868
v 7.950033 10.009101 460.706482 0.752941 0.752941 0.752941
vn -0.380477 0.775200 0.504284
v 8.413588 16.122541 460.443939 0.752941 0.752941 0.752941
vn -0.361771 -0.549596 0.753038
v 9.883207 10.752292 462.331848 0.752941 0.752941 0.752941
vn 0.038480 -0.867503 0.495942
v 19.390947 7.905776 461.161407 0.752941 0.752941 0.752941
vn 0.994726 0.074272 0.070743
v 25.400585 9.468312 460.430756 0.752941 0.752941 0.752941
vn -0.301016 0.882520 0.361314
v 10.805938 16.830240 461.053802 0.752941 0.752941 0.752941
vn -0.173042 -0.759361 0.627238
v 14.269747 9.478145 462.818176 0.752941 0.752941 0.752941
vn 0.733017 0.542835 0.409898
v 20.693459 18.255758 460.580750 0.752941 0.752941 0.752941
vn 0.052726 -0.802425 0.594419
v 20.241020 8.899300 462.477417 0.752941 0.752941 0.752941
vn -0.557223 -0.158998 0.814999
v 5.811100 11.938022 460.735291 0.752941 0.752941 0.752941
vn -0.296160 -0.751307 0.589769
v 15.616812 8.928386 462.441376 0.752941 0.752941 0.752941
vn -0.625122 0.515726 0.585875
v 6.720552 14.942335 460.586243 0.752941 0.752941 0.752941
vn -0.277646 -0.702689 0.655088
v 11.788971 10.001867 462.572235 0.752941 0.752941 0.752941
vn -0.410211 0.224714 0.883873
v 5.997272 13.867875 460.579926 0.752941 0.752941 0.752941
vn 0.066254 -0.824197 0.562413
v 21.989109 8.974187 462.663269 0.752941 0.752941 0.752941
vn -0.349207 0.605455 0.715178
v 7.554800 15.329165 460.629974 0.752941 0.752941 0.752941
vn 0.040808 -0.868121 0.494673
v 16.550097 7.511154 460.511688 0.752941 0.752941 0.752941
vn -0.460414 0.785951 0.412673
v 8.642157 16.112114 460.693420 0.752941 0.752941 0.752941
vn -0.060495 -0.860247 0.506276
v 16.360195 8.893267 462.414001 0.752941 0.752941 0.752941
vn -0.265890 -0.722761 0.637902
v 10.103174 9.018505 460.780914 0.752941 0.752941 0.752941
vn 0.673238 0.719856 -0.168993
v 19.797373 18.636633 462.477570 0.752941 0.752941 0.752941
vn -0.289075 0.935993 0.200882
v 13.637405 17.479191 461.877625 0.752941 0.752941 0.752941
vn -0.371779 0.632053 0.679919
v 7.027709 15.143443 460.667236 0.752941 0.752941 0.752941
vn 0.136993 -0.837602 0.528825
v 22.874941 8.049734 461.110992 0.752941 0.752941 0.752941
vn -0.353176 0.114854 0.928480
v 8.982987 13.413056 462.563110 0.752941 0.752941 0.752941
vn -0.030714 -0.864388 0.501886
v 18.131968 7.651714 460.898071 0.752941 0.752941 0.752941
vn -0.071869 -0.818620 0.569822
v 17.375422 7.446486 460.290436 0.752941 0.752941 0.752941
vn -0.577820 0.187541 0.794325
v 8.420581 13.295680 462.414612 0.752941 0.752941 0.752941
vn -0.456090 0.565354 0.687283
v 10.323638 15.659925 462.276611 0.752941 0.752941 0.752941
vn -0.185462 -0.790118 0.584224
v 10.528943 8.846038 460.673035 0.752941 0.752941 0.752941
vn -0.261167 -0.781899 0.566062
v 13.339035 8.146950 460.650391 0.752941 0.752941 0.752941
vn -0.508643 -0.405926 0.759281
v 5.722054 11.246612 460.440613 0.752941 0.752941 0.752941
vn -0.327442 -0.632550 0.701899
v 8.747447 9.626749 460.798126 0.752941 0.752941 0.752941
vn -0.459349 -0.216977 0.861347
v 8.996531 11.932954 462.552551 0.752941 0.752941 0.752941
vn -0.234151 -0.659664 0.714154
v 9.328581 9.361929 460.723816 0.752941 0.752941 0.752941
vn -0.597616 -0.033364 0.801088
v 5.755310 12.412297 460.747314 0.752941 0.752941 0.752941
vn -0.563535 0.023948 0.825745
v 8.440446 13.105984 462.450714 0.752941 0.752941 0.752941
vn -0.233143 -0.851017 0.470547
v 16.021997 7.772439 460.686493 0.752941 0.752941 0.752941
vn -0.135337 -0.894486 0.426120
v 17.469326 7.668014 460.843201 0.752941 0.752941 0.752941
vn -0.323282 0.855233 0.405051
v 9.435565 16.330946 460.968384 0.752941 0.752941 0.752941
vn -0.275593 0.651930 0.706424
v 7.391392 15.179597 460.757446 0.752941 0.752941 0.752941
vn -0.525589 0.092289 0.845718
v 5.710667 12.994125 460.696533 0.752941 0.752941 0.752941
vn -0.160190 -0.690764 0.705113
v 12.650308 9.670943 462.382599 0.752941 0.752941 0.752941
vn -0.431044 0.648856 0.627046
v 10.945372 16.278414 462.186493 0.752941 0.752941 0.752941
vn -0.535568 0.609570 0.584459
v 11.096634 16.049593 462.568420 0.752941 0.752941 0.752941
vn 0.462590 0.291257 0.837365
v 20.127644 18.261524 460.993500 0.752941 0.752941 0.752941
vn -0.142543 0.947647 -0.285738
v 16.431644 17.870531 460.370422 0.752941 0.752941 0.752941
vn -0.157285 -0.869163 0.468846
v 16.433098 7.662520 460.836060 0.752941 0.752941 0.752941
vn -0.443879 -0.445732 0.777364
v 6.852280 11.164098 461.066467 0.752941 0.752941 0.752941
vn 0.054666 -0.783456 0.619038
v 20.632801 8.863672 462.409912 0.752941 0.752941 0.752941
vn -0.205151 -0.812260 0.546029
v 12.955202 8.461819 460.964966 0.752941 0.752941 0.752941
vn -0.179441 -0.771587 0.610290
v 12.204459 8.327579 460.776978 0.752941 0.752941 0.752941
vn -0.404066 0.568739 0.716426
v 7.790002 15.617481 460.609680 0.752941 0.752941 0.752941
vn -0.484921 0.574848 0.659091
v 7.966028 15.303586 460.960327 0.752941 0.752941 0.752941
vn -0.484427 0.641986 0.594293
v 8.302584 15.772400 460.774200 0.752941 0.752941 0.752941
vn -0.573359 0.611220 0.545590
v 8.513039 15.768015 460.988037 0.752941 0.752941 0.752941
vn -0.269013 -0.672980 0.689007
v 9.177609 9.705511 461.001312 0.752941 0.752941 0.752941
vn -0.231438 -0.805400 0.545680
v 10.987386 8.834472 460.801178 0.752941 0.752941 0.752941
vn -0.408574 0.495672 0.766405
v 7.393392 14.807983 461.042267 0.752941 0.752941 0.752941
vn -0.047501 -0.870362 0.490116
v 14.755980 7.943286 460.709930 0.752941 0.752941 0.752941
vn -0.161601 -0.855703 0.491586
v 15.927587 7.874956 460.876038 0.752941 0.752941 0.752941
vn -0.583450 0.399164 0.707286
v 6.543507 14.508309 460.683289 0.752941 0.752941 0.752941
vn -0.109315 -0.832813 0.542653
v 13.875921 8.016864 460.797821 0.752941 0.752941 0.752941
vn -0.431072 0.628695 0.647240
v 7.862210 15.086509 461.097046 0.752941 0.752941 0.752941
vn -0.065952 -0.762317 0.643834
v 12.704599 8.350616 460.730347 0.752941 0.752941 0.752941
vn -0.502493 -0.229814 0.833478
v 6.205376 11.642872 460.882965 0.752941 0.752941 0.752941
vn -0.390720 -0.474436 0.788827
v 9.259953 11.173562 462.401917 0.752941 0.752941 0.752941
vn -0.002365 0.975262 -0.221040
v 19.576908 18.500572 460.967651 0.752941 0.752941 0.752941
vn -0.182154 0.983099 -0.018336
v 13.742523 17.607479 460.645874 0.752941 0.752941 0.752941
vn -0.207165 0.977618 0.036694
v 14.281910 17.646135 461.013641 0.752941 0.752941 0.752941
vn -0.160062 0.981832 -0.101910
v 14.848984 17.772825 460.825928 0.752941 0.752941 0.752941
vn 0.551765 -0.718507 0.423442
v 25.256262 8.075177 460.231323 0.752941 0.752941 0.752941
vn -0.448461 0.797290 0.403995
v 11.736225 16.623558 462.243164 0.752941 0.752941 0.752941
vn 0.995532 -0.078000 0.053211
v 25.427486 9.680608 461.877899 0.752941 0.752941 0.752941
vn -0.053865 -0.883452 0.465415
v 17.036081 7.719835 460.730316 0.752941 0.752941 0.752941
vn 0.034747 -0.880632 0.472524
v 20.909250 7.887191 461.021454 0.752941 0.752941 0.752941
vn -0.130938 -0.875917 0.464353
v 15.430043 7.820537 460.635254 0.752941 0.752941 0.752941
vn -0.295380 -0.770302 0.565142
v 13.675156 8.193773 460.996704 0.752941 0.752941 0.752941
vn -0.292070 -0.790969 0.537645
v 11.434875 8.875695 461.102631 0.752941 0.752941 0.752941
vn -0.250745 -0.672245 0.696573
v 8.753444 10.013048 461.148010 0.752941 0.752941 0.752941
vn -0.434152 0.685574 0.584381
v 8.803602 15.993176 461.056305 0.752941 0.752941 0.752941
vn -0.382307 -0.669557 0.636816
v 8.409379 10.002631 461.015228 0.752941 0.752941 0.752941
vn -0.406044 0.250108 0.878962
v 8.686791 13.818649 462.391937 0.752941 0.752941 0.752941
vn -0.180050 -0.750952 0.635337
v 16.298288 7.831522 461.048126 0.752941 0.752941 0.752941
vn -0.028883 -0.850713 0.524836
v 14.500443 8.030479 460.918488 0.752941 0.752941 0.752941
vn -0.503416 -0.037662 0.863223
v 6.084646 12.374263 460.944153 0.752941 0.752941 0.752941
vn -0.374331 0.641212 0.669869
v 7.632322 15.052270 460.992798 0.752941 0.752941 0.752941
vn -0.357120 -0.618289 0.700132
v 7.625321 10.391348 460.853302 0.752941 0.752941 0.752941
vn -0.435017 0.508951 0.742784
v 6.921531 14.816611 460.871979 0.752941 0.752941 0.752941
vn -0.291083 -0.805646 0.515951
v 13.388801 8.265411 460.882172 0.752941 0.752941 0.752941
vn -0.502030 0.192536 0.843147
v 6.679512 13.414719 461.296204 0.752941 0.752941 0.752941
vn -0.093385 -0.777640 0.621735
v 17.353539 7.911356 461.192871 0.752941 0.752941 0.752941
vn -0.303234 -0.649860 0.696944
v 13.782295 9.443967 462.556732 0.752941 0.752941 0.752941
vn -0.355552 0.349810 0.866727
v 7.327184 14.314651 461.228516 0.752941 0.752941 0.752941
vn -0.278848 -0.722517 0.632624
v 10.361345 9.104464 460.993744 0.752941 0.752941 0.752941
vn -0.328765 -0.790490 0.516759
v 11.616673 8.634076 460.850342 0.752941 0.752941 0.752941
vn -0.062668 -0.812999 0.578883
v 14.335130 9.171988 462.325012 0.752941 0.752941 0.752941
vn -0.105782 -0.807209 0.580710
v 14.942407 9.084875 462.379486 0.752941 0.752941 0.752941
vn -0.612650 0.178584 0.769914
v 6.272204 13.307422 460.877014 0.752941 0.752941 0.752941
vn -0.237629 -0.764895 0.598722
v 15.196706 9.000740 462.286224 0.752941 0.752941 0.752941
vn -0.388389 0.731559 0.560335
v 8.969864 16.178268 460.964844 0.752941 0.752941 0.752941
vn -0.143300 0.961341 -0.235135
v 17.779264 18.224354 460.771179 0.752941 0.752941 0.752941
vn -0.130097 0.955245 -0.265672
v 18.164921 18.307034 460.978302 0.752941 0.752941 0.752941
vn 0.494378 0.799701 0.340688
v 19.977520 18.402319 460.992523 0.752941 0.752941 0.752941
vn -0.387673 0.793139 0.469723
v 10.092226 16.332466 461.426483 0.752941 0.752941 0.752941
vn 0.073829 -0.871816 0.484238
v 18.815113 7.775223 460.996002 0.752941 0.752941 0.752941
vn -0.460132 0.477317 0.748630
v 7.684436 14.722631 461.309509 0.752941 0.752941 0.752941
vn -0.046956 -0.749254 0.660616
v 16.827072 8.043402 461.245575 0.752941 0.752941 0.752941
vn 0.050155 -0.801188 0.596307
v 16.747702 7.886473 461.083801 0.752941 0.752941 0.752941
vn -0.223882 -0.748749 0.623900
v 11.827579 8.674967 461.069122 0.752941 0.752941 0.752941
vn -0.343808 -0.699971 0.625969
v 11.249344 10.210394 462.455780 0.752941 0.752941 0.752941
vn 0.029404 -0.836212 0.547617
v 19.760923 8.899222 462.550079 0.752941 0.752941 0.752941
vn -0.430487 -0.587064 0.685593
v 8.097139 10.400094 461.150574 0.752941 0.752941 0.752941
vn -0.589359 0.554757 0.587283
v 8.529290 15.547936 461.232178 0.752941 0.752941 0.752941
vn -0.229865 -0.803837 0.548642
v 10.823389 9.062578 461.116211 0.752941 0.752941 0.752941
vn -0.130331 -0.798898 0.587177
v 15.941111 8.013891 461.058350 0.752941 0.752941 0.752941
vn 0.063843 -0.843874 0.532729
v 21.568678 7.880679 461.047668 0.752941 0.752941 0.752941
vn -0.466394 0.569767 0.676640
v 8.025629 15.091951 461.205292 0.752941 0.752941 0.752941
vn -0.565420 -0.180567 0.804795
v 6.384437 12.030957 461.067719 0.752941 0.752941 0.752941
vn -0.595738 0.319704 0.736808
v 6.726508 14.270251 461.069061 0.752941 0.752941 0.752941
vn -0.303313 -0.722740 0.621005
v 10.850811 9.218029 461.324463 0.752941 0.752941 0.752941
vn -0.307003 0.364289 0.879228
v 6.917791 14.291255 461.160431 0.752941 0.752941 0.752941
vn -0.460109 -0.443387 0.769226
v 6.533982 11.189158 460.892090 0.752941 0.752941 0.752941
vn -0.371115 0.659466 0.653742
v 9.357764 15.993869 461.283813 0.752941 0.752941 0.752941
vn -0.071686 -0.739092 0.669779
v 16.425295 8.057858 461.284821 0.752941 0.752941 0.752941
vn -0.261072 0.962795 -0.069772
v 17.915884 18.615118 462.487091 0.752941 0.752941 0.752941
vn 0.817836 0.569616 0.081740
v 22.882246 14.645116 460.912903 0.752941 0.752941 0.752941
vn 0.838313 0.535389 0.102909
v 24.369171 12.642695 460.628052 0.752941 0.752941 0.752941
vn -0.554297 -0.211863 0.804903
v 6.704841 11.838865 461.258911 0.752941 0.752941 0.752941
vn -0.518352 0.557799 0.648206
v 8.315350 15.194756 461.308105 0.752941 0.752941 0.752941
vn -0.123933 -0.803205 0.582668
v 14.804852 8.221804 461.175171 0.752941 0.752941 0.752941
vn -0.388715 -0.559345 0.732144
v 7.550443 10.754864 461.171295 0.752941 0.752941 0.752941
vn -0.051668 -0.793974 0.605753
v 18.367956 8.827474 462.608704 0.752941 0.752941 0.752941
vn -0.669165 0.023794 0.742733
v 6.509160 12.702362 461.161194 0.752941 0.752941 0.752941
vn -0.349059 -0.657607 0.667616
v 10.449450 9.359012 461.244690 0.752941 0.752941 0.752941
vn -0.144829 -0.744924 0.651240
v 13.704507 8.426827 461.250153 0.752941 0.752941 0.752941
vn 0.195707 -0.793458 0.576302
v 22.638659 9.054004 462.413544 0.752941 0.752941 0.752941
vn -0.087662 -0.803721 0.588514
v 14.120201 8.130261 461.031586 0.752941 0.752941 0.752941
vn -0.303306 0.252710 0.918772
v 6.923970 13.946865 461.261963 0.752941 0.752941 0.752941
vn 0.066566 -0.804658 0.589996
v 20.979401 8.782440 462.277130 0.752941 0.752941 0.752941
vn -0.164401 0.975768 -0.144390
v 15.686578 18.023628 461.597412 0.752941 0.752941 0.752941
vn -0.200314 0.968650 -0.146943
v 16.750221 18.172760 461.608307 0.752941 0.752941 0.752941
vn -0.058877 -0.827072 0.559003
v 18.357895 7.955924 461.428375 0.752941 0.752941 0.752941
vn -0.227588 0.963145 -0.143369
v 17.409229 18.495838 462.111267 0.752941 0.752941 0.752941
vn 0.278964 -0.788442 0.548214
v 24.814468 8.716621 461.434570 0.752941 0.752941 0.752941
vn -0.524916 0.274706 0.805605
v 7.728723 14.021585 461.604095 0.752941 0.752941 0.752941
vn -0.106915 -0.758488 0.642857
v 12.327548 8.705375 461.181885 0.752941 0.752941 0.752941
vn 0.141278 -0.790552 0.595876
v 21.809839 8.226922 461.478821 0.752941 0.752941 0.752941
vn -0.320577 -0.684903 0.654323
v 9.849638 9.659922 461.279572 0.752941 0.752941 0.752941
vn 0.205356 -0.811511 0.547064
v 23.896164 8.411423 461.203278 0.752941 0.752941 0.752941
vn -0.242089 -0.802594 0.545194
v 11.354703 8.984488 461.235535 0.752941 0.752941 0.752941
vn -0.179114 -0.786726 0.590746
v 13.369984 8.481241 461.297546 0.752941 0.752941 0.752941
vn -0.163176 -0.820252 0.548234
v 15.370129 8.106577 461.274353 0.752941 0.752941 0.752941
vn 0.004100 -0.856282 0.516493
v 15.630426 8.056186 461.191223 0.752941 0.752941 0.752941
vn -0.351158 0.220108 0.910077
v 7.186187 13.739975 461.378693 0.752941 0.752941 0.752941
vn 0.077648 -0.775350 0.626740
v 23.535961 9.015805 462.310699 0.752941 0.752941 0.752941
vn -0.050742 -0.777664 0.626629
v 16.669113 8.310907 461.574524 0.752941 0.752941 0.752941
vn -0.344161 -0.731547 0.588551
v 15.106767 8.325909 461.370880 0.752941 0.752941 0.752941
vn -0.232257 -0.700512 0.674788
v 13.386926 9.432521 462.372284 0.752941 0.752941 0.752941
vn -0.192377 -0.679976 0.707548
v 11.972625 9.835322 462.465454 0.752941 0.752941 0.752941
vn -0.341773 -0.681932 0.646653
v 11.506879 9.940632 462.286469 0.752941 0.752941 0.752941
vn -0.121039 -0.715590 0.687954
v 11.965075 8.903210 461.311462 0.752941 0.752941 0.752941
vn -0.501276 -0.225647 0.835348
v 8.436655 11.731219 462.222443 0.752941 0.752941 0.752941
vn -0.303245 0.689755 0.657480
v 9.187335 15.818350 461.446350 0.752941 0.752941 0.752941
vn -0.525480 0.105509 0.844238
v 6.713433 13.054774 461.379211 0.752941 0.752941 0.752941
vn -0.367172 -0.600252 0.710551
v 8.485340 10.331185 461.368500 0.752941 0.752941 0.752941
vn -0.378896 0.581778 0.719703
v 8.841515 15.468462 461.622253 0.752941 0.752941 0.752941
vn -0.304813 -0.751736 0.584793
v 15.454455 9.265517 462.694702 0.752941 0.752941 0.752941
vn -0.057734 -0.798369 0.599395
v 16.201221 8.161470 461.370514 0.752941 0.752941 0.752941
vn -0.429216 0.674397 0.600801
v 9.551016 16.124559 461.324310 0.752941 0.752941 0.752941
vn -0.420923 0.624114 0.658260
v 8.890242 15.679621 461.462128 0.752941 0.752941 0.752941
vn 0.005090 -0.802492 0.596642
v 15.777525 8.398742 461.618988 0.752941 0.752941 0.752941
vn -0.056799 -0.885704 0.460763
v 16.967905 8.614621 462.108490 0.752941 0.752941 0.752941
vn -0.410726 -0.113083 0.904719
v 6.832258 12.304964 461.453583 0.752941 0.752941 0.752941
vn -0.527185 0.400825 0.749277
v 8.101158 14.611432 461.567841 0.752941 0.752941 0.752941
vn -0.270695 -0.804739 0.528318
v 13.074043 8.665171 461.373566 0.752941 0.752941 0.752941
vn -0.087019 -0.791181 0.605360
v 13.647830 8.685554 461.532074 0.752941 0.752941 0.752941
vn -0.100104 -0.762232 0.639517
v 14.379428 8.419375 461.328705 0.752941 0.752941 0.752941
vn -0.344154 -0.686996 0.639995
v 10.577271 9.560288 461.549286 0.752941 0.752941 0.752941
vn -0.258654 -0.757601 0.599282
v 15.288012 8.299850 461.522064 0.752941 0.752941 0.752941
vn -0.086777 -0.847738 0.523268
v 16.963779 8.483719 461.824310 0.752941 0.752941 0.752941
vn 0.077855 -0.807578 0.584600
v 21.296082 8.049118 461.399780 0.752941 0.752941 0.752941
vn -0.432565 0.630804 0.644184
v 9.934134 16.020792 461.768829 0.752941 0.752941 0.752941
vn -0.441071 -0.063324 0.895235
v 7.357216 12.096092 461.637726 0.752941 0.752941 0.752941
vn -0.558415 -0.027479 0.829106
v 6.742839 12.601885 461.437958 0.752941 0.752941 0.752941
vn -0.334623 0.075663 0.939310
v 7.119192 12.766845 461.529541 0.752941 0.752941 0.752941
vn -0.303231 0.884778 0.353863
v 11.327803 16.663763 461.660858 0.752941 0.752941 0.752941
vn 0.735460 -0.553236 0.391190
v 25.346258 8.960794 461.317078 0.752941 0.752941 0.752941
vn 0.805427 0.534249 0.256642
v 23.564156 13.287932 462.047668 0.752941 0.752941 0.752941
vn -0.188051 0.935337 -0.299635
v 18.613184 18.604252 461.631256 0.752941 0.752941 0.752941
vn 0.843217 0.444954 0.301665
v 20.335533 17.614943 461.048492 0.752941 0.752941 0.752941
vn -0.410461 0.442768 0.797169
v 9.352818 14.849726 462.286224 0.752941 0.752941 0.752941
vn -0.301028 -0.655898 0.692228
v 11.035489 9.457572 461.703125 0.752941 0.752941 0.752941
vn -0.457662 0.626066 0.631337
v 9.513684 15.789904 461.660919 0.752941 0.752941 0.752941
vn 0.106430 -0.796323 0.595435
v 23.322975 8.611096 461.749969 0.752941 0.752941 0.752941
vn 0.030299 -0.809210 0.586737
v 19.334324 8.189736 461.632690 0.752941 0.752941 0.752941
vn -0.204766 -0.758733 0.618382
v 12.337474 8.948092 461.473572 0.752941 0.752941 0.752941
vn -0.548347 0.560435 0.620668
v 10.804737 15.777944 462.498505 0.752941 0.752941 0.752941
vn 0.089884 -0.755534 0.648914
v 22.845169 8.297176 461.498627 0.752941 0.752941 0.752941
vn -0.149975 -0.755331 0.637952
v 11.670786 9.014043 461.402954 0.752941 0.752941 0.752941
vn -0.440743 -0.317357 0.839661
v 7.319401 11.529976 461.498444 0.752941 0.752941 0.752941
vn 0.147362 -0.804013 0.576062
v 18.829987 8.874005 462.514984 0.752941 0.752941 0.752941
vn -0.149867 -0.761798 0.630241
v 11.880477 9.165438 461.564728 0.752941 0.752941 0.752941
vn -0.012675 -0.858384 0.512852
v 15.822134 8.876292 462.404327 0.752941 0.752941 0.752941
vn -0.162830 -0.784034 0.598980
v 14.855293 8.506137 461.552094 0.752941 0.752941 0.752941
vn -0.505588 0.557935 0.658095
v 8.679438 15.240716 461.702545 0.752941 0.752941 0.752941
vn -0.213962 -0.800131 0.560367
v 12.585800 8.872453 461.454010 0.752941 0.752941 0.752941
vn -0.261624 -0.754819 0.601499
v 15.344494 8.472286 461.736176 0.752941 0.752941 0.752941
vn -0.085910 -0.803079 0.589647
v 16.856279 8.834216 462.465485 0.752941 0.752941 0.752941
vn -0.443032 0.536795 0.718034
v 9.843350 15.361473 462.200287 0.752941 0.752941 0.752941
vn -0.242204 -0.757695 0.606000
v 11.288329 9.223619 461.539703 0.752941 0.752941 0.752941
vn 0.962645 0.251289 -0.100842
v 25.314756 10.425541 461.608124 0.752941 0.752941 0.752941
vn 0.807305 0.589905 -0.016433
v 21.690041 16.387783 462.118683 0.752941 0.752941 0.752941
vn -0.080220 -0.790098 0.607708
v 17.669003 8.152232 461.404358 0.752941 0.752941 0.752941
vn -0.398223 0.797581 0.453082
v 10.623501 16.406780 461.818909 0.752941 0.752941 0.752941
vn 0.051149 -0.791194 0.609422
v 22.292110 8.221052 461.394440 0.752941 0.752941 0.752941
vn 0.007905 -0.808615 0.588286
v 19.886160 8.130315 461.623413 0.752941 0.752941 0.752941
vn -0.254438 0.966161 0.042364
v 15.152294 17.933887 462.113708 0.752941 0.752941 0.752941
vn -0.505388 -0.156563 0.848570
v 7.961664 12.013217 462.002502 0.752941 0.752941 0.752941
vn 0.809419 0.524012 0.265053
v 24.486855 12.089187 461.842133 0.752941 0.752941 0.752941
vn 0.043139 -0.806340 0.589878
v 20.863230 8.129273 461.538177 0.752941 0.752941 0.752941
vn -0.141809 -0.801995 0.580254
v 14.229428 8.763166 461.769379 0.752941 0.752941 0.752941
vn 0.862649 0.465947 0.196800
v 22.548096 14.970894 461.954376 0.752941 0.752941 0.752941
vn -0.356200 0.839033 0.411273
v 12.474816 16.908382 462.496002 0.752941 0.752941 0.752941
vn -0.063159 -0.806672 0.587615
v 17.223551 8.214074 461.523987 0.752941 0.752941 0.752941
vn -0.512903 0.075544 0.855116
v 7.619782 12.990509 461.774567 0.752941 0.752941 0.752941
vn -0.219404 -0.781107 0.584580
v 13.220754 8.839250 461.754395 0.752941 0.752941 0.752941
vn -0.259410 -0.800079 0.540907
v 12.261888 9.216148 461.808929 0.752941 0.752941 0.752941
vn 0.050433 -0.794400 0.605298
v 23.172531 8.971079 462.243011 0.752941 0.752941 0.752941
vn -0.022584 -0.763375 0.645560
v 19.434828 8.294579 461.805664 0.752941 0.752941 0.752941
vn -0.437098 0.552618 0.709618
v 9.742414 15.612649 461.974518 0.752941 0.752941 0.752941
vn -0.455000 0.617246 0.641858
v 10.391446 16.152067 461.938477 0.752941 0.752941 0.752941
vn -0.118598 -0.815666 0.566236
v 17.943956 8.400906 461.935577 0.752941 0.752941 0.752941
vn 0.129138 -0.777991 0.614860
v 19.008064 8.091483 461.625793 0.752941 0.752941 0.752941
vn 0.078592 -0.747530 0.659562
v 22.990564 8.598595 461.744507 0.752941 0.752941 0.752941
vn -0.220259 -0.757252 0.614863
v 15.038897 8.702316 461.822357 0.752941 0.752941 0.752941
vn 0.073126 -0.739162 0.669546
v 21.112602 8.419738 461.766724 0.752941 0.752941 0.752941
vn -0.110267 -0.794771 0.596808
v 13.975153 9.227240 462.449371 0.752941 0.752941 0.752941
vn -0.043182 -0.877568 0.477503
v 17.553276 8.318435 461.727051 0.752941 0.752941 0.752941
vn 0.034782 -0.780945 0.623631
v 21.858252 8.495104 461.800110 0.752941 0.752941 0.752941
vn -0.162538 -0.726196 0.667997
v 11.534151 9.363803 461.781128 0.752941 0.752941 0.752941
vn 0.029348 -0.797100 0.603134
v 19.108027 8.738601 462.280029 0.752941 0.752941 0.752941
vn -0.380499 -0.695870 0.609086
v 10.179168 9.918893 461.704529 0.752941 0.752941 0.752941
vn -0.140058 -0.671680 0.727482
v 12.379263 9.488471 462.199402 0.752941 0.752941 0.752941
vn -0.246728 -0.736375 0.629982
v 12.968052 9.052223 461.888245 0.752941 0.752941 0.752941
vn -0.026936 -0.774313 0.632230
v 18.267258 8.459722 462.112488 0.752941 0.752941 0.752941
vn -0.610837 -0.009495 0.791699
v 8.128117 12.802959 462.102509 0.752941 0.752941 0.752941
vn -0.019622 -0.813296 0.581519
v 17.219814 8.748526 462.348785 0.752941 0.752941 0.752941
vn -0.078100 -0.872518 0.482300
v 21.475657 8.976260 462.501434 0.752941 0.752941 0.752941
vn -0.575569 0.306008 0.758340
v 8.477646 14.049987 462.168457 0.752941 0.752941 0.752941
vn -0.433271 -0.481091 0.762120
v 8.350237 11.059482 461.781097 0.752941 0.752941 0.752941
vn -0.332102 -0.730337 0.596922
v 15.327514 8.781009 462.098724 0.752941 0.752941 0.752941
vn 0.044504 -0.768062 0.638827
v 20.543505 8.241419 461.659119 0.752941 0.752941 0.752941
vn -0.076216 0.976507 -0.201555
v 19.186689 18.863762 461.950836 0.752941 0.752941 0.752941
vn -0.434272 0.537568 0.722793
v 9.428966 15.316401 461.998444 0.752941 0.752941 0.752941
vn -0.155984 -0.803380 0.574673
v 15.062571 8.926294 462.133881 0.752941 0.752941 0.752941
vn -0.426845 0.538480 0.726527
v 10.175939 15.919727 461.957184 0.752941 0.752941 0.752941
vn -0.013076 -0.818077 0.574960
v 16.142496 8.489371 461.746979 0.752941 0.752941 0.752941
vn -0.252355 -0.644058 0.722154
v 10.977564 9.766934 461.904572 0.752941 0.752941 0.752941
vn -0.303899 -0.680376 0.666883
v 10.406635 10.040592 462.040741 0.752941 0.752941 0.752941
vn -0.118579 -0.802443 0.584829
v 14.436657 8.922736 462.049316 0.752941 0.752941 0.752941
vn -0.092419 -0.804156 0.587190
v 14.705753 8.714602 461.818329 0.752941 0.752941 0.752941
vn -0.358696 0.580026 0.731373
v 9.215009 15.459203 461.728729 0.752941 0.752941 0.752941
vn -0.063767 -0.822044 0.565841
v 14.166915 9.020697 462.130768 0.752941 0.752941 0.752941
vn -0.172566 -0.792030 0.585585
v 12.614838 9.164440 461.912750 0.752941 0.752941 0.752941
vn -0.344377 0.796343 0.497234
v 11.366700 16.436226 462.184845 0.752941 0.752941 0.752941
vn -0.394934 -0.649349 0.649903
v 9.888391 10.277128 461.937225 0.752941 0.752941 0.752941
vn -0.192172 -0.639364 0.744502
v 10.615475 10.144690 462.163452 0.752941 0.752941 0.752941
vn -0.243196 -0.769718 0.590245
v 12.002403 9.379187 461.912476 0.752941 0.752941 0.752941
vn -0.007571 -0.832345 0.554206
v 21.663418 8.688826 462.039185 0.752941 0.752941 0.752941
vn -0.182584 -0.755151 0.629611
v 13.484903 9.020582 462.053741 0.752941 0.752941 0.752941
vn -0.305880 0.834013 0.459195
v 10.886110 16.488899 461.932312 0.752941 0.752941 0.752941
vn -0.285426 -0.644798 0.709061
v 13.351884 9.110308 462.066315 0.752941 0.752941 0.752941
vn 0.081300 -0.744706 0.662422
v 18.923717 8.469897 461.972351 0.752941 0.752941 0.752941
vn -0.406276 0.466033 0.785972
v 8.760715 14.992182 461.980072 0.752941 0.752941 0.752941
vn -0.264654 0.610040 0.746867
v 9.020988 15.222023 461.840393 0.752941 0.752941 0.752941
vn 0.024397 -0.837303 0.546195
v 19.678041 8.760041 462.301849 0.752941 0.752941 0.752941
vn 0.579480 -0.671346 0.462057
v 25.229626 9.496078 462.305511 0.752941 0.752941 0.752941
vn 0.971288 0.232978 -0.048182
v 25.426918 10.467369 462.208893 0.752941 0.752941 0.752941
vn 0.881739 0.470451 0.034822
v 25.093166 11.029147 461.902893 0.752941 0.752941 0.752941
vn -0.440718 0.335287 0.832677
v 8.801613 14.462627 462.208740 0.752941 0.752941 0.752941
vn 0.089687 -0.826276 0.556079
v 22.234848 8.717354 462.187439 0.752941 0.752941 0.752941
vn -0.278100 -0.728046 0.626585
v 11.973703 9.580211 462.215668 0.752941 0.752941 0.752941
vn -0.285563 -0.658945 0.695877
v 11.518885 9.620996 462.005310 0.752941 0.752941 0.752941
vn -0.425117 0.348198 0.835484
v 8.884323 14.832625 462.072052 0.752941 0.752941 0.752941
vn -0.021991 -0.859195 0.511175
v 16.227125 8.779682 462.187561 0.752941 0.752941 0.752941
vn -0.708197 0.119035 0.695908
v 8.251455 13.107872 462.199982 0.752941 0.752941 0.752941
vn -0.112787 -0.819688 0.561597
v 15.558000 8.669192 462.081421 0.752941 0.752941 0.752941
vn -0.351033 -0.585089 0.731059
v 10.123540 10.437497 462.258514 0.752941 0.752941 0.752941
vn -0.347011 0.544535 0.763587
v 9.247676 15.013930 462.120697 0.752941 0.752941 0.752941
vn -0.105657 -0.848711 0.518196
v 16.508366 8.637671 462.013824 0.752941 0.752941 0.752941
vn -0.599521 0.407497 0.688855
v 8.438861 14.770509 461.798431 0.752941 0.752941 0.752941
vn 0.029471 -0.743186 0.668435
v 19.838587 8.541262 462.016876 0.752941 0.752941 0.752941
vn -0.325983 -0.632002 0.703071
v 9.213662 10.435849 461.759094 0.752941 0.752941 0.752941
vn 0.189480 -0.826222 0.530524
v 23.895273 8.756843 461.781464 0.752941 0.752941 0.752941
vn -0.183143 -0.740223 0.646938
v 12.533067 9.293526 462.092712 0.752941 0.752941 0.752941
vn -0.148536 -0.680889 0.717166
v 12.922528 9.379497 462.165314 0.752941 0.752941 0.752941
vn -0.046848 -0.809670 0.585012
v 17.544697 8.582139 462.177307 0.752941 0.752941 0.752941
vn -0.096882 -0.836401 0.539488
v 13.906638 8.921393 461.902527 0.752941 0.752941 0.752941
vn -0.296779 0.929982 0.216924
v 12.359591 17.230009 461.313324 0.752941 0.752941 0.752941
vn -0.160449 0.984345 -0.072948
v 16.364525 18.166946 462.050476 0.752941 0.752941 0.752941
vn 0.749578 0.643971 -0.153083
v 20.589386 17.840508 462.416382 0.752941 0.752941 0.752941
vn 0.210807 0.938960 -0.271872
v 19.449013 18.742292 461.504608 0.752941 0.752941 0.752941
# 3063 vertices, 0 vertices normals


usemtl material_0
vt 0.734695 0.502930
vt 0.730291 0.498054
vt 0.734777 0.497004
f 1/1/1 4/2/4 3/3/3
vt 0.732252 0.490809
f 4/2/4 5/4/5 3/3/3
vt 0.015685 0.662795
vt 0.018850 0.660752
vt 0.017493 0.666901
f 26/5/26 2/6/2 56/7/56
vt 0.730615 0.503259
f 1/1/1 9/8/9 4/2/4
vt 0.733978 0.493209
f 5/4/5 24/9/24 3/3/3
vt 0.111063 0.751387
vt 0.116864 0.758602
vt 0.111747 0.757429
f 3/10/3 25/11/25 1/12/1
vt 0.012499 0.666837
f 18/13/18 26/5/26 56/7/56
vt 0.025969 0.656830
vt 0.027563 0.660830
f 2/6/2 13/14/13 39/15/39
vt 0.113105 0.762709
f 10/16/10 1/12/1 25/11/25
vt 0.735095 0.510888
f 16/17/16 9/8/9 1/1/1
vt 0.501933 0.713591
vt 0.501160 0.715782
vt 0.500389 0.712375
f 4/18/4 6/19/6 8/20/8
vt 0.727052 0.491676
f 8/21/8 5/4/5 4/2/4
vt 0.738103 0.509016
f 10/22/10 16/17/16 1/1/1
vt 0.726832 0.499866
f 9/8/9 6/23/6 4/2/4
vt 0.728503 0.510475
f 28/24/28 9/8/9 16/17/16
vt 0.728658 0.486161
f 14/25/14 5/4/5 8/21/8
vt 0.737938 0.515006
vt 0.733340 0.516851
f 20/26/20 15/27/15 16/17/16
vt 0.117825 0.753007
f 3/10/3 22/28/22 25/11/25
vt 0.495699 0.710960
vt 0.494477 0.715721
f 8/29/8 6/19/6 55/30/55
vt 0.115049 0.765231
vt 0.112832 0.765776
f 11/31/11 20/32/20 10/16/10
vt 0.112276 0.744453
vt 0.109057 0.741406
vt 0.111083 0.735894
f 24/33/24 5/34/5 23/35/23
vt 0.107587 0.738359
f 23/35/23 5/34/5 14/36/14
f 16/17/16 10/22/10 20/26/20
vt 0.239954 0.629015
vt 0.238485 0.636034
vt 0.233973 0.639576
f 13/37/13 2/38/2 26/39/26
vt 0.116482 0.762068
f 11/40/11 10/16/10 25/11/25
vt 0.726875 0.503371
f 7/41/7 6/23/6 9/8/9
vt 0.735735 0.519725
f 15/27/15 20/26/20 30/42/30
vt 0.347064 0.620450
vt 0.351065 0.616244
vt 0.353444 0.619996
f 11/43/11 25/44/25 27/45/27
vt 0.491917 0.708569
vt 0.493089 0.709429
f 55/30/55 12/46/12 8/47/8
vt 0.723315 0.485101
vt 0.724403 0.477035
f 12/48/12 21/49/21 14/25/14
f 14/25/14 8/21/8 12/48/12
vt 0.107602 0.731930
f 17/50/17 23/35/23 14/36/14
vt 0.729217 0.479049
f 17/51/17 14/25/14 21/49/21
vt 0.230545 0.633627
f 40/52/40 13/37/13 26/39/26
f 7/41/7 9/8/9 28/24/28
vt 0.113468 0.738754
f 23/35/23 19/53/19 24/33/24
f 28/24/28 16/17/16 15/27/15
vt 0.501709 0.720451
f 55/30/55 6/19/6 7/54/7
vt 0.035760 0.657645
f 39/15/39 13/14/13 38/55/38
vt 0.025140 0.663548
f 56/7/56 39/15/39 58/56/58
vt 0.487169 0.708927
vt 0.488403 0.700566
vt 0.491929 0.705934
f 29/57/29 21/58/21 12/59/12
f 39/15/39 56/7/56 2/6/2
vt 0.117433 0.750566
f 22/28/22 3/10/3 41/60/41
vt 0.235485 0.645575
vt 0.230606 0.645903
vt 0.232917 0.641428
f 18/61/18 71/62/71 26/63/26
vt 0.116477 0.748834
f 3/10/3 24/33/24 41/64/41
vt 0.119227 0.766859
vt 0.112324 0.769092
f 50/65/50 20/66/20 11/31/11
vt 0.232469 0.624485
f 33/67/33 13/37/13 40/52/40
vt 0.348024 0.623544
f 27/45/27 50/68/50 11/43/11
vt 0.632534 0.361529
vt 0.629428 0.360279
vt 0.630740 0.358572
f 17/69/17 21/70/21 37/71/37
f 55/30/55 29/57/29 12/46/12
vt 0.738654 0.517657
vt 0.739306 0.516730
vt 0.739446 0.517408
f 30/72/30 20/73/20 35/74/35
vt 0.362748 0.596483
vt 0.362743 0.593249
vt 0.365601 0.595630
f 23/75/23 17/76/17 42/77/42
vt 0.367249 0.591828
f 42/77/42 17/76/17 31/78/31
vt 0.733823 0.525478
vt 0.732343 0.518410
f 30/42/30 48/79/48 32/80/32
f 15/27/15 30/42/30 32/80/32
vt 0.229866 0.641505
f 43/81/43 26/39/26 71/62/71
vt 0.357602 0.615542
f 27/45/27 25/44/25 47/82/47
vt 0.351017 0.622585
f 27/45/27 36/83/36 50/68/50
vt 0.759776 0.609769
vt 0.757089 0.611579
vt 0.755405 0.606556
f 26/84/26 43/85/43 40/86/40
vt 0.116401 0.771122
f 46/87/46 20/66/20 50/65/50
vt 0.356083 0.612542
f 25/44/25 22/88/22 47/82/47
vt 0.111328 0.778462
vt 0.107971 0.779516
vt 0.109946 0.773070
f 35/89/35 48/90/48 30/91/30
vt 0.358509 0.609727
vt 0.357675 0.605675
vt 0.360762 0.603659
f 41/92/41 24/93/24 19/94/19
vt 0.105854 0.727224
vt 0.109033 0.725806
vt 0.107055 0.729130
f 37/95/37 34/96/34 17/97/17
vt 0.508850 0.725995
vt 0.510150 0.729163
vt 0.505202 0.725103
f 15/98/15 32/99/32 28/100/28
vt 0.483508 0.702575
f 21/58/21 29/57/29 75/101/75
vt 0.485667 0.696549
f 21/58/21 75/101/75 37/102/37
vt 0.512388 0.730511
vt 0.510543 0.733408
f 32/99/32 48/103/48 52/104/52
vt 0.359084 0.612053
f 41/105/41 47/82/47 22/88/22
f 20/66/20 46/87/46 35/89/35
vt 0.364119 0.590167
vt 0.366948 0.589256
f 17/106/17 34/107/34 31/78/31
vt 0.363903 0.601018
f 23/75/23 45/108/45 19/94/19
vt 0.365413 0.603831
vt 0.363118 0.607385
f 45/109/45 51/110/51 19/94/19
vt 0.029672 0.653420
f 38/55/38 13/14/13 66/111/66
f 41/92/41 19/94/19 51/110/51
vt 0.364555 0.599271
f 45/112/45 23/75/23 42/77/42
vt 0.971031 0.804994
vt 0.979263 0.799211
vt 0.974792 0.803294
f 56/113/56 57/114/57 18/115/18
vt 0.231605 0.650660
f 71/62/71 18/61/18 57/116/57
vt 0.629642 0.356884
vt 0.631410 0.352830
vt 0.632243 0.356597
f 37/117/37 59/118/59 34/119/34
vt 0.368179 0.588956
vt 0.371044 0.588248
f 31/78/31 34/120/34 49/121/49
vt 0.124883 0.743818
vt 0.119763 0.748078
vt 0.121215 0.740879
f 74/122/74 41/123/41 51/124/51
vt 0.499234 0.727228
vt 0.504967 0.726494
f 62/125/62 7/54/7 28/126/28
vt 0.117734 0.770108
vt 0.121672 0.775631
f 35/89/35 46/127/46 101/128/101
vt 0.483123 0.695136
f 75/101/75 59/129/59 37/102/37
vt 0.479413 0.694854
f 59/129/59 75/101/75 44/130/44
vt 0.240573 0.412741
vt 0.242544 0.417474
vt 0.237846 0.411977
f 68/131/68 45/132/45 42/133/42
vt 0.107094 0.721277
vt 0.109695 0.721672
f 34/96/34 59/134/59 49/135/49
f 55/30/55 7/54/7 62/125/62
vt 0.228930 0.643426
f 71/62/71 54/136/54 43/81/43
vt 0.121499 0.762677
vt 0.127323 0.763830
f 50/65/50 36/137/36 64/138/64
vt 0.238750 0.618659
f 13/37/13 33/67/33 61/139/61
vt 0.753958 0.614635
vt 0.749896 0.611695
vt 0.757074 0.611757
f 54/140/54 70/141/70 43/142/43
vt 0.122682 0.758870
f 64/138/64 36/137/36 27/143/27
vt 0.126044 0.755097
f 53/144/53 64/138/64 27/143/27
vt 0.117838 0.769881
f 101/128/101 46/145/46 50/65/50
vt 0.122620 0.751151
f 53/144/53 27/143/27 47/146/47
vt 0.225779 0.628886
f 69/147/69 33/67/33 40/52/40
f 41/123/41 74/122/74 47/146/47
vt 0.368613 0.593493
vt 0.368424 0.597970
vt 0.367339 0.596184
f 31/148/31 68/149/68 42/150/42
vt 0.300672 0.239232
vt 0.296609 0.236507
vt 0.299913 0.235797
f 52/151/52 48/152/48 79/153/79
vt 0.110244 0.783501
f 48/90/48 35/89/35 63/154/63
f 70/141/70 40/86/40 43/85/43
vt 0.115760 0.782302
f 93/155/93 35/89/35 101/128/101
vt 0.630255 0.349251
vt 0.626243 0.351516
f 67/156/67 59/118/59 44/157/44
vt 0.242194 0.622491
f 61/139/61 66/158/66 13/37/13
vt 0.127360 0.750242
f 65/159/65 53/144/53 47/146/47
vt 0.373755 0.592458
f 49/121/49 85/160/85 31/148/31
vt 0.510137 0.738051
vt 0.499779 0.735750
f 52/104/52 79/161/79 111/162/111
f 64/138/64 101/128/101 50/65/50
f 62/125/62 28/100/28 111/162/111
vt 0.106883 0.717816
f 67/163/67 49/135/49 59/134/59
vt 0.109869 0.717296
f 49/135/49 67/163/67 91/164/91
vt 0.110824 0.786033
f 78/165/78 63/154/63 93/155/93
f 35/89/35 93/155/93 63/154/63
f 65/159/65 47/146/47 74/122/74
vt 0.129236 0.753974
f 64/138/64 53/144/53 65/166/65
f 68/149/68 31/148/31 85/160/85
f 52/104/52 111/162/111 32/99/32
f 32/99/32 111/162/111 28/100/28
vt 0.296820 0.233399
f 63/167/63 79/153/79 48/152/48
vt 0.488270 0.729804
f 83/168/83 29/57/29 55/30/55
vt 0.135123 0.757968
f 65/166/65 94/169/94 64/138/64
vt 0.977483 0.795014
f 82/170/82 57/114/57 56/113/56
f 55/30/55 62/125/62 83/168/83
vt 0.299896 0.232943
f 63/167/63 77/171/77 79/153/79
vt 0.032841 0.662244
f 58/172/58 39/15/39 38/55/38
vt 0.037835 0.661217
f 58/172/58 38/55/38 113/173/113
vt 0.127643 0.745031
f 65/159/65 74/122/74 72/174/72
vt 0.132033 0.769256
f 101/128/101 64/138/64 87/175/87
vt 0.750553 0.608467
vt 0.752649 0.605324
f 40/86/40 128/176/128 69/177/69
vt 0.371109 0.604867
f 45/109/45 68/149/68 80/178/80
vt 0.470341 0.693809
vt 0.476784 0.692178
f 44/130/44 133/179/133 60/180/60
vt 0.376951 0.585654
f 49/121/49 91/181/91 85/160/85
vt 0.629089 0.347174
f 44/157/44 60/182/60 67/156/67
vt 0.132776 0.747889
f 65/159/65 72/174/72 88/183/88
vt 0.561496 0.039020
vt 0.561738 0.041523
vt 0.559946 0.040169
f 86/184/86 63/185/63 78/186/78
vt 0.123937 0.737544
f 74/122/74 51/124/51 80/187/80
vt 0.120455 0.738770
f 45/188/45 80/187/80 51/124/51
vt 0.371914 0.609757
vt 0.366495 0.610603
f 80/178/80 96/189/96 74/190/74
vt 0.224646 0.623120
f 76/191/76 33/67/33 69/147/69
vt 0.508324 0.742127
f 111/162/111 79/161/79 77/192/77
vt 0.036832 0.651323
vt 0.033490 0.654185
f 121/193/121 38/55/38 66/194/66
vt 0.372410 0.598678
f 68/149/68 108/195/108 80/178/80
vt 0.111854 0.788440
f 78/165/78 93/155/93 73/196/73
vt 0.297793 0.229698
f 63/167/63 86/197/86 77/171/77
vt 0.105970 0.714306
f 60/198/60 91/164/91 67/163/67
f 75/101/75 133/179/133 44/130/44
f 83/168/83 62/125/62 111/162/111
vt 0.229985 0.616326
f 150/199/150 61/139/61 33/67/33
vt 0.375473 0.596484
vt 0.373053 0.597512
f 81/200/81 108/201/108 68/149/68
f 85/160/85 81/200/81 68/149/68
vt 0.368247 0.613963
f 96/189/96 72/202/72 74/190/74
vt 0.220501 0.626159
f 69/147/69 89/203/89 76/191/76
f 40/86/40 70/141/70 128/176/128
vt 0.462478 0.121453
vt 0.461215 0.124921
vt 0.458726 0.120331
f 121/204/121 66/205/66 61/206/61
f 87/175/87 64/138/64 94/169/94
vt 0.849506 0.387748
vt 0.853917 0.387342
vt 0.854234 0.389701
f 86/207/86 78/208/78 73/209/73
vt 0.221697 0.651748
f 117/210/117 71/62/71 57/116/57
f 88/183/88 94/169/94 65/166/65
vt 0.121171 0.783697
f 84/211/84 93/155/93 101/128/101
vt 0.477997 0.714590
f 75/101/75 29/57/29 97/212/97
vt 0.116510 0.788995
f 93/155/93 107/213/107 73/196/73
vt 0.378793 0.590887
f 85/160/85 91/181/91 95/214/95
vt 0.434100 0.188735
vt 0.432355 0.188352
vt 0.432924 0.186559
f 71/215/71 117/216/117 54/217/54
vt 0.963877 0.807030
vt 0.969106 0.790482
f 58/218/58 563/219/563 56/113/56
vt 0.222848 0.657161
vt 0.229268 0.655064
f 170/220/170 57/116/57 82/221/82
vt 0.131100 0.778384
f 132/222/132 101/128/101 87/175/87
vt 0.128857 0.741551
vt 0.135919 0.740500
f 88/183/88 72/223/72 103/224/103
f 117/210/117 57/116/57 170/220/170
vt 0.473327 0.687737
vt 0.477015 0.689398
f 115/225/115 60/226/60 133/179/133
vt 0.845319 0.390345
vt 0.844636 0.384629
f 86/207/86 92/227/92 77/228/77
vt 0.109309 0.710358
f 118/229/118 91/164/91 60/198/60
f 82/170/82 56/113/56 563/219/563
vt 0.851927 0.393262
f 86/207/86 73/209/73 123/230/123
vt 0.375573 0.596535
f 81/231/81 85/160/85 95/214/95
f 107/213/107 93/155/93 84/211/84
vt 0.123459 0.734714
vt 0.125670 0.730028
vt 0.127472 0.735920
f 80/232/80 108/233/108 96/234/96
vt 0.126631 0.784707
f 84/211/84 101/128/101 135/235/135
f 92/227/92 86/207/86 123/230/123
vt 0.854846 0.392201
f 123/230/123 73/209/73 102/236/102
vt 0.106143 0.709776
f 60/198/60 115/237/115 118/229/118
vt 0.220445 0.646544
vt 0.223540 0.644595
f 100/238/100 54/239/54 117/210/117
vt 0.379348 0.583843
vt 0.383508 0.579340
f 90/240/90 91/181/91 118/241/118
f 96/234/96 103/224/103 72/223/72
vt 0.117229 0.719638
vt 0.125060 0.723290
vt 0.120326 0.725761
f 95/242/95 109/243/109 81/244/81
f 109/243/109 108/233/108 81/244/81
vt 0.687137 0.319597
vt 0.686996 0.323158
vt 0.684482 0.322081
f 128/245/128 70/246/70 138/247/138
f 76/191/76 150/199/150 33/67/33
vt 0.132891 0.733166
f 96/234/96 98/248/98 103/224/103
vt 0.508987 0.745808
vt 0.507503 0.749608
f 92/249/92 140/250/140 77/192/77
vt 0.686548 0.312253
vt 0.690731 0.313195
f 128/245/128 89/251/89 69/252/69
vt 0.499221 0.747092
f 140/250/140 167/253/167 77/192/77
vt 0.139762 0.749883
f 88/183/88 99/254/99 94/169/94
f 98/248/98 96/234/96 108/233/108
f 111/162/111 77/192/77 167/253/167
f 103/224/103 99/254/99 88/183/88
vt 0.112118 0.791736
f 107/213/107 102/255/102 73/196/73
vt 0.141784 0.759491
f 112/256/112 94/169/94 99/254/99
vt 0.045839 0.653035
f 38/55/38 121/193/121 291/257/291
vt 0.220300 0.612718
f 150/199/150 76/191/76 222/258/222
vt 0.138414 0.770212
f 87/175/87 94/169/94 147/259/147
f 101/128/101 132/222/132 135/235/135
vt 0.135549 0.737590
f 104/260/104 103/224/103 98/248/98
vt 0.575066 0.242543
vt 0.576635 0.245090
vt 0.574258 0.248404
f 127/261/127 76/262/76 89/263/89
vt 0.128533 0.727164
f 108/233/108 109/243/109 120/264/120
vt 0.117734 0.715943
vt 0.113008 0.716681
f 110/265/110 95/242/95 91/266/91
vt 0.234873 0.612543
f 150/199/150 159/267/159 61/139/61
vt 0.684700 0.323675
f 70/246/70 105/268/105 138/247/138
vt 0.459920 0.709947
f 133/179/133 75/101/75 176/269/176
f 75/101/75 97/212/97 176/269/176
f 147/259/147 132/222/132 87/175/87
f 98/248/98 108/233/108 120/264/120
vt 0.369892 0.632748
vt 0.366597 0.633779
vt 0.370600 0.624948
f 126/270/126 112/271/112 99/272/99
vt 0.571692 0.245363
f 89/263/89 152/273/152 127/261/127
vt 0.121805 0.788413
f 107/213/107 84/211/84 125/274/125
vt 0.111696 0.712884
f 91/266/91 90/275/90 110/265/110
vt 0.122425 0.720220
f 114/276/114 95/242/95 110/265/110
f 147/259/147 94/169/94 112/256/112
vt 0.849557 0.396314
f 106/277/106 92/227/92 123/230/123
vt 0.143863 0.767791
f 147/259/147 112/256/112 122/278/122
vt 0.471568 0.986765
vt 0.468633 0.988559
vt 0.467294 0.986977
f 123/279/123 102/280/102 119/281/119
f 114/276/114 109/243/109 95/242/95
vt 0.374547 0.616447
vt 0.376642 0.621496
f 99/272/99 103/282/103 129/283/129
vt 0.568132 0.120836
vt 0.568017 0.123123
vt 0.566262 0.121603
f 118/284/118 115/285/115 116/286/116
vt 0.470319 0.686387
vt 0.467081 0.686711
f 115/287/115 133/179/133 116/288/116
vt 0.380364 0.617401
f 129/283/129 103/282/103 104/289/104
vt 0.116817 0.793301
f 107/213/107 119/290/119 102/255/102
vt 0.469956 0.984350
f 123/279/123 119/281/119 137/291/137
vt 0.746017 0.617052
vt 0.743220 0.613116
vt 0.748116 0.615323
f 100/292/100 105/293/105 54/294/54
vt 0.377800 0.608989
vt 0.383162 0.610095
f 98/295/98 144/296/144 104/289/104
f 105/293/105 70/141/70 54/294/54
vt 0.844948 0.397834
f 124/297/124 92/227/92 106/277/106
vt 0.228022 0.656207
vt 0.225019 0.659800
f 82/298/82 296/299/296 170/220/170
vt 0.044812 0.658489
f 291/257/291 141/300/141 38/55/38
vt 0.381725 0.597055
vt 0.382144 0.593421
vt 0.385887 0.594460
f 109/301/109 114/302/114 134/303/134
vt 0.373484 0.627843
f 99/272/99 131/304/131 126/270/126
f 131/304/131 99/272/99 129/283/129
vt 0.566701 0.120171
f 116/286/116 156/305/156 118/284/118
vt 0.382360 0.588481
f 110/306/110 134/303/134 114/302/114
vt 0.364278 0.641975
vt 0.368372 0.636453
f 122/307/122 112/271/112 126/308/126
vt 0.138785 0.778861
f 132/222/132 147/259/147 148/309/148
vt 0.951059 0.811570
vt 0.948307 0.798622
f 113/310/113 412/311/412 58/218/58
vt 0.841807 0.391175
f 92/227/92 124/297/124 140/312/140
f 83/168/83 97/212/97 29/57/29
vt 0.390715 0.583136
vt 0.391911 0.587685
f 136/313/136 214/314/214 110/306/110
vt 0.217828 0.647693
f 145/315/145 100/238/100 117/210/117
vt 0.144922 0.759683
vt 0.143600 0.751718
vt 0.145928 0.751596
f 126/316/126 131/317/131 139/318/139
vt 0.739913 0.615043
f 105/293/105 100/292/100 226/319/226
vt 0.121788 0.788388
vt 0.126546 0.784779
f 125/320/125 84/211/84 135/321/135
vt 0.379942 0.602473
f 134/303/134 120/322/120 109/301/109
vt 0.035279 0.643230
vt 0.039555 0.644906
vt 0.034661 0.647696
f 159/323/159 153/324/153 61/325/61
f 98/295/98 120/322/120 144/296/144
vt 0.382324 0.583120
f 90/326/90 118/241/118 136/313/136
f 110/306/110 90/326/90 136/313/136
vt 0.388416 0.580852
f 136/313/136 118/241/118 155/327/155
vt 0.219910 0.619816
vt 0.222942 0.621537
f 127/328/127 222/258/222 76/329/76
vt 0.839918 0.397738
f 124/297/124 149/330/149 140/312/140
f 107/213/107 125/274/125 119/290/119
vt 0.147523 0.759418
f 126/316/126 139/318/139 130/331/130
vt 0.474527 0.983947
f 123/279/123 137/291/137 106/332/106
vt 0.389034 0.601343
f 144/296/144 120/322/120 164/333/164
vt 0.743318 0.604835
vt 0.741288 0.609345
vt 0.738791 0.603828
f 128/334/128 138/335/138 187/336/187
vt 0.743418 0.599713
f 128/334/128 187/336/187 89/337/89
vt 0.378459 0.625531
f 129/283/129 171/338/171 131/304/131
f 214/314/214 134/303/134 110/306/110
vt 0.457585 0.687179
f 185/339/185 116/288/116 133/179/133
vt 0.464161 0.684060
f 156/340/156 116/288/116 185/339/185
vt 0.473199 0.727244
f 195/341/195 97/212/97 83/168/83
vt 0.456484 0.692959
f 133/179/133 165/342/165 185/339/185
vt 0.366345 0.647886
f 126/308/126 158/343/158 122/307/122
vt 0.125004 0.790468
f 175/344/175 119/290/119 125/274/125
vt 0.376134 0.627457
f 139/345/139 131/304/131 171/338/171
f 121/193/121 61/325/61 153/324/153
vt 0.148454 0.754573
f 146/346/146 130/331/130 139/318/139
vt 0.150938 0.761850
f 126/316/126 130/331/130 163/347/163
vt 0.133342 0.784648
f 151/348/151 135/235/135 132/222/132
vt 0.506474 0.756324
f 167/253/167 140/250/140 149/349/149
vt 0.478137 0.981548
vt 0.471674 0.980020
f 124/350/124 106/332/106 157/351/157
vt 0.463683 0.986328
vt 0.463986 0.982805
f 137/291/137 119/352/119 143/353/143
vt 0.459903 0.985327
f 143/353/143 119/352/119 175/354/175
vt 0.844351 0.398875
vt 0.841674 0.401809
f 149/330/149 124/355/124 161/356/161
vt 0.147546 0.146928
vt 0.145183 0.147306
vt 0.143887 0.144616
f 125/357/125 135/358/135 175/359/175
vt 0.148404 0.770803
f 163/347/163 158/360/158 126/316/126
vt 0.744564 0.620500
f 145/361/145 226/319/226 100/292/100
f 157/351/157 106/332/106 137/291/137
vt 0.370267 0.638677
vt 0.374103 0.635068
vt 0.372158 0.641413
f 130/362/130 146/363/146 163/364/163
vt 0.380391 0.621929
f 129/283/129 104/289/104 142/365/142
vt 0.149395 0.748139
f 139/318/139 169/366/169 146/346/146
vt 0.195054 0.059690
vt 0.199192 0.060037
vt 0.196987 0.062336
f 118/367/118 156/368/156 155/369/155
f 134/303/134 164/333/164 120/322/120
vt 0.740722 0.597954
f 152/370/152 89/337/89 187/336/187
vt 0.470394 0.744406
f 258/371/258 195/341/195 83/168/83
vt 0.480893 0.977511
f 124/350/124 157/351/157 161/372/161
vt 0.484090 0.741670
f 111/162/111 167/253/167 211/373/211
f 38/55/38 141/300/141 113/173/113
f 83/168/83 111/162/111 211/373/211
vt 0.147015 0.742258
vt 0.143960 0.742148
vt 0.144537 0.740716
f 171/374/171 129/375/129 142/376/142
vt 0.383961 0.616536
f 144/296/144 162/377/162 104/289/104
vt 0.146382 0.777488
f 147/259/147 182/378/182 148/309/148
f 139/318/139 171/374/171 169/366/169
vt 0.146338 0.772196
f 147/259/147 158/379/158 182/378/182
vt 0.390152 0.577094
vt 0.387410 0.577293
vt 0.386036 0.575026
f 172/380/172 155/381/155 156/382/156
f 158/379/158 147/259/147 122/278/122
vt 0.503804 0.759405
f 167/253/167 149/349/149 166/383/166
f 153/324/153 291/257/291 121/193/121
vt 0.150801 0.751889
f 184/384/184 146/346/146 169/366/169
vt 0.749214 0.623435
vt 0.746125 0.628245
f 145/361/145 117/385/117 186/386/186
vt 0.154182 0.768184
f 173/387/173 158/360/158 163/347/163
vt 0.211741 0.640413
vt 0.215365 0.637123
vt 0.214155 0.641070
f 226/388/226 138/389/138 105/390/105
f 143/353/143 157/351/157 137/291/137
vt 0.139713 0.147442
f 175/359/175 135/358/135 151/391/151
vt 0.233402 0.608117
f 159/267/159 150/199/150 261/392/261
f 132/222/132 148/309/148 151/348/151
vt 0.505760 0.759153
f 149/349/149 196/393/196 166/383/166
vt 0.216097 0.622442
vt 0.209840 0.617504
f 152/394/152 178/395/178 127/328/127
vt 0.386980 0.608291
f 164/333/164 154/396/154 144/296/144
vt 0.838513 0.401737
f 161/356/161 196/397/196 149/330/149
vt 0.384925 0.614053
f 199/398/199 162/377/162 144/296/144
vt 0.376812 0.636387
vt 0.378689 0.632008
vt 0.380429 0.632158
f 184/399/184 169/400/169 168/401/168
vt 0.735439 0.609679
f 187/336/187 138/335/138 174/402/174
vt 0.459749 0.683123
f 185/339/185 160/403/160 156/340/156
vt 0.141886 0.737363
vt 0.144118 0.734769
f 104/404/104 162/405/162 142/376/142
f 258/371/258 83/168/83 211/373/211
vt 0.498818 0.761047
f 167/253/167 166/383/166 179/406/179
vt 0.749160 0.627514
f 186/386/186 117/385/117 170/407/170
vt 0.390358 0.576980
f 155/327/155 172/408/172 136/313/136
vt 0.490017 0.753187
f 211/373/211 167/253/167 206/409/206
vt 0.393322 0.594979
f 134/303/134 214/314/214 213/410/213
vt 0.386480 0.612147
f 144/296/144 154/396/154 199/411/199
f 171/374/171 142/376/142 162/405/162
vt 0.206262 0.625864
vt 0.213738 0.624189
vt 0.211073 0.630456
f 216/412/216 152/413/152 187/414/187
vt 0.411594 0.093606
vt 0.415524 0.094527
vt 0.412657 0.096175
f 156/415/156 160/416/160 172/417/172
f 178/395/178 222/258/222 127/328/127
f 179/406/179 206/409/206 167/253/167
vt 0.380372 0.637154
f 184/399/184 168/401/168 180/418/180
vt 0.459172 0.983242
vt 0.456092 0.979446
f 143/353/143 175/419/175 202/420/202
vt 0.131172 0.786894
vt 0.130145 0.791303
f 151/421/151 205/422/205 175/344/175
vt 0.151178 0.757098
vt 0.152110 0.754273
f 146/423/146 184/424/184 163/347/163
vt 0.502069 0.764206
f 179/406/179 166/383/166 194/425/194
vt 0.133500 0.785433
vt 0.139978 0.786599
f 205/422/205 151/426/151 183/427/183
f 148/309/148 183/427/183 151/348/151
vt 0.152255 0.746824
f 168/428/168 169/366/169 171/374/171
vt 0.154095 0.740936
f 171/374/171 200/429/200 168/428/168
vt 0.452314 0.688898
f 185/339/185 165/342/165 193/430/193
f 213/410/213 164/333/164 134/303/134
f 165/342/165 133/179/133 176/269/176
vt 0.735212 0.609881
f 226/319/226 174/431/174 138/335/138
vt 0.146760 0.782686
f 148/309/148 182/378/182 181/432/181
vt 0.836094 0.401779
vt 0.836590 0.399869
f 196/397/196 194/433/194 166/434/166
vt 0.738290 0.621885
f 145/361/145 309/435/309 226/319/226
vt 0.397614 0.578115
f 136/313/136 172/408/172 256/436/256
vt 0.157315 0.759845
f 173/387/173 163/347/163 177/437/177
vt 0.392827 0.606013
f 154/396/154 164/333/164 188/438/188
f 163/347/163 184/424/184 177/437/177
vt 0.219699 0.662931
f 170/220/170 296/299/296 231/439/231
vt 0.387809 0.614108
vt 0.387501 0.619710
vt 0.385527 0.619180
f 199/440/199 189/441/189 162/442/162
vt 0.148865 0.736274
f 162/405/162 189/443/189 171/374/171
vt 0.057296 0.656124
f 299/444/299 141/300/141 291/257/291
vt 0.944650 0.811362
f 412/311/412 113/310/113 141/445/141
f 309/435/309 145/361/145 186/386/186
vt 0.154817 0.776362
vt 0.148501 0.778127
f 208/446/208 182/447/182 158/360/158
vt 0.385396 0.634994
vt 0.382702 0.634300
f 192/448/192 180/449/180 168/401/168
f 158/360/158 173/387/173 208/446/208
vt 0.450218 0.691974
f 201/450/201 193/430/193 165/342/165
vt 0.238376 0.608998
f 261/392/261 153/451/153 159/267/159
vt 0.385707 0.629743
f 200/452/200 192/448/192 168/401/168
vt 0.395586 0.573164
f 256/436/256 172/408/172 197/453/197
vt 0.415668 0.097686
vt 0.415148 0.096273
f 197/454/197 172/455/172 160/416/160
vt 0.747639 0.632856
f 231/456/231 186/386/186 170/407/170
vt 0.049546 0.646976
f 153/324/153 327/457/327 291/257/291
f 148/309/148 181/432/181 183/427/183
vt 0.389358 0.612171
vt 0.389771 0.608658
vt 0.393277 0.607878
f 199/458/199 154/459/154 188/460/188
vt 0.155299 0.755247
vt 0.155140 0.751792
f 177/437/177 184/461/184 180/462/180
vt 0.124729 0.797417
f 205/422/205 202/463/202 175/344/175
vt 0.222178 0.605632
f 150/199/150 222/258/222 255/464/255
vt 0.481782 0.968157
vt 0.483916 0.973763
f 161/372/161 259/465/259 196/466/196
vt 0.398541 0.602970
f 188/438/188 164/333/164 215/467/215
f 178/395/178 152/413/152 216/412/216
vt 0.452090 0.702862
f 176/269/176 203/468/203 165/342/165
vt 0.206641 0.631655
vt 0.209222 0.634395
f 245/469/245 187/414/187 174/470/174
f 189/443/189 200/429/200 171/374/171
f 203/468/203 201/450/201 165/342/165
f 187/414/187 245/469/245 216/412/216
vt 0.732354 0.155958
vt 0.729601 0.157438
vt 0.728604 0.153257
f 193/471/193 201/472/201 209/473/209
f 161/372/161 157/351/157 259/465/259
vt 0.388355 0.632477
f 192/448/192 200/452/200 230/474/230
vt 0.459022 0.977058
f 218/475/218 143/353/143 202/420/202
vt 0.144633 0.730323
vt 0.150229 0.729197
f 199/476/199 204/477/204 189/443/189
vt 0.454160 0.683398
f 160/403/160 185/339/185 233/478/233
vt 0.399396 0.584028
f 214/314/214 136/313/136 190/479/190
vt 0.493087 0.766066
f 227/480/227 179/406/179 194/425/194
vt 0.387971 0.614029
vt 0.395955 0.611398
f 199/481/199 188/460/188 228/482/228
vt 0.158210 0.748533
f 180/462/180 192/483/192 177/437/177
vt 0.738807 0.630323
f 279/484/279 309/435/309 186/386/186
vt 0.146631 0.787177
f 181/432/181 243/485/243 183/427/183
vt 0.165391 0.763325
f 173/387/173 177/437/177 249/486/249
vt 0.391211 0.571963
vt 0.394714 0.569508
f 197/453/197 160/487/160 233/488/233
vt 0.453149 0.685881
f 233/478/233 185/339/185 191/489/191
f 193/430/193 191/489/191 185/339/185
vt 0.835885 0.404745
vt 0.837003 0.404327
f 210/490/210 194/433/194 196/491/196
vt 0.497970 0.767284
f 227/480/227 194/425/194 344/492/344
vt 0.392614 0.625697
f 230/474/230 200/452/200 212/493/212
vt 0.164376 0.750723
f 247/494/247 177/437/177 192/483/192
vt 0.132217 0.795270
f 202/463/202 205/422/205 207/495/207
f 200/429/200 189/443/189 204/477/204
vt 0.362216 0.657734
vt 0.362852 0.652688
vt 0.364722 0.657200
f 181/496/181 182/497/182 198/498/198
vt 0.149369 0.782553
f 198/499/198 182/447/182 208/446/208
vt 0.137338 0.793711
f 244/500/244 205/422/205 183/427/183
f 218/475/218 157/351/157 143/353/143
f 244/500/244 207/495/207 205/422/205
f 208/446/208 173/387/173 249/486/249
f 412/311/412 563/219/563 58/218/58
vt 0.048522 0.659582
f 299/444/299 229/501/229 141/300/141
f 243/485/243 181/432/181 198/499/198
f 249/486/249 177/437/177 247/494/247
vt 0.399432 0.598205
f 164/333/164 217/502/217 215/467/215
vt 0.446985 0.697829
f 203/468/203 220/503/220 201/450/201
vt 0.155934 0.734069
f 200/429/200 204/477/204 212/504/212
vt 0.145658 0.722611
f 204/477/204 199/476/199 228/505/228
vt 0.744674 0.634778
f 231/456/231 221/506/221 186/386/186
vt 0.365517 0.189006
vt 0.365108 0.183584
vt 0.369488 0.189049
f 193/507/193 248/508/248 191/509/191
vt 0.728185 0.918388
vt 0.719239 0.922398
vt 0.718433 0.917991
f 344/510/344 194/511/194 210/512/210
vt 0.368908 0.183943
f 248/508/248 234/513/234 191/509/191
vt 0.373018 0.187280
f 233/514/233 191/509/191 234/513/234
vt 0.446059 0.689070
vt 0.449824 0.692109
vt 0.441759 0.693686
f 209/515/209 201/516/201 224/517/224
vt 0.441488 0.686936
f 240/518/240 209/515/209 224/517/224
vt 0.459138 0.726097
f 97/212/97 322/519/322 176/269/176
f 97/212/97 195/341/195 322/519/322
vt 0.037750 0.637920
vt 0.047065 0.639953
f 261/520/261 223/521/223 153/324/153
vt 0.145104 0.791799
f 236/522/236 183/427/183 243/485/243
f 164/333/164 213/410/213 217/502/217
vt 0.160210 0.743852
f 230/523/230 247/494/247 192/483/192
vt 0.205919 0.608905
f 287/524/287 222/258/222 178/395/178
f 179/406/179 227/480/227 206/409/206
f 136/313/136 256/436/256 190/479/190
f 188/460/188 215/467/215 228/482/228
vt 0.529450 0.484917
vt 0.533325 0.483763
vt 0.533511 0.486104
f 232/525/232 201/526/201 220/527/220
vt 0.443107 0.697207
f 201/516/201 232/528/232 224/517/224
vt 0.401592 0.589696
f 190/479/190 225/529/225 214/314/214
f 213/410/213 214/314/214 225/529/225
vt 0.165691 0.772340
f 219/530/219 208/446/208 249/486/249
vt 0.393607 0.631469
f 230/474/230 212/493/212 241/531/241
vt 0.203281 0.618972
f 239/532/239 178/395/178 216/412/216
vt 0.366557 0.181992
f 234/513/234 248/508/248 251/533/251
vt 0.227334 0.602384
f 261/392/261 150/199/150 382/534/382
vt 0.154788 0.783623
f 238/535/238 198/499/198 208/446/208
vt 0.400926 0.576401
f 256/436/256 197/453/197 281/536/281
vt 0.161975 0.778747
f 238/535/238 208/446/208 257/537/257
vt 0.731941 0.613913
f 226/319/226 235/538/235 174/431/174
vt 0.733022 0.152724
f 248/539/248 193/471/193 209/473/209
vt 0.054287 0.093930
vt 0.058345 0.096190
vt 0.054516 0.096309
f 240/540/240 248/541/248 209/542/209
vt 0.487412 0.968453
f 210/543/210 196/466/196 259/465/259
vt 0.476873 0.755325
f 206/409/206 330/544/330 211/373/211
f 259/465/259 157/351/157 218/475/218
vt 0.448964 0.980690
vt 0.446420 0.973917
f 202/420/202 207/545/207 254/546/254
f 198/499/198 238/535/238 243/485/243
vt 0.733792 0.619334
f 226/319/226 309/435/309 246/547/246
f 257/537/257 208/446/208 219/530/219
vt 0.014812 0.243551
vt 0.013955 0.238935
vt 0.017205 0.238683
f 246/548/246 235/549/235 226/550/226
f 236/522/236 244/500/244 183/427/183
f 255/464/255 382/534/382 150/199/150
vt 0.368110 0.182762
f 250/551/250 234/513/234 251/533/251
vt 0.731454 0.606216
f 235/538/235 245/552/245 174/431/174
vt 0.155561 0.725335
f 204/477/204 301/553/301 212/504/212
vt 0.399637 0.619939
vt 0.396735 0.625627
f 212/493/212 301/554/301 268/555/268
vt 0.402266 0.595714
f 213/410/213 252/556/252 217/502/217
f 212/493/212 268/555/268 241/531/241
vt 0.731394 0.599168
vt 0.725135 0.601610
f 216/557/216 245/552/245 253/558/253
f 223/521/223 327/457/327 153/324/153
vt 0.209829 0.602240
f 399/559/399 222/258/222 287/524/287
vt 0.220715 0.666432
f 296/299/296 271/560/271 231/439/231
vt 0.218169 0.665121
vt 0.218925 0.667086
f 221/561/221 231/439/231 271/562/271
vt 0.161056 0.738043
f 230/523/230 241/563/241 247/494/247
vt 0.438563 0.695738
vt 0.438657 0.696617
vt 0.437176 0.697636
f 224/564/224 232/565/232 242/566/242
vt 0.170533 0.739265
f 264/567/264 247/494/247 241/563/241
vt 0.936320 0.807855
f 229/568/229 412/311/412 141/445/141
vt 0.152157 0.717964
f 228/505/228 328/569/328 204/477/204
vt 0.979952 0.789420
f 82/170/82 563/219/563 296/570/296
vt 0.404695 0.496178
vt 0.403220 0.495236
vt 0.404842 0.493092
f 266/571/266 233/572/233 234/573/234
f 211/373/211 330/544/330 258/371/258
vt 0.726344 0.914320
f 290/574/290 344/510/344 210/512/210
f 218/475/218 202/420/202 254/546/254
vt 0.442776 0.980135
f 244/575/244 254/546/254 207/545/207
vt 0.436035 0.689939
f 224/517/224 242/566/242 237/576/237
f 240/518/240 224/517/224 237/576/237
vt 0.147251 0.715801
f 328/569/328 228/505/228 265/577/265
vt 0.169645 0.774440
f 219/530/219 249/486/249 275/578/275
vt 0.595162 0.125086
vt 0.592899 0.125864
vt 0.595478 0.121337
f 216/579/216 253/580/253 239/581/239
vt 0.486753 0.763160
f 283/582/283 206/409/206 227/480/227
vt 0.726002 0.609978
f 302/583/302 245/552/245 235/538/235
vt 0.731493 0.619478
vt 0.725592 0.621146
f 235/538/235 246/584/246 285/585/285
f 206/409/206 283/582/283 330/544/330
vt 0.200540 0.612597
f 278/586/278 178/395/178 239/532/239
vt 0.593981 0.120622
f 293/587/293 239/581/239 253/580/253
f 252/556/252 213/410/213 225/529/225
vt 0.171894 0.751195
vt 0.174512 0.761362
f 249/486/249 269/588/269 263/589/263
f 278/586/278 287/524/287 178/395/178
vt 0.198809 0.620229
vt 0.199683 0.617272
f 293/590/293 276/591/276 239/532/239
f 247/494/247 269/588/269 249/486/249
vt 0.408868 0.496260
f 250/592/250 266/571/266 234/573/234
vt 0.403255 0.608709
f 228/482/228 215/467/215 265/593/265
vt 0.400024 0.569599
f 197/453/197 233/488/233 266/594/266
vt 0.059297 0.093680
f 240/540/240 251/595/251 248/541/248
f 301/553/301 204/477/204 328/569/328
f 186/386/186 221/506/221 279/484/279
vt 0.803504 0.121435
vt 0.805496 0.118630
vt 0.806255 0.122538
f 217/596/217 289/597/289 215/598/215
vt 0.802463 0.116963
f 217/596/217 252/599/252 289/597/289
f 275/578/275 249/486/249 263/589/263
vt 0.150475 0.792180
f 238/535/238 267/600/267 243/485/243
vt 0.402992 0.573850
f 197/453/197 274/601/274 281/536/281
vt 0.045749 0.634480
vt 0.037583 0.637726
f 359/602/359 223/521/223 261/603/261
vt 0.176070 0.755426
f 269/588/269 270/604/270 263/589/263
vt 0.523423 0.483160
vt 0.522473 0.487310
f 242/605/242 232/525/232 284/606/284
vt 0.056328 0.092435
f 240/540/240 277/607/277 251/595/251
vt 0.437232 0.688508
vt 0.438531 0.684549
f 240/518/240 237/608/237 277/609/277
vt 0.449897 0.717524
f 346/610/346 203/468/203 176/269/176
vt 0.718009 0.281851
vt 0.719426 0.278094
vt 0.721649 0.281627
f 276/611/276 278/612/278 239/613/239
vt 0.530957 0.490762
f 284/606/284 232/525/232 220/614/220
vt 0.489921 0.961368
f 290/615/290 210/543/210 259/465/259
f 243/485/243 267/600/267 236/522/236
vt 0.432551 0.693644
f 242/566/242 282/616/282 237/576/237
vt 0.430682 0.687041
f 282/616/282 260/617/260 237/576/237
f 235/538/235 285/585/285 302/583/302
vt 0.403829 0.599019
vt 0.402152 0.601833
f 289/618/289 307/619/307 215/467/215
vt 0.405020 0.603175
f 307/620/307 265/593/265 215/467/215
vt 0.198720 0.608662
f 287/524/287 278/586/278 272/621/272
f 264/567/264 269/588/269 247/494/247
vt 0.175344 0.771303
f 275/578/275 263/589/263 310/622/310
f 258/371/258 322/519/322 195/341/195
vt 0.442489 0.708725
vt 0.447016 0.710591
f 314/623/314 203/468/203 297/624/297
vt 0.385050 0.157371
vt 0.381945 0.156405
vt 0.385207 0.153366
f 237/625/237 260/626/260 286/627/286
f 220/503/220 203/468/203 314/623/314
vt 0.158910 0.731740
vt 0.165104 0.733556
f 241/563/241 268/628/268 280/629/280
f 302/583/302 253/558/253 245/552/245
f 257/537/257 219/530/219 275/578/275
vt 0.732198 0.920637
vt 0.731502 0.921339
f 379/630/379 227/631/227 344/510/344
vt 0.628949 0.274785
vt 0.623140 0.275173
vt 0.625603 0.274734
f 266/632/266 274/633/274 197/634/197
vt 0.404174 0.585644
f 225/529/225 190/479/190 316/635/316
vt 0.435067 0.974326
vt 0.436229 0.982170
vt 0.431023 0.978976
f 304/636/304 236/637/236 267/638/267
vt 0.403981 0.581837
f 256/436/256 321/639/321 190/479/190
f 264/567/264 241/563/241 280/629/280
f 203/468/203 346/610/346 297/624/297
vt 0.176976 0.750839
f 269/588/269 320/640/320 270/604/270
vt 0.012804 0.986724
vt 0.017180 0.985554
vt 0.014919 0.988689
f 271/641/271 417/642/417 221/643/221
vt 0.526161 0.494066
f 220/614/220 314/644/314 284/606/284
vt 0.986068 0.779340
vt 0.988798 0.780236
f 296/570/296 332/645/332 271/646/271
vt 0.175646 0.763657
f 310/622/310 263/589/263 262/647/262
vt 0.388995 0.157517
vt 0.386769 0.155205
f 277/648/277 237/625/237 349/649/349
vt 0.410224 0.492517
vt 0.416384 0.496098
f 250/592/250 251/650/251 294/651/294
vt 0.404392 0.626895
f 268/555/268 301/554/301 273/652/273
vt 0.399783 0.630724
vt 0.398901 0.625416
f 280/653/280 268/654/268 273/652/273
vt 0.770303 0.511675
vt 0.772888 0.507727
vt 0.779284 0.508385
f 263/655/263 270/656/270 334/657/334
vt 0.457557 0.966119
f 259/465/259 218/475/218 374/658/374
f 244/575/244 236/637/236 304/636/304
vt 0.059116 0.651390
f 291/257/291 327/457/327 335/659/335
vt 0.482746 0.773237
f 283/582/283 227/480/227 379/660/379
vt 0.730031 0.625117
f 425/661/425 246/547/246 309/435/309
vt 0.721936 0.591622
vt 0.722381 0.595459
vt 0.716710 0.592374
f 276/662/276 293/663/293 312/664/312
vt 0.164078 0.784881
f 257/537/257 308/665/308 238/535/238
f 322/519/322 346/610/346 176/269/176
vt 0.429235 0.699615
f 242/566/242 311/666/311 282/616/282
vt 0.415442 0.492045
f 251/650/251 277/667/277 294/651/294
vt 0.177517 0.743635
f 320/640/320 269/588/269 300/668/300
vt 0.404828 0.498407
f 324/669/324 266/571/266 250/592/250
vt 0.716322 0.279958
f 292/670/292 278/612/278 276/611/276
f 237/625/237 286/627/286 349/649/349
f 190/479/190 321/639/321 316/635/316
vt 0.403720 0.579817
vt 0.403217 0.577611
f 321/671/321 256/436/256 281/672/281
vt 0.435054 0.706672
vt 0.430889 0.706958
f 242/566/242 284/673/284 317/674/317
vt 0.149698 0.711642
f 318/675/318 328/569/328 265/577/265
vt 0.772398 0.513504
vt 0.768540 0.516419
f 298/676/298 262/677/262 263/655/263
f 311/666/311 242/566/242 317/674/317
vt 0.722354 0.595653
vt 0.718211 0.604112
f 293/678/293 253/558/253 338/679/338
vt 0.626307 0.278906
f 266/632/266 324/680/324 274/633/274
vt 0.156638 0.717317
f 328/569/328 315/681/315 301/553/301
f 263/655/263 334/657/334 298/676/298
f 264/567/264 300/668/300 269/588/269
vt 0.778467 0.505634
f 270/656/270 320/682/320 334/657/334
vt 0.407379 0.576715
f 274/601/274 351/683/351 281/536/281
f 254/546/254 244/575/244 304/636/304
vt 0.158208 0.789594
f 238/535/238 308/665/308 288/684/288
f 399/559/399 255/464/255 222/258/222
f 238/535/238 288/684/288 267/600/267
f 285/585/285 246/584/246 425/661/425
vt 0.424070 0.688856
f 282/616/282 323/685/323 260/617/260
vt 0.409204 0.621568
f 319/686/319 273/652/273 301/554/301
vt 0.768237 0.518962
vt 0.766200 0.518409
f 262/677/262 295/687/295 310/688/310
vt 0.185619 0.763605
vt 0.178847 0.772160
vt 0.177789 0.764926
f 369/689/369 295/690/295 262/691/262
vt 0.173058 0.730290
f 355/692/355 264/567/264 280/629/280
vt 0.459101 0.740830
f 329/693/329 322/519/322 258/371/258
f 299/444/299 291/257/291 335/659/335
vt 0.180418 0.760267
f 369/689/369 262/691/262 298/694/298
vt 0.411215 0.603912
f 307/620/307 289/618/289 347/695/347
vt 0.369771 0.363164
vt 0.373357 0.360692
vt 0.375923 0.363858
f 321/696/321 281/697/281 306/698/306
vt 0.169859 0.783105
f 308/665/308 257/537/257 345/699/345
vt 0.718713 0.588558
f 292/700/292 276/662/276 312/664/312
vt 0.419070 0.492451
f 294/651/294 277/667/277 349/701/349
vt 0.407611 0.588995
f 316/635/316 326/702/326 225/529/225
f 345/699/345 257/537/257 275/578/275
vt 0.216448 0.597482
f 255/464/255 399/559/399 305/703/305
vt 0.408357 0.124103
vt 0.411048 0.123194
vt 0.410580 0.125719
f 289/704/289 252/705/252 358/706/358
vt 0.406610 0.598791
f 347/695/347 289/618/289 358/707/358
vt 0.039101 0.630404
f 382/708/382 359/602/359 261/603/261
vt 0.175287 0.780025
f 275/578/275 310/622/310 331/709/331
vt 0.164977 0.727212
f 355/692/355 280/629/280 273/710/273
vt 0.407613 0.616222
f 319/686/319 301/554/301 315/711/315
vt 0.199860 0.603505
f 287/524/287 272/621/272 313/712/313
vt 0.408630 0.578845
f 306/713/306 281/536/281 351/683/351
vt 0.408750 0.608001
f 307/620/307 318/714/318 265/593/265
vt 0.177942 0.734872
f 300/668/300 264/567/264 368/715/368
vt 0.781207 0.500369
vt 0.786940 0.501340
f 320/682/320 300/716/300 339/717/339
f 275/578/275 331/709/331 345/699/345
vt 0.333377 0.189057
vt 0.334774 0.187194
vt 0.338098 0.189785
f 286/718/286 260/719/260 342/720/342
vt 0.155119 0.794863
f 333/721/333 267/600/267 288/684/288
vt 0.333871 0.191641
f 286/718/286 342/720/342 349/722/349
vt 0.122080 0.276786
vt 0.120405 0.273284
vt 0.123062 0.273885
f 278/723/278 325/724/325 272/725/272
vt 0.203650 0.598193
f 386/726/386 399/559/399 287/524/287
vt 0.121394 0.277326
vt 0.118979 0.279187
f 325/724/325 278/727/278 292/728/292
vt 0.488518 0.956831
f 290/615/290 259/465/259 372/729/372
f 311/666/311 323/685/323 282/616/282
f 218/475/218 254/546/254 374/658/374
vt 0.730615 0.629445
f 279/484/279 341/730/341 309/435/309
vt 0.443498 0.714629
f 314/623/314 297/624/297 366/731/366
vt 0.056579 0.644789
f 327/457/327 352/732/352 335/659/335
f 341/730/341 425/661/425 309/435/309
vt 0.475910 0.768033
f 330/544/330 283/582/283 413/733/413
f 318/714/318 307/620/307 347/695/347
vt 0.164822 0.786907
f 288/684/288 308/665/308 348/734/348
vt 0.426359 0.975187
f 267/638/267 333/735/333 304/636/304
f 368/715/368 264/567/264 355/692/355
vt 0.124170 0.271947
f 325/724/325 313/736/313 272/725/272
vt 0.404550 0.595563
vt 0.412838 0.594048
f 252/737/252 225/529/225 360/738/360
vt 0.738835 0.637881
f 279/484/279 221/506/221 303/739/303
vt 0.188224 0.755246
vt 0.181448 0.751154
f 370/740/370 298/694/298 334/741/334
f 382/534/382 255/464/255 305/703/305
vt 0.177008 0.775381
f 310/622/310 295/742/295 331/709/331
f 223/521/223 352/732/352 327/457/327
vt 0.182288 0.771445
f 295/690/295 369/689/369 357/743/357
f 302/583/302 338/679/338 253/558/253
f 312/664/312 293/678/293 338/679/338
f 366/731/366 297/624/297 346/610/346
f 283/582/283 379/660/379 413/733/413
vt 0.167384 0.722722
f 355/692/355 273/710/273 340/744/340
vt 0.518413 0.493422
vt 0.516550 0.486890
f 284/606/284 336/745/336 317/746/317
vt 0.422939 0.704251
f 311/666/311 317/674/317 337/747/337
f 314/644/314 336/745/336 284/606/284
vt 0.406911 0.500949
vt 0.411888 0.501026
f 324/748/324 250/592/250 422/749/422
f 422/749/422 250/592/250 294/651/294
vt 0.621844 0.278296
f 274/633/274 324/680/324 351/750/351
vt 0.743798 0.639897
f 417/751/417 303/739/303 221/506/221
vt 0.156255 0.712074
vt 0.156687 0.715368
f 328/569/328 343/752/343 315/753/315
vt 0.408915 0.598311
f 358/754/358 252/737/252 360/738/360
vt 0.369916 0.368813
vt 0.365858 0.364422
f 321/696/321 354/755/354 316/756/316
vt 0.328515 0.157289
vt 0.332181 0.156717
vt 0.328681 0.161029
f 326/757/326 316/758/316 354/759/354
vt 0.763227 0.528939
vt 0.767156 0.523668
vt 0.766021 0.527542
f 331/760/331 295/761/295 406/762/406
vt 0.423240 0.694212
f 311/666/311 356/763/356 323/685/323
vt 0.410641 0.245275
vt 0.409713 0.250355
vt 0.405453 0.245697
f 260/764/260 323/765/323 394/766/394
vt 0.406875 0.244073
f 394/766/394 342/767/342 260/764/260
f 386/726/386 287/524/287 313/712/313
f 369/689/369 298/694/298 370/740/370
f 318/675/318 343/752/343 328/569/328
f 311/666/311 337/747/337 356/763/356
vt 0.411333 0.624950
f 340/768/340 273/652/273 319/686/319
vt 0.375125 0.366675
f 321/696/321 306/698/306 380/769/380
vt 0.788775 0.495458
f 368/770/368 339/717/339 300/716/300
vt 0.525426 0.501202
f 366/771/366 336/745/336 314/644/314
f 339/717/339 334/657/334 320/682/320
vt 0.182308 0.740863
vt 0.188116 0.745501
f 334/741/334 339/772/339 364/773/364
vt 0.278718 0.024271
vt 0.276534 0.024265
vt 0.275887 0.022922
f 348/774/348 308/775/308 353/776/353
vt 0.431172 0.712934
vt 0.425762 0.711711
f 317/674/317 336/777/336 378/778/378
vt 0.606209 0.446313
vt 0.602098 0.448905
vt 0.602480 0.444829
f 323/779/323 356/780/356 367/781/367
vt 0.169491 0.785865
f 345/699/345 363/782/363 308/665/308
f 225/529/225 326/702/326 360/738/360
vt 0.410694 0.588886
f 326/702/326 354/783/354 360/738/360
vt 0.179546 0.776731
f 406/784/406 295/690/295 357/743/357
vt 0.983199 0.768767
f 332/645/332 296/570/296 708/785/708
f 563/219/563 708/785/708 296/570/296
vt 0.274156 0.023675
f 353/776/353 308/775/308 363/786/363
vt 0.065083 0.648986
f 503/787/503 335/659/335 352/732/352
vt 0.450205 0.737790
f 322/519/322 329/693/329 376/788/376
f 370/740/370 334/741/334 364/773/364
vt 0.176524 0.309648
vt 0.173032 0.309911
vt 0.173833 0.306060
f 223/789/223 359/790/359 350/791/350
vt 0.419736 0.500131
f 294/651/294 349/701/349 361/792/361
vt 0.732337 0.633300
f 441/793/441 341/730/341 279/484/279
vt 0.713125 0.595819
f 312/664/312 338/679/338 403/794/403
vt 0.599627 0.452583
vt 0.595148 0.450320
f 356/780/356 337/795/337 365/796/365
vt 0.425812 0.970151
f 333/735/333 396/797/396 304/636/304
vt 0.195160 0.605717
vt 0.195078 0.597611
f 313/712/313 325/798/325 488/799/488
f 321/696/321 380/769/380 354/755/354
vt 0.167738 0.722262
vt 0.173928 0.720899
f 340/800/340 402/801/402 355/692/355
vt 0.412112 0.612950
vt 0.413993 0.619745
f 315/711/315 343/802/343 388/803/388
vt 0.116377 0.275561
f 292/728/292 384/804/384 325/724/325
vt 0.715188 0.587126
f 292/700/292 312/664/312 384/805/384
f 337/747/337 317/674/317 378/778/378
vt 0.716047 0.612915
f 543/806/543 338/679/338 302/583/302
vt 0.735229 0.909457
f 344/510/344 290/574/290 469/807/469
vt 0.438313 0.963486
f 550/808/550 254/546/254 304/636/304
vt 0.417019 0.608776
f 318/714/318 347/695/347 420/809/420
vt 0.179653 0.730006
f 368/715/368 355/692/355 390/810/390
vt 0.441064 0.723514
f 366/731/366 346/610/346 464/811/464
f 319/686/319 315/711/315 388/803/388
vt 0.595408 0.440094
f 367/781/367 356/780/356 371/812/371
vt 0.591723 0.442464
f 356/780/356 365/796/365 392/813/392
f 356/780/356 392/813/392 371/812/371
vt 0.445738 0.727014
f 376/788/376 389/814/389 322/519/322
vt 0.888169 0.357248
vt 0.888384 0.359353
vt 0.883907 0.357694
f 397/815/397 323/816/323 367/817/367
f 322/519/322 389/814/389 346/610/346
vt 0.177966 0.786633
f 375/818/375 345/699/345 331/709/331
vt 0.458940 0.757554
f 258/371/258 330/544/330 428/819/428
vt 0.162403 0.795072
vt 0.164602 0.791606
f 423/820/423 288/684/288 381/821/381
vt 0.338489 0.194171
f 349/722/349 342/720/342 361/822/361
vt 0.184015 0.782589
f 415/823/415 331/709/331 406/784/406
vt 0.051215 0.634437
f 350/824/350 352/732/352 223/521/223
vt 0.516841 0.498849
f 366/771/366 411/825/411 336/745/336
vt 0.167883 0.788328
f 381/821/381 288/684/288 353/826/353
vt 0.165350 0.787947
f 288/684/288 348/827/348 353/826/353
vt 0.510515 0.492803
vt 0.512316 0.487166
f 404/828/404 378/829/378 336/745/336
vt 0.192317 0.605687
vt 0.190136 0.601877
f 325/798/325 384/830/384 434/831/434
vt 0.186197 0.777923
f 393/832/393 406/784/406 357/743/357
f 423/820/423 333/721/333 288/684/288
vt 0.717483 0.620766
f 302/583/302 285/585/285 603/833/603
vt 0.419376 0.686545
vt 0.421694 0.685589
vt 0.423560 0.687241
f 397/834/397 387/835/387 323/836/323
vt 0.740325 0.641522
f 511/837/511 303/739/303 417/751/417
vt 0.411253 0.610164
f 343/838/343 318/714/318 420/809/420
vt 0.338277 0.186617
vt 0.341760 0.189881
f 394/839/394 410/840/410 342/720/342
vt 0.192586 0.771912
f 369/689/369 452/841/452 357/743/357
vt 0.169266 0.787051
vt 0.174421 0.789808
f 363/842/363 345/699/345 414/843/414
vt 0.177542 0.724428
f 402/801/402 416/844/416 355/692/355
vt 0.427791 0.500426
vt 0.422458 0.495728
f 495/845/495 361/792/361 342/846/342
vt 0.467174 0.276767
vt 0.466866 0.274362
vt 0.469117 0.275346
f 351/847/351 324/848/324 362/849/362
vt 0.408945 0.598484
f 358/850/358 360/738/360 347/695/347
vt 0.194569 0.762329
f 369/689/369 370/740/370 405/851/405
vt 0.737307 0.913696
f 379/852/379 344/510/344 469/807/469
vt 0.459873 0.950845
f 372/729/372 259/465/259 373/853/373
vt 0.410118 0.503046
f 324/748/324 422/749/422 575/854/575
vt 0.403668 0.249758
f 323/765/323 387/855/387 394/766/394
vt 0.625518 0.286447
vt 0.621195 0.282109
f 575/856/575 362/857/362 324/680/324
vt 0.728859 0.910203
f 290/574/290 372/858/372 469/807/469
vt 0.190088 0.737980
f 339/772/339 460/859/460 364/773/364
f 369/689/369 405/851/405 452/841/452
vt 0.153663 0.709175
vt 0.155490 0.709597
f 420/860/420 377/861/377 343/752/343
vt 0.418134 0.612467
f 377/862/377 388/803/388 343/802/343
vt 0.713279 0.591908
f 403/863/403 384/805/384 312/664/312
f 393/832/393 357/743/357 452/841/452
f 336/745/336 411/825/411 404/828/404
vt 0.522665 0.508041
f 411/825/411 366/771/366 464/864/464
vt 0.164196 0.718932
vt 0.169253 0.716506
f 319/865/319 451/866/451 340/800/340
vt 0.419062 0.973325
f 396/797/396 333/735/333 423/867/423
vt 0.505540 0.489150
vt 0.509773 0.486162
f 418/868/418 378/869/378 404/828/404
f 375/818/375 414/843/414 345/699/345
f 414/843/414 353/826/353 363/842/363
vt 0.196157 0.745689
vt 0.195556 0.753506
f 370/740/370 383/870/383 407/871/407
f 416/844/416 390/810/390 355/692/355
vt 0.012143 0.980167
f 417/642/417 271/641/271 332/872/332
f 405/851/405 370/740/370 407/871/407
vt 0.184448 0.732218
f 398/873/398 460/859/460 339/772/339
vt 0.585745 0.434725
f 371/812/371 392/813/392 421/874/421
vt 0.588938 0.446984
f 392/813/392 365/796/365 426/875/426
f 370/740/370 364/773/364 383/870/383
vt 0.416116 0.589778
f 354/783/354 429/876/429 360/738/360
vt 0.581490 0.436964
f 391/877/391 392/813/392 426/875/426
f 543/806/543 302/583/302 603/833/603
vt 0.469623 0.281890
vt 0.468244 0.279675
vt 0.471461 0.279793
f 380/878/380 306/879/306 385/880/385
vt 0.469522 0.277046
f 385/880/385 351/847/351 362/881/362
f 306/879/306 351/847/351 385/880/385
f 375/818/375 331/709/331 415/823/415
f 383/870/383 364/773/364 460/859/460
vt 0.413573 0.710849
f 378/778/378 457/882/457 337/747/337
vt 0.168310 0.793855
f 353/826/353 408/883/408 381/821/381
f 428/819/428 330/544/330 413/733/413
f 346/610/346 389/814/389 464/811/464
vt 0.180292 0.726779
f 416/844/416 401/884/401 390/810/390
vt 0.426467 0.496024
f 342/846/342 410/885/410 495/845/495
vt 0.164169 0.715782
f 388/886/388 451/866/451 319/865/319
vt 0.189165 0.732042
f 460/859/460 398/873/398 448/887/448
vt 0.793658 0.492921
vt 0.794732 0.496448
f 390/888/390 398/889/398 339/717/339
f 386/726/386 313/712/313 488/799/488
f 421/874/421 392/813/392 391/877/391
f 434/831/434 488/799/488 325/798/325
vt 0.374331 0.368207
f 354/755/354 380/769/380 400/890/400
vt 0.416537 0.598318
f 360/738/360 447/891/447 347/695/347
f 279/484/279 303/739/303 441/793/441
vt 0.746646 0.913298
f 379/852/379 469/807/469 496/892/496
f 368/770/368 390/888/390 339/717/339
vt 0.057366 0.307543
vt 0.054560 0.310745
vt 0.054042 0.306312
f 471/893/471 371/894/371 395/895/395
vt 0.065430 0.313492
vt 0.060150 0.312037
vt 0.065435 0.310266
f 397/896/397 371/897/371 433/898/433
vt 0.062277 0.314766
f 371/897/371 397/896/397 367/899/367
f 304/636/304 396/797/396 550/808/550
f 374/658/374 254/546/254 550/808/550
f 374/658/374 373/853/373 259/465/259
f 381/821/381 408/883/408 423/820/423
f 406/784/406 393/832/393 415/823/415
f 329/693/329 258/371/258 428/819/428
f 340/800/340 451/866/451 402/801/402
vt 0.471089 0.285254
vt 0.472849 0.282401
f 400/900/400 380/878/380 444/901/444
vt 0.419874 0.719047
f 457/882/457 378/778/378 418/902/418
vt 0.417317 0.701581
f 365/903/365 337/747/337 457/882/457
vt 0.410355 0.703171
f 426/904/426 365/903/365 457/882/457
vt 0.017312 0.448573
vt 0.019606 0.447636
vt 0.019968 0.450715
f 427/905/427 384/906/384 403/907/403
vt 0.710861 0.603030
f 338/679/338 445/908/445 403/794/403
vt 0.200538 0.765223
f 409/909/409 452/841/452 405/851/405
vt 0.180544 0.723115
f 416/844/416 431/910/431 401/884/401
vt 0.201614 0.756415
f 405/851/405 419/911/419 409/909/409
vt 0.330003 0.163779
vt 0.327928 0.163731
f 400/912/400 429/913/429 354/759/354
f 407/871/407 419/911/419 405/851/405
f 380/878/380 385/880/385 444/901/444
f 414/843/414 408/883/408 353/826/353
vt 0.796674 0.495089
vt 0.797488 0.492818
f 439/914/439 390/888/390 401/915/401
vt 0.467271 0.773957
f 428/819/428 413/733/413 442/916/442
vt 0.020457 0.455529
vt 0.017549 0.464051
vt 0.016084 0.456234
f 403/917/403 445/918/445 432/919/432
vt 0.417830 0.618172
f 377/862/377 436/920/436 388/803/388
vt 0.506666 0.497714
f 404/828/404 411/825/411 437/921/437
vt 0.578196 0.431010
f 421/874/421 391/877/391 440/922/440
f 422/749/422 294/651/294 361/792/361
vt 0.420535 0.504126
f 551/923/551 422/749/422 361/792/361
vt 0.629375 0.282306
vt 0.631627 0.287751
f 575/856/575 422/924/422 551/925/551
vt 0.442171 0.488720
vt 0.441092 0.491163
vt 0.440387 0.487457
f 471/926/471 446/927/446 371/928/371
vt 0.876001 0.353342
vt 0.868585 0.349569
vt 0.871530 0.347901
f 371/929/371 421/930/421 459/931/459
vt 0.442558 0.955382
f 470/932/470 373/853/373 374/658/374
vt 0.874021 0.350801
f 395/933/395 371/929/371 459/931/459
f 374/658/374 550/808/550 470/932/470
vt 0.062137 0.309564
f 433/898/433 371/897/371 446/934/446
vt 0.580474 0.444517
vt 0.577035 0.439174
f 391/877/391 468/935/468 463/936/463
vt 0.928150 0.066164
vt 0.930903 0.064396
vt 0.931155 0.066672
f 400/937/400 435/938/435 429/939/429
f 379/660/379 442/916/442 413/733/413
vt 0.403672 0.509942
vt 0.406159 0.506151
vt 0.410905 0.512680
f 385/940/385 362/941/362 526/942/526
f 391/877/391 426/875/426 468/935/468
vt 0.167899 0.303835
f 450/943/450 350/791/350 359/790/359
vt 0.575980 0.432606
vt 0.576780 0.431372
f 461/944/461 440/945/440 391/877/391
vt 0.535559 0.038342
vt 0.539645 0.040843
vt 0.536226 0.040999
f 427/946/427 403/947/403 432/948/432
vt 0.202641 0.746686
f 438/949/438 407/871/407 383/870/383
vt 0.199842 0.771200
f 454/950/454 452/841/452 409/909/409
vt 0.399911 0.283784
vt 0.405009 0.283157
vt 0.402278 0.286928
f 421/951/421 458/952/458 459/953/459
vt 0.416650 0.600680
f 347/695/347 447/891/447 483/954/483
vt 0.416886 0.603131
f 483/955/483 420/809/420 347/695/347
f 407/871/407 438/949/438 419/911/419
vt 0.417264 0.966922
f 492/956/492 396/797/396 423/867/423
vt 0.515855 0.512170
f 507/957/507 411/825/411 464/864/464
vt 0.509966 0.504552
f 437/921/437 411/825/411 456/958/456
vt 0.180308 0.718703
f 402/801/402 477/959/477 416/844/416
vt 0.422958 0.619018
f 436/920/436 377/862/377 508/960/508
vt 0.057882 0.633809
f 350/824/350 449/961/449 352/732/352
vt 0.183762 0.730173
vt 0.187843 0.727288
f 398/873/398 390/962/390 439/963/439
f 448/887/448 398/873/398 439/963/439
vt 0.191987 0.782095
f 510/964/510 393/832/393 452/841/452
vt 0.575699 0.433967
f 463/936/463 461/965/461 391/877/391
vt 0.504950 0.492606
f 418/868/418 404/828/404 437/966/437
vt 0.926518 0.064051
f 444/967/444 435/938/435 400/937/400
vt 0.722513 0.630380
f 425/661/425 577/968/577 285/585/285
vt 0.475164 0.779583
f 496/969/496 442/916/442 379/660/379
vt 0.424050 0.615333
f 377/862/377 515/970/515 508/960/508
vt 0.412967 0.972360
f 492/956/492 423/867/423 408/971/408
vt 0.418707 0.595710
f 360/738/360 491/972/491 447/891/447
vt 0.175658 0.793193
f 424/973/424 408/883/408 414/843/414
vt 0.048889 0.627708
f 382/708/382 450/974/450 359/602/359
vt 0.165062 0.712415
vt 0.167459 0.713794
f 388/886/388 436/975/436 451/976/451
vt 0.416827 0.623240
vt 0.418725 0.620708
vt 0.421848 0.622152
f 451/977/451 436/978/436 505/979/505
vt 0.202623 0.762610
f 419/911/419 455/980/455 409/909/409
f 393/832/393 510/964/510 415/823/415
vt 0.399423 0.247773
f 387/855/387 485/981/485 394/766/394
vt 0.401405 0.250671
f 387/855/387 433/982/433 485/981/485
vt 0.067587 0.312266
f 387/983/387 397/896/397 433/898/433
vt 0.176860 0.716733
f 477/959/477 402/801/402 430/984/430
vt 0.898892 0.064231
vt 0.901990 0.064645
vt 0.900052 0.067274
f 451/985/451 430/986/430 402/987/402
f 431/910/431 416/844/416 477/959/477
f 411/825/411 507/957/507 456/958/456
vt 0.401205 0.278410
f 421/951/421 440/988/440 458/952/458
vt 0.392306 0.701277
vt 0.387076 0.696959
vt 0.397017 0.695764
f 461/989/461 524/990/524 440/991/440
vt 0.494894 0.948860
vt 0.477238 0.941471
f 469/992/469 372/729/372 698/993/698
vt 0.427897 0.493291
vt 0.431978 0.496585
f 394/994/394 485/995/485 410/885/410
vt 0.874683 0.345207
vt 0.874308 0.348206
f 465/996/465 395/997/395 459/931/459
vt 0.209687 0.593030
f 399/559/399 638/998/638 305/703/305
vt 0.014843 0.452341
vt 0.015926 0.456048
vt 0.013286 0.456737
f 427/999/427 432/1000/432 506/1001/506
vt 0.198838 0.779394
f 462/1002/462 452/841/452 454/950/454
vt 0.035401 0.620893
vt 0.043949 0.621417
f 305/1003/305 453/1004/453 382/708/382
vt 0.419647 0.592371
f 429/876/429 499/1005/499 360/738/360
vt 0.715938 0.626013
f 285/585/285 484/1006/484 603/833/603
vt 0.406356 0.972594
vt 0.408773 0.965344
f 408/971/408 424/1007/424 542/1008/542
vt 0.930610 0.390926
vt 0.935673 0.390218
vt 0.933423 0.392484
f 498/1009/498 434/1010/434 384/1011/384
vt 0.342382 0.414896
vt 0.343255 0.409195
vt 0.345240 0.411368
f 455/1012/455 419/1013/419 494/1014/494
vt 0.042536 0.241047
vt 0.047226 0.242019
vt 0.044137 0.243922
f 485/1015/485 433/1016/433 513/1017/513
f 361/792/361 495/845/495 551/923/551
vt 0.346854 0.407026
vt 0.345962 0.405532
vt 0.347804 0.406777
f 494/1018/494 419/1019/419 443/1020/443
vt 0.063640 0.641226
f 503/787/503 352/732/352 514/1021/514
vt 0.204491 0.751614
vt 0.205013 0.748851
f 419/1022/419 438/949/438 443/1023/443
vt 0.174293 0.715038
vt 0.171046 0.711762
f 430/1024/430 451/866/451 505/1025/505
vt 0.419035 0.619913
f 505/979/505 436/1026/436 508/960/508
f 577/968/577 425/661/425 341/730/341
vt 0.372174 0.290088
vt 0.372070 0.284263
vt 0.374958 0.284100
f 427/1027/427 498/1028/498 384/1029/384
vt 0.711872 0.612059
f 445/908/445 543/806/543 534/1030/534
f 449/961/449 514/1021/514 352/732/352
f 462/1002/462 510/964/510 452/841/452
f 543/806/543 445/908/445 338/679/338
vt 0.731172 0.635997
f 600/1031/600 441/793/441 303/739/303
vt 0.202699 0.736712
f 467/1032/467 438/949/438 383/870/383
f 399/559/399 386/726/386 638/998/638
vt 0.439839 0.733243
f 389/814/389 376/788/376 500/1033/500
vt 0.200535 0.774776
f 475/1034/475 462/1002/462 454/950/454
f 453/1004/453 450/974/450 382/708/382
vt 0.445249 0.751512
f 329/693/329 428/819/428 641/1035/641
f 376/788/376 329/693/329 641/1035/641
vt 0.201537 0.772800
f 475/1034/475 454/950/454 533/1036/533
f 460/859/460 467/1032/467 383/870/383
f 464/811/464 389/814/389 500/1033/500
vt 0.057582 0.304649
vt 0.059410 0.306396
f 465/1037/465 446/1038/446 471/893/471
vt 0.729660 0.634370
f 530/1039/530 341/730/341 441/793/441
vt 0.186572 0.788138
f 375/818/375 415/823/415 476/1040/476
vt 0.041039 0.616691
f 528/1041/528 453/1004/453 305/1003/305
vt 0.401828 0.512360
vt 0.404950 0.515588
f 444/1042/444 385/940/385 555/1043/555
f 495/845/495 410/885/410 485/995/485
vt 0.405053 0.706735
vt 0.404078 0.710916
f 468/1044/468 426/904/426 518/1045/518
vt 0.960306 0.067585
vt 0.956654 0.065691
vt 0.959701 0.064665
f 483/1046/483 447/1047/447 540/1048/540
vt 0.013106 0.459904
f 445/918/445 506/1049/506 432/919/432
f 360/738/360 499/1005/499 491/972/491
f 457/882/457 518/1045/518 426/904/426
vt 0.632781 0.041729
vt 0.630431 0.041702
vt 0.633079 0.038743
f 377/1050/377 420/1051/420 472/1052/472
vt 0.955688 0.063025
f 447/1047/447 491/1053/491 540/1048/540
vt 0.418433 0.587376
vt 0.420099 0.588886
f 435/1054/435 466/1055/466 429/876/429
vt 0.215019 0.590363
f 638/998/638 528/1056/528 305/703/305
vt 0.751694 0.908260
f 469/807/469 573/1057/573 496/892/496
f 698/993/698 372/729/372 373/853/373
vt 0.202126 0.766715
f 409/909/409 455/1058/455 454/950/454
vt 0.339337 0.422503
vt 0.337673 0.417636
f 533/1059/533 454/1060/454 455/1012/455
vt 0.172765 0.303571
f 450/943/450 473/1061/473 350/791/350
vt 0.013902 0.464588
f 506/1049/506 445/918/445 493/1062/493
vt 0.415755 0.507224
f 575/1063/575 526/942/526 362/941/362
vt 0.055752 0.305000
f 465/1064/465 471/893/471 395/895/395
vt 0.937590 0.796515
f 229/568/229 1027/1065/1027 412/311/412
vt 0.198144 0.734761
f 467/1032/467 460/859/460 521/1066/521
vt 0.070615 0.654716
f 299/444/299 335/659/335 824/1067/824
vt 0.183555 0.726730
vt 0.190675 0.722771
f 401/1068/401 546/1069/546 439/963/439
vt 0.421753 0.732227
vt 0.413224 0.733614
vt 0.424579 0.725398
f 516/1070/516 497/1071/497 437/1072/437
f 503/787/503 824/1067/824 335/659/335
vt 0.195185 0.731596
f 521/1066/521 460/859/460 487/1073/487
vt 0.016737 0.973532
f 332/872/332 707/1074/707 417/642/417
f 487/1073/487 460/859/460 448/887/448
vt 0.394693 0.704928
vt 0.391773 0.705000
f 461/989/461 463/1075/463 489/1076/489
vt 0.021049 0.981994
f 707/1074/707 511/1077/511 417/642/417
vt 0.930844 0.809621
vt 0.926867 0.805389
f 299/1078/299 612/1079/612 229/568/229
vt 0.383654 0.703445
f 461/989/461 569/1080/569 524/990/524
vt 0.408510 0.723252
f 418/902/418 536/1081/536 457/882/457
f 437/1072/437 497/1071/497 418/902/418
vt 0.179956 0.712821
vt 0.178842 0.716479
f 553/1082/553 477/1083/477 430/984/430
vt 0.206172 0.739939
f 438/949/438 467/1032/467 502/1084/502
vt 0.529889 0.069767
vt 0.527410 0.066930
vt 0.529541 0.065246
f 459/1085/459 458/1086/458 481/1087/481
vt 0.531457 0.066781
f 465/1088/465 459/1085/459 481/1087/481
vt 0.802676 0.492679
vt 0.800476 0.489110
vt 0.803041 0.492300
f 401/1089/401 431/1090/431 474/1091/474
vt 0.187355 0.717776
f 474/1092/474 546/1069/546 401/1068/401
f 526/942/526 555/1043/555 385/940/385
vt 0.520503 0.513521
vt 0.519677 0.515486
f 507/957/507 464/1093/464 500/1094/500
vt 0.437507 0.492368
vt 0.445378 0.494860
f 433/1095/433 446/927/446 754/1096/754
vt 0.436417 0.497007
f 754/1096/754 513/1097/513 433/1095/433
vt 0.456571 0.219562
vt 0.457181 0.212592
vt 0.459298 0.217886
f 446/1098/446 465/1099/465 754/1100/754
vt 0.420940 0.591224
f 429/876/429 466/1055/466 499/1101/499
vt 0.310013 0.189836
vt 0.306733 0.193614
vt 0.302039 0.190468
f 472/1102/472 420/1103/420 483/1104/483
vt 0.421312 0.611327
vt 0.424084 0.609281
f 515/970/515 377/1105/377 472/1106/472
vt 0.023875 0.978882
vt 0.023072 0.981745
f 501/1107/501 303/1108/303 511/1077/511
vt 0.415539 0.353605
vt 0.415983 0.355502
vt 0.415218 0.356059
f 444/1109/444 555/1110/555 560/1111/560
vt 0.169971 0.302453
f 473/1061/473 450/943/450 490/1112/490
vt 0.569340 0.437786
vt 0.574920 0.438952
vt 0.573455 0.442033
f 489/1113/489 463/1114/463 527/1115/527
vt 0.412047 0.356350
vt 0.411645 0.353512
f 560/1116/560 435/1117/435 444/1109/444
vt 0.368698 0.290843
vt 0.367788 0.288434
f 427/1027/427 506/1118/506 559/1119/559
vt 0.509500 0.515196
f 456/958/456 507/957/507 619/1120/619
vt 0.389671 0.706608
f 489/1121/489 569/1080/569 461/989/461
vt 0.192808 0.411937
vt 0.191511 0.408511
vt 0.197319 0.406353
f 558/1122/558 491/1123/491 499/1124/499
f 546/1069/546 448/887/448 439/963/439
vt 0.210748 0.766239
vt 0.204961 0.765157
vt 0.205382 0.759572
f 588/1125/588 455/1126/455 494/1127/494
vt 0.188397 0.412131
f 491/1123/491 558/1122/558 540/1128/540
vt 0.194280 0.730525
f 448/887/448 546/1069/546 487/1129/487
vt 0.926529 0.395688
vt 0.929500 0.396627
f 559/1130/559 498/1009/498 427/1131/427
vt 0.449376 0.770163
f 428/819/428 442/916/442 531/1132/531
vt 0.502133 0.501640
f 456/958/456 516/1133/516 437/921/437
vt 0.214093 0.758707
vt 0.212995 0.750961
f 479/1134/479 494/1127/494 480/1135/480
vt 0.207589 0.748426
f 443/1136/443 480/1135/480 494/1127/494
vt 0.406839 0.354362
f 466/1137/466 435/1117/435 560/1116/560
vt 0.427071 0.503440
f 565/1138/565 551/923/551 495/845/495
f 530/1039/530 441/793/441 600/1031/600
vt 0.306440 0.187723
f 472/1102/472 483/1104/483 519/1139/519
vt 0.405489 0.971875
vt 0.401226 0.966957
f 424/1140/424 587/1141/587 542/1008/542
vt 0.449150 0.761173
f 641/1035/641 428/819/428 602/1142/602
vt 0.181740 0.791453
f 414/843/414 375/818/375 482/1143/482
f 424/973/424 414/843/414 482/1143/482
f 476/1040/476 482/1143/482 375/818/375
f 530/1039/530 577/968/577 341/730/341
vt 0.207736 0.742943
f 478/1144/478 443/1136/443 438/949/438
f 478/1144/478 438/949/438 502/1084/502
vt 0.401021 0.720310
f 536/1081/536 522/1145/522 457/882/457
vt 0.198657 0.587256
f 386/726/386 488/799/488 537/1146/537
vt 0.195531 0.784530
f 486/1147/486 510/964/510 462/1002/462
vt 0.575612 0.445979
f 463/936/463 468/935/468 527/1148/527
vt 0.745629 0.906403
f 573/1057/573 469/807/469 548/1149/548
f 542/1008/542 492/956/492 408/971/408
vt 0.389765 0.691563
f 524/990/524 525/1150/525 440/991/440
vt 0.408256 0.276468
vt 0.408373 0.282805
f 440/988/440 525/1151/525 481/1152/481
f 440/988/440 481/1152/481 458/952/458
f 492/956/492 550/808/550 396/797/396
vt 0.183829 0.595842
vt 0.189042 0.602179
vt 0.183131 0.601056
f 597/1153/597 434/1154/434 498/1155/498
vt 0.199739 0.728663
vt 0.201030 0.732685
vt 0.198312 0.731714
f 509/1156/509 521/1157/521 487/1158/487
f 494/1127/494 479/1134/479 588/1125/588
vt 0.069659 0.644440
f 631/1159/631 503/787/503 514/1021/514
f 418/902/418 497/1071/497 536/1081/536
vt 0.579239 0.451034
f 468/935/468 518/1160/518 527/1148/527
vt 0.918491 0.273653
vt 0.915694 0.275342
vt 0.915475 0.271619
f 509/1161/509 487/1162/487 520/1163/520
vt 0.053206 0.630908
f 473/1164/473 449/961/449 350/824/350
vt 0.047035 0.622292
f 557/1165/557 450/974/450 453/1004/453
vt 0.735339 0.638735
vt 0.736150 0.640909
f 504/1166/504 303/739/303 501/1167/501
f 522/1145/522 518/1045/518 457/882/457
f 510/964/510 476/1040/476 415/823/415
vt 0.434112 0.498503
f 485/995/485 513/1168/513 495/845/495
vt 0.303219 0.187722
f 561/1169/561 519/1139/519 483/1104/483
vt 0.016890 0.473063
f 445/918/445 534/1170/534 493/1062/493
vt 0.195566 0.725148
f 487/1129/487 546/1069/546 520/1171/520
vt 0.026591 0.982044
vt 0.030469 0.982753
vt 0.023892 0.984276
f 504/1172/504 600/1173/600 303/1174/303
f 285/585/285 577/968/577 484/1006/484
vt 0.336305 0.421967
vt 0.336746 0.423848
f 475/1175/475 533/1059/533 462/1176/462
vt 0.205038 0.773136
f 533/1177/533 455/1126/455 588/1125/588
vt 0.209906 0.734328
f 467/1032/467 562/1178/562 502/1084/502
vt 0.204509 0.589650
f 386/726/386 646/1179/646 638/998/638
vt 0.068880 0.181890
vt 0.072648 0.183768
vt 0.067703 0.184694
f 521/1180/521 576/1181/576 467/1182/467
vt 0.403312 0.971480
vt 0.400130 0.970610
f 424/1183/424 482/1184/482 587/1141/587
vt 0.071233 0.178831
f 576/1181/576 521/1180/521 509/1185/509
vt 0.968881 0.272411
vt 0.971892 0.272445
vt 0.971214 0.277268
f 505/1186/505 553/1187/553 430/1188/430
f 434/831/434 597/1153/597 488/799/488
vt 0.423846 0.603689
vt 0.418903 0.603884
vt 0.422102 0.601208
f 561/1189/561 483/1190/483 540/1191/540
vt 0.303032 0.133931
vt 0.304762 0.131470
vt 0.305619 0.133168
f 443/1192/443 478/1193/478 535/1194/535
vt 0.503220 0.507771
f 456/958/456 512/1195/512 516/1133/516
vt 0.803301 0.486337
vt 0.807051 0.490670
f 477/1196/477 474/1197/474 431/1090/431
vt 0.305003 0.128494
vt 0.306016 0.129418
f 478/1193/478 502/1198/502 535/1199/535
vt 0.925432 0.392659
f 570/1200/570 498/1009/498 559/1130/559
vt 0.930779 0.390711
vt 0.925617 0.383779
vt 0.929811 0.382533
f 498/1201/498 545/1202/545 597/1203/597
vt 0.011318 0.463893
f 493/1062/493 580/1204/580 506/1049/506
vt 0.171501 0.708009
vt 0.169066 0.709085
f 544/1205/544 505/1025/505 508/1206/508
vt 0.192228 0.592331
f 537/1146/537 488/799/488 539/1207/539
vt 0.499650 0.940922
f 469/992/469 698/993/698 548/1208/548
vt 0.413169 0.281576
f 729/1209/729 481/1152/481 525/1151/525
f 612/1079/612 1027/1065/1027 229/568/229
f 456/958/456 619/1120/619 512/1195/512
vt 0.988572 0.766064
f 708/785/708 707/1210/707 332/645/332
vt 0.925094 0.808029
f 824/1211/824 612/1079/612 299/1078/299
vt 0.389669 0.710194
vt 0.383351 0.711326
f 569/1080/569 489/1212/489 589/1213/589
vt 0.435697 0.742674
f 500/1033/500 376/788/376 554/1214/554
vt 0.455774 0.778235
f 531/1132/531 442/916/442 678/1215/678
vt 0.513406 0.521534
f 500/1094/500 554/1216/554 507/957/507
f 641/1035/641 554/1214/554 376/788/376
vt 0.807950 0.483254
f 474/1197/474 477/1196/477 553/1217/553
vt 0.209520 0.742285
f 562/1178/562 535/1218/535 502/1084/502
vt 0.185002 0.792554
f 482/1143/482 476/1040/476 547/1219/547
vt 0.436707 0.502835
f 495/845/495 513/1168/513 567/1220/567
vt 0.030282 0.277591
vt 0.031498 0.280370
vt 0.030528 0.281107
f 501/1221/501 614/1222/614 504/1223/504
vt 0.037142 0.985878
vt 0.031586 0.984847
vt 0.035017 0.982614
f 577/1224/577 530/1225/530 591/1226/591
vt 0.425704 0.608523
vt 0.428933 0.609375
f 472/1106/472 519/1227/519 564/1228/564
f 535/1218/535 480/1135/480 443/1136/443
vt 0.427516 0.612843
f 472/1106/472 529/1229/529 515/970/515
vt 0.200440 0.405842
vt 0.201420 0.408188
f 499/1124/499 466/1230/466 541/1231/541
vt 0.574191 0.451009
f 527/1148/527 518/1160/518 586/1232/586
vt 0.202286 0.412650
f 558/1122/558 499/1124/499 578/1233/578
vt 0.164998 0.706326
vt 0.167775 0.703041
f 508/1206/508 515/1234/515 566/1235/566
f 539/1207/539 488/799/488 597/1153/597
vt 0.220930 0.764416
f 588/1125/588 479/1134/479 644/1236/644
vt 0.416305 0.739402
f 516/1070/516 615/1237/615 497/1071/497
vt 0.391814 0.715003
vt 0.391294 0.710685
vt 0.392736 0.710003
f 532/1238/532 489/1239/489 527/1240/527
vt 0.220476 0.753866
f 584/1241/584 479/1134/479 480/1135/480
f 499/1124/499 541/1231/541 578/1233/578
vt 0.219717 0.747599
f 584/1241/584 480/1135/480 571/1242/571
vt 0.422775 0.736943
f 615/1237/615 516/1070/516 512/1243/512
vt 0.859528 0.037435
vt 0.862032 0.039908
vt 0.858516 0.041207
f 519/1244/519 561/1245/561 617/1246/617
f 529/1229/529 472/1106/472 564/1228/564
vt 0.011829 0.470973
f 534/1170/534 523/1247/523 493/1062/493
vt 0.429175 0.503086
vt 0.432928 0.504060
f 565/1248/565 495/845/495 622/1249/622
vt 0.011949 0.468227
f 523/1247/523 580/1250/580 493/1062/493
vt 0.429548 0.615239
f 529/1229/529 566/1251/566 515/970/515
vt 0.395131 0.972046
vt 0.394259 0.973039
vt 0.392371 0.972276
f 547/1252/547 476/1253/476 552/1254/552
f 537/1146/537 646/1179/646 386/726/386
vt 0.924449 0.395533
f 559/1130/559 517/1255/517 570/1200/570
f 508/1206/508 566/1235/566 544/1205/544
vt 0.215425 0.739296
f 535/1218/535 598/1256/598 480/1135/480
vt 0.401374 0.517741
vt 0.403096 0.519506
f 560/1257/560 555/1043/555 583/1258/583
vt 0.191996 0.788354
f 510/964/510 552/1259/552 476/1040/476
vt 0.264200 0.076173
vt 0.264154 0.073944
vt 0.267155 0.074222
f 570/1260/570 545/1261/545 498/1262/498
f 552/1259/552 510/964/510 486/1147/486
vt 0.205413 0.731303
f 562/1178/562 467/1032/467 576/1263/576
f 562/1178/562 598/1256/598 535/1218/535
vt 0.378707 0.695762
f 524/990/524 569/1080/569 599/1264/599
vt 0.384125 0.693342
f 525/1265/525 524/990/524 599/1264/599
vt 0.450218 0.488094
vt 0.455550 0.486946
vt 0.455214 0.494940
f 465/1266/465 481/1267/481 727/1268/727
vt 0.461230 0.781291
f 496/969/496 549/1269/549 442/916/442
vt 0.039599 0.246414
vt 0.042768 0.246356
f 567/1270/567 513/1017/513 590/1271/590
vt 0.701684 0.589184
vt 0.704462 0.595910
vt 0.697496 0.595038
f 559/1272/559 506/1273/506 613/1274/613
vt 0.188997 0.789394
vt 0.189022 0.792042
f 547/1219/547 552/1275/552 594/1276/594
f 571/1242/571 480/1135/480 598/1256/598
vt 0.213974 0.774783
f 661/1277/661 533/1177/533 588/1125/588
vt 0.350343 0.219812
vt 0.352652 0.219082
vt 0.350540 0.222473
f 640/1278/640 570/1279/570 517/1280/517
vt 0.810461 0.487934
vt 0.812574 0.485235
f 474/1281/474 553/1217/553 538/1282/538
vt 0.166872 0.299900
f 663/1283/663 490/1112/490 450/943/450
vt 0.208097 0.781283
vt 0.201890 0.784898
f 462/1002/462 643/1284/643 579/1285/579
f 533/1177/533 643/1284/643 462/1002/462
vt 0.380238 0.707134
f 569/1080/569 589/1213/589 582/1286/582
vt 0.198172 0.720422
f 520/1171/520 546/1069/546 604/1287/604
f 507/957/507 554/1216/554 619/1120/619
vt 0.410323 0.359822
f 466/1137/466 560/1116/560 583/1288/583
vt 0.197666 0.725311
f 509/1156/509 520/1289/520 604/1287/604
vt 0.498726 0.511065
f 572/1290/572 512/1195/512 619/1120/619
vt 0.202045 0.723278
f 604/1287/604 585/1291/585 509/1156/509
vt 0.906002 0.120124
vt 0.911247 0.122472
vt 0.906546 0.124165
f 565/1292/565 581/1293/581 551/1294/551
f 622/1249/622 495/845/495 567/1220/567
vt 0.853379 0.038609
f 617/1246/617 564/1295/564 519/1244/519
vt 0.575346 0.455734
f 586/1232/586 518/1160/518 522/1296/522
vt 0.396410 0.719512
vt 0.395597 0.710164
f 586/1297/586 532/1238/532 527/1298/527
vt 0.181436 0.706125
vt 0.181492 0.710651
f 553/1082/553 596/1299/596 556/1300/556
vt 0.176277 0.707352
vt 0.174383 0.711166
vt 0.172597 0.708331
f 568/1301/568 505/1302/505 544/1303/544
vt 0.969641 0.269102
f 553/1187/553 505/1186/505 568/1304/568
vt 0.190901 0.414861
vt 0.192643 0.416758
f 540/1305/540 558/1122/558 606/1306/606
vt 0.190527 0.416213
f 561/1307/561 540/1305/540 606/1306/606
vt 0.012488 0.475517
f 523/1247/523 534/1170/534 626/1308/626
f 509/1156/509 585/1291/585 576/1263/576
vt 0.373487 0.707473
f 569/1080/569 582/1286/582 592/1309/592
f 584/1241/584 644/1236/644 479/1134/479
vt 0.063072 0.632937
f 514/1021/514 449/961/449 665/1310/665
vt 0.462611 0.490558
f 727/1268/727 481/1267/481 729/1311/729
f 602/1142/602 428/819/428 531/1132/531
vt 0.711328 0.616987
f 543/806/543 603/833/603 574/1312/574
vt 0.973877 0.267794
f 553/1187/553 568/1304/568 596/1313/596
f 534/1030/534 543/806/543 574/1312/574
vt 0.702809 0.605841
vt 0.699042 0.604292
f 580/1314/580 609/1315/609 506/1273/506
vt 0.195448 0.790133
f 486/1147/486 635/1316/635 552/1259/552
vt 0.698341 0.587674
f 613/1274/613 517/1317/517 559/1272/559
f 609/1315/609 613/1274/613 506/1273/506
vt 0.052843 0.628553
f 449/961/449 473/1164/473 490/1318/490
vt 0.400722 0.729641
f 536/1081/536 497/1071/497 694/1319/694
vt 0.396674 0.969874
f 587/1141/587 482/1184/482 547/1320/547
f 486/1147/486 462/1002/462 579/1285/579
vt 0.420370 0.743200
f 572/1321/572 615/1237/615 512/1243/512
vt 0.393131 0.969162
vt 0.394480 0.965581
f 547/1320/547 594/1322/594 627/1323/627
vt 0.815005 0.483219
f 556/1324/556 538/1282/538 553/1217/553
vt 0.198896 0.829452
vt 0.202794 0.821450
vt 0.212391 0.828137
f 819/1325/819 525/1326/525 599/1327/599
vt 0.406468 0.357438
vt 0.407370 0.358045
f 541/1328/541 466/1137/466 583/1329/583
vt 0.968544 0.770696
f 563/219/563 1159/1330/1159 708/785/708
f 465/1266/465 727/1268/727 754/1096/754
vt 0.761014 0.913209
f 549/1331/549 496/892/496 573/1057/573
vt 0.169657 0.818132
vt 0.172691 0.817749
vt 0.175258 0.823493
f 590/1332/590 513/1333/513 754/1334/754
vt 0.423972 0.506864
vt 0.429120 0.508141
f 551/1335/551 581/1336/581 575/1063/575
vt 0.426725 0.515909
f 689/1337/689 575/1063/575 581/1336/581
vt 0.418267 0.954616
f 779/1338/779 470/932/470 550/808/550
vt 0.389160 0.714836
vt 0.386583 0.718555
f 532/1339/532 621/1340/621 489/1212/489
vt 0.213905 0.730192
f 562/1178/562 576/1263/576 595/1341/595
f 678/1215/678 442/916/442 549/1269/549
vt 0.192844 0.715070
f 610/1342/610 604/1287/604 546/1069/546
vt 0.051357 0.620095
f 557/1165/557 453/1004/453 657/1343/657
f 643/1284/643 533/1177/533 661/1277/661
f 522/1145/522 536/1081/536 694/1319/694
f 621/1340/621 589/1213/589 489/1212/489
vt 0.191274 0.716890
f 474/1344/474 610/1342/610 546/1069/546
vt 0.391563 0.968582
vt 0.391645 0.970401
vt 0.386166 0.968892
f 594/1345/594 552/1346/552 635/1347/635
vt 0.206097 0.725800
f 585/1291/585 611/1348/611 576/1263/576
vt 0.428605 0.504598
f 565/1349/565 622/1249/622 581/1336/581
vt 0.027928 0.979329
f 614/1350/614 600/1173/600 504/1172/504
vt 0.171140 0.703798
vt 0.170942 0.705022
f 566/1235/566 608/1351/608 544/1352/544
vt 0.478082 0.094227
vt 0.477612 0.097248
vt 0.474059 0.095230
f 541/1353/541 583/1354/583 650/1355/650
vt 0.136192 0.308490
vt 0.133561 0.304506
vt 0.135693 0.304718
f 680/1356/680 529/1357/529 564/1358/564
vt 0.174763 0.703363
f 568/1301/568 544/1303/544 608/1359/608
vt 0.429628 0.612371
f 566/1251/566 529/1229/529 680/1360/680
vt 0.207199 0.411684
f 541/1231/541 650/1361/650 578/1233/578
vt 0.694422 0.590518
f 733/1362/733 517/1317/517 613/1274/613
f 600/1173/600 591/1226/591 530/1225/530
f 587/1141/587 547/1320/547 627/1323/627
vt 0.710974 0.619835
f 616/1363/616 574/1312/574 603/833/603
vt 0.185818 0.711813
vt 0.189890 0.713807
f 538/1364/538 610/1365/610 474/1092/474
vt 0.411160 0.519489
f 555/1043/555 526/942/526 639/1366/639
vt 0.860796 0.041982
f 617/1246/617 561/1245/561 606/1367/606
f 611/1348/611 595/1341/595 576/1263/576
vt 0.406949 0.520068
f 583/1368/583 555/1043/555 639/1366/639
vt 0.693661 0.583458
f 733/1362/733 640/1369/640 517/1317/517
vt 0.201617 0.719393
f 605/1370/605 585/1291/585 604/1287/604
vt 0.162298 0.297735
f 657/1371/657 663/1283/663 450/943/450
vt 0.161989 0.300856
f 657/1371/657 450/943/450 557/1372/557
f 635/1316/635 486/1147/486 579/1285/579
vt 0.016816 0.477818
f 574/1373/574 626/1308/626 534/1170/534
vt 0.368046 0.699664
f 599/1264/599 569/1080/569 674/1374/674
vt 0.438470 0.499969
vt 0.440696 0.502892
f 567/1220/567 590/1375/590 702/1376/702
f 674/1374/674 569/1080/569 592/1309/592
vt 0.463096 0.484263
vt 0.464610 0.487107
f 729/1311/729 525/1377/525 819/1378/819
vt 0.436651 0.945334
f 672/1379/672 470/932/470 779/1338/779
f 779/1338/779 492/956/492 542/1008/542
f 550/808/550 492/956/492 779/1338/779
vt 0.704252 0.611513
f 580/1314/580 523/1380/523 609/1315/609
vt 0.225971 0.740113
f 598/1256/598 632/1381/632 571/1242/571
vt 0.598027 0.092938
vt 0.603876 0.094652
vt 0.601714 0.096682
f 589/1382/589 623/1383/623 582/1384/582
vt 0.410171 0.744522
f 497/1071/497 615/1237/615 683/1385/683
f 661/1277/661 588/1125/588 644/1236/644
vt 0.016614 0.481174
vt 0.013864 0.479431
f 616/1386/616 593/1387/593 574/1373/574
vt 0.375358 0.711496
f 592/1309/592 582/1286/582 623/1388/623
vt 0.188612 0.710527
f 633/1389/633 610/1342/610 538/1364/538
vt 0.168202 0.820143
f 590/1332/590 754/1334/754 702/1390/702
f 562/1178/562 595/1341/595 598/1256/598
vt 0.230048 0.759327
vt 0.231053 0.749472
f 666/1391/666 584/1241/584 601/1392/601
f 571/1242/571 601/1392/601 584/1241/584
vt 0.973245 0.632467
vt 0.970369 0.634547
vt 0.969639 0.625527
f 570/1393/570 640/1394/640 719/1395/719
vt 0.503604 0.520538
f 619/1120/619 696/1396/696 572/1290/572
vt 0.201112 0.716860
f 620/1397/620 605/1370/605 604/1287/604
f 574/1373/574 593/1387/593 626/1308/626
vt 0.748410 0.125187
vt 0.752319 0.123685
vt 0.750249 0.126820
f 585/1398/585 605/1399/605 611/1400/611
vt 0.975057 0.628635
f 719/1395/719 545/1401/545 570/1393/570
vt 0.198738 0.415344
f 578/1233/578 648/1402/648 558/1122/558
vt 0.185298 0.708650
f 633/1389/633 538/1364/538 556/1403/556
vt 0.389774 0.721423
f 586/1297/586 629/1404/629 532/1238/532
vt 0.970847 0.267204
f 596/1313/596 568/1304/568 608/1405/608
vt 0.854427 0.040646
f 617/1246/617 607/1406/607 564/1295/564
f 584/1241/584 666/1391/666 644/1236/644
vt 0.201606 0.789224
f 579/1285/579 653/1407/653 635/1316/635
f 632/1381/632 601/1392/601 571/1242/571
vt 0.433347 0.124049
vt 0.437406 0.124074
vt 0.436153 0.125025
f 610/1408/610 620/1409/620 604/1410/604
vt 0.417761 0.519077
f 526/942/526 745/1411/745 639/1366/639
f 606/1306/606 558/1122/558 648/1402/648
vt 0.380750 0.723223
f 621/1340/621 668/1412/668 589/1213/589
vt 0.514328 0.434728
vt 0.511491 0.439237
vt 0.509798 0.436287
f 532/1413/532 629/1414/629 621/1415/621
vt 0.432959 0.619821
vt 0.431180 0.616493
vt 0.433352 0.617751
f 608/1416/608 566/1417/566 656/1418/656
vt 0.431428 0.752412
f 641/1035/641 695/1419/695 554/1214/554
f 586/1297/586 522/1145/522 694/1319/694
vt 0.131488 0.310456
vt 0.129929 0.308063
f 656/1420/656 566/1421/566 680/1356/680
vt 0.022489 0.974712
f 707/1074/707 691/1422/691 511/1077/511
vt 0.028649 0.274152
vt 0.029543 0.272692
f 511/1423/511 691/1424/691 501/1221/501
vt 0.362673 0.709472
f 628/1425/628 674/1374/674 592/1309/592
vt 0.764666 0.909949
f 573/1057/573 671/1426/671 549/1331/549
vt 0.398147 0.955464
f 542/1008/542 587/1141/587 701/1427/701
f 575/1063/575 745/1411/745 526/942/526
vt 0.450394 0.783586
f 709/1428/709 678/1215/678 549/1269/549
vt 0.067639 0.635245
f 665/1310/665 747/1429/747 514/1021/514
vt 0.220618 0.733581
f 598/1256/598 624/1430/624 632/1381/632
vt 0.715368 0.631753
f 652/1431/652 484/1006/484 577/968/577
vt 0.377749 0.718034
vt 0.378254 0.713458
f 714/1432/714 623/1433/623 589/1213/589
vt 0.436919 0.121620
vt 0.434794 0.120569
f 654/1434/654 610/1408/610 625/1435/625
vt 0.025740 0.979112
vt 0.029039 0.974692
f 614/1350/614 501/1436/501 846/1437/846
vt 0.192407 0.792876
vt 0.190182 0.793908
f 594/1276/594 635/1438/635 627/1439/627
vt 0.437026 0.766059
f 602/1142/602 531/1132/531 681/1440/681
f 624/1430/624 598/1256/598 595/1341/595
vt 0.212452 0.089100
vt 0.211726 0.087916
vt 0.215468 0.089261
f 581/1441/581 622/1442/622 705/1443/705
vt 0.030839 0.979927
f 614/1350/614 670/1444/670 600/1173/600
vt 0.212211 0.720490
f 677/1445/677 595/1341/595 611/1348/611
vt 0.408086 0.363760
vt 0.410295 0.359861
vt 0.414176 0.363401
f 660/1446/660 583/1447/583 639/1448/639
f 620/1409/620 610/1408/610 654/1434/654
vt 0.710506 0.623745
f 484/1006/484 616/1449/616 603/833/603
vt 0.190315 0.419228
vt 0.192620 0.419127
f 617/1450/617 606/1306/606 687/1451/687
vt 0.073943 0.146024
vt 0.076397 0.148547
vt 0.071366 0.147058
f 607/1452/607 617/1453/617 637/1454/637
vt 0.044750 0.614295
f 528/1041/528 658/1455/658 453/1004/453
vt 0.187813 0.707772
f 633/1389/633 556/1403/556 685/1456/685
f 554/1216/554 696/1396/696 619/1120/619
vt 0.233153 0.742670
f 645/1457/645 601/1392/601 632/1381/632
vt 0.195339 0.711984
vt 0.192078 0.708804
f 625/1458/625 610/1342/610 633/1459/633
vt 0.137339 0.306695
f 564/1358/564 607/1460/607 680/1356/680
vt 0.205125 0.719291
f 605/1461/605 677/1445/677 611/1348/611
f 668/1412/668 714/1432/714 589/1213/589
vt 0.033781 0.981097
f 600/1173/600 667/1462/667 591/1226/591
vt 0.036060 0.612375
vt 0.034947 0.609084
vt 0.042020 0.607051
f 638/1463/638 646/1464/646 630/1465/630
vt 0.040874 0.613292
vt 0.043019 0.611284
f 528/1466/528 638/1463/638 682/1467/682
vt 0.227008 0.732951
f 679/1468/679 632/1381/632 624/1430/624
vt 0.206717 0.714969
f 605/1461/605 620/1397/620 704/1469/704
vt 0.391258 0.728221
f 586/1297/586 694/1319/694 669/1470/669
vt 0.925112 0.380226
f 597/1203/597 545/1202/545 715/1471/715
vt 0.040723 0.979545
f 591/1226/591 697/1472/697 577/1224/577
vt 0.217338 0.725444
f 677/1445/677 662/1473/662 595/1341/595
vt 0.368495 0.714466
f 592/1309/592 716/1474/716 628/1425/628
f 623/1388/623 716/1474/716 592/1309/592
f 669/1470/669 629/1404/629 586/1297/586
vt 0.207145 0.786435
f 718/1475/718 579/1285/579 643/1284/643
vt 0.929312 0.379401
vt 0.926171 0.378057
f 618/1476/618 597/1203/597 715/1477/715
f 624/1430/624 595/1341/595 662/1473/662
f 641/1035/641 681/1440/681 695/1419/695
f 615/1237/615 572/1321/572 683/1385/683
vt 0.816200 0.480244
vt 0.822507 0.482616
f 556/1324/556 596/1478/596 684/1479/684
vt 0.857611 0.092314
vt 0.861363 0.093218
vt 0.858806 0.094742
f 693/1480/693 608/1481/608 722/1482/722
vt 0.507122 0.527514
vt 0.511210 0.524991
f 695/1483/695 696/1396/696 554/1484/554
vt 0.178002 0.702945
f 596/1299/596 608/1359/608 693/1485/693
f 602/1142/602 681/1440/681 641/1035/641
vt 0.127386 0.311462
vt 0.128928 0.313921
f 608/1486/608 656/1420/656 722/1487/722
vt 0.412997 0.521041
f 745/1411/745 675/1488/675 639/1366/639
vt 0.224013 0.774467
f 661/1277/661 644/1236/644 655/1489/655
vt 0.472461 0.098120
f 660/1490/660 650/1355/650 583/1354/583
vt 0.068239 0.638049
f 631/1159/631 514/1021/514 749/1491/749
f 575/1063/575 689/1337/689 745/1411/745
vt 0.368041 0.695524
f 599/1264/599 674/1374/674 673/1492/673
vt 0.207572 0.837383
f 599/1327/599 728/1493/728 819/1325/819
vt 0.455254 0.783603
f 709/1428/709 549/1269/549 671/1494/671
vt 0.436287 0.508463
vt 0.436541 0.506104
f 705/1495/705 622/1496/622 567/1220/567
vt 0.700552 0.615995
vt 0.705454 0.615552
f 642/1497/642 523/1380/523 626/1498/626
vt 0.762590 0.905879
f 671/1426/671 573/1057/573 755/1499/755
vt 0.965043 0.630115
f 821/1500/821 719/1395/719 640/1394/640
vt 0.496712 0.515675
f 572/1290/572 696/1396/696 651/1501/651
vt 0.272021 0.204016
vt 0.272910 0.199723
vt 0.276401 0.201547
f 606/1502/606 648/1503/648 723/1504/723
vt 0.386018 0.963249
f 627/1323/627 635/1347/635 676/1505/676
f 523/1380/523 642/1497/642 609/1315/609
f 704/1469/704 677/1445/677 605/1461/605
vt 0.381720 0.965022
f 676/1505/676 635/1347/635 659/1506/659
vt 0.510529 0.441669
vt 0.510628 0.444582
vt 0.507944 0.441196
f 629/1507/629 669/1508/669 706/1509/706
vt 0.934400 0.307934
vt 0.937833 0.311716
vt 0.932741 0.311856
f 680/1510/680 748/1511/748 656/1512/656
vt 0.380586 0.968735
vt 0.379731 0.965705
f 635/1347/635 653/1513/653 659/1514/659
vt 0.192790 0.586132
f 799/1515/799 537/1146/537 539/1207/539
vt 0.386873 0.723050
vt 0.384598 0.729154
f 621/1340/621 629/1516/629 706/1517/706
f 668/1412/668 621/1340/621 706/1517/706
vt 0.205155 0.787908
f 718/1475/718 647/1518/647 579/1285/579
vt 0.180775 0.590182
f 618/1519/618 539/1207/539 597/1153/597
vt 0.202408 0.585556
f 537/1146/537 630/1520/630 646/1179/646
vt 0.396491 0.739865
f 694/1319/694 497/1071/497 761/1521/761
vt 0.059502 0.211911
vt 0.059327 0.207863
vt 0.062242 0.211090
f 632/1522/632 679/1523/679 645/1524/645
f 666/1391/666 655/1489/655 644/1236/644
vt 0.192644 0.115637
vt 0.190968 0.118197
vt 0.186775 0.116773
f 600/1525/600 670/1526/670 667/1527/667
vt 0.224337 0.728310
f 679/1468/679 624/1430/624 664/1528/664
vt 0.236541 0.755744
f 636/1529/636 666/1391/666 601/1392/601
vt 0.238451 0.744168
f 712/1530/712 601/1392/601 645/1457/645
vt 0.240465 0.753119
f 601/1392/601 649/1531/649 636/1529/636
f 601/1392/601 712/1530/712 649/1531/649
vt 0.183584 0.585638
f 539/1207/539 618/1519/618 717/1532/717
vt 0.275980 0.412747
vt 0.270665 0.406258
vt 0.275979 0.406373
f 714/1533/714 716/1534/716 623/1535/623
vt 0.172606 0.592281
vt 0.176444 0.598236
vt 0.172094 0.596955
f 634/1536/634 545/1537/545 719/1538/719
vt 0.691023 0.602302
f 861/1539/861 613/1274/613 609/1315/609
vt 0.377077 0.967069
f 653/1513/653 647/1540/647 659/1514/659
f 579/1285/579 647/1518/647 653/1407/653
vt 0.176938 0.589831
f 634/1536/634 715/1541/715 545/1537/545
vt 0.238534 0.762549
f 636/1529/636 739/1542/739 666/1391/666
vt 0.211502 0.585369
vt 0.214666 0.582134
f 682/1543/682 658/1544/658 528/1056/528
vt 0.232718 0.765461
f 739/1542/739 726/1545/726 666/1391/666
vt 0.276260 0.205513
f 723/1504/723 687/1546/687 606/1502/606
vt 0.080413 0.649906
f 824/1067/824 503/787/503 847/1547/847
vt 0.943952 0.786484
f 1027/1065/1027 954/1548/954 412/311/412
vt 0.931030 0.304644
vt 0.934297 0.306397
f 680/1510/680 607/1549/607 637/1550/637
vt 0.952524 0.776020
f 563/219/563 412/311/412 1026/1551/1026
vt 0.211407 0.784162
f 692/1552/692 643/1284/643 661/1277/661
vt 0.059973 0.274431
vt 0.055332 0.275915
vt 0.056594 0.274307
f 741/1553/741 620/1554/620 654/1555/654
f 503/787/503 631/1159/631 847/1547/847
f 1026/1551/1026 1159/1330/1159 563/219/563
vt 0.220127 0.781621
f 750/1556/750 661/1277/661 655/1489/655
vt 0.411707 0.748823
f 683/1385/683 572/1321/572 710/1557/710
vt 0.412717 0.365053
f 660/1446/660 639/1448/639 675/1558/675
vt 0.072942 0.151609
f 637/1454/637 617/1453/617 687/1559/687
vt 0.235673 0.730924
vt 0.229511 0.726507
f 690/1560/690 679/1468/679 737/1561/737
vt 0.819533 0.485522
f 684/1479/684 685/1562/685 556/1324/556
vt 0.820956 0.478859
f 596/1478/596 693/1563/693 684/1479/684
f 861/1539/861 733/1362/733 613/1274/613
vt 0.233142 0.742543
f 679/1468/679 690/1560/690 645/1564/645
vt 0.169919 0.531965
vt 0.176439 0.534265
vt 0.172852 0.537838
f 662/1565/662 664/1566/664 624/1567/624
vt 0.202089 0.711165
vt 0.200331 0.713928
f 625/1458/625 741/1568/741 654/1569/654
vt 0.506493 0.936752
vt 0.499422 0.929522
f 573/1570/573 548/1208/548 700/1571/700
f 373/853/373 470/932/470 672/1379/672
vt 0.358172 0.706752
f 628/1425/628 713/1572/713 674/1374/674
vt 0.774358 0.913077
vt 0.768406 0.913685
f 671/1426/671 699/1573/699 709/1574/709
vt 0.755006 0.897605
f 700/1575/700 755/1499/755 573/1057/573
f 567/1220/567 702/1376/702 705/1495/705
vt 0.049377 0.611835
f 658/1576/658 657/1343/657 453/1004/453
vt 0.419115 0.748784
f 651/1577/651 710/1557/710 572/1321/572
vt 0.441770 0.784524
f 678/1215/678 709/1428/709 868/1578/868
vt 0.437568 0.777291
f 531/1132/531 678/1215/678 808/1579/808
f 682/1467/682 638/1463/638 630/1465/630
f 692/1552/692 718/1475/718 643/1284/643
f 661/1277/661 750/1556/750 692/1552/692
vt 0.025151 0.976603
vt 0.024889 0.975444
f 846/1437/846 501/1580/501 691/1581/691
vt 0.058194 0.277846
vt 0.057181 0.276755
f 741/1553/741 704/1582/704 620/1583/620
vt 0.497475 0.519641
vt 0.499602 0.525203
f 651/1584/651 696/1396/696 688/1585/688
vt 0.508110 0.448605
f 669/1508/669 738/1586/738 706/1509/706
f 799/1515/799 539/1207/539 717/1532/717
vt 0.391451 0.732609
f 669/1470/669 694/1319/694 763/1587/763
vt 0.207751 0.417646
f 578/1233/578 650/1361/650 725/1588/725
vt 0.031709 0.975727
f 846/1437/846 883/1589/883 614/1350/614
vt 0.031933 0.979178
f 614/1350/614 883/1589/883 670/1590/670
vt 0.199830 0.707308
f 741/1568/741 625/1458/625 734/1591/734
f 734/1591/734 625/1458/625 633/1459/633
vt 0.218339 0.721332
f 677/1445/677 686/1592/686 662/1473/662
f 712/1530/712 645/1457/645 690/1560/690
f 678/1215/678 868/1578/868 808/1579/808
f 649/1531/649 739/1542/739 636/1529/636
vt 0.174680 0.528664
f 664/1566/664 662/1565/662 703/1593/703
vt 0.937863 0.316797
vt 0.935754 0.314954
f 722/1594/722 656/1595/656 748/1511/748
vt 0.173754 0.525674
f 703/1593/703 662/1565/662 686/1596/686
f 737/1561/737 679/1468/679 664/1528/664
vt 0.706773 0.620885
vt 0.702190 0.621954
f 593/1597/593 863/1598/863 626/1498/626
vt 0.245599 0.745632
f 649/1531/649 712/1530/712 764/1599/764
vt 0.802881 0.939299
vt 0.809595 0.937200
vt 0.807857 0.942848
f 651/1600/651 950/1601/950 710/1602/710
vt 0.043669 0.982526
f 697/1472/697 652/1603/652 577/1224/577
f 514/1021/514 747/1429/747 749/1491/749
vt 0.425351 0.760612
f 781/1604/781 695/1419/695 681/1440/681
vt 0.190250 0.706375
vt 0.192283 0.703198
f 633/1459/633 685/1605/685 775/1606/775
vt 0.228953 0.775472
f 757/1607/757 655/1489/655 726/1545/726
vt 0.410280 0.367623
f 660/1446/660 675/1558/675 774/1608/774
vt 0.535946 0.215106
vt 0.533888 0.212933
vt 0.537844 0.211925
f 860/1609/860 663/1610/663 735/1611/735
vt 0.054272 0.624012
vt 0.058564 0.626188
f 663/1612/663 860/1613/860 490/1318/490
f 666/1391/666 726/1545/726 655/1489/655
f 633/1459/633 775/1606/775 734/1591/734
vt 0.535955 0.209847
f 657/1614/657 735/1611/735 663/1610/663
vt 0.201698 0.418426
f 648/1402/648 578/1233/578 723/1615/723
vt 0.493330 0.927199
f 548/1208/548 698/993/698 825/1616/825
vt 0.315777 0.496306
vt 0.312748 0.505488
vt 0.306577 0.495141
f 673/1617/673 728/1618/728 599/1619/599
vt 0.201798 0.582650
f 537/1146/537 724/1620/724 630/1520/630
vt 0.224944 0.722558
f 703/1621/703 737/1561/737 664/1528/664
vt 0.711281 0.628857
f 777/1622/777 484/1006/484 652/1431/652
vt 0.688053 0.580080
vt 0.689824 0.581251
vt 0.684242 0.584809
f 821/1623/821 640/1624/640 740/1625/740
f 688/1585/688 696/1396/696 695/1483/695
vt 0.217461 0.714267
f 778/1626/778 686/1592/686 677/1445/677
vt 0.707206 0.626009
f 616/1449/616 484/1006/484 889/1627/889
vt 0.034356 0.979806
f 667/1628/667 697/1472/697 591/1226/591
vt 0.934019 0.303680
vt 0.938222 0.304638
vt 0.935967 0.307122
f 637/1629/637 746/1630/746 680/1631/680
vt 0.244863 0.732373
f 690/1560/690 721/1632/721 712/1530/712
vt 0.417038 0.524254
vt 0.413252 0.525873
f 675/1488/675 811/1633/811 774/1634/774
vt 0.826760 0.479007
f 693/1563/693 791/1635/791 684/1479/684
vt 0.058474 0.626799
f 860/1636/860 449/961/449 490/1318/490
vt 0.238491 0.768641
vt 0.235743 0.773182
f 726/1545/726 766/1637/766 730/1638/730
vt 0.404454 0.362029
vt 0.404547 0.364383
f 650/1639/650 660/1446/660 751/1640/751
vt 0.187773 0.702923
f 684/1641/684 775/1606/775 685/1605/685
f 726/1545/726 739/1542/739 766/1637/766
vt 0.269152 0.408199
f 797/1642/797 716/1534/716 714/1533/714
f 763/1587/763 694/1319/694 761/1521/761
vt 0.209889 0.788014
vt 0.209986 0.789578
vt 0.205574 0.788940
f 718/1643/718 769/1644/769 647/1645/647
vt 0.211445 0.786472
vt 0.213024 0.787700
f 718/1643/718 692/1646/692 720/1647/720
vt 0.684502 0.591662
f 733/1362/733 783/1648/783 740/1625/740
f 497/1071/497 683/1385/683 761/1521/761
vt 0.213962 0.785860
vt 0.218533 0.785686
f 720/1649/720 692/1552/692 731/1650/731
f 692/1552/692 750/1556/750 731/1650/731
vt 0.357049 0.711414
f 743/1651/743 713/1572/713 628/1425/628
f 733/1362/733 740/1625/740 640/1369/640
vt 0.068044 0.146960
vt 0.067104 0.148993
f 746/1652/746 637/1454/637 827/1653/827
vt 0.374770 0.725514
f 668/1412/668 776/1654/776 714/1432/714
vt 0.245438 0.758333
f 739/1542/739 649/1531/649 793/1655/793
f 808/1579/808 681/1440/681 531/1132/531
vt 0.358363 0.721355
vt 0.366330 0.722705
f 789/1656/789 716/1474/716 797/1657/797
vt 0.271431 0.415498
vt 0.265792 0.409503
f 776/1658/776 797/1659/797 714/1533/714
f 757/1607/757 750/1556/750 655/1489/655
vt 0.917445 0.805162
vt 0.910912 0.802727
f 612/1079/612 824/1660/824 1307/1661/1307
vt 0.925286 0.798972
f 1307/1661/1307 823/1662/823 612/1079/612
vt 0.223191 0.116809
vt 0.222179 0.111939
vt 0.225084 0.113196
f 774/1663/774 751/1664/751 660/1665/660
vt 0.249193 0.753261
f 764/1599/764 760/1666/760 649/1531/649
vt 0.983641 0.184098
vt 0.984258 0.178284
vt 0.987457 0.181919
f 722/1667/722 791/1668/791 693/1669/693
vt 0.624864 0.398708
vt 0.621195 0.408209
vt 0.619801 0.406446
f 1027/1670/1027 612/1671/612 823/1672/823
vt 0.040726 0.069366
vt 0.038690 0.067586
vt 0.040642 0.067168
f 725/1673/725 650/1674/650 751/1675/751
f 793/1655/793 649/1531/649 760/1666/760
vt 0.057584 0.614466
f 658/1576/658 752/1676/752 657/1343/657
vt 0.053471 0.617810
f 735/1677/735 657/1343/657 752/1676/752
vt 0.661856 0.219529
vt 0.661317 0.217865
vt 0.663489 0.216110
f 537/1678/537 910/1679/910 724/1680/724
vt 0.723919 0.389331
vt 0.724970 0.385555
vt 0.729268 0.387495
f 811/1681/811 675/1682/675 745/1683/745
vt 0.279822 0.203577
f 687/1546/687 723/1504/723 758/1684/758
vt 0.379447 0.959310
f 659/1506/659 744/1685/744 676/1505/676
f 628/1425/628 716/1474/716 789/1656/789
f 726/1545/726 730/1638/730 757/1607/757
vt 0.205489 0.792553
vt 0.200210 0.793393
f 647/1645/647 784/1686/784 659/1687/659
f 784/1686/784 647/1645/647 769/1644/769
vt 0.214454 0.711662
f 704/1469/704 765/1688/765 677/1445/677
vt 0.510868 0.448436
vt 0.510499 0.451687
f 669/1689/669 763/1690/763 738/1586/738
vt 0.209399 0.582809
f 630/1691/630 658/1544/658 682/1543/682
f 764/1599/764 712/1530/712 721/1632/721
f 700/1571/700 548/1208/548 825/1616/825
vt 0.776538 0.910065
f 816/1692/816 699/1573/699 671/1426/671
vt 0.416059 0.942151
f 779/1338/779 923/1693/923 672/1379/672
vt 0.443641 0.787083
f 868/1578/868 709/1428/709 699/1694/699
vt 0.202376 0.579456
vt 0.204910 0.584301
f 1022/1695/1022 630/1696/630 724/1620/724
vt 0.076120 0.642745
f 762/1697/762 847/1547/847 631/1159/631
f 701/1427/701 587/1141/587 627/1323/627
f 779/1338/779 542/1008/542 701/1427/701
vt 0.360459 0.697377
vt 0.358969 0.700460
f 818/1698/818 674/1374/674 756/1699/756
vt 0.436384 0.513417
f 689/1337/689 705/1495/705 732/1700/732
f 818/1698/818 673/1492/673 674/1374/674
f 581/1336/581 705/1495/705 689/1337/689
f 713/1572/713 756/1699/756 674/1374/674
f 637/1454/637 687/1559/687 827/1653/827
vt 0.693388 0.611257
f 642/1497/642 805/1701/805 609/1315/609
vt 0.942174 0.307191
f 746/1630/746 803/1702/803 680/1631/680
f 616/1449/616 889/1627/889 593/1597/593
vt 0.273775 0.510825
vt 0.278511 0.514623
vt 0.274700 0.518517
f 736/1703/736 713/1704/713 743/1705/743
vt 0.073385 0.638599
f 762/1697/762 631/1159/631 711/1706/711
vt 0.268170 0.516124
f 736/1703/736 743/1705/743 773/1707/773
vt 0.035689 0.976365
f 883/1589/883 879/1708/879 670/1590/670
vt 0.200346 0.421812
vt 0.200810 0.419927
vt 0.203128 0.420788
f 758/1709/758 723/1710/723 753/1711/753
f 631/1159/631 749/1491/749 711/1706/711
vt 0.034610 0.977995
f 667/1712/667 670/1590/670 879/1708/879
f 863/1598/863 642/1497/642 626/1498/626
vt 0.330878 0.332411
vt 0.332355 0.327334
vt 0.332786 0.330298
f 766/1713/766 739/1714/739 795/1715/795
f 753/1711/753 723/1615/723 578/1233/578
vt 0.062180 0.275487
vt 0.060309 0.275896
f 741/1553/741 838/1716/838 704/1717/704
vt 0.209275 0.708325
f 838/1718/838 765/1688/765 704/1469/704
vt 0.064325 0.626200
f 665/1310/665 449/961/449 785/1719/785
f 769/1644/769 718/1643/718 720/1647/720
f 628/1425/628 789/1656/789 743/1651/743
vt 0.533435 0.218921
vt 0.536693 0.216232
vt 0.535245 0.218084
f 449/1720/449 860/1721/860 785/1722/785
vt 0.942667 0.314759
f 748/1511/748 840/1723/840 722/1594/722
vt 0.067616 0.152531
f 827/1653/827 687/1559/687 767/1724/767
vt 0.281245 0.205650
f 767/1725/767 687/1546/687 758/1684/758
vt 0.423152 0.757844
f 806/1726/806 695/1419/695 781/1604/781
vt 0.500411 0.528228
f 695/1483/695 806/1727/806 688/1585/688
vt 0.403040 0.748921
vt 0.408284 0.749174
f 771/1728/771 683/1385/683 710/1729/710
f 761/1521/761 683/1385/683 771/1728/771
vt 0.252611 0.738672
f 721/1632/721 839/1730/839 764/1599/764
vt 0.044461 0.975327
f 697/1472/697 1594/1731/1594 652/1603/652
vt 0.227264 0.722284
vt 0.229361 0.718745
f 737/1561/737 703/1732/703 809/1733/809
vt 0.237505 0.720685
f 690/1560/690 737/1561/737 831/1734/831
vt 0.304280 0.301156
vt 0.302302 0.301750
vt 0.302760 0.298529
f 809/1735/809 703/1736/703 686/1737/686
vt 0.242394 0.765391
f 793/1655/793 795/1738/795 739/1542/739
f 748/1511/748 680/1631/680 803/1702/803
f 753/1711/753 578/1233/578 725/1588/725
vt 0.167783 0.061322
vt 0.169259 0.060242
vt 0.171750 0.063011
f 811/1739/811 745/1740/745 870/1741/870
vt 0.026006 0.974040
vt 0.029049 0.971728
f 846/1437/846 691/1742/691 957/1743/957
vt 0.426368 0.519645
f 745/1411/745 689/1337/689 768/1744/768
vt 0.374728 0.729841
f 706/1517/706 794/1745/794 668/1412/668
f 889/1627/889 863/1598/863 593/1597/593
vt 0.358287 0.728974
f 789/1656/789 797/1657/797 780/1746/780
f 484/1006/484 777/1622/777 889/1627/889
f 778/1626/778 677/1445/677 765/1688/765
vt 0.197758 0.701888
f 734/1591/734 775/1606/775 787/1747/787
f 816/1692/816 671/1426/671 755/1499/755
vt 0.461394 0.501346
f 729/1311/729 897/1748/897 727/1268/727
f 701/1427/701 627/1323/627 676/1505/676
vt 0.467580 0.503034
f 729/1311/729 1042/1749/1042 897/1748/897
vt 0.186475 0.836342
vt 0.194794 0.826773
f 1042/1750/1042 729/1751/729 819/1325/819
vt 0.535226 0.403622
vt 0.534428 0.406487
vt 0.529527 0.403858
f 756/1752/756 713/1753/713 736/1754/736
vt 0.966638 0.621478
vt 0.968005 0.620866
f 801/1755/801 918/1756/918 719/1395/719
vt 0.178224 0.583282
f 634/1536/634 845/1757/845 715/1541/715
vt 0.683774 0.578365
f 740/1625/740 742/1758/742 821/1623/821
vt 0.800030 0.933936
f 651/1600/651 688/1759/688 950/1601/950
f 831/1734/831 737/1561/737 809/1733/809
vt 0.238700 0.773938
f 835/1760/835 730/1638/730 766/1637/766
vt 0.586084 0.217269
vt 0.587538 0.214278
vt 0.590234 0.213956
f 537/1761/537 799/1762/799 910/1763/910
vt 0.224087 0.718928
vt 0.221633 0.714507
vt 0.224942 0.714530
f 686/1764/686 778/1765/778 790/1766/790
vt 0.971728 0.621305
f 918/1756/918 634/1767/634 719/1395/719
vt 0.266647 0.508775
f 736/1703/736 773/1707/773 796/1768/796
vt 0.271929 0.519710
f 743/1705/743 772/1769/772 773/1707/773
vt 0.353454 0.718246
vt 0.355301 0.714740
f 772/1770/772 743/1771/743 789/1656/789
f 609/1315/609 805/1701/805 861/1539/861
vt 0.387870 0.741238
f 905/1772/905 763/1587/763 761/1521/761
vt 0.189128 0.585276
vt 0.187201 0.580551
f 799/1515/799 717/1773/717 1032/1774/1032
vt 0.182252 0.115898
vt 0.184309 0.114728
f 667/1527/667 770/1775/770 697/1776/697
vt 0.205115 0.419497
vt 0.204426 0.420920
f 725/1777/725 844/1778/844 753/1711/753
vt 0.048907 0.604669
vt 0.047186 0.608834
f 985/1779/985 658/1780/658 630/1465/630
vt 0.685618 0.597744
f 861/1539/861 899/1781/899 733/1362/733
vt 0.202897 0.711059
f 741/1782/741 734/1591/734 838/1718/838
vt 0.978936 0.181737
f 791/1668/791 722/1667/722 840/1783/840
vt 0.705098 0.044616
vt 0.704138 0.045936
vt 0.703774 0.041562
f 717/1784/717 618/1785/618 845/1786/845
vt 0.508451 0.454161
f 763/1690/763 905/1787/905 738/1586/738
vt 0.389932 0.745673
f 905/1772/905 761/1521/761 882/1788/882
vt 0.214150 0.414250
vt 0.213579 0.416534
vt 0.210503 0.415236
f 774/1789/774 788/1790/788 751/1791/751
vt 0.378638 0.736495
vt 0.388034 0.732540
f 798/1792/798 706/1517/706 738/1793/738
vt 0.702107 0.045775
f 618/1785/618 715/1794/715 845/1786/845
f 733/1362/733 899/1781/899 783/1648/783
vt 0.023846 0.958073
vt 0.025029 0.966927
f 1676/1795/1676 903/1796/903 707/1074/707
f 903/1796/903 691/1422/691 707/1074/707
vt 0.235281 0.778763
f 757/1607/757 730/1638/730 894/1797/894
vt 0.396788 0.747498
f 771/1728/771 875/1798/875 761/1521/761
f 794/1745/794 776/1654/776 668/1412/668
vt 0.200344 0.422951
f 753/1711/753 767/1799/767 758/1709/758
vt 0.329248 0.337328
vt 0.330457 0.334647
vt 0.332131 0.338113
f 835/1800/835 766/1801/766 850/1802/850
vt 0.731883 0.391730
vt 0.730522 0.392938
f 745/1683/745 768/1803/768 822/1804/822
vt 0.034069 0.273294
vt 0.033423 0.270346
f 957/1805/957 691/1424/691 903/1806/903
vt 0.216541 0.788708
f 720/1647/720 810/1807/810 769/1644/769
vt 0.218504 0.785771
f 720/1647/720 731/1808/731 810/1807/810
vt 0.241664 0.726952
f 721/1632/721 690/1560/690 759/1809/759
vt 0.064554 0.150011
f 872/1810/872 827/1653/827 767/1724/767
vt 0.308978 0.296605
f 790/1811/790 809/1735/809 686/1737/686
vt 0.940508 0.303401
f 746/1630/746 827/1812/827 803/1702/803
vt 0.831168 0.480922
f 791/1635/791 834/1813/834 684/1479/684
vt 0.190063 0.697006
f 834/1814/834 775/1606/775 684/1641/684
vt 0.258743 0.748759
f 812/1815/812 760/1666/760 764/1599/764
vt 0.070053 0.637721
vt 0.070409 0.636487
f 749/1816/749 1086/1817/1086 711/1706/711
vt 0.502762 0.283839
vt 0.504257 0.280964
vt 0.505371 0.285476
f 747/1818/747 1086/1819/1086 749/1820/749
vt 0.979917 0.176942
f 840/1783/840 848/1821/848 791/1668/791
vt 0.267230 0.505311
f 796/1768/796 865/1822/865 736/1703/736
vt 0.210886 0.418534
f 804/1823/804 751/1791/751 788/1790/788
vt 0.455895 0.509296
f 754/1096/754 727/1268/727 925/1824/925
vt 0.376217 0.963572
f 784/1825/784 744/1685/744 659/1506/659
vt 0.534441 0.398228
f 736/1754/736 815/1826/815 756/1752/756
vt 0.781918 0.908277
f 900/1827/900 699/1573/699 816/1692/816
f 701/1427/701 676/1505/676 744/1685/744
vt 0.540611 0.403425
f 818/1828/818 756/1752/756 815/1826/815
vt 0.454377 0.922281
f 373/853/373 672/1379/672 1181/1829/1181
vt 0.162981 0.830051
vt 0.171615 0.836802
f 820/1830/820 702/1390/702 925/1831/925
vt 0.447980 0.513086
f 705/1495/705 702/1376/702 820/1832/820
vt 0.432757 0.520002
f 689/1337/689 732/1700/732 817/1833/817
f 702/1390/702 754/1334/754 925/1831/925
vt 0.462359 0.932058
f 948/1834/948 698/993/698 373/853/373
vt 0.263491 0.514936
f 830/1835/830 796/1768/796 773/1707/773
f 751/1791/751 804/1823/804 725/1588/725
f 835/1760/835 894/1797/894 730/1638/730
vt 0.744123 0.186575
vt 0.748251 0.188618
vt 0.743066 0.187967
f 753/1836/753 844/1837/844 800/1838/800
vt 0.204225 0.701360
f 734/1591/734 787/1747/787 911/1839/911
vt 0.253737 0.508616
vt 0.257391 0.504181
f 874/1840/874 807/1841/807 796/1768/796
vt 0.740058 0.185790
f 767/1842/767 753/1836/753 800/1838/800
f 796/1768/796 830/1835/830 874/1840/874
vt 0.727554 0.391381
f 870/1843/870 745/1683/745 822/1804/822
f 838/1718/838 734/1591/734 911/1839/911
vt 0.371121 0.964935
vt 0.369510 0.959024
f 784/1825/784 769/1844/769 921/1845/921
vt 0.414488 0.527986
vt 0.415061 0.527203
f 782/1846/782 774/1634/774 811/1847/811
vt 0.217779 0.112980
vt 0.218136 0.116904
f 788/1848/788 774/1663/774 782/1849/782
vt 0.167672 0.588461
vt 0.168716 0.584643
f 634/1536/634 918/1850/918 814/1851/814
vt 0.048267 0.979683
f 1594/1731/1594 945/1852/945 652/1603/652
vt 0.372219 0.736369
f 849/1853/849 706/1517/706 798/1792/798
f 794/1745/794 706/1517/706 849/1853/849
vt 0.169963 0.520464
vt 0.165800 0.517800
vt 0.171854 0.516681
f 778/1854/778 765/1855/765 829/1856/829
vt 0.266879 0.419469
f 832/1857/832 797/1659/797 776/1658/776
f 831/1734/831 759/1809/759 690/1560/690
vt 0.223027 0.711165
f 778/1765/778 829/1858/829 790/1766/790
f 764/1599/764 839/1730/839 812/1815/812
vt 0.812719 0.944400
vt 0.821108 0.944631
f 710/1859/710 950/1601/950 771/1860/771
vt 0.946878 0.309550
f 803/1702/803 802/1861/802 748/1511/748
vt 0.962648 0.621081
f 801/1862/801 719/1395/719 821/1500/821
vt 0.227881 0.783321
f 757/1607/757 792/1863/792 750/1556/750
vt 0.245868 0.725890
f 857/1864/857 721/1632/721 759/1809/759
vt 0.249681 0.767031
f 793/1655/793 887/1865/887 795/1738/795
vt 0.801186 0.930321
f 950/1601/950 688/1759/688 806/1866/806
vt 0.242450 0.772012
vt 0.241444 0.769662
f 850/1867/850 766/1868/766 795/1738/795
f 717/1532/717 845/1757/845 1032/1774/1032
vt 0.420645 0.772685
f 808/1579/808 833/1869/833 681/1440/681
vt 0.223299 0.785962
f 731/1650/731 750/1556/750 858/1870/858
f 750/1556/750 792/1863/792 858/1870/858
vt 0.259138 0.742480
f 813/1871/813 812/1815/812 839/1730/839
vt 0.233184 0.780087
f 859/1872/859 792/1863/792 757/1607/757
f 757/1607/757 894/1797/894 859/1872/859
vt 0.694690 0.619248
f 805/1701/805 642/1497/642 951/1873/951
vt 0.165851 0.513283
f 895/1874/895 829/1856/829 765/1855/765
vt 0.382044 0.741149
f 885/1875/885 798/1792/798 738/1793/738
f 905/1772/905 885/1875/885 738/1793/738
f 807/1841/807 865/1822/865 796/1768/796
vt 0.263569 0.418005
f 832/1857/832 867/1876/867 797/1659/797
vt 0.270670 0.423256
f 776/1658/776 794/1877/794 832/1857/832
f 840/1723/840 748/1511/748 802/1861/802
vt 0.486939 0.923253
f 825/1616/825 698/993/698 880/1878/880
vt 0.427254 0.519813
f 817/1833/817 768/1879/768 689/1337/689
vt 0.206294 0.576797
vt 0.206797 0.581796
f 985/1880/985 630/1881/630 1022/1695/1022
vt 0.760480 0.898117
f 755/1499/755 700/1575/700 973/1882/973
vt 0.775746 0.904343
f 919/1883/919 816/1692/816 755/1499/755
vt 0.514670 0.394251
vt 0.520729 0.398083
vt 0.513199 0.396540
f 841/1884/841 865/1885/865 807/1886/807
f 948/1834/948 373/853/373 1181/1829/1181
vt 0.324709 0.504135
f 728/1618/728 673/1617/673 862/1887/862
vt 0.055675 0.620527
vt 0.059851 0.623893
f 735/1888/735 752/1676/752 860/1889/860
vt 0.325818 0.495156
vt 0.329280 0.500446
f 673/1617/673 818/1890/818 864/1891/864
vt 0.444108 0.514344
f 732/1700/732 705/1495/705 898/1892/898
vt 0.387522 0.943132
f 902/1893/902 779/1338/779 701/1427/701
f 898/1892/898 705/1495/705 820/1832/820
vt 0.680247 0.589342
f 740/1625/740 783/1648/783 786/1894/786
vt 0.040682 0.976386
f 770/1895/770 1594/1731/1594 697/1472/697
vt 0.360361 0.959722
vt 0.362433 0.966037
vt 0.358968 0.963615
f 971/1896/971 731/1897/731 858/1898/858
vt 0.246997 0.772783
f 896/1899/896 850/1867/850 795/1738/795
vt 0.254028 0.762399
f 887/1865/887 793/1655/793 890/1900/890
vt 0.257392 0.735385
f 813/1871/813 839/1730/839 871/1901/871
vt 0.244289 0.723400
f 831/1734/831 857/1902/857 759/1809/759
vt 0.350997 0.726277
f 866/1903/866 772/1770/772 789/1656/789
vt 0.254923 0.732387
f 871/1901/871 839/1730/839 853/1904/853
vt 0.253309 0.731130
f 721/1632/721 842/1905/842 839/1730/839
f 842/1905/842 853/1904/853 839/1730/839
vt 0.680644 0.582975
f 740/1625/740 836/1906/836 742/1758/742
f 744/1685/744 784/1825/784 921/1845/921
vt 0.242060 0.777454
f 835/1760/835 828/1907/828 894/1797/894
vt 0.248748 0.725970
f 721/1632/721 857/1864/857 843/1908/843
f 845/1757/845 634/1536/634 814/1851/814
vt 0.501227 0.151240
vt 0.500293 0.155501
vt 0.499290 0.153537
f 804/1909/804 844/1910/844 725/1911/725
f 842/1905/842 721/1632/721 843/1908/843
vt 0.257226 0.516717
f 830/1835/830 881/1912/881 874/1840/874
vt 0.363714 0.965748
vt 0.365221 0.963364
f 731/1913/731 971/1896/971 810/1914/810
vt 0.743774 0.189074
f 800/1838/800 844/1837/844 876/1915/876
vt 0.588787 0.152388
vt 0.588222 0.155375
vt 0.585186 0.154216
f 872/1916/872 767/1917/767 800/1918/800
vt 0.051856 0.981675
vt 0.046072 0.982578
vt 0.049444 0.980564
f 777/1919/777 652/1920/652 945/1921/945
vt 0.825690 0.939777
f 991/1922/991 771/1860/771 950/1601/950
vt 0.416193 0.765454
f 983/1923/983 781/1604/781 681/1440/681
vt 0.722277 0.391881
vt 0.724807 0.392246
f 782/1924/782 811/1681/811 870/1925/870
vt 0.260732 0.757698
f 935/1926/935 760/1666/760 812/1815/812
f 752/1676/752 658/1576/658 985/1779/985
vt 0.508744 0.394083
f 841/1884/841 807/1886/807 854/1927/854
vt 0.252325 0.500442
f 874/1840/874 854/1928/854 807/1841/807
vt 0.216207 0.706485
f 838/1718/838 895/1929/895 765/1688/765
vt 0.959667 0.628614
f 742/1930/742 801/1862/801 821/1500/821
vt 0.246480 0.202682
vt 0.248837 0.200380
vt 0.249211 0.201441
f 840/1931/840 837/1932/837 848/1933/848
vt 0.244742 0.203224
vt 0.243599 0.199237
f 837/1932/837 840/1934/840 877/1935/877
vt 0.830388 0.477525
f 791/1635/791 848/1936/848 834/1813/834
vt 0.082249 0.656690
f 824/1067/824 847/1547/847 1307/1937/1307
vt 0.190103 0.696841
vt 0.196361 0.700037
f 775/1606/775 834/1938/834 787/1939/787
vt 0.366147 0.731459
f 780/1746/780 797/1657/797 867/1940/867
vt 0.425702 0.779801
f 868/1578/868 988/1941/988 808/1579/808
vt 0.421023 0.759530
f 806/1942/806 781/1604/781 983/1923/983
vt 0.256195 0.729041
vt 0.254326 0.723524
vt 0.258093 0.725122
f 842/1943/842 851/1944/851 888/1945/888
vt 0.051676 0.123213
vt 0.050691 0.124174
vt 0.051565 0.120994
f 843/1946/843 857/1947/857 852/1948/852
f 954/1548/954 1026/1551/1026 412/311/412
vt 0.827443 0.947806
f 875/1949/875 771/1860/771 991/1922/991
vt 0.233430 0.711326
f 856/1950/856 831/1734/831 809/1733/809
vt 0.858620 0.121423
vt 0.854627 0.119498
vt 0.855458 0.117651
f 1102/1951/1102 846/1952/846 957/1953/957
f 921/1845/921 769/1844/769 810/1914/810
vt 0.429026 0.522120
vt 0.429690 0.521553
f 930/1954/930 768/1879/768 817/1955/817
vt 0.596766 0.275086
vt 0.600298 0.276366
vt 0.597632 0.279664
f 934/1956/934 801/1957/801 742/1958/742
f 875/1798/875 882/1788/882 761/1521/761
vt 0.244044 0.720803
f 852/1959/852 857/1902/857 831/1734/831
vt 0.212163 0.705594
f 895/1929/895 838/1718/838 878/1960/878
vt 0.351536 0.723535
vt 0.349716 0.715883
f 772/1770/772 866/1961/866 773/1962/773
vt 0.238573 0.198046
f 840/1934/840 802/1963/802 877/1935/877
vt 0.941717 0.302571
vt 0.945551 0.302382
f 827/1812/827 872/1964/872 913/1965/913
vt 0.946395 0.306007
f 904/1966/904 803/1702/803 827/1812/827
f 760/1666/760 890/1900/890 793/1655/793
vt 0.247975 0.498820
f 874/1840/874 855/1967/855 854/1928/854
vt 0.037202 0.977441
f 667/1968/667 879/1708/879 770/1895/770
vt 0.226654 0.713259
f 790/1969/790 856/1950/856 809/1733/809
f 760/1666/760 935/1926/935 890/1900/890
vt 0.265474 0.740897
f 812/1815/812 813/1871/813 873/1970/873
f 951/1873/951 642/1497/642 863/1598/863
vt 0.727671 0.323408
vt 0.725082 0.324740
vt 0.724668 0.319466
f 873/1971/873 813/1972/813 871/1973/871
vt 0.258070 0.731094
vt 0.262279 0.729635
vt 0.260132 0.734846
f 853/1974/853 953/1975/953 871/1976/871
vt 0.252897 0.727959
f 843/1908/843 851/1977/851 842/1905/842
vt 0.194878 0.580463
f 1032/1774/1032 910/1978/910 799/1515/799
vt 0.473345 0.921329
f 880/1878/880 698/993/698 1127/1979/1127
vt 0.502032 0.388324
f 841/1884/841 854/1927/854 891/1980/891
vt 0.252196 0.497925
f 854/1928/854 855/1967/855 891/1981/891
vt 0.767895 0.894648
f 755/1499/755 973/1882/973 1038/1982/1038
vt 0.331422 0.495305
f 864/1891/864 818/1890/818 815/1983/815
f 900/1827/900 816/1692/816 919/1883/919
f 864/1891/864 862/1887/862 673/1617/673
vt 0.196195 0.840635
f 728/1493/728 977/1984/977 819/1325/819
vt 0.786546 0.912154
f 699/1573/699 900/1827/900 901/1985/901
vt 0.435893 0.787606
f 868/1578/868 699/1694/699 901/1986/901
vt 0.458783 0.505430
f 925/1824/925 727/1268/727 897/1987/897
vt 0.499399 0.311571
vt 0.503542 0.311450
vt 0.503489 0.318591
f 732/1988/732 898/1989/898 817/1990/817
vt 0.427138 0.522748
f 768/1879/768 930/1954/930 822/1991/822
vt 0.213928 0.114746
f 922/1992/922 788/1848/788 782/1849/782
vt 0.524537 0.400898
f 865/1993/865 815/1826/815 736/1754/736
vt 0.430646 0.788097
f 926/1994/926 988/1941/988 868/1578/868
f 795/1738/795 887/1865/887 896/1899/896
vt 0.726321 0.392929
vt 0.725686 0.395675
f 870/1995/870 822/1804/822 949/1996/949
vt 0.238912 0.712460
f 856/1950/856 908/1997/908 831/1734/831
vt 0.070177 0.630775
f 665/1310/665 915/1998/915 747/1429/747
vt 0.235486 0.781325
f 894/1797/894 929/1999/929 859/1872/859
f 873/1970/873 871/1976/871 953/1975/953
vt 0.239919 0.782494
f 894/1797/894 828/1907/828 929/2000/929
vt 0.584961 0.150986
f 872/1916/872 800/1918/800 986/2001/986
vt 0.244896 0.718003
f 909/2002/909 852/1959/852 831/1734/831
vt 0.329736 0.340891
f 850/1802/850 828/2003/828 835/1800/835
vt 0.574515 0.350277
vt 0.571052 0.347786
vt 0.573908 0.345829
f 899/2004/899 826/2005/826 783/2006/783
vt 0.107050 0.538399
vt 0.103116 0.539852
vt 0.103413 0.538287
f 851/2007/851 843/2008/843 852/2009/852
f 921/1845/921 810/1914/810 971/1896/971
vt 0.060314 0.980745
vt 0.057644 0.984796
vt 0.053337 0.984582
f 941/2010/941 863/2011/863 889/2012/889
vt 0.572102 0.344580
f 783/2006/783 826/2005/826 786/2013/786
f 915/1998/915 665/1310/665 785/1719/785
f 836/1906/836 740/1625/740 786/1894/786
vt 0.850661 0.966833
vt 0.852112 0.962885
vt 0.854704 0.968544
f 794/2014/794 849/2015/849 832/2016/832
vt 0.686261 0.608473
f 899/1781/899 861/1539/861 906/2017/906
vt 0.250832 0.508642
vt 0.252734 0.511069
f 956/2018/956 874/1840/874 881/2019/881
f 842/1943/842 888/1945/888 853/1974/853
vt 0.680063 0.578466
f 742/1758/742 836/1906/836 916/2020/916
vt 0.196792 0.696150
f 834/1938/834 869/2021/869 787/1939/787
f 953/1975/953 853/1974/853 888/1945/888
vt 0.196051 0.580311
vt 0.199434 0.583041
f 910/2022/910 1022/1695/1022 724/2023/724
vt 0.504235 0.154649
f 804/1909/804 892/2024/892 844/1910/844
f 833/1869/833 983/1923/983 681/1440/681
vt 0.267502 0.746205
f 873/1970/873 884/2025/884 812/1815/812
vt 0.227769 0.707288
f 790/1969/790 829/1858/829 932/2026/932
vt 0.067120 0.618726
f 752/1676/752 1221/2027/1221 860/1889/860
vt 0.209516 0.703544
f 911/1839/911 878/2028/878 838/1718/838
vt 0.856690 0.122188
f 846/1952/846 1102/1951/1102 883/2029/883
vt 0.419514 0.155899
vt 0.414635 0.157440
vt 0.413483 0.154639
f 986/2030/986 800/2031/800 876/2032/876
vt 0.269137 0.738011
f 884/2025/884 873/1970/873 886/2033/886
vt 0.035556 0.973032
f 770/1895/770 879/1708/879 1102/2034/1102
vt 0.266568 0.527567
f 866/2035/866 830/1835/830 773/1707/773
f 953/1975/953 886/2033/886 873/1970/873
f 833/1869/833 808/1579/808 988/1941/988
vt 0.500923 0.279755
f 747/1818/747 915/2036/915 1086/1819/1086
vt 0.827887 0.092965
vt 0.831672 0.091673
vt 0.831338 0.094829
f 892/2037/892 876/2038/876 844/2039/844
vt 0.686883 0.486653
vt 0.693273 0.488960
vt 0.692472 0.491772
f 855/2040/855 874/2041/874 956/2042/956
vt 0.587519 0.149682
f 986/2001/986 913/2043/913 872/1916/872
vt 0.104404 0.532736
vt 0.101591 0.537255
vt 0.098358 0.534563
f 893/2044/893 852/2045/852 909/2046/909
f 851/2007/851 852/2045/852 893/2044/893
vt 0.358604 0.154750
vt 0.358180 0.153065
vt 0.360399 0.152496
f 904/2047/904 827/2048/827 913/2049/913
vt 0.262170 0.522981
f 914/2050/914 881/1912/881 830/1835/830
f 911/1839/911 787/1747/787 869/2021/869
vt 0.226104 0.786225
vt 0.226578 0.788489
f 792/2051/792 933/2052/933 858/1870/858
vt 0.171378 0.510760
f 895/1874/895 958/2053/958 829/1856/829
vt 0.223613 0.703298
f 958/2054/958 932/2026/932 829/1858/829
f 860/1889/860 1221/2027/1221 785/1719/785
vt 0.834968 0.478217
vt 0.833264 0.476261
f 938/2055/938 848/1936/848 837/2056/837
vt 0.167536 0.507979
f 990/2057/990 958/2053/958 895/1874/895
f 834/1813/834 848/1936/848 938/2055/938
vt 0.858035 0.123987
f 883/2029/883 1102/1951/1102 879/2058/879
vt 0.303854 0.336114
vt 0.306682 0.332327
vt 0.305837 0.338386
f 927/2059/927 836/2060/836 786/2061/786
f 901/1986/901 926/1994/926 868/1578/868
vt 0.099954 0.239558
vt 0.102982 0.242094
vt 0.098358 0.241654
f 788/2062/788 922/2063/922 804/2064/804
vt 0.919744 0.344718
vt 0.919611 0.348460
vt 0.911540 0.344431
f 1126/2065/1126 841/2066/841 891/2067/891
vt 0.216086 0.202205
vt 0.214018 0.207340
vt 0.213087 0.201214
f 949/2068/949 782/2069/782 870/2070/870
vt 0.505319 0.316032
f 942/2071/942 817/1990/817 898/1989/898
vt 0.144545 0.416271
vt 0.155079 0.415855
vt 0.142319 0.419422
f 865/2072/865 1126/2073/1126 815/2074/815
vt 0.335907 0.498227
f 864/1891/864 815/1983/815 1070/2075/1070
f 902/1893/902 923/1693/923 779/1338/779
vt 0.163794 0.589005
vt 0.164950 0.587095
f 801/2076/801 814/2077/814 918/1850/918
vt 0.149782 0.414295
f 841/2078/841 1126/2073/1126 865/2072/865
vt 0.861651 0.282752
vt 0.861773 0.279191
vt 0.863955 0.280169
f 878/2079/878 907/2080/907 895/2081/895
vt 0.302496 0.333627
vt 0.303824 0.328281
f 836/2060/836 927/2082/927 916/2083/916
vt 0.179863 0.578940
f 987/2084/987 1032/1774/1032 845/1757/845
f 803/1702/803 904/1966/904 802/1861/802
vt 0.255914 0.769661
f 887/1865/887 890/1900/890 982/2085/982
vt 0.811186 0.929067
f 950/1601/950 806/1866/806 936/2086/936
vt 0.680746 0.596008
vt 0.674834 0.592090
f 826/2087/826 997/2088/997 786/1894/786
f 856/1950/856 790/1969/790 932/2026/932
vt 0.252494 0.717561
f 893/2089/893 888/1945/888 851/1944/851
vt 0.266072 0.755484
f 976/2090/976 935/1926/935 812/1815/812
vt 0.211595 0.701854
f 911/1839/911 907/2091/907 878/2028/878
vt 0.242687 0.715074
f 831/1734/831 908/1997/908 943/2092/943
vt 0.357013 0.962769
f 933/2093/933 971/1896/971 858/1898/858
vt 0.572487 0.354862
vt 0.569630 0.350769
f 962/2094/962 1013/2095/1013 899/2004/899
f 884/2025/884 976/2090/976 812/1815/812
vt 0.172495 0.581678
f 1122/2096/1122 845/1757/845 814/1851/814
vt 0.099250 0.527281
f 893/2044/893 909/2046/909 944/2097/944
vt 0.350961 0.967311
vt 0.344920 0.965437
vt 0.346195 0.961918
f 859/2098/859 929/2099/929 1029/2100/1029
f 899/2004/899 1013/2095/1013 826/2005/826
vt 0.360479 0.735840
f 867/1940/867 939/2101/939 780/1746/780
vt 0.683669 0.497824
f 956/2042/956 1002/2102/1002 855/2040/855
f 850/1867/850 896/1899/896 828/1907/828
vt 0.592373 0.282959
f 916/2103/916 934/1956/934 742/1958/742
vt 0.857822 0.969179
vt 0.857001 0.962839
vt 0.861249 0.969263
f 867/2104/867 917/2105/917 939/2106/939
vt 0.857125 0.968470
f 832/2016/832 917/2105/917 867/2107/867
f 832/2016/832 849/2015/849 917/2105/917
vt 0.213981 0.117527
f 922/1992/922 782/1849/782 912/2108/912
vt 0.965785 0.386360
vt 0.966906 0.383802
vt 0.969803 0.383437
f 949/2109/949 822/2110/822 930/2111/930
vt 0.504930 0.321962
vt 0.506854 0.320934
f 930/2112/930 817/1990/817 940/2113/940
f 866/1903/866 789/1656/789 780/1746/780
vt 0.383367 0.745471
f 882/1788/882 996/2114/996 905/1772/905
vt 0.414851 0.761835
f 936/2115/936 806/1942/806 983/1923/983
vt 0.923426 0.793887
f 1307/1661/1307 1233/2116/1233 823/1662/823
vt 0.383405 0.743591
f 905/1772/905 996/2114/996 885/2117/885
vt 0.936790 0.788669
f 823/1662/823 1233/2116/1233 1027/2118/1027
vt 0.035346 0.966339
f 903/1796/903 1165/2119/1165 957/1743/957
f 935/1926/935 982/2085/982 890/1900/890
vt 0.048017 0.976684
f 1594/1731/1594 1103/2120/1103 945/1852/945
vt 0.353299 0.964462
vt 0.353934 0.961154
f 792/2121/792 1029/2100/1029 933/2122/933
vt 0.697686 0.497368
vt 0.690146 0.497823
vt 0.695850 0.493700
f 970/2123/970 1001/2124/1001 956/2125/956
vt 0.700696 0.493942
f 970/2123/970 956/2125/956 881/2126/881
f 805/1701/805 906/2017/906 861/1539/861
vt 0.232151 0.782144
vt 0.233832 0.785535
f 792/1863/792 859/2127/859 1029/2128/1029
vt 0.194089 0.693866
f 834/1938/834 931/2129/931 869/2021/869
f 831/1734/831 943/2092/943 909/2002/909
vt 0.694132 0.623276
f 1152/2130/1152 951/1873/951 863/1598/863
vt 0.830742 0.346713
vt 0.822928 0.344951
vt 0.826809 0.343908
f 968/2131/968 961/2132/961 876/2133/876
vt 0.097725 0.245090
f 892/2134/892 804/2064/804 922/2063/922
vt 0.828811 0.344416
vt 0.831982 0.345353
f 876/2135/876 892/2136/892 968/2131/968
vt 0.973802 0.381758
vt 0.976893 0.380563
vt 0.973847 0.382570
f 817/2137/817 942/2138/942 940/2139/940
vt 0.416189 0.153473
f 876/2032/876 961/2140/961 986/2030/986
f 1042/1750/1042 819/1325/819 977/1984/977
vt 0.678701 0.599347
f 1013/2141/1013 997/2088/997 826/2087/826
vt 0.162872 0.836768
f 820/1830/820 925/1831/925 1128/2142/1128
vt 0.317791 0.512661
f 975/2143/975 728/1618/728 862/1887/862
vt 0.465868 0.508883
f 897/1748/897 1042/1749/1042 924/2144/924
vt 0.684345 0.482515
vt 0.679371 0.484039
f 891/2145/891 855/2040/855 974/2146/974
vt 0.790018 0.906910
f 901/1985/901 900/1827/900 920/2147/920
vt 0.371507 0.949070
f 1143/2148/1143 701/1427/701 744/1685/744
vt 0.217384 0.206404
f 912/2149/912 782/2069/782 949/2068/949
vt 0.172160 0.837410
vt 0.180487 0.832366
vt 0.179287 0.838975
f 925/2150/925 897/2151/897 924/2152/924
f 919/1883/919 755/1499/755 1038/1982/1038
vt 0.500242 0.924827
f 700/1571/700 825/1616/825 973/2153/973
vt 0.683735 0.601660
vt 0.685010 0.601165
f 906/2017/906 962/2154/962 899/2155/899
vt 0.270810 0.608107
vt 0.275983 0.602869
vt 0.280729 0.609859
f 884/2156/884 886/2157/886 1145/2158/1145
vt 0.267421 0.725816
f 953/1975/953 980/2159/980 886/2033/886
vt 0.972540 0.387106
f 1021/2160/1021 930/2111/930 940/2139/940
vt 0.421860 0.787176
f 955/2161/955 988/1941/988 926/1994/926
vt 0.633717 0.432587
vt 0.638139 0.432141
vt 0.634021 0.434044
f 938/2162/938 837/2163/837 1019/2164/1019
vt 0.188632 0.692677
f 834/1938/834 938/2165/938 931/2129/931
vt 0.958201 0.617032
vt 0.963100 0.614972
vt 0.962482 0.620525
f 1047/2166/1047 814/2167/814 801/2168/801
vt 0.262849 0.525758
vt 0.263570 0.525381
f 994/2169/994 914/2050/914 866/2170/866
vt 0.263661 0.524881
f 866/2171/866 914/2050/914 830/1835/830
vt 0.176716 0.579567
f 845/1757/845 967/2172/967 987/2084/987
vt 0.303858 0.339765
f 927/2059/927 786/2061/786 997/2173/997
vt 0.162043 0.508755
f 990/2057/990 895/1874/895 907/2174/907
vt 0.196773 0.577418
f 910/2022/910 1060/2175/1060 1022/1695/1022
vt 0.096351 0.530219
f 943/2176/943 944/2097/944 909/2046/909
vt 0.102362 0.529953
f 944/2097/944 1007/2177/1007 893/2044/893
vt 0.372923 0.746049
f 798/1792/798 885/1875/885 1050/2178/1050
vt 0.194188 0.576908
f 981/2179/981 1060/2175/1060 910/2022/910
vt 0.654916 0.437293
vt 0.659100 0.437121
vt 0.657039 0.439670
f 904/2180/904 913/2181/913 999/2182/999
vt 0.356436 0.156699
vt 0.357873 0.155427
vt 0.358586 0.157984
f 802/2183/802 904/2184/904 928/2185/928
vt 0.258945 0.717426
f 964/2186/964 888/1945/888 893/2089/893
vt 0.591553 0.278278
f 934/1956/934 916/2103/916 1034/2187/1034
vt 0.842434 0.950327
vt 0.831925 0.949187
vt 0.842190 0.943101
f 996/2188/996 882/2189/882 984/2190/984
f 845/1757/845 1122/2096/1122 967/2172/967
vt 0.956899 0.622079
f 934/2191/934 1047/2166/1047 801/2168/801
f 875/1949/875 984/2190/984 882/2189/882
vt 0.263387 0.766696
f 982/2085/982 935/1926/935 1017/2192/1017
vt 0.262718 0.720218
f 888/1945/888 964/2186/964 979/2193/979
f 887/1865/887 982/2085/982 896/1899/896
vt 0.037676 0.589009
vt 0.033603 0.592712
vt 0.032435 0.585531
f 1150/2194/1150 1032/2195/1032 987/2196/987
vt 0.645775 0.434425
vt 0.640026 0.435452
f 877/2197/877 963/2198/963 837/2163/837
vt 0.972424 0.387049
f 1021/2199/1021 949/2109/949 930/2111/930
vt 0.349378 0.730398
f 994/2200/994 866/1903/866 780/1746/780
vt 0.050391 0.976167
f 1103/2120/1103 1155/2201/1155 945/1852/945
vt 0.237193 0.704597
f 856/1950/856 932/2026/932 959/2202/959
vt 0.234260 0.298236
vt 0.236796 0.297884
vt 0.234288 0.301660
f 913/2203/913 986/2204/986 999/2205/999
vt 0.092897 0.528740
f 943/2176/943 908/2206/908 944/2097/944
vt 0.199242 0.693577
f 911/1839/911 869/2021/869 952/2207/952
vt 0.203783 0.694975
f 1033/2208/1033 911/1839/911 952/2207/952
vt 0.652010 0.438747
vt 0.656649 0.440249
f 928/2209/928 904/2180/904 999/2210/999
vt 0.864497 0.963999
f 939/2106/939 917/2105/917 1110/2211/1110
vt 0.209726 0.698606
f 911/1839/911 1033/2208/1033 960/2212/960
vt 0.052217 0.979089
f 945/1921/945 947/2213/947 777/1919/777
f 911/1839/911 960/2212/960 907/2091/907
f 777/1919/777 941/2010/941 889/2012/889
vt 0.255284 0.713477
f 964/2186/964 893/2089/893 1007/2214/1007
vt 0.083569 0.646963
f 762/1697/762 1119/2215/1119 847/1547/847
f 948/1834/948 1127/1979/1127 698/993/698
vt 0.675854 0.489101
f 1043/2216/1043 974/2146/974 855/2040/855
vt 0.698611 0.625118
f 941/2217/941 1152/2130/1152 863/1598/863
vt 0.267453 0.615676
vt 0.270784 0.617844
f 976/2218/976 884/2156/884 946/2219/946
vt 0.913441 0.340852
f 1126/2065/1126 891/2067/891 1044/2220/1044
vt 0.430338 0.930988
f 1011/2221/1011 1181/1829/1181 672/1379/672
vt 0.149118 0.421050
f 815/2074/815 1126/2073/1126 1008/2222/1008
vt 0.276607 0.602445
vt 0.284731 0.592861
vt 0.288652 0.600970
f 886/2223/886 980/2224/980 1009/2225/1009
f 672/1379/672 923/1693/923 1011/2221/1011
vt 0.201611 0.575611
f 1020/2226/1020 985/1880/985 1022/1695/1022
vt 0.449331 0.520698
f 898/1892/898 820/1832/820 1130/2227/1130
vt 0.454697 0.517696
f 1130/2227/1130 820/1832/820 1128/2228/1128
vt 0.716699 0.244797
vt 0.720976 0.244789
vt 0.718360 0.250522
f 862/2229/862 864/2230/864 1101/2231/1101
vt 0.247957 0.778472
f 896/1899/896 1023/2232/1023 828/1907/828
f 875/1949/875 991/1922/991 984/2190/984
vt 0.348343 0.958171
f 1015/2233/1015 933/2122/933 1029/2100/1029
vt 0.195467 0.692973
f 869/2021/869 931/2129/931 965/2234/965
f 952/2207/952 869/2021/869 965/2234/965
vt 0.095909 0.522971
f 944/2097/944 908/2206/908 989/2235/989
vt 0.055919 0.605112
f 985/1779/985 1059/2236/1059 752/1676/752
vt 0.587661 0.209512
vt 0.590142 0.209180
vt 0.589786 0.211323
f 1032/2237/1032 1112/2238/1112 910/2239/910
vt 0.192104 0.574420
f 1112/2240/1112 981/2179/981 910/2022/910
vt 0.538398 0.874637
vt 0.533673 0.879121
vt 0.533268 0.874608
f 1086/2241/1086 762/2242/762 711/2243/711
vt 0.099489 0.247038
f 968/2244/968 892/2134/892 922/2063/922
vt 0.230199 0.702333
f 958/2054/958 1067/2245/1067 932/2026/932
vt 0.650364 0.435663
vt 0.650217 0.438682
f 877/2197/877 802/2246/802 928/2247/928
vt 0.638187 0.436035
f 1019/2164/1019 837/2163/837 963/2248/963
vt 0.541812 0.121627
vt 0.538746 0.119784
vt 0.540880 0.119909
f 938/2249/938 965/2250/965 931/2251/931
vt 0.687585 0.614861
f 805/1701/805 951/1873/951 1106/2252/1106
vt 0.568178 0.357978
f 1013/2095/1013 962/2094/962 1149/2253/1149
vt 0.829785 0.350472
vt 0.839211 0.347348
vt 0.837050 0.351647
f 969/2254/969 922/2255/922 1000/2256/1000
vt 0.101719 0.249016
f 968/2244/968 922/2063/922 969/2257/969
vt 0.369722 0.742404
f 849/1853/849 798/1792/798 1035/2258/1035
vt 0.239763 0.708732
f 908/1997/908 959/2202/959 989/2259/989
f 856/1950/856 959/2202/959 908/1997/908
vt 0.500960 0.276407
f 1132/2260/1132 1086/1819/1086 915/2036/915
f 1002/2102/1002 956/2042/956 1001/2124/1001
vt 0.820548 0.347748
f 1045/2261/1045 961/2132/961 968/2131/968
vt 0.676425 0.581218
vt 0.675940 0.585016
vt 0.672405 0.580784
f 916/2262/916 927/2263/927 937/2264/937
vt 0.355080 0.737884
f 939/2101/939 1052/2265/1052 780/1746/780
vt 0.238700 0.301727
f 986/2204/986 1049/2266/1049 999/2205/999
vt 0.351748 0.733453
f 1018/2267/1018 780/1746/780 1052/2265/1052
vt 0.171209 0.508669
vt 0.170449 0.506859
f 958/2268/958 990/2057/990 992/2269/992
f 805/1701/805 1106/2252/1106 906/2017/906
vt 0.016139 0.182957
vt 0.013474 0.183269
vt 0.013634 0.179461
f 1007/2270/1007 944/2271/944 1005/2272/1005
f 780/1746/780 1018/2267/1018 994/2200/994
vt 0.160918 0.507112
f 960/2273/960 990/2057/990 907/2174/907
vt 0.163232 0.505031
f 960/2273/960 1003/2274/1003 990/2057/990
vt 0.646774 0.440432
f 877/2197/877 928/2247/928 1030/2275/1030
vt 0.889278 0.982960
vt 0.880679 0.983279
vt 0.885513 0.979240
f 1036/2276/1036 914/2277/914 1065/2278/1065
vt 0.081893 0.522084
vt 0.080602 0.522695
vt 0.080845 0.518225
f 959/2279/959 932/2280/932 1067/2281/1067
vt 0.981863 0.755010
f 1519/2282/1519 707/1210/707 708/785/708
vt 0.017479 0.960262
f 1519/2283/1519 1676/1795/1676 707/1074/707
vt 0.343219 0.729738
vt 0.344556 0.726666
vt 0.346535 0.730936
f 1065/2284/1065 914/2285/914 994/2286/994
vt 0.623405 0.389592
vt 0.626986 0.390458
f 1027/1670/1027 1161/2287/1161 954/2288/954
vt 0.630067 0.433287
f 965/2289/965 938/2162/938 1019/2164/1019
vt 0.885000 0.988865
vt 0.890603 0.988914
f 881/2290/881 1036/2276/1036 970/2291/970
vt 0.625934 0.386609
f 1161/2287/1161 1026/2292/1026 954/2288/954
f 914/2277/914 1036/2276/1036 881/2290/881
vt 0.339684 0.960303
f 929/2099/929 966/2293/966 1029/2100/1029
vt 0.850934 0.954179
vt 0.843101 0.955895
f 1050/2294/1050 885/2295/885 996/2188/996
vt 0.337452 0.965029
f 966/2293/966 929/2099/929 1023/2296/1023
vt 0.243935 0.780758
f 828/1907/828 1023/2297/1023 929/2000/929
vt 0.202103 0.529598
vt 0.208526 0.535867
vt 0.205604 0.538000
f 1069/2298/1069 900/2299/900 919/2300/919
f 976/2090/976 1017/2192/1017 935/1926/935
vt 0.675319 0.496116
f 1043/2216/1043 855/2040/855 972/2301/972
f 953/1975/953 888/1945/888 979/2193/979
vt 0.262922 0.720377
vt 0.265274 0.722162
f 953/1975/953 979/2302/979 980/2303/980
f 744/1685/744 921/1845/921 1143/2148/1143
f 1145/2158/1145 886/2157/886 1009/2225/1009
vt 0.201508 0.536816
f 919/2300/919 1038/2304/1038 1069/2298/1069
vt 0.792061 0.913540
f 926/2305/926 901/1985/901 920/2147/920
vt 0.679336 0.479650
f 891/2145/891 974/2146/974 1039/2306/1039
vt 0.684655 0.478463
f 1044/2307/1044 891/2145/891 1039/2306/1039
vt 0.680760 0.388337
vt 0.684245 0.385922
vt 0.687412 0.390539
f 912/2308/912 949/2309/949 978/2310/978
vt 0.685062 0.394743
f 1111/2311/1111 912/2308/912 978/2310/978
vt 0.841118 0.354259
vt 0.843134 0.349620
f 1111/2312/1111 922/2255/922 912/2313/912
vt 0.951573 0.626556
vt 0.952826 0.631802
vt 0.949607 0.629864
f 1034/2314/1034 916/2315/916 937/2316/937
vt 0.229858 0.846906
vt 0.237246 0.847310
vt 0.237125 0.851505
f 1070/2317/1070 815/2318/815 1008/2319/1008
vt 0.960416 0.611349
vt 0.959602 0.614893
vt 0.954944 0.615822
f 1051/2320/1051 814/2321/814 1047/2322/1047
vt 0.147475 0.833506
vt 0.158374 0.829111
vt 0.155695 0.836048
f 1040/2323/1040 898/2324/898 1130/2325/1130
vt 0.147091 0.829277
f 942/2326/942 898/2324/898 1040/2323/1040
vt 0.332087 0.507020
f 864/1891/864 1070/2075/1070 1101/2327/1101
vt 0.308206 0.515031
f 728/1618/728 975/2143/975 977/2328/977
vt 0.360769 0.739133
f 1110/2329/1110 1052/2265/1052 939/2101/939
vt 0.354086 0.961099
f 1015/2233/1015 971/1896/971 933/2330/933
vt 0.895526 0.986836
f 1031/2331/1031 970/2291/970 1036/2276/1036
vt 0.691045 0.501742
f 1031/2332/1031 1001/2124/1001 970/2123/970
vt 0.251822 0.777394
f 982/2085/982 1016/2333/1016 896/1899/896
f 1045/2261/1045 968/2131/968 969/2254/969
vt 0.949818 0.621437
vt 0.956607 0.622237
f 1066/2334/1066 934/2335/934 1034/2314/1034
vt 0.065703 0.611724
f 1059/2236/1059 1212/2336/1212 752/1676/752
vt 0.240507 0.299727
vt 0.240176 0.297316
f 1045/2337/1045 986/2204/986 961/2338/961
vt 0.259623 0.771493
f 1017/2192/1017 1062/2339/1062 982/2085/982
f 1035/2258/1035 798/1792/798 1050/2178/1050
vt 0.861708 0.272871
vt 0.863454 0.275693
vt 0.859326 0.275893
f 1028/2340/1028 1003/2341/1003 960/2342/960
vt 0.855444 0.958335
f 917/2105/917 849/2015/849 1035/2343/1035
vt 0.640989 0.438452
f 963/2198/963 877/2197/877 998/2344/998
vt 0.344949 0.736190
vt 0.340111 0.733039
f 994/2286/994 995/2345/995 1065/2346/1065
vt 0.673444 0.596418
f 1013/2141/1013 1195/2347/1195 997/2088/997
vt 0.165677 0.504754
f 1003/2274/1003 1004/2348/1004 990/2057/990
f 922/2255/922 1111/2312/1111 1000/2256/1000
vt 0.643385 0.121970
vt 0.645075 0.121161
vt 0.643898 0.124175
f 989/2349/989 1054/2350/1054 944/2351/944
vt 0.105572 0.526126
vt 0.104642 0.526707
vt 0.103522 0.524535
f 1046/2352/1046 1007/2353/1007 1005/2354/1005
vt 0.646202 0.124049
vt 0.644724 0.126108
f 1005/2355/1005 944/2356/944 1054/2350/1054
vt 0.167841 0.504629
vt 0.168936 0.506347
f 990/2057/990 1004/2357/1004 992/2358/992
vt 0.837371 0.935582
f 1164/2359/1164 984/2190/984 991/1922/991
vt 0.412471 0.783434
f 955/2161/955 1156/2360/1156 988/1941/988
f 896/1899/896 1016/2333/1016 1023/2232/1023
vt 0.682655 0.605522
vt 0.681687 0.611337
f 962/2361/962 906/2017/906 993/2362/993
vt 0.052177 0.977129
f 947/2363/947 945/1852/945 1155/2201/1155
vt 0.087407 0.650825
f 1068/2364/1068 1307/1937/1307 847/1547/847
vt 0.223561 0.699568
vt 0.227913 0.698955
f 992/2365/992 1078/2366/1078 958/2054/958
vt 0.209588 0.693679
f 1063/2367/1063 960/2212/960 1033/2208/1033
vt 0.260392 0.533031
vt 0.262625 0.529699
vt 0.265240 0.534487
f 995/2368/995 994/2369/994 1018/2370/1018
vt 0.350787 0.737987
f 1018/2267/1018 1052/2265/1052 1058/2371/1058
f 986/2204/986 1045/2337/1045 1049/2266/1049
vt 0.669713 0.588651
f 927/2263/927 997/2088/997 1194/2372/1194
vt 0.081429 0.640927
f 1085/2373/1085 1119/2215/1119 762/1697/762
vt 0.053572 0.978562
f 947/2213/947 1082/2374/1082 777/1919/777
vt 0.980691 0.386327
f 940/2139/940 942/2138/942 1040/2375/1040
vt 0.833444 0.352714
f 969/2254/969 1000/2256/1000 1061/2376/1061
vt 0.359226 0.159415
vt 0.358517 0.158512
vt 0.360191 0.159405
f 1030/2377/1030 928/2378/928 999/2379/999
f 1030/2275/1030 998/2344/998 877/2197/877
vt 0.267896 0.764023
f 1072/2380/1072 1017/2192/1017 976/2090/976
f 902/1893/902 701/1427/701 1143/2148/1143
f 855/2040/855 1002/2102/1002 972/2301/972
vt 0.345547 0.949530
f 971/1896/971 1015/2233/1015 1182/2381/1182
vt 0.799915 0.910607
f 920/2147/920 1006/2382/1006 926/2305/926
vt 0.423178 0.791412
f 955/2161/955 926/1994/926 1006/2383/1006
vt 0.277304 0.618622
f 946/2219/946 884/2156/884 1125/2384/1125
vt 0.709493 0.248671
f 1101/2231/1101 975/2385/975 862/2229/862
f 1145/2158/1145 1125/2384/1125 884/2156/884
f 991/1922/991 950/1601/950 936/2086/936
vt 0.669133 0.487459
f 1043/2216/1043 1129/2386/1129 974/2146/974
f 1143/2148/1143 921/1845/921 971/1896/971
vt 0.169190 0.579396
vt 0.162918 0.580894
f 1122/2387/1122 814/1851/814 1051/2388/1051
vt 0.189562 0.843824
vt 0.197906 0.842736
vt 0.203124 0.845055
f 1010/2389/1010 977/2390/977 975/2391/975
vt 0.493016 0.917387
f 973/2153/973 825/1616/825 1073/2392/1073
f 1042/1750/1042 977/1984/977 1010/2389/1010
vt 0.571808 0.359968
f 1149/2253/1149 962/2094/962 993/2393/993
f 1068/2364/1068 847/1547/847 1119/2215/1119
f 833/1869/833 988/1941/988 1156/2360/1156
vt 0.178436 0.204007
vt 0.178785 0.202447
vt 0.182737 0.205399
f 952/2394/952 965/2395/965 1012/2396/1012
vt 0.179194 0.204828
f 1033/2397/1033 952/2394/952 1012/2396/1012
vt 0.181418 0.206529
f 1014/2398/1014 1033/2397/1033 1012/2396/1012
vt 0.859107 0.271865
f 1028/2340/1028 960/2342/960 1063/2399/1063
f 1106/2252/1106 993/2362/993 906/2017/906
f 1067/2245/1067 958/2054/958 1078/2366/1078
vt 0.677792 0.606631
vt 0.672641 0.603176
f 1149/2400/1149 1074/2401/1074 1013/2141/1013
vt 0.254758 0.709917
vt 0.252092 0.708330
vt 0.252722 0.706149
f 1046/2402/1046 1005/2403/1005 1054/2404/1054
vt 0.686197 0.618427
f 951/1873/951 1108/2405/1108 1106/2252/1106
vt 0.223935 0.695427
f 1078/2366/1078 992/2365/992 1057/2406/1057
vt 0.332302 0.964283
vt 0.332308 0.962425
f 1023/2296/1023 1016/2407/1016 1024/2408/1024
vt 0.791523 0.247835
vt 0.790187 0.250236
vt 0.787346 0.248625
f 1019/2409/1019 963/2410/963 1087/2411/1087
vt 0.651966 0.443407
f 999/2210/999 1025/2412/1025 1030/2275/1030
vt 0.512102 0.244050
vt 0.509812 0.246146
vt 0.506417 0.243146
f 1004/2413/1004 1003/2414/1003 1064/2415/1064
vt 0.182045 0.201367
f 965/2395/965 1048/2416/1048 1012/2396/1012
vt 0.368219 0.745766
f 1035/2258/1035 1050/2178/1050 1075/2417/1075
vt 0.042568 0.595826
vt 0.047603 0.595971
vt 0.043974 0.597674
f 981/2418/981 1088/2419/1088 1060/2420/1060
vt 0.667331 0.581182
vt 0.673338 0.575133
f 1168/2421/1168 1034/2422/1034 937/2264/937
vt 0.100745 0.521391
vt 0.096759 0.518279
f 1054/2423/1054 989/2235/989 1053/2424/1053
vt 0.506702 0.247195
f 1003/2414/1003 1028/2425/1028 1064/2415/1064
vt 0.233279 0.701921
vt 0.234645 0.701317
f 1067/2426/1067 1094/2427/1094 959/2202/959
vt 0.777998 0.182820
vt 0.779101 0.186599
vt 0.774559 0.185521
f 1064/2428/1064 1057/2429/1057 1004/2430/1004
vt 0.773968 0.188234
f 1004/2430/1004 1057/2429/1057 992/2431/992
vt 0.089388 0.521706
vt 0.092122 0.516899
f 959/2432/959 1077/2433/1077 989/2235/989
vt 0.205212 0.692219
f 1063/2367/1063 1033/2208/1033 1014/2434/1014
vt 0.257263 0.775368
f 1016/2333/1016 982/2085/982 1092/2435/1092
vt 0.895070 0.982633
f 1081/2436/1081 1031/2331/1031 1036/2276/1036
vt 0.448881 0.361759
vt 0.447594 0.363631
vt 0.445517 0.359808
f 1053/2437/1053 989/2438/989 1077/2439/1077
f 982/2085/982 1062/2339/1062 1092/2435/1092
vt 0.036777 0.585205
f 1153/2440/1153 1150/2194/1150 987/2196/987
vt 0.266122 0.769302
f 1062/2339/1062 1017/2192/1017 1091/2441/1091
vt 0.263525 0.537128
f 995/2368/995 1018/2370/1018 1058/2442/1058
vt 0.072930 0.626153
f 785/1719/785 1193/2443/1193 915/1998/915
vt 0.109620 0.094568
vt 0.108598 0.092465
vt 0.110708 0.093577
f 1087/2444/1087 963/2445/963 998/2446/998
f 1066/2334/1066 1047/2322/1047 934/2335/934
vt 0.074595 0.622192
f 785/1719/785 1221/2027/1221 1037/2447/1037
vt 0.198428 0.575146
vt 0.201472 0.575717
f 1022/1695/1022 1060/2448/1060 1020/2449/1020
f 1194/2372/1194 937/2264/937 927/2263/927
vt 0.293471 0.593216
f 980/2224/980 1185/2450/1185 1009/2225/1009
vt 0.720325 0.398756
vt 0.727189 0.399628
f 978/2451/978 949/1996/949 1021/2452/1021
vt 0.726275 0.405537
f 1021/2452/1021 1199/2453/1199 978/2451/978
vt 0.287144 0.586327
vt 0.292256 0.586640
f 980/2224/980 979/2454/979 1100/2455/1100
vt 0.650788 0.408932
vt 0.650175 0.401751
vt 0.654857 0.403467
f 825/2456/825 880/2457/880 1073/2458/1073
vt 0.411433 0.930729
f 1011/2221/1011 923/1693/923 1339/2459/1339
f 971/1896/971 1182/2381/1182 1143/2148/1143
vt 0.253710 0.861628
vt 0.258138 0.855179
vt 0.265400 0.859953
f 1099/2460/1099 1044/2461/1044 1039/2462/1039
vt 0.162183 0.412971
vt 0.164754 0.419836
f 1126/2073/1126 1044/2463/1044 1099/2464/1099
vt 0.286559 0.582311
f 979/2454/979 964/2465/964 1100/2455/1100
vt 0.287537 0.578559
f 964/2465/964 1007/2466/1007 1100/2455/1100
vt 0.445121 0.912232
f 1011/2221/1011 1097/2467/1097 1181/1829/1181
vt 0.938507 0.782488
f 1233/2116/1233 1161/2468/1161 1027/2118/1027
f 1102/2034/1102 957/1743/957 1165/2119/1165
vt 0.336322 0.953404
f 1208/2469/1208 1015/2233/1015 1029/2100/1029
vt 0.340736 0.507463
f 1070/2075/1070 1041/2470/1041 1101/2327/1101
vt 0.254615 0.777605
vt 0.257155 0.775454
f 1055/2471/1055 1016/2333/1016 1092/2472/1092
vt 0.875602 0.970581
vt 0.870361 0.967603
vt 0.873128 0.961234
f 1058/2473/1058 1052/2474/1052 1083/2475/1083
f 1102/2034/1102 1165/2119/1165 770/1895/770
vt 0.682917 0.506717
f 1031/2332/1031 1138/2476/1138 1001/2124/1001
vt 0.090256 0.655696
f 1068/2364/1068 1305/2477/1305 1307/1937/1307
vt 0.241583 0.301025
vt 0.241956 0.303829
f 1049/2266/1049 1045/2478/1045 1140/2479/1140
f 1021/2160/1021 940/2139/940 1040/2375/1040
vt 0.237331 0.304106
f 999/2205/999 1049/2266/1049 1025/2480/1025
vt 0.542932 0.871172
vt 0.541729 0.878097
f 1086/2241/1086 1132/2481/1132 1223/2482/1223
vt 0.856039 0.956725
vt 0.857323 0.952530
f 1110/2211/1110 1035/2483/1035 1075/2484/1075
f 917/2105/917 1035/2343/1035 1110/2211/1110
vt 0.869457 0.967033
f 1052/2485/1052 1110/2211/1110 1083/2475/1083
vt 0.101774 0.303855
vt 0.103407 0.308685
vt 0.100479 0.305600
f 1045/2486/1045 969/2487/969 1056/2488/1056
vt 0.085999 0.516628
f 1077/2433/1077 959/2432/959 1094/2489/1094
f 1074/2401/1074 1195/2347/1195 1013/2141/1013
vt 0.329007 0.963240
f 1016/2407/1016 1055/2490/1055 1024/2408/1024
vt 0.253274 0.702399
vt 0.254636 0.706889
f 1054/2404/1054 1071/2491/1071 1046/2492/1046
vt 0.795476 0.240795
vt 0.797817 0.244941
vt 0.792252 0.240345
f 1048/2493/1048 965/2494/965 1118/2495/1118
vt 0.261325 0.775487
f 1092/2435/1092 1062/2339/1062 1080/2496/1080
vt 0.642170 0.440478
f 1030/2275/1030 1090/2497/1090 998/2344/998
vt 0.640801 0.440206
vt 0.636053 0.439403
f 998/2344/998 1090/2498/1090 1087/2499/1087
vt 0.850449 0.946066
f 1114/2500/1114 996/2188/996 984/2190/984
vt 0.835441 0.355984
f 1000/2256/1000 1111/2312/1111 1170/2501/1170
f 1002/2102/1002 1001/2124/1001 1138/2476/1138
vt 0.075346 0.629008
f 1132/2502/1132 915/1998/915 1193/2443/1193
vt 0.786123 0.245100
f 1019/2409/1019 1087/2411/1087 1113/2503/1113
f 965/2494/965 1019/2409/1019 1113/2503/1113
f 1037/2447/1037 1193/2443/1193 785/1719/785
f 1050/2294/1050 996/2188/996 1114/2500/1114
f 965/2494/965 1113/2503/1113 1118/2495/1118
vt 0.502746 0.248168
f 1064/2415/1064 1028/2425/1028 1063/2504/1063
f 966/2293/966 1208/2469/1208 1029/2100/1029
vt 0.399993 0.767972
vt 0.407096 0.763230
f 983/1923/983 1095/2505/1095 936/2506/936
vt 0.330948 0.955616
f 1023/2296/1023 1024/2408/1024 1084/2507/1084
vt 0.690829 0.394021
f 1111/2311/1111 978/2310/978 1123/2508/1123
vt 0.102212 0.516318
f 1053/2424/1053 1071/2509/1071 1054/2423/1054
f 1080/2496/1080 1062/2339/1062 1091/2441/1091
vt 0.221822 0.528668
vt 0.217034 0.529425
vt 0.221318 0.524460
f 1006/2510/1006 920/2511/920 1124/2512/1124
f 1017/2192/1017 1072/2380/1072 1091/2441/1091
vt 0.822477 0.926120
f 936/2086/936 1095/2513/1095 991/1922/991
vt 0.268153 0.625309
f 1072/2514/1072 976/2218/976 946/2219/946
f 1100/2455/1100 1185/2450/1185 980/2224/980
vt 0.502889 0.920433
f 1073/2392/1073 1038/2515/1038 973/2153/973
vt 0.156327 0.426748
f 1008/2222/1008 1126/2073/1126 1296/2516/1296
f 1181/1829/1181 1127/1979/1127 948/1834/948
vt 0.052341 0.599475
f 1059/2236/1059 985/1779/985 1120/2517/1120
vt 0.420740 0.791798
vt 0.412954 0.790645
f 1006/2518/1006 1146/2519/1146 955/2161/955
vt 0.786694 0.898722
f 1069/2520/1069 920/2147/920 900/1827/900
f 1146/2519/1146 1156/2360/1156 955/2161/955
vt 0.984958 0.467488
vt 0.990180 0.468519
vt 0.985276 0.477491
f 1039/2521/1039 974/2522/974 1129/2523/1129
vt 0.099724 0.307069
f 1056/2488/1056 969/2487/969 1117/2524/1117
vt 0.289966 0.575605
vt 0.295719 0.579755
f 1007/2466/1007 1046/2525/1046 1232/2526/1232
vt 0.461390 0.514466
vt 0.471035 0.512003
f 925/2527/925 924/2144/924 1178/2528/1178
vt 0.198786 0.573422
vt 0.199498 0.574953
f 1060/2448/1060 1088/2529/1088 1020/2530/1020
vt 0.059540 0.977391
f 777/1919/777 1219/2531/1219 941/2010/941
vt 0.297193 0.569880
f 1232/2526/1232 1046/2525/1046 1071/2532/1071
vt 0.716761 0.402838
f 1123/2533/1123 978/2451/978 1199/2453/1199
vt 0.193897 0.850365
f 1010/2389/1010 975/2391/975 1177/2534/1177
vt 0.293083 0.582836
f 1007/2466/1007 1232/2526/1232 1100/2535/1100
vt 0.225403 0.856355
f 1041/2536/1041 1070/2317/1070 1008/2319/1008
vt 0.201622 0.852499
f 1177/2534/1177 975/2391/975 1206/2537/1206
f 924/2144/924 1042/1749/1042 1178/2528/1178
vt 0.474831 0.506648
f 1042/1749/1042 1010/2538/1010 1178/2528/1178
vt 0.073310 0.427081
vt 0.072059 0.427750
vt 0.072049 0.424039
f 1014/2539/1014 1012/2540/1012 1063/2541/1063
vt 0.783290 0.185448
f 1175/2542/1175 1057/2429/1057 1064/2428/1064
vt 0.307615 0.412958
vt 0.312412 0.414676
vt 0.309054 0.417092
f 1255/2543/1255 987/2544/987 967/2545/967
f 1212/2336/1212 1221/2027/1221 752/1676/752
vt 0.405958 0.041922
vt 0.406611 0.039482
vt 0.408515 0.041386
f 1061/2546/1061 1000/2547/1000 1170/2548/1170
vt 0.243526 0.302207
f 1045/2478/1045 1056/2549/1056 1140/2479/1140
vt 0.659355 0.443036
vt 0.658635 0.445755
f 1025/2412/1025 1049/2550/1049 1140/2551/1140
vt 0.503413 0.246684
vt 0.500872 0.244537
f 1064/2415/1064 1063/2552/1063 1135/2553/1135
vt 0.077851 0.516617
vt 0.081249 0.512949
vt 0.080974 0.516079
f 1078/2554/1078 1079/2555/1079 1067/2556/1067
f 1075/2484/1075 1050/2294/1050 1114/2500/1114
vt 0.443458 0.252833
vt 0.439524 0.249961
vt 0.444480 0.250158
f 1067/2557/1067 1079/2558/1079 1094/2559/1094
vt 0.378263 0.042561
vt 0.381023 0.039840
vt 0.382133 0.041901
f 1122/2560/1122 1255/2561/1255 967/2562/967
vt 0.403783 0.775841
f 983/1923/983 833/1869/833 1136/2563/1136
vt 0.183964 0.203580
f 1012/2396/1012 1048/2416/1048 1104/2564/1104
f 1023/2296/1023 1208/2469/1208 966/2293/966
vt 0.882265 0.970666
vt 0.880144 0.971878
f 1076/2565/1076 995/2566/995 1058/2473/1058
vt 0.342229 0.741051
f 1076/2567/1076 1065/2346/1065 995/2345/995
vt 0.040855 0.591675
f 1150/2194/1150 1112/2568/1112 1032/2195/1032
vt 0.948758 0.615949
f 1142/2569/1142 1047/2322/1047 1066/2334/1066
vt 0.699504 0.628666
vt 0.704915 0.629012
vt 0.704261 0.631749
f 1219/2570/1219 777/2571/777 1082/2572/1082
f 937/2264/937 1194/2372/1194 1168/2421/1168
vt 0.945356 0.615814
f 1142/2569/1142 1066/2334/1066 1247/2573/1247
vt 0.713294 0.094927
vt 0.715218 0.095172
vt 0.715795 0.097171
f 969/2574/969 1061/2575/1061 1107/2576/1107
f 951/1873/951 1152/2130/1152 1108/2405/1108
vt 0.905737 0.986077
f 1031/2331/1031 1081/2436/1081 1138/2577/1138
f 1156/2360/1156 1136/2563/1136 833/1869/833
vt 0.436295 0.041079
vt 0.433067 0.041722
vt 0.435566 0.039309
f 1025/2578/1025 1137/2579/1137 1030/2580/1030
vt 0.442080 0.248333
vt 0.442832 0.249045
f 1079/2558/1079 1093/2581/1093 1094/2582/1094
vt 0.644240 0.442168
vt 0.646627 0.442837
f 1090/2583/1090 1030/2275/1030 1137/2584/1137
vt 0.087877 0.512949
vt 0.090710 0.513529
f 1093/2585/1093 1109/2586/1109 1094/2489/1094
vt 0.090751 0.513804
f 1077/2433/1077 1094/2489/1094 1109/2587/1109
vt 0.953916 0.612184
f 1051/2320/1051 1047/2322/1047 1230/2588/1230
f 1065/2278/1065 1081/2436/1081 1036/2276/1036
vt 0.450908 0.357603
f 1053/2437/1053 1077/2439/1077 1115/2589/1115
vt 0.445974 0.356582
f 1109/2590/1109 1115/2589/1115 1077/2439/1077
vt 0.980696 0.391370
vt 0.973919 0.391182
f 1021/2160/1021 1198/2591/1198 1199/2592/1199
vt 0.709951 0.185673
vt 0.708422 0.181958
vt 0.711189 0.182990
f 1104/2593/1104 1048/2594/1048 1118/2595/1118
vt 0.098231 0.514678
f 1071/2509/1071 1053/2424/1053 1115/2596/1115
vt 0.952827 0.210476
vt 0.946155 0.213216
vt 0.947332 0.210421
f 1372/2597/1372 1106/2598/1106 1108/2599/1108
f 1084/2507/1084 1208/2469/1208 1023/2296/1023
vt 0.810572 0.914756
vt 0.809265 0.907638
f 1146/2600/1146 1006/2382/1006 1200/2601/1200
vt 0.211307 0.521994
f 1124/2512/1124 920/2511/920 1096/2602/1096
vt 0.826378 0.929961
vt 0.830901 0.932024
f 1095/2603/1095 1089/2604/1089 991/1922/991
vt 0.161557 0.843503
vt 0.170911 0.841365
f 1275/2605/1275 925/2150/925 1178/2606/1178
vt 0.337821 0.514781
f 1101/2327/1101 1041/2470/1041 1273/2607/1273
f 1089/2604/1089 1164/2359/1164 991/1922/991
f 1208/2469/1208 1182/2381/1182 1015/2233/1015
vt 0.506856 0.905252
f 1098/2608/1098 1038/2515/1038 1073/2392/1073
vt 0.050538 0.599451
f 1020/2609/1020 1120/2517/1120 985/1779/985
vt 0.472425 0.910521
f 880/1878/880 1127/1979/1127 1249/2610/1249
vt 0.329124 0.961913
vt 0.328596 0.960585
f 1024/2408/1024 1055/2611/1055 1105/2612/1105
vt 0.090030 0.065668
vt 0.094145 0.064795
vt 0.093709 0.065410
f 1088/2613/1088 1120/2614/1120 1020/2615/1020
vt 0.731017 0.011270
vt 0.729940 0.013780
vt 0.729363 0.011475
f 1092/2616/1092 1105/2617/1105 1055/2618/1055
vt 0.644335 0.443749
f 1090/2583/1090 1137/2584/1137 1154/2619/1154
f 1086/2241/1086 1223/2482/1223 762/2242/762
vt 0.539087 0.878566
f 1223/2482/1223 1085/2620/1085 762/2242/762
f 1136/2563/1136 1095/2505/1095 983/1923/983
vt 0.076729 0.513644
f 1057/2621/1057 1079/2555/1079 1078/2554/1078
vt 0.328231 0.959328
f 1084/2507/1084 1024/2408/1024 1105/2622/1105
vt 0.066954 0.423018
f 1063/2541/1063 1012/2540/1012 1135/2623/1135
vt 0.866374 0.952558
f 1075/2484/1075 1259/2624/1259 1110/2211/1110
vt 0.352050 0.100993
vt 0.350162 0.098713
vt 0.355134 0.100336
f 1087/2625/1087 1090/2626/1090 1141/2627/1141
vt 0.244661 0.302641
vt 0.245819 0.303858
f 1117/2628/1117 1157/2629/1157 1056/2549/1056
vt 0.042226 0.590322
f 1150/2194/1150 1151/2630/1151 1112/2568/1112
vt 0.101707 0.514040
f 1071/2509/1071 1115/2596/1115 1162/2631/1162
vt 0.951261 0.615628
f 1142/2632/1142 1230/2588/1230 1047/2322/1047
vt 0.650267 0.445931
f 1025/2412/1025 1140/2551/1140 1137/2633/1137
vt 0.896774 0.978361
f 1081/2436/1081 1065/2278/1065 1121/2634/1121
f 1021/2160/1021 1040/2375/1040 1198/2591/1198
vt 0.882110 0.964907
f 1058/2473/1058 1083/2475/1083 1209/2635/1209
vt 0.337296 0.740085
f 1139/2636/1139 1065/2346/1065 1076/2567/1076
vt 0.731880 0.012071
f 1105/2617/1105 1092/2616/1092 1116/2637/1116
vt 0.890818 0.976155
vt 0.888086 0.974893
f 1121/2638/1121 1065/2278/1065 1139/2639/1139
vt 0.670653 0.505806
f 1138/2476/1138 1147/2640/1147 1002/2102/1002
vt 0.323222 0.963033
vt 0.324707 0.957708
vt 0.326658 0.963601
f 1080/2641/1080 1116/2642/1116 1092/2643/1092
f 1594/1731/1594 770/1895/770 1165/2119/1165
vt 0.086950 0.658487
f 1305/2477/1305 1456/2644/1456 1307/1937/1307
f 1159/1330/1159 1519/2282/1519 708/785/708
vt 0.645435 0.446658
f 1166/2645/1166 1154/2619/1154 1137/2584/1137
vt 0.225185 0.691910
vt 0.228514 0.695048
f 1057/2406/1057 1175/2646/1175 1079/2647/1079
vt 0.070930 0.428840
vt 0.067680 0.427503
f 1104/2648/1104 1158/2649/1158 1012/2540/1012
vt 0.051158 0.975078
vt 0.048252 0.975700
f 1594/1731/1594 1155/2650/1155 1103/2651/1103
vt 0.353526 0.096377
f 1141/2627/1141 1090/2626/1090 1154/2652/1154
f 1135/2623/1135 1012/2540/1012 1158/2649/1158
f 1209/2635/1209 1076/2565/1076 1058/2473/1058
vt 0.440177 0.246015
f 1093/2581/1093 1079/2558/1079 1160/2653/1160
vt 0.503805 0.240697
f 1135/2553/1135 1133/2654/1133 1064/2415/1064
vt 0.782689 0.246366
f 1113/2503/1113 1087/2411/1087 1141/2655/1141
vt 0.506044 0.241148
f 1064/2415/1064 1133/2654/1133 1175/2656/1175
vt 0.786480 0.241061
f 1189/2657/1189 1118/2495/1118 1113/2503/1113
vt 0.054851 0.976892
f 1082/2658/1082 947/2363/947 1155/2650/1155
vt 0.057186 0.973954
f 1155/2650/1155 1197/2659/1197 1082/2658/1082
vt 0.832506 0.358278
vt 0.830602 0.354879
f 1061/2376/1061 1216/2660/1216 1107/2661/1107
f 1157/2629/1157 1140/2479/1140 1056/2549/1056
vt 0.664079 0.576063
f 1168/2421/1168 1238/2662/1238 1034/2422/1034
f 1195/2347/1195 1194/2372/1194 997/2088/997
vt 0.389708 0.765762
vt 0.390175 0.771689
f 1089/2663/1089 1095/2505/1095 1210/2664/1210
vt 0.800458 0.906664
f 1200/2601/1200 1006/2382/1006 1124/2665/1124
f 923/1693/923 902/1893/902 1339/2459/1339
vt 0.782169 0.887929
vt 0.780287 0.896699
f 1098/2666/1098 1069/2667/1069 1038/1982/1038
vt 0.829301 0.354324
vt 0.826104 0.353638
f 1107/2668/1107 1117/2669/1117 969/2254/969
vt 0.302450 0.575122
f 1071/2532/1071 1131/2670/1131 1232/2526/1232
vt 0.301117 0.567963
f 1131/2670/1131 1071/2532/1071 1162/2671/1162
vt 0.266481 0.632126
vt 0.264528 0.628583
f 1183/2672/1183 1091/2673/1091 1072/2514/1072
vt 0.229883 0.865976
vt 0.237103 0.851803
vt 0.238705 0.862888
f 1342/2674/1342 1008/2675/1008 1296/2676/1296
vt 0.794679 0.898631
f 1069/2520/1069 1096/2677/1096 920/2147/920
vt 0.803173 0.665718
vt 0.809555 0.659576
vt 0.819355 0.666965
f 1185/2678/1185 1100/2679/1100 1241/2680/1241
vt 0.064806 0.976764
vt 0.064267 0.981079
f 1257/2681/1257 1152/2682/1152 941/2010/941
vt 0.681837 0.614751
f 1372/2683/1372 993/2362/993 1106/2252/1106
f 1125/2384/1125 1072/2514/1072 946/2219/946
vt 0.288232 0.609427
f 1145/2158/1145 1009/2225/1009 1246/2684/1246
vt 0.661466 0.583996
f 1168/2421/1168 1194/2372/1194 1225/2685/1225
f 1128/2142/1128 925/2150/925 1275/2605/1275
vt 0.180012 0.844411
f 1178/2686/1178 1010/2389/1010 1177/2534/1177
vt 0.709113 0.252497
f 975/2385/975 1101/2231/1101 1180/2687/1180
vt 0.322319 0.519322
vt 0.328987 0.518500
f 1206/2688/1206 975/2143/975 1180/2689/1180
vt 0.319116 0.956758
f 1116/2642/1116 1080/2641/1080 1254/2690/1254
f 972/2301/972 1002/2102/1002 1147/2640/1147
vt 0.902719 0.978209
f 1138/2577/1138 1081/2436/1081 1215/2691/1215
vt 0.076349 0.511061
vt 0.079995 0.508143
f 1175/2692/1175 1172/2693/1172 1079/2555/1079
vt 0.194406 0.573813
vt 0.193950 0.574780
f 1112/2240/1112 1088/2694/1088 981/2695/981
vt 0.442959 0.355047
vt 0.445556 0.354605
f 1093/2696/1093 1188/2697/1188 1109/2590/1109
vt 0.086293 0.647567
vt 0.091970 0.646626
f 1119/2698/1119 1169/2699/1169 1068/2364/1068
vt 0.060444 0.418971
vt 0.064036 0.417887
f 1236/2700/1236 1133/2701/1133 1135/2623/1135
f 1215/2691/1215 1081/2436/1081 1121/2634/1121
vt 0.219194 0.173531
vt 0.217133 0.176487
vt 0.212650 0.175087
f 1162/2702/1162 1115/2703/1115 1148/2704/1148
vt 0.686849 0.399348
vt 0.682639 0.398709
vt 0.685058 0.394999
f 1134/2705/1134 1170/2706/1170 1111/2707/1111
vt 0.827045 0.355520
f 1107/2668/1107 1171/2708/1171 1117/2669/1117
vt 0.148384 0.204299
vt 0.145939 0.203694
vt 0.148472 0.200715
f 1174/2709/1174 1140/2710/1140 1157/2711/1157
vt 0.318940 0.960965
f 1080/2641/1080 1144/2712/1144 1254/2690/1254
vt 0.434841 0.246831
f 1160/2653/1160 1079/2558/1079 1172/2713/1172
vt 0.077763 0.627991
f 1132/2502/1132 1193/2443/1193 1179/2714/1179
vt 0.690209 0.099596
vt 0.686879 0.097929
vt 0.683752 0.094393
f 1139/2715/1139 1196/2716/1196 1121/2717/1121
f 1083/2475/1083 1110/2211/1110 1259/2624/1259
vt 0.858418 0.942850
f 1114/2500/1114 1237/2718/1237 1075/2484/1075
vt 0.716874 0.183422
f 1104/2593/1104 1118/2595/1118 1189/2719/1189
vt 0.946015 0.625893
vt 0.943430 0.626407
f 1034/2720/1034 1238/2721/1238 1066/2334/1066
vt 0.166729 0.572437
f 1122/2387/1122 1051/2388/1051 1352/2722/1352
vt 0.988217 0.390336
f 1198/2591/1198 1040/2375/1040 1186/2723/1186
vt 0.719514 0.097592
vt 0.718061 0.099603
f 1107/2576/1107 1216/2724/1216 1171/2725/1171
vt 0.164314 0.577564
f 1290/2726/1290 1352/2722/1352 1051/2388/1051
f 1170/2501/1170 1216/2660/1216 1061/2376/1061
vt 0.047637 0.592739
vt 0.045307 0.592868
f 1264/2727/1264 1088/2419/1088 1112/2728/1112
vt 0.656639 0.448796
f 1137/2633/1137 1140/2551/1140 1174/2729/1174
vt 0.095444 0.306914
vt 0.096600 0.313312
f 1157/2730/1157 1117/2524/1117 1171/2731/1171
vt 0.664439 0.498271
f 1043/2216/1043 972/2301/972 1263/2732/1263
vt 0.399939 0.790675
f 1146/2519/1146 1163/2733/1163 1156/2360/1156
vt 0.802006 0.896658
f 1200/2601/1200 1124/2665/1124 1334/2734/1334
vt 0.065990 0.978579
f 1257/2681/1257 1382/2735/1382 1152/2682/1152
vt 0.499252 0.904037
f 1098/2608/1098 1073/2392/1073 1271/2736/1271
vt 0.387176 0.933264
f 902/1893/902 1143/2148/1143 1299/2737/1299
f 1263/2732/1263 1129/2386/1129 1043/2216/1043
vt 0.187136 0.270680
vt 0.184694 0.271777
vt 0.180920 0.267358
f 1125/2738/1125 1145/2739/1145 1314/2740/1314
vt 0.290728 0.603768
f 1246/2684/1246 1009/2225/1009 1184/2741/1184
vt 0.979201 0.475358
f 1039/2521/1039 1129/2523/1129 1176/2742/1176
vt 0.700630 0.631711
f 1197/2743/1197 1219/2570/1219 1082/2572/1082
vt 0.798403 0.666907
vt 0.799315 0.670670
f 1009/2744/1009 1185/2678/1185 1184/2745/1184
vt 0.265437 0.866033
vt 0.255219 0.873530
f 1176/2746/1176 1404/2747/1404 1039/2462/1039
f 1404/2747/1404 1099/2460/1099 1039/2462/1039
f 1041/2536/1041 1008/2319/1008 1342/2674/1342
vt 0.689831 0.624063
f 1108/2405/1108 1152/2130/1152 1382/2748/1382
vt 0.174458 0.849857
f 1275/2605/1275 1178/2686/1178 1407/2749/1407
vt 0.459725 0.523162
f 1130/2227/1130 1128/2228/1128 1275/2750/1275
vt 0.456392 0.526815
f 1201/2751/1201 1130/2227/1130 1275/2750/1275
vt 0.186150 0.851395
f 1178/2686/1178 1177/2534/1177 1207/2752/1207
vt 0.264519 0.776003
f 1091/2441/1091 1144/2753/1144 1080/2496/1080
vt 0.268661 0.771510
f 1183/2754/1183 1144/2753/1144 1091/2441/1091
vt 0.985636 0.385234
f 1040/2375/1040 1130/2755/1130 1186/2723/1186
vt 0.892836 0.967502
f 1209/2635/1209 1224/2756/1224 1076/2565/1076
vt 0.888175 0.972268
f 1076/2565/1076 1224/2756/1224 1139/2757/1139
vt 0.710034 0.188981
vt 0.706322 0.188281
f 1104/2593/1104 1191/2758/1191 1158/2759/1158
vt 0.055114 0.597417
f 1059/2236/1059 1120/2517/1120 1280/2760/1280
vt 0.436142 0.244805
f 1160/2653/1160 1172/2713/1172 1211/2761/1211
f 1136/2563/1136 1210/2664/1210 1095/2505/1095
vt 0.034445 0.582066
vt 0.033323 0.583089
f 1255/2762/1255 1153/2440/1153 987/2763/987
vt 0.272312 0.266645
vt 0.275701 0.267519
vt 0.274570 0.270350
f 1188/2764/1188 1148/2765/1148 1109/2766/1109
vt 0.212631 0.176863
vt 0.213782 0.177945
f 1148/2767/1148 1115/2703/1115 1109/2768/1109
vt 0.061788 0.416751
f 1175/2769/1175 1133/2701/1133 1236/2700/1236
vt 0.212883 0.172512
f 1162/2702/1162 1148/2704/1148 1235/2770/1235
vt 0.085903 0.645085
f 1085/2771/1085 1169/2699/1169 1119/2698/1119
vt 0.893221 0.971907
f 1196/2772/1196 1139/2757/1139 1224/2756/1224
vt 0.690638 0.397698
f 1134/2705/1134 1111/2707/1111 1228/2773/1228
vt 0.088940 0.641973
f 1363/2774/1363 1169/2699/1169 1085/2771/1085
vt 0.683972 0.401926
f 1216/2775/1216 1170/2706/1170 1134/2705/1134
vt 0.849085 0.933754
f 984/2190/984 1164/2359/1164 1256/2776/1256
f 1228/2773/1228 1111/2707/1111 1123/2508/1123
vt 0.955532 0.609026
vt 0.958960 0.607302
f 1367/2777/1367 1290/2778/1290 1051/2320/1051
vt 0.943152 0.622436
f 1247/2573/1247 1066/2334/1066 1187/2779/1187
vt 0.084294 0.642215
vt 0.082074 0.636452
f 1363/2774/1363 1085/2780/1085 1223/2781/1223
f 1156/2360/1156 1163/2733/1163 1136/2563/1136
f 1230/2588/1230 1367/2777/1367 1051/2320/1051
vt 0.304439 0.417860
vt 0.303445 0.411371
f 1122/2782/1122 1415/2783/1415 1255/2543/1255
vt 0.300755 0.415381
f 1415/2783/1415 1122/2782/1122 1352/2784/1352
vt 0.651648 0.450300
f 1137/2633/1137 1174/2729/1174 1192/2785/1192
vt 0.061138 0.422842
f 1135/2623/1135 1258/2786/1258 1236/2700/1236
vt 0.900162 0.971606
vt 0.894883 0.977221
f 1196/2772/1196 1173/2787/1173 1121/2788/1121
vt 0.075699 0.507540
vt 0.077941 0.506201
f 1172/2693/1172 1175/2789/1175 1217/2790/1217
vt 0.244879 0.471533
vt 0.243824 0.466980
vt 0.247827 0.468897
f 1158/2791/1158 1258/2792/1258 1135/2793/1135
vt 0.268556 0.775409
f 1144/2753/1144 1183/2754/1183 1243/2794/1243
f 1126/2073/1126 1099/2464/1099 1296/2516/1296
f 1187/2779/1187 1066/2334/1066 1238/2721/1238
vt 0.275175 0.628221
f 1072/2514/1072 1125/2384/1125 1276/2795/1276
vt 0.817838 0.659140
f 1100/2679/1100 1232/2796/1232 1241/2680/1241
vt 0.152992 0.204185
f 1174/2709/1174 1157/2711/1157 1343/2797/1343
vt 0.179993 0.270857
f 1314/2740/1314 1145/2739/1145 1246/2798/1246
f 1339/2459/1339 902/1893/902 1299/2737/1299
vt 0.402775 0.794695
f 1248/2799/1248 1163/2733/1163 1146/2519/1146
vt 0.650987 0.388723
vt 0.656934 0.396766
f 880/2457/880 1249/2800/1249 1226/2801/1226
vt 0.019895 0.957309
f 1519/2283/1519 1454/2802/1454 1676/1795/1676
vt 0.154765 0.840526
vt 0.147505 0.841205
f 1201/2803/1201 1186/2804/1186 1130/2325/1130
vt 0.488535 0.907502
f 1271/2736/1271 1073/2392/1073 1205/2805/1205
vt 0.480761 0.911649
f 1226/2806/1226 1205/2805/1205 1073/2392/1073
f 1073/2458/1073 880/2457/880 1226/2801/1226
vt 0.434308 0.919492
f 1097/2467/1097 1011/2221/1011 1313/2807/1313
vt 0.944930 0.147981
vt 0.949426 0.148729
vt 0.947379 0.150589
f 1141/2808/1141 1154/2809/1154 1213/2810/1213
vt 0.933498 0.771755
f 1161/2468/1161 1597/2811/1597 1026/1551/1026
vt 0.910530 0.979163
f 1138/2577/1138 1215/2691/1215 1269/2812/1269
f 1084/2507/1084 1105/2622/1105 1116/2642/1116
vt 0.440696 0.352959
vt 0.439754 0.348533
vt 0.445187 0.350416
f 1160/2813/1160 1211/2814/1211 1188/2815/1188
f 1188/2815/1188 1093/2696/1093 1160/2813/1160
vt 0.099656 0.655508
f 1305/2477/1305 1068/2364/1068 1253/2816/1253
vt 0.663883 0.594480
f 1374/2817/1374 1194/2372/1194 1195/2347/1195
vt 0.678141 0.611560
vt 0.673723 0.612100
f 1149/2400/1149 993/2818/993 1323/2819/1323
vt 0.714943 0.187406
f 1214/2820/1214 1104/2593/1104 1189/2719/1189
vt 0.661980 0.588753
f 1225/2685/1225 1194/2372/1194 1167/2821/1167
f 1256/2776/1256 1114/2500/1114 984/2190/984
vt 0.659846 0.093601
vt 0.660223 0.096634
vt 0.657090 0.095808
f 1217/2822/1217 1175/2823/1175 1190/2824/1190
vt 0.197181 0.376312
vt 0.196344 0.377365
vt 0.192053 0.379807
f 1154/2825/1154 1166/2826/1166 1222/2827/1222
f 1075/2484/1075 1237/2718/1237 1259/2624/1259
vt 0.953065 0.210489
vt 0.958728 0.211203
vt 0.951722 0.213624
f 1372/2828/1372 1323/2829/1323 993/2830/993
vt 0.781624 0.242333
f 1113/2503/1113 1141/2655/1141 1250/2831/1250
f 1189/2657/1189 1113/2503/1113 1250/2831/1250
f 941/2010/941 1219/2531/1219 1257/2681/1257
f 972/2301/972 1147/2640/1147 1263/2732/1263
f 1214/2820/1214 1191/2758/1191 1104/2593/1104
vt 0.092933 0.313071
f 1157/2730/1157 1171/2731/1171 1220/2832/1220
f 1166/2645/1166 1137/2633/1137 1192/2785/1192
vt 0.393713 0.780719
f 1239/2833/1239 1210/2664/1210 1136/2563/1136
vt 0.192312 0.375831
f 1213/2834/1213 1154/2825/1154 1222/2827/1222
f 1121/2634/1121 1173/2787/1173 1215/2691/1215
vt 0.656995 0.097895
f 1175/2823/1175 1236/2835/1236 1190/2824/1190
vt 0.084093 0.505906
f 1217/2790/1217 1211/2836/1211 1172/2693/1172
vt 0.676841 0.511586
f 1147/2640/1147 1138/2476/1138 1269/2837/1269
vt 0.463786 0.909648
f 1127/1979/1127 1181/1829/1181 1293/2838/1293
vt 0.362569 0.939314
f 1203/2839/1203 1143/2148/1143 1182/2381/1182
vt 0.661338 0.492267
f 1129/2386/1129 1263/2732/1263 1270/2840/1270
vt 0.274037 0.635913
f 1231/2841/1231 1183/2672/1183 1072/2514/1072
vt 0.717071 0.406432
f 1123/2533/1123 1199/2453/1199 1300/2842/1300
vt 0.214150 0.516837
f 1096/2602/1096 1334/2843/1334 1124/2512/1124
vt 0.538618 0.241080
vt 0.535071 0.244164
vt 0.534421 0.241613
f 1300/2844/1300 1228/2845/1228 1123/2846/1123
vt 0.820841 0.913640
vt 0.824711 0.909495
f 1248/2847/1248 1200/2601/1200 1295/2848/1295
f 1146/2600/1146 1200/2601/1200 1248/2847/1248
vt 0.283081 0.614735
vt 0.290996 0.617674
f 1125/2384/1125 1314/2849/1314 1204/2850/1204
f 1299/2737/1299 1143/2148/1143 1203/2839/1203
vt 0.202019 0.520879
f 1096/2602/1096 1069/2298/1069 1274/2851/1274
f 1407/2749/1407 1178/2686/1178 1207/2752/1207
vt 0.790547 0.891177
f 1274/2852/1274 1069/2667/1069 1098/2666/1098
vt 0.201405 0.860079
f 1206/2537/1206 1229/2853/1229 1177/2534/1177
vt 0.207144 0.857119
vt 0.213383 0.855350
vt 0.216775 0.857162
f 1180/2854/1180 1101/2855/1101 1273/2856/1273
vt 0.150097 0.577063
vt 0.156853 0.576969
vt 0.152821 0.579882
f 1309/2857/1309 1367/2858/1367 1230/2859/1230
vt 0.045090 0.586701
f 1368/2860/1368 1151/2630/1151 1150/2194/1150
vt 0.884595 0.243222
vt 0.881321 0.243479
vt 0.878732 0.242301
f 1141/2861/1141 1213/2862/1213 1251/2863/1251
vt 0.050998 0.595994
f 1264/2727/1264 1202/2864/1202 1088/2419/1088
vt 0.050720 0.596712
f 1088/2419/1088 1202/2864/1202 1120/2865/1120
f 1153/2440/1153 1368/2860/1368 1150/2194/1150
vt 0.837620 0.929451
f 1256/2776/1256 1164/2359/1164 1089/2866/1089
vt 0.827372 0.358665
vt 0.829419 0.357167
f 1216/2660/1216 1220/2867/1220 1171/2868/1171
vt 0.278152 0.265249
f 1148/2765/1148 1188/2764/1188 1235/2869/1235
f 1136/2563/1136 1163/2733/1163 1239/2833/1239
vt 0.188921 0.573168
vt 0.190579 0.570663
f 1112/2240/1112 1151/2870/1151 1264/2871/1264
vt 0.151537 0.206877
vt 0.153750 0.207608
f 1174/2872/1174 1343/2797/1343 1192/2873/1192
vt 0.647415 0.449349
f 1166/2645/1166 1192/2785/1192 1222/2874/1222
vt 0.443227 0.347477
f 1188/2815/1188 1211/2814/1211 1266/2875/1266
vt 0.239340 0.470554
f 1158/2791/1158 1191/2876/1191 1258/2792/1258
vt 0.307807 0.408643
vt 0.310360 0.410748
f 1282/2877/1282 1153/2878/1153 1255/2543/1255
vt 0.060478 0.599003
f 1059/2236/1059 1280/2760/1280 1445/2879/1445
f 1237/2718/1237 1114/2500/1114 1256/2776/1256
vt 0.943753 0.615390
vt 0.941294 0.622186
vt 0.939687 0.620241
f 1247/2880/1247 1187/2881/1187 1244/2882/1244
vt 0.064824 0.605514
f 1059/2236/1059 1512/2883/1512 1212/2336/1212
vt 0.686956 0.402356
f 1134/2705/1134 1218/2884/1218 1216/2775/1216
vt 0.691276 0.399349
vt 0.694662 0.402221
f 1228/2885/1228 1234/2886/1234 1134/2705/1134
vt 0.256411 0.453483
vt 0.254648 0.456865
vt 0.251705 0.453110
f 1211/2887/1211 1217/2888/1217 1261/2889/1261
vt 0.813856 0.014194
vt 0.813249 0.015977
vt 0.810949 0.013388
f 1280/2890/1280 1120/2891/1120 1202/2892/1202
vt 0.697260 0.631601
f 1219/2570/1219 1197/2743/1197 1432/2893/1432
vt 0.984108 0.393973
f 1198/2591/1198 1186/2723/1186 1227/2894/1227
vt 0.318532 0.959289
vt 0.315124 0.958039
f 1254/2690/1254 1144/2895/1144 1243/2896/1243
vt 0.972502 0.399225
vt 0.975560 0.395855
vt 0.978290 0.398014
f 1300/2897/1300 1199/2898/1199 1400/2899/1400
f 1313/2807/1313 1011/2221/1011 1339/2459/1339
vt 0.266343 0.639291
f 1183/2672/1183 1231/2841/1231 1243/2900/1243
vt 0.239088 0.874999
f 1099/2460/1099 1404/2747/1404 1358/2901/1358
f 1276/2795/1276 1231/2841/1231 1072/2514/1072
vt 0.089604 0.308177
f 1242/2902/1242 1157/2730/1157 1220/2832/1220
vt 0.696975 0.630342
f 1257/2903/1257 1219/2570/1219 1432/2893/1432
vt 0.189490 0.369641
vt 0.194027 0.372006
vt 0.189419 0.371745
f 1250/2904/1250 1141/2905/1141 1251/2906/1251
vt 0.209615 0.861598
f 1180/2854/1180 1273/2856/1273 1364/2907/1364
vt 0.976428 0.485512
vt 0.982106 0.485707
f 1336/2908/1336 1129/2523/1129 1270/2909/1270
f 1198/2591/1198 1400/2899/1400 1199/2898/1199
f 1400/2899/1400 1198/2591/1198 1227/2894/1227
vt 0.181659 0.852356
f 1407/2749/1407 1207/2752/1207 1245/2910/1245
vt 0.762983 0.389467
vt 0.766854 0.384652
vt 0.767642 0.394528
f 1207/2911/1207 1177/2912/1177 1245/2913/1245
vt 0.305036 0.564357
vt 0.315396 0.564998
f 1162/2671/1162 1235/2914/1235 1298/2915/1298
vt 0.115168 0.207983
vt 0.118103 0.205457
vt 0.118047 0.209623
f 1211/2916/1211 1261/2917/1261 1266/2918/1266
f 1196/2772/1196 1224/2756/1224 1173/2787/1173
vt 0.055789 0.416442
vt 0.056162 0.412521
vt 0.056548 0.417896
f 1240/2919/1240 1217/2920/1217 1190/2921/1190
vt 0.271368 0.262977
f 1266/2922/1266 1235/2869/1235 1188/2764/1188
vt 0.918457 0.150087
vt 0.922955 0.151278
vt 0.920947 0.152913
f 1037/2923/1037 1179/2924/1179 1193/2925/1193
vt 0.151957 0.582892
vt 0.148865 0.580124
f 1142/2926/1142 1247/2927/1247 1230/2859/1230
vt 0.041662 0.583044
f 1368/2860/1368 1153/2440/1153 1330/2928/1330
vt 0.248144 0.462201
vt 0.243448 0.462397
f 1236/2929/1236 1258/2792/1258 1252/2930/1252
vt 0.892465 0.961813
f 1224/2756/1224 1209/2635/1209 1283/2931/1283
vt 0.378748 0.766854
vt 0.386672 0.766927
f 1210/2664/1210 1256/2932/1256 1089/2933/1089
vt 0.112997 0.836565
vt 0.108011 0.836215
vt 0.112031 0.834389
f 1218/2934/1218 1345/2935/1345 1216/2936/1216
vt 0.879146 0.951575
f 1083/2475/1083 1259/2624/1259 1260/2937/1260
vt 0.684726 0.404677
vt 0.681836 0.405890
f 1216/2775/1216 1345/2938/1345 1220/2939/1220
vt 0.668907 0.608660
f 1312/2940/1312 1149/2400/1149 1323/2819/1323
f 1195/2347/1195 1074/2401/1074 1374/2817/1374
f 1168/2421/1168 1225/2685/1225 1238/2662/1238
vt 0.958170 0.422688
vt 0.964137 0.421613
vt 0.961571 0.425815
f 1214/2941/1214 1189/2942/1189 1265/2943/1265
vt 0.952945 0.421520
vt 0.956149 0.423741
f 1191/2944/1191 1214/2941/1214 1286/2945/1286
vt 0.246973 0.459457
f 1252/2930/1252 1190/2946/1190 1236/2929/1236
f 1074/2401/1074 1149/2400/1149 1312/2940/1312
vt 0.313194 0.954669
f 1254/2690/1254 1243/2896/1243 1292/2947/1292
vt 0.688865 0.403560
f 1134/2705/1134 1234/2886/1234 1218/2948/1218
vt 0.651645 0.451776
vt 0.646886 0.451627
f 1303/2949/1303 1262/2950/1262 1192/2785/1192
vt 0.193866 0.382860
vt 0.191396 0.382257
f 1222/2827/1222 1192/2951/1192 1262/2952/1262
vt 0.594893 0.390166
vt 0.597787 0.393000
vt 0.594876 0.396075
f 1244/2953/1244 1187/2954/1187 1238/2955/1238
vt 0.190110 0.377026
f 1222/2827/1222 1251/2956/1251 1213/2834/1213
f 1176/2742/1176 1129/2523/1129 1336/2908/1336
f 1293/2838/1293 1249/2610/1249 1127/1979/1127
vt 0.945924 0.764422
f 2042/2957/2042 1159/1330/1159 1026/1551/1026
vt 0.900320 0.787462
f 1307/1661/1307 2234/2958/2234 1233/2116/1233
vt 0.238908 0.863057
f 1296/2959/1296 1099/2460/1099 1358/2901/1358
vt 0.398382 0.794486
f 1163/2733/1163 1248/2799/1248 1295/2960/1295
vt 0.978991 0.746131
vt 0.983374 0.750976
f 1745/2961/1745 1454/2962/1454 1519/2282/1519
vt 0.460748 0.527072
f 1201/2751/1201 1275/2750/1275 1340/2963/1340
f 1206/2537/1206 1180/2854/1180 1229/2853/1229
vt 0.542986 0.244472
f 1234/2964/1234 1228/2845/1228 1300/2844/1300
vt 0.138912 0.847399
vt 0.154744 0.851601
f 1315/2965/1315 1186/2804/1186 1361/2966/1361
vt 0.154524 0.843721
f 1186/2804/1186 1201/2967/1201 1361/2966/1361
vt 0.793652 0.675485
vt 0.812386 0.678381
f 1246/2968/1246 1184/2745/1184 1353/2969/1353
vt 0.214406 0.236373
vt 0.215023 0.232042
vt 0.217932 0.234598
f 1343/2970/1343 1157/2971/1157 1242/2972/1242
f 1676/1795/1676 1165/2119/1165 903/1796/903
vt 0.155382 0.207142
f 1192/2873/1192 1343/2797/1343 1303/2973/1303
f 1184/2745/1184 1185/2678/1185 1353/2969/1353
f 1233/2116/1233 1597/2811/1597 1161/2468/1161
vt 0.967078 0.425196
f 1250/2974/1250 1265/2943/1265 1189/2942/1189
vt 0.824459 0.659065
vt 0.831165 0.668272
f 1232/2796/1232 1131/2975/1131 1359/2976/1359
vt 0.309208 0.570774
f 1131/2670/1131 1162/2671/1162 1297/2977/1297
vt 0.547283 0.870403
vt 0.548460 0.876123
vt 0.543173 0.871228
f 1179/2978/1179 1498/2979/1498 1132/2980/1132
vt 0.248943 0.456013
f 1240/2981/1240 1261/2889/1261 1217/2888/1217
f 1083/2475/1083 1260/2937/1260 1209/2635/1209
vt 0.273069 0.262835
vt 0.273974 0.261925
f 1235/2869/1235 1266/2982/1266 1306/2983/1306
vt 0.088637 0.637523
f 1289/2984/1289 1363/2774/1363 1223/2781/1223
vt 0.388231 0.790656
vt 0.390878 0.794782
f 1287/2985/1287 1163/2733/1163 1319/2986/1319
vt 0.686791 0.622996
f 1291/2987/1291 1108/2405/1108 1382/2748/1382
vt 0.317269 0.948822
f 1254/2690/1254 1292/2947/1292 1316/2988/1316
vt 0.084400 0.633837
vt 0.081912 0.633098
vt 0.082586 0.631015
f 1322/2989/1322 1223/2990/1223 1498/2991/1498
f 1498/2979/1498 1223/2482/1223 1132/2980/1132
vt 0.871269 0.943788
f 1237/2718/1237 1308/2992/1308 1259/2624/1259
f 1287/2985/1287 1239/2833/1239 1163/2733/1163
vt 0.679084 0.708656
vt 0.681158 0.709110
vt 0.680193 0.709452
f 1286/2993/1286 1214/2994/1214 1265/2995/1265
vt 0.238097 0.465614
f 1191/2876/1191 1302/2996/1302 1258/2792/1258
vt 0.660135 0.504775
f 1270/2840/1270 1263/2732/1263 1301/2997/1301
vt 0.318233 0.075817
vt 0.316109 0.073615
vt 0.318050 0.073165
f 1285/2998/1285 1222/2999/1222 1262/3000/1262
vt 0.188567 0.377462
vt 0.188079 0.380038
f 1251/3001/1251 1222/2827/1222 1285/3002/1285
vt 0.189136 0.570554
f 1368/3003/1368 1264/2871/1264 1151/2870/1151
vt 0.277110 0.260082
f 1235/2869/1235 1306/2983/1306 1278/3004/1278
vt 0.266448 0.643360
vt 0.272871 0.646681
f 1292/3005/1292 1243/2900/1243 1355/3006/1355
f 1355/3006/1355 1243/2900/1243 1231/2841/1231
vt 0.667703 0.511769
f 1147/2640/1147 1269/2837/1269 1304/3007/1304
vt 0.479625 0.431358
vt 0.478498 0.444516
vt 0.476212 0.436413
f 1276/3008/1276 1267/3009/1267 1231/3010/1231
f 1445/2879/1445 1512/2883/1512 1059/2236/1059
f 1241/2680/1241 1232/2796/1232 1359/2976/1359
vt 0.654655 0.497224
vt 0.654235 0.492269
f 1270/2840/1270 1337/3011/1337 1384/3012/1384
vt 0.976830 0.492189
f 1336/2908/1336 1270/2909/1270 1384/3013/1384
vt 0.376882 0.773813
f 1256/2932/1256 1210/2664/1210 1332/3014/1332
vt 0.276266 0.882418
vt 0.263946 0.876737
f 1336/3015/1336 1357/3016/1357 1176/2746/1176
f 1297/2977/1297 1162/2671/1162 1298/2915/1298
vt 0.946919 0.610044
vt 0.941179 0.610510
f 1230/3017/1230 1247/2880/1247 1436/3018/1436
vt 0.311797 0.561088
f 1278/3019/1278 1298/2915/1298 1235/2914/1235
f 1404/2747/1404 1176/2746/1176 1357/3016/1357
vt 0.920060 0.147878
f 1433/3020/1433 1179/2924/1179 1037/2923/1037
vt 0.217797 0.236604
f 1343/2970/1343 1242/2972/1242 1272/3021/1272
vt 0.546161 0.430735
vt 0.548243 0.430113
vt 0.546734 0.436243
f 1277/3022/1277 1238/3023/1238 1225/3024/1225
vt 0.772154 0.387245
f 1177/2912/1177 1229/3025/1229 1245/2913/1245
f 1229/2853/1229 1180/2854/1180 1364/2907/1364
vt 0.167766 0.857130
f 1275/2605/1275 1407/2749/1407 1344/3026/1344
vt 0.367176 0.926322
f 1299/2737/1299 1203/2839/1203 1516/3027/1516
vt 0.344616 0.935015
f 1203/2839/1203 1182/2381/1182 1360/3028/1360
vt 0.137707 0.841131
f 1227/3029/1227 1186/2804/1186 1315/2965/1315
vt 0.864156 0.935418
f 1430/3030/1430 1237/2718/1237 1256/2776/1256
f 1194/2372/1194 1374/2817/1374 1167/2821/1167
f 1263/2732/1263 1147/2640/1147 1301/2997/1301
vt 0.382981 0.781147
f 1287/2985/1287 1288/3031/1288 1239/2833/1239
vt 0.036948 0.579953
f 1330/2928/1330 1153/2440/1153 1282/3032/1282
vt 0.049618 0.591372
vt 0.052200 0.593866
f 1451/3033/1451 1202/3034/1202 1264/2727/1264
f 1301/2997/1301 1337/3011/1337 1270/2840/1270
vt 0.075815 0.616851
f 1221/2027/1221 1281/3035/1281 1037/2447/1037
vt 0.243427 0.459626
f 1252/2930/1252 1329/3036/1329 1190/2946/1190
vt 0.243255 0.462572
f 1258/2792/1258 1302/2996/1302 1252/3037/1252
f 1283/2931/1283 1209/2635/1209 1260/2937/1260
vt 0.248772 0.451294
f 1279/3038/1279 1261/2889/1261 1240/2981/1240
vt 0.675034 0.701856
vt 0.671389 0.697262
vt 0.674373 0.697007
f 1302/3039/1302 1310/3040/1310 1252/3041/1252
vt 0.659574 0.575546
vt 0.656876 0.579995
vt 0.656468 0.575388
f 1238/3042/1238 1277/3043/1277 1348/3044/1348
vt 0.121239 0.208212
f 1266/2918/1266 1261/2917/1261 1306/3045/1306
f 1253/2816/1253 1068/2364/1068 1169/2699/1169
f 1260/2937/1260 1259/2624/1259 1308/2992/1308
vt 0.153875 0.573330
vt 0.157111 0.576812
f 1405/3046/1405 1367/3047/1367 1309/2857/1309
f 1215/2691/1215 1173/2787/1173 1269/2812/1269
vt 0.957614 0.426900
vt 0.959384 0.425923
vt 0.959395 0.428684
f 1286/3048/1286 1265/3049/1265 1326/3050/1326
vt 0.121145 0.203799
f 1306/3045/1306 1261/2917/1261 1279/3051/1279
vt 0.676280 0.613716
vt 0.672236 0.614658
vt 0.674554 0.613155
f 1372/3052/1372 1572/3053/1572 1323/3054/1323
vt 0.683533 0.621839
f 1291/2987/1291 1402/3055/1402 1108/2405/1108
vt 0.204668 0.511565
f 1274/2851/1274 1351/3056/1351 1096/2602/1096
vt 0.808601 0.897255
f 1334/2734/1334 1268/3057/1268 1200/2601/1200
vt 0.828459 0.915546
vt 0.833498 0.915975
f 1163/3058/1163 1295/2848/1295 1319/3059/1319
vt 0.450894 0.908485
f 1335/3060/1335 1293/2838/1293 1181/1829/1181
f 1335/3060/1335 1181/1829/1181 1097/2467/1097
vt 0.125567 0.839891
f 1400/3061/1400 1227/3029/1227 1315/2965/1315
f 1351/3056/1351 1334/2843/1334 1096/2602/1096
vt 0.103264 0.833735
vt 0.095764 0.837872
vt 0.096949 0.831503
f 1220/3062/1220 1272/3063/1272 1242/3064/1242
vt 0.243540 0.455412
f 1279/3038/1279 1240/2981/1240 1284/3065/1284
vt 0.654339 0.393487
vt 0.656941 0.389016
f 1226/3066/1226 1249/2800/1249 1294/3067/1294
vt 0.798289 0.681214
f 1353/2969/1353 1314/3068/1314 1246/2968/1246
vt 0.104260 0.840056
f 1345/2935/1345 1406/3069/1406 1220/3062/1220
vt 0.825538 0.679178
f 1185/2678/1185 1241/2680/1241 1421/3070/1421
vt 0.680361 0.619987
vt 0.679030 0.617402
f 1108/2405/1108 1427/3071/1427 1346/3072/1346
vt 0.792285 0.882572
f 1098/2666/1098 1381/3073/1381 1274/2852/1274
vt 0.681460 0.616488
f 1108/2405/1108 1346/3072/1346 1372/3074/1372
vt 0.427038 0.916587
f 1313/2807/1313 1339/2459/1339 1458/3075/1458
vt 0.329077 0.938685
f 1182/2381/1182 1208/2469/1208 1317/3076/1317
vt 0.184131 0.373434
vt 0.180742 0.371954
vt 0.185847 0.369791
f 1251/3077/1251 1378/3078/1378 1250/3079/1250
vt 0.673024 0.514648
f 1269/2837/1269 1328/3080/1328 1304/3007/1304
f 1116/2642/1116 1254/2690/1254 1316/2988/1316
f 1084/2507/1084 1116/2642/1116 1316/2988/1316
vt 0.215019 0.868147
f 1041/2536/1041 1342/2674/1342 1422/3081/1422
vt 0.344206 0.522415
f 1422/3082/1422 1273/2607/1273 1041/2470/1041
vt 0.183269 0.369467
f 1378/3078/1378 1265/3083/1265 1250/3079/1250
f 1208/2469/1208 1084/2507/1084 1317/3076/1317
vt 0.161181 0.850512
f 1344/3026/1344 1340/3084/1340 1275/2605/1275
vt 0.192104 0.865990
vt 0.186510 0.857555
f 1424/3085/1424 1245/3086/1245 1229/2853/1229
vt 0.592980 0.395364
f 1244/2953/1244 1238/2955/1238 1348/3087/1348
vt 0.084445 0.636391
f 1289/2984/1289 1223/3088/1223 1322/2989/1322
f 1240/2981/1240 1190/2946/1190 1284/3065/1284
vt 0.671027 0.694987
f 1329/3089/1329 1252/3041/1252 1310/3040/1310
vt 0.243442 0.458401
f 1190/2946/1190 1329/3036/1329 1320/3090/1320
vt 0.761409 0.155116
vt 0.758453 0.157612
vt 0.760286 0.152977
f 1191/3091/1191 1286/3092/1286 1331/3093/1331
vt 0.235718 0.467185
vt 0.234842 0.467709
f 1302/3094/1302 1191/2876/1191 1331/3095/1331
f 1239/2833/1239 1288/3031/1288 1210/2664/1210
f 1237/2718/1237 1430/3030/1430 1308/2992/1308
vt 0.384172 0.794015
f 1319/2986/1319 1333/3096/1333 1287/2985/1287
vt 0.544456 0.433171
vt 0.544530 0.434874
f 1277/3097/1277 1225/3024/1225 1327/3098/1327
vt 0.647971 0.454810
vt 0.649752 0.453533
f 1324/3099/1324 1262/2950/1262 1303/3100/1303
f 1304/3007/1304 1301/2997/1301 1147/2640/1147
vt 0.965440 0.430687
f 1326/3050/1326 1265/2943/1265 1378/3101/1378
vt 0.369390 0.770062
f 1332/3014/1332 1371/3102/1371 1256/2932/1256
vt 0.659128 0.601916
f 1374/2817/1374 1074/2401/1074 1386/3103/1386
vt 0.911203 0.969455
f 1269/2812/1269 1173/2787/1173 1321/3104/1321
vt 0.049275 0.590200
f 1368/2860/1368 1451/3105/1451 1264/2727/1264
vt 0.854542 0.930264
f 1430/3030/1430 1256/2776/1256 1371/3106/1371
f 1415/2783/1415 1282/2877/1282 1255/2543/1255
vt 0.563685 0.211961
vt 0.560867 0.216083
vt 0.559984 0.212764
f 1278/3107/1278 1306/3108/1306 1311/3109/1311
vt 0.320526 0.074914
vt 0.322277 0.076725
f 1285/2998/1285 1262/3110/1262 1324/3111/1324
vt 0.185433 0.379797
vt 0.185393 0.377744
vt 0.187790 0.380016
f 1350/3112/1350 1251/3113/1251 1285/3114/1285
vt 0.117882 0.840467
vt 0.122959 0.837844
f 1234/3115/1234 1300/3116/1300 1400/3061/1400
vt 0.545019 0.249045
vt 0.541161 0.248789
f 1234/2964/1234 1345/3117/1345 1218/3118/1218
vt 0.832860 0.661327
f 1131/2975/1131 1297/3119/1297 1359/2976/1359
f 1220/3062/1220 1406/3069/1406 1272/3063/1272
f 1201/2967/1201 1340/3084/1340 1361/2966/1361
vt 0.969462 0.750288
f 1159/1330/1159 1681/3120/1681 1519/2282/1519
vt 0.409812 0.913582
f 1339/2459/1339 1299/2737/1299 1401/3121/1401
vt 0.388569 0.923274
f 1403/3122/1403 1401/3121/1401 1299/2737/1299
f 1360/3028/1360 1182/2381/1182 1317/3076/1317
vt 0.056988 0.963228
f 1951/3123/1951 1197/2659/1197 1155/2650/1155
vt 0.921115 0.772759
f 1597/2811/1597 1233/2116/1233 2241/3124/2241
vt 0.757650 0.154755
vt 0.755873 0.157632
f 1325/3125/1325 1286/3092/1286 1326/3126/1326
vt 0.900302 0.799101
f 1456/3127/1456 2234/2958/2234 1307/1661/1307
vt 0.239662 0.458309
f 1320/3128/1320 1284/3065/1284 1190/2946/1190
vt 0.670002 0.697956
f 1302/3039/1302 1320/3129/1320 1310/3040/1310
f 1332/3014/1332 1210/2664/1210 1288/3031/1288
vt 0.553660 0.876510
f 1573/3130/1573 1498/2979/1498 1179/2978/1179
vt 0.093926 0.643901
f 1169/2699/1169 1363/2774/1363 1439/3131/1439
vt 0.009823 0.066361
vt 0.013358 0.067749
vt 0.013550 0.069565
f 1279/3132/1279 1373/3133/1373 1306/3134/1306
vt 0.070598 0.609813
f 1212/2336/1212 1412/3135/1412 1221/2027/1221
vt 0.561391 0.210624
f 1311/3109/1311 1385/3136/1385 1278/3107/1278
vt 0.654934 0.504236
f 1349/3137/1349 1337/3011/1337 1301/2997/1301
vt 0.316248 0.560385
f 1298/2915/1298 1278/3019/1278 1385/3138/1385
vt 0.130499 0.240506
vt 0.127898 0.239944
vt 0.129877 0.237082
f 1368/3139/1368 1330/3140/1330 1466/3141/1466
vt 0.669340 0.695649
f 1310/3040/1310 1320/3142/1320 1329/3089/1329
vt 0.893749 0.954259
f 1283/2931/1283 1260/2937/1260 1413/3143/1413
vt 0.546336 0.442322
vt 0.544480 0.437573
vt 0.545740 0.438412
f 1167/3144/1167 1327/3145/1327 1225/3146/1225
vt 0.902962 0.962084
f 1173/2787/1173 1224/2756/1224 1426/3147/1426
vt 0.541833 0.442690
f 1167/3144/1167 1318/3148/1318 1327/3145/1327
f 1287/2985/1287 1333/3096/1333 1288/3031/1288
f 1331/3093/1331 1286/3092/1286 1325/3125/1325
vt 0.758201 0.153767
f 1331/3093/1331 1325/3125/1325 1395/3149/1395
vt 0.915426 0.975768
f 1269/2812/1269 1321/3104/1321 1328/3150/1328
vt 0.661204 0.515417
f 1301/2997/1301 1304/3007/1304 1387/3151/1387
vt 0.056507 0.594434
vt 0.053531 0.595930
f 1202/3034/1202 1483/3152/1483 1280/3153/1280
vt 0.320115 0.077398
f 1350/3154/1350 1285/2998/1285 1324/3111/1324
vt 0.673486 0.703952
vt 0.666849 0.700252
f 1331/3155/1331 1347/3156/1347 1302/3039/1302
f 1320/3129/1320 1302/3039/1302 1347/3156/1347
vt 0.374208 0.253653
vt 0.373115 0.257293
vt 0.368742 0.252787
f 1311/3157/1311 1306/3158/1306 1373/3159/1373
vt 0.374019 0.251308
f 1396/3160/1396 1311/3157/1311 1373/3159/1373
vt 0.872509 0.243061
vt 0.871507 0.239529
f 1251/2863/1251 1350/3161/1350 1460/3162/1460
vt 0.240148 0.450975
f 1392/3163/1392 1279/3038/1279 1284/3065/1284
vt 0.827841 0.895565
f 1200/2601/1200 1268/3057/1268 1379/3164/1379
vt 0.086468 0.835030
vt 0.090438 0.832288
f 1366/3165/1366 1343/3166/1343 1272/3063/1272
f 1185/2678/1185 1421/3070/1421 1353/2969/1353
vt 0.538932 0.352451
vt 0.542944 0.350252
vt 0.543970 0.355128
f 1345/3167/1345 1234/3168/1234 1444/3169/1444
vt 0.838279 0.910057
f 1356/3170/1356 1319/3059/1319 1295/2848/1295
vt 0.944416 0.183240
vt 0.938499 0.182136
vt 0.945561 0.176688
f 1205/3171/1205 1226/3172/1226 1398/3173/1398
vt 0.227970 0.877082
f 1380/3174/1380 1296/2676/1296 1358/2901/1358
vt 0.439093 0.910242
f 1409/3175/1409 1313/2807/1313 1458/3075/1458
f 1295/2848/1295 1200/2601/1200 1379/3164/1379
vt 0.477229 0.905875
vt 0.483054 0.900603
f 1226/2806/1226 1294/3176/1294 1398/3177/1398
f 1342/2674/1342 1296/2676/1296 1380/3174/1380
vt 0.837177 0.916806
f 1319/3059/1319 1356/3170/1356 1333/3178/1333
vt 0.313479 0.946445
f 1316/2988/1316 1292/2947/1292 1338/3179/1338
vt 0.485455 0.438396
f 1267/3009/1267 1276/3008/1276 1341/3180/1341
vt 0.483081 0.430694
f 1276/3008/1276 1125/3181/1125 1341/3180/1341
vt 0.119727 0.118688
vt 0.123426 0.119959
vt 0.114813 0.121177
f 1366/3182/1366 1324/3183/1324 1343/3184/1343
vt 0.118089 0.122739
f 1343/3184/1343 1324/3183/1324 1303/3185/1303
f 1422/3081/1422 1342/2674/1342 1380/3174/1380
vt 0.287332 0.627940
f 1125/2384/1125 1204/2850/1204 1341/3186/1341
vt 0.336117 0.521151
f 1364/3187/1364 1273/2607/1273 1422/3082/1422
vt 0.803971 0.687046
vt 0.797461 0.686408
f 1314/3068/1314 1477/3188/1477 1204/3189/1204
vt 0.276520 0.637598
f 1355/3006/1355 1231/2841/1231 1267/3190/1267
f 1317/3076/1317 1084/2507/1084 1316/2988/1316
vt 0.162764 0.858116
f 1340/3084/1340 1344/3026/1344 1446/3191/1446
vt 0.054219 0.589982
f 1410/3192/1410 1202/3034/1202 1451/3033/1451
vt 0.672029 0.709666
vt 0.677022 0.711453
vt 0.674165 0.712927
f 1370/3193/1370 1326/3194/1326 1416/3195/1416
vt 0.674269 0.708784
f 1325/3196/1325 1326/3194/1326 1370/3193/1370
vt 0.947288 0.606404
f 1436/3018/1436 1309/3197/1309 1230/3017/1230
vt 0.683444 0.621847
f 1402/3198/1402 1427/3071/1427 1108/2405/1108
vt 0.305524 0.405167
f 1415/2783/1415 1485/3199/1485 1282/2877/1282
vt 0.158148 0.571282
vt 0.160924 0.575109
f 1367/3047/1367 1405/3200/1405 1290/3201/1290
vt 0.646677 0.503462
f 1484/3202/1484 1337/3011/1337 1349/3137/1349
vt 0.933923 0.625056
vt 0.931439 0.620094
vt 0.936539 0.619645
f 1348/3203/1348 1505/3204/1505 1244/3205/1244
vt 0.868782 0.240394
f 1460/3162/1460 1350/3161/1350 1375/3206/1375
vt 0.958489 0.432786
f 1326/3050/1326 1378/3101/1378 1416/3207/1416
vt 0.375841 0.783734
f 1288/3031/1288 1333/3096/1333 1391/3208/1391
vt 0.168311 0.567257
vt 0.170259 0.572306
f 1471/3209/1471 1415/3210/1415 1352/2722/1352
vt 0.956873 0.209302
vt 0.956392 0.210026
f 1383/3211/1383 1572/3212/1572 1372/2828/1372
f 1221/2027/1221 1412/3135/1412 1281/3035/1281
vt 0.932385 0.612650
f 1608/3213/1608 1247/2880/1247 1244/3205/1244
vt 0.162494 0.566633
f 1491/3214/1491 1352/2722/1352 1290/3201/1290
vt 0.237777 0.455184
f 1392/3163/1392 1284/3065/1284 1417/3215/1417
vt 0.239574 0.457130
f 1417/3216/1417 1284/3065/1284 1320/3128/1320
vt 0.667812 0.696436
vt 0.664226 0.695489
f 1320/3217/1320 1347/3156/1347 1417/3218/1417
f 1283/2931/1283 1426/3147/1426 1224/2756/1224
vt 0.987873 0.310463
vt 0.985962 0.315247
vt 0.986250 0.309292
f 1279/3219/1279 1392/3220/1392 1373/3221/1373
vt 0.867744 0.243724
f 1350/3161/1350 1324/3222/1324 1375/3206/1375
vt 0.380589 0.797032
vt 0.374128 0.792668
f 1397/3223/1397 1414/3224/1414 1333/3096/1333
vt 0.844186 0.915353
f 1333/3178/1333 1356/3170/1356 1397/3225/1397
vt 0.657249 0.583411
vt 0.648851 0.587923
f 1277/3043/1277 1327/3226/1327 1555/3227/1555
vt 0.973028 0.435423
vt 0.971616 0.432810
f 1460/3228/1460 1378/3101/1378 1251/3229/1251
vt 0.109738 0.841676
f 1444/3230/1444 1406/3069/1406 1345/2935/1345
vt 0.796990 0.887024
f 1274/2852/1274 1381/3073/1381 1351/3231/1351
vt 0.648951 0.495632
f 1337/3011/1337 1484/3202/1484 1354/3232/1354
f 1097/2467/1097 1313/2807/1313 1409/3175/1409
f 1337/3011/1337 1354/3232/1354 1384/3012/1384
vt 0.086782 0.633115
f 1488/3233/1488 1289/2984/1289 1322/2989/1322
vt 0.475145 0.904525
f 1294/3176/1294 1249/2610/1249 1443/3234/1443
vt 0.835553 0.659503
vt 0.839017 0.664352
f 1297/3119/1297 1298/3235/1298 1478/3236/1478
vt 0.651427 0.576171
f 1348/3044/1348 1277/3043/1277 1450/3237/1450
vt 0.756414 0.398314
vt 0.767218 0.401324
f 1407/3238/1407 1245/2913/1245 1362/3239/1362
vt 0.311753 0.948776
f 1292/2947/1292 1365/3240/1365 1338/3179/1338
vt 0.655260 0.589759
f 1555/3227/1555 1327/3226/1327 1318/3241/1318
vt 0.269499 0.649051
f 1365/3242/1365 1292/3005/1292 1355/3006/1355
f 1458/3075/1458 1339/2459/1339 1401/3121/1401
f 1403/3122/1403 1299/2737/1299 1516/3027/1516
vt 0.962996 0.340828
vt 0.968635 0.344499
vt 0.958344 0.344806
f 1340/3243/1340 1446/3244/1446 1361/3245/1361
f 1353/2969/1353 1477/3188/1477 1314/3068/1314
vt 0.510898 0.042584
vt 0.512894 0.038958
vt 0.512666 0.043696
f 1370/3246/1370 1395/3247/1395 1325/3248/1325
f 1505/3204/1505 1608/3213/1608 1244/3205/1244
vt 0.983624 0.311517
f 1373/3221/1373 1392/3220/1392 1377/3249/1377
vt 0.552247 0.868757
f 1433/3250/1433 1573/3130/1573 1179/2978/1179
vt 0.374039 0.253454
vt 0.378090 0.250978
f 1311/3251/1311 1396/3160/1396 1369/3252/1369
f 1288/3031/1288 1391/3208/1391 1332/3014/1332
f 1491/3214/1491 1290/3201/1290 1405/3200/1405
vt 0.816703 0.068054
vt 0.810309 0.066409
vt 0.815040 0.064169
f 1385/3253/1385 1311/3254/1311 1369/3255/1369
vt 0.864454 0.241980
f 1324/3222/1324 1399/3256/1399 1375/3206/1375
f 1247/2880/1247 1608/3213/1608 1436/3018/1436
vt 0.661956 0.606443
f 1646/3257/1646 1386/3103/1386 1074/2401/1074
vt 0.371464 0.779665
f 1371/3102/1371 1332/3014/1332 1452/3258/1452
vt 0.364627 0.773400
f 1411/3259/1411 1371/3102/1371 1452/3258/1452
vt 0.889601 0.940895
f 1260/2937/1260 1308/2992/1308 1470/3260/1470
f 1414/3224/1414 1391/3208/1391 1333/3096/1333
vt 0.059046 0.595282
f 1483/3261/1483 1445/2879/1445 1280/2760/1280
vt 0.041574 0.582397
vt 0.043755 0.578344
f 1330/3262/1330 1282/3032/1282 1553/3263/1553
f 1452/3258/1452 1332/3014/1332 1391/3208/1391
vt 0.668299 0.705696
f 1395/3264/1395 1347/3156/1347 1331/3155/1331
vt 0.040577 0.576596
f 1553/3263/1553 1282/3032/1282 1485/3265/1485
f 1413/3143/1413 1426/3147/1426 1283/2931/1283
vt 0.300943 0.406198
f 1415/2783/1415 1471/3266/1471 1485/3199/1485
vt 0.864157 0.243412
f 1366/3267/1366 1399/3256/1399 1324/3222/1324
vt 0.368386 0.250165
vt 0.371802 0.249425
f 1396/3160/1396 1377/3268/1377 1390/3269/1390
f 1373/3159/1373 1377/3268/1377 1396/3160/1396
vt 0.473889 0.901646
f 1293/2838/1293 1443/3270/1443 1249/2610/1249
vt 0.423901 0.907370
f 1458/3075/1458 1401/3121/1401 1463/3271/1463
vt 0.210585 0.507362
f 1351/3056/1351 1482/3272/1482 1334/2843/1334
vt 0.926267 0.977984
vt 0.918995 0.980941
vt 0.924188 0.970698
f 1387/3273/1387 1304/3274/1304 1472/3275/1472
vt 0.810029 0.889971
f 1268/3057/1268 1334/2734/1334 1482/3276/1482
vt 0.455980 0.902572
f 1441/3277/1441 1293/2838/1293 1335/3060/1335
vt 0.497449 0.891791
f 1098/2608/1098 1271/2736/1271 1532/3278/1532
vt 0.655333 0.510913
f 1301/2997/1301 1387/3151/1387 1376/3279/1376
vt 0.121208 0.849318
f 1400/3061/1400 1315/2965/1315 1419/3280/1419
vt 0.490637 0.903168
f 1271/2736/1271 1205/3281/1205 1532/3278/1532
vt 0.677899 0.616350
vt 0.674845 0.616276
vt 0.678087 0.615249
f 1346/3282/1346 1383/3283/1383 1372/3284/1372
vt 0.073693 0.613237
f 1281/3035/1281 1412/3135/1412 1486/3285/1486
vt 0.976464 0.498395
vt 0.973950 0.497419
f 1384/3013/1384 1354/3286/1354 1423/3287/1423
vt 0.280306 0.883818
vt 0.281666 0.888353
f 1336/3015/1336 1384/3288/1384 1423/3289/1423
vt 0.113056 0.844048
f 1400/3061/1400 1444/3290/1444 1234/3115/1234
vt 0.178477 0.861437
f 1245/3086/1245 1424/3085/1424 1362/3291/1362
f 1304/3274/1304 1328/3150/1328 1472/3275/1472
vt 0.244242 0.174395
vt 0.243219 0.171069
vt 0.246887 0.173191
f 1385/3292/1385 1369/3293/1369 1408/3294/1408
vt 0.136219 0.857733
f 1315/2965/1315 1361/2966/1361 1440/3295/1440
f 1478/3236/1478 1359/2976/1359 1297/3119/1297
vt 0.965281 0.436574
f 1388/3296/1388 1378/3101/1378 1460/3228/1460
vt 0.323746 0.560706
f 1385/3138/1385 1408/3297/1408 1298/2915/1298
vt 0.088032 0.840818
f 1366/3165/1366 1272/3063/1272 1429/3298/1429
vt 0.209054 0.868500
f 1229/2853/1229 1364/2907/1364 1422/3299/1422
vt 0.880022 0.937770
f 1504/3300/1504 1470/3260/1470 1308/2992/1308
f 1426/3147/1426 1321/3104/1321 1173/2787/1173
vt 0.654613 0.509072
f 1376/3301/1376 1349/3137/1349 1301/2997/1301
vt 0.658361 0.596097
f 1167/2821/1167 1374/2817/1374 1389/3302/1389
f 1352/2722/1352 1491/3214/1491 1471/3209/1471
f 1512/2883/1512 1412/3135/1412 1212/2336/1212
f 1416/3207/1416 1378/3101/1378 1388/3296/1388
vt 0.376495 0.250027
f 1369/3252/1369 1396/3160/1396 1393/3303/1393
vt 0.033330 0.954976
f 1676/1795/1676 1521/3304/1521 1165/2119/1165
f 1308/2992/1308 1430/3030/1430 1504/3300/1504
vt 0.039072 0.960457
f 1521/3304/1521 1947/3305/1947 1165/2119/1165
vt 0.910795 0.777495
f 2241/3124/2241 1233/2116/1233 1842/3306/1842
vt 0.094631 0.660881
f 1253/2816/1253 1456/3307/1456 1305/2477/1305
f 1597/2811/1597 2042/2957/2042 1026/1551/1026
f 2234/2958/2234 1842/3306/1842 1233/2116/1233
vt 0.664981 0.704007
f 1395/3264/1395 1435/3308/1435 1347/3156/1347
vt 0.666374 0.709065
vt 0.670907 0.713053
f 1394/3309/1394 1370/3193/1370 1416/3310/1416
f 1394/3309/1394 1395/3264/1395 1370/3193/1370
vt 0.062120 0.973633
f 1432/3311/1432 1197/2659/1197 1951/3123/1951
vt 0.958023 0.206469
vt 0.956853 0.207943
vt 0.955302 0.207161
f 1612/3312/1612 1383/3313/1383 1346/3314/1346
vt 0.394621 0.911051
f 1403/3122/1403 1601/3315/1601 1401/3121/1401
vt 0.843817 0.910368
f 1356/3170/1356 1495/3316/1495 1397/3225/1397
vt 0.312603 0.934280
f 1317/3076/1317 1316/2988/1316 1425/3317/1425
vt 0.556511 0.871495
f 1655/3318/1655 1573/3130/1573 1433/3250/1433
f 1328/3150/1328 1321/3104/1321 1472/3275/1472
vt 0.670770 0.983092
vt 0.668550 0.987476
vt 0.661552 0.978193
f 1338/3319/1338 1365/3320/1365 1616/3321/1616
vt 0.474791 0.449973
vt 0.481352 0.450661
f 1355/3322/1355 1267/3009/1267 1447/3323/1447
f 1379/3164/1379 1268/3057/1268 1482/3276/1482
vt 0.644770 0.512857
f 1484/3202/1484 1349/3137/1349 1420/3324/1420
vt 0.798228 0.885496
f 1351/3231/1351 1381/3073/1381 1476/3325/1476
vt 0.976576 0.436076
vt 0.975865 0.442601
f 1460/3228/1460 1375/3326/1375 1428/3327/1428
vt 0.980755 0.438777
f 1428/3327/1428 1375/3326/1375 1399/3328/1399
f 1646/3257/1646 1074/2401/1074 1312/2940/1312
vt 0.892544 0.269207
vt 0.893575 0.274237
vt 0.888926 0.272537
f 1398/3329/1398 1294/3330/1294 1443/3331/1443
f 1241/2680/1241 1359/2976/1359 1421/3070/1421
f 1532/3278/1532 1205/3281/1205 1398/3177/1398
vt 0.069168 0.971656
vt 0.070513 0.976109
f 1257/2681/1257 1593/3332/1593 1382/3333/1382
vt 0.325203 0.563938
f 1298/2915/1298 1408/3297/1408 1530/3334/1530
vt 0.072639 0.974238
f 1382/3333/1382 1593/3332/1593 1434/3335/1434
vt 0.204513 0.871497
f 1448/3336/1448 1229/2853/1229 1422/3299/1422
vt 0.686644 0.623700
vt 0.684878 0.625844
vt 0.685158 0.623193
f 1291/3337/1291 1434/3338/1434 1402/3339/1402
vt 0.687096 0.626232
f 1382/3340/1382 1434/3338/1434 1291/3337/1291
f 1391/3208/1391 1414/3224/1414 1452/3258/1452
vt 0.929066 0.624516
f 1505/3204/1505 1348/3203/1348 1450/3341/1450
vt 0.228916 0.459560
vt 0.233371 0.459805
f 1435/3342/1435 1417/3215/1417 1347/3343/1347
vt 0.980493 0.305247
vt 0.979402 0.307594
vt 0.979421 0.303728
f 1396/3344/1396 1390/3345/1390 1393/3346/1393
vt 0.665312 0.612952
f 1323/2819/1323 1779/3347/1779 1312/2940/1312
vt 0.862331 0.928430
f 1371/3106/1371 1411/3348/1411 1430/3030/1430
vt 0.080557 0.620990
f 1281/3035/1281 1433/3349/1433 1037/2447/1037
vt 0.231794 0.453878
vt 0.234247 0.449963
f 1468/3350/1468 1473/3351/1473 1417/3215/1417
f 1392/3163/1392 1417/3215/1417 1473/3351/1473
f 1389/3302/1389 1374/2817/1374 1386/3103/1386
vt 0.359066 0.777056
f 1411/3259/1411 1452/3258/1452 1474/3352/1474
vt 0.466436 0.890929
f 1583/3353/1583 1443/3270/1443 1293/2838/1293
vt 0.369623 0.795004
vt 0.373631 0.795144
f 1462/3354/1462 1414/3224/1414 1397/3355/1397
vt 0.982220 0.314392
vt 0.981551 0.312999
f 1392/3220/1392 1438/3356/1438 1418/3357/1418
f 1418/3357/1418 1377/3249/1377 1392/3220/1392
vt 0.092248 0.640625
f 1439/3358/1439 1363/2774/1363 1289/2984/1289
vt 0.141626 0.387304
vt 0.141254 0.383293
vt 0.151076 0.385394
f 1349/3359/1349 1376/3360/1376 1420/3361/1420
vt 0.116858 0.846600
f 1419/3280/1419 1444/3362/1444 1400/3061/1400
vt 0.284243 0.640037
vt 0.282492 0.631403
f 1447/3363/1447 1267/3364/1267 1341/3186/1341
vt 0.844607 0.672956
f 1359/2976/1359 1478/3236/1478 1584/3365/1584
vt 0.874156 0.439756
vt 0.880973 0.441407
vt 0.879548 0.451305
f 1457/3366/1457 1409/3367/1409 1458/3368/1458
vt 0.320568 0.569194
f 1530/3334/1530 1478/3369/1478 1298/2915/1298
vt 0.543565 0.361442
vt 0.539009 0.357312
f 1511/3370/1511 1406/3371/1406 1444/3169/1444
vt 0.798928 0.696833
f 1204/3189/1204 1477/3188/1477 1501/3372/1501
vt 0.759923 0.406045
f 1407/3238/1407 1362/3239/1362 1344/3373/1344
vt 0.210526 0.876159
f 1422/3081/1422 1380/3174/1380 1448/3374/1448
vt 0.559669 0.860616
vt 0.558635 0.856214
vt 0.561229 0.858006
f 1486/3375/1486 1412/3376/1412 1664/3377/1664
vt 0.607741 0.481303
vt 0.605620 0.487074
vt 0.604653 0.481108
f 1366/3378/1366 1429/3379/1429 1399/3380/1399
vt 0.666177 0.712968
f 1394/3309/1394 1416/3310/1416 1467/3381/1467
f 1424/3085/1424 1229/2853/1229 1448/3336/1448
vt 0.384502 0.919438
f 1403/3122/1403 1516/3027/1516 1601/3382/1601
vt 0.664966 0.987188
f 1616/3321/1616 1365/3320/1365 1355/3383/1355
vt 0.979411 0.504960
vt 0.977037 0.507995
f 1354/3286/1354 1484/3384/1484 1459/3385/1459
vt 0.093409 0.213353
vt 0.094609 0.214737
vt 0.091513 0.214703
f 1392/3386/1392 1473/3387/1473 1438/3388/1438
f 1413/3143/1413 1260/2937/1260 1470/3260/1470
vt 0.664514 0.705182
f 1453/3389/1453 1435/3308/1435 1395/3264/1395
vt 0.542449 0.448883
f 1318/3148/1318 1167/3144/1167 1389/3390/1389
vt 0.366792 0.792149
f 1414/3224/1414 1480/3391/1480 1452/3258/1452
vt 0.982813 0.309291
vt 0.978392 0.312253
f 1377/3392/1377 1418/3393/1418 1390/3345/1390
vt 0.961157 0.436670
f 1416/3207/1416 1388/3296/1388 1431/3394/1431
f 1555/3227/1555 1450/3237/1450 1277/3043/1277
vt 0.547870 0.879797
vt 0.547156 0.877660
f 1498/2979/1498 1488/3395/1488 1322/3396/1322
f 1202/3034/1202 1410/3192/1410 1483/3152/1483
vt 0.973126 0.306128
f 1393/3346/1393 1390/3345/1390 1469/3397/1469
vt 0.973156 0.303196
f 1503/3398/1503 1393/3346/1393 1469/3397/1469
vt 0.240850 0.169269
vt 0.242286 0.167931
f 1369/3293/1369 1393/3399/1393 1503/3400/1503
vt 0.048204 0.583482
vt 0.052929 0.586145
f 1466/3401/1466 1487/3402/1487 1451/3105/1451
f 1451/3105/1451 1368/2860/1368 1466/3401/1466
vt 0.358230 0.786990
f 1452/3258/1452 1480/3391/1480 1437/3403/1437
vt 0.874101 0.930654
f 1504/3300/1504 1430/3030/1430 1455/3404/1455
vt 0.061410 0.594989
f 1483/3261/1483 1539/3405/1539 1445/2879/1445
vt 0.669260 0.714636
vt 0.668734 0.716795
f 1467/3406/1467 1416/3310/1416 1431/3407/1431
f 1468/3350/1468 1417/3215/1417 1435/3342/1435
f 1419/3280/1419 1315/2965/1315 1440/3295/1440
vt 0.851802 0.910956
f 1495/3316/1495 1527/3408/1527 1397/3225/1397
vt 0.909497 0.949125
f 1426/3147/1426 1413/3143/1413 1574/3409/1574
vt 0.848603 0.661552
vt 0.852740 0.659717
vt 0.855126 0.661480
f 1408/3410/1408 1369/3411/1369 1503/3412/1503
vt 0.858560 0.917034
f 1462/3413/1462 1397/3225/1397 1527/3408/1527
vt 0.441831 0.905149
f 1097/2467/1097 1409/3175/1409 1449/3414/1449
vt 0.877311 0.435428
f 1457/3366/1457 1449/3415/1449 1409/3367/1409
f 1462/3354/1462 1480/3391/1480 1414/3224/1414
vt 0.261611 0.896294
f 1404/2747/1404 1357/3016/1357 1543/3416/1543
vt 0.201393 0.510673
vt 0.202847 0.506489
f 1351/3056/1351 1476/3417/1476 1442/3418/1442
vt 0.654932 0.520252
f 1376/3279/1376 1387/3151/1387 1490/3419/1490
vt 0.763704 0.407274
f 1461/3420/1461 1344/3373/1344 1362/3239/1362
f 1593/3332/1593 1257/2681/1257 1432/3311/1432
f 1356/3170/1356 1295/2848/1295 1379/3164/1379
vt 0.161929 0.863382
f 1446/3191/1446 1344/3026/1344 1461/3421/1461
vt 0.505622 0.893362
f 1532/3278/1532 1381/3422/1381 1098/2608/1098
vt 0.103857 0.846346
f 1272/3063/1272 1406/3069/1406 1511/3423/1511
vt 0.126407 0.237599
f 1553/3424/1553 1466/3141/1466 1330/3140/1330
f 1316/2988/1316 1338/3179/1338 1425/3317/1425
f 1441/3277/1441 1583/3353/1583 1293/2838/1293
vt 0.278056 0.652811
vt 0.277282 0.647072
f 1464/3425/1464 1355/3006/1355 1447/3426/1447
vt 0.681802 0.622079
vt 0.680304 0.623500
f 1427/3427/1427 1402/3198/1402 1568/3428/1568
f 1203/2839/1203 1360/3028/1360 1516/3027/1516
f 1474/3352/1474 1452/3258/1452 1437/3403/1437
vt 0.900696 0.948963
f 1574/3409/1574 1413/3143/1413 1465/3429/1465
vt 0.676405 0.619061
f 1427/3071/1427 1571/3430/1571 1346/3072/1346
vt 0.662062 0.705687
vt 0.664896 0.707082
f 1453/3431/1453 1395/3432/1395 1394/3309/1394
vt 0.866604 0.929408
vt 0.868272 0.928793
f 1411/3433/1411 1474/3434/1474 1430/3030/1430
vt 0.933423 0.974551
vt 0.927905 0.977139
f 1490/3435/1490 1387/3436/1387 1472/3275/1472
vt 0.070657 0.603889
f 1412/3135/1412 1512/2883/1512 1489/3437/1489
f 1442/3418/1442 1482/3272/1482 1351/3056/1351
vt 0.665163 0.975419
f 1425/3438/1425 1338/3319/1338 1616/3321/1616
vt 0.443081 0.903675
f 1335/3060/1335 1097/2467/1097 1449/3439/1449
vt 0.452426 0.442192
vt 0.445143 0.438395
vt 0.451770 0.434522
f 1419/3440/1419 1502/3441/1502 1444/3442/1444
vt 0.108717 0.847743
vt 0.111322 0.844790
vt 0.113090 0.851167
f 1511/3443/1511 1444/3444/1444 1502/3445/1502
vt 0.649129 0.517877
f 1549/3446/1549 1376/3279/1376 1490/3419/1490
f 1336/3015/1336 1543/3416/1543 1357/3016/1357
vt 0.854890 0.670060
f 1591/3447/1591 1408/3410/1408 1503/3412/1503
vt 0.936825 0.605337
f 1608/3213/1608 1535/3448/1535 1436/3018/1436
vt 0.595589 0.486285
f 1399/3380/1399 1429/3379/1429 1546/3449/1546
vt 0.284805 0.890484
vt 0.283844 0.896064
f 1423/3289/1423 1354/3450/1354 1548/3451/1548
vt 0.147257 0.377984
f 1376/3360/1376 1549/3452/1549 1420/3361/1420
vt 0.482611 0.892708
f 1532/3278/1532 1398/3177/1398 1581/3453/1581
vt 0.481722 0.897741
f 1581/3453/1581 1398/3177/1398 1443/3454/1443
f 1581/3453/1581 1443/3270/1443 1583/3353/1583
vt 0.847586 0.665572
f 1530/3455/1530 1408/3410/1408 1591/3447/1591
vt 0.455484 0.895082
f 1583/3353/1583 1441/3277/1441 1496/3456/1496
vt 0.953244 0.603133
vt 0.944650 0.601993
f 1405/3457/1405 1309/3197/1309 1621/3458/1621
vt 0.375284 0.914184
f 1516/3027/1516 1563/3459/1563 1601/3382/1601
f 1572/3053/1572 1779/3347/1779 1323/2819/1323
vt 0.326284 0.928175
f 1360/3028/1360 1317/3076/1317 1587/3460/1587
vt 0.346619 0.920951
f 1516/3027/1516 1360/3028/1360 1517/3461/1517
vt 0.970435 0.353327
f 1446/3244/1446 1529/3462/1529 1361/3245/1361
vt 0.164091 0.873216
f 1461/3421/1461 1362/3291/1362 1499/3463/1499
vt 0.660039 0.981330
f 1355/3383/1355 1464/3464/1464 1616/3321/1616
f 1474/3434/1474 1455/3404/1455 1430/3030/1430
vt 0.225596 0.459474
vt 0.227044 0.455770
f 1435/3342/1435 1453/3465/1453 1492/3466/1492
f 1436/3018/1436 1621/3458/1621 1309/3197/1309
f 1435/3342/1435 1492/3466/1492 1468/3350/1468
f 1413/3143/1413 1470/3260/1470 1465/3429/1465
vt 0.973765 0.091691
vt 0.970878 0.094015
vt 0.969758 0.092415
f 1467/3467/1467 1431/3468/1431 1494/3469/1494
vt 0.670031 0.720108
vt 0.664953 0.720790
vt 0.668813 0.717967
f 1388/3470/1388 1509/3471/1509 1431/3472/1431
vt 0.665550 0.716630
f 1509/3471/1509 1494/3473/1494 1431/3472/1431
vt 0.104843 0.658786
vt 0.100331 0.663221
f 1253/2816/1253 1682/3474/1682 1522/3475/1522
vt 0.975429 0.310876
f 1390/3345/1390 1538/3476/1538 1469/3397/1469
f 1390/3345/1390 1418/3393/1418 1538/3476/1538
f 1253/2816/1253 1522/3475/1522 1456/3307/1456
vt 0.661287 0.709481
f 1453/3431/1453 1394/3309/1394 1493/3477/1493
vt 0.539716 0.892270
vt 0.543982 0.894806
vt 0.537244 0.896169
f 1169/3478/1169 1665/3479/1665 1253/3480/1253
f 1594/1731/1594 1951/3123/1951 1155/2650/1155
vt 0.046593 0.958131
f 1165/2119/1165 1947/3481/1947 1594/1731/1594
vt 0.226493 0.449874
f 1473/3351/1473 1468/3350/1468 1534/3482/1534
vt 0.353274 0.774385
vt 0.348861 0.780917
f 1455/3483/1455 1474/3352/1474 1596/3484/1596
vt 0.087882 0.280722
vt 0.087462 0.277005
vt 0.090105 0.277942
f 1467/3485/1467 1493/3486/1493 1394/3487/1394
vt 0.561108 0.855309
f 1412/3376/1412 1489/3488/1489 1664/3377/1664
f 1593/3332/1593 1432/3311/1432 1951/3123/1951
f 1425/3317/1425 1587/3460/1587 1317/3076/1317
vt 0.824467 0.685274
f 1477/3188/1477 1353/2969/1353 1585/3489/1585
f 1441/3277/1441 1335/3060/1335 1449/3439/1449
f 1353/2969/1353 1421/3070/1421 1585/3489/1585
vt 0.842684 0.677002
f 1475/3490/1475 1359/2976/1359 1584/3365/1584
vt 0.295743 0.642679
f 1447/3363/1447 1341/3186/1341 1735/3491/1735
vt 0.641451 0.506955
vt 0.638647 0.512997
f 1459/3492/1459 1484/3202/1484 1526/3493/1526
vt 0.434394 0.904288
f 1463/3271/1463 1457/3494/1457 1458/3075/1458
vt 0.295897 0.625474
f 1341/3186/1341 1204/2850/1204 1501/3495/1501
vt 0.971485 0.506476
f 1354/3286/1354 1459/3385/1459 1548/3496/1548
vt 0.654924 0.596290
vt 0.650451 0.593800
f 1389/3497/1389 1481/3498/1481 1318/3241/1318
vt 0.173112 0.869177
f 1362/3291/1362 1424/3085/1424 1603/3499/1603
vt 0.597817 0.479829
f 1428/3500/1428 1399/3380/1399 1546/3449/1546
f 1388/3296/1388 1460/3228/1460 1428/3327/1428
vt 0.504278 0.889931
f 1381/3422/1381 1532/3278/1532 1476/3501/1476
vt 0.154185 0.861012
f 1440/3295/1440 1361/2966/1361 1529/3502/1529
vt 0.829576 0.886296
f 1482/3276/1482 1600/3503/1600 1379/3164/1379
vt 0.082123 0.977495
vt 0.078370 0.978572
vt 0.078695 0.975917
f 1571/3504/1571 1427/3505/1427 1568/3506/1568
vt 0.973244 0.349065
f 1529/3462/1529 1446/3244/1446 1461/3507/1461
vt 0.360233 0.916789
vt 0.368190 0.915381
f 1516/3027/1516 1562/3508/1562 1479/3509/1479
vt 0.208600 0.503613
f 1482/3272/1482 1442/3418/1442 1513/3510/1513
vt 0.334627 0.922725
f 1588/3511/1588 1517/3461/1517 1360/3028/1360
f 1516/3027/1516 1479/3509/1479 1563/3459/1563
f 1360/3028/1360 1587/3460/1587 1588/3511/1588
vt 0.093881 0.271447
vt 0.092948 0.274401
vt 0.090835 0.271897
f 1492/3512/1492 1453/3513/1453 1518/3514/1518
vt 0.230180 0.447414
vt 0.233000 0.447662
f 1473/3351/1473 1507/3515/1507 1506/3516/1506
f 1534/3482/1534 1507/3515/1507 1473/3351/1473
f 1318/3241/1318 1481/3498/1481 1555/3227/1555
vt 0.759094 0.067570
vt 0.755271 0.067835
vt 0.756257 0.064937
f 1438/3517/1438 1473/3518/1473 1506/3519/1506
vt 0.957128 0.206039
f 1346/3314/1346 1571/3520/1571 1612/3312/1612
vt 0.226643 0.454666
f 1492/3521/1492 1534/3482/1534 1468/3350/1468
vt 0.682694 0.624734
f 1557/3522/1557 1402/3198/1402 1434/3338/1434
f 1568/3428/1568 1402/3198/1402 1557/3522/1557
vt 0.084737 0.280058
f 1493/3486/1493 1467/3485/1467 1494/3523/1494
vt 0.088380 0.273775
f 1518/3514/1518 1453/3513/1453 1493/3524/1493
f 1437/3403/1437 1596/3484/1596 1474/3352/1474
vt 0.860121 0.662562
vt 0.863564 0.663407
f 1469/3525/1469 1533/3526/1533 1503/3412/1503
vt 0.966556 0.441815
f 1509/3527/1509 1388/3296/1388 1428/3327/1428
vt 0.127559 0.859776
f 1419/3280/1419 1440/3295/1440 1580/3528/1580
f 1426/3147/1426 1574/3409/1574 1321/3104/1321
vt 0.447520 0.896983
f 1449/3439/1449 1590/3529/1590 1441/3277/1441
vt 0.363594 0.794560
f 1480/3391/1480 1462/3530/1462 1437/3403/1437
f 1420/3324/1420 1526/3493/1526 1484/3202/1484
vt 0.813469 0.886335
f 1482/3276/1482 1513/3531/1513 1600/3503/1600
vt 0.977773 0.516180
vt 0.975571 0.519101
f 1459/3385/1459 1526/3532/1526 1575/3533/1575
vt 0.409649 0.899690
f 1463/3271/1463 1401/3121/1401 1558/3534/1558
vt 0.221601 0.885649
f 1448/3374/1448 1380/3174/1380 1500/3535/1500
vt 0.143091 0.867794
vt 0.154513 0.865099
f 1586/3536/1586 1440/3295/1440 1529/3537/1529
vt 0.502518 0.881572
f 1476/3501/1476 1532/3278/1532 1497/3538/1497
vt 0.087863 0.633336
vt 0.090758 0.634422
vt 0.090243 0.637743
f 1488/3539/1488 1656/3540/1656 1289/3541/1289
vt 0.060772 0.591839
f 1410/3192/1410 1698/3542/1698 1483/3152/1483
vt 0.196460 0.880035
vt 0.206468 0.881214
f 1547/3543/1547 1448/3336/1448 1604/3544/1604
vt 0.478913 0.883886
f 1581/3453/1581 1583/3353/1583 1691/3545/1691
f 1735/3491/1735 1341/3186/1341 1501/3495/1501
vt 0.157394 0.569384
f 1628/3546/1628 1491/3214/1491 1405/3200/1405
vt 0.132904 0.089899
vt 0.137024 0.091038
vt 0.134952 0.094140
f 1487/3547/1487 1410/3548/1410 1451/3549/1451
vt 0.757986 0.248726
vt 0.754742 0.249346
vt 0.758225 0.246874
f 1418/3550/1418 1438/3551/1438 1538/3552/1538
vt 0.650472 0.523608
f 1490/3419/1490 1540/3553/1540 1549/3446/1549
vt 0.949867 0.598502
f 1621/3458/1621 1628/3554/1628 1405/3457/1405
vt 0.886544 0.930111
f 1520/3555/1520 1504/3300/1504 1455/3404/1455
vt 0.223943 0.452824
f 1534/3482/1534 1492/3521/1492 1524/3556/1524
vt 0.662001 0.719597
f 1494/3473/1494 1509/3471/1509 1536/3557/1536
f 1535/3448/1535 1621/3458/1621 1436/3018/1436
vt 0.760159 0.064829
f 1506/3519/1506 1537/3558/1537 1438/3517/1438
vt 0.760705 0.242882
vt 0.756997 0.241502
f 1469/3559/1469 1538/3552/1538 1533/3560/1533
vt 0.103883 0.848807
vt 0.109406 0.859464
f 1511/3561/1511 1502/3445/1502 1510/3562/1510
vt 0.075414 0.973184
f 1557/3563/1557 1434/3335/1434 1593/3332/1593
vt 0.919267 0.953202
f 1574/3409/1574 1623/3564/1623 1321/3104/1321
vt 0.158227 0.380349
f 1420/3361/1420 1549/3452/1549 1525/3565/1525
vt 0.238047 0.890818
f 1602/3566/1602 1404/2747/1404 1543/3416/1543
f 1358/2901/1358 1404/2747/1404 1602/3566/1602
vt 0.869201 0.432916
f 1542/3567/1542 1449/3415/1449 1457/3366/1457
vt 0.098222 0.854494
f 1272/3063/1272 1511/3561/1511 1638/3568/1638
vt 0.356861 0.794148
f 1462/3530/1462 1550/3569/1550 1437/3403/1437
f 1423/3289/1423 1543/3416/1543 1336/3015/1336
f 1459/3385/1459 1575/3533/1575 1548/3496/1548
f 1380/3174/1380 1358/2901/1358 1602/3566/1602
vt 0.671744 0.618770
f 1572/3053/1572 1383/3283/1383 1612/3570/1612
vt 0.846152 0.901033
f 1495/3316/1495 1356/3170/1356 1544/3571/1544
f 1603/3499/1603 1499/3463/1499 1362/3291/1362
f 1424/3085/1424 1448/3336/1448 1547/3543/1547
vt 0.967501 0.442597
f 1509/3527/1509 1428/3327/1428 1514/3572/1514
vt 0.018141 0.129427
vt 0.009984 0.123382
vt 0.019064 0.125187
f 1514/3573/1514 1428/3574/1428 1531/3575/1531
vt 0.924449 0.612114
f 1505/3204/1505 1684/3576/1684 1608/3213/1608
vt 0.843518 0.685836
f 1421/3070/1421 1359/2976/1359 1565/3577/1565
f 1475/3490/1475 1565/3577/1565 1359/2976/1359
vt 0.660289 0.709935
vt 0.657516 0.715917
f 1493/3578/1493 1494/3473/1494 1523/3579/1523
vt 0.809060 0.882642
vt 0.816687 0.878375
f 1442/3580/1442 1528/3581/1528 1513/3531/1513
vt 0.921395 0.616320
f 1625/3582/1625 1684/3576/1684 1505/3204/1505
vt 0.811994 0.703873
f 1477/3188/1477 1515/3583/1515 1501/3372/1501
vt 0.444984 0.448924
vt 0.442032 0.443843
f 1580/3584/1580 1560/3585/1560 1419/3440/1419
f 1502/3441/1502 1419/3440/1419 1560/3585/1560
vt 0.496605 0.884780
f 1497/3538/1497 1532/3278/1532 1579/3586/1579
f 1472/3275/1472 1321/3104/1321 1623/3564/1623
vt 0.441441 0.284964
vt 0.435062 0.287274
vt 0.435726 0.280072
f 1496/3587/1496 1441/3588/1441 1590/3589/1590
f 1520/3555/1520 1470/3260/1470 1504/3300/1504
vt 0.067231 0.596265
f 1539/3405/1539 1541/3590/1541 1445/2879/1445
vt 0.752627 0.245882
vt 0.751963 0.249679
vt 0.749154 0.248198
f 1537/3591/1537 1506/3592/1506 1570/3593/1570
vt 0.907333 0.941752
f 1465/3429/1465 1470/3260/1470 1630/3594/1630
vt 0.080859 0.616576
f 1281/3035/1281 1508/3595/1508 1433/3349/1433
vt 0.657897 0.705565
vt 0.650774 0.705220
vt 0.656314 0.702730
f 1518/3596/1518 1595/3597/1595 1492/3598/1492
vt 0.222123 0.454554
f 1492/3521/1492 1595/3599/1595 1524/3556/1524
f 1438/3551/1438 1537/3591/1537 1538/3552/1538
vt 0.670340 0.066459
vt 0.671826 0.065357
vt 0.673545 0.066166
f 1507/3600/1507 1534/3601/1534 1552/3602/1552
vt 0.931216 0.963316
f 1472/3275/1472 1554/3603/1554 1490/3435/1490
vt 0.667974 0.067150
vt 0.669839 0.068531
f 1506/3604/1506 1507/3600/1507 1570/3605/1570
vt 0.077038 0.613475
f 1486/3606/1486 1508/3595/1508 1281/3035/1281
f 1493/3578/1493 1595/3597/1595 1518/3596/1518
f 1523/3579/1523 1494/3473/1494 1536/3557/1536
vt 0.089542 0.632916
f 1656/3540/1656 1488/3539/1488 1704/3607/1704
vt 0.225559 0.446957
vt 0.221886 0.448107
f 1552/3608/1552 1534/3482/1534 1551/3609/1551
vt 0.337716 0.778457
vt 0.347679 0.775879
f 1596/3484/1596 1520/3610/1520 1455/3611/1455
vt 0.553182 0.882196
f 1498/2979/1498 1704/3612/1704 1488/3395/1488
vt 0.349131 0.789827
f 1576/3613/1576 1596/3484/1596 1437/3403/1437
f 1574/3409/1574 1465/3429/1465 1630/3594/1630
vt 0.937547 0.970494
f 1490/3435/1490 1554/3603/1554 1540/3614/1540
vt 0.648122 0.713100
f 1661/3615/1661 1493/3578/1493 1523/3579/1523
vt 0.837719 0.895140
f 1379/3164/1379 1599/3616/1599 1356/3170/1356
vt 0.856747 0.902290
f 1495/3316/1495 1544/3571/1544 1577/3617/1577
f 1503/3412/1503 1533/3526/1533 1591/3447/1591
f 1527/3408/1527 1495/3316/1495 1577/3617/1577
vt 0.114658 0.856791
f 1510/3562/1510 1502/3445/1502 1560/3618/1560
vt 0.639640 0.517336
f 1526/3493/1526 1420/3324/1420 1525/3619/1525
vt 0.867225 0.918330
vt 0.867213 0.910651
f 1550/3620/1550 1462/3413/1462 1606/3621/1606
vt 0.088557 0.853275
vt 0.092260 0.848718
f 1545/3622/1545 1429/3623/1429 1272/3063/1272
vt 0.871327 0.426889
f 1542/3567/1542 1590/3624/1590 1449/3415/1449
f 1528/3581/1528 1600/3503/1600 1513/3531/1513
vt 0.643875 0.573220
vt 0.651259 0.569871
f 1640/3625/1640 1505/3626/1505 1450/3237/1450
vt 0.589052 0.479214
f 1531/3627/1531 1428/3500/1428 1546/3449/1546
vt 0.284332 0.654529
f 1464/3425/1464 1447/3363/1447 1578/3628/1578
f 1579/3586/1579 1532/3278/1532 1581/3453/1581
f 1558/3534/1558 1401/3121/1401 1601/3315/1601
f 1543/3416/1543 1423/3289/1423 1548/3451/1548
f 1562/3508/1562 1516/3027/1516 1517/3461/1517
vt 0.822299 0.696537
f 1477/3188/1477 1585/3489/1585 1693/3629/1693
f 1554/3603/1554 1472/3275/1472 1623/3564/1623
f 1489/3437/1489 1512/2883/1512 1541/3590/1541
f 1512/2883/1512 1445/2879/1445 1541/3590/1541
vt 0.021258 0.951070
f 1745/3630/1745 1676/1795/1676 1454/2802/1454
f 1550/3569/1550 1576/3613/1576 1437/3403/1437
vt 0.952182 0.753732
f 2314/3631/2314 1681/3120/1681 1159/1330/1159
vt 0.106345 0.653577
f 1682/3474/1682 1253/2816/1253 1844/3632/1844
vt 0.639783 0.068412
vt 0.643958 0.066980
vt 0.644558 0.068942
f 1514/3633/1514 1536/3634/1536 1509/3635/1509
vt 0.643974 0.527121
vt 0.644771 0.520950
f 1540/3553/1540 1641/3636/1641 1549/3637/1549
vt 0.547247 0.887861
f 1439/3638/1439 1665/3479/1665 1169/3478/1169
vt 0.223077 0.452029
f 1534/3482/1534 1524/3639/1524 1551/3609/1551
vt 0.662134 0.610728
f 1779/3347/1779 1645/3640/1645 1312/2940/1312
vt 0.186531 0.467697
vt 0.180379 0.475769
vt 0.179257 0.466192
f 1601/3641/1601 1563/3642/1563 1615/3643/1615
vt 0.636412 0.514889
vt 0.637608 0.518052
f 1575/3644/1575 1526/3493/1526 1525/3645/1525
f 1638/3568/1638 1511/3561/1511 1510/3562/1510
f 1462/3413/1462 1527/3408/1527 1606/3621/1606
f 1638/3568/1638 1545/3622/1545 1272/3063/1272
vt 0.843053 0.894277
f 1636/3646/1636 1544/3571/1544 1356/3170/1356
f 1646/3257/1646 1312/2940/1312 1645/3640/1645
vt 0.157493 0.374625
f 1556/3647/1556 1525/3565/1525 1549/3452/1549
vt 0.591723 0.493484
f 1546/3449/1546 1429/3379/1429 1545/3648/1545
vt 0.279469 0.909956
vt 0.286700 0.906037
f 1609/3649/1609 1548/3451/1548 1564/3650/1564
vt 0.807669 0.873020
vt 0.799593 0.880017
vt 0.803088 0.870523
f 1559/3651/1559 1476/3652/1476 1497/3653/1497
vt 0.794280 0.713236
f 1501/3372/1501 1515/3583/1515 1735/3654/1735
vt 0.805964 0.876390
f 1442/3655/1442 1476/3652/1476 1559/3651/1559
f 1604/3544/1604 1448/3374/1448 1500/3535/1500
vt 0.847254 0.669887
f 1478/3656/1478 1530/3455/1530 1591/3447/1591
f 1515/3583/1515 1477/3188/1477 1693/3629/1693
vt 0.665829 0.616297
f 1643/3657/1643 1779/3347/1779 1572/3053/1572
f 1529/3537/1529 1461/3421/1461 1499/3463/1499
vt 0.349205 0.795526
f 1576/3613/1576 1550/3569/1550 1592/3658/1592
vt 0.672547 0.068572
vt 0.671666 0.069311
f 1507/3600/1507 1552/3659/1552 1569/3660/1569
f 1570/3605/1570 1507/3600/1507 1569/3660/1569
vt 0.750409 0.244959
f 1570/3593/1570 1598/3661/1598 1537/3591/1537
vt 0.750108 0.240407
f 1537/3591/1537 1567/3662/1567 1538/3552/1538
f 1538/3552/1538 1567/3662/1567 1533/3560/1533
vt 0.324847 0.217450
vt 0.327417 0.218366
vt 0.326376 0.221735
f 1698/3663/1698 1539/3664/1539 1483/3665/1483
vt 0.642718 0.579197
f 1555/3227/1555 1718/3666/1718 1450/3237/1450
vt 0.126326 0.234956
vt 0.127965 0.234325
f 1553/3667/1553 1659/3668/1659 1466/3141/1466
f 1640/3625/1640 1450/3237/1450 1718/3666/1718
vt 0.218056 0.451997
f 1551/3609/1551 1524/3639/1524 1595/3669/1595
vt 0.816839 0.153624
vt 0.813875 0.151589
vt 0.817065 0.150654
f 1569/3670/1569 1598/3671/1598 1570/3672/1570
vt 0.813891 0.146445
vt 0.815641 0.148163
f 1598/3671/1598 1567/3673/1567 1537/3674/1537
vt 0.549483 0.883911
vt 0.545098 0.885019
f 1656/3675/1656 1439/3638/1439 1289/3676/1289
f 1595/3597/1595 1493/3578/1493 1661/3615/1661
vt 0.312699 0.928855
f 1589/3677/1589 1587/3460/1587 1425/3317/1425
f 1580/3528/1580 1440/3295/1440 1586/3536/1586
vt 0.753153 0.308760
vt 0.753384 0.310094
vt 0.749061 0.310914
f 1552/3678/1552 1551/3679/1551 1569/3680/1569
vt 0.650887 0.601355
f 1566/3681/1566 1481/3498/1481 1389/3497/1389
vt 0.655501 0.976225
f 1616/3321/1616 1464/3464/1464 1578/3682/1578
f 1599/3616/1599 1379/3164/1379 1600/3503/1600
vt 0.773744 0.284745
vt 0.771967 0.282999
vt 0.774722 0.282358
f 1575/3683/1575 1525/3684/1525 1618/3685/1618
vt 0.301049 0.403924
f 1471/3266/1471 1610/3686/1610 1485/3199/1485
vt 0.152560 0.374131
f 1641/3687/1641 1556/3647/1556 1549/3452/1549
vt 0.438515 0.897195
vt 0.430386 0.891143
f 1542/3688/1542 1457/3494/1457 1702/3689/1702
f 1735/3491/1735 1578/3628/1578 1447/3363/1447
f 1599/3616/1599 1636/3646/1636 1356/3170/1356
vt 0.968122 0.515466
f 1548/3496/1548 1575/3533/1575 1564/3690/1564
vt 0.055334 0.581538
vt 0.049305 0.580463
f 1647/3691/1647 1466/3401/1466 1659/3692/1659
vt 0.660822 0.722099
vt 0.652963 0.719238
f 1514/3693/1514 1617/3694/1617 1536/3557/1536
vt 0.855973 0.676247
f 1611/3695/1611 1584/3365/1584 1478/3656/1478
f 1478/3656/1478 1591/3447/1591 1611/3695/1611
vt 0.412536 0.316674
vt 0.417350 0.313797
vt 0.417100 0.323294
f 1559/3696/1559 1528/3697/1528 1442/3698/1442
vt 0.158160 0.874174
f 1529/3537/1529 1499/3463/1499 1561/3699/1561
vt 0.339947 0.793711
f 1592/3658/1592 1607/3700/1607 1576/3613/1576
vt 0.334413 0.782322
f 1520/3610/1520 1596/3484/1596 1627/3701/1627
f 1576/3613/1576 1607/3700/1607 1596/3484/1596
f 1596/3484/1596 1607/3700/1607 1627/3701/1627
vt 0.042733 0.571660
vt 0.044523 0.577261
f 1700/3702/1700 1553/3703/1553 1485/3265/1485
f 1617/3694/1617 1661/3615/1661 1523/3579/1523
vt 0.905028 0.934842
f 1633/3704/1633 1630/3594/1630 1470/3260/1470
vt 0.745378 0.245180
vt 0.747050 0.241518
f 1567/3662/1567 1598/3705/1598 1634/3706/1634
vt 0.658276 0.969554
f 1425/3438/1425 1616/3321/1616 1589/3707/1589
vt 0.944644 0.969459
f 1641/3708/1641 1540/3614/1540 1554/3603/1554
vt 0.398533 0.897604
f 1558/3534/1558 1601/3315/1601 1675/3709/1675
vt 0.772882 0.276529
f 1618/3685/1618 1525/3684/1525 1556/3710/1556
vt 0.969040 0.519018
vt 0.974572 0.523329
f 1629/3711/1629 1575/3533/1575 1618/3712/1618
vt 0.875299 0.918359
f 1550/3620/1550 1606/3621/1606 1592/3713/1592
f 1564/3690/1564 1575/3533/1575 1629/3711/1629
f 1380/3174/1380 1602/3566/1602 1500/3535/1500
f 1606/3621/1606 1527/3408/1527 1577/3617/1577
vt 0.082974 0.971137
f 1568/3506/1568 1653/3714/1653 1571/3504/1571
vt 0.445474 0.451689
vt 0.439639 0.446816
f 1580/3715/1580 1582/3716/1582 1560/3585/1560
vt 0.183399 0.237018
vt 0.183649 0.232100
vt 0.188052 0.233255
f 1510/3717/1510 1560/3718/1560 1582/3719/1582
f 1421/3070/1421 1565/3577/1565 1585/3489/1585
vt 0.086634 0.977523
f 1653/3714/1653 1612/3720/1612 1571/3504/1571
vt 0.868051 0.673821
vt 0.870913 0.664969
f 1605/3721/1605 1533/3526/1533 1567/3722/1567
f 1591/3447/1591 1533/3526/1533 1605/3721/1605
vt 0.646775 0.698690
vt 0.648888 0.699500
vt 0.645113 0.701151
f 1569/3723/1569 1551/3724/1551 1632/3725/1632
vt 0.442627 0.277743
f 1496/3587/1496 1590/3589/1590 1639/3726/1639
f 1523/3579/1523 1536/3557/1536 1617/3694/1617
vt 0.079532 0.611404
vt 0.075974 0.611311
vt 0.077496 0.608033
f 1624/3727/1624 1486/3728/1486 1642/3729/1642
vt 0.039338 0.571828
f 1485/3265/1485 1610/3730/1610 1700/3702/1700
vt 0.073958 0.608252
f 1642/3729/1642 1486/3728/1486 1664/3731/1664
vt 0.637196 0.527142
vt 0.642128 0.523426
f 1679/3732/1679 1556/3733/1556 1641/3636/1641
vt 0.668474 0.618570
f 1758/3734/1758 1572/3053/1572 1612/3570/1612
vt 0.896993 0.933105
f 1644/3735/1644 1470/3260/1470 1520/3555/1520
f 1633/3704/1633 1470/3260/1470 1644/3735/1644
vt 0.166142 0.562923
f 1471/3209/1471 1491/3214/1491 1610/3736/1610
vt 0.326799 0.777975
f 1627/3701/1627 1644/3737/1644 1520/3610/1520
vt 0.640625 0.693878
vt 0.643671 0.695338
vt 0.641676 0.697221
f 1598/3738/1598 1569/3739/1569 1632/3740/1632
vt 0.203777 0.891021
f 1547/3543/1547 1604/3544/1604 1806/3741/1806
vt 0.056772 0.587347
f 1654/3742/1654 1698/3542/1698 1410/3192/1410
f 1586/3536/1586 1529/3537/1529 1561/3699/1561
vt 0.855349 0.680511
f 1475/3490/1475 1584/3365/1584 1672/3743/1672
vt 0.115982 0.861111
vt 0.121333 0.860615
vt 0.122870 0.863811
f 1582/3744/1582 1580/3745/1580 1619/3746/1619
vt 0.445993 0.893271
vt 0.440253 0.890139
f 1590/3747/1590 1542/3688/1542 1635/3748/1635
f 1584/3365/1584 1611/3695/1611 1672/3743/1672
vt 0.216349 0.341999
vt 0.213359 0.338734
vt 0.221108 0.338228
f 1577/3749/1577 1544/3750/1544 1614/3751/1614
vt 0.216975 0.334411
f 1614/3751/1614 1544/3750/1544 1636/3752/1636
f 1463/3271/1463 1702/3689/1702 1457/3494/1457
vt 0.326856 0.216923
f 1539/3664/1539 1698/3663/1698 1667/3753/1667
f 1635/3748/1635 1542/3688/1542 1702/3689/1702
vt 0.291447 0.657656
f 1735/3491/1735 1671/3754/1671 1578/3628/1578
vt 0.022315 0.129498
f 1617/3755/1617 1514/3573/1514 1531/3575/1531
f 1691/3545/1691 1579/3586/1579 1581/3453/1581
vt 0.055666 0.587141
f 1487/3402/1487 1654/3756/1654 1410/3192/1410
vt 0.552371 0.879202
f 1573/3130/1573 1704/3757/1704 1498/2979/1498
vt 0.538765 0.452208
vt 0.543214 0.454160
f 1566/3758/1566 1389/3390/1389 1386/3759/1386
vt 0.691416 0.923418
vt 0.687201 0.929004
vt 0.679616 0.920188
f 1479/3760/1479 1562/3761/1562 1706/3762/1706
vt 0.647444 0.567306
f 1505/3626/1505 1640/3625/1640 1625/3763/1625
vt 0.810544 0.718028
f 1735/3654/1735 1515/3583/1515 1729/3764/1729
vt 0.660609 0.954576
vt 0.667350 0.961741
vt 0.658286 0.969384
f 1694/3765/1694 1587/3766/1587 1589/3767/1589
vt 0.922579 0.946359
f 1623/3564/1623 1574/3409/1574 1631/3768/1631
f 1466/3401/1466 1647/3691/1647 1487/3402/1487
vt 0.109740 0.664570
f 1673/3769/1673 1522/3475/1522 1682/3474/1682
vt 0.936610 0.955718
f 1554/3603/1554 1623/3564/1623 1648/3770/1648
f 1594/1731/1594 1947/3481/1947 1951/3123/1951
vt 0.055146 0.954676
f 1947/3481/1947 2406/3771/2406 1951/3123/1951
vt 0.890773 0.799042
f 1522/3772/1522 2234/2958/2234 1456/3127/1456
f 1681/3120/1681 1745/2961/1745 1519/2282/1519
vt 0.099417 0.648140
f 1665/3773/1665 1844/3632/1844 1253/2816/1253
vt 0.332515 0.791156
f 1607/3700/1607 1689/3774/1689 1627/3701/1627
vt 0.937871 0.960728
f 1554/3603/1554 1648/3770/1648 1622/3775/1622
vt 0.639219 0.696019
f 1658/3776/1658 1598/3738/1598 1632/3740/1632
vt 0.037607 0.956321
f 1947/3305/1947 1521/3304/1521 2228/3777/2228
f 2042/2957/2042 2314/3631/2314 1159/1330/1159
f 1574/3409/1574 1630/3594/1630 1631/3768/1631
vt 0.638336 0.691493
f 1634/3778/1634 1598/3738/1598 1658/3776/1658
vt 0.938870 0.963309
f 1554/3603/1554 1622/3779/1622 1641/3708/1641
vt 0.137189 0.872007
vt 0.143158 0.877455
f 1716/3780/1716 1586/3536/1586 1748/3781/1748
f 1543/3416/1543 1548/3451/1548 1609/3649/1609
vt 0.563970 0.866450
vt 0.559384 0.869825
vt 0.558606 0.865949
f 2030/3782/2030 1662/3783/1662 1508/3784/1508
vt 0.556017 0.868620
f 1508/3784/1508 1662/3783/1662 1433/3785/1433
vt 0.885142 0.921273
vt 0.884716 0.913823
f 1607/3786/1607 1592/3713/1592 1751/3787/1751
vt 0.838733 0.889686
f 1599/3616/1599 1600/3503/1600 1636/3788/1636
vt 0.568304 0.855985
vt 0.565964 0.853012
vt 0.572415 0.848917
f 1707/3789/1707 1489/3790/1489 1990/3791/1990
vt 0.070228 0.595380
f 1990/3792/1990 1489/3437/1489 1541/3590/1541
f 1606/3621/1606 1751/3787/1751 1592/3713/1592
vt 0.777808 0.277541
vt 0.778346 0.282222
f 1618/3685/1618 1613/3793/1613 1637/3794/1637
vt 0.967418 0.523168
f 1629/3711/1629 1618/3712/1618 1637/3795/1637
vt 0.078741 0.975729
f 1557/3563/1557 1653/3714/1653 1568/3796/1568
vt 0.076260 0.969010
f 1593/3332/1593 1952/3797/1952 1557/3563/1557
vt 0.645177 0.707608
f 1620/3798/1620 1595/3597/1595 1661/3615/1661
vt 0.213789 0.449834
f 1620/3799/1620 1551/3609/1551 1595/3669/1595
vt 0.214706 0.447026
f 1551/3609/1551 1620/3799/1620 1660/3800/1660
vt 0.681216 0.941578
vt 0.673804 0.950502
vt 0.672770 0.936537
f 1517/3801/1517 1588/3802/1588 1649/3803/1649
vt 0.641922 0.704709
f 1632/3725/1632 1551/3724/1551 1660/3804/1660
vt 0.649546 0.969994
f 1578/3682/1578 1690/3805/1690 1616/3321/1616
vt 0.674969 0.929634
vt 0.681169 0.939715
f 1649/3806/1649 1562/3761/1562 1517/3807/1517
vt 0.587204 0.487437
f 1546/3449/1546 1545/3648/1545 1705/3808/1705
f 1705/3808/1705 1531/3627/1531 1546/3449/1546
vt 0.177397 0.880853
f 1603/3499/1603 1424/3085/1424 1713/3809/1713
vt 0.079667 0.854193
vt 0.071436 0.853632
vt 0.070587 0.845573
f 1705/3810/1705 1680/3811/1680 1531/3812/1531
f 1643/3657/1643 1572/3053/1572 1758/3734/1758
vt 0.884094 0.121520
vt 0.883583 0.119734
vt 0.885489 0.119713
f 1654/3813/1654 1487/3814/1487 1647/3815/1647
vt 0.287260 0.908336
f 1564/3650/1564 1629/3816/1629 1609/3649/1609
f 1433/3785/1433 1662/3783/1662 1655/3318/1655
vt 0.916258 0.941290
f 1626/3817/1626 1631/3768/1631 1630/3594/1630
vt 0.322353 0.786263
f 1627/3701/1627 1689/3774/1689 1657/3818/1657
vt 0.944470 0.959467
f 1622/3779/1622 1712/3819/1712 1641/3708/1641
vt 0.851154 0.894974
vt 0.857769 0.894634
f 1577/3617/1577 1614/3820/1614 1668/3821/1668
f 1589/3707/1589 1616/3321/1616 1690/3805/1690
vt 0.950311 0.969619
vt 0.949497 0.960061
f 1679/3822/1679 1641/3708/1641 1652/3823/1652
vt 0.065998 0.592189
f 1667/3824/1667 1541/3590/1541 1539/3405/1539
vt 0.564079 0.856764
f 1664/3825/1664 1489/3790/1489 1707/3789/1707
vt 0.774126 0.273783
f 1613/3793/1613 1556/3710/1556 1679/3826/1679
f 1618/3685/1618 1556/3710/1556 1613/3793/1613
vt 0.118862 0.871619
f 1582/3744/1582 1619/3746/1619 1674/3827/1674
vt 0.268897 0.912158
f 1720/3828/1720 1543/3416/1543 1609/3649/1609
f 1694/3765/1694 1588/3802/1588 1587/3766/1587
vt 0.940820 0.598098
f 1535/3448/1535 1741/3829/1741 1621/3458/1621
vt 0.096969 0.863310
f 1638/3568/1638 1510/3562/1510 1715/3830/1715
vt 0.246215 0.902974
f 1602/3566/1602 1543/3416/1543 1746/3831/1746
vt 0.592845 0.500188
vt 0.588920 0.502914
f 1545/3648/1545 1638/3832/1638 1715/3833/1715
f 1604/3544/1604 1500/3535/1500 1806/3741/1806
vt 0.658323 0.726200
vt 0.646118 0.724813
f 1617/3694/1617 1531/3834/1531 1714/3835/1714
vt 0.928853 0.603226
vt 0.933834 0.605977
f 1792/3836/1792 1535/3837/1535 1608/3213/1608
vt 0.642889 0.701543
f 1660/3804/1660 1663/3838/1663 1632/3725/1632
f 1672/3743/1672 1565/3577/1565 1475/3490/1475
vt 0.840453 0.697310
f 1585/3489/1585 1565/3577/1565 1811/3839/1811
vt 0.953706 0.597158
vt 0.952713 0.595636
f 1491/3840/1491 1628/3554/1628 1900/3841/1900
f 1644/3737/1644 1627/3701/1627 1657/3818/1657
vt 0.049375 0.573581
f 1659/3692/1659 1553/3703/1553 1797/3842/1797
vt 0.953052 0.592450
vt 0.956925 0.596345
f 1900/3841/1900 1651/3843/1651 1491/3844/1491
vt 0.153288 0.270819
vt 0.152608 0.275059
vt 0.149932 0.274028
f 1658/3845/1658 1632/3846/1632 1663/3847/1663
vt 0.288274 0.913018
f 1629/3816/1629 1637/3848/1637 1609/3649/1609
vt 0.317138 0.779390
f 1657/3818/1657 1633/3849/1633 1644/3737/1644
vt 0.962569 0.591777
vt 0.961820 0.592895
vt 0.960132 0.589210
f 1700/3850/1700 1610/3851/1610 1795/3852/1795
f 1623/3564/1623 1631/3768/1631 1648/3770/1648
vt 0.333251 0.794706
f 1689/3774/1689 1607/3700/1607 1678/3853/1678
vt 0.389383 0.906286
vt 0.373673 0.899590
f 1615/3854/1615 1563/3459/1563 1677/3855/1677
vt 0.176060 0.456298
f 1601/3641/1601 1615/3643/1615 1675/3856/1675
vt 0.366307 0.899060
f 1479/3509/1479 1727/3857/1727 1563/3459/1563
vt 0.892113 0.921370
f 1678/3858/1678 1607/3786/1607 1751/3787/1751
vt 0.843596 0.883553
f 1650/3859/1650 1636/3788/1636 1600/3503/1600
vt 0.829459 0.873431
f 1600/3503/1600 1528/3581/1528 1736/3860/1736
vt 0.059680 0.586840
f 1698/3542/1698 1654/3742/1654 1739/3861/1739
vt 0.817142 0.860775
f 1856/3862/1856 1528/3581/1528 1559/3651/1559
f 1559/3651/1559 1497/3653/1497 1856/3862/1856
vt 0.654424 0.733089
f 1531/3834/1531 1680/3863/1680 1714/3835/1714
vt 0.127066 0.870190
f 1586/3536/1586 1732/3864/1732 1580/3528/1580
f 1732/3864/1732 1586/3536/1586 1716/3780/1716
vt 0.438671 0.451619
vt 0.436949 0.457957
f 1619/3865/1619 1580/3715/1580 1732/3866/1732
f 1586/3536/1586 1561/3699/1561 1748/3781/1748
f 1674/3827/1674 1619/3746/1619 1732/3864/1732
vt 0.448730 0.888755
f 1496/3456/1496 1639/3867/1639 1583/3353/1583
f 1635/3748/1635 1639/3867/1639 1590/3747/1590
vt 0.189468 0.238951
f 1510/3717/1510 1582/3719/1582 1757/3868/1757
vt 0.171613 0.885910
f 1786/3869/1786 1603/3499/1603 1713/3809/1713
f 1499/3463/1499 1603/3499/1603 1786/3869/1786
vt 0.751937 0.316933
vt 0.756362 0.316931
vt 0.756854 0.321932
f 1663/3870/1663 1660/3871/1660 1683/3872/1683
vt 0.657021 0.608393
f 1836/3873/1836 1646/3257/1646 1645/3640/1645
vt 0.642118 0.717327
f 1714/3835/1714 1722/3874/1722 1617/3694/1617
vt 0.585435 0.495693
f 1705/3808/1705 1545/3648/1545 1692/3875/1692
vt 0.875191 0.668719
f 1567/3722/1567 1695/3876/1695 1605/3721/1605
vt 0.632969 0.689453
vt 0.636338 0.688054
f 1634/3778/1634 1695/3877/1695 1567/3878/1567
f 1712/3819/1712 1622/3775/1622 1648/3770/1648
vt 0.914997 0.939958
f 1626/3879/1626 1630/3594/1630 1633/3704/1633
vt 0.642374 0.709400
f 1620/3798/1620 1661/3615/1661 1666/3880/1666
vt 0.150564 0.272241
f 1658/3845/1658 1663/3847/1663 1686/3881/1686
f 1661/3615/1661 1617/3694/1617 1722/3874/1722
vt 0.642439 0.707307
f 1620/3798/1620 1666/3882/1666 1660/3804/1660
vt 0.153741 0.266803
vt 0.156182 0.269063
f 1658/3845/1658 1687/3883/1687 1634/3884/1634
vt 0.155439 0.266414
vt 0.156531 0.266112
f 1687/3885/1687 1695/3886/1695 1634/3884/1634
vt 0.922771 0.941675
f 1631/3768/1631 1626/3817/1626 1688/3887/1688
f 1684/3576/1684 1792/3836/1792 1608/3213/1608
vt 0.314432 0.784964
f 1657/3818/1657 1708/3888/1708 1633/3849/1633
vt 0.955251 0.589930
f 1651/3843/1651 1888/3889/1888 1491/3844/1491
vt 0.621995 0.179301
vt 0.618516 0.182367
vt 0.619344 0.179607
f 1660/3890/1660 1666/3891/1666 1685/3892/1685
vt 0.652010 0.606010
f 1724/3893/1724 1646/3257/1646 1836/3873/1836
vt 0.150493 0.268388
f 1687/3883/1687 1658/3845/1658 1686/3894/1686
vt 0.288552 0.660427
f 1690/3895/1690 1578/3628/1578 1671/3754/1671
f 1712/3819/1712 1652/3823/1652 1641/3708/1641
f 1386/3103/1386 1646/3257/1646 1724/3893/1724
vt 0.224919 0.336296
vt 0.222238 0.334159
vt 0.226265 0.331594
f 1614/3896/1614 1636/3897/1636 1650/3898/1650
vt 0.967537 0.527816
vt 0.971753 0.527662
vt 0.968690 0.530621
f 1670/3899/1670 1613/3900/1613 1709/3901/1709
vt 0.095948 0.638260
vt 0.102335 0.644839
vt 0.097171 0.642289
f 1439/3902/1439 1851/3903/1851 1665/3904/1665
f 1613/3900/1613 1670/3899/1670 1637/3795/1637
vt 0.875006 0.902358
f 1577/3617/1577 1703/3905/1703 1606/3621/1606
f 1566/3681/1566 1386/3103/1386 1724/3893/1724
f 1751/3787/1751 1606/3621/1606 1703/3905/1703
vt 0.817408 0.705835
f 1693/3629/1693 1754/3906/1754 1515/3583/1515
vt 0.322727 0.795122
f 1689/3774/1689 1678/3853/1678 1669/3907/1669
f 1692/3875/1692 1545/3648/1545 1715/3833/1715
vt 0.384245 0.895717
f 1677/3855/1677 1768/3908/1768 1615/3854/1615
vt 0.167150 0.462301
f 1768/3909/1768 1675/3856/1675 1615/3643/1615
vt 0.450851 0.883560
f 1583/3353/1583 1639/3867/1639 1761/3910/1761
vt 0.413810 0.458449
vt 0.412652 0.461436
vt 0.409805 0.458794
f 1639/3911/1639 1635/3912/1635 1764/3913/1764
f 1547/3543/1547 1713/3809/1713 1424/3085/1424
vt 0.229098 0.900337
f 1500/3535/1500 1602/3566/1602 1750/3914/1750
vt 0.494725 0.869079
f 1497/3538/1497 1579/3586/1579 1728/3915/1728
vt 0.945477 0.596096
f 1621/3458/1621 1890/3916/1890 1628/3554/1628
vt 0.549584 0.883745
vt 0.553802 0.886865
f 1439/3638/1439 1656/3917/1656 1823/3918/1823
vt 0.632817 0.702963
vt 0.636673 0.697886
vt 0.639257 0.699913
f 1743/3919/1743 1686/3920/1686 1663/3921/1663
vt 0.917768 0.938295
vt 0.920208 0.940163
f 1626/3879/1626 1699/3922/1699 1688/3923/1688
vt 0.312803 0.779072
f 1626/3924/1626 1633/3849/1633 1708/3888/1708
vt 0.283653 0.915091
f 1609/3649/1609 1637/3848/1637 1697/3925/1697
vt 0.641940 0.711928
f 1722/3874/1722 1711/3926/1711 1661/3615/1661
f 1508/3784/1508 1486/3375/1486 2030/3782/2030
f 1711/3926/1711 1666/3880/1666 1661/3615/1661
vt 0.565317 0.859122
f 1707/3789/1707 1642/3927/1642 1664/3825/1664
vt 0.563288 0.862849
f 1624/3928/1624 2030/3782/2030 1486/3375/1486
f 1669/3907/1669 1657/3818/1657 1689/3774/1689
vt 0.258832 0.911114
f 1809/3929/1809 1543/3416/1543 1720/3828/1720
vt 0.900299 0.918931
f 1678/3858/1678 1751/3787/1751 1749/3930/1749
vt 0.897255 0.922114
f 1669/3931/1669 1678/3858/1678 1749/3930/1749
vt 0.139928 0.458131
vt 0.139286 0.451097
vt 0.143940 0.452065
f 1674/3932/1674 1757/3933/1757 1582/3934/1582
vt 0.975322 0.532114
vt 0.971041 0.532054
f 1679/3935/1679 1696/3936/1696 1613/3900/1613
vt 0.032413 0.944450
f 2694/3937/2694 1521/3304/1521 1676/1795/1676
f 1746/3831/1746 1750/3914/1750 1602/3566/1602
vt 0.810549 0.858434
f 1856/3862/1856 1497/3653/1497 1728/3938/1728
f 1709/3901/1709 1613/3900/1613 1696/3936/1696
vt 0.485885 0.873317
f 1775/3939/1775 1728/3915/1728 1579/3586/1579
f 1579/3586/1579 1691/3545/1691 1775/3939/1775
f 1558/3534/1558 1702/3689/1702 1463/3271/1463
vt 0.869085 0.897538
f 1719/3940/1719 1577/3617/1577 1668/3821/1668
vt 0.024929 0.945543
f 1745/3630/1745 1942/3941/1942 1676/1795/1676
vt 0.111316 0.866510
f 1715/3830/1715 1510/3562/1510 1757/3942/1757
vt 0.410628 0.453121
f 1761/3943/1761 1639/3911/1639 1764/3913/1764
f 1563/3459/1563 1727/3857/1727 1677/3855/1677
vt 0.757141 0.319564
vt 0.758934 0.320499
f 1660/3944/1660 1685/3945/1685 1683/3872/1683
vt 0.676533 0.913485
f 1479/3760/1479 1706/3762/1706 1727/3946/1727
vt 0.111388 0.658860
f 1845/3947/1845 1673/3769/1673 1682/3474/1682
vt 0.542789 0.904604
vt 0.540865 0.908883
vt 0.538415 0.907091
f 1844/3948/1844 1845/3949/1845 1682/3950/1682
vt 0.666004 0.933720
f 1649/3803/1649 1588/3802/1588 1755/3951/1755
f 1755/3951/1755 1588/3802/1588 1694/3765/1694
vt 0.636932 0.706030
f 1683/3952/1683 1743/3919/1743 1663/3921/1663
vt 0.067917 0.959047
f 1951/3123/1951 1846/3953/1846 1593/3332/1593
f 1846/3953/1846 1952/3797/1952 1593/3332/1593
vt 0.934796 0.946064
f 1631/3768/1631 1737/3954/1737 1648/3770/1648
vt 0.308543 0.780356
f 1708/3888/1708 1699/3955/1699 1626/3924/1626
vt 0.289023 0.916372
f 1637/3848/1637 1670/3956/1670 1697/3925/1697
f 1541/3590/1541 1667/3824/1667 1990/3792/1990
vt 0.107950 0.647649
f 1851/3903/1851 2147/3957/2147 1665/3773/1665
f 2147/3957/2147 1844/3632/1844 1665/3773/1665
f 1704/3612/1704 1823/3918/1823 1656/3917/1656
f 1631/3768/1631 1688/3887/1688 1737/3954/1737
vt 0.920533 0.938291
f 1699/3922/1699 1710/3958/1710 1688/3923/1688
vt 0.640083 0.706935
vt 0.640289 0.710020
vt 0.637103 0.711989
f 1685/3959/1685 1666/3960/1666 1711/3961/1711
f 1683/3952/1683 1685/3959/1685 1711/3961/1711
vt 0.583268 0.505986
f 1753/3962/1753 1692/3875/1692 1715/3833/1715
vt 0.157270 0.881717
f 1561/3699/1561 1770/3963/1770 1748/3781/1748
vt 0.953636 0.963773
f 1679/3822/1679 1652/3823/1652 1701/3964/1701
vt 0.433632 0.884200
f 1635/3748/1635 1702/3689/1702 1803/3965/1803
vt 0.086675 0.858812
vt 0.083980 0.863403
f 1705/3810/1705 1692/3966/1692 1733/3967/1733
vt 0.089776 0.973492
vt 0.086720 0.976522
f 1653/3714/1653 1758/3968/1758 1612/3969/1612
vt 0.865198 0.686360
f 1672/3743/1672 1611/3695/1611 1834/3970/1834
vt 0.782042 0.039097
vt 0.787136 0.037068
vt 0.789275 0.039459
f 1771/3971/1771 1834/3972/1834 1611/3973/1611
f 1746/3831/1746 1543/3416/1543 1809/3929/1809
vt 0.857279 0.676396
vt 0.866109 0.682436
f 1611/3974/1611 1591/3447/1591 1771/3975/1771
vt 0.076210 0.860309
f 1680/3811/1680 1705/3810/1705 1805/3976/1805
vt 0.972582 0.536907
vt 0.969081 0.535442
f 1701/3977/1701 1717/3978/1717 1679/3935/1679
f 1696/3936/1696 1679/3935/1679 1717/3978/1717
f 1811/3839/1811 1693/3629/1693 1585/3489/1585
f 1786/3869/1786 1713/3809/1713 1547/3543/1547
vt 0.097554 0.868194
f 1715/3830/1715 1757/3942/1757 1753/3979/1753
vt 0.184664 0.894003
f 1730/3980/1730 1547/3543/1547 1806/3741/1806
vt 0.879694 0.668804
vt 0.881845 0.678061
f 1695/3876/1695 1687/3981/1687 1808/3982/1808
vt 0.643949 0.962677
f 1875/3983/1875 1589/3707/1589 1690/3805/1690
f 1557/3563/1557 1952/3797/1952 1653/3714/1653
vt 0.029413 0.412456
vt 0.026068 0.415800
vt 0.013367 0.420370
f 1706/3984/1706 1562/3985/1562 1649/3986/1649
f 1739/3861/1739 1667/3824/1667 1698/3542/1698
vt 0.454857 0.877798
f 1583/3353/1583 1761/3910/1761 1765/3987/1765
vt 0.944381 0.955244
vt 0.943939 0.946955
f 1712/3988/1712 1648/3770/1648 1769/3989/1769
vt 0.628124 0.700317
vt 0.632903 0.694791
f 1743/3919/1743 1742/3990/1742 1686/3991/1686
vt 0.938421 0.601742
vt 0.936482 0.600361
vt 0.938340 0.599740
f 1535/3992/1535 1773/3993/1773 1741/3994/1741
vt 0.455428 0.598416
vt 0.455447 0.595045
vt 0.460068 0.597772
f 1670/3995/1670 1709/3996/1709 1723/3997/1723
vt 0.286397 0.917498
f 1670/3956/1670 1723/3998/1723 1697/3925/1697
f 1610/3851/1610 1491/3844/1491 1795/3852/1795
f 1647/3691/1647 1739/3861/1739 1654/3742/1654
vt 0.297377 0.782133
vt 0.291837 0.779416
vt 0.302201 0.778112
f 1721/3999/1721 1737/4000/1737 1688/4001/1688
vt 0.305965 0.785047
f 1699/3955/1699 1708/3888/1708 1710/4002/1710
vt 0.311445 0.790538
f 1708/3888/1708 1657/3818/1657 1763/4003/1763
vt 0.657750 0.285808
vt 0.653372 0.285285
vt 0.655686 0.279316
f 1764/4004/1764 1635/4005/1635 1803/4006/1803
vt 0.854560 0.886493
f 1614/3820/1614 1837/4007/1837 1668/3821/1668
vt 0.231373 0.335185
f 1837/4008/1837 1614/3896/1614 1650/3898/1650
f 1577/3617/1577 1719/3940/1719 1703/3905/1703
vt 0.418282 0.885357
f 1756/4009/1756 1702/3689/1702 1558/3534/1558
vt 0.646246 0.187338
vt 0.643653 0.185060
vt 0.645215 0.183729
f 1535/4010/1535 1792/4011/1792 1773/4012/1773
vt 0.823661 0.708466
f 1754/4013/1754 1693/3629/1693 1811/3839/1811
f 1694/3765/1694 1589/3707/1589 1875/3983/1875
vt 0.463062 0.876468
f 1583/3353/1583 1853/4014/1853 1691/3545/1691
vt 0.967705 0.532999
f 1717/3978/1717 1738/4015/1738 1696/3936/1696
f 1696/3936/1696 1738/4015/1738 1709/3901/1709
vt 0.330563 0.377427
vt 0.333950 0.373842
vt 0.332268 0.379794
f 1741/4016/1741 1890/4017/1890 1621/4018/1621
f 1700/3702/1700 1797/3842/1797 1553/3703/1553
vt 0.136134 0.877662
f 1732/3864/1732 1716/3780/1716 1752/4019/1752
vt 0.861053 0.499540
vt 0.868795 0.490622
vt 0.863647 0.506964
f 1515/4020/1515 1754/4021/1754 1729/4022/1729
f 1806/3741/1806 1500/3535/1500 1750/3914/1750
vt 0.875867 0.685529
f 1771/3975/1771 1591/3447/1591 1810/4023/1810
vt 0.403825 0.210992
vt 0.404968 0.212675
vt 0.403240 0.211358
f 1687/4024/1687 1686/4025/1686 1734/4026/1734
f 1591/3447/1591 1605/3721/1605 1810/4023/1810
vt 0.885786 0.671591
f 1687/3981/1687 1734/4027/1734 1808/3982/1808
f 1561/3699/1561 1499/3463/1499 1770/3963/1770
vt 0.090672 0.864424
f 1753/4028/1753 1733/3967/1733 1692/3966/1692
f 1808/3982/1808 1605/3721/1605 1695/3876/1695
vt 0.282405 0.919990
vt 0.285678 0.917918
f 1760/4029/1760 1697/3925/1697 1723/4030/1723
f 1763/4003/1763 1657/3818/1657 1669/3907/1669
vt 0.626838 0.695455
f 1686/3991/1686 1742/3990/1742 1734/4031/1734
vt 0.461447 0.592946
f 1709/3996/1709 1740/4032/1740 1723/3997/1723
vt 0.929129 0.938877
vt 0.922812 0.937733
vt 0.919916 0.933939
f 1721/4033/1721 1688/4034/1688 1710/4035/1710
vt 0.918978 0.605201
f 1792/3836/1792 1684/3576/1684 1790/4036/1790
f 1763/4003/1763 1710/4002/1710 1708/3888/1708
vt 0.274934 0.919098
f 1744/4037/1744 1697/3925/1697 1760/4029/1760
f 1609/3649/1609 1697/3925/1697 1744/4037/1744
vt 0.456221 0.592448
f 1709/3996/1709 1738/4038/1738 1740/4032/1740
vt 0.948619 0.953564
f 1725/4039/1725 1712/3988/1712 1769/3989/1769
vt 0.631772 0.094404
vt 0.630304 0.096144
vt 0.628042 0.094490
f 1854/4040/1854 1645/4041/1645 1779/4042/1779
vt 0.074011 0.241162
vt 0.073604 0.246658
vt 0.069469 0.242175
f 1716/4043/1716 1748/4044/1748 1752/4045/1752
vt 0.724681 0.807845
vt 0.722582 0.798418
vt 0.728421 0.799508
f 1701/4046/1701 1652/4047/1652 1726/4048/1726
f 1736/3860/1736 1528/3581/1528 1856/3862/1856
vt 0.729283 0.808858
vt 0.729954 0.803327
f 1717/4049/1717 1701/4046/1701 1798/4050/1798
vt 0.910493 0.923426
vt 0.905025 0.923613
f 1762/4051/1762 1669/4052/1669 1749/3930/1749
f 1650/3859/1650 1600/3503/1600 1736/3860/1736
vt 0.398877 0.888812
f 1558/3534/1558 1675/3709/1675 1862/4053/1862
f 1744/4037/1744 1720/3828/1720 1609/3649/1609
f 1888/3889/1888 1795/3852/1795 1491/3844/1491
vt 0.467738 0.868746
f 1691/3545/1691 1859/4054/1859 1775/3939/1775
vt 0.170747 0.450709
f 1862/4055/1862 1675/3856/1675 1768/3909/1768
f 1765/3987/1765 1853/4014/1853 1583/3353/1583
f 1786/3869/1786 1547/3543/1547 1730/3980/1730
vt 0.449492 0.880988
vt 0.441433 0.885127
vt 0.439627 0.876210
f 1761/4056/1761 1764/4057/1764 1747/4058/1747
vt 0.241444 0.911331
f 1750/3914/1750 1746/3831/1746 1830/4059/1830
vt 0.030342 0.409028
vt 0.023871 0.408882
f 1727/4060/1727 1706/3984/1706 1818/4061/1818
f 1706/3984/1706 1649/3986/1649 1818/4061/1818
vt 0.015374 0.412287
f 1818/4061/1818 1649/3986/1649 1755/4062/1755
vt 0.640065 0.732667
f 1858/4063/1858 1714/3835/1714 1680/3863/1680
vt 0.072685 0.857929
f 1858/4064/1858 1680/3811/1680 1805/3976/1805
f 1499/3463/1499 1786/3869/1786 1770/3963/1770
f 1659/3692/1659 1797/3842/1797 1647/3691/1647
vt 0.636718 0.574852
f 1759/4065/1759 1640/3625/1640 1718/3666/1718
vt 0.641814 0.598075
f 1481/3498/1481 2025/4066/2025 1555/3227/1555
vt 0.562135 0.869064
vt 0.562159 0.870857
f 2030/3782/2030 2188/4067/2188 1662/4068/1662
vt 0.339096 0.372219
vt 0.337606 0.376760
f 1900/4069/1900 1628/4070/1628 1890/4017/1890
vt 0.637499 0.587812
f 1898/4071/1898 1718/3666/1718 1555/3227/1555
vt 0.463355 0.597838
f 1723/3997/1723 1740/4032/1740 1760/4072/1760
vt 0.166663 0.452859
f 1862/4055/1862 1768/3909/1768 1817/4073/1817
vt 0.299381 0.164931
vt 0.297983 0.159428
vt 0.302376 0.160300
f 1725/4074/1725 1652/4075/1652 1712/4076/1712
vt 0.233865 0.330054
f 1837/4008/1837 1650/3898/1650 1774/4077/1774
vt 0.313435 0.793599
f 1763/4003/1763 1669/3907/1669 1762/4078/1762
vt 0.406968 0.886321
f 1862/4053/1862 1785/4079/1785 1558/3534/1558
f 1726/4048/1726 1798/4050/1798 1701/4046/1701
vt 0.425580 0.883177
f 1803/3965/1803 1702/3689/1702 1784/4080/1784
f 1702/3689/1702 1756/4009/1756 1784/4080/1784
vt 0.126214 0.881389
f 1674/3827/1674 1732/3864/1732 1731/4081/1731
vt 0.893184 0.908743
f 1751/3787/1751 1796/4082/1796 1749/3930/1749
vt 0.730588 0.806786
f 1717/4049/1717 1798/4050/1798 1777/4083/1777
vt 0.113132 0.870484
vt 0.113577 0.877707
f 1757/3942/1757 1674/4084/1674 1915/4085/1915
vt 0.568519 0.860407
f 1988/4086/1988 1624/3928/1624 1642/3927/1642
f 1731/4081/1731 1732/3864/1732 1752/4019/1752
f 1853/4014/1853 1859/4054/1859 1691/3545/1691
vt 0.800239 0.727498
f 1735/3654/1735 1729/3764/1729 1787/4087/1787
vt 0.107499 0.876037
f 1753/3979/1753 1757/3942/1757 1986/4088/1986
f 1642/3927/1642 1707/3789/1707 1988/4086/1988
vt 0.638267 0.567480
vt 0.644274 0.565849
f 1879/4089/1879 1625/4090/1625 1640/3625/1640
vt 0.882022 0.685279
f 1605/3721/1605 1766/4091/1766 1810/4023/1810
vt 0.867759 0.885068
f 1870/4092/1870 1719/3940/1719 1668/3821/1668
f 1737/3954/1737 1769/3989/1769 1648/3770/1648
vt 0.278884 0.922305
f 1744/4037/1744 1760/4029/1760 1776/4093/1776
vt 0.458240 0.590833
vt 0.459112 0.587977
f 1740/4032/1740 1738/4094/1738 1777/4095/1777
vt 0.927342 0.932276
vt 0.918203 0.925553
f 1782/4096/1782 1710/4035/1710 1788/4097/1788
vt 0.634768 0.717431
f 1711/3961/1711 1722/3874/1722 1821/4098/1821
vt 0.455941 0.588791
f 1717/4099/1717 1777/4095/1777 1738/4094/1738
vt 0.265977 0.917483
f 1814/4100/1814 1720/3828/1720 1744/4037/1744
vt 0.861043 0.883717
f 1668/3821/1668 1837/4007/1837 1908/4101/1908
vt 0.464633 0.594415
f 1760/4072/1760 1740/4032/1740 1799/4102/1799
vt 0.088201 0.619644
vt 0.089822 0.620747
vt 0.087995 0.622668
f 1662/4103/1662 1767/4104/1767 1655/4105/1655
vt 0.645845 0.603202
f 2013/4106/2013 1481/3498/1481 1566/3681/1566
vt 0.641636 0.967351
f 1875/3983/1875 1690/3805/1690 1671/4107/1671
vt 0.650272 0.947235
f 1755/3951/1755 1694/3765/1694 1912/4108/1912
vt 0.301229 0.654866
f 1671/3754/1671 1735/3491/1735 1787/4109/1787
vt 0.804978 0.390522
vt 0.808779 0.396416
vt 0.796998 0.386338
f 1774/4110/1774 1650/4111/1650 1831/4112/1831
vt 0.917424 0.929887
vt 0.915807 0.926691
f 1788/4097/1788 1710/4113/1710 1763/4114/1763
vt 0.901790 0.915578
vt 0.899408 0.909790
f 1789/4115/1789 1749/3930/1749 1783/4116/1783
vt 0.721410 0.791933
f 1726/4048/1726 1652/4047/1652 1725/4117/1725
f 1749/3930/1749 1796/4082/1796 1783/4116/1783
vt 0.886733 0.903334
f 1796/4082/1796 1751/3787/1751 1812/4118/1812
f 1782/4096/1782 1721/4033/1721 1710/4035/1710
vt 0.848705 0.872665
f 1650/3859/1650 1736/3860/1736 1831/4119/1831
vt 0.874532 0.897397
f 1719/3940/1719 1778/4120/1778 1703/3905/1703
f 1751/3787/1751 1703/3905/1703 1812/4118/1812
vt 0.906513 0.918183
f 1762/4051/1762 1749/3930/1749 1789/4121/1789
vt 0.631452 0.710652
f 1772/4122/1772 1743/3919/1743 1683/3952/1683
f 1809/3929/1809 1720/3828/1720 1814/4100/1814
vt 0.107657 0.666029
f 1673/3769/1673 2316/4123/2316 1522/3475/1522
vt 0.585976 0.179736
vt 0.589208 0.182824
vt 0.584430 0.185259
f 1772/4124/1772 1711/4125/1711 1821/4126/1821
f 1711/3961/1711 1772/4122/1772 1683/3952/1683
vt 0.579552 0.500618
vt 0.577648 0.502962
f 1733/4127/1733 1753/3962/1753 1781/4128/1781
vt 0.652823 0.745520
vt 0.645313 0.741747
vt 0.653133 0.741728
f 1733/4129/1733 1805/4130/1805 1705/4131/1705
f 1821/4098/1821 1722/3874/1722 1714/3835/1714
f 1757/3942/1757 1915/4085/1915 1986/4088/1986
f 1830/4059/1830 1746/3831/1746 1809/3929/1809
vt 0.623673 0.699072
f 1742/3990/1742 1801/4132/1801 1734/4031/1734
vt 0.104897 0.637726
f 2038/4133/2038 1851/3903/1851 1439/3902/1439
vt 0.873222 0.895495
f 1719/3940/1719 1870/4092/1870 1778/4134/1778
vt 0.269391 0.922206
f 1814/4100/1814 1744/4037/1744 1843/4135/1843
vt 0.624701 0.702309
f 1743/3919/1743 1800/4136/1800 1742/3990/1742
vt 0.705434 0.701414
vt 0.701996 0.701987
vt 0.705679 0.699892
f 1780/4137/1780 1703/4138/1703 1778/4139/1778
vt 0.068194 0.064359
vt 0.067781 0.066688
vt 0.066684 0.066165
f 1740/4140/1740 1777/4141/1777 1799/4142/1799
vt 0.467144 0.597650
f 1776/4143/1776 1760/4072/1760 1799/4102/1799
vt 0.938699 0.936099
f 1737/3954/1737 1721/4033/1721 1872/4144/1872
f 1762/4051/1762 1788/4097/1788 1763/4114/1763
vt 0.706502 0.702502
vt 0.706075 0.709630
f 1703/4138/1703 1780/4145/1780 1812/4146/1812
vt 0.434626 0.879087
f 1803/4147/1803 1747/4058/1747 1764/4057/1764
vt 0.067045 0.247603
f 1752/4045/1752 1748/4044/1748 1838/4148/1838
f 1668/3821/1668 1908/4101/1908 1870/4092/1870
vt 0.948128 0.949264
f 1804/4149/1804 1725/4039/1725 1769/3989/1769
vt 0.136404 0.882565
f 1731/4081/1731 1752/4019/1752 1838/4150/1838
vt 0.871440 0.507397
f 1754/4021/1754 2053/4151/2053 1729/4022/1729
vt 0.726384 0.788486
f 1726/4048/1726 1725/4117/1725 1816/4152/1816
f 1756/4009/1756 1558/3534/1558 1785/4079/1785
vt 0.895552 0.312743
vt 0.901209 0.312611
vt 0.900352 0.315798
f 1829/4153/1829 1972/4154/1972 1773/4155/1773
vt 0.862956 0.696969
f 1672/3743/1672 1834/3970/1834 1880/4156/1880
f 1565/3577/1565 1672/3743/1672 1880/4156/1880
vt 0.274394 0.922887
f 1744/4037/1744 1776/4093/1776 1813/4157/1813
f 1872/4144/1872 1721/4033/1721 1782/4096/1782
vt 0.380054 0.889273
f 1677/3855/1677 1863/4158/1863 1768/3908/1768
vt 0.645840 0.750007
f 1805/4130/1805 1733/4129/1733 1781/4159/1781
vt 0.658906 0.926575
vt 0.670506 0.915282
f 1755/3951/1755 1860/4160/1860 1818/4161/1818
vt 0.627980 0.708031
f 1794/4162/1794 1743/3919/1743 1772/4122/1772
vt 0.889883 0.673976
f 1801/4163/1801 1808/3982/1808 1734/4027/1734
f 1808/3982/1808 1766/4091/1766 1605/3721/1605
f 1879/4089/1879 1640/3625/1640 1759/4065/1759
f 1800/4136/1800 1743/3919/1743 1794/4162/1794
vt 0.273157 0.920970
f 1813/4164/1813 1843/4135/1843 1744/4037/1744
vt 0.713764 0.730491
vt 0.704658 0.728857
vt 0.708299 0.722189
f 1791/4165/1791 1789/4166/1789 1783/4167/1783
f 1800/4136/1800 1801/4132/1801 1742/3990/1742
vt 0.098031 0.978292
vt 0.100995 0.980078
vt 0.098524 0.979292
f 1854/4168/1854 1836/4169/1836 1645/4170/1645
vt 0.465946 0.593104
vt 0.468311 0.594365
f 1799/4171/1799 1827/4172/1827 1776/4143/1776
vt 0.662716 0.618885
f 1758/3734/1758 1957/4173/1957 1643/3657/1643
vt 0.875601 0.892786
f 1778/4134/1778 1870/4092/1870 1793/4174/1793
vt 0.878511 0.897881
vt 0.874417 0.896550
f 1780/4175/1780 1778/4176/1778 1793/4174/1793
vt 0.463661 0.587094
vt 0.457230 0.583402
vt 0.458344 0.579705
f 1833/4177/1833 1798/4178/1798 1820/4179/1820
f 1777/4095/1777 1798/4178/1798 1833/4177/1833
f 1898/4071/1898 1555/3227/1555 2025/4066/2025
f 1799/4171/1799 1777/4095/1777 1833/4177/1833
f 1769/3989/1769 1737/3954/1737 1872/4144/1872
vt 0.915797 0.920241
f 1762/4051/1762 1789/4121/1789 1802/4180/1802
f 1788/4097/1788 1762/4051/1762 1802/4180/1802
vt 0.145449 0.888030
f 1748/3781/1748 1770/3963/1770 1850/4181/1850
vt 0.491147 0.860727
f 1728/3915/1728 1775/3939/1775 1897/4182/1897
f 1838/4150/1838 1748/3781/1748 1850/4181/1850
vt 0.658571 0.934816
f 1755/3951/1755 1912/4108/1912 1873/4183/1873
vt 0.394455 0.885450
f 1817/4184/1817 1768/3908/1768 1863/4158/1863
vt 0.721862 0.780638
f 1816/4152/1816 1725/4117/1725 1804/4185/1804
vt 0.420953 0.882036
f 1784/4080/1784 1756/4009/1756 1835/4186/1835
vt 0.730348 0.798833
f 1798/4050/1798 1726/4048/1726 1820/4187/1820
vt 0.561917 0.321734
vt 0.559537 0.316916
vt 0.564474 0.318559
f 1785/4188/1785 1835/4189/1835 1756/4190/1756
f 1694/3765/1694 1875/3983/1875 1912/4108/1912
vt 0.662101 0.914620
f 1860/4160/1860 1935/4191/1935 1818/4161/1818
vt 0.635036 0.963323
f 1895/4192/1895 1875/3983/1875 1671/4107/1671
vt 0.405229 0.446531
vt 0.405074 0.451934
vt 0.400674 0.448656
f 1765/4193/1765 1761/4194/1761 1807/4195/1807
vt 0.447502 0.874278
f 1761/4056/1761 1747/4058/1747 1807/4196/1807
vt 0.096876 0.875796
f 1986/4088/1986 1917/4197/1917 1753/3979/1753
f 1860/4160/1860 1755/3951/1755 1873/4183/1873
vt 0.575239 0.511660
f 1753/3962/1753 1917/4198/1917 1781/4128/1781
vt 0.231422 0.916392
f 1750/3914/1750 1830/4059/1830 1965/4199/1965
vt 0.623509 0.710535
f 1839/4200/1839 1794/4162/1794 1772/4122/1772
vt 0.158950 0.893423
f 1770/3963/1770 1786/3869/1786 1893/4201/1893
vt 0.628934 0.720829
f 1921/4202/1921 1714/3835/1714 1858/4063/1858
f 1714/3835/1714 1921/4202/1921 1821/4098/1821
vt 0.937977 0.598374
f 1741/3994/1741 1773/3993/1773 1972/4203/1972
vt 0.254998 0.922950
f 1814/4100/1814 1840/4204/1840 1809/3929/1809
vt 0.747145 0.281153
vt 0.743177 0.281283
vt 0.744621 0.278553
f 1813/4205/1813 1776/4206/1776 1827/4207/1827
vt 0.473420 0.598942
vt 0.475366 0.595412
vt 0.476900 0.598885
f 1813/4208/1813 1815/4209/1815 1843/4210/1843
vt 0.263323 0.921517
f 1843/4135/1843 1847/4211/1847 1814/4100/1814
vt 0.898430 0.905633
f 1783/4116/1783 1796/4082/1796 1866/4212/1866
vt 0.065129 0.586997
f 1667/3824/1667 1739/3861/1739 2070/4213/2070
vt 0.881003 0.898818
vt 0.881864 0.895608
vt 0.883173 0.901500
f 1780/4214/1780 1824/4215/1824 1812/4216/1812
vt 0.945152 0.942093
f 1872/4144/1872 1804/4217/1804 1769/3989/1769
vt 0.918477 0.922130
f 1802/4180/1802 1945/4218/1945 1788/4097/1788
vt 0.573783 0.854839
f 1990/3791/1990 1929/4219/1929 1707/3789/1707
vt 0.866619 0.683379
vt 0.875756 0.690751
f 1834/3970/1834 1771/4220/1771 1899/4221/1899
vt 0.839489 0.866878
f 1831/4119/1831 1736/3860/1736 1882/4222/1882
vt 0.432251 0.874119
f 1747/4058/1747 1803/4147/1803 1832/4223/1832
vt 0.729515 0.794032
f 1816/4152/1816 1825/4224/1825 1726/4048/1726
f 1825/4224/1825 1820/4187/1820 1726/4048/1726
vt 0.635683 0.568703
f 1983/4225/1983 1879/4089/1879 1759/4065/1759
vt 0.713136 0.740375
f 1789/4166/1789 1791/4165/1791 1802/4226/1802
vt 0.570367 0.507483
f 1781/4128/1781 1917/4198/1917 1941/4227/1941
f 1565/3577/1565 1880/4156/1880 1811/3839/1811
vt 0.191108 0.908943
f 1730/3980/1730 1806/3741/1806 1896/4228/1896
vt 0.629941 0.713213
f 1772/4229/1772 1821/4098/1821 1921/4202/1921
vt 0.103388 0.977417
vt 0.106108 0.981402
f 1836/4169/1836 2021/4230/2021 1724/4231/1724
vt 0.621785 0.701972
vt 0.621354 0.700002
f 1801/4132/1801 1800/4232/1800 1920/4233/1920
vt 0.641070 0.745181
f 1805/4130/1805 1781/4159/1781 1857/4234/1857
vt 0.830651 0.715986
f 1754/4013/1754 1811/3839/1811 1874/4235/1874
vt 0.675909 0.897629
vt 0.674846 0.907926
f 1863/4236/1863 1677/4237/1677 1727/3946/1727
vt 0.892689 0.680940
f 1881/4238/1881 1808/3982/1808 1801/4163/1801
vt 0.820191 0.724505
f 2053/4239/2053 1754/4013/1754 1874/4235/1874
vt 0.913963 0.618915
vt 0.913597 0.609180
f 1879/4240/1879 1975/4241/1975 1625/3582/1625
vt 0.469074 0.590579
f 1799/4171/1799 1833/4177/1833 1841/4242/1841
vt 0.747667 0.277416
f 1827/4207/1827 1828/4243/1828 1813/4205/1813
vt 0.749835 0.280831
f 1815/4244/1815 1813/4205/1813 1828/4243/1828
vt 0.895555 0.905604
f 1812/4118/1812 1866/4245/1866 1796/4082/1796
f 1625/3582/1625 1975/4241/1975 1684/3576/1684
f 1840/4204/1840 1814/4100/1814 1847/4211/1847
vt 0.647816 0.605953
f 1724/3893/1724 2012/4246/2012 1566/3681/1566
vt 0.727892 0.790540
f 1825/4224/1825 1816/4152/1816 1849/4247/1849
f 1793/4174/1793 1824/4215/1824 1780/4175/1780
vt 0.711108 0.709790
vt 0.710683 0.705443
f 1822/4248/1822 1812/4146/1812 1824/4249/1824
f 1827/4172/1827 1799/4171/1799 1841/4242/1841
vt 0.459219 0.574359
vt 0.462891 0.578767
f 1820/4179/1820 1825/4250/1825 1826/4251/1826
f 2013/4106/2013 1566/3681/1566 2012/4246/2012
vt 0.265668 0.924278
f 1847/4211/1847 1843/4135/1843 1848/4252/1848
f 1820/4179/1820 1826/4251/1826 1833/4177/1833
vt 0.103206 0.977435
f 2021/4253/2021 1836/4169/1836 1854/4168/1854
vt 0.894564 0.902025
f 1866/4245/1866 1812/4118/1812 1869/4254/1869
vt 0.667643 0.904265
f 1863/4236/1863 1727/3946/1727 1969/4255/1969
f 1850/4181/1850 1770/3963/1770 1893/4201/1893
f 1818/4161/1818 1969/4255/1969 1727/3946/1727
vt 0.928422 0.924645
vt 0.922323 0.921172
f 1852/4256/1852 1788/4097/1788 1945/4257/1945
f 1788/4097/1788 1852/4256/1852 1782/4096/1782
vt 0.136190 0.891391
f 1731/4081/1731 1838/4150/1838 1884/4258/1884
vt 0.569052 0.307853
vt 0.564612 0.311744
vt 0.558928 0.307080
f 1803/4259/1803 1784/4260/1784 1861/4261/1861
vt 0.129867 0.459148
vt 0.132010 0.466443
f 1915/4262/1915 1674/3932/1674 1731/4263/1731
f 1830/4059/1830 1809/3929/1809 1840/4204/1840
vt 0.483990 0.863457
f 1897/4182/1897 1775/3939/1775 1876/4264/1876
vt 0.625658 0.728279
f 1921/4202/1921 1858/4063/1858 1883/4265/1883
vt 0.301023 0.661208
f 1671/3754/1671 1787/4109/1787 1895/4266/1895
vt 0.936378 0.931172
f 1819/4267/1819 1782/4096/1782 1852/4256/1852
vt 0.939218 0.591838
vt 0.944194 0.590567
vt 0.945069 0.593275
f 2182/4268/2182 2117/4269/2117 1890/4270/1890
f 1775/3939/1775 1859/4054/1859 1876/4264/1876
f 1782/4096/1782 1819/4267/1819 1872/4144/1872
vt 0.634179 0.737896
f 1857/4234/1857 1919/4271/1919 1805/4130/1805
f 1805/4130/1805 1919/4271/1919 1858/4063/1858
vt 0.043694 0.568117
f 1795/4272/1795 1797/3842/1797 1700/3702/1700
vt 0.622748 0.716841
f 1918/4273/1918 1839/4200/1839 1772/4229/1772
vt 0.170586 0.903094
f 1730/3980/1730 2140/4274/2140 1786/3869/1786
vt 0.239684 0.272479
vt 0.239861 0.265806
vt 0.243479 0.272396
f 1839/4275/1839 1865/4276/1865 1794/4277/1794
f 1893/4201/1893 1786/3869/1786 2140/4274/2140
vt 0.203024 0.908646
f 2001/4278/2001 1896/4228/1896 1806/3741/1806
vt 0.245626 0.266279
f 1865/4276/1865 1800/4279/1800 1794/4277/1794
vt 0.897230 0.675878
f 1881/4238/1881 1801/4163/1801 1920/4280/1920
vt 0.713898 0.723871
vt 0.711907 0.719297
f 1871/4281/1871 1783/4167/1783 1866/4282/1866
f 1783/4167/1783 1871/4281/1871 1791/4165/1791
vt 0.092992 0.629027
vt 0.096543 0.630715
vt 0.097537 0.633022
f 1704/4283/1704 2084/4284/2084 1823/4285/1823
f 2013/4106/2013 2025/4066/2025 1481/3498/1481
vt 0.744614 0.275153
f 1841/4286/1841 1828/4243/1828 1827/4207/1827
vt 0.922627 0.598071
f 2163/4287/2163 1792/3836/1792 1790/4036/1790
vt 0.480719 0.597740
f 1848/4288/1848 1843/4210/1843 1815/4209/1815
vt 0.701745 0.155512
vt 0.702129 0.157967
vt 0.699827 0.156689
f 1822/4289/1822 1869/4290/1869 1812/4291/1812
vt 0.887662 0.898738
vt 0.885052 0.897260
vt 0.887059 0.895223
f 1822/4292/1822 1824/4293/1824 1903/4294/1903
vt 0.929667 0.598282
vt 0.932715 0.601251
f 1792/3836/1792 1829/4295/1829 1773/4296/1773
vt 0.878601 0.891638
f 1793/4174/1793 1923/4297/1923 1824/4215/1824
vt 0.398273 0.440201
f 1765/4193/1765 1807/4195/1807 1911/4298/1911
vt 0.726382 0.777590
vt 0.718885 0.768423
f 1886/4299/1886 1804/4185/1804 1872/4300/1872
f 1816/4152/1816 1804/4185/1804 1886/4299/1886
vt 0.719082 0.746743
vt 0.718821 0.741246
f 1945/4301/1945 1802/4226/1802 1885/4302/1885
vt 0.398993 0.877931
f 1785/4079/1785 1862/4053/1862 1910/4303/1910
vt 0.661084 0.274976
vt 0.661988 0.276601
f 1803/4006/1803 1861/4304/1861 1832/4305/1832
vt 0.331038 0.373830
vt 0.331538 0.372330
f 1890/4017/1890 1741/4306/1741 2182/4307/2182
f 1899/4221/1899 1880/4156/1880 1834/3970/1834
vt 0.423230 0.877708
vt 0.415881 0.880566
vt 0.417838 0.870474
f 1784/4308/1784 1835/4309/1835 1961/4310/1961
vt 0.057127 0.574022
f 1797/3842/1797 1968/4311/1968 1647/3691/1647
f 1810/4023/1810 1899/4221/1899 1771/4220/1771
vt 0.832556 0.857994
f 1882/4222/1882 1736/3860/1736 1960/4312/1960
vt 0.410232 0.874559
f 1878/4313/1878 1835/4309/1835 1785/4079/1785
f 1736/3860/1736 1856/3862/1856 1960/4312/1960
f 1918/4273/1918 1772/4229/1772 1921/4202/1921
f 1806/3741/1806 1750/3914/1750 2001/4278/2001
vt 0.817682 0.852019
f 1856/3862/1856 1728/3938/1728 1897/4314/1897
vt 0.242651 0.264196
f 1800/4279/1800 1865/4276/1865 1920/4315/1920
f 1969/4255/1969 1818/4161/1818 1935/4191/1935
vt 0.808771 0.737574
f 1787/4087/1787 1729/3764/1729 1855/4316/1855
vt 0.882544 0.794693
vt 0.880181 0.798464
vt 0.873422 0.797992
f 2316/4317/2316 1673/4318/1673 2046/4319/2046
vt 0.858544 0.877486
f 1837/4007/1837 1774/4320/1774 1908/4101/1908
vt 0.458295 0.872359
vt 0.456122 0.868463
f 1853/4321/1853 1765/3987/1765 1911/4322/1911
vt 0.717616 0.726490
f 1791/4165/1791 1871/4281/1871 1927/4323/1927
vt 0.722564 0.735429
f 1802/4226/1802 1791/4165/1791 1943/4324/1943
vt 0.458859 0.570299
vt 0.462673 0.569991
f 1825/4250/1825 1849/4325/1849 1891/4326/1891
vt 0.291122 0.102482
vt 0.288782 0.100242
vt 0.291465 0.101091
f 1868/4327/1868 1828/4328/1828 1841/4329/1841
vt 0.483734 0.596329
f 1887/4330/1887 1848/4288/1848 1815/4209/1815
f 1942/3941/1942 2694/3937/2694 1676/1795/1676
vt 0.118968 0.663952
f 1673/3769/1673 1845/3947/1845 2225/4331/2225
vt 0.467406 0.582900
f 1833/4177/1833 1826/4251/1826 1867/4332/1867
vt 0.262420 0.927110
f 1847/4211/1847 1848/4252/1848 1887/4333/1887
vt 0.483179 0.593401
f 1887/4330/1887 1815/4209/1815 1906/4334/1906
vt 0.731319 0.787145
f 1816/4152/1816 1891/4335/1891 1849/4247/1849
vt 0.474331 0.591608
f 1815/4209/1815 1828/4336/1828 1906/4334/1906
f 1826/4251/1826 1825/4250/1825 1891/4326/1891
f 1841/4242/1841 1833/4177/1833 1867/4332/1867
vt 0.377097 0.507594
vt 0.373127 0.511764
vt 0.373312 0.506515
f 1907/4337/1907 1949/4338/1949 1950/4339/1950
vt 0.107345 0.642179
f 1851/3903/1851 2149/4340/2149 2147/3957/2147
f 2038/4133/2038 2149/4340/2149 1851/3903/1851
f 1838/4150/1838 1850/4181/1850 1884/4258/1884
vt 0.246803 0.924864
f 1830/4059/1830 1840/4204/1840 1981/4341/1981
vt 0.876187 0.886384
f 1901/4342/1901 1793/4174/1793 1870/4092/1870
vt 0.423515 0.069747
vt 0.421831 0.067854
vt 0.423376 0.065962
f 2189/4343/2189 2098/4344/2098 1990/4345/1990
vt 0.426654 0.873854
f 1784/4308/1784 1961/4310/1961 1861/4346/1861
vt 0.118331 0.881416
vt 0.119344 0.887999
f 1915/4347/1915 1731/4081/1731 1966/4348/1966
vt 0.476583 0.243561
vt 0.478683 0.244596
vt 0.473955 0.245859
f 1911/4349/1911 1962/4350/1962 1853/4351/1853
vt 0.088407 0.966090
f 2597/4352/2597 1758/3968/1758 1653/3714/1653
vt 0.855043 0.710019
vt 0.845469 0.713850
f 1964/4353/1964 1940/4354/1940 1811/3839/1811
vt 0.479213 0.247228
f 1859/4355/1859 1853/4351/1853 1962/4350/1962
vt 0.397186 0.881548
f 1910/4303/1910 1862/4053/1862 1817/4356/1817
f 1952/3797/1952 2597/4352/2597 1653/3714/1653
f 1878/4313/1878 1785/4079/1785 1910/4303/1910
vt 0.667802 0.897019
f 1864/4357/1864 1863/4236/1863 1969/4255/1969
vt 0.640781 0.748391
f 1857/4234/1857 1781/4159/1781 1989/4358/1989
vt 0.797590 0.737610
f 1787/4087/1787 1855/4316/1855 1895/4359/1895
vt 0.334914 0.369500
f 2117/4360/2117 1900/4069/1900 1890/4017/1890
vt 0.932904 0.927428
f 1819/4267/1819 1852/4256/1852 1877/4361/1877
vt 0.721933 0.761354
vt 0.720502 0.762101
f 1877/4362/1877 1872/4300/1872 1819/4363/1819
f 1919/4271/1919 1883/4265/1883 1858/4063/1858
vt 0.716733 0.699802
vt 0.711754 0.696976
vt 0.715010 0.696230
f 1923/4364/1923 1793/4365/1793 1901/4366/1901
vt 0.730800 0.778703
f 1816/4152/1816 1886/4299/1886 1902/4367/1902
vt 0.473278 0.586519
f 1867/4332/1867 1868/4368/1868 1841/4242/1841
vt 0.713159 0.715391
vt 0.717683 0.716181
f 1866/4282/1866 1869/4369/1869 1889/4370/1889
vt 0.891584 0.900017
vt 0.894040 0.897959
f 1822/4371/1822 1931/4372/1931 1869/4254/1869
vt 0.716236 0.713474
f 1889/4370/1889 1869/4369/1869 1931/4373/1931
f 1931/4372/1931 1822/4292/1822 1903/4294/1903
vt 0.659765 0.612888
f 1779/3347/1779 1643/3657/1643 1854/4374/1854
vt 0.478637 0.591003
f 1906/4334/1906 1828/4336/1828 1909/4375/1909
vt 0.042084 0.178969
vt 0.043660 0.179547
vt 0.044657 0.184149
f 1924/4376/1924 1847/4377/1847 1887/4378/1887
vt 0.255504 0.930044
f 1847/4211/1847 1924/4379/1924 1840/4204/1840
f 1885/4302/1885 1802/4226/1802 1943/4324/1943
vt 0.635070 0.582030
f 1898/4071/1898 1958/4380/1958 1718/3666/1718
f 1958/4380/1958 1759/4065/1759 1718/3666/1718
vt 0.736509 0.792513
vt 0.733903 0.794132
vt 0.735512 0.789968
f 1867/4381/1867 1826/4382/1826 1904/4383/1904
vt 0.733595 0.784242
f 1955/4384/1955 1816/4152/1816 1902/4367/1902
f 1891/4335/1891 1816/4152/1816 1955/4384/1955
vt 0.657101 0.610830
vt 0.659664 0.612767
vt 0.655307 0.612668
f 2021/4385/2021 1854/4386/1854 2109/4387/2109
vt 0.290167 0.105201
vt 0.285200 0.102829
f 1828/4328/1828 1868/4388/1868 1909/4389/1909
vt 0.727782 0.769178
f 1872/4300/1872 1877/4362/1877 1954/4390/1954
vt 0.803866 0.387888
vt 0.798949 0.382704
f 1774/4391/1774 1831/4112/1831 1892/4392/1892
f 1954/4390/1954 1886/4299/1886 1872/4300/1872
vt 0.847596 0.863984
f 1831/4119/1831 1882/4222/1882 1974/4393/1974
vt 0.844712 0.861907
f 1882/4222/1882 2016/4394/2016 1974/4393/1974
vt 0.864150 0.526798
f 1855/4395/1855 1729/4022/1729 2053/4151/2053
vt 0.627179 0.957185
vt 0.628416 0.952182
f 1875/3983/1875 1894/4396/1894 2121/4397/2121
f 1895/4192/1895 1894/4396/1894 1875/3983/1875
f 1856/3862/1856 1897/4314/1897 1960/4312/1960
vt 0.554154 0.887375
vt 0.554088 0.892975
f 1823/4398/1823 2038/4399/2038 1439/3638/1439
vt 0.559189 0.882084
vt 0.556697 0.884716
vt 0.557486 0.881164
f 2035/4400/2035 2084/4401/2084 1704/4402/1704
vt 0.680043 0.884822
vt 0.673828 0.886266
f 1817/4403/1817 1863/4236/1863 1936/4404/1936
f 1808/3982/1808 1881/4238/1881 1766/4091/1766
vt 0.887382 0.691830
f 1810/4023/1810 1766/4091/1766 2050/4405/2050
vt 0.936819 0.595614
f 1972/4406/1972 2182/4268/2182 1741/3829/1741
vt 0.287207 0.104963
f 1909/4389/1909 1868/4388/1868 1959/4407/1959
f 1891/4335/1891 1904/4383/1904 1826/4382/1826
vt 0.088859 0.626860
vt 0.096272 0.626031
f 1704/4283/1704 1573/4408/1573 2035/4409/2035
vt 0.095831 0.622623
f 2190/4410/2190 1573/4408/1573 1655/4105/1655
vt 0.875057 0.882489
f 1901/4342/1901 1870/4092/1870 1922/4411/1922
vt 0.862294 0.873705
f 1774/4320/1774 1944/4412/1944 1908/4101/1908
vt 0.881894 0.893821
vt 0.882819 0.889100
f 1824/4413/1824 1923/4414/1923 1903/4294/1903
vt 0.719312 0.729336
f 1927/4323/1927 1934/4415/1934 1791/4165/1791
vt 0.563422 0.875068
vt 0.560856 0.877082
vt 0.560323 0.876247
f 1767/4416/1767 2190/4417/2190 1655/4418/1655
vt 0.718807 0.750595
vt 0.722685 0.753093
f 1852/4419/1852 1905/4420/1905 1877/4362/1877
f 1943/4324/1943 1791/4165/1791 1934/4415/1934
vt 0.474785 0.580362
f 1868/4368/1868 1867/4332/1867 1926/4421/1926
vt 0.724035 0.752457
f 1905/4422/1905 1852/4419/1852 1945/4301/1945
vt 0.868104 0.876703
f 1977/4423/1977 1870/4092/1870 1908/4101/1908
f 1908/4101/1908 1944/4412/1944 1977/4423/1977
vt 0.574196 0.850727
f 2098/4424/2098 1929/4219/1929 1990/3791/1990
f 1871/4281/1871 1866/4282/1866 1889/4370/1889
vt 0.465781 0.574730
vt 0.468525 0.577294
f 1904/4425/1904 1925/4426/1925 1867/4332/1867
vt 0.481483 0.590826
f 1906/4334/1906 1909/4375/1909 1932/4427/1932
vt 0.841009 0.859840
f 2016/4394/2016 1882/4222/1882 1991/4428/1991
vt 0.827164 0.722403
f 2053/4239/2053 1874/4235/1874 2116/4429/2116
vt 0.635461 0.570472
f 1759/4065/1759 1907/4430/1907 1983/4225/1983
f 1830/4059/1830 1981/4341/1981 1965/4199/1965
vt 0.477482 0.856732
vt 0.466636 0.860525
f 1937/4431/1937 1876/4264/1876 1913/4432/1913
f 1913/4432/1913 1876/4264/1876 1859/4054/1859
vt 0.154265 0.898384
f 1850/4181/1850 1893/4201/1893 1938/4433/1938
vt 0.465176 0.862705
f 1939/4434/1939 1913/4432/1913 1859/4054/1859
vt 0.439641 0.863029
vt 0.451227 0.867406
f 2093/4435/2093 1911/4436/1911 1807/4196/1807
f 1884/4258/1884 1850/4181/1850 1938/4433/1938
f 2140/4274/2140 1730/3980/1730 1896/4228/1896
vt 0.485906 0.854702
f 2014/4437/2014 1897/4182/1897 1876/4264/1876
vt 0.202729 0.921710
f 2173/4438/2173 1750/3914/1750 1965/4199/1965
f 2001/4278/2001 1750/3914/1750 2173/4438/2173
f 1961/4310/1961 1835/4309/1835 1878/4313/1878
f 1988/4086/1988 2030/3782/2030 1624/3928/1624
f 1874/4235/1874 1811/3839/1811 1940/4354/1940
f 1811/3839/1811 1880/4156/1880 1964/4353/1964
vt 0.619119 0.705664
vt 0.612168 0.707294
f 1865/4439/1865 1839/4200/1839 1992/4440/1992
vt 0.615806 0.703670
f 1920/4441/1920 1865/4439/1865 1992/4440/1992
vt 0.670775 0.893269
f 1864/4357/1864 1936/4442/1936 1863/4236/1863
vt 0.085898 0.870345
vt 0.090001 0.875364
vt 0.084915 0.882486
f 1781/4443/1781 1941/4444/1941 1916/4445/1916
vt 0.901704 0.685451
f 1881/4238/1881 1920/4280/1920 2008/4446/2008
vt 0.889800 0.695938
f 1899/4221/1899 1810/4023/1810 1987/4447/1987
vt 0.886724 0.692113
f 1987/4447/1987 1810/4023/1810 2050/4448/2050
vt 0.660927 0.617075
f 1643/3657/1643 1957/4449/1957 1854/4374/1854
vt 0.477064 0.586582
f 1959/4450/1959 1868/4368/1868 1926/4421/1926
vt 0.477757 0.589116
vt 0.479177 0.588883
f 1909/4451/1909 1959/4450/1959 1932/4452/1932
vt 0.466393 0.567586
vt 0.465089 0.572743
f 1955/4453/1955 1904/4425/1904 1891/4454/1891
f 1954/4390/1954 1902/4367/1902 1886/4299/1886
vt 0.470872 0.578588
f 1867/4332/1867 1925/4455/1925 1926/4421/1926
vt 0.911277 0.615123
f 1879/4240/1879 1983/4456/1983 1975/4241/1975
vt 0.378358 0.513645
vt 0.375435 0.516328
f 1759/4457/1759 1958/4458/1958 1907/4337/1907
vt 0.887364 0.891162
vt 0.890672 0.893906
f 1903/4294/1903 1999/4459/1999 1980/4460/1980
vt 0.724541 0.714366
f 1871/4281/1871 1889/4370/1889 2009/4461/2009
vt 0.486617 0.594319
f 1930/4462/1930 1887/4330/1887 1906/4334/1906
vt 0.725152 0.742236
f 1945/4301/1945 1885/4302/1885 2018/4463/2018
vt 0.721700 0.732035
f 1943/4324/1943 1934/4415/1934 1933/4464/1933
vt 0.721554 0.695352
vt 0.717664 0.694198
f 1948/4465/1948 1923/4364/1923 1901/4466/1901
f 1903/4294/1903 1923/4414/1923 1999/4459/1999
f 1949/4338/1949 1907/4337/1907 1958/4458/1958
f 1903/4294/1903 1980/4460/1980 1931/4372/1931
vt 0.468769 0.570202
f 1904/4425/1904 1955/4453/1955 1928/4467/1928
f 1925/4426/1925 1904/4425/1904 1928/4467/1928
vt 0.063174 0.876530
vt 0.065709 0.869644
vt 0.075967 0.870191
f 2002/4468/2002 1919/4469/1919 1857/4470/1857
vt 0.424722 0.867996
f 1832/4223/1832 1861/4346/1861 1984/4471/1984
vt 0.251701 0.928481
f 1924/4379/1924 1995/4472/1995 1840/4204/1840
f 1861/4346/1861 1961/4310/1961 1984/4471/1984
vt 0.133232 0.506241
vt 0.134926 0.508106
vt 0.135782 0.511633
f 1918/4473/1918 1921/4474/1921 2022/4475/2022
vt 0.618591 0.722716
f 1921/4202/1921 1883/4265/1883 2022/4476/2022
vt 0.459550 0.864015
f 1962/4477/1962 1939/4434/1939 1859/4054/1859
vt 0.875497 0.714601
f 1899/4221/1899 2136/4478/2136 1880/4156/1880
vt 0.813480 0.181829
vt 0.812903 0.177464
vt 0.817342 0.177101
f 1944/4479/1944 1892/4480/1892 2015/4481/2015
vt 0.808063 0.180804
f 1774/4482/1774 1892/4480/1892 1944/4479/1944
vt 0.615298 0.715652
f 1992/4440/1992 1839/4200/1839 2007/4483/2007
vt 0.641686 0.921575
f 1860/4160/1860 1873/4183/1873 2120/4484/2120
vt 0.955787 0.585758
f 1888/3889/1888 2100/4485/2100 1795/3852/1795
vt 0.634468 0.937512
f 2120/4484/2120 1873/4183/1873 2029/4486/2029
f 1873/4183/1873 1912/4108/1912 2029/4486/2029
f 1884/4258/1884 1966/4348/1966 1731/4081/1731
f 1747/4058/1747 2093/4435/2093 1807/4196/1807
vt 0.897177 0.692792
f 1766/4091/1766 1881/4238/1881 2171/4487/2171
vt 0.903708 0.679542
f 2008/4446/2008 1920/4280/1920 1992/4488/1992
vt 0.098972 0.884526
f 1917/4197/1917 1986/4088/1986 2005/4489/2005
vt 0.402457 0.875369
f 1878/4313/1878 1910/4303/1910 2006/4490/2006
vt 0.567568 0.516911
f 1941/4227/1941 1917/4198/1917 2005/4491/2005
vt 0.676622 0.878286
f 1817/4403/1817 1936/4404/1936 1910/4492/1910
vt 0.874305 0.524145
f 1855/4395/1855 2053/4151/2053 2031/4493/2031
vt 0.078422 0.875234
f 1916/4445/1916 1989/4494/1989 1781/4443/1781
vt 0.082703 0.090025
vt 0.083223 0.093780
vt 0.080299 0.093806
f 2128/4495/2128 1888/4496/1888 1651/4497/1651
vt 0.559962 0.889079
f 2084/4401/2084 1993/4498/1993 1823/4398/1823
vt 0.481781 0.584469
vt 0.480279 0.589587
f 1959/4450/1959 1997/4499/1997 1932/4500/1932
vt 0.486074 0.589611
f 1997/4499/1997 1956/4501/1956 1932/4500/1932
f 2190/4410/2190 2035/4409/2035 1573/4408/1573
f 2009/4461/2009 1889/4370/1889 1931/4373/1931
vt 0.338994 0.366724
vt 0.341821 0.370876
f 1900/4069/1900 2128/4502/2128 1651/4503/1651
vt 0.725756 0.756460
f 1953/4504/1953 1877/4362/1877 1905/4422/1905
vt 0.471768 0.573893
f 1925/4455/1925 1946/4505/1946 1926/4421/1926
f 1906/4334/1906 1932/4427/1932 1956/4501/1956
vt 0.720834 0.710915
vt 0.717101 0.711614
vt 0.720146 0.708078
f 1982/4506/1982 1931/4507/1931 1980/4508/1980
vt 0.377690 0.503772
vt 0.375730 0.502180
f 1983/4509/1983 1907/4337/1907 2034/4510/2034
vt 0.722244 0.706673
vt 0.720491 0.701981
f 1998/4511/1998 1980/4508/1980 1999/4512/1999
vt 0.726322 0.760643
vt 0.727388 0.764947
f 1953/4513/1953 1954/4514/1954 1877/4362/1877
vt 0.375151 0.504853
f 2034/4515/2034 1907/4337/1907 1950/4339/1950
f 1926/4421/1926 1997/4499/1997 1959/4450/1959
vt 0.064423 0.583574
f 1647/3691/1647 2033/4516/2033 1739/3861/1739
vt 0.728767 0.749902
f 1945/4301/1945 1973/4517/1973 1905/4422/1905
vt 0.945425 0.273221
vt 0.943380 0.277155
vt 0.942350 0.273546
f 1946/4518/1946 1925/4519/1925 1928/4520/1928
f 1945/4301/1945 2018/4463/2018 1973/4517/1973
vt 0.885928 0.889638
vt 0.884270 0.884912
f 1999/4521/1999 1923/4414/1923 2036/4522/2036
f 1922/4411/1922 1870/4092/1870 1977/4423/1977
vt 0.722524 0.711306
f 2009/4461/2009 1931/4373/1931 1982/4523/1982
vt 0.478800 0.575686
f 1926/4421/1926 1946/4505/1946 2048/4524/2048
f 1790/4036/1790 1684/3576/1684 1975/4241/1975
vt 0.727642 0.722599
f 1927/4323/1927 1871/4281/1871 2077/4525/2077
vt 0.358661 0.318042
vt 0.360903 0.316129
vt 0.361770 0.318445
f 1934/4526/1934 1927/4527/1927 2000/4528/2000
vt 0.282617 0.463848
vt 0.285490 0.459164
vt 0.289809 0.463486
f 1954/4529/1954 1953/4530/1953 1971/4531/1971
f 1930/4462/1930 1906/4334/1906 1956/4501/1956
f 1885/4302/1885 1943/4324/1943 2018/4463/2018
vt 0.249818 0.928645
f 1981/4341/1981 1840/4204/1840 1995/4532/1995
vt 0.475641 0.565581
f 1928/4467/1928 1996/4533/1996 1946/4505/1946
vt 0.279923 0.471802
vt 0.279512 0.467776
vt 0.282068 0.468715
f 1902/4534/1902 1954/4535/1954 1979/4536/1979
vt 0.042594 0.185693
vt 0.039509 0.182475
f 1887/4378/1887 1930/4537/1930 1924/4538/1924
vt 0.334302 0.291792
vt 0.333590 0.287208
vt 0.339362 0.286923
f 1832/4539/1832 1984/4540/1984 2004/4541/2004
vt 0.836351 0.858795
f 1991/4428/1991 1882/4222/1882 1960/4542/1960
vt 0.395925 0.435851
vt 0.392149 0.436292
f 1962/4543/1962 1911/4298/1911 2003/4544/2003
vt 0.453990 0.861453
f 2003/4545/2003 1911/4436/1911 2093/4435/2093
vt 0.128560 0.505718
vt 0.129198 0.511495
f 1839/4546/1839 1918/4473/1918 2007/4547/2007
vt 0.671029 0.877187
f 1910/4492/1910 1936/4404/1936 2071/4548/2071
vt 0.671470 0.882546
f 2071/4548/2071 1936/4404/1936 2054/4549/2054
f 2033/4516/2033 2070/4213/2070 1739/3861/1739
vt 0.491660 0.855845
f 1897/4182/1897 2014/4437/2014 1978/4550/1978
f 1893/4201/1893 2140/4274/2140 1938/4433/1938
vt 0.483312 0.857539
f 2014/4551/2014 1876/4264/1876 1937/4431/1937
vt 0.828671 0.852595
vt 0.833024 0.852627
f 1960/4312/1960 1978/4552/1978 1985/4553/1985
vt 0.123517 0.468144
vt 0.122038 0.464065
f 1966/4554/1966 1967/4555/1967 1915/4262/1915
vt 0.777797 0.214693
vt 0.780102 0.215702
vt 0.776490 0.216816
f 1897/4556/1897 1978/4557/1978 1960/4558/1960
vt 0.977133 0.738976
f 1681/3120/1681 1942/4559/1942 1745/2961/1745
vt 0.112684 0.892556
f 1986/4088/1986 1915/4085/1915 1967/4560/1967
vt 0.562666 0.515193
f 1941/4227/1941 2005/4491/2005 2051/4561/2051
vt 0.027108 0.310836
vt 0.011883 0.311883
vt 0.015668 0.307365
f 1936/4562/1936 1864/4563/1864 2055/4564/2055
vt 0.565024 0.510535
f 2051/4561/2051 1916/4565/1916 1941/4227/1941
vt 0.142232 0.900852
f 1884/4258/1884 1938/4433/1938 2094/4566/2094
vt 0.797028 0.380391
f 1892/4392/1892 1831/4112/1831 2015/4567/2015
vt 0.837353 0.720100
f 1914/4568/1914 1874/4235/1874 1940/4354/1940
vt 0.880693 0.884238
f 2036/4522/2036 1923/4414/1923 1948/4569/1948
vt 0.359118 0.320221
f 1933/4570/1933 1934/4526/1934 2000/4528/2000
vt 0.720032 0.693733
f 1922/4571/1922 1948/4465/1948 1901/4466/1901
f 2077/4525/2077 1871/4281/1871 2009/4461/2009
vt 0.730918 0.755288
vt 0.727025 0.758868
f 1905/4422/1905 2037/4572/2037 1953/4573/1953
f 2037/4572/2037 1905/4422/1905 1973/4517/1973
vt 0.725994 0.726471
f 2000/4574/2000 1927/4323/1927 2077/4525/2077
f 1954/4529/1954 1971/4531/1971 1979/4536/1979
f 1996/4533/1996 2048/4524/2048 1946/4505/1946
vt 0.466664 0.562046
vt 0.474959 0.559366
f 1955/4453/1955 1902/4575/1902 1976/4576/1976
f 1997/4499/1997 1926/4421/1926 2048/4524/2048
f 1996/4533/1996 1955/4453/1955 1976/4576/1976
vt 0.115793 0.666785
f 2046/4577/2046 1673/3769/1673 2225/4331/2225
vt 0.282040 0.471826
f 1976/4578/1976 1902/4534/1902 1979/4536/1979
f 1955/4453/1955 1996/4533/1996 1928/4467/1928
vt 0.239804 0.927840
f 1963/4579/1963 1965/4199/1965 1981/4341/1981
vt 0.723538 0.705246
f 1994/4580/1994 1998/4511/1998 1999/4512/1999
vt 0.630560 0.580274
vt 0.630529 0.588058
vt 0.626563 0.578846
f 1958/4581/1958 2180/4582/2180 2139/4583/2139
vt 0.629802 0.578959
f 1949/4584/1949 1958/4581/1958 2139/4583/2139
vt 0.490178 0.852710
f 1978/4550/1978 2014/4437/2014 2047/4585/2047
vt 0.287053 0.471206
f 1971/4531/1971 1976/4586/1976 1979/4536/1979
vt 0.628710 0.575694
vt 0.627243 0.572988
vt 0.628873 0.573141
f 1949/4587/1949 2067/4588/2067 1950/4589/1950
vt 0.858865 0.867035
vt 0.851905 0.863707
f 2015/4590/2015 1831/4119/1831 2058/4591/2058
vt 0.073120 0.876713
f 1989/4592/1989 2002/4468/2002 1857/4470/1857
vt 0.897728 0.473503
vt 0.891845 0.488636
vt 0.892363 0.478272
f 1964/4593/1964 1914/4594/1914 1940/4595/1940
f 2058/4591/2058 1831/4119/1831 1974/4393/1974
vt 0.510396 0.356443
vt 0.512612 0.356498
vt 0.511361 0.357824
f 1988/4596/1988 2107/4597/2107 2030/4598/2030
vt 0.624558 0.740437
vt 0.617602 0.732255
f 2002/4599/2002 2135/4600/2135 1919/4271/1919
vt 0.393382 0.433398
f 2003/4544/2003 1939/4601/1939 1962/4543/1962
f 1883/4265/1883 1919/4271/1919 2135/4600/2135
vt 0.836726 0.855406
f 1960/4312/1960 1985/4553/1985 2017/4602/2017
vt 0.227455 0.934521
f 1965/4199/1965 1963/4579/1963 2095/4603/2095
vt 0.046117 0.565922
f 1797/3842/1797 1795/4272/1795 2027/4604/2027
vt 0.885131 0.697032
f 1899/4221/1899 1987/4447/1987 2137/4605/2137
vt 0.470904 0.854654
f 1937/4431/1937 1913/4432/1913 2062/4606/2062
vt 0.430588 0.865750
f 2004/4607/2004 2093/4435/2093 1747/4058/1747
f 1832/4223/1832 2004/4607/2004 1747/4058/1747
vt 0.908553 0.683410
f 2008/4446/2008 1992/4488/1992 2032/4608/2032
vt 0.958028 0.585053
f 2100/4485/2100 2027/4609/2027 1795/3852/1795
f 2136/4478/2136 1899/4221/1899 2137/4605/2137
f 2171/4487/2171 1881/4238/1881 2008/4446/2008
f 1912/4108/1912 1875/3983/1875 2121/4397/2121
vt 0.571877 0.860429
f 1988/4086/1988 1707/3789/1707 2297/4610/2297
vt 0.336128 0.368535
f 2117/4611/2117 2128/4502/2128 1900/4069/1900
f 2038/4399/2038 1823/4398/1823 1993/4498/1993
f 2171/4487/2171 2050/4405/2050 1766/4091/1766
f 1929/4219/1929 2297/4610/2297 1707/3789/1707
vt 0.547649 0.908817
vt 0.541577 0.909620
f 2262/4612/2262 1845/4613/1845 1844/3948/1844
vt 0.673410 0.870537
vt 0.679006 0.861415
vt 0.679356 0.869182
f 2006/4614/2006 1961/4615/1961 1878/4616/1878
vt 0.425412 0.069778
f 2189/4343/2189 1990/4345/1990 1667/4617/1667
vt 0.396554 0.873257
f 2071/4618/2071 2006/4490/2006 1910/4303/1910
vt 0.882674 0.495011
vt 0.889389 0.507277
vt 0.879642 0.506745
f 1874/4619/1874 2145/4620/2145 2116/4621/2116
vt 0.156351 0.176760
vt 0.155216 0.178388
vt 0.152584 0.177366
f 2070/4622/2070 2189/4623/2189 1667/4624/1667
vt 0.722159 0.709346
vt 0.724174 0.708751
f 1982/4523/1982 1980/4625/1980 1998/4626/1998
vt 0.291400 0.457846
vt 0.288499 0.459305
f 2037/4627/2037 1971/4531/1971 1953/4628/1953
vt 0.727336 0.736308
f 2018/4463/2018 1943/4324/1943 2041/4629/2041
vt 0.725575 0.733075
f 2040/4630/2040 1943/4324/1943 1933/4464/1933
f 1981/4341/1981 1995/4532/1995 1963/4579/1963
vt 0.250614 0.930645
f 2020/4631/2020 1995/4472/1995 1924/4379/1924
vt 0.725528 0.731127
vt 0.722902 0.729244
f 2040/4632/2040 1933/4633/1933 2000/4574/2000
vt 0.568119 0.868942
f 2188/4634/2188 1767/4416/1767 1662/4068/1662
f 2009/4461/2009 1982/4523/1982 1998/4626/1998
vt 0.731173 0.742463
f 2018/4463/2018 2044/4635/2044 1973/4517/1973
f 2041/4629/2041 1943/4324/1943 2040/4630/2040
vt 0.849589 0.862623
f 1974/4393/1974 2059/4636/2059 2058/4591/2058
vt 0.881689 0.882983
f 2036/4522/2036 1948/4569/1948 2108/4637/2108
vt 0.649882 0.609414
vt 0.648160 0.609154
vt 0.649809 0.607797
f 2021/4638/2021 2112/4639/2112 1724/4640/1724
vt 0.648007 0.607453
f 1724/4640/1724 2112/4639/2112 2012/4641/2012
vt 0.654714 0.615973
f 2151/4642/2151 1854/4374/1854 1957/4449/1957
vt 0.645748 0.605758
f 2012/4246/2012 2260/4643/2260 2013/4106/2013
vt 0.865828 0.869964
f 1977/4423/1977 1944/4412/1944 2010/4644/2010
vt 0.492935 0.590180
vt 0.491904 0.597156
f 2028/4645/2028 1924/4646/1924 1930/4462/1930
vt 0.186041 0.921555
f 2196/4647/2196 2140/4274/2140 1896/4228/1896
f 1883/4265/1883 2135/4600/2135 2022/4476/2022
vt 0.474843 0.405795
vt 0.471501 0.403354
vt 0.477984 0.404258
f 1960/4648/1960 2017/4649/2017 1991/4650/1991
vt 0.830416 0.847957
f 1985/4553/1985 1978/4552/1978 2060/4651/2060
vt 0.104255 0.889607
f 1986/4088/1986 2056/4652/2056 2005/4489/2005
vt 0.219686 0.928464
f 2173/4438/2173 1965/4199/1965 2203/4653/2203
vt 0.653018 0.900494
f 1935/4191/1935 2026/4654/2026 1969/4255/1969
vt 0.026402 0.303239
f 1936/4562/1936 2055/4564/2055 2054/4655/2054
vt 0.631691 0.759106
vt 0.624095 0.754955
vt 0.634531 0.748976
f 1916/4656/1916 2174/4657/2174 1989/4658/1989
vt 0.673775 0.861619
f 1961/4615/1961 2006/4614/2006 2052/4659/2052
f 1935/4191/1935 1860/4160/1860 2120/4484/2120
vt 0.862114 0.535762
vt 0.859834 0.533861
f 1894/4660/1894 1895/4661/1895 1855/4395/1855
f 1964/4353/1964 1880/4156/1880 2136/4478/2136
f 2007/4547/2007 1918/4473/1918 2022/4475/2022
vt 0.988972 0.013439
vt 0.987000 0.016120
vt 0.987076 0.012771
f 2060/4662/2060 1978/4663/1978 2047/4664/2047
vt 0.879126 0.882402
vt 0.878478 0.878246
f 1948/4665/1948 1922/4411/1922 2039/4666/2039
vt 0.475163 0.065051
vt 0.476748 0.069129
vt 0.474946 0.066459
f 1970/4667/1970 1983/4668/1983 2034/4669/2034
f 1922/4411/1922 1977/4423/1977 2039/4666/2039
vt 0.725482 0.695763
vt 0.725922 0.693817
f 2108/4670/2108 1948/4465/1948 2039/4671/2039
vt 0.772041 0.357433
vt 0.767417 0.357090
vt 0.768089 0.354468
f 2059/4672/2059 1974/4673/1974 2016/4674/2016
f 2044/4635/2044 2018/4463/2018 2041/4629/2041
vt 0.486383 0.582579
f 1956/4501/1956 1997/4499/1997 2019/4675/2019
vt 0.377069 0.525764
vt 0.373966 0.523272
f 1898/4676/1898 2180/4677/2180 1958/4458/1958
f 2010/4644/2010 1944/4412/1944 2015/4590/2015
f 2028/4645/2028 1930/4462/1930 1956/4501/1956
vt 0.198552 0.303714
vt 0.200294 0.301498
vt 0.200568 0.304499
f 1924/4678/1924 2011/4679/2011 2020/4680/2020
vt 0.907787 0.611435
f 1970/4681/1970 1975/4241/1975 1983/4456/1983
vt 0.531947 0.283110
vt 0.532181 0.277939
vt 0.536110 0.281923
f 1999/4682/1999 2075/4683/2075 1994/4684/1994
vt 0.733155 0.715759
f 2009/4461/2009 2061/4685/2061 2077/4525/2077
vt 0.837010 0.852887
f 2017/4602/2017 1985/4553/1985 2162/4686/2162
vt 0.770104 0.352016
vt 0.773246 0.352106
f 2016/4674/2016 1991/4687/1991 2043/4688/2043
vt 0.723896 0.698944
vt 0.727446 0.701581
f 1999/4512/1999 2036/4689/2036 2075/4690/2075
vt 0.092364 0.968145
vt 0.094001 0.969052
f 2065/4691/2065 2426/4692/2426 1758/3968/1758
f 2597/4352/2597 2065/4691/2065 1758/3968/1758
vt 0.872990 0.872757
f 2039/4666/2039 1977/4423/1977 2063/4693/2063
vt 0.292929 0.470640
f 1976/4586/1976 1971/4531/1971 2079/4694/2079
vt 0.644039 0.154342
vt 0.642484 0.154501
vt 0.643374 0.152004
f 2011/4695/2011 1924/4696/1924 2045/4697/2045
vt 0.246856 0.931692
f 1963/4579/1963 1995/4532/1995 2020/4698/2020
vt 0.475052 0.399713
f 2043/4699/2043 1991/4650/1991 2017/4649/2017
f 1864/4357/1864 1969/4255/1969 2026/4654/2026
vt 0.495065 0.592145
f 1924/4646/1924 2028/4645/2028 2045/4700/2045
vt 0.222254 0.058533
vt 0.225065 0.061601
vt 0.222714 0.062313
f 2260/4701/2260 2337/4702/2337 2013/4703/2013
vt 0.425696 0.866135
vt 0.423338 0.863891
f 2004/4704/2004 1984/4471/1984 2097/4705/2097
f 1912/4108/1912 2121/4397/2121 2029/4486/2029
vt 0.680383 0.856226
f 1984/4706/1984 1961/4615/1961 2052/4659/2052
vt 0.651531 0.912687
f 1935/4191/1935 2120/4484/2120 2024/4707/2024
f 2145/4620/2145 1874/4619/1874 1914/4594/1914
vt 0.121697 0.899142
f 2023/4708/2023 1966/4348/1966 1884/4258/1884
vt 0.955441 0.583034
f 2272/4709/2272 2027/4609/2027 2100/4485/2100
f 1986/4088/1986 1967/4560/1967 2056/4652/2056
vt 0.564697 0.523309
vt 0.558789 0.520661
f 2005/4491/2005 2056/4710/2056 2057/4711/2057
f 2057/4711/2057 2051/4561/2051 2005/4491/2005
vt 0.903811 0.487248
f 1914/4594/1914 1964/4593/1964 2096/4712/2096
vt 0.604947 0.712780
f 1992/4440/1992 2007/4483/2007 2072/4713/2072
vt 0.605161 0.705664
f 2032/4714/2032 1992/4440/1992 2072/4713/2072
vt 0.484713 0.567991
f 1996/4533/1996 2129/4715/2129 2048/4524/2048
vt 0.505522 0.093569
vt 0.510838 0.094051
vt 0.506938 0.096001
f 1937/4716/1937 2064/4717/2064 2014/4718/2014
vt 0.732177 0.737793
f 2044/4635/2044 2041/4629/2041 2105/4719/2105
f 1854/4374/1854 2151/4642/2151 2109/4387/2109
f 1997/4499/1997 2048/4524/2048 2019/4675/2019
f 1977/4423/1977 2010/4644/2010 2063/4693/2063
vt 0.103895 0.975379
vt 0.108158 0.976705
f 2109/4720/2109 2112/4721/2112 2021/4230/2021
vt 0.484550 0.559239
f 2079/4722/2079 1996/4533/1996 1976/4576/1976
vt 0.877697 0.872947
f 2157/4723/2157 2039/4666/2039 2063/4693/2063
f 2059/4672/2059 2016/4674/2016 2043/4688/2043
vt 0.304606 0.047621
vt 0.304212 0.049667
vt 0.301488 0.047289
f 2059/4724/2059 2086/4725/2086 2058/4726/2058
vt 0.899372 0.308600
f 1972/4154/1972 1829/4153/1829 2184/4727/2184
vt 0.834323 0.848472
f 1985/4553/1985 2060/4651/2060 2085/4728/2085
vt 0.728192 0.696339
f 2075/4690/2075 2036/4689/2036 2108/4729/2108
vt 0.467044 0.403037
vt 0.465786 0.404395
vt 0.464809 0.401800
f 2162/4730/2162 1985/4731/1985 2085/4732/2085
vt 0.727628 0.732807
vt 0.733705 0.729329
f 2040/4733/2040 2000/4574/2000 2125/4734/2125
vt 0.356043 0.327586
vt 0.359395 0.327157
vt 0.359592 0.328471
f 2041/4735/2041 2040/4736/2040 2101/4737/2101
vt 0.663769 0.890875
vt 0.656331 0.895069
f 2055/4738/2055 1864/4357/1864 2090/4739/2090
f 1864/4357/1864 2026/4654/2026 2090/4739/2090
vt 0.484226 0.850502
f 2014/4437/2014 2064/4740/2064 2047/4585/2047
vt 0.673640 0.854808
f 1984/4706/1984 2052/4659/2052 2097/4741/2097
vt 0.459980 0.859446
vt 0.455764 0.855746
f 1939/4742/1939 2003/4545/2003 2091/4743/2091
vt 0.443880 0.853815
f 2113/4744/2113 2003/4545/2003 2093/4435/2093
vt 0.859370 0.865853
f 2015/4590/2015 2058/4591/2058 2073/4745/2073
f 1792/3836/1792 2163/4287/2163 1829/4295/1829
vt 0.515163 0.360397
f 2188/4746/2188 2030/4598/2030 2107/4597/2107
vt 0.119298 0.471792
vt 0.115166 0.472168
f 1966/4554/1966 2023/4747/2023 2285/4748/2285
vt 0.131550 0.520114
f 2007/4547/2007 2022/4475/2022 2118/4749/2118
vt 0.373838 0.528416
f 2180/4677/2180 1898/4676/1898 2082/4750/2082
vt 0.394835 0.866123
vt 0.404822 0.871342
f 2071/4618/2071 2142/4751/2142 2006/4752/2006
vt 0.607086 0.723534
f 2072/4713/2072 2007/4483/2007 2118/4753/2118
vt 0.627730 0.743280
f 2002/4754/2002 1989/4658/1989 2174/4657/2174
vt 0.896887 0.695772
f 2050/4405/2050 2171/4487/2171 2242/4755/2242
vt 0.910973 0.688094
f 2008/4446/2008 2032/4608/2032 2143/4756/2143
vt 0.488637 0.848851
f 2064/4740/2064 2076/4757/2076 2047/4585/2047
vt 0.488386 0.575524
f 2048/4524/2048 2104/4758/2104 2019/4675/2019
vt 0.736792 0.750124
vt 0.736166 0.745623
f 2080/4759/2080 2044/4635/2044 2078/4760/2078
vt 0.786741 0.216060
vt 0.784448 0.212386
vt 0.789750 0.212975
f 2060/4761/2060 2047/4762/2047 2076/4763/2076
vt 0.957169 0.737754
f 1681/3120/1681 2314/3631/2314 3062/4764/3062
vt 0.293612 0.458976
vt 0.298477 0.464483
f 2037/4765/2037 2103/4766/2103 1971/4531/1971
vt 0.202326 0.304166
vt 0.206781 0.300092
f 2020/4767/2020 2011/4679/2011 2068/4768/2068
vt 0.197786 0.299362
vt 0.202309 0.298512
f 2011/4679/2011 2045/4769/2045 2066/4770/2066
f 2044/4635/2044 2080/4759/2080 1973/4517/1973
vt 0.727836 0.678863
vt 0.725753 0.674929
vt 0.733532 0.676007
f 2010/4771/2010 2015/4772/2015 2111/4773/2111
vt 0.550862 0.902266
f 2147/4774/2147 2262/4612/2262 1844/3948/1844
vt 0.734814 0.755488
f 2037/4775/2037 1973/4517/1973 2080/4759/2080
vt 0.317606 0.101531
vt 0.322383 0.100451
vt 0.323723 0.100591
f 2102/4776/2102 2045/4777/2045 2028/4778/2028
vt 0.733987 0.734219
f 2101/4779/2101 2040/4733/2040 2125/4734/2125
vt 0.730442 0.736710
f 2041/4780/2041 2101/4779/2101 2105/4719/2105
vt 0.646095 0.148966
vt 0.647069 0.150349
f 2102/4781/2102 2066/4782/2066 2045/4697/2045
vt 0.732462 0.739389
f 2087/4783/2087 2044/4635/2044 2105/4719/2105
vt 0.114054 0.654790
vt 0.120186 0.651855
f 2225/4331/2225 2262/4784/2262 2236/4785/2236
vt 0.478102 0.850061
f 1937/4431/1937 2062/4606/2062 2122/4786/2122
vt 0.489763 0.580385
f 2083/4787/2083 2019/4675/2019 2104/4758/2104
f 1522/3772/1522 2316/4317/2316 2234/2958/2234
f 2125/4734/2125 2000/4574/2000 2077/4525/2077
vt 0.100728 0.626125
f 2206/4788/2206 2035/4409/2035 2190/4410/2190
vt 0.731564 0.709495
vt 0.728964 0.705783
f 2110/4789/2110 1998/4626/1998 1994/4790/1994
f 2110/4789/2110 2009/4461/2009 1998/4626/1998
vt 0.298307 0.464505
f 2079/4694/2079 1971/4531/1971 2103/4791/2103
vt 0.855579 0.861235
vt 0.861222 0.863630
vt 0.855476 0.863633
f 2086/4792/2086 2073/4793/2073 2058/4794/2058
vt 0.471868 0.398076
f 2017/4649/2017 2074/4795/2074 2043/4699/2043
vt 0.665692 0.881133
vt 0.658690 0.879530
f 2054/4796/2054 2055/4738/2055 2089/4797/2089
f 2019/4675/2019 2028/4645/2028 1956/4501/1956
f 1896/4228/1896 2001/4278/2001 2173/4438/2173
vt 0.656669 0.890494
f 2092/4798/2092 2089/4797/2089 2055/4738/2055
vt 0.677387 0.251149
vt 0.684064 0.245131
vt 0.685457 0.249382
f 1913/4799/1913 2069/4800/2069 2062/4801/2062
vt 0.674707 0.247193
f 2069/4800/2069 1913/4799/1913 1939/4802/1939
vt 0.612601 0.724462
f 2118/4803/2118 2022/4476/2022 2135/4600/2135
f 2090/4739/2090 2092/4798/2092 2055/4738/2055
vt 0.030600 0.098197
vt 0.028933 0.094061
vt 0.032475 0.096262
f 2139/4804/2139 2067/4805/2067 1949/4806/1949
vt 0.460744 0.856194
vt 0.460767 0.854920
f 1939/4807/1939 2091/4743/2091 2069/4808/2069
f 2225/4331/2225 1845/3947/1845 2262/4784/2262
vt 0.480654 0.851388
f 2064/4809/2064 1937/4431/1937 2122/4786/2122
vt 0.083721 0.958939
f 1952/3797/1952 2146/4810/2146 2597/4352/2597
vt 0.729369 0.672120
f 2015/4772/2015 2073/4811/2073 2111/4773/2111
vt 0.738888 0.210798
vt 0.740866 0.212333
vt 0.732820 0.214407
f 1987/4812/1987 2050/4813/2050 2242/4814/2242
f 1894/4660/1894 1855/4395/1855 2031/4493/2031
f 2024/4707/2024 2026/4654/2026 1935/4191/1935
vt 0.819308 0.737814
vt 0.825883 0.731087
f 2031/4815/2031 2053/4239/2053 2116/4816/2116
vt 0.071175 0.581952
vt 0.072628 0.590597
vt 0.066120 0.587350
f 2585/4817/2585 2189/4818/2189 2070/4819/2070
vt 0.901642 0.476724
f 2119/4820/2119 2096/4712/2096 1964/4593/1964
vt 0.406711 0.863762
f 2006/4752/2006 2142/4751/2142 2141/4821/2141
vt 0.114680 0.467189
vt 0.107381 0.473770
f 1967/4822/1967 1966/4554/1966 2285/4823/2285
vt 0.509871 0.353033
vt 0.512390 0.354936
vt 0.510334 0.354300
f 2297/4824/2297 2107/4825/2107 1988/4826/1988
vt 0.778705 0.353983
f 2043/4688/2043 2160/4827/2160 2059/4672/2059
vt 0.489292 0.570868
f 2129/4715/2129 2126/4828/2126 2048/4524/2048
f 2104/4758/2104 2048/4524/2048 2126/4828/2126
vt 0.883934 0.880943
vt 0.879480 0.878295
vt 0.884084 0.877051
f 2108/4829/2108 2039/4830/2039 2081/4831/2081
vt 0.735163 0.721530
f 2077/4525/2077 2061/4685/2061 2164/4832/2164
vt 0.066264 0.583885
vt 0.066287 0.586209
f 2033/4833/2033 2585/4817/2585 2070/4834/2070
vt 0.466163 0.399440
f 2017/4649/2017 2162/4835/2162 2074/4795/2074
vt 0.883189 0.404176
vt 0.878384 0.403521
vt 0.882625 0.400576
f 2086/4836/2086 2059/4837/2059 2133/4838/2133
f 2129/4715/2129 1996/4533/1996 2079/4722/2079
vt 0.878564 0.400187
f 2133/4838/2133 2059/4837/2059 2160/4839/2160
vt 0.096576 0.973355
vt 0.099222 0.971226
vt 0.102560 0.972339
f 1957/4840/1957 2150/4841/2150 2151/4842/2151
vt 0.734903 0.742212
f 2087/4843/2087 2078/4760/2078 2044/4635/2044
vt 0.093360 0.970890
f 1758/3968/1758 2426/4692/2426 1957/4844/1957
vt 0.492555 0.584725
f 2132/4845/2132 2019/4675/2019 2083/4787/2083
vt 0.739232 0.755422
f 2080/4759/2080 2103/4846/2103 2037/4775/2037
vt 0.670671 0.157574
vt 0.672347 0.156396
vt 0.672117 0.158152
f 1957/4847/1957 2426/4848/2426 2150/4849/2150
vt 0.211896 0.304477
f 2148/4850/2148 2020/4767/2020 2068/4768/2068
vt 0.237183 0.934717
f 2148/4851/2148 1963/4579/1963 2020/4698/2020
f 2011/4679/2011 2066/4770/2066 2068/4768/2068
vt 0.640451 0.605245
f 2025/4066/2025 2013/4106/2013 2337/4852/2337
vt 0.463832 0.401341
vt 0.460939 0.398320
f 2162/4835/2162 2085/4853/2085 2169/4854/2169
vt 0.201995 0.295631
vt 0.204734 0.297494
f 2066/4770/2066 2102/4855/2102 2106/4856/2106
vt 0.732612 0.681941
vt 0.729438 0.683146
f 2155/4857/2155 2063/4858/2063 2010/4771/2010
vt 0.895017 0.307248
f 2184/4727/2184 1829/4153/1829 2276/4859/2276
f 2009/4461/2009 2110/4789/2110 2061/4685/2061
vt 0.052587 0.566936
f 1797/3842/1797 2027/4604/2027 2278/4860/2278
f 2019/4675/2019 2132/4845/2132 2028/4645/2028
f 2095/4603/2095 1963/4579/1963 2148/4851/2148
vt 0.460421 0.853688
f 2069/4808/2069 2091/4743/2091 2178/4861/2178
vt 0.450951 0.855177
f 2113/4744/2113 2091/4862/2091 2003/4545/2003
vt 0.626022 0.934015
f 2029/4486/2029 2121/4397/2121 2239/4863/2239
vt 0.134827 0.911980
f 2094/4566/2094 1938/4433/1938 2202/4864/2202
vt 0.933508 0.590936
f 2184/4865/2184 2182/4268/2182 1972/4406/1972
vt 0.867826 0.536004
f 1894/4660/1894 2031/4493/2031 2175/4866/2175
vt 0.645731 0.608853
f 2112/4639/2112 2260/4867/2260 2012/4641/2012
vt 0.856871 0.726488
f 2119/4868/2119 1964/4353/1964 2136/4478/2136
vt 0.425405 0.863122
vt 0.423259 0.856386
f 2004/4869/2004 2097/4705/2097 2246/4870/2246
vt 0.413642 0.866444
f 2052/4871/2052 2006/4752/2006 2141/4821/2141
vt 0.101505 0.896475
f 2056/4652/2056 1967/4560/1967 2172/4872/2172
vt 0.662096 0.873031
f 2071/4548/2071 2054/4796/2054 2142/4873/2142
f 2089/4797/2089 2142/4873/2142 2054/4796/2054
vt 0.898280 0.697809
vt 0.904348 0.702512
f 1987/4447/1987 2242/4874/2242 2200/4875/2200
vt 0.776815 0.350361
f 2074/4876/2074 2160/4827/2160 2043/4688/2043
vt 0.637157 0.596076
f 1898/4071/1898 2025/4066/2025 2088/4877/2088
vt 0.905885 0.622593
vt 0.902006 0.619570
vt 0.907502 0.616938
f 1950/4878/1950 2049/4879/2049 2034/4880/2034
vt 0.900161 0.610081
f 2034/4880/2034 2049/4879/2049 2283/4881/2283
f 2125/4734/2125 2077/4525/2077 2164/4832/2164
vt 0.488446 0.575616
vt 0.490078 0.578438
f 2083/4787/2083 2104/4882/2104 2134/4883/2134
vt 0.377865 0.533072
f 2088/4884/2088 2082/4750/2082 1898/4676/1898
vt 0.792478 0.217614
vt 0.789080 0.217548
f 2169/4885/2169 2085/4886/2085 2060/4761/2060
vt 0.485724 0.553340
vt 0.489144 0.556289
f 2079/4722/2079 2103/4887/2103 2127/4888/2127
vt 0.323226 0.104126
vt 0.319115 0.104472
f 2132/4889/2132 2165/4890/2165 2028/4778/2028
f 2102/4776/2102 2028/4778/2028 2165/4890/2165
vt 0.084362 0.090046
vt 0.084604 0.091202
f 2393/4891/2393 1888/4892/1888 2128/4495/2128
vt 0.471821 0.850605
f 2122/4786/2122 2062/4606/2062 2153/4893/2153
f 2066/4770/2066 2106/4856/2106 2068/4768/2068
vt 0.065562 0.574809
f 1968/4311/1968 2130/4894/2130 1647/3691/1647
vt 0.468586 0.396875
f 2074/4795/2074 2162/4835/2162 2124/4895/2124
f 2155/4857/2155 2010/4771/2010 2111/4773/2111
vt 0.734770 0.704598
f 2110/4789/2110 1994/4790/1994 2179/4896/2179
vt 0.064934 0.579788
f 2099/4897/2099 2033/4516/2033 1647/3691/1647
vt 0.731343 0.693503
vt 0.727342 0.690753
vt 0.730942 0.687435
f 2081/4898/2081 2039/4899/2039 2157/4900/2157
vt 0.097694 0.627181
f 2035/4409/2035 2206/4788/2206 2084/4901/2084
vt 0.473597 0.847559
f 2123/4902/2123 2122/4786/2122 2153/4893/2153
vt 0.731770 0.683655
f 2155/4857/2155 2157/4903/2157 2063/4858/2063
vt 0.488952 0.561592
f 2127/4904/2127 2126/4828/2126 2129/4715/2129
f 2127/4904/2127 2129/4715/2129 2079/4722/2079
f 2196/4647/2196 1896/4228/1896 2173/4438/2173
vt 0.861699 0.860836
f 2208/4905/2208 2073/4793/2073 2086/4792/2086
f 1884/4258/1884 2094/4566/2094 2202/4864/2202
vt 0.557487 0.525957
f 2057/4711/2057 2056/4710/2056 2172/4906/2172
f 1965/4199/1965 2095/4603/2095 2203/4653/2203
vt 0.446566 0.097144
vt 0.442375 0.096853
vt 0.448367 0.094281
f 2064/4907/2064 2229/4908/2229 2076/4909/2076
vt 0.174040 0.924727
vt 0.157080 0.929926
f 2197/4910/2197 2324/4911/2324 2140/4274/2140
f 2112/4721/2112 2109/4720/2109 2151/4842/2151
vt 0.092783 0.619469
vt 0.096930 0.619327
f 1767/4912/1767 2154/4913/2154 2190/4410/2190
vt 0.428718 0.856575
f 2093/4435/2093 2004/4607/2004 2114/4914/2114
f 2023/4708/2023 1884/4258/1884 2202/4864/2202
vt 0.668536 0.848881
vt 0.667020 0.853113
f 2246/4915/2246 2097/4741/2097 2138/4916/2138
vt 0.412754 0.861868
vt 0.417533 0.862829
f 2052/4871/2052 2191/4917/2191 2097/4918/2097
f 2191/4917/2191 2052/4871/2052 2141/4821/2141
vt 0.049564 0.341996
vt 0.058781 0.342130
vt 0.049082 0.348772
f 2176/4919/2176 2026/4920/2026 2024/4921/2024
vt 0.643075 0.907333
f 2024/4707/2024 2120/4484/2120 2176/4922/2176
vt 0.635516 0.918946
f 2176/4922/2176 2120/4484/2120 2115/4923/2115
vt 0.618838 0.949232
f 2121/4397/2121 1894/4396/1894 2144/4924/2144
f 2120/4484/2120 2029/4486/2029 2115/4923/2115
vt 0.728760 0.696172
vt 0.731236 0.694278
vt 0.736875 0.692902
f 2108/4925/2108 2081/4926/2081 2158/4927/2158
vt 0.480863 0.845293
f 2064/4740/2064 2122/4786/2122 2229/4928/2229
vt 0.028539 0.092999
vt 0.029731 0.091905
f 2067/4805/2067 2049/4929/2049 1950/4930/1950
vt 0.491098 0.580996
vt 0.493482 0.580382
f 2083/4931/2083 2134/4932/2134 2132/4845/2132
vt 0.508852 0.350968
vt 0.506034 0.348046
vt 0.508379 0.349338
f 2297/4933/2297 1929/4934/1929 2286/4935/2286
vt 0.307327 0.461168
vt 0.301693 0.458515
vt 0.304018 0.455089
f 2186/4936/2186 2080/4937/2080 2078/4938/2078
vt 0.740626 0.734223
vt 0.735300 0.736477
f 2205/4939/2205 2105/4940/2105 2101/4779/2101
vt 0.736995 0.740642
f 2087/4941/2087 2105/4940/2105 2205/4939/2205
f 2103/4766/2103 2080/4937/2080 2186/4936/2186
vt 0.638004 0.602210
f 2258/4942/2258 2088/4877/2088 2025/4066/2025
vt 0.731198 0.702830
f 2179/4896/2179 1994/4790/1994 2075/4943/2075
vt 0.559899 0.152000
vt 0.562215 0.155334
vt 0.556940 0.155060
f 2443/4944/2443 2098/4945/2098 2189/4946/2189
vt 0.730334 0.672166
vt 0.737671 0.669940
f 2111/4773/2111 2073/4947/2073 2208/4948/2208
vt 0.209412 0.301355
vt 0.210723 0.302159
f 2167/4949/2167 2148/4950/2148 2068/4768/2068
vt 0.614497 0.213038
vt 0.613063 0.212179
vt 0.615119 0.210733
f 2134/4951/2134 2104/4952/2104 2181/4953/2181
vt 0.781156 0.349131
f 2160/4827/2160 2074/4876/2074 2124/4954/2124
vt 0.738669 0.742947
vt 0.740657 0.740631
f 2078/4955/2078 2087/4941/2087 2168/4956/2168
f 2081/4898/2081 2157/4900/2157 2158/4927/2158
vt 0.316820 0.103739
vt 0.316216 0.104545
f 2102/4957/2102 2165/4890/2165 2152/4958/2152
vt 0.690475 0.284016
vt 0.692905 0.286115
vt 0.689969 0.285945
f 2106/4959/2106 2102/4960/2102 2152/4961/2152
f 2034/4880/2034 2283/4881/2283 1970/4681/1970
vt 0.627081 0.319423
vt 0.628601 0.316125
vt 0.629604 0.321403
f 2133/4962/2133 2208/4963/2208 2086/4964/2086
vt 0.377056 0.217820
vt 0.381049 0.216577
vt 0.377050 0.220582
f 2134/4965/2134 2207/4966/2207 2132/4967/2132
f 2125/4734/2125 2164/4832/2164 2205/4939/2205
vt 0.475187 0.322863
vt 0.469425 0.312190
vt 0.474708 0.315407
f 2126/4968/2126 2127/4969/2127 2166/4970/2166
vt 0.380779 0.221233
f 2132/4967/2132 2207/4966/2207 2165/4971/2165
vt 0.613380 0.209180
f 2181/4953/2181 2104/4952/2104 2126/4972/2126
vt 0.734872 0.699797
vt 0.731898 0.699614
vt 0.733775 0.697332
f 2179/4973/2179 2075/4974/2075 2108/4975/2108
vt 0.903441 0.502468
f 2145/4620/2145 1914/4594/1914 2453/4976/2453
f 2096/4712/2096 2453/4976/2453 1914/4594/1914
vt 0.462852 0.851133
vt 0.467458 0.850632
vt 0.468282 0.854272
f 2069/4977/2069 2153/4978/2153 2062/4979/2062
vt 0.113590 0.902550
f 2172/4872/2172 1967/4560/1967 2285/4980/2285
f 2140/4274/2140 2196/4647/2196 2197/4910/2197
vt 0.435445 0.850843
f 2237/4981/2237 2113/4744/2113 2093/4435/2093
vt 0.343603 0.282681
vt 0.343435 0.280872
f 2114/4982/2114 2004/4541/2004 2246/4983/2246
f 2114/4914/2114 2237/4981/2237 2093/4435/2093
vt 0.910717 0.600837
f 1975/4241/1975 2251/4984/2251 1790/4036/1790
vt 0.203587 0.934559
f 2173/4438/2173 2203/4653/2203 2415/4985/2415
vt 0.606382 0.744932
f 2174/4657/2174 2364/4986/2364 2002/4599/2002
vt 0.939706 0.588076
vt 0.944877 0.590084
f 2182/4268/2182 2268/4987/2268 2117/4988/2117
vt 0.895788 0.704193
f 2137/4605/2137 1987/4447/1987 2219/4989/2219
f 2002/4599/2002 2364/4986/2364 2135/4600/2135
vt 0.050612 0.528406
vt 0.048690 0.532020
vt 0.046998 0.529131
f 2069/4990/2069 2178/4991/2178 2156/4992/2156
f 2219/4989/2219 2136/4478/2136 2137/4605/2137
vt 0.151665 0.916118
f 2324/4911/2324 2220/4993/2220 2140/4274/2140
vt 0.668188 0.859116
f 2138/4916/2138 2097/4741/2097 2191/4994/2191
f 2140/4274/2140 2220/4993/2220 1938/4433/1938
vt 0.093151 0.886847
vt 0.091365 0.895202
f 1916/4445/1916 2051/4995/2051 2217/4996/2217
vt 0.945702 0.586293
vt 0.950082 0.584355
vt 0.948841 0.587717
f 2194/4997/2194 2393/4998/2393 2128/4999/2128
vt 0.304716 0.378871
vt 0.300341 0.380755
vt 0.295354 0.374477
f 2092/5000/2092 2090/5001/2090 2215/5002/2215
vt 0.592934 0.718329
f 2072/4713/2072 2118/4753/2118 2201/5003/2201
vt 0.646696 0.894246
f 2090/4739/2090 2026/4654/2026 2215/5004/2215
vt 0.599423 0.709396
vt 0.598122 0.712291
f 2143/5005/2143 2072/4713/2072 2218/5006/2218
f 2032/4714/2032 2072/4713/2072 2143/5005/2143
vt 0.928073 0.593176
f 1829/4295/1829 2163/4287/2163 2276/5007/2276
vt 0.341471 0.363803
vt 0.343547 0.364914
vt 0.343805 0.366691
f 2393/5008/2393 2100/5009/2100 1888/5010/1888
vt 0.373089 0.531761
f 2131/5011/2131 2082/4750/2082 2088/4884/2088
vt 0.619527 0.953807
f 2175/5012/2175 2144/4924/2144 1894/4396/1894
vt 0.343238 0.363969
f 2393/5008/2393 2272/5013/2272 2100/5009/2100
vt 0.049015 0.533698
vt 0.051112 0.535597
vt 0.043542 0.532324
f 2178/5014/2178 2091/5015/2091 2284/5016/2284
vt 0.737684 0.709719
f 2179/4896/2179 2187/5017/2187 2110/4789/2110
vt 0.492859 0.576803
vt 0.492426 0.570893
f 2181/5018/2181 2126/4828/2126 2193/5019/2193
f 2130/4894/2130 2099/4897/2099 1647/3691/1647
vt 0.465247 0.848177
f 2069/4977/2069 2159/5020/2159 2153/4978/2153
vt 0.300562 0.468355
f 2127/5021/2127 2103/4766/2103 2186/4936/2186
vt 0.631907 0.591477
vt 0.630651 0.595077
f 2180/4582/2180 2082/5022/2082 2131/5023/2131
vt 0.679771 0.040951
vt 0.678174 0.039231
vt 0.680385 0.038527
f 2117/5024/2117 2194/5025/2194 2128/5026/2128
vt 0.687401 0.284094
vt 0.688201 0.281295
f 2106/4959/2106 2161/5027/2161 2068/5028/2068
vt 0.541504 0.763083
vt 0.543883 0.771090
vt 0.535678 0.770717
f 2694/5029/2694 2228/5030/2228 1521/5031/1521
f 2125/4734/2125 2205/4939/2205 2101/4779/2101
f 2110/4789/2110 2187/5017/2187 2061/4685/2061
vt 0.473576 0.847479
f 2229/4928/2229 2122/4786/2122 2123/5032/2123
vt 0.110071 0.970275
vt 0.108940 0.973530
f 2112/4721/2112 2334/5033/2334 2433/5034/2433
f 2179/4973/2179 2108/4975/2108 2158/4927/2158
vt 0.499771 0.585759
vt 0.498422 0.580702
vt 0.502263 0.578463
f 2165/5035/2165 2207/5036/2207 2248/5037/2248
vt 0.740723 0.740609
f 2087/4941/2087 2205/4939/2205 2168/5038/2168
vt 0.306264 0.469429
f 2186/4936/2186 2195/5039/2195 2127/5021/2127
vt 0.554979 0.769729
vt 0.544395 0.781950
f 2228/5030/2228 2886/5040/2886 1947/5041/1947
vt 0.473568 0.313508
vt 0.470983 0.310022
f 2166/5042/2166 2127/4969/2127 2195/5043/2195
vt 0.309298 0.455091
f 2078/4938/2078 2168/5044/2168 2186/4936/2186
vt 0.633785 0.597537
vt 0.634324 0.600088
f 2131/5023/2131 2088/5045/2088 2221/5046/2221
vt 0.684597 0.280091
vt 0.685031 0.282157
f 2167/5047/2167 2068/5028/2068 2211/5048/2211
vt 0.504430 0.590437
vt 0.504057 0.586967
vt 0.506180 0.590709
f 2106/5049/2106 2152/5050/2152 2161/5051/2161
vt 0.048871 0.942859
f 2886/5052/2886 2406/3771/2406 1947/3481/1947
vt 0.622254 0.589177
f 2180/4582/2180 2131/5023/2131 2296/5053/2296
f 2211/5048/2211 2068/5028/2068 2161/5027/2161
vt 0.735134 0.680683
f 2111/4773/2111 2185/5054/2185 2155/4857/2155
vt 0.624160 0.317138
f 2208/4963/2208 2133/4962/2133 2223/5055/2223
vt 0.183732 0.932976
f 2196/4647/2196 2173/4438/2173 2385/5056/2385
vt 0.607691 0.726435
vt 0.604142 0.731088
f 2118/5057/2118 2135/4600/2135 2198/5058/2198
vt 0.796267 0.214617
f 2060/4761/2060 2076/4763/2076 2170/5059/2170
f 2169/4885/2169 2060/4761/2060 2170/5059/2170
f 2296/5053/2296 2139/4583/2139 2180/4582/2180
vt 0.096473 0.892304
vt 0.090068 0.896398
f 2051/4995/2051 2057/5060/2057 2217/5061/2217
vt 0.262248 0.331837
vt 0.266492 0.337255
vt 0.260158 0.336686
f 2177/5062/2177 2123/5063/2123 2153/5064/2153
vt 0.260765 0.333256
f 2159/5065/2159 2177/5062/2177 2153/5064/2153
vt 0.908104 0.698824
f 2008/4446/2008 2199/5066/2199 2171/4487/2171
vt 0.116942 0.650389
vt 0.113559 0.648478
f 2372/5067/2372 2262/4784/2262 2147/5068/2147
f 2201/5003/2201 2218/5006/2218 2072/4713/2072
vt 0.914545 0.697456
f 2199/5066/2199 2008/4446/2008 2243/5069/2243
vt 0.563141 0.879310
vt 0.567151 0.878245
vt 0.570307 0.882641
f 2190/5070/2190 2154/5071/2154 2563/5072/2563
vt 0.658592 0.866534
vt 0.666971 0.863459
f 2204/5073/2204 2141/5074/2141 2142/4873/2142
f 2239/4863/2239 2121/4397/2121 2144/4924/2144
f 2008/4446/2008 2143/4756/2143 2243/5069/2243
vt 0.825703 0.746504
f 2031/4815/2031 2116/4816/2116 2303/5075/2303
vt 0.878524 0.532999
f 2175/4866/2175 2031/4493/2031 2216/5076/2216
vt 0.571425 0.878312
f 1767/4416/1767 2188/4634/2188 2730/5077/2730
vt 0.639143 0.217488
vt 0.638906 0.215968
vt 0.640629 0.214962
f 2124/5078/2124 2162/5079/2162 2235/5080/2235
vt 0.736852 0.699460
f 2158/4927/2158 2209/5081/2209 2179/4973/2179
vt 0.930354 0.015310
vt 0.926776 0.014346
vt 0.928295 0.013016
f 2730/5082/2730 2154/5083/2154 1767/5084/1767
vt 0.560108 0.898244
vt 0.552797 0.898138
f 2338/5085/2338 2147/4774/2147 2149/5086/2149
vt 0.476677 0.841834
f 2229/4928/2229 2123/5032/2123 2274/5087/2274
vt 0.110206 0.637515
f 2338/5088/2338 2149/4340/2149 2038/4133/2038
vt 0.742074 0.727660
f 2205/4939/2205 2164/4832/2164 2227/5089/2227
vt 0.876434 0.868295
vt 0.880720 0.869708
f 2155/5090/2155 2192/5091/2192 2157/4723/2157
vt 0.738201 0.678283
f 2185/5054/2185 2111/4773/2111 2256/5092/2256
vt 0.736138 0.687410
f 2158/4927/2158 2157/4900/2157 2192/5093/2192
vt 0.885307 0.396637
vt 0.881572 0.398898
vt 0.880815 0.395413
f 2223/5094/2223 2133/5095/2133 2160/5096/2160
vt 0.491526 0.567017
vt 0.492140 0.562328
f 2193/5019/2193 2126/5097/2126 2166/5098/2166
f 2165/5035/2165 2248/5037/2248 2152/5050/2152
vt 0.784981 0.350877
f 2160/4827/2160 2124/4954/2124 2233/5099/2233
vt 0.908905 0.444606
vt 0.913258 0.447921
vt 0.907887 0.448526
f 2284/5100/2284 2156/5101/2156 2178/5102/2178
f 2117/4988/2117 2268/4987/2268 2194/4997/2194
vt 0.305913 0.472403
vt 0.303302 0.471877
f 2195/5039/2195 2214/5103/2214 2166/5104/2166
vt 0.499004 0.571471
f 2193/5019/2193 2213/5105/2213 2181/5018/2181
vt 0.378225 0.211857
vt 0.377457 0.214878
f 2181/5106/2181 2207/4966/2207 2134/5107/2134
vt 0.553365 0.184198
vt 0.554391 0.180503
vt 0.556491 0.181113
f 2222/5108/2222 2179/5109/2179 2209/5110/2209
vt 0.642105 0.216468
f 2233/5111/2233 2124/5078/2124 2235/5080/2235
vt 0.312327 0.454355
vt 0.314587 0.457207
f 2186/4936/2186 2168/5112/2168 2232/5113/2232
vt 0.042783 0.536508
f 2263/5114/2263 2284/5016/2284 2091/5015/2091
vt 0.644869 0.875781
f 2142/4873/2142 2089/4797/2089 2455/5115/2455
vt 0.045862 0.538716
f 2091/5015/2091 2113/5116/2113 2263/5114/2263
vt 0.237851 0.937997
vt 0.236701 0.938631
f 2167/5117/2167 2211/5118/2211 2148/4851/2148
vt 0.836035 0.845122
vt 0.834223 0.840435
vt 0.839045 0.839869
f 2169/5119/2169 2170/5120/2170 2298/5121/2298
vt 0.441563 0.093162
f 2076/4909/2076 2229/4908/2229 2170/5122/2170
f 1938/4433/1938 2220/4993/2220 2202/4864/2202
vt 0.060257 0.337854
f 2215/5123/2215 2026/4920/2026 2176/4919/2176
f 2217/5061/2217 2057/5060/2057 2172/4872/2172
vt 0.047699 0.526256
f 2156/4992/2156 2159/5124/2159 2069/4990/2069
vt 0.624090 0.768461
f 2217/5125/2217 2174/4657/2174 1916/4656/1916
vt 0.664511 0.856611
f 2191/4994/2191 2183/5126/2183 2138/4916/2138
f 1987/4447/1987 2200/4875/2200 2219/4989/2219
vt 0.901079 0.698083
f 2242/5127/2242 2171/4487/2171 2199/5066/2199
f 2191/4994/2191 2141/5074/2141 2183/5126/2183
vt 0.614072 0.951842
f 2216/5128/2216 2144/4924/2144 2175/5012/2175
vt 0.885250 0.521984
f 2303/5129/2303 2116/4621/2116 2145/4620/2145
vt 0.511168 0.592507
f 2161/5051/2161 2152/5050/2152 2211/5130/2211
vt 0.742404 0.687656
f 2192/5093/2192 2212/5131/2212 2158/4927/2158
vt 0.741058 0.721254
f 2164/4832/2164 2061/4685/2061 2210/5132/2210
vt 0.878873 0.867460
f 2224/5133/2224 2192/5091/2192 2155/5090/2155
vt 0.379969 0.210136
f 2213/5134/2213 2207/4966/2207 2181/5106/2181
vt 0.740453 0.684834
vt 0.735771 0.684324
vt 0.736055 0.681738
f 2224/5135/2224 2155/5136/2155 2185/5137/2185
f 2334/5033/2334 2112/4721/2112 2151/4842/2151
vt 0.881726 0.392509
f 2223/5094/2223 2160/5096/2160 2267/5138/2267
vt 0.916325 0.595787
f 1790/4036/1790 2251/4984/2251 2394/5139/2394
vt 0.871898 0.863415
vt 0.876336 0.862814
vt 0.873638 0.866243
f 2256/5140/2256 2280/5141/2280 2185/5142/2185
vt 0.549642 0.185307
vt 0.550762 0.182990
f 2222/5108/2222 2187/5143/2187 2179/5144/2179
vt 0.494883 0.562730
f 2214/5145/2214 2213/5105/2213 2193/5019/2193
f 2166/5098/2166 2214/5145/2214 2193/5019/2193
vt 0.561693 0.284623
vt 0.562668 0.277144
vt 0.566989 0.278997
f 1790/5146/1790 2394/5147/2394 2163/5148/2163
vt 0.046135 0.524539
f 2159/5124/2159 2156/4992/2156 2177/5149/2177
vt 0.740062 0.715050
f 2253/5150/2253 2061/4685/2061 2187/5017/2187
f 2192/5093/2192 2224/5135/2224 2212/5131/2212
f 2164/4832/2164 2210/5132/2210 2227/5089/2227
vt 0.311986 0.466762
f 2195/5039/2195 2186/4936/2186 2230/5151/2230
vt 0.798296 0.576769
vt 0.799852 0.572593
vt 0.802630 0.574920
f 2253/5152/2253 2187/5153/2187 2226/5154/2226
vt 0.786450 0.353495
f 2160/4827/2160 2233/5099/2233 2267/5155/2267
f 2213/5105/2213 2248/5037/2248 2207/5036/2207
vt 0.746598 0.738878
f 2168/5038/2168 2205/4939/2205 2232/5156/2232
vt 0.625110 0.571967
vt 0.621549 0.573791
vt 0.624804 0.567954
f 2067/5157/2067 2259/5158/2259 2049/5159/2049
vt 0.098018 0.629405
vt 0.103182 0.631333
f 2084/5160/2084 2206/4788/2206 1993/5161/1993
vt 0.498065 0.556800
vt 0.500279 0.563577
f 2214/5145/2214 2195/5162/2195 2282/5163/2282
vt 0.109737 0.632959
f 2038/4133/2038 1993/5161/1993 2361/5164/2361
vt 0.043624 0.526422
f 2177/5149/2177 2156/4992/2156 2247/5165/2247
f 2282/5163/2282 2213/5105/2213 2214/5145/2214
vt 0.574013 0.867377
vt 0.570867 0.864438
f 2472/5166/2472 2188/4634/2188 2107/5167/2107
vt 0.456776 0.392721
vt 0.465305 0.393354
f 2298/5168/2298 2235/5169/2235 2162/4835/2162
f 2162/4835/2162 2169/4854/2169 2298/5168/2298
vt 0.486223 0.842789
f 2170/5170/2170 2229/4928/2229 2274/5087/2274
f 2198/5058/2198 2135/4600/2135 2364/4986/2364
vt 0.214544 0.939458
f 2415/4985/2415 2203/4653/2203 2279/5171/2279
vt 0.576575 0.851458
vt 0.580253 0.854746
f 2098/5172/2098 2266/5173/2266 1929/4219/1929
f 2089/4797/2089 2092/4798/2092 2455/5115/2455
vt 0.100784 0.174964
vt 0.103154 0.176914
vt 0.099618 0.177854
f 2443/5174/2443 2266/5175/2266 2098/5176/2098
vt 0.638445 0.901692
f 2115/4923/2115 2240/5177/2240 2176/4922/2176
vt 0.102982 0.175991
f 2266/5175/2266 2443/5174/2443 2505/5178/2505
f 2115/4923/2115 2029/4486/2029 2239/4863/2239
vt 0.917080 0.691428
f 2218/5179/2218 2243/5069/2243 2143/4756/2143
vt 0.658532 0.859248
f 2141/5074/2141 2204/5073/2204 2264/5180/2264
vt 0.510078 0.583948
f 2152/5050/2152 2292/5181/2292 2211/5130/2211
vt 0.102515 0.970015
f 2150/4841/2150 2291/5182/2291 2151/4842/2151
vt 0.047517 0.563809
f 2278/4860/2278 2027/4604/2027 2272/5183/2272
vt 0.276174 0.302986
vt 0.271476 0.304858
vt 0.273621 0.298627
f 2138/5184/2138 2183/5185/2183 2332/5186/2332
vt 0.662787 0.858833
f 2183/5187/2183 2141/5074/2141 2264/5180/2264
vt 0.514871 0.590600
vt 0.518427 0.594644
f 2211/5130/2211 2231/5188/2231 2245/5189/2245
vt 0.312707 0.462959
f 2255/5190/2255 2186/4936/2186 2232/5113/2232
vt 0.743165 0.717388
f 2210/5132/2210 2061/4685/2061 2290/5191/2290
f 2253/5150/2253 2290/5191/2290 2061/4685/2061
vt 0.742603 0.681858
f 2280/5192/2280 2224/5135/2224 2185/5137/2185
vt 0.742649 0.672930
f 2249/5193/2249 2256/5092/2256 2111/4773/2111
f 2099/4897/2099 2585/4817/2585 2033/4833/2033
vt 0.271440 0.302752
f 2273/5194/2273 2332/5186/2332 2183/5185/2183
f 2231/5188/2231 2211/5130/2211 2292/5181/2292
vt 0.659979 0.855142
f 2264/5180/2264 2273/5195/2273 2183/5187/2183
f 2186/4936/2186 2255/5190/2255 2230/5151/2230
f 2152/5050/2152 2248/5037/2248 2292/5181/2292
vt 0.375548 0.536210
vt 0.376662 0.540786
f 2221/5196/2221 2088/4884/2088 2258/5197/2258
vt 0.645387 0.613688
vt 0.649871 0.611788
f 2433/5198/2433 2260/4867/2260 2112/5199/2112
vt 0.788371 0.346847
vt 0.784584 0.347102
f 2257/5200/2257 2233/5099/2233 2235/5201/2235
f 2111/4773/2111 2208/4948/2208 2249/5193/2249
vt 0.622069 0.314412
f 2244/5202/2244 2208/4963/2208 2223/5055/2223
vt 0.887095 0.393322
f 2223/5094/2223 2267/5138/2267 2327/5203/2327
vt 0.514221 0.596981
f 2211/5130/2211 2245/5189/2245 2148/5204/2148
vt 0.230239 0.942192
f 2148/4851/2148 2245/5205/2245 2095/4603/2095
vt 0.428701 0.850618
f 2237/4981/2237 2114/4914/2114 2252/5206/2252
f 2246/4870/2246 2252/5206/2252 2114/4914/2114
vt 0.925253 0.590540
f 2276/5007/2276 2163/4287/2163 2395/5207/2395
f 2176/4922/2176 2240/5177/2240 2215/5004/2215
vt 0.355051 0.469876
vt 0.349502 0.472436
vt 0.347109 0.464954
f 2204/5208/2204 2142/5209/2142 2305/5210/2305
vt 0.641494 0.608271
f 2260/4867/2260 2336/5211/2336 2337/4852/2337
vt 0.820772 0.749754
f 2031/4815/2031 2303/5075/2303 2216/5212/2216
vt 0.130879 0.524780
vt 0.136382 0.526674
vt 0.132357 0.533078
f 2118/5213/2118 2198/5214/2198 2238/5215/2238
vt 0.564066 0.882827
f 2563/5072/2563 2206/5216/2206 2190/5070/2190
vt 0.595383 0.731653
f 2201/5003/2201 2118/4753/2118 2238/5217/2238
vt 0.627937 0.920180
f 2344/5218/2344 2115/4923/2115 2239/4863/2239
f 2278/4860/2278 1968/4311/1968 1797/3842/1797
vt 0.886548 0.397717
vt 0.888109 0.393631
vt 0.889522 0.395665
f 2223/5219/2223 2327/5220/2327 2244/5221/2244
vt 0.667019 0.853082
vt 0.663827 0.851664
vt 0.661548 0.847601
f 2138/5222/2138 2332/5223/2332 2293/5224/2293
vt 0.804198 0.572029
vt 0.805606 0.573163
f 2226/5154/2226 2187/5225/2187 2222/5226/2222
f 2067/5157/2067 2139/4583/2139 2259/5158/2259
vt 0.789946 0.351072
f 2267/5155/2267 2233/5099/2233 2360/5227/2360
vt 0.802558 0.577188
f 2253/5152/2253 2226/5154/2226 2250/5228/2250
f 2258/4942/2258 2025/4066/2025 2337/4852/2337
vt 0.791130 0.589757
vt 0.787796 0.585616
vt 0.792392 0.581454
f 2254/5229/2254 2227/5230/2227 2210/5231/2210
vt 0.221386 0.941421
f 2307/5232/2307 2095/4603/2095 2245/5205/2245
vt 0.871260 0.799219
vt 0.868832 0.795373
f 2046/4319/2046 2225/5233/2225 2598/5234/2598
vt 0.504403 0.070798
vt 0.501346 0.066511
vt 0.504318 0.068125
f 2256/5235/2256 2249/5236/2249 2275/5237/2275
vt 0.899534 0.765946
f 2949/5238/2949 2241/3124/2241 1842/3306/1842
vt 0.500717 0.555299
f 2230/5239/2230 2282/5163/2282 2195/5162/2195
f 2095/4603/2095 2307/5232/2307 2279/5171/2279
f 2203/4653/2203 2095/4603/2095 2279/5171/2279
vt 0.872980 0.790275
f 2696/5240/2696 2316/4317/2316 2046/4319/2046
f 2138/5222/2138 2293/5224/2293 2246/4915/2246
f 3062/4764/3062 1942/4559/1942 1681/3120/1681
vt 0.740402 0.699966
vt 0.748157 0.701110
f 2209/5241/2209 2158/4927/2158 2269/5242/2269
vt 0.042644 0.521066
f 2247/5165/2247 2301/5243/2301 2177/5149/2177
vt 0.041770 0.524682
f 2348/5244/2348 2301/5243/2301 2247/5165/2247
f 1846/3953/1846 2146/4810/2146 1952/3797/1952
vt 0.548425 0.915013
vt 0.545247 0.922485
vt 0.542169 0.918532
f 2236/5245/2236 2598/5246/2598 2225/5247/2225
vt 0.227121 0.943810
f 2307/5232/2307 2245/5205/2245 2309/5248/2309
vt 0.740406 0.704780
vt 0.749192 0.708403
vt 0.743371 0.709951
f 2222/5249/2222 2265/5250/2265 2226/5251/2226
f 2257/5200/2257 2360/5227/2360 2233/5099/2233
vt 0.744778 0.677640
f 2280/5192/2280 2256/5092/2256 2275/5252/2275
vt 0.746616 0.733256
f 2205/4939/2205 2227/5089/2227 2271/5253/2271
f 2232/5156/2232 2205/4939/2205 2271/5253/2271
vt 0.663608 0.845082
f 2302/5254/2302 2246/4915/2246 2293/5224/2293
vt 0.504140 0.552454
f 2255/5255/2255 2282/5163/2282 2230/5239/2230
vt 0.886685 0.781827
f 2316/4317/2316 2600/5256/2600 2234/2958/2234
vt 0.634968 0.604537
vt 0.628018 0.598741
f 2221/5046/2221 2258/5257/2258 2545/5258/2545
vt 0.267517 0.330732
vt 0.274379 0.332520
f 2123/5063/2123 2301/5259/2301 2308/5260/2308
f 2545/5258/2545 2131/5023/2131 2221/5046/2221
vt 0.438881 0.848418
vt 0.447688 0.850463
f 2287/5261/2287 2263/5262/2263 2113/4744/2113
f 2237/4981/2237 2287/5261/2287 2113/4744/2113
f 2285/4980/2285 2023/4708/2023 2202/4864/2202
vt 0.485405 0.839395
f 2298/5263/2298 2170/5170/2170 2274/5087/2274
vt 0.555945 0.907024
vt 0.552780 0.907531
f 2552/5264/2552 2372/5265/2372 2147/4774/2147
f 2123/5063/2123 2177/5062/2177 2301/5259/2301
vt 0.274794 0.336451
f 2274/5266/2274 2123/5063/2123 2308/5260/2308
vt 0.462123 0.391799
f 2235/5169/2235 2298/5168/2298 2257/5267/2257
vt 0.099000 0.906159
f 2172/4872/2172 2285/4980/2285 2390/5268/2390
vt 0.919427 0.753579
f 2983/5269/2983 2314/3631/2314 2042/2957/2042
vt 0.096201 0.964497
f 2426/5270/2426 2065/4691/2065 2597/4352/2597
vt 0.423434 0.850635
f 2252/5206/2252 2246/4870/2246 2302/5271/2302
vt 0.908121 0.708028
f 2219/4989/2219 2200/4875/2200 2325/5272/2325
vt 0.722560 0.217232
vt 0.720882 0.214704
f 2242/4814/2242 2199/5273/2199 2306/5274/2306
vt 0.911553 0.496022
f 2453/4976/2453 2096/4712/2096 2362/5275/2362
vt 0.854558 0.740722
vt 0.851919 0.731745
f 2362/5276/2362 2096/5277/2096 2119/4868/2119
vt 0.091422 0.903000
f 2217/5061/2217 2172/4872/2172 2261/5278/2261
vt 0.627908 0.914605
f 2240/5177/2240 2115/4923/2115 2363/5279/2363
vt 0.741549 0.700573
f 2209/5280/2209 2269/5242/2269 2222/5249/2222
vt 0.746694 0.690122
f 2317/5281/2317 2158/4927/2158 2212/5131/2212
vt 0.095848 0.967977
vt 0.101227 0.968020
vt 0.099090 0.969235
f 2426/5282/2426 2291/5283/2291 2150/5284/2150
f 2158/4927/2158 2317/5281/2317 2269/5242/2269
vt 0.801205 0.579462
vt 0.797654 0.580739
f 2250/5285/2250 2290/5286/2290 2253/5152/2253
vt 0.056590 0.567960
f 2278/4860/2278 2373/5287/2373 1968/4311/1968
vt 0.508781 0.573372
f 2292/5181/2292 2248/5037/2248 2270/5288/2270
vt 0.507495 0.562913
f 2312/5289/2312 2213/5105/2213 2282/5163/2282
f 2248/5037/2248 2213/5105/2213 2312/5289/2312
vt 0.596327 0.320060
vt 0.594472 0.321798
vt 0.594502 0.316586
f 2247/5290/2247 2156/5291/2156 2348/5292/2348
vt 0.788235 0.597097
vt 0.786371 0.590188
f 2254/5229/2254 2271/5293/2271 2227/5294/2227
vt 0.899209 0.603065
f 2251/4984/2251 1975/4241/1975 2617/5295/2617
vt 0.515193 0.584482
f 2292/5181/2292 2277/5296/2277 2231/5188/2231
vt 0.574740 0.864944
f 2436/5297/2436 2472/5166/2472 2107/5167/2107
f 2262/4784/2262 2372/5067/2372 2236/4785/2236
vt 0.802778 0.581345
f 2290/5286/2290 2250/5285/2250 2310/5298/2310
vt 0.882749 0.388278
f 2327/5203/2327 2267/5138/2267 2360/5299/2360
vt 0.621483 0.582523
f 2281/5300/2281 2139/4583/2139 2296/5053/2296
vt 0.574238 0.861189
f 2107/5167/2107 2297/5301/2297 2436/5297/2436
vt 0.744909 0.720015
vt 0.745940 0.718660
vt 0.750329 0.722769
f 2210/5302/2210 2290/5303/2290 2313/5304/2313
f 2361/5164/2361 2338/5088/2338 2038/4133/2038
vt 0.951111 0.581372
f 2393/4998/2393 2350/5305/2350 2272/4709/2272
vt 0.744649 0.713912
vt 0.748346 0.713633
f 2250/5306/2250 2226/5251/2226 2310/5307/2310
f 2265/5250/2265 2310/5307/2310 2226/5251/2226
vt 0.520463 0.588320
f 2231/5188/2231 2277/5296/2277 2294/5308/2294
vt 0.656157 0.311426
vt 0.656389 0.316201
vt 0.653494 0.314147
f 2266/5309/2266 2286/5310/2286 1929/5311/1929
f 2222/5249/2222 2269/5242/2269 2265/5250/2265
vt 0.442814 0.155514
vt 0.440326 0.151390
vt 0.443628 0.151396
f 2300/5312/2300 2287/5313/2287 2237/5314/2237
vt 0.746370 0.669777
f 2311/5315/2311 2249/5193/2249 2208/4948/2208
f 2212/5131/2212 2224/5135/2224 2280/5192/2280
vt 0.444825 0.156264
f 2237/5314/2237 2252/5316/2252 2300/5312/2300
vt 0.522250 0.594303
f 2309/5317/2309 2245/5189/2245 2231/5188/2231
f 2281/5300/2281 2259/5158/2259 2139/4583/2139
vt 0.618768 0.565451
f 2464/5318/2464 2049/5159/2049 2259/5158/2259
vt 0.624296 0.564512
f 2049/5159/2049 2464/5318/2464 2283/5319/2283
f 2312/5289/2312 2270/5288/2270 2248/5037/2248
vt 0.624338 0.311355
f 2208/4963/2208 2244/5202/2244 2311/5320/2311
vt 0.033514 0.535625
f 2284/5016/2284 2263/5114/2263 2340/5321/2340
vt 0.646996 0.888143
vt 0.639435 0.884262
f 2455/5115/2455 2092/5322/2092 2322/5323/2322
vt 0.299526 0.365239
f 2092/5000/2092 2215/5002/2215 2322/5324/2322
vt 0.444296 0.845650
f 2263/5262/2263 2287/5261/2287 2340/5325/2340
vt 0.106766 0.628998
f 2206/4788/2206 2582/5326/2582 1993/5161/1993
vt 0.204707 0.939028
f 2371/5327/2371 2415/4985/2415 2279/5171/2279
vt 0.610831 0.941818
f 2239/4863/2239 2144/4924/2144 2431/5328/2431
vt 0.640006 0.891394
f 2215/5004/2215 2240/5177/2240 2341/5329/2341
f 2363/5279/2363 2115/4923/2115 2344/5218/2344
vt 0.147845 0.927821
f 2202/4864/2202 2220/4993/2220 2535/5330/2535
vt 0.897689 0.521796
f 2303/5129/2303 2145/4620/2145 2474/5331/2474
vt 0.650471 0.870440
f 2455/5115/2455 2305/5332/2305 2142/4873/2142
vt 0.566919 0.274112
f 2163/5148/2163 2394/5147/2394 2434/5333/2434
vt 0.922426 0.692941
vt 0.925379 0.696955
f 2201/5334/2201 2345/5335/2345 2218/5179/2218
vt 0.609030 0.764105
f 2217/5125/2217 2304/5336/2304 2174/4657/2174
vt 0.905359 0.305632
vt 0.899417 0.308211
vt 0.905201 0.303939
f 2182/5337/2182 2184/5338/2184 2268/5339/2268
f 2304/5336/2304 2364/4986/2364 2174/4657/2174
vt 0.909622 0.703218
f 2306/5340/2306 2200/4875/2200 2242/4874/2242
vt 0.515970 0.578159
f 2354/5341/2354 2292/5181/2292 2270/5288/2270
vt 0.783467 0.595850
vt 0.781750 0.602792
f 2232/5342/2232 2271/5293/2271 2255/5343/2255
f 1970/4681/1970 2617/5295/2617 1975/4241/1975
f 2255/5255/2255 2312/5289/2312 2282/5163/2282
vt 0.522172 0.591340
f 2309/5317/2309 2231/5188/2231 2331/5344/2331
vt 0.897199 0.304131
f 2387/5345/2387 2184/5338/2184 2276/4859/2276
vt 0.461409 0.390724
vt 0.459177 0.388096
f 2257/5346/2257 2298/5168/2298 2295/5347/2295
vt 0.919256 0.095040
vt 0.915615 0.095203
vt 0.918678 0.094662
f 2360/5348/2360 2257/5349/2257 2288/5350/2288
vt 0.916731 0.092604
f 2257/5349/2257 2295/5351/2295 2288/5350/2288
f 2617/5295/2617 1970/4681/1970 2283/4881/2283
vt 0.920686 0.592315
f 2395/5207/2395 2163/4287/2163 2434/5352/2434
vt 0.572639 0.872744
f 2730/5077/2730 2188/4634/2188 2566/5353/2566
vt 0.794864 0.589327
f 2254/5229/2254 2210/5231/2210 2313/5354/2313
vt 0.748390 0.718998
f 2313/5304/2313 2290/5303/2290 2299/5355/2299
vt 0.800178 0.584593
f 2290/5286/2290 2310/5298/2310 2299/5356/2299
vt 0.747604 0.674399
vt 0.744345 0.672755
f 2353/5357/2353 2275/5252/2275 2249/5358/2249
vt 0.750069 0.685809
f 2212/5131/2212 2280/5192/2280 2356/5359/2356
vt 0.358946 0.123341
vt 0.358249 0.126770
vt 0.356611 0.123929
f 2272/5360/2272 2416/5361/2416 2278/5362/2278
vt 0.937937 0.585167
f 2268/4987/2268 2289/5363/2289 2194/4997/2194
f 2331/5344/2331 2231/5188/2231 2294/5308/2294
vt 0.718457 0.350254
vt 0.721199 0.350248
vt 0.714650 0.351463
f 2350/5364/2350 2767/5365/2767 2272/5366/2272
f 2188/4634/2188 2472/5166/2472 2566/5353/2566
vt 0.842449 0.837547
vt 0.841957 0.834246
f 2326/5367/2326 2298/5121/2298 2352/5368/2352
vt 0.190500 0.940349
f 2173/4438/2173 2415/4985/2415 2367/5369/2367
vt 0.222912 0.947596
f 2307/5232/2307 2309/5248/2309 2318/5370/2318
vt 0.450756 0.844727
vt 0.450623 0.840514
vt 0.453494 0.844363
f 2284/5371/2284 2323/5372/2323 2156/5373/2156
vt 0.484617 0.834191
f 2298/5263/2298 2274/5087/2274 2352/5374/2352
f 2173/4438/2173 2367/5369/2367 2385/5056/2385
vt 0.938572 0.582189
f 2561/5375/2561 2194/4997/2194 2289/5363/2289
vt 0.270947 0.330514
f 2308/5260/2308 2301/5259/2301 2330/5376/2330
vt 0.870856 0.736204
f 2119/4868/2119 2136/4478/2136 2452/5377/2452
f 2184/5338/2184 2387/5345/2387 2268/5339/2268
vt 0.660389 0.318026
vt 0.657079 0.319722
f 2286/5310/2286 2320/5378/2320 2297/5379/2297
vt 0.612583 0.922995
f 2392/5380/2392 2239/4863/2239 2431/5328/2431
vt 0.624978 0.905982
f 2240/5177/2240 2363/5279/2363 2388/5381/2388
f 2345/5335/2345 2243/5069/2243 2218/5179/2218
vt 0.111604 0.918886
f 2202/4864/2202 2475/5382/2475 2285/4980/2285
vt 0.889578 0.532005
f 2216/5076/2216 2303/5129/2303 2365/5383/2365
vt 0.914993 0.701915
f 2199/5066/2199 2243/5069/2243 2347/5384/2347
vt 0.909214 0.244480
vt 0.906814 0.245419
vt 0.906798 0.242482
f 2387/5385/2387 2276/5386/2276 2395/5387/2395
vt 0.749052 0.679629
f 2275/5252/2275 2333/5388/2333 2280/5192/2280
f 2249/5193/2249 2311/5315/2311 2353/5357/2353
vt 0.656524 0.362416
vt 0.655959 0.359363
vt 0.657773 0.358216
f 2252/5389/2252 2302/5390/2302 2349/5391/2349
vt 0.750319 0.728440
vt 0.752827 0.728447
f 2254/5392/2254 2313/5304/2313 2357/5393/2357
vt 0.790805 0.603980
f 2271/5293/2271 2402/5394/2402 2255/5343/2255
vt 0.515248 0.565617
f 2312/5289/2312 2339/5395/2339 2270/5288/2270
vt 0.655963 0.853347
vt 0.658549 0.851077
f 2273/5195/2273 2319/5396/2319 2332/5397/2332
vt 0.325588 0.043648
vt 0.330110 0.044876
vt 0.326956 0.046186
f 2328/5398/2328 2300/5399/2300 2252/5400/2252
vt 0.513674 0.553208
f 2402/5401/2402 2312/5289/2312 2255/5255/2255
vt 0.105865 0.967899
f 2291/5182/2291 2482/5402/2482 2151/4842/2151
vt 0.656058 0.856689
f 2264/5403/2264 2319/5396/2319 2273/5195/2273
f 2292/5181/2292 2354/5341/2354 2277/5296/2277
vt 0.520944 0.583088
f 2358/5404/2358 2277/5296/2277 2354/5341/2354
vt 0.036051 0.539168
vt 0.033378 0.537517
f 2340/5321/2340 2287/5405/2287 2300/5406/2300
vt 0.455421 0.390072
vt 0.459075 0.388005
f 2326/5407/2326 2295/5408/2295 2298/5168/2298
f 2333/5388/2333 2275/5252/2275 2353/5357/2353
vt 0.661266 0.847437
vt 0.660114 0.842203
f 2293/5409/2293 2349/5410/2349 2302/5254/2302
vt 0.748040 0.682177
f 2280/5192/2280 2333/5411/2333 2356/5359/2356
vt 0.622564 0.310065
f 2311/5320/2311 2244/5202/2244 2315/5412/2315
vt 0.386555 0.319464
vt 0.386943 0.320642
vt 0.384325 0.321325
f 2315/5413/2315 2244/5414/2244 2327/5415/2327
vt 0.751720 0.696374
f 2269/5242/2269 2317/5281/2317 2377/5416/2377
f 2334/5033/2334 2151/4842/2151 2482/5402/2482
vt 0.794426 0.593371
f 2254/5229/2254 2357/5417/2357 2271/5293/2271
vt 0.660971 0.360002
f 2328/5418/2328 2252/5389/2252 2349/5391/2349
vt 0.365592 0.461395
vt 0.363177 0.465494
vt 0.358544 0.458142
f 2319/5419/2319 2264/5420/2264 2450/5421/2450
f 2212/5131/2212 2356/5359/2356 2317/5281/2317
vt 0.454402 0.388645
f 2342/5422/2342 2295/5408/2295 2326/5407/2326
vt 0.518075 0.585529
vt 0.520680 0.587184
f 2277/5423/2277 2358/5404/2358 2294/5424/2294
vt 0.526503 0.590920
f 2309/5317/2309 2331/5344/2331 2318/5425/2318
vt 0.475403 0.835574
f 2321/5426/2321 2352/5374/2352 2274/5087/2274
vt 0.216386 0.945450
f 2318/5370/2318 2329/5427/2329 2307/5232/2307
vt 0.280658 0.332894
f 2321/5428/2321 2274/5266/2274 2308/5260/2308
f 2145/4620/2145 2453/4976/2453 2474/5331/2474
vt 0.919525 0.444677
vt 0.917370 0.440190
f 2348/5429/2348 2156/5101/2156 2323/5430/2323
vt 0.711324 0.217009
f 2306/5274/2306 2199/5273/2199 2473/5431/2473
vt 0.912494 0.702453
f 2199/5066/2199 2347/5384/2347 2473/5432/2473
vt 0.294899 0.367970
f 2322/5324/2322 2215/5002/2215 2341/5433/2341
vt 0.897826 0.718734
f 2219/4989/2219 2325/5272/2325 2432/5434/2432
vt 0.596392 0.739140
f 2198/5058/2198 2364/4986/2364 2343/5435/2343
f 2324/4911/2324 2535/5330/2535 2220/4993/2220
f 2261/5278/2261 2172/4872/2172 2390/5268/2390
vt 0.619210 0.918472
f 2363/5279/2363 2344/5218/2344 2386/5436/2386
f 2361/5164/2361 1993/5161/1993 2582/5326/2582
vt 0.358567 0.467629
f 2204/5437/2204 2450/5421/2450 2264/5420/2264
f 2270/5288/2270 2339/5395/2339 2354/5341/2354
f 1597/2811/1597 2983/5269/2983 2042/2957/2042
vt 0.891500 0.388662
f 2327/5203/2327 2360/5299/2360 2396/5438/2396
vt 0.652042 0.849906
f 2332/5397/2332 2319/5396/2319 2366/5439/2366
vt 0.552494 0.786067
vt 0.559876 0.783852
vt 0.550292 0.793735
f 2406/5440/2406 2593/5441/2593 1951/5442/1951
vt 0.750368 0.668434
f 2311/5315/2311 2383/5443/2383 2353/5357/2353
vt 0.556845 0.923359
f 3038/5444/3038 2598/5246/2598 2236/5245/2236
vt 0.600910 0.313753
vt 0.598572 0.315336
f 2348/5292/2348 2330/5445/2330 2301/5446/2301
vt 0.440747 0.843453
vt 0.436814 0.846284
vt 0.435878 0.842872
f 2340/5447/2340 2300/5448/2300 2355/5449/2355
vt 0.561183 0.916051
f 2236/5245/2236 2370/5450/2370 3038/5444/3038
vt 0.206978 0.944471
f 2371/5327/2371 2279/5171/2279 2359/5451/2359
f 2696/5240/2696 2600/5256/2600 2316/4317/2316
vt 0.382563 0.318330
f 2315/5413/2315 2327/5415/2327 2396/5452/2396
vt 0.329018 0.041767
f 2300/5399/2300 2328/5398/2328 2380/5453/2380
vt 0.218713 0.948177
f 2318/5370/2318 2398/5454/2398 2329/5427/2329
vt 0.596011 0.312049
f 2330/5445/2330 2348/5292/2348 2425/5455/2425
f 2338/5085/2338 2552/5264/2552 2147/4774/2147
f 2279/5171/2279 2307/5232/2307 2329/5427/2329
vt 0.753794 0.714108
vt 0.752954 0.719072
f 2310/5307/2310 2351/5456/2351 2299/5457/2299
vt 0.941380 0.091706
vt 0.944278 0.090065
vt 0.945118 0.090554
f 2380/5458/2380 2355/5459/2355 2300/5460/2300
f 2351/5456/2351 2310/5307/2310 2265/5250/2265
f 2730/5077/2730 2563/5072/2563 2154/5071/2154
vt 0.881466 0.384049
vt 0.883349 0.382677
f 2360/5299/2360 2288/5461/2288 2374/5462/2374
vt 0.747924 0.668304
f 2311/5315/2311 2315/5463/2315 2383/5443/2383
vt 0.028004 0.533616
vt 0.032008 0.529893
vt 0.038856 0.532048
f 2407/5464/2407 2323/5465/2323 2284/5466/2284
f 2284/5466/2284 2340/5321/2340 2407/5464/2407
vt 0.608680 0.042220
vt 0.610166 0.044145
vt 0.608811 0.043884
f 2433/5467/2433 2465/5468/2465 2260/5469/2260
vt 0.843857 0.835434
f 2352/5368/2352 2342/5470/2342 2326/5367/2326
vt 0.845411 0.836204
vt 0.844929 0.836981
f 2335/5471/2335 2295/5472/2295 2342/5470/2342
vt 0.917757 0.708378
f 2200/4875/2200 2306/5340/2306 2410/5473/2410
vt 0.641131 0.611579
f 2260/4867/2260 2465/5474/2465 2336/5211/2336
f 2362/5276/2362 2119/4868/2119 2452/5377/2452
vt 0.587133 0.722634
f 2201/5003/2201 2238/5217/2238 2368/5475/2368
vt 0.333684 0.132147
vt 0.329478 0.133643
vt 0.328097 0.130774
f 2204/5476/2204 2305/5477/2305 2450/5478/2450
f 2219/4989/2219 2432/5434/2432 2136/4478/2136
vt 0.601336 0.943537
f 2431/5328/2431 2144/4924/2144 2346/5479/2346
f 2344/5218/2344 2239/4863/2239 2392/5380/2392
vt 0.607093 0.948213
f 2216/5480/2216 2346/5479/2346 2144/4924/2144
vt 0.752435 0.676559
f 2333/5388/2333 2353/5357/2353 2381/5481/2381
vt 0.635195 0.607138
f 2337/4852/2337 2336/5211/2336 2502/5482/2502
vt 0.752973 0.692729
f 2317/5281/2317 2384/5483/2384 2377/5416/2377
vt 0.662771 0.357229
f 2349/5391/2349 2412/5484/2412 2328/5418/2328
vt 0.655803 0.843223
f 2349/5410/2349 2293/5409/2293 2378/5485/2378
f 2545/5258/2545 2296/5053/2296 2131/5023/2131
vt 0.379237 0.543022
vt 0.377736 0.544316
f 2337/5486/2337 2502/5487/2502 2258/5197/2258
vt 0.752391 0.669399
f 2353/5357/2353 2383/5443/2383 2408/5488/2408
vt 0.756231 0.011154
vt 0.760439 0.011592
vt 0.757116 0.013474
f 2288/5489/2288 2295/5490/2295 2335/5491/2335
vt 0.799069 0.598933
f 2357/5417/2357 2404/5492/2404 2271/5293/2271
vt 0.524692 0.586806
f 2397/5493/2397 2294/5424/2294 2358/5404/2358
f 2312/5289/2312 2402/5401/2402 2339/5395/2339
f 2359/5451/2359 2279/5171/2279 2329/5427/2329
vt 0.523222 0.588827
f 2331/5494/2331 2397/5493/2397 2318/5425/2318
f 2404/5492/2404 2402/5394/2402 2271/5293/2271
vt 0.754038 0.726031
vt 0.756463 0.724751
f 2357/5495/2357 2313/5304/2313 2405/5496/2405
vt 0.932922 0.588402
vt 0.929671 0.585950
vt 0.937068 0.587681
f 2387/5497/2387 2525/5498/2525 2268/5499/2268
f 2332/5397/2332 2378/5485/2378 2293/5409/2293
vt 0.753068 0.674596
f 2408/5488/2408 2382/5500/2382 2353/5357/2353
f 2294/5424/2294 2397/5493/2397 2331/5494/2331
vt 0.386411 0.316997
f 2396/5452/2396 2383/5501/2383 2315/5413/2315
vt 0.756164 0.683924
f 2376/5502/2376 2356/5359/2356 2333/5388/2333
vt 0.599461 0.311231
f 2425/5455/2425 2375/5503/2375 2330/5445/2330
vt 0.032400 0.210332
vt 0.035236 0.209920
vt 0.031408 0.215275
f 2317/5504/2317 2356/5505/2356 2384/5506/2384
vt 0.581311 0.858799
vt 0.579700 0.861854
vt 0.578548 0.859100
f 2266/5507/2266 2320/5508/2320 2286/5509/2286
vt 0.471249 0.839049
vt 0.467420 0.835661
f 2308/5510/2308 2369/5511/2369 2321/5426/2321
vt 0.039148 0.519397
vt 0.035420 0.518848
vt 0.035139 0.513603
f 2330/5512/2330 2375/5513/2375 2369/5514/2369
vt 0.466740 0.839528
f 2369/5511/2369 2308/5510/2308 2330/5515/2330
vt 0.662734 0.321103
f 2436/5516/2436 2297/5379/2297 2320/5378/2320
vt 0.946380 0.581770
f 2391/5517/2391 2393/4998/2393 2194/4997/2194
vt 0.363953 0.457520
f 2450/5421/2450 2366/5518/2366 2319/5419/2319
vt 0.130679 0.929019
f 2535/5330/2535 2564/5519/2564 2202/4864/2202
f 2410/5473/2410 2325/5272/2325 2200/4875/2200
vt 0.626918 0.894589
f 2341/5329/2341 2240/5177/2240 2430/5520/2430
f 2475/5382/2475 2202/4864/2202 2564/5519/2564
vt 0.061583 0.570071
f 1968/4311/1968 2373/5521/2373 2130/4894/2130
vt 0.925374 0.704031
f 2243/5069/2243 2345/5335/2345 2389/5522/2389
vt 0.889857 0.094166
vt 0.886243 0.093933
vt 0.886776 0.091770
f 2393/5523/2393 2391/5524/2391 2350/5525/2350
vt 0.022162 0.884026
vt 0.024585 0.879866
vt 0.025130 0.887134
f 2345/5526/2345 2201/5527/2201 2368/5528/2368
vt 0.882814 0.535113
f 2365/5383/2365 2346/5529/2346 2216/5076/2216
vt 0.554556 0.150684
f 2507/5530/2507 2443/4944/2443 2189/4946/2189
f 2381/5481/2381 2353/5357/2353 2382/5500/2382
vt 0.755251 0.710102
vt 0.754631 0.706222
f 2351/5531/2351 2265/5250/2265 2399/5532/2399
f 2099/4897/2099 2130/4894/2130 2585/4817/2585
vt 0.077250 0.587589
f 2585/4817/2585 2507/5533/2507 2189/4818/2189
vt 0.524092 0.572375
f 2354/5341/2354 2339/5395/2339 2438/5534/2438
f 2378/5485/2378 2332/5397/2332 2366/5439/2366
vt 0.718965 0.354614
f 2767/5365/2767 2416/5535/2416 2272/5366/2272
vt 0.435809 0.838720
f 2340/5447/2340 2355/5449/2355 2417/5536/2417
vt 0.518375 0.557564
f 2339/5395/2339 2402/5401/2402 2403/5537/2403
vt 0.036776 0.213175
f 2384/5506/2384 2356/5505/2356 2422/5538/2422
vt 0.888355 0.382210
f 2374/5462/2374 2435/5539/2435 2360/5299/2360
vt 0.638493 0.609339
f 2465/5540/2465 2502/5482/2502 2336/5211/2336
f 2396/5438/2396 2360/5299/2360 2435/5539/2435
vt 0.657978 0.840331
f 2378/5485/2378 2412/5541/2412 2349/5410/2349
f 2354/5341/2354 2438/5534/2438 2358/5404/2358
vt 0.100733 0.962504
f 2426/5282/2426 2498/5542/2498 2291/5283/2291
vt 0.531633 0.593372
vt 0.536422 0.593195
vt 0.533858 0.596054
f 2398/5543/2398 2401/5544/2401 2329/5545/2329
vt 0.753178 0.013002
f 2335/5491/2335 2400/5546/2400 2288/5489/2288
vt 0.210311 0.948029
f 2359/5451/2359 2329/5427/2329 2463/5547/2463
vt 0.033515 0.517163
f 2419/5548/2419 2369/5514/2369 2375/5513/2375
f 2265/5250/2265 2269/5242/2269 2399/5532/2399
f 2405/5496/2405 2313/5304/2313 2299/5457/2299
vt 0.800119 0.593638
f 2357/5417/2357 2405/5549/2405 2404/5492/2404
f 2197/4910/2197 2196/4647/2196 2385/5056/2385
vt 0.138439 0.536174
f 2343/5550/2343 2238/5215/2238 2198/5214/2198
f 2285/4980/2285 2475/5382/2475 2390/5268/2390
vt 0.476329 0.832054
f 2352/5374/2352 2321/5426/2321 2409/5551/2409
vt 0.665930 0.361281
f 2380/5552/2380 2328/5418/2328 2412/5484/2412
vt 0.117517 0.645955
f 2236/4785/2236 2372/5067/2372 2552/5553/2552
vt 0.083434 0.907568
f 2217/5061/2217 2261/5278/2261 2457/5554/2457
vt 0.084953 0.903799
f 2304/5555/2304 2217/5061/2217 2457/5554/2457
f 2392/5380/2392 2386/5436/2386 2344/5218/2344
vt 0.629123 0.888052
f 2322/5323/2322 2341/5329/2341 2411/5556/2411
vt 0.346353 0.459490
f 2428/5557/2428 2450/5421/2450 2305/5210/2305
f 2430/5520/2430 2411/5556/2411 2341/5329/2341
vt 0.862525 0.753667
f 2362/5276/2362 2452/5377/2452 2592/5558/2592
vt 0.108071 0.420530
vt 0.102816 0.428501
vt 0.102581 0.419700
f 2388/5559/2388 2363/5560/2363 2495/5561/2495
vt 0.595786 0.748101
f 2364/4986/2364 2451/5562/2451 2343/5435/2343
f 2365/5383/2365 2303/5129/2303 2474/5331/2474
f 2347/5384/2347 2243/5069/2243 2389/5522/2389
vt 0.543077 0.091961
vt 0.541291 0.094786
vt 0.539506 0.093024
f 2342/5563/2342 2400/5564/2400 2335/5565/2335
vt 0.670199 0.357321
f 2379/5566/2379 2380/5552/2380 2412/5484/2412
vt 0.384268 0.315318
vt 0.386274 0.315689
f 2421/5567/2421 2408/5568/2408 2383/5501/2383
f 2383/5501/2383 2396/5452/2396 2421/5567/2421
vt 0.799039 0.347745
vt 0.798275 0.349207
vt 0.795541 0.346258
f 2400/5569/2400 2374/5570/2374 2288/5571/2288
vt 0.432421 0.842719
f 2355/5449/2355 2380/5572/2380 2417/5536/2417
vt 0.575298 0.874199
f 2472/5166/2472 2547/5573/2547 2566/5353/2566
vt 0.696978 0.127944
vt 0.700216 0.127490
vt 0.697818 0.129288
f 2382/5574/2382 2423/5575/2423 2381/5576/2381
vt 0.808989 0.590207
vt 0.803567 0.593860
vt 0.803353 0.587824
f 2413/5577/2413 2405/5578/2405 2299/5579/2299
vt 0.441591 0.839940
vt 0.439748 0.843386
f 2417/5536/2417 2407/5580/2407 2340/5581/2340
vt 0.809893 0.584076
f 2299/5579/2299 2351/5582/2351 2413/5577/2413
vt 0.530501 0.581595
f 2483/5583/2483 2397/5493/2397 2358/5404/2358
vt 0.814005 0.580722
vt 0.814038 0.586100
f 2399/5584/2399 2506/5585/2506 2351/5582/2351
vt 0.188556 0.944826
f 2492/5586/2492 2367/5369/2367 2415/4985/2415
vt 0.200928 0.944831
f 2415/4985/2415 2371/5327/2371 2445/5587/2445
vt 0.030912 0.514074
f 2419/5548/2419 2476/5588/2476 2369/5514/2369
vt 0.540485 0.595100
f 2329/5545/2329 2401/5544/2401 2463/5589/2463
vt 0.893145 0.384926
vt 0.897287 0.387586
f 2448/5590/2448 2421/5591/2421 2396/5438/2396
vt 0.754448 0.678359
f 2376/5502/2376 2333/5388/2333 2381/5592/2381
f 2448/5590/2448 2396/5438/2396 2435/5539/2435
vt 0.913913 0.243701
f 2387/5385/2387 2395/5387/2395 2525/5593/2525
f 2483/5583/2483 2358/5404/2358 2438/5534/2438
vt 0.531522 0.587322
f 2318/5425/2318 2397/5493/2397 2418/5594/2418
vt 0.036721 0.214610
vt 0.034274 0.216025
f 2422/5595/2422 2471/5596/2471 2384/5506/2384
vt 0.754454 0.687333
f 2356/5359/2356 2376/5502/2376 2422/5597/2422
vt 0.430802 0.841719
f 2417/5536/2417 2380/5572/2380 2379/5598/2379
vt 0.127139 0.343775
vt 0.125906 0.341171
vt 0.135147 0.341541
f 2342/5599/2342 2352/5600/2352 2504/5601/2504
vt 0.023215 0.529979
f 2323/5465/2323 2407/5464/2407 2470/5602/2470
vt 0.926240 0.440280
f 2348/5429/2348 2323/5430/2323 2425/5603/2425
vt 0.222915 0.947888
vt 0.219928 0.952318
f 2318/5604/2318 2418/5605/2418 2398/5454/2398
vt 0.619628 0.779984
vt 0.608702 0.778801
vt 0.613987 0.775225
f 2390/5606/2390 2494/5607/2494 2261/5608/2261
vt 0.291329 0.074112
vt 0.294750 0.075375
vt 0.290034 0.076194
f 2424/5609/2424 2412/5610/2412 2378/5611/2378
vt 0.935355 0.585361
f 2525/5498/2525 2289/5612/2289 2268/5499/2268
vt 0.106920 0.621561
vt 0.103319 0.620780
f 2456/5613/2456 2206/4788/2206 2563/5614/2563
f 2582/5326/2582 2206/4788/2206 2456/5613/2456
vt 0.642927 0.867311
vt 0.646371 0.870331
f 2428/5615/2428 2305/5616/2305 2455/5115/2455
vt 0.906014 0.596407
f 2437/5617/2437 2394/5139/2394 2251/4984/2251
vt 0.097396 0.426022
f 2363/5560/2363 2386/5618/2386 2495/5561/2495
vt 0.579807 0.729996
f 2368/5475/2368 2238/5217/2238 2497/5619/2497
f 2240/5177/2240 2388/5381/2388 2430/5520/2430
vt 0.020099 0.887794
f 2368/5528/2368 2429/5620/2429 2345/5526/2345
vt 0.932508 0.704835
f 2389/5522/2389 2345/5335/2345 2429/5621/2429
vt 0.918832 0.705614
f 2347/5384/2347 2389/5522/2389 2473/5622/2473
vt 0.916562 0.705789
f 2473/5623/2473 2410/5473/2410 2306/5340/2306
vt 0.598390 0.308816
vt 0.593472 0.309510
f 2419/5624/2419 2375/5503/2375 2425/5625/2425
vt 0.754706 0.704188
vt 0.759201 0.702661
f 2399/5626/2399 2269/5242/2269 2446/5627/2446
vt 0.801512 0.598656
f 2404/5492/2404 2405/5549/2405 2439/5628/2439
vt 0.534798 0.095645
vt 0.538115 0.097062
f 2374/5629/2374 2400/5564/2400 2477/5630/2477
vt 0.038006 0.153345
vt 0.042302 0.154527
vt 0.041527 0.156189
f 2435/5631/2435 2374/5632/2374 2477/5633/2477
vt 0.760692 0.710300
vt 0.755878 0.706257
f 2506/5634/2506 2399/5635/2399 2446/5627/2446
vt 0.759057 0.681281
f 2376/5502/2376 2381/5592/2381 2462/5636/2462
f 2351/5582/2351 2506/5585/2506 2413/5577/2413
vt 0.797434 0.608585
f 2403/5637/2403 2402/5394/2402 2404/5492/2404
f 2446/5627/2446 2269/5242/2269 2377/5416/2377
f 2483/5583/2483 2418/5594/2418 2397/5493/2397
f 2983/5269/2983 1597/2811/1597 2241/3124/2241
vt 0.969031 0.731290
f 3062/4764/3062 2781/5638/2781 1942/4559/1942
vt 0.062124 0.948830
f 1951/3123/1951 2593/5639/2593 1846/3953/1846
vt 0.159998 0.238477
vt 0.155070 0.234837
vt 0.159428 0.232036
f 2359/5640/2359 2445/5641/2445 2371/5642/2371
vt 0.206873 0.944540
vt 0.204960 0.950064
f 2359/5643/2359 2463/5547/2463 2480/5644/2480
vt 0.204451 0.947442
f 2414/5645/2414 2359/5643/2359 2480/5644/2480
vt 0.197284 0.946846
f 2445/5587/2445 2447/5646/2447 2415/4985/2415
f 2492/5586/2492 2415/4985/2415 2447/5646/2447
vt 0.974577 0.731627
f 2781/5638/2781 2594/5647/2594 1942/4559/1942
vt 0.653952 0.840274
vt 0.649099 0.843270
f 2424/5648/2424 2378/5485/2378 2440/5649/2440
vt 0.821075 0.040042
vt 0.822108 0.038259
vt 0.824664 0.040860
f 2476/5650/2476 2419/5651/2419 2478/5652/2478
vt 0.756137 0.676838
f 2462/5636/2462 2381/5592/2381 2423/5653/2423
vt 0.699081 0.124208
f 2423/5575/2423 2382/5574/2382 2503/5654/2503
vt 0.755109 0.673647
vt 0.758292 0.673614
f 2382/5655/2382 2408/5488/2408 2503/5656/2503
vt 0.921275 0.437443
f 2323/5430/2323 2554/5657/2554 2425/5603/2425
vt 0.215120 0.951919
f 2398/5454/2398 2418/5605/2418 2420/5658/2420
vt 0.130459 0.338851
f 2352/5600/2352 2409/5659/2409 2504/5601/2504
vt 0.214001 0.948716
f 2398/5454/2398 2420/5658/2420 2401/5660/2401
vt 0.589417 0.740550
f 2343/5435/2343 2451/5562/2451 2493/5661/2493
vt 0.131395 0.346566
f 2504/5601/2504 2400/5662/2400 2342/5599/2342
vt 0.471120 0.832517
f 2369/5663/2369 2409/5551/2409 2321/5426/2321
vt 0.923661 0.714307
f 2325/5272/2325 2410/5473/2410 2454/5664/2454
f 2238/5217/2238 2343/5435/2343 2493/5661/2493
f 2378/5485/2378 2366/5439/2366 2440/5649/2440
vt 0.633228 0.877445
f 2322/5323/2322 2411/5556/2411 2491/5665/2491
vt 0.588084 0.739544
f 2497/5619/2497 2238/5217/2238 2493/5666/2493
f 2325/5272/2325 2454/5664/2454 2432/5434/2432
vt 0.090692 0.912860
vt 0.095351 0.908188
f 2475/5382/2475 2494/5667/2494 2390/5668/2390
vt 0.086125 0.910037
f 2261/5278/2261 2494/5669/2494 2457/5554/2457
vt 0.595921 0.934877
f 2392/5380/2392 2431/5328/2431 2537/5670/2537
f 2346/5479/2346 2537/5670/2537 2431/5328/2431
vt 0.574916 0.870629
f 2547/5573/2547 2472/5166/2472 2509/5671/2509
vt 0.212621 0.951793
f 2401/5660/2401 2420/5658/2420 2444/5672/2444
vt 0.134895 0.346546
f 2400/5662/2400 2504/5601/2504 2487/5673/2487
vt 0.723741 0.353546
f 2767/5365/2767 2734/5674/2734 2416/5535/2416
vt 0.667823 0.354576
f 2379/5566/2379 2412/5484/2412 2479/5675/2479
vt 0.884778 0.091898
f 2391/5524/2391 2767/5676/2767 2350/5525/2350
vt 0.665126 0.355327
vt 0.663766 0.355216
f 2479/5677/2479 2412/5484/2412 2424/5678/2424
vt 0.473453 0.830689
f 2409/5551/2409 2369/5663/2369 2442/5679/2442
vt 0.756061 0.668412
vt 0.757237 0.671022
f 2421/5680/2421 2458/5681/2458 2408/5488/2408
f 2503/5656/2503 2408/5488/2408 2458/5681/2458
vt 0.157742 0.239266
f 2445/5641/2445 2359/5640/2359 2414/5682/2414
f 2561/5375/2561 2391/5517/2391 2194/4997/2194
vt 0.758022 0.690979
f 2422/5597/2422 2376/5502/2376 2471/5683/2471
vt 0.441227 0.834325
f 2407/5580/2407 2417/5536/2417 2470/5684/2470
vt 0.040887 0.156225
vt 0.037123 0.155831
f 2435/5631/2435 2477/5685/2477 2460/5686/2460
vt 0.210885 0.951643
f 2401/5660/2401 2444/5672/2444 2463/5687/2463
vt 0.919878 0.588660
f 2532/5688/2532 2395/5207/2395 2434/5352/2434
vt 0.804667 0.599670
f 2413/5577/2413 2439/5689/2439 2405/5578/2405
vt 0.447939 0.319942
vt 0.445077 0.320351
vt 0.446664 0.314425
f 2441/5690/2441 2404/5691/2404 2439/5692/2439
vt 0.541307 0.097724
f 2477/5630/2477 2400/5564/2400 2487/5693/2487
vt 0.760063 0.697838
vt 0.758507 0.694725
f 2459/5694/2459 2377/5416/2377 2461/5695/2461
f 2377/5416/2377 2459/5694/2459 2446/5627/2446
vt 0.446448 0.323589
f 2403/5696/2403 2404/5691/2404 2441/5690/2441
f 2377/5416/2377 2384/5483/2384 2461/5695/2461
vt 0.520594 0.557800
vt 0.527289 0.561612
f 2339/5395/2339 2403/5697/2403 2526/5698/2526
f 2339/5395/2339 2526/5698/2526 2438/5534/2438
vt 0.154743 0.236842
f 2445/5641/2445 2414/5682/2414 2466/5699/2466
vt 0.828010 0.038549
f 2425/5700/2425 2478/5652/2478 2419/5651/2419
vt 0.353533 0.126496
vt 0.355720 0.125784
f 2373/5701/2373 2278/5702/2278 2416/5361/2416
vt 0.898688 0.384291
f 2421/5591/2421 2448/5590/2448 2486/5703/2486
vt 0.134421 0.337602
f 2409/5659/2409 2442/5704/2442 2504/5601/2504
vt 0.912085 0.513065
f 2362/5275/2362 2538/5705/2538 2453/4976/2453
vt 0.024093 0.526130
f 2323/5465/2323 2470/5602/2470 2554/5706/2554
f 2455/5115/2455 2322/5323/2322 2491/5665/2491
vt 0.357208 0.452666
vt 0.370931 0.451096
vt 0.366059 0.454653
f 2449/5707/2449 2440/5708/2440 2366/5709/2366
vt 0.613837 0.576699
f 2281/5300/2281 2639/5710/2639 2259/5158/2259
vt 0.161778 0.940638
f 2324/4911/2324 2197/4910/2197 2645/5711/2645
vt 0.579478 0.725566
f 2497/5619/2497 2520/5712/2520 2368/5475/2368
f 2366/5518/2366 2450/5421/2450 2449/5707/2449
vt 0.914044 0.725756
f 2454/5664/2454 2427/5713/2427 2432/5434/2432
vt 0.917296 0.592044
vt 0.913725 0.591368
f 2434/5714/2434 2394/5139/2394 2550/5715/2550
vt 0.539534 0.590139
vt 0.535587 0.589605
vt 0.537270 0.581485
f 2444/5716/2444 2420/5717/2420 2500/5718/2500
vt 0.525433 0.555500
f 2441/5719/2441 2526/5698/2526 2403/5697/2403
f 2418/5594/2418 2500/5718/2500 2420/5717/2420
f 2437/5617/2437 2550/5715/2550 2394/5139/2394
vt 0.265864 0.365276
vt 0.267422 0.370113
vt 0.263672 0.368440
f 2424/5720/2424 2440/5721/2440 2524/5722/2524
vt 0.761696 0.689102
f 2485/5723/2485 2471/5683/2471 2376/5502/2376
vt 0.757603 0.667143
vt 0.757585 0.666089
vt 0.759711 0.667919
f 2421/5724/2421 2486/5725/2486 2468/5726/2468
vt 0.894628 0.382402
f 2448/5590/2448 2435/5539/2435 2499/5727/2499
vt 0.811517 0.598895
f 2413/5577/2413 2490/5728/2490 2439/5689/2439
vt 0.532222 0.568204
f 2528/5729/2528 2438/5534/2438 2526/5698/2526
vt 0.828224 0.574354
vt 0.830772 0.573784
vt 0.830139 0.576300
f 2384/5730/2384 2471/5731/2471 2461/5732/2461
vt 0.200991 0.947137
f 2445/5587/2445 2466/5733/2466 2447/5646/2447
f 2464/5318/2464 2259/5158/2259 2639/5710/2639
vt 0.032701 0.507380
f 2476/5588/2476 2442/5734/2442 2369/5514/2369
vt 0.175239 0.340476
vt 0.178663 0.343846
vt 0.178331 0.344539
f 2543/5735/2543 2478/5736/2478 2425/5737/2425
vt 0.759308 0.675464
f 2423/5653/2423 2503/5738/2503 2462/5636/2462
vt 0.537714 0.319170
vt 0.536756 0.320970
vt 0.534352 0.319128
f 2510/5739/2510 2460/5740/2460 2477/5741/2477
vt 0.851770 0.562467
vt 0.852705 0.559792
vt 0.854855 0.561639
f 2458/5742/2458 2421/5743/2421 2468/5744/2468
vt 0.263142 0.365110
f 2479/5745/2479 2424/5720/2424 2524/5722/2524
vt 0.807956 0.607004
vt 0.801820 0.605914
f 2489/5746/2489 2441/5747/2441 2439/5689/2439
vt 0.979767 0.041235
vt 0.980371 0.038813
vt 0.985186 0.039970
f 2467/5748/2467 2460/5749/2460 2510/5750/2510
vt 0.033080 0.155714
f 2435/5631/2435 2460/5686/2460 2467/5751/2467
vt 0.818355 0.592084
f 2469/5752/2469 2413/5577/2413 2506/5585/2506
vt 0.028903 0.516827
vt 0.026578 0.513699
f 2476/5588/2476 2478/5753/2478 2512/5754/2512
f 2251/4984/2251 2617/5295/2617 2437/5617/2437
f 2500/5718/2500 2418/5594/2418 2483/5583/2483
vt 0.546191 0.595525
vt 0.546184 0.591711
f 2480/5755/2480 2463/5589/2463 2514/5756/2514
vt 0.173946 0.945145
f 2645/5711/2645 2197/4910/2197 2613/5757/2613
vt 0.642999 0.613522
vt 0.641127 0.613042
f 2433/5758/2433 2574/5759/2574 2465/5474/2465
vt 0.630076 0.864267
f 2455/5115/2455 2559/5760/2559 2428/5615/2428
vt 0.119883 0.413995
vt 0.112989 0.412391
f 2430/5761/2430 2388/5559/2388 2539/5762/2539
f 2385/5056/2385 2367/5369/2367 2492/5586/2492
vt 0.137787 0.338222
f 2504/5601/2504 2442/5704/2442 2488/5763/2488
vt 0.366113 0.449472
f 2521/5764/2521 2440/5708/2440 2449/5707/2449
f 2197/4910/2197 2385/5056/2385 2613/5757/2613
vt 0.864606 0.320816
vt 0.857734 0.316509
vt 0.866777 0.315318
f 2428/5765/2428 2523/5766/2523 2450/5767/2450
vt 0.576748 0.866044
vt 0.577092 0.870176
vt 0.576181 0.869136
f 2436/5768/2436 2509/5769/2509 2472/5770/2472
vt 0.618103 0.909947
f 2392/5380/2392 2495/5771/2495 2386/5436/2386
vt 0.904627 0.527064
f 2474/5331/2474 2453/4976/2453 2643/5772/2643
vt 0.068027 0.571706
f 2373/5521/2373 2579/5773/2579 2130/4894/2130
vt 0.594667 0.764175
f 2364/4986/2364 2304/5336/2304 2518/5774/2518
f 2451/5562/2451 2364/4986/2364 2518/5774/2518
vt 0.604240 0.770325
f 2518/5774/2518 2304/5336/2304 2457/5775/2457
vt 0.021708 0.890224
vt 0.024685 0.891841
f 2429/5776/2429 2368/5528/2368 2520/5777/2520
vt 0.080507 0.583726
f 2585/4817/2585 2647/5778/2647 2507/5533/2507
vt 0.027563 0.508306
f 2476/5588/2476 2533/5779/2533 2442/5734/2442
f 2463/5589/2463 2444/5716/2444 2514/5756/2514
vt 0.030666 0.153566
f 2499/5780/2499 2435/5631/2435 2467/5751/2467
vt 0.536452 0.573851
f 2528/5729/2528 2589/5781/2589 2438/5534/2438
f 2483/5583/2483 2438/5534/2438 2589/5781/2589
vt 0.137167 0.344388
f 2487/5673/2487 2504/5601/2504 2529/5782/2529
vt 0.383159 0.123836
vt 0.383680 0.127572
vt 0.381613 0.124504
f 2414/5783/2414 2480/5784/2480 2466/5785/2466
vt 0.530822 0.555853
f 2526/5698/2526 2441/5719/2441 2489/5786/2489
vt 0.586076 0.850953
vt 0.584055 0.853569
vt 0.581376 0.850091
f 2575/5787/2575 2505/5788/2505 2443/5789/2443
vt 0.760656 0.680593
f 2462/5636/2462 2503/5738/2503 2534/5790/2534
vt 0.763910 0.691669
f 2555/5791/2555 2471/5683/2471 2485/5723/2485
vt 0.586204 0.849048
f 2507/5792/2507 2575/5787/2575 2443/5789/2443
vt 0.370788 0.449484
f 2521/5764/2521 2541/5793/2541 2440/5708/2440
vt 0.435569 0.833946
vt 0.430067 0.837673
f 2481/5794/2481 2417/5536/2417 2379/5795/2379
vt 0.508313 0.216928
vt 0.510117 0.212434
vt 0.511782 0.216680
f 2506/5796/2506 2446/5797/2446 2570/5798/2570
vt 0.760494 0.703513
vt 0.766231 0.701191
f 2446/5799/2446 2459/5694/2459 2484/5800/2484
f 2499/5727/2499 2486/5703/2486 2448/5590/2448
vt 0.763584 0.698407
f 2459/5694/2459 2531/5801/2531 2484/5800/2484
vt 0.104489 0.147523
vt 0.110396 0.147988
vt 0.106771 0.149965
f 2466/5802/2466 2530/5803/2530 2447/5804/2447
vt 0.029837 0.506416
f 2488/5805/2488 2442/5734/2442 2533/5779/2533
vt 0.760858 0.692640
f 2461/5806/2461 2471/5683/2471 2555/5791/2555
vt 0.847203 0.565008
vt 0.855250 0.565550
vt 0.849131 0.567350
f 2503/5807/2503 2508/5808/2508 2515/5809/2515
vt 0.832575 0.583031
vt 0.825711 0.578488
f 2461/5732/2461 2531/5810/2531 2459/5811/2459
f 2458/5742/2458 2508/5808/2508 2503/5807/2503
vt 0.193479 0.948782
f 2492/5586/2492 2447/5646/2447 2530/5812/2530
vt 0.855520 0.562236
f 2458/5742/2458 2468/5813/2468 2508/5808/2508
vt 0.949632 0.578083
vt 0.946451 0.581750
vt 0.943265 0.577212
f 2767/5814/2767 2391/5815/2391 2853/5816/2853
vt 0.761535 0.682270
f 2376/5502/2376 2462/5636/2462 2611/5817/2611
vt 0.844318 0.571854
vt 0.840707 0.575285
vt 0.841433 0.569927
f 2534/5818/2534 2611/5819/2611 2462/5820/2462
vt 0.118572 0.410740
f 2430/5761/2430 2539/5762/2539 2536/5821/2536
f 2613/5757/2613 2385/5056/2385 2492/5586/2492
vt 0.863816 0.311646
f 2450/5767/2450 2523/5766/2523 2449/5822/2449
vt 0.339392 0.450921
vt 0.347548 0.451890
f 2428/5557/2428 2559/5823/2559 2523/5824/2523
f 2539/5762/2539 2388/5559/2388 2495/5561/2495
vt 0.896472 0.533149
vt 0.890351 0.534659
f 2612/5825/2612 2346/5826/2346 2365/5383/2365
f 2612/5825/2612 2365/5383/2365 2643/5772/2643
vt 0.578789 0.734446
f 2497/5619/2497 2493/5666/2493 2517/5827/2517
vt 0.565213 0.891590
vt 0.570230 0.896411
vt 0.563241 0.894244
f 2582/5828/2582 2897/5829/2897 2361/5830/2361
vt 0.894583 0.737839
f 2136/4478/2136 2432/5434/2432 2725/5831/2725
vt 0.603038 0.777598
f 2496/5832/2496 2457/5775/2457 2494/5607/2494
vt 0.933095 0.710250
f 2429/5621/2429 2616/5833/2616 2389/5522/2389
vt 0.930170 0.712515
vt 0.922436 0.708653
f 2519/5834/2519 2410/5473/2410 2473/5835/2473
vt 0.122848 0.646261
f 2236/4785/2236 2552/5553/2552 2618/5836/2618
f 2481/5794/2481 2470/5684/2470 2417/5536/2417
vt 0.763581 0.704964
vt 0.766542 0.705291
f 2446/5837/2446 2484/5800/2484 2570/5838/2570
vt 0.817245 0.598057
f 2549/5839/2549 2413/5577/2413 2469/5752/2469
vt 0.344328 0.073282
vt 0.344649 0.072348
vt 0.345807 0.073402
f 2532/5840/2532 2682/5841/2682 2395/5842/2395
f 2490/5728/2490 2413/5577/2413 2549/5839/2549
vt 0.509108 0.218441
f 2506/5796/2506 2570/5798/2570 2469/5843/2469
f 2515/5809/2515 2534/5818/2534 2503/5807/2503
vt 0.832551 0.577687
f 2531/5810/2531 2461/5732/2461 2555/5844/2555
vt 0.799304 0.442995
vt 0.803212 0.444070
vt 0.801172 0.446933
f 2513/5845/2513 2479/5846/2479 2524/5847/2524
vt 0.762859 0.685527
f 2611/5848/2611 2485/5723/2485 2376/5502/2376
vt 0.986289 0.119515
vt 0.986741 0.118395
vt 0.986937 0.121039
f 2928/5849/2928 2557/5850/2557 2373/5851/2373
vt 0.027792 0.508331
f 2512/5754/2512 2533/5852/2533 2476/5588/2476
f 2532/5688/2532 2434/5352/2434 2550/5715/2550
vt 0.561546 0.904614
f 2577/5853/2577 2552/5264/2552 2338/5085/2338
vt 0.873801 0.066236
vt 0.870160 0.067278
vt 0.871375 0.063218
f 2512/5854/2512 2478/5855/2478 2543/5856/2543
vt 0.857575 0.560775
f 2486/5857/2486 2508/5808/2508 2468/5813/2468
f 2439/5689/2439 2490/5728/2490 2489/5746/2489
vt 0.545185 0.586828
f 2500/5718/2500 2546/5858/2546 2444/5716/2444
vt 0.986581 0.068446
vt 0.984459 0.066554
vt 0.989014 0.067643
f 2416/5859/2416 2928/5860/2928 2373/5861/2373
vt 0.531944 0.316239
vt 0.537278 0.315234
f 2477/5741/2477 2487/5862/2487 2510/5863/2510
vt 0.676789 0.357209
vt 0.673812 0.353934
f 2481/5864/2481 2379/5566/2379 2527/5865/2527
vt 0.142735 0.343487
f 2511/5866/2511 2529/5782/2529 2504/5601/2504
f 2600/5256/2600 1842/3306/1842 2234/2958/2234
vt 0.601256 0.357908
vt 0.599368 0.361976
vt 0.598116 0.359051
f 2527/5867/2527 2479/5868/2479 2513/5869/2513
vt 0.562260 0.772558
f 2406/5440/2406 2904/5870/2904 2593/5441/2593
f 2483/5583/2483 2589/5781/2589 2500/5718/2500
vt 0.181785 0.336303
vt 0.188643 0.337668
vt 0.182361 0.340210
f 2542/5871/2542 2533/5872/2533 2512/5873/2512
f 2444/5716/2444 2546/5858/2546 2514/5756/2514
vt 0.676266 0.150652
vt 0.677028 0.153541
vt 0.673201 0.155007
f 2597/5874/2597 2498/5875/2498 2426/5876/2426
vt 0.621773 0.888153
f 2430/5520/2430 2536/5877/2536 2411/5556/2411
vt 0.380916 0.126385
f 2480/5784/2480 2522/5878/2522 2466/5785/2466
vt 0.198911 0.954933
vt 0.194048 0.949015
vt 0.199926 0.949682
f 2522/5879/2522 2530/5880/2530 2466/5881/2466
f 2479/5675/2479 2527/5865/2527 2379/5566/2379
vt 0.153125 0.943950
f 2535/5330/2535 2324/4911/2324 2723/5882/2723
vt 0.265183 0.375323
f 2524/5722/2524 2440/5721/2440 2541/5883/2541
vt 0.936182 0.745041
f 2973/5884/2973 3062/4764/3062 2314/3631/2314
vt 0.605739 0.913548
f 2495/5771/2495 2392/5380/2392 2615/5885/2615
f 2491/5665/2491 2559/5760/2559 2455/5115/2455
vt 0.080889 0.947277
f 1846/3953/1846 2978/5886/2978 2146/4810/2146
vt 0.588511 0.939603
f 2537/5670/2537 2346/5479/2346 2612/5887/2612
vt 0.628247 0.606122
f 2545/5258/2545 2258/5257/2258 2958/5888/2958
vt 0.596228 0.922658
f 2614/5889/2614 2392/5380/2392 2537/5670/2537
vt 0.110438 0.927560
f 2564/5519/2564 2662/5890/2662 2475/5382/2475
f 2538/5705/2538 2643/5772/2643 2453/4976/2453
f 2365/5383/2365 2474/5331/2474 2643/5772/2643
vt 0.590880 0.750731
vt 0.585505 0.748190
f 2516/5891/2516 2565/5892/2565 2451/5562/2451
vt 0.589131 0.744939
f 2493/5893/2493 2451/5562/2451 2565/5892/2565
vt 0.625731 0.602782
f 2622/5894/2622 2545/5258/2545 2958/5888/2958
vt 0.099034 0.921399
f 2494/5667/2494 2475/5382/2475 2562/5895/2562
vt 0.054235 0.939106
f 2406/3771/2406 2886/5052/2886 2904/5896/2904
vt 0.703181 0.218884
vt 0.696846 0.218508
f 2473/5431/2473 2389/5897/2389 2616/5898/2616
f 2454/5664/2454 2410/5473/2410 2519/5834/2519
f 2427/5713/2427 2725/5831/2725 2432/5434/2432
vt 0.593495 0.756472
f 2518/5774/2518 2516/5899/2516 2451/5562/2451
f 2725/5831/2725 2452/5377/2452 2136/4478/2136
vt 0.419357 0.394175
vt 0.415817 0.398894
vt 0.415249 0.394692
f 2586/5900/2586 2534/5901/2534 2515/5902/2515
vt 0.682866 0.355090
f 2481/5864/2481 2527/5865/2527 2637/5903/2637
vt 0.863049 0.561199
vt 0.865885 0.563584
f 2486/5857/2486 2499/5904/2499 2544/5905/2544
f 2566/5353/2566 2547/5573/2547 2730/5077/2730
vt 0.582770 0.867606
f 2320/5508/2320 2872/5906/2872 2436/5768/2436
vt 0.794498 0.447115
f 2513/5845/2513 2524/5847/2524 2572/5907/2572
vt 0.139892 0.340376
f 2488/5763/2488 2569/5908/2569 2504/5601/2504
vt 0.188788 0.176441
vt 0.184189 0.177155
vt 0.184965 0.172859
f 2548/5909/2548 2569/5910/2569 2488/5911/2488
vt 0.187067 0.174321
f 2488/5911/2488 2533/5912/2533 2548/5909/2548
vt 0.835540 0.575265
vt 0.835174 0.577495
f 2485/5913/2485 2611/5819/2611 2555/5914/2555
vt 0.171727 0.341905
vt 0.171388 0.340743
f 2543/5735/2543 2425/5915/2425 2554/5916/2554
vt 0.814559 0.608259
f 2490/5728/2490 2599/5917/2599 2489/5746/2489
vt 0.809376 0.609574
f 2526/5918/2526 2489/5746/2489 2599/5917/2599
vt 0.934906 0.581113
f 2289/5612/2289 2525/5498/2525 2633/5919/2633
vt 0.535217 0.312280
f 2487/5862/2487 2584/5920/2584 2510/5863/2510
vt 0.138772 0.346695
vt 0.142472 0.347618
vt 0.136302 0.348464
f 2529/5921/2529 2584/5922/2584 2487/5923/2487
vt 0.839717 0.063956
vt 0.842700 0.063930
vt 0.844831 0.066994
f 2575/5924/2575 2893/5925/2893 2505/5926/2505
vt 0.896027 0.614685
vt 0.887270 0.608572
f 2464/5927/2464 2794/5928/2794 2283/4881/2283
vt 0.851750 0.568602
f 2515/5809/2515 2508/5808/2508 2540/5929/2540
f 2584/5922/2584 2529/5921/2529 2511/5866/2511
vt 0.936279 0.582514
f 2633/5930/2633 2561/5375/2561 2289/5363/2289
vt 0.582459 0.857345
vt 0.587387 0.859130
f 2266/5931/2266 2962/5932/2962 2320/5508/2320
f 2508/5808/2508 2486/5857/2486 2544/5905/2544
vt 0.141025 0.341591
f 2511/5866/2511 2504/5601/2504 2569/5933/2569
vt 0.864622 0.561797
f 2467/5934/2467 2544/5905/2544 2499/5904/2499
vt 0.269000 0.380814
vt 0.269451 0.376152
f 2604/5935/2604 2541/5883/2541 2521/5936/2521
vt 0.544695 0.579658
f 2500/5718/2500 2601/5937/2601 2546/5858/2546
vt 0.833915 0.281728
vt 0.833989 0.286397
vt 0.830706 0.281927
f 2571/5938/2571 2467/5939/2467 2510/5940/2510
vt 0.521664 0.182283
vt 0.526362 0.184467
vt 0.523938 0.186442
f 2596/5941/2596 2470/5942/2470 2481/5943/2481
vt 0.188186 0.952297
f 2492/5586/2492 2530/5812/2530 2627/5944/2627
vt 0.535347 0.557512
f 2528/5729/2528 2526/5698/2526 2599/5945/2599
vt 0.579606 0.755103
f 2565/5892/2565 2516/5891/2516 2689/5946/2689
f 2962/5932/2962 2266/5931/2266 2505/5788/2505
vt 0.552862 0.594900
f 2480/5755/2480 2514/5756/2514 2522/5947/2522
vt 0.909646 0.239846
f 2395/5387/2395 2682/5948/2682 2525/5593/2525
vt 0.261142 0.370571
f 2541/5883/2541 2572/5949/2572 2524/5722/2524
vt 0.194256 0.954790
f 2530/5880/2530 2522/5879/2522 2553/5950/2553
vt 0.701303 0.212898
f 2473/5431/2473 2616/5898/2616 2519/5951/2519
vt 0.044745 0.462193
vt 0.047459 0.454133
vt 0.051249 0.459505
f 2646/5952/2646 2493/5953/2493 2565/5954/2565
vt 0.579800 0.744020
f 2517/5827/2517 2493/5666/2493 2646/5955/2646
vt 0.271809 0.379554
f 2449/5956/2449 2604/5935/2604 2521/5936/2521
vt 0.643200 0.615262
vt 0.639217 0.614371
vt 0.643722 0.614721
f 2567/5957/2567 2715/5958/2715 2334/5959/2334
vt 0.855529 0.313552
f 2449/5822/2449 2523/5766/2523 2605/5960/2605
vt 0.938359 0.702125
vt 0.943882 0.709534
f 2429/5621/2429 2520/5961/2520 2650/5962/2650
f 2334/5959/2334 2715/5958/2715 2433/5758/2433
vt 0.099630 0.344541
vt 0.087000 0.347801
vt 0.094497 0.341419
f 2491/5963/2491 2411/5964/2411 2560/5965/2560
vt 0.627085 0.869090
f 2559/5760/2559 2491/5665/2491 2595/5966/2595
vt 0.618446 0.897484
vt 0.608307 0.900383
f 2539/5967/2539 2495/5771/2495 2660/5968/2660
vt 0.098416 0.339609
vt 0.102531 0.336929
f 2560/5969/2560 2595/5970/2595 2491/5963/2491
f 2614/5889/2614 2615/5885/2615 2392/5380/2392
vt 0.589116 0.760545
f 2516/5899/2516 2518/5774/2518 2591/5971/2591
vt 0.525682 0.180392
f 2596/5941/2596 2554/5972/2554 2470/5942/2470
vt 0.543490 0.572544
f 2500/5718/2500 2589/5781/2589 2578/5973/2578
f 2601/5937/2601 2500/5718/2500 2578/5973/2578
vt 0.185061 0.335610
f 2533/5872/2533 2542/5871/2542 2587/5974/2587
vt 0.538593 0.562296
f 2599/5945/2599 2580/5975/2580 2528/5729/2528
vt 0.176991 0.338583
f 2543/5976/2543 2542/5871/2542 2512/5873/2512
vt 0.837558 0.284244
f 2544/5977/2544 2467/5939/2467 2571/5938/2571
vt 0.549044 0.584565
f 2546/5858/2546 2573/5978/2573 2514/5756/2514
vt 0.417837 0.392177
f 2515/5902/2515 2540/5979/2540 2586/5900/2586
vt 0.114411 0.148341
vt 0.113061 0.149818
vt 0.114000 0.147609
f 2627/5980/2627 2530/5981/2530 2603/5982/2603
vt 0.553385 0.592083
f 2640/5983/2640 2514/5756/2514 2573/5978/2573
vt 0.191370 0.954210
f 2530/5880/2530 2553/5950/2553 2603/5984/2603
vt 0.634876 0.609702
f 2465/5540/2465 2501/5985/2501 2502/5482/2502
vt 0.721543 0.124622
vt 0.724615 0.123878
vt 0.723661 0.126327
f 2533/5986/2533 2587/5987/2587 2548/5988/2548
vt 0.830883 0.280009
f 2510/5940/2510 2558/5989/2558 2571/5938/2571
vt 0.865352 0.566793
f 2508/5808/2508 2544/5905/2544 2630/5990/2630
vt 0.169145 0.338219
f 2543/5735/2543 2554/5916/2554 2602/5991/2602
vt 0.188025 0.178842
f 2569/5910/2569 2548/5909/2548 2583/5992/2583
vt 0.838873 0.580876
f 2531/5810/2531 2555/5914/2555 2556/5993/2556
vt 0.182915 0.949816
f 2492/5586/2492 2627/5944/2627 2576/5994/2576
vt 0.568228 0.890789
f 2897/5829/2897 2582/5828/2582 2648/5995/2648
f 2502/5482/2502 2958/5888/2958 2258/5257/2258
vt 0.824708 0.594007
f 2469/5752/2469 2581/5996/2581 2549/5839/2549
f 2580/5975/2580 2589/5781/2589 2528/5729/2528
vt 0.109956 0.626421
f 2456/5613/2456 2648/5997/2648 2582/5326/2582
vt 0.850033 0.570279
vt 0.848441 0.572442
f 2586/5998/2586 2610/5999/2610 2534/5818/2534
vt 0.085326 0.344140
vt 0.088906 0.341372
f 2411/5964/2411 2536/6000/2536 2634/6001/2634
vt 0.600417 0.356149
vt 0.599533 0.356741
f 2661/6002/2661 2527/5867/2527 2513/6003/2513
f 2514/5756/2514 2640/5983/2640 2522/5947/2522
f 2723/5882/2723 2324/4911/2324 2645/5711/2645
vt 0.352034 0.451009
vt 0.354130 0.446349
f 2449/5707/2449 2605/6004/2605 2658/6005/2658
vt 0.609095 0.889075
f 2659/6006/2659 2536/5877/2536 2539/5967/2539
vt 0.068757 0.911724
vt 0.074231 0.907788
vt 0.083520 0.915942
f 2518/6007/2518 2457/6008/2457 2496/6009/2496
vt 0.025092 0.894658
vt 0.028825 0.897169
vt 0.023258 0.900780
f 2520/6010/2520 2497/6011/2497 2650/6012/2650
f 2411/5964/2411 2634/6001/2634 2560/5965/2560
vt 0.620650 0.597791
f 2545/5258/2545 2756/6013/2756 2296/5053/2296
vt 0.230990 0.368934
vt 0.230982 0.365510
vt 0.235451 0.367942
f 2568/6014/2568 2511/6015/2511 2569/6016/2569
vt 0.522379 0.178834
f 2554/5972/2554 2596/5941/2596 2588/6017/2588
vt 0.770742 0.704193
f 2570/5838/2570 2484/5800/2484 2607/6018/2607
vt 0.631660 0.609717
f 2805/6019/2805 2502/5482/2502 2501/5985/2501
vt 0.772470 0.706802
vt 0.767447 0.711706
f 2570/5838/2570 2581/6020/2581 2469/6021/2469
vt 0.109649 0.962976
f 2334/5033/2334 2482/5402/2482 2984/6022/2984
vt 0.537379 0.312763
f 2510/5863/2510 2584/5920/2584 2558/6023/2558
vt 0.920119 0.584378
vt 0.920787 0.587691
f 2532/5688/2532 2773/6024/2773 2682/6025/2682
vt 0.847067 0.574307
f 2610/6026/2610 2611/5819/2611 2534/5818/2534
f 2545/5258/2545 2622/5894/2622 2756/6013/2756
f 2613/5757/2613 2492/5586/2492 2576/5994/2576
vt 0.726214 0.124122
f 2548/5988/2548 2587/5987/2587 2620/6027/2620
f 2617/5295/2617 2283/4881/2283 2794/5928/2794
vt 0.626706 0.871067
vt 0.627702 0.872645
vt 0.625711 0.872709
f 2595/6028/2595 2560/6029/2560 2609/6030/2609
f 2433/5758/2433 2715/5958/2715 2574/5759/2574
vt 0.234517 0.371170
f 2568/6014/2568 2569/6016/2569 2583/6031/2583
vt 0.792963 0.442417
f 2632/6032/2632 2513/5845/2513 2572/5907/2572
vt 0.560144 0.910672
vt 0.552584 0.912265
f 2618/6033/2618 2370/5450/2370 2236/6034/2236
vt 0.433799 0.830075
vt 0.439451 0.829503
f 2637/6035/2637 2596/6036/2596 2481/5794/2481
f 2570/5838/2570 2607/6018/2607 2581/6020/2581
vt 0.683077 0.350781
f 2637/5903/2637 2527/5865/2527 2652/6037/2652
f 2611/5819/2611 2556/5993/2556 2555/5914/2555
vt 0.792265 0.435241
f 2632/6032/2632 2661/6038/2661 2513/5845/2513
vt 0.121291 0.971223
vt 0.116795 0.972021
vt 0.115658 0.969854
f 2501/6039/2501 2465/6040/2465 2574/6041/2574
vt 0.555359 0.594962
f 2522/5947/2522 2640/5983/2640 2553/6042/2553
f 2546/5858/2546 2601/5937/2601 2573/5978/2573
f 2599/5917/2599 2490/5728/2490 2549/5839/2549
vt 0.674984 0.351749
f 2652/6037/2652 2527/5865/2527 2661/6043/2661
vt 0.855520 0.766397
vt 0.848843 0.757152
f 2686/6044/2686 2538/6045/2538 2592/5558/2592
vt 0.623267 0.880473
vt 0.621176 0.884563
f 2634/6046/2634 2536/5877/2536 2692/6047/2692
f 2538/6045/2538 2362/5276/2362 2592/5558/2592
vt 0.118594 0.641527
f 2618/5836/2618 2552/5553/2552 2577/6048/2577
vt 0.358547 0.447375
f 2449/5707/2449 2658/6005/2658 2604/6049/2604
f 2650/5962/2650 2616/5833/2616 2429/5621/2429
vt 0.130396 0.940892
f 2590/6050/2590 2535/5330/2535 2723/5882/2723
f 2564/5519/2564 2535/5330/2535 2590/6050/2590
vt 0.926740 0.428865
vt 0.930072 0.430595
vt 0.925603 0.431624
f 2588/6051/2588 2602/6052/2602 2554/6053/2554
vt 0.070341 0.574304
f 2579/5773/2579 2691/6054/2691 2130/4894/2130
vt 0.879672 0.756408
f 2592/5558/2592 2452/5377/2452 2888/6055/2888
f 2615/5885/2615 2660/5968/2660 2495/5771/2495
f 2590/6050/2590 2662/5890/2662 2564/5519/2564
vt 0.846560 0.769925
f 2765/6056/2765 2538/6045/2538 2686/6044/2686
vt 0.839817 0.765090
f 2643/6057/2643 2538/6045/2538 2765/6056/2765
f 2561/5375/2561 2853/5816/2853 2391/5517/2391
vt 0.071745 0.922697
f 2496/6009/2496 2807/6058/2807 2518/6007/2518
f 2562/5895/2562 2475/5382/2475 2662/5890/2662
vt 0.586836 0.757696
f 2591/6059/2591 2689/5946/2689 2516/5891/2516
vt 0.817485 0.606834
f 2549/5839/2549 2628/6060/2628 2599/5917/2599
vt 0.535720 0.308103
vt 0.534817 0.310590
vt 0.533741 0.308010
f 2667/6061/2667 2584/6062/2584 2511/6063/2511
vt 0.827012 0.584584
vt 0.828449 0.589471
f 2484/6064/2484 2531/5810/2531 2607/6065/2607
vt 0.172449 0.337028
f 2602/5991/2602 2551/6066/2551 2543/5735/2543
vt 0.596053 0.831036
vt 0.597301 0.829776
vt 0.595858 0.832360
f 2373/6067/2373 2557/6068/2557 2579/6069/2579
vt 0.601682 0.832079
f 2557/6068/2557 2964/6070/2964 2579/6069/2579
vt 0.855295 0.569170
vt 0.859276 0.571398
f 2540/6071/2540 2508/5808/2508 2631/6072/2631
vt 0.861222 0.568895
f 2631/6072/2631 2508/5808/2508 2630/6073/2630
f 2589/5781/2589 2580/5975/2580 2578/5973/2578
vt 0.581416 0.872608
f 2509/5769/2509 2436/5768/2436 2769/6074/2769
vt 0.175951 0.951487
f 2576/5994/2576 2623/6075/2623 2613/5757/2613
vt 0.546301 0.566801
f 2578/5973/2578 2580/5975/2580 2657/6076/2657
f 2872/5906/2872 2769/6074/2769 2436/5768/2436
vt 0.419835 0.404238
vt 0.421904 0.398389
vt 0.426686 0.401526
f 2611/6077/2611 2610/6078/2610 2606/6079/2606
vt 0.342416 0.252347
vt 0.342651 0.257539
vt 0.335334 0.254528
f 2858/6080/2858 2928/6081/2928 2416/6082/2416
vt 0.110094 0.623139
f 2456/5613/2456 2775/6083/2775 2648/5997/2648
vt 0.176042 0.336244
f 2635/6084/2635 2542/5871/2542 2543/5976/2543
vt 0.589620 0.848092
vt 0.591545 0.850944
f 2647/6085/2647 2575/6086/2575 2507/5792/2507
vt 0.843694 0.579390
vt 0.846607 0.578766
vt 0.843135 0.581178
f 2611/6087/2611 2606/6088/2606 2556/6089/2556
vt 0.787758 0.066773
vt 0.785766 0.065563
vt 0.789564 0.064599
f 2551/6090/2551 2635/6091/2635 2543/6092/2543
vt 0.587246 0.854131
f 2893/6093/2893 2962/5932/2962 2505/5788/2505
vt 0.928383 0.428327
f 2651/6094/2651 2602/6052/2602 2588/6051/2588
vt 0.519768 0.178855
f 2651/6095/2651 2588/6017/2588 2596/5941/2596
vt 0.558372 0.591053
vt 0.557789 0.594547
f 2626/6096/2626 2553/6097/2553 2640/5983/2640
vt 0.188330 0.955043
f 2627/5944/2627 2603/5984/2603 2641/6098/2641
vt 0.854074 0.571809
f 2586/6099/2586 2540/6071/2540 2631/6072/2631
vt 0.610273 0.567225
f 2704/6100/2704 2464/5318/2464 2639/5710/2639
vt 0.563928 0.593721
vt 0.560576 0.596900
f 2553/6097/2553 2621/6101/2621 2603/6102/2603
vt 0.380560 0.095275
vt 0.381160 0.097294
vt 0.379667 0.096234
f 2548/6103/2548 2619/6104/2619 2583/6105/2583
vt 0.384231 0.096899
f 2620/6106/2620 2619/6104/2619 2548/6103/2548
vt 0.181028 0.954853
f 2576/5994/2576 2627/5944/2627 2673/6107/2673
vt 0.060919 0.387707
vt 0.060490 0.385793
vt 0.063780 0.387004
f 2541/6108/2541 2685/6109/2685 2572/6110/2572
vt 0.794068 0.451529
vt 0.790000 0.453441
vt 0.788482 0.450328
f 2541/6111/2541 2604/6112/2604 2685/6113/2685
vt 0.180878 0.334017
f 2542/5871/2542 2655/6114/2655 2587/5974/2587
vt 0.867807 0.793363
vt 0.865842 0.787472
f 2598/6115/2598 3039/6116/3039 2046/4319/2046
vt 0.232655 0.371338
f 2568/6014/2568 2583/6031/2583 2624/6117/2624
vt 0.555777 0.585790
f 2640/5983/2640 2573/5978/2573 2678/6118/2678
vt 0.832954 0.600221
f 2549/5839/2549 2581/5996/2581 2625/6119/2625
vt 0.825155 0.606323
vt 0.820591 0.608453
f 2549/5839/2549 2654/6120/2654 2628/6121/2628
vt 0.539613 0.556893
vt 0.540447 0.559360
f 2599/6122/2599 2628/6123/2628 2580/5975/2580
vt 0.625129 0.873912
vt 0.626878 0.876721
vt 0.623152 0.877296
f 2609/6124/2609 2560/6125/2560 2681/6126/2681
f 2560/6125/2560 2634/6046/2634 2681/6126/2681
vt 0.348372 0.448992
f 2559/5823/2559 2605/6127/2605 2523/5824/2523
vt 0.029099 0.935575
f 2594/6128/2594 2694/3937/2694 1942/3941/1942
f 2660/5968/2660 2659/6006/2659 2539/5967/2539
vt 0.617325 0.881975
f 2536/5877/2536 2659/6006/2659 2692/6129/2692
vt 0.585272 0.932815
f 2612/5887/2612 2832/6130/2832 2537/5670/2537
f 2983/5269/2983 2973/5884/2973 2314/3631/2314
vt 0.937641 0.715513
f 2454/5664/2454 2519/5834/2519 2690/6131/2690
f 2593/5639/2593 2978/5886/2978 1846/3953/1846
vt 0.547867 0.760274
f 2694/6132/2694 2886/5040/2886 2228/5030/2228
vt 0.032933 0.901152
f 2650/6012/2650 2497/6011/2497 2517/6133/2517
vt 0.604692 0.790076
f 2562/6134/2562 2496/5832/2496 2494/5607/2494
f 2696/5240/2696 2046/4319/2046 3039/6116/3039
vt 0.170541 0.336915
vt 0.168537 0.336717
f 2551/6135/2551 2602/5991/2602 2679/6136/2679
f 2949/5238/2949 2983/5269/2983 2241/3124/2241
vt 0.870883 0.563146
vt 0.874017 0.565800
f 2571/6137/2571 2656/6138/2656 2544/5905/2544
f 2553/6097/2553 2626/6096/2626 2621/6101/2621
vt 0.098365 0.950719
f 2146/4810/2146 2782/6139/2782 2597/4352/2597
vt 0.564758 0.597656
f 2621/6101/2621 2641/6140/2641 2603/6102/2603
f 2498/5542/2498 2482/5402/2482 2291/5283/2291
vt 0.837151 0.591844
f 2607/6065/2607 2531/5810/2531 2629/6141/2629
vt 0.544495 0.558573
f 2580/5975/2580 2628/6142/2628 2657/6076/2657
vt 0.174732 0.335105
f 2655/6114/2655 2542/5871/2542 2635/6143/2635
vt 0.953815 0.039238
vt 0.949506 0.039942
vt 0.949767 0.037742
f 2624/6144/2624 2583/6145/2583 2619/6146/2619
vt 0.343084 0.448271
f 2605/6127/2605 2559/5823/2559 2644/6147/2644
vt 0.386729 0.094948
vt 0.383467 0.094195
f 2655/6148/2655 2620/6106/2620 2587/6149/2587
vt 0.112885 0.967418
f 2334/5033/2334 2984/6022/2984 2567/6150/2567
vt 0.827641 0.315924
vt 0.823210 0.312582
vt 0.829544 0.314675
f 2644/6151/2644 2638/6152/2638 2605/6153/2605
vt 0.376241 0.396482
vt 0.378063 0.393899
vt 0.381212 0.397388
f 2670/6154/2670 2595/6155/2595 2609/6156/2609
vt 0.871319 0.566664
f 2630/5990/2630 2544/5905/2544 2636/6157/2636
f 2581/5996/2581 2607/6065/2607 2629/6141/2629
f 2656/6138/2656 2636/6157/2636 2544/5905/2544
vt 0.684429 0.440484
vt 0.689126 0.443120
vt 0.686907 0.446600
f 2630/6158/2630 2714/6159/2714 2631/6160/2631
vt 0.836066 0.279149
vt 0.834960 0.280169
vt 0.832729 0.277814
f 2656/6161/2656 2571/6162/2571 2558/6163/2558
vt 0.491754 0.184077
vt 0.487496 0.183307
vt 0.491583 0.181043
f 2679/6164/2679 2602/6165/2602 2653/6166/2653
vt 0.488781 0.181081
f 2602/6165/2602 2651/6167/2651 2653/6166/2653
vt 0.225253 0.366754
f 2568/6014/2568 2667/6168/2667 2511/6015/2511
vt 0.186313 0.955230
vt 0.182795 0.956112
f 2641/6169/2641 2671/6170/2671 2627/5944/2627
vt 0.556844 0.590898
f 2626/6171/2626 2640/5983/2640 2678/6118/2678
vt 0.788208 0.446912
f 2632/6032/2632 2572/5907/2572 2674/6172/2674
f 2654/6120/2654 2549/5839/2549 2625/6119/2625
vt 0.380478 0.401962
f 2670/6154/2670 2609/6156/2609 2681/6173/2681
vt 0.263228 0.381749
vt 0.260678 0.378592
f 2642/6174/2642 2685/6175/2685 2604/5935/2604
vt 0.873093 0.214202
vt 0.866151 0.214724
vt 0.867407 0.211856
f 2642/6176/2642 2604/6177/2604 2658/6178/2658
f 2585/4817/2585 2130/4894/2130 2691/6054/2691
vt 0.571548 0.735883
f 2517/5827/2517 2646/5955/2646 2649/6179/2649
vt 0.622484 0.860912
f 2595/5966/2595 2712/6180/2712 2559/5760/2559
vt 0.690202 0.216729
vt 0.695664 0.213984
f 2705/6181/2705 2690/6182/2690 2616/5898/2616
vt 0.100274 0.930371
f 2562/5895/2562 2662/5890/2662 2829/6183/2829
vt 0.029454 0.905868
f 2517/6133/2517 2649/6184/2649 2650/6012/2650
f 2725/5831/2725 2888/6055/2888 2452/5377/2452
vt 0.092802 0.923073
vt 0.087643 0.933050
f 2496/6009/2496 2562/6185/2562 2831/6186/2831
vt 0.940019 0.713336
f 2650/5962/2650 2705/6187/2705 2616/5833/2616
vt 0.698186 0.215425
f 2616/5898/2616 2690/6182/2690 2519/6188/2519
vt 0.869064 0.571022
vt 0.865033 0.572372
vt 0.866373 0.568531
f 2697/6189/2697 2714/6190/2714 2630/6191/2630
vt 0.859142 0.574485
f 2668/6192/2668 2586/6099/2586 2631/6072/2631
vt 0.385596 0.407726
vt 0.386524 0.402988
f 2692/6193/2692 2681/6173/2681 2634/6194/2634
vt 0.424636 0.394379
vt 0.422141 0.398231
vt 0.422664 0.394901
f 2668/6195/2668 2610/6196/2610 2586/6197/2586
vt 0.553672 0.573005
f 2601/5937/2601 2578/5973/2578 2719/6198/2719
vt 0.847428 0.588365
f 2629/6141/2629 2531/5810/2531 2759/6199/2759
vt 0.790641 0.319607
vt 0.794009 0.317638
vt 0.795120 0.322357
f 2871/6200/2871 2532/6201/2532 2550/6202/2550
f 2573/5978/2573 2601/5937/2601 2719/6198/2719
vt 0.824086 0.308438
vt 0.827310 0.311311
f 2658/6203/2658 2605/6204/2605 2638/6152/2638
vt 0.380809 0.100362
vt 0.378737 0.099429
f 2619/6104/2619 2684/6205/2684 2624/6206/2624
vt 0.824966 0.244348
vt 0.822899 0.247395
vt 0.823075 0.244462
f 2665/6207/2665 2620/6208/2620 2655/6209/2655
vt 0.061930 0.384051
f 2572/6110/2572 2685/6109/2685 2674/6210/2674
vt 0.174541 0.333129
f 2635/6143/2635 2669/6211/2669 2655/6114/2655
vt 0.490426 0.186505
vt 0.488156 0.185811
f 2679/6164/2679 2635/6212/2635 2551/6213/2551
vt 0.588129 0.862473
f 2872/5906/2872 2320/5508/2320 3002/6214/3002
f 2629/6141/2629 2625/6119/2625 2581/5996/2581
f 2671/6170/2671 2673/6107/2673 2627/5944/2627
vt 0.610013 0.586254
f 2608/6215/2608 2639/5710/2639 2281/5300/2281
vt 0.430021 0.396610
f 2610/6196/2610 2668/6195/2668 2740/6216/2740
vt 0.869770 0.568565
vt 0.867789 0.568166
f 2636/6217/2636 2697/6189/2697 2630/6218/2630
vt 0.552062 0.556370
f 2657/6076/2657 2628/6142/2628 2654/6219/2654
f 2719/6198/2719 2578/5973/2578 2657/6076/2657
vt 0.929837 0.579707
f 2525/5498/2525 2803/6220/2803 2633/5919/2633
vt 0.608006 0.244795
vt 0.610522 0.242729
vt 0.613933 0.244479
f 2584/6221/2584 2667/6222/2667 2693/6223/2693
f 2740/6216/2740 2606/6079/2606 2610/6196/2610
vt 0.223801 0.369318
f 2667/6168/2667 2568/6014/2568 2702/6224/2702
vt 0.870615 0.211495
f 2642/6176/2642 2658/6178/2658 2664/6225/2664
vt 0.229895 0.371377
vt 0.226972 0.371204
f 2568/6014/2568 2624/6226/2624 2695/6227/2695
vt 0.624474 0.867221
vt 0.622796 0.869751
f 2712/6180/2712 2595/6228/2595 2670/6229/2670
vt 0.849946 0.580050
f 2759/6199/2759 2556/6089/2556 2606/6230/2606
f 2719/6198/2719 2678/6118/2678 2573/5978/2573
f 2556/6089/2556 2759/6199/2759 2531/5810/2531
vt 0.177182 0.331542
f 2669/6211/2669 2665/6231/2665 2655/6114/2655
vt 0.830285 0.274734
vt 0.831363 0.272611
f 2558/6163/2558 2584/6232/2584 2693/6233/2693
vt 0.571708 0.888199
f 2775/6234/2775 2897/5829/2897 2648/5995/2648
vt 0.169069 0.955663
f 2613/5757/2613 2623/6075/2623 2709/6235/2709
f 2623/6075/2623 2576/5994/2576 2673/6107/2673
vt 0.437548 0.826276
vt 0.442406 0.826024
f 2663/6236/2663 2651/6237/2651 2596/6036/2596
vt 0.832742 0.121028
vt 0.829180 0.123034
vt 0.829805 0.118341
f 2651/6238/2651 2663/6239/2663 2683/6240/2683
f 2637/6035/2637 2663/6236/2663 2596/6036/2596
vt 0.577630 0.874063
vt 0.576792 0.872479
f 2769/6074/2769 2547/6241/2547 2509/6242/2509
vt 0.789087 0.438641
f 2661/6038/2661 2632/6032/2632 2722/6243/2722
vt 0.587628 0.915923
f 2615/5885/2615 2614/5889/2614 2728/6244/2728
vt 0.162524 0.954214
f 2645/5711/2645 2613/5757/2613 2762/6245/2762
vt 0.938816 0.719682
f 2454/5664/2454 2690/6131/2690 2726/6246/2726
f 2537/5670/2537 2832/6130/2832 2614/5889/2614
vt 0.609706 0.575757
f 2785/6247/2785 2704/6100/2704 2639/5710/2639
vt 0.981852 0.063311
vt 0.985162 0.063632
f 2771/6248/2771 2557/6249/2557 2928/5860/2928
vt 0.600100 0.830151
f 2771/6250/2771 2964/6070/2964 2557/6068/2557
vt 0.687895 0.352549
f 2663/6251/2663 2637/5903/2637 2652/6037/2652
f 2702/6224/2702 2568/6014/2568 2695/6227/2695
vt 0.556038 0.565061
f 2752/6252/2752 2719/6198/2719 2657/6076/2657
vt 0.385454 0.099908
vt 0.385844 0.098682
f 2711/6253/2711 2620/6106/2620 2665/6254/2665
vt 0.175687 0.331769
f 2675/6255/2675 2665/6231/2665 2669/6211/2669
vt 0.875153 0.213554
f 2666/6256/2666 2642/6176/2642 2664/6225/2664
vt 0.118577 0.967992
f 2715/6257/2715 2501/6039/2501 2574/6041/2574
vt 0.688425 0.446847
vt 0.689555 0.445924
f 2668/6258/2668 2631/6160/2631 2714/6259/2714
vt 0.569434 0.096393
vt 0.573957 0.094399
vt 0.573006 0.096391
f 2684/6260/2684 2695/6261/2695 2624/6262/2624
vt 0.820112 0.311356
f 2658/6203/2658 2638/6152/2638 2732/6263/2732
vt 0.835969 0.274507
vt 0.835748 0.276789
f 2698/6264/2698 2656/6265/2656 2558/6163/2558
f 2698/6264/2698 2558/6163/2558 2693/6233/2693
f 2684/6205/2684 2619/6104/2619 2620/6106/2620
f 2654/6219/2654 2752/6252/2752 2657/6076/2657
vt 0.492469 0.185787
vt 0.494818 0.185172
f 2635/6266/2635 2679/6164/2679 2676/6267/2676
f 2502/5482/2502 2805/6019/2805 2958/5888/2958
vt 0.177340 0.149497
vt 0.176807 0.146841
vt 0.180324 0.147555
f 2713/6268/2713 2621/6269/2621 2626/6270/2626
vt 0.567770 0.593931
f 2641/6140/2641 2621/6101/2621 2710/6271/2710
vt 0.569641 0.598925
f 2671/6272/2671 2641/6140/2641 2710/6271/2710
vt 0.222928 0.368100
f 2702/6224/2702 2693/6273/2693 2667/6168/2667
vt 0.560041 0.590235
vt 0.562699 0.589033
f 2626/6274/2626 2678/6118/2678 2713/6275/2713
vt 0.177729 0.958151
f 2701/6276/2701 2623/6075/2623 2673/6107/2673
vt 0.784558 0.443857
f 2632/6032/2632 2674/6172/2674 2717/6277/2717
vt 0.784803 0.063027
vt 0.782907 0.062956
f 2669/6278/2669 2635/6091/2635 2675/6279/2675
vt 0.570707 0.093744
f 2695/6261/2695 2684/6260/2684 2677/6280/2677
vt 0.917186 0.182231
vt 0.916148 0.183807
vt 0.914882 0.182232
f 2685/6281/2685 2642/6282/2642 2666/6283/2666
vt 0.839822 0.596260
f 2629/6141/2629 2792/6284/2792 2625/6119/2625
vt 0.557363 0.580411
f 2678/6118/2678 2719/6198/2719 2735/6285/2735
vt 0.885766 0.617833
f 2704/6286/2704 2794/5928/2794 2464/5927/2464
vt 0.824295 0.317758
f 2638/6152/2638 2644/6151/2644 2787/6287/2787
vt 0.688674 0.433680
vt 0.693337 0.433145
vt 0.687674 0.436360
f 2656/6288/2656 2680/6289/2680 2636/6290/2636
vt 0.577384 0.882317
f 2547/5573/2547 2731/6291/2731 2730/5077/2730
vt 0.494252 0.179912
f 2683/6292/2683 2679/6164/2679 2653/6166/2653
vt 0.615105 0.876725
vt 0.619085 0.875241
f 2692/6129/2692 2738/6293/2738 2681/6294/2681
vt 0.616169 0.870058
f 2703/6295/2703 2670/6229/2670 2681/6294/2681
vt 0.915140 0.526470
vt 0.909219 0.532868
f 2765/6296/2765 2706/6297/2706 2643/5772/2643
vt 0.818527 0.307849
f 2732/6263/2732 2664/6298/2664 2658/6203/2658
vt 0.889794 0.598506
f 2827/6299/2827 2617/5295/2617 2794/5928/2794
vt 0.571764 0.748883
f 2649/6179/2649 2646/5955/2646 2724/6300/2724
vt 0.896999 0.593281
f 2763/6301/2763 2437/5617/2437 2617/5295/2617
vt 0.588653 0.904310
f 2660/5968/2660 2615/5885/2615 2784/6302/2784
vt 0.440012 0.823762
vt 0.443359 0.824010
f 2683/6303/2683 2653/6304/2653 2651/6237/2651
vt 0.582536 0.767771
f 2591/5971/2591 2518/5774/2518 2687/6305/2687
f 2784/6302/2784 2615/5885/2615 2728/6244/2728
vt 0.101112 0.935334
f 2829/6306/2829 2831/6186/2831 2562/6185/2562
vt 0.907180 0.745038
f 2725/5831/2725 2427/5713/2427 2887/6307/2887
vt 0.079940 0.578219
f 2585/4817/2585 3008/6308/3008 2647/5778/2647
vt 0.869956 0.779545
f 2888/6055/2888 3040/6309/3040 2592/5558/2592
vt 0.900002 0.534594
f 2612/6310/2612 2643/5772/2643 2706/6297/2706
vt 0.025201 0.908118
f 2650/6012/2650 2649/6184/2649 2727/6311/2727
vt 0.497078 0.182100
f 2679/6164/2679 2683/6292/2683 2720/6312/2720
vt 0.830941 0.318997
vt 0.827442 0.320367
f 2644/6151/2644 2559/6313/2559 2712/6314/2712
f 2787/6287/2787 2644/6151/2644 2712/6314/2712
f 2962/5932/2962 3002/6214/3002 2320/5508/2320
vt 0.917924 0.178882
vt 0.913208 0.179733
f 2674/6315/2674 2685/6281/2685 2737/6316/2737
f 2737/6316/2737 2685/6281/2685 2666/6283/2666
vt 0.960024 0.125244
vt 0.960936 0.122812
vt 0.962199 0.125473
f 2664/6317/2664 2747/6318/2747 2666/6319/2666
f 2620/6106/2620 2711/6253/2711 2684/6205/2684
vt 0.599079 0.835336
f 2964/6070/2964 2779/6320/2779 2579/6069/2579
vt 0.906434 0.589851
f 2437/5617/2437 2672/6321/2672 2550/5715/2550
vt 0.863836 0.575194
f 2714/6190/2714 2753/6322/2753 2668/6192/2668
vt 0.692365 0.431190
f 2680/6289/2680 2656/6288/2656 2698/6323/2698
vt 0.694933 0.438669
vt 0.690695 0.440179
f 2699/6324/2699 2697/6325/2697 2636/6290/2636
f 2636/6290/2636 2680/6289/2680 2699/6324/2699
vt 0.072404 0.575009
vt 0.075534 0.575655
f 2585/4817/2585 2691/6326/2691 2969/6327/2969
vt 0.909894 0.239877
vt 0.914738 0.237251
f 2525/5593/2525 2682/6328/2682 2920/6329/2920
vt 0.274273 0.171706
vt 0.271410 0.175435
vt 0.270749 0.170864
f 2675/6330/2675 2707/6331/2707 2665/6332/2665
vt 0.173423 0.150149
vt 0.172040 0.148488
f 2736/6333/2736 2710/6334/2710 2621/6269/2621
vt 0.627494 0.851026
vt 0.628513 0.853182
vt 0.623825 0.855802
f 2732/6335/2732 2638/6336/2638 2787/6337/2787
vt 0.570492 0.594563
f 2671/6272/2671 2710/6271/2710 2700/6338/2700
vt 0.571498 0.596571
f 2701/6339/2701 2671/6272/2671 2700/6338/2700
vt 0.565385 0.092197
f 2755/6340/2755 2677/6280/2677 2684/6260/2684
vt 0.576410 0.893073
f 2775/6234/2775 3042/6341/3042 2897/5829/2897
f 2676/6267/2676 2679/6164/2679 2720/6312/2720
vt 0.564251 0.095593
f 2711/6342/2711 2755/6340/2755 2684/6260/2684
vt 0.336396 0.250717
f 2734/6343/2734 2858/6080/2858 2416/6082/2416
vt 0.792230 0.316026
f 2773/6344/2773 2532/6201/2532 2871/6200/2871
f 2671/6170/2671 2701/6276/2701 2673/6107/2673
vt 0.268165 0.174459
vt 0.267877 0.172987
f 2707/6331/2707 2711/6345/2711 2665/6346/2665
f 2735/6285/2735 2713/6275/2713 2678/6118/2678
vt 0.826981 0.121057
f 2663/6239/2663 2721/6347/2721 2683/6240/2683
vt 0.222448 0.371729
f 2702/6224/2702 2695/6227/2695 2748/6348/2748
vt 0.050626 0.464688
vt 0.046937 0.472162
f 2646/5952/2646 2565/6349/2565 2724/6350/2724
vt 0.462390 0.184896
vt 0.458612 0.184248
vt 0.465263 0.182575
f 2635/6351/2635 2676/6352/2676 2675/6353/2675
vt 0.158901 0.956168
f 2723/5882/2723 2645/5711/2645 2778/6354/2778
vt 0.788714 0.146366
vt 0.791327 0.146233
vt 0.790843 0.147914
f 2456/6355/2456 2563/6356/2563 3009/6357/3009
vt 0.786386 0.147836
f 3009/6357/3009 2775/6358/2775 2456/6355/2456
vt 0.602215 0.347456
vt 0.604350 0.349255
vt 0.601497 0.348112
f 2708/6359/2708 2652/6360/2652 2661/6361/2661
vt 0.936767 0.728762
f 2454/5664/2454 2744/6362/2744 2427/5713/2427
f 2736/6333/2736 2621/6269/2621 2713/6268/2713
f 2613/5757/2613 2709/6235/2709 2762/6245/2762
f 2731/6291/2731 2563/5072/2563 2730/5077/2730
vt 0.603298 0.882009
f 2688/6363/2688 2692/6129/2692 2659/6006/2659
vt 0.555909 0.928083
f 3038/5444/3038 2834/6364/2834 2598/5246/2598
f 2832/6130/2832 2728/6244/2728 2614/5889/2614
vt 0.579519 0.763876
f 2689/5946/2689 2591/6059/2591 2687/6365/2687
vt 0.577420 0.935950
f 2612/5887/2612 2706/6366/2706 2832/6130/2832
vt 0.051701 0.468968
f 2565/6349/2565 2689/6367/2689 2724/6350/2724
vt 0.857303 0.579249
vt 0.861536 0.577503
f 2740/6368/2740 2668/6192/2668 2733/6369/2733
f 2738/6293/2738 2703/6295/2703 2681/6294/2681
vt 0.656825 0.041295
vt 0.653778 0.041180
vt 0.654877 0.039925
f 2733/6370/2733 2668/6371/2668 2753/6372/2753
vt 0.914849 0.177445
f 2674/6315/2674 2737/6316/2737 2717/6373/2717
vt 0.911015 0.181989
f 2747/6374/2747 2737/6316/2737 2666/6283/2666
vt 0.034353 0.930169
f 2594/6128/2594 3014/6375/3014 2694/3937/2694
vt 0.567374 0.902597
f 2577/5853/2577 2338/5085/2338 2989/6376/2989
vt 0.788340 0.432581
f 2661/6038/2661 2722/6243/2722 2708/6377/2708
vt 0.628771 0.848024
vt 0.624908 0.847157
f 2664/6378/2664 2732/6335/2732 2777/6379/2777
f 2717/6277/2717 2722/6243/2722 2632/6032/2632
vt 0.693087 0.428376
vt 0.692082 0.428630
f 2716/6380/2716 2698/6323/2698 2693/6381/2693
vt 0.868325 0.573838
f 2697/6189/2697 2753/6382/2753 2714/6190/2714
vt 0.694247 0.443640
vt 0.690793 0.440282
f 2753/6383/2753 2697/6384/2697 2699/6324/2699
f 2600/5256/2600 2949/5238/2949 1842/3306/1842
vt 0.173316 0.958182
f 2743/6385/2743 2623/6075/2623 2701/6276/2701
vt 0.560259 0.558311
f 2752/6252/2752 2654/6219/2654 2750/6386/2750
f 3040/6309/3040 2600/5256/2600 2696/5240/2696
vt 0.223198 0.373215
vt 0.226789 0.372887
vt 0.229110 0.374784
f 2748/6387/2748 2695/6388/2695 2677/6389/2677
vt 0.837228 0.609734
f 2750/6390/2750 2654/6120/2654 2625/6119/2625
vt 0.565537 0.586455
f 2735/6285/2735 2754/6391/2754 2713/6275/2713
f 2782/6139/2782 2498/5542/2498 2597/4352/2597
vt 0.064809 0.380700
vt 0.058273 0.381322
vt 0.061013 0.377781
f 2717/6392/2717 2737/6393/2737 2837/6394/2837
vt 0.857510 0.588336
f 2759/6199/2759 2606/6230/2606 2749/6395/2749
vt 0.986997 0.243696
vt 0.982717 0.239270
vt 0.987049 0.239317
f 2721/6396/2721 2720/6397/2720 2683/6398/2683
vt 0.458308 0.180675
f 2729/6399/2729 2675/6353/2675 2676/6352/2676
vt 0.959246 0.124004
f 2664/6317/2664 2777/6400/2777 2747/6318/2747
vt 0.824608 0.320596
f 2712/6314/2712 2757/6401/2757 2787/6287/2787
vt 0.567586 0.589934
f 2754/6391/2754 2736/6402/2736 2713/6275/2713
f 2498/5542/2498 2984/6022/2984 2482/5402/2482
vt 0.883737 0.564092
vt 0.886226 0.564046
vt 0.885944 0.565769
f 2693/6403/2693 2702/6404/2702 2716/6405/2716
vt 0.831012 0.250328
vt 0.826898 0.248270
vt 0.829664 0.247772
f 2755/6406/2755 2711/6407/2711 2707/6408/2707
vt 0.171616 0.149746
f 2710/6334/2710 2736/6333/2736 2700/6409/2700
f 2623/6075/2623 2743/6385/2743 2709/6235/2709
vt 0.697536 0.069699
vt 0.699218 0.068738
vt 0.700668 0.071839
f 2739/6410/2739 2701/6411/2701 2700/6412/2700
f 2703/6295/2703 2712/6180/2712 2670/6229/2670
f 2645/5711/2645 2762/6245/2762 2778/6354/2778
vt 0.122957 0.964302
f 2715/6257/2715 3026/6413/3026 2501/6039/2501
vt 0.108288 0.936770
f 2662/5890/2662 2745/6414/2745 2829/6183/2829
vt 0.691172 0.351216
vt 0.691397 0.348456
f 2721/6415/2721 2663/6251/2663 2718/6416/2718
f 2663/6251/2663 2652/6037/2652 2718/6416/2718
vt 0.586832 0.773671
f 2518/5774/2518 2807/6417/2807 2687/6305/2687
vt 0.133540 0.951789
f 2723/5882/2723 2766/6418/2766 2590/6050/2590
f 2738/6293/2738 2692/6129/2692 2688/6363/2688
vt 0.950790 0.711158
vt 0.948676 0.715846
f 2727/6419/2727 2768/6420/2768 2650/5962/2650
vt 0.939028 0.713995
vt 0.947745 0.718447
f 2690/6131/2690 2705/6421/2705 2746/6422/2746
f 2705/6187/2705 2650/5962/2650 2768/6420/2768
vt 0.607943 0.571642
f 2797/6423/2797 2704/6100/2704 2785/6247/2785
f 2662/5890/2662 2590/6050/2590 2745/6414/2745
vt 0.571621 0.586604
vt 0.570007 0.592311
f 2822/6424/2822 2700/6425/2700 2736/6402/2736
vt 0.565157 0.578415
f 2754/6391/2754 2735/6285/2735 2774/6426/2774
vt 0.699655 0.071792
f 2739/6410/2739 2700/6412/2700 2772/6427/2772
f 2827/6299/2827 2763/6301/2763 2617/5295/2617
f 2719/6198/2719 2774/6426/2774 2735/6285/2735
vt 0.476835 0.348820
vt 0.481204 0.347999
vt 0.481208 0.350522
f 2698/6428/2698 2716/6429/2716 2742/6430/2742
f 2281/5300/2281 2296/5053/2296 2608/6215/2608
vt 0.981511 0.237485
vt 0.978504 0.237014
f 2676/6431/2676 2720/6397/2720 2729/6432/2729
vt 0.686566 0.348475
f 2718/6416/2718 2652/6037/2652 2708/6433/2708
vt 0.783942 0.435095
f 2708/6377/2708 2722/6243/2722 2741/6434/2741
vt 0.854284 0.582849
f 2749/6395/2749 2606/6435/2606 2740/6368/2740
vt 0.221713 0.370155
f 2716/6436/2716 2702/6224/2702 2748/6348/2748
vt 0.913464 0.586745
f 2672/6321/2672 2871/6437/2871 2550/5715/2550
vt 0.912628 0.237530
f 2773/6438/2773 2920/6329/2920 2682/6328/2682
vt 0.224505 0.377294
f 2677/6389/2677 2790/6439/2790 2748/6387/2748
f 2732/6335/2732 2787/6337/2787 2777/6379/2777
vt 0.568461 0.092174
vt 0.567815 0.092012
f 2677/6440/2677 2755/6340/2755 2790/6441/2790
vt 0.479045 0.354641
f 2698/6428/2698 2742/6430/2742 2795/6442/2795
f 2897/5829/2897 2338/5085/2338 2361/5830/2361
vt 0.883222 0.184206
vt 0.877659 0.181705
vt 0.882049 0.181879
f 2731/6443/2731 2547/6444/2547 2810/6445/2810
vt 0.218638 0.264862
vt 0.215289 0.267498
vt 0.216569 0.264688
f 2853/6446/2853 2561/6447/2561 2919/6448/2919
vt 0.698258 0.436677
f 2699/6324/2699 2680/6289/2680 2751/6449/2751
vt 0.571742 0.592491
f 2700/6425/2700 2822/6424/2822 2772/6450/2772
vt 0.169020 0.958546
f 2709/6235/2709 2743/6385/2743 2813/6451/2813
vt 0.580033 0.876870
f 2769/6074/2769 2810/6452/2810 2547/6241/2547
f 2686/6044/2686 2592/5558/2592 3040/6309/3040
f 2437/5617/2437 2763/6301/2763 2672/6321/2672
vt 0.567397 0.739535
f 2724/6300/2724 2727/6453/2727 2649/6179/2649
vt 0.569255 0.929805
f 2706/6366/2706 2948/6454/2948 2832/6130/2832
vt 0.093587 0.937493
f 2831/6186/2831 2829/6306/2829 2830/6455/2830
vt 0.114919 0.948848
f 3060/6456/3060 2745/6414/2745 2590/6050/2590
vt 0.881555 0.772501
f 3040/6309/3040 2888/6055/2888 2980/6457/2980
f 2746/6422/2746 2705/6187/2705 2768/6420/2768
vt 0.574988 0.761839
f 2689/5946/2689 2687/6365/2687 2862/6458/2862
vt 0.982825 0.243729
vt 0.978079 0.241544
f 2791/6459/2791 2825/6460/2825 2720/6397/2720
vt 0.563211 0.567286
f 2774/6426/2774 2719/6198/2719 2802/6461/2802
f 2792/6284/2792 2629/6141/2629 2759/6199/2759
vt 0.476234 0.351701
f 2680/6462/2680 2698/6428/2698 2795/6442/2795
vt 0.839607 0.180469
vt 0.842883 0.178249
vt 0.843628 0.181421
f 2721/6463/2721 2718/6464/2718 2791/6465/2791
vt 0.619560 0.851183
vt 0.620943 0.856444
f 2835/6466/2835 2787/6337/2787 2757/6467/2757
vt 0.831565 0.246522
vt 0.829766 0.241076
vt 0.835052 0.240401
f 2707/6468/2707 2675/6469/2675 2812/6470/2812
vt 0.890268 0.571167
vt 0.884686 0.568880
f 2716/6405/2716 2760/6471/2760 2742/6472/2742
vt 0.220999 0.371878
vt 0.220642 0.373212
f 2716/6473/2716 2748/6348/2748 2780/6474/2780
vt 0.841805 0.605527
f 2625/6119/2625 2770/6475/2770 2750/6390/2750
vt 0.462298 0.180306
f 2675/6353/2675 2729/6399/2729 2812/6476/2812
vt 0.862676 0.578508
vt 0.864154 0.585915
f 2740/6368/2740 2733/6477/2733 2848/6478/2848
vt 0.945543 0.575076
f 2853/5816/2853 2998/6479/2998 2767/5814/2767
f 2721/6396/2721 2791/6459/2791 2720/6397/2720
vt 0.921090 0.241641
f 2525/5593/2525 2920/6329/2920 2803/6480/2803
vt 0.862791 0.578459
vt 0.866410 0.575618
vt 0.867492 0.580999
f 2733/6481/2733 2753/6482/2753 2761/6483/2761
vt 0.870103 0.578917
f 2753/6482/2753 2758/6484/2758 2761/6483/2761
vt 0.574928 0.599580
vt 0.574545 0.596010
vt 0.577162 0.596603
f 2701/6485/2701 2739/6486/2739 2783/6487/2783
vt 0.584838 0.600898
vt 0.579780 0.601179
vt 0.582209 0.597532
f 2813/6488/2813 2743/6489/2743 2776/6490/2776
f 2783/6487/2783 2776/6490/2776 2701/6485/2701
f 2701/6485/2701 2776/6490/2776 2743/6489/2743
vt 0.575537 0.884695
f 2731/6291/2731 3009/6491/3009 2563/5072/2563
f 2787/6337/2787 2835/6466/2835 2777/6379/2777
vt 0.851331 0.596114
f 2759/6199/2759 2883/6492/2883 2792/6284/2792
vt 0.569404 0.391419
vt 0.564910 0.390187
vt 0.565319 0.387118
f 2785/6493/2785 2788/6494/2788 2797/6495/2797
vt 0.699550 0.444976
vt 0.695529 0.443216
f 2758/6496/2758 2753/6497/2753 2699/6324/2699
vt 0.892856 0.568641
f 2716/6405/2716 2780/6498/2780 2760/6471/2760
vt 0.879412 0.605285
f 2827/6299/2827 2794/5928/2794 2923/6499/2923
vt 0.473985 0.354346
f 2751/6500/2751 2680/6462/2680 2795/6442/2795
f 2802/6461/2802 2719/6198/2719 2752/6252/2752
f 2750/6386/2750 2802/6461/2802 2752/6252/2752
vt 0.908830 0.180133
f 2737/6316/2737 2747/6374/2747 2798/6501/2798
vt 0.780940 0.438882
f 2741/6434/2741 2722/6243/2722 2820/6502/2820
vt 0.056238 0.377214
vt 0.057519 0.379062
f 2821/6503/2821 2837/6394/2837 2737/6504/2737
vt 0.783270 0.442354
f 2717/6505/2717 2820/6502/2820 2722/6243/2722
vt 0.149222 0.956490
f 2800/6506/2800 2723/5882/2723 2778/6354/2778
vt 0.604015 0.870580
f 2764/6507/2764 2703/6295/2703 2738/6293/2738
vt 0.783394 0.429945
vt 0.786193 0.428838
f 2823/6508/2823 2718/6509/2718 2708/6377/2708
f 2764/6507/2764 2738/6293/2738 2688/6363/2688
f 2823/6508/2823 2708/6377/2708 2741/6434/2741
vt 0.614989 0.860779
vt 0.619801 0.859009
f 2786/6510/2786 2757/6511/2757 2712/6180/2712
vt 0.595380 0.891851
f 2659/6006/2659 2660/5968/2660 2877/6512/2877
f 2712/6180/2712 2703/6295/2703 2786/6510/2786
f 2744/6362/2744 2454/5664/2454 2726/6246/2726
vt 0.937768 0.576763
vt 0.937802 0.579479
f 2633/5919/2633 2919/6513/2919 2561/6514/2561
f 2883/6492/2883 2759/6199/2759 2749/6395/2749
vt 0.880534 0.209854
vt 0.876031 0.210287
vt 0.877683 0.206303
f 2798/6515/2798 2747/6516/2747 2808/6517/2808
vt 0.576725 0.591059
vt 0.574633 0.593616
vt 0.573451 0.592228
f 2849/6518/2849 2739/6519/2739 2772/6520/2772
vt 0.958983 0.120910
vt 0.958510 0.119155
f 2747/6318/2747 2777/6521/2777 2808/6522/2808
f 2625/6119/2625 2792/6284/2792 2770/6475/2770
vt 0.570040 0.571634
f 2774/6426/2774 2802/6461/2802 2859/6523/2859
vt 0.917398 0.205447
vt 0.921288 0.207837
vt 0.917003 0.207748
f 2776/6524/2776 2783/6525/2783 2801/6526/2801
f 2848/6478/2848 2733/6477/2733 2761/6483/2761
vt 0.840968 0.611095
f 2770/6475/2770 2796/6527/2796 2750/6390/2750
vt 0.650205 0.247709
vt 0.644460 0.251573
vt 0.645110 0.247631
f 2835/6528/2835 2757/6529/2757 2799/6530/2799
f 2729/6432/2729 2720/6397/2720 2825/6460/2825
vt 0.127400 0.966189
vt 0.125348 0.969699
f 2501/6039/2501 2804/6531/2804 2805/6532/2805
vt 0.974445 0.236984
f 2825/6460/2825 2812/6533/2812 2729/6432/2729
vt 0.883559 0.573017
f 2760/6471/2760 2795/6534/2795 2742/6472/2742
vt 0.162371 0.959253
f 2709/6235/2709 2815/6535/2815 2762/6245/2762
vt 0.517347 0.122737
vt 0.517044 0.124793
vt 0.515386 0.122375
f 2762/6536/2762 2815/6537/2815 2778/6538/2778
vt 0.847250 0.601876
f 2883/6492/2883 2826/6539/2826 2792/6284/2792
vt 0.900986 0.016413
vt 0.897054 0.015626
vt 0.899778 0.014276
f 2818/6540/2818 2790/6541/2790 2755/6542/2755
f 2736/6402/2736 2754/6391/2754 2822/6424/2822
vt 0.902367 0.014715
f 2755/6542/2755 2707/6543/2707 2818/6540/2818
vt 0.780067 0.443448
f 2717/6505/2717 2837/6544/2837 2820/6502/2820
vt 0.907300 0.178080
f 2737/6316/2737 2798/6501/2798 2821/6545/2821
vt 0.611457 0.593712
f 2952/6546/2952 2608/6215/2608 2296/5053/2296
f 2749/6395/2749 2740/6368/2740 2848/6478/2848
vt 0.826312 0.213078
vt 0.823548 0.212920
vt 0.823861 0.210070
f 2825/6547/2825 2791/6548/2791 2850/6549/2850
vt 0.836784 0.245560
vt 0.835119 0.249577
f 2707/6468/2707 2856/6550/2856 2818/6551/2818
f 2856/6550/2856 2707/6468/2707 2812/6470/2812
vt 0.855807 0.595931
f 2749/6395/2749 2809/6552/2809 2883/6492/2883
vt 0.220128 0.375823
f 2790/6439/2790 2780/6553/2780 2748/6387/2748
f 2822/6424/2822 2849/6518/2849 2772/6520/2772
vt 0.473475 0.357182
f 2751/6500/2751 2795/6442/2795 2793/6554/2793
vt 0.576858 0.594432
f 2739/6519/2739 2849/6518/2849 2783/6555/2783
f 2774/6426/2774 2822/6424/2822 2754/6391/2754
f 2813/6451/2813 2815/6535/2815 2709/6235/2709
vt 0.564268 0.559961
f 2802/6461/2802 2750/6386/2750 2796/6556/2796
vt 0.616482 0.846222
f 2835/6466/2835 2869/6557/2869 2777/6379/2777
vt 0.034186 0.913038
vt 0.032924 0.917679
f 2727/6311/2727 2724/6558/2724 2828/6559/2828
vt 0.054039 0.476614
vt 0.051434 0.478587
f 2689/6560/2689 2863/6561/2863 2724/6350/2724
vt 0.725545 0.350531
vt 0.728703 0.353401
f 2767/6562/2767 2857/6563/2857 2734/5674/2734
f 2784/6302/2784 2877/6512/2877 2660/5968/2660
vt 0.949844 0.722508
f 2690/6131/2690 2951/6564/2951 2726/6246/2726
vt 0.075686 0.938524
f 2496/6009/2496 2831/6186/2831 2901/6565/2901
f 2901/6565/2901 2807/6058/2807 2496/6009/2496
f 2951/6564/2951 2690/6131/2690 2746/6422/2746
vt 0.344549 0.254508
f 2858/6080/2858 2860/6566/2860 2928/6081/2928
vt 0.729109 0.349374
f 2857/6563/2857 2767/6562/2767 2998/6567/2998
f 2969/6327/2969 3008/6308/3008 2585/4817/2585
vt 0.700340 0.440674
f 2699/6324/2699 2751/6449/2751 2793/6568/2793
vt 0.596099 0.835468
vt 0.598592 0.837143
vt 0.595139 0.838350
f 2579/6569/2579 2779/6570/2779 2691/6571/2691
vt 0.579542 0.594674
f 2801/6572/2801 2783/6555/2783 2849/6518/2849
vt 0.068289 0.375355
vt 0.071380 0.372516
vt 0.072684 0.374810
f 2820/6573/2820 2845/6574/2845 2741/6575/2741
vt 0.787856 0.315974
vt 0.789567 0.312089
vt 0.791571 0.313391
f 2921/6576/2921 2920/6577/2920 2773/6578/2773
vt 0.514169 0.125923
f 2778/6538/2778 2815/6537/2815 2816/6579/2816
vt 0.066747 0.942208
f 3061/6580/3061 2978/5886/2978 2593/5639/2593
f 2770/6475/2770 2792/6284/2792 2826/6539/2826
vt 0.704314 0.444245
vt 0.701049 0.445314
f 2699/6324/2699 2842/6581/2842 2758/6582/2758
vt 0.582743 0.591250
f 2819/6583/2819 2801/6572/2801 2849/6518/2849
vt 0.608840 0.865860
f 2703/6295/2703 2764/6507/2764 2866/6584/2866
vt 0.843124 0.609819
vt 0.844889 0.609124
f 2796/6585/2796 2770/6475/2770 2846/6586/2846
vt 0.848393 0.178695
f 2718/6464/2718 2838/6587/2838 2791/6465/2791
vt 0.475263 0.358705
f 2795/6442/2795 2817/6588/2817 2793/6554/2793
vt 0.846329 0.181799
vt 0.846809 0.179896
f 2850/6589/2850 2791/6465/2791 2838/6590/2838
f 2793/6568/2793 2842/6581/2842 2699/6324/2699
vt 0.588691 0.597590
f 2814/6591/2814 2813/6488/2813 2776/6490/2776
vt 0.783227 0.428705
f 2718/6509/2718 2823/6508/2823 2838/6592/2838
vt 0.074382 0.372195
vt 0.075069 0.373751
f 2741/6575/2741 2898/6593/2898 2823/6594/2823
vt 0.395550 0.182760
vt 0.398329 0.183537
vt 0.400634 0.187622
f 2856/6595/2856 2839/6596/2839 2818/6597/2818
f 2989/6376/2989 2338/5085/2338 2897/5829/2897
vt 0.154226 0.958357
f 2861/6598/2861 2800/6506/2800 2778/6354/2778
vt 0.621217 0.844334
f 2869/6557/2869 2808/6599/2808 2777/6379/2777
vt 0.914114 0.209616
vt 0.913878 0.206238
f 2847/6600/2847 2776/6601/2776 2801/6526/2801
vt 0.140171 0.959758
f 2723/5882/2723 2800/6506/2800 2865/6602/2865
vt 0.598347 0.885790
f 2659/6006/2659 2877/6512/2877 2836/6603/2836
f 2786/6510/2786 2703/6295/2703 2866/6584/2866
f 2744/6362/2744 2973/5884/2973 2427/5713/2427
f 2973/5884/2973 2887/6307/2887 2427/5713/2427
vt 0.580242 0.914733
f 2832/6130/2832 2910/6604/2910 2728/6244/2728
vt 0.028181 0.915380
f 2828/6559/2828 2864/6605/2864 2727/6311/2727
vt 0.575808 0.889277
f 3030/6606/3030 3042/6341/3042 2775/6234/2775
vt 0.789593 0.151354
vt 0.789220 0.153591
f 3009/6607/3009 3030/6608/3030 2775/6358/2775
f 2888/6055/2888 2725/5831/2725 2887/6307/2887
vt 0.023245 0.910978
vt 0.025586 0.914075
f 2768/6609/2768 2864/6605/2864 2806/6610/2806
f 2727/6311/2727 2864/6605/2864 2768/6609/2768
vt 0.577801 0.786198
f 2687/6305/2687 2807/6417/2807 2901/6611/2901
vt 0.221318 0.378479
f 2780/6553/2780 2790/6439/2790 2855/6612/2855
vt 0.891982 0.577624
f 2795/6534/2795 2760/6471/2760 2909/6613/2909
vt 0.882461 0.208123
f 2821/6614/2821 2798/6515/2798 2808/6517/2808
vt 0.883069 0.577815
f 2817/6615/2817 2795/6534/2795 2909/6613/2909
vt 0.226290 0.380650
f 2818/6616/2818 2855/6612/2855 2790/6439/2790
vt 0.874104 0.579636
vt 0.876889 0.576473
vt 0.878567 0.581645
f 2842/6617/2842 2793/6618/2793 2840/6619/2840
vt 0.869698 0.585748
f 2848/6478/2848 2761/6483/2761 2873/6620/2873
vt 0.828579 0.212687
f 2811/6621/2811 2825/6547/2825 2850/6549/2850
vt 0.605253 0.576637
vt 0.604903 0.580583
vt 0.602340 0.574065
f 2785/6622/2785 2843/6623/2843 2788/6624/2788
vt 0.581430 0.594679
vt 0.584931 0.594251
f 2801/6625/2801 2819/6583/2819 2847/6626/2847
vt 0.839017 0.242831
f 2856/6550/2856 2812/6470/2812 2870/6627/2870
f 2898/6593/2898 2741/6575/2741 2845/6574/2845
f 2770/6475/2770 2826/6539/2826 2846/6586/2846
vt 0.569122 0.559893
f 2802/6461/2802 2796/6556/2796 2846/6628/2846
vt 0.511300 0.122718
f 2841/6629/2841 2778/6538/2778 2816/6579/2816
vt 0.575622 0.584331
f 2822/6424/2822 2880/6630/2880 2849/6518/2849
vt 0.510980 0.119986
vt 0.512839 0.120099
f 2861/6631/2861 2778/6632/2778 2841/6629/2841
vt 0.619346 0.842859
f 2869/6557/2869 2844/6633/2844 2808/6599/2808
vt 0.896893 0.570141
f 2760/6471/2760 2780/6498/2780 2855/6634/2855
vt 0.580989 0.880854
f 2810/6452/2810 2900/6635/2900 2731/6291/2731
vt 0.880911 0.205547
f 2821/6614/2821 2808/6517/2808 2844/6636/2844
vt 0.645683 0.246165
f 2835/6528/2835 2799/6530/2799 2852/6637/2852
vt 0.117419 0.965651
vt 0.118768 0.963220
vt 0.117641 0.966559
f 2567/6638/2567 2833/6639/2833 2715/6640/2715
vt 0.627451 0.015680
vt 0.625384 0.016372
vt 0.624486 0.014167
f 2855/6641/2855 2818/6642/2818 2875/6643/2875
vt 0.864652 0.591268
f 2749/6395/2749 2848/6478/2848 2892/6644/2892
vt 0.472818 0.362518
f 2817/6588/2817 2840/6645/2840 2793/6554/2793
vt 0.617645 0.154844
vt 0.618284 0.155815
vt 0.616181 0.155546
f 2833/6646/2833 3026/6647/3026 2715/6648/2715
vt 0.065442 0.372184
vt 0.065244 0.374470
f 2837/6394/2837 2891/6649/2891 2820/6650/2820
f 2756/6013/2756 2952/6546/2952 2296/5053/2296
f 2688/6363/2688 2659/6006/2659 2836/6603/2836
vt 0.586511 0.868362
f 2872/5906/2872 3002/6214/3002 3037/6651/3037
f 2822/6424/2822 2774/6426/2774 2859/6523/2859
vt 0.589912 0.601304
f 2813/6488/2813 2814/6591/2814 2815/6652/2815
f 2859/6523/2859 2802/6461/2802 2846/6628/2846
f 2871/6200/2871 2921/6576/2921 2773/6578/2773
vt 0.921885 0.516643
vt 0.929417 0.531414
f 2765/6296/2765 2686/6653/2686 2834/6654/2834
vt 0.674087 0.124328
vt 0.674672 0.126702
vt 0.670274 0.125720
f 2845/6655/2845 2820/6656/2820 2891/6657/2891
vt 0.563672 0.745773
vt 0.571410 0.749067
vt 0.560863 0.757967
f 2828/6658/2828 2724/6659/2724 2950/6660/2950
vt 0.967448 0.236438
vt 0.969979 0.240924
f 2870/6661/2870 2812/6533/2812 2907/6662/2907
vt 0.605821 0.858960
f 2866/6584/2866 2903/6663/2903 2786/6510/2786
f 2766/6418/2766 2723/5882/2723 2865/6602/2865
vt 0.616742 0.853943
vt 0.616296 0.856489
vt 0.612826 0.855958
f 2799/6664/2799 2757/6665/2757 2786/6666/2786
vt 0.910426 0.210344
f 2847/6600/2847 2824/6667/2824 2776/6601/2776
vt 0.911404 0.207729
f 2776/6601/2776 2824/6667/2824 2814/6668/2814
f 2829/6306/2829 2745/6414/2745 3060/6456/3060
f 3060/6456/3060 2590/6050/2590 2766/6418/2766
vt 0.123019 0.638205
vt 0.123485 0.643311
f 2577/6048/2577 2916/6669/2916 2618/6670/2618
vt 0.577509 0.765731
vt 0.571418 0.776576
f 2862/6458/2862 2687/6671/2687 2902/6672/2902
vt 0.054710 0.479340
f 2862/6673/2862 2863/6561/2863 2689/6560/2689
vt 0.955590 0.718192
f 2951/6564/2951 2746/6422/2746 2806/6674/2806
f 2768/6420/2768 2806/6674/2806 2746/6422/2746
vt 0.701894 0.447002
f 2761/6675/2761 2758/6582/2758 2842/6581/2842
vt 0.782731 0.016100
vt 0.782288 0.014513
vt 0.785629 0.014286
f 2876/6676/2876 2821/6677/2821 2844/6678/2844
vt 0.857201 0.592288
f 2749/6395/2749 2892/6644/2892 2809/6679/2809
vt 0.573934 0.565300
f 2894/6680/2894 2859/6523/2859 2846/6628/2846
vt 0.898801 0.573688
f 2760/6471/2760 2855/6634/2855 2895/6681/2895
f 2822/6424/2822 2859/6523/2859 2880/6630/2880
vt 0.848758 0.607724
f 2826/6539/2826 2879/6682/2879 2846/6586/2846
vt 0.779617 0.430693
vt 0.780386 0.427658
f 2898/6683/2898 2838/6684/2838 2823/6508/2823
vt 0.703744 0.447703
vt 0.707144 0.449511
f 2761/6685/2761 2842/6581/2842 2873/6686/2873
f 2825/6460/2825 2907/6662/2907 2812/6533/2812
vt 0.867955 0.013985
vt 0.873082 0.012826
vt 0.870413 0.015258
f 2958/6687/2958 2789/6688/2789 2622/6689/2622
vt 0.073971 0.573252
f 2779/6690/2779 2969/6327/2969 2691/6326/2691
vt 0.595991 0.601077
f 2874/6691/2874 2815/6652/2815 2814/6591/2814
vt 0.608340 0.582503
f 2608/6215/2608 2843/6692/2843 2639/5710/2639
vt 0.158989 0.961562
vt 0.160452 0.962920
f 2816/6693/2816 2815/6535/2815 2874/6694/2874
vt 0.832031 0.208688
f 2811/6621/2811 2850/6549/2850 2936/6695/2936
vt 0.901354 0.571679
vt 0.902296 0.569981
f 2881/6696/2881 2855/6634/2855 2875/6697/2875
vt 0.726442 0.358136
f 2857/6563/2857 2858/6698/2858 2734/5674/2734
vt 0.401467 0.182992
vt 0.400075 0.183816
f 2911/6699/2911 2818/6597/2818 2839/6700/2839
vt 0.115857 0.378131
vt 0.109451 0.380064
vt 0.111530 0.375548
f 2845/6701/2845 2938/6702/2938 2898/6703/2898
vt 0.622537 0.014719
f 2818/6642/2818 2911/6704/2911 2875/6643/2875
vt 0.623703 0.602615
vt 0.621747 0.604255
f 2622/6705/2622 2789/6706/2789 2756/6013/2756
vt 0.060774 0.371300
f 2891/6649/2891 2837/6394/2837 2913/6707/2913
vt 0.058440 0.373274
f 2914/6708/2914 2913/6707/2913 2837/6394/2837
vt 0.473421 0.152045
vt 0.475867 0.152678
vt 0.475690 0.155839
f 2914/6709/2914 2837/6710/2837 2821/6711/2821
f 2785/6247/2785 2639/5710/2639 2843/6692/2843
vt 0.473769 0.155594
f 2821/6711/2821 2876/6712/2876 2914/6709/2914
vt 0.854686 0.605206
f 2826/6539/2826 2889/6713/2889 2879/6682/2879
vt 0.868487 0.587390
f 2892/6644/2892 2848/6478/2848 2873/6714/2873
vt 0.145676 0.064014
vt 0.143198 0.065817
vt 0.142688 0.062162
f 2825/6715/2825 2811/6716/2811 2907/6717/2907
vt 0.080968 0.481060
vt 0.078601 0.481399
vt 0.082811 0.477457
f 2819/6718/2819 2849/6719/2849 2854/6720/2854
vt 0.612918 0.851554
f 2786/6666/2786 2852/6721/2852 2799/6664/2799
vt 0.616950 0.849212
vt 0.615097 0.850519
f 2835/6722/2835 2852/6723/2852 2869/6557/2869
f 2784/6302/2784 2728/6244/2728 2910/6604/2910
vt 0.932608 0.574517
f 2633/5919/2633 2803/6220/2803 3057/6724/3057
vt 0.571881 0.922599
f 2910/6604/2910 2832/6130/2832 2905/6725/2905
f 2726/6246/2726 2951/6564/2951 2744/6362/2744
f 2832/6130/2832 2948/6454/2948 2905/6725/2905
vt 0.062547 0.921157
vt 0.063612 0.934707
f 2687/6726/2687 2901/6565/2901 2902/6727/2902
f 3057/6724/3057 2919/6513/2919 2633/5919/2633
f 2834/6654/2834 2706/6297/2706 2765/6296/2765
vt 0.567204 0.759728
f 2950/6660/2950 2724/6659/2724 2863/6728/2863
vt 0.587473 0.590606
f 2847/6626/2847 2819/6583/2819 2867/6729/2867
vt 0.874212 0.583237
vt 0.876641 0.586143
f 2842/6730/2842 2840/6619/2840 2926/6731/2926
vt 0.577623 0.569059
vt 0.576839 0.573792
f 2925/6732/2925 2851/6733/2851 2859/6523/2859
f 2826/6539/2826 2883/6492/2883 2889/6713/2889
vt 0.613411 0.846686
f 2868/6734/2868 2869/6557/2869 2852/6723/2852
f 2880/6630/2880 2859/6523/2859 2851/6733/2851
vt 0.587954 0.594343
f 2824/6735/2824 2847/6626/2847 2867/6729/2867
vt 0.573089 0.555805
vt 0.575746 0.558130
f 2879/6736/2879 2889/6737/2889 2846/6628/2846
vt 0.965075 0.239500
f 2870/6661/2870 2907/6662/2907 2922/6738/2922
f 2846/6628/2846 2889/6737/2889 2894/6680/2894
vt 0.578138 0.584878
f 2880/6630/2880 2882/6739/2882 2849/6518/2849
vt 0.078536 0.476010
f 2882/6740/2882 2854/6720/2854 2849/6719/2849
f 2859/6523/2859 2894/6680/2894 2925/6732/2925
vt 0.827931 0.207064
f 2936/6695/2936 2850/6549/2850 2912/6741/2912
vt 0.828078 0.426228
vt 0.828967 0.425771
vt 0.828557 0.428430
f 2856/6742/2856 2870/6743/2870 2839/6744/2839
vt 0.850405 0.180125
vt 0.849471 0.180834
f 2896/6745/2896 2850/6746/2850 2838/6587/2838
vt 0.587948 0.595193
vt 0.590657 0.595819
f 2824/6747/2824 2878/6748/2878 2814/6591/2814
vt 0.115074 0.382198
f 2938/6702/2938 2845/6701/2845 2891/6749/2891
vt 0.785922 0.016292
f 2876/6676/2876 2844/6678/2844 2885/6750/2885
vt 0.148876 0.961320
vt 0.155668 0.960429
vt 0.150212 0.963974
f 2884/6751/2884 2841/6752/2841 2924/6753/2924
vt 0.888605 0.041126
vt 0.887609 0.040043
vt 0.890167 0.039779
f 2861/6754/2861 2841/6755/2841 2884/6756/2884
vt 0.894183 0.040693
f 2930/6757/2930 2861/6754/2861 2884/6756/2884
vt 0.146549 0.960896
f 2800/6506/2800 2861/6598/2861 2930/6758/2930
vt 0.105310 0.374092
vt 0.108003 0.373181
f 2896/6759/2896 2838/6760/2838 2898/6703/2898
vt 0.589288 0.593572
f 2824/6735/2824 2867/6729/2867 2878/6761/2878
f 2855/6634/2855 2881/6696/2881 2895/6681/2895
vt 0.594465 0.596714
f 2878/6748/2878 2890/6762/2890 2814/6591/2814
f 2814/6591/2814 2890/6762/2890 2874/6691/2874
vt 0.578655 0.580497
f 2880/6630/2880 2899/6763/2899 2882/6739/2882
vt 0.141617 0.062774
f 2811/6716/2811 2967/6764/2967 2907/6717/2907
vt 0.469778 0.155114
f 2929/6765/2929 2914/6709/2914 2876/6712/2876
vt 0.102132 0.371938
vt 0.104875 0.371292
f 2896/6759/2896 2912/6766/2912 2850/6767/2850
f 2501/6039/2501 3026/6413/3026 2804/6531/2804
vt 0.745112 0.434874
vt 0.746305 0.437502
vt 0.742835 0.437198
f 2844/6768/2844 2869/6769/2869 2885/6770/2885
vt 0.471777 0.156795
vt 0.469822 0.157436
f 2929/6765/2929 2876/6771/2876 2885/6772/2885
f 2704/6286/2704 2923/6499/2923 2794/5928/2794
vt 0.863049 0.601424
f 2892/6644/2892 2961/6773/2961 2809/6552/2809
f 2809/6552/2809 2889/6713/2889 2883/6492/2883
vt 0.863589 0.778813
f 3040/6309/3040 2972/6774/2972 2686/6044/2686
f 2830/6455/2830 2829/6306/2829 2782/6139/2782
vt 0.586566 0.897404
f 2784/6302/2784 2976/6775/2976 2877/6512/2877
vt 0.626105 0.609959
f 2804/6776/2804 2958/5888/2958 2805/6019/2805
vt 0.961421 0.237724
f 2960/6777/2960 2870/6661/2870 2922/6738/2922
vt 0.079546 0.471669
vt 0.083047 0.476060
f 2899/6778/2899 2854/6779/2854 2882/6740/2882
vt 0.829524 0.434065
vt 0.830432 0.429662
vt 0.831418 0.434764
f 2875/6780/2875 2911/6781/2911 2881/6782/2881
vt 0.831828 0.426459
f 2960/6783/2960 2839/6744/2839 2870/6743/2870
vt 0.583362 0.585234
f 2854/6784/2854 2867/6729/2867 2819/6583/2819
vt 0.153183 0.965566
f 2924/6753/2924 2841/6752/2841 2931/6785/2931
vt 0.673116 0.015508
vt 0.673780 0.014161
vt 0.677500 0.015948
f 2877/6786/2877 2942/6787/2942 2836/6788/2836
vt 0.598072 0.602896
vt 0.596766 0.603187
f 2931/6789/2931 2816/6790/2816 2874/6691/2874
f 2865/6602/2865 2800/6506/2800 2930/6758/2930
vt 0.281787 0.127241
vt 0.282404 0.128832
vt 0.280097 0.128233
f 2841/6791/2841 2816/6792/2816 2931/6793/2931
vt 0.851637 0.614869
vt 0.853077 0.613106
f 2894/6794/2894 2889/6713/2889 2945/6795/2945
f 2760/6471/2760 2895/6681/2895 2909/6613/2909
vt 0.935933 0.572222
f 2919/6513/2919 3033/6796/3033 2853/5816/2853
vt 0.726466 0.043935
vt 0.728161 0.041478
vt 0.729464 0.044047
f 2891/6797/2891 2913/6798/2913 2918/6799/2918
vt 0.616196 0.600415
f 2789/6706/2789 2970/6800/2970 2756/6013/2756
f 2889/6713/2889 2809/6552/2809 2961/6773/2961
vt 0.745232 0.440709
f 2885/6770/2885 2869/6769/2869 2868/6801/2868
vt 0.572496 0.911911
vt 0.561445 0.910670
vt 0.567358 0.905639
f 3055/6802/3055 2618/6803/2618 2916/6804/2916
f 2911/6781/2911 2839/6744/2839 2960/6783/2960
vt 0.611927 0.849835
vt 0.611627 0.848786
f 2852/6805/2852 2985/6806/2985 2868/6734/2868
vt 0.874034 0.585399
f 2873/6807/2873 2842/6730/2842 2926/6731/2926
vt 0.876443 0.595913
vt 0.872039 0.586961
f 3011/6808/3011 2892/6644/2892 2873/6809/2873
vt 0.830830 0.212066
vt 0.837903 0.211002
f 2811/6810/2811 2936/6695/2936 2967/6811/2967
vt 0.966819 0.243092
f 2922/6738/2922 2907/6662/2907 2957/6812/2957
vt 0.878573 0.616115
f 2923/6499/2923 2704/6286/2704 2797/6813/2797
vt 0.592652 0.882652
f 2688/6363/2688 2836/6603/2836 2981/6814/2981
vt 0.082553 0.472215
f 2899/6778/2899 2915/6815/2915 2854/6779/2854
f 2896/6759/2896 2898/6703/2898 2938/6702/2938
f 2696/5240/2696 3039/6116/3039 3040/6309/3040
vt 0.936855 0.124878
vt 0.933430 0.123359
vt 0.935300 0.120831
f 2925/6816/2925 2894/6817/2894 2945/6818/2945
vt 0.967940 0.719958
f 2781/5638/2781 3063/6819/3063 2594/5647/2594
vt 0.030053 0.932751
f 3063/6820/3063 3014/6375/3014 2594/6128/2594
vt 0.115254 0.384408
vt 0.110767 0.384978
f 2891/6749/2891 2918/6821/2918 2965/6822/2965
vt 0.751048 0.444442
vt 0.756011 0.453248
vt 0.750336 0.449152
f 2852/6823/2852 2903/6824/2903 2974/6825/2974
vt 0.938303 0.526215
vt 0.941730 0.530210
f 3039/6826/3039 2598/6827/2598 2834/6654/2834
vt 0.754987 0.447919
f 2903/6824/2903 2852/6823/2852 2786/6828/2786
f 2899/6763/2899 2880/6630/2880 2851/6733/2851
f 2829/6306/2829 3060/6456/3060 2782/6139/2782
f 2904/5870/2904 2862/6458/2862 2902/6672/2902
f 2978/5886/2978 2830/6455/2830 2782/6139/2782
vt 0.806409 0.275932
vt 0.806514 0.283199
vt 0.801053 0.285281
f 2831/6829/2831 2830/6830/2830 2978/6831/2978
f 2978/5886/2978 2901/6565/2901 2831/6186/2831
f 2904/5870/2904 2902/6672/2902 2593/5441/2593
f 2888/6055/2888 2887/6307/2887 2949/5238/2949
vt 0.886755 0.588077
f 2840/6619/2840 2817/6615/2817 3054/6832/3054
vt 0.854260 0.610762
vt 0.856904 0.611220
f 2945/6833/2945 2889/6713/2889 2934/6834/2934
vt 0.082985 0.469192
vt 0.079556 0.464483
f 2915/6835/2915 2899/6778/2899 2851/6836/2851
vt 0.833081 0.431093
f 2911/6781/2911 2971/6837/2971 2881/6782/2881
vt 0.740817 0.441422
f 2868/6801/2868 2917/6838/2917 2885/6770/2885
vt 0.085040 0.584784
vt 0.091252 0.585258
vt 0.086316 0.588435
f 2575/6839/2575 3006/6840/3006 2893/6841/2893
vt 0.589941 0.581812
f 2906/6842/2906 2867/6729/2867 2854/6784/2854
vt 0.101500 0.376117
f 2912/6766/2912 2896/6759/2896 2937/6843/2937
f 2896/6759/2896 2938/6702/2938 2937/6843/2937
vt 0.899846 0.576872
f 2909/6613/2909 2895/6681/2895 2939/6844/2939
vt 0.593472 0.589397
vt 0.590225 0.593826
f 2867/6729/2867 2935/6845/2935 2878/6846/2878
f 2910/6604/2910 2905/6725/2905 3055/6802/3055
vt 0.878591 0.618170
vt 0.876619 0.614991
f 2923/6499/2923 2797/6847/2797 3007/6848/3007
vt 0.736902 0.431276
vt 0.739720 0.436150
vt 0.736328 0.435140
f 2914/6849/2914 2929/6850/2929 2932/6851/2932
vt 0.079503 0.460823
f 2851/6836/2851 2925/6852/2925 2915/6835/2915
f 2817/6615/2817 2909/6613/2909 3054/6832/3054
f 2840/6619/2840 3054/6832/3054 2926/6731/2926
vt 0.121328 0.634153
f 2989/6853/2989 2916/6669/2916 2577/6048/2577
vt 0.971460 0.244199
f 2907/6662/2907 2967/6854/2967 2957/6812/2957
f 2938/6702/2938 2891/6749/2891 2965/6822/2965
vt 0.834931 0.438538
vt 0.830825 0.438013
f 2881/6782/2881 2939/6855/2939 2895/6856/2895
vt 0.868530 0.149143
vt 0.870579 0.152840
vt 0.867690 0.152230
f 2797/6857/2797 2788/6858/2788 3047/6859/3047
vt 0.582958 0.577787
f 2906/6842/2906 2854/6784/2854 2915/6860/2915
vt 0.601085 0.583110
f 2788/6624/2788 2843/6623/2843 3010/6861/3010
vt 0.746740 0.444600
f 2852/6823/2852 2974/6825/2974 2985/6862/2985
f 2985/6862/2985 2917/6838/2917 2868/6801/2868
vt 0.650394 0.014981
vt 0.647266 0.013670
vt 0.649866 0.012967
f 2918/6863/2918 2913/6864/2913 2940/6865/2940
vt 0.834214 0.428888
f 2971/6837/2971 2911/6781/2911 2960/6866/2960
f 2867/6729/2867 2906/6842/2906 2935/6845/2935
vt 0.114684 0.966407
f 2984/6022/2984 2833/6639/2833 2567/6867/2567
vt 0.602520 0.837047
f 2964/6070/2964 3046/6868/3046 2779/6320/2779
vt 0.676985 0.012207
f 2942/6787/2942 2981/6869/2981 2836/6788/2836
vt 0.590121 0.891486
f 2976/6775/2976 2908/6870/2908 2877/6512/2877
vt 0.583420 0.903563
f 2959/6871/2959 2784/6302/2784 2910/6604/2910
vt 0.281020 0.131607
vt 0.283147 0.132122
f 2927/6872/2927 2931/6793/2931 2874/6873/2874
f 2866/6584/2866 2764/6507/2764 2903/6663/2903
vt 0.596152 0.872718
f 2764/6507/2764 2688/6363/2688 2977/6874/2977
vt 0.615967 0.600163
f 2970/6875/2970 2952/6546/2952 2756/6013/2756
vt 0.924215 0.532765
f 2834/6654/2834 2948/6876/2948 2706/6297/2706
vt 0.932410 0.522997
f 2834/6654/2834 2686/6653/2686 2972/6877/2972
vt 0.729169 0.360261
vt 0.725245 0.360477
f 2858/6698/2858 3016/6878/3016 2860/6879/2860
vt 0.032620 0.924736
vt 0.031058 0.922928
f 2828/6559/2828 3063/6880/3063 2864/6881/2864
f 2744/6362/2744 2951/6564/2951 3062/4764/3062
vt 0.937740 0.571156
f 3033/6796/3033 3031/6882/3031 2853/5816/2853
f 2863/6728/2863 2862/6458/2862 2904/5870/2904
f 2980/6457/2980 2888/6055/2888 2949/5238/2949
vt 0.558116 0.749047
f 2828/6658/2828 2950/6660/2950 3063/6883/3063
vt 0.580591 0.572745
vt 0.583571 0.565720
f 2915/6860/2915 2925/6884/2925 2946/6885/2946
f 2769/6074/2769 2872/5906/2872 3037/6651/3037
f 2873/6809/2873 2926/6731/2926 3011/6808/3011
vt 0.598543 0.591927
f 2935/6845/2935 3052/6886/3052 2878/6846/2878
f 2890/6762/2890 2878/6846/2878 3052/6886/3052
f 2874/6691/2874 2890/6762/2890 3052/6886/3052
vt 0.600581 0.597886
vt 0.596831 0.599336
f 2966/6887/2966 2874/6888/2874 3052/6886/3052
f 2961/6773/2961 2892/6644/2892 3011/6808/3011
f 2889/6713/2889 2961/6773/2961 2934/6834/2934
vt 0.281843 0.133166
f 2927/6872/2927 2874/6873/2874 2966/6889/2966
vt 0.733896 0.431787
vt 0.733879 0.429814
f 2914/6849/2914 2932/6890/2932 2913/6891/2913
vt 0.905160 0.572912
vt 0.909697 0.572572
vt 0.907840 0.575695
f 2881/6892/2881 2971/6893/2971 2953/6894/2953
vt 0.084616 0.457583
vt 0.082440 0.455690
f 2946/6895/2946 2925/6852/2925 2945/6896/2945
f 2885/6770/2885 2917/6838/2917 2929/6850/2929
vt 0.962659 0.240657
vt 0.962038 0.240569
f 2922/6897/2922 2963/6898/2963 2960/6777/2960
vt 0.145514 0.965457
f 2884/6751/2884 2954/6899/2954 2930/6758/2930
vt 0.140686 0.964854
f 2865/6602/2865 2930/6758/2930 2943/6900/2943
vt 0.607510 0.848728
vt 0.607290 0.853624
vt 0.603954 0.850875
f 2985/6901/2985 2974/6902/2974 2999/6903/2999
vt 0.592317 0.887248
f 2908/6870/2908 2942/6904/2942 2877/6512/2877
vt 0.737118 0.437681
f 2932/6851/2932 2929/6850/2929 3018/6905/3018
vt 0.744659 0.347067
vt 0.745179 0.349076
vt 0.742049 0.350673
f 2936/6906/2936 2912/6907/2912 2937/6908/2937
vt 0.728171 0.356840
f 2857/6563/2857 3021/6909/3021 2858/6698/2858
vt 0.899673 0.588884
f 2763/6301/2763 3049/6910/3049 2672/6321/2672
vt 0.580620 0.904965
vt 0.576223 0.905895
f 2959/6911/2959 2910/6604/2910 2955/6912/2955
f 3055/6802/3055 2955/6912/2955 2910/6604/2910
vt 0.864052 0.608853
f 2934/6834/2934 2961/6773/2961 2944/6913/2944
vt 0.915313 0.582833
f 2672/6321/2672 2921/6914/2921 2871/6437/2871
vt 0.084269 0.580666
f 2575/6839/2575 2647/5778/2647 3058/6915/3058
vt 0.921721 0.237683
f 2803/6480/2803 2920/6329/2920 3004/6916/3004
vt 0.860350 0.610626
f 2934/6834/2934 2944/6913/2944 2946/6917/2946
vt 0.605994 0.585522
f 3010/6861/3010 2843/6623/2843 2608/6918/2608
vt 0.741128 0.445132
f 2985/6862/2985 2941/6919/2941 2917/6838/2917
vt 0.082943 0.450658
f 2946/6895/2946 2945/6896/2945 2934/6920/2934
vt 0.150197 0.963974
f 2884/6751/2884 2924/6921/2924 2954/6899/2954
vt 0.616216 0.832698
vt 0.614969 0.833457
vt 0.615786 0.831307
f 2913/6922/2913 2932/6923/2932 2940/6924/2940
vt 0.132738 0.962481
f 2766/6418/2766 2865/6602/2865 2975/6925/2975
vt 0.583379 0.900918
f 2976/6775/2976 2784/6302/2784 2959/6926/2959
vt 0.904651 0.586395
f 3028/6927/3028 2672/6321/2672 3049/6910/3049
vt 0.125219 0.957790
f 3060/6456/3060 2766/6418/2766 2947/6928/2947
vt 0.592713 0.879311
f 2688/6363/2688 3013/6929/3013 2977/6874/2977
f 2981/6814/2981 3013/6929/3013 2688/6363/2688
vt 0.304283 0.265189
vt 0.306561 0.264893
vt 0.307240 0.267102
f 2860/6930/2860 2771/6931/2771 2928/6932/2928
vt 0.599897 0.863987
f 2994/6933/2994 2903/6663/2903 2764/6507/2764
vt 0.597913 0.867503
f 2764/6507/2764 2956/6934/2956 2994/6933/2994
f 2977/6874/2977 2956/6934/2956 2764/6507/2764
f 2863/6728/2863 2904/5870/2904 2950/6660/2950
vt 0.724119 0.071505
vt 0.729619 0.070664
vt 0.726516 0.073040
f 2969/6935/2969 2779/6936/2779 3051/6937/3051
vt 0.941876 0.573299
f 2998/6938/2998 2853/5816/2853 3031/6882/3031
vt 0.741118 0.346050
f 2937/6908/2937 2987/6939/2987 2936/6906/2936
vt 0.103196 0.381400
f 2982/6940/2982 2937/6843/2937 2938/6702/2938
vt 0.896679 0.582009
f 3003/6941/3003 2909/6613/2909 2939/6844/2939
vt 0.902584 0.577201
f 2881/6892/2881 2953/6894/2953 2939/6942/2939
vt 0.960412 0.240862
vt 0.955543 0.239384
f 2960/6777/2960 2963/6943/2963 3001/6944/3001
vt 0.590224 0.568955
f 2915/6860/2915 2946/6885/2946 2986/6945/2986
vt 0.245069 0.239461
vt 0.243027 0.236535
vt 0.245929 0.233168
f 2955/6946/2955 2995/6947/2995 2959/6948/2959
vt 0.612610 0.065483
vt 0.616000 0.065653
vt 0.611595 0.068254
f 2922/6949/2922 2957/6950/2957 2963/6951/2963
vt 0.956426 0.236782
f 2971/6952/2971 2960/6777/2960 3001/6944/3001
vt 0.597080 0.841232
vt 0.601066 0.843688
vt 0.596221 0.844556
f 2969/6953/2969 2933/6954/2933 3008/6955/3008
vt 0.484834 0.040983
vt 0.485133 0.038808
vt 0.487178 0.040404
f 2965/6956/2965 2918/6957/2918 2968/6958/2968
vt 0.487801 0.038157
f 2918/6957/2918 2940/6959/2940 2968/6958/2968
f 2917/6838/2917 3018/6905/3018 2929/6850/2929
f 3058/6915/3058 2647/5778/2647 3008/6308/3008
f 2986/6945/2986 2906/6842/2906 2915/6860/2915
vt 0.724483 0.073529
f 3051/6937/3051 2933/6960/2933 2969/6935/2969
f 2930/6758/2930 2954/6899/2954 2943/6900/2943
vt 0.134812 0.964993
f 2865/6602/2865 2992/6961/2992 2975/6925/2975
vt 0.729707 0.072148
f 3046/6962/3046 3051/6937/3051 2779/6936/2779
vt 0.148818 0.967070
f 2931/6785/2931 3023/6963/3023 2924/6753/2924
vt 0.120215 0.609692
vt 0.113951 0.610846
vt 0.115806 0.606311
f 2942/6964/2942 2997/6965/2997 2981/6966/2981
vt 0.089043 0.119253
vt 0.091397 0.117514
vt 0.090335 0.119402
f 3012/6967/3012 2771/6968/2771 2860/6969/2860
vt 0.122217 0.615396
vt 0.118265 0.617940
f 2942/6964/2942 2908/6970/2908 3000/6971/3000
vt 0.837967 0.207118
vt 0.834706 0.206415
f 3005/6972/3005 2936/6695/2936 2987/6973/2987
vt 0.615683 0.067984
f 2963/6951/2963 2957/6950/2957 2988/6974/2988
vt 0.595474 0.867988
f 2956/6934/2956 2977/6874/2977 2990/6975/2990
f 2926/6731/2926 3054/6832/3054 3011/6808/3011
vt 0.609396 0.604679
vt 0.605867 0.603748
vt 0.606734 0.600740
f 2954/6976/2954 2924/6977/2924 3023/6978/3023
vt 0.730500 0.352786
f 2998/6567/2998 3024/6979/3024 2857/6563/2857
vt 0.148399 0.968209
vt 0.152803 0.968389
f 3023/6980/3023 2931/6785/2931 2927/6981/2927
vt 0.607123 0.590477
f 3041/6982/3041 2608/6215/2608 2952/6546/2952
vt 0.587073 0.557648
f 2986/6945/2986 2946/6885/2946 2944/6983/2944
vt 0.843409 0.210867
vt 0.842448 0.211700
f 2988/6984/2988 2957/6985/2957 2967/6811/2967
vt 0.241941 0.230696
f 2976/6986/2976 2959/6948/2959 2995/6947/2995
f 2766/6418/2766 2975/6925/2975 2947/6928/2947
f 2905/6725/2905 2948/6454/2948 2370/5450/2370
f 2887/6307/2887 2983/5269/2983 2949/5238/2949
vt 0.958388 0.717244
f 2864/6987/2864 2951/6564/2951 2806/6674/2806
f 2782/6139/2782 3060/6456/3060 2984/6022/2984
f 2804/6776/2804 2789/6706/2789 2958/5888/2958
vt 0.111611 0.604250
f 2981/6966/2981 2997/6965/2997 3013/6988/3013
vt 0.895265 0.586491
f 3054/6832/3054 2909/6613/2909 3027/6989/3027
vt 0.608451 0.841650
vt 0.605013 0.845431
vt 0.605186 0.842347
f 2917/6990/2917 2941/6991/2941 3051/6992/3051
vt 0.910025 0.572578
vt 0.913566 0.574794
f 2953/6894/2953 2971/6993/2971 3001/6994/3001
vt 0.738628 0.354920
vt 0.736096 0.351395
f 2937/6908/2937 2982/6995/2982 3059/6996/3059
f 3000/6971/3000 2997/6965/2997 2942/6964/2942
vt 0.604541 0.587924
f 3041/6997/3041 3010/6861/3010 2608/6918/2608
vt 0.106679 0.384732
f 2938/6702/2938 2965/6822/2965 3022/6998/3022
vt 0.486346 0.042864
f 2996/6999/2996 2965/6956/2965 2968/6958/2968
vt 0.926577 0.241375
f 3004/6916/3004 3057/7000/3057 2803/6480/2803
vt 0.096739 0.591317
vt 0.102059 0.589098
vt 0.101976 0.592026
f 3034/7001/3034 2994/7002/2994 2956/7003/2956
vt 0.612319 0.835387
vt 0.612363 0.830823
f 2932/7004/2932 2968/7005/2968 2940/6924/2940
vt 0.958361 0.242255
f 3029/7006/3029 3001/6944/3001 2963/6943/2963
vt 0.918105 0.235138
f 3043/7007/3043 3004/6916/3004 2920/6329/2920
f 2967/6811/2967 2936/6695/2936 3005/6972/3005
vt 0.614695 0.607959
vt 0.611111 0.605923
vt 0.613670 0.603188
f 2943/7008/2943 2954/7009/2954 2991/7010/2991
vt 0.840572 0.207709
f 2967/6811/2967 3005/6972/3005 3025/7011/3025
vt 0.872565 0.608409
f 2979/7012/2979 2944/6913/2944 2961/6773/2961
f 2991/7010/2991 2954/6976/2954 3023/6978/3023
vt 0.735005 0.359345
vt 0.737693 0.360822
vt 0.733656 0.361111
f 3022/7013/3022 2965/7014/2965 2996/7015/2996
f 3022/6998/3022 2982/6940/2982 2938/6702/2938
vt 0.907879 0.579891
f 2953/6894/2953 3019/7016/3019 2939/6942/2939
vt 0.256770 0.115199
vt 0.255831 0.115929
vt 0.254918 0.113154
f 3051/7017/3051 2941/7018/2941 2933/7019/2933
f 2909/6613/2909 3003/6941/3003 3027/6989/3027
vt 0.603327 0.830163
vt 0.607210 0.831276
f 2964/6070/2964 2771/7020/2771 3048/7021/3048
vt 0.586675 0.892306
vt 0.586342 0.897235
vt 0.583148 0.891340
f 2908/7022/2908 2976/7023/2976 3000/7024/3000
f 2979/7012/2979 2961/6773/2961 3011/6808/3011
vt 0.615472 0.069383
vt 0.612929 0.070431
f 2988/7025/2988 3029/7026/3029 2963/6951/2963
vt 0.866016 0.147604
f 2797/6857/2797 3047/6859/3047 3007/7027/3007
vt 0.550836 0.757793
vt 0.553773 0.754077
f 2886/5040/2886 2694/7028/2694 3014/7029/3014
f 2935/6845/2935 2906/6842/2906 3010/6861/3010
vt 0.149998 0.970714
f 2927/6981/2927 3036/7030/3036 3023/6980/3023
vt 0.609676 0.600245
f 3023/6978/3023 3015/7031/3015 2991/7010/2991
f 2972/6774/2972 3040/6309/3040 3039/6116/3039
vt 0.129360 0.962973
f 2947/6928/2947 2975/6925/2975 3032/7032/3032
vt 0.600055 0.853241
f 2999/6903/2999 2974/6902/2974 2993/7033/2993
f 3026/6413/3026 2947/6928/2947 3032/7032/3032
vt 0.576762 0.901075
f 2976/6775/2976 2995/7034/2995 3042/6341/3042
vt 0.599707 0.859441
f 2903/6663/2903 2994/6933/2994 3006/7035/3006
f 2993/7033/2993 2974/6902/2974 2903/6663/2903
f 2600/5256/2600 3040/6309/3040 2980/6457/2980
f 2973/5884/2973 2983/5269/2983 2887/6307/2887
f 2834/6364/2834 3038/5444/3038 2948/6454/2948
f 2834/6654/2834 2972/6877/2972 3039/6826/3039
f 2370/5450/2370 2948/6454/2948 3038/5444/3038
f 2980/6457/2980 2949/5238/2949 2600/5256/2600
f 3014/7029/3014 3063/6883/3063 2950/6660/2950
vt 0.736865 0.347106
f 3031/7036/3031 2937/6908/2937 3059/6996/3059
vt 0.914672 0.578290
f 2953/6894/2953 3001/6994/3001 3044/7037/3044
vt 0.904134 0.579763
f 3020/7038/3020 2939/6942/2939 3019/7016/3019
vt 0.596184 0.559486
f 2986/6945/2986 2944/6983/2944 2979/7039/2979
f 3042/6341/3042 3000/7024/3000 2976/7023/2976
vt 0.593517 0.861840
f 3034/7040/3034 3002/6214/3002 2962/5932/2962
vt 0.432324 0.219652
vt 0.431336 0.216234
vt 0.432551 0.217516
f 3051/7041/3051 3018/7042/3018 2917/7043/2917
vt 0.593767 0.858566
f 3006/7044/3006 3034/7040/3034 2962/5932/2962
vt 0.589194 0.854589
f 2893/7045/2893 3006/7044/3006 2962/5932/2962
f 2988/6984/2988 2967/6811/2967 3025/7011/3025
vt 0.930771 0.571017
vt 0.933033 0.568361
f 3005/7046/3005 2987/7047/2987 3033/6796/3033
f 2865/6602/2865 2943/6900/2943 2992/6961/2992
f 3055/6802/3055 2370/5450/2370 2618/6803/2618
f 2984/6022/2984 3060/6456/3060 2833/6639/2833
vt 0.102677 0.594646
f 2990/7048/2990 3034/7001/3034 2956/7003/2956
f 2979/7012/2979 3011/6808/3011 2923/6499/2923
vt 0.602525 0.594945
f 3035/7049/3035 2966/6887/2966 3052/6886/3052
vt 0.109543 0.599968
vt 0.102369 0.600175
f 2990/7048/2990 2977/7050/2977 3053/7051/3053
f 2995/7034/2995 2897/5829/2897 3042/6341/3042
f 2987/6939/2987 2937/6908/2937 3031/7036/3031
f 3031/6882/3031 3033/6796/3033 2987/7047/2987
f 3019/7016/3019 2953/6894/2953 3044/7037/3044
vt 0.840895 0.447963
vt 0.837757 0.444573
vt 0.842139 0.443421
f 3027/7052/3027 3003/7053/3003 3020/7054/3020
vt 0.599345 0.571555
f 3010/6861/3010 3047/7055/3047 2788/6624/2788
vt 0.835319 0.439425
f 3020/7054/3020 3003/7053/3003 2939/7056/2939
vt 0.114146 0.616641
f 3000/6971/3000 3030/7057/3030 2997/6965/2997
vt 0.621212 0.609324
vt 0.618417 0.607079
f 2992/7058/2992 2943/7008/2943 3017/7059/3017
f 2979/7012/2979 2923/6499/2923 3007/6848/3007
vt 0.603908 0.597091
vt 0.603358 0.597849
f 2966/6887/2966 3036/7060/3036 2927/7061/2927
vt 0.611908 0.834541
vt 0.606974 0.837633
f 3048/7021/3048 2932/7062/2932 3018/7063/3018
f 2947/6928/2947 3026/6413/3026 2833/6639/2833
f 2977/7050/2977 3013/6988/3013 3053/7051/3053
vt 0.590340 0.864416
vt 0.589772 0.869586
f 3037/6651/3037 3002/7064/3002 3053/7065/3053
vt 0.047004 0.930779
f 2886/5052/2886 2950/7066/2950 2904/5896/2904
f 2833/6639/2833 3060/6456/3060 2947/6928/2947
f 3048/7021/3048 2968/7005/2968 2932/7004/2932
vt 0.598557 0.848568
f 2985/6901/2985 2999/6903/2999 3058/7067/3058
vt 0.599106 0.854527
f 2993/7033/2993 2903/6663/2903 3006/7068/3006
f 3062/4764/3062 2951/6564/2951 2781/5638/2781
vt 0.570367 0.902407
f 2995/7034/2995 2989/7069/2989 2897/5829/2897
f 2781/5638/2781 2864/6987/2864 3063/6819/3063
f 2951/6564/2951 2864/6987/2864 2781/5638/2781
vt 0.607020 0.598188
vt 0.609264 0.595734
f 3036/7070/3036 3050/7071/3050 3023/6978/3023
vt 0.543951 0.015731
vt 0.547543 0.013730
vt 0.548482 0.014903
f 3022/7072/3022 3021/7073/3021 2982/7074/2982
vt 0.099832 0.380983
vt 0.101363 0.384701
f 3059/7075/3059 2982/6940/2982 3021/7076/3021
vt 0.111474 0.612220
f 3030/7057/3030 2900/7077/2900 2997/6965/2997
vt 0.611083 0.598915
f 3015/7078/3015 2952/6546/2952 2970/6875/2970
vt 0.152037 0.972182
vt 0.152023 0.973474
f 3036/7030/3036 2966/7079/2966 3035/7080/3035
vt 0.733008 0.361343
f 3022/7013/3022 2996/7081/2996 3016/6878/3016
f 2789/6706/2789 2991/7010/2991 2970/6800/2970
f 2935/6845/2935 3010/6861/3010 3052/6886/3052
vt 0.083297 0.119490
vt 0.082176 0.117205
vt 0.087132 0.118791
f 2996/7082/2996 2968/7083/2968 3012/7084/3012
vt 0.580324 0.888670
f 3000/7024/3000 3042/6341/3042 3030/7085/3030
vt 0.597687 0.567005
f 2986/6945/2986 2979/7039/2979 3007/7086/3007
f 2905/6725/2905 2370/5450/2370 3055/6802/3055
vt 0.557508 0.068435
vt 0.554462 0.067662
vt 0.554462 0.065001
f 3029/7087/3029 2988/7088/2988 3056/7089/3056
vt 0.553134 0.065530
f 3056/7089/3056 2988/7088/2988 3025/7090/3025
vt 0.733564 0.347881
f 3031/7091/3031 3059/6996/3059 2998/6567/2998
vt 0.927780 0.237284
vt 0.930975 0.239081
f 3025/7092/3025 3005/7093/3005 3057/7000/3057
vt 0.917564 0.575808
f 3001/6994/3001 3029/7094/3029 3044/7037/3044
f 2906/6842/2906 2986/6945/2986 3047/7055/3047
f 3047/7055/3047 3010/6861/3010 2906/6842/2906
f 3033/6796/3033 3057/6724/3057 3005/7046/3005
vt 0.608366 0.830236
f 2968/7005/2968 3048/7021/3048 3012/7095/3012
f 3048/7021/3048 3018/7063/3018 2964/6070/2964
vt 0.273731 0.230677
vt 0.271212 0.235595
vt 0.269722 0.233006
f 3019/7096/3019 3028/7097/3028 3020/7098/3020
vt 0.094302 0.595184
f 3053/7051/3053 3002/7099/3002 2990/7048/2990
vt 0.101838 0.606695
f 3053/7051/3053 3013/6988/3013 2769/7100/2769
vt 0.587748 0.877496
vt 0.587512 0.881592
vt 0.584471 0.877726
f 3013/7101/3013 2997/7102/2997 2810/7103/2810
f 2919/6513/2919 3057/6724/3057 3033/6796/3033
f 3015/7031/3015 2970/6800/2970 2991/7010/2991
vt 0.604965 0.593110
f 3035/7049/3035 3052/6886/3052 3045/7104/3045
vt 0.605315 0.839165
f 3018/7063/3018 3051/7105/3051 3046/6868/3046
vt 0.088365 0.116539
f 3012/6967/3012 3048/7106/3048 2771/6968/2771
f 2986/6945/2986 3007/7086/3007 3047/7055/3047
vt 0.623180 0.611998
f 2992/7058/2992 2804/6776/2804 2975/7107/2975
vt 0.626273 0.612426
f 3032/7108/3032 2975/7107/2975 2804/6776/2804
vt 0.786967 0.310885
f 2921/6576/2921 3043/7109/3043 2920/6577/2920
f 3032/7032/3032 2804/6531/2804 3026/6413/3026
vt 0.249656 0.115511
vt 0.247830 0.114415
vt 0.252104 0.114380
f 2985/7110/2985 3058/7111/3058 2941/7112/2941
f 2744/6362/2744 3062/4764/3062 2973/5884/2973
f 3006/6840/3006 2994/7002/2994 3034/7001/3034
f 3014/7029/3014 2950/6660/2950 2886/5040/2886
f 3002/7099/3002 3034/7001/3034 2990/7048/2990
f 2901/6565/2901 3061/6580/3061 2902/6727/2902
vt 0.906799 0.582500
vt 0.908005 0.580427
f 3028/7113/3028 3019/7114/3019 2672/6321/2672
f 3011/6808/3011 3054/6832/3054 2827/6299/2827
vt 0.732871 0.353619
vt 0.732286 0.352245
f 3059/6996/3059 3021/7115/3021 3024/7116/3024
vt 0.105959 0.385222
vt 0.104845 0.387033
f 3022/7117/3022 3016/7118/3016 3021/7076/3021
vt 0.099300 0.602034
f 2769/7100/2769 3037/7119/3037 3053/7051/3053
vt 0.080647 0.576272
vt 0.082023 0.576253
f 2933/7120/2933 2941/7121/2941 3008/6308/3008
vt 0.090180 0.582031
f 2993/7122/2993 2575/6839/2575 3058/6915/3058
f 2993/7122/2993 3006/6840/3006 2575/6839/2575
f 3030/7085/3030 2731/6291/2731 2900/6635/2900
vt 0.088176 0.121816
f 3016/7123/3016 2996/7082/2996 3012/7084/3012
vt 0.783993 0.312007
vt 0.782184 0.308912
vt 0.785716 0.309448
f 3044/7124/3044 3029/7125/3029 3043/7126/3043
vt 0.104139 0.608831
f 2810/7127/2810 2769/7100/2769 3013/6988/3013
vt 0.556777 0.065740
f 3029/7087/3029 3056/7089/3056 3004/7128/3004
vt 0.617467 0.605396
vt 0.616098 0.605492
f 3017/7129/3017 2943/7130/2943 2991/7010/2991
f 2789/6706/2789 3017/7129/3017 2991/7010/2991
f 3019/7114/3019 3044/7037/3044 2921/6914/2921
vt 0.925055 0.237492
f 3056/7131/3056 3025/7092/3025 3057/7000/3057
f 3050/7071/3050 3015/7078/3015 3023/6978/3023
vt 0.703854 0.015868
vt 0.701692 0.015042
vt 0.705395 0.016121
f 3036/7132/3036 3035/7133/3035 3050/7134/3050
f 2900/6635/2900 2810/7103/2810 2997/7102/2997
vt 0.102884 0.387994
f 3021/7076/3021 3016/7118/3016 2858/7135/2858
vt 0.598298 0.851633
f 2999/6903/2999 2993/7136/2993 3058/7067/3058
f 3011/6808/3011 2827/6299/2827 2923/6499/2923
f 2763/6301/2763 3054/6832/3054 3027/6989/3027
vt 0.098934 0.386734
vt 0.098129 0.383051
f 2857/7137/2857 3024/7138/3024 3021/7076/3021
f 3041/6997/3041 3045/7104/3045 3052/6886/3052
vt 0.842060 0.445321
vt 0.845433 0.449246
f 3027/7052/3027 3020/7139/3020 3049/7140/3049
vt 0.088123 0.120613
f 2860/7141/2860 3016/7123/3016 3012/7084/3012
f 3019/7114/3019 2921/6914/2921 2672/6321/2672
f 3004/6916/3004 3056/7131/3056 3057/7000/3057
vt 0.704788 0.014372
f 3050/7134/3050 3035/7133/3035 3045/7142/3045
f 3046/6868/3046 2964/6070/2964 3018/7063/3018
vt 0.250021 0.112410
f 2941/7112/2941 3058/7111/3058 3008/7143/3008
f 2998/6567/2998 3059/6996/3059 3024/7116/3024
f 2995/7034/2995 2955/6912/2955 2989/7069/2989
f 2782/6139/2782 2984/6022/2984 2498/5542/2498
f 2916/6804/2916 2989/7069/2989 2955/6912/2955
f 3055/6802/3055 2916/6804/2916 2955/6912/2955
f 2146/4810/2146 2978/5886/2978 2782/6139/2782
f 3017/7059/3017 2789/6706/2789 2992/7058/2992
f 2804/6776/2804 2992/7058/2992 2789/6706/2789
f 2827/6299/2827 3054/6832/3054 2763/6301/2763
vt 0.569105 0.781520
f 3061/7144/3061 2593/5441/2593 2902/6672/2902
f 2901/6565/2901 2978/5886/2978 3061/6580/3061
vt 0.785056 0.308014
f 3004/7145/3004 3043/7126/3043 3029/7125/3029
f 3010/6861/3010 3041/6997/3041 3052/6886/3052
f 3045/7104/3045 3041/6982/3041 2952/6546/2952
vt 0.920207 0.578521
f 2921/6914/2921 3044/7037/3044 3043/7146/3043
f 2952/6546/2952 3015/7078/3015 3050/7071/3050
vt 0.575568 0.884707
f 2731/6291/2731 3030/7085/3030 3009/7147/3009
f 2763/6301/2763 3027/6989/3027 3049/6910/3049
f 2952/6546/2952 3050/7071/3050 3045/7104/3045
vt 0.901686 0.583911
vt 0.902883 0.586298
f 3020/7148/3020 3028/7149/3028 3049/6910/3049
# 6122 faces, 7149 coords texture

# End of File
