####
#
# OBJ File Generated by Meshlab
#
####
# Object 20-0610-04-32_DS.obj
#
# Vertices: 3797
# Faces: 7590
#
####
mtllib ./20-0610-04-32_DS.obj.mtl

vn 0.207909 -0.023371 -0.977869
v 17.202358 21.299137 435.008972 0.752941 0.752941 0.752941
vn 0.229672 0.411050 -0.882207
v 17.386171 21.683846 435.117950 0.752941 0.752941 0.752941
vn 0.006906 -0.291861 -0.956436
v 17.047041 20.889870 435.070404 0.752941 0.752941 0.752941
vn 0.543786 -0.358008 0.759031
v 29.463003 23.034613 467.922150 0.752941 0.752941 0.752941
vn -0.753612 0.045665 -0.655731
v 16.519159 21.126616 435.301147 0.752941 0.752941 0.752941
vn 0.095362 -0.440137 -0.892853
v 16.887201 20.516809 435.235809 0.752941 0.752941 0.752941
vn 0.307779 0.224884 -0.924499
v 18.147318 21.658766 435.367188 0.752941 0.752941 0.752941
vn -0.040518 0.530770 -0.846547
v 17.088646 21.784065 435.098022 0.752941 0.752941 0.752941
vn 0.174968 -0.377735 0.909232
v 28.516418 22.108063 467.813141 0.752941 0.752941 0.752941
vn 0.147171 0.726997 -0.670683
v 17.646660 22.021496 435.467743 0.752941 0.752941 0.752941
vn -0.473637 0.115807 -0.873073
v 16.803888 21.438459 435.036285 0.752941 0.752941 0.752941
vn 0.354170 -0.155962 -0.922084
v 18.135313 21.360893 435.356018 0.752941 0.752941 0.752941
vn -0.138847 0.175566 0.974627
v 29.611633 24.982990 467.875183 0.752941 0.752941 0.752941
vn 0.657023 -0.161300 0.736412
v 30.139051 24.434181 467.671387 0.752941 0.752941 0.752941
vn 0.307819 -0.482732 -0.819888
v 17.145002 20.122194 435.568726 0.752941 0.752941 0.752941
vn 0.075256 0.020075 0.996962
v 29.591978 24.288837 467.913727 0.752941 0.752941 0.752941
vn -0.519460 -0.139255 -0.843072
v 16.543676 20.584566 435.309418 0.752941 0.752941 0.752941
vn 0.336049 -0.469287 -0.816603
v 17.701048 20.426125 435.598572 0.752941 0.752941 0.752941
vn -0.090366 0.087003 0.992101
v 29.079935 23.601324 468.004395 0.752941 0.752941 0.752941
vn -0.011820 -0.427678 -0.903854
v 16.518927 19.580137 435.680481 0.752941 0.752941 0.752941
vn 0.205562 0.611469 -0.764101
v 17.947931 21.911798 435.415039 0.752941 0.752941 0.752941
vn 0.376726 -0.314359 -0.871353
v 18.736326 21.138765 435.671265 0.752941 0.752941 0.752941
vn 0.361090 0.125073 -0.924105
v 18.812664 21.672613 435.582489 0.752941 0.752941 0.752941
vn -0.033447 0.853969 -0.519247
v 17.022018 22.099745 435.469330 0.752941 0.752941 0.752941
vn -0.744309 0.073517 -0.663776
v 15.911813 20.186964 435.920441 0.752941 0.752941 0.752941
vn 0.211517 0.577688 -0.788376
v 18.673998 21.983894 435.674377 0.752941 0.752941 0.752941
vn 0.348107 -0.405920 -0.845015
v 17.890017 20.947330 435.401276 0.752941 0.752941 0.752941
vn -0.523692 -0.171961 -0.834372
v 16.129866 19.903713 435.676331 0.752941 0.752941 0.752941
vn -0.351264 0.081924 0.932685
v 28.340643 22.535385 467.879852 0.752941 0.752941 0.752941
vn -0.419597 0.011890 0.907633
v 27.673792 22.033236 467.656158 0.752941 0.752941 0.752941
vn 0.446761 0.003802 0.894645
v 30.062704 25.140799 467.761658 0.752941 0.752941 0.752941
vn 0.543554 0.035954 0.838604
v 30.496853 26.172861 467.498779 0.752941 0.752941 0.752941
vn -0.040997 -0.403727 0.913961
v 27.968746 21.685366 467.665100 0.752941 0.752941 0.752941
vn 0.786496 -0.108439 0.608000
v 30.712894 25.621870 467.299957 0.752941 0.752941 0.752941
vn 0.359991 -0.486619 -0.795995
v 18.442690 20.103836 436.132477 0.752941 0.752941 0.752941
vn 0.362946 -0.453718 -0.813886
v 18.703720 20.731377 435.871368 0.752941 0.752941 0.752941
vn -0.296222 -0.286380 -0.911175
v 16.090784 19.329132 435.886963 0.752941 0.752941 0.752941
vn -0.646020 -0.039570 -0.762294
v 15.890292 19.637030 435.925903 0.752941 0.752941 0.752941
vn 0.369886 -0.060974 -0.927074
v 19.169121 21.578661 435.733063 0.752941 0.752941 0.752941
vn -0.510692 0.650695 -0.561953
v 16.466084 22.133814 435.720703 0.752941 0.752941 0.752941
vn 0.143011 0.116033 0.982896
v 30.371599 26.798218 467.505768 0.752941 0.752941 0.752941
vn -0.045264 0.211549 0.976319
v 29.962292 25.866732 467.647552 0.752941 0.752941 0.752941
vn 0.357728 0.186951 -0.914921
v 19.655682 21.863081 435.936951 0.752941 0.752941 0.752941
vn -0.451731 0.246976 0.857288
v 29.926075 26.935427 467.374115 0.752941 0.752941 0.752941
vn 0.230636 0.599743 -0.766234
v 19.131638 22.168583 435.939850 0.752941 0.752941 0.752941
vn -0.800672 0.151973 -0.579507
v 16.256775 21.485270 435.720978 0.752941 0.752941 0.752941
vn -0.788996 0.107673 -0.604890
v 16.076719 20.796446 435.853424 0.752941 0.752941 0.752941
vn 0.129456 -0.456034 -0.880496
v 16.388428 18.952414 435.999481 0.752941 0.752941 0.752941
vn 0.321161 -0.500342 -0.804061
v 17.319105 19.021431 436.308411 0.752941 0.752941 0.752941
vn 0.412756 -0.246327 -0.876901
v 19.666330 21.397013 435.989716 0.752941 0.752941 0.752941
vn 0.405445 -0.405523 -0.819247
v 19.686325 20.973352 436.200714 0.752941 0.752941 0.752941
vn -0.205899 -0.389055 -0.897910
v 16.029709 18.756750 436.073883 0.752941 0.752941 0.752941
vn 0.433741 -0.136447 -0.890646
v 20.153460 21.609650 436.191101 0.752941 0.752941 0.752941
vn -0.776070 0.412365 -0.477148
v 15.914268 21.938339 436.323761 0.752941 0.752941 0.752941
vn 0.075592 0.846217 -0.527449
v 18.132334 22.244417 435.869720 0.752941 0.752941 0.752941
vn 0.094710 0.815438 -0.571044
v 18.512543 22.262829 435.943024 0.752941 0.752941 0.752941
vn -0.576460 -0.120137 -0.808245
v 15.630272 19.189695 436.101715 0.752941 0.752941 0.752941
vn 0.343538 -0.496807 -0.796972
v 17.800825 19.752356 436.064087 0.752941 0.752941 0.752941
vn 0.667357 -0.040404 0.743641
v 30.835833 26.765997 467.280670 0.752941 0.752941 0.752941
vn 0.130940 -0.507296 -0.851766
v 16.189505 18.502449 436.210876 0.752941 0.752941 0.752941
vn -0.526573 0.827355 -0.195460
v 16.146955 22.180510 436.313538 0.752941 0.752941 0.752941
vn 0.197597 0.146028 0.969346
v 30.559551 28.197975 467.335693 0.752941 0.752941 0.752941
vn -0.331353 -0.322149 -0.886806
v 15.760453 18.562124 436.304382 0.752941 0.752941 0.752941
vn -0.126702 -0.396325 -0.909325
v 15.967717 18.338402 436.315704 0.752941 0.752941 0.752941
vn 0.818068 -0.213299 0.534106
v 30.540503 25.038996 467.263489 0.752941 0.752941 0.752941
vn -0.597040 -0.115513 -0.793852
v 15.351538 18.593220 436.419922 0.752941 0.752941 0.752941
vn 0.447159 -0.416241 -0.791702
v 20.606096 21.169184 436.583038 0.752941 0.752941 0.752941
vn 0.834953 -0.304965 0.458094
v 29.978666 23.614635 467.492798 0.752941 0.752941 0.752941
vn 0.300144 0.488922 -0.819066
v 20.624689 22.202677 436.464264 0.752941 0.752941 0.752941
vn 0.341171 -0.647751 0.681191
v 28.436123 21.627504 467.524231 0.752941 0.752941 0.752941
vn 0.097691 0.870032 -0.483219
v 20.017168 22.530388 436.641663 0.752941 0.752941 0.752941
vn 0.193909 0.701979 -0.685292
v 19.831947 22.264612 436.209229 0.752941 0.752941 0.752941
vn -0.396966 -0.208310 -0.893882
v 15.316652 18.244223 436.509796 0.752941 0.752941 0.752941
vn 0.333275 0.298131 0.894453
v 31.110092 29.255760 466.966797 0.752941 0.752941 0.752941
vn 0.428138 -0.478759 -0.766477
v 20.241396 20.583181 436.743805 0.752941 0.752941 0.752941
vn 0.310159 -0.503659 -0.806306
v 16.936283 18.631294 436.412811 0.752941 0.752941 0.752941
vn 0.247862 -0.477134 -0.843154
v 16.282963 18.034883 436.529236 0.752941 0.752941 0.752941
vn -0.219423 -0.292652 -0.930703
v 15.608448 18.140074 436.467987 0.752941 0.752941 0.752941
vn -0.666351 0.225903 0.710594
v 26.828854 21.199055 467.132721 0.752941 0.752941 0.752941
vn 0.014887 0.930541 -0.365886
v 18.761786 22.527346 436.524261 0.752941 0.752941 0.752941
vn 0.007074 -0.401288 0.915925
v 27.377970 21.140539 467.316193 0.752941 0.752941 0.752941
vn 0.113294 0.820990 -0.559588
v 20.614725 22.540010 436.806976 0.752941 0.752941 0.752941
vn 0.355944 -0.501069 -0.788818
v 18.101208 19.214645 436.535706 0.752941 0.752941 0.752941
vn -0.773935 0.066780 -0.629734
v 15.444603 18.947792 436.337891 0.752941 0.752941 0.752941
vn 0.387580 -0.482632 -0.785397
v 19.164272 20.433578 436.250000 0.752941 0.752941 0.752941
vn -0.149111 0.976889 -0.153149
v 16.771275 22.381519 436.290894 0.752941 0.752941 0.752941
vn 0.460117 -0.208765 -0.862965
v 21.106030 21.726847 436.624695 0.752941 0.752941 0.752941
vn 0.880912 -0.142449 0.451333
v 30.958427 25.771816 466.814392 0.752941 0.752941 0.752941
vn 0.415430 0.206707 -0.885827
v 21.156776 22.076483 436.639008 0.752941 0.752941 0.752941
vn -0.232417 -0.261659 -0.936759
v 15.406610 17.718658 436.642670 0.752941 0.752941 0.752941
vn 0.117428 -0.418373 -0.900652
v 15.873882 17.656704 436.567474 0.752941 0.752941 0.752941
vn 0.814511 -0.413710 0.406714
v 30.097786 23.117071 466.857819 0.752941 0.752941 0.752941
vn -0.210281 -0.207073 0.955459
v 26.853546 20.493509 467.168274 0.752941 0.752941 0.752941
vn -0.870765 0.390403 -0.298921
v 15.163755 21.193054 437.327545 0.752941 0.752941 0.752941
vn 0.319667 -0.476281 -0.819127
v 16.833866 17.760443 436.904572 0.752941 0.752941 0.752941
vn 0.536919 -0.670712 0.511726
v 27.671659 20.885015 467.019104 0.752941 0.752941 0.752941
vn -0.673945 0.286916 0.680792
v 28.146887 23.255230 467.522400 0.752941 0.752941 0.752941
vn -0.243972 -0.260910 -0.934025
v 15.098767 17.043636 436.859741 0.752941 0.752941 0.752941
vn 0.287705 -0.517078 -0.806137
v 16.015272 17.127338 436.964447 0.752941 0.752941 0.752941
vn -0.718301 0.361037 0.594723
v 29.179882 27.290022 466.470184 0.752941 0.752941 0.752941
vn 0.494708 -0.391643 -0.775809
v 21.699974 21.444185 437.091797 0.752941 0.752941 0.752941
vn 0.089837 -0.435374 -0.895756
v 15.525564 17.066807 436.821777 0.752941 0.752941 0.752941
vn 0.274180 0.657097 -0.702174
v 21.494392 22.541042 437.033356 0.752941 0.752941 0.752941
vn 0.498574 -0.121190 -0.858334
v 21.817230 21.897766 436.995636 0.752941 0.752941 0.752941
vn 0.383470 -0.499802 -0.776627
v 19.066858 19.948387 436.521912 0.752941 0.752941 0.752941
vn 0.424844 -0.495520 -0.757606
v 19.795408 19.992134 436.864655 0.752941 0.752941 0.752941
vn -0.557186 -0.074236 -0.827063
v 14.901026 17.709671 436.840302 0.752941 0.752941 0.752941
vn -0.063242 0.982908 -0.172894
v 19.600748 22.743830 437.282715 0.752941 0.752941 0.752941
vn 0.798956 -0.069103 0.597407
v 31.148571 27.973166 467.004761 0.752941 0.752941 0.752941
vn -0.789306 0.139849 -0.597861
v 15.387796 19.954706 436.531189 0.752941 0.752941 0.752941
vn 0.364114 -0.480238 -0.797993
v 18.235695 18.556675 437.021698 0.752941 0.752941 0.752941
vn -0.802581 0.163644 -0.573659
v 14.691483 19.104261 437.285614 0.752941 0.752941 0.752941
vn 0.380345 -0.501645 -0.776975
v 18.854948 19.168039 436.906891 0.752941 0.752941 0.752941
vn 0.330344 -0.470756 -0.818084
v 17.618996 17.818825 437.140869 0.752941 0.752941 0.752941
vn -0.542685 0.296022 0.786043
v 29.143507 25.306629 467.535339 0.752941 0.752941 0.752941
vn 0.263457 -0.523991 -0.809953
v 15.732878 16.672939 437.149628 0.752941 0.752941 0.752941
vn 0.327907 -0.477644 -0.815066
v 17.366217 18.150457 436.885651 0.752941 0.752941 0.752941
vn -0.738963 0.045897 -0.672180
v 15.027184 18.700260 436.755585 0.752941 0.752941 0.752941
vn 0.316318 -0.499527 -0.806483
v 16.583305 17.162193 437.136993 0.752941 0.752941 0.752941
vn -0.793255 0.576989 -0.194501
v 15.607160 21.822916 436.811676 0.752941 0.752941 0.752941
vn -0.370263 0.899945 0.230227
v 16.121851 22.173441 437.027313 0.752941 0.752941 0.752941
vn -0.244371 0.911766 0.330099
v 17.498766 22.382500 437.367554 0.752941 0.752941 0.752941
vn 0.424946 -0.494601 -0.758149
v 19.722570 19.414349 437.201477 0.752941 0.752941 0.752941
vn 0.196072 0.746800 -0.635489
v 21.063757 22.502405 436.820374 0.752941 0.752941 0.752941
vn -0.514558 -0.044618 -0.856294
v 14.617569 17.062737 437.077850 0.752941 0.752941 0.752941
vn 0.590120 -0.674708 0.443314
v 29.004433 21.930410 467.245209 0.752941 0.752941 0.752941
vn -0.690663 0.340226 0.638147
v 27.388420 23.505598 466.284302 0.752941 0.752941 0.752941
vn -0.021377 -0.591956 0.805687
v 26.699312 20.070019 466.953186 0.752941 0.752941 0.752941
vn -0.246334 -0.279169 -0.928108
v 14.685249 16.417717 437.184082 0.752941 0.752941 0.752941
vn 0.476973 -0.479295 -0.736731
v 21.499134 20.725679 437.433655 0.752941 0.752941 0.752941
vn 0.471667 0.201260 -0.858501
v 22.358385 22.271687 437.310944 0.752941 0.752941 0.752941
vn 0.537184 -0.222643 -0.813550
v 22.483019 21.986599 437.384460 0.752941 0.752941 0.752941
vn 0.886052 -0.112359 0.449763
v 31.063517 27.227669 466.998749 0.752941 0.752941 0.752941
vn -0.881036 0.387574 -0.271223
v 14.946280 20.832376 437.520569 0.752941 0.752941 0.752941
vn 0.451247 -0.488932 -0.746540
v 20.734211 20.359880 437.171967 0.752941 0.752941 0.752941
vn 0.305178 -0.490844 -0.816051
v 17.383156 17.323133 437.389496 0.752941 0.752941 0.752941
vn -0.022558 -0.467491 -0.883710
v 14.808052 16.023108 437.289459 0.752941 0.752941 0.752941
vn -0.735076 0.198841 0.648171
v 26.137522 20.413435 466.743225 0.752941 0.752941 0.752941
vn -0.726881 0.347543 0.592332
v 29.763348 28.110931 466.869751 0.752941 0.752941 0.752941
vn -0.653707 0.150774 -0.741576
v 14.199451 16.898771 437.354309 0.752941 0.752941 0.752941
vn -0.012013 0.600346 0.799650
v 30.946566 29.538366 466.867065 0.752941 0.752941 0.752941
vn 0.626906 0.112303 -0.770959
v 31.991184 5.270163 437.400330 0.752941 0.752941 0.752941
vn 0.049483 0.002949 -0.998771
v 31.825037 5.318048 437.355225 0.752941 0.752941 0.752941
vn 0.391853 -0.457229 -0.798369
v 18.361546 18.188229 437.301239 0.752941 0.752941 0.752941
vn -0.348061 -0.170628 -0.921813
v 14.267622 16.402451 437.321167 0.752941 0.752941 0.752941
vn 0.081954 -0.457273 -0.885542
v 15.059371 16.332329 437.170258 0.752941 0.752941 0.752941
vn -0.549773 0.759010 0.348789
v 15.668154 21.728523 437.521790 0.752941 0.752941 0.752941
vn -0.152202 -0.357698 -0.921351
v 31.495214 5.199409 437.443573 0.752941 0.752941 0.752941
vn 0.782303 -0.000470 0.622898
v 31.422962 28.856815 466.779175 0.752941 0.752941 0.752941
vn 0.318902 -0.512129 -0.797512
v 16.836349 16.796396 437.488983 0.752941 0.752941 0.752941
vn 0.242293 -0.624999 -0.742071
v 15.442347 15.982361 437.525726 0.752941 0.752941 0.752941
vn -0.151325 0.022912 -0.988218
v 31.079287 5.474601 437.484131 0.752941 0.752941 0.752941
vn -0.399437 -0.140373 -0.905950
v 13.963838 15.921205 437.503357 0.752941 0.752941 0.752941
vn 0.385736 -0.491590 -0.780735
v 18.977152 18.594509 437.348419 0.752941 0.752941 0.752941
vn -0.113127 -0.385686 -0.915669
v 14.285225 15.823948 437.457977 0.752941 0.752941 0.752941
vn -0.053958 0.393022 -0.917944
v 31.103556 5.648221 437.482239 0.752941 0.752941 0.752941
vn 0.990965 0.132595 -0.020158
v 32.140232 5.186056 437.717468 0.752941 0.752941 0.752941
vn 0.433414 0.665178 -0.608022
v 31.864248 5.463883 437.425354 0.752941 0.752941 0.752941
vn 0.201956 0.849795 -0.486889
v 31.388226 5.814292 437.726501 0.752941 0.752941 0.752941
vn 0.005657 0.924969 0.380001
v 31.125425 30.272993 466.131317 0.752941 0.752941 0.752941
vn 0.500758 -0.477907 -0.721697
v 22.181196 20.959009 437.720734 0.752941 0.752941 0.752941
vn 0.531291 -0.418692 -0.736496
v 22.621832 21.420887 437.738342 0.752941 0.752941 0.752941
vn -0.167002 0.984387 0.055609
v 18.704018 22.630049 437.239685 0.752941 0.752941 0.752941
vn -0.226387 -0.570537 -0.789453
v 30.945509 5.039079 437.766876 0.752941 0.752941 0.752941
vn 0.192035 0.873853 -0.446658
v 22.096642 22.753141 437.496613 0.752941 0.752941 0.752941
vn -0.241448 -0.309551 -0.919718
v 30.842209 5.386071 437.515900 0.752941 0.752941 0.752941
vn -0.262243 -0.348646 -0.899819
v 30.543301 5.342908 437.622986 0.752941 0.752941 0.752941
vn 0.296886 -0.585927 -0.754022
v 16.108704 16.182695 437.579803 0.752941 0.752941 0.752941
vn -0.372128 -0.102250 -0.922532
v 13.732229 15.750758 437.641876 0.752941 0.752941 0.752941
vn -0.201584 0.257357 -0.945056
v 30.678459 5.708990 437.578613 0.752941 0.752941 0.752941
vn 0.922707 -0.131231 0.362478
v 31.782824 28.700018 465.854462 0.752941 0.752941 0.752941
vn 0.178357 -0.612648 -0.769968
v 14.617478 15.662207 437.585144 0.752941 0.752941 0.752941
vn -0.294976 -0.489048 -0.820866
v 31.442434 4.788143 437.781952 0.752941 0.752941 0.752941
vn 0.343092 -0.535498 -0.771705
v 17.355761 16.707453 437.705414 0.752941 0.752941 0.752941
vn 0.666177 -0.347736 -0.659764
v 32.046715 4.934105 437.508179 0.752941 0.752941 0.752941
vn 0.020400 0.813384 -0.581369
v 30.787981 5.898775 437.738556 0.752941 0.752941 0.752941
vn 0.264560 -0.664879 -0.698530
v 15.340715 15.647219 437.831635 0.752941 0.752941 0.752941
vn 0.368072 -0.490333 -0.789997
v 18.536329 17.497599 437.758881 0.752941 0.752941 0.752941
vn -0.124873 -0.263637 -0.956505
v 13.638412 15.378923 437.740387 0.752941 0.752941 0.752941
vn 0.005224 -0.521715 -0.853104
v 14.098764 15.460368 437.630585 0.752941 0.752941 0.752941
vn 0.879243 -0.251129 0.404802
v 30.947863 24.777224 466.299561 0.752941 0.752941 0.752941
vn -0.018716 0.958744 -0.283655
v 20.627159 22.828020 437.450073 0.752941 0.752941 0.752941
vn -0.741201 0.635302 0.216825
v 15.124428 21.097349 437.832245 0.752941 0.752941 0.752941
vn 0.443562 -0.492153 -0.749025
v 20.336946 19.622662 437.448456 0.752941 0.752941 0.752941
vn 0.788466 0.600642 -0.132478
v 31.973768 5.493584 437.882385 0.752941 0.752941 0.752941
vn -0.710698 0.357017 0.606174
v 27.390137 22.590059 466.933594 0.752941 0.752941 0.752941
vn 0.324159 -0.596947 -0.733877
v 16.554840 16.249851 437.753174 0.752941 0.752941 0.752941
vn 0.384868 -0.495338 -0.778792
v 31.954231 4.566473 437.724457 0.752941 0.752941 0.752941
vn -0.438229 0.054256 -0.897224
v 13.428348 15.594851 437.775787 0.752941 0.752941 0.752941
vn 0.195160 -0.710766 -0.675814
v 14.789441 15.356492 437.860718 0.752941 0.752941 0.752941
vn -0.279121 -0.153282 -0.947943
v 30.035069 5.543618 437.724060 0.752941 0.752941 0.752941
vn 0.237150 -0.701353 -0.672208
v 15.937551 15.914634 437.778229 0.752941 0.752941 0.752941
vn 0.364314 -0.506153 -0.781719
v 17.997297 17.459408 437.521118 0.752941 0.752941 0.752941
vn 0.812538 -0.470537 0.344060
v 30.294798 22.464832 465.657410 0.752941 0.752941 0.752941
vn 0.427068 -0.480405 -0.766044
v 19.789549 18.951567 437.545258 0.752941 0.752941 0.752941
vn -0.696344 0.313315 0.645708
v 27.990997 25.036720 466.319336 0.752941 0.752941 0.752941
vn 0.528309 0.170256 -0.831807
v 23.462412 22.472542 438.005493 0.752941 0.752941 0.752941
vn 0.464410 -0.484014 -0.741656
v 20.990574 19.918419 437.622437 0.752941 0.752941 0.752941
vn 0.249542 -0.672684 -0.696581
v 16.227257 15.687464 438.085419 0.752941 0.752941 0.752941
vn 0.976741 -0.203635 -0.067147
v 32.049171 4.781139 437.780060 0.752941 0.752941 0.752941
vn 0.530248 0.807292 -0.259069
v 31.680023 5.800640 437.955750 0.752941 0.752941 0.752941
vn -0.070807 -0.514430 -0.854604
v 13.235702 14.925105 437.882843 0.752941 0.752941 0.752941
vn -0.268067 -0.031867 -0.962873
v 13.364072 15.297971 437.782318 0.752941 0.752941 0.752941
vn 0.409179 -0.448008 -0.794897
v 19.262531 18.102659 437.801849 0.752941 0.752941 0.752941
vn 0.570235 -0.376476 -0.730136
v 23.394854 21.623562 438.201111 0.752941 0.752941 0.752941
vn 0.717035 -0.590241 0.370778
v 29.839563 22.039206 465.979401 0.752941 0.752941 0.752941
vn -0.588003 0.154503 -0.793966
v 13.534963 16.084192 437.797455 0.752941 0.752941 0.752941
vn -0.758637 0.135573 -0.637252
v 14.309229 17.875492 437.522705 0.752941 0.752941 0.752941
vn -0.871905 0.355937 -0.336288
v 14.672276 20.395990 437.784424 0.752941 0.752941 0.752941
vn -0.292998 -0.347798 -0.890611
v 29.382412 5.452042 437.937103 0.752941 0.752941 0.752941
vn 0.145446 -0.698302 -0.700871
v 14.679628 15.230154 438.013275 0.752941 0.752941 0.752941
vn 0.703727 0.396566 0.589494
v 31.697159 29.909275 466.208466 0.752941 0.752941 0.752941
vn -0.533687 0.684884 0.496097
v 30.777105 29.953182 466.342896 0.752941 0.752941 0.752941
vn 0.413669 -0.488946 -0.767990
v 19.639814 18.498732 437.736023 0.752941 0.752941 0.752941
vn 0.267023 0.737693 -0.620087
v 22.336109 22.679153 437.503906 0.752941 0.752941 0.752941
vn 0.452255 -0.473667 -0.755715
v 20.720364 19.098951 437.990845 0.752941 0.752941 0.752941
vn 0.344534 -0.652115 -0.675309
v 17.185596 16.324373 437.961914 0.752941 0.752941 0.752941
vn -0.411890 -0.099827 -0.905749
v 13.106092 15.081521 437.846619 0.752941 0.752941 0.752941
vn -0.523342 -0.426654 0.737617
v 26.244993 20.086508 466.832825 0.752941 0.752941 0.752941
vn 0.409486 -0.606068 0.681911
v 27.115250 20.180252 466.938324 0.752941 0.752941 0.752941
vn -0.699447 -0.103054 0.707215
v 25.643097 20.097769 466.009918 0.752941 0.752941 0.752941
vn -0.450205 0.430571 0.782256
v 30.426775 28.896198 467.070587 0.752941 0.752941 0.752941
vn 0.374589 0.543919 -0.750889
v 22.994787 22.645184 437.799469 0.752941 0.752941 0.752941
vn 0.561437 -0.120987 -0.818627
v 23.253773 22.147335 437.871704 0.752941 0.752941 0.752941
vn 0.233886 -0.676526 -0.698290
v 14.408904 15.111630 438.016205 0.752941 0.752941 0.752941
vn -0.725574 0.333127 -0.602137
v 13.526977 16.568764 437.996826 0.752941 0.752941 0.752941
vn 0.227682 0.795120 -0.562090
v 22.813932 22.895777 437.952637 0.752941 0.752941 0.752941
vn -0.305534 0.116312 -0.945051
v 29.498568 5.651903 437.858429 0.752941 0.752941 0.752941
vn -0.247693 -0.523966 -0.814928
v 30.189867 5.165184 437.848999 0.752941 0.752941 0.752941
vn 0.579487 -0.137045 -0.803376
v 23.529655 22.294172 438.046448 0.752941 0.752941 0.752941
vn 0.350708 -0.594307 -0.723742
v 17.045074 15.929307 438.259125 0.752941 0.752941 0.752941
vn 0.500409 -0.471885 -0.725889
v 21.625536 19.614708 438.237244 0.752941 0.752941 0.752941
vn 0.913632 -0.114825 0.389990
v 31.408440 27.037630 466.140442 0.752941 0.752941 0.752941
vn 0.313584 -0.624634 -0.715190
v 15.646301 15.467380 438.137177 0.752941 0.752941 0.752941
vn -0.650055 0.338443 0.680356
v 28.484667 26.147015 466.240479 0.752941 0.752941 0.752941
vn -0.774116 0.445464 0.449784
v 27.906240 26.196079 465.788574 0.752941 0.752941 0.752941
vn -0.413128 -0.070050 -0.907975
v 28.792027 5.498218 438.161957 0.752941 0.752941 0.752941
vn -0.489711 -0.202055 -0.848149
v 12.786847 15.007460 438.100739 0.752941 0.752941 0.752941
vn 0.146385 -0.676540 -0.721710
v 13.956434 15.034721 437.932098 0.752941 0.752941 0.752941
vn -0.649073 0.288926 -0.703723
v 13.237813 15.909253 437.976105 0.752941 0.752941 0.752941
vn 0.428315 -0.469348 -0.772178
v 19.868065 17.909077 438.264130 0.752941 0.752941 0.752941
vn -0.827152 0.257106 0.499716
v 26.279293 21.489363 465.918701 0.752941 0.752941 0.752941
vn -0.121101 0.669290 -0.733066
v 30.188751 5.920384 437.795929 0.752941 0.752941 0.752941
vn -0.240812 -0.523322 -0.817400
v 29.798279 4.756093 438.225983 0.752941 0.752941 0.752941
vn -0.289772 0.746965 0.598394
v 16.548676 21.687639 437.966858 0.752941 0.752941 0.752941
vn 0.857217 -0.377245 0.350522
v 30.703691 23.235527 465.630127 0.752941 0.752941 0.752941
vn 0.380254 -0.546851 -0.745896
v 18.017197 16.983959 437.924744 0.752941 0.752941 0.752941
vn 0.452276 -0.519377 -0.725048
v 31.911127 4.044706 437.969116 0.752941 0.752941 0.752941
vn 0.248026 -0.690565 -0.679413
v 15.326134 15.403673 438.031494 0.752941 0.752941 0.752941
vn -0.757635 0.635235 0.149885
v 14.321934 19.929081 438.394623 0.752941 0.752941 0.752941
vn -0.212438 0.974548 0.071604
v 20.101116 22.827919 438.186523 0.752941 0.752941 0.752941
vn -0.336859 -0.501247 -0.797043
v 29.038994 5.129915 438.226074 0.752941 0.752941 0.752941
vn 0.223124 -0.695520 -0.682984
v 14.884722 15.061990 438.209137 0.752941 0.752941 0.752941
vn 0.444097 -0.476297 -0.758893
v 19.267355 17.626587 438.020538 0.752941 0.752941 0.752941
vn -0.372027 0.686473 0.624781
v 15.334588 21.064951 438.130035 0.752941 0.752941 0.752941
vn 0.352576 -0.485000 -0.800291
v 31.766424 3.679689 438.172882 0.752941 0.752941 0.752941
vn 0.896502 0.439962 0.052142
v 31.909626 5.579191 438.262299 0.752941 0.752941 0.752941
vn 0.984242 -0.175989 -0.017213
v 32.027172 4.349082 437.967163 0.752941 0.752941 0.752941
vn -0.026897 -0.662090 -0.748941
v 13.125242 14.665061 438.107178 0.752941 0.752941 0.752941
vn 0.210516 -0.715717 -0.665907
v 13.546863 14.804858 438.129730 0.752941 0.752941 0.752941
vn 0.540773 -0.478473 -0.691830
v 22.823874 20.887550 438.249023 0.752941 0.752941 0.752941
vn 0.172575 -0.760948 -0.625441
v 13.336196 14.582457 438.290192 0.752941 0.752941 0.752941
vn -0.763236 0.273721 -0.585276
v 13.573506 17.028444 438.278900 0.752941 0.752941 0.752941
vn -0.744964 0.307980 0.591758
v 27.520121 25.286474 465.826111 0.752941 0.752941 0.752941
vn 0.411367 -0.504802 -0.758915
v 19.372519 17.081482 438.537079 0.752941 0.752941 0.752941
vn -0.346672 -0.379789 -0.857659
v 31.216282 4.052643 438.172058 0.752941 0.752941 0.752941
vn 0.126348 -0.870762 0.475195
v 26.638845 19.683907 466.546356 0.752941 0.752941 0.752941
vn 0.140930 0.918988 -0.368238
v 31.139946 6.083261 438.289185 0.752941 0.752941 0.752941
vn 0.448441 -0.478637 -0.754855
v 20.488932 18.696972 438.101227 0.752941 0.752941 0.752941
vn 0.330964 0.612845 -0.717555
v 23.275650 22.824064 438.065613 0.752941 0.752941 0.752941
vn -0.843604 0.503853 -0.185644
v 13.898925 19.309090 438.558533 0.752941 0.752941 0.752941
vn -0.848226 0.296889 -0.438599
v 14.377642 19.784058 437.964417 0.752941 0.752941 0.752941
vn 0.054793 0.940683 -0.334832
v 21.666870 23.000261 437.976501 0.752941 0.752941 0.752941
vn 0.031762 0.935772 -0.351173
v 22.646498 23.146267 438.426910 0.752941 0.752941 0.752941
vn 0.575552 -0.174041 -0.799031
v 23.844790 22.269499 438.274994 0.752941 0.752941 0.752941
vn 0.297124 -0.689045 -0.661011
v 15.138771 14.997563 438.381744 0.752941 0.752941 0.752941
vn 0.204447 -0.737613 -0.643528
v 15.377474 15.238750 438.318451 0.752941 0.752941 0.752941
vn 0.202588 -0.736093 -0.645852
v 14.185851 14.844278 438.286682 0.752941 0.752941 0.752941
vn 0.876375 -0.297135 0.379048
v 30.920048 24.283794 466.023468 0.752941 0.752941 0.752941
vn 0.962282 -0.006486 0.271977
v 31.918337 5.156680 438.370026 0.752941 0.752941 0.752941
vn 0.472888 -0.477426 -0.740568
v 21.290298 18.760946 438.555206 0.752941 0.752941 0.752941
vn 0.452680 -0.474896 -0.754689
v 20.471621 18.059568 438.491669 0.752941 0.752941 0.752941
vn 0.917702 -0.129086 0.375711
v 31.326469 26.241579 466.174561 0.752941 0.752941 0.752941
vn 0.747784 -0.297845 -0.593386
v 31.745056 3.431548 438.282135 0.752941 0.752941 0.752941
vn 0.206910 -0.710864 -0.672206
v 13.771017 14.657475 438.306213 0.752941 0.752941 0.752941
vn 0.206651 -0.686324 -0.697319
v 15.942446 15.554961 438.189117 0.752941 0.752941 0.752941
vn 0.245164 -0.669923 -0.700784
v 16.510414 15.502902 438.359924 0.752941 0.752941 0.752941
vn 0.445698 0.458736 -0.768710
v 23.833933 22.861807 438.404938 0.752941 0.752941 0.752941
vn -0.319161 -0.273813 -0.907283
v 12.299042 14.416177 438.483765 0.752941 0.752941 0.752941
vn 0.170275 -0.738497 -0.652402
v 15.565225 15.265404 438.258636 0.752941 0.752941 0.752941
vn -0.350289 -0.304457 -0.885778
v 31.379318 3.388271 438.416290 0.752941 0.752941 0.752941
vn 0.623990 -0.690153 0.366504
v 28.123634 20.701479 465.933472 0.752941 0.752941 0.752941
vn -0.441850 0.671300 0.595084
v 15.056368 20.554682 438.498291 0.752941 0.752941 0.752941
vn 0.203940 -0.894910 0.396920
v 26.812214 19.541437 465.691681 0.752941 0.752941 0.752941
vn 0.377867 -0.538932 -0.752840
v 18.808836 17.046484 438.194672 0.752941 0.752941 0.752941
vn 0.317027 -0.287966 -0.903643
v 31.688162 3.058296 438.405060 0.752941 0.752941 0.752941
vn -0.354045 0.184282 -0.916893
v 28.346333 5.653719 438.406891 0.752941 0.752941 0.752941
vn 0.628318 0.717285 0.301196
v 31.629805 30.184669 465.936035 0.752941 0.752941 0.752941
vn -0.331187 -0.439620 -0.834895
v 30.921791 4.302404 438.218506 0.752941 0.752941 0.752941
vn 0.579395 0.023315 -0.814713
v 24.110670 22.451136 438.432983 0.752941 0.752941 0.752941
vn -0.156585 0.984696 -0.076518
v 20.746899 22.954103 438.085266 0.752941 0.752941 0.752941
vn -0.252696 0.672262 -0.695851
v 29.487413 5.915631 437.962372 0.752941 0.752941 0.752941
vn -0.120779 0.988185 -0.094356
v 22.007988 23.195990 438.737244 0.752941 0.752941 0.752941
vn -0.169877 -0.694147 0.699501
v 25.805042 19.524578 465.679474 0.752941 0.752941 0.752941
vn -0.032773 0.934153 -0.355364
v 30.081264 6.233389 438.452698 0.752941 0.752941 0.752941
vn 0.184081 0.804633 -0.564518
v 23.117857 22.972574 438.215729 0.752941 0.752941 0.752941
vn -0.826565 0.439239 0.351937
v 28.543303 27.548685 465.565399 0.752941 0.752941 0.752941
vn -0.397808 -0.179021 -0.899834
v 12.294419 14.663489 438.401917 0.752941 0.752941 0.752941
vn -0.275184 -0.589718 -0.759281
v 29.557463 4.432737 438.535736 0.752941 0.752941 0.752941
vn 0.160289 -0.751688 -0.639744
v 15.875339 15.095938 438.539948 0.752941 0.752941 0.752941
vn 0.265272 -0.679323 -0.684215
v 16.129763 15.237471 438.490967 0.752941 0.752941 0.752941
vn 0.911386 -0.204536 0.357130
v 31.292189 25.383177 465.831757 0.752941 0.752941 0.752941
vn 0.202667 0.815538 -0.542055
v 23.749043 23.144339 438.631073 0.752941 0.752941 0.752941
vn -0.078762 -0.617875 -0.782322
v 12.629034 14.336681 438.461029 0.752941 0.752941 0.752941
vn 0.224316 -0.737719 -0.636752
v 16.488880 15.134063 438.761810 0.752941 0.752941 0.752941
vn -0.412582 -0.127992 -0.901884
v 28.272034 5.500427 438.406158 0.752941 0.752941 0.752941
vn 0.336787 -0.596019 -0.728928
v 17.952099 16.405546 438.270569 0.752941 0.752941 0.752941
vn 0.508298 -0.479540 -0.715314
v 21.994602 20.188251 438.117065 0.752941 0.752941 0.752941
vn -0.325562 0.670806 0.666354
v 16.777714 21.310974 438.473480 0.752941 0.752941 0.752941
vn -0.338871 0.411440 -0.846099
v 28.666050 5.879303 438.288269 0.752941 0.752941 0.752941
vn 0.602438 -0.305074 -0.737562
v 24.028690 22.113264 438.469543 0.752941 0.752941 0.752941
vn -0.722435 0.336464 -0.604053
v 12.974405 16.322458 438.647491 0.752941 0.752941 0.752941
vn 0.902200 -0.258304 0.345420
v 31.228863 24.455400 465.366974 0.752941 0.752941 0.752941
vn 0.414051 -0.481671 -0.772369
v 19.950342 17.421780 438.559845 0.752941 0.752941 0.752941
vn -0.376167 -0.393043 -0.839056
v 30.535927 3.642713 438.734772 0.752941 0.752941 0.752941
vn -0.863702 0.503730 0.016572
v 27.322268 25.497250 465.198608 0.752941 0.752941 0.752941
vn 0.636256 -0.377619 -0.672742
v 31.678267 2.611110 438.517334 0.752941 0.752941 0.752941
vn 0.521834 -0.559085 0.644293
v 27.459478 19.478519 465.302612 0.752941 0.752941 0.752941
vn 0.286600 0.941351 0.178100
v 31.734602 30.198450 465.394653 0.752941 0.752941 0.752941
vn -0.776892 0.411830 0.476271
v 25.711216 20.544250 465.636322 0.752941 0.752941 0.752941
vn -0.285905 0.666924 0.688092
v 16.053240 20.657141 438.779846 0.752941 0.752941 0.752941
vn -0.565559 0.230568 0.791822
v 25.071873 19.618654 465.541626 0.752941 0.752941 0.752941
vn -0.146287 -0.300500 0.942497
v 25.352642 19.489914 465.628784 0.752941 0.752941 0.752941
vn -0.240988 -0.524312 -0.816714
v 12.118882 14.231892 438.616364 0.752941 0.752941 0.752941
vn 0.569776 -0.700820 0.429194
v 27.492369 20.086403 466.073730 0.752941 0.752941 0.752941
vn 0.536443 -0.475276 -0.697382
v 22.533201 19.609135 438.898407 0.752941 0.752941 0.752941
vn -0.796847 0.411408 0.442470
v 26.429356 23.302004 465.574005 0.752941 0.752941 0.752941
vn 0.359343 -0.609171 -0.706953
v 17.598427 15.619106 438.747681 0.752941 0.752941 0.752941
vn 0.198978 -0.748795 -0.632229
v 14.250412 14.533878 438.652618 0.752941 0.752941 0.752941
vn -0.229727 -0.548636 -0.803881
v 30.354780 4.497297 438.295105 0.752941 0.752941 0.752941
vn 0.214909 -0.749169 -0.626546
v 14.663321 14.703340 438.552155 0.752941 0.752941 0.752941
vn -0.613804 0.269564 -0.742011
v 12.480959 15.241903 438.334167 0.752941 0.752941 0.752941
vn 0.340437 -0.613686 -0.712385
v 17.480780 16.144487 438.338013 0.752941 0.752941 0.752941
vn -0.372035 -0.272934 -0.887185
v 31.306303 2.877450 438.572510 0.752941 0.752941 0.752941
vn -0.263948 0.197812 -0.944035
v 27.995901 5.842470 438.524536 0.752941 0.752941 0.752941
vn 0.533808 -0.469162 -0.703517
v 22.063417 19.171011 438.858032 0.752941 0.752941 0.752941
vn -0.803323 0.419897 0.422325
v 28.258989 26.985359 465.585663 0.752941 0.752941 0.752941
vn 0.276010 -0.713241 -0.644287
v 16.268684 15.025026 438.825958 0.752941 0.752941 0.752941
vn 0.930543 -0.124957 0.344202
v 31.840063 27.966724 465.383759 0.752941 0.752941 0.752941
vn -0.374873 -0.163760 -0.912498
v 27.861006 5.556217 438.580750 0.752941 0.752941 0.752941
vn 0.064647 -0.338137 0.938874
v 25.494888 18.425079 465.263092 0.752941 0.752941 0.752941
vn -0.467557 -0.234227 -0.852367
v 30.874786 2.969218 438.779541 0.752941 0.752941 0.752941
vn -0.267162 0.141364 -0.953226
v 27.500109 5.995468 438.722778 0.752941 0.752941 0.752941
vn 0.552233 -0.472918 -0.686577
v 23.150730 20.276625 438.940613 0.752941 0.752941 0.752941
vn 0.401841 -0.554179 -0.728978
v 19.093527 16.588396 438.686188 0.752941 0.752941 0.752941
vn -0.124636 -0.170247 0.977487
v 24.649384 18.649557 465.451385 0.752941 0.752941 0.752941
vn 0.358133 -0.590661 -0.723091
v 18.422573 16.323702 438.546295 0.752941 0.752941 0.752941
vn 0.210185 -0.704153 -0.678226
v 15.605492 14.955627 438.629730 0.752941 0.752941 0.752941
vn 0.622042 -0.096456 -0.777020
v 24.472466 22.465973 438.718475 0.752941 0.752941 0.752941
vn -0.809503 0.201613 -0.551414
v 13.909364 18.683849 438.284241 0.752941 0.752941 0.752941
vn -0.327202 0.856969 0.398175
v 19.357092 22.423639 438.598358 0.752941 0.752941 0.752941
vn -0.710541 0.594484 0.376458
v 29.891048 29.373098 465.759705 0.752941 0.752941 0.752941
vn -0.828044 0.340533 -0.445400
v 12.401993 16.362789 439.271515 0.752941 0.752941 0.752941
vn 0.976376 0.160928 0.144196
v 31.765116 5.863608 438.967590 0.752941 0.752941 0.752941
vn 0.474327 -0.468910 -0.745075
v 20.936172 18.237484 438.685699 0.752941 0.752941 0.752941
vn 0.996992 -0.073144 0.025648
v 31.735210 3.231576 438.593842 0.752941 0.752941 0.752941
vn -0.416100 -0.320356 -0.851019
v 11.539858 14.268521 438.846252 0.752941 0.752941 0.752941
vn -0.629413 0.204917 -0.749565
v 11.553838 14.546646 438.838593 0.752941 0.752941 0.752941
vn -0.288632 -0.517997 -0.805215
v 29.761320 3.981590 438.838806 0.752941 0.752941 0.752941
vn 0.206084 -0.752007 -0.626111
v 15.428085 14.712588 438.839813 0.752941 0.752941 0.752941
vn 0.311842 -0.658246 -0.685177
v 17.058088 15.387682 438.686188 0.752941 0.752941 0.752941
vn -0.366219 -0.463462 -0.806899
v 28.323637 5.207248 438.538879 0.752941 0.752941 0.752941
vn -0.912235 0.372467 0.170571
v 26.870739 24.566029 465.053253 0.752941 0.752941 0.752941
vn -0.425819 0.224502 0.876514
v 23.821552 18.321123 465.176117 0.752941 0.752941 0.752941
vn -0.413843 0.732381 0.540696
v 14.726140 19.979486 438.916077 0.752941 0.752941 0.752941
vn -0.382577 0.672008 0.634067
v 18.452398 21.429667 439.257721 0.752941 0.752941 0.752941
vn -0.338564 0.766453 0.545825
v 18.163717 22.172834 438.195465 0.752941 0.752941 0.752941
vn -0.825441 0.521190 0.216813
v 29.074926 28.809801 465.212219 0.752941 0.752941 0.752941
vn 0.950840 -0.026017 0.308589
v 31.603773 4.507949 439.257965 0.752941 0.752941 0.752941
vn 0.241868 -0.745585 -0.620970
v 15.057155 14.686601 438.769714 0.752941 0.752941 0.752941
vn -0.287706 0.657669 0.696202
v 15.754934 20.444508 438.858215 0.752941 0.752941 0.752941
vn 0.130758 -0.527467 -0.839453
v 31.546059 2.261431 438.743683 0.752941 0.752941 0.752941
vn -0.051785 -0.771278 -0.634389
v 12.088174 14.045564 438.795532 0.752941 0.752941 0.752941
vn 0.596291 0.758845 -0.261899
v 31.560762 6.099452 438.575317 0.752941 0.752941 0.752941
vn 0.982648 -0.185251 0.009280
v 31.667440 2.311754 439.036743 0.752941 0.752941 0.752941
vn 0.427569 -0.530077 -0.732259
v 19.808586 16.912199 438.830475 0.752941 0.752941 0.752941
vn 0.532409 0.299827 -0.791609
v 24.361420 22.738209 438.667145 0.752941 0.752941 0.752941
vn 0.321358 0.716858 -0.618744
v 24.313461 23.137386 438.883240 0.752941 0.752941 0.752941
vn 0.891865 0.354210 0.281269
v 31.919483 29.782309 465.628967 0.752941 0.752941 0.752941
vn 0.370478 -0.623026 -0.688901
v 18.687122 16.005846 438.970825 0.752941 0.752941 0.752941
vn 0.979783 -0.143537 0.139363
v 31.775288 3.810728 438.601105 0.752941 0.752941 0.752941
vn 0.328200 -0.627036 -0.706478
v 18.011492 15.894790 438.719879 0.752941 0.752941 0.752941
vn 0.578943 -0.426315 -0.695040
v 24.237236 21.501127 439.017334 0.752941 0.752941 0.752941
vn 0.942308 -0.139347 0.304365
v 31.993731 27.077745 464.648376 0.752941 0.752941 0.752941
vn 0.873950 0.479824 -0.077334
v 31.709211 6.036924 439.069550 0.752941 0.752941 0.752941
vn 0.924135 -0.130499 0.359088
v 31.702442 26.839352 465.402863 0.752941 0.752941 0.752941
vn -0.141445 -0.292388 -0.945781
v 26.697048 5.674256 438.916443 0.752941 0.752941 0.752941
vn 0.157804 -0.808631 -0.566758
v 13.583823 14.288522 438.740906 0.752941 0.752941 0.752941
vn -0.136395 0.063802 -0.988598
v 26.780626 6.028662 438.859680 0.752941 0.752941 0.752941
vn -0.113648 0.470100 -0.875266
v 26.797653 6.218030 438.899811 0.752941 0.752941 0.752941
vn -0.088977 0.652867 -0.752228
v 27.302849 6.297345 438.856873 0.752941 0.752941 0.752941
vn -0.170120 -0.114739 -0.978721
v 25.941349 5.868248 438.952545 0.752941 0.752941 0.752941
vn 0.189268 -0.781875 -0.594011
v 15.761220 14.705885 438.966675 0.752941 0.752941 0.752941
vn 0.238045 -0.729696 -0.640998
v 15.855634 14.869662 438.794586 0.752941 0.752941 0.752941
vn 0.139319 0.921205 -0.363278
v 31.044170 6.342170 438.889862 0.752941 0.752941 0.752941
vn -0.335685 0.688740 0.642614
v 17.616669 21.718039 438.475677 0.752941 0.752941 0.752941
vn -0.301753 0.926799 0.223580
v 21.158918 22.960133 439.015778 0.752941 0.752941 0.752941
vn -0.050379 0.848292 -0.527127
v 28.740839 6.144425 438.554321 0.752941 0.752941 0.752941
vn 0.601444 -0.305243 -0.738304
v 24.650150 22.246378 438.937531 0.752941 0.752941 0.752941
vn -0.473008 0.859420 0.194065
v 30.718866 30.226574 465.627167 0.752941 0.752941 0.752941
vn 0.261514 -0.742503 -0.616684
v 16.221727 14.699052 439.106293 0.752941 0.752941 0.752941
vn -0.903785 0.425010 -0.050388
v 28.675373 28.008112 465.089722 0.752941 0.752941 0.752941
vn 0.331501 -0.538872 0.774419
v 27.101448 19.390266 465.407166 0.752941 0.752941 0.752941
vn -0.801098 0.365408 0.474045
v 26.881939 24.035765 465.514465 0.752941 0.752941 0.752941
vn -0.192766 -0.479438 -0.856143
v 26.081059 5.493714 439.044373 0.752941 0.752941 0.752941
vn -0.091087 0.383712 -0.918950
v 26.195768 6.204984 438.948425 0.752941 0.752941 0.752941
vn -0.427160 -0.320970 -0.845288
v 30.392515 3.190052 438.982788 0.752941 0.752941 0.752941
vn 0.424022 0.571890 -0.702244
v 24.923794 23.148600 439.262146 0.752941 0.752941 0.752941
vn -0.285604 -0.284937 -0.915009
v 27.323879 5.427877 438.832245 0.752941 0.752941 0.752941
vn 0.638829 -0.249569 -0.727745
v 24.837307 22.390759 439.055176 0.752941 0.752941 0.752941
vn 0.947216 0.027035 0.319455
v 32.021690 29.445503 465.416595 0.752941 0.752941 0.752941
vn -0.428102 -0.214964 -0.877792
v 30.775835 2.335249 438.985779 0.752941 0.752941 0.752941
vn -0.295510 -0.332390 -0.895651
v 25.520988 5.751785 439.100708 0.752941 0.752941 0.752941
vn 0.211231 -0.782023 -0.586364
v 14.725425 14.416979 438.919739 0.752941 0.752941 0.752941
vn -0.496048 -0.190069 -0.847237
v 30.434483 2.413928 439.182312 0.752941 0.752941 0.752941
vn -0.219626 0.173799 -0.959978
v 25.519041 6.172264 439.044647 0.752941 0.752941 0.752941
vn 0.223310 -0.805388 -0.549074
v 15.750429 14.519989 439.224243 0.752941 0.752941 0.752941
vn -0.268942 -0.560043 -0.783596
v 26.977247 4.804337 439.261292 0.752941 0.752941 0.752941
vn 0.523925 -0.460807 -0.716352
v 21.621397 18.863075 438.713318 0.752941 0.752941 0.752941
vn 0.492188 -0.544498 -0.679171
v 31.465210 1.915631 439.001709 0.752941 0.752941 0.752941
vn -0.331627 -0.588510 -0.737346
v 28.476959 4.789999 438.777252 0.752941 0.752941 0.752941
vn 0.462973 -0.519996 -0.717817
v 20.566391 17.328688 439.071320 0.752941 0.752941 0.752941
vn -0.379835 0.646882 0.661263
v 17.938864 20.761257 439.608185 0.752941 0.752941 0.752941
vn -0.842406 0.528485 -0.105146
v 13.307822 18.585926 439.222412 0.752941 0.752941 0.752941
vn -0.387989 0.736841 0.553651
v 14.544978 19.646156 439.301971 0.752941 0.752941 0.752941
vn -0.290320 0.693737 0.659123
v 16.303770 19.686268 439.800049 0.752941 0.752941 0.752941
vn -0.332877 0.651698 0.681530
v 17.106087 20.717218 439.208588 0.752941 0.752941 0.752941
vn -0.109474 -0.260288 0.959305
v 23.345772 17.361795 465.111359 0.752941 0.752941 0.752941
vn -0.240452 -0.646697 -0.723855
v 11.384134 13.835374 439.167297 0.752941 0.752941 0.752941
vn -0.871428 0.463814 -0.159655
v 26.582067 23.859415 464.876831 0.752941 0.752941 0.752941
vn 0.168288 -0.804433 -0.569707
v 31.101976 1.569864 439.176880 0.752941 0.752941 0.752941
vn 0.010819 -0.287558 0.957702
v 24.377771 17.991800 465.221832 0.752941 0.752941 0.752941
vn -0.896133 0.442549 -0.033108
v 28.295204 27.177589 465.267090 0.752941 0.752941 0.752941
vn -0.747066 0.012838 0.664626
v 22.833492 17.551685 464.974274 0.752941 0.752941 0.752941
vn -0.244393 0.448656 -0.859639
v 25.120581 6.525461 439.252930 0.752941 0.752941 0.752941
vn 0.468327 -0.569867 -0.675220
v 20.408844 16.715977 439.395508 0.752941 0.752941 0.752941
vn 0.424575 -0.582350 -0.693256
v 19.541809 16.268921 439.222961 0.752941 0.752941 0.752941
vn -0.087437 0.993849 -0.067962
v 30.866283 30.266642 464.942413 0.752941 0.752941 0.752941
vn 0.276069 -0.764769 -0.582163
v 17.103743 15.030471 439.080048 0.752941 0.752941 0.752941
vn 0.004486 0.722739 -0.691107
v 25.902510 6.478944 439.148712 0.752941 0.752941 0.752941
vn -0.256156 -0.435944 -0.862749
v 30.729063 1.762609 439.163635 0.752941 0.752941 0.752941
vn 0.342037 -0.728440 -0.593621
v 17.609852 15.064577 439.344666 0.752941 0.752941 0.752941
vn 0.921897 -0.387193 0.013712
v 31.569817 1.825080 439.294678 0.752941 0.752941 0.752941
vn 0.641704 -0.329234 -0.692691
v 24.841251 22.142267 439.149658 0.752941 0.752941 0.752941
vn 0.584542 -0.391517 -0.710651
v 24.614084 21.975105 439.033661 0.752941 0.752941 0.752941
vn 0.455156 -0.484706 -0.746922
v 20.987625 17.687487 439.043182 0.752941 0.752941 0.752941
vn 0.648347 -0.170599 -0.741985
v 24.979595 22.585346 439.110321 0.752941 0.752941 0.752941
vn -0.027052 0.776714 -0.629272
v 26.559099 6.454469 439.168488 0.752941 0.752941 0.752941
vn -0.384643 -0.472202 -0.793143
v 29.438318 3.580859 439.164642 0.752941 0.752941 0.752941
vn -0.414951 -0.342759 -0.842812
v 30.457197 1.850350 439.241821 0.752941 0.752941 0.752941
vn 0.938050 -0.126715 0.322497
v 32.057808 28.691748 465.068085 0.752941 0.752941 0.752941
vn -0.287003 -0.528249 -0.799113
v 27.618523 4.925323 438.961670 0.752941 0.752941 0.752941
vn 0.282004 -0.747872 -0.600967
v 16.497877 14.810659 439.144897 0.752941 0.752941 0.752941
vn -0.518372 -0.248286 -0.818318
v 11.145707 14.106633 439.137146 0.752941 0.752941 0.752941
vn -0.602666 0.338447 0.722666
v 25.265720 20.900867 464.863739 0.752941 0.752941 0.752941
vn -0.324096 -0.231568 -0.917245
v 24.927736 5.847786 439.266235 0.752941 0.752941 0.752941
vn 0.338142 -0.679487 -0.651120
v 18.423338 15.554250 439.267883 0.752941 0.752941 0.752941
vn -0.421732 -0.396517 -0.815424
v 29.872318 2.988055 439.316559 0.752941 0.752941 0.752941
vn 0.125243 0.953237 -0.275050
v 31.076488 6.607028 439.612854 0.752941 0.752941 0.752941
vn -0.814639 0.297993 -0.497557
v 12.876940 17.663931 439.283966 0.752941 0.752941 0.752941
vn -0.144271 0.636328 -0.757808
v 28.048508 6.203964 438.676788 0.752941 0.752941 0.752941
vn -0.409699 0.778864 0.474887
v 19.998810 22.419550 439.119843 0.752941 0.752941 0.752941
vn -0.251442 0.700711 0.667668
v 15.486382 19.808422 439.345245 0.752941 0.752941 0.752941
vn 0.153253 -0.871639 -0.465575
v 13.817562 14.016681 439.274200 0.752941 0.752941 0.752941
vn 0.028665 -0.892028 -0.451070
v 30.787447 1.395537 439.413483 0.752941 0.752941 0.752941
vn 0.242682 -0.787470 -0.566565
v 15.400399 14.367327 439.253448 0.752941 0.752941 0.752941
vn -0.260023 0.701287 0.663765
v 15.952594 19.825481 439.561646 0.752941 0.752941 0.752941
vn -0.856864 0.333416 -0.393214
v 26.856894 24.458426 464.744934 0.752941 0.752941 0.752941
vn 0.500227 -0.459533 -0.733895
v 21.563190 18.090572 439.173340 0.752941 0.752941 0.752941
vn -0.222796 -0.500309 -0.836692
v 26.567068 5.145917 439.216797 0.752941 0.752941 0.752941
vn 0.186711 -0.866425 -0.463083
v 14.992757 14.149002 439.451111 0.752941 0.752941 0.752941
vn -0.252212 -0.615201 -0.746938
v 27.907907 4.522094 439.276886 0.752941 0.752941 0.752941
vn 0.278795 -0.793212 -0.541376
v 17.163784 14.837786 439.459717 0.752941 0.752941 0.752941
vn 0.569670 -0.471772 -0.672984
v 23.754675 20.783957 439.094269 0.752941 0.752941 0.752941
vn 0.629881 -0.444954 -0.636605
v 24.855637 21.622360 439.499573 0.752941 0.752941 0.752941
vn 0.555166 -0.462746 -0.691127
v 23.185709 19.722803 439.356293 0.752941 0.752941 0.752941
vn 0.930800 -0.153190 0.331880
v 31.589853 26.069260 465.361389 0.752941 0.752941 0.752941
vn 0.530567 -0.445826 -0.720929
v 21.975580 18.496662 439.223053 0.752941 0.752941 0.752941
vn 0.958350 -0.076472 0.275167
v 31.328514 5.532691 440.095642 0.752941 0.752941 0.752941
vn -0.121880 0.708251 -0.695360
v 24.842735 6.692852 439.479248 0.752941 0.752941 0.752941
vn 0.545374 0.813179 -0.203241
v 31.452742 6.393292 439.225067 0.752941 0.752941 0.752941
vn 0.808418 0.551193 0.206508
v 31.958082 30.141968 465.092316 0.752941 0.752941 0.752941
vn 0.957877 -0.003812 0.287155
v 32.278889 29.097656 464.588898 0.752941 0.752941 0.752941
vn -0.363957 -0.555010 -0.747997
v 28.827379 4.033103 439.174408 0.752941 0.752941 0.752941
vn -0.528919 -0.165212 -0.832436
v 30.116072 2.156083 439.406372 0.752941 0.752941 0.752941
vn -0.253750 0.123288 -0.959381
v 24.295845 6.511633 439.431610 0.752941 0.752941 0.752941
vn 0.362801 -0.672066 -0.645525
v 19.161489 15.714981 439.482697 0.752941 0.752941 0.752941
vn 0.084846 0.992079 0.092629
v 31.654028 30.344316 464.851990 0.752941 0.752941 0.752941
vn 0.052787 0.919300 -0.390000
v 28.563534 6.559267 439.367493 0.752941 0.752941 0.752941
vn -0.639025 0.675958 0.367054
v 13.947094 19.276241 439.218719 0.752941 0.752941 0.752941
vn 0.921379 -0.224319 0.317400
v 31.508936 24.941347 464.977173 0.752941 0.752941 0.752941
vn -0.236575 0.969311 0.066855
v 22.290670 23.268875 439.381989 0.752941 0.752941 0.752941
vn 0.354203 -0.689667 -0.631585
v 18.180561 15.371613 439.340942 0.752941 0.752941 0.752941
vn 0.596274 0.168733 -0.784848
v 25.173620 22.858200 439.285828 0.752941 0.752941 0.752941
vn 0.225377 -0.222551 0.948513
v 26.904507 17.432304 464.888214 0.752941 0.752941 0.752941
vn -0.406460 -0.510382 -0.757826
v 10.936339 13.708920 439.460114 0.752941 0.752941 0.752941
vn -0.257573 0.230897 -0.938266
v 24.890963 6.254056 439.264954 0.752941 0.752941 0.752941
vn -0.053070 0.672341 -0.738337
v 24.386641 6.712856 439.514709 0.752941 0.752941 0.752941
vn -0.555698 -0.325831 -0.764875
v 30.085667 1.801466 439.504639 0.752941 0.752941 0.752941
vn -0.018394 -0.345324 0.938303
v 26.242912 16.792849 464.697693 0.752941 0.752941 0.752941
vn 0.435936 -0.314289 0.843316
v 27.540854 16.264967 464.535217 0.752941 0.752941 0.752941
vn -0.344925 -0.365545 -0.864525
v 24.382519 5.938842 439.450470 0.752941 0.752941 0.752941
vn -0.414481 0.699051 0.582695
v 19.284374 21.916756 439.286835 0.752941 0.752941 0.752941
vn -0.800888 0.530681 -0.277410
v 27.140114 25.158121 464.839447 0.752941 0.752941 0.752941
vn -0.439828 -0.465947 0.767753
v 23.212894 16.636421 464.709076 0.752941 0.752941 0.752941
vn -0.034783 -0.942940 -0.331141
v 30.563519 1.351378 439.476440 0.752941 0.752941 0.752941
vn -0.760011 0.635139 -0.137772
v 29.551655 29.470123 464.560364 0.752941 0.752941 0.752941
vn -0.826604 0.379761 0.415340
v 25.842354 22.560276 464.753326 0.752941 0.752941 0.752941
vn 0.346657 -0.747973 -0.566009
v 18.096268 15.065830 439.648193 0.752941 0.752941 0.752941
vn -0.301928 -0.561240 -0.770616
v 25.224976 5.241239 439.562195 0.752941 0.752941 0.752941
vn -0.023975 0.770341 -0.637181
v 25.568672 6.546775 439.215332 0.752941 0.752941 0.752941
vn -0.655930 0.676566 0.334684
v 13.661527 18.975145 439.250702 0.752941 0.752941 0.752941
vn 0.533300 -0.818037 -0.215421
v 31.434946 1.616511 439.276367 0.752941 0.752941 0.752941
vn 0.026960 0.905535 -0.423413
v 27.171871 6.923685 440.177948 0.752941 0.752941 0.752941
vn 0.138935 0.881388 -0.451499
v 24.801968 23.461142 439.603851 0.752941 0.752941 0.752941
vn 0.008377 0.907413 -0.420156
v 27.806658 6.605643 439.556976 0.752941 0.752941 0.752941
vn -0.728648 0.486982 -0.481581
v 11.977450 15.788496 439.489197 0.752941 0.752941 0.752941
vn 0.934533 0.253669 0.249600
v 32.238831 29.657673 464.585938 0.752941 0.752941 0.752941
vn -0.466457 0.702596 0.537379
v 20.930952 22.318953 440.065430 0.752941 0.752941 0.752941
vn -0.483015 -0.249022 -0.839455
v 30.057739 2.642851 439.342163 0.752941 0.752941 0.752941
vn -0.511546 -0.272841 -0.814788
v 29.522488 2.420175 439.728027 0.752941 0.752941 0.752941
vn -0.785026 0.381913 -0.487726
v 27.168264 23.986599 464.174194 0.752941 0.752941 0.752941
vn 0.271298 -0.814983 -0.512055
v 16.498508 14.479352 439.568390 0.752941 0.752941 0.752941
vn -0.767032 0.389315 0.509995
v 23.269577 19.748243 463.976837 0.752941 0.752941 0.752941
vn -0.335609 0.680003 0.651892
v 16.930882 20.275776 439.535614 0.752941 0.752941 0.752941
vn 0.511000 0.465566 -0.722584
v 25.508953 23.200773 439.686188 0.752941 0.752941 0.752941
vn 0.597124 -0.472259 -0.648393
v 24.379671 20.930264 439.520142 0.752941 0.752941 0.752941
vn -0.547035 0.323214 0.772195
v 24.196867 19.921469 464.597504 0.752941 0.752941 0.752941
vn 0.800893 0.561537 0.207958
v 31.493176 6.387925 439.805969 0.752941 0.752941 0.752941
vn 0.333534 -0.918267 0.213405
v 30.853579 1.467828 439.472473 0.752941 0.752941 0.752941
vn 0.618997 -0.348085 0.704046
v 27.552736 18.697931 464.633270 0.752941 0.752941 0.752941
vn 0.649806 -0.383832 -0.656067
v 25.409010 22.152023 439.692261 0.752941 0.752941 0.752941
vn 0.797283 -0.449958 0.402340
v 27.964348 19.958763 465.081635 0.752941 0.752941 0.752941
vn 0.799167 -0.357252 0.483429
v 27.972082 19.347422 464.823425 0.752941 0.752941 0.752941
vn 0.618077 -0.082358 0.781792
v 27.355457 17.703400 464.736145 0.752941 0.752941 0.752941
vn 0.800087 -0.119443 0.587873
v 27.897364 18.592512 464.352753 0.752941 0.752941 0.752941
vn 0.614104 -0.450933 -0.647716
v 24.494259 20.517553 439.961517 0.752941 0.752941 0.752941
vn 0.548525 -0.444289 -0.708327
v 22.732962 18.687737 439.646088 0.752941 0.752941 0.752941
vn -0.198382 -0.560046 -0.804359
v 27.331455 4.348422 439.544769 0.752941 0.752941 0.752941
vn 0.480141 -0.519330 -0.706938
v 21.449612 17.365330 439.540375 0.752941 0.752941 0.752941
vn -0.214815 0.470431 -0.855891
v 23.647665 6.743012 439.678375 0.752941 0.752941 0.752941
vn -0.264613 -0.559954 -0.785131
v 26.376112 4.671606 439.625610 0.752941 0.752941 0.752941
vn -0.785041 0.502868 -0.361710
v 12.040943 16.146940 440.094696 0.752941 0.752941 0.752941
vn -0.847490 0.430295 -0.310817
v 12.429010 17.030701 440.115295 0.752941 0.752941 0.752941
vn -0.845647 0.533146 -0.025237
v 12.735618 17.755598 439.735535 0.752941 0.752941 0.752941
vn -0.866801 0.470906 -0.164024
v 27.734386 26.097307 464.959839 0.752941 0.752941 0.752941
vn -0.030419 0.967372 -0.251528
v 23.508984 23.448431 439.322937 0.752941 0.752941 0.752941
vn -0.705537 0.284634 0.649000
v 25.877731 22.024105 464.969208 0.752941 0.752941 0.752941
vn -0.348373 0.687081 0.637617
v 17.613258 20.197432 439.966309 0.752941 0.752941 0.752941
vn -0.341471 -0.902738 -0.261652
v 30.277271 1.335990 439.600311 0.752941 0.752941 0.752941
vn -0.480995 -0.412573 -0.773581
v 28.884460 2.991044 439.912781 0.752941 0.752941 0.752941
vn 0.048543 0.885539 -0.462021
v 24.713917 6.882977 439.862427 0.752941 0.752941 0.752941
vn -0.665491 0.563102 -0.489937
v 26.568623 23.495604 464.525482 0.752941 0.752941 0.752941
vn 0.523541 -0.462659 -0.715438
v 22.169092 18.106382 439.595062 0.752941 0.752941 0.752941
vn -0.354247 -0.164871 -0.920503
v 23.795362 6.192218 439.597107 0.752941 0.752941 0.752941
vn -0.583177 -0.301672 -0.754254
v 29.829025 2.012439 439.643890 0.752941 0.752941 0.752941
vn -0.615751 -0.159031 -0.771725
v 10.518364 13.849669 439.636414 0.752941 0.752941 0.752941
vn 0.547456 -0.454881 -0.702407
v 22.990318 19.317411 439.463745 0.752941 0.752941 0.752941
vn -0.472792 -0.360206 -0.804188
v 29.454519 2.913616 439.594330 0.752941 0.752941 0.752941
vn -0.354010 -0.144901 -0.923948
v 23.249954 6.396381 439.780396 0.752941 0.752941 0.752941
vn 0.452703 -0.583226 -0.674468
v 20.783535 16.722242 439.653564 0.752941 0.752941 0.752941
vn 0.669643 -0.189877 -0.718001
v 25.535921 22.582468 439.614594 0.752941 0.752941 0.752941
vn 0.643970 0.085341 -0.760276
v 25.564529 22.883120 439.594055 0.752941 0.752941 0.752941
vn 0.884593 -0.348225 0.310216
v 31.266251 23.612572 464.548340 0.752941 0.752941 0.752941
vn 0.661947 0.749481 0.010200
v 31.373165 6.526479 439.711792 0.752941 0.752941 0.752941
vn -0.346110 0.700284 0.624348
v 17.131674 20.075409 439.881378 0.752941 0.752941 0.752941
vn 0.524334 -0.501663 -0.688046
v 22.418694 17.715139 440.026886 0.752941 0.752941 0.752941
vn 0.693071 -0.026324 0.720389
v 27.867310 16.960562 464.443787 0.752941 0.752941 0.752941
vn 0.663710 0.167319 -0.729036
v 25.940689 23.044968 439.959290 0.752941 0.752941 0.752941
vn -0.524138 -0.814640 -0.248277
v 29.913124 1.526663 439.853333 0.752941 0.752941 0.752941
vn 0.554933 -0.735282 0.389115
v 31.263165 1.619590 439.835876 0.752941 0.752941 0.752941
vn -0.865045 0.403564 -0.298049
v 28.857252 28.175318 464.648529 0.752941 0.752941 0.752941
vn -0.008304 0.936495 -0.350584
v 29.524706 6.480860 439.430878 0.752941 0.752941 0.752941
vn -0.379389 0.697026 0.608455
v 14.361811 19.094870 439.743774 0.752941 0.752941 0.752941
vn 0.052814 0.899937 -0.432810
v 26.067711 6.871242 439.874969 0.752941 0.752941 0.752941
vn -0.003369 0.950885 -0.309526
v 30.678431 6.654224 439.873260 0.752941 0.752941 0.752941
vn 0.585826 -0.742947 0.323787
v 29.591553 20.931660 464.198853 0.752941 0.752941 0.752941
vn -0.723431 0.670821 -0.163242
v 25.906981 22.724442 464.418121 0.752941 0.752941 0.752941
vn -0.880108 0.379781 -0.284913
v 28.405327 27.150875 464.669525 0.752941 0.752941 0.752941
vn -0.835849 0.418471 -0.355301
v 28.131994 26.547176 464.694794 0.752941 0.752941 0.752941
vn -0.600624 0.427034 0.675938
v 24.795286 21.588293 464.415100 0.752941 0.752941 0.752941
vn 0.325066 -0.783040 -0.530264
v 18.479906 14.912608 440.083496 0.752941 0.752941 0.752941
vn 0.438558 -0.662569 -0.607181
v 19.887239 15.855066 439.736725 0.752941 0.752941 0.752941
vn 0.307779 -0.779233 -0.545955
v 17.633289 14.847088 439.644836 0.752941 0.752941 0.752941
vn 0.237242 -0.855850 -0.459606
v 15.659460 14.115018 439.822754 0.752941 0.752941 0.752941
vn 0.944812 0.300219 0.131144
v 31.620285 6.184882 439.568237 0.752941 0.752941 0.752941
vn 0.483173 -0.600130 -0.637486
v 20.386616 16.215815 439.866058 0.752941 0.752941 0.752941
vn -0.457632 0.682239 0.570196
v 20.545929 22.118895 439.993011 0.752941 0.752941 0.752941
vn -0.222669 -0.531615 -0.817193
v 27.106056 3.929369 439.823486 0.752941 0.752941 0.752941
vn -0.147212 -0.581585 -0.800055
v 27.597927 3.761888 439.870728 0.752941 0.752941 0.752941
vn -0.670995 0.685581 0.282391
v 25.453436 22.302485 464.474976 0.752941 0.752941 0.752941
vn -0.365088 -0.570798 -0.735459
v 24.194458 5.206398 440.000031 0.752941 0.752941 0.752941
vn 0.897308 -0.261628 0.355512
v 27.968845 18.964804 464.380615 0.752941 0.752941 0.752941
vn -0.183399 0.369473 -0.910964
v 23.150137 6.830659 439.857086 0.752941 0.752941 0.752941
vn -0.416729 0.647010 0.638525
v 18.979521 20.912518 440.080017 0.752941 0.752941 0.752941
vn -0.475905 0.639750 0.603519
v 20.092155 21.302471 440.496002 0.752941 0.752941 0.752941
vn 0.349871 -0.723345 -0.595284
v 18.612503 15.193596 439.783691 0.752941 0.752941 0.752941
vn 0.380680 -0.717576 -0.583239
v 19.026890 15.367129 439.846954 0.752941 0.752941 0.752941
vn -0.274760 -0.515088 -0.811906
v 25.439194 4.546712 440.029510 0.752941 0.752941 0.752941
vn 0.117337 -0.914482 0.387239
v 30.553844 1.524646 440.017792 0.752941 0.752941 0.752941
vn 0.512773 -0.554248 -0.655647
v 21.770102 17.184090 439.955139 0.752941 0.752941 0.752941
vn 0.918092 -0.276592 0.283909
v 31.584719 24.029951 463.968933 0.752941 0.752941 0.752941
vn -0.522895 -0.536831 -0.662113
v 10.133480 13.528632 440.108978 0.752941 0.752941 0.752941
vn -0.195244 -0.552859 -0.810078
v 26.950977 3.590848 440.116974 0.752941 0.752941 0.752941
vn 0.967499 0.007502 0.252763
v 31.360638 3.950500 439.977600 0.752941 0.752941 0.752941
vn -0.352826 -0.433910 -0.828997
v 23.130861 6.166584 439.919830 0.752941 0.752941 0.752941
vn 0.428082 -0.629825 -0.648126
v 20.932837 16.299488 440.147095 0.752941 0.752941 0.752941
vn 0.591676 -0.425445 -0.684775
v 23.438099 18.496403 440.356781 0.752941 0.752941 0.752941
vn 0.026021 -0.281810 0.959117
v 24.233463 15.454411 464.351776 0.752941 0.752941 0.752941
vn 0.922912 -0.170650 0.345127
v 31.405773 2.004310 439.861969 0.752941 0.752941 0.752941
vn -0.689055 0.511457 -0.513435
v 10.574823 14.308372 439.838196 0.752941 0.752941 0.752941
vn -0.279616 0.958026 0.063249
v 23.080803 23.420572 439.886688 0.752941 0.752941 0.752941
vn -0.348544 -0.449770 0.822328
v 23.704029 15.680641 464.367004 0.752941 0.752941 0.752941
vn 0.955759 -0.050500 0.289785
v 31.338482 2.872318 440.214294 0.752941 0.752941 0.752941
vn 0.965594 0.001039 0.260051
v 31.551023 3.259518 439.375580 0.752941 0.752941 0.752941
vn 0.809931 -0.502951 0.301748
v 30.590521 22.151888 464.471283 0.752941 0.752941 0.752941
vn 0.588608 -0.461071 -0.664044
v 23.666676 19.231112 440.066223 0.752941 0.752941 0.752941
vn -0.951058 -0.220750 0.216235
v 22.614500 17.331873 464.363403 0.752941 0.752941 0.752941
vn 0.572465 -0.452142 -0.683997
v 23.631142 19.619394 439.765961 0.752941 0.752941 0.752941
vn 0.842432 0.022064 0.538350
v 27.901093 17.844925 464.223389 0.752941 0.752941 0.752941
vn 0.038853 0.917071 -0.396826
v 25.458282 7.027864 440.201752 0.752941 0.752941 0.752941
vn -0.810683 -0.470678 0.348218
v 23.077400 16.363117 464.315369 0.752941 0.752941 0.752941
vn 0.587492 -0.446006 -0.675228
v 23.464863 18.927986 440.090851 0.752941 0.752941 0.752941
vn -0.221958 -0.524515 -0.821960
v 25.903242 4.141176 440.111725 0.752941 0.752941 0.752941
vn 0.941964 0.253947 0.219578
v 32.327374 29.604231 464.353180 0.752941 0.752941 0.752941
vn -0.401566 -0.481799 -0.778855
v 23.594917 5.779848 439.910065 0.752941 0.752941 0.752941
vn 0.696124 -0.130865 -0.705894
v 25.926878 22.803812 439.943878 0.752941 0.752941 0.752941
vn -0.195350 -0.157876 -0.967943
v 22.220604 6.593651 440.023010 0.752941 0.752941 0.752941
vn -0.272574 -0.148607 -0.950589
v 22.823282 6.506119 439.931396 0.752941 0.752941 0.752941
vn 0.240592 0.791681 -0.561567
v 25.306683 23.489532 439.822998 0.752941 0.752941 0.752941
vn -0.193196 0.298096 -0.934780
v 21.982733 6.981860 440.085602 0.752941 0.752941 0.752941
vn -0.071138 0.573251 -0.816286
v 22.664272 7.034660 439.981384 0.752941 0.752941 0.752941
vn -0.635247 0.720764 0.277418
v 13.486914 18.382929 439.948395 0.752941 0.752941 0.752941
vn 0.017118 0.871740 -0.489669
v 24.078140 7.054151 440.035309 0.752941 0.752941 0.752941
vn -0.545530 -0.785250 -0.292881
v 29.049732 2.088772 440.255249 0.752941 0.752941 0.752941
vn 0.638846 -0.439975 -0.631109
v 25.121073 20.803686 440.331787 0.752941 0.752941 0.752941
vn 0.644332 -0.452151 -0.616762
v 25.455524 21.719795 440.051819 0.752941 0.752941 0.752941
vn 0.729085 0.680708 0.071209
v 32.067768 30.053183 464.435577 0.752941 0.752941 0.752941
vn -0.334846 -0.563126 -0.755492
v 28.254877 3.520884 439.924683 0.752941 0.752941 0.752941
vn -0.281521 -0.517732 -0.807898
v 26.398891 4.036927 440.045135 0.752941 0.752941 0.752941
vn -0.399141 -0.518488 -0.756212
v 23.524778 5.268520 440.386688 0.752941 0.752941 0.752941
vn 0.047744 0.902394 -0.428258
v 27.693752 6.987692 440.294403 0.752941 0.752941 0.752941
vn -0.624318 -0.673755 -0.395324
v 29.341806 1.864787 440.071472 0.752941 0.752941 0.752941
vn 0.072449 0.904820 -0.419584
v 24.804682 7.168369 440.407257 0.752941 0.752941 0.752941
vn 0.188707 -0.921897 -0.338373
v 15.507376 13.795232 440.462036 0.752941 0.752941 0.752941
vn -0.022267 -0.324741 0.945541
v 24.606340 14.811922 464.115112 0.752941 0.752941 0.752941
vn -0.746924 -0.015418 -0.664731
v 9.906559 13.719838 440.182648 0.752941 0.752941 0.752941
vn -0.021925 0.954464 -0.297520
v 25.256762 23.828640 440.617401 0.752941 0.752941 0.752941
vn -0.287847 -0.293482 -0.911599
v 21.788086 6.681392 440.108368 0.752941 0.752941 0.752941
vn 0.870972 0.476093 0.121423
v 31.172226 6.643162 440.564056 0.752941 0.752941 0.752941
vn 0.136328 -0.133725 0.981597
v 25.470657 14.815091 463.959808 0.752941 0.752941 0.752941
vn -0.985669 0.168688 -0.000117
v 22.746349 18.481211 463.693298 0.752941 0.752941 0.752941
vn -0.527558 -0.365096 -0.767064
v 29.077837 2.421915 439.977966 0.752941 0.752941 0.752941
vn 0.560174 -0.444011 -0.699327
v 22.812256 18.258360 439.989594 0.752941 0.752941 0.752941
vn -0.280723 -0.520529 -0.806377
v 22.269550 6.268301 440.184723 0.752941 0.752941 0.752941
vn 0.390893 -0.741665 -0.545101
v 19.421080 15.284409 440.216339 0.752941 0.752941 0.752941
vn -0.356324 -0.481991 -0.800448
v 24.230064 4.814416 440.328949 0.752941 0.752941 0.752941
vn -0.352964 -0.507894 0.785786
v 24.111261 15.143745 464.221405 0.752941 0.752941 0.752941
vn -0.772174 0.493988 -0.399653
v 27.780819 25.526203 464.456757 0.752941 0.752941 0.752941
vn 0.063488 -0.341630 0.937688
v 24.467205 16.492214 464.567169 0.752941 0.752941 0.752941
vn 0.923721 0.223420 0.311164
v 31.379381 6.210003 440.300934 0.752941 0.752941 0.752941
vn 0.373627 -0.749553 -0.546418
v 18.979095 15.125731 440.082123 0.752941 0.752941 0.752941
vn 0.004251 0.837062 -0.547091
v 23.400175 7.060060 440.121857 0.752941 0.752941 0.752941
vn 0.413859 0.907593 -0.070688
v 31.914579 30.169640 464.176880 0.752941 0.752941 0.752941
vn 0.573804 -0.453651 -0.681872
v 23.274773 17.931259 440.554108 0.752941 0.752941 0.752941
vn 0.609197 -0.448696 -0.653874
v 24.303814 19.976706 440.126648 0.752941 0.752941 0.752941
vn -0.384238 0.670854 0.634284
v 18.149345 20.354465 440.132446 0.752941 0.752941 0.752941
vn 0.621522 -0.441486 -0.647148
v 25.641689 21.615808 440.327606 0.752941 0.752941 0.752941
vn -0.669290 0.695341 0.261824
v 25.041853 21.982969 464.320892 0.752941 0.752941 0.752941
vn 0.476391 -0.592355 -0.649743
v 21.389399 16.525528 440.229340 0.752941 0.752941 0.752941
vn -0.239178 0.195042 -0.951185
v 21.220432 7.006516 440.279327 0.752941 0.752941 0.752941
vn -0.435813 0.800593 0.411239
v 21.575325 22.795303 439.924438 0.752941 0.752941 0.752941
vn -0.197882 -0.913549 0.355346
v 29.820002 1.615306 440.172974 0.752941 0.752941 0.752941
vn -0.167361 0.980568 -0.102357
v 23.783627 23.586370 440.076080 0.752941 0.752941 0.752941
vn -0.206343 -0.813352 -0.543950
v 10.694338 13.403974 439.844177 0.752941 0.752941 0.752941
vn -0.320771 0.833269 0.450299
v 13.878400 18.530058 440.196442 0.752941 0.752941 0.752941
vn 0.135334 -0.936439 -0.323677
v 13.924019 13.713902 439.940033 0.752941 0.752941 0.752941
vn -0.268026 0.779902 0.565611
v 15.764025 18.731653 440.782562 0.752941 0.752941 0.752941
vn 0.265617 -0.791375 0.550611
v 30.609047 1.659677 440.198486 0.752941 0.752941 0.752941
vn -0.706972 0.572117 -0.415779
v 11.269890 14.943455 439.576080 0.752941 0.752941 0.752941
vn 0.462444 -0.687908 -0.559400
v 20.080185 15.736765 440.085907 0.752941 0.752941 0.752941
vn 0.938149 0.284086 0.197920
v 32.354309 29.599592 464.187225 0.752941 0.752941 0.752941
vn -0.277782 -0.405438 -0.870895
v 21.471970 6.551920 440.281952 0.752941 0.752941 0.752941
vn -0.344178 0.680074 0.647334
v 17.698381 19.761030 440.539673 0.752941 0.752941 0.752941
vn 0.385750 0.898806 -0.208195
v 30.973576 6.816102 440.391510 0.752941 0.752941 0.752941
vn -0.273078 -0.552864 -0.787255
v 21.919392 5.856651 440.662750 0.752941 0.752941 0.752941
vn -0.524088 -0.454517 0.720240
v 24.690037 14.119050 463.787048 0.752941 0.752941 0.752941
vn -0.160461 -0.159171 0.974124
v 24.997746 14.315989 464.001190 0.752941 0.752941 0.752941
vn -0.046394 0.799810 -0.598458
v 21.877922 7.197343 440.281677 0.752941 0.752941 0.752941
vn -0.186625 -0.561513 -0.806148
v 27.899904 3.089895 440.349976 0.752941 0.752941 0.752941
vn -0.663685 0.716119 0.216091
v 24.699621 21.691662 464.177185 0.752941 0.752941 0.752941
vn -0.452060 -0.438638 -0.776684
v 28.337627 2.955124 440.273895 0.752941 0.752941 0.752941
vn 0.508640 -0.552543 -0.660289
v 22.000845 17.002571 440.318817 0.752941 0.752941 0.752941
vn 0.364541 -0.756147 -0.543463
v 19.760256 15.247869 440.480499 0.752941 0.752941 0.752941
vn -0.440047 0.890856 -0.112842
v 30.292566 30.102985 464.812286 0.752941 0.752941 0.752941
vn -0.621790 0.429598 0.654845
v 24.097977 20.962172 464.166809 0.752941 0.752941 0.752941
vn 0.226994 0.831328 -0.507315
v 25.628513 23.668371 440.205872 0.752941 0.752941 0.752941
vn -0.012582 -0.377481 0.925932
v 25.949694 15.723311 464.205292 0.752941 0.752941 0.752941
vn -0.739141 0.423352 0.523874
v 23.606251 20.409252 464.060425 0.752941 0.752941 0.752941
vn -0.487173 -0.681620 -0.545946
v 28.640652 2.213389 440.419220 0.752941 0.752941 0.752941
vn -0.284362 -0.415037 -0.864224
v 24.931282 4.226327 440.330750 0.752941 0.752941 0.752941
vn -0.400379 -0.484884 -0.777550
v 28.185951 2.684507 440.517670 0.752941 0.752941 0.752941
vn 0.644737 -0.450827 -0.617308
v 25.066660 20.232431 440.715210 0.752941 0.752941 0.752941
vn 0.631366 -0.437090 -0.640569
v 25.210999 21.227377 440.165527 0.752941 0.752941 0.752941
vn -0.300483 0.080601 -0.950375
v 20.917496 6.914080 440.337341 0.752941 0.752941 0.752941
vn -0.155100 0.611418 -0.775959
v 21.007124 7.301939 440.444305 0.752941 0.752941 0.752941
vn 0.277286 -0.837451 -0.470944
v 17.232672 14.457044 440.013123 0.752941 0.752941 0.752941
vn -0.284486 -0.933840 0.216819
v 29.377520 2.011410 440.718658 0.752941 0.752941 0.752941
vn 0.061369 0.923632 -0.378335
v 25.893389 7.211558 440.701782 0.752941 0.752941 0.752941
vn 0.080486 0.916648 -0.391507
v 29.150293 6.696963 440.012970 0.752941 0.752941 0.752941
vn -0.746944 0.664252 -0.029051
v 13.030677 17.715036 440.638672 0.752941 0.752941 0.752941
vn -0.060253 0.975791 -0.210241
v 24.390306 23.682440 440.222900 0.752941 0.752941 0.752941
vn -0.559370 0.796817 0.228446
v 13.344916 18.230394 440.540283 0.752941 0.752941 0.752941
vn 0.135016 0.983468 -0.120673
v 31.618793 30.333939 464.430084 0.752941 0.752941 0.752941
vn -0.344280 0.706086 0.618800
v 17.198786 19.405622 440.610748 0.752941 0.752941 0.752941
vn 0.645235 -0.445195 -0.620865
v 25.820789 21.637663 440.468323 0.752941 0.752941 0.752941
vn 0.510457 -0.559187 -0.653256
v 22.563028 17.202085 440.601471 0.752941 0.752941 0.752941
vn 0.643416 -0.442962 -0.624340
v 25.577337 21.258329 440.499207 0.752941 0.752941 0.752941
vn -0.298261 0.129467 -0.945663
v 20.478230 7.074656 440.515900 0.752941 0.752941 0.752941
vn 0.668315 -0.374232 -0.642888
v 25.911072 22.242992 440.156616 0.752941 0.752941 0.752941
vn 0.013766 0.915192 -0.402782
v 22.963470 7.205256 440.320557 0.752941 0.752941 0.752941
vn 0.712835 -0.162390 -0.682272
v 26.662035 22.831827 440.661224 0.752941 0.752941 0.752941
vn 0.531001 0.485836 -0.694264
v 26.258957 23.478563 440.401306 0.752941 0.752941 0.752941
vn 0.524523 -0.519860 -0.674256
v 22.827896 17.619820 440.415222 0.752941 0.752941 0.752941
vn 0.312835 -0.824701 -0.471172
v 17.849384 14.583828 440.208527 0.752941 0.752941 0.752941
vn -0.331673 -0.316220 -0.888818
v 24.407888 4.129347 440.600586 0.752941 0.752941 0.752941
vn 0.237796 -0.322884 0.916078
v 26.708136 14.693623 463.780701 0.752941 0.752941 0.752941
vn 0.459274 -0.659996 -0.594535
v 21.360453 16.052631 440.676910 0.752941 0.752941 0.752941
vn 0.043280 0.903775 -0.425813
v 21.242348 7.450653 440.740387 0.752941 0.752941 0.752941
vn 0.387352 -0.764401 -0.515412
v 20.059149 15.245623 440.665161 0.752941 0.752941 0.752941
vn 0.038824 0.910796 -0.411027
v 22.557121 7.208228 440.315979 0.752941 0.752941 0.752941
vn -0.643365 0.748673 -0.159905
v 24.141792 21.312014 463.299622 0.752941 0.752941 0.752941
vn 0.094917 0.903980 -0.416905
v 25.158754 7.162208 440.513947 0.752941 0.752941 0.752941
vn -0.757281 0.424808 0.496048
v 23.106609 19.257460 464.151978 0.752941 0.752941 0.752941
vn -0.835381 0.362479 0.413217
v 22.881077 18.738892 464.245880 0.752941 0.752941 0.752941
vn -0.338527 -0.584766 -0.737189
v 22.695656 6.035693 440.248627 0.752941 0.752941 0.752941
vn 0.267626 -0.504741 0.820739
v 27.092360 15.547127 464.281799 0.752941 0.752941 0.752941
vn -0.206928 -0.359364 -0.909966
v 24.734890 3.747455 440.621643 0.752941 0.752941 0.752941
vn -0.281382 -0.523278 -0.804366
v 26.573784 3.448676 440.317657 0.752941 0.752941 0.752941
vn 0.434619 -0.679279 -0.591343
v 20.443432 15.621119 440.499359 0.752941 0.752941 0.752941
vn -0.254047 -0.241353 0.936594
v 25.141905 13.825790 464.017700 0.752941 0.752941 0.752941
vn -0.800276 -0.543046 0.254282
v 23.508688 15.410117 463.882629 0.752941 0.752941 0.752941
vn 0.725258 -0.614186 0.311089
v 30.253181 21.388594 463.862793 0.752941 0.752941 0.752941
vn 0.095576 -0.952579 -0.288893
v 11.317273 13.216549 440.657196 0.752941 0.752941 0.752941
vn 0.073176 -0.910312 -0.407403
v 11.813157 13.591923 439.534729 0.752941 0.752941 0.752941
vn -0.642577 0.765808 -0.025174
v 12.481759 17.311914 440.569275 0.752941 0.752941 0.752941
vn 0.680586 -0.522325 0.513790
v 31.160006 2.201143 440.537231 0.752941 0.752941 0.752941
vn -0.744932 0.498309 -0.443580
v 11.666791 16.130770 440.608917 0.752941 0.752941 0.752941
vn 0.036600 0.906146 -0.421379
v 23.903393 7.290271 440.537689 0.752941 0.752941 0.752941
vn 0.032102 0.912372 -0.408102
v 21.794941 7.491252 440.923187 0.752941 0.752941 0.752941
vn 0.012225 0.927539 -0.373525
v 23.063803 7.345207 440.772827 0.752941 0.752941 0.752941
vn -0.403657 -0.745365 -0.530558
v 28.186102 2.321195 440.724945 0.752941 0.752941 0.752941
vn 0.630231 -0.434342 -0.643549
v 24.522562 19.758083 440.491394 0.752941 0.752941 0.752941
vn -0.310496 -0.447419 -0.838695
v 22.984446 5.280165 440.617676 0.752941 0.752941 0.752941
vn -0.351935 -0.302462 -0.885810
v 23.827740 4.214379 440.811707 0.752941 0.752941 0.752941
vn -0.373559 0.673231 0.638134
v 18.217394 19.951097 440.607574 0.752941 0.752941 0.752941
vn -0.195128 -0.628244 -0.753149
v 27.084263 2.870933 440.559113 0.752941 0.752941 0.752941
vn 0.598705 -0.442692 -0.667515
v 24.142832 19.176733 440.565399 0.752941 0.752941 0.752941
vn 0.697651 -0.406124 -0.590209
v 26.287310 21.990467 440.748901 0.752941 0.752941 0.752941
vn -0.213480 -0.522812 -0.825284
v 25.844269 3.522540 440.556335 0.752941 0.752941 0.752941
vn -0.439374 0.838212 0.323034
v 22.741329 23.087702 440.693054 0.752941 0.752941 0.752941
vn 0.511643 -0.597491 -0.617436
v 22.176439 16.660984 440.698700 0.752941 0.752941 0.752941
vn 0.965719 -0.018623 0.258921
v 27.949127 18.469692 464.109589 0.752941 0.752941 0.752941
vn 0.657035 -0.444310 -0.609010
v 25.321615 20.610548 440.721954 0.752941 0.752941 0.752941
vn 0.617404 -0.402802 -0.675694
v 24.080872 18.711906 440.798553 0.752941 0.752941 0.752941
vn 0.942348 -0.128338 0.309045
v 32.205608 27.798758 464.303436 0.752941 0.752941 0.752941
vn -0.395517 -0.899692 -0.184720
v 28.387306 2.190341 440.713104 0.752941 0.752941 0.752941
vn -0.251265 -0.599629 -0.759810
v 26.360872 3.026575 440.707611 0.752941 0.752941 0.752941
vn -0.019821 0.916300 -0.400003
v 23.508778 7.369631 440.708405 0.752941 0.752941 0.752941
vn 0.108152 0.909394 -0.401630
v 30.114660 7.197552 441.190369 0.752941 0.752941 0.752941
vn 0.493361 -0.613426 -0.616687
v 21.858686 16.388836 440.717560 0.752941 0.752941 0.752941
vn -0.201048 -0.922734 -0.328848
v 27.127697 2.521582 440.927551 0.752941 0.752941 0.752941
vn -0.348222 -0.148570 -0.925564
v 20.103319 6.932009 440.652130 0.752941 0.752941 0.752941
vn -0.207164 -0.633174 -0.745770
v 27.853745 2.663652 440.636200 0.752941 0.752941 0.752941
vn -0.150739 -0.480257 -0.864078
v 25.099373 3.568447 440.642242 0.752941 0.752941 0.752941
vn -0.308050 -0.361636 -0.879957
v 23.398540 4.549375 440.848846 0.752941 0.752941 0.752941
vn -0.526488 0.660636 0.535136
v 21.969250 22.212196 441.155426 0.752941 0.752941 0.752941
vn -0.949594 0.312244 -0.027818
v 22.934725 19.204994 463.463959 0.752941 0.752941 0.752941
vn 0.826392 -0.482281 0.290655
v 28.357639 19.580009 463.508667 0.752941 0.752941 0.752941
vn -0.846835 0.404446 -0.345389
v 27.728001 25.087135 463.879883 0.752941 0.752941 0.752941
vn 0.076267 0.908845 -0.410104
v 28.765995 6.957877 440.437012 0.752941 0.752941 0.752941
vn 0.401554 -0.770526 0.495020
v 30.676346 2.249039 440.910339 0.752941 0.752941 0.752941
vn 0.067614 0.934440 -0.349644
v 30.600395 6.930996 440.543457 0.752941 0.752941 0.752941
vn 0.137494 -0.483237 0.864625
v 25.802507 13.529189 463.935669 0.752941 0.752941 0.752941
vn -0.978297 -0.107025 -0.177427
v 22.619556 17.401388 464.030945 0.752941 0.752941 0.752941
vn -0.734320 0.613359 0.290800
v 24.166986 21.304398 463.865265 0.752941 0.752941 0.752941
vn -0.937678 -0.338188 -0.079930
v 22.847599 16.781828 463.919220 0.752941 0.752941 0.752941
vn -0.836893 0.468764 -0.282614
v 28.267879 26.071463 463.771606 0.752941 0.752941 0.752941
vn -0.906902 -0.420976 0.017536
v 23.059494 16.242014 463.851959 0.752941 0.752941 0.752941
vn 0.973385 -0.002219 0.229165
v 31.272743 4.986863 440.310272 0.752941 0.752941 0.752941
vn -0.287227 0.361625 -0.886977
v 19.996792 7.266543 440.715393 0.752941 0.752941 0.752941
vn 0.392501 -0.713594 -0.580282
v 20.666397 15.492316 440.830872 0.752941 0.752941 0.752941
vn -0.274764 -0.480959 -0.832576
v 22.339127 5.684970 440.660950 0.752941 0.752941 0.752941
vn -0.499696 0.640808 0.582811
v 20.973383 21.773096 440.729919 0.752941 0.752941 0.752941
vn 0.945655 0.135839 0.295438
v 28.213999 17.667500 463.655182 0.752941 0.752941 0.752941
vn 0.033043 0.907267 -0.419256
v 24.455057 7.326262 440.730011 0.752941 0.752941 0.752941
vn 0.654915 -0.385177 -0.650173
v 24.902657 19.848993 440.832886 0.752941 0.752941 0.752941
vn -0.419547 0.678257 0.603281
v 18.950605 20.187065 440.821472 0.752941 0.752941 0.752941
vn 0.554572 -0.538575 -0.634340
v 23.204788 17.492670 440.821228 0.752941 0.752941 0.752941
vn 0.505274 -0.668171 -0.546119
v 21.989710 16.056580 441.248077 0.752941 0.752941 0.752941
vn 0.653055 -0.446019 -0.612034
v 25.487528 20.556881 440.916321 0.752941 0.752941 0.752941
vn 0.786411 0.612707 0.078412
v 32.372437 29.820444 463.596191 0.752941 0.752941 0.752941
vn 0.418683 0.664744 -0.618724
v 26.613688 23.691748 440.877563 0.752941 0.752941 0.752941
vn -0.233820 -0.918774 -0.318091
v 26.773743 2.615016 440.983612 0.752941 0.752941 0.752941
vn 0.045480 0.903080 -0.427058
v 24.339643 7.432834 440.951019 0.752941 0.752941 0.752941
vn 0.972198 -0.128368 0.195839
v 28.056438 18.905664 463.685028 0.752941 0.752941 0.752941
vn -0.248798 0.778749 0.575891
v 14.837225 18.803879 440.216644 0.752941 0.752941 0.752941
vn -0.544725 0.688623 0.478616
v 22.449556 22.722267 440.992004 0.752941 0.752941 0.752941
vn -0.837630 0.407613 -0.363632
v 28.630594 26.808937 463.915863 0.752941 0.752941 0.752941
vn -0.173081 -0.921426 -0.347876
v 25.742062 2.792408 441.229034 0.752941 0.752941 0.752941
vn -0.872679 0.480596 -0.086365
v 23.386663 20.290546 463.411316 0.752941 0.752941 0.752941
vn -0.720970 -0.622305 0.304859
v 23.923656 14.727668 463.618073 0.752941 0.752941 0.752941
vn 0.978397 -0.020221 0.205745
v 31.157238 4.918893 441.035736 0.752941 0.752941 0.752941
vn -0.355552 -0.443796 -0.822574
v 20.549885 6.631883 440.583160 0.752941 0.752941 0.752941
vn -0.312280 0.938386 -0.148032
v 31.345150 30.192858 464.368195 0.752941 0.752941 0.752941
vn 0.607418 -0.446881 -0.656766
v 24.577873 19.049896 440.990631 0.752941 0.752941 0.752941
vn 0.041832 0.936833 -0.347265
v 27.375315 7.289431 440.911438 0.752941 0.752941 0.752941
vn -0.399306 -0.437159 -0.805883
v 19.718321 6.834010 440.864075 0.752941 0.752941 0.752941
vn 0.090042 0.899258 -0.428050
v 22.800816 7.476767 440.962708 0.752941 0.752941 0.752941
vn -0.031406 0.924735 -0.379313
v 20.832668 7.558177 440.911865 0.752941 0.752941 0.752941
vn 0.638323 -0.379039 -0.669980
v 24.120447 18.534828 440.945892 0.752941 0.752941 0.752941
vn 0.646088 0.233471 -0.726679
v 26.902170 23.425503 440.889221 0.752941 0.752941 0.752941
vn -0.136384 -0.620299 -0.772417
v 25.307440 3.186558 440.854553 0.752941 0.752941 0.752941
vn -0.230405 -0.668521 -0.707102
v 25.760103 3.009167 440.860748 0.752941 0.752941 0.752941
vn 0.844465 -0.440247 0.305062
v 31.078218 22.573170 463.663483 0.752941 0.752941 0.752941
vn 0.442697 -0.234750 0.865397
v 26.745550 14.159383 463.722015 0.752941 0.752941 0.752941
vn 0.954684 0.197786 0.222395
v 32.467209 29.443756 463.910767 0.752941 0.752941 0.752941
vn -0.276984 -0.331992 -0.901699
v 22.011461 5.059561 441.014252 0.752941 0.752941 0.752941
vn -0.115342 0.693084 -0.711569
v 19.817457 7.559936 440.994537 0.752941 0.752941 0.752941
vn -0.315657 -0.594098 -0.739870
v 21.212046 6.099373 440.705017 0.752941 0.752941 0.752941
vn -0.220151 -0.288181 -0.931926
v 23.188936 4.533741 440.910706 0.752941 0.752941 0.752941
vn 0.622036 -0.439579 -0.647952
v 24.694183 19.404625 440.911346 0.752941 0.752941 0.752941
vn 0.661004 -0.451166 -0.599602
v 25.760780 21.168104 440.779602 0.752941 0.752941 0.752941
vn -0.287469 -0.305402 -0.907795
v 23.386436 3.967895 441.002594 0.752941 0.752941 0.752941
vn -0.327867 -0.329812 -0.885284
v 24.144508 3.601859 440.777100 0.752941 0.752941 0.752941
vn -0.287473 0.264904 -0.920427
v 19.238873 7.386695 440.994507 0.752941 0.752941 0.752941
vn 0.241074 0.840405 -0.485389
v 26.114620 23.837896 440.794800 0.752941 0.752941 0.752941
vn -0.026710 0.950600 -0.309267
v 27.803839 7.325493 441.112488 0.752941 0.752941 0.752941
vn 0.091353 0.933334 -0.347191
v 28.776388 7.447983 441.525208 0.752941 0.752941 0.752941
vn -0.425139 0.873941 0.235550
v 23.891022 23.493685 441.286285 0.752941 0.752941 0.752941
vn -0.274252 -0.947964 0.161711
v 28.211145 2.302685 440.937500 0.752941 0.752941 0.752941
vn 0.306574 -0.838824 -0.449873
v 18.318796 14.564226 440.548340 0.752941 0.752941 0.752941
vn 0.893912 -0.361410 0.265148
v 31.511915 23.302456 463.350739 0.752941 0.752941 0.752941
vn 0.387734 0.916908 -0.094566
v 32.060810 30.056774 463.609680 0.752941 0.752941 0.752941
vn -0.351521 -0.528624 -0.772651
v 19.987429 6.242720 441.188904 0.752941 0.752941 0.752941
vn -0.195091 -0.667593 -0.718512
v 24.562386 3.195512 440.870331 0.752941 0.752941 0.752941
vn 0.932481 -0.220980 0.285740
v 31.744606 24.872818 464.197815 0.752941 0.752941 0.752941
vn 0.953499 -0.154496 0.258788
v 32.194424 26.296356 463.567596 0.752941 0.752941 0.752941
vn 0.871390 0.490337 0.015791
v 31.076000 6.800914 440.806366 0.752941 0.752941 0.752941
vn 0.022994 0.899575 -0.436161
v 24.648584 7.448238 440.960266 0.752941 0.752941 0.752941
vn 0.637275 -0.392942 -0.662931
v 24.021164 18.400379 440.911438 0.752941 0.752941 0.752941
vn 0.727528 -0.244825 -0.640909
v 27.099199 22.844652 441.157990 0.752941 0.752941 0.752941
vn -0.229929 -0.213700 -0.949455
v 22.431524 4.551365 441.066101 0.752941 0.752941 0.752941
vn 0.410470 -0.761067 -0.502286
v 20.302731 15.231974 440.910553 0.752941 0.752941 0.752941
vn 0.422560 -0.740203 -0.523012
v 20.991491 15.488122 441.023804 0.752941 0.752941 0.752941
vn 0.480903 -0.726479 -0.490877
v 21.294310 15.545885 441.253204 0.752941 0.752941 0.752941
vn -0.363213 0.053654 -0.930160
v 19.346590 7.154739 440.914459 0.752941 0.752941 0.752941
vn -0.363316 -0.409067 -0.837058
v 21.405266 5.487582 441.125763 0.752941 0.752941 0.752941
vn -0.120958 0.749103 -0.651317
v 20.419306 7.440703 440.727570 0.752941 0.752941 0.752941
vn -0.606122 0.745242 -0.277905
v 26.294859 22.558353 463.118164 0.752941 0.752941 0.752941
vn 0.604165 -0.474766 -0.639986
v 23.781759 17.998419 440.969208 0.752941 0.752941 0.752941
vn 0.035539 0.890068 -0.454441
v 19.714392 7.704619 441.249664 0.752941 0.752941 0.752941
vn -0.971622 -0.142074 -0.189117
v 22.864193 17.349977 463.232239 0.752941 0.752941 0.752941
vn -0.470831 0.642954 0.604093
v 19.477964 20.636234 440.717316 0.752941 0.752941 0.752941
vn 0.503417 -0.664886 -0.551813
v 22.558983 16.497169 441.264038 0.752941 0.752941 0.752941
vn 0.675049 -0.440895 -0.591540
v 25.997210 20.818657 441.302032 0.752941 0.752941 0.752941
vn 0.533677 -0.608962 -0.586818
v 22.994699 16.838728 441.228821 0.752941 0.752941 0.752941
vn -0.077734 0.748755 -0.658273
v 19.097652 7.721581 441.242310 0.752941 0.752941 0.752941
vn 0.642828 -0.355527 0.678507
v 28.048553 16.029610 463.847961 0.752941 0.752941 0.752941
vn 0.500790 -0.369163 0.782897
v 28.509052 15.484749 463.226715 0.752941 0.752941 0.752941
vn -0.504249 -0.694304 0.513493
v 24.925640 13.540895 463.686737 0.752941 0.752941 0.752941
vn 0.584607 -0.461509 -0.667266
v 24.329153 18.929316 440.873444 0.752941 0.752941 0.752941
vn 0.067749 0.911041 -0.406712
v 28.097237 7.179095 440.828613 0.752941 0.752941 0.752941
vn -0.332040 0.787941 0.518554
v 17.305405 18.936375 441.322998 0.752941 0.752941 0.752941
vn 0.187947 -0.855713 0.482112
v 30.280073 2.030098 441.075439 0.752941 0.752941 0.752941
vn 0.379367 -0.787824 -0.485196
v 20.599203 15.272689 441.076874 0.752941 0.752941 0.752941
vn -0.029029 0.942226 -0.333719
v 20.813097 7.657316 441.236420 0.752941 0.752941 0.752941
vn 0.029389 0.915314 -0.401668
v 22.248375 7.485057 440.907501 0.752941 0.752941 0.752941
vn 0.609130 -0.444165 -0.657022
v 24.471893 18.729467 441.166534 0.752941 0.752941 0.752941
vn -0.221451 -0.971637 -0.082945
v 27.589577 2.434036 441.015381 0.752941 0.752941 0.752941
vn 0.051478 0.910825 -0.409570
v 24.157759 7.507298 441.057983 0.752941 0.752941 0.752941
vn 0.063037 0.922219 -0.381495
v 29.879147 7.280776 441.287750 0.752941 0.752941 0.752941
vn -0.551922 0.815207 0.175556
v 13.177910 17.994158 440.826813 0.752941 0.752941 0.752941
vn 0.185661 -0.968914 -0.163508
v 16.257318 13.650102 441.511322 0.752941 0.752941 0.752941
vn 0.022240 0.908352 -0.417616
v 26.577656 7.205236 440.870544 0.752941 0.752941 0.752941
vn 0.075273 0.898892 -0.431656
v 25.441195 7.250687 440.750000 0.752941 0.752941 0.752941
vn 0.944953 -0.251292 0.209563
v 28.124653 19.386543 463.994965 0.752941 0.752941 0.752941
vn 0.950874 -0.156902 0.266871
v 32.390671 27.267986 463.405975 0.752941 0.752941 0.752941
vn -0.347873 -0.727878 -0.590913
v 9.608367 13.176879 440.944672 0.752941 0.752941 0.752941
vn -0.006592 0.933584 -0.358298
v 21.137329 7.739513 441.423950 0.752941 0.752941 0.752941
vn 0.932411 0.357731 0.051361
v 31.058683 6.773883 441.223297 0.752941 0.752941 0.752941
vn 0.942388 -0.172616 0.286546
v 31.920486 25.686010 464.157806 0.752941 0.752941 0.752941
vn 0.966769 0.252652 0.039039
v 28.201885 17.681345 463.411316 0.752941 0.752941 0.752941
vn -0.318433 -0.217901 -0.922561
v 21.564255 4.988826 441.177917 0.752941 0.752941 0.752941
vn -0.189888 -0.347425 -0.918280
v 22.812716 4.095311 441.071198 0.752941 0.752941 0.752941
vn -0.403021 -0.327809 -0.854468
v 19.032030 7.044039 441.105560 0.752941 0.752941 0.752941
vn -0.449150 0.696238 0.559926
v 19.516319 20.281815 441.129578 0.752941 0.752941 0.752941
vn 0.656119 -0.387719 -0.647443
v 25.209126 19.920872 441.089233 0.752941 0.752941 0.752941
vn 0.002286 0.930934 -0.365181
v 27.191534 7.414499 441.260223 0.752941 0.752941 0.752941
vn 0.102445 0.904278 -0.414472
v 27.483511 7.493279 441.544891 0.752941 0.752941 0.752941
vn -0.037679 0.969195 -0.243396
v 31.859409 30.086256 463.637421 0.752941 0.752941 0.752941
vn -0.812121 0.466881 -0.349973
v 29.722416 28.755079 463.317261 0.752941 0.752941 0.752941
vn 0.644959 -0.407031 -0.646802
v 24.983686 19.629517 441.009888 0.752941 0.752941 0.752941
vn 0.661698 -0.684138 0.306775
v 28.817547 20.179440 463.601379 0.752941 0.752941 0.752941
vn -0.265282 -0.228352 -0.936740
v 21.851555 4.495063 441.244324 0.752941 0.752941 0.752941
vn 0.046168 0.888953 -0.455666
v 26.841400 7.493755 441.432526 0.752941 0.752941 0.752941
vn -0.297630 -0.482820 -0.823590
v 20.824411 5.769859 441.215515 0.752941 0.752941 0.752941
vn 0.360063 -0.826552 -0.432628
v 20.008278 14.828424 441.389160 0.752941 0.752941 0.752941
vn -0.047122 -0.845187 0.532389
v 25.897551 13.227964 463.566345 0.752941 0.752941 0.752941
vn 0.145007 -0.919459 -0.365471
v 12.179128 13.027939 441.621857 0.752941 0.752941 0.752941
vn 0.362360 -0.802968 -0.473220
v 19.268457 14.776834 440.858795 0.752941 0.752941 0.752941
vn -0.246100 0.848073 0.469262
v 15.304859 18.155651 441.508179 0.752941 0.752941 0.752941
vn 0.144657 -0.963719 -0.224320
v 14.282533 13.450701 441.097473 0.752941 0.752941 0.752941
vn 0.184578 -0.920668 -0.343950
v 15.104614 13.385897 442.025269 0.752941 0.752941 0.752941
vn 0.225888 -0.937885 -0.263339
v 17.498194 13.891314 441.525574 0.752941 0.752941 0.752941
vn -0.360065 -0.709872 -0.605339
v 23.530558 3.470376 441.250275 0.752941 0.752941 0.752941
vn -0.750182 0.033390 -0.660387
v 9.303923 13.504475 441.008881 0.752941 0.752941 0.752941
vn -0.703835 0.586292 -0.401095
v 10.957174 15.325454 440.912445 0.752941 0.752941 0.752941
vn 0.045966 0.914604 -0.401729
v 28.277468 7.340341 441.175323 0.752941 0.752941 0.752941
vn 0.040056 0.913584 -0.404673
v 20.302460 7.713783 441.292084 0.752941 0.752941 0.752941
vn 0.611006 -0.449392 -0.651704
v 24.222120 18.204191 441.277344 0.752941 0.752941 0.752941
vn 0.634515 -0.451893 -0.627043
v 24.775087 18.731403 441.434601 0.752941 0.752941 0.752941
vn 0.659473 -0.392701 -0.641000
v 25.489147 19.870607 441.400391 0.752941 0.752941 0.752941
vn 0.650753 -0.419169 -0.633102
v 25.497591 20.241993 441.183533 0.752941 0.752941 0.752941
vn 0.937193 0.271945 0.218437
v 28.375170 17.265753 463.437958 0.752941 0.752941 0.752941
vn 0.751820 -0.222128 -0.620826
v 27.522835 23.119686 441.552185 0.752941 0.752941 0.752941
vn 0.914996 -0.198458 0.351278
v 31.007769 2.986424 441.480438 0.752941 0.752941 0.752941
vn 0.708883 0.077465 -0.701060
v 27.399551 23.425350 441.356659 0.752941 0.752941 0.752941
vn 0.945247 -0.211044 0.248937
v 32.031960 24.897488 463.225616 0.752941 0.752941 0.752941
vn -0.216597 -0.333030 -0.917702
v 18.621325 6.878606 441.395599 0.752941 0.752941 0.752941
vn 0.017782 0.954370 -0.298098
v 27.643559 7.326988 441.249390 0.752941 0.752941 0.752941
vn 0.038334 0.914129 -0.403607
v 21.389076 7.586955 441.105316 0.752941 0.752941 0.752941
vn -0.240155 -0.347486 -0.906410
v 20.111500 5.879794 441.344208 0.752941 0.752941 0.752941
vn 0.055267 0.881098 -0.469693
v 26.355425 7.435941 441.280212 0.752941 0.752941 0.752941
vn -0.304301 -0.209989 -0.929143
v 18.514147 7.197159 441.279236 0.752941 0.752941 0.752941
vn -0.377655 -0.199781 -0.904137
v 21.247076 4.772058 441.341461 0.752941 0.752941 0.752941
vn -0.317589 -0.237826 -0.917920
v 21.053053 5.238336 441.362732 0.752941 0.752941 0.752941
vn 0.612544 -0.411699 -0.674754
v 24.551798 18.577520 441.337006 0.752941 0.752941 0.752941
vn -0.298529 0.152350 -0.942162
v 18.760157 7.397684 441.157471 0.752941 0.752941 0.752941
vn -0.259334 -0.214772 -0.941604
v 22.140930 4.185039 441.202820 0.752941 0.752941 0.752941
vn 0.633205 -0.494299 -0.595584
v 25.118418 19.468969 441.290070 0.752941 0.752941 0.752941
vn 0.990741 0.057600 0.122938
v 28.137957 18.218657 463.320190 0.752941 0.752941 0.752941
vn -0.189669 -0.599454 -0.777612
v 22.176544 3.672145 441.350525 0.752941 0.752941 0.752941
vn 0.068152 -0.850937 -0.520829
v 10.733319 12.901507 441.540985 0.752941 0.752941 0.752941
vn 0.054694 0.913539 -0.403057
v 22.136127 7.751516 441.527557 0.752941 0.752941 0.752941
vn 0.717618 -0.407305 -0.564913
v 27.148300 22.032654 441.782745 0.752941 0.752941 0.752941
vn -0.308494 0.781350 0.542516
v 18.353060 19.132240 441.720734 0.752941 0.752941 0.752941
vn -0.319366 -0.321096 -0.891573
v 21.681269 3.863682 441.427368 0.752941 0.752941 0.752941
vn -0.412136 0.722242 0.555437
v 19.210783 19.870701 441.486786 0.752941 0.752941 0.752941
vn -0.518374 0.623952 0.584784
v 21.115656 21.054497 441.612030 0.752941 0.752941 0.752941
vn -0.561443 0.788525 -0.251019
v 25.529221 22.118519 463.551025 0.752941 0.752941 0.752941
vn 0.451941 -0.749246 -0.484128
v 21.507895 15.491689 441.538605 0.752941 0.752941 0.752941
vn -0.580521 -0.191305 -0.791453
v 8.909650 13.229464 441.392853 0.752941 0.752941 0.752941
vn 0.609256 -0.508486 -0.608481
v 24.094072 17.696224 441.497253 0.752941 0.752941 0.752941
vn -0.152848 -0.761968 -0.629319
v 22.930349 3.612738 441.353546 0.752941 0.752941 0.752941
vn -0.922335 0.351059 -0.161415
v 27.509678 24.103210 463.497131 0.752941 0.752941 0.752941
vn -0.771270 -0.614409 0.166263
v 24.356268 14.197966 463.374847 0.752941 0.752941 0.752941
vn 0.814866 -0.057501 0.576791
v 28.216427 16.365057 463.777588 0.752941 0.752941 0.752941
vn 0.099073 0.903138 -0.417763
v 25.210667 7.519092 441.153503 0.752941 0.752941 0.752941
vn -0.635526 0.751683 -0.176294
v 12.107103 17.182566 441.045624 0.752941 0.752941 0.752941
vn 0.078520 0.901179 -0.426275
v 25.978081 7.480342 441.296875 0.752941 0.752941 0.752941
vn -0.710153 0.586477 -0.389522
v 10.390901 15.027629 441.404205 0.752941 0.752941 0.752941
vn -0.019958 0.960983 -0.275888
v 25.843288 24.024374 441.235870 0.752941 0.752941 0.752941
vn -0.141485 -0.982121 -0.124177
v 24.984100 2.880435 441.281250 0.752941 0.752941 0.752941
vn -0.128009 -0.913632 0.385862
v 28.301254 2.480983 441.452576 0.752941 0.752941 0.752941
vn -0.204625 0.930422 -0.304046
v 31.437000 29.767414 462.870544 0.752941 0.752941 0.752941
vn -0.859968 0.403448 -0.312547
v 29.155993 26.968914 462.738800 0.752941 0.752941 0.752941
vn 0.582123 -0.672223 0.457438
v 30.613575 2.772609 441.836517 0.752941 0.752941 0.752941
vn -0.148942 -0.855738 0.495509
v 26.241367 12.664144 462.706757 0.752941 0.752941 0.752941
vn 0.522145 -0.485805 0.700970
v 27.477591 14.754320 463.288147 0.752941 0.752941 0.752941
vn -0.562326 -0.803387 0.195856
v 25.166595 13.268877 462.985840 0.752941 0.752941 0.752941
vn 0.520216 -0.646825 -0.557667
v 23.246502 16.605602 441.778717 0.752941 0.752941 0.752941
vn -0.031341 0.259145 -0.965330
v 17.415110 7.650914 441.451447 0.752941 0.752941 0.752941
vn 0.968633 -0.010650 0.248267
v 31.003962 3.696283 441.423279 0.752941 0.752941 0.752941
vn 0.661333 -0.469524 -0.584967
v 25.469351 19.630787 441.513977 0.752941 0.752941 0.752941
vn 0.043776 0.905914 -0.421194
v 19.469782 7.816869 441.432587 0.752941 0.752941 0.752941
vn 0.135717 -0.972259 -0.190509
v 13.243224 13.304295 441.081512 0.752941 0.752941 0.752941
vn 0.907384 0.294166 0.300202
v 28.514029 17.069881 463.119690 0.752941 0.752941 0.752941
vn -0.375001 0.735971 0.563668
v 18.391212 19.535234 441.221802 0.752941 0.752941 0.752941
vn -0.079928 -0.128578 -0.988473
v 17.205357 7.103933 441.459412 0.752941 0.752941 0.752941
vn -0.109645 -0.145371 -0.983283
v 17.792702 7.211690 441.427795 0.752941 0.752941 0.752941
vn -0.185742 -0.277517 -0.942594
v 20.498919 5.356288 441.431549 0.752941 0.752941 0.752941
vn 0.594168 -0.554392 -0.582763
v 23.722044 17.358934 441.469269 0.752941 0.752941 0.752941
vn -0.014455 0.285139 -0.958377
v 16.731110 7.804402 441.521179 0.752941 0.752941 0.752941
vn -0.191718 -0.258276 -0.946857
v 19.604805 5.660804 441.502289 0.752941 0.752941 0.752941
vn -0.300122 -0.343782 -0.889798
v 19.744518 6.120929 441.372070 0.752941 0.752941 0.752941
vn -0.299041 -0.202102 -0.932593
v 20.936703 4.931221 441.455566 0.752941 0.752941 0.752941
vn -0.245236 -0.329054 -0.911912
v 19.296331 6.335940 441.443665 0.752941 0.752941 0.752941
vn -0.188679 0.184681 -0.964517
v 18.100624 7.509130 441.386139 0.752941 0.752941 0.752941
vn -0.537903 0.830667 -0.143712
v 24.998627 21.924625 463.891785 0.752941 0.752941 0.752941
vn 0.961718 -0.019733 0.273329
v 32.549557 28.952219 463.647491 0.752941 0.752941 0.752941
vn -0.264826 -0.606827 -0.749418
v 9.242315 12.905846 441.388397 0.752941 0.752941 0.752941
vn 0.150976 -0.896041 -0.417513
v 13.247412 13.242471 441.604309 0.752941 0.752941 0.752941
vn 0.974842 0.050479 0.217105
v 31.103592 6.245867 441.184174 0.752941 0.752941 0.752941
vn 0.702481 -0.398184 -0.589890
v 25.858776 20.428429 441.436340 0.752941 0.752941 0.752941
vn 0.694552 -0.429666 -0.577048
v 26.326410 20.684496 441.783783 0.752941 0.752941 0.752941
vn 0.156775 0.910940 -0.381587
v 30.221228 7.557895 441.985992 0.752941 0.752941 0.752941
vn 0.331250 0.924593 -0.188152
v 32.231312 29.890322 462.879547 0.752941 0.752941 0.752941
vn 0.059064 0.910016 -0.410344
v 22.411476 7.817005 441.745728 0.752941 0.752941 0.752941
vn -0.040803 -0.047140 -0.998055
v 15.877355 7.615826 441.492249 0.752941 0.752941 0.752941
vn -0.031643 0.347950 -0.936979
v 15.650649 7.879039 441.511108 0.752941 0.752941 0.752941
vn -0.132333 -0.232627 -0.963521
v 18.652191 6.378254 441.503540 0.752941 0.752941 0.752941
vn 0.671040 -0.412391 -0.616148
v 24.951771 19.163780 441.328583 0.752941 0.752941 0.752941
vn 0.885009 0.464515 -0.031378
v 30.918158 7.020690 441.592163 0.752941 0.752941 0.752941
vn -0.110858 -0.189253 -0.975650
v 16.421862 7.132267 441.560944 0.752941 0.752941 0.752941
vn 0.041441 0.914266 -0.402989
v 24.592056 7.684889 441.501465 0.752941 0.752941 0.752941
vn -0.225371 0.973878 -0.027752
v 24.660032 23.821186 441.016327 0.752941 0.752941 0.752941
vn -0.579882 0.813818 -0.037913
v 12.291743 17.180023 441.444519 0.752941 0.752941 0.752941
vn -0.504320 0.852518 0.137380
v 12.921338 17.815866 441.199921 0.752941 0.752941 0.752941
vn -0.209636 0.901585 0.378415
v 12.893248 17.591799 441.574738 0.752941 0.752941 0.752941
vn -0.291105 -0.947107 -0.135082
v 24.570730 2.933754 441.398499 0.752941 0.752941 0.752941
vn 0.689594 -0.549332 0.471905
v 30.961067 2.466853 441.162048 0.752941 0.752941 0.752941
vn 0.701177 -0.380429 -0.603013
v 25.822153 20.164986 441.528412 0.752941 0.752941 0.752941
vn -0.095556 -0.269589 -0.958223
v 18.117340 5.954895 441.648712 0.752941 0.752941 0.752941
vn -0.107068 -0.207423 -0.972374
v 17.772699 6.467252 441.583862 0.752941 0.752941 0.752941
vn -0.799531 0.504928 -0.325265
v 28.515078 26.067202 463.152924 0.752941 0.752941 0.752941
vn 0.515687 0.826505 -0.225735
v 30.743092 7.184530 441.408875 0.752941 0.752941 0.752941
vn 0.591236 -0.580422 -0.559956
v 23.772125 16.935911 441.898071 0.752941 0.752941 0.752941
vn 0.504567 0.571350 -0.647280
v 27.323483 23.795038 441.485413 0.752941 0.752941 0.752941
vn 0.954919 -0.135251 0.264268
v 32.643574 28.130129 463.061035 0.752941 0.752941 0.752941
vn 0.618859 -0.443473 -0.648340
v 24.548389 18.217707 441.512207 0.752941 0.752941 0.752941
vn 0.657098 -0.437323 -0.613980
v 25.327280 19.378469 441.605377 0.752941 0.752941 0.752941
vn -0.036895 0.564948 -0.824301
v 17.790886 7.847424 441.576080 0.752941 0.752941 0.752941
vn -0.020233 0.172032 -0.984884
v 14.907402 7.886787 441.599854 0.752941 0.752941 0.752941
vn 0.025842 0.416044 -0.908977
v 16.159529 7.899162 441.553467 0.752941 0.752941 0.752941
vn -0.382939 -0.353115 -0.853620
v 21.237228 4.084369 441.545410 0.752941 0.752941 0.752941
vn -0.580691 0.627237 0.519010
v 22.665255 22.382498 441.656433 0.752941 0.752941 0.752941
vn 0.659581 -0.418764 -0.624171
v 25.238657 19.134722 441.659729 0.752941 0.752941 0.752941
vn 0.870210 -0.425217 0.248848
v 31.340277 22.440519 462.646301 0.752941 0.752941 0.752941
vn -0.187430 -0.271928 -0.943888
v 18.907972 5.629849 441.619873 0.752941 0.752941 0.752941
vn -0.104932 -0.967807 0.228779
v 26.196184 2.785138 441.576752 0.752941 0.752941 0.752941
vn -0.496773 0.661742 0.561529
v 20.945551 20.646521 441.884827 0.752941 0.752941 0.752941
vn 0.055562 0.651786 -0.756365
v 17.312290 8.024837 441.664124 0.752941 0.752941 0.752941
vn 0.014609 0.925568 -0.378299
v 20.878777 7.807086 441.677277 0.752941 0.752941 0.752941
vn 0.599585 -0.548746 -0.582559
v 24.442471 17.758612 441.813568 0.752941 0.752941 0.752941
vn 0.077520 0.910416 -0.406367
v 25.608295 7.613183 441.583923 0.752941 0.752941 0.752941
vn 0.035252 0.903056 -0.428075
v 26.633474 7.638064 441.666748 0.752941 0.752941 0.752941
vn 0.675349 -0.413648 -0.610573
v 25.099302 18.869143 441.687317 0.752941 0.752941 0.752941
vn 0.802283 0.135753 0.581303
v 28.614639 16.449749 463.058441 0.752941 0.752941 0.752941
vn 0.129602 -0.939034 -0.318462
v 14.035465 13.315013 441.652649 0.752941 0.752941 0.752941
vn 0.857211 0.505882 0.096291
v 32.569092 29.611202 463.100922 0.752941 0.752941 0.752941
vn 0.934657 0.352774 0.044350
v 28.342394 17.404646 462.960815 0.752941 0.752941 0.752941
vn -0.088746 -0.001282 -0.996053
v 14.976261 7.701115 441.586304 0.752941 0.752941 0.752941
vn 0.050114 0.630336 -0.774704
v 16.737619 8.045712 441.661774 0.752941 0.752941 0.752941
vn -0.038993 -0.224205 -0.973762
v 17.455851 6.690143 441.564362 0.752941 0.752941 0.752941
vn -0.054600 -0.125594 -0.990578
v 12.386783 7.802127 441.640930 0.752941 0.752941 0.752941
vn 0.259970 0.823059 -0.504965
v 26.831608 24.019903 441.424652 0.752941 0.752941 0.752941
vn 0.043516 0.253631 -0.966322
v 12.929946 8.156323 441.681976 0.752941 0.752941 0.752941
vn -0.317929 -0.280713 -0.905605
v 20.840300 4.371331 441.626190 0.752941 0.752941 0.752941
vn -0.118541 -0.108034 -0.987055
v 14.337427 7.769714 441.651459 0.752941 0.752941 0.752941
vn 0.015900 0.915010 -0.403117
v 23.414749 7.799225 441.726593 0.752941 0.752941 0.752941
vn -0.107109 -0.948015 -0.299657
v 22.498026 3.485034 441.620209 0.752941 0.752941 0.752941
vn -0.640392 0.653947 -0.402804
v 9.167048 14.015581 441.991058 0.752941 0.752941 0.752941
vn 0.024639 0.913358 -0.406410
v 21.573635 7.756592 441.461670 0.752941 0.752941 0.752941
vn -0.577507 -0.162029 -0.800145
v 8.732784 13.086535 441.543701 0.752941 0.752941 0.752941
vn 0.830746 0.449420 0.328455
v 28.922398 16.345745 462.781433 0.752941 0.752941 0.752941
vn -0.207978 -0.348896 -0.913792
v 16.189939 6.168168 441.877960 0.752941 0.752941 0.752941
vn -0.859067 0.472987 -0.195670
v 27.728052 24.833612 462.787811 0.752941 0.752941 0.752941
vn -0.738170 0.596963 -0.314229
v 27.129499 23.532469 463.702637 0.752941 0.752941 0.752941
vn 0.037527 0.512735 -0.857727
v 13.583180 8.509424 441.880798 0.752941 0.752941 0.752941
vn 0.043665 0.904704 -0.423797
v 20.362808 7.920384 441.817078 0.752941 0.752941 0.752941
vn 0.004613 0.474398 -0.880299
v 15.348268 8.153809 441.697174 0.752941 0.752941 0.752941
vn -0.081216 0.709030 -0.700486
v 18.339430 7.850086 441.449799 0.752941 0.752941 0.752941
vn 0.713639 -0.415541 -0.563955
v 25.888166 19.966318 441.773743 0.752941 0.752941 0.752941
vn -0.537528 0.731399 0.419665
v 23.432348 23.043018 441.658356 0.752941 0.752941 0.752941
vn -0.167961 -0.425492 -0.889239
v 16.979195 5.535191 441.937225 0.752941 0.752941 0.752941
vn -0.176752 -0.237697 -0.955122
v 16.581573 6.762773 441.626160 0.752941 0.752941 0.752941
vn 0.020350 -0.016679 -0.999654
v 13.483102 7.987948 441.681305 0.752941 0.752941 0.752941
vn 0.041724 0.545198 -0.837269
v 14.241184 8.299782 441.766296 0.752941 0.752941 0.752941
vn -0.049372 0.136188 -0.989452
v 13.978299 8.074947 441.665283 0.752941 0.752941 0.752941
vn 0.050969 -0.111573 -0.992448
v 13.012179 7.979444 441.679535 0.752941 0.752941 0.752941
vn 0.954733 -0.166166 0.246726
v 32.193256 25.655884 463.157593 0.752941 0.752941 0.752941
vn 0.081721 0.891162 -0.446264
v 26.235718 7.755046 441.873505 0.752941 0.752941 0.752941
vn -0.022491 -0.378971 -0.925135
v 12.680808 7.460567 441.787323 0.752941 0.752941 0.752941
vn 0.060918 0.885421 -0.460780
v 19.047754 7.988107 441.790161 0.752941 0.752941 0.752941
vn -0.436737 0.722001 0.536634
v 19.724619 19.613810 442.128906 0.752941 0.752941 0.752941
vn 0.689248 -0.438535 -0.576736
v 26.432285 21.366869 441.387878 0.752941 0.752941 0.752941
vn 0.929654 -0.283346 0.235495
v 31.864597 23.959929 462.971558 0.752941 0.752941 0.752941
vn 0.954672 -0.165706 0.247269
v 32.453655 26.659100 462.734436 0.752941 0.752941 0.752941
vn -0.096907 -0.216990 -0.971352
v 11.400702 7.977057 441.809479 0.752941 0.752941 0.752941
vn -0.019910 0.963957 -0.265312
v 31.976137 29.990089 463.150543 0.752941 0.752941 0.752941
vn -0.110071 -0.267526 -0.957243
v 17.021994 6.238970 441.670319 0.752941 0.752941 0.752941
vn -0.002586 0.395003 -0.918676
v 14.577360 8.123438 441.685364 0.752941 0.752941 0.752941
vn 0.512429 -0.660959 -0.548224
v 22.659138 16.072960 441.847015 0.752941 0.752941 0.752941
vn 0.649951 -0.355412 -0.671748
v 25.517273 19.390982 441.775421 0.752941 0.752941 0.752941
vn 0.683267 -0.408135 -0.605451
v 25.770956 19.619961 441.915741 0.752941 0.752941 0.752941
vn 0.059064 0.670228 -0.739801
v 15.927340 8.358989 441.870483 0.752941 0.752941 0.752941
vn 0.102869 0.773303 -0.625636
v 17.032026 8.202798 441.877502 0.752941 0.752941 0.752941
vn 0.966433 0.046070 0.252753
v 31.007652 5.409061 441.699188 0.752941 0.752941 0.752941
vn 0.033438 -0.775970 -0.629883
v 9.972219 12.751172 441.639221 0.752941 0.752941 0.752941
vn -0.094514 -0.279869 -0.955375
v 17.587402 5.997119 441.708923 0.752941 0.752941 0.752941
vn -0.241021 -0.342756 -0.907980
v 20.233269 4.852687 441.622223 0.752941 0.752941 0.752941
vn 0.047066 0.920917 -0.386906
v 24.667049 7.971494 442.131104 0.752941 0.752941 0.752941
vn -0.713723 0.585574 -0.384320
v 9.792998 14.079712 440.704498 0.752941 0.752941 0.752941
vn -0.639506 0.747482 -0.179728
v 11.653236 16.806784 441.364807 0.752941 0.752941 0.752941
vn -0.509799 0.816693 0.270403
v 24.591896 23.613293 442.197998 0.752941 0.752941 0.752941
vn 0.151205 0.900896 -0.406846
v 27.127346 24.252043 441.970001 0.752941 0.752941 0.752941
vn 0.033817 0.905962 -0.422005
v 28.038973 7.569424 441.741699 0.752941 0.752941 0.752941
vn -0.174580 0.870855 0.459493
v 13.852070 17.710850 441.540802 0.752941 0.752941 0.752941
vn -0.928598 -0.358654 -0.095255
v 23.189272 16.188471 462.987518 0.752941 0.752941 0.752941
vn 0.412276 -0.792230 -0.449889
v 21.064840 15.201136 441.650574 0.752941 0.752941 0.752941
vn 0.164052 -0.731070 -0.662286
v 12.506124 12.866909 441.977936 0.752941 0.752941 0.752941
vn -0.855969 0.423211 -0.297001
v 29.737930 28.005556 462.343597 0.752941 0.752941 0.752941
vn 0.479691 -0.707836 -0.518522
v 22.055641 15.739427 441.681610 0.752941 0.752941 0.752941
vn -0.901009 0.433792 0.002670
v 27.292238 23.349962 462.427063 0.752941 0.752941 0.752941
vn -0.146279 -0.357890 -0.922235
v 14.120804 6.634147 442.016968 0.752941 0.752941 0.752941
vn -0.701636 0.692635 -0.167227
v 26.766113 22.590197 462.196289 0.752941 0.752941 0.752941
vn 0.491299 -0.583152 0.646962
v 26.399271 13.204714 463.303345 0.752941 0.752941 0.752941
vn 0.073788 0.803172 -0.591161
v 17.694241 8.168438 441.912476 0.752941 0.752941 0.752941
vn -0.516110 0.810754 -0.276240
v 25.217260 21.369331 461.955200 0.752941 0.752941 0.752941
vn 0.909737 -0.264480 0.320044
v 30.833540 3.218358 442.073975 0.752941 0.752941 0.752941
vn 0.649766 -0.409068 -0.640678
v 25.709789 19.303473 442.020508 0.752941 0.752941 0.752941
vn 0.560144 0.513655 -0.649921
v 27.790977 23.923988 441.972687 0.752941 0.752941 0.752941
vn 0.355304 -0.595171 0.720784
v 27.771645 14.101232 462.655609 0.752941 0.752941 0.752941
vn -0.111711 -0.198051 -0.973805
v 10.026745 8.090265 441.871521 0.752941 0.752941 0.752941
vn 0.956853 0.171720 0.234401
v 32.819336 29.075401 462.724609 0.752941 0.752941 0.752941
vn -0.007106 0.183970 -0.982906
v 10.144683 8.522885 441.807373 0.752941 0.752941 0.752941
vn 0.000797 -0.711363 -0.702824
v 9.503448 12.546200 441.865356 0.752941 0.752941 0.752941
vn 0.913227 0.293344 0.282783
v 28.714987 16.794041 462.975250 0.752941 0.752941 0.752941
vn 0.802722 -0.514310 0.301866
v 30.773808 21.816454 463.427338 0.752941 0.752941 0.752941
vn 0.125738 -0.867224 -0.481780
v 11.588157 12.960776 441.560181 0.752941 0.752941 0.752941
vn 0.078718 0.914240 -0.397453
v 25.275806 7.800971 441.881134 0.752941 0.752941 0.752941
vn 0.066367 0.648883 -0.757989
v 16.429249 8.219951 441.765656 0.752941 0.752941 0.752941
vn -0.123765 0.071603 -0.989725
v 11.007823 8.422133 441.787231 0.752941 0.752941 0.752941
vn -0.010476 0.327620 -0.944751
v 11.697823 8.581395 441.759857 0.752941 0.752941 0.752941
vn 0.028470 0.355921 -0.934082
v 10.488935 8.647752 441.908844 0.752941 0.752941 0.752941
vn 0.737978 0.082006 -0.669824
v 27.868832 23.555166 441.878448 0.752941 0.752941 0.752941
vn 0.770711 -0.276117 -0.574251
v 27.927950 23.120516 442.066071 0.752941 0.752941 0.752941
vn 0.110226 0.825938 -0.552880
v 18.236280 8.137074 442.006500 0.752941 0.752941 0.752941
vn 0.454534 -0.755830 -0.471296
v 21.853991 15.464993 441.933929 0.752941 0.752941 0.752941
vn 0.480333 -0.734386 -0.479539
v 22.499342 15.676476 442.195007 0.752941 0.752941 0.752941
vn 0.986309 0.062870 0.152455
v 30.915773 6.762174 442.250183 0.752941 0.752941 0.752941
vn 0.659425 -0.408690 -0.630976
v 25.388706 18.923960 441.994568 0.752941 0.752941 0.752941
vn 0.125683 0.776925 -0.616921
v 16.524271 8.470926 442.098938 0.752941 0.752941 0.752941
vn 0.118312 -0.714316 -0.689750
v 10.812025 12.450366 442.053497 0.752941 0.752941 0.752941
vn 0.918096 0.381020 0.109191
v 28.756847 16.725012 462.757813 0.752941 0.752941 0.752941
vn -0.135702 -0.351591 -0.926266
v 15.077396 6.722572 441.846954 0.752941 0.752941 0.752941
vn 0.052097 0.384874 -0.921498
v 12.269447 8.348280 441.716827 0.752941 0.752941 0.752941
vn 0.669120 -0.481249 -0.566285
v 24.797146 18.020256 441.963196 0.752941 0.752941 0.752941
vn -0.100189 -0.370508 -0.923410
v 13.464810 6.857827 442.044952 0.752941 0.752941 0.752941
vn -0.135514 0.265273 -0.954602
v 9.368399 8.683813 441.978058 0.752941 0.752941 0.752941
vn -0.134927 -0.419595 -0.897627
v 11.808206 7.437212 441.938049 0.752941 0.752941 0.752941
vn -0.061252 0.087483 -0.994281
v 10.683656 8.348062 441.853149 0.752941 0.752941 0.752941
vn -0.095902 0.411720 -0.906250
v 11.025286 8.745963 441.872681 0.752941 0.752941 0.752941
vn -0.273534 -0.410618 -0.869811
v 19.909571 4.338346 441.953369 0.752941 0.752941 0.752941
vn -0.268201 -0.784794 -0.558718
v 21.250254 3.621924 441.806366 0.752941 0.752941 0.752941
vn -0.021586 0.918687 -0.394395
v 29.709017 7.495323 441.915375 0.752941 0.752941 0.752941
vn -0.733796 0.599281 -0.320007
v 9.899728 14.794817 442.047028 0.752941 0.752941 0.752941
vn -0.567981 0.821647 -0.047901
v 11.129923 16.564260 441.973541 0.752941 0.752941 0.752941
vn -0.373252 0.901447 0.219263
v 12.255486 17.247463 442.157776 0.752941 0.752941 0.752941
vn -0.140041 -0.943314 0.300910
v 26.922979 2.693776 441.582520 0.752941 0.752941 0.752941
vn -0.671793 0.278077 -0.686562
v 8.590905 13.216553 441.702057 0.752941 0.752941 0.752941
vn -0.265805 -0.938399 -0.220807
v 23.554058 3.341788 441.647675 0.752941 0.752941 0.752941
vn 0.043385 0.902269 -0.428985
v 22.790783 8.113429 442.393768 0.752941 0.752941 0.752941
vn 0.313277 -0.868579 -0.383963
v 18.772438 14.347727 441.313965 0.752941 0.752941 0.752941
vn -0.920926 0.270625 -0.280459
v 23.194290 19.028889 462.477570 0.752941 0.752941 0.752941
vn -0.201292 -0.426763 -0.881677
v 15.768684 5.713309 442.209808 0.752941 0.752941 0.752941
vn -0.547576 0.765248 -0.338460
v 30.450081 29.416750 462.915894 0.752941 0.752941 0.752941
vn -0.139406 -0.459958 -0.876929
v 10.129003 7.593571 442.135498 0.752941 0.752941 0.752941
vn -0.858898 -0.512015 -0.011597
v 23.754766 15.034539 462.742737 0.752941 0.752941 0.752941
vn -0.791443 -0.604859 0.088115
v 24.315796 14.108032 462.029236 0.752941 0.752941 0.752941
vn 0.181117 -0.805568 -0.564142
v 13.625585 13.109955 441.937958 0.752941 0.752941 0.752941
vn 0.729135 0.101216 0.676844
v 28.842581 15.794011 463.068481 0.752941 0.752941 0.752941
vn 0.192249 -0.910347 -0.366481
v 14.657744 13.326953 441.890839 0.752941 0.752941 0.752941
vn 0.656301 -0.439832 -0.613039
v 24.940968 18.477249 441.795959 0.752941 0.752941 0.752941
vn 0.651371 -0.408060 -0.639690
v 25.288761 18.581802 442.079346 0.752941 0.752941 0.752941
vn 0.027157 -0.656947 -0.753447
v 9.955080 12.348911 442.065643 0.752941 0.752941 0.752941
vn -0.484305 0.657273 0.577444
v 20.090849 20.262974 441.666901 0.752941 0.752941 0.752941
vn 0.027571 0.653154 -0.756723
v 15.097501 8.460193 441.912109 0.752941 0.752941 0.752941
vn 0.821729 -0.520242 0.232614
v 30.972370 21.729246 462.576813 0.752941 0.752941 0.752941
vn 0.103277 0.658741 -0.745248
v 13.940995 8.899697 442.197998 0.752941 0.752941 0.752941
vn 0.065942 0.720768 -0.690033
v 15.671393 8.534733 442.011719 0.752941 0.752941 0.752941
vn -0.113759 -0.249207 -0.961746
v 10.729480 7.842362 441.848969 0.752941 0.752941 0.752941
vn 0.958144 -0.188314 0.215634
v 32.387089 25.693733 462.398315 0.752941 0.752941 0.752941
vn 0.325833 0.928665 -0.177242
v 32.318069 29.793568 462.497559 0.752941 0.752941 0.752941
vn 0.354403 0.748908 -0.559943
v 27.462164 24.169441 442.015381 0.752941 0.752941 0.752941
vn 0.628709 -0.550126 -0.549624
v 24.817167 17.735641 442.246857 0.752941 0.752941 0.752941
vn 0.087851 0.823392 -0.560632
v 18.768671 8.377797 442.431946 0.752941 0.752941 0.752941
vn 0.854632 0.515129 -0.065171
v 28.443766 17.139618 462.767120 0.752941 0.752941 0.752941
vn -0.208705 -0.397206 -0.893683
v 19.417953 4.930031 441.816223 0.752941 0.752941 0.752941
vn 0.158455 -0.736335 -0.657801
v 11.994560 12.770819 441.947113 0.752941 0.752941 0.752941
vn -0.099257 -0.905328 0.412953
v 28.070427 3.193442 442.851044 0.752941 0.752941 0.752941
vn 0.018512 0.911684 -0.410474
v 21.485550 7.965707 441.979858 0.752941 0.752941 0.752941
vn 0.050651 0.547858 -0.835036
v 12.652020 8.873936 442.059418 0.752941 0.752941 0.752941
vn 0.055053 0.767765 -0.638363
v 15.322269 8.592150 442.079010 0.752941 0.752941 0.752941
vn 0.049799 0.605682 -0.794147
v 14.241661 8.541061 441.959076 0.752941 0.752941 0.752941
vn -0.126183 0.006163 -0.991988
v 8.809376 8.442641 442.016510 0.752941 0.752941 0.752941
vn -0.080319 0.565216 -0.821023
v 9.462523 9.006776 442.139038 0.752941 0.752941 0.752941
vn 0.793883 -0.549619 0.260131
v 28.525269 19.485817 462.851166 0.752941 0.752941 0.752941
vn -0.011876 0.533246 -0.845877
v 10.069248 8.927053 441.993500 0.752941 0.752941 0.752941
vn 0.719516 -0.012713 0.694359
v 29.493252 15.364052 462.450714 0.752941 0.752941 0.752941
vn 0.040345 0.908412 -0.416126
v 27.243387 7.765501 441.964264 0.752941 0.752941 0.752941
vn 0.027507 0.928981 -0.369105
v 24.127016 8.156745 442.562836 0.752941 0.752941 0.752941
vn -0.095569 -0.953748 0.285010
v 24.945583 2.947747 441.824005 0.752941 0.752941 0.752941
vn -0.915862 0.399993 -0.034672
v 27.514208 24.134243 462.194336 0.752941 0.752941 0.752941
vn -0.289128 0.842533 0.454469
v 16.493750 18.217537 442.016052 0.752941 0.752941 0.752941
vn -0.241236 0.969289 -0.047794
v 25.629595 24.090227 441.803986 0.752941 0.752941 0.752941
vn 0.274988 -0.636257 0.720804
v 28.547340 14.235923 462.539490 0.752941 0.752941 0.752941
vn -0.563298 0.825685 0.030646
v 12.338796 17.305304 441.755249 0.752941 0.752941 0.752941
vn 0.103263 0.907028 -0.408213
v 25.035978 7.890512 442.066467 0.752941 0.752941 0.752941
vn -0.221612 0.879760 0.420608
v 14.824345 17.725245 442.125610 0.752941 0.752941 0.752941
vn 0.086935 -0.686134 -0.722262
v 10.380482 12.322235 442.109802 0.752941 0.752941 0.752941
vn 0.757643 -0.607025 0.239787
v 30.663006 21.133463 462.138184 0.752941 0.752941 0.752941
vn -0.761830 0.550785 -0.340954
v 28.714643 25.490143 461.807007 0.752941 0.752941 0.752941
vn 0.089760 0.738806 -0.667914
v 14.618355 8.752125 442.229126 0.752941 0.752941 0.752941
vn 0.062386 0.696167 -0.715164
v 14.571065 8.649085 442.045044 0.752941 0.752941 0.752941
vn -0.128636 -0.625850 -0.769262
v 8.312127 12.272612 442.192383 0.752941 0.752941 0.752941
vn 0.553499 -0.639289 -0.533806
v 23.635803 16.562540 442.156830 0.752941 0.752941 0.752941
vn 0.865886 0.495779 -0.066672
v 30.825397 7.266726 441.962189 0.752941 0.752941 0.752941
vn 0.809526 0.490001 0.323369
v 29.263916 15.976790 462.519897 0.752941 0.752941 0.752941
vn 0.662310 -0.472051 -0.581819
v 25.412430 18.304535 442.397552 0.752941 0.752941 0.752941
vn -0.036181 -0.664859 -0.746092
v 8.783456 12.238827 442.160278 0.752941 0.752941 0.752941
vn 0.890031 0.422883 0.170340
v 32.836594 29.221169 462.385498 0.752941 0.752941 0.752941
vn -0.164396 -0.380790 -0.909930
v 18.517632 5.079425 441.930542 0.752941 0.752941 0.752941
vn -0.132181 -0.434204 -0.891064
v 10.946080 7.070377 442.203339 0.752941 0.752941 0.752941
vn 0.137582 -0.644608 -0.752032
v 12.041707 12.542027 442.132660 0.752941 0.752941 0.752941
vn 0.146585 0.797893 -0.584705
v 16.121880 8.621193 442.212860 0.752941 0.752941 0.752941
vn 0.092632 0.540090 -0.836494
v 12.003315 9.005073 442.131653 0.752941 0.752941 0.752941
vn 0.691231 -0.416506 -0.590528
v 26.086098 19.859283 442.109131 0.752941 0.752941 0.752941
vn -0.281455 -0.537632 -0.794818
v 8.445932 12.529202 441.879181 0.752941 0.752941 0.752941
vn -0.344035 -0.582332 -0.736566
v 20.433399 3.863372 442.001221 0.752941 0.752941 0.752941
vn -0.191226 -0.300241 -0.934499
v 8.361049 7.951207 442.147339 0.752941 0.752941 0.752941
vn 0.758733 0.143632 -0.635369
v 28.338554 23.806961 442.466064 0.752941 0.752941 0.752941
vn 0.696511 -0.453749 -0.555864
v 25.890270 19.197344 442.254395 0.752941 0.752941 0.752941
vn 0.711873 -0.416843 -0.565225
v 26.445393 20.285900 442.238525 0.752941 0.752941 0.752941
vn -0.031384 0.514615 -0.856847
v 9.345107 9.222906 442.323425 0.752941 0.752941 0.752941
vn -0.177832 -0.498103 -0.848687
v 17.309414 4.814303 442.318634 0.752941 0.752941 0.752941
vn 0.090755 0.590155 -0.802172
v 12.788942 9.251249 442.365540 0.752941 0.752941 0.752941
vn 0.940714 -0.272429 0.202086
v 28.231291 19.027758 463.040100 0.752941 0.752941 0.752941
vn 0.113892 0.846815 -0.519550
v 15.849381 8.705723 442.243256 0.752941 0.752941 0.752941
vn 0.138357 0.783645 -0.605606
v 16.981644 8.494560 442.243591 0.752941 0.752941 0.752941
vn 0.970145 0.003821 0.242497
v 30.844606 4.976541 442.402557 0.752941 0.752941 0.752941
vn 0.838320 -0.499064 0.219443
v 31.146761 21.776705 462.034851 0.752941 0.752941 0.752941
vn 0.791321 -0.113191 -0.600832
v 28.170828 23.499302 442.254761 0.752941 0.752941 0.752941
vn 0.518820 0.613199 -0.595662
v 28.104410 24.052172 442.348145 0.752941 0.752941 0.752941
vn 0.079861 -0.563952 -0.821937
v 10.108995 12.067672 442.276520 0.752941 0.752941 0.752941
vn 0.895955 -0.206813 0.393057
v 29.741882 14.757826 462.131439 0.752941 0.752941 0.752941
vn 0.077807 0.760359 -0.644826
v 15.140139 8.754451 442.228668 0.752941 0.752941 0.752941
vn -0.051611 0.419371 -0.906347
v 8.728132 9.029171 442.177338 0.752941 0.752941 0.752941
vn -0.007365 0.540096 -0.841571
v 10.618176 9.004066 442.087555 0.752941 0.752941 0.752941
vn 0.154659 -0.761522 -0.629416
v 13.092945 12.750906 442.197144 0.752941 0.752941 0.752941
vn -0.306044 0.835266 0.456802
v 18.130426 18.878792 442.017883 0.752941 0.752941 0.752941
vn 0.192919 -0.827168 -0.527803
v 14.245028 13.112381 442.109314 0.752941 0.752941 0.752941
vn -0.239325 -0.710149 -0.662127
v 19.502277 3.942890 442.281372 0.752941 0.752941 0.752941
vn -0.119487 -0.410744 -0.903887
v 9.090727 7.741265 442.123688 0.752941 0.752941 0.752941
vn -0.150752 0.135054 -0.979303
v 8.098433 8.593798 442.104462 0.752941 0.752941 0.752941
vn 0.533866 -0.426979 0.729847
v 29.287508 14.653653 462.535126 0.752941 0.752941 0.752941
vn -0.591042 0.627604 0.506737
v 23.108635 22.412884 442.161133 0.752941 0.752941 0.752941
vn -0.100639 0.425867 -0.899171
v 8.223915 9.207973 442.288055 0.752941 0.752941 0.752941
vn -0.356379 0.834252 0.420733
v 17.733084 18.583004 442.381470 0.752941 0.752941 0.752941
vn -0.379061 0.822334 0.424357
v 18.563828 18.977121 442.135559 0.752941 0.752941 0.752941
vn -0.606448 0.768880 -0.202593
v 25.885437 21.817785 461.897766 0.752941 0.752941 0.752941
vn -0.365110 0.930202 0.037669
v 25.991261 24.220760 442.722473 0.752941 0.752941 0.752941
vn -0.542826 0.839389 -0.027679
v 11.541888 16.721594 442.121460 0.752941 0.752941 0.752941
vn 0.082521 0.915346 -0.394122
v 28.992758 7.565876 442.102386 0.752941 0.752941 0.752941
vn -0.281366 -0.930906 -0.232909
v 20.588654 3.588661 442.297607 0.752941 0.752941 0.752941
vn -0.140312 -0.986836 -0.080422
v 21.058998 3.498495 442.178375 0.752941 0.752941 0.752941
vn -0.121806 -0.970624 0.207491
v 23.473854 3.374406 442.474915 0.752941 0.752941 0.752941
vn -0.072280 -0.997096 -0.023988
v 21.830866 3.437172 442.353729 0.752941 0.752941 0.752941
vn 0.364762 -0.832915 -0.416174
v 20.450760 14.786100 441.829498 0.752941 0.752941 0.752941
vn 0.120772 -0.829893 0.544694
v 26.641737 12.242087 462.112823 0.752941 0.752941 0.752941
vn -0.397900 -0.357122 -0.845067
v 7.992656 12.485241 442.069611 0.752941 0.752941 0.752941
vn -0.113447 0.979589 -0.165937
v 26.513229 24.245451 442.063995 0.752941 0.752941 0.752941
vn -0.118710 0.397923 -0.909706
v 7.879084 9.160769 442.337799 0.752941 0.752941 0.752941
vn 0.028163 0.912291 -0.408574
v 23.551886 8.109483 442.482880 0.752941 0.752941 0.752941
vn 0.055631 0.917694 -0.393375
v 26.740946 7.827979 442.197388 0.752941 0.752941 0.752941
vn -0.179763 -0.525709 -0.831454
v 16.787975 4.850828 442.385437 0.752941 0.752941 0.752941
vn 0.653659 0.721379 -0.228785
v 30.663288 7.480752 442.262695 0.752941 0.752941 0.752941
vn 0.104830 0.967248 -0.231174
v 32.386147 29.688293 462.161865 0.752941 0.752941 0.752941
vn 0.749877 0.661234 0.021285
v 32.757290 29.441799 462.119110 0.752941 0.752941 0.752941
vn 0.744761 -0.385155 -0.544966
v 27.608143 22.488888 442.042999 0.752941 0.752941 0.752941
vn -0.842555 0.431317 -0.322594
v 23.505077 19.840841 462.505066 0.752941 0.752941 0.752941
vn 0.991310 0.087755 0.097992
v 28.173969 18.216042 462.733063 0.752941 0.752941 0.752941
vn -0.168193 -0.537133 -0.826559
v 9.377281 7.251523 442.391632 0.752941 0.752941 0.752941
vn 0.132099 0.798005 -0.587995
v 18.288673 8.454367 442.420410 0.752941 0.752941 0.752941
vn -0.592109 0.611711 0.524610
v 22.680674 21.567343 442.633881 0.752941 0.752941 0.752941
vn 0.104058 -0.477089 -0.872673
v 11.654241 11.989439 442.494690 0.752941 0.752941 0.752941
vn 0.958765 -0.165831 0.230802
v 32.740639 27.462919 462.273895 0.752941 0.752941 0.752941
vn -0.230464 -0.278990 -0.932229
v 7.854733 8.029297 442.270233 0.752941 0.752941 0.752941
vn -0.129118 0.365392 -0.921855
v 7.723676 8.972949 442.271454 0.752941 0.752941 0.752941
vn 0.726485 -0.432952 -0.533640
v 27.099283 21.608410 442.025391 0.752941 0.752941 0.752941
vn -0.012238 0.579788 -0.814675
v 10.320541 9.105861 442.167755 0.752941 0.752941 0.752941
vn -0.006726 0.511255 -0.859403
v 11.140441 9.126514 442.188324 0.752941 0.752941 0.752941
vn 0.098871 -0.674001 -0.732084
v 11.365065 12.547313 442.044983 0.752941 0.752941 0.752941
vn 0.846084 0.526597 -0.082689
v 28.788355 16.552277 462.436401 0.752941 0.752941 0.752941
vn 0.486766 -0.752308 -0.443950
v 21.998796 15.346391 442.263092 0.752941 0.752941 0.752941
vn 0.940948 0.338457 -0.007979
v 28.446671 17.149946 462.284790 0.752941 0.752941 0.752941
vn -0.113337 -0.491835 -0.863280
v 12.632293 6.556811 442.290131 0.752941 0.752941 0.752941
vn 0.129623 0.501390 -0.855456
v 12.069017 9.411695 442.418365 0.752941 0.752941 0.752941
vn -0.147826 -0.449188 -0.881123
v 14.166813 5.811665 442.411224 0.752941 0.752941 0.752941
vn -0.210653 -0.458640 -0.863293
v 16.281862 5.057989 442.388336 0.752941 0.752941 0.752941
vn 0.179230 -0.864118 0.470295
v 30.144844 2.488753 441.872467 0.752941 0.752941 0.752941
vn 0.229210 -0.780975 -0.580983
v 14.808129 13.112246 442.376709 0.752941 0.752941 0.752941
vn -0.603766 0.649909 0.461610
v 23.830643 22.800606 442.498962 0.752941 0.752941 0.752941
vn 0.696813 -0.412291 -0.586914
v 25.595026 18.680971 442.307861 0.752941 0.752941 0.752941
vn -0.074019 -0.412758 -0.907828
v 9.412814 11.526366 442.582214 0.752941 0.752941 0.752941
vn 0.206872 0.912468 -0.352995
v 27.739920 7.859966 442.339020 0.752941 0.752941 0.752941
vn -0.007401 -0.566446 -0.824066
v 9.534672 12.098837 442.242279 0.752941 0.752941 0.752941
vn 0.205494 0.500428 -0.841038
v 11.791652 9.523833 442.405975 0.752941 0.752941 0.752941
vn 0.090279 -0.555293 -0.826740
v 10.844373 12.115088 442.384552 0.752941 0.752941 0.752941
vn 0.216534 -0.597320 -0.772219
v 12.268739 12.272346 442.433563 0.752941 0.752941 0.752941
vn -0.225891 -0.299570 -0.926947
v 7.309309 8.080948 442.361481 0.752941 0.752941 0.752941
vn -0.050919 0.504179 -0.862097
v 9.944377 9.263667 442.281372 0.752941 0.752941 0.752941
vn 0.571657 -0.655167 -0.493927
v 23.641453 16.276880 442.560150 0.752941 0.752941 0.752941
vn -0.033905 0.429222 -0.902562
v 10.437486 9.617620 442.442444 0.752941 0.752941 0.752941
vn -0.075247 -0.602089 -0.794875
v 9.207583 12.106204 442.267242 0.752941 0.752941 0.752941
vn 0.127305 0.942515 -0.308964
v 27.949612 7.783718 442.098846 0.752941 0.752941 0.752941
vn -0.709174 0.584510 -0.394234
v 9.694878 14.830970 442.644775 0.752941 0.752941 0.752941
vn -0.212265 -0.683135 -0.698763
v 18.439157 4.184398 442.384674 0.752941 0.752941 0.752941
vn 0.065395 0.880337 -0.469819
v 19.914438 8.069339 442.138794 0.752941 0.752941 0.752941
vn 0.368700 0.783056 -0.500883
v 27.695339 24.218000 442.248962 0.752941 0.752941 0.752941
vn 0.974692 -0.154442 0.161625
v 28.307074 18.530487 461.961548 0.752941 0.752941 0.752941
vn 0.718428 -0.429984 -0.546786
v 26.761662 20.879564 442.188873 0.752941 0.752941 0.752941
vn 0.672749 -0.454551 -0.583774
v 25.674292 18.971392 442.244293 0.752941 0.752941 0.752941
vn 0.351498 -0.790377 -0.501750
v 16.307138 13.387671 442.607666 0.752941 0.752941 0.752941
vn -0.098226 0.459896 -0.882524
v 7.208988 9.136204 442.436371 0.752941 0.752941 0.752941
vn 0.057956 0.887902 -0.456367
v 21.393625 8.290779 442.712189 0.752941 0.752941 0.752941
vn 0.911200 -0.347332 0.221530
v 31.748203 23.174999 462.282654 0.752941 0.752941 0.752941
vn 0.505367 -0.761949 -0.405015
v 22.773304 15.577988 442.681641 0.752941 0.752941 0.752941
vn 0.502233 -0.704279 -0.501750
v 23.105419 16.023500 442.323090 0.752941 0.752941 0.752941
vn 0.092192 0.814614 -0.572630
v 17.884983 8.492685 442.363281 0.752941 0.752941 0.752941
vn 0.104991 0.798498 -0.592771
v 17.391895 8.431504 442.277252 0.752941 0.752941 0.752941
vn 0.154940 -0.645269 -0.748078
v 12.883281 12.539515 442.400360 0.752941 0.752941 0.752941
vn 0.203072 -0.715720 -0.668211
v 13.866747 12.856895 442.338257 0.752941 0.752941 0.752941
vn -0.194351 -0.533421 -0.823219
v 8.366433 7.521068 442.401733 0.752941 0.752941 0.752941
vn -0.045451 -0.549356 -0.834352
v 8.270618 11.986192 442.375916 0.752941 0.752941 0.752941
vn 0.107605 0.677254 -0.727838
v 14.836217 8.930891 442.380981 0.752941 0.752941 0.752941
vn -0.171166 0.079498 -0.982030
v 7.197454 8.791479 442.294586 0.752941 0.752941 0.752941
vn 0.109347 0.797492 -0.593337
v 15.611622 8.801113 442.378906 0.752941 0.752941 0.752941
vn 0.227708 -0.802065 -0.552125
v 15.506059 13.203202 442.433014 0.752941 0.752941 0.752941
vn 0.273638 -0.889481 -0.365986
v 16.082542 13.518935 442.226257 0.752941 0.752941 0.752941
vn 0.097806 0.483256 -0.869999
v 12.550662 9.488139 442.483551 0.752941 0.752941 0.752941
vn 0.838485 -0.480114 0.257745
v 28.478695 19.062864 462.029816 0.752941 0.752941 0.752941
vn 0.088012 0.640277 -0.763085
v 13.292587 9.148369 442.360260 0.752941 0.752941 0.752941
vn 0.719820 -0.370020 -0.587319
v 26.054920 19.475443 442.312897 0.752941 0.752941 0.752941
vn 0.953585 -0.224125 0.201108
v 32.183437 24.765661 462.406189 0.752941 0.752941 0.752941
vn -0.185653 0.082012 -0.979187
v 6.012123 8.785107 442.540466 0.752941 0.752941 0.752941
vn 0.191088 -0.647708 -0.737537
v 13.403257 12.626099 442.430389 0.752941 0.752941 0.752941
vn 0.115719 0.706356 -0.698334
v 15.450071 8.969764 442.552307 0.752941 0.752941 0.752941
vn 0.113981 0.918613 -0.378363
v 25.009329 8.037038 442.357544 0.752941 0.752941 0.752941
vn 0.711524 -0.420375 -0.563044
v 25.842766 18.774475 442.588684 0.752941 0.752941 0.752941
vn -0.387569 0.876051 -0.286924
v 31.272060 29.277838 461.343689 0.752941 0.752941 0.752941
vn -0.554136 -0.792154 0.255784
v 25.758266 12.570952 461.940918 0.752941 0.752941 0.752941
vn -0.019096 0.237132 -0.971290
v 11.073163 10.215365 442.697052 0.752941 0.752941 0.752941
vn -0.067716 0.479000 -0.875199
v 8.261453 9.623038 442.525421 0.752941 0.752941 0.752941
vn 0.035259 0.436294 -0.899113
v 11.249917 9.547705 442.310394 0.752941 0.752941 0.752941
vn -0.219282 -0.185918 -0.957784
v 6.704458 8.345603 442.469910 0.752941 0.752941 0.752941
vn 0.125268 0.746292 -0.653725
v 16.666460 8.723221 442.453674 0.752941 0.752941 0.752941
vn 0.710131 -0.653774 0.261331
v 29.095795 19.659689 461.673065 0.752941 0.752941 0.752941
vn -0.161479 0.293909 -0.942095
v 6.867625 9.029876 442.368256 0.752941 0.752941 0.752941
vn 0.675596 -0.478786 0.560656
v 27.143620 13.050767 462.493042 0.752941 0.752941 0.752941
vn -0.005687 0.205273 -0.978688
v 9.969674 10.140075 442.626831 0.752941 0.752941 0.752941
vn -0.061714 -0.911076 0.407592
v 24.437836 3.557992 443.036652 0.752941 0.752941 0.752941
vn 0.044417 -0.395946 -0.917199
v 11.167716 11.798497 442.556854 0.752941 0.752941 0.752941
vn 0.956048 -0.222990 0.190387
v 32.304188 24.662434 461.690643 0.752941 0.752941 0.752941
vn -0.628605 0.257225 -0.733956
v 7.406402 12.608074 442.498383 0.752941 0.752941 0.752941
vn -0.396153 0.826004 0.400973
v 19.453283 19.023987 443.002228 0.752941 0.752941 0.752941
vn -0.746750 0.549486 -0.374740
v 10.680595 16.073381 442.093262 0.752941 0.752941 0.752941
vn 0.440462 -0.801912 -0.403646
v 21.830601 15.176045 442.327087 0.752941 0.752941 0.752941
vn -0.411726 0.757121 0.507198
v 19.371201 19.457575 442.088531 0.752941 0.752941 0.752941
vn 0.296022 0.883933 -0.361985
v 30.469431 7.795945 442.631104 0.752941 0.752941 0.752941
vn -0.483015 0.710171 0.512205
v 20.461319 19.972137 442.354645 0.752941 0.752941 0.752941
vn 0.080401 0.924100 -0.373598
v 22.956161 8.288262 442.754608 0.752941 0.752941 0.752941
vn 0.011976 0.901407 -0.432806
v 25.560005 7.951855 442.228363 0.752941 0.752941 0.752941
vn -0.247208 -0.394612 -0.884969
v 7.749540 12.049898 442.422943 0.752941 0.752941 0.752941
vn 0.102114 0.833256 -0.543376
v 19.607304 8.371593 442.545746 0.752941 0.752941 0.752941
vn 0.606564 -0.512167 0.608084
v 27.545349 13.512431 462.281677 0.752941 0.752941 0.752941
vn 0.286450 -0.883068 -0.371668
v 16.739586 13.665163 442.515289 0.752941 0.752941 0.752941
vn 0.768596 -0.391443 -0.505997
v 28.063984 22.434929 442.769165 0.752941 0.752941 0.752941
vn -0.151674 0.442359 -0.883919
v 7.176503 9.421489 442.614380 0.752941 0.752941 0.752941
vn 0.749824 0.655337 -0.091094
v 29.077627 16.142820 462.127441 0.752941 0.752941 0.752941
vn 0.173248 0.896346 -0.408105
v 26.252119 8.006689 442.321747 0.752941 0.752941 0.752941
vn -0.147776 0.475232 -0.867362
v 7.737590 9.636965 442.554840 0.752941 0.752941 0.752941
vn 0.948302 0.317246 0.008815
v 30.819838 7.281377 442.654633 0.752941 0.752941 0.752941
vn 0.124223 0.614811 -0.778830
v 15.200191 9.217542 442.734802 0.752941 0.752941 0.752941
vn -0.093792 -0.386419 -0.917542
v 7.659917 11.596973 442.654572 0.752941 0.752941 0.752941
vn 0.943564 -0.272841 0.187736
v 32.037521 23.780867 461.915894 0.752941 0.752941 0.752941
vn 0.610796 -0.571637 -0.547868
v 24.377502 17.254751 442.289215 0.752941 0.752941 0.752941
vn 0.225097 -0.682843 -0.695023
v 14.261491 12.810035 442.510468 0.752941 0.752941 0.752941
vn 0.260138 -0.680709 -0.684809
v 14.849940 12.850954 442.639709 0.752941 0.752941 0.752941
vn 0.100014 0.401089 -0.910563
v 11.516838 9.840290 442.526794 0.752941 0.752941 0.752941
vn -0.113151 0.529648 -0.840636
v 6.861397 9.216263 442.500183 0.752941 0.752941 0.752941
vn 0.719244 -0.410640 -0.560413
v 26.451452 19.726171 442.667908 0.752941 0.752941 0.752941
vn -0.044657 -0.500894 -0.864356
v 8.716879 11.752853 442.594940 0.752941 0.752941 0.752941
vn -0.191346 0.428184 -0.883202
v 7.454422 9.308470 442.462219 0.752941 0.752941 0.752941
vn -0.056813 0.318514 -0.946214
v 9.142352 9.600445 442.494781 0.752941 0.752941 0.752941
vn 0.969691 -0.116564 0.214739
v 32.898418 27.998232 461.929443 0.752941 0.752941 0.752941
vn 0.010901 -0.321829 -0.946735
v 10.124336 11.585712 442.551300 0.752941 0.752941 0.752941
vn 0.961192 -0.182210 0.207148
v 32.670780 26.390141 461.735931 0.752941 0.752941 0.752941
vn -0.213711 -0.208944 -0.954290
v 5.559236 8.517262 442.646698 0.752941 0.752941 0.752941
vn 0.715147 -0.438613 -0.544226
v 25.642923 18.525681 442.551636 0.752941 0.752941 0.752941
vn 0.672847 -0.412539 -0.614076
v 26.095449 18.957653 442.762817 0.752941 0.752941 0.752941
vn -0.203730 -0.331322 -0.921260
v 6.196492 8.134971 442.605347 0.752941 0.752941 0.752941
vn -0.114444 0.369193 -0.922280
v 6.000553 9.338123 442.676208 0.752941 0.752941 0.752941
vn -0.600816 0.617760 0.507339
v 23.516701 22.341328 442.693085 0.752941 0.752941 0.752941
vn 0.139178 0.460921 -0.876460
v 12.909776 9.648825 442.624512 0.752941 0.752941 0.752941
vn 0.088403 0.914056 -0.395836
v 28.322737 7.757572 442.214508 0.752941 0.752941 0.752941
vn -0.076580 -0.947782 0.309590
v 21.615196 3.539452 442.684052 0.752941 0.752941 0.752941
vn -0.217374 -0.582514 -0.783215
v 10.010182 6.640650 442.620178 0.752941 0.752941 0.752941
vn -0.361313 -0.186249 -0.913655
v 7.275068 11.929485 442.572968 0.752941 0.752941 0.752941
vn -0.004607 0.467314 -0.884079
v 8.638189 9.479716 442.436218 0.752941 0.752941 0.752941
vn -0.153800 -0.600852 -0.784425
v 10.701956 6.288989 442.705505 0.752941 0.752941 0.752941
vn -0.107199 -0.513211 -0.851542
v 11.634486 6.736870 442.277405 0.752941 0.752941 0.752941
vn 0.129812 0.587034 -0.799087
v 13.353566 9.315492 442.515961 0.752941 0.752941 0.752941
vn -0.215096 -0.486087 -0.847026
v 6.946276 7.781656 442.609833 0.752941 0.752941 0.752941
vn 0.135056 0.655201 -0.743284
v 14.890074 9.134446 442.584961 0.752941 0.752941 0.752941
vn 0.207889 -0.264254 -0.941781
v 11.709465 11.609789 442.651947 0.752941 0.752941 0.752941
vn -0.201318 -0.650270 -0.732544
v 7.596207 7.058726 442.942413 0.752941 0.752941 0.752941
vn 0.135875 -0.489498 -0.861353
v 12.524555 12.093646 442.659760 0.752941 0.752941 0.752941
vn 0.677037 -0.499893 -0.540119
v 25.567390 18.184900 442.676300 0.752941 0.752941 0.752941
vn -0.006868 -0.045501 -0.998941
v 10.094194 10.752815 442.635132 0.752941 0.752941 0.752941
vn 0.414295 -0.697303 0.584918
v 27.928514 13.409908 461.770386 0.752941 0.752941 0.752941
vn 0.069919 -0.210981 -0.974986
v 10.800347 11.488036 442.640747 0.752941 0.752941 0.752941
vn -0.199118 0.392144 -0.898095
v 6.326724 9.022635 442.534882 0.752941 0.752941 0.752941
vn 0.251159 -0.633152 -0.732146
v 14.576532 12.716788 442.679474 0.752941 0.752941 0.752941
vn 0.109113 0.359917 -0.926582
v 12.475958 9.929928 442.716827 0.752941 0.752941 0.752941
vn -0.102270 0.438528 -0.892880
v 7.783684 9.776518 442.648651 0.752941 0.752941 0.752941
vn 0.117722 0.151928 -0.981356
v 11.492661 10.432798 442.672577 0.752941 0.752941 0.752941
vn 0.154343 0.391419 -0.907176
v 11.925154 9.776440 442.585999 0.752941 0.752941 0.752941
vn -0.141638 -0.989506 -0.028592
v 17.932236 4.027711 443.102753 0.752941 0.752941 0.752941
vn 0.045560 0.938526 -0.342189
v 24.660810 8.129470 442.602509 0.752941 0.752941 0.752941
vn 0.207377 0.886234 -0.414227
v 26.441900 7.916643 442.295258 0.752941 0.752941 0.752941
vn -0.534547 0.711161 -0.456628
v 9.313434 14.655432 442.925598 0.752941 0.752941 0.752941
vn -0.180108 -0.983439 -0.020206
v 20.044756 3.678242 442.712982 0.752941 0.752941 0.752941
vn 0.214013 0.908710 -0.358390
v 27.878410 7.851631 442.498108 0.752941 0.752941 0.752941
vn -0.014103 -0.310507 -0.950467
v 8.200962 11.504101 442.702667 0.752941 0.752941 0.752941
vn 0.120130 0.803044 -0.583686
v 18.484554 8.771267 442.851776 0.752941 0.752941 0.752941
vn 0.860452 0.371623 0.348595
v 29.550970 15.648785 462.267944 0.752941 0.752941 0.752941
vn 0.268294 -0.681646 -0.680718
v 15.168772 12.831859 442.816345 0.752941 0.752941 0.752941
vn 0.150983 -0.048866 -0.987328
v 12.054486 11.422989 442.798676 0.752941 0.752941 0.752941
vn 0.233345 -0.369270 -0.899550
v 12.107502 11.764764 442.761108 0.752941 0.752941 0.752941
vn -0.298389 -0.158962 -0.941114
v 5.017885 8.716538 442.737030 0.752941 0.752941 0.752941
vn 0.732927 -0.403444 -0.547768
v 27.133171 20.650349 442.846283 0.752941 0.752941 0.752941
vn 0.069838 0.859639 -0.506106
v 26.890854 8.086164 442.725006 0.752941 0.752941 0.752941
vn 0.318765 0.791164 -0.521966
v 28.093590 24.434826 442.840759 0.752941 0.752941 0.752941
vn 0.462613 -0.795435 -0.391501
v 23.119286 15.823586 442.721832 0.752941 0.752941 0.752941
vn -0.062495 0.031410 -0.997551
v 9.405313 10.637810 442.750519 0.752941 0.752941 0.752941
vn 0.112420 0.628765 -0.769426
v 14.054543 9.189809 442.528778 0.752941 0.752941 0.752941
vn -0.210493 -0.233436 -0.949316
v 7.148482 11.468473 442.767334 0.752941 0.752941 0.752941
vn 0.122770 0.607926 -0.784445
v 14.446682 9.330083 442.662384 0.752941 0.752941 0.752941
vn -0.239381 0.107673 -0.964937
v 5.006632 8.988127 442.728973 0.752941 0.752941 0.752941
vn 0.231629 -0.537767 -0.810651
v 14.093832 12.287416 442.872772 0.752941 0.752941 0.752941
vn 0.111275 0.725043 -0.679655
v 16.267738 8.966841 442.650238 0.752941 0.752941 0.752941
vn -0.047673 -0.149029 -0.987683
v 8.697390 11.283987 442.722473 0.752941 0.752941 0.752941
vn -0.068705 -0.226981 -0.971473
v 9.422612 11.261556 442.676300 0.752941 0.752941 0.752941
vn 0.606263 -0.594341 -0.528398
v 24.200994 16.706970 442.668457 0.752941 0.752941 0.752941
vn 0.200554 0.137310 -0.970012
v 11.746120 10.512085 442.742096 0.752941 0.752941 0.752941
vn 0.055561 -0.024362 -0.998158
v 10.742910 10.683876 442.693970 0.752941 0.752941 0.752941
vn 0.151652 0.248823 -0.956603
v 12.225059 10.076115 442.733551 0.752941 0.752941 0.752941
vn 0.586842 -0.597622 -0.546318
v 25.098951 17.491974 442.821289 0.752941 0.752941 0.752941
vn -0.085464 0.272289 -0.958412
v 8.519346 10.019772 442.706787 0.752941 0.752941 0.752941
vn 0.162897 0.738628 -0.654136
v 17.155472 8.772321 442.594513 0.752941 0.752941 0.752941
vn -0.059616 0.087539 -0.994376
v 8.787518 10.550143 442.713654 0.752941 0.752941 0.752941
vn 0.048850 -0.091832 -0.994576
v 11.330096 11.288177 442.682220 0.752941 0.752941 0.752941
vn -0.745677 0.617939 -0.249233
v 27.795708 24.193958 461.227386 0.752941 0.752941 0.752941
vn -0.209221 -0.506564 -0.836432
v 13.321782 5.232007 442.861115 0.752941 0.752941 0.752941
vn 0.188345 -0.393936 -0.899633
v 13.497573 11.936696 442.906769 0.752941 0.752941 0.752941
vn -0.269658 0.371842 -0.888267
v 5.437381 9.662765 442.912384 0.752941 0.752941 0.752941
vn -0.125524 0.402806 -0.906637
v 6.624522 9.569426 442.736328 0.752941 0.752941 0.752941
vn 0.062344 0.877588 -0.475344
v 20.796871 8.336884 442.665771 0.752941 0.752941 0.752941
vn -0.568443 0.658795 0.492809
v 21.809929 20.649698 442.755524 0.752941 0.752941 0.752941
vn -0.627603 0.663124 0.407897
v 24.462095 23.161488 442.884460 0.752941 0.752941 0.752941
vn 0.747725 -0.432771 -0.503604
v 27.686865 21.666430 442.830200 0.752941 0.752941 0.752941
vn 0.804523 0.573571 -0.154137
v 30.684145 7.638733 442.818054 0.752941 0.752941 0.752941
vn -0.512670 0.693002 0.506870
v 21.153799 20.416498 442.389191 0.752941 0.752941 0.752941
vn -0.121630 0.975022 -0.185842
v 27.305895 24.535353 443.081757 0.752941 0.752941 0.752941
vn -0.221139 0.363471 -0.904979
v 5.188236 9.309960 442.802399 0.752941 0.752941 0.752941
vn -0.184420 0.133400 -0.973752
v 7.452642 10.262036 442.834290 0.752941 0.752941 0.752941
vn 0.168699 0.474606 -0.863880
v 13.428527 9.594084 442.695648 0.752941 0.752941 0.752941
vn -0.120291 -0.606458 -0.785963
v 11.008162 6.053659 442.879272 0.752941 0.752941 0.752941
vn -0.152436 -0.567164 -0.809375
v 11.788382 5.857590 442.834747 0.752941 0.752941 0.752941
vn -0.122888 0.287217 -0.949950
v 6.692788 9.932692 442.829651 0.752941 0.752941 0.752941
vn 0.148628 -0.076437 -0.985935
v 11.994732 11.224129 442.788330 0.752941 0.752941 0.752941
vn -0.170209 0.365633 -0.915064
v 7.380584 9.809484 442.745575 0.752941 0.752941 0.752941
vn 0.099713 0.901474 -0.421192
v 26.148272 8.214235 442.856415 0.752941 0.752941 0.752941
vn 0.068737 -0.066768 -0.995398
v 12.232059 11.150777 442.784851 0.752941 0.752941 0.752941
vn -0.164244 -0.440722 -0.882490
v 14.797520 5.406250 442.556183 0.752941 0.752941 0.752941
vn 0.064769 -0.187421 -0.980142
v 12.551191 11.701629 442.803131 0.752941 0.752941 0.752941
vn -0.079610 -0.017325 -0.996676
v 8.025123 10.715873 442.770874 0.752941 0.752941 0.752941
vn -0.650923 0.601123 0.463627
v 24.235477 22.427736 443.538483 0.752941 0.752941 0.752941
vn 0.134495 -0.424011 -0.895615
v 12.845797 12.054558 442.701630 0.752941 0.752941 0.752941
vn -0.244243 -0.366765 -0.897679
v 5.198054 8.283242 442.820984 0.752941 0.752941 0.752941
vn -0.174432 -0.781850 -0.598569
v 16.637489 4.394639 442.724426 0.752941 0.752941 0.752941
vn -0.201005 -0.957720 -0.205837
v 19.060480 3.877257 442.666138 0.752941 0.752941 0.752941
vn -0.563972 0.823594 -0.060236
v 10.381698 16.013372 442.848511 0.752941 0.752941 0.752941
vn -0.460851 0.883792 0.080800
v 11.636803 16.861311 442.543945 0.752941 0.752941 0.752941
vn -0.571541 0.673712 -0.468458
v 8.621246 13.981261 442.464722 0.752941 0.752941 0.752941
vn -0.381085 0.834821 0.397300
v 18.724316 18.492430 443.236237 0.752941 0.752941 0.752941
vn 0.108878 0.881200 -0.460035
v 27.943110 8.060019 442.806335 0.752941 0.752941 0.752941
vn 0.148421 0.907870 -0.392101
v 27.699186 24.452385 442.698456 0.752941 0.752941 0.752941
vn -0.357466 0.840100 0.407982
v 17.081730 18.087614 442.606506 0.752941 0.752941 0.752941
vn -0.194647 -0.729145 -0.656094
v 15.400887 4.527011 442.848663 0.752941 0.752941 0.752941
vn 0.996783 0.059648 0.053535
v 28.323898 17.760031 461.852478 0.752941 0.752941 0.752941
vn -0.126052 0.143353 -0.981611
v 6.660481 10.231482 442.892700 0.752941 0.752941 0.752941
vn -0.117857 0.128953 -0.984622
v 7.112909 10.319906 442.955841 0.752941 0.752941 0.752941
vn 0.043574 0.903145 -0.427118
v 22.271482 8.140912 442.373260 0.752941 0.752941 0.752941
vn 0.127669 0.679875 -0.722129
v 16.461914 9.141691 442.856537 0.752941 0.752941 0.752941
vn -0.226924 -0.572518 -0.787863
v 6.510118 7.534272 442.884247 0.752941 0.752941 0.752941
vn 0.717771 -0.425547 -0.551103
v 26.161623 19.286575 442.617310 0.752941 0.752941 0.752941
vn 0.729154 -0.410169 -0.547810
v 26.969486 20.078461 443.051483 0.752941 0.752941 0.752941
vn 0.140834 -0.820497 0.554032
v 26.997303 11.971987 461.492188 0.752941 0.752941 0.752941
vn 0.149981 0.374702 -0.914934
v 13.048460 9.918297 442.774139 0.752941 0.752941 0.752941
vn 0.116984 0.653244 -0.748056
v 15.975936 9.228630 442.852478 0.752941 0.752941 0.752941
vn 0.142825 0.197305 -0.969882
v 12.294272 10.496449 442.833618 0.752941 0.752941 0.752941
vn 0.090263 0.845068 -0.526984
v 20.238346 8.336447 442.583832 0.752941 0.752941 0.752941
vn 0.197646 -0.039263 -0.979487
v 11.726017 10.976280 442.753448 0.752941 0.752941 0.752941
vn -0.905586 -0.423794 0.017660
v 23.585386 15.347790 462.063385 0.752941 0.752941 0.752941
vn 0.122635 0.003029 -0.992447
v 12.257504 10.684868 442.863342 0.752941 0.752941 0.752941
vn 0.279083 -0.131787 -0.951181
v 12.690716 11.409715 442.870575 0.752941 0.752941 0.752941
vn 0.088107 -0.034715 -0.995506
v 12.580503 10.641216 442.900818 0.752941 0.752941 0.752941
vn 0.256989 -0.029827 -0.965954
v 12.645830 11.006474 442.840302 0.752941 0.752941 0.752941
vn -0.167754 -0.128265 -0.977449
v 7.542463 11.049709 442.812408 0.752941 0.752941 0.752941
vn -0.842484 -0.520251 0.139860
v 24.097582 14.156199 460.774139 0.752941 0.752941 0.752941
vn -0.187540 -0.539597 -0.820770
v 12.362240 5.379587 443.067261 0.752941 0.752941 0.752941
vn -0.201738 -0.471652 -0.858397
v 12.870758 5.537711 442.830536 0.752941 0.752941 0.752941
vn 0.185657 0.359522 -0.914481
v 13.557589 9.741199 442.791748 0.752941 0.752941 0.752941
vn -0.289251 -0.207732 -0.934442
v 4.748428 8.564469 442.873322 0.752941 0.752941 0.752941
vn 0.313957 -0.674475 -0.668217
v 15.750112 12.888220 442.987244 0.752941 0.752941 0.752941
vn 0.162631 0.279173 -0.946368
v 13.616236 10.087469 442.917114 0.752941 0.752941 0.752941
vn 0.801159 -0.208085 -0.561110
v 28.563013 23.342438 442.852112 0.752941 0.752941 0.752941
vn 0.124877 0.552436 -0.824148
v 14.864754 9.595606 442.954498 0.752941 0.752941 0.752941
vn 0.121887 0.786994 -0.604801
v 17.660570 8.668980 442.621399 0.752941 0.752941 0.752941
vn 0.492927 -0.773713 -0.397984
v 23.406885 15.941083 442.704590 0.752941 0.752941 0.752941
vn 0.603092 -0.585752 -0.541456
v 24.683065 17.206079 442.676880 0.752941 0.752941 0.752941
vn -0.082713 0.373950 -0.923753
v 5.667486 9.679050 442.874237 0.752941 0.752941 0.752941
vn 0.124350 0.804958 -0.580155
v 19.429173 8.722596 443.000671 0.752941 0.752941 0.752941
vn -0.116364 0.405051 -0.906859
v 6.157284 9.711952 442.877502 0.752941 0.752941 0.752941
vn -0.894364 0.357035 -0.269518
v 23.390146 19.201828 461.954773 0.752941 0.752941 0.752941
vn -0.157711 -0.005881 -0.987468
v 6.593947 10.715223 442.951477 0.752941 0.752941 0.752941
vn -0.961714 0.107746 -0.251987
v 22.958759 18.069139 462.773071 0.752941 0.752941 0.752941
vn 0.098280 0.843771 -0.527629
v 20.422951 8.562579 443.017242 0.752941 0.752941 0.752941
vn -0.431971 -0.008613 -0.901847
v 3.465199 9.164618 443.201324 0.752941 0.752941 0.752941
vn 0.215392 -0.106249 -0.970730
v 12.894602 11.287254 442.966095 0.752941 0.752941 0.752941
vn 0.123549 0.573528 -0.809816
v 14.421462 9.612199 442.884186 0.752941 0.752941 0.752941
vn 0.929566 -0.210172 0.302878
v 30.700506 3.457144 442.649902 0.752941 0.752941 0.752941
vn 0.526991 0.621956 -0.579182
v 28.256889 24.217745 442.667908 0.752941 0.752941 0.752941
vn 0.506540 -0.765988 -0.395828
v 23.138607 15.639791 443.044434 0.752941 0.752941 0.752941
vn 0.505208 -0.783363 -0.362088
v 23.522684 15.906687 443.025696 0.752941 0.752941 0.752941
vn 0.128136 -0.877940 0.461305
v 29.899330 2.903454 442.739288 0.752941 0.752941 0.752941
vn 0.659309 -0.481513 -0.577457
v 25.118437 17.966187 442.410461 0.752941 0.752941 0.752941
vn 0.118706 0.595200 -0.794762
v 15.525781 9.239863 442.797485 0.752941 0.752941 0.752941
vn 0.970073 0.198704 0.139556
v 33.038757 28.838236 461.615204 0.752941 0.752941 0.752941
vn 0.205554 -0.240218 -0.948706
v 13.095962 11.728083 442.915283 0.752941 0.752941 0.752941
vn 0.082490 0.157905 -0.984003
v 13.237678 10.317325 442.968140 0.752941 0.752941 0.752941
vn 0.690641 -0.414805 -0.592412
v 26.312485 18.919895 443.005310 0.752941 0.752941 0.752941
vn 0.170033 0.123896 -0.977619
v 12.931702 10.432373 442.926392 0.752941 0.752941 0.752941
vn 0.049858 0.917735 -0.394052
v 23.713230 8.322706 442.944672 0.752941 0.752941 0.752941
vn 0.247345 -0.918486 -0.308551
v 17.683369 13.729877 442.911896 0.752941 0.752941 0.752941
vn -0.530121 0.314988 -0.787245
v 6.290103 11.275456 443.014923 0.752941 0.752941 0.752941
vn -0.341047 0.263371 -0.902398
v 3.730217 9.309264 442.968231 0.752941 0.752941 0.752941
vn -0.018483 0.329582 -0.943946
v 4.364111 9.216776 442.970001 0.752941 0.752941 0.752941
vn -0.208551 0.065331 -0.975827
v 4.448765 9.006643 442.941772 0.752941 0.752941 0.752941
vn -0.125719 -0.154247 -0.980001
v 7.204405 10.921495 442.918915 0.752941 0.752941 0.752941
vn -0.191838 0.352413 -0.915971
v 4.650999 9.308740 442.958099 0.752941 0.752941 0.752941
vn 0.728726 0.264006 -0.631870
v 28.570478 23.911629 442.779572 0.752941 0.752941 0.752941
vn -0.195071 -0.651593 -0.733058
v 8.452555 6.838815 442.955933 0.752941 0.752941 0.752941
vn -0.194165 -0.077184 -0.977928
v 6.753536 11.201120 442.883087 0.752941 0.752941 0.752941
vn 0.301968 0.046025 -0.952206
v 12.834146 11.022371 442.956665 0.752941 0.752941 0.752941
vn -0.208473 -0.827849 -0.520774
v 17.408833 4.235861 442.621368 0.752941 0.752941 0.752941
vn -0.640225 0.695334 0.326529
v 25.890190 23.817673 444.049957 0.752941 0.752941 0.752941
vn -0.679731 0.330398 -0.654831
v 6.682372 12.210120 442.981171 0.752941 0.752941 0.752941
vn -0.388754 0.824718 0.410745
v 18.702154 18.803291 442.677795 0.752941 0.752941 0.752941
vn 0.056775 0.914663 -0.400209
v 27.302013 8.025627 442.675293 0.752941 0.752941 0.752941
vn -0.442107 0.886439 0.136998
v 11.261873 16.677683 442.953247 0.752941 0.752941 0.752941
vn 0.815195 0.577501 -0.044143
v 29.752291 15.427770 461.735626 0.752941 0.752941 0.752941
vn -0.686255 0.650490 -0.325451
v 8.092776 13.696851 442.968445 0.752941 0.752941 0.752941
vn -0.443250 0.084820 -0.892376
v 6.851769 11.569141 442.867889 0.752941 0.752941 0.752941
vn -0.095095 -0.980931 -0.169503
v 16.032709 4.331715 442.958984 0.752941 0.752941 0.752941
vn 0.315775 -0.727622 -0.608976
v 16.950359 13.509440 442.870300 0.752941 0.752941 0.752941
vn 0.873676 0.475932 -0.100887
v 28.675758 16.592297 461.574341 0.752941 0.752941 0.752941
vn -0.903162 0.428277 0.029634
v 27.204782 23.599503 461.736572 0.752941 0.752941 0.752941
vn -0.245552 0.374175 -0.894258
v 5.094708 9.823323 443.135071 0.752941 0.752941 0.752941
vn 0.753133 -0.428972 -0.498772
v 25.577925 17.760193 443.148712 0.752941 0.752941 0.752941
vn 0.568543 -0.724792 -0.389146
v 23.832952 16.107910 443.080933 0.752941 0.752941 0.752941
vn 0.137469 0.808910 -0.571636
v 19.937485 8.702987 443.118713 0.752941 0.752941 0.752941
vn 0.674139 -0.438380 -0.594440
v 25.962591 18.550428 442.894226 0.752941 0.752941 0.752941
vn 0.221178 0.237089 -0.945975
v 14.188105 10.272731 443.141296 0.752941 0.752941 0.752941
vn 0.166164 0.469600 -0.867102
v 14.007722 9.648064 442.860046 0.752941 0.752941 0.752941
vn 0.154571 0.085028 -0.984316
v 13.299133 10.528352 442.955566 0.752941 0.752941 0.752941
vn 0.167625 0.025379 -0.985524
v 13.173913 11.034017 443.004700 0.752941 0.752941 0.752941
vn 0.310286 -0.720702 -0.619929
v 16.478521 13.298035 442.885925 0.752941 0.752941 0.752941
vn 0.323223 -0.625739 -0.709914
v 16.170317 12.703162 443.335876 0.752941 0.752941 0.752941
vn 0.969202 0.006574 0.246179
v 30.705009 5.820073 442.575470 0.752941 0.752941 0.752941
vn -0.181565 -0.808015 -0.560486
v 14.502176 4.638718 442.995056 0.752941 0.752941 0.752941
vn 0.783318 -0.559096 0.271707
v 29.735821 14.216471 461.103241 0.752941 0.752941 0.752941
vn -0.330898 -0.116139 -0.936493
v 3.836900 9.051596 442.910522 0.752941 0.752941 0.752941
vn -0.201169 0.087487 -0.975642
v 6.261238 10.522643 443.034149 0.752941 0.752941 0.752941
vn 0.488628 -0.731578 0.475432
v 28.805279 13.628836 461.670288 0.752941 0.752941 0.752941
vn -0.839659 0.497242 -0.218456
v 29.130344 25.566950 460.699615 0.752941 0.752941 0.752941
vn -0.167750 -0.674629 -0.718843
v 13.925153 4.731125 443.061218 0.752941 0.752941 0.752941
vn -0.724309 0.610769 -0.319903
v 24.299994 20.842373 462.216736 0.752941 0.752941 0.752941
vn 0.158513 0.650895 -0.742435
v 16.448662 9.418384 443.092010 0.752941 0.752941 0.752941
vn 0.168793 0.668332 -0.724460
v 16.681063 9.307725 443.044586 0.752941 0.752941 0.752941
vn 0.551355 -0.498528 0.668938
v 27.269682 12.246528 461.567810 0.752941 0.752941 0.752941
vn -0.260585 -0.638685 -0.724001
v 9.911921 5.903163 443.345642 0.752941 0.752941 0.752941
vn 0.089902 0.914868 -0.393616
v 28.610046 8.003703 442.901855 0.752941 0.752941 0.752941
vn 0.207090 0.961765 -0.179224
v 32.501015 29.552658 461.475372 0.752941 0.752941 0.752941
vn 0.748111 -0.417404 -0.515852
v 27.260374 21.237635 442.600220 0.752941 0.752941 0.752941
vn 0.591083 -0.666711 0.454002
v 30.569675 3.119719 442.572418 0.752941 0.752941 0.752941
vn 0.175598 0.716646 -0.674970
v 17.416714 9.064070 443.008240 0.752941 0.752941 0.752941
vn 0.175028 0.730582 -0.660011
v 17.547422 8.929716 442.885925 0.752941 0.752941 0.752941
vn 0.159086 0.746029 -0.646632
v 17.940470 9.012540 443.091583 0.752941 0.752941 0.752941
vn 0.096330 0.924875 -0.367869
v 22.412666 8.511296 443.190033 0.752941 0.752941 0.752941
vn 0.141041 0.733044 -0.665397
v 18.779915 8.899187 443.158112 0.752941 0.752941 0.752941
vn 0.233397 -0.268657 -0.934532
v 14.014430 11.885296 443.034943 0.752941 0.752941 0.752941
vn -0.046802 -0.913180 0.404860
v 23.074472 3.635894 443.027191 0.752941 0.752941 0.752941
vn 0.735352 -0.400122 -0.546955
v 26.637022 19.198116 443.248413 0.752941 0.752941 0.752941
vn -0.116717 0.221329 -0.968189
v 6.111189 10.054611 443.023071 0.752941 0.752941 0.752941
vn -0.234761 0.254795 -0.938066
v 5.600849 10.165291 443.025116 0.752941 0.752941 0.752941
vn -0.186946 0.179902 -0.965757
v 5.712161 10.658268 443.099823 0.752941 0.752941 0.752941
vn 0.122332 0.482752 -0.867171
v 14.922181 9.913396 443.149139 0.752941 0.752941 0.752941
vn -0.250680 -0.293405 -0.922536
v 4.307048 8.325027 443.030762 0.752941 0.752941 0.752941
vn 0.579922 -0.658930 -0.479064
v 24.265345 16.501535 442.956665 0.752941 0.752941 0.752941
vn 0.039048 0.416450 -0.908320
v 4.302824 9.574001 443.200348 0.752941 0.752941 0.752941
vn 0.287723 0.089386 -0.953533
v 13.476221 10.699590 443.031921 0.752941 0.752941 0.752941
vn -0.226976 0.390441 -0.892210
v 4.657536 9.647236 443.131592 0.752941 0.752941 0.752941
vn 0.701618 -0.467794 -0.537495
v 25.434061 17.640749 442.964783 0.752941 0.752941 0.752941
vn 0.218811 -0.084982 -0.972060
v 13.507295 11.197758 443.079041 0.752941 0.752941 0.752941
vn -0.162040 -0.986251 0.032419
v 17.142202 4.134478 443.348816 0.752941 0.752941 0.752941
vn -0.574464 0.817982 -0.029961
v 11.009846 16.353666 442.717133 0.752941 0.752941 0.752941
vn 0.043401 0.897515 -0.438842
v 29.222254 7.877868 442.583038 0.752941 0.752941 0.752941
vn -0.209271 0.869159 0.448071
v 14.167439 17.101229 443.039398 0.752941 0.752941 0.752941
vn 0.021583 0.926901 -0.374686
v 25.207148 8.238323 442.925446 0.752941 0.752941 0.752941
vn 0.002331 0.918470 -0.395484
v 25.683189 8.235801 442.798248 0.752941 0.752941 0.752941
vn -0.570358 0.627768 0.529716
v 21.825171 20.848505 442.538605 0.752941 0.752941 0.752941
vn 0.063336 0.937608 -0.341876
v 27.611116 8.258793 443.434692 0.752941 0.752941 0.752941
vn -0.239246 -0.488953 -0.838860
v 5.723098 8.007935 442.805786 0.752941 0.752941 0.752941
vn -0.632692 0.327419 -0.701782
v 6.406442 11.451719 443.115082 0.752941 0.752941 0.752941
vn 0.084072 0.906641 -0.413443
v 28.192032 8.208449 443.123138 0.752941 0.752941 0.752941
vn -0.866045 0.499733 0.015303
v 26.917179 22.718939 461.500824 0.752941 0.752941 0.752941
vn -0.197621 -0.631409 -0.749846
v 10.878277 5.578931 443.278809 0.752941 0.752941 0.752941
vn -0.268310 0.876640 0.399389
v 16.300859 17.635258 443.105957 0.752941 0.752941 0.752941
vn 0.532320 0.615582 -0.581114
v 28.699482 24.340160 443.208344 0.752941 0.752941 0.752941
vn 0.677123 -0.496933 -0.542735
v 25.912056 18.251228 443.061096 0.752941 0.752941 0.752941
vn 0.268506 0.138167 -0.953318
v 13.742686 10.621382 443.128174 0.752941 0.752941 0.752941
vn -0.250540 -0.467923 -0.847513
v 4.588599 8.053379 443.061859 0.752941 0.752941 0.752941
vn 0.061943 0.441219 -0.895259
v 3.873674 9.527949 443.030365 0.752941 0.752941 0.752941
vn -0.446802 -0.830350 0.332996
v 26.210791 11.987003 461.111481 0.752941 0.752941 0.752941
vn 0.276304 -0.548022 -0.789511
v 15.124073 12.507411 443.022430 0.752941 0.752941 0.752941
vn -0.444251 0.590669 -0.673610
v 5.759818 10.859857 443.139832 0.752941 0.752941 0.752941
vn 0.168422 0.569843 -0.804309
v 15.554522 9.557390 443.020111 0.752941 0.752941 0.752941
vn 0.160452 0.435582 -0.885733
v 14.546038 9.913363 443.090332 0.752941 0.752941 0.752941
vn 0.160344 0.701237 -0.694662
v 16.864344 9.138487 442.928375 0.752941 0.752941 0.752941
vn -0.962711 -0.263709 -0.060377
v 23.206841 16.462254 462.046112 0.752941 0.752941 0.752941
vn 0.333806 -0.387770 -0.859190
v 15.835061 12.260671 443.478821 0.752941 0.752941 0.752941
vn 0.433813 0.761753 -0.481184
v 28.493122 24.433102 443.140106 0.752941 0.752941 0.752941
vn 0.110041 0.850745 -0.513930
v 21.074718 8.671532 443.289795 0.752941 0.752941 0.752941
vn -0.204317 -0.864686 -0.458881
v 13.126338 4.780057 443.246063 0.752941 0.752941 0.752941
vn 0.034266 0.915083 -0.401806
v 23.110065 8.419379 443.112518 0.752941 0.752941 0.752941
vn 0.316449 -0.796681 -0.514937
v 17.781300 13.650011 443.192261 0.752941 0.752941 0.752941
vn 0.240342 -0.171120 -0.955486
v 14.369328 11.334725 443.243713 0.752941 0.752941 0.752941
vn -0.419476 0.621081 -0.662041
v 3.792912 9.689605 443.140411 0.752941 0.752941 0.752941
vn -0.404485 0.621311 -0.671092
v 5.045902 10.254280 443.276825 0.752941 0.752941 0.752941
vn -0.557460 0.496594 -0.665307
v 5.347707 10.537489 443.225372 0.752941 0.752941 0.752941
vn 0.327727 -0.676736 -0.659260
v 16.733753 13.204739 443.046356 0.752941 0.752941 0.752941
vn 0.697188 -0.463518 0.546882
v 27.589275 12.930435 461.568512 0.752941 0.752941 0.752941
vn 0.313436 -0.797807 -0.515036
v 17.316385 13.550244 442.989929 0.752941 0.752941 0.752941
vn 0.930111 -0.309698 0.197433
v 28.393980 18.558426 461.420593 0.752941 0.752941 0.752941
vn -0.028059 0.553122 -0.832628
v 4.152896 9.889922 443.267761 0.752941 0.752941 0.752941
vn 0.275261 -0.916930 -0.288913
v 18.623487 13.901587 443.160736 0.752941 0.752941 0.752941
vn 0.296553 -0.924045 -0.241240
v 19.722031 14.214874 442.548859 0.752941 0.752941 0.752941
vn -0.423158 0.791478 0.441021
v 19.921457 19.295416 442.826965 0.752941 0.752941 0.752941
vn -0.143502 -0.973994 -0.175334
v 14.028592 4.615171 443.318298 0.752941 0.752941 0.752941
vn 0.124404 0.905158 -0.406464
v 27.107895 8.213171 442.916656 0.752941 0.752941 0.752941
vn 0.586236 0.804640 -0.094240
v 32.714321 29.395279 461.234955 0.752941 0.752941 0.752941
vn 0.965561 -0.174472 0.193005
v 32.791470 26.774399 461.459076 0.752941 0.752941 0.752941
vn -0.521416 0.741282 0.422642
v 21.601547 19.883038 443.674072 0.752941 0.752941 0.752941
vn -0.064709 0.943581 -0.324756
v 27.942097 8.267164 443.318787 0.752941 0.752941 0.752941
vn 0.961941 -0.211756 0.172713
v 32.545742 25.243515 461.120819 0.752941 0.752941 0.752941
vn 0.859311 0.511182 -0.016678
v 30.588858 7.914194 443.545685 0.752941 0.752941 0.752941
vn 0.968648 0.248405 -0.004018
v 28.360472 17.245258 461.258301 0.752941 0.752941 0.752941
vn 0.446428 0.855991 -0.260734
v 30.419445 8.006529 443.151062 0.752941 0.752941 0.752941
vn 0.166156 0.688120 -0.706316
v 17.794668 9.405402 443.443359 0.752941 0.752941 0.752941
vn -0.581898 0.648022 0.491388
v 22.641464 21.025620 443.217987 0.752941 0.752941 0.752941
vn 0.893006 -0.401230 0.203852
v 31.637497 22.497049 461.620728 0.752941 0.752941 0.752941
vn 0.973253 -0.051553 0.223875
v 30.694695 4.088685 442.680847 0.752941 0.752941 0.752941
vn 0.652783 0.729998 -0.202426
v 29.543108 15.370331 460.940674 0.752941 0.752941 0.752941
vn 0.977244 -0.067184 0.201196
v 30.491043 6.358459 443.737732 0.752941 0.752941 0.752941
vn 0.168937 0.751306 -0.637966
v 19.119242 9.039769 443.383850 0.752941 0.752941 0.752941
vn 0.518705 -0.754829 -0.401470
v 23.523954 15.694324 443.427704 0.752941 0.752941 0.752941
vn 0.986730 0.042341 0.156754
v 30.717674 7.386961 443.422302 0.752941 0.752941 0.752941
vn 0.818654 -0.112037 -0.563252
v 29.046253 23.690870 443.434509 0.752941 0.752941 0.752941
vn -0.426257 -0.185948 -0.885284
v 3.645863 8.678997 443.224976 0.752941 0.752941 0.752941
vn -0.170239 -0.245378 -0.954363
v 3.355592 9.038370 443.278992 0.752941 0.752941 0.752941
vn -0.265606 0.100341 -0.958846
v 2.864989 9.259069 443.216064 0.752941 0.752941 0.752941
vn 0.192898 0.609296 -0.769122
v 16.607550 9.551688 443.257233 0.752941 0.752941 0.752941
vn -0.312894 -0.566924 -0.762033
v 4.050569 7.998775 443.305542 0.752941 0.752941 0.752941
vn -0.216386 -0.645414 -0.732542
v 6.664871 7.078397 443.219086 0.752941 0.752941 0.752941
vn -0.002936 -0.168039 -0.985776
v 3.084849 9.141108 443.247498 0.752941 0.752941 0.752941
vn -0.212424 0.426040 -0.879412
v 4.710832 10.146926 443.275055 0.752941 0.752941 0.752941
vn -0.284670 0.656665 -0.698394
v 3.079570 9.419416 443.280914 0.752941 0.752941 0.752941
vn 0.233907 -0.073692 -0.969462
v 14.754436 11.197499 443.351776 0.752941 0.752941 0.752941
vn 0.268891 -0.296239 -0.916482
v 14.776183 12.041533 443.200806 0.752941 0.752941 0.752941
vn -0.359059 0.663474 -0.656413
v 3.491292 9.617401 443.311798 0.752941 0.752941 0.752941
vn 0.092788 0.932415 -0.349274
v 22.765167 8.398198 443.039612 0.752941 0.752941 0.752941
vn -0.408495 -0.308095 -0.859191
v 3.787240 8.467065 443.177185 0.752941 0.752941 0.752941
vn 0.490651 -0.785250 -0.377683
v 23.134735 15.531803 443.267548 0.752941 0.752941 0.752941
vn 0.212837 -0.035038 -0.976459
v 14.208251 11.124487 443.234741 0.752941 0.752941 0.752941
vn 0.797078 -0.355812 -0.487918
v 28.865114 23.110344 443.484497 0.752941 0.752941 0.752941
vn 0.687063 -0.545984 -0.479422
v 25.534410 17.466597 443.333038 0.752941 0.752941 0.752941
vn 0.669674 -0.549882 -0.499166
v 25.781487 17.969263 443.230652 0.752941 0.752941 0.752941
vn 0.771312 -0.377950 -0.512086
v 27.844994 20.879875 443.725983 0.752941 0.752941 0.752941
vn -0.222959 -0.584157 -0.780417
v 5.156759 7.582334 443.245056 0.752941 0.752941 0.752941
vn 0.930286 -0.319165 0.180835
v 31.987175 23.243834 461.295410 0.752941 0.752941 0.752941
vn 0.784625 0.151879 -0.601079
v 28.915941 23.988806 443.184387 0.752941 0.752941 0.752941
vn 0.297724 -0.777523 -0.553913
v 18.095581 13.627009 443.366211 0.752941 0.752941 0.752941
vn 0.114591 0.663619 -0.739242
v 18.458548 9.166757 443.320465 0.752941 0.752941 0.752941
vn 0.390487 -0.752581 -0.530228
v 18.314672 13.593610 443.554565 0.752941 0.752941 0.752941
vn 0.220673 0.705999 -0.672956
v 18.898853 9.147192 443.404694 0.752941 0.752941 0.752941
vn 0.121994 0.698389 -0.705244
v 18.183144 9.110960 443.269287 0.752941 0.752941 0.752941
vn 0.089458 0.905932 -0.413864
v 22.347704 8.636752 443.508911 0.752941 0.752941 0.752941
vn -0.479208 -0.101204 -0.871847
v 2.603356 9.014390 443.390503 0.752941 0.752941 0.752941
vn 0.160555 0.238013 -0.957900
v 14.644104 10.295996 443.255951 0.752941 0.752941 0.752941
vn 0.222906 0.211599 -0.951598
v 15.178928 10.686180 443.350616 0.752941 0.752941 0.752941
vn 0.183706 0.115806 -0.976136
v 14.671345 10.637506 443.302856 0.752941 0.752941 0.752941
vn 0.365907 -0.688925 -0.625695
v 17.057325 13.198320 443.291962 0.752941 0.752941 0.752941
vn 0.938144 0.345846 -0.016608
v 29.904461 15.137367 461.269257 0.752941 0.752941 0.752941
vn 0.140781 0.604128 -0.784353
v 16.226574 9.667741 443.256042 0.752941 0.752941 0.752941
vn 0.585745 -0.695311 -0.416466
v 24.647169 16.468105 443.511444 0.752941 0.752941 0.752941
vn 0.569971 -0.743497 0.349778
v 30.110929 3.528418 443.410767 0.752941 0.752941 0.752941
vn -0.698306 0.653906 -0.291162
v 7.128200 12.900874 443.385437 0.752941 0.752941 0.752941
vn -0.096410 -0.958541 0.268149
v 19.013962 3.933936 443.286072 0.752941 0.752941 0.752941
vn -0.375321 0.315107 -0.871689
v 6.051312 10.983894 443.118134 0.752941 0.752941 0.752941
vn -0.667022 0.701662 -0.250503
v 10.017157 15.798343 443.224182 0.752941 0.752941 0.752941
vn -0.333386 0.868743 0.366252
v 16.962440 17.627905 443.685028 0.752941 0.752941 0.752941
vn 0.918121 -0.352460 0.181177
v 31.914694 22.769291 460.779053 0.752941 0.752941 0.752941
vn -0.557836 0.829951 -0.000624
v 10.855761 16.287386 443.261749 0.752941 0.752941 0.752941
vn -0.146969 0.886211 0.439351
v 13.071643 17.215023 442.446259 0.752941 0.752941 0.752941
vn 0.034315 0.935021 -0.352929
v 26.079023 8.430664 443.340027 0.752941 0.752941 0.752941
vn -0.356229 0.934374 -0.006785
v 27.344526 24.713594 444.473938 0.752941 0.752941 0.752941
vn -0.652990 0.564496 -0.504925
v 5.873891 11.057003 443.499023 0.752941 0.752941 0.752941
vn 0.858542 0.511177 0.040049
v 32.958340 29.140778 461.287170 0.752941 0.752941 0.752941
vn 0.603783 -0.630759 -0.487431
v 24.969069 16.944843 443.291809 0.752941 0.752941 0.752941
vn 0.646287 -0.641849 -0.412725
v 25.499210 16.988092 443.890228 0.752941 0.752941 0.752941
vn 0.957170 -0.239868 0.162139
v 32.394524 24.414246 460.920959 0.752941 0.752941 0.752941
vn 0.678254 -0.494217 -0.543801
v 25.786411 17.607185 443.608093 0.752941 0.752941 0.752941
vn 0.974560 -0.095628 0.202700
v 33.159763 28.195854 460.855194 0.752941 0.752941 0.752941
vn 0.967602 -0.172820 0.184064
v 33.070499 27.442892 460.737823 0.752941 0.752941 0.752941
vn 0.144518 0.784354 -0.603244
v 19.899340 8.916718 443.370911 0.752941 0.752941 0.752941
vn 0.675663 -0.518201 -0.524355
v 26.040638 17.979033 443.533356 0.752941 0.752941 0.752941
vn 0.131310 0.930381 -0.342270
v 27.268446 8.341609 443.476624 0.752941 0.752941 0.752941
vn 0.717477 -0.473354 -0.511040
v 26.188490 18.455605 443.233002 0.752941 0.752941 0.752941
vn 0.748315 -0.402611 -0.527189
v 27.100006 19.748039 443.504974 0.752941 0.752941 0.752941
vn -0.283561 -0.412403 -0.865746
v 3.107906 8.232129 443.485168 0.752941 0.752941 0.752941
vn -0.394973 0.810958 0.431674
v 19.330729 18.695810 443.613159 0.752941 0.752941 0.752941
vn 0.276458 -0.121029 -0.953374
v 15.228208 11.515532 443.436829 0.752941 0.752941 0.752941
vn 0.027505 0.912745 -0.407604
v 22.987762 8.608564 443.525269 0.752941 0.752941 0.752941
vn 0.542235 -0.733030 -0.410668
v 23.974279 15.999325 443.484497 0.752941 0.752941 0.752941
vn -0.206945 -0.250610 -0.945710
v 2.923928 8.781471 443.356262 0.752941 0.752941 0.752941
vn 0.259095 0.343419 -0.902736
v 15.477824 10.101120 443.330688 0.752941 0.752941 0.752941
vn 0.718433 0.667514 -0.195652
v 29.198465 15.848017 461.670563 0.752941 0.752941 0.752941
vn 0.154987 0.484921 -0.860715
v 16.352295 10.096895 443.561127 0.752941 0.752941 0.752941
vn 0.190385 0.543931 -0.817247
v 16.555918 9.832182 443.428131 0.752941 0.752941 0.752941
vn 0.911898 0.392087 -0.121285
v 28.502159 16.900497 461.063690 0.752941 0.752941 0.752941
vn 0.328835 -0.215871 -0.919384
v 15.537024 11.942133 443.447021 0.752941 0.752941 0.752941
vn -0.958310 -0.280396 0.054948
v 23.467245 15.463597 460.556488 0.752941 0.752941 0.752941
vn -0.230176 -0.635572 -0.736931
v 8.943967 6.441095 443.166504 0.752941 0.752941 0.752941
vn -0.428800 0.829576 -0.357679
v 4.181078 10.059021 443.450745 0.752941 0.752941 0.752941
vn -0.826017 0.521835 -0.213036
v 24.037380 19.833368 460.765747 0.752941 0.752941 0.752941
vn -0.930189 0.320148 -0.179593
v 23.536930 18.846838 460.883514 0.752941 0.752941 0.752941
vn -0.101497 -0.971218 0.215484
v 16.412418 4.294255 443.575562 0.752941 0.752941 0.752941
vn -0.096621 -0.797710 0.595250
v 27.160391 11.576614 460.977112 0.752941 0.752941 0.752941
vn -0.645229 0.639675 0.417727
v 25.014803 23.275097 443.551392 0.752941 0.752941 0.752941
vn -0.977954 0.133147 -0.160863
v 23.175743 18.027206 461.701782 0.752941 0.752941 0.752941
vn 0.214463 0.650704 -0.728416
v 17.198931 9.488782 443.356140 0.752941 0.752941 0.752941
vn 0.182500 0.509167 -0.841096
v 16.034975 9.887964 443.414581 0.752941 0.752941 0.752941
vn -0.525153 0.265993 -0.808370
v 2.280740 9.078447 443.582672 0.752941 0.752941 0.752941
vn -0.502206 0.723116 -0.474228
v 2.665796 9.308036 443.403961 0.752941 0.752941 0.752941
vn -0.357915 -0.206561 -0.910620
v 2.452070 8.766847 443.538910 0.752941 0.752941 0.752941
vn 0.231883 0.103827 -0.967187
v 15.076732 11.030932 443.431824 0.752941 0.752941 0.752941
vn -0.265719 0.654548 -0.707786
v 4.465504 10.155539 443.383545 0.752941 0.752941 0.752941
vn -0.882610 0.466004 -0.061970
v 26.967501 23.040594 461.026337 0.752941 0.752941 0.752941
vn 0.547792 -0.736647 0.396579
v 29.970013 3.255387 443.264801 0.752941 0.752941 0.752941
vn 0.784774 -0.489521 0.380129
v 30.507504 3.625435 443.356781 0.752941 0.752941 0.752941
vn -0.191285 -0.981146 -0.027612
v 12.342517 4.856135 443.733643 0.752941 0.752941 0.752941
vn -0.079124 -0.889035 0.450950
v 17.331606 4.276847 443.720032 0.752941 0.752941 0.752941
vn 0.469785 -0.807305 -0.357157
v 22.342026 15.260630 442.823395 0.752941 0.752941 0.752941
vn -0.373248 0.828386 0.417688
v 19.903099 19.002834 443.432861 0.752941 0.752941 0.752941
vn -0.298907 0.893688 0.334628
v 11.027628 16.354973 443.630035 0.752941 0.752941 0.752941
vn -0.486363 0.750045 0.448201
v 20.827848 19.713190 443.095734 0.752941 0.752941 0.752941
vn -0.734323 0.436564 -0.519790
v 5.961486 11.726574 443.527222 0.752941 0.752941 0.752941
vn -0.235480 -0.730057 -0.641534
v 12.307167 4.920121 443.375946 0.752941 0.752941 0.752941
vn -0.049258 -0.956576 0.287289
v 15.746450 4.389010 443.654358 0.752941 0.752941 0.752941
vn 0.163228 0.832175 -0.529944
v 21.268948 8.851552 443.646973 0.752941 0.752941 0.752941
vn 0.673001 -0.559184 -0.484131
v 25.700455 17.345087 443.731415 0.752941 0.752941 0.752941
vn 0.054609 0.903365 -0.425381
v 21.953537 8.588102 443.294403 0.752941 0.752941 0.752941
vn 0.759347 -0.424294 -0.493322
v 27.935753 21.386547 443.481354 0.752941 0.752941 0.752941
vn 0.731988 -0.424653 -0.532788
v 26.775679 18.994051 443.606903 0.752941 0.752941 0.752941
vn 0.741187 -0.414502 -0.528044
v 27.238974 19.365797 443.971985 0.752941 0.752941 0.752941
vn 0.429461 -0.756870 -0.492657
v 18.758047 13.809424 443.634094 0.752941 0.752941 0.752941
vn -0.396345 0.811307 0.429757
v 18.901146 18.369270 443.759766 0.752941 0.752941 0.752941
vn 0.802147 -0.552330 0.226917
v 28.758318 19.034458 461.396545 0.752941 0.752941 0.752941
vn 0.088666 0.902042 -0.422444
v 23.732460 8.660831 443.743408 0.752941 0.752941 0.752941
vn 0.168184 0.766002 -0.620448
v 19.618868 9.161032 443.621124 0.752941 0.752941 0.752941
vn 0.374381 -0.653972 -0.657389
v 17.545763 13.103589 443.660492 0.752941 0.752941 0.752941
vn 0.692639 -0.504782 -0.515215
v 26.538307 18.513292 443.744720 0.752941 0.752941 0.752941
vn 0.354275 0.123234 -0.926986
v 15.479560 10.765070 443.522614 0.752941 0.752941 0.752941
vn 0.746039 0.120485 -0.654912
v 29.235491 24.085325 443.668457 0.752941 0.752941 0.752941
vn -0.342537 -0.337405 -0.876827
v 2.670512 8.478724 443.516235 0.752941 0.752941 0.752941
vn -0.575633 0.185582 -0.796370
v 2.121011 8.926731 443.602173 0.752941 0.752941 0.752941
vn -0.299680 -0.683806 -0.665283
v 4.506305 7.268585 443.778900 0.752941 0.752941 0.752941
vn 0.985668 -0.129002 0.108708
v 29.893465 14.536507 460.975616 0.752941 0.752941 0.752941
vn 0.140829 0.806388 -0.574374
v 20.602030 8.887979 443.508911 0.752941 0.752941 0.752941
vn 0.097114 0.873970 -0.476178
v 21.597778 8.647265 443.372101 0.752941 0.752941 0.752941
vn 0.347659 0.795196 -0.496786
v 28.799845 24.668489 443.682617 0.752941 0.752941 0.752941
vn -0.793972 0.597195 -0.113873
v 26.651855 22.207615 460.915588 0.752941 0.752941 0.752941
vn -0.869061 0.432683 -0.239829
v 30.218864 28.102837 460.988495 0.752941 0.752941 0.752941
vn -0.204616 0.942531 -0.264136
v 32.165272 29.414019 461.351593 0.752941 0.752941 0.752941
vn 0.283075 0.504712 -0.815558
v 17.048475 9.977253 443.659393 0.752941 0.752941 0.752941
vn 0.386850 -0.420528 -0.820673
v 16.624851 12.433059 443.727539 0.752941 0.752941 0.752941
vn 0.177883 0.721985 -0.668652
v 18.806431 9.379126 443.665100 0.752941 0.752941 0.752941
vn 0.731040 -0.190110 0.655315
v 27.907883 12.540730 461.012878 0.752941 0.752941 0.752941
vn -0.240160 -0.684578 -0.688242
v 5.865970 7.033779 443.531586 0.752941 0.752941 0.752941
vn 0.570667 -0.256099 0.780226
v 27.905987 11.971478 460.971710 0.752941 0.752941 0.752941
vn 0.349642 -0.168810 -0.921550
v 15.794446 11.735268 443.614136 0.752941 0.752941 0.752941
vn 0.658950 0.434755 -0.613818
v 29.042513 24.447855 443.606445 0.752941 0.752941 0.752941
vn 0.031556 0.919450 -0.391938
v 29.510817 8.099748 443.204163 0.752941 0.752941 0.752941
vn 0.031481 0.912831 -0.407123
v 24.967045 8.517348 443.595581 0.752941 0.752941 0.752941
vn 0.830557 0.537699 -0.145107
v 28.893044 16.017967 460.792267 0.752941 0.752941 0.752941
vn -0.531089 0.821692 0.206799
v 9.890128 15.575521 443.948730 0.752941 0.752941 0.752941
vn -0.056519 0.940967 -0.333748
v 28.122507 8.419171 443.734680 0.752941 0.752941 0.752941
vn -0.103820 0.971846 -0.211510
v 27.730974 24.663311 443.449371 0.752941 0.752941 0.752941
vn -0.465135 0.862591 -0.198963
v 3.267608 9.658267 443.564362 0.752941 0.752941 0.752941
vn -0.255579 -0.843419 -0.472573
v 10.209930 5.236156 443.752136 0.752941 0.752941 0.752941
vn 0.214582 0.890480 -0.401248
v 28.291203 24.677164 443.416321 0.752941 0.752941 0.752941
vn -0.513804 0.786751 -0.342094
v 4.725371 10.410166 443.904053 0.752941 0.752941 0.752941
vn -0.294173 0.844591 0.447358
v 17.878250 17.840416 443.906891 0.752941 0.752941 0.752941
vn -0.538657 0.832480 -0.129713
v 2.172264 9.150589 443.797028 0.752941 0.752941 0.752941
vn 0.110257 0.857485 -0.502556
v 21.844044 8.875943 443.881989 0.752941 0.752941 0.752941
vn 0.721547 -0.541145 -0.431895
v 26.256218 17.752842 444.031769 0.752941 0.752941 0.752941
vn 0.308087 0.897258 -0.316243
v 30.067921 8.246678 443.573181 0.752941 0.752941 0.752941
vn -0.335697 0.842366 0.421577
v 18.274216 18.188551 443.558319 0.752941 0.752941 0.752941
vn 0.284225 0.284828 -0.915472
v 16.028641 10.494554 443.672058 0.752941 0.752941 0.752941
vn -0.436787 -0.355731 -0.826240
v 2.138815 8.484232 443.762146 0.752941 0.752941 0.752941
vn -0.220748 -0.713870 -0.664575
v 7.041981 6.474844 443.715576 0.752941 0.752941 0.752941
vn -0.229620 -0.680781 -0.695566
v 7.840581 6.188556 443.777924 0.752941 0.752941 0.752941
vn 0.645610 0.727389 -0.232580
v 30.382013 8.216316 443.943695 0.752941 0.752941 0.752941
vn 0.215324 0.605922 -0.765829
v 17.649233 9.801905 443.794769 0.752941 0.752941 0.752941
vn 0.243536 0.604638 -0.758356
v 18.941723 9.810646 444.124237 0.752941 0.752941 0.752941
vn 0.762360 -0.389464 -0.516841
v 27.430973 20.364693 443.475586 0.752941 0.752941 0.752941
vn 0.780922 -0.384106 -0.492568
v 28.141724 21.201992 443.957947 0.752941 0.752941 0.752941
vn 0.991226 -0.035608 0.127289
v 28.328535 17.761528 461.120575 0.752941 0.752941 0.752941
vn 0.366193 0.024068 -0.930227
v 16.032970 11.130077 443.762512 0.752941 0.752941 0.752941
vn -0.707040 0.657497 -0.260369
v 28.387001 24.674047 461.153900 0.752941 0.752941 0.752941
vn 0.653138 -0.731166 0.196995
v 29.425190 19.395496 460.069275 0.752941 0.752941 0.752941
vn 0.363591 -0.228309 -0.903148
v 16.288820 11.744966 443.759277 0.752941 0.752941 0.752941
vn 0.060039 0.889242 -0.453480
v 22.782167 8.754823 443.848389 0.752941 0.752941 0.752941
vn 0.629109 -0.670121 0.393904
v 30.376431 3.828398 443.917023 0.752941 0.752941 0.752941
vn -0.489508 0.854509 0.173772
v 10.315866 16.010899 443.818054 0.752941 0.752941 0.752941
vn -0.619971 0.748615 -0.234972
v 24.740183 20.809200 460.981812 0.752941 0.752941 0.752941
vn -0.284206 0.848293 0.446795
v 16.155640 17.136677 444.141785 0.752941 0.752941 0.752941
vn -0.141279 -0.989806 -0.017987
v 13.254528 4.654070 443.601593 0.752941 0.752941 0.752941
vn -0.114330 -0.981643 0.152658
v 15.187339 4.382506 443.636444 0.752941 0.752941 0.752941
vn 0.484700 -0.818648 -0.308029
v 23.858831 15.590649 444.083679 0.752941 0.752941 0.752941
vn -0.077411 -0.901735 0.425303
v 23.105450 4.498371 444.987946 0.752941 0.752941 0.752941
vn -0.434973 0.829768 0.349691
v 20.440487 18.983265 443.883179 0.752941 0.752941 0.752941
vn -0.722652 0.574248 -0.384726
v 5.489419 11.282929 443.816284 0.752941 0.752941 0.752941
vn 0.086881 0.881416 -0.464282
v 29.015753 8.347227 443.833954 0.752941 0.752941 0.752941
vn -0.625331 0.613411 0.482377
v 23.695446 22.175146 443.136353 0.752941 0.752941 0.752941
vn -0.339428 0.846889 0.409350
v 17.671440 18.075130 443.356232 0.752941 0.752941 0.752941
vn 0.775352 -0.418280 -0.473150
v 28.500387 21.976467 443.818939 0.752941 0.752941 0.752941
vn -0.726996 0.661250 -0.185000
v 27.601625 23.864063 460.695343 0.752941 0.752941 0.752941
vn -0.560152 0.703461 0.437460
v 22.652794 20.556364 443.907074 0.752941 0.752941 0.752941
vn -0.270496 -0.742272 -0.613078
v 5.933730 6.360451 444.266907 0.752941 0.752941 0.752941
vn 0.168285 0.803329 -0.571264
v 20.752100 9.087667 443.828003 0.752941 0.752941 0.752941
vn 0.323843 -0.137676 -0.936040
v 16.208157 11.483060 443.813324 0.752941 0.752941 0.752941
vn -0.245758 -0.691932 -0.678847
v 3.237628 7.860516 443.776917 0.752941 0.752941 0.752941
vn 0.246106 0.629076 -0.737357
v 18.258480 9.620634 443.761780 0.752941 0.752941 0.752941
vn 0.660276 -0.577289 -0.480388
v 25.994055 17.546934 443.845734 0.752941 0.752941 0.752941
vn 0.923754 0.381574 -0.032852
v 30.520638 8.001184 443.855164 0.752941 0.752941 0.752941
vn 0.992604 -0.007720 0.121154
v 30.624668 7.442552 443.984589 0.752941 0.752941 0.752941
vn 0.304895 0.191739 -0.932885
v 16.774832 10.882722 444.015900 0.752941 0.752941 0.752941
vn 0.695360 -0.609258 -0.381154
v 25.746273 17.232700 443.966522 0.752941 0.752941 0.752941
vn 0.841561 0.522244 -0.137971
v 29.863928 15.104833 460.873291 0.752941 0.752941 0.752941
vn 0.174769 -0.867612 0.465515
v 29.628792 3.348979 443.631744 0.752941 0.752941 0.752941
vn 0.976737 0.168089 0.133154
v 33.151104 28.756851 461.019104 0.752941 0.752941 0.752941
vn 0.545784 -0.744181 -0.385115
v 24.229294 15.994436 443.802460 0.752941 0.752941 0.752941
vn 0.874184 -0.463331 0.145349
v 28.663208 18.764202 460.902588 0.752941 0.752941 0.752941
vn 0.145328 0.804716 -0.575598
v 21.674610 9.031446 444.047943 0.752941 0.752941 0.752941
vn 0.408973 -0.183440 -0.893919
v 16.553799 11.901091 443.878845 0.752941 0.752941 0.752941
vn 0.836673 -0.079648 -0.541881
v 29.482525 23.949591 444.018555 0.752941 0.752941 0.752941
vn 0.234909 0.480218 -0.845109
v 18.108583 10.179033 444.116302 0.752941 0.752941 0.752941
vn -0.244936 -0.858512 -0.450515
v 9.689555 5.351532 443.924225 0.752941 0.752941 0.752941
vn -0.864083 0.177786 -0.470906
v 1.862904 8.755651 443.847778 0.752941 0.752941 0.752941
vn 0.301909 -0.940929 -0.153310
v 20.699532 14.274729 444.328796 0.752941 0.752941 0.752941
vn -0.074752 -0.877687 0.473369
v 14.102647 4.679848 444.027191 0.752941 0.752941 0.752941
vn 0.628211 -0.596912 0.499046
v 28.191914 12.799898 460.814148 0.752941 0.752941 0.752941
vn -0.079819 -0.824131 0.560747
v 17.242947 4.907989 444.638672 0.752941 0.752941 0.752941
vn -0.056957 -0.882349 0.467135
v 19.772848 4.371260 444.193420 0.752941 0.752941 0.752941
vn 0.247633 -0.596622 0.763361
v 27.554789 11.551410 460.929352 0.752941 0.752941 0.752941
vn -0.325336 0.848115 0.418159
v 17.062223 17.340807 444.397552 0.752941 0.752941 0.752941
vn -0.761344 0.616907 -0.199450
v 1.971934 9.014256 443.882416 0.752941 0.752941 0.752941
vn 0.354498 -0.098656 -0.929838
v 16.723787 11.536858 443.974335 0.752941 0.752941 0.752941
vn -0.618973 0.629322 0.469922
v 23.085339 21.058405 443.739807 0.752941 0.752941 0.752941
vn 0.438711 -0.549063 -0.711380
v 18.040623 12.961297 444.117249 0.752941 0.752941 0.752941
vn 0.182844 0.713411 -0.676471
v 19.110859 9.472377 443.817719 0.752941 0.752941 0.752941
vn -0.973791 0.210523 -0.086085
v 23.348871 17.923199 460.115509 0.752941 0.752941 0.752941
vn 0.761419 -0.375610 -0.528354
v 27.034243 19.064104 443.944305 0.752941 0.752941 0.752941
vn 0.780724 -0.384363 -0.492682
v 27.725521 20.147079 444.115417 0.752941 0.752941 0.752941
vn 0.129144 0.819130 -0.558880
v 20.296875 9.118387 443.751282 0.752941 0.752941 0.752941
vn 0.272082 0.457595 -0.846509
v 17.582727 10.063294 443.958069 0.752941 0.752941 0.752941
vn 0.391993 -0.168207 -0.904460
v 16.947996 11.924716 444.014313 0.752941 0.752941 0.752941
vn 0.071095 0.910250 -0.407911
v 23.427061 8.666377 443.655762 0.752941 0.752941 0.752941
vn 0.619094 -0.692996 -0.369429
v 25.282309 16.677017 444.165039 0.752941 0.752941 0.752941
vn 0.956015 0.293177 -0.009130
v 28.484398 16.820169 460.752075 0.752941 0.752941 0.752941
vn 0.550730 0.637957 -0.538244
v 29.256737 24.645298 444.059814 0.752941 0.752941 0.752941
vn 0.297146 0.377235 -0.877153
v 17.456978 10.359067 444.031891 0.752941 0.752941 0.752941
vn 0.155728 0.799918 -0.579552
v 20.125118 9.202103 443.865631 0.752941 0.752941 0.752941
vn 0.789792 0.612424 -0.034132
v 33.067951 29.004318 460.677917 0.752941 0.752941 0.752941
vn 0.133049 0.831974 -0.538625
v 22.201750 8.946124 444.028046 0.752941 0.752941 0.752941
vn 0.981546 -0.009043 0.191012
v 30.559916 4.858743 443.562317 0.752941 0.752941 0.752941
vn 0.245075 0.676604 -0.694367
v 19.684288 9.621515 444.185638 0.752941 0.752941 0.752941
vn 0.291907 0.565763 -0.771170
v 18.257788 9.869746 443.999573 0.752941 0.752941 0.752941
vn 0.418770 -0.374939 -0.827075
v 17.195925 12.393239 444.026001 0.752941 0.752941 0.752941
vn 0.314060 0.219088 -0.923778
v 17.528286 10.875940 444.247437 0.752941 0.752941 0.752941
vn -0.315821 -0.598654 -0.736118
v 2.548421 8.000769 443.847748 0.752941 0.752941 0.752941
vn 0.190546 0.516335 -0.834920
v 18.612473 9.865088 444.033356 0.752941 0.752941 0.752941
vn 0.092498 0.943526 -0.318125
v 26.596354 8.508072 443.724915 0.752941 0.752941 0.752941
vn -0.413636 0.813917 0.407977
v 19.541969 18.535492 443.980133 0.752941 0.752941 0.752941
vn 0.056927 0.971852 -0.228612
v 32.579193 29.341957 460.647797 0.752941 0.752941 0.752941
vn -0.454106 0.864225 0.216570
v 2.568478 9.119706 444.372986 0.752941 0.752941 0.752941
vn -0.079484 -0.908702 0.409808
v 11.657561 5.060723 444.343597 0.752941 0.752941 0.752941
vn -0.552886 0.740587 0.381901
v 23.232033 20.323549 445.108032 0.752941 0.752941 0.752941
vn -0.188688 -0.958651 -0.213037
v 11.208932 5.037307 443.751404 0.752941 0.752941 0.752941
vn 0.087166 0.911609 -0.401711
v 29.647739 8.479801 444.000854 0.752941 0.752941 0.752941
vn -0.015544 0.959313 -0.281916
v 28.586370 24.923882 444.228302 0.752941 0.752941 0.752941
vn -0.680490 0.642674 -0.352001
v 8.996527 14.899636 443.615906 0.752941 0.752941 0.752941
vn -0.235323 -0.674149 -0.700105
v 8.529632 5.908405 443.772400 0.752941 0.752941 0.752941
vn -0.470822 0.863688 -0.179919
v 3.925455 9.893781 443.543671 0.752941 0.752941 0.752941
vn 0.192363 0.800468 -0.567669
v 21.185465 9.161841 444.081024 0.752941 0.752941 0.752941
vn -0.290552 -0.737622 -0.609502
v 4.495601 6.863020 444.287384 0.752941 0.752941 0.752941
vn 0.117348 0.901573 -0.416408
v 23.311035 8.888858 444.215973 0.752941 0.752941 0.752941
vn 0.944958 -0.185546 0.269493
v 30.449457 4.134815 444.076477 0.752941 0.752941 0.752941
vn 0.987241 0.043843 0.153080
v 30.394547 5.746279 444.774200 0.752941 0.752941 0.752941
vn 0.084214 0.932029 -0.352462
v 26.207960 8.627086 443.974060 0.752941 0.752941 0.752941
vn 0.424432 -0.696492 -0.578581
v 18.746037 13.585156 443.847809 0.752941 0.752941 0.752941
vn 0.887316 -0.449647 0.102409
v 29.886776 14.030762 460.125641 0.752941 0.752941 0.752941
vn 0.918005 0.372943 -0.134835
v 30.570133 8.063704 444.276093 0.752941 0.752941 0.752941
vn 0.696380 -0.527076 -0.487079
v 26.654942 18.224237 444.208191 0.752941 0.752941 0.752941
vn 0.174566 0.737503 -0.652393
v 20.433035 9.476424 444.269226 0.752941 0.752941 0.752941
vn -0.723340 -0.659286 0.205233
v 25.017605 12.965499 460.746704 0.752941 0.752941 0.752941
vn -0.087873 -0.912001 0.400666
v 28.674437 3.675138 444.143341 0.752941 0.752941 0.752941
vn 0.440308 -0.667371 -0.600620
v 18.660694 13.264332 444.252380 0.752941 0.752941 0.752941
vn -0.367144 0.893342 -0.259125
v 31.529013 28.752308 459.226227 0.752941 0.752941 0.752941
vn 0.348809 0.817851 -0.457659
v 29.232271 24.869041 444.346069 0.752941 0.752941 0.752941
vn 0.415252 -0.277822 -0.866245
v 17.818020 12.335127 444.326447 0.752941 0.752941 0.752941
vn 0.384125 -0.014557 -0.923166
v 17.152184 11.361401 444.160095 0.752941 0.752941 0.752941
vn 0.741638 0.303613 -0.598157
v 29.458298 24.387165 444.035187 0.752941 0.752941 0.752941
vn -0.306533 -0.708071 -0.636139
v 3.867413 7.221366 444.225159 0.752941 0.752941 0.752941
vn 0.689838 -0.628620 -0.359109
v 25.836832 17.081625 444.377197 0.752941 0.752941 0.752941
vn 0.176256 0.780947 -0.599213
v 21.461214 9.369643 444.475952 0.752941 0.752941 0.752941
vn 0.106801 0.893512 -0.436154
v 23.020628 9.015729 444.330505 0.752941 0.752941 0.752941
vn 0.052424 0.898027 -0.436806
v 24.183746 8.792475 444.070251 0.752941 0.752941 0.752941
vn 0.679282 -0.214243 0.701909
v 28.202242 11.646027 460.672180 0.752941 0.752941 0.752941
vn -0.257942 -0.748976 -0.610328
v 8.015847 5.644094 444.194550 0.752941 0.752941 0.752941
vn -0.999607 -0.027623 -0.004730
v 23.238735 16.886225 460.329407 0.752941 0.752941 0.752941
vn 0.654675 -0.719223 0.232633
v 29.366241 13.573585 460.509674 0.752941 0.752941 0.752941
vn 0.974382 -0.207190 0.087477
v 28.502150 18.196877 460.643494 0.752941 0.752941 0.752941
vn -0.737303 0.661046 -0.139293
v 6.809102 12.776459 444.177155 0.752941 0.752941 0.752941
vn -0.242606 -0.752461 -0.612327
v 6.815840 6.137029 444.182007 0.752941 0.752941 0.752941
vn 0.059664 0.904846 -0.421538
v 23.936939 8.942663 444.348083 0.752941 0.752941 0.752941
vn 0.437732 -0.708672 -0.553331
v 19.318748 13.767081 444.092865 0.752941 0.752941 0.752941
vn 0.224163 0.657394 -0.719434
v 20.063156 9.841909 444.511414 0.752941 0.752941 0.752941
vn -0.097680 -0.858570 0.503306
v 20.303102 4.749022 444.919037 0.752941 0.752941 0.752941
vn 0.055286 0.918384 -0.391808
v 25.294310 8.799062 444.200470 0.752941 0.752941 0.752941
vn -0.506545 0.792886 0.338737
v 21.031523 19.334173 444.091766 0.752941 0.752941 0.752941
vn -0.715613 -0.299403 -0.631076
v 1.694397 8.187374 444.176208 0.752941 0.752941 0.752941
vn -0.206093 0.964191 -0.166919
v 28.086655 24.942762 444.730377 0.752941 0.752941 0.752941
vn -0.200798 0.862144 0.465175
v 10.494617 15.869749 444.256165 0.752941 0.752941 0.752941
vn -0.733558 0.679621 0.002594
v 6.182961 12.119646 444.374390 0.752941 0.752941 0.752941
vn -0.110258 -0.920742 0.374270
v 12.826013 4.807755 444.119934 0.752941 0.752941 0.752941
vn -0.068460 -0.917887 0.390893
v 24.893316 4.253985 444.703186 0.752941 0.752941 0.752941
vn -0.203363 0.843857 0.496536
v 13.232112 16.023903 444.629395 0.752941 0.752941 0.752941
vn -0.656743 0.695100 0.292445
v 1.823420 8.684866 444.511475 0.752941 0.752941 0.752941
vn -0.564005 0.689992 0.453662
v 22.198883 20.479145 443.489532 0.752941 0.752941 0.752941
vn -0.072070 -0.910079 0.408120
v 26.171507 3.526913 443.228424 0.752941 0.752941 0.752941
vn -0.064052 -0.897022 0.437320
v 21.807543 4.087620 443.893677 0.752941 0.752941 0.752941
vn 0.354489 -0.874270 -0.331646
v 19.705145 14.033874 444.047119 0.752941 0.752941 0.752941
vn 0.877328 -0.442797 0.185003
v 31.544441 22.006281 460.900360 0.752941 0.752941 0.752941
vn 0.835394 -0.408355 0.367918
v 30.351700 4.265019 444.431641 0.752941 0.752941 0.752941
vn 0.799077 -0.571646 0.186273
v 28.824108 18.956816 460.602692 0.752941 0.752941 0.752941
vn -0.250097 -0.755144 -0.605977
v 2.775413 7.461171 444.384674 0.752941 0.752941 0.752941
vn 0.965945 -0.216757 0.141303
v 32.703850 25.160339 459.956665 0.752941 0.752941 0.752941
vn 0.703181 -0.477865 -0.526480
v 26.872644 18.691833 443.915833 0.752941 0.752941 0.752941
vn 0.482584 -0.301940 -0.822159
v 18.179810 12.520405 444.467804 0.752941 0.752941 0.752941
vn 0.151324 0.811395 -0.564570
v 21.882681 9.306143 444.465485 0.752941 0.752941 0.752941
vn 0.409221 -0.144011 -0.900999
v 17.349758 12.000677 444.204071 0.752941 0.752941 0.752941
vn 0.789980 -0.383960 -0.478024
v 28.104038 20.632080 444.274445 0.752941 0.752941 0.752941
vn 0.300773 0.425643 -0.853442
v 18.279335 10.649038 444.411011 0.752941 0.752941 0.752941
vn 0.457560 -0.720729 -0.520757
v 19.852854 13.793659 444.485809 0.752941 0.752941 0.752941
vn 0.176479 0.808121 -0.561957
v 22.427919 9.435438 444.839050 0.752941 0.752941 0.752941
vn -0.610173 0.767873 -0.195089
v 25.726032 21.191729 460.187805 0.752941 0.752941 0.752941
vn -0.734129 0.610369 -0.297498
v 30.464909 28.784319 461.531616 0.752941 0.752941 0.752941
vn 0.303726 0.902748 -0.304624
v 30.149149 8.449282 444.306305 0.752941 0.752941 0.752941
vn -0.086707 -0.918501 0.385796
v 27.445213 3.898741 444.329773 0.752941 0.752941 0.752941
vn 0.794730 -0.578408 0.183980
v 30.967072 20.695503 460.062836 0.752941 0.752941 0.752941
vn -0.670389 0.741770 0.018883
v 4.552357 10.457638 444.637543 0.752941 0.752941 0.752941
vn -0.552191 0.832530 0.044477
v 9.420686 15.426678 443.750610 0.752941 0.752941 0.752941
vn 0.746706 -0.589514 0.308062
v 28.917152 13.065337 459.904877 0.752941 0.752941 0.752941
vn -0.061834 -0.930584 0.360820
v 10.004625 5.297405 444.713654 0.752941 0.752941 0.752941
vn -0.981342 0.080868 -0.174436
v 1.522053 8.129932 444.525696 0.752941 0.752941 0.752941
vn -0.924505 0.352956 -0.143916
v 1.687418 8.537499 444.279266 0.752941 0.752941 0.752941
vn -0.413078 0.848823 0.329948
v 19.977930 18.742388 444.122284 0.752941 0.752941 0.752941
vn 0.045235 0.919106 -0.391405
v 27.945206 8.642775 444.338226 0.752941 0.752941 0.752941
vn 0.050024 0.923367 -0.380646
v 28.856918 8.583592 444.142059 0.752941 0.752941 0.752941
vn 0.063313 0.946365 -0.316835
v 28.792511 8.792514 444.883545 0.752941 0.752941 0.752941
vn -0.102392 0.852100 0.513266
v 11.917616 16.115423 444.094269 0.752941 0.752941 0.752941
vn -0.772354 0.616501 -0.152957
v 27.145773 23.040657 460.021667 0.752941 0.752941 0.752941
vn 0.426837 -0.046715 -0.903121
v 17.952965 11.696825 444.486084 0.752941 0.752941 0.752941
vn 0.574092 -0.726083 -0.378448
v 24.796154 16.211813 444.225830 0.752941 0.752941 0.752941
vn 0.895274 0.436422 -0.089551
v 29.919556 14.934014 460.597961 0.752941 0.752941 0.752941
vn 0.996921 0.072961 -0.028712
v 28.460938 17.403950 460.493713 0.752941 0.752941 0.752941
vn 0.372383 -0.836505 -0.401982
v 20.122398 14.122299 444.303436 0.752941 0.752941 0.752941
vn -0.292660 -0.743501 -0.601296
v 5.434685 6.206959 444.718445 0.752941 0.752941 0.752941
vn 0.359772 0.036115 -0.932341
v 17.659998 11.455456 444.392822 0.752941 0.752941 0.752941
vn 0.821651 -0.325172 -0.468137
v 29.285866 23.442354 443.959747 0.752941 0.752941 0.752941
vn 0.697010 -0.553794 -0.455510
v 27.013216 18.382044 444.554718 0.752941 0.752941 0.752941
vn 0.533801 0.834934 -0.133945
v 32.824314 29.232344 460.479492 0.752941 0.752941 0.752941
vn -0.295560 -0.733616 -0.611925
v 3.326508 7.096191 444.609192 0.752941 0.752941 0.752941
vn 0.922894 0.385048 -0.002172
v 28.701904 16.185207 460.272095 0.752941 0.752941 0.752941
vn 0.965236 -0.206767 0.159895
v 32.867012 26.107426 460.330109 0.752941 0.752941 0.752941
vn -0.703818 0.669423 -0.237723
v 8.210822 14.142400 444.345764 0.752941 0.752941 0.752941
vn 0.686546 -0.608919 -0.397331
v 26.090668 17.318007 444.546417 0.752941 0.752941 0.752941
vn -0.585450 0.677506 0.445235
v 23.288687 20.648647 444.618134 0.752941 0.752941 0.752941
vn 0.808504 -0.386642 -0.443656
v 29.135550 22.768019 444.246307 0.752941 0.752941 0.752941
vn 0.943319 -0.285656 0.168971
v 32.174160 23.472069 460.595428 0.752941 0.752941 0.752941
vn 0.682294 -0.598989 -0.419150
v 26.428186 17.686275 444.510345 0.752941 0.752941 0.752941
vn 0.434255 -0.802317 -0.409523
v 20.430826 14.100329 444.575317 0.752941 0.752941 0.752941
vn -0.748305 0.618522 -0.239731
v 28.461817 24.574856 460.297577 0.752941 0.752941 0.752941
vn 0.275036 -0.846476 0.455887
v 29.589397 3.828243 444.624298 0.752941 0.752941 0.752941
vn -0.370584 0.897901 0.237575
v 9.871727 15.577651 444.487488 0.752941 0.752941 0.752941
vn 0.048158 0.910840 -0.409941
v 26.899166 8.877858 444.742981 0.752941 0.752941 0.752941
vn -0.230136 0.862841 0.450049
v 14.110154 16.563511 444.115326 0.752941 0.752941 0.752941
vn -0.243655 0.867052 0.434572
v 15.068110 16.781885 444.121277 0.752941 0.752941 0.752941
vn -0.716084 0.646660 -0.262781
v 30.744385 28.275888 459.486786 0.752941 0.752941 0.752941
vn -0.498274 -0.804584 0.323061
v 26.600084 11.415076 460.181549 0.752941 0.752941 0.752941
vn -0.855542 0.507084 0.104472
v 26.606472 21.950571 460.004944 0.752941 0.752941 0.752941
vn 0.979004 -0.106370 0.173888
v 30.325472 6.863913 444.521210 0.752941 0.752941 0.752941
vn -0.993259 -0.060562 -0.098835
v 23.159204 16.959625 461.258240 0.752941 0.752941 0.752941
vn 0.147208 0.928108 -0.341973
v 29.719488 8.712017 444.727844 0.752941 0.752941 0.752941
vn 0.822587 0.053134 -0.566151
v 29.872227 24.293558 444.580566 0.752941 0.752941 0.752941
vn 0.319264 0.571266 -0.756126
v 19.275278 10.252675 444.543640 0.752941 0.752941 0.752941
vn -0.732896 0.650676 -0.198708
v 7.857493 14.016217 444.860779 0.752941 0.752941 0.752941
vn -0.346022 0.862975 0.368162
v 17.937073 17.539303 444.606262 0.752941 0.752941 0.752941
vn -0.609707 0.630908 0.479805
v 23.545744 21.084568 444.351624 0.752941 0.752941 0.752941
vn -0.496492 -0.649990 -0.575333
v 1.767924 7.538976 444.703064 0.752941 0.752941 0.752941
vn 0.148473 0.844012 -0.515364
v 22.663265 9.101957 444.446808 0.752941 0.752941 0.752941
vn 0.636751 -0.669116 -0.383186
v 25.772690 16.889904 444.649109 0.752941 0.752941 0.752941
vn 0.320683 0.570710 -0.755945
v 19.552210 10.330337 444.752136 0.752941 0.752941 0.752941
vn 0.232125 0.733083 -0.639302
v 21.066166 9.456019 444.423676 0.752941 0.752941 0.752941
vn 0.777785 -0.610096 0.151105
v 28.803572 18.729115 460.110718 0.752941 0.752941 0.752941
vn 0.706954 0.684074 -0.179607
v 29.252960 15.401129 460.308014 0.752941 0.752941 0.752941
vn 0.468996 -0.610910 -0.637833
v 19.196016 13.314651 444.606750 0.752941 0.752941 0.752941
vn 0.959050 0.283062 0.009950
v 28.565939 16.654543 460.403229 0.752941 0.752941 0.752941
vn 0.797255 -0.384712 -0.465169
v 28.477722 21.152346 444.552490 0.752941 0.752941 0.752941
vn 0.691865 0.434303 -0.576805
v 29.648996 24.516283 444.336700 0.752941 0.752941 0.752941
vn 0.833013 -0.312793 -0.456344
v 29.853321 23.593370 444.886993 0.752941 0.752941 0.752941
vn -0.421732 0.844413 0.330317
v 19.388226 18.181200 444.793365 0.752941 0.752941 0.752941
vn 0.451431 -0.221483 -0.864381
v 18.660614 12.346474 444.777374 0.752941 0.752941 0.752941
vn 0.559657 -0.769526 -0.307594
v 24.932117 16.063658 444.673553 0.752941 0.752941 0.752941
vn 0.493839 -0.756904 0.428041
v 29.986523 4.162405 444.639038 0.752941 0.752941 0.752941
vn 0.992786 -0.104672 0.058474
v 29.955574 14.356366 459.974670 0.752941 0.752941 0.752941
vn -0.182402 -0.947564 -0.262396
v 8.751716 5.391217 444.281891 0.752941 0.752941 0.752941
vn 0.664332 -0.626701 -0.407319
v 26.107523 17.100689 444.841919 0.752941 0.752941 0.752941
vn -0.764677 0.641754 -0.058498
v 7.057327 13.220875 445.044800 0.752941 0.752941 0.752941
vn 0.387403 0.179644 -0.904238
v 18.209883 11.077956 444.521576 0.752941 0.752941 0.752941
vn -0.679721 0.716198 -0.158243
v 7.557643 13.602457 444.282379 0.752941 0.752941 0.752941
vn 0.270633 0.684438 -0.676981
v 20.985458 9.703464 444.642090 0.752941 0.752941 0.752941
vn 0.281821 0.707498 -0.648092
v 21.412340 9.731215 444.876343 0.752941 0.752941 0.752941
vn 0.410120 0.287245 -0.865617
v 18.686567 11.165277 444.787506 0.752941 0.752941 0.752941
vn 0.810084 -0.545301 0.215434
v 31.154518 21.171530 460.590729 0.752941 0.752941 0.752941
vn 0.781141 -0.390809 -0.486916
v 27.707325 19.589914 444.468628 0.752941 0.752941 0.752941
vn 0.790719 -0.380571 -0.479509
v 28.088726 20.248657 444.630219 0.752941 0.752941 0.752941
vn 0.825454 -0.216105 0.521464
v 28.446480 12.591092 460.296021 0.752941 0.752941 0.752941
vn 0.468991 -0.107930 -0.876583
v 18.316700 11.983183 444.696625 0.752941 0.752941 0.752941
vn 0.104829 0.871574 -0.478926
v 23.549486 9.143661 444.713959 0.752941 0.752941 0.752941
vn 0.366637 0.469959 -0.802942
v 19.167280 10.556755 444.720703 0.752941 0.752941 0.752941
vn 0.339327 -0.584488 0.737042
v 28.190952 10.976777 460.246643 0.752941 0.752941 0.752941
vn 0.246899 0.699179 -0.670962
v 20.669891 9.939779 444.760376 0.752941 0.752941 0.752941
vn 0.666364 -0.604148 -0.436994
v 26.507418 17.504128 444.806183 0.752941 0.752941 0.752941
vn -0.025125 -0.767893 0.640086
v 27.903725 10.980727 460.296936 0.752941 0.752941 0.752941
vn 0.750066 -0.452402 -0.482425
v 27.292099 18.811827 444.469666 0.752941 0.752941 0.752941
vn 0.787931 -0.402666 -0.465859
v 28.197073 19.902447 445.043701 0.752941 0.752941 0.752941
vn 0.887158 0.461439 -0.005028
v 33.185226 28.821966 460.069641 0.752941 0.752941 0.752941
vn 0.622401 0.738612 -0.258979
v 30.395258 8.485546 444.648254 0.752941 0.752941 0.752941
vn 0.414083 0.761805 -0.498185
v 29.590385 25.011883 444.866241 0.752941 0.752941 0.752941
vn -0.245674 0.838397 0.486553
v 14.882449 16.373741 444.802643 0.752941 0.752941 0.752941
vn 0.082571 0.912282 -0.401153
v 25.987913 8.965650 444.720398 0.752941 0.752941 0.752941
vn 0.508579 -0.818894 -0.266008
v 24.497789 15.782594 444.743469 0.752941 0.752941 0.752941
vn -0.107563 -0.870733 0.479849
v 21.895071 5.012146 445.757050 0.752941 0.752941 0.752941
vn 0.919120 0.391435 -0.044697
v 29.926987 14.809939 460.139221 0.752941 0.752941 0.752941
vn -0.266180 -0.760766 -0.591932
v 4.057106 6.351086 445.158936 0.752941 0.752941 0.752941
vn -0.274586 -0.772057 -0.573177
v 4.587548 6.443362 444.796417 0.752941 0.752941 0.752941
vn -0.729681 0.673192 0.119909
v 5.730464 11.563288 444.714264 0.752941 0.752941 0.752941
vn -0.205493 -0.890794 -0.405288
v 6.237071 5.801574 444.779053 0.752941 0.752941 0.752941
vn -0.539147 0.813187 0.219195
v 26.837856 24.424809 444.512299 0.752941 0.752941 0.752941
vn -0.159577 -0.963192 -0.216323
v 6.834913 5.727990 444.781555 0.752941 0.752941 0.752941
vn 0.971592 0.224108 -0.076055
v 28.478956 17.198412 460.304596 0.752941 0.752941 0.752941
vn -0.368372 0.852161 0.371649
v 18.431473 17.792917 444.395386 0.752941 0.752941 0.752941
vn 0.060970 0.914648 -0.399628
v 27.423903 9.020253 444.959015 0.752941 0.752941 0.752941
vn -0.699461 0.579499 0.418253
v 25.050179 22.211916 445.069031 0.752941 0.752941 0.752941
vn 0.049680 0.909751 -0.412172
v 24.600233 8.953252 444.448669 0.752941 0.752941 0.752941
vn -0.779005 0.624115 0.060264
v 5.993950 11.856390 445.214325 0.752941 0.752941 0.752941
vn 0.510385 -0.584656 -0.630623
v 19.748819 13.459878 444.879242 0.752941 0.752941 0.752941
vn 0.933344 0.318037 -0.166498
v 28.594753 16.640942 460.057251 0.752941 0.752941 0.752941
vn 0.912948 -0.375286 0.160272
v 32.001755 22.606136 460.098419 0.752941 0.752941 0.752941
vn 0.121059 0.852853 -0.507924
v 23.186895 9.201484 444.774811 0.752941 0.752941 0.752941
vn 0.823491 -0.386663 -0.415155
v 29.519238 22.712343 445.024597 0.752941 0.752941 0.752941
vn 0.675631 0.465853 -0.571405
v 29.873346 24.698734 444.765747 0.752941 0.752941 0.752941
vn 0.216700 0.772264 -0.597201
v 21.640707 9.570276 444.761444 0.752941 0.752941 0.752941
vn 0.442865 0.075149 -0.893433
v 18.625795 11.622132 444.838226 0.752941 0.752941 0.752941
vn 0.954148 -0.194661 0.227395
v 30.320997 4.705842 444.882324 0.752941 0.752941 0.752941
vn 0.464282 -0.411319 -0.784384
v 18.685534 12.774816 444.617798 0.752941 0.752941 0.752941
vn 0.703979 -0.560853 -0.435727
v 26.903038 17.808678 445.134430 0.752941 0.752941 0.752941
vn 0.716381 -0.542787 -0.438384
v 27.144125 18.209017 444.937286 0.752941 0.752941 0.752941
vn 0.633478 -0.670880 -0.385520
v 25.829964 16.695246 445.012817 0.752941 0.752941 0.752941
vn -0.881382 0.460622 0.104845
v 26.818253 22.591970 460.123230 0.752941 0.752941 0.752941
vn -0.515247 0.742323 0.428342
v 2.533657 8.830837 444.903931 0.752941 0.752941 0.752941
vn 0.994098 0.012446 0.107773
v 30.201942 6.290171 445.507172 0.752941 0.752941 0.752941
vn -0.619546 0.664343 0.418106
v 23.721607 20.909370 444.766968 0.752941 0.752941 0.752941
vn 0.767332 -0.303498 0.564881
v 28.717979 10.865518 459.782196 0.752941 0.752941 0.752941
vn 0.630111 -0.675404 -0.383132
v 25.223146 16.391836 444.606201 0.752941 0.752941 0.752941
vn 0.776643 -0.445570 -0.445300
v 27.717146 18.993402 445.063293 0.752941 0.752941 0.752941
vn 0.799311 -0.359823 -0.481278
v 28.500742 20.508221 445.059723 0.752941 0.752941 0.752941
vn -0.340160 0.845763 0.411066
v 16.392550 16.835932 444.700775 0.752941 0.752941 0.752941
vn -0.243878 -0.755871 -0.607604
v 2.303815 7.123034 445.101959 0.752941 0.752941 0.752941
vn 0.233940 0.766456 -0.598179
v 21.938786 9.624292 444.983551 0.752941 0.752941 0.752941
vn 0.975568 0.218969 -0.017911
v 30.576565 8.165190 444.838348 0.752941 0.752941 0.752941
vn 0.291814 0.638938 -0.711761
v 20.432665 10.310666 445.056030 0.752941 0.752941 0.752941
vn -0.475044 0.848411 0.233522
v 8.318314 14.648617 445.420349 0.752941 0.752941 0.752941
vn 0.049753 -0.912009 0.407141
v 29.404505 4.036508 445.113556 0.752941 0.752941 0.752941
vn 0.362055 -0.916458 -0.170355
v 22.293835 14.787935 444.215057 0.752941 0.752941 0.752941
vn -0.103343 -0.828582 0.550247
v 19.020153 4.997906 445.091309 0.752941 0.752941 0.752941
vn -0.678035 0.608894 0.411724
v 25.539198 23.069347 444.649292 0.752941 0.752941 0.752941
vn 0.945939 0.196354 -0.258156
v 28.330557 17.299356 459.991882 0.752941 0.752941 0.752941
vn 0.675738 0.717060 -0.170888
v 29.460972 15.128386 459.891205 0.752941 0.752941 0.752941
vn 0.002044 0.958364 -0.285541
v 29.200212 25.219009 445.176147 0.752941 0.752941 0.752941
vn -0.223938 -0.953763 -0.200469
v 7.682148 5.583292 444.525604 0.752941 0.752941 0.752941
vn -0.652397 0.605638 0.455610
v 24.254002 21.714025 444.460724 0.752941 0.752941 0.752941
vn -0.063642 -0.704064 0.707279
v 14.229728 5.767800 445.285614 0.752941 0.752941 0.752941
vn 0.878788 0.440722 -0.183018
v 28.784338 16.130800 459.859589 0.752941 0.752941 0.752941
vn -0.083996 -0.919566 0.383854
v 27.917788 4.258244 445.325317 0.752941 0.752941 0.752941
vn 0.968512 -0.203493 0.143442
v 33.082546 26.813707 459.946930 0.752941 0.752941 0.752941
vn -0.611544 0.740908 0.277614
v 3.734241 9.623247 445.154785 0.752941 0.752941 0.752941
vn -0.222666 -0.856881 -0.464945
v 5.081045 6.004638 445.123138 0.752941 0.752941 0.752941
vn 0.991526 -0.009839 0.129537
v 33.283241 28.154789 460.190735 0.752941 0.752941 0.752941
vn 0.981657 -0.170020 0.086268
v 30.277458 7.053033 445.381622 0.752941 0.752941 0.752941
vn 0.464135 0.153983 -0.872278
v 18.826286 11.479308 444.919708 0.752941 0.752941 0.752941
vn 0.458071 -0.031380 -0.888361
v 18.834951 11.874821 444.933167 0.752941 0.752941 0.752941
vn 0.898897 -0.428925 0.089485
v 28.591599 18.511751 460.333862 0.752941 0.752941 0.752941
vn 0.508411 -0.047552 -0.859801
v 18.990803 11.983315 445.024048 0.752941 0.752941 0.752941
vn 0.412315 0.358916 -0.837362
v 19.255289 11.061339 445.022522 0.752941 0.752941 0.752941
vn 0.998999 -0.002594 -0.044660
v 29.988646 14.505265 459.886017 0.752941 0.752941 0.752941
vn 0.277840 0.707700 -0.649589
v 21.382347 9.915072 445.044434 0.752941 0.752941 0.752941
vn 0.266438 0.747846 -0.608061
v 21.091291 10.055189 445.070068 0.752941 0.752941 0.752941
vn -0.531882 0.842631 0.084111
v 3.865939 9.928599 444.419800 0.752941 0.752941 0.752941
vn 0.057287 0.889154 -0.454008
v 24.918774 9.390563 445.576080 0.752941 0.752941 0.752941
vn 0.280407 0.593690 -0.754257
v 19.928967 10.275275 444.834473 0.752941 0.752941 0.752941
vn 0.683719 0.673474 -0.280999
v 30.306309 8.755872 445.171753 0.752941 0.752941 0.752941
vn -0.666444 0.736901 -0.113266
v 8.743585 14.985599 444.610321 0.752941 0.752941 0.752941
vn -0.467696 0.825553 0.315788
v 20.438574 18.704229 444.928772 0.752941 0.752941 0.752941
vn -0.311291 0.897653 0.311957
v 9.380831 15.170860 445.190063 0.752941 0.752941 0.752941
vn 0.464581 -0.816594 -0.342546
v 21.262173 14.409030 445.059021 0.752941 0.752941 0.752941
vn 0.767654 -0.638257 0.057747
v 29.615026 13.625153 459.492737 0.752941 0.752941 0.752941
vn -0.014420 -0.867528 0.497179
v 8.577312 5.528397 445.068726 0.752941 0.752941 0.752941
vn -0.419600 0.833887 0.358565
v 19.779762 18.236593 445.015625 0.752941 0.752941 0.752941
vn -0.377962 0.839267 0.390865
v 16.799572 17.014261 444.821625 0.752941 0.752941 0.752941
vn -0.484336 0.805177 0.342212
v 21.754326 19.284616 445.192505 0.752941 0.752941 0.752941
vn 0.638437 -0.642398 -0.423938
v 26.536818 17.291008 445.285248 0.752941 0.752941 0.752941
vn -0.858385 0.495841 -0.131592
v 23.849052 19.198063 459.844971 0.752941 0.752941 0.752941
vn -0.323626 0.848134 0.419445
v 16.315317 16.535841 445.469666 0.752941 0.752941 0.752941
vn -0.677008 0.595085 0.433052
v 24.625813 22.038157 444.600372 0.752941 0.752941 0.752941
vn 0.812649 -0.399020 -0.424718
v 28.922474 21.599789 444.924622 0.752941 0.752941 0.752941
vn 0.010252 -0.701612 0.712485
v 11.413791 5.580184 444.965210 0.752941 0.752941 0.752941
vn 0.480628 0.152669 -0.863533
v 19.203814 11.387257 445.140442 0.752941 0.752941 0.752941
vn 0.697122 0.501306 -0.512555
v 30.121046 24.805815 445.131073 0.752941 0.752941 0.752941
vn -0.352201 0.853039 0.385070
v 17.506586 17.117237 445.205414 0.752941 0.752941 0.752941
vn 0.700166 -0.618299 0.357034
v 30.219343 4.355483 444.851044 0.752941 0.752941 0.752941
vn -0.746341 0.654587 0.120376
v 5.724680 11.457357 445.487732 0.752941 0.752941 0.752941
vn 0.570034 -0.771256 -0.283242
v 25.503946 16.266783 445.330414 0.752941 0.752941 0.752941
vn -0.884526 0.412868 0.217150
v 26.565834 22.240616 459.603729 0.752941 0.752941 0.752941
vn 0.110060 0.899103 -0.423674
v 24.120611 9.178052 444.936951 0.752941 0.752941 0.752941
vn -0.773589 0.633363 -0.020274
v 6.502708 12.447492 444.972015 0.752941 0.752941 0.752941
vn 0.687823 -0.602984 -0.404115
v 26.860680 17.476528 445.498016 0.752941 0.752941 0.752941
vn 0.828768 -0.346391 -0.439495
v 28.827587 21.105167 445.176239 0.752941 0.752941 0.752941
vn 0.864622 -0.216515 -0.453376
v 30.165533 24.109108 445.086304 0.752941 0.752941 0.752941
vn 0.489494 -0.229473 -0.841272
v 19.137821 12.243666 445.055084 0.752941 0.752941 0.752941
vn 0.532909 -0.327519 -0.780218
v 19.390940 12.773543 445.069305 0.752941 0.752941 0.752941
vn 0.243534 0.746587 -0.619111
v 22.192635 9.816037 445.291779 0.752941 0.752941 0.752941
vn 0.816685 0.568104 -0.101407
v 28.989822 15.697721 459.942261 0.752941 0.752941 0.752941
vn 0.911976 -0.395499 0.108993
v 31.956430 22.304575 459.371857 0.752941 0.752941 0.752941
vn 0.343702 0.480594 -0.806783
v 19.836813 10.750702 445.126984 0.752941 0.752941 0.752941
vn 0.046633 0.918608 -0.392409
v 25.265488 9.135680 444.977692 0.752941 0.752941 0.752941
vn 0.798762 -0.391923 -0.456481
v 28.664446 20.247135 445.519897 0.752941 0.752941 0.752941
vn -0.007305 -0.985571 0.169105
v 6.404634 5.771679 445.628174 0.752941 0.752941 0.752941
vn -0.801059 0.509356 0.314420
v 1.543062 7.981740 445.175934 0.752941 0.752941 0.752941
vn -0.000860 -0.915568 0.402163
v 7.483021 5.667672 445.325775 0.752941 0.752941 0.752941
vn 0.773130 -0.629297 0.079090
v 28.946220 18.889820 459.830475 0.752941 0.752941 0.752941
vn 0.393932 -0.918242 -0.040620
v 23.690758 15.218544 445.305237 0.752941 0.752941 0.752941
vn 0.903343 -0.039847 0.427065
v 28.843735 11.923909 459.578217 0.752941 0.752941 0.752941
vn 0.954505 -0.289143 -0.072909
v 29.840242 13.996113 459.372345 0.752941 0.752941 0.752941
vn 0.221290 0.691691 -0.687455
v 21.545244 10.098995 445.331757 0.752941 0.752941 0.752941
vn 0.178280 0.810444 -0.558029
v 22.817751 9.544319 445.112396 0.752941 0.752941 0.752941
vn 0.848042 -0.362263 -0.386769
v 30.160475 23.420429 445.681122 0.752941 0.752941 0.752941
vn 0.871448 0.133472 -0.471978
v 30.249739 24.566349 445.179871 0.752941 0.752941 0.752941
vn 0.318681 0.665452 -0.674993
v 20.746143 10.196127 445.110626 0.752941 0.752941 0.752941
vn -0.388133 -0.813719 0.432683
v 27.409315 10.743920 459.753723 0.752941 0.752941 0.752941
vn 0.644267 -0.723272 0.248592
v 30.209957 20.281872 461.179504 0.752941 0.752941 0.752941
vn -0.712457 0.683052 0.160763
v 4.948963 10.719660 445.366516 0.752941 0.752941 0.752941
vn 0.164850 0.899388 -0.404878
v 30.091534 8.942910 445.335846 0.752941 0.752941 0.752941
vn 0.483866 -0.081450 -0.871343
v 19.534206 11.973945 445.367401 0.752941 0.752941 0.752941
vn -0.397324 0.852682 0.339215
v 18.202576 17.350527 445.242401 0.752941 0.752941 0.752941
vn 0.697436 0.670974 -0.251748
v 29.757284 14.765155 459.454559 0.752941 0.752941 0.752941
vn -0.619586 0.774567 0.127116
v 28.143438 24.949322 446.714417 0.752941 0.752941 0.752941
vn -0.286947 -0.728346 -0.622233
v 3.037259 6.587341 445.339020 0.752941 0.752941 0.752941
vn 0.347552 0.524264 -0.777403
v 20.515234 10.730802 445.414093 0.752941 0.752941 0.752941
vn 0.954821 -0.257254 0.148785
v 32.396542 23.837767 459.953003 0.752941 0.752941 0.752941
vn 0.626211 -0.666872 -0.403908
v 26.457289 16.991119 445.597626 0.752941 0.752941 0.752941
vn 0.967540 0.179266 -0.178128
v 28.331390 17.000250 459.768829 0.752941 0.752941 0.752941
vn -0.188085 -0.921692 -0.339275
v 4.580329 5.911255 445.556946 0.752941 0.752941 0.752941
vn 0.496730 -0.842837 -0.207088
v 22.353111 14.702665 445.807770 0.752941 0.752941 0.752941
vn -0.711973 0.586527 0.386110
v 25.821863 22.935570 445.348419 0.752941 0.752941 0.752941
vn 0.142287 0.918345 -0.369319
v 27.583138 9.348797 446.051422 0.752941 0.752941 0.752941
vn 0.101091 0.925852 -0.364112
v 28.656710 9.063514 445.524323 0.752941 0.752941 0.752941
vn -0.424138 0.842331 0.332545
v 18.849651 17.730940 445.258820 0.752941 0.752941 0.752941
vn 0.057382 -0.683292 0.727887
v 9.590377 5.702838 445.173584 0.752941 0.752941 0.752941
vn -0.695926 0.713928 0.077422
v 5.241169 11.121994 444.674744 0.752941 0.752941 0.752941
vn 0.990444 -0.130474 -0.044692
v 28.335060 17.686972 459.975464 0.752941 0.752941 0.752941
vn 0.226685 0.758762 -0.610650
v 22.784031 9.851022 445.600525 0.752941 0.752941 0.752941
vn 0.975003 -0.188655 0.117377
v 30.513865 7.838490 445.108337 0.752941 0.752941 0.752941
vn 0.837642 -0.349112 -0.420092
v 29.090334 21.296467 445.591492 0.752941 0.752941 0.752941
vn 0.528242 -0.305959 -0.792054
v 19.973289 12.859690 445.448029 0.752941 0.752941 0.752941
vn 0.506135 -0.698154 -0.506369
v 20.540684 13.844977 445.102844 0.752941 0.752941 0.752941
vn 0.059011 -0.645222 0.761713
v 10.372670 5.922460 445.300873 0.752941 0.752941 0.752941
vn 0.251489 0.676224 -0.692441
v 21.235121 10.201753 445.344910 0.752941 0.752941 0.752941
vn 0.790367 -0.426138 -0.440143
v 28.328873 19.735157 445.460693 0.752941 0.752941 0.752941
vn 0.891584 -0.041218 -0.450975
v 30.364285 24.366297 445.431427 0.752941 0.752941 0.752941
vn 0.296640 0.674907 -0.675652
v 21.726061 10.308089 445.577271 0.752941 0.752941 0.752941
vn 0.788551 -0.417338 -0.451682
v 28.132931 19.133198 445.622375 0.752941 0.752941 0.752941
vn -0.076195 0.829221 0.553703
v 9.688831 15.185667 445.209534 0.752941 0.752941 0.752941
vn 0.047533 0.914220 -0.402420
v 29.135712 9.032079 445.627075 0.752941 0.752941 0.752941
vn 0.819781 0.299201 -0.488302
v 30.331352 24.709267 445.472504 0.752941 0.752941 0.752941
vn -0.853833 0.471550 0.220476
v 26.181145 21.747902 459.161621 0.752941 0.752941 0.752941
vn 0.509968 -0.704074 -0.494179
v 21.217005 14.143951 445.337219 0.752941 0.752941 0.752941
vn 0.553633 -0.697820 -0.454465
v 21.892471 14.339969 445.827545 0.752941 0.752941 0.752941
vn 0.499386 -0.129865 -0.856591
v 19.683859 12.408378 445.388550 0.752941 0.752941 0.752941
vn 0.548171 -0.484210 -0.681945
v 20.324331 13.372825 445.429199 0.752941 0.752941 0.752941
vn 0.417336 0.392473 -0.819631
v 20.209513 11.154956 445.515198 0.752941 0.752941 0.752941
vn 0.313577 0.602761 -0.733722
v 21.149441 10.398281 445.448822 0.752941 0.752941 0.752941
vn 0.432150 0.173215 -0.885010
v 19.749088 11.538814 445.426941 0.752941 0.752941 0.752941
vn 0.718381 0.669652 -0.188399
v 29.210785 15.400594 459.597260 0.752941 0.752941 0.752941
vn 0.338725 -0.752376 0.564974
v 28.535957 10.321889 459.541412 0.752941 0.752941 0.752941
vn 0.851478 0.472798 -0.226818
v 29.930531 14.691987 459.755280 0.752941 0.752941 0.752941
vn -0.079390 -0.921710 0.379669
v 26.396662 4.516461 445.640961 0.752941 0.752941 0.752941
vn -0.020259 -0.996815 0.077138
v 5.223488 5.730984 445.782806 0.752941 0.752941 0.752941
vn -0.080264 -0.965387 -0.248166
v 5.463569 5.804959 445.577362 0.752941 0.752941 0.752941
vn 0.427319 -0.812968 0.395577
v 29.591145 4.076991 445.098053 0.752941 0.752941 0.752941
vn -0.262168 0.773671 0.576802
v 13.896533 15.403231 445.876831 0.752941 0.752941 0.752941
vn -0.976074 -0.131361 -0.173271
v 1.427766 7.563652 445.236206 0.752941 0.752941 0.752941
vn -0.034551 -0.734875 0.677322
v 12.620258 5.652040 445.055573 0.752941 0.752941 0.752941
vn 0.552593 -0.238884 -0.798483
v 20.214357 12.841487 445.602112 0.752941 0.752941 0.752941
vn -0.730741 0.577132 0.364605
v 26.210823 23.289513 445.569763 0.752941 0.752941 0.752941
vn 0.178873 0.833525 -0.522724
v 23.516773 9.496428 445.267670 0.752941 0.752941 0.752941
vn 0.311159 0.710824 -0.630800
v 22.073763 10.263622 445.744629 0.752941 0.752941 0.752941
vn 0.720471 -0.568026 -0.397828
v 27.378298 18.049978 445.521484 0.752941 0.752941 0.752941
vn 0.008020 -0.624923 0.780645
v 10.809353 5.943583 445.290344 0.752941 0.752941 0.752941
vn 0.990740 0.135242 -0.011988
v 30.549904 8.354856 445.422058 0.752941 0.752941 0.752941
vn -0.172552 0.818810 0.547519
v 12.532215 15.483104 445.221985 0.752941 0.752941 0.752941
vn 0.925518 -0.245443 0.288399
v 28.848970 10.779580 459.428894 0.752941 0.752941 0.752941
vn 0.273684 0.701170 -0.658375
v 21.817684 10.017734 445.322510 0.752941 0.752941 0.752941
vn 0.382702 0.599152 -0.703247
v 21.215265 10.590600 445.677795 0.752941 0.752941 0.752941
vn 0.888000 -0.449952 0.094863
v 28.514090 18.210274 459.655548 0.752941 0.752941 0.752941
vn 0.944630 -0.306342 0.117593
v 32.262955 23.150185 459.591888 0.752941 0.752941 0.752941
vn 0.044332 0.901938 -0.429583
v 25.397661 9.375005 445.518738 0.752941 0.752941 0.752941
vn 0.485098 0.004340 -0.874449
v 19.895809 12.022159 445.497437 0.752941 0.752941 0.752941
vn 0.824291 -0.396690 -0.403957
v 29.395082 21.855038 445.622864 0.752941 0.752941 0.752941
vn 0.241042 0.828320 -0.505752
v 24.268373 9.566963 445.726379 0.752941 0.752941 0.752941
vn 0.221242 0.835550 -0.502899
v 23.993229 9.403125 445.279144 0.752941 0.752941 0.752941
vn 0.640930 -0.627023 -0.442777
v 26.662600 17.216461 445.524811 0.752941 0.752941 0.752941
vn 0.614204 -0.735177 -0.286825
v 26.385683 16.700544 446.044556 0.752941 0.752941 0.752941
vn 0.832206 -0.526238 0.174661
v 29.205456 13.168561 459.290039 0.752941 0.752941 0.752941
vn -0.491467 0.829665 0.264797
v 22.017267 19.234261 445.820465 0.752941 0.752941 0.752941
vn 0.731374 -0.584997 -0.350529
v 27.213703 17.655090 445.838989 0.752941 0.752941 0.752941
vn -0.549026 -0.647616 -0.528360
v 1.701386 7.064076 445.326538 0.752941 0.752941 0.752941
vn -0.278033 0.844216 0.458255
v 15.561992 16.479738 445.007141 0.752941 0.752941 0.752941
vn 0.749058 -0.482162 -0.454348
v 27.722031 18.570431 445.509094 0.752941 0.752941 0.752941
vn -0.716083 0.584247 0.381942
v 25.442142 22.147350 445.793701 0.752941 0.752941 0.752941
vn 0.877422 -0.278755 -0.390418
v 30.345230 23.972210 445.600037 0.752941 0.752941 0.752941
vn 0.541404 -0.623358 -0.564186
v 20.956995 13.801210 445.625763 0.752941 0.752941 0.752941
vn 0.523530 0.213328 -0.824868
v 20.167023 11.474869 445.628784 0.752941 0.752941 0.752941
vn -0.747775 0.661605 0.055776
v 26.058975 21.375944 459.435760 0.752941 0.752941 0.752941
vn -0.425227 0.840926 0.334702
v 19.290464 17.651913 446.016327 0.752941 0.752941 0.752941
vn 0.793728 0.263899 -0.548045
v 30.475569 24.798363 445.672760 0.752941 0.752941 0.752941
vn 0.640335 0.569610 -0.515282
v 30.211742 25.001753 445.535095 0.752941 0.752941 0.752941
vn 0.542126 -0.108088 -0.833316
v 20.202520 12.267682 445.684113 0.752941 0.752941 0.752941
vn -0.079932 -0.782170 0.617916
v 15.836953 5.357759 445.027466 0.752941 0.752941 0.752941
vn -0.468854 0.826450 0.311698
v 20.380341 18.215275 445.860809 0.752941 0.752941 0.752941
vn 0.089485 0.903852 -0.418384
v 26.676155 9.375340 445.787598 0.752941 0.752941 0.752941
vn -0.133337 -0.817564 0.560188
v 19.790766 5.389701 445.853027 0.752941 0.752941 0.752941
vn -0.214575 0.946067 -0.242726
v 32.424831 28.843676 459.084137 0.752941 0.752941 0.752941
vn 0.111757 -0.640680 0.759631
v 7.592231 6.411474 446.023773 0.752941 0.752941 0.752941
vn -0.053952 -0.623177 0.780218
v 11.951514 6.277539 445.626068 0.752941 0.752941 0.752941
vn -0.054852 -0.624158 0.779371
v 12.950072 6.238166 445.700531 0.752941 0.752941 0.752941
vn 0.674203 -0.655125 0.340971
v 30.110476 4.575990 445.444183 0.752941 0.752941 0.752941
vn -0.016045 0.921932 -0.387019
v 29.458635 8.917969 445.394073 0.752941 0.752941 0.752941
vn -0.362055 0.865569 0.345987
v 17.981958 17.175776 445.512573 0.752941 0.752941 0.752941
vn 0.340656 0.835343 -0.431458
v 29.799053 25.247520 445.440002 0.752941 0.752941 0.752941
vn 0.383284 0.903846 -0.190145
v 32.770752 29.159464 459.927246 0.752941 0.752941 0.752941
vn -0.087141 -0.909701 0.406017
v 24.633390 4.766125 445.860382 0.752941 0.752941 0.752941
vn -0.696737 0.692625 -0.186622
v 24.708603 20.348827 459.675537 0.752941 0.752941 0.752941
vn 0.431746 0.488703 -0.758132
v 20.892260 11.009637 445.768799 0.752941 0.752941 0.752941
vn 0.281185 0.715725 -0.639275
v 22.253624 10.120065 445.628479 0.752941 0.752941 0.752941
vn -0.022378 -0.610446 0.791742
v 11.275489 6.531597 445.746429 0.752941 0.752941 0.752941
vn 0.828623 0.513549 -0.222826
v 29.755188 14.585654 459.109283 0.752941 0.752941 0.752941
vn -0.760279 0.646973 -0.058319
v 26.656260 22.453768 459.334747 0.752941 0.752941 0.752941
vn -0.587147 0.747346 0.311016
v 23.704597 20.326239 445.969208 0.752941 0.752941 0.752941
vn 0.591394 -0.102660 -0.799821
v 20.398243 12.266650 445.827972 0.752941 0.752941 0.752941
vn 0.743344 -0.547716 -0.383987
v 27.721712 18.372509 445.728271 0.752941 0.752941 0.752941
vn 0.592652 -0.399252 -0.699543
v 20.653959 13.291148 445.730652 0.752941 0.752941 0.752941
vn 0.870112 -0.468740 0.152274
v 31.512201 21.557371 459.917389 0.752941 0.752941 0.752941
vn -0.809465 0.586424 0.029550
v 6.667383 12.699286 445.580902 0.752941 0.752941 0.752941
vn -0.079458 -0.614918 0.784578
v 13.758841 6.541158 445.945251 0.752941 0.752941 0.752941
vn -0.789713 0.606001 0.095482
v 5.911586 11.595145 446.259644 0.752941 0.752941 0.752941
vn 0.989581 -0.058459 0.131575
v 30.159122 5.706275 446.313019 0.752941 0.752941 0.752941
vn 0.041874 0.915882 -0.399256
v 29.809744 9.129215 445.720581 0.752941 0.752941 0.752941
vn -0.382431 0.820198 0.425465
v 16.970194 16.541214 445.829590 0.752941 0.752941 0.752941
vn -0.654455 0.646718 0.391720
v 24.473005 21.276703 445.491241 0.752941 0.752941 0.752941
vn 0.840763 -0.325392 -0.432709
v 29.043959 20.875681 445.765564 0.752941 0.752941 0.752941
vn -0.840669 0.506570 -0.191473
v 29.113152 25.045383 459.058899 0.752941 0.752941 0.752941
vn -0.524990 0.795476 0.302661
v 22.578827 19.637865 445.567047 0.752941 0.752941 0.752941
vn -0.683777 0.614297 0.393812
v 24.983070 21.630751 445.724670 0.752941 0.752941 0.752941
vn -0.648066 -0.716078 0.259314
v 25.652521 11.997228 459.716675 0.752941 0.752941 0.752941
vn 0.442468 0.322543 -0.836772
v 20.380775 11.419219 445.746063 0.752941 0.752941 0.752941
vn -0.804147 -0.556235 0.209642
v 24.337255 13.599606 460.075500 0.752941 0.752941 0.752941
vn -0.976712 -0.151900 0.151525
v 23.282444 15.685683 459.477631 0.752941 0.752941 0.752941
vn 0.196010 0.815419 -0.544676
v 23.113438 9.848826 445.658081 0.752941 0.752941 0.752941
vn 0.733046 0.612659 -0.295452
v 28.933781 15.534476 459.309387 0.752941 0.752941 0.752941
vn 0.274859 0.724795 -0.631764
v 22.623491 10.324034 446.028503 0.752941 0.752941 0.752941
vn 0.896608 -0.257924 0.359957
v 28.950523 12.781993 459.483368 0.752941 0.752941 0.752941
vn 0.887823 -0.437094 0.143938
v 31.722494 21.985582 459.868866 0.752941 0.752941 0.752941
vn 0.913130 0.384850 -0.134475
v 30.430429 8.841418 445.954132 0.752941 0.752941 0.752941
vn 0.683849 0.499697 -0.531651
v 30.565193 25.052267 446.022034 0.752941 0.752941 0.752941
vn 0.842260 -0.355211 -0.405493
v 29.446615 21.251009 446.278229 0.752941 0.752941 0.752941
vn 0.887181 0.061701 -0.457278
v 30.553209 24.600264 445.780121 0.752941 0.752941 0.752941
vn 0.857493 -0.495005 0.140270
v 31.363770 21.066463 459.085876 0.752941 0.752941 0.752941
vn 0.621821 -0.224782 -0.750208
v 20.592804 12.842237 445.867615 0.752941 0.752941 0.752941
vn -0.346758 -0.755274 -0.556165
v 2.055562 6.478776 445.898407 0.752941 0.752941 0.752941
vn 0.545633 0.060028 -0.835872
v 20.198919 11.870282 445.742493 0.752941 0.752941 0.752941
vn 0.467218 0.207883 -0.859356
v 20.710241 11.671155 445.951843 0.752941 0.752941 0.752941
vn -0.134324 -0.843013 0.520852
v 21.187710 5.216161 445.898834 0.752941 0.752941 0.752941
vn 0.471019 0.322932 -0.820887
v 21.019075 11.424368 446.060455 0.752941 0.752941 0.752941
vn 0.657900 0.677612 -0.328648
v 29.164740 15.324964 459.335999 0.752941 0.752941 0.752941
vn 0.266971 0.794411 -0.545561
v 24.230215 9.823157 446.056305 0.752941 0.752941 0.752941
vn 0.908658 0.329096 -0.256974
v 28.421228 16.451921 459.422516 0.752941 0.752941 0.752941
vn 0.082064 0.864181 -0.496444
v 25.065794 9.651140 446.035217 0.752941 0.752941 0.752941
vn 0.315797 0.530107 -0.786930
v 21.451183 10.755872 445.912415 0.752941 0.752941 0.752941
vn 0.814751 0.486225 -0.315858
v 28.662653 15.895753 459.331573 0.752941 0.752941 0.752941
vn 0.839368 -0.388466 -0.380205
v 29.913420 22.575159 445.982727 0.752941 0.752941 0.752941
vn 0.526171 0.106692 -0.843659
v 20.716475 12.049988 446.054657 0.752941 0.752941 0.752941
vn 0.784618 -0.616316 0.067298
v 29.597443 13.568533 459.110046 0.752941 0.752941 0.752941
vn 0.421774 0.789174 -0.446443
v 30.252285 25.379383 446.077606 0.752941 0.752941 0.752941
vn -0.228249 -0.823687 -0.519078
v 3.579063 6.049269 445.743805 0.752941 0.752941 0.752941
vn -0.963794 -0.178224 -0.198338
v 1.423096 7.098684 445.796661 0.752941 0.752941 0.752941
vn -0.066805 0.766505 0.638755
v 10.665042 14.859553 445.673004 0.752941 0.752941 0.752941
vn 0.460600 -0.872720 -0.161887
v 24.979788 15.841015 445.926788 0.752941 0.752941 0.752941
vn 0.026893 -0.918196 0.395212
v 4.476479 5.976381 446.360870 0.752941 0.752941 0.752941
vn -0.394886 0.825571 0.403109
v 17.429150 16.703455 446.090179 0.752941 0.752941 0.752941
vn 0.670403 0.693900 -0.262798
v 29.461479 14.899214 459.017761 0.752941 0.752941 0.752941
vn -0.683451 0.671541 0.286229
v 26.956566 24.025803 445.894989 0.752941 0.752941 0.752941
vn -0.078292 -0.993528 -0.082289
v 4.011676 5.868414 445.971527 0.752941 0.752941 0.752941
vn -0.787139 0.616621 0.013797
v 7.140929 13.359590 446.095276 0.752941 0.752941 0.752941
vn 0.166521 -0.686779 0.707535
v 6.215598 6.005462 445.924347 0.752941 0.752941 0.752941
vn -0.058858 -0.555614 0.829354
v 12.868731 6.583340 445.894348 0.752941 0.752941 0.752941
vn 0.817669 -0.404619 -0.409513
v 28.425783 19.377533 445.963623 0.752941 0.752941 0.752941
vn -0.649008 0.665649 0.368375
v 3.442645 8.886726 446.083832 0.752941 0.752941 0.752941
vn 0.662876 -0.667403 -0.339364
v 26.697010 16.975531 445.998047 0.752941 0.752941 0.752941
vn 0.721058 -0.590261 -0.362860
v 27.252052 17.536337 446.114380 0.752941 0.752941 0.752941
vn 0.567409 0.777143 -0.272204
v 30.234837 9.095205 445.868134 0.752941 0.752941 0.752941
vn 0.746245 -0.568037 -0.347063
v 27.424353 17.859596 446.002197 0.752941 0.752941 0.752941
vn 0.299806 0.695912 -0.652551
v 22.735806 10.124977 445.858368 0.752941 0.752941 0.752941
vn 0.379410 0.466883 -0.798792
v 21.320892 11.164081 446.120087 0.752941 0.752941 0.752941
vn 0.255453 0.738347 -0.624170
v 23.152554 10.185844 446.111908 0.752941 0.752941 0.752941
vn -0.120645 -0.710888 0.692880
v 15.772082 6.132663 445.902832 0.752941 0.752941 0.752941
vn 0.725025 -0.675071 0.136448
v 29.404716 13.403416 458.947968 0.752941 0.752941 0.752941
vn 0.229721 0.810043 -0.539499
v 23.452185 9.737277 445.678467 0.752941 0.752941 0.752941
vn 0.185115 0.960724 -0.206742
v 32.802032 28.972881 459.196533 0.752941 0.752941 0.752941
vn 0.617245 -0.075198 -0.783169
v 20.802036 12.503035 446.137268 0.752941 0.752941 0.752941
vn 0.222869 0.756822 -0.614451
v 23.691933 9.988907 446.086578 0.752941 0.752941 0.752941
vn 0.991619 0.090935 -0.091772
v 28.296900 16.990328 459.243652 0.752941 0.752941 0.752941
vn 0.594626 -0.672933 -0.439980
v 22.380527 14.515471 446.192200 0.752941 0.752941 0.752941
vn -0.744968 0.647825 -0.159203
v 24.631485 20.044441 458.929474 0.752941 0.752941 0.752941
vn 0.850406 -0.379717 -0.364177
v 29.114464 20.507589 446.219055 0.752941 0.752941 0.752941
vn 0.797214 -0.442696 -0.410451
v 28.832808 20.106762 445.990692 0.752941 0.752941 0.752941
vn -0.361925 0.821295 0.441005
v 16.751520 16.253698 446.226318 0.752941 0.752941 0.752941
vn 0.880927 -0.240125 -0.407807
v 30.667181 24.147245 446.179077 0.752941 0.752941 0.752941
vn -0.738624 0.579316 0.344714
v 26.102205 22.371048 446.767365 0.752941 0.752941 0.752941
vn -0.126220 -0.658642 0.741795
v 14.494921 6.573750 446.057617 0.752941 0.752941 0.752941
vn 0.867365 -0.495120 0.050342
v 28.589357 18.246231 459.003571 0.752941 0.752941 0.752941
vn 0.740543 -0.626013 0.244344
v 28.736233 10.194480 458.879150 0.752941 0.752941 0.752941
vn -0.696913 0.715019 0.055316
v 7.806704 14.191813 445.810242 0.752941 0.752941 0.752941
vn -0.181981 -0.957420 -0.224122
v 2.965212 6.006907 446.077820 0.752941 0.752941 0.752941
vn -0.214731 0.832383 0.510911
v 8.880568 14.748729 445.740906 0.752941 0.752941 0.752941
vn 0.901640 0.385622 -0.195809
v 28.390095 16.297380 459.048615 0.752941 0.752941 0.752941
vn 0.856784 -0.482254 0.182626
v 29.260237 13.148989 458.884613 0.752941 0.752941 0.752941
vn 0.174462 0.826373 -0.535416
v 24.493406 9.694725 446.008636 0.752941 0.752941 0.752941
vn 0.539741 -0.802869 -0.253142
v 22.650219 14.893022 446.078217 0.752941 0.752941 0.752941
vn 0.959599 -0.263867 0.097698
v 32.488415 23.808571 459.223969 0.752941 0.752941 0.752941
vn 0.756406 0.588720 -0.285059
v 28.756319 15.457290 458.719086 0.752941 0.752941 0.752941
vn 0.943783 -0.320725 0.080052
v 32.204029 22.867481 459.034790 0.752941 0.752941 0.752941
vn -0.011654 0.947176 -0.320502
v 29.580626 9.288023 446.112366 0.752941 0.752941 0.752941
vn 0.983247 -0.137962 0.119133
v 33.337547 27.670132 459.342010 0.752941 0.752941 0.752941
vn 0.965300 -0.226806 0.129438
v 32.597916 24.418219 459.550140 0.752941 0.752941 0.752941
vn -0.191494 0.767142 0.612228
v 13.061051 15.130157 445.896851 0.752941 0.752941 0.752941
vn 0.571259 -0.589353 -0.571250
v 21.339121 13.814849 445.978607 0.752941 0.752941 0.752941
vn 0.526687 0.246752 -0.813458
v 21.085121 11.711411 446.196991 0.752941 0.752941 0.752941
vn 0.619632 -0.328173 -0.712993
v 20.935541 13.168997 446.072174 0.752941 0.752941 0.752941
vn 0.812479 -0.455471 -0.363902
v 28.327030 18.906693 446.201538 0.752941 0.752941 0.752941
vn 0.792147 -0.481670 -0.374829
v 28.971277 19.841934 446.620361 0.752941 0.752941 0.752941
vn 0.997817 0.062269 0.022011
v 30.515377 8.525559 446.126465 0.752941 0.752941 0.752941
vn 0.014393 -0.546191 0.837537
v 10.898736 7.207650 446.296265 0.752941 0.752941 0.752941
vn 0.349879 0.546196 -0.761088
v 21.631994 10.916937 446.056824 0.752941 0.752941 0.752941
vn 0.242037 0.799432 -0.549842
v 24.231249 10.002026 446.364166 0.752941 0.752941 0.752941
vn -0.440645 0.830495 0.340750
v 18.485209 17.330143 445.753815 0.752941 0.752941 0.752941
vn 0.457185 0.401801 -0.793434
v 21.443541 11.394135 446.306824 0.752941 0.752941 0.752941
vn 0.962279 0.218777 -0.161728
v 28.303377 16.446461 458.828003 0.752941 0.752941 0.752941
vn 0.603418 -0.413995 -0.681538
v 21.612568 13.592944 446.392456 0.752941 0.752941 0.752941
vn 0.315942 0.631687 -0.707921
v 21.742540 10.591509 445.886536 0.752941 0.752941 0.752941
vn -0.732754 -0.562171 -0.383451
v 1.476825 6.829954 445.973633 0.752941 0.752941 0.752941
vn 0.968064 -0.219743 0.120686
v 32.913830 25.608719 459.172424 0.752941 0.752941 0.752941
vn -0.383957 0.793528 0.472113
v 7.870226 14.087184 446.194122 0.752941 0.752941 0.752941
vn 0.970336 -0.241009 -0.019020
v 29.774399 13.993991 458.553528 0.752941 0.752941 0.752941
vn 0.832430 0.496761 -0.245536
v 28.634916 15.739552 458.947632 0.752941 0.752941 0.752941
vn 0.158035 -0.783401 0.601089
v 5.232501 5.881763 446.089294 0.752941 0.752941 0.752941
vn -0.135470 -0.765435 0.629092
v 17.779549 5.687132 445.759583 0.752941 0.752941 0.752941
vn -0.556204 0.711915 0.428735
v 2.336918 8.117977 445.749023 0.752941 0.752941 0.752941
vn -0.316359 0.945737 -0.074154
v 28.518227 25.187965 445.962250 0.752941 0.752941 0.752941
vn 0.572149 0.156229 -0.805132
v 21.107981 12.138725 446.308777 0.752941 0.752941 0.752941
vn 0.141374 0.931014 -0.336492
v 29.851057 9.279355 446.115753 0.752941 0.752941 0.752941
vn -0.294031 0.807080 0.512023
v 15.119911 15.723869 446.010132 0.752941 0.752941 0.752941
vn 0.968618 -0.199007 0.148914
v 28.960537 10.741231 458.539429 0.752941 0.752941 0.752941
vn 0.771380 -0.503827 -0.388756
v 28.945654 19.997171 446.303162 0.752941 0.752941 0.752941
vn 0.626121 -0.292685 -0.722709
v 21.220022 13.060000 446.328735 0.752941 0.752941 0.752941
vn 0.216565 -0.890740 0.399601
v 29.310850 4.584525 446.395142 0.752941 0.752941 0.752941
vn -0.147469 -0.583854 0.798353
v 13.947673 7.233467 446.560577 0.752941 0.752941 0.752941
vn 0.860313 -0.368064 -0.352691
v 30.462862 23.212467 446.590515 0.752941 0.752941 0.752941
vn -0.853974 -0.481946 0.196103
v 24.251686 13.269341 458.934723 0.752941 0.752941 0.752941
vn 0.690233 -0.671570 -0.269392
v 27.104465 17.230352 446.373169 0.752941 0.752941 0.752941
vn 0.996349 -0.055785 0.064627
v 30.164225 6.651402 446.368225 0.752941 0.752941 0.752941
vn -0.806715 0.584108 0.089604
v 6.412005 12.176525 446.249573 0.752941 0.752941 0.752941
vn 0.038597 0.962411 -0.268841
v 29.827154 25.491411 446.165344 0.752941 0.752941 0.752941
vn -0.727533 0.654802 -0.204767
v 30.981968 28.063292 458.347382 0.752941 0.752941 0.752941
vn 0.048188 -0.573518 0.817774
v 9.608953 7.107428 446.273743 0.752941 0.752941 0.752941
vn -0.882378 0.438238 -0.171337
v 29.724203 26.335257 459.783051 0.752941 0.752941 0.752941
vn -0.151925 0.753179 0.640031
v 11.825085 15.135467 445.593750 0.752941 0.752941 0.752941
vn 0.368998 0.668216 -0.646009
v 22.360544 10.661212 446.292450 0.752941 0.752941 0.752941
vn -0.636127 -0.707284 0.308370
v 25.279665 11.785661 458.375061 0.752941 0.752941 0.752941
vn -0.070075 -0.552177 0.830776
v 12.303901 7.087148 446.247101 0.752941 0.752941 0.752941
vn 0.023544 0.952891 -0.302397
v 29.637928 9.335188 446.318146 0.752941 0.752941 0.752941
vn -0.933612 0.353519 -0.058257
v 23.561340 18.302835 458.513000 0.752941 0.752941 0.752941
vn -0.992420 -0.001187 0.122884
v 23.113131 16.040337 458.743164 0.752941 0.752941 0.752941
vn 0.445375 -0.881530 -0.156670
v 23.519890 15.254239 446.639160 0.752941 0.752941 0.752941
vn 0.080662 -0.452497 0.888111
v 8.556098 8.278947 447.060608 0.752941 0.752941 0.752941
vn 0.997115 -0.041493 0.063563
v 33.425385 27.692329 458.507690 0.752941 0.752941 0.752941
vn -0.848215 0.449759 0.279728
v 1.484859 7.279638 445.980591 0.752941 0.752941 0.752941
vn 0.316326 -0.947720 -0.042015
v 24.311462 15.434145 446.658081 0.752941 0.752941 0.752941
vn 0.741074 -0.569610 0.355463
v 30.067812 4.871795 446.083313 0.752941 0.752941 0.752941
vn 0.085336 -0.598090 0.796873
v 9.086303 6.603616 445.972168 0.752941 0.752941 0.752941
vn -0.358253 0.788926 0.499249
v 16.157751 15.877936 446.436707 0.752941 0.752941 0.752941
vn -0.714790 0.658097 0.236606
v 5.051638 10.545004 446.308746 0.752941 0.752941 0.752941
vn -0.265840 0.656731 0.705715
v 13.768390 14.670500 446.667328 0.752941 0.752941 0.752941
vn 0.728399 -0.565183 -0.387301
v 27.701244 17.952236 446.379272 0.752941 0.752941 0.752941
vn 0.797674 -0.509695 -0.322377
v 28.289728 18.659693 446.572205 0.752941 0.752941 0.752941
vn 0.092610 0.878039 -0.469543
v 29.640245 9.479142 446.663971 0.752941 0.752941 0.752941
vn 0.639156 -0.131938 -0.757676
v 21.140469 12.726768 446.364960 0.752941 0.752941 0.752941
vn 0.339317 0.826819 -0.448592
v 30.472197 25.462212 446.430634 0.752941 0.752941 0.752941
vn 0.501992 0.804539 -0.317366
v 30.243095 9.236412 446.336426 0.752941 0.752941 0.752941
vn 0.830248 -0.436238 -0.346966
v 28.654106 19.365725 446.460114 0.752941 0.752941 0.752941
vn 0.512667 -0.816651 -0.265054
v 22.965931 15.004872 446.216736 0.752941 0.752941 0.752941
vn 0.835681 0.299285 -0.460505
v 30.817188 25.020597 446.319244 0.752941 0.752941 0.752941
vn 0.606821 -0.379923 -0.698160
v 21.543938 13.309191 446.487732 0.752941 0.752941 0.752941
vn 0.604083 0.103816 -0.790130
v 21.284557 12.303347 446.487518 0.752941 0.752941 0.752941
vn 0.599514 -0.587230 -0.543823
v 22.141193 14.169651 446.440399 0.752941 0.752941 0.752941
vn 0.720719 0.685351 -0.104205
v 33.167027 28.735714 459.182495 0.752941 0.752941 0.752941
vn 0.755091 -0.551107 -0.355132
v 27.987635 18.391886 446.251801 0.752941 0.752941 0.752941
vn 0.765946 -0.504630 -0.398341
v 28.056568 18.761869 445.851074 0.752941 0.752941 0.752941
vn 0.593119 -0.004837 -0.805101
v 21.528131 12.640279 446.702148 0.752941 0.752941 0.752941
vn -0.673389 0.710397 -0.204654
v 27.846189 23.296299 459.144226 0.752941 0.752941 0.752941
vn 0.973238 -0.228145 0.027515
v 28.416946 17.619598 458.991180 0.752941 0.752941 0.752941
vn -0.725633 0.686154 -0.051466
v 25.159273 20.510126 458.729126 0.752941 0.752941 0.752941
vn 0.992104 -0.125328 0.004638
v 28.267776 17.059429 458.836426 0.752941 0.752941 0.752941
vn 0.479307 0.481336 -0.733880
v 21.826759 11.158753 446.421814 0.752941 0.752941 0.752941
vn 0.192700 0.821742 -0.536289
v 24.619282 9.933627 446.372437 0.752941 0.752941 0.752941
vn 0.273739 0.734251 -0.621242
v 22.826258 10.658141 446.505951 0.752941 0.752941 0.752941
vn 0.626167 -0.276269 -0.729102
v 21.464388 13.023672 446.573456 0.752941 0.752941 0.752941
vn -0.996094 -0.083439 0.028895
v 1.378137 6.868279 446.286957 0.752941 0.752941 0.752941
vn -0.091457 0.585095 0.805791
v 11.088156 13.924756 446.635315 0.752941 0.752941 0.752941
vn -0.857662 -0.455416 0.238773
v 23.714695 14.149031 458.826721 0.752941 0.752941 0.752941
vn -0.225607 0.681215 0.696453
v 12.969618 14.762337 446.297028 0.752941 0.752941 0.752941
vn -0.751268 -0.607798 0.257252
v 24.563425 12.893896 459.128876 0.752941 0.752941 0.752941
vn 0.768059 -0.619956 0.160440
v 31.049316 20.509954 458.965729 0.752941 0.752941 0.752941
vn -0.633679 0.701021 0.327140
v 24.467461 20.740557 446.306061 0.752941 0.752941 0.752941
vn -0.068500 0.710975 0.699873
v 8.722835 14.439807 446.105560 0.752941 0.752941 0.752941
vn 0.721161 -0.679133 0.136766
v 28.918140 18.737997 459.179779 0.752941 0.752941 0.752941
vn -0.058457 -0.898142 0.435803
v 27.994261 9.977673 458.839508 0.752941 0.752941 0.752941
vn 0.725878 0.578384 -0.372253
v 30.727179 25.304573 446.446716 0.752941 0.752941 0.752941
vn -0.423608 0.804315 0.416693
v 17.629372 16.492817 446.644440 0.752941 0.752941 0.752941
vn 0.978851 0.200613 0.040055
v 33.359623 28.336670 459.264130 0.752941 0.752941 0.752941
vn 0.975721 -0.080531 0.203676
v 29.025574 11.722787 459.033051 0.752941 0.752941 0.752941
vn 0.003231 0.898815 -0.438316
v 29.198990 9.377855 446.420959 0.752941 0.752941 0.752941
vn -0.132106 -0.853622 0.503863
v 22.465530 5.301784 446.394623 0.752941 0.752941 0.752941
vn 0.275277 0.751597 -0.599437
v 23.513056 10.252109 446.339172 0.752941 0.752941 0.752941
vn -0.328533 0.736591 0.591185
v 15.111209 15.178886 446.790741 0.752941 0.752941 0.752941
vn 0.469351 0.349317 -0.810979
v 21.711790 11.649712 446.555878 0.752941 0.752941 0.752941
vn 0.123679 0.884905 -0.449050
v 25.346216 9.904910 446.608948 0.752941 0.752941 0.752941
vn 0.840855 -0.501110 0.204575
v 29.537508 13.434417 458.646271 0.752941 0.752941 0.752941
vn 0.663304 -0.628600 -0.406067
v 23.527533 14.995907 447.072754 0.752941 0.752941 0.752941
vn 0.836589 -0.473984 0.274695
v 30.051147 5.035998 446.341034 0.752941 0.752941 0.752941
vn 0.967443 -0.233841 0.096807
v 32.732464 24.596718 458.748993 0.752941 0.752941 0.752941
vn 0.625131 -0.428812 -0.652174
v 21.983988 13.746415 446.647614 0.752941 0.752941 0.752941
vn 0.617593 -0.363486 -0.697464
v 21.831900 13.421645 446.664398 0.752941 0.752941 0.752941
vn 0.982816 -0.158813 0.094081
v 30.435820 8.082132 446.433533 0.752941 0.752941 0.752941
vn 0.712233 -0.630057 -0.309439
v 27.506626 17.625738 446.490082 0.752941 0.752941 0.752941
vn 0.320116 0.698498 -0.640021
v 22.552187 10.833974 446.610565 0.752941 0.752941 0.752941
vn -0.161360 -0.817158 0.553367
v 21.327522 5.720919 446.739532 0.752941 0.752941 0.752941
vn 0.650151 -0.718784 -0.246279
v 26.868410 16.880657 446.657562 0.752941 0.752941 0.752941
vn -0.253559 0.640184 0.725171
v 7.766582 13.463879 446.892487 0.752941 0.752941 0.752941
vn -0.534907 -0.840074 0.090285
v 1.740690 6.143566 446.855713 0.752941 0.752941 0.752941
vn -0.156001 -0.978503 -0.134894
v 2.529746 6.039225 446.303101 0.752941 0.752941 0.752941
vn -0.670886 -0.685210 -0.283547
v 1.653322 6.304453 446.506226 0.752941 0.752941 0.752941
vn -0.131539 -0.531579 0.836732
v 14.227484 7.884405 446.982758 0.752941 0.752941 0.752941
vn -0.142878 0.689270 0.710277
v 8.206590 13.896796 446.573608 0.752941 0.752941 0.752941
vn -0.754726 0.612407 0.235259
v 5.063259 10.268618 446.957214 0.752941 0.752941 0.752941
vn 0.149849 -0.506634 0.849039
v 7.196214 7.487094 446.836609 0.752941 0.752941 0.752941
vn -0.641628 0.715157 0.277243
v 3.314541 8.314074 446.839722 0.752941 0.752941 0.752941
vn -0.385504 0.839630 0.382633
v 17.986286 16.969107 445.960236 0.752941 0.752941 0.752941
vn 0.884428 0.436208 -0.165859
v 30.427126 9.021099 446.436127 0.752941 0.752941 0.752941
vn -0.011220 0.911187 -0.411840
v 28.973318 9.529061 446.706207 0.752941 0.752941 0.752941
vn 0.890169 -0.293805 -0.348250
v 31.217924 24.407389 447.286804 0.752941 0.752941 0.752941
vn -0.430288 0.791079 0.434794
v 17.141045 16.113388 446.851288 0.752941 0.752941 0.752941
vn -0.671408 -0.644468 0.365886
v 24.880888 11.725150 457.560913 0.752941 0.752941 0.752941
vn 0.723150 -0.604077 -0.334880
v 27.808474 17.817514 446.778717 0.752941 0.752941 0.752941
vn 0.268264 0.826275 -0.495282
v 24.934761 10.113166 446.816223 0.752941 0.752941 0.752941
vn 0.524707 0.273662 -0.806097
v 21.460083 11.788773 446.494293 0.752941 0.752941 0.752941
vn -0.757584 0.650612 -0.052642
v 25.914289 21.467617 458.555084 0.752941 0.752941 0.752941
vn 0.471549 0.502412 -0.724723
v 22.282093 11.034607 446.630432 0.752941 0.752941 0.752941
vn -0.784008 -0.502971 0.363801
v 24.052999 13.546539 458.450012 0.752941 0.752941 0.752941
vn 0.113954 0.889081 -0.443338
v 27.983847 9.495024 446.555084 0.752941 0.752941 0.752941
vn 0.032193 0.885743 -0.463058
v 29.275339 9.546712 446.639404 0.752941 0.752941 0.752941
vn 0.652617 -0.744679 0.139803
v 28.992529 18.682638 458.521973 0.752941 0.752941 0.752941
vn -0.989945 0.133466 0.046852
v 23.249218 17.127426 459.054718 0.752941 0.752941 0.752941
vn 0.783825 -0.535105 -0.315088
v 28.128159 18.273085 446.765808 0.752941 0.752941 0.752941
vn 0.852079 -0.362750 -0.377325
v 29.737253 21.554193 446.649750 0.752941 0.752941 0.752941
vn 0.850396 -0.384886 -0.358734
v 30.045952 22.327772 446.556458 0.752941 0.752941 0.752941
vn -0.386795 0.685570 0.616753
v 15.926589 15.207211 447.209259 0.752941 0.752941 0.752941
vn 0.651239 -0.405925 -0.641180
v 22.165422 13.766269 446.808746 0.752941 0.752941 0.752941
vn 0.971037 -0.208482 0.116713
v 33.196106 26.776800 459.011261 0.752941 0.752941 0.752941
vn 0.955245 -0.166544 0.244480
v 29.133873 12.080781 458.236603 0.752941 0.752941 0.752941
vn 0.244755 0.898887 -0.363453
v 30.083084 9.399075 446.530975 0.752941 0.752941 0.752941
vn 0.527708 0.202367 -0.824968
v 21.708324 12.148623 446.761841 0.752941 0.752941 0.752941
vn 0.507283 0.789012 -0.346590
v 30.593349 25.578941 446.737396 0.752941 0.752941 0.752941
vn -0.017588 0.970834 -0.239106
v 32.799385 28.775179 458.287170 0.752941 0.752941 0.752941
vn -0.441454 0.820004 0.364295
v 18.886066 16.926720 447.081055 0.752941 0.752941 0.752941
vn 0.513642 0.837352 -0.187121
v 33.001469 28.730820 458.384521 0.752941 0.752941 0.752941
vn -0.348755 0.626894 0.696688
v 14.816980 14.782113 447.039795 0.752941 0.752941 0.752941
vn -0.556007 0.718476 0.417909
v 7.421258 13.639176 446.482971 0.752941 0.752941 0.752941
vn 0.883907 0.415376 -0.214875
v 28.573490 15.784683 458.773346 0.752941 0.752941 0.752941
vn -0.533467 0.811154 0.239671
v 22.777130 19.364237 446.816223 0.752941 0.752941 0.752941
vn -0.010381 0.964321 -0.264531
v 30.209766 25.665936 446.842316 0.752941 0.752941 0.752941
vn -0.202840 0.583551 0.786336
v 12.584415 13.999767 446.786194 0.752941 0.752941 0.752941
vn 0.831158 0.499078 -0.245146
v 28.582434 15.564781 458.353729 0.752941 0.752941 0.752941
vn 0.035897 -0.454684 0.889929
v 10.238690 8.182120 446.879028 0.752941 0.752941 0.752941
vn -0.104172 -0.573043 0.812877
v 13.203399 7.155422 446.329559 0.752941 0.752941 0.752941
vn -0.170186 -0.541743 0.823135
v 15.262723 7.195153 446.745941 0.752941 0.752941 0.752941
vn 0.819235 -0.481622 0.311279
v 29.281080 13.082689 458.580231 0.752941 0.752941 0.752941
vn 0.983146 0.087154 -0.160709
v 29.834497 14.300620 459.109589 0.752941 0.752941 0.752941
vn 0.696038 -0.650097 0.304803
v 29.974600 5.268614 447.020844 0.752941 0.752941 0.752941
vn 0.216405 0.833070 -0.509081
v 25.189304 10.093089 446.963409 0.752941 0.752941 0.752941
vn 0.801166 -0.488990 -0.344994
v 28.674837 18.969805 447.009033 0.752941 0.752941 0.752941
vn 0.986336 -0.162595 -0.026526
v 28.374475 17.309736 458.594543 0.752941 0.752941 0.752941
vn 0.595115 0.657563 -0.462005
v 30.970472 25.484781 447.004547 0.752941 0.752941 0.752941
vn 0.834538 -0.407524 -0.370771
v 29.417448 20.645906 446.831482 0.752941 0.752941 0.752941
vn 0.783853 0.576879 -0.229751
v 30.368603 9.403803 447.046387 0.752941 0.752941 0.752941
vn -0.734990 0.635457 0.236612
v 27.656586 24.472803 446.764221 0.752941 0.752941 0.752941
vn 0.951411 -0.301529 0.062432
v 32.358620 23.113590 458.134857 0.752941 0.752941 0.752941
vn 0.293974 0.724518 -0.623421
v 23.192028 10.786146 446.808746 0.752941 0.752941 0.752941
vn 0.529642 0.326823 -0.782730
v 22.001301 11.590989 446.711548 0.752941 0.752941 0.752941
vn 0.879015 -0.010350 -0.476681
v 31.043135 24.798918 446.619049 0.752941 0.752941 0.752941
vn -0.785870 0.595756 0.165781
v 5.568825 11.023291 446.628815 0.752941 0.752941 0.752941
vn 0.340086 0.707338 -0.619689
v 23.770872 10.795453 447.150269 0.752941 0.752941 0.752941
vn 0.996739 0.080135 -0.009461
v 30.494310 8.814673 446.494202 0.752941 0.752941 0.752941
vn 0.893569 -0.406327 0.190875
v 28.826433 10.279119 458.428864 0.752941 0.752941 0.752941
vn 0.890123 -0.441328 0.113622
v 31.706627 21.620018 458.788910 0.752941 0.752941 0.752941
vn 0.924278 0.347153 -0.158729
v 29.752949 14.430960 458.462280 0.752941 0.752941 0.752941
vn -0.194935 -0.521408 0.830743
v 15.209424 7.612870 446.950745 0.752941 0.752941 0.752941
vn -0.797986 0.586210 -0.139915
v 28.805489 24.219448 458.511322 0.752941 0.752941 0.752941
vn 0.626679 -0.755936 0.189299
v 30.170277 19.496254 458.627747 0.752941 0.752941 0.752941
vn 0.482406 0.278440 -0.830515
v 21.992750 12.026089 446.914032 0.752941 0.752941 0.752941
vn 0.606055 -0.039614 -0.794436
v 21.719645 12.812871 446.829468 0.752941 0.752941 0.752941
vn 0.663498 -0.702269 -0.258047
v 27.510798 17.386457 447.099060 0.752941 0.752941 0.752941
vn -0.779958 0.480146 0.401404
v 1.551517 6.900126 446.763580 0.752941 0.752941 0.752941
vn -0.097657 -0.909645 0.403743
v 25.452536 4.863013 446.276459 0.752941 0.752941 0.752941
vn -0.837251 -0.262873 0.479487
v 1.556311 6.443201 446.946747 0.752941 0.752941 0.752941
vn -0.061961 -0.929094 0.364617
v 28.190453 9.562353 457.860077 0.752941 0.752941 0.752941
vn 0.047781 0.897330 -0.438766
v 28.570845 9.487011 446.613251 0.752941 0.752941 0.752941
vn -0.160917 -0.846571 0.507369
v 22.706974 5.560884 446.869141 0.752941 0.752941 0.752941
vn 0.606136 0.009414 -0.795306
v 22.094137 12.682057 447.106445 0.752941 0.752941 0.752941
vn 0.516420 0.428073 -0.741663
v 22.476767 11.491647 447.011444 0.752941 0.752941 0.752941
vn -0.433846 0.787794 0.437217
v 17.519583 16.265261 447.003967 0.752941 0.752941 0.752941
vn 0.531117 0.151026 -0.833730
v 21.987228 12.220235 446.943726 0.752941 0.752941 0.752941
vn 0.856252 -0.370726 -0.359716
v 29.303806 20.323332 446.958435 0.752941 0.752941 0.752941
vn 0.602698 -0.598680 -0.527577
v 22.644293 14.251443 446.901611 0.752941 0.752941 0.752941
vn 0.374610 0.840940 -0.390496
v 30.801519 25.698206 447.217010 0.752941 0.752941 0.752941
vn -0.516178 0.822370 0.239305
v 22.069256 18.864109 447.099731 0.752941 0.752941 0.752941
vn 0.943253 -0.259109 0.207693
v 29.120998 12.836596 458.956573 0.752941 0.752941 0.752941
vn 0.852110 -0.384905 -0.354621
v 29.956043 21.732971 446.992859 0.752941 0.752941 0.752941
vn 0.625480 0.722871 -0.293652
v 29.127668 14.911652 458.515961 0.752941 0.752941 0.752941
vn 0.659904 -0.273815 -0.699680
v 22.094471 13.283294 446.984955 0.752941 0.752941 0.752941
vn 0.577473 0.180159 -0.796283
v 22.033804 12.431147 447.042389 0.752941 0.752941 0.752941
vn 0.573839 0.272736 -0.772220
v 22.205736 11.751734 446.948425 0.752941 0.752941 0.752941
vn 0.516035 0.463560 -0.720292
v 22.775106 11.440475 447.223846 0.752941 0.752941 0.752941
vn -0.130472 -0.878690 0.459218
v 23.962925 5.359705 446.920532 0.752941 0.752941 0.752941
vn -0.437880 0.805297 0.399697
v 18.379469 16.687786 447.101471 0.752941 0.752941 0.752941
vn 0.793033 0.364529 -0.488074
v 31.106098 25.283363 446.973877 0.752941 0.752941 0.752941
vn 0.874768 -0.354615 -0.330195
v 31.028233 23.885130 447.359894 0.752941 0.752941 0.752941
vn 0.926861 -0.364885 0.088252
v 32.070595 22.279026 458.291565 0.752941 0.752941 0.752941
vn 0.538916 -0.798433 -0.268466
v 23.804819 15.285048 447.098450 0.752941 0.752941 0.752941
vn 0.851504 -0.514093 0.103198
v 31.362507 20.780495 458.083252 0.752941 0.752941 0.752941
vn 0.861064 -0.356897 -0.362206
v 29.733093 21.076769 447.048676 0.752941 0.752941 0.752941
vn -0.264181 -0.833887 0.484605
v 2.049043 6.133698 447.147156 0.752941 0.752941 0.752941
vn 0.132316 -0.867554 0.479418
v 2.782903 6.112571 447.043701 0.752941 0.752941 0.752941
vn 0.141885 -0.878382 0.456413
v 3.283274 6.137934 446.866241 0.752941 0.752941 0.752941
vn -0.656768 0.627402 0.418356
v 6.864406 12.788143 446.956238 0.752941 0.752941 0.752941
vn 0.699418 -0.673300 -0.239753
v 27.174738 17.118441 446.926453 0.752941 0.752941 0.752941
vn -0.170123 -0.616314 0.768905
v 15.983464 6.964128 446.726837 0.752941 0.752941 0.752941
vn 0.046446 0.529994 0.846729
v 9.056823 13.478656 446.877045 0.752941 0.752941 0.752941
vn -0.011460 0.524076 0.851594
v 9.951531 13.606265 446.733826 0.752941 0.752941 0.752941
vn -0.079865 0.427442 0.900508
v 11.042243 13.245893 446.977142 0.752941 0.752941 0.752941
vn -0.189551 -0.735974 0.649933
v 18.315907 6.305273 446.634949 0.752941 0.752941 0.752941
vn -0.143135 -0.419641 0.896334
v 13.023234 8.665462 447.228302 0.752941 0.752941 0.752941
vn 0.244445 0.802465 -0.544331
v 25.056587 10.454008 447.357056 0.752941 0.752941 0.752941
vn -0.709915 0.698887 -0.087055
v 27.822754 23.235338 458.365601 0.752941 0.752941 0.752941
vn 0.075579 0.907638 -0.412893
v 28.484684 9.883712 447.389404 0.752941 0.752941 0.752941
vn -0.969347 -0.168350 0.178955
v 23.144075 15.253299 458.373962 0.752941 0.752941 0.752941
vn 0.543584 0.788604 -0.287439
v 30.196589 9.758953 447.539063 0.752941 0.752941 0.752941
vn 0.377813 0.633151 -0.675557
v 23.158089 11.109222 447.153748 0.752941 0.752941 0.752941
vn -0.531905 -0.770896 0.350422
v 26.715450 10.656822 458.378845 0.752941 0.752941 0.752941
vn 0.270154 -0.843983 0.463369
v 28.277092 9.820469 458.497925 0.752941 0.752941 0.752941
vn 0.649545 -0.457866 -0.607000
v 22.413969 13.838348 447.035706 0.752941 0.752941 0.752941
vn -0.309960 0.514701 0.799379
v 14.148892 13.926095 447.332336 0.752941 0.752941 0.752941
vn 0.859766 0.438964 -0.260986
v 28.451000 15.787152 458.383820 0.752941 0.752941 0.752941
vn 0.282820 0.764422 -0.579372
v 24.230188 10.399311 446.871490 0.752941 0.752941 0.752941
vn 0.682900 -0.256507 -0.683997
v 22.649269 13.565253 447.476807 0.752941 0.752941 0.752941
vn 0.667864 -0.477993 -0.570509
v 22.722897 14.001095 447.201172 0.752941 0.752941 0.752941
vn 0.007103 0.896012 -0.443974
v 28.769175 9.734105 447.173187 0.752941 0.752941 0.752941
vn 0.139745 0.885477 -0.443172
v 27.634666 9.738576 446.829254 0.752941 0.752941 0.752941
vn 0.867880 -0.344972 -0.357462
v 29.893751 21.018740 447.533386 0.752941 0.752941 0.752941
vn 0.777443 -0.556165 -0.293705
v 28.363188 18.194729 447.492920 0.752941 0.752941 0.752941
vn 0.004932 0.901587 -0.432570
v 29.012125 9.733673 447.116760 0.752941 0.752941 0.752941
vn 0.717130 0.522128 -0.461636
v 31.301521 25.422974 447.406708 0.752941 0.752941 0.752941
vn 0.532147 0.241214 -0.811564
v 22.252316 12.007430 447.033447 0.752941 0.752941 0.752941
vn -0.211753 -0.536775 0.816721
v 15.633514 7.850684 447.246735 0.752941 0.752941 0.752941
vn -0.610208 0.237550 0.755788
v 2.156752 7.070394 447.468475 0.752941 0.752941 0.752941
vn 0.621096 -0.760155 -0.190799
v 26.940729 16.719940 447.355957 0.752941 0.752941 0.752941
vn -0.617822 0.673247 0.406243
v 3.514632 8.309410 447.584747 0.752941 0.752941 0.752941
vn 0.916510 -0.266024 0.298733
v 29.633669 13.447662 458.240326 0.752941 0.752941 0.752941
vn 0.802109 -0.494548 0.334728
v 29.483589 13.204919 458.421875 0.752941 0.752941 0.752941
vn 0.193807 -0.911752 0.362143
v 29.212143 4.811150 447.023163 0.752941 0.752941 0.752941
vn 0.831180 -0.342255 0.438180
v 29.574863 13.082833 458.042847 0.752941 0.752941 0.752941
vn -0.778335 0.551594 0.299897
v 27.439301 23.643585 447.726471 0.752941 0.752941 0.752941
vn 0.239952 -0.608495 0.756410
v 4.402855 6.961175 447.242249 0.752941 0.752941 0.752941
vn 0.081721 0.304824 0.948896
v 8.746791 12.320825 447.390198 0.752941 0.752941 0.752941
vn 0.523445 -0.826854 -0.205713
v 25.672337 16.115152 446.243500 0.752941 0.752941 0.752941
vn 0.247013 -0.513808 0.821576
v 5.728889 7.705412 447.304901 0.752941 0.752941 0.752941
vn -0.722172 0.634475 0.275515
v 4.179272 9.308797 446.850708 0.752941 0.752941 0.752941
vn 0.958504 -0.277110 0.066940
v 32.538063 23.774403 458.524780 0.752941 0.752941 0.752941
vn 0.500704 -0.795353 0.341627
v 29.651098 5.072117 446.900940 0.752941 0.752941 0.752941
vn -0.127550 -0.510536 0.850343
v 13.149831 8.060375 446.973480 0.752941 0.752941 0.752941
vn -0.450613 0.772256 0.447848
v 18.089661 16.217918 447.560913 0.752941 0.752941 0.752941
vn -0.122151 -0.491304 0.862380
v 13.991161 8.244652 447.190979 0.752941 0.752941 0.752941
vn 0.790806 -0.521213 -0.320878
v 29.011168 19.108109 447.539612 0.752941 0.752941 0.752941
vn 0.986811 -0.137061 0.086134
v 30.183350 7.214290 446.976807 0.752941 0.752941 0.752941
vn 0.928494 0.309038 -0.205898
v 28.267040 16.214453 458.336487 0.752941 0.752941 0.752941
vn 0.686871 -0.672462 0.275687
v 29.922457 5.387300 447.388153 0.752941 0.752941 0.752941
vn 0.610391 -0.645128 -0.459600
v 22.943436 14.654902 446.678680 0.752941 0.752941 0.752941
vn 0.288384 0.786850 -0.545621
v 24.589476 10.427174 447.130829 0.752941 0.752941 0.752941
vn 0.090154 0.929890 -0.356619
v 29.811369 9.615107 446.966827 0.752941 0.752941 0.752941
vn 0.981362 0.192111 -0.004707
v 33.426956 28.126467 458.323883 0.752941 0.752941 0.752941
vn -0.197785 -0.812243 0.548765
v 22.538967 6.214673 447.898560 0.752941 0.752941 0.752941
vn 0.564244 0.157819 -0.810384
v 22.529158 12.666457 447.431335 0.752941 0.752941 0.752941
vn -0.157041 -0.871879 0.463859
v 24.149565 5.814140 447.812561 0.752941 0.752941 0.752941
vn 0.662180 -0.631971 -0.402653
v 23.476515 14.683990 447.462524 0.752941 0.752941 0.752941
vn 0.114972 0.911426 -0.395075
v 27.792107 10.008964 447.570984 0.752941 0.752941 0.752941
vn 0.799861 -0.592752 0.094164
v 28.640226 18.186995 458.241760 0.752941 0.752941 0.752941
vn 0.877786 0.456188 -0.146230
v 30.413269 9.493496 447.521118 0.752941 0.752941 0.752941
vn 0.854725 -0.377520 -0.356264
v 30.012814 21.567839 447.338318 0.752941 0.752941 0.752941
vn -0.508921 0.798439 0.321706
v 19.719759 17.262762 447.485474 0.752941 0.752941 0.752941
vn 0.568689 0.249544 -0.783786
v 22.534250 11.906291 447.196442 0.752941 0.752941 0.752941
vn 0.534726 0.213688 -0.817561
v 22.471859 12.318789 447.302795 0.752941 0.752941 0.752941
vn -0.193180 -0.637522 0.745820
v 17.067032 7.145562 447.135681 0.752941 0.752941 0.752941
vn 0.017187 -0.427313 0.903940
v 2.711689 6.725233 447.636444 0.752941 0.752941 0.752941
vn -0.619054 0.709809 0.336070
v 2.486908 7.727977 447.063568 0.752941 0.752941 0.752941
vn -0.785558 0.605994 -0.125177
v 30.613270 27.121166 456.360016 0.752941 0.752941 0.752941
vn -0.527354 0.810330 0.255467
v 22.974833 19.312454 447.571808 0.752941 0.752941 0.752941
vn -0.991851 0.105017 0.072130
v 23.088263 16.385351 457.747437 0.752941 0.752941 0.752941
vn -0.808475 0.566731 0.158695
v 5.648641 10.891228 447.469452 0.752941 0.752941 0.752941
vn -0.693383 0.620917 0.365626
v 6.409142 12.072885 447.314331 0.752941 0.752941 0.752941
vn 0.042166 0.506059 0.861467
v 8.113420 13.075579 447.195313 0.752941 0.752941 0.752941
vn -0.484562 0.825319 0.289909
v 20.484970 17.936672 446.868347 0.752941 0.752941 0.752941
vn -0.572669 0.818476 0.046340
v 28.835062 25.341097 447.932617 0.752941 0.752941 0.752941
vn -0.177438 -0.849409 0.497011
v 23.553471 5.710177 447.451141 0.752941 0.752941 0.752941
vn -0.161272 -0.491674 0.855715
v 14.385318 8.678555 447.504089 0.752941 0.752941 0.752941
vn 0.978829 -0.174532 -0.106921
v 28.347521 17.684597 458.389465 0.752941 0.752941 0.752941
vn 0.903892 0.054908 -0.424223
v 31.415474 25.011898 447.388519 0.752941 0.752941 0.752941
vn 0.844057 -0.399069 -0.358206
v 30.161201 21.738792 447.441315 0.752941 0.752941 0.752941
vn 0.098463 0.912865 -0.396211
v 29.262127 9.804046 447.320984 0.752941 0.752941 0.752941
vn 0.169177 0.851214 -0.496804
v 25.614765 10.304852 447.356934 0.752941 0.752941 0.752941
vn 0.647011 -0.075414 -0.758742
v 22.437523 13.171556 447.375732 0.752941 0.752941 0.752941
vn 0.841396 0.532260 -0.093556
v 33.307076 28.424120 458.300537 0.752941 0.752941 0.752941
vn 0.912890 -0.164988 0.373378
v 29.140676 11.783290 458.026276 0.752941 0.752941 0.752941
vn 0.561175 0.322384 -0.762333
v 22.861309 11.763600 447.437042 0.752941 0.752941 0.752941
vn 0.621056 0.214894 -0.753731
v 22.949320 12.260719 447.599182 0.752941 0.752941 0.752941
vn 0.052106 0.909847 -0.411660
v 28.854864 9.998232 447.658783 0.752941 0.752941 0.752941
vn 0.678210 -0.558249 -0.477900
v 23.125000 14.414213 447.342804 0.752941 0.752941 0.752941
vn 0.773655 -0.628309 0.081766
v 28.681046 18.189598 457.891296 0.752941 0.752941 0.752941
vn 0.634847 0.726484 -0.263039
v 29.570034 14.599234 458.336151 0.752941 0.752941 0.752941
vn 0.844656 -0.279917 0.456292
v 29.293894 12.751877 458.252106 0.752941 0.752941 0.752941
vn 0.784178 -0.316649 0.533665
v 29.418264 12.769803 458.133728 0.752941 0.752941 0.752941
vn 0.673392 -0.536309 -0.508838
v 22.923491 14.197217 447.300812 0.752941 0.752941 0.752941
vn 0.774413 0.578378 -0.256443
v 28.708591 15.197770 458.049347 0.752941 0.752941 0.752941
vn 0.954879 0.291441 -0.057162
v 33.415752 28.089972 457.811951 0.752941 0.752941 0.752941
vn -0.102046 0.261142 0.959891
v 11.469837 11.904359 447.541260 0.752941 0.752941 0.752941
vn -0.349452 0.932665 -0.089546
v 29.334959 25.633955 447.556091 0.752941 0.752941 0.752941
vn 0.992414 -0.064016 -0.104960
v 28.265524 16.878767 458.111542 0.752941 0.752941 0.752941
vn -0.231336 -0.648263 0.725423
v 18.346144 7.023285 447.385681 0.752941 0.752941 0.752941
vn -0.095577 -0.919161 0.382111
v 27.315388 4.988960 446.971680 0.752941 0.752941 0.752941
vn -0.261758 -0.420441 0.868742
v 2.300215 6.485127 447.530029 0.752941 0.752941 0.752941
vn -0.253619 -0.506519 0.824085
v 16.190235 8.065493 447.565979 0.752941 0.752941 0.752941
vn -0.602930 0.762391 0.235022
v 24.624889 20.591124 447.211487 0.752941 0.752941 0.752941
vn -0.027217 -0.428063 0.903339
v 11.467072 9.031672 447.281219 0.752941 0.752941 0.752941
vn 0.162144 -0.326035 0.931349
v 8.003143 9.370187 447.564148 0.752941 0.752941 0.752941
vn -0.086420 -0.289561 0.953250
v 11.922953 9.473193 447.471344 0.752941 0.752941 0.752941
vn 0.032821 -0.248746 0.968013
v 10.150579 9.547448 447.444183 0.752941 0.752941 0.752941
vn 0.002218 0.384248 0.923227
v 10.162928 12.673048 447.267731 0.752941 0.752941 0.752941
vn -0.755165 0.581785 0.302078
v 26.650747 22.557076 447.715393 0.752941 0.752941 0.752941
vn 0.862776 -0.375965 -0.338036
v 30.325674 22.396702 447.161652 0.752941 0.752941 0.752941
vn -0.443061 0.737229 0.510089
v 16.942928 15.636068 447.440552 0.752941 0.752941 0.752941
vn 0.169603 0.920128 -0.352985
v 29.768482 9.980955 447.925323 0.752941 0.752941 0.752941
vn 0.997344 0.045289 0.057047
v 29.802383 13.889354 457.889618 0.752941 0.752941 0.752941
vn 0.714827 -0.651141 -0.255024
v 27.875959 17.608511 447.351440 0.752941 0.752941 0.752941
vn 0.782332 -0.560242 -0.272185
v 28.026127 17.818789 447.367065 0.752941 0.752941 0.752941
vn 0.558504 -0.748321 0.357896
v 28.618597 9.932740 458.376831 0.752941 0.752941 0.752941
vn 0.870881 -0.366295 -0.327712
v 30.673414 23.113605 447.236542 0.752941 0.752941 0.752941
vn 0.988148 0.142001 -0.058308
v 30.485407 9.259481 447.588745 0.752941 0.752941 0.752941
vn 0.682217 -0.603733 -0.412416
v 23.853285 15.053891 447.550873 0.752941 0.752941 0.752941
vn 0.626683 0.109709 -0.771513
v 22.780283 12.778947 447.639801 0.752941 0.752941 0.752941
vn 0.284191 0.792282 -0.539930
v 24.972486 10.673190 447.678131 0.752941 0.752941 0.752941
vn 0.987067 -0.142963 0.072525
v 30.149292 7.636865 447.784637 0.752941 0.752941 0.752941
vn 0.771083 -0.626057 0.116124
v 30.803585 19.985867 457.976105 0.752941 0.752941 0.752941
vn 0.683703 -0.451673 -0.573186
v 23.021214 13.883602 447.702087 0.752941 0.752941 0.752941
vn -0.751675 -0.518206 0.407979
v 23.854404 13.086123 457.795258 0.752941 0.752941 0.752941
vn -0.721504 0.675905 -0.150282
v 27.811043 22.850603 456.824371 0.752941 0.752941 0.752941
vn 0.428482 0.561879 -0.707598
v 23.408508 11.329753 447.478210 0.752941 0.752941 0.752941
vn 0.528026 0.223244 -0.819360
v 22.662479 12.446854 447.438141 0.752941 0.752941 0.752941
vn 0.339938 -0.872139 0.351875
v 29.402491 5.098039 447.586304 0.752941 0.752941 0.752941
vn 0.597690 0.720850 -0.350916
v 29.123335 14.765073 457.992981 0.752941 0.752941 0.752941
vn -0.765079 0.578957 0.281893
v 5.184863 10.121853 447.767487 0.752941 0.752941 0.752941
vn 0.798311 -0.272325 0.537158
v 29.316385 12.331767 457.949158 0.752941 0.752941 0.752941
vn -0.826569 0.556313 -0.085437
v 24.041660 19.111141 457.964081 0.752941 0.752941 0.752941
vn -0.700772 0.642015 0.311022
v 25.240931 21.370651 446.750702 0.752941 0.752941 0.752941
vn 0.049987 -0.123883 0.991037
v 9.849424 10.022468 447.488495 0.752941 0.752941 0.752941
vn -0.181688 -0.310896 0.932916
v 13.654728 9.676208 447.760712 0.752941 0.752941 0.752941
vn -0.091421 -0.041857 0.994932
v 11.839329 10.880918 447.725525 0.752941 0.752941 0.752941
vn 0.039429 -0.078430 0.996140
v 9.939898 10.759581 447.628815 0.752941 0.752941 0.752941
vn 0.125071 -0.157613 0.979549
v 8.992532 10.252306 447.639801 0.752941 0.752941 0.752941
vn -0.187922 0.406036 0.894327
v 12.158070 13.296038 447.177551 0.752941 0.752941 0.752941
vn 0.000625 0.169494 0.985531
v 10.236097 11.570723 447.542816 0.752941 0.752941 0.752941
vn -0.400959 0.521785 0.752976
v 15.065168 14.295040 447.546570 0.752941 0.752941 0.752941
vn 0.842383 -0.391193 -0.370620
v 29.607298 20.426054 447.464172 0.752941 0.752941 0.752941
vn 0.541243 0.368507 -0.755816
v 23.199636 11.752254 447.682434 0.752941 0.752941 0.752941
vn 0.675278 -0.555155 -0.485595
v 23.676962 14.610596 447.919983 0.752941 0.752941 0.752941
vn 0.764973 -0.632358 0.122229
v 28.846615 18.485909 458.225006 0.752941 0.752941 0.752941
vn 0.651984 -0.726053 -0.218549
v 27.712952 17.442652 447.505280 0.752941 0.752941 0.752941
vn -0.523204 0.802587 0.286551
v 20.573685 17.694862 447.824219 0.752941 0.752941 0.752941
vn -0.501118 0.763152 0.408020
v 18.941216 16.476387 448.102814 0.752941 0.752941 0.752941
vn 0.967379 -0.213580 0.136242
v 30.073158 5.620076 447.178040 0.752941 0.752941 0.752941
vn 0.540354 0.458356 -0.705640
v 23.514980 11.833313 447.902100 0.752941 0.752941 0.752941
vn 0.085405 0.926597 -0.366229
v 28.940228 10.191862 448.165405 0.752941 0.752941 0.752941
vn -0.124128 -0.898674 0.420687
v 25.955267 5.454264 447.699005 0.752941 0.752941 0.752941
vn 0.966016 -0.243027 -0.088037
v 28.233452 17.311840 457.904419 0.752941 0.752941 0.752941
vn 0.763569 -0.601286 -0.235409
v 28.313848 17.951107 447.967102 0.752941 0.752941 0.752941
vn -0.514600 0.800931 0.306098
v 22.225430 18.777990 447.856537 0.752941 0.752941 0.752941
vn -0.206877 -0.529076 0.822971
v 15.659129 8.459352 447.609009 0.752941 0.752941 0.752941
vn -0.747964 0.542195 0.382850
v 5.591440 10.758744 447.774261 0.752941 0.752941 0.752941
vn -0.493030 0.332339 0.804035
v 2.804073 7.586888 447.766510 0.752941 0.752941 0.752941
vn 0.926673 0.363482 -0.095693
v 28.357067 15.666645 457.857910 0.752941 0.752941 0.752941
vn 0.244313 -0.366631 0.897716
v 5.745879 8.838130 447.904510 0.752941 0.752941 0.752941
vn 0.193174 -0.112050 0.974745
v 7.987655 9.974916 447.819031 0.752941 0.752941 0.752941
vn -0.634463 0.589333 0.500144
v 5.976107 11.281356 447.711914 0.752941 0.752941 0.752941
vn -0.098307 0.468119 0.878180
v 7.424440 12.406416 447.575104 0.752941 0.752941 0.752941
vn 0.151252 0.135654 0.979143
v 7.767442 11.209455 447.730011 0.752941 0.752941 0.752941
vn 0.141082 -0.096080 0.985325
v 8.625016 10.388893 447.720001 0.752941 0.752941 0.752941
vn -0.247628 0.401071 0.881942
v 13.081684 12.886153 447.620453 0.752941 0.752941 0.752941
vn -0.146481 -0.911769 0.383692
v 28.171139 5.455195 448.257935 0.752941 0.752941 0.752941
vn -0.155273 -0.147641 0.976777
v 12.966018 10.400114 447.837891 0.752941 0.752941 0.752941
vn 0.840815 -0.400491 -0.364194
v 29.295404 19.670122 447.507233 0.752941 0.752941 0.752941
vn 0.682542 -0.546221 -0.485571
v 23.950096 14.773375 448.059662 0.752941 0.752941 0.752941
vn -0.671078 0.713421 -0.201707
v 26.801022 22.274696 458.554810 0.752941 0.752941 0.752941
vn 0.981620 -0.177537 0.070016
v 30.397621 8.504976 447.493347 0.752941 0.752941 0.752941
vn 0.655924 0.176070 -0.734005
v 23.146671 12.644774 447.956390 0.752941 0.752941 0.752941
vn -0.769974 -0.541583 0.337382
v 24.203264 12.872470 458.091553 0.752941 0.752941 0.752941
vn 0.330007 0.743030 -0.582238
v 25.008236 10.859563 447.965210 0.752941 0.752941 0.752941
vn 0.994677 -0.071394 0.074302
v 30.077715 6.441941 447.784149 0.752941 0.752941 0.752941
vn 0.334488 -0.790377 0.513246
v 28.575108 9.623859 457.705597 0.752941 0.752941 0.752941
vn 0.742374 -0.630349 -0.227027
v 28.078320 17.697803 447.758972 0.752941 0.752941 0.752941
vn 0.669412 -0.709378 -0.220614
v 27.442551 17.155525 447.571960 0.752941 0.752941 0.752941
vn 0.860214 0.279542 -0.426484
v 31.600964 25.505127 447.985596 0.752941 0.752941 0.752941
vn -0.516759 0.811699 0.272222
v 21.174383 18.081417 447.728760 0.752941 0.752941 0.752941
vn 0.791396 -0.521617 -0.318759
v 28.730034 18.700714 447.645447 0.752941 0.752941 0.752941
vn 0.733084 -0.618195 0.283588
v 29.923088 5.687533 448.077454 0.752941 0.752941 0.752941
vn -0.307692 -0.592662 0.744364
v 18.312607 8.082551 448.289307 0.752941 0.752941 0.752941
vn -0.465232 0.596710 0.653832
v 16.766064 15.088038 447.936615 0.752941 0.752941 0.752941
vn 0.804632 -0.296263 0.514583
v 29.508238 12.744031 457.905701 0.752941 0.752941 0.752941
vn 0.047344 0.954117 -0.295666
v 30.600201 25.817295 447.409424 0.752941 0.752941 0.752941
vn 0.996835 0.079339 -0.005071
v 28.213352 16.406385 458.259552 0.752941 0.752941 0.752941
vn 0.769894 -0.214121 0.601179
v 29.479273 12.147890 457.742798 0.752941 0.752941 0.752941
vn -0.211865 0.123607 0.969451
v 12.975976 11.616637 447.891083 0.752941 0.752941 0.752941
vn -0.589630 0.781496 0.203962
v 23.915117 19.856440 447.936157 0.752941 0.752941 0.752941
vn -0.703303 0.607000 0.370022
v 4.130162 8.948498 447.665894 0.752941 0.752941 0.752941
vn -0.130733 0.394605 0.909503
v 6.881110 11.683393 447.900513 0.752941 0.752941 0.752941
vn -0.201829 -0.476784 0.855536
v 15.300016 8.635650 447.681244 0.752941 0.752941 0.752941
vn -0.302637 -0.563961 0.768348
v 16.907431 8.411579 447.986633 0.752941 0.752941 0.752941
vn -0.265496 -0.103386 0.958553
v 14.283885 10.818271 448.133087 0.752941 0.752941 0.752941
vn -0.074893 -0.923841 0.375377
v 28.515835 5.183379 447.797638 0.752941 0.752941 0.752941
vn 0.813321 -0.152025 0.561603
v 29.042339 10.459176 457.793610 0.752941 0.752941 0.752941
vn 0.706414 -0.442030 -0.552801
v 23.410902 14.213470 447.878815 0.752941 0.752941 0.752941
vn 0.632298 0.295196 -0.716281
v 23.232109 12.259823 447.889465 0.752941 0.752941 0.752941
vn 0.168363 0.897203 -0.408265
v 27.005802 10.273393 447.842957 0.752941 0.752941 0.752941
vn 0.859148 -0.385469 -0.336569
v 29.802341 20.309849 448.085144 0.752941 0.752941 0.752941
vn 0.948617 0.291986 -0.121945
v 30.444769 9.608067 448.166504 0.752941 0.752941 0.752941
vn 0.131305 0.921285 -0.366050
v 29.243311 10.008138 447.829437 0.752941 0.752941 0.752941
vn 0.973813 -0.131065 -0.185766
v 28.114901 16.998745 457.683044 0.752941 0.752941 0.752941
vn 0.784171 -0.568703 -0.248302
v 28.697802 18.343664 448.042297 0.752941 0.752941 0.752941
vn 0.573445 0.739094 -0.353415
v 29.247030 14.455889 457.664124 0.752941 0.752941 0.752941
vn 0.201881 0.825955 -0.526349
v 25.345413 10.619256 447.761780 0.752941 0.752941 0.752941
vn 0.924267 -0.164322 -0.344571
v 31.572931 24.900703 447.838165 0.752941 0.752941 0.752941
vn 0.694558 0.037702 -0.718448
v 23.203463 13.099694 448.019012 0.752941 0.752941 0.752941
vn 0.103196 0.916426 -0.386670
v 28.274677 10.330688 448.363403 0.752941 0.752941 0.752941
vn 0.870066 -0.374148 -0.320932
v 30.643995 22.615101 447.735199 0.752941 0.752941 0.752941
vn 0.240853 0.836953 -0.491426
v 25.573614 10.695854 447.936493 0.752941 0.752941 0.752941
vn 0.363827 0.723777 -0.586325
v 24.503805 10.911237 447.683105 0.752941 0.752941 0.752941
vn 0.690883 0.250891 -0.678038
v 23.537264 12.471208 448.231171 0.752941 0.752941 0.752941
vn 0.718663 -0.217220 -0.660560
v 23.258730 13.709343 448.060303 0.752941 0.752941 0.752941
vn 0.705554 0.636164 -0.312232
v 29.602196 14.303818 457.841095 0.752941 0.752941 0.752941
vn 0.597488 -0.736098 -0.318070
v 24.137924 15.344470 447.633057 0.752941 0.752941 0.752941
vn 0.876515 -0.367834 -0.310516
v 30.403578 21.843380 447.995178 0.752941 0.752941 0.752941
vn 0.279586 0.778338 -0.562158
v 26.385923 10.436705 447.971375 0.752941 0.752941 0.752941
vn 0.881569 -0.360650 -0.304578
v 31.056616 23.381346 448.001617 0.752941 0.752941 0.752941
vn 0.399112 -0.914801 -0.062036
v 25.292233 15.731005 447.257294 0.752941 0.752941 0.752941
vn 0.093139 -0.927774 0.361331
v 29.160933 5.244284 447.995270 0.752941 0.752941 0.752941
vn -0.491364 0.387340 0.780083
v 4.226783 8.774809 447.971008 0.752941 0.752941 0.752941
vn 0.115615 0.102633 0.987978
v 6.437483 10.832313 448.046295 0.752941 0.752941 0.752941
vn -0.317977 0.342779 0.883964
v 14.422439 13.129010 447.874451 0.752941 0.752941 0.752941
vn -0.402020 0.334777 0.852235
v 3.343781 7.871494 447.891632 0.752941 0.752941 0.752941
vn 0.005418 -0.271959 0.962294
v 3.464160 7.533226 447.954132 0.752941 0.752941 0.752941
vn 0.009587 -0.143496 0.989604
v 4.443531 8.383475 448.102386 0.752941 0.752941 0.752941
vn 0.644290 -0.754012 -0.127892
v 27.730568 17.069336 448.723297 0.752941 0.752941 0.752941
vn -0.340358 -0.479369 0.808926
v 16.761497 8.769951 448.125916 0.752941 0.752941 0.752941
vn -0.871434 0.463425 -0.160750
v 29.904308 26.272472 458.556274 0.752941 0.752941 0.752941
vn -0.383934 -0.522660 0.761197
v 17.085926 8.554996 448.208374 0.752941 0.752941 0.752941
vn 0.609116 -0.494736 0.619850
v 28.848902 9.954621 457.813812 0.752941 0.752941 0.752941
vn 0.888844 -0.341761 -0.305214
v 31.318451 24.050596 447.971405 0.752941 0.752941 0.752941
vn 0.304164 0.782428 -0.543407
v 25.465181 10.947976 448.322266 0.752941 0.752941 0.752941
vn 0.309242 0.875370 -0.371614
v 31.207790 25.956636 448.122498 0.752941 0.752941 0.752941
vn 0.440258 0.629503 -0.640234
v 23.973680 11.542893 448.088715 0.752941 0.752941 0.752941
vn 0.592316 0.445669 -0.671223
v 23.979132 11.820456 448.353699 0.752941 0.752941 0.752941
vn 0.114338 0.908162 -0.402701
v 27.648228 10.308052 448.164795 0.752941 0.752941 0.752941
vn 0.694940 -0.413269 -0.588445
v 23.736679 14.226080 448.336792 0.752941 0.752941 0.752941
vn 0.967044 -0.246455 0.063928
v 32.848679 24.822874 458.080688 0.752941 0.752941 0.752941
vn -0.755032 0.624353 0.200276
v 28.400965 24.853666 448.192261 0.752941 0.752941 0.752941
vn 0.922086 -0.075375 -0.379573
v 31.716881 25.145948 448.148315 0.752941 0.752941 0.752941
vn 0.879095 -0.376276 -0.292589
v 30.732300 22.335339 448.313049 0.752941 0.752941 0.752941
vn -0.767172 0.633282 -0.101987
v 24.603233 19.855240 458.167053 0.752941 0.752941 0.752941
vn 0.354244 0.784216 -0.509427
v 26.737776 10.642408 448.422607 0.752941 0.752941 0.752941
vn 0.856688 -0.124531 0.500578
v 29.115278 11.073891 457.795593 0.752941 0.752941 0.752941
vn 0.346283 -0.859220 0.376603
v 29.305614 5.453846 448.395447 0.752941 0.752941 0.752941
vn 0.542083 -0.836724 -0.077712
v 26.860239 16.488113 448.261230 0.752941 0.752941 0.752941
vn -0.253911 -0.679852 0.687990
v 19.185198 7.512176 448.110168 0.752941 0.752941 0.752941
vn -0.356167 0.398681 0.845103
v 5.883045 10.801903 448.025269 0.752941 0.752941 0.752941
vn -0.085481 -0.032819 0.995799
v 4.835386 8.794993 448.138092 0.752941 0.752941 0.752941
vn 0.198209 -0.189152 0.961735
v 6.730028 9.975932 448.001495 0.752941 0.752941 0.752941
vn -0.553732 0.403870 0.728196
v 5.203817 9.874901 448.081360 0.752941 0.752941 0.752941
vn 0.776441 -0.208959 0.594538
v 29.271130 11.589083 457.750610 0.752941 0.752941 0.752941
vn 0.866566 -0.498074 0.031375
v 28.478258 17.889215 457.484680 0.752941 0.752941 0.752941
vn -0.262856 -0.476476 0.838974
v 15.865797 9.198212 448.130646 0.752941 0.752941 0.752941
vn 0.001509 0.015546 0.999878
v 5.602567 9.751006 448.264130 0.752941 0.752941 0.752941
vn 0.866229 -0.496097 0.059454
v 28.445293 17.932354 458.165466 0.752941 0.752941 0.752941
vn -0.330103 0.126559 0.935422
v 14.502600 11.813426 448.212646 0.752941 0.752941 0.752941
vn -0.491789 0.713427 0.499164
v 17.998354 15.900170 448.041046 0.752941 0.752941 0.752941
vn -0.230760 -0.741745 0.629733
v 20.209246 6.658312 447.614838 0.752941 0.752941 0.752941
vn -0.435048 0.445741 0.782335
v 15.995357 14.128992 448.139008 0.752941 0.752941 0.752941
vn 0.980868 0.155747 -0.116791
v 28.312656 16.171564 457.769867 0.752941 0.752941 0.752941
vn 0.579402 0.690982 -0.432247
v 31.352942 25.753788 447.910278 0.752941 0.752941 0.752941
vn 0.664173 -0.608451 -0.434351
v 24.225061 15.048574 448.125214 0.752941 0.752941 0.752941
vn 0.343327 0.741760 -0.576125
v 26.574318 10.638425 448.256836 0.752941 0.752941 0.752941
vn 0.704869 0.126985 -0.697879
v 23.584316 12.754514 448.416260 0.752941 0.752941 0.752941
vn 0.999583 -0.008417 0.027619
v 33.486500 27.544889 457.518402 0.752941 0.752941 0.752941
vn 0.675346 0.692143 -0.254649
v 30.345842 9.957705 448.364838 0.752941 0.752941 0.752941
vn 0.717419 -0.067201 -0.693393
v 23.805712 13.552428 448.686005 0.752941 0.752941 0.752941
vn -0.604135 0.780462 0.160931
v 23.773075 19.426863 449.468628 0.752941 0.752941 0.752941
vn 0.738581 -0.669672 0.077697
v 28.724924 18.227562 457.377258 0.752941 0.752941 0.752941
vn 0.745975 -0.626508 -0.225851
v 28.232937 17.736416 448.220764 0.752941 0.752941 0.752941
vn 0.577359 -0.785146 -0.224057
v 24.693518 15.576133 448.136963 0.752941 0.752941 0.752941
vn 0.883123 -0.325790 -0.337572
v 30.157055 21.209806 447.999146 0.752941 0.752941 0.752941
vn -0.331910 -0.437432 0.835757
v 17.481989 8.876167 448.564484 0.752941 0.752941 0.752941
vn -0.297991 -0.676154 0.673808
v 20.315403 7.659716 448.737579 0.752941 0.752941 0.752941
vn -0.535682 0.813761 0.225469
v 21.430906 17.976200 448.646149 0.752941 0.752941 0.752941
vn -0.950884 -0.138767 0.276702
v 22.985115 14.961687 457.504456 0.752941 0.752941 0.752941
vn -0.511213 0.299719 0.805500
v 16.589159 13.153391 448.910400 0.752941 0.752941 0.752941
vn 0.000141 -0.929259 0.369430
v 28.877119 5.467915 448.684113 0.752941 0.752941 0.752941
vn 0.642875 0.275392 -0.714753
v 23.811909 12.383677 448.519348 0.752941 0.752941 0.752941
vn -0.205763 -0.841456 0.499613
v 23.700033 6.196807 448.321503 0.752941 0.752941 0.752941
vn 0.707230 -0.617840 -0.343655
v 24.439911 15.080048 448.394897 0.752941 0.752941 0.752941
vn 0.640441 -0.754756 0.142054
v 29.042576 18.537405 457.667450 0.752941 0.752941 0.752941
vn -0.754544 0.648325 -0.101678
v 25.179117 20.554102 457.897369 0.752941 0.752941 0.752941
vn -0.682947 0.714893 -0.150036
v 26.041698 21.195393 457.253601 0.752941 0.752941 0.752941
vn 0.950175 -0.275404 0.146017
v 29.996185 5.915741 448.209137 0.752941 0.752941 0.752941
vn 0.951008 0.300702 -0.071846
v 28.365465 15.717037 457.577484 0.752941 0.752941 0.752941
vn 0.832909 0.371325 -0.410342
v 32.025368 25.785322 449.101929 0.752941 0.752941 0.752941
vn 0.746759 -0.537265 -0.392043
v 24.299021 14.836937 448.606171 0.752941 0.752941 0.752941
vn 0.377610 0.690253 -0.617221
v 24.832554 11.261269 448.311951 0.752941 0.752941 0.752941
vn 0.277948 0.820525 -0.499483
v 25.898155 10.757061 448.286407 0.752941 0.752941 0.752941
vn -0.568633 0.764388 0.303921
v 20.580780 17.258232 448.901550 0.752941 0.752941 0.752941
vn 0.698700 -0.693147 -0.177103
v 28.258722 17.648621 448.650940 0.752941 0.752941 0.752941
vn 0.396416 0.726752 -0.560969
v 25.622496 11.398035 449.033997 0.752941 0.752941 0.752941
vn 0.207055 0.835669 -0.508709
v 26.024181 10.663406 448.176453 0.752941 0.752941 0.752941
vn 0.994494 -0.103077 -0.018862
v 30.484133 9.089607 448.257690 0.752941 0.752941 0.752941
vn 0.909916 -0.295200 -0.291394
v 31.681440 24.568344 448.488373 0.752941 0.752941 0.752941
vn 0.970782 0.066536 0.230553
v 29.966270 13.420771 457.388977 0.752941 0.752941 0.752941
vn 0.889905 -0.353517 -0.288262
v 30.318081 21.014547 448.691193 0.752941 0.752941 0.752941
vn 0.789238 -0.558068 -0.256249
v 28.947817 18.638649 448.296234 0.752941 0.752941 0.752941
vn 0.970743 -0.226398 0.080012
v 33.100071 25.870012 458.091614 0.752941 0.752941 0.752941
vn 0.108232 0.927819 -0.356983
v 29.569914 10.414199 448.981812 0.752941 0.752941 0.752941
vn 0.960128 -0.275787 0.045787
v 32.527267 23.643152 457.841431 0.752941 0.752941 0.752941
vn 0.884049 -0.362778 -0.294701
v 30.147461 20.913292 448.187439 0.752941 0.752941 0.752941
vn 0.870972 -0.371715 -0.321304
v 29.963938 20.154989 448.581482 0.752941 0.752941 0.752941
vn 0.699937 0.692512 -0.174688
v 33.187366 28.357525 457.505341 0.752941 0.752941 0.752941
vn -0.229051 -0.811252 0.537965
v 23.015661 6.481658 448.453766 0.752941 0.752941 0.752941
vn 0.243487 0.849777 -0.467540
v 27.244860 10.540250 448.609711 0.752941 0.752941 0.752941
vn 0.977428 -0.192555 0.086930
v 33.333046 26.899509 458.015472 0.752941 0.752941 0.752941
vn -0.564425 0.649270 0.509776
v 18.633934 15.862050 448.745605 0.752941 0.752941 0.752941
vn 0.546445 -0.829168 -0.117806
v 24.896896 15.661969 448.393921 0.752941 0.752941 0.752941
vn 0.973791 -0.226558 0.020071
v 30.153204 7.856698 448.895172 0.752941 0.752941 0.752941
vn 0.781202 -0.580784 -0.228941
v 28.601414 18.146795 448.394440 0.752941 0.752941 0.752941
vn 0.778197 -0.579397 -0.242300
v 29.242756 18.751575 448.876526 0.752941 0.752941 0.752941
vn 0.725581 0.635799 -0.263233
v 28.880877 14.712216 457.517334 0.752941 0.752941 0.752941
vn 0.743997 -0.629929 -0.222841
v 28.591270 17.936176 448.729156 0.752941 0.752941 0.752941
vn 0.883670 -0.351137 -0.309563
v 30.613535 21.841362 448.642120 0.752941 0.752941 0.752941
vn 0.893370 -0.351423 -0.279987
v 31.492012 23.937117 448.635162 0.752941 0.752941 0.752941
vn 0.766574 -0.104321 0.633626
v 29.423916 11.222693 457.488220 0.752941 0.752941 0.752941
vn 0.942301 -0.125632 0.310299
v 29.820261 13.386438 457.756714 0.752941 0.752941 0.752941
vn -0.309192 -0.282804 0.907977
v 15.474578 10.201204 448.422058 0.752941 0.752941 0.752941
vn -0.413885 0.325140 0.850284
v 15.506634 13.446665 448.279633 0.752941 0.752941 0.752941
vn -0.545038 0.577733 0.607584
v 17.795057 15.309640 448.554352 0.752941 0.752941 0.752941
vn -0.548981 0.757477 0.353340
v 19.727795 16.761700 448.657379 0.752941 0.752941 0.752941
vn -0.177734 -0.871343 0.457352
v 24.916077 5.849895 448.194000 0.752941 0.752941 0.752941
vn 0.417088 0.834181 -0.360805
v 30.075182 10.316855 448.878418 0.752941 0.752941 0.752941
vn 0.880543 -0.362613 -0.305213
v 30.137983 20.680889 448.662140 0.752941 0.752941 0.752941
vn 0.255454 0.821862 -0.509202
v 26.161451 10.989718 448.755829 0.752941 0.752941 0.752941
vn 0.534995 0.308147 -0.786655
v 24.004179 12.205398 448.595520 0.752941 0.752941 0.752941
vn 0.621980 0.170435 -0.764260
v 23.902119 12.818291 448.659058 0.752941 0.752941 0.752941
vn 0.928499 -0.334908 0.160396
v 29.960354 6.119561 448.830627 0.752941 0.752941 0.752941
vn 0.704982 0.566585 -0.426595
v 31.727571 25.872993 448.656342 0.752941 0.752941 0.752941
vn -0.952440 0.304330 0.015508
v 23.317505 17.632822 457.953217 0.752941 0.752941 0.752941
vn -0.171140 -0.881977 0.439121
v 28.296717 9.340437 457.315552 0.752941 0.752941 0.752941
vn 0.405534 0.676945 -0.614237
v 25.017740 11.534077 448.707367 0.752941 0.752941 0.752941
vn 0.883307 -0.354245 -0.307050
v 30.502813 21.066969 449.119537 0.752941 0.752941 0.752941
vn 0.829070 -0.162265 0.535082
v 29.654173 11.630548 457.276917 0.752941 0.752941 0.752941
vn 0.272323 0.853767 -0.443758
v 26.656984 10.892224 448.831787 0.752941 0.752941 0.752941
vn 0.508170 0.530131 -0.678767
v 24.483789 11.871125 448.708954 0.752941 0.752941 0.752941
vn 0.695444 -0.686810 -0.211304
v 27.957937 17.489504 448.022308 0.752941 0.752941 0.752941
vn -0.255781 -0.758916 0.598851
v 21.754686 6.851558 448.450562 0.752941 0.752941 0.752941
vn 0.895251 -0.442291 0.053882
v 31.638617 21.211002 457.555817 0.752941 0.752941 0.752941
vn -0.298039 -0.394545 0.869199
v 16.365932 9.694152 448.603302 0.752941 0.752941 0.752941
vn 0.348357 -0.928358 0.129615
v 25.497406 15.858718 448.597595 0.752941 0.752941 0.752941
vn -0.151164 -0.900785 0.407106
v 26.896004 5.946268 449.060211 0.752941 0.752941 0.752941
vn 0.788690 -0.568267 -0.234607
v 28.859102 18.269299 448.950836 0.752941 0.752941 0.752941
vn 0.828627 -0.473171 -0.299144
v 29.479122 19.384483 448.404663 0.752941 0.752941 0.752941
vn -0.691676 0.711830 -0.121992
v 27.038141 22.117979 457.295044 0.752941 0.752941 0.752941
vn 0.890475 -0.364682 -0.272142
v 31.190207 23.107597 448.752258 0.752941 0.752941 0.752941
vn 0.257875 0.849011 -0.461174
v 27.167635 10.861950 449.058899 0.752941 0.752941 0.752941
vn 0.860541 0.492666 -0.129417
v 28.549892 15.324256 457.703735 0.752941 0.752941 0.752941
vn 0.776335 -0.323305 -0.541089
v 24.120136 14.205976 448.774292 0.752941 0.752941 0.752941
vn 0.397063 0.829564 -0.392638
v 31.507254 26.224098 449.064789 0.752941 0.752941 0.752941
vn 0.694363 -0.667377 0.269197
v 29.884661 5.972709 448.815216 0.752941 0.752941 0.752941
vn 0.872407 -0.406107 -0.272000
v 30.145769 20.258675 449.017365 0.752941 0.752941 0.752941
vn -0.232523 -0.833051 0.501955
v 24.401024 6.502294 449.118561 0.752941 0.752941 0.752941
vn 0.865991 -0.202410 0.457264
v 29.649601 12.613578 457.625854 0.752941 0.752941 0.752941
vn 0.864590 0.448698 -0.226173
v 30.443340 9.919999 448.862335 0.752941 0.752941 0.752941
vn 0.998384 0.034556 -0.045120
v 30.526445 9.564860 448.897217 0.752941 0.752941 0.752941
vn 0.259949 0.853789 -0.451078
v 26.499916 10.893351 448.711731 0.752941 0.752941 0.752941
vn -0.274360 -0.781594 0.560211
v 23.250994 6.975348 449.296478 0.752941 0.752941 0.752941
vn 0.893937 0.447589 -0.023238
v 29.781391 13.931406 457.498169 0.752941 0.752941 0.752941
vn 0.983963 -0.162746 0.073006
v 29.994427 6.449142 449.077087 0.752941 0.752941 0.752941
vn -0.536862 0.806384 0.248038
v 22.499029 18.659643 448.411194 0.752941 0.752941 0.752941
vn 0.923405 -0.383450 0.016987
v 32.086758 22.100912 457.154083 0.752941 0.752941 0.752941
vn 0.925403 -0.371673 0.074089
v 32.065266 22.165123 457.796478 0.752941 0.752941 0.752941
vn -0.329577 -0.699526 0.634068
v 21.740904 7.667940 449.419067 0.752941 0.752941 0.752941
vn -0.436772 -0.048662 0.898255
v 16.164986 11.763863 448.961578 0.752941 0.752941 0.752941
vn -0.314398 -0.537167 0.782691
v 19.079212 8.947564 449.243042 0.752941 0.752941 0.752941
vn -0.565321 0.808541 0.163321
v 22.689772 18.651739 449.378479 0.752941 0.752941 0.752941
vn 0.134629 0.895528 -0.424152
v 27.933731 10.549849 448.771362 0.752941 0.752941 0.752941
vn 0.825742 0.337187 -0.452166
v 28.313017 15.743903 457.332214 0.752941 0.752941 0.752941
vn 0.703754 0.029280 0.709840
v 29.540230 10.940637 457.342957 0.752941 0.752941 0.752941
vn 0.307974 0.799034 -0.516427
v 25.983080 11.239814 449.043823 0.752941 0.752941 0.752941
vn 0.292801 0.801463 -0.521464
v 26.249998 11.225273 449.150116 0.752941 0.752941 0.752941
vn 0.303344 0.822378 -0.481329
v 26.987158 10.779103 448.763306 0.752941 0.752941 0.752941
vn 0.669786 -0.731659 -0.126735
v 28.443207 17.726295 449.071686 0.752941 0.752941 0.752941
vn -0.590912 0.680466 0.433347
v 19.274254 16.151896 449.116486 0.752941 0.752941 0.752941
vn 0.665174 0.200018 -0.719400
v 24.207539 12.850462 449.000580 0.752941 0.752941 0.752941
vn -0.516966 0.826183 -0.223980
v 31.257477 28.131575 457.686829 0.752941 0.752941 0.752941
vn 0.766122 -0.061498 -0.639746
v 24.109900 13.614887 449.009277 0.752941 0.752941 0.752941
vn 0.799880 -0.390292 -0.455921
v 24.515305 14.720686 449.148193 0.752941 0.752941 0.752941
vn -0.224683 0.941751 -0.250245
v 32.150997 28.502243 457.837799 0.752941 0.752941 0.752941
vn 0.927901 0.015460 -0.372505
v 31.949188 25.267193 448.675781 0.752941 0.752941 0.752941
vn 0.926447 0.146118 -0.346909
v 32.106987 25.471964 449.132782 0.752941 0.752941 0.752941
vn 0.094101 0.948621 -0.302099
v 31.263159 26.256914 448.918427 0.752941 0.752941 0.752941
vn 0.660218 0.601720 -0.449494
v 32.001823 26.050327 449.362671 0.752941 0.752941 0.752941
vn -0.675739 0.734168 0.066135
v 29.393690 25.699209 449.249817 0.752941 0.752941 0.752941
vn 0.619136 0.308595 -0.722108
v 24.185106 12.447942 448.791779 0.752941 0.752941 0.752941
vn -0.982714 0.171541 0.069611
v 23.217371 16.956110 457.772797 0.752941 0.752941 0.752941
vn -0.413521 -0.510608 0.753843
v 18.092627 9.298954 449.019318 0.752941 0.752941 0.752941
vn -0.431411 -0.422752 0.796972
v 17.531103 9.813403 448.900085 0.752941 0.752941 0.752941
vn 0.498957 -0.866623 0.002495
v 25.303595 15.889244 448.914490 0.752941 0.752941 0.752941
vn 0.754726 -0.571092 -0.322868
v 24.701660 15.258386 448.779419 0.752941 0.752941 0.752941
vn 0.746067 -0.593212 -0.302462
v 24.936642 15.461821 448.957825 0.752941 0.752941 0.752941
vn 0.652553 -0.737616 -0.173484
v 25.129885 15.772389 448.826965 0.752941 0.752941 0.752941
vn 0.890952 -0.392778 -0.227880
v 30.406322 20.492580 449.494904 0.752941 0.752941 0.752941
vn -0.739909 0.620478 0.259889
v 26.511419 21.988935 448.483887 0.752941 0.752941 0.752941
vn 0.906952 -0.341313 -0.246869
v 31.719397 24.181604 449.084564 0.752941 0.752941 0.752941
vn -0.781367 0.613995 -0.111700
v 24.936888 20.128319 457.396576 0.752941 0.752941 0.752941
vn 0.857337 -0.463423 -0.224080
v 29.791130 19.539179 449.129364 0.752941 0.752941 0.752941
vn 0.648570 0.318562 -0.691285
v 24.576609 12.327131 449.176880 0.752941 0.752941 0.752941
vn -0.175210 -0.870446 0.460028
v 25.300627 6.136996 448.880737 0.752941 0.752941 0.752941
vn 0.470738 0.583859 -0.661449
v 25.120142 12.073248 449.419189 0.752941 0.752941 0.752941
vn 0.687815 0.149924 -0.710235
v 24.397726 13.346641 449.264252 0.752941 0.752941 0.752941
vn 0.964347 0.211738 -0.158750
v 30.527451 10.010322 449.334961 0.752941 0.752941 0.752941
vn 0.773720 -0.516764 -0.366486
v 24.784878 15.026993 449.213470 0.752941 0.752941 0.752941
vn 0.645052 0.650791 -0.400473
v 30.257450 10.276149 449.052460 0.752941 0.752941 0.752941
vn 0.639201 0.225050 -0.735374
v 24.419973 12.913145 449.172119 0.752941 0.752941 0.752941
vn 0.519311 0.572784 -0.634220
v 24.704521 12.115731 449.146210 0.752941 0.752941 0.752941
vn -0.151022 -0.915884 0.371953
v 28.024981 5.869013 449.268707 0.752941 0.752941 0.752941
vn 0.061249 0.952399 -0.298639
v 31.400089 26.433378 449.502075 0.752941 0.752941 0.752941
vn -0.652817 0.734508 0.185278
v 25.621523 21.059383 448.483063 0.752941 0.752941 0.752941
vn 0.649325 0.674661 -0.351013
v 28.994997 14.394583 456.935333 0.752941 0.752941 0.752941
vn -0.265243 -0.592419 0.760714
v 19.304409 8.170402 448.862305 0.752941 0.752941 0.752941
vn -0.502761 0.093268 0.859379
v 17.580379 12.613974 449.835297 0.752941 0.752941 0.752941
vn 0.967301 -0.251571 0.032270
v 32.967125 25.171524 457.194794 0.752941 0.752941 0.752941
vn -0.198932 -0.866795 0.457267
v 25.593752 6.498926 449.652405 0.752941 0.752941 0.752941
vn 0.816018 -0.233667 -0.528691
v 24.360767 14.150808 449.193024 0.752941 0.752941 0.752941
vn 0.893493 -0.339464 -0.293997
v 30.869499 21.800545 449.340424 0.752941 0.752941 0.752941
vn 0.584228 0.761452 -0.280836
v 29.290188 14.272858 457.229706 0.752941 0.752941 0.752941
vn 0.950411 -0.049863 -0.306974
v 32.234524 25.409620 449.482300 0.752941 0.752941 0.752941
vn 0.742415 -0.624961 0.241340
v 29.850065 6.296761 449.854095 0.752941 0.752941 0.752941
vn 0.916000 -0.318778 -0.243568
v 32.000278 24.675055 449.422424 0.752941 0.752941 0.752941
vn 0.943987 0.106094 -0.312462
v 28.016890 16.465670 457.256073 0.752941 0.752941 0.752941
vn -0.632418 0.572467 0.521851
v 18.929701 15.361854 449.686096 0.752941 0.752941 0.752941
vn 0.683175 -0.680073 -0.266030
v 25.530922 15.956424 449.366882 0.752941 0.752941 0.752941
vn 0.829044 -0.520335 -0.204789
v 29.546104 19.037996 449.233612 0.752941 0.752941 0.752941
vn 0.593668 0.676065 -0.436457
v 31.780519 26.065889 449.051300 0.752941 0.752941 0.752941
vn -0.752673 0.648323 -0.114721
v 28.724461 24.081776 457.486481 0.752941 0.752941 0.752941
vn 0.741351 -0.557617 -0.373447
v 24.994955 15.340597 449.294739 0.752941 0.752941 0.752941
vn 0.225279 0.850845 -0.474670
v 27.653755 10.847422 449.326752 0.752941 0.752941 0.752941
vn -0.017027 0.962118 -0.272101
v 30.871574 26.082813 448.304596 0.752941 0.752941 0.752941
vn 0.234677 0.938614 -0.252845
v 32.898338 28.530678 457.473724 0.752941 0.752941 0.752941
vn -0.626143 0.762981 0.160640
v 24.307085 19.926044 449.050079 0.752941 0.752941 0.752941
vn -0.545275 0.412386 0.729803
v 17.271149 14.126657 448.966553 0.752941 0.752941 0.752941
vn -0.345268 -0.527733 0.776072
v 19.734627 8.948526 449.441010 0.752941 0.752941 0.752941
vn 0.415614 -0.905460 0.086064
v 25.936810 16.180614 449.487915 0.752941 0.752941 0.752941
vn -0.695730 -0.604715 0.387658
v 24.294979 12.239473 457.109833 0.752941 0.752941 0.752941
vn 0.293712 -0.891486 0.344945
v 29.187292 5.979459 449.809326 0.752941 0.752941 0.752941
vn 0.897018 -0.362072 -0.253500
v 30.738899 21.317133 449.584839 0.752941 0.752941 0.752941
vn -0.837928 0.537215 -0.096320
v 29.231812 24.729357 457.516937 0.752941 0.752941 0.752941
vn 0.550638 -0.119199 0.826190
v 29.540115 9.905285 457.361847 0.752941 0.752941 0.752941
vn -0.968210 0.179336 0.174377
v 22.956400 16.757219 456.926331 0.752941 0.752941 0.752941
vn -0.629381 0.664483 0.402917
v 20.147343 16.484907 449.907379 0.752941 0.752941 0.752941
vn 0.296604 0.894791 -0.333730
v 30.066032 10.678802 449.770752 0.752941 0.752941 0.752941
vn 0.245687 0.811766 -0.529786
v 27.103928 11.183556 449.590363 0.752941 0.752941 0.752941
vn 0.745302 -0.646733 -0.162053
v 28.748062 17.944553 449.321320 0.752941 0.752941 0.752941
vn 0.157156 0.893867 -0.419885
v 28.152357 10.714800 449.224182 0.752941 0.752941 0.752941
vn 0.279393 0.832371 -0.478642
v 26.623075 11.069290 449.139069 0.752941 0.752941 0.752941
vn 0.897417 -0.358334 -0.257371
v 31.092176 22.647139 449.034546 0.752941 0.752941 0.752941
vn -0.410939 -0.837307 0.360619
v 27.589001 9.458014 456.842010 0.752941 0.752941 0.752941
vn 0.912328 -0.327477 -0.245799
v 31.880095 24.295197 449.593048 0.752941 0.752941 0.752941
vn 0.647591 0.368938 -0.666716
v 25.011765 12.546180 449.630249 0.752941 0.752941 0.752941
vn 0.790842 0.561443 -0.243618
v 30.415274 10.349490 449.377289 0.752941 0.752941 0.752941
vn 0.785002 -0.437614 -0.438481
v 24.796270 14.904893 449.462341 0.752941 0.752941 0.752941
vn 0.776579 -0.600624 -0.190203
v 29.252831 18.522482 449.673340 0.752941 0.752941 0.752941
vn 0.904144 -0.326657 -0.275351
v 31.231079 22.762503 449.451263 0.752941 0.752941 0.752941
vn 0.446487 0.671846 -0.590993
v 25.516991 11.875530 449.418335 0.752941 0.752941 0.752941
vn 0.700325 0.213809 -0.681052
v 24.756508 12.848078 449.470856 0.752941 0.752941 0.752941
vn 0.907123 -0.173140 0.383602
v 29.806278 12.765224 457.264679 0.752941 0.752941 0.752941
vn 0.674248 0.193670 -0.712658
v 24.619535 12.803335 449.335938 0.752941 0.752941 0.752941
vn 0.700164 -0.619367 -0.355183
v 25.280346 15.807279 449.139191 0.752941 0.752941 0.752941
vn 0.422390 -0.902645 0.082579
v 27.003920 16.584501 449.433655 0.752941 0.752941 0.752941
vn -0.316960 -0.620984 0.716879
v 19.970825 8.013831 448.881836 0.752941 0.752941 0.752941
vn 0.591738 0.035145 0.805364
v 29.785152 9.879779 457.165924 0.752941 0.752941 0.752941
vn 0.810383 -0.278559 -0.515446
v 24.639835 14.593969 449.405518 0.752941 0.752941 0.752941
vn 0.278631 0.807128 -0.520490
v 26.772177 11.353900 449.688446 0.752941 0.752941 0.752941
vn -0.209253 -0.876179 0.434193
v 26.563694 6.418635 449.946075 0.752941 0.752941 0.752941
vn 0.789930 -0.612017 0.038015
v 28.587313 18.005421 457.066589 0.752941 0.752941 0.752941
vn 0.907081 -0.337633 -0.251412
v 31.460251 23.020948 449.846405 0.752941 0.752941 0.752941
vn 0.896015 -0.364231 -0.253954
v 31.566912 23.625206 449.308014 0.752941 0.752941 0.752941
vn 0.912117 -0.331890 -0.240606
v 31.736483 23.930906 449.500092 0.752941 0.752941 0.752941
vn 0.273872 0.852499 -0.445240
v 28.103783 11.158608 450.044769 0.752941 0.752941 0.752941
vn 0.891704 -0.351561 -0.285077
v 30.608183 20.795767 449.889801 0.752941 0.752941 0.752941
vn 0.981379 -0.189744 0.029872
v 33.348312 26.586746 456.708527 0.752941 0.752941 0.752941
vn 0.891565 -0.380676 -0.245351
v 31.450647 23.304152 449.394348 0.752941 0.752941 0.752941
vn 0.754658 0.186270 -0.629122
v 24.712761 13.434240 449.613190 0.752941 0.752941 0.752941
vn 0.763324 -0.516785 -0.387647
v 25.035913 15.222750 449.540924 0.752941 0.752941 0.752941
vn 0.973969 -0.221679 0.047350
v 30.408915 8.568217 449.293427 0.752941 0.752941 0.752941
vn 0.700336 -0.612366 -0.366793
v 25.256905 15.458467 449.538574 0.752941 0.752941 0.752941
vn -0.294232 -0.798307 0.525484
v 24.214113 7.056905 449.899384 0.752941 0.752941 0.752941
vn -0.734853 0.654577 0.177541
v 27.054070 22.072964 450.122772 0.752941 0.752941 0.752941
vn 0.535119 -0.844728 -0.009071
v 27.761467 17.023905 449.839325 0.752941 0.752941 0.752941
vn 0.668790 0.045348 0.742067
v 29.846504 10.503251 457.145233 0.752941 0.752941 0.752941
vn -0.299293 -0.489539 0.819009
v 19.181908 9.535042 449.659821 0.752941 0.752941 0.752941
vn -0.477757 -0.340061 0.810004
v 17.590481 10.335052 449.254272 0.752941 0.752941 0.752941
vn 0.796815 -0.599879 0.072319
v 30.914877 19.955841 456.754639 0.752941 0.752941 0.752941
vn 0.950172 -0.105506 0.293330
v 29.970341 12.880071 456.899261 0.752941 0.752941 0.752941
vn 0.903860 -0.341973 -0.257083
v 31.096733 22.203651 449.593658 0.752941 0.752941 0.752941
vn 0.919076 -0.306591 -0.247593
v 31.392920 22.727001 449.902954 0.752941 0.752941 0.752941
vn 0.255448 0.797145 -0.547089
v 27.191988 11.300455 449.783722 0.752941 0.752941 0.752941
vn 0.758057 -0.562121 -0.330711
v 25.626122 15.749876 449.850647 0.752941 0.752941 0.752941
vn 0.851524 -0.472004 -0.228297
v 29.867737 19.510201 449.591461 0.752941 0.752941 0.752941
vn 0.671671 -0.714390 -0.196227
v 25.875404 16.151747 449.762787 0.752941 0.752941 0.752941
vn -0.750755 -0.534712 0.387879
v 23.795750 12.688211 456.989594 0.752941 0.752941 0.752941
vn 0.805755 -0.049815 -0.590151
v 24.580793 14.019770 449.564056 0.752941 0.752941 0.752941
vn 0.287134 0.817733 -0.498866
v 27.536442 11.291691 449.966797 0.752941 0.752941 0.752941
vn 0.830823 0.417456 -0.368054
v 32.288086 26.139847 449.990723 0.752941 0.752941 0.752941
vn 0.259194 -0.648819 0.715438
v 29.678322 9.047659 457.031677 0.752941 0.752941 0.752941
vn 0.655313 -0.744839 0.125618
v 30.242023 19.171597 456.842346 0.752941 0.752941 0.752941
vn -0.505809 -0.530304 0.680393
v 19.900187 9.497730 449.929596 0.752941 0.752941 0.752941
vn -0.797900 0.550314 0.245990
v 27.458090 23.196867 448.668396 0.752941 0.752941 0.752941
vn -0.417848 -0.422692 0.804198
v 18.147947 9.825188 449.547760 0.752941 0.752941 0.752941
vn 0.708998 0.044511 0.703804
v 30.206236 9.493391 456.902191 0.752941 0.752941 0.752941
vn 0.879188 0.221815 -0.421694
v 28.044922 15.873776 457.082428 0.752941 0.752941 0.752941
vn 0.899554 0.426424 -0.094684
v 33.411633 27.945274 457.027924 0.752941 0.752941 0.752941
vn 0.785938 0.473205 -0.397968
v 28.483677 15.218620 457.102356 0.752941 0.752941 0.752941
vn 0.813041 -0.548368 -0.195597
v 29.575422 18.883987 449.888153 0.752941 0.752941 0.752941
vn 0.738456 -0.563497 -0.370343
v 25.459328 15.664364 449.547119 0.752941 0.752941 0.752941
vn 0.735832 -0.597540 -0.318586
v 25.442844 15.490673 449.938416 0.752941 0.752941 0.752941
vn 0.388871 0.725736 -0.567526
v 26.129025 11.565925 449.618469 0.752941 0.752941 0.752941
vn 0.845556 -0.456612 -0.276661
v 30.351128 20.246574 449.843475 0.752941 0.752941 0.752941
vn 0.987171 0.140261 -0.076293
v 30.533175 10.081102 449.865753 0.752941 0.752941 0.752941
vn 0.785885 -0.345149 -0.513086
v 25.041130 14.867753 449.861481 0.752941 0.752941 0.752941
vn 0.968241 -0.244745 0.051082
v 30.205273 8.136800 449.824005 0.752941 0.752941 0.752941
vn -0.164528 -0.899392 0.405000
v 27.532202 6.307489 450.146210 0.752941 0.752941 0.752941
vn 0.910931 -0.352586 -0.214217
v 31.804041 23.886618 449.863495 0.752941 0.752941 0.752941
vn 0.966343 0.017262 -0.256678
v 27.936617 16.148817 456.769958 0.752941 0.752941 0.752941
vn -0.597829 0.759775 0.255623
v 21.861092 17.944206 449.836090 0.752941 0.752941 0.752941
vn 0.157076 0.914137 -0.373738
v 28.955067 10.663750 449.471954 0.752941 0.752941 0.752941
vn -0.055078 -0.867607 0.494191
v 28.959364 6.184464 450.377960 0.752941 0.752941 0.752941
vn -0.485173 -0.214279 0.847757
v 17.411762 11.280405 449.546967 0.752941 0.752941 0.752941
vn -0.588568 0.259101 0.765803
v 18.086473 13.426688 449.868195 0.752941 0.752941 0.752941
vn -0.377603 -0.417557 0.826476
v 18.878639 10.163150 449.763702 0.752941 0.752941 0.752941
vn 0.219830 0.837431 -0.500384
v 27.043043 11.493376 449.990295 0.752941 0.752941 0.752941
vn 0.821380 0.542178 -0.177138
v 30.417004 10.472924 449.982727 0.752941 0.752941 0.752941
vn 0.806638 -0.208598 -0.553012
v 24.837095 14.409142 449.854004 0.752941 0.752941 0.752941
vn 0.964038 -0.264925 0.021101
v 32.671375 24.028450 457.200745 0.752941 0.752941 0.752941
vn -0.323116 -0.751716 0.574909
v 22.797581 7.665450 449.992676 0.752941 0.752941 0.752941
vn 0.904292 -0.353860 -0.238828
v 31.644951 23.468740 449.813629 0.752941 0.752941 0.752941
vn 0.816566 0.092257 -0.569831
v 24.844883 13.773335 449.932312 0.752941 0.752941 0.752941
vn 0.777247 0.226809 -0.586895
v 25.014286 13.547988 450.071014 0.752941 0.752941 0.752941
vn 0.683535 -0.714789 -0.147838
v 28.783384 17.908035 449.867645 0.752941 0.752941 0.752941
vn 0.987745 0.145306 -0.056980
v 30.576061 10.132921 450.218536 0.752941 0.752941 0.752941
vn 0.900565 -0.351966 -0.255153
v 31.182234 22.209084 449.941345 0.752941 0.752941 0.752941
vn 0.987470 -0.157440 -0.010720
v 30.089758 7.619357 450.484833 0.752941 0.752941 0.752941
vn 0.725806 -0.633793 -0.267416
v 26.117071 16.258377 450.168854 0.752941 0.752941 0.752941
vn 0.689952 0.607607 -0.393420
v 32.128975 26.293884 449.869568 0.752941 0.752941 0.752941
vn -0.442175 -0.613495 0.654297
v 20.316069 8.635291 449.675720 0.752941 0.752941 0.752941
vn -0.632970 0.763318 0.129210
v 23.590004 18.982208 450.545135 0.752941 0.752941 0.752941
vn -0.708931 0.690724 -0.142540
v 26.249430 21.242842 455.604614 0.752941 0.752941 0.752941
vn 0.124230 0.959408 -0.253186
v 32.822845 28.272137 456.471710 0.752941 0.752941 0.752941
vn -0.622285 0.465089 0.629646
v 18.368361 14.864668 449.492523 0.752941 0.752941 0.752941
vn 0.671156 0.422177 -0.609357
v 25.310102 12.663947 450.068390 0.752941 0.752941 0.752941
vn 0.304585 0.803930 -0.510808
v 26.952841 11.678311 450.352966 0.752941 0.752941 0.752941
vn 0.601158 -0.790351 0.118129
v 28.876255 18.247480 456.797424 0.752941 0.752941 0.752941
vn 0.745765 -0.554977 -0.368558
v 25.516199 15.421176 450.210297 0.752941 0.752941 0.752941
vn 0.934918 -0.271801 -0.228149
v 32.332581 25.231211 450.018463 0.752941 0.752941 0.752941
vn 0.393070 0.836538 -0.381707
v 31.885895 26.477495 449.874695 0.752941 0.752941 0.752941
vn 0.741252 -0.649249 -0.170355
v 29.107954 18.137501 450.206848 0.752941 0.752941 0.752941
vn -0.594276 -0.713353 0.371433
v 25.419388 10.882699 456.917542 0.752941 0.752941 0.752941
vn 0.826100 -0.261218 -0.499324
v 25.126097 14.549594 450.145050 0.752941 0.752941 0.752941
vn 0.332667 -0.827398 0.452488
v 30.139988 8.848136 456.569366 0.752941 0.752941 0.752941
vn -0.016456 -0.817827 0.575229
v 29.013660 8.959822 456.970642 0.752941 0.752941 0.752941
vn 0.908428 -0.356647 -0.218084
v 31.659386 23.001408 450.555603 0.752941 0.752941 0.752941
vn 0.853200 -0.419187 -0.310374
v 30.545427 20.401390 450.050446 0.752941 0.752941 0.752941
vn 0.474491 0.683868 -0.554240
v 26.503471 11.984256 450.379028 0.752941 0.752941 0.752941
vn 0.161772 0.889996 -0.426306
v 29.494385 10.987237 450.434875 0.752941 0.752941 0.752941
vn 0.920069 -0.311237 -0.237918
v 32.169556 24.763649 450.016235 0.752941 0.752941 0.752941
vn 0.855638 -0.455008 -0.246681
v 30.170168 19.818035 449.981354 0.752941 0.752941 0.752941
vn 0.495705 0.620503 -0.607662
v 25.576166 12.159038 449.827332 0.752941 0.752941 0.752941
vn 0.421051 0.714437 -0.558835
v 26.411140 11.795406 450.046448 0.752941 0.752941 0.752941
vn 0.812215 -0.401422 -0.423282
v 25.234499 15.108300 450.021454 0.752941 0.752941 0.752941
vn -0.072254 0.966867 -0.244841
v 31.602137 26.611382 450.175262 0.752941 0.752941 0.752941
vn -0.486747 -0.432480 0.758972
v 19.188353 10.604282 450.369385 0.752941 0.752941 0.752941
vn -0.461043 -0.593366 0.659815
v 20.569780 8.837980 450.081970 0.752941 0.752941 0.752941
vn -0.490749 -0.517309 0.701111
v 19.960461 9.934422 450.342407 0.752941 0.752941 0.752941
vn 0.912716 -0.408185 -0.018291
v 28.164286 17.335222 456.791351 0.752941 0.752941 0.752941
vn -0.484951 -0.274871 0.830222
v 18.279905 11.107748 450.001373 0.752941 0.752941 0.752941
vn -0.296746 -0.776064 0.556477
v 23.358610 7.408303 449.933228 0.752941 0.752941 0.752941
vn -0.640690 0.757222 0.127005
v 24.892923 20.146572 450.211060 0.752941 0.752941 0.752941
vn 0.792824 0.201222 -0.575274
v 25.306917 13.586047 450.508484 0.752941 0.752941 0.752941
vn 0.950651 -0.309525 0.021383
v 32.308098 22.739458 457.051331 0.752941 0.752941 0.752941
vn 0.293004 0.831586 -0.471819
v 27.266504 11.628235 450.396332 0.752941 0.752941 0.752941
vn 0.899783 -0.348954 -0.261956
v 30.837442 21.163774 450.107422 0.752941 0.752941 0.752941
vn 0.904848 -0.352703 -0.238434
v 30.968044 21.248465 450.490570 0.752941 0.752941 0.752941
vn 0.115483 0.924492 -0.363288
v 29.108595 10.995052 450.317352 0.752941 0.752941 0.752941
vn 0.846451 -0.487786 -0.213506
v 30.337389 19.973715 450.306244 0.752941 0.752941 0.752941
vn 0.917213 -0.333964 -0.217227
v 31.397190 22.621290 450.158844 0.752941 0.752941 0.752941
vn 0.731971 0.543164 -0.411329
v 28.700890 14.869603 457.030243 0.752941 0.752941 0.752941
vn 0.676059 -0.727404 -0.117589
v 28.945490 17.939070 450.436798 0.752941 0.752941 0.752941
vn 0.992235 0.115914 -0.045092
v 33.488354 27.578930 456.747314 0.752941 0.752941 0.752941
vn 0.918473 0.207179 -0.336873
v 32.442257 25.887054 450.172577 0.752941 0.752941 0.752941
vn 0.571524 0.735435 -0.363999
v 32.173603 26.469757 450.339600 0.752941 0.752941 0.752941
vn 0.768171 -0.563820 -0.303348
v 25.855301 15.821171 450.260437 0.752941 0.752941 0.752941
vn 0.878873 -0.229802 -0.418059
v 25.233658 14.499399 450.405792 0.752941 0.752941 0.752941
vn -0.755249 0.648821 -0.092897
v 24.153975 19.114141 457.000000 0.752941 0.752941 0.752941
vn -0.296665 0.944225 -0.142930
v 30.055525 26.053312 448.989838 0.752941 0.752941 0.752941
vn 0.213971 -0.737992 0.639987
v 29.354021 6.298269 450.511658 0.752941 0.752941 0.752941
vn 0.811389 -0.005122 0.584483
v 29.911428 11.603716 456.892944 0.752941 0.752941 0.752941
vn 0.967045 -0.218498 -0.130701
v 28.002422 16.771372 456.690613 0.752941 0.752941 0.752941
vn 0.696200 0.694309 -0.182321
v 29.862116 13.760969 456.752991 0.752941 0.752941 0.752941
vn -0.402122 -0.683742 0.608929
v 22.710186 8.516072 450.960022 0.752941 0.752941 0.752941
vn -0.543483 -0.044727 0.838228
v 18.395908 12.279183 450.232086 0.752941 0.752941 0.752941
vn 0.788365 0.118739 0.603640
v 30.139717 11.264036 456.717621 0.752941 0.752941 0.752941
vn 0.736156 0.458539 -0.497812
v 28.176994 15.180345 456.834930 0.752941 0.752941 0.752941
vn 0.899858 -0.349783 -0.260591
v 31.240059 21.867865 450.531128 0.752941 0.752941 0.752941
vn 0.909357 -0.335750 -0.245644
v 32.001667 24.304586 449.952850 0.752941 0.752941 0.752941
vn 0.988235 -0.148058 0.038355
v 30.422997 9.193601 450.023071 0.752941 0.752941 0.752941
vn 0.983321 -0.181179 -0.015950
v 30.296339 8.592779 451.007111 0.752941 0.752941 0.752941
vn 0.853007 -0.302121 -0.425561
v 25.371086 15.019570 450.374878 0.752941 0.752941 0.752941
vn 0.833791 -0.504025 -0.225281
v 30.012634 19.457647 450.088959 0.752941 0.752941 0.752941
vn 0.771974 -0.557476 -0.305411
v 25.675508 15.568409 450.284485 0.752941 0.752941 0.752941
vn 0.898887 -0.350276 -0.263267
v 31.071014 21.746292 450.199707 0.752941 0.752941 0.752941
vn 0.541711 0.573268 -0.614746
v 25.773916 12.575002 450.353455 0.752941 0.752941 0.752941
vn -0.677771 0.660833 0.322376
v 21.026102 16.879040 450.680298 0.752941 0.752941 0.752941
vn 0.680062 0.423844 -0.598224
v 25.524967 13.083942 450.565979 0.752941 0.752941 0.752941
vn 0.781983 -0.550565 -0.292200
v 26.159613 16.095245 450.514008 0.752941 0.752941 0.752941
vn 0.870221 0.476263 -0.126054
v 30.426075 10.627081 450.489441 0.752941 0.752941 0.752941
vn 0.835518 -0.094542 -0.541269
v 25.263342 14.341343 450.546692 0.752941 0.752941 0.752941
vn -0.859545 -0.353176 0.369391
v 22.930836 13.951550 456.522675 0.752941 0.752941 0.752941
vn -0.530744 0.832115 -0.160921
v 31.307529 27.628502 455.533020 0.752941 0.752941 0.752941
vn 0.321252 0.832449 -0.451470
v 27.651665 11.620126 450.680328 0.752941 0.752941 0.752941
vn 0.917809 -0.344905 -0.196637
v 32.006149 23.849356 450.776245 0.752941 0.752941 0.752941
vn 0.829564 -0.025674 -0.557822
v 25.053961 14.013153 450.262360 0.752941 0.752941 0.752941
vn -0.600417 -0.202770 0.773553
v 19.190939 11.735436 450.737244 0.752941 0.752941 0.752941
vn 0.481609 -0.871323 0.094067
v 26.979542 16.680677 450.259491 0.752941 0.752941 0.752941
vn -0.170125 -0.904789 0.390403
v 28.039331 6.607759 450.995605 0.752941 0.752941 0.752941
vn 0.800236 -0.521452 -0.296160
v 25.755859 15.561795 450.571777 0.752941 0.752941 0.752941
vn 0.524344 0.621523 -0.582042
v 26.284491 12.288611 450.519775 0.752941 0.752941 0.752941
vn 0.283632 0.828862 -0.482224
v 28.269226 11.386548 450.588684 0.752941 0.752941 0.752941
vn 0.930954 -0.352685 0.094546
v 29.962446 6.690571 450.304443 0.752941 0.752941 0.752941
vn 0.799566 -0.572059 -0.182872
v 29.679461 18.823027 450.544312 0.752941 0.752941 0.752941
vn 0.768461 -0.574504 -0.281802
v 26.000103 15.859632 450.619476 0.752941 0.752941 0.752941
vn 0.461970 -0.886855 -0.008483
v 26.411989 16.497972 450.070404 0.752941 0.752941 0.752941
vn 0.726795 0.572882 -0.378913
v 32.354481 26.502399 450.665680 0.752941 0.752941 0.752941
vn 0.408130 0.849823 -0.333512
v 32.131092 26.771023 450.856506 0.752941 0.752941 0.752941
vn 0.923237 -0.328701 -0.198971
v 32.191738 24.435392 450.536469 0.752941 0.752941 0.752941
vn 0.843389 -0.408457 -0.349081
v 25.623493 15.274007 450.654022 0.752941 0.752941 0.752941
vn 0.544059 0.652712 -0.527226
v 26.041779 12.650248 450.713684 0.752941 0.752941 0.752941
vn 0.183548 0.887967 -0.421692
v 29.747890 11.138751 450.856323 0.752941 0.752941 0.752941
vn 0.278973 0.860042 -0.427202
v 27.855484 11.445741 450.452301 0.752941 0.752941 0.752941
vn 0.568698 0.793505 -0.216640
v 33.097355 28.265793 456.794647 0.752941 0.752941 0.752941
vn 0.961759 -0.113954 -0.249066
v 32.490456 25.580671 450.354858 0.752941 0.752941 0.752941
vn 0.230636 0.846514 -0.479813
v 28.600203 11.106027 450.418915 0.752941 0.752941 0.752941
vn 0.960296 0.270288 0.069108
v 30.069151 13.410414 456.649872 0.752941 0.752941 0.752941
vn 0.917814 0.217164 -0.332352
v 32.575748 26.129606 450.685394 0.752941 0.752941 0.752941
vn -0.245174 -0.841845 0.480818
v 25.342804 6.849993 450.184784 0.752941 0.752941 0.752941
vn -0.651158 0.753341 0.092033
v 24.223555 19.574265 450.919159 0.752941 0.752941 0.752941
vn 0.930314 0.227001 -0.288073
v 27.926540 15.593899 456.501038 0.752941 0.752941 0.752941
vn 0.808182 -0.419211 -0.413646
v 25.507145 15.202410 450.473206 0.752941 0.752941 0.752941
vn 0.921147 -0.329076 -0.207839
v 31.584454 22.609743 450.974915 0.752941 0.752941 0.752941
vn 0.414680 0.723627 -0.551728
v 26.870903 12.067403 450.811798 0.752941 0.752941 0.752941
vn -0.799765 0.589309 0.114416
v 29.446434 25.571892 450.552948 0.752941 0.752941 0.752941
vn 0.936455 -0.295591 -0.188885
v 32.401653 24.881540 450.841675 0.752941 0.752941 0.752941
vn 0.673285 0.420690 -0.608036
v 25.847456 13.144198 450.958832 0.752941 0.752941 0.752941
vn 0.233275 0.853543 -0.465883
v 28.783007 11.315787 450.699432 0.752941 0.752941 0.752941
vn 0.939137 0.339052 -0.055371
v 30.432751 10.706538 450.979553 0.752941 0.752941 0.752941
vn 0.851749 -0.260456 -0.454629
v 25.665155 15.058032 450.881378 0.752941 0.752941 0.752941
vn 0.771871 0.073015 -0.631572
v 25.502346 13.950244 450.815674 0.752941 0.752941 0.752941
vn 0.418704 -0.907779 -0.024989
v 26.976660 16.676048 450.923767 0.752941 0.752941 0.752941
vn -0.535591 -0.500927 0.679864
v 20.402620 9.867895 450.726959 0.752941 0.752941 0.752941
vn 0.521183 -0.851230 -0.061445
v 27.127602 16.886942 450.707489 0.752941 0.752941 0.752941
vn 0.625752 -0.775468 -0.084162
v 28.317451 17.387085 450.353058 0.752941 0.752941 0.752941
vn -0.688474 0.069640 0.721910
v 19.101158 13.197095 450.912018 0.752941 0.752941 0.752941
vn 0.721127 -0.644657 0.253758
v 29.944443 6.880084 451.137817 0.752941 0.752941 0.752941
vn -0.632587 0.774398 0.011919
v 29.936150 26.112026 450.741180 0.752941 0.752941 0.752941
vn 0.768439 -0.572857 -0.285197
v 26.342382 16.310232 450.682678 0.752941 0.752941 0.752941
vn -0.812935 0.553725 0.180346
v 28.894341 24.935749 449.866852 0.752941 0.752941 0.752941
vn 0.800485 -0.533317 -0.273491
v 26.459446 16.271214 450.974945 0.752941 0.752941 0.752941
vn 0.747818 0.234054 -0.621279
v 25.517159 13.419675 450.740692 0.752941 0.752941 0.752941
vn -0.875966 0.479613 -0.051524
v 29.823412 25.624107 456.273804 0.752941 0.752941 0.752941
vn 0.837488 -0.204500 -0.506749
v 25.487875 14.697723 450.812042 0.752941 0.752941 0.752941
vn 0.821683 -0.435698 -0.367431
v 25.751299 15.355964 450.860596 0.752941 0.752941 0.752941
vn 0.612252 -0.778521 -0.138030
v 26.719246 16.616957 451.105408 0.752941 0.752941 0.752941
vn -0.924996 0.364627 0.106909
v 23.113148 17.450382 456.426666 0.752941 0.752941 0.752941
vn 0.721433 -0.683673 -0.110114
v 29.224827 18.155519 450.839630 0.752941 0.752941 0.752941
vn 0.795961 -0.589681 -0.136829
v 29.757046 18.717159 451.101868 0.752941 0.752941 0.752941
vn -0.301137 -0.820588 0.485749
v 25.293787 7.355264 451.009460 0.752941 0.752941 0.752941
vn 0.462780 0.756472 -0.462152
v 26.453699 12.601367 450.990448 0.752941 0.752941 0.752941
vn 0.608527 0.664049 -0.434434
v 28.561377 14.497891 456.569550 0.752941 0.752941 0.752941
vn 0.282491 0.858517 -0.427956
v 28.073360 11.644326 450.963470 0.752941 0.752941 0.752941
vn -0.823344 0.537199 0.183086
v 28.239553 23.637957 450.438812 0.752941 0.752941 0.752941
vn 0.125155 0.948442 -0.291195
v 31.866953 26.733469 450.566437 0.752941 0.752941 0.752941
vn 0.562564 -0.691026 0.453878
v 29.841526 6.601589 450.556396 0.752941 0.752941 0.752941
vn 0.390218 0.774641 -0.497656
v 27.277403 11.990084 450.978546 0.752941 0.752941 0.752941
vn 0.899869 -0.374878 -0.222942
v 30.791405 20.680864 450.601959 0.752941 0.752941 0.752941
vn 0.602736 0.745279 -0.285076
v 30.206429 10.985606 450.781219 0.752941 0.752941 0.752941
vn 0.795719 -0.076374 -0.600831
v 25.649117 14.645591 451.070587 0.752941 0.752941 0.752941
vn 0.509621 0.712849 -0.481802
v 26.299389 12.659815 451.035248 0.752941 0.752941 0.752941
vn -0.702039 0.399472 0.589545
v 19.555061 15.305866 450.438995 0.752941 0.752941 0.752941
vn 0.784202 -0.496408 -0.372298
v 25.933077 15.483913 451.080170 0.752941 0.752941 0.752941
vn -0.846683 0.512174 0.144239
v 28.938166 24.532433 451.262878 0.752941 0.752941 0.752941
vn 0.959811 0.005939 0.280585
v 30.601105 9.654170 456.173889 0.752941 0.752941 0.752941
vn -0.385723 -0.658655 0.646058
v 21.352314 8.817593 450.390839 0.752941 0.752941 0.752941
vn -0.651832 0.748011 0.124877
v 25.357759 20.629314 450.150909 0.752941 0.752941 0.752941
vn -0.627910 0.770486 0.109915
v 25.781155 20.827660 451.239868 0.752941 0.752941 0.752941
vn 0.926706 -0.311123 -0.210757
v 31.388309 22.230038 450.618805 0.752941 0.752941 0.752941
vn 0.967673 -0.251980 0.010710
v 33.161339 25.736065 456.153046 0.752941 0.752941 0.752941
vn -0.852919 0.519227 -0.054157
v 29.170574 24.360891 455.760132 0.752941 0.752941 0.752941
vn 0.353748 0.890169 -0.287162
v 28.615715 11.492588 451.003815 0.752941 0.752941 0.752941
vn 0.843952 -0.505287 -0.180086
v 30.288437 19.644283 450.875824 0.752941 0.752941 0.752941
vn 0.966789 -0.058733 -0.248734
v 32.667107 25.788370 450.906921 0.752941 0.752941 0.752941
vn 0.537028 0.660047 -0.525300
v 26.741669 12.371056 451.069153 0.752941 0.752941 0.752941
vn 0.377031 0.816098 -0.437986
v 27.834166 12.013068 451.505798 0.752941 0.752941 0.752941
vn 0.886253 -0.460666 -0.048395
v 28.178022 17.371120 456.293213 0.752941 0.752941 0.752941
vn 0.877526 0.352369 -0.325245
v 32.658504 26.414612 451.173096 0.752941 0.752941 0.752941
vn 0.958207 -0.285490 -0.018292
v 32.401588 23.103231 456.286285 0.752941 0.752941 0.752941
vn 0.768774 0.217844 -0.601274
v 25.896173 13.526835 451.188629 0.752941 0.752941 0.752941
vn -0.399780 -0.504620 0.765202
v 21.657614 9.614789 451.422852 0.752941 0.752941 0.752941
vn 0.820643 0.081958 -0.565534
v 25.795662 14.200799 451.175446 0.752941 0.752941 0.752941
vn 0.454891 0.754292 -0.473410
v 27.240961 12.233413 451.306702 0.752941 0.752941 0.752941
vn -0.779395 0.620836 0.084301
v 27.657965 22.555191 451.184998 0.752941 0.752941 0.752941
vn -0.557901 -0.430347 0.709611
v 19.767000 10.657352 450.717590 0.752941 0.752941 0.752941
vn -0.710991 0.699401 0.073012
v 24.861961 19.703945 455.353668 0.752941 0.752941 0.752941
vn 0.081564 0.962938 -0.257096
v 32.058094 26.914148 451.381104 0.752941 0.752941 0.752941
vn 0.916073 -0.346061 -0.202614
v 31.249483 21.535130 451.141846 0.752941 0.752941 0.752941
vn -0.953536 0.200693 0.224702
v 22.787197 16.265293 456.263885 0.752941 0.752941 0.752941
vn 0.869739 -0.304403 -0.388449
v 25.887320 15.213614 451.319122 0.752941 0.752941 0.752941
vn -0.038519 -0.912139 0.408066
v 29.515137 8.544999 456.057800 0.752941 0.752941 0.752941
vn 0.557856 0.646074 -0.520947
v 26.771885 12.708687 451.544952 0.752941 0.752941 0.752941
vn 0.921374 -0.334874 -0.197304
v 31.935575 23.300362 451.407990 0.752941 0.752941 0.752941
vn 0.875836 -0.062314 -0.478568
v 25.835308 14.760245 451.287445 0.752941 0.752941 0.752941
vn 0.385190 0.855270 -0.346614
v 28.527615 11.572938 451.340942 0.752941 0.752941 0.752941
vn 0.765104 0.558889 -0.319778
v 28.335258 14.660082 456.350861 0.752941 0.752941 0.752941
vn 0.740622 -0.666410 -0.085889
v 29.514862 18.377169 451.547058 0.752941 0.752941 0.752941
vn -0.660146 0.751123 -0.004705
v 30.136875 26.261480 451.724426 0.752941 0.752941 0.752941
vn 0.911749 -0.337424 -0.234218
v 31.014433 21.009647 451.098755 0.752941 0.752941 0.752941
vn 0.255585 -0.896178 0.362686
v 29.238831 6.593574 451.439392 0.752941 0.752941 0.752941
vn 0.755996 0.627595 -0.185995
v 33.299358 27.930542 456.192352 0.752941 0.752941 0.752941
vn -0.717224 0.526869 0.456069
v 20.477055 16.052460 451.021057 0.752941 0.752941 0.752941
vn 0.429506 -0.902339 -0.036191
v 27.734283 16.989214 451.172119 0.752941 0.752941 0.752941
vn -0.633422 0.765138 0.115502
v 24.991323 20.053411 451.899689 0.752941 0.752941 0.752941
vn 0.225534 0.911824 -0.343090
v 29.003510 11.421548 451.257141 0.752941 0.752941 0.752941
vn 0.849409 0.087506 0.520430
v 30.245100 10.390499 456.651184 0.752941 0.752941 0.752941
vn 0.453148 0.831162 -0.322221
v 28.334135 11.748437 451.414276 0.752941 0.752941 0.752941
vn -0.810548 0.579510 0.084739
v 29.701477 25.761702 451.461700 0.752941 0.752941 0.752941
vn 0.940680 0.084791 0.328530
v 30.480410 10.299113 456.197968 0.752941 0.752941 0.752941
vn 0.902882 -0.382999 -0.195233
v 31.101746 20.840967 451.613434 0.752941 0.752941 0.752941
vn -0.255287 -0.851997 0.457089
v 26.037752 7.193430 451.157410 0.752941 0.752941 0.752941
vn 0.792386 -0.510743 -0.333565
v 26.083393 15.479117 451.349457 0.752941 0.752941 0.752941
vn 0.811179 -0.490925 -0.317774
v 26.464811 16.008030 451.529938 0.752941 0.752941 0.752941
vn 0.778265 -0.570273 -0.262854
v 26.391884 16.135691 451.158997 0.752941 0.752941 0.752941
vn 0.672043 0.432720 -0.600926
v 26.221027 13.147704 451.377869 0.752941 0.752941 0.752941
vn 0.961460 0.096236 -0.257551
v 32.828865 26.117508 451.506866 0.752941 0.752941 0.752941
vn -0.353254 -0.756988 0.549710
v 23.714865 8.007095 450.998749 0.752941 0.752941 0.752941
vn -0.643860 -0.250975 0.722811
v 20.311384 11.808099 451.825836 0.752941 0.752941 0.752941
vn -0.407246 -0.551972 0.727652
v 22.177269 9.291551 451.416840 0.752941 0.752941 0.752941
vn -0.469051 -0.479948 0.741378
v 20.916929 9.926587 451.154022 0.752941 0.752941 0.752941
vn 0.877273 0.085090 -0.472389
v 25.981388 14.343691 451.636993 0.752941 0.752941 0.752941
vn 0.697902 -0.695553 -0.170705
v 26.837349 16.667845 451.419189 0.752941 0.752941 0.752941
vn 0.923595 -0.330339 -0.194545
v 31.512611 22.167744 451.310699 0.752941 0.752941 0.752941
vn 0.964390 -0.263836 0.018525
v 32.886631 24.844563 456.508667 0.752941 0.752941 0.752941
vn 0.818742 0.312201 -0.481862
v 26.307838 13.794570 451.877045 0.752941 0.752941 0.752941
vn 0.408413 0.798173 -0.442853
v 28.427422 11.812901 451.646729 0.752941 0.752941 0.752941
vn 0.966890 -0.195030 -0.164579
v 32.839783 25.740900 451.828949 0.752941 0.752941 0.752941
vn 0.999770 -0.009818 -0.019075
v 30.522903 10.105737 451.118652 0.752941 0.752941 0.752941
vn 0.976526 -0.214426 0.020470
v 30.069616 7.193521 450.926422 0.752941 0.752941 0.752941
vn 0.281506 0.897257 -0.340123
v 32.324173 27.005587 451.759857 0.752941 0.752941 0.752941
vn 0.919615 -0.344468 -0.188811
v 31.385981 21.672211 451.631592 0.752941 0.752941 0.752941
vn 0.561684 0.665410 -0.491671
v 27.166224 12.658912 451.927704 0.752941 0.752941 0.752941
vn 0.885387 0.053009 0.461823
v 30.077944 12.185569 456.519318 0.752941 0.752941 0.752941
vn -0.461969 -0.523611 0.715833
v 20.648008 10.534216 451.301422 0.752941 0.752941 0.752941
vn -0.370495 -0.470858 0.800641
v 21.811283 9.918366 451.603180 0.752941 0.752941 0.752941
vn -0.790874 0.317230 0.523339
v 20.364296 14.801746 451.841980 0.752941 0.752941 0.752941
vn 0.920920 -0.356979 -0.156435
v 31.387627 21.275064 452.329376 0.752941 0.752941 0.752941
vn 0.672307 -0.380164 0.635199
v 30.383308 9.085892 456.696411 0.752941 0.752941 0.752941
vn 0.303062 0.817777 -0.489279
v 28.676912 11.840117 451.892578 0.752941 0.752941 0.752941
vn 0.682702 0.490670 -0.541444
v 26.478575 13.249497 451.741333 0.752941 0.752941 0.752941
vn 0.908837 -0.063627 -0.412270
v 26.001699 14.979349 451.630920 0.752941 0.752941 0.752941
vn 0.166193 0.883390 -0.438180
v 29.011992 11.662694 451.692047 0.752941 0.752941 0.752941
vn 0.663776 0.668576 -0.335273
v 30.098429 11.471129 451.785309 0.752941 0.752941 0.752941
vn -0.096500 -0.922496 0.373749
v 29.038631 6.833244 451.981873 0.752941 0.752941 0.752941
vn 0.862427 -0.472760 -0.180880
v 30.727489 20.218977 451.408356 0.752941 0.752941 0.752941
vn 0.972762 0.213513 -0.090259
v 30.485413 10.636846 451.945679 0.752941 0.752941 0.752941
vn -0.850039 0.513369 0.117835
v 28.764360 23.984669 452.174194 0.752941 0.752941 0.752941
vn 0.923583 -0.326918 -0.200296
v 31.903259 23.098253 451.568756 0.752941 0.752941 0.752941
vn 0.338822 0.838283 -0.427178
v 29.953175 11.391826 451.448273 0.752941 0.752941 0.752941
vn 0.916341 -0.383704 0.114413
v 30.030540 7.419025 452.242126 0.752941 0.752941 0.752941
vn 0.930902 -0.321712 -0.172983
v 32.358883 24.349329 451.546814 0.752941 0.752941 0.752941
vn -0.773290 0.629444 -0.076307
v 30.687756 27.077625 455.391876 0.752941 0.752941 0.752941
vn 0.603310 0.720912 -0.341032
v 32.538750 26.733475 451.426910 0.752941 0.752941 0.752941
vn 0.815302 -0.505288 -0.282784
v 26.688242 16.073343 452.123260 0.752941 0.752941 0.752941
vn -0.352309 -0.783509 0.511852
v 24.702543 7.870887 451.435822 0.752941 0.752941 0.752941
vn 0.837545 -0.369535 -0.402444
v 26.101997 15.322522 451.753876 0.752941 0.752941 0.752941
vn -0.490349 -0.499298 0.714325
v 21.286638 10.634807 451.735474 0.752941 0.752941 0.752941
vn -0.622949 0.758325 0.192035
v 22.628477 18.323198 450.626160 0.752941 0.752941 0.752941
vn 0.519008 0.765908 -0.379494
v 29.153326 14.027055 456.395966 0.752941 0.752941 0.752941
vn 0.577020 -0.815887 -0.037098
v 27.129969 16.821548 451.836121 0.752941 0.752941 0.752941
vn 0.829169 -0.542342 -0.135438
v 30.391951 19.397499 452.062927 0.752941 0.752941 0.752941
vn 0.794440 0.551491 -0.254407
v 30.315626 11.284294 451.872803 0.752941 0.752941 0.752941
vn 0.983256 -0.181935 0.010320
v 30.197857 8.014346 451.469055 0.752941 0.752941 0.752941
vn 0.275517 0.820780 -0.500410
v 28.913155 11.864950 452.087952 0.752941 0.752941 0.752941
vn 0.899571 0.153299 -0.408988
v 26.119223 14.547549 451.892365 0.752941 0.752941 0.752941
vn 0.818426 -0.177749 -0.546428
v 26.158693 15.177810 451.918945 0.752941 0.752941 0.752941
vn 0.925787 -0.332489 -0.179917
v 32.107399 23.502663 451.860443 0.752941 0.752941 0.752941
vn 0.943908 0.139157 -0.299456
v 27.795706 15.909307 456.312592 0.752941 0.752941 0.752941
vn -0.821061 0.555964 0.129470
v 28.240999 23.384220 451.413788 0.752941 0.752941 0.752941
vn -0.505116 -0.549262 0.665709
v 21.122482 10.992135 451.942383 0.752941 0.752941 0.752941
vn 0.342369 -0.892527 0.293563
v 29.427076 6.924649 452.202820 0.752941 0.752941 0.752941
vn 0.479477 -0.830020 0.284901
v 29.557014 6.889579 451.524780 0.752941 0.752941 0.752941
vn -0.489420 -0.472149 0.733174
v 20.596529 11.012172 451.736267 0.752941 0.752941 0.752941
vn -0.712543 0.697650 -0.074616
v 27.918383 22.810020 455.538452 0.752941 0.752941 0.752941
vn -0.669395 0.736577 0.096772
v 23.464663 18.801958 451.613922 0.752941 0.752941 0.752941
vn -0.227597 -0.875423 0.426419
v 26.970179 6.950773 451.222076 0.752941 0.752941 0.752941
vn 0.833724 -0.551901 0.017622
v 30.979956 19.947340 455.652649 0.752941 0.752941 0.752941
vn 0.862014 0.413488 -0.293189
v 32.812916 26.645985 451.925446 0.752941 0.752941 0.752941
vn 0.983650 -0.180055 0.003593
v 30.455626 9.322948 451.669525 0.752941 0.752941 0.752941
vn 0.458217 0.767261 -0.448718
v 27.462351 12.281130 451.703735 0.752941 0.752941 0.752941
vn 0.821485 -0.531998 -0.205281
v 26.947407 16.463678 452.082092 0.752941 0.752941 0.752941
vn 0.687745 0.556802 -0.465810
v 26.685448 13.366028 452.186737 0.752941 0.752941 0.752941
vn 0.919020 -0.394143 0.007252
v 31.947994 21.844704 456.389221 0.752941 0.752941 0.752941
vn 0.941495 0.322026 -0.099428
v 30.410431 10.937796 451.796783 0.752941 0.752941 0.752941
vn 0.901806 -0.093344 -0.421939
v 26.098076 14.763743 451.953583 0.752941 0.752941 0.752941
vn 0.802215 -0.448602 -0.393964
v 26.256226 15.528296 451.774719 0.752941 0.752941 0.752941
vn 0.981609 -0.189963 0.018921
v 30.253445 8.559706 452.109161 0.752941 0.752941 0.752941
vn 0.746052 -0.659705 -0.090537
v 29.702702 18.492786 452.117981 0.752941 0.752941 0.752941
vn 0.903181 -0.428493 0.025650
v 31.660088 21.180874 456.567352 0.752941 0.752941 0.752941
vn 0.883243 -0.142223 -0.446828
v 26.213594 14.996021 451.995056 0.752941 0.752941 0.752941
vn 0.799468 -0.589154 -0.117257
v 29.874325 18.824558 451.579529 0.752941 0.752941 0.752941
vn 0.774316 0.529126 -0.347074
v 28.305960 14.556136 456.077606 0.752941 0.752941 0.752941
vn 0.250737 0.901853 -0.351840
v 32.397083 27.096085 452.046722 0.752941 0.752941 0.752941
vn 0.860433 -0.173295 -0.479190
v 26.277637 15.017632 452.132751 0.752941 0.752941 0.752941
vn -0.622083 -0.657755 0.424701
v 24.600395 11.323220 456.354858 0.752941 0.752941 0.752941
vn -0.678735 0.731884 0.060540
v 26.839056 21.622734 451.245697 0.752941 0.752941 0.752941
vn -0.735625 -0.525852 0.427008
v 23.606342 12.257606 456.179169 0.752941 0.752941 0.752941
vn -0.263114 0.935256 -0.236785
v 31.938850 27.983368 455.986420 0.752941 0.752941 0.752941
vn -0.305671 0.940311 -0.149598
v 30.901739 26.666418 451.149780 0.752941 0.752941 0.752941
vn -0.515580 -0.591795 0.619642
v 21.783331 10.212501 451.825317 0.752941 0.752941 0.752941
vn -0.737009 0.664218 -0.125023
v 24.954723 19.992538 456.532990 0.752941 0.752941 0.752941
vn -0.456010 -0.800835 0.388225
v 26.879969 9.595593 456.357513 0.752941 0.752941 0.752941
vn 0.424327 0.793293 -0.436615
v 29.961470 11.705942 452.011078 0.752941 0.752941 0.752941
vn 0.516738 -0.856139 0.002810
v 27.428627 17.029594 452.409088 0.752941 0.752941 0.752941
vn 0.863014 0.440893 -0.246619
v 30.320349 11.393019 452.204193 0.752941 0.752941 0.752941
vn 0.329824 0.820948 -0.466112
v 28.379824 12.172383 452.234528 0.752941 0.752941 0.752941
vn -0.365730 -0.790884 0.490657
v 25.310614 7.985564 452.087982 0.752941 0.752941 0.752941
vn 0.487796 0.774507 -0.402734
v 30.067297 11.842914 452.323730 0.752941 0.752941 0.752941
vn 0.701409 0.635888 -0.321981
v 32.753788 26.871365 452.153717 0.752941 0.752941 0.752941
vn 0.920893 -0.336934 -0.196037
v 31.642763 22.176718 451.865021 0.752941 0.752941 0.752941
vn -0.775815 0.159177 0.610552
v 20.048658 13.894266 451.709869 0.752941 0.752941 0.752941
vn 0.942450 -0.333689 -0.020970
v 32.110138 22.170980 455.689636 0.752941 0.752941 0.752941
vn -0.784328 0.493030 0.376498
v 21.336376 16.566782 451.913330 0.752941 0.752941 0.752941
vn -0.501081 -0.630316 0.592975
v 22.509762 9.982317 452.017090 0.752941 0.752941 0.752941
vn -0.208955 -0.897502 0.388365
v 27.839485 7.035639 451.909027 0.752941 0.752941 0.752941
vn -0.151931 0.959493 -0.237254
v 31.992077 27.030800 451.932892 0.752941 0.752941 0.752941
vn 0.601264 -0.768595 0.218502
v 29.913382 7.128367 451.932220 0.752941 0.752941 0.752941
vn 0.999277 0.013081 -0.035687
v 30.605312 10.235085 452.220367 0.752941 0.752941 0.752941
vn 0.805513 -0.559328 -0.195706
v 27.162397 16.739643 452.284576 0.752941 0.752941 0.752941
vn 0.943022 0.224432 -0.245640
v 32.934746 26.455679 452.078644 0.752941 0.752941 0.752941
vn 0.863263 -0.479931 0.156345
v 30.446812 8.853409 456.096283 0.752941 0.752941 0.752941
vn -0.288060 -0.847207 0.446387
v 26.492636 7.483108 451.978088 0.752941 0.752941 0.752941
vn 0.881063 0.086880 -0.464952
v 26.297579 14.453271 452.248322 0.752941 0.752941 0.752941
vn 0.721019 -0.692085 -0.033930
v 29.812965 18.555214 452.764648 0.752941 0.752941 0.752941
vn 0.875940 -0.464684 -0.129607
v 31.000486 20.351255 452.508484 0.752941 0.752941 0.752941
vn 0.655989 0.648971 -0.385376
v 28.516243 14.371585 456.253754 0.752941 0.752941 0.752941
vn -0.525370 -0.601636 0.601681
v 23.082592 9.283129 452.024628 0.752941 0.752941 0.752941
vn 0.954004 0.115286 0.276741
v 30.168474 12.843481 456.275391 0.752941 0.752941 0.752941
vn -0.440799 -0.693301 0.570114
v 23.932749 8.721887 452.081757 0.752941 0.752941 0.752941
vn -0.702121 0.707116 -0.083740
v 26.255161 21.111357 452.163483 0.752941 0.752941 0.752941
vn 0.379392 -0.918285 0.113199
v 27.851341 17.182991 452.811066 0.752941 0.752941 0.752941
vn 0.623882 -0.781314 -0.017872
v 28.857107 17.685907 452.024536 0.752941 0.752941 0.752941
vn 0.922717 0.034423 0.383938
v 30.460171 11.088085 456.194275 0.752941 0.752941 0.752941
vn -0.056519 0.962449 -0.265513
v 32.358147 27.302168 452.620453 0.752941 0.752941 0.752941
vn 0.820233 0.118402 -0.559642
v 26.477634 14.113666 452.518768 0.752941 0.752941 0.752941
vn -0.331265 -0.824176 0.459346
v 26.292662 8.049687 452.888519 0.752941 0.752941 0.752941
vn 0.964845 -0.119731 -0.233963
v 27.814638 16.236866 456.353363 0.752941 0.752941 0.752941
vn 0.784571 -0.613700 -0.088434
v 30.044168 18.861376 452.517822 0.752941 0.752941 0.752941
vn 0.419651 0.806497 -0.416481
v 29.624371 13.616998 456.198212 0.752941 0.752941 0.752941
vn 0.391535 0.789881 -0.472004
v 27.975189 12.376047 452.262146 0.752941 0.752941 0.752941
vn 0.497917 0.749500 -0.436265
v 28.867224 14.161447 456.242157 0.752941 0.752941 0.752941
vn 0.299152 0.796474 -0.525488
v 28.774576 12.052840 452.243561 0.752941 0.752941 0.752941
vn 0.828923 -0.507277 -0.235704
v 27.117079 16.541540 452.523254 0.752941 0.752941 0.752941
vn 0.881817 -0.279928 -0.379524
v 26.391893 15.451619 452.237000 0.752941 0.752941 0.752941
vn -0.648891 0.751749 0.117533
v 23.835276 19.060671 452.459961 0.752941 0.752941 0.752941
vn -0.528161 -0.651916 0.544106
v 23.069300 9.882158 452.788940 0.752941 0.752941 0.752941
vn -0.642591 0.765702 0.027882
v 26.526165 21.608454 452.678955 0.752941 0.752941 0.752941
vn -0.803447 0.592820 0.055119
v 23.565050 18.353359 456.109100 0.752941 0.752941 0.752941
vn 0.138322 0.869138 -0.474833
v 29.444195 11.868987 452.339600 0.752941 0.752941 0.752941
vn -0.899764 0.382177 0.210633
v 22.756659 17.049271 455.204132 0.752941 0.752941 0.752941
vn 0.804561 0.515612 -0.294663
v 32.927082 26.963259 452.703186 0.752941 0.752941 0.752941
vn 0.880398 -0.330191 -0.340402
v 26.624010 15.659450 452.564941 0.752941 0.752941 0.752941
vn -0.530401 -0.739492 0.414519
v 25.758236 10.227819 456.096741 0.752941 0.752941 0.752941
vn 0.553643 0.662393 -0.504693
v 27.309731 12.857940 452.355316 0.752941 0.752941 0.752941
vn 0.803071 0.350767 -0.481705
v 26.518211 13.786687 452.465759 0.752941 0.752941 0.752941
vn 0.840258 0.086530 -0.535237
v 26.586653 14.298708 452.677826 0.752941 0.752941 0.752941
vn 0.869127 0.442507 -0.220919
v 30.339624 11.662560 452.589844 0.752941 0.752941 0.752941
vn 0.671413 0.497331 -0.549424
v 26.863438 13.651299 452.728973 0.752941 0.752941 0.752941
vn 0.631262 -0.774518 0.040382
v 28.582998 18.019808 456.431732 0.752941 0.752941 0.752941
vn -0.810688 0.575590 0.107155
v 28.428614 23.399881 452.440002 0.752941 0.752941 0.752941
vn -0.550381 -0.623815 0.554920
v 21.943464 10.464092 452.380005 0.752941 0.752941 0.752941
vn 0.123150 -0.924008 0.362000
v 29.251448 7.170485 452.892242 0.752941 0.752941 0.752941
vn -0.626875 -0.319471 0.710610
v 20.944651 12.005427 452.375183 0.752941 0.752941 0.752941
vn 0.675189 -0.684684 0.274459
v 29.926086 7.378572 452.692535 0.752941 0.752941 0.752941
vn 0.486191 0.754093 -0.441545
v 29.276527 13.776621 456.129425 0.752941 0.752941 0.752941
vn 0.945012 -0.295639 -0.139822
v 32.638348 24.828991 452.229462 0.752941 0.752941 0.752941
vn 0.895863 -0.087581 -0.435614
v 26.507341 14.937662 452.611389 0.752941 0.752941 0.752941
vn 0.377111 0.801192 -0.464627
v 28.430527 12.404439 452.709106 0.752941 0.752941 0.752941
vn 0.667270 0.690120 -0.280153
v 30.188786 11.969349 452.988770 0.752941 0.752941 0.752941
vn -0.840015 0.341387 0.421700
v 21.188271 15.611410 452.691528 0.752941 0.752941 0.752941
vn -0.741996 0.655113 -0.142369
v 25.950218 20.934296 452.916931 0.752941 0.752941 0.752941
vn -0.747088 0.634951 0.196716
v 22.543282 17.703241 452.720459 0.752941 0.752941 0.752941
vn -0.472062 0.870371 -0.140041
v 31.003468 27.021694 452.977631 0.752941 0.752941 0.752941
vn -0.691952 0.721775 -0.015610
v 27.362337 22.261063 452.313538 0.752941 0.752941 0.752941
vn -0.391925 -0.750074 0.532713
v 24.691191 8.489883 452.342316 0.752941 0.752941 0.752941
vn 0.839122 -0.482698 -0.250752
v 26.869461 16.070709 452.576935 0.752941 0.752941 0.752941
vn 0.937022 -0.317434 -0.145690
v 32.126217 23.185068 452.601196 0.752941 0.752941 0.752941
vn 0.955252 -0.273293 -0.113161
v 32.898663 25.495201 452.764252 0.752941 0.752941 0.752941
vn 0.462141 0.726563 -0.508460
v 27.747713 12.701341 452.556305 0.752941 0.752941 0.752941
vn 0.843990 -0.486114 -0.226661
v 27.139168 16.493607 452.760468 0.752941 0.752941 0.752941
vn -0.463081 -0.736792 0.492639
v 24.623302 9.248342 453.354614 0.752941 0.752941 0.752941
vn 0.971685 0.106374 -0.210979
v 27.669312 15.766722 455.863129 0.752941 0.752941 0.752941
vn 0.928377 -0.350577 -0.123334
v 27.832893 16.798271 455.830994 0.752941 0.752941 0.752941
vn 0.880960 0.081033 -0.466201
v 26.603031 14.794483 452.865234 0.752941 0.752941 0.752941
vn 0.928822 -0.343886 -0.137959
v 31.856380 22.330137 452.711365 0.752941 0.752941 0.752941
vn 0.868027 0.385405 -0.313036
v 27.962870 14.938249 455.873718 0.752941 0.752941 0.752941
vn 0.322949 0.874093 -0.362857
v 29.858816 12.163253 452.924316 0.752941 0.752941 0.752941
vn 0.564647 0.670718 -0.480948
v 28.599468 14.083797 455.900940 0.752941 0.752941 0.752941
vn -0.750901 0.653063 0.098267
v 27.910940 22.801163 452.294800 0.752941 0.752941 0.752941
vn -0.811931 0.484046 0.326293
v 21.758188 16.579124 452.869995 0.752941 0.752941 0.752941
vn -0.742958 0.669128 0.016754
v 24.509523 19.517620 453.079895 0.752941 0.752941 0.752941
vn -0.636278 -0.471623 0.610509
v 21.626167 11.236694 452.751587 0.752941 0.752941 0.752941
vn 0.473114 0.754326 -0.455143
v 28.031162 12.745745 452.872223 0.752941 0.752941 0.752941
vn 0.971205 0.195853 -0.135656
v 30.477266 11.177292 452.676880 0.752941 0.752941 0.752941
vn -0.762395 0.635930 -0.119775
v 28.394053 23.356001 456.313751 0.752941 0.752941 0.752941
vn -0.306336 -0.849466 0.429612
v 27.287716 7.809097 453.195160 0.752941 0.752941 0.752941
vn 0.905660 -0.397642 -0.147178
v 27.537642 17.039995 453.054749 0.752941 0.752941 0.752941
vn 0.779017 0.256925 -0.571946
v 26.845211 14.071159 452.945862 0.752941 0.752941 0.752941
vn 0.941742 0.253023 -0.221590
v 30.494232 11.417418 453.117645 0.752941 0.752941 0.752941
vn 0.921888 -0.141143 -0.360835
v 26.713871 15.480033 452.895782 0.752941 0.752941 0.752941
vn -0.940829 0.016158 0.338497
v 22.511274 15.543841 455.966766 0.752941 0.752941 0.752941
vn -0.746608 0.599189 0.289048
v 22.188290 17.249409 452.800629 0.752941 0.752941 0.752941
vn -0.526219 -0.688546 0.498996
v 23.546795 9.932152 453.138153 0.752941 0.752941 0.752941
vn -0.708457 -0.121126 0.695282
v 20.024845 12.778918 451.758881 0.752941 0.752941 0.752941
vn -0.628894 -0.549257 0.550280
v 22.171827 11.508128 453.402344 0.752941 0.752941 0.752941
vn -0.237773 0.949267 -0.205805
v 32.006340 27.286106 453.063812 0.752941 0.752941 0.752941
vn 0.488290 0.762033 -0.425299
v 28.028399 12.882916 453.170166 0.752941 0.752941 0.752941
vn -0.731973 -0.480191 0.483355
v 23.258139 12.361709 455.465973 0.752941 0.752941 0.752941
vn 0.755357 -0.646224 -0.108766
v 27.523144 17.062286 452.771057 0.752941 0.752941 0.752941
vn 0.407034 0.863402 -0.298093
v 29.885656 12.278504 453.487823 0.752941 0.752941 0.752941
vn 0.985570 -0.169194 -0.004962
v 30.460794 9.586150 452.673706 0.752941 0.752941 0.752941
vn -0.679937 -0.601958 0.418727
v 24.057161 11.380957 455.779449 0.752941 0.752941 0.752941
vn 0.843097 -0.488683 -0.224447
v 27.046055 16.197931 452.940704 0.752941 0.752941 0.752941
vn 0.694819 0.513354 -0.503682
v 27.278957 13.664486 453.311829 0.752941 0.752941 0.752941
vn 0.226261 0.857022 -0.462947
v 29.150927 12.267151 452.894623 0.752941 0.752941 0.752941
vn 0.941089 -0.315250 -0.122350
v 32.497822 24.172697 452.823792 0.752941 0.752941 0.752941
vn 0.460701 0.828600 -0.318084
v 32.569405 27.323532 452.800079 0.752941 0.752941 0.752941
vn -0.171101 -0.910337 0.376842
v 28.960817 7.232239 452.969208 0.752941 0.752941 0.752941
vn -0.704551 0.707081 0.060365
v 27.504890 22.071487 453.848572 0.752941 0.752941 0.752941
vn -0.663881 0.747720 -0.013264
v 25.289385 20.154839 452.550262 0.752941 0.752941 0.752941
vn -0.612652 -0.486092 0.623195
v 22.535149 10.595763 452.954285 0.752941 0.752941 0.752941
vn -0.601767 -0.519388 0.606722
v 22.501812 11.004422 453.183197 0.752941 0.752941 0.752941
vn -0.797958 0.602318 0.021803
v 28.158806 22.888096 453.381134 0.752941 0.752941 0.752941
vn 0.227912 0.938774 -0.258378
v 32.820843 28.124037 455.745178 0.752941 0.752941 0.752941
vn 0.927382 -0.189862 -0.322358
v 26.984840 15.720381 453.558380 0.752941 0.752941 0.752941
vn -0.781698 0.621469 -0.052199
v 28.706154 23.644182 455.647766 0.752941 0.752941 0.752941
vn 0.626247 0.601643 -0.495822
v 27.310293 13.269174 452.851196 0.752941 0.752941 0.752941
vn 0.813589 -0.576830 -0.073085
v 30.426945 19.301332 453.019348 0.752941 0.752941 0.752941
vn 0.961607 -0.274425 0.001739
v 32.692898 24.069359 456.205139 0.752941 0.752941 0.752941
vn 0.927359 -0.352264 -0.126155
v 31.699497 21.799210 453.207489 0.752941 0.752941 0.752941
vn -0.864428 0.495638 0.084307
v 29.341715 24.913391 452.648499 0.752941 0.752941 0.752941
vn 0.851429 -0.481619 -0.207632
v 27.238956 16.437325 453.171295 0.752941 0.752941 0.752941
vn 0.636429 0.710299 -0.300721
v 29.948853 13.519271 456.289368 0.752941 0.752941 0.752941
vn 0.576102 0.669200 -0.469338
v 27.676897 13.172995 453.185364 0.752941 0.752941 0.752941
vn 0.824898 0.551693 -0.123198
v 30.132019 13.206663 456.108948 0.752941 0.752941 0.752941
vn 0.879082 -0.394458 -0.267616
v 26.845945 15.846296 453.060638 0.752941 0.752941 0.752941
vn -0.869646 0.239458 0.431713
v 21.405439 15.126102 453.392456 0.752941 0.752941 0.752941
vn 0.650789 -0.724618 0.226722
v 29.966007 7.550655 452.976746 0.752941 0.752941 0.752941
vn -0.711153 0.702108 -0.036144
v 24.552217 19.796391 453.907684 0.752941 0.752941 0.752941
vn -0.822059 0.052109 0.567013
v 20.806314 13.860294 452.819580 0.752941 0.752941 0.752941
vn -0.725533 -0.325024 0.606599
v 21.366451 12.224220 452.972778 0.752941 0.752941 0.752941
vn 0.485609 0.755761 -0.439328
v 29.025169 13.750804 455.806213 0.752941 0.752941 0.752941
vn -0.786019 0.617597 0.027357
v 30.042236 26.103273 452.666870 0.752941 0.752941 0.752941
vn 0.340974 0.864655 -0.368930
v 29.322861 12.656102 453.655914 0.752941 0.752941 0.752941
vn 0.848899 -0.521960 -0.083237
v 30.878942 19.925022 453.454468 0.752941 0.752941 0.752941
vn 0.898513 0.060087 -0.434815
v 26.844864 14.868266 453.316071 0.752941 0.752941 0.752941
vn 0.879456 -0.439013 -0.183913
v 27.551054 16.924267 453.285309 0.752941 0.752941 0.752941
vn 0.935422 -0.331089 -0.123962
v 32.081223 22.709126 453.393036 0.752941 0.752941 0.752941
vn 0.851958 -0.521149 0.050714
v 31.323915 20.555309 456.763794 0.752941 0.752941 0.752941
vn 0.104364 0.962531 -0.250284
v 32.646976 27.512537 453.488678 0.752941 0.752941 0.752941
vn 0.823711 0.335556 -0.457059
v 27.232635 14.204428 453.679443 0.752941 0.752941 0.752941
vn 0.945055 -0.325922 0.025421
v 30.151621 7.952904 453.115173 0.752941 0.752941 0.752941
vn 0.531854 0.769853 -0.352785
v 30.322216 12.178323 453.598755 0.752941 0.752941 0.752941
vn 0.876566 -0.479012 -0.046686
v 28.183502 17.403366 455.632477 0.752941 0.752941 0.752941
vn 0.869841 -0.445403 -0.212114
v 27.105751 16.129759 453.393005 0.752941 0.752941 0.752941
vn 0.945763 -0.311911 -0.090801
v 32.580441 24.136240 453.760345 0.752941 0.752941 0.752941
vn 0.918362 -0.375604 -0.124632
v 31.394363 20.970057 453.142578 0.752941 0.752941 0.752941
vn 0.630123 0.637708 -0.443028
v 27.744217 13.393225 453.550354 0.752941 0.752941 0.752941
vn 0.976205 0.090284 -0.197161
v 33.175762 26.637405 453.222565 0.752941 0.752941 0.752941
vn -0.827613 0.464962 0.314431
v 22.011431 16.581533 453.548737 0.752941 0.752941 0.752941
vn -0.652608 0.754919 0.064804
v 26.066975 21.175556 453.489441 0.752941 0.752941 0.752941
vn 0.723697 -0.678337 0.126970
v 30.008039 7.692482 453.432617 0.752941 0.752941 0.752941
vn -0.634578 -0.553814 0.539074
v 22.874594 10.819877 453.549469 0.752941 0.752941 0.752941
vn 0.385458 -0.910415 0.150224
v 28.390415 17.605526 453.937683 0.752941 0.752941 0.752941
vn -0.767974 0.639279 -0.039222
v 30.507151 26.679672 453.530426 0.752941 0.752941 0.752941
vn 0.949869 -0.296512 -0.099143
v 32.331676 23.371244 453.702606 0.752941 0.752941 0.752941
vn 0.668246 -0.743371 -0.029103
v 27.837284 17.281916 453.579895 0.752941 0.752941 0.752941
vn -0.392470 -0.795583 0.461536
v 26.023514 8.634256 453.706421 0.752941 0.752941 0.752941
vn -0.553640 -0.674465 0.488446
v 25.155071 10.142949 455.287170 0.752941 0.752941 0.752941
vn -0.850784 0.522138 0.059478
v 28.938982 24.090704 453.328186 0.752941 0.752941 0.752941
vn 0.877850 -0.442913 -0.182232
v 27.274544 16.325006 453.767548 0.752941 0.752941 0.752941
vn 0.850458 -0.503832 -0.151242
v 27.311766 16.479305 453.435425 0.752941 0.752941 0.752941
vn 0.971026 -0.238963 -0.002152
v 30.286678 8.383688 453.717102 0.752941 0.752941 0.752941
vn 0.931884 0.137598 0.335646
v 30.624142 11.938068 455.702728 0.752941 0.752941 0.752941
vn 0.586924 0.744106 -0.319102
v 30.311440 12.392014 454.085907 0.752941 0.752941 0.752941
vn 0.881848 0.189110 -0.431950
v 27.179068 14.709631 453.911560 0.752941 0.752941 0.752941
vn -0.645006 -0.619199 0.447839
v 22.734184 11.333253 453.820404 0.752941 0.752941 0.752941
vn 0.567086 -0.819697 0.080690
v 29.590685 18.375887 454.681427 0.752941 0.752941 0.752941
vn -0.613718 -0.601665 0.511223
v 23.019838 11.155304 454.066040 0.752941 0.752941 0.752941
vn -0.649973 0.759938 -0.005430
v 25.002651 20.120195 453.725311 0.752941 0.752941 0.752941
vn -0.853556 0.519007 0.045550
v 29.888708 25.768879 453.490936 0.752941 0.752941 0.752941
vn 0.195113 0.952884 -0.232258
v 32.684879 27.612188 453.887543 0.752941 0.752941 0.752941
vn 0.318757 0.830512 -0.456775
v 28.823355 12.631561 453.432495 0.752941 0.752941 0.752941
vn 0.522980 0.736503 -0.429017
v 28.069754 13.128056 453.576599 0.752941 0.752941 0.752941
vn 0.607788 0.677139 -0.414822
v 27.908484 13.355073 453.792847 0.752941 0.752941 0.752941
vn 0.954401 -0.285221 -0.088133
v 32.862137 25.032444 453.659668 0.752941 0.752941 0.752941
vn -0.337252 -0.842567 0.419932
v 26.992119 8.415030 454.118256 0.752941 0.752941 0.752941
vn 0.404478 0.850457 -0.336334
v 29.443390 12.741841 454.175079 0.752941 0.752941 0.752941
vn 0.913167 -0.405184 0.044182
v 30.198994 7.992101 453.785248 0.752941 0.752941 0.752941
vn 0.993763 -0.006750 -0.111310
v 33.311787 26.720648 454.142883 0.752941 0.752941 0.752941
vn 0.902945 0.367161 -0.223346
v 33.150837 27.090126 453.638733 0.752941 0.752941 0.752941
vn -0.482658 -0.726560 0.489032
v 24.187798 9.617353 453.560852 0.752941 0.752941 0.752941
vn -0.827306 -0.202007 0.524174
v 21.972065 13.648873 454.439484 0.752941 0.752941 0.752941
vn 0.819191 0.486583 -0.303585
v 30.512339 11.967985 453.635071 0.752941 0.752941 0.752941
vn 0.912093 0.042172 -0.407810
v 27.031105 15.178551 453.777313 0.752941 0.752941 0.752941
vn 0.973888 -0.199927 -0.107572
v 33.160782 26.179672 453.444702 0.752941 0.752941 0.752941
vn 0.736540 0.500146 -0.455370
v 27.499441 13.944230 453.899475 0.752941 0.752941 0.752941
vn 0.396808 0.806405 -0.438467
v 28.529558 13.045524 454.017883 0.752941 0.752941 0.752941
vn -0.424878 -0.791825 0.438739
v 26.425301 8.978955 454.649170 0.752941 0.752941 0.752941
vn 0.998837 -0.036418 -0.031593
v 30.694260 10.920368 454.312012 0.752941 0.752941 0.752941
vn -0.798225 0.602172 0.015014
v 28.570757 23.508799 454.160370 0.752941 0.752941 0.752941
vn 0.954462 0.245492 -0.169518
v 30.702938 11.733136 453.937836 0.752941 0.752941 0.752941
vn 0.921239 -0.364840 -0.134949
v 31.771719 21.664879 453.985016 0.752941 0.752941 0.752941
vn 0.957296 -0.287415 -0.031267
v 32.286324 22.822401 455.451813 0.752941 0.752941 0.752941
vn -0.876526 0.302456 0.374463
v 21.963713 16.177231 454.011353 0.752941 0.752941 0.752941
vn 0.929898 0.230101 -0.286957
v 27.734985 15.315764 455.458069 0.752941 0.752941 0.752941
vn -0.524882 -0.601873 0.601870
v 23.725866 10.350829 454.043762 0.752941 0.752941 0.752941
vn 0.996512 -0.014492 -0.082186
v 30.587299 10.552005 453.369476 0.752941 0.752941 0.752941
vn 0.979964 -0.194408 -0.043322
v 30.357952 8.901746 453.089386 0.752941 0.752941 0.752941
vn 0.529100 0.724488 -0.441781
v 28.124844 13.269289 453.881348 0.752941 0.752941 0.752941
vn 0.693179 0.605431 -0.391095
v 28.335966 14.098882 455.608337 0.752941 0.752941 0.752941
vn 0.432494 0.807764 -0.400582
v 29.260572 13.439527 455.456482 0.752941 0.752941 0.752941
vn 0.932078 -0.033457 -0.360708
v 27.127691 15.583555 454.026581 0.752941 0.752941 0.752941
vn 0.923096 -0.291374 -0.250988
v 27.211283 16.008295 453.978027 0.752941 0.752941 0.752941
vn 0.735916 -0.676703 -0.022374
v 28.075153 17.528799 454.174805 0.752941 0.752941 0.752941
vn -0.688507 -0.545657 0.477720
v 22.203583 11.726055 453.736328 0.752941 0.752941 0.752941
vn -0.490844 -0.671321 0.555338
v 24.411482 9.939459 454.053101 0.752941 0.752941 0.752941
vn -0.495293 -0.737097 0.459753
v 25.339436 9.548889 454.614807 0.752941 0.752941 0.752941
vn -0.882287 0.091936 0.461647
v 21.869574 14.484922 454.344574 0.752941 0.752941 0.752941
vn -0.651553 -0.633171 0.417820
v 24.207815 10.955379 455.203491 0.752941 0.752941 0.752941
vn -0.197128 0.953209 -0.229200
v 31.984308 27.618490 454.467957 0.752941 0.752941 0.752941
vn -0.623380 0.779877 0.056470
v 26.161043 20.859169 454.700470 0.752941 0.752941 0.752941
vn 0.276184 -0.906595 0.319073
v 29.590816 7.619802 454.063354 0.752941 0.752941 0.752941
vn 0.736101 -0.676759 -0.012377
v 28.146080 17.599834 454.554321 0.752941 0.752941 0.752941
vn 0.951802 -0.295570 -0.081920
v 32.421391 23.502054 454.440430 0.752941 0.752941 0.752941
vn -0.769550 0.636150 -0.055736
v 27.980177 22.807617 454.426483 0.752941 0.752941 0.752941
vn 0.983156 -0.180062 -0.031344
v 30.624296 9.677800 455.414917 0.752941 0.752941 0.752941
vn 0.888810 -0.451808 -0.076719
v 31.385246 20.735201 453.900513 0.752941 0.752941 0.752941
vn 0.511129 0.716480 -0.474767
v 28.343248 13.367117 454.334595 0.752941 0.752941 0.752941
vn 0.313372 0.865118 -0.391624
v 28.992241 12.988441 454.083710 0.752941 0.752941 0.752941
vn 0.968669 -0.244059 -0.046006
v 33.122242 25.681559 454.806702 0.752941 0.752941 0.752941
vn -0.857347 0.514739 0.000714
v 30.114166 26.104101 454.317200 0.752941 0.752941 0.752941
vn 0.990491 -0.128334 -0.049579
v 30.569897 9.842158 453.701202 0.752941 0.752941 0.752941
vn 0.622731 0.731622 -0.277371
v 32.993755 27.423347 453.901550 0.752941 0.752941 0.752941
vn 0.688497 -0.725090 0.014743
v 29.899761 18.604408 454.341370 0.752941 0.752941 0.752941
vn -0.695991 0.705731 0.132438
v 23.161280 18.314411 452.846558 0.752941 0.752941 0.752941
vn 0.982939 -0.179047 -0.042115
v 30.504564 9.413850 454.580505 0.752941 0.752941 0.752941
vn 0.701924 0.672614 -0.234293
v 33.210827 27.689487 455.123260 0.752941 0.752941 0.752941
vn 0.819427 -0.572312 -0.031607
v 30.653736 19.505779 454.187927 0.752941 0.752941 0.752941
vn 0.916199 -0.400521 0.012767
v 30.417349 8.795845 455.721741 0.752941 0.752941 0.752941
vn 0.825926 0.524018 -0.207969
v 30.512882 12.387615 454.565430 0.752941 0.752941 0.752941
vn 0.979251 0.177985 0.096897
v 30.658285 12.112563 455.330841 0.752941 0.752941 0.752941
vn 0.921647 -0.378341 -0.086171
v 31.878340 21.717634 454.481140 0.752941 0.752941 0.752941
vn 0.842565 -0.520542 -0.138279
v 27.731960 16.953487 454.133850 0.752941 0.752941 0.752941
vn 0.717508 -0.696397 -0.014639
v 28.322859 17.779442 455.266205 0.752941 0.752941 0.752941
vn 0.920217 0.132225 -0.368398
v 27.334253 15.312384 454.505035 0.752941 0.752941 0.752941
vn -0.766792 0.641788 0.011756
v 28.393578 23.251402 454.626221 0.752941 0.752941 0.752941
vn 0.888040 -0.448778 -0.099921
v 28.136631 17.356878 454.966522 0.752941 0.752941 0.752941
vn 0.774413 -0.632031 -0.028645
v 30.397482 19.166576 454.173157 0.752941 0.752941 0.752941
vn -0.283676 -0.858456 0.427295
v 28.023684 8.015573 454.131927 0.752941 0.752941 0.752941
vn -0.249357 -0.883679 0.396147
v 28.524881 8.531356 455.454132 0.752941 0.752941 0.752941
vn 0.852116 -0.521191 -0.047523
v 31.055664 20.113602 454.326080 0.752941 0.752941 0.752941
vn 0.946819 -0.306150 -0.099026
v 32.138641 22.567503 454.245880 0.752941 0.752941 0.752941
vn 0.413683 0.833278 -0.366761
v 29.681356 13.253359 455.494263 0.752941 0.752941 0.752941
vn 0.996645 -0.036810 0.073103
v 30.690830 10.284994 455.416687 0.752941 0.752941 0.752941
vn 0.993021 -0.110622 -0.040888
v 33.410473 26.854259 455.508789 0.752941 0.752941 0.752941
vn 0.887446 -0.460709 -0.013652
v 31.480707 20.767498 455.368378 0.752941 0.752941 0.752941
vn 0.573575 0.789185 -0.219542
v 30.060825 13.121872 455.596680 0.752941 0.752941 0.752941
vn -0.561289 -0.597302 0.572873
v 23.693239 10.955560 454.415833 0.752941 0.752941 0.752941
vn 0.761313 0.563484 -0.320763
v 28.185045 14.202693 455.402679 0.752941 0.752941 0.752941
vn -0.850555 0.460865 0.253297
v 22.519676 17.011658 454.376892 0.752941 0.752941 0.752941
vn 0.701277 -0.712822 0.009708
v 28.439110 17.889576 455.797241 0.752941 0.752941 0.752941
vn 0.568134 -0.822493 0.026987
v 28.337641 17.804020 454.909943 0.752941 0.752941 0.752941
vn 0.927549 -0.371824 0.037419
v 30.307680 8.493978 454.872620 0.752941 0.752941 0.752941
vn -0.758214 0.649286 -0.059497
v 30.592867 26.863611 454.413544 0.752941 0.752941 0.752941
vn 0.615763 0.636138 -0.464935
v 28.007540 13.727713 454.449707 0.752941 0.752941 0.752941
vn 0.958964 0.088934 -0.269221
v 27.608837 15.783298 455.390167 0.752941 0.752941 0.752941
vn 0.912098 0.169043 -0.373499
v 27.491817 15.359146 454.895782 0.752941 0.752941 0.752941
vn 0.912163 -0.402280 -0.078291
v 31.600206 21.163223 454.428925 0.752941 0.752941 0.752941
vn 0.948594 -0.092935 -0.302544
v 27.288168 15.770301 454.461121 0.752941 0.752941 0.752941
vn -0.809512 -0.328937 0.486304
v 22.749907 13.283500 455.695129 0.752941 0.752941 0.752941
vn 0.952445 -0.296933 -0.068410
v 32.783844 24.555429 454.491608 0.752941 0.752941 0.752941
vn 0.758490 0.505803 -0.410921
v 27.801548 14.354114 454.835815 0.752941 0.752941 0.752941
vn 0.719698 -0.655274 0.229455
v 30.125341 8.057598 454.490265 0.752941 0.752941 0.752941
vn -0.702921 -0.453911 0.547601
v 22.551714 11.883866 454.282715 0.752941 0.752941 0.752941
vn -0.756404 0.641521 0.127683
v 24.314608 19.390133 454.942841 0.752941 0.752941 0.752941
vn -0.878447 0.476918 0.029671
v 29.535137 25.011923 454.498657 0.752941 0.752941 0.752941
vn 0.163891 0.949459 -0.267706
v 32.785175 27.705236 454.410797 0.752941 0.752941 0.752941
vn 0.953528 -0.297437 -0.048121
v 32.645546 23.978458 455.180115 0.752941 0.752941 0.752941
vn 0.934061 -0.247003 -0.257913
v 27.409883 16.163054 454.599030 0.752941 0.752941 0.752941
vn 0.898270 -0.407365 -0.164816
v 27.520624 16.487364 454.519592 0.752941 0.752941 0.752941
vn 0.305995 -0.946507 0.102428
v 28.580936 17.841858 455.101868 0.752941 0.752941 0.752941
vn 0.547540 0.722425 -0.422259
v 28.557293 13.547047 454.790466 0.752941 0.752941 0.752941
vn 0.989377 0.144078 -0.019335
v 30.681622 11.877192 454.510590 0.752941 0.752941 0.752941
vn 0.555982 0.784687 -0.274136
v 30.202200 12.823493 454.924774 0.752941 0.752941 0.752941
vn 0.997796 0.046094 0.047738
v 30.742327 10.756152 455.106934 0.752941 0.752941 0.752941
vn -0.839151 0.543161 0.028306
v 29.102306 24.219585 454.501556 0.752941 0.752941 0.752941
vn 0.912526 -0.369296 -0.175831
v 27.674931 16.703262 454.967255 0.752941 0.752941 0.752941
vn 0.951631 -0.035837 -0.305146
v 27.387754 15.685018 454.775208 0.752941 0.752941 0.752941
vn -0.905213 0.286336 0.314008
v 22.338018 16.420855 454.628845 0.752941 0.752941 0.752941
vn 0.958993 -0.198371 -0.202438
v 27.695272 16.332474 455.599884 0.752941 0.752941 0.752941
vn 0.095731 -0.917849 0.385213
v 29.383245 7.898113 454.744659 0.752941 0.752941 0.752941
vn -0.609193 -0.651291 0.452442
v 24.453718 10.253487 454.717346 0.752941 0.752941 0.752941
vn 0.655961 0.668614 -0.350244
v 28.309340 13.969615 455.194824 0.752941 0.752941 0.752941
vn 0.242043 0.925056 -0.292722
v 32.842411 27.820446 454.767365 0.752941 0.752941 0.752941
vn 0.954826 -0.289920 -0.065220
v 32.333290 23.035387 454.873657 0.752941 0.752941 0.752941
vn 0.517205 0.763287 -0.387160
v 28.725050 13.585058 455.145782 0.752941 0.752941 0.752941
vn -0.820924 0.571036 0.001470
v 28.877514 23.868467 455.071533 0.752941 0.752941 0.752941
vn 0.798979 -0.600698 0.028195
v 30.700689 19.550583 455.559052 0.752941 0.752941 0.752941
vn 0.425181 0.811709 -0.400437
v 28.861708 13.223454 454.575043 0.752941 0.752941 0.752941
vn 0.953242 -0.224525 -0.202281
v 27.500414 16.036520 454.963806 0.752941 0.752941 0.752941
vn 0.961533 -0.274330 -0.014021
v 32.901875 24.792965 455.417084 0.752941 0.752941 0.752941
vn 0.989483 0.034356 0.140507
v 30.628613 11.202252 455.468842 0.752941 0.752941 0.752941
vn 0.847047 -0.530829 -0.027052
v 31.140932 20.220699 454.806305 0.752941 0.752941 0.752941
vn 0.938866 0.297387 -0.173472
v 33.292622 27.290098 454.605042 0.752941 0.752941 0.752941
vn 0.875708 0.475871 -0.081743
v 30.558416 12.489589 455.038055 0.752941 0.752941 0.752941
vn -0.683652 0.718207 -0.129609
v 26.944778 21.970430 455.812805 0.752941 0.752941 0.752941
vn -0.692557 0.717272 -0.076718
v 26.972256 21.545588 454.425018 0.752941 0.752941 0.752941
vn 0.914461 -0.404426 -0.014179
v 31.771893 21.395073 455.742126 0.752941 0.752941 0.752941
vn 0.939098 -0.339392 -0.053925
v 32.047516 22.121187 455.030304 0.752941 0.752941 0.752941
vn 0.865315 -0.488417 -0.112603
v 27.799370 16.858734 455.114746 0.752941 0.752941 0.752941
vn -0.620637 -0.647538 0.442159
v 23.803665 11.261936 454.876129 0.752941 0.752941 0.752941
vn 0.556429 0.743249 -0.371439
v 28.597036 13.821525 455.402527 0.752941 0.752941 0.752941
vn 0.774162 0.479375 -0.413368
v 28.058468 14.444289 455.454437 0.752941 0.752941 0.752941
vn 0.962743 -0.088782 -0.255428
v 27.504417 15.978059 455.143921 0.752941 0.752941 0.752941
vn 0.857218 0.316587 -0.406141
v 27.558256 14.628590 454.644012 0.752941 0.752941 0.752941
vn 0.877503 0.477133 0.048295
v 30.274229 12.910214 455.716888 0.752941 0.752941 0.752941
vn -0.114475 -0.887601 0.446162
v 29.431711 8.191893 455.328979 0.752941 0.752941 0.752941
vn 0.089966 0.954489 -0.284355
v 32.809361 27.994049 455.364624 0.752941 0.752941 0.752941
vn 0.986039 0.143427 -0.084591
v 33.471943 27.455050 456.142242 0.752941 0.752941 0.752941
vn -0.676166 0.736163 0.029382
v 25.457413 20.277884 455.426605 0.752941 0.752941 0.752941
vn -0.311286 -0.875994 0.368423
v 28.156290 8.782237 455.950745 0.752941 0.752941 0.752941
vn 0.460167 -0.841342 0.283530
v 30.143400 8.365188 455.494446 0.752941 0.752941 0.752941
vn 0.694103 -0.698832 0.172787
v 30.202999 8.353439 455.058319 0.752941 0.752941 0.752941
vn -0.805888 0.580764 0.115143
v 23.190062 18.000217 454.745148 0.752941 0.752941 0.752941
vn -0.623928 -0.621906 0.473230
v 23.506788 11.677355 455.220795 0.752941 0.752941 0.752941
vn 0.742115 -0.669256 0.036899
v 30.412683 19.168501 455.218445 0.752941 0.752941 0.752941
# 3797 vertices, 0 vertices normals


usemtl material_0
vt 0.803802 0.098636
vt 0.804244 0.102487
vt 0.801184 0.103076
f 8/1/8 1/2/1 11/3/11
vt 0.802917 0.106407
f 11/3/11 1/2/1 3/4/3
vt 0.805156 0.100043
f 8/1/8 2/5/2 1/2/1
vt 0.617192 0.504777
vt 0.613080 0.505223
vt 0.612496 0.497672
f 3/6/3 1/7/1 27/8/27
vt 0.800719 0.106513
f 3/4/3 17/9/17 11/3/11
vt 0.623042 0.505731
vt 0.621248 0.503449
f 17/10/17 3/6/3 6/11/6
vt 0.071684 0.105099
vt 0.073448 0.101510
vt 0.081142 0.102387
f 1/12/1 2/13/2 7/14/7
f 6/11/6 3/6/3 27/8/27
vt 0.977634 0.784470
vt 0.977775 0.793204
vt 0.975628 0.788629
f 11/15/11 17/16/17 5/17/5
vt 0.072206 0.100187
vt 0.074945 0.099431
f 2/13/2 8/18/8 10/19/10
vt 0.080843 0.105190
f 12/20/12 1/12/1 7/14/7
vt 0.607930 0.498106
f 12/21/12 27/8/27 1/7/1
vt 0.461574 0.431584
vt 0.460130 0.425568
vt 0.468885 0.434761
f 4/22/4 19/23/19 29/24/29
vt 0.977401 0.779939
vt 0.968241 0.780872
f 8/25/8 11/15/11 40/26/40
vt 0.079589 0.099697
f 21/27/21 2/13/2 10/19/10
f 7/14/7 2/13/2 21/27/21
vt 0.969484 0.787439
f 11/15/11 5/17/5 46/28/46
vt 0.623267 0.498257
f 27/8/27 15/29/15 6/11/6
vt 0.630983 0.499789
f 17/10/17 6/11/6 20/30/20
vt 0.491808 0.042570
vt 0.491575 0.041114
vt 0.496043 0.041594
f 8/31/8 24/32/24 10/33/10
vt 0.108972 0.978234
vt 0.113217 0.975694
vt 0.117020 0.980172
f 16/34/16 14/35/14 31/36/31
vt 0.453762 0.412205
vt 0.459211 0.408156
vt 0.455156 0.418706
f 13/37/13 115/38/115 16/39/16
vt 0.112428 0.980530
f 31/36/31 13/40/13 16/34/16
vt 0.970270 0.794102
f 5/17/5 17/16/17 47/41/47
vt 0.973336 0.777791
f 24/42/24 8/25/8 40/26/40
f 46/28/46 5/17/5 47/41/47
vt 0.103089 0.976500
f 19/43/19 14/35/14 16/34/16
vt 0.089342 0.972243
vt 0.086721 0.969713
vt 0.099351 0.972302
f 29/44/29 9/45/9 4/46/4
vt 0.471271 0.426732
f 19/23/19 115/38/115 97/47/97
f 15/29/15 20/30/20 6/11/6
vt 0.617615 0.495652
f 15/29/15 27/8/27 18/48/18
vt 0.476723 0.438848
vt 0.470317 0.439078
f 30/49/30 9/50/9 29/24/29
f 14/35/14 19/43/19 4/46/4
vt 0.630854 0.503956
f 20/30/20 28/51/28 17/10/17
vt 0.606318 0.491468
f 22/52/22 27/8/27 12/21/12
vt 0.088213 0.102814
vt 0.085393 0.105634
f 23/53/23 22/54/22 12/20/12
f 23/53/23 12/20/12 7/14/7
vt 0.087170 0.099571
f 26/55/26 7/14/7 21/27/21
f 97/47/97 29/24/29 19/23/19
f 23/53/23 7/14/7 26/55/26
f 40/26/40 11/15/11 46/28/46
f 16/39/16 115/38/115 19/23/19
vt 0.083919 0.097817
f 26/55/26 21/27/21 55/56/55
vt 0.971411 0.799953
vt 0.975773 0.800890
f 25/57/25 17/16/17 28/58/28
vt 0.609843 0.488988
f 22/52/22 36/59/36 27/8/27
f 25/57/25 47/41/47 17/16/17
vt 0.474737 0.442062
f 9/50/9 30/49/30 33/60/33
vt 0.616545 0.486724
f 18/48/18 27/8/27 35/61/35
vt 0.635757 0.500863
f 37/62/37 28/51/28 20/30/20
vt 0.499611 0.040566
vt 0.498891 0.042650
f 10/33/10 55/63/55 21/64/21
vt 0.602131 0.489402
vt 0.602860 0.492936
f 39/65/39 22/52/22 23/66/23
vt 0.089778 0.962233
f 126/67/126 4/46/4 9/45/9
vt 0.083203 0.965085
f 126/67/126 9/45/9 70/68/70
vt 0.973593 0.804587
vt 0.976033 0.803756
f 38/69/38 28/58/28 37/70/37
vt 0.622905 0.489955
f 18/48/18 58/71/58 15/29/15
vt 0.079892 0.967880
f 33/72/33 70/68/70 9/45/9
vt 0.450447 0.403437
f 13/37/13 42/73/42 115/38/115
vt 0.451264 0.410061
f 31/74/31 42/73/42 13/37/13
f 35/61/35 27/8/27 36/59/36
vt 0.509494 0.121285
vt 0.508183 0.122315
vt 0.508570 0.121184
f 26/75/26 55/76/55 56/77/56
vt 0.107670 0.970721
f 68/78/68 14/35/14 4/46/4
f 28/58/28 38/69/38 25/57/25
vt 0.092477 0.098187
f 45/79/45 23/53/23 26/55/26
f 18/48/18 35/61/35 58/71/58
vt 0.097140 0.101629
vt 0.091794 0.103862
f 43/80/43 39/81/39 45/79/45
f 23/53/23 45/79/45 39/81/39
vt 0.094560 0.105165
f 43/80/43 50/82/50 39/81/39
vt 0.135756 0.985887
vt 0.138745 0.990321
vt 0.131804 0.986396
f 59/83/59 62/84/62 41/85/41
vt 0.822457 0.755635
vt 0.814718 0.749964
vt 0.818158 0.751414
f 24/86/24 55/87/55 10/88/10
vt 0.127020 0.982251
f 41/85/41 32/89/32 59/83/59
vt 0.447366 0.399992
vt 0.446230 0.394479
f 42/73/42 32/90/32 41/91/41
vt 0.482489 0.446091
f 81/92/81 33/60/33 30/49/30
vt 0.124626 0.977310
f 31/36/31 34/93/34 32/89/32
vt 0.636974 0.496297
f 48/94/48 37/62/37 20/30/20
vt 0.631552 0.488986
f 20/30/20 15/29/15 49/95/49
f 49/95/49 48/94/48 20/30/20
vt 0.482301 0.431346
f 186/96/186 30/49/30 29/24/29
vt 0.450246 0.392425
f 115/38/115 42/73/42 44/97/44
vt 0.602855 0.481792
f 51/98/51 22/52/22 39/65/39
vt 0.599493 0.484909
f 51/98/51 39/65/39 50/99/50
vt 0.121482 0.982762
f 31/36/31 32/89/32 42/100/42
vt 0.640717 0.497845
f 52/101/52 37/62/37 48/94/48
vt 0.976272 0.806891
vt 0.972716 0.809704
f 37/102/37 57/103/57 38/69/38
f 15/29/15 58/71/58 49/95/49
vt 0.576302 0.051829
vt 0.573864 0.050494
vt 0.575809 0.050317
f 26/104/26 56/105/56 45/106/45
vt 0.609923 0.482675
f 36/59/36 85/107/85 35/61/35
f 51/98/51 36/59/36 22/52/22
vt 0.815761 0.760321
f 55/87/55 24/86/24 86/108/86
vt 0.822550 0.760848
f 40/109/40 86/108/86 24/86/24
vt 0.975127 0.809346
f 52/110/52 57/103/57 37/102/37
vt 0.096007 0.098107
f 43/80/43 45/79/45 72/111/72
f 36/59/36 51/98/51 85/107/85
vt 0.641882 0.494763
f 60/112/60 52/101/52 48/94/48
vt 0.192204 0.639241
vt 0.190984 0.634474
vt 0.196071 0.638107
f 31/113/31 14/114/14 65/115/65
vt 0.204582 0.632324
f 14/114/14 181/116/181 65/115/65
vt 0.614643 0.479986
f 105/117/105 35/61/35 85/107/85
vt 0.442685 0.380987
f 44/97/44 41/91/41 62/118/62
vt 0.597616 0.484858
vt 0.595194 0.481187
f 50/99/50 43/119/43 53/120/53
vt 0.187692 0.626064
f 68/121/68 181/116/181 14/114/14
vt 0.961257 0.785731
f 40/26/40 46/28/46 54/122/54
vt 0.963611 0.782799
f 61/123/61 40/26/40 54/122/54
vt 0.488473 0.445022
f 30/49/30 79/124/79 81/92/81
f 29/24/29 97/47/97 186/96/186
vt 0.625855 0.483246
f 35/61/35 83/125/83 58/71/58
vt 0.120592 0.975908
f 34/93/34 31/36/31 65/126/65
vt 0.636932 0.489295
f 49/95/49 76/127/76 48/94/48
f 53/120/53 51/98/51 50/99/50
vt 0.965067 0.805275
f 25/57/25 38/69/38 110/128/110
vt 0.102614 0.104283
vt 0.107664 0.099033
f 53/129/53 43/80/43 69/130/69
vt 0.644237 0.497831
vt 0.644799 0.495295
f 63/131/63 52/101/52 64/132/64
f 52/101/52 60/112/60 64/132/64
vt 0.099776 0.097842
f 72/133/72 69/130/69 43/80/43
vt 0.807131 0.743577
vt 0.805292 0.747329
vt 0.804690 0.740753
f 45/134/45 80/135/80 72/136/72
f 44/97/44 42/73/42 41/91/41
vt 0.640681 0.501737
f 63/131/63 57/137/57 52/101/52
vt 0.596550 0.474578
f 53/120/53 67/138/67 51/98/51
vt 0.643216 0.501009
vt 0.645005 0.500085
f 84/139/84 57/137/57 66/140/66
vt 0.148148 0.988956
vt 0.146779 0.991785
f 149/141/149 74/142/74 62/84/62
vt 0.141491 0.986233
f 149/141/149 62/84/62 109/143/109
f 62/84/62 59/83/59 109/143/109
vt 0.139141 0.984904
f 109/143/109 59/83/59 133/144/133
vt 0.812269 0.747315
f 80/135/80 56/145/56 55/87/55
vt 0.809128 0.744286
f 45/146/45 56/145/56 80/135/80
vt 0.810965 0.754492
f 86/147/86 80/135/80 55/87/55
vt 0.819009 0.765824
f 86/108/86 40/109/40 61/148/61
vt 0.203101 0.654405
vt 0.199845 0.648705
vt 0.203934 0.643211
f 59/149/59 32/150/32 88/151/88
vt 0.644211 0.497888
f 66/140/66 57/137/57 63/152/63
vt 0.645191 0.490593
f 76/127/76 77/153/77 60/112/60
f 76/127/76 60/112/60 48/94/48
f 77/153/77 64/132/64 60/112/60
vt 0.443985 0.373109
f 222/154/222 44/97/44 62/118/62
vt 0.956838 0.789720
f 54/122/54 46/28/46 120/155/120
f 57/103/57 110/128/110 38/69/38
vt 0.970903 0.812857
f 84/156/84 110/128/110 57/103/57
vt 0.198378 0.643622
f 34/157/34 88/151/88 32/150/32
vt 0.105740 0.963176
f 4/46/4 92/158/92 68/78/68
vt 0.648033 0.495550
vt 0.650524 0.491434
f 78/159/78 64/132/64 91/160/91
f 25/57/25 110/128/110 47/41/47
f 77/153/77 91/160/91 64/132/64
f 49/95/49 58/71/58 83/125/83
vt 0.647317 0.497620
f 73/161/73 64/132/64 78/159/78
vt 0.113074 0.100707
f 53/129/53 69/130/69 89/162/89
vt 0.516410 0.167668
vt 0.518569 0.168799
vt 0.515957 0.170997
f 66/163/66 63/164/63 73/165/73
vt 0.519516 0.169804
f 64/166/64 73/165/73 63/164/63
vt 0.953598 0.796231
f 94/167/94 120/155/120 46/28/46
f 94/167/94 46/28/46 47/41/47
vt 0.966562 0.817380
vt 0.971463 0.816174
f 118/168/118 84/156/84 66/169/66
vt 0.652970 0.494854
f 78/159/78 91/160/91 90/170/90
vt 0.603347 0.473724
f 51/98/51 67/138/67 75/171/75
vt 0.489334 0.451846
f 81/92/81 79/124/79 93/172/93
vt 0.072479 0.964150
f 81/173/81 70/68/70 33/72/33
f 51/98/51 75/171/75 85/107/85
vt 0.073319 0.959256
f 70/68/70 81/173/81 96/174/96
vt 0.622371 0.476248
f 113/175/113 83/125/83 35/61/35
vt 0.112200 0.103868
f 53/129/53 89/162/89 87/176/87
vt 0.589669 0.473624
f 67/138/67 53/120/53 87/177/87
f 186/96/186 79/124/79 30/49/30
vt 0.971958 0.819469
f 73/178/73 118/168/118 66/169/66
f 96/174/96 126/67/126 70/68/70
vt 0.518645 0.172148
vt 0.516631 0.175903
f 73/165/73 78/179/78 90/180/90
vt 0.644666 0.483997
f 95/181/95 77/153/77 76/127/76
vt 0.104445 0.096461
f 69/130/69 72/133/72 71/182/71
vt 0.638474 0.482073
f 49/95/49 117/183/117 76/127/76
f 35/61/35 105/117/105 113/175/113
vt 0.819619 0.769134
vt 0.817857 0.774216
f 61/148/61 54/184/54 120/185/120
vt 0.813195 0.769733
f 120/185/120 121/186/121 61/148/61
vt 0.799529 0.739258
f 71/187/71 72/136/72 80/135/80
vt 0.451743 0.379507
f 44/97/44 222/154/222 139/188/139
vt 0.610608 0.473619
f 85/107/85 106/189/106 105/117/105
vt 0.205006 0.626730
f 279/190/279 181/116/181 68/121/68
f 110/128/110 84/156/84 118/168/118
f 85/107/85 75/171/75 106/189/106
vt 0.512861 0.175698
f 107/191/107 73/165/73 90/180/90
vt 0.064839 0.956680
f 220/192/220 96/174/96 81/173/81
vt 0.108250 0.096523
f 69/130/69 71/182/71 82/193/82
vt 0.969382 0.826191
f 118/168/118 73/178/73 107/194/107
vt 0.207816 0.657331
f 133/195/133 59/149/59 88/151/88
vt 0.064510 0.960779
f 93/196/93 220/192/220 81/173/81
vt 0.657500 0.490264
f 90/170/90 91/160/91 102/197/102
vt 0.588963 0.466247
f 67/138/67 87/177/87 101/198/101
vt 0.439506 0.372938
f 222/154/222 62/118/62 74/199/74
f 88/151/88 34/157/34 65/115/65
f 117/183/117 95/181/95 76/127/76
f 83/125/83 117/183/117 49/95/49
f 86/108/86 61/148/61 121/186/121
f 47/41/47 110/128/110 94/167/94
f 77/153/77 95/181/95 91/160/91
vt 0.513857 0.182065
f 98/200/98 107/191/107 90/180/90
vt 0.112981 0.096284
f 82/193/82 124/201/124 69/130/69
vt 0.119980 0.102800
vt 0.114708 0.103613
f 89/162/89 104/202/104 87/203/87
vt 0.098464 0.950898
f 126/67/126 206/204/206 4/46/4
vt 0.193118 0.620309
f 92/205/92 279/190/279 68/121/68
vt 0.517029 0.181054
f 98/200/98 90/180/90 102/206/102
vt 0.460513 0.385909
f 100/207/100 44/97/44 139/188/139
f 69/130/69 124/201/124 89/162/89
vt 0.654371 0.486488
f 91/160/91 99/208/99 102/197/102
f 206/204/206 92/158/92 4/46/4
vt 0.630767 0.477251
f 111/209/111 83/125/83 113/175/113
vt 0.077083 0.948578
f 126/67/126 96/174/96 292/210/292
vt 0.584893 0.468052
f 104/211/104 101/198/101 87/177/87
vt 0.439740 0.366964
f 74/199/74 141/212/141 222/154/222
f 117/183/117 83/125/83 111/209/111
vt 0.118304 0.284113
vt 0.134830 0.286132
vt 0.116321 0.288446
f 80/213/80 86/214/86 163/215/163
vt 0.126874 0.293451
vt 0.139462 0.294950
f 122/216/122 86/214/86 121/217/121
vt 0.959198 0.816289
f 118/168/118 112/218/112 110/128/110
vt 0.497082 0.454452
vt 0.497533 0.451006
f 219/219/219 93/172/93 138/220/138
f 79/124/79 138/220/138 93/172/93
vt 0.602815 0.467487
f 75/171/75 67/138/67 135/221/135
vt 0.651109 0.481805
f 99/208/99 91/160/91 119/222/119
vt 0.510560 0.181508
f 98/200/98 125/223/125 107/191/107
f 88/151/88 65/115/65 181/116/181
vt 0.117561 0.096396
f 89/162/89 124/201/124 103/224/103
vt 0.060646 0.957460
f 128/225/128 220/192/220 93/196/93
vt 0.494376 0.454885
f 219/219/219 128/226/128 93/172/93
vt 0.660480 0.492982
vt 0.666223 0.488583
f 98/227/98 102/197/102 146/228/146
vt 0.615929 0.470065
f 113/175/113 105/117/105 123/229/123
f 91/160/91 95/181/95 119/222/119
vt 0.640076 0.477652
f 114/230/114 95/181/95 117/183/117
vt 0.483713 0.420845
f 127/231/127 186/96/186 97/47/97
vt 0.126205 0.099664
f 104/202/104 89/162/89 131/232/131
f 163/215/163 86/214/86 122/216/122
vt 0.960516 0.828453
f 107/194/107 208/233/208 118/168/118
vt 0.797916 0.743935
f 71/187/71 80/135/80 108/234/108
f 44/97/44 100/207/100 115/38/115
vt 0.659700 0.485505
f 146/228/146 102/197/102 116/235/116
f 99/208/99 116/235/116 102/197/102
f 117/183/117 111/209/111 114/230/114
f 75/171/75 135/221/135 106/189/106
f 106/189/106 123/229/123 105/117/105
vt 0.595942 0.462869
f 130/236/130 67/138/67 101/198/101
f 103/224/103 131/232/131 89/162/89
vt 0.645528 0.475873
f 95/181/95 136/237/136 119/222/119
f 99/208/99 119/222/119 116/235/116
f 95/181/95 114/230/114 136/237/136
f 130/236/130 135/221/135 67/138/67
vt 0.475679 0.406930
f 115/38/115 196/238/196 97/47/97
vt 0.633109 0.473285
f 111/209/111 144/239/144 114/230/114
vt 0.693530 0.110070
vt 0.692984 0.104628
vt 0.695063 0.107294
f 129/240/129 125/241/125 98/242/98
vt 0.665142 0.492323
f 146/228/146 129/243/129 98/227/98
f 196/238/196 127/231/127 97/47/97
vt 0.580751 0.461930
f 101/198/101 104/211/104 132/244/132
vt 0.619446 0.465973
f 113/175/113 123/229/123 195/245/195
vt 0.126543 0.095720
f 215/246/215 131/232/131 103/224/103
vt 0.952056 0.800752
f 94/167/94 110/128/110 134/247/134
vt 0.108216 0.285998
f 108/248/108 80/213/80 163/215/163
f 208/233/208 112/218/112 118/168/118
vt 0.100983 0.285543
vt 0.104740 0.280091
vt 0.108103 0.285952
f 182/249/182 71/250/71 108/251/108
vt 0.812033 0.777723
f 147/252/147 121/186/121 120/185/120
vt 0.859673 0.147388
vt 0.861643 0.150151
vt 0.854771 0.151518
f 124/253/124 82/254/82 182/255/182
vt 0.690675 0.109115
f 129/240/129 145/256/145 125/241/125
vt 0.667967 0.491615
vt 0.670281 0.488463
f 129/257/129 146/228/146 137/258/137
vt 0.967915 0.840244
vt 0.965037 0.837064
vt 0.968929 0.833017
f 145/259/145 140/260/140 125/261/125
f 125/261/125 208/233/208 107/194/107
vt 0.667085 0.482880
f 151/262/151 146/228/146 116/235/116
vt 0.626504 0.470757
f 154/263/154 111/209/111 113/175/113
f 154/263/154 113/175/113 195/245/195
vt 0.259249 0.104352
vt 0.260235 0.100086
vt 0.263685 0.102538
f 219/264/219 267/265/267 128/266/128
vt 0.059569 0.951919
f 128/225/128 267/267/267 220/192/220
vt 0.611123 0.465599
f 106/189/106 135/221/135 184/268/184
vt 0.641080 0.471742
f 144/239/144 193/269/193 114/230/114
f 140/260/140 208/233/208 125/261/125
vt 0.215798 0.652521
f 133/195/133 88/151/88 233/270/233
vt 0.123987 0.094771
f 103/224/103 165/271/165 215/246/215
vt 0.469749 0.396201
f 115/38/115 100/207/100 235/272/235
vt 0.124095 0.102866
f 132/273/132 104/202/104 131/232/131
vt 0.444049 0.364269
f 213/274/213 222/154/222 141/212/141
vt 0.950478 0.805711
f 110/128/110 112/218/112 209/275/209
f 134/247/134 110/128/110 209/275/209
vt 0.100546 0.281886
f 82/276/82 71/250/71 182/249/182
f 154/263/154 144/239/144 111/209/111
vt 0.670881 0.493668
f 129/257/129 137/258/137 145/277/145
vt 0.224992 0.666377
vt 0.216771 0.671087
vt 0.210941 0.664013
f 171/278/171 149/279/149 109/280/109
vt 0.605159 0.461739
f 130/236/130 198/281/198 135/221/135
f 136/237/136 114/230/114 193/269/193
vt 0.584720 0.457006
f 132/244/132 162/282/162 101/198/101
vt 0.590737 0.457868
f 101/198/101 161/283/161 130/236/130
f 184/268/184 123/229/123 106/189/106
vt 0.661762 0.478871
f 119/222/119 168/284/168 116/235/116
vt 0.652839 0.476903
f 136/237/136 150/285/150 119/222/119
vt 0.941130 0.101096
vt 0.945185 0.103594
vt 0.944215 0.104601
f 156/286/156 143/287/143 148/288/148
f 151/262/151 116/235/116 168/284/168
vt 0.545050 0.069994
vt 0.550523 0.071855
vt 0.551402 0.073414
f 156/289/156 158/290/158 143/291/143
vt 0.675020 0.490516
f 137/258/137 155/292/155 145/277/145
vt 0.951792 0.148205
vt 0.952561 0.151073
vt 0.949451 0.150704
f 145/293/145 155/294/155 153/295/153
vt 0.670236 0.109208
vt 0.669369 0.107797
vt 0.670928 0.107119
f 142/296/142 143/297/143 158/298/158
f 135/221/135 198/281/198 184/268/184
vt 0.637991 0.467012
f 178/299/178 193/269/193 144/239/144
f 162/282/162 161/283/161 101/198/101
vt 0.817137 0.783820
f 94/300/94 147/252/147 120/185/120
vt 0.088318 0.284743
vt 0.089193 0.280272
vt 0.093142 0.281372
f 273/301/273 103/302/103 124/303/124
vt 0.096093 0.284556
f 182/304/182 273/301/273 124/303/124
vt 0.212167 0.645238
f 233/270/233 88/151/88 283/305/283
vt 0.966711 0.846150
f 153/306/153 140/260/140 145/259/145
vt 0.675889 0.491706
vt 0.679158 0.489302
f 153/307/153 155/292/155 180/308/180
vt 0.674481 0.486758
f 172/309/172 137/258/137 151/262/151
vt 0.940502 0.102291
f 148/288/148 152/310/152 156/286/156
vt 0.067997 0.948400
f 220/192/220 335/311/335 96/174/96
vt 0.226183 0.678490
vt 0.216489 0.675906
f 149/279/149 212/312/212 74/313/74
f 146/228/146 151/262/151 137/258/137
vt 0.515168 0.234673
vt 0.517453 0.232351
vt 0.518556 0.237530
f 142/314/142 175/315/175 148/316/148
f 155/292/155 137/258/137 172/309/172
vt 0.515771 0.236595
f 142/314/142 148/316/148 143/317/143
vt 0.498978 0.438249
f 186/96/186 242/318/242 79/124/79
vt 0.133071 0.303321
f 122/216/122 121/217/121 245/319/245
f 119/222/119 150/285/150 168/284/168
f 123/229/123 184/268/184 195/245/195
vt 0.856283 0.710409
vt 0.859895 0.718819
vt 0.857884 0.720134
f 212/320/212 141/321/141 74/322/74
vt 0.658981 0.475105
f 168/284/168 150/285/150 187/323/187
vt 0.650673 0.471758
f 136/237/136 174/324/174 150/285/150
f 233/270/233 109/280/109 133/195/133
vt 0.860984 0.709647
vt 0.863319 0.715193
f 160/325/160 213/326/213 141/321/141
vt 0.579433 0.450567
f 162/282/162 132/244/132 205/327/205
vt 0.520642 0.242248
vt 0.518608 0.240583
vt 0.518845 0.238409
f 166/328/166 152/329/152 148/330/148
f 115/38/115 235/272/235 196/238/196
vt 0.548556 0.070370
f 158/290/158 156/289/156 159/331/159
vt 0.515663 0.232434
f 175/315/175 142/314/142 157/332/157
vt 0.543278 0.070290
vt 0.541403 0.069134
f 152/333/152 170/334/170 156/289/156
vt 0.542320 0.070427
f 166/335/166 170/334/170 152/333/152
vt 0.961829 0.847284
f 207/336/207 140/260/140 153/306/153
vt 0.950008 0.812470
f 209/275/209 112/218/112 272/337/272
vt 0.142139 0.302004
f 245/319/245 121/217/121 147/338/147
vt 0.813570 0.786080
f 94/300/94 183/339/183 147/252/147
vt 0.088321 0.282577
f 273/301/273 165/340/165 103/302/103
vt 0.670725 0.480711
f 177/341/177 172/309/172 151/262/151
vt 0.679330 0.491997
vt 0.676842 0.492870
f 180/308/180 169/342/169 153/343/153
f 180/308/180 155/292/155 172/309/172
vt 0.443339 0.173172
vt 0.442012 0.169907
vt 0.445328 0.168798
f 167/344/167 166/345/166 164/346/164
vt 0.672409 0.108776
f 142/296/142 158/298/158 185/347/185
vt 0.938068 0.102849
vt 0.935062 0.102553
vt 0.936334 0.100277
f 166/348/166 167/349/167 170/350/170
vt 0.965000 0.849372
f 207/336/207 153/306/153 169/351/169
vt 0.665124 0.477912
f 168/284/168 192/352/192 151/262/151
f 212/320/212 160/325/160 141/321/141
vt 0.930347 0.101085
f 191/353/191 170/350/170 167/349/167
vt 0.312544 0.124170
vt 0.311491 0.125438
vt 0.307362 0.125279
f 170/354/170 191/355/191 243/356/243
vt 0.629345 0.464630
vt 0.624052 0.463914
f 204/357/204 154/263/154 214/358/214
f 204/357/204 178/299/178 144/239/144
f 214/358/214 154/263/154 195/245/195
f 154/263/154 204/357/204 144/239/144
vt 0.446228 0.163733
vt 0.442094 0.163496
vt 0.445260 0.161498
f 173/359/173 148/360/148 188/361/188
vt 0.444404 0.160542
f 175/362/175 188/361/188 148/360/148
vt 0.506925 0.446407
f 79/124/79 242/318/242 330/363/330
vt 0.516814 0.231623
f 175/315/175 157/332/157 200/364/200
f 173/359/173 166/345/166 148/360/148
vt 0.598109 0.453912
f 198/281/198 130/236/130 318/365/318
vt 0.543935 0.067693
f 156/289/156 170/334/170 176/366/176
vt 0.455146 0.365327
f 222/154/222 362/367/362 139/188/139
vt 0.198867 0.346989
vt 0.198838 0.344844
vt 0.201929 0.346801
f 157/368/157 142/369/142 185/370/185
vt 0.682701 0.491750
f 180/308/180 179/371/179 169/342/169
f 79/124/79 330/363/330 138/220/138
f 362/367/362 100/207/100 139/188/139
vt 0.203987 0.615796
f 246/372/246 279/190/279 92/205/92
f 187/323/187 150/285/150 174/324/174
vt 0.521040 0.230433
vt 0.519276 0.230310
f 188/373/188 175/315/175 200/374/200
vt 0.310751 0.122468
f 176/375/176 170/354/170 243/356/243
f 164/346/164 166/345/166 173/359/173
f 161/283/161 318/365/318 130/236/130
f 193/269/193 174/324/174 136/237/136
vt 0.506329 0.451867
f 219/219/219 138/220/138 221/376/221
vt 0.132996 0.096685
f 131/232/131 215/246/215 223/377/223
vt 0.834864 0.545916
vt 0.831428 0.549582
vt 0.831212 0.544354
f 165/378/165 273/379/273 215/380/215
vt 0.101765 0.292169
f 108/248/108 163/215/163 251/381/251
f 182/249/182 108/248/108 251/381/251
vt 0.816691 0.786921
f 94/300/94 134/382/134 183/339/183
vt 0.106783 0.299101
f 163/215/163 122/216/122 361/383/361
vt 0.613669 0.458344
f 184/268/184 216/384/216 195/245/195
vt 0.525600 0.246521
vt 0.525517 0.249369
vt 0.523618 0.245064
f 229/385/229 191/386/191 167/387/167
vt 0.752169 0.185038
vt 0.757288 0.186030
vt 0.753172 0.189021
f 159/388/159 176/389/176 268/390/268
f 198/281/198 216/384/216 184/268/184
vt 0.945842 0.153112
vt 0.946639 0.154261
vt 0.944436 0.153972
f 169/391/169 179/392/179 189/393/189
vt 0.958082 0.843665
f 207/336/207 226/394/226 140/260/140
vt 0.963310 0.851929
f 189/395/189 207/336/207 169/351/169
vt 0.633157 0.461424
f 254/396/254 178/299/178 204/357/204
vt 0.676148 0.482952
f 172/309/172 190/397/190 180/308/180
vt 0.954313 0.839615
f 208/233/208 140/260/140 263/398/263
vt 0.445467 0.175726
f 164/346/164 229/399/229 167/344/167
vt 0.135217 0.101069
vt 0.127581 0.102401
f 131/232/131 224/400/224 132/401/132
f 151/262/151 192/352/192 177/341/177
vt 0.136319 0.098739
f 131/232/131 223/377/223 197/402/197
vt 0.929841 0.099281
vt 0.925737 0.100030
f 243/403/243 191/353/191 228/404/228
vt 0.211996 0.636066
f 181/116/181 312/405/312 88/151/88
vt 0.547468 0.068416
f 156/289/156 176/366/176 159/406/159
vt 0.645184 0.467522
f 193/269/193 247/407/247 174/324/174
vt 0.655049 0.470252
f 187/323/187 174/324/174 217/408/217
vt 0.200909 0.344008
vt 0.206128 0.342607
vt 0.205602 0.345169
f 158/409/158 159/410/159 201/411/201
vt 0.810706 0.785529
f 183/339/183 255/412/255 147/252/147
f 193/269/193 178/299/178 247/407/247
vt 0.942213 0.158307
vt 0.943484 0.156536
vt 0.943760 0.158153
f 218/413/218 203/414/203 202/415/202
f 221/376/221 138/220/138 330/363/330
vt 0.949516 0.824467
f 360/416/360 112/218/112 208/233/208
vt 0.688262 0.491756
vt 0.685546 0.492695
f 179/371/179 202/417/202 203/418/203
vt 0.575959 0.455314
f 224/419/224 205/327/205 132/244/132
vt 0.683735 0.487391
f 179/371/179 180/308/180 239/420/239
f 131/232/131 197/402/197 224/400/224
vt 0.525677 0.227297
vt 0.522941 0.228106
f 248/421/248 188/373/188 258/422/258
vt 0.962966 0.854651
vt 0.959198 0.850694
f 203/423/203 240/424/240 189/395/189
vt 0.131532 0.094451
f 215/246/215 227/425/227 223/377/223
f 240/424/240 207/336/207 189/395/189
f 240/424/240 226/394/226 207/336/207
vt 0.684713 0.492566
vt 0.683329 0.492495
f 179/371/179 203/426/203 189/427/189
vt 0.232469 0.671652
f 212/312/212 149/279/149 421/428/421
vt 0.524166 0.234686
f 188/373/188 248/421/248 173/429/173
vt 0.249429 0.100704
f 219/264/219 304/430/304 267/265/267
vt 0.306572 0.128662
vt 0.302380 0.129187
f 243/356/243 228/431/228 302/432/302
vt 0.665377 0.473506
f 168/284/168 187/323/187 199/433/199
f 158/409/158 201/411/201 185/370/185
vt 0.646586 0.110657
vt 0.646599 0.108569
vt 0.649047 0.107483
f 180/434/180 190/435/190 211/436/211
vt 0.672994 0.479089
f 172/309/172 177/341/177 249/437/249
f 168/284/168 199/433/199 192/352/192
f 171/278/171 109/280/109 233/270/233
vt 0.817947 0.792387
f 183/339/183 134/382/134 209/438/209
vt 0.826647 0.545873
f 274/439/274 215/380/215 273/379/273
vt 0.118245 0.299660
f 361/383/361 122/216/122 377/440/377
vt 0.099681 0.288813
f 251/381/251 301/441/301 182/249/182
vt 0.197093 0.611988
f 194/442/194 246/372/246 92/205/92
vt 0.105091 0.949616
vt 0.105807 0.962406
f 206/204/206 194/443/194 92/444/92
vt 0.618106 0.457395
f 195/245/195 216/384/216 269/445/269
vt 0.670653 0.476468
f 177/341/177 192/352/192 234/446/234
f 202/417/202 179/371/179 239/420/239
f 335/311/335 292/210/292 96/174/96
vt 0.674934 0.481396
f 172/309/172 249/437/249 190/447/190
vt 0.528495 0.253444
vt 0.530355 0.252862
f 228/448/228 191/386/191 210/449/210
vt 0.142712 0.309732
f 255/450/255 245/319/245 147/338/147
f 226/394/226 263/398/263 140/260/140
vt 0.521757 0.228620
f 258/422/258 188/373/188 200/451/200
vt 0.918215 0.486217
vt 0.921209 0.486693
vt 0.917905 0.488046
f 230/452/230 224/453/224 197/454/197
vt 0.135426 0.095192
vt 0.134875 0.097302
f 270/455/270 197/402/197 223/456/223
vt 0.588323 0.450812
f 161/283/161 162/282/162 261/457/261
f 312/405/312 283/305/283 88/151/88
f 267/267/267 335/311/335 220/192/220
f 261/457/261 162/282/162 205/327/205
vt 0.680570 0.483961
f 225/458/225 239/420/239 180/308/180
vt 0.857726 0.707616
f 212/320/212 298/459/298 160/325/160
vt 0.779724 0.104895
vt 0.779670 0.103244
vt 0.782512 0.103220
f 234/460/234 192/461/192 286/462/286
vt 0.678206 0.482922
f 180/308/180 211/463/211 225/458/225
vt 0.781365 0.101151
f 192/461/192 199/464/199 286/462/286
vt 0.171882 0.710767
vt 0.166584 0.710849
vt 0.167902 0.705950
f 340/465/340 229/466/229 164/467/164
vt 0.604795 0.453399
f 198/281/198 232/468/232 216/384/216
vt 0.774993 0.756794
vt 0.768508 0.758963
vt 0.772861 0.753388
f 157/469/157 280/470/280 200/471/200
vt 0.533102 0.245856
f 210/449/210 191/386/191 244/472/244
vt 0.962808 0.857971
f 203/423/203 218/473/218 240/424/240
vt 0.530168 0.231379
f 248/421/248 266/474/266 173/429/173
f 232/468/232 198/281/198 318/365/318
vt 0.252288 0.103803
f 221/475/221 304/430/304 219/264/219
f 213/274/213 362/367/362 222/154/222
vt 0.650365 0.463972
f 217/408/217 174/324/174 317/476/317
vt 0.827484 0.542632
vt 0.826605 0.544015
f 227/477/227 215/380/215 274/478/274
f 195/245/195 269/445/269 214/358/214
vt 0.162358 0.049648
vt 0.158653 0.050763
vt 0.160453 0.048556
f 306/479/306 223/480/223 227/481/227
vt 0.160751 0.050229
f 270/482/270 223/480/223 306/479/306
vt 0.481766 0.402887
f 264/483/264 196/238/196 235/272/235
f 421/428/421 149/279/149 171/278/171
vt 0.762158 0.188987
f 268/390/268 176/389/176 243/484/243
f 122/216/122 245/319/245 377/440/377
f 272/337/272 112/218/112 360/416/360
vt 0.815745 0.799941
f 183/339/183 209/438/209 250/485/250
f 251/381/251 163/215/163 361/383/361
vt 0.903004 0.104091
vt 0.901647 0.100506
vt 0.903695 0.101541
f 238/486/238 202/487/202 259/488/259
vt 0.902067 0.102612
f 218/489/218 202/487/202 238/486/238
vt 0.624512 0.111441
vt 0.624430 0.108840
vt 0.627641 0.108133
f 190/490/190 249/491/249 277/492/277
vt 0.659360 0.468200
f 199/433/199 187/323/187 231/493/231
vt 0.689416 0.491059
vt 0.687971 0.488232
vt 0.691260 0.490698
f 202/494/202 260/495/260 259/496/259
f 234/446/234 249/437/249 177/341/177
vt 0.769152 0.750403
f 200/471/200 280/470/280 258/497/258
vt 0.921971 0.101354
vt 0.920535 0.100484
vt 0.923142 0.100280
f 210/498/210 237/499/237 228/500/228
vt 0.613547 0.450429
f 216/384/216 232/468/232 281/501/281
f 217/408/217 231/493/231 187/323/187
f 202/417/202 239/420/239 260/495/260
vt 0.773146 0.761055
vt 0.770889 0.762387
f 157/469/157 185/502/185 257/503/257
f 360/416/360 208/233/208 263/398/263
vt 0.959527 0.860667
f 218/473/218 238/504/238 240/424/240
vt 0.167154 0.715023
vt 0.167626 0.716007
vt 0.166378 0.715896
f 229/505/229 244/506/244 191/507/191
vt 0.298941 0.136337
vt 0.303976 0.131272
f 237/508/237 302/432/302 228/509/228
vt 0.210739 0.346154
f 201/411/201 159/410/159 268/510/268
vt 0.008011 0.370014
vt 0.011069 0.371830
vt 0.007748 0.374231
f 225/511/225 278/512/278 239/513/239
vt 0.640500 0.461181
f 178/299/178 295/514/295 247/407/247
vt 0.122078 0.304780
f 377/440/377 245/319/245 406/515/406
vt 0.627766 0.457524
f 204/357/204 214/358/214 241/516/241
f 269/445/269 241/516/241 214/358/214
vt 0.495839 0.420469
f 127/231/127 337/517/337 186/96/186
vt 0.677155 0.479650
vt 0.674480 0.476567
f 253/518/253 190/397/190 277/519/277
f 317/476/317 247/407/247 295/514/295
vt 0.534786 0.250416
f 210/449/210 244/472/244 252/520/252
vt 0.955113 0.860471
f 238/504/238 342/521/342 240/424/240
f 340/465/340 244/506/244 229/505/229
vt 0.672819 0.475460
f 290/522/290 249/437/249 234/446/234
vt 0.655248 0.465713
f 343/523/343 231/493/231 217/408/217
f 295/514/295 178/299/178 254/396/254
vt 0.529693 0.234577
vt 0.527573 0.236795
f 173/429/173 299/524/299 164/525/164
vt 0.533570 0.253980
vt 0.533395 0.256455
f 210/449/210 252/526/252 237/527/237
vt 0.295935 0.134056
f 302/432/302 237/508/237 320/528/320
vt 0.677989 0.481586
f 211/529/211 190/397/190 253/518/253
f 254/396/254 204/357/204 241/516/241
vt 0.300102 0.123904
f 243/356/243 302/432/302 305/530/305
vt 0.059868 0.944738
f 335/311/335 267/267/267 294/531/294
f 161/283/161 261/457/261 318/365/318
vt 0.574861 0.453951
f 230/532/230 205/327/205 224/419/224
vt 0.205054 0.349181
f 185/370/185 201/411/201 257/533/257
vt 0.573821 0.451465
f 230/532/230 275/534/275 205/327/205
f 280/470/280 157/469/157 257/503/257
vt 0.529661 0.225662
f 266/474/266 248/421/248 256/535/256
f 196/238/196 264/483/264 127/231/127
f 266/474/266 299/524/299 173/429/173
vt 0.476807 0.394148
f 236/536/236 264/483/264 235/272/235
vt 0.818294 0.796029
f 272/537/272 250/485/250 209/438/209
vt 0.095207 0.289108
f 273/301/273 182/304/182 301/538/301
vt 0.864261 0.706267
vt 0.863302 0.712299
f 160/325/160 410/539/410 213/540/213
vt 0.678650 0.479589
f 253/541/253 225/458/225 211/463/211
vt 0.764247 0.745354
vt 0.766823 0.746968
vt 0.761337 0.747658
f 256/542/256 248/543/248 391/544/391
vt 0.677688 0.476712
f 277/519/277 276/545/276 253/518/253
f 337/517/337 242/318/242 186/96/186
vt 0.626945 0.106460
f 290/546/290 277/492/277 249/491/249
vt 0.211098 0.348446
f 201/411/201 268/510/268 384/547/384
f 384/547/384 257/533/257 201/411/201
f 248/543/248 258/497/258 391/544/391
vt 0.670156 0.470518
vt 0.668337 0.474404
f 311/548/311 234/446/234 286/549/286
vt 0.689959 0.488215
f 259/496/259 260/495/260 262/550/262
vt 0.665775 0.469602
f 231/493/231 287/551/287 199/433/199
vt 0.009918 0.375313
f 260/552/260 239/513/239 278/512/278
vt 0.134033 0.314616
f 331/553/331 245/319/245 255/450/255
f 317/476/317 343/523/343 217/408/217
vt 0.171891 0.705154
f 299/554/299 340/465/340 164/467/164
f 247/407/247 317/476/317 174/324/174
vt 0.648620 0.459123
f 317/476/317 295/514/295 357/555/357
vt 0.688058 0.485287
f 260/495/260 285/556/285 262/550/262
vt 0.697584 0.083000
vt 0.701057 0.083104
vt 0.698608 0.085635
f 259/557/259 314/558/314 238/559/238
vt 0.684249 0.483147
f 278/560/278 285/556/285 260/495/260
f 269/445/269 216/384/216 281/501/281
vt 0.012916 0.379541
vt 0.015700 0.385627
vt 0.011164 0.381769
f 262/561/262 314/562/314 259/563/259
vt 0.532220 0.223783
vt 0.534471 0.225939
f 256/535/256 284/564/284 291/565/291
vt 0.294216 0.137489
f 320/528/320 237/508/237 297/566/297
vt 0.226806 0.657972
f 171/278/171 233/270/233 349/567/349
vt 0.783819 0.099059
f 286/462/286 199/464/199 287/568/287
f 226/394/226 240/424/240 263/398/263
vt 0.637260 0.456083
f 295/514/295 254/396/254 265/569/265
f 266/474/266 256/535/256 291/565/291
vt 0.623574 0.453025
f 269/445/269 282/570/282 241/516/241
vt 0.322515 0.052800
vt 0.323901 0.049899
vt 0.326044 0.052633
f 197/571/197 270/572/270 288/573/288
vt 0.572647 0.447301
f 321/574/321 205/327/205 275/534/275
vt 0.914600 0.486801
vt 0.914894 0.484618
f 197/575/197 275/576/275 230/452/230
vt 0.911758 0.485099
f 275/576/275 197/575/197 300/577/300
vt 0.759904 0.105382
vt 0.757074 0.105086
vt 0.759179 0.102412
f 300/578/300 197/579/197 288/580/288
vt 0.293214 0.131584
f 320/528/320 408/581/408 302/432/302
vt 0.985811 0.123820
vt 0.983217 0.121073
vt 0.985059 0.120630
f 274/582/274 306/583/306 227/584/227
vt 0.944821 0.819654
f 272/337/272 360/416/360 271/585/271
vt 0.762209 0.193068
f 305/586/305 268/390/268 243/484/243
vt 0.810267 0.792677
f 183/339/183 250/485/250 293/587/293
f 183/339/183 293/587/293 255/412/255
vt 0.061086 0.940400
f 294/531/294 413/588/413 335/311/335
vt 0.170622 0.716662
vt 0.174602 0.718251
f 244/589/244 340/465/340 309/590/309
vt 0.167671 0.727912
vt 0.169090 0.732177
vt 0.168137 0.730251
f 237/591/237 316/592/316 297/593/297
vt 0.168928 0.724143
f 244/589/244 309/590/309 252/594/252
f 234/446/234 311/548/311 290/522/290
vt 0.535286 0.222083
f 291/565/291 284/564/284 296/595/296
vt 0.011008 0.366598
f 253/596/253 278/512/278 225/511/225
vt 0.512036 0.694147
vt 0.506594 0.694312
vt 0.508475 0.690377
f 298/597/298 389/598/389 329/599/329
vt 0.512005 0.696722
f 212/600/212 389/598/389 298/597/298
vt 0.762465 0.743201
f 284/601/284 256/542/256 391/544/391
f 286/549/286 287/551/287 311/548/311
vt 0.491283 0.413834
f 127/231/127 264/483/264 414/602/414
vt 0.091510 0.932335
f 587/603/587 206/204/206 126/67/126
vt 0.094436 0.050708
vt 0.090674 0.051151
vt 0.093826 0.046930
f 293/604/293 381/605/381 255/606/255
vt 0.255194 0.094192
f 304/430/304 294/607/294 267/265/267
vt 0.136577 0.317041
f 331/553/331 255/450/255 381/608/381
vt 0.951380 0.848967
f 263/398/263 240/424/240 322/609/322
vt 0.536717 0.593454
vt 0.543327 0.603289
vt 0.531741 0.597937
f 410/610/410 362/611/362 213/612/213
f 292/210/292 587/603/587 126/67/126
vt 0.129155 0.308593
f 245/319/245 319/613/319 406/515/406
vt 0.473691 0.386604
f 100/207/100 347/614/347 235/272/235
vt 0.470290 0.380821
f 307/615/307 347/614/347 100/207/100
vt 0.327150 0.052391
vt 0.328289 0.051134
f 288/616/288 270/572/270 313/617/313
f 236/536/236 235/272/235 347/614/347
f 254/396/254 241/516/241 265/569/265
vt 0.619736 0.449837
f 269/445/269 365/618/365 282/570/282
vt 0.912408 0.482974
f 275/576/275 300/577/300 321/619/321
vt 0.702620 0.086279
vt 0.704213 0.085164
f 308/620/308 314/558/314 289/621/289
vt 0.219554 0.640690
f 283/305/283 487/622/487 233/270/233
vt 0.171627 0.731399
f 237/591/237 252/594/252 372/623/372
f 314/558/314 308/620/308 238/559/238
vt 0.231659 0.675582
f 421/428/421 389/624/389 212/312/212
f 237/591/237 372/623/372 316/592/316
vt 0.663942 0.463758
f 371/625/371 287/551/287 231/493/231
vt 0.686135 0.481491
f 285/556/285 278/560/278 339/626/339
vt 0.956079 0.866144
f 238/504/238 308/627/308 342/521/342
f 365/618/365 269/445/269 281/501/281
vt 0.013957 0.367396
vt 0.012306 0.370379
f 341/628/341 278/629/278 253/596/253
f 283/305/283 312/405/312 487/622/487
vt 0.173386 0.706184
vt 0.174557 0.702495
vt 0.179101 0.707322
f 299/630/299 266/631/266 325/632/325
f 414/602/414 337/517/337 127/231/127
f 340/465/340 299/630/299 325/632/325
vt 0.326039 0.048938
f 313/617/313 270/572/270 306/633/306
vt 0.761272 0.104338
f 387/634/387 300/578/300 288/580/288
vt 0.631505 0.453318
f 324/635/324 265/569/265 241/516/241
vt 0.823373 0.550780
f 274/439/274 273/379/273 303/636/303
f 319/613/319 245/319/245 331/553/331
vt 0.946531 0.814614
f 272/337/272 271/585/271 250/637/250
vt 0.830256 0.552634
vt 0.823286 0.550883
f 273/379/273 301/638/301 303/639/303
vt 0.222286 0.647820
f 233/270/233 487/622/487 396/640/396
vt 0.018028 0.376915
f 262/561/262 398/641/398 314/562/314
vt 0.536772 0.222488
vt 0.538854 0.219567
f 344/642/344 296/595/296 327/643/327
vt 0.485618 0.400439
f 236/536/236 326/644/326 264/483/264
vt 0.012679 0.375534
f 285/645/285 398/641/398 262/561/262
vt 0.858675 0.701593
f 160/325/160 298/459/298 329/646/329
vt 0.536181 0.223758
f 291/565/291 296/595/296 344/647/344
vt 0.629302 0.105127
f 277/492/277 290/546/290 310/648/310
vt 0.611128 0.447771
f 232/468/232 429/649/429 281/501/281
vt 0.672914 0.471361
f 310/650/310 290/522/290 311/548/311
vt 0.465623 0.369119
f 378/651/378 100/207/100 362/367/362
vt 0.012696 0.363974
f 341/628/341 253/596/253 276/652/276
vt 0.669119 0.466486
f 311/548/311 287/551/287 315/653/315
vt 0.511238 0.143961
vt 0.510530 0.145937
vt 0.509864 0.144137
f 296/654/296 284/655/284 366/656/366
vt 0.177664 0.700288
f 266/631/266 291/657/291 325/632/325
vt 0.643010 0.455036
f 357/555/357 295/514/295 355/658/355
f 355/658/355 295/514/295 265/569/265
vt 0.175459 0.728991
f 372/623/372 252/594/252 431/659/431
f 241/516/241 282/570/282 324/635/324
f 307/615/307 100/207/100 378/651/378
vt 0.659118 0.460692
f 231/493/231 343/523/343 338/660/338
vt 0.654622 0.459198
f 343/523/343 317/476/317 392/661/392
vt 0.288407 0.134885
f 408/581/408 320/528/320 471/662/471
f 252/594/252 309/590/309 431/659/431
vt 0.515150 0.454897
f 332/663/332 221/376/221 330/363/330
vt 0.512571 0.456640
f 332/663/332 333/664/333 221/376/221
vt 0.509948 0.456274
f 333/664/333 304/665/304 221/376/221
vt 0.072196 0.938353
f 335/311/335 543/666/543 292/210/292
vt 0.675582 0.472384
f 358/667/358 276/545/276 277/519/277
f 277/519/277 310/650/310 358/667/358
vt 0.015759 0.370950
f 339/668/339 398/641/398 285/645/285
vt 0.954816 0.868387
vt 0.949183 0.871402
f 289/669/289 368/670/368 308/627/308
f 349/567/349 233/270/233 396/640/396
vt 0.787619 0.077975
vt 0.790445 0.079754
vt 0.786188 0.080590
f 345/671/345 297/672/297 350/673/350
vt 0.790054 0.081450
f 316/674/316 350/673/350 297/672/297
f 341/628/341 339/668/339 278/629/278
f 315/653/315 287/551/287 371/625/371
f 308/627/308 368/670/368 342/521/342
vt 0.511311 0.141356
f 327/675/327 296/654/296 366/656/366
vt 0.758991 0.742369
f 391/544/391 366/676/366 284/601/284
vt 0.290748 0.137523
f 345/677/345 471/662/471 297/566/297
f 297/566/297 471/662/471 320/528/320
f 371/625/371 231/493/231 338/660/338
vt 0.212585 0.625836
f 279/190/279 323/678/323 181/116/181
vt 0.907663 0.483412
f 359/679/359 321/619/321 300/577/300
vt 0.907624 0.486074
f 359/679/359 300/577/300 387/680/387
f 357/555/357 392/661/392 317/476/317
vt 0.291869 0.127048
f 305/530/305 302/432/302 583/681/583
vt 0.096988 0.292655
vt 0.089786 0.296124
f 301/538/301 251/682/251 407/683/407
vt 0.087807 0.292055
f 303/684/303 301/538/301 407/683/407
f 323/678/323 312/405/312 181/116/181
vt 0.706604 0.087037
vt 0.706951 0.085914
vt 0.707145 0.086980
f 289/685/289 334/686/334 367/687/367
vt 0.697426 0.135383
vt 0.697536 0.132560
vt 0.698359 0.135725
f 276/688/276 380/689/380 341/690/341
vt 0.705543 0.084033
vt 0.706030 0.084906
f 314/691/314 334/692/334 289/621/289
vt 0.606552 0.445586
vt 0.600445 0.444246
f 346/693/346 232/468/232 336/694/336
f 336/694/336 232/468/232 318/365/318
vt 0.209309 0.351674
f 384/547/384 364/695/364 257/533/257
vt 0.591972 0.442973
f 336/694/336 318/365/318 354/696/354
f 261/457/261 354/696/354 318/365/318
vt 0.636654 0.450741
f 386/697/386 265/569/265 324/635/324
vt 0.584886 0.440526
f 484/698/484 261/457/261 205/327/205
vt 0.216852 0.614905
f 246/372/246 574/699/574 279/190/279
vt 0.973750 0.152108
vt 0.978237 0.148672
vt 0.977925 0.153053
f 352/700/352 291/701/291 344/702/344
vt 0.065082 0.939220
f 328/703/328 543/666/543 335/311/335
vt 0.973614 0.147541
f 352/700/352 325/704/325 291/701/291
vt 0.542797 0.218003
vt 0.539160 0.223144
f 382/705/382 344/706/344 327/643/327
vt 0.331633 0.125310
vt 0.330783 0.128528
vt 0.329500 0.126430
f 372/707/372 350/708/350 316/709/316
vt 0.757022 0.736902
vt 0.751620 0.735755
f 327/710/327 366/676/366 385/711/385
vt 0.473429 0.384317
f 307/615/307 443/712/443 347/614/347
vt 0.576645 0.440636
f 205/327/205 321/574/321 393/713/393
vt 0.366191 0.260530
vt 0.365058 0.262368
vt 0.362736 0.258704
f 345/714/345 350/715/350 353/716/353
f 413/588/413 328/703/328 335/311/335
f 392/661/392 338/660/338 343/523/343
vt 0.908196 0.480931
f 321/619/321 359/679/359 409/717/409
vt 0.288128 0.137994
f 345/677/345 353/718/353 471/662/471
vt 0.757679 0.756487
f 280/470/280 379/719/379 258/497/258
vt 0.520665 0.463558
f 356/720/356 333/664/333 332/663/332
f 574/699/574 323/678/323 279/190/279
vt 0.057116 0.944593
f 304/721/304 413/588/413 294/531/294
vt 0.012519 0.358056
vt 0.012087 0.356181
vt 0.014745 0.356594
f 358/722/358 310/723/310 404/724/404
vt 0.038441 0.944133
vt 0.043332 0.939081
vt 0.047593 0.946377
f 356/725/356 351/726/351 333/727/333
vt 0.568057 0.629980
vt 0.562156 0.633362
vt 0.559774 0.626684
f 556/728/556 236/729/236 347/730/347
vt 0.673094 0.469375
f 310/650/310 311/548/311 404/731/404
vt 0.765302 0.767593
f 280/470/280 257/503/257 364/732/364
vt 0.671636 0.468036
f 348/733/348 404/731/404 311/548/311
vt 0.017714 0.390393
vt 0.020281 0.390406
vt 0.019684 0.395651
f 334/734/334 383/735/383 367/736/367
f 348/733/348 311/548/311 315/653/315
f 232/468/232 346/693/346 429/649/429
vt 0.015883 0.385843
f 314/737/314 383/735/383 334/734/334
vt 0.749805 0.191758
vt 0.752761 0.193585
f 384/738/384 268/390/268 405/739/405
vt 0.950360 0.873622
f 368/670/368 289/669/289 367/740/367
vt 0.700209 0.132879
f 341/690/341 380/689/380 424/741/424
f 265/569/265 386/697/386 355/658/355
vt 0.014360 0.360359
vt 0.015098 0.363468
f 276/652/276 358/742/358 380/743/380
f 261/457/261 484/698/484 354/696/354
vt 0.282683 0.138335
f 401/744/401 471/662/471 353/718/353
vt 0.105344 0.306577
f 361/383/361 377/440/377 513/745/513
vt 0.179036 0.715444
f 309/590/309 340/465/340 369/746/369
vt 0.546744 0.222877
f 344/706/344 382/705/382 422/747/422
vt 0.509974 0.274335
vt 0.514727 0.275959
vt 0.510894 0.278119
f 288/748/288 388/749/388 387/750/387
vt 0.511753 0.273372
f 388/749/388 288/748/288 313/751/313
vt 0.942294 0.859182
f 240/424/240 527/752/527 322/609/322
f 405/739/405 268/390/268 305/586/305
f 407/683/407 251/381/251 361/383/361
vt 0.232993 0.663374
f 349/567/349 461/753/461 171/278/171
vt 0.809600 0.799648
f 293/587/293 250/485/250 375/754/375
vt 0.881921 0.185753
vt 0.879762 0.175866
vt 0.887211 0.178790
f 437/755/437 406/756/406 319/757/319
vt 0.360595 0.262701
f 353/716/353 350/715/350 419/758/419
vt 0.973775 0.156309
f 352/700/352 344/702/344 422/759/422
vt 0.336993 0.126219
f 372/707/372 462/760/462 350/708/350
vt 0.541475 0.239095
vt 0.538344 0.232371
vt 0.544459 0.236412
f 369/761/369 325/762/325 459/763/459
f 340/465/340 325/632/325 369/746/369
vt 0.569834 0.443275
f 393/713/393 321/574/321 409/764/409
vt 0.492617 0.407318
f 326/644/326 373/765/373 264/483/264
vt 0.943530 0.851482
f 263/398/263 322/609/322 363/766/363
vt 0.015761 0.359543
f 358/742/358 404/724/404 370/767/370
vt 0.507069 0.430966
f 242/318/242 558/768/558 330/363/330
vt 0.514596 0.440708
f 558/768/558 465/769/465 330/363/330
vt 0.052000 0.946938
f 351/726/351 413/588/413 304/770/304
vt 0.629338 0.446581
f 282/570/282 432/771/432 324/635/324
f 333/727/333 351/726/351 304/770/304
f 373/765/373 414/602/414 264/483/264
vt 0.182143 0.724591
f 309/590/309 494/772/494 431/659/431
f 391/544/391 258/497/258 379/719/379
vt 0.355839 0.258214
f 399/773/399 353/716/353 419/758/419
f 369/746/369 494/772/494 309/590/309
vt 0.650040 0.453960
f 355/658/355 390/774/390 357/555/357
vt 0.753972 0.734229
f 385/711/385 382/775/382 327/710/327
vt 0.751676 0.745451
f 385/711/385 366/676/366 625/776/625
f 205/327/205 393/713/393 484/698/484
f 398/641/398 383/735/383 314/737/314
vt 0.285033 0.139278
vt 0.283596 0.140079
f 353/777/353 399/778/399 401/744/401
vt 0.570028 0.636592
f 556/728/556 326/779/326 236/729/236
vt 0.018360 0.366308
f 341/628/341 424/780/424 339/668/339
vt 0.230592 0.646963
f 396/640/396 394/781/394 349/567/349
f 392/661/392 357/555/357 390/774/390
vt 0.624065 0.445260
f 365/618/365 456/782/456 282/570/282
vt 0.115458 0.308233
f 377/440/377 376/783/376 513/745/513
vt 0.015663 0.360758
f 358/742/358 370/784/370 380/743/380
vt 0.617978 0.442729
f 281/501/281 479/785/479 365/618/365
f 421/428/421 171/278/171 461/753/461
f 386/697/386 324/635/324 432/771/432
vt 0.643501 0.448186
f 386/697/386 447/786/447 355/658/355
f 583/681/583 302/432/302 408/581/408
f 406/515/406 376/783/376 377/440/377
vt 0.989925 0.126675
vt 0.987049 0.128956
f 274/582/274 303/787/303 502/788/502
f 240/424/240 342/521/342 527/752/527
vt 0.812239 0.809841
vt 0.817981 0.807301
f 500/789/500 250/485/250 271/790/271
vt 0.990655 0.506016
vt 0.992195 0.508204
vt 0.987507 0.506212
f 306/791/306 274/792/274 313/793/313
vt 0.099166 0.302001
f 407/683/407 361/383/361 472/794/472
vt 0.808519 0.804602
f 250/485/250 435/795/435 375/754/375
vt 0.940340 0.828835
f 360/416/360 434/796/434 271/585/271
vt 0.136748 0.323863
vt 0.143574 0.315615
vt 0.143399 0.321422
f 473/797/473 293/798/293 375/799/375
f 473/797/473 381/608/381 293/798/293
f 479/785/479 281/501/281 429/649/429
vt 0.666783 0.460272
vt 0.669060 0.464000
f 449/800/449 315/801/315 371/625/371
vt 0.546329 0.215758
vt 0.543906 0.216067
f 430/802/430 382/705/382 385/803/385
f 364/732/364 379/719/379 280/470/280
vt 0.866270 0.699721
f 329/646/329 448/804/448 160/325/160
vt 0.176794 0.737618
f 431/659/431 462/805/462 372/623/372
f 448/804/448 410/539/410 160/325/160
vt 0.541731 0.588675
vt 0.545576 0.592624
f 448/806/448 705/807/705 410/610/410
vt 0.212498 0.352860
f 384/547/384 395/808/395 364/695/364
vt 0.553978 0.616481
vt 0.556863 0.615395
vt 0.555786 0.620177
f 378/809/378 412/810/412 307/811/307
vt 0.816301 0.081200
vt 0.814256 0.079819
vt 0.815247 0.079518
f 399/812/399 400/813/400 401/814/401
vt 0.898692 0.483545
f 359/679/359 387/680/387 504/815/504
vt 0.335117 0.131124
f 350/708/350 462/760/462 419/816/419
vt 0.354803 0.261010
f 397/817/397 399/773/399 419/758/419
f 398/641/398 339/668/339 424/780/424
vt 0.204251 0.609383
f 194/818/194 574/699/574 246/372/246
vt 0.560025 0.622816
f 443/819/443 307/811/307 412/810/412
vt 0.016375 0.357667
f 370/767/370 404/724/404 403/820/403
f 447/786/447 390/774/390 355/658/355
f 456/782/456 432/771/432 282/570/282
vt 0.507162 0.425158
f 242/318/242 337/517/337 518/821/518
vt 0.530031 0.464864
f 332/663/332 374/822/374 356/720/356
f 366/676/366 391/544/391 625/776/625
vt 0.292287 0.095975
vt 0.288977 0.097227
vt 0.290647 0.092633
f 422/823/422 425/824/425 352/825/352
f 365/618/365 479/785/479 456/782/456
vt 0.543096 0.230320
f 417/826/417 459/763/459 325/762/325
vt 0.031833 0.939724
f 351/726/351 356/725/356 442/827/442
vt 0.808850 0.079578
vt 0.812469 0.079043
vt 0.812397 0.080304
f 416/828/416 400/829/400 399/830/399
vt 0.526427 0.468579
f 374/822/374 442/831/442 356/720/356
vt 0.413282 0.085828
vt 0.412956 0.082013
vt 0.414903 0.083596
f 425/832/425 417/833/417 352/834/352
vt 0.971860 0.149129
vt 0.970089 0.151048
f 325/835/325 352/700/352 417/836/417
vt 0.337009 0.136450
vt 0.341997 0.139390
vt 0.340261 0.142563
f 397/837/397 415/838/415 402/839/402
vt 0.347794 0.259486
f 397/817/397 402/840/402 399/773/399
vt 0.215189 0.349533
vt 0.216637 0.351847
f 384/547/384 405/841/405 491/842/491
f 384/547/384 491/842/491 395/808/395
vt 0.021086 0.360189
vt 0.016936 0.362936
f 476/843/476 424/780/424 380/844/380
vt 0.534969 0.473852
f 442/831/442 374/822/374 438/845/438
vt 0.016872 0.360350
f 380/844/380 370/846/370 476/843/476
vt 0.571131 0.440264
f 409/764/409 455/847/455 393/713/393
vt 0.352218 0.257470
f 399/773/399 402/840/402 416/848/416
f 410/610/410 705/807/705 362/611/362
vt 0.505043 0.688689
f 389/598/389 492/849/492 329/599/329
vt 0.218674 0.628873
f 323/678/323 501/850/501 312/405/312
vt 0.901664 0.482038
f 504/815/504 457/851/457 359/679/359
vt 0.903637 0.480916
vt 0.905968 0.480406
f 359/679/359 420/852/420 409/853/409
f 457/851/457 420/852/420 359/679/359
vt 0.017172 0.357091
vt 0.016427 0.354993
vt 0.017852 0.352783
f 403/854/403 404/855/404 411/856/411
f 501/850/501 487/622/487 312/405/312
vt 0.518423 0.283004
vt 0.519245 0.279867
f 504/857/504 387/750/387 418/858/418
f 387/750/387 388/749/388 418/858/418
f 322/609/322 527/752/527 363/766/363
vt 0.981792 0.507587
vt 0.988461 0.511606
f 388/859/388 313/793/313 557/860/557
vt 0.814038 0.813742
f 500/789/500 271/790/271 522/861/522
vt 0.940930 0.838818
f 470/862/470 263/398/263 363/766/363
f 342/521/342 368/670/368 527/752/527
f 250/485/250 500/789/500 435/795/435
f 360/416/360 263/398/263 470/862/470
vt 0.891709 0.185563
f 319/757/319 331/863/331 437/755/437
vt 0.047973 0.049046
vt 0.047486 0.045494
vt 0.049378 0.046396
f 348/864/348 463/865/463 411/866/411
vt 0.046203 0.047038
f 315/867/315 463/865/463 348/864/348
vt 0.015966 0.345493
vt 0.017831 0.350472
vt 0.013312 0.350856
f 449/868/449 463/869/463 315/870/315
vt 0.024676 0.396921
f 383/735/383 439/871/439 367/736/367
vt 0.551840 0.219747
f 451/872/451 422/747/422 382/705/382
f 391/544/391 379/719/379 625/776/625
f 430/802/430 451/872/451 382/705/382
vt 0.236711 0.675939
f 421/428/421 492/873/492 389/624/389
vt 0.612411 0.441497
f 429/649/429 346/693/346 488/874/488
vt 0.601094 0.437460
f 336/694/336 568/875/568 346/693/346
vt 0.859051 0.696569
vt 0.857302 0.698439
f 498/876/498 329/646/329 492/877/492
vt 0.862576 0.696752
f 448/804/448 329/646/329 825/878/825
vt 0.596560 0.438394
f 336/694/336 354/696/354 486/879/486
vt 0.020056 0.357003
f 370/846/370 427/880/427 476/843/476
vt 0.658480 0.453135
f 392/661/392 503/881/503 338/660/338
f 498/876/498 825/878/825 329/646/329
vt 0.017447 0.358682
f 370/882/370 403/854/403 427/880/427
vt 0.655517 0.452499
f 390/774/390 467/883/467 392/661/392
f 403/854/403 411/856/411 427/880/427
vt 0.343514 0.256429
vt 0.348959 0.256166
f 426/884/426 416/885/416 402/840/402
vt 0.050455 0.050443
vt 0.050751 0.047503
f 404/886/404 348/864/348 411/887/411
vt 0.181325 0.734393
f 462/805/462 431/659/431 482/888/482
vt 0.274528 0.145963
vt 0.272405 0.147410
vt 0.272154 0.144552
f 416/889/416 426/890/426 450/891/450
vt 0.276460 0.144301
vt 0.275781 0.141172
vt 0.279736 0.141693
f 416/892/416 458/893/458 400/894/400
vt 0.181914 0.716508
vt 0.184323 0.718322
f 494/772/494 369/895/369 459/896/459
vt 0.342002 0.133762
f 480/897/480 397/837/397 419/816/419
vt 0.068347 0.934281
f 543/666/543 328/703/328 544/898/544
vt 0.279388 0.133311
f 526/899/526 471/662/471 401/744/401
vt 0.526460 0.449325
f 538/900/538 374/822/374 332/663/332
vt 0.539892 0.471703
f 444/901/444 438/845/438 374/822/374
vt 0.904145 0.479140
f 409/853/409 420/852/420 454/902/454
vt 0.495653 0.412773
f 373/765/373 440/903/440 414/602/414
f 440/903/440 337/517/337 414/602/414
f 556/728/556 347/730/347 443/819/443
vt 0.023517 0.399560
vt 0.021804 0.397703
f 464/904/464 367/905/367 439/871/439
vt 0.592076 0.655503
vt 0.579476 0.653139
vt 0.581665 0.648055
f 588/906/588 337/907/337 440/908/440
vt 0.342018 0.139618
vt 0.343519 0.144808
f 415/909/415 423/910/423 402/839/402
vt 0.028626 0.392595
f 383/735/383 755/911/755 439/871/439
f 479/785/479 429/649/429 488/874/488
vt 0.342745 0.259713
vt 0.343291 0.256415
f 423/912/423 426/913/426 402/840/402
vt 0.946483 0.877527
f 368/670/368 367/740/367 464/914/464
vt 0.550816 0.215865
f 430/802/430 441/915/441 451/872/451
vt 0.548984 0.214065
f 441/915/441 430/802/430 523/916/523
vt 0.747272 0.732107
vt 0.750146 0.732095
f 453/917/453 430/918/430 385/711/385
f 346/693/346 568/875/568 488/874/488
f 480/897/480 415/838/415 397/837/397
vt 0.341203 0.130283
f 462/760/462 428/919/428 419/816/419
f 450/891/450 458/893/458 416/892/416
vt 0.568543 0.438965
vt 0.572997 0.435080
vt 0.571072 0.440131
f 454/920/454 485/921/485 455/922/455
vt 0.906438 0.478522
f 455/923/455 409/853/409 454/902/454
vt 0.575230 0.638098
vt 0.576586 0.643982
f 326/779/326 514/924/514 373/925/373
f 518/821/518 558/768/558 242/318/242
vt 0.023698 0.374451
f 398/641/398 424/780/424 474/926/474
vt 0.022877 0.350133
f 427/880/427 411/856/411 533/927/533
vt 0.386537 0.074290
vt 0.388807 0.076248
vt 0.382307 0.077201
f 406/928/406 437/929/437 433/930/433
vt 0.817484 0.550030
vt 0.812161 0.544265
vt 0.819481 0.543398
f 502/931/502 557/932/557 274/933/274
vt 0.873140 0.186857
vt 0.869697 0.180197
f 433/934/433 376/935/376 406/756/406
f 398/641/398 474/926/474 383/735/383
vt 0.992133 0.509627
f 313/793/313 274/936/274 557/860/557
vt 0.816026 0.551476
vt 0.822279 0.557585
f 502/937/502 303/639/303 407/938/407
vt 0.817060 0.818036
f 271/790/271 434/939/434 522/861/522
vt 0.285021 0.129937
f 499/940/499 408/581/408 471/662/471
f 583/681/583 408/581/408 499/940/499
vt 0.887938 0.191604
f 331/863/331 436/941/436 437/755/437
vt 0.751269 0.198993
f 405/739/405 305/586/305 469/942/469
vt 0.019958 0.344528
f 463/869/463 449/868/449 483/943/483
vt 0.650267 0.447258
f 390/774/390 447/786/447 497/944/497
vt 0.181418 0.761122
vt 0.175158 0.759130
vt 0.176273 0.753634
f 520/945/520 423/946/423 415/947/415
vt 0.635375 0.443487
f 447/786/447 386/697/386 446/948/446
vt 0.290707 0.101735
vt 0.292497 0.097431
vt 0.292240 0.099782
f 460/949/460 422/950/422 451/951/451
vt 0.286564 0.101187
f 460/949/460 495/952/495 422/950/422
f 432/771/432 446/948/446 386/697/386
f 323/678/323 574/699/574 501/850/501
vt 0.547443 0.214204
f 430/802/430 453/953/453 523/916/523
vt 0.546127 0.232143
f 417/826/417 468/954/468 459/763/459
vt 0.550989 0.608825
vt 0.552950 0.599409
f 378/955/378 362/611/362 517/956/517
vt 0.338014 0.259130
f 423/912/423 466/957/466 426/913/426
vt 0.590090 0.658534
f 518/958/518 337/907/337 588/906/588
vt 0.023976 0.363701
f 474/926/474 424/780/424 481/959/481
vt 0.663917 0.455725
f 371/625/371 452/960/452 449/800/449
vt 0.267020 0.148709
vt 0.269240 0.146053
f 426/890/426 445/961/445 521/962/521
f 482/888/482 431/659/431 494/772/494
f 450/891/450 426/890/426 521/962/521
f 338/660/338 452/960/452 371/625/371
vt 0.559175 0.611706
f 412/810/412 378/955/378 582/963/582
vt 0.337608 0.255428
f 466/957/466 507/964/507 426/913/426
vt 0.578002 0.642244
f 514/924/514 478/965/478 373/925/373
vt 0.341207 0.253657
f 445/966/445 426/913/426 507/964/507
vt 0.893482 0.190314
vt 0.891748 0.190388
f 381/967/381 477/968/477 331/863/331
f 392/661/392 467/883/467 503/881/503
f 425/824/425 422/950/422 495/952/495
f 401/744/401 400/894/400 458/893/458
vt 0.409919 0.086195
f 417/833/417 425/832/425 530/969/530
vt 0.546939 0.230068
f 468/954/468 417/826/417 530/970/530
f 419/816/419 428/919/428 480/897/480
vt 0.061845 0.930025
f 413/588/413 541/971/541 328/703/328
vt 0.027652 0.401057
f 506/972/506 464/904/464 439/871/439
vt 0.748344 0.754152
f 625/776/625 379/719/379 615/973/615
vt 0.020730 0.938619
vt 0.024214 0.926790
f 442/827/442 438/974/438 670/975/670
vt 0.193943 0.705476
vt 0.192714 0.702499
vt 0.195828 0.701425
f 460/976/460 451/977/451 475/978/475
vt 0.015809 0.931996
f 438/974/438 515/979/515 670/975/670
vt 0.193064 0.698683
vt 0.192773 0.701719
f 441/980/441 475/978/475 451/981/451
f 568/875/568 336/694/336 486/879/486
vt 0.054403 0.926249
vt 0.048420 0.927367
f 545/982/545 413/588/413 505/983/505
vt 0.180218 0.743654
f 428/984/428 462/805/462 482/888/482
f 351/726/351 505/983/505 413/588/413
vt 0.764387 0.769593
vt 0.760755 0.772844
f 364/732/364 395/985/395 596/986/596
vt 0.215817 0.354817
f 596/987/596 395/808/395 491/842/491
vt 0.017785 0.341309
f 449/868/449 452/988/452 483/943/483
f 424/780/424 476/843/476 481/959/481
f 351/726/351 442/827/442 670/975/670
vt 0.902606 0.477745
vt 0.902755 0.480007
f 457/851/457 454/989/454 420/990/420
f 330/363/330 465/769/465 332/663/332
f 465/769/465 538/900/538 332/663/332
f 467/883/467 390/774/390 497/944/497
f 705/807/705 517/956/517 362/611/362
f 533/927/533 411/856/411 463/869/463
vt 0.176461 0.764632
f 466/991/466 423/946/423 520/945/520
vt 0.274260 0.136538
f 524/992/524 401/744/401 458/893/458
vt 0.750386 0.195465
vt 0.751231 0.198882
f 491/993/491 405/739/405 469/994/469
f 513/745/513 472/794/472 361/383/361
vt 0.941962 0.869403
f 527/752/527 368/670/368 690/995/690
vt 0.939334 0.835315
f 434/796/434 470/862/470 555/996/555
f 360/416/360 470/862/470 434/796/434
vt 0.144922 0.326757
f 473/797/473 375/799/375 435/997/435
vt 0.133205 0.318184
vt 0.131801 0.324488
vt 0.127621 0.325634
f 331/998/331 477/999/477 436/1000/436
vt 0.184124 0.749381
f 520/945/520 415/947/415 552/1001/552
vt 0.195388 0.699270
f 441/980/441 540/1002/540 475/978/475
vt 0.753421 0.768957
f 379/719/379 364/732/364 489/1003/489
vt 0.607438 0.435429
f 488/874/488 568/875/568 548/1004/548
vt 0.178447 0.748128
f 480/1005/480 552/1001/552 415/947/415
vt 0.239404 0.665409
f 461/753/461 493/1006/493 421/428/421
vt 0.896931 0.475408
f 457/851/457 542/1007/542 454/989/454
vt 0.331994 0.253066
f 507/964/507 466/957/466 496/1008/496
vt 0.895038 0.478990
f 542/1007/542 457/851/457 572/1009/572
vt 0.640079 0.439388
f 447/786/447 446/948/446 597/1010/597
f 393/713/393 455/922/455 485/921/485
f 572/1009/572 457/851/457 504/815/504
f 338/660/338 503/881/503 452/960/452
vt 0.633407 0.439773
f 571/1011/571 446/948/446 432/771/432
vt 0.263340 0.148829
f 521/962/521 445/961/445 490/1012/490
vt 0.624614 0.438609
f 432/771/432 456/782/456 550/1013/550
f 486/879/486 354/696/354 484/698/484
vt 0.286495 0.097088
f 530/1014/530 425/824/425 495/952/495
vt 0.081775 0.926062
f 292/210/292 543/666/543 914/1015/914
vt 0.039600 0.924194
f 505/983/505 351/726/351 510/1016/510
f 670/975/670 510/1016/510 351/726/351
vt 0.195269 0.708609
vt 0.196779 0.703502
f 509/1017/509 460/976/460 516/1018/516
f 517/956/517 582/963/582 378/955/378
f 475/978/475 516/1018/516 460/976/460
vt 0.106581 0.937737
f 206/204/206 626/1019/626 194/443/194
vt 0.940551 0.882961
vt 0.944371 0.880338
f 567/1020/567 464/914/464 506/1021/506
f 478/965/478 440/908/440 373/925/373
vt 0.286978 0.103736
f 460/949/460 509/1022/509 495/952/495
vt 0.580962 0.435020
f 484/698/484 393/713/393 537/1023/537
vt 0.563000 0.618943
f 582/963/582 589/1024/589 412/810/412
f 412/810/412 589/1024/589 443/819/443
f 428/984/428 552/1001/552 480/1005/480
vt 0.661791 0.451055
f 452/960/452 503/881/503 519/1025/519
vt 0.568121 0.435057
f 454/920/454 542/1026/542 485/921/485
vt 0.179589 0.770083
f 512/1027/512 466/991/466 520/945/520
vt 0.566619 0.623715
f 590/1028/590 443/819/443 589/1024/589
vt 0.332137 0.257008
f 512/1029/512 496/1008/496 466/957/466
vt 0.524650 0.283736
f 504/857/504 418/858/418 536/1030/536
vt 0.266361 0.151792
vt 0.263562 0.152459
vt 0.260134 0.151361
f 507/1031/507 496/1032/496 508/1033/508
f 443/819/443 590/1028/590 556/728/556
vt 0.522478 0.278867
f 388/749/388 525/1034/525 418/858/418
f 463/869/463 483/943/483 533/927/533
f 445/961/445 507/1031/507 490/1012/490
f 550/1013/550 571/1011/571 432/771/432
vt 0.541457 0.458824
f 745/1035/745 444/901/444 374/822/374
vt 0.540744 0.480329
f 438/845/438 444/901/444 515/1036/515
f 456/782/456 479/785/479 550/1013/550
vt 0.615123 0.436853
f 564/1037/564 479/785/479 488/874/488
f 567/1020/567 368/670/368 464/914/464
f 401/744/401 524/992/524 526/899/526
vt 0.193774 0.695863
f 523/1038/523 540/1002/540 441/980/441
vt 0.937273 0.878874
f 368/670/368 621/1039/621 690/995/690
vt 0.976279 0.510568
f 525/1040/525 388/859/388 557/860/557
vt 0.937608 0.839905
f 555/1041/555 470/862/470 363/766/363
vt 0.085946 0.301285
f 407/683/407 472/794/472 682/1042/682
vt 0.815721 0.561376
f 502/937/502 407/938/407 682/1043/682
vt 0.573444 0.070552
vt 0.577306 0.073249
vt 0.569966 0.073436
f 500/1044/500 522/1045/522 584/1046/584
f 473/797/473 477/999/477 381/608/381
f 488/874/488 548/1004/548 564/1037/564
f 508/1033/508 490/1012/490 507/1031/507
vt 0.032483 0.402866
f 439/871/439 685/1047/685 506/972/506
vt 0.327310 0.255494
f 512/1029/512 565/1048/565 496/1008/496
vt 0.241196 0.670416
f 493/1006/493 528/1049/528 421/428/421
vt 0.500635 0.684030
vt 0.506763 0.686367
f 648/1050/648 498/1051/498 492/849/492
vt 0.236953 0.652496
f 776/1052/776 461/753/461 349/567/349
vt 0.220467 0.354987
f 491/842/491 575/1053/575 596/987/596
f 349/567/349 394/781/394 776/1052/776
vt 0.219900 0.352755
f 491/842/491 469/1054/469 575/1053/575
f 487/622/487 394/781/394 396/640/396
vt 0.021405 0.340147
f 483/943/483 452/988/452 594/1055/594
vt 0.595164 0.433138
f 486/879/486 484/698/484 629/1056/629
f 550/1013/550 479/785/479 564/1037/564
vt 0.187887 0.713042
vt 0.190183 0.713249
vt 0.190960 0.717022
f 468/1057/468 530/1058/530 569/1059/569
f 569/1059/569 459/896/459 468/1057/468
vt 0.742715 0.735799
f 385/711/385 620/1060/620 453/917/453
vt 0.657870 0.447428
f 467/883/467 497/944/497 607/1061/607
vt 0.893967 0.481800
f 572/1009/572 504/815/504 573/1062/573
vt 0.229719 0.632632
f 487/622/487 501/850/501 902/1063/902
vt 0.238138 0.675995
f 492/1064/492 421/428/421 528/1049/528
vt 0.191178 0.729414
f 459/896/459 649/1065/649 494/772/494
vt 0.184506 0.739374
f 428/984/428 482/888/482 549/1066/549
vt 0.749132 0.764653
f 379/719/379 489/1003/489 800/1067/800
vt 0.261738 0.148814
f 562/1068/562 490/1012/490 508/1033/508
vt 0.645448 0.441728
f 447/786/447 593/1069/593 497/944/497
vt 0.026949 0.357543
f 481/959/481 476/843/476 595/1070/595
f 476/843/476 427/880/427 595/1070/595
vt 0.198153 0.706375
f 516/1018/516 560/1071/560 509/1017/509
vt 0.665029 0.453473
f 519/1025/519 594/1072/594 452/960/452
vt 0.283783 0.104047
f 495/952/495 509/1022/509 566/1073/566
f 503/881/503 467/883/467 607/1061/607
vt 0.047002 0.916478
vt 0.053598 0.918576
f 511/1074/511 578/1075/578 505/983/505
vt 0.190020 0.736156
f 549/1066/549 482/888/482 600/1076/600
vt 0.584065 0.430574
f 629/1056/629 484/698/484 547/1077/547
f 494/772/494 649/1065/649 482/888/482
f 545/982/545 505/983/505 578/1075/578
f 541/971/541 544/898/544 328/703/328
f 537/1023/537 547/1077/547 484/698/484
vt 0.066083 0.929695
f 544/898/544 541/971/541 603/1078/603
f 545/982/545 541/971/541 413/588/413
vt 0.522969 0.284884
f 536/1030/536 573/1079/573 504/857/504
f 393/713/393 485/921/485 537/1023/537
f 510/1016/510 511/1074/511 505/983/505
vt 0.123227 0.261116
vt 0.119632 0.257936
vt 0.126538 0.254171
f 563/1080/563 440/1081/440 532/1082/532
vt 0.526485 0.281188
f 525/1034/525 640/1083/640 418/858/418
f 536/1030/536 418/858/418 640/1083/640
vt 0.211742 0.602299
f 626/1084/626 574/699/574 194/818/194
vt 0.873086 0.187121
vt 0.875091 0.192585
f 433/1085/433 437/755/437 559/1086/559
vt 0.940091 0.852889
f 553/1087/553 363/766/363 527/752/527
f 621/1039/621 368/670/368 567/1020/567
vt 0.807851 0.547738
f 557/932/557 502/937/502 622/1088/622
vt 0.089956 0.302281
f 529/1089/529 682/1042/682 472/794/472
vt 0.585379 0.649169
f 440/908/440 563/1090/563 588/906/588
vt 0.569467 0.068799
f 435/1091/435 500/1044/500 584/1046/584
f 471/662/471 526/899/526 499/940/499
f 755/911/755 383/735/383 474/926/474
vt 0.882201 0.190657
f 535/1092/535 559/1086/559 437/755/437
vt 0.144602 0.332586
f 584/1093/584 473/797/473 435/997/435
vt 0.229468 0.347339
vt 0.235319 0.344004
vt 0.235419 0.349853
f 583/1094/583 499/1095/499 720/1096/720
vt 0.882302 0.190886
f 535/1097/535 437/755/437 436/941/436
vt 0.117969 0.234540
vt 0.122081 0.238472
vt 0.116029 0.239891
f 556/1098/556 669/1099/669 326/1100/326
vt 0.188243 0.098829
vt 0.191698 0.094806
vt 0.195263 0.096318
f 583/1101/583 586/1102/586 305/1103/305
vt 0.754193 0.201985
f 469/942/469 305/586/305 586/1104/586
vt 0.573498 0.633450
f 326/779/326 669/1105/669 514/924/514
vt 0.325728 0.250737
vt 0.328569 0.251996
f 565/1048/565 551/1106/551 496/1107/496
vt 0.260136 0.154071
vt 0.254569 0.155220
f 508/1033/508 496/1108/496 551/1109/551
vt 0.545929 0.472536
f 628/1110/628 515/1036/515 444/901/444
vt 0.119738 0.251707
f 478/1111/478 532/1082/532 440/1081/440
vt 0.031570 0.915934
f 510/1016/510 670/975/670 708/1112/708
vt 0.386379 0.721648
vt 0.386974 0.721587
vt 0.385789 0.723614
f 475/1113/475 540/1114/540 516/1115/516
f 486/879/486 629/1056/629 568/875/568
f 533/927/533 595/1070/595 427/880/427
vt 0.744004 0.731628
vt 0.742427 0.733165
f 523/1116/523 453/917/453 581/1117/581
vt 0.731586 0.080670
vt 0.733835 0.079707
vt 0.733352 0.080638
f 531/1118/531 530/1119/530 495/1120/495
vt 0.654136 0.444982
f 607/1061/607 497/944/497 608/1121/608
vt 0.191230 0.712819
vt 0.192155 0.714538
f 530/1122/530 531/1123/531 569/1059/569
f 549/1066/549 552/1001/552 428/984/428
f 447/786/447 597/1010/597 593/1069/593
vt 0.504480 0.681632
f 648/1050/648 724/1124/724 498/1051/498
vt 0.691162 0.065344
vt 0.696920 0.062382
vt 0.694555 0.065649
f 559/1125/559 535/1126/535 576/1127/576
f 489/1003/489 364/732/364 596/986/596
vt 0.219425 0.356548
f 596/987/596 575/1053/575 539/1128/539
vt 0.742283 0.744940
f 385/711/385 624/1129/624 620/1060/620
f 624/1129/624 385/711/385 625/776/625
vt 0.280222 0.102802
f 566/1073/566 531/1130/531 495/952/495
vt 0.029294 0.405105
f 506/972/506 685/1047/685 567/1131/567
vt 0.199474 0.710316
f 580/1132/580 509/1017/509 560/1071/560
vt 0.321997 0.253479
f 551/1106/551 565/1048/565 570/1133/570
vt 0.196516 0.711663
f 509/1017/509 580/1132/580 566/1134/566
f 597/1010/597 446/948/446 571/1011/571
vt 0.193401 0.722569
f 459/896/459 561/1135/561 649/1065/649
f 581/1117/581 453/917/453 620/1060/620
f 569/1059/569 561/1135/561 459/896/459
vt 0.543093 0.580579
vt 0.545110 0.582742
vt 0.540355 0.583685
f 724/1136/724 825/1137/825 498/1138/498
vt 0.021577 0.334909
vt 0.019529 0.334019
vt 0.020116 0.333150
f 519/1139/519 503/1140/503 607/1141/607
vt 0.033795 0.358896
f 474/926/474 481/959/481 655/1142/655
vt 0.624925 0.433874
f 571/1011/571 550/1013/550 611/1143/611
vt 0.498784 0.686548
f 528/1144/528 648/1050/648 492/849/492
vt 0.187919 0.742148
f 552/1001/552 549/1066/549 599/1145/599
vt 0.092100 0.308700
vt 0.091531 0.304865
f 472/794/472 598/1146/598 529/1147/529
f 649/1065/649 600/1076/600 482/888/482
vt 0.574685 0.428257
f 485/921/485 542/1026/542 714/1148/714
vt 0.617045 0.431536
f 577/1149/577 564/1037/564 548/1004/548
vt 0.224537 0.616800
f 574/699/574 612/1150/612 501/850/501
f 458/893/458 450/891/450 524/992/524
f 394/781/394 487/622/487 902/1063/902
vt 0.937980 0.844827
f 553/1087/553 554/1151/554 363/766/363
vt 0.832147 0.123596
vt 0.823728 0.122805
vt 0.828205 0.123025
f 562/1152/562 521/1153/521 490/1154/490
vt 0.575614 0.991916
vt 0.574810 0.986267
vt 0.582700 0.983624
f 543/1155/543 544/1156/544 897/1157/897
f 555/1041/555 363/766/363 554/1151/554
vt 0.266457 0.140548
vt 0.268814 0.145905
vt 0.260203 0.143039
f 585/1158/585 521/1159/521 631/1160/631
f 450/891/450 521/1159/521 585/1158/585
f 755/911/755 685/1047/685 439/871/439
vt 0.063666 0.926454
f 546/1161/546 603/1078/603 541/971/541
vt 0.030692 0.373670
f 755/911/755 474/926/474 687/1162/687
vt 0.390361 0.718345
vt 0.391438 0.722120
f 540/1114/540 523/1163/523 581/1164/581
vt 0.057756 0.924436
vt 0.059694 0.925917
f 545/982/545 630/1165/630 546/1166/546
vt 0.862218 0.176384
vt 0.862149 0.187356
f 513/1167/513 376/935/376 605/1168/605
vt 0.810856 0.821249
f 522/861/522 434/939/434 643/1169/643
vt 0.570392 0.977382
vt 0.575718 0.977541
vt 0.572094 0.977620
f 545/1170/545 546/1171/546 541/1172/541
vt 0.848120 0.177137
vt 0.850403 0.185331
f 598/1173/598 513/1167/513 606/1174/606
vt 0.094137 0.307148
f 472/794/472 513/745/513 598/1175/598
vt 0.253624 0.150446
f 508/1033/508 551/1109/551 644/1176/644
f 547/1077/547 537/1023/537 485/921/485
vt 0.039308 0.911965
f 747/1177/747 511/1074/511 510/1016/510
f 608/1121/608 497/944/497 593/1069/593
vt 0.602078 0.429686
f 568/875/568 633/1178/633 548/1004/548
vt 0.259448 0.148876
f 562/1179/562 508/1033/508 644/1176/644
vt 0.537644 0.448727
f 538/900/538 534/1180/534 374/822/374
vt 0.598589 0.429832
f 627/1181/627 568/875/568 629/1056/629
f 687/1162/687 474/926/474 655/1142/655
f 481/959/481 595/1070/595 655/1142/655
vt 0.889824 0.479206
f 637/1182/637 572/1009/572 573/1062/573
vt 0.622212 0.128037
vt 0.625867 0.132343
vt 0.621260 0.133487
f 600/1183/600 599/1184/599 549/1185/549
vt 0.026383 0.343521
f 483/943/483 717/1186/717 533/927/533
vt 0.118432 0.229000
vt 0.117753 0.222574
vt 0.125108 0.224104
f 590/1187/590 589/1188/589 819/1189/819
vt 0.182478 0.777599
vt 0.178853 0.776540
f 512/1027/512 636/1190/636 565/1191/565
vt 0.512663 0.426963
vt 0.519727 0.433239
f 558/768/558 601/1192/601 591/1193/591
vt 0.188461 0.758124
f 520/945/520 552/1001/552 609/1194/609
vt 0.185729 0.770757
f 520/945/520 602/1195/602 512/1027/512
f 465/769/465 558/768/558 591/1193/591
vt 0.252995 0.157698
vt 0.250446 0.157354
f 551/1109/551 570/1196/570 604/1197/604
vt 0.355334 0.160675
vt 0.353568 0.162116
vt 0.354738 0.159676
f 616/1198/616 570/1199/570 636/1200/636
vt 0.353442 0.158315
f 570/1199/570 565/1201/565 636/1200/636
f 914/1015/914 587/603/587 292/210/292
vt 0.933605 0.887581
f 621/1039/621 567/1020/567 657/1202/657
f 568/875/568 627/1181/627 633/1178/633
f 538/900/538 465/769/465 591/1193/591
f 611/1143/611 550/1013/550 564/1037/564
vt 0.024270 0.332665
f 592/1203/592 519/1139/519 607/1141/607
f 518/821/518 601/1192/601 558/768/558
f 594/1055/594 717/1186/717 483/943/483
vt 0.727381 0.080230
vt 0.730683 0.077191
f 531/1118/531 663/1204/663 569/1205/569
vt 0.527349 0.287808
f 536/1030/536 579/1206/579 573/1079/573
vt 0.890964 0.482473
vt 0.893843 0.481735
f 579/1207/579 637/1182/637 573/1208/573
vt 0.199939 0.716298
f 566/1134/566 580/1132/580 653/1209/653
f 376/935/376 433/1085/433 605/1168/605
vt 0.388975 0.727167
vt 0.384051 0.726668
f 516/1115/516 610/1210/610 560/1211/560
vt 0.238034 0.345069
vt 0.241227 0.350737
f 499/1095/499 526/1212/526 791/1213/791
f 516/1115/516 540/1114/540 610/1210/610
f 720/1096/720 499/1095/499 791/1213/791
f 581/1164/581 610/1210/610 540/1114/540
vt 0.225876 0.625283
f 612/1150/612 857/1214/857 501/850/501
f 513/1167/513 605/1168/605 606/1174/606
vt 0.984471 0.515119
vt 0.988928 0.516533
f 684/1215/684 557/860/557 622/1216/622
vt 0.817593 0.828374
vt 0.818383 0.836060
vt 0.813228 0.836401
f 555/1217/555 554/1218/554 756/1219/756
vt 0.980105 0.516138
f 722/1220/722 525/1040/525 557/860/557
f 643/1169/643 434/939/434 555/1217/555
vt 0.185392 0.092402
f 586/1102/586 583/1101/583 793/1221/793
vt 0.595242 0.661418
f 588/906/588 601/1222/601 518/958/518
vt 0.809633 0.814002
f 522/861/522 643/1169/643 584/1223/584
vt 0.138901 0.336393
f 584/1093/584 817/1224/817 473/797/473
vt 0.727515 0.077269
f 569/1205/569 663/1204/663 561/1225/561
vt 0.196735 0.719907
vt 0.195872 0.715332
f 663/1226/663 531/1227/531 653/1209/653
vt 0.189200 0.752756
f 634/1228/634 609/1194/609 552/1001/552
vt 0.027094 0.337992
vt 0.022786 0.335774
f 735/1229/735 594/1230/594 519/1139/519
f 800/1067/800 615/973/615 379/719/379
vt 0.545990 0.461574
f 444/901/444 745/1035/745 662/1231/662
vt 0.569292 0.963031
vt 0.574256 0.970414
vt 0.568986 0.969321
f 578/1232/578 630/1233/630 545/1234/545
vt 0.279333 0.105940
f 531/1130/531 566/1073/566 653/1235/653
vt 0.317611 0.252222
vt 0.320257 0.249360
f 570/1133/570 639/1236/639 604/1237/604
vt 0.196895 0.727686
f 649/1065/649 561/1135/561 702/1238/702
vt 0.754022 0.775776
f 671/1239/671 489/1003/489 596/986/596
vt 0.355638 0.165420
vt 0.355979 0.162085
f 639/1240/639 570/1199/570 616/1241/616
vt 0.653031 0.440394
f 593/1069/593 666/1242/666 608/1121/608
f 602/1195/602 636/1190/636 512/1027/512
vt 0.645801 0.438321
f 593/1069/593 597/1010/597 691/1243/691
vt 0.632263 0.432325
f 571/1011/571 611/1143/611 680/1244/680
vt 0.571139 0.429194
f 542/1026/542 647/1245/647 714/1148/714
vt 0.610717 0.431333
f 548/1004/548 664/1246/664 577/1149/577
vt 0.014678 0.923547
f 515/979/515 623/1247/623 670/975/670
vt 0.937844 0.886460
f 567/1020/567 613/1248/613 657/1202/657
vt 0.193002 0.741912
vt 0.190782 0.747873
vt 0.188993 0.740816
f 614/1249/614 650/1250/650 599/1251/599
vt 0.220979 0.358540
f 671/1252/671 539/1128/539 575/1053/575
f 599/1251/599 600/1076/600 614/1249/614
vt 0.315159 0.248202
f 604/1237/604 639/1236/639 642/1253/642
f 590/1187/590 669/1099/669 556/1098/556
f 599/1251/599 650/1250/650 552/1001/552
vt 0.249082 0.154172
vt 0.246142 0.158434
f 673/1254/673 604/1197/604 642/1255/642
f 602/1195/602 520/945/520 609/1194/609
vt 0.541121 0.488599
vt 0.544805 0.481679
f 623/1256/623 515/1036/515 632/1257/632
f 604/1197/604 673/1254/673 551/1109/551
vt 0.589686 0.428573
f 629/1056/629 547/1077/547 676/1258/676
f 673/1254/673 644/1176/644 551/1109/551
vt 0.016460 0.920433
f 623/1247/623 619/1259/619 670/975/670
vt 0.127304 0.242832
vt 0.117956 0.245112
f 669/1099/669 790/1260/790 514/1261/514
f 628/1110/628 632/1257/632 515/1036/515
vt 0.869045 0.192061
f 605/1168/605 433/1085/433 677/1262/677
vt 0.190726 0.748014
f 552/1001/552 650/1263/650 634/1228/634
vt 0.527850 0.437985
f 706/1264/706 538/900/538 591/1193/591
vt 0.577518 0.981307
f 603/1265/603 897/1157/897 544/1156/544
vt 0.358827 0.165121
f 665/1266/665 639/1240/639 616/1241/616
f 577/1149/577 611/1143/611 564/1037/564
vt 0.243465 0.669177
f 493/1006/493 635/1267/635 528/1049/528
f 485/921/485 714/1148/714 547/1077/547
vt 0.896590 0.475044
vt 0.890359 0.473585
f 542/1268/542 572/1009/572 730/1269/730
vt 0.605882 0.426662
f 548/1004/548 618/1270/618 664/1246/664
vt 0.268808 0.137886
f 524/992/524 450/891/450 585/1271/585
vt 0.258911 0.147298
f 562/1272/562 631/1160/631 521/1159/521
vt 0.384086 0.731013
f 580/1273/580 560/1211/560 610/1210/610
f 857/1214/857 902/1063/902 501/850/501
vt 0.034373 0.408461
f 613/1274/613 567/1131/567 685/1047/685
vt 0.269208 0.134309
vt 0.272034 0.130872
f 526/899/526 524/1275/524 652/1276/652
vt 0.803608 0.555871
f 771/1277/771 502/937/502 682/1043/682
vt 0.832850 0.850904
vt 0.833805 0.856288
vt 0.823418 0.858392
f 690/1278/690 621/1279/621 928/1280/928
vt 0.803218 0.542864
vt 0.800724 0.539981
vt 0.805705 0.538907
f 684/1281/684 722/1282/722 557/1283/557
vt 0.828550 0.842656
vt 0.823048 0.842506
f 527/1284/527 690/1278/690 553/1285/553
vt 0.879160 0.193297
vt 0.884469 0.197445
f 576/1286/576 535/1097/535 436/1287/436
vt 0.128880 0.338955
f 688/1288/688 473/797/473 817/1224/817
f 477/999/477 473/797/473 688/1288/688
vt 0.807101 0.819729
f 584/1223/584 643/1169/643 686/1289/686
vt 0.247674 0.660347
f 493/1006/493 461/753/461 1001/1290/1001
f 627/1181/627 629/1056/629 676/1258/676
f 519/1139/519 592/1203/592 735/1229/735
vt 0.578920 0.426037
f 547/1077/547 714/1148/714 646/1291/646
vt 0.195705 0.745594
f 749/1292/749 650/1250/650 614/1249/614
vt 0.656647 0.443229
f 607/1061/607 608/1121/608 672/1293/672
vt 0.309547 0.247775
vt 0.311990 0.250839
vt 0.307845 0.250165
f 641/1294/641 638/1295/638 659/1296/659
f 642/1253/642 638/1295/638 641/1294/641
f 461/753/461 776/1052/776 1001/1290/1001
f 639/1236/639 638/1295/638 642/1253/642
vt 0.758410 0.775540
f 596/986/596 539/1297/539 671/1239/671
f 666/1242/666 593/1069/593 691/1243/691
vt 0.539303 0.453527
f 744/1298/744 745/1035/745 374/822/374
f 735/1229/735 717/1186/717 594/1055/594
vt 0.603152 0.662999
vt 0.599043 0.664822
f 1000/1299/1000 679/1300/679 601/1222/601
vt 0.147137 0.339598
f 817/1224/817 584/1093/584 686/1301/686
vt 0.518130 0.430008
f 601/1192/601 679/1302/679 591/1193/591
vt 0.188948 0.777654
f 651/1303/651 636/1190/636 602/1195/602
f 374/822/374 534/1180/534 744/1298/744
vt 0.636703 0.434659
f 597/1010/597 571/1011/571 617/1304/617
vt 0.022711 0.910555
f 708/1112/708 670/975/670 661/1305/661
f 617/1304/617 571/1011/571 680/1244/680
vt 0.531275 0.282931
f 536/1030/536 640/1083/640 707/1306/707
vt 0.184670 0.786609
vt 0.181057 0.785873
vt 0.181018 0.782804
f 746/1307/746 665/1308/665 616/1309/616
vt 0.358319 0.169596
f 665/1266/665 638/1310/638 639/1240/639
f 633/1178/633 618/1270/618 548/1004/548
vt 0.871745 0.192260
f 433/1085/433 559/1086/559 677/1311/677
f 662/1231/662 628/1110/628 444/901/444
f 747/1177/747 510/1016/510 708/1112/708
vt 0.220450 0.602205
f 626/1084/626 835/1312/835 574/699/574
vt 0.578063 0.975587
f 630/1233/630 773/1313/773 546/1171/546
f 746/1307/746 636/1190/636 651/1303/651
vt 0.200674 0.719631
f 645/1314/645 663/1226/663 653/1209/653
f 636/1190/636 746/1307/746 616/1309/616
vt 0.385952 0.733740
f 610/1210/610 683/1315/683 580/1273/580
vt 0.659670 0.444593
f 592/1316/592 607/1061/607 672/1293/672
f 670/975/670 619/1259/619 661/1305/661
vt 0.521658 0.432088
f 679/1302/679 701/1317/701 591/1193/591
vt 0.099995 0.929708
f 206/204/206 753/1318/753 626/1019/626
f 608/1121/608 666/1242/666 672/1293/672
vt 0.190408 0.770106
f 667/1319/667 602/1195/602 609/1194/609
f 206/204/206 587/603/587 753/1318/753
vt 0.723713 0.076695
vt 0.725631 0.075884
f 663/1204/663 702/1320/702 561/1321/561
vt 0.485390 0.178598
vt 0.484716 0.176591
vt 0.487280 0.173035
f 600/1322/600 649/1323/649 700/1324/700
vt 0.014071 0.917710
vt 0.015764 0.913986
f 668/1325/668 656/1326/656 619/1259/619
vt 0.588066 0.648562
vt 0.591343 0.640231
f 588/906/588 563/1327/563 1069/1328/1069
f 448/806/448 825/1137/825 705/807/705
vt 0.539372 0.492571
vt 0.539243 0.489773
f 623/1256/623 668/1329/668 619/1330/619
vt 0.360216 0.170292
vt 0.360427 0.173163
f 638/1310/638 665/1331/665 659/1332/659
vt 0.116500 0.324428
vt 0.119539 0.324488
vt 0.113827 0.328145
f 559/1333/559 576/1334/576 694/1335/694
f 637/1182/637 730/1269/730 572/1009/572
vt 0.053264 0.909827
f 511/1074/511 968/1336/968 578/1075/578
vt 0.750834 0.204571
f 469/942/469 586/1104/586 695/1337/695
vt 0.736980 0.740312
f 620/1060/620 624/1129/624 757/1338/757
vt 0.603521 0.656725
f 961/1339/961 601/1222/601 588/906/588
vt 0.388034 0.033259
vt 0.389572 0.033137
vt 0.389617 0.034602
f 730/1340/730 647/1341/647 542/1342/542
vt 0.533408 0.442612
f 706/1264/706 709/1343/709 538/900/538
vt 0.533645 0.287760
f 579/1206/579 536/1030/536 733/1344/733
f 536/1030/536 707/1306/707 733/1344/733
vt 0.226199 0.360401
f 671/1252/671 575/1053/575 660/1345/660
vt 0.244992 0.155553
f 673/1254/673 642/1255/642 731/1346/731
vt 0.224118 0.355325
vt 0.227806 0.357798
f 575/1053/575 469/1347/469 695/1348/695
vt 0.241738 0.162759
vt 0.239002 0.161541
f 642/1255/642 641/1349/641 699/1350/699
vt 0.496571 0.685091
f 635/1351/635 648/1050/648 528/1144/528
vt 0.201319 0.714067
f 653/1209/653 580/1132/580 683/1352/683
vt 0.182242 0.101132
f 720/1353/720 793/1221/793 583/1101/583
f 622/1088/622 502/937/502 771/1277/771
vt 0.836688 0.123604
vt 0.836073 0.126727
f 562/1152/562 644/1354/644 654/1355/654
vt 0.015025 0.637411
vt 0.009791 0.642669
vt 0.011721 0.639180
f 581/1356/581 689/1357/689 610/1358/610
vt 0.256285 0.145707
f 654/1359/654 631/1160/631 562/1272/562
f 603/1265/603 546/1171/546 773/1313/773
vt 0.278972 0.128457
vt 0.276755 0.129371
f 791/1360/791 526/899/526 652/1361/652
vt 0.017153 0.639584
vt 0.016677 0.645944
f 581/1356/581 620/1362/620 757/1363/757
vt 0.970335 0.517054
vt 0.971616 0.511888
f 525/1040/525 658/1364/658 640/1365/640
vt 0.244980 0.668417
f 493/1006/493 692/1366/692 635/1267/635
vt 0.261899 0.139557
f 585/1158/585 631/1160/631 719/1367/719
f 477/999/477 688/1288/688 436/1000/436
vt 0.809099 0.831226
f 555/1217/555 721/1368/721 643/1169/643
vt 0.182984 0.791004
vt 0.188976 0.794029
vt 0.182317 0.796341
f 665/1369/665 696/1370/696 659/1371/659
vt 0.807041 0.825593
f 686/1289/686 643/1169/643 723/1372/723
vt 0.872361 0.194807
f 677/1311/677 559/1086/559 694/1373/694
vt 0.621007 0.425748
f 611/1143/611 577/1149/577 727/1374/727
vt 0.500890 0.680937
f 724/1124/724 648/1050/648 674/1375/674
vt 0.302643 0.247401
f 641/1294/641 659/1296/659 681/1376/681
vt 0.242429 0.157592
f 642/1255/642 699/1350/699 741/1377/741
vt 0.489050 0.180796
f 700/1324/700 614/1378/614 600/1322/600
vt 0.477229 0.219362
vt 0.474243 0.213615
vt 0.479729 0.214866
f 667/1379/667 609/1380/609 711/1381/711
vt 0.389010 0.032632
f 647/1341/647 730/1340/730 678/1382/678
vt 0.880647 0.475352
f 730/1269/730 637/1182/637 732/1383/732
vt 0.888440 0.481195
f 579/1384/579 732/1383/732 637/1182/637
vt 0.193550 0.752264
vt 0.192884 0.750113
vt 0.197542 0.752756
f 634/1385/634 650/1386/650 770/1387/770
vt 0.597094 0.424203
f 633/1178/633 627/1181/627 768/1388/768
vt 0.545750 0.489668
vt 0.547857 0.481895
f 752/1389/752 632/1257/632 799/1390/799
vt 0.548172 0.476165
f 628/1110/628 797/1391/797 632/1257/632
f 627/1181/627 676/1258/676 768/1388/768
vt 0.029858 0.333755
vt 0.023467 0.328410
f 852/1392/852 592/1203/592 672/1393/672
vt 0.362869 0.175682
vt 0.363938 0.174752
f 681/1394/681 659/1332/659 693/1395/693
vt 0.201531 0.723690
f 663/1226/663 710/1396/710 702/1238/702
vt 0.590214 0.424506
f 763/1397/763 676/1258/676 547/1077/547
f 575/1053/575 695/1348/695 660/1345/660
vt 0.625403 0.429853
f 703/1398/703 680/1244/680 611/1143/611
f 661/1305/661 619/1259/619 656/1326/656
f 961/1339/961 1000/1299/1000 601/1222/601
vt 0.074629 0.923835
f 543/666/543 789/1399/789 914/1015/914
vt 0.651540 0.436814
f 666/1242/666 691/1243/691 704/1400/704
vt 0.128411 0.259467
f 1069/1401/1069 563/1080/563 532/1082/532
f 710/1396/710 663/1226/663 645/1314/645
vt 0.391170 0.729198
f 683/1315/683 610/1210/610 689/1402/689
vt 0.525854 0.433341
f 701/1317/701 796/1403/796 591/1193/591
vt 0.645043 0.433626
f 691/1243/691 597/1010/597 750/1404/750
vt 0.602650 0.667849
f 1000/1299/1000 701/1405/701 679/1300/679
vt 0.490745 0.182202
vt 0.490297 0.183733
f 767/1406/767 749/1407/749 614/1378/614
f 591/1193/591 796/1403/796 706/1264/706
vt 0.116582 0.212445
f 582/1408/582 819/1189/819 589/1188/589
vt 0.108480 0.934559
f 626/1019/626 753/1318/753 835/1409/835
vt 0.616041 0.426664
f 664/1246/664 734/1410/734 577/1149/577
vt 0.611292 0.424440
f 734/1410/734 664/1246/664 675/1411/675
vt 0.579342 0.966564
f 805/1412/805 630/1233/630 578/1232/578
f 617/1304/617 750/1404/750 597/1010/597
vt 0.126392 0.230394
f 798/1413/798 590/1187/590 819/1189/819
vt 0.895500 0.467525
vt 0.896464 0.470778
vt 0.894289 0.468596
f 714/1414/714 647/1415/647 678/1416/678
f 752/1389/752 623/1256/623 632/1257/632
f 798/1413/798 669/1099/669 590/1187/590
f 655/1142/655 595/1070/595 533/927/533
f 532/1082/532 478/1111/478 790/1260/790
f 655/1142/655 533/927/533 717/1186/717
vt 0.607519 0.224896
vt 0.605857 0.234164
vt 0.602003 0.227040
f 553/1417/553 690/1418/690 758/1419/758
vt 0.039990 0.397096
f 755/911/755 754/1420/754 685/1047/685
f 689/1357/689 581/1356/581 757/1363/757
vt 0.247064 0.346994
vt 0.248313 0.351158
f 791/1213/791 652/1421/652 883/1422/883
vt 0.116884 0.331667
f 694/1335/694 576/1334/576 725/1423/725
vt 0.050277 0.908350
f 879/1424/879 968/1336/968 511/1074/511
vt 0.540314 0.493629
f 668/1425/668 623/1256/623 752/1389/752
vt 0.227600 0.356006
vt 0.231542 0.357762
f 586/1426/586 793/1427/793 695/1348/695
vt 0.248218 0.149580
f 673/1254/673 759/1428/759 644/1176/644
vt 0.257283 0.144446
f 631/1160/631 654/1359/654 743/1429/743
f 721/1368/721 723/1372/723 643/1169/643
f 514/1261/514 790/1260/790 478/1111/478
f 576/1334/576 436/1000/436 725/1423/725
vt 0.610891 0.183375
vt 0.614813 0.179623
vt 0.622138 0.182717
f 524/1430/524 585/1431/585 719/1432/719
f 658/1364/658 525/1040/525 722/1220/722
f 709/1343/709 534/1180/534 538/900/538
f 577/1149/577 734/1410/734 727/1374/727
vt 0.299504 0.247997
vt 0.302846 0.250411
f 715/1433/715 681/1376/681 693/1434/693
f 735/1229/735 592/1203/592 852/1392/852
vt 0.200342 0.728987
vt 0.196764 0.732450
f 712/1435/712 700/1436/700 702/1238/702
vt 0.495731 0.683578
f 648/1050/648 635/1351/635 692/1437/692
vt 0.859107 0.689985
vt 0.860223 0.686886
vt 0.860930 0.691402
f 674/1438/674 911/1439/911 724/1440/724
vt 0.183169 0.799345
f 659/1371/659 696/1370/696 693/1441/693
f 675/1411/675 664/1246/664 618/1270/618
f 702/1238/702 700/1436/700 649/1065/649
vt 0.024432 0.324929
vt 0.031020 0.325337
f 672/1393/672 666/1442/666 921/1443/921
f 665/1369/665 746/1307/746 696/1370/696
vt 0.583011 0.986989
f 897/1157/897 789/1444/789 543/1155/543
f 703/1398/703 611/1143/611 727/1374/727
vt 0.636813 0.428507
f 617/1304/617 680/1244/680 738/1445/738
f 749/1292/749 770/1387/770 650/1386/650
f 624/1129/624 625/776/625 615/973/615
vt 0.243292 0.644275
f 394/781/394 898/1446/898 776/1052/776
vt 0.244978 0.155206
vt 0.244422 0.151220
f 673/1254/673 731/1447/731 779/1448/779
vt 0.840473 0.127537
f 644/1354/644 806/1449/806 654/1355/654
f 741/1377/741 731/1346/731 642/1255/642
vt 0.492935 0.679152
f 812/1450/812 648/1050/648 692/1437/692
vt 0.493654 0.176856
f 614/1378/614 700/1324/700 767/1451/767
vt 0.569194 0.425834
vt 0.566238 0.427447
vt 0.568828 0.424634
f 678/1452/678 730/1453/730 726/1454/726
vt 0.584128 0.422196
f 713/1455/713 547/1077/547 646/1291/646
f 630/1233/630 805/1412/805 773/1313/773
vt 0.247349 0.666018
f 837/1456/837 692/1366/692 493/1006/493
vt 0.388390 0.029808
vt 0.388376 0.030610
vt 0.387858 0.029943
f 728/1457/728 678/1458/678 726/1459/726
vt 0.742012 0.767016
f 489/1003/489 823/1460/823 800/1067/800
vt 0.364966 0.178557
vt 0.367312 0.179333
f 715/1461/715 693/1395/693 824/1462/824
vt 0.573728 0.955339
f 968/1463/968 805/1412/805 578/1232/578
vt 0.196287 0.758182
vt 0.194708 0.755115
f 785/1464/785 634/1465/634 770/1387/770
vt 0.484153 0.209006
f 711/1381/711 609/1380/609 785/1466/785
vt 0.190876 0.783154
f 651/1303/651 764/1467/764 746/1307/746
f 667/1319/667 651/1303/651 602/1195/602
vt 0.474641 0.208030
f 634/1468/634 785/1466/785 609/1380/609
vt 0.232694 0.165668
vt 0.232849 0.169273
vt 0.226948 0.167858
f 716/1469/716 715/1470/715 869/1471/869
vt 0.300104 0.246235
f 715/1433/715 716/1472/716 681/1376/681
f 511/1074/511 747/1177/747 879/1424/879
vt 0.017576 0.902674
vt 0.028940 0.901376
f 661/1305/661 794/1473/794 836/1474/836
vt 0.602370 0.647491
f 588/906/588 870/1475/870 961/1339/961
vt 0.535994 0.505851
vt 0.533063 0.505944
vt 0.530274 0.501179
f 751/1476/751 794/1477/794 661/1478/661
f 704/1400/704 691/1243/691 750/1404/750
vt 0.108520 0.327381
vt 0.110912 0.322155
vt 0.111880 0.326564
f 766/1479/766 677/1480/677 694/1481/694
f 547/1077/547 713/1455/713 763/1397/763
vt 0.569830 0.426350
vt 0.572160 0.425252
f 714/1148/714 678/1482/678 728/1483/728
vt 0.563153 0.585509
f 705/807/705 1168/1484/1168 517/956/517
vt 0.018309 0.910746
f 698/1485/698 661/1305/661 656/1326/656
vt 0.890793 0.467810
vt 0.884994 0.468699
f 726/1486/726 730/1269/730 769/1487/769
vt 0.881738 0.480830
f 733/1488/733 732/1383/732 579/1384/579
vt 0.841294 0.182119
f 598/1173/598 606/1174/606 804/1489/804
vt 0.387487 0.741460
vt 0.383267 0.741442
vt 0.383021 0.738262
f 718/1490/718 645/1491/645 653/1492/653
vt 0.537434 0.497497
vt 0.540390 0.501798
f 656/1493/656 668/1425/668 697/1494/697
f 653/1492/653 683/1315/683 718/1490/718
vt 0.536131 0.501014
f 697/1494/697 698/1495/698 656/1493/656
vt 0.041643 0.340335
f 655/1142/655 717/1186/717 925/1496/925
vt 0.842681 0.176438
f 529/1497/529 598/1173/598 804/1489/804
vt 0.790769 0.540657
f 684/1281/684 622/1088/622 1017/1498/1017
vt 0.235494 0.165793
f 641/1349/641 681/1499/681 699/1350/699
vt 0.605624 0.215638
f 554/1500/554 553/1417/553 758/1419/758
vt 0.106958 0.927112
f 1130/1501/1130 835/1409/835 753/1318/753
vt 0.967366 0.513061
f 707/1502/707 640/1365/640 658/1364/658
vt 0.823635 0.854019
f 758/1503/758 690/1278/690 928/1280/928
f 756/1219/756 721/1368/721 555/1217/555
f 751/1476/751 661/1478/661 698/1495/698
vt 0.619605 0.184927
f 719/1432/719 895/1504/895 524/1430/524
vt 0.031929 0.904819
f 708/1112/708 737/1505/737 747/1177/747
vt 0.927393 0.885429
f 657/1202/657 1104/1506/1104 621/1039/621
f 688/1288/688 725/1423/725 436/1000/436
vt 0.041323 0.369816
f 655/1142/655 923/1507/923 687/1162/687
vt 0.759039 0.241010
vt 0.760328 0.249797
vt 0.758681 0.249291
f 662/1508/662 795/1509/795 628/1510/628
vt 0.531863 0.438326
f 796/1511/796 709/1343/709 706/1264/706
f 633/1178/633 768/1388/768 618/1270/618
vt 0.185718 0.808147
vt 0.188755 0.801105
f 824/1512/824 693/1441/693 840/1513/840
f 712/1435/712 702/1238/702 710/1396/710
vt 0.296025 0.248734
vt 0.295276 0.246395
f 824/1514/824 729/1515/729 715/1433/715
vt 0.764976 0.253324
vt 0.762199 0.252341
f 795/1509/795 797/1516/797 628/1517/628
vt 0.231152 0.170168
f 869/1471/869 715/1470/715 729/1518/729
f 693/1441/693 696/1370/696 840/1513/840
f 852/1392/852 672/1393/672 921/1443/921
f 716/1469/716 699/1350/699 681/1499/681
vt 0.025719 0.321397
f 921/1443/921 666/1442/666 704/1519/704
vt 0.581076 0.629686
vt 0.575503 0.626514
vt 0.576787 0.620698
f 790/1520/790 669/1521/669 798/1522/798
vt 0.191789 0.764716
vt 0.194122 0.767086
f 667/1319/667 711/1523/711 736/1524/736
vt 0.485059 0.212830
vt 0.483947 0.217279
f 748/1525/748 736/1526/736 711/1381/711
vt 0.855204 0.191698
f 605/1168/605 874/1527/874 606/1174/606
f 711/1381/711 785/1466/785 748/1525/748
vt 0.199993 0.740010
vt 0.201113 0.747035
f 749/1292/749 767/1528/767 778/1529/778
vt 0.842527 0.125124
f 644/1354/644 759/1530/759 806/1449/806
f 617/1304/617 738/1445/738 750/1404/750
vt 0.631341 0.426344
f 781/1531/781 680/1244/680 703/1398/703
vt 0.627325 0.425407
f 727/1374/727 772/1532/772 703/1398/703
vt 0.576152 0.424637
vt 0.576445 0.425366
f 714/1148/714 728/1533/728 646/1534/646
f 769/1487/769 730/1269/730 732/1383/732
vt 0.615455 0.421717
f 734/1410/734 675/1411/675 809/1535/809
f 1001/1290/1001 837/1456/837 493/1006/493
vt 0.865495 0.195578
f 605/1168/605 677/1262/677 766/1536/766
vt 0.535362 0.285140
f 707/1306/707 847/1537/847 733/1344/733
vt 0.496202 0.677334
f 648/1050/648 854/1538/854 674/1375/674
vt 0.745317 0.779438
f 489/1003/489 671/1239/671 1004/1539/1004
vt 0.752831 0.780176
f 671/1239/671 660/1540/660 1004/1539/1004
f 778/1529/778 770/1387/770 749/1292/749
vt 0.193252 0.772749
f 651/1303/651 667/1319/667 765/1541/765
vt 0.549777 0.576252
f 825/1137/825 724/1136/724 911/1542/911
vt 0.489134 0.169026
vt 0.491165 0.170041
f 712/1543/712 784/1544/784 700/1324/700
vt 0.583572 0.977960
f 773/1313/773 816/1545/816 603/1265/603
f 673/1254/673 779/1448/779 759/1428/759
vt 0.522299 0.041838
vt 0.524102 0.040395
vt 0.523525 0.043048
f 731/1546/731 741/1547/741 761/1548/761
vt 0.241493 0.153701
f 779/1448/779 731/1447/731 761/1549/761
vt 0.231238 0.163330
f 699/1350/699 716/1469/716 739/1550/739
vt 0.189857 0.789837
f 696/1370/696 746/1307/746 803/1551/803
vt 0.252266 0.144386
vt 0.253662 0.145607
vt 0.250583 0.145914
f 860/1552/860 654/1553/654 806/1554/806
vt 0.834673 0.128649
vt 0.836969 0.127601
f 743/1555/743 654/1355/654 860/1556/860
vt 0.731176 0.750854
f 624/1129/624 615/973/615 937/1557/937
vt 0.650516 0.434652
f 740/1558/740 704/1400/704 750/1404/750
f 781/1531/781 738/1445/738 680/1244/680
vt 0.858138 0.684825
f 854/1559/854 911/1439/911 674/1438/674
vt 0.572713 0.422969
f 726/1454/726 843/1560/843 728/1483/728
vt 0.859696 0.195801
f 874/1527/874 605/1168/605 808/1561/808
vt 0.492174 0.683127
f 837/1562/837 812/1450/812 692/1437/692
f 784/1544/784 767/1451/767 700/1324/700
vt 0.579778 0.422261
f 774/1563/774 713/1455/713 646/1291/646
f 897/1157/897 603/1265/603 816/1545/816
f 781/1531/781 703/1398/703 772/1532/772
vt 0.875631 0.479292
f 733/1488/733 832/1564/832 732/1383/732
vt 0.963168 0.520078
vt 0.961394 0.516334
f 707/1502/707 973/1565/973 847/1566/847
vt 0.382766 0.744334
f 710/1567/710 645/1491/645 718/1490/718
vt 0.037460 0.412427
vt 0.043345 0.412858
f 657/1568/657 613/1274/613 899/1569/899
f 613/1274/613 685/1047/685 899/1569/899
vt 0.237981 0.636017
f 858/1570/858 394/781/394 902/1063/902
vt 0.623201 0.179822
vt 0.625435 0.181689
f 719/1432/719 631/1571/631 896/1572/896
vt 0.803382 0.561400
f 771/1277/771 682/1043/682 818/1573/818
f 925/1496/925 717/1186/717 735/1229/735
vt 0.178815 0.097548
vt 0.175841 0.101420
f 892/1574/892 720/1353/720 791/1575/791
f 661/1305/661 737/1505/737 708/1112/708
vt 0.113998 0.338926
f 725/1423/725 688/1288/688 884/1576/884
vt 0.792753 0.549103
f 622/1088/622 771/1277/771 850/1577/850
vt 0.600596 0.216160
f 970/1578/970 554/1500/554 758/1419/758
f 722/1282/722 684/1281/684 1017/1498/1017
vt 0.811062 0.842116
f 756/1219/756 554/1218/554 970/1579/970
vt 0.143267 0.353362
f 817/1224/817 686/1301/686 1109/1580/1109
vt 0.227136 0.607689
f 835/1312/835 853/1581/853 574/699/574
vt 0.149967 0.344918
f 1109/1580/1109 686/1301/686 723/1582/723
vt 0.255691 0.143464
vt 0.255851 0.142111
f 743/1583/743 896/1584/896 631/1160/631
f 870/1475/870 588/906/588 1069/1328/1069
vt 0.229208 0.361529
f 695/1348/695 859/1585/859 660/1345/660
vt 0.130934 0.250975
f 790/1260/790 966/1586/966 532/1082/532
vt 0.645119 0.430127
f 750/1404/750 738/1445/738 802/1587/802
vt 0.486793 0.221235
vt 0.482025 0.221308
f 765/1588/765 667/1589/667 736/1526/736
f 763/1397/763 768/1388/768 676/1258/676
vt 0.203910 0.728516
vt 0.204210 0.725990
f 762/1590/762 712/1435/712 777/1591/777
f 727/1374/727 734/1410/734 809/1535/809
f 710/1396/710 777/1591/777 712/1435/712
vt 0.201656 0.732279
f 784/1592/784 712/1435/712 762/1590/762
vt 0.231326 0.163091
vt 0.232961 0.159771
f 739/1593/739 760/1594/760 699/1350/699
vt 0.613334 0.668955
f 1000/1299/1000 742/1595/742 701/1405/701
vt 0.608647 0.672181
f 796/1596/796 701/1405/701 742/1595/742
vt 0.733974 0.757275
f 937/1557/937 615/973/615 984/1597/984
vt 0.540821 0.506400
f 881/1598/881 751/1476/751 697/1494/697
vt 0.368649 0.183076
vt 0.367451 0.182703
f 783/1599/783 729/1600/729 824/1462/824
vt 0.559189 0.576267
f 825/1137/825 976/1601/976 705/807/705
vt 0.193368 0.777715
f 651/1303/651 765/1541/765 786/1602/786
vt 0.235614 0.157208
f 741/1377/741 699/1350/699 888/1603/888
vt 0.191883 0.780312
f 764/1604/764 651/1303/651 786/1602/786
vt 0.818510 0.568696
vt 0.809543 0.567107
f 682/1043/682 529/1605/529 787/1606/787
vt 0.618940 0.687902
vt 0.624039 0.687582
vt 0.621176 0.692135
f 744/1607/744 788/1608/788 745/1609/745
f 803/1551/803 746/1307/746 764/1467/764
f 661/1305/661 836/1474/836 737/1505/737
vt 0.204967 0.738930
f 784/1592/784 782/1610/782 767/1528/767
vt 0.250773 0.140942
f 896/1584/896 743/1583/743 969/1611/969
f 735/1229/735 852/1392/852 925/1496/925
vt 0.486980 0.225739
vt 0.488557 0.227119
vt 0.484075 0.233391
f 786/1612/786 841/1613/841 764/1614/764
f 797/1391/797 799/1390/799 632/1257/632
f 697/1494/697 751/1476/751 698/1495/698
vt 0.540816 0.945086
vt 0.540579 0.939511
vt 0.544933 0.941744
f 752/1615/752 822/1616/822 668/1617/668
f 699/1350/699 760/1594/760 888/1603/888
vt 0.544270 0.495674
f 668/1425/668 822/1618/822 697/1494/697
vt 0.548931 0.931380
vt 0.545683 0.930927
vt 0.550854 0.928360
f 751/1619/751 881/1620/881 794/1621/794
vt 0.527117 0.044382
f 761/1548/761 741/1547/741 829/1622/829
vt 0.291722 0.247395
vt 0.291092 0.244692
f 783/1623/783 801/1624/801 729/1515/729
vt 0.602238 0.422831
vt 0.604128 0.420109
f 775/1625/775 861/1626/861 618/1270/618
f 618/1270/618 768/1388/768 775/1625/775
vt 0.229196 0.170601
vt 0.225163 0.171598
f 729/1627/729 801/1628/801 869/1471/869
f 739/1550/739 716/1469/716 869/1471/869
vt 0.896323 0.461485
vt 0.893678 0.464563
vt 0.894646 0.460109
f 646/1629/646 728/1630/728 774/1631/774
vt 0.890796 0.462914
f 774/1631/774 728/1630/728 843/1632/843
vt 0.587834 0.421035
f 713/1455/713 807/1633/807 763/1397/763
vt 0.830460 0.179886
f 787/1634/787 529/1497/529 804/1489/804
vt 0.882173 0.461191
f 843/1632/843 726/1486/726 1087/1635/1087
f 682/1043/682 787/1606/787 818/1573/818
vt 0.538860 0.292825
vt 0.539377 0.289580
f 832/1636/832 733/1344/733 813/1637/813
vt 0.382114 0.749183
f 777/1638/777 710/1567/710 718/1490/718
vt 0.264925 0.130426
f 652/1276/652 524/1275/524 827/1639/827
vt 0.832279 0.861583
vt 0.832337 0.871554
f 928/1280/928 621/1640/621 1104/1641/1104
vt 0.395632 0.736892
f 683/1315/683 885/1642/885 718/1490/718
f 683/1315/683 689/1402/689 885/1642/885
f 622/1088/622 850/1577/850 1017/1498/1017
vt 0.012882 0.650661
f 689/1357/689 757/1363/757 792/1643/792
vt 0.042291 0.379275
f 923/1507/923 987/1644/987 687/1162/687
vt 0.925108 0.893027
f 1104/1506/1104 657/1202/657 927/1645/927
f 707/1502/707 658/1364/658 973/1565/973
vt 0.235334 0.621934
f 939/1646/939 902/1063/902 857/1214/857
vt 0.048368 0.388892
f 754/1420/754 755/911/755 920/1647/920
f 755/911/755 687/1162/687 920/1647/920
vt 0.111551 0.328733
vt 0.111302 0.330941
f 766/1479/766 694/1648/694 725/1649/725
f 808/1561/808 605/1168/605 766/1536/766
vt 0.180463 0.094191
f 720/1353/720 892/1574/892 780/1650/780
f 780/1650/780 793/1221/793 720/1353/720
f 812/1450/812 854/1538/854 648/1050/648
vt 0.805778 0.829743
f 723/1372/723 721/1368/721 893/1651/893
f 394/781/394 858/1570/858 898/1446/898
vt 0.480580 0.203906
vt 0.481740 0.199737
vt 0.484050 0.201939
f 770/1652/770 778/1653/778 834/1654/834
vt 0.801757 0.131392
vt 0.799819 0.127414
vt 0.804655 0.129461
f 845/1655/845 765/1656/765 736/1657/736
vt 0.184963 0.812953
vt 0.187345 0.816420
f 783/1658/783 824/1512/824 828/1659/828
vt 0.287055 0.246699
vt 0.286182 0.245052
f 783/1623/783 828/1660/828 867/1661/867
f 783/1623/783 867/1661/867 801/1624/801
vt 0.239274 0.155809
f 829/1662/829 741/1377/741 888/1603/888
vt 0.650250 0.433133
vt 0.649362 0.431163
f 740/1663/740 750/1404/750 864/1664/864
vt 0.647181 0.430742
f 864/1664/864 750/1404/750 802/1665/802
vt 0.750543 0.782890
f 660/1540/660 859/1666/859 1004/1539/1004
vt 0.522269 0.065496
vt 0.524405 0.062574
vt 0.524398 0.065904
f 845/1667/845 736/1668/736 748/1669/748
vt 0.598374 0.420506
vt 0.601183 0.421467
f 882/1670/882 775/1671/775 768/1388/768
vt 0.490198 0.210160
f 748/1525/748 785/1466/785 856/1672/856
vt 0.893231 0.457916
f 774/1631/774 843/1632/843 811/1673/811
f 1087/1635/1087 726/1486/726 769/1487/769
vt 0.592839 0.420030
f 763/1397/763 842/1674/842 768/1388/768
vt 0.118818 0.202218
vt 0.127404 0.203163
f 517/1675/517 912/1676/912 582/1408/582
vt 0.134713 0.218741
f 912/1676/912 977/1677/977 582/1408/582
vt 0.588308 0.639313
vt 0.589330 0.633639
f 1069/1328/1069 532/1678/532 966/1679/966
vt 0.618679 0.685276
f 534/1680/534 788/1608/788 744/1607/744
vt 0.608553 0.419456
f 861/1626/861 871/1681/871 618/1270/618
f 618/1270/618 871/1681/871 675/1411/675
vt 0.205207 0.742879
f 767/1528/767 814/1682/814 778/1529/778
vt 0.626392 0.693126
f 788/1608/788 662/1683/662 745/1609/745
vt 0.244967 0.146634
f 759/1428/759 779/1448/779 891/1684/891
vt 0.489811 0.215051
f 845/1685/845 748/1525/748 856/1672/856
vt 0.843011 0.128623
f 806/1449/806 759/1530/759 815/1686/815
vt 0.844653 0.128467
f 815/1686/815 759/1530/759 891/1687/891
f 615/973/615 800/1067/800 823/1460/823
vt 0.591392 0.624898
f 798/1522/798 1068/1688/1068 790/1520/790
vt 0.038772 0.898947
f 737/1505/737 980/1689/980 747/1177/747
f 489/1003/489 1004/1539/1004 823/1460/823
vt 0.236319 0.363441
f 695/1348/695 793/1427/793 1027/1690/1027
f 859/1585/859 695/1348/695 1027/1690/1027
vt 0.579738 0.419946
f 811/1691/811 713/1455/713 774/1563/774
vt 0.619271 0.679214
vt 0.613666 0.680115
f 796/1596/796 821/1692/821 709/1693/709
vt 0.550375 0.922854
f 881/1620/881 919/1694/919 794/1621/794
vt 0.767413 0.248833
f 873/1695/873 797/1516/797 795/1509/795
vt 0.537432 0.443238
f 709/1343/709 821/1696/821 534/1180/534
vt 0.051293 0.899133
f 747/1177/747 880/1697/880 879/1424/879
f 980/1689/980 880/1697/880 747/1177/747
vt 0.633939 0.421677
f 738/1445/738 781/1531/781 810/1698/810
f 871/1681/871 809/1535/809 675/1411/675
vt 0.051008 0.025545
vt 0.050114 0.027911
vt 0.050178 0.026558
f 861/1699/861 775/1700/775 831/1701/831
vt 0.227601 0.165367
f 739/1550/739 869/1471/869 830/1702/830
vt 0.042078 0.415001
f 657/1568/657 899/1569/899 927/1703/927
vt 0.260819 0.135188
f 895/1704/895 827/1639/827 524/1275/524
vt 0.248899 0.144114
f 969/1611/969 743/1583/743 860/1705/860
vt 0.049008 0.402492
f 899/1569/899 685/1047/685 954/1706/954
f 685/1047/685 754/1420/754 954/1706/954
vt 0.253758 0.349418
f 827/1707/827 883/1422/883 652/1421/652
f 612/1150/612 574/699/574 853/1581/853
vt 0.008998 0.652063
f 689/1357/689 792/1643/792 885/1708/885
vt 0.205778 0.734298
f 762/1590/762 890/1709/890 784/1592/784
vt 0.732628 0.745471
f 624/1129/624 1022/1710/1022 757/1338/757
f 890/1709/890 782/1610/782 784/1592/784
vt 0.130495 0.348284
f 688/1288/688 817/1224/817 922/1711/922
vt 0.588967 0.421167
vt 0.589865 0.419284
f 763/1397/763 807/1712/807 913/1713/913
vt 0.596051 0.418812
f 882/1670/882 768/1388/768 826/1714/826
vt 0.221053 0.170414
vt 0.221908 0.174952
f 839/1715/839 801/1628/801 867/1716/867
f 842/1674/842 826/1714/826 768/1388/768
vt 0.491714 0.237673
f 838/1717/838 764/1614/764 841/1613/841
vt 0.795875 0.129293
f 765/1656/765 845/1655/845 844/1718/844
f 763/1397/763 913/1713/913 842/1674/842
vt 0.034966 0.318712
f 921/1443/921 704/1519/704 918/1719/918
f 869/1471/869 801/1628/801 839/1715/839
vt 0.027049 0.318663
f 918/1719/918 704/1519/704 740/1720/740
vt 0.586330 0.418409
f 807/1633/807 713/1455/713 908/1721/908
vt 0.484886 0.239716
f 764/1614/764 838/1717/838 803/1722/803
vt 0.486494 0.242612
f 838/1717/838 696/1723/696 803/1722/803
vt 0.486381 0.204915
f 856/1672/856 785/1466/785 833/1724/833
vt 0.852484 0.196152
f 874/1527/874 808/1561/808 907/1725/907
f 615/973/615 823/1460/823 984/1597/984
vt 0.202124 0.756975
vt 0.202866 0.752823
vt 0.206730 0.752885
f 833/1726/833 834/1727/834 820/1728/820
vt 0.643686 0.427115
f 738/1445/738 865/1729/865 802/1587/802
vt 0.201461 0.755054
f 833/1726/833 770/1730/770 834/1727/834
f 770/1652/770 833/1724/833 785/1466/785
vt 0.247003 0.145763
f 806/1554/806 815/1731/815 860/1705/860
vt 0.250292 0.650848
f 1001/1290/1001 776/1052/776 1030/1732/1030
vt 0.537731 0.286495
f 813/1637/813 733/1344/733 847/1733/847
vt 0.584416 0.970455
f 805/1412/805 952/1734/952 773/1313/773
vt 0.490564 0.242572
f 838/1717/838 868/1735/868 696/1723/696
vt 0.218513 0.174963
f 839/1715/839 867/1716/867 846/1736/846
vt 0.029553 0.316343
f 918/1719/918 740/1720/740 864/1737/864
vt 0.565833 0.594527
f 912/1738/912 517/956/517 1168/1484/1168
f 821/1692/821 796/1596/796 742/1595/742
vt 0.194499 0.804464
vt 0.192645 0.813286
f 917/1739/917 855/1740/855 824/1512/824
vt 0.229038 0.160657
f 942/1741/942 760/1594/760 739/1593/739
vt 0.622150 0.418493
f 772/1532/772 727/1374/727 877/1742/877
vt 0.540459 0.933978
vt 0.545476 0.935152
f 822/1616/822 967/1743/967 697/1744/697
f 840/1513/840 917/1739/917 824/1512/824
f 1068/1688/1068 966/1679/966 790/1520/790
f 821/1692/821 788/1608/788 534/1680/534
vt 0.221081 0.166477
f 930/1745/930 869/1471/869 839/1715/839
vt 0.580343 0.962018
f 935/1746/935 805/1412/805 968/1463/968
vt 0.543237 0.502899
f 967/1747/967 881/1598/881 697/1494/697
vt 0.836893 0.190922
f 804/1489/804 606/1174/606 960/1748/960
vt 0.194949 0.798480
f 696/1370/696 868/1749/868 840/1513/840
vt 0.602470 0.419770
f 882/1670/882 831/1750/831 775/1671/775
vt 0.224539 0.164132
vt 0.227249 0.164639
f 869/1471/869 887/1751/887 830/1752/830
vt 0.543968 0.289473
f 813/1637/813 847/1733/847 1057/1753/1057
vt 0.200413 0.773605
vt 0.200217 0.769415
vt 0.204741 0.774827
f 844/1754/844 845/1755/845 926/1756/926
f 582/1408/582 977/1677/977 819/1189/819
f 911/1542/911 976/1601/976 825/1137/825
vt 0.202625 0.764220
vt 0.202702 0.758861
f 856/1757/856 833/1758/833 820/1728/820
vt 0.792714 0.125360
vt 0.796065 0.125774
f 841/1759/841 786/1760/786 844/1718/844
vt 0.874507 0.472841
f 832/1564/832 862/1761/862 732/1383/732
vt 0.767694 0.242234
f 662/1508/662 1540/1762/1540 795/1509/795
vt 0.493053 0.232066
f 841/1613/841 863/1763/863 838/1717/838
vt 0.017753 0.898631
vt 0.021474 0.894122
f 794/1473/794 919/1764/919 1118/1765/1118
f 765/1656/765 844/1718/844 786/1760/786
f 976/1601/976 1168/1484/1168 705/807/705
f 1540/1762/1540 873/1695/873 795/1509/795
f 767/1528/767 782/1610/782 814/1682/814
vt 0.252255 0.351410
f 827/1707/827 848/1766/848 883/1422/883
vt 0.247659 0.351878
vt 0.249506 0.353527
vt 0.244038 0.352915
f 883/1767/883 929/1768/929 791/1769/791
vt 0.249412 0.357389
f 791/1769/791 929/1768/929 849/1770/849
vt 0.016293 0.652912
f 792/1643/792 757/1363/757 1022/1771/1022
vt 0.042998 0.351716
f 925/1496/925 894/1772/894 655/1142/655
vt 0.257458 0.138471
vt 0.253484 0.136679
f 719/1773/719 971/1774/971 895/1704/895
vt 0.241272 0.359471
f 892/1775/892 791/1769/791 849/1770/849
vt 0.205690 0.729411
f 890/1709/890 762/1590/762 851/1776/851
vt 0.382604 0.751654
vt 0.381044 0.751355
f 777/1638/777 851/1777/851 762/1778/762
vt 0.037163 0.329368
f 852/1392/852 921/1443/921 1165/1779/1165
f 920/1647/920 687/1162/687 987/1644/987
f 834/1727/834 778/1529/778 814/1682/814
vt 0.541677 0.924441
f 881/1620/881 981/1780/981 919/1694/919
vt 0.598747 0.217651
vt 0.594838 0.222113
f 970/1781/970 758/1419/758 1105/1782/1105
vt 0.806819 0.842905
f 1018/1783/1018 756/1219/756 970/1579/970
f 721/1368/721 756/1219/756 1018/1783/1018
vt 0.104590 0.333340
f 766/1479/766 725/1423/725 989/1784/989
f 794/1473/794 1118/1765/1118 836/1474/836
vt 0.804310 0.834484
f 893/1651/893 721/1368/721 1019/1785/1019
vt 0.102749 0.327444
f 766/1479/766 989/1784/989 808/1786/808
vt 0.150302 0.350215
f 1109/1580/1109 723/1582/723 893/1787/893
f 817/1224/817 1109/1580/1109 922/1711/922
vt 0.599150 0.417511
f 882/1670/882 826/1714/826 889/1788/889
vt 0.029345 0.315553
vt 0.028122 0.314386
vt 0.030238 0.313786
f 864/1789/864 802/1790/802 886/1791/886
vt 0.856244 0.196638
vt 0.857875 0.197298
f 907/1792/907 808/1561/808 989/1793/989
vt 0.606130 0.417014
f 861/1626/861 931/1794/931 871/1681/871
vt 0.641743 0.424335
f 738/1445/738 866/1795/866 865/1729/865
vt 0.602820 0.418356
f 861/1626/861 831/1750/831 889/1796/889
vt 0.627432 0.419831
f 772/1532/772 877/1742/877 875/1797/875
vt 0.886120 0.155886
vt 0.883937 0.156152
vt 0.882807 0.154130
f 713/1798/713 811/1799/811 934/1800/934
vt 0.238797 0.359865
f 780/1801/780 1027/1690/1027 793/1427/793
f 727/1374/727 809/1535/809 877/1742/877
vt 0.219966 0.176502
vt 0.218094 0.177100
f 846/1736/846 867/1802/867 906/1803/906
vt 0.788957 0.127644
f 844/1718/844 905/1804/905 841/1759/841
f 824/1512/824 855/1740/855 828/1659/828
vt 0.786839 0.123939
f 863/1805/863 841/1759/841 905/1804/905
f 868/1749/868 917/1739/917 840/1513/840
vt 0.188859 0.823231
vt 0.186889 0.821018
f 828/1659/828 906/1806/906 867/1807/867
vt 0.214649 0.173107
f 839/1715/839 846/1736/846 878/1808/878
vt 0.590256 0.976700
f 1239/1809/1239 897/1157/897 816/1545/816
vt 0.218143 0.169771
f 878/1808/878 872/1810/872 839/1715/839
f 836/1474/836 980/1689/980 737/1505/737
vt 0.784793 0.533497
vt 0.789330 0.534692
f 973/1811/973 658/1812/658 1017/1498/1017
vt 0.253489 0.027448
vt 0.251090 0.028693
vt 0.252450 0.026412
f 811/1813/811 843/1814/843 876/1815/876
f 864/1737/864 886/1791/886 918/1719/918
f 906/1806/906 828/1659/828 855/1740/855
vt 0.207336 0.760084
f 820/1728/820 974/1816/974 856/1757/856
vt 0.145693 0.074570
vt 0.142237 0.073730
vt 0.141182 0.071946
f 900/1817/900 942/1818/942 739/1819/739
vt 0.646554 0.427234
f 802/1587/802 865/1729/865 886/1820/886
vt 0.281929 0.243470
vt 0.281409 0.245485
vt 0.279043 0.242517
f 846/1821/846 906/1822/906 949/1823/949
vt 0.487992 0.676747
f 812/1450/812 837/1562/837 1051/1824/1051
vt 0.900993 0.079118
vt 0.899389 0.075212
vt 0.902572 0.076821
f 904/1825/904 868/1826/868 838/1827/838
vt 0.215221 0.176746
f 878/1808/878 846/1736/846 949/1828/949
vt 0.254292 0.352551
f 848/1766/848 827/1707/827 941/1829/941
vt 0.887139 0.457930
f 1087/1635/1087 876/1830/876 843/1632/843
vt 0.243495 0.142750
f 815/1731/815 1016/1831/1016 860/1705/860
f 773/1313/773 952/1734/952 816/1545/816
vt 0.231869 0.364254
f 859/1585/859 1027/1690/1027 901/1832/901
f 612/1150/612 939/1646/939 857/1214/857
vt 0.884964 0.152178
f 713/1798/713 934/1800/934 908/1833/908
vt 0.887906 0.150535
vt 0.888828 0.153062
f 913/1834/913 807/1835/807 908/1833/908
vt 0.614471 0.414928
f 993/1836/993 877/1742/877 809/1535/809
vt 0.239208 0.628583
f 858/1570/858 902/1063/902 1082/1837/1082
f 810/1698/810 866/1795/866 738/1445/738
f 781/1531/781 772/1532/772 810/1698/810
f 810/1698/810 772/1532/772 875/1797/875
vt 0.730572 0.197330
vt 0.731975 0.199132
vt 0.728175 0.201247
f 931/1838/931 861/1839/861 889/1840/889
vt 0.601789 0.418161
f 882/1670/882 889/1841/889 831/1750/831
f 926/1756/926 845/1755/845 856/1757/856
vt 0.792864 0.556433
f 850/1577/850 771/1277/771 1075/1842/1075
vt 0.627208 0.185412
f 719/1432/719 896/1572/896 971/1843/971
vt 0.256453 0.136000
f 944/1844/944 895/1704/895 971/1774/971
f 804/1489/804 960/1748/960 787/1634/787
vt 0.208171 0.764804
f 926/1756/926 856/1757/856 1021/1845/1021
f 1021/1845/1021 856/1757/856 974/1816/974
vt 0.821827 0.866521
f 928/1280/928 1104/1641/1104 972/1846/972
f 925/1496/925 852/1392/852 1165/1779/1165
vt 0.582633 0.958996
f 935/1746/935 968/1463/968 988/1847/988
vt 0.797481 0.538998
f 658/1812/658 722/1848/722 1017/1498/1017
vt 0.379169 0.757203
vt 0.387074 0.754436
f 890/1849/890 851/1777/851 975/1850/975
f 887/1751/887 869/1471/869 930/1745/930
vt 0.144276 0.071676
f 900/1817/900 739/1819/739 830/1851/830
f 975/1850/975 851/1777/851 777/1638/777
f 777/1638/777 718/1490/718 975/1850/975
f 834/1727/834 814/1682/814 820/1728/820
vt 0.549639 0.196818
vt 0.543271 0.195320
vt 0.552554 0.192097
f 799/1852/799 1110/1853/1110 752/1854/752
vt 0.048642 0.362240
f 923/1507/923 655/1142/655 924/1855/924
f 725/1423/725 884/1576/884 989/1784/989
f 624/1129/624 937/1557/937 1022/1710/1022
vt 0.546272 0.188479
f 1110/1853/1110 1170/1856/1170 752/1854/752
vt 0.554023 0.187326
f 822/1857/822 752/1854/752 1170/1856/1170
vt 0.056076 0.898420
vt 0.053897 0.903741
f 1173/1858/1173 968/1859/968 880/1697/880
f 880/1697/880 968/1859/968 879/1424/879
vt 0.575708 0.612663
vt 0.581161 0.615924
f 819/1860/819 1026/1861/1026 798/1522/798
vt 0.497175 0.235602
vt 0.495121 0.239937
f 838/1717/838 915/1862/915 904/1863/904
vt 0.825656 0.155770
vt 0.828281 0.153157
vt 0.828808 0.156030
f 950/1864/950 863/1865/863 905/1866/905
vt 0.225327 0.163408
f 830/1752/830 887/1751/887 900/1867/900
vt 0.424328 0.143066
vt 0.423315 0.145642
vt 0.419794 0.141957
f 826/1868/826 842/1869/842 1013/1870/1013
vt 0.590399 0.415825
f 913/1713/913 951/1871/951 842/1674/842
vt 0.784084 0.123109
vt 0.783356 0.123779
vt 0.782542 0.123420
f 863/1872/863 950/1873/950 915/1874/915
vt 0.782472 0.122354
f 915/1874/915 838/1875/838 863/1872/863
f 1026/1861/1026 1068/1688/1068 798/1522/798
vt 0.276798 0.244317
f 945/1876/945 949/1823/949 906/1822/906
vt 0.080213 0.449540
vt 0.080019 0.454805
vt 0.077897 0.451208
f 926/1877/926 905/1878/905 844/1879/844
vt 0.746632 0.784622
f 1004/1539/1004 859/1666/859 901/1880/901
f 809/1535/809 871/1681/871 993/1836/993
vt 0.257576 0.353564
f 941/1829/941 827/1707/827 910/1881/910
vt 0.768968 0.255888
vt 0.775288 0.255986
f 799/1882/799 797/1516/797 1110/1883/1110
vt 0.597898 0.414240
vt 0.595139 0.416817
f 932/1884/932 826/1714/826 1013/1885/1013
vt 0.888267 0.454238
vt 0.892173 0.455964
f 1005/1886/1005 934/1887/934 811/1673/811
vt 0.873078 0.464079
f 862/1761/862 956/1888/956 732/1383/732
f 769/1487/769 732/1383/732 956/1888/956
vt 0.582021 0.965865
f 805/1412/805 935/1746/935 903/1889/903
vt 0.543995 0.296628
vt 0.546626 0.294161
f 938/1890/938 832/1636/832 1029/1891/1029
f 832/1636/832 813/1637/813 1029/1891/1029
f 1029/1891/1029 813/1637/813 1057/1753/1057
vt 0.870660 0.477053
f 862/1761/862 832/1564/832 938/1892/938
vt 0.592727 0.416598
vt 0.592916 0.415120
f 842/1893/842 951/1871/951 1013/1894/1013
vt 0.048434 0.416291
vt 0.045096 0.417496
f 1002/1895/1002 927/1896/927 899/1569/899
vt 0.194666 0.807726
f 943/1897/943 855/1740/855 917/1739/917
vt 0.028785 0.310591
vt 0.035069 0.309658
f 886/1791/886 865/1898/865 1111/1899/1111
f 898/1446/898 1030/1732/1030 776/1052/776
vt 0.582363 0.417366
vt 0.585363 0.414910
vt 0.585794 0.417123
f 934/1900/934 933/1901/933 908/1902/908
vt 0.205308 0.781046
vt 0.203349 0.779897
f 965/1903/965 905/1904/905 926/1756/926
vt 0.080662 0.498217
vt 0.081367 0.497843
vt 0.080903 0.498690
f 906/1905/906 940/1906/940 945/1907/945
vt 0.259659 0.131255
vt 0.257443 0.131848
f 909/1908/909 895/1704/895 916/1909/916
vt 0.257465 0.350815
f 909/1910/909 910/1881/910 827/1707/827
vt 0.896047 0.077039
vt 0.900775 0.079019
f 947/1911/947 868/1826/868 904/1912/904
vt 0.887618 0.456388
f 811/1673/811 876/1913/876 1005/1886/1005
vt 0.085340 0.459609
vt 0.086750 0.456233
f 950/1914/950 905/1878/905 953/1915/953
f 939/1646/939 1082/1837/1082 902/1063/902
vt 0.609841 0.413868
f 964/1916/964 993/1836/993 871/1681/871
vt 0.604830 0.416072
vt 0.601472 0.416921
vt 0.601204 0.415363
f 931/1917/931 889/1918/889 948/1919/948
f 964/1916/964 871/1681/871 931/1794/931
f 826/1714/826 932/1884/932 889/1788/889
vt 0.375831 0.762006
vt 0.379997 0.765943
f 782/1920/782 890/1849/890 1161/1921/1161
f 1161/1921/1161 890/1849/890 975/1850/975
vt 0.164519 0.104206
vt 0.166712 0.101688
vt 0.165210 0.103666
f 848/1922/848 929/1923/929 883/1924/883
vt 0.629956 0.182840
f 969/1925/969 971/1843/971 896/1572/896
vt 0.375495 0.764539
f 1161/1921/1161 814/1926/814 782/1920/782
vt 0.846062 0.198047
f 874/1527/874 1178/1927/1178 606/1174/606
f 721/1368/721 1018/1783/1018 1019/1785/1019
vt 0.014475 0.660454
f 885/1708/885 792/1643/792 978/1928/978
f 952/1734/952 1239/1809/1239 816/1545/816
f 978/1928/978 792/1643/792 1022/1771/1022
vt 0.235072 0.148572
f 1061/1929/1061 779/1448/779 761/1549/761
f 891/1684/891 779/1448/779 1061/1929/1061
vt 0.152335 0.352901
f 1109/1580/1109 893/1787/893 1019/1930/1019
vt 0.588023 0.983580
f 1239/1809/1239 789/1931/789 897/1157/897
f 891/1684/891 1016/1831/1016 815/1731/815
vt 0.261763 0.130501
f 827/1639/827 895/1704/895 909/1932/909
vt 0.118618 0.349436
f 1206/1933/1206 884/1576/884 688/1288/688
vt 0.420533 0.487566
vt 0.419059 0.483474
vt 0.423399 0.486478
f 935/1934/935 1052/1935/1052 903/1936/903
f 805/1412/805 903/1889/903 952/1734/952
f 894/1772/894 924/1855/924 655/1142/655
vt 0.195137 0.813066
vt 0.194363 0.814991
f 943/1937/943 996/1938/996 855/1740/855
vt 0.820413 0.155425
vt 0.823077 0.152901
f 950/1864/950 958/1939/958 915/1940/915
vt 0.076121 0.916804
f 789/1399/789 1199/1941/1199 914/1015/914
vt 0.581385 0.953209
f 1049/1942/1049 988/1847/988 968/1463/968
vt 0.226915 0.158890
vt 0.224852 0.161524
f 1064/1943/1064 942/1741/942 900/1944/900
vt 0.820024 0.148668
f 915/1940/915 958/1939/958 904/1945/904
vt 0.082670 0.482338
vt 0.079603 0.476541
vt 0.084486 0.476616
f 943/1946/943 917/1947/917 992/1948/992
vt 0.220204 0.596041
vt 0.229957 0.597290
f 1130/1949/1130 1039/1950/1039 835/1312/835
vt 0.050910 0.409474
f 899/1569/899 1100/1951/1100 1002/1895/1002
f 954/1706/954 1100/1951/1100 899/1569/899
vt 0.726574 0.199115
vt 0.728086 0.201082
vt 0.726240 0.200754
f 948/1952/948 889/1953/889 932/1954/932
vt 0.194166 0.819845
f 906/1806/906 855/1740/855 998/1955/998
vt 0.229745 0.155962
f 888/1603/888 760/1594/760 955/1956/955
vt 0.081880 0.472784
f 992/1948/992 917/1947/917 947/1957/947
vt 0.588415 0.416789
vt 0.587507 0.413482
f 913/1958/913 985/1959/985 951/1871/951
vt 0.079648 0.472784
f 868/1960/868 947/1957/947 917/1947/917
vt 0.882264 0.148138
vt 0.882481 0.149996
f 985/1961/985 913/1834/913 933/1962/933
f 908/1833/908 933/1962/933 913/1834/913
vt 0.030512 0.308280
f 1111/1899/1111 865/1898/865 866/1963/866
vt 0.038581 0.314646
f 1111/1899/1111 1270/1964/1270 918/1719/918
f 918/1719/918 886/1791/886 1111/1899/1111
vt 0.759416 0.234393
f 788/1965/788 1540/1762/1540 662/1508/662
vt 0.260338 0.351053
f 909/1910/909 916/1966/916 910/1881/910
vt 0.083019 0.451888
f 953/1915/953 905/1878/905 965/1967/965
vt 0.017597 0.889582
f 919/1764/919 979/1968/979 1118/1765/1118
f 873/1695/873 1110/1883/1110 797/1516/797
vt 0.545677 0.914351
f 919/1694/919 981/1780/981 979/1969/979
vt 0.215032 0.170205
f 986/1970/986 872/1810/872 878/1808/878
vt 0.272705 0.241248
f 949/1823/949 945/1876/945 999/1971/999
f 872/1810/872 930/1745/930 839/1715/839
vt 0.208939 0.179993
vt 0.208243 0.176218
vt 0.212369 0.176964
f 999/1972/999 1073/1973/1073 949/1974/949
vt 0.095723 0.903449
f 753/1318/753 587/603/587 2218/1975/2218
vt 0.212463 0.176889
f 949/1976/949 1073/1973/1073 878/1808/878
vt 0.869363 0.476803
vt 0.868366 0.473196
f 938/1977/938 936/1978/936 862/1761/862
vt 0.047865 0.419389
f 1002/1895/1002 963/1979/963 927/1896/927
vt 0.859747 0.680901
f 854/1559/854 1091/1980/1091 911/1439/911
vt 0.817172 0.150002
f 958/1939/958 946/1981/946 904/1945/904
f 955/1956/955 760/1594/760 1064/1943/1064
vt 0.233983 0.612363
f 1088/1982/1088 939/1646/939 612/1150/612
vt 0.084347 0.490659
vt 0.084164 0.497936
vt 0.082662 0.494579
f 998/1983/998 940/1984/940 906/1985/906
vt 0.085769 0.502686
vt 0.082254 0.500620
f 940/1984/940 991/1986/991 945/1987/945
vt 0.088770 0.460562
f 958/1988/958 950/1914/950 953/1915/953
f 996/1938/996 998/1955/998 855/1740/855
vt 0.897680 0.081019
f 946/1989/946 947/1911/947 904/1912/904
vt 0.270123 0.244174
f 945/1876/945 991/1990/991 999/1971/999
vt 0.235328 0.366198
f 901/1832/901 1027/1690/1027 1014/1991/1014
f 1088/1982/1088 612/1150/612 853/1581/853
vt 0.888825 0.451692
vt 0.891448 0.453185
f 1005/1886/1005 1023/1992/1023 934/1993/934
vt 0.882348 0.454342
f 876/1830/876 1087/1635/1087 1006/1994/1006
vt 0.641185 0.421468
f 810/1698/810 962/1995/962 866/1795/866
vt 0.636555 0.418039
f 810/1698/810 1114/1996/1114 962/1995/962
vt 0.255836 0.134870
f 916/1909/916 895/1704/895 944/1997/944
vt 0.252915 0.664217
f 1001/1290/1001 1051/1998/1051 837/1456/837
f 1087/1635/1087 769/1487/769 956/1888/956
vt 0.095790 0.327745
vt 0.097002 0.332592
f 907/1999/907 989/1784/989 959/2000/959
f 942/1741/942 1064/1943/1064 760/1594/760
vt 0.375126 0.771600
f 1161/1921/1161 1041/2001/1041 814/1926/814
vt 0.490391 0.672755
f 812/1450/812 1008/2002/1008 854/1538/854
vt 0.238126 0.154144
f 761/1549/761 829/2003/829 1061/1929/1061
vt 0.921390 0.897555
vt 0.917022 0.899515
f 963/2004/963 1162/2005/1162 927/1645/927
vt 0.599040 0.237395
vt 0.586595 0.233865
f 758/1419/758 928/2006/928 1368/2007/1368
vt 0.048736 0.394530
f 754/1420/754 1131/2008/1131 954/1706/954
f 754/1420/754 920/1647/920 1131/2008/1131
f 874/1527/874 907/1725/907 1178/1927/1178
f 718/1490/718 885/1642/885 975/1850/975
f 606/1174/606 1178/1927/1178 960/1748/960
vt 0.248440 0.139853
f 969/2009/969 860/1705/860 1016/1831/1016
vt 0.803483 0.843553
f 1019/1785/1019 1018/1783/1018 1209/2010/1209
vt 0.010106 0.660350
f 1302/2011/1302 885/1708/885 978/1928/978
vt 0.371050 0.771068
f 814/1926/814 1041/2001/1041 820/2012/820
vt 0.253477 0.356766
f 849/1770/849 929/1768/929 1108/2013/1108
vt 0.593702 0.243245
f 1368/2007/1368 928/2006/928 972/2014/972
vt 0.953828 0.519334
f 1057/2015/1057 847/1566/847 973/1565/973
vt 0.132697 0.356346
f 922/1711/922 1109/1580/1109 1211/2016/1211
vt 0.817360 0.156068
f 946/1981/946 958/1939/958 1036/2017/1036
vt 0.087385 0.483848
f 992/1948/992 995/2018/995 943/1946/943
vt 0.247424 0.636137
f 898/1446/898 858/1570/858 1089/2019/1089
vt 0.091129 0.508798
vt 0.087906 0.506535
vt 0.090246 0.505484
f 990/2020/990 991/2021/991 1055/2022/1055
vt 0.264123 0.244996
vt 0.256939 0.244415
vt 0.259795 0.238832
f 990/2023/990 1015/2024/1015 994/2025/994
vt 0.032650 0.306267
f 962/2026/962 1111/1899/1111 866/1963/866
vt 0.266547 0.241336
f 990/2023/990 994/2025/994 983/2027/983
f 991/1990/991 990/2023/990 983/2027/983
vt 0.332846 0.072971
vt 0.331390 0.076086
vt 0.330455 0.071424
f 996/2028/996 995/2029/995 998/2030/998
vt 0.229253 0.153785
f 888/1603/888 955/1956/955 1009/2031/1009
vt 0.253949 0.132251
f 916/1909/916 944/1997/944 1047/2032/1047
f 1061/1929/1061 888/1603/888 1009/2031/1009
vt 0.813842 0.152116
vt 0.814539 0.149318
f 946/1981/946 1059/2033/1059 997/2034/997
vt 0.086297 0.493442
f 998/1983/998 1012/2035/1012 940/1984/940
vt 0.894808 0.079879
f 946/1989/946 997/2036/997 947/1911/947
vt 0.603203 0.412908
f 948/1919/948 1031/2037/1031 931/1917/931
f 991/1990/991 983/2027/983 999/1971/999
vt 0.244177 0.364703
f 892/1775/892 1007/2038/1007 780/1801/780
vt 0.894895 0.079794
vt 0.891047 0.076101
f 947/1911/947 997/2039/997 992/2040/992
vt 0.084393 0.074085
vt 0.079068 0.073189
vt 0.082997 0.071445
f 999/2041/999 983/2042/983 1033/2043/1033
vt 0.335898 0.074681
f 943/2044/943 995/2029/995 996/2028/996
vt 0.209768 0.796888
vt 0.205809 0.793050
vt 0.205511 0.788144
f 1156/2045/1156 958/2046/958 953/2047/953
vt 0.579746 0.946898
f 968/1463/968 1173/2048/1173 1049/1942/1049
vt 0.420820 0.138086
vt 0.417459 0.139851
f 932/2049/932 1013/1870/1013 1038/2050/1038
vt 0.136405 0.208141
f 912/1676/912 1113/2051/1113 977/1677/977
vt 0.824000 0.176806
vt 0.822041 0.179977
f 818/2052/818 787/1634/787 1037/2053/1037
vt 0.591611 0.413050
f 1013/1894/1013 951/1871/951 1032/2054/1032
vt 0.659200 0.029256
vt 0.658250 0.030513
vt 0.658086 0.029418
f 1005/2055/1005 876/2056/876 1006/2057/1006
f 967/1743/967 981/1780/981 881/1620/881
f 1075/1842/1075 771/1277/771 818/1573/818
vt 0.582126 0.604617
f 977/2058/977 1026/1861/1026 819/1860/819
vt 0.090158 0.475269
f 992/1948/992 1102/2059/1102 995/2018/995
f 1118/1765/1118 980/1689/980 836/1474/836
vt 0.072729 0.071458
vt 0.078436 0.069452
f 983/2042/983 994/2060/994 1043/2061/1043
vt 0.267581 0.247141
vt 0.270114 0.251016
f 1055/2062/1055 991/1990/991 1025/2063/1025
vt 0.617920 0.410841
f 993/1836/993 1028/2064/1028 877/1742/877
f 1033/2043/1033 983/2042/983 1043/2061/1043
vt 0.242797 0.239345
vt 0.248449 0.238417
vt 0.251409 0.240152
f 1053/2065/1053 1011/2066/1011 1010/2067/1010
vt 0.049997 0.421294
f 1065/2068/1065 963/1979/963 1002/1895/1002
vt 0.273344 0.247721
f 1025/2063/1025 991/1990/991 940/2069/940
vt 0.607888 0.410406
f 931/1917/931 1045/2070/1045 964/1916/964
f 1059/2033/1059 946/1981/946 1036/2017/1036
vt 0.813037 0.149392
f 992/2071/992 997/2034/997 1059/2033/1059
vt 0.551085 0.183967
f 1170/1856/1170 967/2072/967 822/1857/822
f 1045/2070/1045 931/1917/931 1031/2037/1031
vt 0.552055 0.092423
vt 0.554552 0.091349
vt 0.556981 0.094827
f 1025/2073/1025 940/2074/940 1012/2075/1012
f 994/2025/994 1015/2024/1015 1010/2067/1010
vt 0.204419 0.178706
f 1073/1973/1073 999/1972/999 1033/2076/1033
vt 0.739851 0.101630
vt 0.737239 0.102481
vt 0.740546 0.099918
f 995/2077/995 1040/2078/1040 998/2079/998
vt 0.737309 0.098635
f 1040/2078/1040 1012/2080/1012 998/2079/998
vt 0.066198 0.072229
vt 0.067159 0.070085
f 994/2060/994 1010/2081/1010 1035/2082/1035
vt 0.209322 0.171287
f 878/1808/878 1073/1973/1073 1085/2083/1085
vt 0.592727 0.412031
f 1038/2084/1038 1013/1894/1013 1032/2054/1032
vt 0.589596 0.412463
f 951/1871/951 985/1959/985 1032/2085/1032
vt 0.858174 0.678241
f 1008/2086/1008 1091/1980/1091 854/1559/854
vt 0.215660 0.165520
f 872/1810/872 1071/2087/1071 930/1745/930
vt 0.892311 0.450704
f 933/2088/933 934/1993/934 1023/1992/1023
vt 0.149420 0.072406
vt 0.153207 0.074565
vt 0.149257 0.075466
f 930/2089/930 1071/2090/1071 1044/2091/1044
vt 0.737328 0.788228
f 1004/1539/1004 901/1880/901 1142/2092/1142
vt 0.146809 0.073256
f 887/2093/887 930/2089/930 1044/2091/1044
vt 0.866925 0.466121
f 862/1761/862 936/1978/936 1281/2094/1281
vt 0.224179 0.163069
vt 0.221327 0.162369
f 900/1944/900 887/2095/887 1044/2096/1044
vt 0.046772 0.372194
vt 0.047242 0.379622
f 987/1644/987 1050/2097/1050 1003/2098/1003
vt 0.589816 0.968197
f 952/1734/952 1283/2099/1283 1239/1809/1239
vt 0.630731 0.414803
f 1094/2100/1094 875/1797/875 877/1742/877
f 1039/1950/1039 853/1581/853 835/1312/835
f 810/1698/810 875/1797/875 1094/2100/1094
vt 0.919852 0.890126
f 1104/1506/1104 927/1645/927 1063/2101/1063
vt 0.594228 0.979774
vt 0.588226 0.982742
f 1239/1809/1239 1199/2102/1199 789/2103/789
f 1003/2098/1003 920/1647/920 987/1644/987
vt 0.919300 0.891879
f 927/1645/927 1162/2005/1162 1063/2104/1063
f 888/1603/888 1061/1929/1061 829/2003/829
vt 0.048339 0.366529
f 924/1855/924 1174/2105/1174 923/1507/923
f 1050/2097/1050 987/1644/987 923/1507/923
vt 0.819006 0.873867
f 1104/1641/1104 1158/2106/1158 972/1846/972
f 1016/1831/1016 891/1684/891 1061/1929/1061
vt 0.246120 0.140087
f 1132/2107/1132 969/2009/969 1016/1831/1016
vt 0.630901 0.187105
f 969/1925/969 1046/2108/1046 971/1843/971
vt 0.401631 0.743440
f 975/1850/975 885/1642/885 1302/2109/1302
vt 0.779380 0.536832
f 973/1811/973 1017/1498/1017 1207/2110/1207
vt 0.209070 0.774866
f 1163/2111/1163 926/1756/926 1021/1845/1021
vt 0.017752 0.658794
f 978/1928/978 1022/1771/1022 937/2112/937
vt 0.591709 0.226364
f 1105/2113/1105 758/1419/758 1368/2007/1368
vt 0.363753 0.783446
vt 0.365875 0.778624
vt 0.369546 0.782662
f 1021/2114/1021 974/2115/974 1204/2116/1204
vt 0.416974 0.485836
f 988/2117/988 1052/1935/1052 935/1934/935
vt 0.811212 0.848968
vt 0.805429 0.853650
f 1105/2118/1105 1264/2119/1264 1018/1783/1018
f 970/1579/970 1105/2118/1105 1018/1783/1018
vt 0.208802 0.784866
f 1062/2120/1062 953/2047/953 965/1903/965
vt 0.262270 0.355129
f 916/1966/916 1202/2121/1202 910/1881/910
f 820/2012/820 1041/2001/1041 974/2115/974
f 965/1903/965 926/1756/926 1163/2111/1163
vt 0.162739 0.105098
vt 0.160879 0.101302
f 941/2122/941 1108/2123/1108 848/1922/848
f 688/1288/688 922/1711/922 1206/1933/1206
vt 0.151426 0.356953
f 1109/1580/1109 1019/1930/1019 1020/2124/1020
f 929/1923/929 848/1922/848 1108/2123/1108
vt 0.257384 0.657999
f 1001/1290/1001 1126/2125/1126 1051/1998/1051
f 812/1450/812 1051/1824/1051 1008/2002/1008
vt 0.891701 0.448470
vt 0.888121 0.448021
f 985/2126/985 933/2088/933 1074/2127/1074
f 1027/1690/1027 780/1801/780 1007/2038/1007
vt 0.090201 0.468615
f 1102/2059/1102 992/1948/992 1059/2128/1059
vt 0.062299 0.070218
f 1010/2081/1010 1011/2129/1011 1035/2082/1035
vt 0.837446 0.195485
f 960/1748/960 1178/1927/1178 1042/2130/1042
vt 0.069006 0.069167
f 1035/2082/1035 1133/2131/1133 994/2060/994
vt 0.094546 0.480931
f 1102/2059/1102 1190/2132/1190 995/2018/995
vt 0.737568 0.773703
f 823/1460/823 1004/1539/1004 1099/2133/1099
vt 0.072000 0.069501
vt 0.071165 0.069469
f 1054/2134/1054 994/2060/994 1133/2135/1133
vt 0.251482 0.050706
vt 0.250475 0.048770
vt 0.253256 0.048225
f 1071/2136/1071 872/2137/872 986/2138/986
vt 0.100147 0.527143
vt 0.096866 0.522203
vt 0.106633 0.521088
f 1053/2139/1053 1010/2140/1010 1147/2141/1147
vt 0.206868 0.797767
f 1036/2142/1036 958/2046/958 1156/2045/1156
f 903/1889/903 1283/2099/1283 952/1734/952
vt 0.097472 0.516970
f 1010/2140/1010 1015/2143/1015 1147/2141/1147
vt 0.623394 0.413463
f 982/2144/982 1094/2100/1094 877/1742/877
vt 0.876375 0.453812
f 1006/1994/1006 1087/1635/1087 1323/2145/1323
vt 0.866860 0.476894
vt 0.862553 0.475402
f 936/1978/936 938/2146/938 1137/2147/1137
vt 0.865982 0.477083
f 1137/2147/1137 938/2146/938 1029/2148/1029
vt 0.058620 0.070152
vt 0.059908 0.068455
f 1053/2149/1053 1072/2150/1072 1011/2129/1011
f 982/2144/982 877/1742/877 1028/2064/1028
vt 0.634969 0.187499
f 1132/2151/1132 1046/2108/1046 969/1925/969
vt 0.273939 0.254836
vt 0.275439 0.252650
f 1024/2152/1024 1025/2063/1025 1012/2153/1012
vt 0.094324 0.495984
vt 0.090884 0.494396
vt 0.099168 0.488023
f 1024/2154/1024 1012/2155/1012 1224/2156/1224
vt 0.092214 0.488817
f 1040/2157/1040 995/2018/995 1190/2132/1190
f 1040/2157/1040 1224/2156/1224 1012/2155/1012
vt 0.249706 0.133342
f 971/1774/971 1083/2158/1083 944/1997/944
f 1083/2158/1083 1047/2032/1047 944/1997/944
vt 0.097331 0.511090
vt 0.095007 0.510926
f 990/2020/990 1077/2159/1077 1015/2160/1015
vt 0.759675 0.224443
vt 0.766946 0.233693
f 821/2161/821 1166/2162/1166 788/1965/788
vt 0.599829 0.410876
vt 0.600194 0.413865
f 1175/2163/1175 948/2164/948 932/1884/932
vt 0.744219 0.787318
f 901/1880/901 1014/2165/1014 1142/2092/1142
vt 0.595048 0.412814
vt 0.596592 0.411518
f 932/1884/932 1038/2166/1038 1048/2167/1048
vt 0.038177 0.889816
f 980/1689/980 1124/2168/1124 880/1697/880
vt 0.057071 0.069475
f 1053/2149/1053 1034/2169/1034 1072/2150/1072
vt 0.266508 0.253794
vt 0.267202 0.252879
vt 0.267563 0.254425
f 1092/2170/1092 1055/2171/1055 1101/2172/1101
vt 0.222835 0.234403
vt 0.217014 0.237750
vt 0.216626 0.232534
f 1058/2173/1058 1056/2174/1056 1148/2175/1148
f 1025/2063/1025 1101/2172/1101 1055/2171/1055
vt 0.577312 0.581345
f 1168/1484/1168 2003/2176/2003 912/1738/912
vt 0.223629 0.236411
f 1081/2177/1081 1056/2174/1056 1058/2173/1058
vt 0.249344 0.237099
vt 0.252172 0.232654
vt 0.253209 0.236534
f 1011/2178/1011 1097/2179/1097 1035/2180/1035
vt 0.583982 0.951170
f 1049/1942/1049 1173/2048/1173 1066/2181/1066
vt 0.104378 0.343162
f 884/1576/884 1252/2182/1252 989/1784/989
vt 0.236427 0.238342
vt 0.242035 0.237383
f 1053/2065/1053 1060/2183/1060 1034/2184/1034
vt 0.073448 0.069296
f 994/2060/994 1054/2185/1054 1043/2061/1043
vt 0.744779 0.058321
vt 0.743139 0.060965
vt 0.741818 0.057019
f 990/2186/990 1092/2187/1092 1077/2188/1077
vt 0.238990 0.234957
vt 0.232980 0.235434
f 1093/2189/1093 1060/2183/1060 1080/2190/1080
f 1034/2184/1034 1060/2183/1060 1093/2189/1093
vt 0.092876 0.504553
vt 0.098654 0.505351
f 1055/2191/1055 1092/2192/1092 990/2020/990
vt 0.725997 0.755299
f 1121/2193/1121 937/1557/937 984/1597/984
vt 0.054665 0.423332
f 1230/2194/1230 1065/2068/1065 1002/1895/1002
vt 0.114921 0.542100
vt 0.114177 0.546686
vt 0.109907 0.542217
f 1084/2195/1084 1056/2196/1056 1081/2197/1081
vt 0.097168 0.499843
vt 0.094206 0.499420
f 1024/2154/1024 1101/2198/1101 1025/2199/1025
vt 0.246468 0.234590
f 1072/2200/1072 1034/2184/1034 1093/2189/1093
vt 0.054001 0.413785
f 1128/2201/1128 1002/1895/1002 1100/1951/1100
f 1023/1992/1023 1074/2127/1074 933/2088/933
vt 0.885829 0.449418
f 1074/2202/1074 1023/1992/1023 1005/1886/1005
f 964/1916/964 1045/2070/1045 993/1836/993
vt 0.050303 0.375767
f 1050/2097/1050 1172/2203/1172 1003/2098/1003
f 1050/2097/1050 923/1507/923 1174/2105/1174
f 914/1015/914 2218/1975/2218 587/603/587
vt 0.604444 0.409575
f 1045/2070/1045 1031/2037/1031 1149/2204/1149
vt 0.726553 0.195771
vt 0.721848 0.195930
f 1031/2205/1031 948/1952/948 1175/2206/1175
vt 0.586987 0.411147
f 1032/2085/1032 985/1959/985 1096/2207/1096
f 956/1888/956 862/1761/862 1281/2094/1281
vt 0.792102 0.563851
vt 0.797199 0.565363
f 1258/2208/1258 818/1573/818 1037/2209/1037
f 1075/1842/1075 818/1573/818 1258/2208/1258
vt 0.480627 0.670133
vt 0.483839 0.677038
f 1280/2210/1280 1051/1824/1051 1126/2211/1126
vt 0.553901 0.573162
f 911/1542/911 1091/2212/1091 976/1601/976
vt 0.640248 0.417179
f 1140/2213/1140 962/1995/962 1114/1996/1114
f 858/1570/858 1082/1837/1082 1089/2019/1089
vt 0.950074 0.522692
f 1057/2015/1057 973/1565/973 1107/2214/1107
vt 0.546379 0.290353
vt 0.550868 0.291990
f 1029/1891/1029 1057/2215/1057 1107/2216/1107
vt 0.248855 0.137548
f 1083/2158/1083 971/1774/971 1046/2217/1046
vt 0.239005 0.367745
f 1014/1991/1014 1027/1690/1027 1219/2218/1219
vt 0.160616 0.103947
f 910/2219/910 1108/2123/1108 941/2122/941
vt 0.212878 0.170986
f 878/1808/878 1085/2083/1085 986/2220/986
vt 0.645791 0.087020
vt 0.650856 0.083983
vt 0.650595 0.087853
f 1370/2221/1370 989/2222/989 957/2223/957
vt 0.919724 0.899957
f 963/2004/963 1065/2224/1065 1162/2005/1162
vt 0.646573 0.084670
f 959/2225/959 989/2222/989 1370/2221/1370
vt 0.781835 0.548514
f 1017/1498/1017 850/1577/850 1106/2226/1106
vt 0.090932 0.336798
f 907/1999/907 959/2000/959 1086/2227/1086
vt 0.588983 0.229878
f 1105/2113/1105 1368/2007/1368 1159/2228/1159
f 1062/2120/1062 965/1903/965 1163/2111/1163
vt 0.802783 0.837131
f 1019/1785/1019 1209/2010/1209 1020/2229/1020
vt 0.397057 0.765791
f 975/1850/975 1302/2109/1302 1192/2230/1192
f 1156/2045/1156 953/2047/953 1062/2120/1062
f 921/1443/921 918/1719/918 1165/1779/1165
f 974/2115/974 1041/2001/1041 1204/2116/1204
vt 0.236863 0.602569
f 1039/1950/1039 1328/2231/1328 853/1581/853
vt 0.054450 0.396436
f 954/1706/954 1131/2008/1131 1294/2232/1294
f 1128/2201/1128 1230/2194/1230 1002/1895/1002
vt 0.228172 0.236212
vt 0.229190 0.230934
f 1078/2233/1078 1070/2234/1070 1080/2190/1080
vt 0.583594 0.955955
f 988/1847/988 1049/1942/1049 1129/2235/1129
vt 0.104442 0.500981
f 1076/2236/1076 1092/2192/1092 1101/2198/1101
f 1072/2200/1072 1097/2179/1097 1011/2178/1011
vt 0.256857 0.234177
f 1133/2237/1133 1035/2180/1035 1097/2179/1097
vt 0.235636 0.233131
f 1079/2238/1079 1080/2190/1080 1070/2234/1070
vt 0.468105 0.142140
vt 0.465952 0.141193
vt 0.467218 0.139740
f 1032/2239/1032 1095/2240/1095 1038/2241/1038
vt 0.211092 0.230379
f 1148/2175/1148 1056/2174/1056 1135/2242/1135
vt 0.210706 0.805385
f 1156/2045/1156 1231/2243/1231 1036/2142/1036
vt 0.620288 0.654852
f 1000/1299/1000 1120/2244/1120 742/1595/742
vt 0.888329 0.445951
f 1074/2127/1074 1096/2245/1096 985/2126/985
vt 0.089916 0.464432
vt 0.094855 0.466346
vt 0.090335 0.468390
f 1036/2246/1036 1231/2247/1231 1059/2248/1059
f 1093/2189/1093 1080/2190/1080 1079/2238/1079
vt 0.263272 0.236442
vt 0.261457 0.235796
vt 0.263161 0.235615
f 1043/2249/1043 1054/2250/1054 1098/2251/1098
f 1030/1732/1030 1126/2125/1126 1001/1290/1001
vt 0.244043 0.231653
f 1093/2189/1093 1179/2252/1179 1072/2200/1072
vt 0.872991 0.459686
f 1087/1635/1087 956/1888/956 1291/2253/1291
vt 0.847816 0.204202
f 907/1725/907 1086/2254/1086 1178/1927/1178
vt 0.722939 0.192227
f 1175/2206/1175 1149/2255/1149 1031/2205/1031
vt 0.107479 0.539073
f 1078/2256/1078 1084/2195/1084 1081/2197/1081
vt 0.115174 0.532808
f 1150/2257/1150 1084/2195/1084 1078/2256/1078
f 1074/2202/1074 1005/1886/1005 1006/1994/1006
vt 0.104616 0.535837
f 1078/2256/1078 1080/2258/1080 1150/2257/1150
f 932/1884/932 1048/2167/1048 1175/2163/1175
vt 0.105017 0.530246
f 1147/2141/1147 1060/2259/1060 1053/2139/1053
f 1150/2257/1150 1080/2258/1080 1060/2259/1060
vt 0.104247 0.510308
f 1077/2159/1077 1067/2260/1067 1015/2143/1015
vt 0.584829 0.962217
f 1052/2261/1052 1283/2099/1283 903/1889/903
vt 0.899775 0.037193
vt 0.902319 0.035749
vt 0.904820 0.037340
f 955/2262/955 1064/2263/1064 1193/2264/1193
f 1078/2233/1078 1081/2177/1081 1058/2173/1058
vt 0.252533 0.051386
f 1320/2265/1320 1071/2136/1071 986/2138/986
vt 0.081738 0.068831
vt 0.082909 0.071304
f 1043/2061/1043 1119/2266/1119 1033/2267/1033
vt 0.200455 0.177424
f 1073/1973/1073 1033/2076/1033 1119/2268/1119
vt 0.245090 0.139234
vt 0.242858 0.139203
f 1132/2269/1132 1016/1831/1016 1210/2270/1210
f 1078/2233/1078 1058/2173/1058 1070/2234/1070
vt 0.729398 0.772702
f 1099/2133/1099 1242/2271/1242 823/1460/823
vt 0.589115 0.410663
f 1032/2085/1032 1096/2207/1096 1095/2272/1095
vt 0.096347 0.473812
f 1190/2132/1190 1102/2059/1102 1155/2273/1155
vt 0.601759 0.633516
vt 0.608224 0.639425
f 1115/2274/1115 1117/2275/1117 1069/1328/1069
vt 0.742884 0.788108
vt 0.741449 0.790404
f 1142/2092/1142 1014/2276/1014 1219/2277/1219
f 1069/1328/1069 1117/2275/1117 870/1475/870
vt 0.530876 0.926505
f 981/1780/981 967/1743/967 1171/2278/1171
vt 0.208277 0.236114
f 1090/2279/1090 1135/2242/1135 1056/2174/1056
vt 0.204605 0.231898
f 1134/2280/1134 1135/2242/1135 1090/2279/1090
f 1067/2260/1067 1147/2141/1147 1015/2143/1015
f 1166/2162/1166 1540/1762/1540 788/1965/788
vt 0.103347 0.913940
f 753/1318/753 1213/2281/1213 1130/1501/1130
vt 0.257502 0.050260
vt 0.255722 0.052885
f 986/2138/986 1085/2282/1085 1320/2283/1320
f 1101/2198/1101 1224/2156/1224 1076/2236/1076
vt 0.204665 0.228703
f 1134/2280/1134 1154/2284/1154 1135/2242/1135
vt 0.032999 0.884519
f 1377/2285/1377 980/1689/980 1118/1765/1118
f 1024/2154/1024 1224/2156/1224 1101/2198/1101
vt 0.623715 0.664726
vt 0.621570 0.675700
f 1601/2286/1601 821/2287/821 742/1595/742
vt 0.099671 0.506229
f 1077/2159/1077 1092/2288/1092 1067/2260/1067
vt 0.196592 0.180927
vt 0.200194 0.177540
vt 0.200174 0.180794
f 1098/2289/1098 1119/2290/1119 1043/2291/1043
vt 0.120422 0.547764
f 1084/2195/1084 1152/2292/1152 1056/2196/1056
vt 0.862478 0.470642
f 936/1978/936 1137/2147/1137 1138/2293/1138
vt 0.552316 0.297185
vt 0.550084 0.299756
f 1123/2294/1123 1137/2295/1137 1029/1891/1029
vt 0.246759 0.626011
f 1184/2296/1184 1089/2019/1089 1082/1837/1082
vt 0.691422 0.251348
vt 0.688947 0.256166
vt 0.688197 0.251688
f 1134/2297/1134 1183/2298/1183 1153/2299/1153
f 1231/2247/1231 1102/2059/1102 1059/2248/1059
f 1209/2010/1209 1018/1783/1018 1264/2119/1264
vt 0.103160 0.339092
f 989/1784/989 1252/2182/1252 957/2300/957
vt 0.158688 0.104323
vt 0.155881 0.104067
f 1108/2123/1108 910/2301/910 1202/2302/1202
vt 0.918711 0.904552
f 1230/2303/1230 1162/2005/1162 1065/2224/1065
vt 0.221838 0.157831
f 900/1944/900 1044/2096/1044 1193/2304/1193
f 900/1944/900 1193/2304/1193 1064/1943/1064
vt 0.238195 0.140808
f 1016/1831/1016 1061/1929/1061 1103/2305/1103
vt 0.257534 0.360326
f 849/1770/849 1108/2013/1108 1407/2306/1407
f 1017/1498/1017 1106/2226/1106 1207/2110/1207
vt 0.251236 0.361939
f 849/1770/849 1265/2307/1265 892/1775/892
vt 0.245868 0.362539
f 1265/2307/1265 1157/2308/1157 892/1775/892
f 1157/2308/1157 1007/2038/1007 892/1775/892
vt 0.957803 0.525023
f 1273/2309/1273 1107/2214/1107 973/1565/973
f 961/1339/961 1120/2244/1120 1000/1299/1000
f 1030/1732/1030 898/1446/898 1089/2019/1089
vt 0.413424 0.487009
vt 0.415600 0.483201
f 988/2117/988 1129/2310/1129 1189/2311/1189
vt 0.227237 0.590811
f 1039/1950/1039 1130/1949/1130 1180/2312/1180
f 988/2117/988 1189/2311/1189 1052/1935/1052
vt 0.465250 0.139374
f 1038/2241/1038 1095/2240/1095 1122/2313/1122
vt 0.036044 0.303196
f 1111/1899/1111 962/2026/962 1140/2314/1140
vt 0.052235 0.385756
f 1112/2315/1112 920/1647/920 1003/2098/1003
vt 0.681668 0.253789
vt 0.683025 0.249851
f 1153/2299/1153 1125/2316/1125 1127/2317/1127
vt 0.723406 0.765631
f 984/1597/984 823/1460/823 1686/2318/1686
f 1686/2318/1686 823/1460/823 1242/2271/1242
f 1067/2260/1067 1092/2288/1092 1076/2236/1076
vt 0.242727 0.617569
f 1088/1982/1088 1346/2319/1346 939/1646/939
vt 0.093817 0.338680
f 1086/2227/1086 959/2000/959 1370/2320/1370
vt 0.686630 0.248715
f 1127/2317/1127 1136/2321/1136 1153/2299/1153
f 939/1646/939 1184/2296/1184 1082/1837/1082
f 1114/1996/1114 810/1698/810 1094/2100/1094
f 1231/2247/1231 1155/2273/1155 1102/2059/1102
vt 0.112997 0.526848
f 1116/2322/1116 1150/2257/1150 1060/2259/1060
f 1147/2141/1147 1116/2322/1116 1060/2259/1060
vt 0.239262 0.229782
f 1179/2252/1179 1093/2189/1093 1216/2323/1216
vt 0.418074 0.134356
vt 0.417391 0.137879
vt 0.415052 0.134344
f 1175/2324/1175 1048/2325/1048 1176/2326/1176
vt 0.128572 0.551269
vt 0.118850 0.553917
f 1225/2327/1225 1090/2328/1090 1152/2292/1152
vt 0.468103 0.138726
vt 0.467029 0.137009
vt 0.468807 0.137557
f 1038/2329/1038 1143/2330/1143 1048/2331/1048
f 1056/2196/1056 1152/2292/1152 1090/2328/1090
f 850/1577/850 1075/1842/1075 1106/2226/1106
vt 0.584735 0.953403
f 1066/2181/1066 1146/2332/1146 1049/1942/1049
vt 0.584827 0.954358
f 1146/2332/1146 1129/2333/1129 1049/1942/1049
vt 0.600085 0.627017
f 1068/1688/1068 1205/2334/1205 966/1679/966
f 1125/2316/1125 1153/2299/1153 1183/2298/1183
f 1205/2334/1205 1115/2274/1115 966/1679/966
vt 0.233000 0.227131
f 1079/2238/1079 1070/2234/1070 1181/2335/1181
vt 0.107780 0.919406
f 1213/2281/1213 1180/2336/1180 1130/1501/1130
f 966/1679/966 1115/2274/1115 1069/1328/1069
vt 0.236715 0.231552
f 1196/2337/1196 1216/2323/1216 1079/2238/1079
f 1093/2189/1093 1079/2238/1079 1216/2323/1216
vt 0.691962 0.255067
f 1090/2338/1090 1183/2298/1183 1134/2297/1134
f 1213/2281/1213 753/1318/753 2218/1975/2218
vt 0.697463 0.039223
vt 0.699409 0.039134
vt 0.698813 0.040404
f 1133/2339/1133 1098/2340/1098 1054/2341/1054
vt 0.265030 0.351847
vt 0.266915 0.351528
vt 0.267111 0.355076
f 1047/2342/1047 1083/2343/1083 1276/2344/1276
vt 0.055364 0.401178
f 1145/2345/1145 954/1706/954 1294/2232/1294
vt 0.052590 0.390508
f 1294/2232/1294 1131/2008/1131 1191/2346/1191
f 1191/2346/1191 1131/2008/1131 920/1647/920
vt 0.585532 0.947020
f 1173/2048/1173 1220/2347/1220 1066/2181/1066
vt 0.552889 0.293991
f 1029/1891/1029 1186/2348/1186 1123/2294/1123
vt 0.054205 0.405564
f 1100/1951/1100 954/1706/954 1212/2349/1212
vt 0.201998 0.230286
f 1154/2284/1154 1134/2280/1134 1153/2350/1153
f 1186/2348/1186 1029/1891/1029 1107/2216/1107
vt 0.083031 0.907360
f 914/1015/914 1359/2351/1359 2218/1975/2218
vt 0.766690 0.226338
f 1282/2352/1282 1166/2162/1166 821/2161/821
vt 0.670709 0.250091
vt 0.676203 0.247986
f 1197/2353/1197 1151/2354/1151 1125/2316/1125
vt 0.220634 0.227454
f 1148/2175/1148 1194/2355/1194 1058/2173/1058
f 920/1647/920 1112/2315/1112 1191/2346/1191
f 1125/2316/1125 1151/2354/1151 1127/2317/1127
vt 0.616740 0.647395
f 1262/2356/1262 961/1339/961 870/1475/870
vt 0.110608 0.509912
f 1167/2357/1167 1147/2141/1147 1067/2260/1067
vt 0.637958 0.415880
vt 0.635876 0.413237
f 1140/2358/1140 1114/1996/1114 1141/2359/1141
vt 0.575273 0.590692
f 1113/2360/1113 912/1738/912 2003/2176/2003
vt 0.683057 0.246057
f 1127/2317/1127 1200/2361/1200 1136/2321/1136
vt 0.053498 0.887229
vt 0.045199 0.887213
f 1257/2362/1257 880/1697/880 1208/2363/1208
vt 0.465961 0.138226
f 1122/2313/1122 1143/2364/1143 1038/2241/1038
vt 0.051497 0.369959
f 1050/2097/1050 1174/2105/1174 1253/2365/1253
f 880/1697/880 1124/2168/1124 1208/2363/1208
vt 0.888160 0.442871
vt 0.890142 0.445644
f 1122/2366/1122 1095/2367/1095 1096/2245/1096
vt 0.686236 0.246848
f 1200/2361/1200 1250/2368/1250 1136/2321/1136
vt 0.776085 0.241752
f 873/1695/873 1540/1762/1540 1774/2369/1774
vt 0.199942 0.228602
f 1154/2284/1154 1153/2350/1153 1136/2370/1136
f 1377/2285/1377 1124/2168/1124 980/1689/980
vt 0.058055 0.891285
f 880/1697/880 1201/2371/1201 1173/1858/1173
vt 0.200860 0.226010
f 1250/2372/1250 1154/2284/1154 1136/2370/1136
vt 0.123770 0.557502
f 1225/2327/1225 1183/2373/1183 1090/2328/1090
vt 0.593528 0.610341
f 1026/1861/1026 977/2058/977 1214/2374/1214
f 1686/2318/1686 1121/2193/1121 984/1597/984
vt 0.026716 0.884733
f 1361/2375/1361 1377/2285/1377 1118/1765/1118
vt 0.214303 0.225965
f 1135/2242/1135 1228/2376/1228 1148/2175/1148
vt 0.018793 0.879560
f 1271/2377/1271 1361/2375/1361 1118/1765/1118
vt 0.730399 0.781139
f 1099/2133/1099 1004/1539/1004 1593/2378/1593
f 1190/2132/1190 1224/2156/1224 1040/2157/1040
vt 0.235969 0.230643
f 1196/2379/1196 1079/2238/1079 1181/2335/1181
vt 0.202625 0.174654
f 1119/2268/1119 1139/2380/1139 1073/1973/1073
f 1194/2355/1194 1070/2234/1070 1058/2173/1058
f 1088/1982/1088 853/1581/853 1328/2231/1328
vt 0.622026 0.408987
f 1028/2064/1028 1218/2381/1218 982/2144/982
vt 0.122971 0.536384
f 1084/2195/1084 1298/2382/1298 1152/2292/1152
f 1323/2145/1323 1087/1635/1087 1291/2253/1291
vt 0.898686 0.038950
vt 0.901359 0.039623
f 1009/2383/1009 955/2262/955 1506/2384/1506
vt 0.249652 0.230779
f 1179/2252/1179 1182/2385/1182 1072/2200/1072
vt 0.256921 0.231443
f 1097/2179/1097 1144/2386/1144 1133/2237/1133
vt 0.058235 0.419921
f 1230/2194/1230 1128/2201/1128 1222/2387/1222
vt 0.697944 0.037002
vt 0.699750 0.038508
f 1144/2388/1144 1098/2389/1098 1133/2339/1133
vt 0.244392 0.137694
vt 0.242880 0.135370
f 1132/2390/1132 1374/2391/1374 1046/2217/1046
f 1374/2391/1374 1083/2158/1083 1046/2217/1046
vt 0.415150 0.136596
f 1143/2392/1143 1176/2326/1176 1048/2325/1048
vt 0.055285 0.405544
vt 0.056419 0.408983
f 1212/2393/1212 1177/2394/1177 1100/1951/1100
vt 0.914251 0.908839
f 1230/2303/1230 1272/2395/1272 1162/2005/1162
vt 0.047725 0.320747
f 1165/1779/1165 918/1719/918 1671/2396/1671
vt 0.211833 0.789834
f 1156/2045/1156 1062/2120/1062 1269/2397/1269
vt 0.361199 0.794551
vt 0.365680 0.797922
f 1163/2398/1163 1021/2114/1021 1268/2399/1268
vt 0.557376 0.570666
f 1008/2400/1008 976/1601/976 1091/2212/1091
f 1204/2116/1204 1268/2399/1268 1021/2114/1021
vt 0.963669 0.525268
f 973/1565/973 1207/2401/1207 1273/2309/1273
vt 0.990818 0.082198
vt 0.987622 0.082731
vt 0.988685 0.078897
f 916/2402/916 1047/2403/1047 1202/2404/1202
vt 0.017609 0.662294
f 937/2112/937 1121/2405/1121 978/1928/978
vt 0.015421 0.668321
f 978/1928/978 1121/2405/1121 1609/2406/1609
vt 0.818062 0.189718
f 960/1748/960 1286/2407/1286 787/1634/787
vt 0.587376 0.246076
f 972/2014/972 1158/2408/1158 1368/2007/1368
f 1286/2407/1286 1037/2053/1037 787/1634/787
vt 0.157538 0.100919
f 1202/2302/1202 1317/2409/1317 1108/2123/1108
vt 0.259294 0.358185
f 1108/2013/1108 1317/2410/1317 1407/2306/1407
vt 0.815833 0.181495
f 1037/2053/1037 1286/2407/1286 1258/2411/1258
vt 0.808942 0.856895
f 1159/2412/1159 1264/2119/1264 1105/2118/1105
vt 0.217773 0.162230
f 1044/2096/1044 1071/2413/1071 1193/2304/1193
f 1265/2307/1265 849/1770/849 1407/2306/1407
vt 0.225587 0.149548
f 1061/1929/1061 1009/2031/1009 1164/2414/1164
vt 0.049708 0.353681
f 924/1855/924 894/1772/894 1341/2415/1341
vt 0.153105 0.359001
vt 0.155285 0.364980
f 1020/2124/1020 1209/2416/1209 1160/2417/1160
vt 0.242828 0.368750
f 1278/2418/1278 1027/1690/1027 1007/2038/1007
vt 0.147045 0.365517
f 1020/2124/1020 1738/2419/1738 1109/1580/1109
f 1206/1933/1206 922/1711/922 1211/2016/1211
vt 0.408431 0.487893
vt 0.408733 0.483989
vt 0.411512 0.485708
f 1066/2420/1066 1295/2421/1295 1146/2422/1146
f 1100/1951/1100 1177/2394/1177 1128/2201/1128
vt 0.396749 0.138723
vt 0.399266 0.137145
vt 0.398710 0.138815
f 1195/2423/1195 1182/2424/1182 1179/2425/1179
f 1212/2349/1212 954/1706/954 1145/2345/1145
vt 0.413315 0.479290
f 1189/2311/1189 1297/2426/1297 1052/1935/1052
f 1072/2200/1072 1182/2385/1182 1097/2179/1097
vt 0.590850 0.957045
vt 0.586128 0.960981
f 1297/2427/1297 1283/2099/1283 1052/2428/1052
vt 0.129348 0.559868
vt 0.126129 0.564031
f 1169/2429/1169 1125/2430/1125 1183/2373/1183
vt 0.205939 0.224789
f 1135/2242/1135 1154/2284/1154 1293/2431/1293
vt 0.486269 0.670368
f 1185/2432/1185 1008/2002/1008 1051/1824/1051
vt 0.108160 0.503360
f 1301/2433/1301 1067/2260/1067 1076/2236/1076
vt 0.134154 0.568000
vt 0.131576 0.572921
f 1125/2430/1125 1255/2434/1255 1197/2435/1197
f 1346/2319/1346 1184/2296/1184 939/1646/939
vt 0.056647 0.427634
vt 0.058485 0.424655
f 1272/2436/1272 1230/2194/1230 1217/2437/1217
f 1148/2175/1148 1228/2376/1228 1194/2355/1194
vt 0.245854 0.230055
f 1195/2438/1195 1179/2252/1179 1216/2323/1216
vt 0.054404 0.392877
f 1294/2232/1294 1191/2346/1191 1226/2439/1226
vt 0.637865 0.187969
vt 0.636831 0.183543
vt 0.640918 0.187046
f 1210/2440/1210 1016/2441/1016 1103/2442/1103
f 1189/2311/1189 1129/2310/1129 1146/2422/1146
vt 0.886324 0.446746
vt 0.886070 0.446398
f 1096/2245/1096 1074/2443/1074 1229/2444/1229
vt 0.737662 0.487735
vt 0.734513 0.489552
vt 0.734470 0.486471
f 1308/2445/1308 1128/2446/1128 1177/2447/1177
vt 0.883893 0.447213
vt 0.879816 0.449129
f 1229/2448/1229 1074/2202/1074 1235/2449/1235
f 1235/2449/1235 1074/2202/1074 1006/1994/1006
vt 0.255136 0.641722
f 1089/2019/1089 1288/2450/1288 1030/1732/1030
vt 0.260798 0.645383
f 1030/1732/1030 1397/2451/1397 1126/2125/1126
vt 0.629386 0.409602
f 982/2144/982 1330/2452/1330 1094/2100/1094
f 1253/2365/1253 1172/2203/1172 1050/2097/1050
vt 0.462910 0.084663
vt 0.459453 0.089221
vt 0.458280 0.087375
f 1200/2453/1200 1151/2454/1151 1198/2455/1198
f 1219/2218/1219 1027/1690/1027 1278/2418/1278
f 1281/2094/1281 936/1978/936 1138/2293/1138
vt 0.680772 0.246325
f 1127/2317/1127 1151/2354/1151 1200/2456/1200
vt 0.053354 0.364807
f 1174/2105/1174 924/1855/924 1303/2457/1303
vt 0.101949 0.474223
f 1190/2132/1190 1155/2273/1155 1254/2458/1254
vt 0.858334 0.472892
f 1138/2293/1138 1137/2147/1137 1244/2459/1244
vt 0.612706 0.406577
f 1028/2064/1028 993/1836/993 1388/2460/1388
f 993/1836/993 1045/2070/1045 1388/2460/1388
vt 0.556909 0.302341
f 1233/2461/1233 1137/2295/1137 1123/2294/1123
vt 0.222648 0.152177
vt 0.228027 0.155714
f 1506/2462/1506 955/2463/955 1193/2304/1193
vt 0.779796 0.253606
f 1110/1883/1110 873/1695/873 1654/2464/1654
f 1298/2382/1298 1084/2195/1084 1150/2257/1150
vt 0.593764 0.408603
vt 0.589439 0.408035
vt 0.593124 0.406776
f 1143/2465/1143 1122/2466/1122 1324/2467/1324
vt 0.388398 0.782777
f 1041/2001/1041 1161/1921/1161 1986/2468/1986
vt 0.106469 0.482466
f 1224/2156/1224 1190/2132/1190 1319/2469/1319
f 1250/2372/1250 1293/2431/1293 1154/2284/1154
vt 0.248136 0.132343
vt 0.246356 0.132505
f 1432/2470/1432 1083/2158/1083 1382/2471/1382
vt 0.248710 0.131900
f 1083/2158/1083 1432/2470/1432 1276/2472/1276
vt 0.885330 0.445179
f 1229/2444/1229 1345/2473/1345 1096/2245/1096
vt 0.574358 0.572355
f 976/1601/976 1352/2474/1352 1168/1484/1168
vt 0.640207 0.189061
f 1103/2442/1103 1350/2475/1350 1210/2440/1210
f 1120/2244/1120 1601/2286/1601 742/1595/742
vt 0.201907 0.169870
f 1188/2476/1188 1073/1973/1073 1139/2380/1139
f 1067/2260/1067 1301/2433/1301 1167/2357/1167
vt 0.155830 0.101160
f 1317/2409/1317 1202/2302/1202 1307/2477/1307
f 1085/2083/1085 1073/1973/1073 1188/2476/1188
f 1359/2351/1359 914/1015/914 1199/1941/1199
vt 0.719764 0.472677
vt 0.717846 0.474351
vt 0.715035 0.469470
f 1226/2478/1226 1191/2479/1191 1112/2480/1112
vt 0.136802 0.574189
f 1255/2434/1255 1232/2481/1232 1197/2435/1197
vt 0.110830 0.498648
f 1277/2482/1277 1301/2433/1301 1076/2236/1076
f 1214/2374/1214 1068/1688/1068 1026/1861/1026
vt 0.054284 0.380433
f 1251/2483/1251 1112/2315/1112 1003/2098/1003
f 1172/2203/1172 1251/2483/1251 1003/2098/1003
vt 0.018408 0.885663
f 979/2484/979 1271/2377/1271 1118/1765/1118
vt 0.627737 0.676089
f 1601/2286/1601 1282/2485/1282 821/2287/821
f 1051/1824/1051 1280/2210/1280 1185/2432/1185
vt 0.480405 0.673470
f 1223/2486/1223 1280/2210/1280 1126/2211/1126
f 1009/2031/1009 1506/2462/1506 1164/2414/1164
f 1006/1994/1006 1323/2145/1323 1235/2449/1235
f 1255/2434/1255 1125/2430/1125 1169/2429/1169
vt 0.719407 0.190678
f 1149/2255/1149 1175/2206/1175 1550/2487/1550
vt 0.663961 0.248320
vt 0.670184 0.244355
f 1197/2353/1197 1256/2488/1256 1249/2489/1249
f 1330/2452/1330 982/2144/982 1218/2381/1218
vt 0.859390 0.462352
f 1281/2094/1281 1138/2293/1138 1379/2490/1379
vt 0.597223 0.407213
vt 0.599058 0.403928
vt 0.599469 0.408606
f 1176/2491/1176 1221/2492/1221 1175/2493/1175
vt 0.606493 0.405925
f 1149/2204/1149 1187/2494/1187 1045/2070/1045
vt 0.858722 0.475710
f 1233/2495/1233 1244/2459/1244 1137/2147/1137
vt 0.212995 0.814518
vt 0.208845 0.809666
f 1254/2496/1254 1155/2497/1155 1231/2243/1231
vt 0.243582 0.228884
f 1195/2438/1195 1216/2323/1216 1248/2498/1248
vt 0.460670 0.083739
f 1200/2453/1200 1198/2455/1198 1313/2499/1313
vt 0.057691 0.415579
f 1316/2500/1316 1222/2387/1222 1128/2201/1128
vt 0.056958 0.412521
f 1308/2501/1308 1316/2500/1316 1128/2201/1128
vt 0.198008 0.224930
vt 0.196294 0.226797
f 1292/2502/1292 1250/2372/1250 1200/2503/1200
vt 0.057020 0.406980
vt 0.058270 0.407560
f 1177/2394/1177 1212/2504/1212 1246/2505/1246
vt 0.730202 0.478101
vt 0.730903 0.483359
vt 0.728712 0.482975
f 1310/2506/1310 1212/2507/1212 1145/2508/1145
f 1197/2353/1197 1249/2489/1249 1151/2354/1151
vt 0.108453 0.493592
f 1237/2509/1237 1076/2236/1076 1224/2156/1224
vt 0.674978 0.244625
f 1249/2489/1249 1198/2510/1198 1151/2354/1151
vt 0.254341 0.229790
f 1227/2511/1227 1144/2386/1144 1097/2179/1097
f 1161/1921/1161 975/1850/975 1192/2230/1192
vt 0.214388 0.803614
vt 0.213727 0.797924
f 1266/2512/1266 1156/2045/1156 1267/2513/1267
vt 0.353925 0.800632
f 1062/2514/1062 1163/2398/1163 1268/2399/1268
f 1231/2243/1231 1156/2045/1156 1266/2512/1266
vt 0.839617 0.201386
f 1042/2130/1042 1178/1927/1178 1372/2515/1372
vt 0.983943 0.080951
f 1202/2404/1202 1047/2403/1047 1276/2516/1276
vt 0.212717 0.792166
f 1269/2517/1269 1267/2513/1267 1156/2045/1156
f 1986/2468/1986 1204/2116/1204 1041/2001/1041
vt 0.824882 0.882357
f 1104/1641/1104 1063/2518/1063 1158/2106/1158
f 1302/2011/1302 978/1928/978 1609/2406/1609
vt 0.558870 0.569461
f 1185/2519/1185 976/1601/976 1008/2400/1008
vt 0.051248 0.347740
f 1341/2415/1341 894/1772/894 1378/2520/1378
vt 0.676769 0.159536
vt 0.671706 0.162858
vt 0.668159 0.159185
f 1157/2521/1157 1265/2522/1265 1631/2523/1631
vt 0.229349 0.145293
f 1103/2305/1103 1061/1929/1061 1275/2524/1275
vt 0.240974 0.138277
f 1374/2391/1374 1132/2390/1132 1210/2525/1210
vt 0.231941 0.141946
f 1275/2524/1275 1203/2526/1203 1103/2305/1103
f 1252/2182/1252 884/1576/884 1206/1933/1206
f 1160/2417/1160 1738/2419/1738 1020/2124/1020
vt 0.666311 0.253316
vt 0.664578 0.253135
f 1232/2527/1232 1289/2528/1289 1256/2488/1256
vt 0.884458 0.443038
f 1096/2245/1096 1345/2529/1345 1122/2366/1122
f 1232/2527/1232 1256/2488/1256 1197/2353/1197
vt 0.040922 0.303105
f 1140/2314/1140 1369/2530/1369 1111/1899/1111
vt 0.634065 0.411634
f 1141/2531/1141 1114/1996/1114 1094/2100/1094
vt 0.058113 0.399819
f 1294/2232/1294 1310/2532/1310 1145/2345/1145
vt 0.596252 0.960782
f 1297/2427/1297 1503/2533/1503 1283/2099/1283
vt 0.238272 0.228723
f 1216/2534/1216 1196/2379/1196 1181/2335/1181
vt 0.720868 0.468518
f 1311/2535/1311 1226/2478/1226 1112/2480/1112
vt 0.127240 0.544206
f 1413/2536/1413 1225/2327/1225 1152/2292/1152
f 1152/2292/1152 1298/2382/1298 1413/2536/1413
vt 0.100198 0.342431
f 1261/2537/1261 957/2300/957 1252/2182/1252
vt 0.785173 0.558676
f 1258/2208/1258 1304/2538/1304 1075/1842/1075
f 1141/2531/1141 1094/2100/1094 1330/2452/1330
f 1097/2179/1097 1182/2385/1182 1227/2511/1227
f 1242/2271/1242 1099/2133/1099 1593/2378/1593
vt 0.194678 0.178412
f 1119/2290/1119 1098/2289/1098 1241/2539/1241
vt 0.195007 0.177024
f 1332/2540/1332 1119/2290/1119 1241/2539/1241
f 1303/2457/1303 1253/2365/1253 1174/2105/1174
vt 0.913673 0.157733
vt 0.912759 0.156121
vt 0.915533 0.156021
f 1098/2541/1098 1144/2542/1144 1241/2543/1241
f 1169/2429/1169 1183/2373/1183 1225/2327/1225
vt 0.196971 0.173936
f 1331/2544/1331 1119/2290/1119 1332/2540/1332
f 1139/2380/1139 1119/2268/1119 1331/2544/1331
vt 0.462458 0.082123
f 1200/2453/1200 1313/2499/1313 1292/2545/1292
f 1388/2460/1388 1045/2070/1045 1187/2494/1187
vt 0.211550 0.165778
vt 0.205674 0.165335
f 1320/2546/1320 1085/2083/1085 1376/2547/1376
f 1319/2469/1319 1190/2132/1190 1254/2458/1254
vt 0.665668 0.242392
f 1249/2489/1249 1256/2488/1256 1259/2548/1259
vt 0.603250 0.404115
f 1175/2493/1175 1221/2492/1221 1550/2549/1550
f 1262/2356/1262 1120/2244/1120 961/1339/961
vt 0.466693 0.132826
vt 0.467074 0.136029
vt 0.465751 0.133621
f 1176/2550/1176 1143/2551/1143 1305/2552/1305
f 1293/2431/1293 1228/2376/1228 1135/2242/1135
vt 0.596013 0.405449
f 1324/2467/1324 1305/2553/1305 1143/2465/1143
vt 0.946405 0.523634
vt 0.946430 0.522690
f 1107/2214/1107 1321/2554/1321 1186/2555/1186
vt 0.555574 0.295740
f 1123/2294/1123 1186/2348/1186 1321/2556/1321
vt 0.556805 0.299096
f 1245/2557/1245 1233/2461/1233 1123/2294/1123
vt 0.250784 0.230123
vt 0.252162 0.228892
f 1182/2558/1182 1240/2559/1240 1227/2511/1227
vt 0.584573 0.940826
vt 0.587032 0.942123
f 1201/2560/1201 1438/2561/1438 1173/2048/1173
vt 0.226862 0.224559
f 1344/2562/1344 1181/2335/1181 1070/2234/1070
vt 0.221963 0.223623
f 1194/2355/1194 1228/2376/1228 1238/2563/1238
vt 0.781988 0.256408
f 1654/2464/1654 1517/2564/1517 1110/1883/1110
vt 0.239811 0.228420
f 1215/2565/1215 1216/2534/1216 1181/2335/1181
vt 0.393898 0.138532
vt 0.392405 0.142215
vt 0.391162 0.141195
f 1248/2566/1248 1216/2567/1216 1215/2568/1215
vt 0.058517 0.887642
f 1201/2371/1201 1257/2362/1257 1247/2569/1247
f 1070/2234/1070 1194/2355/1194 1238/2563/1238
f 1257/2362/1257 1201/2371/1201 880/1697/880
vt 0.395449 0.135570
vt 0.396632 0.138415
f 1248/2566/1248 1339/2570/1339 1195/2571/1195
vt 0.119579 0.521215
f 1150/2257/1150 1116/2322/1116 1300/2572/1300
vt 0.655682 0.246103
vt 0.661469 0.252980
f 1338/2573/1338 1256/2488/1256 1289/2574/1289
vt 0.398072 0.134897
f 1240/2575/1240 1195/2423/1195 1339/2570/1339
f 1182/2424/1182 1195/2423/1195 1240/2575/1240
vt 0.641183 0.414755
vt 0.643038 0.414555
f 1296/2576/1296 1369/2577/1369 1140/2213/1140
vt 0.725448 0.475911
f 1226/2478/1226 1311/2535/1311 1294/2578/1294
f 1222/2387/1222 1217/2437/1217 1230/2194/1230
vt 0.660215 0.244215
f 1256/2488/1256 1338/2573/1338 1290/2579/1290
vt 0.663135 0.243410
f 1290/2579/1290 1274/2580/1274 1256/2488/1256
vt 0.714581 0.467917
vt 0.715207 0.465418
f 1112/2480/1112 1251/2581/1251 1333/2582/1333
vt 0.735354 0.794673
f 1142/2092/1142 1219/2277/1219 1384/2583/1384
vt 0.242535 0.372570
f 1384/2584/1384 1219/2218/1219 1278/2418/1278
f 1235/2449/1235 1345/2529/1345 1229/2448/1229
vt 0.247568 0.369584
f 1278/2418/1278 1007/2038/1007 1371/2585/1371
vt 0.059382 0.427382
f 1217/2437/1217 1375/2586/1375 1272/2436/1272
f 1147/2141/1147 1300/2572/1300 1116/2322/1116
vt 0.055253 0.376736
f 1172/2203/1172 1348/2587/1348 1251/2483/1251
vt 0.456583 0.085581
f 1198/2455/1198 1236/2588/1236 1313/2499/1313
vt 0.053156 0.358440
f 1340/2589/1340 1303/2457/1303 924/1855/924
f 1030/1732/1030 1288/2450/1288 1397/2451/1397
vt 0.139833 0.571073
f 1335/2590/1335 1232/2481/1232 1255/2434/1255
vt 0.054543 0.373225
f 1253/2365/1253 1334/2591/1334 1172/2203/1172
vt 0.207161 0.220659
f 1356/2592/1356 1228/2376/1228 1293/2431/1293
f 1438/2561/1438 1220/2347/1220 1173/2048/1173
f 1004/1539/1004 1142/2092/1142 1593/2378/1593
vt 0.598104 0.968308
f 1239/1809/1239 1283/2099/1283 1322/2593/1322
vt 0.403188 0.488558
vt 0.403086 0.484177
f 1220/2594/1220 1381/2595/1381 1066/2420/1066
f 1066/2420/1066 1381/2595/1381 1295/2421/1295
vt 0.436544 0.023041
vt 0.436037 0.021498
vt 0.437229 0.022451
f 1139/2596/1139 1331/2597/1331 1285/2598/1285
vt 0.199195 0.171966
f 1139/2380/1139 1285/2599/1285 1188/2476/1188
f 1295/2421/1295 1189/2311/1189 1146/2422/1146
vt 0.243298 0.606791
f 1328/2231/1328 1387/2600/1387 1088/1982/1088
vt 0.009544 0.667742
f 1549/2601/1549 1302/2011/1302 1609/2406/1609
vt 0.721479 0.188640
f 1149/2255/1149 1550/2487/1550 1187/2602/1187
vt 0.869187 0.454305
f 1323/2145/1323 1291/2253/1291 1608/2603/1608
f 1123/2294/1123 1321/2556/1321 1245/2557/1245
vt 0.942961 0.526713
f 1321/2554/1321 1107/2214/1107 1500/2604/1500
vt 0.908965 0.893238
vt 0.915344 0.890254
f 1162/2005/1162 1497/2605/1497 1063/2606/1063
f 1117/2275/1117 1262/2356/1262 870/1475/870
f 1295/2421/1295 1297/2426/1297 1189/2311/1189
vt 0.907469 0.911412
f 1162/2005/1162 1272/2395/1272 1366/2607/1366
vt 0.106703 0.348209
f 1252/2182/1252 1206/1933/1206 1260/2608/1260
vt 0.816896 0.878579
f 1158/2106/1158 1063/2518/1063 1318/2609/1318
vt 0.097859 0.340051
vt 0.098039 0.341080
f 957/2610/957 1261/2611/1261 1370/2320/1370
vt 0.581853 0.248570
f 1318/2612/1318 1368/2007/1368 1158/2408/1158
vt 0.826561 0.195550
f 960/1748/960 1042/2130/1042 1635/2613/1635
vt 0.599601 0.973411
f 1322/2593/1322 1343/2614/1343 1239/1809/1239
vt 0.769490 0.538387
f 1106/2226/1106 1263/2615/1263 1207/2110/1207
f 1061/1929/1061 1164/2414/1164 1275/2524/1275
f 1286/2407/1286 960/1748/960 1635/2613/1635
vt 0.772720 0.531486
f 1207/2110/1207 1263/2615/1263 1273/2616/1273
f 1341/2415/1341 1340/2589/1340 924/1855/924
vt 0.354364 0.809500
f 1268/2399/1268 1269/2617/1269 1062/2514/1062
f 1671/2396/1671 925/1496/925 1165/1779/1165
f 1378/2520/1378 894/1772/894 925/1496/925
vt 0.843220 0.202868
f 1372/2618/1372 1178/1927/1178 1086/2254/1086
vt 0.833379 0.198882
f 1042/2130/1042 1372/2515/1372 1475/2619/1475
f 1088/1982/1088 1387/2600/1387 1346/2319/1346
f 1270/1964/1270 1111/1899/1111 1369/2530/1369
f 1211/2016/1211 1109/1580/1109 1738/2419/1738
vt 0.810142 0.864233
vt 0.806233 0.868722
f 1159/2412/1159 1368/2620/1368 1495/2621/1495
f 918/1719/918 1270/1964/1270 1671/2396/1671
vt 0.800836 0.846769
f 1264/2119/1264 1160/2622/1160 1209/2010/1209
vt 0.803663 0.862275
f 1264/2119/1264 1159/2412/1159 1630/2623/1630
vt 0.968589 0.058284
vt 0.971973 0.057715
vt 0.971189 0.059211
f 1249/2624/1249 1236/2625/1236 1198/2626/1198
vt 0.734610 0.483304
f 1308/2445/1308 1177/2447/1177 1246/2627/1246
vt 0.215267 0.221923
f 1238/2563/1238 1228/2376/1228 1299/2628/1299
vt 0.270636 0.031202
vt 0.271293 0.029011
vt 0.273416 0.031287
f 1227/2629/1227 1358/2630/1358 1144/2631/1144
f 1310/2506/1310 1246/2627/1246 1212/2507/1212
vt 0.136426 0.562931
f 1255/2434/1255 1169/2429/1169 1284/2632/1284
vt 0.194474 0.223165
vt 0.199430 0.219833
f 1313/2633/1313 1315/2634/1315 1292/2502/1292
f 1070/2234/1070 1238/2563/1238 1344/2562/1344
vt 0.039489 0.301167
vt 0.036719 0.301834
vt 0.037092 0.297238
f 1296/2635/1296 1140/2636/1140 1141/2637/1141
f 1250/2372/1250 1292/2502/1292 1315/2634/1315
vt 0.044647 0.876666
vt 0.057732 0.883163
f 1598/2638/1598 1247/2639/1247 1257/2362/1257
vt 0.743817 0.496782
vt 0.742887 0.494839
vt 0.746044 0.495573
f 1217/2640/1217 1222/2641/1222 1336/2642/1336
vt 0.726502 0.471210
f 1294/2578/1294 1311/2535/1311 1287/2643/1287
vt 0.770041 0.228470
f 1282/2352/1282 1538/2644/1538 1166/2162/1166
f 1208/2363/1208 1598/2638/1598 1257/2362/1257
vt 0.586116 0.934148
f 1438/2561/1438 1201/2560/1201 1247/2645/1247
f 1293/2431/1293 1250/2372/1250 1315/2634/1315
vt 0.241916 0.226689
f 1337/2646/1337 1215/2565/1215 1181/2335/1181
vt 0.110110 0.914287
f 1213/2281/1213 1243/2647/1243 1180/2336/1180
f 1333/2582/1333 1311/2535/1311 1112/2480/1112
vt 0.392225 0.138016
f 1248/2566/1248 1215/2568/1215 1337/2648/1337
vt 0.669319 0.241721
f 1411/2649/1411 1249/2489/1249 1259/2548/1259
vt 0.232713 0.588875
f 1180/2312/1180 1243/2650/1243 1039/1950/1039
vt 0.056814 0.381354
f 1333/2651/1333 1251/2483/1251 1348/2587/1348
vt 0.212376 0.220950
f 1356/2592/1356 1309/2652/1309 1228/2376/1228
vt 0.783348 0.249626
f 2049/2653/2049 1654/2464/1654 873/1695/873
vt 0.721291 0.759614
f 1121/2193/1121 1686/2318/1686 1545/2654/1545
vt 0.141620 0.573277
vt 0.139323 0.577536
f 1232/2481/1232 1335/2655/1335 1289/2656/1289
vt 0.711420 0.461981
vt 0.707176 0.462018
vt 0.707800 0.460022
f 1348/2657/1348 1172/2658/1172 1334/2659/1334
vt 0.589540 0.405564
vt 0.591851 0.405784
f 1122/2466/1122 1234/2660/1234 1324/2661/1324
vt 0.886835 0.440975
f 1345/2529/1345 1234/2662/1234 1122/2366/1122
vt 0.882392 0.440018
f 1509/2663/1509 1234/2662/1234 1345/2529/1345
vt 0.098748 0.345656
f 1252/2182/1252 1572/2664/1572 1261/2537/1261
vt 0.878822 0.443070
f 1235/2449/1235 1393/2665/1393 1345/2529/1345
vt 0.656649 0.252387
f 1289/2574/1289 1312/2666/1312 1338/2573/1338
f 1176/2491/1176 1305/2553/1305 1221/2492/1221
vt 0.110141 0.495588
f 1237/2509/1237 1277/2667/1277 1076/2236/1076
vt 0.707201 0.316986
vt 0.704624 0.318154
vt 0.705066 0.315056
f 1517/2668/1517 1170/2669/1170 1110/2670/1110
f 1259/2548/1259 1256/2488/1256 1274/2580/1274
vt 0.784789 0.558884
f 1304/2671/1304 1106/2226/1106 1075/1842/1075
vt 0.863754 0.456450
f 1473/2672/1473 1291/2253/1291 956/1888/956
vt 0.119173 0.513740
f 1167/2357/1167 1487/2673/1487 1147/2141/1147
vt 0.536466 0.913223
f 979/1969/979 981/1780/981 1353/2674/1353
f 1473/2672/1473 956/1888/956 1281/2094/1281
vt 0.606568 0.620109
f 1214/2374/1214 1465/2675/1465 1068/1688/1068
vt 0.748482 0.499543
f 1217/2640/1217 1336/2642/1336 1375/2676/1375
f 1284/2632/1284 1169/2429/1169 1225/2327/1225
vt 0.545601 0.182783
vt 0.547949 0.182980
f 1170/1856/1170 1171/2677/1171 967/2678/967
f 1335/2590/1335 1255/2434/1255 1284/2632/1284
vt 0.135957 0.547411
f 1412/2679/1412 1225/2327/1225 1413/2536/1413
vt 0.032397 0.100834
vt 0.035153 0.099471
vt 0.035209 0.100714
f 1392/2680/1392 1326/2681/1326 1360/2682/1360
vt 0.652381 0.243745
vt 0.655839 0.243097
f 1360/2683/1360 1326/2684/1326 1338/2573/1338
f 1487/2673/1487 1300/2572/1300 1147/2141/1147
f 1290/2579/1290 1338/2573/1338 1326/2684/1326
vt 0.484211 0.668267
f 1280/2210/1280 1279/2685/1279 1185/2432/1185
vt 0.738563 0.479982
f 1398/2686/1398 1308/2445/1308 1246/2627/1246
vt 0.223703 0.147226
f 1275/2524/1275 1164/2414/1164 1373/2687/1373
vt 0.644329 0.190118
f 1103/2442/1103 1431/2688/1431 1350/2475/1350
vt 0.670438 0.241516
vt 0.672080 0.241752
f 1411/2689/1411 1236/2690/1236 1249/2489/1249
vt 0.730722 0.473519
f 1294/2578/1294 1364/2691/1364 1310/2506/1310
vt 0.245989 0.131966
f 1374/2391/1374 1382/2692/1382 1083/2158/1083
vt 0.186984 0.219752
vt 0.185085 0.223103
vt 0.181976 0.221087
f 1396/2693/1396 1236/2694/1236 1411/2695/1411
vt 0.888938 0.439630
f 1234/2662/1234 1509/2663/1509 1324/2696/1324
vt 0.598070 0.976032
f 1199/2102/1199 1239/1809/1239 1343/2697/1343
vt 0.189068 0.223549
f 1236/2698/1236 1396/2693/1396 1313/2633/1313
vt 0.534979 0.024337
vt 0.534979 0.021579
vt 0.537274 0.022551
f 1228/2699/1228 1309/2700/1309 1299/2701/1299
vt 0.137360 0.554411
f 1409/2702/1409 1284/2632/1284 1225/2327/1225
f 1503/2533/1503 1322/2593/1322 1283/2099/1283
vt 0.234565 0.224058
f 1448/2703/1448 1337/2646/1337 1181/2335/1181
f 1635/2613/1635 1042/2130/1042 1475/2619/1475
f 1473/2672/1473 1281/2094/1281 1379/2490/1379
vt 0.463398 0.168155
vt 0.463671 0.165916
vt 0.465794 0.167701
f 1245/2704/1245 1321/2705/1321 1500/2706/1500
vt 0.611899 0.402673
f 1187/2494/1187 1534/2707/1534 1388/2460/1388
vt 0.055885 0.369468
f 1253/2365/1253 1389/2708/1389 1334/2591/1334
vt 0.346109 0.107437
vt 0.346082 0.108776
vt 0.344467 0.108734
f 1349/2709/1349 1339/2710/1339 1248/2711/1248
vt 0.342536 0.107154
f 1248/2711/1248 1337/2712/1337 1349/2709/1349
vt 0.890945 0.434228
vt 0.889837 0.437125
vt 0.888500 0.434842
f 1221/2713/1221 1305/2714/1305 1401/2715/1401
f 1315/2634/1315 1356/2592/1356 1293/2431/1293
vt 0.255911 0.226255
vt 0.259037 0.228601
f 1453/2716/1453 1358/2717/1358 1227/2511/1227
vt 0.272952 0.028881
f 1241/2718/1241 1144/2631/1144 1358/2630/1358
vt 0.061536 0.418585
vt 0.060435 0.416299
vt 0.061423 0.415755
f 1394/2719/1394 1316/2720/1316 1306/2721/1306
f 1222/2387/1222 1316/2720/1316 1394/2719/1394
vt 0.255931 0.629710
f 1288/2450/1288 1089/2019/1089 1399/2722/1399
vt 0.919748 0.155956
vt 0.917791 0.153271
f 1332/2723/1332 1241/2543/1241 1462/2724/1462
vt 0.743066 0.484662
vt 0.739435 0.490104
f 1306/2725/1306 1316/2726/1316 1308/2445/1308
vt 0.398286 0.488741
f 1381/2595/1381 1220/2594/1220 1438/2727/1438
vt 0.722762 0.755113
f 1545/2654/1545 1609/2728/1609 1121/2193/1121
f 1188/2476/1188 1376/2547/1376 1085/2083/1085
vt 0.911223 0.911745
f 1366/2607/1366 1272/2395/1272 1375/2729/1375
vt 0.216196 0.809779
f 1254/2496/1254 1231/2243/1231 1434/2730/1434
f 1434/2730/1434 1231/2243/1231 1266/2512/1266
vt 0.562558 0.566766
f 1279/2731/1279 976/1601/976 1185/2519/1185
vt 0.053738 0.339421
f 1558/2732/1558 1378/2520/1378 925/1496/925
vt 0.407109 0.751243
f 1302/2109/1302 1549/2733/1549 1192/2230/1192
vt 0.086865 0.344114
f 1672/2734/1672 1086/2227/1086 1370/2320/1370
vt 0.810808 0.610210
vt 0.821300 0.611596
vt 0.817446 0.613296
f 1367/2735/1367 1261/2736/1261 1572/2737/1572
vt 0.815907 0.605852
f 1370/2738/1370 1261/2736/1261 1367/2735/1367
vt 0.211658 0.158824
vt 0.216989 0.164298
f 1320/2546/1320 1470/2739/1470 1071/2740/1071
f 1193/2304/1193 1071/2740/1071 1470/2739/1470
vt 0.214954 0.155859
f 1193/2304/1193 1470/2739/1470 1327/2741/1327
vt 0.800757 0.854642
f 1160/2622/1160 1264/2119/1264 1496/2742/1496
f 1193/2304/1193 1327/2741/1327 1506/2462/1506
vt 0.249023 0.614104
f 1365/2743/1365 1184/2296/1184 1346/2319/1346
vt 0.982768 0.078968
f 1202/2404/1202 1276/2516/1276 1573/2744/1573
vt 0.666680 0.163169
f 1631/2523/1631 1265/2522/1265 1407/2745/1407
vt 0.267172 0.359679
vt 0.262173 0.359121
f 1202/2121/1202 1573/2746/1573 1307/2747/1307
vt 0.678778 0.156765
vt 0.673743 0.156710
f 1007/2748/1007 1157/2521/1157 1371/2749/1371
vt 0.036027 0.878841
f 1377/2285/1377 1422/2750/1422 1124/2168/1124
vt 0.205622 0.213855
f 1356/2592/1356 1315/2634/1315 1354/2751/1354
vt 0.061623 0.421756
f 1394/2719/1394 1336/2752/1336 1222/2387/1222
vt 0.142244 0.581110
f 1312/2753/1312 1289/2656/1289 1335/2655/1335
vt 0.209877 0.217543
f 1309/2652/1309 1356/2592/1356 1391/2754/1391
vt 0.144327 0.584985
vt 0.146799 0.581610
f 1357/2755/1357 1312/2753/1312 1415/2756/1415
vt 0.397679 0.133176
f 1339/2570/1339 1227/2757/1227 1240/2575/1240
vt 0.396748 0.132500
f 1227/2757/1227 1339/2570/1339 1453/2758/1453
vt 0.607173 0.629265
f 1205/2334/1205 1581/2759/1581 1115/2274/1115
f 1398/2686/1398 1306/2725/1306 1308/2445/1308
vt 0.651110 0.249709
f 1312/2666/1312 1357/2760/1357 1338/2573/1338
vt 0.219902 0.221137
f 1299/2628/1299 1342/2761/1342 1238/2563/1238
vt 0.202763 0.915821
vt 0.209683 0.923874
vt 0.202027 0.925990
f 1284/2762/1284 1566/2763/1566 1335/2764/1335
vt 0.129399 0.527407
f 1298/2382/1298 1150/2257/1150 1525/2765/1525
vt 0.226282 0.222471
f 1414/2766/1414 1238/2563/1238 1342/2761/1342
f 1344/2562/1344 1238/2563/1238 1414/2766/1414
f 1300/2572/1300 1525/2765/1525 1150/2257/1150
vt 0.613136 0.634533
f 1640/2767/1640 1117/2275/1117 1115/2274/1115
vt 0.543151 0.907338
f 979/1969/979 1353/2674/1353 1271/2768/1271
vt 0.074167 0.908708
f 1343/2769/1343 1359/2351/1359 1199/1941/1199
vt 0.710563 0.453941
f 1348/2657/1348 1334/2659/1334 1452/2770/1452
f 1338/2573/1338 1357/2760/1357 1360/2683/1360
vt 0.886211 0.436565
f 1401/2715/1401 1305/2714/1305 1351/2771/1351
f 1305/2714/1305 1324/2696/1324 1351/2771/1351
vt 0.489508 0.105846
vt 0.489297 0.108960
vt 0.486575 0.106046
f 1411/2772/1411 1259/2773/1259 1355/2774/1355
f 1303/2457/1303 1389/2708/1389 1253/2365/1253
f 1287/2643/1287 1364/2691/1364 1294/2578/1294
f 1171/2278/1171 1353/2674/1353 981/1780/981
vt 0.590851 0.939072
f 1247/2645/1247 1575/2775/1575 1438/2561/1438
vt 0.114257 0.494896
f 1493/2776/1493 1277/2667/1277 1237/2509/1237
vt 0.035691 0.096636
vt 0.036607 0.098026
vt 0.035170 0.099433
f 1395/2777/1395 1290/2778/1290 1326/2779/1326
vt 0.662641 0.241737
vt 0.658852 0.240997
f 1274/2780/1274 1290/2579/1290 1395/2781/1395
vt 0.053450 0.351527
f 1340/2589/1340 1341/2415/1341 1325/2782/1325
vt 0.041139 0.295023
f 1296/2635/1296 1141/2637/1141 1329/2783/1329
vt 0.051593 0.350944
f 1325/2784/1325 1341/2415/1341 1378/2520/1378
f 1124/2168/1124 1422/2750/1422 1208/2363/1208
vt 0.376625 0.794818
f 1363/2785/1363 1268/2399/1268 1204/2116/1204
vt 0.262135 0.360778
f 1317/2410/1317 1307/2747/1307 1435/2786/1435
f 1319/2469/1319 1237/2509/1237 1224/2156/1224
vt 0.443178 0.063761
vt 0.447950 0.064452
vt 0.445382 0.065586
f 1304/2787/1304 1258/2788/1258 1405/2789/1405
vt 0.240063 0.593963
f 1039/1950/1039 1685/2790/1685 1328/2231/1328
vt 0.618429 0.403825
f 1456/2791/1456 1218/2381/1218 1028/2064/1028
vt 0.193168 0.173628
f 1331/2544/1331 1332/2540/1332 1532/2792/1532
vt 0.852627 0.468647
f 1530/2793/1530 1138/2293/1138 1244/2459/1244
vt 0.607556 0.400631
f 1187/2494/1187 1460/2794/1460 1534/2707/1534
vt 0.624720 0.406019
f 1218/2381/1218 1314/2795/1314 1330/2452/1330
vt 0.752496 0.501568
vt 0.748665 0.502259
f 1375/2676/1375 1410/2796/1410 1366/2797/1366
vt 0.242409 0.224568
f 1337/2646/1337 1448/2703/1448 1416/2798/1416
vt 0.752819 0.497017
f 1336/2642/1336 1386/2799/1386 1375/2676/1375
f 1324/2696/1324 1509/2663/1509 1351/2771/1351
vt 0.209131 0.161989
f 1515/2800/1515 1320/2546/1320 1376/2547/1376
vt 0.570593 0.565536
f 1279/2731/1279 1818/2801/1818 976/1601/976
vt 0.212395 0.219317
f 1391/2754/1391 1429/2802/1429 1309/2652/1309
f 1345/2529/1345 1393/2665/1393 1509/2663/1509
vt 0.194990 0.214741
f 1396/2693/1396 1362/2803/1362 1313/2633/1313
vt 0.646279 0.251076
vt 0.644550 0.245460
f 1357/2760/1357 1403/2804/1403 1347/2805/1347
f 1315/2634/1315 1313/2633/1313 1362/2803/1362
vt 0.131763 0.536215
f 1298/2382/1298 1481/2806/1481 1413/2536/1413
vt 0.266805 0.651962
vt 0.260914 0.658214
f 1126/2125/1126 1552/2807/1552 1223/2808/1223
vt 0.214069 0.218191
f 1299/2628/1299 1309/2652/1309 1429/2809/1429
vt 0.405053 0.476762
f 1295/2421/1295 1381/2595/1381 1580/2810/1580
vt 0.342345 0.104950
f 1349/2709/1349 1337/2712/1337 1416/2811/1416
f 1310/2506/1310 1398/2686/1398 1246/2627/1246
vt 0.735349 0.474377
f 1423/2812/1423 1398/2686/1398 1310/2506/1310
vt 0.706143 0.457001
f 1452/2770/1452 1334/2659/1334 1389/2813/1389
vt 0.633892 0.407609
f 1330/2452/1330 1329/2814/1329 1141/2531/1141
vt 0.647555 0.243202
f 1360/2683/1360 1347/2805/1347 1424/2815/1424
f 1357/2760/1357 1347/2805/1347 1360/2683/1360
vt 0.701650 0.452071
vt 0.704155 0.456709
vt 0.701090 0.453925
f 1390/2816/1390 1389/2817/1389 1303/2818/1303
vt 0.257612 0.227181
f 1358/2717/1358 1453/2716/1453 1507/2819/1507
vt 0.030111 0.104517
vt 0.029026 0.101970
f 1392/2680/1392 1424/2820/1424 1469/2821/1469
vt 0.033946 0.102427
f 1360/2822/1360 1424/2820/1424 1392/2680/1392
vt 0.271413 0.026907
vt 0.272559 0.027687
f 1462/2823/1462 1241/2824/1241 1358/2630/1358
vt 0.057985 0.361112
f 1303/2457/1303 1340/2589/1340 1439/2825/1439
vt 0.921803 0.154464
f 1462/2724/1462 1532/2826/1532 1332/2723/1332
vt 0.870544 0.448953
f 1235/2449/1235 1323/2145/1323 1443/2827/1443
vt 0.032607 0.097332
f 1392/2680/1392 1380/2828/1380 1326/2779/1326
vt 0.227661 0.224978
vt 0.229582 0.222418
f 1181/2335/1181 1344/2829/1344 1414/2830/1414
vt 0.223591 0.219563
f 1342/2761/1342 1406/2831/1406 1414/2766/1414
f 1395/2777/1395 1326/2779/1326 1380/2828/1380
vt 0.040230 0.291928
vt 0.037140 0.292218
vt 0.039502 0.289573
f 1446/2832/1446 1330/2833/1330 1533/2834/1533
vt 0.661407 0.238023
f 1395/2781/1395 1383/2835/1383 1274/2780/1274
vt 0.035570 0.093387
f 1380/2828/1380 1383/2836/1383 1395/2777/1395
f 1291/2253/1291 1473/2672/1473 1608/2603/1608
vt 0.215555 0.834748
vt 0.213299 0.833069
vt 0.213445 0.825250
f 1569/2837/1569 1237/2838/1237 1319/2839/1319
f 1314/2795/1314 1218/2381/1218 1456/2791/1456
f 1089/2019/1089 1184/2296/1184 1399/2722/1399
vt 0.664578 0.238188
f 1383/2835/1383 1355/2840/1355 1274/2780/1274
vt 0.487224 0.111568
f 1274/2841/1274 1355/2774/1355 1259/2773/1259
f 1388/2460/1388 1456/2791/1456 1028/2064/1028
vt 0.465347 0.171064
f 1245/2704/1245 1500/2706/1500 1445/2842/1445
f 1386/2799/1386 1410/2796/1410 1375/2676/1375
vt 0.113086 0.502203
f 1487/2673/1487 1167/2357/1167 1301/2843/1301
vt 0.476889 0.671426
vt 0.478464 0.672027
f 1552/2844/1552 1280/2210/1280 1223/2845/1223
vt 0.112347 0.490732
f 1493/2776/1493 1237/2509/1237 1569/2846/1569
vt 0.355803 0.813746
f 1269/2617/1269 1268/2399/1268 1408/2847/1408
vt 0.647077 0.188025
f 1203/2848/1203 1431/2688/1431 1103/2442/1103
vt 0.238444 0.137767
vt 0.234834 0.135150
f 1210/2525/1210 1350/2849/1350 1633/2850/1633
f 1374/2391/1374 1210/2525/1210 1633/2850/1633
vt 0.238546 0.132556
f 1633/2850/1633 1634/2851/1634 1374/2391/1374
vt 0.111525 0.353557
f 1206/1933/1206 1501/2852/1501 1260/2608/1260
vt 0.242785 0.131103
f 1382/2692/1382 1374/2391/1374 1485/2853/1485
f 1397/2451/1397 1552/2807/1552 1126/2125/1126
f 1470/2739/1470 1320/2546/1320 1515/2800/1515
vt 0.817643 0.883577
f 1433/2854/1433 1318/2609/1318 1063/2518/1063
vt 0.346923 0.820969
vt 0.348667 0.814361
f 1408/2847/1408 1266/2855/1266 1267/2856/1267
f 1267/2856/1267 1269/2617/1269 1408/2847/1408
vt 0.826039 0.197907
f 1471/2857/1471 1635/2613/1635 1475/2619/1475
vt 0.216991 0.818593
f 1319/2839/1319 1254/2496/1254 1494/2858/1494
vt 0.577762 0.240620
f 1734/2859/1734 1368/2007/1368 1318/2612/1318
f 1205/2334/1205 1068/1688/1068 1465/2675/1465
vt 0.260981 0.361108
f 1435/2860/1435 1407/2306/1407 1317/2410/1317
vt 0.135632 0.367763
f 1632/2861/1632 1211/2016/1211 1738/2419/1738
f 1371/2749/1371 1157/2521/1157 1631/2523/1631
vt 0.116923 0.361142
f 1642/2862/1642 1206/1933/1206 1211/2016/1211
f 1159/2412/1159 1495/2621/1495 1630/2623/1630
f 1630/2623/1630 1496/2742/1496 1264/2119/1264
vt 0.345360 0.104287
f 1416/2811/1416 1385/2863/1385 1349/2709/1349
vt 0.729307 0.468316
f 1287/2643/1287 1311/2535/1311 1417/2864/1417
vt 0.640340 0.247603
f 1400/2865/1400 1347/2805/1347 1403/2804/1403
vt 0.249639 0.227782
vt 0.253309 0.223442
f 1453/2716/1453 1339/2866/1339 1513/2867/1513
vt 0.773446 0.233802
f 1538/2868/1538 1540/1762/1540 1166/2162/1166
vt 0.718104 0.185611
f 1187/2602/1187 1550/2487/1550 1460/2869/1460
vt 0.750503 0.492567
f 1336/2642/1336 1436/2870/1436 1386/2799/1386
f 1412/2679/1412 1409/2702/1409 1225/2327/1225
vt 0.198626 0.170950
f 1285/2871/1285 1331/2544/1331 1532/2792/1532
vt 0.720995 0.464856
f 1419/2872/1419 1311/2535/1311 1333/2582/1333
vt 0.889136 0.432054
f 1221/2713/1221 1401/2715/1401 1420/2873/1420
vt 0.719354 0.462126
f 1333/2582/1333 1491/2874/1491 1419/2872/1419
vt 0.131958 0.545278
vt 0.135457 0.544418
f 1412/2679/1412 1413/2875/1413 1480/2876/1480
vt 0.585634 0.583674
f 977/2058/977 1113/2360/1113 1817/2877/1817
vt 0.213244 0.918526
f 1566/2763/1566 1284/2762/1284 1767/2878/1767
vt 0.538355 0.188864
vt 0.542343 0.185080
f 1517/2879/1517 1171/2880/1171 1170/1856/1170
f 1348/2657/1348 1491/2874/1491 1333/2582/1333
f 2049/2653/2049 873/1695/873 1774/2369/1774
vt 0.716689 0.456278
f 1348/2657/1348 1452/2770/1452 1467/2881/1467
vt 0.031480 0.093142
f 1383/2836/1383 1380/2828/1380 1484/2882/1484
vt 0.144979 0.577028
f 1335/2883/1335 1415/2756/1415 1312/2753/1312
f 1208/2363/1208 1422/2750/1422 1598/2638/1598
vt 0.533331 0.119796
vt 0.532314 0.122381
vt 0.529766 0.119303
f 1479/2884/1479 1414/2885/1414 1406/2886/1406
f 1414/2830/1414 1448/2703/1448 1181/2335/1181
vt 0.664035 0.237152
f 1355/2840/1355 1383/2835/1383 1427/2887/1427
f 1352/2474/1352 2003/2176/2003 1168/1484/1168
vt 0.030739 0.875531
f 1361/2375/1361 1666/2888/1666 1377/2285/1377
vt 0.209119 0.932382
f 1566/2763/1566 1418/2889/1418 1335/2764/1335
vt 0.704460 0.453201
f 1452/2770/1452 1389/2813/1389 1425/2890/1425
vt 0.178427 0.219668
vt 0.180888 0.215705
f 1411/2695/1411 1355/2891/1355 1461/2892/1461
f 1389/2817/1389 1390/2816/1390 1425/2890/1425
f 1411/2695/1411 1461/2892/1461 1396/2693/1396
vt 0.148507 0.588686
f 1357/2755/1357 1415/2756/1415 1403/2893/1403
f 1354/2751/1354 1391/2754/1391 1356/2592/1356
vt 0.238215 0.222491
f 1416/2798/1416 1448/2703/1448 1450/2894/1450
vt 0.024065 0.872937
f 1604/2895/1604 1361/2375/1361 1271/2377/1271
vt 0.745364 0.490491
f 1394/2896/1394 1436/2870/1436 1336/2642/1336
f 1685/2790/1685 1039/1950/1039 1243/2650/1243
vt 0.872134 0.443677
f 1393/2665/1393 1235/2449/1235 1510/2897/1510
vt 0.129238 0.522678
f 1525/2765/1525 1300/2572/1300 1466/2898/1466
f 1387/2600/1387 1365/2743/1365 1346/2319/1346
f 1342/2761/1342 1299/2628/1299 1429/2809/1429
vt 0.219383 0.216620
f 1429/2809/1429 1426/2899/1426 1342/2761/1342
vt 0.044115 0.298179
f 1296/2635/1296 1329/2783/1329 1787/2900/1787
f 1608/2603/1608 1443/2827/1443 1323/2145/1323
f 1986/2468/1986 1161/1921/1161 1192/2230/1192
vt 0.115894 0.496649
vt 0.113846 0.497860
f 1493/2901/1493 1301/2843/1301 1277/2902/1277
vt 0.122173 0.504310
f 1502/2903/1502 1487/2673/1487 1301/2843/1301
vt 0.854701 0.474522
f 1233/2904/1233 1530/2793/1530 1244/2459/1244
f 1138/2293/1138 1530/2793/1530 1379/2490/1379
f 1423/2812/1423 1310/2506/1310 1364/2691/1364
vt 0.560823 0.303717
f 1245/2557/1245 1565/2905/1565 1233/2461/1233
vt 0.560569 0.299696
vt 0.560048 0.296840
f 1546/2906/1546 1245/2557/1245 1445/2907/1445
vt 0.628638 0.405508
f 1314/2795/1314 1533/2908/1533 1330/2452/1330
f 1388/2460/1388 1534/2707/1534 1456/2791/1456
vt 0.248011 0.226156
f 1339/2866/1339 1349/2909/1349 1513/2867/1513
vt 0.226132 0.143171
f 1203/2526/1203 1275/2524/1275 1557/2910/1557
vt 0.725948 0.465763
f 1311/2535/1311 1419/2872/1419 1441/2911/1441
vt 0.756909 0.499479
f 1386/2799/1386 1449/2912/1449 1410/2796/1410
vt 0.195653 0.168439
f 1285/2871/1285 1532/2792/1532 1437/2913/1437
vt 0.196282 0.208840
vt 0.189569 0.209773
f 1421/2914/1421 1362/2803/1362 1447/2915/1447
vt 0.758760 0.040669
vt 0.757406 0.039446
vt 0.758331 0.037608
f 1188/2916/1188 1285/2917/1285 1437/2918/1437
vt 0.211972 0.891119
vt 0.211771 0.898321
vt 0.203932 0.893859
f 1481/2919/1481 1480/2920/1480 1413/2921/1413
f 1467/2881/1467 1491/2874/1491 1348/2657/1348
vt 0.228829 0.219960
f 1448/2703/1448 1414/2830/1414 1479/2922/1479
vt 0.630991 0.407653
f 1330/2452/1330 1446/2923/1446 1329/2814/1329
vt 0.599631 0.401117
f 1550/2549/1550 1221/2492/1221 1420/2924/1420
vt 0.200054 0.163529
f 1188/2476/1188 1536/2925/1536 1376/2547/1376
vt 0.264244 0.362139
f 1499/2926/1499 1435/2786/1435 1307/2747/1307
vt 0.202350 0.209341
f 1362/2803/1362 1458/2927/1458 1354/2751/1354
vt 0.234213 0.219529
f 1588/2928/1588 1448/2703/1448 1479/2922/1479
vt 0.884999 0.432665
f 1401/2715/1401 1351/2771/1351 1586/2929/1586
vt 0.884124 0.433530
vt 0.883420 0.437120
f 1586/2930/1586 1351/2771/1351 1402/2931/1402
f 1351/2771/1351 1509/2663/1509 1402/2931/1402
vt 0.246470 0.372561
f 1384/2584/1384 1278/2418/1278 1474/2932/1474
vt 0.701156 0.449710
f 1439/2933/1439 1425/2890/1425 1390/2816/1390
vt 0.207335 0.908856
f 1409/2934/1409 1767/2878/1767 1284/2762/1284
vt 0.056850 0.362963
f 1439/2825/1439 1390/2935/1390 1303/2457/1303
vt 0.393240 0.486149
f 1438/2727/1438 1575/2936/1575 1381/2595/1381
vt 0.189571 0.204061
vt 0.195330 0.203443
f 1455/2937/1455 1398/2938/1398 1447/2915/1447
vt 0.603377 0.966430
f 1668/2939/1668 1343/2614/1343 1322/2593/1322
vt 0.479462 0.664018
f 1279/2685/1279 1280/2210/1280 1607/2940/1607
f 1421/2914/1421 1447/2915/1447 1398/2938/1398
vt 0.248944 0.223312
f 1513/2867/1513 1349/2909/1349 1551/2941/1551
vt 0.810142 0.183783
f 1258/2411/1258 1286/2407/1286 1405/2942/1405
vt 0.635480 0.242823
vt 0.635431 0.245643
f 1451/2943/1451 1400/2865/1400 1442/2944/1442
f 1400/2865/1400 1451/2943/1451 1347/2805/1347
vt 0.749516 0.490265
f 1454/2945/1454 1436/2870/1436 1394/2896/1394
vt 0.202842 0.202126
f 1398/2938/1398 1423/2946/1423 1421/2914/1421
f 1458/2927/1458 1421/2914/1421 1423/2946/1423
vt 0.748497 0.486811
f 1394/2896/1394 1306/2725/1306 1454/2947/1454
vt 0.745162 0.483034
f 1455/2948/1455 1454/2947/1454 1306/2725/1306
f 1362/2803/1362 1354/2751/1354 1315/2634/1315
vt 0.717993 0.775838
f 1686/2318/1686 1242/2271/1242 1921/2949/1921
f 1455/2948/1455 1306/2725/1306 1398/2686/1398
vt 0.203716 0.937763
f 1415/2950/1415 1335/2764/1335 1418/2889/1418
f 1362/2803/1362 1396/2693/1396 1447/2915/1447
vt 0.488633 0.148854
vt 0.487246 0.145030
vt 0.490771 0.150637
f 1391/2951/1391 1428/2952/1428 1429/2953/1429
vt 0.493371 0.148486
f 1429/2953/1429 1428/2952/1428 1459/2954/1459
vt 0.151198 0.590074
vt 0.149601 0.593992
f 1403/2893/1403 1637/2955/1637 1400/2956/1400
vt 0.208195 0.201048
vt 0.208031 0.203851
f 1423/2946/1423 1364/2957/1364 1464/2958/1464
vt 0.209478 0.201464
f 1417/2959/1417 1464/2958/1464 1364/2957/1364
f 1426/2899/1426 1406/2831/1406 1342/2761/1342
vt 0.644767 0.239915
f 1347/2805/1347 1404/2960/1404 1424/2815/1424
f 1364/2691/1364 1287/2643/1287 1417/2864/1417
vt 0.033058 0.091262
vt 0.034160 0.091814
f 1427/2961/1427 1383/2962/1383 1484/2882/1484
vt 0.650914 0.238101
f 1404/2960/1404 1469/2963/1469 1424/2815/1424
f 1392/2680/1392 1469/2821/1469 1380/2828/1380
vt 0.209883 0.211986
f 1428/2964/1428 1391/2754/1391 1354/2751/1354
vt 0.173979 0.217985
f 1427/2965/1427 1461/2892/1461 1355/2891/1355
f 1565/2905/1565 1245/2557/1245 1546/2906/1546
vt 0.235852 0.138043
f 1633/2850/1633 1350/2849/1350 1431/2966/1431
f 1501/2852/1501 1206/1933/1206 1642/2862/1642
vt 0.901504 0.918751
vt 0.908892 0.917573
f 1571/2967/1571 1366/2607/1366 1410/2968/1410
f 1581/2759/1581 1640/2767/1640 1115/2274/1115
f 2003/2176/2003 1817/2877/1817 1113/2360/1113
vt 0.805506 0.874265
f 1368/2620/1368 1734/2969/1734 1495/2621/1495
vt 0.822480 0.889095
f 1433/2854/1433 1063/2518/1063 1497/2970/1497
vt 0.799398 0.860404
f 1630/2623/1630 1574/2971/1574 1496/2742/1496
vt 0.640793 0.413875
vt 0.640738 0.411725
f 1296/2972/1296 1787/2973/1787 1369/2577/1369
vt 0.095595 0.353185
f 1252/2182/1252 1260/2608/1260 1498/2974/1498
vt 0.269818 0.354706
vt 0.270143 0.358185
f 1432/2975/1432 1444/2976/1444 1276/2344/1276
f 1262/2356/1262 1117/2275/1117 1640/2767/1640
vt 0.268414 0.358339
f 1276/2344/1276 1444/2976/1444 1573/2977/1573
vt 0.219968 0.828820
f 1430/2978/1430 1569/2837/1569 1319/2839/1319
vt 0.089438 0.348133
f 1672/2734/1672 1370/2320/1370 1367/2979/1367
vt 0.777992 0.554734
f 1472/2980/1472 1106/2226/1106 1304/2671/1304
vt 0.260822 0.365438
vt 0.256439 0.364353
f 1407/2306/1407 1606/2981/1606 1631/2982/1631
f 1430/2978/1430 1319/2839/1319 1494/2858/1494
vt 0.813025 0.599994
vt 0.808956 0.604268
vt 0.808578 0.595099
f 1086/2983/1086 1672/2984/1672 1372/2985/1372
f 1254/2496/1254 1434/2730/1434 1494/2858/1494
f 1270/1964/1270 1369/2530/1369 1671/2396/1671
vt 0.129593 0.515476
f 1466/2898/1466 1300/2572/1300 1600/2986/1600
vt 0.153553 0.595493
f 1400/2956/1400 1637/2955/1637 1492/2987/1492
vt 0.186153 0.203533
f 1455/2937/1455 1447/2915/1447 1454/2988/1454
f 1300/2572/1300 1487/2673/1487 1600/2986/1600
vt 0.134182 0.529720
f 1298/2382/1298 1525/2765/1525 1524/2989/1524
vt 0.638347 0.248452
f 1400/2865/1400 1492/2990/1492 1442/2944/1442
vt 0.530548 0.116915
f 1406/2886/1406 1512/2991/1512 1479/2884/1479
f 1604/2895/1604 1666/2888/1666 1361/2375/1361
vt 0.635234 0.676577
f 1538/2992/1538 1282/2485/1282 1601/2286/1601
vt 0.204539 0.951067
vt 0.203500 0.945318
vt 0.206754 0.943301
f 1637/2993/1637 1403/2994/1403 1508/2995/1508
f 1450/2894/1450 1448/2703/1448 1588/2928/1588
f 1458/2927/1458 1362/2803/1362 1421/2914/1421
vt 0.338670 0.102750
f 1416/2811/1416 1450/2996/1450 1385/2863/1385
vt 0.020380 0.872057
f 1511/2997/1511 1604/2895/1604 1271/2377/1271
vt 0.206129 0.162286
vt 0.202541 0.160819
f 1515/2998/1515 1376/2547/1376 1585/2999/1585
f 1502/2903/1502 1301/2843/1301 1493/2901/1493
vt 0.347841 0.106274
vt 0.347544 0.105114
f 1349/3000/1349 1385/2863/1385 1551/3001/1551
vt 0.216862 0.215348
f 1426/2899/1426 1429/2809/1429 1459/3002/1459
vt 0.732230 0.468004
vt 0.732153 0.466933
f 1464/3003/1464 1417/2864/1417 1516/3004/1516
vt 0.149752 0.583502
f 1415/2756/1415 1508/3005/1508 1403/2893/1403
vt 0.183477 0.210540
f 1461/2892/1461 1463/3006/1463 1396/2693/1396
vt 0.731229 0.465876
f 1483/3007/1483 1516/3004/1516 1417/2864/1417
vt 0.224781 0.216650
f 1512/3008/1512 1406/2831/1406 1426/2899/1426
vt 0.728611 0.465058
f 1440/3009/1440 1483/3007/1483 1417/2864/1417
f 1447/2915/1447 1396/2693/1396 1463/3006/1463
vt 0.639126 0.239835
f 1347/2805/1347 1451/2943/1451 1477/3010/1477
f 1347/2805/1347 1477/3010/1477 1404/2960/1404
f 1311/2535/1311 1441/2911/1441 1417/2864/1417
vt 0.271477 0.354020
vt 0.275520 0.356814
f 1432/2975/1432 1382/3011/1382 1485/3012/1485
vt 0.058749 0.355802
f 1439/2825/1439 1340/2589/1340 1528/3013/1528
f 1340/2589/1340 1325/2782/1325 1528/3013/1528
f 1474/2932/1474 1278/2418/1278 1371/2585/1371
f 1580/2810/1580 1297/2426/1297 1295/2421/1295
vt 0.801959 0.597501
vt 0.802203 0.589416
f 1372/2985/1372 1790/3014/1790 1475/3015/1475
vt 0.055274 0.342474
vt 0.054333 0.345582
f 1667/3016/1667 1579/3017/1579 1378/2520/1378
vt 0.182672 0.203708
f 1463/3006/1463 1454/3018/1454 1447/2915/1447
vt 0.620037 0.401156
f 1314/2795/1314 1456/2791/1456 1623/3019/1623
vt 0.654591 0.239044
vt 0.651933 0.234616
f 1380/3020/1380 1469/2963/1469 1482/3021/1482
vt 0.655822 0.236999
f 1484/3022/1484 1380/3020/1380 1482/3021/1482
f 1378/2520/1378 1558/2732/1558 1667/3016/1667
vt 0.850721 0.473939
f 1530/2793/1530 1233/2904/1233 1565/3023/1565
vt 0.914711 0.150043
vt 0.913036 0.153389
vt 0.911864 0.149259
f 1653/3024/1653 1358/3025/1358 1507/3026/1507
vt 0.489251 0.144098
vt 0.488607 0.139753
f 1457/3027/1457 1428/2952/1428 1516/3028/1516
vt 0.849184 0.254872
vt 0.847335 0.254631
vt 0.848644 0.252112
f 1462/3029/1462 1358/3030/1358 1653/3031/1653
vt 0.171046 0.213354
f 1478/3032/1478 1461/2892/1461 1427/2965/1427
f 1464/2958/1464 1354/2751/1354 1458/2927/1458
f 1428/2964/1428 1354/2751/1354 1464/2958/1464
vt 0.210800 0.206248
f 1428/2964/1428 1464/2958/1464 1516/3033/1516
f 1464/2958/1464 1458/2927/1458 1423/2946/1423
vt 0.922261 0.151891
vt 0.919873 0.150918
f 1611/3034/1611 1462/2724/1462 1610/3035/1610
vt 0.723909 0.461891
f 1419/2872/1419 1488/3036/1488 1441/2911/1441
f 1419/2872/1419 1491/2874/1491 1488/3036/1488
vt 0.725323 0.459694
f 1491/2874/1491 1519/3037/1519 1488/3036/1488
vt 0.533189 0.117260
f 1479/2884/1479 1512/2991/1512 1526/3038/1526
vt 0.056353 0.352884
f 1528/3013/1528 1325/2782/1325 1591/3039/1591
f 1462/2724/1462 1611/3034/1611 1532/2826/1532
vt 0.216927 0.204961
vt 0.215120 0.205073
vt 0.215584 0.202225
f 1486/3040/1486 1483/3041/1483 1440/3042/1440
vt 0.054110 0.348968
vt 0.055531 0.349937
f 1378/3043/1378 1591/3044/1591 1325/2782/1325
vt 0.821864 0.244561
vt 0.818223 0.245020
vt 0.817997 0.243229
f 1588/3045/1588 1479/3046/1479 1526/3047/1526
vt 0.217735 0.201974
f 1488/3048/1488 1486/3040/1486 1440/3042/1440
vt 0.054843 0.347919
f 1378/2520/1378 1579/3017/1579 1591/3049/1591
vt 0.216854 0.199734
f 1488/3048/1488 1440/3042/1440 1441/3050/1441
f 1441/2911/1441 1440/3009/1440 1417/2864/1417
vt 0.720781 0.457955
f 1553/3051/1553 1491/2874/1491 1467/2881/1467
vt 0.703240 0.446937
f 1649/3052/1649 1425/2890/1425 1439/2933/1439
vt 0.601011 0.398925
f 1550/2549/1550 1420/2924/1420 1583/3053/1583
vt 0.256949 0.617334
f 1184/2296/1184 1365/2743/1365 1679/3054/1679
vt 0.761437 0.038571
f 1536/3055/1536 1188/2916/1188 1437/2918/1437
vt 0.256565 0.223756
f 1507/3056/1507 1453/2716/1453 1513/2867/1513
vt 0.176334 0.208946
f 1461/2892/1461 1478/3032/1478 1489/3057/1489
vt 0.013860 0.104200
vt 0.011917 0.103143
vt 0.011421 0.101225
f 1459/3058/1459 1428/3059/1428 1457/3060/1457
f 1481/2806/1481 1298/2382/1298 1524/2989/1524
vt 0.217509 0.211310
f 1426/2899/1426 1459/3002/1459 1514/3061/1514
vt 0.014155 0.101691
f 1457/3060/1457 1514/3062/1514 1459/3058/1459
vt 0.260301 0.632396
f 1288/2450/1288 1676/3063/1676 1397/2451/1397
vt 0.783361 0.565007
vt 0.786150 0.564273
f 1869/3064/1869 1304/2671/1304 1405/3065/1405
vt 0.697616 0.157705
vt 0.698993 0.156891
vt 0.702934 0.159298
f 1275/3066/1275 1373/3067/1373 1659/3068/1659
f 1676/3063/1676 1288/2450/1288 1399/2722/1399
vt 0.652295 0.189340
f 1431/2688/1431 1203/2848/1203 1557/3069/1557
vt 0.398344 0.482042
f 1381/2595/1381 1575/2936/1575 1761/3070/1761
vt 0.802007 0.178042
vt 0.805025 0.178981
vt 0.802097 0.182099
f 1472/3071/1472 1304/3072/1304 1490/3073/1490
vt 0.754690 0.493999
f 1436/2870/1436 1522/3074/1522 1386/2799/1386
vt 0.211591 0.941193
f 1415/2950/1415 1418/2889/1418 1698/3075/1698
vt 0.633292 0.405713
f 1329/2814/1329 1446/2923/1446 1547/3076/1547
f 1422/2750/1422 1377/2285/1377 1666/2888/1666
vt 0.982016 0.077358
vt 0.980126 0.078332
vt 0.979107 0.076569
f 1573/3077/1573 1444/3078/1444 1674/3079/1674
f 1415/2950/1415 1698/3075/1698 1508/2995/1508
vt 0.408583 0.472145
f 1580/2810/1580 1681/3080/1681 1297/2426/1297
vt 0.169580 0.203463
vt 0.171436 0.203594
vt 0.171600 0.205957
f 1449/3081/1449 1386/3082/1386 1522/3083/1522
f 1235/2449/1235 1443/2827/1443 1510/2897/1510
f 1463/3006/1463 1461/2892/1461 1489/3057/1489
vt 0.906288 0.950485
vt 0.905565 0.953204
vt 0.902879 0.956939
f 1477/3084/1477 1451/3085/1451 1562/3086/1562
vt 0.642021 0.236569
f 1404/2960/1404 1477/3010/1477 1535/3087/1535
vt 0.076585 0.902749
f 1802/3088/1802 1359/2351/1359 1343/2769/1343
vt 0.177997 0.203056
f 1522/3083/1522 1436/3089/1436 1489/3057/1489
f 1454/3018/1454 1463/3006/1463 1489/3057/1489
f 1454/3018/1454 1489/3057/1489 1436/3089/1436
vt 0.649259 0.237259
f 1469/2963/1469 1404/2960/1404 1537/3090/1537
vt 0.906796 0.955944
vt 0.906122 0.957865
f 1562/3086/1562 1442/3091/1442 1527/3092/1527
vt 0.906523 0.954257
f 1442/3091/1442 1562/3086/1562 1451/3093/1451
vt 0.163813 0.216354
vt 0.167606 0.212635
vt 0.169777 0.217762
f 1482/3094/1482 1505/3095/1505 1484/3096/1484
f 1484/3096/1484 1505/3095/1505 1478/3032/1478
vt 0.600990 0.601066
f 1214/2374/1214 977/2058/977 1599/3097/1599
f 1484/3096/1484 1478/3032/1478 1427/2965/1427
vt 0.367532 0.805006
f 1408/2847/1408 1268/2399/1268 1616/3098/1616
vt 0.953144 0.526170
vt 0.948763 0.529229
f 1107/2214/1107 1273/3099/1273 1476/3100/1476
vt 0.218686 0.848253
vt 0.216880 0.854433
vt 0.215848 0.842541
f 1578/3101/1578 1502/3102/1502 1493/3103/1493
vt 0.945908 0.530680
f 1476/3104/1476 1500/2604/1500 1107/2214/1107
vt 0.104331 0.358190
f 1498/2974/1498 1260/2608/1260 1870/3105/1870
vt 0.055893 0.872496
f 1598/2638/1598 1595/3106/1595 1247/2639/1247
vt 0.595062 0.934382
f 1247/2645/1247 1727/3107/1727 1575/2775/1575
vt 0.094610 0.345842
vt 0.097452 0.346521
f 1367/3108/1367 1572/3109/1572 1498/2974/1498
f 1204/2116/1204 1986/2468/1986 1363/2785/1363
vt 0.572785 0.252234
vt 0.578713 0.252884
vt 0.578152 0.256617
f 1937/3110/1937 1433/3111/1433 1497/3112/1497
vt 0.904341 0.900298
f 1162/2005/1162 1366/2607/1366 1576/3113/1576
vt 0.346388 0.825681
f 1266/2855/1266 1408/2847/1408 1434/3114/1434
f 1162/2005/1162 1576/3113/1576 1497/2605/1497
vt 0.902161 0.909211
f 1731/3115/1731 1576/3113/1576 1366/2607/1366
f 1485/2853/1485 1374/2391/1374 1634/2851/1634
vt 0.978435 0.080360
vt 0.976877 0.079566
f 1444/3078/1444 1432/3116/1432 1485/3117/1485
vt 0.762464 0.130496
vt 0.760607 0.129160
vt 0.763029 0.128258
f 1435/3118/1435 1499/3119/1499 1407/3120/1407
vt 0.264104 0.362680
f 1606/2981/1606 1407/2306/1407 1499/3121/1499
f 1307/2747/1307 1573/2746/1573 1499/2926/1499
vt 0.010838 0.676209
f 1783/3122/1783 1549/2601/1549 1609/2406/1609
vt 0.527230 0.928367
vt 0.520536 0.921070
f 1517/3123/1517 1523/3124/1523 1171/2278/1171
vt 0.532485 0.903841
vt 0.540395 0.900735
f 1648/3125/1648 1511/3126/1511 1271/2768/1271
f 1271/2768/1271 1353/2674/1353 1648/3125/1648
vt 0.859796 0.059572
vt 0.858668 0.056261
vt 0.862928 0.057730
f 1541/3127/1541 1515/3128/1515 1585/3129/1585
vt 0.072486 0.903372
f 1343/2769/1343 1668/3130/1668 1802/3088/1802
vt 0.902227 0.953576
f 1562/3086/1562 1564/3131/1564 1477/3084/1477
vt 0.760114 0.498927
vt 0.760658 0.496511
f 1567/3132/1567 1449/2912/1449 1563/3133/1563
vt 0.212952 0.150619
f 1327/2741/1327 1796/3134/1796 1506/2462/1506
f 1668/2939/1668 1322/2593/1322 1503/2533/1503
vt 0.884676 0.430554
f 1401/2715/1401 1644/3135/1644 1420/2873/1420
f 1522/3083/1522 1478/3032/1478 1505/3095/1505
f 1401/2715/1401 1586/2929/1586 1644/3135/1644
vt 0.905531 0.946138
vt 0.907850 0.946413
f 1477/3084/1477 1468/3136/1468 1535/3137/1535
vt 0.646470 0.236286
f 1535/3087/1535 1537/3138/1537 1404/2960/1404
vt 0.809224 0.226391
vt 0.808035 0.227339
vt 0.809120 0.224298
f 1519/3139/1519 1486/3140/1486 1488/3141/1488
vt 0.810068 0.230489
f 1486/3140/1486 1519/3139/1519 1521/3142/1521
vt 0.699926 0.159445
f 1659/3068/1659 1557/3143/1557 1275/3066/1275
vt 0.812059 0.230364
f 1568/3144/1568 1521/3142/1521 1519/3139/1519
vt 0.882261 0.436967
vt 0.880116 0.435477
f 1402/3145/1402 1509/2663/1509 1555/3146/1555
f 1478/3032/1478 1522/3083/1522 1489/3057/1489
f 1679/3054/1679 1399/2722/1399 1184/2296/1184
vt 0.656120 0.228263
vt 0.656777 0.225228
vt 0.659651 0.225422
f 1505/3147/1505 1563/3148/1563 1522/3149/1522
vt 0.475735 0.662881
f 1675/3150/1675 1607/2940/1607 1280/2210/1280
vt 0.469148 0.109685
vt 0.465879 0.111740
vt 0.467497 0.108165
f 1469/3151/1469 1537/3152/1537 1482/3153/1482
f 1761/3070/1761 1580/2810/1580 1381/2595/1381
vt 0.463666 0.108973
f 1482/3153/1482 1537/3152/1537 1618/3154/1618
vt 0.758361 0.496609
f 1449/2912/1449 1522/3155/1522 1563/3133/1563
vt 0.649960 0.233899
vt 0.650669 0.232734
f 1482/3021/1482 1618/3156/1618 1504/3157/1504
f 1649/3052/1649 1452/2770/1452 1425/2890/1425
vt 0.652902 0.220031
vt 0.655682 0.219486
vt 0.652760 0.222387
f 1577/3158/1577 1449/3159/1449 1567/3160/1567
vt 0.278203 0.355993
vt 0.279981 0.359589
f 1485/3012/1485 1634/3161/1634 1739/3162/1739
vt 0.821559 0.198507
f 1635/2613/1635 1471/2857/1471 1985/3163/1985
f 1553/3051/1553 1519/3037/1519 1491/2874/1491
vt 0.908708 0.921587
vt 0.905994 0.922908
f 1449/3164/1449 1577/3165/1577 1410/2968/1410
vt 0.781695 0.561368
f 1304/2671/1304 1869/3064/1869 1490/3166/1490
vt 0.151820 0.598409
vt 0.154650 0.598523
f 1442/3167/1442 1492/2987/1492 1527/3168/1527
vt 0.125179 0.510434
f 1502/2903/1502 1594/3169/1594 1487/2673/1487
vt 0.315619 0.101976
vt 0.315060 0.104749
vt 0.311946 0.104682
f 1556/3170/1556 1512/3171/1512 1426/3172/1426
vt 0.714507 0.451675
f 1615/3173/1615 1467/2881/1467 1452/2770/1452
vt 0.218494 0.209219
vt 0.217172 0.209171
f 1520/3174/1520 1514/3061/1514 1518/3175/1518
vt 0.215822 0.210683
f 1518/3175/1518 1514/3061/1514 1457/3176/1457
vt 0.253555 0.367748
vt 0.255577 0.370517
f 1371/2585/1371 1631/3177/1631 1827/3178/1827
vt 0.310412 0.100854
f 1426/3172/1426 1514/3179/1514 1556/3170/1556
vt 0.014478 0.098926
vt 0.010722 0.096512
f 1518/3180/1518 1457/3060/1457 1516/3181/1516
vt 0.214803 0.207311
f 1518/3175/1518 1516/3182/1516 1483/3041/1483
f 1518/3175/1518 1483/3041/1483 1486/3040/1486
vt 0.312805 0.100466
f 1520/3183/1520 1556/3170/1556 1514/3179/1514
f 1534/2707/1534 1623/3019/1623 1456/2791/1456
vt 0.309434 0.094685
vt 0.311966 0.099027
vt 0.309968 0.097612
f 1486/3184/1486 1520/3185/1520 1518/3186/1518
f 1616/3098/1616 1268/2399/1268 1363/2785/1363
vt 0.228987 0.217403
vt 0.225069 0.216468
vt 0.229162 0.214631
f 1526/3187/1526 1512/3188/1512 1529/3189/1529
vt 0.840527 0.097723
vt 0.843059 0.100197
vt 0.842333 0.103008
f 1486/3190/1486 1521/3191/1521 1520/3192/1520
vt 0.566616 0.302861
f 1546/2906/1546 1643/3193/1643 1565/2905/1565
vt 0.853589 0.253246
f 1462/3029/1462 1653/3031/1653 1610/3194/1610
vt 0.722019 0.790206
f 1688/3195/1688 1593/2378/1593 1142/2092/1142
vt 0.191798 0.170727
vt 0.191250 0.169151
f 1611/3196/1611 1612/3197/1612 1532/2792/1532
vt 0.818864 0.240127
f 1588/3045/1588 1526/3047/1526 1529/3198/1529
vt 0.338666 0.099988
vt 0.341732 0.100330
f 1450/2996/1450 1544/3199/1544 1531/3200/1531
vt 0.342850 0.102044
f 1385/3201/1385 1450/2996/1450 1531/3200/1531
f 1437/2913/1437 1532/2792/1532 1612/3197/1612
vt 0.237140 0.219881
f 1588/2928/1588 1544/3202/1544 1450/2894/1450
vt 0.599727 0.953934
f 1297/2427/1297 1681/3203/1681 1503/2533/1503
vt 0.318229 0.103259
vt 0.315847 0.104558
f 1556/3170/1556 1554/3204/1554 1512/3205/1512
f 1585/2999/1585 1376/2547/1376 1536/2925/1536
vt 0.604873 0.398304
f 1627/3206/1627 1460/2794/1460 1550/2549/1550
vt 0.889775 0.426496
vt 0.890051 0.428623
vt 0.887435 0.426954
f 1627/3207/1627 1550/3208/1550 1583/3209/1583
vt 0.226938 0.212781
f 1529/3189/1529 1512/3188/1512 1554/3210/1554
vt 0.227552 0.210999
f 1589/3211/1589 1529/3189/1529 1554/3210/1554
vt 0.857953 0.060051
vt 0.857745 0.058444
f 1470/3212/1470 1515/3213/1515 1541/3127/1541
vt 0.885368 0.428666
f 1583/3209/1583 1420/2873/1420 1711/3214/1711
f 1644/3135/1644 1711/3214/1711 1420/2873/1420
vt 0.315439 0.097680
vt 0.317790 0.099562
f 1568/3215/1568 1589/3216/1589 1556/3170/1556
vt 0.216931 0.908973
f 1767/2878/1767 1409/2934/1409 1605/3217/1605
vt 0.696737 0.444394
f 1439/2933/1439 1528/3218/1528 1649/3052/1649
vt 0.808610 0.185118
vt 0.806054 0.186175
f 1405/3219/1405 1286/2407/1286 1869/3220/1869
vt 0.724733 0.457646
vt 0.725843 0.458205
f 1519/3037/1519 1543/3221/1543 1568/3222/1568
f 1553/3051/1553 1543/3221/1543 1519/3037/1519
vt 0.246617 0.599387
f 1685/2790/1685 1714/3223/1714 1328/2231/1328
vt 0.689394 0.441689
vt 0.696063 0.439135
f 1591/3224/1591 1592/3225/1592 1528/3218/1528
vt 0.407267 0.033675
vt 0.406978 0.031249
vt 0.408071 0.032650
f 1402/3226/1402 1555/3227/1555 1586/3228/1586
vt 0.216589 0.148734
f 1164/2414/1164 1506/2462/1506 1613/3229/1613
vt 0.209544 0.901870
f 1605/3217/1605 1409/2934/1409 1412/3230/1412
vt 0.219716 0.149016
f 1373/3231/1373 1164/2414/1164 1613/3229/1613
vt 0.245550 0.223432
vt 0.243417 0.216689
f 1385/3232/1385 1621/3233/1621 1551/2941/1551
vt 0.163338 0.213484
f 1505/3095/1505 1482/3094/1482 1504/3234/1504
vt 0.248644 0.219627
f 1621/3233/1621 1651/3235/1651 1551/2941/1551
vt 0.219612 0.147361
vt 0.221794 0.145995
f 1705/3236/1705 1659/3237/1659 1373/2687/1373
vt 0.685034 0.439167
vt 0.688774 0.438678
f 1591/3224/1591 1579/3238/1579 1665/3239/1665
vt 0.250592 0.221356
f 1513/2867/1513 1551/2941/1551 1651/3240/1651
vt 0.840585 0.039899
vt 0.839356 0.039918
vt 0.840119 0.038062
f 1653/3241/1653 1507/3242/1507 1603/3243/1603
vt 0.159617 0.210620
vt 0.163027 0.210587
f 1504/3234/1504 1597/3244/1597 1539/3245/1539
vt 0.624143 0.239831
vt 0.629373 0.240274
vt 0.624657 0.241490
f 1560/3246/1560 1561/3247/1561 1596/3248/1596
vt 0.398119 0.052780
vt 0.395603 0.051827
vt 0.396172 0.050739
f 1562/3249/1562 1596/3250/1596 1561/3251/1561
vt 0.901464 0.947164
f 1468/3136/1468 1477/3084/1477 1582/3252/1582
vt 0.401200 0.056340
vt 0.397739 0.057516
f 1527/3253/1527 1622/3254/1622 1562/3249/1562
vt 0.108658 0.901121
f 2081/3255/2081 1243/2647/1243 1213/2281/1213
vt 0.632153 0.241281
vt 0.630217 0.242663
f 1564/3256/1564 1562/3257/1562 1561/3247/1561
f 1817/2877/1817 1599/3097/1599 977/2058/977
f 2218/1975/2218 2081/3255/2081 1213/2281/1213
vt 0.632268 0.655215
f 1262/2356/1262 1860/3258/1860 1120/2244/1120
vt 0.645413 0.234614
f 1618/3259/1618 1537/3138/1537 1535/3087/1535
vt 0.793458 0.594293
f 1677/3260/1677 1475/3015/1475 1790/3014/1790
vt 0.640751 0.234827
vt 0.642128 0.231723
f 1535/3087/1535 1468/3261/1468 1619/3262/1619
f 1618/3259/1618 1535/3087/1535 1619/3262/1619
vt 0.651165 0.226716
vt 0.650063 0.221395
f 1567/3160/1567 1539/3263/1539 1559/3264/1559
vt 0.126930 0.511025
f 1600/2986/1600 1487/2673/1487 1594/3265/1594
vt 0.042450 0.288508
f 1446/2832/1446 1533/2834/1533 1548/3266/1548
f 1564/3131/1564 1582/3252/1582 1477/3084/1477
vt 0.653001 0.225113
vt 0.653178 0.226408
f 1539/3263/1539 1563/3267/1563 1505/3268/1505
vt 0.625665 0.401809
f 1314/2795/1314 1584/3269/1584 1533/2908/1533
vt 0.166051 0.206560
vt 0.163801 0.206182
vt 0.164568 0.204440
f 1563/3270/1563 1539/3271/1539 1567/3272/1567
vt 0.251564 0.372707
f 1371/2585/1371 1827/3178/1827 1682/3273/1682
vt 0.613146 0.397136
f 1534/2707/1534 1743/3274/1743 1623/3019/1623
vt 0.896557 0.959138
vt 0.898791 0.960860
vt 0.894287 0.961819
f 1560/3275/1560 1596/3276/1596 1542/3277/1542
vt 0.569219 0.563048
f 1818/2801/1818 1279/2731/1279 1607/3278/1607
vt 0.596002 0.927778
f 1812/3279/1812 1727/3107/1727 1247/2645/1247
vt 0.158614 0.598107
f 1646/3280/1646 1527/3168/1527 1492/2987/1492
vt 0.194957 0.165835
f 1614/3281/1614 1536/2925/1536 1437/2913/1437
vt 0.158485 0.601126
f 1622/3282/1622 1527/3168/1527 1646/3280/1646
vt 0.903111 0.928516
vt 0.902285 0.926387
f 1577/3165/1577 1559/3283/1559 1638/3284/1638
vt 0.906089 0.925424
f 1567/3285/1567 1559/3283/1559 1577/3165/1577
vt 0.593026 0.925897
f 1595/3286/1595 1812/3279/1812 1247/2645/1247
vt 0.314416 0.099326
f 1556/3170/1556 1520/3183/1520 1521/3287/1521
vt 0.242637 0.219800
f 1621/3233/1621 1385/3232/1385 1531/3288/1531
f 1521/3287/1521 1568/3215/1568 1556/3170/1556
vt 0.824573 0.238756
f 1587/3289/1587 1588/3045/1588 1529/3198/1529
vt 0.523971 0.912108
f 1951/3290/1951 1171/2278/1171 1523/3124/1523
vt 0.372015 0.102171
vt 0.365360 0.102328
vt 0.369799 0.097000
f 1501/3291/1501 1870/3292/1870 1260/3293/1260
vt 0.821851 0.896590
vt 0.809038 0.888208
f 1497/2970/1497 1576/3294/1576 1937/3295/1937
f 1571/2967/1571 1410/2968/1410 1577/3165/1577
vt 0.054827 0.330649
f 1558/2732/1558 925/1496/925 1670/3296/1670
vt 0.096519 0.351486
f 1252/2182/1252 1498/2974/1498 1572/3297/1572
f 1171/2278/1171 1951/3290/1951 1353/2674/1353
vt 0.799904 0.866516
f 1630/2623/1630 1495/2621/1495 1737/3298/1737
vt 0.220580 0.838030
f 1493/3103/1493 1569/2837/1569 1629/3299/1629
f 1574/2971/1574 1630/2623/1630 1737/3298/1737
vt 0.159478 0.371147
vt 0.152482 0.385612
f 1160/2417/1160 1496/3300/1496 2017/3301/2017
vt 0.779392 0.234063
f 1538/2868/1538 1770/3302/1770 1540/1762/1540
f 1485/3117/1485 1674/3079/1674 1444/3078/1444
vt 0.270732 0.360291
vt 0.270651 0.365339
f 1573/2746/1573 1674/3303/1674 1636/3304/1636
vt 0.340109 0.833241
vt 0.344499 0.837118
f 1494/3305/1494 1434/3114/1434 1732/3306/1732
vt 0.265416 0.365233
f 1639/3307/1639 1606/2981/1606 1499/3121/1499
vt 0.760097 0.547949
f 1106/2226/1106 1570/3308/1570 1263/2615/1263
vt 0.761079 0.529800
f 1263/2615/1263 1476/3309/1476 1273/2616/1273
f 1671/2396/1671 1670/3296/1670 925/1496/925
vt 0.913361 0.148190
vt 0.912068 0.147008
f 1603/3310/1603 1507/3026/1507 1602/3311/1602
vt 0.704692 0.157912
vt 0.702357 0.156782
vt 0.706974 0.157105
f 1705/3312/1705 1373/3313/1373 1613/3314/1613
vt 0.319180 0.100628
vt 0.318463 0.096332
vt 0.320144 0.099130
f 1589/3315/1589 1590/3316/1590 1625/3317/1625
vt 0.319694 0.096720
f 1625/3317/1625 1590/3316/1590 1628/3318/1628
vt 0.817967 0.233935
vt 0.818876 0.229318
vt 0.820697 0.234880
f 1625/3319/1625 1628/3320/1628 1645/3321/1645
vt 0.814693 0.230949
vt 0.814888 0.233827
f 1568/3144/1568 1590/3322/1590 1589/3323/1589
vt 0.813026 0.228053
f 1590/3322/1590 1568/3144/1568 1543/3324/1543
vt 0.815589 0.229637
vt 0.815460 0.226334
f 1590/3325/1590 1543/3324/1543 1553/3326/1553
vt 0.825811 0.243600
vt 0.827454 0.242519
f 1544/3327/1544 1588/3045/1588 1652/3328/1652
f 1590/3325/1590 1553/3326/1553 1628/3320/1628
vt 0.339431 0.097558
f 1544/3199/1544 1652/3329/1652 1531/3200/1531
vt 0.257312 0.221003
f 1507/3056/1507 1513/2867/1513 1602/3330/1602
vt 0.464317 0.106064
vt 0.466263 0.106185
f 1618/3154/1618 1597/3331/1597 1504/3332/1504
vt 0.722241 0.452188
f 1553/3051/1553 1467/2881/1467 1628/3333/1628
vt 0.394413 0.054188
vt 0.395216 0.053740
f 1706/3334/1706 1596/3335/1596 1622/3254/1622
f 1562/3249/1562 1622/3254/1622 1596/3335/1596
vt 0.709109 0.446474
f 1649/3052/1649 1703/3336/1703 1452/2770/1452
vt 0.217557 0.899065
f 1412/3230/1412 1480/2920/1480 1641/3337/1641
f 1505/3095/1505 1504/3234/1504 1539/3245/1539
vt 0.758251 0.126530
vt 0.759495 0.128565
vt 0.755484 0.127450
f 1639/3338/1639 1499/3339/1499 1678/3340/1678
vt 0.881513 0.434554
vt 0.880925 0.430983
f 1586/2930/1586 1555/3341/1555 1752/3342/1752
vt 0.715910 0.764021
f 1784/3343/1784 1545/2654/1545 1686/2318/1686
vt 0.318196 0.101564
f 1589/3216/1589 1554/3344/1554 1556/3170/1556
vt 0.646549 0.224921
vt 0.647433 0.227182
f 1733/3345/1733 1539/3263/1539 1597/3346/1597
vt 0.875837 0.436265
f 1509/2663/1509 1617/3347/1617 1555/3146/1555
vt 0.648594 0.223612
f 1559/3348/1559 1539/3263/1539 1733/3345/1733
f 1393/2665/1393 1617/3347/1617 1509/2663/1509
vt 0.158258 0.592658
f 1646/3280/1646 1492/2987/1492 1713/3349/1713
vt 0.728770 0.798163
f 1142/2092/1142 1384/2583/1384 1691/3350/1691
f 1645/3321/1645 1587/3289/1587 1529/3198/1529
vt 0.816787 0.236350
f 1529/3198/1529 1589/3351/1589 1645/3321/1645
vt 0.210231 0.956155
vt 0.203484 0.955812
f 1713/3352/1713 1492/3353/1492 1637/2993/1637
vt 0.130811 0.519761
f 1466/2898/1466 1600/2986/1600 1658/3354/1658
f 1242/2271/1242 1593/2378/1593 1921/2949/1921
f 1474/2932/1474 1371/2585/1371 1682/3273/1682
vt 0.865466 0.443885
f 1510/2897/1510 1443/2827/1443 1850/3355/1850
vt 0.390040 0.479395
f 1687/3356/1687 1761/3070/1761 1575/2936/1575
vt 0.473135 0.669017
vt 0.473078 0.665156
f 1280/2210/1280 1552/3357/1552 1742/3358/1742
vt 0.797914 0.584902
f 1471/3359/1471 1475/3015/1475 1677/3260/1677
vt 0.041737 0.287475
f 1584/3360/1584 1548/3266/1548 1533/2834/1533
f 1617/3347/1617 1393/2665/1393 1510/2897/1510
f 1314/2795/1314 1623/3019/1623 1584/3269/1584
vt 0.845980 0.472637
f 1565/3023/1565 1715/3361/1715 1530/2793/1530
vt 0.244505 0.586642
f 1685/2790/1685 1243/2650/1243 1989/3362/1989
vt 0.625066 0.237161
f 1561/3247/1561 1560/3246/1560 1647/3363/1647
vt 0.562508 0.298178
vt 0.566012 0.300958
f 1445/3364/1445 1656/3365/1656 1546/2906/1546
vt 0.206127 0.159081
vt 0.207699 0.154826
f 1541/3366/1541 1657/3367/1657 1470/2739/1470
f 1546/2906/1546 1656/3365/1656 1643/3193/1643
f 1327/2741/1327 1470/2739/1470 1657/3367/1657
f 1205/2334/1205 1465/2675/1465 1581/2759/1581
vt 0.855215 0.254671
vt 0.858470 0.250191
vt 0.858770 0.254028
f 1611/3368/1611 1683/3369/1683 1612/3370/1612
vt 0.855328 0.253172
f 1611/3368/1611 1610/3371/1610 1683/3369/1683
vt 0.035656 0.867407
f 1422/2750/1422 1897/3372/1897 1598/2638/1598
f 1587/3289/1587 1652/3328/1652 1588/3045/1588
vt 0.155904 0.214675
vt 0.155779 0.211301
vt 0.158106 0.215045
f 1619/3373/1619 1620/3374/1620 1618/3375/1618
vt 0.239888 0.216641
f 1652/3376/1652 1621/3233/1621 1531/3288/1531
vt 0.643146 0.227298
f 1597/3346/1597 1620/3377/1620 1733/3345/1733
vt 0.215036 0.948701
f 1698/3075/1698 1823/3378/1823 1508/2995/1508
vt 0.644209 0.225427
f 1650/3379/1650 1733/3345/1733 1620/3377/1620
f 1605/3217/1605 1412/3230/1412 1641/3337/1641
f 1508/2995/1508 1823/3378/1823 1637/2993/1637
vt 0.056484 0.338410
f 1667/3016/1667 1558/2732/1558 1660/3380/1660
vt 0.629399 0.236671
f 1647/3363/1647 1624/3381/1624 1561/3247/1561
vt 0.629693 0.238281
f 1561/3247/1561 1624/3381/1624 1626/3382/1626
f 1615/3173/1615 1628/3333/1628 1467/2881/1467
f 1618/3375/1618 1620/3374/1620 1597/3244/1597
vt 0.687118 0.435456
f 1665/3239/1665 1579/3238/1579 1726/3383/1726
vt 0.899507 0.951068
vt 0.900839 0.955490
f 1626/3384/1626 1564/3131/1564 1561/3385/1561
vt 0.817964 0.234149
f 1625/3386/1625 1645/3321/1645 1589/3351/1589
vt 0.054783 0.343097
vt 0.058510 0.343192
f 1579/3017/1579 1667/3387/1667 1726/3388/1726
vt 0.043659 0.291654
f 1446/2832/1446 1548/3266/1548 1547/3389/1547
f 1582/3252/1582 1564/3131/1564 1626/3384/1626
vt 0.216439 0.882318
vt 0.214667 0.880201
vt 0.220752 0.884578
f 1524/3390/1524 1525/3391/1525 1792/3392/1792
vt 0.215912 0.876632
f 1792/3392/1792 1525/3391/1525 1466/3393/1466
f 1703/3336/1703 1615/3173/1615 1452/2770/1452
f 1142/2092/1142 1691/3350/1691 1688/3195/1688
f 1752/3342/1752 1555/3341/1555 1617/3347/1617
vt 0.903381 0.941344
f 1582/3252/1582 1619/3394/1619 1468/3136/1468
f 1480/2920/1480 1481/2919/1481 1641/3337/1641
vt 0.836700 0.246744
vt 0.841447 0.246736
vt 0.839081 0.249099
f 1651/3395/1651 1728/3396/1728 1513/3397/1513
vt 0.816263 0.195760
f 1635/2613/1635 1985/3163/1985 1684/3398/1684
vt 0.255917 0.219032
f 1728/3399/1728 1602/3330/1602 1513/2867/1513
f 1591/3224/1591 1665/3239/1665 1592/3225/1592
vt 0.190917 0.167602
f 1612/3197/1612 1720/3400/1720 1437/2913/1437
f 1818/2801/1818 1352/2474/1352 976/1601/976
vt 0.193301 0.167149
f 1614/3401/1614 1437/2913/1437 1720/3400/1720
vt 0.017295 0.673164
vt 0.017168 0.677048
f 1609/2406/1609 1545/3402/1545 1784/3403/1784
vt 0.896879 0.964050
f 1542/3277/1542 1596/3276/1596 1693/3404/1693
f 1534/2707/1534 1460/2794/1460 1743/3274/1743
vt 0.210523 0.152425
f 1796/3134/1796 1327/2741/1327 1814/3405/1814
vt 0.896250 0.956729
vt 0.894160 0.955379
f 1647/3406/1647 1560/3275/1560 1662/3407/1662
vt 0.565297 0.306300
f 1565/2905/1565 1643/3193/1643 1715/3408/1715
vt 0.640126 0.663997
f 1601/2286/1601 1769/3409/1769 1538/2992/1538
vt 0.769693 0.554073
f 1106/2226/1106 1472/2980/1472 1773/3410/1773
f 1635/2613/1635 1684/3398/1684 1286/2407/1286
f 1120/2244/1120 1860/3258/1860 1601/2286/1601
vt 0.031540 0.868284
f 1604/2895/1604 1822/3411/1822 1666/2888/1666
vt 0.222635 0.856765
f 1863/3412/1863 1502/3102/1502 1578/3101/1578
f 1570/3308/1570 1106/2226/1106 1773/3410/1773
vt 0.084726 0.350088
f 1367/2979/1367 1788/3413/1788 1672/2734/1672
vt 0.013507 0.678199
f 1730/3414/1730 1783/3122/1783 1609/2406/1609
vt 0.336340 0.844313
f 1430/3415/1430 1494/3305/1494 1732/3306/1732
vt 0.220617 0.842776
f 1578/3101/1578 1493/3103/1493 1771/3416/1771
f 1493/3103/1493 1629/3299/1629 1771/3416/1771
vt 0.220650 0.832566
f 1629/3299/1629 1569/2837/1569 1430/3417/1430
vt 0.466662 0.170939
vt 0.467409 0.174529
f 1445/2842/1445 1500/3418/1500 1835/3419/1835
f 1577/3165/1577 1638/3284/1638 1571/2967/1571
vt 0.217967 0.862979
f 1594/3420/1594 1502/3102/1502 1863/3412/1863
vt 0.901260 0.912857
f 1731/3421/1731 1366/2607/1366 1571/2967/1571
vt 0.645882 0.193866
vt 0.649515 0.194862
f 1633/3422/1633 1431/2688/1431 1828/3423/1828
vt 0.603631 0.612967
f 1854/3424/1854 1465/2675/1465 1214/2374/1214
vt 0.272149 0.360094
vt 0.273810 0.357551
f 1674/3425/1674 1485/3426/1485 1739/3162/1739
f 1770/3302/1770 1774/2369/1774 1540/1762/1540
vt 0.234002 0.129579
f 1634/2851/1634 1633/2850/1633 1739/3427/1739
vt 0.267780 0.362884
f 1573/2746/1573 1636/3304/1636 1678/3428/1678
vt 0.056193 0.337393
f 1660/3429/1660 1558/2732/1558 1670/3296/1670
vt 0.757035 0.130203
f 1499/3339/1499 1573/3430/1573 1678/3340/1678
vt 0.161804 0.376240
f 1574/3431/1574 2017/3301/2017 1496/3300/1496
vt 0.663093 0.158666
vt 0.661853 0.160797
f 1827/3432/1827 1631/2523/1631 1606/3433/1606
vt 0.043802 0.291789
f 1787/2900/1787 1329/2783/1329 1547/3434/1547
f 1160/2417/1160 2017/3301/2017 1738/2419/1738
f 1814/3405/1814 1327/2741/1327 1657/3367/1657
vt 0.898239 0.943897
f 1663/3435/1663 1619/3394/1619 1582/3252/1582
vt 0.901519 0.936371
vt 0.899147 0.939759
f 1620/3436/1620 1619/3394/1619 1664/3437/1664
f 1742/3358/1742 1675/3150/1675 1280/2210/1280
vt 0.269996 0.635676
f 1676/3063/1676 1748/3438/1748 1397/2451/1397
f 1613/3229/1613 1506/2462/1506 1796/3134/1796
vt 0.710454 0.159250
f 1705/3312/1705 1613/3314/1613 1721/3439/1721
vt 0.161173 0.602694
vt 0.160776 0.605193
vt 0.158335 0.603268
f 1697/3440/1697 1706/3441/1706 1622/3442/1622
vt 0.898970 0.965176
f 1596/3276/1596 1706/3443/1706 1693/3404/1693
vt 0.199285 0.160177
f 1585/2999/1585 1536/2925/1536 1749/3444/1749
vt 0.241088 0.212791
f 1621/3233/1621 1652/3376/1652 1723/3445/1723
vt 0.825547 0.230587
f 1645/3321/1645 1628/3320/1628 1708/3446/1708
vt 0.621079 0.635683
f 1640/2767/1640 1816/3447/1816 1262/2356/1262
vt 0.220004 0.876492
f 1792/3392/1792 1466/3393/1466 1658/3448/1658
vt 0.628087 0.233787
vt 0.625933 0.235026
f 1669/3449/1669 1647/3363/1647 1662/3450/1662
f 1669/3449/1669 1624/3381/1624 1647/3363/1647
vt 0.828497 0.238954
f 1587/3289/1587 1723/3451/1723 1652/3328/1652
vt 0.606192 0.395551
f 1743/3274/1743 1460/2794/1460 1710/3452/1710
f 1714/3223/1714 1387/2600/1387 1328/2231/1328
f 1460/2794/1460 1627/3206/1627 1710/3452/1710
vt 0.869289 0.439168
f 1510/2897/1510 1753/3453/1753 1617/3347/1617
vt 0.883219 0.429560
vt 0.882661 0.430772
f 1752/3342/1752 1644/3454/1644 1586/3455/1586
vt 0.255527 0.608674
f 1387/2600/1387 1745/3456/1745 1365/2743/1365
vt 0.842019 0.243923
f 1728/3396/1728 1651/3395/1651 1776/3457/1776
vt 0.718696 0.448506
f 1615/3173/1615 1708/3458/1708 1628/3333/1628
vt 0.852694 0.248844
vt 0.847317 0.250167
vt 0.847093 0.247761
f 1775/3459/1775 1603/3460/1603 1696/3461/1696
vt 0.464861 0.174752
f 1656/3462/1656 1445/2842/1445 1835/3419/1835
vt 0.838607 0.037326
vt 0.840218 0.036401
f 1603/3243/1603 1602/3463/1602 1696/3464/1696
f 1775/3459/1775 1653/3031/1653 1603/3460/1603
f 1653/3031/1653 1775/3459/1775 1610/3194/1610
vt 0.716580 0.445837
f 1661/3465/1661 1708/3458/1708 1615/3173/1615
vt 0.701569 0.438960
f 1528/3218/1528 1592/3225/1592 1655/3466/1655
f 1703/3336/1703 1661/3465/1661 1615/3173/1615
vt 0.057930 0.335327
f 1670/3296/1670 1716/3467/1716 1660/3429/1660
vt 0.891678 0.957901
f 1704/3468/1704 1662/3407/1662 1542/3277/1542
vt 0.578789 0.032790
vt 0.576238 0.032468
vt 0.576866 0.029633
f 1582/3469/1582 1626/3470/1626 1700/3471/1700
vt 0.046397 0.292015
f 1787/2900/1787 1547/3434/1547 1707/3472/1707
f 1542/3277/1542 1662/3407/1662 1560/3275/1560
vt 0.579531 0.029719
f 1663/3473/1663 1582/3469/1582 1700/3471/1700
vt 0.809596 0.197006
f 1684/3398/1684 1904/3474/1904 1286/2407/1286
vt 0.074907 0.897962
f 1802/3088/1802 1668/3130/1668 1888/3475/1888
vt 0.682782 0.436263
vt 0.679901 0.432886
f 1726/3383/1726 1667/3476/1667 1660/3477/1660
f 1619/3394/1619 1663/3435/1663 1664/3437/1664
vt 0.045315 0.290469
f 1547/3389/1547 1548/3266/1548 1707/3478/1707
vt 0.900788 0.934899
f 1650/3479/1650 1620/3436/1620 1664/3437/1664
f 1703/3336/1703 1649/3052/1649 1655/3466/1655
f 1655/3466/1655 1649/3052/1649 1528/3218/1528
vt 0.215921 0.889343
f 1641/3337/1641 1481/2919/1481 1524/3480/1524
f 1683/3369/1683 1610/3194/1610 1775/3459/1775
vt 0.858686 0.451659
f 1608/2603/1608 1473/2672/1473 1797/3481/1797
vt 0.206991 0.964519
vt 0.206927 0.962018
vt 0.209329 0.967337
f 1622/3482/1622 1646/3483/1646 1697/3484/1697
vt 0.252013 0.376704
f 1682/3273/1682 1680/3485/1680 1474/2932/1474
f 1587/3289/1587 1645/3321/1645 1708/3446/1708
f 1608/2603/1608 1850/3355/1850 1443/2827/1443
vt 0.756646 0.079035
vt 0.759517 0.081700
vt 0.755011 0.080444
f 1717/3486/1717 1614/3487/1614 1720/3488/1720
vt 0.707900 0.306400
vt 0.716231 0.312072
f 1517/2668/1517 1654/3489/1654 1766/3490/1766
vt 0.246658 0.214436
f 1621/3233/1621 1760/3491/1760 1651/3235/1651
vt 0.215744 0.148983
f 1721/3492/1721 1613/3229/1613 1796/3134/1796
vt 0.850975 0.454297
f 1473/2672/1473 1379/2490/1379 1871/3493/1871
vt 0.887509 0.424018
f 1627/3207/1627 1583/3209/1583 1710/3494/1710
vt 0.747906 0.535691
f 1263/2615/1263 1740/3495/1740 1476/3309/1476
vt 0.257947 0.219781
f 1728/3399/1728 1696/3496/1696 1602/3330/1602
vt 0.844393 0.469129
f 1715/3361/1715 1692/3497/1692 1530/2793/1530
vt 0.847376 0.464076
f 1379/2490/1379 1530/2793/1530 1709/3498/1709
vt 0.098411 0.358169
f 1498/2974/1498 1870/3105/1870 1842/3499/1842
vt 0.220684 0.852743
f 1863/3412/1863 1578/3101/1578 1793/3500/1793
vt 0.218552 0.868712
vt 0.221337 0.867250
f 1600/3501/1600 1594/3420/1594 1673/3502/1673
vt 0.824958 0.908802
vt 0.813061 0.907401
f 1576/3294/1576 1731/3503/1731 2077/3504/2077
vt 0.775952 0.563017
f 1773/3410/1773 1472/2980/1472 1490/3505/1490
vt 0.895814 0.926465
f 1571/2967/1571 1638/3284/1638 1791/3506/1791
f 1318/2612/1318 1433/3111/1433 1937/3110/1937
f 1673/3502/1673 1594/3420/1594 1863/3412/1863
vt 0.615720 0.629917
f 1581/2759/1581 1782/3507/1782 1640/2767/1640
vt 0.411257 0.769911
f 1192/2230/1192 1549/2733/1549 1952/3508/1952
f 1673/3502/1673 1658/3448/1658 1600/3501/1600
f 1730/3414/1730 1609/2406/1609 1784/3403/1784
f 1860/3258/1860 1769/3409/1769 1601/2286/1601
vt 0.279304 0.363818
f 1674/3425/1674 1739/3162/1739 1928/3509/1928
vt 0.243326 0.578140
f 2081/3510/2081 1989/3362/1989 1243/2650/1243
f 1672/2984/1672 1790/3014/1790 1372/2985/1372
vt 0.798233 0.874405
f 1737/3298/1737 1495/2621/1495 1859/3511/1859
vt 0.273504 0.364607
f 1928/3509/1928 1751/3512/1751 1674/3425/1674
f 1751/3512/1751 1636/3304/1636 1674/3303/1674
vt 0.057220 0.299161
f 1369/2530/1369 1787/2900/1787 2142/3513/2142
vt 0.757589 0.526780
vt 0.759556 0.528063
vt 0.755251 0.528143
f 1500/3514/1500 1476/3515/1476 1832/3516/1832
f 1286/2407/1286 1904/3474/1904 1869/3220/1869
vt 0.256967 0.373952
f 1841/3517/1841 1682/3273/1682 1827/3178/1827
vt 0.020208 0.868404
f 1511/2997/1511 1772/3518/1772 1604/2895/1604
vt 0.109266 0.364120
f 1501/2852/1501 1642/2862/1642 1735/3519/1735
vt 0.365801 0.108178
f 1870/3292/1870 1501/3291/1501 1735/3520/1735
vt 0.537018 0.895357
f 1511/3126/1511 1648/3125/1648 1772/3521/1772
f 1671/2396/1671 1369/2530/1369 2142/3513/2142
vt 0.644765 0.672706
f 1769/3409/1769 1770/3522/1770 1538/2992/1538
vt 0.630492 0.232695
f 1624/3381/1624 1669/3449/1669 1781/3523/1781
vt 0.248524 0.375950
f 1384/3524/1384 1474/2932/1474 1680/3485/1680
vt 0.211135 0.071890
vt 0.210521 0.069763
vt 0.211605 0.069817
f 1759/3525/1759 1722/3526/1722 1695/3527/1695
vt 0.369258 0.008900
vt 0.372746 0.008428
vt 0.369731 0.010555
f 1699/3528/1699 1759/3529/1759 1695/3530/1695
vt 0.896186 0.950136
vt 0.894600 0.948057
vt 0.897487 0.949502
f 1624/3531/1624 1781/3532/1781 1626/3533/1626
vt 0.714243 0.156043
vt 0.715235 0.153884
vt 0.718553 0.156252
f 1814/3534/1814 1657/3535/1657 1794/3536/1794
vt 0.896850 0.946725
f 1781/3532/1781 1700/3537/1700 1626/3533/1626
vt 0.643528 0.128838
vt 0.645550 0.127579
vt 0.645451 0.129973
f 1695/3538/1695 1701/3539/1701 1699/3540/1699
vt 0.859823 0.252092
f 1683/3369/1683 1720/3541/1720 1612/3370/1612
f 1726/3383/1726 1592/3225/1592 1665/3239/1665
vt 0.829810 0.235706
f 1587/3289/1587 1725/3542/1725 1723/3451/1723
vt 0.215767 0.070582
vt 0.214808 0.069516
vt 0.215791 0.069426
f 1694/3543/1694 1699/3544/1699 1542/3545/1542
vt 0.648449 0.129442
f 1699/3540/1699 1701/3539/1701 1542/3546/1542
vt 0.890501 0.960468
f 1542/3277/1542 1701/3547/1701 1704/3468/1704
vt 0.760059 0.079841
f 1614/3487/1614 1717/3486/1717 1719/3548/1719
vt 0.870645 0.254857
vt 0.868324 0.255225
vt 0.868443 0.253652
f 1689/3549/1689 1614/3550/1614 1719/3551/1719
vt 0.859529 0.446589
f 1850/3355/1850 1608/2603/1608 1712/3552/1712
f 1760/3491/1760 1621/3233/1621 1723/3445/1723
vt 0.405167 0.470945
f 1681/3080/1681 1580/2810/1580 1764/3553/1764
vt 0.214064 0.147707
vt 0.215489 0.145960
f 1705/3236/1705 1721/3554/1721 1757/3555/1757
f 1473/2672/1473 1871/3493/1871 1797/3481/1797
vt 0.705828 0.158973
vt 0.706892 0.161131
f 1659/3068/1659 1705/3556/1705 1757/3557/1757
f 1745/3456/1745 1679/3054/1679 1365/2743/1365
vt 0.221558 0.144584
vt 0.218283 0.141974
f 1557/2910/1557 1659/3558/1659 1913/3559/1913
vt 0.619056 0.396203
f 1623/3019/1623 1743/3274/1743 1729/3560/1729
f 1725/3542/1725 1587/3289/1587 1708/3446/1708
f 1871/3493/1871 1379/2490/1379 1709/3498/1709
f 1823/3378/1823 1713/3352/1713 1637/2993/1637
f 1792/3392/1792 1641/3337/1641 1524/3480/1524
vt 0.685629 0.430110
f 1805/3561/1805 1726/3383/1726 1660/3477/1660
vt 0.272501 0.648637
f 1552/2807/1552 1397/2451/1397 1886/3562/1886
vt 0.869823 0.255987
f 1614/3550/1614 1689/3549/1689 1536/3563/1536
vt 0.827343 0.229316
vt 0.831134 0.230338
f 1661/3564/1661 1702/3565/1702 1708/3446/1708
vt 0.679433 0.429294
f 1716/3566/1716 1805/3561/1805 1660/3477/1660
vt 0.271657 0.643045
f 1886/3562/1886 1397/2451/1397 1747/3567/1747
vt 0.837040 0.241382
f 1651/3395/1651 1760/3568/1760 1776/3457/1776
vt 0.844940 0.246509
vt 0.847062 0.245016
f 1728/3569/1728 1763/3570/1763 1696/3461/1696
vt 0.059760 0.333215
f 1716/3467/1716 1670/3296/1670 1718/3571/1718
vt 0.603063 0.958215
f 1668/2939/1668 1503/2533/1503 1852/3572/1852
vt 0.465530 0.064620
vt 0.465432 0.062826
vt 0.469877 0.063632
f 1585/3573/1585 1749/3574/1749 1813/3575/1813
vt 0.468805 0.065465
f 1541/3576/1541 1585/3573/1585 1813/3575/1813
vt 0.715221 0.443944
f 1702/3577/1702 1661/3465/1661 1703/3336/1703
vt 0.045230 0.288084
f 1707/3478/1707 1548/3266/1548 1690/3578/1690
f 1709/3498/1709 1530/2793/1530 1692/3497/1692
vt 0.369378 0.007786
vt 0.370102 0.007558
f 1699/3528/1699 1694/3579/1694 1759/3580/1759
vt 0.647853 0.131277
vt 0.649957 0.134774
vt 0.645112 0.133755
f 1694/3581/1694 1693/3582/1693 1759/3583/1759
vt 0.894604 0.963560
f 1693/3404/1693 1694/3584/1694 1542/3277/1542
vt 0.893346 0.950630
vt 0.894346 0.951495
f 1768/3585/1768 1781/3532/1781 1669/3586/1669
vt 0.202675 0.155588
f 1541/3366/1541 1813/3587/1813 1657/3367/1657
vt 0.888402 0.967974
vt 0.887375 0.965518
vt 0.889830 0.964535
f 1722/3588/1722 1778/3589/1778 1695/3590/1695
vt 0.852741 0.953037
vt 0.854008 0.954861
vt 0.853940 0.957161
f 1701/3591/1701 1695/3592/1695 1778/3593/1778
f 1681/3203/1681 1852/3572/1852 1503/2533/1503
vt 0.833190 0.237931
vt 0.834622 0.235709
f 1723/3594/1723 1724/3595/1724 1760/3568/1760
vt 0.890217 0.958235
f 1704/3468/1704 1701/3547/1701 1833/3596/1833
vt 0.848108 0.944828
vt 0.849843 0.947925
vt 0.845764 0.946354
f 1662/3597/1662 1704/3598/1704 1939/3599/1939
vt 0.244002 0.209569
vt 0.241505 0.209370
f 1724/3600/1724 1723/3445/1723 1725/3601/1725
vt 0.221095 0.922134
f 1566/2763/1566 1767/2878/1767 1938/3602/1938
vt 0.166517 0.607581
vt 0.162931 0.606691
f 1706/3441/1706 1754/3603/1754 1693/3604/1693
vt 0.210078 0.976465
vt 0.208473 0.971829
f 1754/3605/1754 1706/3606/1706 1697/3484/1697
vt 0.388439 0.484340
f 1727/3607/1727 1687/3356/1687 1575/2936/1575
vt 0.216415 0.962148
f 1646/3483/1646 1713/3352/1713 1811/3608/1811
vt 0.337960 0.852634
vt 0.333439 0.851465
f 1786/3609/1786 1629/3610/1629 1430/3415/1430
vt 0.045306 0.284993
f 1690/3578/1690 1548/3266/1548 1758/3611/1758
vt 0.829652 0.235449
f 1708/3446/1708 1702/3565/1702 1725/3612/1725
vt 0.043959 0.285327
f 1548/3266/1548 1584/3613/1584 1758/3611/1758
vt 0.244121 0.207382
vt 0.240885 0.206229
f 1780/3614/1780 1725/3601/1725 1702/3615/1702
vt 0.625440 0.398674
f 1758/3616/1758 1584/3269/1584 1623/3019/1623
f 1724/3600/1724 1725/3601/1725 1780/3614/1780
f 1797/3481/1797 1712/3552/1712 1608/2603/1608
f 1666/2888/1666 1897/3372/1897 1422/2750/1422
vt 0.217625 0.144635
f 1659/3558/1659 1757/3617/1757 1913/3559/1913
vt 0.254488 0.216478
vt 0.257077 0.216131
f 1728/3399/1728 1776/3618/1776 1762/3619/1762
vt 0.249513 0.593246
f 1736/3620/1736 1714/3223/1714 1685/2790/1685
vt 0.195102 0.162264
vt 0.197127 0.160515
f 1536/2925/1536 1689/3621/1689 1749/3622/1749
vt 0.567251 0.300533
vt 0.568571 0.299556
f 1656/3623/1656 1835/3624/1835 1643/3193/1643
vt 0.880683 0.426931
f 1644/3454/1644 1752/3342/1752 1750/3625/1750
vt 0.600764 0.396335
vt 0.597726 0.397374
vt 0.599681 0.393597
f 1711/3626/1711 1644/3627/1644 1750/3628/1750
vt 0.873239 0.433173
f 1752/3342/1752 1617/3347/1617 1798/3629/1798
vt 0.710952 0.441352
f 1756/3630/1756 1702/3577/1702 1703/3336/1703
vt 0.705769 0.439719
f 1655/3466/1655 1765/3631/1765 1703/3336/1703
f 1703/3336/1703 1765/3631/1765 1756/3630/1756
f 1768/3585/1768 1669/3586/1669 1662/3407/1662
vt 0.729064 0.803203
f 1680/3632/1680 1691/3350/1691 1384/2583/1384
vt 0.060956 0.321330
f 1670/3296/1670 1671/2396/1671 1988/3633/1988
vt 0.713305 0.324570
f 1523/3634/1523 1517/2668/1517 1766/3490/1766
vt 0.656161 0.193970
f 1803/3635/1803 1828/3423/1828 1557/3069/1557
f 1557/3069/1557 1828/3423/1828 1431/2688/1431
f 1430/3415/1430 1732/3306/1732 1786/3609/1786
vt 0.808299 0.900382
f 2077/3504/2077 2032/3636/2032 1576/3294/1576
f 1816/3447/1816 1860/3258/1860 1262/2356/1262
vt 0.049486 0.865586
f 1598/2638/1598 1967/3637/1967 1595/3106/1595
vt 0.790729 0.586533
f 1677/3260/1677 1985/3638/1985 1471/3359/1471
f 1318/2612/1318 1937/3110/1937 1734/2859/1734
f 1740/3495/1740 1832/3516/1832 1476/3515/1476
vt 0.712710 0.302992
f 2049/3639/2049 1766/3490/1766 1654/3489/1654
vt 0.897939 0.932930
f 1650/3479/1650 1664/3437/1664 1741/3640/1741
vt 0.356435 0.837282
f 1899/3641/1899 1434/3114/1434 1408/2847/1408
vt 0.804874 0.607574
f 1790/3014/1790 1672/2984/1672 1788/3642/1788
vt 0.902072 0.932196
f 1741/3640/1741 1733/3643/1733 1650/3479/1650
f 1951/3290/1951 1648/3125/1648 1353/2674/1353
vt 0.940609 0.531792
vt 0.936923 0.530272
f 1832/3644/1832 1835/3645/1835 1500/2604/1500
vt 0.264937 0.372075
f 1868/3646/1868 1606/2981/1606 1639/3307/1639
vt 0.260522 0.369975
f 1827/3647/1827 1606/2981/1606 1868/3646/1868
f 1734/2969/1734 1859/3511/1859 1495/2621/1495
vt 0.028007 0.864933
f 1824/3648/1824 1822/3411/1822 1604/2895/1604
vt 0.796981 0.863759
f 1574/2971/1574 1737/3298/1737 1789/3649/1789
vt 0.124436 0.375607
f 1642/2862/1642 1211/2016/1211 2044/3650/2044
f 1733/3643/1733 1741/3640/1741 1559/3283/1559
f 1559/3283/1559 1741/3640/1741 1638/3284/1638
vt 0.161871 0.383585
f 2017/3301/2017 1574/3431/1574 1789/3651/1789
f 1741/3640/1741 1791/3506/1791 1638/3284/1638
f 1211/2016/1211 1632/2861/1632 2044/3650/2044
vt 0.412918 0.759311
vt 0.411540 0.754130
f 1885/3652/1885 1549/2733/1549 1783/3653/1783
vt 0.834169 0.232291
vt 0.836111 0.227792
f 1780/3654/1780 1702/3565/1702 1756/3655/1756
vt 0.213196 0.073622
vt 0.214472 0.075733
vt 0.213999 0.076250
f 1759/3656/1759 1693/3657/1693 1754/3658/1754
vt 0.022716 0.863438
f 1772/3518/1772 1900/3659/1900 1604/2895/1604
vt 0.211016 0.074445
vt 0.207994 0.073148
f 1759/3525/1759 1809/3660/1809 1779/3661/1779
vt 0.838060 0.234891
f 1807/3662/1807 1724/3595/1724 1780/3654/1780
f 1760/3568/1760 1724/3595/1724 1807/3662/1807
vt 0.220105 0.929037
f 1418/2889/1418 1566/2763/1566 1846/3663/1846
vt 0.258640 0.217558
f 1762/3619/1762 1763/3664/1763 1728/3399/1728
f 1599/3097/1599 1854/3424/1854 1214/2374/1214
vt 0.223264 0.904822
f 1834/3665/1834 1605/3217/1605 1641/3337/1641
f 1758/3616/1758 1623/3019/1623 1729/3560/1729
vt 0.852318 0.243795
f 1696/3461/1696 1763/3570/1763 1819/3666/1819
f 1775/3459/1775 1696/3461/1696 1819/3666/1819
f 1697/3484/1697 1646/3483/1646 1811/3608/1811
vt 0.610634 0.391392
f 1743/3274/1743 1710/3452/1710 1744/3667/1744
vt 0.606619 0.392238
f 1744/3667/1744 1710/3452/1710 1795/3668/1795
vt 0.884468 0.423631
f 1583/3209/1583 1746/3669/1746 1710/3494/1710
vt 0.366668 0.820443
f 1408/2847/1408 1616/3098/1616 1987/3670/1987
f 1850/3355/1850 1753/3453/1753 1510/2897/1510
vt 0.884911 0.425144
f 1746/3669/1746 1583/3209/1583 1711/3671/1711
vt 0.206798 0.153272
f 1657/3367/1657 1813/3587/1813 1794/3672/1794
vt 0.218531 0.936865
f 1698/3075/1698 1418/2889/1418 1845/3673/1845
vt 0.789367 0.579551
vt 0.785327 0.585094
f 1684/3674/1684 1985/3638/1985 1873/3675/1873
vt 0.271251 0.651194
f 1886/3562/1886 1742/3676/1742 1552/2807/1552
vt 0.845096 0.943224
f 1768/3677/1768 1662/3597/1662 1939/3599/1939
vt 0.753772 0.079432
vt 0.753126 0.077531
f 1717/3486/1717 1720/3678/1720 1683/3679/1683
f 1841/3517/1841 1680/3485/1680 1682/3273/1682
vt 0.659553 0.192512
vt 0.658075 0.193976
f 1557/3069/1557 1913/3680/1913 1803/3681/1803
vt 0.868360 0.251345
f 1689/3549/1689 1719/3551/1719 1821/3682/1821
vt 0.089038 0.354177
f 1788/3413/1788 1367/2979/1367 1755/3683/1755
vt 0.059115 0.329314
f 1718/3571/1718 1670/3296/1670 1800/3684/1800
vt 0.208794 0.071243
f 1779/3661/1779 1722/3685/1722 1759/3525/1759
vt 0.195735 0.160528
f 1689/3621/1689 1804/3686/1804 1749/3622/1749
vt 0.885025 0.969429
f 1778/3589/1778 1722/3588/1722 1777/3687/1777
vt 0.885808 0.967330
f 1778/3589/1778 1777/3687/1777 1838/3688/1838
vt 0.887528 0.970088
f 1779/3689/1779 1777/3687/1777 1722/3588/1722
f 1846/3663/1846 1845/3673/1845 1418/2889/1418
f 1566/2763/1566 1938/3602/1938 1846/3663/1846
vt 0.845881 0.242090
vt 0.843216 0.238011
f 1762/3690/1762 1776/3457/1776 1843/3691/1843
vt 0.597589 0.932010
f 1812/3279/1812 1884/3692/1884 1727/3107/1727
f 1845/3673/1845 1823/3378/1823 1698/3075/1698
vt 0.214285 0.974791
f 1697/3484/1697 1877/3693/1877 1754/3605/1754
vt 0.887226 0.424064
vt 0.885658 0.422490
f 1710/3694/1710 1746/3669/1746 1795/3695/1795
vt 0.211903 0.076357
f 1754/3696/1754 1809/3660/1809 1759/3656/1759
vt 0.468620 0.061304
f 1749/3574/1749 1910/3697/1910 1813/3575/1813
vt 0.863477 0.252080
f 1821/3682/1821 1717/3698/1717 1683/3369/1683
f 1843/3691/1843 1776/3457/1776 1760/3568/1760
vt 0.758840 0.078323
vt 0.757442 0.077394
f 1719/3699/1719 1717/3486/1717 1821/3700/1821
f 1465/2675/1465 1782/3507/1782 1581/2759/1581
vt 0.875328 0.428985
f 1752/3342/1752 1798/3629/1798 1806/3701/1806
vt 0.396506 0.473546
f 1829/3702/1829 1580/2810/1580 1761/3070/1761
vt 0.705855 0.436146
f 1655/3466/1655 1825/3703/1825 1765/3631/1765
f 1798/3629/1798 1617/3347/1617 1753/3453/1753
vt 0.696017 0.433199
f 1726/3383/1726 1820/3704/1820 1592/3225/1592
f 1726/3383/1726 1805/3561/1805 1820/3704/1820
vt 0.840182 0.464687
f 2026/3705/2026 1709/3498/1709 1692/3497/1692
vt 0.841632 0.473295
f 1826/3706/1826 1692/3497/1692 1715/3361/1715
vt 0.840140 0.471363
f 1692/3497/1692 1826/3706/1826 1808/3707/1808
vt 0.572275 0.302666
f 1643/3193/1643 1835/3624/1835 1815/3708/1815
vt 0.571152 0.305256
f 1715/3408/1715 1643/3193/1643 1826/3709/1826
f 1952/3508/1952 1549/2733/1549 1885/3652/1885
vt 0.811696 0.616248
vt 0.808499 0.620685
vt 0.806911 0.615656
f 1498/3710/1498 1801/3711/1801 1755/3712/1755
f 1498/3710/1498 1755/3712/1755 1367/2735/1367
f 1822/3411/1822 1897/3372/1897 1666/2888/1666
f 1685/2790/1685 1989/3362/1989 1736/3620/1736
vt 0.047587 0.288447
vt 0.052512 0.285962
f 1690/3713/1690 1864/3714/1864 1707/3472/1707
vt 0.227646 0.134502
f 1739/3427/1739 1633/2850/1633 1828/3715/1828
vt 0.386140 0.481016
f 1687/3356/1687 1727/3607/1727 1884/3716/1884
f 1937/3295/1937 1576/3294/1576 2032/3636/2032
f 1899/3641/1899 1732/3306/1732 1434/3114/1434
vt 0.223912 0.884091
vt 0.222906 0.876416
f 1785/3717/1785 1658/3448/1658 1862/3718/1862
f 1792/3392/1792 1658/3448/1658 1785/3717/1785
vt 0.846678 0.963180
f 1701/3591/1701 1778/3593/1778 1931/3719/1931
vt 0.575183 0.559830
f 1818/2801/1818 1607/3278/1607 1930/3720/1930
vt 0.849008 0.952102
f 1939/3599/1939 1704/3598/1704 1833/3721/1833
vt 0.572221 0.246611
f 1734/2859/1734 1937/3110/1937 2008/3722/2008
f 1899/3641/1899 1408/2847/1408 1987/3670/1987
vt 0.324621 0.858767
vt 0.330413 0.858759
vt 0.327096 0.864341
f 1578/3723/1578 1771/3724/1771 1793/3725/1793
vt 0.268288 0.365840
vt 0.269410 0.368582
f 1639/3307/1639 1678/3726/1678 1831/3727/1831
vt 0.895497 0.944851
f 1781/3728/1781 1663/3435/1663 1700/3537/1700
vt 0.840863 0.935917
vt 0.843994 0.940322
vt 0.838217 0.939922
f 1663/3729/1663 1781/3730/1781 1836/3731/1836
f 1816/3447/1816 1640/2767/1640 1782/3507/1782
f 1771/3724/1771 1629/3610/1629 1786/3609/1786
f 1741/3640/1741 1664/3437/1664 1663/3435/1663
f 1862/3718/1862 1658/3448/1658 1673/3502/1673
f 1967/3637/1967 1598/2638/1598 1897/3372/1897
vt 0.138641 0.387112
f 1632/2861/1632 1738/2419/1738 1983/3732/1983
vt 0.061388 0.312592
f 1895/3733/1895 1671/2396/1671 2142/3513/2142
vt 0.625322 0.395723
f 1758/3616/1758 1729/3560/1729 1887/3734/1887
vt 0.214662 0.981736
vt 0.210674 0.981375
f 1754/3605/1754 1926/3735/1926 1809/3736/1809
vt 0.614698 0.390375
f 1729/3560/1729 1743/3274/1743 1914/3737/1914
f 1744/3667/1744 1914/3737/1914 1743/3274/1743
vt 0.719627 0.154174
vt 0.721316 0.154931
f 1794/3536/1794 1813/3738/1813 1875/3739/1875
f 1819/3666/1819 1763/3570/1763 1762/3690/1762
vt 0.853169 0.963245
f 1778/3593/1778 1838/3740/1838 1931/3719/1931
vt 0.717452 0.158571
f 1839/3741/1839 1814/3534/1814 1794/3536/1794
f 1824/3648/1824 1604/2895/1604 1900/3659/1900
vt 0.603921 0.393113
f 1750/3628/1750 1746/3742/1746 1711/3626/1711
vt 0.655396 0.674090
vt 0.647414 0.679385
f 1770/3522/1770 1907/3743/1907 1774/3744/1774
f 1752/3342/1752 1806/3701/1806 1750/3625/1750
vt 0.863632 0.248311
f 1821/3682/1821 1683/3369/1683 1878/3745/1878
vt 0.866575 0.434240
f 1798/3629/1798 1753/3453/1753 1799/3746/1799
vt 0.858016 0.246075
f 1683/3369/1683 1775/3459/1775 1848/3747/1848
f 1760/3568/1760 1807/3662/1807 1843/3691/1843
vt 0.708687 0.436526
f 1825/3703/1825 1756/3748/1756 1765/3631/1765
vt 0.868005 0.079536
vt 0.864581 0.080294
vt 0.864121 0.078614
f 1804/3749/1804 1689/3750/1689 1821/3751/1821
f 1780/3654/1780 1756/3655/1756 1807/3662/1807
vt 0.254179 0.599090
f 1714/3223/1714 2036/3752/2036 1387/2600/1387
vt 0.880586 0.255615
vt 0.878624 0.256301
vt 0.875910 0.254106
f 1910/3753/1910 1749/3754/1749 1804/3755/1804
f 1921/2949/1921 1593/2378/1593 1688/3195/1688
vt 0.710507 0.770876
vt 0.713016 0.766157
f 1943/3756/1943 1858/3757/1858 1784/3343/1784
f 1397/2451/1397 1748/3438/1748 1747/3567/1747
vt 0.205071 0.071799
vt 0.206376 0.070551
f 1779/3661/1779 1810/3758/1810 1777/3759/1777
f 1687/3356/1687 1829/3702/1829 1761/3070/1761
vt 0.095872 0.357147
f 1498/2974/1498 1842/3499/1842 1801/3760/1801
vt 0.859370 0.658680
vt 0.858393 0.665677
vt 0.858079 0.662774
f 1930/3761/1930 1607/3762/1607 1675/3763/1675
vt 0.631050 0.400708
vt 0.627077 0.399226
f 1690/3764/1690 1758/3765/1758 1887/3734/1887
vt 0.201367 0.155355
vt 0.200089 0.155876
f 1875/3766/1875 1813/3587/1813 1910/3767/1910
f 1848/3747/1848 1775/3459/1775 1819/3666/1819
vt 0.863670 0.076526
f 1821/3751/1821 1906/3768/1906 1804/3749/1804
vt 0.711493 0.156826
vt 0.714740 0.160181
f 1796/3769/1796 1814/3534/1814 1839/3770/1839
f 1721/3439/1721 1796/3769/1796 1839/3770/1839
vt 0.854879 0.448031
f 1712/3552/1712 1797/3481/1797 1851/3771/1851
vt 0.710821 0.160629
vt 0.710600 0.162687
f 1757/3557/1757 1721/3772/1721 1857/3773/1857
vt 0.607374 0.952682
f 1681/3203/1681 2022/3774/2022 1852/3572/1852
vt 0.224553 0.910386
f 1605/3217/1605 1834/3665/1834 1893/3775/1893
vt 0.212933 0.144495
f 1857/3776/1857 1913/3559/1913 1757/3617/1757
vt 0.843893 0.232075
f 1853/3777/1853 1843/3691/1843 1807/3662/1807
f 1815/3708/1815 1826/3709/1826 1643/3193/1643
f 1605/3217/1605 1938/3602/1938 1767/2878/1767
vt 0.842280 0.228215
f 1756/3655/1756 1825/3778/1825 1807/3662/1807
vt 0.506601 0.087972
vt 0.503950 0.089068
vt 0.504195 0.085719
f 1806/3779/1806 1798/3780/1798 1994/3781/1994
vt 0.703181 0.432247
f 1856/3782/1856 1825/3703/1825 1655/3466/1655
vt 0.469231 0.665008
vt 0.468408 0.661075
f 1886/3783/1886 1919/3784/1919 1742/3358/1742
vt 0.257042 0.377997
f 1680/3485/1680 1841/3517/1841 1847/3785/1847
f 1919/3784/1919 1675/3150/1675 1742/3358/1742
f 1655/3466/1655 1592/3225/1592 1820/3704/1820
vt 0.168376 0.616218
vt 0.167399 0.613758
vt 0.169690 0.613544
f 1810/3786/1810 1779/3787/1779 1844/3788/1844
vt 0.167621 0.611803
f 1844/3788/1844 1779/3787/1779 1809/3789/1809
vt 0.267943 0.622309
f 1748/3438/1748 1676/3063/1676 2031/3790/2031
f 1686/2318/1686 1943/3756/1943 1784/3343/1784
f 1921/2949/1921 1943/3756/1943 1686/2318/1686
vt 0.100472 0.363187
f 1870/3105/1870 1837/3791/1837 1842/3499/1842
vt 0.219325 0.139870
vt 0.219010 0.136707
f 1803/3792/1803 1963/3793/1963 1828/3715/1828
f 1833/3721/1833 1701/3591/1701 1931/3719/1931
vt 0.224180 0.895459
f 1834/3665/1834 1641/3337/1641 1934/3794/1934
vt 0.383489 0.817693
f 1865/3795/1865 1616/3098/1616 1363/2785/1363
vt 0.890602 0.942696
f 1741/3640/1741 1663/3435/1663 1836/3796/1836
vt 0.229841 0.131138
f 1828/3715/1828 1975/3797/1975 1739/3427/1739
f 1792/3392/1792 1934/3794/1934 1641/3337/1641
vt 0.799161 0.607439
f 1790/3014/1790 1788/3642/1788 1866/3798/1866
vt 0.796433 0.867378
f 1859/3511/1859 1789/3799/1789 1737/3298/1737
vt 0.804080 0.883197
vt 0.800078 0.880293
f 1859/3511/1859 2008/3800/2008 1830/3801/1830
f 1734/2969/1734 2008/3800/2008 1859/3511/1859
vt 0.132813 0.378764
f 1632/2861/1632 1983/3732/1983 2043/3802/2043
vt 0.223727 0.880404
f 1785/3717/1785 1862/3718/1862 1981/3803/1981
vt 0.793974 0.602976
f 1790/3014/1790 1976/3804/1976 1677/3260/1677
vt 0.892540 0.933700
f 1791/3506/1791 1741/3640/1741 1867/3805/1867
f 2017/3301/2017 1983/3732/1983 1738/2419/1738
f 1787/2900/1787 1707/3472/1707 1864/3714/1864
vt 0.609344 0.960124
vt 0.609601 0.966378
f 1968/3806/1968 1888/3807/1888 1668/2939/1668
vt 0.320628 0.879701
vt 0.311673 0.883025
vt 0.314760 0.875244
f 1896/3808/1896 1862/3809/1862 1673/3810/1673
vt 0.752260 0.128152
vt 0.752877 0.125055
f 1678/3340/1678 1636/3811/1636 1831/3812/1831
vt 0.819606 0.915868
vt 0.830181 0.913192
vt 0.829924 0.921913
f 1969/3813/1969 1571/3814/1571 1791/3815/1791
vt 0.115037 0.371747
f 1735/3519/1735 1642/2862/1642 1861/3816/1861
f 1731/3503/1731 1571/3814/1571 1969/3813/1969
vt 0.016703 0.682861
f 1858/3817/1858 1730/3414/1730 1784/3403/1784
vt 0.723453 0.800653
f 1688/3195/1688 1691/3350/1691 1881/3818/1881
vt 0.870805 0.246993
f 1821/3682/1821 1878/3745/1878 1849/3819/1849
vt 0.678559 0.425947
f 1716/3566/1716 1718/3820/1718 1805/3561/1805
vt 0.105094 0.894569
f 2218/1975/2218 2006/3821/2006 2081/3255/2081
vt 0.673333 0.424671
vt 0.675379 0.423142
vt 0.677081 0.427006
f 1800/3822/1800 1946/3823/1946 1718/3824/1718
f 1926/3735/1926 1754/3605/1754 1877/3693/1877
vt 0.613311 0.620004
f 1854/3424/1854 1872/3825/1872 1465/2675/1465
vt 0.882412 0.970577
vt 0.884419 0.971654
f 1838/3826/1838 1777/3687/1777 1810/3827/1810
vt 0.603654 0.588851
f 1817/2877/1817 2463/3828/2463 1599/3097/1599
vt 0.085404 0.892228
f 1855/3829/1855 2218/1975/2218 1359/2351/1359
f 1782/3507/1782 1465/2675/1465 1872/3825/1872
vt 0.881398 0.424415
vt 0.880713 0.421841
vt 0.881553 0.423999
f 1750/3830/1750 1879/3831/1879 1746/3832/1746
vt 0.623312 0.623828
f 1872/3825/1872 2018/3833/2018 1782/3507/1782
vt 0.877312 0.422556
f 1879/3831/1879 1750/3830/1750 1840/3834/1840
vt 0.881106 0.254018
f 1910/3753/1910 1804/3755/1804 1918/3835/1918
vt 0.211609 0.986144
f 1844/3836/1844 1809/3736/1809 1926/3735/1926
vt 0.077595 0.895820
f 1991/3837/1991 1855/3829/1855 1359/2351/1359
f 1802/3088/1802 1991/3837/1991 1359/2351/1359
f 1807/3662/1807 1825/3778/1825 1853/3777/1853
vt 0.845980 0.228943
f 1825/3778/1825 1876/3838/1876 1853/3777/1853
f 1811/3608/1811 1713/3352/1713 1823/3378/1823
vt 0.705606 0.431695
f 1856/3782/1856 1876/3839/1876 1825/3703/1825
vt 0.693432 0.427826
f 1820/3704/1820 1805/3561/1805 1924/3840/1924
vt 0.700706 0.433000
f 1655/3466/1655 1820/3704/1820 1856/3841/1856
vt 0.836743 0.468412
f 1692/3497/1692 1808/3707/1808 1891/3842/1891
vt 0.859973 0.439422
f 1909/3843/1909 1850/3355/1850 1712/3552/1712
f 1851/3771/1851 1797/3481/1797 1871/3493/1871
vt 0.783128 0.242622
f 1907/3844/1907 2049/2653/2049 1774/2369/1774
vt 0.527379 0.894630
f 1772/3521/1772 1648/3125/1648 2046/3845/2046
vt 0.700582 0.430506
f 1890/3846/1890 1856/3841/1856 1820/3704/1820
vt 0.851100 0.234868
f 1843/3691/1843 1882/3847/1882 1762/3690/1762
f 1840/3834/1840 1750/3625/1750 1806/3701/1806
vt 0.404971 0.780829
f 1986/2468/1986 1192/2230/1192 2005/3848/2005
vt 0.709968 0.788353
f 1944/3849/1944 1921/2949/1921 1688/3195/1688
vt 0.860702 0.246823
f 1878/3745/1878 1683/3369/1683 1848/3850/1848
f 1852/3572/1852 1968/3806/1968 1668/2939/1668
vt 0.841592 0.458330
f 2035/3851/2035 1871/3493/1871 1709/3498/1709
vt 0.403002 0.468817
f 1580/2810/1580 1915/3852/1915 1764/3553/1764
vt 0.871793 0.250551
f 1906/3853/1906 1821/3682/1821 1849/3819/1849
f 2035/3851/2035 1709/3498/1709 2026/3705/2026
vt 0.877769 0.249428
f 1906/3853/1906 1922/3854/1922 1804/3755/1804
vt 0.623691 0.072931
vt 0.624064 0.070357
vt 0.628515 0.071410
f 1839/3855/1839 1920/3856/1920 1721/3857/1721
f 2026/3705/2026 1692/3497/1692 1891/3842/1891
vt 0.344598 0.860198
f 1898/3858/1898 1793/3725/1793 1771/3724/1771
vt 0.883940 0.975377
vt 0.881891 0.974454
f 1844/3859/1844 1894/3860/1894 1810/3827/1810
f 1691/3350/1691 1680/3632/1680 1881/3818/1881
vt 0.603177 0.948464
f 1915/3861/1915 2022/3774/2022 1681/3203/1681
vt 0.254517 0.378633
f 1680/3485/1680 1847/3785/1847 1880/3862/1880
vt 0.600833 0.950441
f 1681/3203/1681 1764/3863/1764 1915/3861/1915
vt 0.871467 0.429283
vt 0.869075 0.432056
f 1994/3864/1994 1798/3629/1798 1908/3865/1908
vt 0.261559 0.378995
vt 0.262912 0.375109
f 2004/3866/2004 1841/3517/1841 1935/3867/1935
vt 0.881563 0.971970
f 1810/3827/1810 1894/3860/1894 1902/3868/1902
vt 0.220660 0.968262
f 1877/3693/1877 1697/3484/1697 1959/3869/1959
f 1838/3826/1838 1810/3827/1810 1902/3868/1902
f 1959/3869/1959 1697/3484/1697 1811/3608/1811
f 1387/2600/1387 2036/3752/2036 1745/3456/1745
vt 0.750560 0.540748
f 1740/3495/1740 1263/2615/1263 2106/3870/2106
vt 0.657860 0.152778
vt 0.664104 0.156109
vt 0.656536 0.157053
f 1935/3871/1935 1827/3872/1827 1868/3873/1868
vt 0.664075 0.153019
f 1841/3874/1841 1827/3872/1827 1935/3871/1935
vt 0.785358 0.584983
vt 0.783078 0.578908
f 1873/3875/1873 1904/3876/1904 1684/3674/1684
vt 0.806045 0.618418
f 1929/3877/1929 1755/3712/1755 1801/3711/1801
vt 0.291159 0.362316
vt 0.283613 0.364167
f 1975/3878/1975 1945/3879/1945 1739/3162/1739
vt 0.838602 0.951131
f 1939/3599/1939 1833/3721/1833 2166/3880/2166
vt 0.300730 0.899789
vt 0.303156 0.894892
vt 0.307023 0.891027
f 1934/3881/1934 1792/3882/1792 1785/3883/1785
vt 0.934944 0.531255
vt 0.936876 0.533004
vt 0.931745 0.536308
f 1835/3884/1835 1832/3885/1832 1936/3886/1936
f 1739/3162/1739 1945/3879/1945 1928/3509/1928
vt 0.086334 0.357201
f 1788/3413/1788 1755/3683/1755 1929/3887/1929
vt 0.799893 0.613411
vt 0.804003 0.611198
vt 0.803454 0.616613
f 2013/3888/2013 1788/3889/1788 1929/3890/1929
f 1888/3475/1888 1991/3837/1991 1802/3088/1802
vt 0.931327 0.532814
f 1815/3891/1815 1835/3884/1835 1936/3886/1936
f 1836/3731/1836 1768/3677/1768 1939/3599/1939
f 1781/3730/1781 1768/3677/1768 1836/3731/1836
vt 0.079076 0.352360
vt 0.081635 0.354787
f 1866/3892/1866 1788/3413/1788 2013/3893/2013
f 1895/3733/1895 1988/3633/1988 1671/2396/1671
f 1790/3014/1790 1866/3798/1866 1976/3804/1976
f 1787/2900/1787 1864/3714/1864 2142/3513/2142
f 1732/3306/1732 1899/3641/1899 1786/3609/1786
vt 0.274835 0.369206
f 1636/3304/1636 1751/3512/1751 2014/3894/2014
vt 0.752760 0.121622
vt 0.755430 0.123491
f 2015/3895/2015 1639/3896/1639 1831/3812/1831
vt 0.268804 0.373394
f 1868/3646/1868 1639/3307/1639 2015/3897/2015
f 1771/3724/1771 1786/3609/1786 1898/3858/1898
f 2044/3650/2044 1632/2861/1632 2043/3802/2043
f 1829/3702/1829 1915/3852/1915 1580/2810/1580
f 1736/3620/1736 2036/3752/2036 1714/3223/1714
f 2077/3504/2077 1731/3503/1731 1969/3813/1969
f 1861/3816/1861 1642/2862/1642 2044/3650/2044
vt 0.323724 0.868640
f 1896/3808/1896 1673/3810/1673 1863/3898/1863
vt 0.009150 0.680219
f 1858/3817/1858 1885/3899/1885 1783/3122/1783
f 1783/3122/1783 1730/3414/1730 1858/3817/1858
vt 0.106178 0.371008
f 1870/3105/1870 1735/3519/1735 1901/3900/1901
f 1843/3691/1843 1853/3777/1853 1882/3847/1882
vt 0.857957 0.243362
f 1848/3747/1848 1819/3666/1819 1911/3901/1911
vt 0.495990 0.023696
vt 0.498434 0.021518
vt 0.499175 0.023878
f 1848/3902/1848 1892/3903/1892 1878/3904/1878
vt 0.620969 0.391184
f 1914/3737/1914 2020/3905/2020 1729/3560/1729
vt 0.703426 0.429171
f 1903/3906/1903 1876/3839/1876 1856/3782/1856
f 2031/3790/2031 1676/3063/1676 1399/2722/1399
vt 0.702323 0.429790
f 1903/3906/1903 1856/3782/1856 1890/3907/1890
vt 0.715629 0.161689
f 1721/3772/1721 1920/3908/1920 1857/3773/1857
vt 0.608596 0.391275
f 1744/3667/1744 1795/3668/1795 1883/3909/1883
f 1679/3054/1679 2031/3790/2031 1399/2722/1399
vt 0.603503 0.390768
f 1795/3668/1795 1746/3742/1746 1879/3910/1879
f 1605/3217/1605 1893/3775/1893 1938/3602/1938
f 1882/3847/1882 1853/3777/1853 1876/3838/1876
f 1882/3847/1882 1819/3666/1819 1762/3690/1762
vt 0.611041 0.608450
f 2039/3911/2039 1872/3825/1872 1854/3424/1854
vt 0.634319 0.642898
f 2002/3912/2002 1860/3258/1860 1816/3447/1816
f 1670/3296/1670 1988/3633/1988 1800/3684/1800
vt 0.684529 0.424223
f 1805/3561/1805 1718/3820/1718 1905/3913/1905
vt 0.575242 0.309089
vt 0.570539 0.308827
f 1826/3709/1826 1958/3914/1958 1808/3915/1808
vt 0.836281 0.471778
f 1958/3916/1958 1891/3842/1891 1808/3707/1808
f 1799/3746/1799 1908/3865/1908 1798/3629/1798
f 1847/3785/1847 1841/3517/1841 2004/3866/2004
vt 0.576187 0.306257
f 1826/3709/1826 1815/3708/1815 1916/3917/1916
vt 0.859618 0.433541
f 1753/3453/1753 1850/3355/1850 2082/3918/2082
vt 0.712388 0.255422
vt 0.711986 0.250716
vt 0.713687 0.247553
f 1822/3919/1822 1824/3920/1824 1964/3921/1964
vt 0.010257 0.133020
vt 0.010025 0.130239
vt 0.013584 0.132395
f 1794/3922/1794 1875/3923/1875 1940/3924/1940
vt 0.855065 0.442224
f 1909/3843/1909 1712/3552/1712 1998/3925/1998
vt 0.028655 0.859827
f 1900/3659/1900 1964/3926/1964 1824/3648/1824
vt 0.651354 0.663273
f 1769/3409/1769 2180/3927/2180 1770/3522/1770
f 1804/3755/1804 1922/3854/1922 1918/3835/1918
vt 0.224280 0.938691
f 1823/3378/1823 1845/3673/1845 1970/3928/1970
vt 0.061441 0.323944
f 1988/3633/1988 1972/3929/1972 1800/3684/1800
vt 0.851149 0.228705
f 1876/3838/1876 1903/3930/1903 1882/3847/1882
vt 0.021932 0.858528
vt 0.021372 0.860523
f 2091/3931/2091 1900/3659/1900 1772/3932/1772
vt 0.698422 0.427341
f 1890/3846/1890 1820/3704/1820 1912/3933/1912
vt 0.013317 0.133973
vt 0.011704 0.134717
f 1794/3922/1794 1889/3934/1889 1839/3935/1839
vt 0.226105 0.926761
f 1965/3936/1965 1846/3663/1846 1938/3602/1938
vt 0.725967 0.804340
f 1680/3632/1680 1880/3937/1880 1881/3818/1881
f 1912/3933/1912 1820/3704/1820 1924/3840/1924
vt 0.216510 0.989747
vt 0.212494 0.988573
f 1977/3938/1977 1894/3939/1894 1844/3836/1844
f 1826/3709/1826 1916/3917/1916 1958/3914/1958
vt 0.496653 0.021415
f 1848/3902/1848 1911/3940/1911 1892/3903/1892
vt 0.377097 0.531647
vt 0.377373 0.529669
vt 0.378461 0.532757
f 1916/3941/1916 1815/3942/1815 1955/3943/1955
vt 0.789813 0.250147
vt 0.789687 0.253408
f 1966/3944/1966 1766/3945/1766 2049/2653/2049
vt 0.867519 0.246076
f 1878/3745/1878 1927/3946/1927 1849/3819/1849
vt 0.172730 0.028772
vt 0.170774 0.030544
vt 0.169951 0.028733
f 1927/3947/1927 1878/3948/1878 1923/3949/1923
vt 0.863281 0.242830
vt 0.864349 0.245897
f 1878/3745/1878 1892/3950/1892 1923/3951/1923
vt 0.872367 0.425169
vt 0.873268 0.428517
vt 0.872998 0.428112
f 1949/3952/1949 1806/3953/1806 1994/3954/1994
vt 0.620523 0.392255
f 1887/3734/1887 1729/3560/1729 2020/3955/2020
vt 0.470162 0.657743
f 1919/3784/1919 2028/3956/2028 1675/3150/1675
vt 0.224208 0.947732
vt 0.222850 0.961868
f 1874/3957/1874 1941/3958/1941 1823/3378/1823
f 1977/3938/1977 1844/3836/1844 1926/3735/1926
f 1811/3608/1811 1823/3378/1823 1941/3958/1941
vt 0.857248 0.240436
f 1882/3847/1882 1917/3959/1917 1819/3666/1819
vt 0.811930 0.624196
vt 0.806541 0.629480
f 1801/3711/1801 1842/3960/1842 2109/3961/2109
f 1867/3805/1867 1741/3640/1741 1836/3796/1836
vt 0.219699 0.134174
f 1828/3715/1828 1963/3793/1963 2112/3962/2112
vt 0.224560 0.131949
f 2112/3962/2112 1975/3963/1975 1828/3715/1828
vt 0.307682 0.899751
f 1934/3881/1934 1785/3883/1785 1932/3964/1932
vt 0.832734 0.931099
vt 0.822590 0.924669
f 1791/3815/1791 1867/3965/1867 1980/3966/1980
f 1852/3572/1852 2022/3774/2022 1968/3806/1968
vt 0.313051 0.889309
f 1981/3967/1981 1932/3964/1932 1785/3883/1785
vt 0.599891 0.929854
f 1812/3279/1812 2021/3968/2021 1884/3692/1884
vt 0.166024 0.386941
vt 0.164627 0.391728
f 1789/3651/1789 1859/3969/1859 1979/3970/1979
f 1896/3808/1896 1981/3967/1981 1862/3809/1862
vt 0.048685 0.282855
f 1887/3971/1887 1864/3714/1864 1690/3713/1690
f 1837/3791/1837 1870/3105/1870 1901/3900/1901
vt 0.096543 0.365181
f 2109/3972/2109 1842/3499/1842 1837/3791/1837
f 2018/3833/2018 1816/3447/1816 1782/3507/1782
f 1898/3858/1898 1863/3898/1863 1793/3725/1793
vt 0.849821 0.225266
vt 0.853737 0.225683
f 1890/3973/1890 1912/3974/1912 1903/3930/1903
vt 0.884154 0.253807
vt 0.885027 0.251559
vt 0.886586 0.255138
f 1910/3975/1910 1950/3976/1950 1875/3977/1875
f 1845/3673/1845 1846/3663/1846 1970/3928/1970
f 1874/3957/1874 1823/3378/1823 1970/3928/1970
vt 0.890947 0.255074
f 1940/3978/1940 1875/3977/1875 1950/3976/1950
vt 0.605966 0.389796
vt 0.607151 0.389602
f 1879/3979/1879 1883/3980/1883 1795/3668/1795
f 1889/3934/1889 1794/3922/1794 1940/3924/1940
vt 0.621340 0.072384
f 1889/3981/1889 1920/3856/1920 1839/3855/1839
vt 0.714914 0.164625
f 1920/3908/1920 2057/3982/2057 1857/3773/1857
f 1819/3666/1819 1917/3959/1917 1911/3901/1911
vt 0.848999 0.445038
f 2065/3983/2065 1851/3771/1851 1871/3493/1871
vt 0.209923 0.141523
f 1913/3559/1913 1857/3776/1857 1962/3984/1962
vt 0.858700 0.235545
f 1917/3959/1917 1882/3847/1882 1925/3985/1925
vt 0.678182 0.423416
vt 0.678784 0.420709
f 1946/3986/1946 1953/3987/1953 1718/3820/1718
f 1805/3561/1805 1905/3913/1905 1924/3840/1924
vt 0.671068 0.418962
f 1972/3988/1972 1946/3823/1946 1800/3822/1800
vt 0.473249 0.659068
f 2028/3956/2028 1930/3989/1930 1675/3150/1675
vt 0.723247 0.807298
f 1948/3990/1948 1881/3818/1881 1880/3937/1880
f 1753/3453/1753 2082/3918/2082 1799/3746/1799
vt 0.613460 0.961900
vt 0.613121 0.966039
f 1888/3807/1888 2160/3991/2160 1991/3992/1991
f 1968/3806/1968 2160/3991/2160 1888/3807/1888
vt 0.497262 0.020777
f 1917/3993/1917 1892/3903/1892 1911/3940/1911
f 1918/3835/1918 1922/3854/1922 1950/3976/1950
vt 0.855492 0.230650
f 1903/3930/1903 1912/3974/1912 1957/3994/1957
f 1910/3975/1910 1918/3835/1918 1950/3976/1950
vt 0.221367 0.978853
f 1926/3735/1926 1877/3693/1877 1992/3995/1992
vt 0.880508 0.419132
vt 0.878891 0.419528
f 1883/3996/1883 1879/3831/1879 2033/3997/2033
vt 0.695750 0.423991
f 1912/3933/1912 1924/3840/1924 1997/3998/1997
f 1718/3820/1718 1953/3987/1953 1905/3913/1905
vt 0.773783 0.588581
f 1873/3675/1873 1985/3638/1985 1933/3999/1933
vt 0.625692 0.628783
f 2018/3833/2018 2127/4000/2127 1816/3447/1816
f 2082/3918/2082 1850/3355/1850 1909/3843/1909
f 1953/3987/1953 1946/3823/1946 1972/3988/1972
vt 0.663797 0.195237
vt 0.667124 0.194962
f 1942/4001/1942 1913/3680/1913 1962/4002/1962
vt 0.256693 0.381692
f 1948/4003/1948 1880/3862/1880 1847/3785/1847
vt 0.645060 0.651497
f 1860/3258/1860 2320/4004/2320 1769/3409/1769
vt 0.866098 0.244333
f 1892/3950/1892 1927/4005/1927 1923/3951/1923
vt 0.660155 0.196201
vt 0.661351 0.196210
f 1803/4006/1803 1913/3680/1913 1971/4007/1971
vt 0.214989 0.136975
f 1803/3792/1803 1971/4008/1971 1963/3793/1963
vt 0.595268 0.571520
f 1352/2474/1352 2045/4009/2045 2003/2176/2003
vt 0.864742 0.427835
f 2092/4010/2092 1994/3864/1994 1908/3865/1908
vt 0.515740 0.913694
f 1523/3124/1523 2344/4011/2344 1951/3290/1951
vt 0.034656 0.863653
f 2084/4012/2084 1897/3372/1897 1822/3411/1822
f 2180/3927/2180 1907/3743/1907 1770/3522/1770
vt 0.227856 0.919230
f 1965/3936/1965 1938/3602/1938 2073/4013/2073
f 1938/3602/1938 1893/3775/1893 2073/4013/2073
vt 0.748726 0.527264
f 1936/4014/1936 1832/3516/1832 1740/3495/1740
vt 0.592995 0.562401
f 1818/2801/1818 1954/4015/1954 1352/2474/1352
vt 0.926174 0.535603
f 1955/4016/1955 1815/3891/1815 1936/3886/1936
vt 0.011057 0.687307
f 1858/3817/1858 2040/4017/2040 1885/3899/1885
vt 0.795679 0.883069
f 2041/4018/2041 1859/3511/1859 1830/3801/1830
vt 0.062500 0.317795
f 2023/4019/2023 1988/3633/1988 1895/3733/1895
vt 0.296925 0.907083
vt 0.300644 0.914366
vt 0.294520 0.912940
f 1834/4020/1834 2010/4021/2010 1893/4022/1893
vt 0.024976 0.853340
f 1964/3926/1964 1900/3659/1900 2088/4023/2088
f 1901/3900/1901 1735/3519/1735 1861/3816/1861
f 2091/3931/2091 2088/4023/2088 1900/3659/1900
f 1934/3881/1934 2010/4021/2010 1834/4020/1834
vt 0.853739 0.965865
vt 0.854656 0.967725
vt 0.849869 0.971542
f 1902/4024/1902 1894/4025/1894 1984/4026/1984
f 1616/3098/1616 1865/3795/1865 1987/3670/1987
f 1902/4024/1902 1984/4026/1984 1838/3740/1838
f 1931/3719/1931 1838/3740/1838 1984/4026/1984
vt 0.747607 0.124899
f 1831/3812/1831 1636/3811/1636 2014/4027/2014
vt 0.795073 0.191213
vt 0.800366 0.193306
f 2149/4028/2149 1869/3220/1869 1904/4029/1904
vt 0.799063 0.185332
f 1490/4030/1490 1869/3220/1869 2149/4028/2149
vt 0.267486 0.612030
f 1993/4031/1993 1679/3054/1679 1745/3456/1745
vt 0.832082 0.944819
f 2007/4032/2007 1939/3599/1939 2166/3880/2166
f 2166/3880/2166 1833/3721/1833 1931/3719/1931
f 1836/3731/1836 1939/3599/1939 2007/4032/2007
vt 0.654152 0.154318
f 1935/3871/1935 1868/3873/1868 2015/4033/2015
vt 0.794507 0.186053
vt 0.788983 0.186538
f 1773/4034/1773 1490/4030/1490 2182/4035/2182
vt 0.826925 0.937040
f 1980/3966/1980 1867/3965/1867 2237/4036/2237
vt 0.277884 0.640163
f 1747/3567/1747 2156/4037/2156 1886/3562/1886
f 1791/3815/1791 1980/3966/1980 1969/3813/1969
vt 0.608340 0.949820
f 2108/4038/2108 2022/3774/2022 1915/3861/1915
vt 0.705296 0.779476
f 2122/4039/2122 1921/2949/1921 1944/3849/1944
vt 0.388197 0.473494
f 1884/3716/1884 2062/4040/2062 1687/3356/1687
f 1925/3985/1925 1882/3847/1882 1957/3994/1957
f 1846/3663/1846 1965/3936/1965 1970/3928/1970
vt 0.351986 0.050182
vt 0.350669 0.052300
vt 0.349166 0.050271
f 1744/4041/1744 1883/4042/1883 1960/4043/1960
f 1957/3994/1957 1882/3847/1882 1903/3930/1903
vt 0.858009 0.225237
f 1997/4044/1997 1957/3994/1957 1912/3974/1912
vt 0.662654 0.195889
f 1971/4007/1971 1913/3680/1913 1942/4045/1942
f 1851/3771/1851 1998/3925/1998 1712/3552/1712
f 1806/3701/1806 1949/3952/1949 1840/3834/1840
vt 0.682870 0.416837
f 2123/4046/2123 1905/3913/1905 1953/3987/1953
f 1908/3865/1908 1799/3746/1799 2092/4010/2092
vt 0.609217 0.387635
f 1960/4047/1960 1914/3737/1914 1744/3667/1744
vt 0.890836 0.252725
f 1950/3976/1950 2060/4048/2060 1940/3978/1940
vt 0.878770 0.418393
f 1883/3996/1883 2033/3997/2033 1960/4049/1960
vt 0.823391 0.931789
f 2104/4050/2104 1980/3966/1980 2237/4036/2237
vt 0.805570 0.906379
f 2032/3636/2032 2077/3504/2077 2053/4051/2053
vt 0.676023 0.415706
f 1953/3987/1953 1972/3988/1972 2063/4052/2063
f 1849/3819/1849 1922/3854/1922 1906/3853/1906
vt 0.433609 0.086277
vt 0.435755 0.084182
vt 0.436683 0.087603
f 1940/4053/1940 1961/4054/1961 1889/4055/1889
vt 0.605922 0.945537
f 2064/4056/2064 2108/4038/2108 1915/3861/1915
vt 0.619872 0.070314
f 1920/3856/1920 1889/3981/1889 1996/4057/1996
vt 0.866001 0.238538
f 1917/3959/1917 1999/4058/1999 1892/3950/1892
vt 0.667785 0.417009
vt 0.668454 0.413917
f 1972/3988/1972 1988/4059/1988 2000/4060/2000
vt 0.713018 0.164747
f 2057/3982/2057 1962/4061/1962 1857/3773/1857
vt 0.398851 0.467820
f 2064/4062/2064 1915/3852/1915 1829/3702/1829
f 1999/4058/1999 1927/4005/1927 1892/3950/1892
f 1877/3693/1877 1959/3869/1959 1992/3995/1992
vt 0.882332 0.247599
f 1922/3854/1922 1973/4063/1973 1950/3976/1950
vt 0.690817 0.421904
f 1905/3913/1905 1956/4064/1956 1924/3840/1924
f 1956/4064/1956 1997/3998/1997 1924/3840/1924
vt 0.832355 0.470413
f 1958/3916/1958 2066/4065/2066 1891/3842/1891
vt 0.578864 0.310022
f 1916/3917/1916 2066/4066/2066 1958/3914/1958
vt 0.629711 0.632599
f 2127/4000/2127 2047/4067/2047 1816/3447/1816
vt 0.791321 0.614409
f 1866/3798/1866 2013/3888/2013 2171/4068/2171
f 1976/3804/1976 1866/3798/1866 2171/4068/2171
vt 0.759238 0.557079
f 1570/3308/1570 1773/3410/1773 2144/4069/2144
vt 0.742282 0.530552
f 1740/3495/1740 1978/4070/1978 1936/4014/1936
f 1932/3964/1932 2010/4021/2010 1934/3881/1934
f 2109/3972/2109 1837/3791/1837 1901/3900/1901
vt 0.284667 0.371019
f 2042/4071/2042 1928/3509/1928 1945/3879/1945
f 1751/3512/1751 1928/3509/1928 2042/4071/2042
vt 0.054857 0.283211
f 2099/4072/2099 1864/3714/1864 1887/3971/1887
f 2014/3894/2014 1751/3512/1751 2042/4071/2042
vt 0.604217 0.922399
vt 0.601591 0.920078
f 2072/4073/2072 1812/3279/1812 1947/4074/1947
vt 0.596608 0.922411
f 1947/4074/1947 1812/3279/1812 1595/4075/1595
f 1933/3999/1933 1985/3638/1985 1677/3260/1677
vt 0.748520 0.123186
f 2015/3895/2015 1831/3812/1831 2014/4076/2014
vt 0.056474 0.863370
f 1967/3637/1967 1947/4077/1947 1595/3106/1595
vt 0.420325 0.766431
f 1952/3508/1952 1885/3652/1885 2040/4078/2040
vt 0.719839 0.253042
f 1964/3921/1964 2084/4079/2084 1822/3919/1822
vt 0.043876 0.859432
f 1967/3637/1967 1897/3372/1897 2009/4080/2009
f 1192/2230/1192 1952/3508/1952 2005/3848/2005
vt 0.881021 0.979444
vt 0.879305 0.977333
f 1894/3860/1894 1977/4081/1977 2012/4082/2012
vt 0.852950 0.972006
f 1984/4026/1984 1894/4025/1894 2012/4083/2012
vt 0.724635 0.244416
f 2210/4084/2210 2084/4079/2084 1964/3921/1964
vt 0.392103 0.802493
f 1865/3795/1865 1363/2785/1363 1982/4085/1982
f 1811/3608/1811 1941/3958/1941 1959/3869/1959
vt 0.687539 0.419616
f 1956/4064/1956 1905/3913/1905 1995/4086/1995
vt 0.876435 0.419112
vt 0.877389 0.420438
f 2033/4087/2033 1879/4088/1879 1840/3834/1840
f 1995/4086/1995 1905/3913/1905 2123/4046/2123
vt 0.018365 0.686361
vt 0.018558 0.689378
f 1858/3817/1858 1943/4089/1943 1990/4090/1990
vt 0.063932 0.319814
f 2000/4091/2000 1988/3633/1988 2023/4019/2023
vt 0.707540 0.773621
f 1943/3756/1943 1921/2949/1921 1990/4092/1990
f 2122/4039/2122 1990/4092/1990 1921/2949/1921
f 2182/4035/2182 1490/4030/1490 2149/4028/2149
vt 0.716792 0.297951
vt 0.723541 0.306523
f 1966/4093/1966 2345/4094/2345 1766/3490/1766
f 1599/3097/1599 2039/3911/2039 1854/3424/1854
vt 0.860696 0.230083
f 1957/3994/1957 2025/4095/2025 1925/3985/1925
f 2031/3790/2031 1679/3054/1679 1993/4031/1993
f 2065/3983/2065 1998/3925/1998 1851/3771/1851
vt 0.715996 0.797624
f 1944/3849/1944 1688/3195/1688 2048/4096/2048
f 1881/3818/1881 2048/4096/2048 1688/3195/1688
f 1997/4044/1997 2025/4095/2025 1957/3994/1957
vt 0.224958 0.973176
f 1992/3995/1992 1959/3869/1959 2029/4097/2029
f 1999/4058/1999 1917/3959/1917 1925/3985/1925
f 1927/3946/1927 1999/4058/1999 1849/3819/1849
f 1986/2468/1986 1982/4085/1982 1363/2785/1363
f 2092/4010/2092 1799/3746/1799 2082/3918/2082
vt 0.439263 0.085280
f 1996/4098/1996 1889/4055/1889 1961/4054/1961
f 2005/3848/2005 1982/4085/1982 1986/2468/1986
vt 0.228981 0.960465
f 2103/4099/2103 1941/3958/1941 1874/3957/1874
vt 0.664294 0.195484
vt 0.667151 0.196343
f 1942/4100/1942 1962/4002/1962 2086/4101/2086
vt 0.223928 0.988468
f 1926/3735/1926 2056/4102/2056 1977/3938/1977
vt 0.395755 0.468265
f 2030/4103/2030 2064/4062/2064 1829/3702/1829
vt 0.255138 0.589219
f 1736/3620/1736 1989/3362/1989 2116/4104/2116
vt 0.262103 0.382342
f 2004/3866/2004 2095/4105/2095 1847/3785/1847
f 1963/3793/1963 1971/4008/1971 2112/3962/2112
vt 0.383325 0.479663
f 1884/3716/1884 2021/4106/2021 2062/4040/2062
vt 0.014986 0.691206
f 1858/3817/1858 1990/4090/1990 2071/4107/2071
vt 0.783352 0.182655
vt 0.791081 0.181309
f 2144/4108/2144 1773/4109/1773 2182/4035/2182
vt 0.619954 0.069567
f 1920/3856/1920 1996/4057/1996 2001/4110/2001
f 2072/4073/2072 2021/3968/2021 1812/3279/1812
f 1829/3702/1829 1687/3356/1687 2062/4040/2062
vt 0.853921 0.437851
f 1909/3843/1909 1998/3925/1998 2083/4111/2083
vt 0.508936 0.083977
vt 0.507507 0.082307
f 1949/4112/1949 1994/3781/1994 2027/4113/2027
vt 0.865851 0.234110
f 2076/4114/2076 1999/4058/1999 1925/3985/1925
vt 0.261787 0.599917
f 2227/4115/2227 1745/3456/1745 2036/3752/2036
vt 0.076540 0.891108
vt 0.074440 0.893554
f 2061/4116/2061 1991/3837/1991 2160/4117/2160
f 2076/4114/2076 1925/3985/1925 2025/4095/2025
vt 0.875148 0.243047
f 2052/4118/2052 1922/3854/1922 1849/3819/1849
vt 0.694293 0.418307
f 2019/4119/2019 1997/3998/1997 1956/4064/1956
vt 0.696781 0.419196
f 2025/4120/2025 1997/3998/1997 2019/4119/2019
vt 0.580664 0.306487
f 2066/4066/2066 1916/3917/1916 1955/4121/1955
vt 0.776379 0.583858
f 1904/3876/1904 1873/3675/1873 2034/4122/2034
f 1929/3890/1929 1801/3711/1801 2109/3961/2109
vt 0.798443 0.623343
f 2068/4123/2068 1929/3890/1929 2109/3961/2109
f 2106/3870/2106 1263/2615/1263 1570/3308/1570
f 1789/3651/1789 1979/3970/1979 2017/3301/2017
vt 0.800791 0.894431
f 1937/3295/1937 2170/4124/2170 2008/3800/2008
vt 0.229563 0.930104
f 2148/4125/2148 1970/3928/1970 1965/3936/1965
f 2013/3888/2013 1929/3890/1929 2068/4123/2068
vt 0.290862 0.362236
vt 0.290633 0.367856
f 1975/4126/1975 2098/4127/2098 1945/3879/1945
vt 0.770418 0.571167
vt 0.778361 0.574769
vt 0.776249 0.578472
f 2149/4128/2149 1904/4129/1904 2055/4130/2055
vt 0.878398 0.978338
vt 0.877900 0.981376
f 2012/4131/2012 1977/4081/1977 2011/4132/2011
vt 0.143057 0.395670
f 2278/4133/2278 1983/3732/1983 2017/3301/2017
vt 0.795108 0.879737
f 1859/3511/1859 2041/4018/2041 1979/4134/1979
vt 0.290030 0.921507
f 2073/4135/2073 1893/4022/1893 2010/4021/2010
f 1748/3438/1748 2156/4037/2156 1747/3567/1747
f 2040/4017/2040 1858/3817/1858 2071/4107/2071
vt 0.359081 0.849939
f 1786/3609/1786 1899/3641/1899 2143/4136/2143
f 2034/4122/2034 1873/3675/1873 1933/3999/1933
vt 0.267590 0.379981
f 2050/4137/2050 1935/3867/1935 2015/3897/2015
f 2004/3866/2004 1935/3867/1935 2050/4137/2050
vt 0.602884 0.927201
f 2072/4073/2072 2101/4138/2101 2021/3968/2021
vt 0.837888 0.939983
f 1867/3965/1867 1836/4139/1836 2007/4032/2007
vt 0.275092 0.373516
vt 0.274172 0.378146
f 2015/3897/2015 2014/4140/2014 2016/4141/2016
vt 0.098045 0.370233
f 2109/3972/2109 1901/3900/1901 2054/4142/2054
vt 0.581613 0.555816
vt 0.590518 0.555219
f 2318/4143/2318 2310/4144/2310 1930/3720/1930
f 1818/2801/1818 1930/3720/1930 2310/4144/2310
f 2310/4144/2310 1954/4015/1954 1818/2801/1818
f 2003/2176/2003 2045/4009/2045 1817/2877/1817
vt 0.229041 0.952147
f 1874/3957/1874 2024/4145/2024 2103/4099/2103
f 2047/4067/2047 2002/3912/2002 1816/3447/1816
vt 0.874995 0.419578
f 2033/4087/2033 1840/3834/1840 2037/4146/2037
f 2055/4130/2055 1904/3876/1904 2034/4122/2034
vt 0.231160 0.944199
f 1970/3928/1970 2105/4147/2105 1874/3957/1874
f 1999/4058/1999 2052/4118/2052 1849/3819/1849
f 2061/4116/2061 1855/3829/1855 1991/3837/1991
f 2063/4052/2063 1972/3988/1972 2000/4060/2000
vt 0.809954 0.916531
f 2077/3504/2077 1969/3813/1969 2075/4148/2075
vt 0.017238 0.131003
vt 0.017975 0.133395
f 2060/4149/2060 1961/4150/1961 1940/3924/1940
vt 0.864489 0.421582
f 1840/3834/1840 1949/3952/1949 2125/4151/2125
vt 0.867349 0.424497
f 1994/3864/1994 2092/4010/2092 2027/4152/2027
f 2063/4052/2063 2123/4046/2123 1953/3987/1953
vt 0.117105 0.383103
f 1861/3816/1861 2044/3650/2044 2295/4153/2295
f 1948/4003/1948 1847/3785/1847 2095/4105/2095
vt 0.518689 0.899669
f 1951/3290/1951 2342/4154/2342 1648/3125/1648
vt 0.842247 0.446940
f 2065/3983/2065 1871/3493/1871 2183/4155/2183
vt 0.829299 0.469066
f 1891/3842/1891 2066/4065/2066 2051/4156/2051
f 2082/3918/2082 1909/3843/1909 2083/4111/2083
vt 0.829996 0.461988
f 2026/3705/2026 1891/3842/1891 2067/4157/2067
vt 0.874716 0.239770
f 2052/4118/2052 1999/4058/1999 2087/4158/2087
vt 0.528027 0.885158
f 2046/3845/2046 2217/4159/2217 1772/3521/1772
vt 0.212575 0.139749
vt 0.209698 0.137929
f 1971/4008/1971 1942/4160/1942 2086/4161/2086
vt 0.890896 0.249685
f 1950/3976/1950 2078/4162/2078 2060/4048/2060
vt 0.863965 0.228168
f 2076/4114/2076 2025/4095/2025 2019/4163/2019
vt 0.251614 0.578857
f 2081/3510/2081 2330/4164/2330 1989/3362/1989
vt 0.870954 0.233743
f 2080/4165/2080 1999/4058/1999 2076/4114/2076
f 1995/4086/1995 2019/4119/2019 1956/4064/1956
vt 0.019798 0.140400
vt 0.017157 0.137664
vt 0.023952 0.138797
f 2057/4166/2057 1920/4167/1920 2001/4168/2001
f 2116/4104/2116 2036/3752/2036 1736/3620/1736
vt 0.664226 0.414141
vt 0.662873 0.410843
f 2000/4060/2000 2023/4169/2023 2038/4170/2038
vt 0.466809 0.653441
f 1919/3784/1919 2318/4171/2318 2028/3956/2028
vt 0.718604 0.810454
f 1881/3818/1881 1948/3990/1948 2138/4172/2138
vt 0.611039 0.385937
f 1914/3737/1914 1960/4047/1960 2058/4173/2058
vt 0.617805 0.387553
f 2020/3905/2020 1914/3737/1914 2132/4174/2132
vt 0.622045 0.387792
f 2070/4175/2070 2020/3905/2020 2132/4174/2132
vt 0.280986 0.644294
f 2094/4176/2094 1886/3562/1886 2156/4037/2156
vt 0.858344 0.655450
vt 0.858925 0.654536
f 2028/4177/2028 2318/4178/2318 1930/3761/1930
vt 0.871262 0.423797
f 1949/4179/1949 2027/4152/2027 2125/4151/2125
f 2035/3851/2035 2183/4155/2183 1871/3493/1871
f 1937/3295/1937 2032/3636/2032 2170/4124/2170
vt 0.389782 0.468500
f 2030/4103/2030 1829/3702/1829 2200/4180/2200
vt 0.229364 0.923156
f 1965/3936/1965 2073/4013/2073 2148/4181/2148
vt 0.231440 0.938442
f 1970/3928/1970 2148/4125/2148 2107/4182/2107
f 2008/3800/2008 2041/4018/2041 1830/3801/1830
vt 0.168740 0.404105
vt 0.169066 0.396679
f 2250/4183/2250 1979/3970/1979 2041/4184/2041
vt 0.064097 0.314602
f 1895/3733/1895 2038/4185/2038 2023/4019/2023
vt 0.836848 0.078717
vt 0.839212 0.080729
vt 0.834877 0.080469
f 2108/4186/2108 2145/4187/2145 2022/4188/2022
vt 0.221503 0.990990
f 1977/3938/1977 2056/4102/2056 2011/4189/2011
vt 0.254281 0.582676
f 2350/4190/2350 2116/4104/2116 1989/3362/1989
vt 0.852276 0.975906
f 2012/4083/2012 2011/4191/2011 1984/4026/1984
f 2200/4180/2200 1829/3702/1829 2062/4040/2062
f 1867/3965/1867 2007/4032/2007 2237/4036/2237
vt 0.365731 0.838852
f 1899/3641/1899 1987/3670/1987 1974/4192/1974
vt 0.646819 0.402284
vt 0.656479 0.404597
vt 0.659583 0.410176
f 2142/4193/2142 2173/4194/2173 1895/4195/1895
vt 0.464682 0.660419
vt 0.463377 0.657198
f 1886/4196/1886 2094/4197/2094 1919/3784/1919
vt 0.383351 0.471940
f 2021/4106/2021 2146/4198/2146 2062/4040/2062
vt 0.380358 0.476675
f 2101/4199/2101 2146/4198/2146 2021/4106/2021
vt 0.320076 0.897908
f 1932/3964/1932 1981/3967/1981 2270/4200/2270
vt 0.480420 0.082938
vt 0.484369 0.085228
vt 0.482246 0.087558
f 2149/4201/2149 2055/4202/2055 2130/4203/2130
vt 0.339867 0.873256
f 1863/3898/1863 1898/3858/1898 2306/4204/2306
f 2330/4164/2330 2350/4190/2350 1989/3362/1989
f 2094/4197/2094 2318/4171/2318 1919/3784/1919
f 2050/4137/2050 2015/3897/2015 2016/4141/2016
vt 0.396213 0.467767
f 2064/4062/2064 2030/4103/2030 2115/4205/2115
vt 0.782282 0.603833
f 1976/3804/1976 2178/4206/2178 1677/3260/1677
vt 0.110984 0.377356
f 1901/3900/1901 1861/3816/1861 2135/4207/2135
vt 0.106908 0.376699
f 2177/4208/2177 1901/3900/1901 2135/4207/2135
vt 0.262181 0.592260
f 2283/4209/2283 2227/4115/2227 2036/3752/2036
f 2135/4207/2135 1861/3816/1861 2295/4153/2295
f 2083/4111/2083 1998/3925/1998 2065/3983/2065
vt 0.690992 0.415425
f 2019/4119/2019 1995/4086/1995 2085/4210/2085
vt 0.486399 0.089210
f 2055/4202/2055 2034/4211/2034 2130/4203/2130
vt 0.815151 0.923539
f 1969/3813/1969 1980/3966/1980 2193/4212/2193
vt 0.873259 0.420154
f 2037/4213/2037 1840/3834/1840 2125/4151/2125
vt 0.613287 0.952919
f 2022/3774/2022 2238/4214/2238 1968/3806/1968
vt 0.609854 0.952465
f 2145/4215/2145 2238/4214/2238 2022/3774/2022
f 2075/4148/2075 1969/3813/1969 2193/4212/2193
vt 0.834092 0.454610
f 2035/3851/2035 2026/3705/2026 2118/4216/2118
vt 0.260461 0.385485
f 1948/4003/1948 2095/4105/2095 2138/4217/2138
f 1926/3735/1926 1992/3995/1992 2056/4102/2056
vt 0.229227 0.983038
f 2056/4102/2056 1992/3995/1992 2136/4218/2136
vt 0.580493 0.313454
vt 0.583629 0.311259
f 2051/4219/2051 2066/4066/2066 2119/4220/2119
f 2087/4158/2087 1999/4058/1999 2080/4165/2080
f 1941/3958/1941 2029/4097/2029 1959/3869/1959
f 1914/3737/1914 2058/4173/2058 2132/4174/2132
vt 0.882010 0.243176
f 1973/4063/1973 1922/3854/1922 2168/4221/2168
vt 0.021316 0.133596
f 2120/4222/2120 1961/4150/1961 2060/4149/2060
vt 0.303391 0.363239
vt 0.300800 0.359787
vt 0.304693 0.360350
f 2192/4223/2192 1971/4224/1971 2086/4225/2086
f 2002/3912/2002 2320/4004/2320 1860/3258/1860
vt 0.608235 0.386110
vt 0.607841 0.383849
f 2058/4173/2058 1960/4226/1960 2074/4227/2074
vt 0.297020 0.361718
f 1971/4224/1971 2192/4223/2192 2112/4228/2112
vt 0.605714 0.386158
f 2033/4229/2033 2074/4227/2074 1960/4226/1960
vt 0.017762 0.693594
f 2071/4107/2071 1990/4090/1990 2188/4230/2188
vt 0.865927 0.418278
f 2037/4213/2037 2125/4151/2125 2124/4231/2124
vt 0.867846 0.225673
vt 0.870711 0.229172
f 2019/4163/2019 2085/4232/2085 2121/4233/2121
vt 0.878201 0.242355
f 2168/4221/2168 1922/3854/1922 2059/4234/2059
vt 0.888487 0.247023
f 1973/4063/1973 2089/4235/2089 1950/3976/1950
vt 0.686532 0.414173
f 2069/4236/2069 1995/4086/1995 2123/4046/2123
f 2089/4235/2089 2078/4162/2078 1950/3976/1950
vt 0.718876 0.235930
f 2131/4237/2131 2210/4084/2210 1964/3921/1964
f 2320/4004/2320 2180/3927/2180 1769/3409/1769
vt 0.437842 0.082710
vt 0.439120 0.084305
f 1961/4054/1961 2120/4238/2120 1996/4239/1996
vt 0.019108 0.135961
vt 0.021913 0.134068
vt 0.024581 0.135770
f 1996/4240/1996 2120/4241/2120 2137/4242/2137
f 2032/3636/2032 2053/4051/2053 2170/4124/2170
vt 0.460889 0.019623
vt 0.461938 0.020802
vt 0.460374 0.022388
f 2052/4243/2052 2059/4244/2059 1922/4245/1922
f 2342/4154/2342 2046/3845/2046 1648/3125/1648
vt 0.028824 0.847605
f 1964/3926/1964 2088/4023/2088 2131/4246/2131
vt 0.669525 0.197844
f 1962/4002/1962 2117/4247/2117 2086/4101/2086
vt 0.638597 0.636180
f 2047/4067/2047 2301/4248/2301 2002/3912/2002
f 1895/4195/1895 2173/4194/2173 2038/4170/2038
vt 0.659072 0.679421
vt 0.651138 0.681333
f 1966/4249/1966 2049/4250/2049 1907/3743/1907
f 2067/4157/2067 1891/3842/1891 2051/4156/2051
vt 0.714696 0.808422
f 1881/3818/1881 2138/4172/2138 2240/4251/2240
f 2240/4251/2240 2048/4096/2048 1881/3818/1881
f 2095/4105/2095 2004/3866/2004 2050/4137/2050
f 2105/4147/2105 1970/3928/1970 2107/4182/2107
vt 0.922662 0.079293
vt 0.923708 0.075790
vt 0.930926 0.075989
f 2042/4252/2042 2110/4253/2110 2014/4254/2014
vt 0.794768 0.621387
vt 0.797597 0.619592
f 2176/4255/2176 2013/3888/2013 2068/4256/2068
vt 0.535832 0.885099
f 1772/3521/1772 2217/4159/2217 2091/4257/2091
f 2098/4127/2098 2042/4071/2042 1945/3879/1945
vt 0.793343 0.892299
f 2008/3800/2008 2170/4124/2170 2172/4258/2172
f 2013/3888/2013 2176/4255/2176 2171/4068/2171
f 2041/4018/2041 2008/3800/2008 2172/4258/2172
vt 0.285358 0.931290
vt 0.294590 0.927789
f 2148/4259/2148 2073/4135/2073 2175/4260/2175
vt 0.123704 0.383422
f 2043/3802/2043 2097/4261/2097 2044/3650/2044
f 2097/4261/2097 2295/4153/2295 2044/3650/2044
f 2178/4206/2178 1933/3999/1933 1677/3260/1677
vt 0.053003 0.277380
vt 0.054767 0.278149
f 2020/4262/2020 2099/4263/2099 1887/3971/1887
f 2116/4104/2116 2283/4209/2283 2036/3752/2036
vt 0.010968 0.695836
f 2071/4107/2071 2267/4264/2267 2040/4017/2040
vt 0.311774 0.906232
f 2010/4021/2010 1932/3964/1932 2184/4265/2184
f 2184/4265/2184 1932/3964/1932 2270/4200/2270
vt 0.843154 0.967694
f 2128/4266/2128 1931/3719/1931 1984/4026/1984
f 1981/3967/1981 1896/3808/1896 2270/4200/2270
vt 0.608563 0.943634
vt 0.608734 0.947296
f 2115/4267/2115 2108/4268/2108 2064/4056/2064
vt 0.274731 0.626987
f 2031/3790/2031 2153/4269/2153 1748/3438/1748
f 1896/3808/1896 1863/3898/1863 2306/4204/2306
vt 0.632665 0.395745
vt 0.636922 0.390495
f 2142/4193/2142 1864/4270/1864 2209/4271/2209
f 2121/4233/2121 2076/4114/2076 2019/4163/2019
vt 0.602936 0.383148
f 2074/4227/2074 2033/4229/2033 2090/4272/2090
f 2001/4168/2001 1996/4240/1996 2137/4242/2137
vt 0.601597 0.385254
f 2033/4229/2033 2037/4273/2037 2090/4272/2090
vt 0.423369 0.771358
f 2141/4274/2141 1952/3508/1952 2040/4078/2040
f 2052/4118/2052 2087/4158/2087 2059/4234/2059
f 2085/4210/2085 1995/4086/1995 2069/4236/2069
f 2024/4145/2024 1874/3957/1874 2105/4147/2105
vt 0.703506 0.776542
vt 0.707448 0.773842
f 2122/4039/2122 2188/4275/2188 1990/4276/1990
vt 0.020065 0.129564
vt 0.021560 0.131735
f 2078/4277/2078 2079/4278/2079 2060/4149/2060
vt 0.670715 0.194923
f 1962/4002/1962 2057/4279/2057 2117/4247/2117
f 2120/4222/2120 2060/4149/2060 2079/4278/2079
vt 0.704963 0.795942
f 1944/3849/1944 2048/4096/2048 2129/4280/2129
vt 0.671967 0.411438
f 2063/4052/2063 2000/4060/2000 2114/4281/2114
vt 0.054956 0.277044
f 2020/4262/2020 2070/4282/2070 2099/4263/2099
vt 0.612652 0.383243
f 2058/4173/2058 2126/4283/2126 2132/4174/2132
vt 0.585295 0.308389
f 1955/4121/1955 2096/4284/2096 2066/4066/2066
f 2119/4220/2119 2066/4066/2066 2096/4284/2096
vt 0.824887 0.465148
f 2067/4157/2067 2051/4156/2051 2196/4285/2196
f 2118/4216/2118 2183/4155/2183 2035/3851/2035
vt 0.887007 0.243228
f 2168/4221/2168 2139/4286/2139 1973/4063/1973
vt 0.232724 0.965699
f 2103/4099/2103 2102/4287/2102 1941/3958/1941
vt 0.872933 0.226956
f 2159/4288/2159 2121/4233/2121 2085/4232/2085
vt 0.689205 0.412283
f 2159/4289/2159 2085/4210/2085 2069/4236/2069
vt 0.872762 0.230745
f 2076/4114/2076 2121/4233/2121 2158/4290/2158
vt 0.022799 0.128657
vt 0.021152 0.129458
vt 0.021056 0.126842
f 2165/4291/2165 2078/4292/2078 2089/4293/2089
f 2029/4097/2029 2136/4218/2136 1992/3995/1992
vt 0.664840 0.406946
f 2000/4060/2000 2038/4170/2038 2243/4294/2243
vt 0.857582 0.426633
f 2082/3918/2082 2133/4295/2133 2092/4010/2092
vt 0.870715 0.417920
f 2090/4296/2090 2037/4213/2037 2124/4231/2124
f 2118/4216/2118 2026/3705/2026 2067/4157/2067
vt 0.605986 0.923286
f 2163/4297/2163 2101/4138/2101 2072/4073/2072
vt 0.036788 0.861831
f 2084/4298/2084 2009/4080/2009 1897/3372/1897
vt 0.851717 0.433378
f 2082/3918/2082 2083/4111/2083 2093/4299/2093
vt 0.291336 0.364651
vt 0.296334 0.367340
f 2098/4127/2098 1975/4300/1975 2203/4301/2203
vt 0.708865 0.802654
f 2240/4251/2240 2157/4302/2157 2048/4096/2048
f 2039/3911/2039 2018/3833/2018 1872/3825/1872
vt 0.728980 0.251612
f 2210/4084/2210 2349/4303/2349 2084/4079/2084
vt 0.727229 0.319711
f 2507/4304/2507 1523/3634/1523 1766/3490/1766
vt 0.297448 0.365569
f 2203/4305/2203 2112/4228/2112 2192/4223/2192
vt 0.171735 0.405007
f 2250/4183/2250 2041/4184/2041 2172/4306/2172
f 2250/4183/2250 2017/3301/2017 1979/3970/1979
f 2073/4135/2073 2010/4021/2010 2175/4260/2175
vt 0.847342 0.979850
f 1984/4026/1984 2011/4191/2011 2206/4307/2206
vt 0.833765 0.957002
f 2166/3880/2166 1931/3719/1931 2154/4308/2154
f 1899/3641/1899 1974/4192/1974 2143/4136/2143
f 2112/4228/2112 2203/4305/2203 1975/3878/1975
f 1954/4015/1954 2045/4009/2045 1352/2474/1352
vt 0.052942 0.857256
f 1967/3637/1967 2174/4309/2174 1947/4077/1947
vt 0.772153 0.580381
f 2130/4310/2130 2034/4122/2034 1933/3999/1933
vt 0.023470 0.852066
vt 0.024647 0.843543
f 2091/4311/2091 2262/4312/2262 2088/4023/2088
vt 0.533135 0.876250
f 2217/4159/2217 2262/4313/2262 2091/4257/2091
vt 0.408993 0.797420
f 2005/3848/2005 2264/4314/2264 1982/4085/1982
vt 0.924629 0.541721
f 1955/4016/1955 1936/3886/1936 2147/4315/2147
vt 0.923312 0.540159
f 2096/4316/2096 1955/4016/1955 2147/4315/2147
vt 0.766020 0.567554
vt 0.761792 0.564653
f 2182/4317/2182 2111/4318/2111 2144/4069/2144
vt 0.078851 0.889163
f 1855/3829/1855 2061/4116/2061 2208/4319/2208
f 2126/4283/2126 2058/4173/2058 2074/4227/2074
f 2029/4097/2029 1941/3958/1941 2102/4287/2102
f 2158/4290/2158 2080/4165/2080 2076/4114/2076
f 2007/4032/2007 2166/3880/2166 2154/4308/2154
vt 0.287125 0.638384
f 2517/4320/2517 2094/4176/2094 2156/4037/2156
vt 0.023717 0.131338
f 2164/4321/2164 2079/4278/2079 2078/4277/2078
vt 0.687409 0.411134
f 2161/4322/2161 2159/4289/2159 2069/4236/2069
vt 0.024646 0.133254
f 2137/4242/2137 2120/4241/2120 2079/4323/2079
vt 0.679608 0.409915
f 2063/4052/2063 2198/4324/2198 2123/4046/2123
vt 0.268236 0.603732
f 2422/4325/2422 1745/3456/1745 2227/4115/2227
vt 0.233599 0.955354
f 2155/4326/2155 2103/4099/2103 2024/4145/2024
vt 0.816918 0.931145
f 1980/3966/1980 2104/4050/2104 2113/4327/2113
vt 0.231484 0.988659
f 2056/4102/2056 2136/4218/2136 2294/4328/2294
vt 0.882120 0.238411
f 2059/4234/2059 2202/4329/2202 2168/4221/2168
f 2114/4281/2114 2000/4060/2000 2243/4294/2243
vt 0.266708 0.385069
f 2095/4105/2095 2050/4137/2050 2169/4330/2169
vt 0.023596 0.140957
vt 0.025565 0.140136
f 2057/4331/2057 2001/4168/2001 2213/4332/2213
vt 0.647296 0.053733
vt 0.643517 0.052874
vt 0.645687 0.050527
f 2117/4333/2117 2057/4334/2057 2213/4335/2213
vt 0.424007 0.165154
vt 0.420795 0.168080
vt 0.422914 0.162424
f 2108/4336/2108 2115/4337/2115 2145/4338/2145
vt 0.876578 0.234968
f 2087/4158/2087 2080/4165/2080 2162/4339/2162
f 2139/4286/2139 2089/4235/2089 1973/4063/1973
vt 0.847522 0.437887
f 2065/3983/2065 2134/4340/2134 2083/4111/2083
vt 0.842857 0.441984
f 2065/3983/2065 2183/4155/2183 2195/4341/2195
f 2158/4290/2158 2121/4233/2121 2159/4288/2159
vt 0.684866 0.409283
f 2161/4322/2161 2069/4236/2069 2197/4342/2197
f 2157/4302/2157 2129/4280/2129 2048/4096/2048
vt 0.042169 0.857274
f 2084/4298/2084 2349/4343/2349 2009/4080/2009
vt 0.270899 0.072865
vt 0.273093 0.072485
vt 0.271334 0.073277
f 2165/4344/2165 2164/4345/2164 2078/4346/2078
f 2202/4329/2202 2059/4234/2059 2087/4158/2087
f 2123/4046/2123 2197/4342/2197 2069/4236/2069
f 2198/4324/2198 2197/4342/2197 2123/4046/2123
f 2202/4329/2202 2087/4158/2087 2162/4339/2162
f 2422/4325/2422 1993/4031/1993 1745/3456/1745
f 2095/4105/2095 2169/4330/2169 2138/4217/2138
vt 0.817055 0.936532
f 2104/4050/2104 2237/4036/2237 2189/4347/2189
f 1968/3806/1968 2238/4214/2238 2160/3991/2160
f 2027/4152/2027 2092/4010/2092 2125/4151/2125
vt 0.233512 0.975503
f 2029/4097/2029 2225/4348/2225 2136/4218/2136
vt 0.247994 0.571447
f 2006/4349/2006 2330/4164/2330 2081/3510/2081
f 2038/4170/2038 2173/4194/2173 2243/4294/2243
vt 0.603869 0.926473
vt 0.605644 0.925478
f 2101/4350/2101 2163/4297/2163 2263/4351/2263
vt 0.617288 0.961802
vt 0.618344 0.956758
f 2061/4352/2061 2160/3991/2160 2282/4353/2282
vt 0.587623 0.312964
vt 0.584414 0.315025
f 2186/4354/2186 2215/4355/2215 2051/4219/2051
f 2051/4219/2051 2119/4220/2119 2186/4354/2186
vt 0.822420 0.468574
f 2051/4156/2051 2215/4356/2215 2196/4285/2196
vt 0.739824 0.549138
f 2106/3870/2106 1570/3308/1570 2379/4357/2379
vt 0.289941 0.937592
f 2175/4260/2175 2207/4358/2207 2148/4259/2148
vt 0.742164 0.524723
vt 0.732992 0.524493
f 1936/4359/1936 1978/4070/1978 2147/4360/2147
f 2097/4261/2097 2043/3802/2043 1983/3732/1983
vt 0.282011 0.939530
f 2107/4361/2107 2148/4259/2148 2207/4358/2207
vt 0.392771 0.465326
f 2200/4180/2200 2151/4362/2151 2030/4103/2030
vt 0.415877 0.783838
f 1952/3508/1952 2152/4363/2152 2005/3848/2005
vt 0.109416 0.384671
f 2135/4207/2135 2295/4153/2295 2181/4364/2181
vt 0.378169 0.474574
f 2146/4198/2146 2101/4199/2101 2263/4365/2263
vt 0.158085 0.406299
f 2250/4183/2250 2374/4366/2374 2017/3301/2017
vt 0.422101 0.766846
f 2040/4078/2040 2267/4367/2267 2141/4274/2141
vt 0.382129 0.832214
f 2100/4368/2100 1974/4192/1974 1987/3670/1987
vt 0.017449 0.699305
f 2314/4369/2314 2071/4107/2071 2188/4230/2188
vt 0.805560 0.633842
vt 0.797989 0.631465
f 2109/3961/2109 2054/4370/2054 2235/4371/2235
vt 0.272919 0.382239
f 2050/4137/2050 2016/4141/2016 2315/4372/2315
vt 0.147881 0.402002
f 2017/3301/2017 2464/4373/2464 2278/4133/2278
vt 0.396150 0.464857
f 2030/4103/2030 2151/4362/2151 2115/4374/2115
f 2068/4123/2068 2109/3961/2109 2235/4371/2235
vt 0.762397 0.577232
f 2149/4128/2149 2130/4310/2130 2337/4375/2337
f 2264/4314/2264 2005/3848/2005 2152/4363/2152
f 2100/4368/2100 1987/3670/1987 1865/3795/1865
f 1898/3858/1898 1786/3609/1786 2143/4136/2143
vt 0.875250 0.986291
vt 0.875979 0.982704
f 2269/4376/2269 2206/4377/2206 2011/4132/2011
vt 0.797393 0.910550
f 2170/4124/2170 2053/4051/2053 2410/4378/2410
vt 0.227939 0.991374
f 2269/4379/2269 2056/4102/2056 2294/4328/2294
f 2056/4102/2056 2269/4379/2269 2011/4189/2011
vt 0.608294 0.916921
vt 0.605479 0.914691
f 2211/4380/2211 1947/4074/1947 2174/4381/2174
f 1931/3719/1931 2128/4266/2128 2154/4308/2154
vt 0.649099 0.395612
f 2231/4382/2231 2142/4193/2142 2209/4271/2209
vt 0.626921 0.389474
f 2209/4271/2209 1864/4270/1864 2099/4383/2099
f 1967/3637/1967 2009/4080/2009 2174/4309/2174
f 2162/4339/2162 2080/4165/2080 2158/4290/2158
f 2134/4340/2134 2065/3983/2065 2195/4341/2195
f 2063/4052/2063 2114/4281/2114 2198/4324/2198
vt 0.627466 0.613252
f 2497/4384/2497 2018/3833/2018 2039/3911/2039
vt 0.269927 0.384794
f 2050/4137/2050 2220/4385/2220 2169/4330/2169
vt 0.674673 0.082497
vt 0.674226 0.085444
vt 0.671539 0.083081
f 2191/4386/2191 2047/4387/2047 2127/4388/2127
f 2155/4326/2155 2024/4145/2024 2105/4147/2105
f 2092/4010/2092 2133/4295/2133 2125/4151/2125
f 2131/4246/2131 2088/4023/2088 2262/4312/2262
vt 0.618202 0.382328
f 2070/4175/2070 2132/4174/2132 2190/4389/2190
f 2132/4174/2132 2126/4283/2126 2190/4389/2190
f 2186/4354/2186 2119/4220/2119 2096/4284/2096
vt 0.267796 0.070441
vt 0.268762 0.070005
vt 0.270811 0.070875
f 2089/4390/2089 2216/4391/2216 2165/4392/2165
vt 0.307205 0.364450
f 2086/4225/2086 2288/4393/2288 2192/4223/2192
vt 0.650331 0.052253
f 2117/4333/2117 2213/4335/2213 2273/4394/2273
vt 0.209431 0.137685
vt 0.206784 0.138843
vt 0.205955 0.136284
f 2086/4395/2086 2117/4396/2117 2273/4397/2273
vt 0.310430 0.362598
f 2273/4398/2273 2288/4393/2288 2086/4225/2086
vt 0.888803 0.244530
f 2089/4235/2089 2139/4286/2139 2216/4399/2216
vt 0.872622 0.414463
vt 0.871429 0.415668
vt 0.868718 0.414213
f 2074/4400/2074 2090/4401/2090 2179/4402/2179
vt 0.260448 0.583661
f 2350/4190/2350 2201/4403/2201 2116/4104/2116
vt 0.823490 0.944518
f 2007/4032/2007 2219/4404/2219 2237/4036/2237
vt 0.864830 0.414598
f 2194/4405/2194 2090/4296/2090 2124/4231/2124
f 1980/3966/1980 2113/4327/2113 2193/4212/2193
vt 0.276743 0.613400
f 2153/4269/2153 2031/3790/2031 2439/4406/2439
vt 0.670097 0.404947
f 2243/4294/2243 2257/4407/2257 2114/4281/2114
vt 0.848591 0.430362
f 2133/4295/2133 2082/3918/2082 2246/4408/2246
vt 0.330929 0.029896
vt 0.334423 0.029592
vt 0.332553 0.031809
f 2176/4409/2176 2068/4410/2068 2235/4411/2235
vt 0.303187 0.369070
vt 0.299281 0.366567
f 2167/4412/2167 2203/4413/2203 2192/4223/2192
vt 0.277796 0.948209
vt 0.285300 0.947280
f 2105/4414/2105 2107/4361/2107 2205/4415/2205
f 1976/3804/1976 2171/4068/2171 2178/4206/2178
vt 0.294568 0.376545
f 2042/4071/2042 2098/4127/2098 2308/4416/2308
vt 0.300760 0.922257
f 2175/4260/2175 2010/4021/2010 2236/4417/2236
f 1952/3508/1952 2141/4274/2141 2152/4363/2152
vt 0.729144 0.532849
f 2147/4360/2147 1978/4070/1978 2446/4418/2446
f 2231/4382/2231 2173/4194/2173 2142/4193/2142
vt 0.625643 0.382060
f 2375/4419/2375 2099/4383/2099 2070/4175/2070
vt 0.309548 0.908925
vt 0.307759 0.914770
f 2010/4021/2010 2184/4420/2184 2244/4421/2244
f 2017/3301/2017 2374/4366/2374 2464/4373/2464
vt 0.099613 0.377638
f 1901/3900/1901 2187/4422/2187 2054/4142/2054
vt 0.283512 0.373789
vt 0.279965 0.381547
f 2014/4140/2014 2110/4423/2110 2234/4424/2234
f 1947/4074/1947 2211/4380/2211 2072/4073/2072
f 2014/4140/2014 2234/4424/2234 2016/4141/2016
vt 0.419320 0.164916
f 2229/4425/2229 2145/4338/2145 2115/4337/2115
f 2220/4385/2220 2050/4137/2050 2315/4372/2315
f 2337/4375/2337 2182/4317/2182 2149/4128/2149
vt 0.839023 0.976798
f 2128/4266/2128 1984/4026/1984 2445/4426/2445
vt 0.752985 0.558583
vt 0.758348 0.563558
f 2232/4427/2232 2144/4069/2144 2111/4428/2111
f 1570/3308/1570 2144/4069/2144 2232/4427/2232
vt 0.399848 0.812287
f 1982/4085/1982 2264/4314/2264 2319/4429/2319
vt 0.312810 0.026452
vt 0.314392 0.030967
vt 0.312490 0.030510
f 2185/4430/2185 2159/4431/2159 2161/4432/2161
vt 0.417394 0.171400
vt 0.415135 0.166671
f 2151/4433/2151 2364/4434/2364 2115/4337/2115
f 2102/4287/2102 2225/4348/2225 2029/4097/2029
vt 0.675956 0.404935
f 2114/4281/2114 2242/4435/2242 2198/4324/2198
vt 0.833661 0.445922
f 2118/4216/2118 2286/4436/2286 2183/4155/2183
vt 0.659053 0.402649
f 2173/4194/2173 2254/4437/2254 2243/4294/2243
f 2238/4214/2238 2282/4353/2282 2160/3991/2160
vt 0.027053 0.048010
vt 0.029456 0.049827
vt 0.025587 0.050823
f 2177/4438/2177 2135/4439/2135 2181/4440/2181
vt 0.604553 0.380191
vt 0.602600 0.382499
vt 0.602094 0.378645
f 2179/4441/2179 2090/4442/2090 2194/4443/2194
vt 0.278412 0.075368
vt 0.273907 0.074362
vt 0.277124 0.072659
f 2137/4444/2137 2079/4445/2079 2280/4446/2280
vt 0.855943 0.421760
f 2125/4151/2125 2133/4295/2133 2296/4447/2296
vt 0.273705 0.072547
f 2280/4446/2280 2079/4445/2079 2164/4448/2164
vt 0.625498 0.598840
f 2605/4449/2605 2497/4384/2497 2039/3911/2039
f 2113/4327/2113 2104/4050/2104 2189/4347/2189
f 2082/3918/2082 2093/4299/2093 2246/4408/2246
vt 0.844440 0.433945
f 2093/4299/2093 2083/4111/2083 2204/4450/2204
f 2083/4111/2083 2134/4340/2134 2204/4450/2204
vt 0.028650 0.136566
f 2001/4168/2001 2137/4242/2137 2199/4451/2199
vt 0.875598 0.231406
vt 0.876672 0.231868
f 2158/4452/2158 2185/4453/2185 2162/4339/2162
vt 0.314922 0.027096
f 2158/4454/2158 2159/4431/2159 2185/4430/2185
vt 0.719973 0.326506
f 2507/4304/2507 2344/4455/2344 1523/3634/1523
vt 0.876676 0.228346
vt 0.882311 0.230768
f 2185/4453/2185 2161/4456/2161 2260/4457/2260
vt 0.871852 0.413252
vt 0.868262 0.411041
f 2074/4458/2074 2179/4402/2179 2228/4459/2228
vt 0.687590 0.408880
vt 0.684986 0.404328
f 2161/4460/2161 2197/4342/2197 2221/4461/2221
vt 0.713937 0.814486
f 2240/4251/2240 2138/4172/2138 2277/4462/2277
f 2345/4094/2345 2507/4304/2507 1766/3490/1766
vt 0.262568 0.387096
vt 0.264775 0.389255
f 2138/4463/2138 2169/4330/2169 2277/4464/2277
vt 0.850906 0.425300
f 2249/4465/2249 2133/4295/2133 2246/4408/2246
vt 0.757440 0.573059
f 2182/4317/2182 2337/4375/2337 2341/4466/2341
vt 0.808342 0.924440
f 2075/4148/2075 2193/4212/2193 2331/4467/2331
vt 0.886437 0.234781
f 2258/4468/2258 2202/4329/2202 2162/4339/2162
vt 0.237774 0.960134
f 2103/4099/2103 2230/4469/2230 2102/4287/2102
vt 0.800347 0.920296
f 2075/4148/2075 2381/4470/2381 2077/3504/2077
f 2077/3504/2077 2381/4470/2381 2053/4051/2053
vt 0.027257 0.130535
vt 0.025177 0.129020
vt 0.027302 0.129234
f 2212/4471/2212 2165/4472/2165 2245/4473/2245
vt 0.028469 0.131808
vt 0.026175 0.131505
f 2165/4472/2165 2212/4474/2212 2164/4475/2164
vt 0.275853 0.071562
f 2164/4448/2164 2212/4476/2212 2280/4446/2280
f 2114/4281/2114 2257/4407/2257 2242/4435/2242
vt 0.889051 0.239228
f 2139/4286/2139 2168/4221/2168 2226/4477/2226
f 2226/4477/2226 2168/4221/2168 2202/4329/2202
vt 0.025108 0.126565
f 2245/4473/2245 2165/4472/2165 2216/4478/2216
vt 0.589819 0.310171
f 2186/4354/2186 2096/4284/2096 2317/4479/2317
vt 0.607762 0.380721
f 2074/4227/2074 2228/4480/2228 2126/4283/2126
vt 0.028340 0.140260
f 2213/4481/2213 2001/4168/2001 2199/4451/2199
f 2260/4457/2260 2162/4339/2162 2185/4453/2185
vt 0.796830 0.902844
f 2410/4378/2410 2140/4482/2140 2170/4124/2170
vt 0.784884 0.621763
f 2307/4483/2307 2171/4068/2171 2176/4255/2176
f 2177/4208/2177 2187/4422/2187 1901/3900/1901
vt 0.332063 0.887825
f 2270/4200/2270 1896/3808/1896 2150/4484/2150
vt 0.094935 0.374910
f 2054/4142/2054 2187/4422/2187 2222/4485/2222
vt 0.801814 0.637783
f 2054/4370/2054 2222/4486/2222 2235/4371/2235
vt 0.346817 0.880637
f 2306/4204/2306 2393/4487/2393 1896/3808/1896
vt 0.128626 0.398057
f 1983/3732/1983 2268/4488/2268 2097/4261/2097
f 2209/4271/2209 2099/4383/2099 2375/4419/2375
vt 0.774260 0.598374
f 2178/4206/2178 2340/4489/2340 1933/3999/1933
vt 0.283883 0.632673
f 2421/4490/2421 2517/4320/2517 2156/4037/2156
f 2071/4107/2071 2314/4369/2314 2267/4264/2267
f 2445/4426/2445 1984/4026/1984 2206/4307/2206
f 2207/4358/2207 2205/4415/2205 2107/4361/2107
f 2308/4416/2308 2110/4423/2110 2042/4071/2042
vt 0.613489 0.945852
vt 0.611747 0.950273
f 2229/4491/2229 2238/4214/2238 2145/4492/2145
vt 0.305421 0.916635
f 2244/4421/2244 2236/4493/2236 2010/4021/2010
vt 0.102554 0.385753
f 2336/4494/2336 2177/4208/2177 2181/4364/2181
f 1993/4031/1993 2439/4406/2439 2031/3790/2031
f 2319/4429/2319 1865/3795/1865 1982/4085/1982
vt 0.268486 0.596978
f 2417/4495/2417 2422/4325/2422 2227/4115/2227
f 1748/3438/1748 2421/4490/2421 2156/4037/2156
vt 0.377479 0.470908
f 2263/4365/2263 2223/4496/2223 2146/4198/2146
f 1740/3495/1740 2446/4418/2446 1978/4070/1978
vt 0.917979 0.542813
f 2147/4315/2147 2317/4497/2317 2096/4316/2096
vt 0.893894 0.244909
vt 0.892484 0.244598
vt 0.893368 0.242253
f 2245/4498/2245 2216/4499/2216 2259/4500/2259
vt 0.028775 0.133506
vt 0.027417 0.135739
f 2280/4501/2280 2199/4451/2199 2137/4502/2137
vt 0.698991 0.780701
f 2314/4503/2314 2188/4275/2188 2122/4039/2122
f 2258/4468/2258 2162/4339/2162 2260/4457/2260
vt 0.445610 0.269667
vt 0.441928 0.270808
vt 0.447385 0.264059
f 2276/4504/2276 2244/4505/2244 2184/4506/2184
vt 0.384910 0.467564
f 2146/4198/2146 2261/4507/2261 2062/4040/2062
vt 0.109440 0.073941
vt 0.112996 0.071904
vt 0.116337 0.073903
f 2167/4508/2167 2284/4509/2284 2203/4510/2203
vt 0.025145 0.123848
vt 0.027360 0.123125
vt 0.025125 0.125177
f 2139/4511/2139 2226/4512/2226 2216/4513/2216
vt 0.889399 0.244109
f 2259/4500/2259 2216/4514/2216 2226/4477/2226
vt 0.880561 0.227890
f 2260/4457/2260 2161/4456/2161 2221/4515/2221
vt 0.823046 0.457424
f 2067/4157/2067 2196/4285/2196 2214/4516/2214
vt 0.047280 0.854436
f 2349/4343/2349 2291/4517/2291 2009/4080/2009
vt 0.837733 0.441875
f 2241/4518/2241 2183/4155/2183 2286/4436/2286
f 2195/4341/2195 2183/4155/2183 2241/4518/2241
f 2364/4434/2364 2229/4425/2229 2115/4337/2115
f 2198/4324/2198 2221/4461/2221 2197/4342/2197
vt 0.388197 0.464959
f 2200/4180/2200 2347/4519/2347 2151/4362/2151
f 2118/4216/2118 2067/4157/2067 2214/4516/2214
vt 0.620342 0.962632
vt 0.617432 0.961909
f 2282/4353/2282 2208/4520/2208 2061/4521/2061
vt 0.590297 0.311430
f 2304/4522/2304 2186/4354/2186 2317/4479/2317
vt 0.352385 0.027395
vt 0.353192 0.032400
vt 0.351177 0.028847
f 2221/4523/2221 2198/4524/2198 2256/4525/2256
vt 0.277239 0.383815
f 2251/4526/2251 2016/4141/2016 2234/4424/2234
vt 0.680762 0.404972
f 2256/4527/2256 2198/4324/2198 2242/4435/2242
vt 0.032775 0.139970
f 2199/4451/2199 2239/4528/2239 2213/4481/2213
vt 0.117634 0.394978
f 2295/4153/2295 2097/4261/2097 2449/4529/2449
f 2103/4099/2103 2155/4326/2155 2230/4469/2230
f 2283/4209/2283 2417/4495/2417 2227/4115/2227
vt 0.094838 0.378992
f 2222/4485/2222 2187/4422/2187 2316/4530/2316
vt 0.859666 0.418000
f 2124/4231/2124 2125/4151/2125 2275/4531/2275
vt 0.789956 0.632956
f 2176/4255/2176 2235/4371/2235 2302/4532/2302
f 2140/4482/2140 2172/4258/2172 2170/4124/2170
vt 0.257110 0.571401
f 2006/4349/2006 2355/4533/2355 2330/4164/2330
vt 0.820180 0.466001
f 2247/4534/2247 2196/4285/2196 2215/4356/2215
vt 0.820665 0.462115
f 2196/4285/2196 2298/4535/2298 2214/4516/2214
vt 0.590261 0.315942
vt 0.587183 0.315595
f 2252/4536/2252 2215/4537/2215 2186/4354/2186
f 2176/4255/2176 2302/4532/2302 2307/4483/2307
vt 0.300114 0.370902
f 2284/4538/2284 2098/4127/2098 2203/4301/2203
f 1740/3495/1740 2106/3870/2106 2379/4357/2379
vt 0.238136 0.951877
f 2155/4326/2155 2105/4147/2105 2266/4539/2266
vt 0.509162 0.905340
f 2509/4540/2509 2342/4154/2342 1951/3290/1951
vt 0.279183 0.953905
f 2205/4415/2205 2266/4541/2266 2105/4414/2105
vt 0.614060 0.581815
f 2463/3828/2463 1817/2877/1817 2878/4542/2878
f 2344/4011/2344 2509/4540/2509 1951/3290/1951
vt 0.633229 0.626347
f 2018/3833/2018 2325/4543/2325 2127/4000/2127
vt 0.632057 0.629357
f 2127/4000/2127 2325/4543/2325 2191/4544/2191
vt 0.524598 0.874214
f 2514/4545/2514 2262/4313/2262 2217/4159/2217
f 2268/4488/2268 1983/3732/1983 2278/4133/2278
vt 0.105614 0.885022
f 2218/1975/2218 2510/4546/2510 2006/3821/2006
f 2016/4141/2016 2251/4526/2251 2315/4372/2315
f 2070/4175/2070 2190/4389/2190 2375/4419/2375
vt 0.807518 0.645114
vt 0.804268 0.652618
vt 0.804532 0.644137
f 2177/4547/2177 2336/4548/2336 2187/4549/2187
f 2150/4484/2150 1896/3808/1896 2393/4487/2393
vt 0.290166 0.381218
f 2308/4416/2308 2233/4550/2233 2110/4423/2110
f 2234/4424/2234 2110/4423/2110 2233/4550/2233
vt 0.680050 0.085706
f 2191/4386/2191 2253/4551/2253 2047/4387/2047
vt 0.667414 0.673457
f 1907/3743/1907 2560/4552/2560 1966/4249/1966
vt 0.616794 0.595919
f 2463/3828/2463 2339/4553/2339 1599/3097/1599
vt 0.093143 0.879623
f 2218/1975/2218 1855/3829/1855 2606/4554/2606
vt 0.320733 0.907255
f 2184/4265/2184 2270/4200/2270 2312/4555/2312
vt 0.724012 0.292808
f 2560/4556/2560 2345/4094/2345 1966/4093/1966
vt 0.793661 0.158243
vt 0.790646 0.158428
vt 0.789963 0.154987
f 2182/4557/2182 2341/4558/2341 2111/4559/2111
vt 0.752602 0.562303
vt 0.759226 0.566769
vt 0.753137 0.567929
f 2232/4560/2232 2111/4561/2111 2297/4562/2297
vt 0.829564 0.966890
f 2154/4308/2154 2128/4266/2128 2385/4563/2385
vt 0.748287 0.555884
f 1570/3308/1570 2232/4427/2232 2272/4564/2272
vt 0.838276 0.437723
f 2241/4518/2241 2338/4565/2338 2195/4341/2195
f 2296/4447/2296 2133/4295/2133 2249/4465/2249
vt 0.238987 0.984543
f 2136/4218/2136 2225/4348/2225 2357/4566/2357
vt 0.663575 0.401738
f 2243/4294/2243 2254/4437/2254 2299/4567/2299
vt 0.695684 0.793412
f 2122/4039/2122 1944/3849/1944 2334/4568/2334
vt 0.239155 0.969737
f 2225/4348/2225 2102/4287/2102 2372/4569/2372
f 2124/4231/2124 2275/4531/2275 2194/4405/2194
f 2195/4341/2195 2338/4565/2338 2134/4340/2134
vt 0.030568 0.134842
f 2199/4451/2199 2280/4501/2280 2322/4570/2322
vt 0.820168 0.465991
f 2298/4535/2298 2196/4285/2196 2247/4571/2247
vt 0.815970 0.949258
f 2007/4032/2007 2154/4308/2154 2479/4572/2479
vt 0.412215 0.171254
vt 0.416923 0.172182
f 2367/4573/2367 2364/4434/2364 2151/4574/2151
vt 0.588364 0.317141
f 2247/4575/2247 2215/4537/2215 2252/4536/2252
f 2237/4036/2237 2219/4404/2219 2189/4347/2189
vt 0.414913 0.173738
f 2367/4573/2367 2151/4574/2151 2347/4576/2347
vt 0.308612 0.367953
f 2192/4223/2192 2288/4393/2288 2287/4577/2287
f 2202/4329/2202 2258/4468/2258 2226/4477/2226
vt 0.313610 0.360064
vt 0.316133 0.362179
f 2273/4398/2273 2213/4578/2213 2346/4579/2346
vt 0.868287 0.411116
vt 0.867883 0.412752
f 2228/4580/2228 2179/4402/2179 2289/4581/2289
vt 0.575112 0.193570
vt 0.572238 0.192319
vt 0.573312 0.190354
f 2212/4582/2212 2245/4583/2245 2259/4584/2259
f 2297/4562/2297 2111/4561/2111 2341/4466/2341
vt 0.458322 0.650464
vt 0.455081 0.652869
f 2493/4585/2493 2094/4197/2094 2517/4586/2517
vt 0.884266 0.226307
vt 0.880635 0.226557
vt 0.883444 0.223617
f 2285/4587/2285 2221/4588/2221 2256/4589/2256
f 2221/4588/2221 2285/4587/2285 2260/4457/2260
f 2318/4171/2318 2094/4197/2094 2493/4585/2493
f 2193/4212/2193 2113/4327/2113 2331/4467/2331
vt 0.603647 0.378033
f 2194/4443/2194 2289/4590/2289 2179/4441/2179
vt 0.379034 0.838937
f 2100/4368/2100 2360/4591/2360 1974/4192/1974
f 1748/3438/1748 2153/4269/2153 2421/4490/2421
vt 0.674974 0.402446
f 2271/4592/2271 2242/4435/2242 2257/4407/2257
vt 0.825572 0.449818
f 2118/4216/2118 2214/4516/2214 2368/4593/2368
vt 0.859624 0.417967
f 2125/4151/2125 2296/4447/2296 2275/4594/2275
f 2200/4180/2200 2062/4040/2062 2261/4507/2261
vt 0.800012 0.640459
vt 0.796397 0.638532
f 2316/4595/2316 2433/4596/2433 2222/4486/2222
f 2257/4407/2257 2243/4294/2243 2299/4567/2299
vt 0.576738 0.192019
f 2248/4597/2248 2212/4582/2212 2259/4584/2259
vt 0.654509 0.397021
f 2254/4437/2254 2173/4194/2173 2255/4598/2255
vt 0.725510 0.540534
f 2224/4599/2224 2446/4418/2446 1740/3495/1740
vt 0.592087 0.313345
f 2252/4536/2252 2186/4354/2186 2304/4600/2304
vt 0.031504 0.133165
vt 0.030224 0.132490
vt 0.032092 0.131813
f 2280/4601/2280 2212/4602/2212 2248/4603/2248
f 2093/4299/2093 2204/4450/2204 2246/4408/2246
vt 0.609326 0.379698
vt 0.611212 0.375579
f 2126/4283/2126 2228/4604/2228 2290/4605/2290
vt 0.262676 0.575290
f 2602/4606/2602 2350/4190/2350 2330/4164/2330
vt 0.584222 0.197255
vt 0.582450 0.196782
vt 0.582107 0.194214
f 2239/4607/2239 2199/4608/2199 2322/4609/2322
vt 0.886744 0.231687
f 2260/4457/2260 2300/4610/2300 2258/4468/2258
vt 0.317836 0.361370
f 2239/4611/2239 2346/4579/2346 2213/4578/2213
vt 0.034989 0.138603
vt 0.032948 0.135879
f 2390/4612/2390 2239/4528/2239 2322/4613/2322
f 2284/4538/2284 2308/4416/2308 2098/4127/2098
vt 0.793401 0.899135
f 2172/4258/2172 2140/4482/2140 2412/4614/2412
vt 0.435411 0.283002
vt 0.434989 0.271118
f 2244/4505/2244 2477/4615/2477 2236/4616/2236
vt 0.239169 0.954098
f 2265/4617/2265 2230/4469/2230 2155/4326/2155
f 2265/4617/2265 2155/4326/2155 2266/4539/2266
f 2097/4261/2097 2268/4488/2268 2449/4529/2449
vt 0.377678 0.465961
f 2146/4198/2146 2223/4496/2223 2378/4618/2378
vt 0.357645 0.864280
f 2306/4204/2306 1898/3858/1898 2444/4619/2444
vt 0.313184 0.911141
f 2276/4620/2276 2184/4265/2184 2312/4555/2312
vt 0.426450 0.275769
f 2175/4621/2175 2236/4616/2236 2477/4615/2477
vt 0.234653 0.991404
f 2269/4379/2269 2294/4328/2294 2373/4622/2373
vt 0.673519 0.128034
vt 0.675540 0.130663
vt 0.673722 0.133878
f 2206/4623/2206 2269/4624/2269 2474/4625/2474
f 2072/4073/2072 2211/4380/2211 2163/4297/2163
f 1898/3858/1898 2143/4136/2143 2444/4619/2444
vt 0.722192 0.233342
f 2131/4237/2131 2279/4626/2279 2210/4084/2210
f 2116/4104/2116 2201/4403/2201 2283/4209/2283
vt 0.370485 0.849262
f 2143/4136/2143 1974/4192/1974 2309/4627/2309
vt 0.764360 0.589546
f 2326/4628/2326 2130/4310/2130 1933/3999/1933
vt 0.616749 0.944151
f 2399/4629/2399 2238/4214/2238 2229/4491/2229
f 2128/4266/2128 2445/4426/2445 2385/4563/2385
f 1570/3308/1570 2272/4564/2272 2379/4357/2379
vt 0.277501 0.048794
vt 0.277949 0.053460
vt 0.274844 0.051955
f 2364/4630/2364 2399/4631/2399 2229/4632/2229
f 2309/4627/2309 1974/4192/1974 2360/4591/2360
vt 0.623656 0.959934
f 2513/4633/2513 2208/4520/2208 2282/4353/2282
vt 0.888980 0.232427
f 2343/4634/2343 2226/4477/2226 2258/4468/2258
vt 0.314034 0.363599
f 2395/4635/2395 2273/4398/2273 2346/4579/2346
vt 0.255560 0.566106
f 2510/4636/2510 2355/4533/2355 2006/4349/2006
vt 0.311679 0.365908
f 2273/4398/2273 2395/4637/2395 2288/4393/2288
f 2339/4553/2339 2605/4449/2605 2039/3911/2039
vt 0.885338 0.229441
f 2300/4638/2300 2260/4457/2260 2285/4587/2285
vt 0.577940 0.193911
vt 0.579559 0.193142
f 2322/4609/2322 2280/4639/2280 2274/4640/2274
vt 0.694772 0.784836
f 2122/4039/2122 2476/4641/2476 2314/4503/2314
vt 0.508478 0.907358
f 2456/4642/2456 2509/4540/2509 2344/4011/2344
vt 0.680205 0.402399
f 2242/4435/2242 2305/4643/2305 2256/4527/2256
vt 0.669366 0.400995
f 2299/4567/2299 2329/4644/2329 2257/4407/2257
vt 0.885233 0.224550
f 2285/4587/2285 2256/4589/2256 2305/4645/2305
vt 0.859710 0.415239
vt 0.861840 0.415775
f 2293/4646/2293 2194/4647/2194 2275/4594/2275
vt 0.893232 0.236512
f 2259/4500/2259 2226/4477/2226 2321/4648/2321
vt 0.032730 0.127627
vt 0.029886 0.127832
vt 0.034645 0.123607
f 2281/4649/2281 2259/4650/2259 2321/4651/2321
f 1944/3849/1944 2129/4280/2129 2334/4568/2334
vt 0.732142 0.307991
f 2653/4652/2653 2507/4304/2507 2345/4094/2345
vt 0.270434 0.391089
f 2351/4653/2351 2277/4464/2277 2169/4330/2169
vt 0.272520 0.388857
f 2169/4330/2169 2220/4385/2220 2388/4654/2388
vt 0.854956 0.419345
f 2328/4655/2328 2275/4594/2275 2296/4447/2296
f 2294/4328/2294 2136/4218/2136 2357/4566/2357
vt 0.033383 0.069478
vt 0.038308 0.069430
vt 0.035073 0.072483
f 2335/4656/2335 2220/4657/2220 2315/4658/2315
vt 0.036262 0.068454
f 2388/4659/2388 2220/4657/2220 2335/4656/2335
f 2173/4194/2173 2231/4382/2231 2255/4598/2255
vt 0.819355 0.467657
vt 0.817637 0.467901
f 2247/4571/2247 2252/4660/2252 2303/4661/2303
vt 0.639146 0.632256
f 2253/4662/2253 2301/4248/2301 2047/4067/2047
f 2222/4486/2222 2433/4596/2433 2235/4371/2235
f 2002/3912/2002 2301/4248/2301 2320/4004/2320
f 1599/3097/1599 2339/4553/2339 2039/3911/2039
f 2007/4032/2007 2479/4572/2479 2219/4404/2219
f 2190/4389/2190 2126/4283/2126 2290/4605/2290
vt 0.078427 0.883366
f 2513/4663/2513 1855/3829/1855 2208/4319/2208
f 2291/4517/2291 2174/4309/2174 2009/4080/2009
f 2343/4634/2343 2258/4468/2258 2300/4610/2300
f 2343/4634/2343 2321/4648/2321 2226/4477/2226
vt 0.678960 0.400656
f 2242/4435/2242 2271/4592/2271 2305/4664/2305
vt 0.432676 0.780319
f 2152/4363/2152 2141/4274/2141 2453/4665/2453
f 2261/4507/2261 2146/4198/2146 2378/4618/2378
vt 0.034152 0.134280
f 2248/4603/2248 2274/4666/2274 2280/4601/2280
vt 0.601436 0.051870
vt 0.599933 0.053348
vt 0.595656 0.052065
f 2263/4667/2263 2163/4668/2163 2585/4669/2585
vt 0.611638 0.918867
f 2211/4380/2211 2585/4670/2585 2163/4297/2163
f 2381/4470/2381 2075/4148/2075 2331/4467/2331
f 2479/4572/2479 2154/4308/2154 2385/4563/2385
f 2134/4340/2134 2338/4565/2338 2204/4450/2204
f 2261/4507/2261 2347/4519/2347 2200/4180/2200
vt 0.151935 0.026320
vt 0.151804 0.031102
vt 0.149880 0.028952
f 2300/4671/2300 2285/4672/2285 2358/4673/2358
f 2351/4653/2351 2169/4330/2169 2388/4654/2388
vt 0.266257 0.587602
f 2283/4209/2283 2201/4403/2201 2419/4674/2419
f 2286/4436/2286 2118/4216/2118 2368/4593/2368
vt 0.028201 0.842399
f 2262/4312/2262 2279/4675/2279 2131/4246/2131
vt 0.775706 0.605551
f 2340/4489/2340 2178/4206/2178 2292/4676/2292
vt 0.592560 0.316694
f 2304/4600/2304 2303/4677/2303 2252/4536/2252
vt 0.283283 0.622965
f 2439/4406/2439 2566/4678/2566 2153/4269/2153
vt 0.136115 0.401228
f 2268/4488/2268 2278/4133/2278 2423/4679/2423
f 2230/4469/2230 2372/4569/2372 2102/4287/2102
f 2171/4068/2171 2307/4483/2307 2178/4206/2178
f 2178/4206/2178 2307/4483/2307 2292/4676/2292
f 2153/4269/2153 2566/4678/2566 2421/4490/2421
vt 0.427938 0.772996
f 2141/4274/2141 2267/4680/2267 2453/4665/2453
vt 0.018042 0.705703
f 2267/4264/2267 2314/4369/2314 2476/4681/2476
vt 0.031080 0.073501
f 2315/4658/2315 2251/4682/2251 2335/4656/2335
vt 0.423168 0.286822
vt 0.419070 0.280261
f 2175/4621/2175 2311/4683/2311 2207/4684/2207
vt 0.383288 0.465610
f 2378/4618/2378 2362/4685/2362 2261/4507/2261
vt 0.596299 0.049757
vt 0.599423 0.049900
f 2263/4667/2263 2324/4686/2324 2223/4687/2223
f 2585/4669/2585 2324/4686/2324 2263/4667/2263
vt 0.442168 0.286279
f 2462/4688/2462 2477/4615/2477 2244/4505/2244
vt 0.668691 0.129860
f 2445/4689/2445 2206/4623/2206 2474/4625/2474
f 2302/4532/2302 2235/4371/2235 2433/4596/2433
f 2410/4378/2410 2053/4051/2053 2381/4470/2381
vt 0.316939 0.911508
vt 0.318411 0.911311
f 2276/4690/2276 2312/4555/2312 2323/4691/2323
vt 0.327697 0.900238
f 2313/4692/2313 2312/4555/2312 2270/4200/2270
f 2150/4484/2150 2313/4692/2313 2270/4200/2270
vt 0.674955 0.136331
vt 0.675789 0.133380
f 2373/4693/2373 2474/4625/2474 2269/4694/2269
vt 0.468978 0.259654
vt 0.469355 0.268399
vt 0.462689 0.267685
f 2150/4695/2150 2332/4696/2332 2313/4697/2313
vt 0.887681 0.227929
f 2343/4634/2343 2300/4610/2300 2358/4698/2358
vt 0.391079 0.832227
f 2100/4368/2100 1865/3795/1865 2520/4699/2520
vt 0.991341 0.199542
vt 0.990388 0.194338
vt 0.992305 0.195322
f 2271/4700/2271 2327/4701/2327 2305/4702/2305
f 2257/4407/2257 2329/4644/2329 2271/4592/2271
vt 0.865965 0.412788
vt 0.863961 0.410799
f 2289/4703/2289 2194/4405/2194 2386/4704/2386
f 2189/4347/2189 2219/4404/2219 2479/4572/2479
vt 0.575703 0.188788
vt 0.573868 0.188035
f 2437/4705/2437 2259/4584/2259 2281/4706/2281
vt 0.451739 0.274531
vt 0.455191 0.270233
vt 0.462159 0.277998
f 2323/4707/2323 2312/4708/2312 2467/4709/2467
vt 0.724528 0.328487
f 2507/4304/2507 2456/4710/2456 2344/4455/2344
f 2192/4223/2192 2287/4577/2287 2167/4412/2167
vt 0.661695 0.397713
f 2424/4711/2424 2299/4567/2299 2254/4437/2254
vt 0.588801 0.552776
f 2310/4144/2310 2318/4143/2318 2396/4712/2396
vt 0.809185 0.938166
f 2113/4327/2113 2189/4347/2189 2333/4713/2333
vt 0.032461 0.130583
vt 0.034339 0.130255
f 2248/4603/2248 2259/4714/2259 2437/4715/2437
vt 0.845761 0.425616
f 2384/4716/2384 2249/4465/2249 2246/4408/2246
vt 0.797576 0.644471
f 2433/4596/2433 2316/4595/2316 2545/4717/2545
f 2045/4009/2045 2878/4542/2878 1817/2877/1817
vt 0.149438 0.032562
f 2305/4718/2305 2358/4673/2358 2285/4672/2285
vt 0.830905 0.438543
f 2241/4518/2241 2286/4436/2286 2353/4719/2353
vt 0.530366 0.871954
f 2514/4545/2514 2409/4720/2409 2262/4313/2262
vt 0.635515 0.630868
f 2325/4543/2325 2253/4662/2253 2191/4721/2191
f 2326/4628/2326 2337/4375/2337 2130/4310/2130
f 2606/4554/2606 2510/4546/2510 2218/1975/2218
vt 0.605110 0.565150
f 1954/4015/1954 2461/4722/2461 2045/4009/2045
vt 0.107544 0.395507
f 2478/4723/2478 2295/4153/2295 2449/4529/2449
vt 0.813904 0.461133
f 2247/4571/2247 2405/4724/2405 2298/4535/2298
vt 0.815820 0.466482
f 2354/4725/2354 2405/4724/2405 2247/4571/2247
f 2181/4364/2181 2295/4153/2295 2478/4723/2478
f 2303/4661/2303 2354/4725/2354 2247/4571/2247
vt 0.666371 0.663083
f 2180/3927/2180 2469/4726/2469 1907/3743/1907
vt 0.650902 0.643017
f 2499/4727/2499 2320/4004/2320 2301/4248/2301
vt 0.805474 0.931958
f 2331/4467/2331 2113/4327/2113 2459/4728/2459
vt 0.676164 0.399739
vt 0.672962 0.399864
f 2327/4729/2327 2271/4592/2271 2356/4730/2356
f 2329/4644/2329 2356/4730/2356 2271/4592/2271
vt 0.608265 0.377252
vt 0.605003 0.377830
vt 0.607169 0.374848
f 2228/4731/2228 2289/4732/2289 2386/4733/2386
f 2329/4644/2329 2299/4567/2299 2424/4711/2424
vt 0.311161 0.367240
f 2288/4393/2288 2395/4637/2395 2363/4734/2363
f 2122/4039/2122 2334/4568/2334 2476/4641/2476
vt 0.036483 0.147958
vt 0.040266 0.148512
vt 0.036766 0.149228
f 2288/4735/2288 2363/4736/2363 2287/4737/2287
vt 0.858445 0.416629
vt 0.858936 0.415574
f 2275/4594/2275 2389/4738/2389 2293/4739/2293
f 2278/4133/2278 2464/4373/2464 2423/4679/2423
vt 0.621674 0.949033
f 2282/4353/2282 2238/4214/2238 2498/4740/2498
vt 0.855340 0.417747
f 2328/4655/2328 2389/4741/2389 2275/4594/2275
f 2424/4711/2424 2254/4437/2254 2255/4598/2255
vt 0.309096 0.369993
f 2167/4412/2167 2287/4577/2287 2415/4742/2415
vt 0.850653 0.421682
f 2328/4655/2328 2296/4447/2296 2495/4743/2495
f 2249/4465/2249 2495/4743/2495 2296/4447/2296
vt 0.575723 0.187013
f 2437/4705/2437 2281/4706/2281 2366/4744/2366
vt 0.734599 0.250283
vt 0.734031 0.254934
f 2624/4745/2624 2291/4746/2291 2349/4303/2349
vt 0.461344 0.648227
f 2493/4585/2493 2396/4747/2396 2318/4171/2318
vt 0.992666 0.192328
f 2358/4748/2358 2305/4702/2305 2327/4701/2327
vt 0.840607 0.430899
f 2246/4408/2246 2204/4450/2204 2403/4749/2403
f 2338/4565/2338 2241/4518/2241 2353/4719/2353
vt 0.594010 0.318641
vt 0.596809 0.316478
f 2354/4750/2354 2303/4677/2303 2352/4751/2352
vt 0.410023 0.176462
vt 0.411002 0.175085
vt 0.412372 0.176077
f 2362/4752/2362 2347/4753/2347 2261/4754/2261
f 2352/4751/2352 2303/4677/2303 2304/4600/2304
vt 0.106255 0.071112
f 2167/4508/2167 2365/4755/2365 2284/4509/2284
f 2602/4606/2602 2330/4164/2330 2355/4533/2355
vt 0.174426 0.412112
f 2412/4756/2412 2250/4183/2250 2172/4306/2172
vt 0.241088 0.964674
f 2372/4569/2372 2230/4469/2230 2380/4757/2380
vt 0.173701 0.416412
f 2374/4366/2374 2250/4183/2250 2512/4758/2512
vt 0.279070 0.957020
f 2265/4759/2265 2266/4541/2266 2205/4415/2205
vt 0.102967 0.390872
f 2181/4364/2181 2404/4760/2404 2336/4494/2336
vt 0.600425 0.073997
vt 0.595067 0.073033
vt 0.595957 0.071136
f 2209/4761/2209 2416/4762/2416 2231/4763/2231
vt 0.800077 0.650137
f 2187/4549/2187 2336/4548/2336 2377/4764/2377
vt 0.411054 0.288783
vt 0.411495 0.285684
f 2207/4684/2207 2382/4765/2382 2205/4766/2205
vt 0.097691 0.386658
f 2316/4530/2316 2187/4422/2187 2377/4767/2377
vt 0.093701 0.382264
f 2545/4768/2545 2316/4530/2316 2377/4767/2377
vt 0.238458 0.990711
f 2294/4328/2294 2438/4769/2438 2373/4622/2373
f 2294/4328/2294 2357/4566/2357 2438/4769/2438
vt 0.425301 0.799219
f 2264/4314/2264 2152/4363/2152 2745/4770/2745
f 2477/4615/2477 2311/4683/2311 2175/4621/2175
f 2276/4504/2276 2462/4688/2462 2244/4505/2244
vt 0.463727 0.271185
f 2312/4708/2312 2383/4771/2383 2467/4709/2467
f 2323/4707/2323 2462/4688/2462 2276/4504/2276
vt 0.325384 0.905271
f 2313/4692/2313 2383/4772/2383 2312/4555/2312
vt 0.633558 0.381797
f 2375/4419/2375 2475/4773/2475 2209/4271/2209
vt 0.892582 0.230138
f 2358/4698/2358 2359/4774/2359 2343/4634/2343
vt 0.411544 0.166269
f 2367/4573/2367 2413/4775/2413 2364/4434/2364
vt 0.863314 0.413365
vt 0.861719 0.413674
vt 0.860625 0.411691
f 2194/4776/2194 2293/4777/2293 2387/4778/2387
vt 0.408399 0.808894
f 2611/4779/2611 2319/4429/2319 2264/4314/2264
vt 0.274202 0.386353
vt 0.275751 0.391927
f 2388/4654/2388 2335/4780/2335 2486/4781/2486
vt 0.650879 0.392868
f 2231/4382/2231 2400/4782/2400 2255/4598/2255
vt 0.409885 0.171336
f 2367/4573/2367 2347/4753/2347 2442/4783/2442
f 2283/4209/2283 2419/4674/2419 2417/4495/2417
vt 0.703691 0.815609
f 2240/4251/2240 2531/4784/2531 2157/4302/2157
f 2313/4697/2313 2332/4696/2332 2383/4771/2383
vt 0.039735 0.150323
f 2363/4736/2363 2415/4785/2415 2287/4737/2287
vt 0.729675 0.240549
f 2279/4626/2279 2518/4786/2518 2210/4084/2210
vt 0.036832 0.131652
f 2274/4666/2274 2248/4603/2248 2437/4787/2437
f 2439/4406/2439 1993/4031/1993 2422/4325/2422
vt 0.035970 0.137006
f 2390/4612/2390 2322/4613/2322 2348/4788/2348
vt 0.103258 0.073710
f 2415/4789/2415 2365/4755/2365 2167/4508/2167
vt 0.892151 0.226624
f 2358/4698/2358 2369/4790/2369 2359/4774/2359
vt 0.035664 0.126793
f 2281/4649/2281 2321/4651/2321 2366/4791/2366
vt 0.889896 0.226128
f 2369/4790/2369 2358/4698/2358 2327/4792/2327
vt 0.624476 0.954625
f 2282/4353/2282 2408/4793/2408 2513/4633/2513
f 2326/4628/2326 1933/3999/1933 2340/4489/2340
vt 0.594009 0.311482
vt 0.597919 0.312888
f 2304/4600/2304 2317/4794/2317 2371/4795/2371
vt 0.652742 0.649634
f 2401/4796/2401 2180/3927/2180 2320/4004/2320
f 2459/4728/2459 2113/4327/2113 2333/4713/2333
vt 0.101820 0.875289
f 2606/4554/2606 2768/4797/2768 2510/4546/2510
f 2018/3833/2018 2497/4384/2497 2325/4543/2325
vt 0.640192 0.622331
f 2497/4384/2497 2817/4798/2817 2325/4543/2325
vt 0.711595 0.818699
vt 0.708356 0.818443
f 2277/4462/2277 2351/4799/2351 2429/4800/2429
vt 0.985177 0.194385
vt 0.986942 0.198613
f 2397/4801/2397 2327/4701/2327 2356/4802/2356
vt 0.277043 0.388797
f 2486/4781/2486 2335/4780/2335 2448/4803/2448
vt 0.983933 0.199837
vt 0.986294 0.201612
f 2426/4804/2426 2356/4802/2356 2329/4805/2329
vt 0.669029 0.397075
f 2424/4711/2424 2426/4806/2426 2329/4644/2329
vt 0.242531 0.975337
f 2357/4566/2357 2225/4348/2225 2411/4807/2411
vt 0.452019 0.206840
vt 0.450044 0.208487
vt 0.449046 0.204508
f 2328/4808/2328 2495/4809/2495 2494/4810/2494
f 2240/4251/2240 2277/4462/2277 2531/4784/2531
f 2531/4784/2531 2277/4462/2277 2429/4800/2429
vt 0.848285 0.423070
vt 0.847920 0.423475
f 2427/4811/2427 2249/4465/2249 2384/4812/2384
f 2495/4743/2495 2249/4465/2249 2427/4811/2427
f 2214/4516/2214 2298/4535/2298 2405/4724/2405
f 2204/4450/2204 2338/4565/2338 2403/4749/2403
vt 0.050697 0.852386
f 2291/4517/2291 2394/4813/2394 2174/4309/2174
vt 0.184489 0.053164
vt 0.183459 0.051299
vt 0.185970 0.050933
f 2239/4814/2239 2390/4815/2390 2392/4816/2392
vt 0.186112 0.053899
f 2239/4814/2239 2392/4816/2392 2346/4817/2346
vt 0.035121 0.144347
vt 0.034349 0.141795
vt 0.039506 0.141197
f 2395/4818/2395 2346/4819/2346 2392/4820/2392
f 2304/4600/2304 2371/4795/2371 2352/4751/2352
vt 0.894664 0.232418
f 2361/4821/2361 2321/4648/2321 2343/4634/2343
f 2343/4634/2343 2359/4774/2359 2361/4821/2361
vt 0.036433 0.135708
f 2348/4788/2348 2322/4613/2322 2274/4822/2274
f 2499/4727/2499 2401/4796/2401 2320/4004/2320
vt 0.282836 0.388289
f 2251/4526/2251 2234/4424/2234 2519/4823/2519
f 2250/4183/2250 2412/4756/2412 2512/4758/2512
f 2306/4204/2306 2444/4619/2444 2393/4487/2393
f 2225/4348/2225 2372/4569/2372 2411/4807/2411
vt 0.273101 0.967354
vt 0.275161 0.960340
vt 0.278895 0.966448
f 2380/4824/2380 2230/4825/2230 2376/4826/2376
f 2230/4825/2230 2265/4759/2265 2376/4826/2376
f 2518/4786/2518 2349/4303/2349 2210/4084/2210
vt 0.285122 0.953172
f 2265/4759/2265 2205/4415/2205 2382/4827/2382
vt 0.374496 0.468681
f 2378/4618/2378 2223/4496/2223 2324/4828/2324
vt 0.011559 0.708689
f 2267/4264/2267 2476/4681/2476 2453/4829/2453
vt 0.452320 0.283264
f 2462/4688/2462 2323/4707/2323 2430/4830/2430
f 2602/4606/2602 2201/4403/2201 2350/4190/2350
f 2207/4684/2207 2311/4683/2311 2382/4765/2382
vt 0.619747 0.376724
f 2190/4389/2190 2290/4605/2290 2682/4831/2682
f 2309/4627/2309 2444/4619/2444 2143/4136/2143
f 2478/4723/2478 2404/4760/2404 2181/4364/2181
vt 0.748263 0.577771
f 2337/4375/2337 2779/4832/2779 2341/4466/2341
vt 0.340976 0.891520
f 2393/4487/2393 2407/4833/2407 2150/4484/2150
f 2297/4562/2297 2341/4466/2341 2779/4832/2779
vt 0.026000 0.837116
vt 0.028061 0.840671
f 2409/4834/2409 2279/4835/2279 2262/4312/2262
vt 0.741450 0.566765
f 2406/4836/2406 2232/4560/2232 2297/4562/2297
vt 0.335347 0.896389
f 2332/4837/2332 2150/4484/2150 2407/4833/2407
vt 0.748116 0.556016
f 2232/4560/2232 2406/4836/2406 2272/4838/2272
f 2272/4838/2272 2406/4836/2406 2379/4357/2379
vt 0.721835 0.524013
f 2446/4418/2446 2460/4839/2460 2147/4360/2147
vt 0.921300 0.545078
vt 0.916145 0.548153
f 2317/4497/2317 2147/4840/2147 2460/4841/2460
vt 0.851894 0.417911
vt 0.856277 0.415131
f 2328/4655/2328 2494/4842/2494 2389/4843/2389
f 2384/4716/2384 2246/4408/2246 2403/4749/2403
vt 0.698657 0.802541
f 2458/4844/2458 2129/4280/2129 2157/4302/2157
f 2228/4731/2228 2386/4733/2386 2290/4605/2290
vt 0.572028 0.183605
vt 0.574586 0.183910
f 2321/4845/2321 2391/4846/2391 2366/4744/2366
vt 0.038875 0.143096
f 2398/4847/2398 2395/4818/2395 2392/4820/2392
vt 0.757246 0.584082
f 2337/4375/2337 2326/4628/2326 2511/4848/2511
vt 0.577742 0.185496
f 2366/4744/2366 2391/4846/2391 2431/4849/2431
f 2498/4740/2498 2408/4793/2408 2282/4353/2282
vt 0.039438 0.145159
f 2363/4736/2363 2395/4818/2395 2398/4850/2398
vt 0.862567 0.409745
f 2194/4776/2194 2387/4778/2387 2386/4851/2386
f 2779/4832/2779 2337/4375/2337 2511/4848/2511
vt 0.280680 0.051088
f 2435/4852/2435 2399/4631/2399 2364/4630/2364
vt 0.810579 0.466712
f 2405/4724/2405 2354/4725/2354 2489/4853/2489
vt 0.987943 0.190919
f 2369/4854/2369 2327/4701/2327 2397/4801/2397
vt 0.182800 0.049364
f 2392/4816/2392 2390/4815/2390 2348/4855/2348
vt 0.280310 0.048535
f 2413/4856/2413 2435/4852/2435 2364/4630/2364
vt 0.040818 0.134609
f 2274/4666/2274 2437/4787/2437 2465/4857/2465
vt 0.620691 0.943279
f 2500/4858/2500 2498/4740/2498 2238/4214/2238
f 2399/4629/2399 2500/4858/2500 2238/4214/2238
f 2356/4802/2356 2426/4804/2426 2397/4801/2397
vt 0.052975 0.853883
f 2370/4859/2370 2174/4309/2174 2394/4813/2394
vt 0.615306 0.913802
f 2441/4860/2441 2211/4380/2211 2174/4381/2174
vt 0.608656 0.912737
f 2370/4861/2370 2441/4860/2441 2174/4381/2174
vt 0.692703 0.788483
f 2334/4568/2334 2527/4862/2527 2476/4641/2476
vt 0.178510 0.048620
vt 0.179279 0.047074
f 2348/4855/2348 2274/4863/2274 2465/4864/2465
vt 0.736472 0.252978
f 2624/4745/2624 2414/4865/2414 2291/4746/2291
vt 0.039154 0.122270
vt 0.039235 0.125524
f 2321/4651/2321 2361/4866/2361 2391/4867/2391
vt 0.578340 0.188798
f 2366/4744/2366 2431/4849/2431 2437/4868/2437
vt 0.835779 0.433079
f 2403/4749/2403 2338/4565/2338 2402/4869/2402
vt 0.646120 0.632041
f 2325/4543/2325 2554/4870/2554 2253/4662/2253
vt 0.646295 0.393169
f 2400/4782/2400 2231/4382/2231 2416/4871/2416
vt 0.825562 0.439638
f 2353/4719/2353 2286/4436/2286 2562/4872/2562
vt 0.599675 0.319086
f 2489/4873/2489 2354/4750/2354 2352/4751/2352
vt 0.506670 0.894212
f 2466/4874/2466 2046/3845/2046 2342/4154/2342
f 2466/4874/2466 2217/4159/2217 2046/3845/2046
vt 0.596512 0.074328
vt 0.596808 0.075022
f 2488/4875/2488 2209/4761/2209 2471/4876/2471
f 2416/4762/2416 2209/4761/2209 2488/4875/2488
vt 0.024575 0.070685
f 2335/4656/2335 2251/4682/2251 2519/4877/2519
vt 0.028904 0.069400
f 2519/4877/2519 2420/4878/2420 2335/4656/2335
vt 0.031136 0.068856
f 2420/4878/2420 2448/4879/2448 2335/4656/2335
vt 0.365557 0.879860
f 2444/4619/2444 2709/4880/2709 2393/4487/2393
f 2469/4726/2469 2560/4552/2560 1907/3743/1907
f 2190/4389/2190 2682/4831/2682 2375/4419/2375
vt 0.873107 0.989757
vt 0.872859 0.991579
vt 0.871570 0.991073
f 2373/4881/2373 2438/4882/2438 2505/4883/2505
f 2339/4553/2339 2463/3828/2463 2878/4542/2878
vt 0.844950 0.988712
vt 0.843408 0.990492
vt 0.843048 0.987504
f 2373/4884/2373 2505/4885/2505 2474/4886/2474
vt 0.404287 0.824326
f 1865/3795/1865 2319/4429/2319 2631/4887/2631
vt 0.793556 0.909964
f 2410/4378/2410 2440/4888/2440 2140/4482/2140
vt 0.180567 0.416958
vt 0.181080 0.420399
f 2412/4756/2412 2140/4889/2140 2440/4890/2440
vt 0.825353 0.974239
f 2544/4891/2544 2385/4563/2385 2445/4426/2445
vt 0.818737 0.963578
f 2385/4563/2385 2684/4892/2684 2479/4572/2479
vt 0.274787 0.593940
f 2419/4674/2419 2685/4893/2685 2417/4495/2417
vt 0.267927 0.975698
vt 0.270016 0.971255
f 2411/4894/2411 2372/4895/2372 2380/4824/2380
f 2323/4707/2323 2467/4709/2467 2430/4830/2430
vt 0.281663 0.958745
f 2376/4826/2376 2265/4759/2265 2443/4896/2443
f 1740/3495/1740 2379/4357/2379 2224/4599/2224
f 2382/4827/2382 2443/4896/2443 2265/4759/2265
vt 0.276467 0.602262
f 2528/4897/2528 2439/4406/2439 2422/4325/2422
vt 0.912677 0.547089
f 2371/4898/2371 2317/4497/2317 2460/4841/2460
vt 0.730085 0.229951
f 2279/4626/2279 2450/4899/2450 2518/4786/2518
vt 0.136249 0.050126
vt 0.135643 0.047534
vt 0.139030 0.049117
f 2389/4900/2389 2387/4901/2387 2293/4902/2293
vt 0.038565 0.137690
vt 0.043678 0.137729
f 2348/4903/2348 2503/4904/2503 2392/4820/2392
vt 0.852099 0.414080
f 2389/4843/2389 2494/4842/2494 2481/4905/2481
vt 0.662464 0.393285
f 2436/4906/2436 2426/4806/2426 2424/4711/2424
vt 0.306352 0.372555
vt 0.307801 0.371244
vt 0.311011 0.372219
f 2365/4907/2365 2415/4908/2415 2502/4909/2502
vt 0.655263 0.391982
f 2424/4711/2424 2255/4598/2255 2492/4910/2492
vt 0.839567 0.426523
f 2384/4716/2384 2403/4749/2403 2428/4911/2428
vt 0.988272 0.184817
vt 0.988314 0.187016
vt 0.986334 0.186662
f 2361/4912/2361 2359/4913/2359 2425/4914/2425
f 2286/4436/2286 2368/4593/2368 2562/4872/2562
f 2518/4786/2518 2624/4745/2624 2349/4303/2349
vt 0.895980 0.228640
vt 0.893757 0.226820
f 2425/4915/2425 2359/4774/2359 2369/4916/2369
vt 0.383379 0.461263
vt 0.386602 0.459402
vt 0.385723 0.463785
f 2418/4917/2418 2442/4918/2442 2347/4919/2347
f 2347/4919/2347 2362/4685/2362 2418/4917/2418
f 2442/4783/2442 2413/4775/2413 2367/4573/2367
vt 0.039847 0.142873
f 2398/4847/2398 2392/4820/2392 2521/4920/2521
vt 0.709009 0.821048
vt 0.705964 0.822334
f 2351/4921/2351 2600/4922/2600 2429/4800/2429
vt 0.618321 0.939905
f 2500/4858/2500 2399/4629/2399 2435/4923/2435
vt 0.291703 0.629732
f 2473/4924/2473 2517/4320/2517 2421/4490/2421
f 2381/4470/2381 2331/4467/2331 2459/4728/2459
vt 0.469248 0.276644
f 2467/4709/2467 2383/4771/2383 2582/4925/2582
vt 0.809220 0.945080
f 2189/4347/2189 2479/4572/2479 2598/4926/2598
f 2334/4568/2334 2129/4280/2129 2458/4844/2458
vt 0.857080 0.412060
f 2481/4905/2481 2387/4927/2387 2389/4843/2389
vt 0.036858 0.131600
vt 0.038512 0.128651
f 2437/4928/2437 2431/4929/2431 2465/4857/2465
vt 0.575201 0.183039
vt 0.577007 0.181223
f 2391/4930/2391 2434/4931/2434 2431/4849/2431
f 2255/4598/2255 2400/4782/2400 2492/4910/2492
vt 0.042655 0.143209
f 2398/4850/2398 2521/4932/2521 2363/4736/2363
vt 0.647337 0.387753
f 2400/4782/2400 2416/4871/2416 2694/4933/2694
vt 0.042076 0.149682
f 2363/4736/2363 2432/4934/2432 2415/4785/2415
vt 0.042413 0.150738
f 2502/4935/2502 2415/4785/2415 2432/4934/2432
vt 0.274080 0.394228
f 2351/4653/2351 2388/4654/2388 2546/4936/2546
vt 0.278672 0.392423
f 2486/4781/2486 2448/4803/2448 2568/4937/2568
vt 0.842577 0.425675
f 2487/4938/2487 2384/4716/2384 2428/4911/2428
vt 0.737176 0.255340
f 2414/4865/2414 2394/4939/2394 2291/4746/2291
vt 0.728285 0.546656
f 2593/4940/2593 2224/4599/2224 2379/4357/2379
vt 0.695112 0.809742
f 2458/4844/2458 2157/4302/2157 2691/4941/2691
vt 0.445825 0.208400
vt 0.444962 0.212645
vt 0.440752 0.211161
f 2427/4942/2427 2384/4943/2384 2487/4944/2487
vt 0.601512 0.314571
f 2371/4795/2371 2485/4945/2485 2352/4751/2352
f 2531/4784/2531 2691/4941/2691 2157/4302/2157
vt 0.764228 0.604403
f 2340/4489/2340 2292/4676/2292 2577/4946/2577
vt 0.601912 0.316864
f 2515/4947/2515 2352/4751/2352 2485/4945/2485
f 2489/4873/2489 2352/4751/2352 2515/4947/2515
vt 0.895253 0.225756
vt 0.897185 0.226006
f 2425/4915/2425 2369/4948/2369 2447/4949/2447
vt 0.725159 0.226706
f 2409/4950/2409 2450/4899/2450 2279/4626/2279
vt 0.985141 0.191202
f 2369/4854/2369 2397/4801/2397 2447/4951/2447
f 2402/4869/2402 2338/4565/2338 2353/4719/2353
vt 0.377157 0.460853
f 2378/4618/2378 2626/4952/2626 2362/4685/2362
vt 0.817032 0.038812
vt 0.820138 0.037318
vt 0.820360 0.039105
f 2387/4953/2387 2457/4954/2457 2386/4955/2386
vt 0.245126 0.988179
vt 0.244332 0.979510
f 2539/4956/2539 2357/4566/2357 2538/4957/2538
f 2438/4769/2438 2357/4566/2357 2539/4956/2539
f 2631/4887/2631 2520/4699/2520 1865/3795/1865
f 2357/4566/2357 2411/4807/2411 2538/4957/2538
vt 0.639599 0.386803
f 2475/4773/2475 2471/4958/2471 2209/4271/2209
vt 0.728573 0.301104
f 2470/4959/2470 2653/4652/2653 2345/4094/2345
f 2577/4946/2577 2326/4628/2326 2340/4489/2340
f 2461/4722/2461 2878/4542/2878 2045/4009/2045
vt 0.134707 0.406050
f 2464/4373/2464 2508/4960/2508 2423/4679/2423
vt 0.279781 0.389540
vt 0.278728 0.388040
f 2468/4961/2468 2448/4803/2448 2420/4962/2420
vt 0.127192 0.406957
f 2480/4963/2480 2268/4488/2268 2423/4679/2423
vt 0.176849 0.423424
f 2541/4964/2541 2512/4758/2512 2440/4890/2440
f 2440/4890/2440 2512/4758/2512 2412/4756/2412
vt 0.659971 0.646901
f 2401/4796/2401 2892/4965/2892 2180/3927/2180
vt 0.333884 0.900608
vt 0.336091 0.903540
f 2383/4966/2383 2332/4837/2332 2582/4967/2582
vt 0.368820 0.866067
f 2444/4619/2444 2309/4627/2309 2648/4968/2648
vt 0.041465 0.126344
vt 0.042911 0.129001
f 2434/4969/2434 2501/4970/2501 2431/4929/2431
vt 0.513705 0.881369
f 2656/4971/2656 2514/4545/2514 2217/4159/2217
vt 0.838059 0.428749
f 2451/4972/2451 2428/4911/2428 2403/4749/2403
vt 0.043786 0.148180
f 2363/4736/2363 2521/4932/2521 2432/4973/2432
vt 0.528088 0.870452
f 2514/4545/2514 2761/4974/2761 2409/4720/2409
vt 0.523788 0.869481
f 2657/4975/2657 2761/4974/2761 2514/4545/2514
f 2348/4903/2348 2465/4857/2465 2503/4904/2503
vt 0.815651 0.452440
f 2214/4516/2214 2455/4976/2455 2368/4593/2368
f 1855/3829/1855 2513/4663/2513 2606/4554/2606
f 2560/4556/2560 2470/4959/2470 2345/4094/2345
vt 0.575108 0.180395
f 2391/4930/2391 2361/4977/2361 2434/4931/2434
f 2405/4724/2405 2455/4976/2455 2214/4516/2214
vt 0.042971 0.121934
vt 0.042524 0.124956
f 2361/4866/2361 2425/4978/2425 2434/4979/2434
f 2388/4654/2388 2486/4781/2486 2546/4936/2546
f 2817/4798/2817 2554/4870/2554 2325/4543/2325
vt 0.829450 0.432045
f 2591/4980/2591 2402/4869/2402 2353/4719/2353
vt 0.795122 0.652735
vt 0.800564 0.654248
f 2516/4981/2516 2336/4548/2336 2404/4982/2404
f 2377/4764/2377 2336/4548/2336 2516/4981/2516
vt 0.272232 0.394265
f 2546/4936/2546 2600/4983/2600 2351/4653/2351
f 2520/4699/2520 2360/4591/2360 2100/4368/2100
vt 0.668543 0.393659
f 2426/4806/2426 2436/4906/2436 2452/4984/2452
vt 0.981294 0.196834
vt 0.981092 0.194794
f 2397/4801/2397 2452/4985/2452 2484/4986/2484
vt 0.670761 0.394133
vt 0.671589 0.394633
f 2452/4987/2452 2397/4988/2397 2426/4806/2426
f 2253/4662/2253 2554/4870/2554 2301/4248/2301
vt 0.785302 0.644122
f 2572/4989/2572 2433/4596/2433 2545/4717/2545
f 2631/4887/2631 2319/4429/2319 2611/4779/2611
vt 0.607516 0.372924
f 2290/4605/2290 2386/4733/2386 2457/4990/2457
vt 0.983725 0.189753
vt 0.981013 0.190453
f 2447/4991/2447 2397/4801/2397 2491/4992/2491
f 2441/4860/2441 2585/4670/2585 2211/4380/2211
f 2492/4910/2492 2436/4906/2436 2424/4711/2424
vt 0.778284 0.037556
vt 0.780325 0.039727
vt 0.777880 0.040879
f 2418/4993/2418 2362/4994/2362 2626/4995/2626
vt 0.351572 0.891073
vt 0.342554 0.899087
f 2583/4996/2583 2454/4997/2454 2407/4833/2407
vt 0.052175 0.849777
f 2370/4859/2370 2394/4813/2394 2525/4998/2525
vt 0.443842 0.205458
f 2487/4944/2487 2482/4999/2482 2427/4942/2427
vt 0.073723 0.879951
vt 0.079439 0.877785
f 2408/5000/2408 2559/5001/2559 2513/4663/2513
vt 0.643885 0.391021
f 2488/5002/2488 2694/4933/2694 2416/4871/2416
f 2465/4857/2465 2431/4929/2431 2501/4970/2501
vt 0.821500 0.445730
f 2563/5003/2563 2368/4593/2368 2455/4976/2455
vt 0.049246 0.147207
f 2521/4932/2521 2661/5004/2661 2432/4973/2432
vt 0.308990 0.376717
f 2524/5005/2524 2365/4907/2365 2502/4909/2502
vt 0.028589 0.067070
vt 0.029445 0.067599
vt 0.027640 0.068567
f 2568/5006/2568 2448/5007/2448 2468/5008/2468
vt 0.982132 0.185710
f 2447/4991/2447 2553/5009/2553 2425/4914/2425
f 2491/4992/2491 2397/4801/2397 2484/4986/2484
vt 0.911475 0.548626
f 2485/5010/2485 2371/4898/2371 2460/4841/2460
vt 0.617281 0.917346
vt 0.613312 0.919534
f 2585/4670/2585 2603/5011/2603 2324/5012/2324
vt 0.665170 0.391995
f 2436/4906/2436 2490/5013/2490 2452/4984/2452
vt 0.612408 0.909725
f 2525/5014/2525 2441/4860/2441 2370/4861/2370
vt 0.291232 0.385813
f 2234/4424/2234 2233/4550/2233 2557/5015/2557
vt 0.454880 0.643510
f 2396/4747/2396 2493/4585/2493 2573/5016/2573
vt 0.242254 0.991393
f 2505/5017/2505 2438/4769/2438 2539/4956/2539
vt 0.287320 0.387895
f 2234/4424/2234 2614/5018/2614 2519/4823/2519
vt 0.280832 0.388142
f 2519/5019/2519 2468/4961/2468 2420/4962/2420
vt 0.098041 0.395840
f 2549/5020/2549 2404/4760/2404 2478/4723/2478
vt 0.425676 0.299592
f 2382/4765/2382 2311/4683/2311 2543/5021/2543
vt 0.766399 0.613389
f 2307/4483/2307 2623/5022/2623 2292/4676/2292
f 2311/4683/2311 2477/4615/2477 2543/5021/2543
f 2745/4770/2745 2611/4779/2611 2264/4314/2264
vt 0.275340 0.978219
vt 0.266500 0.980715
f 2411/4894/2411 2641/5023/2641 2538/5024/2538
vt 0.150734 0.416046
f 2374/4366/2374 2512/4758/2512 2506/5025/2506
f 2411/4894/2411 2380/4824/2380 2376/4826/2376
vt 0.094745 0.389013
f 2545/4768/2545 2377/4767/2377 2516/5026/2516
f 2152/4363/2152 2453/4665/2453 2745/4770/2745
f 2464/4373/2464 2374/4366/2374 2506/5025/2506
vt 0.794631 0.919346
f 2410/4378/2410 2381/4470/2381 2575/5027/2575
vt 0.270212 0.579560
f 2635/5028/2635 2419/4674/2419 2201/4403/2201
vt 0.018804 0.709148
vt 0.015425 0.714351
f 2476/4681/2476 2527/5029/2527 2686/5030/2686
vt 0.355588 0.885170
f 2583/4996/2583 2407/4833/2407 2644/5031/2644
vt 0.793829 0.914019
f 2440/5032/2440 2410/4378/2410 2575/5027/2575
f 2393/4487/2393 2644/5031/2644 2407/4833/2407
f 2648/4968/2648 2709/4880/2709 2444/4619/2444
f 2582/4967/2582 2332/4837/2332 2454/4997/2454
f 2480/4963/2480 2423/4679/2423 2508/4960/2508
vt 0.440368 0.301343
f 2472/5033/2472 2477/4615/2477 2462/4688/2462
f 2406/4836/2406 2297/4562/2297 2779/4832/2779
f 2332/4837/2332 2407/4833/2407 2454/4997/2454
vt 0.387060 0.843833
f 2309/4627/2309 2360/4591/2360 2534/5034/2534
vt 0.452523 0.294651
f 2462/4688/2462 2430/4830/2430 2581/5035/2581
f 2534/5034/2534 2360/4591/2360 2520/4699/2520
vt 0.388030 0.456108
vt 0.390557 0.457278
f 2442/4918/2442 2576/5036/2576 2413/5037/2413
vt 0.728482 0.324621
f 2507/4304/2507 2556/5038/2556 2456/4710/2456
vt 0.634596 0.609671
f 2651/5039/2651 2817/4798/2817 2497/4384/2497
vt 0.642173 0.384066
f 2694/4933/2694 2488/5002/2488 2526/5040/2526
f 2427/4942/2427 2482/4999/2482 2495/4809/2495
vt 0.592537 0.551091
f 2396/4712/2396 2571/5041/2571 2310/4144/2310
vt 0.044290 0.123069
f 2434/4979/2434 2425/4978/2425 2553/5042/2553
f 2600/4922/2600 2531/4784/2531 2429/4800/2429
vt 0.046204 0.125455
f 2434/4969/2434 2523/5043/2523 2501/4970/2501
vt 0.425382 0.112249
vt 0.423111 0.113735
vt 0.423864 0.109975
f 2523/5044/2523 2434/5045/2434 2553/5046/2553
f 2491/4992/2491 2553/5009/2553 2447/4991/2447
vt 0.806248 0.464650
f 2489/4853/2489 2597/5047/2597 2405/4724/2405
vt 0.667708 0.392032
f 2490/5013/2490 2504/5048/2504 2452/4984/2452
f 2562/4872/2562 2368/4593/2368 2563/5003/2563
f 2301/4248/2301 2554/4870/2554 2499/4727/2499
vt 0.674331 0.664865
f 2560/4552/2560 2469/4726/2469 2983/5049/2983
f 2466/4874/2466 2656/4971/2656 2217/4159/2217
f 2878/4542/2878 2605/4449/2605 2339/4553/2339
vt 0.607894 0.371429
f 2290/4605/2290 2457/4990/2457 2535/5050/2535
f 2602/4606/2602 2635/5028/2635 2201/4403/2201
vt 0.292931 0.620596
f 2959/5051/2959 2473/4924/2473 2421/4490/2421
vt 0.811095 0.953757
f 2542/5052/2542 2479/4572/2479 2684/4892/2684
vt 0.852213 0.411289
f 2387/4927/2387 2481/4905/2481 2532/5053/2532
f 2521/4932/2521 2392/4820/2392 2503/4904/2503
vt 0.045233 0.132699
vt 0.044625 0.135226
f 2465/4857/2465 2555/5054/2555 2533/5055/2533
vt 0.979833 0.195559
vt 0.977015 0.192067
f 2491/4992/2491 2484/5056/2484 2496/5057/2496
vt 0.976842 0.196120
f 2496/5057/2496 2484/5056/2484 2504/5058/2504
vt 0.979260 0.197105
f 2484/5056/2484 2452/5059/2452 2504/5058/2504
vt 0.457150 0.644125
f 2573/5016/2573 2571/5060/2571 2396/4747/2396
vt 0.026386 0.067983
f 2519/4877/2519 2483/5061/2483 2468/5008/2468
vt 0.624041 0.944631
f 2500/4858/2500 2589/5062/2589 2498/4740/2498
vt 0.279601 0.389832
vt 0.282199 0.391655
f 2568/4937/2568 2468/5063/2468 2483/5064/2483
vt 0.437805 0.206252
f 2588/5065/2588 2482/4999/2482 2487/4944/2487
vt 0.832943 0.429945
f 2620/5066/2620 2403/4749/2403 2402/4869/2402
f 2284/4538/2284 2365/4907/2365 2524/5005/2524
vt 0.169018 0.424679
f 2645/5067/2645 2512/4758/2512 2541/4964/2541
vt 0.183421 0.425062
f 2541/4964/2541 2440/4890/2440 2575/5068/2575
vt 0.047985 0.850656
f 2525/4998/2525 2394/4813/2394 2414/5069/2414
vt 0.273314 0.983395
f 2641/5023/2641 2640/5070/2640 2538/5024/2538
f 2709/4880/2709 2644/5031/2644 2393/4487/2393
f 2411/4894/2411 2376/4826/2376 2641/5023/2641
f 2543/5021/2543 2477/4615/2477 2472/5033/2472
f 2471/4958/2471 2526/5040/2526 2488/5002/2488
f 2417/4495/2417 2528/4897/2528 2422/4325/2422
vt 0.990365 0.343647
vt 0.986220 0.344457
vt 0.989246 0.342508
f 2505/5071/2505 2610/5072/2610 2474/5073/2474
vt 0.160609 0.420897
f 2506/5025/2506 2512/4758/2512 2646/5074/2646
vt 0.395982 0.298247
vt 0.402928 0.291900
vt 0.401429 0.308072
f 2376/5075/2376 2443/5076/2443 2680/5077/2680
vt 0.296058 0.386054
f 2308/4416/2308 2665/5078/2665 2233/4550/2233
f 2333/4713/2333 2189/4347/2189 2598/4926/2598
vt 0.371729 0.462049
f 2324/4828/2324 2735/5079/2735 2378/4618/2378
f 2557/5015/2557 2614/5018/2614 2234/4424/2234
vt 0.627242 0.947349
f 2498/4740/2498 2722/5080/2722 2408/4793/2408
vt 0.141257 0.413202
f 2506/5025/2506 2579/5081/2579 2464/4373/2464
f 2453/4829/2453 2476/4681/2476 2686/5030/2686
vt 0.390974 0.455125
f 2576/5036/2576 2435/5082/2435 2413/5037/2413
vt 0.623359 0.935255
f 2834/5083/2834 2500/4858/2500 2435/4923/2435
f 2566/4678/2566 2959/5051/2959 2421/4490/2421
vt 0.450843 0.201938
vt 0.447954 0.198486
f 2481/5084/2481 2494/4810/2494 2551/5085/2551
vt 0.287846 0.611535
f 2439/4406/2439 2951/5086/2951 2566/4678/2566
vt 0.687515 0.796377
f 2458/4844/2458 2795/5087/2795 2334/4568/2334
vt 0.444749 0.204410
f 2494/4810/2494 2495/4809/2495 2482/5088/2482
f 2555/5054/2555 2465/4857/2465 2501/4970/2501
vt 0.115077 0.403373
f 2268/4488/2268 2522/5089/2522 2449/4529/2449
vt 0.450722 0.644914
f 2517/4586/2517 2728/5090/2728 2493/4585/2493
vt 0.282280 0.390024
vt 0.284566 0.390237
f 2483/5064/2483 2519/5091/2519 2558/5092/2558
f 2451/4972/2451 2403/4749/2403 2620/5066/2620
vt 0.047699 0.139390
f 2521/4932/2521 2503/4904/2503 2595/5093/2595
f 2557/5015/2557 2233/4550/2233 2665/5078/2665
vt 0.044803 0.150704
f 2432/4973/2432 2661/5004/2661 2502/5094/2502
vt 0.019293 0.073139
vt 0.020700 0.070617
f 2519/4877/2519 2614/5095/2614 2547/5096/2547
vt 0.662938 0.389713
f 2436/4906/2436 2530/5097/2530 2490/5013/2490
vt 0.048207 0.847953
f 2584/5098/2584 2525/4998/2525 2414/5069/2414
vt 0.312788 0.375612
f 2552/5099/2552 2524/5005/2524 2502/4909/2502
vt 0.023247 0.069168
f 2558/5100/2558 2519/4877/2519 2547/5096/2547
vt 0.739057 0.250985
f 2624/4745/2624 2584/5101/2584 2414/4865/2414
vt 0.659345 0.390316
f 2492/4910/2492 2529/5102/2529 2436/4906/2436
f 2302/4532/2302 2433/4596/2433 2572/4989/2572
vt 0.815467 0.443884
f 2563/5003/2563 2455/4976/2455 2755/5103/2755
vt 0.455675 0.196433
vt 0.455419 0.198622
vt 0.452105 0.198082
f 2457/5104/2457 2387/5105/2387 2532/5106/2532
vt 0.910012 0.549609
vt 0.911215 0.552783
f 2485/5107/2485 2460/4841/2460 2578/5108/2578
vt 0.385216 0.555277
vt 0.387310 0.553927
vt 0.388062 0.555646
f 2515/5109/2515 2485/5110/2485 2570/5111/2570
vt 0.933547 0.126899
vt 0.931477 0.130666
vt 0.931607 0.127978
f 2596/5112/2596 2501/5113/2501 2523/5114/2523
vt 0.666564 0.653125
f 2469/4726/2469 2180/3927/2180 2778/5115/2778
vt 0.423980 0.106898
vt 0.425996 0.107421
f 2553/5046/2553 2491/5116/2491 2569/5117/2569
f 2503/4904/2503 2465/4857/2465 2533/5055/2533
vt 0.047782 0.127827
f 2501/4970/2501 2596/5118/2596 2555/5054/2555
vt 0.051926 0.143233
f 2599/5119/2599 2661/5004/2661 2521/4932/2521
vt 0.849675 0.412058
f 2532/5053/2532 2481/4905/2481 2551/5120/2551
vt 0.667351 0.390043
f 2530/5097/2530 2504/5121/2504 2490/5013/2490
vt 0.444809 0.201697
f 2551/5085/2551 2494/4810/2494 2561/5122/2561
vt 0.660760 0.390797
f 2530/5097/2530 2436/4906/2436 2529/5123/2529
vt 0.972393 0.198744
vt 0.971128 0.200462
vt 0.969967 0.198781
f 2530/5124/2530 2529/5125/2529 2565/5126/2565
vt 0.444875 0.201773
f 2494/4810/2494 2482/5088/2482 2561/5127/2561
f 2466/4874/2466 2342/4154/2342 2509/4540/2509
f 2513/4663/2513 2559/5001/2559 2606/4554/2606
vt 0.419595 0.063633
vt 0.420860 0.060997
vt 0.424240 0.062701
f 2643/5128/2643 2535/5129/2535 2457/5130/2457
vt 0.423310 0.065747
f 2643/5128/2643 2457/5130/2457 2532/5131/2532
vt 0.777150 0.627490
f 2302/4532/2302 2718/5132/2718 2307/4483/2307
vt 0.245927 0.990160
f 2505/5017/2505 2539/4956/2539 2612/5133/2612
vt 0.248540 0.987481
vt 0.246549 0.983182
f 2537/5134/2537 2539/4956/2539 2538/5135/2538
f 2892/4965/2892 2401/4796/2401 2499/4727/2499
f 2309/4627/2309 2534/5034/2534 2648/4968/2648
f 2308/4416/2308 2284/4538/2284 2524/5005/2524
vt 0.283560 0.601941
f 2439/4406/2439 2528/4897/2528 2888/5136/2888
vt 0.836009 0.990843
f 2474/4886/2474 2610/5137/2610 2445/4426/2445
vt 0.060376 0.782433
vt 0.063607 0.784336
vt 0.057879 0.784383
f 2290/5138/2290 2535/5139/2535 2682/5140/2682
vt 0.828703 0.983746
f 2711/5141/2711 2445/4426/2445 2610/5137/2610
vt 0.716800 0.524668
f 2446/4418/2446 2578/5142/2578 2460/4839/2460
vt 0.160485 0.421468
f 2645/5067/2645 2646/5143/2646 2512/4758/2512
f 2577/4946/2577 2292/4676/2292 2623/5022/2623
f 2544/4891/2544 2445/4426/2445 2711/5141/2711
vt 0.795962 0.659888
vt 0.798206 0.654976
f 2549/5144/2549 2516/4981/2516 2404/5145/2404
vt 0.382944 0.455176
vt 0.385952 0.456556
f 2442/4918/2442 2580/5146/2580 2576/5147/2576
f 2443/5076/2443 2382/4765/2382 2680/5077/2680
vt 0.117217 0.407001
f 2574/5148/2574 2268/4488/2268 2480/4963/2480
vt 0.381957 0.458655
f 2418/5149/2418 2580/5146/2580 2442/4918/2442
vt 0.788024 0.649122
f 2545/4717/2545 2632/5150/2632 2572/4989/2572
vt 0.795728 0.929164
f 2575/5027/2575 2381/4470/2381 2642/5151/2642
vt 0.875277 0.277822
vt 0.881672 0.275521
vt 0.883381 0.283388
f 2480/5152/2480 2508/5153/2508 2579/5154/2579
vt 0.136863 0.410175
f 2579/5081/2579 2508/5155/2508 2464/4373/2464
vt 0.179472 0.428582
f 2575/5068/2575 2536/5156/2536 2541/4964/2541
vt 0.466049 0.297897
f 2749/5157/2749 2581/5035/2581 2430/4830/2430
f 2467/4709/2467 2749/5157/2749 2430/4830/2430
vt 0.077338 0.874915
f 2559/5001/2559 2408/5000/2408 2791/5158/2791
vt 0.473366 0.285974
f 2582/4925/2582 2687/5159/2687 2467/4709/2467
vt 0.342338 0.903243
f 2582/4967/2582 2454/4997/2454 2540/5160/2540
f 2589/5062/2589 2722/5080/2722 2498/4740/2498
vt 0.396532 0.834226
f 2615/5161/2615 2534/5034/2534 2520/4699/2520
vt 0.658804 0.388602
f 2492/4910/2492 2565/5162/2565 2529/5102/2529
f 2528/4897/2528 2417/4495/2417 2685/4893/2685
vt 0.974458 0.192704
vt 0.976740 0.195908
f 2608/5163/2608 2496/5057/2496 2504/5164/2504
vt 0.407190 0.169438
vt 0.405571 0.163851
vt 0.410315 0.163938
f 2576/5165/2576 2692/5166/2692 2435/5167/2435
vt 0.652335 0.387159
f 2492/4910/2492 2400/4782/2400 2621/5168/2621
vt 0.729182 0.225162
f 2601/5169/2601 2450/4899/2450 2409/4950/2409
f 2522/5089/2522 2268/4488/2268 2574/5148/2574
f 2400/4782/2400 2694/4933/2694 2621/5168/2621
f 2599/5119/2599 2521/4932/2521 2595/5093/2595
vt 0.737968 0.240812
f 2624/4745/2624 2518/4786/2518 2567/5170/2567
f 2615/5161/2615 2520/4699/2520 2631/4887/2631
vt 0.370386 0.464265
f 2603/5171/2603 2735/5079/2735 2324/4828/2324
f 2795/5087/2795 2458/4844/2458 2691/4941/2691
vt 0.018907 0.715353
f 2686/5030/2686 2527/5029/2527 2586/5172/2586
vt 0.052269 0.149698
f 2695/5173/2695 2502/5094/2502 2661/5004/2661
vt 0.802171 0.459032
f 2405/4724/2405 2597/5047/2597 2548/5174/2548
vt 0.275538 0.586525
f 2594/5175/2594 2685/4893/2685 2419/4674/2419
vt 0.048105 0.123871
vt 0.050099 0.122690
f 2553/5176/2553 2569/5177/2569 2523/5043/2523
vt 0.437290 0.216158
vt 0.430322 0.216767
vt 0.436008 0.214145
f 2451/5178/2451 2620/5179/2620 2428/5180/2428
vt 0.605029 0.315678
f 2489/4873/2489 2515/4947/2515 2570/5181/2570
vt 0.977527 0.187165
f 2491/4992/2491 2496/5057/2496 2569/5182/2569
vt 0.907610 0.551437
f 2570/5183/2570 2485/5107/2485 2578/5108/2578
vt 0.821285 0.439513
f 2625/5184/2625 2562/4872/2562 2563/5003/2563
vt 0.050501 0.847447
f 2584/5098/2584 2676/5185/2676 2525/4998/2525
vt 0.264951 0.565090
f 2355/4533/2355 2637/5186/2637 2602/4606/2602
f 2594/5175/2594 2419/4674/2419 2635/5028/2635
vt 0.969025 0.038395
vt 0.967283 0.039600
vt 0.965664 0.038537
f 2595/5187/2595 2503/5188/2503 2533/5189/2533
f 2510/4636/2510 2637/5186/2637 2355/4533/2355
vt 0.440594 0.211084
f 2487/5190/2487 2428/5180/2428 2588/5065/2588
f 2598/4926/2598 2479/4572/2479 2542/5052/2542
f 2402/4869/2402 2591/4980/2591 2620/5066/2620
f 2728/5090/2728 2573/5016/2573 2493/4585/2493
vt 0.312535 0.378114
f 2587/5191/2587 2524/5005/2524 2552/5099/2552
vt 0.797104 0.938111
f 2459/4728/2459 2333/4713/2333 2716/5192/2716
vt 0.283646 0.394057
f 2696/5193/2696 2483/5064/2483 2558/5092/2558
vt 0.051233 0.125041
f 2523/5043/2523 2569/5177/2569 2607/5194/2607
f 2568/4937/2568 2483/5064/2483 2696/5193/2696
vt 0.595404 0.029790
vt 0.598890 0.032137
vt 0.595689 0.032614
f 2502/5195/2502 2695/5196/2695 2552/5197/2552
vt 0.810150 0.449091
f 2755/5103/2755 2455/4976/2455 2762/5198/2762
vt 0.974549 0.186722
f 2619/5199/2619 2569/5182/2569 2496/5057/2496
vt 0.276381 0.395828
vt 0.278351 0.396303
f 2546/5200/2546 2486/4781/2486 2592/5201/2592
f 2486/4781/2486 2568/4937/2568 2592/5201/2592
vt 0.024196 0.831946
vt 0.026225 0.834230
f 2761/5202/2761 2601/5203/2601 2409/4834/2409
vt 0.601646 0.322597
vt 0.606776 0.320792
f 2597/5204/2597 2489/4873/2489 2633/5205/2633
f 2449/4529/2449 2522/5089/2522 2478/4723/2478
vt 0.606360 0.318078
f 2590/5206/2590 2489/4873/2489 2570/5181/2570
vt 0.986039 0.349389
f 2612/5207/2612 2610/5072/2610 2505/5071/2505
vt 0.265915 0.989818
vt 0.269863 0.989141
f 2537/5208/2537 2538/5024/2538 2639/5209/2639
f 2538/5024/2538 2640/5070/2640 2639/5209/2639
f 2735/5079/2735 2626/4952/2626 2378/4618/2378
f 2612/5133/2612 2539/4956/2539 2537/5134/2537
f 2888/5136/2888 2951/5086/2951 2439/4406/2439
f 2381/4470/2381 2459/4728/2459 2642/5151/2642
vt 0.286961 0.390870
vt 0.287549 0.389887
vt 0.289520 0.392343
f 2547/5210/2547 2614/5211/2614 2668/5212/2668
vt 0.638376 0.383054
f 2471/4958/2471 2475/4773/2475 2636/5213/2636
vt 0.389001 0.304729
f 2641/5214/2641 2376/5075/2376 2680/5077/2680
vt 0.635126 0.595549
f 3080/5215/3080 2651/5039/2651 2605/4449/2605
f 2605/4449/2605 2651/5039/2651 2497/4384/2497
f 2545/4717/2545 2516/4981/2516 2632/5150/2632
vt 0.415228 0.308575
f 2382/4765/2382 2683/5216/2683 2680/5077/2680
vt 0.657580 0.638151
f 2934/5217/2934 2499/4727/2499 2554/4870/2554
vt 0.711509 0.533272
f 2578/5142/2578 2446/4418/2446 2742/5218/2742
vt 0.749574 0.588312
f 2748/5219/2748 2326/4628/2326 2577/4946/2577
f 2748/5219/2748 2511/4848/2511 2326/4628/2326
vt 0.436919 0.786046
f 2745/4770/2745 2453/4665/2453 2677/5220/2677
vt 0.896557 0.283029
vt 0.905520 0.285352
vt 0.896475 0.289981
f 2506/5221/2506 2646/5222/2646 2647/5223/2647
vt 0.863056 0.277782
vt 0.868603 0.286059
f 2574/5224/2574 2480/5152/2480 2659/5225/2659
vt 0.475529 0.276231
vt 0.483917 0.274224
vt 0.480472 0.281832
f 2454/5226/2454 2583/5227/2583 2540/5228/2540
vt 0.106867 0.404380
f 2522/5089/2522 2564/5229/2564 2478/4723/2478
vt 0.343673 0.905856
f 2540/5160/2540 2687/5230/2687 2582/4967/2582
vt 0.730100 0.330094
vt 0.726242 0.331525
f 2820/5231/2820 2509/5232/2509 2456/4710/2456
f 2543/5021/2543 2683/5216/2683 2382/4765/2382
vt 0.051750 0.138021
vt 0.047281 0.135650
f 2655/5233/2655 2533/5234/2533 2555/5054/2555
vt 0.050758 0.131762
f 2655/5233/2655 2555/5054/2555 2617/5235/2617
vt 0.664493 0.386160
vt 0.667749 0.387812
f 2627/5236/2627 2608/5237/2608 2504/5121/2504
vt 0.498389 0.891916
f 2550/5238/2550 2656/4971/2656 2466/4874/2466
vt 0.677840 0.672311
f 2983/5049/2983 2714/5239/2714 2560/4552/2560
f 2627/5236/2627 2504/5121/2504 2530/5097/2530
vt 0.674123 0.674485
f 2560/4552/2560 2714/5239/2714 2470/5240/2470
vt 0.428439 0.209640
f 2588/5065/2588 2428/5180/2428 2815/5241/2815
vt 0.517705 0.866212
f 2656/4971/2656 2613/5242/2613 2514/4545/2514
vt 0.050858 0.128354
f 2629/5243/2629 2555/5054/2555 2596/5118/2596
vt 0.294998 0.632925
f 2473/4924/2473 2697/5244/2697 2517/4320/2517
vt 0.969616 0.195365
vt 0.971459 0.197020
f 2565/5126/2565 2627/5245/2627 2530/5246/2530
vt 0.421240 0.066427
f 2609/5247/2609 2643/5128/2643 2532/5131/2532
vt 0.384640 0.456368
vt 0.385146 0.455420
f 2580/5248/2580 2660/5249/2660 2576/5147/2576
vt 0.695678 0.823218
f 2531/4784/2531 2600/4922/2600 2818/5250/2818
vt 0.449463 0.195768
f 2609/5251/2609 2532/5106/2532 2551/5085/2551
f 2527/4862/2527 2334/4568/2334 2795/5087/2795
vt 0.657381 0.388711
vt 0.656876 0.386331
f 2565/5252/2565 2492/4910/2492 2658/5253/2658
vt 0.445168 0.196720
f 2551/5085/2551 2561/5122/2561 2759/5254/2759
vt 0.932349 0.124999
vt 0.934130 0.122673
f 2523/5255/2523 2607/5256/2607 2596/5112/2596
f 2492/4910/2492 2621/5168/2621 2658/5253/2658
vt 0.047234 0.136609
f 2595/5093/2595 2533/5257/2533 2655/5233/2655
f 2590/5206/2590 2633/5205/2633 2489/4873/2489
vt 0.804572 0.454714
f 2405/4724/2405 2548/5174/2548 2634/5258/2634
vt 0.970905 0.189845
vt 0.972581 0.187861
f 2616/5259/2616 2628/5260/2628 2608/5163/2608
vt 0.802656 0.949239
f 2598/4926/2598 2542/5052/2542 2715/5261/2715
f 2627/5245/2627 2616/5259/2616 2608/5163/2608
f 2617/5235/2617 2555/5054/2555 2629/5243/2629
vt 0.050870 0.126006
vt 0.051619 0.126802
f 2607/5262/2607 2670/5263/2670 2596/5118/2596
vt 0.824558 0.434220
f 2591/4980/2591 2353/4719/2353 2638/5264/2638
f 2596/5118/2596 2670/5263/2670 2629/5243/2629
vt 0.932189 0.121412
vt 0.933027 0.120247
f 2569/5265/2569 2619/5266/2619 2607/5256/2607
vt 0.017865 0.069853
vt 0.015570 0.070468
f 2668/5267/2668 2614/5095/2614 2664/5268/2664
f 2496/5057/2496 2608/5163/2608 2619/5199/2619
f 2619/5199/2619 2608/5163/2608 2628/5260/2628
vt 0.906160 0.553305
f 2570/5183/2570 2578/5108/2578 2622/5269/2622
vt 0.404275 0.167697
f 2576/5165/2576 2660/5270/2660 2692/5166/2692
vt 0.630421 0.952064
vt 0.631192 0.953554
vt 0.628669 0.953817
f 2703/5271/2703 2791/5272/2791 2408/5273/2408
f 2455/4976/2455 2405/4724/2405 2634/5258/2634
f 2561/5122/2561 2482/4999/2482 2588/5065/2588
vt 0.071938 0.873748
vt 0.073887 0.874375
f 2906/5274/2906 2703/5275/2703 2408/5000/2408
f 2892/4965/2892 2778/5115/2778 2180/3927/2180
f 2441/4860/2441 2603/5011/2603 2585/4670/2585
f 2581/5035/2581 2472/5033/2472 2462/4688/2462
f 2718/5132/2718 2302/4532/2302 2572/4989/2572
vt 0.307663 0.389542
f 2665/5078/2665 2308/4416/2308 2847/5276/2847
vt 0.630322 0.948767
f 2722/5080/2722 2906/5277/2906 2408/4793/2408
vt 0.388366 0.858420
f 2909/5278/2909 2648/4968/2648 2534/5034/2534
f 2892/4965/2892 2499/4727/2499 2934/5217/2934
vt 0.291763 0.387910
vt 0.290537 0.388963
f 2557/5279/2557 2665/5078/2665 2614/5280/2614
f 2623/5022/2623 2307/4483/2307 2718/5132/2718
f 2696/5193/2696 2558/5092/2558 2547/5210/2547
vt 0.099333 0.402545
f 2549/5020/2549 2478/4723/2478 2756/5281/2756
vt 0.927027 0.283561
vt 0.930336 0.291901
vt 0.922624 0.286478
f 2575/5282/2575 2642/5283/2642 2536/5284/2536
vt 0.422953 0.814702
f 2611/4779/2611 2745/4770/2745 2798/5285/2798
f 2579/5154/2579 2659/5225/2659 2480/5152/2480
vt 0.859132 0.283586
f 2574/5224/2574 2659/5225/2659 2787/5286/2787
vt 0.012458 0.715776
f 2686/5030/2686 2677/5287/2677 2453/4829/2453
vt 0.475944 0.291502
f 2467/4709/2467 2687/5159/2687 2649/5288/2649
f 2749/5157/2749 2467/4709/2467 2649/5288/2649
vt 0.620827 0.910443
f 2525/5014/2525 2758/5289/2758 2441/4860/2441
vt 0.485059 0.277235
f 2583/5227/2583 2604/5290/2604 2540/5228/2540
f 2385/4563/2385 2544/4891/2544 2684/4892/2684
vt 0.723917 0.556978
f 2379/4357/2379 2406/4836/2406 2679/5291/2679
f 2679/5291/2679 2593/4940/2593 2379/4357/2379
vt 0.626261 0.373661
f 2475/4773/2475 2375/4419/2375 2868/5292/2868
f 2375/4419/2375 2682/4831/2682 2868/5292/2868
f 2756/5281/2756 2478/4723/2478 2564/5229/2564
vt 0.793267 0.656563
f 2549/5144/2549 2618/5293/2618 2516/4981/2516
vt 0.613022 0.906361
vt 0.615836 0.907765
vt 0.612236 0.908420
f 2676/5294/2676 2675/5295/2675 2525/5296/2525
f 2526/5040/2526 2471/4958/2471 2636/5213/2636
vt 0.626358 0.939077
f 2589/5062/2589 2500/4858/2500 2743/5297/2743
f 2815/5241/2815 2428/5180/2428 2620/5179/2620
f 2500/4858/2500 2834/5083/2834 2743/5297/2743
vt 0.704029 0.826011
vt 0.698065 0.830211
f 2600/4922/2600 2546/5298/2546 2763/5299/2763
vt 0.285036 0.399101
f 2568/4937/2568 2696/5193/2696 2654/5300/2654
vt 0.935181 0.121180
vt 0.936743 0.122921
f 2607/5256/2607 2619/5301/2619 2670/5302/2670
vt 0.051552 0.154352
vt 0.049624 0.152321
vt 0.055420 0.152492
f 2587/5303/2587 2552/5304/2552 2650/5305/2650
vt 0.406536 0.162501
f 2834/5306/2834 2435/5167/2435 2692/5166/2692
f 2353/4719/2353 2562/4872/2562 2638/5264/2638
vt 0.968535 0.199718
vt 0.965506 0.198906
f 2627/5245/2627 2565/5307/2565 2658/5308/2658
vt 0.687439 0.792274
f 2586/5309/2586 2527/4862/2527 2795/5087/2795
vt 0.406422 0.831593
f 2631/4887/2631 2720/5310/2720 2615/5161/2615
vt 0.265474 0.558445
f 2510/4636/2510 2768/5311/2768 2637/5186/2637
vt 0.603896 0.552165
f 2310/4144/2310 3033/5312/3033 1954/4015/1954
vt 0.609627 0.559561
f 3033/5312/3033 3030/5313/3030 1954/4015/1954
vt 0.480747 0.286205
f 2687/5159/2687 2540/5228/2540 2689/5314/2689
f 3030/5313/3030 2461/4722/2461 1954/4015/1954
vt 0.798060 0.463452
f 2548/5174/2548 2597/5047/2597 2723/5315/2723
vt 0.387104 0.559231
vt 0.390113 0.559566
f 2590/5316/2590 2570/5111/2570 2622/5317/2622
vt 0.052942 0.134067
f 2655/5233/2655 2617/5235/2617 2630/5318/2630
vt 0.626437 0.562418
f 2878/4542/2878 2461/4722/2461 2712/5319/2712
f 2599/5119/2599 2595/5093/2595 2655/5233/2655
f 2650/5305/2650 2552/5304/2552 2695/5173/2695
vt 0.654243 0.384367
f 2663/5320/2663 2658/5253/2658 2621/5168/2621
vt 0.651586 0.384367
f 2663/5320/2663 2621/5168/2621 2738/5321/2738
vt 0.713816 0.106966
vt 0.714345 0.104939
vt 0.715776 0.104324
f 2670/5322/2670 2619/5323/2619 2628/5324/2628
f 2820/5231/2820 2456/4710/2456 2556/5038/2556
vt 0.279991 0.397503
f 2568/4937/2568 2654/5300/2654 2592/5325/2592
vt 0.499566 0.901902
f 2820/5326/2820 2466/4874/2466 2509/4540/2509
vt 0.349900 0.008209
vt 0.349657 0.010459
vt 0.346658 0.008524
f 2609/5327/2609 2551/5328/2551 2759/5329/2759
f 2763/5299/2763 2818/5250/2818 2600/4922/2600
f 2657/4975/2657 2514/4545/2514 2613/5242/2613
vt 0.733770 0.295798
f 2714/5330/2714 2653/4652/2653 2470/4959/2470
vt 0.442286 0.196641
f 2759/5254/2759 2561/5122/2561 2760/5331/2760
vt 0.438392 0.198804
f 2588/5065/2588 2667/5332/2667 2561/5122/2561
vt 0.605263 0.324278
f 2723/5333/2723 2597/5204/2597 2633/5205/2633
vt 0.378555 0.454631
f 2739/5334/2739 2580/5146/2580 2418/5149/2418
f 2638/5264/2638 2562/4872/2562 2625/5184/2625
f 2739/5334/2739 2418/5149/2418 2626/4952/2626
vt 0.313379 0.381793
f 2524/5005/2524 2587/5191/2587 2726/5335/2726
vt 0.358548 0.892621
f 2644/5031/2644 2671/5336/2671 2583/4996/2583
vt 0.740862 0.246804
f 2624/4745/2624 2736/5337/2736 2584/5101/2584
vt 0.353690 0.893386
f 2604/5338/2604 2583/4996/2583 2671/5336/2671
f 2308/4416/2308 2524/5005/2524 2726/5335/2726
f 2716/5192/2716 2333/4713/2333 2598/4926/2598
vt 0.766806 0.626124
f 2623/5022/2623 2718/5132/2718 2827/5339/2827
vt 0.818574 0.977042
f 2544/4891/2544 2711/5141/2711 2674/5340/2674
f 2459/4728/2459 2716/5192/2716 2642/5151/2642
f 2567/5170/2567 2736/5337/2736 2624/4745/2624
vt 0.449160 0.646124
f 2697/5341/2697 2728/5090/2728 2517/4586/2517
vt 0.049398 0.844895
vt 0.047362 0.844230
f 2678/5342/2678 2584/5098/2584 2736/5343/2736
vt 0.612207 0.370013
vt 0.615447 0.369775
f 2682/4831/2682 2535/5344/2535 2673/5345/2673
vt 0.915591 0.289777
vt 0.914229 0.298408
vt 0.911584 0.287437
f 2717/5346/2717 2681/5347/2681 2645/5348/2645
vt 0.174432 0.430939
f 2541/4964/2541 2717/5349/2717 2645/5067/2645
f 2631/4887/2631 2611/4779/2611 2798/5285/2798
f 2536/5156/2536 2717/5349/2717 2541/4964/2541
vt 0.289550 0.394438
f 2725/5350/2725 2696/5193/2696 2547/5210/2547
vt 0.903002 0.295949
f 2647/5223/2647 2646/5222/2646 2753/5351/2753
vt 0.738955 0.237156
f 2567/5170/2567 2518/4786/2518 2729/5352/2729
f 2450/4899/2450 2729/5352/2729 2518/4786/2518
f 2779/4832/2779 2511/4848/2511 2748/5219/2748
vt 0.710989 0.539963
f 2224/4599/2224 2719/5353/2719 2446/4418/2446
vt 0.885985 0.290954
vt 0.892306 0.303769
f 2785/5354/2785 2647/5223/2647 2741/5355/2741
f 2647/5223/2647 2785/5354/2785 2506/5221/2506
f 2506/5221/2506 2785/5354/2785 2579/5154/2579
vt 0.350078 0.899852
f 2540/5356/2540 2604/5338/2604 2671/5336/2671
vt 0.294878 0.392233
f 2614/5280/2614 2665/5078/2665 2652/5357/2652
vt 0.701724 0.828541
f 2592/5358/2592 2763/5299/2763 2546/5298/2546
vt 0.431405 0.205107
f 2690/5359/2690 2588/5065/2588 2815/5241/2815
vt 0.291201 0.391338
f 2664/5360/2664 2614/5280/2614 2652/5357/2652
vt 0.786573 0.655404
f 2632/5150/2632 2516/4981/2516 2688/5361/2688
f 2691/4941/2691 2531/4784/2531 2818/5250/2818
f 2561/5122/2561 2667/5332/2667 2760/5331/2760
vt 0.424525 0.215623
vt 0.429110 0.219611
f 2788/5362/2788 2620/5179/2620 2591/5363/2591
vt 0.817488 0.438895
f 2724/5364/2724 2625/5184/2625 2563/5003/2563
vt 0.248119 0.072907
vt 0.248076 0.070685
vt 0.250029 0.070985
f 2707/5365/2707 2630/5366/2630 2617/5367/2617
vt 0.715001 0.109637
vt 0.713974 0.108650
f 2707/5368/2707 2629/5369/2629 2670/5322/2670
vt 0.050880 0.128459
vt 0.052543 0.130436
f 2617/5235/2617 2629/5370/2629 2707/5371/2707
vt 0.684892 0.805668
f 2691/4941/2691 2822/5372/2822 2795/5087/2795
f 2621/5168/2621 2694/4933/2694 2738/5321/2738
vt 0.962141 0.194978
f 2658/5308/2658 2662/5373/2662 2627/5245/2627
vt 0.645377 0.381303
f 2526/5040/2526 2701/5374/2701 2694/4933/2694
vt 0.952542 0.207578
vt 0.949743 0.204386
vt 0.954223 0.205220
f 2636/5375/2636 2764/5376/2764 2526/5377/2526
vt 0.055064 0.154605
f 2587/5303/2587 2650/5305/2650 2726/5378/2726
vt 0.689309 0.816471
f 2767/5379/2767 2691/4941/2691 2818/5250/2818
vt 0.685135 0.794130
f 2586/5309/2586 2795/5087/2795 2693/5380/2693
f 2758/5289/2758 2525/5014/2525 2675/5295/2675
vt 0.965437 0.192317
f 2616/5259/2616 2627/5245/2627 2727/5381/2727
f 2727/5381/2727 2627/5245/2627 2662/5373/2662
vt 0.735908 0.224596
f 2601/5169/2601 2844/5382/2844 2450/4899/2450
vt 0.433723 0.201892
f 2667/5332/2667 2588/5065/2588 2828/5383/2828
vt 0.616266 0.903749
f 2678/5384/2678 2675/5295/2675 2676/5294/2676
f 2455/4976/2455 2634/5258/2634 2762/5198/2762
vt 0.424514 0.222227
f 2788/5362/2788 2591/5363/2591 2638/5385/2638
vt 0.717157 0.107267
f 2707/5368/2707 2670/5322/2670 2708/5386/2708
vt 0.613729 0.905293
f 2678/5384/2678 2676/5294/2676 2584/5387/2584
f 2670/5322/2670 2628/5324/2628 2708/5386/2708
vt 0.419379 0.225192
vt 0.421868 0.225257
f 2705/5388/2705 2638/5385/2638 2625/5389/2625
vt 0.649072 0.382574
f 2738/5321/2738 2694/4933/2694 2733/5390/2733
vt 0.819904 0.437361
f 2705/5391/2705 2625/5184/2625 2724/5364/2724
vt 0.549787 0.050436
vt 0.552612 0.050258
vt 0.553178 0.051328
f 2609/5392/2609 2825/5393/2825 2643/5394/2643
f 2724/5364/2724 2563/5003/2563 2755/5103/2755
vt 0.611297 0.322151
vt 0.609473 0.325551
f 2669/5395/2669 2723/5396/2723 2633/5205/2633
f 2951/5086/2951 2959/5051/2959 2566/4678/2566
vt 0.608311 0.318805
f 2590/5397/2590 2669/5395/2669 2633/5205/2633
vt 0.712420 0.547040
f 2889/5398/2889 2719/5353/2719 2224/4599/2224
vt 0.977384 0.345311
f 2672/5399/2672 2610/5072/2610 2612/5207/2612
vt 0.657598 0.626117
f 2935/5400/2935 2934/5217/2934 2554/4870/2554
vt 0.979030 0.342199
vt 0.985443 0.344512
f 2711/5401/2711 2610/5402/2610 2672/5399/2672
vt 0.777336 0.638963
f 2572/4989/2572 2706/5403/2706 2718/5132/2718
f 2671/5336/2671 2644/5031/2644 2709/4880/2709
vt 0.983786 0.351748
vt 0.980551 0.352325
f 2612/5207/2612 2537/5404/2537 2639/5405/2639
f 2716/5192/2716 2598/4926/2598 2715/5261/2715
vt 0.923538 0.297622
vt 0.933497 0.299666
f 2809/5406/2809 2642/5283/2642 2716/5407/2716
f 2547/5210/2547 2668/5212/2668 2725/5350/2725
f 2536/5284/2536 2642/5283/2642 2809/5406/2809
f 2682/4831/2682 2673/5345/2673 2868/5292/2868
vt 0.910616 0.124924
vt 0.914265 0.122601
vt 0.913585 0.128932
f 2688/5408/2688 2618/5409/2618 2756/5410/2756
vt 0.403953 0.842648
f 2698/5411/2698 2534/5034/2534 2615/5161/2615
vt 0.913355 0.121057
f 2516/5412/2516 2618/5409/2618 2688/5408/2688
vt 0.918685 0.291086
f 2717/5413/2717 2536/5284/2536 2809/5406/2809
vt 0.756963 0.607092
f 2577/4946/2577 2623/5022/2623 2713/5414/2713
f 2689/5314/2689 2649/5288/2649 2687/5159/2687
vt 0.523076 0.866212
f 2657/4975/2657 2613/5242/2613 2761/5415/2761
f 2577/4946/2577 2713/5414/2713 2748/5219/2748
vt 0.648426 0.604210
f 2651/5039/2651 2771/5416/2771 2817/4798/2817
f 2646/5222/2646 2645/5348/2645 2753/5351/2753
vt 0.067047 0.786763
vt 0.062854 0.788610
f 2535/5139/2535 2643/5417/2643 2673/5418/2673
vt 0.375440 0.871983
f 2648/4968/2648 2744/5419/2744 2709/4880/2709
f 2889/5398/2889 2224/4599/2224 2593/4940/2593
vt 0.178840 0.072015
vt 0.176455 0.076198
vt 0.173546 0.074789
f 2743/5420/2743 2722/5421/2722 2589/5422/2589
vt 0.860977 0.273808
vt 0.852392 0.275043
f 2522/5423/2522 2574/5224/2574 2564/5424/2564
f 2564/5424/2564 2574/5224/2574 2787/5286/2787
vt 0.808830 0.443532
f 2755/5103/2755 2762/5198/2762 2858/5425/2858
f 2620/5179/2620 2788/5362/2788 2815/5241/2815
vt 0.412948 0.829341
f 2631/4887/2631 2798/5285/2798 2700/5426/2700
vt 0.274435 0.576693
f 3016/5427/3016 2594/5175/2594 2635/5028/2635
vt 0.403177 0.165464
f 2692/5166/2692 2660/5270/2660 2805/5428/2805
vt 0.013728 0.068555
vt 0.016298 0.068530
f 2732/5429/2732 2668/5430/2668 2664/5268/2664
vt 0.420363 0.220118
f 2666/5431/2666 2638/5385/2638 2705/5388/2705
vt 0.969363 0.185570
f 2616/5259/2616 2708/5432/2708 2628/5260/2628
vt 0.962035 0.199189
f 2658/5308/2658 2663/5433/2663 2662/5373/2662
f 2690/5359/2690 2828/5383/2828 2588/5065/2588
vt 0.699617 0.184408
vt 0.697098 0.183830
vt 0.700716 0.183777
f 2792/5434/2792 2825/5435/2825 2609/5436/2609
vt 0.058691 0.147585
f 2695/5173/2695 2661/5004/2661 2860/5437/2860
vt 0.370883 0.051231
vt 0.374338 0.053049
vt 0.371920 0.053290
f 2609/5438/2609 2759/5439/2759 2792/5440/2792
vt 0.373482 0.457335
f 2735/5079/2735 2775/5441/2775 2626/4952/2626
f 2685/4893/2685 2888/5136/2888 2528/4897/2528
vt 0.769674 0.632915
f 2793/5442/2793 2718/5132/2718 2706/5403/2706
vt 0.280600 0.590205
f 2953/5443/2953 2888/5136/2888 2685/4893/2685
vt 0.634053 0.950261
f 2791/5272/2791 2703/5271/2703 2734/5444/2734
f 2638/5385/2638 2666/5431/2666 2788/5362/2788
vt 0.290811 0.399873
f 2757/5445/2757 2696/5193/2696 2725/5350/2725
vt 0.300435 0.391096
f 2652/5357/2652 2665/5078/2665 2702/5446/2702
vt 0.056209 0.138817
f 2630/5318/2630 2772/5447/2772 2655/5233/2655
vt 0.967299 0.188700
vt 0.968008 0.188091
f 2616/5259/2616 2699/5448/2699 2708/5449/2708
vt 0.282298 0.400764
f 2654/5300/2654 2704/5450/2704 2592/5325/2592
vt 0.015017 0.067375
f 2668/5430/2668 2732/5429/2732 2725/5451/2725
vt 0.055498 0.131070
vt 0.056480 0.132815
f 2630/5318/2630 2707/5452/2707 2730/5453/2730
f 2772/5447/2772 2630/5318/2630 2730/5453/2730
vt 0.244441 0.075758
vt 0.241805 0.073923
vt 0.246469 0.074562
f 2773/5454/2773 2731/5455/2731 2708/5456/2708
f 2655/5233/2655 2772/5447/2772 2599/5119/2599
vt 0.245134 0.071667
f 2707/5365/2707 2731/5455/2731 2730/5457/2730
f 2707/5365/2707 2708/5456/2708 2731/5455/2731
f 2701/5374/2701 2733/5390/2733 2694/4933/2694
f 2594/5175/2594 2953/5443/2953 2685/4893/2685
vt 0.299331 0.630522
f 2740/5458/2740 2697/5244/2697 2473/4924/2473
vt 0.387432 0.314605
vt 0.385306 0.308371
f 2641/5214/2641 2710/5459/2710 2640/5460/2640
vt 0.386729 0.870779
f 2648/4968/2648 2897/5461/2897 2744/5419/2744
vt 0.472270 0.300541
f 2749/5157/2749 2649/5288/2649 2751/5462/2751
f 2680/5077/2680 2710/5459/2710 2641/5214/2641
f 2648/4968/2648 2909/5278/2909 2897/5461/2897
vt 0.486196 0.287096
f 2689/5314/2689 2540/5228/2540 2721/5463/2721
vt 0.459079 0.306298
f 2472/5033/2472 2581/5035/2581 2752/5464/2752
vt 0.636860 0.378993
f 2864/5465/2864 2636/5213/2636 2475/4773/2475
vt 0.488572 0.280774
f 2540/5228/2540 2671/5466/2671 2721/5463/2721
vt 0.490287 0.283542
f 2802/5467/2802 2721/5463/2721 2671/5466/2671
vt 0.977957 0.341998
vt 0.969806 0.341636
f 2711/5468/2711 2672/5399/2672 2804/5469/2804
vt 0.917916 0.291913
f 2681/5347/2681 2717/5470/2717 2809/5406/2809
vt 0.365054 0.890397
f 2747/5471/2747 2671/5336/2671 2709/4880/2709
f 2726/5335/2726 2847/5276/2847 2308/4416/2308
vt 0.812889 0.969532
f 2684/4892/2684 2544/4891/2544 2838/5472/2838
vt 0.793453 0.664896
f 2549/5144/2549 2756/5473/2756 2618/5293/2618
f 2602/4606/2602 3016/5427/3016 2635/5028/2635
vt 0.903568 0.306780
f 2753/5351/2753 2786/5474/2786 2741/5355/2741
vt 0.777875 0.651125
f 2706/5403/2706 2572/4989/2572 2794/5475/2794
vt 0.865511 0.338584
vt 0.870278 0.342061
vt 0.862570 0.342256
f 2802/5476/2802 2671/5477/2671 2747/5478/2747
vt 0.877145 0.295967
f 2812/5479/2812 2579/5154/2579 2785/5354/2785
f 2753/5351/2753 2741/5355/2741 2647/5223/2647
vt 0.422029 0.318535
vt 0.442034 0.312425
f 2806/5480/2806 2543/5021/2543 2750/5481/2750
f 2543/5021/2543 2472/5033/2472 2750/5481/2750
f 2579/5154/2579 2812/5479/2812 2659/5225/2659
vt 0.730623 0.567303
f 2679/5291/2679 2406/4836/2406 2754/5482/2754
f 2645/5348/2645 2681/5347/2681 2753/5351/2753
vt 0.738359 0.230076
f 2894/5483/2894 2729/5352/2729 2450/4899/2450
vt 0.741939 0.242034
f 2736/5337/2736 2567/5170/2567 2777/5484/2777
vt 0.804466 0.957721
f 2542/5052/2542 2684/4892/2684 2776/5485/2776
f 2742/5218/2742 2446/4418/2446 2719/5353/2719
vt 0.616389 0.367707
f 2673/5345/2673 2896/5486/2896 2868/5292/2868
vt 0.013054 0.720710
f 2677/5287/2677 2686/5030/2686 2774/5487/2774
f 2775/5441/2775 2739/5334/2739 2626/4952/2626
vt 0.439316 0.795692
f 2745/4770/2745 2677/5220/2677 2843/5488/2843
vt 0.711661 0.525164
vt 0.694766 0.533532
f 2578/5489/2578 2742/5218/2742 3239/5490/3239
vt 0.018970 0.719169
f 2586/5172/2586 2693/5491/2693 2686/5030/2686
f 2754/5482/2754 2406/4836/2406 2779/4832/2779
vt 0.905932 0.556199
f 2833/5492/2833 2622/5269/2622 2578/5108/2578
vt 0.748475 0.599817
f 2837/5493/2837 2748/5219/2748 2713/5414/2713
vt 0.443242 0.787933
f 2843/5488/2843 2677/5220/2677 2774/5494/2774
vt 0.073367 0.871722
f 2906/5274/2906 2734/5495/2734 2703/5275/2703
vt 0.823432 0.102185
vt 0.824218 0.103094
vt 0.822328 0.103599
f 2699/5496/2699 2773/5497/2773 2708/5498/2708
f 2700/5426/2700 2720/5310/2720 2631/4887/2631
f 2727/5381/2727 2699/5448/2699 2616/5259/2616
vt 0.383909 0.450496
vt 0.384877 0.454350
f 2580/5146/2580 2805/5499/2805 2660/5500/2660
vt 0.048746 0.842955
f 2736/5343/2736 2737/5501/2737 2678/5342/2678
f 2661/5004/2661 2599/5119/2599 2860/5437/2860
vt 0.011808 0.070625
f 2732/5429/2732 2664/5268/2664 2652/5502/2652
vt 0.953420 0.202532
vt 0.949929 0.204474
f 2701/5503/2701 2526/5377/2526 2764/5504/2764
vt 0.055422 0.150116
f 2650/5305/2650 2695/5173/2695 2766/5505/2766
f 2766/5505/2766 2695/5173/2695 2860/5437/2860
vt 0.619538 0.914482
f 2758/5289/2758 2603/5506/2603 2441/4860/2441
vt 0.638612 0.380930
f 2864/5465/2864 2764/5507/2764 2636/5213/2636
vt 0.697857 0.181532
vt 0.698880 0.182423
f 2673/5508/2673 2643/5509/2643 2825/5435/2825
vt 0.499140 0.065309
vt 0.497209 0.063235
vt 0.500870 0.064372
f 2763/5510/2763 2592/5511/2592 2704/5512/2704
vt 0.317524 0.381956
vt 0.318593 0.379523
f 2854/5513/2854 2726/5335/2726 2650/5514/2650
vt 0.387864 0.562042
f 2590/5316/2590 2622/5317/2622 2669/5515/2669
vt 0.616099 0.321591
vt 0.611854 0.319368
f 2912/5516/2912 2669/5395/2669 2622/5517/2622
f 2698/5411/2698 2615/5161/2615 2720/5310/2720
vt 0.734716 0.326624
f 2507/4304/2507 2770/5518/2770 2556/5038/2556
f 2665/5078/2665 2847/5276/2847 2702/5446/2702
vt 0.966572 0.187543
vt 0.963140 0.187408
f 2699/5519/2699 2727/5381/2727 2765/5520/2765
vt 0.414829 0.220072
f 2666/5431/2666 2705/5388/2705 2923/5521/2923
vt 0.651956 0.382671
vt 0.653911 0.379859
f 2738/5522/2738 2733/5390/2733 2769/5523/2769
vt 0.959544 0.200211
vt 0.957482 0.196305
f 2663/5433/2663 2738/5524/2738 2769/5525/2769
f 2770/5518/2770 2820/5231/2820 2556/5038/2556
vt 0.965183 0.185747
f 2773/5526/2773 2699/5519/2699 2765/5520/2765
vt 0.394055 0.566651
vt 0.391535 0.560268
f 2883/5527/2883 2622/5317/2622 2833/5528/2833
vt 0.977363 0.350459
f 2639/5405/2639 2746/5529/2746 2612/5207/2612
f 2776/5485/2776 2715/5261/2715 2542/5052/2542
f 2746/5529/2746 2672/5399/2672 2612/5207/2612
vt 0.485500 0.290445
f 2649/5288/2649 2689/5314/2689 2721/5530/2721
vt 0.274407 0.989701
f 2640/5070/2640 2746/5531/2746 2639/5209/2639
vt 0.678775 0.667759
f 2983/5049/2983 3040/5532/3040 2714/5239/2714
vt 0.824887 0.985625
f 2674/5340/2674 2711/5141/2711 2804/5533/2804
vt 0.383240 0.314076
f 2640/5460/2640 2710/5459/2710 2746/5534/2746
f 2794/5475/2794 2572/4989/2572 2632/5150/2632
vt 0.596861 0.548872
f 2571/5535/2571 3033/5312/3033 2310/4144/2310
f 2674/5340/2674 2838/5472/2838 2544/4891/2544
f 2696/5193/2696 2757/5445/2757 2654/5300/2654
vt 0.599680 0.116662
vt 0.601092 0.118209
vt 0.594928 0.123028
f 2802/5536/2802 2840/5537/2840 2721/5538/2721
f 2534/5034/2534 2698/5411/2698 2909/5278/2909
f 2752/5464/2752 2750/5481/2750 2472/5033/2472
vt 0.466364 0.303923
f 2752/5464/2752 2749/5157/2749 2751/5539/2751
vt 0.300176 0.624484
f 2916/5540/2916 2740/5458/2740 2473/4924/2473
f 2543/5021/2543 2806/5480/2806 2683/5216/2683
vt 0.446801 0.638443
f 2728/5090/2728 2956/5541/2956 2573/5016/2573
vt 0.297654 0.631730
f 2740/5458/2740 2728/5542/2728 2697/5244/2697
vt 0.759488 0.616336
f 2713/5414/2713 2623/5022/2623 2801/5543/2801
vt 0.630174 0.942293
vt 0.627621 0.943185
f 2799/5544/2799 2722/5080/2722 2743/5545/2743
f 2889/5398/2889 2593/4940/2593 2679/5291/2679
vt 0.630859 0.588863
f 3092/5546/3092 3080/5215/3080 2605/4449/2605
f 2749/5157/2749 2752/5464/2752 2581/5035/2581
f 2681/5347/2681 2786/5474/2786 2753/5351/2753
vt 0.059244 0.135365
f 2730/5453/2730 2789/5547/2789 2772/5447/2772
f 2663/5433/2663 2769/5525/2769 2662/5373/2662
vt 0.211296 0.030233
vt 0.211036 0.027352
vt 0.213164 0.030232
f 2739/5548/2739 2805/5549/2805 2580/5550/2580
vt 0.243155 0.069949
f 2789/5551/2789 2730/5457/2730 2731/5455/2731
vt 0.624530 0.927569
vt 0.622536 0.932501
f 2805/5552/2805 2834/5083/2834 2692/5553/2692
f 2632/5150/2632 2688/5361/2688 2794/5475/2794
vt 0.620470 0.905365
f 2675/5295/2675 2678/5384/2678 2970/5554/2970
vt 0.293433 0.397422
vt 0.294734 0.395029
f 2850/5555/2850 2725/5350/2725 2732/5556/2732
vt 0.420696 0.826146
f 2700/5426/2700 2798/5285/2798 2975/5557/2975
vt 0.375819 0.055378
f 2792/5440/2792 2759/5439/2759 2824/5558/2824
vt 0.442906 0.194645
vt 0.439824 0.194457
f 2759/5559/2759 2760/5331/2760 2824/5560/2824
vt 0.417067 0.226086
f 2923/5521/2923 2705/5388/2705 2724/5561/2724
vt 0.733905 0.221736
f 2844/5382/2844 2601/5169/2601 2880/5562/2880
vt 0.731656 0.222097
f 2761/5563/2761 2880/5562/2880 2601/5169/2601
vt 0.320624 0.380364
f 2854/5513/2854 2650/5514/2650 2766/5564/2766
vt 0.957090 0.198382
vt 0.956830 0.201010
vt 0.952879 0.197497
f 2769/5565/2769 2733/5566/2733 2845/5567/2845
vt 0.842019 0.278304
f 2787/5286/2787 2831/5568/2831 2564/5424/2564
vt 0.949760 0.200099
f 2701/5503/2701 2764/5504/2764 2790/5569/2790
vt 0.315630 0.383418
f 2859/5570/2859 2726/5335/2726 2854/5513/2854
vt 0.063083 0.127621
vt 0.061713 0.129708
vt 0.059775 0.127053
f 2765/5571/2765 2731/5572/2731 2773/5573/2773
vt 0.797956 0.453766
f 2634/5258/2634 2548/5174/2548 2881/5574/2881
f 2777/5484/2777 2567/5170/2567 2729/5352/2729
f 2758/5289/2758 2675/5295/2675 2970/5554/2970
vt 0.794318 0.460739
f 2548/5174/2548 2723/5315/2723 2855/5575/2855
vt 0.682894 0.796485
vt 0.681225 0.798385
f 2693/5576/2693 2795/5087/2795 2829/5577/2829
vt 0.616805 0.325078
f 2723/5396/2723 2669/5395/2669 2826/5578/2826
vt 0.449263 0.636574
f 2956/5541/2956 3084/5579/3084 2573/5016/2573
vt 0.453317 0.640225
f 3084/5579/3084 2571/5580/2571 2573/5016/2573
vt 0.927566 0.305211
f 2809/5406/2809 2716/5407/2716 2839/5581/2839
vt 0.798788 0.946816
f 2716/5192/2716 2715/5261/2715 2808/5582/2808
vt 0.397687 0.318921
f 2680/5077/2680 2683/5216/2683 2874/5583/2874
vt 0.462637 0.313495
vt 0.455016 0.314495
vt 0.457949 0.310639
f 2783/5584/2783 2784/5585/2784 2780/5586/2780
vt 0.893896 0.327008
vt 0.878047 0.326797
vt 0.882038 0.320052
f 2751/5587/2751 2781/5588/2781 2814/5589/2814
vt 0.922261 0.309673
f 2809/5406/2809 2810/5590/2810 2681/5347/2681
vt 0.909034 0.321074
vt 0.890871 0.314804
vt 0.906139 0.314424
f 2780/5591/2780 2782/5592/2782 2783/5593/2783
vt 0.963767 0.339293
vt 0.963689 0.335049
f 2873/5594/2873 2674/5595/2674 2804/5469/2804
vt 0.632910 0.374479
f 2864/5465/2864 2475/4773/2475 2922/5596/2922
f 2776/5485/2776 2684/4892/2684 2838/5472/2838
vt 0.800954 0.950624
f 2715/5261/2715 2776/5485/2776 2803/5597/2803
vt 0.876073 0.335544
vt 0.884207 0.332386
f 2721/5598/2721 2781/5588/2781 2649/5599/2649
vt 0.312813 0.388073
f 2847/5276/2847 2726/5335/2726 2866/5600/2866
f 2715/5261/2715 2803/5597/2803 2808/5582/2808
vt 0.841927 0.272290
f 2564/5424/2564 2831/5568/2831 2756/5601/2756
vt 0.046919 0.839085
vt 0.047542 0.842112
vt 0.044684 0.839230
f 2832/5602/2832 2737/5603/2737 2777/5604/2777
vt 0.046295 0.843201
f 2777/5604/2777 2737/5603/2737 2736/5605/2736
vt 0.453399 0.309488
f 2750/5481/2750 2752/5606/2752 2784/5585/2784
f 2810/5590/2810 2786/5474/2786 2681/5347/2681
f 2780/5586/2780 2784/5585/2784 2752/5606/2752
vt 0.908144 0.325237
f 2782/5592/2782 2780/5591/2780 2752/5607/2752
f 2751/5587/2751 2782/5592/2782 2752/5607/2752
vt 0.440904 0.801802
f 2843/5488/2843 2813/5608/2813 2745/4770/2745
vt 0.705607 0.524272
f 2833/5609/2833 2578/5489/2578 3239/5490/3239
f 2693/5491/2693 2774/5487/2774 2686/5030/2686
vt 0.811287 0.060110
vt 0.810959 0.057461
vt 0.813806 0.058925
f 2758/5610/2758 2863/5611/2863 2603/5612/2603
vt 0.887727 0.329195
f 2751/5613/2751 2649/5599/2649 2781/5588/2781
f 2782/5592/2782 2751/5587/2751 2814/5589/2814
vt 0.060059 0.794249
vt 0.067407 0.791671
f 2896/5614/2896 2673/5418/2673 2825/5615/2825
vt 0.368011 0.460534
f 2863/5616/2863 2735/5079/2735 2603/5171/2603
f 2786/5474/2786 2783/5593/2783 2782/5592/2782
vt 0.878964 0.308261
f 2836/5617/2836 2785/5354/2785 2741/5355/2741
vt 0.733474 0.585645
f 3063/5618/3063 2779/4832/2779 2748/5219/2748
vt 0.864681 0.295126
f 2659/5225/2659 2872/5619/2872 2787/5286/2787
vt 0.739282 0.308103
f 2653/4652/2653 2927/5620/2927 2507/4304/2507
f 2785/5354/2785 2836/5617/2836 2812/5479/2812
f 2757/5445/2757 2725/5350/2725 2850/5555/2850
vt 0.650527 0.615101
f 2554/4870/2554 2817/4798/2817 2998/5621/2998
f 2820/5326/2820 2550/5238/2550 2466/4874/2466
vt 0.303432 0.397389
f 2652/5357/2652 2702/5446/2702 2857/5622/2857
vt 0.438485 0.195513
f 2667/5332/2667 2800/5623/2800 2760/5331/2760
vt 0.022637 0.824772
vt 0.026853 0.826604
f 2823/5624/2823 2880/5625/2880 2761/5202/2761
vt 0.020486 0.827365
f 2613/5626/2613 2823/5624/2823 2761/5202/2761
f 2827/5339/2827 2718/5132/2718 2793/5442/2793
vt 0.411380 0.224980
f 2923/5521/2923 2724/5561/2724 2865/5627/2865
vt 0.419184 0.212537
f 2848/5628/2848 2788/5362/2788 2666/5431/2666
vt 0.062029 0.151315
vt 0.058821 0.151603
f 2860/5437/2860 2821/5629/2821 2766/5630/2766
vt 0.801543 0.448292
f 2762/5198/2762 2634/5258/2634 2867/5631/2867
f 2662/5373/2662 2765/5520/2765 2727/5381/2727
vt 0.063307 0.142109
f 2599/5119/2599 2772/5447/2772 2884/5632/2884
vt 0.079693 0.870301
f 2933/5633/2933 2559/5001/2559 2791/5158/2791
f 2884/5632/2884 2860/5437/2860 2599/5119/2599
vt 0.391120 0.566572
f 2912/5634/2912 2622/5317/2622 2883/5527/2883
f 2826/5578/2826 2669/5395/2669 2912/5516/2912
vt 0.954182 0.192919
f 2769/5525/2769 2862/5635/2862 2662/5373/2662
vt 0.242354 0.070303
vt 0.238215 0.072147
f 2789/5636/2789 2731/5455/2731 2846/5637/2846
vt 0.444946 0.792272
f 2774/5494/2774 2869/5638/2869 2843/5488/2843
vt 0.062112 0.137193
f 2796/5639/2796 2772/5447/2772 2789/5547/2789
vt 0.678996 0.802419
f 2795/5087/2795 2822/5372/2822 2936/5640/2936
vt 0.627209 0.931242
f 2805/5552/2805 2911/5641/2911 2834/5083/2834
vt 0.647514 0.379122
vt 0.648121 0.379035
f 2733/5390/2733 2790/5642/2790 2845/5643/2845
vt 0.182907 0.073516
vt 0.179436 0.074918
f 2851/5644/2851 2799/5645/2799 2743/5420/2743
vt 0.298014 0.398212
f 2652/5357/2652 2857/5622/2857 2797/5646/2797
vt 0.952921 0.200348
f 2733/5647/2733 2701/5503/2701 2790/5569/2790
vt 0.011397 0.068152
vt 0.008564 0.068596
f 2732/5648/2732 2652/5502/2652 2797/5649/2797
vt 0.293106 0.601881
f 2951/5086/2951 2888/5136/2888 3067/5650/3067
f 2824/5560/2824 2760/5331/2760 2800/5623/2800
vt 0.414716 0.227923
f 2724/5561/2724 2755/5651/2755 2865/5627/2865
f 2548/5174/2548 2855/5575/2855 2881/5574/2881
vt 0.431977 0.197959
f 2667/5332/2667 2828/5383/2828 2852/5652/2852
vt 0.792636 0.463766
f 2723/5315/2723 2826/5653/2826 2855/5575/2855
vt 0.973216 0.349057
f 2710/5654/2710 2672/5399/2672 2746/5529/2746
f 2672/5399/2672 2710/5654/2710 2804/5469/2804
vt 0.373339 0.887918
f 2709/4880/2709 2744/5419/2744 2841/5655/2841
vt 0.306083 0.394027
f 2886/5656/2886 2702/5446/2702 2847/5276/2847
vt 0.963554 0.342817
f 2874/5657/2874 2804/5469/2804 2710/5654/2710
vt 0.272096 0.567144
f 2602/4606/2602 2992/5658/2992 3016/5427/3016
f 2680/5077/2680 2874/5583/2874 2710/5459/2710
f 2623/5022/2623 2827/5339/2827 2801/5543/2801
f 2637/5186/2637 2992/5658/2992 2602/4606/2602
vt 0.959290 0.331874
vt 0.954459 0.331526
f 2838/5659/2838 2674/5595/2674 2870/5660/2870
vt 0.726306 0.574854
f 2754/5482/2754 2779/4832/2779 3048/5661/3048
vt 0.411617 0.842793
f 2957/5662/2957 2698/5411/2698 2720/5310/2720
f 2747/5471/2747 2709/4880/2709 2841/5655/2841
vt 0.075414 0.871191
f 2734/5663/2734 2933/5633/2933 2791/5158/2791
vt 0.936486 0.307830
f 2839/5581/2839 2716/5407/2716 2808/5664/2808
f 3048/5661/3048 2779/4832/2779 3063/5618/3063
f 2836/5617/2836 2741/5355/2741 2782/5592/2782
vt 0.912141 0.317043
vt 0.916978 0.317414
f 2784/5665/2784 2783/5593/2783 2811/5666/2811
f 2810/5590/2810 2811/5666/2811 2786/5474/2786
f 2782/5592/2782 2741/5355/2741 2786/5474/2786
f 2809/5406/2809 2839/5581/2839 2810/5590/2810
vt 0.798752 0.949422
f 2803/5597/2803 2898/5667/2898 2808/5582/2808
vt 0.071966 0.870018
f 2906/5274/2906 2903/5668/2903 2734/5495/2734
f 2811/5666/2811 2783/5593/2783 2786/5474/2786
vt 0.616005 0.900117
vt 0.614053 0.901294
f 2832/5669/2832 2678/5384/2678 2737/5670/2737
vt 0.287940 0.591278
f 2953/5443/2953 3179/5671/3179 2888/5136/2888
vt 0.868138 0.336722
f 2721/5598/2721 2840/5672/2840 2781/5588/2781
vt 0.444713 0.318330
vt 0.452585 0.316581
f 2807/5673/2807 2750/5481/2750 2811/5674/2811
f 2784/5585/2784 2811/5674/2811 2750/5481/2750
f 2812/5479/2812 2872/5619/2872 2659/5225/2659
f 2959/5051/2959 2916/5540/2916 2473/4924/2473
vt 0.045213 0.836950
f 2832/5602/2832 2777/5604/2777 2835/5675/2835
f 2867/5631/2867 2634/5258/2634 2881/5574/2881
vt 0.062677 0.131735
vt 0.065482 0.129946
f 2846/5676/2846 2731/5572/2731 2819/5677/2819
f 2731/5572/2731 2765/5571/2765 2819/5677/2819
vt 0.957093 0.188011
f 2856/5678/2856 2765/5520/2765 2662/5373/2662
vt 0.691116 0.831334
f 2818/5250/2818 2763/5299/2763 2946/5679/2946
vt 0.697642 0.832990
vt 0.693786 0.835602
f 2763/5299/2763 2704/5680/2704 2849/5681/2849
vt 0.286223 0.403840
f 2704/5450/2704 2654/5300/2654 2849/5682/2849
f 2845/5567/2845 2862/5635/2862 2769/5525/2769
vt 0.372932 0.056532
f 2792/5440/2792 2824/5558/2824 2990/5683/2990
vt 0.409265 0.231804
f 2755/5651/2755 2858/5684/2858 2865/5627/2865
vt 0.317171 0.387780
f 2945/5685/2945 2866/5600/2866 2726/5335/2726
f 2829/5577/2829 2795/5087/2795 2936/5640/2936
vt 0.581064 0.095584
vt 0.577565 0.097263
vt 0.578783 0.093975
f 2790/5686/2790 2764/5687/2764 2816/5688/2816
vt 0.946520 0.200456
vt 0.947332 0.205016
f 2816/5689/2816 2764/5376/2764 2864/5690/2864
f 2796/5639/2796 2884/5632/2884 2772/5447/2772
vt 0.317586 0.384501
f 2726/5335/2726 2859/5691/2859 2945/5685/2945
f 2815/5241/2815 2788/5362/2788 2848/5628/2848
vt 0.183562 0.068639
vt 0.181636 0.069079
f 2911/5692/2911 2851/5644/2851 2743/5693/2743
vt 0.627311 0.934282
f 2834/5083/2834 2911/5694/2911 2743/5297/2743
vt 0.959546 0.184328
f 2856/5678/2856 2819/5695/2819 2765/5520/2765
f 2946/5679/2946 2763/5299/2763 2849/5681/2849
f 2450/4899/2450 2844/5382/2844 2894/5483/2894
f 2862/5635/2862 2856/5678/2856 2662/5373/2662
vt 0.367324 0.459422
vt 0.370480 0.458828
f 2735/5079/2735 2863/5696/2863 2775/5697/2775
vt 0.882965 0.105955
vt 0.881899 0.104512
vt 0.884069 0.103115
f 2863/5698/2863 2853/5699/2853 2775/5700/2775
vt 0.640438 0.376986
vt 0.639153 0.375159
f 2816/5701/2816 2864/5465/2864 2913/5702/2913
vt 0.368602 0.053481
f 2825/5703/2825 2792/5440/2792 2990/5683/2990
vt 0.434337 0.196950
f 2852/5652/2852 2800/5704/2800 2667/5332/2667
vt 0.881450 0.100921
vt 0.883705 0.100953
f 2775/5700/2775 2965/5705/2965 2739/5706/2739
vt 0.789194 0.661874
vt 0.784160 0.660445
f 2756/5707/2756 2908/5708/2908 2688/5361/2688
f 2782/5592/2782 2814/5589/2814 2836/5617/2836
f 2922/5596/2922 2475/4773/2475 2868/5292/2868
vt 0.848945 0.287435
vt 0.853295 0.294129
f 2910/5709/2910 2787/5286/2787 2972/5710/2972
vt 0.754076 0.617712
f 2801/5543/2801 2827/5339/2827 3014/5711/3014
vt 0.709306 0.899730
vt 0.701004 0.896316
vt 0.710652 0.891177
f 2896/5712/2896 2994/5713/2994 2868/5714/2868
vt 0.769016 0.647159
f 2974/5715/2974 2706/5403/2706 2794/5475/2794
f 2874/5657/2874 2873/5594/2873 2804/5469/2804
f 2974/5715/2974 2793/5442/2793 2706/5403/2706
vt 0.923209 0.320440
vt 0.931991 0.313362
f 2807/5716/2807 2810/5590/2810 2871/5717/2871
f 2871/5717/2871 2810/5590/2810 2839/5581/2839
f 2873/5594/2873 2870/5660/2870 2674/5595/2674
f 2722/5080/2722 2799/5544/2799 2906/5277/2906
vt 0.409304 0.321491
f 2874/5583/2874 2683/5216/2683 2875/5718/2875
vt 0.807189 0.964527
f 2838/5472/2838 2901/5719/2901 2776/5485/2776
vt 0.830053 0.272063
f 2756/5601/2756 2831/5568/2831 2908/5720/2908
f 2806/5480/2806 2875/5718/2875 2683/5216/2683
f 2817/4798/2817 2771/5416/2771 2998/5621/2998
vt 0.944795 0.318378
vt 0.944142 0.322119
vt 0.940462 0.313069
f 2776/5721/2776 2901/5722/2901 2803/5723/2803
vt 0.044910 0.836320
vt 0.041082 0.837437
vt 0.040151 0.833790
f 2835/5724/2835 2729/5725/2729 2902/5726/2902
f 2807/5716/2807 2811/5666/2811 2810/5590/2810
vt 0.013609 0.729596
vt 0.019909 0.725835
f 2895/5727/2895 2774/5487/2774 2829/5728/2829
f 2774/5487/2774 2693/5491/2693 2829/5728/2829
f 2507/4304/2507 2927/5620/2927 2770/5518/2770
f 2812/5479/2812 2836/5617/2836 2872/5619/2872
f 2837/5493/2837 3063/5618/3063 2748/5219/2748
vt 0.435641 0.322420
f 2806/5480/2806 2750/5481/2750 2900/5729/2900
vt 0.383830 0.879562
f 2830/5730/2830 2841/5655/2841 2744/5419/2744
f 2900/5729/2900 2750/5481/2750 2807/5673/2807
vt 0.936586 0.313191
f 2898/5731/2898 2839/5581/2839 2808/5664/2808
vt 0.955515 0.328479
f 2901/5722/2901 2838/5732/2838 2870/5660/2870
vt 0.901056 0.558713
vt 0.901742 0.562249
f 2883/5733/2883 2833/5492/2833 3083/5734/3083
vt 0.491935 0.894518
vt 0.495312 0.902714
f 3089/5735/3089 2820/5326/2820 2770/5736/2770
f 2787/5286/2787 2872/5619/2872 2972/5710/2972
vt 0.868759 0.317268
f 2842/5737/2842 2836/5617/2836 2814/5589/2814
vt 0.859339 0.324607
f 2781/5588/2781 2840/5672/2840 2971/5738/2971
vt 0.853823 0.337688
f 2802/5476/2802 2747/5478/2747 2877/5739/2877
vt 0.093741 0.863803
f 2768/4797/2768 2606/4554/2606 3151/5740/3151
vt 0.854775 0.340429
f 2877/5739/2877 2747/5478/2747 2841/5741/2841
vt 0.860943 0.333398
f 2840/5672/2840 2802/5476/2802 2904/5742/2904
vt 0.495906 0.883017
f 2550/5238/2550 3202/5743/3202 2656/4971/2656
vt 0.427788 0.199360
f 2828/5383/2828 2690/5359/2690 2950/5744/2950
vt 0.066014 0.148777
f 2860/5437/2860 2940/5745/2940 2821/5629/2821
f 2878/4542/2878 3092/5546/3092 2605/4449/2605
vt 0.421616 0.204226
f 2690/5359/2690 2815/5241/2815 2997/5746/2997
vt 0.062916 0.153359
vt 0.061772 0.152514
f 2854/5747/2854 2766/5748/2766 2821/5629/2821
vt 0.062347 0.134014
f 2846/5749/2846 2796/5639/2796 2789/5547/2789
vt 0.698865 0.189674
vt 0.698993 0.192105
vt 0.695597 0.191132
f 2824/5750/2824 2800/5751/2800 2921/5752/2921
vt 0.414617 0.836445
f 2720/5310/2720 2700/5426/2700 2931/5753/2931
vt 0.414427 0.216844
f 2954/5754/2954 2848/5628/2848 2666/5431/2666
vt 0.664348 0.639372
f 2892/4965/2892 3050/5755/3050 2778/5115/2778
f 2923/5521/2923 2954/5754/2954 2666/5431/2666
vt 0.695984 0.188146
f 2824/5750/2824 2921/5752/2921 2990/5756/2990
vt 0.444335 0.640805
f 2740/5757/2740 2956/5541/2956 2728/5090/2728
f 2822/5372/2822 2691/4941/2691 2767/5379/2767
vt 0.614970 0.327485
vt 0.616276 0.328178
f 2855/5758/2855 2826/5578/2826 2890/5759/2890
vt 0.448503 0.798797
f 2929/5760/2929 2843/5488/2843 2869/5638/2869
vt 0.803336 0.445402
f 2762/5198/2762 2867/5631/2867 2858/5761/2858
vt 0.618346 0.897703
f 3007/5762/3007 2678/5384/2678 2832/5669/2832
f 2997/5746/2997 2815/5241/2815 2848/5628/2848
vt 0.283820 0.579070
f 3016/5427/3016 3224/5763/3224 2594/5175/2594
vt 0.311825 0.389832
f 2847/5276/2847 2866/5600/2866 2893/5764/2893
vt 0.795199 0.450561
f 2867/5631/2867 2881/5574/2881 2968/5765/2968
vt 0.066799 0.140735
f 2885/5766/2885 2884/5632/2884 2796/5639/2796
vt 0.398721 0.866141
f 2897/5461/2897 2909/5278/2909 2925/5767/2925
vt 0.063632 0.132740
f 2846/5768/2846 2885/5766/2885 2796/5639/2796
f 2886/5656/2886 2857/5622/2857 2702/5446/2702
f 2732/5556/2732 2797/5646/2797 2850/5555/2850
vt 0.067958 0.133639
f 2861/5769/2861 2885/5766/2885 2846/5768/2846
vt 0.615396 0.894143
vt 0.615096 0.897120
f 2835/5770/2835 3007/5762/3007 2832/5771/2832
f 2931/5753/2931 2957/5662/2957 2720/5310/2720
f 2846/5768/2846 2819/5677/2819 2861/5769/2861
vt 0.405533 0.227950
f 2865/5627/2865 2858/5684/2858 2891/5772/2891
vt 0.378268 0.450922
vt 0.381453 0.450750
f 3001/5773/3001 2805/5774/2805 2739/5334/2739
f 2729/5725/2729 2835/5675/2835 2777/5604/2777
vt 0.362488 0.458828
vt 0.366218 0.461361
f 3012/5775/3012 2863/5696/2863 2758/5776/2758
vt 0.372109 0.452946
f 2965/5777/2965 3001/5773/3001 2739/5334/2739
vt 0.700115 0.194394
vt 0.696603 0.195460
f 2800/5751/2800 2852/5778/2852 2963/5779/2963
f 2852/5652/2852 2828/5383/2828 2950/5744/2950
f 2904/5742/2904 2971/5738/2971 2840/5672/2840
vt 0.953251 0.335822
f 2875/5780/2875 2870/5660/2870 2873/5594/2873
vt 0.781790 0.659078
f 2908/5781/2908 2794/5475/2794 2688/5361/2688
f 2713/5414/2713 2801/5543/2801 3014/5711/3014
f 2871/5717/2871 2839/5581/2839 2898/5731/2898
f 2831/5568/2831 2787/5286/2787 2910/5709/2910
vt 0.740662 0.232809
f 2894/5483/2894 2902/5782/2902 2729/5352/2729
f 2830/5730/2830 2744/5419/2744 2897/5461/2897
f 2873/5594/2873 2874/5657/2874 2875/5780/2875
vt 0.864778 0.308122
f 2907/5783/2907 2872/5619/2872 2836/5617/2836
vt 0.830075 0.278410
f 2908/5720/2908 2831/5568/2831 2973/5784/2973
vt 0.360970 0.074370
vt 0.357985 0.080443
vt 0.352585 0.078092
f 2877/5785/2877 2904/5786/2904 2802/5787/2802
vt 0.717259 0.563717
f 3153/5788/3153 2679/5291/2679 2754/5482/2754
f 2898/5731/2898 2803/5723/2803 2901/5722/2901
f 2836/5617/2836 2842/5737/2842 2907/5783/2907
f 2814/5589/2814 2781/5588/2781 2842/5737/2842
f 3239/5490/3239 2742/5218/2742 2719/5353/2719
vt 0.697429 0.525019
f 2833/5609/2833 3239/5490/3239 3083/5789/3083
vt 0.680432 0.822543
f 2767/5379/2767 2818/5250/2818 2962/5790/2962
f 2962/5790/2962 2818/5250/2818 2946/5679/2946
vt 0.402190 0.236869
f 2858/5684/2858 2867/5791/2867 2891/5772/2891
vt 0.947833 0.195501
f 2887/5792/2887 2845/5567/2845 2790/5569/2790
vt 0.851010 0.339963
f 2841/5741/2841 2879/5793/2879 2877/5739/2877
vt 0.790224 0.455858
f 2881/5574/2881 2855/5575/2855 2947/5794/2947
vt 0.956352 0.181572
f 2819/5695/2819 2856/5678/2856 2861/5795/2861
f 2913/5702/2913 2864/5465/2864 2922/5596/2922
vt 0.790200 0.461877
f 2855/5575/2855 2890/5796/2890 2947/5794/2947
vt 0.758480 0.629781
f 2793/5442/2793 2926/5797/2926 2827/5339/2827
vt 0.066446 0.154172
f 2882/5798/2882 2854/5747/2854 2821/5629/2821
vt 0.365670 0.453854
vt 0.369199 0.456316
f 3071/5799/3071 2853/5800/2853 2863/5696/2863
vt 0.319184 0.384737
vt 0.319191 0.387851
f 2945/5685/2945 2859/5801/2859 2941/5802/2941
vt 0.320979 0.383621
vt 0.322596 0.385980
f 2859/5801/2859 2854/5803/2854 2882/5804/2882
vt 0.435372 0.194076
vt 0.434921 0.196015
vt 0.433901 0.195349
f 2921/5805/2921 2800/5806/2800 2963/5807/2963
vt 0.289539 0.405153
f 2654/5300/2654 2917/5808/2917 2849/5682/2849
f 2778/5115/2778 2983/5049/2983 2469/4726/2469
f 2997/5746/2997 2950/5744/2950 2690/5359/2690
f 2813/5608/2813 2843/5488/2843 2929/5760/2929
vt 0.116598 0.052310
vt 0.113828 0.050710
vt 0.116885 0.051039
f 2893/5809/2893 2866/5810/2866 2914/5811/2914
vt 0.673378 0.810723
f 2936/5640/2936 2822/5372/2822 3013/5812/3013
vt 0.603525 0.546068
f 2571/5535/2571 3084/5813/3084 3033/5312/3033
vt 0.314533 0.390138
vt 0.314935 0.388791
f 2914/5814/2914 2866/5815/2866 2945/5685/2945
f 3030/5313/3030 2712/5319/2712 2461/4722/2461
f 2884/5632/2884 2940/5745/2940 2860/5437/2860
vt 0.044866 0.834175
vt 0.042459 0.831520
f 2835/5816/2835 2902/5726/2902 2987/5817/2987
vt 0.747117 0.315354
f 2927/5620/2927 3262/5818/3262 2770/5518/2770
vt 0.299706 0.405567
f 2797/5646/2797 2952/5819/2952 2850/5555/2850
f 2757/5445/2757 2850/5555/2850 2952/5819/2952
f 2820/5326/2820 3089/5735/3089 2550/5238/2550
f 2862/5635/2862 2845/5567/2845 2887/5792/2887
f 2653/4652/2653 2714/5330/2714 2927/5620/2927
f 2767/5379/2767 3013/5812/3013 2822/5372/2822
f 2554/4870/2554 2998/5621/2998 2935/5400/2935
vt 0.631375 0.372544
f 2922/5596/2922 2868/5292/2868 2961/5820/2961
vt 0.947990 0.331473
f 2899/5821/2899 2870/5660/2870 2875/5780/2875
f 2798/5285/2798 2745/4770/2745 2813/5608/2813
vt 0.362039 0.079067
f 2993/5822/2993 2904/5786/2904 2877/5785/2877
vt 0.404293 0.852688
f 2909/5278/2909 2698/5411/2698 2991/5823/2991
vt 0.415687 0.323265
f 2899/5824/2899 2875/5718/2875 2806/5480/2806
vt 0.013082 0.725610
f 2869/5825/2869 2774/5487/2774 2895/5727/2895
vt 0.376498 0.888128
f 2879/5826/2879 2841/5655/2841 2830/5730/2830
f 2899/5821/2899 2901/5722/2901 2870/5660/2870
f 2837/5493/2837 2713/5414/2713 3014/5711/3014
vt 0.939678 0.323474
f 2905/5827/2905 2901/5722/2901 2899/5821/2899
f 2606/4554/2606 2559/5001/2559 3151/5740/3151
vt 0.762125 0.640264
f 2942/5828/2942 2793/5442/2793 2974/5715/2974
f 2933/5633/2933 3151/5740/3151 2559/5001/2559
vt 0.933299 0.318436
f 2905/5827/2905 2900/5829/2900 2871/5717/2871
vt 0.514271 0.861370
vt 0.518134 0.860520
f 2984/5830/2984 2823/5831/2823 2613/5242/2613
f 2905/5827/2905 2871/5717/2871 2898/5731/2898
f 3014/5711/3014 2827/5339/2827 2926/5797/2926
vt 0.436004 0.326777
f 2807/5673/2807 2871/5832/2871 2900/5729/2900
f 2872/5619/2872 2907/5783/2907 2972/5710/2972
vt 0.426369 0.326308
f 2900/5729/2900 2905/5833/2905 2806/5480/2806
vt 0.833916 0.290220
f 3086/5834/3086 2831/5568/2831 2910/5709/2910
f 2901/5722/2901 2905/5827/2905 2898/5731/2898
vt 0.069385 0.798421
f 2825/5615/2825 2876/5835/2876 2896/5614/2896
vt 0.692443 0.186866
vt 0.691596 0.184560
f 2990/5836/2990 2876/5837/2876 2825/5435/2825
vt 0.070321 0.136530
f 2885/5766/2885 2861/5769/2861 2930/5838/2930
f 2931/5753/2931 2700/5426/2700 2975/5557/2975
vt 0.311776 0.395127
f 2847/5276/2847 2958/5839/2958 2886/5656/2886
vt 0.070946 0.149112
f 2882/5798/2882 2821/5629/2821 2985/5840/2985
vt 0.415131 0.215923
vt 0.411871 0.213586
f 2954/5841/2954 2977/5842/2977 2848/5628/2848
vt 0.275878 0.558158
f 2637/5186/2637 3619/5843/3619 2992/5658/2992
vt 0.405335 0.222863
f 2923/5521/2923 2865/5627/2865 2967/5844/2967
vt 0.397274 0.232597
f 2891/5772/2891 2867/5791/2867 2999/5845/2999
f 2654/5300/2654 2757/5445/2757 2917/5808/2917
vt 0.620149 0.328963
f 2890/5759/2890 2826/5578/2826 3034/5846/3034
vt 0.039030 0.829375
vt 0.038055 0.830948
vt 0.035753 0.831360
f 2969/5847/2969 2902/5848/2902 2894/5849/2894
vt 0.020885 0.728126
vt 0.020326 0.733105
f 2829/5728/2829 2936/5850/2936 3004/5851/3004
vt 0.845701 0.337959
f 2924/5852/2924 2877/5739/2877 2879/5793/2879
vt 0.314268 0.392036
f 2958/5839/2958 2847/5276/2847 2893/5853/2893
vt 0.582141 0.091907
f 2790/5686/2790 2816/5688/2816 2887/5854/2887
vt 0.942808 0.193137
f 2887/5792/2887 2816/5689/2816 3002/5855/3002
vt 0.943243 0.200985
vt 0.940507 0.198556
f 2816/5689/2816 2913/5856/2913 2939/5857/2939
vt 0.953550 0.183014
f 2856/5678/2856 2915/5858/2915 2861/5795/2861
f 2881/5574/2881 2947/5794/2947 2968/5765/2968
f 2915/5858/2915 2856/5678/2856 2862/5635/2862
vt 0.720174 0.037587
vt 0.719021 0.040330
vt 0.716951 0.038480
f 2932/5859/2932 2922/5860/2922 3044/5861/3044
vt 0.638184 0.372878
f 2913/5702/2913 2922/5596/2922 2932/5862/2932
f 2821/5629/2821 2940/5745/2940 2985/5840/2985
vt 0.066843 0.157373
vt 0.065160 0.155180
f 2941/5863/2941 2859/5864/2859 2882/5798/2882
vt 0.789974 0.461813
vt 0.784820 0.460605
f 2947/5794/2947 2890/5865/2890 3034/5866/3034
vt 0.626492 0.927069
f 2937/5867/2937 2911/5641/2911 2805/5552/2805
f 3179/5671/3179 3067/5650/3067 2888/5136/2888
vt 0.295707 0.406816
f 2917/5808/2917 2757/5445/2757 2976/5868/2976
vt 0.623025 0.910368
f 2970/5554/2970 3012/5869/3012 2758/5289/2758
vt 0.371932 0.452957
vt 0.371594 0.455829
f 2853/5800/2853 2965/5870/2965 2775/5871/2775
vt 0.947608 0.188430
f 2918/5872/2918 2862/5635/2862 2887/5792/2887
vt 0.380684 0.447774
f 3001/5773/3001 2937/5873/2937 2805/5774/2805
vt 0.636254 0.945729
f 2799/5544/2799 2903/5874/2903 2906/5277/2906
vt 0.738054 0.610599
f 3014/5711/3014 2919/5875/2919 2837/5493/2837
vt 0.700027 0.893907
f 2961/5876/2961 2868/5714/2868 2994/5713/2994
f 2806/5480/2806 2905/5833/2905 2899/5824/2899
f 2892/4965/2892 2934/5217/2934 3050/5755/3050
vt 0.364194 0.074121
f 2877/5785/2877 2924/5877/2924 2993/5822/2993
vt 0.439522 0.816787
f 2798/5285/2798 2813/5608/2813 2995/5878/2995
vt 0.450764 0.795240
f 2895/5879/2895 2929/5760/2929 2869/5638/2869
f 2895/5727/2895 2829/5728/2829 3004/5851/3004
f 2909/5278/2909 2991/5823/2991 2925/5767/2925
vt 0.852371 0.330178
f 2904/5742/2904 2993/5880/2993 2971/5738/2971
f 2781/5588/2781 2971/5738/2971 2842/5737/2842
f 3012/5775/3012 3071/5799/3071 2863/5696/2863
vt 0.841501 0.298636
f 2910/5709/2910 2972/5710/2972 2928/5881/2928
vt 0.622453 0.897697
f 2678/5384/2678 3111/5882/3111 2970/5554/2970
vt 0.397431 0.227950
f 2891/5772/2891 2999/5845/2999 3101/5883/3101
f 2991/5823/2991 2698/5411/2698 2957/5662/2957
f 2678/5384/2678 3007/5762/3007 3111/5882/3111
vt 0.624415 0.904259
f 2970/5554/2970 2948/5884/2948 3012/5869/3012
vt 0.695103 0.193332
vt 0.696397 0.193006
f 2966/5885/2966 2921/5752/2921 2963/5886/2963
f 2816/5689/2816 2939/5857/2939 3002/5855/3002
vt 0.070592 0.133259
f 2861/5769/2861 2915/5887/2915 2930/5838/2930
vt 0.393682 0.239568
f 2867/5791/2867 2968/5888/2968 2999/5845/2999
vt 0.614878 0.885005
vt 0.616570 0.887675
vt 0.613821 0.888512
f 2969/5889/2969 2987/5890/2987 2902/5891/2902
f 2953/5443/2953 2594/5175/2594 3224/5763/3224
vt 0.640772 0.372277
f 2913/5702/2913 2932/5862/2932 2939/5892/2939
vt 0.415131 0.209532
f 2848/5628/2848 2977/5842/2977 2955/5893/2955
vt 0.691378 0.191476
f 2990/5756/2990 2921/5752/2921 2943/5894/2943
vt 0.696454 0.541243
f 2889/5398/2889 3038/5895/3038 2719/5353/2719
f 2891/5772/2891 2967/5844/2967 2865/5627/2865
vt 0.618079 0.322341
vt 0.624100 0.325422
f 2826/5578/2826 2912/5896/2912 2982/5897/2982
f 3034/5846/3034 2826/5578/2826 2982/5897/2982
vt 0.075659 0.867115
f 2920/5898/2920 2933/5633/2933 2734/5663/2734
vt 0.638899 0.948322
vt 0.636913 0.949438
f 2920/5899/2920 2734/5900/2734 2903/5874/2903
vt 0.952680 0.179402
vt 0.950018 0.181925
f 2930/5901/2930 2915/5858/2915 2980/5902/2980
vt 0.071231 0.144074
f 2884/5632/2884 2885/5766/2885 2989/5903/2989
f 2940/5745/2940 2884/5632/2884 2985/5840/2985
f 2918/5872/2918 2915/5858/2915 2862/5635/2862
f 2985/5840/2985 2884/5632/2884 2989/5903/2989
vt 0.070573 0.139053
f 2979/5904/2979 2885/5766/2885 2930/5838/2930
vt 0.074241 0.154027
f 2941/5863/2941 2882/5798/2882 2944/5905/2944
vt 0.398354 0.870464
f 3115/5906/3115 2897/5461/2897 2925/5767/2925
vt 0.317803 0.392012
f 2893/5853/2893 2914/5814/2914 3010/5907/3010
f 2976/5868/2976 2757/5445/2757 2952/5819/2952
vt 0.677347 0.043351
vt 0.680586 0.043915
vt 0.677370 0.045619
f 2977/5908/2977 2954/5909/2954 2949/5910/2949
vt 0.319189 0.390856
f 2945/5685/2945 2941/5802/2941 2978/5911/2978
vt 0.774939 0.658647
f 2908/5781/2908 2960/5912/2960 2794/5475/2794
vt 0.409489 0.216380
f 2954/5754/2954 2923/5521/2923 2949/5913/2949
f 3010/5907/3010 2914/5814/2914 2945/5685/2945
f 2923/5521/2923 2967/5844/2967 2949/5913/2949
vt 0.398956 0.574291
f 2912/5634/2912 2883/5527/2883 3003/5914/3003
vt 0.394653 0.572483
f 2982/5915/2982 2912/5634/2912 3003/5914/3003
vt 0.700274 0.196185
vt 0.698147 0.199436
f 2852/5916/2852 2950/5917/2950 2963/5779/2963
vt 0.627928 0.329115
f 2938/5918/2938 3034/5846/3034 2982/5897/2982
vt 0.674193 0.647460
f 2778/5115/2778 3050/5755/3050 3238/5919/3238
vt 0.428735 0.827652
f 2975/5557/2975 2798/5285/2798 3053/5920/3053
f 3053/5920/3053 2798/5285/2798 2995/5878/2995
vt 0.031731 0.827679
vt 0.032523 0.820973
f 2844/5921/2844 2880/5625/2880 3093/5922/3093
f 3239/5490/3239 2719/5353/2719 3038/5895/3038
f 3153/5788/3153 2754/5482/2754 3048/5661/3048
vt 0.841555 0.330664
f 2993/5880/2993 2924/5852/2924 3042/5923/3042
vt 0.506569 0.863968
f 2656/4971/2656 3102/5924/3102 2613/5242/2613
vt 0.847740 0.311774
f 3018/5925/3018 2972/5710/2972 2907/5783/2907
vt 0.023895 0.816660
f 2823/5624/2823 3205/5926/3205 2880/5625/2880
vt 0.686688 0.665835
f 2983/5049/2983 3094/5927/3094 3040/5532/3040
vt 0.737388 0.602508
f 2837/5493/2837 3085/5928/3085 3063/5618/3063
f 2831/5568/2831 3086/5834/3086 2973/5784/2973
f 2980/5902/2980 2915/5858/2915 2918/5872/2918
vt 0.617815 0.887927
f 2987/5929/2987 3007/5762/3007 2835/5770/2835
vt 0.491008 0.874443
f 3523/5930/3523 2656/4971/2656 3202/5743/3202
vt 0.731839 0.290019
vt 0.738520 0.289445
f 2714/5330/2714 3040/5931/3040 3094/5932/3094
vt 0.308819 0.398602
f 2857/5622/2857 2886/5656/2886 3021/5933/3021
vt 0.636010 0.574257
f 3313/5934/3313 3092/5546/3092 2878/4542/2878
vt 0.229795 0.051263
vt 0.232756 0.049917
vt 0.233751 0.050729
f 2849/5935/2849 2917/5936/2917 3008/5937/3008
vt 0.405151 0.215061
f 2949/5913/2949 2967/5844/2967 2986/5938/2986
f 2952/5819/2952 2797/5646/2797 2857/5622/2857
f 2918/5872/2918 2887/5792/2887 3002/5855/3002
vt 0.695932 0.199770
f 2963/5779/2963 2950/5917/2950 2996/5939/2996
vt 0.303484 0.612736
f 2951/5086/2951 3126/5940/3126 2959/5051/2959
f 2793/5442/2793 2942/5828/2942 2926/5797/2926
vt 0.071833 0.158568
f 2941/5863/2941 2944/5905/2944 2978/5941/2978
f 2944/5905/2944 2882/5798/2882 2985/5840/2985
vt 0.717834 0.036551
f 2939/5942/2939 2932/5859/2932 3044/5861/3044
vt 0.716960 0.040844
vt 0.716599 0.039035
f 2922/5860/2922 2961/5943/2961 3044/5944/3044
vt 0.673933 0.806575
f 3013/5812/3013 2981/5945/2981 2936/5640/2936
f 3010/5907/3010 2945/5685/2945 2978/5911/2978
vt 0.951943 0.176698
f 2979/5946/2979 2930/5901/2930 2980/5902/2980
vt 0.628176 0.926674
f 2911/5641/2911 2937/5867/2937 3022/5947/3022
f 2848/5628/2848 2955/5893/2955 2997/5746/2997
vt 0.687402 0.837783
f 2946/5679/2946 2849/5681/2849 3009/5948/3009
vt 0.697757 0.201131
f 2996/5939/2996 2950/5917/2950 2964/5949/2964
vt 0.397422 0.569671
vt 0.398804 0.572117
f 2883/5527/2883 3083/5950/3083 3036/5951/3036
vt 0.427678 0.199348
vt 0.421620 0.197986
f 2950/5952/2950 2997/5746/2997 2964/5953/2964
vt 0.266154 0.558123
f 2768/5954/2768 3619/5843/3619 2637/5186/2637
vt 0.186885 0.071348
f 2851/5644/2851 2911/5692/2911 3075/5955/3075
f 2837/5493/2837 2919/5875/2919 3085/5928/3085
vt 0.376297 0.447063
f 3158/5956/3158 2937/5873/2937 3001/5773/3001
vt 0.371787 0.448235
f 3001/5773/3001 2965/5777/2965 3231/5957/3231
vt 0.745126 0.621525
f 3020/5958/3020 2919/5875/2919 3014/5711/3014
vt 0.036772 0.827040
f 2894/5849/2894 3023/5959/3023 2969/5847/2969
vt 0.382289 0.887420
f 2879/5826/2879 2830/5730/2830 2924/5960/2924
vt 0.740409 0.226353
f 2844/5382/2844 3023/5961/3023 2894/5483/2894
vt 0.394189 0.875675
f 3065/5962/3065 2897/5461/2897 3115/5906/3115
vt 0.821231 0.274286
f 2973/5784/2973 2960/5963/2960 2908/5720/2908
f 3111/5882/3111 2948/5884/2948 2970/5554/2970
f 3067/5650/3067 3126/5940/3126 2951/5086/2951
f 2928/5881/2928 3086/5834/3086 2910/5709/2910
f 2907/5783/2907 2842/5737/2842 3018/5925/3018
vt 0.414175 0.203175
f 2997/5746/2997 2955/5893/2955 3051/5964/3051
vt 0.317265 0.393542
f 2893/5853/2893 3010/5907/3010 2988/5965/2988
vt 0.675114 0.803663
f 2936/5640/2936 2981/5945/2981 3004/5966/3004
vt 0.717720 0.059471
vt 0.716469 0.056572
vt 0.719115 0.057313
f 2958/5967/2958 2893/5968/2893 3026/5969/3026
vt 0.310658 0.396718
f 3021/5933/3021 2886/5656/2886 2958/5970/2958
vt 0.078019 0.796982
vt 0.081126 0.800815
vt 0.077610 0.799618
f 2921/5971/2921 2966/5972/2966 2943/5973/2943
f 2989/5903/2989 2885/5766/2885 2979/5904/2979
vt 0.428896 0.193009
vt 0.428239 0.195895
vt 0.424492 0.194781
f 2966/5974/2966 2963/5975/2963 2996/5976/2996
vt 0.291313 0.409395
f 3008/5977/3008 2917/5808/2917 2976/5868/2976
vt 0.697730 0.895179
vt 0.697946 0.896066
f 3045/5978/3045 2961/5876/2961 3046/5979/3046
f 2961/5876/2961 2994/5713/2994 3046/5979/3046
f 3013/5812/3013 2767/5379/2767 2962/5790/2962
vt 0.679984 0.830409
f 3130/5980/3130 2946/5679/2946 3009/5948/3009
vt 0.921874 0.038771
vt 0.924439 0.038209
vt 0.924969 0.039593
f 3045/5981/3045 3044/5982/3044 2961/5983/2961
f 3003/5914/3003 2883/5527/2883 3036/5951/3036
vt 0.688688 0.840625
f 3009/5948/3009 2849/5681/2849 3008/5984/3008
vt 0.410350 0.208859
f 2955/5893/2955 2977/5842/2977 3005/5985/3005
vt 0.315602 0.394747
vt 0.315179 0.392743
f 2988/5965/2988 3026/5986/3026 2893/5987/2893
vt 0.416705 0.199095
f 2997/5746/2997 3078/5988/3078 2964/5953/2964
vt 0.949446 0.179468
f 2979/5946/2979 2980/5902/2980 3039/5989/3039
vt 0.697488 0.897709
f 3046/5979/3046 2994/5713/2994 3043/5990/3043
f 2891/5772/2891 3101/5883/3101 2967/5844/2967
vt 0.165061 0.163753
vt 0.167526 0.157247
vt 0.170368 0.161904
f 3022/5991/3022 3075/5992/3075 2911/5993/2911
f 3080/5215/3080 2771/5416/2771 2651/5039/2651
vt 0.768912 0.655363
f 2974/5715/2974 2794/5475/2794 3028/5994/3028
vt 0.614662 0.881515
vt 0.621887 0.885875
f 2969/5889/2969 3023/5995/3023 3241/5996/3241
f 2842/5737/2842 2971/5738/2971 3018/5925/3018
vt 0.038261 0.821758
f 2844/5921/2844 3135/5997/3135 3023/5959/3023
f 3093/5922/3093 3135/5997/3135 2844/5921/2844
vt 0.821151 0.285291
f 3194/5998/3194 2973/5784/2973 3086/5834/3086
f 2897/5461/2897 3065/5962/3065 2830/5730/2830
f 2889/5398/2889 2679/5291/2679 3153/5788/3153
vt 0.515649 0.853616
f 2984/5830/2984 3205/5999/3205 2823/5831/2823
vt 0.103295 0.865132
f 3151/5740/3151 3138/6000/3138 2768/4797/2768
vt 0.425287 0.836558
f 2931/5753/2931 2975/5557/2975 3006/6001/3006
vt 0.074131 0.138858
f 2979/5904/2979 3039/6002/3039 2989/5903/2989
vt 0.943365 0.187281
f 3031/6003/3031 2918/5872/2918 3002/5855/3002
f 2962/5790/2962 2946/5679/2946 3130/5980/3130
vt 0.316360 0.397232
f 3021/5933/3021 2958/5970/2958 3000/6004/3000
vt 0.936138 0.195520
f 3002/5855/3002 2939/5857/2939 3032/6005/3032
vt 0.945761 0.180617
f 3029/6006/3029 2980/5902/2980 2918/5872/2918
vt 0.721711 0.058905
vt 0.720607 0.058041
f 3000/6007/3000 2958/5967/2958 3026/6008/3026
vt 0.688731 0.659525
f 3094/5927/3094 2983/5049/2983 3317/6009/3317
vt 0.077695 0.862709
f 3151/5740/3151 2933/5633/2933 3197/6010/3197
vt 0.396514 0.575675
f 3003/5914/3003 3079/6011/3079 2982/5915/2982
vt 0.790626 0.451157
vt 0.787169 0.450705
f 2968/6012/2968 2947/5794/2947 3049/6013/3049
vt 0.409464 0.216182
f 2977/5842/2977 2949/6014/2949 2986/5938/2986
vt 0.078631 0.802192
f 2966/5972/2966 3027/6015/3027 2943/5973/2943
vt 0.318870 0.392310
vt 0.321280 0.391470
vt 0.321135 0.395395
f 3010/6016/3010 2978/6017/2978 3100/6018/3100
vt 0.077111 0.142550
f 2989/5903/2989 3039/6002/3039 3052/6019/3052
vt 0.498617 0.866647
f 3472/6020/3472 3102/5924/3102 2656/4971/2656
vt 0.310718 0.402155
f 2857/5622/2857 3021/5933/3021 3099/6021/3099
vt 0.695685 0.897908
f 3046/5979/3046 3043/5990/3043 3113/6022/3113
vt 0.630716 0.938782
f 2799/5544/2799 2851/6023/2851 2903/5874/2903
f 2975/5557/2975 3053/5920/3053 3006/6001/3006
vt 0.075106 0.136095
vt 0.077440 0.137793
f 3039/6002/3039 2980/6024/2980 3029/6025/3029
vt 0.938676 0.190944
f 3032/6005/3032 3069/6026/3069 3002/5855/3002
vt 0.935544 0.200572
vt 0.934228 0.197330
f 2939/5857/2939 3044/6027/3044 3057/6028/3057
vt 0.625397 0.330959
f 2938/5918/2938 3035/6029/3035 3034/5846/3034
f 3078/5988/3078 2997/5746/2997 3051/5964/3051
vt 0.314879 0.400703
f 3021/5933/3021 3000/6004/3000 3082/6030/3082
vt 0.074732 0.156980
f 2978/5941/2978 2944/5905/2944 3024/6031/3024
vt 0.319038 0.394155
f 3026/5986/3026 2988/6032/2988 3000/6004/3000
vt 0.420110 0.846969
f 2957/5662/2957 3006/6001/3006 3011/6033/3011
f 2957/5662/2957 2931/5753/2931 3006/6001/3006
f 3018/5925/3018 2928/5881/2928 2972/5710/2972
vt 0.837982 0.326407
f 3042/5923/3042 3137/6034/3137 2993/5880/2993
vt 0.448217 0.809418
f 2813/5608/2813 2929/5760/2929 3061/6035/3061
f 2991/5823/2991 2957/5662/2957 3011/6033/3011
vt 0.412764 0.859954
f 2925/5767/2925 2991/5823/2991 3017/6036/3017
vt 0.075590 0.799259
vt 0.073983 0.795099
f 2943/6037/2943 2876/5835/2876 2990/6038/2990
f 2993/5880/2993 3018/5925/3018 2971/5738/2971
f 2993/5880/2993 3137/6034/3137 3018/5925/3018
vt 0.837349 0.335222
f 3042/5923/3042 2924/5852/2924 3041/6039/3041
vt 0.691194 0.524829
f 3036/6040/3036 3083/5789/3083 3239/5490/3239
f 3158/5956/3158 3001/5773/3001 3231/5957/3231
vt 0.161129 0.167597
vt 0.165024 0.165996
f 3158/6041/3158 3022/5991/3022 2937/6042/2937
vt 0.695854 0.551640
f 3038/5895/3038 2889/5398/2889 3310/6043/3310
vt 0.396497 0.880763
f 3065/5962/3065 3019/6044/3019 2830/5730/2830
f 3021/5933/3021 3082/6030/3082 3099/6021/3099
vt 0.076088 0.158906
f 3024/6031/3024 3025/6045/3025 2978/5941/2978
f 3005/5985/3005 2977/5842/2977 2986/5938/2986
f 2965/5870/2965 2853/5800/2853 3071/5799/3071
vt 0.389609 0.234877
vt 0.390409 0.237587
f 3122/6046/3122 2968/5888/2968 3049/6047/3049
f 2999/5845/2999 2968/5888/2968 3122/6046/3122
vt 0.295428 0.409041
f 3008/5977/3008 2976/5868/2976 3058/6048/3058
f 3031/6003/3031 3029/6006/3029 2918/5872/2918
vt 0.399013 0.220065
f 2986/5938/2986 2967/5844/2967 3070/6049/3070
vt 0.307365 0.406621
f 2952/5819/2952 2857/5622/2857 3171/6050/3171
vt 0.627205 0.325549
f 2982/5897/2982 3079/6051/3079 2938/5918/2938
vt 0.640804 0.945199
vt 0.638986 0.948234
f 2903/5874/2903 3120/6052/3120 2920/6053/2920
f 3010/6016/3010 3100/6018/3100 2988/6032/2988
vt 0.639701 0.938464
f 2903/5874/2903 2851/6023/2851 3219/6054/3219
vt 0.076262 0.144897
f 2989/5903/2989 3052/6019/3052 3060/6055/3060
vt 0.203189 0.053489
vt 0.203661 0.051513
vt 0.207222 0.052631
f 3009/6056/3009 3008/6057/3008 3056/6058/3056
vt 0.675856 0.838645
f 3130/5980/3130 3009/5948/3009 3250/6059/3250
vt 0.410599 0.208775
f 3005/6060/3005 3051/5964/3051 2955/5893/2955
vt 0.075475 0.160612
f 3025/6045/3025 3100/6061/3100 2978/5941/2978
vt 0.358702 0.459517
vt 0.357214 0.453955
f 3012/5775/3012 2948/6062/2948 3243/6063/3243
f 2960/5963/2960 2973/5784/2973 3194/5998/3194
vt 0.814745 0.281294
f 3076/6064/3076 2960/5963/2960 3194/5998/3194
f 2985/5840/2985 2989/5903/2989 3060/6055/3060
f 3007/5762/3007 2987/5929/2987 3111/5882/3111
vt 0.394635 0.222496
f 3140/6065/3140 2967/5844/2967 3101/5883/3101
vt 0.631084 0.327874
f 2938/5918/2938 3079/6051/3079 3037/6066/3037
f 3000/6004/3000 2988/6032/2988 3100/6018/3100
f 2987/5929/2987 2969/5889/2969 3241/5996/3241
f 3020/5958/3020 3014/5711/3014 2926/5797/2926
f 3028/5994/3028 2794/5475/2794 2960/5912/2960
f 3017/6036/3017 2991/5823/2991 3011/6033/3011
vt 0.695200 0.902006
f 2994/5713/2994 3088/6067/3088 3043/5990/3043
vt 0.710890 0.579328
f 3048/5661/3048 3063/5618/3063 3133/6068/3133
vt 0.390011 0.886922
f 3019/6044/3019 3041/6069/3041 2830/5730/2830
vt 0.280049 0.573699
f 2992/5658/2992 3015/6070/3015 3016/5427/3016
vt 0.699622 0.905065
f 2896/5712/2896 3114/6071/3114 2994/5713/2994
f 3224/5763/3224 3179/5671/3179 2953/5443/2953
f 2943/6037/2943 3027/6015/3027 2876/5835/2876
vt 0.273033 0.552623
f 3138/6072/3138 3619/5843/3619 2768/5954/2768
vt 0.387845 0.886469
f 2830/5730/2830 3041/6069/3041 2924/6073/2924
f 2920/5898/2920 3197/6010/3197 2933/5633/2933
vt 0.922727 0.036742
vt 0.920686 0.036485
f 3044/6074/3044 3045/5981/3045 3081/6075/3081
vt 0.078900 0.139230
f 3059/6076/3059 3039/6002/3039 3029/6025/3029
f 3031/6003/3031 3002/5855/3002 3069/6026/3069
vt 0.206004 0.048741
f 3008/6057/3008 3058/6077/3058 3056/6058/3056
vt 0.028300 0.813622
f 2880/5625/2880 3150/6078/3150 3093/5922/3093
vt 0.941043 0.183529
f 3029/6006/3029 3031/6003/3031 3055/6079/3055
f 2857/5622/2857 3099/6021/3099 3171/6050/3171
vt 0.079322 0.151533
f 2985/5840/2985 3109/6080/3109 2944/5905/2944
f 3032/6005/3032 2939/5857/2939 3057/6028/3057
f 3205/5926/3205 3150/6078/3150 2880/5625/2880
vt 0.607199 0.545425
vt 0.613456 0.542358
f 3084/6081/3084 3193/6082/3193 3033/5312/3033
vt 0.082075 0.804344
f 3027/6015/3027 2966/5972/2966 3098/6083/3098
vt 0.392196 0.232146
f 3101/5883/3101 2999/5845/2999 3127/6084/3127
vt 0.330404 0.509467
vt 0.326497 0.507918
vt 0.330896 0.505887
f 2996/6085/2996 3098/6086/3098 2966/6087/2966
f 3140/6065/3140 3070/6049/3070 2967/5844/2967
vt 0.781427 0.453621
f 2947/5794/2947 3034/5866/3034 3074/6088/3074
vt 0.740613 0.328312
f 3262/5818/3262 3146/6089/3146 2770/5518/2770
vt 0.333786 0.513328
vt 0.326692 0.514082
f 2996/6085/2996 2964/6090/2964 3107/6091/3107
f 2999/5845/2999 3122/6046/3122 3127/6084/3127
vt 0.333087 0.517047
f 2964/6090/2964 3078/6092/3078 3107/6091/3107
vt 0.488789 0.898078
f 3089/5735/3089 2770/5736/2770 3146/6093/3146
vt 0.401990 0.575928
f 3003/5914/3003 3036/5951/3036 3062/6094/3062
vt 0.686228 0.650546
f 2778/5115/2778 3518/6095/3518 2983/5049/2983
f 3238/5919/3238 3518/6095/3518 2778/5115/2778
f 3518/6095/3518 3317/6009/3317 2983/5049/2983
vt 0.932526 0.201407
vt 0.931196 0.203642
vt 0.930200 0.199174
f 3045/6096/3045 3046/6097/3046 3081/6098/3081
vt 0.404988 0.209113
f 3005/5985/3005 2986/5938/2986 3047/6099/3047
vt 0.945107 0.177631
vt 0.943246 0.179890
vt 0.944490 0.174958
f 3039/6100/3039 3059/6101/3059 3052/6102/3052
f 3102/5924/3102 2984/5830/2984 2613/5242/2613
vt 0.079242 0.148108
f 3054/6103/3054 2985/5840/2985 3060/6055/3060
vt 0.684901 0.843040
f 3009/5948/3009 3056/6104/3056 3250/6059/3250
vt 0.399475 0.215544
f 3070/6049/3070 3091/6105/3091 2986/5938/2986
f 3055/6079/3055 3059/6101/3059 3029/6006/3029
f 3061/6035/3061 2995/5878/2995 2813/5608/2813
f 3049/6013/3049 2947/5794/2947 3074/6088/3074
f 2712/5319/2712 3313/5934/3313 2878/4542/2878
vt 0.021410 0.734327
vt 0.021068 0.742648
f 3004/5851/3004 2981/6106/2981 3073/6107/3073
vt 0.393285 0.227448
f 3101/5883/3101 3108/6108/3108 3140/6065/3140
vt 0.665907 0.811727
f 2981/5945/2981 3013/5812/3013 3073/6109/3073
f 3472/6020/3472 2656/4971/2656 3523/5930/3523
vt 0.745226 0.292109
f 3094/5932/3094 3359/6110/3359 2714/5330/2714
vt 0.935420 0.192395
f 3069/6026/3069 3032/6005/3032 3117/6111/3117
vt 0.780002 0.460872
vt 0.779372 0.457623
f 3034/5866/3034 3035/6112/3035 3072/6113/3072
f 2927/5620/2927 2714/5330/2714 3359/6110/3359
vt 0.835743 0.318399
f 3018/5925/3018 3137/6034/3137 3173/6114/3173
vt 0.440367 0.637027
f 2956/5541/2956 2740/5757/2740 3157/6115/3157
vt 0.747080 0.633226
f 2926/5797/2926 2942/5828/2942 3170/6116/3170
vt 0.684088 0.525554
f 3062/6117/3062 3036/6040/3036 3239/5490/3239
f 2889/5398/2889 3153/5788/3153 3310/6043/3310
vt 0.459849 0.803935
f 2929/5760/2929 2895/5879/2895 3090/6118/3090
vt 0.158025 0.165571
f 3158/6041/3158 3247/6119/3247 3022/5991/3022
vt 0.830562 0.307031
f 2928/5881/2928 3018/5925/3018 3066/6120/3066
vt 0.395161 0.887846
f 3041/6069/3041 3019/6044/3019 3154/6121/3154
vt 0.062066 0.803283
f 2876/5835/2876 3114/6122/3114 2896/5614/2896
f 2994/5713/2994 3114/6071/3114 3088/6067/3088
vt 0.926635 0.198968
f 3131/6123/3131 3081/6098/3081 3046/6097/3046
vt 0.941489 0.177789
f 3052/6102/3052 3059/6101/3059 3112/6124/3112
vt 0.781964 0.452052
f 3103/6125/3103 3049/6013/3049 3074/6088/3074
vt 0.632336 0.934115
vt 0.638240 0.932915
f 2851/6023/2851 3075/6126/3075 3242/6127/3242
vt 0.694373 0.899894
f 3113/6022/3113 3043/5990/3043 3077/6128/3077
vt 0.673068 0.828374
f 3166/6129/3166 2962/5790/2962 3130/5980/3130
vt 0.935478 0.188066
f 3055/6079/3055 3031/6003/3031 3147/6130/3147
f 3031/6003/3031 3069/6026/3069 3147/6130/3147
f 3109/6080/3109 2985/5840/2985 3054/6103/3054
f 3074/6088/3074 3034/5866/3034 3072/6113/3072
vt 0.626603 0.897490
f 3111/5882/3111 3139/6131/3139 2948/5884/2948
vt 0.081102 0.157298
f 3024/6031/3024 2944/5905/2944 3162/6132/3162
vt 0.077371 0.158972
f 3025/6133/3025 3024/6031/3024 3162/6132/3162
vt 0.208351 0.048977
f 3105/6134/3105 3056/6058/3056 3058/6077/3058
vt 0.577153 0.119204
vt 0.575960 0.121224
vt 0.575969 0.119761
f 3032/6135/3032 3057/6136/3057 3106/6137/3106
vt 0.813241 0.273760
f 2960/5963/2960 3076/6064/3076 3028/6138/3028
vt 0.576460 0.122790
vt 0.574794 0.122292
f 3057/6136/3057 3044/6139/3044 3081/6140/3081
vt 0.366730 0.449831
f 2965/5870/2965 3071/5799/3071 3064/6141/3064
vt 0.336387 0.521373
vt 0.338482 0.526853
vt 0.332589 0.522708
f 3051/6142/3051 3005/6143/3005 3144/6144/3144
vt 0.414312 0.200713
vt 0.414102 0.201142
f 3078/6145/3078 3051/5964/3051 3144/6146/3144
vt 0.787443 0.446716
vt 0.785119 0.447250
f 3122/6147/3122 3049/6013/3049 3123/6148/3123
vt 0.302498 0.412245
f 3058/6048/3058 2976/5868/2976 3096/6149/3096
vt 0.296679 0.411705
f 3096/6149/3096 3105/6150/3105 3058/6048/3058
vt 0.445615 0.131457
vt 0.445617 0.138303
vt 0.442889 0.133670
f 3101/6151/3101 3127/6152/3127 3108/6153/3108
vt 0.928051 0.202821
vt 0.924415 0.202772
vt 0.924877 0.200126
f 3113/6154/3113 3077/6155/3077 3160/6156/3160
f 3043/5990/3043 3088/6067/3088 3077/6128/3077
vt 0.436705 0.830756
f 3006/6001/3006 3053/5920/3053 3068/6157/3068
f 3242/6127/3242 3219/6054/3219 2851/6023/2851
vt 0.081263 0.139910
vt 0.080016 0.137929
vt 0.081597 0.137555
f 3112/6158/3112 3059/6159/3059 3055/6160/3055
f 3107/6091/3107 3098/6086/3098 2996/6085/2996
f 3046/6097/3046 3113/6154/3113 3131/6123/3131
vt 0.302165 0.628845
vt 0.305846 0.624576
f 2740/6161/2740 2916/5540/2916 3157/6162/3157
f 2944/5905/2944 3109/6080/3109 3162/6132/3162
f 2959/5051/2959 3126/5940/3126 2916/5540/2916
vt 0.163152 0.160747
f 3022/5991/3022 3156/6163/3156 3075/5992/3075
vt 0.078616 0.143554
f 3054/6103/3054 3060/6055/3060 3052/6164/3052
vt 0.321192 0.399694
f 3000/6004/3000 3100/6018/3100 3097/6165/3097
vt 0.165207 0.158361
vt 0.165526 0.156749
f 3156/6166/3156 3169/6167/3169 3075/5992/3075
f 3053/5920/3053 2995/5878/2995 3068/6157/3068
vt 0.757853 0.651675
f 2974/5715/2974 3095/6168/3095 2942/5828/2942
f 3020/5958/3020 2926/5797/2926 3170/6116/3170
f 3066/6120/3066 3018/5925/3018 3173/6114/3173
f 3247/6119/3247 3156/6163/3156 3022/5991/3022
f 3017/6036/3017 3115/5906/3115 2925/5767/2925
vt 0.402143 0.874529
f 3065/5962/3065 3115/5906/3115 3087/6169/3087
vt 0.822796 0.340896
vt 0.829365 0.340286
vt 0.830717 0.345389
f 3087/6170/3087 3019/6171/3019 3065/6172/3065
vt 0.721662 0.597565
f 3085/5928/3085 3337/6173/3337 3063/5618/3063
f 3133/6068/3133 3063/5618/3063 3337/6173/3337
vt 0.832635 0.332079
f 3137/6034/3137 3042/5923/3042 3154/6174/3154
f 3042/5923/3042 3041/6039/3041 3154/6174/3154
f 3111/5882/3111 2987/5929/2987 3241/5996/3241
vt 0.931558 0.195462
vt 0.933186 0.193765
vt 0.934119 0.194983
f 3106/6175/3106 3117/6176/3117 3032/6177/3032
vt 0.574294 0.120160
vt 0.573608 0.121509
f 3106/6178/3106 3057/6136/3057 3129/6179/3129
f 3057/6136/3057 3081/6140/3081 3129/6179/3129
f 3064/6141/3064 3231/5957/3231 2965/5870/2965
f 3224/5763/3224 3016/5427/3016 3015/6070/3015
vt 0.354630 0.562746
vt 0.358762 0.565123
vt 0.355372 0.565940
f 3123/6180/3123 3049/6181/3049 3103/6182/3103
vt 0.081548 0.808102
f 3027/6015/3027 3098/6083/3098 3184/6183/3184
vt 0.035815 0.818398
f 3116/6184/3116 3135/5997/3135 3093/5922/3093
f 2952/5819/2952 3171/6050/3171 3096/6149/3096
f 3082/6030/3082 3000/6004/3000 3097/6165/3097
f 3096/6149/3096 2976/5868/2976 2952/5819/2952
vt 0.082985 0.144779
f 3054/6103/3054 3052/6164/3052 3104/6185/3104
vt 0.430954 0.843518
f 3011/6033/3011 3006/6001/3006 3132/6186/3132
vt 0.939803 0.177379
vt 0.941559 0.175345
f 3110/6187/3110 3052/6188/3052 3112/6124/3112
vt 0.285503 0.568528
f 3453/6189/3453 3015/6070/3015 2992/5658/2992
f 3243/6063/3243 3071/5799/3071 3012/5775/3012
f 2942/5828/2942 3095/6168/3095 3170/6116/3170
vt 0.692508 0.902805
f 3088/6067/3088 3145/6190/3145 3077/6128/3077
vt 0.399797 0.210432
f 2986/5938/2986 3091/6105/3091 3125/6191/3125
vt 0.936656 0.182682
vt 0.939791 0.180453
f 3128/6192/3128 3112/6193/3112 3055/6079/3055
f 3055/6079/3055 3147/6130/3147 3128/6192/3128
f 3113/6154/3113 3160/6156/3160 3131/6123/3131
vt 0.444744 0.825478
f 3068/6157/3068 2995/5878/2995 3119/6194/3119
f 3147/6130/3147 3069/6026/3069 3117/6111/3117
vt 0.300319 0.415837
f 3105/6150/3105 3096/6149/3096 3177/6195/3177
vt 0.866041 0.623887
vt 0.863420 0.631237
vt 0.864492 0.626661
f 3193/6196/3193 3084/6197/3084 3284/6198/3284
vt 0.802876 0.275173
f 3095/6199/3095 3028/6138/3028 3076/6064/3076
vt 0.323552 0.398534
vt 0.323864 0.396311
f 3118/6200/3118 3100/6018/3100 3025/6201/3025
f 3097/6165/3097 3100/6018/3100 3118/6200/3118
vt 0.670164 0.616332
f 2998/5621/2998 3192/6202/3192 2935/5400/2935
vt 0.327046 0.518252
f 3078/6092/3078 3159/6203/3159 3107/6091/3107
vt 0.626829 0.331841
vt 0.631509 0.334092
f 3035/6204/3035 2938/5918/2938 3072/6205/3072
vt 0.035178 0.812885
vt 0.033831 0.817903
f 3155/6206/3155 3116/6207/3116 3093/5922/3093
vt 0.402329 0.580763
f 3200/6208/3200 3079/6011/3079 3003/5914/3003
vt 0.033704 0.809342
f 3150/6078/3150 3408/6209/3408 3093/5922/3093
f 3408/6209/3408 3155/6206/3155 3093/5922/3093
vt 0.631019 0.326308
vt 0.633970 0.327089
f 3037/6066/3037 3079/6210/3079 3200/6211/3200
vt 0.648702 0.594688
f 3092/5546/3092 3565/6212/3565 3080/5215/3080
vt 0.081094 0.143240
f 3110/6213/3110 3104/6185/3104 3052/6164/3052
vt 0.487121 0.886268
f 2550/5238/2550 3465/6214/3465 3202/5743/3202
f 3089/5735/3089 3465/6214/3465 2550/5238/2550
f 2974/5715/2974 3028/5994/3028 3095/6168/3095
vt 0.407498 0.873432
f 3087/6169/3087 3115/5906/3115 3190/6215/3190
vt 0.452405 0.819130
f 2995/5878/2995 3061/6035/3061 3167/6216/3167
vt 0.615485 0.876710
vt 0.622775 0.881957
f 3023/5995/3023 3135/6217/3135 3246/6218/3246
vt 0.462477 0.809776
f 3172/6219/3172 3061/6035/3061 2929/5760/2929
f 3090/6118/3090 3172/6219/3172 2929/5760/2929
vt 0.621720 0.546751
f 3468/6220/3468 3030/5313/3030 3033/5312/3033
vt 0.698102 0.565216
f 3310/6043/3310 3153/5788/3153 3324/6221/3324
vt 0.724903 0.603710
f 3085/5928/3085 3222/6222/3222 3337/6173/3337
vt 0.068710 0.806427
f 2876/5835/2876 3027/6015/3027 3134/6223/3134
vt 0.317821 0.406508
f 3099/6021/3099 3082/6030/3082 3124/6224/3124
vt 0.938653 0.179081
f 3112/6193/3112 3128/6192/3128 3110/6225/3110
vt 0.084104 0.151063
f 3109/6080/3109 3054/6103/3054 3212/6226/3212
f 3054/6103/3054 3104/6185/3104 3212/6226/3212
vt 0.334257 0.529964
f 3163/6227/3163 3144/6144/3144 3005/6143/3005
vt 0.447921 0.140971
vt 0.444791 0.141361
f 3127/6152/3127 3122/6228/3122 3181/6229/3181
vt 0.441391 0.136334
f 3121/6230/3121 3108/6153/3108 3127/6152/3127
f 2986/5938/2986 3125/6191/3125 3047/6099/3047
f 3241/5996/3241 3023/5995/3023 3246/6218/3246
vt 0.307203 0.622022
f 3157/6162/3157 2916/5540/2916 3233/6231/3233
vt 0.933446 0.191066
f 3147/6130/3147 3117/6111/3117 3178/6232/3178
vt 0.322277 0.509432
f 3098/6086/3098 3107/6091/3107 3184/6233/3184
vt 0.388672 0.225783
f 3140/6065/3140 3108/6108/3108 3141/6234/3141
vt 0.927692 0.193488
f 3117/6176/3117 3106/6175/3106 3165/6235/3165
vt 0.297077 0.415022
f 3177/6195/3177 3164/6236/3164 3105/6150/3105
vt 0.447933 0.143396
f 3122/6228/3122 3123/6237/3123 3181/6229/3181
vt 0.784841 0.442719
vt 0.782350 0.445678
f 3181/6238/3181 3123/6148/3123 3168/6239/3168
f 3078/6092/3078 3144/6144/3144 3159/6203/3159
vt 0.684308 0.846304
vt 0.680672 0.846000
f 3056/6104/3056 3105/6240/3105 3164/6241/3164
vt 0.928461 0.197393
f 3081/6098/3081 3131/6123/3131 3129/6242/3129
vt 0.082649 0.162042
vt 0.079821 0.161072
f 3162/6132/3162 3118/6243/3118 3025/6244/3025
vt 0.338023 0.531263
f 3005/6143/3005 3047/6245/3047 3163/6227/3163
vt 0.636797 0.159388
vt 0.635646 0.160860
vt 0.633483 0.159369
f 3160/6246/3160 3077/6247/3077 3143/6248/3143
vt 0.358259 0.568709
vt 0.353772 0.571483
f 3103/6182/3103 3074/6249/3074 3210/6250/3210
vt 0.919473 0.202499
vt 0.921777 0.201065
f 3077/6155/3077 3145/6251/3145 3143/6252/3143
vt 0.616902 0.031895
vt 0.617277 0.029818
vt 0.619019 0.030034
f 3082/6253/3082 3097/6254/3097 3142/6255/3142
vt 0.636297 0.328618
f 3037/6066/3037 3189/6256/3189 2938/5918/2938
vt 0.399411 0.883936
f 3154/6121/3154 3019/6044/3019 3136/6257/3136
vt 0.402124 0.879302
vt 0.401871 0.883068
f 3019/6044/3019 3087/6258/3087 3136/6259/3136
vt 0.824647 0.335684
vt 0.825176 0.330092
f 3154/6174/3154 3136/6260/3136 3175/6261/3175
vt 0.280825 0.563063
f 3619/5843/3619 3459/6262/3459 2992/5658/2992
vt 0.692055 0.906959
f 3114/6071/3114 3276/6263/3276 3088/6067/3088
f 3134/6223/3134 3027/6015/3027 3184/6183/3184
vt 0.014653 0.742710
f 2895/5727/2895 3004/5851/3004 3090/6264/3090
f 3114/6122/3114 2876/5835/2876 3134/6223/3134
f 3115/5906/3115 3017/6036/3017 3190/6215/3190
vt 0.824135 0.299483
f 3174/6265/3174 3086/5834/3086 2928/5881/2928
vt 0.638204 0.157715
vt 0.636174 0.157441
f 3131/6266/3131 3160/6246/3160 3161/6267/3161
vt 0.439763 0.836567
f 3132/6186/3132 3006/6001/3006 3289/6268/3289
f 3068/6157/3068 3289/6268/3289 3006/6001/3006
f 3250/6059/3250 3056/6104/3056 3164/6241/3164
f 3459/6262/3459 3453/6189/3453 2992/5658/2992
vt 0.931373 0.190715
f 3117/6176/3117 3165/6235/3165 3178/6269/3178
f 3106/6175/3106 3129/6242/3129 3165/6235/3165
vt 0.781982 0.449846
vt 0.780376 0.448538
f 3123/6148/3123 3103/6270/3103 3249/6271/3249
vt 0.316318 0.401563
vt 0.321219 0.403582
f 3124/6224/3124 3082/6272/3082 3148/6273/3148
f 2903/5874/2903 3219/6054/3219 3120/6052/3120
vt 0.387999 0.228232
f 3141/6234/3141 3108/6108/3108 3121/6274/3121
vt 0.332647 0.526651
f 3144/6144/3144 3163/6227/3163 3211/6275/3211
vt 0.619057 0.031581
f 3082/6253/3082 3142/6255/3142 3148/6276/3148
f 3037/6066/3037 3200/6211/3200 3189/6256/3189
vt 0.729548 0.131789
vt 0.726721 0.136576
vt 0.726476 0.130585
f 3074/6277/3074 3072/6278/3072 3210/6279/3210
vt 0.082896 0.140849
vt 0.086534 0.137187
vt 0.091336 0.139273
f 3110/6280/3110 3128/6281/3128 3183/6282/3183
vt 0.395629 0.212591
f 3125/6191/3125 3091/6105/3091 3226/6283/3226
f 3091/6105/3091 3070/6049/3070 3140/6065/3140
vt 0.934390 0.185026
f 3128/6192/3128 3147/6130/3147 3182/6284/3182
vt 0.635078 0.927786
f 3169/6285/3169 3242/6127/3242 3075/6126/3075
vt 0.085165 0.163813
vt 0.082184 0.163617
f 3176/6286/3176 3097/6287/3097 3118/6243/3118
vt 0.083831 0.164737
f 3142/6288/3142 3097/6287/3097 3176/6286/3176
f 3162/6132/3162 3109/6080/3109 3212/6226/3212
vt 0.442947 0.632816
f 2956/5541/2956 3284/6289/3284 3084/5579/3084
vt 0.353256 0.562716
vt 0.352074 0.567050
vt 0.351544 0.563079
f 3123/6290/3123 3249/6291/3249 3168/6292/3168
vt 0.637820 0.156465
f 3129/6293/3129 3131/6266/3131 3161/6267/3161
vt 0.637102 0.330928
f 2938/5918/2938 3189/6256/3189 3149/6294/3149
vt 0.723483 0.133434
f 3210/6279/3210 3072/6278/3072 3199/6295/3199
f 3276/6263/3276 3145/6190/3145 3088/6067/3088
vt 0.665176 0.826076
f 2962/5790/2962 3187/6296/3187 3013/5812/3013
f 3072/6205/3072 2938/5918/2938 3149/6294/3149
f 2962/5790/2962 3166/6129/3166 3187/6296/3187
vt 0.403172 0.579323
f 3003/5914/3003 3062/6297/3062 3200/6208/3200
vt 0.312346 0.412338
f 3096/6149/3096 3171/6050/3171 3228/6298/3228
vt 0.407409 0.880427
f 3087/6258/3087 3152/6299/3152 3136/6259/3136
f 3153/5788/3153 3048/5661/3048 3133/6068/3133
vt 0.735984 0.629660
f 2919/5875/2919 3020/5958/3020 3428/6300/3428
f 3171/6050/3171 3099/6021/3099 3124/6224/3124
f 3119/6194/3119 2995/5878/2995 3167/6216/3167
f 3061/6035/3061 3172/6219/3172 3167/6216/3167
f 3085/5928/3085 2919/5875/2919 3222/6222/3222
vt 0.826674 0.321586
f 3154/6174/3154 3220/6301/3220 3137/6034/3137
vt 0.423466 0.855773
f 3180/6302/3180 3017/6036/3017 3011/6033/3011
f 3090/6264/3090 3004/5851/3004 3073/6107/3073
vt 0.426195 0.850616
f 3221/6303/3221 3011/6033/3011 3132/6186/3132
f 3174/6265/3174 2928/5881/2928 3066/6120/3066
f 3137/6034/3137 3220/6301/3220 3173/6114/3173
vt 0.817594 0.337241
vt 0.817456 0.343897
f 3152/6304/3152 3087/6170/3087 3190/6305/3190
f 3183/6282/3183 3104/6185/3104 3110/6280/3110
vt 0.930692 0.190034
vt 0.932202 0.184673
f 3147/6130/3147 3178/6306/3178 3182/6307/3182
f 2771/5416/2771 3080/5215/3080 3565/6212/3565
vt 0.090708 0.136569
f 3183/6282/3183 3128/6281/3128 3182/6308/3182
vt 0.671883 0.635388
f 3238/5919/3238 3050/5755/3050 3471/6309/3471
vt 0.391408 0.221504
vt 0.388365 0.224007
f 3186/6310/3186 3140/6065/3140 3230/6311/3230
vt 0.329674 0.522124
f 3144/6144/3144 3253/6312/3253 3159/6203/3159
f 3140/6065/3140 3141/6234/3141 3230/6311/3230
vt 0.786661 0.441928
vt 0.785869 0.439521
f 3127/6313/3127 3181/6238/3181 3121/6314/3121
vt 0.502272 0.853386
f 3792/6315/3792 3205/5999/3205 2984/5830/2984
f 3050/5755/3050 2934/5217/2934 3471/6309/3471
f 3221/6303/3221 3180/6302/3180 3011/6033/3011
vt 0.087662 0.146867
f 3195/6316/3195 3212/6226/3212 3104/6185/3104
vt 0.634236 0.157167
f 3143/6248/3143 3161/6317/3161 3160/6246/3160
f 3102/5924/3102 3792/6315/3792 2984/5830/2984
vt 0.681826 0.847847
vt 0.677604 0.847902
f 3164/6241/3164 3177/6318/3177 3185/6319/3185
vt 0.552718 0.115026
vt 0.554623 0.118333
vt 0.551925 0.119760
f 3091/6320/3091 3140/6321/3140 3255/6322/3255
vt 0.555673 0.122955
f 3140/6321/3140 3186/6323/3186 3255/6322/3255
vt 0.086210 0.158453
f 3118/6243/3118 3162/6132/3162 3213/6324/3213
vt 0.406258 0.199461
vt 0.409938 0.201550
vt 0.404857 0.202699
f 3253/6325/3253 3144/6326/3144 3211/6327/3211
vt 0.629308 0.550652
f 3468/6220/3468 3263/6328/3263 3030/5313/3030
vt 0.403154 0.206109
f 3163/6329/3163 3047/6099/3047 3125/6191/3125
vt 0.924693 0.196211
f 3165/6235/3165 3129/6242/3129 3214/6330/3214
f 3210/6250/3210 3249/6291/3249 3103/6182/3103
vt 0.685638 0.548254
f 3310/6043/3310 3295/6331/3295 3038/5895/3038
f 3104/6185/3104 3183/6282/3183 3195/6316/3195
vt 0.360889 0.447900
f 3429/6332/3429 3064/6141/3064 3071/5799/3071
f 3030/5313/3030 3263/6328/3263 2712/5319/2712
vt 0.812692 0.343425
f 3152/6304/3152 3190/6305/3190 3217/6333/3217
vt 0.680445 0.543097
f 3239/5490/3239 3038/5895/3038 3308/6334/3308
vt 0.031132 0.806775
f 3408/6209/3408 3150/6078/3150 3204/6335/3204
f 3324/6221/3324 3153/5788/3153 3133/6068/3133
vt 0.016691 0.749217
f 3090/6264/3090 3073/6107/3073 3240/6336/3240
vt 0.889622 0.574029
vt 0.893438 0.571021
vt 0.891379 0.575015
f 3200/6337/3200 3062/6338/3062 3215/6339/3215
vt 0.822114 0.311245
f 3066/6120/3066 3173/6114/3173 3245/6340/3245
vt 0.411403 0.882642
f 3136/6259/3136 3152/6299/3152 3218/6341/3218
vt 0.818688 0.333925
f 3175/6261/3175 3136/6260/3136 3218/6342/3218
vt 0.723268 0.614488
f 3222/6222/3222 2919/5875/2919 3290/6343/3290
f 3154/6174/3154 3175/6261/3175 3220/6301/3220
f 3194/5998/3194 3086/5834/3086 3174/6265/3174
vt 0.693253 0.908983
f 3114/6071/3114 3268/6344/3268 3276/6263/3276
vt 0.060439 0.809552
f 3268/6345/3268 3114/6122/3114 3134/6223/3134
vt 0.690622 0.905253
f 3276/6263/3276 3188/6346/3188 3145/6190/3145
vt 0.400060 0.206695
f 3163/6329/3163 3125/6191/3125 3207/6347/3207
vt 0.320146 0.512821
f 3184/6233/3184 3107/6091/3107 3201/6348/3201
vt 0.292319 0.579621
f 3179/5671/3179 3224/5763/3224 3349/6349/3349
vt 0.662965 0.817326
f 3013/5812/3013 3273/6350/3273 3073/6109/3073
vt 0.719242 0.135993
f 3199/6295/3199 3072/6278/3072 3285/6351/3285
vt 0.720556 0.137341
f 3072/6278/3072 3234/6352/3234 3285/6351/3285
vt 0.746192 0.647628
f 3170/6116/3170 3095/6168/3095 3257/6353/3257
vt 0.637572 0.334152
f 3149/6294/3149 3234/6354/3234 3072/6205/3072
vt 0.906409 0.058262
vt 0.904525 0.058697
vt 0.904841 0.057716
f 3129/6355/3129 3161/6356/3161 3214/6357/3214
vt 0.630938 0.901553
vt 0.628823 0.903981
f 3287/6358/3287 3243/6359/3243 2948/5884/2948
vt 0.431225 0.863395
f 3017/6036/3017 3180/6302/3180 3244/6360/3244
f 3250/6059/3250 3166/6129/3166 3130/5980/3130
vt 0.074052 0.863661
f 3120/6361/3120 3197/6010/3197 2920/5898/2920
vt 0.627834 0.889682
f 3111/5882/3111 3403/6362/3403 3139/6131/3139
vt 0.325766 0.399814
vt 0.327467 0.400303
vt 0.328771 0.403186
f 3118/6363/3118 3213/6364/3213 3196/6365/3196
vt 0.133252 0.025644
vt 0.131969 0.030770
vt 0.130371 0.027670
f 3182/6366/3182 3178/6367/3178 3266/6368/3266
vt 0.085458 0.165194
vt 0.087655 0.166874
f 3142/6369/3142 3176/6286/3176 3148/6370/3148
vt 0.612883 0.871111
vt 0.614806 0.866856
f 3135/6217/3135 3116/6371/3116 3155/6372/3155
vt 0.551288 0.117253
f 3091/6320/3091 3255/6322/3255 3226/6373/3226
vt 0.926331 0.189841
vt 0.927875 0.185029
f 3203/6374/3203 3266/6375/3266 3178/6306/3178
f 3178/6306/3178 3165/6235/3165 3203/6374/3203
vt 0.631374 0.161984
vt 0.628952 0.158714
f 3145/6376/3145 3236/6377/3236 3143/6248/3143
vt 0.627396 0.162120
f 3236/6377/3236 3145/6376/3145 3188/6378/3188
vt 0.902976 0.056715
f 3161/6356/3161 3198/6379/3198 3214/6357/3214
f 3308/6334/3308 3038/5895/3038 3295/6331/3295
f 3212/6226/3212 3213/6324/3213 3162/6132/3162
vt 0.400245 0.583696
vt 0.401279 0.582012
vt 0.403356 0.585404
f 3149/6380/3149 3189/6381/3189 3235/6382/3235
vt 0.349259 0.559474
vt 0.349800 0.562377
vt 0.343208 0.565933
f 3181/6383/3181 3168/6384/3168 3265/6385/3265
f 3265/6385/3265 3168/6384/3168 3249/6291/3249
f 3126/5940/3126 3233/6231/3233 2916/5540/2916
f 3157/6115/3157 3284/6289/3284 2956/5541/2956
vt 0.310811 0.414545
f 3096/6149/3096 3228/6298/3228 3209/6386/3209
vt 0.419196 0.870754
f 3336/6387/3336 3017/6036/3017 3244/6360/3244
f 3190/6215/3190 3017/6036/3017 3336/6387/3336
f 3066/6120/3066 3245/6340/3245 3174/6265/3174
vt 0.730916 0.619610
f 2919/5875/2919 3428/6300/3428 3191/6388/3191
f 3173/6114/3173 3220/6301/3220 3245/6340/3245
vt 0.805491 0.284362
f 3095/6199/3095 3076/6064/3076 3332/6389/3332
f 3403/6362/3403 3111/5882/3111 3241/5996/3241
vt 0.818569 0.327724
f 3220/6301/3220 3175/6261/3175 3216/6390/3216
vt 0.074517 0.810739
f 3134/6223/3134 3184/6183/3184 3305/6391/3305
f 3174/6265/3174 3332/6389/3332 3194/5998/3194
f 3076/6064/3076 3194/5998/3194 3332/6389/3332
vt 0.095211 0.137027
f 3183/6282/3183 3182/6308/3182 3266/6392/3266
vt 0.090574 0.150795
f 3212/6226/3212 3195/6316/3195 3256/6393/3256
vt 0.159283 0.171016
f 3231/6394/3231 3247/6119/3247 3158/6041/3158
vt 0.325437 0.401651
f 3176/6395/3176 3118/6363/3118 3196/6365/3196
vt 0.326839 0.404754
vt 0.323417 0.404165
f 3176/6395/3176 3225/6396/3225 3148/6397/3148
vt 0.632041 0.156120
f 3161/6317/3161 3143/6248/3143 3198/6398/3198
vt 0.321089 0.519998
f 3107/6091/3107 3159/6203/3159 3274/6399/3274
vt 0.391615 0.216828
vt 0.387970 0.216933
f 3255/6400/3255 3186/6310/3186 3248/6401/3248
f 3187/6296/3187 3273/6350/3273 3013/5812/3013
vt 0.328114 0.523965
f 3274/6399/3274 3159/6203/3159 3253/6402/3253
vt 0.401934 0.202757
f 3211/6327/3211 3163/6329/3163 3229/6403/3229
vt 0.620324 0.873877
f 3376/6404/3376 3135/6217/3135 3155/6372/3155
vt 0.316466 0.411183
f 3286/6405/3286 3171/6050/3171 3124/6224/3124
f 3189/6381/3189 3200/6208/3200 3235/6382/3235
vt 0.783525 0.439843
f 3181/6238/3181 3206/6406/3206 3121/6314/3121
f 3185/6319/3185 3250/6059/3250 3164/6241/3164
vt 0.341236 0.557606
vt 0.347196 0.559292
f 3206/6407/3206 3181/6408/3181 3265/6385/3265
f 3139/6131/3139 3287/6358/3287 2948/5884/2948
vt 0.308534 0.419436
f 3096/6149/3096 3329/6409/3329 3177/6195/3177
vt 0.395146 0.207771
f 3207/6347/3207 3125/6191/3125 3328/6410/3328
f 3248/6401/3248 3186/6310/3186 3230/6311/3230
vt 0.630151 0.157414
f 3198/6398/3198 3143/6248/3143 3254/6411/3254
f 3143/6248/3143 3236/6377/3236 3254/6411/3254
f 3329/6409/3329 3096/6149/3096 3209/6386/3209
f 3224/5763/3224 3015/6070/3015 3453/6189/3453
vt 0.786664 0.437444
vt 0.784972 0.437189
f 3141/6412/3141 3121/6314/3121 3230/6413/3230
vt 0.022821 0.746726
vt 0.021928 0.750025
f 3273/6414/3273 3326/6415/3326 3073/6107/3073
vt 0.784338 0.438198
f 3206/6416/3206 3230/6413/3230 3121/6314/3121
vt 0.924933 0.193280
f 3165/6235/3165 3214/6417/3214 3203/6374/3203
f 3225/6396/3225 3176/6395/3176 3196/6365/3196
vt 0.297894 0.596141
f 3179/5671/3179 3394/6418/3394 3067/5650/3067
vt 0.321741 0.404425
f 3124/6224/3124 3148/6419/3148 3225/6396/3225
vt 0.406053 0.584314
f 3325/6420/3325 3235/6382/3235 3200/6208/3200
vt 0.089960 0.158659
f 3213/6324/3213 3212/6226/3212 3208/6421/3208
vt 0.095584 0.141875
f 3195/6316/3195 3183/6282/3183 3223/6422/3223
f 2935/5400/2935 3471/6309/3471 2934/5217/2934
vt 0.083841 0.809694
vt 0.082537 0.812160
f 3184/6183/3184 3201/6423/3201 3232/6424/3232
f 3201/6348/3201 3107/6091/3107 3274/6399/3274
vt 0.622717 0.865322
f 3335/6425/3335 3376/6404/3376 3155/6372/3155
vt 0.328945 0.529443
vt 0.331716 0.530130
vt 0.333142 0.532347
f 3229/6426/3229 3163/6427/3163 3207/6428/3207
f 3286/6405/3286 3228/6298/3228 3171/6050/3171
f 3068/6157/3068 3119/6194/3119 3289/6268/3289
vt 0.676878 0.526778
f 3239/5490/3239 3215/6429/3215 3062/6117/3062
vt 0.647012 0.582131
f 3565/6212/3565 3092/5546/3092 3341/6430/3341
vt 0.412485 0.874646
f 3336/6387/3336 3217/6431/3217 3190/6215/3190
vt 0.887809 0.577939
f 3200/6337/3200 3215/6339/3215 3325/6432/3325
vt 0.819788 0.330660
f 3218/6342/3218 3216/6433/3216 3175/6261/3175
f 3240/6336/3240 3073/6107/3073 3326/6415/3326
vt 0.811018 0.304960
f 3332/6389/3332 3174/6265/3174 3306/6434/3306
f 3125/6191/3125 3226/6283/3226 3328/6410/3328
vt 0.481550 0.893663
f 3467/6435/3467 3089/5735/3089 3146/6093/3146
vt 0.228262 0.100903
vt 0.232395 0.098009
vt 0.231203 0.102974
f 3252/6436/3252 3203/6437/3203 3214/6438/3214
vt 0.226196 0.102119
f 3252/6436/3252 3214/6438/3214 3292/6439/3292
vt 0.227999 0.104003
f 3214/6438/3214 3198/6440/3198 3292/6439/3292
vt 0.437003 0.855588
f 3180/6302/3180 3221/6303/3221 3387/6441/3387
vt 0.518942 0.849338
vt 0.511514 0.843649
f 3150/6442/3150 3205/5999/3205 3361/6443/3361
vt 0.329927 0.527447
vt 0.322526 0.528487
f 3253/6402/3253 3211/6444/3211 3343/6445/3343
f 3343/6445/3343 3211/6444/3211 3229/6426/3229
f 3429/6332/3429 3071/5799/3071 3243/6063/3243
vt 0.091917 0.155860
f 3212/6226/3212 3271/6446/3271 3208/6421/3208
f 3212/6226/3212 3256/6393/3256 3271/6446/3271
vt 0.094061 0.146694
f 3195/6316/3195 3223/6422/3223 3258/6447/3258
vt 0.322854 0.407807
f 3124/6224/3124 3225/6396/3225 3283/6448/3283
vt 0.664553 0.836816
f 3166/6129/3166 3250/6059/3250 3251/6449/3251
vt 0.436632 0.629952
f 3371/6450/3371 3284/6289/3284 3157/6115/3157
vt 0.925696 0.186460
f 3266/6375/3266 3203/6374/3203 3237/6451/3237
f 3258/6447/3258 3256/6393/3256 3195/6316/3195
vt 0.791844 0.058797
vt 0.789665 0.057495
vt 0.792520 0.056574
f 3210/6452/3210 3279/6453/3279 3249/6454/3249
vt 0.385982 0.219582
f 3230/6311/3230 3339/6455/3339 3248/6401/3248
vt 0.299945 0.418717
vt 0.303725 0.419374
f 3185/6456/3185 3177/6195/3177 3260/6457/3260
f 3329/6409/3329 3260/6457/3260 3177/6195/3177
vt 0.347563 0.575634
vt 0.355715 0.575819
f 3296/6458/3296 3210/6250/3210 3199/6459/3199
vt 0.671097 0.535822
f 3469/6460/3469 3215/6429/3215 3239/5490/3239
f 2919/5875/2919 3191/6388/3191 3290/6343/3290
f 3132/6186/3132 3387/6441/3387 3221/6303/3221
vt 0.808733 0.336206
f 3217/6333/3217 3303/6461/3303 3152/6304/3152
vt 0.811180 0.333601
f 3218/6462/3218 3152/6304/3152 3303/6461/3303
vt 0.644425 0.937013
f 3120/6052/3120 3219/6054/3219 3347/6463/3347
vt 0.814170 0.318379
f 3216/6390/3216 3267/6464/3267 3220/6301/3220
f 3267/6464/3267 3245/6340/3245 3220/6301/3220
f 3174/6265/3174 3245/6340/3245 3306/6434/3306
f 3135/6217/3135 3376/6404/3376 3246/6218/3246
f 3184/6183/3184 3232/6424/3232 3305/6391/3305
vt 0.354384 0.579988
f 3296/6458/3296 3199/6459/3199 3285/6465/3285
vt 0.636515 0.031553
vt 0.639356 0.032053
vt 0.638123 0.033226
f 3227/6466/3227 3226/6467/3226 3255/6468/3255
vt 0.626130 0.159161
vt 0.624884 0.159926
f 3275/6469/3275 3236/6377/3236 3259/6470/3259
vt 0.315089 0.515363
f 3201/6348/3201 3274/6399/3274 3318/6471/3318
f 3188/6378/3188 3259/6470/3259 3236/6377/3236
vt 0.326318 0.408198
f 3283/6448/3283 3225/6396/3225 3264/6472/3264
vt 0.301893 0.070729
vt 0.299077 0.074075
vt 0.297480 0.070919
f 3291/6473/3291 3169/6474/3169 3156/6475/3156
vt 0.637674 0.335850
vt 0.642727 0.334900
f 3285/6476/3285 3234/6354/3234 3288/6477/3288
vt 0.227418 0.104733
vt 0.225681 0.105239
f 3198/6478/3198 3254/6479/3254 3292/6439/3292
vt 0.157143 0.160344
f 3156/6163/3156 3247/6119/3247 3291/6480/3291
vt 0.789615 0.060452
vt 0.785997 0.060007
f 3279/6453/3279 3210/6481/3210 3296/6482/3296
vt 0.640513 0.329294
vt 0.642377 0.331279
f 3235/6483/3235 3277/6484/3277 3149/6294/3149
f 3234/6354/3234 3149/6294/3149 3277/6484/3277
vt 0.385537 0.221984
f 3339/6455/3339 3230/6311/3230 3293/6485/3293
vt 0.336023 0.555519
vt 0.342805 0.552926
f 3293/6486/3293 3230/6487/3230 3206/6407/3206
vt 0.659437 0.824037
f 3399/6488/3399 3273/6350/3273 3187/6296/3187
f 3251/6449/3251 3187/6296/3187 3166/6129/3166
vt 0.089555 0.162836
f 3196/6489/3196 3213/6324/3213 3208/6421/3208
f 3223/6422/3223 3183/6282/3183 3266/6392/3266
vt 0.230291 0.096585
f 3237/6490/3237 3203/6437/3203 3252/6436/3252
vt 0.646418 0.943181
f 3347/6463/3347 3529/6491/3529 3120/6052/3120
vt 0.391177 0.212012
f 3328/6410/3328 3226/6283/3226 3227/6492/3227
vt 0.319011 0.410395
f 3286/6405/3286 3124/6224/3124 3272/6493/3272
vt 0.627655 0.155953
vt 0.630078 0.156716
vt 0.625125 0.157806
f 3270/6494/3270 3254/6495/3254 3275/6496/3275
f 3254/6495/3254 3236/6377/3236 3275/6496/3275
vt 0.925444 0.179957
vt 0.921839 0.181791
f 3223/6497/3223 3266/6375/3266 3301/6498/3301
vt 0.923515 0.186450
f 3266/6375/3266 3237/6451/3237 3261/6499/3261
vt 0.312312 0.618535
f 3126/5940/3126 3790/6500/3790 3233/6231/3233
vt 0.329988 0.536644
f 3229/6426/3229 3207/6428/3207 3328/6501/3328
vt 0.470199 0.044751
vt 0.468608 0.043069
vt 0.473782 0.042714
f 3288/6502/3288 3344/6503/3344 3285/6504/3285
vt 0.446275 0.842751
f 3289/6268/3289 3320/6505/3320 3132/6186/3132
vt 0.697587 0.578020
f 3324/6221/3324 3133/6068/3133 3354/6506/3354
f 3469/6460/3469 3239/5490/3239 3308/6334/3308
vt 0.466094 0.807640
f 3090/6118/3090 3240/6507/3240 3172/6219/3172
vt 0.686324 0.907179
f 3309/6508/3309 3188/6346/3188 3276/6263/3276
vt 0.066702 0.816464
f 3134/6223/3134 3305/6391/3305 3373/6509/3373
vt 0.432075 0.871149
f 3336/6387/3336 3244/6360/3244 3389/6510/3389
vt 0.225350 0.097168
f 3237/6490/3237 3252/6436/3252 3314/6511/3314
vt 0.321061 0.535663
f 3328/6501/3328 3415/6512/3415 3229/6426/3229
vt 0.224024 0.102155
f 3254/6479/3254 3280/6513/3280 3292/6439/3292
f 3227/6492/3227 3255/6400/3255 3248/6401/3248
vt 0.223107 0.103676
f 3280/6513/3280 3254/6479/3254 3270/6514/3270
f 3274/6399/3274 3253/6402/3253 3343/6445/3343
vt 0.320922 0.410430
f 3283/6448/3283 3272/6515/3272 3124/6224/3124
vt 0.153861 0.171451
f 3322/6516/3322 3247/6119/3247 3231/6394/3231
vt 0.156811 0.174999
f 3231/6394/3231 3064/6517/3064 3322/6516/3322
f 3228/6298/3228 3286/6405/3286 3209/6386/3209
f 3180/6302/3180 3387/6441/3387 3244/6360/3244
vt 0.297157 0.588022
f 3599/6518/3599 3394/6418/3394 3179/5671/3179
f 3301/6498/3301 3266/6375/3266 3261/6499/3261
vt 0.312648 0.417980
f 3329/6409/3329 3209/6386/3209 3282/6519/3282
vt 0.624536 0.161433
f 3188/6378/3188 3309/6520/3309 3259/6470/3259
vt 0.750730 0.298728
f 2927/5620/2927 3571/6521/3571 3262/5818/3262
vt 0.094537 0.161359
f 3196/6489/3196 3208/6421/3208 3294/6522/3294
vt 0.408144 0.588168
f 3235/6382/3235 3325/6420/3325 3278/6523/3278
vt 0.347935 0.570595
f 3249/6291/3249 3279/6524/3279 3265/6385/3265
vt 0.746532 0.329666
f 3146/6089/3146 3262/5818/3262 3467/6525/3467
f 3234/6354/3234 3277/6484/3277 3288/6477/3288
vt 0.094463 0.152776
f 3256/6393/3256 3258/6447/3258 3281/6526/3281
vt 0.669435 0.850639
f 3250/6059/3250 3185/6319/3185 3398/6527/3398
f 3271/6446/3271 3256/6393/3256 3281/6526/3281
vt 0.634596 0.556794
f 3263/6328/3263 3422/6528/3422 2712/5319/2712
vt 0.325484 0.411620
f 3272/6515/3272 3283/6448/3283 3323/6529/3323
vt 0.007998 0.028626
vt 0.009467 0.026675
vt 0.011083 0.028789
f 3286/6530/3286 3272/6531/3272 3298/6532/3298
vt 0.091414 0.164801
f 3225/6533/3225 3196/6489/3196 3294/6522/3294
vt 0.615778 0.862140
f 3335/6425/3335 3155/6372/3155 3408/6534/3408
vt 0.332167 0.542463
vt 0.327610 0.541553
f 3328/6501/3328 3227/6535/3227 3369/6536/3369
vt 0.462150 0.821014
f 3172/6219/3172 3269/6537/3269 3167/6216/3167
f 3033/5312/3033 3193/6082/3193 3468/6220/3468
vt 0.811628 0.328372
f 3216/6390/3216 3355/6538/3355 3267/6464/3267
vt 0.417501 0.880924
f 3217/6431/3217 3336/6387/3336 3303/6539/3303
vt 0.518699 0.842063
f 3361/6443/3361 3204/6540/3204 3150/6442/3150
vt 0.085893 0.845009
f 3197/6010/3197 3648/6541/3648 3151/5740/3151
f 3020/5958/3020 3170/6116/3170 3428/6300/3428
vt 0.703666 0.588487
f 3337/6173/3337 3466/6542/3466 3133/6068/3133
vt 0.723323 0.626825
f 3191/6388/3191 3428/6300/3428 3445/6543/3445
vt 0.686652 0.911508
f 3276/6263/3276 3268/6344/3268 3302/6544/3302
vt 0.689270 0.912354
f 3302/6544/3302 3268/6344/3268 3304/6545/3304
vt 0.061930 0.814078
f 3134/6223/3134 3373/6509/3373 3304/6546/3304
f 3268/6345/3268 3134/6223/3134 3304/6546/3304
vt 0.797927 0.300910
f 3332/6389/3332 3306/6434/3306 3481/6547/3481
vt 0.437008 0.635524
f 3371/6450/3371 3157/6115/3157 3233/6548/3233
vt 0.623261 0.159896
vt 0.621293 0.161157
vt 0.619136 0.160016
f 3259/6549/3259 3309/6550/3309 3311/6551/3311
f 3343/6445/3343 3229/6426/3229 3415/6512/3415
vt 0.305012 0.602999
f 3126/5940/3126 3067/5650/3067 3340/6552/3340
vt 0.685266 0.560184
f 3295/6331/3295 3310/6043/3310 3334/6553/3334
vt 0.085118 0.812757
vt 0.085445 0.815785
f 3232/6424/3232 3201/6554/3201 3318/6555/3318
vt 0.446277 0.850368
f 3132/6186/3132 3320/6505/3320 3425/6556/3425
vt 0.306886 0.422997
f 3260/6457/3260 3329/6409/3329 3299/6557/3299
vt 0.675701 0.852618
vt 0.672366 0.855855
f 3185/6319/3185 3260/6558/3260 3299/6559/3299
vt 0.094523 0.164587
f 3225/6533/3225 3294/6522/3294 3327/6560/3327
vt 0.318125 0.413189
f 3209/6386/3209 3286/6405/3286 3298/6561/3298
vt 0.404321 0.588428
f 3278/6523/3278 3277/6562/3277 3235/6382/3235
vt 0.229560 0.094945
f 3261/6563/3261 3237/6490/3237 3314/6511/3314
vt 0.074922 0.859183
f 3529/6564/3529 3197/6010/3197 3120/6361/3120
vt 0.098139 0.149202
f 3281/6526/3281 3258/6447/3258 3297/6565/3297
f 3252/6436/3252 3292/6439/3292 3314/6511/3314
vt 0.920399 0.187336
f 3314/6566/3314 3301/6498/3301 3261/6499/3261
vt 0.097187 0.144747
f 3312/6567/3312 3258/6447/3258 3223/6422/3223
vt 0.221934 0.102175
f 3280/6513/3280 3270/6514/3270 3315/6568/3315
vt 0.684299 0.911473
vt 0.686165 0.907390
f 3316/6569/3316 3309/6570/3309 3276/6263/3276
vt 0.321655 0.414165
f 3323/6529/3323 3342/6571/3342 3272/6515/3272
f 3323/6529/3323 3283/6448/3283 3264/6472/3264
f 3298/6561/3298 3272/6515/3272 3342/6571/3342
vt 0.748494 0.655662
f 3257/6353/3257 3095/6168/3095 3372/6572/3372
f 3349/6349/3349 3599/6518/3599 3179/5671/3179
vt 0.224067 0.100586
f 3314/6511/3314 3292/6439/3292 3300/6573/3300
f 3398/6527/3398 3185/6319/3185 3299/6559/3299
vt 0.916386 0.190619
vt 0.917630 0.192585
vt 0.916772 0.192622
f 3300/6574/3300 3292/6575/3292 3280/6576/3280
f 3208/6421/3208 3271/6446/3271 3294/6522/3294
vt 0.094550 0.166363
f 3327/6560/3327 3264/6577/3264 3225/6533/3225
vt 0.097717 0.159352
f 3294/6522/3294 3271/6446/3271 3345/6578/3345
vt 0.457588 0.830825
f 3119/6194/3119 3167/6216/3167 3446/6579/3446
vt 0.353454 0.455117
vt 0.353772 0.451907
f 3287/6580/3287 3603/6581/3603 3243/6063/3243
vt 0.793510 0.279301
f 3095/6199/3095 3332/6389/3332 3372/6582/3372
vt 0.632480 0.894839
f 3498/6583/3498 3287/6358/3287 3139/6131/3139
vt 0.468633 0.809780
f 3172/6219/3172 3240/6507/3240 3326/6584/3326
f 3245/6340/3245 3267/6464/3267 3306/6434/3306
vt 0.423164 0.879953
f 3390/6585/3390 3303/6539/3303 3336/6387/3336
vt 0.429569 0.875480
f 3336/6387/3336 3389/6510/3389 3351/6586/3351
vt 0.656129 0.822003
vt 0.660320 0.818030
f 3273/6350/3273 3307/6587/3307 3326/6588/3326
f 3218/6462/3218 3355/6538/3355 3216/6390/3216
f 3257/6353/3257 3428/6300/3428 3170/6116/3170
vt 0.671364 0.527784
f 3325/6589/3325 3215/6429/3215 3469/6460/3469
f 3403/6362/3403 3498/6583/3498 3139/6131/3139
f 3399/6488/3399 3307/6587/3307 3273/6350/3273
vt 0.097429 0.156080
f 3271/6446/3271 3281/6526/3281 3321/6590/3321
vt 0.916317 0.191743
f 3300/6574/3300 3280/6576/3280 3315/6591/3315
vt 0.618372 0.158516
f 3259/6549/3259 3384/6592/3384 3275/6496/3275
vt 0.625178 0.154420
vt 0.625790 0.155102
f 3275/6496/3275 3315/6593/3315 3270/6594/3270
f 3259/6549/3259 3311/6551/3311 3384/6592/3384
vt 0.451726 0.837701
f 3289/6268/3289 3119/6194/3119 3381/6595/3381
vt 0.350507 0.582374
f 3296/6458/3296 3285/6465/3285 3344/6596/3344
f 3242/6127/3242 3347/6463/3347 3219/6054/3219
f 3310/6043/3310 3324/6221/3324 3334/6553/3334
vt 0.315951 0.521002
f 3318/6471/3318 3274/6399/3274 3319/6597/3319
vt 0.766011 0.057680
vt 0.762403 0.060866
vt 0.762670 0.056800
f 3507/6598/3507 3242/6599/3242 3169/6600/3169
vt 0.644271 0.331030
vt 0.648208 0.334938
f 3277/6601/3277 3348/6602/3348 3288/6477/3288
vt 0.302509 0.076319
vt 0.304028 0.073677
f 3507/6603/3507 3169/6474/3169 3438/6604/3438
vt 0.099486 0.146060
f 3258/6447/3258 3312/6605/3312 3297/6565/3297
vt 0.923674 0.177220
f 3223/6497/3223 3301/6498/3301 3312/6606/3312
f 3398/6527/3398 3251/6449/3251 3250/6059/3250
vt 0.336817 0.550802
vt 0.329551 0.546480
vt 0.334756 0.547202
f 3339/6607/3339 3358/6608/3358 3248/6609/3248
f 3298/6561/3298 3282/6519/3282 3209/6386/3209
f 3446/6579/3446 3381/6595/3381 3119/6194/3119
vt 0.916539 0.186611
vt 0.918871 0.188554
f 3330/6610/3330 3314/6611/3314 3300/6574/3300
f 3345/6578/3345 3271/6446/3271 3321/6590/3321
vt 0.442750 0.039692
vt 0.443310 0.038978
vt 0.444284 0.041235
f 3321/6612/3321 3281/6613/3281 3331/6614/3331
vt 0.618506 0.161303
f 3311/6551/3311 3309/6550/3309 3316/6615/3316
vt 0.623471 0.153907
f 3315/6593/3315 3275/6496/3275 3333/6616/3333
vt 0.152447 0.168366
f 3322/6516/3322 3366/6617/3366 3247/6119/3247
f 3265/6385/3265 3279/6524/3279 3296/6458/3296
vt 0.643949 0.337819
f 3288/6477/3288 3348/6602/3348 3344/6618/3344
vt 0.472911 0.814597
f 3172/6219/3172 3326/6584/3326 3370/6619/3370
f 3302/6544/3302 3316/6569/3316 3276/6263/3276
f 3218/6462/3218 3303/6461/3303 3355/6538/3355
f 3232/6424/3232 3318/6555/3318 3305/6391/3305
f 3369/6536/3369 3227/6535/3227 3358/6608/3358
f 3227/6535/3227 3248/6609/3248 3358/6608/3358
vt 0.320422 0.417599
f 3342/6571/3342 3375/6620/3375 3298/6561/3298
f 3301/6498/3301 3314/6611/3314 3330/6610/3330
vt 0.331850 0.553085
f 3339/6607/3339 3293/6486/3293 3393/6621/3393
f 3465/6214/3465 3089/5735/3089 3467/6435/3467
vt 0.690668 0.571239
f 3334/6553/3334 3324/6221/3324 3439/6622/3439
vt 0.322549 0.541804
f 3328/6501/3328 3369/6536/3369 3380/6623/3380
vt 0.408536 0.594175
f 3277/6562/3277 3278/6523/3278 3423/6624/3423
vt 0.097843 0.155040
f 3281/6526/3281 3297/6565/3297 3331/6625/3331
f 3197/6010/3197 3529/6564/3529 3648/6541/3648
vt 0.331689 0.407802
vt 0.331721 0.413654
f 3264/6472/3264 3327/6626/3327 3346/6627/3346
vt 0.621972 0.154453
f 3333/6628/3333 3275/6496/3275 3384/6592/3384
vt 0.918846 0.178043
f 3312/6606/3312 3301/6498/3301 3350/6629/3350
f 3523/5930/3523 3202/5743/3202 3465/6214/3465
vt 0.339126 0.573419
f 3296/6458/3296 3421/6630/3421 3265/6385/3265
vt 0.917071 0.182328
f 3301/6498/3301 3330/6610/3330 3352/6631/3352
vt 0.913970 0.186533
f 3300/6574/3300 3364/6632/3364 3330/6610/3330
vt 0.692140 0.664657
f 3317/6009/3317 3359/6633/3359 3094/5927/3094
f 3289/6268/3289 3381/6595/3381 3320/6505/3320
f 3792/6315/3792 3361/6443/3361 3205/5999/3205
vt 0.100126 0.163446
vt 0.098092 0.163998
f 3294/6522/3294 3353/6634/3353 3327/6635/3327
f 2927/5620/2927 3359/6110/3359 3571/6521/3571
vt 0.405371 0.591872
f 3277/6562/3277 3423/6624/3423 3348/6636/3348
f 3313/5934/3313 3341/6430/3341 3092/5546/3092
f 3298/6561/3298 3375/6620/3375 3282/6519/3282
vt 0.665638 0.528767
f 3469/6460/3469 3357/6637/3357 3325/6589/3325
vt 0.884348 0.583804
vt 0.884560 0.580269
f 3357/6638/3357 3278/6639/3278 3325/6432/3325
f 3324/6221/3324 3354/6506/3354 3439/6622/3439
vt 0.016686 0.758387
vt 0.023946 0.755929
f 3370/6640/3370 3326/6415/3326 3307/6641/3307
f 3445/6543/3445 3290/6343/3290 3191/6388/3191
vt 0.801664 0.331724
vt 0.801709 0.336820
f 3404/6642/3404 3303/6461/3303 3390/6643/3390
f 3355/6538/3355 3303/6461/3303 3404/6642/3404
vt 0.710814 0.611603
f 3222/6222/3222 3290/6343/3290 3374/6644/3374
vt 0.710434 0.599438
f 3338/6645/3338 3466/6542/3466 3337/6173/3337
f 3337/6173/3337 3222/6222/3222 3374/6644/3374
vt 0.367462 0.445427
f 3429/6332/3429 3322/6646/3322 3064/6141/3064
vt 0.686784 0.913046
f 3302/6544/3302 3304/6545/3304 3373/6647/3373
vt 0.218460 0.102324
vt 0.217796 0.099430
f 3315/6568/3315 3333/6648/3333 3360/6649/3360
f 3319/6597/3319 3274/6399/3274 3343/6445/3343
vt 0.676453 0.550120
f 3308/6334/3308 3295/6331/3295 3378/6650/3378
vt 0.442054 0.629077
f 3284/6289/3284 3371/6450/3371 3193/6651/3193
vt 0.315819 0.422160
f 3329/6409/3329 3282/6519/3282 3419/6652/3419
f 3446/6579/3446 3167/6216/3167 3269/6537/3269
vt 0.336270 0.563046
f 3293/6486/3293 3206/6407/3206 3363/6653/3363
f 3206/6407/3206 3265/6385/3265 3363/6653/3363
f 3353/6634/3353 3294/6522/3294 3345/6578/3345
vt 0.657853 0.833281
f 3399/6488/3399 3187/6296/3187 3433/6654/3433
vt 0.627609 0.878275
f 3246/6218/3246 3376/6404/3376 3503/6655/3503
vt 0.102914 0.147647
f 3297/6565/3297 3312/6605/3312 3350/6656/3350
vt 0.222585 0.099493
f 3300/6657/3300 3315/6568/3315 3360/6649/3360
vt 0.221085 0.096640
f 3360/6649/3360 3364/6658/3364 3300/6657/3300
f 3323/6529/3323 3264/6472/3264 3346/6627/3346
vt 0.102953 0.158660
f 3345/6578/3345 3321/6590/3321 3362/6659/3362
vt 0.102461 0.152300
f 3297/6565/3297 3350/6656/3350 3385/6660/3385
vt 0.615411 0.156471
f 3384/6592/3384 3383/6661/3383 3333/6628/3333
f 3297/6565/3297 3385/6660/3385 3331/6625/3331
vt 0.917530 0.179956
f 3352/6631/3352 3350/6662/3350 3301/6498/3301
f 3291/6473/3291 3438/6604/3438 3169/6474/3169
vt 0.624676 0.871302
f 3335/6425/3335 3379/6663/3379 3376/6404/3376
vt 0.149479 0.162956
f 3556/6664/3556 3247/6119/3247 3366/6617/3366
f 3358/6608/3358 3339/6607/3339 3393/6621/3393
vt 0.616981 0.161238
vt 0.616799 0.160425
f 3316/6665/3316 3392/6666/3392 3311/6551/3311
f 3380/6623/3380 3415/6512/3415 3328/6501/3328
vt 0.326917 0.415507
f 3377/6667/3377 3342/6571/3342 3323/6529/3323
vt 0.310071 0.519617
f 3318/6471/3318 3319/6597/3319 3367/6668/3367
vt 0.324343 0.416199
f 3365/6669/3365 3342/6571/3342 3377/6667/3377
vt 0.342770 0.587088
f 3296/6458/3296 3344/6596/3344 3397/6670/3397
vt 0.436012 0.634050
vt 0.432392 0.631199
f 3371/6450/3371 3233/6671/3233 3790/6672/3790
f 3269/6537/3269 3172/6219/3172 3370/6619/3370
vt 0.799173 0.311827
f 3306/6434/3306 3267/6464/3267 3574/6673/3574
vt 0.792610 0.292876
f 3481/6547/3481 3406/6674/3406 3332/6389/3332
f 3336/6387/3336 3351/6586/3351 3390/6585/3390
vt 0.293392 0.568913
f 3482/6675/3482 3349/6349/3349 3224/5763/3224
f 3338/6645/3338 3337/6173/3337 3374/6644/3374
f 3394/6418/3394 3340/6552/3340 3067/5650/3067
vt 0.215657 0.101429
f 3360/6649/3360 3333/6648/3333 3382/6676/3382
vt 0.362396 0.445385
f 3429/6332/3429 3511/6677/3511 3322/6646/3322
vt 0.333645 0.560868
f 3293/6486/3293 3363/6653/3363 3418/6678/3418
vt 0.331855 0.407912
vt 0.335191 0.410272
f 3346/6627/3346 3327/6679/3327 3353/6680/3353
f 3251/6449/3251 3433/6654/3433 3187/6296/3187
vt 0.682528 0.908755
vt 0.681808 0.912898
vt 0.680514 0.909436
f 3311/6681/3311 3392/6682/3392 3384/6683/3384
vt 0.411636 0.591610
f 3423/6624/3423 3278/6523/3278 3357/6684/3357
vt 0.347050 0.588749
f 3344/6596/3344 3386/6685/3386 3397/6670/3397
f 3556/6664/3556 3291/6480/3291 3247/6119/3247
vt 0.646213 0.338693
f 3386/6686/3386 3344/6618/3344 3348/6602/3348
vt 0.215510 0.096412
vt 0.219619 0.095422
f 3360/6649/3360 3411/6687/3411 3364/6688/3364
vt 0.443157 0.044109
vt 0.442954 0.041498
f 3362/6689/3362 3321/6690/3321 3331/6614/3331
vt 0.578562 0.146459
vt 0.577696 0.149411
vt 0.575755 0.148691
f 3352/6691/3352 3330/6692/3330 3364/6693/3364
vt 0.312192 0.523828
f 3319/6597/3319 3343/6445/3343 3461/6694/3461
f 3296/6458/3296 3397/6670/3397 3421/6630/3421
vt 0.326457 0.554997
f 3393/6621/3393 3293/6486/3293 3480/6695/3480
vt 0.632804 0.899877
f 3498/6583/3498 3605/6696/3605 3287/6358/3287
f 3342/6571/3342 3365/6669/3365 3375/6620/3375
vt 0.670669 0.546065
f 3308/6334/3308 3378/6650/3378 3368/6697/3368
vt 0.736493 0.653217
f 3372/6572/3372 3483/6698/3483 3257/6353/3257
f 3308/6334/3308 3368/6697/3368 3469/6460/3469
vt 0.078695 0.823386
f 3502/6699/3502 3373/6509/3373 3305/6391/3305
vt 0.020589 0.759806
f 3370/6640/3370 3307/6641/3307 3442/6700/3442
vt 0.799349 0.321180
f 3355/6538/3355 3388/6701/3388 3267/6464/3267
f 3316/6569/3316 3302/6544/3302 3392/6682/3392
vt 0.799163 0.328280
f 3388/6701/3388 3355/6538/3355 3443/6702/3443
f 3425/6556/3425 3387/6441/3387 3132/6186/3132
f 3332/6389/3332 3406/6674/3406 3372/6582/3372
vt 0.682951 0.632205
f 3471/6309/3471 3356/6703/3356 3238/5919/3238
vt 0.664152 0.858791
f 3398/6527/3398 3299/6559/3299 3416/6704/3416
vt 0.620858 0.154667
vt 0.618862 0.153786
f 3333/6705/3333 3383/6661/3383 3382/6706/3382
vt 0.033520 0.802192
f 3204/6335/3204 3491/6707/3491 3408/6209/3408
f 3238/5919/3238 3356/6703/3356 3518/6095/3518
vt 0.336211 0.413069
f 3346/6627/3346 3353/6680/3353 3450/6708/3450
f 3377/6667/3377 3323/6529/3323 3346/6627/3346
vt 0.661615 0.845950
f 3251/6449/3251 3398/6527/3398 3449/6709/3449
vt 0.327370 0.549231
f 3358/6608/3358 3393/6621/3393 3401/6710/3401
f 3378/6650/3378 3295/6331/3295 3334/6553/3334
f 3367/6668/3367 3319/6597/3319 3461/6694/3461
vt 0.333160 0.561841
f 3480/6695/3480 3293/6486/3293 3418/6711/3418
vt 0.500670 0.847240
f 3361/6443/3361 3792/6315/3792 3721/6712/3721
vt 0.475687 0.819958
f 3414/6713/3414 3269/6537/3269 3370/6619/3370
vt 0.311435 0.427182
f 3299/6557/3299 3329/6409/3329 3454/6714/3454
vt 0.573728 0.146387
vt 0.576243 0.144020
f 3391/6715/3391 3350/6716/3350 3352/6691/3352
vt 0.680214 0.568441
f 3417/6717/3417 3334/6553/3334 3439/6622/3439
vt 0.217370 0.093512
f 3391/6718/3391 3364/6688/3364 3411/6687/3411
vt 0.460946 0.839896
f 3320/6505/3320 3381/6595/3381 3492/6719/3492
f 3433/6654/3433 3251/6449/3251 3449/6709/3449
vt 0.654467 0.840629
f 3449/6709/3449 3457/6720/3457 3433/6654/3433
f 3362/6659/3362 3331/6625/3331 3385/6660/3385
vt 0.061253 0.817147
vt 0.060730 0.822178
f 3302/6721/3302 3373/6509/3373 3430/6722/3430
f 3133/6068/3133 3466/6542/3466 3354/6506/3354
f 3574/6673/3574 3481/6547/3481 3306/6434/3306
vt 0.323850 0.420116
f 3282/6519/3282 3375/6620/3375 3412/6723/3412
f 3305/6391/3305 3318/6555/3318 3502/6699/3502
f 3492/6719/3492 3381/6595/3381 3446/6579/3446
vt 0.796254 0.340635
vt 0.792480 0.338599
f 3390/6643/3390 3351/6724/3351 3405/6725/3405
f 3574/6673/3574 3267/6464/3267 3388/6701/3388
f 3412/6723/3412 3419/6652/3419 3282/6519/3282
vt 0.356104 0.449705
f 3429/6332/3429 3243/6063/3243 3509/6726/3509
vt 0.468369 0.828860
f 3446/6579/3446 3269/6537/3269 3485/6727/3485
vt 0.962942 0.103289
vt 0.966031 0.100978
vt 0.968924 0.104196
f 3355/6728/3355 3404/6729/3404 3443/6730/3443
vt 0.679600 0.915820
f 3392/6682/3392 3302/6544/3302 3430/6731/3430
f 3603/6581/3603 3509/6726/3509 3243/6063/3243
vt 0.659019 0.597184
f 3444/6732/3444 2998/5621/2998 2771/5416/2771
vt 0.442383 0.868288
f 3497/6733/3497 3389/6510/3389 3244/6360/3244
vt 0.365444 0.443540
vt 0.367722 0.442997
f 3496/6734/3496 3366/6735/3366 3322/6646/3322
vt 0.109730 0.149640
f 3350/6656/3350 3395/6736/3395 3385/6660/3385
vt 0.109207 0.144156
f 3395/6736/3395 3350/6656/3350 3391/6737/3391
f 3352/6691/3352 3364/6693/3364 3391/6715/3391
vt 0.213053 0.099145
f 3360/6649/3360 3382/6676/3382 3426/6738/3426
vt 0.212013 0.101410
f 3382/6676/3382 3456/6739/3456 3426/6738/3426
vt 0.615705 0.153528
f 3382/6706/3382 3383/6661/3383 3456/6740/3456
vt 0.311514 0.530644
f 3343/6445/3343 3431/6741/3431 3461/6694/3461
vt 0.947660 0.055807
vt 0.949346 0.056460
vt 0.947142 0.057028
f 3377/6742/3377 3396/6743/3396 3365/6744/3365
vt 0.313813 0.425697
f 3432/6745/3432 3454/6714/3454 3329/6409/3329
f 3343/6445/3343 3415/6512/3415 3431/6741/3431
f 3419/6652/3419 3432/6745/3432 3329/6409/3329
vt 0.412908 0.594880
f 3357/6684/3357 3400/6746/3400 3423/6624/3423
vt 0.106546 0.162206
f 3345/6578/3345 3402/6747/3402 3353/6634/3353
vt 0.948516 0.057926
vt 0.950886 0.059424
f 3375/6748/3375 3365/6744/3365 3412/6749/3412
vt 0.348963 0.451980
vt 0.352765 0.451462
f 3605/6750/3605 3603/6751/3603 3287/6580/3287
vt 0.927091 0.057757
vt 0.924039 0.057968
vt 0.925414 0.055593
f 3369/6752/3369 3358/6753/3358 3380/6754/3380
vt 0.612745 0.161421
f 3392/6755/3392 3383/6661/3383 3384/6592/3384
vt 0.609528 0.155436
f 3383/6661/3383 3392/6755/3392 3424/6756/3424
f 3411/6687/3411 3360/6649/3360 3426/6738/3426
f 3345/6578/3345 3362/6659/3362 3402/6747/3402
vt 0.310642 0.427887
f 3299/6557/3299 3454/6714/3454 3416/6757/3416
vt 0.648634 0.830664
f 3307/6587/3307 3399/6488/3399 3420/6758/3420
vt 0.335609 0.580249
f 3421/6630/3421 3397/6670/3397 3536/6759/3536
vt 0.335071 0.563804
vt 0.332646 0.566977
f 3363/6760/3363 3265/6385/3265 3437/6761/3437
f 3437/6761/3437 3265/6385/3265 3421/6630/3421
vt 0.104522 0.165585
f 3353/6634/3353 3402/6747/3402 3450/6762/3450
vt 0.325818 0.549417
vt 0.318424 0.548504
f 3358/6608/3358 3401/6763/3401 3407/6764/3407
vt 0.655277 0.336536
vt 0.651646 0.333379
f 3448/6765/3448 3348/6602/3348 3423/6766/3423
vt 0.316125 0.423767
f 3432/6745/3432 3419/6652/3419 3413/6767/3413
vt 0.791876 0.343785
f 3351/6724/3351 3389/6768/3389 3405/6725/3405
vt 0.690288 0.587170
f 3354/6506/3354 3466/6542/3466 3544/6769/3544
vt 0.447561 0.861487
f 3499/6770/3499 3244/6360/3244 3387/6441/3387
f 3269/6537/3269 3414/6713/3414 3485/6727/3485
vt 0.084969 0.821316
f 3367/6771/3367 3502/6699/3502 3318/6555/3318
vt 0.699882 0.599450
f 3500/6772/3500 3466/6542/3466 3338/6645/3338
vt 0.332465 0.563461
f 3418/6773/3418 3363/6760/3363 3437/6761/3437
vt 0.455303 0.850134
f 3425/6556/3425 3320/6505/3320 3477/6774/3477
f 3503/6655/3503 3376/6404/3376 3379/6663/3379
f 3380/6623/3380 3358/6608/3358 3407/6764/3407
vt 0.650896 0.338494
f 3448/6765/3448 3386/6775/3386 3348/6602/3348
vt 0.325572 0.418522
vt 0.327985 0.417529
vt 0.328115 0.419983
f 3365/6776/3365 3396/6777/3396 3409/6778/3409
f 3412/6723/3412 3365/6776/3365 3409/6778/3409
f 3396/6777/3396 3377/6667/3377 3346/6627/3346
vt 0.325891 0.425598
f 3419/6652/3419 3412/6723/3412 3519/6779/3519
vt 0.106396 0.153988
f 3385/6660/3385 3395/6736/3395 3410/6780/3410
vt 0.156905 0.157412
f 3291/6480/3291 3556/6664/3556 3438/6781/3438
f 3399/6488/3399 3433/6654/3433 3420/6758/3420
vt 0.329098 0.553107
f 3401/6763/3401 3393/6782/3393 3480/6695/3480
f 3511/6677/3511 3496/6734/3496 3322/6646/3322
vt 0.214552 0.092896
f 3391/6718/3391 3411/6687/3411 3435/6783/3435
vt 0.282744 0.548702
f 3138/6072/3138 3447/6784/3447 3619/5843/3619
vt 0.660228 0.856269
f 3398/6527/3398 3488/6785/3488 3449/6709/3449
vt 0.212248 0.097437
f 3411/6687/3411 3426/6738/3426 3436/6786/3436
vt 0.327557 0.422049
f 3412/6723/3412 3409/6778/3409 3434/6787/3434
vt 0.670679 0.562604
f 3378/6650/3378 3334/6553/3334 3601/6788/3601
vt 0.343316 0.592104
f 3490/6789/3490 3397/6670/3397 3386/6685/3386
vt 0.412035 0.600041
f 3423/6624/3423 3400/6746/3400 3479/6790/3479
f 3362/6659/3362 3385/6660/3385 3410/6780/3410
vt 0.320349 0.425228
f 3519/6779/3519 3473/6791/3473 3419/6652/3419
vt 0.654476 0.542865
f 3543/6792/3543 3469/6460/3469 3368/6697/3368
vt 0.316563 0.423811
f 3413/6793/3413 3419/6652/3419 3473/6791/3473
vt 0.649663 0.828189
f 3487/6794/3487 3307/6587/3307 3420/6758/3420
vt 0.663515 0.608729
f 3444/6732/3444 3777/6795/3777 2998/5621/2998
vt 0.635297 0.884419
f 3644/6796/3644 3403/6362/3403 3246/6218/3246
vt 0.620378 0.857790
f 3408/6534/3408 3491/6797/3491 3335/6425/3335
vt 0.794343 0.332285
f 3390/6643/3390 3427/6798/3427 3404/6642/3404
f 3565/6212/3565 3444/6732/3444 2771/5416/2771
vt 0.791003 0.335722
f 3390/6643/3390 3405/6725/3405 3470/6799/3470
vt 0.973935 0.101802
f 3443/6730/3443 3404/6729/3404 3440/6800/3440
f 3427/6798/3427 3390/6643/3390 3470/6799/3470
vt 0.784895 0.339932
vt 0.782307 0.345837
f 3484/6801/3484 3389/6768/3389 3497/6802/3497
vt 0.019208 0.761922
f 3370/6640/3370 3442/6700/3442 3441/6803/3441
vt 0.972669 0.099157
f 3440/6800/3440 3404/6729/3404 3427/6804/3427
f 3405/6725/3405 3389/6768/3389 3484/6801/3484
vt 0.476262 0.813265
vt 0.477725 0.811932
vt 0.480099 0.814671
f 3442/6805/3442 3307/6806/3307 3487/6807/3487
vt 0.720766 0.643431
f 3445/6543/3445 3428/6300/3428 3542/6808/3542
vt 0.713590 0.626896
f 3515/6809/3515 3290/6343/3290 3445/6543/3445
vt 0.658885 0.530883
f 3469/6460/3469 3486/6810/3486 3357/6637/3357
f 3497/6733/3497 3244/6360/3244 3499/6770/3499
vt 0.886183 0.587886
vt 0.882114 0.586392
f 3486/6811/3486 3400/6812/3400 3357/6638/3357
vt 0.723557 0.648602
f 3542/6808/3542 3428/6300/3428 3572/6813/3572
vt 0.703568 0.612547
f 3338/6645/3338 3374/6644/3374 3590/6814/3590
vt 0.479549 0.886966
f 3582/6815/3582 3465/6214/3465 3467/6435/3467
vt 0.781466 0.277793
f 3372/6582/3372 3406/6674/3406 3483/6816/3483
f 3477/6774/3477 3320/6505/3320 3492/6719/3492
vt 0.111704 0.144754
f 3395/6736/3395 3391/6737/3391 3435/6817/3435
f 2935/5400/2935 3192/6202/3192 3471/6309/3471
f 3398/6527/3398 3416/6704/3416 3488/6785/3488
vt 0.324881 0.566605
f 3480/6695/3480 3418/6773/3418 3547/6818/3547
vt 0.609806 0.161622
f 3424/6756/3424 3392/6755/3392 3430/6819/3430
f 3777/6795/3777 3192/6202/3192 2998/5621/2998
vt 0.113700 0.147162
f 3395/6736/3395 3435/6817/3435 3493/6820/3493
vt 0.213180 0.093422
f 3435/6783/3435 3411/6687/3411 3455/6821/3455
vt 0.212565 0.094789
f 3455/6821/3455 3411/6687/3411 3460/6822/3460
vt 0.444358 0.112927
vt 0.445281 0.110033
vt 0.445674 0.111920
f 3456/6823/3456 3436/6824/3436 3426/6825/3426
f 3362/6659/3362 3410/6780/3410 3402/6747/3402
f 3418/6773/3418 3437/6761/3437 3547/6818/3547
f 3456/6740/3456 3383/6661/3383 3424/6756/3424
f 3492/6719/3492 3446/6579/3446 3485/6727/3485
f 3403/6362/3403 3241/5996/3241 3246/6218/3246
vt 0.655879 0.339185
f 3448/6765/3448 3490/6826/3490 3386/6775/3386
vt 0.359528 0.446110
f 3535/6827/3535 3511/6677/3511 3429/6332/3429
vt 0.409816 0.599146
f 3479/6790/3479 3448/6828/3448 3423/6624/3423
vt 0.414817 0.597248
f 3400/6746/3400 3463/6829/3463 3479/6790/3479
vt 0.148885 0.178346
vt 0.150482 0.177529
vt 0.149853 0.181290
f 3535/6830/3535 3429/6831/3429 3509/6832/3509
f 3515/6809/3515 3374/6644/3374 3290/6343/3290
vt 0.686400 0.580810
f 3559/6833/3559 3439/6622/3439 3354/6506/3354
f 3428/6300/3428 3257/6353/3257 3572/6813/3572
vt 0.453909 0.856996
f 3545/6834/3545 3387/6441/3387 3425/6556/3425
f 3545/6834/3545 3499/6770/3499 3387/6441/3387
vt 0.976354 0.098724
f 3440/6800/3440 3427/6804/3427 3470/6835/3470
vt 0.433599 0.876171
vt 0.440511 0.873722
vt 0.434986 0.878535
f 3405/6836/3405 3484/6837/3484 3470/6838/3470
vt 0.480551 0.818669
f 3414/6713/3414 3370/6619/3370 3441/6839/3441
vt 0.779878 0.288228
f 3406/6674/3406 3540/6840/3540 3483/6816/3483
vt 0.885315 0.130623
vt 0.886344 0.127229
vt 0.890037 0.129399
f 3424/6841/3424 3514/6842/3514 3456/6843/3456
vt 0.569140 0.148048
vt 0.567207 0.144788
vt 0.570654 0.147048
f 3455/6844/3455 3493/6845/3493 3435/6846/3435
f 3545/6834/3545 3425/6556/3425 3477/6774/3477
vt 0.315342 0.610671
f 3126/5940/3126 3726/6847/3726 3790/6500/3790
vt 0.110774 0.155766
f 3452/6848/3452 3410/6780/3410 3395/6736/3395
vt 0.607403 0.158560
f 3424/6756/3424 3430/6819/3430 3451/6849/3451
vt 0.445166 0.108054
vt 0.446421 0.108619
f 3436/6824/3436 3460/6850/3460 3411/6851/3411
vt 0.766710 0.060536
f 3553/6852/3553 3242/6599/3242 3507/6598/3507
f 3452/6848/3452 3402/6747/3402 3410/6780/3410
vt 0.305899 0.522853
f 3367/6668/3367 3461/6694/3461 3458/6853/3458
vt 0.443822 0.110763
vt 0.444245 0.109991
f 3456/6854/3456 3464/6855/3464 3436/6824/3436
vt 0.289455 0.561803
f 3779/6856/3779 3453/6189/3453 3459/6262/3459
vt 0.663838 0.552274
f 3368/6697/3368 3378/6650/3378 3613/6857/3613
vt 0.333237 0.420347
f 3346/6627/3346 3476/6858/3476 3396/6777/3396
vt 0.881887 0.587624
vt 0.879793 0.588482
f 3400/6812/3400 3486/6859/3486 3463/6860/3463
vt 0.681235 0.575039
f 3439/6622/3439 3530/6861/3530 3417/6717/3417
f 3407/6764/3407 3401/6763/3401 3480/6695/3480
vt 0.111229 0.162887
f 3402/6747/3402 3452/6848/3452 3524/6862/3524
vt 0.651035 0.939790
f 3347/6463/3347 3732/6863/3732 3529/6491/3529
vt 0.653669 0.851925
f 3581/6864/3581 3457/6720/3457 3449/6709/3449
vt 0.446401 0.106289
vt 0.445005 0.106151
f 3455/6865/3455 3460/6850/3460 3464/6866/3464
f 3449/6709/3449 3488/6785/3488 3581/6864/3581
f 3436/6824/3436 3464/6855/3464 3460/6850/3460
vt 0.367070 0.440441
f 3366/6735/3366 3496/6734/3496 3462/6867/3462
f 3439/6622/3439 3559/6833/3559 3530/6861/3530
vt 0.739870 0.165978
vt 0.741624 0.163359
vt 0.742456 0.165533
f 3454/6868/3454 3432/6869/3432 3475/6870/3475
vt 0.666169 0.861058
vt 0.663606 0.864569
f 3416/6704/3416 3454/6871/3454 3475/6872/3475
vt 0.336683 0.418482
f 3346/6627/3346 3510/6873/3510 3476/6858/3476
vt 0.312505 0.540758
f 3415/6512/3415 3380/6623/3380 3495/6874/3495
f 3409/6778/3409 3396/6777/3396 3476/6858/3476
f 3380/6623/3380 3407/6764/3407 3495/6874/3495
vt 0.292124 0.028045
vt 0.293758 0.025781
vt 0.293461 0.029567
f 3432/6875/3432 3413/6876/3413 3475/6877/3475
vt 0.790787 0.321335
f 3443/6702/3443 3533/6878/3533 3388/6701/3388
f 3500/6772/3500 3338/6645/3338 3590/6814/3590
f 3482/6675/3482 3224/5763/3224 3453/6189/3453
vt 0.652418 0.588184
f 3341/6430/3341 3596/6879/3596 3565/6212/3565
vt 0.090028 0.825795
f 3458/6880/3458 3502/6699/3502 3367/6771/3367
f 3572/6813/3572 3257/6353/3257 3483/6698/3483
vt 0.793626 0.329262
f 3533/6878/3533 3443/6702/3443 3440/6881/3440
vt 0.067452 0.829529
f 3430/6722/3430 3373/6509/3373 3501/6882/3501
f 3442/6805/3442 3487/6807/3487 3441/6839/3441
vt 0.566375 0.148185
f 3493/6845/3493 3455/6844/3455 3464/6883/3464
vt 0.307365 0.591823
f 3599/6518/3599 3772/6884/3772 3394/6418/3394
vt 0.150197 0.173865
vt 0.148708 0.172234
vt 0.150415 0.171103
f 3511/6885/3511 3558/6886/3558 3496/6887/3496
vt 0.677202 0.914507
vt 0.675423 0.916973
f 3451/6888/3451 3430/6731/3430 3489/6889/3489
vt 0.888991 0.124028
f 3456/6843/3456 3514/6842/3514 3464/6890/3464
vt 0.333703 0.588232
f 3536/6759/3536 3397/6670/3397 3548/6891/3548
vt 0.643259 0.838551
f 3433/6654/3433 3457/6720/3457 3622/6892/3622
vt 0.327500 0.576549
f 3437/6761/3437 3421/6630/3421 3586/6893/3586
vt 0.069897 0.048202
vt 0.072219 0.048689
vt 0.070391 0.049792
f 3409/6894/3409 3512/6895/3512 3434/6896/3434
f 3519/6779/3519 3412/6723/3412 3434/6787/3434
f 3417/6717/3417 3601/6788/3601 3334/6553/3334
vt 0.658962 0.336327
f 3490/6826/3490 3448/6765/3448 3479/6897/3479
f 3613/6857/3613 3378/6650/3378 3601/6788/3601
vt 0.744801 0.163812
vt 0.744733 0.159836
vt 0.746911 0.160578
f 3475/6898/3475 3473/6899/3473 3478/6900/3478
vt 0.741660 0.160636
f 3413/6901/3413 3473/6899/3473 3475/6898/3475
f 3450/6708/3450 3510/6873/3510 3346/6627/3346
vt 0.322177 0.427561
f 3478/6902/3478 3473/6791/3473 3519/6779/3519
vt 0.150553 0.167135
f 3366/6617/3366 3462/6903/3462 3556/6664/3556
vt 0.467106 0.847760
f 3506/6904/3506 3477/6774/3477 3492/6719/3492
vt 0.605791 0.156965
vt 0.607586 0.157110
f 3513/6905/3513 3424/6756/3424 3451/6906/3451
f 3586/6893/3586 3421/6630/3421 3536/6759/3536
vt 0.063276 0.826798
vt 0.060756 0.824608
f 3474/6907/3474 3489/6908/3489 3430/6722/3430
f 3433/6654/3433 3622/6892/3622 3420/6758/3420
f 3544/6769/3544 3559/6833/3559 3354/6506/3354
vt 0.784951 0.329493
f 3533/6878/3533 3440/6881/3440 3562/6909/3562
vt 0.977681 0.099948
f 3440/6800/3440 3470/6835/3470 3562/6910/3562
vt 0.755136 0.318960
vt 0.754248 0.326998
f 3741/6911/3741 3578/6912/3578 3262/5818/3262
vt 0.440363 0.880649
f 3531/6913/3531 3470/6838/3470 3484/6837/3484
f 3501/6882/3501 3474/6907/3474 3430/6722/3430
vt 0.481021 0.874231
f 3465/6214/3465 3639/6914/3639 3523/5930/3523
f 3500/6772/3500 3544/6769/3544 3466/6542/3466
f 3502/6699/3502 3501/6882/3501 3373/6509/3373
vt 0.114469 0.152694
f 3395/6736/3395 3493/6820/3493 3525/6915/3525
vt 0.071476 0.047015
f 3476/6916/3476 3512/6895/3512 3409/6894/3409
vt 0.338514 0.418409
f 3510/6873/3510 3450/6708/3450 3549/6917/3549
vt 0.112966 0.166880
f 3450/6762/3450 3402/6747/3402 3549/6918/3549
f 3549/6918/3549 3402/6747/3402 3524/6862/3524
f 3415/6512/3415 3495/6874/3495 3431/6741/3431
f 3437/6761/3437 3586/6893/3586 3547/6818/3547
vt 0.678749 0.625421
f 3791/6919/3791 3356/6703/3356 3471/6309/3471
vt 0.619964 0.539897
f 3193/6082/3193 3594/6920/3594 3468/6220/3468
vt 0.881978 0.127984
f 3514/6842/3514 3424/6841/3424 3522/6921/3522
vt 0.747339 0.167616
vt 0.743572 0.166781
f 3475/6898/3475 3564/6922/3564 3416/6923/3416
vt 0.604137 0.160105
vt 0.602600 0.158378
f 3451/6849/3451 3489/6924/3489 3513/6925/3513
vt 0.319968 0.559310
f 3547/6818/3547 3555/6926/3555 3480/6695/3480
vt 0.748859 0.163353
f 3475/6898/3475 3478/6900/3478 3527/6927/3527
vt 0.304586 0.527471
f 3508/6928/3508 3458/6853/3458 3461/6694/3461
f 3431/6741/3431 3508/6928/3508 3461/6694/3461
vt 0.436978 0.624339
f 3594/6929/3594 3193/6651/3193 3371/6450/3371
vt 0.114615 0.149711
f 3525/6915/3525 3493/6820/3493 3505/6930/3505
vt 0.418986 0.602812
f 3463/6829/3463 3587/6931/3587 3479/6790/3479
vt 0.878678 0.593227
vt 0.878803 0.590791
f 3504/6932/3504 3587/6933/3587 3463/6860/3463
vt 0.786069 0.334773
f 3562/6909/3562 3470/6799/3470 3531/6934/3531
vt 0.475366 0.841577
f 3566/6935/3566 3492/6719/3492 3485/6727/3485
vt 0.090698 0.830684
f 3502/6699/3502 3458/6880/3458 3494/6936/3494
f 3374/6644/3374 3515/6809/3515 3590/6814/3590
f 3340/6552/3340 3726/6847/3726 3126/5940/3126
vt 0.651871 0.530409
vt 0.655459 0.529601
f 3504/6937/3504 3463/6938/3463 3486/6810/3486
f 3574/6673/3574 3388/6701/3388 3533/6878/3533
vt 0.659316 0.866326
f 3564/6939/3564 3488/6785/3488 3416/6704/3416
vt 0.073462 0.050525
f 3434/6896/3434 3512/6895/3512 3519/6940/3519
vt 0.604869 0.154214
f 3424/6756/3424 3513/6905/3513 3546/6941/3546
vt 0.152669 0.155826
f 3552/6942/3552 3438/6781/3438 3556/6664/3556
f 3452/6848/3452 3395/6736/3395 3525/6915/3525
vt 0.302552 0.533209
f 3495/6874/3495 3598/6943/3598 3431/6741/3431
vt 0.334743 0.600018
f 3629/6944/3629 3397/6670/3397 3490/6789/3490
vt 0.330547 0.422222
vt 0.332664 0.427379
f 3519/6779/3519 3512/6945/3512 3585/6946/3585
vt 0.305025 0.077534
vt 0.306976 0.075176
f 3507/6947/3507 3438/6604/3438 3552/6948/3552
vt 0.605425 0.152752
f 3424/6756/3424 3546/6941/3546 3522/6949/3522
vt 0.116766 0.156410
f 3528/6950/3528 3452/6848/3452 3525/6915/3525
vt 0.646976 0.847243
f 3622/6892/3622 3457/6720/3457 3679/6951/3679
vt 0.144010 0.165624
vt 0.149742 0.168008
f 3496/6887/3496 3784/6952/3784 3462/6953/3462
f 3407/6764/3407 3480/6695/3480 3555/6926/3555
f 3543/6792/3543 3368/6697/3368 3613/6857/3613
vt 0.310132 0.548660
f 3495/6874/3495 3407/6764/3407 3627/6954/3627
f 3503/6655/3503 3644/6796/3644 3246/6218/3246
vt 0.663103 0.337828
f 3479/6897/3479 3521/6955/3521 3490/6826/3490
vt 0.785066 0.304844
f 3406/6674/3406 3481/6547/3481 3610/6956/3610
f 3540/6840/3540 3406/6674/3406 3610/6956/3610
vt 0.692169 0.597953
f 3544/6769/3544 3500/6772/3500 3517/6957/3517
vt 0.449265 0.873977
f 3484/6837/3484 3497/6733/3497 3516/6958/3516
vt 0.715003 0.637464
f 3445/6543/3445 3542/6808/3542 3706/6959/3706
f 3515/6809/3515 3445/6543/3445 3706/6959/3706
vt 0.483304 0.827509
f 3485/6727/3485 3588/6960/3588 3566/6935/3566
vt 0.024326 0.763405
vt 0.025883 0.767131
vt 0.025118 0.770187
f 3487/6961/3487 3420/6962/3420 3534/6963/3534
f 3340/6552/3340 3394/6418/3394 3772/6884/3772
vt 0.112038 0.171044
vt 0.111590 0.170087
vt 0.114734 0.172489
f 3476/6964/3476 3510/6965/3510 3538/6966/3538
vt 0.601231 0.156615
f 3546/6941/3546 3513/6905/3513 3550/6967/3550
vt 0.562895 0.141954
vt 0.565433 0.140728
f 3493/6845/3493 3526/6968/3526 3505/6969/3505
vt 0.561778 0.147497
f 3537/6970/3537 3493/6845/3493 3464/6883/3464
vt 0.675392 0.919802
vt 0.673819 0.919206
f 3489/6889/3489 3474/6971/3474 3579/6972/3579
vt 0.563026 0.150145
f 3464/6883/3464 3514/6973/3514 3537/6970/3537
vt 0.884219 0.122083
f 3537/6974/3537 3514/6842/3514 3522/6921/3522
vt 0.116861 0.161612
f 3524/6862/3524 3452/6848/3452 3597/6975/3597
vt 0.645458 0.930028
f 3553/6976/3553 3347/6463/3347 3242/6127/3242
f 3508/6928/3508 3431/6741/3431 3598/6943/3598
f 3510/6965/3510 3549/6918/3549 3538/6966/3538
vt 0.115999 0.169779
f 3538/6966/3538 3549/6918/3549 3563/6977/3563
vt 0.414651 0.604706
f 3479/6790/3479 3587/6931/3587 3521/6978/3521
f 3597/6975/3597 3452/6848/3452 3528/6950/3528
vt 0.676132 0.584023
f 3593/6979/3593 3530/6861/3530 3559/6833/3559
f 3476/6858/3476 3585/6946/3585 3512/6945/3512
vt 0.328310 0.430281
f 3478/6902/3478 3519/6779/3519 3557/6980/3557
vt 0.645019 0.832232
f 3420/6758/3420 3622/6892/3622 3534/6981/3534
vt 0.353810 0.448325
vt 0.352013 0.443192
vt 0.356502 0.447108
f 3509/6982/3509 3682/6983/3682 3535/6984/3535
vt 0.601883 0.160121
vt 0.599195 0.159827
f 3489/6985/3489 3579/6986/3579 3513/6925/3513
f 3498/6583/3498 3403/6362/3403 3644/6796/3644
vt 0.320990 0.431425
vt 0.322204 0.427644
vt 0.325514 0.432684
f 3527/6987/3527 3478/6988/3478 3539/6989/3539
vt 0.092566 0.828694
f 3458/6880/3458 3508/6990/3508 3494/6936/3494
vt 0.281558 0.544764
f 3769/6991/3769 3447/6784/3447 3138/6072/3138
vt 0.665496 0.342893
f 3629/6992/3629 3490/6826/3490 3521/6955/3521
vt 0.648778 0.534944
f 3486/6810/3486 3576/6993/3576 3504/6937/3504
vt 0.704362 0.624381
f 3590/6814/3590 3515/6809/3515 3561/6994/3561
f 3486/6810/3486 3469/6460/3469 3543/6792/3543
vt 0.100486 0.854913
f 3151/5740/3151 3769/6995/3769 3138/6000/3138
vt 0.772352 0.280190
f 3483/6816/3483 3540/6840/3540 3560/6996/3560
vt 0.774443 0.278249
f 3572/6997/3572 3483/6816/3483 3560/6996/3560
vt 0.484648 0.824296
f 3532/6998/3532 3588/6960/3588 3485/6727/3485
f 3414/6713/3414 3441/6839/3441 3532/6998/3532
f 3485/6727/3485 3414/6713/3414 3532/6998/3532
vt 0.019407 0.766140
f 3441/6999/3441 3487/6961/3487 3534/6963/3534
vt 0.695402 0.606428
f 3517/6957/3517 3500/6772/3500 3541/7000/3541
vt 0.783246 0.320712
f 3611/7001/3611 3533/6878/3533 3562/6909/3562
f 3499/6770/3499 3516/6958/3516 3497/6733/3497
f 3484/6837/3484 3516/6958/3516 3531/6913/3531
vt 0.313292 0.556448
f 3555/6926/3555 3600/7002/3600 3407/6764/3407
vt 0.149378 0.170765
vt 0.146527 0.172006
f 3784/6952/3784 3496/7003/3496 3558/7004/3558
vt 0.064017 0.829590
f 3474/6907/3474 3501/6882/3501 3579/7005/3579
vt 0.336630 0.423341
f 3585/6946/3585 3476/6858/3476 3538/7006/3538
f 3475/6898/3475 3527/6927/3527 3564/6922/3564
f 3741/6911/3741 3262/5818/3262 3571/6521/3571
f 3262/5818/3262 3578/6912/3578 3467/6525/3467
f 3539/6989/3539 3478/6902/3478 3557/6980/3557
vt 0.120574 0.153857
f 3568/7007/3568 3528/6950/3528 3525/6915/3525
f 3679/6951/3679 3457/6720/3457 3581/6864/3581
vt 0.120550 0.149669
vt 0.117156 0.150780
f 3526/7008/3526 3568/7007/3568 3505/7009/3505
f 3505/7009/3505 3568/7007/3568 3525/6915/3525
f 3472/6020/3472 3792/6315/3792 3102/5924/3102
vt 0.600738 0.154166
f 3550/6967/3550 3583/7010/3583 3546/6941/3546
vt 0.672485 0.915685
vt 0.672288 0.919712
vt 0.670016 0.916558
f 3513/7011/3513 3579/7012/3579 3550/7013/3550
f 3537/6970/3537 3526/6968/3526 3493/6845/3493
vt 0.029845 0.796727
f 3793/7014/3793 3491/6707/3491 3204/6335/3204
vt 0.879547 0.125346
f 3537/6974/3537 3522/6921/3522 3570/7015/3570
vt 0.669377 0.572773
f 3417/6717/3417 3530/6861/3530 3640/7016/3640
f 3601/6788/3601 3417/6717/3417 3640/7016/3640
f 3557/6980/3557 3519/6779/3519 3585/6946/3585
f 3586/6893/3586 3536/6759/3536 3548/6891/3548
vt 0.330675 0.596917
f 3397/6670/3397 3629/6944/3629 3666/7017/3666
vt 0.020191 0.772939
f 3532/7018/3532 3441/6999/3441 3534/6963/3534
vt 0.745105 0.283026
vt 0.742261 0.286148
f 3520/7019/3520 3359/6110/3359 3317/7020/3317
f 3500/6772/3500 3590/6814/3590 3541/7000/3541
vt 0.444203 0.882012
vt 0.446369 0.880539
f 3592/7021/3592 3531/6913/3531 3591/7022/3591
f 3574/6673/3574 3610/6956/3610 3481/6547/3481
vt 0.776519 0.333211
f 3562/6909/3562 3531/6934/3531 3592/7023/3592
f 3574/6673/3574 3533/6878/3533 3611/7001/3611
vt 0.876427 0.127950
f 3570/7015/3570 3522/6921/3522 3606/7024/3606
vt 0.145820 0.176275
vt 0.150100 0.174364
f 3535/6830/3535 3612/7025/3612 3511/7026/3511
vt 0.302194 0.540280
f 3495/6874/3495 3615/7027/3615 3598/6943/3598
vt 0.147291 0.173290
f 3612/7025/3612 3558/7028/3558 3511/7026/3511
vt 0.769613 0.058532
vt 0.769607 0.059319
f 3552/7029/3552 3761/7030/3761 3507/6598/3507
vt 0.645767 0.925021
vt 0.642130 0.926332
f 3761/7031/3761 3553/6976/3553 3507/7032/3507
vt 0.667822 0.911187
vt 0.668752 0.912183
vt 0.664585 0.911914
f 3522/7033/3522 3546/7034/3546 3606/7035/3606
vt 0.117257 0.167218
f 3563/7036/3563 3549/6918/3549 3524/6862/3524
vt 0.643612 0.833568
f 3608/7037/3608 3534/6981/3534 3622/6892/3622
vt 0.299932 0.528139
f 3494/7038/3494 3508/6928/3508 3598/6943/3598
vt 0.751974 0.167474
f 3527/6927/3527 3569/7039/3569 3564/6922/3564
vt 0.632241 0.867889
f 3725/7040/3725 3379/6663/3379 3335/6425/3335
vt 0.321620 0.434168
f 3527/6987/3527 3539/6989/3539 3569/7041/3569
vt 0.462137 0.864488
vt 0.472233 0.855506
f 3551/7042/3551 3477/6774/3477 3638/7043/3638
vt 0.119841 0.165198
f 3524/6862/3524 3597/6975/3597 3604/7044/3604
vt 0.121056 0.148028
vt 0.122897 0.148210
f 3526/7008/3526 3537/7045/3537 3554/7046/3554
vt 0.601768 0.153598
f 3546/6941/3546 3583/7010/3583 3606/7047/3606
vt 0.651197 0.863255
f 3488/6785/3488 3678/7048/3678 3581/6864/3581
vt 0.667985 0.922021
f 3550/7013/3550 3579/7012/3579 3617/7049/3617
f 3488/6785/3488 3564/6939/3564 3678/7048/3678
vt 0.638016 0.891683
f 3644/6796/3644 3787/7050/3787 3498/6583/3498
vt 0.766763 0.281989
f 3560/6996/3560 3540/6840/3540 3630/7051/3630
f 3551/7042/3551 3499/6770/3499 3545/6834/3545
vt 0.348635 0.445411
f 3724/7052/3724 3509/6982/3509 3603/6751/3603
f 3566/6935/3566 3506/6904/3506 3492/6719/3492
f 3477/6774/3477 3551/7042/3551 3545/6834/3545
vt 0.774769 0.294720
f 3540/6840/3540 3610/6956/3610 3607/7053/3607
f 3477/6774/3477 3506/6904/3506 3638/7043/3638
f 3591/7022/3591 3531/6913/3531 3516/6958/3516
vt 0.454910 0.872685
f 3516/6958/3516 3499/6770/3499 3573/7054/3573
vt 0.689339 0.607186
f 3517/6957/3517 3541/7000/3541 3631/7055/3631
vt 0.668274 0.917884
f 3602/7056/3602 3550/7013/3550 3617/7049/3617
vt 0.298428 0.574113
f 3674/7057/3674 3349/6349/3349 3482/6675/3482
vt 0.305815 0.583344
f 3749/7058/3749 3599/6518/3599 3349/6349/3349
f 3524/6862/3524 3604/7044/3604 3563/7036/3563
vt 0.122140 0.160166
f 3584/7059/3584 3597/6975/3597 3528/6950/3528
f 3526/7008/3526 3554/7046/3554 3568/7007/3568
vt 0.597616 0.155556
f 3583/7010/3583 3550/6967/3550 3602/7060/3602
vt 0.650348 0.934708
f 3553/6976/3553 3624/7061/3624 3347/6463/3347
vt 0.339527 0.429150
f 3585/6946/3585 3538/7006/3538 3653/7062/3653
vt 0.670621 0.922267
f 3617/7049/3617 3579/7012/3579 3567/7063/3567
vt 0.642624 0.834658
vt 0.639807 0.837270
f 3608/7064/3608 3622/6892/3622 3632/7065/3632
vt 0.315934 0.565258
f 3555/6926/3555 3547/6818/3547 3618/7066/3618
vt 0.559801 0.145645
vt 0.559280 0.149642
vt 0.555098 0.144813
f 3554/7067/3554 3537/7068/3537 3616/7069/3616
vt 0.302481 0.549187
f 3495/6874/3495 3627/6954/3627 3698/7070/3698
f 3627/6954/3627 3407/6764/3407 3600/7002/3600
f 3640/7016/3640 3530/6861/3530 3593/6979/3593
vt 0.637213 0.893685
f 3787/7050/3787 3605/7071/3605 3498/6583/3498
vt 0.316645 0.597549
f 3701/7072/3701 3340/6552/3340 3772/6884/3772
vt 0.658540 0.559105
f 3613/6857/3613 3601/6788/3601 3651/7073/3651
vt 0.652725 0.550639
f 3613/6857/3613 3635/7074/3635 3543/6792/3543
f 3543/6792/3543 3576/6993/3576 3486/6810/3486
vt 0.026159 0.773404
f 3534/6963/3534 3608/7075/3608 3532/7018/3532
f 3573/7054/3573 3499/6770/3499 3551/7042/3551
vt 0.776635 0.329074
f 3611/7001/3611 3562/6909/3562 3575/7076/3575
vt 0.677665 0.594831
f 3589/7077/3589 3593/6979/3593 3559/6833/3559
f 3544/6769/3544 3589/7077/3589 3559/6833/3559
f 3562/6909/3562 3592/7023/3592 3575/7076/3575
vt 0.341554 0.422074
f 3538/7006/3538 3563/7078/3563 3653/7062/3653
vt 0.629811 0.862413
f 3491/6797/3491 3697/7079/3697 3335/6425/3335
f 3724/7052/3724 3682/6983/3682 3509/6982/3509
vt 0.319158 0.579572
f 3547/6818/3547 3586/6893/3586 3626/7080/3626
vt 0.331670 0.434391
f 3580/7081/3580 3539/6989/3539 3557/6980/3557
vt 0.324079 0.587498
f 3586/6893/3586 3548/6891/3548 3656/7082/3656
vt 0.670955 0.341028
f 3629/6992/3629 3521/6955/3521 3661/7083/3661
f 3584/7059/3584 3528/6950/3528 3568/7007/3568
vt 0.753340 0.162021
vt 0.758470 0.165495
f 3539/7084/3539 3664/7085/3664 3569/7039/3569
vt 0.555392 0.150037
f 3537/7068/3537 3570/7086/3570 3616/7069/3616
vt 0.289591 0.554792
f 3619/5843/3619 3727/7087/3727 3459/6262/3459
vt 0.144254 0.169989
f 3784/6952/3784 3558/7004/3558 3681/7088/3681
vt 0.553878 0.149459
f 3616/7069/3616 3570/7086/3570 3595/7089/3595
vt 0.664548 0.918758
f 3602/7056/3602 3617/7049/3617 3642/7090/3642
vt 0.063922 0.830783
vt 0.066824 0.835765
f 3567/7091/3567 3579/7005/3579 3637/7092/3637
f 3637/7092/3637 3579/7005/3579 3501/6882/3501
vt 0.127075 0.150121
f 3616/7093/3616 3568/7007/3568 3554/7046/3554
vt 0.639355 0.844910
f 3622/6892/3622 3679/6951/3679 3643/7094/3643
vt 0.726318 0.655039
vt 0.720035 0.656416
f 3572/6813/3572 3560/7095/3560 3630/7096/3630
vt 0.119307 0.168330
vt 0.118445 0.167727
f 3604/7044/3604 3577/7097/3577 3563/7098/3563
f 3615/7027/3615 3495/6874/3495 3698/7070/3698
f 3548/6891/3548 3397/6670/3397 3666/7017/3666
f 3732/6863/3732 3347/6463/3347 3624/7061/3624
vt 0.418852 0.612024
vt 0.423263 0.612720
f 3661/7099/3661 3521/6978/3521 3704/7100/3704
f 3630/7051/3630 3540/6840/3540 3607/7053/3607
vt 0.461419 0.869833
f 3662/7101/3662 3573/7054/3573 3551/7042/3551
vt 0.767297 0.311803
f 3571/6521/3571 3663/7102/3663 3741/6911/3741
f 3610/6956/3610 3574/6673/3574 3611/7001/3611
vt 0.747645 0.335414
f 3582/7103/3582 3467/6525/3467 3578/6912/3578
f 3515/6809/3515 3706/6959/3706 3561/6994/3561
f 3517/6957/3517 3589/7077/3589 3544/6769/3544
f 3494/6936/3494 3648/6541/3648 3502/6699/3502
vt 0.872482 0.125311
f 3606/7024/3606 3595/7104/3595 3570/7015/3570
vt 0.316114 0.572360
f 3618/7066/3618 3547/6818/3547 3636/7105/3636
vt 0.690029 0.635209
f 3518/6095/3518 3356/6703/3356 3746/7106/3746
vt 0.662978 0.915666
vt 0.665710 0.914238
f 3625/7107/3625 3606/7035/3606 3583/7108/3583
vt 0.475788 0.881740
f 3582/6815/3582 3690/7109/3690 3465/6214/3465
vt 0.655001 0.869898
f 3678/7048/3678 3564/6939/3564 3569/7110/3569
vt 0.665449 0.915806
f 3602/7111/3602 3625/7107/3625 3583/7108/3583
vt 0.343877 0.423804
f 3653/7062/3653 3563/7078/3563 3577/7112/3577
f 3587/6931/3587 3704/7100/3704 3521/6978/3521
vt 0.423317 0.607883
f 3704/7100/3704 3587/6931/3587 3620/7113/3620
vt 0.337791 0.432337
f 3585/6946/3585 3614/7114/3614 3557/6980/3557
vt 0.645483 0.857765
f 3581/6864/3581 3678/7048/3678 3703/7115/3703
vt 0.073013 0.854404
vt 0.074938 0.848555
f 3732/7116/3732 3752/7117/3752 3529/6564/3529
f 3547/6818/3547 3626/7080/3626 3636/7105/3636
vt 0.667343 0.926211
f 3567/7063/3567 3637/7118/3637 3617/7049/3617
f 3653/7062/3653 3614/7114/3614 3585/6946/3585
f 3604/7044/3604 3597/6975/3597 3584/7059/3584
vt 0.655672 0.582959
f 3768/7119/3768 3596/6879/3596 3341/6430/3341
vt 0.123295 0.168755
f 3577/7097/3577 3604/7044/3604 3654/7120/3654
vt 0.635910 0.540599
f 3576/6993/3576 3543/6792/3543 3691/7121/3691
vt 0.642993 0.532509
vt 0.647098 0.531640
f 3576/6993/3576 3620/7122/3620 3504/7123/3504
vt 0.491456 0.823380
vt 0.495877 0.829214
f 3608/7124/3608 3693/7125/3693 3532/6998/3532
vt 0.874320 0.599456
vt 0.875296 0.596076
f 3504/6932/3504 3620/7126/3620 3587/7127/3587
vt 0.696187 0.626274
f 3609/7128/3609 3590/6814/3590 3561/6994/3561
f 3611/7001/3611 3663/7102/3663 3610/6956/3610
vt 0.774396 0.338100
vt 0.771708 0.335816
vt 0.777869 0.336311
f 3516/7129/3516 3633/7130/3633 3591/7131/3591
f 3592/7023/3592 3591/7131/3591 3633/7130/3633
f 3580/7081/3580 3557/6980/3557 3614/7114/3614
f 3679/6951/3679 3581/6864/3581 3703/7115/3703
vt 0.123843 0.165220
f 3604/7044/3604 3584/7059/3584 3628/7132/3628
vt 0.329140 0.437004
f 3623/7133/3623 3539/6989/3539 3580/7081/3580
vt 0.347127 0.426179
f 3653/7062/3653 3577/7112/3577 3654/7134/3654
vt 0.127595 0.157304
f 3568/7007/3568 3616/7093/3616 3621/7135/3621
f 3625/7107/3625 3602/7111/3602 3642/7090/3642
f 3584/7059/3584 3568/7007/3568 3621/7135/3621
f 3626/7080/3626 3586/6893/3586 3656/7082/3656
vt 0.871639 0.127688
f 3595/7104/3595 3606/7024/3606 3625/7136/3625
f 3784/6952/3784 3556/6664/3556 3462/6953/3462
vt 0.131772 0.154105
f 3621/7135/3621 3616/7093/3616 3646/7137/3646
vt 0.660888 0.918542
f 3625/7107/3625 3642/7090/3642 3641/7138/3641
vt 0.756941 0.163068
f 3539/7084/3539 3623/7139/3623 3664/7085/3664
f 3635/7074/3635 3613/6857/3613 3651/7073/3651
vt 0.356534 0.444814
vt 0.356658 0.443848
f 3535/7140/3535 3682/6983/3682 3612/7141/3612
f 3654/7120/3654 3604/7044/3604 3628/7132/3628
f 3600/7002/3600 3555/6926/3555 3618/7066/3618
vt 0.026888 0.777450
vt 0.023731 0.777467
f 3632/7142/3632 3693/7143/3693 3608/7075/3608
vt 0.773537 0.327433
f 3611/7001/3611 3575/7076/3575 3686/7144/3686
vt 0.487639 0.841803
f 3720/7145/3720 3566/6935/3566 3588/6960/3588
vt 0.767033 0.303283
f 3610/6956/3610 3689/7146/3689 3607/7053/3607
f 3727/7087/3727 3779/6856/3779 3459/6262/3459
vt 0.449941 0.882533
vt 0.453459 0.883882
vt 0.450602 0.886651
f 3592/7147/3592 3633/7148/3633 3575/7149/3575
vt 0.346251 0.447980
f 3728/7150/3728 3724/7052/3724 3605/6750/3605
f 3605/6750/3605 3724/7052/3724 3603/6751/3603
f 3532/6998/3532 3693/7125/3693 3588/6960/3588
vt 0.694209 0.620337
f 3541/7000/3541 3590/6814/3590 3650/7151/3650
vt 0.128545 0.161387
f 3584/7059/3584 3667/7152/3667 3628/7132/3628
vt 0.306113 0.557991
f 3627/6954/3627 3600/7002/3600 3673/7153/3673
vt 0.549759 0.145633
vt 0.553819 0.148229
vt 0.550405 0.149193
f 3665/7154/3665 3616/7155/3616 3595/7156/3595
vt 0.349401 0.424208
vt 0.349659 0.425727
f 3654/7134/3654 3628/7157/3628 3655/7158/3655
vt 0.637187 0.841370
f 3632/7065/3632 3622/6892/3622 3659/7159/3659
f 3596/6879/3596 3444/6732/3444 3565/6212/3565
f 3621/7135/3621 3667/7152/3667 3584/7059/3584
f 3622/6892/3622 3643/7094/3643 3659/7159/3659
vt 0.660945 0.925343
f 3617/7049/3617 3637/7118/3637 3714/7160/3714
vt 0.759603 0.168736
f 3569/7039/3569 3664/7085/3664 3672/7161/3672
vt 0.650543 0.875669
f 3678/7048/3678 3569/7110/3569 3672/7162/3672
vt 0.835788 0.058443
vt 0.839092 0.060026
vt 0.836227 0.060353
f 3684/7163/3684 3625/7164/3625 3641/7165/3641
vt 0.868050 0.126065
f 3595/7104/3595 3625/7136/3625 3684/7166/3684
vt 0.665986 0.582060
f 3593/6979/3593 3671/7167/3671 3640/7016/3640
f 3656/7082/3656 3548/6891/3548 3666/7017/3666
vt 0.462976 0.877273
f 3677/7168/3677 3573/7054/3573 3662/7101/3662
vt 0.654323 0.569993
f 3601/6788/3601 3747/7169/3747 3651/7073/3651
vt 0.454692 0.880812
f 3633/7170/3633 3516/6958/3516 3573/7054/3573
f 3779/6856/3779 3482/6675/3482 3453/6189/3453
f 3572/6813/3572 3630/7096/3630 3542/6808/3542
f 3631/7055/3631 3541/7000/3541 3650/7151/3650
vt 0.644116 0.553536
f 3543/6792/3543 3635/7074/3635 3735/7171/3735
vt 0.644799 0.920686
vt 0.641568 0.921243
f 3737/7172/3737 3761/7031/3761 3552/7173/3552
vt 0.072872 0.838904
f 3634/7174/3634 3637/7092/3637 3501/6882/3501
f 3620/7122/3620 3576/6993/3576 3691/7121/3691
vt 0.144012 0.174117
vt 0.145414 0.174130
f 3783/7175/3783 3558/7176/3558 3612/7025/3612
f 3501/6882/3501 3502/6699/3502 3648/6541/3648
f 3650/7151/3650 3590/6814/3590 3609/7128/3609
vt 0.090230 0.842395
f 3705/7177/3705 3648/6541/3648 3494/6936/3494
vt 0.307903 0.567119
f 3723/7178/3723 3618/7066/3618 3636/7105/3636
vt 0.623366 0.855760
f 3710/7179/3710 3697/7079/3697 3491/6797/3491
vt 0.333012 0.439933
f 3623/7133/3623 3580/7081/3580 3645/7180/3645
vt 0.293315 0.539338
f 3598/6943/3598 3615/7027/3615 3709/7181/3709
vt 0.340294 0.436576
f 3580/7081/3580 3614/7114/3614 3658/7182/3658
vt 0.130176 0.151844
f 3646/7137/3646 3616/7093/3616 3665/7183/3665
f 3600/7002/3600 3618/7066/3618 3673/7153/3673
vt 0.644308 0.869791
f 3678/7048/3678 3672/7162/3672 3670/7184/3670
vt 0.634996 0.876785
f 3773/7185/3773 3644/6796/3644 3503/6655/3503
vt 0.344217 0.450445
f 3787/7186/3787 3728/7150/3728 3605/6750/3605
vt 0.649522 0.560034
f 3651/7073/3651 3702/7187/3702 3635/7074/3635
vt 0.545934 0.148153
f 3595/7156/3595 3683/7188/3683 3665/7154/3665
f 3617/7049/3617 3714/7160/3714 3642/7090/3642
vt 0.094647 0.840541
f 3705/7177/3705 3494/6936/3494 3719/7189/3719
vt 0.456871 0.884991
f 3575/7149/3575 3633/7148/3633 3647/7190/3647
vt 0.291694 0.536140
f 3494/7038/3494 3598/6943/3598 3719/7191/3719
vt 0.454347 0.888736
f 3686/7192/3686 3575/7149/3575 3647/7190/3647
f 3691/7121/3691 3543/6792/3543 3263/6328/3263
f 3601/6788/3601 3640/7016/3640 3747/7169/3747
vt 0.676496 0.603931
f 3778/7193/3778 3589/7077/3589 3517/6957/3517
vt 0.679952 0.613862
f 3517/6957/3517 3631/7055/3631 3692/7194/3692
f 3192/6202/3192 3791/6919/3791 3471/6309/3471
f 3690/7109/3690 3639/6914/3639 3465/6214/3465
vt 0.638736 0.533777
f 3691/7121/3691 3652/7195/3652 3620/7122/3620
vt 0.709514 0.655255
f 3542/6808/3542 3630/7096/3630 3731/7196/3731
vt 0.624225 0.537998
f 3789/7197/3789 3468/6220/3468 3594/6920/3594
f 3648/6541/3648 3634/7174/3634 3501/6882/3501
f 3566/6935/3566 3638/7043/3638 3506/6904/3506
vt 0.096318 0.850530
f 3797/7198/3797 3769/6995/3769 3151/5740/3151
vt 0.766722 0.334681
vt 0.770148 0.332203
f 3633/7130/3633 3649/7199/3649 3647/7200/3647
f 3151/5740/3151 3648/6541/3648 3797/7198/3797
vt 0.069585 0.840900
f 3637/7092/3637 3634/7174/3634 3685/7201/3685
vt 0.032814 0.798891
f 3710/7202/3710 3491/6707/3491 3793/7014/3793
vt 0.700406 0.648103
f 3317/6009/3317 3518/6095/3518 3795/7203/3795
vt 0.481296 0.850484
f 3566/6935/3566 3657/7204/3657 3638/7043/3638
vt 0.511197 0.835668
f 3361/6443/3361 3793/7205/3793 3204/6540/3204
vt 0.349379 0.426774
vt 0.348714 0.427040
f 3654/7134/3654 3655/7206/3655 3680/7207/3680
vt 0.326706 0.604571
f 3666/7017/3666 3629/6944/3629 3660/7208/3660
vt 0.125931 0.167097
f 3655/7209/3655 3628/7132/3628 3667/7152/3667
f 3529/6564/3529 3752/7117/3752 3648/6541/3648
vt 0.346477 0.431180
f 3653/7062/3653 3654/7134/3654 3668/7210/3668
f 3673/7153/3673 3618/7066/3618 3723/7178/3723
vt 0.299802 0.555100
f 3739/7211/3739 3698/7070/3698 3627/6954/3627
vt 0.482449 0.858913
f 3669/7212/3669 3472/6020/3472 3523/5930/3523
f 3703/7115/3703 3678/7048/3678 3670/7184/3670
vt 0.328641 0.439828
f 3664/7213/3664 3623/7133/3623 3645/7180/3645
vt 0.295514 0.545189
f 3615/7027/3615 3698/7070/3698 3722/7214/3722
f 3739/7211/3739 3627/6954/3627 3673/7153/3673
vt 0.674995 0.345041
f 3660/7215/3660 3629/6992/3629 3661/7083/3661
vt 0.425866 0.611459
f 3652/7216/3652 3704/7100/3704 3620/7113/3620
f 3645/7180/3645 3580/7081/3580 3658/7182/3658
f 3642/7090/3642 3714/7160/3714 3641/7138/3641
vt 0.764469 0.286643
f 3630/7051/3630 3607/7053/3607 3675/7217/3675
f 3692/7194/3692 3778/7193/3778 3517/6957/3517
vt 0.467048 0.871683
f 3677/7168/3677 3662/7101/3662 3687/7218/3687
f 3633/7170/3633 3573/7054/3573 3677/7168/3677
f 3551/7042/3551 3687/7218/3687 3662/7101/3662
vt 0.430093 0.622190
f 3790/6672/3790 3708/7219/3708 3371/6450/3371
vt 0.476179 0.867480
f 3638/7043/3638 3688/7220/3688 3551/7042/3551
f 3689/7146/3689 3610/6956/3610 3663/7102/3663
vt 0.314690 0.586198
f 3626/7080/3626 3656/7082/3656 3742/7221/3742
f 3598/6943/3598 3709/7181/3709 3719/7191/3719
vt 0.310392 0.576424
f 3636/7105/3636 3626/7080/3626 3695/7222/3695
vt 0.343852 0.433394
f 3653/7062/3653 3700/7223/3700 3614/7114/3614
f 3674/7057/3674 3749/7058/3749 3349/6349/3349
vt 0.868947 0.122891
f 3683/7224/3683 3595/7104/3595 3684/7166/3684
vt 0.663346 0.930495
f 3714/7160/3714 3637/7118/3637 3685/7225/3685
vt 0.327339 0.442798
f 3645/7180/3645 3672/7226/3672 3664/7213/3664
f 3614/7114/3614 3700/7223/3700 3658/7182/3658
f 3700/7223/3700 3653/7062/3653 3668/7210/3668
vt 0.132862 0.167104
vt 0.127227 0.166722
f 3667/7152/3667 3736/7227/3736 3655/7228/3655
vt 0.658462 0.576894
f 3757/7229/3757 3640/7016/3640 3671/7167/3671
vt 0.131982 0.154151
vt 0.137783 0.159008
f 3621/7135/3621 3646/7230/3646 3786/7231/3786
vt 0.348410 0.428488
f 3668/7210/3668 3654/7134/3654 3680/7232/3680
f 3651/7073/3651 3747/7169/3747 3702/7187/3702
vt 0.147531 0.157820
f 3676/7233/3676 3552/6942/3552 3556/6664/3556
vt 0.424419 0.619534
f 3775/7234/3775 3661/7099/3661 3704/7100/3704
vt 0.357605 0.439127
vt 0.361634 0.438737
vt 0.361173 0.441897
f 3783/7235/3783 3681/7236/3681 3558/7237/3558
vt 0.715606 0.658602
f 3731/7196/3731 3630/7096/3630 3675/7238/3675
f 3631/7055/3631 3650/7151/3650 3692/7194/3692
vt 0.459264 0.881565
f 3633/7170/3633 3677/7168/3677 3649/7239/3649
f 3566/6935/3566 3720/7145/3720 3657/7204/3657
f 3542/6808/3542 3731/7196/3731 3795/7203/3795
vt 0.668391 0.590864
f 3593/6979/3593 3589/7077/3589 3696/7240/3696
f 3697/7079/3697 3725/7040/3725 3335/6425/3335
f 3706/6959/3706 3542/6808/3542 3795/7203/3795
vt 0.354160 0.438513
f 3783/7235/3783 3612/7141/3612 3767/7241/3767
vt 0.028669 0.787201
vt 0.023402 0.782438
f 3744/7242/3744 3693/7243/3693 3632/7142/3632
vt 0.028549 0.780434
f 3632/7142/3632 3659/7244/3659 3744/7242/3744
vt 0.655151 0.936684
f 3732/6863/3732 3624/7061/3624 3715/7245/3715
f 3709/7181/3709 3615/7027/3615 3722/7214/3722
vt 0.634643 0.842780
f 3659/7159/3659 3643/7094/3643 3744/7246/3744
vt 0.679615 0.343798
f 3775/7247/3775 3660/7215/3660 3661/7083/3661
vt 0.428359 0.614665
f 3704/7100/3704 3652/7216/3652 3748/7248/3748
vt 0.070325 0.843999
f 3685/7201/3685 3634/7174/3634 3694/7249/3694
vt 0.546278 0.142683
vt 0.548427 0.144141
f 3683/7188/3683 3646/7250/3646 3665/7251/3665
f 3503/6655/3503 3379/6663/3379 3773/7185/3773
f 3371/6450/3371 3708/7219/3708 3594/6929/3594
vt 0.131209 0.170969
vt 0.127368 0.169456
f 3699/7252/3699 3680/7253/3680 3736/7227/3736
vt 0.352253 0.427155
vt 0.352056 0.428927
vt 0.350445 0.428810
f 3655/7254/3655 3736/7255/3736 3680/7256/3680
f 3773/7185/3773 3379/6663/3379 3725/7040/3725
vt 0.864581 0.123627
f 3683/7224/3683 3684/7166/3684 3740/7257/3740
vt 0.128450 0.172851
f 3680/7253/3680 3699/7252/3699 3668/7258/3668
vt 0.348442 0.435994
f 3668/7210/3668 3770/7259/3770 3700/7223/3700
f 3666/7017/3666 3660/7208/3660 3701/7072/3701
f 3726/6847/3726 3340/6552/3340 3701/7072/3701
vt 0.334072 0.444302
f 3711/7260/3711 3672/7226/3672 3645/7180/3645
vt 0.635728 0.857112
f 3643/7094/3643 3679/6951/3679 3707/7261/3707
f 3707/7261/3707 3679/6951/3679 3703/7115/3703
f 3757/7229/3757 3747/7169/3747 3640/7016/3640
f 3663/7102/3663 3611/7001/3611 3686/7144/3686
f 3635/7074/3635 3702/7187/3702 3735/7171/3735
f 3710/7179/3710 3707/7261/3707 3697/7079/3697
f 3263/6328/3263 3543/6792/3543 3735/7171/3735
f 3675/7217/3675 3607/7053/3607 3689/7146/3689
vt 0.759613 0.338007
vt 0.763176 0.341468
f 3729/7262/3729 3649/7199/3649 3677/7263/3677
vt 0.500344 0.835714
f 3762/7264/3762 3720/7145/3720 3588/6960/3588
vt 0.462537 0.884487
f 3647/7190/3647 3649/7265/3649 3686/7192/3686
vt 0.633305 0.534924
f 3652/7195/3652 3691/7121/3691 3748/7266/3748
f 3762/7264/3762 3588/6960/3588 3693/7125/3693
f 3551/7042/3551 3688/7220/3688 3687/7218/3687
f 3638/7043/3638 3669/7212/3669 3688/7220/3688
f 3706/6959/3706 3795/7203/3795 3561/6994/3561
f 3561/6994/3561 3746/7106/3746 3609/7128/3609
f 3671/7167/3671 3593/6979/3593 3696/7240/3696
vt 0.542286 0.144331
f 3646/7250/3646 3683/7188/3683 3716/7267/3716
f 3669/7212/3669 3638/7043/3638 3657/7204/3657
vt 0.629739 0.849947
f 3643/7094/3643 3734/7268/3734 3744/7246/3744
vt 0.655376 0.922663
f 3641/7138/3641 3714/7160/3714 3751/7269/3751
vt 0.657131 0.920261
f 3751/7269/3751 3684/7270/3684 3641/7138/3641
vt 0.132663 0.173953
f 3770/7271/3770 3668/7258/3668 3699/7252/3699
f 3707/7261/3707 3734/7268/3734 3643/7094/3643
f 3667/7152/3667 3621/7135/3621 3786/7231/3786
f 3670/7184/3670 3707/7261/3707 3703/7115/3703
vt 0.645789 0.879437
f 3754/7272/3754 3670/7184/3670 3672/7162/3672
vt 0.505024 0.839534
f 3721/6712/3721 3788/7273/3788 3361/6443/3361
f 3701/7072/3701 3742/7221/3742 3656/7082/3656
f 3656/7082/3656 3666/7017/3666 3701/7072/3701
f 3682/6983/3682 3767/7241/3767 3612/7141/3612
vt 0.138020 0.152863
f 3716/7274/3716 3786/7231/3786 3646/7230/3646
vt 0.301791 0.560313
f 3713/7275/3713 3673/7153/3673 3723/7178/3723
vt 0.754939 0.332987
f 3578/6912/3578 3796/7276/3796 3582/7103/3582
vt 0.663473 0.587303
f 3696/7240/3696 3717/7277/3717 3671/7167/3671
vt 0.767091 0.327726
f 3686/7144/3686 3745/7278/3745 3663/7102/3663
f 3795/7203/3795 3746/7106/3746 3561/6994/3561
vt 0.468098 0.877487
f 3677/7168/3677 3687/7218/3687 3729/7279/3729
f 3609/7128/3609 3791/6919/3791 3650/7151/3650
vt 0.463626 0.888313
f 3745/7280/3745 3686/7192/3686 3649/7265/3649
f 3636/7105/3636 3695/7222/3695 3723/7178/3723
f 3770/7259/3770 3658/7182/3658 3700/7223/3700
vt 0.541247 0.148533
f 3683/7188/3683 3740/7281/3740 3716/7267/3716
vt 0.957849 0.081552
vt 0.956423 0.079209
vt 0.960175 0.080590
f 3751/7282/3751 3750/7283/3750 3684/7284/3684
vt 0.656175 0.931917
f 3714/7160/3714 3685/7225/3685 3718/7285/3718
f 3361/6443/3361 3788/7273/3788 3793/7205/3793
f 3673/7153/3673 3713/7275/3713 3739/7211/3739
f 3422/6528/3422 3313/5934/3313 2712/5319/2712
vt 0.030627 0.793011
vt 0.031885 0.797032
f 3794/7286/3794 3710/7287/3710 3793/7014/3793
vt 0.757600 0.287118
f 3359/6110/3359 3760/7288/3760 3571/6521/3571
vt 0.340504 0.444220
f 3645/7180/3645 3658/7182/3658 3755/7289/3755
vt 0.138161 0.163072
f 3667/7152/3667 3786/7231/3786 3743/7290/3743
f 3695/7222/3695 3626/7080/3626 3742/7221/3742
vt 0.331176 0.445606
f 3672/7226/3672 3711/7260/3711 3754/7291/3754
f 3743/7290/3743 3736/7227/3736 3667/7152/3667
vt 0.959724 0.078418
f 3740/7292/3740 3684/7284/3684 3750/7283/3750
vt 0.756661 0.280853
f 3731/7293/3731 3675/7217/3675 3760/7288/3760
f 3760/7288/3760 3675/7217/3675 3689/7146/3689
f 3657/7204/3657 3720/7145/3720 3721/6712/3721
vt 0.472539 0.875642
f 3763/7294/3763 3687/7218/3687 3688/7220/3688
vt 0.659940 0.932477
f 3718/7285/3718 3685/7225/3685 3694/7295/3694
vt 0.291686 0.547964
f 3722/7214/3722 3698/7070/3698 3774/7296/3774
vt 0.652174 0.928219
f 3761/7031/3761 3781/7297/3781 3553/6976/3553
f 3707/7261/3707 3670/7184/3670 3725/7040/3725
f 3447/6784/3447 3727/7087/3727 3619/5843/3619
vt 0.142665 0.167755
f 3784/6952/3784 3681/7088/3681 3730/7298/3730
vt 0.143336 0.154386
f 3786/7231/3786 3716/7274/3716 3738/7299/3738
vt 0.304327 0.573559
f 3766/7300/3766 3723/7178/3723 3695/7222/3695
vt 0.285937 0.539571
f 3709/7181/3709 3797/7301/3797 3719/7191/3719
vt 0.133867 0.172700
f 3699/7252/3699 3753/7302/3753 3770/7271/3770
f 3774/7296/3774 3709/7181/3709 3722/7214/3722
f 3717/7277/3717 3757/7229/3757 3671/7167/3671
vt 0.299016 0.565985
f 3713/7275/3713 3723/7178/3723 3780/7303/3780
vt 0.135968 0.171747
f 3753/7304/3753 3699/7252/3699 3736/7227/3736
f 3727/7087/3727 3774/7296/3774 3698/7070/3698
vt 0.358931 0.435973
f 3681/7236/3681 3783/7235/3783 3764/7305/3764
vt 0.148371 0.154728
f 3676/7233/3676 3737/7306/3737 3552/6942/3552
vt 0.638289 0.889627
vt 0.639459 0.884733
f 3787/7307/3787 3644/6796/3644 3712/7308/3712
f 3791/6919/3791 3609/7128/3609 3746/7106/3746
f 3768/7119/3768 3757/7229/3757 3717/7277/3717
vt 0.072525 0.847191
f 3694/7249/3694 3634/7174/3634 3733/7309/3733
f 3657/7204/3657 3721/6712/3721 3792/6315/3792
vt 0.538534 0.146891
f 3740/7281/3740 3759/7310/3759 3716/7267/3716
f 3711/7260/3711 3645/7180/3645 3755/7289/3755
f 3727/7087/3727 3698/7070/3698 3739/7211/3739
vt 0.538858 0.149486
f 3740/7281/3740 3750/7311/3750 3759/7310/3759
f 3707/7261/3707 3725/7040/3725 3697/7079/3697
vt 0.870118 0.607644
vt 0.871043 0.607594
vt 0.869700 0.609567
f 3704/7312/3704 3748/7313/3748 3765/7314/3765
f 3775/7234/3775 3704/7100/3704 3708/7219/3708
f 3781/7297/3781 3624/7061/3624 3553/6976/3553
vt 0.143016 0.152894
vt 0.141601 0.152804
f 3759/7315/3759 3738/7299/3738 3716/7316/3716
f 3755/7289/3755 3658/7182/3658 3724/7052/3724
vt 0.353142 0.435203
f 3770/7259/3770 3753/7317/3753 3767/7241/3767
f 3724/7052/3724 3658/7182/3658 3770/7259/3770
vt 0.630646 0.845644
vt 0.627080 0.849758
f 3744/7318/3744 3734/7268/3734 3794/7319/3794
f 3742/7221/3742 3749/7058/3749 3695/7222/3695
vt 0.434923 0.621233
f 3594/6929/3594 3708/7219/3708 3789/7320/3789
vt 0.430709 0.617764
f 3765/7321/3765 3708/7219/3708 3704/7100/3704
f 3687/7218/3687 3763/7294/3763 3729/7279/3729
f 3634/7174/3634 3648/6541/3648 3752/7117/3752
vt 0.756113 0.336980
vt 0.753006 0.339196
f 3782/7322/3782 3729/7262/3729 3690/7323/3690
vt 0.097191 0.844871
f 3797/7198/3797 3705/7177/3705 3719/7324/3719
f 3778/7193/3778 3696/7240/3696 3589/7077/3589
f 3599/6518/3599 3749/7058/3749 3772/6884/3772
vt 0.502225 0.831354
f 3693/7125/3693 3744/7325/3744 3762/7264/3762
vt 0.629167 0.536471
f 3765/7326/3765 3748/7266/3748 3691/7121/3691
f 3663/7102/3663 3745/7278/3745 3741/6911/3741
f 3781/7297/3781 3714/7160/3714 3718/7285/3718
vt 0.636775 0.871283
f 3725/7040/3725 3670/7184/3670 3756/7327/3756
vt 0.361899 0.436173
f 3681/7236/3681 3764/7305/3764 3730/7328/3730
f 3766/7300/3766 3695/7222/3695 3749/7058/3749
vt 0.955500 0.076251
vt 0.954226 0.077715
f 3759/7329/3759 3750/7283/3750 3771/7330/3771
vt 0.652552 0.926072
f 3751/7269/3751 3714/7160/3714 3758/7331/3758
f 3670/7184/3670 3754/7272/3754 3773/7185/3773
vt 0.514110 0.024827
vt 0.517145 0.021952
vt 0.517763 0.023154
f 3754/7332/3754 3711/7333/3711 3776/7334/3776
f 3780/7303/3780 3723/7178/3723 3766/7300/3766
f 3742/7221/3742 3701/7072/3701 3772/6884/3772
vt 0.336516 0.451916
vt 0.337077 0.447908
f 3712/7335/3712 3776/7336/3776 3787/7186/3787
vt 0.321555 0.612068
f 3775/7337/3775 3726/6847/3726 3660/7208/3660
f 3755/7289/3755 3776/7336/3776 3711/7260/3711
f 3786/7231/3786 3676/7233/3676 3556/6664/3556
vt 0.652960 0.921485
vt 0.651877 0.923059
f 3750/7338/3750 3751/7269/3751 3758/7339/3758
f 3784/6952/3784 3786/7231/3786 3556/6664/3556
f 3725/7040/3725 3756/7327/3756 3773/7185/3773
f 3768/7119/3768 3717/7277/3717 3596/6879/3596
vt 0.137041 0.169741
f 3753/7304/3753 3736/7227/3736 3764/7340/3764
f 3727/7087/3727 3739/7211/3739 3779/6856/3779
vt 0.754061 0.341251
f 3690/7323/3690 3729/7262/3729 3763/7341/3763
f 3763/7294/3763 3688/7220/3688 3639/6914/3639
vt 0.704727 0.661613
vt 0.701280 0.657912
vt 0.707904 0.658945
f 3760/7342/3760 3520/7343/3520 3731/7344/3731
vt 0.472262 0.888008
f 3690/7109/3690 3582/6815/3582 3796/7345/3796
f 3702/7187/3702 3747/7169/3747 3313/5934/3313
f 3733/7309/3733 3634/7174/3634 3752/7117/3752
f 3669/7212/3669 3657/7204/3657 3792/6315/3792
f 3705/7177/3705 3797/7198/3797 3648/6541/3648
vt 0.466709 0.881050
f 3729/7346/3729 3796/7345/3796 3649/7265/3649
vt 0.471186 0.883216
f 3729/7346/3729 3782/7347/3782 3796/7345/3796
vt 0.760698 0.331879
f 3745/7278/3745 3649/7348/3649 3796/7276/3796
f 3696/7240/3696 3778/7193/3778 3444/6732/3444
f 3791/6919/3791 3692/7194/3692 3650/7151/3650
f 3696/7240/3696 3444/6732/3444 3717/7277/3717
f 3468/6220/3468 3691/7121/3691 3263/6328/3263
vt 0.658392 0.935510
f 3694/7295/3694 3733/7349/3733 3718/7285/3718
f 3710/7179/3710 3794/7319/3794 3734/7268/3734
f 3772/6884/3772 3749/7058/3749 3742/7221/3742
f 3758/7331/3758 3714/7160/3714 3781/7297/3781
vt 0.140000 0.169220
f 3764/7350/3764 3736/7227/3736 3743/7290/3743
vt 0.950859 0.082255
f 3750/7283/3750 3758/7351/3758 3771/7330/3771
f 3701/7072/3701 3660/7208/3660 3726/6847/3726
f 3793/7205/3793 3788/7273/3788 3762/7264/3762
f 3733/7349/3733 3715/7245/3715 3718/7285/3718
f 3317/6009/3317 3795/7203/3795 3520/7343/3520
f 3747/7169/3747 3757/7229/3757 3341/6430/3341
f 3797/7301/3797 3709/7181/3709 3769/6991/3769
f 3709/7181/3709 3774/7296/3774 3769/6991/3769
f 3783/7235/3783 3753/7317/3753 3764/7305/3764
f 3753/7317/3753 3783/7235/3783 3767/7241/3767
f 3724/7052/3724 3770/7259/3770 3682/6983/3682
f 3739/7211/3739 3713/7275/3713 3779/6856/3779
f 3743/7290/3743 3786/7231/3786 3784/6952/3784
vt 0.750334 0.283690
f 3520/7352/3520 3760/7288/3760 3359/6110/3359
vt 0.534198 0.148304
vt 0.535919 0.145429
f 3785/7353/3785 3738/7354/3738 3759/7310/3759
f 3720/7145/3720 3762/7264/3762 3788/7273/3788
f 3472/6020/3472 3669/7212/3669 3792/6315/3792
f 3735/7171/3735 3702/7187/3702 3313/5934/3313
f 3789/7197/3789 3765/7326/3765 3691/7121/3691
f 3778/7193/3778 3692/7194/3692 3192/6202/3192
f 3746/7106/3746 3356/6703/3356 3791/6919/3791
f 3444/6732/3444 3778/7193/3778 3777/6795/3777
f 3690/7109/3690 3763/7294/3763 3639/6914/3639
f 3578/6912/3578 3745/7278/3745 3796/7276/3796
f 3670/7184/3670 3773/7185/3773 3756/7327/3756
vt 0.535486 0.149270
f 3759/7310/3759 3771/7355/3771 3785/7353/3785
f 3766/7300/3766 3749/7058/3749 3674/7057/3674
vt 0.951908 0.077581
f 3771/7330/3771 3758/7351/3758 3785/7356/3785
f 3712/7308/3712 3773/7185/3773 3754/7272/3754
vt 0.642894 0.886346
f 3754/7272/3754 3776/7357/3776 3712/7308/3712
f 3769/6991/3769 3774/7296/3774 3447/6784/3447
f 3765/7321/3765 3789/7320/3789 3708/7219/3708
f 3779/6856/3779 3713/7275/3713 3780/7303/3780
vt 0.072216 0.850133
f 3733/7309/3733 3752/7117/3752 3715/7358/3715
f 3770/7259/3770 3767/7241/3767 3682/6983/3682
f 3422/6528/3422 3735/7171/3735 3313/5934/3313
f 3786/7231/3786 3738/7299/3738 3676/7233/3676
f 3757/7229/3757 3768/7119/3768 3341/6430/3341
f 3734/7268/3734 3707/7261/3707 3710/7179/3710
f 3760/7288/3760 3689/7146/3689 3571/6521/3571
f 3688/7220/3688 3523/5930/3523 3639/6914/3639
f 3313/5934/3313 3747/7169/3747 3341/6430/3341
f 3731/7196/3731 3520/7343/3520 3795/7203/3795
f 3422/6528/3422 3263/6328/3263 3735/7171/3735
f 3721/6712/3721 3720/7145/3720 3788/7273/3788
f 3715/7358/3715 3752/7117/3752 3732/7116/3732
f 3789/7197/3789 3691/7121/3691 3468/6220/3468
vt 0.027721 0.793466
f 3744/7242/3744 3794/7286/3794 3762/7359/3762
f 3718/7285/3718 3624/7061/3624 3781/7297/3781
vt 0.141009 0.168170
f 3764/7350/3764 3743/7290/3743 3730/7360/3730
f 3784/6952/3784 3730/7298/3730 3743/7290/3743
vt 0.648576 0.922111
vt 0.649612 0.924130
f 3785/7361/3785 3758/7362/3758 3761/7031/3761
f 3755/7289/3755 3724/7052/3724 3728/7150/3728
f 3761/7031/3761 3758/7331/3758 3781/7297/3781
f 3780/7303/3780 3766/7300/3766 3482/6675/3482
f 3482/6675/3482 3766/7300/3766 3674/7057/3674
f 3728/7150/3728 3787/7186/3787 3755/7289/3755
f 3776/7336/3776 3755/7289/3755 3787/7186/3787
f 3482/6675/3482 3779/6856/3779 3780/7303/3780
f 3676/7233/3676 3738/7299/3738 3737/7306/3737
vt 0.532514 0.145780
f 3738/7354/3738 3785/7353/3785 3737/7363/3737
f 3775/7337/3775 3790/6500/3790 3726/6847/3726
vt 0.685444 0.344721
vt 0.685912 0.346554
f 3775/7247/3775 3708/7364/3708 3790/7365/3790
vt 0.529980 0.148779
f 3737/7363/3737 3785/7353/3785 3761/7366/3761
vt 0.508213 0.834183
f 3762/7264/3762 3794/7367/3794 3793/7205/3793
f 3523/5930/3523 3688/7220/3688 3669/7212/3669
f 3774/7296/3774 3727/7087/3727 3447/6784/3447
f 3741/6911/3741 3745/7278/3745 3578/6912/3578
f 3192/6202/3192 3777/6795/3777 3778/7193/3778
f 3746/7106/3746 3795/7203/3795 3518/6095/3518
f 3689/7146/3689 3663/7102/3663 3571/6521/3571
f 3596/6879/3596 3717/7277/3717 3444/6732/3444
f 3690/7109/3690 3796/7345/3796 3782/7347/3782
f 3791/6919/3791 3192/6202/3192 3692/7194/3692
f 3624/7061/3624 3718/7285/3718 3715/7245/3715
f 3773/7185/3773 3712/7308/3712 3644/6796/3644
# 7590 faces, 7367 coords texture

# End of File
