[ICP MODE] compare (flags: --icp-mode=global|incremental|compare)
#################### Pottery Data load ####################
Attempting to read file: /Dataset/SfS_pp/Axes/Pot_D_Piece_01_Axis.xyz
File opened successfully
Successfully read 1 points
Attempting to read PCD file: /Dataset/SfS_pp/Breaklines/Pot_D_Piece_01_Breakline_0.pcd
File opened successfully
Found 3 segments, 339 total points
Processing 339 points
Found 339 unique points
Successfully processed PCD file
Attempting to read XYZ file: /Dataset/SfS_pp/Surfaces/Pot_D_Piece_01_Surface_0.xyz
Found 34884 total points, reading 34884 points
Successfully read 34884 points
Attempting to read XYZ file: /Dataset/SfS_pp/Surfaces/Pot_D_Piece_01_Surface_1.xyz
Found 39361 total points, reading 39361 points
Successfully read 39361 points
Attempting to read PCD file: /Dataset/SfS_pp/Surfaces/Pot_D_Piece_01_Surface_F.pcd
Error: Could not open file /Dataset/SfS_pp/Surfaces/Pot_D_Piece_01_Surface_F.pcd
Attempting to read file: /Dataset/SfS_pp/Axes/Pot_D_Piece_02_Axis.xyz
File opened successfully
Successfully read 1 points
Attempting to read PCD file: /Dataset/SfS_pp/Breaklines/Pot_D_Piece_02_Breakline_0.pcd
File opened successfully
Found 4 segments, 280 total points
Processing 280 points
Found 280 unique points
Successfully processed PCD file
Attempting to read XYZ file: /Dataset/SfS_pp/Surfaces/Pot_D_Piece_02_Surface_0.xyz
Found 31496 total points, reading 31496 points
Successfully read 31496 points
Attempting to read XYZ file: /Dataset/SfS_pp/Surfaces/Pot_D_Piece_02_Surface_1.xyz
Found 35519 total points, reading 35519 points
Successfully read 35519 points
Attempting to read PCD file: /Dataset/SfS_pp/Surfaces/Pot_D_Piece_02_Surface_F.pcd
Error: Could not open file /Dataset/SfS_pp/Surfaces/Pot_D_Piece_02_Surface_F.pcd
Attempting to read file: /Dataset/SfS_pp/Axes/Pot_D_Piece_03_Axis.xyz
File opened successfully
Successfully read 1 points
Attempting to read PCD file: /Dataset/SfS_pp/Breaklines/Pot_D_Piece_03_Breakline_0.pcd
File opened successfully
Found 4 segments, 219 total points
Processing 219 points
Found 219 unique points
Successfully processed PCD file
Attempting to read XYZ file: /Dataset/SfS_pp/Surfaces/Pot_D_Piece_03_Surface_0.xyz
Found 31179 total points, reading 31179 points
Successfully read 31179 points
Attempting to read XYZ file: /Dataset/SfS_pp/Surfaces/Pot_D_Piece_03_Surface_1.xyz
Found 30871 total points, reading 30871 points
Successfully read 30871 points
Attempting to read PCD file: /Dataset/SfS_pp/Surfaces/Pot_D_Piece_03_Surface_F.pcd
Error: Could not open file /Dataset/SfS_pp/Surfaces/Pot_D_Piece_03_Surface_F.pcd
Attempting to read file: /Dataset/SfS_pp/Axes/Pot_D_Piece_04_Axis.xyz
File opened successfully
Successfully read 1 points
Attempting to read PCD file: /Dataset/SfS_pp/Breaklines/Pot_D_Piece_04_Breakline_0.pcd
File opened successfully
Found 5 segments, 250 total points
Processing 250 points
Found 250 unique points
Successfully processed PCD file
Attempting to read XYZ file: /Dataset/SfS_pp/Surfaces/Pot_D_Piece_04_Surface_0.xyz
Found 29046 total points, reading 29046 points
Successfully read 29046 points
Attempting to read XYZ file: /Dataset/SfS_pp/Surfaces/Pot_D_Piece_04_Surface_1.xyz
Found 35006 total points, reading 35006 points
Successfully read 35006 points
Attempting to read PCD file: /Dataset/SfS_pp/Surfaces/Pot_D_Piece_04_Surface_F.pcd
Error: Could not open file /Dataset/SfS_pp/Surfaces/Pot_D_Piece_04_Surface_F.pcd
Attempting to read file: /Dataset/SfS_pp/Axes/Pot_D_Piece_05_Axis.xyz
File opened successfully
Successfully read 1 points
Attempting to read PCD file: /Dataset/SfS_pp/Breaklines/Pot_D_Piece_05_Breakline_0.pcd
File opened successfully
Found 5 segments, 256 total points
Processing 256 points
Found 256 unique points
Successfully processed PCD file
Attempting to read XYZ file: /Dataset/SfS_pp/Surfaces/Pot_D_Piece_05_Surface_0.xyz
Found 27154 total points, reading 27154 points
Successfully read 27154 points
Attempting to read XYZ file: /Dataset/SfS_pp/Surfaces/Pot_D_Piece_05_Surface_1.xyz
Found 30825 total points, reading 30825 points
Successfully read 30825 points
Attempting to read PCD file: /Dataset/SfS_pp/Surfaces/Pot_D_Piece_05_Surface_F.pcd
Error: Could not open file /Dataset/SfS_pp/Surfaces/Pot_D_Piece_05_Surface_F.pcd
Attempting to read file: /Dataset/SfS_pp/Axes/Pot_D_Piece_06_Axis.xyz
File opened successfully
Successfully read 1 points
Attempting to read PCD file: /Dataset/SfS_pp/Breaklines/Pot_D_Piece_06_Breakline_0.pcd
File opened successfully
Found 4 segments, 254 total points
Processing 254 points
Found 254 unique points
Successfully processed PCD file
Attempting to read XYZ file: /Dataset/SfS_pp/Surfaces/Pot_D_Piece_06_Surface_0.xyz
Found 23608 total points, reading 23608 points
Successfully read 23608 points
Attempting to read XYZ file: /Dataset/SfS_pp/Surfaces/Pot_D_Piece_06_Surface_1.xyz
Found 26668 total points, reading 26668 points
Successfully read 26668 points
Attempting to read PCD file: /Dataset/SfS_pp/Surfaces/Pot_D_Piece_06_Surface_F.pcd
Error: Could not open file /Dataset/SfS_pp/Surfaces/Pot_D_Piece_06_Surface_F.pcd
Attempting to read file: /Dataset/SfS_pp/Axes/Pot_D_Piece_07_Axis.xyz
File opened successfully
Successfully read 1 points
Attempting to read PCD file: /Dataset/SfS_pp/Breaklines/Pot_D_Piece_07_Breakline_0.pcd
File opened successfully
Found 3 segments, 198 total points
Processing 198 points
Found 198 unique points
Successfully processed PCD file
Attempting to read XYZ file: /Dataset/SfS_pp/Surfaces/Pot_D_Piece_07_Surface_0.xyz
Found 19142 total points, reading 19142 points
Successfully read 19142 points
Attempting to read XYZ file: /Dataset/SfS_pp/Surfaces/Pot_D_Piece_07_Surface_1.xyz
Found 22098 total points, reading 22098 points
Successfully read 22098 points
Attempting to read PCD file: /Dataset/SfS_pp/Surfaces/Pot_D_Piece_07_Surface_F.pcd
Error: Could not open file /Dataset/SfS_pp/Surfaces/Pot_D_Piece_07_Surface_F.pcd
Attempting to read file: /Dataset/SfS_pp/Axes/Pot_D_Piece_08_Axis.xyz
File opened successfully
Successfully read 1 points
Attempting to read PCD file: /Dataset/SfS_pp/Breaklines/Pot_D_Piece_08_Breakline_0.pcd
File opened successfully
Found 2 segments, 218 total points
Processing 218 points
Found 218 unique points
Successfully processed PCD file
Attempting to read XYZ file: /Dataset/SfS_pp/Surfaces/Pot_D_Piece_08_Surface_0.xyz
Found 19399 total points, reading 19399 points
Successfully read 19399 points
Attempting to read XYZ file: /Dataset/SfS_pp/Surfaces/Pot_D_Piece_08_Surface_1.xyz
Found 22755 total points, reading 22755 points
Successfully read 22755 points
Attempting to read PCD file: /Dataset/SfS_pp/Surfaces/Pot_D_Piece_08_Surface_F.pcd
Error: Could not open file /Dataset/SfS_pp/Surfaces/Pot_D_Piece_08_Surface_F.pcd
Attempting to read file: /Dataset/SfS_pp/Axes/Pot_D_Piece_09_Axis.xyz
File opened successfully
Successfully read 1 points
Attempting to read PCD file: /Dataset/SfS_pp/Breaklines/Pot_D_Piece_09_Breakline_0.pcd
File opened successfully
Found 3 segments, 229 total points
Processing 229 points
Found 229 unique points
Successfully processed PCD file
Attempting to read XYZ file: /Dataset/SfS_pp/Surfaces/Pot_D_Piece_09_Surface_0.xyz
Found 21066 total points, reading 21066 points
Successfully read 21066 points
Attempting to read XYZ file: /Dataset/SfS_pp/Surfaces/Pot_D_Piece_09_Surface_1.xyz
Found 24739 total points, reading 24739 points
Successfully read 24739 points
Attempting to read PCD file: /Dataset/SfS_pp/Surfaces/Pot_D_Piece_09_Surface_F.pcd
Error: Could not open file /Dataset/SfS_pp/Surfaces/Pot_D_Piece_09_Surface_F.pcd
Attempting to read file: /Dataset/SfS_pp/Axes/Pot_D_Piece_10_Axis.xyz
File opened successfully
Successfully read 1 points
Attempting to read PCD file: /Dataset/SfS_pp/Breaklines/Pot_D_Piece_10_Breakline_0.pcd
File opened successfully
Found 6 segments, 180 total points
Processing 180 points
Found 180 unique points
Successfully processed PCD file
Attempting to read XYZ file: /Dataset/SfS_pp/Surfaces/Pot_D_Piece_10_Surface_0.xyz
Found 11477 total points, reading 11477 points
Successfully read 11477 points
Attempting to read XYZ file: /Dataset/SfS_pp/Surfaces/Pot_D_Piece_10_Surface_1.xyz
Found 13225 total points, reading 13225 points
Successfully read 13225 points
Attempting to read PCD file: /Dataset/SfS_pp/Surfaces/Pot_D_Piece_10_Surface_F.pcd
Error: Could not open file /Dataset/SfS_pp/Surfaces/Pot_D_Piece_10_Surface_F.pcd
Attempting to read file: /Dataset/SfS_pp/Axes/Pot_D_Piece_11_Axis.xyz
File opened successfully
Successfully read 1 points
Attempting to read PCD file: /Dataset/SfS_pp/Breaklines/Pot_D_Piece_11_Breakline_0.pcd
File opened successfully
Found 6 segments, 181 total points
Processing 181 points
Found 181 unique points
Successfully processed PCD file
Attempting to read XYZ file: /Dataset/SfS_pp/Surfaces/Pot_D_Piece_11_Surface_0.xyz
Found 13905 total points, reading 13905 points
Successfully read 13905 points
Attempting to read XYZ file: /Dataset/SfS_pp/Surfaces/Pot_D_Piece_11_Surface_1.xyz
Found 16426 total points, reading 16426 points
Successfully read 16426 points
Attempting to read PCD file: /Dataset/SfS_pp/Surfaces/Pot_D_Piece_11_Surface_F.pcd
Error: Could not open file /Dataset/SfS_pp/Surfaces/Pot_D_Piece_11_Surface_F.pcd
Attempting to read file: /Dataset/SfS_pp/Axes/Pot_D_Piece_12_Axis.xyz
File opened successfully
Successfully read 1 points
Attempting to read PCD file: /Dataset/SfS_pp/Breaklines/Pot_D_Piece_12_Breakline_0.pcd
File opened successfully
Found 6 segments, 152 total points
Processing 152 points
Found 152 unique points
Successfully processed PCD file
Attempting to read XYZ file: /Dataset/SfS_pp/Surfaces/Pot_D_Piece_12_Surface_0.xyz
Found 9246 total points, reading 9246 points
Successfully read 9246 points
Attempting to read XYZ file: /Dataset/SfS_pp/Surfaces/Pot_D_Piece_12_Surface_1.xyz
Found 9672 total points, reading 9672 points
Successfully read 9672 points
Attempting to read PCD file: /Dataset/SfS_pp/Surfaces/Pot_D_Piece_12_Surface_F.pcd
Error: Could not open file /Dataset/SfS_pp/Surfaces/Pot_D_Piece_12_Surface_F.pcd
Attempting to read file: /Dataset/SfS_pp/Axes/Pot_D_Piece_13_Axis.xyz
File opened successfully
Successfully read 1 points
Attempting to read PCD file: /Dataset/SfS_pp/Breaklines/Pot_D_Piece_13_Breakline_0.pcd
File opened successfully
Found 6 segments, 165 total points
Processing 165 points
Found 165 unique points
Successfully processed PCD file
Attempting to read XYZ file: /Dataset/SfS_pp/Surfaces/Pot_D_Piece_13_Surface_0.xyz
Found 12393 total points, reading 12393 points
Successfully read 12393 points
Attempting to read XYZ file: /Dataset/SfS_pp/Surfaces/Pot_D_Piece_13_Surface_1.xyz
Found 13562 total points, reading 13562 points
Successfully read 13562 points
Attempting to read PCD file: /Dataset/SfS_pp/Surfaces/Pot_D_Piece_13_Surface_F.pcd
Error: Could not open file /Dataset/SfS_pp/Surfaces/Pot_D_Piece_13_Surface_F.pcd
Attempting to read file: /Dataset/SfS_pp/Axes/Pot_D_Piece_14_Axis.xyz
File opened successfully
Successfully read 1 points
Attempting to read PCD file: /Dataset/SfS_pp/Breaklines/Pot_D_Piece_14_Breakline_0.pcd
File opened successfully
Found 4 segments, 119 total points
Processing 119 points
Found 119 unique points
Successfully processed PCD file
Attempting to read XYZ file: /Dataset/SfS_pp/Surfaces/Pot_D_Piece_14_Surface_0.xyz
Found 7104 total points, reading 7104 points
Successfully read 7104 points
Attempting to read XYZ file: /Dataset/SfS_pp/Surfaces/Pot_D_Piece_14_Surface_1.xyz
Found 9349 total points, reading 9349 points
Successfully read 9349 points
Attempting to read PCD file: /Dataset/SfS_pp/Surfaces/Pot_D_Piece_14_Surface_F.pcd
Error: Could not open file /Dataset/SfS_pp/Surfaces/Pot_D_Piece_14_Surface_F.pcd
Attempting to read file: /Dataset/SfS_pp/Axes/Pot_D_Piece_15_Axis.xyz
File opened successfully
Successfully read 1 points
Attempting to read PCD file: /Dataset/SfS_pp/Breaklines/Pot_D_Piece_15_Breakline_0.pcd
File opened successfully
Found 4 segments, 121 total points
Processing 121 points
Found 121 unique points
Successfully processed PCD file
Attempting to read XYZ file: /Dataset/SfS_pp/Surfaces/Pot_D_Piece_15_Surface_0.xyz
Found 7961 total points, reading 7961 points
Successfully read 7961 points
Attempting to read XYZ file: /Dataset/SfS_pp/Surfaces/Pot_D_Piece_15_Surface_1.xyz
Found 10865 total points, reading 10865 points
Successfully read 10865 points
Attempting to read PCD file: /Dataset/SfS_pp/Surfaces/Pot_D_Piece_15_Surface_F.pcd
Error: Could not open file /Dataset/SfS_pp/Surfaces/Pot_D_Piece_15_Surface_F.pcd
Attempting to read file: /Dataset/SfS_pp/Axes/Pot_D_Piece_16_Axis.xyz
File opened successfully
Successfully read 1 points
Attempting to read PCD file: /Dataset/SfS_pp/Breaklines/Pot_D_Piece_16_Breakline_0.pcd
File opened successfully
Found 3 segments, 133 total points
Processing 133 points
Found 133 unique points
Successfully processed PCD file
Attempting to read XYZ file: /Dataset/SfS_pp/Surfaces/Pot_D_Piece_16_Surface_0.xyz
Found 6312 total points, reading 6312 points
Successfully read 6312 points
Attempting to read XYZ file: /Dataset/SfS_pp/Surfaces/Pot_D_Piece_16_Surface_1.xyz
Found 7170 total points, reading 7170 points
Successfully read 7170 points
Attempting to read PCD file: /Dataset/SfS_pp/Surfaces/Pot_D_Piece_16_Surface_F.pcd
Error: Could not open file /Dataset/SfS_pp/Surfaces/Pot_D_Piece_16_Surface_F.pcd
Attempting to read file: /Dataset/SfS_pp/Axes/Pot_D_Piece_17_Axis.xyz
File opened successfully
Successfully read 2 points
Attempting to read PCD file: /Dataset/SfS_pp/Breaklines/Pot_D_Piece_17_Breakline_0.pcd
File opened successfully
Found 4 segments, 95 total points
Processing 95 points
Found 95 unique points
Successfully processed PCD file
Attempting to read XYZ file: /Dataset/SfS_pp/Surfaces/Pot_D_Piece_17_Surface_0.xyz
Found 4238 total points, reading 4238 points
Successfully read 4238 points
Attempting to read XYZ file: /Dataset/SfS_pp/Surfaces/Pot_D_Piece_17_Surface_1.xyz
Found 5215 total points, reading 5215 points
Successfully read 5215 points
Attempting to read PCD file: /Dataset/SfS_pp/Surfaces/Pot_D_Piece_17_Surface_F.pcd
Error: Could not open file /Dataset/SfS_pp/Surfaces/Pot_D_Piece_17_Surface_F.pcd
Attempting to read file: /Dataset/SfS_pp/Axes/Pot_D_Piece_18_Axis.xyz
File opened successfully
Successfully read 1 points
Attempting to read PCD file: /Dataset/SfS_pp/Breaklines/Pot_D_Piece_18_Breakline_0.pcd
File opened successfully
Found 3 segments, 121 total points
Processing 121 points
Found 121 unique points
Successfully processed PCD file
Attempting to read XYZ file: /Dataset/SfS_pp/Surfaces/Pot_D_Piece_18_Surface_0.xyz
Found 4157 total points, reading 4157 points
Successfully read 4157 points
Attempting to read XYZ file: /Dataset/SfS_pp/Surfaces/Pot_D_Piece_18_Surface_1.xyz
Found 4682 total points, reading 4682 points
Successfully read 4682 points
Attempting to read PCD file: /Dataset/SfS_pp/Surfaces/Pot_D_Piece_18_Surface_F.pcd
Error: Could not open file /Dataset/SfS_pp/Surfaces/Pot_D_Piece_18_Surface_F.pcd
Attempting to read file: /Dataset/SfS_pp/Axes/Pot_D_Piece_19_Axis.xyz
File opened successfully
Successfully read 1 points
Attempting to read PCD file: /Dataset/SfS_pp/Breaklines/Pot_D_Piece_19_Breakline_0.pcd
File opened successfully
Found 3 segments, 114 total points
Processing 114 points
Found 114 unique points
Successfully processed PCD file
Attempting to read XYZ file: /Dataset/SfS_pp/Surfaces/Pot_D_Piece_19_Surface_0.xyz
Found 4457 total points, reading 4457 points
Successfully read 4457 points
Attempting to read XYZ file: /Dataset/SfS_pp/Surfaces/Pot_D_Piece_19_Surface_1.xyz
Found 4888 total points, reading 4888 points
Successfully read 4888 points
Attempting to read PCD file: /Dataset/SfS_pp/Surfaces/Pot_D_Piece_19_Surface_F.pcd
Error: Could not open file /Dataset/SfS_pp/Surfaces/Pot_D_Piece_19_Surface_F.pcd
Attempting to read file: /Dataset/SfS_pp/Axes/Pot_D_Piece_20_Axis.xyz
File opened successfully
Successfully read 1 points
Attempting to read PCD file: /Dataset/SfS_pp/Breaklines/Pot_D_Piece_20_Breakline_0.pcd
File opened successfully
Found 2 segments, 121 total points
Processing 121 points
Found 121 unique points
Successfully processed PCD file
Attempting to read XYZ file: /Dataset/SfS_pp/Surfaces/Pot_D_Piece_20_Surface_0.xyz
Found 4136 total points, reading 4136 points
Successfully read 4136 points
Attempting to read XYZ file: /Dataset/SfS_pp/Surfaces/Pot_D_Piece_20_Surface_1.xyz
Found 4644 total points, reading 4644 points
Successfully read 4644 points
Attempting to read PCD file: /Dataset/SfS_pp/Surfaces/Pot_D_Piece_20_Surface_F.pcd
Error: Could not open file /Dataset/SfS_pp/Surfaces/Pot_D_Piece_20_Surface_F.pcd
Attempting to read file: /Dataset/SfS_pp/Axes/Pot_D_Piece_21_Axis.xyz
File opened successfully
Successfully read 2 points
Attempting to read PCD file: /Dataset/SfS_pp/Breaklines/Pot_D_Piece_21_Breakline_0.pcd
File opened successfully
Found 2 segments, 90 total points
Processing 90 points
Found 90 unique points
Successfully processed PCD file
Attempting to read XYZ file: /Dataset/SfS_pp/Surfaces/Pot_D_Piece_21_Surface_0.xyz
Found 3000 total points, reading 3000 points
Successfully read 3000 points
Attempting to read XYZ file: /Dataset/SfS_pp/Surfaces/Pot_D_Piece_21_Surface_1.xyz
Found 4075 total points, reading 4075 points
Successfully read 4075 points
Attempting to read PCD file: /Dataset/SfS_pp/Surfaces/Pot_D_Piece_21_Surface_F.pcd
Error: Could not open file /Dataset/SfS_pp/Surfaces/Pot_D_Piece_21_Surface_F.pcd
Attempting to read file: /Dataset/SfS_pp/Axes/Pot_D_Piece_22_Axis.xyz
File opened successfully
Successfully read 1 points
Attempting to read PCD file: /Dataset/SfS_pp/Breaklines/Pot_D_Piece_22_Breakline_0.pcd
File opened successfully
Found 4 segments, 133 total points
Processing 133 points
Found 133 unique points
Successfully processed PCD file
Attempting to read XYZ file: /Dataset/SfS_pp/Surfaces/Pot_D_Piece_22_Surface_0.xyz
Found 4083 total points, reading 4083 points
Successfully read 4083 points
Attempting to read XYZ file: /Dataset/SfS_pp/Surfaces/Pot_D_Piece_22_Surface_1.xyz
Found 4479 total points, reading 4479 points
Successfully read 4479 points
Attempting to read PCD file: /Dataset/SfS_pp/Surfaces/Pot_D_Piece_22_Surface_F.pcd
Error: Could not open file /Dataset/SfS_pp/Surfaces/Pot_D_Piece_22_Surface_F.pcd
Attempting to read file: /Dataset/SfS_pp/Axes/Pot_D_Piece_23_Axis.xyz
File opened successfully
Successfully read 1 points
Attempting to read PCD file: /Dataset/SfS_pp/Breaklines/Pot_D_Piece_23_Breakline_0.pcd
File opened successfully
Found 2 segments, 91 total points
Processing 91 points
Found 91 unique points
Successfully processed PCD file
Attempting to read XYZ file: /Dataset/SfS_pp/Surfaces/Pot_D_Piece_23_Surface_0.xyz
Found 2290 total points, reading 2290 points
Successfully read 2290 points
Attempting to read XYZ file: /Dataset/SfS_pp/Surfaces/Pot_D_Piece_23_Surface_1.xyz
Found 2674 total points, reading 2674 points
Successfully read 2674 points
Attempting to read PCD file: /Dataset/SfS_pp/Surfaces/Pot_D_Piece_23_Surface_F.pcd
Error: Could not open file /Dataset/SfS_pp/Surfaces/Pot_D_Piece_23_Surface_F.pcd
Attempting to read file: /Dataset/SfS_pp/Axes/Pot_D_Piece_24_Axis.xyz
File opened successfully
Successfully read 4 points
Attempting to read PCD file: /Dataset/SfS_pp/Breaklines/Pot_D_Piece_24_Breakline_0.pcd
File opened successfully
Found 4 segments, 79 total points
Processing 79 points
Found 79 unique points
Successfully processed PCD file
Attempting to read XYZ file: /Dataset/SfS_pp/Surfaces/Pot_D_Piece_24_Surface_0.xyz
Found 2464 total points, reading 2464 points
Successfully read 2464 points
Attempting to read XYZ file: /Dataset/SfS_pp/Surfaces/Pot_D_Piece_24_Surface_1.xyz
Found 2894 total points, reading 2894 points
Successfully read 2894 points
Attempting to read PCD file: /Dataset/SfS_pp/Surfaces/Pot_D_Piece_24_Surface_F.pcd
Error: Could not open file /Dataset/SfS_pp/Surfaces/Pot_D_Piece_24_Surface_F.pcd
Attempting to read file: /Dataset/SfS_pp/Axes/Pot_D_Piece_25_Axis.xyz
File opened successfully
Successfully read 1 points
Attempting to read PCD file: /Dataset/SfS_pp/Breaklines/Pot_D_Piece_25_Breakline_0.pcd
File opened successfully
Found 3 segments, 80 total points
Processing 80 points
Found 80 unique points
Successfully processed PCD file
Attempting to read XYZ file: /Dataset/SfS_pp/Surfaces/Pot_D_Piece_25_Surface_0.xyz
Found 2202 total points, reading 2202 points
Successfully read 2202 points
Attempting to read XYZ file: /Dataset/SfS_pp/Surfaces/Pot_D_Piece_25_Surface_1.xyz
Found 2339 total points, reading 2339 points
Successfully read 2339 points
Attempting to read PCD file: /Dataset/SfS_pp/Surfaces/Pot_D_Piece_25_Surface_F.pcd
Error: Could not open file /Dataset/SfS_pp/Surfaces/Pot_D_Piece_25_Surface_F.pcd
Attempting to read file: /Dataset/SfS_pp/Axes/Pot_D_Piece_26_Axis.xyz
File opened successfully
Successfully read 2 points
Attempting to read PCD file: /Dataset/SfS_pp/Breaklines/Pot_D_Piece_26_Breakline_0.pcd
File opened successfully
Found 3 segments, 80 total points
Processing 80 points
Found 80 unique points
Successfully processed PCD file
Attempting to read XYZ file: /Dataset/SfS_pp/Surfaces/Pot_D_Piece_26_Surface_0.xyz
Found 2242 total points, reading 2242 points
Successfully read 2242 points
Attempting to read XYZ file: /Dataset/SfS_pp/Surfaces/Pot_D_Piece_26_Surface_1.xyz
Found 2275 total points, reading 2275 points
Successfully read 2275 points
Attempting to read PCD file: /Dataset/SfS_pp/Surfaces/Pot_D_Piece_26_Surface_F.pcd
Error: Could not open file /Dataset/SfS_pp/Surfaces/Pot_D_Piece_26_Surface_F.pcd
Attempting to read file: /Dataset/SfS_pp/Axes/Pot_D_Piece_27_Axis.xyz
File opened successfully
Successfully read 2 points
Attempting to read PCD file: /Dataset/SfS_pp/Breaklines/Pot_D_Piece_27_Breakline_0.pcd
File opened successfully
Found 2 segments, 48 total points
Processing 48 points
Found 48 unique points
Successfully processed PCD file
Attempting to read file: /Dataset/SfS_pp/Axes/Pot_D_Piece_28_Axis.xyz
File opened successfully
Successfully read 2 points
Attempting to read PCD file: /Dataset/SfS_pp/Breaklines/Pot_D_Piece_28_Breakline_0.pcd
File opened successfully
Found 3 segments, 58 total points
Processing 58 points
Found 58 unique points
Successfully processed PCD file
Attempting to read XYZ file: /Dataset/SfS_pp/Surfaces/Pot_D_Piece_28_Surface_0.xyz
Found 1376 total points, reading 1376 points
Successfully read 1376 points
Attempting to read XYZ file: /Dataset/SfS_pp/Surfaces/Pot_D_Piece_28_Surface_1.xyz
Found 1255 total points, reading 1255 points
Successfully read 1255 points
Attempting to read PCD file: /Dataset/SfS_pp/Surfaces/Pot_D_Piece_28_Surface_F.pcd
Error: Could not open file /Dataset/SfS_pp/Surfaces/Pot_D_Piece_28_Surface_F.pcd
Attempting to read file: /Dataset/SfS_pp/Axes/Pot_D_Piece_29_Axis.xyz
File opened successfully
Successfully read 2 points
Attempting to read PCD file: /Dataset/SfS_pp/Breaklines/Pot_D_Piece_29_Breakline_0.pcd
File opened successfully
Found 3 segments, 78 total points
Processing 78 points
Found 78 unique points
Successfully processed PCD file
Attempting to read XYZ file: /Dataset/SfS_pp/Surfaces/Pot_D_Piece_29_Surface_0.xyz
Found 1821 total points, reading 1821 points
Successfully read 1821 points
Attempting to read XYZ file: /Dataset/SfS_pp/Surfaces/Pot_D_Piece_29_Surface_1.xyz
Found 1745 total points, reading 1745 points
Successfully read 1745 points
Attempting to read PCD file: /Dataset/SfS_pp/Surfaces/Pot_D_Piece_29_Surface_F.pcd
Error: Could not open file /Dataset/SfS_pp/Surfaces/Pot_D_Piece_29_Surface_F.pcd
#################### Ground Truth data load ####################
0 1 1 0 1 1 0 0 1 0 0 1 0 0 0 0 0 0 0 1 0 0 0 0 0 0 0 0 0
1 0 1 0 0 0 1 0 0 1 0 0 1 0 0 0 0 0 1 1 0 0 0 0 0 0 0 0 0
1 1 0 0 0 0 0 0 0 0 0 1 0 1 0 1 0 0 1 0 0 0 0 0 0 1 0 1 0
0 0 0 0 0 1 0 1 1 0 1 0 0 0 0 0 0 0 0 0 0 0 0 0 0 0 0 0 0
1 0 0 0 0 1 0 0 0 0 0 1 0 1 0 1 0 0 0 0 0 0 1 0 0 0 0 0 0
1 0 0 1 1 0 0 1 1 0 0 0 0 0 0 0 0 0 0 0 0 0 1 0 0 0 0 0 0
0 1 0 0 0 0 0 0 0 1 0 0 0 0 1 0 1 0 0 0 1 0 0 0 0 0 0 0 1
0 0 0 1 0 1 0 0 0 1 1 0 1 0 0 0 0 1 0 0 0 0 1 0 0 0 0 0 0
1 0 0 1 0 1 0 0 0 0 1 0 0 0 1 0 0 0 0 0 0 0 0 1 0 0 0 0 0
0 1 0 0 0 0 1 1 0 0 1 0 1 0 0 0 1 1 0 0 0 0 0 0 0 0 0 0 0
0 0 0 1 0 0 0 1 1 1 0 0 0 0 1 0 1 0 0 0 1 0 0 0 0 0 0 0 0
1 0 1 0 1 0 0 0 0 0 0 0 0 1 0 0 0 0 0 0 0 0 0 0 0 0 0 1 0
0 1 0 0 0 0 0 1 0 1 0 0 0 0 0 0 0 1 1 0 0 0 1 0 0 1 0 0 0
0 0 1 0 1 0 0 0 0 0 0 1 0 0 0 1 0 0 0 0 0 0 0 0 0 0 0 1 0
0 0 0 0 0 0 1 0 1 0 1 0 0 0 0 0 0 0 0 0 1 0 0 0 1 0 0 0 0
0 0 1 0 1 0 0 0 0 0 0 0 0 1 0 0 0 0 0 0 0 0 0 0 0 1 0 0 0
0 0 0 0 0 0 1 0 0 1 1 0 0 0 0 0 0 0 0 0 1 0 0 0 0 0 0 0 0
0 0 0 0 0 0 0 1 0 1 0 0 1 0 0 0 0 0 0 0 0 0 0 0 0 0 0 0 0
0 1 1 0 0 0 0 0 0 0 0 0 1 0 0 0 0 0 0 0 0 0 0 0 0 0 0 0 0
1 1 0 0 0 0 0 0 0 0 0 0 0 0 0 0 0 0 0 0 0 0 0 1 0 0 0 0 0
0 0 0 0 0 0 1 0 0 0 1 0 0 0 1 0 1 0 0 0 0 0 0 0 0 0 0 0 0
0 0 0 0 0 0 0 0 0 0 0 0 0 0 0 0 0 0 0 0 0 0 0 0 0 0 0 0 0
0 0 0 0 1 1 0 1 0 0 0 0 1 0 0 0 0 0 0 0 0 0 0 0 0 0 0 0 0
0 0 0 0 0 0 0 0 1 0 0 0 0 0 0 0 0 0 0 1 0 0 0 0 1 0 0 0 0
0 0 0 0 0 0 0 0 0 0 0 0 0 0 1 0 0 0 0 0 0 0 0 1 0 0 0 0 1
0 0 1 0 0 0 0 0 0 0 0 0 1 0 0 1 0 0 0 0 0 0 0 0 0 0 0 0 0
0 0 0 0 0 0 0 0 0 0 0 0 0 0 0 0 0 0 0 0 0 0 0 0 0 0 0 0 0
0 0 1 0 0 0 0 0 0 0 0 1 0 1 0 0 0 0 0 0 0 0 0 0 0 0 0 0 0
0 0 0 0 0 0 1 0 0 0 0 0 0 0 0 0 0 0 0 0 0 0 0 0 1 0 0 0 0
#################### Save initial state ####################
#################### Change Axis symmetrix to z axis ####################
#################### Feature matching ####################
Total Number : 2445
#################### Pairwise pruning ####################
WARNING: Logging before InitGoogleLogging() is written to STDERR
W0803 08:41:42.959340    20 levenberg_marquardt_strategy.cc:114] Linear solver failure. Failed to compute a step: CXSparse Failure : Numeric factorization failed.
W0803 08:41:42.960873    20 levenberg_marquardt_strategy.cc:114] Linear solver failure. Failed to compute a step: CXSparse Failure : Numeric factorization failed.
W0803 08:41:42.961968    20 levenberg_marquardt_strategy.cc:114] Linear solver failure. Failed to compute a step: CXSparse Failure : Numeric factorization failed.
W0803 08:41:42.963055    20 levenberg_marquardt_strategy.cc:114] Linear solver failure. Failed to compute a step: CXSparse Failure : Numeric factorization failed.
W0803 08:41:43.473991    20 levenberg_marquardt_strategy.cc:114] Linear solver failure. Failed to compute a step: CXSparse Failure : Numeric factorization failed.
W0803 08:41:43.474156    20 levenberg_marquardt_strategy.cc:114] Linear solver failure. Failed to compute a step: CXSparse Failure : Numeric factorization failed.
W0803 08:41:43.474946    20 levenberg_marquardt_strategy.cc:114] Linear solver failure. Failed to compute a step: CXSparse Failure : Numeric factorization failed.
W0803 08:41:43.475451    20 levenberg_marquardt_strategy.cc:114] Linear solver failure. Failed to compute a step: CXSparse Failure : Numeric factorization failed.
W0803 08:41:43.475967    20 levenberg_marquardt_strategy.cc:114] Linear solver failure. Failed to compute a step: CXSparse Failure : Numeric factorization failed.
W0803 08:41:43.476480    20 levenberg_marquardt_strategy.cc:114] Linear solver failure. Failed to compute a step: CXSparse Failure : Numeric factorization failed.
W0803 08:41:47.571436    20 levenberg_marquardt_strategy.cc:114] Linear solver failure. Failed to compute a step: CXSparse Failure : Numeric factorization failed.
W0803 08:41:47.573233    20 levenberg_marquardt_strategy.cc:114] Linear solver failure. Failed to compute a step: CXSparse Failure : Numeric factorization failed.
W0803 08:41:47.573976    20 levenberg_marquardt_strategy.cc:114] Linear solver failure. Failed to compute a step: CXSparse Failure : Numeric factorization failed.
W0803 08:41:47.574432    20 levenberg_marquardt_strategy.cc:114] Linear solver failure. Failed to compute a step: CXSparse Failure : Numeric factorization failed.
W0803 08:41:47.663270    20 levenberg_marquardt_strategy.cc:114] Linear solver failure. Failed to compute a step: CXSparse Failure : Numeric factorization failed.
W0803 08:41:47.663725    20 levenberg_marquardt_strategy.cc:114] Linear solver failure. Failed to compute a step: CXSparse Failure : Numeric factorization failed.
W0803 08:41:47.664551    20 levenberg_marquardt_strategy.cc:114] Linear solver failure. Failed to compute a step: CXSparse Failure : Numeric factorization failed.
W0803 08:41:49.705835    20 levenberg_marquardt_strategy.cc:114] Linear solver failure. Failed to compute a step: CXSparse Failure : Numeric factorization failed.
W0803 08:41:57.205914    20 levenberg_marquardt_strategy.cc:114] Linear solver failure. Failed to compute a step: CXSparse Failure : Numeric factorization failed.
W0803 08:41:57.414719    20 levenberg_marquardt_strategy.cc:114] Linear solver failure. Failed to compute a step: CXSparse Failure : Numeric factorization failed.
W0803 08:41:57.415096    20 levenberg_marquardt_strategy.cc:114] Linear solver failure. Failed to compute a step: CXSparse Failure : Numeric factorization failed.
W0803 08:41:58.583920    20 levenberg_marquardt_strategy.cc:114] Linear solver failure. Failed to compute a step: CXSparse Failure : Numeric factorization failed.
W0803 08:41:58.584594    20 levenberg_marquardt_strategy.cc:114] Linear solver failure. Failed to compute a step: CXSparse Failure : Numeric factorization failed.
W0803 08:41:58.586010    20 levenberg_marquardt_strategy.cc:114] Linear solver failure. Failed to compute a step: CXSparse Failure : Numeric factorization failed.
W0803 08:41:58.586638    20 levenberg_marquardt_strategy.cc:114] Linear solver failure. Failed to compute a step: CXSparse Failure : Numeric factorization failed.
W0803 08:41:58.588018    20 levenberg_marquardt_strategy.cc:114] Linear solver failure. Failed to compute a step: CXSparse Failure : Numeric factorization failed.
W0803 08:41:58.588943    20 levenberg_marquardt_strategy.cc:114] Linear solver failure. Failed to compute a step: CXSparse Failure : Numeric factorization failed.
Pruned match count: 891
#################### Genetic Algorithm search ####################
=== GA Iteration 1 / 1 ===
#################### GROUND TRUTH CANDIDATE AUDIT ####################
[GT AUDIT] Edge 1-2 (GT=1) Candidates: 12
  Choice 1: inliner= 40 score=0.719 density=23.275 rad=3.0522 trans=146.20
  Choice 2: inliner= 46 score=0.618 density=28.424 rad=3.0769 trans=110.68 [INV]
  Choice 3: inliner= 32 score=0.680 density=19.046 rad=1.6344 trans=176.77
  Choice 4: inliner= 64 score=0.491 density=42.937 rad=1.3680 trans=107.65
  Choice 5: inliner= 66 score=0.462 density=45.149 rad=1.2011 trans=77.89
  Choice 6: inliner= 38 score=0.759 density=21.608 rad=0.7136 trans=32.16
  Choice 7: inliner= 26 score=0.917 density=13.561 rad=0.7425 trans=43.53
  Choice 8: inliner= 83 score=0.348 density=61.581 rad=0.7859 trans=34.25
  Choice 9: inliner= 40 score=0.744 density=22.931 rad=3.0220 trans=173.34 [INV]
  Choice 10: inliner= 68 score=0.573 density=43.242 rad=0.4723 trans=41.48 [INV]
  Choice 11: inliner= 52 score=0.582 density=32.864 rad=0.1629 trans=31.03 [INV] [VALID GT MATCH]
  Choice 12: inliner= 88 score=0.385 density=63.522 rad=0.0618 trans=4.03 [INV] [VALID GT MATCH]
  -> Best GT Match: Choice 12 (rad=0.0618 trans=4.03 VALID) [INV]
[GT AUDIT] Edge 1-3 (GT=1) Candidates: 9
  Choice 1: inliner= 32 score=0.380 density=23.195 rad=0.9684 trans=2.80 [INV]
  Choice 2: inliner= 22 score=0.822 density=12.074 rad=1.6762 trans=240.99
  Choice 3: inliner= 26 score=0.658 density=15.684 rad=1.5551 trans=133.48 [INV]
  Choice 4: inliner= 22 score=0.870 density=11.765 rad=1.5885 trans=170.46 [INV]
  Choice 5: inliner= 22 score=0.818 density=12.098 rad=1.2092 trans=207.05 [INV]
  Choice 6: inliner= 40 score=0.264 density=31.636 rad=2.8781 trans=241.39 [INV]
  Choice 7: inliner= 10 score=0.776 density=5.632 rad=3.0745 trans=236.21
  Choice 8: inliner= 46 score=0.681 density=27.359 rad=2.9116 trans=185.56 [INV]
  Choice 9: inliner= 26 score=0.443 density=18.016 rad=0.2370 trans=9.05 [INV] [VALID GT MATCH]
  -> Best GT Match: Choice 9 (rad=0.2370 trans=9.05 VALID) [INV]
[GT AUDIT] Edge 1-5 (GT=1) Candidates: 17
  Choice 1: inliner= 46 score=0.489 density=30.885 rad=3.0803 trans=101.02 [INV]
  Choice 2: inliner= 62 score=0.608 density=38.561 rad=3.0181 trans=77.81 [INV]
  Choice 3: inliner=115 score=0.402 density=82.010 rad=0.0203 trans=11.44 [VALID GT MATCH]
  Choice 4: inliner= 24 score=0.565 density=15.337 rad=0.3984 trans=83.44 [INV]
  Choice 5: inliner=137 score=0.308 density=104.767 rad=0.1633 trans=11.00 [INV] [VALID GT MATCH]
  Choice 6: inliner= 26 score=0.605 density=16.195 rad=0.2639 trans=30.65 [INV] [VALID GT MATCH]
  Choice 7: inliner= 26 score=0.941 density=13.393 rad=0.5644 trans=98.50
  Choice 8: inliner= 30 score=0.370 density=21.897 rad=0.8995 trans=139.94
  Choice 9: inliner= 30 score=0.691 density=17.745 rad=2.9673 trans=186.37 [INV]
  Choice 10: inliner= 40 score=0.494 density=26.770 rad=3.0478 trans=201.03 [INV]
  Choice 11: inliner= 46 score=0.533 density=30.011 rad=3.1223 trans=199.47 [INV]
  Choice 12: inliner= 34 score=0.465 density=23.203 rad=0.7264 trans=196.95 [INV]
  Choice 13: inliner= 32 score=0.579 density=20.264 rad=1.3135 trans=175.12 [INV]
  Choice 14: inliner=  0 score=11.000 density=0.000 rad=2.1505 trans=155.43 [INV]
  Choice 15: inliner=  0 score=11.000 density=0.000 rad=3.1171 trans=53.89
  Choice 16: inliner=  0 score=11.000 density=0.000 rad=3.0390 trans=36.32 [INV]
  Choice 17: inliner= 28 score=0.821 density=15.380 rad=3.0389 trans=117.50 [INV]
  -> Best GT Match: Choice 3 (rad=0.0203 trans=11.44 VALID)
[GT AUDIT] Edge 1-6 (GT=1) Candidates: 11
  Choice 1: inliner= 24 score=1.341 density=10.251 rad=0.1854 trans=14.30 [INV] [VALID GT MATCH]
  Choice 2: inliner= 38 score=0.485 density=25.586 rad=0.2372 trans=16.11 [INV] [VALID GT MATCH]
  Choice 3: inliner= 24 score=0.471 density=16.320 rad=2.7477 trans=52.47
  Choice 4: inliner= 79 score=0.388 density=56.900 rad=0.0597 trans=4.08 [INV] [VALID GT MATCH]
  Choice 5: inliner=  2 score=11.000 density=0.167 rad=2.9819 trans=50.64 [INV]
  Choice 6: inliner=  0 score=11.000 density=0.000 rad=0.3332 trans=68.20 [INV]
  Choice 7: inliner=  0 score=11.000 density=0.000 rad=0.5843 trans=59.41 [INV]
  Choice 8: inliner=  8 score=0.799 density=4.447 rad=0.7166 trans=180.47
  Choice 9: inliner= 38 score=0.691 density=22.477 rad=3.0339 trans=39.38
  Choice 10: inliner= 75 score=0.264 density=59.339 rad=0.2602 trans=115.13
  Choice 11: inliner= 38 score=0.480 density=25.673 rad=0.4551 trans=96.29
  -> Best GT Match: Choice 4 (rad=0.0597 trans=4.08 VALID) [INV]
[GT AUDIT] Edge 1-9 (GT=1) Candidates: 1
  Choice 1: inliner=109 score=0.294 density=84.211 rad=0.0399 trans=6.00 [VALID GT MATCH]
  -> Best GT Match: Choice 1 (rad=0.0399 trans=6.00 VALID)
[GT AUDIT] Edge 1-12 (GT=1) Candidates: 7
  Choice 1: inliner= 50 score=0.345 density=37.181 rad=0.1514 trans=7.62 [INV] [VALID GT MATCH]
  Choice 2: inliner= 32 score=0.564 density=20.466 rad=2.8540 trans=191.11
  Choice 3: inliner=  0 score=11.000 density=0.000 rad=3.0938 trans=239.61
  Choice 4: inliner= 44 score=0.601 density=27.478 rad=0.9225 trans=170.01 [INV]
  Choice 5: inliner= 26 score=0.521 density=17.097 rad=0.5389 trans=174.49
  Choice 6: inliner= 40 score=0.644 density=24.337 rad=2.9241 trans=83.71 [INV]
  Choice 7: inliner= 40 score=0.220 density=32.779 rad=0.9433 trans=272.89
  -> Best GT Match: Choice 1 (rad=0.1514 trans=7.62 VALID) [INV]
[GT AUDIT] Edge 1-20 (GT=1) Candidates: 9
  Choice 1: inliner= 34 score=0.385 density=24.544 rad=0.3346 trans=147.27 [INV]
  Choice 2: inliner= 44 score=0.586 density=27.748 rad=2.9732 trans=158.39 [INV]
  Choice 3: inliner= 67 score=0.466 density=45.696 rad=0.5943 trans=54.21
  Choice 4: inliner= 14 score=0.562 density=8.961 rad=2.8270 trans=82.59
  Choice 5: inliner= 24 score=0.664 density=14.426 rad=2.9045 trans=66.02
  Choice 6: inliner= 48 score=0.675 density=28.664 rad=0.2663 trans=23.09 [INV] [VALID GT MATCH]
  Choice 7: inliner=113 score=0.314 density=86.030 rad=0.0279 trans=1.57 [INV] [VALID GT MATCH]
  Choice 8: inliner=  8 score=0.507 density=5.310 rad=2.9020 trans=108.83 [INV]
  Choice 9: inliner= 44 score=0.658 density=26.533 rad=0.4333 trans=89.65 [INV]
  -> Best GT Match: Choice 7 (rad=0.0279 trans=1.57 VALID) [INV]
[GT AUDIT] Edge 2-3 (GT=1) Candidates: 11
  Choice 1: inliner= 56 score=0.309 density=42.771 rad=0.1640 trans=1.72 [INV] [VALID GT MATCH]
  Choice 2: inliner= 54 score=0.336 density=40.421 rad=0.0552 trans=4.21 [INV] [VALID GT MATCH]
  Choice 3: inliner= 30 score=0.649 density=18.191 rad=1.1307 trans=123.87
  Choice 4: inliner= 30 score=0.500 density=19.997 rad=0.8955 trans=79.40
  Choice 5: inliner= 26 score=0.551 density=16.760 rad=3.0003 trans=162.33
  Choice 6: inliner=  0 score=11.000 density=0.000 rad=3.0667 trans=179.29 [INV]
  Choice 7: inliner= 36 score=0.441 density=24.982 rad=2.9275 trans=163.59 [INV]
  Choice 8: inliner= 36 score=0.475 density=24.403 rad=2.9210 trans=203.13
  Choice 9: inliner= 30 score=0.523 density=19.702 rad=0.7405 trans=169.66
  Choice 10: inliner= 22 score=0.891 density=11.631 rad=0.8281 trans=178.72
  Choice 11: inliner= 18 score=0.657 density=10.863 rad=0.8967 trans=4.41 [INV]
  -> Best GT Match: Choice 2 (rad=0.0552 trans=4.21 VALID) [INV]
[GT AUDIT] Edge 2-7 (GT=1) Candidates: 9
  Choice 1: inliner=  0 score=11.000 density=0.000 rad=0.3672 trans=241.29 [INV]
  Choice 2: inliner= 42 score=0.427 density=29.441 rad=1.1472 trans=4.17 [INV]
  Choice 3: inliner= 28 score=0.505 density=18.601 rad=2.9904 trans=38.67
  Choice 4: inliner=107 score=0.477 density=72.442 rad=0.1701 trans=1.61 [INV] [VALID GT MATCH]
  Choice 5: inliner= 40 score=0.679 density=23.819 rad=3.0589 trans=8.58 [INV]
  Choice 6: inliner=147 score=0.172 density=125.409 rad=0.0204 trans=0.62 [INV] [VALID GT MATCH]
  Choice 7: inliner= 42 score=0.482 density=28.345 rad=0.2513 trans=12.22 [INV] [VALID GT MATCH]
  Choice 8: inliner= 40 score=0.368 density=29.233 rad=1.1576 trans=122.74
  Choice 9: inliner= 32 score=0.383 density=23.135 rad=3.0241 trans=166.65
  -> Best GT Match: Choice 6 (rad=0.0204 trans=0.62 VALID) [INV]
[GT AUDIT] Edge 2-10 (GT=1) Candidates: 9
  Choice 1: inliner= 30 score=0.528 density=19.633 rad=2.3320 trans=26.55 [INV]
  Choice 2: inliner= 34 score=0.458 density=23.313 rad=1.8649 trans=12.60 [INV]
  Choice 3: inliner=  0 score=11.000 density=0.000 rad=0.4682 trans=183.21
  Choice 4: inliner= 22 score=0.639 density=13.419 rad=3.0219 trans=15.44 [INV]
  Choice 5: inliner= 24 score=0.617 density=14.838 rad=0.8679 trans=14.18 [INV]
  Choice 6: inliner= 48 score=0.252 density=38.330 rad=0.1859 trans=12.58 [INV] [VALID GT MATCH]
  Choice 7: inliner= 50 score=0.162 density=43.021 rad=0.1953 trans=15.66 [INV] [VALID GT MATCH]
  Choice 8: inliner= 40 score=0.291 density=30.993 rad=0.2659 trans=183.42 [INV]
  Choice 9: inliner= 26 score=0.379 density=18.859 rad=0.4079 trans=206.78 [INV]
  -> Best GT Match: Choice 6 (rad=0.1859 trans=12.58 VALID) [INV]
[GT AUDIT] Edge 2-13 (GT=1) Candidates: 7
  Choice 1: inliner= 44 score=0.281 density=34.345 rad=0.5921 trans=7.39
  Choice 2: inliner= 36 score=0.336 density=26.946 rad=0.6318 trans=25.75
  Choice 3: inliner= 30 score=0.527 density=19.641 rad=0.9964 trans=83.28
  Choice 4: inliner= 40 score=0.545 density=25.897 rad=1.5032 trans=99.57 [INV]
  Choice 5: inliner= 40 score=0.437 density=27.831 rad=0.3286 trans=68.06 [INV]
  Choice 6: inliner= 42 score=0.271 density=33.057 rad=0.0492 trans=3.52 [INV] [VALID GT MATCH]
  Choice 7: inliner= 46 score=0.357 density=33.891 rad=0.0714 trans=26.09 [INV] [VALID GT MATCH]
  -> Best GT Match: Choice 6 (rad=0.0492 trans=3.52 VALID) [INV]
[GT AUDIT] Edge 2-19 (GT=1) Candidates: 3
  Choice 1: inliner= 49 score=0.624 density=30.172 rad=0.2301 trans=41.03 [VALID GT MATCH]
  Choice 2: inliner= 72 score=0.348 density=53.394 rad=0.2496 trans=21.40 [INV] [VALID GT MATCH]
  Choice 3: inliner= 88 score=0.371 density=64.197 rad=0.0946 trans=16.23 [VALID GT MATCH]
  -> Best GT Match: Choice 3 (rad=0.0946 trans=16.23 VALID)
[GT AUDIT] Edge 2-20 (GT=1) Candidates: 6
  Choice 1: inliner= 26 score=0.577 density=16.483 rad=0.6780 trans=134.93 [INV]
  Choice 2: inliner= 28 score=0.263 density=22.172 rad=0.0324 trans=3.43 [INV] [VALID GT MATCH]
  Choice 3: inliner= 46 score=0.528 density=30.112 rad=0.1152 trans=43.55 [INV] [VALID GT MATCH]
  Choice 4: inliner= 55 score=0.296 density=42.446 rad=0.0595 trans=19.27 [INV] [VALID GT MATCH]
  Choice 5: inliner= 30 score=0.506 density=19.923 rad=2.7035 trans=53.48
  Choice 6: inliner= 63 score=0.437 density=43.848 rad=1.2762 trans=114.00
  -> Best GT Match: Choice 2 (rad=0.0324 trans=3.43 VALID) [INV]
[GT AUDIT] Edge 3-12 (GT=1) Candidates: 5
  Choice 1: inliner= 28 score=0.397 density=20.041 rad=2.8465 trans=44.86
  Choice 2: inliner= 61 score=0.618 density=37.697 rad=1.0290 trans=12.43
  Choice 3: inliner= 74 score=0.311 density=56.457 rad=0.0288 trans=1.50 [INV] [VALID GT MATCH]
  Choice 4: inliner= 30 score=0.960 density=15.309 rad=2.9663 trans=35.06
  Choice 5: inliner= 36 score=0.909 density=18.853 rad=2.7870 trans=28.42 [INV]
  -> Best GT Match: Choice 3 (rad=0.0288 trans=1.50 VALID) [INV]
[GT AUDIT] Edge 3-14 (GT=1) Candidates: 4
  Choice 1: inliner= 40 score=0.259 density=31.760 rad=0.0597 trans=1.65 [INV] [VALID GT MATCH]
  Choice 2: inliner= 40 score=0.443 density=27.718 rad=2.9682 trans=18.16 [INV]
  Choice 3: inliner= 22 score=0.865 density=11.797 rad=0.6084 trans=19.58 [INV]
  Choice 4: inliner= 38 score=0.500 density=25.326 rad=3.0962 trans=31.85 [INV]
  -> Best GT Match: Choice 1 (rad=0.0597 trans=1.65 VALID) [INV]
[GT AUDIT] Edge 3-16 (GT=1) Candidates: 7
  Choice 1: inliner= 40 score=0.486 density=26.922 rad=3.0742 trans=5.45 [INV]
  Choice 2: inliner= 32 score=0.559 density=20.529 rad=2.8931 trans=43.01 [INV]
  Choice 3: inliner= 44 score=0.385 density=31.776 rad=0.0850 trans=5.36 [INV] [VALID GT MATCH]
  Choice 4: inliner= 26 score=0.599 density=16.262 rad=0.2642 trans=65.02 [INV]
  Choice 5: inliner= 26 score=0.331 density=19.539 rad=2.5371 trans=15.21 [INV]
  Choice 6: inliner= 28 score=0.692 density=16.553 rad=3.0379 trans=14.89 [INV]
  Choice 7: inliner= 61 score=0.429 density=42.694 rad=0.7202 trans=89.60
  -> Best GT Match: Choice 3 (rad=0.0850 trans=5.36 VALID) [INV]
[GT AUDIT] Edge 3-19 (GT=1) Candidates: 6
  Choice 1: inliner= 36 score=0.433 density=25.116 rad=3.0700 trans=118.60
  Choice 2: inliner= 24 score=0.493 density=16.070 rad=1.6510 trans=67.91 [INV]
  Choice 3: inliner= 30 score=0.596 density=18.800 rad=3.0378 trans=62.15 [INV]
  Choice 4: inliner= 30 score=0.499 density=20.015 rad=2.8946 trans=38.45
  Choice 5: inliner= 34 score=0.439 density=23.632 rad=2.9861 trans=84.56
  Choice 6: inliner= 88 score=0.316 density=66.851 rad=0.0438 trans=4.43 [VALID GT MATCH]
  -> Best GT Match: Choice 6 (rad=0.0438 trans=4.43 VALID)
[GT AUDIT] Edge 3-28 (GT=1) Candidates: 2
  Choice 1: inliner= 32 score=0.460 density=21.922 rad=2.9933 trans=38.73
  Choice 2: inliner= 47 score=0.429 density=32.882 rad=2.9214 trans=39.79
  -> Best GT Match: Choice 2 (rad=2.9214 trans=39.79 INVALID)
[GT AUDIT] Edge 4-6 (GT=1) Candidates: 3
  Choice 1: inliner= 54 score=0.663 density=32.479 rad=2.7710 trans=113.84
  Choice 2: inliner=170 score=0.183 density=143.727 rad=0.0149 trans=2.75 [INV] [VALID GT MATCH]
  Choice 3: inliner=  0 score=11.000 density=0.000 rad=3.0707 trans=113.70
  -> Best GT Match: Choice 2 (rad=0.0149 trans=2.75 VALID) [INV]
[GT AUDIT] Edge 4-8 (GT=1) Candidates: 5
  Choice 1: inliner=  0 score=11.000 density=0.000 rad=2.7905 trans=26.10
  Choice 2: inliner= 32 score=0.668 density=19.180 rad=2.8948 trans=17.50
  Choice 3: inliner=125 score=0.395 density=89.626 rad=0.0734 trans=3.58 [INV] [VALID GT MATCH]
  Choice 4: inliner= 12 score=1.014 density=5.958 rad=3.0020 trans=65.96 [INV]
  Choice 5: inliner=  0 score=11.000 density=0.000 rad=3.0547 trans=13.91
  -> Best GT Match: Choice 3 (rad=0.0734 trans=3.58 VALID) [INV]
[GT AUDIT] Edge 4-9 (GT=1) Candidates: 2
  Choice 1: inliner= 32 score=0.683 density=19.019 rad=0.7714 trans=13.57
  Choice 2: inliner= 69 score=0.347 density=51.220 rad=0.0594 trans=4.64 [INV] [VALID GT MATCH]
  -> Best GT Match: Choice 2 (rad=0.0594 trans=4.64 VALID) [INV]
[GT AUDIT] Edge 4-11 (GT=1) Candidates: 2
  Choice 1: inliner= 74 score=0.420 density=52.099 rad=0.0207 trans=1.27 [INV] [VALID GT MATCH]
  Choice 2: inliner= 60 score=0.323 density=45.340 rad=0.8069 trans=28.92
  -> Best GT Match: Choice 1 (rad=0.0207 trans=1.27 VALID) [INV]
[GT AUDIT] Edge 5-6 (GT=1) Candidates: 16
  Choice 1: inliner=  0 score=11.000 density=0.000 rad=2.9706 trans=57.60
  Choice 2: inliner=  8 score=0.665 density=4.806 rad=2.7436 trans=55.74
  Choice 3: inliner= 30 score=0.452 density=20.654 rad=1.1899 trans=8.45 [INV]
  Choice 4: inliner= 70 score=0.489 density=46.997 rad=0.5999 trans=8.41 [INV]
  Choice 5: inliner= 68 score=0.607 density=42.328 rad=0.1575 trans=9.00 [VALID GT MATCH]
  Choice 6: inliner= 56 score=0.567 density=35.741 rad=3.0932 trans=195.70
  Choice 7: inliner= 56 score=0.654 density=33.853 rad=0.3323 trans=10.56 [INV] [VALID GT MATCH]
  Choice 8: inliner= 38 score=0.666 density=22.803 rad=0.8414 trans=26.67
  Choice 9: inliner=124 score=0.309 density=94.746 rad=0.0605 trans=1.72 [INV] [VALID GT MATCH]
  Choice 10: inliner= 64 score=0.660 density=38.543 rad=2.9768 trans=7.21 [INV]
  Choice 11: inliner= 28 score=0.372 density=20.411 rad=1.1766 trans=19.28
  Choice 12: inliner= 76 score=0.590 density=47.802 rad=2.8117 trans=8.26 [INV]
  Choice 13: inliner= 52 score=0.660 density=31.329 rad=0.6533 trans=27.23
  Choice 14: inliner= 24 score=0.713 density=14.012 rad=2.9512 trans=189.90
  Choice 15: inliner= 70 score=0.288 density=54.369 rad=1.5398 trans=24.71 [INV]
  Choice 16: inliner= 40 score=0.593 density=25.106 rad=3.0692 trans=91.08 [INV]
  -> Best GT Match: Choice 9 (rad=0.0605 trans=1.72 VALID) [INV]
[GT AUDIT] Edge 5-12 (GT=1) Candidates: 6
  Choice 1: inliner= 67 score=0.329 density=50.421 rad=0.0385 trans=2.99 [VALID GT MATCH]
  Choice 2: inliner= 34 score=0.441 density=23.598 rad=1.1855 trans=10.55
  Choice 3: inliner= 48 score=0.453 density=33.041 rad=1.7936 trans=32.90
  Choice 4: inliner= 52 score=0.347 density=38.612 rad=2.2068 trans=56.05
  Choice 5: inliner= 32 score=0.569 density=20.393 rad=0.2593 trans=133.50
  Choice 6: inliner= 16 score=0.813 density=8.827 rad=0.3429 trans=96.13
  -> Best GT Match: Choice 1 (rad=0.0385 trans=2.99 VALID)
[GT AUDIT] Edge 5-14 (GT=1) Candidates: 2
  Choice 1: inliner= 38 score=0.494 density=25.428 rad=1.1920 trans=7.04
  Choice 2: inliner= 32 score=0.647 density=19.434 rad=3.0762 trans=26.12
  -> Best GT Match: Choice 1 (rad=1.1920 trans=7.04 INVALID)
[GT AUDIT] Edge 5-16 (GT=1) Candidates: 2
  Choice 1: inliner=  0 score=11.000 density=0.000 rad=3.0856 trans=109.86
  Choice 2: inliner= 85 score=0.508 density=56.379 rad=0.5237 trans=26.27 [INV]
  -> Best GT Match: Choice 2 (rad=0.5237 trans=26.27 INVALID) [INV]
[GT AUDIT] Edge 5-23 (GT=1) Candidates: 2
  Choice 1: inliner= 53 score=0.423 density=37.247 rad=0.0891 trans=5.61 [INV] [VALID GT MATCH]
  Choice 2: inliner= 40 score=0.510 density=26.485 rad=0.2259 trans=24.30 [INV] [VALID GT MATCH]
  -> Best GT Match: Choice 1 (rad=0.0891 trans=5.61 VALID) [INV]
[GT AUDIT] Edge 6-8 (GT=1) Candidates: 5
  Choice 1: inliner= 38 score=0.489 density=25.519 rad=0.0929 trans=9.35 [VALID GT MATCH]
  Choice 2: inliner= 32 score=0.851 density=17.285 rad=2.6859 trans=24.67 [INV]
  Choice 3: inliner= 28 score=0.477 density=18.953 rad=0.4235 trans=9.39
  Choice 4: inliner= 44 score=0.729 density=25.442 rad=3.0210 trans=22.95 [INV]
  Choice 5: inliner= 24 score=1.703 density=8.878 rad=3.0244 trans=12.15 [INV]
  -> Best GT Match: Choice 1 (rad=0.0929 trans=9.35 VALID)
[GT AUDIT] Edge 6-9 (GT=1) Candidates: 3
  Choice 1: inliner=  2 score=11.000 density=0.167 rad=2.9698 trans=126.01 [INV]
  Choice 2: inliner= 54 score=0.399 density=38.593 rad=1.8252 trans=17.18 [INV]
  Choice 3: inliner= 28 score=0.360 density=20.595 rad=0.0410 trans=3.10 [VALID GT MATCH]
  -> Best GT Match: Choice 3 (rad=0.0410 trans=3.10 VALID)
[GT AUDIT] Edge 6-23 (GT=1) Candidates: 3
  Choice 1: inliner= 45 score=0.321 density=34.059 rad=0.0619 trans=7.86 [INV] [VALID GT MATCH]
  Choice 2: inliner= 30 score=0.327 density=22.616 rad=2.8364 trans=141.22
  Choice 3: inliner= 22 score=0.708 density=12.878 rad=2.7739 trans=149.55
  -> Best GT Match: Choice 1 (rad=0.0619 trans=7.86 VALID) [INV]
[GT AUDIT] Edge 7-10 (GT=1) Candidates: 5
  Choice 1: inliner=  0 score=11.000 density=0.000 rad=3.0304 trans=47.55 [INV]
  Choice 2: inliner= 38 score=0.319 density=28.805 rad=0.1308 trans=11.36 [INV] [VALID GT MATCH]
  Choice 3: inliner= 42 score=0.355 density=30.992 rad=2.7997 trans=26.53
  Choice 4: inliner= 46 score=0.507 density=30.514 rad=1.8307 trans=16.95 [INV]
  Choice 5: inliner= 48 score=0.505 density=31.903 rad=2.9540 trans=44.07
  -> Best GT Match: Choice 2 (rad=0.1308 trans=11.36 VALID) [INV]
[GT AUDIT] Edge 7-15 (GT=1) Candidates: 3
  Choice 1: inliner= 18 score=0.608 density=11.196 rad=0.3830 trans=95.51
  Choice 2: inliner= 34 score=0.384 density=24.566 rad=0.4311 trans=98.31
  Choice 3: inliner= 36 score=0.318 density=27.305 rad=0.9613 trans=135.00
  -> Best GT Match: Choice 1 (rad=0.3830 trans=95.51 INVALID)
[GT AUDIT] Edge 7-17 (GT=1) Candidates: 6
  Choice 1: inliner= 30 score=0.521 density=19.720 rad=1.7584 trans=86.62
  Choice 2: inliner= 40 score=0.252 density=31.956 rad=1.4697 trans=82.28
  Choice 3: inliner= 28 score=0.435 density=19.515 rad=1.3226 trans=91.24
  Choice 4: inliner= 26 score=0.600 density=16.246 rad=0.6268 trans=85.74
  Choice 5: inliner= 28 score=0.614 density=17.352 rad=0.4611 trans=17.23 [INV]
  Choice 6: inliner= 32 score=0.553 density=20.605 rad=0.1748 trans=7.86 [INV] [VALID GT MATCH]
  -> Best GT Match: Choice 6 (rad=0.1748 trans=7.86 VALID) [INV]
[GT AUDIT] Edge 7-21 (GT=1) Candidates: 2
  Choice 1: inliner= 59 score=0.408 density=41.894 rad=0.2485 trans=11.11 [INV] [VALID GT MATCH]
  Choice 2: inliner= 26 score=0.507 density=17.253 rad=0.9623 trans=57.49 [INV]
  -> Best GT Match: Choice 1 (rad=0.2485 trans=11.11 VALID) [INV]
[GT AUDIT] Edge 8-10 (GT=1) Candidates: 2
  Choice 1: inliner= 40 score=0.266 density=31.586 rad=0.0352 trans=0.95 [INV] [VALID GT MATCH]
  Choice 2: inliner= 48 score=0.512 density=31.753 rad=1.5790 trans=25.05
  -> Best GT Match: Choice 1 (rad=0.0352 trans=0.95 VALID) [INV]
[GT AUDIT] Edge 8-11 (GT=1) Candidates: 5
  Choice 1: inliner=  0 score=11.000 density=0.000 rad=3.0558 trans=149.70 [INV]
  Choice 2: inliner= 32 score=0.513 density=21.156 rad=3.0604 trans=154.93
  Choice 3: inliner= 34 score=0.448 density=23.488 rad=0.2434 trans=17.00 [INV] [VALID GT MATCH]
  Choice 4: inliner= 40 score=0.357 density=29.466 rad=1.3375 trans=139.14
  Choice 5: inliner= 44 score=0.382 density=31.849 rad=1.4242 trans=140.92
  -> Best GT Match: Choice 3 (rad=0.2434 trans=17.00 VALID) [INV]
[GT AUDIT] Edge 8-13 (GT=1) Candidates: 11
  Choice 1: inliner= 50 score=0.504 density=33.239 rad=0.0864 trans=8.54 [INV] [VALID GT MATCH]
  Choice 2: inliner= 30 score=0.685 density=17.800 rad=0.3381 trans=31.86 [INV] [VALID GT MATCH]
  Choice 3: inliner= 26 score=0.305 density=19.919 rad=2.9672 trans=153.74 [INV]
  Choice 4: inliner= 36 score=0.714 density=21.003 rad=2.9084 trans=11.84
  Choice 5: inliner= 48 score=0.538 density=31.206 rad=3.0182 trans=145.52 [INV]
  Choice 6: inliner= 46 score=0.491 density=30.847 rad=0.9799 trans=123.42 [INV]
  Choice 7: inliner= 38 score=0.593 density=23.853 rad=0.7894 trans=139.06 [INV]
  Choice 8: inliner= 40 score=0.583 density=25.262 rad=3.1175 trans=10.79
  Choice 9: inliner= 38 score=0.349 density=28.175 rad=1.4068 trans=44.97
  Choice 10: inliner= 28 score=0.539 density=18.189 rad=1.2029 trans=7.21
  Choice 11: inliner= 44 score=0.522 density=28.918 rad=1.4060 trans=28.32 [INV]
  -> Best GT Match: Choice 1 (rad=0.0864 trans=8.54 VALID) [INV]
[GT AUDIT] Edge 8-18 (GT=1) Candidates: 2
  Choice 1: inliner=  0 score=11.000 density=0.000 rad=2.5543 trans=98.55 [INV]
  Choice 2: inliner= 46 score=0.474 density=31.198 rad=0.9575 trans=45.21
  -> Best GT Match: Choice 2 (rad=0.9575 trans=45.21 INVALID)
[GT AUDIT] Edge 8-23 (GT=1) Candidates: 1
  Choice 1: inliner= 47 score=0.284 density=36.615 rad=0.0983 trans=14.85 [VALID GT MATCH]
  -> Best GT Match: Choice 1 (rad=0.0983 trans=14.85 VALID)
[GT AUDIT] Edge 9-11 (GT=1) Candidates: 3
  Choice 1: inliner= 54 score=0.553 density=34.763 rad=1.6469 trans=21.28
  Choice 2: inliner= 74 score=0.418 density=52.195 rad=1.5636 trans=22.31
  Choice 3: inliner= 34 score=0.396 density=24.359 rad=0.0985 trans=8.73 [INV] [VALID GT MATCH]
  -> Best GT Match: Choice 3 (rad=0.0985 trans=8.73 VALID) [INV]
[GT AUDIT] Edge 9-15 (GT=1) Candidates: 1
  Choice 1: inliner= 96 score=0.332 density=72.098 rad=0.0248 trans=4.35 [VALID GT MATCH]
  -> Best GT Match: Choice 1 (rad=0.0248 trans=4.35 VALID)
[GT AUDIT] Edge 9-24 (GT=1) Candidates: 4
  Choice 1: inliner= 30 score=0.431 density=20.971 rad=1.8681 trans=117.28 [INV]
  Choice 2: inliner= 28 score=0.703 density=16.445 rad=2.5446 trans=122.84 [INV]
  Choice 3: inliner= 32 score=0.648 density=19.415 rad=2.8146 trans=67.12
  Choice 4: inliner=  0 score=11.000 density=0.000 rad=0.2933 trans=14.28 [INV] [VALID GT MATCH]
  -> Best GT Match: Choice 4 (rad=0.2933 trans=14.28 VALID) [INV]
[GT AUDIT] Edge 10-11 (GT=1) Candidates: 2
  Choice 1: inliner= 22 score=0.273 density=17.276 rad=0.0436 trans=3.31 [INV] [VALID GT MATCH]
  Choice 2: inliner= 46 score=0.414 density=32.542 rad=3.0453 trans=21.63
  -> Best GT Match: Choice 1 (rad=0.0436 trans=3.31 VALID) [INV]
[GT AUDIT] Edge 10-13 (GT=1) Candidates: 4
  Choice 1: inliner= 28 score=0.680 density=16.669 rad=1.0983 trans=140.91 [INV]
  Choice 2: inliner= 38 score=0.437 density=26.440 rad=0.3168 trans=41.91 [INV] [VALID GT MATCH]
  Choice 3: inliner= 20 score=0.479 density=13.524 rad=0.0265 trans=4.63 [INV] [VALID GT MATCH]
  Choice 4: inliner= 46 score=0.320 density=34.850 rad=1.0269 trans=8.38 [INV]
  -> Best GT Match: Choice 3 (rad=0.0265 trans=4.63 VALID) [INV]
[GT AUDIT] Edge 10-17 (GT=1) Candidates: 1
  Choice 1: inliner= 36 score=0.352 density=26.626 rad=1.4810 trans=23.75 [INV]
  -> Best GT Match: Choice 1 (rad=1.4810 trans=23.75 INVALID) [INV]
[GT AUDIT] Edge 11-15 (GT=1) Candidates: 3
  Choice 1: inliner= 36 score=0.374 density=26.203 rad=2.6029 trans=19.85
  Choice 2: inliner= 51 score=0.494 density=34.146 rad=1.1611 trans=21.90 [INV]
  Choice 3: inliner= 40 score=0.386 density=28.851 rad=0.5928 trans=15.98 [INV]
  -> Best GT Match: Choice 3 (rad=0.5928 trans=15.98 INVALID) [INV]
[GT AUDIT] Edge 11-17 (GT=1) Candidates: 5
  Choice 1: inliner=  6 score=0.648 density=3.641 rad=1.3489 trans=68.03 [INV]
  Choice 2: inliner= 34 score=0.286 density=26.430 rad=1.7506 trans=8.75 [INV]
  Choice 3: inliner= 73 score=0.342 density=54.386 rad=0.1345 trans=3.89 [INV] [VALID GT MATCH]
  Choice 4: inliner= 65 score=0.384 density=46.982 rad=0.2182 trans=7.69 [INV] [VALID GT MATCH]
  Choice 5: inliner= 42 score=0.412 density=29.748 rad=0.5570 trans=33.28 [INV]
  -> Best GT Match: Choice 3 (rad=0.1345 trans=3.89 VALID) [INV]
[GT AUDIT] Edge 11-21 (GT=1) Candidates: 5
  Choice 1: inliner= 36 score=0.432 density=25.144 rad=1.3698 trans=96.26
  Choice 2: inliner= 20 score=0.502 density=13.314 rad=1.5710 trans=102.72
  Choice 3: inliner= 34 score=0.693 density=20.086 rad=1.9739 trans=90.67
  Choice 4: inliner= 32 score=0.431 density=22.360 rad=0.7430 trans=59.46
  Choice 5: inliner= 65 score=0.370 density=47.447 rad=0.6991 trans=44.41
  -> Best GT Match: Choice 5 (rad=0.6991 trans=44.41 INVALID)
[GT AUDIT] Edge 12-14 (GT=1) Candidates: 1
  Choice 1: inliner= 32 score=0.442 density=22.189 rad=0.1488 trans=4.35 [INV] [VALID GT MATCH]
  -> Best GT Match: Choice 1 (rad=0.1488 trans=4.35 VALID) [INV]
[GT AUDIT] Edge 13-18 (GT=1) Candidates: 1
  Choice 1: inliner= 51 score=0.314 density=38.825 rad=2.8394 trans=106.01
  -> Best GT Match: Choice 1 (rad=2.8394 trans=106.01 INVALID)
[GT AUDIT] Edge 13-19 (GT=1) Candidates: 5
  Choice 1: inliner= 28 score=0.251 density=22.385 rad=2.9531 trans=26.35 [INV]
  Choice 2: inliner= 42 score=0.404 density=29.906 rad=3.0453 trans=18.44 [INV]
  Choice 3: inliner= 46 score=0.348 density=34.118 rad=0.1683 trans=11.36 [VALID GT MATCH]
  Choice 4: inliner= 36 score=0.395 density=25.809 rad=0.1256 trans=16.46 [INV] [VALID GT MATCH]
  Choice 5: inliner= 36 score=0.639 density=21.971 rad=2.9752 trans=34.36
  -> Best GT Match: Choice 4 (rad=0.1256 trans=16.46 VALID) [INV]
[GT AUDIT] Edge 13-23 (GT=1) Candidates: 2
  Choice 1: inliner= 42 score=0.286 density=32.661 rad=0.0870 trans=10.78 [INV] [VALID GT MATCH]
  Choice 2: inliner= 40 score=0.232 density=32.468 rad=1.0146 trans=24.04
  -> Best GT Match: Choice 1 (rad=0.0870 trans=10.78 VALID) [INV]
[GT AUDIT] Edge 13-26 (GT=1) Candidates: 1
  Choice 1: inliner= 26 score=0.494 density=17.404 rad=1.1688 trans=45.82 [INV]
  -> Best GT Match: Choice 1 (rad=1.1688 trans=45.82 INVALID) [INV]
[GT AUDIT] Edge 14-16 (GT=1) Candidates: 1
  Choice 1: inliner= 70 score=0.204 density=58.159 rad=0.0336 trans=0.60 [INV] [VALID GT MATCH]
  -> Best GT Match: Choice 1 (rad=0.0336 trans=0.60 VALID) [INV]
[GT AUDIT] Edge 14-28 (GT=1) Candidates: 2
  Choice 1: inliner= 28 score=0.517 density=18.463 rad=2.3055 trans=26.14
  Choice 2: inliner=  6 score=0.515 density=3.961 rad=2.2093 trans=38.50
  -> Best GT Match: Choice 2 (rad=2.2093 trans=38.50 INVALID)
[GT AUDIT] Edge 15-21 (GT=1) Candidates: 3
  Choice 1: inliner= 28 score=0.454 density=19.254 rad=0.3243 trans=148.52
  Choice 2: inliner= 40 score=0.319 density=30.322 rad=2.5941 trans=87.99
  Choice 3: inliner= 54 score=0.320 density=40.907 rad=2.7615 trans=95.38
  -> Best GT Match: Choice 1 (rad=0.3243 trans=148.52 INVALID)
[GT AUDIT] Edge 15-25 (GT=1) Candidates: 1
  Choice 1: inliner= 28 score=0.561 density=17.936 rad=2.8963 trans=80.74 [INV]
  -> Best GT Match: Choice 1 (rad=2.8963 trans=80.74 INVALID) [INV]
[GT AUDIT] Edge 17-21 (GT=1) Candidates: 4
  Choice 1: inliner= 20 score=0.709 density=11.701 rad=1.9079 trans=72.24
  Choice 2: inliner= 22 score=0.484 density=14.825 rad=1.4331 trans=39.85
  Choice 3: inliner= 30 score=0.618 density=18.546 rad=1.1117 trans=29.78 [INV]
  Choice 4: inliner= 32 score=0.776 density=18.016 rad=2.4928 trans=62.20
  -> Best GT Match: Choice 3 (rad=1.1117 trans=29.78 INVALID) [INV]
[GT AUDIT] Edge 20-24 (GT=1) Candidates: 3
  Choice 1: inliner= 30 score=0.524 density=19.684 rad=0.4425 trans=54.69 [INV]
  Choice 2: inliner= 18 score=0.374 density=13.105 rad=0.0366 trans=84.38
  Choice 3: inliner= 32 score=0.555 density=20.579 rad=0.4246 trans=41.60 [INV]
  -> Best GT Match: Choice 2 (rad=0.0366 trans=84.38 INVALID)
[GT AUDIT] Edge 24-25 (GT=1) Candidates: 1
  Choice 1: inliner= 22 score=0.474 density=14.927 rad=0.0684 trans=3.06 [INV] [VALID GT MATCH]
  -> Best GT Match: Choice 1 (rad=0.0684 trans=3.06 VALID) [INV]

--- GT CANDIDATE SUMMARY ---
    Edge  Cands   Best       Rad     Trans  Inv?      Status
   1-2     12     12    0.0618      4.03     Y       VALID
   1-3      9      9    0.2370      9.05     Y       VALID
   1-5     17      3    0.0203     11.44     N       VALID
   1-6     11      4    0.0597      4.08     Y       VALID
   1-9      1      1    0.0399      6.00     N       VALID
   1-12      7      1    0.1514      7.62     Y       VALID
   1-20      9      7    0.0279      1.57     Y       VALID
   2-3     11      2    0.0552      4.21     Y       VALID
   2-7      9      6    0.0204      0.62     Y       VALID
   2-10      9      6    0.1859     12.58     Y       VALID
   2-13      7      6    0.0492      3.52     Y       VALID
   2-19      3      3    0.0946     16.23     N       VALID
   2-20      6      2    0.0324      3.43     Y       VALID
   3-12      5      3    0.0288      1.50     Y       VALID
   3-14      4      1    0.0597      1.65     Y       VALID
   3-16      7      3    0.0850      5.36     Y       VALID
   3-19      6      6    0.0438      4.43     N       VALID
   3-28      2      2    2.9214     39.79     N     INVALID
   4-6      3      2    0.0149      2.75     Y       VALID
   4-8      5      3    0.0734      3.58     Y       VALID
   4-9      2      2    0.0594      4.64     Y       VALID
   4-11      2      1    0.0207      1.27     Y       VALID
   5-6     16      9    0.0605      1.72     Y       VALID
   5-12      6      1    0.0385      2.99     N       VALID
   5-14      2      1    1.1920      7.04     N     INVALID
   5-16      2      2    0.5237     26.27     Y     INVALID
   5-23      2      1    0.0891      5.61     Y       VALID
   6-8      5      1    0.0929      9.35     N       VALID
   6-9      3      3    0.0410      3.10     N       VALID
   6-23      3      1    0.0619      7.86     Y       VALID
   7-10      5      2    0.1308     11.36     Y       VALID
   7-15      3      1    0.3830     95.51     N     INVALID
   7-17      6      6    0.1748      7.86     Y       VALID
   7-21      2      1    0.2485     11.11     Y       VALID
   8-10      2      1    0.0352      0.95     Y       VALID
   8-11      5      3    0.2434     17.00     Y       VALID
   8-13     11      1    0.0864      8.54     Y       VALID
   8-18      2      2    0.9575     45.21     N     INVALID
   8-23      1      1    0.0983     14.85     N       VALID
   9-11      3      3    0.0985      8.73     Y       VALID
   9-15      1      1    0.0248      4.35     N       VALID
   9-24      4      4    0.2933     14.28     Y       VALID
  10-11      2      1    0.0436      3.31     Y       VALID
  10-13      4      3    0.0265      4.63     Y       VALID
  10-17      1      1    1.4810     23.75     Y     INVALID
  11-15      3      3    0.5928     15.98     Y     INVALID
  11-17      5      3    0.1345      3.89     Y       VALID
  11-21      5      5    0.6991     44.41     N     INVALID
  12-14      1      1    0.1488      4.35     Y       VALID
  13-18      1      1    2.8394    106.01     N     INVALID
  13-19      5      4    0.1256     16.46     Y       VALID
  13-23      2      1    0.0870     10.78     Y       VALID
  13-26      1      1    1.1688     45.82     Y     INVALID
  14-16      1      1    0.0336      0.60     Y       VALID
  14-28      2      2    2.2093     38.50     N     INVALID
  15-21      3      1    0.3243    148.52     N     INVALID
  15-25      1      1    2.8963     80.74     Y     INVALID
  17-21      4      3    1.1117     29.78     Y     INVALID
  20-24      3      2    0.0366     84.38     N     INVALID
  24-25      1      1    0.0684      3.06     Y       VALID
Total GT edges: 60 | Valid GT Matches: 45 | Missing/Invalid: 15
######################################################################

--- SELECTED GT SPANNING TREE EDGES ---

=== COMPUTING MAXIMUM SPANNING TREE FOR POT E GT ===
  Spanning Tree Edge: Shard 1 - Shard 2 (Choice 2) [HARDCODED]
  Spanning Tree Edge: Shard 1 - Shard 5 (Choice 1) [HARDCODED]
  Spanning Tree Edge: Shard 3 - Shard 7 (Choice 3) [HARDCODED]
  Spanning Tree Edge: Shard 1 - Shard 3 (Choice 9) [HARDCODED]
  Spanning Tree Edge: Shard 7 - Shard 8 (Choice 4) [HARDCODED]
  Spanning Tree Edge: Shard 2 - Shard 4 (Choice 3) [HARDCODED]
  Spanning Tree Edge: Shard 4 - Shard 9 (Choice 8) [HARDCODED]
  Spanning Tree Edge: Shard 9 - Shard 10 (Choice 3) [HARDCODED]
Maximum Spanning Tree completed with 8 edges.
====================================================

---------------------------------------

==============================================
       GROUND TRUTH GA FITNESS AUDIT          
==============================================
  Total Fitness Score:         -12319.31
  Inlier Reward (+):           94.16
  Connectivity Reward (+):     0.00
  Consensus Reward (+):        0.00
  Cycle Penalty (-):           0.00
  Overlap Penalty (-):         913.47
  Edge Residual Penalty (-):   0.00
  Edge Rot Residual Penalty (-): 0.00
  Component Penalty (-):       11500.00
  Active Pairs (Edges):        4
==============================================

--- COLLISION AUDIT [GROUND TRUTH] ---
  Fitness overlap penalty: 913.4672
  Recomputed indexed overlap sum: 913.4672 (delta=0.0000)
  Pair counts: total=374 same_comp=6 broad_reject=0 narrow_checked=6 active=5
  Pair (0,6): center_dist=151.303 broad_radius=203.885 min_nn=18.719 hits=0/3817 hit_ratio=0.000 avg_depth=0.000 pair_pen=0.000 [OK] NARROW-PHASE CLEAR
  Pair (1,2): center_dist=95.098 broad_radius=177.889 min_nn=0.711 hits=2/3536 hit_ratio=0.001 avg_depth=0.160 pair_pen=0.000 [OK] NARROW-PHASE CLEAR
  Pair (1,4): center_dist=21.690 broad_radius=163.713 min_nn=0.209 hits=191/3536 hit_ratio=0.063 avg_depth=0.289 pair_pen=251.163 [!!!] ACTIVE COLLISION UNRESOLVED
  Pair (1,6): center_dist=9.011 broad_radius=152.987 min_nn=0.112 hits=69/1969 hit_ratio=0.035 avg_depth=0.249 pair_pen=140.173 [!!!] ACTIVE COLLISION UNRESOLVED
  Pair (2,4): center_dist=94.542 broad_radius=172.485 min_nn=0.515 hits=5/3591 hit_ratio=0.002 avg_depth=0.224 pair_pen=0.000 [OK] NARROW-PHASE CLEAR
  Pair (4,6): center_dist=29.084 broad_radius=147.583 min_nn=0.514 hits=30/3010 hit_ratio=0.015 avg_depth=0.188 pair_pen=60.945 [!!!] ACTIVE COLLISION UNRESOLVED

=== CONSENSUS SUPPORT DIAGNOSTICS [GROUND TRUTH] ===
  Active Spanning Tree Component: 5 shards.
  Shard 1 (Root Shard):
    Alternative Pair with Shard 2 (ACTIVE IN TREE) [SKIPPED]
    Alternative Pair with Shard 3 (ACTIVE IN TREE) [SKIPPED]
    Alternative Pair with Shard 5 (ACTIVE IN TREE) [SKIPPED]
    Alternative Pair with Shard 7 (NOT ACTIVE IN TREE):
      Candidate choice=1 inlier=30 | RotErr = 3.0447 rad (174.4465 deg) | TransErr = 61.29 mm [FAILS]
      Candidate choice=2 inlier=32 | RotErr = 3.0107 rad (172.5001 deg) | TransErr = 89.92 mm [FAILS]
      Candidate choice=3 inlier=42 | RotErr = 2.8778 rad (164.8862 deg) | TransErr = 63.38 mm [FAILS]
      Candidate choice=4 inlier=54 | RotErr = 0.8945 rad (51.2507 deg) | TransErr = 200.80 mm [FAILS]
      Candidate choice=5 inlier=48 | RotErr = 0.9858 rad (56.4795 deg) | TransErr = 184.79 mm [FAILS]
      Candidate choice=6 inlier=34 | RotErr = 1.3551 rad (77.6400 deg) | TransErr = 132.31 mm [FAILS]
  Shard 2 (placed by parent 1):
    Alternative Pair with Shard 1 (ACTIVE IN TREE) [SKIPPED]
    Alternative Pair with Shard 3 (NOT ACTIVE IN TREE):
      Candidate choice=1 inlier=56 | RotErr = 3.0172 rad (172.8718 deg) | TransErr = 172.37 mm [FAILS]
      Candidate choice=2 inlier=54 | RotErr = 3.0491 rad (174.7008 deg) | TransErr = 177.60 mm [FAILS]
      Candidate choice=3 inlier=30 | RotErr = 2.9214 rad (167.3866 deg) | TransErr = 238.78 mm [FAILS]
      Candidate choice=4 inlier=30 | RotErr = 3.1130 rad (178.3609 deg) | TransErr = 287.81 mm [FAILS]
      Candidate choice=5 inlier=26 | RotErr = 0.2955 rad (16.9331 deg) | TransErr = 70.40 mm [FAILS]
      Candidate choice=6 inlier=0 | RotErr = 3.1109 rad (178.2407 deg) | TransErr = 97.02 mm [FAILS]
      Candidate choice=7 inlier=36 | RotErr = 1.1173 rad (64.0176 deg) | TransErr = 88.12 mm [FAILS]
      Candidate choice=8 inlier=36 | RotErr = 2.8003 rad (160.4467 deg) | TransErr = 113.54 mm [FAILS]
      Candidate choice=9 inlier=30 | RotErr = 2.8198 rad (161.5650 deg) | TransErr = 186.56 mm [FAILS]
      Candidate choice=10 inlier=22 | RotErr = 2.7516 rad (157.6543 deg) | TransErr = 178.91 mm [FAILS]
      Candidate choice=11 inlier=18 | RotErr = 3.0718 rad (175.9989 deg) | TransErr = 173.44 mm [FAILS]
    Alternative Pair with Shard 5 (NOT ACTIVE IN TREE):
      Candidate choice=1 inlier=38 | RotErr = 3.0205 rad (173.0609 deg) | TransErr = 172.46 mm [FAILS]
      Candidate choice=2 inlier=73 | RotErr = 1.3606 rad (77.9546 deg) | TransErr = 29.48 mm [FAILS]
      Candidate choice=3 inlier=0 | RotErr = 2.9584 rad (169.5039 deg) | TransErr = 280.46 mm [FAILS]
      Candidate choice=4 inlier=36 | RotErr = 0.4432 rad (25.3920 deg) | TransErr = 106.92 mm [FAILS]
      Candidate choice=5 inlier=38 | RotErr = 2.0856 rad (119.4961 deg) | TransErr = 61.56 mm [FAILS]
      Candidate choice=6 inlier=44 | RotErr = 2.1748 rad (124.6076 deg) | TransErr = 36.43 mm [FAILS]
    Alternative Pair with Shard 7 (NOT ACTIVE IN TREE):
      Candidate choice=1 inlier=0 | RotErr = 3.1011 rad (177.6823 deg) | TransErr = 128.17 mm [FAILS]
      Candidate choice=2 inlier=42 | RotErr = 2.9267 rad (167.6878 deg) | TransErr = 357.43 mm [FAILS]
      Candidate choice=3 inlier=28 | RotErr = 1.0655 rad (61.0485 deg) | TransErr = 110.52 mm [FAILS]
      Candidate choice=4 inlier=107 | RotErr = 3.0127 rad (172.6171 deg) | TransErr = 359.87 mm [FAILS]
      Candidate choice=5 inlier=40 | RotErr = 0.1409 rad (8.0757 deg) | TransErr = 85.50 mm [FAILS]
      Candidate choice=6 inlier=147 | RotErr = 3.0977 rad (177.4831 deg) | TransErr = 364.09 mm [FAILS]
      Candidate choice=7 inlier=42 | RotErr = 3.1373 rad (179.7533 deg) | TransErr = 376.60 mm [FAILS]
      Candidate choice=8 inlier=40 | RotErr = 3.0169 rad (172.8566 deg) | TransErr = 316.31 mm [FAILS]
      Candidate choice=9 inlier=32 | RotErr = 1.2681 rad (72.6561 deg) | TransErr = 81.84 mm [FAILS]
  Shard 3 (placed by parent 1):
    Alternative Pair with Shard 1 (ACTIVE IN TREE) [SKIPPED]
    Alternative Pair with Shard 2 (NOT ACTIVE IN TREE):
      Candidate choice=1 inlier=56 | RotErr = 3.0172 rad (172.8718 deg) | TransErr = 172.37 mm [FAILS]
      Candidate choice=2 inlier=54 | RotErr = 3.0491 rad (174.7008 deg) | TransErr = 177.60 mm [FAILS]
      Candidate choice=3 inlier=30 | RotErr = 2.9214 rad (167.3866 deg) | TransErr = 238.78 mm [FAILS]
      Candidate choice=4 inlier=30 | RotErr = 3.1130 rad (178.3609 deg) | TransErr = 287.81 mm [FAILS]
      Candidate choice=5 inlier=26 | RotErr = 0.2955 rad (16.9331 deg) | TransErr = 70.40 mm [FAILS]
      Candidate choice=6 inlier=0 | RotErr = 3.1109 rad (178.2407 deg) | TransErr = 97.02 mm [FAILS]
      Candidate choice=7 inlier=36 | RotErr = 1.1173 rad (64.0176 deg) | TransErr = 88.12 mm [FAILS]
      Candidate choice=8 inlier=36 | RotErr = 2.8003 rad (160.4467 deg) | TransErr = 113.54 mm [FAILS]
      Candidate choice=9 inlier=30 | RotErr = 2.8198 rad (161.5650 deg) | TransErr = 186.56 mm [FAILS]
      Candidate choice=10 inlier=22 | RotErr = 2.7516 rad (157.6543 deg) | TransErr = 178.91 mm [FAILS]
      Candidate choice=11 inlier=18 | RotErr = 3.0718 rad (175.9989 deg) | TransErr = 173.44 mm [FAILS]
    Alternative Pair with Shard 5 (NOT ACTIVE IN TREE):
      Candidate choice=1 inlier=44 | RotErr = 3.0854 rad (176.7786 deg) | TransErr = 200.69 mm [FAILS]
      Candidate choice=2 inlier=36 | RotErr = 3.0624 rad (175.4604 deg) | TransErr = 187.92 mm [FAILS]
      Candidate choice=3 inlier=20 | RotErr = 3.0774 rad (176.3211 deg) | TransErr = 306.91 mm [FAILS]
      Candidate choice=4 inlier=20 | RotErr = 2.9488 rad (168.9549 deg) | TransErr = 196.13 mm [FAILS]
      Candidate choice=5 inlier=34 | RotErr = 2.9791 rad (170.6892 deg) | TransErr = 202.37 mm [FAILS]
      Candidate choice=6 inlier=32 | RotErr = 2.0691 rad (118.5502 deg) | TransErr = 92.55 mm [FAILS]
      Candidate choice=7 inlier=26 | RotErr = 2.9519 rad (169.1291 deg) | TransErr = 201.52 mm [FAILS]
      Candidate choice=8 inlier=44 | RotErr = 3.0000 rad (171.8893 deg) | TransErr = 187.74 mm [FAILS]
    Alternative Pair with Shard 7 (ACTIVE IN TREE) [SKIPPED]
  Shard 5 (placed by parent 1):
    Alternative Pair with Shard 1 (ACTIVE IN TREE) [SKIPPED]
    Alternative Pair with Shard 2 (NOT ACTIVE IN TREE):
      Candidate choice=1 inlier=38 | RotErr = 3.0205 rad (173.0609 deg) | TransErr = 172.46 mm [FAILS]
      Candidate choice=2 inlier=73 | RotErr = 1.3606 rad (77.9546 deg) | TransErr = 29.48 mm [FAILS]
      Candidate choice=3 inlier=0 | RotErr = 2.9584 rad (169.5039 deg) | TransErr = 280.46 mm [FAILS]
      Candidate choice=4 inlier=36 | RotErr = 0.4432 rad (25.3920 deg) | TransErr = 106.92 mm [FAILS]
      Candidate choice=5 inlier=38 | RotErr = 2.0856 rad (119.4961 deg) | TransErr = 61.56 mm [FAILS]
      Candidate choice=6 inlier=44 | RotErr = 2.1748 rad (124.6076 deg) | TransErr = 36.43 mm [FAILS]
    Alternative Pair with Shard 3 (NOT ACTIVE IN TREE):
      Candidate choice=1 inlier=44 | RotErr = 3.0854 rad (176.7786 deg) | TransErr = 200.69 mm [FAILS]
      Candidate choice=2 inlier=36 | RotErr = 3.0624 rad (175.4604 deg) | TransErr = 187.92 mm [FAILS]
      Candidate choice=3 inlier=20 | RotErr = 3.0774 rad (176.3211 deg) | TransErr = 306.91 mm [FAILS]
      Candidate choice=4 inlier=20 | RotErr = 2.9488 rad (168.9549 deg) | TransErr = 196.13 mm [FAILS]
      Candidate choice=5 inlier=34 | RotErr = 2.9791 rad (170.6892 deg) | TransErr = 202.37 mm [FAILS]
      Candidate choice=6 inlier=32 | RotErr = 2.0691 rad (118.5502 deg) | TransErr = 92.55 mm [FAILS]
      Candidate choice=7 inlier=26 | RotErr = 2.9519 rad (169.1291 deg) | TransErr = 201.52 mm [FAILS]
      Candidate choice=8 inlier=44 | RotErr = 3.0000 rad (171.8893 deg) | TransErr = 187.74 mm [FAILS]
    Alternative Pair with Shard 7 (NOT ACTIVE IN TREE):
      Candidate choice=1 inlier=4 | RotErr = 3.1282 rad (179.2343 deg) | TransErr = 164.61 mm [FAILS]
      Candidate choice=2 inlier=0 | RotErr = 0.6345 rad (36.3518 deg) | TransErr = 131.84 mm [FAILS]
      Candidate choice=3 inlier=40 | RotErr = 0.9638 rad (55.2189 deg) | TransErr = 90.10 mm [FAILS]
      Candidate choice=4 inlier=50 | RotErr = 2.9394 rad (168.4154 deg) | TransErr = 367.92 mm [FAILS]
      Candidate choice=5 inlier=30 | RotErr = 0.4609 rad (26.4061 deg) | TransErr = 106.88 mm [FAILS]
      Candidate choice=6 inlier=40 | RotErr = 2.9859 rad (171.0810 deg) | TransErr = 380.11 mm [FAILS]
      Candidate choice=7 inlier=54 | RotErr = 2.8470 rad (163.1225 deg) | TransErr = 378.24 mm [FAILS]
  Shard 7 (placed by parent 3):
    Alternative Pair with Shard 1 (NOT ACTIVE IN TREE):
      Candidate choice=1 inlier=30 | RotErr = 3.0447 rad (174.4465 deg) | TransErr = 61.29 mm [FAILS]
      Candidate choice=2 inlier=32 | RotErr = 3.0107 rad (172.5001 deg) | TransErr = 89.92 mm [FAILS]
      Candidate choice=3 inlier=42 | RotErr = 2.8778 rad (164.8862 deg) | TransErr = 63.38 mm [FAILS]
      Candidate choice=4 inlier=54 | RotErr = 0.8945 rad (51.2507 deg) | TransErr = 200.80 mm [FAILS]
      Candidate choice=5 inlier=48 | RotErr = 0.9858 rad (56.4795 deg) | TransErr = 184.79 mm [FAILS]
      Candidate choice=6 inlier=34 | RotErr = 1.3551 rad (77.6400 deg) | TransErr = 132.31 mm [FAILS]
    Alternative Pair with Shard 2 (NOT ACTIVE IN TREE):
      Candidate choice=1 inlier=0 | RotErr = 3.1011 rad (177.6823 deg) | TransErr = 128.17 mm [FAILS]
      Candidate choice=2 inlier=42 | RotErr = 2.9267 rad (167.6878 deg) | TransErr = 357.43 mm [FAILS]
      Candidate choice=3 inlier=28 | RotErr = 1.0655 rad (61.0485 deg) | TransErr = 110.52 mm [FAILS]
      Candidate choice=4 inlier=107 | RotErr = 3.0127 rad (172.6171 deg) | TransErr = 359.87 mm [FAILS]
      Candidate choice=5 inlier=40 | RotErr = 0.1409 rad (8.0757 deg) | TransErr = 85.50 mm [FAILS]
      Candidate choice=6 inlier=147 | RotErr = 3.0977 rad (177.4831 deg) | TransErr = 364.09 mm [FAILS]
      Candidate choice=7 inlier=42 | RotErr = 3.1373 rad (179.7533 deg) | TransErr = 376.60 mm [FAILS]
      Candidate choice=8 inlier=40 | RotErr = 3.0169 rad (172.8566 deg) | TransErr = 316.31 mm [FAILS]
      Candidate choice=9 inlier=32 | RotErr = 1.2681 rad (72.6561 deg) | TransErr = 81.84 mm [FAILS]
    Alternative Pair with Shard 3 (ACTIVE IN TREE) [SKIPPED]
    Alternative Pair with Shard 5 (NOT ACTIVE IN TREE):
      Candidate choice=1 inlier=4 | RotErr = 3.1282 rad (179.2343 deg) | TransErr = 164.61 mm [FAILS]
      Candidate choice=2 inlier=0 | RotErr = 0.6345 rad (36.3518 deg) | TransErr = 131.84 mm [FAILS]
      Candidate choice=3 inlier=40 | RotErr = 0.9638 rad (55.2189 deg) | TransErr = 90.10 mm [FAILS]
      Candidate choice=4 inlier=50 | RotErr = 2.9394 rad (168.4154 deg) | TransErr = 367.92 mm [FAILS]
      Candidate choice=5 inlier=30 | RotErr = 0.4609 rad (26.4061 deg) | TransErr = 106.88 mm [FAILS]
      Candidate choice=6 inlier=40 | RotErr = 2.9859 rad (171.0810 deg) | TransErr = 380.11 mm [FAILS]
      Candidate choice=7 inlier=54 | RotErr = 2.8470 rad (163.1225 deg) | TransErr = 378.24 mm [FAILS]
  Total Logged Consensus Reward: 0.00
=========================================================
[GA] === Seed 1 / 5 (seed=43) ===
[GA] Generation 0 best fitness: -257.71
[GA PHEROMONE] Active groups: 18 / 267, Total Pheromone: 88.00
[GA] Generation 1 best fitness: -257.71
[GA] Generation 2 best fitness: 556.65
[GA] Generation 3 best fitness: 556.65
[GA] Generation 4 best fitness: 556.65
[GA] Generation 5 best fitness: 556.65
[GA] Generation 6 best fitness: 556.65
[GA] Generation 7 best fitness: 556.65
[GA] Generation 8 best fitness: 572.52
[GA] Generation 9 best fitness: 732.21
[GA] Generation 10 best fitness: 732.21
[GA PHEROMONE] Active groups: 32 / 267, Total Pheromone: 152.93
[GA] Generation 11 best fitness: 732.21
[GA] Generation 12 best fitness: 801.78
[GA] Generation 13 best fitness: 801.78
[GA] Generation 14 best fitness: 1354.39
[GA] Generation 15 best fitness: 1354.39
[GA] Generation 16 best fitness: 1354.39
[GA] Generation 17 best fitness: 1354.39
[GA] Generation 18 best fitness: 1354.39
[GA] Generation 19 best fitness: 1354.39
[GA] Generation 20 best fitness: 1354.39
[GA PHEROMONE] Active groups: 33 / 267, Total Pheromone: 34.14
[GA] Generation 21 best fitness: 1354.39
[GA] Generation 22 best fitness: 1354.39
[GA] Generation 23 best fitness: 1354.39
[GA] Generation 24 best fitness: 1354.39
[GA] Generation 25 best fitness: 1354.39
[GA] Generation 26 best fitness: 1354.39
[GA] Generation 27 best fitness: 1354.39
[GA] Generation 28 best fitness: 1354.39
[GA] Generation 29 best fitness: 1421.40
[GA] Generation 30 best fitness: 1497.21
[GA PHEROMONE] Active groups: 38 / 267, Total Pheromone: 190.67
[GA] Generation 31 best fitness: 1497.21
[GA] Generation 32 best fitness: 1497.21
[GA] Generation 33 best fitness: 1497.21
[GA] Generation 34 best fitness: 1521.67
[GA] Generation 35 best fitness: 1531.33
[GA] Generation 36 best fitness: 1531.33
[GA] Generation 37 best fitness: 1571.45
[GA] Generation 38 best fitness: 1571.45
[GA] Generation 39 best fitness: 1571.45
[GA] Generation 40 best fitness: 1576.55
[GA PHEROMONE] Active groups: 37 / 267, Total Pheromone: 358.24
[GA] Generation 41 best fitness: 1576.55
[GA] Generation 42 best fitness: 1797.19
[GA] Generation 43 best fitness: 1797.19
[GA] Generation 44 best fitness: 1797.19
[GA] Generation 45 best fitness: 1797.19
[GA] Generation 46 best fitness: 1797.19
[GA] Generation 47 best fitness: 1797.19
[GA] Generation 48 best fitness: 1799.86
[GA] Generation 49 best fitness: 1799.86
[GA] Generation 50 best fitness: 1799.86
[GA PHEROMONE] Active groups: 38 / 267, Total Pheromone: 278.82
[GA] Generation 51 best fitness: 1850.61
[GA] Generation 52 best fitness: 1850.61
[GA] Generation 53 best fitness: 1850.61
[GA] Generation 54 best fitness: 1850.61
[GA] Generation 55 best fitness: 1876.41
[GA] Generation 56 best fitness: 1876.41
[GA] Generation 57 best fitness: 1878.76
[GA] Generation 58 best fitness: 1878.76
[GA] Generation 59 best fitness: 1878.76
[GA] Generation 60 best fitness: 1878.76
[GA PHEROMONE] Active groups: 30 / 267, Total Pheromone: 243.35
[GA] Generation 61 best fitness: 1878.76
[GA] Generation 62 best fitness: 1886.26
[GA] Generation 63 best fitness: 1886.26
[GA] Generation 64 best fitness: 1903.77
[GA] Generation 65 best fitness: 1903.77
[GA] Generation 66 best fitness: 1918.01
[GA] Generation 67 best fitness: 1920.36
[GA] Generation 68 best fitness: 1926.87
[GA] Generation 69 best fitness: 1926.87
[GA] Generation 70 best fitness: 1926.87
[GA PHEROMONE] Active groups: 31 / 267, Total Pheromone: 220.17
[GA] Generation 71 best fitness: 1926.87
[GA] Generation 72 best fitness: 1926.87
[GA] Generation 73 best fitness: 1929.03
[GA] Generation 74 best fitness: 1935.90
[GA] Generation 75 best fitness: 1935.90
Not converge : Sherd alignment 
[GA] Generation 76 best fitness: 1996.44
[GA] Generation 77 best fitness: 1996.44
[GA] Generation 78 best fitness: 1996.44
[GA] Generation 79 best fitness: 1996.44
[GA] Generation 80 best fitness: 1996.44
[GA PHEROMONE] Active groups: 33 / 267, Total Pheromone: 246.96
[GA] Generation 81 best fitness: 1998.59
[GA] Generation 82 best fitness: 1998.59
[GA] Generation 83 best fitness: 2010.13
[GA] Generation 84 best fitness: 2010.13
[GA] Generation 85 best fitness: 2010.13
[GA] Generation 86 best fitness: 2062.63
[GA] Generation 87 best fitness: 2062.63
[GA] Generation 88 best fitness: 2062.63
[GA] Generation 89 best fitness: 2074.68
[GA] Generation 90 best fitness: 2074.68
[GA PHEROMONE] Active groups: 22 / 267, Total Pheromone: 275.24
[GA] Generation 91 best fitness: 2074.68
[GA] Generation 92 best fitness: 2076.32
[GA] Generation 93 best fitness: 2076.32
[GA] Generation 94 best fitness: 2076.32
[GA] Generation 95 best fitness: 2076.32
[GA] Generation 96 best fitness: 2076.32
[GA] Generation 97 best fitness: 2076.32
[GA] Generation 98 best fitness: 2076.32
[GA] Generation 99 best fitness: 2076.32
[GA] Generation 100 best fitness: 2076.32
[GA PHEROMONE] Active groups: 19 / 267, Total Pheromone: 265.50
[GA] Generation 101 best fitness: 2076.32
[GA] Generation 102 best fitness: 2079.38
[GA] Generation 103 best fitness: 2079.38
[GA] Generation 104 best fitness: 2079.38
[GA] Generation 105 best fitness: 2079.38
[GA] Generation 106 best fitness: 2079.38
[GA] Generation 107 best fitness: 2079.38
[GA] Generation 108 best fitness: 2088.93
[GA] Generation 109 best fitness: 2088.93
[GA] Generation 110 best fitness: 2088.93
[GA PHEROMONE] Active groups: 17 / 267, Total Pheromone: 270.73
[GA] Generation 111 best fitness: 2088.93
[GA] Generation 112 best fitness: 2093.63
[GA] Generation 113 best fitness: 2093.63
[GA] Generation 114 best fitness: 2093.63
[GA] Generation 115 best fitness: 2093.63
[GA] Generation 116 best fitness: 2093.63
[GA] Generation 117 best fitness: 2093.63
[GA] Generation 118 best fitness: 2105.45
[GA] Generation 119 best fitness: 2105.45
[GA] Generation 120 best fitness: 2105.45
[GA PHEROMONE] Active groups: 16 / 267, Total Pheromone: 270.49
[GA] Generation 121 best fitness: 2105.45
[GA] Generation 122 best fitness: 2105.45
[GA] Generation 123 best fitness: 2105.45
[GA] Generation 124 best fitness: 2105.45
[GA] Generation 125 best fitness: 2105.45
[GA] Generation 126 best fitness: 2107.09
[GA] Generation 127 best fitness: 2107.09
[GA] Generation 128 best fitness: 2107.09
[GA] Generation 129 best fitness: 2108.47
[GA] Generation 130 best fitness: 2108.47
[GA PHEROMONE] Active groups: 14 / 267, Total Pheromone: 268.37
[GA] Generation 131 best fitness: 2108.47
[GA] Generation 132 best fitness: 2108.47
[GA] Generation 133 best fitness: 2108.47
[GA] Generation 134 best fitness: 2108.47
[GA] Generation 135 best fitness: 2108.47
[GA] Generation 136 best fitness: 2108.47
[GA] Generation 137 best fitness: 2108.47
[GA] Generation 138 best fitness: 2112.81
[GA] Generation 139 best fitness: 2112.81
[GA] Generation 140 best fitness: 2112.81
[GA PHEROMONE] Active groups: 15 / 267, Total Pheromone: 274.40
[GA] Generation 141 best fitness: 2112.81
[GA] Generation 142 best fitness: 2112.81
[GA] Generation 143 best fitness: 2112.81
[GA] Generation 144 best fitness: 2112.81
[GA] Generation 145 best fitness: 2113.97
[GA] Generation 146 best fitness: 2113.97
[GA] Generation 147 best fitness: 2113.97
[GA] Generation 148 best fitness: 2113.97
[GA] Generation 149 best fitness: 2113.97
[GA] Generation 150 best fitness: 2131.86
[GA PHEROMONE] Active groups: 17 / 267, Total Pheromone: 307.72
[GA] Generation 151 best fitness: 2131.86
[GA] Generation 152 best fitness: 2131.86
[GA] Generation 153 best fitness: 2131.86
[GA] Generation 154 best fitness: 2131.86
[GA] Generation 155 best fitness: 2131.86
[GA] Generation 156 best fitness: 2131.86
[GA] Generation 157 best fitness: 2131.86
[GA] Generation 158 best fitness: 2131.86
[GA] Generation 159 best fitness: 2133.02
[GA] Generation 160 best fitness: 2133.02
[GA PHEROMONE] Active groups: 17 / 267, Total Pheromone: 312.35
[GA] Generation 161 best fitness: 2133.02
[GA] Generation 162 best fitness: 2133.02
[GA] Generation 163 best fitness: 2133.02
[GA] Generation 164 best fitness: 2133.02
[GA] Generation 165 best fitness: 2133.02
[GA] Generation 166 best fitness: 2133.02
[GA] Generation 167 best fitness: 2133.66
[GA] Generation 168 best fitness: 2133.66
[GA] Generation 169 best fitness: 2133.66
[GA] Generation 170 best fitness: 2133.66
[GA PHEROMONE] Active groups: 17 / 267, Total Pheromone: 302.43
[GA] Generation 171 best fitness: 2133.66
[GA] Generation 172 best fitness: 2133.66
[GA] Generation 173 best fitness: 2133.66
[GA] Generation 174 best fitness: 2133.66
[GA] Generation 175 best fitness: 2133.66
[GA] Generation 176 best fitness: 2133.66
[GA] Generation 177 best fitness: 2133.66
[GA] Generation 178 best fitness: 2133.66
[GA] Generation 179 best fitness: 2133.66
[GA] Generation 180 best fitness: 2133.66
[GA PHEROMONE] Active groups: 16 / 267, Total Pheromone: 300.48
[GA] Generation 181 best fitness: 2133.66
[GA] Stagnation detected (15 generations). Triggering Mass Extinction!
[GA] Raising mutation rate to 0.40
[GA] Generation 182 best fitness: 2133.66
[GA] Generation 183 best fitness: 2133.66
[GA] Generation 184 best fitness: 2133.66
[GA] Generation 185 best fitness: 2133.66
[GA] Generation 186 best fitness: 2133.66
[GA] Generation 187 best fitness: 2133.66
[GA] Generation 188 best fitness: 2133.66
[GA] Generation 189 best fitness: 2133.66
[GA] Generation 190 best fitness: 2133.66
[GA PHEROMONE] Active groups: 16 / 267, Total Pheromone: 300.09
[GA] Generation 191 best fitness: 2133.66
[GA] Generation 192 best fitness: 2133.66
[GA] Generation 193 best fitness: 2133.66
[GA] Generation 194 best fitness: 2133.66
[GA] Generation 195 best fitness: 2133.66
[GA] Generation 196 best fitness: 2133.66
[GA] Stagnation detected (30 generations). Triggering Mass Extinction!
[GA] Generation 197 best fitness: 2133.66
[GA] Generation 198 best fitness: 2133.66
[GA] Generation 199 best fitness: 2133.66
[GA] Generation 200 best fitness: 2133.66
[GA PHEROMONE] Active groups: 16 / 267, Total Pheromone: 300.02
[GA] Generation 201 best fitness: 2133.66
[GA] Generation 202 best fitness: 2133.66
[GA] Generation 203 best fitness: 2133.66
[GA] Generation 204 best fitness: 2133.66
[GA] Generation 205 best fitness: 2133.66
[GA] Generation 206 best fitness: 2133.66
[GA] Generation 207 best fitness: 2133.66
[GA] Generation 208 best fitness: 2133.66
[GA] Generation 209 best fitness: 2133.66
[GA] Generation 210 best fitness: 2133.66
[GA PHEROMONE] Active groups: 15 / 267, Total Pheromone: 300.00
[GA] Generation 211 best fitness: 2133.66
[GA] Stagnation detected (45 generations). Triggering Mass Extinction!
[GA] Generation 212 best fitness: 2133.66
[GA] Generation 213 best fitness: 2133.66
[GA] Generation 214 best fitness: 2133.66
[GA] Generation 215 best fitness: 2133.66
[GA] Generation 216 best fitness: 2133.66
[GA] Generation 217 best fitness: 2133.66
[GA] Generation 218 best fitness: 2133.66
[GA] Generation 219 best fitness: 2133.66
[GA] Generation 220 best fitness: 2133.66
[GA PHEROMONE] Active groups: 15 / 267, Total Pheromone: 300.00
[GA] Generation 221 best fitness: 2133.66
[GA] Generation 222 best fitness: 2133.66
[GA] Generation 223 best fitness: 2133.66
[GA] Generation 224 best fitness: 2133.66
[GA] Generation 225 best fitness: 2133.66
[GA] Generation 226 best fitness: 2133.66
[GA] Stagnation detected (60 generations). Triggering Mass Extinction!
[GA] Generation 227 best fitness: 2133.66
[GA] Generation 228 best fitness: 2133.66
[GA] Generation 229 best fitness: 2133.66
[GA] Generation 230 best fitness: 2133.66
[GA PHEROMONE] Active groups: 15 / 267, Total Pheromone: 300.00
[GA] Generation 231 best fitness: 2133.66
[GA] Generation 232 best fitness: 2133.66
[GA] Generation 233 best fitness: 2133.66
[GA] Generation 234 best fitness: 2133.66
[GA] Generation 235 best fitness: 2133.66
[GA] Generation 236 best fitness: 2133.66
[GA] Generation 237 best fitness: 2133.66
[GA] Generation 238 best fitness: 2133.66
[GA] Generation 239 best fitness: 2133.66
[GA] Generation 240 best fitness: 2133.66
[GA PHEROMONE] Active groups: 15 / 267, Total Pheromone: 300.00
[GA] Generation 241 best fitness: 2133.66
[GA] Stagnation detected (75 generations). Triggering Mass Extinction!
[GA] Generation 242 best fitness: 2133.66
[GA] Generation 243 best fitness: 2133.66
[GA] Generation 244 best fitness: 2133.66
[GA] Generation 245 best fitness: 2133.66
[GA] Generation 246 best fitness: 2133.66
[GA] Generation 247 best fitness: 2133.66
[GA] Generation 248 best fitness: 2133.66
[GA] Generation 249 best fitness: 2133.66
[GA] Generation 250 best fitness: 2133.66
[GA PHEROMONE] Active groups: 15 / 267, Total Pheromone: 300.00
[GA] Generation 251 best fitness: 2133.66
[GA] Generation 252 best fitness: 2133.66
[GA] Generation 253 best fitness: 2133.66
[GA] Generation 254 best fitness: 2133.66
[GA] Generation 255 best fitness: 2133.66
[GA] Generation 256 best fitness: 2133.66
[GA] Stagnation detected (90 generations). Triggering Mass Extinction!
[GA] Generation 257 best fitness: 2133.66
[GA] Generation 258 best fitness: 2133.66
[GA] Generation 259 best fitness: 2133.66
[GA] Generation 260 best fitness: 2133.66
[GA PHEROMONE] Active groups: 15 / 267, Total Pheromone: 300.00
[GA] Generation 261 best fitness: 2133.66
[GA] Generation 262 best fitness: 2133.66
[GA] Generation 263 best fitness: 2133.66
[GA] Generation 264 best fitness: 2133.66
[GA] Generation 265 best fitness: 2133.66
[GA] Generation 266 best fitness: 2133.66
[GA] Generation 267 best fitness: 2133.66
[GA] Generation 268 best fitness: 2133.66
[GA] Generation 269 best fitness: 2133.66
[GA] Generation 270 best fitness: 2133.66
[GA PHEROMONE] Active groups: 15 / 267, Total Pheromone: 300.00
[GA] Generation 271 best fitness: 2133.66
[GA] Stagnation detected (105 generations). Triggering Mass Extinction!
[GA] Generation 272 best fitness: 2133.66
[GA] Generation 273 best fitness: 2133.66
[GA] Generation 274 best fitness: 2133.66
[GA] Generation 275 best fitness: 2133.66
[GA] Generation 276 best fitness: 2133.66
[GA] Generation 277 best fitness: 2133.66
[GA] Generation 278 best fitness: 2133.66
[GA] Generation 279 best fitness: 2133.66
[GA] Generation 280 best fitness: 2133.66
[GA PHEROMONE] Active groups: 15 / 267, Total Pheromone: 300.00
[GA] Generation 281 best fitness: 2133.66
[GA] Generation 282 best fitness: 2133.66
[GA] Generation 283 best fitness: 2133.66
[GA] Generation 284 best fitness: 2133.66
[GA] Generation 285 best fitness: 2133.66
[GA] Generation 286 best fitness: 2133.66
[GA] Stagnation detected (120 generations). Triggering Mass Extinction!
[GA] Hard stagnation detected (120 generations). Early termination at generation 286
[GA] Seed 1 final best fitness: 2133.66
[GA] === Seed 2 / 5 (seed=50) ===
[GA] Generation 0 best fitness: -1611.35
[GA PHEROMONE] Active groups: 8 / 267, Total Pheromone: 32.00
[GA] Generation 1 best fitness: -435.92
[GA] Generation 2 best fitness: 1313.20
[GA] Generation 3 best fitness: 1313.20
[GA] Generation 4 best fitness: 1313.20
[GA] Generation 5 best fitness: 1313.20
[GA] Generation 6 best fitness: 1313.20
[GA] Generation 7 best fitness: 1313.20
[GA] Generation 8 best fitness: 1313.20
[GA] Generation 9 best fitness: 1313.20
[GA] Generation 10 best fitness: 1313.20
[GA PHEROMONE] Active groups: 12 / 267, Total Pheromone: 163.15
[GA] Generation 11 best fitness: 1313.20
[GA] Generation 12 best fitness: 1313.20
[GA] Generation 13 best fitness: 1313.20
[GA] Generation 14 best fitness: 1313.20
[GA] Generation 15 best fitness: 1313.20
[GA] Generation 16 best fitness: 1313.20
[GA] Stagnation detected (15 generations). Triggering Mass Extinction!
[GA] Raising mutation rate to 0.40
[GA] Generation 17 best fitness: 1313.20
[GA] Generation 18 best fitness: 1313.20
[GA] Generation 19 best fitness: 1313.20
[GA] Generation 20 best fitness: 1313.20
[GA PHEROMONE] Active groups: 12 / 267, Total Pheromone: 160.62
[GA] Generation 21 best fitness: 1313.20
[GA] Generation 22 best fitness: 1313.20
[GA] Generation 23 best fitness: 1313.20
[GA] Generation 24 best fitness: 1313.20
[GA] Generation 25 best fitness: 1313.20
[GA] Generation 26 best fitness: 1313.20
[GA] Generation 27 best fitness: 1313.20
[GA] Generation 28 best fitness: 1313.20
[GA] Generation 29 best fitness: 1313.20
[GA] Generation 30 best fitness: 1313.20
[GA PHEROMONE] Active groups: 12 / 267, Total Pheromone: 160.12
[GA] Generation 31 best fitness: 1313.20
[GA] Stagnation detected (30 generations). Triggering Mass Extinction!
[GA] Generation 32 best fitness: 1313.20
[GA] Generation 33 best fitness: 1313.20
[GA] Generation 34 best fitness: 1313.20
[GA] Generation 35 best fitness: 1313.20
[GA] Generation 36 best fitness: 1313.20
[GA] Generation 37 best fitness: 1313.20
[GA] Generation 38 best fitness: 1313.20
[GA] Generation 39 best fitness: 1313.20
[GA] Generation 40 best fitness: 1313.20
[GA PHEROMONE] Active groups: 8 / 267, Total Pheromone: 160.00
[GA] Generation 41 best fitness: 1313.20
[GA] Generation 42 best fitness: 1313.20
[GA] Generation 43 best fitness: 1313.20
[GA] Generation 44 best fitness: 1313.20
[GA] Generation 45 best fitness: 1313.20
[GA] Generation 46 best fitness: 1313.20
[GA] Stagnation detected (45 generations). Triggering Mass Extinction!
[GA] Generation 47 best fitness: 1313.20
[GA] Generation 48 best fitness: 1313.20
[GA] Generation 49 best fitness: 1313.20
[GA] Generation 50 best fitness: 1313.20
[GA PHEROMONE] Active groups: 8 / 267, Total Pheromone: 160.00
[GA] Generation 51 best fitness: 1313.20
[GA] Generation 52 best fitness: 1313.20
[GA] Generation 53 best fitness: 1313.20
[GA] Generation 54 best fitness: 1313.20
[GA] Best fitness improved to 1396.19. Resetting mutation rate to 0.15
[GA] Generation 55 best fitness: 1396.19
[GA] Generation 56 best fitness: 1396.19
[GA] Generation 57 best fitness: 1441.66
[GA] Generation 58 best fitness: 1441.66
[GA] Generation 59 best fitness: 1441.66
[GA] Generation 60 best fitness: 1441.66
[GA PHEROMONE] Active groups: 9 / 267, Total Pheromone: 145.03
[GA] Generation 61 best fitness: 1551.46
[GA] Generation 62 best fitness: 1551.46
[GA] Generation 63 best fitness: 1551.46
[GA] Generation 64 best fitness: 1551.46
[GA] Generation 65 best fitness: 1551.46
[GA] Generation 66 best fitness: 1591.76
[GA] Generation 67 best fitness: 1591.76
[GA] Generation 68 best fitness: 1591.76
[GA] Generation 69 best fitness: 1591.76
[GA] Generation 70 best fitness: 1591.92
[GA PHEROMONE] Active groups: 22 / 267, Total Pheromone: 225.97
[GA] Generation 71 best fitness: 1591.92
[GA] Generation 72 best fitness: 1591.92
[GA] Generation 73 best fitness: 1591.92
[GA] Generation 74 best fitness: 1667.02
[GA] Generation 75 best fitness: 1735.91
[GA] Generation 76 best fitness: 1735.91
[GA] Generation 77 best fitness: 1735.91
[GA] Generation 78 best fitness: 1735.91
[GA] Generation 79 best fitness: 1735.91
[GA] Generation 80 best fitness: 1735.91
[GA PHEROMONE] Active groups: 23 / 267, Total Pheromone: 342.70
[GA] Generation 81 best fitness: 1735.91
[GA] Generation 82 best fitness: 1757.48
[GA] Generation 83 best fitness: 1769.64
[GA] Generation 84 best fitness: 1785.49
[GA] Generation 85 best fitness: 1785.49
[GA] Generation 86 best fitness: 1785.49
[GA] Generation 87 best fitness: 1785.49
[GA] Generation 88 best fitness: 1790.92
[GA] Generation 89 best fitness: 1790.92
[GA] Generation 90 best fitness: 1790.92
[GA PHEROMONE] Active groups: 28 / 267, Total Pheromone: 355.28
[GA] Generation 91 best fitness: 1791.20
[GA] Generation 92 best fitness: 1823.62
[GA] Generation 93 best fitness: 1823.62
[GA] Generation 94 best fitness: 1835.61
[GA] Generation 95 best fitness: 1835.61
[GA] Generation 96 best fitness: 1835.61
[GA] Generation 97 best fitness: 1835.61
[GA] Generation 98 best fitness: 1835.61
[GA] Generation 99 best fitness: 1901.92
[GA] Generation 100 best fitness: 1901.92
[GA PHEROMONE] Active groups: 27 / 267, Total Pheromone: 398.22
[GA] Generation 101 best fitness: 1906.44
[GA] Generation 102 best fitness: 1913.91
[GA] Generation 103 best fitness: 1913.91
[GA] Generation 104 best fitness: 1913.91
[GA] Generation 105 best fitness: 1921.91
[GA] Generation 106 best fitness: 1925.16
[GA] Generation 107 best fitness: 1929.38
[GA] Generation 108 best fitness: 1943.37
[GA] Generation 109 best fitness: 1943.37
[GA] Generation 110 best fitness: 1943.37
[GA PHEROMONE] Active groups: 29 / 267, Total Pheromone: 354.06
[GA] Generation 111 best fitness: 1943.37
[GA] Generation 112 best fitness: 1950.84
[GA] Generation 113 best fitness: 1950.84
[GA] Generation 114 best fitness: 1951.10
[GA] Generation 115 best fitness: 1957.80
[GA] Generation 116 best fitness: 1957.80
[GA] Generation 117 best fitness: 1964.48
[GA] Generation 118 best fitness: 1964.48
[GA] Generation 119 best fitness: 1964.48
[GA] Generation 120 best fitness: 1964.48
[GA PHEROMONE] Active groups: 23 / 267, Total Pheromone: 347.00
[GA] Generation 121 best fitness: 1964.48
[GA] Generation 122 best fitness: 1964.48
[GA] Generation 123 best fitness: 1965.04
[GA] Generation 124 best fitness: 1965.04
[GA] Generation 125 best fitness: 1977.94
[GA] Generation 126 best fitness: 1977.94
[GA] Generation 127 best fitness: 1977.94
[GA] Generation 128 best fitness: 1977.94
[GA] Generation 129 best fitness: 1977.94
[GA] Generation 130 best fitness: 1990.91
[GA PHEROMONE] Active groups: 23 / 267, Total Pheromone: 329.64
[GA] Generation 131 best fitness: 1990.91
[GA] Generation 132 best fitness: 1991.47
[GA] Generation 133 best fitness: 1991.47
[GA] Generation 134 best fitness: 1993.37
[GA] Generation 135 best fitness: 1993.37
[GA] Generation 136 best fitness: 1993.37
[GA] Generation 137 best fitness: 1998.64
[GA] Generation 138 best fitness: 1998.64
[GA] Generation 139 best fitness: 1998.64
[GA] Generation 140 best fitness: 2001.10
[GA PHEROMONE] Active groups: 22 / 267, Total Pheromone: 323.11
[GA] Generation 141 best fitness: 2001.10
[GA] Generation 142 best fitness: 2001.10
[GA] Generation 143 best fitness: 2001.10
[GA] Generation 144 best fitness: 2001.10
[GA] Generation 145 best fitness: 2011.97
[GA] Generation 146 best fitness: 2011.97
[GA] Generation 147 best fitness: 2017.23
[GA] Generation 148 best fitness: 2019.69
[GA] Generation 149 best fitness: 2019.69
[GA] Generation 150 best fitness: 2020.25
[GA PHEROMONE] Active groups: 19 / 267, Total Pheromone: 319.56
[GA] Generation 151 best fitness: 2020.25
[GA] Generation 152 best fitness: 2077.18
[GA] Generation 153 best fitness: 2077.18
[GA] Generation 154 best fitness: 2077.18
[GA] Generation 155 best fitness: 2077.18
[GA] Generation 156 best fitness: 2077.18
[GA] Generation 157 best fitness: 2077.18
[GA] Generation 158 best fitness: 2083.16
[GA] Generation 159 best fitness: 2083.16
[GA] Generation 160 best fitness: 2083.16
[GA PHEROMONE] Active groups: 20 / 267, Total Pheromone: 341.55
[GA] Generation 161 best fitness: 2095.78
[GA] Generation 162 best fitness: 2096.33
[GA] Generation 163 best fitness: 2096.33
[GA] Generation 164 best fitness: 2096.33
[GA] Generation 165 best fitness: 2096.33
[GA] Generation 166 best fitness: 2096.33
[GA] Generation 167 best fitness: 2096.33
[GA] Generation 168 best fitness: 2096.33
[GA] Generation 169 best fitness: 2096.33
[GA] Generation 170 best fitness: 2096.33
[GA PHEROMONE] Active groups: 20 / 267, Total Pheromone: 326.69
[GA] Generation 171 best fitness: 2096.33
[GA] Generation 172 best fitness: 2096.33
[GA] Generation 173 best fitness: 2096.33
[GA] Generation 174 best fitness: 2096.33
[GA] Generation 175 best fitness: 2096.33
[GA] Generation 176 best fitness: 2096.33
[GA] Stagnation detected (15 generations). Triggering Mass Extinction!
[GA] Raising mutation rate to 0.40
[GA] Generation 177 best fitness: 2096.33
[GA] Generation 178 best fitness: 2096.33
[GA] Generation 179 best fitness: 2096.33
[GA] Generation 180 best fitness: 2096.33
[GA PHEROMONE] Active groups: 19 / 267, Total Pheromone: 321.31
[GA] Generation 181 best fitness: 2096.33
[GA] Generation 182 best fitness: 2096.33
[GA] Generation 183 best fitness: 2096.33
[GA] Generation 184 best fitness: 2096.33
[GA] Generation 185 best fitness: 2096.33
[GA] Generation 186 best fitness: 2096.33
[GA] Generation 187 best fitness: 2096.33
[GA] Generation 188 best fitness: 2096.33
[GA] Generation 189 best fitness: 2096.33
[GA] Generation 190 best fitness: 2096.33
[GA PHEROMONE] Active groups: 19 / 267, Total Pheromone: 320.26
[GA] Generation 191 best fitness: 2096.33
[GA] Stagnation detected (30 generations). Triggering Mass Extinction!
[GA] Generation 192 best fitness: 2096.33
[GA] Generation 193 best fitness: 2096.33
[GA] Generation 194 best fitness: 2096.33
[GA] Generation 195 best fitness: 2096.33
[GA] Generation 196 best fitness: 2096.33
[GA] Generation 197 best fitness: 2096.33
[GA] Generation 198 best fitness: 2096.33
[GA] Generation 199 best fitness: 2096.33
[GA] Generation 200 best fitness: 2096.33
[GA PHEROMONE] Active groups: 18 / 267, Total Pheromone: 320.04
[GA] Generation 201 best fitness: 2096.33
[GA] Generation 202 best fitness: 2096.33
[GA] Generation 203 best fitness: 2096.33
[GA] Generation 204 best fitness: 2096.33
[GA] Generation 205 best fitness: 2096.33
[GA] Generation 206 best fitness: 2096.33
[GA] Stagnation detected (45 generations). Triggering Mass Extinction!
[GA] Generation 207 best fitness: 2096.33
[GA] Generation 208 best fitness: 2096.33
[GA] Generation 209 best fitness: 2096.33
[GA] Generation 210 best fitness: 2096.33
[GA PHEROMONE] Active groups: 16 / 267, Total Pheromone: 320.00
[GA] Generation 211 best fitness: 2096.33
[GA] Generation 212 best fitness: 2096.33
[GA] Generation 213 best fitness: 2096.33
[GA] Generation 214 best fitness: 2096.33
[GA] Generation 215 best fitness: 2096.33
[GA] Generation 216 best fitness: 2096.33
[GA] Generation 217 best fitness: 2096.33
[GA] Generation 218 best fitness: 2096.33
[GA] Generation 219 best fitness: 2096.33
[GA] Generation 220 best fitness: 2096.33
[GA PHEROMONE] Active groups: 16 / 267, Total Pheromone: 320.00
[GA] Generation 221 best fitness: 2096.33
[GA] Stagnation detected (60 generations). Triggering Mass Extinction!
[GA] Generation 222 best fitness: 2096.33
[GA] Generation 223 best fitness: 2096.33
[GA] Generation 224 best fitness: 2096.33
[GA] Generation 225 best fitness: 2096.33
[GA] Generation 226 best fitness: 2096.33
[GA] Generation 227 best fitness: 2096.33
[GA] Generation 228 best fitness: 2096.33
[GA] Generation 229 best fitness: 2096.33
[GA] Generation 230 best fitness: 2096.33
[GA PHEROMONE] Active groups: 16 / 267, Total Pheromone: 320.00
[GA] Generation 231 best fitness: 2096.33
[GA] Generation 232 best fitness: 2096.33
[GA] Generation 233 best fitness: 2096.33
[GA] Generation 234 best fitness: 2096.33
[GA] Generation 235 best fitness: 2096.33
[GA] Generation 236 best fitness: 2096.33
[GA] Stagnation detected (75 generations). Triggering Mass Extinction!
[GA] Generation 237 best fitness: 2096.33
[GA] Generation 238 best fitness: 2096.33
[GA] Generation 239 best fitness: 2096.33
[GA] Generation 240 best fitness: 2096.33
[GA PHEROMONE] Active groups: 16 / 267, Total Pheromone: 320.00
[GA] Generation 241 best fitness: 2096.33
[GA] Generation 242 best fitness: 2096.33
[GA] Generation 243 best fitness: 2096.33
[GA] Generation 244 best fitness: 2096.33
[GA] Generation 245 best fitness: 2096.33
[GA] Generation 246 best fitness: 2096.33
[GA] Generation 247 best fitness: 2096.33
[GA] Generation 248 best fitness: 2096.33
[GA] Generation 249 best fitness: 2096.33
[GA] Generation 250 best fitness: 2096.33
[GA PHEROMONE] Active groups: 16 / 267, Total Pheromone: 320.00
[GA] Generation 251 best fitness: 2096.33
[GA] Stagnation detected (90 generations). Triggering Mass Extinction!
[GA] Generation 252 best fitness: 2096.33
[GA] Generation 253 best fitness: 2096.33
[GA] Generation 254 best fitness: 2096.33
[GA] Generation 255 best fitness: 2096.33
[GA] Generation 256 best fitness: 2096.33
[GA] Generation 257 best fitness: 2096.33
[GA] Generation 258 best fitness: 2096.33
[GA] Generation 259 best fitness: 2096.33
[GA] Generation 260 best fitness: 2096.33
[GA PHEROMONE] Active groups: 16 / 267, Total Pheromone: 320.00
[GA] Generation 261 best fitness: 2096.33
[GA] Generation 262 best fitness: 2096.33
[GA] Generation 263 best fitness: 2096.33
[GA] Generation 264 best fitness: 2096.33
[GA] Generation 265 best fitness: 2096.33
[GA] Generation 266 best fitness: 2096.33
[GA] Stagnation detected (105 generations). Triggering Mass Extinction!
[GA] Generation 267 best fitness: 2096.33
[GA] Generation 268 best fitness: 2096.33
[GA] Generation 269 best fitness: 2096.33
[GA] Generation 270 best fitness: 2096.33
[GA PHEROMONE] Active groups: 16 / 267, Total Pheromone: 320.00
[GA] Generation 271 best fitness: 2096.33
[GA] Generation 272 best fitness: 2096.33
[GA] Generation 273 best fitness: 2096.33
[GA] Generation 274 best fitness: 2096.33
[GA] Generation 275 best fitness: 2096.33
[GA] Generation 276 best fitness: 2096.33
[GA] Generation 277 best fitness: 2096.33
[GA] Generation 278 best fitness: 2096.33
[GA] Generation 279 best fitness: 2096.33
[GA] Generation 280 best fitness: 2096.33
[GA PHEROMONE] Active groups: 16 / 267, Total Pheromone: 320.00
[GA] Generation 281 best fitness: 2096.33
[GA] Stagnation detected (120 generations). Triggering Mass Extinction!
[GA] Hard stagnation detected (120 generations). Early termination at generation 281
[GA] Seed 2 final best fitness: 2096.33
[GA] === Seed 3 / 5 (seed=57) ===
[GA] Generation 0 best fitness: -22.05
[GA PHEROMONE] Active groups: 15 / 267, Total Pheromone: 72.00
[GA] Generation 1 best fitness: 835.29
[GA] Generation 2 best fitness: 835.29
[GA] Generation 3 best fitness: 835.29
[GA] Generation 4 best fitness: 835.29
[GA] Generation 5 best fitness: 835.29
[GA] Generation 6 best fitness: 835.29
[GA] Generation 7 best fitness: 898.69
[GA] Generation 8 best fitness: 898.69
[GA] Generation 9 best fitness: 898.69
[GA] Generation 10 best fitness: 898.69
[GA PHEROMONE] Active groups: 15 / 267, Total Pheromone: 113.55
[GA] Generation 11 best fitness: 898.69
[GA] Generation 12 best fitness: 957.40
[GA] Generation 13 best fitness: 957.40
[GA] Generation 14 best fitness: 957.40
[GA] Generation 15 best fitness: 957.40
[GA] Generation 16 best fitness: 957.40
[GA] Generation 17 best fitness: 957.40
[GA] Generation 18 best fitness: 957.40
[GA] Generation 19 best fitness: 957.40
[GA] Generation 20 best fitness: 957.40
[GA PHEROMONE] Active groups: 15 / 267, Total Pheromone: 22.36
[GA] Generation 21 best fitness: 957.40
[GA] Generation 22 best fitness: 957.40
[GA] Generation 23 best fitness: 957.40
[GA] Generation 24 best fitness: 1328.76
[GA] Generation 25 best fitness: 1328.76
[GA] Generation 26 best fitness: 1328.76
[GA] Generation 27 best fitness: 1328.76
[GA] Generation 28 best fitness: 1328.76
[GA] Generation 29 best fitness: 1328.76
[GA] Generation 30 best fitness: 1328.76
[GA PHEROMONE] Active groups: 18 / 267, Total Pheromone: 121.12
[GA] Generation 31 best fitness: 1328.76
[GA] Generation 32 best fitness: 1328.76
[GA] Generation 33 best fitness: 1328.76
[GA] Generation 34 best fitness: 1328.76
[GA] Generation 35 best fitness: 1328.76
[GA] Generation 36 best fitness: 1328.76
[GA] Generation 37 best fitness: 1333.79
[GA] Generation 38 best fitness: 1333.79
[GA] Generation 39 best fitness: 1333.79
[GA] Generation 40 best fitness: 1333.79
[GA PHEROMONE] Active groups: 18 / 267, Total Pheromone: 120.69
[GA] Generation 41 best fitness: 1333.79
[GA] Generation 42 best fitness: 1333.79
[GA] Generation 43 best fitness: 1333.79
[GA] Generation 44 best fitness: 1366.68
[GA] Generation 45 best fitness: 1366.68
[GA] Generation 46 best fitness: 1366.68
[GA] Generation 47 best fitness: 1374.53
[GA] Generation 48 best fitness: 1434.70
[GA] Generation 49 best fitness: 1434.70
[GA] Generation 50 best fitness: 1434.70
[GA PHEROMONE] Active groups: 21 / 267, Total Pheromone: 91.63
Not converge : Sherd alignment 
[GA] Generation 51 best fitness: 1486.59
[GA] Generation 52 best fitness: 1486.59
[GA] Generation 53 best fitness: 1486.59
[GA] Generation 54 best fitness: 1486.59
[GA] Generation 55 best fitness: 1486.59
[GA] Generation 56 best fitness: 1486.59
[GA] Generation 57 best fitness: 1528.94
[GA] Generation 58 best fitness: 1532.39
[GA] Generation 59 best fitness: 1532.39
[GA] Generation 60 best fitness: 1619.66
[GA PHEROMONE] Active groups: 16 / 267, Total Pheromone: 184.51
[GA] Generation 61 best fitness: 1619.66
[GA] Generation 62 best fitness: 1619.66
[GA] Generation 63 best fitness: 1619.66
[GA] Generation 64 best fitness: 1622.75
[GA] Generation 65 best fitness: 1627.76
[GA] Generation 66 best fitness: 1655.18
[GA] Generation 67 best fitness: 1782.95
[GA] Generation 68 best fitness: 1782.95
[GA] Generation 69 best fitness: 1782.95
[GA] Generation 70 best fitness: 1801.51
[GA PHEROMONE] Active groups: 17 / 267, Total Pheromone: 245.92
[GA] Generation 71 best fitness: 1801.51
[GA] Generation 72 best fitness: 1801.51
[GA] Generation 73 best fitness: 1801.51
[GA] Generation 74 best fitness: 1806.51
[GA] Generation 75 best fitness: 1855.19
[GA] Generation 76 best fitness: 1855.19
[GA] Generation 77 best fitness: 1855.19
[GA] Generation 78 best fitness: 1855.19
[GA] Generation 79 best fitness: 1860.19
[GA] Generation 80 best fitness: 1860.19
[GA PHEROMONE] Active groups: 17 / 267, Total Pheromone: 260.69
[GA] Generation 81 best fitness: 1860.19
[GA] Generation 82 best fitness: 1860.19
[GA] Generation 83 best fitness: 1860.19
[GA] Generation 84 best fitness: 1860.19
[GA] Generation 85 best fitness: 1860.19
[GA] Generation 86 best fitness: 1860.19
[GA] Generation 87 best fitness: 1860.19
[GA] Generation 88 best fitness: 1860.19
[GA] Generation 89 best fitness: 1860.19
[GA] Generation 90 best fitness: 1860.19
[GA PHEROMONE] Active groups: 15 / 267, Total Pheromone: 260.48
[GA] Generation 91 best fitness: 1860.19
[GA] Generation 92 best fitness: 1860.19
[GA] Generation 93 best fitness: 1870.45
[GA] Generation 94 best fitness: 1870.45
[GA] Generation 95 best fitness: 1870.45
[GA] Generation 96 best fitness: 1870.45
[GA] Generation 97 best fitness: 1936.02
[GA] Generation 98 best fitness: 1936.02
[GA] Generation 99 best fitness: 1936.02
[GA] Generation 100 best fitness: 1936.02
[GA PHEROMONE] Active groups: 17 / 267, Total Pheromone: 257.07
[GA] Generation 101 best fitness: 1994.42
[GA] Generation 102 best fitness: 1994.42
[GA] Generation 103 best fitness: 1994.42
[GA] Generation 104 best fitness: 2017.83
[GA] Generation 105 best fitness: 2017.83
[GA] Generation 106 best fitness: 2017.83
[GA] Generation 107 best fitness: 2017.83
[GA] Generation 108 best fitness: 2048.10
[GA] Generation 109 best fitness: 2048.10
[GA] Generation 110 best fitness: 2048.10
[GA PHEROMONE] Active groups: 16 / 267, Total Pheromone: 273.62
[GA] Generation 111 best fitness: 2048.10
[GA] Generation 112 best fitness: 2048.10
[GA] Generation 113 best fitness: 2048.10
[GA] Generation 114 best fitness: 2048.10
[GA] Generation 115 best fitness: 2048.10
[GA] Generation 116 best fitness: 2048.10
[GA] Generation 117 best fitness: 2048.10
[GA] Generation 118 best fitness: 2048.10
[GA] Generation 119 best fitness: 2048.89
[GA] Generation 120 best fitness: 2048.89
[GA PHEROMONE] Active groups: 15 / 267, Total Pheromone: 280.18
[GA] Generation 121 best fitness: 2048.89
[GA] Generation 122 best fitness: 2048.89
[GA] Generation 123 best fitness: 2048.89
[GA] Generation 124 best fitness: 2048.89
[GA] Generation 125 best fitness: 2048.89
[GA] Generation 126 best fitness: 2048.89
[GA] Generation 127 best fitness: 2048.89
[GA] Generation 128 best fitness: 2048.89
[GA] Generation 129 best fitness: 2048.89
[GA] Generation 130 best fitness: 2048.89
[GA PHEROMONE] Active groups: 15 / 267, Total Pheromone: 280.04
[GA] Generation 131 best fitness: 2048.89
[GA] Generation 132 best fitness: 2048.89
[GA] Generation 133 best fitness: 2048.89
[GA] Generation 134 best fitness: 2072.29
[GA] Generation 135 best fitness: 2072.29
[GA] Generation 136 best fitness: 2072.29
[GA] Generation 137 best fitness: 2072.29
[GA] Generation 138 best fitness: 2072.29
[GA] Generation 139 best fitness: 2072.29
[GA] Generation 140 best fitness: 2072.29
[GA PHEROMONE] Active groups: 14 / 267, Total Pheromone: 265.45
[GA] Generation 141 best fitness: 2072.29
[GA] Generation 142 best fitness: 2072.29
[GA] Generation 143 best fitness: 2089.47
[GA] Generation 144 best fitness: 2089.47
[GA] Generation 145 best fitness: 2089.47
[GA] Generation 146 best fitness: 2089.47
[GA] Generation 147 best fitness: 2089.47
[GA] Generation 148 best fitness: 2089.47
[GA] Generation 149 best fitness: 2089.47
[GA] Generation 150 best fitness: 2089.47
[GA PHEROMONE] Active groups: 14 / 267, Total Pheromone: 261.07
[GA] Generation 151 best fitness: 2089.47
[GA] Generation 152 best fitness: 2089.47
[GA] Generation 153 best fitness: 2089.47
[GA] Generation 154 best fitness: 2089.47
[GA] Generation 155 best fitness: 2089.47
[GA] Generation 156 best fitness: 2089.47
[GA] Generation 157 best fitness: 2089.47
[GA] Stagnation detected (15 generations). Triggering Mass Extinction!
[GA] Raising mutation rate to 0.40
[GA] Generation 158 best fitness: 2089.47
[GA] Generation 159 best fitness: 2089.47
[GA] Generation 160 best fitness: 2089.47
[GA PHEROMONE] Active groups: 14 / 267, Total Pheromone: 260.21
[GA] Generation 161 best fitness: 2089.47
[GA] Generation 162 best fitness: 2089.47
[GA] Generation 163 best fitness: 2089.47
[GA] Generation 164 best fitness: 2089.47
[GA] Generation 165 best fitness: 2089.47
[GA] Generation 166 best fitness: 2089.47
[GA] Generation 167 best fitness: 2089.47
[GA] Generation 168 best fitness: 2089.47
[GA] Generation 169 best fitness: 2089.47
[GA] Generation 170 best fitness: 2089.47
[GA PHEROMONE] Active groups: 14 / 267, Total Pheromone: 260.04
[GA] Generation 171 best fitness: 2089.47
[GA] Generation 172 best fitness: 2089.47
[GA] Stagnation detected (30 generations). Triggering Mass Extinction!
[GA] Generation 173 best fitness: 2089.47
[GA] Generation 174 best fitness: 2089.47
[GA] Generation 175 best fitness: 2089.47
[GA] Generation 176 best fitness: 2089.47
[GA] Generation 177 best fitness: 2089.47
[GA] Generation 178 best fitness: 2089.47
[GA] Generation 179 best fitness: 2089.47
[GA] Generation 180 best fitness: 2089.47
[GA PHEROMONE] Active groups: 13 / 267, Total Pheromone: 260.00
[GA] Generation 181 best fitness: 2089.47
[GA] Generation 182 best fitness: 2089.47
[GA] Generation 183 best fitness: 2089.47
[GA] Generation 184 best fitness: 2089.47
[GA] Generation 185 best fitness: 2089.47
[GA] Generation 186 best fitness: 2089.47
[GA] Generation 187 best fitness: 2089.47
[GA] Stagnation detected (45 generations). Triggering Mass Extinction!
[GA] Generation 188 best fitness: 2089.47
[GA] Generation 189 best fitness: 2089.47
[GA] Generation 190 best fitness: 2089.47
[GA PHEROMONE] Active groups: 13 / 267, Total Pheromone: 260.00
[GA] Generation 191 best fitness: 2089.47
[GA] Generation 192 best fitness: 2089.47
[GA] Generation 193 best fitness: 2089.47
[GA] Generation 194 best fitness: 2089.47
[GA] Generation 195 best fitness: 2089.47
[GA] Generation 196 best fitness: 2089.47
[GA] Generation 197 best fitness: 2089.47
[GA] Generation 198 best fitness: 2089.47
[GA] Generation 199 best fitness: 2089.47
[GA] Generation 200 best fitness: 2089.47
[GA PHEROMONE] Active groups: 13 / 267, Total Pheromone: 260.00
[GA] Generation 201 best fitness: 2089.47
[GA] Generation 202 best fitness: 2089.47
[GA] Stagnation detected (60 generations). Triggering Mass Extinction!
[GA] Generation 203 best fitness: 2089.47
[GA] Generation 204 best fitness: 2089.47
[GA] Generation 205 best fitness: 2089.47
[GA] Generation 206 best fitness: 2089.47
[GA] Generation 207 best fitness: 2089.47
[GA] Generation 208 best fitness: 2089.47
[GA] Generation 209 best fitness: 2089.47
[GA] Generation 210 best fitness: 2089.47
[GA PHEROMONE] Active groups: 13 / 267, Total Pheromone: 260.00
[GA] Generation 211 best fitness: 2089.47
[GA] Generation 212 best fitness: 2089.47
[GA] Generation 213 best fitness: 2089.47
[GA] Generation 214 best fitness: 2089.47
[GA] Generation 215 best fitness: 2089.47
[GA] Generation 216 best fitness: 2089.47
[GA] Generation 217 best fitness: 2089.47
[GA] Stagnation detected (75 generations). Triggering Mass Extinction!
[GA] Generation 218 best fitness: 2089.47
[GA] Generation 219 best fitness: 2089.47
[GA] Generation 220 best fitness: 2089.47
[GA PHEROMONE] Active groups: 13 / 267, Total Pheromone: 260.00
[GA] Generation 221 best fitness: 2089.47
[GA] Generation 222 best fitness: 2089.47
[GA] Generation 223 best fitness: 2089.47
[GA] Generation 224 best fitness: 2089.47
[GA] Generation 225 best fitness: 2089.47
[GA] Generation 226 best fitness: 2089.47
[GA] Generation 227 best fitness: 2089.47
[GA] Generation 228 best fitness: 2089.47
[GA] Generation 229 best fitness: 2089.47
[GA] Generation 230 best fitness: 2089.47
[GA PHEROMONE] Active groups: 13 / 267, Total Pheromone: 260.00
[GA] Generation 231 best fitness: 2089.47
[GA] Generation 232 best fitness: 2089.47
[GA] Stagnation detected (90 generations). Triggering Mass Extinction!
[GA] Generation 233 best fitness: 2089.47
[GA] Generation 234 best fitness: 2089.47
[GA] Generation 235 best fitness: 2089.47
[GA] Generation 236 best fitness: 2089.47
[GA] Generation 237 best fitness: 2089.47
[GA] Generation 238 best fitness: 2089.47
[GA] Generation 239 best fitness: 2089.47
[GA] Generation 240 best fitness: 2089.47
[GA PHEROMONE] Active groups: 13 / 267, Total Pheromone: 260.00
[GA] Generation 241 best fitness: 2089.47
[GA] Generation 242 best fitness: 2089.47
[GA] Generation 243 best fitness: 2089.47
[GA] Generation 244 best fitness: 2089.47
[GA] Generation 245 best fitness: 2089.47
[GA] Generation 246 best fitness: 2089.47
[GA] Generation 247 best fitness: 2089.47
[GA] Stagnation detected (105 generations). Triggering Mass Extinction!
[GA] Generation 248 best fitness: 2089.47
[GA] Generation 249 best fitness: 2089.47
[GA] Generation 250 best fitness: 2089.47
[GA PHEROMONE] Active groups: 13 / 267, Total Pheromone: 260.00
[GA] Generation 251 best fitness: 2089.47
[GA] Generation 252 best fitness: 2089.47
[GA] Generation 253 best fitness: 2089.47
[GA] Generation 254 best fitness: 2089.47
[GA] Generation 255 best fitness: 2089.47
[GA] Generation 256 best fitness: 2089.47
[GA] Generation 257 best fitness: 2089.47
[GA] Generation 258 best fitness: 2089.47
[GA] Generation 259 best fitness: 2089.47
[GA] Generation 260 best fitness: 2089.47
[GA PHEROMONE] Active groups: 13 / 267, Total Pheromone: 260.00
[GA] Generation 261 best fitness: 2089.47
[GA] Generation 262 best fitness: 2089.47
[GA] Stagnation detected (120 generations). Triggering Mass Extinction!
[GA] Hard stagnation detected (120 generations). Early termination at generation 262
[GA] Seed 3 final best fitness: 2089.47
[GA] === Seed 4 / 5 (seed=64) ===
[GA] Generation 0 best fitness: -1303.57
[GA PHEROMONE] Active groups: 5 / 267, Total Pheromone: 20.00
[GA] Generation 1 best fitness: 285.36
[GA] Generation 2 best fitness: 285.36
[GA] Generation 3 best fitness: 285.36
[GA] Generation 4 best fitness: 850.96
[GA] Generation 5 best fitness: 850.96
[GA] Generation 6 best fitness: 850.96
[GA] Generation 7 best fitness: 850.96
[GA] Generation 8 best fitness: 1050.21
[GA] Generation 9 best fitness: 1050.21
[GA] Generation 10 best fitness: 1050.21
[GA PHEROMONE] Active groups: 20 / 267, Total Pheromone: 221.06
[GA] Generation 11 best fitness: 1061.62
[GA] Generation 12 best fitness: 1179.35
[GA] Generation 13 best fitness: 1526.67
[GA] Generation 14 best fitness: 1526.67
[GA] Generation 15 best fitness: 1526.67
[GA] Generation 16 best fitness: 1526.67
[GA] Generation 17 best fitness: 1526.67
[GA] Generation 18 best fitness: 1526.67
[GA] Generation 19 best fitness: 1526.67
[GA] Generation 20 best fitness: 1526.67
[GA PHEROMONE] Active groups: 29 / 267, Total Pheromone: 398.92
[GA] Generation 21 best fitness: 1526.67
[GA] Generation 22 best fitness: 1526.67
[GA] Generation 23 best fitness: 1535.05
[GA] Generation 24 best fitness: 1535.05
[GA] Generation 25 best fitness: 1535.05
[GA] Generation 26 best fitness: 1535.05
[GA] Generation 27 best fitness: 1535.05
[GA] Generation 28 best fitness: 1535.05
[GA] Generation 29 best fitness: 1581.08
[GA] Generation 30 best fitness: 1610.58
[GA PHEROMONE] Active groups: 31 / 267, Total Pheromone: 393.70
[GA] Generation 31 best fitness: 1610.58
[GA] Generation 32 best fitness: 1645.94
[GA] Generation 33 best fitness: 1818.62
[GA] Generation 34 best fitness: 1818.62
[GA] Generation 35 best fitness: 1824.05
[GA] Generation 36 best fitness: 1824.05
[GA] Generation 37 best fitness: 1824.05
[GA] Generation 38 best fitness: 1824.05
[GA] Generation 39 best fitness: 1824.05
[GA] Generation 40 best fitness: 1824.05
[GA PHEROMONE] Active groups: 32 / 267, Total Pheromone: 324.93
[GA] Generation 41 best fitness: 1824.05
[GA] Generation 42 best fitness: 1824.05
[GA] Generation 43 best fitness: 1824.05
[GA] Generation 44 best fitness: 1824.05
[GA] Generation 45 best fitness: 1824.05
[GA] Generation 46 best fitness: 1824.05
[GA] Generation 47 best fitness: 1824.05
[GA] Generation 48 best fitness: 1824.05
[GA] Generation 49 best fitness: 1824.05
[GA] Stagnation detected (15 generations). Triggering Mass Extinction!
[GA] Raising mutation rate to 0.40
[GA] Generation 50 best fitness: 1824.05
[GA PHEROMONE] Active groups: 27 / 267, Total Pheromone: 304.88
[GA] Generation 51 best fitness: 1824.05
[GA] Generation 52 best fitness: 1824.05
[GA] Generation 53 best fitness: 1824.05
[GA] Best fitness improved to 1860.30. Resetting mutation rate to 0.15
[GA] Generation 54 best fitness: 1860.30
[GA] Generation 55 best fitness: 1861.46
[GA] Generation 56 best fitness: 1861.46
[GA] Generation 57 best fitness: 1861.46
[GA] Generation 58 best fitness: 1861.46
[GA] Generation 59 best fitness: 1861.46
[GA] Generation 60 best fitness: 1861.46
[GA PHEROMONE] Active groups: 23 / 267, Total Pheromone: 289.91
[GA] Generation 61 best fitness: 1861.46
[GA] Generation 62 best fitness: 1861.46
[GA] Generation 63 best fitness: 1861.46
[GA] Generation 64 best fitness: 1861.46
[GA] Generation 65 best fitness: 1861.46
[GA] Generation 66 best fitness: 1861.46
[GA] Generation 67 best fitness: 1862.37
[GA] Generation 68 best fitness: 1871.62
[GA] Generation 69 best fitness: 1871.62
[GA] Generation 70 best fitness: 1871.62
[GA PHEROMONE] Active groups: 24 / 267, Total Pheromone: 315.07
[GA] Generation 71 best fitness: 1875.04
[GA] Generation 72 best fitness: 1875.04
[GA] Generation 73 best fitness: 1875.04
[GA] Generation 74 best fitness: 1875.04
[GA] Generation 75 best fitness: 1875.04
[GA] Generation 76 best fitness: 1875.04
[GA] Generation 77 best fitness: 1875.04
[GA] Generation 78 best fitness: 1905.51
[GA] Generation 79 best fitness: 1905.51
[GA] Generation 80 best fitness: 1905.51
[GA PHEROMONE] Active groups: 19 / 267, Total Pheromone: 316.32
[GA] Generation 81 best fitness: 1905.51
[GA] Generation 82 best fitness: 1905.51
[GA] Generation 83 best fitness: 1905.51
[GA] Generation 84 best fitness: 1905.51
[GA] Generation 85 best fitness: 1905.51
[GA] Generation 86 best fitness: 1905.51
[GA] Generation 87 best fitness: 1905.51
[GA] Generation 88 best fitness: 1905.51
[GA] Generation 89 best fitness: 1905.51
[GA] Generation 90 best fitness: 1905.51
[GA PHEROMONE] Active groups: 19 / 267, Total Pheromone: 322.48
[GA] Generation 91 best fitness: 1905.51
[GA] Generation 92 best fitness: 1905.51
[GA] Stagnation detected (15 generations). Triggering Mass Extinction!
[GA] Raising mutation rate to 0.40
[GA] Generation 93 best fitness: 1905.51
[GA] Generation 94 best fitness: 1905.51
[GA] Generation 95 best fitness: 1905.51
[GA] Generation 96 best fitness: 1905.51
[GA] Generation 97 best fitness: 1905.51
[GA] Generation 98 best fitness: 1905.51
[GA] Generation 99 best fitness: 1905.51
[GA] Generation 100 best fitness: 1905.51
[GA PHEROMONE] Active groups: 19 / 267, Total Pheromone: 320.49
[GA] Generation 101 best fitness: 1905.51
[GA] Generation 102 best fitness: 1905.51
[GA] Generation 103 best fitness: 1905.51
[GA] Generation 104 best fitness: 1905.51
[GA] Generation 105 best fitness: 1905.51
[GA] Generation 106 best fitness: 1905.51
[GA] Generation 107 best fitness: 1905.51
[GA] Stagnation detected (30 generations). Triggering Mass Extinction!
[GA] Generation 108 best fitness: 1905.51
[GA] Generation 109 best fitness: 1905.51
[GA] Generation 110 best fitness: 1905.51
[GA PHEROMONE] Active groups: 18 / 267, Total Pheromone: 320.09
[GA] Generation 111 best fitness: 1905.51
[GA] Generation 112 best fitness: 1905.51
[GA] Generation 113 best fitness: 1905.51
[GA] Generation 114 best fitness: 1905.51
[GA] Generation 115 best fitness: 1905.51
[GA] Generation 116 best fitness: 1905.51
[GA] Generation 117 best fitness: 1905.51
[GA] Generation 118 best fitness: 1905.51
[GA] Generation 119 best fitness: 1905.51
[GA] Generation 120 best fitness: 1905.51
[GA PHEROMONE] Active groups: 17 / 267, Total Pheromone: 320.02
[GA] Generation 121 best fitness: 1905.51
[GA] Generation 122 best fitness: 1905.51
[GA] Stagnation detected (45 generations). Triggering Mass Extinction!
[GA] Generation 123 best fitness: 1905.51
[GA] Generation 124 best fitness: 1905.51
[GA] Generation 125 best fitness: 1905.51
[GA] Generation 126 best fitness: 1905.51
[GA] Generation 127 best fitness: 1905.51
[GA] Generation 128 best fitness: 1905.51
[GA] Generation 129 best fitness: 1905.51
[GA] Generation 130 best fitness: 1905.51
[GA] Best fitness improved to 1950.09. Resetting mutation rate to 0.15
[GA PHEROMONE] Active groups: 17 / 267, Total Pheromone: 322.00
[GA] Generation 131 best fitness: 1950.09
[GA] Generation 132 best fitness: 1950.09
[GA] Generation 133 best fitness: 1950.09
[GA] Generation 134 best fitness: 1950.09
[GA] Generation 135 best fitness: 1950.09
[GA] Generation 136 best fitness: 1950.09
[GA] Generation 137 best fitness: 1950.09
[GA] Generation 138 best fitness: 1950.09
[GA] Generation 139 best fitness: 1950.09
[GA] Generation 140 best fitness: 1950.09
[GA PHEROMONE] Active groups: 17 / 267, Total Pheromone: 306.69
[GA] Generation 141 best fitness: 1950.09
[GA] Generation 142 best fitness: 1950.09
[GA] Generation 143 best fitness: 1950.09
[GA] Generation 144 best fitness: 1950.09
[GA] Generation 145 best fitness: 1950.09
[GA] Stagnation detected (15 generations). Triggering Mass Extinction!
[GA] Raising mutation rate to 0.40
[GA] Generation 146 best fitness: 1950.09
[GA] Best fitness improved to 1983.97. Resetting mutation rate to 0.15
[GA] Generation 147 best fitness: 1983.97
[GA] Generation 148 best fitness: 1983.97
[GA] Generation 149 best fitness: 1983.97
[GA] Generation 150 best fitness: 1983.97
[GA PHEROMONE] Active groups: 17 / 267, Total Pheromone: 305.03
[GA] Generation 151 best fitness: 1983.97
[GA] Generation 152 best fitness: 1983.97
[GA] Generation 153 best fitness: 1983.97
[GA] Generation 154 best fitness: 1983.97
[GA] Generation 155 best fitness: 1983.97
[GA] Generation 156 best fitness: 1983.97
[GA] Generation 157 best fitness: 1983.97
[GA] Generation 158 best fitness: 1983.97
[GA] Generation 159 best fitness: 1983.97
[GA] Generation 160 best fitness: 1983.97
[GA PHEROMONE] Active groups: 17 / 267, Total Pheromone: 301.88
[GA] Generation 161 best fitness: 1983.97
[GA] Stagnation detected (15 generations). Triggering Mass Extinction!
[GA] Raising mutation rate to 0.40
[GA] Generation 162 best fitness: 1983.97
[GA] Generation 163 best fitness: 1983.97
[GA] Generation 164 best fitness: 1983.97
[GA] Generation 165 best fitness: 1983.97
[GA] Generation 166 best fitness: 1983.97
[GA] Generation 167 best fitness: 1983.97
[GA] Generation 168 best fitness: 1983.97
[GA] Generation 169 best fitness: 1983.97
[GA] Generation 170 best fitness: 1983.97
[GA PHEROMONE] Active groups: 17 / 267, Total Pheromone: 300.37
[GA] Generation 171 best fitness: 1983.97
[GA] Generation 172 best fitness: 1983.97
[GA] Generation 173 best fitness: 1983.97
[GA] Generation 174 best fitness: 1983.97
[GA] Generation 175 best fitness: 1983.97
[GA] Generation 176 best fitness: 1983.97
[GA] Stagnation detected (30 generations). Triggering Mass Extinction!
[GA] Generation 177 best fitness: 1983.97
[GA] Generation 178 best fitness: 1983.97
[GA] Generation 179 best fitness: 1983.97
[GA] Generation 180 best fitness: 1983.97
[GA PHEROMONE] Active groups: 16 / 267, Total Pheromone: 300.07
[GA] Generation 181 best fitness: 1983.97
[GA] Generation 182 best fitness: 1983.97
[GA] Generation 183 best fitness: 1983.97
[GA] Generation 184 best fitness: 1983.97
[GA] Generation 185 best fitness: 1983.97
[GA] Generation 186 best fitness: 1983.97
[GA] Generation 187 best fitness: 1983.97
[GA] Generation 188 best fitness: 1983.97
[GA] Generation 189 best fitness: 1983.97
[GA] Generation 190 best fitness: 1983.97
[GA PHEROMONE] Active groups: 16 / 267, Total Pheromone: 300.01
[GA] Generation 191 best fitness: 1983.97
[GA] Stagnation detected (45 generations). Triggering Mass Extinction!
[GA] Generation 192 best fitness: 1983.97
[GA] Generation 193 best fitness: 1983.97
[GA] Generation 194 best fitness: 1983.97
[GA] Generation 195 best fitness: 1983.97
[GA] Generation 196 best fitness: 1983.97
[GA] Generation 197 best fitness: 1983.97
[GA] Generation 198 best fitness: 1983.97
[GA] Generation 199 best fitness: 1983.97
[GA] Generation 200 best fitness: 1983.97
[GA PHEROMONE] Active groups: 15 / 267, Total Pheromone: 300.00
[GA] Generation 201 best fitness: 1983.97
[GA] Generation 202 best fitness: 1983.97
[GA] Generation 203 best fitness: 1983.97
[GA] Generation 204 best fitness: 1983.97
[GA] Generation 205 best fitness: 1983.97
[GA] Generation 206 best fitness: 1983.97
[GA] Stagnation detected (60 generations). Triggering Mass Extinction!
[GA] Generation 207 best fitness: 1983.97
[GA] Generation 208 best fitness: 1983.97
[GA] Generation 209 best fitness: 1983.97
[GA] Generation 210 best fitness: 1983.97
[GA PHEROMONE] Active groups: 15 / 267, Total Pheromone: 300.00
[GA] Generation 211 best fitness: 1983.97
[GA] Generation 212 best fitness: 1983.97
[GA] Generation 213 best fitness: 1983.97
[GA] Generation 214 best fitness: 1983.97
[GA] Generation 215 best fitness: 1983.97
[GA] Generation 216 best fitness: 1983.97
[GA] Generation 217 best fitness: 1983.97
[GA] Generation 218 best fitness: 1983.97
[GA] Generation 219 best fitness: 1983.97
[GA] Generation 220 best fitness: 1983.97
[GA PHEROMONE] Active groups: 15 / 267, Total Pheromone: 300.00
[GA] Generation 221 best fitness: 1983.97
[GA] Stagnation detected (75 generations). Triggering Mass Extinction!
[GA] Generation 222 best fitness: 1983.97
[GA] Generation 223 best fitness: 1983.97
[GA] Generation 224 best fitness: 1983.97
[GA] Generation 225 best fitness: 1983.97
[GA] Generation 226 best fitness: 1983.97
[GA] Generation 227 best fitness: 1983.97
[GA] Generation 228 best fitness: 1983.97
[GA] Generation 229 best fitness: 1983.97
[GA] Generation 230 best fitness: 1983.97
[GA PHEROMONE] Active groups: 15 / 267, Total Pheromone: 300.00
[GA] Generation 231 best fitness: 1983.97
[GA] Generation 232 best fitness: 1983.97
[GA] Generation 233 best fitness: 1983.97
[GA] Generation 234 best fitness: 1983.97
[GA] Generation 235 best fitness: 1983.97
[GA] Generation 236 best fitness: 1983.97
[GA] Stagnation detected (90 generations). Triggering Mass Extinction!
[GA] Generation 237 best fitness: 1983.97
[GA] Generation 238 best fitness: 1983.97
[GA] Generation 239 best fitness: 1983.97
[GA] Generation 240 best fitness: 1983.97
[GA PHEROMONE] Active groups: 15 / 267, Total Pheromone: 300.00
[GA] Generation 241 best fitness: 1983.97
[GA] Generation 242 best fitness: 1983.97
[GA] Generation 243 best fitness: 1983.97
[GA] Generation 244 best fitness: 1983.97
[GA] Generation 245 best fitness: 1983.97
[GA] Generation 246 best fitness: 1983.97
[GA] Generation 247 best fitness: 1983.97
[GA] Generation 248 best fitness: 1983.97
[GA] Generation 249 best fitness: 1983.97
[GA] Generation 250 best fitness: 1983.97
[GA PHEROMONE] Active groups: 15 / 267, Total Pheromone: 300.00
[GA] Generation 251 best fitness: 1983.97
[GA] Stagnation detected (105 generations). Triggering Mass Extinction!
[GA] Generation 252 best fitness: 1983.97
[GA] Generation 253 best fitness: 1983.97
[GA] Generation 254 best fitness: 1983.97
[GA] Generation 255 best fitness: 1983.97
[GA] Generation 256 best fitness: 1983.97
[GA] Generation 257 best fitness: 1983.97
[GA] Generation 258 best fitness: 1983.97
[GA] Generation 259 best fitness: 1983.97
[GA] Generation 260 best fitness: 1983.97
[GA PHEROMONE] Active groups: 15 / 267, Total Pheromone: 300.00
[GA] Generation 261 best fitness: 1983.97
[GA] Generation 262 best fitness: 1983.97
[GA] Generation 263 best fitness: 1983.97
[GA] Generation 264 best fitness: 1983.97
[GA] Generation 265 best fitness: 1983.97
[GA] Generation 266 best fitness: 1983.97
[GA] Stagnation detected (120 generations). Triggering Mass Extinction!
[GA] Hard stagnation detected (120 generations). Early termination at generation 266
[GA] Seed 4 final best fitness: 1983.97
[GA] === Seed 5 / 5 (seed=71) ===
[GA] Generation 0 best fitness: -522.36
[GA PHEROMONE] Active groups: 3 / 267, Total Pheromone: 12.00
Not converge : Sherd alignment 
[GA] Generation 1 best fitness: 106.78
[GA] Generation 2 best fitness: 106.78
[GA] Generation 3 best fitness: 790.59
[GA] Generation 4 best fitness: 790.59
[GA] Generation 5 best fitness: 790.59
[GA] Generation 6 best fitness: 1118.98
[GA] Generation 7 best fitness: 1323.41
[GA] Generation 8 best fitness: 1323.41
[GA] Generation 9 best fitness: 1323.41
[GA] Generation 10 best fitness: 1323.41
[GA PHEROMONE] Active groups: 8 / 267, Total Pheromone: 113.26
[GA] Generation 11 best fitness: 1323.41
[GA] Generation 12 best fitness: 1323.41
[GA] Generation 13 best fitness: 1388.54
[GA] Generation 14 best fitness: 1388.54
[GA] Generation 15 best fitness: 1388.54
[GA] Generation 16 best fitness: 1388.54
[GA] Generation 17 best fitness: 1388.54
[GA] Generation 18 best fitness: 1388.54
[GA] Generation 19 best fitness: 1457.88
[GA] Generation 20 best fitness: 1666.70
[GA PHEROMONE] Active groups: 20 / 267, Total Pheromone: 251.18
[GA] Generation 21 best fitness: 1666.70
[GA] Generation 22 best fitness: 1670.43
[GA] Generation 23 best fitness: 1670.43
[GA] Generation 24 best fitness: 1670.43
[GA] Generation 25 best fitness: 1670.43
[GA] Generation 26 best fitness: 1670.43
[GA] Generation 27 best fitness: 1683.39
[GA] Generation 28 best fitness: 1683.39
[GA] Generation 29 best fitness: 1683.39
[GA] Generation 30 best fitness: 1683.39
[GA PHEROMONE] Active groups: 20 / 267, Total Pheromone: 229.61
[GA] Generation 31 best fitness: 1683.39
[GA] Generation 32 best fitness: 1683.39
[GA] Generation 33 best fitness: 1683.39
[GA] Generation 34 best fitness: 1683.39
[GA] Generation 35 best fitness: 1683.39
[GA] Generation 36 best fitness: 1683.39
[GA] Generation 37 best fitness: 1683.39
[GA] Generation 38 best fitness: 1683.39
[GA] Generation 39 best fitness: 1683.39
[GA] Generation 40 best fitness: 1683.39
[GA PHEROMONE] Active groups: 20 / 267, Total Pheromone: 205.83
[GA] Generation 41 best fitness: 1683.39
[GA] Stagnation detected (15 generations). Triggering Mass Extinction!
[GA] Raising mutation rate to 0.40
[GA] Generation 42 best fitness: 1683.39
[GA] Generation 43 best fitness: 1683.39
[GA] Generation 44 best fitness: 1683.39
[GA] Generation 45 best fitness: 1683.39
[GA] Best fitness improved to 1694.35. Resetting mutation rate to 0.15
[GA] Generation 46 best fitness: 1694.35
[GA] Generation 47 best fitness: 1694.35
[GA] Generation 48 best fitness: 1694.35
[GA] Generation 49 best fitness: 1694.35
[GA] Generation 50 best fitness: 1694.35
[GA PHEROMONE] Active groups: 20 / 267, Total Pheromone: 201.15
[GA] Generation 51 best fitness: 1694.35
[GA] Generation 52 best fitness: 1694.35
[GA] Generation 53 best fitness: 1694.35
[GA] Generation 54 best fitness: 1694.35
[GA] Generation 55 best fitness: 1694.35
[GA] Generation 56 best fitness: 1694.35
[GA] Generation 57 best fitness: 1694.35
[GA] Generation 58 best fitness: 1694.35
[GA] Generation 59 best fitness: 1694.35
[GA] Generation 60 best fitness: 1694.35
[GA] Stagnation detected (15 generations). Triggering Mass Extinction!
[GA] Raising mutation rate to 0.40
[GA PHEROMONE] Active groups: 18 / 267, Total Pheromone: 200.21
[GA] Generation 61 best fitness: 1694.35
[GA] Generation 62 best fitness: 1694.35
[GA] Generation 63 best fitness: 1694.35
[GA] Generation 64 best fitness: 1694.35
[GA] Best fitness improved to 1718.09. Resetting mutation rate to 0.15
[GA] Generation 65 best fitness: 1718.09
[GA] Generation 66 best fitness: 1739.39
[GA] Generation 67 best fitness: 1739.39
[GA] Generation 68 best fitness: 1739.39
[GA] Generation 69 best fitness: 1739.39
[GA] Generation 70 best fitness: 1739.39
[GA PHEROMONE] Active groups: 25 / 267, Total Pheromone: 391.38
[GA] Generation 71 best fitness: 1739.39
[GA] Generation 72 best fitness: 1739.39
[GA] Generation 73 best fitness: 1739.39
[GA] Generation 74 best fitness: 1739.39
[GA] Generation 75 best fitness: 1739.39
[GA] Generation 76 best fitness: 1739.39
[GA] Generation 77 best fitness: 1739.39
[GA] Generation 78 best fitness: 1739.39
[GA] Generation 79 best fitness: 1739.39
[GA] Generation 80 best fitness: 1739.39
[GA] Stagnation detected (15 generations). Triggering Mass Extinction!
[GA] Raising mutation rate to 0.40
[GA PHEROMONE] Active groups: 24 / 267, Total Pheromone: 402.15
[GA] Generation 81 best fitness: 1739.39
[GA] Generation 82 best fitness: 1739.39
[GA] Generation 83 best fitness: 1739.39
[GA] Generation 84 best fitness: 1739.39
[GA] Generation 85 best fitness: 1739.39
[GA] Best fitness improved to 1758.72. Resetting mutation rate to 0.15
[GA] Generation 86 best fitness: 1758.72
[GA] Generation 87 best fitness: 1758.72
[GA] Generation 88 best fitness: 1758.72
[GA] Generation 89 best fitness: 1758.72
[GA] Generation 90 best fitness: 1758.72
[GA PHEROMONE] Active groups: 24 / 267, Total Pheromone: 354.75
[GA] Generation 91 best fitness: 1758.72
[GA] Generation 92 best fitness: 1758.72
[GA] Generation 93 best fitness: 1758.72
[GA] Generation 94 best fitness: 1758.72
[GA] Generation 95 best fitness: 1758.72
[GA] Generation 96 best fitness: 1758.72
[GA] Generation 97 best fitness: 1758.72
[GA] Generation 98 best fitness: 1758.72
[GA] Generation 99 best fitness: 1758.72
[GA] Generation 100 best fitness: 1758.72
[GA] Stagnation detected (15 generations). Triggering Mass Extinction!
[GA] Raising mutation rate to 0.40
[GA PHEROMONE] Active groups: 24 / 267, Total Pheromone: 327.46
[GA] Generation 101 best fitness: 1758.72
[GA] Generation 102 best fitness: 1758.72
[GA] Generation 103 best fitness: 1758.72
[GA] Generation 104 best fitness: 1758.72
[GA] Generation 105 best fitness: 1758.72
[GA] Generation 106 best fitness: 1758.72
[GA] Generation 107 best fitness: 1758.72
[GA] Generation 108 best fitness: 1758.72
[GA] Generation 109 best fitness: 1758.72
[GA] Generation 110 best fitness: 1758.72
[GA PHEROMONE] Active groups: 21 / 267, Total Pheromone: 321.46
[GA] Generation 111 best fitness: 1758.72
[GA] Generation 112 best fitness: 1758.72
[GA] Generation 113 best fitness: 1758.72
[GA] Generation 114 best fitness: 1758.72
[GA] Generation 115 best fitness: 1758.72
[GA] Stagnation detected (30 generations). Triggering Mass Extinction!
[GA] Generation 116 best fitness: 1758.72
[GA] Generation 117 best fitness: 1758.72
[GA] Generation 118 best fitness: 1758.72
[GA] Generation 119 best fitness: 1758.72
[GA] Generation 120 best fitness: 1758.72
[GA PHEROMONE] Active groups: 21 / 267, Total Pheromone: 320.29
[GA] Generation 121 best fitness: 1758.72
[GA] Generation 122 best fitness: 1758.72
[GA] Generation 123 best fitness: 1758.72
[GA] Best fitness improved to 1805.65. Resetting mutation rate to 0.15
[GA] Generation 124 best fitness: 1805.65
[GA] Generation 125 best fitness: 1805.65
[GA] Generation 126 best fitness: 1805.65
[GA] Generation 127 best fitness: 1805.65
[GA] Generation 128 best fitness: 1805.65
[GA] Generation 129 best fitness: 1805.65
[GA] Generation 130 best fitness: 1805.65
[GA PHEROMONE] Active groups: 22 / 267, Total Pheromone: 339.46
[GA] Generation 131 best fitness: 1805.65
[GA] Generation 132 best fitness: 1805.65
[GA] Generation 133 best fitness: 1805.65
[GA] Generation 134 best fitness: 1805.65
[GA] Generation 135 best fitness: 1805.65
[GA] Generation 136 best fitness: 1805.65
[GA] Generation 137 best fitness: 1805.65
[GA] Generation 138 best fitness: 1805.65
[GA] Stagnation detected (15 generations). Triggering Mass Extinction!
[GA] Raising mutation rate to 0.40
[GA] Generation 139 best fitness: 1805.65
[GA] Generation 140 best fitness: 1805.65
[GA PHEROMONE] Active groups: 17 / 267, Total Pheromone: 340.00
[GA] Generation 141 best fitness: 1805.65
[GA] Generation 142 best fitness: 1805.65
[GA] Generation 143 best fitness: 1805.65
[GA] Generation 144 best fitness: 1805.65
[GA] Generation 145 best fitness: 1805.65
[GA] Generation 146 best fitness: 1805.65
[GA] Generation 147 best fitness: 1805.65
[GA] Generation 148 best fitness: 1805.65
[GA] Generation 149 best fitness: 1805.65
[GA] Generation 150 best fitness: 1805.65
[GA PHEROMONE] Active groups: 17 / 267, Total Pheromone: 340.00
[GA] Generation 151 best fitness: 1805.65
[GA] Generation 152 best fitness: 1805.65
[GA] Generation 153 best fitness: 1805.65
[GA] Stagnation detected (30 generations). Triggering Mass Extinction!
[GA] Generation 154 best fitness: 1805.65
[GA] Generation 155 best fitness: 1805.65
[GA] Generation 156 best fitness: 1805.65
[GA] Generation 157 best fitness: 1805.65
[GA] Best fitness improved to 1813.76. Resetting mutation rate to 0.15
[GA] Generation 158 best fitness: 1813.76
[GA] Generation 159 best fitness: 1813.76
[GA] Generation 160 best fitness: 1813.76
[GA PHEROMONE] Active groups: 18 / 267, Total Pheromone: 350.44
[GA] Generation 161 best fitness: 1813.76
[GA] Generation 162 best fitness: 1813.76
[GA] Generation 163 best fitness: 1813.76
[GA] Generation 164 best fitness: 1813.76
[GA] Generation 165 best fitness: 1813.76
[GA] Generation 166 best fitness: 1813.76
[GA] Generation 167 best fitness: 1813.76
[GA] Generation 168 best fitness: 1813.76
[GA] Generation 169 best fitness: 1813.76
[GA] Generation 170 best fitness: 1813.76
[GA PHEROMONE] Active groups: 18 / 267, Total Pheromone: 342.06
[GA] Generation 171 best fitness: 1813.76
[GA] Generation 172 best fitness: 1813.76
[GA] Stagnation detected (15 generations). Triggering Mass Extinction!
[GA] Raising mutation rate to 0.40
[GA] Generation 173 best fitness: 1813.76
[GA] Generation 174 best fitness: 1813.76
[GA] Generation 175 best fitness: 1813.76
[GA] Generation 176 best fitness: 1813.76
[GA] Generation 177 best fitness: 1813.76
[GA] Generation 178 best fitness: 1813.76
[GA] Generation 179 best fitness: 1813.76
[GA] Generation 180 best fitness: 1813.76
[GA PHEROMONE] Active groups: 18 / 267, Total Pheromone: 340.40
[GA] Generation 181 best fitness: 1813.76
[GA] Generation 182 best fitness: 1813.76
[GA] Generation 183 best fitness: 1813.76
[GA] Generation 184 best fitness: 1813.76
[GA] Generation 185 best fitness: 1813.76
[GA] Generation 186 best fitness: 1813.76
[GA] Generation 187 best fitness: 1813.76
[GA] Stagnation detected (30 generations). Triggering Mass Extinction!
[GA] Generation 188 best fitness: 1813.76
[GA] Generation 189 best fitness: 1813.76
[GA] Generation 190 best fitness: 1813.76
[GA PHEROMONE] Active groups: 18 / 267, Total Pheromone: 340.08
[GA] Generation 191 best fitness: 1813.76
[GA] Generation 192 best fitness: 1813.76
[GA] Generation 193 best fitness: 1813.76
[GA] Generation 194 best fitness: 1813.76
[GA] Generation 195 best fitness: 1813.76
[GA] Generation 196 best fitness: 1813.76
[GA] Generation 197 best fitness: 1813.76
[GA] Generation 198 best fitness: 1813.76
[GA] Best fitness improved to 1867.92. Resetting mutation rate to 0.15
[GA] Generation 199 best fitness: 1867.92
[GA] Generation 200 best fitness: 1867.92
[GA PHEROMONE] Active groups: 19 / 267, Total Pheromone: 334.87
[GA] Generation 201 best fitness: 1867.92
[GA] Generation 202 best fitness: 1867.92
[GA] Generation 203 best fitness: 1867.92
[GA] Generation 204 best fitness: 1867.92
[GA] Generation 205 best fitness: 1867.92
[GA] Generation 206 best fitness: 1867.92
[GA] Generation 207 best fitness: 1867.92
[GA] Generation 208 best fitness: 1867.92
[GA] Generation 209 best fitness: 1867.92
[GA] Generation 210 best fitness: 1867.92
[GA PHEROMONE] Active groups: 18 / 267, Total Pheromone: 324.84
[GA] Generation 211 best fitness: 1867.92
[GA] Generation 212 best fitness: 1867.92
[GA] Generation 213 best fitness: 1867.92
[GA] Stagnation detected (15 generations). Triggering Mass Extinction!
[GA] Raising mutation rate to 0.40
[GA] Generation 214 best fitness: 1867.92
[GA] Generation 215 best fitness: 1867.92
[GA] Generation 216 best fitness: 1867.92
[GA] Generation 217 best fitness: 1867.92
[GA] Generation 218 best fitness: 1867.92
[GA] Generation 219 best fitness: 1867.92
[GA] Generation 220 best fitness: 1867.92
[GA PHEROMONE] Active groups: 18 / 267, Total Pheromone: 320.95
[GA] Generation 221 best fitness: 1867.92
[GA] Generation 222 best fitness: 1867.92
[GA] Generation 223 best fitness: 1867.92
[GA] Generation 224 best fitness: 1867.92
[GA] Generation 225 best fitness: 1867.92
[GA] Generation 226 best fitness: 1867.92
[GA] Generation 227 best fitness: 1867.92
[GA] Generation 228 best fitness: 1867.92
[GA] Stagnation detected (30 generations). Triggering Mass Extinction!
[GA] Generation 229 best fitness: 1867.92
[GA] Generation 230 best fitness: 1867.92
[GA PHEROMONE] Active groups: 18 / 267, Total Pheromone: 320.19
[GA] Generation 231 best fitness: 1867.92
[GA] Generation 232 best fitness: 1867.92
[GA] Generation 233 best fitness: 1867.92
[GA] Generation 234 best fitness: 1867.92
[GA] Generation 235 best fitness: 1867.92
[GA] Generation 236 best fitness: 1867.92
[GA] Best fitness improved to 1876.09. Resetting mutation rate to 0.15
[GA] Generation 237 best fitness: 1876.09
[GA] Generation 238 best fitness: 1876.09
[GA] Generation 239 best fitness: 1876.09
[GA] Generation 240 best fitness: 1876.09
[GA PHEROMONE] Active groups: 20 / 267, Total Pheromone: 373.40
[GA] Generation 241 best fitness: 1876.09
[GA] Generation 242 best fitness: 1876.09
[GA] Generation 243 best fitness: 1876.09
[GA] Generation 244 best fitness: 1876.09
[GA] Generation 245 best fitness: 1876.09
[GA] Generation 246 best fitness: 1876.09
[GA] Generation 247 best fitness: 1876.09
[GA] Generation 248 best fitness: 1876.09
[GA] Generation 249 best fitness: 1876.09
[GA] Generation 250 best fitness: 1876.09
[GA PHEROMONE] Active groups: 20 / 267, Total Pheromone: 381.75
[GA] Generation 251 best fitness: 1876.09
[GA] Generation 252 best fitness: 1910.86
[GA] Generation 253 best fitness: 1910.86
[GA] Generation 254 best fitness: 1910.86
[GA] Generation 255 best fitness: 1910.86
[GA] Generation 256 best fitness: 1910.86
[GA] Generation 257 best fitness: 1910.86
[GA] Generation 258 best fitness: 1910.86
[GA] Generation 259 best fitness: 1910.86
[GA] Generation 260 best fitness: 1910.86
[GA PHEROMONE] Active groups: 20 / 267, Total Pheromone: 332.16
[GA] Generation 261 best fitness: 1910.86
[GA] Generation 262 best fitness: 1910.86
[GA] Generation 263 best fitness: 1910.86
[GA] Generation 264 best fitness: 1910.86
[GA] Generation 265 best fitness: 1910.86
[GA] Generation 266 best fitness: 1910.86
[GA] Stagnation detected (15 generations). Triggering Mass Extinction!
[GA] Raising mutation rate to 0.40
[GA] Generation 267 best fitness: 1910.86
[GA] Generation 268 best fitness: 1910.86
[GA] Generation 269 best fitness: 1910.86
[GA] Generation 270 best fitness: 1910.86
[GA PHEROMONE] Active groups: 20 / 267, Total Pheromone: 322.39
[GA] Generation 271 best fitness: 1910.86
[GA] Generation 272 best fitness: 1910.86
[GA] Generation 273 best fitness: 1910.86
[GA] Generation 274 best fitness: 1910.86
[GA] Generation 275 best fitness: 1910.86
[GA] Generation 276 best fitness: 1910.86
[GA] Generation 277 best fitness: 1910.86
[GA] Generation 278 best fitness: 1910.86
[GA] Generation 279 best fitness: 1910.86
[GA] Generation 280 best fitness: 1910.86
[GA PHEROMONE] Active groups: 20 / 267, Total Pheromone: 320.47
[GA] Generation 281 best fitness: 1910.86
[GA] Stagnation detected (30 generations). Triggering Mass Extinction!
[GA] Generation 282 best fitness: 1910.86
[GA] Generation 283 best fitness: 1910.86
[GA] Generation 284 best fitness: 1910.86
[GA] Generation 285 best fitness: 1910.86
[GA] Generation 286 best fitness: 1910.86
[GA] Generation 287 best fitness: 1910.86
[GA] Generation 288 best fitness: 1910.86
[GA] Generation 289 best fitness: 1910.86
[GA] Generation 290 best fitness: 1910.86
[GA PHEROMONE] Active groups: 19 / 267, Total Pheromone: 320.09
[GA] Generation 291 best fitness: 1910.86
[GA] Generation 292 best fitness: 1910.86
[GA] Generation 293 best fitness: 1910.86
[GA] Generation 294 best fitness: 1910.86
[GA] Generation 295 best fitness: 1910.86
[GA] Generation 296 best fitness: 1910.86
[GA] Stagnation detected (45 generations). Triggering Mass Extinction!
[GA] Generation 297 best fitness: 1910.86
[GA] Generation 298 best fitness: 1910.86
[GA] Generation 299 best fitness: 1910.86
[GA] Generation 300 best fitness: 1910.86
[GA PHEROMONE] Active groups: 16 / 267, Total Pheromone: 320.00
[GA] Generation 301 best fitness: 1910.86
[GA] Generation 302 best fitness: 1910.86
[GA] Generation 303 best fitness: 1910.86
[GA] Generation 304 best fitness: 1910.86
[GA] Generation 305 best fitness: 1910.86
[GA] Generation 306 best fitness: 1910.86
[GA] Generation 307 best fitness: 1910.86
[GA] Generation 308 best fitness: 1910.86
[GA] Generation 309 best fitness: 1910.86
[GA] Generation 310 best fitness: 1910.86
[GA PHEROMONE] Active groups: 16 / 267, Total Pheromone: 320.00
[GA] Generation 311 best fitness: 1910.86
[GA] Stagnation detected (60 generations). Triggering Mass Extinction!
[GA] Generation 312 best fitness: 1910.86
[GA] Generation 313 best fitness: 1910.86
[GA] Generation 314 best fitness: 1910.86
[GA] Generation 315 best fitness: 1910.86
[GA] Generation 316 best fitness: 1910.86
[GA] Generation 317 best fitness: 1910.86
[GA] Generation 318 best fitness: 1910.86
[GA] Generation 319 best fitness: 1910.86
[GA] Generation 320 best fitness: 1910.86
[GA PHEROMONE] Active groups: 16 / 267, Total Pheromone: 320.00
[GA] Generation 321 best fitness: 1910.86
[GA] Generation 322 best fitness: 1910.86
[GA] Generation 323 best fitness: 1910.86
[GA] Generation 324 best fitness: 1910.86
[GA] Generation 325 best fitness: 1910.86
[GA] Generation 326 best fitness: 1910.86
[GA] Stagnation detected (75 generations). Triggering Mass Extinction!
[GA] Generation 327 best fitness: 1910.86
[GA] Generation 328 best fitness: 1910.86
[GA] Generation 329 best fitness: 1910.86
[GA] Generation 330 best fitness: 1910.86
[GA PHEROMONE] Active groups: 16 / 267, Total Pheromone: 320.00
[GA] Generation 331 best fitness: 1910.86
[GA] Generation 332 best fitness: 1910.86
[GA] Generation 333 best fitness: 1910.86
[GA] Generation 334 best fitness: 1910.86
[GA] Generation 335 best fitness: 1910.86
[GA] Generation 336 best fitness: 1910.86
[GA] Generation 337 best fitness: 1910.86
[GA] Generation 338 best fitness: 1910.86
[GA] Generation 339 best fitness: 1910.86
[GA] Generation 340 best fitness: 1910.86
[GA PHEROMONE] Active groups: 16 / 267, Total Pheromone: 320.00
[GA] Generation 341 best fitness: 1910.86
[GA] Stagnation detected (90 generations). Triggering Mass Extinction!
[GA] Generation 342 best fitness: 1910.86
[GA] Generation 343 best fitness: 1910.86
[GA] Generation 344 best fitness: 1910.86
[GA] Generation 345 best fitness: 1910.86
[GA] Generation 346 best fitness: 1910.86
[GA] Generation 347 best fitness: 1910.86
[GA] Generation 348 best fitness: 1910.86
[GA] Generation 349 best fitness: 1910.86
[GA] Generation 350 best fitness: 1910.86
[GA PHEROMONE] Active groups: 16 / 267, Total Pheromone: 320.00
[GA] Generation 351 best fitness: 1910.86
[GA] Best fitness improved to 1917.32. Resetting mutation rate to 0.15
[GA] Generation 352 best fitness: 1917.32
[GA] Generation 353 best fitness: 1917.32
[GA] Generation 354 best fitness: 1917.32
[GA] Generation 355 best fitness: 1917.32
[GA] Generation 356 best fitness: 1922.16
[GA] Generation 357 best fitness: 1922.16
[GA] Generation 358 best fitness: 1922.16
[GA] Generation 359 best fitness: 1922.16
[GA] Generation 360 best fitness: 1922.16
[GA PHEROMONE] Active groups: 18 / 267, Total Pheromone: 360.00
[GA] Generation 361 best fitness: 1922.16
[GA] Generation 362 best fitness: 1922.16
[GA] Generation 363 best fitness: 1922.16
[GA] Generation 364 best fitness: 1922.16
[GA] Generation 365 best fitness: 1922.16
[GA] Generation 366 best fitness: 1922.16
[GA] Generation 367 best fitness: 1922.16
[GA] Generation 368 best fitness: 1922.16
[GA] Generation 369 best fitness: 1922.16
[GA] Generation 370 best fitness: 1922.16
[GA] Stagnation detected (15 generations). Triggering Mass Extinction!
[GA] Raising mutation rate to 0.40
[GA PHEROMONE] Active groups: 18 / 267, Total Pheromone: 360.00
[GA] Generation 371 best fitness: 1922.16
[GA] Generation 372 best fitness: 1922.16
[GA] Generation 373 best fitness: 1922.16
[GA] Generation 374 best fitness: 1922.16
[GA] Generation 375 best fitness: 1922.16
[GA] Generation 376 best fitness: 1922.16
[GA] Generation 377 best fitness: 1922.16
[GA] Generation 378 best fitness: 1922.16
[GA] Generation 379 best fitness: 1922.16
[GA] Generation 380 best fitness: 1922.16
[GA PHEROMONE] Active groups: 18 / 267, Total Pheromone: 360.00
[GA] Generation 381 best fitness: 1922.16
[GA] Generation 382 best fitness: 1922.16
[GA] Generation 383 best fitness: 1922.16
[GA] Generation 384 best fitness: 1922.16
[GA] Generation 385 best fitness: 1922.16
[GA] Stagnation detected (30 generations). Triggering Mass Extinction!
[GA] Generation 386 best fitness: 1922.16
[GA] Generation 387 best fitness: 1922.16
[GA] Generation 388 best fitness: 1922.16
[GA] Generation 389 best fitness: 1922.16
[GA] Generation 390 best fitness: 1922.16
[GA PHEROMONE] Active groups: 18 / 267, Total Pheromone: 360.00
[GA] Generation 391 best fitness: 1922.16
[GA] Generation 392 best fitness: 1922.16
[GA] Generation 393 best fitness: 1922.16
[GA] Generation 394 best fitness: 1922.16
[GA] Generation 395 best fitness: 1922.16
[GA] Generation 396 best fitness: 1922.16
[GA] Best fitness improved to 1926.26. Resetting mutation rate to 0.15
[GA] Generation 397 best fitness: 1926.26
[GA] Generation 398 best fitness: 1926.26
[GA] Generation 399 best fitness: 1926.26
[GA] Generation 400 best fitness: 1926.26
[GA PHEROMONE] Active groups: 18 / 267, Total Pheromone: 348.87
[GA] Generation 401 best fitness: 1926.26
[GA] Generation 402 best fitness: 1926.26
[GA] Generation 403 best fitness: 1926.26
[GA] Generation 404 best fitness: 1926.26
[GA] Generation 405 best fitness: 1926.26
[GA] Generation 406 best fitness: 1926.26
[GA] Generation 407 best fitness: 1926.26
[GA] Generation 408 best fitness: 1926.26
[GA] Generation 409 best fitness: 1926.26
[GA] Generation 410 best fitness: 1926.26
[GA PHEROMONE] Active groups: 18 / 267, Total Pheromone: 341.75
[GA] Generation 411 best fitness: 1926.26
[GA] Stagnation detected (15 generations). Triggering Mass Extinction!
[GA] Raising mutation rate to 0.40
[GA] Generation 412 best fitness: 1926.26
[GA] Generation 413 best fitness: 1926.26
[GA] Generation 414 best fitness: 1926.26
[GA] Generation 415 best fitness: 1926.26
[GA] Generation 416 best fitness: 1926.26
[GA] Generation 417 best fitness: 1926.26
[GA] Generation 418 best fitness: 1926.26
[GA] Generation 419 best fitness: 1926.26
[GA] Generation 420 best fitness: 1926.26
[GA PHEROMONE] Active groups: 18 / 267, Total Pheromone: 340.34
[GA] Generation 421 best fitness: 1926.26
[GA] Generation 422 best fitness: 1926.26
[GA] Generation 423 best fitness: 1926.26
[GA] Generation 424 best fitness: 1926.26
[GA] Generation 425 best fitness: 1926.26
[GA] Generation 426 best fitness: 1926.26
[GA] Stagnation detected (30 generations). Triggering Mass Extinction!
[GA] Generation 427 best fitness: 1926.26
[GA] Generation 428 best fitness: 1926.26
[GA] Generation 429 best fitness: 1926.26
[GA] Generation 430 best fitness: 1926.26
[GA PHEROMONE] Active groups: 18 / 267, Total Pheromone: 340.07
[GA] Generation 431 best fitness: 1926.26
[GA] Generation 432 best fitness: 1926.26
[GA] Generation 433 best fitness: 1926.26
[GA] Generation 434 best fitness: 1926.26
[GA] Generation 435 best fitness: 1926.26
[GA] Generation 436 best fitness: 1926.26
[GA] Generation 437 best fitness: 1926.26
[GA] Generation 438 best fitness: 1926.26
[GA] Generation 439 best fitness: 1926.26
[GA] Generation 440 best fitness: 1926.26
[GA PHEROMONE] Active groups: 18 / 267, Total Pheromone: 340.01
[GA] Generation 441 best fitness: 1926.26
[GA] Stagnation detected (45 generations). Triggering Mass Extinction!
[GA] Generation 442 best fitness: 1926.26
[GA] Generation 443 best fitness: 1926.26
[GA] Generation 444 best fitness: 1926.26
[GA] Generation 445 best fitness: 1926.26
[GA] Generation 446 best fitness: 1926.26
[GA] Best fitness improved to 1935.62. Resetting mutation rate to 0.15
[GA] Generation 447 best fitness: 1935.62
[GA] Generation 448 best fitness: 1935.62
[GA] Generation 449 best fitness: 1935.62
[GA] Generation 450 best fitness: 1935.62
[GA PHEROMONE] Active groups: 17 / 267, Total Pheromone: 340.00
[GA] Generation 451 best fitness: 1935.62
[GA] Generation 452 best fitness: 1935.62
[GA] Generation 453 best fitness: 1935.62
[GA] Generation 454 best fitness: 1935.62
[GA] Generation 455 best fitness: 1935.62
[GA] Generation 456 best fitness: 1935.62
[GA] Generation 457 best fitness: 1935.62
[GA] Generation 458 best fitness: 1935.62
[GA] Generation 459 best fitness: 1935.62
[GA] Generation 460 best fitness: 1935.62
[GA PHEROMONE] Active groups: 17 / 267, Total Pheromone: 340.00
[GA] Generation 461 best fitness: 1935.62
[GA] Stagnation detected (15 generations). Triggering Mass Extinction!
[GA] Raising mutation rate to 0.40
[GA] Generation 462 best fitness: 1935.62
[GA] Generation 463 best fitness: 1935.62
[GA] Generation 464 best fitness: 1935.62
[GA] Generation 465 best fitness: 1935.62
[GA] Generation 466 best fitness: 1935.62
[GA] Generation 467 best fitness: 1935.62
[GA] Generation 468 best fitness: 1935.62
[GA] Generation 469 best fitness: 1935.62
[GA] Generation 470 best fitness: 1935.62
[GA PHEROMONE] Active groups: 17 / 267, Total Pheromone: 340.00
[GA] Generation 471 best fitness: 1935.62
[GA] Generation 472 best fitness: 1935.62
[GA] Generation 473 best fitness: 1935.62
[GA] Generation 474 best fitness: 1935.62
[GA] Generation 475 best fitness: 1935.62
[GA] Generation 476 best fitness: 1935.62
[GA] Stagnation detected (30 generations). Triggering Mass Extinction!
[GA] Generation 477 best fitness: 1935.62
[GA] Generation 478 best fitness: 1935.62
[GA] Generation 479 best fitness: 1935.62
[GA] Generation 480 best fitness: 1935.62
[GA PHEROMONE] Active groups: 17 / 267, Total Pheromone: 340.00
[GA] Generation 481 best fitness: 1935.62
[GA] Generation 482 best fitness: 1935.62
[GA] Generation 483 best fitness: 1935.62
[GA] Generation 484 best fitness: 1935.62
[GA] Generation 485 best fitness: 1935.62
[GA] Generation 486 best fitness: 1935.62
[GA] Generation 487 best fitness: 1935.62
[GA] Generation 488 best fitness: 1935.62
[GA] Generation 489 best fitness: 1935.62
[GA] Generation 490 best fitness: 1935.62
[GA PHEROMONE] Active groups: 17 / 267, Total Pheromone: 340.00
[GA] Generation 491 best fitness: 1935.62
[GA] Stagnation detected (45 generations). Triggering Mass Extinction!
[GA] Generation 492 best fitness: 1935.62
[GA] Generation 493 best fitness: 1935.62
[GA] Generation 494 best fitness: 1935.62
[GA] Generation 495 best fitness: 1935.62
[GA] Generation 496 best fitness: 1935.62
[GA] Generation 497 best fitness: 1935.62
[GA] Generation 498 best fitness: 1935.62
[GA] Generation 499 best fitness: 1935.62
[GA] Generation 500 best fitness: 1935.62
[GA PHEROMONE] Active groups: 17 / 267, Total Pheromone: 340.00
[GA] Generation 501 best fitness: 1935.62
[GA] Generation 502 best fitness: 1935.62
[GA] Generation 503 best fitness: 1935.62
[GA] Generation 504 best fitness: 1935.62
[GA] Generation 505 best fitness: 1935.62
[GA] Generation 506 best fitness: 1935.62
[GA] Stagnation detected (60 generations). Triggering Mass Extinction!
[GA] Generation 507 best fitness: 1935.62
[GA] Generation 508 best fitness: 1935.62
[GA] Generation 509 best fitness: 1935.62
[GA] Generation 510 best fitness: 1935.62
[GA PHEROMONE] Active groups: 17 / 267, Total Pheromone: 340.00
[GA] Generation 511 best fitness: 1935.62
[GA] Generation 512 best fitness: 1935.62
[GA] Generation 513 best fitness: 1935.62
[GA] Generation 514 best fitness: 1935.62
[GA] Generation 515 best fitness: 1935.62
[GA] Generation 516 best fitness: 1935.62
[GA] Generation 517 best fitness: 1935.62
[GA] Generation 518 best fitness: 1935.62
[GA] Generation 519 best fitness: 1935.62
[GA] Generation 520 best fitness: 1935.62
[GA PHEROMONE] Active groups: 17 / 267, Total Pheromone: 340.00
[GA] Generation 521 best fitness: 1935.62
[GA] Stagnation detected (75 generations). Triggering Mass Extinction!
[GA] Generation 522 best fitness: 1935.62
[GA] Generation 523 best fitness: 1935.62
[GA] Generation 524 best fitness: 1935.62
[GA] Generation 525 best fitness: 1935.62
[GA] Generation 526 best fitness: 1935.62
[GA] Generation 527 best fitness: 1935.62
[GA] Generation 528 best fitness: 1935.62
[GA] Generation 529 best fitness: 1935.62
[GA] Generation 530 best fitness: 1935.62
[GA PHEROMONE] Active groups: 17 / 267, Total Pheromone: 340.00
[GA] Generation 531 best fitness: 1935.62
[GA] Generation 532 best fitness: 1935.62
[GA] Generation 533 best fitness: 1935.62
[GA] Generation 534 best fitness: 1935.62
[GA] Generation 535 best fitness: 1935.62
[GA] Generation 536 best fitness: 1935.62
[GA] Stagnation detected (90 generations). Triggering Mass Extinction!
[GA] Generation 537 best fitness: 1935.62
[GA] Generation 538 best fitness: 1935.62
[GA] Generation 539 best fitness: 1935.62
[GA] Generation 540 best fitness: 1935.62
[GA PHEROMONE] Active groups: 17 / 267, Total Pheromone: 340.00
[GA] Generation 541 best fitness: 1935.62
[GA] Generation 542 best fitness: 1935.62
[GA] Generation 543 best fitness: 1935.62
[GA] Generation 544 best fitness: 1935.62
[GA] Generation 545 best fitness: 1935.62
[GA] Generation 546 best fitness: 1935.62
[GA] Generation 547 best fitness: 1935.62
[GA] Generation 548 best fitness: 1935.62
[GA] Generation 549 best fitness: 1935.62
[GA] Generation 550 best fitness: 1935.62
[GA PHEROMONE] Active groups: 17 / 267, Total Pheromone: 340.00
[GA] Generation 551 best fitness: 1935.62
[GA] Stagnation detected (105 generations). Triggering Mass Extinction!
[GA] Generation 552 best fitness: 1935.62
[GA] Generation 553 best fitness: 1935.62
[GA] Generation 554 best fitness: 1935.62
[GA] Generation 555 best fitness: 1935.62
[GA] Generation 556 best fitness: 1935.62
[GA] Generation 557 best fitness: 1935.62
[GA] Generation 558 best fitness: 1935.62
[GA] Generation 559 best fitness: 1935.62
[GA] Generation 560 best fitness: 1935.62
[GA PHEROMONE] Active groups: 17 / 267, Total Pheromone: 340.00
[GA] Generation 561 best fitness: 1935.62
[GA] Generation 562 best fitness: 1935.62
[GA] Generation 563 best fitness: 1935.62
[GA] Generation 564 best fitness: 1935.62
[GA] Generation 565 best fitness: 1935.62
[GA] Generation 566 best fitness: 1935.62
[GA] Stagnation detected (120 generations). Triggering Mass Extinction!
[GA] Hard stagnation detected (120 generations). Early termination at generation 566
[GA] Seed 5 final best fitness: 1935.62
[GA] Best seed: 1 / 5 (fitness=2133.66)

--- COLLISION AUDIT [FINAL BEST] ---
  Fitness overlap penalty: 0.0000
  Recomputed indexed overlap sum: 0.0000 (delta=0.0000)
  Pair counts: total=351 same_comp=351 broad_reject=294 narrow_checked=351 active=2
  Pair (0,2): center_dist=187.771 broad_radius=228.787 min_nn=22.496 hits=0/3817 hit_ratio=0.000 avg_depth=0.000 pair_pen=0.000 [OK] NARROW-PHASE CLEAR
  Pair (0,3): center_dist=182.760 broad_radius=217.974 min_nn=127.780 hits=0/3817 hit_ratio=0.000 avg_depth=0.000 pair_pen=0.000 [OK] NARROW-PHASE CLEAR
  Pair (0,4): center_dist=85.981 broad_radius=214.610 min_nn=4.595 hits=0/3817 hit_ratio=0.000 avg_depth=0.000 pair_pen=0.000 [OK] NARROW-PHASE CLEAR
  Pair (0,6): center_dist=134.910 broad_radius=203.885 min_nn=65.386 hits=0/3817 hit_ratio=0.000 avg_depth=0.000 pair_pen=0.000 [OK] NARROW-PHASE CLEAR
  Pair (0,7): center_dist=102.226 broad_radius=213.939 min_nn=1.510 hits=0/3817 hit_ratio=0.000 avg_depth=0.000 pair_pen=0.000 [OK] NARROW-PHASE CLEAR
  Pair (0,9): center_dist=159.412 broad_radius=187.916 min_nn=121.417 hits=0/3817 hit_ratio=0.000 avg_depth=0.000 pair_pen=0.000 [OK] NARROW-PHASE CLEAR
  Pair (0,10): center_dist=161.530 broad_radius=188.838 min_nn=38.902 hits=0/3817 hit_ratio=0.000 avg_depth=0.000 pair_pen=0.000 [OK] NARROW-PHASE CLEAR
  Pair (0,13): center_dist=174.039 broad_radius=182.274 min_nn=70.987 hits=0/3817 hit_ratio=0.000 avg_depth=0.000 pair_pen=0.000 [OK] NARROW-PHASE CLEAR
  Pair (0,14): center_dist=136.674 broad_radius=182.030 min_nn=59.508 hits=0/3817 hit_ratio=0.000 avg_depth=0.000 pair_pen=0.000 [OK] NARROW-PHASE CLEAR
  Pair (0,15): center_dist=152.663 broad_radius=180.135 min_nn=82.590 hits=0/3817 hit_ratio=0.000 avg_depth=0.000 pair_pen=0.000 [OK] NARROW-PHASE CLEAR
  Pair (0,16): center_dist=165.887 broad_radius=159.594 [OK] BROAD-PHASE SEPARATED
  Pair (0,17): center_dist=162.402 broad_radius=176.834 min_nn=96.284 hits=0/3817 hit_ratio=0.000 avg_depth=0.000 pair_pen=0.000 [OK] NARROW-PHASE CLEAR
  Pair (0,18): center_dist=163.663 broad_radius=165.444 min_nn=70.712 hits=0/3817 hit_ratio=0.000 avg_depth=0.000 pair_pen=0.000 [OK] NARROW-PHASE CLEAR
  Pair (0,19): center_dist=50.519 broad_radius=170.317 min_nn=9.219 hits=0/3817 hit_ratio=0.000 avg_depth=0.000 pair_pen=0.000 [OK] NARROW-PHASE CLEAR
  Pair (0,20): center_dist=177.984 broad_radius=164.805 [OK] BROAD-PHASE SEPARATED
  Pair (0,21): center_dist=147.869 broad_radius=157.183 min_nn=22.219 hits=0/3817 hit_ratio=0.000 avg_depth=0.000 pair_pen=0.000 [OK] NARROW-PHASE CLEAR
  Pair (0,22): center_dist=141.553 broad_radius=159.994 min_nn=114.281 hits=0/3817 hit_ratio=0.000 avg_depth=0.000 pair_pen=0.000 [OK] NARROW-PHASE CLEAR
  Pair (0,23): center_dist=92.731 broad_radius=151.589 min_nn=52.599 hits=0/3817 hit_ratio=0.000 avg_depth=0.000 pair_pen=0.000 [OK] NARROW-PHASE CLEAR
  Pair (0,24): center_dist=161.445 broad_radius=150.499 [OK] BROAD-PHASE SEPARATED
  Pair (0,25): center_dist=107.240 broad_radius=149.262 min_nn=51.935 hits=0/3817 hit_ratio=0.000 avg_depth=0.000 pair_pen=0.000 [OK] NARROW-PHASE CLEAR
  Pair (0,27): center_dist=185.263 broad_radius=140.780 [OK] BROAD-PHASE SEPARATED
  Pair (0,28): center_dist=187.306 broad_radius=149.924 [OK] BROAD-PHASE SEPARATED
  Pair (1,2): center_dist=126.449 broad_radius=177.889 min_nn=17.661 hits=0/3536 hit_ratio=0.000 avg_depth=0.000 pair_pen=0.000 [OK] NARROW-PHASE CLEAR
  Pair (1,3): center_dist=161.329 broad_radius=167.077 min_nn=55.322 hits=0/3536 hit_ratio=0.000 avg_depth=0.000 pair_pen=0.000 [OK] NARROW-PHASE CLEAR
  Pair (1,4): center_dist=125.506 broad_radius=163.713 min_nn=58.813 hits=0/3536 hit_ratio=0.000 avg_depth=0.000 pair_pen=0.000 [OK] NARROW-PHASE CLEAR
  Pair (1,5): center_dist=168.482 broad_radius=164.522 [OK] BROAD-PHASE SEPARATED
  Pair (1,7): center_dist=191.624 broad_radius=163.042 [OK] BROAD-PHASE SEPARATED
  Pair (1,8): center_dist=191.229 broad_radius=157.977 [OK] BROAD-PHASE SEPARATED
  Pair (1,9): center_dist=151.812 broad_radius=137.018 [OK] BROAD-PHASE SEPARATED
  Pair (1,10): center_dist=210.690 broad_radius=137.940 [OK] BROAD-PHASE SEPARATED
  Pair (1,11): center_dist=139.843 broad_radius=128.099 [OK] BROAD-PHASE SEPARATED
  Pair (1,12): center_dist=219.637 broad_radius=127.854 [OK] BROAD-PHASE SEPARATED
  Pair (1,13): center_dist=172.222 broad_radius=131.376 [OK] BROAD-PHASE SEPARATED
  Pair (1,14): center_dist=165.684 broad_radius=131.132 [OK] BROAD-PHASE SEPARATED
  Pair (1,15): center_dist=145.306 broad_radius=129.238 [OK] BROAD-PHASE SEPARATED
  Pair (1,16): center_dist=213.017 broad_radius=108.697 [OK] BROAD-PHASE SEPARATED
  Pair (1,18): center_dist=85.990 broad_radius=114.546 min_nn=23.491 hits=0/3536 hit_ratio=0.000 avg_depth=0.000 pair_pen=0.000 [OK] NARROW-PHASE CLEAR
  Pair (1,20): center_dist=170.959 broad_radius=113.907 [OK] BROAD-PHASE SEPARATED
  Pair (1,22): center_dist=140.294 broad_radius=109.097 [OK] BROAD-PHASE SEPARATED
  Pair (1,23): center_dist=110.598 broad_radius=100.692 [OK] BROAD-PHASE SEPARATED
  Pair (1,24): center_dist=150.292 broad_radius=99.602 [OK] BROAD-PHASE SEPARATED
  Pair (1,25): center_dist=40.564 broad_radius=98.365 min_nn=1.031 hits=0/3536 hit_ratio=0.000 avg_depth=0.000 pair_pen=0.000 [OK] NARROW-PHASE CLEAR
  Pair (1,27): center_dist=157.307 broad_radius=89.883 [OK] BROAD-PHASE SEPARATED
  Pair (1,28): center_dist=158.841 broad_radius=99.026 [OK] BROAD-PHASE SEPARATED
  Pair (2,3): center_dist=237.660 broad_radius=175.849 [OK] BROAD-PHASE SEPARATED
  Pair (2,4): center_dist=130.521 broad_radius=172.485 min_nn=50.214 hits=0/3591 hit_ratio=0.000 avg_depth=0.000 pair_pen=0.000 [OK] NARROW-PHASE CLEAR
  Pair (2,5): center_dist=204.251 broad_radius=173.294 [OK] BROAD-PHASE SEPARATED
  Pair (2,6): center_dist=217.485 broad_radius=161.759 [OK] BROAD-PHASE SEPARATED
  Pair (2,7): center_dist=245.151 broad_radius=171.814 [OK] BROAD-PHASE SEPARATED
  Pair (2,8): center_dist=289.556 broad_radius=166.749 [OK] BROAD-PHASE SEPARATED
  Pair (2,9): center_dist=176.221 broad_radius=145.790 [OK] BROAD-PHASE SEPARATED
  Pair (2,10): center_dist=295.470 broad_radius=146.712 [OK] BROAD-PHASE SEPARATED
  Pair (2,12): center_dist=305.746 broad_radius=136.626 [OK] BROAD-PHASE SEPARATED
  Pair (2,14): center_dist=283.383 broad_radius=139.904 [OK] BROAD-PHASE SEPARATED
  Pair (2,16): center_dist=278.633 broad_radius=117.469 [OK] BROAD-PHASE SEPARATED
  Pair (2,17): center_dist=141.314 broad_radius=134.709 [OK] BROAD-PHASE SEPARATED
  Pair (2,19): center_dist=204.657 broad_radius=128.191 [OK] BROAD-PHASE SEPARATED
  Pair (2,20): center_dist=279.198 broad_radius=122.679 [OK] BROAD-PHASE SEPARATED
  Pair (2,21): center_dist=47.373 broad_radius=115.058 min_nn=2.879 hits=0/3591 hit_ratio=0.000 avg_depth=0.000 pair_pen=0.000 [OK] NARROW-PHASE CLEAR
  Pair (2,22): center_dist=144.241 broad_radius=117.869 [OK] BROAD-PHASE SEPARATED
  Pair (2,23): center_dist=223.929 broad_radius=109.464 [OK] BROAD-PHASE SEPARATED
  Pair (2,24): center_dist=273.484 broad_radius=108.374 [OK] BROAD-PHASE SEPARATED
  Pair (2,25): center_dist=160.977 broad_radius=107.137 [OK] BROAD-PHASE SEPARATED
  Pair (3,4): center_dist=181.320 broad_radius=161.672 [OK] BROAD-PHASE SEPARATED
  Pair (3,5): center_dist=143.992 broad_radius=162.481 min_nn=44.155 hits=0/3619 hit_ratio=0.000 avg_depth=0.000 pair_pen=0.000 [OK] NARROW-PHASE CLEAR
  Pair (3,6): center_dist=144.543 broad_radius=150.947 min_nn=48.382 hits=0/3619 hit_ratio=0.000 avg_depth=0.000 pair_pen=0.000 [OK] NARROW-PHASE CLEAR
  Pair (3,7): center_dist=158.736 broad_radius=161.001 min_nn=73.080 hits=0/3619 hit_ratio=0.000 avg_depth=0.000 pair_pen=0.000 [OK] NARROW-PHASE CLEAR
  Pair (3,8): center_dist=163.346 broad_radius=155.937 [OK] BROAD-PHASE SEPARATED
  Pair (3,10): center_dist=112.082 broad_radius=135.899 min_nn=26.289 hits=0/3619 hit_ratio=0.000 avg_depth=0.000 pair_pen=0.000 [OK] NARROW-PHASE CLEAR
  Pair (3,11): center_dist=268.072 broad_radius=126.058 [OK] BROAD-PHASE SEPARATED
  Pair (3,12): center_dist=166.863 broad_radius=125.813 [OK] BROAD-PHASE SEPARATED
  Pair (3,13): center_dist=261.243 broad_radius=129.335 [OK] BROAD-PHASE SEPARATED
  Pair (3,14): center_dist=164.633 broad_radius=129.092 [OK] BROAD-PHASE SEPARATED
  Pair (3,15): center_dist=210.878 broad_radius=127.197 [OK] BROAD-PHASE SEPARATED
  Pair (3,16): center_dist=104.960 broad_radius=106.656 min_nn=30.211 hits=0/3619 hit_ratio=0.000 avg_depth=0.000 pair_pen=0.000 [OK] NARROW-PHASE CLEAR
  Pair (3,17): center_dist=109.378 broad_radius=123.896 min_nn=20.853 hits=0/3619 hit_ratio=0.000 avg_depth=0.000 pair_pen=0.000 [OK] NARROW-PHASE CLEAR
  Pair (3,18): center_dist=177.397 broad_radius=112.506 [OK] BROAD-PHASE SEPARATED
  Pair (3,19): center_dist=189.478 broad_radius=117.378 [OK] BROAD-PHASE SEPARATED
  Pair (3,21): center_dist=219.368 broad_radius=104.245 [OK] BROAD-PHASE SEPARATED
  Pair (3,22): center_dist=131.957 broad_radius=107.056 [OK] BROAD-PHASE SEPARATED
  Pair (3,23): center_dist=183.147 broad_radius=98.651 [OK] BROAD-PHASE SEPARATED
  Pair (3,24): center_dist=140.574 broad_radius=97.561 [OK] BROAD-PHASE SEPARATED
  Pair (3,25): center_dist=169.706 broad_radius=96.324 [OK] BROAD-PHASE SEPARATED
  Pair (3,27): center_dist=275.437 broad_radius=87.842 [OK] BROAD-PHASE SEPARATED
  Pair (3,28): center_dist=279.935 broad_radius=96.985 [OK] BROAD-PHASE SEPARATED
  Pair (4,5): center_dist=83.236 broad_radius=159.117 min_nn=2.839 hits=0/3010 hit_ratio=0.000 avg_depth=0.000 pair_pen=0.000 [OK] NARROW-PHASE CLEAR
  Pair (4,6): center_dist=180.594 broad_radius=147.583 [OK] BROAD-PHASE SEPARATED
  Pair (4,7): center_dist=119.497 broad_radius=157.637 min_nn=15.510 hits=0/3010 hit_ratio=0.000 avg_depth=0.000 pair_pen=0.000 [OK] NARROW-PHASE CLEAR
  Pair (4,8): center_dist=185.172 broad_radius=152.573 [OK] BROAD-PHASE SEPARATED
  Pair (4,9): center_dist=115.013 broad_radius=131.613 min_nn=21.342 hits=0/3010 hit_ratio=0.000 avg_depth=0.000 pair_pen=0.000 [OK] NARROW-PHASE CLEAR
  Pair (4,10): center_dist=192.531 broad_radius=132.535 [OK] BROAD-PHASE SEPARATED
  Pair (4,12): center_dist=190.694 broad_radius=122.449 [OK] BROAD-PHASE SEPARATED
  Pair (4,13): center_dist=101.715 broad_radius=125.972 min_nn=17.011 hits=0/3010 hit_ratio=0.000 avg_depth=0.000 pair_pen=0.000 [OK] NARROW-PHASE CLEAR
  Pair (4,14): center_dist=206.568 broad_radius=125.728 [OK] BROAD-PHASE SEPARATED
  Pair (4,15): center_dist=70.711 broad_radius=123.833 min_nn=15.386 hits=0/3010 hit_ratio=0.000 avg_depth=0.000 pair_pen=0.000 [OK] NARROW-PHASE CLEAR
  Pair (4,16): center_dist=174.470 broad_radius=103.292 [OK] BROAD-PHASE SEPARATED
  Pair (4,17): center_dist=142.034 broad_radius=120.532 [OK] BROAD-PHASE SEPARATED
  Pair (4,18): center_dist=114.545 broad_radius=109.142 [OK] BROAD-PHASE SEPARATED
  Pair (4,19): center_dist=128.280 broad_radius=114.014 [OK] BROAD-PHASE SEPARATED
  Pair (4,20): center_dist=213.442 broad_radius=108.502 [OK] BROAD-PHASE SEPARATED
  Pair (4,21): center_dist=108.056 broad_radius=100.881 [OK] BROAD-PHASE SEPARATED
  Pair (4,23): center_dist=163.517 broad_radius=95.287 [OK] BROAD-PHASE SEPARATED
  Pair (4,24): center_dist=216.639 broad_radius=94.197 [OK] BROAD-PHASE SEPARATED
  Pair (4,25): center_dist=139.223 broad_radius=92.960 [OK] BROAD-PHASE SEPARATED
  Pair (4,27): center_dist=129.282 broad_radius=84.478 [OK] BROAD-PHASE SEPARATED
  Pair (4,28): center_dist=133.663 broad_radius=93.622 [OK] BROAD-PHASE SEPARATED
  Pair (5,6): center_dist=187.196 broad_radius=148.392 [OK] BROAD-PHASE SEPARATED
  Pair (5,7): center_dist=49.587 broad_radius=158.446 min_nn=0.585 hits=7/2659 hit_ratio=0.004 avg_depth=0.217 pair_pen=0.000 [OK] NARROW-PHASE CLEAR
  Pair (5,8): center_dist=141.157 broad_radius=153.382 min_nn=22.469 hits=0/2659 hit_ratio=0.000 avg_depth=0.000 pair_pen=0.000 [OK] NARROW-PHASE CLEAR
  Pair (5,10): center_dist=124.176 broad_radius=133.345 min_nn=32.144 hits=0/2659 hit_ratio=0.000 avg_depth=0.000 pair_pen=0.000 [OK] NARROW-PHASE CLEAR
  Pair (5,11): center_dist=196.087 broad_radius=123.504 [OK] BROAD-PHASE SEPARATED
  Pair (5,12): center_dist=129.526 broad_radius=123.258 [OK] BROAD-PHASE SEPARATED
  Pair (5,13): center_dist=177.816 broad_radius=126.781 [OK] BROAD-PHASE SEPARATED
  Pair (5,14): center_dist=184.148 broad_radius=126.537 [OK] BROAD-PHASE SEPARATED
  Pair (5,15): center_dist=138.203 broad_radius=124.642 [OK] BROAD-PHASE SEPARATED
  Pair (5,16): center_dist=98.156 broad_radius=104.101 min_nn=54.178 hits=0/2659 hit_ratio=0.000 avg_depth=0.000 pair_pen=0.000 [OK] NARROW-PHASE CLEAR
  Pair (5,17): center_dist=161.941 broad_radius=121.341 [OK] BROAD-PHASE SEPARATED
  Pair (5,18): center_dist=170.741 broad_radius=109.951 [OK] BROAD-PHASE SEPARATED
  Pair (5,19): center_dist=144.761 broad_radius=114.824 [OK] BROAD-PHASE SEPARATED
  Pair (5,20): center_dist=175.941 broad_radius=109.312 [OK] BROAD-PHASE SEPARATED
  Pair (5,21): center_dist=183.073 broad_radius=101.690 [OK] BROAD-PHASE SEPARATED
  Pair (5,22): center_dist=84.740 broad_radius=104.501 min_nn=5.749 hits=0/2659 hit_ratio=0.000 avg_depth=0.000 pair_pen=0.000 [OK] NARROW-PHASE CLEAR
  Pair (5,23): center_dist=173.753 broad_radius=96.096 [OK] BROAD-PHASE SEPARATED
  Pair (5,24): center_dist=199.294 broad_radius=95.006 [OK] BROAD-PHASE SEPARATED
  Pair (5,25): center_dist=173.593 broad_radius=93.769 [OK] BROAD-PHASE SEPARATED
  Pair (5,27): center_dist=211.231 broad_radius=85.287 [OK] BROAD-PHASE SEPARATED
  Pair (5,28): center_dist=215.983 broad_radius=94.431 [OK] BROAD-PHASE SEPARATED
  Pair (6,7): center_dist=189.518 broad_radius=146.912 [OK] BROAD-PHASE SEPARATED
  Pair (6,8): center_dist=140.438 broad_radius=141.847 min_nn=66.651 hits=0/1969 hit_ratio=0.000 avg_depth=0.000 pair_pen=0.000 [OK] NARROW-PHASE CLEAR
  Pair (6,9): center_dist=183.850 broad_radius=120.888 [OK] BROAD-PHASE SEPARATED
  Pair (6,10): center_dist=171.163 broad_radius=121.810 [OK] BROAD-PHASE SEPARATED
  Pair (6,11): center_dist=219.817 broad_radius=111.969 [OK] BROAD-PHASE SEPARATED
  Pair (6,12): center_dist=178.407 broad_radius=111.724 [OK] BROAD-PHASE SEPARATED
  Pair (6,13): center_dist=253.778 broad_radius=115.246 [OK] BROAD-PHASE SEPARATED
  Pair (6,14): center_dist=89.320 broad_radius=115.002 min_nn=23.187 hits=0/1969 hit_ratio=0.000 avg_depth=0.000 pair_pen=0.000 [OK] NARROW-PHASE CLEAR
  Pair (6,15): center_dist=222.184 broad_radius=113.108 [OK] BROAD-PHASE SEPARATED
  Pair (6,16): center_dist=193.422 broad_radius=92.567 [OK] BROAD-PHASE SEPARATED
  Pair (6,17): center_dist=121.095 broad_radius=109.807 [OK] BROAD-PHASE SEPARATED
  Pair (6,18): center_dist=170.712 broad_radius=98.417 [OK] BROAD-PHASE SEPARATED
  Pair (6,19): center_dist=101.770 broad_radius=103.289 min_nn=44.948 hits=0/1969 hit_ratio=0.000 avg_depth=0.000 pair_pen=0.000 [OK] NARROW-PHASE CLEAR
  Pair (6,20): center_dist=107.980 broad_radius=97.777 [OK] BROAD-PHASE SEPARATED
  Pair (6,21): center_dist=178.248 broad_radius=90.156 [OK] BROAD-PHASE SEPARATED
  Pair (6,22): center_dist=189.176 broad_radius=92.967 [OK] BROAD-PHASE SEPARATED
  Pair (6,27): center_dist=244.780 broad_radius=73.753 [OK] BROAD-PHASE SEPARATED
  Pair (6,28): center_dist=246.171 broad_radius=82.896 [OK] BROAD-PHASE SEPARATED
  Pair (7,8): center_dist=106.075 broad_radius=151.902 min_nn=18.166 hits=0/1928 hit_ratio=0.000 avg_depth=0.000 pair_pen=0.000 [OK] NARROW-PHASE CLEAR
  Pair (7,9): center_dist=134.511 broad_radius=130.943 [OK] BROAD-PHASE SEPARATED
  Pair (7,10): center_dist=100.066 broad_radius=131.865 min_nn=1.707 hits=0/1928 hit_ratio=0.000 avg_depth=0.000 pair_pen=0.000 [OK] NARROW-PHASE CLEAR
  Pair (7,11): center_dist=226.213 broad_radius=122.024 [OK] BROAD-PHASE SEPARATED
  Pair (7,13): center_dist=217.540 broad_radius=125.301 [OK] BROAD-PHASE SEPARATED
  Pair (7,14): center_dist=162.945 broad_radius=125.057 [OK] BROAD-PHASE SEPARATED
  Pair (7,15): center_dist=182.808 broad_radius=123.163 [OK] BROAD-PHASE SEPARATED
  Pair (7,16): center_dist=87.307 broad_radius=102.621 min_nn=11.910 hits=0/1928 hit_ratio=0.000 avg_depth=0.000 pair_pen=0.000 [OK] NARROW-PHASE CLEAR
  Pair (7,17): center_dist=193.528 broad_radius=119.862 [OK] BROAD-PHASE SEPARATED
  Pair (7,18): center_dist=211.087 broad_radius=108.471 [OK] BROAD-PHASE SEPARATED
  Pair (7,19): center_dist=138.761 broad_radius=113.344 [OK] BROAD-PHASE SEPARATED
  Pair (7,20): center_dist=169.046 broad_radius=107.832 [OK] BROAD-PHASE SEPARATED
  Pair (7,21): center_dist=217.937 broad_radius=100.210 [OK] BROAD-PHASE SEPARATED
  Pair (7,22): center_dist=132.663 broad_radius=103.021 [OK] BROAD-PHASE SEPARATED
  Pair (7,23): center_dist=166.206 broad_radius=94.616 [OK] BROAD-PHASE SEPARATED
  Pair (7,24): center_dist=188.991 broad_radius=93.526 [OK] BROAD-PHASE SEPARATED
  Pair (7,25): center_dist=186.409 broad_radius=92.289 [OK] BROAD-PHASE SEPARATED
  Pair (7,27): center_dist=248.367 broad_radius=83.808 [OK] BROAD-PHASE SEPARATED
  Pair (7,28): center_dist=252.434 broad_radius=92.951 [OK] BROAD-PHASE SEPARATED
  Pair (8,9): center_dist=193.856 broad_radius=125.878 [OK] BROAD-PHASE SEPARATED
  Pair (8,11): center_dist=268.190 broad_radius=116.959 [OK] BROAD-PHASE SEPARATED
  Pair (8,12): center_dist=45.629 broad_radius=116.714 min_nn=0.348 hits=12/2367 hit_ratio=0.009 avg_depth=0.239 pair_pen=0.000 [OK] NARROW-PHASE CLEAR
  Pair (8,13): center_dist=284.831 broad_radius=120.236 [OK] BROAD-PHASE SEPARATED
  Pair (8,15): center_dist=251.806 broad_radius=118.098 [OK] BROAD-PHASE SEPARATED
  Pair (8,16): center_dist=122.026 broad_radius=97.557 [OK] BROAD-PHASE SEPARATED
  Pair (8,17): center_dist=207.039 broad_radius=114.797 [OK] BROAD-PHASE SEPARATED
  Pair (8,18): center_dist=247.499 broad_radius=103.407 [OK] BROAD-PHASE SEPARATED
  Pair (8,19): center_dist=113.514 broad_radius=108.279 [OK] BROAD-PHASE SEPARATED
  Pair (8,20): center_dist=117.755 broad_radius=102.767 [OK] BROAD-PHASE SEPARATED
  Pair (8,21): center_dist=251.204 broad_radius=95.146 [OK] BROAD-PHASE SEPARATED
  Pair (8,22): center_dist=201.870 broad_radius=97.957 [OK] BROAD-PHASE SEPARATED
  Pair (8,23): center_dist=113.964 broad_radius=89.552 [OK] BROAD-PHASE SEPARATED
  Pair (8,24): center_dist=113.477 broad_radius=88.462 [OK] BROAD-PHASE SEPARATED
  Pair (8,25): center_dist=167.215 broad_radius=87.225 [OK] BROAD-PHASE SEPARATED
  Pair (8,27): center_dist=299.180 broad_radius=78.743 [OK] BROAD-PHASE SEPARATED
  Pair (8,28): center_dist=301.763 broad_radius=87.886 [OK] BROAD-PHASE SEPARATED
  Pair (9,10): center_dist=152.721 broad_radius=105.841 [OK] BROAD-PHASE SEPARATED
  Pair (9,11): center_dist=208.320 broad_radius=96.000 [OK] BROAD-PHASE SEPARATED
  Pair (9,12): center_dist=189.999 broad_radius=95.755 [OK] BROAD-PHASE SEPARATED
  Pair (9,13): center_dist=181.225 broad_radius=99.277 [OK] BROAD-PHASE SEPARATED
  Pair (9,14): center_dist=212.837 broad_radius=99.033 [OK] BROAD-PHASE SEPARATED
  Pair (9,15): center_dist=128.631 broad_radius=97.139 [OK] BROAD-PHASE SEPARATED
  Pair (9,16): center_dist=120.638 broad_radius=76.598 [OK] BROAD-PHASE SEPARATED
  Pair (9,17): center_dist=104.301 broad_radius=93.838 [OK] BROAD-PHASE SEPARATED
  Pair (9,18): center_dist=127.407 broad_radius=82.447 [OK] BROAD-PHASE SEPARATED
  Pair (9,19): center_dist=187.897 broad_radius=87.320 [OK] BROAD-PHASE SEPARATED
  Pair (9,20): center_dist=165.689 broad_radius=81.808 [OK] BROAD-PHASE SEPARATED
  Pair (9,21): center_dist=168.916 broad_radius=74.186 [OK] BROAD-PHASE SEPARATED
  Pair (9,22): center_dist=42.528 broad_radius=76.998 min_nn=3.910 hits=0/962 hit_ratio=0.000 avg_depth=0.000 pair_pen=0.000 [OK] NARROW-PHASE CLEAR
  Pair (9,23): center_dist=202.417 broad_radius=68.593 [OK] BROAD-PHASE SEPARATED
  Pair (9,24): center_dist=203.426 broad_radius=67.502 [OK] BROAD-PHASE SEPARATED
  Pair (9,25): center_dist=173.642 broad_radius=66.265 [OK] BROAD-PHASE SEPARATED
  Pair (9,27): center_dist=207.223 broad_radius=57.784 [OK] BROAD-PHASE SEPARATED
  Pair (9,28): center_dist=212.846 broad_radius=66.927 [OK] BROAD-PHASE SEPARATED
  Pair (10,11): center_dist=294.573 broad_radius=96.922 [OK] BROAD-PHASE SEPARATED
  Pair (10,12): center_dist=65.690 broad_radius=96.677 min_nn=1.303 hits=0/1426 hit_ratio=0.000 avg_depth=0.000 pair_pen=0.000 [OK] NARROW-PHASE CLEAR
  Pair (10,13): center_dist=292.210 broad_radius=100.199 [OK] BROAD-PHASE SEPARATED
  Pair (10,14): center_dist=128.822 broad_radius=99.955 [OK] BROAD-PHASE SEPARATED
  Pair (10,15): center_dist=248.653 broad_radius=98.061 [OK] BROAD-PHASE SEPARATED
  Pair (10,17): center_dist=194.135 broad_radius=94.760 [OK] BROAD-PHASE SEPARATED
  Pair (10,18): center_dist=245.083 broad_radius=83.369 [OK] BROAD-PHASE SEPARATED
  Pair (10,19): center_dist=171.710 broad_radius=88.242 [OK] BROAD-PHASE SEPARATED
  Pair (10,20): center_dist=97.129 broad_radius=82.730 [OK] BROAD-PHASE SEPARATED
  Pair (10,21): center_dist=267.019 broad_radius=75.108 [OK] BROAD-PHASE SEPARATED
  Pair (10,22): center_dist=175.718 broad_radius=77.920 [OK] BROAD-PHASE SEPARATED
  Pair (10,23): center_dist=173.200 broad_radius=69.515 [OK] BROAD-PHASE SEPARATED
  Pair (10,24): center_dist=141.740 broad_radius=68.424 [OK] BROAD-PHASE SEPARATED
  Pair (10,25): center_dist=200.984 broad_radius=67.187 [OK] BROAD-PHASE SEPARATED
  Pair (10,27): center_dist=314.782 broad_radius=58.706 [OK] BROAD-PHASE SEPARATED
  Pair (10,28): center_dist=318.840 broad_radius=67.849 [OK] BROAD-PHASE SEPARATED
  Pair (11,12): center_dist=285.913 broad_radius=86.836 [OK] BROAD-PHASE SEPARATED
  Pair (11,13): center_dist=73.410 broad_radius=90.358 min_nn=7.396 hits=0/912 hit_ratio=0.000 avg_depth=0.000 pair_pen=0.000 [OK] NARROW-PHASE CLEAR
  Pair (11,14): center_dist=268.338 broad_radius=90.114 [OK] BROAD-PHASE SEPARATED
  Pair (11,15): center_dist=99.691 broad_radius=88.220 [OK] BROAD-PHASE SEPARATED
  Pair (11,16): center_dist=283.596 broad_radius=67.679 [OK] BROAD-PHASE SEPARATED
  Pair (11,17): center_dist=186.448 broad_radius=84.919 [OK] BROAD-PHASE SEPARATED
  Pair (11,18): center_dist=122.118 broad_radius=73.528 [OK] BROAD-PHASE SEPARATED
  Pair (11,19): center_dist=169.786 broad_radius=78.401 [OK] BROAD-PHASE SEPARATED
  Pair (11,20): center_dist=292.031 broad_radius=72.889 [OK] BROAD-PHASE SEPARATED
  Pair (11,21): center_dist=66.945 broad_radius=65.267 [OK] BROAD-PHASE SEPARATED
  Pair (11,22): center_dist=170.438 broad_radius=68.079 [OK] BROAD-PHASE SEPARATED
  Pair (11,23): center_dist=199.948 broad_radius=59.674 [OK] BROAD-PHASE SEPARATED
  Pair (11,24): center_dist=273.780 broad_radius=58.583 [OK] BROAD-PHASE SEPARATED
  Pair (11,25): center_dist=156.507 broad_radius=57.346 [OK] BROAD-PHASE SEPARATED
  Pair (11,27): center_dist=46.583 broad_radius=48.865 min_nn=10.259 hits=0/912 hit_ratio=0.000 avg_depth=0.000 pair_pen=0.000 [OK] NARROW-PHASE CLEAR
  Pair (11,28): center_dist=44.883 broad_radius=58.008 min_nn=9.376 hits=0/912 hit_ratio=0.000 avg_depth=0.000 pair_pen=0.000 [OK] NARROW-PHASE CLEAR
  Pair (12,13): center_dist=292.051 broad_radius=90.113 [OK] BROAD-PHASE SEPARATED
  Pair (12,14): center_dist=114.918 broad_radius=89.869 [OK] BROAD-PHASE SEPARATED
  Pair (12,15): center_dist=256.948 broad_radius=87.975 [OK] BROAD-PHASE SEPARATED
  Pair (12,16): center_dist=96.810 broad_radius=67.434 [OK] BROAD-PHASE SEPARATED
  Pair (12,17): center_dist=225.272 broad_radius=84.674 [OK] BROAD-PHASE SEPARATED
  Pair (12,18): center_dist=263.863 broad_radius=73.283 [OK] BROAD-PHASE SEPARATED
  Pair (12,19): center_dist=147.082 broad_radius=78.156 [OK] BROAD-PHASE SEPARATED
  Pair (12,20): center_dist=135.973 broad_radius=72.644 [OK] BROAD-PHASE SEPARATED
  Pair (12,21): center_dist=271.442 broad_radius=65.022 [OK] BROAD-PHASE SEPARATED
  Pair (12,22): center_dist=200.377 broad_radius=67.834 [OK] BROAD-PHASE SEPARATED
  Pair (12,23): center_dist=155.413 broad_radius=59.429 [OK] BROAD-PHASE SEPARATED
  Pair (12,24): center_dist=150.965 broad_radius=58.338 [OK] BROAD-PHASE SEPARATED
  Pair (12,25): center_dist=201.321 broad_radius=57.101 [OK] BROAD-PHASE SEPARATED
  Pair (12,27): center_dist=313.948 broad_radius=48.620 [OK] BROAD-PHASE SEPARATED
  Pair (12,28): center_dist=317.198 broad_radius=57.763 [OK] BROAD-PHASE SEPARATED
  Pair (13,14): center_dist=297.931 broad_radius=93.391 [OK] BROAD-PHASE SEPARATED
  Pair (13,15): center_dist=52.928 broad_radius=91.497 min_nn=2.293 hits=0/767 hit_ratio=0.000 avg_depth=0.000 pair_pen=0.000 [OK] NARROW-PHASE CLEAR
  Pair (13,16): center_dist=269.562 broad_radius=70.956 [OK] BROAD-PHASE SEPARATED
  Pair (13,17): center_dist=190.654 broad_radius=88.196 [OK] BROAD-PHASE SEPARATED
  Pair (13,18): center_dist=121.166 broad_radius=76.805 [OK] BROAD-PHASE SEPARATED
  Pair (13,19): center_dist=207.504 broad_radius=81.678 [OK] BROAD-PHASE SEPARATED
  Pair (13,20): center_dist=303.526 broad_radius=76.166 [OK] BROAD-PHASE SEPARATED
  Pair (13,21): center_dist=96.119 broad_radius=68.544 [OK] BROAD-PHASE SEPARATED
  Pair (13,22): center_dist=139.387 broad_radius=71.356 [OK] BROAD-PHASE SEPARATED
  Pair (13,23): center_dist=240.961 broad_radius=62.951 [OK] BROAD-PHASE SEPARATED
  Pair (13,24): center_dist=302.104 broad_radius=61.860 [OK] BROAD-PHASE SEPARATED
  Pair (13,25): center_dist=197.250 broad_radius=60.623 [OK] BROAD-PHASE SEPARATED
  Pair (13,27): center_dist=53.979 broad_radius=52.142 [OK] BROAD-PHASE SEPARATED
  Pair (13,28): center_dist=59.409 broad_radius=61.285 min_nn=31.870 hits=0/767 hit_ratio=0.000 avg_depth=0.000 pair_pen=0.000 [OK] NARROW-PHASE CLEAR
  Pair (14,15): center_dist=266.061 broad_radius=91.253 [OK] BROAD-PHASE SEPARATED
  Pair (14,16): center_dist=167.768 broad_radius=70.712 [OK] BROAD-PHASE SEPARATED
  Pair (14,17): center_dist=189.781 broad_radius=87.952 [OK] BROAD-PHASE SEPARATED
  Pair (14,18): center_dist=238.615 broad_radius=76.562 [OK] BROAD-PHASE SEPARATED
  Pair (14,19): center_dist=105.397 broad_radius=81.434 [OK] BROAD-PHASE SEPARATED
  Pair (14,20): center_dist=97.930 broad_radius=75.922 [OK] BROAD-PHASE SEPARATED
  Pair (14,21): center_dist=241.880 broad_radius=68.301 [OK] BROAD-PHASE SEPARATED
  Pair (14,22): center_dist=221.958 broad_radius=71.112 [OK] BROAD-PHASE SEPARATED
  Pair (14,23): center_dist=77.194 broad_radius=62.707 [OK] BROAD-PHASE SEPARATED
  Pair (14,24): center_dist=53.479 broad_radius=61.617 min_nn=10.569 hits=0/799 hit_ratio=0.000 avg_depth=0.000 pair_pen=0.000 [OK] NARROW-PHASE CLEAR
  Pair (14,25): center_dist=134.341 broad_radius=60.380 [OK] BROAD-PHASE SEPARATED
  Pair (14,27): center_dist=299.962 broad_radius=51.898 [OK] BROAD-PHASE SEPARATED
  Pair (14,28): center_dist=301.668 broad_radius=61.041 [OK] BROAD-PHASE SEPARATED
  Pair (15,16): center_dist=223.618 broad_radius=68.817 [OK] BROAD-PHASE SEPARATED
  Pair (15,17): center_dist=147.898 broad_radius=86.058 [OK] BROAD-PHASE SEPARATED
  Pair (15,18): center_dist=89.105 broad_radius=74.667 [OK] BROAD-PHASE SEPARATED
  Pair (15,19): center_dist=187.854 broad_radius=79.540 [OK] BROAD-PHASE SEPARATED
  Pair (15,20): center_dist=259.395 broad_radius=74.028 [OK] BROAD-PHASE SEPARATED
  Pair (15,21): center_dist=89.275 broad_radius=66.406 [OK] BROAD-PHASE SEPARATED
  Pair (15,22): center_dist=87.249 broad_radius=69.217 [OK] BROAD-PHASE SEPARATED
  Pair (15,23): center_dist=217.947 broad_radius=60.813 [OK] BROAD-PHASE SEPARATED
  Pair (15,24): center_dist=266.369 broad_radius=59.722 [OK] BROAD-PHASE SEPARATED
  Pair (15,25): center_dist=173.443 broad_radius=58.485 [OK] BROAD-PHASE SEPARATED
  Pair (15,27): center_dist=87.379 broad_radius=50.004 [OK] BROAD-PHASE SEPARATED
  Pair (15,28): center_dist=93.635 broad_radius=59.147 [OK] BROAD-PHASE SEPARATED
  Pair (16,17): center_dist=186.272 broad_radius=65.516 [OK] BROAD-PHASE SEPARATED
  Pair (16,18): center_dist=229.881 broad_radius=54.126 [OK] BROAD-PHASE SEPARATED
  Pair (16,19): center_dist=187.996 broad_radius=58.999 [OK] BROAD-PHASE SEPARATED
  Pair (16,20): center_dist=126.109 broad_radius=53.487 [OK] BROAD-PHASE SEPARATED
  Pair (16,21): center_dist=256.517 broad_radius=45.865 [OK] BROAD-PHASE SEPARATED
  Pair (16,22): center_dist=145.417 broad_radius=48.676 [OK] BROAD-PHASE SEPARATED
  Pair (16,23): center_dist=197.458 broad_radius=40.271 [OK] BROAD-PHASE SEPARATED
  Pair (16,24): center_dist=176.313 broad_radius=39.181 [OK] BROAD-PHASE SEPARATED
  Pair (16,25): center_dist=211.870 broad_radius=37.944 [OK] BROAD-PHASE SEPARATED
  Pair (16,27): center_dist=298.162 broad_radius=29.463 [OK] BROAD-PHASE SEPARATED
  Pair (16,28): center_dist=302.922 broad_radius=38.606 [OK] BROAD-PHASE SEPARATED
  Pair (17,18): center_dist=79.482 broad_radius=71.366 [OK] BROAD-PHASE SEPARATED
  Pair (17,19): center_dist=165.172 broad_radius=76.239 [OK] BROAD-PHASE SEPARATED
  Pair (17,20): center_dist=151.399 broad_radius=70.727 [OK] BROAD-PHASE SEPARATED
  Pair (17,21): center_dist=125.335 broad_radius=63.105 [OK] BROAD-PHASE SEPARATED
  Pair (17,22): center_dist=109.944 broad_radius=65.916 [OK] BROAD-PHASE SEPARATED
  Pair (17,23): center_dist=162.367 broad_radius=57.512 [OK] BROAD-PHASE SEPARATED
  Pair (17,24): center_dist=162.344 broad_radius=56.421 [OK] BROAD-PHASE SEPARATED
  Pair (17,25): center_dist=107.455 broad_radius=55.184 [OK] BROAD-PHASE SEPARATED
  Pair (17,27): center_dist=188.074 broad_radius=46.703 [OK] BROAD-PHASE SEPARATED
  Pair (17,28): center_dist=191.702 broad_radius=55.846 [OK] BROAD-PHASE SEPARATED
  Pair (18,19): center_dist=177.339 broad_radius=64.848 [OK] BROAD-PHASE SEPARATED
  Pair (18,20): center_dist=221.578 broad_radius=59.336 [OK] BROAD-PHASE SEPARATED
  Pair (18,21): center_dist=60.097 broad_radius=51.715 [OK] BROAD-PHASE SEPARATED
  Pair (18,22): center_dist=105.451 broad_radius=54.526 [OK] BROAD-PHASE SEPARATED
  Pair (18,23): center_dist=189.712 broad_radius=46.121 [OK] BROAD-PHASE SEPARATED
  Pair (18,24): center_dist=222.761 broad_radius=45.031 [OK] BROAD-PHASE SEPARATED
  Pair (18,25): center_dist=125.342 broad_radius=43.794 [OK] BROAD-PHASE SEPARATED
  Pair (18,27): center_dist=112.533 broad_radius=35.312 [OK] BROAD-PHASE SEPARATED
  Pair (18,28): center_dist=116.446 broad_radius=44.455 [OK] BROAD-PHASE SEPARATED
  Pair (19,20): center_dist=165.571 broad_radius=64.209 [OK] BROAD-PHASE SEPARATED
  Pair (19,21): center_dist=159.630 broad_radius=56.587 [OK] BROAD-PHASE SEPARATED
  Pair (19,22): center_dist=175.867 broad_radius=59.399 [OK] BROAD-PHASE SEPARATED
  Pair (19,23): center_dist=45.531 broad_radius=50.994 min_nn=25.830 hits=0/188 hit_ratio=0.000 avg_depth=0.000 pair_pen=0.000 [OK] NARROW-PHASE CLEAR
  Pair (19,24): center_dist=130.186 broad_radius=49.903 [OK] BROAD-PHASE SEPARATED
  Pair (19,25): center_dist=82.089 broad_radius=48.666 [OK] BROAD-PHASE SEPARATED
  Pair (19,27): center_dist=207.090 broad_radius=40.185 [OK] BROAD-PHASE SEPARATED
  Pair (19,28): center_dist=208.044 broad_radius=49.328 [OK] BROAD-PHASE SEPARATED
  Pair (20,21): center_dist=248.734 broad_radius=51.075 [OK] BROAD-PHASE SEPARATED
  Pair (20,22): center_dist=191.880 broad_radius=53.887 [OK] BROAD-PHASE SEPARATED
  Pair (20,23): center_dist=144.075 broad_radius=45.482 [OK] BROAD-PHASE SEPARATED
  Pair (20,24): center_dist=70.701 broad_radius=44.391 [OK] BROAD-PHASE SEPARATED
  Pair (20,25): center_dist=159.431 broad_radius=43.154 [OK] BROAD-PHASE SEPARATED
  Pair (20,27): center_dist=310.875 broad_radius=34.673 [OK] BROAD-PHASE SEPARATED
  Pair (20,28): center_dist=314.115 broad_radius=43.816 [OK] BROAD-PHASE SEPARATED
  Pair (21,22): center_dist=138.152 broad_radius=46.265 [OK] BROAD-PHASE SEPARATED
  Pair (21,23): center_dist=178.672 broad_radius=37.860 [OK] BROAD-PHASE SEPARATED
  Pair (21,24): center_dist=235.292 broad_radius=36.770 [OK] BROAD-PHASE SEPARATED
  Pair (21,25): center_dist=117.974 broad_radius=35.533 [OK] BROAD-PHASE SEPARATED
  Pair (21,27): center_dist=70.082 broad_radius=27.051 [OK] BROAD-PHASE SEPARATED
  Pair (21,28): center_dist=71.748 broad_radius=36.194 [OK] BROAD-PHASE SEPARATED
  Pair (22,23): center_dist=197.820 broad_radius=40.671 [OK] BROAD-PHASE SEPARATED
  Pair (22,24): center_dist=217.916 broad_radius=39.581 [OK] BROAD-PHASE SEPARATED
  Pair (22,25): center_dist=164.530 broad_radius=38.344 [OK] BROAD-PHASE SEPARATED
  Pair (22,27): center_dist=168.570 broad_radius=29.863 [OK] BROAD-PHASE SEPARATED
  Pair (22,28): center_dist=174.349 broad_radius=39.006 [OK] BROAD-PHASE SEPARATED
  Pair (23,24): center_dist=94.097 broad_radius=31.176 [OK] BROAD-PHASE SEPARATED
  Pair (23,25): center_dist=72.752 broad_radius=29.939 [OK] BROAD-PHASE SEPARATED
  Pair (23,27): center_dist=234.896 broad_radius=21.458 [OK] BROAD-PHASE SEPARATED
  Pair (23,28): center_dist=235.615 broad_radius=30.601 [OK] BROAD-PHASE SEPARATED
  Pair (24,25): center_dist=124.542 broad_radius=28.849 [OK] BROAD-PHASE SEPARATED
  Pair (24,27): center_dist=299.865 broad_radius=20.367 [OK] BROAD-PHASE SEPARATED
  Pair (24,28): center_dist=301.741 broad_radius=29.510 [OK] BROAD-PHASE SEPARATED
  Pair (25,27): center_dist=182.892 broad_radius=19.130 [OK] BROAD-PHASE SEPARATED
  Pair (25,28): center_dist=183.713 broad_radius=28.273 [OK] BROAD-PHASE SEPARATED
  Pair (27,28): center_dist=6.557 broad_radius=19.792 min_nn=1.192 hits=0/13 hit_ratio=0.000 avg_depth=0.000 pair_pen=0.000 [OK] NARROW-PHASE CLEAR
  No active cloud collisions detected.

=== CONSENSUS SUPPORT DIAGNOSTICS [FINAL BEST] ===
  Active Spanning Tree Component: 28 shards.
  Shard 1 (Root Shard):
    Alternative Pair with Shard 2 (ACTIVE IN TREE) [SKIPPED]
    Alternative Pair with Shard 6 (ACTIVE IN TREE) [SKIPPED]
    Alternative Pair with Shard 9 (ACTIVE IN TREE) [SKIPPED]
    Alternative Pair with Shard 12 (ACTIVE IN TREE) [SKIPPED]
    Alternative Pair with Shard 13 (ACTIVE IN TREE) [SKIPPED]
    Alternative Pair with Shard 7 (NOT ACTIVE IN TREE):
      Candidate choice=1 inlier=30 | RotErr = 3.0159 rad (172.7975 deg) | TransErr = 147.37 mm [FAILS]
      Candidate choice=2 inlier=32 | RotErr = 2.7534 rad (157.7568 deg) | TransErr = 137.23 mm [FAILS]
      Candidate choice=3 inlier=42 | RotErr = 2.9246 rad (167.5693 deg) | TransErr = 158.35 mm [FAILS]
      Candidate choice=4 inlier=54 | RotErr = 0.8107 rad (46.4504 deg) | TransErr = 16.84 mm [FAILS]
      Candidate choice=5 inlier=48 | RotErr = 0.7978 rad (45.7129 deg) | TransErr = 24.98 mm [FAILS]
      Candidate choice=6 inlier=34 | RotErr = 0.5308 rad (30.4116 deg) | TransErr = 69.64 mm [FAILS]
    Alternative Pair with Shard 18 (NOT ACTIVE IN TREE):
      Candidate choice=1 inlier=12 | RotErr = 2.5466 rad (145.9119 deg) | TransErr = 22.80 mm [FAILS]
      Candidate choice=2 inlier=67 | RotErr = 2.6973 rad (154.5419 deg) | TransErr = 11.14 mm [FAILS]
      Candidate choice=3 inlier=8 | RotErr = 3.0422 rad (174.3042 deg) | TransErr = 96.49 mm [FAILS]
      Candidate choice=4 inlier=44 | RotErr = 3.0910 rad (177.1002 deg) | TransErr = 108.60 mm [FAILS]
      Candidate choice=5 inlier=36 | RotErr = 3.0560 rad (175.0940 deg) | TransErr = 104.32 mm [FAILS]
    Alternative Pair with Shard 20 (NOT ACTIVE IN TREE):
      Candidate choice=1 inlier=34 | RotErr = 0.3209 rad (18.3882 deg) | TransErr = 146.16 mm [FAILS]
      Candidate choice=2 inlier=44 | RotErr = 3.0024 rad (172.0222 deg) | TransErr = 89.11 mm [FAILS]
      Candidate choice=3 inlier=67 | RotErr = 1.1762 rad (67.3925 deg) | TransErr = 17.28 mm [FAILS]
      Candidate choice=4 inlier=14 | RotErr = 2.9008 rad (166.2042 deg) | TransErr = 139.01 mm [FAILS]
      Candidate choice=5 inlier=24 | RotErr = 2.9709 rad (170.2201 deg) | TransErr = 132.93 mm [FAILS]
      Candidate choice=6 inlier=48 | RotErr = 0.2671 rad (15.3016 deg) | TransErr = 28.21 mm [FAILS]
      Candidate choice=7 inlier=113 | RotErr = 0.0418 rad (2.3944 deg) | TransErr = 0.62 mm [PASSES] -> Reward: +20.00
      Candidate choice=8 inlier=8 | RotErr = 2.8811 rad (165.0750 deg) | TransErr = 50.35 mm [FAILS]
      Candidate choice=9 inlier=44 | RotErr = 0.4746 rad (27.1940 deg) | TransErr = 88.42 mm [FAILS]
    Alternative Pair with Shard 22 (NOT ACTIVE IN TREE):
      [No match candidates found]
    Alternative Pair with Shard 10 (NOT ACTIVE IN TREE):
      Candidate choice=1 inlier=16 | RotErr = 2.5542 rad (146.3475 deg) | TransErr = 171.68 mm [FAILS]
      Candidate choice=2 inlier=42 | RotErr = 2.6368 rad (151.0752 deg) | TransErr = 101.09 mm [FAILS]
      Candidate choice=3 inlier=32 | RotErr = 1.3082 rad (74.9527 deg) | TransErr = 46.13 mm [FAILS]
      Candidate choice=4 inlier=48 | RotErr = 2.8261 rad (161.9208 deg) | TransErr = 108.18 mm [FAILS]
      Candidate choice=5 inlier=63 | RotErr = 3.1376 rad (179.7699 deg) | TransErr = 10.34 mm [FAILS]
      Candidate choice=6 inlier=75 | RotErr = 3.0380 rad (174.0625 deg) | TransErr = 13.40 mm [FAILS]
      Candidate choice=7 inlier=32 | RotErr = 2.5883 rad (148.2993 deg) | TransErr = 172.00 mm [FAILS]
      Candidate choice=8 inlier=20 | RotErr = 3.0338 rad (173.8220 deg) | TransErr = 181.94 mm [FAILS]
    Alternative Pair with Shard 11 (NOT ACTIVE IN TREE):
      Candidate choice=1 inlier=44 | RotErr = 1.5780 rad (90.4151 deg) | TransErr = 24.17 mm [FAILS]
    Alternative Pair with Shard 15 (NOT ACTIVE IN TREE):
      [No match candidates found]
    Alternative Pair with Shard 3 (NOT ACTIVE IN TREE):
      Candidate choice=1 inlier=32 | RotErr = 1.0865 rad (62.2547 deg) | TransErr = 14.12 mm [FAILS]
      Candidate choice=2 inlier=22 | RotErr = 2.5189 rad (144.3233 deg) | TransErr = 15.26 mm [FAILS]
      Candidate choice=3 inlier=26 | RotErr = 1.4333 rad (82.1232 deg) | TransErr = 138.66 mm [FAILS]
      Candidate choice=4 inlier=22 | RotErr = 1.4694 rad (84.1894 deg) | TransErr = 179.12 mm [FAILS]
      Candidate choice=5 inlier=22 | RotErr = 1.0902 rad (62.4659 deg) | TransErr = 206.78 mm [FAILS]
      Candidate choice=6 inlier=40 | RotErr = 2.9197 rad (167.2890 deg) | TransErr = 68.51 mm [FAILS]
      Candidate choice=7 inlier=10 | RotErr = 3.0790 rad (176.4123 deg) | TransErr = 50.21 mm [FAILS]
      Candidate choice=8 inlier=46 | RotErr = 2.8776 rad (164.8722 deg) | TransErr = 67.34 mm [FAILS]
      Candidate choice=9 inlier=26 | RotErr = 0.3507 rad (20.0935 deg) | TransErr = 13.24 mm [FAILS]
    Alternative Pair with Shard 5 (NOT ACTIVE IN TREE):
      Candidate choice=1 inlier=46 | RotErr = 3.0654 rad (175.6346 deg) | TransErr = 190.72 mm [FAILS]
      Candidate choice=2 inlier=62 | RotErr = 2.9975 rad (171.7430 deg) | TransErr = 167.73 mm [FAILS]
      Candidate choice=3 inlier=115 | RotErr = 0.1139 rad (6.5272 deg) | TransErr = 20.05 mm [FAILS]
      Candidate choice=4 inlier=24 | RotErr = 0.3174 rad (18.1831 deg) | TransErr = 74.07 mm [FAILS]
      Candidate choice=5 inlier=137 | RotErr = 0.0821 rad (4.7024 deg) | TransErr = 7.49 mm [PASSES] -> Reward: +20.00
      Candidate choice=6 inlier=26 | RotErr = 0.1369 rad (7.8446 deg) | TransErr = 36.56 mm [FAILS]
      Candidate choice=7 inlier=26 | RotErr = 0.6575 rad (37.6708 deg) | TransErr = 107.73 mm [FAILS]
      Candidate choice=8 inlier=30 | RotErr = 1.0018 rad (57.3980 deg) | TransErr = 149.23 mm [FAILS]
      Candidate choice=9 inlier=30 | RotErr = 2.9192 rad (167.2557 deg) | TransErr = 97.54 mm [FAILS]
      Candidate choice=10 inlier=40 | RotErr = 3.0358 rad (173.9362 deg) | TransErr = 111.11 mm [FAILS]
      Candidate choice=11 inlier=46 | RotErr = 3.0997 rad (177.6003 deg) | TransErr = 109.44 mm [FAILS]
      Candidate choice=12 inlier=34 | RotErr = 0.6089 rad (34.8884 deg) | TransErr = 205.61 mm [FAILS]
      Candidate choice=13 inlier=32 | RotErr = 1.1971 rad (68.5904 deg) | TransErr = 183.24 mm [FAILS]
      Candidate choice=14 inlier=0 | RotErr = 2.0458 rad (117.2151 deg) | TransErr = 165.97 mm [FAILS]
      Candidate choice=15 inlier=0 | RotErr = 3.1330 rad (179.5051 deg) | TransErr = 62.78 mm [FAILS]
      Candidate choice=16 inlier=0 | RotErr = 3.0859 rad (176.8088 deg) | TransErr = 124.33 mm [FAILS]
      Candidate choice=17 inlier=28 | RotErr = 3.0352 rad (173.9058 deg) | TransErr = 206.89 mm [FAILS]
    Alternative Pair with Shard 8 (NOT ACTIVE IN TREE):
      Candidate choice=1 inlier=32 | RotErr = 2.9432 rad (168.6321 deg) | TransErr = 110.10 mm [FAILS]
      Candidate choice=2 inlier=40 | RotErr = 3.1090 rad (178.1302 deg) | TransErr = 70.59 mm [FAILS]
      Candidate choice=3 inlier=38 | RotErr = 3.0232 rad (173.2189 deg) | TransErr = 99.84 mm [FAILS]
      Candidate choice=4 inlier=40 | RotErr = 2.8385 rad (162.6329 deg) | TransErr = 122.38 mm [FAILS]
      Candidate choice=5 inlier=36 | RotErr = 0.1808 rad (10.3586 deg) | TransErr = 29.64 mm [FAILS]
      Candidate choice=6 inlier=0 | RotErr = 0.1447 rad (8.2933 deg) | TransErr = 89.11 mm [FAILS]
      Candidate choice=7 inlier=24 | RotErr = 1.5398 rad (88.2267 deg) | TransErr = 45.21 mm [FAILS]
      Candidate choice=8 inlier=36 | RotErr = 3.0831 rad (176.6481 deg) | TransErr = 122.66 mm [FAILS]
      Candidate choice=9 inlier=71 | RotErr = 3.0512 rad (174.8195 deg) | TransErr = 107.62 mm [FAILS]
      Candidate choice=10 inlier=22 | RotErr = 2.9383 rad (168.3526 deg) | TransErr = 88.02 mm [FAILS]
      Candidate choice=11 inlier=20 | RotErr = 2.4840 rad (142.3216 deg) | TransErr = 118.09 mm [FAILS]
    Alternative Pair with Shard 24 (NOT ACTIVE IN TREE):
      Candidate choice=1 inlier=34 | RotErr = 1.6793 rad (96.2179 deg) | TransErr = 50.21 mm [FAILS]
      Candidate choice=2 inlier=18 | RotErr = 1.7311 rad (99.1840 deg) | TransErr = 20.13 mm [FAILS]
      Candidate choice=3 inlier=26 | RotErr = 3.1313 rad (179.4076 deg) | TransErr = 34.63 mm [FAILS]
      Candidate choice=4 inlier=0 | RotErr = 1.9358 rad (110.9143 deg) | TransErr = 51.43 mm [FAILS]
      Candidate choice=5 inlier=32 | RotErr = 0.8682 rad (49.7439 deg) | TransErr = 41.50 mm [FAILS]
      Candidate choice=6 inlier=34 | RotErr = 2.8150 rad (161.2900 deg) | TransErr = 125.75 mm [FAILS]
      Candidate choice=7 inlier=36 | RotErr = 0.2739 rad (15.6962 deg) | TransErr = 52.81 mm [FAILS]
    Alternative Pair with Shard 25 (NOT ACTIVE IN TREE):
      Candidate choice=1 inlier=38 | RotErr = 1.9114 rad (109.5168 deg) | TransErr = 26.85 mm [FAILS]
      Candidate choice=2 inlier=28 | RotErr = 3.1155 rad (178.5048 deg) | TransErr = 70.45 mm [FAILS]
    Alternative Pair with Shard 26 (NOT ACTIVE IN TREE):
      Candidate choice=1 inlier=38 | RotErr = 0.5571 rad (31.9173 deg) | TransErr = 29.58 mm [FAILS]
    Alternative Pair with Shard 4 (NOT ACTIVE IN TREE):
      Candidate choice=1 inlier=22 | RotErr = 2.7782 rad (159.1776 deg) | TransErr = 40.07 mm [FAILS]
      Candidate choice=2 inlier=18 | RotErr = 2.5192 rad (144.3383 deg) | TransErr = 33.11 mm [FAILS]
      Candidate choice=3 inlier=68 | RotErr = 2.6609 rad (152.4594 deg) | TransErr = 42.41 mm [FAILS]
      Candidate choice=4 inlier=50 | RotErr = 2.5558 rad (146.4350 deg) | TransErr = 31.73 mm [FAILS]
      Candidate choice=5 inlier=14 | RotErr = 1.7931 rad (102.7354 deg) | TransErr = 153.48 mm [FAILS]
    Alternative Pair with Shard 17 (NOT ACTIVE IN TREE):
      Candidate choice=1 inlier=36 | RotErr = 1.9690 rad (112.8132 deg) | TransErr = 77.22 mm [FAILS]
      Candidate choice=2 inlier=22 | RotErr = 1.9141 rad (109.6707 deg) | TransErr = 84.17 mm [FAILS]
      Candidate choice=3 inlier=55 | RotErr = 1.6297 rad (93.3733 deg) | TransErr = 78.29 mm [FAILS]
      Candidate choice=4 inlier=32 | RotErr = 2.6137 rad (149.7566 deg) | TransErr = 85.37 mm [FAILS]
      Candidate choice=5 inlier=18 | RotErr = 2.9875 rad (171.1701 deg) | TransErr = 95.19 mm [FAILS]
      Candidate choice=6 inlier=34 | RotErr = 2.8605 rad (163.8926 deg) | TransErr = 78.68 mm [FAILS]
    Alternative Pair with Shard 14 (NOT ACTIVE IN TREE):
      Candidate choice=1 inlier=34 | RotErr = 0.2284 rad (13.0849 deg) | TransErr = 208.30 mm [FAILS]
    Alternative Pair with Shard 16 (NOT ACTIVE IN TREE):
      Candidate choice=1 inlier=57 | RotErr = 1.8242 rad (104.5183 deg) | TransErr = 28.33 mm [FAILS]
      Candidate choice=2 inlier=20 | RotErr = 3.0256 rad (173.3565 deg) | TransErr = 28.94 mm [FAILS]
      Candidate choice=3 inlier=18 | RotErr = 3.0507 rad (174.7937 deg) | TransErr = 29.45 mm [FAILS]
      Candidate choice=4 inlier=30 | RotErr = 2.3756 rad (136.1097 deg) | TransErr = 147.66 mm [FAILS]
      Candidate choice=5 inlier=76 | RotErr = 3.0552 rad (175.0493 deg) | TransErr = 35.47 mm [FAILS]
      Candidate choice=6 inlier=30 | RotErr = 3.0084 rad (172.3668 deg) | TransErr = 245.70 mm [FAILS]
    Alternative Pair with Shard 19 (NOT ACTIVE IN TREE):
      Candidate choice=1 inlier=46 | RotErr = 2.9275 rad (167.7334 deg) | TransErr = 19.11 mm [FAILS]
      Candidate choice=2 inlier=16 | RotErr = 3.1124 rad (178.3270 deg) | TransErr = 54.50 mm [FAILS]
      Candidate choice=3 inlier=8 | RotErr = 3.1299 rad (179.3286 deg) | TransErr = 240.65 mm [FAILS]
    Alternative Pair with Shard 28 (NOT ACTIVE IN TREE):
      [No match candidates found]
    Alternative Pair with Shard 29 (NOT ACTIVE IN TREE):
      [No match candidates found]
    Alternative Pair with Shard 23 (NOT ACTIVE IN TREE):
      Candidate choice=1 inlier=49 | RotErr = 1.4876 rad (85.2324 deg) | TransErr = 4.76 mm [FAILS]
      Candidate choice=2 inlier=38 | RotErr = 1.4135 rad (80.9863 deg) | TransErr = 21.96 mm [FAILS]
      Candidate choice=3 inlier=55 | RotErr = 2.7824 rad (159.4172 deg) | TransErr = 14.33 mm [FAILS]
    Alternative Pair with Shard 21 (NOT ACTIVE IN TREE):
      Candidate choice=1 inlier=30 | RotErr = 2.1113 rad (120.9690 deg) | TransErr = 58.09 mm [FAILS]
      Candidate choice=2 inlier=16 | RotErr = 2.2344 rad (128.0215 deg) | TransErr = 71.24 mm [FAILS]
      Candidate choice=3 inlier=24 | RotErr = 2.0531 rad (117.6364 deg) | TransErr = 79.12 mm [FAILS]
      Candidate choice=4 inlier=30 | RotErr = 2.0937 rad (119.9629 deg) | TransErr = 167.80 mm [FAILS]
  Shard 2 (placed by parent 1):
    Alternative Pair with Shard 1 (ACTIVE IN TREE) [SKIPPED]
    Alternative Pair with Shard 6 (NOT ACTIVE IN TREE):
      Candidate choice=1 inlier=16 | RotErr = 3.0383 rad (174.0799 deg) | TransErr = 122.42 mm [FAILS]
      Candidate choice=2 inlier=38 | RotErr = 3.1376 rad (179.7711 deg) | TransErr = 96.48 mm [FAILS]
      Candidate choice=3 inlier=58 | RotErr = 2.1933 rad (125.6686 deg) | TransErr = 9.34 mm [FAILS]
      Candidate choice=4 inlier=52 | RotErr = 2.9007 rad (166.1951 deg) | TransErr = 34.65 mm [FAILS]
      Candidate choice=5 inlier=38 | RotErr = 2.9746 rad (170.4324 deg) | TransErr = 99.12 mm [FAILS]
      Candidate choice=6 inlier=46 | RotErr = 2.7130 rad (155.4445 deg) | TransErr = 103.78 mm [FAILS]
      Candidate choice=7 inlier=50 | RotErr = 1.6292 rad (93.3448 deg) | TransErr = 27.65 mm [FAILS]
      Candidate choice=8 inlier=56 | RotErr = 1.6442 rad (94.2064 deg) | TransErr = 53.53 mm [FAILS]
      Candidate choice=9 inlier=22 | RotErr = 2.2452 rad (128.6402 deg) | TransErr = 172.65 mm [FAILS]
    Alternative Pair with Shard 9 (NOT ACTIVE IN TREE):
      Candidate choice=1 inlier=0 | RotErr = 2.7808 rad (159.3270 deg) | TransErr = 17.78 mm [FAILS]
      Candidate choice=2 inlier=30 | RotErr = 1.4204 rad (81.3819 deg) | TransErr = 47.05 mm [FAILS]
      Candidate choice=3 inlier=0 | RotErr = 3.0055 rad (172.2030 deg) | TransErr = 80.91 mm [FAILS]
    Alternative Pair with Shard 12 (NOT ACTIVE IN TREE):
      Candidate choice=1 inlier=40 | RotErr = 0.6001 rad (34.3854 deg) | TransErr = 20.14 mm [FAILS]
      Candidate choice=2 inlier=26 | RotErr = 3.1112 rad (178.2610 deg) | TransErr = 105.59 mm [FAILS]
      Candidate choice=3 inlier=26 | RotErr = 3.1137 rad (178.4003 deg) | TransErr = 72.38 mm [FAILS]
      Candidate choice=4 inlier=22 | RotErr = 1.8152 rad (104.0048 deg) | TransErr = 13.99 mm [FAILS]
    Alternative Pair with Shard 13 (NOT ACTIVE IN TREE):
      Candidate choice=1 inlier=44 | RotErr = 2.9685 rad (170.0812 deg) | TransErr = 108.96 mm [FAILS]
      Candidate choice=2 inlier=36 | RotErr = 2.9648 rad (169.8683 deg) | TransErr = 128.57 mm [FAILS]
      Candidate choice=3 inlier=30 | RotErr = 3.0192 rad (172.9886 deg) | TransErr = 183.65 mm [FAILS]
      Candidate choice=4 inlier=40 | RotErr = 3.0558 rad (175.0822 deg) | TransErr = 202.87 mm [FAILS]
      Candidate choice=5 inlier=40 | RotErr = 3.1379 rad (179.7898 deg) | TransErr = 172.36 mm [FAILS]
      Candidate choice=6 inlier=42 | RotErr = 3.1113 rad (178.2662 deg) | TransErr = 111.18 mm [FAILS]
      Candidate choice=7 inlier=46 | RotErr = 3.0810 rad (176.5262 deg) | TransErr = 85.46 mm [FAILS]
    Alternative Pair with Shard 7 (ACTIVE IN TREE) [SKIPPED]
    Alternative Pair with Shard 18 (ACTIVE IN TREE) [SKIPPED]
    Alternative Pair with Shard 20 (ACTIVE IN TREE) [SKIPPED]
    Alternative Pair with Shard 22 (ACTIVE IN TREE) [SKIPPED]
    Alternative Pair with Shard 10 (NOT ACTIVE IN TREE):
      Candidate choice=1 inlier=30 | RotErr = 2.6053 rad (149.2756 deg) | TransErr = 16.02 mm [FAILS]
      Candidate choice=2 inlier=34 | RotErr = 3.0944 rad (177.2939 deg) | TransErr = 33.61 mm [FAILS]
      Candidate choice=3 inlier=0 | RotErr = 0.7105 rad (40.7092 deg) | TransErr = 186.15 mm [FAILS]
      Candidate choice=4 inlier=22 | RotErr = 2.8691 rad (164.3887 deg) | TransErr = 96.04 mm [FAILS]
      Candidate choice=5 inlier=24 | RotErr = 2.2077 rad (126.4906 deg) | TransErr = 37.19 mm [FAILS]
      Candidate choice=6 inlier=48 | RotErr = 1.5295 rad (87.6358 deg) | TransErr = 36.56 mm [FAILS]
      Candidate choice=7 inlier=50 | RotErr = 1.2052 rad (69.0502 deg) | TransErr = 8.17 mm [FAILS]
      Candidate choice=8 inlier=40 | RotErr = 1.4983 rad (85.8478 deg) | TransErr = 158.10 mm [FAILS]
      Candidate choice=9 inlier=26 | RotErr = 1.6752 rad (95.9845 deg) | TransErr = 181.07 mm [FAILS]
    Alternative Pair with Shard 11 (NOT ACTIVE IN TREE):
      [No match candidates found]
    Alternative Pair with Shard 15 (NOT ACTIVE IN TREE):
      Candidate choice=1 inlier=24 | RotErr = 3.0917 rad (177.1386 deg) | TransErr = 89.80 mm [FAILS]
    Alternative Pair with Shard 3 (NOT ACTIVE IN TREE):
      Candidate choice=1 inlier=56 | RotErr = 0.2939 rad (16.8395 deg) | TransErr = 14.28 mm [FAILS]
      Candidate choice=2 inlier=54 | RotErr = 0.2239 rad (12.8266 deg) | TransErr = 13.47 mm [FAILS]
      Candidate choice=3 inlier=30 | RotErr = 2.9118 rad (166.8356 deg) | TransErr = 73.72 mm [FAILS]
      Candidate choice=4 inlier=30 | RotErr = 2.6995 rad (154.6672 deg) | TransErr = 118.54 mm [FAILS]
      Candidate choice=5 inlier=26 | RotErr = 3.1381 rad (179.8019 deg) | TransErr = 97.13 mm [FAILS]
      Candidate choice=6 inlier=0 | RotErr = 3.1113 rad (178.2652 deg) | TransErr = 86.96 mm [FAILS]
      Candidate choice=7 inlier=36 | RotErr = 2.8900 rad (165.5823 deg) | TransErr = 99.18 mm [FAILS]
      Candidate choice=8 inlier=36 | RotErr = 3.0506 rad (174.7850 deg) | TransErr = 60.90 mm [FAILS]
      Candidate choice=9 inlier=30 | RotErr = 1.2384 rad (70.9544 deg) | TransErr = 50.59 mm [FAILS]
      Candidate choice=10 inlier=22 | RotErr = 1.0944 rad (62.7021 deg) | TransErr = 34.02 mm [FAILS]
      Candidate choice=11 inlier=18 | RotErr = 0.7149 rad (40.9624 deg) | TransErr = 12.71 mm [FAILS]
    Alternative Pair with Shard 5 (NOT ACTIVE IN TREE):
      Candidate choice=1 inlier=38 | RotErr = 3.1397 rad (179.8941 deg) | TransErr = 186.40 mm [FAILS]
      Candidate choice=2 inlier=73 | RotErr = 0.9749 rad (55.8572 deg) | TransErr = 19.11 mm [FAILS]
      Candidate choice=3 inlier=0 | RotErr = 2.9010 rad (166.2153 deg) | TransErr = 75.10 mm [FAILS]
      Candidate choice=4 inlier=36 | RotErr = 2.5006 rad (143.2756 deg) | TransErr = 117.55 mm [FAILS]
      Candidate choice=5 inlier=38 | RotErr = 1.8917 rad (108.3841 deg) | TransErr = 78.41 mm [FAILS]
      Candidate choice=6 inlier=44 | RotErr = 1.8002 rad (103.1419 deg) | TransErr = 9.23 mm [FAILS]
    Alternative Pair with Shard 8 (NOT ACTIVE IN TREE):
      Candidate choice=1 inlier=0 | RotErr = 2.9601 rad (169.6000 deg) | TransErr = 133.93 mm [FAILS]
      Candidate choice=2 inlier=32 | RotErr = 2.8703 rad (164.4533 deg) | TransErr = 100.31 mm [FAILS]
      Candidate choice=3 inlier=30 | RotErr = 3.0037 rad (172.0990 deg) | TransErr = 133.34 mm [FAILS]
      Candidate choice=4 inlier=82 | RotErr = 2.1190 rad (121.4071 deg) | TransErr = 17.20 mm [FAILS]
      Candidate choice=5 inlier=24 | RotErr = 2.6232 rad (150.2992 deg) | TransErr = 22.00 mm [FAILS]
      Candidate choice=6 inlier=52 | RotErr = 3.0047 rad (172.1541 deg) | TransErr = 124.03 mm [FAILS]
    Alternative Pair with Shard 24 (NOT ACTIVE IN TREE):
      Candidate choice=1 inlier=32 | RotErr = 0.6004 rad (34.4017 deg) | TransErr = 64.67 mm [FAILS]
      Candidate choice=2 inlier=36 | RotErr = 1.6396 rad (93.9424 deg) | TransErr = 26.07 mm [FAILS]
    Alternative Pair with Shard 25 (NOT ACTIVE IN TREE):
      [No match candidates found]
    Alternative Pair with Shard 26 (NOT ACTIVE IN TREE):
      Candidate choice=1 inlier=26 | RotErr = 1.4745 rad (84.4823 deg) | TransErr = 26.69 mm [FAILS]
      Candidate choice=2 inlier=20 | RotErr = 1.4426 rad (82.6569 deg) | TransErr = 53.85 mm [FAILS]
    Alternative Pair with Shard 4 (NOT ACTIVE IN TREE):
      Candidate choice=1 inlier=28 | RotErr = 2.7136 rad (155.4803 deg) | TransErr = 17.54 mm [FAILS]
      Candidate choice=2 inlier=44 | RotErr = 0.5852 rad (33.5286 deg) | TransErr = 14.38 mm [FAILS]
    Alternative Pair with Shard 17 (NOT ACTIVE IN TREE):
      Candidate choice=1 inlier=22 | RotErr = 2.4288 rad (139.1590 deg) | TransErr = 74.47 mm [FAILS]
      Candidate choice=2 inlier=20 | RotErr = 2.9438 rad (168.6656 deg) | TransErr = 71.02 mm [FAILS]
      Candidate choice=3 inlier=38 | RotErr = 2.5769 rad (147.6443 deg) | TransErr = 87.25 mm [FAILS]
    Alternative Pair with Shard 14 (NOT ACTIVE IN TREE):
      [No match candidates found]
    Alternative Pair with Shard 16 (NOT ACTIVE IN TREE):
      Candidate choice=1 inlier=53 | RotErr = 2.9155 rad (167.0483 deg) | TransErr = 172.32 mm [FAILS]
      Candidate choice=2 inlier=36 | RotErr = 1.4460 rad (82.8486 deg) | TransErr = 47.00 mm [FAILS]
      Candidate choice=3 inlier=36 | RotErr = 1.4556 rad (83.3996 deg) | TransErr = 24.32 mm [FAILS]
    Alternative Pair with Shard 19 (NOT ACTIVE IN TREE):
      Candidate choice=1 inlier=49 | RotErr = 0.3013 rad (17.2628 deg) | TransErr = 54.70 mm [FAILS]
      Candidate choice=2 inlier=72 | RotErr = 0.3471 rad (19.8865 deg) | TransErr = 16.36 mm [FAILS]
      Candidate choice=3 inlier=88 | RotErr = 0.2000 rad (11.4569 deg) | TransErr = 29.00 mm [FAILS]
    Alternative Pair with Shard 28 (NOT ACTIVE IN TREE):
      [No match candidates found]
    Alternative Pair with Shard 29 (NOT ACTIVE IN TREE):
      [No match candidates found]
    Alternative Pair with Shard 23 (NOT ACTIVE IN TREE):
      Candidate choice=1 inlier=30 | RotErr = 2.5555 rad (146.4199 deg) | TransErr = 23.69 mm [FAILS]
      Candidate choice=2 inlier=45 | RotErr = 2.6010 rad (149.0269 deg) | TransErr = 10.09 mm [FAILS]
      Candidate choice=3 inlier=40 | RotErr = 1.5942 rad (91.3437 deg) | TransErr = 9.81 mm [FAILS]
      Candidate choice=4 inlier=38 | RotErr = 1.7105 rad (98.0057 deg) | TransErr = 43.93 mm [FAILS]
    Alternative Pair with Shard 21 (NOT ACTIVE IN TREE):
      Candidate choice=1 inlier=30 | RotErr = 2.2280 rad (127.6529 deg) | TransErr = 86.52 mm [FAILS]
      Candidate choice=2 inlier=28 | RotErr = 2.1114 rad (120.9746 deg) | TransErr = 87.39 mm [FAILS]
      Candidate choice=3 inlier=24 | RotErr = 1.2040 rad (68.9848 deg) | TransErr = 154.70 mm [FAILS]
  Shard 6 (placed by parent 1):
    Alternative Pair with Shard 1 (ACTIVE IN TREE) [SKIPPED]
    Alternative Pair with Shard 2 (NOT ACTIVE IN TREE):
      Candidate choice=1 inlier=16 | RotErr = 3.0383 rad (174.0799 deg) | TransErr = 122.42 mm [FAILS]
      Candidate choice=2 inlier=38 | RotErr = 3.1376 rad (179.7711 deg) | TransErr = 96.48 mm [FAILS]
      Candidate choice=3 inlier=58 | RotErr = 2.1933 rad (125.6686 deg) | TransErr = 9.34 mm [FAILS]
      Candidate choice=4 inlier=52 | RotErr = 2.9007 rad (166.1951 deg) | TransErr = 34.65 mm [FAILS]
      Candidate choice=5 inlier=38 | RotErr = 2.9746 rad (170.4324 deg) | TransErr = 99.12 mm [FAILS]
      Candidate choice=6 inlier=46 | RotErr = 2.7130 rad (155.4445 deg) | TransErr = 103.78 mm [FAILS]
      Candidate choice=7 inlier=50 | RotErr = 1.6292 rad (93.3448 deg) | TransErr = 27.65 mm [FAILS]
      Candidate choice=8 inlier=56 | RotErr = 1.6442 rad (94.2064 deg) | TransErr = 53.53 mm [FAILS]
      Candidate choice=9 inlier=22 | RotErr = 2.2452 rad (128.6402 deg) | TransErr = 172.65 mm [FAILS]
    Alternative Pair with Shard 9 (NOT ACTIVE IN TREE):
      Candidate choice=1 inlier=2 | RotErr = 2.9512 rad (169.0927 deg) | TransErr = 100.99 mm [FAILS]
      Candidate choice=2 inlier=54 | RotErr = 1.6679 rad (95.5611 deg) | TransErr = 38.02 mm [FAILS]
      Candidate choice=3 inlier=28 | RotErr = 0.1951 rad (11.1777 deg) | TransErr = 15.44 mm [FAILS]
    Alternative Pair with Shard 12 (NOT ACTIVE IN TREE):
      Candidate choice=1 inlier=0 | RotErr = 3.1280 rad (179.2210 deg) | TransErr = 121.50 mm [FAILS]
      Candidate choice=2 inlier=46 | RotErr = 0.3374 rad (19.3305 deg) | TransErr = 198.74 mm [FAILS]
    Alternative Pair with Shard 13 (NOT ACTIVE IN TREE):
      Candidate choice=1 inlier=46 | RotErr = 3.0275 rad (173.4629 deg) | TransErr = 105.37 mm [FAILS]
      Candidate choice=2 inlier=44 | RotErr = 2.9546 rad (169.2885 deg) | TransErr = 90.41 mm [FAILS]
      Candidate choice=3 inlier=54 | RotErr = 1.0352 rad (59.3136 deg) | TransErr = 21.98 mm [FAILS]
      Candidate choice=4 inlier=44 | RotErr = 0.8739 rad (50.0724 deg) | TransErr = 22.41 mm [FAILS]
      Candidate choice=5 inlier=18 | RotErr = 3.0493 rad (174.7094 deg) | TransErr = 223.68 mm [FAILS]
      Candidate choice=6 inlier=24 | RotErr = 0.6941 rad (39.7665 deg) | TransErr = 25.92 mm [FAILS]
      Candidate choice=7 inlier=8 | RotErr = 0.7606 rad (43.5789 deg) | TransErr = 86.58 mm [FAILS]
    Alternative Pair with Shard 7 (NOT ACTIVE IN TREE):
      Candidate choice=1 inlier=36 | RotErr = 2.1503 rad (123.2029 deg) | TransErr = 8.49 mm [FAILS]
    Alternative Pair with Shard 18 (NOT ACTIVE IN TREE):
      Candidate choice=1 inlier=46 | RotErr = 2.6895 rad (154.0942 deg) | TransErr = 9.94 mm [FAILS]
      Candidate choice=2 inlier=59 | RotErr = 2.1787 rad (124.8312 deg) | TransErr = 5.79 mm [FAILS]
      Candidate choice=3 inlier=2 | RotErr = 1.5982 rad (91.5694 deg) | TransErr = 15.70 mm [FAILS]
      Candidate choice=4 inlier=30 | RotErr = 1.1830 rad (67.7799 deg) | TransErr = 6.65 mm [FAILS]
      Candidate choice=5 inlier=46 | RotErr = 1.2504 rad (71.6434 deg) | TransErr = 18.79 mm [FAILS]
      Candidate choice=6 inlier=51 | RotErr = 2.9402 rad (168.4588 deg) | TransErr = 103.15 mm [FAILS]
      Candidate choice=7 inlier=48 | RotErr = 3.0194 rad (172.9969 deg) | TransErr = 102.49 mm [FAILS]
      Candidate choice=8 inlier=38 | RotErr = 3.1173 rad (178.6072 deg) | TransErr = 24.77 mm [FAILS]
    Alternative Pair with Shard 20 (NOT ACTIVE IN TREE):
      Candidate choice=1 inlier=57 | RotErr = 2.6052 rad (149.2695 deg) | TransErr = 15.02 mm [FAILS]
      Candidate choice=2 inlier=0 | RotErr = 2.8730 rad (164.6115 deg) | TransErr = 128.99 mm [FAILS]
      Candidate choice=3 inlier=72 | RotErr = 1.0085 rad (57.7836 deg) | TransErr = 12.25 mm [FAILS]
    Alternative Pair with Shard 22 (NOT ACTIVE IN TREE):
      [No match candidates found]
    Alternative Pair with Shard 10 (ACTIVE IN TREE) [SKIPPED]
    Alternative Pair with Shard 11 (NOT ACTIVE IN TREE):
      Candidate choice=1 inlier=30 | RotErr = 3.0964 rad (177.4095 deg) | TransErr = 97.35 mm [FAILS]
      Candidate choice=2 inlier=0 | RotErr = 3.1265 rad (179.1332 deg) | TransErr = 102.75 mm [FAILS]
      Candidate choice=3 inlier=44 | RotErr = 0.3431 rad (19.6610 deg) | TransErr = 16.43 mm [FAILS]
    Alternative Pair with Shard 15 (NOT ACTIVE IN TREE):
      Candidate choice=1 inlier=32 | RotErr = 2.7618 rad (158.2381 deg) | TransErr = 109.84 mm [FAILS]
      Candidate choice=2 inlier=40 | RotErr = 2.5736 rad (147.4537 deg) | TransErr = 27.22 mm [FAILS]
      Candidate choice=3 inlier=59 | RotErr = 2.3528 rad (134.8079 deg) | TransErr = 26.39 mm [FAILS]
      Candidate choice=4 inlier=20 | RotErr = 1.4857 rad (85.1245 deg) | TransErr = 28.03 mm [FAILS]
    Alternative Pair with Shard 3 (NOT ACTIVE IN TREE):
      Candidate choice=1 inlier=50 | RotErr = 2.9880 rad (171.1999 deg) | TransErr = 67.97 mm [FAILS]
      Candidate choice=2 inlier=8 | RotErr = 0.2676 rad (15.3308 deg) | TransErr = 159.85 mm [FAILS]
      Candidate choice=3 inlier=46 | RotErr = 0.3072 rad (17.6016 deg) | TransErr = 165.73 mm [FAILS]
      Candidate choice=4 inlier=0 | RotErr = 3.0198 rad (173.0231 deg) | TransErr = 92.42 mm [FAILS]
      Candidate choice=5 inlier=0 | RotErr = 2.5420 rad (145.6473 deg) | TransErr = 114.66 mm [FAILS]
    Alternative Pair with Shard 5 (NOT ACTIVE IN TREE):
      Candidate choice=1 inlier=0 | RotErr = 2.9711 rad (170.2323 deg) | TransErr = 149.35 mm [FAILS]
      Candidate choice=2 inlier=8 | RotErr = 2.8129 rad (161.1655 deg) | TransErr = 135.21 mm [FAILS]
      Candidate choice=3 inlier=30 | RotErr = 1.1991 rad (68.7039 deg) | TransErr = 5.30 mm [FAILS]
      Candidate choice=4 inlier=70 | RotErr = 0.6550 rad (37.5306 deg) | TransErr = 9.05 mm [FAILS]
      Candidate choice=5 inlier=68 | RotErr = 0.3142 rad (18.0043 deg) | TransErr = 6.66 mm [FAILS]
      Candidate choice=6 inlier=56 | RotErr = 2.9939 rad (171.5379 deg) | TransErr = 94.16 mm [FAILS]
      Candidate choice=7 inlier=56 | RotErr = 0.4277 rad (24.5027 deg) | TransErr = 8.41 mm [FAILS]
      Candidate choice=8 inlier=38 | RotErr = 0.8166 rad (46.7892 deg) | TransErr = 19.66 mm [FAILS]
      Candidate choice=9 inlier=124 | RotErr = 0.2030 rad (11.6304 deg) | TransErr = 5.11 mm [PASSES] -> Reward: +20.00
      Candidate choice=10 inlier=64 | RotErr = 3.0601 rad (175.3333 deg) | TransErr = 89.51 mm [FAILS]
      Candidate choice=11 inlier=28 | RotErr = 1.1756 rad (67.3573 deg) | TransErr = 20.47 mm [FAILS]
      Candidate choice=12 inlier=76 | RotErr = 2.8626 rad (164.0131 deg) | TransErr = 91.17 mm [FAILS]
      Candidate choice=13 inlier=52 | RotErr = 0.6109 rad (35.0033 deg) | TransErr = 21.36 mm [FAILS]
      Candidate choice=14 inlier=24 | RotErr = 3.0118 rad (172.5648 deg) | TransErr = 86.77 mm [FAILS]
      Candidate choice=15 inlier=70 | RotErr = 1.5288 rad (87.5933 deg) | TransErr = 30.02 mm [FAILS]
      Candidate choice=16 inlier=40 | RotErr = 2.9671 rad (170.0000 deg) | TransErr = 15.88 mm [FAILS]
    Alternative Pair with Shard 8 (NOT ACTIVE IN TREE):
      Candidate choice=1 inlier=38 | RotErr = 3.0176 rad (172.8963 deg) | TransErr = 95.03 mm [FAILS]
      Candidate choice=2 inlier=32 | RotErr = 1.4538 rad (83.2958 deg) | TransErr = 32.71 mm [FAILS]
      Candidate choice=3 inlier=28 | RotErr = 2.6008 rad (149.0171 deg) | TransErr = 106.47 mm [FAILS]
      Candidate choice=4 inlier=44 | RotErr = 0.9795 rad (56.1210 deg) | TransErr = 27.00 mm [FAILS]
      Candidate choice=5 inlier=24 | RotErr = 1.1194 rad (64.1368 deg) | TransErr = 30.61 mm [FAILS]
    Alternative Pair with Shard 24 (NOT ACTIVE IN TREE):
      Candidate choice=1 inlier=22 | RotErr = 2.5269 rad (144.7816 deg) | TransErr = 46.51 mm [FAILS]
      Candidate choice=2 inlier=32 | RotErr = 2.6103 rad (149.5571 deg) | TransErr = 60.23 mm [FAILS]
      Candidate choice=3 inlier=36 | RotErr = 3.1083 rad (178.0908 deg) | TransErr = 29.95 mm [FAILS]
      Candidate choice=4 inlier=34 | RotErr = 3.0792 rad (176.4230 deg) | TransErr = 125.88 mm [FAILS]
      Candidate choice=5 inlier=20 | RotErr = 2.8351 rad (162.4395 deg) | TransErr = 130.96 mm [FAILS]
    Alternative Pair with Shard 25 (NOT ACTIVE IN TREE):
      Candidate choice=1 inlier=41 | RotErr = 2.9973 rad (171.7341 deg) | TransErr = 80.32 mm [FAILS]
    Alternative Pair with Shard 26 (NOT ACTIVE IN TREE):
      Candidate choice=1 inlier=36 | RotErr = 2.3598 rad (135.2076 deg) | TransErr = 15.17 mm [FAILS]
      Candidate choice=2 inlier=18 | RotErr = 2.8865 rad (165.3847 deg) | TransErr = 37.36 mm [FAILS]
    Alternative Pair with Shard 4 (NOT ACTIVE IN TREE):
      Candidate choice=1 inlier=54 | RotErr = 2.4290 rad (139.1740 deg) | TransErr = 79.35 mm [FAILS]
      Candidate choice=2 inlier=170 | RotErr = 1.2925 rad (74.0532 deg) | TransErr = 16.80 mm [FAILS]
      Candidate choice=3 inlier=0 | RotErr = 3.0346 rad (173.8700 deg) | TransErr = 88.91 mm [FAILS]
    Alternative Pair with Shard 17 (NOT ACTIVE IN TREE):
      Candidate choice=1 inlier=28 | RotErr = 2.0416 rad (116.9723 deg) | TransErr = 80.59 mm [FAILS]
      Candidate choice=2 inlier=30 | RotErr = 1.9507 rad (111.7694 deg) | TransErr = 80.71 mm [FAILS]
      Candidate choice=3 inlier=24 | RotErr = 2.0515 rad (117.5421 deg) | TransErr = 73.78 mm [FAILS]
      Candidate choice=4 inlier=36 | RotErr = 1.8979 rad (108.7400 deg) | TransErr = 81.04 mm [FAILS]
      Candidate choice=5 inlier=18 | RotErr = 1.7868 rad (102.3748 deg) | TransErr = 98.95 mm [FAILS]
      Candidate choice=6 inlier=28 | RotErr = 2.2942 rad (131.4460 deg) | TransErr = 79.56 mm [FAILS]
      Candidate choice=7 inlier=16 | RotErr = 3.1000 rad (177.6185 deg) | TransErr = 108.30 mm [FAILS]
      Candidate choice=8 inlier=18 | RotErr = 2.9612 rad (169.6650 deg) | TransErr = 66.92 mm [FAILS]
      Candidate choice=9 inlier=20 | RotErr = 3.1005 rad (177.6444 deg) | TransErr = 89.76 mm [FAILS]
      Candidate choice=10 inlier=24 | RotErr = 0.4748 rad (27.2062 deg) | TransErr = 13.66 mm [FAILS]
      Candidate choice=11 inlier=30 | RotErr = 1.3904 rad (79.6632 deg) | TransErr = 24.89 mm [FAILS]
    Alternative Pair with Shard 14 (NOT ACTIVE IN TREE):
      Candidate choice=1 inlier=38 | RotErr = 3.0727 rad (176.0532 deg) | TransErr = 70.41 mm [FAILS]
    Alternative Pair with Shard 16 (NOT ACTIVE IN TREE):
      Candidate choice=1 inlier=26 | RotErr = 2.8671 rad (164.2715 deg) | TransErr = 134.15 mm [FAILS]
      Candidate choice=2 inlier=40 | RotErr = 0.3839 rad (21.9961 deg) | TransErr = 201.61 mm [FAILS]
      Candidate choice=3 inlier=48 | RotErr = 1.4096 rad (80.7620 deg) | TransErr = 170.70 mm [FAILS]
      Candidate choice=4 inlier=10 | RotErr = 1.1709 rad (67.0866 deg) | TransErr = 187.72 mm [FAILS]
      Candidate choice=5 inlier=14 | RotErr = 1.8181 rad (104.1678 deg) | TransErr = 76.81 mm [FAILS]
    Alternative Pair with Shard 19 (NOT ACTIVE IN TREE):
      Candidate choice=1 inlier=46 | RotErr = 2.8862 rad (165.3663 deg) | TransErr = 118.42 mm [FAILS]
      Candidate choice=2 inlier=34 | RotErr = 2.9414 rad (168.5292 deg) | TransErr = 46.46 mm [FAILS]
      Candidate choice=3 inlier=53 | RotErr = 2.4273 rad (139.0759 deg) | TransErr = 191.47 mm [FAILS]
    Alternative Pair with Shard 28 (NOT ACTIVE IN TREE):
      [No match candidates found]
    Alternative Pair with Shard 29 (NOT ACTIVE IN TREE):
      [No match candidates found]
    Alternative Pair with Shard 23 (NOT ACTIVE IN TREE):
      Candidate choice=1 inlier=45 | RotErr = 0.0678 rad (3.8835 deg) | TransErr = 11.43 mm [FAILS]
      Candidate choice=2 inlier=30 | RotErr = 3.1413 rad (179.9827 deg) | TransErr = 74.94 mm [FAILS]
      Candidate choice=3 inlier=22 | RotErr = 2.8467 rad (163.1034 deg) | TransErr = 80.79 mm [FAILS]
    Alternative Pair with Shard 21 (NOT ACTIVE IN TREE):
      Candidate choice=1 inlier=6 | RotErr = 2.5737 rad (147.4607 deg) | TransErr = 60.96 mm [FAILS]
  Shard 9 (placed by parent 1):
    Alternative Pair with Shard 1 (ACTIVE IN TREE) [SKIPPED]
    Alternative Pair with Shard 2 (NOT ACTIVE IN TREE):
      Candidate choice=1 inlier=0 | RotErr = 2.7808 rad (159.3270 deg) | TransErr = 17.78 mm [FAILS]
      Candidate choice=2 inlier=30 | RotErr = 1.4204 rad (81.3819 deg) | TransErr = 47.05 mm [FAILS]
      Candidate choice=3 inlier=0 | RotErr = 3.0055 rad (172.2030 deg) | TransErr = 80.91 mm [FAILS]
    Alternative Pair with Shard 6 (NOT ACTIVE IN TREE):
      Candidate choice=1 inlier=2 | RotErr = 2.9512 rad (169.0927 deg) | TransErr = 100.99 mm [FAILS]
      Candidate choice=2 inlier=54 | RotErr = 1.6679 rad (95.5611 deg) | TransErr = 38.02 mm [FAILS]
      Candidate choice=3 inlier=28 | RotErr = 0.1951 rad (11.1777 deg) | TransErr = 15.44 mm [FAILS]
    Alternative Pair with Shard 12 (NOT ACTIVE IN TREE):
      Candidate choice=1 inlier=24 | RotErr = 0.3965 rad (22.7195 deg) | TransErr = 207.28 mm [FAILS]
      Candidate choice=2 inlier=32 | RotErr = 3.0717 rad (175.9947 deg) | TransErr = 22.41 mm [FAILS]
      Candidate choice=3 inlier=42 | RotErr = 2.9072 rad (166.5707 deg) | TransErr = 25.37 mm [FAILS]
    Alternative Pair with Shard 13 (NOT ACTIVE IN TREE):
      Candidate choice=1 inlier=22 | RotErr = 1.6905 rad (96.8604 deg) | TransErr = 55.19 mm [FAILS]
      Candidate choice=2 inlier=12 | RotErr = 1.2761 rad (73.1153 deg) | TransErr = 68.92 mm [FAILS]
      Candidate choice=3 inlier=18 | RotErr = 2.9955 rad (171.6274 deg) | TransErr = 174.30 mm [FAILS]
      Candidate choice=4 inlier=14 | RotErr = 0.7221 rad (41.3756 deg) | TransErr = 107.09 mm [FAILS]
    Alternative Pair with Shard 7 (NOT ACTIVE IN TREE):
      Candidate choice=1 inlier=72 | RotErr = 3.0631 rad (175.5021 deg) | TransErr = 105.67 mm [FAILS]
      Candidate choice=2 inlier=20 | RotErr = 0.6961 rad (39.8863 deg) | TransErr = 4.29 mm [FAILS]
      Candidate choice=3 inlier=97 | RotErr = 1.8930 rad (108.4588 deg) | TransErr = 14.93 mm [FAILS]
      Candidate choice=4 inlier=0 | RotErr = 2.8348 rad (162.4202 deg) | TransErr = 24.98 mm [FAILS]
    Alternative Pair with Shard 18 (NOT ACTIVE IN TREE):
      Candidate choice=1 inlier=46 | RotErr = 3.0638 rad (175.5422 deg) | TransErr = 68.12 mm [FAILS]
      Candidate choice=2 inlier=51 | RotErr = 2.6882 rad (154.0199 deg) | TransErr = 71.67 mm [FAILS]
      Candidate choice=3 inlier=28 | RotErr = 2.8033 rad (160.6171 deg) | TransErr = 68.68 mm [FAILS]
    Alternative Pair with Shard 20 (NOT ACTIVE IN TREE):
      Candidate choice=1 inlier=28 | RotErr = 0.3097 rad (17.7472 deg) | TransErr = 21.95 mm [FAILS]
    Alternative Pair with Shard 22 (NOT ACTIVE IN TREE):
      [No match candidates found]
    Alternative Pair with Shard 10 (NOT ACTIVE IN TREE):
      Candidate choice=1 inlier=48 | RotErr = 2.8954 rad (165.8929 deg) | TransErr = 26.36 mm [FAILS]
    Alternative Pair with Shard 11 (ACTIVE IN TREE) [SKIPPED]
    Alternative Pair with Shard 15 (ACTIVE IN TREE) [SKIPPED]
    Alternative Pair with Shard 3 (NOT ACTIVE IN TREE):
      Candidate choice=1 inlier=30 | RotErr = 2.3316 rad (133.5885 deg) | TransErr = 198.84 mm [FAILS]
      Candidate choice=2 inlier=26 | RotErr = 3.1407 rad (179.9483 deg) | TransErr = 24.50 mm [FAILS]
      Candidate choice=3 inlier=40 | RotErr = 0.6625 rad (37.9612 deg) | TransErr = 212.07 mm [FAILS]
      Candidate choice=4 inlier=0 | RotErr = 2.9079 rad (166.6099 deg) | TransErr = 24.03 mm [FAILS]
      Candidate choice=5 inlier=36 | RotErr = 2.6237 rad (150.3287 deg) | TransErr = 201.09 mm [FAILS]
    Alternative Pair with Shard 5 (NOT ACTIVE IN TREE):
      Candidate choice=1 inlier=0 | RotErr = 3.1353 rad (179.6402 deg) | TransErr = 8.86 mm [FAILS]
      Candidate choice=2 inlier=12 | RotErr = 3.0555 rad (175.0678 deg) | TransErr = 38.72 mm [FAILS]
      Candidate choice=3 inlier=0 | RotErr = 2.0191 rad (115.6844 deg) | TransErr = 97.87 mm [FAILS]
    Alternative Pair with Shard 8 (NOT ACTIVE IN TREE):
      Candidate choice=1 inlier=32 | RotErr = 1.3122 rad (75.1861 deg) | TransErr = 25.72 mm [FAILS]
      Candidate choice=2 inlier=22 | RotErr = 0.0957 rad (5.4825 deg) | TransErr = 5.04 mm [PASSES] -> Reward: +20.00
      Candidate choice=3 inlier=38 | RotErr = 2.7186 rad (155.7648 deg) | TransErr = 109.76 mm [FAILS]
      Candidate choice=4 inlier=86 | RotErr = 2.7947 rad (160.1262 deg) | TransErr = 105.86 mm [FAILS]
      Candidate choice=5 inlier=80 | RotErr = 3.0204 rad (173.0565 deg) | TransErr = 133.93 mm [FAILS]
      Candidate choice=6 inlier=70 | RotErr = 3.1056 rad (177.9400 deg) | TransErr = 125.38 mm [FAILS]
    Alternative Pair with Shard 24 (NOT ACTIVE IN TREE):
      Candidate choice=1 inlier=30 | RotErr = 1.9669 rad (112.6962 deg) | TransErr = 92.59 mm [FAILS]
      Candidate choice=2 inlier=28 | RotErr = 2.6941 rad (154.3592 deg) | TransErr = 83.38 mm [FAILS]
      Candidate choice=3 inlier=32 | RotErr = 3.0435 rad (174.3781 deg) | TransErr = 113.79 mm [FAILS]
      Candidate choice=4 inlier=0 | RotErr = 0.3882 rad (22.2451 deg) | TransErr = 40.90 mm [FAILS]
    Alternative Pair with Shard 25 (NOT ACTIVE IN TREE):
      [No match candidates found]
    Alternative Pair with Shard 26 (NOT ACTIVE IN TREE):
      [No match candidates found]
    Alternative Pair with Shard 4 (NOT ACTIVE IN TREE):
      Candidate choice=1 inlier=32 | RotErr = 0.6712 rad (38.4563 deg) | TransErr = 30.03 mm [FAILS]
      Candidate choice=2 inlier=69 | RotErr = 1.2119 rad (69.4380 deg) | TransErr = 22.19 mm [FAILS]
    Alternative Pair with Shard 17 (NOT ACTIVE IN TREE):
      Candidate choice=1 inlier=47 | RotErr = 2.4932 rad (142.8516 deg) | TransErr = 65.63 mm [FAILS]
      Candidate choice=2 inlier=34 | RotErr = 2.5668 rad (147.0642 deg) | TransErr = 15.94 mm [FAILS]
      Candidate choice=3 inlier=51 | RotErr = 1.5373 rad (88.0792 deg) | TransErr = 35.78 mm [FAILS]
      Candidate choice=4 inlier=24 | RotErr = 1.1865 rad (67.9809 deg) | TransErr = 19.67 mm [FAILS]
    Alternative Pair with Shard 14 (NOT ACTIVE IN TREE):
      Candidate choice=1 inlier=26 | RotErr = 3.1308 rad (179.3808 deg) | TransErr = 25.65 mm [FAILS]
      Candidate choice=2 inlier=40 | RotErr = 1.7934 rad (102.7551 deg) | TransErr = 212.57 mm [FAILS]
      Candidate choice=3 inlier=4 | RotErr = 1.1591 rad (66.4130 deg) | TransErr = 175.03 mm [FAILS]
    Alternative Pair with Shard 16 (NOT ACTIVE IN TREE):
      [No match candidates found]
    Alternative Pair with Shard 19 (NOT ACTIVE IN TREE):
      Candidate choice=1 inlier=30 | RotErr = 2.9931 rad (171.4906 deg) | TransErr = 74.12 mm [FAILS]
    Alternative Pair with Shard 28 (NOT ACTIVE IN TREE):
      Candidate choice=1 inlier=26 | RotErr = 2.9074 rad (166.5815 deg) | TransErr = 43.24 mm [FAILS]
    Alternative Pair with Shard 29 (NOT ACTIVE IN TREE):
      Candidate choice=1 inlier=38 | RotErr = 3.0659 rad (175.6605 deg) | TransErr = 21.20 mm [FAILS]
      Candidate choice=2 inlier=26 | RotErr = 3.0677 rad (175.7654 deg) | TransErr = 26.41 mm [FAILS]
    Alternative Pair with Shard 23 (NOT ACTIVE IN TREE):
      Candidate choice=1 inlier=45 | RotErr = 2.7786 rad (159.2015 deg) | TransErr = 65.81 mm [FAILS]
    Alternative Pair with Shard 21 (NOT ACTIVE IN TREE):
      Candidate choice=1 inlier=62 | RotErr = 1.3684 rad (78.4046 deg) | TransErr = 39.81 mm [FAILS]
      Candidate choice=2 inlier=55 | RotErr = 2.9873 rad (171.1581 deg) | TransErr = 21.95 mm [FAILS]
      Candidate choice=3 inlier=20 | RotErr = 0.7736 rad (44.3266 deg) | TransErr = 29.19 mm [FAILS]
      Candidate choice=4 inlier=32 | RotErr = 2.7794 rad (159.2487 deg) | TransErr = 67.31 mm [FAILS]
      Candidate choice=5 inlier=36 | RotErr = 1.9345 rad (110.8382 deg) | TransErr = 94.66 mm [FAILS]
      Candidate choice=6 inlier=57 | RotErr = 2.7611 rad (158.1972 deg) | TransErr = 36.55 mm [FAILS]
      Candidate choice=7 inlier=30 | RotErr = 2.5132 rad (143.9950 deg) | TransErr = 36.30 mm [FAILS]
  Shard 12 (placed by parent 1):
    Alternative Pair with Shard 1 (ACTIVE IN TREE) [SKIPPED]
    Alternative Pair with Shard 2 (NOT ACTIVE IN TREE):
      Candidate choice=1 inlier=40 | RotErr = 0.6001 rad (34.3854 deg) | TransErr = 20.14 mm [FAILS]
      Candidate choice=2 inlier=26 | RotErr = 3.1112 rad (178.2610 deg) | TransErr = 105.59 mm [FAILS]
      Candidate choice=3 inlier=26 | RotErr = 3.1137 rad (178.4003 deg) | TransErr = 72.38 mm [FAILS]
      Candidate choice=4 inlier=22 | RotErr = 1.8152 rad (104.0048 deg) | TransErr = 13.99 mm [FAILS]
    Alternative Pair with Shard 6 (NOT ACTIVE IN TREE):
      Candidate choice=1 inlier=0 | RotErr = 3.1280 rad (179.2210 deg) | TransErr = 121.50 mm [FAILS]
      Candidate choice=2 inlier=46 | RotErr = 0.3374 rad (19.3305 deg) | TransErr = 198.74 mm [FAILS]
    Alternative Pair with Shard 9 (NOT ACTIVE IN TREE):
      Candidate choice=1 inlier=24 | RotErr = 0.3965 rad (22.7195 deg) | TransErr = 207.28 mm [FAILS]
      Candidate choice=2 inlier=32 | RotErr = 3.0717 rad (175.9947 deg) | TransErr = 22.41 mm [FAILS]
      Candidate choice=3 inlier=42 | RotErr = 2.9072 rad (166.5707 deg) | TransErr = 25.37 mm [FAILS]
    Alternative Pair with Shard 13 (NOT ACTIVE IN TREE):
      Candidate choice=1 inlier=18 | RotErr = 2.7685 rad (158.6254 deg) | TransErr = 47.17 mm [FAILS]
      Candidate choice=2 inlier=30 | RotErr = 0.3143 rad (18.0069 deg) | TransErr = 216.41 mm [FAILS]
    Alternative Pair with Shard 7 (NOT ACTIVE IN TREE):
      Candidate choice=1 inlier=38 | RotErr = 2.8308 rad (162.1924 deg) | TransErr = 86.75 mm [FAILS]
    Alternative Pair with Shard 18 (NOT ACTIVE IN TREE):
      Candidate choice=1 inlier=28 | RotErr = 3.1259 rad (179.1037 deg) | TransErr = 112.98 mm [FAILS]
    Alternative Pair with Shard 20 (NOT ACTIVE IN TREE):
      Candidate choice=1 inlier=26 | RotErr = 3.1167 rad (178.5727 deg) | TransErr = 74.67 mm [FAILS]
      Candidate choice=2 inlier=32 | RotErr = 2.9642 rad (169.8338 deg) | TransErr = 86.33 mm [FAILS]
    Alternative Pair with Shard 22 (NOT ACTIVE IN TREE):
      [No match candidates found]
    Alternative Pair with Shard 10 (NOT ACTIVE IN TREE):
      Candidate choice=1 inlier=30 | RotErr = 2.8639 rad (164.0880 deg) | TransErr = 185.50 mm [FAILS]
      Candidate choice=2 inlier=36 | RotErr = 1.3890 rad (79.5854 deg) | TransErr = 162.97 mm [FAILS]
    Alternative Pair with Shard 11 (NOT ACTIVE IN TREE):
      Candidate choice=1 inlier=26 | RotErr = 3.1042 rad (177.8551 deg) | TransErr = 19.44 mm [FAILS]
    Alternative Pair with Shard 15 (NOT ACTIVE IN TREE):
      Candidate choice=1 inlier=26 | RotErr = 1.2301 rad (70.4805 deg) | TransErr = 217.08 mm [FAILS]
    Alternative Pair with Shard 3 (ACTIVE IN TREE) [SKIPPED]
    Alternative Pair with Shard 5 (ACTIVE IN TREE) [SKIPPED]
    Alternative Pair with Shard 8 (NOT ACTIVE IN TREE):
      Candidate choice=1 inlier=40 | RotErr = 0.2470 rad (14.1501 deg) | TransErr = 170.60 mm [FAILS]
      Candidate choice=2 inlier=26 | RotErr = 3.1329 rad (179.5012 deg) | TransErr = 114.20 mm [FAILS]
    Alternative Pair with Shard 24 (NOT ACTIVE IN TREE):
      Candidate choice=1 inlier=24 | RotErr = 1.3632 rad (78.1055 deg) | TransErr = 96.86 mm [FAILS]
      Candidate choice=2 inlier=16 | RotErr = 1.8092 rad (103.6607 deg) | TransErr = 192.62 mm [FAILS]
      Candidate choice=3 inlier=32 | RotErr = 3.0607 rad (175.3656 deg) | TransErr = 88.79 mm [FAILS]
      Candidate choice=4 inlier=22 | RotErr = 1.7925 rad (102.7048 deg) | TransErr = 189.20 mm [FAILS]
    Alternative Pair with Shard 25 (NOT ACTIVE IN TREE):
      [No match candidates found]
    Alternative Pair with Shard 26 (NOT ACTIVE IN TREE):
      [No match candidates found]
    Alternative Pair with Shard 4 (NOT ACTIVE IN TREE):
      Candidate choice=1 inlier=40 | RotErr = 2.9524 rad (169.1582 deg) | TransErr = 38.89 mm [FAILS]
      Candidate choice=2 inlier=28 | RotErr = 2.5763 rad (147.6083 deg) | TransErr = 44.53 mm [FAILS]
      Candidate choice=3 inlier=18 | RotErr = 2.2857 rad (130.9588 deg) | TransErr = 187.35 mm [FAILS]
    Alternative Pair with Shard 17 (NOT ACTIVE IN TREE):
      Candidate choice=1 inlier=28 | RotErr = 2.6336 rad (150.8929 deg) | TransErr = 159.55 mm [FAILS]
      Candidate choice=2 inlier=36 | RotErr = 1.5441 rad (88.4697 deg) | TransErr = 195.88 mm [FAILS]
    Alternative Pair with Shard 14 (NOT ACTIVE IN TREE):
      Candidate choice=1 inlier=32 | RotErr = 0.2128 rad (12.1946 deg) | TransErr = 24.00 mm [FAILS]
    Alternative Pair with Shard 16 (NOT ACTIVE IN TREE):
      Candidate choice=1 inlier=32 | RotErr = 3.0582 rad (175.2232 deg) | TransErr = 252.65 mm [FAILS]
      Candidate choice=2 inlier=48 | RotErr = 1.4385 rad (82.4191 deg) | TransErr = 22.94 mm [FAILS]
    Alternative Pair with Shard 19 (NOT ACTIVE IN TREE):
      Candidate choice=1 inlier=36 | RotErr = 2.5698 rad (147.2364 deg) | TransErr = 23.70 mm [FAILS]
    Alternative Pair with Shard 28 (NOT ACTIVE IN TREE):
      [No match candidates found]
    Alternative Pair with Shard 29 (NOT ACTIVE IN TREE):
      Candidate choice=1 inlier=16 | RotErr = 3.1206 rad (178.7953 deg) | TransErr = 1.65 mm [FAILS]
      Candidate choice=2 inlier=36 | RotErr = 1.1104 rad (63.6231 deg) | TransErr = 18.28 mm [FAILS]
      Candidate choice=3 inlier=30 | RotErr = 1.0103 rad (57.8888 deg) | TransErr = 63.56 mm [FAILS]
    Alternative Pair with Shard 23 (NOT ACTIVE IN TREE):
      [No match candidates found]
    Alternative Pair with Shard 21 (NOT ACTIVE IN TREE):
      Candidate choice=1 inlier=20 | RotErr = 2.8561 rad (163.6415 deg) | TransErr = 44.14 mm [FAILS]
  Shard 13 (placed by parent 1):
    Alternative Pair with Shard 1 (ACTIVE IN TREE) [SKIPPED]
    Alternative Pair with Shard 2 (NOT ACTIVE IN TREE):
      Candidate choice=1 inlier=44 | RotErr = 2.9685 rad (170.0812 deg) | TransErr = 108.96 mm [FAILS]
      Candidate choice=2 inlier=36 | RotErr = 2.9648 rad (169.8683 deg) | TransErr = 128.57 mm [FAILS]
      Candidate choice=3 inlier=30 | RotErr = 3.0192 rad (172.9886 deg) | TransErr = 183.65 mm [FAILS]
      Candidate choice=4 inlier=40 | RotErr = 3.0558 rad (175.0822 deg) | TransErr = 202.87 mm [FAILS]
      Candidate choice=5 inlier=40 | RotErr = 3.1379 rad (179.7898 deg) | TransErr = 172.36 mm [FAILS]
      Candidate choice=6 inlier=42 | RotErr = 3.1113 rad (178.2662 deg) | TransErr = 111.18 mm [FAILS]
      Candidate choice=7 inlier=46 | RotErr = 3.0810 rad (176.5262 deg) | TransErr = 85.46 mm [FAILS]
    Alternative Pair with Shard 6 (NOT ACTIVE IN TREE):
      Candidate choice=1 inlier=46 | RotErr = 3.0275 rad (173.4629 deg) | TransErr = 105.37 mm [FAILS]
      Candidate choice=2 inlier=44 | RotErr = 2.9546 rad (169.2885 deg) | TransErr = 90.41 mm [FAILS]
      Candidate choice=3 inlier=54 | RotErr = 1.0352 rad (59.3136 deg) | TransErr = 21.98 mm [FAILS]
      Candidate choice=4 inlier=44 | RotErr = 0.8739 rad (50.0724 deg) | TransErr = 22.41 mm [FAILS]
      Candidate choice=5 inlier=18 | RotErr = 3.0493 rad (174.7094 deg) | TransErr = 223.68 mm [FAILS]
      Candidate choice=6 inlier=24 | RotErr = 0.6941 rad (39.7665 deg) | TransErr = 25.92 mm [FAILS]
      Candidate choice=7 inlier=8 | RotErr = 0.7606 rad (43.5789 deg) | TransErr = 86.58 mm [FAILS]
    Alternative Pair with Shard 9 (NOT ACTIVE IN TREE):
      Candidate choice=1 inlier=22 | RotErr = 1.6905 rad (96.8604 deg) | TransErr = 55.19 mm [FAILS]
      Candidate choice=2 inlier=12 | RotErr = 1.2761 rad (73.1153 deg) | TransErr = 68.92 mm [FAILS]
      Candidate choice=3 inlier=18 | RotErr = 2.9955 rad (171.6274 deg) | TransErr = 174.30 mm [FAILS]
      Candidate choice=4 inlier=14 | RotErr = 0.7221 rad (41.3756 deg) | TransErr = 107.09 mm [FAILS]
    Alternative Pair with Shard 12 (NOT ACTIVE IN TREE):
      Candidate choice=1 inlier=18 | RotErr = 2.7685 rad (158.6254 deg) | TransErr = 47.17 mm [FAILS]
      Candidate choice=2 inlier=30 | RotErr = 0.3143 rad (18.0069 deg) | TransErr = 216.41 mm [FAILS]
    Alternative Pair with Shard 7 (NOT ACTIVE IN TREE):
      Candidate choice=1 inlier=24 | RotErr = 3.1060 rad (177.9594 deg) | TransErr = 115.76 mm [FAILS]
      Candidate choice=2 inlier=28 | RotErr = 2.9063 rad (166.5205 deg) | TransErr = 125.54 mm [FAILS]
      Candidate choice=3 inlier=22 | RotErr = 2.8393 rad (162.6827 deg) | TransErr = 239.61 mm [FAILS]
      Candidate choice=4 inlier=48 | RotErr = 2.0647 rad (118.2993 deg) | TransErr = 13.33 mm [FAILS]
    Alternative Pair with Shard 18 (NOT ACTIVE IN TREE):
      Candidate choice=1 inlier=51 | RotErr = 3.0078 rad (172.3363 deg) | TransErr = 107.10 mm [FAILS]
    Alternative Pair with Shard 20 (NOT ACTIVE IN TREE):
      Candidate choice=1 inlier=60 | RotErr = 3.1387 rad (179.8328 deg) | TransErr = 113.83 mm [FAILS]
      Candidate choice=2 inlier=34 | RotErr = 1.5875 rad (90.9590 deg) | TransErr = 41.95 mm [FAILS]
      Candidate choice=3 inlier=30 | RotErr = 2.9323 rad (168.0080 deg) | TransErr = 216.44 mm [FAILS]
      Candidate choice=4 inlier=51 | RotErr = 2.8478 rad (163.1682 deg) | TransErr = 140.62 mm [FAILS]
    Alternative Pair with Shard 22 (NOT ACTIVE IN TREE):
      [No match candidates found]
    Alternative Pair with Shard 10 (NOT ACTIVE IN TREE):
      Candidate choice=1 inlier=28 | RotErr = 3.0156 rad (172.7794 deg) | TransErr = 220.77 mm [FAILS]
      Candidate choice=2 inlier=38 | RotErr = 2.9858 rad (171.0760 deg) | TransErr = 123.45 mm [FAILS]
      Candidate choice=3 inlier=20 | RotErr = 2.8292 rad (162.1007 deg) | TransErr = 90.61 mm [FAILS]
      Candidate choice=4 inlier=46 | RotErr = 2.9234 rad (167.4999 deg) | TransErr = 94.71 mm [FAILS]
    Alternative Pair with Shard 11 (NOT ACTIVE IN TREE):
      [No match candidates found]
    Alternative Pair with Shard 15 (NOT ACTIVE IN TREE):
      Candidate choice=1 inlier=26 | RotErr = 0.8721 rad (49.9698 deg) | TransErr = 55.99 mm [FAILS]
    Alternative Pair with Shard 3 (NOT ACTIVE IN TREE):
      Candidate choice=1 inlier=36 | RotErr = 3.1294 rad (179.3036 deg) | TransErr = 80.47 mm [FAILS]
      Candidate choice=2 inlier=32 | RotErr = 2.9313 rad (167.9532 deg) | TransErr = 60.73 mm [FAILS]
      Candidate choice=3 inlier=26 | RotErr = 2.8160 rad (161.3469 deg) | TransErr = 61.74 mm [FAILS]
      Candidate choice=4 inlier=26 | RotErr = 2.9211 rad (167.3690 deg) | TransErr = 69.81 mm [FAILS]
      Candidate choice=5 inlier=24 | RotErr = 3.1219 rad (178.8710 deg) | TransErr = 88.46 mm [FAILS]
    Alternative Pair with Shard 5 (NOT ACTIVE IN TREE):
      Candidate choice=1 inlier=38 | RotErr = 1.0579 rad (60.6134 deg) | TransErr = 282.09 mm [FAILS]
      Candidate choice=2 inlier=42 | RotErr = 2.8569 rad (163.6877 deg) | TransErr = 85.05 mm [FAILS]
      Candidate choice=3 inlier=56 | RotErr = 0.4062 rad (23.2731 deg) | TransErr = 272.91 mm [FAILS]
      Candidate choice=4 inlier=59 | RotErr = 0.7299 rad (41.8227 deg) | TransErr = 253.53 mm [FAILS]
      Candidate choice=5 inlier=44 | RotErr = 3.1139 rad (178.4127 deg) | TransErr = 114.20 mm [FAILS]
      Candidate choice=6 inlier=0 | RotErr = 0.7244 rad (41.5079 deg) | TransErr = 71.68 mm [FAILS]
      Candidate choice=7 inlier=0 | RotErr = 0.4984 rad (28.5551 deg) | TransErr = 70.00 mm [FAILS]
      Candidate choice=8 inlier=0 | RotErr = 0.3244 rad (18.5863 deg) | TransErr = 70.02 mm [FAILS]
      Candidate choice=9 inlier=48 | RotErr = 2.6072 rad (149.3792 deg) | TransErr = 101.12 mm [FAILS]
    Alternative Pair with Shard 8 (ACTIVE IN TREE) [SKIPPED]
    Alternative Pair with Shard 24 (NOT ACTIVE IN TREE):
      Candidate choice=1 inlier=22 | RotErr = 2.9638 rad (169.8132 deg) | TransErr = 150.84 mm [FAILS]
      Candidate choice=2 inlier=26 | RotErr = 2.8998 rad (166.1466 deg) | TransErr = 209.29 mm [FAILS]
      Candidate choice=3 inlier=38 | RotErr = 2.8741 rad (164.6733 deg) | TransErr = 167.13 mm [FAILS]
    Alternative Pair with Shard 25 (NOT ACTIVE IN TREE):
      Candidate choice=1 inlier=28 | RotErr = 3.1194 rad (178.7302 deg) | TransErr = 53.08 mm [FAILS]
    Alternative Pair with Shard 26 (NOT ACTIVE IN TREE):
      Candidate choice=1 inlier=26 | RotErr = 2.9646 rad (169.8603 deg) | TransErr = 132.04 mm [FAILS]
    Alternative Pair with Shard 4 (NOT ACTIVE IN TREE):
      Candidate choice=1 inlier=4 | RotErr = 1.4850 rad (85.0818 deg) | TransErr = 79.20 mm [FAILS]
      Candidate choice=2 inlier=18 | RotErr = 2.8496 rad (163.2711 deg) | TransErr = 154.93 mm [FAILS]
      Candidate choice=3 inlier=48 | RotErr = 2.9902 rad (171.3244 deg) | TransErr = 93.62 mm [FAILS]
    Alternative Pair with Shard 17 (NOT ACTIVE IN TREE):
      Candidate choice=1 inlier=34 | RotErr = 2.6538 rad (152.0512 deg) | TransErr = 98.63 mm [FAILS]
      Candidate choice=2 inlier=49 | RotErr = 0.5766 rad (33.0380 deg) | TransErr = 46.82 mm [FAILS]
      Candidate choice=3 inlier=20 | RotErr = 1.9515 rad (111.8101 deg) | TransErr = 65.41 mm [FAILS]
      Candidate choice=4 inlier=36 | RotErr = 1.4245 rad (81.6199 deg) | TransErr = 43.15 mm [FAILS]
    Alternative Pair with Shard 14 (NOT ACTIVE IN TREE):
      Candidate choice=1 inlier=22 | RotErr = 0.3886 rad (22.2655 deg) | TransErr = 210.66 mm [FAILS]
      Candidate choice=2 inlier=22 | RotErr = 3.1141 rad (178.4260 deg) | TransErr = 38.20 mm [FAILS]
    Alternative Pair with Shard 16 (NOT ACTIVE IN TREE):
      Candidate choice=1 inlier=34 | RotErr = 0.5636 rad (32.2915 deg) | TransErr = 185.22 mm [FAILS]
      Candidate choice=2 inlier=38 | RotErr = 3.0219 rad (173.1413 deg) | TransErr = 67.35 mm [FAILS]
      Candidate choice=3 inlier=22 | RotErr = 0.3929 rad (22.5128 deg) | TransErr = 273.77 mm [FAILS]
      Candidate choice=4 inlier=60 | RotErr = 2.9788 rad (170.6740 deg) | TransErr = 101.07 mm [FAILS]
      Candidate choice=5 inlier=46 | RotErr = 2.9678 rad (170.0426 deg) | TransErr = 66.47 mm [FAILS]
    Alternative Pair with Shard 19 (NOT ACTIVE IN TREE):
      Candidate choice=1 inlier=28 | RotErr = 1.9624 rad (112.4344 deg) | TransErr = 255.82 mm [FAILS]
      Candidate choice=2 inlier=42 | RotErr = 2.1227 rad (121.6205 deg) | TransErr = 264.66 mm [FAILS]
      Candidate choice=3 inlier=46 | RotErr = 3.0567 rad (175.1341 deg) | TransErr = 110.65 mm [FAILS]
      Candidate choice=4 inlier=36 | RotErr = 3.0780 rad (176.3545 deg) | TransErr = 88.64 mm [FAILS]
      Candidate choice=5 inlier=36 | RotErr = 2.5874 rad (148.2476 deg) | TransErr = 202.81 mm [FAILS]
    Alternative Pair with Shard 28 (NOT ACTIVE IN TREE):
      [No match candidates found]
    Alternative Pair with Shard 29 (NOT ACTIVE IN TREE):
      [No match candidates found]
    Alternative Pair with Shard 23 (NOT ACTIVE IN TREE):
      Candidate choice=1 inlier=42 | RotErr = 3.1291 rad (179.2821 deg) | TransErr = 107.11 mm [FAILS]
      Candidate choice=2 inlier=40 | RotErr = 2.9437 rad (168.6627 deg) | TransErr = 129.06 mm [FAILS]
    Alternative Pair with Shard 21 (NOT ACTIVE IN TREE):
      Candidate choice=1 inlier=42 | RotErr = 1.8324 rad (104.9882 deg) | TransErr = 62.80 mm [FAILS]
      Candidate choice=2 inlier=40 | RotErr = 2.5966 rad (148.7752 deg) | TransErr = 55.82 mm [FAILS]
  Shard 7 (placed by parent 2):
    Alternative Pair with Shard 1 (NOT ACTIVE IN TREE):
      Candidate choice=1 inlier=30 | RotErr = 3.0159 rad (172.7975 deg) | TransErr = 147.37 mm [FAILS]
      Candidate choice=2 inlier=32 | RotErr = 2.7534 rad (157.7568 deg) | TransErr = 137.23 mm [FAILS]
      Candidate choice=3 inlier=42 | RotErr = 2.9246 rad (167.5693 deg) | TransErr = 158.35 mm [FAILS]
      Candidate choice=4 inlier=54 | RotErr = 0.8107 rad (46.4504 deg) | TransErr = 16.84 mm [FAILS]
      Candidate choice=5 inlier=48 | RotErr = 0.7978 rad (45.7129 deg) | TransErr = 24.98 mm [FAILS]
      Candidate choice=6 inlier=34 | RotErr = 0.5308 rad (30.4116 deg) | TransErr = 69.64 mm [FAILS]
    Alternative Pair with Shard 2 (ACTIVE IN TREE) [SKIPPED]
    Alternative Pair with Shard 6 (NOT ACTIVE IN TREE):
      Candidate choice=1 inlier=36 | RotErr = 2.1503 rad (123.2029 deg) | TransErr = 8.49 mm [FAILS]
    Alternative Pair with Shard 9 (NOT ACTIVE IN TREE):
      Candidate choice=1 inlier=72 | RotErr = 3.0631 rad (175.5021 deg) | TransErr = 105.67 mm [FAILS]
      Candidate choice=2 inlier=20 | RotErr = 0.6961 rad (39.8863 deg) | TransErr = 4.29 mm [FAILS]
      Candidate choice=3 inlier=97 | RotErr = 1.8930 rad (108.4588 deg) | TransErr = 14.93 mm [FAILS]
      Candidate choice=4 inlier=0 | RotErr = 2.8348 rad (162.4202 deg) | TransErr = 24.98 mm [FAILS]
    Alternative Pair with Shard 12 (NOT ACTIVE IN TREE):
      Candidate choice=1 inlier=38 | RotErr = 2.8308 rad (162.1924 deg) | TransErr = 86.75 mm [FAILS]
    Alternative Pair with Shard 13 (NOT ACTIVE IN TREE):
      Candidate choice=1 inlier=24 | RotErr = 3.1060 rad (177.9594 deg) | TransErr = 115.76 mm [FAILS]
      Candidate choice=2 inlier=28 | RotErr = 2.9063 rad (166.5205 deg) | TransErr = 125.54 mm [FAILS]
      Candidate choice=3 inlier=22 | RotErr = 2.8393 rad (162.6827 deg) | TransErr = 239.61 mm [FAILS]
      Candidate choice=4 inlier=48 | RotErr = 2.0647 rad (118.2993 deg) | TransErr = 13.33 mm [FAILS]
    Alternative Pair with Shard 18 (NOT ACTIVE IN TREE):
      Candidate choice=1 inlier=51 | RotErr = 1.4127 rad (80.9400 deg) | TransErr = 17.23 mm [FAILS]
      Candidate choice=2 inlier=46 | RotErr = 3.0930 rad (177.2187 deg) | TransErr = 81.45 mm [FAILS]
    Alternative Pair with Shard 20 (NOT ACTIVE IN TREE):
      Candidate choice=1 inlier=53 | RotErr = 0.5088 rad (29.1518 deg) | TransErr = 25.70 mm [FAILS]
      Candidate choice=2 inlier=42 | RotErr = 2.7835 rad (159.4822 deg) | TransErr = 120.18 mm [FAILS]
    Alternative Pair with Shard 22 (NOT ACTIVE IN TREE):
      [No match candidates found]
    Alternative Pair with Shard 10 (NOT ACTIVE IN TREE):
      Candidate choice=1 inlier=0 | RotErr = 3.0657 rad (175.6505 deg) | TransErr = 112.18 mm [FAILS]
      Candidate choice=2 inlier=38 | RotErr = 1.4685 rad (84.1364 deg) | TransErr = 13.46 mm [FAILS]
      Candidate choice=3 inlier=42 | RotErr = 2.6134 rad (149.7361 deg) | TransErr = 103.19 mm [FAILS]
      Candidate choice=4 inlier=46 | RotErr = 3.0977 rad (177.4876 deg) | TransErr = 35.96 mm [FAILS]
      Candidate choice=5 inlier=48 | RotErr = 3.0690 rad (175.8395 deg) | TransErr = 123.50 mm [FAILS]
    Alternative Pair with Shard 11 (NOT ACTIVE IN TREE):
      Candidate choice=1 inlier=46 | RotErr = 2.7785 rad (159.1946 deg) | TransErr = 104.87 mm [FAILS]
      Candidate choice=2 inlier=54 | RotErr = 2.7501 rad (157.5698 deg) | TransErr = 101.61 mm [FAILS]
      Candidate choice=3 inlier=46 | RotErr = 2.6486 rad (151.7513 deg) | TransErr = 102.55 mm [FAILS]
      Candidate choice=4 inlier=46 | RotErr = 2.4592 rad (140.9043 deg) | TransErr = 16.81 mm [FAILS]
      Candidate choice=5 inlier=36 | RotErr = 2.8519 rad (163.4007 deg) | TransErr = 34.76 mm [FAILS]
      Candidate choice=6 inlier=44 | RotErr = 2.2740 rad (130.2893 deg) | TransErr = 36.09 mm [FAILS]
    Alternative Pair with Shard 15 (NOT ACTIVE IN TREE):
      Candidate choice=1 inlier=18 | RotErr = 0.6664 rad (38.1829 deg) | TransErr = 50.99 mm [FAILS]
      Candidate choice=2 inlier=34 | RotErr = 0.8859 rad (50.7604 deg) | TransErr = 43.67 mm [FAILS]
      Candidate choice=3 inlier=36 | RotErr = 1.3520 rad (77.4655 deg) | TransErr = 20.17 mm [FAILS]
    Alternative Pair with Shard 3 (NOT ACTIVE IN TREE):
      Candidate choice=1 inlier=46 | RotErr = 2.6574 rad (152.2575 deg) | TransErr = 135.57 mm [FAILS]
      Candidate choice=2 inlier=26 | RotErr = 3.1120 rad (178.3040 deg) | TransErr = 203.29 mm [FAILS]
      Candidate choice=3 inlier=28 | RotErr = 1.2766 rad (73.1462 deg) | TransErr = 195.62 mm [FAILS]
      Candidate choice=4 inlier=30 | RotErr = 3.1084 rad (178.0983 deg) | TransErr = 83.04 mm [FAILS]
      Candidate choice=5 inlier=18 | RotErr = 1.4084 rad (80.6951 deg) | TransErr = 135.85 mm [FAILS]
    Alternative Pair with Shard 5 (NOT ACTIVE IN TREE):
      Candidate choice=1 inlier=4 | RotErr = 1.5302 rad (87.6717 deg) | TransErr = 236.24 mm [FAILS]
      Candidate choice=2 inlier=0 | RotErr = 2.8658 rad (164.2004 deg) | TransErr = 105.34 mm [FAILS]
      Candidate choice=3 inlier=40 | RotErr = 3.0961 rad (177.3957 deg) | TransErr = 95.79 mm [FAILS]
      Candidate choice=4 inlier=50 | RotErr = 2.9800 rad (170.7431 deg) | TransErr = 19.98 mm [FAILS]
      Candidate choice=5 inlier=30 | RotErr = 2.9845 rad (170.9988 deg) | TransErr = 113.16 mm [FAILS]
      Candidate choice=6 inlier=40 | RotErr = 2.7249 rad (156.1235 deg) | TransErr = 10.70 mm [FAILS]
      Candidate choice=7 inlier=54 | RotErr = 2.1135 rad (121.0974 deg) | TransErr = 14.77 mm [FAILS]
    Alternative Pair with Shard 8 (NOT ACTIVE IN TREE):
      Candidate choice=1 inlier=32 | RotErr = 3.0663 rad (175.6851 deg) | TransErr = 84.10 mm [FAILS]
    Alternative Pair with Shard 24 (ACTIVE IN TREE) [SKIPPED]
    Alternative Pair with Shard 25 (ACTIVE IN TREE) [SKIPPED]
    Alternative Pair with Shard 26 (ACTIVE IN TREE) [SKIPPED]
    Alternative Pair with Shard 4 (NOT ACTIVE IN TREE):
      Candidate choice=1 inlier=50 | RotErr = 2.8705 rad (164.4691 deg) | TransErr = 93.55 mm [FAILS]
      Candidate choice=2 inlier=34 | RotErr = 2.5529 rad (146.2695 deg) | TransErr = 108.80 mm [FAILS]
      Candidate choice=3 inlier=69 | RotErr = 2.7557 rad (157.8908 deg) | TransErr = 85.08 mm [FAILS]
    Alternative Pair with Shard 17 (NOT ACTIVE IN TREE):
      Candidate choice=1 inlier=30 | RotErr = 3.0985 rad (177.5301 deg) | TransErr = 83.81 mm [FAILS]
      Candidate choice=2 inlier=40 | RotErr = 2.5032 rad (143.4221 deg) | TransErr = 88.26 mm [FAILS]
      Candidate choice=3 inlier=28 | RotErr = 2.0839 rad (119.3965 deg) | TransErr = 61.90 mm [FAILS]
      Candidate choice=4 inlier=26 | RotErr = 2.7655 rad (158.4498 deg) | TransErr = 105.80 mm [FAILS]
      Candidate choice=5 inlier=28 | RotErr = 2.6502 rad (151.8479 deg) | TransErr = 21.09 mm [FAILS]
      Candidate choice=6 inlier=32 | RotErr = 2.3032 rad (131.9630 deg) | TransErr = 25.27 mm [FAILS]
    Alternative Pair with Shard 14 (NOT ACTIVE IN TREE):
      Candidate choice=1 inlier=26 | RotErr = 3.0126 rad (172.6094 deg) | TransErr = 73.41 mm [FAILS]
      Candidate choice=2 inlier=0 | RotErr = 0.4098 rad (23.4790 deg) | TransErr = 190.76 mm [FAILS]
    Alternative Pair with Shard 16 (NOT ACTIVE IN TREE):
      Candidate choice=1 inlier=0 | RotErr = 2.5832 rad (148.0043 deg) | TransErr = 102.43 mm [FAILS]
      Candidate choice=2 inlier=36 | RotErr = 2.9856 rad (171.0619 deg) | TransErr = 60.11 mm [FAILS]
      Candidate choice=3 inlier=18 | RotErr = 2.7516 rad (157.6550 deg) | TransErr = 230.06 mm [FAILS]
      Candidate choice=4 inlier=22 | RotErr = 2.7820 rad (159.3959 deg) | TransErr = 48.12 mm [FAILS]
    Alternative Pair with Shard 19 (NOT ACTIVE IN TREE):
      Candidate choice=1 inlier=26 | RotErr = 0.4956 rad (28.3932 deg) | TransErr = 138.65 mm [FAILS]
      Candidate choice=2 inlier=38 | RotErr = 1.9780 rad (113.3287 deg) | TransErr = 84.98 mm [FAILS]
    Alternative Pair with Shard 28 (NOT ACTIVE IN TREE):
      [No match candidates found]
    Alternative Pair with Shard 29 (NOT ACTIVE IN TREE):
      [No match candidates found]
    Alternative Pair with Shard 23 (NOT ACTIVE IN TREE):
      Candidate choice=1 inlier=24 | RotErr = 2.4670 rad (141.3487 deg) | TransErr = 15.52 mm [FAILS]
    Alternative Pair with Shard 21 (NOT ACTIVE IN TREE):
      Candidate choice=1 inlier=59 | RotErr = 1.9500 rad (111.7276 deg) | TransErr = 35.24 mm [FAILS]
      Candidate choice=2 inlier=26 | RotErr = 1.6966 rad (97.2059 deg) | TransErr = 81.60 mm [FAILS]
  Shard 18 (placed by parent 2):
    Alternative Pair with Shard 1 (NOT ACTIVE IN TREE):
      Candidate choice=1 inlier=12 | RotErr = 2.5466 rad (145.9119 deg) | TransErr = 22.80 mm [FAILS]
      Candidate choice=2 inlier=67 | RotErr = 2.6973 rad (154.5419 deg) | TransErr = 11.14 mm [FAILS]
      Candidate choice=3 inlier=8 | RotErr = 3.0422 rad (174.3042 deg) | TransErr = 96.49 mm [FAILS]
      Candidate choice=4 inlier=44 | RotErr = 3.0910 rad (177.1002 deg) | TransErr = 108.60 mm [FAILS]
      Candidate choice=5 inlier=36 | RotErr = 3.0560 rad (175.0940 deg) | TransErr = 104.32 mm [FAILS]
    Alternative Pair with Shard 2 (ACTIVE IN TREE) [SKIPPED]
    Alternative Pair with Shard 6 (NOT ACTIVE IN TREE):
      Candidate choice=1 inlier=46 | RotErr = 2.6895 rad (154.0942 deg) | TransErr = 9.94 mm [FAILS]
      Candidate choice=2 inlier=59 | RotErr = 2.1787 rad (124.8312 deg) | TransErr = 5.79 mm [FAILS]
      Candidate choice=3 inlier=2 | RotErr = 1.5982 rad (91.5694 deg) | TransErr = 15.70 mm [FAILS]
      Candidate choice=4 inlier=30 | RotErr = 1.1830 rad (67.7799 deg) | TransErr = 6.65 mm [FAILS]
      Candidate choice=5 inlier=46 | RotErr = 1.2504 rad (71.6434 deg) | TransErr = 18.79 mm [FAILS]
      Candidate choice=6 inlier=51 | RotErr = 2.9402 rad (168.4588 deg) | TransErr = 103.15 mm [FAILS]
      Candidate choice=7 inlier=48 | RotErr = 3.0194 rad (172.9969 deg) | TransErr = 102.49 mm [FAILS]
      Candidate choice=8 inlier=38 | RotErr = 3.1173 rad (178.6072 deg) | TransErr = 24.77 mm [FAILS]
    Alternative Pair with Shard 9 (NOT ACTIVE IN TREE):
      Candidate choice=1 inlier=46 | RotErr = 3.0638 rad (175.5422 deg) | TransErr = 68.12 mm [FAILS]
      Candidate choice=2 inlier=51 | RotErr = 2.6882 rad (154.0199 deg) | TransErr = 71.67 mm [FAILS]
      Candidate choice=3 inlier=28 | RotErr = 2.8033 rad (160.6171 deg) | TransErr = 68.68 mm [FAILS]
    Alternative Pair with Shard 12 (NOT ACTIVE IN TREE):
      Candidate choice=1 inlier=28 | RotErr = 3.1259 rad (179.1037 deg) | TransErr = 112.98 mm [FAILS]
    Alternative Pair with Shard 13 (NOT ACTIVE IN TREE):
      Candidate choice=1 inlier=51 | RotErr = 3.0078 rad (172.3363 deg) | TransErr = 107.10 mm [FAILS]
    Alternative Pair with Shard 7 (NOT ACTIVE IN TREE):
      Candidate choice=1 inlier=51 | RotErr = 1.4127 rad (80.9400 deg) | TransErr = 17.23 mm [FAILS]
      Candidate choice=2 inlier=46 | RotErr = 3.0930 rad (177.2187 deg) | TransErr = 81.45 mm [FAILS]
    Alternative Pair with Shard 20 (NOT ACTIVE IN TREE):
      [No match candidates found]
    Alternative Pair with Shard 22 (NOT ACTIVE IN TREE):
      [No match candidates found]
    Alternative Pair with Shard 10 (NOT ACTIVE IN TREE):
      [No match candidates found]
    Alternative Pair with Shard 11 (NOT ACTIVE IN TREE):
      Candidate choice=1 inlier=28 | RotErr = 2.6874 rad (153.9749 deg) | TransErr = 80.65 mm [FAILS]
    Alternative Pair with Shard 15 (NOT ACTIVE IN TREE):
      Candidate choice=1 inlier=40 | RotErr = 3.0334 rad (173.8015 deg) | TransErr = 68.95 mm [FAILS]
    Alternative Pair with Shard 3 (NOT ACTIVE IN TREE):
      Candidate choice=1 inlier=40 | RotErr = 3.1055 rad (177.9331 deg) | TransErr = 113.86 mm [FAILS]
    Alternative Pair with Shard 5 (NOT ACTIVE IN TREE):
      Candidate choice=1 inlier=51 | RotErr = 1.4078 rad (80.6596 deg) | TransErr = 1.77 mm [FAILS]
      Candidate choice=2 inlier=63 | RotErr = 3.1033 rad (177.8078 deg) | TransErr = 18.71 mm [FAILS]
      Candidate choice=3 inlier=18 | RotErr = 2.3035 rad (131.9788 deg) | TransErr = 104.07 mm [FAILS]
    Alternative Pair with Shard 8 (NOT ACTIVE IN TREE):
      Candidate choice=1 inlier=0 | RotErr = 2.6629 rad (152.5726 deg) | TransErr = 103.04 mm [FAILS]
      Candidate choice=2 inlier=46 | RotErr = 2.7680 rad (158.5956 deg) | TransErr = 28.87 mm [FAILS]
    Alternative Pair with Shard 24 (NOT ACTIVE IN TREE):
      Candidate choice=1 inlier=32 | RotErr = 1.4583 rad (83.5550 deg) | TransErr = 60.07 mm [FAILS]
    Alternative Pair with Shard 25 (NOT ACTIVE IN TREE):
      Candidate choice=1 inlier=24 | RotErr = 2.8120 rad (161.1157 deg) | TransErr = 67.86 mm [FAILS]
    Alternative Pair with Shard 26 (NOT ACTIVE IN TREE):
      Candidate choice=1 inlier=26 | RotErr = 1.5354 rad (87.9707 deg) | TransErr = 32.43 mm [FAILS]
      Candidate choice=2 inlier=22 | RotErr = 1.8862 rad (108.0699 deg) | TransErr = 29.75 mm [FAILS]
    Alternative Pair with Shard 4 (NOT ACTIVE IN TREE):
      Candidate choice=1 inlier=42 | RotErr = 0.6749 rad (38.6681 deg) | TransErr = 45.78 mm [FAILS]
    Alternative Pair with Shard 17 (NOT ACTIVE IN TREE):
      Candidate choice=1 inlier=40 | RotErr = 2.7157 rad (155.5990 deg) | TransErr = 72.65 mm [FAILS]
      Candidate choice=2 inlier=36 | RotErr = 2.5759 rad (147.5865 deg) | TransErr = 87.91 mm [FAILS]
      Candidate choice=3 inlier=10 | RotErr = 2.8133 rad (161.1879 deg) | TransErr = 78.64 mm [FAILS]
    Alternative Pair with Shard 14 (NOT ACTIVE IN TREE):
      [No match candidates found]
    Alternative Pair with Shard 16 (NOT ACTIVE IN TREE):
      Candidate choice=1 inlier=26 | RotErr = 1.0010 rad (57.3516 deg) | TransErr = 72.74 mm [FAILS]
    Alternative Pair with Shard 19 (NOT ACTIVE IN TREE):
      Candidate choice=1 inlier=14 | RotErr = 0.5695 rad (32.6280 deg) | TransErr = 84.76 mm [FAILS]
    Alternative Pair with Shard 28 (NOT ACTIVE IN TREE):
      [No match candidates found]
    Alternative Pair with Shard 29 (NOT ACTIVE IN TREE):
      [No match candidates found]
    Alternative Pair with Shard 23 (NOT ACTIVE IN TREE):
      Candidate choice=1 inlier=47 | RotErr = 1.5996 rad (91.6528 deg) | TransErr = 25.39 mm [FAILS]
      Candidate choice=2 inlier=81 | RotErr = 1.1460 rad (65.6634 deg) | TransErr = 12.87 mm [FAILS]
      Candidate choice=3 inlier=52 | RotErr = 1.2511 rad (71.6832 deg) | TransErr = 6.63 mm [FAILS]
    Alternative Pair with Shard 21 (NOT ACTIVE IN TREE):
      [No match candidates found]
  Shard 20 (placed by parent 2):
    Alternative Pair with Shard 1 (NOT ACTIVE IN TREE):
      Candidate choice=1 inlier=34 | RotErr = 0.3209 rad (18.3882 deg) | TransErr = 146.16 mm [FAILS]
      Candidate choice=2 inlier=44 | RotErr = 3.0024 rad (172.0222 deg) | TransErr = 89.11 mm [FAILS]
      Candidate choice=3 inlier=67 | RotErr = 1.1762 rad (67.3925 deg) | TransErr = 17.28 mm [FAILS]
      Candidate choice=4 inlier=14 | RotErr = 2.9008 rad (166.2042 deg) | TransErr = 139.01 mm [FAILS]
      Candidate choice=5 inlier=24 | RotErr = 2.9709 rad (170.2201 deg) | TransErr = 132.93 mm [FAILS]
      Candidate choice=6 inlier=48 | RotErr = 0.2671 rad (15.3016 deg) | TransErr = 28.21 mm [FAILS]
      Candidate choice=7 inlier=113 | RotErr = 0.0418 rad (2.3944 deg) | TransErr = 0.62 mm [PASSES] -> Reward: +20.00
      Candidate choice=8 inlier=8 | RotErr = 2.8811 rad (165.0750 deg) | TransErr = 50.35 mm [FAILS]
      Candidate choice=9 inlier=44 | RotErr = 0.4746 rad (27.1940 deg) | TransErr = 88.42 mm [FAILS]
    Alternative Pair with Shard 2 (ACTIVE IN TREE) [SKIPPED]
    Alternative Pair with Shard 6 (NOT ACTIVE IN TREE):
      Candidate choice=1 inlier=57 | RotErr = 2.6052 rad (149.2695 deg) | TransErr = 15.02 mm [FAILS]
      Candidate choice=2 inlier=0 | RotErr = 2.8730 rad (164.6115 deg) | TransErr = 128.99 mm [FAILS]
      Candidate choice=3 inlier=72 | RotErr = 1.0085 rad (57.7836 deg) | TransErr = 12.25 mm [FAILS]
    Alternative Pair with Shard 9 (NOT ACTIVE IN TREE):
      Candidate choice=1 inlier=28 | RotErr = 0.3097 rad (17.7472 deg) | TransErr = 21.95 mm [FAILS]
    Alternative Pair with Shard 12 (NOT ACTIVE IN TREE):
      Candidate choice=1 inlier=26 | RotErr = 3.1167 rad (178.5727 deg) | TransErr = 74.67 mm [FAILS]
      Candidate choice=2 inlier=32 | RotErr = 2.9642 rad (169.8338 deg) | TransErr = 86.33 mm [FAILS]
    Alternative Pair with Shard 13 (NOT ACTIVE IN TREE):
      Candidate choice=1 inlier=60 | RotErr = 3.1387 rad (179.8328 deg) | TransErr = 113.83 mm [FAILS]
      Candidate choice=2 inlier=34 | RotErr = 1.5875 rad (90.9590 deg) | TransErr = 41.95 mm [FAILS]
      Candidate choice=3 inlier=30 | RotErr = 2.9323 rad (168.0080 deg) | TransErr = 216.44 mm [FAILS]
      Candidate choice=4 inlier=51 | RotErr = 2.8478 rad (163.1682 deg) | TransErr = 140.62 mm [FAILS]
    Alternative Pair with Shard 7 (NOT ACTIVE IN TREE):
      Candidate choice=1 inlier=53 | RotErr = 0.5088 rad (29.1518 deg) | TransErr = 25.70 mm [FAILS]
      Candidate choice=2 inlier=42 | RotErr = 2.7835 rad (159.4822 deg) | TransErr = 120.18 mm [FAILS]
    Alternative Pair with Shard 18 (NOT ACTIVE IN TREE):
      [No match candidates found]
    Alternative Pair with Shard 22 (NOT ACTIVE IN TREE):
      [No match candidates found]
    Alternative Pair with Shard 10 (NOT ACTIVE IN TREE):
      Candidate choice=1 inlier=22 | RotErr = 2.8628 rad (164.0253 deg) | TransErr = 118.25 mm [FAILS]
    Alternative Pair with Shard 11 (NOT ACTIVE IN TREE):
      Candidate choice=1 inlier=34 | RotErr = 2.9036 rad (166.3650 deg) | TransErr = 83.88 mm [FAILS]
    Alternative Pair with Shard 15 (NOT ACTIVE IN TREE):
      [No match candidates found]
    Alternative Pair with Shard 3 (NOT ACTIVE IN TREE):
      Candidate choice=1 inlier=10 | RotErr = 2.7056 rad (155.0168 deg) | TransErr = 16.91 mm [FAILS]
      Candidate choice=2 inlier=30 | RotErr = 2.1651 rad (124.0501 deg) | TransErr = 181.84 mm [FAILS]
      Candidate choice=3 inlier=24 | RotErr = 3.0993 rad (177.5792 deg) | TransErr = 78.86 mm [FAILS]
    Alternative Pair with Shard 5 (NOT ACTIVE IN TREE):
      Candidate choice=1 inlier=28 | RotErr = 1.1943 rad (68.4280 deg) | TransErr = 190.67 mm [FAILS]
      Candidate choice=2 inlier=40 | RotErr = 2.4598 rad (140.9339 deg) | TransErr = 46.44 mm [FAILS]
      Candidate choice=3 inlier=0 | RotErr = 1.3143 rad (75.3051 deg) | TransErr = 103.68 mm [FAILS]
      Candidate choice=4 inlier=65 | RotErr = 0.6312 rad (36.1662 deg) | TransErr = 48.33 mm [FAILS]
    Alternative Pair with Shard 8 (NOT ACTIVE IN TREE):
      Candidate choice=1 inlier=61 | RotErr = 2.9560 rad (169.3682 deg) | TransErr = 88.03 mm [FAILS]
      Candidate choice=2 inlier=46 | RotErr = 1.7935 rad (102.7599 deg) | TransErr = 31.56 mm [FAILS]
      Candidate choice=3 inlier=57 | RotErr = 2.8032 rad (160.6142 deg) | TransErr = 67.68 mm [FAILS]
    Alternative Pair with Shard 24 (NOT ACTIVE IN TREE):
      Candidate choice=1 inlier=30 | RotErr = 0.9427 rad (54.0130 deg) | TransErr = 36.54 mm [FAILS]
      Candidate choice=2 inlier=18 | RotErr = 0.4763 rad (27.2916 deg) | TransErr = 29.28 mm [FAILS]
      Candidate choice=3 inlier=32 | RotErr = 0.9801 rad (56.1566 deg) | TransErr = 33.27 mm [FAILS]
    Alternative Pair with Shard 25 (NOT ACTIVE IN TREE):
      [No match candidates found]
    Alternative Pair with Shard 26 (NOT ACTIVE IN TREE):
      [No match candidates found]
    Alternative Pair with Shard 4 (NOT ACTIVE IN TREE):
      Candidate choice=1 inlier=30 | RotErr = 2.5491 rad (146.0500 deg) | TransErr = 89.00 mm [FAILS]
    Alternative Pair with Shard 17 (NOT ACTIVE IN TREE):
      Candidate choice=1 inlier=36 | RotErr = 2.2817 rad (130.7299 deg) | TransErr = 80.97 mm [FAILS]
    Alternative Pair with Shard 14 (NOT ACTIVE IN TREE):
      Candidate choice=1 inlier=28 | RotErr = 2.9262 rad (167.6566 deg) | TransErr = 79.77 mm [FAILS]
      Candidate choice=2 inlier=38 | RotErr = 1.0126 rad (58.0205 deg) | TransErr = 182.63 mm [FAILS]
      Candidate choice=3 inlier=32 | RotErr = 2.8127 rad (161.1546 deg) | TransErr = 97.41 mm [FAILS]
    Alternative Pair with Shard 16 (NOT ACTIVE IN TREE):
      Candidate choice=1 inlier=26 | RotErr = 2.8432 rad (162.9025 deg) | TransErr = 44.35 mm [FAILS]
      Candidate choice=2 inlier=40 | RotErr = 2.9468 rad (168.8415 deg) | TransErr = 98.77 mm [FAILS]
      Candidate choice=3 inlier=32 | RotErr = 2.7203 rad (155.8645 deg) | TransErr = 26.47 mm [FAILS]
      Candidate choice=4 inlier=28 | RotErr = 2.5299 rad (144.9554 deg) | TransErr = 68.44 mm [FAILS]
      Candidate choice=5 inlier=34 | RotErr = 2.8574 rad (163.7142 deg) | TransErr = 29.19 mm [FAILS]
    Alternative Pair with Shard 19 (NOT ACTIVE IN TREE):
      Candidate choice=1 inlier=44 | RotErr = 2.0655 rad (118.3440 deg) | TransErr = 88.27 mm [FAILS]
      Candidate choice=2 inlier=36 | RotErr = 2.7059 rad (155.0348 deg) | TransErr = 25.74 mm [FAILS]
    Alternative Pair with Shard 28 (NOT ACTIVE IN TREE):
      [No match candidates found]
    Alternative Pair with Shard 29 (NOT ACTIVE IN TREE):
      [No match candidates found]
    Alternative Pair with Shard 23 (NOT ACTIVE IN TREE):
      [No match candidates found]
    Alternative Pair with Shard 21 (NOT ACTIVE IN TREE):
      Candidate choice=1 inlier=28 | RotErr = 2.0077 rad (115.0330 deg) | TransErr = 103.24 mm [FAILS]
  Shard 22 (placed by parent 2):
    Alternative Pair with Shard 1 (NOT ACTIVE IN TREE):
      [No match candidates found]
    Alternative Pair with Shard 2 (ACTIVE IN TREE) [SKIPPED]
    Alternative Pair with Shard 6 (NOT ACTIVE IN TREE):
      [No match candidates found]
    Alternative Pair with Shard 9 (NOT ACTIVE IN TREE):
      [No match candidates found]
    Alternative Pair with Shard 12 (NOT ACTIVE IN TREE):
      [No match candidates found]
    Alternative Pair with Shard 13 (NOT ACTIVE IN TREE):
      [No match candidates found]
    Alternative Pair with Shard 7 (NOT ACTIVE IN TREE):
      [No match candidates found]
    Alternative Pair with Shard 18 (NOT ACTIVE IN TREE):
      [No match candidates found]
    Alternative Pair with Shard 20 (NOT ACTIVE IN TREE):
      [No match candidates found]
    Alternative Pair with Shard 10 (NOT ACTIVE IN TREE):
      [No match candidates found]
    Alternative Pair with Shard 11 (NOT ACTIVE IN TREE):
      [No match candidates found]
    Alternative Pair with Shard 15 (NOT ACTIVE IN TREE):
      [No match candidates found]
    Alternative Pair with Shard 3 (NOT ACTIVE IN TREE):
      [No match candidates found]
    Alternative Pair with Shard 5 (NOT ACTIVE IN TREE):
      [No match candidates found]
    Alternative Pair with Shard 8 (NOT ACTIVE IN TREE):
      [No match candidates found]
    Alternative Pair with Shard 24 (NOT ACTIVE IN TREE):
      [No match candidates found]
    Alternative Pair with Shard 25 (NOT ACTIVE IN TREE):
      [No match candidates found]
    Alternative Pair with Shard 26 (NOT ACTIVE IN TREE):
      [No match candidates found]
    Alternative Pair with Shard 4 (NOT ACTIVE IN TREE):
      [No match candidates found]
    Alternative Pair with Shard 17 (NOT ACTIVE IN TREE):
      [No match candidates found]
    Alternative Pair with Shard 14 (NOT ACTIVE IN TREE):
      [No match candidates found]
    Alternative Pair with Shard 16 (NOT ACTIVE IN TREE):
      [No match candidates found]
    Alternative Pair with Shard 19 (NOT ACTIVE IN TREE):
      [No match candidates found]
    Alternative Pair with Shard 28 (NOT ACTIVE IN TREE):
      [No match candidates found]
    Alternative Pair with Shard 29 (NOT ACTIVE IN TREE):
      [No match candidates found]
    Alternative Pair with Shard 23 (NOT ACTIVE IN TREE):
      [No match candidates found]
    Alternative Pair with Shard 21 (NOT ACTIVE IN TREE):
      [No match candidates found]
  Shard 10 (placed by parent 6):
    Alternative Pair with Shard 1 (NOT ACTIVE IN TREE):
      Candidate choice=1 inlier=16 | RotErr = 2.5542 rad (146.3475 deg) | TransErr = 171.68 mm [FAILS]
      Candidate choice=2 inlier=42 | RotErr = 2.6368 rad (151.0752 deg) | TransErr = 101.09 mm [FAILS]
      Candidate choice=3 inlier=32 | RotErr = 1.3082 rad (74.9527 deg) | TransErr = 46.13 mm [FAILS]
      Candidate choice=4 inlier=48 | RotErr = 2.8261 rad (161.9208 deg) | TransErr = 108.18 mm [FAILS]
      Candidate choice=5 inlier=63 | RotErr = 3.1376 rad (179.7699 deg) | TransErr = 10.34 mm [FAILS]
      Candidate choice=6 inlier=75 | RotErr = 3.0380 rad (174.0625 deg) | TransErr = 13.40 mm [FAILS]
      Candidate choice=7 inlier=32 | RotErr = 2.5883 rad (148.2993 deg) | TransErr = 172.00 mm [FAILS]
      Candidate choice=8 inlier=20 | RotErr = 3.0338 rad (173.8220 deg) | TransErr = 181.94 mm [FAILS]
    Alternative Pair with Shard 2 (NOT ACTIVE IN TREE):
      Candidate choice=1 inlier=30 | RotErr = 2.6053 rad (149.2756 deg) | TransErr = 16.02 mm [FAILS]
      Candidate choice=2 inlier=34 | RotErr = 3.0944 rad (177.2939 deg) | TransErr = 33.61 mm [FAILS]
      Candidate choice=3 inlier=0 | RotErr = 0.7105 rad (40.7092 deg) | TransErr = 186.15 mm [FAILS]
      Candidate choice=4 inlier=22 | RotErr = 2.8691 rad (164.3887 deg) | TransErr = 96.04 mm [FAILS]
      Candidate choice=5 inlier=24 | RotErr = 2.2077 rad (126.4906 deg) | TransErr = 37.19 mm [FAILS]
      Candidate choice=6 inlier=48 | RotErr = 1.5295 rad (87.6358 deg) | TransErr = 36.56 mm [FAILS]
      Candidate choice=7 inlier=50 | RotErr = 1.2052 rad (69.0502 deg) | TransErr = 8.17 mm [FAILS]
      Candidate choice=8 inlier=40 | RotErr = 1.4983 rad (85.8478 deg) | TransErr = 158.10 mm [FAILS]
      Candidate choice=9 inlier=26 | RotErr = 1.6752 rad (95.9845 deg) | TransErr = 181.07 mm [FAILS]
    Alternative Pair with Shard 6 (ACTIVE IN TREE) [SKIPPED]
    Alternative Pair with Shard 9 (NOT ACTIVE IN TREE):
      Candidate choice=1 inlier=48 | RotErr = 2.8954 rad (165.8929 deg) | TransErr = 26.36 mm [FAILS]
    Alternative Pair with Shard 12 (NOT ACTIVE IN TREE):
      Candidate choice=1 inlier=30 | RotErr = 2.8639 rad (164.0880 deg) | TransErr = 185.50 mm [FAILS]
      Candidate choice=2 inlier=36 | RotErr = 1.3890 rad (79.5854 deg) | TransErr = 162.97 mm [FAILS]
    Alternative Pair with Shard 13 (NOT ACTIVE IN TREE):
      Candidate choice=1 inlier=28 | RotErr = 3.0156 rad (172.7794 deg) | TransErr = 220.77 mm [FAILS]
      Candidate choice=2 inlier=38 | RotErr = 2.9858 rad (171.0760 deg) | TransErr = 123.45 mm [FAILS]
      Candidate choice=3 inlier=20 | RotErr = 2.8292 rad (162.1007 deg) | TransErr = 90.61 mm [FAILS]
      Candidate choice=4 inlier=46 | RotErr = 2.9234 rad (167.4999 deg) | TransErr = 94.71 mm [FAILS]
    Alternative Pair with Shard 7 (NOT ACTIVE IN TREE):
      Candidate choice=1 inlier=0 | RotErr = 3.0657 rad (175.6505 deg) | TransErr = 112.18 mm [FAILS]
      Candidate choice=2 inlier=38 | RotErr = 1.4685 rad (84.1364 deg) | TransErr = 13.46 mm [FAILS]
      Candidate choice=3 inlier=42 | RotErr = 2.6134 rad (149.7361 deg) | TransErr = 103.19 mm [FAILS]
      Candidate choice=4 inlier=46 | RotErr = 3.0977 rad (177.4876 deg) | TransErr = 35.96 mm [FAILS]
      Candidate choice=5 inlier=48 | RotErr = 3.0690 rad (175.8395 deg) | TransErr = 123.50 mm [FAILS]
    Alternative Pair with Shard 18 (NOT ACTIVE IN TREE):
      [No match candidates found]
    Alternative Pair with Shard 20 (NOT ACTIVE IN TREE):
      Candidate choice=1 inlier=22 | RotErr = 2.8628 rad (164.0253 deg) | TransErr = 118.25 mm [FAILS]
    Alternative Pair with Shard 22 (NOT ACTIVE IN TREE):
      [No match candidates found]
    Alternative Pair with Shard 11 (NOT ACTIVE IN TREE):
      Candidate choice=1 inlier=22 | RotErr = 0.9400 rad (53.8554 deg) | TransErr = 25.58 mm [FAILS]
      Candidate choice=2 inlier=46 | RotErr = 3.0957 rad (177.3712 deg) | TransErr = 76.03 mm [FAILS]
    Alternative Pair with Shard 15 (NOT ACTIVE IN TREE):
      Candidate choice=1 inlier=32 | RotErr = 2.8261 rad (161.9264 deg) | TransErr = 37.16 mm [FAILS]
    Alternative Pair with Shard 3 (NOT ACTIVE IN TREE):
      Candidate choice=1 inlier=24 | RotErr = 2.6738 rad (153.1985 deg) | TransErr = 78.88 mm [FAILS]
    Alternative Pair with Shard 5 (NOT ACTIVE IN TREE):
      Candidate choice=1 inlier=26 | RotErr = 2.2936 rad (131.4126 deg) | TransErr = 202.31 mm [FAILS]
      Candidate choice=2 inlier=54 | RotErr = 0.1385 rad (7.9347 deg) | TransErr = 19.25 mm [FAILS]
      Candidate choice=3 inlier=46 | RotErr = 2.4508 rad (140.4178 deg) | TransErr = 47.88 mm [FAILS]
      Candidate choice=4 inlier=52 | RotErr = 2.6263 rad (150.4762 deg) | TransErr = 68.66 mm [FAILS]
      Candidate choice=5 inlier=32 | RotErr = 2.8978 rad (166.0299 deg) | TransErr = 110.13 mm [FAILS]
    Alternative Pair with Shard 8 (NOT ACTIVE IN TREE):
      Candidate choice=1 inlier=40 | RotErr = 2.9117 rad (166.8271 deg) | TransErr = 93.37 mm [FAILS]
      Candidate choice=2 inlier=48 | RotErr = 3.1282 rad (179.2350 deg) | TransErr = 68.53 mm [FAILS]
    Alternative Pair with Shard 24 (NOT ACTIVE IN TREE):
      Candidate choice=1 inlier=32 | RotErr = 2.8251 rad (161.8663 deg) | TransErr = 132.15 mm [FAILS]
      Candidate choice=2 inlier=32 | RotErr = 2.6397 rad (151.2418 deg) | TransErr = 95.80 mm [FAILS]
    Alternative Pair with Shard 25 (NOT ACTIVE IN TREE):
      [No match candidates found]
    Alternative Pair with Shard 26 (NOT ACTIVE IN TREE):
      [No match candidates found]
    Alternative Pair with Shard 4 (ACTIVE IN TREE) [SKIPPED]
    Alternative Pair with Shard 17 (NOT ACTIVE IN TREE):
      Candidate choice=1 inlier=36 | RotErr = 1.6837 rad (96.4681 deg) | TransErr = 81.25 mm [FAILS]
    Alternative Pair with Shard 14 (NOT ACTIVE IN TREE):
      [No match candidates found]
    Alternative Pair with Shard 16 (NOT ACTIVE IN TREE):
      Candidate choice=1 inlier=40 | RotErr = 0.9005 rad (51.5925 deg) | TransErr = 196.80 mm [FAILS]
      Candidate choice=2 inlier=28 | RotErr = 0.2941 rad (16.8489 deg) | TransErr = 101.50 mm [FAILS]
      Candidate choice=3 inlier=28 | RotErr = 0.3572 rad (20.4640 deg) | TransErr = 73.07 mm [FAILS]
      Candidate choice=4 inlier=42 | RotErr = 0.4754 rad (27.2364 deg) | TransErr = 57.63 mm [FAILS]
      Candidate choice=5 inlier=42 | RotErr = 0.8254 rad (47.2933 deg) | TransErr = 85.21 mm [FAILS]
    Alternative Pair with Shard 19 (NOT ACTIVE IN TREE):
      Candidate choice=1 inlier=34 | RotErr = 3.1247 rad (179.0322 deg) | TransErr = 90.17 mm [FAILS]
      Candidate choice=2 inlier=40 | RotErr = 2.8692 rad (164.3920 deg) | TransErr = 39.90 mm [FAILS]
      Candidate choice=3 inlier=26 | RotErr = 1.1326 rad (64.8907 deg) | TransErr = 193.38 mm [FAILS]
      Candidate choice=4 inlier=32 | RotErr = 1.5393 rad (88.1972 deg) | TransErr = 73.62 mm [FAILS]
      Candidate choice=5 inlier=53 | RotErr = 0.9084 rad (52.0460 deg) | TransErr = 66.56 mm [FAILS]
      Candidate choice=6 inlier=32 | RotErr = 0.5938 rad (34.0199 deg) | TransErr = 92.87 mm [FAILS]
    Alternative Pair with Shard 28 (NOT ACTIVE IN TREE):
      [No match candidates found]
    Alternative Pair with Shard 29 (NOT ACTIVE IN TREE):
      [No match candidates found]
    Alternative Pair with Shard 23 (NOT ACTIVE IN TREE):
      Candidate choice=1 inlier=30 | RotErr = 0.1600 rad (9.1677 deg) | TransErr = 4.10 mm [PASSES] -> Reward: +20.00
    Alternative Pair with Shard 21 (NOT ACTIVE IN TREE):
      Candidate choice=1 inlier=34 | RotErr = 2.8137 rad (161.2107 deg) | TransErr = 82.47 mm [FAILS]
  Shard 11 (placed by parent 9):
    Alternative Pair with Shard 1 (NOT ACTIVE IN TREE):
      Candidate choice=1 inlier=44 | RotErr = 1.5780 rad (90.4151 deg) | TransErr = 24.17 mm [FAILS]
    Alternative Pair with Shard 2 (NOT ACTIVE IN TREE):
      [No match candidates found]
    Alternative Pair with Shard 6 (NOT ACTIVE IN TREE):
      Candidate choice=1 inlier=30 | RotErr = 3.0964 rad (177.4095 deg) | TransErr = 97.35 mm [FAILS]
      Candidate choice=2 inlier=0 | RotErr = 3.1265 rad (179.1332 deg) | TransErr = 102.75 mm [FAILS]
      Candidate choice=3 inlier=44 | RotErr = 0.3431 rad (19.6610 deg) | TransErr = 16.43 mm [FAILS]
    Alternative Pair with Shard 9 (ACTIVE IN TREE) [SKIPPED]
    Alternative Pair with Shard 12 (NOT ACTIVE IN TREE):
      Candidate choice=1 inlier=26 | RotErr = 3.1042 rad (177.8551 deg) | TransErr = 19.44 mm [FAILS]
    Alternative Pair with Shard 13 (NOT ACTIVE IN TREE):
      [No match candidates found]
    Alternative Pair with Shard 7 (NOT ACTIVE IN TREE):
      Candidate choice=1 inlier=46 | RotErr = 2.7785 rad (159.1946 deg) | TransErr = 104.87 mm [FAILS]
      Candidate choice=2 inlier=54 | RotErr = 2.7501 rad (157.5698 deg) | TransErr = 101.61 mm [FAILS]
      Candidate choice=3 inlier=46 | RotErr = 2.6486 rad (151.7513 deg) | TransErr = 102.55 mm [FAILS]
      Candidate choice=4 inlier=46 | RotErr = 2.4592 rad (140.9043 deg) | TransErr = 16.81 mm [FAILS]
      Candidate choice=5 inlier=36 | RotErr = 2.8519 rad (163.4007 deg) | TransErr = 34.76 mm [FAILS]
      Candidate choice=6 inlier=44 | RotErr = 2.2740 rad (130.2893 deg) | TransErr = 36.09 mm [FAILS]
    Alternative Pair with Shard 18 (NOT ACTIVE IN TREE):
      Candidate choice=1 inlier=28 | RotErr = 2.6874 rad (153.9749 deg) | TransErr = 80.65 mm [FAILS]
    Alternative Pair with Shard 20 (NOT ACTIVE IN TREE):
      Candidate choice=1 inlier=34 | RotErr = 2.9036 rad (166.3650 deg) | TransErr = 83.88 mm [FAILS]
    Alternative Pair with Shard 22 (NOT ACTIVE IN TREE):
      [No match candidates found]
    Alternative Pair with Shard 10 (NOT ACTIVE IN TREE):
      Candidate choice=1 inlier=22 | RotErr = 0.9400 rad (53.8554 deg) | TransErr = 25.58 mm [FAILS]
      Candidate choice=2 inlier=46 | RotErr = 3.0957 rad (177.3712 deg) | TransErr = 76.03 mm [FAILS]
    Alternative Pair with Shard 15 (NOT ACTIVE IN TREE):
      Candidate choice=1 inlier=36 | RotErr = 1.4800 rad (84.7959 deg) | TransErr = 10.18 mm [FAILS]
      Candidate choice=2 inlier=51 | RotErr = 2.9813 rad (170.8159 deg) | TransErr = 14.79 mm [FAILS]
      Candidate choice=3 inlier=40 | RotErr = 2.7505 rad (157.5894 deg) | TransErr = 7.67 mm [FAILS]
    Alternative Pair with Shard 3 (NOT ACTIVE IN TREE):
      Candidate choice=1 inlier=32 | RotErr = 3.0630 rad (175.4988 deg) | TransErr = 19.55 mm [FAILS]
      Candidate choice=2 inlier=0 | RotErr = 2.7411 rad (157.0553 deg) | TransErr = 31.13 mm [FAILS]
    Alternative Pair with Shard 5 (NOT ACTIVE IN TREE):
      [No match candidates found]
    Alternative Pair with Shard 8 (NOT ACTIVE IN TREE):
      Candidate choice=1 inlier=0 | RotErr = 1.0922 rad (62.5770 deg) | TransErr = 20.74 mm [FAILS]
      Candidate choice=2 inlier=32 | RotErr = 0.5530 rad (31.6845 deg) | TransErr = 32.29 mm [FAILS]
      Candidate choice=3 inlier=34 | RotErr = 3.0077 rad (172.3259 deg) | TransErr = 115.63 mm [FAILS]
      Candidate choice=4 inlier=40 | RotErr = 2.8665 rad (164.2380 deg) | TransErr = 113.95 mm [FAILS]
      Candidate choice=5 inlier=44 | RotErr = 2.9664 rad (169.9626 deg) | TransErr = 111.16 mm [FAILS]
    Alternative Pair with Shard 24 (NOT ACTIVE IN TREE):
      Candidate choice=1 inlier=32 | RotErr = 2.0810 rad (119.2303 deg) | TransErr = 87.51 mm [FAILS]
      Candidate choice=2 inlier=24 | RotErr = 2.1433 rad (122.8048 deg) | TransErr = 90.68 mm [FAILS]
      Candidate choice=3 inlier=0 | RotErr = 2.2912 rad (131.2772 deg) | TransErr = 116.32 mm [FAILS]
      Candidate choice=4 inlier=18 | RotErr = 2.4101 rad (138.0899 deg) | TransErr = 93.48 mm [FAILS]
    Alternative Pair with Shard 25 (NOT ACTIVE IN TREE):
      [No match candidates found]
    Alternative Pair with Shard 26 (NOT ACTIVE IN TREE):
      [No match candidates found]
    Alternative Pair with Shard 4 (NOT ACTIVE IN TREE):
      Candidate choice=1 inlier=74 | RotErr = 2.9971 rad (171.7232 deg) | TransErr = 21.92 mm [FAILS]
      Candidate choice=2 inlier=60 | RotErr = 0.6836 rad (39.1699 deg) | TransErr = 28.86 mm [FAILS]
    Alternative Pair with Shard 17 (ACTIVE IN TREE) [SKIPPED]
    Alternative Pair with Shard 14 (NOT ACTIVE IN TREE):
      [No match candidates found]
    Alternative Pair with Shard 16 (NOT ACTIVE IN TREE):
      [No match candidates found]
    Alternative Pair with Shard 19 (NOT ACTIVE IN TREE):
      [No match candidates found]
    Alternative Pair with Shard 28 (NOT ACTIVE IN TREE):
      [No match candidates found]
    Alternative Pair with Shard 29 (NOT ACTIVE IN TREE):
      Candidate choice=1 inlier=34 | RotErr = 3.1069 rad (178.0103 deg) | TransErr = 31.05 mm [FAILS]
      Candidate choice=2 inlier=60 | RotErr = 2.9849 rad (171.0243 deg) | TransErr = 37.81 mm [FAILS]
    Alternative Pair with Shard 23 (NOT ACTIVE IN TREE):
      Candidate choice=1 inlier=30 | RotErr = 2.9647 rad (169.8649 deg) | TransErr = 58.97 mm [FAILS]
    Alternative Pair with Shard 21 (NOT ACTIVE IN TREE):
      Candidate choice=1 inlier=36 | RotErr = 2.0322 rad (116.4347 deg) | TransErr = 31.53 mm [FAILS]
      Candidate choice=2 inlier=20 | RotErr = 2.7943 rad (160.1041 deg) | TransErr = 51.46 mm [FAILS]
      Candidate choice=3 inlier=34 | RotErr = 2.6873 rad (153.9693 deg) | TransErr = 22.81 mm [FAILS]
      Candidate choice=4 inlier=32 | RotErr = 1.8889 rad (108.2246 deg) | TransErr = 29.73 mm [FAILS]
      Candidate choice=5 inlier=65 | RotErr = 1.2556 rad (71.9411 deg) | TransErr = 20.24 mm [FAILS]
  Shard 15 (placed by parent 9):
    Alternative Pair with Shard 1 (NOT ACTIVE IN TREE):
      [No match candidates found]
    Alternative Pair with Shard 2 (NOT ACTIVE IN TREE):
      Candidate choice=1 inlier=24 | RotErr = 3.0917 rad (177.1386 deg) | TransErr = 89.80 mm [FAILS]
    Alternative Pair with Shard 6 (NOT ACTIVE IN TREE):
      Candidate choice=1 inlier=32 | RotErr = 2.7618 rad (158.2381 deg) | TransErr = 109.84 mm [FAILS]
      Candidate choice=2 inlier=40 | RotErr = 2.5736 rad (147.4537 deg) | TransErr = 27.22 mm [FAILS]
      Candidate choice=3 inlier=59 | RotErr = 2.3528 rad (134.8079 deg) | TransErr = 26.39 mm [FAILS]
      Candidate choice=4 inlier=20 | RotErr = 1.4857 rad (85.1245 deg) | TransErr = 28.03 mm [FAILS]
    Alternative Pair with Shard 9 (ACTIVE IN TREE) [SKIPPED]
    Alternative Pair with Shard 12 (NOT ACTIVE IN TREE):
      Candidate choice=1 inlier=26 | RotErr = 1.2301 rad (70.4805 deg) | TransErr = 217.08 mm [FAILS]
    Alternative Pair with Shard 13 (NOT ACTIVE IN TREE):
      Candidate choice=1 inlier=26 | RotErr = 0.8721 rad (49.9698 deg) | TransErr = 55.99 mm [FAILS]
    Alternative Pair with Shard 7 (NOT ACTIVE IN TREE):
      Candidate choice=1 inlier=18 | RotErr = 0.6664 rad (38.1829 deg) | TransErr = 50.99 mm [FAILS]
      Candidate choice=2 inlier=34 | RotErr = 0.8859 rad (50.7604 deg) | TransErr = 43.67 mm [FAILS]
      Candidate choice=3 inlier=36 | RotErr = 1.3520 rad (77.4655 deg) | TransErr = 20.17 mm [FAILS]
    Alternative Pair with Shard 18 (NOT ACTIVE IN TREE):
      Candidate choice=1 inlier=40 | RotErr = 3.0334 rad (173.8015 deg) | TransErr = 68.95 mm [FAILS]
    Alternative Pair with Shard 20 (NOT ACTIVE IN TREE):
      [No match candidates found]
    Alternative Pair with Shard 22 (NOT ACTIVE IN TREE):
      [No match candidates found]
    Alternative Pair with Shard 10 (NOT ACTIVE IN TREE):
      Candidate choice=1 inlier=32 | RotErr = 2.8261 rad (161.9264 deg) | TransErr = 37.16 mm [FAILS]
    Alternative Pair with Shard 11 (NOT ACTIVE IN TREE):
      Candidate choice=1 inlier=36 | RotErr = 1.4800 rad (84.7959 deg) | TransErr = 10.18 mm [FAILS]
      Candidate choice=2 inlier=51 | RotErr = 2.9813 rad (170.8159 deg) | TransErr = 14.79 mm [FAILS]
      Candidate choice=3 inlier=40 | RotErr = 2.7505 rad (157.5894 deg) | TransErr = 7.67 mm [FAILS]
    Alternative Pair with Shard 3 (NOT ACTIVE IN TREE):
      Candidate choice=1 inlier=40 | RotErr = 0.2508 rad (14.3676 deg) | TransErr = 206.64 mm [FAILS]
      Candidate choice=2 inlier=14 | RotErr = 1.2867 rad (73.7249 deg) | TransErr = 233.82 mm [FAILS]
    Alternative Pair with Shard 5 (NOT ACTIVE IN TREE):
      [No match candidates found]
    Alternative Pair with Shard 8 (NOT ACTIVE IN TREE):
      Candidate choice=1 inlier=12 | RotErr = 2.3301 rad (133.5075 deg) | TransErr = 32.07 mm [FAILS]
      Candidate choice=2 inlier=12 | RotErr = 2.8718 rad (164.5441 deg) | TransErr = 115.05 mm [FAILS]
    Alternative Pair with Shard 24 (NOT ACTIVE IN TREE):
      Candidate choice=1 inlier=32 | RotErr = 2.9606 rad (169.6295 deg) | TransErr = 108.70 mm [FAILS]
    Alternative Pair with Shard 25 (NOT ACTIVE IN TREE):
      Candidate choice=1 inlier=28 | RotErr = 0.4264 rad (24.4311 deg) | TransErr = 35.02 mm [FAILS]
    Alternative Pair with Shard 26 (NOT ACTIVE IN TREE):
      Candidate choice=1 inlier=16 | RotErr = 3.0423 rad (174.3086 deg) | TransErr = 89.89 mm [FAILS]
    Alternative Pair with Shard 4 (NOT ACTIVE IN TREE):
      Candidate choice=1 inlier=32 | RotErr = 2.4962 rad (143.0227 deg) | TransErr = 21.61 mm [FAILS]
      Candidate choice=2 inlier=46 | RotErr = 1.1652 rad (66.7595 deg) | TransErr = 27.94 mm [FAILS]
    Alternative Pair with Shard 17 (NOT ACTIVE IN TREE):
      Candidate choice=1 inlier=14 | RotErr = 2.5668 rad (147.0660 deg) | TransErr = 83.57 mm [FAILS]
      Candidate choice=2 inlier=24 | RotErr = 2.5419 rad (145.6395 deg) | TransErr = 114.91 mm [FAILS]
      Candidate choice=3 inlier=30 | RotErr = 2.7145 rad (155.5310 deg) | TransErr = 145.75 mm [FAILS]
    Alternative Pair with Shard 14 (NOT ACTIVE IN TREE):
      Candidate choice=1 inlier=16 | RotErr = 2.5374 rad (145.3847 deg) | TransErr = 208.58 mm [FAILS]
    Alternative Pair with Shard 16 (NOT ACTIVE IN TREE):
      [No match candidates found]
    Alternative Pair with Shard 19 (NOT ACTIVE IN TREE):
      Candidate choice=1 inlier=22 | RotErr = 1.2148 rad (69.6046 deg) | TransErr = 194.32 mm [FAILS]
    Alternative Pair with Shard 28 (NOT ACTIVE IN TREE):
      [No match candidates found]
    Alternative Pair with Shard 29 (NOT ACTIVE IN TREE):
      Candidate choice=1 inlier=36 | RotErr = 2.9899 rad (171.3074 deg) | TransErr = 26.05 mm [FAILS]
    Alternative Pair with Shard 23 (NOT ACTIVE IN TREE):
      Candidate choice=1 inlier=26 | RotErr = 3.1079 rad (178.0721 deg) | TransErr = 58.05 mm [FAILS]
      Candidate choice=2 inlier=38 | RotErr = 2.8521 rad (163.4138 deg) | TransErr = 67.06 mm [FAILS]
    Alternative Pair with Shard 21 (NOT ACTIVE IN TREE):
      Candidate choice=1 inlier=28 | RotErr = 1.9815 rad (113.5335 deg) | TransErr = 56.84 mm [FAILS]
      Candidate choice=2 inlier=40 | RotErr = 1.7505 rad (100.2950 deg) | TransErr = 95.36 mm [FAILS]
      Candidate choice=3 inlier=54 | RotErr = 1.8837 rad (107.9267 deg) | TransErr = 107.38 mm [FAILS]
  Shard 3 (placed by parent 12):
    Alternative Pair with Shard 1 (NOT ACTIVE IN TREE):
      Candidate choice=1 inlier=32 | RotErr = 1.0865 rad (62.2547 deg) | TransErr = 14.12 mm [FAILS]
      Candidate choice=2 inlier=22 | RotErr = 2.5189 rad (144.3233 deg) | TransErr = 15.26 mm [FAILS]
      Candidate choice=3 inlier=26 | RotErr = 1.4333 rad (82.1232 deg) | TransErr = 138.66 mm [FAILS]
      Candidate choice=4 inlier=22 | RotErr = 1.4694 rad (84.1894 deg) | TransErr = 179.12 mm [FAILS]
      Candidate choice=5 inlier=22 | RotErr = 1.0902 rad (62.4659 deg) | TransErr = 206.78 mm [FAILS]
      Candidate choice=6 inlier=40 | RotErr = 2.9197 rad (167.2890 deg) | TransErr = 68.51 mm [FAILS]
      Candidate choice=7 inlier=10 | RotErr = 3.0790 rad (176.4123 deg) | TransErr = 50.21 mm [FAILS]
      Candidate choice=8 inlier=46 | RotErr = 2.8776 rad (164.8722 deg) | TransErr = 67.34 mm [FAILS]
      Candidate choice=9 inlier=26 | RotErr = 0.3507 rad (20.0935 deg) | TransErr = 13.24 mm [FAILS]
    Alternative Pair with Shard 2 (NOT ACTIVE IN TREE):
      Candidate choice=1 inlier=56 | RotErr = 0.2939 rad (16.8395 deg) | TransErr = 14.28 mm [FAILS]
      Candidate choice=2 inlier=54 | RotErr = 0.2239 rad (12.8266 deg) | TransErr = 13.47 mm [FAILS]
      Candidate choice=3 inlier=30 | RotErr = 2.9118 rad (166.8356 deg) | TransErr = 73.72 mm [FAILS]
      Candidate choice=4 inlier=30 | RotErr = 2.6995 rad (154.6672 deg) | TransErr = 118.54 mm [FAILS]
      Candidate choice=5 inlier=26 | RotErr = 3.1381 rad (179.8019 deg) | TransErr = 97.13 mm [FAILS]
      Candidate choice=6 inlier=0 | RotErr = 3.1113 rad (178.2652 deg) | TransErr = 86.96 mm [FAILS]
      Candidate choice=7 inlier=36 | RotErr = 2.8900 rad (165.5823 deg) | TransErr = 99.18 mm [FAILS]
      Candidate choice=8 inlier=36 | RotErr = 3.0506 rad (174.7850 deg) | TransErr = 60.90 mm [FAILS]
      Candidate choice=9 inlier=30 | RotErr = 1.2384 rad (70.9544 deg) | TransErr = 50.59 mm [FAILS]
      Candidate choice=10 inlier=22 | RotErr = 1.0944 rad (62.7021 deg) | TransErr = 34.02 mm [FAILS]
      Candidate choice=11 inlier=18 | RotErr = 0.7149 rad (40.9624 deg) | TransErr = 12.71 mm [FAILS]
    Alternative Pair with Shard 6 (NOT ACTIVE IN TREE):
      Candidate choice=1 inlier=50 | RotErr = 2.9880 rad (171.1999 deg) | TransErr = 67.97 mm [FAILS]
      Candidate choice=2 inlier=8 | RotErr = 0.2676 rad (15.3308 deg) | TransErr = 159.85 mm [FAILS]
      Candidate choice=3 inlier=46 | RotErr = 0.3072 rad (17.6016 deg) | TransErr = 165.73 mm [FAILS]
      Candidate choice=4 inlier=0 | RotErr = 3.0198 rad (173.0231 deg) | TransErr = 92.42 mm [FAILS]
      Candidate choice=5 inlier=0 | RotErr = 2.5420 rad (145.6473 deg) | TransErr = 114.66 mm [FAILS]
    Alternative Pair with Shard 9 (NOT ACTIVE IN TREE):
      Candidate choice=1 inlier=30 | RotErr = 2.3316 rad (133.5885 deg) | TransErr = 198.84 mm [FAILS]
      Candidate choice=2 inlier=26 | RotErr = 3.1407 rad (179.9483 deg) | TransErr = 24.50 mm [FAILS]
      Candidate choice=3 inlier=40 | RotErr = 0.6625 rad (37.9612 deg) | TransErr = 212.07 mm [FAILS]
      Candidate choice=4 inlier=0 | RotErr = 2.9079 rad (166.6099 deg) | TransErr = 24.03 mm [FAILS]
      Candidate choice=5 inlier=36 | RotErr = 2.6237 rad (150.3287 deg) | TransErr = 201.09 mm [FAILS]
    Alternative Pair with Shard 12 (ACTIVE IN TREE) [SKIPPED]
    Alternative Pair with Shard 13 (NOT ACTIVE IN TREE):
      Candidate choice=1 inlier=36 | RotErr = 3.1294 rad (179.3036 deg) | TransErr = 80.47 mm [FAILS]
      Candidate choice=2 inlier=32 | RotErr = 2.9313 rad (167.9532 deg) | TransErr = 60.73 mm [FAILS]
      Candidate choice=3 inlier=26 | RotErr = 2.8160 rad (161.3469 deg) | TransErr = 61.74 mm [FAILS]
      Candidate choice=4 inlier=26 | RotErr = 2.9211 rad (167.3690 deg) | TransErr = 69.81 mm [FAILS]
      Candidate choice=5 inlier=24 | RotErr = 3.1219 rad (178.8710 deg) | TransErr = 88.46 mm [FAILS]
    Alternative Pair with Shard 7 (NOT ACTIVE IN TREE):
      Candidate choice=1 inlier=46 | RotErr = 2.6574 rad (152.2575 deg) | TransErr = 135.57 mm [FAILS]
      Candidate choice=2 inlier=26 | RotErr = 3.1120 rad (178.3040 deg) | TransErr = 203.29 mm [FAILS]
      Candidate choice=3 inlier=28 | RotErr = 1.2766 rad (73.1462 deg) | TransErr = 195.62 mm [FAILS]
      Candidate choice=4 inlier=30 | RotErr = 3.1084 rad (178.0983 deg) | TransErr = 83.04 mm [FAILS]
      Candidate choice=5 inlier=18 | RotErr = 1.4084 rad (80.6951 deg) | TransErr = 135.85 mm [FAILS]
    Alternative Pair with Shard 18 (NOT ACTIVE IN TREE):
      Candidate choice=1 inlier=40 | RotErr = 3.1055 rad (177.9331 deg) | TransErr = 113.86 mm [FAILS]
    Alternative Pair with Shard 20 (NOT ACTIVE IN TREE):
      Candidate choice=1 inlier=10 | RotErr = 2.7056 rad (155.0168 deg) | TransErr = 16.91 mm [FAILS]
      Candidate choice=2 inlier=30 | RotErr = 2.1651 rad (124.0501 deg) | TransErr = 181.84 mm [FAILS]
      Candidate choice=3 inlier=24 | RotErr = 3.0993 rad (177.5792 deg) | TransErr = 78.86 mm [FAILS]
    Alternative Pair with Shard 22 (NOT ACTIVE IN TREE):
      [No match candidates found]
    Alternative Pair with Shard 10 (NOT ACTIVE IN TREE):
      Candidate choice=1 inlier=24 | RotErr = 2.6738 rad (153.1985 deg) | TransErr = 78.88 mm [FAILS]
    Alternative Pair with Shard 11 (NOT ACTIVE IN TREE):
      Candidate choice=1 inlier=32 | RotErr = 3.0630 rad (175.4988 deg) | TransErr = 19.55 mm [FAILS]
      Candidate choice=2 inlier=0 | RotErr = 2.7411 rad (157.0553 deg) | TransErr = 31.13 mm [FAILS]
    Alternative Pair with Shard 15 (NOT ACTIVE IN TREE):
      Candidate choice=1 inlier=40 | RotErr = 0.2508 rad (14.3676 deg) | TransErr = 206.64 mm [FAILS]
      Candidate choice=2 inlier=14 | RotErr = 1.2867 rad (73.7249 deg) | TransErr = 233.82 mm [FAILS]
    Alternative Pair with Shard 5 (NOT ACTIVE IN TREE):
      Candidate choice=1 inlier=44 | RotErr = 1.1831 rad (67.7874 deg) | TransErr = 9.23 mm [FAILS]
      Candidate choice=2 inlier=36 | RotErr = 1.4874 rad (85.2243 deg) | TransErr = 4.89 mm [FAILS]
      Candidate choice=3 inlier=20 | RotErr = 0.1987 rad (11.3849 deg) | TransErr = 117.75 mm [FAILS]
      Candidate choice=4 inlier=20 | RotErr = 1.1036 rad (63.2313 deg) | TransErr = 54.98 mm [FAILS]
      Candidate choice=5 inlier=34 | RotErr = 2.3801 rad (136.3686 deg) | TransErr = 18.76 mm [FAILS]
      Candidate choice=6 inlier=32 | RotErr = 2.9454 rad (168.7596 deg) | TransErr = 100.63 mm [FAILS]
      Candidate choice=7 inlier=26 | RotErr = 2.5506 rad (146.1385 deg) | TransErr = 9.69 mm [FAILS]
      Candidate choice=8 inlier=44 | RotErr = 2.9806 rad (170.7750 deg) | TransErr = 10.69 mm [FAILS]
    Alternative Pair with Shard 8 (NOT ACTIVE IN TREE):
      Candidate choice=1 inlier=28 | RotErr = 2.9239 rad (167.5249 deg) | TransErr = 74.02 mm [FAILS]
      Candidate choice=2 inlier=24 | RotErr = 1.6159 rad (92.5837 deg) | TransErr = 147.05 mm [FAILS]
      Candidate choice=3 inlier=40 | RotErr = 3.1355 rad (179.6533 deg) | TransErr = 104.11 mm [FAILS]
      Candidate choice=4 inlier=24 | RotErr = 3.0333 rad (173.7945 deg) | TransErr = 62.01 mm [FAILS]
    Alternative Pair with Shard 24 (NOT ACTIVE IN TREE):
      Candidate choice=1 inlier=30 | RotErr = 3.0108 rad (172.5053 deg) | TransErr = 89.72 mm [FAILS]
      Candidate choice=2 inlier=30 | RotErr = 2.9657 rad (169.9245 deg) | TransErr = 80.44 mm [FAILS]
      Candidate choice=3 inlier=32 | RotErr = 3.0264 rad (173.3991 deg) | TransErr = 74.54 mm [FAILS]
    Alternative Pair with Shard 25 (NOT ACTIVE IN TREE):
      [No match candidates found]
    Alternative Pair with Shard 26 (NOT ACTIVE IN TREE):
      [No match candidates found]
    Alternative Pair with Shard 4 (NOT ACTIVE IN TREE):
      Candidate choice=1 inlier=30 | RotErr = 2.9456 rad (168.7731 deg) | TransErr = 44.06 mm [FAILS]
      Candidate choice=2 inlier=32 | RotErr = 1.2884 rad (73.8221 deg) | TransErr = 187.58 mm [FAILS]
      Candidate choice=3 inlier=48 | RotErr = 0.9931 rad (56.9004 deg) | TransErr = 188.52 mm [FAILS]
    Alternative Pair with Shard 17 (NOT ACTIVE IN TREE):
      Candidate choice=1 inlier=32 | RotErr = 1.9084 rad (109.3455 deg) | TransErr = 171.48 mm [FAILS]
      Candidate choice=2 inlier=28 | RotErr = 0.5315 rad (30.4501 deg) | TransErr = 181.28 mm [FAILS]
      Candidate choice=3 inlier=20 | RotErr = 2.7861 rad (159.6291 deg) | TransErr = 192.07 mm [FAILS]
      Candidate choice=4 inlier=4 | RotErr = 2.1677 rad (124.2001 deg) | TransErr = 220.13 mm [FAILS]
    Alternative Pair with Shard 14 (ACTIVE IN TREE) [SKIPPED]
    Alternative Pair with Shard 16 (ACTIVE IN TREE) [SKIPPED]
    Alternative Pair with Shard 19 (ACTIVE IN TREE) [SKIPPED]
    Alternative Pair with Shard 28 (ACTIVE IN TREE) [SKIPPED]
    Alternative Pair with Shard 29 (ACTIVE IN TREE) [SKIPPED]
    Alternative Pair with Shard 23 (NOT ACTIVE IN TREE):
      [No match candidates found]
    Alternative Pair with Shard 21 (NOT ACTIVE IN TREE):
      Candidate choice=1 inlier=26 | RotErr = 1.3925 rad (79.7851 deg) | TransErr = 131.70 mm [FAILS]
      Candidate choice=2 inlier=6 | RotErr = 1.7949 rad (102.8412 deg) | TransErr = 142.61 mm [FAILS]
  Shard 5 (placed by parent 12):
    Alternative Pair with Shard 1 (NOT ACTIVE IN TREE):
      Candidate choice=1 inlier=46 | RotErr = 3.0654 rad (175.6346 deg) | TransErr = 190.72 mm [FAILS]
      Candidate choice=2 inlier=62 | RotErr = 2.9975 rad (171.7430 deg) | TransErr = 167.73 mm [FAILS]
      Candidate choice=3 inlier=115 | RotErr = 0.1139 rad (6.5272 deg) | TransErr = 20.05 mm [FAILS]
      Candidate choice=4 inlier=24 | RotErr = 0.3174 rad (18.1831 deg) | TransErr = 74.07 mm [FAILS]
      Candidate choice=5 inlier=137 | RotErr = 0.0821 rad (4.7024 deg) | TransErr = 7.49 mm [PASSES] -> Reward: +20.00
      Candidate choice=6 inlier=26 | RotErr = 0.1369 rad (7.8446 deg) | TransErr = 36.56 mm [FAILS]
      Candidate choice=7 inlier=26 | RotErr = 0.6575 rad (37.6708 deg) | TransErr = 107.73 mm [FAILS]
      Candidate choice=8 inlier=30 | RotErr = 1.0018 rad (57.3980 deg) | TransErr = 149.23 mm [FAILS]
      Candidate choice=9 inlier=30 | RotErr = 2.9192 rad (167.2557 deg) | TransErr = 97.54 mm [FAILS]
      Candidate choice=10 inlier=40 | RotErr = 3.0358 rad (173.9362 deg) | TransErr = 111.11 mm [FAILS]
      Candidate choice=11 inlier=46 | RotErr = 3.0997 rad (177.6003 deg) | TransErr = 109.44 mm [FAILS]
      Candidate choice=12 inlier=34 | RotErr = 0.6089 rad (34.8884 deg) | TransErr = 205.61 mm [FAILS]
      Candidate choice=13 inlier=32 | RotErr = 1.1971 rad (68.5904 deg) | TransErr = 183.24 mm [FAILS]
      Candidate choice=14 inlier=0 | RotErr = 2.0458 rad (117.2151 deg) | TransErr = 165.97 mm [FAILS]
      Candidate choice=15 inlier=0 | RotErr = 3.1330 rad (179.5051 deg) | TransErr = 62.78 mm [FAILS]
      Candidate choice=16 inlier=0 | RotErr = 3.0859 rad (176.8088 deg) | TransErr = 124.33 mm [FAILS]
      Candidate choice=17 inlier=28 | RotErr = 3.0352 rad (173.9058 deg) | TransErr = 206.89 mm [FAILS]
    Alternative Pair with Shard 2 (NOT ACTIVE IN TREE):
      Candidate choice=1 inlier=38 | RotErr = 3.1397 rad (179.8941 deg) | TransErr = 186.40 mm [FAILS]
      Candidate choice=2 inlier=73 | RotErr = 0.9749 rad (55.8572 deg) | TransErr = 19.11 mm [FAILS]
      Candidate choice=3 inlier=0 | RotErr = 2.9010 rad (166.2153 deg) | TransErr = 75.10 mm [FAILS]
      Candidate choice=4 inlier=36 | RotErr = 2.5006 rad (143.2756 deg) | TransErr = 117.55 mm [FAILS]
      Candidate choice=5 inlier=38 | RotErr = 1.8917 rad (108.3841 deg) | TransErr = 78.41 mm [FAILS]
      Candidate choice=6 inlier=44 | RotErr = 1.8002 rad (103.1419 deg) | TransErr = 9.23 mm [FAILS]
    Alternative Pair with Shard 6 (NOT ACTIVE IN TREE):
      Candidate choice=1 inlier=0 | RotErr = 2.9711 rad (170.2323 deg) | TransErr = 149.35 mm [FAILS]
      Candidate choice=2 inlier=8 | RotErr = 2.8129 rad (161.1655 deg) | TransErr = 135.21 mm [FAILS]
      Candidate choice=3 inlier=30 | RotErr = 1.1991 rad (68.7039 deg) | TransErr = 5.30 mm [FAILS]
      Candidate choice=4 inlier=70 | RotErr = 0.6550 rad (37.5306 deg) | TransErr = 9.05 mm [FAILS]
      Candidate choice=5 inlier=68 | RotErr = 0.3142 rad (18.0043 deg) | TransErr = 6.66 mm [FAILS]
      Candidate choice=6 inlier=56 | RotErr = 2.9939 rad (171.5379 deg) | TransErr = 94.16 mm [FAILS]
      Candidate choice=7 inlier=56 | RotErr = 0.4277 rad (24.5027 deg) | TransErr = 8.41 mm [FAILS]
      Candidate choice=8 inlier=38 | RotErr = 0.8166 rad (46.7892 deg) | TransErr = 19.66 mm [FAILS]
      Candidate choice=9 inlier=124 | RotErr = 0.2030 rad (11.6304 deg) | TransErr = 5.11 mm [PASSES] -> Reward: +20.00
      Candidate choice=10 inlier=64 | RotErr = 3.0601 rad (175.3333 deg) | TransErr = 89.51 mm [FAILS]
      Candidate choice=11 inlier=28 | RotErr = 1.1756 rad (67.3573 deg) | TransErr = 20.47 mm [FAILS]
      Candidate choice=12 inlier=76 | RotErr = 2.8626 rad (164.0131 deg) | TransErr = 91.17 mm [FAILS]
      Candidate choice=13 inlier=52 | RotErr = 0.6109 rad (35.0033 deg) | TransErr = 21.36 mm [FAILS]
      Candidate choice=14 inlier=24 | RotErr = 3.0118 rad (172.5648 deg) | TransErr = 86.77 mm [FAILS]
      Candidate choice=15 inlier=70 | RotErr = 1.5288 rad (87.5933 deg) | TransErr = 30.02 mm [FAILS]
      Candidate choice=16 inlier=40 | RotErr = 2.9671 rad (170.0000 deg) | TransErr = 15.88 mm [FAILS]
    Alternative Pair with Shard 9 (NOT ACTIVE IN TREE):
      Candidate choice=1 inlier=0 | RotErr = 3.1353 rad (179.6402 deg) | TransErr = 8.86 mm [FAILS]
      Candidate choice=2 inlier=12 | RotErr = 3.0555 rad (175.0678 deg) | TransErr = 38.72 mm [FAILS]
      Candidate choice=3 inlier=0 | RotErr = 2.0191 rad (115.6844 deg) | TransErr = 97.87 mm [FAILS]
    Alternative Pair with Shard 12 (ACTIVE IN TREE) [SKIPPED]
    Alternative Pair with Shard 13 (NOT ACTIVE IN TREE):
      Candidate choice=1 inlier=38 | RotErr = 1.0579 rad (60.6134 deg) | TransErr = 282.09 mm [FAILS]
      Candidate choice=2 inlier=42 | RotErr = 2.8569 rad (163.6877 deg) | TransErr = 85.05 mm [FAILS]
      Candidate choice=3 inlier=56 | RotErr = 0.4062 rad (23.2731 deg) | TransErr = 272.91 mm [FAILS]
      Candidate choice=4 inlier=59 | RotErr = 0.7299 rad (41.8227 deg) | TransErr = 253.53 mm [FAILS]
      Candidate choice=5 inlier=44 | RotErr = 3.1139 rad (178.4127 deg) | TransErr = 114.20 mm [FAILS]
      Candidate choice=6 inlier=0 | RotErr = 0.7244 rad (41.5079 deg) | TransErr = 71.68 mm [FAILS]
      Candidate choice=7 inlier=0 | RotErr = 0.4984 rad (28.5551 deg) | TransErr = 70.00 mm [FAILS]
      Candidate choice=8 inlier=0 | RotErr = 0.3244 rad (18.5863 deg) | TransErr = 70.02 mm [FAILS]
      Candidate choice=9 inlier=48 | RotErr = 2.6072 rad (149.3792 deg) | TransErr = 101.12 mm [FAILS]
    Alternative Pair with Shard 7 (NOT ACTIVE IN TREE):
      Candidate choice=1 inlier=4 | RotErr = 1.5302 rad (87.6717 deg) | TransErr = 236.24 mm [FAILS]
      Candidate choice=2 inlier=0 | RotErr = 2.8658 rad (164.2004 deg) | TransErr = 105.34 mm [FAILS]
      Candidate choice=3 inlier=40 | RotErr = 3.0961 rad (177.3957 deg) | TransErr = 95.79 mm [FAILS]
      Candidate choice=4 inlier=50 | RotErr = 2.9800 rad (170.7431 deg) | TransErr = 19.98 mm [FAILS]
      Candidate choice=5 inlier=30 | RotErr = 2.9845 rad (170.9988 deg) | TransErr = 113.16 mm [FAILS]
      Candidate choice=6 inlier=40 | RotErr = 2.7249 rad (156.1235 deg) | TransErr = 10.70 mm [FAILS]
      Candidate choice=7 inlier=54 | RotErr = 2.1135 rad (121.0974 deg) | TransErr = 14.77 mm [FAILS]
    Alternative Pair with Shard 18 (NOT ACTIVE IN TREE):
      Candidate choice=1 inlier=51 | RotErr = 1.4078 rad (80.6596 deg) | TransErr = 1.77 mm [FAILS]
      Candidate choice=2 inlier=63 | RotErr = 3.1033 rad (177.8078 deg) | TransErr = 18.71 mm [FAILS]
      Candidate choice=3 inlier=18 | RotErr = 2.3035 rad (131.9788 deg) | TransErr = 104.07 mm [FAILS]
    Alternative Pair with Shard 20 (NOT ACTIVE IN TREE):
      Candidate choice=1 inlier=28 | RotErr = 1.1943 rad (68.4280 deg) | TransErr = 190.67 mm [FAILS]
      Candidate choice=2 inlier=40 | RotErr = 2.4598 rad (140.9339 deg) | TransErr = 46.44 mm [FAILS]
      Candidate choice=3 inlier=0 | RotErr = 1.3143 rad (75.3051 deg) | TransErr = 103.68 mm [FAILS]
      Candidate choice=4 inlier=65 | RotErr = 0.6312 rad (36.1662 deg) | TransErr = 48.33 mm [FAILS]
    Alternative Pair with Shard 22 (NOT ACTIVE IN TREE):
      [No match candidates found]
    Alternative Pair with Shard 10 (NOT ACTIVE IN TREE):
      Candidate choice=1 inlier=26 | RotErr = 2.2936 rad (131.4126 deg) | TransErr = 202.31 mm [FAILS]
      Candidate choice=2 inlier=54 | RotErr = 0.1385 rad (7.9347 deg) | TransErr = 19.25 mm [FAILS]
      Candidate choice=3 inlier=46 | RotErr = 2.4508 rad (140.4178 deg) | TransErr = 47.88 mm [FAILS]
      Candidate choice=4 inlier=52 | RotErr = 2.6263 rad (150.4762 deg) | TransErr = 68.66 mm [FAILS]
      Candidate choice=5 inlier=32 | RotErr = 2.8978 rad (166.0299 deg) | TransErr = 110.13 mm [FAILS]
    Alternative Pair with Shard 11 (NOT ACTIVE IN TREE):
      [No match candidates found]
    Alternative Pair with Shard 15 (NOT ACTIVE IN TREE):
      [No match candidates found]
    Alternative Pair with Shard 3 (NOT ACTIVE IN TREE):
      Candidate choice=1 inlier=44 | RotErr = 1.1831 rad (67.7874 deg) | TransErr = 9.23 mm [FAILS]
      Candidate choice=2 inlier=36 | RotErr = 1.4874 rad (85.2243 deg) | TransErr = 4.89 mm [FAILS]
      Candidate choice=3 inlier=20 | RotErr = 0.1987 rad (11.3849 deg) | TransErr = 117.75 mm [FAILS]
      Candidate choice=4 inlier=20 | RotErr = 1.1036 rad (63.2313 deg) | TransErr = 54.98 mm [FAILS]
      Candidate choice=5 inlier=34 | RotErr = 2.3801 rad (136.3686 deg) | TransErr = 18.76 mm [FAILS]
      Candidate choice=6 inlier=32 | RotErr = 2.9454 rad (168.7596 deg) | TransErr = 100.63 mm [FAILS]
      Candidate choice=7 inlier=26 | RotErr = 2.5506 rad (146.1385 deg) | TransErr = 9.69 mm [FAILS]
      Candidate choice=8 inlier=44 | RotErr = 2.9806 rad (170.7750 deg) | TransErr = 10.69 mm [FAILS]
    Alternative Pair with Shard 8 (NOT ACTIVE IN TREE):
      Candidate choice=1 inlier=18 | RotErr = 0.5336 rad (30.5731 deg) | TransErr = 241.87 mm [FAILS]
      Candidate choice=2 inlier=16 | RotErr = 2.9591 rad (169.5436 deg) | TransErr = 93.59 mm [FAILS]
      Candidate choice=3 inlier=0 | RotErr = 3.0270 rad (173.4320 deg) | TransErr = 146.81 mm [FAILS]
      Candidate choice=4 inlier=0 | RotErr = 0.2880 rad (16.4995 deg) | TransErr = 189.53 mm [FAILS]
      Candidate choice=5 inlier=18 | RotErr = 3.0609 rad (175.3760 deg) | TransErr = 29.11 mm [FAILS]
      Candidate choice=6 inlier=34 | RotErr = 0.6722 rad (38.5130 deg) | TransErr = 13.07 mm [FAILS]
      Candidate choice=7 inlier=38 | RotErr = 0.2116 rad (12.1265 deg) | TransErr = 15.33 mm [FAILS]
      Candidate choice=8 inlier=40 | RotErr = 0.4064 rad (23.2877 deg) | TransErr = 25.53 mm [FAILS]
      Candidate choice=9 inlier=62 | RotErr = 3.1090 rad (178.1310 deg) | TransErr = 58.46 mm [FAILS]
      Candidate choice=10 inlier=34 | RotErr = 3.0012 rad (171.9571 deg) | TransErr = 64.09 mm [FAILS]
      Candidate choice=11 inlier=38 | RotErr = 1.6559 rad (94.8780 deg) | TransErr = 114.58 mm [FAILS]
    Alternative Pair with Shard 24 (NOT ACTIVE IN TREE):
      Candidate choice=1 inlier=24 | RotErr = 0.8316 rad (47.6481 deg) | TransErr = 188.04 mm [FAILS]
      Candidate choice=2 inlier=30 | RotErr = 3.0733 rad (176.0874 deg) | TransErr = 58.60 mm [FAILS]
      Candidate choice=3 inlier=28 | RotErr = 2.9301 rad (167.8847 deg) | TransErr = 79.30 mm [FAILS]
    Alternative Pair with Shard 25 (NOT ACTIVE IN TREE):
      [No match candidates found]
    Alternative Pair with Shard 26 (NOT ACTIVE IN TREE):
      Candidate choice=1 inlier=34 | RotErr = 2.6800 rad (153.5544 deg) | TransErr = 23.66 mm [FAILS]
    Alternative Pair with Shard 4 (NOT ACTIVE IN TREE):
      Candidate choice=1 inlier=50 | RotErr = 1.6441 rad (94.1982 deg) | TransErr = 35.21 mm [FAILS]
      Candidate choice=2 inlier=32 | RotErr = 2.7102 rad (155.2818 deg) | TransErr = 145.09 mm [FAILS]
    Alternative Pair with Shard 17 (NOT ACTIVE IN TREE):
      Candidate choice=1 inlier=49 | RotErr = 1.6619 rad (95.2185 deg) | TransErr = 74.24 mm [FAILS]
      Candidate choice=2 inlier=20 | RotErr = 2.7252 rad (156.1433 deg) | TransErr = 70.37 mm [FAILS]
      Candidate choice=3 inlier=26 | RotErr = 2.9380 rad (168.3372 deg) | TransErr = 82.93 mm [FAILS]
      Candidate choice=4 inlier=38 | RotErr = 2.8224 rad (161.7144 deg) | TransErr = 97.12 mm [FAILS]
      Candidate choice=5 inlier=34 | RotErr = 2.7174 rad (155.6972 deg) | TransErr = 89.06 mm [FAILS]
    Alternative Pair with Shard 14 (NOT ACTIVE IN TREE):
      Candidate choice=1 inlier=38 | RotErr = 1.2444 rad (71.2973 deg) | TransErr = 16.83 mm [FAILS]
      Candidate choice=2 inlier=32 | RotErr = 3.1398 rad (179.9000 deg) | TransErr = 117.37 mm [FAILS]
    Alternative Pair with Shard 16 (NOT ACTIVE IN TREE):
      Candidate choice=1 inlier=0 | RotErr = 3.0908 rad (177.0919 deg) | TransErr = 209.58 mm [FAILS]
      Candidate choice=2 inlier=85 | RotErr = 0.6106 rad (34.9861 deg) | TransErr = 46.43 mm [FAILS]
    Alternative Pair with Shard 19 (NOT ACTIVE IN TREE):
      Candidate choice=1 inlier=0 | RotErr = 2.7520 rad (157.6802 deg) | TransErr = 63.72 mm [FAILS]
      Candidate choice=2 inlier=40 | RotErr = 2.1610 rad (123.8146 deg) | TransErr = 49.33 mm [FAILS]
      Candidate choice=3 inlier=44 | RotErr = 1.2876 rad (73.7727 deg) | TransErr = 20.71 mm [FAILS]
    Alternative Pair with Shard 28 (NOT ACTIVE IN TREE):
      [No match candidates found]
    Alternative Pair with Shard 29 (NOT ACTIVE IN TREE):
      [No match candidates found]
    Alternative Pair with Shard 23 (ACTIVE IN TREE) [SKIPPED]
    Alternative Pair with Shard 21 (NOT ACTIVE IN TREE):
      Candidate choice=1 inlier=26 | RotErr = 3.1046 rad (177.8800 deg) | TransErr = 167.37 mm [FAILS]
      Candidate choice=2 inlier=16 | RotErr = 2.1141 rad (121.1313 deg) | TransErr = 135.39 mm [FAILS]
      Candidate choice=3 inlier=30 | RotErr = 3.0534 rad (174.9498 deg) | TransErr = 56.70 mm [FAILS]
      Candidate choice=4 inlier=42 | RotErr = 2.3424 rad (134.2072 deg) | TransErr = 77.36 mm [FAILS]
  Shard 8 (placed by parent 13):
    Alternative Pair with Shard 1 (NOT ACTIVE IN TREE):
      Candidate choice=1 inlier=32 | RotErr = 2.9432 rad (168.6321 deg) | TransErr = 110.10 mm [FAILS]
      Candidate choice=2 inlier=40 | RotErr = 3.1090 rad (178.1302 deg) | TransErr = 70.59 mm [FAILS]
      Candidate choice=3 inlier=38 | RotErr = 3.0232 rad (173.2189 deg) | TransErr = 99.84 mm [FAILS]
      Candidate choice=4 inlier=40 | RotErr = 2.8385 rad (162.6329 deg) | TransErr = 122.38 mm [FAILS]
      Candidate choice=5 inlier=36 | RotErr = 0.1808 rad (10.3586 deg) | TransErr = 29.64 mm [FAILS]
      Candidate choice=6 inlier=0 | RotErr = 0.1447 rad (8.2933 deg) | TransErr = 89.11 mm [FAILS]
      Candidate choice=7 inlier=24 | RotErr = 1.5398 rad (88.2267 deg) | TransErr = 45.21 mm [FAILS]
      Candidate choice=8 inlier=36 | RotErr = 3.0831 rad (176.6481 deg) | TransErr = 122.66 mm [FAILS]
      Candidate choice=9 inlier=71 | RotErr = 3.0512 rad (174.8195 deg) | TransErr = 107.62 mm [FAILS]
      Candidate choice=10 inlier=22 | RotErr = 2.9383 rad (168.3526 deg) | TransErr = 88.02 mm [FAILS]
      Candidate choice=11 inlier=20 | RotErr = 2.4840 rad (142.3216 deg) | TransErr = 118.09 mm [FAILS]
    Alternative Pair with Shard 2 (NOT ACTIVE IN TREE):
      Candidate choice=1 inlier=0 | RotErr = 2.9601 rad (169.6000 deg) | TransErr = 133.93 mm [FAILS]
      Candidate choice=2 inlier=32 | RotErr = 2.8703 rad (164.4533 deg) | TransErr = 100.31 mm [FAILS]
      Candidate choice=3 inlier=30 | RotErr = 3.0037 rad (172.0990 deg) | TransErr = 133.34 mm [FAILS]
      Candidate choice=4 inlier=82 | RotErr = 2.1190 rad (121.4071 deg) | TransErr = 17.20 mm [FAILS]
      Candidate choice=5 inlier=24 | RotErr = 2.6232 rad (150.2992 deg) | TransErr = 22.00 mm [FAILS]
      Candidate choice=6 inlier=52 | RotErr = 3.0047 rad (172.1541 deg) | TransErr = 124.03 mm [FAILS]
    Alternative Pair with Shard 6 (NOT ACTIVE IN TREE):
      Candidate choice=1 inlier=38 | RotErr = 3.0176 rad (172.8963 deg) | TransErr = 95.03 mm [FAILS]
      Candidate choice=2 inlier=32 | RotErr = 1.4538 rad (83.2958 deg) | TransErr = 32.71 mm [FAILS]
      Candidate choice=3 inlier=28 | RotErr = 2.6008 rad (149.0171 deg) | TransErr = 106.47 mm [FAILS]
      Candidate choice=4 inlier=44 | RotErr = 0.9795 rad (56.1210 deg) | TransErr = 27.00 mm [FAILS]
      Candidate choice=5 inlier=24 | RotErr = 1.1194 rad (64.1368 deg) | TransErr = 30.61 mm [FAILS]
    Alternative Pair with Shard 9 (NOT ACTIVE IN TREE):
      Candidate choice=1 inlier=32 | RotErr = 1.3122 rad (75.1861 deg) | TransErr = 25.72 mm [FAILS]
      Candidate choice=2 inlier=22 | RotErr = 0.0957 rad (5.4825 deg) | TransErr = 5.04 mm [PASSES] -> Reward: +20.00
      Candidate choice=3 inlier=38 | RotErr = 2.7186 rad (155.7648 deg) | TransErr = 109.76 mm [FAILS]
      Candidate choice=4 inlier=86 | RotErr = 2.7947 rad (160.1262 deg) | TransErr = 105.86 mm [FAILS]
      Candidate choice=5 inlier=80 | RotErr = 3.0204 rad (173.0565 deg) | TransErr = 133.93 mm [FAILS]
      Candidate choice=6 inlier=70 | RotErr = 3.1056 rad (177.9400 deg) | TransErr = 125.38 mm [FAILS]
    Alternative Pair with Shard 12 (NOT ACTIVE IN TREE):
      Candidate choice=1 inlier=40 | RotErr = 0.2470 rad (14.1501 deg) | TransErr = 170.60 mm [FAILS]
      Candidate choice=2 inlier=26 | RotErr = 3.1329 rad (179.5012 deg) | TransErr = 114.20 mm [FAILS]
    Alternative Pair with Shard 13 (ACTIVE IN TREE) [SKIPPED]
    Alternative Pair with Shard 7 (NOT ACTIVE IN TREE):
      Candidate choice=1 inlier=32 | RotErr = 3.0663 rad (175.6851 deg) | TransErr = 84.10 mm [FAILS]
    Alternative Pair with Shard 18 (NOT ACTIVE IN TREE):
      Candidate choice=1 inlier=0 | RotErr = 2.6629 rad (152.5726 deg) | TransErr = 103.04 mm [FAILS]
      Candidate choice=2 inlier=46 | RotErr = 2.7680 rad (158.5956 deg) | TransErr = 28.87 mm [FAILS]
    Alternative Pair with Shard 20 (NOT ACTIVE IN TREE):
      Candidate choice=1 inlier=61 | RotErr = 2.9560 rad (169.3682 deg) | TransErr = 88.03 mm [FAILS]
      Candidate choice=2 inlier=46 | RotErr = 1.7935 rad (102.7599 deg) | TransErr = 31.56 mm [FAILS]
      Candidate choice=3 inlier=57 | RotErr = 2.8032 rad (160.6142 deg) | TransErr = 67.68 mm [FAILS]
    Alternative Pair with Shard 22 (NOT ACTIVE IN TREE):
      [No match candidates found]
    Alternative Pair with Shard 10 (NOT ACTIVE IN TREE):
      Candidate choice=1 inlier=40 | RotErr = 2.9117 rad (166.8271 deg) | TransErr = 93.37 mm [FAILS]
      Candidate choice=2 inlier=48 | RotErr = 3.1282 rad (179.2350 deg) | TransErr = 68.53 mm [FAILS]
    Alternative Pair with Shard 11 (NOT ACTIVE IN TREE):
      Candidate choice=1 inlier=0 | RotErr = 1.0922 rad (62.5770 deg) | TransErr = 20.74 mm [FAILS]
      Candidate choice=2 inlier=32 | RotErr = 0.5530 rad (31.6845 deg) | TransErr = 32.29 mm [FAILS]
      Candidate choice=3 inlier=34 | RotErr = 3.0077 rad (172.3259 deg) | TransErr = 115.63 mm [FAILS]
      Candidate choice=4 inlier=40 | RotErr = 2.8665 rad (164.2380 deg) | TransErr = 113.95 mm [FAILS]
      Candidate choice=5 inlier=44 | RotErr = 2.9664 rad (169.9626 deg) | TransErr = 111.16 mm [FAILS]
    Alternative Pair with Shard 15 (NOT ACTIVE IN TREE):
      Candidate choice=1 inlier=12 | RotErr = 2.3301 rad (133.5075 deg) | TransErr = 32.07 mm [FAILS]
      Candidate choice=2 inlier=12 | RotErr = 2.8718 rad (164.5441 deg) | TransErr = 115.05 mm [FAILS]
    Alternative Pair with Shard 3 (NOT ACTIVE IN TREE):
      Candidate choice=1 inlier=28 | RotErr = 2.9239 rad (167.5249 deg) | TransErr = 74.02 mm [FAILS]
      Candidate choice=2 inlier=24 | RotErr = 1.6159 rad (92.5837 deg) | TransErr = 147.05 mm [FAILS]
      Candidate choice=3 inlier=40 | RotErr = 3.1355 rad (179.6533 deg) | TransErr = 104.11 mm [FAILS]
      Candidate choice=4 inlier=24 | RotErr = 3.0333 rad (173.7945 deg) | TransErr = 62.01 mm [FAILS]
    Alternative Pair with Shard 5 (NOT ACTIVE IN TREE):
      Candidate choice=1 inlier=18 | RotErr = 0.5336 rad (30.5731 deg) | TransErr = 241.87 mm [FAILS]
      Candidate choice=2 inlier=16 | RotErr = 2.9591 rad (169.5436 deg) | TransErr = 93.59 mm [FAILS]
      Candidate choice=3 inlier=0 | RotErr = 3.0270 rad (173.4320 deg) | TransErr = 146.81 mm [FAILS]
      Candidate choice=4 inlier=0 | RotErr = 0.2880 rad (16.4995 deg) | TransErr = 189.53 mm [FAILS]
      Candidate choice=5 inlier=18 | RotErr = 3.0609 rad (175.3760 deg) | TransErr = 29.11 mm [FAILS]
      Candidate choice=6 inlier=34 | RotErr = 0.6722 rad (38.5130 deg) | TransErr = 13.07 mm [FAILS]
      Candidate choice=7 inlier=38 | RotErr = 0.2116 rad (12.1265 deg) | TransErr = 15.33 mm [FAILS]
      Candidate choice=8 inlier=40 | RotErr = 0.4064 rad (23.2877 deg) | TransErr = 25.53 mm [FAILS]
      Candidate choice=9 inlier=62 | RotErr = 3.1090 rad (178.1310 deg) | TransErr = 58.46 mm [FAILS]
      Candidate choice=10 inlier=34 | RotErr = 3.0012 rad (171.9571 deg) | TransErr = 64.09 mm [FAILS]
      Candidate choice=11 inlier=38 | RotErr = 1.6559 rad (94.8780 deg) | TransErr = 114.58 mm [FAILS]
    Alternative Pair with Shard 24 (NOT ACTIVE IN TREE):
      Candidate choice=1 inlier=18 | RotErr = 1.4597 rad (83.6372 deg) | TransErr = 23.78 mm [FAILS]
      Candidate choice=2 inlier=28 | RotErr = 2.8989 rad (166.0948 deg) | TransErr = 96.35 mm [FAILS]
      Candidate choice=3 inlier=36 | RotErr = 3.0038 rad (172.1067 deg) | TransErr = 94.61 mm [FAILS]
      Candidate choice=4 inlier=32 | RotErr = 2.9924 rad (171.4495 deg) | TransErr = 103.77 mm [FAILS]
    Alternative Pair with Shard 25 (NOT ACTIVE IN TREE):
      Candidate choice=1 inlier=41 | RotErr = 3.0998 rad (177.6051 deg) | TransErr = 102.78 mm [FAILS]
    Alternative Pair with Shard 26 (NOT ACTIVE IN TREE):
      Candidate choice=1 inlier=47 | RotErr = 2.0885 rad (119.6625 deg) | TransErr = 19.10 mm [FAILS]
    Alternative Pair with Shard 4 (NOT ACTIVE IN TREE):
      Candidate choice=1 inlier=0 | RotErr = 1.4529 rad (83.2461 deg) | TransErr = 46.95 mm [FAILS]
      Candidate choice=2 inlier=32 | RotErr = 2.7082 rad (155.1684 deg) | TransErr = 32.50 mm [FAILS]
      Candidate choice=3 inlier=125 | RotErr = 3.0955 rad (177.3581 deg) | TransErr = 100.98 mm [FAILS]
      Candidate choice=4 inlier=12 | RotErr = 3.1197 rad (178.7437 deg) | TransErr = 49.73 mm [FAILS]
      Candidate choice=5 inlier=0 | RotErr = 2.6663 rad (152.7670 deg) | TransErr = 29.46 mm [FAILS]
    Alternative Pair with Shard 17 (NOT ACTIVE IN TREE):
      Candidate choice=1 inlier=36 | RotErr = 2.4590 rad (140.8895 deg) | TransErr = 69.52 mm [FAILS]
      Candidate choice=2 inlier=22 | RotErr = 2.2247 rad (127.4675 deg) | TransErr = 88.15 mm [FAILS]
      Candidate choice=3 inlier=24 | RotErr = 2.8635 rad (164.0668 deg) | TransErr = 111.86 mm [FAILS]
      Candidate choice=4 inlier=6 | RotErr = 3.0965 rad (177.4147 deg) | TransErr = 112.26 mm [FAILS]
    Alternative Pair with Shard 14 (NOT ACTIVE IN TREE):
      Candidate choice=1 inlier=42 | RotErr = 3.0894 rad (177.0112 deg) | TransErr = 94.09 mm [FAILS]
      Candidate choice=2 inlier=0 | RotErr = 0.6730 rad (38.5579 deg) | TransErr = 120.99 mm [FAILS]
    Alternative Pair with Shard 16 (NOT ACTIVE IN TREE):
      Candidate choice=1 inlier=34 | RotErr = 3.0626 rad (175.4755 deg) | TransErr = 51.66 mm [FAILS]
      Candidate choice=2 inlier=12 | RotErr = 2.9516 rad (169.1147 deg) | TransErr = 36.05 mm [FAILS]
      Candidate choice=3 inlier=18 | RotErr = 2.9673 rad (170.0110 deg) | TransErr = 31.56 mm [FAILS]
      Candidate choice=4 inlier=38 | RotErr = 1.6006 rad (91.7088 deg) | TransErr = 125.20 mm [FAILS]
      Candidate choice=5 inlier=36 | RotErr = 0.7160 rad (41.0227 deg) | TransErr = 87.63 mm [FAILS]
      Candidate choice=6 inlier=4 | RotErr = 0.5867 rad (33.6147 deg) | TransErr = 106.55 mm [FAILS]
      Candidate choice=7 inlier=30 | RotErr = 3.1206 rad (178.7971 deg) | TransErr = 38.91 mm [FAILS]
    Alternative Pair with Shard 19 (NOT ACTIVE IN TREE):
      Candidate choice=1 inlier=16 | RotErr = 3.0603 rad (175.3426 deg) | TransErr = 64.94 mm [FAILS]
      Candidate choice=2 inlier=28 | RotErr = 3.0833 rad (176.6622 deg) | TransErr = 50.62 mm [FAILS]
      Candidate choice=3 inlier=30 | RotErr = 2.2640 rad (129.7204 deg) | TransErr = 100.11 mm [FAILS]
      Candidate choice=4 inlier=44 | RotErr = 1.8237 rad (104.4876 deg) | TransErr = 101.18 mm [FAILS]
      Candidate choice=5 inlier=32 | RotErr = 3.0763 rad (176.2602 deg) | TransErr = 64.12 mm [FAILS]
    Alternative Pair with Shard 28 (NOT ACTIVE IN TREE):
      [No match candidates found]
    Alternative Pair with Shard 29 (NOT ACTIVE IN TREE):
      [No match candidates found]
    Alternative Pair with Shard 23 (NOT ACTIVE IN TREE):
      Candidate choice=1 inlier=47 | RotErr = 3.0273 rad (173.4494 deg) | TransErr = 107.10 mm [FAILS]
    Alternative Pair with Shard 21 (NOT ACTIVE IN TREE):
      Candidate choice=1 inlier=0 | RotErr = 2.7533 rad (157.7502 deg) | TransErr = 177.96 mm [FAILS]
      Candidate choice=2 inlier=32 | RotErr = 2.1478 rad (123.0593 deg) | TransErr = 59.89 mm [FAILS]
      Candidate choice=3 inlier=32 | RotErr = 1.7798 rad (101.9722 deg) | TransErr = 36.63 mm [FAILS]
  Shard 24 (placed by parent 7):
    Alternative Pair with Shard 1 (NOT ACTIVE IN TREE):
      Candidate choice=1 inlier=34 | RotErr = 1.6793 rad (96.2179 deg) | TransErr = 50.21 mm [FAILS]
      Candidate choice=2 inlier=18 | RotErr = 1.7311 rad (99.1840 deg) | TransErr = 20.13 mm [FAILS]
      Candidate choice=3 inlier=26 | RotErr = 3.1313 rad (179.4076 deg) | TransErr = 34.63 mm [FAILS]
      Candidate choice=4 inlier=0 | RotErr = 1.9358 rad (110.9143 deg) | TransErr = 51.43 mm [FAILS]
      Candidate choice=5 inlier=32 | RotErr = 0.8682 rad (49.7439 deg) | TransErr = 41.50 mm [FAILS]
      Candidate choice=6 inlier=34 | RotErr = 2.8150 rad (161.2900 deg) | TransErr = 125.75 mm [FAILS]
      Candidate choice=7 inlier=36 | RotErr = 0.2739 rad (15.6962 deg) | TransErr = 52.81 mm [FAILS]
    Alternative Pair with Shard 2 (NOT ACTIVE IN TREE):
      Candidate choice=1 inlier=32 | RotErr = 0.6004 rad (34.4017 deg) | TransErr = 64.67 mm [FAILS]
      Candidate choice=2 inlier=36 | RotErr = 1.6396 rad (93.9424 deg) | TransErr = 26.07 mm [FAILS]
    Alternative Pair with Shard 6 (NOT ACTIVE IN TREE):
      Candidate choice=1 inlier=22 | RotErr = 2.5269 rad (144.7816 deg) | TransErr = 46.51 mm [FAILS]
      Candidate choice=2 inlier=32 | RotErr = 2.6103 rad (149.5571 deg) | TransErr = 60.23 mm [FAILS]
      Candidate choice=3 inlier=36 | RotErr = 3.1083 rad (178.0908 deg) | TransErr = 29.95 mm [FAILS]
      Candidate choice=4 inlier=34 | RotErr = 3.0792 rad (176.4230 deg) | TransErr = 125.88 mm [FAILS]
      Candidate choice=5 inlier=20 | RotErr = 2.8351 rad (162.4395 deg) | TransErr = 130.96 mm [FAILS]
    Alternative Pair with Shard 9 (NOT ACTIVE IN TREE):
      Candidate choice=1 inlier=30 | RotErr = 1.9669 rad (112.6962 deg) | TransErr = 92.59 mm [FAILS]
      Candidate choice=2 inlier=28 | RotErr = 2.6941 rad (154.3592 deg) | TransErr = 83.38 mm [FAILS]
      Candidate choice=3 inlier=32 | RotErr = 3.0435 rad (174.3781 deg) | TransErr = 113.79 mm [FAILS]
      Candidate choice=4 inlier=0 | RotErr = 0.3882 rad (22.2451 deg) | TransErr = 40.90 mm [FAILS]
    Alternative Pair with Shard 12 (NOT ACTIVE IN TREE):
      Candidate choice=1 inlier=24 | RotErr = 1.3632 rad (78.1055 deg) | TransErr = 96.86 mm [FAILS]
      Candidate choice=2 inlier=16 | RotErr = 1.8092 rad (103.6607 deg) | TransErr = 192.62 mm [FAILS]
      Candidate choice=3 inlier=32 | RotErr = 3.0607 rad (175.3656 deg) | TransErr = 88.79 mm [FAILS]
      Candidate choice=4 inlier=22 | RotErr = 1.7925 rad (102.7048 deg) | TransErr = 189.20 mm [FAILS]
    Alternative Pair with Shard 13 (NOT ACTIVE IN TREE):
      Candidate choice=1 inlier=22 | RotErr = 2.9638 rad (169.8132 deg) | TransErr = 150.84 mm [FAILS]
      Candidate choice=2 inlier=26 | RotErr = 2.8998 rad (166.1466 deg) | TransErr = 209.29 mm [FAILS]
      Candidate choice=3 inlier=38 | RotErr = 2.8741 rad (164.6733 deg) | TransErr = 167.13 mm [FAILS]
    Alternative Pair with Shard 7 (ACTIVE IN TREE) [SKIPPED]
    Alternative Pair with Shard 18 (NOT ACTIVE IN TREE):
      Candidate choice=1 inlier=32 | RotErr = 1.4583 rad (83.5550 deg) | TransErr = 60.07 mm [FAILS]
    Alternative Pair with Shard 20 (NOT ACTIVE IN TREE):
      Candidate choice=1 inlier=30 | RotErr = 0.9427 rad (54.0130 deg) | TransErr = 36.54 mm [FAILS]
      Candidate choice=2 inlier=18 | RotErr = 0.4763 rad (27.2916 deg) | TransErr = 29.28 mm [FAILS]
      Candidate choice=3 inlier=32 | RotErr = 0.9801 rad (56.1566 deg) | TransErr = 33.27 mm [FAILS]
    Alternative Pair with Shard 22 (NOT ACTIVE IN TREE):
      [No match candidates found]
    Alternative Pair with Shard 10 (NOT ACTIVE IN TREE):
      Candidate choice=1 inlier=32 | RotErr = 2.8251 rad (161.8663 deg) | TransErr = 132.15 mm [FAILS]
      Candidate choice=2 inlier=32 | RotErr = 2.6397 rad (151.2418 deg) | TransErr = 95.80 mm [FAILS]
    Alternative Pair with Shard 11 (NOT ACTIVE IN TREE):
      Candidate choice=1 inlier=32 | RotErr = 2.0810 rad (119.2303 deg) | TransErr = 87.51 mm [FAILS]
      Candidate choice=2 inlier=24 | RotErr = 2.1433 rad (122.8048 deg) | TransErr = 90.68 mm [FAILS]
      Candidate choice=3 inlier=0 | RotErr = 2.2912 rad (131.2772 deg) | TransErr = 116.32 mm [FAILS]
      Candidate choice=4 inlier=18 | RotErr = 2.4101 rad (138.0899 deg) | TransErr = 93.48 mm [FAILS]
    Alternative Pair with Shard 15 (NOT ACTIVE IN TREE):
      Candidate choice=1 inlier=32 | RotErr = 2.9606 rad (169.6295 deg) | TransErr = 108.70 mm [FAILS]
    Alternative Pair with Shard 3 (NOT ACTIVE IN TREE):
      Candidate choice=1 inlier=30 | RotErr = 3.0108 rad (172.5053 deg) | TransErr = 89.72 mm [FAILS]
      Candidate choice=2 inlier=30 | RotErr = 2.9657 rad (169.9245 deg) | TransErr = 80.44 mm [FAILS]
      Candidate choice=3 inlier=32 | RotErr = 3.0264 rad (173.3991 deg) | TransErr = 74.54 mm [FAILS]
    Alternative Pair with Shard 5 (NOT ACTIVE IN TREE):
      Candidate choice=1 inlier=24 | RotErr = 0.8316 rad (47.6481 deg) | TransErr = 188.04 mm [FAILS]
      Candidate choice=2 inlier=30 | RotErr = 3.0733 rad (176.0874 deg) | TransErr = 58.60 mm [FAILS]
      Candidate choice=3 inlier=28 | RotErr = 2.9301 rad (167.8847 deg) | TransErr = 79.30 mm [FAILS]
    Alternative Pair with Shard 8 (NOT ACTIVE IN TREE):
      Candidate choice=1 inlier=18 | RotErr = 1.4597 rad (83.6372 deg) | TransErr = 23.78 mm [FAILS]
      Candidate choice=2 inlier=28 | RotErr = 2.8989 rad (166.0948 deg) | TransErr = 96.35 mm [FAILS]
      Candidate choice=3 inlier=36 | RotErr = 3.0038 rad (172.1067 deg) | TransErr = 94.61 mm [FAILS]
      Candidate choice=4 inlier=32 | RotErr = 2.9924 rad (171.4495 deg) | TransErr = 103.77 mm [FAILS]
    Alternative Pair with Shard 25 (NOT ACTIVE IN TREE):
      Candidate choice=1 inlier=22 | RotErr = 2.8286 rad (162.0689 deg) | TransErr = 115.23 mm [FAILS]
    Alternative Pair with Shard 26 (NOT ACTIVE IN TREE):
      Candidate choice=1 inlier=20 | RotErr = 0.2748 rad (15.7453 deg) | TransErr = 39.60 mm [FAILS]
    Alternative Pair with Shard 4 (NOT ACTIVE IN TREE):
      Candidate choice=1 inlier=36 | RotErr = 2.4734 rad (141.7166 deg) | TransErr = 83.00 mm [FAILS]
      Candidate choice=2 inlier=24 | RotErr = 2.7161 rad (155.6209 deg) | TransErr = 89.12 mm [FAILS]
      Candidate choice=3 inlier=26 | RotErr = 2.9081 rad (166.6223 deg) | TransErr = 17.43 mm [FAILS]
      Candidate choice=4 inlier=34 | RotErr = 2.5066 rad (143.6185 deg) | TransErr = 124.62 mm [FAILS]
    Alternative Pair with Shard 17 (NOT ACTIVE IN TREE):
      Candidate choice=1 inlier=16 | RotErr = 2.4947 rad (142.9374 deg) | TransErr = 125.80 mm [FAILS]
    Alternative Pair with Shard 14 (NOT ACTIVE IN TREE):
      Candidate choice=1 inlier=10 | RotErr = 1.3511 rad (77.4128 deg) | TransErr = 114.33 mm [FAILS]
      Candidate choice=2 inlier=32 | RotErr = 1.8807 rad (107.7585 deg) | TransErr = 107.64 mm [FAILS]
      Candidate choice=3 inlier=28 | RotErr = 3.1292 rad (179.2924 deg) | TransErr = 88.65 mm [FAILS]
    Alternative Pair with Shard 16 (NOT ACTIVE IN TREE):
      Candidate choice=1 inlier=24 | RotErr = 2.8162 rad (161.3585 deg) | TransErr = 112.89 mm [FAILS]
      Candidate choice=2 inlier=32 | RotErr = 2.3051 rad (132.0709 deg) | TransErr = 144.97 mm [FAILS]
      Candidate choice=3 inlier=16 | RotErr = 1.9467 rad (111.5366 deg) | TransErr = 172.95 mm [FAILS]
      Candidate choice=4 inlier=18 | RotErr = 2.4576 rad (140.8092 deg) | TransErr = 203.72 mm [FAILS]
    Alternative Pair with Shard 19 (NOT ACTIVE IN TREE):
      Candidate choice=1 inlier=28 | RotErr = 1.5997 rad (91.6548 deg) | TransErr = 105.49 mm [FAILS]
      Candidate choice=2 inlier=16 | RotErr = 2.3631 rad (135.3949 deg) | TransErr = 166.13 mm [FAILS]
      Candidate choice=3 inlier=30 | RotErr = 1.6116 rad (92.3395 deg) | TransErr = 202.46 mm [FAILS]
      Candidate choice=4 inlier=10 | RotErr = 2.5378 rad (145.4080 deg) | TransErr = 144.72 mm [FAILS]
      Candidate choice=5 inlier=16 | RotErr = 1.9976 rad (114.4521 deg) | TransErr = 187.75 mm [FAILS]
    Alternative Pair with Shard 28 (NOT ACTIVE IN TREE):
      [No match candidates found]
    Alternative Pair with Shard 29 (NOT ACTIVE IN TREE):
      [No match candidates found]
    Alternative Pair with Shard 23 (NOT ACTIVE IN TREE):
      Candidate choice=1 inlier=30 | RotErr = 3.0960 rad (177.3852 deg) | TransErr = 57.80 mm [FAILS]
    Alternative Pair with Shard 21 (NOT ACTIVE IN TREE):
      Candidate choice=1 inlier=32 | RotErr = 2.9049 rad (166.4412 deg) | TransErr = 73.74 mm [FAILS]
      Candidate choice=2 inlier=34 | RotErr = 3.0172 rad (172.8701 deg) | TransErr = 86.90 mm [FAILS]
      Candidate choice=3 inlier=24 | RotErr = 1.7968 rad (102.9500 deg) | TransErr = 91.73 mm [FAILS]
  Shard 25 (placed by parent 7):
    Alternative Pair with Shard 1 (NOT ACTIVE IN TREE):
      Candidate choice=1 inlier=38 | RotErr = 1.9114 rad (109.5168 deg) | TransErr = 26.85 mm [FAILS]
      Candidate choice=2 inlier=28 | RotErr = 3.1155 rad (178.5048 deg) | TransErr = 70.45 mm [FAILS]
    Alternative Pair with Shard 2 (NOT ACTIVE IN TREE):
      [No match candidates found]
    Alternative Pair with Shard 6 (NOT ACTIVE IN TREE):
      Candidate choice=1 inlier=41 | RotErr = 2.9973 rad (171.7341 deg) | TransErr = 80.32 mm [FAILS]
    Alternative Pair with Shard 9 (NOT ACTIVE IN TREE):
      [No match candidates found]
    Alternative Pair with Shard 12 (NOT ACTIVE IN TREE):
      [No match candidates found]
    Alternative Pair with Shard 13 (NOT ACTIVE IN TREE):
      Candidate choice=1 inlier=28 | RotErr = 3.1194 rad (178.7302 deg) | TransErr = 53.08 mm [FAILS]
    Alternative Pair with Shard 7 (ACTIVE IN TREE) [SKIPPED]
    Alternative Pair with Shard 18 (NOT ACTIVE IN TREE):
      Candidate choice=1 inlier=24 | RotErr = 2.8120 rad (161.1157 deg) | TransErr = 67.86 mm [FAILS]
    Alternative Pair with Shard 20 (NOT ACTIVE IN TREE):
      [No match candidates found]
    Alternative Pair with Shard 22 (NOT ACTIVE IN TREE):
      [No match candidates found]
    Alternative Pair with Shard 10 (NOT ACTIVE IN TREE):
      [No match candidates found]
    Alternative Pair with Shard 11 (NOT ACTIVE IN TREE):
      [No match candidates found]
    Alternative Pair with Shard 15 (NOT ACTIVE IN TREE):
      Candidate choice=1 inlier=28 | RotErr = 0.4264 rad (24.4311 deg) | TransErr = 35.02 mm [FAILS]
    Alternative Pair with Shard 3 (NOT ACTIVE IN TREE):
      [No match candidates found]
    Alternative Pair with Shard 5 (NOT ACTIVE IN TREE):
      [No match candidates found]
    Alternative Pair with Shard 8 (NOT ACTIVE IN TREE):
      Candidate choice=1 inlier=41 | RotErr = 3.0998 rad (177.6051 deg) | TransErr = 102.78 mm [FAILS]
    Alternative Pair with Shard 24 (NOT ACTIVE IN TREE):
      Candidate choice=1 inlier=22 | RotErr = 2.8286 rad (162.0689 deg) | TransErr = 115.23 mm [FAILS]
    Alternative Pair with Shard 26 (NOT ACTIVE IN TREE):
      [No match candidates found]
    Alternative Pair with Shard 4 (NOT ACTIVE IN TREE):
      [No match candidates found]
    Alternative Pair with Shard 17 (NOT ACTIVE IN TREE):
      Candidate choice=1 inlier=10 | RotErr = 2.4983 rad (143.1418 deg) | TransErr = 38.18 mm [FAILS]
    Alternative Pair with Shard 14 (NOT ACTIVE IN TREE):
      [No match candidates found]
    Alternative Pair with Shard 16 (NOT ACTIVE IN TREE):
      [No match candidates found]
    Alternative Pair with Shard 19 (NOT ACTIVE IN TREE):
      [No match candidates found]
    Alternative Pair with Shard 28 (NOT ACTIVE IN TREE):
      [No match candidates found]
    Alternative Pair with Shard 29 (NOT ACTIVE IN TREE):
      [No match candidates found]
    Alternative Pair with Shard 23 (NOT ACTIVE IN TREE):
      Candidate choice=1 inlier=22 | RotErr = 3.0335 rad (173.8094 deg) | TransErr = 69.53 mm [FAILS]
      Candidate choice=2 inlier=36 | RotErr = 2.9387 rad (168.3772 deg) | TransErr = 86.59 mm [FAILS]
    Alternative Pair with Shard 21 (NOT ACTIVE IN TREE):
      [No match candidates found]
  Shard 26 (placed by parent 7):
    Alternative Pair with Shard 1 (NOT ACTIVE IN TREE):
      Candidate choice=1 inlier=38 | RotErr = 0.5571 rad (31.9173 deg) | TransErr = 29.58 mm [FAILS]
    Alternative Pair with Shard 2 (NOT ACTIVE IN TREE):
      Candidate choice=1 inlier=26 | RotErr = 1.4745 rad (84.4823 deg) | TransErr = 26.69 mm [FAILS]
      Candidate choice=2 inlier=20 | RotErr = 1.4426 rad (82.6569 deg) | TransErr = 53.85 mm [FAILS]
    Alternative Pair with Shard 6 (NOT ACTIVE IN TREE):
      Candidate choice=1 inlier=36 | RotErr = 2.3598 rad (135.2076 deg) | TransErr = 15.17 mm [FAILS]
      Candidate choice=2 inlier=18 | RotErr = 2.8865 rad (165.3847 deg) | TransErr = 37.36 mm [FAILS]
    Alternative Pair with Shard 9 (NOT ACTIVE IN TREE):
      [No match candidates found]
    Alternative Pair with Shard 12 (NOT ACTIVE IN TREE):
      [No match candidates found]
    Alternative Pair with Shard 13 (NOT ACTIVE IN TREE):
      Candidate choice=1 inlier=26 | RotErr = 2.9646 rad (169.8603 deg) | TransErr = 132.04 mm [FAILS]
    Alternative Pair with Shard 7 (ACTIVE IN TREE) [SKIPPED]
    Alternative Pair with Shard 18 (NOT ACTIVE IN TREE):
      Candidate choice=1 inlier=26 | RotErr = 1.5354 rad (87.9707 deg) | TransErr = 32.43 mm [FAILS]
      Candidate choice=2 inlier=22 | RotErr = 1.8862 rad (108.0699 deg) | TransErr = 29.75 mm [FAILS]
    Alternative Pair with Shard 20 (NOT ACTIVE IN TREE):
      [No match candidates found]
    Alternative Pair with Shard 22 (NOT ACTIVE IN TREE):
      [No match candidates found]
    Alternative Pair with Shard 10 (NOT ACTIVE IN TREE):
      [No match candidates found]
    Alternative Pair with Shard 11 (NOT ACTIVE IN TREE):
      [No match candidates found]
    Alternative Pair with Shard 15 (NOT ACTIVE IN TREE):
      Candidate choice=1 inlier=16 | RotErr = 3.0423 rad (174.3086 deg) | TransErr = 89.89 mm [FAILS]
    Alternative Pair with Shard 3 (NOT ACTIVE IN TREE):
      [No match candidates found]
    Alternative Pair with Shard 5 (NOT ACTIVE IN TREE):
      Candidate choice=1 inlier=34 | RotErr = 2.6800 rad (153.5544 deg) | TransErr = 23.66 mm [FAILS]
    Alternative Pair with Shard 8 (NOT ACTIVE IN TREE):
      Candidate choice=1 inlier=47 | RotErr = 2.0885 rad (119.6625 deg) | TransErr = 19.10 mm [FAILS]
    Alternative Pair with Shard 24 (NOT ACTIVE IN TREE):
      Candidate choice=1 inlier=20 | RotErr = 0.2748 rad (15.7453 deg) | TransErr = 39.60 mm [FAILS]
    Alternative Pair with Shard 25 (NOT ACTIVE IN TREE):
      [No match candidates found]
    Alternative Pair with Shard 4 (NOT ACTIVE IN TREE):
      [No match candidates found]
    Alternative Pair with Shard 17 (NOT ACTIVE IN TREE):
      Candidate choice=1 inlier=6 | RotErr = 2.7802 rad (159.2943 deg) | TransErr = 73.81 mm [FAILS]
      Candidate choice=2 inlier=24 | RotErr = 2.4881 rad (142.5583 deg) | TransErr = 80.87 mm [FAILS]
    Alternative Pair with Shard 14 (NOT ACTIVE IN TREE):
      [No match candidates found]
    Alternative Pair with Shard 16 (NOT ACTIVE IN TREE):
      [No match candidates found]
    Alternative Pair with Shard 19 (NOT ACTIVE IN TREE):
      [No match candidates found]
    Alternative Pair with Shard 28 (NOT ACTIVE IN TREE):
      [No match candidates found]
    Alternative Pair with Shard 29 (NOT ACTIVE IN TREE):
      [No match candidates found]
    Alternative Pair with Shard 23 (NOT ACTIVE IN TREE):
      Candidate choice=1 inlier=14 | RotErr = 2.6730 rad (153.1530 deg) | TransErr = 41.84 mm [FAILS]
      Candidate choice=2 inlier=36 | RotErr = 2.6007 rad (149.0098 deg) | TransErr = 3.40 mm [FAILS]
    Alternative Pair with Shard 21 (NOT ACTIVE IN TREE):
      Candidate choice=1 inlier=50 | RotErr = 2.2234 rad (127.3934 deg) | TransErr = 82.70 mm [FAILS]
  Shard 4 (placed by parent 10):
    Alternative Pair with Shard 1 (NOT ACTIVE IN TREE):
      Candidate choice=1 inlier=22 | RotErr = 2.7782 rad (159.1776 deg) | TransErr = 40.07 mm [FAILS]
      Candidate choice=2 inlier=18 | RotErr = 2.5192 rad (144.3383 deg) | TransErr = 33.11 mm [FAILS]
      Candidate choice=3 inlier=68 | RotErr = 2.6609 rad (152.4594 deg) | TransErr = 42.41 mm [FAILS]
      Candidate choice=4 inlier=50 | RotErr = 2.5558 rad (146.4350 deg) | TransErr = 31.73 mm [FAILS]
      Candidate choice=5 inlier=14 | RotErr = 1.7931 rad (102.7354 deg) | TransErr = 153.48 mm [FAILS]
    Alternative Pair with Shard 2 (NOT ACTIVE IN TREE):
      Candidate choice=1 inlier=28 | RotErr = 2.7136 rad (155.4803 deg) | TransErr = 17.54 mm [FAILS]
      Candidate choice=2 inlier=44 | RotErr = 0.5852 rad (33.5286 deg) | TransErr = 14.38 mm [FAILS]
    Alternative Pair with Shard 6 (NOT ACTIVE IN TREE):
      Candidate choice=1 inlier=54 | RotErr = 2.4290 rad (139.1740 deg) | TransErr = 79.35 mm [FAILS]
      Candidate choice=2 inlier=170 | RotErr = 1.2925 rad (74.0532 deg) | TransErr = 16.80 mm [FAILS]
      Candidate choice=3 inlier=0 | RotErr = 3.0346 rad (173.8700 deg) | TransErr = 88.91 mm [FAILS]
    Alternative Pair with Shard 9 (NOT ACTIVE IN TREE):
      Candidate choice=1 inlier=32 | RotErr = 0.6712 rad (38.4563 deg) | TransErr = 30.03 mm [FAILS]
      Candidate choice=2 inlier=69 | RotErr = 1.2119 rad (69.4380 deg) | TransErr = 22.19 mm [FAILS]
    Alternative Pair with Shard 12 (NOT ACTIVE IN TREE):
      Candidate choice=1 inlier=40 | RotErr = 2.9524 rad (169.1582 deg) | TransErr = 38.89 mm [FAILS]
      Candidate choice=2 inlier=28 | RotErr = 2.5763 rad (147.6083 deg) | TransErr = 44.53 mm [FAILS]
      Candidate choice=3 inlier=18 | RotErr = 2.2857 rad (130.9588 deg) | TransErr = 187.35 mm [FAILS]
    Alternative Pair with Shard 13 (NOT ACTIVE IN TREE):
      Candidate choice=1 inlier=4 | RotErr = 1.4850 rad (85.0818 deg) | TransErr = 79.20 mm [FAILS]
      Candidate choice=2 inlier=18 | RotErr = 2.8496 rad (163.2711 deg) | TransErr = 154.93 mm [FAILS]
      Candidate choice=3 inlier=48 | RotErr = 2.9902 rad (171.3244 deg) | TransErr = 93.62 mm [FAILS]
    Alternative Pair with Shard 7 (NOT ACTIVE IN TREE):
      Candidate choice=1 inlier=50 | RotErr = 2.8705 rad (164.4691 deg) | TransErr = 93.55 mm [FAILS]
      Candidate choice=2 inlier=34 | RotErr = 2.5529 rad (146.2695 deg) | TransErr = 108.80 mm [FAILS]
      Candidate choice=3 inlier=69 | RotErr = 2.7557 rad (157.8908 deg) | TransErr = 85.08 mm [FAILS]
    Alternative Pair with Shard 18 (NOT ACTIVE IN TREE):
      Candidate choice=1 inlier=42 | RotErr = 0.6749 rad (38.6681 deg) | TransErr = 45.78 mm [FAILS]
    Alternative Pair with Shard 20 (NOT ACTIVE IN TREE):
      Candidate choice=1 inlier=30 | RotErr = 2.5491 rad (146.0500 deg) | TransErr = 89.00 mm [FAILS]
    Alternative Pair with Shard 22 (NOT ACTIVE IN TREE):
      [No match candidates found]
    Alternative Pair with Shard 10 (ACTIVE IN TREE) [SKIPPED]
    Alternative Pair with Shard 11 (NOT ACTIVE IN TREE):
      Candidate choice=1 inlier=74 | RotErr = 2.9971 rad (171.7232 deg) | TransErr = 21.92 mm [FAILS]
      Candidate choice=2 inlier=60 | RotErr = 0.6836 rad (39.1699 deg) | TransErr = 28.86 mm [FAILS]
    Alternative Pair with Shard 15 (NOT ACTIVE IN TREE):
      Candidate choice=1 inlier=32 | RotErr = 2.4962 rad (143.0227 deg) | TransErr = 21.61 mm [FAILS]
      Candidate choice=2 inlier=46 | RotErr = 1.1652 rad (66.7595 deg) | TransErr = 27.94 mm [FAILS]
    Alternative Pair with Shard 3 (NOT ACTIVE IN TREE):
      Candidate choice=1 inlier=30 | RotErr = 2.9456 rad (168.7731 deg) | TransErr = 44.06 mm [FAILS]
      Candidate choice=2 inlier=32 | RotErr = 1.2884 rad (73.8221 deg) | TransErr = 187.58 mm [FAILS]
      Candidate choice=3 inlier=48 | RotErr = 0.9931 rad (56.9004 deg) | TransErr = 188.52 mm [FAILS]
    Alternative Pair with Shard 5 (NOT ACTIVE IN TREE):
      Candidate choice=1 inlier=50 | RotErr = 1.6441 rad (94.1982 deg) | TransErr = 35.21 mm [FAILS]
      Candidate choice=2 inlier=32 | RotErr = 2.7102 rad (155.2818 deg) | TransErr = 145.09 mm [FAILS]
    Alternative Pair with Shard 8 (NOT ACTIVE IN TREE):
      Candidate choice=1 inlier=0 | RotErr = 1.4529 rad (83.2461 deg) | TransErr = 46.95 mm [FAILS]
      Candidate choice=2 inlier=32 | RotErr = 2.7082 rad (155.1684 deg) | TransErr = 32.50 mm [FAILS]
      Candidate choice=3 inlier=125 | RotErr = 3.0955 rad (177.3581 deg) | TransErr = 100.98 mm [FAILS]
      Candidate choice=4 inlier=12 | RotErr = 3.1197 rad (178.7437 deg) | TransErr = 49.73 mm [FAILS]
      Candidate choice=5 inlier=0 | RotErr = 2.6663 rad (152.7670 deg) | TransErr = 29.46 mm [FAILS]
    Alternative Pair with Shard 24 (NOT ACTIVE IN TREE):
      Candidate choice=1 inlier=36 | RotErr = 2.4734 rad (141.7166 deg) | TransErr = 83.00 mm [FAILS]
      Candidate choice=2 inlier=24 | RotErr = 2.7161 rad (155.6209 deg) | TransErr = 89.12 mm [FAILS]
      Candidate choice=3 inlier=26 | RotErr = 2.9081 rad (166.6223 deg) | TransErr = 17.43 mm [FAILS]
      Candidate choice=4 inlier=34 | RotErr = 2.5066 rad (143.6185 deg) | TransErr = 124.62 mm [FAILS]
    Alternative Pair with Shard 25 (NOT ACTIVE IN TREE):
      [No match candidates found]
    Alternative Pair with Shard 26 (NOT ACTIVE IN TREE):
      [No match candidates found]
    Alternative Pair with Shard 17 (NOT ACTIVE IN TREE):
      Candidate choice=1 inlier=45 | RotErr = 2.3375 rad (133.9274 deg) | TransErr = 98.82 mm [FAILS]
      Candidate choice=2 inlier=36 | RotErr = 2.3724 rad (135.9303 deg) | TransErr = 29.70 mm [FAILS]
      Candidate choice=3 inlier=45 | RotErr = 2.2747 rad (130.3334 deg) | TransErr = 19.39 mm [FAILS]
    Alternative Pair with Shard 14 (NOT ACTIVE IN TREE):
      Candidate choice=1 inlier=42 | RotErr = 1.3056 rad (74.8031 deg) | TransErr = 194.21 mm [FAILS]
      Candidate choice=2 inlier=46 | RotErr = 0.9736 rad (55.7831 deg) | TransErr = 191.48 mm [FAILS]
      Candidate choice=3 inlier=20 | RotErr = 2.6006 rad (149.0007 deg) | TransErr = 188.89 mm [FAILS]
    Alternative Pair with Shard 16 (NOT ACTIVE IN TREE):
      Candidate choice=1 inlier=2 | RotErr = 2.9169 rad (167.1238 deg) | TransErr = 47.40 mm [FAILS]
      Candidate choice=2 inlier=44 | RotErr = 1.7864 rad (102.3517 deg) | TransErr = 133.20 mm [FAILS]
      Candidate choice=3 inlier=40 | RotErr = 1.6869 rad (96.6506 deg) | TransErr = 127.70 mm [FAILS]
    Alternative Pair with Shard 19 (NOT ACTIVE IN TREE):
      Candidate choice=1 inlier=40 | RotErr = 0.3099 rad (17.7558 deg) | TransErr = 120.58 mm [FAILS]
    Alternative Pair with Shard 28 (NOT ACTIVE IN TREE):
      [No match candidates found]
    Alternative Pair with Shard 29 (NOT ACTIVE IN TREE):
      Candidate choice=1 inlier=43 | RotErr = 2.5909 rad (148.4496 deg) | TransErr = 42.91 mm [FAILS]
      Candidate choice=2 inlier=49 | RotErr = 2.3436 rad (134.2779 deg) | TransErr = 44.29 mm [FAILS]
    Alternative Pair with Shard 23 (NOT ACTIVE IN TREE):
      [No match candidates found]
    Alternative Pair with Shard 21 (ACTIVE IN TREE) [SKIPPED]
  Shard 17 (placed by parent 11):
    Alternative Pair with Shard 1 (NOT ACTIVE IN TREE):
      Candidate choice=1 inlier=36 | RotErr = 1.9690 rad (112.8132 deg) | TransErr = 77.22 mm [FAILS]
      Candidate choice=2 inlier=22 | RotErr = 1.9141 rad (109.6707 deg) | TransErr = 84.17 mm [FAILS]
      Candidate choice=3 inlier=55 | RotErr = 1.6297 rad (93.3733 deg) | TransErr = 78.29 mm [FAILS]
      Candidate choice=4 inlier=32 | RotErr = 2.6137 rad (149.7566 deg) | TransErr = 85.37 mm [FAILS]
      Candidate choice=5 inlier=18 | RotErr = 2.9875 rad (171.1701 deg) | TransErr = 95.19 mm [FAILS]
      Candidate choice=6 inlier=34 | RotErr = 2.8605 rad (163.8926 deg) | TransErr = 78.68 mm [FAILS]
    Alternative Pair with Shard 2 (NOT ACTIVE IN TREE):
      Candidate choice=1 inlier=22 | RotErr = 2.4288 rad (139.1590 deg) | TransErr = 74.47 mm [FAILS]
      Candidate choice=2 inlier=20 | RotErr = 2.9438 rad (168.6656 deg) | TransErr = 71.02 mm [FAILS]
      Candidate choice=3 inlier=38 | RotErr = 2.5769 rad (147.6443 deg) | TransErr = 87.25 mm [FAILS]
    Alternative Pair with Shard 6 (NOT ACTIVE IN TREE):
      Candidate choice=1 inlier=28 | RotErr = 2.0416 rad (116.9723 deg) | TransErr = 80.59 mm [FAILS]
      Candidate choice=2 inlier=30 | RotErr = 1.9507 rad (111.7694 deg) | TransErr = 80.71 mm [FAILS]
      Candidate choice=3 inlier=24 | RotErr = 2.0515 rad (117.5421 deg) | TransErr = 73.78 mm [FAILS]
      Candidate choice=4 inlier=36 | RotErr = 1.8979 rad (108.7400 deg) | TransErr = 81.04 mm [FAILS]
      Candidate choice=5 inlier=18 | RotErr = 1.7868 rad (102.3748 deg) | TransErr = 98.95 mm [FAILS]
      Candidate choice=6 inlier=28 | RotErr = 2.2942 rad (131.4460 deg) | TransErr = 79.56 mm [FAILS]
      Candidate choice=7 inlier=16 | RotErr = 3.1000 rad (177.6185 deg) | TransErr = 108.30 mm [FAILS]
      Candidate choice=8 inlier=18 | RotErr = 2.9612 rad (169.6650 deg) | TransErr = 66.92 mm [FAILS]
      Candidate choice=9 inlier=20 | RotErr = 3.1005 rad (177.6444 deg) | TransErr = 89.76 mm [FAILS]
      Candidate choice=10 inlier=24 | RotErr = 0.4748 rad (27.2062 deg) | TransErr = 13.66 mm [FAILS]
      Candidate choice=11 inlier=30 | RotErr = 1.3904 rad (79.6632 deg) | TransErr = 24.89 mm [FAILS]
    Alternative Pair with Shard 9 (NOT ACTIVE IN TREE):
      Candidate choice=1 inlier=47 | RotErr = 2.4932 rad (142.8516 deg) | TransErr = 65.63 mm [FAILS]
      Candidate choice=2 inlier=34 | RotErr = 2.5668 rad (147.0642 deg) | TransErr = 15.94 mm [FAILS]
      Candidate choice=3 inlier=51 | RotErr = 1.5373 rad (88.0792 deg) | TransErr = 35.78 mm [FAILS]
      Candidate choice=4 inlier=24 | RotErr = 1.1865 rad (67.9809 deg) | TransErr = 19.67 mm [FAILS]
    Alternative Pair with Shard 12 (NOT ACTIVE IN TREE):
      Candidate choice=1 inlier=28 | RotErr = 2.6336 rad (150.8929 deg) | TransErr = 159.55 mm [FAILS]
      Candidate choice=2 inlier=36 | RotErr = 1.5441 rad (88.4697 deg) | TransErr = 195.88 mm [FAILS]
    Alternative Pair with Shard 13 (NOT ACTIVE IN TREE):
      Candidate choice=1 inlier=34 | RotErr = 2.6538 rad (152.0512 deg) | TransErr = 98.63 mm [FAILS]
      Candidate choice=2 inlier=49 | RotErr = 0.5766 rad (33.0380 deg) | TransErr = 46.82 mm [FAILS]
      Candidate choice=3 inlier=20 | RotErr = 1.9515 rad (111.8101 deg) | TransErr = 65.41 mm [FAILS]
      Candidate choice=4 inlier=36 | RotErr = 1.4245 rad (81.6199 deg) | TransErr = 43.15 mm [FAILS]
    Alternative Pair with Shard 7 (NOT ACTIVE IN TREE):
      Candidate choice=1 inlier=30 | RotErr = 3.0985 rad (177.5301 deg) | TransErr = 83.81 mm [FAILS]
      Candidate choice=2 inlier=40 | RotErr = 2.5032 rad (143.4221 deg) | TransErr = 88.26 mm [FAILS]
      Candidate choice=3 inlier=28 | RotErr = 2.0839 rad (119.3965 deg) | TransErr = 61.90 mm [FAILS]
      Candidate choice=4 inlier=26 | RotErr = 2.7655 rad (158.4498 deg) | TransErr = 105.80 mm [FAILS]
      Candidate choice=5 inlier=28 | RotErr = 2.6502 rad (151.8479 deg) | TransErr = 21.09 mm [FAILS]
      Candidate choice=6 inlier=32 | RotErr = 2.3032 rad (131.9630 deg) | TransErr = 25.27 mm [FAILS]
    Alternative Pair with Shard 18 (NOT ACTIVE IN TREE):
      Candidate choice=1 inlier=40 | RotErr = 2.7157 rad (155.5990 deg) | TransErr = 72.65 mm [FAILS]
      Candidate choice=2 inlier=36 | RotErr = 2.5759 rad (147.5865 deg) | TransErr = 87.91 mm [FAILS]
      Candidate choice=3 inlier=10 | RotErr = 2.8133 rad (161.1879 deg) | TransErr = 78.64 mm [FAILS]
    Alternative Pair with Shard 20 (NOT ACTIVE IN TREE):
      Candidate choice=1 inlier=36 | RotErr = 2.2817 rad (130.7299 deg) | TransErr = 80.97 mm [FAILS]
    Alternative Pair with Shard 22 (NOT ACTIVE IN TREE):
      [No match candidates found]
    Alternative Pair with Shard 10 (NOT ACTIVE IN TREE):
      Candidate choice=1 inlier=36 | RotErr = 1.6837 rad (96.4681 deg) | TransErr = 81.25 mm [FAILS]
    Alternative Pair with Shard 11 (ACTIVE IN TREE) [SKIPPED]
    Alternative Pair with Shard 15 (NOT ACTIVE IN TREE):
      Candidate choice=1 inlier=14 | RotErr = 2.5668 rad (147.0660 deg) | TransErr = 83.57 mm [FAILS]
      Candidate choice=2 inlier=24 | RotErr = 2.5419 rad (145.6395 deg) | TransErr = 114.91 mm [FAILS]
      Candidate choice=3 inlier=30 | RotErr = 2.7145 rad (155.5310 deg) | TransErr = 145.75 mm [FAILS]
    Alternative Pair with Shard 3 (NOT ACTIVE IN TREE):
      Candidate choice=1 inlier=32 | RotErr = 1.9084 rad (109.3455 deg) | TransErr = 171.48 mm [FAILS]
      Candidate choice=2 inlier=28 | RotErr = 0.5315 rad (30.4501 deg) | TransErr = 181.28 mm [FAILS]
      Candidate choice=3 inlier=20 | RotErr = 2.7861 rad (159.6291 deg) | TransErr = 192.07 mm [FAILS]
      Candidate choice=4 inlier=4 | RotErr = 2.1677 rad (124.2001 deg) | TransErr = 220.13 mm [FAILS]
    Alternative Pair with Shard 5 (NOT ACTIVE IN TREE):
      Candidate choice=1 inlier=49 | RotErr = 1.6619 rad (95.2185 deg) | TransErr = 74.24 mm [FAILS]
      Candidate choice=2 inlier=20 | RotErr = 2.7252 rad (156.1433 deg) | TransErr = 70.37 mm [FAILS]
      Candidate choice=3 inlier=26 | RotErr = 2.9380 rad (168.3372 deg) | TransErr = 82.93 mm [FAILS]
      Candidate choice=4 inlier=38 | RotErr = 2.8224 rad (161.7144 deg) | TransErr = 97.12 mm [FAILS]
      Candidate choice=5 inlier=34 | RotErr = 2.7174 rad (155.6972 deg) | TransErr = 89.06 mm [FAILS]
    Alternative Pair with Shard 8 (NOT ACTIVE IN TREE):
      Candidate choice=1 inlier=36 | RotErr = 2.4590 rad (140.8895 deg) | TransErr = 69.52 mm [FAILS]
      Candidate choice=2 inlier=22 | RotErr = 2.2247 rad (127.4675 deg) | TransErr = 88.15 mm [FAILS]
      Candidate choice=3 inlier=24 | RotErr = 2.8635 rad (164.0668 deg) | TransErr = 111.86 mm [FAILS]
      Candidate choice=4 inlier=6 | RotErr = 3.0965 rad (177.4147 deg) | TransErr = 112.26 mm [FAILS]
    Alternative Pair with Shard 24 (NOT ACTIVE IN TREE):
      Candidate choice=1 inlier=16 | RotErr = 2.4947 rad (142.9374 deg) | TransErr = 125.80 mm [FAILS]
    Alternative Pair with Shard 25 (NOT ACTIVE IN TREE):
      Candidate choice=1 inlier=10 | RotErr = 2.4983 rad (143.1418 deg) | TransErr = 38.18 mm [FAILS]
    Alternative Pair with Shard 26 (NOT ACTIVE IN TREE):
      Candidate choice=1 inlier=6 | RotErr = 2.7802 rad (159.2943 deg) | TransErr = 73.81 mm [FAILS]
      Candidate choice=2 inlier=24 | RotErr = 2.4881 rad (142.5583 deg) | TransErr = 80.87 mm [FAILS]
    Alternative Pair with Shard 4 (NOT ACTIVE IN TREE):
      Candidate choice=1 inlier=45 | RotErr = 2.3375 rad (133.9274 deg) | TransErr = 98.82 mm [FAILS]
      Candidate choice=2 inlier=36 | RotErr = 2.3724 rad (135.9303 deg) | TransErr = 29.70 mm [FAILS]
      Candidate choice=3 inlier=45 | RotErr = 2.2747 rad (130.3334 deg) | TransErr = 19.39 mm [FAILS]
    Alternative Pair with Shard 14 (NOT ACTIVE IN TREE):
      Candidate choice=1 inlier=0 | RotErr = 2.4267 rad (139.0378 deg) | TransErr = 98.59 mm [FAILS]
      Candidate choice=2 inlier=18 | RotErr = 3.0048 rad (172.1606 deg) | TransErr = 96.58 mm [FAILS]
    Alternative Pair with Shard 16 (NOT ACTIVE IN TREE):
      Candidate choice=1 inlier=28 | RotErr = 2.0481 rad (117.3474 deg) | TransErr = 85.17 mm [FAILS]
      Candidate choice=2 inlier=18 | RotErr = 1.7168 rad (98.3682 deg) | TransErr = 146.94 mm [FAILS]
      Candidate choice=3 inlier=22 | RotErr = 2.8369 rad (162.5428 deg) | TransErr = 61.68 mm [FAILS]
      Candidate choice=4 inlier=30 | RotErr = 3.0697 rad (175.8831 deg) | TransErr = 58.86 mm [FAILS]
    Alternative Pair with Shard 19 (NOT ACTIVE IN TREE):
      Candidate choice=1 inlier=22 | RotErr = 2.7531 rad (157.7392 deg) | TransErr = 93.39 mm [FAILS]
      Candidate choice=2 inlier=30 | RotErr = 1.9778 rad (113.3210 deg) | TransErr = 173.57 mm [FAILS]
      Candidate choice=3 inlier=24 | RotErr = 2.8467 rad (163.1059 deg) | TransErr = 166.20 mm [FAILS]
      Candidate choice=4 inlier=26 | RotErr = 2.8417 rad (162.8198 deg) | TransErr = 68.46 mm [FAILS]
    Alternative Pair with Shard 28 (NOT ACTIVE IN TREE):
      [No match candidates found]
    Alternative Pair with Shard 29 (NOT ACTIVE IN TREE):
      [No match candidates found]
    Alternative Pair with Shard 23 (NOT ACTIVE IN TREE):
      Candidate choice=1 inlier=22 | RotErr = 2.7830 rad (159.4541 deg) | TransErr = 72.77 mm [FAILS]
      Candidate choice=2 inlier=14 | RotErr = 2.9232 rad (167.4864 deg) | TransErr = 61.07 mm [FAILS]
    Alternative Pair with Shard 21 (NOT ACTIVE IN TREE):
      Candidate choice=1 inlier=20 | RotErr = 2.6020 rad (149.0841 deg) | TransErr = 51.30 mm [FAILS]
      Candidate choice=2 inlier=22 | RotErr = 2.2214 rad (127.2743 deg) | TransErr = 55.22 mm [FAILS]
      Candidate choice=3 inlier=30 | RotErr = 1.2851 rad (73.6289 deg) | TransErr = 39.46 mm [FAILS]
      Candidate choice=4 inlier=32 | RotErr = 2.8285 rad (162.0589 deg) | TransErr = 84.14 mm [FAILS]
  Shard 14 (placed by parent 3):
    Alternative Pair with Shard 1 (NOT ACTIVE IN TREE):
      Candidate choice=1 inlier=34 | RotErr = 0.2284 rad (13.0849 deg) | TransErr = 208.30 mm [FAILS]
    Alternative Pair with Shard 2 (NOT ACTIVE IN TREE):
      [No match candidates found]
    Alternative Pair with Shard 6 (NOT ACTIVE IN TREE):
      Candidate choice=1 inlier=38 | RotErr = 3.0727 rad (176.0532 deg) | TransErr = 70.41 mm [FAILS]
    Alternative Pair with Shard 9 (NOT ACTIVE IN TREE):
      Candidate choice=1 inlier=26 | RotErr = 3.1308 rad (179.3808 deg) | TransErr = 25.65 mm [FAILS]
      Candidate choice=2 inlier=40 | RotErr = 1.7934 rad (102.7551 deg) | TransErr = 212.57 mm [FAILS]
      Candidate choice=3 inlier=4 | RotErr = 1.1591 rad (66.4130 deg) | TransErr = 175.03 mm [FAILS]
    Alternative Pair with Shard 12 (NOT ACTIVE IN TREE):
      Candidate choice=1 inlier=32 | RotErr = 0.2128 rad (12.1946 deg) | TransErr = 24.00 mm [FAILS]
    Alternative Pair with Shard 13 (NOT ACTIVE IN TREE):
      Candidate choice=1 inlier=22 | RotErr = 0.3886 rad (22.2655 deg) | TransErr = 210.66 mm [FAILS]
      Candidate choice=2 inlier=22 | RotErr = 3.1141 rad (178.4260 deg) | TransErr = 38.20 mm [FAILS]
    Alternative Pair with Shard 7 (NOT ACTIVE IN TREE):
      Candidate choice=1 inlier=26 | RotErr = 3.0126 rad (172.6094 deg) | TransErr = 73.41 mm [FAILS]
      Candidate choice=2 inlier=0 | RotErr = 0.4098 rad (23.4790 deg) | TransErr = 190.76 mm [FAILS]
    Alternative Pair with Shard 18 (NOT ACTIVE IN TREE):
      [No match candidates found]
    Alternative Pair with Shard 20 (NOT ACTIVE IN TREE):
      Candidate choice=1 inlier=28 | RotErr = 2.9262 rad (167.6566 deg) | TransErr = 79.77 mm [FAILS]
      Candidate choice=2 inlier=38 | RotErr = 1.0126 rad (58.0205 deg) | TransErr = 182.63 mm [FAILS]
      Candidate choice=3 inlier=32 | RotErr = 2.8127 rad (161.1546 deg) | TransErr = 97.41 mm [FAILS]
    Alternative Pair with Shard 22 (NOT ACTIVE IN TREE):
      [No match candidates found]
    Alternative Pair with Shard 10 (NOT ACTIVE IN TREE):
      [No match candidates found]
    Alternative Pair with Shard 11 (NOT ACTIVE IN TREE):
      [No match candidates found]
    Alternative Pair with Shard 15 (NOT ACTIVE IN TREE):
      Candidate choice=1 inlier=16 | RotErr = 2.5374 rad (145.3847 deg) | TransErr = 208.58 mm [FAILS]
    Alternative Pair with Shard 3 (ACTIVE IN TREE) [SKIPPED]
    Alternative Pair with Shard 5 (NOT ACTIVE IN TREE):
      Candidate choice=1 inlier=38 | RotErr = 1.2444 rad (71.2973 deg) | TransErr = 16.83 mm [FAILS]
      Candidate choice=2 inlier=32 | RotErr = 3.1398 rad (179.9000 deg) | TransErr = 117.37 mm [FAILS]
    Alternative Pair with Shard 8 (NOT ACTIVE IN TREE):
      Candidate choice=1 inlier=42 | RotErr = 3.0894 rad (177.0112 deg) | TransErr = 94.09 mm [FAILS]
      Candidate choice=2 inlier=0 | RotErr = 0.6730 rad (38.5579 deg) | TransErr = 120.99 mm [FAILS]
    Alternative Pair with Shard 24 (NOT ACTIVE IN TREE):
      Candidate choice=1 inlier=10 | RotErr = 1.3511 rad (77.4128 deg) | TransErr = 114.33 mm [FAILS]
      Candidate choice=2 inlier=32 | RotErr = 1.8807 rad (107.7585 deg) | TransErr = 107.64 mm [FAILS]
      Candidate choice=3 inlier=28 | RotErr = 3.1292 rad (179.2924 deg) | TransErr = 88.65 mm [FAILS]
    Alternative Pair with Shard 25 (NOT ACTIVE IN TREE):
      [No match candidates found]
    Alternative Pair with Shard 26 (NOT ACTIVE IN TREE):
      [No match candidates found]
    Alternative Pair with Shard 4 (NOT ACTIVE IN TREE):
      Candidate choice=1 inlier=42 | RotErr = 1.3056 rad (74.8031 deg) | TransErr = 194.21 mm [FAILS]
      Candidate choice=2 inlier=46 | RotErr = 0.9736 rad (55.7831 deg) | TransErr = 191.48 mm [FAILS]
      Candidate choice=3 inlier=20 | RotErr = 2.6006 rad (149.0007 deg) | TransErr = 188.89 mm [FAILS]
    Alternative Pair with Shard 17 (NOT ACTIVE IN TREE):
      Candidate choice=1 inlier=0 | RotErr = 2.4267 rad (139.0378 deg) | TransErr = 98.59 mm [FAILS]
      Candidate choice=2 inlier=18 | RotErr = 3.0048 rad (172.1606 deg) | TransErr = 96.58 mm [FAILS]
    Alternative Pair with Shard 16 (NOT ACTIVE IN TREE):
      Candidate choice=1 inlier=70 | RotErr = 0.0639 rad (3.6604 deg) | TransErr = 7.57 mm [PASSES] -> Reward: +20.00
    Alternative Pair with Shard 19 (NOT ACTIVE IN TREE):
      Candidate choice=1 inlier=22 | RotErr = 1.4774 rad (84.6485 deg) | TransErr = 37.18 mm [FAILS]
      Candidate choice=2 inlier=71 | RotErr = 2.1047 rad (120.5923 deg) | TransErr = 24.85 mm [FAILS]
    Alternative Pair with Shard 28 (NOT ACTIVE IN TREE):
      Candidate choice=1 inlier=28 | RotErr = 1.1060 rad (63.3677 deg) | TransErr = 9.55 mm [FAILS]
      Candidate choice=2 inlier=6 | RotErr = 2.8895 rad (165.5579 deg) | TransErr = 20.18 mm [FAILS]
    Alternative Pair with Shard 29 (NOT ACTIVE IN TREE):
      Candidate choice=1 inlier=16 | RotErr = 0.7809 rad (44.7419 deg) | TransErr = 22.43 mm [FAILS]
      Candidate choice=2 inlier=22 | RotErr = 0.7065 rad (40.4819 deg) | TransErr = 40.79 mm [FAILS]
    Alternative Pair with Shard 23 (NOT ACTIVE IN TREE):
      [No match candidates found]
    Alternative Pair with Shard 21 (NOT ACTIVE IN TREE):
      Candidate choice=1 inlier=8 | RotErr = 2.6112 rad (149.6093 deg) | TransErr = 44.86 mm [FAILS]
  Shard 16 (placed by parent 3):
    Alternative Pair with Shard 1 (NOT ACTIVE IN TREE):
      Candidate choice=1 inlier=57 | RotErr = 1.8242 rad (104.5183 deg) | TransErr = 28.33 mm [FAILS]
      Candidate choice=2 inlier=20 | RotErr = 3.0256 rad (173.3565 deg) | TransErr = 28.94 mm [FAILS]
      Candidate choice=3 inlier=18 | RotErr = 3.0507 rad (174.7937 deg) | TransErr = 29.45 mm [FAILS]
      Candidate choice=4 inlier=30 | RotErr = 2.3756 rad (136.1097 deg) | TransErr = 147.66 mm [FAILS]
      Candidate choice=5 inlier=76 | RotErr = 3.0552 rad (175.0493 deg) | TransErr = 35.47 mm [FAILS]
      Candidate choice=6 inlier=30 | RotErr = 3.0084 rad (172.3668 deg) | TransErr = 245.70 mm [FAILS]
    Alternative Pair with Shard 2 (NOT ACTIVE IN TREE):
      Candidate choice=1 inlier=53 | RotErr = 2.9155 rad (167.0483 deg) | TransErr = 172.32 mm [FAILS]
      Candidate choice=2 inlier=36 | RotErr = 1.4460 rad (82.8486 deg) | TransErr = 47.00 mm [FAILS]
      Candidate choice=3 inlier=36 | RotErr = 1.4556 rad (83.3996 deg) | TransErr = 24.32 mm [FAILS]
    Alternative Pair with Shard 6 (NOT ACTIVE IN TREE):
      Candidate choice=1 inlier=26 | RotErr = 2.8671 rad (164.2715 deg) | TransErr = 134.15 mm [FAILS]
      Candidate choice=2 inlier=40 | RotErr = 0.3839 rad (21.9961 deg) | TransErr = 201.61 mm [FAILS]
      Candidate choice=3 inlier=48 | RotErr = 1.4096 rad (80.7620 deg) | TransErr = 170.70 mm [FAILS]
      Candidate choice=4 inlier=10 | RotErr = 1.1709 rad (67.0866 deg) | TransErr = 187.72 mm [FAILS]
      Candidate choice=5 inlier=14 | RotErr = 1.8181 rad (104.1678 deg) | TransErr = 76.81 mm [FAILS]
    Alternative Pair with Shard 9 (NOT ACTIVE IN TREE):
      [No match candidates found]
    Alternative Pair with Shard 12 (NOT ACTIVE IN TREE):
      Candidate choice=1 inlier=32 | RotErr = 3.0582 rad (175.2232 deg) | TransErr = 252.65 mm [FAILS]
      Candidate choice=2 inlier=48 | RotErr = 1.4385 rad (82.4191 deg) | TransErr = 22.94 mm [FAILS]
    Alternative Pair with Shard 13 (NOT ACTIVE IN TREE):
      Candidate choice=1 inlier=34 | RotErr = 0.5636 rad (32.2915 deg) | TransErr = 185.22 mm [FAILS]
      Candidate choice=2 inlier=38 | RotErr = 3.0219 rad (173.1413 deg) | TransErr = 67.35 mm [FAILS]
      Candidate choice=3 inlier=22 | RotErr = 0.3929 rad (22.5128 deg) | TransErr = 273.77 mm [FAILS]
      Candidate choice=4 inlier=60 | RotErr = 2.9788 rad (170.6740 deg) | TransErr = 101.07 mm [FAILS]
      Candidate choice=5 inlier=46 | RotErr = 2.9678 rad (170.0426 deg) | TransErr = 66.47 mm [FAILS]
    Alternative Pair with Shard 7 (NOT ACTIVE IN TREE):
      Candidate choice=1 inlier=0 | RotErr = 2.5832 rad (148.0043 deg) | TransErr = 102.43 mm [FAILS]
      Candidate choice=2 inlier=36 | RotErr = 2.9856 rad (171.0619 deg) | TransErr = 60.11 mm [FAILS]
      Candidate choice=3 inlier=18 | RotErr = 2.7516 rad (157.6550 deg) | TransErr = 230.06 mm [FAILS]
      Candidate choice=4 inlier=22 | RotErr = 2.7820 rad (159.3959 deg) | TransErr = 48.12 mm [FAILS]
    Alternative Pair with Shard 18 (NOT ACTIVE IN TREE):
      Candidate choice=1 inlier=26 | RotErr = 1.0010 rad (57.3516 deg) | TransErr = 72.74 mm [FAILS]
    Alternative Pair with Shard 20 (NOT ACTIVE IN TREE):
      Candidate choice=1 inlier=26 | RotErr = 2.8432 rad (162.9025 deg) | TransErr = 44.35 mm [FAILS]
      Candidate choice=2 inlier=40 | RotErr = 2.9468 rad (168.8415 deg) | TransErr = 98.77 mm [FAILS]
      Candidate choice=3 inlier=32 | RotErr = 2.7203 rad (155.8645 deg) | TransErr = 26.47 mm [FAILS]
      Candidate choice=4 inlier=28 | RotErr = 2.5299 rad (144.9554 deg) | TransErr = 68.44 mm [FAILS]
      Candidate choice=5 inlier=34 | RotErr = 2.8574 rad (163.7142 deg) | TransErr = 29.19 mm [FAILS]
    Alternative Pair with Shard 22 (NOT ACTIVE IN TREE):
      [No match candidates found]
    Alternative Pair with Shard 10 (NOT ACTIVE IN TREE):
      Candidate choice=1 inlier=40 | RotErr = 0.9005 rad (51.5925 deg) | TransErr = 196.80 mm [FAILS]
      Candidate choice=2 inlier=28 | RotErr = 0.2941 rad (16.8489 deg) | TransErr = 101.50 mm [FAILS]
      Candidate choice=3 inlier=28 | RotErr = 0.3572 rad (20.4640 deg) | TransErr = 73.07 mm [FAILS]
      Candidate choice=4 inlier=42 | RotErr = 0.4754 rad (27.2364 deg) | TransErr = 57.63 mm [FAILS]
      Candidate choice=5 inlier=42 | RotErr = 0.8254 rad (47.2933 deg) | TransErr = 85.21 mm [FAILS]
    Alternative Pair with Shard 11 (NOT ACTIVE IN TREE):
      [No match candidates found]
    Alternative Pair with Shard 15 (NOT ACTIVE IN TREE):
      [No match candidates found]
    Alternative Pair with Shard 3 (ACTIVE IN TREE) [SKIPPED]
    Alternative Pair with Shard 5 (NOT ACTIVE IN TREE):
      Candidate choice=1 inlier=0 | RotErr = 3.0908 rad (177.0919 deg) | TransErr = 209.58 mm [FAILS]
      Candidate choice=2 inlier=85 | RotErr = 0.6106 rad (34.9861 deg) | TransErr = 46.43 mm [FAILS]
    Alternative Pair with Shard 8 (NOT ACTIVE IN TREE):
      Candidate choice=1 inlier=34 | RotErr = 3.0626 rad (175.4755 deg) | TransErr = 51.66 mm [FAILS]
      Candidate choice=2 inlier=12 | RotErr = 2.9516 rad (169.1147 deg) | TransErr = 36.05 mm [FAILS]
      Candidate choice=3 inlier=18 | RotErr = 2.9673 rad (170.0110 deg) | TransErr = 31.56 mm [FAILS]
      Candidate choice=4 inlier=38 | RotErr = 1.6006 rad (91.7088 deg) | TransErr = 125.20 mm [FAILS]
      Candidate choice=5 inlier=36 | RotErr = 0.7160 rad (41.0227 deg) | TransErr = 87.63 mm [FAILS]
      Candidate choice=6 inlier=4 | RotErr = 0.5867 rad (33.6147 deg) | TransErr = 106.55 mm [FAILS]
      Candidate choice=7 inlier=30 | RotErr = 3.1206 rad (178.7971 deg) | TransErr = 38.91 mm [FAILS]
    Alternative Pair with Shard 24 (NOT ACTIVE IN TREE):
      Candidate choice=1 inlier=24 | RotErr = 2.8162 rad (161.3585 deg) | TransErr = 112.89 mm [FAILS]
      Candidate choice=2 inlier=32 | RotErr = 2.3051 rad (132.0709 deg) | TransErr = 144.97 mm [FAILS]
      Candidate choice=3 inlier=16 | RotErr = 1.9467 rad (111.5366 deg) | TransErr = 172.95 mm [FAILS]
      Candidate choice=4 inlier=18 | RotErr = 2.4576 rad (140.8092 deg) | TransErr = 203.72 mm [FAILS]
    Alternative Pair with Shard 25 (NOT ACTIVE IN TREE):
      [No match candidates found]
    Alternative Pair with Shard 26 (NOT ACTIVE IN TREE):
      [No match candidates found]
    Alternative Pair with Shard 4 (NOT ACTIVE IN TREE):
      Candidate choice=1 inlier=2 | RotErr = 2.9169 rad (167.1238 deg) | TransErr = 47.40 mm [FAILS]
      Candidate choice=2 inlier=44 | RotErr = 1.7864 rad (102.3517 deg) | TransErr = 133.20 mm [FAILS]
      Candidate choice=3 inlier=40 | RotErr = 1.6869 rad (96.6506 deg) | TransErr = 127.70 mm [FAILS]
    Alternative Pair with Shard 17 (NOT ACTIVE IN TREE):
      Candidate choice=1 inlier=28 | RotErr = 2.0481 rad (117.3474 deg) | TransErr = 85.17 mm [FAILS]
      Candidate choice=2 inlier=18 | RotErr = 1.7168 rad (98.3682 deg) | TransErr = 146.94 mm [FAILS]
      Candidate choice=3 inlier=22 | RotErr = 2.8369 rad (162.5428 deg) | TransErr = 61.68 mm [FAILS]
      Candidate choice=4 inlier=30 | RotErr = 3.0697 rad (175.8831 deg) | TransErr = 58.86 mm [FAILS]
    Alternative Pair with Shard 14 (NOT ACTIVE IN TREE):
      Candidate choice=1 inlier=70 | RotErr = 0.0639 rad (3.6604 deg) | TransErr = 7.57 mm [PASSES] -> Reward: +20.00
    Alternative Pair with Shard 19 (NOT ACTIVE IN TREE):
      Candidate choice=1 inlier=56 | RotErr = 2.9989 rad (171.8241 deg) | TransErr = 147.88 mm [FAILS]
      Candidate choice=2 inlier=24 | RotErr = 3.0336 rad (173.8101 deg) | TransErr = 254.64 mm [FAILS]
    Alternative Pair with Shard 28 (NOT ACTIVE IN TREE):
      [No match candidates found]
    Alternative Pair with Shard 29 (NOT ACTIVE IN TREE):
      [No match candidates found]
    Alternative Pair with Shard 23 (NOT ACTIVE IN TREE):
      Candidate choice=1 inlier=30 | RotErr = 0.4437 rad (25.4206 deg) | TransErr = 52.67 mm [FAILS]
    Alternative Pair with Shard 21 (NOT ACTIVE IN TREE):
      Candidate choice=1 inlier=20 | RotErr = 3.0181 rad (172.9258 deg) | TransErr = 62.77 mm [FAILS]
      Candidate choice=2 inlier=30 | RotErr = 2.3347 rad (133.7689 deg) | TransErr = 118.92 mm [FAILS]
      Candidate choice=3 inlier=32 | RotErr = 2.0443 rad (117.1290 deg) | TransErr = 181.14 mm [FAILS]
  Shard 19 (placed by parent 3):
    Alternative Pair with Shard 1 (NOT ACTIVE IN TREE):
      Candidate choice=1 inlier=46 | RotErr = 2.9275 rad (167.7334 deg) | TransErr = 19.11 mm [FAILS]
      Candidate choice=2 inlier=16 | RotErr = 3.1124 rad (178.3270 deg) | TransErr = 54.50 mm [FAILS]
      Candidate choice=3 inlier=8 | RotErr = 3.1299 rad (179.3286 deg) | TransErr = 240.65 mm [FAILS]
    Alternative Pair with Shard 2 (NOT ACTIVE IN TREE):
      Candidate choice=1 inlier=49 | RotErr = 0.3013 rad (17.2628 deg) | TransErr = 54.70 mm [FAILS]
      Candidate choice=2 inlier=72 | RotErr = 0.3471 rad (19.8865 deg) | TransErr = 16.36 mm [FAILS]
      Candidate choice=3 inlier=88 | RotErr = 0.2000 rad (11.4569 deg) | TransErr = 29.00 mm [FAILS]
    Alternative Pair with Shard 6 (NOT ACTIVE IN TREE):
      Candidate choice=1 inlier=46 | RotErr = 2.8862 rad (165.3663 deg) | TransErr = 118.42 mm [FAILS]
      Candidate choice=2 inlier=34 | RotErr = 2.9414 rad (168.5292 deg) | TransErr = 46.46 mm [FAILS]
      Candidate choice=3 inlier=53 | RotErr = 2.4273 rad (139.0759 deg) | TransErr = 191.47 mm [FAILS]
    Alternative Pair with Shard 9 (NOT ACTIVE IN TREE):
      Candidate choice=1 inlier=30 | RotErr = 2.9931 rad (171.4906 deg) | TransErr = 74.12 mm [FAILS]
    Alternative Pair with Shard 12 (NOT ACTIVE IN TREE):
      Candidate choice=1 inlier=36 | RotErr = 2.5698 rad (147.2364 deg) | TransErr = 23.70 mm [FAILS]
    Alternative Pair with Shard 13 (NOT ACTIVE IN TREE):
      Candidate choice=1 inlier=28 | RotErr = 1.9624 rad (112.4344 deg) | TransErr = 255.82 mm [FAILS]
      Candidate choice=2 inlier=42 | RotErr = 2.1227 rad (121.6205 deg) | TransErr = 264.66 mm [FAILS]
      Candidate choice=3 inlier=46 | RotErr = 3.0567 rad (175.1341 deg) | TransErr = 110.65 mm [FAILS]
      Candidate choice=4 inlier=36 | RotErr = 3.0780 rad (176.3545 deg) | TransErr = 88.64 mm [FAILS]
      Candidate choice=5 inlier=36 | RotErr = 2.5874 rad (148.2476 deg) | TransErr = 202.81 mm [FAILS]
    Alternative Pair with Shard 7 (NOT ACTIVE IN TREE):
      Candidate choice=1 inlier=26 | RotErr = 0.4956 rad (28.3932 deg) | TransErr = 138.65 mm [FAILS]
      Candidate choice=2 inlier=38 | RotErr = 1.9780 rad (113.3287 deg) | TransErr = 84.98 mm [FAILS]
    Alternative Pair with Shard 18 (NOT ACTIVE IN TREE):
      Candidate choice=1 inlier=14 | RotErr = 0.5695 rad (32.6280 deg) | TransErr = 84.76 mm [FAILS]
    Alternative Pair with Shard 20 (NOT ACTIVE IN TREE):
      Candidate choice=1 inlier=44 | RotErr = 2.0655 rad (118.3440 deg) | TransErr = 88.27 mm [FAILS]
      Candidate choice=2 inlier=36 | RotErr = 2.7059 rad (155.0348 deg) | TransErr = 25.74 mm [FAILS]
    Alternative Pair with Shard 22 (NOT ACTIVE IN TREE):
      [No match candidates found]
    Alternative Pair with Shard 10 (NOT ACTIVE IN TREE):
      Candidate choice=1 inlier=34 | RotErr = 3.1247 rad (179.0322 deg) | TransErr = 90.17 mm [FAILS]
      Candidate choice=2 inlier=40 | RotErr = 2.8692 rad (164.3920 deg) | TransErr = 39.90 mm [FAILS]
      Candidate choice=3 inlier=26 | RotErr = 1.1326 rad (64.8907 deg) | TransErr = 193.38 mm [FAILS]
      Candidate choice=4 inlier=32 | RotErr = 1.5393 rad (88.1972 deg) | TransErr = 73.62 mm [FAILS]
      Candidate choice=5 inlier=53 | RotErr = 0.9084 rad (52.0460 deg) | TransErr = 66.56 mm [FAILS]
      Candidate choice=6 inlier=32 | RotErr = 0.5938 rad (34.0199 deg) | TransErr = 92.87 mm [FAILS]
    Alternative Pair with Shard 11 (NOT ACTIVE IN TREE):
      [No match candidates found]
    Alternative Pair with Shard 15 (NOT ACTIVE IN TREE):
      Candidate choice=1 inlier=22 | RotErr = 1.2148 rad (69.6046 deg) | TransErr = 194.32 mm [FAILS]
    Alternative Pair with Shard 3 (ACTIVE IN TREE) [SKIPPED]
    Alternative Pair with Shard 5 (NOT ACTIVE IN TREE):
      Candidate choice=1 inlier=0 | RotErr = 2.7520 rad (157.6802 deg) | TransErr = 63.72 mm [FAILS]
      Candidate choice=2 inlier=40 | RotErr = 2.1610 rad (123.8146 deg) | TransErr = 49.33 mm [FAILS]
      Candidate choice=3 inlier=44 | RotErr = 1.2876 rad (73.7727 deg) | TransErr = 20.71 mm [FAILS]
    Alternative Pair with Shard 8 (NOT ACTIVE IN TREE):
      Candidate choice=1 inlier=16 | RotErr = 3.0603 rad (175.3426 deg) | TransErr = 64.94 mm [FAILS]
      Candidate choice=2 inlier=28 | RotErr = 3.0833 rad (176.6622 deg) | TransErr = 50.62 mm [FAILS]
      Candidate choice=3 inlier=30 | RotErr = 2.2640 rad (129.7204 deg) | TransErr = 100.11 mm [FAILS]
      Candidate choice=4 inlier=44 | RotErr = 1.8237 rad (104.4876 deg) | TransErr = 101.18 mm [FAILS]
      Candidate choice=5 inlier=32 | RotErr = 3.0763 rad (176.2602 deg) | TransErr = 64.12 mm [FAILS]
    Alternative Pair with Shard 24 (NOT ACTIVE IN TREE):
      Candidate choice=1 inlier=28 | RotErr = 1.5997 rad (91.6548 deg) | TransErr = 105.49 mm [FAILS]
      Candidate choice=2 inlier=16 | RotErr = 2.3631 rad (135.3949 deg) | TransErr = 166.13 mm [FAILS]
      Candidate choice=3 inlier=30 | RotErr = 1.6116 rad (92.3395 deg) | TransErr = 202.46 mm [FAILS]
      Candidate choice=4 inlier=10 | RotErr = 2.5378 rad (145.4080 deg) | TransErr = 144.72 mm [FAILS]
      Candidate choice=5 inlier=16 | RotErr = 1.9976 rad (114.4521 deg) | TransErr = 187.75 mm [FAILS]
    Alternative Pair with Shard 25 (NOT ACTIVE IN TREE):
      [No match candidates found]
    Alternative Pair with Shard 26 (NOT ACTIVE IN TREE):
      [No match candidates found]
    Alternative Pair with Shard 4 (NOT ACTIVE IN TREE):
      Candidate choice=1 inlier=40 | RotErr = 0.3099 rad (17.7558 deg) | TransErr = 120.58 mm [FAILS]
    Alternative Pair with Shard 17 (NOT ACTIVE IN TREE):
      Candidate choice=1 inlier=22 | RotErr = 2.7531 rad (157.7392 deg) | TransErr = 93.39 mm [FAILS]
      Candidate choice=2 inlier=30 | RotErr = 1.9778 rad (113.3210 deg) | TransErr = 173.57 mm [FAILS]
      Candidate choice=3 inlier=24 | RotErr = 2.8467 rad (163.1059 deg) | TransErr = 166.20 mm [FAILS]
      Candidate choice=4 inlier=26 | RotErr = 2.8417 rad (162.8198 deg) | TransErr = 68.46 mm [FAILS]
    Alternative Pair with Shard 14 (NOT ACTIVE IN TREE):
      Candidate choice=1 inlier=22 | RotErr = 1.4774 rad (84.6485 deg) | TransErr = 37.18 mm [FAILS]
      Candidate choice=2 inlier=71 | RotErr = 2.1047 rad (120.5923 deg) | TransErr = 24.85 mm [FAILS]
    Alternative Pair with Shard 16 (NOT ACTIVE IN TREE):
      Candidate choice=1 inlier=56 | RotErr = 2.9989 rad (171.8241 deg) | TransErr = 147.88 mm [FAILS]
      Candidate choice=2 inlier=24 | RotErr = 3.0336 rad (173.8101 deg) | TransErr = 254.64 mm [FAILS]
    Alternative Pair with Shard 28 (NOT ACTIVE IN TREE):
      [No match candidates found]
    Alternative Pair with Shard 29 (NOT ACTIVE IN TREE):
      [No match candidates found]
    Alternative Pair with Shard 23 (NOT ACTIVE IN TREE):
      Candidate choice=1 inlier=45 | RotErr = 2.9663 rad (169.9552 deg) | TransErr = 92.43 mm [FAILS]
      Candidate choice=2 inlier=40 | RotErr = 1.7180 rad (98.4363 deg) | TransErr = 75.59 mm [FAILS]
    Alternative Pair with Shard 21 (NOT ACTIVE IN TREE):
      Candidate choice=1 inlier=26 | RotErr = 2.5259 rad (144.7262 deg) | TransErr = 73.60 mm [FAILS]
      Candidate choice=2 inlier=16 | RotErr = 1.1692 rad (66.9898 deg) | TransErr = 177.99 mm [FAILS]
      Candidate choice=3 inlier=22 | RotErr = 1.2471 rad (71.4526 deg) | TransErr = 193.82 mm [FAILS]
  Shard 28 (placed by parent 3):
    Alternative Pair with Shard 1 (NOT ACTIVE IN TREE):
      [No match candidates found]
    Alternative Pair with Shard 2 (NOT ACTIVE IN TREE):
      [No match candidates found]
    Alternative Pair with Shard 6 (NOT ACTIVE IN TREE):
      [No match candidates found]
    Alternative Pair with Shard 9 (NOT ACTIVE IN TREE):
      Candidate choice=1 inlier=26 | RotErr = 2.9074 rad (166.5815 deg) | TransErr = 43.24 mm [FAILS]
    Alternative Pair with Shard 12 (NOT ACTIVE IN TREE):
      [No match candidates found]
    Alternative Pair with Shard 13 (NOT ACTIVE IN TREE):
      [No match candidates found]
    Alternative Pair with Shard 7 (NOT ACTIVE IN TREE):
      [No match candidates found]
    Alternative Pair with Shard 18 (NOT ACTIVE IN TREE):
      [No match candidates found]
    Alternative Pair with Shard 20 (NOT ACTIVE IN TREE):
      [No match candidates found]
    Alternative Pair with Shard 22 (NOT ACTIVE IN TREE):
      [No match candidates found]
    Alternative Pair with Shard 10 (NOT ACTIVE IN TREE):
      [No match candidates found]
    Alternative Pair with Shard 11 (NOT ACTIVE IN TREE):
      [No match candidates found]
    Alternative Pair with Shard 15 (NOT ACTIVE IN TREE):
      [No match candidates found]
    Alternative Pair with Shard 3 (ACTIVE IN TREE) [SKIPPED]
    Alternative Pair with Shard 5 (NOT ACTIVE IN TREE):
      [No match candidates found]
    Alternative Pair with Shard 8 (NOT ACTIVE IN TREE):
      [No match candidates found]
    Alternative Pair with Shard 24 (NOT ACTIVE IN TREE):
      [No match candidates found]
    Alternative Pair with Shard 25 (NOT ACTIVE IN TREE):
      [No match candidates found]
    Alternative Pair with Shard 26 (NOT ACTIVE IN TREE):
      [No match candidates found]
    Alternative Pair with Shard 4 (NOT ACTIVE IN TREE):
      [No match candidates found]
    Alternative Pair with Shard 17 (NOT ACTIVE IN TREE):
      [No match candidates found]
    Alternative Pair with Shard 14 (NOT ACTIVE IN TREE):
      Candidate choice=1 inlier=28 | RotErr = 1.1060 rad (63.3677 deg) | TransErr = 9.55 mm [FAILS]
      Candidate choice=2 inlier=6 | RotErr = 2.8895 rad (165.5579 deg) | TransErr = 20.18 mm [FAILS]
    Alternative Pair with Shard 16 (NOT ACTIVE IN TREE):
      [No match candidates found]
    Alternative Pair with Shard 19 (NOT ACTIVE IN TREE):
      [No match candidates found]
    Alternative Pair with Shard 29 (NOT ACTIVE IN TREE):
      Candidate choice=1 inlier=28 | RotErr = 3.0738 rad (176.1166 deg) | TransErr = 23.68 mm [FAILS]
      Candidate choice=2 inlier=28 | RotErr = 1.3637 rad (78.1340 deg) | TransErr = 43.75 mm [FAILS]
    Alternative Pair with Shard 23 (NOT ACTIVE IN TREE):
      [No match candidates found]
    Alternative Pair with Shard 21 (NOT ACTIVE IN TREE):
      Candidate choice=1 inlier=30 | RotErr = 2.8179 rad (161.4548 deg) | TransErr = 34.37 mm [FAILS]
  Shard 29 (placed by parent 3):
    Alternative Pair with Shard 1 (NOT ACTIVE IN TREE):
      [No match candidates found]
    Alternative Pair with Shard 2 (NOT ACTIVE IN TREE):
      [No match candidates found]
    Alternative Pair with Shard 6 (NOT ACTIVE IN TREE):
      [No match candidates found]
    Alternative Pair with Shard 9 (NOT ACTIVE IN TREE):
      Candidate choice=1 inlier=38 | RotErr = 3.0659 rad (175.6605 deg) | TransErr = 21.20 mm [FAILS]
      Candidate choice=2 inlier=26 | RotErr = 3.0677 rad (175.7654 deg) | TransErr = 26.41 mm [FAILS]
    Alternative Pair with Shard 12 (NOT ACTIVE IN TREE):
      Candidate choice=1 inlier=16 | RotErr = 3.1206 rad (178.7953 deg) | TransErr = 1.65 mm [FAILS]
      Candidate choice=2 inlier=36 | RotErr = 1.1104 rad (63.6231 deg) | TransErr = 18.28 mm [FAILS]
      Candidate choice=3 inlier=30 | RotErr = 1.0103 rad (57.8888 deg) | TransErr = 63.56 mm [FAILS]
    Alternative Pair with Shard 13 (NOT ACTIVE IN TREE):
      [No match candidates found]
    Alternative Pair with Shard 7 (NOT ACTIVE IN TREE):
      [No match candidates found]
    Alternative Pair with Shard 18 (NOT ACTIVE IN TREE):
      [No match candidates found]
    Alternative Pair with Shard 20 (NOT ACTIVE IN TREE):
      [No match candidates found]
    Alternative Pair with Shard 22 (NOT ACTIVE IN TREE):
      [No match candidates found]
    Alternative Pair with Shard 10 (NOT ACTIVE IN TREE):
      [No match candidates found]
    Alternative Pair with Shard 11 (NOT ACTIVE IN TREE):
      Candidate choice=1 inlier=34 | RotErr = 3.1069 rad (178.0103 deg) | TransErr = 31.05 mm [FAILS]
      Candidate choice=2 inlier=60 | RotErr = 2.9849 rad (171.0243 deg) | TransErr = 37.81 mm [FAILS]
    Alternative Pair with Shard 15 (NOT ACTIVE IN TREE):
      Candidate choice=1 inlier=36 | RotErr = 2.9899 rad (171.3074 deg) | TransErr = 26.05 mm [FAILS]
    Alternative Pair with Shard 3 (ACTIVE IN TREE) [SKIPPED]
    Alternative Pair with Shard 5 (NOT ACTIVE IN TREE):
      [No match candidates found]
    Alternative Pair with Shard 8 (NOT ACTIVE IN TREE):
      [No match candidates found]
    Alternative Pair with Shard 24 (NOT ACTIVE IN TREE):
      [No match candidates found]
    Alternative Pair with Shard 25 (NOT ACTIVE IN TREE):
      [No match candidates found]
    Alternative Pair with Shard 26 (NOT ACTIVE IN TREE):
      [No match candidates found]
    Alternative Pair with Shard 4 (NOT ACTIVE IN TREE):
      Candidate choice=1 inlier=43 | RotErr = 2.5909 rad (148.4496 deg) | TransErr = 42.91 mm [FAILS]
      Candidate choice=2 inlier=49 | RotErr = 2.3436 rad (134.2779 deg) | TransErr = 44.29 mm [FAILS]
    Alternative Pair with Shard 17 (NOT ACTIVE IN TREE):
      [No match candidates found]
    Alternative Pair with Shard 14 (NOT ACTIVE IN TREE):
      Candidate choice=1 inlier=16 | RotErr = 0.7809 rad (44.7419 deg) | TransErr = 22.43 mm [FAILS]
      Candidate choice=2 inlier=22 | RotErr = 0.7065 rad (40.4819 deg) | TransErr = 40.79 mm [FAILS]
    Alternative Pair with Shard 16 (NOT ACTIVE IN TREE):
      [No match candidates found]
    Alternative Pair with Shard 19 (NOT ACTIVE IN TREE):
      [No match candidates found]
    Alternative Pair with Shard 28 (NOT ACTIVE IN TREE):
      Candidate choice=1 inlier=28 | RotErr = 3.0738 rad (176.1166 deg) | TransErr = 23.68 mm [FAILS]
      Candidate choice=2 inlier=28 | RotErr = 1.3637 rad (78.1340 deg) | TransErr = 43.75 mm [FAILS]
    Alternative Pair with Shard 23 (NOT ACTIVE IN TREE):
      [No match candidates found]
    Alternative Pair with Shard 21 (NOT ACTIVE IN TREE):
      Candidate choice=1 inlier=48 | RotErr = 2.5703 rad (147.2670 deg) | TransErr = 56.31 mm [FAILS]
  Shard 23 (placed by parent 5):
    Alternative Pair with Shard 1 (NOT ACTIVE IN TREE):
      Candidate choice=1 inlier=49 | RotErr = 1.4876 rad (85.2324 deg) | TransErr = 4.76 mm [FAILS]
      Candidate choice=2 inlier=38 | RotErr = 1.4135 rad (80.9863 deg) | TransErr = 21.96 mm [FAILS]
      Candidate choice=3 inlier=55 | RotErr = 2.7824 rad (159.4172 deg) | TransErr = 14.33 mm [FAILS]
    Alternative Pair with Shard 2 (NOT ACTIVE IN TREE):
      Candidate choice=1 inlier=30 | RotErr = 2.5555 rad (146.4199 deg) | TransErr = 23.69 mm [FAILS]
      Candidate choice=2 inlier=45 | RotErr = 2.6010 rad (149.0269 deg) | TransErr = 10.09 mm [FAILS]
      Candidate choice=3 inlier=40 | RotErr = 1.5942 rad (91.3437 deg) | TransErr = 9.81 mm [FAILS]
      Candidate choice=4 inlier=38 | RotErr = 1.7105 rad (98.0057 deg) | TransErr = 43.93 mm [FAILS]
    Alternative Pair with Shard 6 (NOT ACTIVE IN TREE):
      Candidate choice=1 inlier=45 | RotErr = 0.0678 rad (3.8835 deg) | TransErr = 11.43 mm [FAILS]
      Candidate choice=2 inlier=30 | RotErr = 3.1413 rad (179.9827 deg) | TransErr = 74.94 mm [FAILS]
      Candidate choice=3 inlier=22 | RotErr = 2.8467 rad (163.1034 deg) | TransErr = 80.79 mm [FAILS]
    Alternative Pair with Shard 9 (NOT ACTIVE IN TREE):
      Candidate choice=1 inlier=45 | RotErr = 2.7786 rad (159.2015 deg) | TransErr = 65.81 mm [FAILS]
    Alternative Pair with Shard 12 (NOT ACTIVE IN TREE):
      [No match candidates found]
    Alternative Pair with Shard 13 (NOT ACTIVE IN TREE):
      Candidate choice=1 inlier=42 | RotErr = 3.1291 rad (179.2821 deg) | TransErr = 107.11 mm [FAILS]
      Candidate choice=2 inlier=40 | RotErr = 2.9437 rad (168.6627 deg) | TransErr = 129.06 mm [FAILS]
    Alternative Pair with Shard 7 (NOT ACTIVE IN TREE):
      Candidate choice=1 inlier=24 | RotErr = 2.4670 rad (141.3487 deg) | TransErr = 15.52 mm [FAILS]
    Alternative Pair with Shard 18 (NOT ACTIVE IN TREE):
      Candidate choice=1 inlier=47 | RotErr = 1.5996 rad (91.6528 deg) | TransErr = 25.39 mm [FAILS]
      Candidate choice=2 inlier=81 | RotErr = 1.1460 rad (65.6634 deg) | TransErr = 12.87 mm [FAILS]
      Candidate choice=3 inlier=52 | RotErr = 1.2511 rad (71.6832 deg) | TransErr = 6.63 mm [FAILS]
    Alternative Pair with Shard 20 (NOT ACTIVE IN TREE):
      [No match candidates found]
    Alternative Pair with Shard 22 (NOT ACTIVE IN TREE):
      [No match candidates found]
    Alternative Pair with Shard 10 (NOT ACTIVE IN TREE):
      Candidate choice=1 inlier=30 | RotErr = 0.1600 rad (9.1677 deg) | TransErr = 4.10 mm [PASSES] -> Reward: +20.00
    Alternative Pair with Shard 11 (NOT ACTIVE IN TREE):
      Candidate choice=1 inlier=30 | RotErr = 2.9647 rad (169.8649 deg) | TransErr = 58.97 mm [FAILS]
    Alternative Pair with Shard 15 (NOT ACTIVE IN TREE):
      Candidate choice=1 inlier=26 | RotErr = 3.1079 rad (178.0721 deg) | TransErr = 58.05 mm [FAILS]
      Candidate choice=2 inlier=38 | RotErr = 2.8521 rad (163.4138 deg) | TransErr = 67.06 mm [FAILS]
    Alternative Pair with Shard 3 (NOT ACTIVE IN TREE):
      [No match candidates found]
    Alternative Pair with Shard 5 (ACTIVE IN TREE) [SKIPPED]
    Alternative Pair with Shard 8 (NOT ACTIVE IN TREE):
      Candidate choice=1 inlier=47 | RotErr = 3.0273 rad (173.4494 deg) | TransErr = 107.10 mm [FAILS]
    Alternative Pair with Shard 24 (NOT ACTIVE IN TREE):
      Candidate choice=1 inlier=30 | RotErr = 3.0960 rad (177.3852 deg) | TransErr = 57.80 mm [FAILS]
    Alternative Pair with Shard 25 (NOT ACTIVE IN TREE):
      Candidate choice=1 inlier=22 | RotErr = 3.0335 rad (173.8094 deg) | TransErr = 69.53 mm [FAILS]
      Candidate choice=2 inlier=36 | RotErr = 2.9387 rad (168.3772 deg) | TransErr = 86.59 mm [FAILS]
    Alternative Pair with Shard 26 (NOT ACTIVE IN TREE):
      Candidate choice=1 inlier=14 | RotErr = 2.6730 rad (153.1530 deg) | TransErr = 41.84 mm [FAILS]
      Candidate choice=2 inlier=36 | RotErr = 2.6007 rad (149.0098 deg) | TransErr = 3.40 mm [FAILS]
    Alternative Pair with Shard 4 (NOT ACTIVE IN TREE):
      [No match candidates found]
    Alternative Pair with Shard 17 (NOT ACTIVE IN TREE):
      Candidate choice=1 inlier=22 | RotErr = 2.7830 rad (159.4541 deg) | TransErr = 72.77 mm [FAILS]
      Candidate choice=2 inlier=14 | RotErr = 2.9232 rad (167.4864 deg) | TransErr = 61.07 mm [FAILS]
    Alternative Pair with Shard 14 (NOT ACTIVE IN TREE):
      [No match candidates found]
    Alternative Pair with Shard 16 (NOT ACTIVE IN TREE):
      Candidate choice=1 inlier=30 | RotErr = 0.4437 rad (25.4206 deg) | TransErr = 52.67 mm [FAILS]
    Alternative Pair with Shard 19 (NOT ACTIVE IN TREE):
      Candidate choice=1 inlier=45 | RotErr = 2.9663 rad (169.9552 deg) | TransErr = 92.43 mm [FAILS]
      Candidate choice=2 inlier=40 | RotErr = 1.7180 rad (98.4363 deg) | TransErr = 75.59 mm [FAILS]
    Alternative Pair with Shard 28 (NOT ACTIVE IN TREE):
      [No match candidates found]
    Alternative Pair with Shard 29 (NOT ACTIVE IN TREE):
      [No match candidates found]
    Alternative Pair with Shard 21 (NOT ACTIVE IN TREE):
      [No match candidates found]
  Shard 21 (placed by parent 4):
    Alternative Pair with Shard 1 (NOT ACTIVE IN TREE):
      Candidate choice=1 inlier=30 | RotErr = 2.1113 rad (120.9690 deg) | TransErr = 58.09 mm [FAILS]
      Candidate choice=2 inlier=16 | RotErr = 2.2344 rad (128.0215 deg) | TransErr = 71.24 mm [FAILS]
      Candidate choice=3 inlier=24 | RotErr = 2.0531 rad (117.6364 deg) | TransErr = 79.12 mm [FAILS]
      Candidate choice=4 inlier=30 | RotErr = 2.0937 rad (119.9629 deg) | TransErr = 167.80 mm [FAILS]
    Alternative Pair with Shard 2 (NOT ACTIVE IN TREE):
      Candidate choice=1 inlier=30 | RotErr = 2.2280 rad (127.6529 deg) | TransErr = 86.52 mm [FAILS]
      Candidate choice=2 inlier=28 | RotErr = 2.1114 rad (120.9746 deg) | TransErr = 87.39 mm [FAILS]
      Candidate choice=3 inlier=24 | RotErr = 1.2040 rad (68.9848 deg) | TransErr = 154.70 mm [FAILS]
    Alternative Pair with Shard 6 (NOT ACTIVE IN TREE):
      Candidate choice=1 inlier=6 | RotErr = 2.5737 rad (147.4607 deg) | TransErr = 60.96 mm [FAILS]
    Alternative Pair with Shard 9 (NOT ACTIVE IN TREE):
      Candidate choice=1 inlier=62 | RotErr = 1.3684 rad (78.4046 deg) | TransErr = 39.81 mm [FAILS]
      Candidate choice=2 inlier=55 | RotErr = 2.9873 rad (171.1581 deg) | TransErr = 21.95 mm [FAILS]
      Candidate choice=3 inlier=20 | RotErr = 0.7736 rad (44.3266 deg) | TransErr = 29.19 mm [FAILS]
      Candidate choice=4 inlier=32 | RotErr = 2.7794 rad (159.2487 deg) | TransErr = 67.31 mm [FAILS]
      Candidate choice=5 inlier=36 | RotErr = 1.9345 rad (110.8382 deg) | TransErr = 94.66 mm [FAILS]
      Candidate choice=6 inlier=57 | RotErr = 2.7611 rad (158.1972 deg) | TransErr = 36.55 mm [FAILS]
      Candidate choice=7 inlier=30 | RotErr = 2.5132 rad (143.9950 deg) | TransErr = 36.30 mm [FAILS]
    Alternative Pair with Shard 12 (NOT ACTIVE IN TREE):
      Candidate choice=1 inlier=20 | RotErr = 2.8561 rad (163.6415 deg) | TransErr = 44.14 mm [FAILS]
    Alternative Pair with Shard 13 (NOT ACTIVE IN TREE):
      Candidate choice=1 inlier=42 | RotErr = 1.8324 rad (104.9882 deg) | TransErr = 62.80 mm [FAILS]
      Candidate choice=2 inlier=40 | RotErr = 2.5966 rad (148.7752 deg) | TransErr = 55.82 mm [FAILS]
    Alternative Pair with Shard 7 (NOT ACTIVE IN TREE):
      Candidate choice=1 inlier=59 | RotErr = 1.9500 rad (111.7276 deg) | TransErr = 35.24 mm [FAILS]
      Candidate choice=2 inlier=26 | RotErr = 1.6966 rad (97.2059 deg) | TransErr = 81.60 mm [FAILS]
    Alternative Pair with Shard 18 (NOT ACTIVE IN TREE):
      [No match candidates found]
    Alternative Pair with Shard 20 (NOT ACTIVE IN TREE):
      Candidate choice=1 inlier=28 | RotErr = 2.0077 rad (115.0330 deg) | TransErr = 103.24 mm [FAILS]
    Alternative Pair with Shard 22 (NOT ACTIVE IN TREE):
      [No match candidates found]
    Alternative Pair with Shard 10 (NOT ACTIVE IN TREE):
      Candidate choice=1 inlier=34 | RotErr = 2.8137 rad (161.2107 deg) | TransErr = 82.47 mm [FAILS]
    Alternative Pair with Shard 11 (NOT ACTIVE IN TREE):
      Candidate choice=1 inlier=36 | RotErr = 2.0322 rad (116.4347 deg) | TransErr = 31.53 mm [FAILS]
      Candidate choice=2 inlier=20 | RotErr = 2.7943 rad (160.1041 deg) | TransErr = 51.46 mm [FAILS]
      Candidate choice=3 inlier=34 | RotErr = 2.6873 rad (153.9693 deg) | TransErr = 22.81 mm [FAILS]
      Candidate choice=4 inlier=32 | RotErr = 1.8889 rad (108.2246 deg) | TransErr = 29.73 mm [FAILS]
      Candidate choice=5 inlier=65 | RotErr = 1.2556 rad (71.9411 deg) | TransErr = 20.24 mm [FAILS]
    Alternative Pair with Shard 15 (NOT ACTIVE IN TREE):
      Candidate choice=1 inlier=28 | RotErr = 1.9815 rad (113.5335 deg) | TransErr = 56.84 mm [FAILS]
      Candidate choice=2 inlier=40 | RotErr = 1.7505 rad (100.2950 deg) | TransErr = 95.36 mm [FAILS]
      Candidate choice=3 inlier=54 | RotErr = 1.8837 rad (107.9267 deg) | TransErr = 107.38 mm [FAILS]
    Alternative Pair with Shard 3 (NOT ACTIVE IN TREE):
      Candidate choice=1 inlier=26 | RotErr = 1.3925 rad (79.7851 deg) | TransErr = 131.70 mm [FAILS]
      Candidate choice=2 inlier=6 | RotErr = 1.7949 rad (102.8412 deg) | TransErr = 142.61 mm [FAILS]
    Alternative Pair with Shard 5 (NOT ACTIVE IN TREE):
      Candidate choice=1 inlier=26 | RotErr = 3.1046 rad (177.8800 deg) | TransErr = 167.37 mm [FAILS]
      Candidate choice=2 inlier=16 | RotErr = 2.1141 rad (121.1313 deg) | TransErr = 135.39 mm [FAILS]
      Candidate choice=3 inlier=30 | RotErr = 3.0534 rad (174.9498 deg) | TransErr = 56.70 mm [FAILS]
      Candidate choice=4 inlier=42 | RotErr = 2.3424 rad (134.2072 deg) | TransErr = 77.36 mm [FAILS]
    Alternative Pair with Shard 8 (NOT ACTIVE IN TREE):
      Candidate choice=1 inlier=0 | RotErr = 2.7533 rad (157.7502 deg) | TransErr = 177.96 mm [FAILS]
      Candidate choice=2 inlier=32 | RotErr = 2.1478 rad (123.0593 deg) | TransErr = 59.89 mm [FAILS]
      Candidate choice=3 inlier=32 | RotErr = 1.7798 rad (101.9722 deg) | TransErr = 36.63 mm [FAILS]
    Alternative Pair with Shard 24 (NOT ACTIVE IN TREE):
      Candidate choice=1 inlier=32 | RotErr = 2.9049 rad (166.4412 deg) | TransErr = 73.74 mm [FAILS]
      Candidate choice=2 inlier=34 | RotErr = 3.0172 rad (172.8701 deg) | TransErr = 86.90 mm [FAILS]
      Candidate choice=3 inlier=24 | RotErr = 1.7968 rad (102.9500 deg) | TransErr = 91.73 mm [FAILS]
    Alternative Pair with Shard 25 (NOT ACTIVE IN TREE):
      [No match candidates found]
    Alternative Pair with Shard 26 (NOT ACTIVE IN TREE):
      Candidate choice=1 inlier=50 | RotErr = 2.2234 rad (127.3934 deg) | TransErr = 82.70 mm [FAILS]
    Alternative Pair with Shard 4 (ACTIVE IN TREE) [SKIPPED]
    Alternative Pair with Shard 17 (NOT ACTIVE IN TREE):
      Candidate choice=1 inlier=20 | RotErr = 2.6020 rad (149.0841 deg) | TransErr = 51.30 mm [FAILS]
      Candidate choice=2 inlier=22 | RotErr = 2.2214 rad (127.2743 deg) | TransErr = 55.22 mm [FAILS]
      Candidate choice=3 inlier=30 | RotErr = 1.2851 rad (73.6289 deg) | TransErr = 39.46 mm [FAILS]
      Candidate choice=4 inlier=32 | RotErr = 2.8285 rad (162.0589 deg) | TransErr = 84.14 mm [FAILS]
    Alternative Pair with Shard 14 (NOT ACTIVE IN TREE):
      Candidate choice=1 inlier=8 | RotErr = 2.6112 rad (149.6093 deg) | TransErr = 44.86 mm [FAILS]
    Alternative Pair with Shard 16 (NOT ACTIVE IN TREE):
      Candidate choice=1 inlier=20 | RotErr = 3.0181 rad (172.9258 deg) | TransErr = 62.77 mm [FAILS]
      Candidate choice=2 inlier=30 | RotErr = 2.3347 rad (133.7689 deg) | TransErr = 118.92 mm [FAILS]
      Candidate choice=3 inlier=32 | RotErr = 2.0443 rad (117.1290 deg) | TransErr = 181.14 mm [FAILS]
    Alternative Pair with Shard 19 (NOT ACTIVE IN TREE):
      Candidate choice=1 inlier=26 | RotErr = 2.5259 rad (144.7262 deg) | TransErr = 73.60 mm [FAILS]
      Candidate choice=2 inlier=16 | RotErr = 1.1692 rad (66.9898 deg) | TransErr = 177.99 mm [FAILS]
      Candidate choice=3 inlier=22 | RotErr = 1.2471 rad (71.4526 deg) | TransErr = 193.82 mm [FAILS]
    Alternative Pair with Shard 28 (NOT ACTIVE IN TREE):
      Candidate choice=1 inlier=30 | RotErr = 2.8179 rad (161.4548 deg) | TransErr = 34.37 mm [FAILS]
    Alternative Pair with Shard 29 (NOT ACTIVE IN TREE):
      Candidate choice=1 inlier=48 | RotErr = 2.5703 rad (147.2670 deg) | TransErr = 56.31 mm [FAILS]
    Alternative Pair with Shard 23 (NOT ACTIVE IN TREE):
      [No match candidates found]
  Total Logged Consensus Reward: 240.00
=========================================================
[GA Iter 1] Best fitness: 2133.66 (improvement: 1000002133.66)
GA converged after 2 iteration(s).
[CountResult DEBUG] Thresholds: rad=0.35, trans=50.00
[CountResult DEBUG] Edge 1-2 GT=1.00 Pred=1.00 rad_err=0.02 trans_err=9.61 => PASS
[CountResult DEBUG] Edge 1-3 GT=1.00 Pred=0.00 rad_err=0.01 trans_err=7.16 => PASS
[CountResult DEBUG] Edge 1-5 GT=1.00 Pred=0.00 rad_err=0.01 trans_err=4.09 => PASS
[CountResult DEBUG] Edge 1-6 GT=1.00 Pred=1.00 rad_err=0.01 trans_err=4.18 => PASS
[CountResult DEBUG] Edge 1-9 GT=1.00 Pred=1.00 rad_err=0.06 trans_err=20.47 => PASS
[CountResult DEBUG] Edge 1-12 GT=1.00 Pred=1.00 rad_err=0.02 trans_err=10.78 => PASS
[CountResult DEBUG] Edge 1-20 GT=1.00 Pred=0.00 rad_err=0.01 trans_err=5.95 => PASS
[CountResult DEBUG] Edge 2-3 GT=1.00 Pred=0.00 rad_err=0.02 trans_err=10.36 => PASS
[CountResult DEBUG] Edge 2-7 GT=1.00 Pred=1.00 rad_err=0.04 trans_err=14.43 => PASS
[CountResult DEBUG] Edge 2-10 GT=1.00 Pred=0.00 rad_err=1.18 trans_err=54.65 => FAIL
[CountResult DEBUG] Edge 2-13 GT=1.00 Pred=0.00 rad_err=3.00 trans_err=696.56 => FAIL
[CountResult DEBUG] Edge 2-19 GT=1.00 Pred=0.00 rad_err=0.01 trans_err=0.99 => PASS
[CountResult DEBUG] Edge 2-20 GT=1.00 Pred=1.00 rad_err=0.01 trans_err=5.39 => PASS
[CountResult DEBUG] Edge 3-12 GT=1.00 Pred=1.00 rad_err=0.02 trans_err=12.07 => PASS
[CountResult DEBUG] Edge 3-14 GT=1.00 Pred=1.00 rad_err=0.02 trans_err=5.57 => PASS
[CountResult DEBUG] Edge 3-16 GT=1.00 Pred=1.00 rad_err=0.03 trans_err=3.33 => PASS
[CountResult DEBUG] Edge 3-19 GT=1.00 Pred=1.00 rad_err=0.02 trans_err=9.38 => PASS
[CountResult DEBUG] Edge 3-26 GT=1.00 Pred=0.00 rad_err=2.54 trans_err=881.99 => FAIL
[CountResult DEBUG] Edge 3-28 GT=1.00 Pred=1.00 rad_err=3.11 trans_err=759.56 => FAIL
[CountResult DEBUG] Edge 4-6 GT=1.00 Pred=0.00 rad_err=1.29 trans_err=524.64 => FAIL
[CountResult DEBUG] Edge 4-8 GT=1.00 Pred=0.00 rad_err=3.02 trans_err=128.32 => FAIL
[CountResult DEBUG] Edge 4-9 GT=1.00 Pred=0.00 rad_err=1.29 trans_err=532.52 => FAIL
[CountResult DEBUG] Edge 4-11 GT=1.00 Pred=0.00 rad_err=2.87 trans_err=910.26 => FAIL
[CountResult DEBUG] Edge 5-6 GT=1.00 Pred=0.00 rad_err=0.02 trans_err=1.07 => PASS
[CountResult DEBUG] Edge 5-12 GT=1.00 Pred=1.00 rad_err=0.02 trans_err=5.71 => PASS
[CountResult DEBUG] Edge 5-14 GT=1.00 Pred=0.00 rad_err=0.04 trans_err=15.57 => PASS
[CountResult DEBUG] Edge 5-16 GT=1.00 Pred=0.00 rad_err=0.04 trans_err=15.64 => PASS
[CountResult DEBUG] Edge 5-23 GT=1.00 Pred=1.00 rad_err=0.08 trans_err=31.29 => PASS
[CountResult DEBUG] Edge 6-8 GT=1.00 Pred=0.00 rad_err=2.94 trans_err=502.47 => FAIL
[CountResult DEBUG] Edge 6-9 GT=1.00 Pred=0.00 rad_err=0.06 trans_err=6.92 => PASS
[CountResult DEBUG] Edge 6-23 GT=1.00 Pred=0.00 rad_err=0.08 trans_err=7.12 => PASS
[CountResult DEBUG] Edge 7-10 GT=1.00 Pred=0.00 rad_err=1.18 trans_err=360.34 => FAIL
[CountResult DEBUG] Edge 7-15 GT=1.00 Pred=0.00 rad_err=0.13 trans_err=38.91 => PASS
[CountResult DEBUG] Edge 7-17 GT=1.00 Pred=0.00 rad_err=2.35 trans_err=652.69 => FAIL
[CountResult DEBUG] Edge 7-21 GT=1.00 Pred=0.00 rad_err=1.71 trans_err=603.03 => FAIL
[CountResult DEBUG] Edge 7-29 GT=1.00 Pred=0.00 rad_err=1.45 trans_err=477.73 => FAIL
[CountResult DEBUG] Edge 8-10 GT=1.00 Pred=0.00 rad_err=2.99 trans_err=549.95 => FAIL
[CountResult DEBUG] Edge 8-11 GT=1.00 Pred=0.00 rad_err=3.11 trans_err=656.80 => FAIL
[CountResult DEBUG] Edge 8-13 GT=1.00 Pred=1.00 rad_err=0.07 trans_err=26.03 => PASS
[CountResult DEBUG] Edge 8-18 GT=1.00 Pred=0.00 rad_err=3.00 trans_err=638.42 => FAIL
[CountResult DEBUG] Edge 8-23 GT=1.00 Pred=0.00 rad_err=2.88 trans_err=445.07 => FAIL
[CountResult DEBUG] Edge 9-11 GT=1.00 Pred=1.00 rad_err=2.19 trans_err=491.02 => FAIL
[CountResult DEBUG] Edge 9-15 GT=1.00 Pred=1.00 rad_err=0.04 trans_err=15.41 => PASS
[CountResult DEBUG] Edge 9-24 GT=1.00 Pred=0.00 rad_err=0.44 trans_err=115.53 => FAIL
[CountResult DEBUG] Edge 10-11 GT=1.00 Pred=0.00 rad_err=1.09 trans_err=377.50 => FAIL
[CountResult DEBUG] Edge 10-13 GT=1.00 Pred=0.00 rad_err=2.92 trans_err=220.63 => FAIL
[CountResult DEBUG] Edge 10-17 GT=1.00 Pred=0.00 rad_err=1.21 trans_err=432.38 => FAIL
[CountResult DEBUG] Edge 10-18 GT=1.00 Pred=0.00 rad_err=3.07 trans_err=771.13 => FAIL
[CountResult DEBUG] Edge 11-15 GT=1.00 Pred=0.00 rad_err=2.21 trans_err=666.71 => FAIL
[CountResult DEBUG] Edge 11-17 GT=1.00 Pred=1.00 rad_err=0.31 trans_err=116.21 => FAIL
[CountResult DEBUG] Edge 11-21 GT=1.00 Pred=0.00 rad_err=1.18 trans_err=177.97 => FAIL
[CountResult DEBUG] Edge 12-14 GT=1.00 Pred=0.00 rad_err=0.04 trans_err=13.67 => PASS
[CountResult DEBUG] Edge 12-28 GT=1.00 Pred=0.00 rad_err=3.10 trans_err=912.93 => FAIL
[CountResult DEBUG] Edge 13-18 GT=1.00 Pred=0.00 rad_err=2.98 trans_err=871.41 => FAIL
[CountResult DEBUG] Edge 13-19 GT=1.00 Pred=0.00 rad_err=2.99 trans_err=526.77 => FAIL
[CountResult DEBUG] Edge 13-23 GT=1.00 Pred=0.00 rad_err=2.94 trans_err=525.30 => FAIL
[CountResult DEBUG] Edge 13-26 GT=1.00 Pred=0.00 rad_err=2.66 trans_err=844.91 => FAIL
[CountResult DEBUG] Edge 14-16 GT=1.00 Pred=0.00 rad_err=0.01 trans_err=4.16 => PASS
[CountResult DEBUG] Edge 14-28 GT=1.00 Pred=0.00 rad_err=3.09 trans_err=869.66 => FAIL
[CountResult DEBUG] Edge 15-21 GT=1.00 Pred=0.00 rad_err=1.79 trans_err=524.23 => FAIL
[CountResult DEBUG] Edge 15-25 GT=1.00 Pred=0.00 rad_err=2.72 trans_err=440.49 => FAIL
[CountResult DEBUG] Edge 16-26 GT=1.00 Pred=0.00 rad_err=2.55 trans_err=773.01 => FAIL
[CountResult DEBUG] Edge 17-21 GT=1.00 Pred=0.00 rad_err=1.26 trans_err=394.12 => FAIL
[CountResult DEBUG] Edge 20-24 GT=1.00 Pred=0.00 rad_err=0.47 trans_err=102.31 => FAIL
[CountResult DEBUG] Edge 24-25 GT=1.00 Pred=0.00 rad_err=2.84 trans_err=631.17 => FAIL
[CountResult DEBUG] Edge 25-29 GT=1.00 Pred=0.00 rad_err=2.99 trans_err=457.10 => FAIL
[CountResult DEBUG] Sherd 1 gt_edges=7 matched_edges=7 => MATCHED
[CountResult DEBUG] Sherd 2 gt_edges=7 matched_edges=5 => MATCHED
[CountResult DEBUG] Sherd 3 gt_edges=8 matched_edges=6 => MATCHED
[CountResult DEBUG] Sherd 4 gt_edges=4 matched_edges=0 => MISSED
[CountResult DEBUG] Sherd 5 gt_edges=6 matched_edges=6 => MATCHED
[CountResult DEBUG] Sherd 6 gt_edges=6 matched_edges=4 => MATCHED
[CountResult DEBUG] Sherd 7 gt_edges=6 matched_edges=2 => MATCHED
[CountResult DEBUG] Sherd 8 gt_edges=7 matched_edges=1 => MATCHED
[CountResult DEBUG] Sherd 9 gt_edges=6 matched_edges=3 => MATCHED
[CountResult DEBUG] Sherd 10 gt_edges=7 matched_edges=0 => MISSED
[CountResult DEBUG] Sherd 11 gt_edges=7 matched_edges=0 => MISSED
[CountResult DEBUG] Sherd 12 gt_edges=5 matched_edges=4 => MATCHED
[CountResult DEBUG] Sherd 13 gt_edges=7 matched_edges=1 => MATCHED
[CountResult DEBUG] Sherd 14 gt_edges=5 matched_edges=4 => MATCHED
[CountResult DEBUG] Sherd 15 gt_edges=5 matched_edges=2 => MATCHED
[CountResult DEBUG] Sherd 16 gt_edges=4 matched_edges=3 => MATCHED
[CountResult DEBUG] Sherd 17 gt_edges=4 matched_edges=0 => MISSED
[CountResult DEBUG] Sherd 18 gt_edges=3 matched_edges=0 => MISSED
[CountResult DEBUG] Sherd 19 gt_edges=3 matched_edges=2 => MATCHED
[CountResult DEBUG] Sherd 20 gt_edges=3 matched_edges=2 => MATCHED
[CountResult DEBUG] Sherd 21 gt_edges=4 matched_edges=0 => MISSED
[CountResult DEBUG] Sherd 22 gt_edges=0 matched_edges=0 => MISSED
[CountResult DEBUG] Sherd 23 gt_edges=4 matched_edges=2 => MATCHED
[CountResult DEBUG] Sherd 24 gt_edges=3 matched_edges=0 => MISSED
[CountResult DEBUG] Sherd 25 gt_edges=3 matched_edges=0 => MISSED
[CountResult DEBUG] Sherd 26 gt_edges=3 matched_edges=0 => MISSED
[CountResult DEBUG] Sherd 27 gt_edges=0 matched_edges=0 => MISSED
[CountResult DEBUG] Sherd 28 gt_edges=3 matched_edges=0 => MISSED
[CountResult DEBUG] Sherd 29 gt_edges=2 matched_edges=0 => MISSED
Sherd accuracy : 16 / 28 (57.14%)
Edge accuracy : 27 / 66 (40.91%)
########## Pre-ICP GA Results ##########
Sherd Accuracy : 16 / 28
Edge Accuracy  : 27 / 66
########################################
#################### Post-GA Global ICP Refinement ####################
#################### Fine reconstruction is converge ####################
[CountResult DEBUG] Thresholds: rad=0.35, trans=50.00
[CountResult DEBUG] Edge 1-2 GT=1.00 Pred=1.00 rad_err=0.03 trans_err=15.58 => PASS
[CountResult DEBUG] Edge 1-3 GT=1.00 Pred=1.00 rad_err=0.04 trans_err=19.77 => PASS
[CountResult DEBUG] Edge 1-5 GT=1.00 Pred=1.00 rad_err=0.03 trans_err=13.51 => PASS
[CountResult DEBUG] Edge 1-6 GT=1.00 Pred=1.00 rad_err=0.03 trans_err=14.02 => PASS
[CountResult DEBUG] Edge 1-9 GT=1.00 Pred=1.00 rad_err=0.05 trans_err=11.42 => PASS
[CountResult DEBUG] Edge 1-12 GT=1.00 Pred=1.00 rad_err=0.05 trans_err=22.06 => PASS
[CountResult DEBUG] Edge 1-20 GT=1.00 Pred=1.00 rad_err=0.02 trans_err=3.04 => PASS
[CountResult DEBUG] Edge 2-3 GT=1.00 Pred=1.00 rad_err=0.06 trans_err=34.88 => PASS
[CountResult DEBUG] Edge 2-7 GT=1.00 Pred=1.00 rad_err=0.03 trans_err=9.02 => PASS
[CountResult DEBUG] Edge 2-10 GT=1.00 Pred=0.00 rad_err=1.12 trans_err=88.84 => FAIL
[CountResult DEBUG] Edge 2-13 GT=1.00 Pred=0.00 rad_err=3.01 trans_err=693.83 => FAIL
[CountResult DEBUG] Edge 2-19 GT=1.00 Pred=1.00 rad_err=0.06 trans_err=14.75 => PASS
[CountResult DEBUG] Edge 2-20 GT=1.00 Pred=1.00 rad_err=0.04 trans_err=18.26 => PASS
[CountResult DEBUG] Edge 3-12 GT=1.00 Pred=1.00 rad_err=0.08 trans_err=9.97 => PASS
[CountResult DEBUG] Edge 3-14 GT=1.00 Pred=1.00 rad_err=0.08 trans_err=29.21 => PASS
[CountResult DEBUG] Edge 3-16 GT=1.00 Pred=1.00 rad_err=0.04 trans_err=15.36 => PASS
[CountResult DEBUG] Edge 3-19 GT=1.00 Pred=1.00 rad_err=0.07 trans_err=12.69 => PASS
[CountResult DEBUG] Edge 3-26 GT=1.00 Pred=0.00 rad_err=2.64 trans_err=901.45 => FAIL
[CountResult DEBUG] Edge 3-28 GT=1.00 Pred=1.00 rad_err=2.95 trans_err=796.60 => FAIL
[CountResult DEBUG] Edge 4-6 GT=1.00 Pred=0.00 rad_err=1.22 trans_err=506.83 => FAIL
[CountResult DEBUG] Edge 4-8 GT=1.00 Pred=0.00 rad_err=2.97 trans_err=32.58 => FAIL
[CountResult DEBUG] Edge 4-9 GT=1.00 Pred=0.00 rad_err=1.24 trans_err=526.64 => FAIL
[CountResult DEBUG] Edge 4-11 GT=1.00 Pred=1.00 rad_err=2.88 trans_err=919.77 => FAIL
[CountResult DEBUG] Edge 5-6 GT=1.00 Pred=1.00 rad_err=0.02 trans_err=7.18 => PASS
[CountResult DEBUG] Edge 5-12 GT=1.00 Pred=1.00 rad_err=0.03 trans_err=8.59 => PASS
[CountResult DEBUG] Edge 5-14 GT=1.00 Pred=1.00 rad_err=0.06 trans_err=25.25 => PASS
[CountResult DEBUG] Edge 5-16 GT=1.00 Pred=1.00 rad_err=0.06 trans_err=21.78 => PASS
[CountResult DEBUG] Edge 5-23 GT=1.00 Pred=1.00 rad_err=0.06 trans_err=25.89 => PASS
[CountResult DEBUG] Edge 6-8 GT=1.00 Pred=1.00 rad_err=2.90 trans_err=522.14 => FAIL
[CountResult DEBUG] Edge 6-9 GT=1.00 Pred=1.00 rad_err=0.08 trans_err=21.77 => PASS
[CountResult DEBUG] Edge 6-23 GT=1.00 Pred=1.00 rad_err=0.07 trans_err=27.96 => PASS
[CountResult DEBUG] Edge 7-10 GT=1.00 Pred=0.00 rad_err=1.13 trans_err=363.19 => FAIL
[CountResult DEBUG] Edge 7-15 GT=1.00 Pred=1.00 rad_err=0.06 trans_err=16.73 => PASS
[CountResult DEBUG] Edge 7-17 GT=1.00 Pred=0.00 rad_err=2.27 trans_err=676.03 => FAIL
[CountResult DEBUG] Edge 7-21 GT=1.00 Pred=1.00 rad_err=1.93 trans_err=656.62 => FAIL
[CountResult DEBUG] Edge 7-29 GT=1.00 Pred=0.00 rad_err=1.55 trans_err=118.30 => FAIL
[CountResult DEBUG] Edge 8-10 GT=1.00 Pred=0.00 rad_err=3.12 trans_err=535.49 => FAIL
[CountResult DEBUG] Edge 8-11 GT=1.00 Pred=1.00 rad_err=3.14 trans_err=647.25 => FAIL
[CountResult DEBUG] Edge 8-13 GT=1.00 Pred=1.00 rad_err=0.12 trans_err=45.45 => PASS
[CountResult DEBUG] Edge 8-18 GT=1.00 Pred=0.00 rad_err=3.07 trans_err=599.20 => FAIL
[CountResult DEBUG] Edge 8-23 GT=1.00 Pred=0.00 rad_err=2.93 trans_err=481.98 => FAIL
[CountResult DEBUG] Edge 9-11 GT=1.00 Pred=1.00 rad_err=2.22 trans_err=497.82 => FAIL
[CountResult DEBUG] Edge 9-15 GT=1.00 Pred=1.00 rad_err=0.03 trans_err=8.25 => PASS
[CountResult DEBUG] Edge 9-24 GT=1.00 Pred=0.00 rad_err=0.97 trans_err=254.47 => FAIL
[CountResult DEBUG] Edge 10-11 GT=1.00 Pred=0.00 rad_err=1.17 trans_err=414.91 => FAIL
[CountResult DEBUG] Edge 10-13 GT=1.00 Pred=0.00 rad_err=3.01 trans_err=238.68 => FAIL
[CountResult DEBUG] Edge 10-17 GT=1.00 Pred=1.00 rad_err=1.18 trans_err=419.26 => FAIL
[CountResult DEBUG] Edge 10-18 GT=1.00 Pred=0.00 rad_err=3.14 trans_err=761.47 => FAIL
[CountResult DEBUG] Edge 11-15 GT=1.00 Pred=0.00 rad_err=2.21 trans_err=667.31 => FAIL
[CountResult DEBUG] Edge 11-17 GT=1.00 Pred=1.00 rad_err=0.11 trans_err=44.36 => PASS
[CountResult DEBUG] Edge 11-21 GT=1.00 Pred=0.00 rad_err=1.40 trans_err=185.55 => FAIL
[CountResult DEBUG] Edge 12-14 GT=1.00 Pred=1.00 rad_err=0.08 trans_err=22.35 => PASS
[CountResult DEBUG] Edge 12-28 GT=1.00 Pred=1.00 rad_err=2.90 trans_err=721.62 => FAIL
[CountResult DEBUG] Edge 13-18 GT=1.00 Pred=0.00 rad_err=3.02 trans_err=875.29 => FAIL
[CountResult DEBUG] Edge 13-19 GT=1.00 Pred=0.00 rad_err=2.99 trans_err=514.37 => FAIL
[CountResult DEBUG] Edge 13-23 GT=1.00 Pred=0.00 rad_err=3.01 trans_err=513.81 => FAIL
[CountResult DEBUG] Edge 13-26 GT=1.00 Pred=0.00 rad_err=2.73 trans_err=881.26 => FAIL
[CountResult DEBUG] Edge 14-16 GT=1.00 Pred=1.00 rad_err=0.05 trans_err=18.32 => PASS
[CountResult DEBUG] Edge 14-28 GT=1.00 Pred=0.00 rad_err=2.87 trans_err=798.44 => FAIL
[CountResult DEBUG] Edge 15-21 GT=1.00 Pred=1.00 rad_err=1.93 trans_err=524.00 => FAIL
[CountResult DEBUG] Edge 15-25 GT=1.00 Pred=1.00 rad_err=2.68 trans_err=378.88 => FAIL
[CountResult DEBUG] Edge 16-26 GT=1.00 Pred=0.00 rad_err=2.66 trans_err=777.56 => FAIL
[CountResult DEBUG] Edge 17-21 GT=1.00 Pred=0.00 rad_err=1.37 trans_err=410.61 => FAIL
[CountResult DEBUG] Edge 20-24 GT=1.00 Pred=1.00 rad_err=1.01 trans_err=303.71 => FAIL
[CountResult DEBUG] Edge 24-25 GT=1.00 Pred=0.00 rad_err=2.25 trans_err=509.99 => FAIL
[CountResult DEBUG] Edge 25-29 GT=1.00 Pred=0.00 rad_err=2.37 trans_err=649.84 => FAIL
[CountResult DEBUG] Sherd 1 gt_edges=7 matched_edges=7 => MATCHED
[CountResult DEBUG] Sherd 2 gt_edges=7 matched_edges=5 => MATCHED
[CountResult DEBUG] Sherd 3 gt_edges=8 matched_edges=6 => MATCHED
[CountResult DEBUG] Sherd 4 gt_edges=4 matched_edges=0 => MISSED
[CountResult DEBUG] Sherd 5 gt_edges=6 matched_edges=6 => MATCHED
[CountResult DEBUG] Sherd 6 gt_edges=6 matched_edges=4 => MATCHED
[CountResult DEBUG] Sherd 7 gt_edges=6 matched_edges=2 => MATCHED
[CountResult DEBUG] Sherd 8 gt_edges=7 matched_edges=1 => MATCHED
[CountResult DEBUG] Sherd 9 gt_edges=6 matched_edges=3 => MATCHED
[CountResult DEBUG] Sherd 10 gt_edges=7 matched_edges=0 => MISSED
[CountResult DEBUG] Sherd 11 gt_edges=7 matched_edges=1 => MATCHED
[CountResult DEBUG] Sherd 12 gt_edges=5 matched_edges=4 => MATCHED
[CountResult DEBUG] Sherd 13 gt_edges=7 matched_edges=1 => MATCHED
[CountResult DEBUG] Sherd 14 gt_edges=5 matched_edges=4 => MATCHED
[CountResult DEBUG] Sherd 15 gt_edges=5 matched_edges=2 => MATCHED
[CountResult DEBUG] Sherd 16 gt_edges=4 matched_edges=3 => MATCHED
[CountResult DEBUG] Sherd 17 gt_edges=4 matched_edges=1 => MATCHED
[CountResult DEBUG] Sherd 18 gt_edges=3 matched_edges=0 => MISSED
[CountResult DEBUG] Sherd 19 gt_edges=3 matched_edges=2 => MATCHED
[CountResult DEBUG] Sherd 20 gt_edges=3 matched_edges=2 => MATCHED
[CountResult DEBUG] Sherd 21 gt_edges=4 matched_edges=0 => MISSED
[CountResult DEBUG] Sherd 22 gt_edges=0 matched_edges=0 => MISSED
[CountResult DEBUG] Sherd 23 gt_edges=4 matched_edges=2 => MATCHED
[CountResult DEBUG] Sherd 24 gt_edges=3 matched_edges=0 => MISSED
[CountResult DEBUG] Sherd 25 gt_edges=3 matched_edges=0 => MISSED
[CountResult DEBUG] Sherd 26 gt_edges=3 matched_edges=0 => MISSED
[CountResult DEBUG] Sherd 27 gt_edges=0 matched_edges=0 => MISSED
[CountResult DEBUG] Sherd 28 gt_edges=3 matched_edges=0 => MISSED
[CountResult DEBUG] Sherd 29 gt_edges=2 matched_edges=0 => MISSED
Sherd accuracy : 18 / 28 (64.29%)
Edge accuracy : 27 / 66 (40.91%)
########## Post-ICP Global Results ##########
Sherd Accuracy : 18 / 28
Edge Accuracy  : 27 / 66
########################################
#################### Post-GA Incremental ICP Refinement ####################
[CountResult DEBUG] Thresholds: rad=0.35, trans=50.00
[CountResult DEBUG] Edge 1-2 GT=1.00 Pred=1.00 rad_err=0.03 trans_err=3.85 => PASS
[CountResult DEBUG] Edge 1-3 GT=1.00 Pred=0.00 rad_err=1.99 trans_err=179.29 => FAIL
[CountResult DEBUG] Edge 1-5 GT=1.00 Pred=0.00 rad_err=0.04 trans_err=12.42 => PASS
[CountResult DEBUG] Edge 1-6 GT=1.00 Pred=1.00 rad_err=2.38 trans_err=231.03 => FAIL
[CountResult DEBUG] Edge 1-9 GT=1.00 Pred=1.00 rad_err=0.01 trans_err=2.12 => PASS
[CountResult DEBUG] Edge 1-12 GT=1.00 Pred=1.00 rad_err=0.06 trans_err=22.36 => PASS
[CountResult DEBUG] Edge 1-20 GT=1.00 Pred=0.00 rad_err=0.02 trans_err=6.08 => PASS
[CountResult DEBUG] Edge 2-3 GT=1.00 Pred=0.00 rad_err=2.02 trans_err=198.68 => FAIL
[CountResult DEBUG] Edge 2-7 GT=1.00 Pred=1.00 rad_err=0.79 trans_err=24.37 => FAIL
[CountResult DEBUG] Edge 2-10 GT=1.00 Pred=0.00 rad_err=1.85 trans_err=261.51 => FAIL
[CountResult DEBUG] Edge 2-13 GT=1.00 Pred=0.00 rad_err=2.98 trans_err=959.35 => FAIL
[CountResult DEBUG] Edge 2-19 GT=1.00 Pred=0.00 rad_err=2.87 trans_err=334.91 => FAIL
[CountResult DEBUG] Edge 2-20 GT=1.00 Pred=1.00 rad_err=0.03 trans_err=9.33 => PASS
[CountResult DEBUG] Edge 3-12 GT=1.00 Pred=1.00 rad_err=1.94 trans_err=669.55 => FAIL
[CountResult DEBUG] Edge 3-14 GT=1.00 Pred=1.00 rad_err=1.87 trans_err=604.25 => FAIL
[CountResult DEBUG] Edge 3-16 GT=1.00 Pred=1.00 rad_err=1.23 trans_err=556.36 => FAIL
[CountResult DEBUG] Edge 3-19 GT=1.00 Pred=1.00 rad_err=1.45 trans_err=646.64 => FAIL
[CountResult DEBUG] Edge 3-26 GT=1.00 Pred=0.00 rad_err=1.82 trans_err=463.41 => FAIL
[CountResult DEBUG] Edge 3-28 GT=1.00 Pred=1.00 rad_err=2.69 trans_err=890.62 => FAIL
[CountResult DEBUG] Edge 4-6 GT=1.00 Pred=0.00 rad_err=0.32 trans_err=125.04 => FAIL
[CountResult DEBUG] Edge 4-8 GT=1.00 Pred=0.00 rad_err=2.92 trans_err=825.70 => FAIL
[CountResult DEBUG] Edge 4-9 GT=1.00 Pred=0.00 rad_err=2.63 trans_err=877.49 => FAIL
[CountResult DEBUG] Edge 4-11 GT=1.00 Pred=0.00 rad_err=1.12 trans_err=486.86 => FAIL
[CountResult DEBUG] Edge 5-6 GT=1.00 Pred=0.00 rad_err=2.41 trans_err=553.68 => FAIL
[CountResult DEBUG] Edge 5-12 GT=1.00 Pred=1.00 rad_err=0.10 trans_err=16.51 => PASS
[CountResult DEBUG] Edge 5-14 GT=1.00 Pred=0.00 rad_err=0.24 trans_err=176.72 => FAIL
[CountResult DEBUG] Edge 5-16 GT=1.00 Pred=0.00 rad_err=3.14 trans_err=640.92 => FAIL
[CountResult DEBUG] Edge 5-23 GT=1.00 Pred=1.00 rad_err=3.10 trans_err=593.74 => FAIL
[CountResult DEBUG] Edge 6-8 GT=1.00 Pred=0.00 rad_err=3.01 trans_err=477.05 => FAIL
[CountResult DEBUG] Edge 6-9 GT=1.00 Pred=0.00 rad_err=2.38 trans_err=730.09 => FAIL
[CountResult DEBUG] Edge 6-23 GT=1.00 Pred=0.00 rad_err=0.79 trans_err=335.80 => FAIL
[CountResult DEBUG] Edge 7-10 GT=1.00 Pred=0.00 rad_err=1.15 trans_err=424.91 => FAIL
[CountResult DEBUG] Edge 7-15 GT=1.00 Pred=0.00 rad_err=0.76 trans_err=332.20 => FAIL
[CountResult DEBUG] Edge 7-17 GT=1.00 Pred=0.00 rad_err=2.06 trans_err=627.78 => FAIL
[CountResult DEBUG] Edge 7-21 GT=1.00 Pred=0.00 rad_err=1.10 trans_err=185.37 => FAIL
[CountResult DEBUG] Edge 7-29 GT=1.00 Pred=0.00 rad_err=1.43 trans_err=528.45 => FAIL
[CountResult DEBUG] Edge 8-10 GT=1.00 Pred=0.00 rad_err=3.05 trans_err=744.25 => FAIL
[CountResult DEBUG] Edge 8-11 GT=1.00 Pred=0.00 rad_err=2.98 trans_err=775.49 => FAIL
[CountResult DEBUG] Edge 8-13 GT=1.00 Pred=1.00 rad_err=0.94 trans_err=407.03 => FAIL
[CountResult DEBUG] Edge 8-18 GT=1.00 Pred=0.00 rad_err=0.68 trans_err=191.71 => FAIL
[CountResult DEBUG] Edge 8-23 GT=1.00 Pred=0.00 rad_err=2.90 trans_err=827.04 => FAIL
[CountResult DEBUG] Edge 9-11 GT=1.00 Pred=1.00 rad_err=2.53 trans_err=475.72 => FAIL
[CountResult DEBUG] Edge 9-15 GT=1.00 Pred=1.00 rad_err=1.49 trans_err=395.97 => FAIL
[CountResult DEBUG] Edge 9-24 GT=1.00 Pred=0.00 rad_err=0.52 trans_err=204.20 => FAIL
[CountResult DEBUG] Edge 10-11 GT=1.00 Pred=0.00 rad_err=0.69 trans_err=250.17 => FAIL
[CountResult DEBUG] Edge 10-13 GT=1.00 Pred=0.00 rad_err=3.10 trans_err=820.75 => FAIL
[CountResult DEBUG] Edge 10-17 GT=1.00 Pred=0.00 rad_err=1.13 trans_err=258.75 => FAIL
[CountResult DEBUG] Edge 10-18 GT=1.00 Pred=0.00 rad_err=2.39 trans_err=737.76 => FAIL
[CountResult DEBUG] Edge 11-15 GT=1.00 Pred=0.00 rad_err=1.08 trans_err=413.30 => FAIL
[CountResult DEBUG] Edge 11-17 GT=1.00 Pred=1.00 rad_err=1.18 trans_err=389.97 => FAIL
[CountResult DEBUG] Edge 11-21 GT=1.00 Pred=0.00 rad_err=2.43 trans_err=664.51 => FAIL
[CountResult DEBUG] Edge 12-14 GT=1.00 Pred=0.00 rad_err=0.20 trans_err=139.89 => FAIL
[CountResult DEBUG] Edge 12-28 GT=1.00 Pred=0.00 rad_err=0.87 trans_err=233.62 => FAIL
[CountResult DEBUG] Edge 13-18 GT=1.00 Pred=0.00 rad_err=1.13 trans_err=491.79 => FAIL
[CountResult DEBUG] Edge 13-19 GT=1.00 Pred=0.00 rad_err=3.04 trans_err=923.94 => FAIL
[CountResult DEBUG] Edge 13-23 GT=1.00 Pred=0.00 rad_err=2.80 trans_err=940.92 => FAIL
[CountResult DEBUG] Edge 13-26 GT=1.00 Pred=0.00 rad_err=2.09 trans_err=912.28 => FAIL
[CountResult DEBUG] Edge 14-16 GT=1.00 Pred=0.00 rad_err=3.03 trans_err=514.42 => FAIL
[CountResult DEBUG] Edge 14-28 GT=1.00 Pred=0.00 rad_err=0.94 trans_err=146.55 => FAIL
[CountResult DEBUG] Edge 15-21 GT=1.00 Pred=0.00 rad_err=1.54 trans_err=402.40 => FAIL
[CountResult DEBUG] Edge 15-25 GT=1.00 Pred=0.00 rad_err=3.00 trans_err=330.33 => FAIL
[CountResult DEBUG] Edge 16-26 GT=1.00 Pred=0.00 rad_err=1.31 trans_err=513.39 => FAIL
[CountResult DEBUG] Edge 17-21 GT=1.00 Pred=0.00 rad_err=2.12 trans_err=705.83 => FAIL
[CountResult DEBUG] Edge 20-24 GT=1.00 Pred=0.00 rad_err=0.52 trans_err=147.90 => FAIL
[CountResult DEBUG] Edge 24-25 GT=1.00 Pred=0.00 rad_err=3.13 trans_err=548.94 => FAIL
[CountResult DEBUG] Edge 25-29 GT=1.00 Pred=0.00 rad_err=3.11 trans_err=747.35 => FAIL
[CountResult DEBUG] Sherd 1 gt_edges=7 matched_edges=5 => MATCHED
[CountResult DEBUG] Sherd 2 gt_edges=7 matched_edges=2 => MATCHED
[CountResult DEBUG] Sherd 3 gt_edges=8 matched_edges=0 => MISSED
[CountResult DEBUG] Sherd 4 gt_edges=4 matched_edges=0 => MISSED
[CountResult DEBUG] Sherd 5 gt_edges=6 matched_edges=2 => MATCHED
[CountResult DEBUG] Sherd 6 gt_edges=6 matched_edges=0 => MISSED
[CountResult DEBUG] Sherd 7 gt_edges=6 matched_edges=0 => MISSED
[CountResult DEBUG] Sherd 8 gt_edges=7 matched_edges=0 => MISSED
[CountResult DEBUG] Sherd 9 gt_edges=6 matched_edges=1 => MATCHED
[CountResult DEBUG] Sherd 10 gt_edges=7 matched_edges=0 => MISSED
[CountResult DEBUG] Sherd 11 gt_edges=7 matched_edges=0 => MISSED
[CountResult DEBUG] Sherd 12 gt_edges=5 matched_edges=2 => MATCHED
[CountResult DEBUG] Sherd 13 gt_edges=7 matched_edges=0 => MISSED
[CountResult DEBUG] Sherd 14 gt_edges=5 matched_edges=0 => MISSED
[CountResult DEBUG] Sherd 15 gt_edges=5 matched_edges=0 => MISSED
[CountResult DEBUG] Sherd 16 gt_edges=4 matched_edges=0 => MISSED
[CountResult DEBUG] Sherd 17 gt_edges=4 matched_edges=0 => MISSED
[CountResult DEBUG] Sherd 18 gt_edges=3 matched_edges=0 => MISSED
[CountResult DEBUG] Sherd 19 gt_edges=3 matched_edges=0 => MISSED
[CountResult DEBUG] Sherd 20 gt_edges=3 matched_edges=2 => MATCHED
[CountResult DEBUG] Sherd 21 gt_edges=4 matched_edges=0 => MISSED
[CountResult DEBUG] Sherd 22 gt_edges=0 matched_edges=0 => MISSED
[CountResult DEBUG] Sherd 23 gt_edges=4 matched_edges=0 => MISSED
[CountResult DEBUG] Sherd 24 gt_edges=3 matched_edges=0 => MISSED
[CountResult DEBUG] Sherd 25 gt_edges=3 matched_edges=0 => MISSED
[CountResult DEBUG] Sherd 26 gt_edges=3 matched_edges=0 => MISSED
[CountResult DEBUG] Sherd 27 gt_edges=0 matched_edges=0 => MISSED
[CountResult DEBUG] Sherd 28 gt_edges=3 matched_edges=0 => MISSED
[CountResult DEBUG] Sherd 29 gt_edges=2 matched_edges=0 => MISSED
Sherd accuracy : 6 / 28 (21.43%)
Edge accuracy : 7 / 66 (10.61%)
########## Post-ICP Incremental Results ##########
Sherd Accuracy : 6 / 28
Edge Accuracy  : 7 / 66
########################################
########## Final Refined Results ##########
Selected Stage      : Post-ICP Global (selected in compare)
Final Sherd Accuracy : 18 / 28
Final Edge Accuracy  : 27 / 66
Total Runtime        : 129473.10 sec
GA Runtime           : 129441.74 sec
###########################################
Showing Refined assembly. Press 'G' to toggle Ground Truth comparison! Press 'Q' to quit.
Terminated
