
--- COLLISION CLOUD SUMMARY ---
  Params: voxel=3 edge_exclusion=10 epsilon=1 max_points=300
  Sherd 1: in=16879 out=19004 filtered=15244 candidate=20639 voxel=1458 final=1458 radius=76.691
  Sherd 2: in=13767 out=15906 filtered=9525 candidate=20148 voxel=1473 final=1473 radius=68.682
  Sherd 3: in=15790 out=19133 filtered=11801 candidate=23122 voxel=1593 final=1593 radius=53.838
  Sherd 4: in=11951 out=15588 filtered=10393 candidate=17146 voxel=1288 final=1288 radius=52.050
  Sherd 5: in=14072 out=16653 filtered=10991 candidate=19734 voxel=1597 final=1597 radius=50.437
  Sherd 6: in=11552 out=13810 filtered=7945 candidate=17417 voxel=1218 final=1218 radius=55.941
  Sherd 7: in=14747 out=17560 filtered=12038 candidate=20269 voxel=1493 final=1493 radius=57.012
  Sherd 8: in=11722 out=14081 filtered=10383 candidate=15420 voxel=1057 final=1057 radius=53.818
  Sherd 9: in=11398 out=12748 filtered=12122 candidate=12024 voxel=933 final=933 radius=62.137
  Sherd 10: in=11291 out=12336 filtered=9982 candidate=13645 voxel=1037 final=1037 radius=58.327
  Sherd 11: in=9391 out=10071 filtered=9410 candidate=10052 voxel=740 final=740 radius=53.798
  Sherd 12: in=9528 out=10872 filtered=10429 candidate=9971 voxel=739 final=739 radius=49.097
  Sherd 13: in=8908 out=9737 filtered=6782 candidate=11863 voxel=875 final=875 radius=49.638
  Sherd 14: in=8769 out=9208 filtered=7843 candidate=10134 voxel=763 final=763 radius=38.645
  Sherd 15: in=8645 out=9879 filtered=8273 candidate=10251 voxel=741 final=741 radius=39.942
  Sherd 16: in=4623 out=5808 filtered=7083 candidate=3348 voxel=297 final=297 radius=38.814
  Sherd 17: in=4652 out=5878 filtered=6712 candidate=3818 voxel=332 final=332 radius=32.899
  Sherd 18: in=6314 out=6670 filtered=8343 candidate=4641 voxel=322 final=322 radius=34.094
  Sherd 19: in=7964 out=9222 filtered=7860 candidate=9326 voxel=648 final=648 radius=39.986
  Sherd 20: in=5201 out=6426 filtered=6657 candidate=4970 voxel=362 final=362 radius=29.462
  Sherd 21: in=4436 out=5068 filtered=6488 candidate=3016 voxel=258 final=258 radius=44.136
  Sherd 22: in=3552 out=4015 filtered=4960 candidate=2607 voxel=215 final=215 radius=24.442
  Sherd 23: in=3379 out=3661 filtered=5368 candidate=1672 voxel=139 final=139 radius=22.237
  Sherd 24: in=2411 out=2553 filtered=4221 candidate=743 voxel=68 final=68 radius=12.376
  Sherd 25: in=1872 out=1366 filtered=2957 candidate=281 voxel=27 final=27 radius=8.107
  Sherd 26: in=1420 out=1579 filtered=2991 candidate=8 voxel=2 final=2 radius=0.635
  Sherd 27: in=969 out=1270 filtered=2072 candidate=167 voxel=18 final=18 radius=8.157
  Valid sherds=27 empty_clouds=0


--- COLLISION AUDIT [GROUND TRUTH] ---
  Fitness overlap penalty: 326.4281
  Recomputed indexed overlap sum: 326.4281 (delta=0.0000)
  Pair counts: total=345 same_comp=6 broad_reject=0 narrow_checked=6 active=2
  Pair (2,4): center_dist=8.958 broad_radius=104.276 min_nn=0.089 hits=65/1593 hit_ratio=0.041 avg_depth=0.273 pair_pen=163.214 [!!!] ACTIVE COLLISION UNRESOLVED
  Pair (2,9): center_dist=69.687 broad_radius=112.165 min_nn=4.254 hits=0/1593 hit_ratio=0.000 avg_depth=0.000 pair_pen=0.000 [OK] NARROW-PHASE CLEAR
  Pair (2,11): center_dist=87.818 broad_radius=102.935 min_nn=12.516 hits=0/1593 hit_ratio=0.000 avg_depth=0.000 pair_pen=0.000 [OK] NARROW-PHASE CLEAR
  Pair (6,9): center_dist=111.542 broad_radius=115.339 min_nn=38.636 hits=0/1493 hit_ratio=0.000 avg_depth=0.000 pair_pen=0.000 [OK] NARROW-PHASE CLEAR
  Pair (6,11): center_dist=70.580 broad_radius=106.108 min_nn=6.023 hits=0/1493 hit_ratio=0.000 avg_depth=0.000 pair_pen=0.000 [OK] NARROW-PHASE CLEAR
  Pair (9,11): center_dist=78.079 broad_radius=107.424 min_nn=0.894 hits=2/1037 hit_ratio=0.003 avg_depth=0.068 pair_pen=0.000 [OK] NARROW-PHASE CLEAR


=== CONSENSUS SUPPORT DIAGNOSTICS [GROUND TRUTH] ===
  Active Spanning Tree Component: 1 shards.
  Shard 1 (Root Shard):
  Total Logged Consensus Reward: 0.00
=========================================================


--- GENERATION 0 BEST BREAKDOWN ---
  Total Fitness: -344.71
  Inlier Reward: 1283.72
  Cycle Penalty: 0.00
  Overlap Penalty: 1831.57
  Edge Residual Penalty: 0.00
  Edge Rot Residual Penalty: 0.00
  Connectivity Reward: 0.00
  Component Penalty: 0.00
  Consensus Support Reward: 203.15
  Largest Component: 27
  Num Components: 1
  Active Pairs: 26
  OverlapDiag Sum (indexed): 1831.5733 (delta_vs_fitness=0.0000)
  OverlapDiag Pairs: total=325 same_comp=325 broad_reject=264 narrow_checked=325 active=9
  OverlapDiag Top Active Pairs:
    Pair (12,17) pen=347.8261 hits=28/322 hit_ratio=0.0870 avg_depth=0.2350 min_nn=0.2792
    Pair (8,18) pen=197.5309 hits=32/648 hit_ratio=0.0494 avg_depth=0.2652 min_nn=0.2454
    Pair (4,14) pen=102.5641 hits=19/1597 hit_ratio=0.0256 avg_depth=0.2708 min_nn=0.2528
    Pair (0,14) pen=80.9717 hits=15/741 hit_ratio=0.0202 avg_depth=0.2193 min_nn=0.4238
    Pair (9,23) pen=58.8235 hits=1/1037 hit_ratio=0.0147 avg_depth=0.3238 min_nn=0.6762

  --- ACTIVE GENE MAP ---
    Gene  2 (Pair  5- 1): choice=8 (inl=84)
    Gene 14 (Pair 19- 1): choice=2 (inl=89)
    Gene 29 (Pair 13- 2): choice=2 (inl=70)
    Gene 32 (Pair 18- 2): choice=3 (inl=59)
    Gene 39 (Pair  5- 3): choice=1 (inl=68)
    Gene 47 (Pair 14- 3): choice=3 (inl=55)
    Gene 49 (Pair 16- 3): choice=1 (inl=64)
    Gene 50 (Pair 17- 3): choice=1 (inl=79)
    Gene 65 (Pair 17- 4): choice=1 (inl=66)
    Gene 67 (Pair 20- 4): choice=1 (inl=53)
    Gene 87 (Pair 23- 5): choice=2 (inl=45)
    Gene 95 (Pair 13- 6): choice=1 (inl=68)
    Gene 109 (Pair 11- 7): choice=1 (inl=107)
    Gene 112 (Pair 14- 7): choice=2 (inl=92)
    Gene 124 (Pair 11- 8): choice=4 (inl=74)
    Gene 148 (Pair 21- 9): choice=3 (inl=77)
    Gene 149 (Pair 22- 9): choice=1 (inl=55)
    Gene 151 (Pair 24- 9): choice=1 (inl=51)
    Gene 153 (Pair 12-10): choice=2 (inl=68)
    Gene 160 (Pair 21-10): choice=1 (inl=70)
    Gene 173 (Pair 27-11): choice=1 (inl=39)
    Gene 178 (Pair 18-12): choice=4 (inl=72)
    Gene 185 (Pair 26-12): choice=1 (inl=58)
    Gene 206 (Pair 22-15): choice=2 (inl=54)
    Gene 223 (Pair 21-19): choice=1 (inl=80)
    Gene 234 (Pair 27-25): choice=1 (inl=22)

  --- SHARD 4 CANDIDATE ANALYSIS ---
    Pair (4-2): Selected=0 / 2 choices
      Choice 1: inliners=26
      Choice 2: inliners=2
    Pair (4-3): Selected=0 / 5 choices
      Choice 1: inliners=38
      Choice 2: inliners=46
      Choice 3: inliners=14
      Choice 4: inliners=32
      Choice 5: inliners=68
    Pair (5-4): Selected=0 / 2 choices
      Choice 1: inliners=48
      Choice 2: inliners=12
    Pair (6-4): Selected=0 / 2 choices
      Choice 1: inliners=24
      Choice 2: inliners=6
    Pair (7-4): Selected=0 / 2 choices
      Choice 1: inliners=36
      Choice 2: inliners=30
    Pair (8-4): Selected=0 / 4 choices
      Choice 1: inliners=28
      Choice 2: inliners=22
      Choice 3: inliners=44
      Choice 4: inliners=0
    Pair (11-4): Selected=0 / 1 choices
      Choice 1: inliners=57
    Pair (13-4): Selected=0 / 1 choices
      Choice 1: inliners=14
    Pair (14-4): Selected=0 / 2 choices
      Choice 1: inliners=48
      Choice 2: inliners=16
    Pair (16-4): Selected=0 / 1 choices
      Choice 1: inliners=32
    Pair (17-4): Selected=1 / 1 choices
      Choice 1: inliners=66 [SELECTED]
    Pair (19-4): Selected=0 / 4 choices
      Choice 1: inliners=32
      Choice 2: inliners=44
      Choice 3: inliners=26
      Choice 4: inliners=40
    Pair (20-4): Selected=1 / 1 choices
      Choice 1: inliners=53 [SELECTED]
    Pair (21-4): Selected=0 / 3 choices
      Choice 1: inliners=22
      Choice 2: inliners=16
      Choice 3: inliners=32
    Pair (22-4): Selected=0 / 1 choices
      Choice 1: inliners=38
    Pair (27-4): Selected=0 / 1 choices
      Choice 1: inliners=39


--- GENERATION 10 BEST BREAKDOWN ---
  Total Fitness: 941.97
  Inlier Reward: 1253.78
  Cycle Penalty: 0.00
  Overlap Penalty: 354.02
  Edge Residual Penalty: 0.00
  Edge Rot Residual Penalty: 0.00
  Connectivity Reward: 0.00
  Component Penalty: 0.00
  Consensus Support Reward: 42.21
  Largest Component: 27
  Num Components: 1
  Active Pairs: 26
  OverlapDiag Sum (indexed): 354.0218 (delta_vs_fitness=0.0000)
  OverlapDiag Pairs: total=325 same_comp=325 broad_reject=267 narrow_checked=325 active=5
  OverlapDiag Top Active Pairs:
    Pair (5,23) pen=117.6471 hits=2/1218 hit_ratio=0.0294 avg_depth=0.1219 min_nn=0.7745
    Pair (0,19) pen=55.2486 hits=5/1458 hit_ratio=0.0138 avg_depth=0.2096 min_nn=0.5040

  --- ACTIVE GENE MAP ---
    Gene  2 (Pair  5- 1): choice=8 (inl=84)
    Gene  6 (Pair  9- 1): choice=2 (inl=63)
    Gene 13 (Pair 18- 1): choice=5 (inl=50)
    Gene 14 (Pair 19- 1): choice=2 (inl=89)
    Gene 22 (Pair  6- 2): choice=2 (inl=28)
    Gene 32 (Pair 18- 2): choice=4 (inl=83)
    Gene 37 (Pair 27- 2): choice=1 (inl=30)
    Gene 39 (Pair  5- 3): choice=1 (inl=68)
    Gene 47 (Pair 14- 3): choice=3 (inl=55)
    Gene 49 (Pair 16- 3): choice=1 (inl=64)
    Gene 50 (Pair 17- 3): choice=1 (inl=79)
    Gene 65 (Pair 17- 4): choice=1 (inl=66)
    Gene 87 (Pair 23- 5): choice=2 (inl=45)
    Gene 95 (Pair 13- 6): choice=1 (inl=68)
    Gene 106 (Pair  8- 7): choice=3 (inl=98)
    Gene 109 (Pair 11- 7): choice=1 (inl=107)
    Gene 112 (Pair 14- 7): choice=2 (inl=92)
    Gene 133 (Pair 20- 8): choice=2 (inl=55)
    Gene 139 (Pair 10- 9): choice=4 (inl=56)
    Gene 148 (Pair 21- 9): choice=1 (inl=70)
    Gene 151 (Pair 24- 9): choice=1 (inl=51)
    Gene 152 (Pair 26- 9): choice=3 (inl=65)
    Gene 153 (Pair 12-10): choice=2 (inl=68)
    Gene 161 (Pair 22-10): choice=3 (inl=65)
    Gene 176 (Pair 15-12): choice=2 (inl=46)
    Gene 234 (Pair 27-25): choice=1 (inl=22)

  --- SHARD 4 CANDIDATE ANALYSIS ---
    Pair (4-2): Selected=0 / 2 choices
      Choice 1: inliners=26
      Choice 2: inliners=2
    Pair (4-3): Selected=0 / 5 choices
      Choice 1: inliners=38
      Choice 2: inliners=46
      Choice 3: inliners=14
      Choice 4: inliners=32
      Choice 5: inliners=68
    Pair (5-4): Selected=0 / 2 choices
      Choice 1: inliners=48
      Choice 2: inliners=12
    Pair (6-4): Selected=0 / 2 choices
      Choice 1: inliners=24
      Choice 2: inliners=6
    Pair (7-4): Selected=0 / 2 choices
      Choice 1: inliners=36
      Choice 2: inliners=30
    Pair (8-4): Selected=0 / 4 choices
      Choice 1: inliners=28
      Choice 2: inliners=22
      Choice 3: inliners=44
      Choice 4: inliners=0
    Pair (11-4): Selected=0 / 1 choices
      Choice 1: inliners=57
    Pair (13-4): Selected=0 / 1 choices
      Choice 1: inliners=14
    Pair (14-4): Selected=0 / 2 choices
      Choice 1: inliners=48
      Choice 2: inliners=16
    Pair (16-4): Selected=0 / 1 choices
      Choice 1: inliners=32
    Pair (17-4): Selected=1 / 1 choices
      Choice 1: inliners=66 [SELECTED]
    Pair (19-4): Selected=0 / 4 choices
      Choice 1: inliners=32
      Choice 2: inliners=44
      Choice 3: inliners=26
      Choice 4: inliners=40
    Pair (20-4): Selected=0 / 1 choices
      Choice 1: inliners=53
    Pair (21-4): Selected=0 / 3 choices
      Choice 1: inliners=22
      Choice 2: inliners=16
      Choice 3: inliners=32
    Pair (22-4): Selected=0 / 1 choices
      Choice 1: inliners=38
    Pair (27-4): Selected=0 / 1 choices
      Choice 1: inliners=39


--- GENERATION 20 BEST BREAKDOWN ---
  Total Fitness: 1101.83
  Inlier Reward: 1158.04
  Cycle Penalty: 0.00
  Overlap Penalty: 246.89
  Edge Residual Penalty: 0.00
  Edge Rot Residual Penalty: 0.00
  Connectivity Reward: 0.00
  Component Penalty: 0.00
  Consensus Support Reward: 190.68
  Largest Component: 27
  Num Components: 1
  Active Pairs: 26
  OverlapDiag Sum (indexed): 246.8870 (delta_vs_fitness=0.0000)
  OverlapDiag Pairs: total=325 same_comp=325 broad_reject=254 narrow_checked=325 active=6
  OverlapDiag Top Active Pairs:
    Pair (12,17) pen=62.1118 hits=5/875 hit_ratio=0.0155 avg_depth=0.3543 min_nn=0.2788
    Pair (1,7) pen=41.6272 hits=11/1473 hit_ratio=0.0104 avg_depth=0.1944 min_nn=0.6611

  --- ACTIVE GENE MAP ---
    Gene  6 (Pair  9- 1): choice=5 (inl=84)
    Gene  7 (Pair 10- 1): choice=2 (inl=65)
    Gene 14 (Pair 19- 1): choice=2 (inl=89)
    Gene 18 (Pair 23- 1): choice=1 (inl=43)
    Gene 23 (Pair  7- 2): choice=2 (inl=44)
    Gene 29 (Pair 13- 2): choice=2 (inl=70)
    Gene 32 (Pair 18- 2): choice=4 (inl=83)
    Gene 35 (Pair 25- 2): choice=2 (inl=26)
    Gene 39 (Pair  5- 3): choice=1 (inl=68)
    Gene 46 (Pair 12- 3): choice=1 (inl=48)
    Gene 47 (Pair 14- 3): choice=3 (inl=55)
    Gene 49 (Pair 16- 3): choice=1 (inl=64)
    Gene 50 (Pair 17- 3): choice=1 (inl=79)
    Gene 61 (Pair 11- 4): choice=1 (inl=57)
    Gene 70 (Pair 27- 4): choice=1 (inl=39)
    Gene 95 (Pair 13- 6): choice=3 (inl=30)
    Gene 109 (Pair 11- 7): choice=1 (inl=107)
    Gene 112 (Pair 14- 7): choice=2 (inl=92)
    Gene 116 (Pair 20- 7): choice=4 (inl=36)
    Gene 118 (Pair 22- 7): choice=3 (inl=28)
    Gene 124 (Pair 11- 8): choice=1 (inl=64)
    Gene 151 (Pair 24- 9): choice=1 (inl=51)
    Gene 160 (Pair 21-10): choice=1 (inl=70)
    Gene 203 (Pair 18-15): choice=1 (inl=58)
    Gene 220 (Pair 24-18): choice=1 (inl=51)
    Gene 221 (Pair 26-18): choice=1 (inl=54)

  --- SHARD 4 CANDIDATE ANALYSIS ---
    Pair (4-2): Selected=0 / 2 choices
      Choice 1: inliners=26
      Choice 2: inliners=2
    Pair (4-3): Selected=0 / 5 choices
      Choice 1: inliners=38
      Choice 2: inliners=46
      Choice 3: inliners=14
      Choice 4: inliners=32
      Choice 5: inliners=68
    Pair (5-4): Selected=0 / 2 choices
      Choice 1: inliners=48
      Choice 2: inliners=12
    Pair (6-4): Selected=0 / 2 choices
      Choice 1: inliners=24
      Choice 2: inliners=6
    Pair (7-4): Selected=0 / 2 choices
      Choice 1: inliners=36
      Choice 2: inliners=30
    Pair (8-4): Selected=0 / 4 choices
      Choice 1: inliners=28
      Choice 2: inliners=22
      Choice 3: inliners=44
      Choice 4: inliners=0
    Pair (11-4): Selected=1 / 1 choices
      Choice 1: inliners=57 [SELECTED]
    Pair (13-4): Selected=0 / 1 choices
      Choice 1: inliners=14
    Pair (14-4): Selected=0 / 2 choices
      Choice 1: inliners=48
      Choice 2: inliners=16
    Pair (16-4): Selected=0 / 1 choices
      Choice 1: inliners=32
    Pair (17-4): Selected=0 / 1 choices
      Choice 1: inliners=66
    Pair (19-4): Selected=0 / 4 choices
      Choice 1: inliners=32
      Choice 2: inliners=44
      Choice 3: inliners=26
      Choice 4: inliners=40
    Pair (20-4): Selected=0 / 1 choices
      Choice 1: inliners=53
    Pair (21-4): Selected=0 / 3 choices
      Choice 1: inliners=22
      Choice 2: inliners=16
      Choice 3: inliners=32
    Pair (22-4): Selected=0 / 1 choices
      Choice 1: inliners=38
    Pair (27-4): Selected=1 / 1 choices
      Choice 1: inliners=39 [SELECTED]


--- GENERATION 30 BEST BREAKDOWN ---
  Total Fitness: 1435.77
  Inlier Reward: 1087.07
  Cycle Penalty: 0.00
  Overlap Penalty: 0.00
  Edge Residual Penalty: 0.00
  Edge Rot Residual Penalty: 0.00
  Connectivity Reward: 0.00
  Component Penalty: 0.00
  Consensus Support Reward: 348.70
  Largest Component: 27
  Num Components: 1
  Active Pairs: 26
  OverlapDiag Sum (indexed): 0.0000 (delta_vs_fitness=0.0000)
  OverlapDiag Pairs: total=325 same_comp=325 broad_reject=266 narrow_checked=325 active=1
  OverlapDiag Active Pairs: none

  --- ACTIVE GENE MAP ---
    Gene  0 (Pair  2- 1): choice=2 (inl=32)
    Gene  2 (Pair  5- 1): choice=8 (inl=84)
    Gene 14 (Pair 19- 1): choice=2 (inl=89)
    Gene 18 (Pair 23- 1): choice=1 (inl=43)
    Gene 22 (Pair  6- 2): choice=1 (inl=48)
    Gene 23 (Pair  7- 2): choice=2 (inl=44)
    Gene 29 (Pair 13- 2): choice=1 (inl=46)
    Gene 32 (Pair 18- 2): choice=4 (inl=83)
    Gene 35 (Pair 25- 2): choice=2 (inl=26)
    Gene 36 (Pair 26- 2): choice=1 (inl=22)
    Gene 37 (Pair 27- 2): choice=1 (inl=30)
    Gene 42 (Pair  8- 3): choice=1 (inl=52)
    Gene 46 (Pair 12- 3): choice=1 (inl=48)
    Gene 47 (Pair 14- 3): choice=3 (inl=55)
    Gene 49 (Pair 16- 3): choice=1 (inl=64)
    Gene 50 (Pair 17- 3): choice=1 (inl=79)
    Gene 61 (Pair 11- 4): choice=1 (inl=57)
    Gene 65 (Pair 17- 4): choice=1 (inl=66)
    Gene 67 (Pair 20- 4): choice=1 (inl=53)
    Gene 74 (Pair  9- 5): choice=5 (inl=74)
    Gene 135 (Pair 22- 8): choice=3 (inl=53)
    Gene 151 (Pair 24- 9): choice=1 (inl=51)
    Gene 153 (Pair 12-10): choice=2 (inl=68)
    Gene 176 (Pair 15-12): choice=3 (inl=38)
    Gene 178 (Pair 18-12): choice=4 (inl=72)
    Gene 223 (Pair 21-19): choice=1 (inl=80)

  --- SHARD 4 CANDIDATE ANALYSIS ---
    Pair (4-2): Selected=0 / 2 choices
      Choice 1: inliners=26
      Choice 2: inliners=2
    Pair (4-3): Selected=0 / 5 choices
      Choice 1: inliners=38
      Choice 2: inliners=46
      Choice 3: inliners=14
      Choice 4: inliners=32
      Choice 5: inliners=68
    Pair (5-4): Selected=0 / 2 choices
      Choice 1: inliners=48
      Choice 2: inliners=12
    Pair (6-4): Selected=0 / 2 choices
      Choice 1: inliners=24
      Choice 2: inliners=6
    Pair (7-4): Selected=0 / 2 choices
      Choice 1: inliners=36
      Choice 2: inliners=30
    Pair (8-4): Selected=0 / 4 choices
      Choice 1: inliners=28
      Choice 2: inliners=22
      Choice 3: inliners=44
      Choice 4: inliners=0
    Pair (11-4): Selected=1 / 1 choices
      Choice 1: inliners=57 [SELECTED]
    Pair (13-4): Selected=0 / 1 choices
      Choice 1: inliners=14
    Pair (14-4): Selected=0 / 2 choices
      Choice 1: inliners=48
      Choice 2: inliners=16
    Pair (16-4): Selected=0 / 1 choices
      Choice 1: inliners=32
    Pair (17-4): Selected=1 / 1 choices
      Choice 1: inliners=66 [SELECTED]
    Pair (19-4): Selected=0 / 4 choices
      Choice 1: inliners=32
      Choice 2: inliners=44
      Choice 3: inliners=26
      Choice 4: inliners=40
    Pair (20-4): Selected=1 / 1 choices
      Choice 1: inliners=53 [SELECTED]
    Pair (21-4): Selected=0 / 3 choices
      Choice 1: inliners=22
      Choice 2: inliners=16
      Choice 3: inliners=32
    Pair (22-4): Selected=0 / 1 choices
      Choice 1: inliners=38
    Pair (27-4): Selected=0 / 1 choices
      Choice 1: inliners=39


--- GENERATION 40 BEST BREAKDOWN ---
  Total Fitness: 1703.90
  Inlier Reward: 1079.30
  Cycle Penalty: 0.00
  Overlap Penalty: 0.00
  Edge Residual Penalty: 0.00
  Edge Rot Residual Penalty: 0.00
  Connectivity Reward: 0.00
  Component Penalty: 0.00
  Consensus Support Reward: 624.60
  Largest Component: 27
  Num Components: 1
  Active Pairs: 26
  OverlapDiag Sum (indexed): 0.0000 (delta_vs_fitness=0.0000)
  OverlapDiag Pairs: total=325 same_comp=325 broad_reject=285 narrow_checked=325 active=2
  OverlapDiag Active Pairs: none

  --- ACTIVE GENE MAP ---
    Gene  0 (Pair  2- 1): choice=2 (inl=32)
    Gene  2 (Pair  5- 1): choice=8 (inl=84)
    Gene  7 (Pair 10- 1): choice=2 (inl=65)
    Gene 14 (Pair 19- 1): choice=2 (inl=89)
    Gene 18 (Pair 23- 1): choice=1 (inl=43)
    Gene 19 (Pair 24- 1): choice=1 (inl=36)
    Gene 22 (Pair  6- 2): choice=1 (inl=48)
    Gene 25 (Pair  9- 2): choice=2 (inl=36)
    Gene 29 (Pair 13- 2): choice=1 (inl=46)
    Gene 35 (Pair 25- 2): choice=2 (inl=26)
    Gene 36 (Pair 26- 2): choice=4 (inl=34)
    Gene 37 (Pair 27- 2): choice=1 (inl=30)
    Gene 42 (Pair  8- 3): choice=1 (inl=52)
    Gene 46 (Pair 12- 3): choice=1 (inl=48)
    Gene 47 (Pair 14- 3): choice=3 (inl=55)
    Gene 49 (Pair 16- 3): choice=1 (inl=64)
    Gene 50 (Pair 17- 3): choice=1 (inl=79)
    Gene 61 (Pair 11- 4): choice=1 (inl=57)
    Gene 106 (Pair  8- 7): choice=3 (inl=98)
    Gene 109 (Pair 11- 7): choice=1 (inl=107)
    Gene 116 (Pair 20- 7): choice=4 (inl=36)
    Gene 118 (Pair 22- 7): choice=3 (inl=28)
    Gene 153 (Pair 12-10): choice=2 (inl=68)
    Gene 160 (Pair 21-10): choice=1 (inl=70)
    Gene 176 (Pair 15-12): choice=3 (inl=38)
    Gene 178 (Pair 18-12): choice=4 (inl=72)

  --- SHARD 4 CANDIDATE ANALYSIS ---
    Pair (4-2): Selected=0 / 2 choices
      Choice 1: inliners=26
      Choice 2: inliners=2
    Pair (4-3): Selected=0 / 5 choices
      Choice 1: inliners=38
      Choice 2: inliners=46
      Choice 3: inliners=14
      Choice 4: inliners=32
      Choice 5: inliners=68
    Pair (5-4): Selected=0 / 2 choices
      Choice 1: inliners=48
      Choice 2: inliners=12
    Pair (6-4): Selected=0 / 2 choices
      Choice 1: inliners=24
      Choice 2: inliners=6
    Pair (7-4): Selected=0 / 2 choices
      Choice 1: inliners=36
      Choice 2: inliners=30
    Pair (8-4): Selected=0 / 4 choices
      Choice 1: inliners=28
      Choice 2: inliners=22
      Choice 3: inliners=44
      Choice 4: inliners=0
    Pair (11-4): Selected=1 / 1 choices
      Choice 1: inliners=57 [SELECTED]
    Pair (13-4): Selected=0 / 1 choices
      Choice 1: inliners=14
    Pair (14-4): Selected=0 / 2 choices
      Choice 1: inliners=48
      Choice 2: inliners=16
    Pair (16-4): Selected=0 / 1 choices
      Choice 1: inliners=32
    Pair (17-4): Selected=0 / 1 choices
      Choice 1: inliners=66
    Pair (19-4): Selected=0 / 4 choices
      Choice 1: inliners=32
      Choice 2: inliners=44
      Choice 3: inliners=26
      Choice 4: inliners=40
    Pair (20-4): Selected=0 / 1 choices
      Choice 1: inliners=53
    Pair (21-4): Selected=0 / 3 choices
      Choice 1: inliners=22
      Choice 2: inliners=16
      Choice 3: inliners=32
    Pair (22-4): Selected=0 / 1 choices
      Choice 1: inliners=38
    Pair (27-4): Selected=0 / 1 choices
      Choice 1: inliners=39


--- GENERATION 50 BEST BREAKDOWN ---
  Total Fitness: 1836.97
  Inlier Reward: 1114.49
  Cycle Penalty: 0.00
  Overlap Penalty: 0.00
  Edge Residual Penalty: 0.00
  Edge Rot Residual Penalty: 0.00
  Connectivity Reward: 0.00
  Component Penalty: 0.00
  Consensus Support Reward: 722.48
  Largest Component: 27
  Num Components: 1
  Active Pairs: 26
  OverlapDiag Sum (indexed): 0.0000 (delta_vs_fitness=0.0000)
  OverlapDiag Pairs: total=325 same_comp=325 broad_reject=281 narrow_checked=325 active=1
  OverlapDiag Active Pairs: none

  --- ACTIVE GENE MAP ---
    Gene  0 (Pair  2- 1): choice=2 (inl=32)
    Gene  2 (Pair  5- 1): choice=8 (inl=84)
    Gene  7 (Pair 10- 1): choice=2 (inl=65)
    Gene 14 (Pair 19- 1): choice=2 (inl=89)
    Gene 18 (Pair 23- 1): choice=2 (inl=38)
    Gene 19 (Pair 24- 1): choice=1 (inl=36)
    Gene 22 (Pair  6- 2): choice=1 (inl=48)
    Gene 29 (Pair 13- 2): choice=1 (inl=46)
    Gene 35 (Pair 25- 2): choice=2 (inl=26)
    Gene 37 (Pair 27- 2): choice=1 (inl=30)
    Gene 42 (Pair  8- 3): choice=1 (inl=52)
    Gene 46 (Pair 12- 3): choice=1 (inl=48)
    Gene 47 (Pair 14- 3): choice=3 (inl=55)
    Gene 49 (Pair 16- 3): choice=1 (inl=64)
    Gene 50 (Pair 17- 3): choice=1 (inl=79)
    Gene 61 (Pair 11- 4): choice=1 (inl=57)
    Gene 67 (Pair 20- 4): choice=1 (inl=53)
    Gene 106 (Pair  8- 7): choice=3 (inl=98)
    Gene 109 (Pair 11- 7): choice=1 (inl=107)
    Gene 118 (Pair 22- 7): choice=3 (inl=28)
    Gene 151 (Pair 24- 9): choice=1 (inl=51)
    Gene 153 (Pair 12-10): choice=2 (inl=68)
    Gene 160 (Pair 21-10): choice=1 (inl=70)
    Gene 176 (Pair 15-12): choice=3 (inl=38)
    Gene 178 (Pair 18-12): choice=4 (inl=72)
    Gene 185 (Pair 26-12): choice=1 (inl=58)

  --- SHARD 4 CANDIDATE ANALYSIS ---
    Pair (4-2): Selected=0 / 2 choices
      Choice 1: inliners=26
      Choice 2: inliners=2
    Pair (4-3): Selected=0 / 5 choices
      Choice 1: inliners=38
      Choice 2: inliners=46
      Choice 3: inliners=14
      Choice 4: inliners=32
      Choice 5: inliners=68
    Pair (5-4): Selected=0 / 2 choices
      Choice 1: inliners=48
      Choice 2: inliners=12
    Pair (6-4): Selected=0 / 2 choices
      Choice 1: inliners=24
      Choice 2: inliners=6
    Pair (7-4): Selected=0 / 2 choices
      Choice 1: inliners=36
      Choice 2: inliners=30
    Pair (8-4): Selected=0 / 4 choices
      Choice 1: inliners=28
      Choice 2: inliners=22
      Choice 3: inliners=44
      Choice 4: inliners=0
    Pair (11-4): Selected=1 / 1 choices
      Choice 1: inliners=57 [SELECTED]
    Pair (13-4): Selected=0 / 1 choices
      Choice 1: inliners=14
    Pair (14-4): Selected=0 / 2 choices
      Choice 1: inliners=48
      Choice 2: inliners=16
    Pair (16-4): Selected=0 / 1 choices
      Choice 1: inliners=32
    Pair (17-4): Selected=0 / 1 choices
      Choice 1: inliners=66
    Pair (19-4): Selected=0 / 4 choices
      Choice 1: inliners=32
      Choice 2: inliners=44
      Choice 3: inliners=26
      Choice 4: inliners=40
    Pair (20-4): Selected=1 / 1 choices
      Choice 1: inliners=53 [SELECTED]
    Pair (21-4): Selected=0 / 3 choices
      Choice 1: inliners=22
      Choice 2: inliners=16
      Choice 3: inliners=32
    Pair (22-4): Selected=0 / 1 choices
      Choice 1: inliners=38
    Pair (27-4): Selected=0 / 1 choices
      Choice 1: inliners=39


--- GENERATION 60 BEST BREAKDOWN ---
  Total Fitness: 1993.56
  Inlier Reward: 1138.69
  Cycle Penalty: 0.00
  Overlap Penalty: 0.00
  Edge Residual Penalty: 0.00
  Edge Rot Residual Penalty: 0.00
  Connectivity Reward: 0.00
  Component Penalty: 0.00
  Consensus Support Reward: 854.87
  Largest Component: 27
  Num Components: 1
  Active Pairs: 26
  OverlapDiag Sum (indexed): 0.0000 (delta_vs_fitness=0.0000)
  OverlapDiag Pairs: total=325 same_comp=325 broad_reject=279 narrow_checked=325 active=0
  OverlapDiag Active Pairs: none

  --- ACTIVE GENE MAP ---
    Gene  2 (Pair  5- 1): choice=8 (inl=84)
    Gene  7 (Pair 10- 1): choice=2 (inl=65)
    Gene 14 (Pair 19- 1): choice=2 (inl=89)
    Gene 18 (Pair 23- 1): choice=2 (inl=38)
    Gene 19 (Pair 24- 1): choice=1 (inl=36)
    Gene 22 (Pair  6- 2): choice=1 (inl=48)
    Gene 25 (Pair  9- 2): choice=2 (inl=36)
    Gene 35 (Pair 25- 2): choice=2 (inl=26)
    Gene 36 (Pair 26- 2): choice=4 (inl=34)
    Gene 37 (Pair 27- 2): choice=1 (inl=30)
    Gene 42 (Pair  8- 3): choice=1 (inl=52)
    Gene 46 (Pair 12- 3): choice=1 (inl=48)
    Gene 47 (Pair 14- 3): choice=3 (inl=55)
    Gene 49 (Pair 16- 3): choice=1 (inl=64)
    Gene 50 (Pair 17- 3): choice=1 (inl=79)
    Gene 65 (Pair 17- 4): choice=1 (inl=66)
    Gene 67 (Pair 20- 4): choice=1 (inl=53)
    Gene 95 (Pair 13- 6): choice=1 (inl=68)
    Gene 106 (Pair  8- 7): choice=3 (inl=98)
    Gene 109 (Pair 11- 7): choice=1 (inl=107)
    Gene 118 (Pair 22- 7): choice=3 (inl=28)
    Gene 151 (Pair 24- 9): choice=1 (inl=51)
    Gene 153 (Pair 12-10): choice=2 (inl=68)
    Gene 160 (Pair 21-10): choice=1 (inl=70)
    Gene 176 (Pair 15-12): choice=3 (inl=38)
    Gene 178 (Pair 18-12): choice=4 (inl=72)

  --- SHARD 4 CANDIDATE ANALYSIS ---
    Pair (4-2): Selected=0 / 2 choices
      Choice 1: inliners=26
      Choice 2: inliners=2
    Pair (4-3): Selected=0 / 5 choices
      Choice 1: inliners=38
      Choice 2: inliners=46
      Choice 3: inliners=14
      Choice 4: inliners=32
      Choice 5: inliners=68
    Pair (5-4): Selected=0 / 2 choices
      Choice 1: inliners=48
      Choice 2: inliners=12
    Pair (6-4): Selected=0 / 2 choices
      Choice 1: inliners=24
      Choice 2: inliners=6
    Pair (7-4): Selected=0 / 2 choices
      Choice 1: inliners=36
      Choice 2: inliners=30
    Pair (8-4): Selected=0 / 4 choices
      Choice 1: inliners=28
      Choice 2: inliners=22
      Choice 3: inliners=44
      Choice 4: inliners=0
    Pair (11-4): Selected=0 / 1 choices
      Choice 1: inliners=57
    Pair (13-4): Selected=0 / 1 choices
      Choice 1: inliners=14
    Pair (14-4): Selected=0 / 2 choices
      Choice 1: inliners=48
      Choice 2: inliners=16
    Pair (16-4): Selected=0 / 1 choices
      Choice 1: inliners=32
    Pair (17-4): Selected=1 / 1 choices
      Choice 1: inliners=66 [SELECTED]
    Pair (19-4): Selected=0 / 4 choices
      Choice 1: inliners=32
      Choice 2: inliners=44
      Choice 3: inliners=26
      Choice 4: inliners=40
    Pair (20-4): Selected=1 / 1 choices
      Choice 1: inliners=53 [SELECTED]
    Pair (21-4): Selected=0 / 3 choices
      Choice 1: inliners=22
      Choice 2: inliners=16
      Choice 3: inliners=32
    Pair (22-4): Selected=0 / 1 choices
      Choice 1: inliners=38
    Pair (27-4): Selected=0 / 1 choices
      Choice 1: inliners=39


--- GENERATION 70 BEST BREAKDOWN ---
  Total Fitness: 1999.58
  Inlier Reward: 1094.47
  Cycle Penalty: 0.00
  Overlap Penalty: 0.00
  Edge Residual Penalty: 0.00
  Edge Rot Residual Penalty: 0.00
  Connectivity Reward: 0.00
  Component Penalty: 0.00
  Consensus Support Reward: 905.11
  Largest Component: 27
  Num Components: 1
  Active Pairs: 26
  OverlapDiag Sum (indexed): 0.0000 (delta_vs_fitness=0.0000)
  OverlapDiag Pairs: total=325 same_comp=325 broad_reject=278 narrow_checked=325 active=0
  OverlapDiag Active Pairs: none

  --- ACTIVE GENE MAP ---
    Gene  2 (Pair  5- 1): choice=8 (inl=84)
    Gene  7 (Pair 10- 1): choice=2 (inl=65)
    Gene 14 (Pair 19- 1): choice=2 (inl=89)
    Gene 18 (Pair 23- 1): choice=2 (inl=38)
    Gene 19 (Pair 24- 1): choice=1 (inl=36)
    Gene 22 (Pair  6- 2): choice=1 (inl=48)
    Gene 25 (Pair  9- 2): choice=2 (inl=36)
    Gene 35 (Pair 25- 2): choice=2 (inl=26)
    Gene 36 (Pair 26- 2): choice=4 (inl=34)
    Gene 37 (Pair 27- 2): choice=1 (inl=30)
    Gene 42 (Pair  8- 3): choice=1 (inl=52)
    Gene 46 (Pair 12- 3): choice=1 (inl=48)
    Gene 47 (Pair 14- 3): choice=3 (inl=55)
    Gene 49 (Pair 16- 3): choice=1 (inl=64)
    Gene 50 (Pair 17- 3): choice=1 (inl=79)
    Gene 61 (Pair 11- 4): choice=1 (inl=57)
    Gene 65 (Pair 17- 4): choice=1 (inl=66)
    Gene 67 (Pair 20- 4): choice=1 (inl=53)
    Gene 95 (Pair 13- 6): choice=1 (inl=68)
    Gene 106 (Pair  8- 7): choice=3 (inl=98)
    Gene 118 (Pair 22- 7): choice=3 (inl=28)
    Gene 151 (Pair 24- 9): choice=1 (inl=51)
    Gene 153 (Pair 12-10): choice=2 (inl=68)
    Gene 160 (Pair 21-10): choice=1 (inl=70)
    Gene 176 (Pair 15-12): choice=3 (inl=38)
    Gene 178 (Pair 18-12): choice=4 (inl=72)

  --- SHARD 4 CANDIDATE ANALYSIS ---
    Pair (4-2): Selected=0 / 2 choices
      Choice 1: inliners=26
      Choice 2: inliners=2
    Pair (4-3): Selected=0 / 5 choices
      Choice 1: inliners=38
      Choice 2: inliners=46
      Choice 3: inliners=14
      Choice 4: inliners=32
      Choice 5: inliners=68
    Pair (5-4): Selected=0 / 2 choices
      Choice 1: inliners=48
      Choice 2: inliners=12
    Pair (6-4): Selected=0 / 2 choices
      Choice 1: inliners=24
      Choice 2: inliners=6
    Pair (7-4): Selected=0 / 2 choices
      Choice 1: inliners=36
      Choice 2: inliners=30
    Pair (8-4): Selected=0 / 4 choices
      Choice 1: inliners=28
      Choice 2: inliners=22
      Choice 3: inliners=44
      Choice 4: inliners=0
    Pair (11-4): Selected=1 / 1 choices
      Choice 1: inliners=57 [SELECTED]
    Pair (13-4): Selected=0 / 1 choices
      Choice 1: inliners=14
    Pair (14-4): Selected=0 / 2 choices
      Choice 1: inliners=48
      Choice 2: inliners=16
    Pair (16-4): Selected=0 / 1 choices
      Choice 1: inliners=32
    Pair (17-4): Selected=1 / 1 choices
      Choice 1: inliners=66 [SELECTED]
    Pair (19-4): Selected=0 / 4 choices
      Choice 1: inliners=32
      Choice 2: inliners=44
      Choice 3: inliners=26
      Choice 4: inliners=40
    Pair (20-4): Selected=1 / 1 choices
      Choice 1: inliners=53 [SELECTED]
    Pair (21-4): Selected=0 / 3 choices
      Choice 1: inliners=22
      Choice 2: inliners=16
      Choice 3: inliners=32
    Pair (22-4): Selected=0 / 1 choices
      Choice 1: inliners=38
    Pair (27-4): Selected=0 / 1 choices
      Choice 1: inliners=39


--- GENERATION 80 BEST BREAKDOWN ---
  Total Fitness: 2018.67
  Inlier Reward: 1120.76
  Cycle Penalty: 0.00
  Overlap Penalty: 0.00
  Edge Residual Penalty: 0.00
  Edge Rot Residual Penalty: 0.00
  Connectivity Reward: 0.00
  Component Penalty: 0.00
  Consensus Support Reward: 897.92
  Largest Component: 27
  Num Components: 1
  Active Pairs: 26
  OverlapDiag Sum (indexed): 0.0000 (delta_vs_fitness=0.0000)
  OverlapDiag Pairs: total=325 same_comp=325 broad_reject=279 narrow_checked=325 active=0
  OverlapDiag Active Pairs: none

  --- ACTIVE GENE MAP ---
    Gene  2 (Pair  5- 1): choice=8 (inl=84)
    Gene  7 (Pair 10- 1): choice=2 (inl=65)
    Gene 18 (Pair 23- 1): choice=2 (inl=38)
    Gene 19 (Pair 24- 1): choice=1 (inl=36)
    Gene 22 (Pair  6- 2): choice=1 (inl=48)
    Gene 25 (Pair  9- 2): choice=2 (inl=36)
    Gene 35 (Pair 25- 2): choice=2 (inl=26)
    Gene 36 (Pair 26- 2): choice=4 (inl=34)
    Gene 37 (Pair 27- 2): choice=1 (inl=30)
    Gene 42 (Pair  8- 3): choice=1 (inl=52)
    Gene 46 (Pair 12- 3): choice=1 (inl=48)
    Gene 47 (Pair 14- 3): choice=3 (inl=55)
    Gene 49 (Pair 16- 3): choice=1 (inl=64)
    Gene 50 (Pair 17- 3): choice=1 (inl=79)
    Gene 65 (Pair 17- 4): choice=1 (inl=66)
    Gene 67 (Pair 20- 4): choice=1 (inl=53)
    Gene 95 (Pair 13- 6): choice=1 (inl=68)
    Gene 106 (Pair  8- 7): choice=3 (inl=98)
    Gene 109 (Pair 11- 7): choice=1 (inl=107)
    Gene 118 (Pair 22- 7): choice=3 (inl=28)
    Gene 151 (Pair 24- 9): choice=1 (inl=51)
    Gene 153 (Pair 12-10): choice=2 (inl=68)
    Gene 160 (Pair 21-10): choice=1 (inl=70)
    Gene 176 (Pair 15-12): choice=3 (inl=38)
    Gene 203 (Pair 18-15): choice=1 (inl=58)
    Gene 223 (Pair 21-19): choice=1 (inl=80)

  --- SHARD 4 CANDIDATE ANALYSIS ---
    Pair (4-2): Selected=0 / 2 choices
      Choice 1: inliners=26
      Choice 2: inliners=2
    Pair (4-3): Selected=0 / 5 choices
      Choice 1: inliners=38
      Choice 2: inliners=46
      Choice 3: inliners=14
      Choice 4: inliners=32
      Choice 5: inliners=68
    Pair (5-4): Selected=0 / 2 choices
      Choice 1: inliners=48
      Choice 2: inliners=12
    Pair (6-4): Selected=0 / 2 choices
      Choice 1: inliners=24
      Choice 2: inliners=6
    Pair (7-4): Selected=0 / 2 choices
      Choice 1: inliners=36
      Choice 2: inliners=30
    Pair (8-4): Selected=0 / 4 choices
      Choice 1: inliners=28
      Choice 2: inliners=22
      Choice 3: inliners=44
      Choice 4: inliners=0
    Pair (11-4): Selected=0 / 1 choices
      Choice 1: inliners=57
    Pair (13-4): Selected=0 / 1 choices
      Choice 1: inliners=14
    Pair (14-4): Selected=0 / 2 choices
      Choice 1: inliners=48
      Choice 2: inliners=16
    Pair (16-4): Selected=0 / 1 choices
      Choice 1: inliners=32
    Pair (17-4): Selected=1 / 1 choices
      Choice 1: inliners=66 [SELECTED]
    Pair (19-4): Selected=0 / 4 choices
      Choice 1: inliners=32
      Choice 2: inliners=44
      Choice 3: inliners=26
      Choice 4: inliners=40
    Pair (20-4): Selected=1 / 1 choices
      Choice 1: inliners=53 [SELECTED]
    Pair (21-4): Selected=0 / 3 choices
      Choice 1: inliners=22
      Choice 2: inliners=16
      Choice 3: inliners=32
    Pair (22-4): Selected=0 / 1 choices
      Choice 1: inliners=38
    Pair (27-4): Selected=0 / 1 choices
      Choice 1: inliners=39


--- GENERATION 90 BEST BREAKDOWN ---
  Total Fitness: 2052.24
  Inlier Reward: 1117.32
  Cycle Penalty: 0.00
  Overlap Penalty: 0.00
  Edge Residual Penalty: 0.00
  Edge Rot Residual Penalty: 0.00
  Connectivity Reward: 0.00
  Component Penalty: 0.00
  Consensus Support Reward: 934.91
  Largest Component: 27
  Num Components: 1
  Active Pairs: 26
  OverlapDiag Sum (indexed): 0.0000 (delta_vs_fitness=0.0000)
  OverlapDiag Pairs: total=325 same_comp=325 broad_reject=276 narrow_checked=325 active=0
  OverlapDiag Active Pairs: none

  --- ACTIVE GENE MAP ---
    Gene  2 (Pair  5- 1): choice=8 (inl=84)
    Gene  7 (Pair 10- 1): choice=2 (inl=65)
    Gene 14 (Pair 19- 1): choice=2 (inl=89)
    Gene 18 (Pair 23- 1): choice=2 (inl=38)
    Gene 19 (Pair 24- 1): choice=1 (inl=36)
    Gene 22 (Pair  6- 2): choice=1 (inl=48)
    Gene 25 (Pair  9- 2): choice=2 (inl=36)
    Gene 35 (Pair 25- 2): choice=2 (inl=26)
    Gene 36 (Pair 26- 2): choice=4 (inl=34)
    Gene 37 (Pair 27- 2): choice=1 (inl=30)
    Gene 42 (Pair  8- 3): choice=1 (inl=52)
    Gene 46 (Pair 12- 3): choice=1 (inl=48)
    Gene 47 (Pair 14- 3): choice=3 (inl=55)
    Gene 49 (Pair 16- 3): choice=1 (inl=64)
    Gene 50 (Pair 17- 3): choice=1 (inl=79)
    Gene 66 (Pair 19- 4): choice=2 (inl=44)
    Gene 67 (Pair 20- 4): choice=1 (inl=53)
    Gene 95 (Pair 13- 6): choice=1 (inl=68)
    Gene 106 (Pair  8- 7): choice=3 (inl=98)
    Gene 109 (Pair 11- 7): choice=1 (inl=107)
    Gene 118 (Pair 22- 7): choice=3 (inl=28)
    Gene 151 (Pair 24- 9): choice=1 (inl=51)
    Gene 153 (Pair 12-10): choice=2 (inl=68)
    Gene 160 (Pair 21-10): choice=1 (inl=70)
    Gene 176 (Pair 15-12): choice=3 (inl=38)
    Gene 178 (Pair 18-12): choice=4 (inl=72)

  --- SHARD 4 CANDIDATE ANALYSIS ---
    Pair (4-2): Selected=0 / 2 choices
      Choice 1: inliners=26
      Choice 2: inliners=2
    Pair (4-3): Selected=0 / 5 choices
      Choice 1: inliners=38
      Choice 2: inliners=46
      Choice 3: inliners=14
      Choice 4: inliners=32
      Choice 5: inliners=68
    Pair (5-4): Selected=0 / 2 choices
      Choice 1: inliners=48
      Choice 2: inliners=12
    Pair (6-4): Selected=0 / 2 choices
      Choice 1: inliners=24
      Choice 2: inliners=6
    Pair (7-4): Selected=0 / 2 choices
      Choice 1: inliners=36
      Choice 2: inliners=30
    Pair (8-4): Selected=0 / 4 choices
      Choice 1: inliners=28
      Choice 2: inliners=22
      Choice 3: inliners=44
      Choice 4: inliners=0
    Pair (11-4): Selected=0 / 1 choices
      Choice 1: inliners=57
    Pair (13-4): Selected=0 / 1 choices
      Choice 1: inliners=14
    Pair (14-4): Selected=0 / 2 choices
      Choice 1: inliners=48
      Choice 2: inliners=16
    Pair (16-4): Selected=0 / 1 choices
      Choice 1: inliners=32
    Pair (17-4): Selected=0 / 1 choices
      Choice 1: inliners=66
    Pair (19-4): Selected=2 / 4 choices
      Choice 1: inliners=32
      Choice 2: inliners=44 [SELECTED]
      Choice 3: inliners=26
      Choice 4: inliners=40
    Pair (20-4): Selected=1 / 1 choices
      Choice 1: inliners=53 [SELECTED]
    Pair (21-4): Selected=0 / 3 choices
      Choice 1: inliners=22
      Choice 2: inliners=16
      Choice 3: inliners=32
    Pair (22-4): Selected=0 / 1 choices
      Choice 1: inliners=38
    Pair (27-4): Selected=0 / 1 choices
      Choice 1: inliners=39


--- GENERATION 100 BEST BREAKDOWN ---
  Total Fitness: 2100.68
  Inlier Reward: 1105.98
  Cycle Penalty: 0.00
  Overlap Penalty: 0.00
  Edge Residual Penalty: 0.00
  Edge Rot Residual Penalty: 0.00
  Connectivity Reward: 0.00
  Component Penalty: 0.00
  Consensus Support Reward: 994.69
  Largest Component: 27
  Num Components: 1
  Active Pairs: 26
  OverlapDiag Sum (indexed): 0.0000 (delta_vs_fitness=0.0000)
  OverlapDiag Pairs: total=325 same_comp=325 broad_reject=276 narrow_checked=325 active=0
  OverlapDiag Active Pairs: none

  --- ACTIVE GENE MAP ---
    Gene  2 (Pair  5- 1): choice=8 (inl=84)
    Gene  7 (Pair 10- 1): choice=2 (inl=65)
    Gene 14 (Pair 19- 1): choice=2 (inl=89)
    Gene 18 (Pair 23- 1): choice=2 (inl=38)
    Gene 19 (Pair 24- 1): choice=1 (inl=36)
    Gene 22 (Pair  6- 2): choice=1 (inl=48)
    Gene 25 (Pair  9- 2): choice=2 (inl=36)
    Gene 35 (Pair 25- 2): choice=2 (inl=26)
    Gene 36 (Pair 26- 2): choice=4 (inl=34)
    Gene 37 (Pair 27- 2): choice=1 (inl=30)
    Gene 42 (Pair  8- 3): choice=1 (inl=52)
    Gene 46 (Pair 12- 3): choice=1 (inl=48)
    Gene 47 (Pair 14- 3): choice=3 (inl=55)
    Gene 49 (Pair 16- 3): choice=1 (inl=64)
    Gene 50 (Pair 17- 3): choice=1 (inl=79)
    Gene 67 (Pair 20- 4): choice=1 (inl=53)
    Gene 95 (Pair 13- 6): choice=1 (inl=68)
    Gene 106 (Pair  8- 7): choice=3 (inl=98)
    Gene 109 (Pair 11- 7): choice=1 (inl=107)
    Gene 118 (Pair 22- 7): choice=3 (inl=28)
    Gene 151 (Pair 24- 9): choice=1 (inl=51)
    Gene 153 (Pair 12-10): choice=2 (inl=68)
    Gene 160 (Pair 21-10): choice=1 (inl=70)
    Gene 176 (Pair 15-12): choice=3 (inl=38)
    Gene 203 (Pair 18-15): choice=1 (inl=58)
    Gene 222 (Pair 20-19): choice=2 (inl=42)

  --- SHARD 4 CANDIDATE ANALYSIS ---
    Pair (4-2): Selected=0 / 2 choices
      Choice 1: inliners=26
      Choice 2: inliners=2
    Pair (4-3): Selected=0 / 5 choices
      Choice 1: inliners=38
      Choice 2: inliners=46
      Choice 3: inliners=14
      Choice 4: inliners=32
      Choice 5: inliners=68
    Pair (5-4): Selected=0 / 2 choices
      Choice 1: inliners=48
      Choice 2: inliners=12
    Pair (6-4): Selected=0 / 2 choices
      Choice 1: inliners=24
      Choice 2: inliners=6
    Pair (7-4): Selected=0 / 2 choices
      Choice 1: inliners=36
      Choice 2: inliners=30
    Pair (8-4): Selected=0 / 4 choices
      Choice 1: inliners=28
      Choice 2: inliners=22
      Choice 3: inliners=44
      Choice 4: inliners=0
    Pair (11-4): Selected=0 / 1 choices
      Choice 1: inliners=57
    Pair (13-4): Selected=0 / 1 choices
      Choice 1: inliners=14
    Pair (14-4): Selected=0 / 2 choices
      Choice 1: inliners=48
      Choice 2: inliners=16
    Pair (16-4): Selected=0 / 1 choices
      Choice 1: inliners=32
    Pair (17-4): Selected=0 / 1 choices
      Choice 1: inliners=66
    Pair (19-4): Selected=0 / 4 choices
      Choice 1: inliners=32
      Choice 2: inliners=44
      Choice 3: inliners=26
      Choice 4: inliners=40
    Pair (20-4): Selected=1 / 1 choices
      Choice 1: inliners=53 [SELECTED]
    Pair (21-4): Selected=0 / 3 choices
      Choice 1: inliners=22
      Choice 2: inliners=16
      Choice 3: inliners=32
    Pair (22-4): Selected=0 / 1 choices
      Choice 1: inliners=38
    Pair (27-4): Selected=0 / 1 choices
      Choice 1: inliners=39


--- GENERATION 110 BEST BREAKDOWN ---
  Total Fitness: 2158.38
  Inlier Reward: 1066.62
  Cycle Penalty: 0.00
  Overlap Penalty: 0.00
  Edge Residual Penalty: 0.00
  Edge Rot Residual Penalty: 0.00
  Connectivity Reward: 0.00
  Component Penalty: 0.00
  Consensus Support Reward: 1091.76
  Largest Component: 27
  Num Components: 1
  Active Pairs: 26
  OverlapDiag Sum (indexed): 0.0000 (delta_vs_fitness=0.0000)
  OverlapDiag Pairs: total=325 same_comp=325 broad_reject=275 narrow_checked=325 active=0
  OverlapDiag Active Pairs: none

  --- ACTIVE GENE MAP ---
    Gene  2 (Pair  5- 1): choice=8 (inl=84)
    Gene  7 (Pair 10- 1): choice=2 (inl=65)
    Gene 14 (Pair 19- 1): choice=2 (inl=89)
    Gene 18 (Pair 23- 1): choice=2 (inl=38)
    Gene 19 (Pair 24- 1): choice=1 (inl=36)
    Gene 22 (Pair  6- 2): choice=1 (inl=48)
    Gene 25 (Pair  9- 2): choice=2 (inl=36)
    Gene 35 (Pair 25- 2): choice=2 (inl=26)
    Gene 36 (Pair 26- 2): choice=4 (inl=34)
    Gene 42 (Pair  8- 3): choice=1 (inl=52)
    Gene 46 (Pair 12- 3): choice=1 (inl=48)
    Gene 47 (Pair 14- 3): choice=3 (inl=55)
    Gene 49 (Pair 16- 3): choice=1 (inl=64)
    Gene 67 (Pair 20- 4): choice=1 (inl=53)
    Gene 95 (Pair 13- 6): choice=1 (inl=68)
    Gene 106 (Pair  8- 7): choice=3 (inl=98)
    Gene 109 (Pair 11- 7): choice=1 (inl=107)
    Gene 118 (Pair 22- 7): choice=3 (inl=28)
    Gene 151 (Pair 24- 9): choice=1 (inl=51)
    Gene 153 (Pair 12-10): choice=2 (inl=68)
    Gene 160 (Pair 21-10): choice=1 (inl=70)
    Gene 176 (Pair 15-12): choice=3 (inl=38)
    Gene 192 (Pair 27-13): choice=2 (inl=30)
    Gene 194 (Pair 17-14): choice=1 (inl=26)
    Gene 203 (Pair 18-15): choice=1 (inl=58)
    Gene 222 (Pair 20-19): choice=2 (inl=42)

  --- SHARD 4 CANDIDATE ANALYSIS ---
    Pair (4-2): Selected=0 / 2 choices
      Choice 1: inliners=26
      Choice 2: inliners=2
    Pair (4-3): Selected=0 / 5 choices
      Choice 1: inliners=38
      Choice 2: inliners=46
      Choice 3: inliners=14
      Choice 4: inliners=32
      Choice 5: inliners=68
    Pair (5-4): Selected=0 / 2 choices
      Choice 1: inliners=48
      Choice 2: inliners=12
    Pair (6-4): Selected=0 / 2 choices
      Choice 1: inliners=24
      Choice 2: inliners=6
    Pair (7-4): Selected=0 / 2 choices
      Choice 1: inliners=36
      Choice 2: inliners=30
    Pair (8-4): Selected=0 / 4 choices
      Choice 1: inliners=28
      Choice 2: inliners=22
      Choice 3: inliners=44
      Choice 4: inliners=0
    Pair (11-4): Selected=0 / 1 choices
      Choice 1: inliners=57
    Pair (13-4): Selected=0 / 1 choices
      Choice 1: inliners=14
    Pair (14-4): Selected=0 / 2 choices
      Choice 1: inliners=48
      Choice 2: inliners=16
    Pair (16-4): Selected=0 / 1 choices
      Choice 1: inliners=32
    Pair (17-4): Selected=0 / 1 choices
      Choice 1: inliners=66
    Pair (19-4): Selected=0 / 4 choices
      Choice 1: inliners=32
      Choice 2: inliners=44
      Choice 3: inliners=26
      Choice 4: inliners=40
    Pair (20-4): Selected=1 / 1 choices
      Choice 1: inliners=53 [SELECTED]
    Pair (21-4): Selected=0 / 3 choices
      Choice 1: inliners=22
      Choice 2: inliners=16
      Choice 3: inliners=32
    Pair (22-4): Selected=0 / 1 choices
      Choice 1: inliners=38
    Pair (27-4): Selected=0 / 1 choices
      Choice 1: inliners=39


--- GENERATION 120 BEST BREAKDOWN ---
  Total Fitness: 2170.20
  Inlier Reward: 1075.03
  Cycle Penalty: 0.00
  Overlap Penalty: 0.00
  Edge Residual Penalty: 0.00
  Edge Rot Residual Penalty: 0.00
  Connectivity Reward: 0.00
  Component Penalty: 0.00
  Consensus Support Reward: 1095.17
  Largest Component: 27
  Num Components: 1
  Active Pairs: 26
  OverlapDiag Sum (indexed): 0.0000 (delta_vs_fitness=0.0000)
  OverlapDiag Pairs: total=325 same_comp=325 broad_reject=275 narrow_checked=325 active=0
  OverlapDiag Active Pairs: none

  --- ACTIVE GENE MAP ---
    Gene  7 (Pair 10- 1): choice=2 (inl=65)
    Gene 14 (Pair 19- 1): choice=2 (inl=89)
    Gene 18 (Pair 23- 1): choice=2 (inl=38)
    Gene 19 (Pair 24- 1): choice=1 (inl=36)
    Gene 22 (Pair  6- 2): choice=1 (inl=48)
    Gene 25 (Pair  9- 2): choice=2 (inl=36)
    Gene 35 (Pair 25- 2): choice=2 (inl=26)
    Gene 36 (Pair 26- 2): choice=4 (inl=34)
    Gene 42 (Pair  8- 3): choice=1 (inl=52)
    Gene 46 (Pair 12- 3): choice=1 (inl=48)
    Gene 47 (Pair 14- 3): choice=3 (inl=55)
    Gene 49 (Pair 16- 3): choice=1 (inl=64)
    Gene 67 (Pair 20- 4): choice=1 (inl=53)
    Gene 70 (Pair 27- 4): choice=1 (inl=39)
    Gene 74 (Pair  9- 5): choice=5 (inl=74)
    Gene 95 (Pair 13- 6): choice=1 (inl=68)
    Gene 106 (Pair  8- 7): choice=3 (inl=98)
    Gene 109 (Pair 11- 7): choice=1 (inl=107)
    Gene 118 (Pair 22- 7): choice=3 (inl=28)
    Gene 151 (Pair 24- 9): choice=1 (inl=51)
    Gene 153 (Pair 12-10): choice=2 (inl=68)
    Gene 160 (Pair 21-10): choice=1 (inl=70)
    Gene 176 (Pair 15-12): choice=3 (inl=38)
    Gene 194 (Pair 17-14): choice=1 (inl=26)
    Gene 203 (Pair 18-15): choice=1 (inl=58)
    Gene 222 (Pair 20-19): choice=2 (inl=42)

  --- SHARD 4 CANDIDATE ANALYSIS ---
    Pair (4-2): Selected=0 / 2 choices
      Choice 1: inliners=26
      Choice 2: inliners=2
    Pair (4-3): Selected=0 / 5 choices
      Choice 1: inliners=38
      Choice 2: inliners=46
      Choice 3: inliners=14
      Choice 4: inliners=32
      Choice 5: inliners=68
    Pair (5-4): Selected=0 / 2 choices
      Choice 1: inliners=48
      Choice 2: inliners=12
    Pair (6-4): Selected=0 / 2 choices
      Choice 1: inliners=24
      Choice 2: inliners=6
    Pair (7-4): Selected=0 / 2 choices
      Choice 1: inliners=36
      Choice 2: inliners=30
    Pair (8-4): Selected=0 / 4 choices
      Choice 1: inliners=28
      Choice 2: inliners=22
      Choice 3: inliners=44
      Choice 4: inliners=0
    Pair (11-4): Selected=0 / 1 choices
      Choice 1: inliners=57
    Pair (13-4): Selected=0 / 1 choices
      Choice 1: inliners=14
    Pair (14-4): Selected=0 / 2 choices
      Choice 1: inliners=48
      Choice 2: inliners=16
    Pair (16-4): Selected=0 / 1 choices
      Choice 1: inliners=32
    Pair (17-4): Selected=0 / 1 choices
      Choice 1: inliners=66
    Pair (19-4): Selected=0 / 4 choices
      Choice 1: inliners=32
      Choice 2: inliners=44
      Choice 3: inliners=26
      Choice 4: inliners=40
    Pair (20-4): Selected=1 / 1 choices
      Choice 1: inliners=53 [SELECTED]
    Pair (21-4): Selected=0 / 3 choices
      Choice 1: inliners=22
      Choice 2: inliners=16
      Choice 3: inliners=32
    Pair (22-4): Selected=0 / 1 choices
      Choice 1: inliners=38
    Pair (27-4): Selected=1 / 1 choices
      Choice 1: inliners=39 [SELECTED]


--- GENERATION 130 BEST BREAKDOWN ---
  Total Fitness: 2170.20
  Inlier Reward: 1075.03
  Cycle Penalty: 0.00
  Overlap Penalty: 0.00
  Edge Residual Penalty: 0.00
  Edge Rot Residual Penalty: 0.00
  Connectivity Reward: 0.00
  Component Penalty: 0.00
  Consensus Support Reward: 1095.17
  Largest Component: 27
  Num Components: 1
  Active Pairs: 26
  OverlapDiag Sum (indexed): 0.0000 (delta_vs_fitness=0.0000)
  OverlapDiag Pairs: total=325 same_comp=325 broad_reject=275 narrow_checked=325 active=0
  OverlapDiag Active Pairs: none

  --- ACTIVE GENE MAP ---
    Gene  7 (Pair 10- 1): choice=2 (inl=65)
    Gene 14 (Pair 19- 1): choice=2 (inl=89)
    Gene 18 (Pair 23- 1): choice=2 (inl=38)
    Gene 19 (Pair 24- 1): choice=1 (inl=36)
    Gene 22 (Pair  6- 2): choice=1 (inl=48)
    Gene 25 (Pair  9- 2): choice=2 (inl=36)
    Gene 35 (Pair 25- 2): choice=2 (inl=26)
    Gene 36 (Pair 26- 2): choice=4 (inl=34)
    Gene 42 (Pair  8- 3): choice=1 (inl=52)
    Gene 46 (Pair 12- 3): choice=1 (inl=48)
    Gene 47 (Pair 14- 3): choice=3 (inl=55)
    Gene 49 (Pair 16- 3): choice=1 (inl=64)
    Gene 67 (Pair 20- 4): choice=1 (inl=53)
    Gene 70 (Pair 27- 4): choice=1 (inl=39)
    Gene 74 (Pair  9- 5): choice=5 (inl=74)
    Gene 95 (Pair 13- 6): choice=1 (inl=68)
    Gene 106 (Pair  8- 7): choice=3 (inl=98)
    Gene 109 (Pair 11- 7): choice=1 (inl=107)
    Gene 118 (Pair 22- 7): choice=3 (inl=28)
    Gene 151 (Pair 24- 9): choice=1 (inl=51)
    Gene 153 (Pair 12-10): choice=2 (inl=68)
    Gene 160 (Pair 21-10): choice=1 (inl=70)
    Gene 176 (Pair 15-12): choice=3 (inl=38)
    Gene 194 (Pair 17-14): choice=1 (inl=26)
    Gene 203 (Pair 18-15): choice=1 (inl=58)
    Gene 222 (Pair 20-19): choice=2 (inl=42)

  --- SHARD 4 CANDIDATE ANALYSIS ---
    Pair (4-2): Selected=0 / 2 choices
      Choice 1: inliners=26
      Choice 2: inliners=2
    Pair (4-3): Selected=0 / 5 choices
      Choice 1: inliners=38
      Choice 2: inliners=46
      Choice 3: inliners=14
      Choice 4: inliners=32
      Choice 5: inliners=68
    Pair (5-4): Selected=0 / 2 choices
      Choice 1: inliners=48
      Choice 2: inliners=12
    Pair (6-4): Selected=0 / 2 choices
      Choice 1: inliners=24
      Choice 2: inliners=6
    Pair (7-4): Selected=0 / 2 choices
      Choice 1: inliners=36
      Choice 2: inliners=30
    Pair (8-4): Selected=0 / 4 choices
      Choice 1: inliners=28
      Choice 2: inliners=22
      Choice 3: inliners=44
      Choice 4: inliners=0
    Pair (11-4): Selected=0 / 1 choices
      Choice 1: inliners=57
    Pair (13-4): Selected=0 / 1 choices
      Choice 1: inliners=14
    Pair (14-4): Selected=0 / 2 choices
      Choice 1: inliners=48
      Choice 2: inliners=16
    Pair (16-4): Selected=0 / 1 choices
      Choice 1: inliners=32
    Pair (17-4): Selected=0 / 1 choices
      Choice 1: inliners=66
    Pair (19-4): Selected=0 / 4 choices
      Choice 1: inliners=32
      Choice 2: inliners=44
      Choice 3: inliners=26
      Choice 4: inliners=40
    Pair (20-4): Selected=1 / 1 choices
      Choice 1: inliners=53 [SELECTED]
    Pair (21-4): Selected=0 / 3 choices
      Choice 1: inliners=22
      Choice 2: inliners=16
      Choice 3: inliners=32
    Pair (22-4): Selected=0 / 1 choices
      Choice 1: inliners=38
    Pair (27-4): Selected=1 / 1 choices
      Choice 1: inliners=39 [SELECTED]


--- GENERATION 140 BEST BREAKDOWN ---
  Total Fitness: 2170.20
  Inlier Reward: 1075.03
  Cycle Penalty: 0.00
  Overlap Penalty: 0.00
  Edge Residual Penalty: 0.00
  Edge Rot Residual Penalty: 0.00
  Connectivity Reward: 0.00
  Component Penalty: 0.00
  Consensus Support Reward: 1095.17
  Largest Component: 27
  Num Components: 1
  Active Pairs: 26
  OverlapDiag Sum (indexed): 0.0000 (delta_vs_fitness=0.0000)
  OverlapDiag Pairs: total=325 same_comp=325 broad_reject=275 narrow_checked=325 active=0
  OverlapDiag Active Pairs: none

  --- ACTIVE GENE MAP ---
    Gene  7 (Pair 10- 1): choice=2 (inl=65)
    Gene 14 (Pair 19- 1): choice=2 (inl=89)
    Gene 18 (Pair 23- 1): choice=2 (inl=38)
    Gene 19 (Pair 24- 1): choice=1 (inl=36)
    Gene 22 (Pair  6- 2): choice=1 (inl=48)
    Gene 25 (Pair  9- 2): choice=2 (inl=36)
    Gene 35 (Pair 25- 2): choice=2 (inl=26)
    Gene 36 (Pair 26- 2): choice=4 (inl=34)
    Gene 42 (Pair  8- 3): choice=1 (inl=52)
    Gene 46 (Pair 12- 3): choice=1 (inl=48)
    Gene 47 (Pair 14- 3): choice=3 (inl=55)
    Gene 49 (Pair 16- 3): choice=1 (inl=64)
    Gene 67 (Pair 20- 4): choice=1 (inl=53)
    Gene 70 (Pair 27- 4): choice=1 (inl=39)
    Gene 74 (Pair  9- 5): choice=5 (inl=74)
    Gene 95 (Pair 13- 6): choice=1 (inl=68)
    Gene 106 (Pair  8- 7): choice=3 (inl=98)
    Gene 109 (Pair 11- 7): choice=1 (inl=107)
    Gene 118 (Pair 22- 7): choice=3 (inl=28)
    Gene 151 (Pair 24- 9): choice=1 (inl=51)
    Gene 153 (Pair 12-10): choice=2 (inl=68)
    Gene 160 (Pair 21-10): choice=1 (inl=70)
    Gene 176 (Pair 15-12): choice=3 (inl=38)
    Gene 194 (Pair 17-14): choice=1 (inl=26)
    Gene 203 (Pair 18-15): choice=1 (inl=58)
    Gene 222 (Pair 20-19): choice=2 (inl=42)

  --- SHARD 4 CANDIDATE ANALYSIS ---
    Pair (4-2): Selected=0 / 2 choices
      Choice 1: inliners=26
      Choice 2: inliners=2
    Pair (4-3): Selected=0 / 5 choices
      Choice 1: inliners=38
      Choice 2: inliners=46
      Choice 3: inliners=14
      Choice 4: inliners=32
      Choice 5: inliners=68
    Pair (5-4): Selected=0 / 2 choices
      Choice 1: inliners=48
      Choice 2: inliners=12
    Pair (6-4): Selected=0 / 2 choices
      Choice 1: inliners=24
      Choice 2: inliners=6
    Pair (7-4): Selected=0 / 2 choices
      Choice 1: inliners=36
      Choice 2: inliners=30
    Pair (8-4): Selected=0 / 4 choices
      Choice 1: inliners=28
      Choice 2: inliners=22
      Choice 3: inliners=44
      Choice 4: inliners=0
    Pair (11-4): Selected=0 / 1 choices
      Choice 1: inliners=57
    Pair (13-4): Selected=0 / 1 choices
      Choice 1: inliners=14
    Pair (14-4): Selected=0 / 2 choices
      Choice 1: inliners=48
      Choice 2: inliners=16
    Pair (16-4): Selected=0 / 1 choices
      Choice 1: inliners=32
    Pair (17-4): Selected=0 / 1 choices
      Choice 1: inliners=66
    Pair (19-4): Selected=0 / 4 choices
      Choice 1: inliners=32
      Choice 2: inliners=44
      Choice 3: inliners=26
      Choice 4: inliners=40
    Pair (20-4): Selected=1 / 1 choices
      Choice 1: inliners=53 [SELECTED]
    Pair (21-4): Selected=0 / 3 choices
      Choice 1: inliners=22
      Choice 2: inliners=16
      Choice 3: inliners=32
    Pair (22-4): Selected=0 / 1 choices
      Choice 1: inliners=38
    Pair (27-4): Selected=1 / 1 choices
      Choice 1: inliners=39 [SELECTED]


--- GENERATION 150 BEST BREAKDOWN ---
  Total Fitness: 2170.20
  Inlier Reward: 1075.03
  Cycle Penalty: 0.00
  Overlap Penalty: 0.00
  Edge Residual Penalty: 0.00
  Edge Rot Residual Penalty: 0.00
  Connectivity Reward: 0.00
  Component Penalty: 0.00
  Consensus Support Reward: 1095.17
  Largest Component: 27
  Num Components: 1
  Active Pairs: 26
  OverlapDiag Sum (indexed): 0.0000 (delta_vs_fitness=0.0000)
  OverlapDiag Pairs: total=325 same_comp=325 broad_reject=275 narrow_checked=325 active=0
  OverlapDiag Active Pairs: none

  --- ACTIVE GENE MAP ---
    Gene  7 (Pair 10- 1): choice=2 (inl=65)
    Gene 14 (Pair 19- 1): choice=2 (inl=89)
    Gene 18 (Pair 23- 1): choice=2 (inl=38)
    Gene 19 (Pair 24- 1): choice=1 (inl=36)
    Gene 22 (Pair  6- 2): choice=1 (inl=48)
    Gene 25 (Pair  9- 2): choice=2 (inl=36)
    Gene 35 (Pair 25- 2): choice=2 (inl=26)
    Gene 36 (Pair 26- 2): choice=4 (inl=34)
    Gene 42 (Pair  8- 3): choice=1 (inl=52)
    Gene 46 (Pair 12- 3): choice=1 (inl=48)
    Gene 47 (Pair 14- 3): choice=3 (inl=55)
    Gene 49 (Pair 16- 3): choice=1 (inl=64)
    Gene 67 (Pair 20- 4): choice=1 (inl=53)
    Gene 70 (Pair 27- 4): choice=1 (inl=39)
    Gene 74 (Pair  9- 5): choice=5 (inl=74)
    Gene 95 (Pair 13- 6): choice=1 (inl=68)
    Gene 106 (Pair  8- 7): choice=3 (inl=98)
    Gene 109 (Pair 11- 7): choice=1 (inl=107)
    Gene 118 (Pair 22- 7): choice=3 (inl=28)
    Gene 151 (Pair 24- 9): choice=1 (inl=51)
    Gene 153 (Pair 12-10): choice=2 (inl=68)
    Gene 160 (Pair 21-10): choice=1 (inl=70)
    Gene 176 (Pair 15-12): choice=3 (inl=38)
    Gene 194 (Pair 17-14): choice=1 (inl=26)
    Gene 203 (Pair 18-15): choice=1 (inl=58)
    Gene 222 (Pair 20-19): choice=2 (inl=42)

  --- SHARD 4 CANDIDATE ANALYSIS ---
    Pair (4-2): Selected=0 / 2 choices
      Choice 1: inliners=26
      Choice 2: inliners=2
    Pair (4-3): Selected=0 / 5 choices
      Choice 1: inliners=38
      Choice 2: inliners=46
      Choice 3: inliners=14
      Choice 4: inliners=32
      Choice 5: inliners=68
    Pair (5-4): Selected=0 / 2 choices
      Choice 1: inliners=48
      Choice 2: inliners=12
    Pair (6-4): Selected=0 / 2 choices
      Choice 1: inliners=24
      Choice 2: inliners=6
    Pair (7-4): Selected=0 / 2 choices
      Choice 1: inliners=36
      Choice 2: inliners=30
    Pair (8-4): Selected=0 / 4 choices
      Choice 1: inliners=28
      Choice 2: inliners=22
      Choice 3: inliners=44
      Choice 4: inliners=0
    Pair (11-4): Selected=0 / 1 choices
      Choice 1: inliners=57
    Pair (13-4): Selected=0 / 1 choices
      Choice 1: inliners=14
    Pair (14-4): Selected=0 / 2 choices
      Choice 1: inliners=48
      Choice 2: inliners=16
    Pair (16-4): Selected=0 / 1 choices
      Choice 1: inliners=32
    Pair (17-4): Selected=0 / 1 choices
      Choice 1: inliners=66
    Pair (19-4): Selected=0 / 4 choices
      Choice 1: inliners=32
      Choice 2: inliners=44
      Choice 3: inliners=26
      Choice 4: inliners=40
    Pair (20-4): Selected=1 / 1 choices
      Choice 1: inliners=53 [SELECTED]
    Pair (21-4): Selected=0 / 3 choices
      Choice 1: inliners=22
      Choice 2: inliners=16
      Choice 3: inliners=32
    Pair (22-4): Selected=0 / 1 choices
      Choice 1: inliners=38
    Pair (27-4): Selected=1 / 1 choices
      Choice 1: inliners=39 [SELECTED]


--- GENERATION 160 BEST BREAKDOWN ---
  Total Fitness: 2170.20
  Inlier Reward: 1075.03
  Cycle Penalty: 0.00
  Overlap Penalty: 0.00
  Edge Residual Penalty: 0.00
  Edge Rot Residual Penalty: 0.00
  Connectivity Reward: 0.00
  Component Penalty: 0.00
  Consensus Support Reward: 1095.17
  Largest Component: 27
  Num Components: 1
  Active Pairs: 26
  OverlapDiag Sum (indexed): 0.0000 (delta_vs_fitness=0.0000)
  OverlapDiag Pairs: total=325 same_comp=325 broad_reject=275 narrow_checked=325 active=0
  OverlapDiag Active Pairs: none

  --- ACTIVE GENE MAP ---
    Gene  7 (Pair 10- 1): choice=2 (inl=65)
    Gene 14 (Pair 19- 1): choice=2 (inl=89)
    Gene 18 (Pair 23- 1): choice=2 (inl=38)
    Gene 19 (Pair 24- 1): choice=1 (inl=36)
    Gene 22 (Pair  6- 2): choice=1 (inl=48)
    Gene 25 (Pair  9- 2): choice=2 (inl=36)
    Gene 35 (Pair 25- 2): choice=2 (inl=26)
    Gene 36 (Pair 26- 2): choice=4 (inl=34)
    Gene 42 (Pair  8- 3): choice=1 (inl=52)
    Gene 46 (Pair 12- 3): choice=1 (inl=48)
    Gene 47 (Pair 14- 3): choice=3 (inl=55)
    Gene 49 (Pair 16- 3): choice=1 (inl=64)
    Gene 67 (Pair 20- 4): choice=1 (inl=53)
    Gene 70 (Pair 27- 4): choice=1 (inl=39)
    Gene 74 (Pair  9- 5): choice=5 (inl=74)
    Gene 95 (Pair 13- 6): choice=1 (inl=68)
    Gene 106 (Pair  8- 7): choice=3 (inl=98)
    Gene 109 (Pair 11- 7): choice=1 (inl=107)
    Gene 118 (Pair 22- 7): choice=3 (inl=28)
    Gene 151 (Pair 24- 9): choice=1 (inl=51)
    Gene 153 (Pair 12-10): choice=2 (inl=68)
    Gene 160 (Pair 21-10): choice=1 (inl=70)
    Gene 176 (Pair 15-12): choice=3 (inl=38)
    Gene 194 (Pair 17-14): choice=1 (inl=26)
    Gene 203 (Pair 18-15): choice=1 (inl=58)
    Gene 222 (Pair 20-19): choice=2 (inl=42)

  --- SHARD 4 CANDIDATE ANALYSIS ---
    Pair (4-2): Selected=0 / 2 choices
      Choice 1: inliners=26
      Choice 2: inliners=2
    Pair (4-3): Selected=0 / 5 choices
      Choice 1: inliners=38
      Choice 2: inliners=46
      Choice 3: inliners=14
      Choice 4: inliners=32
      Choice 5: inliners=68
    Pair (5-4): Selected=0 / 2 choices
      Choice 1: inliners=48
      Choice 2: inliners=12
    Pair (6-4): Selected=0 / 2 choices
      Choice 1: inliners=24
      Choice 2: inliners=6
    Pair (7-4): Selected=0 / 2 choices
      Choice 1: inliners=36
      Choice 2: inliners=30
    Pair (8-4): Selected=0 / 4 choices
      Choice 1: inliners=28
      Choice 2: inliners=22
      Choice 3: inliners=44
      Choice 4: inliners=0
    Pair (11-4): Selected=0 / 1 choices
      Choice 1: inliners=57
    Pair (13-4): Selected=0 / 1 choices
      Choice 1: inliners=14
    Pair (14-4): Selected=0 / 2 choices
      Choice 1: inliners=48
      Choice 2: inliners=16
    Pair (16-4): Selected=0 / 1 choices
      Choice 1: inliners=32
    Pair (17-4): Selected=0 / 1 choices
      Choice 1: inliners=66
    Pair (19-4): Selected=0 / 4 choices
      Choice 1: inliners=32
      Choice 2: inliners=44
      Choice 3: inliners=26
      Choice 4: inliners=40
    Pair (20-4): Selected=1 / 1 choices
      Choice 1: inliners=53 [SELECTED]
    Pair (21-4): Selected=0 / 3 choices
      Choice 1: inliners=22
      Choice 2: inliners=16
      Choice 3: inliners=32
    Pair (22-4): Selected=0 / 1 choices
      Choice 1: inliners=38
    Pair (27-4): Selected=1 / 1 choices
      Choice 1: inliners=39 [SELECTED]


--- GENERATION 170 BEST BREAKDOWN ---
  Total Fitness: 2170.20
  Inlier Reward: 1075.03
  Cycle Penalty: 0.00
  Overlap Penalty: 0.00
  Edge Residual Penalty: 0.00
  Edge Rot Residual Penalty: 0.00
  Connectivity Reward: 0.00
  Component Penalty: 0.00
  Consensus Support Reward: 1095.17
  Largest Component: 27
  Num Components: 1
  Active Pairs: 26
  OverlapDiag Sum (indexed): 0.0000 (delta_vs_fitness=0.0000)
  OverlapDiag Pairs: total=325 same_comp=325 broad_reject=275 narrow_checked=325 active=0
  OverlapDiag Active Pairs: none

  --- ACTIVE GENE MAP ---
    Gene  7 (Pair 10- 1): choice=2 (inl=65)
    Gene 14 (Pair 19- 1): choice=2 (inl=89)
    Gene 18 (Pair 23- 1): choice=2 (inl=38)
    Gene 19 (Pair 24- 1): choice=1 (inl=36)
    Gene 22 (Pair  6- 2): choice=1 (inl=48)
    Gene 25 (Pair  9- 2): choice=2 (inl=36)
    Gene 35 (Pair 25- 2): choice=2 (inl=26)
    Gene 36 (Pair 26- 2): choice=4 (inl=34)
    Gene 42 (Pair  8- 3): choice=1 (inl=52)
    Gene 46 (Pair 12- 3): choice=1 (inl=48)
    Gene 47 (Pair 14- 3): choice=3 (inl=55)
    Gene 49 (Pair 16- 3): choice=1 (inl=64)
    Gene 67 (Pair 20- 4): choice=1 (inl=53)
    Gene 70 (Pair 27- 4): choice=1 (inl=39)
    Gene 74 (Pair  9- 5): choice=5 (inl=74)
    Gene 95 (Pair 13- 6): choice=1 (inl=68)
    Gene 106 (Pair  8- 7): choice=3 (inl=98)
    Gene 109 (Pair 11- 7): choice=1 (inl=107)
    Gene 118 (Pair 22- 7): choice=3 (inl=28)
    Gene 151 (Pair 24- 9): choice=1 (inl=51)
    Gene 153 (Pair 12-10): choice=2 (inl=68)
    Gene 160 (Pair 21-10): choice=1 (inl=70)
    Gene 176 (Pair 15-12): choice=3 (inl=38)
    Gene 194 (Pair 17-14): choice=1 (inl=26)
    Gene 203 (Pair 18-15): choice=1 (inl=58)
    Gene 222 (Pair 20-19): choice=2 (inl=42)

  --- SHARD 4 CANDIDATE ANALYSIS ---
    Pair (4-2): Selected=0 / 2 choices
      Choice 1: inliners=26
      Choice 2: inliners=2
    Pair (4-3): Selected=0 / 5 choices
      Choice 1: inliners=38
      Choice 2: inliners=46
      Choice 3: inliners=14
      Choice 4: inliners=32
      Choice 5: inliners=68
    Pair (5-4): Selected=0 / 2 choices
      Choice 1: inliners=48
      Choice 2: inliners=12
    Pair (6-4): Selected=0 / 2 choices
      Choice 1: inliners=24
      Choice 2: inliners=6
    Pair (7-4): Selected=0 / 2 choices
      Choice 1: inliners=36
      Choice 2: inliners=30
    Pair (8-4): Selected=0 / 4 choices
      Choice 1: inliners=28
      Choice 2: inliners=22
      Choice 3: inliners=44
      Choice 4: inliners=0
    Pair (11-4): Selected=0 / 1 choices
      Choice 1: inliners=57
    Pair (13-4): Selected=0 / 1 choices
      Choice 1: inliners=14
    Pair (14-4): Selected=0 / 2 choices
      Choice 1: inliners=48
      Choice 2: inliners=16
    Pair (16-4): Selected=0 / 1 choices
      Choice 1: inliners=32
    Pair (17-4): Selected=0 / 1 choices
      Choice 1: inliners=66
    Pair (19-4): Selected=0 / 4 choices
      Choice 1: inliners=32
      Choice 2: inliners=44
      Choice 3: inliners=26
      Choice 4: inliners=40
    Pair (20-4): Selected=1 / 1 choices
      Choice 1: inliners=53 [SELECTED]
    Pair (21-4): Selected=0 / 3 choices
      Choice 1: inliners=22
      Choice 2: inliners=16
      Choice 3: inliners=32
    Pair (22-4): Selected=0 / 1 choices
      Choice 1: inliners=38
    Pair (27-4): Selected=1 / 1 choices
      Choice 1: inliners=39 [SELECTED]


--- GENERATION 180 BEST BREAKDOWN ---
  Total Fitness: 2170.20
  Inlier Reward: 1075.03
  Cycle Penalty: 0.00
  Overlap Penalty: 0.00
  Edge Residual Penalty: 0.00
  Edge Rot Residual Penalty: 0.00
  Connectivity Reward: 0.00
  Component Penalty: 0.00
  Consensus Support Reward: 1095.17
  Largest Component: 27
  Num Components: 1
  Active Pairs: 26
  OverlapDiag Sum (indexed): 0.0000 (delta_vs_fitness=0.0000)
  OverlapDiag Pairs: total=325 same_comp=325 broad_reject=275 narrow_checked=325 active=0
  OverlapDiag Active Pairs: none

  --- ACTIVE GENE MAP ---
    Gene  7 (Pair 10- 1): choice=2 (inl=65)
    Gene 14 (Pair 19- 1): choice=2 (inl=89)
    Gene 18 (Pair 23- 1): choice=2 (inl=38)
    Gene 19 (Pair 24- 1): choice=1 (inl=36)
    Gene 22 (Pair  6- 2): choice=1 (inl=48)
    Gene 25 (Pair  9- 2): choice=2 (inl=36)
    Gene 35 (Pair 25- 2): choice=2 (inl=26)
    Gene 36 (Pair 26- 2): choice=4 (inl=34)
    Gene 42 (Pair  8- 3): choice=1 (inl=52)
    Gene 46 (Pair 12- 3): choice=1 (inl=48)
    Gene 47 (Pair 14- 3): choice=3 (inl=55)
    Gene 49 (Pair 16- 3): choice=1 (inl=64)
    Gene 67 (Pair 20- 4): choice=1 (inl=53)
    Gene 70 (Pair 27- 4): choice=1 (inl=39)
    Gene 74 (Pair  9- 5): choice=5 (inl=74)
    Gene 95 (Pair 13- 6): choice=1 (inl=68)
    Gene 106 (Pair  8- 7): choice=3 (inl=98)
    Gene 109 (Pair 11- 7): choice=1 (inl=107)
    Gene 118 (Pair 22- 7): choice=3 (inl=28)
    Gene 151 (Pair 24- 9): choice=1 (inl=51)
    Gene 153 (Pair 12-10): choice=2 (inl=68)
    Gene 160 (Pair 21-10): choice=1 (inl=70)
    Gene 176 (Pair 15-12): choice=3 (inl=38)
    Gene 194 (Pair 17-14): choice=1 (inl=26)
    Gene 203 (Pair 18-15): choice=1 (inl=58)
    Gene 222 (Pair 20-19): choice=2 (inl=42)

  --- SHARD 4 CANDIDATE ANALYSIS ---
    Pair (4-2): Selected=0 / 2 choices
      Choice 1: inliners=26
      Choice 2: inliners=2
    Pair (4-3): Selected=0 / 5 choices
      Choice 1: inliners=38
      Choice 2: inliners=46
      Choice 3: inliners=14
      Choice 4: inliners=32
      Choice 5: inliners=68
    Pair (5-4): Selected=0 / 2 choices
      Choice 1: inliners=48
      Choice 2: inliners=12
    Pair (6-4): Selected=0 / 2 choices
      Choice 1: inliners=24
      Choice 2: inliners=6
    Pair (7-4): Selected=0 / 2 choices
      Choice 1: inliners=36
      Choice 2: inliners=30
    Pair (8-4): Selected=0 / 4 choices
      Choice 1: inliners=28
      Choice 2: inliners=22
      Choice 3: inliners=44
      Choice 4: inliners=0
    Pair (11-4): Selected=0 / 1 choices
      Choice 1: inliners=57
    Pair (13-4): Selected=0 / 1 choices
      Choice 1: inliners=14
    Pair (14-4): Selected=0 / 2 choices
      Choice 1: inliners=48
      Choice 2: inliners=16
    Pair (16-4): Selected=0 / 1 choices
      Choice 1: inliners=32
    Pair (17-4): Selected=0 / 1 choices
      Choice 1: inliners=66
    Pair (19-4): Selected=0 / 4 choices
      Choice 1: inliners=32
      Choice 2: inliners=44
      Choice 3: inliners=26
      Choice 4: inliners=40
    Pair (20-4): Selected=1 / 1 choices
      Choice 1: inliners=53 [SELECTED]
    Pair (21-4): Selected=0 / 3 choices
      Choice 1: inliners=22
      Choice 2: inliners=16
      Choice 3: inliners=32
    Pair (22-4): Selected=0 / 1 choices
      Choice 1: inliners=38
    Pair (27-4): Selected=1 / 1 choices
      Choice 1: inliners=39 [SELECTED]


--- GENERATION 190 BEST BREAKDOWN ---
  Total Fitness: 2170.20
  Inlier Reward: 1075.03
  Cycle Penalty: 0.00
  Overlap Penalty: 0.00
  Edge Residual Penalty: 0.00
  Edge Rot Residual Penalty: 0.00
  Connectivity Reward: 0.00
  Component Penalty: 0.00
  Consensus Support Reward: 1095.17
  Largest Component: 27
  Num Components: 1
  Active Pairs: 26
  OverlapDiag Sum (indexed): 0.0000 (delta_vs_fitness=0.0000)
  OverlapDiag Pairs: total=325 same_comp=325 broad_reject=275 narrow_checked=325 active=0
  OverlapDiag Active Pairs: none

  --- ACTIVE GENE MAP ---
    Gene  7 (Pair 10- 1): choice=2 (inl=65)
    Gene 14 (Pair 19- 1): choice=2 (inl=89)
    Gene 18 (Pair 23- 1): choice=2 (inl=38)
    Gene 19 (Pair 24- 1): choice=1 (inl=36)
    Gene 22 (Pair  6- 2): choice=1 (inl=48)
    Gene 25 (Pair  9- 2): choice=2 (inl=36)
    Gene 35 (Pair 25- 2): choice=2 (inl=26)
    Gene 36 (Pair 26- 2): choice=4 (inl=34)
    Gene 42 (Pair  8- 3): choice=1 (inl=52)
    Gene 46 (Pair 12- 3): choice=1 (inl=48)
    Gene 47 (Pair 14- 3): choice=3 (inl=55)
    Gene 49 (Pair 16- 3): choice=1 (inl=64)
    Gene 67 (Pair 20- 4): choice=1 (inl=53)
    Gene 70 (Pair 27- 4): choice=1 (inl=39)
    Gene 74 (Pair  9- 5): choice=5 (inl=74)
    Gene 95 (Pair 13- 6): choice=1 (inl=68)
    Gene 106 (Pair  8- 7): choice=3 (inl=98)
    Gene 109 (Pair 11- 7): choice=1 (inl=107)
    Gene 118 (Pair 22- 7): choice=3 (inl=28)
    Gene 151 (Pair 24- 9): choice=1 (inl=51)
    Gene 153 (Pair 12-10): choice=2 (inl=68)
    Gene 160 (Pair 21-10): choice=1 (inl=70)
    Gene 176 (Pair 15-12): choice=3 (inl=38)
    Gene 194 (Pair 17-14): choice=1 (inl=26)
    Gene 203 (Pair 18-15): choice=1 (inl=58)
    Gene 222 (Pair 20-19): choice=2 (inl=42)

  --- SHARD 4 CANDIDATE ANALYSIS ---
    Pair (4-2): Selected=0 / 2 choices
      Choice 1: inliners=26
      Choice 2: inliners=2
    Pair (4-3): Selected=0 / 5 choices
      Choice 1: inliners=38
      Choice 2: inliners=46
      Choice 3: inliners=14
      Choice 4: inliners=32
      Choice 5: inliners=68
    Pair (5-4): Selected=0 / 2 choices
      Choice 1: inliners=48
      Choice 2: inliners=12
    Pair (6-4): Selected=0 / 2 choices
      Choice 1: inliners=24
      Choice 2: inliners=6
    Pair (7-4): Selected=0 / 2 choices
      Choice 1: inliners=36
      Choice 2: inliners=30
    Pair (8-4): Selected=0 / 4 choices
      Choice 1: inliners=28
      Choice 2: inliners=22
      Choice 3: inliners=44
      Choice 4: inliners=0
    Pair (11-4): Selected=0 / 1 choices
      Choice 1: inliners=57
    Pair (13-4): Selected=0 / 1 choices
      Choice 1: inliners=14
    Pair (14-4): Selected=0 / 2 choices
      Choice 1: inliners=48
      Choice 2: inliners=16
    Pair (16-4): Selected=0 / 1 choices
      Choice 1: inliners=32
    Pair (17-4): Selected=0 / 1 choices
      Choice 1: inliners=66
    Pair (19-4): Selected=0 / 4 choices
      Choice 1: inliners=32
      Choice 2: inliners=44
      Choice 3: inliners=26
      Choice 4: inliners=40
    Pair (20-4): Selected=1 / 1 choices
      Choice 1: inliners=53 [SELECTED]
    Pair (21-4): Selected=0 / 3 choices
      Choice 1: inliners=22
      Choice 2: inliners=16
      Choice 3: inliners=32
    Pair (22-4): Selected=0 / 1 choices
      Choice 1: inliners=38
    Pair (27-4): Selected=1 / 1 choices
      Choice 1: inliners=39 [SELECTED]


--- GENERATION 200 BEST BREAKDOWN ---
  Total Fitness: 2170.20
  Inlier Reward: 1075.03
  Cycle Penalty: 0.00
  Overlap Penalty: 0.00
  Edge Residual Penalty: 0.00
  Edge Rot Residual Penalty: 0.00
  Connectivity Reward: 0.00
  Component Penalty: 0.00
  Consensus Support Reward: 1095.17
  Largest Component: 27
  Num Components: 1
  Active Pairs: 26
  OverlapDiag Sum (indexed): 0.0000 (delta_vs_fitness=0.0000)
  OverlapDiag Pairs: total=325 same_comp=325 broad_reject=275 narrow_checked=325 active=0
  OverlapDiag Active Pairs: none

  --- ACTIVE GENE MAP ---
    Gene  7 (Pair 10- 1): choice=2 (inl=65)
    Gene 14 (Pair 19- 1): choice=2 (inl=89)
    Gene 18 (Pair 23- 1): choice=2 (inl=38)
    Gene 19 (Pair 24- 1): choice=1 (inl=36)
    Gene 22 (Pair  6- 2): choice=1 (inl=48)
    Gene 25 (Pair  9- 2): choice=2 (inl=36)
    Gene 35 (Pair 25- 2): choice=2 (inl=26)
    Gene 36 (Pair 26- 2): choice=4 (inl=34)
    Gene 42 (Pair  8- 3): choice=1 (inl=52)
    Gene 46 (Pair 12- 3): choice=1 (inl=48)
    Gene 47 (Pair 14- 3): choice=3 (inl=55)
    Gene 49 (Pair 16- 3): choice=1 (inl=64)
    Gene 67 (Pair 20- 4): choice=1 (inl=53)
    Gene 70 (Pair 27- 4): choice=1 (inl=39)
    Gene 74 (Pair  9- 5): choice=5 (inl=74)
    Gene 95 (Pair 13- 6): choice=1 (inl=68)
    Gene 106 (Pair  8- 7): choice=3 (inl=98)
    Gene 109 (Pair 11- 7): choice=1 (inl=107)
    Gene 118 (Pair 22- 7): choice=3 (inl=28)
    Gene 151 (Pair 24- 9): choice=1 (inl=51)
    Gene 153 (Pair 12-10): choice=2 (inl=68)
    Gene 160 (Pair 21-10): choice=1 (inl=70)
    Gene 176 (Pair 15-12): choice=3 (inl=38)
    Gene 194 (Pair 17-14): choice=1 (inl=26)
    Gene 203 (Pair 18-15): choice=1 (inl=58)
    Gene 222 (Pair 20-19): choice=2 (inl=42)

  --- SHARD 4 CANDIDATE ANALYSIS ---
    Pair (4-2): Selected=0 / 2 choices
      Choice 1: inliners=26
      Choice 2: inliners=2
    Pair (4-3): Selected=0 / 5 choices
      Choice 1: inliners=38
      Choice 2: inliners=46
      Choice 3: inliners=14
      Choice 4: inliners=32
      Choice 5: inliners=68
    Pair (5-4): Selected=0 / 2 choices
      Choice 1: inliners=48
      Choice 2: inliners=12
    Pair (6-4): Selected=0 / 2 choices
      Choice 1: inliners=24
      Choice 2: inliners=6
    Pair (7-4): Selected=0 / 2 choices
      Choice 1: inliners=36
      Choice 2: inliners=30
    Pair (8-4): Selected=0 / 4 choices
      Choice 1: inliners=28
      Choice 2: inliners=22
      Choice 3: inliners=44
      Choice 4: inliners=0
    Pair (11-4): Selected=0 / 1 choices
      Choice 1: inliners=57
    Pair (13-4): Selected=0 / 1 choices
      Choice 1: inliners=14
    Pair (14-4): Selected=0 / 2 choices
      Choice 1: inliners=48
      Choice 2: inliners=16
    Pair (16-4): Selected=0 / 1 choices
      Choice 1: inliners=32
    Pair (17-4): Selected=0 / 1 choices
      Choice 1: inliners=66
    Pair (19-4): Selected=0 / 4 choices
      Choice 1: inliners=32
      Choice 2: inliners=44
      Choice 3: inliners=26
      Choice 4: inliners=40
    Pair (20-4): Selected=1 / 1 choices
      Choice 1: inliners=53 [SELECTED]
    Pair (21-4): Selected=0 / 3 choices
      Choice 1: inliners=22
      Choice 2: inliners=16
      Choice 3: inliners=32
    Pair (22-4): Selected=0 / 1 choices
      Choice 1: inliners=38
    Pair (27-4): Selected=1 / 1 choices
      Choice 1: inliners=39 [SELECTED]


--- GENERATION 210 BEST BREAKDOWN ---
  Total Fitness: 2170.20
  Inlier Reward: 1075.03
  Cycle Penalty: 0.00
  Overlap Penalty: 0.00
  Edge Residual Penalty: 0.00
  Edge Rot Residual Penalty: 0.00
  Connectivity Reward: 0.00
  Component Penalty: 0.00
  Consensus Support Reward: 1095.17
  Largest Component: 27
  Num Components: 1
  Active Pairs: 26
  OverlapDiag Sum (indexed): 0.0000 (delta_vs_fitness=0.0000)
  OverlapDiag Pairs: total=325 same_comp=325 broad_reject=275 narrow_checked=325 active=0
  OverlapDiag Active Pairs: none

  --- ACTIVE GENE MAP ---
    Gene  7 (Pair 10- 1): choice=2 (inl=65)
    Gene 14 (Pair 19- 1): choice=2 (inl=89)
    Gene 18 (Pair 23- 1): choice=2 (inl=38)
    Gene 19 (Pair 24- 1): choice=1 (inl=36)
    Gene 22 (Pair  6- 2): choice=1 (inl=48)
    Gene 25 (Pair  9- 2): choice=2 (inl=36)
    Gene 35 (Pair 25- 2): choice=2 (inl=26)
    Gene 36 (Pair 26- 2): choice=4 (inl=34)
    Gene 42 (Pair  8- 3): choice=1 (inl=52)
    Gene 46 (Pair 12- 3): choice=1 (inl=48)
    Gene 47 (Pair 14- 3): choice=3 (inl=55)
    Gene 49 (Pair 16- 3): choice=1 (inl=64)
    Gene 67 (Pair 20- 4): choice=1 (inl=53)
    Gene 70 (Pair 27- 4): choice=1 (inl=39)
    Gene 74 (Pair  9- 5): choice=5 (inl=74)
    Gene 95 (Pair 13- 6): choice=1 (inl=68)
    Gene 106 (Pair  8- 7): choice=3 (inl=98)
    Gene 109 (Pair 11- 7): choice=1 (inl=107)
    Gene 118 (Pair 22- 7): choice=3 (inl=28)
    Gene 151 (Pair 24- 9): choice=1 (inl=51)
    Gene 153 (Pair 12-10): choice=2 (inl=68)
    Gene 160 (Pair 21-10): choice=1 (inl=70)
    Gene 176 (Pair 15-12): choice=3 (inl=38)
    Gene 194 (Pair 17-14): choice=1 (inl=26)
    Gene 203 (Pair 18-15): choice=1 (inl=58)
    Gene 222 (Pair 20-19): choice=2 (inl=42)

  --- SHARD 4 CANDIDATE ANALYSIS ---
    Pair (4-2): Selected=0 / 2 choices
      Choice 1: inliners=26
      Choice 2: inliners=2
    Pair (4-3): Selected=0 / 5 choices
      Choice 1: inliners=38
      Choice 2: inliners=46
      Choice 3: inliners=14
      Choice 4: inliners=32
      Choice 5: inliners=68
    Pair (5-4): Selected=0 / 2 choices
      Choice 1: inliners=48
      Choice 2: inliners=12
    Pair (6-4): Selected=0 / 2 choices
      Choice 1: inliners=24
      Choice 2: inliners=6
    Pair (7-4): Selected=0 / 2 choices
      Choice 1: inliners=36
      Choice 2: inliners=30
    Pair (8-4): Selected=0 / 4 choices
      Choice 1: inliners=28
      Choice 2: inliners=22
      Choice 3: inliners=44
      Choice 4: inliners=0
    Pair (11-4): Selected=0 / 1 choices
      Choice 1: inliners=57
    Pair (13-4): Selected=0 / 1 choices
      Choice 1: inliners=14
    Pair (14-4): Selected=0 / 2 choices
      Choice 1: inliners=48
      Choice 2: inliners=16
    Pair (16-4): Selected=0 / 1 choices
      Choice 1: inliners=32
    Pair (17-4): Selected=0 / 1 choices
      Choice 1: inliners=66
    Pair (19-4): Selected=0 / 4 choices
      Choice 1: inliners=32
      Choice 2: inliners=44
      Choice 3: inliners=26
      Choice 4: inliners=40
    Pair (20-4): Selected=1 / 1 choices
      Choice 1: inliners=53 [SELECTED]
    Pair (21-4): Selected=0 / 3 choices
      Choice 1: inliners=22
      Choice 2: inliners=16
      Choice 3: inliners=32
    Pair (22-4): Selected=0 / 1 choices
      Choice 1: inliners=38
    Pair (27-4): Selected=1 / 1 choices
      Choice 1: inliners=39 [SELECTED]


--- GENERATION 220 BEST BREAKDOWN ---
  Total Fitness: 2170.20
  Inlier Reward: 1075.03
  Cycle Penalty: 0.00
  Overlap Penalty: 0.00
  Edge Residual Penalty: 0.00
  Edge Rot Residual Penalty: 0.00
  Connectivity Reward: 0.00
  Component Penalty: 0.00
  Consensus Support Reward: 1095.17
  Largest Component: 27
  Num Components: 1
  Active Pairs: 26
  OverlapDiag Sum (indexed): 0.0000 (delta_vs_fitness=0.0000)
  OverlapDiag Pairs: total=325 same_comp=325 broad_reject=275 narrow_checked=325 active=0
  OverlapDiag Active Pairs: none

  --- ACTIVE GENE MAP ---
    Gene  7 (Pair 10- 1): choice=2 (inl=65)
    Gene 14 (Pair 19- 1): choice=2 (inl=89)
    Gene 18 (Pair 23- 1): choice=2 (inl=38)
    Gene 19 (Pair 24- 1): choice=1 (inl=36)
    Gene 22 (Pair  6- 2): choice=1 (inl=48)
    Gene 25 (Pair  9- 2): choice=2 (inl=36)
    Gene 35 (Pair 25- 2): choice=2 (inl=26)
    Gene 36 (Pair 26- 2): choice=4 (inl=34)
    Gene 42 (Pair  8- 3): choice=1 (inl=52)
    Gene 46 (Pair 12- 3): choice=1 (inl=48)
    Gene 47 (Pair 14- 3): choice=3 (inl=55)
    Gene 49 (Pair 16- 3): choice=1 (inl=64)
    Gene 67 (Pair 20- 4): choice=1 (inl=53)
    Gene 70 (Pair 27- 4): choice=1 (inl=39)
    Gene 74 (Pair  9- 5): choice=5 (inl=74)
    Gene 95 (Pair 13- 6): choice=1 (inl=68)
    Gene 106 (Pair  8- 7): choice=3 (inl=98)
    Gene 109 (Pair 11- 7): choice=1 (inl=107)
    Gene 118 (Pair 22- 7): choice=3 (inl=28)
    Gene 151 (Pair 24- 9): choice=1 (inl=51)
    Gene 153 (Pair 12-10): choice=2 (inl=68)
    Gene 160 (Pair 21-10): choice=1 (inl=70)
    Gene 176 (Pair 15-12): choice=3 (inl=38)
    Gene 194 (Pair 17-14): choice=1 (inl=26)
    Gene 203 (Pair 18-15): choice=1 (inl=58)
    Gene 222 (Pair 20-19): choice=2 (inl=42)

  --- SHARD 4 CANDIDATE ANALYSIS ---
    Pair (4-2): Selected=0 / 2 choices
      Choice 1: inliners=26
      Choice 2: inliners=2
    Pair (4-3): Selected=0 / 5 choices
      Choice 1: inliners=38
      Choice 2: inliners=46
      Choice 3: inliners=14
      Choice 4: inliners=32
      Choice 5: inliners=68
    Pair (5-4): Selected=0 / 2 choices
      Choice 1: inliners=48
      Choice 2: inliners=12
    Pair (6-4): Selected=0 / 2 choices
      Choice 1: inliners=24
      Choice 2: inliners=6
    Pair (7-4): Selected=0 / 2 choices
      Choice 1: inliners=36
      Choice 2: inliners=30
    Pair (8-4): Selected=0 / 4 choices
      Choice 1: inliners=28
      Choice 2: inliners=22
      Choice 3: inliners=44
      Choice 4: inliners=0
    Pair (11-4): Selected=0 / 1 choices
      Choice 1: inliners=57
    Pair (13-4): Selected=0 / 1 choices
      Choice 1: inliners=14
    Pair (14-4): Selected=0 / 2 choices
      Choice 1: inliners=48
      Choice 2: inliners=16
    Pair (16-4): Selected=0 / 1 choices
      Choice 1: inliners=32
    Pair (17-4): Selected=0 / 1 choices
      Choice 1: inliners=66
    Pair (19-4): Selected=0 / 4 choices
      Choice 1: inliners=32
      Choice 2: inliners=44
      Choice 3: inliners=26
      Choice 4: inliners=40
    Pair (20-4): Selected=1 / 1 choices
      Choice 1: inliners=53 [SELECTED]
    Pair (21-4): Selected=0 / 3 choices
      Choice 1: inliners=22
      Choice 2: inliners=16
      Choice 3: inliners=32
    Pair (22-4): Selected=0 / 1 choices
      Choice 1: inliners=38
    Pair (27-4): Selected=1 / 1 choices
      Choice 1: inliners=39 [SELECTED]


--- GENERATION 230 BEST BREAKDOWN ---
  Total Fitness: 2170.20
  Inlier Reward: 1075.03
  Cycle Penalty: 0.00
  Overlap Penalty: 0.00
  Edge Residual Penalty: 0.00
  Edge Rot Residual Penalty: 0.00
  Connectivity Reward: 0.00
  Component Penalty: 0.00
  Consensus Support Reward: 1095.17
  Largest Component: 27
  Num Components: 1
  Active Pairs: 26
  OverlapDiag Sum (indexed): 0.0000 (delta_vs_fitness=0.0000)
  OverlapDiag Pairs: total=325 same_comp=325 broad_reject=275 narrow_checked=325 active=0
  OverlapDiag Active Pairs: none

  --- ACTIVE GENE MAP ---
    Gene  7 (Pair 10- 1): choice=2 (inl=65)
    Gene 14 (Pair 19- 1): choice=2 (inl=89)
    Gene 18 (Pair 23- 1): choice=2 (inl=38)
    Gene 19 (Pair 24- 1): choice=1 (inl=36)
    Gene 22 (Pair  6- 2): choice=1 (inl=48)
    Gene 25 (Pair  9- 2): choice=2 (inl=36)
    Gene 35 (Pair 25- 2): choice=2 (inl=26)
    Gene 36 (Pair 26- 2): choice=4 (inl=34)
    Gene 42 (Pair  8- 3): choice=1 (inl=52)
    Gene 46 (Pair 12- 3): choice=1 (inl=48)
    Gene 47 (Pair 14- 3): choice=3 (inl=55)
    Gene 49 (Pair 16- 3): choice=1 (inl=64)
    Gene 67 (Pair 20- 4): choice=1 (inl=53)
    Gene 70 (Pair 27- 4): choice=1 (inl=39)
    Gene 74 (Pair  9- 5): choice=5 (inl=74)
    Gene 95 (Pair 13- 6): choice=1 (inl=68)
    Gene 106 (Pair  8- 7): choice=3 (inl=98)
    Gene 109 (Pair 11- 7): choice=1 (inl=107)
    Gene 118 (Pair 22- 7): choice=3 (inl=28)
    Gene 151 (Pair 24- 9): choice=1 (inl=51)
    Gene 153 (Pair 12-10): choice=2 (inl=68)
    Gene 160 (Pair 21-10): choice=1 (inl=70)
    Gene 176 (Pair 15-12): choice=3 (inl=38)
    Gene 194 (Pair 17-14): choice=1 (inl=26)
    Gene 203 (Pair 18-15): choice=1 (inl=58)
    Gene 222 (Pair 20-19): choice=2 (inl=42)

  --- SHARD 4 CANDIDATE ANALYSIS ---
    Pair (4-2): Selected=0 / 2 choices
      Choice 1: inliners=26
      Choice 2: inliners=2
    Pair (4-3): Selected=0 / 5 choices
      Choice 1: inliners=38
      Choice 2: inliners=46
      Choice 3: inliners=14
      Choice 4: inliners=32
      Choice 5: inliners=68
    Pair (5-4): Selected=0 / 2 choices
      Choice 1: inliners=48
      Choice 2: inliners=12
    Pair (6-4): Selected=0 / 2 choices
      Choice 1: inliners=24
      Choice 2: inliners=6
    Pair (7-4): Selected=0 / 2 choices
      Choice 1: inliners=36
      Choice 2: inliners=30
    Pair (8-4): Selected=0 / 4 choices
      Choice 1: inliners=28
      Choice 2: inliners=22
      Choice 3: inliners=44
      Choice 4: inliners=0
    Pair (11-4): Selected=0 / 1 choices
      Choice 1: inliners=57
    Pair (13-4): Selected=0 / 1 choices
      Choice 1: inliners=14
    Pair (14-4): Selected=0 / 2 choices
      Choice 1: inliners=48
      Choice 2: inliners=16
    Pair (16-4): Selected=0 / 1 choices
      Choice 1: inliners=32
    Pair (17-4): Selected=0 / 1 choices
      Choice 1: inliners=66
    Pair (19-4): Selected=0 / 4 choices
      Choice 1: inliners=32
      Choice 2: inliners=44
      Choice 3: inliners=26
      Choice 4: inliners=40
    Pair (20-4): Selected=1 / 1 choices
      Choice 1: inliners=53 [SELECTED]
    Pair (21-4): Selected=0 / 3 choices
      Choice 1: inliners=22
      Choice 2: inliners=16
      Choice 3: inliners=32
    Pair (22-4): Selected=0 / 1 choices
      Choice 1: inliners=38
    Pair (27-4): Selected=1 / 1 choices
      Choice 1: inliners=39 [SELECTED]


--- GENERATION 0 BEST BREAKDOWN ---
  Total Fitness: -648.91
  Inlier Reward: 1194.59
  Cycle Penalty: 0.00
  Overlap Penalty: 1843.50
  Edge Residual Penalty: 0.00
  Edge Rot Residual Penalty: 0.00
  Connectivity Reward: 0.00
  Component Penalty: 0.00
  Consensus Support Reward: 0.00
  Largest Component: 27
  Num Components: 1
  Active Pairs: 26
  OverlapDiag Sum (indexed): 1843.5050 (delta_vs_fitness=0.0000)
  OverlapDiag Pairs: total=325 same_comp=325 broad_reject=270 narrow_checked=325 active=7
  OverlapDiag Top Active Pairs:
    Pair (16,26) pen=444.4444 hits=2/332 hit_ratio=0.1111 avg_depth=0.2330 min_nn=0.6106
    Pair (0,4) pen=131.6872 hits=48/1458 hit_ratio=0.0329 avg_depth=0.2461 min_nn=0.3567
    Pair (3,13) pen=125.8191 hits=24/1288 hit_ratio=0.0315 avg_depth=0.2197 min_nn=0.2780
    Pair (0,2) pen=104.2524 hits=38/1458 hit_ratio=0.0261 avg_depth=0.2138 min_nn=0.3417
    Pair (4,18) pen=86.4198 hits=14/648 hit_ratio=0.0216 avg_depth=0.2636 min_nn=0.3669

  --- ACTIVE GENE MAP ---
    Gene  6 (Pair  9- 1): choice=5 (inl=84)
    Gene 14 (Pair 19- 1): choice=3 (inl=75)
    Gene 22 (Pair  6- 2): choice=3 (inl=42)
    Gene 32 (Pair 18- 2): choice=4 (inl=83)
    Gene 35 (Pair 25- 2): choice=2 (inl=26)
    Gene 41 (Pair  7- 3): choice=2 (inl=76)
    Gene 49 (Pair 16- 3): choice=1 (inl=64)
    Gene 50 (Pair 17- 3): choice=1 (inl=79)
    Gene 61 (Pair 11- 4): choice=1 (inl=57)
    Gene 65 (Pair 17- 4): choice=1 (inl=66)
    Gene 70 (Pair 27- 4): choice=1 (inl=39)
    Gene 74 (Pair  9- 5): choice=5 (inl=74)
    Gene 85 (Pair 21- 5): choice=1 (inl=79)
    Gene 95 (Pair 13- 6): choice=2 (inl=48)
    Gene 112 (Pair 14- 7): choice=2 (inl=92)
    Gene 124 (Pair 11- 8): choice=4 (inl=74)
    Gene 144 (Pair 16- 9): choice=1 (inl=55)
    Gene 150 (Pair 23- 9): choice=1 (inl=40)
    Gene 151 (Pair 24- 9): choice=1 (inl=51)
    Gene 153 (Pair 12-10): choice=2 (inl=68)
    Gene 160 (Pair 21-10): choice=1 (inl=70)
    Gene 182 (Pair 22-12): choice=1 (inl=55)
    Gene 201 (Pair 16-15): choice=1 (inl=60)
    Gene 203 (Pair 18-15): choice=1 (inl=58)
    Gene 221 (Pair 26-18): choice=2 (inl=49)
    Gene 222 (Pair 20-19): choice=2 (inl=42)

  --- SHARD 4 CANDIDATE ANALYSIS ---
    Pair (4-2): Selected=0 / 2 choices
      Choice 1: inliners=26
      Choice 2: inliners=2
    Pair (4-3): Selected=0 / 5 choices
      Choice 1: inliners=38
      Choice 2: inliners=46
      Choice 3: inliners=14
      Choice 4: inliners=32
      Choice 5: inliners=68
    Pair (5-4): Selected=0 / 2 choices
      Choice 1: inliners=48
      Choice 2: inliners=12
    Pair (6-4): Selected=0 / 2 choices
      Choice 1: inliners=24
      Choice 2: inliners=6
    Pair (7-4): Selected=0 / 2 choices
      Choice 1: inliners=36
      Choice 2: inliners=30
    Pair (8-4): Selected=0 / 4 choices
      Choice 1: inliners=28
      Choice 2: inliners=22
      Choice 3: inliners=44
      Choice 4: inliners=0
    Pair (11-4): Selected=1 / 1 choices
      Choice 1: inliners=57 [SELECTED]
    Pair (13-4): Selected=0 / 1 choices
      Choice 1: inliners=14
    Pair (14-4): Selected=0 / 2 choices
      Choice 1: inliners=48
      Choice 2: inliners=16
    Pair (16-4): Selected=0 / 1 choices
      Choice 1: inliners=32
    Pair (17-4): Selected=1 / 1 choices
      Choice 1: inliners=66 [SELECTED]
    Pair (19-4): Selected=0 / 4 choices
      Choice 1: inliners=32
      Choice 2: inliners=44
      Choice 3: inliners=26
      Choice 4: inliners=40
    Pair (20-4): Selected=0 / 1 choices
      Choice 1: inliners=53
    Pair (21-4): Selected=0 / 3 choices
      Choice 1: inliners=22
      Choice 2: inliners=16
      Choice 3: inliners=32
    Pair (22-4): Selected=0 / 1 choices
      Choice 1: inliners=38
    Pair (27-4): Selected=1 / 1 choices
      Choice 1: inliners=39 [SELECTED]


--- GENERATION 10 BEST BREAKDOWN ---
  Total Fitness: 1174.01
  Inlier Reward: 1174.01
  Cycle Penalty: 0.00
  Overlap Penalty: 0.00
  Edge Residual Penalty: 0.00
  Edge Rot Residual Penalty: 0.00
  Connectivity Reward: 0.00
  Component Penalty: 0.00
  Consensus Support Reward: 0.00
  Largest Component: 27
  Num Components: 1
  Active Pairs: 26
  OverlapDiag Sum (indexed): 0.0000 (delta_vs_fitness=0.0000)
  OverlapDiag Pairs: total=325 same_comp=325 broad_reject=281 narrow_checked=325 active=3
  OverlapDiag Active Pairs: none

  --- ACTIVE GENE MAP ---
    Gene  2 (Pair  5- 1): choice=4 (inl=50)
    Gene  6 (Pair  9- 1): choice=5 (inl=84)
    Gene  7 (Pair 10- 1): choice=2 (inl=65)
    Gene 14 (Pair 19- 1): choice=5 (inl=77)
    Gene 18 (Pair 23- 1): choice=1 (inl=43)
    Gene 23 (Pair  7- 2): choice=2 (inl=44)
    Gene 25 (Pair  9- 2): choice=2 (inl=36)
    Gene 29 (Pair 13- 2): choice=1 (inl=46)
    Gene 32 (Pair 18- 2): choice=2 (inl=81)
    Gene 35 (Pair 25- 2): choice=2 (inl=26)
    Gene 42 (Pair  8- 3): choice=1 (inl=52)
    Gene 46 (Pair 12- 3): choice=1 (inl=48)
    Gene 50 (Pair 17- 3): choice=1 (inl=79)
    Gene 57 (Pair  5- 4): choice=1 (inl=48)
    Gene 67 (Pair 20- 4): choice=1 (inl=53)
    Gene 70 (Pair 27- 4): choice=1 (inl=39)
    Gene 85 (Pair 21- 5): choice=1 (inl=79)
    Gene 86 (Pair 22- 5): choice=2 (inl=57)
    Gene 95 (Pair 13- 6): choice=1 (inl=68)
    Gene 109 (Pair 11- 7): choice=1 (inl=107)
    Gene 112 (Pair 14- 7): choice=2 (inl=92)
    Gene 151 (Pair 24- 9): choice=1 (inl=51)
    Gene 153 (Pair 12-10): choice=2 (inl=68)
    Gene 177 (Pair 16-12): choice=1 (inl=51)
    Gene 185 (Pair 26-12): choice=1 (inl=58)
    Gene 203 (Pair 18-15): choice=1 (inl=58)

  --- SHARD 4 CANDIDATE ANALYSIS ---
    Pair (4-2): Selected=0 / 2 choices
      Choice 1: inliners=26
      Choice 2: inliners=2
    Pair (4-3): Selected=0 / 5 choices
      Choice 1: inliners=38
      Choice 2: inliners=46
      Choice 3: inliners=14
      Choice 4: inliners=32
      Choice 5: inliners=68
    Pair (5-4): Selected=1 / 2 choices
      Choice 1: inliners=48 [SELECTED]
      Choice 2: inliners=12
    Pair (6-4): Selected=0 / 2 choices
      Choice 1: inliners=24
      Choice 2: inliners=6
    Pair (7-4): Selected=0 / 2 choices
      Choice 1: inliners=36
      Choice 2: inliners=30
    Pair (8-4): Selected=0 / 4 choices
      Choice 1: inliners=28
      Choice 2: inliners=22
      Choice 3: inliners=44
      Choice 4: inliners=0
    Pair (11-4): Selected=0 / 1 choices
      Choice 1: inliners=57
    Pair (13-4): Selected=0 / 1 choices
      Choice 1: inliners=14
    Pair (14-4): Selected=0 / 2 choices
      Choice 1: inliners=48
      Choice 2: inliners=16
    Pair (16-4): Selected=0 / 1 choices
      Choice 1: inliners=32
    Pair (17-4): Selected=0 / 1 choices
      Choice 1: inliners=66
    Pair (19-4): Selected=0 / 4 choices
      Choice 1: inliners=32
      Choice 2: inliners=44
      Choice 3: inliners=26
      Choice 4: inliners=40
    Pair (20-4): Selected=1 / 1 choices
      Choice 1: inliners=53 [SELECTED]
    Pair (21-4): Selected=0 / 3 choices
      Choice 1: inliners=22
      Choice 2: inliners=16
      Choice 3: inliners=32
    Pair (22-4): Selected=0 / 1 choices
      Choice 1: inliners=38
    Pair (27-4): Selected=1 / 1 choices
      Choice 1: inliners=39 [SELECTED]


--- GENERATION 20 BEST BREAKDOWN ---
  Total Fitness: 1174.01
  Inlier Reward: 1174.01
  Cycle Penalty: 0.00
  Overlap Penalty: 0.00
  Edge Residual Penalty: 0.00
  Edge Rot Residual Penalty: 0.00
  Connectivity Reward: 0.00
  Component Penalty: 0.00
  Consensus Support Reward: 0.00
  Largest Component: 27
  Num Components: 1
  Active Pairs: 26
  OverlapDiag Sum (indexed): 0.0000 (delta_vs_fitness=0.0000)
  OverlapDiag Pairs: total=325 same_comp=325 broad_reject=281 narrow_checked=325 active=3
  OverlapDiag Active Pairs: none

  --- ACTIVE GENE MAP ---
    Gene  2 (Pair  5- 1): choice=4 (inl=50)
    Gene  6 (Pair  9- 1): choice=5 (inl=84)
    Gene  7 (Pair 10- 1): choice=2 (inl=65)
    Gene 14 (Pair 19- 1): choice=5 (inl=77)
    Gene 18 (Pair 23- 1): choice=1 (inl=43)
    Gene 23 (Pair  7- 2): choice=2 (inl=44)
    Gene 25 (Pair  9- 2): choice=2 (inl=36)
    Gene 29 (Pair 13- 2): choice=1 (inl=46)
    Gene 32 (Pair 18- 2): choice=2 (inl=81)
    Gene 35 (Pair 25- 2): choice=2 (inl=26)
    Gene 42 (Pair  8- 3): choice=1 (inl=52)
    Gene 46 (Pair 12- 3): choice=1 (inl=48)
    Gene 50 (Pair 17- 3): choice=1 (inl=79)
    Gene 57 (Pair  5- 4): choice=1 (inl=48)
    Gene 67 (Pair 20- 4): choice=1 (inl=53)
    Gene 70 (Pair 27- 4): choice=1 (inl=39)
    Gene 85 (Pair 21- 5): choice=1 (inl=79)
    Gene 86 (Pair 22- 5): choice=2 (inl=57)
    Gene 95 (Pair 13- 6): choice=1 (inl=68)
    Gene 109 (Pair 11- 7): choice=1 (inl=107)
    Gene 112 (Pair 14- 7): choice=2 (inl=92)
    Gene 151 (Pair 24- 9): choice=1 (inl=51)
    Gene 153 (Pair 12-10): choice=2 (inl=68)
    Gene 177 (Pair 16-12): choice=1 (inl=51)
    Gene 185 (Pair 26-12): choice=1 (inl=58)
    Gene 203 (Pair 18-15): choice=1 (inl=58)

  --- SHARD 4 CANDIDATE ANALYSIS ---
    Pair (4-2): Selected=0 / 2 choices
      Choice 1: inliners=26
      Choice 2: inliners=2
    Pair (4-3): Selected=0 / 5 choices
      Choice 1: inliners=38
      Choice 2: inliners=46
      Choice 3: inliners=14
      Choice 4: inliners=32
      Choice 5: inliners=68
    Pair (5-4): Selected=1 / 2 choices
      Choice 1: inliners=48 [SELECTED]
      Choice 2: inliners=12
    Pair (6-4): Selected=0 / 2 choices
      Choice 1: inliners=24
      Choice 2: inliners=6
    Pair (7-4): Selected=0 / 2 choices
      Choice 1: inliners=36
      Choice 2: inliners=30
    Pair (8-4): Selected=0 / 4 choices
      Choice 1: inliners=28
      Choice 2: inliners=22
      Choice 3: inliners=44
      Choice 4: inliners=0
    Pair (11-4): Selected=0 / 1 choices
      Choice 1: inliners=57
    Pair (13-4): Selected=0 / 1 choices
      Choice 1: inliners=14
    Pair (14-4): Selected=0 / 2 choices
      Choice 1: inliners=48
      Choice 2: inliners=16
    Pair (16-4): Selected=0 / 1 choices
      Choice 1: inliners=32
    Pair (17-4): Selected=0 / 1 choices
      Choice 1: inliners=66
    Pair (19-4): Selected=0 / 4 choices
      Choice 1: inliners=32
      Choice 2: inliners=44
      Choice 3: inliners=26
      Choice 4: inliners=40
    Pair (20-4): Selected=1 / 1 choices
      Choice 1: inliners=53 [SELECTED]
    Pair (21-4): Selected=0 / 3 choices
      Choice 1: inliners=22
      Choice 2: inliners=16
      Choice 3: inliners=32
    Pair (22-4): Selected=0 / 1 choices
      Choice 1: inliners=38
    Pair (27-4): Selected=1 / 1 choices
      Choice 1: inliners=39 [SELECTED]


--- GENERATION 30 BEST BREAKDOWN ---
  Total Fitness: 1635.43
  Inlier Reward: 1001.09
  Cycle Penalty: 0.00
  Overlap Penalty: 0.00
  Edge Residual Penalty: 0.00
  Edge Rot Residual Penalty: 0.00
  Connectivity Reward: 0.00
  Component Penalty: 0.00
  Consensus Support Reward: 634.33
  Largest Component: 27
  Num Components: 1
  Active Pairs: 26
  OverlapDiag Sum (indexed): 0.0000 (delta_vs_fitness=0.0000)
  OverlapDiag Pairs: total=325 same_comp=325 broad_reject=268 narrow_checked=325 active=2
  OverlapDiag Active Pairs: none

  --- ACTIVE GENE MAP ---
    Gene  0 (Pair  2- 1): choice=2 (inl=32)
    Gene  2 (Pair  5- 1): choice=8 (inl=84)
    Gene  7 (Pair 10- 1): choice=2 (inl=65)
    Gene 14 (Pair 19- 1): choice=2 (inl=89)
    Gene 18 (Pair 23- 1): choice=1 (inl=43)
    Gene 22 (Pair  6- 2): choice=1 (inl=48)
    Gene 23 (Pair  7- 2): choice=2 (inl=44)
    Gene 25 (Pair  9- 2): choice=2 (inl=36)
    Gene 29 (Pair 13- 2): choice=3 (inl=38)
    Gene 35 (Pair 25- 2): choice=2 (inl=26)
    Gene 36 (Pair 26- 2): choice=4 (inl=34)
    Gene 42 (Pair  8- 3): choice=1 (inl=52)
    Gene 46 (Pair 12- 3): choice=1 (inl=48)
    Gene 47 (Pair 14- 3): choice=3 (inl=55)
    Gene 49 (Pair 16- 3): choice=1 (inl=64)
    Gene 50 (Pair 17- 3): choice=1 (inl=79)
    Gene 61 (Pair 11- 4): choice=1 (inl=57)
    Gene 66 (Pair 19- 4): choice=2 (inl=44)
    Gene 67 (Pair 20- 4): choice=1 (inl=53)
    Gene 135 (Pair 22- 8): choice=3 (inl=53)
    Gene 153 (Pair 12-10): choice=2 (inl=68)
    Gene 160 (Pair 21-10): choice=1 (inl=70)
    Gene 162 (Pair 24-10): choice=1 (inl=38)
    Gene 176 (Pair 15-12): choice=3 (inl=38)
    Gene 178 (Pair 18-12): choice=4 (inl=72)
    Gene 234 (Pair 27-25): choice=1 (inl=22)

  --- SHARD 4 CANDIDATE ANALYSIS ---
    Pair (4-2): Selected=0 / 2 choices
      Choice 1: inliners=26
      Choice 2: inliners=2
    Pair (4-3): Selected=0 / 5 choices
      Choice 1: inliners=38
      Choice 2: inliners=46
      Choice 3: inliners=14
      Choice 4: inliners=32
      Choice 5: inliners=68
    Pair (5-4): Selected=0 / 2 choices
      Choice 1: inliners=48
      Choice 2: inliners=12
    Pair (6-4): Selected=0 / 2 choices
      Choice 1: inliners=24
      Choice 2: inliners=6
    Pair (7-4): Selected=0 / 2 choices
      Choice 1: inliners=36
      Choice 2: inliners=30
    Pair (8-4): Selected=0 / 4 choices
      Choice 1: inliners=28
      Choice 2: inliners=22
      Choice 3: inliners=44
      Choice 4: inliners=0
    Pair (11-4): Selected=1 / 1 choices
      Choice 1: inliners=57 [SELECTED]
    Pair (13-4): Selected=0 / 1 choices
      Choice 1: inliners=14
    Pair (14-4): Selected=0 / 2 choices
      Choice 1: inliners=48
      Choice 2: inliners=16
    Pair (16-4): Selected=0 / 1 choices
      Choice 1: inliners=32
    Pair (17-4): Selected=0 / 1 choices
      Choice 1: inliners=66
    Pair (19-4): Selected=2 / 4 choices
      Choice 1: inliners=32
      Choice 2: inliners=44 [SELECTED]
      Choice 3: inliners=26
      Choice 4: inliners=40
    Pair (20-4): Selected=1 / 1 choices
      Choice 1: inliners=53 [SELECTED]
    Pair (21-4): Selected=0 / 3 choices
      Choice 1: inliners=22
      Choice 2: inliners=16
      Choice 3: inliners=32
    Pair (22-4): Selected=0 / 1 choices
      Choice 1: inliners=38
    Pair (27-4): Selected=0 / 1 choices
      Choice 1: inliners=39


--- GENERATION 40 BEST BREAKDOWN ---
  Total Fitness: 1785.72
  Inlier Reward: 1063.57
  Cycle Penalty: 0.00
  Overlap Penalty: 0.00
  Edge Residual Penalty: 0.00
  Edge Rot Residual Penalty: 0.00
  Connectivity Reward: 0.00
  Component Penalty: 0.00
  Consensus Support Reward: 722.15
  Largest Component: 27
  Num Components: 1
  Active Pairs: 26
  OverlapDiag Sum (indexed): 0.0000 (delta_vs_fitness=0.0000)
  OverlapDiag Pairs: total=325 same_comp=325 broad_reject=270 narrow_checked=325 active=2
  OverlapDiag Active Pairs: none

  --- ACTIVE GENE MAP ---
    Gene  2 (Pair  5- 1): choice=8 (inl=84)
    Gene  7 (Pair 10- 1): choice=2 (inl=65)
    Gene 14 (Pair 19- 1): choice=2 (inl=89)
    Gene 18 (Pair 23- 1): choice=1 (inl=43)
    Gene 19 (Pair 24- 1): choice=1 (inl=36)
    Gene 22 (Pair  6- 2): choice=1 (inl=48)
    Gene 23 (Pair  7- 2): choice=2 (inl=44)
    Gene 25 (Pair  9- 2): choice=2 (inl=36)
    Gene 29 (Pair 13- 2): choice=1 (inl=46)
    Gene 35 (Pair 25- 2): choice=2 (inl=26)
    Gene 36 (Pair 26- 2): choice=4 (inl=34)
    Gene 42 (Pair  8- 3): choice=1 (inl=52)
    Gene 46 (Pair 12- 3): choice=1 (inl=48)
    Gene 47 (Pair 14- 3): choice=3 (inl=55)
    Gene 50 (Pair 17- 3): choice=1 (inl=79)
    Gene 61 (Pair 11- 4): choice=1 (inl=57)
    Gene 67 (Pair 20- 4): choice=1 (inl=53)
    Gene 109 (Pair 11- 7): choice=1 (inl=107)
    Gene 143 (Pair 15- 9): choice=1 (inl=28)
    Gene 144 (Pair 16- 9): choice=1 (inl=55)
    Gene 153 (Pair 12-10): choice=2 (inl=68)
    Gene 160 (Pair 21-10): choice=1 (inl=70)
    Gene 176 (Pair 15-12): choice=3 (inl=38)
    Gene 178 (Pair 18-12): choice=4 (inl=72)
    Gene 182 (Pair 22-12): choice=1 (inl=55)
    Gene 214 (Pair 27-17): choice=1 (inl=30)

  --- SHARD 4 CANDIDATE ANALYSIS ---
    Pair (4-2): Selected=0 / 2 choices
      Choice 1: inliners=26
      Choice 2: inliners=2
    Pair (4-3): Selected=0 / 5 choices
      Choice 1: inliners=38
      Choice 2: inliners=46
      Choice 3: inliners=14
      Choice 4: inliners=32
      Choice 5: inliners=68
    Pair (5-4): Selected=0 / 2 choices
      Choice 1: inliners=48
      Choice 2: inliners=12
    Pair (6-4): Selected=0 / 2 choices
      Choice 1: inliners=24
      Choice 2: inliners=6
    Pair (7-4): Selected=0 / 2 choices
      Choice 1: inliners=36
      Choice 2: inliners=30
    Pair (8-4): Selected=0 / 4 choices
      Choice 1: inliners=28
      Choice 2: inliners=22
      Choice 3: inliners=44
      Choice 4: inliners=0
    Pair (11-4): Selected=1 / 1 choices
      Choice 1: inliners=57 [SELECTED]
    Pair (13-4): Selected=0 / 1 choices
      Choice 1: inliners=14
    Pair (14-4): Selected=0 / 2 choices
      Choice 1: inliners=48
      Choice 2: inliners=16
    Pair (16-4): Selected=0 / 1 choices
      Choice 1: inliners=32
    Pair (17-4): Selected=0 / 1 choices
      Choice 1: inliners=66
    Pair (19-4): Selected=0 / 4 choices
      Choice 1: inliners=32
      Choice 2: inliners=44
      Choice 3: inliners=26
      Choice 4: inliners=40
    Pair (20-4): Selected=1 / 1 choices
      Choice 1: inliners=53 [SELECTED]
    Pair (21-4): Selected=0 / 3 choices
      Choice 1: inliners=22
      Choice 2: inliners=16
      Choice 3: inliners=32
    Pair (22-4): Selected=0 / 1 choices
      Choice 1: inliners=38
    Pair (27-4): Selected=0 / 1 choices
      Choice 1: inliners=39


--- GENERATION 50 BEST BREAKDOWN ---
  Total Fitness: 1895.94
  Inlier Reward: 1061.14
  Cycle Penalty: 0.00
  Overlap Penalty: 0.00
  Edge Residual Penalty: 0.00
  Edge Rot Residual Penalty: 0.00
  Connectivity Reward: 0.00
  Component Penalty: 0.00
  Consensus Support Reward: 834.80
  Largest Component: 27
  Num Components: 1
  Active Pairs: 26
  OverlapDiag Sum (indexed): 0.0000 (delta_vs_fitness=0.0000)
  OverlapDiag Pairs: total=325 same_comp=325 broad_reject=270 narrow_checked=325 active=1
  OverlapDiag Active Pairs: none

  --- ACTIVE GENE MAP ---
    Gene  2 (Pair  5- 1): choice=8 (inl=84)
    Gene  7 (Pair 10- 1): choice=2 (inl=65)
    Gene 14 (Pair 19- 1): choice=2 (inl=89)
    Gene 15 (Pair 20- 1): choice=2 (inl=38)
    Gene 18 (Pair 23- 1): choice=2 (inl=38)
    Gene 19 (Pair 24- 1): choice=1 (inl=36)
    Gene 22 (Pair  6- 2): choice=1 (inl=48)
    Gene 25 (Pair  9- 2): choice=2 (inl=36)
    Gene 29 (Pair 13- 2): choice=1 (inl=46)
    Gene 35 (Pair 25- 2): choice=1 (inl=22)
    Gene 36 (Pair 26- 2): choice=4 (inl=34)
    Gene 42 (Pair  8- 3): choice=1 (inl=52)
    Gene 46 (Pair 12- 3): choice=1 (inl=48)
    Gene 47 (Pair 14- 3): choice=3 (inl=55)
    Gene 49 (Pair 16- 3): choice=1 (inl=64)
    Gene 50 (Pair 17- 3): choice=1 (inl=79)
    Gene 61 (Pair 11- 4): choice=1 (inl=57)
    Gene 65 (Pair 17- 4): choice=1 (inl=66)
    Gene 67 (Pair 20- 4): choice=1 (inl=53)
    Gene 106 (Pair  8- 7): choice=3 (inl=98)
    Gene 135 (Pair 22- 8): choice=3 (inl=53)
    Gene 151 (Pair 24- 9): choice=1 (inl=51)
    Gene 160 (Pair 21-10): choice=1 (inl=70)
    Gene 176 (Pair 15-12): choice=3 (inl=38)
    Gene 178 (Pair 18-12): choice=4 (inl=72)
    Gene 214 (Pair 27-17): choice=1 (inl=30)

  --- SHARD 4 CANDIDATE ANALYSIS ---
    Pair (4-2): Selected=0 / 2 choices
      Choice 1: inliners=26
      Choice 2: inliners=2
    Pair (4-3): Selected=0 / 5 choices
      Choice 1: inliners=38
      Choice 2: inliners=46
      Choice 3: inliners=14
      Choice 4: inliners=32
      Choice 5: inliners=68
    Pair (5-4): Selected=0 / 2 choices
      Choice 1: inliners=48
      Choice 2: inliners=12
    Pair (6-4): Selected=0 / 2 choices
      Choice 1: inliners=24
      Choice 2: inliners=6
    Pair (7-4): Selected=0 / 2 choices
      Choice 1: inliners=36
      Choice 2: inliners=30
    Pair (8-4): Selected=0 / 4 choices
      Choice 1: inliners=28
      Choice 2: inliners=22
      Choice 3: inliners=44
      Choice 4: inliners=0
    Pair (11-4): Selected=1 / 1 choices
      Choice 1: inliners=57 [SELECTED]
    Pair (13-4): Selected=0 / 1 choices
      Choice 1: inliners=14
    Pair (14-4): Selected=0 / 2 choices
      Choice 1: inliners=48
      Choice 2: inliners=16
    Pair (16-4): Selected=0 / 1 choices
      Choice 1: inliners=32
    Pair (17-4): Selected=1 / 1 choices
      Choice 1: inliners=66 [SELECTED]
    Pair (19-4): Selected=0 / 4 choices
      Choice 1: inliners=32
      Choice 2: inliners=44
      Choice 3: inliners=26
      Choice 4: inliners=40
    Pair (20-4): Selected=1 / 1 choices
      Choice 1: inliners=53 [SELECTED]
    Pair (21-4): Selected=0 / 3 choices
      Choice 1: inliners=22
      Choice 2: inliners=16
      Choice 3: inliners=32
    Pair (22-4): Selected=0 / 1 choices
      Choice 1: inliners=38
    Pair (27-4): Selected=0 / 1 choices
      Choice 1: inliners=39


--- GENERATION 60 BEST BREAKDOWN ---
  Total Fitness: 2061.70
  Inlier Reward: 1046.18
  Cycle Penalty: 0.00
  Overlap Penalty: 0.00
  Edge Residual Penalty: 0.00
  Edge Rot Residual Penalty: 0.00
  Connectivity Reward: 0.00
  Component Penalty: 0.00
  Consensus Support Reward: 1015.52
  Largest Component: 27
  Num Components: 1
  Active Pairs: 26
  OverlapDiag Sum (indexed): 0.0000 (delta_vs_fitness=0.0000)
  OverlapDiag Pairs: total=325 same_comp=325 broad_reject=279 narrow_checked=325 active=1
  OverlapDiag Active Pairs: none

  --- ACTIVE GENE MAP ---
    Gene  2 (Pair  5- 1): choice=8 (inl=84)
    Gene  7 (Pair 10- 1): choice=2 (inl=65)
    Gene 14 (Pair 19- 1): choice=2 (inl=89)
    Gene 15 (Pair 20- 1): choice=2 (inl=38)
    Gene 18 (Pair 23- 1): choice=2 (inl=38)
    Gene 19 (Pair 24- 1): choice=1 (inl=36)
    Gene 22 (Pair  6- 2): choice=1 (inl=48)
    Gene 25 (Pair  9- 2): choice=2 (inl=36)
    Gene 29 (Pair 13- 2): choice=1 (inl=46)
    Gene 35 (Pair 25- 2): choice=2 (inl=26)
    Gene 36 (Pair 26- 2): choice=4 (inl=34)
    Gene 42 (Pair  8- 3): choice=1 (inl=52)
    Gene 46 (Pair 12- 3): choice=1 (inl=48)
    Gene 47 (Pair 14- 3): choice=3 (inl=55)
    Gene 49 (Pair 16- 3): choice=1 (inl=64)
    Gene 50 (Pair 17- 3): choice=1 (inl=79)
    Gene 61 (Pair 11- 4): choice=1 (inl=57)
    Gene 65 (Pair 17- 4): choice=1 (inl=66)
    Gene 106 (Pair  8- 7): choice=3 (inl=98)
    Gene 143 (Pair 15- 9): choice=1 (inl=28)
    Gene 151 (Pair 24- 9): choice=1 (inl=51)
    Gene 160 (Pair 21-10): choice=1 (inl=70)
    Gene 176 (Pair 15-12): choice=3 (inl=38)
    Gene 178 (Pair 18-12): choice=4 (inl=72)
    Gene 206 (Pair 22-15): choice=2 (inl=54)
    Gene 214 (Pair 27-17): choice=1 (inl=30)

  --- SHARD 4 CANDIDATE ANALYSIS ---
    Pair (4-2): Selected=0 / 2 choices
      Choice 1: inliners=26
      Choice 2: inliners=2
    Pair (4-3): Selected=0 / 5 choices
      Choice 1: inliners=38
      Choice 2: inliners=46
      Choice 3: inliners=14
      Choice 4: inliners=32
      Choice 5: inliners=68
    Pair (5-4): Selected=0 / 2 choices
      Choice 1: inliners=48
      Choice 2: inliners=12
    Pair (6-4): Selected=0 / 2 choices
      Choice 1: inliners=24
      Choice 2: inliners=6
    Pair (7-4): Selected=0 / 2 choices
      Choice 1: inliners=36
      Choice 2: inliners=30
    Pair (8-4): Selected=0 / 4 choices
      Choice 1: inliners=28
      Choice 2: inliners=22
      Choice 3: inliners=44
      Choice 4: inliners=0
    Pair (11-4): Selected=1 / 1 choices
      Choice 1: inliners=57 [SELECTED]
    Pair (13-4): Selected=0 / 1 choices
      Choice 1: inliners=14
    Pair (14-4): Selected=0 / 2 choices
      Choice 1: inliners=48
      Choice 2: inliners=16
    Pair (16-4): Selected=0 / 1 choices
      Choice 1: inliners=32
    Pair (17-4): Selected=1 / 1 choices
      Choice 1: inliners=66 [SELECTED]
    Pair (19-4): Selected=0 / 4 choices
      Choice 1: inliners=32
      Choice 2: inliners=44
      Choice 3: inliners=26
      Choice 4: inliners=40
    Pair (20-4): Selected=0 / 1 choices
      Choice 1: inliners=53
    Pair (21-4): Selected=0 / 3 choices
      Choice 1: inliners=22
      Choice 2: inliners=16
      Choice 3: inliners=32
    Pair (22-4): Selected=0 / 1 choices
      Choice 1: inliners=38
    Pair (27-4): Selected=0 / 1 choices
      Choice 1: inliners=39


--- GENERATION 70 BEST BREAKDOWN ---
  Total Fitness: 2222.95
  Inlier Reward: 1040.31
  Cycle Penalty: 0.00
  Overlap Penalty: 0.00
  Edge Residual Penalty: 0.00
  Edge Rot Residual Penalty: 0.00
  Connectivity Reward: 0.00
  Component Penalty: 0.00
  Consensus Support Reward: 1182.63
  Largest Component: 27
  Num Components: 1
  Active Pairs: 26
  OverlapDiag Sum (indexed): 0.0000 (delta_vs_fitness=0.0000)
  OverlapDiag Pairs: total=325 same_comp=325 broad_reject=275 narrow_checked=325 active=1
  OverlapDiag Active Pairs: none

  --- ACTIVE GENE MAP ---
    Gene  2 (Pair  5- 1): choice=8 (inl=84)
    Gene  7 (Pair 10- 1): choice=2 (inl=65)
    Gene 14 (Pair 19- 1): choice=2 (inl=89)
    Gene 15 (Pair 20- 1): choice=2 (inl=38)
    Gene 18 (Pair 23- 1): choice=2 (inl=38)
    Gene 19 (Pair 24- 1): choice=1 (inl=36)
    Gene 22 (Pair  6- 2): choice=1 (inl=48)
    Gene 25 (Pair  9- 2): choice=2 (inl=36)
    Gene 29 (Pair 13- 2): choice=1 (inl=46)
    Gene 35 (Pair 25- 2): choice=2 (inl=26)
    Gene 36 (Pair 26- 2): choice=4 (inl=34)
    Gene 42 (Pair  8- 3): choice=1 (inl=52)
    Gene 47 (Pair 14- 3): choice=3 (inl=55)
    Gene 49 (Pair 16- 3): choice=1 (inl=64)
    Gene 50 (Pair 17- 3): choice=1 (inl=79)
    Gene 65 (Pair 17- 4): choice=1 (inl=66)
    Gene 76 (Pair 11- 5): choice=5 (inl=56)
    Gene 106 (Pair  8- 7): choice=3 (inl=98)
    Gene 128 (Pair 15- 8): choice=1 (inl=44)
    Gene 143 (Pair 15- 9): choice=1 (inl=28)
    Gene 151 (Pair 24- 9): choice=1 (inl=51)
    Gene 160 (Pair 21-10): choice=1 (inl=70)
    Gene 176 (Pair 15-12): choice=3 (inl=38)
    Gene 178 (Pair 18-12): choice=4 (inl=72)
    Gene 206 (Pair 22-15): choice=2 (inl=54)
    Gene 214 (Pair 27-17): choice=1 (inl=30)

  --- SHARD 4 CANDIDATE ANALYSIS ---
    Pair (4-2): Selected=0 / 2 choices
      Choice 1: inliners=26
      Choice 2: inliners=2
    Pair (4-3): Selected=0 / 5 choices
      Choice 1: inliners=38
      Choice 2: inliners=46
      Choice 3: inliners=14
      Choice 4: inliners=32
      Choice 5: inliners=68
    Pair (5-4): Selected=0 / 2 choices
      Choice 1: inliners=48
      Choice 2: inliners=12
    Pair (6-4): Selected=0 / 2 choices
      Choice 1: inliners=24
      Choice 2: inliners=6
    Pair (7-4): Selected=0 / 2 choices
      Choice 1: inliners=36
      Choice 2: inliners=30
    Pair (8-4): Selected=0 / 4 choices
      Choice 1: inliners=28
      Choice 2: inliners=22
      Choice 3: inliners=44
      Choice 4: inliners=0
    Pair (11-4): Selected=0 / 1 choices
      Choice 1: inliners=57
    Pair (13-4): Selected=0 / 1 choices
      Choice 1: inliners=14
    Pair (14-4): Selected=0 / 2 choices
      Choice 1: inliners=48
      Choice 2: inliners=16
    Pair (16-4): Selected=0 / 1 choices
      Choice 1: inliners=32
    Pair (17-4): Selected=1 / 1 choices
      Choice 1: inliners=66 [SELECTED]
    Pair (19-4): Selected=0 / 4 choices
      Choice 1: inliners=32
      Choice 2: inliners=44
      Choice 3: inliners=26
      Choice 4: inliners=40
    Pair (20-4): Selected=0 / 1 choices
      Choice 1: inliners=53
    Pair (21-4): Selected=0 / 3 choices
      Choice 1: inliners=22
      Choice 2: inliners=16
      Choice 3: inliners=32
    Pair (22-4): Selected=0 / 1 choices
      Choice 1: inliners=38
    Pair (27-4): Selected=0 / 1 choices
      Choice 1: inliners=39


--- GENERATION 80 BEST BREAKDOWN ---
  Total Fitness: 2256.14
  Inlier Reward: 1034.78
  Cycle Penalty: 0.00
  Overlap Penalty: 0.00
  Edge Residual Penalty: 0.00
  Edge Rot Residual Penalty: 0.00
  Connectivity Reward: 0.00
  Component Penalty: 0.00
  Consensus Support Reward: 1221.35
  Largest Component: 27
  Num Components: 1
  Active Pairs: 26
  OverlapDiag Sum (indexed): 0.0000 (delta_vs_fitness=0.0000)
  OverlapDiag Pairs: total=325 same_comp=325 broad_reject=275 narrow_checked=325 active=1
  OverlapDiag Active Pairs: none

  --- ACTIVE GENE MAP ---
    Gene  2 (Pair  5- 1): choice=8 (inl=84)
    Gene  7 (Pair 10- 1): choice=2 (inl=65)
    Gene 14 (Pair 19- 1): choice=2 (inl=89)
    Gene 15 (Pair 20- 1): choice=2 (inl=38)
    Gene 18 (Pair 23- 1): choice=2 (inl=38)
    Gene 19 (Pair 24- 1): choice=1 (inl=36)
    Gene 25 (Pair  9- 2): choice=2 (inl=36)
    Gene 29 (Pair 13- 2): choice=1 (inl=46)
    Gene 35 (Pair 25- 2): choice=2 (inl=26)
    Gene 36 (Pair 26- 2): choice=4 (inl=34)
    Gene 37 (Pair 27- 2): choice=1 (inl=30)
    Gene 42 (Pair  8- 3): choice=1 (inl=52)
    Gene 47 (Pair 14- 3): choice=3 (inl=55)
    Gene 49 (Pair 16- 3): choice=1 (inl=64)
    Gene 50 (Pair 17- 3): choice=1 (inl=79)
    Gene 61 (Pair 11- 4): choice=1 (inl=57)
    Gene 76 (Pair 11- 5): choice=5 (inl=56)
    Gene 95 (Pair 13- 6): choice=1 (inl=68)
    Gene 106 (Pair  8- 7): choice=3 (inl=98)
    Gene 128 (Pair 15- 8): choice=1 (inl=44)
    Gene 143 (Pair 15- 9): choice=1 (inl=28)
    Gene 149 (Pair 22- 9): choice=1 (inl=55)
    Gene 151 (Pair 24- 9): choice=1 (inl=51)
    Gene 160 (Pair 21-10): choice=1 (inl=70)
    Gene 176 (Pair 15-12): choice=3 (inl=38)
    Gene 203 (Pair 18-15): choice=1 (inl=58)

  --- SHARD 4 CANDIDATE ANALYSIS ---
    Pair (4-2): Selected=0 / 2 choices
      Choice 1: inliners=26
      Choice 2: inliners=2
    Pair (4-3): Selected=0 / 5 choices
      Choice 1: inliners=38
      Choice 2: inliners=46
      Choice 3: inliners=14
      Choice 4: inliners=32
      Choice 5: inliners=68
    Pair (5-4): Selected=0 / 2 choices
      Choice 1: inliners=48
      Choice 2: inliners=12
    Pair (6-4): Selected=0 / 2 choices
      Choice 1: inliners=24
      Choice 2: inliners=6
    Pair (7-4): Selected=0 / 2 choices
      Choice 1: inliners=36
      Choice 2: inliners=30
    Pair (8-4): Selected=0 / 4 choices
      Choice 1: inliners=28
      Choice 2: inliners=22
      Choice 3: inliners=44
      Choice 4: inliners=0
    Pair (11-4): Selected=1 / 1 choices
      Choice 1: inliners=57 [SELECTED]
    Pair (13-4): Selected=0 / 1 choices
      Choice 1: inliners=14
    Pair (14-4): Selected=0 / 2 choices
      Choice 1: inliners=48
      Choice 2: inliners=16
    Pair (16-4): Selected=0 / 1 choices
      Choice 1: inliners=32
    Pair (17-4): Selected=0 / 1 choices
      Choice 1: inliners=66
    Pair (19-4): Selected=0 / 4 choices
      Choice 1: inliners=32
      Choice 2: inliners=44
      Choice 3: inliners=26
      Choice 4: inliners=40
    Pair (20-4): Selected=0 / 1 choices
      Choice 1: inliners=53
    Pair (21-4): Selected=0 / 3 choices
      Choice 1: inliners=22
      Choice 2: inliners=16
      Choice 3: inliners=32
    Pair (22-4): Selected=0 / 1 choices
      Choice 1: inliners=38
    Pair (27-4): Selected=0 / 1 choices
      Choice 1: inliners=39


--- GENERATION 90 BEST BREAKDOWN ---
  Total Fitness: 2341.00
  Inlier Reward: 1039.61
  Cycle Penalty: 0.00
  Overlap Penalty: 0.00
  Edge Residual Penalty: 0.00
  Edge Rot Residual Penalty: 0.00
  Connectivity Reward: 0.00
  Component Penalty: 0.00
  Consensus Support Reward: 1301.40
  Largest Component: 27
  Num Components: 1
  Active Pairs: 26
  OverlapDiag Sum (indexed): 0.0000 (delta_vs_fitness=0.0000)
  OverlapDiag Pairs: total=325 same_comp=325 broad_reject=275 narrow_checked=325 active=1
  OverlapDiag Active Pairs: none

  --- ACTIVE GENE MAP ---
    Gene  2 (Pair  5- 1): choice=8 (inl=84)
    Gene  7 (Pair 10- 1): choice=2 (inl=65)
    Gene 14 (Pair 19- 1): choice=2 (inl=89)
    Gene 18 (Pair 23- 1): choice=2 (inl=38)
    Gene 19 (Pair 24- 1): choice=1 (inl=36)
    Gene 25 (Pair  9- 2): choice=2 (inl=36)
    Gene 29 (Pair 13- 2): choice=1 (inl=46)
    Gene 35 (Pair 25- 2): choice=2 (inl=26)
    Gene 36 (Pair 26- 2): choice=4 (inl=34)
    Gene 42 (Pair  8- 3): choice=1 (inl=52)
    Gene 47 (Pair 14- 3): choice=3 (inl=55)
    Gene 49 (Pair 16- 3): choice=1 (inl=64)
    Gene 50 (Pair 17- 3): choice=1 (inl=79)
    Gene 66 (Pair 19- 4): choice=2 (inl=44)
    Gene 67 (Pair 20- 4): choice=1 (inl=53)
    Gene 76 (Pair 11- 5): choice=5 (inl=56)
    Gene 95 (Pair 13- 6): choice=1 (inl=68)
    Gene 106 (Pair  8- 7): choice=3 (inl=98)
    Gene 128 (Pair 15- 8): choice=1 (inl=44)
    Gene 143 (Pair 15- 9): choice=1 (inl=28)
    Gene 149 (Pair 22- 9): choice=1 (inl=55)
    Gene 151 (Pair 24- 9): choice=1 (inl=51)
    Gene 160 (Pair 21-10): choice=1 (inl=70)
    Gene 176 (Pair 15-12): choice=3 (inl=38)
    Gene 203 (Pair 18-15): choice=1 (inl=58)
    Gene 214 (Pair 27-17): choice=1 (inl=30)

  --- SHARD 4 CANDIDATE ANALYSIS ---
    Pair (4-2): Selected=0 / 2 choices
      Choice 1: inliners=26
      Choice 2: inliners=2
    Pair (4-3): Selected=0 / 5 choices
      Choice 1: inliners=38
      Choice 2: inliners=46
      Choice 3: inliners=14
      Choice 4: inliners=32
      Choice 5: inliners=68
    Pair (5-4): Selected=0 / 2 choices
      Choice 1: inliners=48
      Choice 2: inliners=12
    Pair (6-4): Selected=0 / 2 choices
      Choice 1: inliners=24
      Choice 2: inliners=6
    Pair (7-4): Selected=0 / 2 choices
      Choice 1: inliners=36
      Choice 2: inliners=30
    Pair (8-4): Selected=0 / 4 choices
      Choice 1: inliners=28
      Choice 2: inliners=22
      Choice 3: inliners=44
      Choice 4: inliners=0
    Pair (11-4): Selected=0 / 1 choices
      Choice 1: inliners=57
    Pair (13-4): Selected=0 / 1 choices
      Choice 1: inliners=14
    Pair (14-4): Selected=0 / 2 choices
      Choice 1: inliners=48
      Choice 2: inliners=16
    Pair (16-4): Selected=0 / 1 choices
      Choice 1: inliners=32
    Pair (17-4): Selected=0 / 1 choices
      Choice 1: inliners=66
    Pair (19-4): Selected=2 / 4 choices
      Choice 1: inliners=32
      Choice 2: inliners=44 [SELECTED]
      Choice 3: inliners=26
      Choice 4: inliners=40
    Pair (20-4): Selected=1 / 1 choices
      Choice 1: inliners=53 [SELECTED]
    Pair (21-4): Selected=0 / 3 choices
      Choice 1: inliners=22
      Choice 2: inliners=16
      Choice 3: inliners=32
    Pair (22-4): Selected=0 / 1 choices
      Choice 1: inliners=38
    Pair (27-4): Selected=0 / 1 choices
      Choice 1: inliners=39


--- GENERATION 100 BEST BREAKDOWN ---
  Total Fitness: 2382.55
  Inlier Reward: 1020.84
  Cycle Penalty: 0.00
  Overlap Penalty: 0.00
  Edge Residual Penalty: 0.00
  Edge Rot Residual Penalty: 0.00
  Connectivity Reward: 0.00
  Component Penalty: 0.00
  Consensus Support Reward: 1361.71
  Largest Component: 27
  Num Components: 1
  Active Pairs: 26
  OverlapDiag Sum (indexed): 0.0000 (delta_vs_fitness=0.0000)
  OverlapDiag Pairs: total=325 same_comp=325 broad_reject=273 narrow_checked=325 active=1
  OverlapDiag Active Pairs: none

  --- ACTIVE GENE MAP ---
    Gene  2 (Pair  5- 1): choice=8 (inl=84)
    Gene  7 (Pair 10- 1): choice=2 (inl=65)
    Gene 14 (Pair 19- 1): choice=2 (inl=89)
    Gene 18 (Pair 23- 1): choice=2 (inl=38)
    Gene 19 (Pair 24- 1): choice=1 (inl=36)
    Gene 22 (Pair  6- 2): choice=1 (inl=48)
    Gene 25 (Pair  9- 2): choice=2 (inl=36)
    Gene 35 (Pair 25- 2): choice=2 (inl=26)
    Gene 36 (Pair 26- 2): choice=4 (inl=34)
    Gene 42 (Pair  8- 3): choice=1 (inl=52)
    Gene 47 (Pair 14- 3): choice=3 (inl=55)
    Gene 49 (Pair 16- 3): choice=1 (inl=64)
    Gene 50 (Pair 17- 3): choice=1 (inl=79)
    Gene 66 (Pair 19- 4): choice=2 (inl=44)
    Gene 67 (Pair 20- 4): choice=1 (inl=53)
    Gene 76 (Pair 11- 5): choice=5 (inl=56)
    Gene 106 (Pair  8- 7): choice=3 (inl=98)
    Gene 128 (Pair 15- 8): choice=1 (inl=44)
    Gene 143 (Pair 15- 9): choice=1 (inl=28)
    Gene 149 (Pair 22- 9): choice=1 (inl=55)
    Gene 151 (Pair 24- 9): choice=1 (inl=51)
    Gene 160 (Pair 21-10): choice=1 (inl=70)
    Gene 173 (Pair 27-11): choice=1 (inl=39)
    Gene 176 (Pair 15-12): choice=3 (inl=38)
    Gene 187 (Pair 18-13): choice=3 (inl=44)
    Gene 203 (Pair 18-15): choice=1 (inl=58)

  --- SHARD 4 CANDIDATE ANALYSIS ---
    Pair (4-2): Selected=0 / 2 choices
      Choice 1: inliners=26
      Choice 2: inliners=2
    Pair (4-3): Selected=0 / 5 choices
      Choice 1: inliners=38
      Choice 2: inliners=46
      Choice 3: inliners=14
      Choice 4: inliners=32
      Choice 5: inliners=68
    Pair (5-4): Selected=0 / 2 choices
      Choice 1: inliners=48
      Choice 2: inliners=12
    Pair (6-4): Selected=0 / 2 choices
      Choice 1: inliners=24
      Choice 2: inliners=6
    Pair (7-4): Selected=0 / 2 choices
      Choice 1: inliners=36
      Choice 2: inliners=30
    Pair (8-4): Selected=0 / 4 choices
      Choice 1: inliners=28
      Choice 2: inliners=22
      Choice 3: inliners=44
      Choice 4: inliners=0
    Pair (11-4): Selected=0 / 1 choices
      Choice 1: inliners=57
    Pair (13-4): Selected=0 / 1 choices
      Choice 1: inliners=14
    Pair (14-4): Selected=0 / 2 choices
      Choice 1: inliners=48
      Choice 2: inliners=16
    Pair (16-4): Selected=0 / 1 choices
      Choice 1: inliners=32
    Pair (17-4): Selected=0 / 1 choices
      Choice 1: inliners=66
    Pair (19-4): Selected=2 / 4 choices
      Choice 1: inliners=32
      Choice 2: inliners=44 [SELECTED]
      Choice 3: inliners=26
      Choice 4: inliners=40
    Pair (20-4): Selected=1 / 1 choices
      Choice 1: inliners=53 [SELECTED]
    Pair (21-4): Selected=0 / 3 choices
      Choice 1: inliners=22
      Choice 2: inliners=16
      Choice 3: inliners=32
    Pair (22-4): Selected=0 / 1 choices
      Choice 1: inliners=38
    Pair (27-4): Selected=0 / 1 choices
      Choice 1: inliners=39


--- GENERATION 110 BEST BREAKDOWN ---
  Total Fitness: 2454.19
  Inlier Reward: 1007.66
  Cycle Penalty: 0.00
  Overlap Penalty: 0.00
  Edge Residual Penalty: 0.00
  Edge Rot Residual Penalty: 0.00
  Connectivity Reward: 0.00
  Component Penalty: 0.00
  Consensus Support Reward: 1446.53
  Largest Component: 27
  Num Components: 1
  Active Pairs: 26
  OverlapDiag Sum (indexed): 0.0000 (delta_vs_fitness=0.0000)
  OverlapDiag Pairs: total=325 same_comp=325 broad_reject=273 narrow_checked=325 active=0
  OverlapDiag Active Pairs: none

  --- ACTIVE GENE MAP ---
    Gene  2 (Pair  5- 1): choice=8 (inl=84)
    Gene  7 (Pair 10- 1): choice=2 (inl=65)
    Gene 14 (Pair 19- 1): choice=2 (inl=89)
    Gene 18 (Pair 23- 1): choice=2 (inl=38)
    Gene 19 (Pair 24- 1): choice=1 (inl=36)
    Gene 25 (Pair  9- 2): choice=2 (inl=36)
    Gene 35 (Pair 25- 2): choice=2 (inl=26)
    Gene 36 (Pair 26- 2): choice=4 (inl=34)
    Gene 42 (Pair  8- 3): choice=1 (inl=52)
    Gene 47 (Pair 14- 3): choice=3 (inl=55)
    Gene 49 (Pair 16- 3): choice=1 (inl=64)
    Gene 50 (Pair 17- 3): choice=1 (inl=79)
    Gene 67 (Pair 20- 4): choice=1 (inl=53)
    Gene 76 (Pair 11- 5): choice=5 (inl=56)
    Gene 94 (Pair 12- 6): choice=3 (inl=26)
    Gene 106 (Pair  8- 7): choice=3 (inl=98)
    Gene 128 (Pair 15- 8): choice=1 (inl=44)
    Gene 143 (Pair 15- 9): choice=1 (inl=28)
    Gene 149 (Pair 22- 9): choice=1 (inl=55)
    Gene 151 (Pair 24- 9): choice=1 (inl=51)
    Gene 160 (Pair 21-10): choice=1 (inl=70)
    Gene 173 (Pair 27-11): choice=1 (inl=39)
    Gene 176 (Pair 15-12): choice=3 (inl=38)
    Gene 187 (Pair 18-13): choice=3 (inl=44)
    Gene 203 (Pair 18-15): choice=1 (inl=58)
    Gene 222 (Pair 20-19): choice=2 (inl=42)

  --- SHARD 4 CANDIDATE ANALYSIS ---
    Pair (4-2): Selected=0 / 2 choices
      Choice 1: inliners=26
      Choice 2: inliners=2
    Pair (4-3): Selected=0 / 5 choices
      Choice 1: inliners=38
      Choice 2: inliners=46
      Choice 3: inliners=14
      Choice 4: inliners=32
      Choice 5: inliners=68
    Pair (5-4): Selected=0 / 2 choices
      Choice 1: inliners=48
      Choice 2: inliners=12
    Pair (6-4): Selected=0 / 2 choices
      Choice 1: inliners=24
      Choice 2: inliners=6
    Pair (7-4): Selected=0 / 2 choices
      Choice 1: inliners=36
      Choice 2: inliners=30
    Pair (8-4): Selected=0 / 4 choices
      Choice 1: inliners=28
      Choice 2: inliners=22
      Choice 3: inliners=44
      Choice 4: inliners=0
    Pair (11-4): Selected=0 / 1 choices
      Choice 1: inliners=57
    Pair (13-4): Selected=0 / 1 choices
      Choice 1: inliners=14
    Pair (14-4): Selected=0 / 2 choices
      Choice 1: inliners=48
      Choice 2: inliners=16
    Pair (16-4): Selected=0 / 1 choices
      Choice 1: inliners=32
    Pair (17-4): Selected=0 / 1 choices
      Choice 1: inliners=66
    Pair (19-4): Selected=0 / 4 choices
      Choice 1: inliners=32
      Choice 2: inliners=44
      Choice 3: inliners=26
      Choice 4: inliners=40
    Pair (20-4): Selected=1 / 1 choices
      Choice 1: inliners=53 [SELECTED]
    Pair (21-4): Selected=0 / 3 choices
      Choice 1: inliners=22
      Choice 2: inliners=16
      Choice 3: inliners=32
    Pair (22-4): Selected=0 / 1 choices
      Choice 1: inliners=38
    Pair (27-4): Selected=0 / 1 choices
      Choice 1: inliners=39


--- GENERATION 120 BEST BREAKDOWN ---
  Total Fitness: 2513.17
  Inlier Reward: 969.57
  Cycle Penalty: 0.00
  Overlap Penalty: 0.00
  Edge Residual Penalty: 0.00
  Edge Rot Residual Penalty: 0.00
  Connectivity Reward: 0.00
  Component Penalty: 0.00
  Consensus Support Reward: 1543.60
  Largest Component: 27
  Num Components: 1
  Active Pairs: 26
  OverlapDiag Sum (indexed): 0.0000 (delta_vs_fitness=0.0000)
  OverlapDiag Pairs: total=325 same_comp=325 broad_reject=274 narrow_checked=325 active=0
  OverlapDiag Active Pairs: none

  --- ACTIVE GENE MAP ---
    Gene  2 (Pair  5- 1): choice=8 (inl=84)
    Gene  7 (Pair 10- 1): choice=2 (inl=65)
    Gene 14 (Pair 19- 1): choice=2 (inl=89)
    Gene 18 (Pair 23- 1): choice=2 (inl=38)
    Gene 19 (Pair 24- 1): choice=1 (inl=36)
    Gene 25 (Pair  9- 2): choice=2 (inl=36)
    Gene 35 (Pair 25- 2): choice=2 (inl=26)
    Gene 36 (Pair 26- 2): choice=4 (inl=34)
    Gene 42 (Pair  8- 3): choice=1 (inl=52)
    Gene 47 (Pair 14- 3): choice=3 (inl=55)
    Gene 49 (Pair 16- 3): choice=1 (inl=64)
    Gene 67 (Pair 20- 4): choice=1 (inl=53)
    Gene 70 (Pair 27- 4): choice=1 (inl=39)
    Gene 76 (Pair 11- 5): choice=5 (inl=56)
    Gene 94 (Pair 12- 6): choice=3 (inl=26)
    Gene 106 (Pair  8- 7): choice=3 (inl=98)
    Gene 128 (Pair 15- 8): choice=1 (inl=44)
    Gene 143 (Pair 15- 9): choice=1 (inl=28)
    Gene 149 (Pair 22- 9): choice=1 (inl=55)
    Gene 151 (Pair 24- 9): choice=1 (inl=51)
    Gene 160 (Pair 21-10): choice=1 (inl=70)
    Gene 176 (Pair 15-12): choice=3 (inl=38)
    Gene 187 (Pair 18-13): choice=3 (inl=44)
    Gene 194 (Pair 17-14): choice=1 (inl=26)
    Gene 203 (Pair 18-15): choice=1 (inl=58)
    Gene 222 (Pair 20-19): choice=2 (inl=42)

  --- SHARD 4 CANDIDATE ANALYSIS ---
    Pair (4-2): Selected=0 / 2 choices
      Choice 1: inliners=26
      Choice 2: inliners=2
    Pair (4-3): Selected=0 / 5 choices
      Choice 1: inliners=38
      Choice 2: inliners=46
      Choice 3: inliners=14
      Choice 4: inliners=32
      Choice 5: inliners=68
    Pair (5-4): Selected=0 / 2 choices
      Choice 1: inliners=48
      Choice 2: inliners=12
    Pair (6-4): Selected=0 / 2 choices
      Choice 1: inliners=24
      Choice 2: inliners=6
    Pair (7-4): Selected=0 / 2 choices
      Choice 1: inliners=36
      Choice 2: inliners=30
    Pair (8-4): Selected=0 / 4 choices
      Choice 1: inliners=28
      Choice 2: inliners=22
      Choice 3: inliners=44
      Choice 4: inliners=0
    Pair (11-4): Selected=0 / 1 choices
      Choice 1: inliners=57
    Pair (13-4): Selected=0 / 1 choices
      Choice 1: inliners=14
    Pair (14-4): Selected=0 / 2 choices
      Choice 1: inliners=48
      Choice 2: inliners=16
    Pair (16-4): Selected=0 / 1 choices
      Choice 1: inliners=32
    Pair (17-4): Selected=0 / 1 choices
      Choice 1: inliners=66
    Pair (19-4): Selected=0 / 4 choices
      Choice 1: inliners=32
      Choice 2: inliners=44
      Choice 3: inliners=26
      Choice 4: inliners=40
    Pair (20-4): Selected=1 / 1 choices
      Choice 1: inliners=53 [SELECTED]
    Pair (21-4): Selected=0 / 3 choices
      Choice 1: inliners=22
      Choice 2: inliners=16
      Choice 3: inliners=32
    Pair (22-4): Selected=0 / 1 choices
      Choice 1: inliners=38
    Pair (27-4): Selected=1 / 1 choices
      Choice 1: inliners=39 [SELECTED]


--- GENERATION 130 BEST BREAKDOWN ---
  Total Fitness: 2513.17
  Inlier Reward: 969.57
  Cycle Penalty: 0.00
  Overlap Penalty: 0.00
  Edge Residual Penalty: 0.00
  Edge Rot Residual Penalty: 0.00
  Connectivity Reward: 0.00
  Component Penalty: 0.00
  Consensus Support Reward: 1543.60
  Largest Component: 27
  Num Components: 1
  Active Pairs: 26
  OverlapDiag Sum (indexed): 0.0000 (delta_vs_fitness=0.0000)
  OverlapDiag Pairs: total=325 same_comp=325 broad_reject=274 narrow_checked=325 active=0
  OverlapDiag Active Pairs: none

  --- ACTIVE GENE MAP ---
    Gene  2 (Pair  5- 1): choice=8 (inl=84)
    Gene  7 (Pair 10- 1): choice=2 (inl=65)
    Gene 14 (Pair 19- 1): choice=2 (inl=89)
    Gene 18 (Pair 23- 1): choice=2 (inl=38)
    Gene 19 (Pair 24- 1): choice=1 (inl=36)
    Gene 25 (Pair  9- 2): choice=2 (inl=36)
    Gene 35 (Pair 25- 2): choice=2 (inl=26)
    Gene 36 (Pair 26- 2): choice=4 (inl=34)
    Gene 42 (Pair  8- 3): choice=1 (inl=52)
    Gene 47 (Pair 14- 3): choice=3 (inl=55)
    Gene 49 (Pair 16- 3): choice=1 (inl=64)
    Gene 67 (Pair 20- 4): choice=1 (inl=53)
    Gene 70 (Pair 27- 4): choice=1 (inl=39)
    Gene 76 (Pair 11- 5): choice=5 (inl=56)
    Gene 94 (Pair 12- 6): choice=3 (inl=26)
    Gene 106 (Pair  8- 7): choice=3 (inl=98)
    Gene 128 (Pair 15- 8): choice=1 (inl=44)
    Gene 143 (Pair 15- 9): choice=1 (inl=28)
    Gene 149 (Pair 22- 9): choice=1 (inl=55)
    Gene 151 (Pair 24- 9): choice=1 (inl=51)
    Gene 160 (Pair 21-10): choice=1 (inl=70)
    Gene 176 (Pair 15-12): choice=3 (inl=38)
    Gene 187 (Pair 18-13): choice=3 (inl=44)
    Gene 194 (Pair 17-14): choice=1 (inl=26)
    Gene 203 (Pair 18-15): choice=1 (inl=58)
    Gene 222 (Pair 20-19): choice=2 (inl=42)

  --- SHARD 4 CANDIDATE ANALYSIS ---
    Pair (4-2): Selected=0 / 2 choices
      Choice 1: inliners=26
      Choice 2: inliners=2
    Pair (4-3): Selected=0 / 5 choices
      Choice 1: inliners=38
      Choice 2: inliners=46
      Choice 3: inliners=14
      Choice 4: inliners=32
      Choice 5: inliners=68
    Pair (5-4): Selected=0 / 2 choices
      Choice 1: inliners=48
      Choice 2: inliners=12
    Pair (6-4): Selected=0 / 2 choices
      Choice 1: inliners=24
      Choice 2: inliners=6
    Pair (7-4): Selected=0 / 2 choices
      Choice 1: inliners=36
      Choice 2: inliners=30
    Pair (8-4): Selected=0 / 4 choices
      Choice 1: inliners=28
      Choice 2: inliners=22
      Choice 3: inliners=44
      Choice 4: inliners=0
    Pair (11-4): Selected=0 / 1 choices
      Choice 1: inliners=57
    Pair (13-4): Selected=0 / 1 choices
      Choice 1: inliners=14
    Pair (14-4): Selected=0 / 2 choices
      Choice 1: inliners=48
      Choice 2: inliners=16
    Pair (16-4): Selected=0 / 1 choices
      Choice 1: inliners=32
    Pair (17-4): Selected=0 / 1 choices
      Choice 1: inliners=66
    Pair (19-4): Selected=0 / 4 choices
      Choice 1: inliners=32
      Choice 2: inliners=44
      Choice 3: inliners=26
      Choice 4: inliners=40
    Pair (20-4): Selected=1 / 1 choices
      Choice 1: inliners=53 [SELECTED]
    Pair (21-4): Selected=0 / 3 choices
      Choice 1: inliners=22
      Choice 2: inliners=16
      Choice 3: inliners=32
    Pair (22-4): Selected=0 / 1 choices
      Choice 1: inliners=38
    Pair (27-4): Selected=1 / 1 choices
      Choice 1: inliners=39 [SELECTED]


--- GENERATION 140 BEST BREAKDOWN ---
  Total Fitness: 2513.17
  Inlier Reward: 969.57
  Cycle Penalty: 0.00
  Overlap Penalty: 0.00
  Edge Residual Penalty: 0.00
  Edge Rot Residual Penalty: 0.00
  Connectivity Reward: 0.00
  Component Penalty: 0.00
  Consensus Support Reward: 1543.60
  Largest Component: 27
  Num Components: 1
  Active Pairs: 26
  OverlapDiag Sum (indexed): 0.0000 (delta_vs_fitness=0.0000)
  OverlapDiag Pairs: total=325 same_comp=325 broad_reject=274 narrow_checked=325 active=0
  OverlapDiag Active Pairs: none

  --- ACTIVE GENE MAP ---
    Gene  2 (Pair  5- 1): choice=8 (inl=84)
    Gene  7 (Pair 10- 1): choice=2 (inl=65)
    Gene 14 (Pair 19- 1): choice=2 (inl=89)
    Gene 18 (Pair 23- 1): choice=2 (inl=38)
    Gene 19 (Pair 24- 1): choice=1 (inl=36)
    Gene 25 (Pair  9- 2): choice=2 (inl=36)
    Gene 35 (Pair 25- 2): choice=2 (inl=26)
    Gene 36 (Pair 26- 2): choice=4 (inl=34)
    Gene 42 (Pair  8- 3): choice=1 (inl=52)
    Gene 47 (Pair 14- 3): choice=3 (inl=55)
    Gene 49 (Pair 16- 3): choice=1 (inl=64)
    Gene 67 (Pair 20- 4): choice=1 (inl=53)
    Gene 70 (Pair 27- 4): choice=1 (inl=39)
    Gene 76 (Pair 11- 5): choice=5 (inl=56)
    Gene 94 (Pair 12- 6): choice=3 (inl=26)
    Gene 106 (Pair  8- 7): choice=3 (inl=98)
    Gene 128 (Pair 15- 8): choice=1 (inl=44)
    Gene 143 (Pair 15- 9): choice=1 (inl=28)
    Gene 149 (Pair 22- 9): choice=1 (inl=55)
    Gene 151 (Pair 24- 9): choice=1 (inl=51)
    Gene 160 (Pair 21-10): choice=1 (inl=70)
    Gene 176 (Pair 15-12): choice=3 (inl=38)
    Gene 187 (Pair 18-13): choice=3 (inl=44)
    Gene 194 (Pair 17-14): choice=1 (inl=26)
    Gene 203 (Pair 18-15): choice=1 (inl=58)
    Gene 222 (Pair 20-19): choice=2 (inl=42)

  --- SHARD 4 CANDIDATE ANALYSIS ---
    Pair (4-2): Selected=0 / 2 choices
      Choice 1: inliners=26
      Choice 2: inliners=2
    Pair (4-3): Selected=0 / 5 choices
      Choice 1: inliners=38
      Choice 2: inliners=46
      Choice 3: inliners=14
      Choice 4: inliners=32
      Choice 5: inliners=68
    Pair (5-4): Selected=0 / 2 choices
      Choice 1: inliners=48
      Choice 2: inliners=12
    Pair (6-4): Selected=0 / 2 choices
      Choice 1: inliners=24
      Choice 2: inliners=6
    Pair (7-4): Selected=0 / 2 choices
      Choice 1: inliners=36
      Choice 2: inliners=30
    Pair (8-4): Selected=0 / 4 choices
      Choice 1: inliners=28
      Choice 2: inliners=22
      Choice 3: inliners=44
      Choice 4: inliners=0
    Pair (11-4): Selected=0 / 1 choices
      Choice 1: inliners=57
    Pair (13-4): Selected=0 / 1 choices
      Choice 1: inliners=14
    Pair (14-4): Selected=0 / 2 choices
      Choice 1: inliners=48
      Choice 2: inliners=16
    Pair (16-4): Selected=0 / 1 choices
      Choice 1: inliners=32
    Pair (17-4): Selected=0 / 1 choices
      Choice 1: inliners=66
    Pair (19-4): Selected=0 / 4 choices
      Choice 1: inliners=32
      Choice 2: inliners=44
      Choice 3: inliners=26
      Choice 4: inliners=40
    Pair (20-4): Selected=1 / 1 choices
      Choice 1: inliners=53 [SELECTED]
    Pair (21-4): Selected=0 / 3 choices
      Choice 1: inliners=22
      Choice 2: inliners=16
      Choice 3: inliners=32
    Pair (22-4): Selected=0 / 1 choices
      Choice 1: inliners=38
    Pair (27-4): Selected=1 / 1 choices
      Choice 1: inliners=39 [SELECTED]


--- GENERATION 150 BEST BREAKDOWN ---
  Total Fitness: 2513.17
  Inlier Reward: 969.57
  Cycle Penalty: 0.00
  Overlap Penalty: 0.00
  Edge Residual Penalty: 0.00
  Edge Rot Residual Penalty: 0.00
  Connectivity Reward: 0.00
  Component Penalty: 0.00
  Consensus Support Reward: 1543.60
  Largest Component: 27
  Num Components: 1
  Active Pairs: 26
  OverlapDiag Sum (indexed): 0.0000 (delta_vs_fitness=0.0000)
  OverlapDiag Pairs: total=325 same_comp=325 broad_reject=274 narrow_checked=325 active=0
  OverlapDiag Active Pairs: none

  --- ACTIVE GENE MAP ---
    Gene  2 (Pair  5- 1): choice=8 (inl=84)
    Gene  7 (Pair 10- 1): choice=2 (inl=65)
    Gene 14 (Pair 19- 1): choice=2 (inl=89)
    Gene 18 (Pair 23- 1): choice=2 (inl=38)
    Gene 19 (Pair 24- 1): choice=1 (inl=36)
    Gene 25 (Pair  9- 2): choice=2 (inl=36)
    Gene 35 (Pair 25- 2): choice=2 (inl=26)
    Gene 36 (Pair 26- 2): choice=4 (inl=34)
    Gene 42 (Pair  8- 3): choice=1 (inl=52)
    Gene 47 (Pair 14- 3): choice=3 (inl=55)
    Gene 49 (Pair 16- 3): choice=1 (inl=64)
    Gene 67 (Pair 20- 4): choice=1 (inl=53)
    Gene 70 (Pair 27- 4): choice=1 (inl=39)
    Gene 76 (Pair 11- 5): choice=5 (inl=56)
    Gene 94 (Pair 12- 6): choice=3 (inl=26)
    Gene 106 (Pair  8- 7): choice=3 (inl=98)
    Gene 128 (Pair 15- 8): choice=1 (inl=44)
    Gene 143 (Pair 15- 9): choice=1 (inl=28)
    Gene 149 (Pair 22- 9): choice=1 (inl=55)
    Gene 151 (Pair 24- 9): choice=1 (inl=51)
    Gene 160 (Pair 21-10): choice=1 (inl=70)
    Gene 176 (Pair 15-12): choice=3 (inl=38)
    Gene 187 (Pair 18-13): choice=3 (inl=44)
    Gene 194 (Pair 17-14): choice=1 (inl=26)
    Gene 203 (Pair 18-15): choice=1 (inl=58)
    Gene 222 (Pair 20-19): choice=2 (inl=42)

  --- SHARD 4 CANDIDATE ANALYSIS ---
    Pair (4-2): Selected=0 / 2 choices
      Choice 1: inliners=26
      Choice 2: inliners=2
    Pair (4-3): Selected=0 / 5 choices
      Choice 1: inliners=38
      Choice 2: inliners=46
      Choice 3: inliners=14
      Choice 4: inliners=32
      Choice 5: inliners=68
    Pair (5-4): Selected=0 / 2 choices
      Choice 1: inliners=48
      Choice 2: inliners=12
    Pair (6-4): Selected=0 / 2 choices
      Choice 1: inliners=24
      Choice 2: inliners=6
    Pair (7-4): Selected=0 / 2 choices
      Choice 1: inliners=36
      Choice 2: inliners=30
    Pair (8-4): Selected=0 / 4 choices
      Choice 1: inliners=28
      Choice 2: inliners=22
      Choice 3: inliners=44
      Choice 4: inliners=0
    Pair (11-4): Selected=0 / 1 choices
      Choice 1: inliners=57
    Pair (13-4): Selected=0 / 1 choices
      Choice 1: inliners=14
    Pair (14-4): Selected=0 / 2 choices
      Choice 1: inliners=48
      Choice 2: inliners=16
    Pair (16-4): Selected=0 / 1 choices
      Choice 1: inliners=32
    Pair (17-4): Selected=0 / 1 choices
      Choice 1: inliners=66
    Pair (19-4): Selected=0 / 4 choices
      Choice 1: inliners=32
      Choice 2: inliners=44
      Choice 3: inliners=26
      Choice 4: inliners=40
    Pair (20-4): Selected=1 / 1 choices
      Choice 1: inliners=53 [SELECTED]
    Pair (21-4): Selected=0 / 3 choices
      Choice 1: inliners=22
      Choice 2: inliners=16
      Choice 3: inliners=32
    Pair (22-4): Selected=0 / 1 choices
      Choice 1: inliners=38
    Pair (27-4): Selected=1 / 1 choices
      Choice 1: inliners=39 [SELECTED]


--- GENERATION 160 BEST BREAKDOWN ---
  Total Fitness: 2513.17
  Inlier Reward: 969.57
  Cycle Penalty: 0.00
  Overlap Penalty: 0.00
  Edge Residual Penalty: 0.00
  Edge Rot Residual Penalty: 0.00
  Connectivity Reward: 0.00
  Component Penalty: 0.00
  Consensus Support Reward: 1543.60
  Largest Component: 27
  Num Components: 1
  Active Pairs: 26
  OverlapDiag Sum (indexed): 0.0000 (delta_vs_fitness=0.0000)
  OverlapDiag Pairs: total=325 same_comp=325 broad_reject=274 narrow_checked=325 active=0
  OverlapDiag Active Pairs: none

  --- ACTIVE GENE MAP ---
    Gene  2 (Pair  5- 1): choice=8 (inl=84)
    Gene  7 (Pair 10- 1): choice=2 (inl=65)
    Gene 14 (Pair 19- 1): choice=2 (inl=89)
    Gene 18 (Pair 23- 1): choice=2 (inl=38)
    Gene 19 (Pair 24- 1): choice=1 (inl=36)
    Gene 25 (Pair  9- 2): choice=2 (inl=36)
    Gene 35 (Pair 25- 2): choice=2 (inl=26)
    Gene 36 (Pair 26- 2): choice=4 (inl=34)
    Gene 42 (Pair  8- 3): choice=1 (inl=52)
    Gene 47 (Pair 14- 3): choice=3 (inl=55)
    Gene 49 (Pair 16- 3): choice=1 (inl=64)
    Gene 67 (Pair 20- 4): choice=1 (inl=53)
    Gene 70 (Pair 27- 4): choice=1 (inl=39)
    Gene 76 (Pair 11- 5): choice=5 (inl=56)
    Gene 94 (Pair 12- 6): choice=3 (inl=26)
    Gene 106 (Pair  8- 7): choice=3 (inl=98)
    Gene 128 (Pair 15- 8): choice=1 (inl=44)
    Gene 143 (Pair 15- 9): choice=1 (inl=28)
    Gene 149 (Pair 22- 9): choice=1 (inl=55)
    Gene 151 (Pair 24- 9): choice=1 (inl=51)
    Gene 160 (Pair 21-10): choice=1 (inl=70)
    Gene 176 (Pair 15-12): choice=3 (inl=38)
    Gene 187 (Pair 18-13): choice=3 (inl=44)
    Gene 194 (Pair 17-14): choice=1 (inl=26)
    Gene 203 (Pair 18-15): choice=1 (inl=58)
    Gene 222 (Pair 20-19): choice=2 (inl=42)

  --- SHARD 4 CANDIDATE ANALYSIS ---
    Pair (4-2): Selected=0 / 2 choices
      Choice 1: inliners=26
      Choice 2: inliners=2
    Pair (4-3): Selected=0 / 5 choices
      Choice 1: inliners=38
      Choice 2: inliners=46
      Choice 3: inliners=14
      Choice 4: inliners=32
      Choice 5: inliners=68
    Pair (5-4): Selected=0 / 2 choices
      Choice 1: inliners=48
      Choice 2: inliners=12
    Pair (6-4): Selected=0 / 2 choices
      Choice 1: inliners=24
      Choice 2: inliners=6
    Pair (7-4): Selected=0 / 2 choices
      Choice 1: inliners=36
      Choice 2: inliners=30
    Pair (8-4): Selected=0 / 4 choices
      Choice 1: inliners=28
      Choice 2: inliners=22
      Choice 3: inliners=44
      Choice 4: inliners=0
    Pair (11-4): Selected=0 / 1 choices
      Choice 1: inliners=57
    Pair (13-4): Selected=0 / 1 choices
      Choice 1: inliners=14
    Pair (14-4): Selected=0 / 2 choices
      Choice 1: inliners=48
      Choice 2: inliners=16
    Pair (16-4): Selected=0 / 1 choices
      Choice 1: inliners=32
    Pair (17-4): Selected=0 / 1 choices
      Choice 1: inliners=66
    Pair (19-4): Selected=0 / 4 choices
      Choice 1: inliners=32
      Choice 2: inliners=44
      Choice 3: inliners=26
      Choice 4: inliners=40
    Pair (20-4): Selected=1 / 1 choices
      Choice 1: inliners=53 [SELECTED]
    Pair (21-4): Selected=0 / 3 choices
      Choice 1: inliners=22
      Choice 2: inliners=16
      Choice 3: inliners=32
    Pair (22-4): Selected=0 / 1 choices
      Choice 1: inliners=38
    Pair (27-4): Selected=1 / 1 choices
      Choice 1: inliners=39 [SELECTED]


--- GENERATION 170 BEST BREAKDOWN ---
  Total Fitness: 2513.17
  Inlier Reward: 969.57
  Cycle Penalty: 0.00
  Overlap Penalty: 0.00
  Edge Residual Penalty: 0.00
  Edge Rot Residual Penalty: 0.00
  Connectivity Reward: 0.00
  Component Penalty: 0.00
  Consensus Support Reward: 1543.60
  Largest Component: 27
  Num Components: 1
  Active Pairs: 26
  OverlapDiag Sum (indexed): 0.0000 (delta_vs_fitness=0.0000)
  OverlapDiag Pairs: total=325 same_comp=325 broad_reject=274 narrow_checked=325 active=0
  OverlapDiag Active Pairs: none

  --- ACTIVE GENE MAP ---
    Gene  2 (Pair  5- 1): choice=8 (inl=84)
    Gene  7 (Pair 10- 1): choice=2 (inl=65)
    Gene 14 (Pair 19- 1): choice=2 (inl=89)
    Gene 18 (Pair 23- 1): choice=2 (inl=38)
    Gene 19 (Pair 24- 1): choice=1 (inl=36)
    Gene 25 (Pair  9- 2): choice=2 (inl=36)
    Gene 35 (Pair 25- 2): choice=2 (inl=26)
    Gene 36 (Pair 26- 2): choice=4 (inl=34)
    Gene 42 (Pair  8- 3): choice=1 (inl=52)
    Gene 47 (Pair 14- 3): choice=3 (inl=55)
    Gene 49 (Pair 16- 3): choice=1 (inl=64)
    Gene 67 (Pair 20- 4): choice=1 (inl=53)
    Gene 70 (Pair 27- 4): choice=1 (inl=39)
    Gene 76 (Pair 11- 5): choice=5 (inl=56)
    Gene 94 (Pair 12- 6): choice=3 (inl=26)
    Gene 106 (Pair  8- 7): choice=3 (inl=98)
    Gene 128 (Pair 15- 8): choice=1 (inl=44)
    Gene 143 (Pair 15- 9): choice=1 (inl=28)
    Gene 149 (Pair 22- 9): choice=1 (inl=55)
    Gene 151 (Pair 24- 9): choice=1 (inl=51)
    Gene 160 (Pair 21-10): choice=1 (inl=70)
    Gene 176 (Pair 15-12): choice=3 (inl=38)
    Gene 187 (Pair 18-13): choice=3 (inl=44)
    Gene 194 (Pair 17-14): choice=1 (inl=26)
    Gene 203 (Pair 18-15): choice=1 (inl=58)
    Gene 222 (Pair 20-19): choice=2 (inl=42)

  --- SHARD 4 CANDIDATE ANALYSIS ---
    Pair (4-2): Selected=0 / 2 choices
      Choice 1: inliners=26
      Choice 2: inliners=2
    Pair (4-3): Selected=0 / 5 choices
      Choice 1: inliners=38
      Choice 2: inliners=46
      Choice 3: inliners=14
      Choice 4: inliners=32
      Choice 5: inliners=68
    Pair (5-4): Selected=0 / 2 choices
      Choice 1: inliners=48
      Choice 2: inliners=12
    Pair (6-4): Selected=0 / 2 choices
      Choice 1: inliners=24
      Choice 2: inliners=6
    Pair (7-4): Selected=0 / 2 choices
      Choice 1: inliners=36
      Choice 2: inliners=30
    Pair (8-4): Selected=0 / 4 choices
      Choice 1: inliners=28
      Choice 2: inliners=22
      Choice 3: inliners=44
      Choice 4: inliners=0
    Pair (11-4): Selected=0 / 1 choices
      Choice 1: inliners=57
    Pair (13-4): Selected=0 / 1 choices
      Choice 1: inliners=14
    Pair (14-4): Selected=0 / 2 choices
      Choice 1: inliners=48
      Choice 2: inliners=16
    Pair (16-4): Selected=0 / 1 choices
      Choice 1: inliners=32
    Pair (17-4): Selected=0 / 1 choices
      Choice 1: inliners=66
    Pair (19-4): Selected=0 / 4 choices
      Choice 1: inliners=32
      Choice 2: inliners=44
      Choice 3: inliners=26
      Choice 4: inliners=40
    Pair (20-4): Selected=1 / 1 choices
      Choice 1: inliners=53 [SELECTED]
    Pair (21-4): Selected=0 / 3 choices
      Choice 1: inliners=22
      Choice 2: inliners=16
      Choice 3: inliners=32
    Pair (22-4): Selected=0 / 1 choices
      Choice 1: inliners=38
    Pair (27-4): Selected=1 / 1 choices
      Choice 1: inliners=39 [SELECTED]


--- GENERATION 180 BEST BREAKDOWN ---
  Total Fitness: 2513.17
  Inlier Reward: 969.57
  Cycle Penalty: 0.00
  Overlap Penalty: 0.00
  Edge Residual Penalty: 0.00
  Edge Rot Residual Penalty: 0.00
  Connectivity Reward: 0.00
  Component Penalty: 0.00
  Consensus Support Reward: 1543.60
  Largest Component: 27
  Num Components: 1
  Active Pairs: 26
  OverlapDiag Sum (indexed): 0.0000 (delta_vs_fitness=0.0000)
  OverlapDiag Pairs: total=325 same_comp=325 broad_reject=274 narrow_checked=325 active=0
  OverlapDiag Active Pairs: none

  --- ACTIVE GENE MAP ---
    Gene  2 (Pair  5- 1): choice=8 (inl=84)
    Gene  7 (Pair 10- 1): choice=2 (inl=65)
    Gene 14 (Pair 19- 1): choice=2 (inl=89)
    Gene 18 (Pair 23- 1): choice=2 (inl=38)
    Gene 19 (Pair 24- 1): choice=1 (inl=36)
    Gene 25 (Pair  9- 2): choice=2 (inl=36)
    Gene 35 (Pair 25- 2): choice=2 (inl=26)
    Gene 36 (Pair 26- 2): choice=4 (inl=34)
    Gene 42 (Pair  8- 3): choice=1 (inl=52)
    Gene 47 (Pair 14- 3): choice=3 (inl=55)
    Gene 49 (Pair 16- 3): choice=1 (inl=64)
    Gene 67 (Pair 20- 4): choice=1 (inl=53)
    Gene 70 (Pair 27- 4): choice=1 (inl=39)
    Gene 76 (Pair 11- 5): choice=5 (inl=56)
    Gene 94 (Pair 12- 6): choice=3 (inl=26)
    Gene 106 (Pair  8- 7): choice=3 (inl=98)
    Gene 128 (Pair 15- 8): choice=1 (inl=44)
    Gene 143 (Pair 15- 9): choice=1 (inl=28)
    Gene 149 (Pair 22- 9): choice=1 (inl=55)
    Gene 151 (Pair 24- 9): choice=1 (inl=51)
    Gene 160 (Pair 21-10): choice=1 (inl=70)
    Gene 176 (Pair 15-12): choice=3 (inl=38)
    Gene 187 (Pair 18-13): choice=3 (inl=44)
    Gene 194 (Pair 17-14): choice=1 (inl=26)
    Gene 203 (Pair 18-15): choice=1 (inl=58)
    Gene 222 (Pair 20-19): choice=2 (inl=42)

  --- SHARD 4 CANDIDATE ANALYSIS ---
    Pair (4-2): Selected=0 / 2 choices
      Choice 1: inliners=26
      Choice 2: inliners=2
    Pair (4-3): Selected=0 / 5 choices
      Choice 1: inliners=38
      Choice 2: inliners=46
      Choice 3: inliners=14
      Choice 4: inliners=32
      Choice 5: inliners=68
    Pair (5-4): Selected=0 / 2 choices
      Choice 1: inliners=48
      Choice 2: inliners=12
    Pair (6-4): Selected=0 / 2 choices
      Choice 1: inliners=24
      Choice 2: inliners=6
    Pair (7-4): Selected=0 / 2 choices
      Choice 1: inliners=36
      Choice 2: inliners=30
    Pair (8-4): Selected=0 / 4 choices
      Choice 1: inliners=28
      Choice 2: inliners=22
      Choice 3: inliners=44
      Choice 4: inliners=0
    Pair (11-4): Selected=0 / 1 choices
      Choice 1: inliners=57
    Pair (13-4): Selected=0 / 1 choices
      Choice 1: inliners=14
    Pair (14-4): Selected=0 / 2 choices
      Choice 1: inliners=48
      Choice 2: inliners=16
    Pair (16-4): Selected=0 / 1 choices
      Choice 1: inliners=32
    Pair (17-4): Selected=0 / 1 choices
      Choice 1: inliners=66
    Pair (19-4): Selected=0 / 4 choices
      Choice 1: inliners=32
      Choice 2: inliners=44
      Choice 3: inliners=26
      Choice 4: inliners=40
    Pair (20-4): Selected=1 / 1 choices
      Choice 1: inliners=53 [SELECTED]
    Pair (21-4): Selected=0 / 3 choices
      Choice 1: inliners=22
      Choice 2: inliners=16
      Choice 3: inliners=32
    Pair (22-4): Selected=0 / 1 choices
      Choice 1: inliners=38
    Pair (27-4): Selected=1 / 1 choices
      Choice 1: inliners=39 [SELECTED]


--- GENERATION 190 BEST BREAKDOWN ---
  Total Fitness: 2513.17
  Inlier Reward: 969.57
  Cycle Penalty: 0.00
  Overlap Penalty: 0.00
  Edge Residual Penalty: 0.00
  Edge Rot Residual Penalty: 0.00
  Connectivity Reward: 0.00
  Component Penalty: 0.00
  Consensus Support Reward: 1543.60
  Largest Component: 27
  Num Components: 1
  Active Pairs: 26
  OverlapDiag Sum (indexed): 0.0000 (delta_vs_fitness=0.0000)
  OverlapDiag Pairs: total=325 same_comp=325 broad_reject=274 narrow_checked=325 active=0
  OverlapDiag Active Pairs: none

  --- ACTIVE GENE MAP ---
    Gene  2 (Pair  5- 1): choice=8 (inl=84)
    Gene  7 (Pair 10- 1): choice=2 (inl=65)
    Gene 14 (Pair 19- 1): choice=2 (inl=89)
    Gene 18 (Pair 23- 1): choice=2 (inl=38)
    Gene 19 (Pair 24- 1): choice=1 (inl=36)
    Gene 25 (Pair  9- 2): choice=2 (inl=36)
    Gene 35 (Pair 25- 2): choice=2 (inl=26)
    Gene 36 (Pair 26- 2): choice=4 (inl=34)
    Gene 42 (Pair  8- 3): choice=1 (inl=52)
    Gene 47 (Pair 14- 3): choice=3 (inl=55)
    Gene 49 (Pair 16- 3): choice=1 (inl=64)
    Gene 67 (Pair 20- 4): choice=1 (inl=53)
    Gene 70 (Pair 27- 4): choice=1 (inl=39)
    Gene 76 (Pair 11- 5): choice=5 (inl=56)
    Gene 94 (Pair 12- 6): choice=3 (inl=26)
    Gene 106 (Pair  8- 7): choice=3 (inl=98)
    Gene 128 (Pair 15- 8): choice=1 (inl=44)
    Gene 143 (Pair 15- 9): choice=1 (inl=28)
    Gene 149 (Pair 22- 9): choice=1 (inl=55)
    Gene 151 (Pair 24- 9): choice=1 (inl=51)
    Gene 160 (Pair 21-10): choice=1 (inl=70)
    Gene 176 (Pair 15-12): choice=3 (inl=38)
    Gene 187 (Pair 18-13): choice=3 (inl=44)
    Gene 194 (Pair 17-14): choice=1 (inl=26)
    Gene 203 (Pair 18-15): choice=1 (inl=58)
    Gene 222 (Pair 20-19): choice=2 (inl=42)

  --- SHARD 4 CANDIDATE ANALYSIS ---
    Pair (4-2): Selected=0 / 2 choices
      Choice 1: inliners=26
      Choice 2: inliners=2
    Pair (4-3): Selected=0 / 5 choices
      Choice 1: inliners=38
      Choice 2: inliners=46
      Choice 3: inliners=14
      Choice 4: inliners=32
      Choice 5: inliners=68
    Pair (5-4): Selected=0 / 2 choices
      Choice 1: inliners=48
      Choice 2: inliners=12
    Pair (6-4): Selected=0 / 2 choices
      Choice 1: inliners=24
      Choice 2: inliners=6
    Pair (7-4): Selected=0 / 2 choices
      Choice 1: inliners=36
      Choice 2: inliners=30
    Pair (8-4): Selected=0 / 4 choices
      Choice 1: inliners=28
      Choice 2: inliners=22
      Choice 3: inliners=44
      Choice 4: inliners=0
    Pair (11-4): Selected=0 / 1 choices
      Choice 1: inliners=57
    Pair (13-4): Selected=0 / 1 choices
      Choice 1: inliners=14
    Pair (14-4): Selected=0 / 2 choices
      Choice 1: inliners=48
      Choice 2: inliners=16
    Pair (16-4): Selected=0 / 1 choices
      Choice 1: inliners=32
    Pair (17-4): Selected=0 / 1 choices
      Choice 1: inliners=66
    Pair (19-4): Selected=0 / 4 choices
      Choice 1: inliners=32
      Choice 2: inliners=44
      Choice 3: inliners=26
      Choice 4: inliners=40
    Pair (20-4): Selected=1 / 1 choices
      Choice 1: inliners=53 [SELECTED]
    Pair (21-4): Selected=0 / 3 choices
      Choice 1: inliners=22
      Choice 2: inliners=16
      Choice 3: inliners=32
    Pair (22-4): Selected=0 / 1 choices
      Choice 1: inliners=38
    Pair (27-4): Selected=1 / 1 choices
      Choice 1: inliners=39 [SELECTED]


--- GENERATION 200 BEST BREAKDOWN ---
  Total Fitness: 2513.17
  Inlier Reward: 969.57
  Cycle Penalty: 0.00
  Overlap Penalty: 0.00
  Edge Residual Penalty: 0.00
  Edge Rot Residual Penalty: 0.00
  Connectivity Reward: 0.00
  Component Penalty: 0.00
  Consensus Support Reward: 1543.60
  Largest Component: 27
  Num Components: 1
  Active Pairs: 26
  OverlapDiag Sum (indexed): 0.0000 (delta_vs_fitness=0.0000)
  OverlapDiag Pairs: total=325 same_comp=325 broad_reject=274 narrow_checked=325 active=0
  OverlapDiag Active Pairs: none

  --- ACTIVE GENE MAP ---
    Gene  2 (Pair  5- 1): choice=8 (inl=84)
    Gene  7 (Pair 10- 1): choice=2 (inl=65)
    Gene 14 (Pair 19- 1): choice=2 (inl=89)
    Gene 18 (Pair 23- 1): choice=2 (inl=38)
    Gene 19 (Pair 24- 1): choice=1 (inl=36)
    Gene 25 (Pair  9- 2): choice=2 (inl=36)
    Gene 35 (Pair 25- 2): choice=2 (inl=26)
    Gene 36 (Pair 26- 2): choice=4 (inl=34)
    Gene 42 (Pair  8- 3): choice=1 (inl=52)
    Gene 47 (Pair 14- 3): choice=3 (inl=55)
    Gene 49 (Pair 16- 3): choice=1 (inl=64)
    Gene 67 (Pair 20- 4): choice=1 (inl=53)
    Gene 70 (Pair 27- 4): choice=1 (inl=39)
    Gene 76 (Pair 11- 5): choice=5 (inl=56)
    Gene 94 (Pair 12- 6): choice=3 (inl=26)
    Gene 106 (Pair  8- 7): choice=3 (inl=98)
    Gene 128 (Pair 15- 8): choice=1 (inl=44)
    Gene 143 (Pair 15- 9): choice=1 (inl=28)
    Gene 149 (Pair 22- 9): choice=1 (inl=55)
    Gene 151 (Pair 24- 9): choice=1 (inl=51)
    Gene 160 (Pair 21-10): choice=1 (inl=70)
    Gene 176 (Pair 15-12): choice=3 (inl=38)
    Gene 187 (Pair 18-13): choice=3 (inl=44)
    Gene 194 (Pair 17-14): choice=1 (inl=26)
    Gene 203 (Pair 18-15): choice=1 (inl=58)
    Gene 222 (Pair 20-19): choice=2 (inl=42)

  --- SHARD 4 CANDIDATE ANALYSIS ---
    Pair (4-2): Selected=0 / 2 choices
      Choice 1: inliners=26
      Choice 2: inliners=2
    Pair (4-3): Selected=0 / 5 choices
      Choice 1: inliners=38
      Choice 2: inliners=46
      Choice 3: inliners=14
      Choice 4: inliners=32
      Choice 5: inliners=68
    Pair (5-4): Selected=0 / 2 choices
      Choice 1: inliners=48
      Choice 2: inliners=12
    Pair (6-4): Selected=0 / 2 choices
      Choice 1: inliners=24
      Choice 2: inliners=6
    Pair (7-4): Selected=0 / 2 choices
      Choice 1: inliners=36
      Choice 2: inliners=30
    Pair (8-4): Selected=0 / 4 choices
      Choice 1: inliners=28
      Choice 2: inliners=22
      Choice 3: inliners=44
      Choice 4: inliners=0
    Pair (11-4): Selected=0 / 1 choices
      Choice 1: inliners=57
    Pair (13-4): Selected=0 / 1 choices
      Choice 1: inliners=14
    Pair (14-4): Selected=0 / 2 choices
      Choice 1: inliners=48
      Choice 2: inliners=16
    Pair (16-4): Selected=0 / 1 choices
      Choice 1: inliners=32
    Pair (17-4): Selected=0 / 1 choices
      Choice 1: inliners=66
    Pair (19-4): Selected=0 / 4 choices
      Choice 1: inliners=32
      Choice 2: inliners=44
      Choice 3: inliners=26
      Choice 4: inliners=40
    Pair (20-4): Selected=1 / 1 choices
      Choice 1: inliners=53 [SELECTED]
    Pair (21-4): Selected=0 / 3 choices
      Choice 1: inliners=22
      Choice 2: inliners=16
      Choice 3: inliners=32
    Pair (22-4): Selected=0 / 1 choices
      Choice 1: inliners=38
    Pair (27-4): Selected=1 / 1 choices
      Choice 1: inliners=39 [SELECTED]


--- GENERATION 210 BEST BREAKDOWN ---
  Total Fitness: 2513.17
  Inlier Reward: 969.57
  Cycle Penalty: 0.00
  Overlap Penalty: 0.00
  Edge Residual Penalty: 0.00
  Edge Rot Residual Penalty: 0.00
  Connectivity Reward: 0.00
  Component Penalty: 0.00
  Consensus Support Reward: 1543.60
  Largest Component: 27
  Num Components: 1
  Active Pairs: 26
  OverlapDiag Sum (indexed): 0.0000 (delta_vs_fitness=0.0000)
  OverlapDiag Pairs: total=325 same_comp=325 broad_reject=274 narrow_checked=325 active=0
  OverlapDiag Active Pairs: none

  --- ACTIVE GENE MAP ---
    Gene  2 (Pair  5- 1): choice=8 (inl=84)
    Gene  7 (Pair 10- 1): choice=2 (inl=65)
    Gene 14 (Pair 19- 1): choice=2 (inl=89)
    Gene 18 (Pair 23- 1): choice=2 (inl=38)
    Gene 19 (Pair 24- 1): choice=1 (inl=36)
    Gene 25 (Pair  9- 2): choice=2 (inl=36)
    Gene 35 (Pair 25- 2): choice=2 (inl=26)
    Gene 36 (Pair 26- 2): choice=4 (inl=34)
    Gene 42 (Pair  8- 3): choice=1 (inl=52)
    Gene 47 (Pair 14- 3): choice=3 (inl=55)
    Gene 49 (Pair 16- 3): choice=1 (inl=64)
    Gene 67 (Pair 20- 4): choice=1 (inl=53)
    Gene 70 (Pair 27- 4): choice=1 (inl=39)
    Gene 76 (Pair 11- 5): choice=5 (inl=56)
    Gene 94 (Pair 12- 6): choice=3 (inl=26)
    Gene 106 (Pair  8- 7): choice=3 (inl=98)
    Gene 128 (Pair 15- 8): choice=1 (inl=44)
    Gene 143 (Pair 15- 9): choice=1 (inl=28)
    Gene 149 (Pair 22- 9): choice=1 (inl=55)
    Gene 151 (Pair 24- 9): choice=1 (inl=51)
    Gene 160 (Pair 21-10): choice=1 (inl=70)
    Gene 176 (Pair 15-12): choice=3 (inl=38)
    Gene 187 (Pair 18-13): choice=3 (inl=44)
    Gene 194 (Pair 17-14): choice=1 (inl=26)
    Gene 203 (Pair 18-15): choice=1 (inl=58)
    Gene 222 (Pair 20-19): choice=2 (inl=42)

  --- SHARD 4 CANDIDATE ANALYSIS ---
    Pair (4-2): Selected=0 / 2 choices
      Choice 1: inliners=26
      Choice 2: inliners=2
    Pair (4-3): Selected=0 / 5 choices
      Choice 1: inliners=38
      Choice 2: inliners=46
      Choice 3: inliners=14
      Choice 4: inliners=32
      Choice 5: inliners=68
    Pair (5-4): Selected=0 / 2 choices
      Choice 1: inliners=48
      Choice 2: inliners=12
    Pair (6-4): Selected=0 / 2 choices
      Choice 1: inliners=24
      Choice 2: inliners=6
    Pair (7-4): Selected=0 / 2 choices
      Choice 1: inliners=36
      Choice 2: inliners=30
    Pair (8-4): Selected=0 / 4 choices
      Choice 1: inliners=28
      Choice 2: inliners=22
      Choice 3: inliners=44
      Choice 4: inliners=0
    Pair (11-4): Selected=0 / 1 choices
      Choice 1: inliners=57
    Pair (13-4): Selected=0 / 1 choices
      Choice 1: inliners=14
    Pair (14-4): Selected=0 / 2 choices
      Choice 1: inliners=48
      Choice 2: inliners=16
    Pair (16-4): Selected=0 / 1 choices
      Choice 1: inliners=32
    Pair (17-4): Selected=0 / 1 choices
      Choice 1: inliners=66
    Pair (19-4): Selected=0 / 4 choices
      Choice 1: inliners=32
      Choice 2: inliners=44
      Choice 3: inliners=26
      Choice 4: inliners=40
    Pair (20-4): Selected=1 / 1 choices
      Choice 1: inliners=53 [SELECTED]
    Pair (21-4): Selected=0 / 3 choices
      Choice 1: inliners=22
      Choice 2: inliners=16
      Choice 3: inliners=32
    Pair (22-4): Selected=0 / 1 choices
      Choice 1: inliners=38
    Pair (27-4): Selected=1 / 1 choices
      Choice 1: inliners=39 [SELECTED]


--- GENERATION 220 BEST BREAKDOWN ---
  Total Fitness: 2513.17
  Inlier Reward: 969.57
  Cycle Penalty: 0.00
  Overlap Penalty: 0.00
  Edge Residual Penalty: 0.00
  Edge Rot Residual Penalty: 0.00
  Connectivity Reward: 0.00
  Component Penalty: 0.00
  Consensus Support Reward: 1543.60
  Largest Component: 27
  Num Components: 1
  Active Pairs: 26
  OverlapDiag Sum (indexed): 0.0000 (delta_vs_fitness=0.0000)
  OverlapDiag Pairs: total=325 same_comp=325 broad_reject=274 narrow_checked=325 active=0
  OverlapDiag Active Pairs: none

  --- ACTIVE GENE MAP ---
    Gene  2 (Pair  5- 1): choice=8 (inl=84)
    Gene  7 (Pair 10- 1): choice=2 (inl=65)
    Gene 14 (Pair 19- 1): choice=2 (inl=89)
    Gene 18 (Pair 23- 1): choice=2 (inl=38)
    Gene 19 (Pair 24- 1): choice=1 (inl=36)
    Gene 25 (Pair  9- 2): choice=2 (inl=36)
    Gene 35 (Pair 25- 2): choice=2 (inl=26)
    Gene 36 (Pair 26- 2): choice=4 (inl=34)
    Gene 42 (Pair  8- 3): choice=1 (inl=52)
    Gene 47 (Pair 14- 3): choice=3 (inl=55)
    Gene 49 (Pair 16- 3): choice=1 (inl=64)
    Gene 67 (Pair 20- 4): choice=1 (inl=53)
    Gene 70 (Pair 27- 4): choice=1 (inl=39)
    Gene 76 (Pair 11- 5): choice=5 (inl=56)
    Gene 94 (Pair 12- 6): choice=3 (inl=26)
    Gene 106 (Pair  8- 7): choice=3 (inl=98)
    Gene 128 (Pair 15- 8): choice=1 (inl=44)
    Gene 143 (Pair 15- 9): choice=1 (inl=28)
    Gene 149 (Pair 22- 9): choice=1 (inl=55)
    Gene 151 (Pair 24- 9): choice=1 (inl=51)
    Gene 160 (Pair 21-10): choice=1 (inl=70)
    Gene 176 (Pair 15-12): choice=3 (inl=38)
    Gene 187 (Pair 18-13): choice=3 (inl=44)
    Gene 194 (Pair 17-14): choice=1 (inl=26)
    Gene 203 (Pair 18-15): choice=1 (inl=58)
    Gene 222 (Pair 20-19): choice=2 (inl=42)

  --- SHARD 4 CANDIDATE ANALYSIS ---
    Pair (4-2): Selected=0 / 2 choices
      Choice 1: inliners=26
      Choice 2: inliners=2
    Pair (4-3): Selected=0 / 5 choices
      Choice 1: inliners=38
      Choice 2: inliners=46
      Choice 3: inliners=14
      Choice 4: inliners=32
      Choice 5: inliners=68
    Pair (5-4): Selected=0 / 2 choices
      Choice 1: inliners=48
      Choice 2: inliners=12
    Pair (6-4): Selected=0 / 2 choices
      Choice 1: inliners=24
      Choice 2: inliners=6
    Pair (7-4): Selected=0 / 2 choices
      Choice 1: inliners=36
      Choice 2: inliners=30
    Pair (8-4): Selected=0 / 4 choices
      Choice 1: inliners=28
      Choice 2: inliners=22
      Choice 3: inliners=44
      Choice 4: inliners=0
    Pair (11-4): Selected=0 / 1 choices
      Choice 1: inliners=57
    Pair (13-4): Selected=0 / 1 choices
      Choice 1: inliners=14
    Pair (14-4): Selected=0 / 2 choices
      Choice 1: inliners=48
      Choice 2: inliners=16
    Pair (16-4): Selected=0 / 1 choices
      Choice 1: inliners=32
    Pair (17-4): Selected=0 / 1 choices
      Choice 1: inliners=66
    Pair (19-4): Selected=0 / 4 choices
      Choice 1: inliners=32
      Choice 2: inliners=44
      Choice 3: inliners=26
      Choice 4: inliners=40
    Pair (20-4): Selected=1 / 1 choices
      Choice 1: inliners=53 [SELECTED]
    Pair (21-4): Selected=0 / 3 choices
      Choice 1: inliners=22
      Choice 2: inliners=16
      Choice 3: inliners=32
    Pair (22-4): Selected=0 / 1 choices
      Choice 1: inliners=38
    Pair (27-4): Selected=1 / 1 choices
      Choice 1: inliners=39 [SELECTED]


--- GENERATION 230 BEST BREAKDOWN ---
  Total Fitness: 2513.17
  Inlier Reward: 969.57
  Cycle Penalty: 0.00
  Overlap Penalty: 0.00
  Edge Residual Penalty: 0.00
  Edge Rot Residual Penalty: 0.00
  Connectivity Reward: 0.00
  Component Penalty: 0.00
  Consensus Support Reward: 1543.60
  Largest Component: 27
  Num Components: 1
  Active Pairs: 26
  OverlapDiag Sum (indexed): 0.0000 (delta_vs_fitness=0.0000)
  OverlapDiag Pairs: total=325 same_comp=325 broad_reject=274 narrow_checked=325 active=0
  OverlapDiag Active Pairs: none

  --- ACTIVE GENE MAP ---
    Gene  2 (Pair  5- 1): choice=8 (inl=84)
    Gene  7 (Pair 10- 1): choice=2 (inl=65)
    Gene 14 (Pair 19- 1): choice=2 (inl=89)
    Gene 18 (Pair 23- 1): choice=2 (inl=38)
    Gene 19 (Pair 24- 1): choice=1 (inl=36)
    Gene 25 (Pair  9- 2): choice=2 (inl=36)
    Gene 35 (Pair 25- 2): choice=2 (inl=26)
    Gene 36 (Pair 26- 2): choice=4 (inl=34)
    Gene 42 (Pair  8- 3): choice=1 (inl=52)
    Gene 47 (Pair 14- 3): choice=3 (inl=55)
    Gene 49 (Pair 16- 3): choice=1 (inl=64)
    Gene 67 (Pair 20- 4): choice=1 (inl=53)
    Gene 70 (Pair 27- 4): choice=1 (inl=39)
    Gene 76 (Pair 11- 5): choice=5 (inl=56)
    Gene 94 (Pair 12- 6): choice=3 (inl=26)
    Gene 106 (Pair  8- 7): choice=3 (inl=98)
    Gene 128 (Pair 15- 8): choice=1 (inl=44)
    Gene 143 (Pair 15- 9): choice=1 (inl=28)
    Gene 149 (Pair 22- 9): choice=1 (inl=55)
    Gene 151 (Pair 24- 9): choice=1 (inl=51)
    Gene 160 (Pair 21-10): choice=1 (inl=70)
    Gene 176 (Pair 15-12): choice=3 (inl=38)
    Gene 187 (Pair 18-13): choice=3 (inl=44)
    Gene 194 (Pair 17-14): choice=1 (inl=26)
    Gene 203 (Pair 18-15): choice=1 (inl=58)
    Gene 222 (Pair 20-19): choice=2 (inl=42)

  --- SHARD 4 CANDIDATE ANALYSIS ---
    Pair (4-2): Selected=0 / 2 choices
      Choice 1: inliners=26
      Choice 2: inliners=2
    Pair (4-3): Selected=0 / 5 choices
      Choice 1: inliners=38
      Choice 2: inliners=46
      Choice 3: inliners=14
      Choice 4: inliners=32
      Choice 5: inliners=68
    Pair (5-4): Selected=0 / 2 choices
      Choice 1: inliners=48
      Choice 2: inliners=12
    Pair (6-4): Selected=0 / 2 choices
      Choice 1: inliners=24
      Choice 2: inliners=6
    Pair (7-4): Selected=0 / 2 choices
      Choice 1: inliners=36
      Choice 2: inliners=30
    Pair (8-4): Selected=0 / 4 choices
      Choice 1: inliners=28
      Choice 2: inliners=22
      Choice 3: inliners=44
      Choice 4: inliners=0
    Pair (11-4): Selected=0 / 1 choices
      Choice 1: inliners=57
    Pair (13-4): Selected=0 / 1 choices
      Choice 1: inliners=14
    Pair (14-4): Selected=0 / 2 choices
      Choice 1: inliners=48
      Choice 2: inliners=16
    Pair (16-4): Selected=0 / 1 choices
      Choice 1: inliners=32
    Pair (17-4): Selected=0 / 1 choices
      Choice 1: inliners=66
    Pair (19-4): Selected=0 / 4 choices
      Choice 1: inliners=32
      Choice 2: inliners=44
      Choice 3: inliners=26
      Choice 4: inliners=40
    Pair (20-4): Selected=1 / 1 choices
      Choice 1: inliners=53 [SELECTED]
    Pair (21-4): Selected=0 / 3 choices
      Choice 1: inliners=22
      Choice 2: inliners=16
      Choice 3: inliners=32
    Pair (22-4): Selected=0 / 1 choices
      Choice 1: inliners=38
    Pair (27-4): Selected=1 / 1 choices
      Choice 1: inliners=39 [SELECTED]


--- GENERATION 0 BEST BREAKDOWN ---
  Total Fitness: -343.87
  Inlier Reward: 1278.98
  Cycle Penalty: 0.00
  Overlap Penalty: 1742.89
  Edge Residual Penalty: 0.00
  Edge Rot Residual Penalty: 0.00
  Connectivity Reward: 0.00
  Component Penalty: 0.00
  Consensus Support Reward: 120.04
  Largest Component: 27
  Num Components: 1
  Active Pairs: 26
  OverlapDiag Sum (indexed): 1742.8903 (delta_vs_fitness=0.0000)
  OverlapDiag Pairs: total=325 same_comp=325 broad_reject=242 narrow_checked=325 active=11
  OverlapDiag Top Active Pairs:
    Pair (7,18) pen=382.7160 hits=62/1057 hit_ratio=0.0957 avg_depth=0.2632 min_nn=0.2379
    Pair (0,15) pen=188.5522 hits=14/1458 hit_ratio=0.0471 avg_depth=0.3270 min_nn=0.2312
    Pair (4,8) pen=72.8832 hits=17/1597 hit_ratio=0.0182 avg_depth=0.2754 min_nn=0.4245
    Pair (12,17) pen=62.1118 hits=5/875 hit_ratio=0.0155 avg_depth=0.3543 min_nn=0.2788
    Pair (9,18) pen=49.3827 hits=8/1037 hit_ratio=0.0123 avg_depth=0.3025 min_nn=0.3029

  --- ACTIVE GENE MAP ---
    Gene  2 (Pair  5- 1): choice=8 (inl=84)
    Gene  6 (Pair  9- 1): choice=5 (inl=84)
    Gene  7 (Pair 10- 1): choice=2 (inl=65)
    Gene 29 (Pair 13- 2): choice=2 (inl=70)
    Gene 32 (Pair 18- 2): choice=4 (inl=83)
    Gene 35 (Pair 25- 2): choice=2 (inl=26)
    Gene 41 (Pair  7- 3): choice=2 (inl=76)
    Gene 42 (Pair  8- 3): choice=1 (inl=52)
    Gene 49 (Pair 16- 3): choice=1 (inl=64)
    Gene 52 (Pair 19- 3): choice=1 (inl=53)
    Gene 61 (Pair 11- 4): choice=1 (inl=57)
    Gene 70 (Pair 27- 4): choice=1 (inl=39)
    Gene 95 (Pair 13- 6): choice=1 (inl=68)
    Gene 109 (Pair 11- 7): choice=1 (inl=107)
    Gene 112 (Pair 14- 7): choice=2 (inl=92)
    Gene 133 (Pair 20- 8): choice=2 (inl=55)
    Gene 144 (Pair 16- 9): choice=3 (inl=70)
    Gene 150 (Pair 23- 9): choice=1 (inl=40)
    Gene 151 (Pair 24- 9): choice=1 (inl=51)
    Gene 153 (Pair 12-10): choice=2 (inl=68)
    Gene 161 (Pair 22-10): choice=3 (inl=65)
    Gene 167 (Pair 17-11): choice=1 (inl=66)
    Gene 178 (Pair 18-12): choice=4 (inl=72)
    Gene 185 (Pair 26-12): choice=1 (inl=58)
    Gene 203 (Pair 18-15): choice=1 (inl=58)
    Gene 223 (Pair 21-19): choice=1 (inl=80)

  --- SHARD 4 CANDIDATE ANALYSIS ---
    Pair (4-2): Selected=0 / 2 choices
      Choice 1: inliners=26
      Choice 2: inliners=2
    Pair (4-3): Selected=0 / 5 choices
      Choice 1: inliners=38
      Choice 2: inliners=46
      Choice 3: inliners=14
      Choice 4: inliners=32
      Choice 5: inliners=68
    Pair (5-4): Selected=0 / 2 choices
      Choice 1: inliners=48
      Choice 2: inliners=12
    Pair (6-4): Selected=0 / 2 choices
      Choice 1: inliners=24
      Choice 2: inliners=6
    Pair (7-4): Selected=0 / 2 choices
      Choice 1: inliners=36
      Choice 2: inliners=30
    Pair (8-4): Selected=0 / 4 choices
      Choice 1: inliners=28
      Choice 2: inliners=22
      Choice 3: inliners=44
      Choice 4: inliners=0
    Pair (11-4): Selected=1 / 1 choices
      Choice 1: inliners=57 [SELECTED]
    Pair (13-4): Selected=0 / 1 choices
      Choice 1: inliners=14
    Pair (14-4): Selected=0 / 2 choices
      Choice 1: inliners=48
      Choice 2: inliners=16
    Pair (16-4): Selected=0 / 1 choices
      Choice 1: inliners=32
    Pair (17-4): Selected=0 / 1 choices
      Choice 1: inliners=66
    Pair (19-4): Selected=0 / 4 choices
      Choice 1: inliners=32
      Choice 2: inliners=44
      Choice 3: inliners=26
      Choice 4: inliners=40
    Pair (20-4): Selected=0 / 1 choices
      Choice 1: inliners=53
    Pair (21-4): Selected=0 / 3 choices
      Choice 1: inliners=22
      Choice 2: inliners=16
      Choice 3: inliners=32
    Pair (22-4): Selected=0 / 1 choices
      Choice 1: inliners=38
    Pair (27-4): Selected=1 / 1 choices
      Choice 1: inliners=39 [SELECTED]


--- GENERATION 10 BEST BREAKDOWN ---
  Total Fitness: 1285.65
  Inlier Reward: 1261.40
  Cycle Penalty: 0.00
  Overlap Penalty: 124.22
  Edge Residual Penalty: 0.00
  Edge Rot Residual Penalty: 0.00
  Connectivity Reward: 0.00
  Component Penalty: 0.00
  Consensus Support Reward: 148.47
  Largest Component: 27
  Num Components: 1
  Active Pairs: 26
  OverlapDiag Sum (indexed): 124.2236 (delta_vs_fitness=0.0000)
  OverlapDiag Pairs: total=325 same_comp=325 broad_reject=294 narrow_checked=325 active=2
  OverlapDiag Top Active Pairs:
    Pair (12,17) pen=62.1118 hits=5/875 hit_ratio=0.0155 avg_depth=0.3543 min_nn=0.2788

  --- ACTIVE GENE MAP ---
    Gene  6 (Pair  9- 1): choice=5 (inl=84)
    Gene  7 (Pair 10- 1): choice=2 (inl=65)
    Gene 14 (Pair 19- 1): choice=2 (inl=89)
    Gene 29 (Pair 13- 2): choice=2 (inl=70)
    Gene 32 (Pair 18- 2): choice=4 (inl=83)
    Gene 35 (Pair 25- 2): choice=2 (inl=26)
    Gene 39 (Pair  5- 3): choice=1 (inl=68)
    Gene 47 (Pair 14- 3): choice=3 (inl=55)
    Gene 49 (Pair 16- 3): choice=1 (inl=64)
    Gene 50 (Pair 17- 3): choice=1 (inl=79)
    Gene 67 (Pair 20- 4): choice=1 (inl=53)
    Gene 70 (Pair 27- 4): choice=1 (inl=39)
    Gene 86 (Pair 22- 5): choice=2 (inl=57)
    Gene 91 (Pair  9- 6): choice=3 (inl=32)
    Gene 102 (Pair 23- 6): choice=1 (inl=43)
    Gene 106 (Pair  8- 7): choice=3 (inl=98)
    Gene 109 (Pair 11- 7): choice=1 (inl=107)
    Gene 112 (Pair 14- 7): choice=2 (inl=92)
    Gene 151 (Pair 24- 9): choice=1 (inl=51)
    Gene 152 (Pair 26- 9): choice=3 (inl=65)
    Gene 160 (Pair 21-10): choice=1 (inl=70)
    Gene 176 (Pair 15-12): choice=4 (inl=50)
    Gene 178 (Pair 18-12): choice=4 (inl=72)
    Gene 182 (Pair 22-12): choice=1 (inl=55)
    Gene 185 (Pair 26-12): choice=1 (inl=58)
    Gene 216 (Pair 20-18): choice=1 (inl=56)

  --- SHARD 4 CANDIDATE ANALYSIS ---
    Pair (4-2): Selected=0 / 2 choices
      Choice 1: inliners=26
      Choice 2: inliners=2
    Pair (4-3): Selected=0 / 5 choices
      Choice 1: inliners=38
      Choice 2: inliners=46
      Choice 3: inliners=14
      Choice 4: inliners=32
      Choice 5: inliners=68
    Pair (5-4): Selected=0 / 2 choices
      Choice 1: inliners=48
      Choice 2: inliners=12
    Pair (6-4): Selected=0 / 2 choices
      Choice 1: inliners=24
      Choice 2: inliners=6
    Pair (7-4): Selected=0 / 2 choices
      Choice 1: inliners=36
      Choice 2: inliners=30
    Pair (8-4): Selected=0 / 4 choices
      Choice 1: inliners=28
      Choice 2: inliners=22
      Choice 3: inliners=44
      Choice 4: inliners=0
    Pair (11-4): Selected=0 / 1 choices
      Choice 1: inliners=57
    Pair (13-4): Selected=0 / 1 choices
      Choice 1: inliners=14
    Pair (14-4): Selected=0 / 2 choices
      Choice 1: inliners=48
      Choice 2: inliners=16
    Pair (16-4): Selected=0 / 1 choices
      Choice 1: inliners=32
    Pair (17-4): Selected=0 / 1 choices
      Choice 1: inliners=66
    Pair (19-4): Selected=0 / 4 choices
      Choice 1: inliners=32
      Choice 2: inliners=44
      Choice 3: inliners=26
      Choice 4: inliners=40
    Pair (20-4): Selected=1 / 1 choices
      Choice 1: inliners=53 [SELECTED]
    Pair (21-4): Selected=0 / 3 choices
      Choice 1: inliners=22
      Choice 2: inliners=16
      Choice 3: inliners=32
    Pair (22-4): Selected=0 / 1 choices
      Choice 1: inliners=38
    Pair (27-4): Selected=1 / 1 choices
      Choice 1: inliners=39 [SELECTED]


--- GENERATION 20 BEST BREAKDOWN ---
  Total Fitness: 1314.09
  Inlier Reward: 1234.47
  Cycle Penalty: 0.00
  Overlap Penalty: 172.26
  Edge Residual Penalty: 0.00
  Edge Rot Residual Penalty: 0.00
  Connectivity Reward: 0.00
  Component Penalty: 0.00
  Consensus Support Reward: 251.88
  Largest Component: 27
  Num Components: 1
  Active Pairs: 26
  OverlapDiag Sum (indexed): 172.2564 (delta_vs_fitness=0.0000)
  OverlapDiag Pairs: total=325 same_comp=325 broad_reject=281 narrow_checked=325 active=4
  OverlapDiag Top Active Pairs:
    Pair (4,8) pen=72.8832 hits=17/1597 hit_ratio=0.0182 avg_depth=0.2754 min_nn=0.4245

  --- ACTIVE GENE MAP ---
    Gene  2 (Pair  5- 1): choice=8 (inl=84)
    Gene  6 (Pair  9- 1): choice=5 (inl=84)
    Gene  7 (Pair 10- 1): choice=2 (inl=65)
    Gene 14 (Pair 19- 1): choice=2 (inl=89)
    Gene 18 (Pair 23- 1): choice=1 (inl=43)
    Gene 22 (Pair  6- 2): choice=1 (inl=48)
    Gene 25 (Pair  9- 2): choice=2 (inl=36)
    Gene 29 (Pair 13- 2): choice=1 (inl=46)
    Gene 32 (Pair 18- 2): choice=2 (inl=81)
    Gene 35 (Pair 25- 2): choice=2 (inl=26)
    Gene 39 (Pair  5- 3): choice=1 (inl=68)
    Gene 47 (Pair 14- 3): choice=3 (inl=55)
    Gene 49 (Pair 16- 3): choice=1 (inl=64)
    Gene 50 (Pair 17- 3): choice=1 (inl=79)
    Gene 65 (Pair 17- 4): choice=1 (inl=66)
    Gene 67 (Pair 20- 4): choice=1 (inl=53)
    Gene 106 (Pair  8- 7): choice=3 (inl=98)
    Gene 109 (Pair 11- 7): choice=1 (inl=107)
    Gene 112 (Pair 14- 7): choice=2 (inl=92)
    Gene 143 (Pair 15- 9): choice=1 (inl=28)
    Gene 151 (Pair 24- 9): choice=1 (inl=51)
    Gene 152 (Pair 26- 9): choice=3 (inl=65)
    Gene 153 (Pair 12-10): choice=2 (inl=68)
    Gene 160 (Pair 21-10): choice=1 (inl=70)
    Gene 182 (Pair 22-12): choice=1 (inl=55)
    Gene 214 (Pair 27-17): choice=1 (inl=30)

  --- SHARD 4 CANDIDATE ANALYSIS ---
    Pair (4-2): Selected=0 / 2 choices
      Choice 1: inliners=26
      Choice 2: inliners=2
    Pair (4-3): Selected=0 / 5 choices
      Choice 1: inliners=38
      Choice 2: inliners=46
      Choice 3: inliners=14
      Choice 4: inliners=32
      Choice 5: inliners=68
    Pair (5-4): Selected=0 / 2 choices
      Choice 1: inliners=48
      Choice 2: inliners=12
    Pair (6-4): Selected=0 / 2 choices
      Choice 1: inliners=24
      Choice 2: inliners=6
    Pair (7-4): Selected=0 / 2 choices
      Choice 1: inliners=36
      Choice 2: inliners=30
    Pair (8-4): Selected=0 / 4 choices
      Choice 1: inliners=28
      Choice 2: inliners=22
      Choice 3: inliners=44
      Choice 4: inliners=0
    Pair (11-4): Selected=0 / 1 choices
      Choice 1: inliners=57
    Pair (13-4): Selected=0 / 1 choices
      Choice 1: inliners=14
    Pair (14-4): Selected=0 / 2 choices
      Choice 1: inliners=48
      Choice 2: inliners=16
    Pair (16-4): Selected=0 / 1 choices
      Choice 1: inliners=32
    Pair (17-4): Selected=1 / 1 choices
      Choice 1: inliners=66 [SELECTED]
    Pair (19-4): Selected=0 / 4 choices
      Choice 1: inliners=32
      Choice 2: inliners=44
      Choice 3: inliners=26
      Choice 4: inliners=40
    Pair (20-4): Selected=1 / 1 choices
      Choice 1: inliners=53 [SELECTED]
    Pair (21-4): Selected=0 / 3 choices
      Choice 1: inliners=22
      Choice 2: inliners=16
      Choice 3: inliners=32
    Pair (22-4): Selected=0 / 1 choices
      Choice 1: inliners=38
    Pair (27-4): Selected=0 / 1 choices
      Choice 1: inliners=39


--- GENERATION 30 BEST BREAKDOWN ---
  Total Fitness: 1540.17
  Inlier Reward: 1096.55
  Cycle Penalty: 0.00
  Overlap Penalty: 0.00
  Edge Residual Penalty: 0.00
  Edge Rot Residual Penalty: 0.00
  Connectivity Reward: 0.00
  Component Penalty: 0.00
  Consensus Support Reward: 443.62
  Largest Component: 27
  Num Components: 1
  Active Pairs: 26
  OverlapDiag Sum (indexed): 0.0000 (delta_vs_fitness=0.0000)
  OverlapDiag Pairs: total=325 same_comp=325 broad_reject=257 narrow_checked=325 active=5
  OverlapDiag Active Pairs: none

  --- ACTIVE GENE MAP ---
    Gene  2 (Pair  5- 1): choice=8 (inl=84)
    Gene  7 (Pair 10- 1): choice=2 (inl=65)
    Gene 13 (Pair 18- 1): choice=5 (inl=50)
    Gene 14 (Pair 19- 1): choice=2 (inl=89)
    Gene 18 (Pair 23- 1): choice=1 (inl=43)
    Gene 22 (Pair  6- 2): choice=1 (inl=48)
    Gene 23 (Pair  7- 2): choice=2 (inl=44)
    Gene 25 (Pair  9- 2): choice=2 (inl=36)
    Gene 29 (Pair 13- 2): choice=1 (inl=46)
    Gene 35 (Pair 25- 2): choice=2 (inl=26)
    Gene 36 (Pair 26- 2): choice=4 (inl=34)
    Gene 37 (Pair 27- 2): choice=1 (inl=30)
    Gene 46 (Pair 12- 3): choice=1 (inl=48)
    Gene 47 (Pair 14- 3): choice=3 (inl=55)
    Gene 49 (Pair 16- 3): choice=1 (inl=64)
    Gene 50 (Pair 17- 3): choice=1 (inl=79)
    Gene 61 (Pair 11- 4): choice=1 (inl=57)
    Gene 65 (Pair 17- 4): choice=1 (inl=66)
    Gene 67 (Pair 20- 4): choice=1 (inl=53)
    Gene 106 (Pair  8- 7): choice=3 (inl=98)
    Gene 109 (Pair 11- 7): choice=1 (inl=107)
    Gene 118 (Pair 22- 7): choice=3 (inl=28)
    Gene 151 (Pair 24- 9): choice=1 (inl=51)
    Gene 153 (Pair 12-10): choice=2 (inl=68)
    Gene 160 (Pair 21-10): choice=1 (inl=70)
    Gene 176 (Pair 15-12): choice=3 (inl=38)

  --- SHARD 4 CANDIDATE ANALYSIS ---
    Pair (4-2): Selected=0 / 2 choices
      Choice 1: inliners=26
      Choice 2: inliners=2
    Pair (4-3): Selected=0 / 5 choices
      Choice 1: inliners=38
      Choice 2: inliners=46
      Choice 3: inliners=14
      Choice 4: inliners=32
      Choice 5: inliners=68
    Pair (5-4): Selected=0 / 2 choices
      Choice 1: inliners=48
      Choice 2: inliners=12
    Pair (6-4): Selected=0 / 2 choices
      Choice 1: inliners=24
      Choice 2: inliners=6
    Pair (7-4): Selected=0 / 2 choices
      Choice 1: inliners=36
      Choice 2: inliners=30
    Pair (8-4): Selected=0 / 4 choices
      Choice 1: inliners=28
      Choice 2: inliners=22
      Choice 3: inliners=44
      Choice 4: inliners=0
    Pair (11-4): Selected=1 / 1 choices
      Choice 1: inliners=57 [SELECTED]
    Pair (13-4): Selected=0 / 1 choices
      Choice 1: inliners=14
    Pair (14-4): Selected=0 / 2 choices
      Choice 1: inliners=48
      Choice 2: inliners=16
    Pair (16-4): Selected=0 / 1 choices
      Choice 1: inliners=32
    Pair (17-4): Selected=1 / 1 choices
      Choice 1: inliners=66 [SELECTED]
    Pair (19-4): Selected=0 / 4 choices
      Choice 1: inliners=32
      Choice 2: inliners=44
      Choice 3: inliners=26
      Choice 4: inliners=40
    Pair (20-4): Selected=1 / 1 choices
      Choice 1: inliners=53 [SELECTED]
    Pair (21-4): Selected=0 / 3 choices
      Choice 1: inliners=22
      Choice 2: inliners=16
      Choice 3: inliners=32
    Pair (22-4): Selected=0 / 1 choices
      Choice 1: inliners=38
    Pair (27-4): Selected=0 / 1 choices
      Choice 1: inliners=39


--- GENERATION 40 BEST BREAKDOWN ---
  Total Fitness: 1632.79
  Inlier Reward: 1071.06
  Cycle Penalty: 0.00
  Overlap Penalty: 0.00
  Edge Residual Penalty: 0.00
  Edge Rot Residual Penalty: 0.00
  Connectivity Reward: 0.00
  Component Penalty: 0.00
  Consensus Support Reward: 561.73
  Largest Component: 27
  Num Components: 1
  Active Pairs: 26
  OverlapDiag Sum (indexed): 0.0000 (delta_vs_fitness=0.0000)
  OverlapDiag Pairs: total=325 same_comp=325 broad_reject=277 narrow_checked=325 active=1
  OverlapDiag Active Pairs: none

  --- ACTIVE GENE MAP ---
    Gene  0 (Pair  2- 1): choice=2 (inl=32)
    Gene  2 (Pair  5- 1): choice=8 (inl=84)
    Gene  7 (Pair 10- 1): choice=2 (inl=65)
    Gene 14 (Pair 19- 1): choice=2 (inl=89)
    Gene 18 (Pair 23- 1): choice=1 (inl=43)
    Gene 22 (Pair  6- 2): choice=1 (inl=48)
    Gene 23 (Pair  7- 2): choice=2 (inl=44)
    Gene 25 (Pair  9- 2): choice=2 (inl=36)
    Gene 29 (Pair 13- 2): choice=1 (inl=46)
    Gene 35 (Pair 25- 2): choice=2 (inl=26)
    Gene 36 (Pair 26- 2): choice=4 (inl=34)
    Gene 37 (Pair 27- 2): choice=1 (inl=30)
    Gene 42 (Pair  8- 3): choice=1 (inl=52)
    Gene 46 (Pair 12- 3): choice=1 (inl=48)
    Gene 47 (Pair 14- 3): choice=3 (inl=55)
    Gene 49 (Pair 16- 3): choice=1 (inl=64)
    Gene 50 (Pair 17- 3): choice=1 (inl=79)
    Gene 65 (Pair 17- 4): choice=1 (inl=66)
    Gene 66 (Pair 19- 4): choice=2 (inl=44)
    Gene 67 (Pair 20- 4): choice=1 (inl=53)
    Gene 86 (Pair 22- 5): choice=2 (inl=57)
    Gene 109 (Pair 11- 7): choice=1 (inl=107)
    Gene 151 (Pair 24- 9): choice=1 (inl=51)
    Gene 160 (Pair 21-10): choice=1 (inl=70)
    Gene 176 (Pair 15-12): choice=3 (inl=38)
    Gene 178 (Pair 18-12): choice=4 (inl=72)

  --- SHARD 4 CANDIDATE ANALYSIS ---
    Pair (4-2): Selected=0 / 2 choices
      Choice 1: inliners=26
      Choice 2: inliners=2
    Pair (4-3): Selected=0 / 5 choices
      Choice 1: inliners=38
      Choice 2: inliners=46
      Choice 3: inliners=14
      Choice 4: inliners=32
      Choice 5: inliners=68
    Pair (5-4): Selected=0 / 2 choices
      Choice 1: inliners=48
      Choice 2: inliners=12
    Pair (6-4): Selected=0 / 2 choices
      Choice 1: inliners=24
      Choice 2: inliners=6
    Pair (7-4): Selected=0 / 2 choices
      Choice 1: inliners=36
      Choice 2: inliners=30
    Pair (8-4): Selected=0 / 4 choices
      Choice 1: inliners=28
      Choice 2: inliners=22
      Choice 3: inliners=44
      Choice 4: inliners=0
    Pair (11-4): Selected=0 / 1 choices
      Choice 1: inliners=57
    Pair (13-4): Selected=0 / 1 choices
      Choice 1: inliners=14
    Pair (14-4): Selected=0 / 2 choices
      Choice 1: inliners=48
      Choice 2: inliners=16
    Pair (16-4): Selected=0 / 1 choices
      Choice 1: inliners=32
    Pair (17-4): Selected=1 / 1 choices
      Choice 1: inliners=66 [SELECTED]
    Pair (19-4): Selected=2 / 4 choices
      Choice 1: inliners=32
      Choice 2: inliners=44 [SELECTED]
      Choice 3: inliners=26
      Choice 4: inliners=40
    Pair (20-4): Selected=1 / 1 choices
      Choice 1: inliners=53 [SELECTED]
    Pair (21-4): Selected=0 / 3 choices
      Choice 1: inliners=22
      Choice 2: inliners=16
      Choice 3: inliners=32
    Pair (22-4): Selected=0 / 1 choices
      Choice 1: inliners=38
    Pair (27-4): Selected=0 / 1 choices
      Choice 1: inliners=39


--- GENERATION 50 BEST BREAKDOWN ---
  Total Fitness: 1680.25
  Inlier Reward: 1075.71
  Cycle Penalty: 0.00
  Overlap Penalty: 0.00
  Edge Residual Penalty: 0.00
  Edge Rot Residual Penalty: 0.00
  Connectivity Reward: 0.00
  Component Penalty: 0.00
  Consensus Support Reward: 604.53
  Largest Component: 27
  Num Components: 1
  Active Pairs: 26
  OverlapDiag Sum (indexed): 0.0000 (delta_vs_fitness=0.0000)
  OverlapDiag Pairs: total=325 same_comp=325 broad_reject=283 narrow_checked=325 active=1
  OverlapDiag Active Pairs: none

  --- ACTIVE GENE MAP ---
    Gene  0 (Pair  2- 1): choice=2 (inl=32)
    Gene  2 (Pair  5- 1): choice=8 (inl=84)
    Gene  7 (Pair 10- 1): choice=2 (inl=65)
    Gene 14 (Pair 19- 1): choice=2 (inl=89)
    Gene 18 (Pair 23- 1): choice=1 (inl=43)
    Gene 22 (Pair  6- 2): choice=1 (inl=48)
    Gene 25 (Pair  9- 2): choice=2 (inl=36)
    Gene 29 (Pair 13- 2): choice=1 (inl=46)
    Gene 35 (Pair 25- 2): choice=2 (inl=26)
    Gene 36 (Pair 26- 2): choice=4 (inl=34)
    Gene 37 (Pair 27- 2): choice=1 (inl=30)
    Gene 42 (Pair  8- 3): choice=1 (inl=52)
    Gene 46 (Pair 12- 3): choice=1 (inl=48)
    Gene 47 (Pair 14- 3): choice=3 (inl=55)
    Gene 49 (Pair 16- 3): choice=1 (inl=64)
    Gene 50 (Pair 17- 3): choice=1 (inl=79)
    Gene 61 (Pair 11- 4): choice=1 (inl=57)
    Gene 65 (Pair 17- 4): choice=1 (inl=66)
    Gene 67 (Pair 20- 4): choice=1 (inl=53)
    Gene 86 (Pair 22- 5): choice=1 (inl=40)
    Gene 106 (Pair  8- 7): choice=3 (inl=98)
    Gene 151 (Pair 24- 9): choice=1 (inl=51)
    Gene 153 (Pair 12-10): choice=2 (inl=68)
    Gene 160 (Pair 21-10): choice=1 (inl=70)
    Gene 176 (Pair 15-12): choice=3 (inl=38)
    Gene 178 (Pair 18-12): choice=4 (inl=72)

  --- SHARD 4 CANDIDATE ANALYSIS ---
    Pair (4-2): Selected=0 / 2 choices
      Choice 1: inliners=26
      Choice 2: inliners=2
    Pair (4-3): Selected=0 / 5 choices
      Choice 1: inliners=38
      Choice 2: inliners=46
      Choice 3: inliners=14
      Choice 4: inliners=32
      Choice 5: inliners=68
    Pair (5-4): Selected=0 / 2 choices
      Choice 1: inliners=48
      Choice 2: inliners=12
    Pair (6-4): Selected=0 / 2 choices
      Choice 1: inliners=24
      Choice 2: inliners=6
    Pair (7-4): Selected=0 / 2 choices
      Choice 1: inliners=36
      Choice 2: inliners=30
    Pair (8-4): Selected=0 / 4 choices
      Choice 1: inliners=28
      Choice 2: inliners=22
      Choice 3: inliners=44
      Choice 4: inliners=0
    Pair (11-4): Selected=1 / 1 choices
      Choice 1: inliners=57 [SELECTED]
    Pair (13-4): Selected=0 / 1 choices
      Choice 1: inliners=14
    Pair (14-4): Selected=0 / 2 choices
      Choice 1: inliners=48
      Choice 2: inliners=16
    Pair (16-4): Selected=0 / 1 choices
      Choice 1: inliners=32
    Pair (17-4): Selected=1 / 1 choices
      Choice 1: inliners=66 [SELECTED]
    Pair (19-4): Selected=0 / 4 choices
      Choice 1: inliners=32
      Choice 2: inliners=44
      Choice 3: inliners=26
      Choice 4: inliners=40
    Pair (20-4): Selected=1 / 1 choices
      Choice 1: inliners=53 [SELECTED]
    Pair (21-4): Selected=0 / 3 choices
      Choice 1: inliners=22
      Choice 2: inliners=16
      Choice 3: inliners=32
    Pair (22-4): Selected=0 / 1 choices
      Choice 1: inliners=38
    Pair (27-4): Selected=0 / 1 choices
      Choice 1: inliners=39


--- GENERATION 60 BEST BREAKDOWN ---
  Total Fitness: 1740.42
  Inlier Reward: 1065.58
  Cycle Penalty: 0.00
  Overlap Penalty: 0.00
  Edge Residual Penalty: 0.00
  Edge Rot Residual Penalty: 0.00
  Connectivity Reward: 0.00
  Component Penalty: 0.00
  Consensus Support Reward: 674.84
  Largest Component: 27
  Num Components: 1
  Active Pairs: 26
  OverlapDiag Sum (indexed): 0.0000 (delta_vs_fitness=0.0000)
  OverlapDiag Pairs: total=325 same_comp=325 broad_reject=284 narrow_checked=325 active=1
  OverlapDiag Active Pairs: none

  --- ACTIVE GENE MAP ---
    Gene  0 (Pair  2- 1): choice=2 (inl=32)
    Gene  2 (Pair  5- 1): choice=8 (inl=84)
    Gene  7 (Pair 10- 1): choice=2 (inl=65)
    Gene 14 (Pair 19- 1): choice=2 (inl=89)
    Gene 18 (Pair 23- 1): choice=1 (inl=43)
    Gene 22 (Pair  6- 2): choice=1 (inl=48)
    Gene 25 (Pair  9- 2): choice=2 (inl=36)
    Gene 29 (Pair 13- 2): choice=1 (inl=46)
    Gene 35 (Pair 25- 2): choice=2 (inl=26)
    Gene 36 (Pair 26- 2): choice=4 (inl=34)
    Gene 37 (Pair 27- 2): choice=1 (inl=30)
    Gene 42 (Pair  8- 3): choice=1 (inl=52)
    Gene 46 (Pair 12- 3): choice=1 (inl=48)
    Gene 47 (Pair 14- 3): choice=3 (inl=55)
    Gene 49 (Pair 16- 3): choice=1 (inl=64)
    Gene 50 (Pair 17- 3): choice=1 (inl=79)
    Gene 61 (Pair 11- 4): choice=1 (inl=57)
    Gene 65 (Pair 17- 4): choice=1 (inl=66)
    Gene 67 (Pair 20- 4): choice=1 (inl=53)
    Gene 106 (Pair  8- 7): choice=3 (inl=98)
    Gene 118 (Pair 22- 7): choice=3 (inl=28)
    Gene 151 (Pair 24- 9): choice=1 (inl=51)
    Gene 153 (Pair 12-10): choice=2 (inl=68)
    Gene 160 (Pair 21-10): choice=1 (inl=70)
    Gene 176 (Pair 15-12): choice=3 (inl=38)
    Gene 178 (Pair 18-12): choice=4 (inl=72)

  --- SHARD 4 CANDIDATE ANALYSIS ---
    Pair (4-2): Selected=0 / 2 choices
      Choice 1: inliners=26
      Choice 2: inliners=2
    Pair (4-3): Selected=0 / 5 choices
      Choice 1: inliners=38
      Choice 2: inliners=46
      Choice 3: inliners=14
      Choice 4: inliners=32
      Choice 5: inliners=68
    Pair (5-4): Selected=0 / 2 choices
      Choice 1: inliners=48
      Choice 2: inliners=12
    Pair (6-4): Selected=0 / 2 choices
      Choice 1: inliners=24
      Choice 2: inliners=6
    Pair (7-4): Selected=0 / 2 choices
      Choice 1: inliners=36
      Choice 2: inliners=30
    Pair (8-4): Selected=0 / 4 choices
      Choice 1: inliners=28
      Choice 2: inliners=22
      Choice 3: inliners=44
      Choice 4: inliners=0
    Pair (11-4): Selected=1 / 1 choices
      Choice 1: inliners=57 [SELECTED]
    Pair (13-4): Selected=0 / 1 choices
      Choice 1: inliners=14
    Pair (14-4): Selected=0 / 2 choices
      Choice 1: inliners=48
      Choice 2: inliners=16
    Pair (16-4): Selected=0 / 1 choices
      Choice 1: inliners=32
    Pair (17-4): Selected=1 / 1 choices
      Choice 1: inliners=66 [SELECTED]
    Pair (19-4): Selected=0 / 4 choices
      Choice 1: inliners=32
      Choice 2: inliners=44
      Choice 3: inliners=26
      Choice 4: inliners=40
    Pair (20-4): Selected=1 / 1 choices
      Choice 1: inliners=53 [SELECTED]
    Pair (21-4): Selected=0 / 3 choices
      Choice 1: inliners=22
      Choice 2: inliners=16
      Choice 3: inliners=32
    Pair (22-4): Selected=0 / 1 choices
      Choice 1: inliners=38
    Pair (27-4): Selected=0 / 1 choices
      Choice 1: inliners=39


--- GENERATION 70 BEST BREAKDOWN ---
  Total Fitness: 1740.42
  Inlier Reward: 1065.58
  Cycle Penalty: 0.00
  Overlap Penalty: 0.00
  Edge Residual Penalty: 0.00
  Edge Rot Residual Penalty: 0.00
  Connectivity Reward: 0.00
  Component Penalty: 0.00
  Consensus Support Reward: 674.84
  Largest Component: 27
  Num Components: 1
  Active Pairs: 26
  OverlapDiag Sum (indexed): 0.0000 (delta_vs_fitness=0.0000)
  OverlapDiag Pairs: total=325 same_comp=325 broad_reject=284 narrow_checked=325 active=1
  OverlapDiag Active Pairs: none

  --- ACTIVE GENE MAP ---
    Gene  0 (Pair  2- 1): choice=2 (inl=32)
    Gene  2 (Pair  5- 1): choice=8 (inl=84)
    Gene  7 (Pair 10- 1): choice=2 (inl=65)
    Gene 14 (Pair 19- 1): choice=2 (inl=89)
    Gene 18 (Pair 23- 1): choice=1 (inl=43)
    Gene 22 (Pair  6- 2): choice=1 (inl=48)
    Gene 25 (Pair  9- 2): choice=2 (inl=36)
    Gene 29 (Pair 13- 2): choice=1 (inl=46)
    Gene 35 (Pair 25- 2): choice=2 (inl=26)
    Gene 36 (Pair 26- 2): choice=4 (inl=34)
    Gene 37 (Pair 27- 2): choice=1 (inl=30)
    Gene 42 (Pair  8- 3): choice=1 (inl=52)
    Gene 46 (Pair 12- 3): choice=1 (inl=48)
    Gene 47 (Pair 14- 3): choice=3 (inl=55)
    Gene 49 (Pair 16- 3): choice=1 (inl=64)
    Gene 50 (Pair 17- 3): choice=1 (inl=79)
    Gene 61 (Pair 11- 4): choice=1 (inl=57)
    Gene 65 (Pair 17- 4): choice=1 (inl=66)
    Gene 67 (Pair 20- 4): choice=1 (inl=53)
    Gene 106 (Pair  8- 7): choice=3 (inl=98)
    Gene 118 (Pair 22- 7): choice=3 (inl=28)
    Gene 151 (Pair 24- 9): choice=1 (inl=51)
    Gene 153 (Pair 12-10): choice=2 (inl=68)
    Gene 160 (Pair 21-10): choice=1 (inl=70)
    Gene 176 (Pair 15-12): choice=3 (inl=38)
    Gene 178 (Pair 18-12): choice=4 (inl=72)

  --- SHARD 4 CANDIDATE ANALYSIS ---
    Pair (4-2): Selected=0 / 2 choices
      Choice 1: inliners=26
      Choice 2: inliners=2
    Pair (4-3): Selected=0 / 5 choices
      Choice 1: inliners=38
      Choice 2: inliners=46
      Choice 3: inliners=14
      Choice 4: inliners=32
      Choice 5: inliners=68
    Pair (5-4): Selected=0 / 2 choices
      Choice 1: inliners=48
      Choice 2: inliners=12
    Pair (6-4): Selected=0 / 2 choices
      Choice 1: inliners=24
      Choice 2: inliners=6
    Pair (7-4): Selected=0 / 2 choices
      Choice 1: inliners=36
      Choice 2: inliners=30
    Pair (8-4): Selected=0 / 4 choices
      Choice 1: inliners=28
      Choice 2: inliners=22
      Choice 3: inliners=44
      Choice 4: inliners=0
    Pair (11-4): Selected=1 / 1 choices
      Choice 1: inliners=57 [SELECTED]
    Pair (13-4): Selected=0 / 1 choices
      Choice 1: inliners=14
    Pair (14-4): Selected=0 / 2 choices
      Choice 1: inliners=48
      Choice 2: inliners=16
    Pair (16-4): Selected=0 / 1 choices
      Choice 1: inliners=32
    Pair (17-4): Selected=1 / 1 choices
      Choice 1: inliners=66 [SELECTED]
    Pair (19-4): Selected=0 / 4 choices
      Choice 1: inliners=32
      Choice 2: inliners=44
      Choice 3: inliners=26
      Choice 4: inliners=40
    Pair (20-4): Selected=1 / 1 choices
      Choice 1: inliners=53 [SELECTED]
    Pair (21-4): Selected=0 / 3 choices
      Choice 1: inliners=22
      Choice 2: inliners=16
      Choice 3: inliners=32
    Pair (22-4): Selected=0 / 1 choices
      Choice 1: inliners=38
    Pair (27-4): Selected=0 / 1 choices
      Choice 1: inliners=39


--- GENERATION 80 BEST BREAKDOWN ---
  Total Fitness: 1740.42
  Inlier Reward: 1065.58
  Cycle Penalty: 0.00
  Overlap Penalty: 0.00
  Edge Residual Penalty: 0.00
  Edge Rot Residual Penalty: 0.00
  Connectivity Reward: 0.00
  Component Penalty: 0.00
  Consensus Support Reward: 674.84
  Largest Component: 27
  Num Components: 1
  Active Pairs: 26
  OverlapDiag Sum (indexed): 0.0000 (delta_vs_fitness=0.0000)
  OverlapDiag Pairs: total=325 same_comp=325 broad_reject=284 narrow_checked=325 active=1
  OverlapDiag Active Pairs: none

  --- ACTIVE GENE MAP ---
    Gene  0 (Pair  2- 1): choice=2 (inl=32)
    Gene  2 (Pair  5- 1): choice=8 (inl=84)
    Gene  7 (Pair 10- 1): choice=2 (inl=65)
    Gene 14 (Pair 19- 1): choice=2 (inl=89)
    Gene 18 (Pair 23- 1): choice=1 (inl=43)
    Gene 22 (Pair  6- 2): choice=1 (inl=48)
    Gene 25 (Pair  9- 2): choice=2 (inl=36)
    Gene 29 (Pair 13- 2): choice=1 (inl=46)
    Gene 35 (Pair 25- 2): choice=2 (inl=26)
    Gene 36 (Pair 26- 2): choice=4 (inl=34)
    Gene 37 (Pair 27- 2): choice=1 (inl=30)
    Gene 42 (Pair  8- 3): choice=1 (inl=52)
    Gene 46 (Pair 12- 3): choice=1 (inl=48)
    Gene 47 (Pair 14- 3): choice=3 (inl=55)
    Gene 49 (Pair 16- 3): choice=1 (inl=64)
    Gene 50 (Pair 17- 3): choice=1 (inl=79)
    Gene 61 (Pair 11- 4): choice=1 (inl=57)
    Gene 65 (Pair 17- 4): choice=1 (inl=66)
    Gene 67 (Pair 20- 4): choice=1 (inl=53)
    Gene 106 (Pair  8- 7): choice=3 (inl=98)
    Gene 118 (Pair 22- 7): choice=3 (inl=28)
    Gene 151 (Pair 24- 9): choice=1 (inl=51)
    Gene 153 (Pair 12-10): choice=2 (inl=68)
    Gene 160 (Pair 21-10): choice=1 (inl=70)
    Gene 176 (Pair 15-12): choice=3 (inl=38)
    Gene 178 (Pair 18-12): choice=4 (inl=72)

  --- SHARD 4 CANDIDATE ANALYSIS ---
    Pair (4-2): Selected=0 / 2 choices
      Choice 1: inliners=26
      Choice 2: inliners=2
    Pair (4-3): Selected=0 / 5 choices
      Choice 1: inliners=38
      Choice 2: inliners=46
      Choice 3: inliners=14
      Choice 4: inliners=32
      Choice 5: inliners=68
    Pair (5-4): Selected=0 / 2 choices
      Choice 1: inliners=48
      Choice 2: inliners=12
    Pair (6-4): Selected=0 / 2 choices
      Choice 1: inliners=24
      Choice 2: inliners=6
    Pair (7-4): Selected=0 / 2 choices
      Choice 1: inliners=36
      Choice 2: inliners=30
    Pair (8-4): Selected=0 / 4 choices
      Choice 1: inliners=28
      Choice 2: inliners=22
      Choice 3: inliners=44
      Choice 4: inliners=0
    Pair (11-4): Selected=1 / 1 choices
      Choice 1: inliners=57 [SELECTED]
    Pair (13-4): Selected=0 / 1 choices
      Choice 1: inliners=14
    Pair (14-4): Selected=0 / 2 choices
      Choice 1: inliners=48
      Choice 2: inliners=16
    Pair (16-4): Selected=0 / 1 choices
      Choice 1: inliners=32
    Pair (17-4): Selected=1 / 1 choices
      Choice 1: inliners=66 [SELECTED]
    Pair (19-4): Selected=0 / 4 choices
      Choice 1: inliners=32
      Choice 2: inliners=44
      Choice 3: inliners=26
      Choice 4: inliners=40
    Pair (20-4): Selected=1 / 1 choices
      Choice 1: inliners=53 [SELECTED]
    Pair (21-4): Selected=0 / 3 choices
      Choice 1: inliners=22
      Choice 2: inliners=16
      Choice 3: inliners=32
    Pair (22-4): Selected=0 / 1 choices
      Choice 1: inliners=38
    Pair (27-4): Selected=0 / 1 choices
      Choice 1: inliners=39


--- GENERATION 90 BEST BREAKDOWN ---
  Total Fitness: 1740.42
  Inlier Reward: 1065.58
  Cycle Penalty: 0.00
  Overlap Penalty: 0.00
  Edge Residual Penalty: 0.00
  Edge Rot Residual Penalty: 0.00
  Connectivity Reward: 0.00
  Component Penalty: 0.00
  Consensus Support Reward: 674.84
  Largest Component: 27
  Num Components: 1
  Active Pairs: 26
  OverlapDiag Sum (indexed): 0.0000 (delta_vs_fitness=0.0000)
  OverlapDiag Pairs: total=325 same_comp=325 broad_reject=284 narrow_checked=325 active=1
  OverlapDiag Active Pairs: none

  --- ACTIVE GENE MAP ---
    Gene  0 (Pair  2- 1): choice=2 (inl=32)
    Gene  2 (Pair  5- 1): choice=8 (inl=84)
    Gene  7 (Pair 10- 1): choice=2 (inl=65)
    Gene 14 (Pair 19- 1): choice=2 (inl=89)
    Gene 18 (Pair 23- 1): choice=1 (inl=43)
    Gene 22 (Pair  6- 2): choice=1 (inl=48)
    Gene 25 (Pair  9- 2): choice=2 (inl=36)
    Gene 29 (Pair 13- 2): choice=1 (inl=46)
    Gene 35 (Pair 25- 2): choice=2 (inl=26)
    Gene 36 (Pair 26- 2): choice=4 (inl=34)
    Gene 37 (Pair 27- 2): choice=1 (inl=30)
    Gene 42 (Pair  8- 3): choice=1 (inl=52)
    Gene 46 (Pair 12- 3): choice=1 (inl=48)
    Gene 47 (Pair 14- 3): choice=3 (inl=55)
    Gene 49 (Pair 16- 3): choice=1 (inl=64)
    Gene 50 (Pair 17- 3): choice=1 (inl=79)
    Gene 61 (Pair 11- 4): choice=1 (inl=57)
    Gene 65 (Pair 17- 4): choice=1 (inl=66)
    Gene 67 (Pair 20- 4): choice=1 (inl=53)
    Gene 106 (Pair  8- 7): choice=3 (inl=98)
    Gene 118 (Pair 22- 7): choice=3 (inl=28)
    Gene 151 (Pair 24- 9): choice=1 (inl=51)
    Gene 153 (Pair 12-10): choice=2 (inl=68)
    Gene 160 (Pair 21-10): choice=1 (inl=70)
    Gene 176 (Pair 15-12): choice=3 (inl=38)
    Gene 178 (Pair 18-12): choice=4 (inl=72)

  --- SHARD 4 CANDIDATE ANALYSIS ---
    Pair (4-2): Selected=0 / 2 choices
      Choice 1: inliners=26
      Choice 2: inliners=2
    Pair (4-3): Selected=0 / 5 choices
      Choice 1: inliners=38
      Choice 2: inliners=46
      Choice 3: inliners=14
      Choice 4: inliners=32
      Choice 5: inliners=68
    Pair (5-4): Selected=0 / 2 choices
      Choice 1: inliners=48
      Choice 2: inliners=12
    Pair (6-4): Selected=0 / 2 choices
      Choice 1: inliners=24
      Choice 2: inliners=6
    Pair (7-4): Selected=0 / 2 choices
      Choice 1: inliners=36
      Choice 2: inliners=30
    Pair (8-4): Selected=0 / 4 choices
      Choice 1: inliners=28
      Choice 2: inliners=22
      Choice 3: inliners=44
      Choice 4: inliners=0
    Pair (11-4): Selected=1 / 1 choices
      Choice 1: inliners=57 [SELECTED]
    Pair (13-4): Selected=0 / 1 choices
      Choice 1: inliners=14
    Pair (14-4): Selected=0 / 2 choices
      Choice 1: inliners=48
      Choice 2: inliners=16
    Pair (16-4): Selected=0 / 1 choices
      Choice 1: inliners=32
    Pair (17-4): Selected=1 / 1 choices
      Choice 1: inliners=66 [SELECTED]
    Pair (19-4): Selected=0 / 4 choices
      Choice 1: inliners=32
      Choice 2: inliners=44
      Choice 3: inliners=26
      Choice 4: inliners=40
    Pair (20-4): Selected=1 / 1 choices
      Choice 1: inliners=53 [SELECTED]
    Pair (21-4): Selected=0 / 3 choices
      Choice 1: inliners=22
      Choice 2: inliners=16
      Choice 3: inliners=32
    Pair (22-4): Selected=0 / 1 choices
      Choice 1: inliners=38
    Pair (27-4): Selected=0 / 1 choices
      Choice 1: inliners=39


--- GENERATION 100 BEST BREAKDOWN ---
  Total Fitness: 1821.09
  Inlier Reward: 1126.09
  Cycle Penalty: 0.00
  Overlap Penalty: 0.00
  Edge Residual Penalty: 0.00
  Edge Rot Residual Penalty: 0.00
  Connectivity Reward: 0.00
  Component Penalty: 0.00
  Consensus Support Reward: 695.00
  Largest Component: 27
  Num Components: 1
  Active Pairs: 26
  OverlapDiag Sum (indexed): 0.0000 (delta_vs_fitness=0.0000)
  OverlapDiag Pairs: total=325 same_comp=325 broad_reject=282 narrow_checked=325 active=2
  OverlapDiag Active Pairs: none

  --- ACTIVE GENE MAP ---
    Gene  2 (Pair  5- 1): choice=8 (inl=84)
    Gene  7 (Pair 10- 1): choice=2 (inl=65)
    Gene 14 (Pair 19- 1): choice=2 (inl=89)
    Gene 18 (Pair 23- 1): choice=1 (inl=43)
    Gene 19 (Pair 24- 1): choice=1 (inl=36)
    Gene 25 (Pair  9- 2): choice=2 (inl=36)
    Gene 29 (Pair 13- 2): choice=1 (inl=46)
    Gene 35 (Pair 25- 2): choice=2 (inl=26)
    Gene 36 (Pair 26- 2): choice=4 (inl=34)
    Gene 37 (Pair 27- 2): choice=1 (inl=30)
    Gene 42 (Pair  8- 3): choice=1 (inl=52)
    Gene 46 (Pair 12- 3): choice=1 (inl=48)
    Gene 47 (Pair 14- 3): choice=3 (inl=55)
    Gene 49 (Pair 16- 3): choice=1 (inl=64)
    Gene 50 (Pair 17- 3): choice=1 (inl=79)
    Gene 61 (Pair 11- 4): choice=1 (inl=57)
    Gene 67 (Pair 20- 4): choice=1 (inl=53)
    Gene 74 (Pair  9- 5): choice=5 (inl=74)
    Gene 92 (Pair 10- 6): choice=3 (inl=40)
    Gene 109 (Pair 11- 7): choice=1 (inl=107)
    Gene 112 (Pair 14- 7): choice=2 (inl=92)
    Gene 118 (Pair 22- 7): choice=1 (inl=30)
    Gene 153 (Pair 12-10): choice=2 (inl=68)
    Gene 160 (Pair 21-10): choice=1 (inl=70)
    Gene 176 (Pair 15-12): choice=3 (inl=38)
    Gene 178 (Pair 18-12): choice=4 (inl=72)

  --- SHARD 4 CANDIDATE ANALYSIS ---
    Pair (4-2): Selected=0 / 2 choices
      Choice 1: inliners=26
      Choice 2: inliners=2
    Pair (4-3): Selected=0 / 5 choices
      Choice 1: inliners=38
      Choice 2: inliners=46
      Choice 3: inliners=14
      Choice 4: inliners=32
      Choice 5: inliners=68
    Pair (5-4): Selected=0 / 2 choices
      Choice 1: inliners=48
      Choice 2: inliners=12
    Pair (6-4): Selected=0 / 2 choices
      Choice 1: inliners=24
      Choice 2: inliners=6
    Pair (7-4): Selected=0 / 2 choices
      Choice 1: inliners=36
      Choice 2: inliners=30
    Pair (8-4): Selected=0 / 4 choices
      Choice 1: inliners=28
      Choice 2: inliners=22
      Choice 3: inliners=44
      Choice 4: inliners=0
    Pair (11-4): Selected=1 / 1 choices
      Choice 1: inliners=57 [SELECTED]
    Pair (13-4): Selected=0 / 1 choices
      Choice 1: inliners=14
    Pair (14-4): Selected=0 / 2 choices
      Choice 1: inliners=48
      Choice 2: inliners=16
    Pair (16-4): Selected=0 / 1 choices
      Choice 1: inliners=32
    Pair (17-4): Selected=0 / 1 choices
      Choice 1: inliners=66
    Pair (19-4): Selected=0 / 4 choices
      Choice 1: inliners=32
      Choice 2: inliners=44
      Choice 3: inliners=26
      Choice 4: inliners=40
    Pair (20-4): Selected=1 / 1 choices
      Choice 1: inliners=53 [SELECTED]
    Pair (21-4): Selected=0 / 3 choices
      Choice 1: inliners=22
      Choice 2: inliners=16
      Choice 3: inliners=32
    Pair (22-4): Selected=0 / 1 choices
      Choice 1: inliners=38
    Pair (27-4): Selected=0 / 1 choices
      Choice 1: inliners=39


--- GENERATION 110 BEST BREAKDOWN ---
  Total Fitness: 1821.09
  Inlier Reward: 1126.09
  Cycle Penalty: 0.00
  Overlap Penalty: 0.00
  Edge Residual Penalty: 0.00
  Edge Rot Residual Penalty: 0.00
  Connectivity Reward: 0.00
  Component Penalty: 0.00
  Consensus Support Reward: 695.00
  Largest Component: 27
  Num Components: 1
  Active Pairs: 26
  OverlapDiag Sum (indexed): 0.0000 (delta_vs_fitness=0.0000)
  OverlapDiag Pairs: total=325 same_comp=325 broad_reject=282 narrow_checked=325 active=2
  OverlapDiag Active Pairs: none

  --- ACTIVE GENE MAP ---
    Gene  2 (Pair  5- 1): choice=8 (inl=84)
    Gene  7 (Pair 10- 1): choice=2 (inl=65)
    Gene 14 (Pair 19- 1): choice=2 (inl=89)
    Gene 18 (Pair 23- 1): choice=1 (inl=43)
    Gene 19 (Pair 24- 1): choice=1 (inl=36)
    Gene 25 (Pair  9- 2): choice=2 (inl=36)
    Gene 29 (Pair 13- 2): choice=1 (inl=46)
    Gene 35 (Pair 25- 2): choice=2 (inl=26)
    Gene 36 (Pair 26- 2): choice=4 (inl=34)
    Gene 37 (Pair 27- 2): choice=1 (inl=30)
    Gene 42 (Pair  8- 3): choice=1 (inl=52)
    Gene 46 (Pair 12- 3): choice=1 (inl=48)
    Gene 47 (Pair 14- 3): choice=3 (inl=55)
    Gene 49 (Pair 16- 3): choice=1 (inl=64)
    Gene 50 (Pair 17- 3): choice=1 (inl=79)
    Gene 61 (Pair 11- 4): choice=1 (inl=57)
    Gene 67 (Pair 20- 4): choice=1 (inl=53)
    Gene 74 (Pair  9- 5): choice=5 (inl=74)
    Gene 92 (Pair 10- 6): choice=3 (inl=40)
    Gene 109 (Pair 11- 7): choice=1 (inl=107)
    Gene 112 (Pair 14- 7): choice=2 (inl=92)
    Gene 118 (Pair 22- 7): choice=1 (inl=30)
    Gene 153 (Pair 12-10): choice=2 (inl=68)
    Gene 160 (Pair 21-10): choice=1 (inl=70)
    Gene 176 (Pair 15-12): choice=3 (inl=38)
    Gene 178 (Pair 18-12): choice=4 (inl=72)

  --- SHARD 4 CANDIDATE ANALYSIS ---
    Pair (4-2): Selected=0 / 2 choices
      Choice 1: inliners=26
      Choice 2: inliners=2
    Pair (4-3): Selected=0 / 5 choices
      Choice 1: inliners=38
      Choice 2: inliners=46
      Choice 3: inliners=14
      Choice 4: inliners=32
      Choice 5: inliners=68
    Pair (5-4): Selected=0 / 2 choices
      Choice 1: inliners=48
      Choice 2: inliners=12
    Pair (6-4): Selected=0 / 2 choices
      Choice 1: inliners=24
      Choice 2: inliners=6
    Pair (7-4): Selected=0 / 2 choices
      Choice 1: inliners=36
      Choice 2: inliners=30
    Pair (8-4): Selected=0 / 4 choices
      Choice 1: inliners=28
      Choice 2: inliners=22
      Choice 3: inliners=44
      Choice 4: inliners=0
    Pair (11-4): Selected=1 / 1 choices
      Choice 1: inliners=57 [SELECTED]
    Pair (13-4): Selected=0 / 1 choices
      Choice 1: inliners=14
    Pair (14-4): Selected=0 / 2 choices
      Choice 1: inliners=48
      Choice 2: inliners=16
    Pair (16-4): Selected=0 / 1 choices
      Choice 1: inliners=32
    Pair (17-4): Selected=0 / 1 choices
      Choice 1: inliners=66
    Pair (19-4): Selected=0 / 4 choices
      Choice 1: inliners=32
      Choice 2: inliners=44
      Choice 3: inliners=26
      Choice 4: inliners=40
    Pair (20-4): Selected=1 / 1 choices
      Choice 1: inliners=53 [SELECTED]
    Pair (21-4): Selected=0 / 3 choices
      Choice 1: inliners=22
      Choice 2: inliners=16
      Choice 3: inliners=32
    Pair (22-4): Selected=0 / 1 choices
      Choice 1: inliners=38
    Pair (27-4): Selected=0 / 1 choices
      Choice 1: inliners=39


--- GENERATION 120 BEST BREAKDOWN ---
  Total Fitness: 2062.53
  Inlier Reward: 1054.11
  Cycle Penalty: 0.00
  Overlap Penalty: 0.00
  Edge Residual Penalty: 0.00
  Edge Rot Residual Penalty: 0.00
  Connectivity Reward: 0.00
  Component Penalty: 0.00
  Consensus Support Reward: 1008.42
  Largest Component: 27
  Num Components: 1
  Active Pairs: 26
  OverlapDiag Sum (indexed): 0.0000 (delta_vs_fitness=0.0000)
  OverlapDiag Pairs: total=325 same_comp=325 broad_reject=278 narrow_checked=325 active=1
  OverlapDiag Active Pairs: none

  --- ACTIVE GENE MAP ---
    Gene  2 (Pair  5- 1): choice=8 (inl=84)
    Gene  7 (Pair 10- 1): choice=2 (inl=65)
    Gene 14 (Pair 19- 1): choice=2 (inl=89)
    Gene 15 (Pair 20- 1): choice=2 (inl=38)
    Gene 18 (Pair 23- 1): choice=2 (inl=38)
    Gene 19 (Pair 24- 1): choice=1 (inl=36)
    Gene 22 (Pair  6- 2): choice=1 (inl=48)
    Gene 25 (Pair  9- 2): choice=2 (inl=36)
    Gene 29 (Pair 13- 2): choice=1 (inl=46)
    Gene 35 (Pair 25- 2): choice=2 (inl=26)
    Gene 36 (Pair 26- 2): choice=4 (inl=34)
    Gene 37 (Pair 27- 2): choice=1 (inl=30)
    Gene 42 (Pair  8- 3): choice=1 (inl=52)
    Gene 46 (Pair 12- 3): choice=1 (inl=48)
    Gene 47 (Pair 14- 3): choice=3 (inl=55)
    Gene 49 (Pair 16- 3): choice=1 (inl=64)
    Gene 50 (Pair 17- 3): choice=1 (inl=79)
    Gene 61 (Pair 11- 4): choice=1 (inl=57)
    Gene 67 (Pair 20- 4): choice=1 (inl=53)
    Gene 74 (Pair  9- 5): choice=5 (inl=74)
    Gene 106 (Pair  8- 7): choice=3 (inl=98)
    Gene 143 (Pair 15- 9): choice=1 (inl=28)
    Gene 160 (Pair 21-10): choice=1 (inl=70)
    Gene 176 (Pair 15-12): choice=3 (inl=38)
    Gene 178 (Pair 18-12): choice=4 (inl=72)
    Gene 206 (Pair 22-15): choice=2 (inl=54)

  --- SHARD 4 CANDIDATE ANALYSIS ---
    Pair (4-2): Selected=0 / 2 choices
      Choice 1: inliners=26
      Choice 2: inliners=2
    Pair (4-3): Selected=0 / 5 choices
      Choice 1: inliners=38
      Choice 2: inliners=46
      Choice 3: inliners=14
      Choice 4: inliners=32
      Choice 5: inliners=68
    Pair (5-4): Selected=0 / 2 choices
      Choice 1: inliners=48
      Choice 2: inliners=12
    Pair (6-4): Selected=0 / 2 choices
      Choice 1: inliners=24
      Choice 2: inliners=6
    Pair (7-4): Selected=0 / 2 choices
      Choice 1: inliners=36
      Choice 2: inliners=30
    Pair (8-4): Selected=0 / 4 choices
      Choice 1: inliners=28
      Choice 2: inliners=22
      Choice 3: inliners=44
      Choice 4: inliners=0
    Pair (11-4): Selected=1 / 1 choices
      Choice 1: inliners=57 [SELECTED]
    Pair (13-4): Selected=0 / 1 choices
      Choice 1: inliners=14
    Pair (14-4): Selected=0 / 2 choices
      Choice 1: inliners=48
      Choice 2: inliners=16
    Pair (16-4): Selected=0 / 1 choices
      Choice 1: inliners=32
    Pair (17-4): Selected=0 / 1 choices
      Choice 1: inliners=66
    Pair (19-4): Selected=0 / 4 choices
      Choice 1: inliners=32
      Choice 2: inliners=44
      Choice 3: inliners=26
      Choice 4: inliners=40
    Pair (20-4): Selected=1 / 1 choices
      Choice 1: inliners=53 [SELECTED]
    Pair (21-4): Selected=0 / 3 choices
      Choice 1: inliners=22
      Choice 2: inliners=16
      Choice 3: inliners=32
    Pair (22-4): Selected=0 / 1 choices
      Choice 1: inliners=38
    Pair (27-4): Selected=0 / 1 choices
      Choice 1: inliners=39


--- GENERATION 130 BEST BREAKDOWN ---
  Total Fitness: 2217.54
  Inlier Reward: 1101.89
  Cycle Penalty: 0.00
  Overlap Penalty: 0.00
  Edge Residual Penalty: 0.00
  Edge Rot Residual Penalty: 0.00
  Connectivity Reward: 0.00
  Component Penalty: 0.00
  Consensus Support Reward: 1115.65
  Largest Component: 27
  Num Components: 1
  Active Pairs: 26
  OverlapDiag Sum (indexed): 0.0000 (delta_vs_fitness=0.0000)
  OverlapDiag Pairs: total=325 same_comp=325 broad_reject=278 narrow_checked=325 active=1
  OverlapDiag Active Pairs: none

  --- ACTIVE GENE MAP ---
    Gene  2 (Pair  5- 1): choice=8 (inl=84)
    Gene  7 (Pair 10- 1): choice=2 (inl=65)
    Gene 14 (Pair 19- 1): choice=2 (inl=89)
    Gene 15 (Pair 20- 1): choice=2 (inl=38)
    Gene 18 (Pair 23- 1): choice=2 (inl=38)
    Gene 19 (Pair 24- 1): choice=1 (inl=36)
    Gene 25 (Pair  9- 2): choice=2 (inl=36)
    Gene 29 (Pair 13- 2): choice=1 (inl=46)
    Gene 35 (Pair 25- 2): choice=2 (inl=26)
    Gene 36 (Pair 26- 2): choice=4 (inl=34)
    Gene 42 (Pair  8- 3): choice=1 (inl=52)
    Gene 46 (Pair 12- 3): choice=1 (inl=48)
    Gene 47 (Pair 14- 3): choice=3 (inl=55)
    Gene 49 (Pair 16- 3): choice=1 (inl=64)
    Gene 50 (Pair 17- 3): choice=1 (inl=79)
    Gene 65 (Pair 17- 4): choice=1 (inl=66)
    Gene 74 (Pair  9- 5): choice=5 (inl=74)
    Gene 92 (Pair 10- 6): choice=4 (inl=32)
    Gene 106 (Pair  8- 7): choice=3 (inl=98)
    Gene 109 (Pair 11- 7): choice=1 (inl=107)
    Gene 143 (Pair 15- 9): choice=1 (inl=28)
    Gene 149 (Pair 22- 9): choice=1 (inl=55)
    Gene 160 (Pair 21-10): choice=1 (inl=70)
    Gene 176 (Pair 15-12): choice=3 (inl=38)
    Gene 178 (Pair 18-12): choice=4 (inl=72)
    Gene 214 (Pair 27-17): choice=1 (inl=30)

  --- SHARD 4 CANDIDATE ANALYSIS ---
    Pair (4-2): Selected=0 / 2 choices
      Choice 1: inliners=26
      Choice 2: inliners=2
    Pair (4-3): Selected=0 / 5 choices
      Choice 1: inliners=38
      Choice 2: inliners=46
      Choice 3: inliners=14
      Choice 4: inliners=32
      Choice 5: inliners=68
    Pair (5-4): Selected=0 / 2 choices
      Choice 1: inliners=48
      Choice 2: inliners=12
    Pair (6-4): Selected=0 / 2 choices
      Choice 1: inliners=24
      Choice 2: inliners=6
    Pair (7-4): Selected=0 / 2 choices
      Choice 1: inliners=36
      Choice 2: inliners=30
    Pair (8-4): Selected=0 / 4 choices
      Choice 1: inliners=28
      Choice 2: inliners=22
      Choice 3: inliners=44
      Choice 4: inliners=0
    Pair (11-4): Selected=0 / 1 choices
      Choice 1: inliners=57
    Pair (13-4): Selected=0 / 1 choices
      Choice 1: inliners=14
    Pair (14-4): Selected=0 / 2 choices
      Choice 1: inliners=48
      Choice 2: inliners=16
    Pair (16-4): Selected=0 / 1 choices
      Choice 1: inliners=32
    Pair (17-4): Selected=1 / 1 choices
      Choice 1: inliners=66 [SELECTED]
    Pair (19-4): Selected=0 / 4 choices
      Choice 1: inliners=32
      Choice 2: inliners=44
      Choice 3: inliners=26
      Choice 4: inliners=40
    Pair (20-4): Selected=0 / 1 choices
      Choice 1: inliners=53
    Pair (21-4): Selected=0 / 3 choices
      Choice 1: inliners=22
      Choice 2: inliners=16
      Choice 3: inliners=32
    Pair (22-4): Selected=0 / 1 choices
      Choice 1: inliners=38
    Pair (27-4): Selected=0 / 1 choices
      Choice 1: inliners=39


--- GENERATION 140 BEST BREAKDOWN ---
  Total Fitness: 2307.76
  Inlier Reward: 1033.27
  Cycle Penalty: 0.00
  Overlap Penalty: 0.00
  Edge Residual Penalty: 0.00
  Edge Rot Residual Penalty: 0.00
  Connectivity Reward: 0.00
  Component Penalty: 0.00
  Consensus Support Reward: 1274.49
  Largest Component: 27
  Num Components: 1
  Active Pairs: 26
  OverlapDiag Sum (indexed): 0.0000 (delta_vs_fitness=0.0000)
  OverlapDiag Pairs: total=325 same_comp=325 broad_reject=278 narrow_checked=325 active=1
  OverlapDiag Active Pairs: none

  --- ACTIVE GENE MAP ---
    Gene  2 (Pair  5- 1): choice=8 (inl=84)
    Gene  7 (Pair 10- 1): choice=2 (inl=65)
    Gene 15 (Pair 20- 1): choice=2 (inl=38)
    Gene 18 (Pair 23- 1): choice=2 (inl=38)
    Gene 19 (Pair 24- 1): choice=1 (inl=36)
    Gene 25 (Pair  9- 2): choice=2 (inl=36)
    Gene 29 (Pair 13- 2): choice=1 (inl=46)
    Gene 35 (Pair 25- 2): choice=2 (inl=26)
    Gene 36 (Pair 26- 2): choice=4 (inl=34)
    Gene 37 (Pair 27- 2): choice=1 (inl=30)
    Gene 42 (Pair  8- 3): choice=1 (inl=52)
    Gene 46 (Pair 12- 3): choice=1 (inl=48)
    Gene 47 (Pair 14- 3): choice=3 (inl=55)
    Gene 49 (Pair 16- 3): choice=1 (inl=64)
    Gene 50 (Pair 17- 3): choice=1 (inl=79)
    Gene 65 (Pair 17- 4): choice=1 (inl=66)
    Gene 74 (Pair  9- 5): choice=5 (inl=74)
    Gene 92 (Pair 10- 6): choice=4 (inl=32)
    Gene 107 (Pair  9- 7): choice=5 (inl=30)
    Gene 109 (Pair 11- 7): choice=1 (inl=107)
    Gene 143 (Pair 15- 9): choice=1 (inl=28)
    Gene 149 (Pair 22- 9): choice=1 (inl=55)
    Gene 160 (Pair 21-10): choice=1 (inl=70)
    Gene 176 (Pair 15-12): choice=3 (inl=38)
    Gene 203 (Pair 18-15): choice=1 (inl=58)
    Gene 223 (Pair 21-19): choice=1 (inl=80)

  --- SHARD 4 CANDIDATE ANALYSIS ---
    Pair (4-2): Selected=0 / 2 choices
      Choice 1: inliners=26
      Choice 2: inliners=2
    Pair (4-3): Selected=0 / 5 choices
      Choice 1: inliners=38
      Choice 2: inliners=46
      Choice 3: inliners=14
      Choice 4: inliners=32
      Choice 5: inliners=68
    Pair (5-4): Selected=0 / 2 choices
      Choice 1: inliners=48
      Choice 2: inliners=12
    Pair (6-4): Selected=0 / 2 choices
      Choice 1: inliners=24
      Choice 2: inliners=6
    Pair (7-4): Selected=0 / 2 choices
      Choice 1: inliners=36
      Choice 2: inliners=30
    Pair (8-4): Selected=0 / 4 choices
      Choice 1: inliners=28
      Choice 2: inliners=22
      Choice 3: inliners=44
      Choice 4: inliners=0
    Pair (11-4): Selected=0 / 1 choices
      Choice 1: inliners=57
    Pair (13-4): Selected=0 / 1 choices
      Choice 1: inliners=14
    Pair (14-4): Selected=0 / 2 choices
      Choice 1: inliners=48
      Choice 2: inliners=16
    Pair (16-4): Selected=0 / 1 choices
      Choice 1: inliners=32
    Pair (17-4): Selected=1 / 1 choices
      Choice 1: inliners=66 [SELECTED]
    Pair (19-4): Selected=0 / 4 choices
      Choice 1: inliners=32
      Choice 2: inliners=44
      Choice 3: inliners=26
      Choice 4: inliners=40
    Pair (20-4): Selected=0 / 1 choices
      Choice 1: inliners=53
    Pair (21-4): Selected=0 / 3 choices
      Choice 1: inliners=22
      Choice 2: inliners=16
      Choice 3: inliners=32
    Pair (22-4): Selected=0 / 1 choices
      Choice 1: inliners=38
    Pair (27-4): Selected=0 / 1 choices
      Choice 1: inliners=39


--- GENERATION 150 BEST BREAKDOWN ---
  Total Fitness: 2387.73
  Inlier Reward: 1028.55
  Cycle Penalty: 0.00
  Overlap Penalty: 0.00
  Edge Residual Penalty: 0.00
  Edge Rot Residual Penalty: 0.00
  Connectivity Reward: 0.00
  Component Penalty: 0.00
  Consensus Support Reward: 1359.18
  Largest Component: 27
  Num Components: 1
  Active Pairs: 26
  OverlapDiag Sum (indexed): 0.0000 (delta_vs_fitness=0.0000)
  OverlapDiag Pairs: total=325 same_comp=325 broad_reject=274 narrow_checked=325 active=1
  OverlapDiag Active Pairs: none

  --- ACTIVE GENE MAP ---
    Gene  2 (Pair  5- 1): choice=8 (inl=84)
    Gene  7 (Pair 10- 1): choice=2 (inl=65)
    Gene 14 (Pair 19- 1): choice=2 (inl=89)
    Gene 18 (Pair 23- 1): choice=2 (inl=38)
    Gene 19 (Pair 24- 1): choice=1 (inl=36)
    Gene 25 (Pair  9- 2): choice=2 (inl=36)
    Gene 29 (Pair 13- 2): choice=2 (inl=70)
    Gene 35 (Pair 25- 2): choice=2 (inl=26)
    Gene 36 (Pair 26- 2): choice=4 (inl=34)
    Gene 37 (Pair 27- 2): choice=1 (inl=30)
    Gene 42 (Pair  8- 3): choice=1 (inl=52)
    Gene 46 (Pair 12- 3): choice=1 (inl=48)
    Gene 47 (Pair 14- 3): choice=3 (inl=55)
    Gene 49 (Pair 16- 3): choice=1 (inl=64)
    Gene 50 (Pair 17- 3): choice=1 (inl=79)
    Gene 65 (Pair 17- 4): choice=1 (inl=66)
    Gene 67 (Pair 20- 4): choice=1 (inl=53)
    Gene 74 (Pair  9- 5): choice=5 (inl=74)
    Gene 76 (Pair 11- 5): choice=5 (inl=56)
    Gene 92 (Pair 10- 6): choice=4 (inl=32)
    Gene 107 (Pair  9- 7): choice=5 (inl=30)
    Gene 143 (Pair 15- 9): choice=1 (inl=28)
    Gene 149 (Pair 22- 9): choice=1 (inl=55)
    Gene 160 (Pair 21-10): choice=1 (inl=70)
    Gene 176 (Pair 15-12): choice=3 (inl=38)
    Gene 203 (Pair 18-15): choice=1 (inl=58)

  --- SHARD 4 CANDIDATE ANALYSIS ---
    Pair (4-2): Selected=0 / 2 choices
      Choice 1: inliners=26
      Choice 2: inliners=2
    Pair (4-3): Selected=0 / 5 choices
      Choice 1: inliners=38
      Choice 2: inliners=46
      Choice 3: inliners=14
      Choice 4: inliners=32
      Choice 5: inliners=68
    Pair (5-4): Selected=0 / 2 choices
      Choice 1: inliners=48
      Choice 2: inliners=12
    Pair (6-4): Selected=0 / 2 choices
      Choice 1: inliners=24
      Choice 2: inliners=6
    Pair (7-4): Selected=0 / 2 choices
      Choice 1: inliners=36
      Choice 2: inliners=30
    Pair (8-4): Selected=0 / 4 choices
      Choice 1: inliners=28
      Choice 2: inliners=22
      Choice 3: inliners=44
      Choice 4: inliners=0
    Pair (11-4): Selected=0 / 1 choices
      Choice 1: inliners=57
    Pair (13-4): Selected=0 / 1 choices
      Choice 1: inliners=14
    Pair (14-4): Selected=0 / 2 choices
      Choice 1: inliners=48
      Choice 2: inliners=16
    Pair (16-4): Selected=0 / 1 choices
      Choice 1: inliners=32
    Pair (17-4): Selected=1 / 1 choices
      Choice 1: inliners=66 [SELECTED]
    Pair (19-4): Selected=0 / 4 choices
      Choice 1: inliners=32
      Choice 2: inliners=44
      Choice 3: inliners=26
      Choice 4: inliners=40
    Pair (20-4): Selected=1 / 1 choices
      Choice 1: inliners=53 [SELECTED]
    Pair (21-4): Selected=0 / 3 choices
      Choice 1: inliners=22
      Choice 2: inliners=16
      Choice 3: inliners=32
    Pair (22-4): Selected=0 / 1 choices
      Choice 1: inliners=38
    Pair (27-4): Selected=0 / 1 choices
      Choice 1: inliners=39


--- GENERATION 160 BEST BREAKDOWN ---
  Total Fitness: 2439.93
  Inlier Reward: 1006.57
  Cycle Penalty: 0.00
  Overlap Penalty: 0.00
  Edge Residual Penalty: 0.00
  Edge Rot Residual Penalty: 0.00
  Connectivity Reward: 0.00
  Component Penalty: 0.00
  Consensus Support Reward: 1433.36
  Largest Component: 27
  Num Components: 1
  Active Pairs: 26
  OverlapDiag Sum (indexed): 0.0000 (delta_vs_fitness=0.0000)
  OverlapDiag Pairs: total=325 same_comp=325 broad_reject=275 narrow_checked=325 active=0
  OverlapDiag Active Pairs: none

  --- ACTIVE GENE MAP ---
    Gene  2 (Pair  5- 1): choice=8 (inl=84)
    Gene  7 (Pair 10- 1): choice=2 (inl=65)
    Gene 18 (Pair 23- 1): choice=2 (inl=38)
    Gene 19 (Pair 24- 1): choice=1 (inl=36)
    Gene 25 (Pair  9- 2): choice=2 (inl=36)
    Gene 35 (Pair 25- 2): choice=2 (inl=26)
    Gene 36 (Pair 26- 2): choice=4 (inl=34)
    Gene 42 (Pair  8- 3): choice=1 (inl=52)
    Gene 46 (Pair 12- 3): choice=1 (inl=48)
    Gene 47 (Pair 14- 3): choice=3 (inl=55)
    Gene 49 (Pair 16- 3): choice=1 (inl=64)
    Gene 50 (Pair 17- 3): choice=1 (inl=79)
    Gene 65 (Pair 17- 4): choice=1 (inl=66)
    Gene 67 (Pair 20- 4): choice=1 (inl=53)
    Gene 74 (Pair  9- 5): choice=5 (inl=74)
    Gene 76 (Pair 11- 5): choice=5 (inl=56)
    Gene 92 (Pair 10- 6): choice=4 (inl=32)
    Gene 107 (Pair  9- 7): choice=5 (inl=30)
    Gene 143 (Pair 15- 9): choice=1 (inl=28)
    Gene 149 (Pair 22- 9): choice=1 (inl=55)
    Gene 160 (Pair 21-10): choice=1 (inl=70)
    Gene 176 (Pair 15-12): choice=3 (inl=38)
    Gene 187 (Pair 18-13): choice=3 (inl=44)
    Gene 203 (Pair 18-15): choice=1 (inl=58)
    Gene 214 (Pair 27-17): choice=1 (inl=30)
    Gene 223 (Pair 21-19): choice=1 (inl=80)

  --- SHARD 4 CANDIDATE ANALYSIS ---
    Pair (4-2): Selected=0 / 2 choices
      Choice 1: inliners=26
      Choice 2: inliners=2
    Pair (4-3): Selected=0 / 5 choices
      Choice 1: inliners=38
      Choice 2: inliners=46
      Choice 3: inliners=14
      Choice 4: inliners=32
      Choice 5: inliners=68
    Pair (5-4): Selected=0 / 2 choices
      Choice 1: inliners=48
      Choice 2: inliners=12
    Pair (6-4): Selected=0 / 2 choices
      Choice 1: inliners=24
      Choice 2: inliners=6
    Pair (7-4): Selected=0 / 2 choices
      Choice 1: inliners=36
      Choice 2: inliners=30
    Pair (8-4): Selected=0 / 4 choices
      Choice 1: inliners=28
      Choice 2: inliners=22
      Choice 3: inliners=44
      Choice 4: inliners=0
    Pair (11-4): Selected=0 / 1 choices
      Choice 1: inliners=57
    Pair (13-4): Selected=0 / 1 choices
      Choice 1: inliners=14
    Pair (14-4): Selected=0 / 2 choices
      Choice 1: inliners=48
      Choice 2: inliners=16
    Pair (16-4): Selected=0 / 1 choices
      Choice 1: inliners=32
    Pair (17-4): Selected=1 / 1 choices
      Choice 1: inliners=66 [SELECTED]
    Pair (19-4): Selected=0 / 4 choices
      Choice 1: inliners=32
      Choice 2: inliners=44
      Choice 3: inliners=26
      Choice 4: inliners=40
    Pair (20-4): Selected=1 / 1 choices
      Choice 1: inliners=53 [SELECTED]
    Pair (21-4): Selected=0 / 3 choices
      Choice 1: inliners=22
      Choice 2: inliners=16
      Choice 3: inliners=32
    Pair (22-4): Selected=0 / 1 choices
      Choice 1: inliners=38
    Pair (27-4): Selected=0 / 1 choices
      Choice 1: inliners=39


--- GENERATION 170 BEST BREAKDOWN ---
  Total Fitness: 2475.36
  Inlier Reward: 981.26
  Cycle Penalty: 0.00
  Overlap Penalty: 0.00
  Edge Residual Penalty: 0.00
  Edge Rot Residual Penalty: 0.00
  Connectivity Reward: 0.00
  Component Penalty: 0.00
  Consensus Support Reward: 1494.11
  Largest Component: 27
  Num Components: 1
  Active Pairs: 26
  OverlapDiag Sum (indexed): 0.0000 (delta_vs_fitness=0.0000)
  OverlapDiag Pairs: total=325 same_comp=325 broad_reject=276 narrow_checked=325 active=0
  OverlapDiag Active Pairs: none

  --- ACTIVE GENE MAP ---
    Gene  7 (Pair 10- 1): choice=2 (inl=65)
    Gene 18 (Pair 23- 1): choice=2 (inl=38)
    Gene 19 (Pair 24- 1): choice=1 (inl=36)
    Gene 25 (Pair  9- 2): choice=2 (inl=36)
    Gene 35 (Pair 25- 2): choice=2 (inl=26)
    Gene 36 (Pair 26- 2): choice=4 (inl=34)
    Gene 42 (Pair  8- 3): choice=1 (inl=52)
    Gene 46 (Pair 12- 3): choice=1 (inl=48)
    Gene 47 (Pair 14- 3): choice=3 (inl=55)
    Gene 49 (Pair 16- 3): choice=1 (inl=64)
    Gene 50 (Pair 17- 3): choice=1 (inl=79)
    Gene 65 (Pair 17- 4): choice=1 (inl=66)
    Gene 67 (Pair 20- 4): choice=1 (inl=53)
    Gene 74 (Pair  9- 5): choice=5 (inl=74)
    Gene 76 (Pair 11- 5): choice=5 (inl=56)
    Gene 92 (Pair 10- 6): choice=4 (inl=32)
    Gene 107 (Pair  9- 7): choice=5 (inl=30)
    Gene 143 (Pair 15- 9): choice=1 (inl=28)
    Gene 149 (Pair 22- 9): choice=1 (inl=55)
    Gene 151 (Pair 24- 9): choice=1 (inl=51)
    Gene 160 (Pair 21-10): choice=1 (inl=70)
    Gene 176 (Pair 15-12): choice=3 (inl=38)
    Gene 187 (Pair 18-13): choice=3 (inl=44)
    Gene 203 (Pair 18-15): choice=1 (inl=58)
    Gene 214 (Pair 27-17): choice=1 (inl=30)
    Gene 223 (Pair 21-19): choice=1 (inl=80)

  --- SHARD 4 CANDIDATE ANALYSIS ---
    Pair (4-2): Selected=0 / 2 choices
      Choice 1: inliners=26
      Choice 2: inliners=2
    Pair (4-3): Selected=0 / 5 choices
      Choice 1: inliners=38
      Choice 2: inliners=46
      Choice 3: inliners=14
      Choice 4: inliners=32
      Choice 5: inliners=68
    Pair (5-4): Selected=0 / 2 choices
      Choice 1: inliners=48
      Choice 2: inliners=12
    Pair (6-4): Selected=0 / 2 choices
      Choice 1: inliners=24
      Choice 2: inliners=6
    Pair (7-4): Selected=0 / 2 choices
      Choice 1: inliners=36
      Choice 2: inliners=30
    Pair (8-4): Selected=0 / 4 choices
      Choice 1: inliners=28
      Choice 2: inliners=22
      Choice 3: inliners=44
      Choice 4: inliners=0
    Pair (11-4): Selected=0 / 1 choices
      Choice 1: inliners=57
    Pair (13-4): Selected=0 / 1 choices
      Choice 1: inliners=14
    Pair (14-4): Selected=0 / 2 choices
      Choice 1: inliners=48
      Choice 2: inliners=16
    Pair (16-4): Selected=0 / 1 choices
      Choice 1: inliners=32
    Pair (17-4): Selected=1 / 1 choices
      Choice 1: inliners=66 [SELECTED]
    Pair (19-4): Selected=0 / 4 choices
      Choice 1: inliners=32
      Choice 2: inliners=44
      Choice 3: inliners=26
      Choice 4: inliners=40
    Pair (20-4): Selected=1 / 1 choices
      Choice 1: inliners=53 [SELECTED]
    Pair (21-4): Selected=0 / 3 choices
      Choice 1: inliners=22
      Choice 2: inliners=16
      Choice 3: inliners=32
    Pair (22-4): Selected=0 / 1 choices
      Choice 1: inliners=38
    Pair (27-4): Selected=0 / 1 choices
      Choice 1: inliners=39


--- GENERATION 180 BEST BREAKDOWN ---
  Total Fitness: 2519.13
  Inlier Reward: 956.58
  Cycle Penalty: 0.00
  Overlap Penalty: 0.00
  Edge Residual Penalty: 0.00
  Edge Rot Residual Penalty: 0.00
  Connectivity Reward: 0.00
  Component Penalty: 0.00
  Consensus Support Reward: 1562.55
  Largest Component: 27
  Num Components: 1
  Active Pairs: 26
  OverlapDiag Sum (indexed): 0.0000 (delta_vs_fitness=0.0000)
  OverlapDiag Pairs: total=325 same_comp=325 broad_reject=274 narrow_checked=325 active=0
  OverlapDiag Active Pairs: none

  --- ACTIVE GENE MAP ---
    Gene  7 (Pair 10- 1): choice=2 (inl=65)
    Gene 18 (Pair 23- 1): choice=2 (inl=38)
    Gene 19 (Pair 24- 1): choice=1 (inl=36)
    Gene 25 (Pair  9- 2): choice=2 (inl=36)
    Gene 35 (Pair 25- 2): choice=2 (inl=26)
    Gene 36 (Pair 26- 2): choice=4 (inl=34)
    Gene 42 (Pair  8- 3): choice=1 (inl=52)
    Gene 46 (Pair 12- 3): choice=1 (inl=48)
    Gene 47 (Pair 14- 3): choice=3 (inl=55)
    Gene 49 (Pair 16- 3): choice=1 (inl=64)
    Gene 65 (Pair 17- 4): choice=1 (inl=66)
    Gene 67 (Pair 20- 4): choice=1 (inl=53)
    Gene 74 (Pair  9- 5): choice=5 (inl=74)
    Gene 76 (Pair 11- 5): choice=5 (inl=56)
    Gene 92 (Pair 10- 6): choice=4 (inl=32)
    Gene 107 (Pair  9- 7): choice=5 (inl=30)
    Gene 143 (Pair 15- 9): choice=1 (inl=28)
    Gene 149 (Pair 22- 9): choice=1 (inl=55)
    Gene 151 (Pair 24- 9): choice=1 (inl=51)
    Gene 160 (Pair 21-10): choice=1 (inl=70)
    Gene 176 (Pair 15-12): choice=3 (inl=38)
    Gene 187 (Pair 18-13): choice=3 (inl=44)
    Gene 203 (Pair 18-15): choice=1 (inl=58)
    Gene 214 (Pair 27-17): choice=1 (inl=30)
    Gene 222 (Pair 20-19): choice=2 (inl=42)
    Gene 223 (Pair 21-19): choice=1 (inl=80)

  --- SHARD 4 CANDIDATE ANALYSIS ---
    Pair (4-2): Selected=0 / 2 choices
      Choice 1: inliners=26
      Choice 2: inliners=2
    Pair (4-3): Selected=0 / 5 choices
      Choice 1: inliners=38
      Choice 2: inliners=46
      Choice 3: inliners=14
      Choice 4: inliners=32
      Choice 5: inliners=68
    Pair (5-4): Selected=0 / 2 choices
      Choice 1: inliners=48
      Choice 2: inliners=12
    Pair (6-4): Selected=0 / 2 choices
      Choice 1: inliners=24
      Choice 2: inliners=6
    Pair (7-4): Selected=0 / 2 choices
      Choice 1: inliners=36
      Choice 2: inliners=30
    Pair (8-4): Selected=0 / 4 choices
      Choice 1: inliners=28
      Choice 2: inliners=22
      Choice 3: inliners=44
      Choice 4: inliners=0
    Pair (11-4): Selected=0 / 1 choices
      Choice 1: inliners=57
    Pair (13-4): Selected=0 / 1 choices
      Choice 1: inliners=14
    Pair (14-4): Selected=0 / 2 choices
      Choice 1: inliners=48
      Choice 2: inliners=16
    Pair (16-4): Selected=0 / 1 choices
      Choice 1: inliners=32
    Pair (17-4): Selected=1 / 1 choices
      Choice 1: inliners=66 [SELECTED]
    Pair (19-4): Selected=0 / 4 choices
      Choice 1: inliners=32
      Choice 2: inliners=44
      Choice 3: inliners=26
      Choice 4: inliners=40
    Pair (20-4): Selected=1 / 1 choices
      Choice 1: inliners=53 [SELECTED]
    Pair (21-4): Selected=0 / 3 choices
      Choice 1: inliners=22
      Choice 2: inliners=16
      Choice 3: inliners=32
    Pair (22-4): Selected=0 / 1 choices
      Choice 1: inliners=38
    Pair (27-4): Selected=0 / 1 choices
      Choice 1: inliners=39


--- GENERATION 190 BEST BREAKDOWN ---
  Total Fitness: 2525.23
  Inlier Reward: 962.68
  Cycle Penalty: 0.00
  Overlap Penalty: 0.00
  Edge Residual Penalty: 0.00
  Edge Rot Residual Penalty: 0.00
  Connectivity Reward: 0.00
  Component Penalty: 0.00
  Consensus Support Reward: 1562.55
  Largest Component: 27
  Num Components: 1
  Active Pairs: 26
  OverlapDiag Sum (indexed): 0.0000 (delta_vs_fitness=0.0000)
  OverlapDiag Pairs: total=325 same_comp=325 broad_reject=274 narrow_checked=325 active=0
  OverlapDiag Active Pairs: none

  --- ACTIVE GENE MAP ---
    Gene  7 (Pair 10- 1): choice=2 (inl=65)
    Gene 18 (Pair 23- 1): choice=2 (inl=38)
    Gene 19 (Pair 24- 1): choice=1 (inl=36)
    Gene 25 (Pair  9- 2): choice=2 (inl=36)
    Gene 35 (Pair 25- 2): choice=2 (inl=26)
    Gene 36 (Pair 26- 2): choice=4 (inl=34)
    Gene 42 (Pair  8- 3): choice=1 (inl=52)
    Gene 46 (Pair 12- 3): choice=1 (inl=48)
    Gene 47 (Pair 14- 3): choice=3 (inl=55)
    Gene 49 (Pair 16- 3): choice=1 (inl=64)
    Gene 65 (Pair 17- 4): choice=1 (inl=66)
    Gene 67 (Pair 20- 4): choice=1 (inl=53)
    Gene 74 (Pair  9- 5): choice=5 (inl=74)
    Gene 76 (Pair 11- 5): choice=5 (inl=56)
    Gene 92 (Pair 10- 6): choice=4 (inl=32)
    Gene 107 (Pair  9- 7): choice=5 (inl=30)
    Gene 143 (Pair 15- 9): choice=1 (inl=28)
    Gene 149 (Pair 22- 9): choice=1 (inl=55)
    Gene 151 (Pair 24- 9): choice=1 (inl=51)
    Gene 160 (Pair 21-10): choice=1 (inl=70)
    Gene 173 (Pair 27-11): choice=1 (inl=39)
    Gene 176 (Pair 15-12): choice=3 (inl=38)
    Gene 187 (Pair 18-13): choice=3 (inl=44)
    Gene 203 (Pair 18-15): choice=1 (inl=58)
    Gene 222 (Pair 20-19): choice=2 (inl=42)
    Gene 223 (Pair 21-19): choice=1 (inl=80)

  --- SHARD 4 CANDIDATE ANALYSIS ---
    Pair (4-2): Selected=0 / 2 choices
      Choice 1: inliners=26
      Choice 2: inliners=2
    Pair (4-3): Selected=0 / 5 choices
      Choice 1: inliners=38
      Choice 2: inliners=46
      Choice 3: inliners=14
      Choice 4: inliners=32
      Choice 5: inliners=68
    Pair (5-4): Selected=0 / 2 choices
      Choice 1: inliners=48
      Choice 2: inliners=12
    Pair (6-4): Selected=0 / 2 choices
      Choice 1: inliners=24
      Choice 2: inliners=6
    Pair (7-4): Selected=0 / 2 choices
      Choice 1: inliners=36
      Choice 2: inliners=30
    Pair (8-4): Selected=0 / 4 choices
      Choice 1: inliners=28
      Choice 2: inliners=22
      Choice 3: inliners=44
      Choice 4: inliners=0
    Pair (11-4): Selected=0 / 1 choices
      Choice 1: inliners=57
    Pair (13-4): Selected=0 / 1 choices
      Choice 1: inliners=14
    Pair (14-4): Selected=0 / 2 choices
      Choice 1: inliners=48
      Choice 2: inliners=16
    Pair (16-4): Selected=0 / 1 choices
      Choice 1: inliners=32
    Pair (17-4): Selected=1 / 1 choices
      Choice 1: inliners=66 [SELECTED]
    Pair (19-4): Selected=0 / 4 choices
      Choice 1: inliners=32
      Choice 2: inliners=44
      Choice 3: inliners=26
      Choice 4: inliners=40
    Pair (20-4): Selected=1 / 1 choices
      Choice 1: inliners=53 [SELECTED]
    Pair (21-4): Selected=0 / 3 choices
      Choice 1: inliners=22
      Choice 2: inliners=16
      Choice 3: inliners=32
    Pair (22-4): Selected=0 / 1 choices
      Choice 1: inliners=38
    Pair (27-4): Selected=0 / 1 choices
      Choice 1: inliners=39


--- GENERATION 200 BEST BREAKDOWN ---
  Total Fitness: 2590.51
  Inlier Reward: 953.28
  Cycle Penalty: 0.00
  Overlap Penalty: 0.00
  Edge Residual Penalty: 0.00
  Edge Rot Residual Penalty: 0.00
  Connectivity Reward: 0.00
  Component Penalty: 0.00
  Consensus Support Reward: 1637.24
  Largest Component: 27
  Num Components: 1
  Active Pairs: 26
  OverlapDiag Sum (indexed): 0.0000 (delta_vs_fitness=0.0000)
  OverlapDiag Pairs: total=325 same_comp=325 broad_reject=275 narrow_checked=325 active=0
  OverlapDiag Active Pairs: none

  --- ACTIVE GENE MAP ---
    Gene  7 (Pair 10- 1): choice=2 (inl=65)
    Gene 18 (Pair 23- 1): choice=2 (inl=38)
    Gene 19 (Pair 24- 1): choice=1 (inl=36)
    Gene 25 (Pair  9- 2): choice=2 (inl=36)
    Gene 35 (Pair 25- 2): choice=2 (inl=26)
    Gene 36 (Pair 26- 2): choice=4 (inl=34)
    Gene 42 (Pair  8- 3): choice=1 (inl=52)
    Gene 46 (Pair 12- 3): choice=1 (inl=48)
    Gene 47 (Pair 14- 3): choice=3 (inl=55)
    Gene 49 (Pair 16- 3): choice=1 (inl=64)
    Gene 50 (Pair 17- 3): choice=1 (inl=79)
    Gene 67 (Pair 20- 4): choice=1 (inl=53)
    Gene 74 (Pair  9- 5): choice=5 (inl=74)
    Gene 76 (Pair 11- 5): choice=5 (inl=56)
    Gene 92 (Pair 10- 6): choice=4 (inl=32)
    Gene 94 (Pair 12- 6): choice=3 (inl=26)
    Gene 107 (Pair  9- 7): choice=5 (inl=30)
    Gene 143 (Pair 15- 9): choice=1 (inl=28)
    Gene 149 (Pair 22- 9): choice=1 (inl=55)
    Gene 151 (Pair 24- 9): choice=1 (inl=51)
    Gene 160 (Pair 21-10): choice=1 (inl=70)
    Gene 173 (Pair 27-11): choice=1 (inl=39)
    Gene 187 (Pair 18-13): choice=3 (inl=44)
    Gene 203 (Pair 18-15): choice=1 (inl=58)
    Gene 222 (Pair 20-19): choice=2 (inl=42)
    Gene 223 (Pair 21-19): choice=1 (inl=80)

  --- SHARD 4 CANDIDATE ANALYSIS ---
    Pair (4-2): Selected=0 / 2 choices
      Choice 1: inliners=26
      Choice 2: inliners=2
    Pair (4-3): Selected=0 / 5 choices
      Choice 1: inliners=38
      Choice 2: inliners=46
      Choice 3: inliners=14
      Choice 4: inliners=32
      Choice 5: inliners=68
    Pair (5-4): Selected=0 / 2 choices
      Choice 1: inliners=48
      Choice 2: inliners=12
    Pair (6-4): Selected=0 / 2 choices
      Choice 1: inliners=24
      Choice 2: inliners=6
    Pair (7-4): Selected=0 / 2 choices
      Choice 1: inliners=36
      Choice 2: inliners=30
    Pair (8-4): Selected=0 / 4 choices
      Choice 1: inliners=28
      Choice 2: inliners=22
      Choice 3: inliners=44
      Choice 4: inliners=0
    Pair (11-4): Selected=0 / 1 choices
      Choice 1: inliners=57
    Pair (13-4): Selected=0 / 1 choices
      Choice 1: inliners=14
    Pair (14-4): Selected=0 / 2 choices
      Choice 1: inliners=48
      Choice 2: inliners=16
    Pair (16-4): Selected=0 / 1 choices
      Choice 1: inliners=32
    Pair (17-4): Selected=0 / 1 choices
      Choice 1: inliners=66
    Pair (19-4): Selected=0 / 4 choices
      Choice 1: inliners=32
      Choice 2: inliners=44
      Choice 3: inliners=26
      Choice 4: inliners=40
    Pair (20-4): Selected=1 / 1 choices
      Choice 1: inliners=53 [SELECTED]
    Pair (21-4): Selected=0 / 3 choices
      Choice 1: inliners=22
      Choice 2: inliners=16
      Choice 3: inliners=32
    Pair (22-4): Selected=0 / 1 choices
      Choice 1: inliners=38
    Pair (27-4): Selected=0 / 1 choices
      Choice 1: inliners=39


--- GENERATION 210 BEST BREAKDOWN ---
  Total Fitness: 2592.87
  Inlier Reward: 955.64
  Cycle Penalty: 0.00
  Overlap Penalty: 0.00
  Edge Residual Penalty: 0.00
  Edge Rot Residual Penalty: 0.00
  Connectivity Reward: 0.00
  Component Penalty: 0.00
  Consensus Support Reward: 1637.24
  Largest Component: 27
  Num Components: 1
  Active Pairs: 26
  OverlapDiag Sum (indexed): 0.0000 (delta_vs_fitness=0.0000)
  OverlapDiag Pairs: total=325 same_comp=325 broad_reject=276 narrow_checked=325 active=0
  OverlapDiag Active Pairs: none

  --- ACTIVE GENE MAP ---
    Gene  7 (Pair 10- 1): choice=2 (inl=65)
    Gene 18 (Pair 23- 1): choice=2 (inl=38)
    Gene 19 (Pair 24- 1): choice=1 (inl=36)
    Gene 25 (Pair  9- 2): choice=2 (inl=36)
    Gene 35 (Pair 25- 2): choice=2 (inl=26)
    Gene 36 (Pair 26- 2): choice=4 (inl=34)
    Gene 42 (Pair  8- 3): choice=1 (inl=52)
    Gene 46 (Pair 12- 3): choice=1 (inl=48)
    Gene 47 (Pair 14- 3): choice=3 (inl=55)
    Gene 49 (Pair 16- 3): choice=1 (inl=64)
    Gene 50 (Pair 17- 3): choice=1 (inl=79)
    Gene 67 (Pair 20- 4): choice=1 (inl=53)
    Gene 70 (Pair 27- 4): choice=1 (inl=39)
    Gene 74 (Pair  9- 5): choice=5 (inl=74)
    Gene 76 (Pair 11- 5): choice=5 (inl=56)
    Gene 92 (Pair 10- 6): choice=4 (inl=32)
    Gene 94 (Pair 12- 6): choice=3 (inl=26)
    Gene 107 (Pair  9- 7): choice=5 (inl=30)
    Gene 143 (Pair 15- 9): choice=1 (inl=28)
    Gene 149 (Pair 22- 9): choice=1 (inl=55)
    Gene 151 (Pair 24- 9): choice=1 (inl=51)
    Gene 160 (Pair 21-10): choice=1 (inl=70)
    Gene 187 (Pair 18-13): choice=3 (inl=44)
    Gene 203 (Pair 18-15): choice=1 (inl=58)
    Gene 222 (Pair 20-19): choice=2 (inl=42)
    Gene 223 (Pair 21-19): choice=1 (inl=80)

  --- SHARD 4 CANDIDATE ANALYSIS ---
    Pair (4-2): Selected=0 / 2 choices
      Choice 1: inliners=26
      Choice 2: inliners=2
    Pair (4-3): Selected=0 / 5 choices
      Choice 1: inliners=38
      Choice 2: inliners=46
      Choice 3: inliners=14
      Choice 4: inliners=32
      Choice 5: inliners=68
    Pair (5-4): Selected=0 / 2 choices
      Choice 1: inliners=48
      Choice 2: inliners=12
    Pair (6-4): Selected=0 / 2 choices
      Choice 1: inliners=24
      Choice 2: inliners=6
    Pair (7-4): Selected=0 / 2 choices
      Choice 1: inliners=36
      Choice 2: inliners=30
    Pair (8-4): Selected=0 / 4 choices
      Choice 1: inliners=28
      Choice 2: inliners=22
      Choice 3: inliners=44
      Choice 4: inliners=0
    Pair (11-4): Selected=0 / 1 choices
      Choice 1: inliners=57
    Pair (13-4): Selected=0 / 1 choices
      Choice 1: inliners=14
    Pair (14-4): Selected=0 / 2 choices
      Choice 1: inliners=48
      Choice 2: inliners=16
    Pair (16-4): Selected=0 / 1 choices
      Choice 1: inliners=32
    Pair (17-4): Selected=0 / 1 choices
      Choice 1: inliners=66
    Pair (19-4): Selected=0 / 4 choices
      Choice 1: inliners=32
      Choice 2: inliners=44
      Choice 3: inliners=26
      Choice 4: inliners=40
    Pair (20-4): Selected=1 / 1 choices
      Choice 1: inliners=53 [SELECTED]
    Pair (21-4): Selected=0 / 3 choices
      Choice 1: inliners=22
      Choice 2: inliners=16
      Choice 3: inliners=32
    Pair (22-4): Selected=0 / 1 choices
      Choice 1: inliners=38
    Pair (27-4): Selected=1 / 1 choices
      Choice 1: inliners=39 [SELECTED]


--- GENERATION 220 BEST BREAKDOWN ---
  Total Fitness: 2649.50
  Inlier Reward: 915.19
  Cycle Penalty: 0.00
  Overlap Penalty: 0.00
  Edge Residual Penalty: 0.00
  Edge Rot Residual Penalty: 0.00
  Connectivity Reward: 0.00
  Component Penalty: 0.00
  Consensus Support Reward: 1734.31
  Largest Component: 27
  Num Components: 1
  Active Pairs: 26
  OverlapDiag Sum (indexed): 0.0000 (delta_vs_fitness=0.0000)
  OverlapDiag Pairs: total=325 same_comp=325 broad_reject=276 narrow_checked=325 active=0
  OverlapDiag Active Pairs: none

  --- ACTIVE GENE MAP ---
    Gene  7 (Pair 10- 1): choice=2 (inl=65)
    Gene 18 (Pair 23- 1): choice=2 (inl=38)
    Gene 19 (Pair 24- 1): choice=1 (inl=36)
    Gene 25 (Pair  9- 2): choice=2 (inl=36)
    Gene 35 (Pair 25- 2): choice=2 (inl=26)
    Gene 36 (Pair 26- 2): choice=4 (inl=34)
    Gene 42 (Pair  8- 3): choice=1 (inl=52)
    Gene 46 (Pair 12- 3): choice=1 (inl=48)
    Gene 47 (Pair 14- 3): choice=3 (inl=55)
    Gene 49 (Pair 16- 3): choice=1 (inl=64)
    Gene 67 (Pair 20- 4): choice=1 (inl=53)
    Gene 70 (Pair 27- 4): choice=1 (inl=39)
    Gene 74 (Pair  9- 5): choice=5 (inl=74)
    Gene 76 (Pair 11- 5): choice=5 (inl=56)
    Gene 92 (Pair 10- 6): choice=4 (inl=32)
    Gene 94 (Pair 12- 6): choice=3 (inl=26)
    Gene 107 (Pair  9- 7): choice=5 (inl=30)
    Gene 143 (Pair 15- 9): choice=1 (inl=28)
    Gene 149 (Pair 22- 9): choice=1 (inl=55)
    Gene 151 (Pair 24- 9): choice=1 (inl=51)
    Gene 160 (Pair 21-10): choice=1 (inl=70)
    Gene 187 (Pair 18-13): choice=3 (inl=44)
    Gene 194 (Pair 17-14): choice=1 (inl=26)
    Gene 203 (Pair 18-15): choice=1 (inl=58)
    Gene 222 (Pair 20-19): choice=2 (inl=42)
    Gene 223 (Pair 21-19): choice=1 (inl=80)

  --- SHARD 4 CANDIDATE ANALYSIS ---
    Pair (4-2): Selected=0 / 2 choices
      Choice 1: inliners=26
      Choice 2: inliners=2
    Pair (4-3): Selected=0 / 5 choices
      Choice 1: inliners=38
      Choice 2: inliners=46
      Choice 3: inliners=14
      Choice 4: inliners=32
      Choice 5: inliners=68
    Pair (5-4): Selected=0 / 2 choices
      Choice 1: inliners=48
      Choice 2: inliners=12
    Pair (6-4): Selected=0 / 2 choices
      Choice 1: inliners=24
      Choice 2: inliners=6
    Pair (7-4): Selected=0 / 2 choices
      Choice 1: inliners=36
      Choice 2: inliners=30
    Pair (8-4): Selected=0 / 4 choices
      Choice 1: inliners=28
      Choice 2: inliners=22
      Choice 3: inliners=44
      Choice 4: inliners=0
    Pair (11-4): Selected=0 / 1 choices
      Choice 1: inliners=57
    Pair (13-4): Selected=0 / 1 choices
      Choice 1: inliners=14
    Pair (14-4): Selected=0 / 2 choices
      Choice 1: inliners=48
      Choice 2: inliners=16
    Pair (16-4): Selected=0 / 1 choices
      Choice 1: inliners=32
    Pair (17-4): Selected=0 / 1 choices
      Choice 1: inliners=66
    Pair (19-4): Selected=0 / 4 choices
      Choice 1: inliners=32
      Choice 2: inliners=44
      Choice 3: inliners=26
      Choice 4: inliners=40
    Pair (20-4): Selected=1 / 1 choices
      Choice 1: inliners=53 [SELECTED]
    Pair (21-4): Selected=0 / 3 choices
      Choice 1: inliners=22
      Choice 2: inliners=16
      Choice 3: inliners=32
    Pair (22-4): Selected=0 / 1 choices
      Choice 1: inliners=38
    Pair (27-4): Selected=1 / 1 choices
      Choice 1: inliners=39 [SELECTED]


--- GENERATION 230 BEST BREAKDOWN ---
  Total Fitness: 2649.50
  Inlier Reward: 915.19
  Cycle Penalty: 0.00
  Overlap Penalty: 0.00
  Edge Residual Penalty: 0.00
  Edge Rot Residual Penalty: 0.00
  Connectivity Reward: 0.00
  Component Penalty: 0.00
  Consensus Support Reward: 1734.31
  Largest Component: 27
  Num Components: 1
  Active Pairs: 26
  OverlapDiag Sum (indexed): 0.0000 (delta_vs_fitness=0.0000)
  OverlapDiag Pairs: total=325 same_comp=325 broad_reject=276 narrow_checked=325 active=0
  OverlapDiag Active Pairs: none

  --- ACTIVE GENE MAP ---
    Gene  7 (Pair 10- 1): choice=2 (inl=65)
    Gene 18 (Pair 23- 1): choice=2 (inl=38)
    Gene 19 (Pair 24- 1): choice=1 (inl=36)
    Gene 25 (Pair  9- 2): choice=2 (inl=36)
    Gene 35 (Pair 25- 2): choice=2 (inl=26)
    Gene 36 (Pair 26- 2): choice=4 (inl=34)
    Gene 42 (Pair  8- 3): choice=1 (inl=52)
    Gene 46 (Pair 12- 3): choice=1 (inl=48)
    Gene 47 (Pair 14- 3): choice=3 (inl=55)
    Gene 49 (Pair 16- 3): choice=1 (inl=64)
    Gene 67 (Pair 20- 4): choice=1 (inl=53)
    Gene 70 (Pair 27- 4): choice=1 (inl=39)
    Gene 74 (Pair  9- 5): choice=5 (inl=74)
    Gene 76 (Pair 11- 5): choice=5 (inl=56)
    Gene 92 (Pair 10- 6): choice=4 (inl=32)
    Gene 94 (Pair 12- 6): choice=3 (inl=26)
    Gene 107 (Pair  9- 7): choice=5 (inl=30)
    Gene 143 (Pair 15- 9): choice=1 (inl=28)
    Gene 149 (Pair 22- 9): choice=1 (inl=55)
    Gene 151 (Pair 24- 9): choice=1 (inl=51)
    Gene 160 (Pair 21-10): choice=1 (inl=70)
    Gene 187 (Pair 18-13): choice=3 (inl=44)
    Gene 194 (Pair 17-14): choice=1 (inl=26)
    Gene 203 (Pair 18-15): choice=1 (inl=58)
    Gene 222 (Pair 20-19): choice=2 (inl=42)
    Gene 223 (Pair 21-19): choice=1 (inl=80)

  --- SHARD 4 CANDIDATE ANALYSIS ---
    Pair (4-2): Selected=0 / 2 choices
      Choice 1: inliners=26
      Choice 2: inliners=2
    Pair (4-3): Selected=0 / 5 choices
      Choice 1: inliners=38
      Choice 2: inliners=46
      Choice 3: inliners=14
      Choice 4: inliners=32
      Choice 5: inliners=68
    Pair (5-4): Selected=0 / 2 choices
      Choice 1: inliners=48
      Choice 2: inliners=12
    Pair (6-4): Selected=0 / 2 choices
      Choice 1: inliners=24
      Choice 2: inliners=6
    Pair (7-4): Selected=0 / 2 choices
      Choice 1: inliners=36
      Choice 2: inliners=30
    Pair (8-4): Selected=0 / 4 choices
      Choice 1: inliners=28
      Choice 2: inliners=22
      Choice 3: inliners=44
      Choice 4: inliners=0
    Pair (11-4): Selected=0 / 1 choices
      Choice 1: inliners=57
    Pair (13-4): Selected=0 / 1 choices
      Choice 1: inliners=14
    Pair (14-4): Selected=0 / 2 choices
      Choice 1: inliners=48
      Choice 2: inliners=16
    Pair (16-4): Selected=0 / 1 choices
      Choice 1: inliners=32
    Pair (17-4): Selected=0 / 1 choices
      Choice 1: inliners=66
    Pair (19-4): Selected=0 / 4 choices
      Choice 1: inliners=32
      Choice 2: inliners=44
      Choice 3: inliners=26
      Choice 4: inliners=40
    Pair (20-4): Selected=1 / 1 choices
      Choice 1: inliners=53 [SELECTED]
    Pair (21-4): Selected=0 / 3 choices
      Choice 1: inliners=22
      Choice 2: inliners=16
      Choice 3: inliners=32
    Pair (22-4): Selected=0 / 1 choices
      Choice 1: inliners=38
    Pair (27-4): Selected=1 / 1 choices
      Choice 1: inliners=39 [SELECTED]


--- GENERATION 240 BEST BREAKDOWN ---
  Total Fitness: 2649.50
  Inlier Reward: 915.19
  Cycle Penalty: 0.00
  Overlap Penalty: 0.00
  Edge Residual Penalty: 0.00
  Edge Rot Residual Penalty: 0.00
  Connectivity Reward: 0.00
  Component Penalty: 0.00
  Consensus Support Reward: 1734.31
  Largest Component: 27
  Num Components: 1
  Active Pairs: 26
  OverlapDiag Sum (indexed): 0.0000 (delta_vs_fitness=0.0000)
  OverlapDiag Pairs: total=325 same_comp=325 broad_reject=276 narrow_checked=325 active=0
  OverlapDiag Active Pairs: none

  --- ACTIVE GENE MAP ---
    Gene  7 (Pair 10- 1): choice=2 (inl=65)
    Gene 18 (Pair 23- 1): choice=2 (inl=38)
    Gene 19 (Pair 24- 1): choice=1 (inl=36)
    Gene 25 (Pair  9- 2): choice=2 (inl=36)
    Gene 35 (Pair 25- 2): choice=2 (inl=26)
    Gene 36 (Pair 26- 2): choice=4 (inl=34)
    Gene 42 (Pair  8- 3): choice=1 (inl=52)
    Gene 46 (Pair 12- 3): choice=1 (inl=48)
    Gene 47 (Pair 14- 3): choice=3 (inl=55)
    Gene 49 (Pair 16- 3): choice=1 (inl=64)
    Gene 67 (Pair 20- 4): choice=1 (inl=53)
    Gene 70 (Pair 27- 4): choice=1 (inl=39)
    Gene 74 (Pair  9- 5): choice=5 (inl=74)
    Gene 76 (Pair 11- 5): choice=5 (inl=56)
    Gene 92 (Pair 10- 6): choice=4 (inl=32)
    Gene 94 (Pair 12- 6): choice=3 (inl=26)
    Gene 107 (Pair  9- 7): choice=5 (inl=30)
    Gene 143 (Pair 15- 9): choice=1 (inl=28)
    Gene 149 (Pair 22- 9): choice=1 (inl=55)
    Gene 151 (Pair 24- 9): choice=1 (inl=51)
    Gene 160 (Pair 21-10): choice=1 (inl=70)
    Gene 187 (Pair 18-13): choice=3 (inl=44)
    Gene 194 (Pair 17-14): choice=1 (inl=26)
    Gene 203 (Pair 18-15): choice=1 (inl=58)
    Gene 222 (Pair 20-19): choice=2 (inl=42)
    Gene 223 (Pair 21-19): choice=1 (inl=80)

  --- SHARD 4 CANDIDATE ANALYSIS ---
    Pair (4-2): Selected=0 / 2 choices
      Choice 1: inliners=26
      Choice 2: inliners=2
    Pair (4-3): Selected=0 / 5 choices
      Choice 1: inliners=38
      Choice 2: inliners=46
      Choice 3: inliners=14
      Choice 4: inliners=32
      Choice 5: inliners=68
    Pair (5-4): Selected=0 / 2 choices
      Choice 1: inliners=48
      Choice 2: inliners=12
    Pair (6-4): Selected=0 / 2 choices
      Choice 1: inliners=24
      Choice 2: inliners=6
    Pair (7-4): Selected=0 / 2 choices
      Choice 1: inliners=36
      Choice 2: inliners=30
    Pair (8-4): Selected=0 / 4 choices
      Choice 1: inliners=28
      Choice 2: inliners=22
      Choice 3: inliners=44
      Choice 4: inliners=0
    Pair (11-4): Selected=0 / 1 choices
      Choice 1: inliners=57
    Pair (13-4): Selected=0 / 1 choices
      Choice 1: inliners=14
    Pair (14-4): Selected=0 / 2 choices
      Choice 1: inliners=48
      Choice 2: inliners=16
    Pair (16-4): Selected=0 / 1 choices
      Choice 1: inliners=32
    Pair (17-4): Selected=0 / 1 choices
      Choice 1: inliners=66
    Pair (19-4): Selected=0 / 4 choices
      Choice 1: inliners=32
      Choice 2: inliners=44
      Choice 3: inliners=26
      Choice 4: inliners=40
    Pair (20-4): Selected=1 / 1 choices
      Choice 1: inliners=53 [SELECTED]
    Pair (21-4): Selected=0 / 3 choices
      Choice 1: inliners=22
      Choice 2: inliners=16
      Choice 3: inliners=32
    Pair (22-4): Selected=0 / 1 choices
      Choice 1: inliners=38
    Pair (27-4): Selected=1 / 1 choices
      Choice 1: inliners=39 [SELECTED]


--- GENERATION 250 BEST BREAKDOWN ---
  Total Fitness: 2649.50
  Inlier Reward: 915.19
  Cycle Penalty: 0.00
  Overlap Penalty: 0.00
  Edge Residual Penalty: 0.00
  Edge Rot Residual Penalty: 0.00
  Connectivity Reward: 0.00
  Component Penalty: 0.00
  Consensus Support Reward: 1734.31
  Largest Component: 27
  Num Components: 1
  Active Pairs: 26
  OverlapDiag Sum (indexed): 0.0000 (delta_vs_fitness=0.0000)
  OverlapDiag Pairs: total=325 same_comp=325 broad_reject=276 narrow_checked=325 active=0
  OverlapDiag Active Pairs: none

  --- ACTIVE GENE MAP ---
    Gene  7 (Pair 10- 1): choice=2 (inl=65)
    Gene 18 (Pair 23- 1): choice=2 (inl=38)
    Gene 19 (Pair 24- 1): choice=1 (inl=36)
    Gene 25 (Pair  9- 2): choice=2 (inl=36)
    Gene 35 (Pair 25- 2): choice=2 (inl=26)
    Gene 36 (Pair 26- 2): choice=4 (inl=34)
    Gene 42 (Pair  8- 3): choice=1 (inl=52)
    Gene 46 (Pair 12- 3): choice=1 (inl=48)
    Gene 47 (Pair 14- 3): choice=3 (inl=55)
    Gene 49 (Pair 16- 3): choice=1 (inl=64)
    Gene 67 (Pair 20- 4): choice=1 (inl=53)
    Gene 70 (Pair 27- 4): choice=1 (inl=39)
    Gene 74 (Pair  9- 5): choice=5 (inl=74)
    Gene 76 (Pair 11- 5): choice=5 (inl=56)
    Gene 92 (Pair 10- 6): choice=4 (inl=32)
    Gene 94 (Pair 12- 6): choice=3 (inl=26)
    Gene 107 (Pair  9- 7): choice=5 (inl=30)
    Gene 143 (Pair 15- 9): choice=1 (inl=28)
    Gene 149 (Pair 22- 9): choice=1 (inl=55)
    Gene 151 (Pair 24- 9): choice=1 (inl=51)
    Gene 160 (Pair 21-10): choice=1 (inl=70)
    Gene 187 (Pair 18-13): choice=3 (inl=44)
    Gene 194 (Pair 17-14): choice=1 (inl=26)
    Gene 203 (Pair 18-15): choice=1 (inl=58)
    Gene 222 (Pair 20-19): choice=2 (inl=42)
    Gene 223 (Pair 21-19): choice=1 (inl=80)

  --- SHARD 4 CANDIDATE ANALYSIS ---
    Pair (4-2): Selected=0 / 2 choices
      Choice 1: inliners=26
      Choice 2: inliners=2
    Pair (4-3): Selected=0 / 5 choices
      Choice 1: inliners=38
      Choice 2: inliners=46
      Choice 3: inliners=14
      Choice 4: inliners=32
      Choice 5: inliners=68
    Pair (5-4): Selected=0 / 2 choices
      Choice 1: inliners=48
      Choice 2: inliners=12
    Pair (6-4): Selected=0 / 2 choices
      Choice 1: inliners=24
      Choice 2: inliners=6
    Pair (7-4): Selected=0 / 2 choices
      Choice 1: inliners=36
      Choice 2: inliners=30
    Pair (8-4): Selected=0 / 4 choices
      Choice 1: inliners=28
      Choice 2: inliners=22
      Choice 3: inliners=44
      Choice 4: inliners=0
    Pair (11-4): Selected=0 / 1 choices
      Choice 1: inliners=57
    Pair (13-4): Selected=0 / 1 choices
      Choice 1: inliners=14
    Pair (14-4): Selected=0 / 2 choices
      Choice 1: inliners=48
      Choice 2: inliners=16
    Pair (16-4): Selected=0 / 1 choices
      Choice 1: inliners=32
    Pair (17-4): Selected=0 / 1 choices
      Choice 1: inliners=66
    Pair (19-4): Selected=0 / 4 choices
      Choice 1: inliners=32
      Choice 2: inliners=44
      Choice 3: inliners=26
      Choice 4: inliners=40
    Pair (20-4): Selected=1 / 1 choices
      Choice 1: inliners=53 [SELECTED]
    Pair (21-4): Selected=0 / 3 choices
      Choice 1: inliners=22
      Choice 2: inliners=16
      Choice 3: inliners=32
    Pair (22-4): Selected=0 / 1 choices
      Choice 1: inliners=38
    Pair (27-4): Selected=1 / 1 choices
      Choice 1: inliners=39 [SELECTED]


--- GENERATION 260 BEST BREAKDOWN ---
  Total Fitness: 2649.50
  Inlier Reward: 915.19
  Cycle Penalty: 0.00
  Overlap Penalty: 0.00
  Edge Residual Penalty: 0.00
  Edge Rot Residual Penalty: 0.00
  Connectivity Reward: 0.00
  Component Penalty: 0.00
  Consensus Support Reward: 1734.31
  Largest Component: 27
  Num Components: 1
  Active Pairs: 26
  OverlapDiag Sum (indexed): 0.0000 (delta_vs_fitness=0.0000)
  OverlapDiag Pairs: total=325 same_comp=325 broad_reject=276 narrow_checked=325 active=0
  OverlapDiag Active Pairs: none

  --- ACTIVE GENE MAP ---
    Gene  7 (Pair 10- 1): choice=2 (inl=65)
    Gene 18 (Pair 23- 1): choice=2 (inl=38)
    Gene 19 (Pair 24- 1): choice=1 (inl=36)
    Gene 25 (Pair  9- 2): choice=2 (inl=36)
    Gene 35 (Pair 25- 2): choice=2 (inl=26)
    Gene 36 (Pair 26- 2): choice=4 (inl=34)
    Gene 42 (Pair  8- 3): choice=1 (inl=52)
    Gene 46 (Pair 12- 3): choice=1 (inl=48)
    Gene 47 (Pair 14- 3): choice=3 (inl=55)
    Gene 49 (Pair 16- 3): choice=1 (inl=64)
    Gene 67 (Pair 20- 4): choice=1 (inl=53)
    Gene 70 (Pair 27- 4): choice=1 (inl=39)
    Gene 74 (Pair  9- 5): choice=5 (inl=74)
    Gene 76 (Pair 11- 5): choice=5 (inl=56)
    Gene 92 (Pair 10- 6): choice=4 (inl=32)
    Gene 94 (Pair 12- 6): choice=3 (inl=26)
    Gene 107 (Pair  9- 7): choice=5 (inl=30)
    Gene 143 (Pair 15- 9): choice=1 (inl=28)
    Gene 149 (Pair 22- 9): choice=1 (inl=55)
    Gene 151 (Pair 24- 9): choice=1 (inl=51)
    Gene 160 (Pair 21-10): choice=1 (inl=70)
    Gene 187 (Pair 18-13): choice=3 (inl=44)
    Gene 194 (Pair 17-14): choice=1 (inl=26)
    Gene 203 (Pair 18-15): choice=1 (inl=58)
    Gene 222 (Pair 20-19): choice=2 (inl=42)
    Gene 223 (Pair 21-19): choice=1 (inl=80)

  --- SHARD 4 CANDIDATE ANALYSIS ---
    Pair (4-2): Selected=0 / 2 choices
      Choice 1: inliners=26
      Choice 2: inliners=2
    Pair (4-3): Selected=0 / 5 choices
      Choice 1: inliners=38
      Choice 2: inliners=46
      Choice 3: inliners=14
      Choice 4: inliners=32
      Choice 5: inliners=68
    Pair (5-4): Selected=0 / 2 choices
      Choice 1: inliners=48
      Choice 2: inliners=12
    Pair (6-4): Selected=0 / 2 choices
      Choice 1: inliners=24
      Choice 2: inliners=6
    Pair (7-4): Selected=0 / 2 choices
      Choice 1: inliners=36
      Choice 2: inliners=30
    Pair (8-4): Selected=0 / 4 choices
      Choice 1: inliners=28
      Choice 2: inliners=22
      Choice 3: inliners=44
      Choice 4: inliners=0
    Pair (11-4): Selected=0 / 1 choices
      Choice 1: inliners=57
    Pair (13-4): Selected=0 / 1 choices
      Choice 1: inliners=14
    Pair (14-4): Selected=0 / 2 choices
      Choice 1: inliners=48
      Choice 2: inliners=16
    Pair (16-4): Selected=0 / 1 choices
      Choice 1: inliners=32
    Pair (17-4): Selected=0 / 1 choices
      Choice 1: inliners=66
    Pair (19-4): Selected=0 / 4 choices
      Choice 1: inliners=32
      Choice 2: inliners=44
      Choice 3: inliners=26
      Choice 4: inliners=40
    Pair (20-4): Selected=1 / 1 choices
      Choice 1: inliners=53 [SELECTED]
    Pair (21-4): Selected=0 / 3 choices
      Choice 1: inliners=22
      Choice 2: inliners=16
      Choice 3: inliners=32
    Pair (22-4): Selected=0 / 1 choices
      Choice 1: inliners=38
    Pair (27-4): Selected=1 / 1 choices
      Choice 1: inliners=39 [SELECTED]


--- GENERATION 270 BEST BREAKDOWN ---
  Total Fitness: 2649.50
  Inlier Reward: 915.19
  Cycle Penalty: 0.00
  Overlap Penalty: 0.00
  Edge Residual Penalty: 0.00
  Edge Rot Residual Penalty: 0.00
  Connectivity Reward: 0.00
  Component Penalty: 0.00
  Consensus Support Reward: 1734.31
  Largest Component: 27
  Num Components: 1
  Active Pairs: 26
  OverlapDiag Sum (indexed): 0.0000 (delta_vs_fitness=0.0000)
  OverlapDiag Pairs: total=325 same_comp=325 broad_reject=276 narrow_checked=325 active=0
  OverlapDiag Active Pairs: none

  --- ACTIVE GENE MAP ---
    Gene  7 (Pair 10- 1): choice=2 (inl=65)
    Gene 18 (Pair 23- 1): choice=2 (inl=38)
    Gene 19 (Pair 24- 1): choice=1 (inl=36)
    Gene 25 (Pair  9- 2): choice=2 (inl=36)
    Gene 35 (Pair 25- 2): choice=2 (inl=26)
    Gene 36 (Pair 26- 2): choice=4 (inl=34)
    Gene 42 (Pair  8- 3): choice=1 (inl=52)
    Gene 46 (Pair 12- 3): choice=1 (inl=48)
    Gene 47 (Pair 14- 3): choice=3 (inl=55)
    Gene 49 (Pair 16- 3): choice=1 (inl=64)
    Gene 67 (Pair 20- 4): choice=1 (inl=53)
    Gene 70 (Pair 27- 4): choice=1 (inl=39)
    Gene 74 (Pair  9- 5): choice=5 (inl=74)
    Gene 76 (Pair 11- 5): choice=5 (inl=56)
    Gene 92 (Pair 10- 6): choice=4 (inl=32)
    Gene 94 (Pair 12- 6): choice=3 (inl=26)
    Gene 107 (Pair  9- 7): choice=5 (inl=30)
    Gene 143 (Pair 15- 9): choice=1 (inl=28)
    Gene 149 (Pair 22- 9): choice=1 (inl=55)
    Gene 151 (Pair 24- 9): choice=1 (inl=51)
    Gene 160 (Pair 21-10): choice=1 (inl=70)
    Gene 187 (Pair 18-13): choice=3 (inl=44)
    Gene 194 (Pair 17-14): choice=1 (inl=26)
    Gene 203 (Pair 18-15): choice=1 (inl=58)
    Gene 222 (Pair 20-19): choice=2 (inl=42)
    Gene 223 (Pair 21-19): choice=1 (inl=80)

  --- SHARD 4 CANDIDATE ANALYSIS ---
    Pair (4-2): Selected=0 / 2 choices
      Choice 1: inliners=26
      Choice 2: inliners=2
    Pair (4-3): Selected=0 / 5 choices
      Choice 1: inliners=38
      Choice 2: inliners=46
      Choice 3: inliners=14
      Choice 4: inliners=32
      Choice 5: inliners=68
    Pair (5-4): Selected=0 / 2 choices
      Choice 1: inliners=48
      Choice 2: inliners=12
    Pair (6-4): Selected=0 / 2 choices
      Choice 1: inliners=24
      Choice 2: inliners=6
    Pair (7-4): Selected=0 / 2 choices
      Choice 1: inliners=36
      Choice 2: inliners=30
    Pair (8-4): Selected=0 / 4 choices
      Choice 1: inliners=28
      Choice 2: inliners=22
      Choice 3: inliners=44
      Choice 4: inliners=0
    Pair (11-4): Selected=0 / 1 choices
      Choice 1: inliners=57
    Pair (13-4): Selected=0 / 1 choices
      Choice 1: inliners=14
    Pair (14-4): Selected=0 / 2 choices
      Choice 1: inliners=48
      Choice 2: inliners=16
    Pair (16-4): Selected=0 / 1 choices
      Choice 1: inliners=32
    Pair (17-4): Selected=0 / 1 choices
      Choice 1: inliners=66
    Pair (19-4): Selected=0 / 4 choices
      Choice 1: inliners=32
      Choice 2: inliners=44
      Choice 3: inliners=26
      Choice 4: inliners=40
    Pair (20-4): Selected=1 / 1 choices
      Choice 1: inliners=53 [SELECTED]
    Pair (21-4): Selected=0 / 3 choices
      Choice 1: inliners=22
      Choice 2: inliners=16
      Choice 3: inliners=32
    Pair (22-4): Selected=0 / 1 choices
      Choice 1: inliners=38
    Pair (27-4): Selected=1 / 1 choices
      Choice 1: inliners=39 [SELECTED]


--- GENERATION 280 BEST BREAKDOWN ---
  Total Fitness: 2649.50
  Inlier Reward: 915.19
  Cycle Penalty: 0.00
  Overlap Penalty: 0.00
  Edge Residual Penalty: 0.00
  Edge Rot Residual Penalty: 0.00
  Connectivity Reward: 0.00
  Component Penalty: 0.00
  Consensus Support Reward: 1734.31
  Largest Component: 27
  Num Components: 1
  Active Pairs: 26
  OverlapDiag Sum (indexed): 0.0000 (delta_vs_fitness=0.0000)
  OverlapDiag Pairs: total=325 same_comp=325 broad_reject=276 narrow_checked=325 active=0
  OverlapDiag Active Pairs: none

  --- ACTIVE GENE MAP ---
    Gene  7 (Pair 10- 1): choice=2 (inl=65)
    Gene 18 (Pair 23- 1): choice=2 (inl=38)
    Gene 19 (Pair 24- 1): choice=1 (inl=36)
    Gene 25 (Pair  9- 2): choice=2 (inl=36)
    Gene 35 (Pair 25- 2): choice=2 (inl=26)
    Gene 36 (Pair 26- 2): choice=4 (inl=34)
    Gene 42 (Pair  8- 3): choice=1 (inl=52)
    Gene 46 (Pair 12- 3): choice=1 (inl=48)
    Gene 47 (Pair 14- 3): choice=3 (inl=55)
    Gene 49 (Pair 16- 3): choice=1 (inl=64)
    Gene 67 (Pair 20- 4): choice=1 (inl=53)
    Gene 70 (Pair 27- 4): choice=1 (inl=39)
    Gene 74 (Pair  9- 5): choice=5 (inl=74)
    Gene 76 (Pair 11- 5): choice=5 (inl=56)
    Gene 92 (Pair 10- 6): choice=4 (inl=32)
    Gene 94 (Pair 12- 6): choice=3 (inl=26)
    Gene 107 (Pair  9- 7): choice=5 (inl=30)
    Gene 143 (Pair 15- 9): choice=1 (inl=28)
    Gene 149 (Pair 22- 9): choice=1 (inl=55)
    Gene 151 (Pair 24- 9): choice=1 (inl=51)
    Gene 160 (Pair 21-10): choice=1 (inl=70)
    Gene 187 (Pair 18-13): choice=3 (inl=44)
    Gene 194 (Pair 17-14): choice=1 (inl=26)
    Gene 203 (Pair 18-15): choice=1 (inl=58)
    Gene 222 (Pair 20-19): choice=2 (inl=42)
    Gene 223 (Pair 21-19): choice=1 (inl=80)

  --- SHARD 4 CANDIDATE ANALYSIS ---
    Pair (4-2): Selected=0 / 2 choices
      Choice 1: inliners=26
      Choice 2: inliners=2
    Pair (4-3): Selected=0 / 5 choices
      Choice 1: inliners=38
      Choice 2: inliners=46
      Choice 3: inliners=14
      Choice 4: inliners=32
      Choice 5: inliners=68
    Pair (5-4): Selected=0 / 2 choices
      Choice 1: inliners=48
      Choice 2: inliners=12
    Pair (6-4): Selected=0 / 2 choices
      Choice 1: inliners=24
      Choice 2: inliners=6
    Pair (7-4): Selected=0 / 2 choices
      Choice 1: inliners=36
      Choice 2: inliners=30
    Pair (8-4): Selected=0 / 4 choices
      Choice 1: inliners=28
      Choice 2: inliners=22
      Choice 3: inliners=44
      Choice 4: inliners=0
    Pair (11-4): Selected=0 / 1 choices
      Choice 1: inliners=57
    Pair (13-4): Selected=0 / 1 choices
      Choice 1: inliners=14
    Pair (14-4): Selected=0 / 2 choices
      Choice 1: inliners=48
      Choice 2: inliners=16
    Pair (16-4): Selected=0 / 1 choices
      Choice 1: inliners=32
    Pair (17-4): Selected=0 / 1 choices
      Choice 1: inliners=66
    Pair (19-4): Selected=0 / 4 choices
      Choice 1: inliners=32
      Choice 2: inliners=44
      Choice 3: inliners=26
      Choice 4: inliners=40
    Pair (20-4): Selected=1 / 1 choices
      Choice 1: inliners=53 [SELECTED]
    Pair (21-4): Selected=0 / 3 choices
      Choice 1: inliners=22
      Choice 2: inliners=16
      Choice 3: inliners=32
    Pair (22-4): Selected=0 / 1 choices
      Choice 1: inliners=38
    Pair (27-4): Selected=1 / 1 choices
      Choice 1: inliners=39 [SELECTED]


--- GENERATION 290 BEST BREAKDOWN ---
  Total Fitness: 2649.50
  Inlier Reward: 915.19
  Cycle Penalty: 0.00
  Overlap Penalty: 0.00
  Edge Residual Penalty: 0.00
  Edge Rot Residual Penalty: 0.00
  Connectivity Reward: 0.00
  Component Penalty: 0.00
  Consensus Support Reward: 1734.31
  Largest Component: 27
  Num Components: 1
  Active Pairs: 26
  OverlapDiag Sum (indexed): 0.0000 (delta_vs_fitness=0.0000)
  OverlapDiag Pairs: total=325 same_comp=325 broad_reject=276 narrow_checked=325 active=0
  OverlapDiag Active Pairs: none

  --- ACTIVE GENE MAP ---
    Gene  7 (Pair 10- 1): choice=2 (inl=65)
    Gene 18 (Pair 23- 1): choice=2 (inl=38)
    Gene 19 (Pair 24- 1): choice=1 (inl=36)
    Gene 25 (Pair  9- 2): choice=2 (inl=36)
    Gene 35 (Pair 25- 2): choice=2 (inl=26)
    Gene 36 (Pair 26- 2): choice=4 (inl=34)
    Gene 42 (Pair  8- 3): choice=1 (inl=52)
    Gene 46 (Pair 12- 3): choice=1 (inl=48)
    Gene 47 (Pair 14- 3): choice=3 (inl=55)
    Gene 49 (Pair 16- 3): choice=1 (inl=64)
    Gene 67 (Pair 20- 4): choice=1 (inl=53)
    Gene 70 (Pair 27- 4): choice=1 (inl=39)
    Gene 74 (Pair  9- 5): choice=5 (inl=74)
    Gene 76 (Pair 11- 5): choice=5 (inl=56)
    Gene 92 (Pair 10- 6): choice=4 (inl=32)
    Gene 94 (Pair 12- 6): choice=3 (inl=26)
    Gene 107 (Pair  9- 7): choice=5 (inl=30)
    Gene 143 (Pair 15- 9): choice=1 (inl=28)
    Gene 149 (Pair 22- 9): choice=1 (inl=55)
    Gene 151 (Pair 24- 9): choice=1 (inl=51)
    Gene 160 (Pair 21-10): choice=1 (inl=70)
    Gene 187 (Pair 18-13): choice=3 (inl=44)
    Gene 194 (Pair 17-14): choice=1 (inl=26)
    Gene 203 (Pair 18-15): choice=1 (inl=58)
    Gene 222 (Pair 20-19): choice=2 (inl=42)
    Gene 223 (Pair 21-19): choice=1 (inl=80)

  --- SHARD 4 CANDIDATE ANALYSIS ---
    Pair (4-2): Selected=0 / 2 choices
      Choice 1: inliners=26
      Choice 2: inliners=2
    Pair (4-3): Selected=0 / 5 choices
      Choice 1: inliners=38
      Choice 2: inliners=46
      Choice 3: inliners=14
      Choice 4: inliners=32
      Choice 5: inliners=68
    Pair (5-4): Selected=0 / 2 choices
      Choice 1: inliners=48
      Choice 2: inliners=12
    Pair (6-4): Selected=0 / 2 choices
      Choice 1: inliners=24
      Choice 2: inliners=6
    Pair (7-4): Selected=0 / 2 choices
      Choice 1: inliners=36
      Choice 2: inliners=30
    Pair (8-4): Selected=0 / 4 choices
      Choice 1: inliners=28
      Choice 2: inliners=22
      Choice 3: inliners=44
      Choice 4: inliners=0
    Pair (11-4): Selected=0 / 1 choices
      Choice 1: inliners=57
    Pair (13-4): Selected=0 / 1 choices
      Choice 1: inliners=14
    Pair (14-4): Selected=0 / 2 choices
      Choice 1: inliners=48
      Choice 2: inliners=16
    Pair (16-4): Selected=0 / 1 choices
      Choice 1: inliners=32
    Pair (17-4): Selected=0 / 1 choices
      Choice 1: inliners=66
    Pair (19-4): Selected=0 / 4 choices
      Choice 1: inliners=32
      Choice 2: inliners=44
      Choice 3: inliners=26
      Choice 4: inliners=40
    Pair (20-4): Selected=1 / 1 choices
      Choice 1: inliners=53 [SELECTED]
    Pair (21-4): Selected=0 / 3 choices
      Choice 1: inliners=22
      Choice 2: inliners=16
      Choice 3: inliners=32
    Pair (22-4): Selected=0 / 1 choices
      Choice 1: inliners=38
    Pair (27-4): Selected=1 / 1 choices
      Choice 1: inliners=39 [SELECTED]


--- GENERATION 300 BEST BREAKDOWN ---
  Total Fitness: 2649.50
  Inlier Reward: 915.19
  Cycle Penalty: 0.00
  Overlap Penalty: 0.00
  Edge Residual Penalty: 0.00
  Edge Rot Residual Penalty: 0.00
  Connectivity Reward: 0.00
  Component Penalty: 0.00
  Consensus Support Reward: 1734.31
  Largest Component: 27
  Num Components: 1
  Active Pairs: 26
  OverlapDiag Sum (indexed): 0.0000 (delta_vs_fitness=0.0000)
  OverlapDiag Pairs: total=325 same_comp=325 broad_reject=276 narrow_checked=325 active=0
  OverlapDiag Active Pairs: none

  --- ACTIVE GENE MAP ---
    Gene  7 (Pair 10- 1): choice=2 (inl=65)
    Gene 18 (Pair 23- 1): choice=2 (inl=38)
    Gene 19 (Pair 24- 1): choice=1 (inl=36)
    Gene 25 (Pair  9- 2): choice=2 (inl=36)
    Gene 35 (Pair 25- 2): choice=2 (inl=26)
    Gene 36 (Pair 26- 2): choice=4 (inl=34)
    Gene 42 (Pair  8- 3): choice=1 (inl=52)
    Gene 46 (Pair 12- 3): choice=1 (inl=48)
    Gene 47 (Pair 14- 3): choice=3 (inl=55)
    Gene 49 (Pair 16- 3): choice=1 (inl=64)
    Gene 67 (Pair 20- 4): choice=1 (inl=53)
    Gene 70 (Pair 27- 4): choice=1 (inl=39)
    Gene 74 (Pair  9- 5): choice=5 (inl=74)
    Gene 76 (Pair 11- 5): choice=5 (inl=56)
    Gene 92 (Pair 10- 6): choice=4 (inl=32)
    Gene 94 (Pair 12- 6): choice=3 (inl=26)
    Gene 107 (Pair  9- 7): choice=5 (inl=30)
    Gene 143 (Pair 15- 9): choice=1 (inl=28)
    Gene 149 (Pair 22- 9): choice=1 (inl=55)
    Gene 151 (Pair 24- 9): choice=1 (inl=51)
    Gene 160 (Pair 21-10): choice=1 (inl=70)
    Gene 187 (Pair 18-13): choice=3 (inl=44)
    Gene 194 (Pair 17-14): choice=1 (inl=26)
    Gene 203 (Pair 18-15): choice=1 (inl=58)
    Gene 222 (Pair 20-19): choice=2 (inl=42)
    Gene 223 (Pair 21-19): choice=1 (inl=80)

  --- SHARD 4 CANDIDATE ANALYSIS ---
    Pair (4-2): Selected=0 / 2 choices
      Choice 1: inliners=26
      Choice 2: inliners=2
    Pair (4-3): Selected=0 / 5 choices
      Choice 1: inliners=38
      Choice 2: inliners=46
      Choice 3: inliners=14
      Choice 4: inliners=32
      Choice 5: inliners=68
    Pair (5-4): Selected=0 / 2 choices
      Choice 1: inliners=48
      Choice 2: inliners=12
    Pair (6-4): Selected=0 / 2 choices
      Choice 1: inliners=24
      Choice 2: inliners=6
    Pair (7-4): Selected=0 / 2 choices
      Choice 1: inliners=36
      Choice 2: inliners=30
    Pair (8-4): Selected=0 / 4 choices
      Choice 1: inliners=28
      Choice 2: inliners=22
      Choice 3: inliners=44
      Choice 4: inliners=0
    Pair (11-4): Selected=0 / 1 choices
      Choice 1: inliners=57
    Pair (13-4): Selected=0 / 1 choices
      Choice 1: inliners=14
    Pair (14-4): Selected=0 / 2 choices
      Choice 1: inliners=48
      Choice 2: inliners=16
    Pair (16-4): Selected=0 / 1 choices
      Choice 1: inliners=32
    Pair (17-4): Selected=0 / 1 choices
      Choice 1: inliners=66
    Pair (19-4): Selected=0 / 4 choices
      Choice 1: inliners=32
      Choice 2: inliners=44
      Choice 3: inliners=26
      Choice 4: inliners=40
    Pair (20-4): Selected=1 / 1 choices
      Choice 1: inliners=53 [SELECTED]
    Pair (21-4): Selected=0 / 3 choices
      Choice 1: inliners=22
      Choice 2: inliners=16
      Choice 3: inliners=32
    Pair (22-4): Selected=0 / 1 choices
      Choice 1: inliners=38
    Pair (27-4): Selected=1 / 1 choices
      Choice 1: inliners=39 [SELECTED]


--- GENERATION 310 BEST BREAKDOWN ---
  Total Fitness: 2649.50
  Inlier Reward: 915.19
  Cycle Penalty: 0.00
  Overlap Penalty: 0.00
  Edge Residual Penalty: 0.00
  Edge Rot Residual Penalty: 0.00
  Connectivity Reward: 0.00
  Component Penalty: 0.00
  Consensus Support Reward: 1734.31
  Largest Component: 27
  Num Components: 1
  Active Pairs: 26
  OverlapDiag Sum (indexed): 0.0000 (delta_vs_fitness=0.0000)
  OverlapDiag Pairs: total=325 same_comp=325 broad_reject=276 narrow_checked=325 active=0
  OverlapDiag Active Pairs: none

  --- ACTIVE GENE MAP ---
    Gene  7 (Pair 10- 1): choice=2 (inl=65)
    Gene 18 (Pair 23- 1): choice=2 (inl=38)
    Gene 19 (Pair 24- 1): choice=1 (inl=36)
    Gene 25 (Pair  9- 2): choice=2 (inl=36)
    Gene 35 (Pair 25- 2): choice=2 (inl=26)
    Gene 36 (Pair 26- 2): choice=4 (inl=34)
    Gene 42 (Pair  8- 3): choice=1 (inl=52)
    Gene 46 (Pair 12- 3): choice=1 (inl=48)
    Gene 47 (Pair 14- 3): choice=3 (inl=55)
    Gene 49 (Pair 16- 3): choice=1 (inl=64)
    Gene 67 (Pair 20- 4): choice=1 (inl=53)
    Gene 70 (Pair 27- 4): choice=1 (inl=39)
    Gene 74 (Pair  9- 5): choice=5 (inl=74)
    Gene 76 (Pair 11- 5): choice=5 (inl=56)
    Gene 92 (Pair 10- 6): choice=4 (inl=32)
    Gene 94 (Pair 12- 6): choice=3 (inl=26)
    Gene 107 (Pair  9- 7): choice=5 (inl=30)
    Gene 143 (Pair 15- 9): choice=1 (inl=28)
    Gene 149 (Pair 22- 9): choice=1 (inl=55)
    Gene 151 (Pair 24- 9): choice=1 (inl=51)
    Gene 160 (Pair 21-10): choice=1 (inl=70)
    Gene 187 (Pair 18-13): choice=3 (inl=44)
    Gene 194 (Pair 17-14): choice=1 (inl=26)
    Gene 203 (Pair 18-15): choice=1 (inl=58)
    Gene 222 (Pair 20-19): choice=2 (inl=42)
    Gene 223 (Pair 21-19): choice=1 (inl=80)

  --- SHARD 4 CANDIDATE ANALYSIS ---
    Pair (4-2): Selected=0 / 2 choices
      Choice 1: inliners=26
      Choice 2: inliners=2
    Pair (4-3): Selected=0 / 5 choices
      Choice 1: inliners=38
      Choice 2: inliners=46
      Choice 3: inliners=14
      Choice 4: inliners=32
      Choice 5: inliners=68
    Pair (5-4): Selected=0 / 2 choices
      Choice 1: inliners=48
      Choice 2: inliners=12
    Pair (6-4): Selected=0 / 2 choices
      Choice 1: inliners=24
      Choice 2: inliners=6
    Pair (7-4): Selected=0 / 2 choices
      Choice 1: inliners=36
      Choice 2: inliners=30
    Pair (8-4): Selected=0 / 4 choices
      Choice 1: inliners=28
      Choice 2: inliners=22
      Choice 3: inliners=44
      Choice 4: inliners=0
    Pair (11-4): Selected=0 / 1 choices
      Choice 1: inliners=57
    Pair (13-4): Selected=0 / 1 choices
      Choice 1: inliners=14
    Pair (14-4): Selected=0 / 2 choices
      Choice 1: inliners=48
      Choice 2: inliners=16
    Pair (16-4): Selected=0 / 1 choices
      Choice 1: inliners=32
    Pair (17-4): Selected=0 / 1 choices
      Choice 1: inliners=66
    Pair (19-4): Selected=0 / 4 choices
      Choice 1: inliners=32
      Choice 2: inliners=44
      Choice 3: inliners=26
      Choice 4: inliners=40
    Pair (20-4): Selected=1 / 1 choices
      Choice 1: inliners=53 [SELECTED]
    Pair (21-4): Selected=0 / 3 choices
      Choice 1: inliners=22
      Choice 2: inliners=16
      Choice 3: inliners=32
    Pair (22-4): Selected=0 / 1 choices
      Choice 1: inliners=38
    Pair (27-4): Selected=1 / 1 choices
      Choice 1: inliners=39 [SELECTED]


--- GENERATION 320 BEST BREAKDOWN ---
  Total Fitness: 2649.50
  Inlier Reward: 915.19
  Cycle Penalty: 0.00
  Overlap Penalty: 0.00
  Edge Residual Penalty: 0.00
  Edge Rot Residual Penalty: 0.00
  Connectivity Reward: 0.00
  Component Penalty: 0.00
  Consensus Support Reward: 1734.31
  Largest Component: 27
  Num Components: 1
  Active Pairs: 26
  OverlapDiag Sum (indexed): 0.0000 (delta_vs_fitness=0.0000)
  OverlapDiag Pairs: total=325 same_comp=325 broad_reject=276 narrow_checked=325 active=0
  OverlapDiag Active Pairs: none

  --- ACTIVE GENE MAP ---
    Gene  7 (Pair 10- 1): choice=2 (inl=65)
    Gene 18 (Pair 23- 1): choice=2 (inl=38)
    Gene 19 (Pair 24- 1): choice=1 (inl=36)
    Gene 25 (Pair  9- 2): choice=2 (inl=36)
    Gene 35 (Pair 25- 2): choice=2 (inl=26)
    Gene 36 (Pair 26- 2): choice=4 (inl=34)
    Gene 42 (Pair  8- 3): choice=1 (inl=52)
    Gene 46 (Pair 12- 3): choice=1 (inl=48)
    Gene 47 (Pair 14- 3): choice=3 (inl=55)
    Gene 49 (Pair 16- 3): choice=1 (inl=64)
    Gene 67 (Pair 20- 4): choice=1 (inl=53)
    Gene 70 (Pair 27- 4): choice=1 (inl=39)
    Gene 74 (Pair  9- 5): choice=5 (inl=74)
    Gene 76 (Pair 11- 5): choice=5 (inl=56)
    Gene 92 (Pair 10- 6): choice=4 (inl=32)
    Gene 94 (Pair 12- 6): choice=3 (inl=26)
    Gene 107 (Pair  9- 7): choice=5 (inl=30)
    Gene 143 (Pair 15- 9): choice=1 (inl=28)
    Gene 149 (Pair 22- 9): choice=1 (inl=55)
    Gene 151 (Pair 24- 9): choice=1 (inl=51)
    Gene 160 (Pair 21-10): choice=1 (inl=70)
    Gene 187 (Pair 18-13): choice=3 (inl=44)
    Gene 194 (Pair 17-14): choice=1 (inl=26)
    Gene 203 (Pair 18-15): choice=1 (inl=58)
    Gene 222 (Pair 20-19): choice=2 (inl=42)
    Gene 223 (Pair 21-19): choice=1 (inl=80)

  --- SHARD 4 CANDIDATE ANALYSIS ---
    Pair (4-2): Selected=0 / 2 choices
      Choice 1: inliners=26
      Choice 2: inliners=2
    Pair (4-3): Selected=0 / 5 choices
      Choice 1: inliners=38
      Choice 2: inliners=46
      Choice 3: inliners=14
      Choice 4: inliners=32
      Choice 5: inliners=68
    Pair (5-4): Selected=0 / 2 choices
      Choice 1: inliners=48
      Choice 2: inliners=12
    Pair (6-4): Selected=0 / 2 choices
      Choice 1: inliners=24
      Choice 2: inliners=6
    Pair (7-4): Selected=0 / 2 choices
      Choice 1: inliners=36
      Choice 2: inliners=30
    Pair (8-4): Selected=0 / 4 choices
      Choice 1: inliners=28
      Choice 2: inliners=22
      Choice 3: inliners=44
      Choice 4: inliners=0
    Pair (11-4): Selected=0 / 1 choices
      Choice 1: inliners=57
    Pair (13-4): Selected=0 / 1 choices
      Choice 1: inliners=14
    Pair (14-4): Selected=0 / 2 choices
      Choice 1: inliners=48
      Choice 2: inliners=16
    Pair (16-4): Selected=0 / 1 choices
      Choice 1: inliners=32
    Pair (17-4): Selected=0 / 1 choices
      Choice 1: inliners=66
    Pair (19-4): Selected=0 / 4 choices
      Choice 1: inliners=32
      Choice 2: inliners=44
      Choice 3: inliners=26
      Choice 4: inliners=40
    Pair (20-4): Selected=1 / 1 choices
      Choice 1: inliners=53 [SELECTED]
    Pair (21-4): Selected=0 / 3 choices
      Choice 1: inliners=22
      Choice 2: inliners=16
      Choice 3: inliners=32
    Pair (22-4): Selected=0 / 1 choices
      Choice 1: inliners=38
    Pair (27-4): Selected=1 / 1 choices
      Choice 1: inliners=39 [SELECTED]


--- GENERATION 330 BEST BREAKDOWN ---
  Total Fitness: 2649.50
  Inlier Reward: 915.19
  Cycle Penalty: 0.00
  Overlap Penalty: 0.00
  Edge Residual Penalty: 0.00
  Edge Rot Residual Penalty: 0.00
  Connectivity Reward: 0.00
  Component Penalty: 0.00
  Consensus Support Reward: 1734.31
  Largest Component: 27
  Num Components: 1
  Active Pairs: 26
  OverlapDiag Sum (indexed): 0.0000 (delta_vs_fitness=0.0000)
  OverlapDiag Pairs: total=325 same_comp=325 broad_reject=276 narrow_checked=325 active=0
  OverlapDiag Active Pairs: none

  --- ACTIVE GENE MAP ---
    Gene  7 (Pair 10- 1): choice=2 (inl=65)
    Gene 18 (Pair 23- 1): choice=2 (inl=38)
    Gene 19 (Pair 24- 1): choice=1 (inl=36)
    Gene 25 (Pair  9- 2): choice=2 (inl=36)
    Gene 35 (Pair 25- 2): choice=2 (inl=26)
    Gene 36 (Pair 26- 2): choice=4 (inl=34)
    Gene 42 (Pair  8- 3): choice=1 (inl=52)
    Gene 46 (Pair 12- 3): choice=1 (inl=48)
    Gene 47 (Pair 14- 3): choice=3 (inl=55)
    Gene 49 (Pair 16- 3): choice=1 (inl=64)
    Gene 67 (Pair 20- 4): choice=1 (inl=53)
    Gene 70 (Pair 27- 4): choice=1 (inl=39)
    Gene 74 (Pair  9- 5): choice=5 (inl=74)
    Gene 76 (Pair 11- 5): choice=5 (inl=56)
    Gene 92 (Pair 10- 6): choice=4 (inl=32)
    Gene 94 (Pair 12- 6): choice=3 (inl=26)
    Gene 107 (Pair  9- 7): choice=5 (inl=30)
    Gene 143 (Pair 15- 9): choice=1 (inl=28)
    Gene 149 (Pair 22- 9): choice=1 (inl=55)
    Gene 151 (Pair 24- 9): choice=1 (inl=51)
    Gene 160 (Pair 21-10): choice=1 (inl=70)
    Gene 187 (Pair 18-13): choice=3 (inl=44)
    Gene 194 (Pair 17-14): choice=1 (inl=26)
    Gene 203 (Pair 18-15): choice=1 (inl=58)
    Gene 222 (Pair 20-19): choice=2 (inl=42)
    Gene 223 (Pair 21-19): choice=1 (inl=80)

  --- SHARD 4 CANDIDATE ANALYSIS ---
    Pair (4-2): Selected=0 / 2 choices
      Choice 1: inliners=26
      Choice 2: inliners=2
    Pair (4-3): Selected=0 / 5 choices
      Choice 1: inliners=38
      Choice 2: inliners=46
      Choice 3: inliners=14
      Choice 4: inliners=32
      Choice 5: inliners=68
    Pair (5-4): Selected=0 / 2 choices
      Choice 1: inliners=48
      Choice 2: inliners=12
    Pair (6-4): Selected=0 / 2 choices
      Choice 1: inliners=24
      Choice 2: inliners=6
    Pair (7-4): Selected=0 / 2 choices
      Choice 1: inliners=36
      Choice 2: inliners=30
    Pair (8-4): Selected=0 / 4 choices
      Choice 1: inliners=28
      Choice 2: inliners=22
      Choice 3: inliners=44
      Choice 4: inliners=0
    Pair (11-4): Selected=0 / 1 choices
      Choice 1: inliners=57
    Pair (13-4): Selected=0 / 1 choices
      Choice 1: inliners=14
    Pair (14-4): Selected=0 / 2 choices
      Choice 1: inliners=48
      Choice 2: inliners=16
    Pair (16-4): Selected=0 / 1 choices
      Choice 1: inliners=32
    Pair (17-4): Selected=0 / 1 choices
      Choice 1: inliners=66
    Pair (19-4): Selected=0 / 4 choices
      Choice 1: inliners=32
      Choice 2: inliners=44
      Choice 3: inliners=26
      Choice 4: inliners=40
    Pair (20-4): Selected=1 / 1 choices
      Choice 1: inliners=53 [SELECTED]
    Pair (21-4): Selected=0 / 3 choices
      Choice 1: inliners=22
      Choice 2: inliners=16
      Choice 3: inliners=32
    Pair (22-4): Selected=0 / 1 choices
      Choice 1: inliners=38
    Pair (27-4): Selected=1 / 1 choices
      Choice 1: inliners=39 [SELECTED]


--- GENERATION 0 BEST BREAKDOWN ---
  Total Fitness: -1510.19
  Inlier Reward: 1308.25
  Cycle Penalty: 0.00
  Overlap Penalty: 2980.78
  Edge Residual Penalty: 0.00
  Edge Rot Residual Penalty: 0.00
  Connectivity Reward: 0.00
  Component Penalty: 0.00
  Consensus Support Reward: 162.34
  Largest Component: 27
  Num Components: 1
  Active Pairs: 26
  OverlapDiag Sum (indexed): 2980.7785 (delta_vs_fitness=0.0000)
  OverlapDiag Pairs: total=325 same_comp=325 broad_reject=262 narrow_checked=325 active=12
  OverlapDiag Top Active Pairs:
    Pair (16,26) pen=444.4444 hits=2/332 hit_ratio=0.1111 avg_depth=0.2330 min_nn=0.6106
    Pair (2,4) pen=291.2743 hits=116/1593 hit_ratio=0.0728 avg_depth=0.2031 min_nn=0.2310
    Pair (1,22) pen=287.7698 hits=10/1473 hit_ratio=0.0719 avg_depth=0.1026 min_nn=0.5367
    Pair (8,18) pen=197.5309 hits=32/648 hit_ratio=0.0494 avg_depth=0.2652 min_nn=0.2454
    Pair (3,13) pen=125.8191 hits=24/1288 hit_ratio=0.0315 avg_depth=0.2197 min_nn=0.2780

  --- ACTIVE GENE MAP ---
    Gene  2 (Pair  5- 1): choice=8 (inl=84)
    Gene  7 (Pair 10- 1): choice=2 (inl=65)
    Gene 32 (Pair 18- 2): choice=2 (inl=81)
    Gene 35 (Pair 25- 2): choice=2 (inl=26)
    Gene 41 (Pair  7- 3): choice=2 (inl=76)
    Gene 49 (Pair 16- 3): choice=1 (inl=64)
    Gene 50 (Pair 17- 3): choice=1 (inl=79)
    Gene 65 (Pair 17- 4): choice=1 (inl=66)
    Gene 70 (Pair 27- 4): choice=1 (inl=39)
    Gene 81 (Pair 17- 5): choice=1 (inl=59)
    Gene 95 (Pair 13- 6): choice=1 (inl=68)
    Gene 109 (Pair 11- 7): choice=1 (inl=107)
    Gene 112 (Pair 14- 7): choice=2 (inl=92)
    Gene 124 (Pair 11- 8): choice=4 (inl=74)
    Gene 148 (Pair 21- 9): choice=3 (inl=77)
    Gene 151 (Pair 24- 9): choice=1 (inl=51)
    Gene 152 (Pair 26- 9): choice=3 (inl=65)
    Gene 153 (Pair 12-10): choice=2 (inl=68)
    Gene 160 (Pair 21-10): choice=1 (inl=70)
    Gene 178 (Pair 18-12): choice=4 (inl=72)
    Gene 182 (Pair 22-12): choice=1 (inl=55)
    Gene 189 (Pair 23-13): choice=1 (inl=58)
    Gene 201 (Pair 16-15): choice=1 (inl=60)
    Gene 216 (Pair 20-18): choice=1 (inl=56)
    Gene 219 (Pair 23-18): choice=1 (inl=45)
    Gene 223 (Pair 21-19): choice=1 (inl=80)

  --- SHARD 4 CANDIDATE ANALYSIS ---
    Pair (4-2): Selected=0 / 2 choices
      Choice 1: inliners=26
      Choice 2: inliners=2
    Pair (4-3): Selected=0 / 5 choices
      Choice 1: inliners=38
      Choice 2: inliners=46
      Choice 3: inliners=14
      Choice 4: inliners=32
      Choice 5: inliners=68
    Pair (5-4): Selected=0 / 2 choices
      Choice 1: inliners=48
      Choice 2: inliners=12
    Pair (6-4): Selected=0 / 2 choices
      Choice 1: inliners=24
      Choice 2: inliners=6
    Pair (7-4): Selected=0 / 2 choices
      Choice 1: inliners=36
      Choice 2: inliners=30
    Pair (8-4): Selected=0 / 4 choices
      Choice 1: inliners=28
      Choice 2: inliners=22
      Choice 3: inliners=44
      Choice 4: inliners=0
    Pair (11-4): Selected=0 / 1 choices
      Choice 1: inliners=57
    Pair (13-4): Selected=0 / 1 choices
      Choice 1: inliners=14
    Pair (14-4): Selected=0 / 2 choices
      Choice 1: inliners=48
      Choice 2: inliners=16
    Pair (16-4): Selected=0 / 1 choices
      Choice 1: inliners=32
    Pair (17-4): Selected=1 / 1 choices
      Choice 1: inliners=66 [SELECTED]
    Pair (19-4): Selected=0 / 4 choices
      Choice 1: inliners=32
      Choice 2: inliners=44
      Choice 3: inliners=26
      Choice 4: inliners=40
    Pair (20-4): Selected=0 / 1 choices
      Choice 1: inliners=53
    Pair (21-4): Selected=0 / 3 choices
      Choice 1: inliners=22
      Choice 2: inliners=16
      Choice 3: inliners=32
    Pair (22-4): Selected=0 / 1 choices
      Choice 1: inliners=38
    Pair (27-4): Selected=1 / 1 choices
      Choice 1: inliners=39 [SELECTED]


--- GENERATION 10 BEST BREAKDOWN ---
  Total Fitness: 875.83
  Inlier Reward: 1256.84
  Cycle Penalty: 0.00
  Overlap Penalty: 505.22
  Edge Residual Penalty: 0.00
  Edge Rot Residual Penalty: 0.00
  Connectivity Reward: 0.00
  Component Penalty: 0.00
  Consensus Support Reward: 124.21
  Largest Component: 27
  Num Components: 1
  Active Pairs: 26
  OverlapDiag Sum (indexed): 505.2152 (delta_vs_fitness=0.0000)
  OverlapDiag Pairs: total=325 same_comp=325 broad_reject=259 narrow_checked=325 active=5
  OverlapDiag Top Active Pairs:
    Pair (1,16) pen=168.6747 hits=14/1473 hit_ratio=0.0422 avg_depth=0.2281 min_nn=0.4311
    Pair (4,8) pen=72.8832 hits=17/1597 hit_ratio=0.0182 avg_depth=0.2754 min_nn=0.4245

  --- ACTIVE GENE MAP ---
    Gene  2 (Pair  5- 1): choice=8 (inl=84)
    Gene  6 (Pair  9- 1): choice=5 (inl=84)
    Gene  7 (Pair 10- 1): choice=2 (inl=65)
    Gene 14 (Pair 19- 1): choice=3 (inl=75)
    Gene 19 (Pair 24- 1): choice=1 (inl=36)
    Gene 23 (Pair  7- 2): choice=2 (inl=44)
    Gene 29 (Pair 13- 2): choice=1 (inl=46)
    Gene 32 (Pair 18- 2): choice=2 (inl=81)
    Gene 35 (Pair 25- 2): choice=1 (inl=22)
    Gene 39 (Pair  5- 3): choice=1 (inl=68)
    Gene 49 (Pair 16- 3): choice=1 (inl=64)
    Gene 50 (Pair 17- 3): choice=1 (inl=79)
    Gene 61 (Pair 11- 4): choice=1 (inl=57)
    Gene 67 (Pair 20- 4): choice=1 (inl=53)
    Gene 70 (Pair 27- 4): choice=1 (inl=39)
    Gene 86 (Pair 22- 5): choice=4 (inl=51)
    Gene 87 (Pair 23- 5): choice=2 (inl=45)
    Gene 95 (Pair 13- 6): choice=2 (inl=48)
    Gene 106 (Pair  8- 7): choice=3 (inl=98)
    Gene 109 (Pair 11- 7): choice=1 (inl=107)
    Gene 112 (Pair 14- 7): choice=2 (inl=92)
    Gene 152 (Pair 26- 9): choice=3 (inl=65)
    Gene 167 (Pair 17-11): choice=1 (inl=66)
    Gene 178 (Pair 18-12): choice=4 (inl=72)
    Gene 203 (Pair 18-15): choice=1 (inl=58)
    Gene 223 (Pair 21-19): choice=1 (inl=80)

  --- SHARD 4 CANDIDATE ANALYSIS ---
    Pair (4-2): Selected=0 / 2 choices
      Choice 1: inliners=26
      Choice 2: inliners=2
    Pair (4-3): Selected=0 / 5 choices
      Choice 1: inliners=38
      Choice 2: inliners=46
      Choice 3: inliners=14
      Choice 4: inliners=32
      Choice 5: inliners=68
    Pair (5-4): Selected=0 / 2 choices
      Choice 1: inliners=48
      Choice 2: inliners=12
    Pair (6-4): Selected=0 / 2 choices
      Choice 1: inliners=24
      Choice 2: inliners=6
    Pair (7-4): Selected=0 / 2 choices
      Choice 1: inliners=36
      Choice 2: inliners=30
    Pair (8-4): Selected=0 / 4 choices
      Choice 1: inliners=28
      Choice 2: inliners=22
      Choice 3: inliners=44
      Choice 4: inliners=0
    Pair (11-4): Selected=1 / 1 choices
      Choice 1: inliners=57 [SELECTED]
    Pair (13-4): Selected=0 / 1 choices
      Choice 1: inliners=14
    Pair (14-4): Selected=0 / 2 choices
      Choice 1: inliners=48
      Choice 2: inliners=16
    Pair (16-4): Selected=0 / 1 choices
      Choice 1: inliners=32
    Pair (17-4): Selected=0 / 1 choices
      Choice 1: inliners=66
    Pair (19-4): Selected=0 / 4 choices
      Choice 1: inliners=32
      Choice 2: inliners=44
      Choice 3: inliners=26
      Choice 4: inliners=40
    Pair (20-4): Selected=1 / 1 choices
      Choice 1: inliners=53 [SELECTED]
    Pair (21-4): Selected=0 / 3 choices
      Choice 1: inliners=22
      Choice 2: inliners=16
      Choice 3: inliners=32
    Pair (22-4): Selected=0 / 1 choices
      Choice 1: inliners=38
    Pair (27-4): Selected=1 / 1 choices
      Choice 1: inliners=39 [SELECTED]


--- GENERATION 20 BEST BREAKDOWN ---
  Total Fitness: 1283.56
  Inlier Reward: 1190.07
  Cycle Penalty: 0.00
  Overlap Penalty: 54.99
  Edge Residual Penalty: 0.00
  Edge Rot Residual Penalty: 0.00
  Connectivity Reward: 0.00
  Component Penalty: 0.00
  Consensus Support Reward: 148.47
  Largest Component: 27
  Num Components: 1
  Active Pairs: 26
  OverlapDiag Sum (indexed): 54.9885 (delta_vs_fitness=0.0000)
  OverlapDiag Pairs: total=325 same_comp=325 broad_reject=258 narrow_checked=325 active=3
  OverlapDiag Active Pairs: none

  --- ACTIVE GENE MAP ---
    Gene  2 (Pair  5- 1): choice=8 (inl=84)
    Gene  6 (Pair  9- 1): choice=4 (inl=32)
    Gene  7 (Pair 10- 1): choice=2 (inl=65)
    Gene 14 (Pair 19- 1): choice=2 (inl=89)
    Gene 22 (Pair  6- 2): choice=1 (inl=48)
    Gene 23 (Pair  7- 2): choice=2 (inl=44)
    Gene 29 (Pair 13- 2): choice=1 (inl=46)
    Gene 32 (Pair 18- 2): choice=2 (inl=81)
    Gene 35 (Pair 25- 2): choice=2 (inl=26)
    Gene 42 (Pair  8- 3): choice=1 (inl=52)
    Gene 50 (Pair 17- 3): choice=1 (inl=79)
    Gene 61 (Pair 11- 4): choice=1 (inl=57)
    Gene 70 (Pair 27- 4): choice=1 (inl=39)
    Gene 87 (Pair 23- 5): choice=2 (inl=45)
    Gene 92 (Pair 10- 6): choice=3 (inl=40)
    Gene 106 (Pair  8- 7): choice=3 (inl=98)
    Gene 109 (Pair 11- 7): choice=1 (inl=107)
    Gene 112 (Pair 14- 7): choice=2 (inl=92)
    Gene 133 (Pair 20- 8): choice=2 (inl=55)
    Gene 144 (Pair 16- 9): choice=3 (inl=70)
    Gene 151 (Pair 24- 9): choice=1 (inl=51)
    Gene 153 (Pair 12-10): choice=2 (inl=68)
    Gene 160 (Pair 21-10): choice=1 (inl=70)
    Gene 176 (Pair 15-12): choice=2 (inl=46)
    Gene 182 (Pair 22-12): choice=1 (inl=55)
    Gene 185 (Pair 26-12): choice=1 (inl=58)

  --- SHARD 4 CANDIDATE ANALYSIS ---
    Pair (4-2): Selected=0 / 2 choices
      Choice 1: inliners=26
      Choice 2: inliners=2
    Pair (4-3): Selected=0 / 5 choices
      Choice 1: inliners=38
      Choice 2: inliners=46
      Choice 3: inliners=14
      Choice 4: inliners=32
      Choice 5: inliners=68
    Pair (5-4): Selected=0 / 2 choices
      Choice 1: inliners=48
      Choice 2: inliners=12
    Pair (6-4): Selected=0 / 2 choices
      Choice 1: inliners=24
      Choice 2: inliners=6
    Pair (7-4): Selected=0 / 2 choices
      Choice 1: inliners=36
      Choice 2: inliners=30
    Pair (8-4): Selected=0 / 4 choices
      Choice 1: inliners=28
      Choice 2: inliners=22
      Choice 3: inliners=44
      Choice 4: inliners=0
    Pair (11-4): Selected=1 / 1 choices
      Choice 1: inliners=57 [SELECTED]
    Pair (13-4): Selected=0 / 1 choices
      Choice 1: inliners=14
    Pair (14-4): Selected=0 / 2 choices
      Choice 1: inliners=48
      Choice 2: inliners=16
    Pair (16-4): Selected=0 / 1 choices
      Choice 1: inliners=32
    Pair (17-4): Selected=0 / 1 choices
      Choice 1: inliners=66
    Pair (19-4): Selected=0 / 4 choices
      Choice 1: inliners=32
      Choice 2: inliners=44
      Choice 3: inliners=26
      Choice 4: inliners=40
    Pair (20-4): Selected=0 / 1 choices
      Choice 1: inliners=53
    Pair (21-4): Selected=0 / 3 choices
      Choice 1: inliners=22
      Choice 2: inliners=16
      Choice 3: inliners=32
    Pair (22-4): Selected=0 / 1 choices
      Choice 1: inliners=38
    Pair (27-4): Selected=1 / 1 choices
      Choice 1: inliners=39 [SELECTED]


--- GENERATION 30 BEST BREAKDOWN ---
  Total Fitness: 1437.39
  Inlier Reward: 1157.40
  Cycle Penalty: 0.00
  Overlap Penalty: 0.00
  Edge Residual Penalty: 0.00
  Edge Rot Residual Penalty: 0.00
  Connectivity Reward: 0.00
  Component Penalty: 0.00
  Consensus Support Reward: 279.99
  Largest Component: 27
  Num Components: 1
  Active Pairs: 26
  OverlapDiag Sum (indexed): 0.0000 (delta_vs_fitness=0.0000)
  OverlapDiag Pairs: total=325 same_comp=325 broad_reject=276 narrow_checked=325 active=2
  OverlapDiag Active Pairs: none

  --- ACTIVE GENE MAP ---
    Gene  2 (Pair  5- 1): choice=8 (inl=84)
    Gene  6 (Pair  9- 1): choice=4 (inl=32)
    Gene  7 (Pair 10- 1): choice=2 (inl=65)
    Gene 14 (Pair 19- 1): choice=2 (inl=89)
    Gene 22 (Pair  6- 2): choice=1 (inl=48)
    Gene 23 (Pair  7- 2): choice=2 (inl=44)
    Gene 25 (Pair  9- 2): choice=2 (inl=36)
    Gene 29 (Pair 13- 2): choice=1 (inl=46)
    Gene 32 (Pair 18- 2): choice=2 (inl=81)
    Gene 35 (Pair 25- 2): choice=2 (inl=26)
    Gene 42 (Pair  8- 3): choice=1 (inl=52)
    Gene 46 (Pair 12- 3): choice=1 (inl=48)
    Gene 49 (Pair 16- 3): choice=1 (inl=64)
    Gene 50 (Pair 17- 3): choice=1 (inl=79)
    Gene 61 (Pair 11- 4): choice=1 (inl=57)
    Gene 67 (Pair 20- 4): choice=1 (inl=53)
    Gene 105 (Pair 27- 6): choice=1 (inl=26)
    Gene 106 (Pair  8- 7): choice=3 (inl=98)
    Gene 109 (Pair 11- 7): choice=1 (inl=107)
    Gene 112 (Pair 14- 7): choice=2 (inl=92)
    Gene 118 (Pair 22- 7): choice=3 (inl=28)
    Gene 150 (Pair 23- 9): choice=1 (inl=40)
    Gene 151 (Pair 24- 9): choice=1 (inl=51)
    Gene 152 (Pair 26- 9): choice=3 (inl=65)
    Gene 160 (Pair 21-10): choice=1 (inl=70)
    Gene 203 (Pair 18-15): choice=1 (inl=58)

  --- SHARD 4 CANDIDATE ANALYSIS ---
    Pair (4-2): Selected=0 / 2 choices
      Choice 1: inliners=26
      Choice 2: inliners=2
    Pair (4-3): Selected=0 / 5 choices
      Choice 1: inliners=38
      Choice 2: inliners=46
      Choice 3: inliners=14
      Choice 4: inliners=32
      Choice 5: inliners=68
    Pair (5-4): Selected=0 / 2 choices
      Choice 1: inliners=48
      Choice 2: inliners=12
    Pair (6-4): Selected=0 / 2 choices
      Choice 1: inliners=24
      Choice 2: inliners=6
    Pair (7-4): Selected=0 / 2 choices
      Choice 1: inliners=36
      Choice 2: inliners=30
    Pair (8-4): Selected=0 / 4 choices
      Choice 1: inliners=28
      Choice 2: inliners=22
      Choice 3: inliners=44
      Choice 4: inliners=0
    Pair (11-4): Selected=1 / 1 choices
      Choice 1: inliners=57 [SELECTED]
    Pair (13-4): Selected=0 / 1 choices
      Choice 1: inliners=14
    Pair (14-4): Selected=0 / 2 choices
      Choice 1: inliners=48
      Choice 2: inliners=16
    Pair (16-4): Selected=0 / 1 choices
      Choice 1: inliners=32
    Pair (17-4): Selected=0 / 1 choices
      Choice 1: inliners=66
    Pair (19-4): Selected=0 / 4 choices
      Choice 1: inliners=32
      Choice 2: inliners=44
      Choice 3: inliners=26
      Choice 4: inliners=40
    Pair (20-4): Selected=1 / 1 choices
      Choice 1: inliners=53 [SELECTED]
    Pair (21-4): Selected=0 / 3 choices
      Choice 1: inliners=22
      Choice 2: inliners=16
      Choice 3: inliners=32
    Pair (22-4): Selected=0 / 1 choices
      Choice 1: inliners=38
    Pair (27-4): Selected=0 / 1 choices
      Choice 1: inliners=39


--- GENERATION 40 BEST BREAKDOWN ---
  Total Fitness: 1460.11
  Inlier Reward: 1175.12
  Cycle Penalty: 0.00
  Overlap Penalty: 145.77
  Edge Residual Penalty: 0.00
  Edge Rot Residual Penalty: 0.00
  Connectivity Reward: 0.00
  Component Penalty: 0.00
  Consensus Support Reward: 430.75
  Largest Component: 27
  Num Components: 1
  Active Pairs: 26
  OverlapDiag Sum (indexed): 145.7663 (delta_vs_fitness=0.0000)
  OverlapDiag Pairs: total=325 same_comp=325 broad_reject=276 narrow_checked=325 active=2
  OverlapDiag Top Active Pairs:
    Pair (4,8) pen=72.8832 hits=17/1597 hit_ratio=0.0182 avg_depth=0.2754 min_nn=0.4245

  --- ACTIVE GENE MAP ---
    Gene  2 (Pair  5- 1): choice=8 (inl=84)
    Gene  6 (Pair  9- 1): choice=5 (inl=84)
    Gene  7 (Pair 10- 1): choice=2 (inl=65)
    Gene 14 (Pair 19- 1): choice=2 (inl=89)
    Gene 15 (Pair 20- 1): choice=2 (inl=38)
    Gene 22 (Pair  6- 2): choice=1 (inl=48)
    Gene 23 (Pair  7- 2): choice=2 (inl=44)
    Gene 25 (Pair  9- 2): choice=2 (inl=36)
    Gene 29 (Pair 13- 2): choice=1 (inl=46)
    Gene 35 (Pair 25- 2): choice=2 (inl=26)
    Gene 46 (Pair 12- 3): choice=1 (inl=48)
    Gene 47 (Pair 14- 3): choice=3 (inl=55)
    Gene 49 (Pair 16- 3): choice=1 (inl=64)
    Gene 50 (Pair 17- 3): choice=1 (inl=79)
    Gene 61 (Pair 11- 4): choice=1 (inl=57)
    Gene 70 (Pair 27- 4): choice=1 (inl=39)
    Gene 106 (Pair  8- 7): choice=3 (inl=98)
    Gene 109 (Pair 11- 7): choice=1 (inl=107)
    Gene 112 (Pair 14- 7): choice=2 (inl=92)
    Gene 118 (Pair 22- 7): choice=3 (inl=28)
    Gene 150 (Pair 23- 9): choice=1 (inl=40)
    Gene 151 (Pair 24- 9): choice=1 (inl=51)
    Gene 152 (Pair 26- 9): choice=3 (inl=65)
    Gene 160 (Pair 21-10): choice=1 (inl=70)
    Gene 176 (Pair 15-12): choice=3 (inl=38)
    Gene 178 (Pair 18-12): choice=4 (inl=72)

  --- SHARD 4 CANDIDATE ANALYSIS ---
    Pair (4-2): Selected=0 / 2 choices
      Choice 1: inliners=26
      Choice 2: inliners=2
    Pair (4-3): Selected=0 / 5 choices
      Choice 1: inliners=38
      Choice 2: inliners=46
      Choice 3: inliners=14
      Choice 4: inliners=32
      Choice 5: inliners=68
    Pair (5-4): Selected=0 / 2 choices
      Choice 1: inliners=48
      Choice 2: inliners=12
    Pair (6-4): Selected=0 / 2 choices
      Choice 1: inliners=24
      Choice 2: inliners=6
    Pair (7-4): Selected=0 / 2 choices
      Choice 1: inliners=36
      Choice 2: inliners=30
    Pair (8-4): Selected=0 / 4 choices
      Choice 1: inliners=28
      Choice 2: inliners=22
      Choice 3: inliners=44
      Choice 4: inliners=0
    Pair (11-4): Selected=1 / 1 choices
      Choice 1: inliners=57 [SELECTED]
    Pair (13-4): Selected=0 / 1 choices
      Choice 1: inliners=14
    Pair (14-4): Selected=0 / 2 choices
      Choice 1: inliners=48
      Choice 2: inliners=16
    Pair (16-4): Selected=0 / 1 choices
      Choice 1: inliners=32
    Pair (17-4): Selected=0 / 1 choices
      Choice 1: inliners=66
    Pair (19-4): Selected=0 / 4 choices
      Choice 1: inliners=32
      Choice 2: inliners=44
      Choice 3: inliners=26
      Choice 4: inliners=40
    Pair (20-4): Selected=0 / 1 choices
      Choice 1: inliners=53
    Pair (21-4): Selected=0 / 3 choices
      Choice 1: inliners=22
      Choice 2: inliners=16
      Choice 3: inliners=32
    Pair (22-4): Selected=0 / 1 choices
      Choice 1: inliners=38
    Pair (27-4): Selected=1 / 1 choices
      Choice 1: inliners=39 [SELECTED]


--- GENERATION 50 BEST BREAKDOWN ---
  Total Fitness: 1604.71
  Inlier Reward: 1115.80
  Cycle Penalty: 0.00
  Overlap Penalty: 0.00
  Edge Residual Penalty: 0.00
  Edge Rot Residual Penalty: 0.00
  Connectivity Reward: 0.00
  Component Penalty: 0.00
  Consensus Support Reward: 488.91
  Largest Component: 27
  Num Components: 1
  Active Pairs: 26
  OverlapDiag Sum (indexed): 0.0000 (delta_vs_fitness=0.0000)
  OverlapDiag Pairs: total=325 same_comp=325 broad_reject=272 narrow_checked=325 active=3
  OverlapDiag Active Pairs: none

  --- ACTIVE GENE MAP ---
    Gene  2 (Pair  5- 1): choice=8 (inl=84)
    Gene  6 (Pair  9- 1): choice=4 (inl=32)
    Gene  7 (Pair 10- 1): choice=2 (inl=65)
    Gene 14 (Pair 19- 1): choice=2 (inl=89)
    Gene 22 (Pair  6- 2): choice=1 (inl=48)
    Gene 23 (Pair  7- 2): choice=2 (inl=44)
    Gene 25 (Pair  9- 2): choice=2 (inl=36)
    Gene 29 (Pair 13- 2): choice=1 (inl=46)
    Gene 32 (Pair 18- 2): choice=2 (inl=81)
    Gene 35 (Pair 25- 2): choice=1 (inl=22)
    Gene 36 (Pair 26- 2): choice=4 (inl=34)
    Gene 37 (Pair 27- 2): choice=1 (inl=30)
    Gene 47 (Pair 14- 3): choice=3 (inl=55)
    Gene 49 (Pair 16- 3): choice=1 (inl=64)
    Gene 50 (Pair 17- 3): choice=1 (inl=79)
    Gene 61 (Pair 11- 4): choice=1 (inl=57)
    Gene 67 (Pair 20- 4): choice=1 (inl=53)
    Gene 106 (Pair  8- 7): choice=3 (inl=98)
    Gene 109 (Pair 11- 7): choice=1 (inl=107)
    Gene 112 (Pair 14- 7): choice=2 (inl=92)
    Gene 118 (Pair 22- 7): choice=3 (inl=28)
    Gene 150 (Pair 23- 9): choice=1 (inl=40)
    Gene 151 (Pair 24- 9): choice=1 (inl=51)
    Gene 160 (Pair 21-10): choice=1 (inl=70)
    Gene 176 (Pair 15-12): choice=3 (inl=38)
    Gene 203 (Pair 18-15): choice=1 (inl=58)

  --- SHARD 4 CANDIDATE ANALYSIS ---
    Pair (4-2): Selected=0 / 2 choices
      Choice 1: inliners=26
      Choice 2: inliners=2
    Pair (4-3): Selected=0 / 5 choices
      Choice 1: inliners=38
      Choice 2: inliners=46
      Choice 3: inliners=14
      Choice 4: inliners=32
      Choice 5: inliners=68
    Pair (5-4): Selected=0 / 2 choices
      Choice 1: inliners=48
      Choice 2: inliners=12
    Pair (6-4): Selected=0 / 2 choices
      Choice 1: inliners=24
      Choice 2: inliners=6
    Pair (7-4): Selected=0 / 2 choices
      Choice 1: inliners=36
      Choice 2: inliners=30
    Pair (8-4): Selected=0 / 4 choices
      Choice 1: inliners=28
      Choice 2: inliners=22
      Choice 3: inliners=44
      Choice 4: inliners=0
    Pair (11-4): Selected=1 / 1 choices
      Choice 1: inliners=57 [SELECTED]
    Pair (13-4): Selected=0 / 1 choices
      Choice 1: inliners=14
    Pair (14-4): Selected=0 / 2 choices
      Choice 1: inliners=48
      Choice 2: inliners=16
    Pair (16-4): Selected=0 / 1 choices
      Choice 1: inliners=32
    Pair (17-4): Selected=0 / 1 choices
      Choice 1: inliners=66
    Pair (19-4): Selected=0 / 4 choices
      Choice 1: inliners=32
      Choice 2: inliners=44
      Choice 3: inliners=26
      Choice 4: inliners=40
    Pair (20-4): Selected=1 / 1 choices
      Choice 1: inliners=53 [SELECTED]
    Pair (21-4): Selected=0 / 3 choices
      Choice 1: inliners=22
      Choice 2: inliners=16
      Choice 3: inliners=32
    Pair (22-4): Selected=0 / 1 choices
      Choice 1: inliners=38
    Pair (27-4): Selected=0 / 1 choices
      Choice 1: inliners=39


--- GENERATION 60 BEST BREAKDOWN ---
  Total Fitness: 1699.47
  Inlier Reward: 1125.15
  Cycle Penalty: 0.00
  Overlap Penalty: 50.29
  Edge Residual Penalty: 0.00
  Edge Rot Residual Penalty: 0.00
  Connectivity Reward: 0.00
  Component Penalty: 0.00
  Consensus Support Reward: 624.60
  Largest Component: 27
  Num Components: 1
  Active Pairs: 26
  OverlapDiag Sum (indexed): 50.2857 (delta_vs_fitness=0.0000)
  OverlapDiag Pairs: total=325 same_comp=325 broad_reject=272 narrow_checked=325 active=3
  OverlapDiag Active Pairs: none

  --- ACTIVE GENE MAP ---
    Gene  2 (Pair  5- 1): choice=8 (inl=84)
    Gene  7 (Pair 10- 1): choice=2 (inl=65)
    Gene 14 (Pair 19- 1): choice=2 (inl=89)
    Gene 15 (Pair 20- 1): choice=2 (inl=38)
    Gene 22 (Pair  6- 2): choice=1 (inl=48)
    Gene 25 (Pair  9- 2): choice=2 (inl=36)
    Gene 29 (Pair 13- 2): choice=1 (inl=46)
    Gene 32 (Pair 18- 2): choice=2 (inl=81)
    Gene 35 (Pair 25- 2): choice=2 (inl=26)
    Gene 36 (Pair 26- 2): choice=4 (inl=34)
    Gene 37 (Pair 27- 2): choice=1 (inl=30)
    Gene 42 (Pair  8- 3): choice=1 (inl=52)
    Gene 46 (Pair 12- 3): choice=1 (inl=48)
    Gene 47 (Pair 14- 3): choice=3 (inl=55)
    Gene 49 (Pair 16- 3): choice=1 (inl=64)
    Gene 50 (Pair 17- 3): choice=1 (inl=79)
    Gene 61 (Pair 11- 4): choice=1 (inl=57)
    Gene 106 (Pair  8- 7): choice=3 (inl=98)
    Gene 109 (Pair 11- 7): choice=1 (inl=107)
    Gene 118 (Pair 22- 7): choice=3 (inl=28)
    Gene 150 (Pair 23- 9): choice=1 (inl=40)
    Gene 151 (Pair 24- 9): choice=1 (inl=51)
    Gene 153 (Pair 12-10): choice=2 (inl=68)
    Gene 160 (Pair 21-10): choice=1 (inl=70)
    Gene 176 (Pair 15-12): choice=3 (inl=38)
    Gene 178 (Pair 18-12): choice=4 (inl=72)

  --- SHARD 4 CANDIDATE ANALYSIS ---
    Pair (4-2): Selected=0 / 2 choices
      Choice 1: inliners=26
      Choice 2: inliners=2
    Pair (4-3): Selected=0 / 5 choices
      Choice 1: inliners=38
      Choice 2: inliners=46
      Choice 3: inliners=14
      Choice 4: inliners=32
      Choice 5: inliners=68
    Pair (5-4): Selected=0 / 2 choices
      Choice 1: inliners=48
      Choice 2: inliners=12
    Pair (6-4): Selected=0 / 2 choices
      Choice 1: inliners=24
      Choice 2: inliners=6
    Pair (7-4): Selected=0 / 2 choices
      Choice 1: inliners=36
      Choice 2: inliners=30
    Pair (8-4): Selected=0 / 4 choices
      Choice 1: inliners=28
      Choice 2: inliners=22
      Choice 3: inliners=44
      Choice 4: inliners=0
    Pair (11-4): Selected=1 / 1 choices
      Choice 1: inliners=57 [SELECTED]
    Pair (13-4): Selected=0 / 1 choices
      Choice 1: inliners=14
    Pair (14-4): Selected=0 / 2 choices
      Choice 1: inliners=48
      Choice 2: inliners=16
    Pair (16-4): Selected=0 / 1 choices
      Choice 1: inliners=32
    Pair (17-4): Selected=0 / 1 choices
      Choice 1: inliners=66
    Pair (19-4): Selected=0 / 4 choices
      Choice 1: inliners=32
      Choice 2: inliners=44
      Choice 3: inliners=26
      Choice 4: inliners=40
    Pair (20-4): Selected=0 / 1 choices
      Choice 1: inliners=53
    Pair (21-4): Selected=0 / 3 choices
      Choice 1: inliners=22
      Choice 2: inliners=16
      Choice 3: inliners=32
    Pair (22-4): Selected=0 / 1 choices
      Choice 1: inliners=38
    Pair (27-4): Selected=0 / 1 choices
      Choice 1: inliners=39


--- GENERATION 70 BEST BREAKDOWN ---
  Total Fitness: 1736.57
  Inlier Reward: 1082.79
  Cycle Penalty: 0.00
  Overlap Penalty: 0.00
  Edge Residual Penalty: 0.00
  Edge Rot Residual Penalty: 0.00
  Connectivity Reward: 0.00
  Component Penalty: 0.00
  Consensus Support Reward: 653.78
  Largest Component: 27
  Num Components: 1
  Active Pairs: 26
  OverlapDiag Sum (indexed): 0.0000 (delta_vs_fitness=0.0000)
  OverlapDiag Pairs: total=325 same_comp=325 broad_reject=252 narrow_checked=325 active=3
  OverlapDiag Active Pairs: none

  --- ACTIVE GENE MAP ---
    Gene  2 (Pair  5- 1): choice=8 (inl=84)
    Gene  7 (Pair 10- 1): choice=2 (inl=65)
    Gene 14 (Pair 19- 1): choice=2 (inl=89)
    Gene 15 (Pair 20- 1): choice=2 (inl=38)
    Gene 22 (Pair  6- 2): choice=1 (inl=48)
    Gene 23 (Pair  7- 2): choice=2 (inl=44)
    Gene 25 (Pair  9- 2): choice=2 (inl=36)
    Gene 29 (Pair 13- 2): choice=1 (inl=46)
    Gene 35 (Pair 25- 2): choice=2 (inl=26)
    Gene 36 (Pair 26- 2): choice=4 (inl=34)
    Gene 37 (Pair 27- 2): choice=1 (inl=30)
    Gene 42 (Pair  8- 3): choice=1 (inl=52)
    Gene 46 (Pair 12- 3): choice=1 (inl=48)
    Gene 47 (Pair 14- 3): choice=3 (inl=55)
    Gene 49 (Pair 16- 3): choice=1 (inl=64)
    Gene 50 (Pair 17- 3): choice=1 (inl=79)
    Gene 61 (Pair 11- 4): choice=1 (inl=57)
    Gene 106 (Pair  8- 7): choice=3 (inl=98)
    Gene 109 (Pair 11- 7): choice=1 (inl=107)
    Gene 118 (Pair 22- 7): choice=3 (inl=28)
    Gene 150 (Pair 23- 9): choice=1 (inl=40)
    Gene 151 (Pair 24- 9): choice=1 (inl=51)
    Gene 153 (Pair 12-10): choice=2 (inl=68)
    Gene 160 (Pair 21-10): choice=1 (inl=70)
    Gene 176 (Pair 15-12): choice=3 (inl=38)
    Gene 203 (Pair 18-15): choice=1 (inl=58)

  --- SHARD 4 CANDIDATE ANALYSIS ---
    Pair (4-2): Selected=0 / 2 choices
      Choice 1: inliners=26
      Choice 2: inliners=2
    Pair (4-3): Selected=0 / 5 choices
      Choice 1: inliners=38
      Choice 2: inliners=46
      Choice 3: inliners=14
      Choice 4: inliners=32
      Choice 5: inliners=68
    Pair (5-4): Selected=0 / 2 choices
      Choice 1: inliners=48
      Choice 2: inliners=12
    Pair (6-4): Selected=0 / 2 choices
      Choice 1: inliners=24
      Choice 2: inliners=6
    Pair (7-4): Selected=0 / 2 choices
      Choice 1: inliners=36
      Choice 2: inliners=30
    Pair (8-4): Selected=0 / 4 choices
      Choice 1: inliners=28
      Choice 2: inliners=22
      Choice 3: inliners=44
      Choice 4: inliners=0
    Pair (11-4): Selected=1 / 1 choices
      Choice 1: inliners=57 [SELECTED]
    Pair (13-4): Selected=0 / 1 choices
      Choice 1: inliners=14
    Pair (14-4): Selected=0 / 2 choices
      Choice 1: inliners=48
      Choice 2: inliners=16
    Pair (16-4): Selected=0 / 1 choices
      Choice 1: inliners=32
    Pair (17-4): Selected=0 / 1 choices
      Choice 1: inliners=66
    Pair (19-4): Selected=0 / 4 choices
      Choice 1: inliners=32
      Choice 2: inliners=44
      Choice 3: inliners=26
      Choice 4: inliners=40
    Pair (20-4): Selected=0 / 1 choices
      Choice 1: inliners=53
    Pair (21-4): Selected=0 / 3 choices
      Choice 1: inliners=22
      Choice 2: inliners=16
      Choice 3: inliners=32
    Pair (22-4): Selected=0 / 1 choices
      Choice 1: inliners=38
    Pair (27-4): Selected=0 / 1 choices
      Choice 1: inliners=39


--- GENERATION 80 BEST BREAKDOWN ---
  Total Fitness: 1776.17
  Inlier Reward: 1054.50
  Cycle Penalty: 0.00
  Overlap Penalty: 0.00
  Edge Residual Penalty: 0.00
  Edge Rot Residual Penalty: 0.00
  Connectivity Reward: 0.00
  Component Penalty: 0.00
  Consensus Support Reward: 721.67
  Largest Component: 27
  Num Components: 1
  Active Pairs: 26
  OverlapDiag Sum (indexed): 0.0000 (delta_vs_fitness=0.0000)
  OverlapDiag Pairs: total=325 same_comp=325 broad_reject=252 narrow_checked=325 active=3
  OverlapDiag Active Pairs: none

  --- ACTIVE GENE MAP ---
    Gene  2 (Pair  5- 1): choice=8 (inl=84)
    Gene  7 (Pair 10- 1): choice=2 (inl=65)
    Gene 14 (Pair 19- 1): choice=2 (inl=89)
    Gene 15 (Pair 20- 1): choice=2 (inl=38)
    Gene 22 (Pair  6- 2): choice=1 (inl=48)
    Gene 23 (Pair  7- 2): choice=2 (inl=44)
    Gene 25 (Pair  9- 2): choice=2 (inl=36)
    Gene 29 (Pair 13- 2): choice=1 (inl=46)
    Gene 35 (Pair 25- 2): choice=2 (inl=26)
    Gene 36 (Pair 26- 2): choice=4 (inl=34)
    Gene 37 (Pair 27- 2): choice=1 (inl=30)
    Gene 42 (Pair  8- 3): choice=1 (inl=52)
    Gene 46 (Pair 12- 3): choice=1 (inl=48)
    Gene 47 (Pair 14- 3): choice=3 (inl=55)
    Gene 49 (Pair 16- 3): choice=1 (inl=64)
    Gene 61 (Pair 11- 4): choice=1 (inl=57)
    Gene 106 (Pair  8- 7): choice=3 (inl=98)
    Gene 109 (Pair 11- 7): choice=1 (inl=107)
    Gene 118 (Pair 22- 7): choice=3 (inl=28)
    Gene 150 (Pair 23- 9): choice=1 (inl=40)
    Gene 151 (Pair 24- 9): choice=1 (inl=51)
    Gene 153 (Pair 12-10): choice=2 (inl=68)
    Gene 160 (Pair 21-10): choice=1 (inl=70)
    Gene 176 (Pair 15-12): choice=3 (inl=38)
    Gene 178 (Pair 18-12): choice=4 (inl=72)
    Gene 194 (Pair 17-14): choice=1 (inl=26)

  --- SHARD 4 CANDIDATE ANALYSIS ---
    Pair (4-2): Selected=0 / 2 choices
      Choice 1: inliners=26
      Choice 2: inliners=2
    Pair (4-3): Selected=0 / 5 choices
      Choice 1: inliners=38
      Choice 2: inliners=46
      Choice 3: inliners=14
      Choice 4: inliners=32
      Choice 5: inliners=68
    Pair (5-4): Selected=0 / 2 choices
      Choice 1: inliners=48
      Choice 2: inliners=12
    Pair (6-4): Selected=0 / 2 choices
      Choice 1: inliners=24
      Choice 2: inliners=6
    Pair (7-4): Selected=0 / 2 choices
      Choice 1: inliners=36
      Choice 2: inliners=30
    Pair (8-4): Selected=0 / 4 choices
      Choice 1: inliners=28
      Choice 2: inliners=22
      Choice 3: inliners=44
      Choice 4: inliners=0
    Pair (11-4): Selected=1 / 1 choices
      Choice 1: inliners=57 [SELECTED]
    Pair (13-4): Selected=0 / 1 choices
      Choice 1: inliners=14
    Pair (14-4): Selected=0 / 2 choices
      Choice 1: inliners=48
      Choice 2: inliners=16
    Pair (16-4): Selected=0 / 1 choices
      Choice 1: inliners=32
    Pair (17-4): Selected=0 / 1 choices
      Choice 1: inliners=66
    Pair (19-4): Selected=0 / 4 choices
      Choice 1: inliners=32
      Choice 2: inliners=44
      Choice 3: inliners=26
      Choice 4: inliners=40
    Pair (20-4): Selected=0 / 1 choices
      Choice 1: inliners=53
    Pair (21-4): Selected=0 / 3 choices
      Choice 1: inliners=22
      Choice 2: inliners=16
      Choice 3: inliners=32
    Pair (22-4): Selected=0 / 1 choices
      Choice 1: inliners=38
    Pair (27-4): Selected=0 / 1 choices
      Choice 1: inliners=39


--- GENERATION 90 BEST BREAKDOWN ---
  Total Fitness: 1812.59
  Inlier Reward: 1047.87
  Cycle Penalty: 0.00
  Overlap Penalty: 0.00
  Edge Residual Penalty: 0.00
  Edge Rot Residual Penalty: 0.00
  Connectivity Reward: 0.00
  Component Penalty: 0.00
  Consensus Support Reward: 764.72
  Largest Component: 27
  Num Components: 1
  Active Pairs: 26
  OverlapDiag Sum (indexed): 0.0000 (delta_vs_fitness=0.0000)
  OverlapDiag Pairs: total=325 same_comp=325 broad_reject=256 narrow_checked=325 active=4
  OverlapDiag Active Pairs: none

  --- ACTIVE GENE MAP ---
    Gene  2 (Pair  5- 1): choice=8 (inl=84)
    Gene  7 (Pair 10- 1): choice=2 (inl=65)
    Gene 22 (Pair  6- 2): choice=1 (inl=48)
    Gene 23 (Pair  7- 2): choice=2 (inl=44)
    Gene 25 (Pair  9- 2): choice=2 (inl=36)
    Gene 29 (Pair 13- 2): choice=1 (inl=46)
    Gene 35 (Pair 25- 2): choice=2 (inl=26)
    Gene 36 (Pair 26- 2): choice=4 (inl=34)
    Gene 37 (Pair 27- 2): choice=1 (inl=30)
    Gene 42 (Pair  8- 3): choice=1 (inl=52)
    Gene 46 (Pair 12- 3): choice=1 (inl=48)
    Gene 47 (Pair 14- 3): choice=3 (inl=55)
    Gene 49 (Pair 16- 3): choice=1 (inl=64)
    Gene 61 (Pair 11- 4): choice=1 (inl=57)
    Gene 67 (Pair 20- 4): choice=1 (inl=53)
    Gene 106 (Pair  8- 7): choice=3 (inl=98)
    Gene 109 (Pair 11- 7): choice=1 (inl=107)
    Gene 118 (Pair 22- 7): choice=3 (inl=28)
    Gene 150 (Pair 23- 9): choice=1 (inl=40)
    Gene 151 (Pair 24- 9): choice=1 (inl=51)
    Gene 153 (Pair 12-10): choice=2 (inl=68)
    Gene 160 (Pair 21-10): choice=1 (inl=70)
    Gene 176 (Pair 15-12): choice=3 (inl=38)
    Gene 194 (Pair 17-14): choice=1 (inl=26)
    Gene 203 (Pair 18-15): choice=1 (inl=58)
    Gene 223 (Pair 21-19): choice=1 (inl=80)

  --- SHARD 4 CANDIDATE ANALYSIS ---
    Pair (4-2): Selected=0 / 2 choices
      Choice 1: inliners=26
      Choice 2: inliners=2
    Pair (4-3): Selected=0 / 5 choices
      Choice 1: inliners=38
      Choice 2: inliners=46
      Choice 3: inliners=14
      Choice 4: inliners=32
      Choice 5: inliners=68
    Pair (5-4): Selected=0 / 2 choices
      Choice 1: inliners=48
      Choice 2: inliners=12
    Pair (6-4): Selected=0 / 2 choices
      Choice 1: inliners=24
      Choice 2: inliners=6
    Pair (7-4): Selected=0 / 2 choices
      Choice 1: inliners=36
      Choice 2: inliners=30
    Pair (8-4): Selected=0 / 4 choices
      Choice 1: inliners=28
      Choice 2: inliners=22
      Choice 3: inliners=44
      Choice 4: inliners=0
    Pair (11-4): Selected=1 / 1 choices
      Choice 1: inliners=57 [SELECTED]
    Pair (13-4): Selected=0 / 1 choices
      Choice 1: inliners=14
    Pair (14-4): Selected=0 / 2 choices
      Choice 1: inliners=48
      Choice 2: inliners=16
    Pair (16-4): Selected=0 / 1 choices
      Choice 1: inliners=32
    Pair (17-4): Selected=0 / 1 choices
      Choice 1: inliners=66
    Pair (19-4): Selected=0 / 4 choices
      Choice 1: inliners=32
      Choice 2: inliners=44
      Choice 3: inliners=26
      Choice 4: inliners=40
    Pair (20-4): Selected=1 / 1 choices
      Choice 1: inliners=53 [SELECTED]
    Pair (21-4): Selected=0 / 3 choices
      Choice 1: inliners=22
      Choice 2: inliners=16
      Choice 3: inliners=32
    Pair (22-4): Selected=0 / 1 choices
      Choice 1: inliners=38
    Pair (27-4): Selected=0 / 1 choices
      Choice 1: inliners=39


--- GENERATION 100 BEST BREAKDOWN ---
  Total Fitness: 1812.59
  Inlier Reward: 1047.87
  Cycle Penalty: 0.00
  Overlap Penalty: 0.00
  Edge Residual Penalty: 0.00
  Edge Rot Residual Penalty: 0.00
  Connectivity Reward: 0.00
  Component Penalty: 0.00
  Consensus Support Reward: 764.72
  Largest Component: 27
  Num Components: 1
  Active Pairs: 26
  OverlapDiag Sum (indexed): 0.0000 (delta_vs_fitness=0.0000)
  OverlapDiag Pairs: total=325 same_comp=325 broad_reject=256 narrow_checked=325 active=4
  OverlapDiag Active Pairs: none

  --- ACTIVE GENE MAP ---
    Gene  2 (Pair  5- 1): choice=8 (inl=84)
    Gene  7 (Pair 10- 1): choice=2 (inl=65)
    Gene 22 (Pair  6- 2): choice=1 (inl=48)
    Gene 23 (Pair  7- 2): choice=2 (inl=44)
    Gene 25 (Pair  9- 2): choice=2 (inl=36)
    Gene 29 (Pair 13- 2): choice=1 (inl=46)
    Gene 35 (Pair 25- 2): choice=2 (inl=26)
    Gene 36 (Pair 26- 2): choice=4 (inl=34)
    Gene 37 (Pair 27- 2): choice=1 (inl=30)
    Gene 42 (Pair  8- 3): choice=1 (inl=52)
    Gene 46 (Pair 12- 3): choice=1 (inl=48)
    Gene 47 (Pair 14- 3): choice=3 (inl=55)
    Gene 49 (Pair 16- 3): choice=1 (inl=64)
    Gene 61 (Pair 11- 4): choice=1 (inl=57)
    Gene 67 (Pair 20- 4): choice=1 (inl=53)
    Gene 106 (Pair  8- 7): choice=3 (inl=98)
    Gene 109 (Pair 11- 7): choice=1 (inl=107)
    Gene 118 (Pair 22- 7): choice=3 (inl=28)
    Gene 150 (Pair 23- 9): choice=1 (inl=40)
    Gene 151 (Pair 24- 9): choice=1 (inl=51)
    Gene 153 (Pair 12-10): choice=2 (inl=68)
    Gene 160 (Pair 21-10): choice=1 (inl=70)
    Gene 176 (Pair 15-12): choice=3 (inl=38)
    Gene 194 (Pair 17-14): choice=1 (inl=26)
    Gene 203 (Pair 18-15): choice=1 (inl=58)
    Gene 223 (Pair 21-19): choice=1 (inl=80)

  --- SHARD 4 CANDIDATE ANALYSIS ---
    Pair (4-2): Selected=0 / 2 choices
      Choice 1: inliners=26
      Choice 2: inliners=2
    Pair (4-3): Selected=0 / 5 choices
      Choice 1: inliners=38
      Choice 2: inliners=46
      Choice 3: inliners=14
      Choice 4: inliners=32
      Choice 5: inliners=68
    Pair (5-4): Selected=0 / 2 choices
      Choice 1: inliners=48
      Choice 2: inliners=12
    Pair (6-4): Selected=0 / 2 choices
      Choice 1: inliners=24
      Choice 2: inliners=6
    Pair (7-4): Selected=0 / 2 choices
      Choice 1: inliners=36
      Choice 2: inliners=30
    Pair (8-4): Selected=0 / 4 choices
      Choice 1: inliners=28
      Choice 2: inliners=22
      Choice 3: inliners=44
      Choice 4: inliners=0
    Pair (11-4): Selected=1 / 1 choices
      Choice 1: inliners=57 [SELECTED]
    Pair (13-4): Selected=0 / 1 choices
      Choice 1: inliners=14
    Pair (14-4): Selected=0 / 2 choices
      Choice 1: inliners=48
      Choice 2: inliners=16
    Pair (16-4): Selected=0 / 1 choices
      Choice 1: inliners=32
    Pair (17-4): Selected=0 / 1 choices
      Choice 1: inliners=66
    Pair (19-4): Selected=0 / 4 choices
      Choice 1: inliners=32
      Choice 2: inliners=44
      Choice 3: inliners=26
      Choice 4: inliners=40
    Pair (20-4): Selected=1 / 1 choices
      Choice 1: inliners=53 [SELECTED]
    Pair (21-4): Selected=0 / 3 choices
      Choice 1: inliners=22
      Choice 2: inliners=16
      Choice 3: inliners=32
    Pair (22-4): Selected=0 / 1 choices
      Choice 1: inliners=38
    Pair (27-4): Selected=0 / 1 choices
      Choice 1: inliners=39


--- GENERATION 110 BEST BREAKDOWN ---
  Total Fitness: 1812.59
  Inlier Reward: 1047.87
  Cycle Penalty: 0.00
  Overlap Penalty: 0.00
  Edge Residual Penalty: 0.00
  Edge Rot Residual Penalty: 0.00
  Connectivity Reward: 0.00
  Component Penalty: 0.00
  Consensus Support Reward: 764.72
  Largest Component: 27
  Num Components: 1
  Active Pairs: 26
  OverlapDiag Sum (indexed): 0.0000 (delta_vs_fitness=0.0000)
  OverlapDiag Pairs: total=325 same_comp=325 broad_reject=256 narrow_checked=325 active=4
  OverlapDiag Active Pairs: none

  --- ACTIVE GENE MAP ---
    Gene  2 (Pair  5- 1): choice=8 (inl=84)
    Gene  7 (Pair 10- 1): choice=2 (inl=65)
    Gene 22 (Pair  6- 2): choice=1 (inl=48)
    Gene 23 (Pair  7- 2): choice=2 (inl=44)
    Gene 25 (Pair  9- 2): choice=2 (inl=36)
    Gene 29 (Pair 13- 2): choice=1 (inl=46)
    Gene 35 (Pair 25- 2): choice=2 (inl=26)
    Gene 36 (Pair 26- 2): choice=4 (inl=34)
    Gene 37 (Pair 27- 2): choice=1 (inl=30)
    Gene 42 (Pair  8- 3): choice=1 (inl=52)
    Gene 46 (Pair 12- 3): choice=1 (inl=48)
    Gene 47 (Pair 14- 3): choice=3 (inl=55)
    Gene 49 (Pair 16- 3): choice=1 (inl=64)
    Gene 61 (Pair 11- 4): choice=1 (inl=57)
    Gene 67 (Pair 20- 4): choice=1 (inl=53)
    Gene 106 (Pair  8- 7): choice=3 (inl=98)
    Gene 109 (Pair 11- 7): choice=1 (inl=107)
    Gene 118 (Pair 22- 7): choice=3 (inl=28)
    Gene 150 (Pair 23- 9): choice=1 (inl=40)
    Gene 151 (Pair 24- 9): choice=1 (inl=51)
    Gene 153 (Pair 12-10): choice=2 (inl=68)
    Gene 160 (Pair 21-10): choice=1 (inl=70)
    Gene 176 (Pair 15-12): choice=3 (inl=38)
    Gene 194 (Pair 17-14): choice=1 (inl=26)
    Gene 203 (Pair 18-15): choice=1 (inl=58)
    Gene 223 (Pair 21-19): choice=1 (inl=80)

  --- SHARD 4 CANDIDATE ANALYSIS ---
    Pair (4-2): Selected=0 / 2 choices
      Choice 1: inliners=26
      Choice 2: inliners=2
    Pair (4-3): Selected=0 / 5 choices
      Choice 1: inliners=38
      Choice 2: inliners=46
      Choice 3: inliners=14
      Choice 4: inliners=32
      Choice 5: inliners=68
    Pair (5-4): Selected=0 / 2 choices
      Choice 1: inliners=48
      Choice 2: inliners=12
    Pair (6-4): Selected=0 / 2 choices
      Choice 1: inliners=24
      Choice 2: inliners=6
    Pair (7-4): Selected=0 / 2 choices
      Choice 1: inliners=36
      Choice 2: inliners=30
    Pair (8-4): Selected=0 / 4 choices
      Choice 1: inliners=28
      Choice 2: inliners=22
      Choice 3: inliners=44
      Choice 4: inliners=0
    Pair (11-4): Selected=1 / 1 choices
      Choice 1: inliners=57 [SELECTED]
    Pair (13-4): Selected=0 / 1 choices
      Choice 1: inliners=14
    Pair (14-4): Selected=0 / 2 choices
      Choice 1: inliners=48
      Choice 2: inliners=16
    Pair (16-4): Selected=0 / 1 choices
      Choice 1: inliners=32
    Pair (17-4): Selected=0 / 1 choices
      Choice 1: inliners=66
    Pair (19-4): Selected=0 / 4 choices
      Choice 1: inliners=32
      Choice 2: inliners=44
      Choice 3: inliners=26
      Choice 4: inliners=40
    Pair (20-4): Selected=1 / 1 choices
      Choice 1: inliners=53 [SELECTED]
    Pair (21-4): Selected=0 / 3 choices
      Choice 1: inliners=22
      Choice 2: inliners=16
      Choice 3: inliners=32
    Pair (22-4): Selected=0 / 1 choices
      Choice 1: inliners=38
    Pair (27-4): Selected=0 / 1 choices
      Choice 1: inliners=39


--- GENERATION 120 BEST BREAKDOWN ---
  Total Fitness: 1815.04
  Inlier Reward: 1050.32
  Cycle Penalty: 0.00
  Overlap Penalty: 0.00
  Edge Residual Penalty: 0.00
  Edge Rot Residual Penalty: 0.00
  Connectivity Reward: 0.00
  Component Penalty: 0.00
  Consensus Support Reward: 764.72
  Largest Component: 27
  Num Components: 1
  Active Pairs: 26
  OverlapDiag Sum (indexed): 0.0000 (delta_vs_fitness=0.0000)
  OverlapDiag Pairs: total=325 same_comp=325 broad_reject=256 narrow_checked=325 active=4
  OverlapDiag Active Pairs: none

  --- ACTIVE GENE MAP ---
    Gene  2 (Pair  5- 1): choice=8 (inl=84)
    Gene  7 (Pair 10- 1): choice=2 (inl=65)
    Gene 22 (Pair  6- 2): choice=1 (inl=48)
    Gene 23 (Pair  7- 2): choice=2 (inl=44)
    Gene 25 (Pair  9- 2): choice=2 (inl=36)
    Gene 29 (Pair 13- 2): choice=1 (inl=46)
    Gene 35 (Pair 25- 2): choice=2 (inl=26)
    Gene 36 (Pair 26- 2): choice=4 (inl=34)
    Gene 42 (Pair  8- 3): choice=1 (inl=52)
    Gene 46 (Pair 12- 3): choice=1 (inl=48)
    Gene 47 (Pair 14- 3): choice=3 (inl=55)
    Gene 49 (Pair 16- 3): choice=1 (inl=64)
    Gene 61 (Pair 11- 4): choice=1 (inl=57)
    Gene 67 (Pair 20- 4): choice=1 (inl=53)
    Gene 106 (Pair  8- 7): choice=3 (inl=98)
    Gene 109 (Pair 11- 7): choice=1 (inl=107)
    Gene 118 (Pair 22- 7): choice=3 (inl=28)
    Gene 150 (Pair 23- 9): choice=1 (inl=40)
    Gene 151 (Pair 24- 9): choice=1 (inl=51)
    Gene 153 (Pair 12-10): choice=2 (inl=68)
    Gene 160 (Pair 21-10): choice=1 (inl=70)
    Gene 176 (Pair 15-12): choice=3 (inl=38)
    Gene 194 (Pair 17-14): choice=1 (inl=26)
    Gene 203 (Pair 18-15): choice=1 (inl=58)
    Gene 214 (Pair 27-17): choice=1 (inl=30)
    Gene 223 (Pair 21-19): choice=1 (inl=80)

  --- SHARD 4 CANDIDATE ANALYSIS ---
    Pair (4-2): Selected=0 / 2 choices
      Choice 1: inliners=26
      Choice 2: inliners=2
    Pair (4-3): Selected=0 / 5 choices
      Choice 1: inliners=38
      Choice 2: inliners=46
      Choice 3: inliners=14
      Choice 4: inliners=32
      Choice 5: inliners=68
    Pair (5-4): Selected=0 / 2 choices
      Choice 1: inliners=48
      Choice 2: inliners=12
    Pair (6-4): Selected=0 / 2 choices
      Choice 1: inliners=24
      Choice 2: inliners=6
    Pair (7-4): Selected=0 / 2 choices
      Choice 1: inliners=36
      Choice 2: inliners=30
    Pair (8-4): Selected=0 / 4 choices
      Choice 1: inliners=28
      Choice 2: inliners=22
      Choice 3: inliners=44
      Choice 4: inliners=0
    Pair (11-4): Selected=1 / 1 choices
      Choice 1: inliners=57 [SELECTED]
    Pair (13-4): Selected=0 / 1 choices
      Choice 1: inliners=14
    Pair (14-4): Selected=0 / 2 choices
      Choice 1: inliners=48
      Choice 2: inliners=16
    Pair (16-4): Selected=0 / 1 choices
      Choice 1: inliners=32
    Pair (17-4): Selected=0 / 1 choices
      Choice 1: inliners=66
    Pair (19-4): Selected=0 / 4 choices
      Choice 1: inliners=32
      Choice 2: inliners=44
      Choice 3: inliners=26
      Choice 4: inliners=40
    Pair (20-4): Selected=1 / 1 choices
      Choice 1: inliners=53 [SELECTED]
    Pair (21-4): Selected=0 / 3 choices
      Choice 1: inliners=22
      Choice 2: inliners=16
      Choice 3: inliners=32
    Pair (22-4): Selected=0 / 1 choices
      Choice 1: inliners=38
    Pair (27-4): Selected=0 / 1 choices
      Choice 1: inliners=39


--- GENERATION 130 BEST BREAKDOWN ---
  Total Fitness: 1831.05
  Inlier Reward: 1016.09
  Cycle Penalty: 0.00
  Overlap Penalty: 0.00
  Edge Residual Penalty: 0.00
  Edge Rot Residual Penalty: 0.00
  Connectivity Reward: 0.00
  Component Penalty: 0.00
  Consensus Support Reward: 814.96
  Largest Component: 27
  Num Components: 1
  Active Pairs: 26
  OverlapDiag Sum (indexed): 0.0000 (delta_vs_fitness=0.0000)
  OverlapDiag Pairs: total=325 same_comp=325 broad_reject=254 narrow_checked=325 active=3
  OverlapDiag Active Pairs: none

  --- ACTIVE GENE MAP ---
    Gene  2 (Pair  5- 1): choice=8 (inl=84)
    Gene  7 (Pair 10- 1): choice=2 (inl=65)
    Gene 22 (Pair  6- 2): choice=1 (inl=48)
    Gene 23 (Pair  7- 2): choice=2 (inl=44)
    Gene 25 (Pair  9- 2): choice=2 (inl=36)
    Gene 29 (Pair 13- 2): choice=1 (inl=46)
    Gene 35 (Pair 25- 2): choice=2 (inl=26)
    Gene 36 (Pair 26- 2): choice=4 (inl=34)
    Gene 37 (Pair 27- 2): choice=1 (inl=30)
    Gene 42 (Pair  8- 3): choice=1 (inl=52)
    Gene 46 (Pair 12- 3): choice=1 (inl=48)
    Gene 47 (Pair 14- 3): choice=3 (inl=55)
    Gene 49 (Pair 16- 3): choice=1 (inl=64)
    Gene 61 (Pair 11- 4): choice=1 (inl=57)
    Gene 65 (Pair 17- 4): choice=1 (inl=66)
    Gene 67 (Pair 20- 4): choice=1 (inl=53)
    Gene 106 (Pair  8- 7): choice=3 (inl=98)
    Gene 118 (Pair 22- 7): choice=3 (inl=28)
    Gene 150 (Pair 23- 9): choice=1 (inl=40)
    Gene 151 (Pair 24- 9): choice=1 (inl=51)
    Gene 153 (Pair 12-10): choice=2 (inl=68)
    Gene 160 (Pair 21-10): choice=1 (inl=70)
    Gene 176 (Pair 15-12): choice=3 (inl=38)
    Gene 194 (Pair 17-14): choice=1 (inl=26)
    Gene 203 (Pair 18-15): choice=1 (inl=58)
    Gene 223 (Pair 21-19): choice=1 (inl=80)

  --- SHARD 4 CANDIDATE ANALYSIS ---
    Pair (4-2): Selected=0 / 2 choices
      Choice 1: inliners=26
      Choice 2: inliners=2
    Pair (4-3): Selected=0 / 5 choices
      Choice 1: inliners=38
      Choice 2: inliners=46
      Choice 3: inliners=14
      Choice 4: inliners=32
      Choice 5: inliners=68
    Pair (5-4): Selected=0 / 2 choices
      Choice 1: inliners=48
      Choice 2: inliners=12
    Pair (6-4): Selected=0 / 2 choices
      Choice 1: inliners=24
      Choice 2: inliners=6
    Pair (7-4): Selected=0 / 2 choices
      Choice 1: inliners=36
      Choice 2: inliners=30
    Pair (8-4): Selected=0 / 4 choices
      Choice 1: inliners=28
      Choice 2: inliners=22
      Choice 3: inliners=44
      Choice 4: inliners=0
    Pair (11-4): Selected=1 / 1 choices
      Choice 1: inliners=57 [SELECTED]
    Pair (13-4): Selected=0 / 1 choices
      Choice 1: inliners=14
    Pair (14-4): Selected=0 / 2 choices
      Choice 1: inliners=48
      Choice 2: inliners=16
    Pair (16-4): Selected=0 / 1 choices
      Choice 1: inliners=32
    Pair (17-4): Selected=1 / 1 choices
      Choice 1: inliners=66 [SELECTED]
    Pair (19-4): Selected=0 / 4 choices
      Choice 1: inliners=32
      Choice 2: inliners=44
      Choice 3: inliners=26
      Choice 4: inliners=40
    Pair (20-4): Selected=1 / 1 choices
      Choice 1: inliners=53 [SELECTED]
    Pair (21-4): Selected=0 / 3 choices
      Choice 1: inliners=22
      Choice 2: inliners=16
      Choice 3: inliners=32
    Pair (22-4): Selected=0 / 1 choices
      Choice 1: inliners=38
    Pair (27-4): Selected=0 / 1 choices
      Choice 1: inliners=39


--- GENERATION 140 BEST BREAKDOWN ---
  Total Fitness: 1833.50
  Inlier Reward: 1018.53
  Cycle Penalty: 0.00
  Overlap Penalty: 0.00
  Edge Residual Penalty: 0.00
  Edge Rot Residual Penalty: 0.00
  Connectivity Reward: 0.00
  Component Penalty: 0.00
  Consensus Support Reward: 814.96
  Largest Component: 27
  Num Components: 1
  Active Pairs: 26
  OverlapDiag Sum (indexed): 0.0000 (delta_vs_fitness=0.0000)
  OverlapDiag Pairs: total=325 same_comp=325 broad_reject=253 narrow_checked=325 active=3
  OverlapDiag Active Pairs: none

  --- ACTIVE GENE MAP ---
    Gene  2 (Pair  5- 1): choice=8 (inl=84)
    Gene  7 (Pair 10- 1): choice=2 (inl=65)
    Gene 22 (Pair  6- 2): choice=1 (inl=48)
    Gene 23 (Pair  7- 2): choice=2 (inl=44)
    Gene 25 (Pair  9- 2): choice=2 (inl=36)
    Gene 29 (Pair 13- 2): choice=1 (inl=46)
    Gene 35 (Pair 25- 2): choice=2 (inl=26)
    Gene 36 (Pair 26- 2): choice=4 (inl=34)
    Gene 42 (Pair  8- 3): choice=1 (inl=52)
    Gene 46 (Pair 12- 3): choice=1 (inl=48)
    Gene 47 (Pair 14- 3): choice=3 (inl=55)
    Gene 49 (Pair 16- 3): choice=1 (inl=64)
    Gene 61 (Pair 11- 4): choice=1 (inl=57)
    Gene 65 (Pair 17- 4): choice=1 (inl=66)
    Gene 67 (Pair 20- 4): choice=1 (inl=53)
    Gene 106 (Pair  8- 7): choice=3 (inl=98)
    Gene 118 (Pair 22- 7): choice=3 (inl=28)
    Gene 150 (Pair 23- 9): choice=1 (inl=40)
    Gene 151 (Pair 24- 9): choice=1 (inl=51)
    Gene 153 (Pair 12-10): choice=2 (inl=68)
    Gene 160 (Pair 21-10): choice=1 (inl=70)
    Gene 176 (Pair 15-12): choice=3 (inl=38)
    Gene 194 (Pair 17-14): choice=1 (inl=26)
    Gene 203 (Pair 18-15): choice=1 (inl=58)
    Gene 214 (Pair 27-17): choice=1 (inl=30)
    Gene 223 (Pair 21-19): choice=1 (inl=80)

  --- SHARD 4 CANDIDATE ANALYSIS ---
    Pair (4-2): Selected=0 / 2 choices
      Choice 1: inliners=26
      Choice 2: inliners=2
    Pair (4-3): Selected=0 / 5 choices
      Choice 1: inliners=38
      Choice 2: inliners=46
      Choice 3: inliners=14
      Choice 4: inliners=32
      Choice 5: inliners=68
    Pair (5-4): Selected=0 / 2 choices
      Choice 1: inliners=48
      Choice 2: inliners=12
    Pair (6-4): Selected=0 / 2 choices
      Choice 1: inliners=24
      Choice 2: inliners=6
    Pair (7-4): Selected=0 / 2 choices
      Choice 1: inliners=36
      Choice 2: inliners=30
    Pair (8-4): Selected=0 / 4 choices
      Choice 1: inliners=28
      Choice 2: inliners=22
      Choice 3: inliners=44
      Choice 4: inliners=0
    Pair (11-4): Selected=1 / 1 choices
      Choice 1: inliners=57 [SELECTED]
    Pair (13-4): Selected=0 / 1 choices
      Choice 1: inliners=14
    Pair (14-4): Selected=0 / 2 choices
      Choice 1: inliners=48
      Choice 2: inliners=16
    Pair (16-4): Selected=0 / 1 choices
      Choice 1: inliners=32
    Pair (17-4): Selected=1 / 1 choices
      Choice 1: inliners=66 [SELECTED]
    Pair (19-4): Selected=0 / 4 choices
      Choice 1: inliners=32
      Choice 2: inliners=44
      Choice 3: inliners=26
      Choice 4: inliners=40
    Pair (20-4): Selected=1 / 1 choices
      Choice 1: inliners=53 [SELECTED]
    Pair (21-4): Selected=0 / 3 choices
      Choice 1: inliners=22
      Choice 2: inliners=16
      Choice 3: inliners=32
    Pair (22-4): Selected=0 / 1 choices
      Choice 1: inliners=38
    Pair (27-4): Selected=0 / 1 choices
      Choice 1: inliners=39


--- GENERATION 150 BEST BREAKDOWN ---
  Total Fitness: 1833.50
  Inlier Reward: 1018.53
  Cycle Penalty: 0.00
  Overlap Penalty: 0.00
  Edge Residual Penalty: 0.00
  Edge Rot Residual Penalty: 0.00
  Connectivity Reward: 0.00
  Component Penalty: 0.00
  Consensus Support Reward: 814.96
  Largest Component: 27
  Num Components: 1
  Active Pairs: 26
  OverlapDiag Sum (indexed): 0.0000 (delta_vs_fitness=0.0000)
  OverlapDiag Pairs: total=325 same_comp=325 broad_reject=253 narrow_checked=325 active=3
  OverlapDiag Active Pairs: none

  --- ACTIVE GENE MAP ---
    Gene  2 (Pair  5- 1): choice=8 (inl=84)
    Gene  7 (Pair 10- 1): choice=2 (inl=65)
    Gene 22 (Pair  6- 2): choice=1 (inl=48)
    Gene 23 (Pair  7- 2): choice=2 (inl=44)
    Gene 25 (Pair  9- 2): choice=2 (inl=36)
    Gene 29 (Pair 13- 2): choice=1 (inl=46)
    Gene 35 (Pair 25- 2): choice=2 (inl=26)
    Gene 36 (Pair 26- 2): choice=4 (inl=34)
    Gene 42 (Pair  8- 3): choice=1 (inl=52)
    Gene 46 (Pair 12- 3): choice=1 (inl=48)
    Gene 47 (Pair 14- 3): choice=3 (inl=55)
    Gene 49 (Pair 16- 3): choice=1 (inl=64)
    Gene 61 (Pair 11- 4): choice=1 (inl=57)
    Gene 65 (Pair 17- 4): choice=1 (inl=66)
    Gene 67 (Pair 20- 4): choice=1 (inl=53)
    Gene 106 (Pair  8- 7): choice=3 (inl=98)
    Gene 118 (Pair 22- 7): choice=3 (inl=28)
    Gene 150 (Pair 23- 9): choice=1 (inl=40)
    Gene 151 (Pair 24- 9): choice=1 (inl=51)
    Gene 153 (Pair 12-10): choice=2 (inl=68)
    Gene 160 (Pair 21-10): choice=1 (inl=70)
    Gene 176 (Pair 15-12): choice=3 (inl=38)
    Gene 194 (Pair 17-14): choice=1 (inl=26)
    Gene 203 (Pair 18-15): choice=1 (inl=58)
    Gene 214 (Pair 27-17): choice=1 (inl=30)
    Gene 223 (Pair 21-19): choice=1 (inl=80)

  --- SHARD 4 CANDIDATE ANALYSIS ---
    Pair (4-2): Selected=0 / 2 choices
      Choice 1: inliners=26
      Choice 2: inliners=2
    Pair (4-3): Selected=0 / 5 choices
      Choice 1: inliners=38
      Choice 2: inliners=46
      Choice 3: inliners=14
      Choice 4: inliners=32
      Choice 5: inliners=68
    Pair (5-4): Selected=0 / 2 choices
      Choice 1: inliners=48
      Choice 2: inliners=12
    Pair (6-4): Selected=0 / 2 choices
      Choice 1: inliners=24
      Choice 2: inliners=6
    Pair (7-4): Selected=0 / 2 choices
      Choice 1: inliners=36
      Choice 2: inliners=30
    Pair (8-4): Selected=0 / 4 choices
      Choice 1: inliners=28
      Choice 2: inliners=22
      Choice 3: inliners=44
      Choice 4: inliners=0
    Pair (11-4): Selected=1 / 1 choices
      Choice 1: inliners=57 [SELECTED]
    Pair (13-4): Selected=0 / 1 choices
      Choice 1: inliners=14
    Pair (14-4): Selected=0 / 2 choices
      Choice 1: inliners=48
      Choice 2: inliners=16
    Pair (16-4): Selected=0 / 1 choices
      Choice 1: inliners=32
    Pair (17-4): Selected=1 / 1 choices
      Choice 1: inliners=66 [SELECTED]
    Pair (19-4): Selected=0 / 4 choices
      Choice 1: inliners=32
      Choice 2: inliners=44
      Choice 3: inliners=26
      Choice 4: inliners=40
    Pair (20-4): Selected=1 / 1 choices
      Choice 1: inliners=53 [SELECTED]
    Pair (21-4): Selected=0 / 3 choices
      Choice 1: inliners=22
      Choice 2: inliners=16
      Choice 3: inliners=32
    Pair (22-4): Selected=0 / 1 choices
      Choice 1: inliners=38
    Pair (27-4): Selected=0 / 1 choices
      Choice 1: inliners=39


--- GENERATION 160 BEST BREAKDOWN ---
  Total Fitness: 1840.19
  Inlier Reward: 1025.22
  Cycle Penalty: 0.00
  Overlap Penalty: 0.00
  Edge Residual Penalty: 0.00
  Edge Rot Residual Penalty: 0.00
  Connectivity Reward: 0.00
  Component Penalty: 0.00
  Consensus Support Reward: 814.96
  Largest Component: 27
  Num Components: 1
  Active Pairs: 26
  OverlapDiag Sum (indexed): 0.0000 (delta_vs_fitness=0.0000)
  OverlapDiag Pairs: total=325 same_comp=325 broad_reject=255 narrow_checked=325 active=3
  OverlapDiag Active Pairs: none

  --- ACTIVE GENE MAP ---
    Gene  2 (Pair  5- 1): choice=8 (inl=84)
    Gene  7 (Pair 10- 1): choice=2 (inl=65)
    Gene 22 (Pair  6- 2): choice=1 (inl=48)
    Gene 23 (Pair  7- 2): choice=2 (inl=44)
    Gene 25 (Pair  9- 2): choice=2 (inl=36)
    Gene 29 (Pair 13- 2): choice=1 (inl=46)
    Gene 35 (Pair 25- 2): choice=2 (inl=26)
    Gene 36 (Pair 26- 2): choice=4 (inl=34)
    Gene 42 (Pair  8- 3): choice=1 (inl=52)
    Gene 46 (Pair 12- 3): choice=1 (inl=48)
    Gene 47 (Pair 14- 3): choice=3 (inl=55)
    Gene 49 (Pair 16- 3): choice=1 (inl=64)
    Gene 61 (Pair 11- 4): choice=1 (inl=57)
    Gene 65 (Pair 17- 4): choice=1 (inl=66)
    Gene 67 (Pair 20- 4): choice=1 (inl=53)
    Gene 106 (Pair  8- 7): choice=3 (inl=98)
    Gene 118 (Pair 22- 7): choice=3 (inl=28)
    Gene 136 (Pair 23- 8): choice=5 (inl=57)
    Gene 151 (Pair 24- 9): choice=1 (inl=51)
    Gene 153 (Pair 12-10): choice=2 (inl=68)
    Gene 160 (Pair 21-10): choice=1 (inl=70)
    Gene 176 (Pair 15-12): choice=3 (inl=38)
    Gene 194 (Pair 17-14): choice=1 (inl=26)
    Gene 203 (Pair 18-15): choice=1 (inl=58)
    Gene 214 (Pair 27-17): choice=1 (inl=30)
    Gene 223 (Pair 21-19): choice=1 (inl=80)

  --- SHARD 4 CANDIDATE ANALYSIS ---
    Pair (4-2): Selected=0 / 2 choices
      Choice 1: inliners=26
      Choice 2: inliners=2
    Pair (4-3): Selected=0 / 5 choices
      Choice 1: inliners=38
      Choice 2: inliners=46
      Choice 3: inliners=14
      Choice 4: inliners=32
      Choice 5: inliners=68
    Pair (5-4): Selected=0 / 2 choices
      Choice 1: inliners=48
      Choice 2: inliners=12
    Pair (6-4): Selected=0 / 2 choices
      Choice 1: inliners=24
      Choice 2: inliners=6
    Pair (7-4): Selected=0 / 2 choices
      Choice 1: inliners=36
      Choice 2: inliners=30
    Pair (8-4): Selected=0 / 4 choices
      Choice 1: inliners=28
      Choice 2: inliners=22
      Choice 3: inliners=44
      Choice 4: inliners=0
    Pair (11-4): Selected=1 / 1 choices
      Choice 1: inliners=57 [SELECTED]
    Pair (13-4): Selected=0 / 1 choices
      Choice 1: inliners=14
    Pair (14-4): Selected=0 / 2 choices
      Choice 1: inliners=48
      Choice 2: inliners=16
    Pair (16-4): Selected=0 / 1 choices
      Choice 1: inliners=32
    Pair (17-4): Selected=1 / 1 choices
      Choice 1: inliners=66 [SELECTED]
    Pair (19-4): Selected=0 / 4 choices
      Choice 1: inliners=32
      Choice 2: inliners=44
      Choice 3: inliners=26
      Choice 4: inliners=40
    Pair (20-4): Selected=1 / 1 choices
      Choice 1: inliners=53 [SELECTED]
    Pair (21-4): Selected=0 / 3 choices
      Choice 1: inliners=22
      Choice 2: inliners=16
      Choice 3: inliners=32
    Pair (22-4): Selected=0 / 1 choices
      Choice 1: inliners=38
    Pair (27-4): Selected=0 / 1 choices
      Choice 1: inliners=39


--- GENERATION 170 BEST BREAKDOWN ---
  Total Fitness: 1840.19
  Inlier Reward: 1025.22
  Cycle Penalty: 0.00
  Overlap Penalty: 0.00
  Edge Residual Penalty: 0.00
  Edge Rot Residual Penalty: 0.00
  Connectivity Reward: 0.00
  Component Penalty: 0.00
  Consensus Support Reward: 814.96
  Largest Component: 27
  Num Components: 1
  Active Pairs: 26
  OverlapDiag Sum (indexed): 0.0000 (delta_vs_fitness=0.0000)
  OverlapDiag Pairs: total=325 same_comp=325 broad_reject=255 narrow_checked=325 active=3
  OverlapDiag Active Pairs: none

  --- ACTIVE GENE MAP ---
    Gene  2 (Pair  5- 1): choice=8 (inl=84)
    Gene  7 (Pair 10- 1): choice=2 (inl=65)
    Gene 22 (Pair  6- 2): choice=1 (inl=48)
    Gene 23 (Pair  7- 2): choice=2 (inl=44)
    Gene 25 (Pair  9- 2): choice=2 (inl=36)
    Gene 29 (Pair 13- 2): choice=1 (inl=46)
    Gene 35 (Pair 25- 2): choice=2 (inl=26)
    Gene 36 (Pair 26- 2): choice=4 (inl=34)
    Gene 42 (Pair  8- 3): choice=1 (inl=52)
    Gene 46 (Pair 12- 3): choice=1 (inl=48)
    Gene 47 (Pair 14- 3): choice=3 (inl=55)
    Gene 49 (Pair 16- 3): choice=1 (inl=64)
    Gene 61 (Pair 11- 4): choice=1 (inl=57)
    Gene 65 (Pair 17- 4): choice=1 (inl=66)
    Gene 67 (Pair 20- 4): choice=1 (inl=53)
    Gene 106 (Pair  8- 7): choice=3 (inl=98)
    Gene 118 (Pair 22- 7): choice=3 (inl=28)
    Gene 136 (Pair 23- 8): choice=5 (inl=57)
    Gene 151 (Pair 24- 9): choice=1 (inl=51)
    Gene 153 (Pair 12-10): choice=2 (inl=68)
    Gene 160 (Pair 21-10): choice=1 (inl=70)
    Gene 176 (Pair 15-12): choice=3 (inl=38)
    Gene 194 (Pair 17-14): choice=1 (inl=26)
    Gene 203 (Pair 18-15): choice=1 (inl=58)
    Gene 214 (Pair 27-17): choice=1 (inl=30)
    Gene 223 (Pair 21-19): choice=1 (inl=80)

  --- SHARD 4 CANDIDATE ANALYSIS ---
    Pair (4-2): Selected=0 / 2 choices
      Choice 1: inliners=26
      Choice 2: inliners=2
    Pair (4-3): Selected=0 / 5 choices
      Choice 1: inliners=38
      Choice 2: inliners=46
      Choice 3: inliners=14
      Choice 4: inliners=32
      Choice 5: inliners=68
    Pair (5-4): Selected=0 / 2 choices
      Choice 1: inliners=48
      Choice 2: inliners=12
    Pair (6-4): Selected=0 / 2 choices
      Choice 1: inliners=24
      Choice 2: inliners=6
    Pair (7-4): Selected=0 / 2 choices
      Choice 1: inliners=36
      Choice 2: inliners=30
    Pair (8-4): Selected=0 / 4 choices
      Choice 1: inliners=28
      Choice 2: inliners=22
      Choice 3: inliners=44
      Choice 4: inliners=0
    Pair (11-4): Selected=1 / 1 choices
      Choice 1: inliners=57 [SELECTED]
    Pair (13-4): Selected=0 / 1 choices
      Choice 1: inliners=14
    Pair (14-4): Selected=0 / 2 choices
      Choice 1: inliners=48
      Choice 2: inliners=16
    Pair (16-4): Selected=0 / 1 choices
      Choice 1: inliners=32
    Pair (17-4): Selected=1 / 1 choices
      Choice 1: inliners=66 [SELECTED]
    Pair (19-4): Selected=0 / 4 choices
      Choice 1: inliners=32
      Choice 2: inliners=44
      Choice 3: inliners=26
      Choice 4: inliners=40
    Pair (20-4): Selected=1 / 1 choices
      Choice 1: inliners=53 [SELECTED]
    Pair (21-4): Selected=0 / 3 choices
      Choice 1: inliners=22
      Choice 2: inliners=16
      Choice 3: inliners=32
    Pair (22-4): Selected=0 / 1 choices
      Choice 1: inliners=38
    Pair (27-4): Selected=0 / 1 choices
      Choice 1: inliners=39


--- GENERATION 180 BEST BREAKDOWN ---
  Total Fitness: 1840.19
  Inlier Reward: 1025.22
  Cycle Penalty: 0.00
  Overlap Penalty: 0.00
  Edge Residual Penalty: 0.00
  Edge Rot Residual Penalty: 0.00
  Connectivity Reward: 0.00
  Component Penalty: 0.00
  Consensus Support Reward: 814.96
  Largest Component: 27
  Num Components: 1
  Active Pairs: 26
  OverlapDiag Sum (indexed): 0.0000 (delta_vs_fitness=0.0000)
  OverlapDiag Pairs: total=325 same_comp=325 broad_reject=255 narrow_checked=325 active=3
  OverlapDiag Active Pairs: none

  --- ACTIVE GENE MAP ---
    Gene  2 (Pair  5- 1): choice=8 (inl=84)
    Gene  7 (Pair 10- 1): choice=2 (inl=65)
    Gene 22 (Pair  6- 2): choice=1 (inl=48)
    Gene 23 (Pair  7- 2): choice=2 (inl=44)
    Gene 25 (Pair  9- 2): choice=2 (inl=36)
    Gene 29 (Pair 13- 2): choice=1 (inl=46)
    Gene 35 (Pair 25- 2): choice=2 (inl=26)
    Gene 36 (Pair 26- 2): choice=4 (inl=34)
    Gene 42 (Pair  8- 3): choice=1 (inl=52)
    Gene 46 (Pair 12- 3): choice=1 (inl=48)
    Gene 47 (Pair 14- 3): choice=3 (inl=55)
    Gene 49 (Pair 16- 3): choice=1 (inl=64)
    Gene 61 (Pair 11- 4): choice=1 (inl=57)
    Gene 65 (Pair 17- 4): choice=1 (inl=66)
    Gene 67 (Pair 20- 4): choice=1 (inl=53)
    Gene 106 (Pair  8- 7): choice=3 (inl=98)
    Gene 118 (Pair 22- 7): choice=3 (inl=28)
    Gene 136 (Pair 23- 8): choice=5 (inl=57)
    Gene 151 (Pair 24- 9): choice=1 (inl=51)
    Gene 153 (Pair 12-10): choice=2 (inl=68)
    Gene 160 (Pair 21-10): choice=1 (inl=70)
    Gene 176 (Pair 15-12): choice=3 (inl=38)
    Gene 194 (Pair 17-14): choice=1 (inl=26)
    Gene 203 (Pair 18-15): choice=1 (inl=58)
    Gene 214 (Pair 27-17): choice=1 (inl=30)
    Gene 223 (Pair 21-19): choice=1 (inl=80)

  --- SHARD 4 CANDIDATE ANALYSIS ---
    Pair (4-2): Selected=0 / 2 choices
      Choice 1: inliners=26
      Choice 2: inliners=2
    Pair (4-3): Selected=0 / 5 choices
      Choice 1: inliners=38
      Choice 2: inliners=46
      Choice 3: inliners=14
      Choice 4: inliners=32
      Choice 5: inliners=68
    Pair (5-4): Selected=0 / 2 choices
      Choice 1: inliners=48
      Choice 2: inliners=12
    Pair (6-4): Selected=0 / 2 choices
      Choice 1: inliners=24
      Choice 2: inliners=6
    Pair (7-4): Selected=0 / 2 choices
      Choice 1: inliners=36
      Choice 2: inliners=30
    Pair (8-4): Selected=0 / 4 choices
      Choice 1: inliners=28
      Choice 2: inliners=22
      Choice 3: inliners=44
      Choice 4: inliners=0
    Pair (11-4): Selected=1 / 1 choices
      Choice 1: inliners=57 [SELECTED]
    Pair (13-4): Selected=0 / 1 choices
      Choice 1: inliners=14
    Pair (14-4): Selected=0 / 2 choices
      Choice 1: inliners=48
      Choice 2: inliners=16
    Pair (16-4): Selected=0 / 1 choices
      Choice 1: inliners=32
    Pair (17-4): Selected=1 / 1 choices
      Choice 1: inliners=66 [SELECTED]
    Pair (19-4): Selected=0 / 4 choices
      Choice 1: inliners=32
      Choice 2: inliners=44
      Choice 3: inliners=26
      Choice 4: inliners=40
    Pair (20-4): Selected=1 / 1 choices
      Choice 1: inliners=53 [SELECTED]
    Pair (21-4): Selected=0 / 3 choices
      Choice 1: inliners=22
      Choice 2: inliners=16
      Choice 3: inliners=32
    Pair (22-4): Selected=0 / 1 choices
      Choice 1: inliners=38
    Pair (27-4): Selected=0 / 1 choices
      Choice 1: inliners=39


--- GENERATION 190 BEST BREAKDOWN ---
  Total Fitness: 1840.19
  Inlier Reward: 1025.22
  Cycle Penalty: 0.00
  Overlap Penalty: 0.00
  Edge Residual Penalty: 0.00
  Edge Rot Residual Penalty: 0.00
  Connectivity Reward: 0.00
  Component Penalty: 0.00
  Consensus Support Reward: 814.96
  Largest Component: 27
  Num Components: 1
  Active Pairs: 26
  OverlapDiag Sum (indexed): 0.0000 (delta_vs_fitness=0.0000)
  OverlapDiag Pairs: total=325 same_comp=325 broad_reject=255 narrow_checked=325 active=3
  OverlapDiag Active Pairs: none

  --- ACTIVE GENE MAP ---
    Gene  2 (Pair  5- 1): choice=8 (inl=84)
    Gene  7 (Pair 10- 1): choice=2 (inl=65)
    Gene 22 (Pair  6- 2): choice=1 (inl=48)
    Gene 23 (Pair  7- 2): choice=2 (inl=44)
    Gene 25 (Pair  9- 2): choice=2 (inl=36)
    Gene 29 (Pair 13- 2): choice=1 (inl=46)
    Gene 35 (Pair 25- 2): choice=2 (inl=26)
    Gene 36 (Pair 26- 2): choice=4 (inl=34)
    Gene 42 (Pair  8- 3): choice=1 (inl=52)
    Gene 46 (Pair 12- 3): choice=1 (inl=48)
    Gene 47 (Pair 14- 3): choice=3 (inl=55)
    Gene 49 (Pair 16- 3): choice=1 (inl=64)
    Gene 61 (Pair 11- 4): choice=1 (inl=57)
    Gene 65 (Pair 17- 4): choice=1 (inl=66)
    Gene 67 (Pair 20- 4): choice=1 (inl=53)
    Gene 106 (Pair  8- 7): choice=3 (inl=98)
    Gene 118 (Pair 22- 7): choice=3 (inl=28)
    Gene 136 (Pair 23- 8): choice=5 (inl=57)
    Gene 151 (Pair 24- 9): choice=1 (inl=51)
    Gene 153 (Pair 12-10): choice=2 (inl=68)
    Gene 160 (Pair 21-10): choice=1 (inl=70)
    Gene 176 (Pair 15-12): choice=3 (inl=38)
    Gene 194 (Pair 17-14): choice=1 (inl=26)
    Gene 203 (Pair 18-15): choice=1 (inl=58)
    Gene 214 (Pair 27-17): choice=1 (inl=30)
    Gene 223 (Pair 21-19): choice=1 (inl=80)

  --- SHARD 4 CANDIDATE ANALYSIS ---
    Pair (4-2): Selected=0 / 2 choices
      Choice 1: inliners=26
      Choice 2: inliners=2
    Pair (4-3): Selected=0 / 5 choices
      Choice 1: inliners=38
      Choice 2: inliners=46
      Choice 3: inliners=14
      Choice 4: inliners=32
      Choice 5: inliners=68
    Pair (5-4): Selected=0 / 2 choices
      Choice 1: inliners=48
      Choice 2: inliners=12
    Pair (6-4): Selected=0 / 2 choices
      Choice 1: inliners=24
      Choice 2: inliners=6
    Pair (7-4): Selected=0 / 2 choices
      Choice 1: inliners=36
      Choice 2: inliners=30
    Pair (8-4): Selected=0 / 4 choices
      Choice 1: inliners=28
      Choice 2: inliners=22
      Choice 3: inliners=44
      Choice 4: inliners=0
    Pair (11-4): Selected=1 / 1 choices
      Choice 1: inliners=57 [SELECTED]
    Pair (13-4): Selected=0 / 1 choices
      Choice 1: inliners=14
    Pair (14-4): Selected=0 / 2 choices
      Choice 1: inliners=48
      Choice 2: inliners=16
    Pair (16-4): Selected=0 / 1 choices
      Choice 1: inliners=32
    Pair (17-4): Selected=1 / 1 choices
      Choice 1: inliners=66 [SELECTED]
    Pair (19-4): Selected=0 / 4 choices
      Choice 1: inliners=32
      Choice 2: inliners=44
      Choice 3: inliners=26
      Choice 4: inliners=40
    Pair (20-4): Selected=1 / 1 choices
      Choice 1: inliners=53 [SELECTED]
    Pair (21-4): Selected=0 / 3 choices
      Choice 1: inliners=22
      Choice 2: inliners=16
      Choice 3: inliners=32
    Pair (22-4): Selected=0 / 1 choices
      Choice 1: inliners=38
    Pair (27-4): Selected=0 / 1 choices
      Choice 1: inliners=39


--- GENERATION 200 BEST BREAKDOWN ---
  Total Fitness: 1840.19
  Inlier Reward: 1025.22
  Cycle Penalty: 0.00
  Overlap Penalty: 0.00
  Edge Residual Penalty: 0.00
  Edge Rot Residual Penalty: 0.00
  Connectivity Reward: 0.00
  Component Penalty: 0.00
  Consensus Support Reward: 814.96
  Largest Component: 27
  Num Components: 1
  Active Pairs: 26
  OverlapDiag Sum (indexed): 0.0000 (delta_vs_fitness=0.0000)
  OverlapDiag Pairs: total=325 same_comp=325 broad_reject=255 narrow_checked=325 active=3
  OverlapDiag Active Pairs: none

  --- ACTIVE GENE MAP ---
    Gene  2 (Pair  5- 1): choice=8 (inl=84)
    Gene  7 (Pair 10- 1): choice=2 (inl=65)
    Gene 22 (Pair  6- 2): choice=1 (inl=48)
    Gene 23 (Pair  7- 2): choice=2 (inl=44)
    Gene 25 (Pair  9- 2): choice=2 (inl=36)
    Gene 29 (Pair 13- 2): choice=1 (inl=46)
    Gene 35 (Pair 25- 2): choice=2 (inl=26)
    Gene 36 (Pair 26- 2): choice=4 (inl=34)
    Gene 42 (Pair  8- 3): choice=1 (inl=52)
    Gene 46 (Pair 12- 3): choice=1 (inl=48)
    Gene 47 (Pair 14- 3): choice=3 (inl=55)
    Gene 49 (Pair 16- 3): choice=1 (inl=64)
    Gene 61 (Pair 11- 4): choice=1 (inl=57)
    Gene 65 (Pair 17- 4): choice=1 (inl=66)
    Gene 67 (Pair 20- 4): choice=1 (inl=53)
    Gene 106 (Pair  8- 7): choice=3 (inl=98)
    Gene 118 (Pair 22- 7): choice=3 (inl=28)
    Gene 136 (Pair 23- 8): choice=5 (inl=57)
    Gene 151 (Pair 24- 9): choice=1 (inl=51)
    Gene 153 (Pair 12-10): choice=2 (inl=68)
    Gene 160 (Pair 21-10): choice=1 (inl=70)
    Gene 176 (Pair 15-12): choice=3 (inl=38)
    Gene 194 (Pair 17-14): choice=1 (inl=26)
    Gene 203 (Pair 18-15): choice=1 (inl=58)
    Gene 214 (Pair 27-17): choice=1 (inl=30)
    Gene 223 (Pair 21-19): choice=1 (inl=80)

  --- SHARD 4 CANDIDATE ANALYSIS ---
    Pair (4-2): Selected=0 / 2 choices
      Choice 1: inliners=26
      Choice 2: inliners=2
    Pair (4-3): Selected=0 / 5 choices
      Choice 1: inliners=38
      Choice 2: inliners=46
      Choice 3: inliners=14
      Choice 4: inliners=32
      Choice 5: inliners=68
    Pair (5-4): Selected=0 / 2 choices
      Choice 1: inliners=48
      Choice 2: inliners=12
    Pair (6-4): Selected=0 / 2 choices
      Choice 1: inliners=24
      Choice 2: inliners=6
    Pair (7-4): Selected=0 / 2 choices
      Choice 1: inliners=36
      Choice 2: inliners=30
    Pair (8-4): Selected=0 / 4 choices
      Choice 1: inliners=28
      Choice 2: inliners=22
      Choice 3: inliners=44
      Choice 4: inliners=0
    Pair (11-4): Selected=1 / 1 choices
      Choice 1: inliners=57 [SELECTED]
    Pair (13-4): Selected=0 / 1 choices
      Choice 1: inliners=14
    Pair (14-4): Selected=0 / 2 choices
      Choice 1: inliners=48
      Choice 2: inliners=16
    Pair (16-4): Selected=0 / 1 choices
      Choice 1: inliners=32
    Pair (17-4): Selected=1 / 1 choices
      Choice 1: inliners=66 [SELECTED]
    Pair (19-4): Selected=0 / 4 choices
      Choice 1: inliners=32
      Choice 2: inliners=44
      Choice 3: inliners=26
      Choice 4: inliners=40
    Pair (20-4): Selected=1 / 1 choices
      Choice 1: inliners=53 [SELECTED]
    Pair (21-4): Selected=0 / 3 choices
      Choice 1: inliners=22
      Choice 2: inliners=16
      Choice 3: inliners=32
    Pair (22-4): Selected=0 / 1 choices
      Choice 1: inliners=38
    Pair (27-4): Selected=0 / 1 choices
      Choice 1: inliners=39


--- GENERATION 210 BEST BREAKDOWN ---
  Total Fitness: 1840.19
  Inlier Reward: 1025.22
  Cycle Penalty: 0.00
  Overlap Penalty: 0.00
  Edge Residual Penalty: 0.00
  Edge Rot Residual Penalty: 0.00
  Connectivity Reward: 0.00
  Component Penalty: 0.00
  Consensus Support Reward: 814.96
  Largest Component: 27
  Num Components: 1
  Active Pairs: 26
  OverlapDiag Sum (indexed): 0.0000 (delta_vs_fitness=0.0000)
  OverlapDiag Pairs: total=325 same_comp=325 broad_reject=255 narrow_checked=325 active=3
  OverlapDiag Active Pairs: none

  --- ACTIVE GENE MAP ---
    Gene  2 (Pair  5- 1): choice=8 (inl=84)
    Gene  7 (Pair 10- 1): choice=2 (inl=65)
    Gene 22 (Pair  6- 2): choice=1 (inl=48)
    Gene 23 (Pair  7- 2): choice=2 (inl=44)
    Gene 25 (Pair  9- 2): choice=2 (inl=36)
    Gene 29 (Pair 13- 2): choice=1 (inl=46)
    Gene 35 (Pair 25- 2): choice=2 (inl=26)
    Gene 36 (Pair 26- 2): choice=4 (inl=34)
    Gene 42 (Pair  8- 3): choice=1 (inl=52)
    Gene 46 (Pair 12- 3): choice=1 (inl=48)
    Gene 47 (Pair 14- 3): choice=3 (inl=55)
    Gene 49 (Pair 16- 3): choice=1 (inl=64)
    Gene 61 (Pair 11- 4): choice=1 (inl=57)
    Gene 65 (Pair 17- 4): choice=1 (inl=66)
    Gene 67 (Pair 20- 4): choice=1 (inl=53)
    Gene 106 (Pair  8- 7): choice=3 (inl=98)
    Gene 118 (Pair 22- 7): choice=3 (inl=28)
    Gene 136 (Pair 23- 8): choice=5 (inl=57)
    Gene 151 (Pair 24- 9): choice=1 (inl=51)
    Gene 153 (Pair 12-10): choice=2 (inl=68)
    Gene 160 (Pair 21-10): choice=1 (inl=70)
    Gene 176 (Pair 15-12): choice=3 (inl=38)
    Gene 194 (Pair 17-14): choice=1 (inl=26)
    Gene 203 (Pair 18-15): choice=1 (inl=58)
    Gene 214 (Pair 27-17): choice=1 (inl=30)
    Gene 223 (Pair 21-19): choice=1 (inl=80)

  --- SHARD 4 CANDIDATE ANALYSIS ---
    Pair (4-2): Selected=0 / 2 choices
      Choice 1: inliners=26
      Choice 2: inliners=2
    Pair (4-3): Selected=0 / 5 choices
      Choice 1: inliners=38
      Choice 2: inliners=46
      Choice 3: inliners=14
      Choice 4: inliners=32
      Choice 5: inliners=68
    Pair (5-4): Selected=0 / 2 choices
      Choice 1: inliners=48
      Choice 2: inliners=12
    Pair (6-4): Selected=0 / 2 choices
      Choice 1: inliners=24
      Choice 2: inliners=6
    Pair (7-4): Selected=0 / 2 choices
      Choice 1: inliners=36
      Choice 2: inliners=30
    Pair (8-4): Selected=0 / 4 choices
      Choice 1: inliners=28
      Choice 2: inliners=22
      Choice 3: inliners=44
      Choice 4: inliners=0
    Pair (11-4): Selected=1 / 1 choices
      Choice 1: inliners=57 [SELECTED]
    Pair (13-4): Selected=0 / 1 choices
      Choice 1: inliners=14
    Pair (14-4): Selected=0 / 2 choices
      Choice 1: inliners=48
      Choice 2: inliners=16
    Pair (16-4): Selected=0 / 1 choices
      Choice 1: inliners=32
    Pair (17-4): Selected=1 / 1 choices
      Choice 1: inliners=66 [SELECTED]
    Pair (19-4): Selected=0 / 4 choices
      Choice 1: inliners=32
      Choice 2: inliners=44
      Choice 3: inliners=26
      Choice 4: inliners=40
    Pair (20-4): Selected=1 / 1 choices
      Choice 1: inliners=53 [SELECTED]
    Pair (21-4): Selected=0 / 3 choices
      Choice 1: inliners=22
      Choice 2: inliners=16
      Choice 3: inliners=32
    Pair (22-4): Selected=0 / 1 choices
      Choice 1: inliners=38
    Pair (27-4): Selected=0 / 1 choices
      Choice 1: inliners=39


--- GENERATION 220 BEST BREAKDOWN ---
  Total Fitness: 1840.19
  Inlier Reward: 1025.22
  Cycle Penalty: 0.00
  Overlap Penalty: 0.00
  Edge Residual Penalty: 0.00
  Edge Rot Residual Penalty: 0.00
  Connectivity Reward: 0.00
  Component Penalty: 0.00
  Consensus Support Reward: 814.96
  Largest Component: 27
  Num Components: 1
  Active Pairs: 26
  OverlapDiag Sum (indexed): 0.0000 (delta_vs_fitness=0.0000)
  OverlapDiag Pairs: total=325 same_comp=325 broad_reject=255 narrow_checked=325 active=3
  OverlapDiag Active Pairs: none

  --- ACTIVE GENE MAP ---
    Gene  2 (Pair  5- 1): choice=8 (inl=84)
    Gene  7 (Pair 10- 1): choice=2 (inl=65)
    Gene 22 (Pair  6- 2): choice=1 (inl=48)
    Gene 23 (Pair  7- 2): choice=2 (inl=44)
    Gene 25 (Pair  9- 2): choice=2 (inl=36)
    Gene 29 (Pair 13- 2): choice=1 (inl=46)
    Gene 35 (Pair 25- 2): choice=2 (inl=26)
    Gene 36 (Pair 26- 2): choice=4 (inl=34)
    Gene 42 (Pair  8- 3): choice=1 (inl=52)
    Gene 46 (Pair 12- 3): choice=1 (inl=48)
    Gene 47 (Pair 14- 3): choice=3 (inl=55)
    Gene 49 (Pair 16- 3): choice=1 (inl=64)
    Gene 61 (Pair 11- 4): choice=1 (inl=57)
    Gene 65 (Pair 17- 4): choice=1 (inl=66)
    Gene 67 (Pair 20- 4): choice=1 (inl=53)
    Gene 106 (Pair  8- 7): choice=3 (inl=98)
    Gene 118 (Pair 22- 7): choice=3 (inl=28)
    Gene 136 (Pair 23- 8): choice=5 (inl=57)
    Gene 151 (Pair 24- 9): choice=1 (inl=51)
    Gene 153 (Pair 12-10): choice=2 (inl=68)
    Gene 160 (Pair 21-10): choice=1 (inl=70)
    Gene 176 (Pair 15-12): choice=3 (inl=38)
    Gene 194 (Pair 17-14): choice=1 (inl=26)
    Gene 203 (Pair 18-15): choice=1 (inl=58)
    Gene 214 (Pair 27-17): choice=1 (inl=30)
    Gene 223 (Pair 21-19): choice=1 (inl=80)

  --- SHARD 4 CANDIDATE ANALYSIS ---
    Pair (4-2): Selected=0 / 2 choices
      Choice 1: inliners=26
      Choice 2: inliners=2
    Pair (4-3): Selected=0 / 5 choices
      Choice 1: inliners=38
      Choice 2: inliners=46
      Choice 3: inliners=14
      Choice 4: inliners=32
      Choice 5: inliners=68
    Pair (5-4): Selected=0 / 2 choices
      Choice 1: inliners=48
      Choice 2: inliners=12
    Pair (6-4): Selected=0 / 2 choices
      Choice 1: inliners=24
      Choice 2: inliners=6
    Pair (7-4): Selected=0 / 2 choices
      Choice 1: inliners=36
      Choice 2: inliners=30
    Pair (8-4): Selected=0 / 4 choices
      Choice 1: inliners=28
      Choice 2: inliners=22
      Choice 3: inliners=44
      Choice 4: inliners=0
    Pair (11-4): Selected=1 / 1 choices
      Choice 1: inliners=57 [SELECTED]
    Pair (13-4): Selected=0 / 1 choices
      Choice 1: inliners=14
    Pair (14-4): Selected=0 / 2 choices
      Choice 1: inliners=48
      Choice 2: inliners=16
    Pair (16-4): Selected=0 / 1 choices
      Choice 1: inliners=32
    Pair (17-4): Selected=1 / 1 choices
      Choice 1: inliners=66 [SELECTED]
    Pair (19-4): Selected=0 / 4 choices
      Choice 1: inliners=32
      Choice 2: inliners=44
      Choice 3: inliners=26
      Choice 4: inliners=40
    Pair (20-4): Selected=1 / 1 choices
      Choice 1: inliners=53 [SELECTED]
    Pair (21-4): Selected=0 / 3 choices
      Choice 1: inliners=22
      Choice 2: inliners=16
      Choice 3: inliners=32
    Pair (22-4): Selected=0 / 1 choices
      Choice 1: inliners=38
    Pair (27-4): Selected=0 / 1 choices
      Choice 1: inliners=39


--- GENERATION 230 BEST BREAKDOWN ---
  Total Fitness: 1840.19
  Inlier Reward: 1025.22
  Cycle Penalty: 0.00
  Overlap Penalty: 0.00
  Edge Residual Penalty: 0.00
  Edge Rot Residual Penalty: 0.00
  Connectivity Reward: 0.00
  Component Penalty: 0.00
  Consensus Support Reward: 814.96
  Largest Component: 27
  Num Components: 1
  Active Pairs: 26
  OverlapDiag Sum (indexed): 0.0000 (delta_vs_fitness=0.0000)
  OverlapDiag Pairs: total=325 same_comp=325 broad_reject=255 narrow_checked=325 active=3
  OverlapDiag Active Pairs: none

  --- ACTIVE GENE MAP ---
    Gene  2 (Pair  5- 1): choice=8 (inl=84)
    Gene  7 (Pair 10- 1): choice=2 (inl=65)
    Gene 22 (Pair  6- 2): choice=1 (inl=48)
    Gene 23 (Pair  7- 2): choice=2 (inl=44)
    Gene 25 (Pair  9- 2): choice=2 (inl=36)
    Gene 29 (Pair 13- 2): choice=1 (inl=46)
    Gene 35 (Pair 25- 2): choice=2 (inl=26)
    Gene 36 (Pair 26- 2): choice=4 (inl=34)
    Gene 42 (Pair  8- 3): choice=1 (inl=52)
    Gene 46 (Pair 12- 3): choice=1 (inl=48)
    Gene 47 (Pair 14- 3): choice=3 (inl=55)
    Gene 49 (Pair 16- 3): choice=1 (inl=64)
    Gene 61 (Pair 11- 4): choice=1 (inl=57)
    Gene 65 (Pair 17- 4): choice=1 (inl=66)
    Gene 67 (Pair 20- 4): choice=1 (inl=53)
    Gene 106 (Pair  8- 7): choice=3 (inl=98)
    Gene 118 (Pair 22- 7): choice=3 (inl=28)
    Gene 136 (Pair 23- 8): choice=5 (inl=57)
    Gene 151 (Pair 24- 9): choice=1 (inl=51)
    Gene 153 (Pair 12-10): choice=2 (inl=68)
    Gene 160 (Pair 21-10): choice=1 (inl=70)
    Gene 176 (Pair 15-12): choice=3 (inl=38)
    Gene 194 (Pair 17-14): choice=1 (inl=26)
    Gene 203 (Pair 18-15): choice=1 (inl=58)
    Gene 214 (Pair 27-17): choice=1 (inl=30)
    Gene 223 (Pair 21-19): choice=1 (inl=80)

  --- SHARD 4 CANDIDATE ANALYSIS ---
    Pair (4-2): Selected=0 / 2 choices
      Choice 1: inliners=26
      Choice 2: inliners=2
    Pair (4-3): Selected=0 / 5 choices
      Choice 1: inliners=38
      Choice 2: inliners=46
      Choice 3: inliners=14
      Choice 4: inliners=32
      Choice 5: inliners=68
    Pair (5-4): Selected=0 / 2 choices
      Choice 1: inliners=48
      Choice 2: inliners=12
    Pair (6-4): Selected=0 / 2 choices
      Choice 1: inliners=24
      Choice 2: inliners=6
    Pair (7-4): Selected=0 / 2 choices
      Choice 1: inliners=36
      Choice 2: inliners=30
    Pair (8-4): Selected=0 / 4 choices
      Choice 1: inliners=28
      Choice 2: inliners=22
      Choice 3: inliners=44
      Choice 4: inliners=0
    Pair (11-4): Selected=1 / 1 choices
      Choice 1: inliners=57 [SELECTED]
    Pair (13-4): Selected=0 / 1 choices
      Choice 1: inliners=14
    Pair (14-4): Selected=0 / 2 choices
      Choice 1: inliners=48
      Choice 2: inliners=16
    Pair (16-4): Selected=0 / 1 choices
      Choice 1: inliners=32
    Pair (17-4): Selected=1 / 1 choices
      Choice 1: inliners=66 [SELECTED]
    Pair (19-4): Selected=0 / 4 choices
      Choice 1: inliners=32
      Choice 2: inliners=44
      Choice 3: inliners=26
      Choice 4: inliners=40
    Pair (20-4): Selected=1 / 1 choices
      Choice 1: inliners=53 [SELECTED]
    Pair (21-4): Selected=0 / 3 choices
      Choice 1: inliners=22
      Choice 2: inliners=16
      Choice 3: inliners=32
    Pair (22-4): Selected=0 / 1 choices
      Choice 1: inliners=38
    Pair (27-4): Selected=0 / 1 choices
      Choice 1: inliners=39


--- GENERATION 240 BEST BREAKDOWN ---
  Total Fitness: 1840.19
  Inlier Reward: 1025.22
  Cycle Penalty: 0.00
  Overlap Penalty: 0.00
  Edge Residual Penalty: 0.00
  Edge Rot Residual Penalty: 0.00
  Connectivity Reward: 0.00
  Component Penalty: 0.00
  Consensus Support Reward: 814.96
  Largest Component: 27
  Num Components: 1
  Active Pairs: 26
  OverlapDiag Sum (indexed): 0.0000 (delta_vs_fitness=0.0000)
  OverlapDiag Pairs: total=325 same_comp=325 broad_reject=255 narrow_checked=325 active=3
  OverlapDiag Active Pairs: none

  --- ACTIVE GENE MAP ---
    Gene  2 (Pair  5- 1): choice=8 (inl=84)
    Gene  7 (Pair 10- 1): choice=2 (inl=65)
    Gene 22 (Pair  6- 2): choice=1 (inl=48)
    Gene 23 (Pair  7- 2): choice=2 (inl=44)
    Gene 25 (Pair  9- 2): choice=2 (inl=36)
    Gene 29 (Pair 13- 2): choice=1 (inl=46)
    Gene 35 (Pair 25- 2): choice=2 (inl=26)
    Gene 36 (Pair 26- 2): choice=4 (inl=34)
    Gene 42 (Pair  8- 3): choice=1 (inl=52)
    Gene 46 (Pair 12- 3): choice=1 (inl=48)
    Gene 47 (Pair 14- 3): choice=3 (inl=55)
    Gene 49 (Pair 16- 3): choice=1 (inl=64)
    Gene 61 (Pair 11- 4): choice=1 (inl=57)
    Gene 65 (Pair 17- 4): choice=1 (inl=66)
    Gene 67 (Pair 20- 4): choice=1 (inl=53)
    Gene 106 (Pair  8- 7): choice=3 (inl=98)
    Gene 118 (Pair 22- 7): choice=3 (inl=28)
    Gene 136 (Pair 23- 8): choice=5 (inl=57)
    Gene 151 (Pair 24- 9): choice=1 (inl=51)
    Gene 153 (Pair 12-10): choice=2 (inl=68)
    Gene 160 (Pair 21-10): choice=1 (inl=70)
    Gene 176 (Pair 15-12): choice=3 (inl=38)
    Gene 194 (Pair 17-14): choice=1 (inl=26)
    Gene 203 (Pair 18-15): choice=1 (inl=58)
    Gene 214 (Pair 27-17): choice=1 (inl=30)
    Gene 223 (Pair 21-19): choice=1 (inl=80)

  --- SHARD 4 CANDIDATE ANALYSIS ---
    Pair (4-2): Selected=0 / 2 choices
      Choice 1: inliners=26
      Choice 2: inliners=2
    Pair (4-3): Selected=0 / 5 choices
      Choice 1: inliners=38
      Choice 2: inliners=46
      Choice 3: inliners=14
      Choice 4: inliners=32
      Choice 5: inliners=68
    Pair (5-4): Selected=0 / 2 choices
      Choice 1: inliners=48
      Choice 2: inliners=12
    Pair (6-4): Selected=0 / 2 choices
      Choice 1: inliners=24
      Choice 2: inliners=6
    Pair (7-4): Selected=0 / 2 choices
      Choice 1: inliners=36
      Choice 2: inliners=30
    Pair (8-4): Selected=0 / 4 choices
      Choice 1: inliners=28
      Choice 2: inliners=22
      Choice 3: inliners=44
      Choice 4: inliners=0
    Pair (11-4): Selected=1 / 1 choices
      Choice 1: inliners=57 [SELECTED]
    Pair (13-4): Selected=0 / 1 choices
      Choice 1: inliners=14
    Pair (14-4): Selected=0 / 2 choices
      Choice 1: inliners=48
      Choice 2: inliners=16
    Pair (16-4): Selected=0 / 1 choices
      Choice 1: inliners=32
    Pair (17-4): Selected=1 / 1 choices
      Choice 1: inliners=66 [SELECTED]
    Pair (19-4): Selected=0 / 4 choices
      Choice 1: inliners=32
      Choice 2: inliners=44
      Choice 3: inliners=26
      Choice 4: inliners=40
    Pair (20-4): Selected=1 / 1 choices
      Choice 1: inliners=53 [SELECTED]
    Pair (21-4): Selected=0 / 3 choices
      Choice 1: inliners=22
      Choice 2: inliners=16
      Choice 3: inliners=32
    Pair (22-4): Selected=0 / 1 choices
      Choice 1: inliners=38
    Pair (27-4): Selected=0 / 1 choices
      Choice 1: inliners=39


--- GENERATION 250 BEST BREAKDOWN ---
  Total Fitness: 1840.19
  Inlier Reward: 1025.22
  Cycle Penalty: 0.00
  Overlap Penalty: 0.00
  Edge Residual Penalty: 0.00
  Edge Rot Residual Penalty: 0.00
  Connectivity Reward: 0.00
  Component Penalty: 0.00
  Consensus Support Reward: 814.96
  Largest Component: 27
  Num Components: 1
  Active Pairs: 26
  OverlapDiag Sum (indexed): 0.0000 (delta_vs_fitness=0.0000)
  OverlapDiag Pairs: total=325 same_comp=325 broad_reject=255 narrow_checked=325 active=3
  OverlapDiag Active Pairs: none

  --- ACTIVE GENE MAP ---
    Gene  2 (Pair  5- 1): choice=8 (inl=84)
    Gene  7 (Pair 10- 1): choice=2 (inl=65)
    Gene 22 (Pair  6- 2): choice=1 (inl=48)
    Gene 23 (Pair  7- 2): choice=2 (inl=44)
    Gene 25 (Pair  9- 2): choice=2 (inl=36)
    Gene 29 (Pair 13- 2): choice=1 (inl=46)
    Gene 35 (Pair 25- 2): choice=2 (inl=26)
    Gene 36 (Pair 26- 2): choice=4 (inl=34)
    Gene 42 (Pair  8- 3): choice=1 (inl=52)
    Gene 46 (Pair 12- 3): choice=1 (inl=48)
    Gene 47 (Pair 14- 3): choice=3 (inl=55)
    Gene 49 (Pair 16- 3): choice=1 (inl=64)
    Gene 61 (Pair 11- 4): choice=1 (inl=57)
    Gene 65 (Pair 17- 4): choice=1 (inl=66)
    Gene 67 (Pair 20- 4): choice=1 (inl=53)
    Gene 106 (Pair  8- 7): choice=3 (inl=98)
    Gene 118 (Pair 22- 7): choice=3 (inl=28)
    Gene 136 (Pair 23- 8): choice=5 (inl=57)
    Gene 151 (Pair 24- 9): choice=1 (inl=51)
    Gene 153 (Pair 12-10): choice=2 (inl=68)
    Gene 160 (Pair 21-10): choice=1 (inl=70)
    Gene 176 (Pair 15-12): choice=3 (inl=38)
    Gene 194 (Pair 17-14): choice=1 (inl=26)
    Gene 203 (Pair 18-15): choice=1 (inl=58)
    Gene 214 (Pair 27-17): choice=1 (inl=30)
    Gene 223 (Pair 21-19): choice=1 (inl=80)

  --- SHARD 4 CANDIDATE ANALYSIS ---
    Pair (4-2): Selected=0 / 2 choices
      Choice 1: inliners=26
      Choice 2: inliners=2
    Pair (4-3): Selected=0 / 5 choices
      Choice 1: inliners=38
      Choice 2: inliners=46
      Choice 3: inliners=14
      Choice 4: inliners=32
      Choice 5: inliners=68
    Pair (5-4): Selected=0 / 2 choices
      Choice 1: inliners=48
      Choice 2: inliners=12
    Pair (6-4): Selected=0 / 2 choices
      Choice 1: inliners=24
      Choice 2: inliners=6
    Pair (7-4): Selected=0 / 2 choices
      Choice 1: inliners=36
      Choice 2: inliners=30
    Pair (8-4): Selected=0 / 4 choices
      Choice 1: inliners=28
      Choice 2: inliners=22
      Choice 3: inliners=44
      Choice 4: inliners=0
    Pair (11-4): Selected=1 / 1 choices
      Choice 1: inliners=57 [SELECTED]
    Pair (13-4): Selected=0 / 1 choices
      Choice 1: inliners=14
    Pair (14-4): Selected=0 / 2 choices
      Choice 1: inliners=48
      Choice 2: inliners=16
    Pair (16-4): Selected=0 / 1 choices
      Choice 1: inliners=32
    Pair (17-4): Selected=1 / 1 choices
      Choice 1: inliners=66 [SELECTED]
    Pair (19-4): Selected=0 / 4 choices
      Choice 1: inliners=32
      Choice 2: inliners=44
      Choice 3: inliners=26
      Choice 4: inliners=40
    Pair (20-4): Selected=1 / 1 choices
      Choice 1: inliners=53 [SELECTED]
    Pair (21-4): Selected=0 / 3 choices
      Choice 1: inliners=22
      Choice 2: inliners=16
      Choice 3: inliners=32
    Pair (22-4): Selected=0 / 1 choices
      Choice 1: inliners=38
    Pair (27-4): Selected=0 / 1 choices
      Choice 1: inliners=39


--- GENERATION 260 BEST BREAKDOWN ---
  Total Fitness: 1840.19
  Inlier Reward: 1025.22
  Cycle Penalty: 0.00
  Overlap Penalty: 0.00
  Edge Residual Penalty: 0.00
  Edge Rot Residual Penalty: 0.00
  Connectivity Reward: 0.00
  Component Penalty: 0.00
  Consensus Support Reward: 814.96
  Largest Component: 27
  Num Components: 1
  Active Pairs: 26
  OverlapDiag Sum (indexed): 0.0000 (delta_vs_fitness=0.0000)
  OverlapDiag Pairs: total=325 same_comp=325 broad_reject=255 narrow_checked=325 active=3
  OverlapDiag Active Pairs: none

  --- ACTIVE GENE MAP ---
    Gene  2 (Pair  5- 1): choice=8 (inl=84)
    Gene  7 (Pair 10- 1): choice=2 (inl=65)
    Gene 22 (Pair  6- 2): choice=1 (inl=48)
    Gene 23 (Pair  7- 2): choice=2 (inl=44)
    Gene 25 (Pair  9- 2): choice=2 (inl=36)
    Gene 29 (Pair 13- 2): choice=1 (inl=46)
    Gene 35 (Pair 25- 2): choice=2 (inl=26)
    Gene 36 (Pair 26- 2): choice=4 (inl=34)
    Gene 42 (Pair  8- 3): choice=1 (inl=52)
    Gene 46 (Pair 12- 3): choice=1 (inl=48)
    Gene 47 (Pair 14- 3): choice=3 (inl=55)
    Gene 49 (Pair 16- 3): choice=1 (inl=64)
    Gene 61 (Pair 11- 4): choice=1 (inl=57)
    Gene 65 (Pair 17- 4): choice=1 (inl=66)
    Gene 67 (Pair 20- 4): choice=1 (inl=53)
    Gene 106 (Pair  8- 7): choice=3 (inl=98)
    Gene 118 (Pair 22- 7): choice=3 (inl=28)
    Gene 136 (Pair 23- 8): choice=5 (inl=57)
    Gene 151 (Pair 24- 9): choice=1 (inl=51)
    Gene 153 (Pair 12-10): choice=2 (inl=68)
    Gene 160 (Pair 21-10): choice=1 (inl=70)
    Gene 176 (Pair 15-12): choice=3 (inl=38)
    Gene 194 (Pair 17-14): choice=1 (inl=26)
    Gene 203 (Pair 18-15): choice=1 (inl=58)
    Gene 214 (Pair 27-17): choice=1 (inl=30)
    Gene 223 (Pair 21-19): choice=1 (inl=80)

  --- SHARD 4 CANDIDATE ANALYSIS ---
    Pair (4-2): Selected=0 / 2 choices
      Choice 1: inliners=26
      Choice 2: inliners=2
    Pair (4-3): Selected=0 / 5 choices
      Choice 1: inliners=38
      Choice 2: inliners=46
      Choice 3: inliners=14
      Choice 4: inliners=32
      Choice 5: inliners=68
    Pair (5-4): Selected=0 / 2 choices
      Choice 1: inliners=48
      Choice 2: inliners=12
    Pair (6-4): Selected=0 / 2 choices
      Choice 1: inliners=24
      Choice 2: inliners=6
    Pair (7-4): Selected=0 / 2 choices
      Choice 1: inliners=36
      Choice 2: inliners=30
    Pair (8-4): Selected=0 / 4 choices
      Choice 1: inliners=28
      Choice 2: inliners=22
      Choice 3: inliners=44
      Choice 4: inliners=0
    Pair (11-4): Selected=1 / 1 choices
      Choice 1: inliners=57 [SELECTED]
    Pair (13-4): Selected=0 / 1 choices
      Choice 1: inliners=14
    Pair (14-4): Selected=0 / 2 choices
      Choice 1: inliners=48
      Choice 2: inliners=16
    Pair (16-4): Selected=0 / 1 choices
      Choice 1: inliners=32
    Pair (17-4): Selected=1 / 1 choices
      Choice 1: inliners=66 [SELECTED]
    Pair (19-4): Selected=0 / 4 choices
      Choice 1: inliners=32
      Choice 2: inliners=44
      Choice 3: inliners=26
      Choice 4: inliners=40
    Pair (20-4): Selected=1 / 1 choices
      Choice 1: inliners=53 [SELECTED]
    Pair (21-4): Selected=0 / 3 choices
      Choice 1: inliners=22
      Choice 2: inliners=16
      Choice 3: inliners=32
    Pair (22-4): Selected=0 / 1 choices
      Choice 1: inliners=38
    Pair (27-4): Selected=0 / 1 choices
      Choice 1: inliners=39


--- GENERATION 270 BEST BREAKDOWN ---
  Total Fitness: 1840.19
  Inlier Reward: 1025.22
  Cycle Penalty: 0.00
  Overlap Penalty: 0.00
  Edge Residual Penalty: 0.00
  Edge Rot Residual Penalty: 0.00
  Connectivity Reward: 0.00
  Component Penalty: 0.00
  Consensus Support Reward: 814.96
  Largest Component: 27
  Num Components: 1
  Active Pairs: 26
  OverlapDiag Sum (indexed): 0.0000 (delta_vs_fitness=0.0000)
  OverlapDiag Pairs: total=325 same_comp=325 broad_reject=255 narrow_checked=325 active=3
  OverlapDiag Active Pairs: none

  --- ACTIVE GENE MAP ---
    Gene  2 (Pair  5- 1): choice=8 (inl=84)
    Gene  7 (Pair 10- 1): choice=2 (inl=65)
    Gene 22 (Pair  6- 2): choice=1 (inl=48)
    Gene 23 (Pair  7- 2): choice=2 (inl=44)
    Gene 25 (Pair  9- 2): choice=2 (inl=36)
    Gene 29 (Pair 13- 2): choice=1 (inl=46)
    Gene 35 (Pair 25- 2): choice=2 (inl=26)
    Gene 36 (Pair 26- 2): choice=4 (inl=34)
    Gene 42 (Pair  8- 3): choice=1 (inl=52)
    Gene 46 (Pair 12- 3): choice=1 (inl=48)
    Gene 47 (Pair 14- 3): choice=3 (inl=55)
    Gene 49 (Pair 16- 3): choice=1 (inl=64)
    Gene 61 (Pair 11- 4): choice=1 (inl=57)
    Gene 65 (Pair 17- 4): choice=1 (inl=66)
    Gene 67 (Pair 20- 4): choice=1 (inl=53)
    Gene 106 (Pair  8- 7): choice=3 (inl=98)
    Gene 118 (Pair 22- 7): choice=3 (inl=28)
    Gene 136 (Pair 23- 8): choice=5 (inl=57)
    Gene 151 (Pair 24- 9): choice=1 (inl=51)
    Gene 153 (Pair 12-10): choice=2 (inl=68)
    Gene 160 (Pair 21-10): choice=1 (inl=70)
    Gene 176 (Pair 15-12): choice=3 (inl=38)
    Gene 194 (Pair 17-14): choice=1 (inl=26)
    Gene 203 (Pair 18-15): choice=1 (inl=58)
    Gene 214 (Pair 27-17): choice=1 (inl=30)
    Gene 223 (Pair 21-19): choice=1 (inl=80)

  --- SHARD 4 CANDIDATE ANALYSIS ---
    Pair (4-2): Selected=0 / 2 choices
      Choice 1: inliners=26
      Choice 2: inliners=2
    Pair (4-3): Selected=0 / 5 choices
      Choice 1: inliners=38
      Choice 2: inliners=46
      Choice 3: inliners=14
      Choice 4: inliners=32
      Choice 5: inliners=68
    Pair (5-4): Selected=0 / 2 choices
      Choice 1: inliners=48
      Choice 2: inliners=12
    Pair (6-4): Selected=0 / 2 choices
      Choice 1: inliners=24
      Choice 2: inliners=6
    Pair (7-4): Selected=0 / 2 choices
      Choice 1: inliners=36
      Choice 2: inliners=30
    Pair (8-4): Selected=0 / 4 choices
      Choice 1: inliners=28
      Choice 2: inliners=22
      Choice 3: inliners=44
      Choice 4: inliners=0
    Pair (11-4): Selected=1 / 1 choices
      Choice 1: inliners=57 [SELECTED]
    Pair (13-4): Selected=0 / 1 choices
      Choice 1: inliners=14
    Pair (14-4): Selected=0 / 2 choices
      Choice 1: inliners=48
      Choice 2: inliners=16
    Pair (16-4): Selected=0 / 1 choices
      Choice 1: inliners=32
    Pair (17-4): Selected=1 / 1 choices
      Choice 1: inliners=66 [SELECTED]
    Pair (19-4): Selected=0 / 4 choices
      Choice 1: inliners=32
      Choice 2: inliners=44
      Choice 3: inliners=26
      Choice 4: inliners=40
    Pair (20-4): Selected=1 / 1 choices
      Choice 1: inliners=53 [SELECTED]
    Pair (21-4): Selected=0 / 3 choices
      Choice 1: inliners=22
      Choice 2: inliners=16
      Choice 3: inliners=32
    Pair (22-4): Selected=0 / 1 choices
      Choice 1: inliners=38
    Pair (27-4): Selected=0 / 1 choices
      Choice 1: inliners=39


--- GENERATION 0 BEST BREAKDOWN ---
  Total Fitness: -190.89
  Inlier Reward: 1220.38
  Cycle Penalty: 0.00
  Overlap Penalty: 1411.26
  Edge Residual Penalty: 0.00
  Edge Rot Residual Penalty: 0.00
  Connectivity Reward: 0.00
  Component Penalty: 0.00
  Consensus Support Reward: 0.00
  Largest Component: 27
  Num Components: 1
  Active Pairs: 26
  OverlapDiag Sum (indexed): 1411.2644 (delta_vs_fitness=0.0000)
  OverlapDiag Pairs: total=325 same_comp=325 broad_reject=263 narrow_checked=325 active=7
  OverlapDiag Top Active Pairs:
    Pair (16,26) pen=444.4444 hits=2/332 hit_ratio=0.1111 avg_depth=0.2330 min_nn=0.6106
    Pair (3,13) pen=125.8191 hits=24/1288 hit_ratio=0.0315 avg_depth=0.2197 min_nn=0.2780
    Pair (11,18) pen=67.9012 hits=12/739 hit_ratio=0.0170 avg_depth=0.2067 min_nn=0.5968

  --- ACTIVE GENE MAP ---
    Gene  9 (Pair 12- 1): choice=5 (inl=70)
    Gene 14 (Pair 19- 1): choice=5 (inl=77)
    Gene 20 (Pair 26- 1): choice=1 (inl=49)
    Gene 32 (Pair 18- 2): choice=3 (inl=59)
    Gene 35 (Pair 25- 2): choice=1 (inl=22)
    Gene 39 (Pair  5- 3): choice=1 (inl=68)
    Gene 41 (Pair  7- 3): choice=2 (inl=76)
    Gene 49 (Pair 16- 3): choice=1 (inl=64)
    Gene 50 (Pair 17- 3): choice=1 (inl=79)
    Gene 65 (Pair 17- 4): choice=1 (inl=66)
    Gene 67 (Pair 20- 4): choice=1 (inl=53)
    Gene 70 (Pair 27- 4): choice=1 (inl=39)
    Gene 85 (Pair 21- 5): choice=1 (inl=79)
    Gene 95 (Pair 13- 6): choice=1 (inl=68)
    Gene 109 (Pair 11- 7): choice=1 (inl=107)
    Gene 112 (Pair 14- 7): choice=2 (inl=92)
    Gene 133 (Pair 20- 8): choice=2 (inl=55)
    Gene 144 (Pair 16- 9): choice=1 (inl=55)
    Gene 151 (Pair 24- 9): choice=1 (inl=51)
    Gene 153 (Pair 12-10): choice=2 (inl=68)
    Gene 160 (Pair 21-10): choice=1 (inl=70)
    Gene 182 (Pair 22-12): choice=1 (inl=55)
    Gene 189 (Pair 23-13): choice=1 (inl=58)
    Gene 201 (Pair 16-15): choice=1 (inl=60)
    Gene 203 (Pair 18-15): choice=1 (inl=58)
    Gene 233 (Pair 24-23): choice=2 (inl=46)

  --- SHARD 4 CANDIDATE ANALYSIS ---
    Pair (4-2): Selected=0 / 2 choices
      Choice 1: inliners=26
      Choice 2: inliners=2
    Pair (4-3): Selected=0 / 5 choices
      Choice 1: inliners=38
      Choice 2: inliners=46
      Choice 3: inliners=14
      Choice 4: inliners=32
      Choice 5: inliners=68
    Pair (5-4): Selected=0 / 2 choices
      Choice 1: inliners=48
      Choice 2: inliners=12
    Pair (6-4): Selected=0 / 2 choices
      Choice 1: inliners=24
      Choice 2: inliners=6
    Pair (7-4): Selected=0 / 2 choices
      Choice 1: inliners=36
      Choice 2: inliners=30
    Pair (8-4): Selected=0 / 4 choices
      Choice 1: inliners=28
      Choice 2: inliners=22
      Choice 3: inliners=44
      Choice 4: inliners=0
    Pair (11-4): Selected=0 / 1 choices
      Choice 1: inliners=57
    Pair (13-4): Selected=0 / 1 choices
      Choice 1: inliners=14
    Pair (14-4): Selected=0 / 2 choices
      Choice 1: inliners=48
      Choice 2: inliners=16
    Pair (16-4): Selected=0 / 1 choices
      Choice 1: inliners=32
    Pair (17-4): Selected=1 / 1 choices
      Choice 1: inliners=66 [SELECTED]
    Pair (19-4): Selected=0 / 4 choices
      Choice 1: inliners=32
      Choice 2: inliners=44
      Choice 3: inliners=26
      Choice 4: inliners=40
    Pair (20-4): Selected=1 / 1 choices
      Choice 1: inliners=53 [SELECTED]
    Pair (21-4): Selected=0 / 3 choices
      Choice 1: inliners=22
      Choice 2: inliners=16
      Choice 3: inliners=32
    Pair (22-4): Selected=0 / 1 choices
      Choice 1: inliners=38
    Pair (27-4): Selected=1 / 1 choices
      Choice 1: inliners=39 [SELECTED]


--- GENERATION 10 BEST BREAKDOWN ---
  Total Fitness: 857.72
  Inlier Reward: 1215.56
  Cycle Penalty: 0.00
  Overlap Penalty: 499.08
  Edge Residual Penalty: 0.00
  Edge Rot Residual Penalty: 0.00
  Connectivity Reward: 0.00
  Component Penalty: 0.00
  Consensus Support Reward: 141.25
  Largest Component: 27
  Num Components: 1
  Active Pairs: 26
  OverlapDiag Sum (indexed): 499.0840 (delta_vs_fitness=0.0000)
  OverlapDiag Pairs: total=325 same_comp=325 broad_reject=245 narrow_checked=325 active=5
  OverlapDiag Top Active Pairs:
    Pair (1,7) pen=90.8231 hits=24/1473 hit_ratio=0.0227 avg_depth=0.2642 min_nn=0.3382
    Pair (0,11) pen=81.1908 hits=15/739 hit_ratio=0.0203 avg_depth=0.2545 min_nn=0.3787
    Pair (3,20) pen=46.5116 hits=3/1288 hit_ratio=0.0116 avg_depth=0.2812 min_nn=0.6216

  --- ACTIVE GENE MAP ---
    Gene  2 (Pair  5- 1): choice=8 (inl=84)
    Gene  6 (Pair  9- 1): choice=2 (inl=63)
    Gene 14 (Pair 19- 1): choice=2 (inl=89)
    Gene 23 (Pair  7- 2): choice=2 (inl=44)
    Gene 25 (Pair  9- 2): choice=2 (inl=36)
    Gene 29 (Pair 13- 2): choice=1 (inl=46)
    Gene 32 (Pair 18- 2): choice=2 (inl=81)
    Gene 35 (Pair 25- 2): choice=2 (inl=26)
    Gene 41 (Pair  7- 3): choice=2 (inl=76)
    Gene 49 (Pair 16- 3): choice=1 (inl=64)
    Gene 50 (Pair 17- 3): choice=1 (inl=79)
    Gene 66 (Pair 19- 4): choice=2 (inl=44)
    Gene 67 (Pair 20- 4): choice=1 (inl=53)
    Gene 86 (Pair 22- 5): choice=2 (inl=57)
    Gene 95 (Pair 13- 6): choice=1 (inl=68)
    Gene 109 (Pair 11- 7): choice=1 (inl=107)
    Gene 112 (Pair 14- 7): choice=2 (inl=92)
    Gene 124 (Pair 11- 8): choice=4 (inl=74)
    Gene 139 (Pair 10- 9): choice=4 (inl=56)
    Gene 151 (Pair 24- 9): choice=1 (inl=51)
    Gene 152 (Pair 26- 9): choice=3 (inl=65)
    Gene 185 (Pair 26-12): choice=1 (inl=58)
    Gene 189 (Pair 23-13): choice=1 (inl=58)
    Gene 200 (Pair 27-14): choice=1 (inl=28)
    Gene 201 (Pair 16-15): choice=1 (inl=60)
    Gene 223 (Pair 21-19): choice=1 (inl=80)

  --- SHARD 4 CANDIDATE ANALYSIS ---
    Pair (4-2): Selected=0 / 2 choices
      Choice 1: inliners=26
      Choice 2: inliners=2
    Pair (4-3): Selected=0 / 5 choices
      Choice 1: inliners=38
      Choice 2: inliners=46
      Choice 3: inliners=14
      Choice 4: inliners=32
      Choice 5: inliners=68
    Pair (5-4): Selected=0 / 2 choices
      Choice 1: inliners=48
      Choice 2: inliners=12
    Pair (6-4): Selected=0 / 2 choices
      Choice 1: inliners=24
      Choice 2: inliners=6
    Pair (7-4): Selected=0 / 2 choices
      Choice 1: inliners=36
      Choice 2: inliners=30
    Pair (8-4): Selected=0 / 4 choices
      Choice 1: inliners=28
      Choice 2: inliners=22
      Choice 3: inliners=44
      Choice 4: inliners=0
    Pair (11-4): Selected=0 / 1 choices
      Choice 1: inliners=57
    Pair (13-4): Selected=0 / 1 choices
      Choice 1: inliners=14
    Pair (14-4): Selected=0 / 2 choices
      Choice 1: inliners=48
      Choice 2: inliners=16
    Pair (16-4): Selected=0 / 1 choices
      Choice 1: inliners=32
    Pair (17-4): Selected=0 / 1 choices
      Choice 1: inliners=66
    Pair (19-4): Selected=2 / 4 choices
      Choice 1: inliners=32
      Choice 2: inliners=44 [SELECTED]
      Choice 3: inliners=26
      Choice 4: inliners=40
    Pair (20-4): Selected=1 / 1 choices
      Choice 1: inliners=53 [SELECTED]
    Pair (21-4): Selected=0 / 3 choices
      Choice 1: inliners=22
      Choice 2: inliners=16
      Choice 3: inliners=32
    Pair (22-4): Selected=0 / 1 choices
      Choice 1: inliners=38
    Pair (27-4): Selected=0 / 1 choices
      Choice 1: inliners=39


--- GENERATION 20 BEST BREAKDOWN ---
  Total Fitness: 1273.46
  Inlier Reward: 1191.15
  Cycle Penalty: 0.00
  Overlap Penalty: 74.36
  Edge Residual Penalty: 0.00
  Edge Rot Residual Penalty: 0.00
  Connectivity Reward: 0.00
  Component Penalty: 0.00
  Consensus Support Reward: 156.67
  Largest Component: 27
  Num Components: 1
  Active Pairs: 26
  OverlapDiag Sum (indexed): 74.3619 (delta_vs_fitness=0.0000)
  OverlapDiag Pairs: total=325 same_comp=325 broad_reject=257 narrow_checked=325 active=4
  OverlapDiag Active Pairs: none

  --- ACTIVE GENE MAP ---
    Gene  2 (Pair  5- 1): choice=8 (inl=84)
    Gene  6 (Pair  9- 1): choice=2 (inl=63)
    Gene 14 (Pair 19- 1): choice=3 (inl=75)
    Gene 23 (Pair  7- 2): choice=2 (inl=44)
    Gene 25 (Pair  9- 2): choice=2 (inl=36)
    Gene 29 (Pair 13- 2): choice=1 (inl=46)
    Gene 32 (Pair 18- 2): choice=2 (inl=81)
    Gene 35 (Pair 25- 2): choice=2 (inl=26)
    Gene 41 (Pair  7- 3): choice=2 (inl=76)
    Gene 42 (Pair  8- 3): choice=1 (inl=52)
    Gene 46 (Pair 12- 3): choice=1 (inl=48)
    Gene 49 (Pair 16- 3): choice=1 (inl=64)
    Gene 50 (Pair 17- 3): choice=1 (inl=79)
    Gene 61 (Pair 11- 4): choice=1 (inl=57)
    Gene 67 (Pair 20- 4): choice=1 (inl=53)
    Gene 70 (Pair 27- 4): choice=1 (inl=39)
    Gene 86 (Pair 22- 5): choice=2 (inl=57)
    Gene 95 (Pair 13- 6): choice=1 (inl=68)
    Gene 109 (Pair 11- 7): choice=1 (inl=107)
    Gene 112 (Pair 14- 7): choice=2 (inl=92)
    Gene 139 (Pair 10- 9): choice=4 (inl=56)
    Gene 151 (Pair 24- 9): choice=1 (inl=51)
    Gene 152 (Pair 26- 9): choice=3 (inl=65)
    Gene 155 (Pair 15-10): choice=2 (inl=50)
    Gene 160 (Pair 21-10): choice=1 (inl=70)
    Gene 189 (Pair 23-13): choice=1 (inl=58)

  --- SHARD 4 CANDIDATE ANALYSIS ---
    Pair (4-2): Selected=0 / 2 choices
      Choice 1: inliners=26
      Choice 2: inliners=2
    Pair (4-3): Selected=0 / 5 choices
      Choice 1: inliners=38
      Choice 2: inliners=46
      Choice 3: inliners=14
      Choice 4: inliners=32
      Choice 5: inliners=68
    Pair (5-4): Selected=0 / 2 choices
      Choice 1: inliners=48
      Choice 2: inliners=12
    Pair (6-4): Selected=0 / 2 choices
      Choice 1: inliners=24
      Choice 2: inliners=6
    Pair (7-4): Selected=0 / 2 choices
      Choice 1: inliners=36
      Choice 2: inliners=30
    Pair (8-4): Selected=0 / 4 choices
      Choice 1: inliners=28
      Choice 2: inliners=22
      Choice 3: inliners=44
      Choice 4: inliners=0
    Pair (11-4): Selected=1 / 1 choices
      Choice 1: inliners=57 [SELECTED]
    Pair (13-4): Selected=0 / 1 choices
      Choice 1: inliners=14
    Pair (14-4): Selected=0 / 2 choices
      Choice 1: inliners=48
      Choice 2: inliners=16
    Pair (16-4): Selected=0 / 1 choices
      Choice 1: inliners=32
    Pair (17-4): Selected=0 / 1 choices
      Choice 1: inliners=66
    Pair (19-4): Selected=0 / 4 choices
      Choice 1: inliners=32
      Choice 2: inliners=44
      Choice 3: inliners=26
      Choice 4: inliners=40
    Pair (20-4): Selected=1 / 1 choices
      Choice 1: inliners=53 [SELECTED]
    Pair (21-4): Selected=0 / 3 choices
      Choice 1: inliners=22
      Choice 2: inliners=16
      Choice 3: inliners=32
    Pair (22-4): Selected=0 / 1 choices
      Choice 1: inliners=38
    Pair (27-4): Selected=1 / 1 choices
      Choice 1: inliners=39 [SELECTED]


--- GENERATION 30 BEST BREAKDOWN ---
  Total Fitness: 1329.15
  Inlier Reward: 1105.64
  Cycle Penalty: 0.00
  Overlap Penalty: 102.89
  Edge Residual Penalty: 0.00
  Edge Rot Residual Penalty: 0.00
  Connectivity Reward: 0.00
  Component Penalty: 0.00
  Consensus Support Reward: 326.40
  Largest Component: 27
  Num Components: 1
  Active Pairs: 26
  OverlapDiag Sum (indexed): 102.8939 (delta_vs_fitness=0.0000)
  OverlapDiag Pairs: total=325 same_comp=325 broad_reject=262 narrow_checked=325 active=4
  OverlapDiag Top Active Pairs:
    Pair (7,8) pen=51.4469 hits=13/1057 hit_ratio=0.0129 avg_depth=0.2808 min_nn=0.4131

  --- ACTIVE GENE MAP ---
    Gene  0 (Pair  2- 1): choice=2 (inl=32)
    Gene  2 (Pair  5- 1): choice=8 (inl=84)
    Gene  5 (Pair  8- 1): choice=5 (inl=42)
    Gene  6 (Pair  9- 1): choice=4 (inl=32)
    Gene  7 (Pair 10- 1): choice=2 (inl=65)
    Gene 14 (Pair 19- 1): choice=2 (inl=89)
    Gene 18 (Pair 23- 1): choice=2 (inl=38)
    Gene 19 (Pair 24- 1): choice=1 (inl=36)
    Gene 20 (Pair 26- 1): choice=1 (inl=49)
    Gene 22 (Pair  6- 2): choice=1 (inl=48)
    Gene 23 (Pair  7- 2): choice=2 (inl=44)
    Gene 29 (Pair 13- 2): choice=1 (inl=46)
    Gene 32 (Pair 18- 2): choice=4 (inl=83)
    Gene 35 (Pair 25- 2): choice=2 (inl=26)
    Gene 37 (Pair 27- 2): choice=1 (inl=30)
    Gene 41 (Pair  7- 3): choice=2 (inl=76)
    Gene 46 (Pair 12- 3): choice=1 (inl=48)
    Gene 49 (Pair 16- 3): choice=1 (inl=64)
    Gene 50 (Pair 17- 3): choice=1 (inl=79)
    Gene 61 (Pair 11- 4): choice=1 (inl=57)
    Gene 67 (Pair 20- 4): choice=1 (inl=53)
    Gene 86 (Pair 22- 5): choice=4 (inl=51)
    Gene 109 (Pair 11- 7): choice=1 (inl=107)
    Gene 112 (Pair 14- 7): choice=2 (inl=92)
    Gene 155 (Pair 15-10): choice=2 (inl=50)
    Gene 160 (Pair 21-10): choice=1 (inl=70)

  --- SHARD 4 CANDIDATE ANALYSIS ---
    Pair (4-2): Selected=0 / 2 choices
      Choice 1: inliners=26
      Choice 2: inliners=2
    Pair (4-3): Selected=0 / 5 choices
      Choice 1: inliners=38
      Choice 2: inliners=46
      Choice 3: inliners=14
      Choice 4: inliners=32
      Choice 5: inliners=68
    Pair (5-4): Selected=0 / 2 choices
      Choice 1: inliners=48
      Choice 2: inliners=12
    Pair (6-4): Selected=0 / 2 choices
      Choice 1: inliners=24
      Choice 2: inliners=6
    Pair (7-4): Selected=0 / 2 choices
      Choice 1: inliners=36
      Choice 2: inliners=30
    Pair (8-4): Selected=0 / 4 choices
      Choice 1: inliners=28
      Choice 2: inliners=22
      Choice 3: inliners=44
      Choice 4: inliners=0
    Pair (11-4): Selected=1 / 1 choices
      Choice 1: inliners=57 [SELECTED]
    Pair (13-4): Selected=0 / 1 choices
      Choice 1: inliners=14
    Pair (14-4): Selected=0 / 2 choices
      Choice 1: inliners=48
      Choice 2: inliners=16
    Pair (16-4): Selected=0 / 1 choices
      Choice 1: inliners=32
    Pair (17-4): Selected=0 / 1 choices
      Choice 1: inliners=66
    Pair (19-4): Selected=0 / 4 choices
      Choice 1: inliners=32
      Choice 2: inliners=44
      Choice 3: inliners=26
      Choice 4: inliners=40
    Pair (20-4): Selected=1 / 1 choices
      Choice 1: inliners=53 [SELECTED]
    Pair (21-4): Selected=0 / 3 choices
      Choice 1: inliners=22
      Choice 2: inliners=16
      Choice 3: inliners=32
    Pair (22-4): Selected=0 / 1 choices
      Choice 1: inliners=38
    Pair (27-4): Selected=0 / 1 choices
      Choice 1: inliners=39


--- GENERATION 40 BEST BREAKDOWN ---
  Total Fitness: 1509.08
  Inlier Reward: 1130.34
  Cycle Penalty: 0.00
  Overlap Penalty: 0.00
  Edge Residual Penalty: 0.00
  Edge Rot Residual Penalty: 0.00
  Connectivity Reward: 0.00
  Component Penalty: 0.00
  Consensus Support Reward: 378.74
  Largest Component: 27
  Num Components: 1
  Active Pairs: 26
  OverlapDiag Sum (indexed): 0.0000 (delta_vs_fitness=0.0000)
  OverlapDiag Pairs: total=325 same_comp=325 broad_reject=266 narrow_checked=325 active=3
  OverlapDiag Active Pairs: none

  --- ACTIVE GENE MAP ---
    Gene  0 (Pair  2- 1): choice=2 (inl=32)
    Gene  2 (Pair  5- 1): choice=8 (inl=84)
    Gene  7 (Pair 10- 1): choice=2 (inl=65)
    Gene 14 (Pair 19- 1): choice=2 (inl=89)
    Gene 18 (Pair 23- 1): choice=2 (inl=38)
    Gene 19 (Pair 24- 1): choice=1 (inl=36)
    Gene 20 (Pair 26- 1): choice=1 (inl=49)
    Gene 22 (Pair  6- 2): choice=1 (inl=48)
    Gene 23 (Pair  7- 2): choice=2 (inl=44)
    Gene 28 (Pair 12- 2): choice=2 (inl=28)
    Gene 29 (Pair 13- 2): choice=1 (inl=46)
    Gene 32 (Pair 18- 2): choice=4 (inl=83)
    Gene 35 (Pair 25- 2): choice=3 (inl=12)
    Gene 37 (Pair 27- 2): choice=1 (inl=30)
    Gene 39 (Pair  5- 3): choice=1 (inl=68)
    Gene 49 (Pair 16- 3): choice=1 (inl=64)
    Gene 50 (Pair 17- 3): choice=1 (inl=79)
    Gene 61 (Pair 11- 4): choice=1 (inl=57)
    Gene 67 (Pair 20- 4): choice=1 (inl=53)
    Gene 86 (Pair 22- 5): choice=4 (inl=51)
    Gene 106 (Pair  8- 7): choice=3 (inl=98)
    Gene 109 (Pair 11- 7): choice=1 (inl=107)
    Gene 112 (Pair 14- 7): choice=2 (inl=92)
    Gene 151 (Pair 24- 9): choice=1 (inl=51)
    Gene 155 (Pair 15-10): choice=2 (inl=50)
    Gene 160 (Pair 21-10): choice=1 (inl=70)

  --- SHARD 4 CANDIDATE ANALYSIS ---
    Pair (4-2): Selected=0 / 2 choices
      Choice 1: inliners=26
      Choice 2: inliners=2
    Pair (4-3): Selected=0 / 5 choices
      Choice 1: inliners=38
      Choice 2: inliners=46
      Choice 3: inliners=14
      Choice 4: inliners=32
      Choice 5: inliners=68
    Pair (5-4): Selected=0 / 2 choices
      Choice 1: inliners=48
      Choice 2: inliners=12
    Pair (6-4): Selected=0 / 2 choices
      Choice 1: inliners=24
      Choice 2: inliners=6
    Pair (7-4): Selected=0 / 2 choices
      Choice 1: inliners=36
      Choice 2: inliners=30
    Pair (8-4): Selected=0 / 4 choices
      Choice 1: inliners=28
      Choice 2: inliners=22
      Choice 3: inliners=44
      Choice 4: inliners=0
    Pair (11-4): Selected=1 / 1 choices
      Choice 1: inliners=57 [SELECTED]
    Pair (13-4): Selected=0 / 1 choices
      Choice 1: inliners=14
    Pair (14-4): Selected=0 / 2 choices
      Choice 1: inliners=48
      Choice 2: inliners=16
    Pair (16-4): Selected=0 / 1 choices
      Choice 1: inliners=32
    Pair (17-4): Selected=0 / 1 choices
      Choice 1: inliners=66
    Pair (19-4): Selected=0 / 4 choices
      Choice 1: inliners=32
      Choice 2: inliners=44
      Choice 3: inliners=26
      Choice 4: inliners=40
    Pair (20-4): Selected=1 / 1 choices
      Choice 1: inliners=53 [SELECTED]
    Pair (21-4): Selected=0 / 3 choices
      Choice 1: inliners=22
      Choice 2: inliners=16
      Choice 3: inliners=32
    Pair (22-4): Selected=0 / 1 choices
      Choice 1: inliners=38
    Pair (27-4): Selected=0 / 1 choices
      Choice 1: inliners=39


--- GENERATION 50 BEST BREAKDOWN ---
  Total Fitness: 1544.47
  Inlier Reward: 1073.28
  Cycle Penalty: 0.00
  Overlap Penalty: 0.00
  Edge Residual Penalty: 0.00
  Edge Rot Residual Penalty: 0.00
  Connectivity Reward: 0.00
  Component Penalty: 0.00
  Consensus Support Reward: 471.19
  Largest Component: 27
  Num Components: 1
  Active Pairs: 26
  OverlapDiag Sum (indexed): 0.0000 (delta_vs_fitness=0.0000)
  OverlapDiag Pairs: total=325 same_comp=325 broad_reject=275 narrow_checked=325 active=2
  OverlapDiag Active Pairs: none

  --- ACTIVE GENE MAP ---
    Gene  0 (Pair  2- 1): choice=2 (inl=32)
    Gene  2 (Pair  5- 1): choice=8 (inl=84)
    Gene  7 (Pair 10- 1): choice=2 (inl=65)
    Gene 14 (Pair 19- 1): choice=2 (inl=89)
    Gene 18 (Pair 23- 1): choice=2 (inl=38)
    Gene 19 (Pair 24- 1): choice=1 (inl=36)
    Gene 20 (Pair 26- 1): choice=1 (inl=49)
    Gene 22 (Pair  6- 2): choice=1 (inl=48)
    Gene 23 (Pair  7- 2): choice=2 (inl=44)
    Gene 28 (Pair 12- 2): choice=2 (inl=28)
    Gene 29 (Pair 13- 2): choice=1 (inl=46)
    Gene 32 (Pair 18- 2): choice=4 (inl=83)
    Gene 35 (Pair 25- 2): choice=2 (inl=26)
    Gene 37 (Pair 27- 2): choice=1 (inl=30)
    Gene 39 (Pair  5- 3): choice=1 (inl=68)
    Gene 47 (Pair 14- 3): choice=3 (inl=55)
    Gene 49 (Pair 16- 3): choice=1 (inl=64)
    Gene 50 (Pair 17- 3): choice=1 (inl=79)
    Gene 61 (Pair 11- 4): choice=1 (inl=57)
    Gene 65 (Pair 17- 4): choice=1 (inl=66)
    Gene 67 (Pair 20- 4): choice=1 (inl=53)
    Gene 86 (Pair 22- 5): choice=4 (inl=51)
    Gene 106 (Pair  8- 7): choice=3 (inl=98)
    Gene 151 (Pair 24- 9): choice=1 (inl=51)
    Gene 160 (Pair 21-10): choice=1 (inl=70)
    Gene 176 (Pair 15-12): choice=4 (inl=50)

  --- SHARD 4 CANDIDATE ANALYSIS ---
    Pair (4-2): Selected=0 / 2 choices
      Choice 1: inliners=26
      Choice 2: inliners=2
    Pair (4-3): Selected=0 / 5 choices
      Choice 1: inliners=38
      Choice 2: inliners=46
      Choice 3: inliners=14
      Choice 4: inliners=32
      Choice 5: inliners=68
    Pair (5-4): Selected=0 / 2 choices
      Choice 1: inliners=48
      Choice 2: inliners=12
    Pair (6-4): Selected=0 / 2 choices
      Choice 1: inliners=24
      Choice 2: inliners=6
    Pair (7-4): Selected=0 / 2 choices
      Choice 1: inliners=36
      Choice 2: inliners=30
    Pair (8-4): Selected=0 / 4 choices
      Choice 1: inliners=28
      Choice 2: inliners=22
      Choice 3: inliners=44
      Choice 4: inliners=0
    Pair (11-4): Selected=1 / 1 choices
      Choice 1: inliners=57 [SELECTED]
    Pair (13-4): Selected=0 / 1 choices
      Choice 1: inliners=14
    Pair (14-4): Selected=0 / 2 choices
      Choice 1: inliners=48
      Choice 2: inliners=16
    Pair (16-4): Selected=0 / 1 choices
      Choice 1: inliners=32
    Pair (17-4): Selected=1 / 1 choices
      Choice 1: inliners=66 [SELECTED]
    Pair (19-4): Selected=0 / 4 choices
      Choice 1: inliners=32
      Choice 2: inliners=44
      Choice 3: inliners=26
      Choice 4: inliners=40
    Pair (20-4): Selected=1 / 1 choices
      Choice 1: inliners=53 [SELECTED]
    Pair (21-4): Selected=0 / 3 choices
      Choice 1: inliners=22
      Choice 2: inliners=16
      Choice 3: inliners=32
    Pair (22-4): Selected=0 / 1 choices
      Choice 1: inliners=38
    Pair (27-4): Selected=0 / 1 choices
      Choice 1: inliners=39


--- GENERATION 60 BEST BREAKDOWN ---
  Total Fitness: 1637.12
  Inlier Reward: 1028.19
  Cycle Penalty: 0.00
  Overlap Penalty: 0.00
  Edge Residual Penalty: 0.00
  Edge Rot Residual Penalty: 0.00
  Connectivity Reward: 0.00
  Component Penalty: 0.00
  Consensus Support Reward: 608.93
  Largest Component: 27
  Num Components: 1
  Active Pairs: 26
  OverlapDiag Sum (indexed): 0.0000 (delta_vs_fitness=0.0000)
  OverlapDiag Pairs: total=325 same_comp=325 broad_reject=268 narrow_checked=325 active=3
  OverlapDiag Active Pairs: none

  --- ACTIVE GENE MAP ---
    Gene  0 (Pair  2- 1): choice=2 (inl=32)
    Gene  2 (Pair  5- 1): choice=8 (inl=84)
    Gene  5 (Pair  8- 1): choice=2 (inl=16)
    Gene  7 (Pair 10- 1): choice=2 (inl=65)
    Gene 14 (Pair 19- 1): choice=2 (inl=89)
    Gene 18 (Pair 23- 1): choice=2 (inl=38)
    Gene 19 (Pair 24- 1): choice=1 (inl=36)
    Gene 20 (Pair 26- 1): choice=1 (inl=49)
    Gene 22 (Pair  6- 2): choice=1 (inl=48)
    Gene 23 (Pair  7- 2): choice=2 (inl=44)
    Gene 29 (Pair 13- 2): choice=1 (inl=46)
    Gene 32 (Pair 18- 2): choice=4 (inl=83)
    Gene 35 (Pair 25- 2): choice=2 (inl=26)
    Gene 37 (Pair 27- 2): choice=1 (inl=30)
    Gene 39 (Pair  5- 3): choice=1 (inl=68)
    Gene 47 (Pair 14- 3): choice=3 (inl=55)
    Gene 49 (Pair 16- 3): choice=1 (inl=64)
    Gene 50 (Pair 17- 3): choice=1 (inl=79)
    Gene 61 (Pair 11- 4): choice=1 (inl=57)
    Gene 65 (Pair 17- 4): choice=1 (inl=66)
    Gene 67 (Pair 20- 4): choice=1 (inl=53)
    Gene 86 (Pair 22- 5): choice=4 (inl=51)
    Gene 151 (Pair 24- 9): choice=1 (inl=51)
    Gene 160 (Pair 21-10): choice=1 (inl=70)
    Gene 176 (Pair 15-12): choice=3 (inl=38)
    Gene 203 (Pair 18-15): choice=1 (inl=58)

  --- SHARD 4 CANDIDATE ANALYSIS ---
    Pair (4-2): Selected=0 / 2 choices
      Choice 1: inliners=26
      Choice 2: inliners=2
    Pair (4-3): Selected=0 / 5 choices
      Choice 1: inliners=38
      Choice 2: inliners=46
      Choice 3: inliners=14
      Choice 4: inliners=32
      Choice 5: inliners=68
    Pair (5-4): Selected=0 / 2 choices
      Choice 1: inliners=48
      Choice 2: inliners=12
    Pair (6-4): Selected=0 / 2 choices
      Choice 1: inliners=24
      Choice 2: inliners=6
    Pair (7-4): Selected=0 / 2 choices
      Choice 1: inliners=36
      Choice 2: inliners=30
    Pair (8-4): Selected=0 / 4 choices
      Choice 1: inliners=28
      Choice 2: inliners=22
      Choice 3: inliners=44
      Choice 4: inliners=0
    Pair (11-4): Selected=1 / 1 choices
      Choice 1: inliners=57 [SELECTED]
    Pair (13-4): Selected=0 / 1 choices
      Choice 1: inliners=14
    Pair (14-4): Selected=0 / 2 choices
      Choice 1: inliners=48
      Choice 2: inliners=16
    Pair (16-4): Selected=0 / 1 choices
      Choice 1: inliners=32
    Pair (17-4): Selected=1 / 1 choices
      Choice 1: inliners=66 [SELECTED]
    Pair (19-4): Selected=0 / 4 choices
      Choice 1: inliners=32
      Choice 2: inliners=44
      Choice 3: inliners=26
      Choice 4: inliners=40
    Pair (20-4): Selected=1 / 1 choices
      Choice 1: inliners=53 [SELECTED]
    Pair (21-4): Selected=0 / 3 choices
      Choice 1: inliners=22
      Choice 2: inliners=16
      Choice 3: inliners=32
    Pair (22-4): Selected=0 / 1 choices
      Choice 1: inliners=38
    Pair (27-4): Selected=0 / 1 choices
      Choice 1: inliners=39


--- GENERATION 70 BEST BREAKDOWN ---
  Total Fitness: 1637.12
  Inlier Reward: 1028.19
  Cycle Penalty: 0.00
  Overlap Penalty: 0.00
  Edge Residual Penalty: 0.00
  Edge Rot Residual Penalty: 0.00
  Connectivity Reward: 0.00
  Component Penalty: 0.00
  Consensus Support Reward: 608.93
  Largest Component: 27
  Num Components: 1
  Active Pairs: 26
  OverlapDiag Sum (indexed): 0.0000 (delta_vs_fitness=0.0000)
  OverlapDiag Pairs: total=325 same_comp=325 broad_reject=268 narrow_checked=325 active=3
  OverlapDiag Active Pairs: none

  --- ACTIVE GENE MAP ---
    Gene  0 (Pair  2- 1): choice=2 (inl=32)
    Gene  2 (Pair  5- 1): choice=8 (inl=84)
    Gene  5 (Pair  8- 1): choice=2 (inl=16)
    Gene  7 (Pair 10- 1): choice=2 (inl=65)
    Gene 14 (Pair 19- 1): choice=2 (inl=89)
    Gene 18 (Pair 23- 1): choice=2 (inl=38)
    Gene 19 (Pair 24- 1): choice=1 (inl=36)
    Gene 20 (Pair 26- 1): choice=1 (inl=49)
    Gene 22 (Pair  6- 2): choice=1 (inl=48)
    Gene 23 (Pair  7- 2): choice=2 (inl=44)
    Gene 29 (Pair 13- 2): choice=1 (inl=46)
    Gene 32 (Pair 18- 2): choice=4 (inl=83)
    Gene 35 (Pair 25- 2): choice=2 (inl=26)
    Gene 37 (Pair 27- 2): choice=1 (inl=30)
    Gene 39 (Pair  5- 3): choice=1 (inl=68)
    Gene 47 (Pair 14- 3): choice=3 (inl=55)
    Gene 49 (Pair 16- 3): choice=1 (inl=64)
    Gene 50 (Pair 17- 3): choice=1 (inl=79)
    Gene 61 (Pair 11- 4): choice=1 (inl=57)
    Gene 65 (Pair 17- 4): choice=1 (inl=66)
    Gene 67 (Pair 20- 4): choice=1 (inl=53)
    Gene 86 (Pair 22- 5): choice=4 (inl=51)
    Gene 151 (Pair 24- 9): choice=1 (inl=51)
    Gene 160 (Pair 21-10): choice=1 (inl=70)
    Gene 176 (Pair 15-12): choice=3 (inl=38)
    Gene 203 (Pair 18-15): choice=1 (inl=58)

  --- SHARD 4 CANDIDATE ANALYSIS ---
    Pair (4-2): Selected=0 / 2 choices
      Choice 1: inliners=26
      Choice 2: inliners=2
    Pair (4-3): Selected=0 / 5 choices
      Choice 1: inliners=38
      Choice 2: inliners=46
      Choice 3: inliners=14
      Choice 4: inliners=32
      Choice 5: inliners=68
    Pair (5-4): Selected=0 / 2 choices
      Choice 1: inliners=48
      Choice 2: inliners=12
    Pair (6-4): Selected=0 / 2 choices
      Choice 1: inliners=24
      Choice 2: inliners=6
    Pair (7-4): Selected=0 / 2 choices
      Choice 1: inliners=36
      Choice 2: inliners=30
    Pair (8-4): Selected=0 / 4 choices
      Choice 1: inliners=28
      Choice 2: inliners=22
      Choice 3: inliners=44
      Choice 4: inliners=0
    Pair (11-4): Selected=1 / 1 choices
      Choice 1: inliners=57 [SELECTED]
    Pair (13-4): Selected=0 / 1 choices
      Choice 1: inliners=14
    Pair (14-4): Selected=0 / 2 choices
      Choice 1: inliners=48
      Choice 2: inliners=16
    Pair (16-4): Selected=0 / 1 choices
      Choice 1: inliners=32
    Pair (17-4): Selected=1 / 1 choices
      Choice 1: inliners=66 [SELECTED]
    Pair (19-4): Selected=0 / 4 choices
      Choice 1: inliners=32
      Choice 2: inliners=44
      Choice 3: inliners=26
      Choice 4: inliners=40
    Pair (20-4): Selected=1 / 1 choices
      Choice 1: inliners=53 [SELECTED]
    Pair (21-4): Selected=0 / 3 choices
      Choice 1: inliners=22
      Choice 2: inliners=16
      Choice 3: inliners=32
    Pair (22-4): Selected=0 / 1 choices
      Choice 1: inliners=38
    Pair (27-4): Selected=0 / 1 choices
      Choice 1: inliners=39


--- GENERATION 80 BEST BREAKDOWN ---
  Total Fitness: 1638.46
  Inlier Reward: 1136.16
  Cycle Penalty: 0.00
  Overlap Penalty: 0.00
  Edge Residual Penalty: 0.00
  Edge Rot Residual Penalty: 0.00
  Connectivity Reward: 0.00
  Component Penalty: 0.00
  Consensus Support Reward: 502.30
  Largest Component: 27
  Num Components: 1
  Active Pairs: 26
  OverlapDiag Sum (indexed): 0.0000 (delta_vs_fitness=0.0000)
  OverlapDiag Pairs: total=325 same_comp=325 broad_reject=271 narrow_checked=325 active=3
  OverlapDiag Active Pairs: none

  --- ACTIVE GENE MAP ---
    Gene  0 (Pair  2- 1): choice=2 (inl=32)
    Gene  2 (Pair  5- 1): choice=8 (inl=84)
    Gene  5 (Pair  8- 1): choice=2 (inl=16)
    Gene  7 (Pair 10- 1): choice=2 (inl=65)
    Gene 14 (Pair 19- 1): choice=2 (inl=89)
    Gene 18 (Pair 23- 1): choice=2 (inl=38)
    Gene 19 (Pair 24- 1): choice=1 (inl=36)
    Gene 20 (Pair 26- 1): choice=1 (inl=49)
    Gene 22 (Pair  6- 2): choice=1 (inl=48)
    Gene 29 (Pair 13- 2): choice=1 (inl=46)
    Gene 32 (Pair 18- 2): choice=4 (inl=83)
    Gene 35 (Pair 25- 2): choice=1 (inl=22)
    Gene 37 (Pair 27- 2): choice=1 (inl=30)
    Gene 39 (Pair  5- 3): choice=1 (inl=68)
    Gene 50 (Pair 17- 3): choice=1 (inl=79)
    Gene 61 (Pair 11- 4): choice=1 (inl=57)
    Gene 65 (Pair 17- 4): choice=1 (inl=66)
    Gene 67 (Pair 20- 4): choice=1 (inl=53)
    Gene 109 (Pair 11- 7): choice=1 (inl=107)
    Gene 112 (Pair 14- 7): choice=2 (inl=92)
    Gene 151 (Pair 24- 9): choice=1 (inl=51)
    Gene 160 (Pair 21-10): choice=1 (inl=70)
    Gene 178 (Pair 18-12): choice=4 (inl=72)
    Gene 182 (Pair 22-12): choice=1 (inl=55)
    Gene 201 (Pair 16-15): choice=2 (inl=46)
    Gene 203 (Pair 18-15): choice=1 (inl=58)

  --- SHARD 4 CANDIDATE ANALYSIS ---
    Pair (4-2): Selected=0 / 2 choices
      Choice 1: inliners=26
      Choice 2: inliners=2
    Pair (4-3): Selected=0 / 5 choices
      Choice 1: inliners=38
      Choice 2: inliners=46
      Choice 3: inliners=14
      Choice 4: inliners=32
      Choice 5: inliners=68
    Pair (5-4): Selected=0 / 2 choices
      Choice 1: inliners=48
      Choice 2: inliners=12
    Pair (6-4): Selected=0 / 2 choices
      Choice 1: inliners=24
      Choice 2: inliners=6
    Pair (7-4): Selected=0 / 2 choices
      Choice 1: inliners=36
      Choice 2: inliners=30
    Pair (8-4): Selected=0 / 4 choices
      Choice 1: inliners=28
      Choice 2: inliners=22
      Choice 3: inliners=44
      Choice 4: inliners=0
    Pair (11-4): Selected=1 / 1 choices
      Choice 1: inliners=57 [SELECTED]
    Pair (13-4): Selected=0 / 1 choices
      Choice 1: inliners=14
    Pair (14-4): Selected=0 / 2 choices
      Choice 1: inliners=48
      Choice 2: inliners=16
    Pair (16-4): Selected=0 / 1 choices
      Choice 1: inliners=32
    Pair (17-4): Selected=1 / 1 choices
      Choice 1: inliners=66 [SELECTED]
    Pair (19-4): Selected=0 / 4 choices
      Choice 1: inliners=32
      Choice 2: inliners=44
      Choice 3: inliners=26
      Choice 4: inliners=40
    Pair (20-4): Selected=1 / 1 choices
      Choice 1: inliners=53 [SELECTED]
    Pair (21-4): Selected=0 / 3 choices
      Choice 1: inliners=22
      Choice 2: inliners=16
      Choice 3: inliners=32
    Pair (22-4): Selected=0 / 1 choices
      Choice 1: inliners=38
    Pair (27-4): Selected=0 / 1 choices
      Choice 1: inliners=39


--- GENERATION 90 BEST BREAKDOWN ---
  Total Fitness: 1638.46
  Inlier Reward: 1136.16
  Cycle Penalty: 0.00
  Overlap Penalty: 0.00
  Edge Residual Penalty: 0.00
  Edge Rot Residual Penalty: 0.00
  Connectivity Reward: 0.00
  Component Penalty: 0.00
  Consensus Support Reward: 502.30
  Largest Component: 27
  Num Components: 1
  Active Pairs: 26
  OverlapDiag Sum (indexed): 0.0000 (delta_vs_fitness=0.0000)
  OverlapDiag Pairs: total=325 same_comp=325 broad_reject=271 narrow_checked=325 active=3
  OverlapDiag Active Pairs: none

  --- ACTIVE GENE MAP ---
    Gene  0 (Pair  2- 1): choice=2 (inl=32)
    Gene  2 (Pair  5- 1): choice=8 (inl=84)
    Gene  5 (Pair  8- 1): choice=2 (inl=16)
    Gene  7 (Pair 10- 1): choice=2 (inl=65)
    Gene 14 (Pair 19- 1): choice=2 (inl=89)
    Gene 18 (Pair 23- 1): choice=2 (inl=38)
    Gene 19 (Pair 24- 1): choice=1 (inl=36)
    Gene 20 (Pair 26- 1): choice=1 (inl=49)
    Gene 22 (Pair  6- 2): choice=1 (inl=48)
    Gene 29 (Pair 13- 2): choice=1 (inl=46)
    Gene 32 (Pair 18- 2): choice=4 (inl=83)
    Gene 35 (Pair 25- 2): choice=1 (inl=22)
    Gene 37 (Pair 27- 2): choice=1 (inl=30)
    Gene 39 (Pair  5- 3): choice=1 (inl=68)
    Gene 50 (Pair 17- 3): choice=1 (inl=79)
    Gene 61 (Pair 11- 4): choice=1 (inl=57)
    Gene 65 (Pair 17- 4): choice=1 (inl=66)
    Gene 67 (Pair 20- 4): choice=1 (inl=53)
    Gene 109 (Pair 11- 7): choice=1 (inl=107)
    Gene 112 (Pair 14- 7): choice=2 (inl=92)
    Gene 151 (Pair 24- 9): choice=1 (inl=51)
    Gene 160 (Pair 21-10): choice=1 (inl=70)
    Gene 178 (Pair 18-12): choice=4 (inl=72)
    Gene 182 (Pair 22-12): choice=1 (inl=55)
    Gene 201 (Pair 16-15): choice=2 (inl=46)
    Gene 203 (Pair 18-15): choice=1 (inl=58)

  --- SHARD 4 CANDIDATE ANALYSIS ---
    Pair (4-2): Selected=0 / 2 choices
      Choice 1: inliners=26
      Choice 2: inliners=2
    Pair (4-3): Selected=0 / 5 choices
      Choice 1: inliners=38
      Choice 2: inliners=46
      Choice 3: inliners=14
      Choice 4: inliners=32
      Choice 5: inliners=68
    Pair (5-4): Selected=0 / 2 choices
      Choice 1: inliners=48
      Choice 2: inliners=12
    Pair (6-4): Selected=0 / 2 choices
      Choice 1: inliners=24
      Choice 2: inliners=6
    Pair (7-4): Selected=0 / 2 choices
      Choice 1: inliners=36
      Choice 2: inliners=30
    Pair (8-4): Selected=0 / 4 choices
      Choice 1: inliners=28
      Choice 2: inliners=22
      Choice 3: inliners=44
      Choice 4: inliners=0
    Pair (11-4): Selected=1 / 1 choices
      Choice 1: inliners=57 [SELECTED]
    Pair (13-4): Selected=0 / 1 choices
      Choice 1: inliners=14
    Pair (14-4): Selected=0 / 2 choices
      Choice 1: inliners=48
      Choice 2: inliners=16
    Pair (16-4): Selected=0 / 1 choices
      Choice 1: inliners=32
    Pair (17-4): Selected=1 / 1 choices
      Choice 1: inliners=66 [SELECTED]
    Pair (19-4): Selected=0 / 4 choices
      Choice 1: inliners=32
      Choice 2: inliners=44
      Choice 3: inliners=26
      Choice 4: inliners=40
    Pair (20-4): Selected=1 / 1 choices
      Choice 1: inliners=53 [SELECTED]
    Pair (21-4): Selected=0 / 3 choices
      Choice 1: inliners=22
      Choice 2: inliners=16
      Choice 3: inliners=32
    Pair (22-4): Selected=0 / 1 choices
      Choice 1: inliners=38
    Pair (27-4): Selected=0 / 1 choices
      Choice 1: inliners=39


--- GENERATION 100 BEST BREAKDOWN ---
  Total Fitness: 1673.79
  Inlier Reward: 1136.25
  Cycle Penalty: 0.00
  Overlap Penalty: 0.00
  Edge Residual Penalty: 0.00
  Edge Rot Residual Penalty: 0.00
  Connectivity Reward: 0.00
  Component Penalty: 0.00
  Consensus Support Reward: 537.54
  Largest Component: 27
  Num Components: 1
  Active Pairs: 26
  OverlapDiag Sum (indexed): 0.0000 (delta_vs_fitness=0.0000)
  OverlapDiag Pairs: total=325 same_comp=325 broad_reject=270 narrow_checked=325 active=2
  OverlapDiag Active Pairs: none

  --- ACTIVE GENE MAP ---
    Gene  0 (Pair  2- 1): choice=2 (inl=32)
    Gene  2 (Pair  5- 1): choice=8 (inl=84)
    Gene  7 (Pair 10- 1): choice=2 (inl=65)
    Gene 14 (Pair 19- 1): choice=2 (inl=89)
    Gene 18 (Pair 23- 1): choice=2 (inl=38)
    Gene 19 (Pair 24- 1): choice=1 (inl=36)
    Gene 20 (Pair 26- 1): choice=1 (inl=49)
    Gene 22 (Pair  6- 2): choice=1 (inl=48)
    Gene 23 (Pair  7- 2): choice=2 (inl=44)
    Gene 29 (Pair 13- 2): choice=1 (inl=46)
    Gene 32 (Pair 18- 2): choice=4 (inl=83)
    Gene 35 (Pair 25- 2): choice=1 (inl=22)
    Gene 37 (Pair 27- 2): choice=1 (inl=30)
    Gene 39 (Pair  5- 3): choice=1 (inl=68)
    Gene 49 (Pair 16- 3): choice=1 (inl=64)
    Gene 50 (Pair 17- 3): choice=1 (inl=79)
    Gene 61 (Pair 11- 4): choice=1 (inl=57)
    Gene 65 (Pair 17- 4): choice=1 (inl=66)
    Gene 67 (Pair 20- 4): choice=1 (inl=53)
    Gene 86 (Pair 22- 5): choice=4 (inl=51)
    Gene 106 (Pair  8- 7): choice=3 (inl=98)
    Gene 112 (Pair 14- 7): choice=2 (inl=92)
    Gene 151 (Pair 24- 9): choice=1 (inl=51)
    Gene 160 (Pair 21-10): choice=1 (inl=70)
    Gene 176 (Pair 15-12): choice=3 (inl=38)
    Gene 178 (Pair 18-12): choice=4 (inl=72)

  --- SHARD 4 CANDIDATE ANALYSIS ---
    Pair (4-2): Selected=0 / 2 choices
      Choice 1: inliners=26
      Choice 2: inliners=2
    Pair (4-3): Selected=0 / 5 choices
      Choice 1: inliners=38
      Choice 2: inliners=46
      Choice 3: inliners=14
      Choice 4: inliners=32
      Choice 5: inliners=68
    Pair (5-4): Selected=0 / 2 choices
      Choice 1: inliners=48
      Choice 2: inliners=12
    Pair (6-4): Selected=0 / 2 choices
      Choice 1: inliners=24
      Choice 2: inliners=6
    Pair (7-4): Selected=0 / 2 choices
      Choice 1: inliners=36
      Choice 2: inliners=30
    Pair (8-4): Selected=0 / 4 choices
      Choice 1: inliners=28
      Choice 2: inliners=22
      Choice 3: inliners=44
      Choice 4: inliners=0
    Pair (11-4): Selected=1 / 1 choices
      Choice 1: inliners=57 [SELECTED]
    Pair (13-4): Selected=0 / 1 choices
      Choice 1: inliners=14
    Pair (14-4): Selected=0 / 2 choices
      Choice 1: inliners=48
      Choice 2: inliners=16
    Pair (16-4): Selected=0 / 1 choices
      Choice 1: inliners=32
    Pair (17-4): Selected=1 / 1 choices
      Choice 1: inliners=66 [SELECTED]
    Pair (19-4): Selected=0 / 4 choices
      Choice 1: inliners=32
      Choice 2: inliners=44
      Choice 3: inliners=26
      Choice 4: inliners=40
    Pair (20-4): Selected=1 / 1 choices
      Choice 1: inliners=53 [SELECTED]
    Pair (21-4): Selected=0 / 3 choices
      Choice 1: inliners=22
      Choice 2: inliners=16
      Choice 3: inliners=32
    Pair (22-4): Selected=0 / 1 choices
      Choice 1: inliners=38
    Pair (27-4): Selected=0 / 1 choices
      Choice 1: inliners=39


--- GENERATION 110 BEST BREAKDOWN ---
  Total Fitness: 1690.81
  Inlier Reward: 1124.09
  Cycle Penalty: 0.00
  Overlap Penalty: 0.00
  Edge Residual Penalty: 0.00
  Edge Rot Residual Penalty: 0.00
  Connectivity Reward: 0.00
  Component Penalty: 0.00
  Consensus Support Reward: 566.72
  Largest Component: 27
  Num Components: 1
  Active Pairs: 26
  OverlapDiag Sum (indexed): 0.0000 (delta_vs_fitness=0.0000)
  OverlapDiag Pairs: total=325 same_comp=325 broad_reject=270 narrow_checked=325 active=2
  OverlapDiag Active Pairs: none

  --- ACTIVE GENE MAP ---
    Gene  0 (Pair  2- 1): choice=2 (inl=32)
    Gene  2 (Pair  5- 1): choice=8 (inl=84)
    Gene  7 (Pair 10- 1): choice=2 (inl=65)
    Gene 14 (Pair 19- 1): choice=2 (inl=89)
    Gene 18 (Pair 23- 1): choice=2 (inl=38)
    Gene 19 (Pair 24- 1): choice=1 (inl=36)
    Gene 20 (Pair 26- 1): choice=1 (inl=49)
    Gene 22 (Pair  6- 2): choice=1 (inl=48)
    Gene 23 (Pair  7- 2): choice=2 (inl=44)
    Gene 29 (Pair 13- 2): choice=1 (inl=46)
    Gene 32 (Pair 18- 2): choice=4 (inl=83)
    Gene 35 (Pair 25- 2): choice=1 (inl=22)
    Gene 37 (Pair 27- 2): choice=1 (inl=30)
    Gene 39 (Pair  5- 3): choice=1 (inl=68)
    Gene 49 (Pair 16- 3): choice=1 (inl=64)
    Gene 50 (Pair 17- 3): choice=1 (inl=79)
    Gene 61 (Pair 11- 4): choice=1 (inl=57)
    Gene 65 (Pair 17- 4): choice=1 (inl=66)
    Gene 67 (Pair 20- 4): choice=1 (inl=53)
    Gene 86 (Pair 22- 5): choice=4 (inl=51)
    Gene 106 (Pair  8- 7): choice=3 (inl=98)
    Gene 112 (Pair 14- 7): choice=2 (inl=92)
    Gene 151 (Pair 24- 9): choice=1 (inl=51)
    Gene 160 (Pair 21-10): choice=1 (inl=70)
    Gene 176 (Pair 15-12): choice=3 (inl=38)
    Gene 203 (Pair 18-15): choice=1 (inl=58)

  --- SHARD 4 CANDIDATE ANALYSIS ---
    Pair (4-2): Selected=0 / 2 choices
      Choice 1: inliners=26
      Choice 2: inliners=2
    Pair (4-3): Selected=0 / 5 choices
      Choice 1: inliners=38
      Choice 2: inliners=46
      Choice 3: inliners=14
      Choice 4: inliners=32
      Choice 5: inliners=68
    Pair (5-4): Selected=0 / 2 choices
      Choice 1: inliners=48
      Choice 2: inliners=12
    Pair (6-4): Selected=0 / 2 choices
      Choice 1: inliners=24
      Choice 2: inliners=6
    Pair (7-4): Selected=0 / 2 choices
      Choice 1: inliners=36
      Choice 2: inliners=30
    Pair (8-4): Selected=0 / 4 choices
      Choice 1: inliners=28
      Choice 2: inliners=22
      Choice 3: inliners=44
      Choice 4: inliners=0
    Pair (11-4): Selected=1 / 1 choices
      Choice 1: inliners=57 [SELECTED]
    Pair (13-4): Selected=0 / 1 choices
      Choice 1: inliners=14
    Pair (14-4): Selected=0 / 2 choices
      Choice 1: inliners=48
      Choice 2: inliners=16
    Pair (16-4): Selected=0 / 1 choices
      Choice 1: inliners=32
    Pair (17-4): Selected=1 / 1 choices
      Choice 1: inliners=66 [SELECTED]
    Pair (19-4): Selected=0 / 4 choices
      Choice 1: inliners=32
      Choice 2: inliners=44
      Choice 3: inliners=26
      Choice 4: inliners=40
    Pair (20-4): Selected=1 / 1 choices
      Choice 1: inliners=53 [SELECTED]
    Pair (21-4): Selected=0 / 3 choices
      Choice 1: inliners=22
      Choice 2: inliners=16
      Choice 3: inliners=32
    Pair (22-4): Selected=0 / 1 choices
      Choice 1: inliners=38
    Pair (27-4): Selected=0 / 1 choices
      Choice 1: inliners=39


--- GENERATION 120 BEST BREAKDOWN ---
  Total Fitness: 1690.81
  Inlier Reward: 1124.09
  Cycle Penalty: 0.00
  Overlap Penalty: 0.00
  Edge Residual Penalty: 0.00
  Edge Rot Residual Penalty: 0.00
  Connectivity Reward: 0.00
  Component Penalty: 0.00
  Consensus Support Reward: 566.72
  Largest Component: 27
  Num Components: 1
  Active Pairs: 26
  OverlapDiag Sum (indexed): 0.0000 (delta_vs_fitness=0.0000)
  OverlapDiag Pairs: total=325 same_comp=325 broad_reject=270 narrow_checked=325 active=2
  OverlapDiag Active Pairs: none

  --- ACTIVE GENE MAP ---
    Gene  0 (Pair  2- 1): choice=2 (inl=32)
    Gene  2 (Pair  5- 1): choice=8 (inl=84)
    Gene  7 (Pair 10- 1): choice=2 (inl=65)
    Gene 14 (Pair 19- 1): choice=2 (inl=89)
    Gene 18 (Pair 23- 1): choice=2 (inl=38)
    Gene 19 (Pair 24- 1): choice=1 (inl=36)
    Gene 20 (Pair 26- 1): choice=1 (inl=49)
    Gene 22 (Pair  6- 2): choice=1 (inl=48)
    Gene 23 (Pair  7- 2): choice=2 (inl=44)
    Gene 29 (Pair 13- 2): choice=1 (inl=46)
    Gene 32 (Pair 18- 2): choice=4 (inl=83)
    Gene 35 (Pair 25- 2): choice=1 (inl=22)
    Gene 37 (Pair 27- 2): choice=1 (inl=30)
    Gene 39 (Pair  5- 3): choice=1 (inl=68)
    Gene 49 (Pair 16- 3): choice=1 (inl=64)
    Gene 50 (Pair 17- 3): choice=1 (inl=79)
    Gene 61 (Pair 11- 4): choice=1 (inl=57)
    Gene 65 (Pair 17- 4): choice=1 (inl=66)
    Gene 67 (Pair 20- 4): choice=1 (inl=53)
    Gene 86 (Pair 22- 5): choice=4 (inl=51)
    Gene 106 (Pair  8- 7): choice=3 (inl=98)
    Gene 112 (Pair 14- 7): choice=2 (inl=92)
    Gene 151 (Pair 24- 9): choice=1 (inl=51)
    Gene 160 (Pair 21-10): choice=1 (inl=70)
    Gene 176 (Pair 15-12): choice=3 (inl=38)
    Gene 203 (Pair 18-15): choice=1 (inl=58)

  --- SHARD 4 CANDIDATE ANALYSIS ---
    Pair (4-2): Selected=0 / 2 choices
      Choice 1: inliners=26
      Choice 2: inliners=2
    Pair (4-3): Selected=0 / 5 choices
      Choice 1: inliners=38
      Choice 2: inliners=46
      Choice 3: inliners=14
      Choice 4: inliners=32
      Choice 5: inliners=68
    Pair (5-4): Selected=0 / 2 choices
      Choice 1: inliners=48
      Choice 2: inliners=12
    Pair (6-4): Selected=0 / 2 choices
      Choice 1: inliners=24
      Choice 2: inliners=6
    Pair (7-4): Selected=0 / 2 choices
      Choice 1: inliners=36
      Choice 2: inliners=30
    Pair (8-4): Selected=0 / 4 choices
      Choice 1: inliners=28
      Choice 2: inliners=22
      Choice 3: inliners=44
      Choice 4: inliners=0
    Pair (11-4): Selected=1 / 1 choices
      Choice 1: inliners=57 [SELECTED]
    Pair (13-4): Selected=0 / 1 choices
      Choice 1: inliners=14
    Pair (14-4): Selected=0 / 2 choices
      Choice 1: inliners=48
      Choice 2: inliners=16
    Pair (16-4): Selected=0 / 1 choices
      Choice 1: inliners=32
    Pair (17-4): Selected=1 / 1 choices
      Choice 1: inliners=66 [SELECTED]
    Pair (19-4): Selected=0 / 4 choices
      Choice 1: inliners=32
      Choice 2: inliners=44
      Choice 3: inliners=26
      Choice 4: inliners=40
    Pair (20-4): Selected=1 / 1 choices
      Choice 1: inliners=53 [SELECTED]
    Pair (21-4): Selected=0 / 3 choices
      Choice 1: inliners=22
      Choice 2: inliners=16
      Choice 3: inliners=32
    Pair (22-4): Selected=0 / 1 choices
      Choice 1: inliners=38
    Pair (27-4): Selected=0 / 1 choices
      Choice 1: inliners=39


--- GENERATION 130 BEST BREAKDOWN ---
  Total Fitness: 1690.81
  Inlier Reward: 1124.09
  Cycle Penalty: 0.00
  Overlap Penalty: 0.00
  Edge Residual Penalty: 0.00
  Edge Rot Residual Penalty: 0.00
  Connectivity Reward: 0.00
  Component Penalty: 0.00
  Consensus Support Reward: 566.72
  Largest Component: 27
  Num Components: 1
  Active Pairs: 26
  OverlapDiag Sum (indexed): 0.0000 (delta_vs_fitness=0.0000)
  OverlapDiag Pairs: total=325 same_comp=325 broad_reject=270 narrow_checked=325 active=2
  OverlapDiag Active Pairs: none

  --- ACTIVE GENE MAP ---
    Gene  0 (Pair  2- 1): choice=2 (inl=32)
    Gene  2 (Pair  5- 1): choice=8 (inl=84)
    Gene  7 (Pair 10- 1): choice=2 (inl=65)
    Gene 14 (Pair 19- 1): choice=2 (inl=89)
    Gene 18 (Pair 23- 1): choice=2 (inl=38)
    Gene 19 (Pair 24- 1): choice=1 (inl=36)
    Gene 20 (Pair 26- 1): choice=1 (inl=49)
    Gene 22 (Pair  6- 2): choice=1 (inl=48)
    Gene 23 (Pair  7- 2): choice=2 (inl=44)
    Gene 29 (Pair 13- 2): choice=1 (inl=46)
    Gene 32 (Pair 18- 2): choice=4 (inl=83)
    Gene 35 (Pair 25- 2): choice=1 (inl=22)
    Gene 37 (Pair 27- 2): choice=1 (inl=30)
    Gene 39 (Pair  5- 3): choice=1 (inl=68)
    Gene 49 (Pair 16- 3): choice=1 (inl=64)
    Gene 50 (Pair 17- 3): choice=1 (inl=79)
    Gene 61 (Pair 11- 4): choice=1 (inl=57)
    Gene 65 (Pair 17- 4): choice=1 (inl=66)
    Gene 67 (Pair 20- 4): choice=1 (inl=53)
    Gene 86 (Pair 22- 5): choice=4 (inl=51)
    Gene 106 (Pair  8- 7): choice=3 (inl=98)
    Gene 112 (Pair 14- 7): choice=2 (inl=92)
    Gene 151 (Pair 24- 9): choice=1 (inl=51)
    Gene 160 (Pair 21-10): choice=1 (inl=70)
    Gene 176 (Pair 15-12): choice=3 (inl=38)
    Gene 203 (Pair 18-15): choice=1 (inl=58)

  --- SHARD 4 CANDIDATE ANALYSIS ---
    Pair (4-2): Selected=0 / 2 choices
      Choice 1: inliners=26
      Choice 2: inliners=2
    Pair (4-3): Selected=0 / 5 choices
      Choice 1: inliners=38
      Choice 2: inliners=46
      Choice 3: inliners=14
      Choice 4: inliners=32
      Choice 5: inliners=68
    Pair (5-4): Selected=0 / 2 choices
      Choice 1: inliners=48
      Choice 2: inliners=12
    Pair (6-4): Selected=0 / 2 choices
      Choice 1: inliners=24
      Choice 2: inliners=6
    Pair (7-4): Selected=0 / 2 choices
      Choice 1: inliners=36
      Choice 2: inliners=30
    Pair (8-4): Selected=0 / 4 choices
      Choice 1: inliners=28
      Choice 2: inliners=22
      Choice 3: inliners=44
      Choice 4: inliners=0
    Pair (11-4): Selected=1 / 1 choices
      Choice 1: inliners=57 [SELECTED]
    Pair (13-4): Selected=0 / 1 choices
      Choice 1: inliners=14
    Pair (14-4): Selected=0 / 2 choices
      Choice 1: inliners=48
      Choice 2: inliners=16
    Pair (16-4): Selected=0 / 1 choices
      Choice 1: inliners=32
    Pair (17-4): Selected=1 / 1 choices
      Choice 1: inliners=66 [SELECTED]
    Pair (19-4): Selected=0 / 4 choices
      Choice 1: inliners=32
      Choice 2: inliners=44
      Choice 3: inliners=26
      Choice 4: inliners=40
    Pair (20-4): Selected=1 / 1 choices
      Choice 1: inliners=53 [SELECTED]
    Pair (21-4): Selected=0 / 3 choices
      Choice 1: inliners=22
      Choice 2: inliners=16
      Choice 3: inliners=32
    Pair (22-4): Selected=0 / 1 choices
      Choice 1: inliners=38
    Pair (27-4): Selected=0 / 1 choices
      Choice 1: inliners=39


--- GENERATION 140 BEST BREAKDOWN ---
  Total Fitness: 1690.81
  Inlier Reward: 1124.09
  Cycle Penalty: 0.00
  Overlap Penalty: 0.00
  Edge Residual Penalty: 0.00
  Edge Rot Residual Penalty: 0.00
  Connectivity Reward: 0.00
  Component Penalty: 0.00
  Consensus Support Reward: 566.72
  Largest Component: 27
  Num Components: 1
  Active Pairs: 26
  OverlapDiag Sum (indexed): 0.0000 (delta_vs_fitness=0.0000)
  OverlapDiag Pairs: total=325 same_comp=325 broad_reject=270 narrow_checked=325 active=2
  OverlapDiag Active Pairs: none

  --- ACTIVE GENE MAP ---
    Gene  0 (Pair  2- 1): choice=2 (inl=32)
    Gene  2 (Pair  5- 1): choice=8 (inl=84)
    Gene  7 (Pair 10- 1): choice=2 (inl=65)
    Gene 14 (Pair 19- 1): choice=2 (inl=89)
    Gene 18 (Pair 23- 1): choice=2 (inl=38)
    Gene 19 (Pair 24- 1): choice=1 (inl=36)
    Gene 20 (Pair 26- 1): choice=1 (inl=49)
    Gene 22 (Pair  6- 2): choice=1 (inl=48)
    Gene 23 (Pair  7- 2): choice=2 (inl=44)
    Gene 29 (Pair 13- 2): choice=1 (inl=46)
    Gene 32 (Pair 18- 2): choice=4 (inl=83)
    Gene 35 (Pair 25- 2): choice=1 (inl=22)
    Gene 37 (Pair 27- 2): choice=1 (inl=30)
    Gene 39 (Pair  5- 3): choice=1 (inl=68)
    Gene 49 (Pair 16- 3): choice=1 (inl=64)
    Gene 50 (Pair 17- 3): choice=1 (inl=79)
    Gene 61 (Pair 11- 4): choice=1 (inl=57)
    Gene 65 (Pair 17- 4): choice=1 (inl=66)
    Gene 67 (Pair 20- 4): choice=1 (inl=53)
    Gene 86 (Pair 22- 5): choice=4 (inl=51)
    Gene 106 (Pair  8- 7): choice=3 (inl=98)
    Gene 112 (Pair 14- 7): choice=2 (inl=92)
    Gene 151 (Pair 24- 9): choice=1 (inl=51)
    Gene 160 (Pair 21-10): choice=1 (inl=70)
    Gene 176 (Pair 15-12): choice=3 (inl=38)
    Gene 203 (Pair 18-15): choice=1 (inl=58)

  --- SHARD 4 CANDIDATE ANALYSIS ---
    Pair (4-2): Selected=0 / 2 choices
      Choice 1: inliners=26
      Choice 2: inliners=2
    Pair (4-3): Selected=0 / 5 choices
      Choice 1: inliners=38
      Choice 2: inliners=46
      Choice 3: inliners=14
      Choice 4: inliners=32
      Choice 5: inliners=68
    Pair (5-4): Selected=0 / 2 choices
      Choice 1: inliners=48
      Choice 2: inliners=12
    Pair (6-4): Selected=0 / 2 choices
      Choice 1: inliners=24
      Choice 2: inliners=6
    Pair (7-4): Selected=0 / 2 choices
      Choice 1: inliners=36
      Choice 2: inliners=30
    Pair (8-4): Selected=0 / 4 choices
      Choice 1: inliners=28
      Choice 2: inliners=22
      Choice 3: inliners=44
      Choice 4: inliners=0
    Pair (11-4): Selected=1 / 1 choices
      Choice 1: inliners=57 [SELECTED]
    Pair (13-4): Selected=0 / 1 choices
      Choice 1: inliners=14
    Pair (14-4): Selected=0 / 2 choices
      Choice 1: inliners=48
      Choice 2: inliners=16
    Pair (16-4): Selected=0 / 1 choices
      Choice 1: inliners=32
    Pair (17-4): Selected=1 / 1 choices
      Choice 1: inliners=66 [SELECTED]
    Pair (19-4): Selected=0 / 4 choices
      Choice 1: inliners=32
      Choice 2: inliners=44
      Choice 3: inliners=26
      Choice 4: inliners=40
    Pair (20-4): Selected=1 / 1 choices
      Choice 1: inliners=53 [SELECTED]
    Pair (21-4): Selected=0 / 3 choices
      Choice 1: inliners=22
      Choice 2: inliners=16
      Choice 3: inliners=32
    Pair (22-4): Selected=0 / 1 choices
      Choice 1: inliners=38
    Pair (27-4): Selected=0 / 1 choices
      Choice 1: inliners=39


--- GENERATION 150 BEST BREAKDOWN ---
  Total Fitness: 1693.98
  Inlier Reward: 1127.27
  Cycle Penalty: 0.00
  Overlap Penalty: 0.00
  Edge Residual Penalty: 0.00
  Edge Rot Residual Penalty: 0.00
  Connectivity Reward: 0.00
  Component Penalty: 0.00
  Consensus Support Reward: 566.72
  Largest Component: 27
  Num Components: 1
  Active Pairs: 26
  OverlapDiag Sum (indexed): 0.0000 (delta_vs_fitness=0.0000)
  OverlapDiag Pairs: total=325 same_comp=325 broad_reject=270 narrow_checked=325 active=2
  OverlapDiag Active Pairs: none

  --- ACTIVE GENE MAP ---
    Gene  0 (Pair  2- 1): choice=2 (inl=32)
    Gene  2 (Pair  5- 1): choice=8 (inl=84)
    Gene  7 (Pair 10- 1): choice=2 (inl=65)
    Gene 14 (Pair 19- 1): choice=2 (inl=89)
    Gene 18 (Pair 23- 1): choice=2 (inl=38)
    Gene 19 (Pair 24- 1): choice=1 (inl=36)
    Gene 20 (Pair 26- 1): choice=1 (inl=49)
    Gene 22 (Pair  6- 2): choice=1 (inl=48)
    Gene 23 (Pair  7- 2): choice=2 (inl=44)
    Gene 29 (Pair 13- 2): choice=1 (inl=46)
    Gene 32 (Pair 18- 2): choice=4 (inl=83)
    Gene 35 (Pair 25- 2): choice=2 (inl=26)
    Gene 37 (Pair 27- 2): choice=1 (inl=30)
    Gene 39 (Pair  5- 3): choice=1 (inl=68)
    Gene 49 (Pair 16- 3): choice=1 (inl=64)
    Gene 50 (Pair 17- 3): choice=1 (inl=79)
    Gene 61 (Pair 11- 4): choice=1 (inl=57)
    Gene 65 (Pair 17- 4): choice=1 (inl=66)
    Gene 67 (Pair 20- 4): choice=1 (inl=53)
    Gene 86 (Pair 22- 5): choice=4 (inl=51)
    Gene 106 (Pair  8- 7): choice=3 (inl=98)
    Gene 112 (Pair 14- 7): choice=2 (inl=92)
    Gene 151 (Pair 24- 9): choice=1 (inl=51)
    Gene 160 (Pair 21-10): choice=1 (inl=70)
    Gene 176 (Pair 15-12): choice=3 (inl=38)
    Gene 203 (Pair 18-15): choice=1 (inl=58)

  --- SHARD 4 CANDIDATE ANALYSIS ---
    Pair (4-2): Selected=0 / 2 choices
      Choice 1: inliners=26
      Choice 2: inliners=2
    Pair (4-3): Selected=0 / 5 choices
      Choice 1: inliners=38
      Choice 2: inliners=46
      Choice 3: inliners=14
      Choice 4: inliners=32
      Choice 5: inliners=68
    Pair (5-4): Selected=0 / 2 choices
      Choice 1: inliners=48
      Choice 2: inliners=12
    Pair (6-4): Selected=0 / 2 choices
      Choice 1: inliners=24
      Choice 2: inliners=6
    Pair (7-4): Selected=0 / 2 choices
      Choice 1: inliners=36
      Choice 2: inliners=30
    Pair (8-4): Selected=0 / 4 choices
      Choice 1: inliners=28
      Choice 2: inliners=22
      Choice 3: inliners=44
      Choice 4: inliners=0
    Pair (11-4): Selected=1 / 1 choices
      Choice 1: inliners=57 [SELECTED]
    Pair (13-4): Selected=0 / 1 choices
      Choice 1: inliners=14
    Pair (14-4): Selected=0 / 2 choices
      Choice 1: inliners=48
      Choice 2: inliners=16
    Pair (16-4): Selected=0 / 1 choices
      Choice 1: inliners=32
    Pair (17-4): Selected=1 / 1 choices
      Choice 1: inliners=66 [SELECTED]
    Pair (19-4): Selected=0 / 4 choices
      Choice 1: inliners=32
      Choice 2: inliners=44
      Choice 3: inliners=26
      Choice 4: inliners=40
    Pair (20-4): Selected=1 / 1 choices
      Choice 1: inliners=53 [SELECTED]
    Pair (21-4): Selected=0 / 3 choices
      Choice 1: inliners=22
      Choice 2: inliners=16
      Choice 3: inliners=32
    Pair (22-4): Selected=0 / 1 choices
      Choice 1: inliners=38
    Pair (27-4): Selected=0 / 1 choices
      Choice 1: inliners=39


--- GENERATION 160 BEST BREAKDOWN ---
  Total Fitness: 1693.98
  Inlier Reward: 1127.27
  Cycle Penalty: 0.00
  Overlap Penalty: 0.00
  Edge Residual Penalty: 0.00
  Edge Rot Residual Penalty: 0.00
  Connectivity Reward: 0.00
  Component Penalty: 0.00
  Consensus Support Reward: 566.72
  Largest Component: 27
  Num Components: 1
  Active Pairs: 26
  OverlapDiag Sum (indexed): 0.0000 (delta_vs_fitness=0.0000)
  OverlapDiag Pairs: total=325 same_comp=325 broad_reject=270 narrow_checked=325 active=2
  OverlapDiag Active Pairs: none

  --- ACTIVE GENE MAP ---
    Gene  0 (Pair  2- 1): choice=2 (inl=32)
    Gene  2 (Pair  5- 1): choice=8 (inl=84)
    Gene  7 (Pair 10- 1): choice=2 (inl=65)
    Gene 14 (Pair 19- 1): choice=2 (inl=89)
    Gene 18 (Pair 23- 1): choice=2 (inl=38)
    Gene 19 (Pair 24- 1): choice=1 (inl=36)
    Gene 20 (Pair 26- 1): choice=1 (inl=49)
    Gene 22 (Pair  6- 2): choice=1 (inl=48)
    Gene 23 (Pair  7- 2): choice=2 (inl=44)
    Gene 29 (Pair 13- 2): choice=1 (inl=46)
    Gene 32 (Pair 18- 2): choice=4 (inl=83)
    Gene 35 (Pair 25- 2): choice=2 (inl=26)
    Gene 37 (Pair 27- 2): choice=1 (inl=30)
    Gene 39 (Pair  5- 3): choice=1 (inl=68)
    Gene 49 (Pair 16- 3): choice=1 (inl=64)
    Gene 50 (Pair 17- 3): choice=1 (inl=79)
    Gene 61 (Pair 11- 4): choice=1 (inl=57)
    Gene 65 (Pair 17- 4): choice=1 (inl=66)
    Gene 67 (Pair 20- 4): choice=1 (inl=53)
    Gene 86 (Pair 22- 5): choice=4 (inl=51)
    Gene 106 (Pair  8- 7): choice=3 (inl=98)
    Gene 112 (Pair 14- 7): choice=2 (inl=92)
    Gene 151 (Pair 24- 9): choice=1 (inl=51)
    Gene 160 (Pair 21-10): choice=1 (inl=70)
    Gene 176 (Pair 15-12): choice=3 (inl=38)
    Gene 203 (Pair 18-15): choice=1 (inl=58)

  --- SHARD 4 CANDIDATE ANALYSIS ---
    Pair (4-2): Selected=0 / 2 choices
      Choice 1: inliners=26
      Choice 2: inliners=2
    Pair (4-3): Selected=0 / 5 choices
      Choice 1: inliners=38
      Choice 2: inliners=46
      Choice 3: inliners=14
      Choice 4: inliners=32
      Choice 5: inliners=68
    Pair (5-4): Selected=0 / 2 choices
      Choice 1: inliners=48
      Choice 2: inliners=12
    Pair (6-4): Selected=0 / 2 choices
      Choice 1: inliners=24
      Choice 2: inliners=6
    Pair (7-4): Selected=0 / 2 choices
      Choice 1: inliners=36
      Choice 2: inliners=30
    Pair (8-4): Selected=0 / 4 choices
      Choice 1: inliners=28
      Choice 2: inliners=22
      Choice 3: inliners=44
      Choice 4: inliners=0
    Pair (11-4): Selected=1 / 1 choices
      Choice 1: inliners=57 [SELECTED]
    Pair (13-4): Selected=0 / 1 choices
      Choice 1: inliners=14
    Pair (14-4): Selected=0 / 2 choices
      Choice 1: inliners=48
      Choice 2: inliners=16
    Pair (16-4): Selected=0 / 1 choices
      Choice 1: inliners=32
    Pair (17-4): Selected=1 / 1 choices
      Choice 1: inliners=66 [SELECTED]
    Pair (19-4): Selected=0 / 4 choices
      Choice 1: inliners=32
      Choice 2: inliners=44
      Choice 3: inliners=26
      Choice 4: inliners=40
    Pair (20-4): Selected=1 / 1 choices
      Choice 1: inliners=53 [SELECTED]
    Pair (21-4): Selected=0 / 3 choices
      Choice 1: inliners=22
      Choice 2: inliners=16
      Choice 3: inliners=32
    Pair (22-4): Selected=0 / 1 choices
      Choice 1: inliners=38
    Pair (27-4): Selected=0 / 1 choices
      Choice 1: inliners=39


--- GENERATION 170 BEST BREAKDOWN ---
  Total Fitness: 1693.98
  Inlier Reward: 1127.27
  Cycle Penalty: 0.00
  Overlap Penalty: 0.00
  Edge Residual Penalty: 0.00
  Edge Rot Residual Penalty: 0.00
  Connectivity Reward: 0.00
  Component Penalty: 0.00
  Consensus Support Reward: 566.72
  Largest Component: 27
  Num Components: 1
  Active Pairs: 26
  OverlapDiag Sum (indexed): 0.0000 (delta_vs_fitness=0.0000)
  OverlapDiag Pairs: total=325 same_comp=325 broad_reject=270 narrow_checked=325 active=2
  OverlapDiag Active Pairs: none

  --- ACTIVE GENE MAP ---
    Gene  0 (Pair  2- 1): choice=2 (inl=32)
    Gene  2 (Pair  5- 1): choice=8 (inl=84)
    Gene  7 (Pair 10- 1): choice=2 (inl=65)
    Gene 14 (Pair 19- 1): choice=2 (inl=89)
    Gene 18 (Pair 23- 1): choice=2 (inl=38)
    Gene 19 (Pair 24- 1): choice=1 (inl=36)
    Gene 20 (Pair 26- 1): choice=1 (inl=49)
    Gene 22 (Pair  6- 2): choice=1 (inl=48)
    Gene 23 (Pair  7- 2): choice=2 (inl=44)
    Gene 29 (Pair 13- 2): choice=1 (inl=46)
    Gene 32 (Pair 18- 2): choice=4 (inl=83)
    Gene 35 (Pair 25- 2): choice=2 (inl=26)
    Gene 37 (Pair 27- 2): choice=1 (inl=30)
    Gene 39 (Pair  5- 3): choice=1 (inl=68)
    Gene 49 (Pair 16- 3): choice=1 (inl=64)
    Gene 50 (Pair 17- 3): choice=1 (inl=79)
    Gene 61 (Pair 11- 4): choice=1 (inl=57)
    Gene 65 (Pair 17- 4): choice=1 (inl=66)
    Gene 67 (Pair 20- 4): choice=1 (inl=53)
    Gene 86 (Pair 22- 5): choice=4 (inl=51)
    Gene 106 (Pair  8- 7): choice=3 (inl=98)
    Gene 112 (Pair 14- 7): choice=2 (inl=92)
    Gene 151 (Pair 24- 9): choice=1 (inl=51)
    Gene 160 (Pair 21-10): choice=1 (inl=70)
    Gene 176 (Pair 15-12): choice=3 (inl=38)
    Gene 203 (Pair 18-15): choice=1 (inl=58)

  --- SHARD 4 CANDIDATE ANALYSIS ---
    Pair (4-2): Selected=0 / 2 choices
      Choice 1: inliners=26
      Choice 2: inliners=2
    Pair (4-3): Selected=0 / 5 choices
      Choice 1: inliners=38
      Choice 2: inliners=46
      Choice 3: inliners=14
      Choice 4: inliners=32
      Choice 5: inliners=68
    Pair (5-4): Selected=0 / 2 choices
      Choice 1: inliners=48
      Choice 2: inliners=12
    Pair (6-4): Selected=0 / 2 choices
      Choice 1: inliners=24
      Choice 2: inliners=6
    Pair (7-4): Selected=0 / 2 choices
      Choice 1: inliners=36
      Choice 2: inliners=30
    Pair (8-4): Selected=0 / 4 choices
      Choice 1: inliners=28
      Choice 2: inliners=22
      Choice 3: inliners=44
      Choice 4: inliners=0
    Pair (11-4): Selected=1 / 1 choices
      Choice 1: inliners=57 [SELECTED]
    Pair (13-4): Selected=0 / 1 choices
      Choice 1: inliners=14
    Pair (14-4): Selected=0 / 2 choices
      Choice 1: inliners=48
      Choice 2: inliners=16
    Pair (16-4): Selected=0 / 1 choices
      Choice 1: inliners=32
    Pair (17-4): Selected=1 / 1 choices
      Choice 1: inliners=66 [SELECTED]
    Pair (19-4): Selected=0 / 4 choices
      Choice 1: inliners=32
      Choice 2: inliners=44
      Choice 3: inliners=26
      Choice 4: inliners=40
    Pair (20-4): Selected=1 / 1 choices
      Choice 1: inliners=53 [SELECTED]
    Pair (21-4): Selected=0 / 3 choices
      Choice 1: inliners=22
      Choice 2: inliners=16
      Choice 3: inliners=32
    Pair (22-4): Selected=0 / 1 choices
      Choice 1: inliners=38
    Pair (27-4): Selected=0 / 1 choices
      Choice 1: inliners=39


--- GENERATION 180 BEST BREAKDOWN ---
  Total Fitness: 1693.98
  Inlier Reward: 1127.27
  Cycle Penalty: 0.00
  Overlap Penalty: 0.00
  Edge Residual Penalty: 0.00
  Edge Rot Residual Penalty: 0.00
  Connectivity Reward: 0.00
  Component Penalty: 0.00
  Consensus Support Reward: 566.72
  Largest Component: 27
  Num Components: 1
  Active Pairs: 26
  OverlapDiag Sum (indexed): 0.0000 (delta_vs_fitness=0.0000)
  OverlapDiag Pairs: total=325 same_comp=325 broad_reject=270 narrow_checked=325 active=2
  OverlapDiag Active Pairs: none

  --- ACTIVE GENE MAP ---
    Gene  0 (Pair  2- 1): choice=2 (inl=32)
    Gene  2 (Pair  5- 1): choice=8 (inl=84)
    Gene  7 (Pair 10- 1): choice=2 (inl=65)
    Gene 14 (Pair 19- 1): choice=2 (inl=89)
    Gene 18 (Pair 23- 1): choice=2 (inl=38)
    Gene 19 (Pair 24- 1): choice=1 (inl=36)
    Gene 20 (Pair 26- 1): choice=1 (inl=49)
    Gene 22 (Pair  6- 2): choice=1 (inl=48)
    Gene 23 (Pair  7- 2): choice=2 (inl=44)
    Gene 29 (Pair 13- 2): choice=1 (inl=46)
    Gene 32 (Pair 18- 2): choice=4 (inl=83)
    Gene 35 (Pair 25- 2): choice=2 (inl=26)
    Gene 37 (Pair 27- 2): choice=1 (inl=30)
    Gene 39 (Pair  5- 3): choice=1 (inl=68)
    Gene 49 (Pair 16- 3): choice=1 (inl=64)
    Gene 50 (Pair 17- 3): choice=1 (inl=79)
    Gene 61 (Pair 11- 4): choice=1 (inl=57)
    Gene 65 (Pair 17- 4): choice=1 (inl=66)
    Gene 67 (Pair 20- 4): choice=1 (inl=53)
    Gene 86 (Pair 22- 5): choice=4 (inl=51)
    Gene 106 (Pair  8- 7): choice=3 (inl=98)
    Gene 112 (Pair 14- 7): choice=2 (inl=92)
    Gene 151 (Pair 24- 9): choice=1 (inl=51)
    Gene 160 (Pair 21-10): choice=1 (inl=70)
    Gene 176 (Pair 15-12): choice=3 (inl=38)
    Gene 203 (Pair 18-15): choice=1 (inl=58)

  --- SHARD 4 CANDIDATE ANALYSIS ---
    Pair (4-2): Selected=0 / 2 choices
      Choice 1: inliners=26
      Choice 2: inliners=2
    Pair (4-3): Selected=0 / 5 choices
      Choice 1: inliners=38
      Choice 2: inliners=46
      Choice 3: inliners=14
      Choice 4: inliners=32
      Choice 5: inliners=68
    Pair (5-4): Selected=0 / 2 choices
      Choice 1: inliners=48
      Choice 2: inliners=12
    Pair (6-4): Selected=0 / 2 choices
      Choice 1: inliners=24
      Choice 2: inliners=6
    Pair (7-4): Selected=0 / 2 choices
      Choice 1: inliners=36
      Choice 2: inliners=30
    Pair (8-4): Selected=0 / 4 choices
      Choice 1: inliners=28
      Choice 2: inliners=22
      Choice 3: inliners=44
      Choice 4: inliners=0
    Pair (11-4): Selected=1 / 1 choices
      Choice 1: inliners=57 [SELECTED]
    Pair (13-4): Selected=0 / 1 choices
      Choice 1: inliners=14
    Pair (14-4): Selected=0 / 2 choices
      Choice 1: inliners=48
      Choice 2: inliners=16
    Pair (16-4): Selected=0 / 1 choices
      Choice 1: inliners=32
    Pair (17-4): Selected=1 / 1 choices
      Choice 1: inliners=66 [SELECTED]
    Pair (19-4): Selected=0 / 4 choices
      Choice 1: inliners=32
      Choice 2: inliners=44
      Choice 3: inliners=26
      Choice 4: inliners=40
    Pair (20-4): Selected=1 / 1 choices
      Choice 1: inliners=53 [SELECTED]
    Pair (21-4): Selected=0 / 3 choices
      Choice 1: inliners=22
      Choice 2: inliners=16
      Choice 3: inliners=32
    Pair (22-4): Selected=0 / 1 choices
      Choice 1: inliners=38
    Pair (27-4): Selected=0 / 1 choices
      Choice 1: inliners=39


--- GENERATION 190 BEST BREAKDOWN ---
  Total Fitness: 1693.98
  Inlier Reward: 1127.27
  Cycle Penalty: 0.00
  Overlap Penalty: 0.00
  Edge Residual Penalty: 0.00
  Edge Rot Residual Penalty: 0.00
  Connectivity Reward: 0.00
  Component Penalty: 0.00
  Consensus Support Reward: 566.72
  Largest Component: 27
  Num Components: 1
  Active Pairs: 26
  OverlapDiag Sum (indexed): 0.0000 (delta_vs_fitness=0.0000)
  OverlapDiag Pairs: total=325 same_comp=325 broad_reject=270 narrow_checked=325 active=2
  OverlapDiag Active Pairs: none

  --- ACTIVE GENE MAP ---
    Gene  0 (Pair  2- 1): choice=2 (inl=32)
    Gene  2 (Pair  5- 1): choice=8 (inl=84)
    Gene  7 (Pair 10- 1): choice=2 (inl=65)
    Gene 14 (Pair 19- 1): choice=2 (inl=89)
    Gene 18 (Pair 23- 1): choice=2 (inl=38)
    Gene 19 (Pair 24- 1): choice=1 (inl=36)
    Gene 20 (Pair 26- 1): choice=1 (inl=49)
    Gene 22 (Pair  6- 2): choice=1 (inl=48)
    Gene 23 (Pair  7- 2): choice=2 (inl=44)
    Gene 29 (Pair 13- 2): choice=1 (inl=46)
    Gene 32 (Pair 18- 2): choice=4 (inl=83)
    Gene 35 (Pair 25- 2): choice=2 (inl=26)
    Gene 37 (Pair 27- 2): choice=1 (inl=30)
    Gene 39 (Pair  5- 3): choice=1 (inl=68)
    Gene 49 (Pair 16- 3): choice=1 (inl=64)
    Gene 50 (Pair 17- 3): choice=1 (inl=79)
    Gene 61 (Pair 11- 4): choice=1 (inl=57)
    Gene 65 (Pair 17- 4): choice=1 (inl=66)
    Gene 67 (Pair 20- 4): choice=1 (inl=53)
    Gene 86 (Pair 22- 5): choice=4 (inl=51)
    Gene 106 (Pair  8- 7): choice=3 (inl=98)
    Gene 112 (Pair 14- 7): choice=2 (inl=92)
    Gene 151 (Pair 24- 9): choice=1 (inl=51)
    Gene 160 (Pair 21-10): choice=1 (inl=70)
    Gene 176 (Pair 15-12): choice=3 (inl=38)
    Gene 203 (Pair 18-15): choice=1 (inl=58)

  --- SHARD 4 CANDIDATE ANALYSIS ---
    Pair (4-2): Selected=0 / 2 choices
      Choice 1: inliners=26
      Choice 2: inliners=2
    Pair (4-3): Selected=0 / 5 choices
      Choice 1: inliners=38
      Choice 2: inliners=46
      Choice 3: inliners=14
      Choice 4: inliners=32
      Choice 5: inliners=68
    Pair (5-4): Selected=0 / 2 choices
      Choice 1: inliners=48
      Choice 2: inliners=12
    Pair (6-4): Selected=0 / 2 choices
      Choice 1: inliners=24
      Choice 2: inliners=6
    Pair (7-4): Selected=0 / 2 choices
      Choice 1: inliners=36
      Choice 2: inliners=30
    Pair (8-4): Selected=0 / 4 choices
      Choice 1: inliners=28
      Choice 2: inliners=22
      Choice 3: inliners=44
      Choice 4: inliners=0
    Pair (11-4): Selected=1 / 1 choices
      Choice 1: inliners=57 [SELECTED]
    Pair (13-4): Selected=0 / 1 choices
      Choice 1: inliners=14
    Pair (14-4): Selected=0 / 2 choices
      Choice 1: inliners=48
      Choice 2: inliners=16
    Pair (16-4): Selected=0 / 1 choices
      Choice 1: inliners=32
    Pair (17-4): Selected=1 / 1 choices
      Choice 1: inliners=66 [SELECTED]
    Pair (19-4): Selected=0 / 4 choices
      Choice 1: inliners=32
      Choice 2: inliners=44
      Choice 3: inliners=26
      Choice 4: inliners=40
    Pair (20-4): Selected=1 / 1 choices
      Choice 1: inliners=53 [SELECTED]
    Pair (21-4): Selected=0 / 3 choices
      Choice 1: inliners=22
      Choice 2: inliners=16
      Choice 3: inliners=32
    Pair (22-4): Selected=0 / 1 choices
      Choice 1: inliners=38
    Pair (27-4): Selected=0 / 1 choices
      Choice 1: inliners=39


--- GENERATION 200 BEST BREAKDOWN ---
  Total Fitness: 1693.98
  Inlier Reward: 1127.27
  Cycle Penalty: 0.00
  Overlap Penalty: 0.00
  Edge Residual Penalty: 0.00
  Edge Rot Residual Penalty: 0.00
  Connectivity Reward: 0.00
  Component Penalty: 0.00
  Consensus Support Reward: 566.72
  Largest Component: 27
  Num Components: 1
  Active Pairs: 26
  OverlapDiag Sum (indexed): 0.0000 (delta_vs_fitness=0.0000)
  OverlapDiag Pairs: total=325 same_comp=325 broad_reject=270 narrow_checked=325 active=2
  OverlapDiag Active Pairs: none

  --- ACTIVE GENE MAP ---
    Gene  0 (Pair  2- 1): choice=2 (inl=32)
    Gene  2 (Pair  5- 1): choice=8 (inl=84)
    Gene  7 (Pair 10- 1): choice=2 (inl=65)
    Gene 14 (Pair 19- 1): choice=2 (inl=89)
    Gene 18 (Pair 23- 1): choice=2 (inl=38)
    Gene 19 (Pair 24- 1): choice=1 (inl=36)
    Gene 20 (Pair 26- 1): choice=1 (inl=49)
    Gene 22 (Pair  6- 2): choice=1 (inl=48)
    Gene 23 (Pair  7- 2): choice=2 (inl=44)
    Gene 29 (Pair 13- 2): choice=1 (inl=46)
    Gene 32 (Pair 18- 2): choice=4 (inl=83)
    Gene 35 (Pair 25- 2): choice=2 (inl=26)
    Gene 37 (Pair 27- 2): choice=1 (inl=30)
    Gene 39 (Pair  5- 3): choice=1 (inl=68)
    Gene 49 (Pair 16- 3): choice=1 (inl=64)
    Gene 50 (Pair 17- 3): choice=1 (inl=79)
    Gene 61 (Pair 11- 4): choice=1 (inl=57)
    Gene 65 (Pair 17- 4): choice=1 (inl=66)
    Gene 67 (Pair 20- 4): choice=1 (inl=53)
    Gene 86 (Pair 22- 5): choice=4 (inl=51)
    Gene 106 (Pair  8- 7): choice=3 (inl=98)
    Gene 112 (Pair 14- 7): choice=2 (inl=92)
    Gene 151 (Pair 24- 9): choice=1 (inl=51)
    Gene 160 (Pair 21-10): choice=1 (inl=70)
    Gene 176 (Pair 15-12): choice=3 (inl=38)
    Gene 203 (Pair 18-15): choice=1 (inl=58)

  --- SHARD 4 CANDIDATE ANALYSIS ---
    Pair (4-2): Selected=0 / 2 choices
      Choice 1: inliners=26
      Choice 2: inliners=2
    Pair (4-3): Selected=0 / 5 choices
      Choice 1: inliners=38
      Choice 2: inliners=46
      Choice 3: inliners=14
      Choice 4: inliners=32
      Choice 5: inliners=68
    Pair (5-4): Selected=0 / 2 choices
      Choice 1: inliners=48
      Choice 2: inliners=12
    Pair (6-4): Selected=0 / 2 choices
      Choice 1: inliners=24
      Choice 2: inliners=6
    Pair (7-4): Selected=0 / 2 choices
      Choice 1: inliners=36
      Choice 2: inliners=30
    Pair (8-4): Selected=0 / 4 choices
      Choice 1: inliners=28
      Choice 2: inliners=22
      Choice 3: inliners=44
      Choice 4: inliners=0
    Pair (11-4): Selected=1 / 1 choices
      Choice 1: inliners=57 [SELECTED]
    Pair (13-4): Selected=0 / 1 choices
      Choice 1: inliners=14
    Pair (14-4): Selected=0 / 2 choices
      Choice 1: inliners=48
      Choice 2: inliners=16
    Pair (16-4): Selected=0 / 1 choices
      Choice 1: inliners=32
    Pair (17-4): Selected=1 / 1 choices
      Choice 1: inliners=66 [SELECTED]
    Pair (19-4): Selected=0 / 4 choices
      Choice 1: inliners=32
      Choice 2: inliners=44
      Choice 3: inliners=26
      Choice 4: inliners=40
    Pair (20-4): Selected=1 / 1 choices
      Choice 1: inliners=53 [SELECTED]
    Pair (21-4): Selected=0 / 3 choices
      Choice 1: inliners=22
      Choice 2: inliners=16
      Choice 3: inliners=32
    Pair (22-4): Selected=0 / 1 choices
      Choice 1: inliners=38
    Pair (27-4): Selected=0 / 1 choices
      Choice 1: inliners=39


--- GENERATION 210 BEST BREAKDOWN ---
  Total Fitness: 1693.98
  Inlier Reward: 1127.27
  Cycle Penalty: 0.00
  Overlap Penalty: 0.00
  Edge Residual Penalty: 0.00
  Edge Rot Residual Penalty: 0.00
  Connectivity Reward: 0.00
  Component Penalty: 0.00
  Consensus Support Reward: 566.72
  Largest Component: 27
  Num Components: 1
  Active Pairs: 26
  OverlapDiag Sum (indexed): 0.0000 (delta_vs_fitness=0.0000)
  OverlapDiag Pairs: total=325 same_comp=325 broad_reject=270 narrow_checked=325 active=2
  OverlapDiag Active Pairs: none

  --- ACTIVE GENE MAP ---
    Gene  0 (Pair  2- 1): choice=2 (inl=32)
    Gene  2 (Pair  5- 1): choice=8 (inl=84)
    Gene  7 (Pair 10- 1): choice=2 (inl=65)
    Gene 14 (Pair 19- 1): choice=2 (inl=89)
    Gene 18 (Pair 23- 1): choice=2 (inl=38)
    Gene 19 (Pair 24- 1): choice=1 (inl=36)
    Gene 20 (Pair 26- 1): choice=1 (inl=49)
    Gene 22 (Pair  6- 2): choice=1 (inl=48)
    Gene 23 (Pair  7- 2): choice=2 (inl=44)
    Gene 29 (Pair 13- 2): choice=1 (inl=46)
    Gene 32 (Pair 18- 2): choice=4 (inl=83)
    Gene 35 (Pair 25- 2): choice=2 (inl=26)
    Gene 37 (Pair 27- 2): choice=1 (inl=30)
    Gene 39 (Pair  5- 3): choice=1 (inl=68)
    Gene 49 (Pair 16- 3): choice=1 (inl=64)
    Gene 50 (Pair 17- 3): choice=1 (inl=79)
    Gene 61 (Pair 11- 4): choice=1 (inl=57)
    Gene 65 (Pair 17- 4): choice=1 (inl=66)
    Gene 67 (Pair 20- 4): choice=1 (inl=53)
    Gene 86 (Pair 22- 5): choice=4 (inl=51)
    Gene 106 (Pair  8- 7): choice=3 (inl=98)
    Gene 112 (Pair 14- 7): choice=2 (inl=92)
    Gene 151 (Pair 24- 9): choice=1 (inl=51)
    Gene 160 (Pair 21-10): choice=1 (inl=70)
    Gene 176 (Pair 15-12): choice=3 (inl=38)
    Gene 203 (Pair 18-15): choice=1 (inl=58)

  --- SHARD 4 CANDIDATE ANALYSIS ---
    Pair (4-2): Selected=0 / 2 choices
      Choice 1: inliners=26
      Choice 2: inliners=2
    Pair (4-3): Selected=0 / 5 choices
      Choice 1: inliners=38
      Choice 2: inliners=46
      Choice 3: inliners=14
      Choice 4: inliners=32
      Choice 5: inliners=68
    Pair (5-4): Selected=0 / 2 choices
      Choice 1: inliners=48
      Choice 2: inliners=12
    Pair (6-4): Selected=0 / 2 choices
      Choice 1: inliners=24
      Choice 2: inliners=6
    Pair (7-4): Selected=0 / 2 choices
      Choice 1: inliners=36
      Choice 2: inliners=30
    Pair (8-4): Selected=0 / 4 choices
      Choice 1: inliners=28
      Choice 2: inliners=22
      Choice 3: inliners=44
      Choice 4: inliners=0
    Pair (11-4): Selected=1 / 1 choices
      Choice 1: inliners=57 [SELECTED]
    Pair (13-4): Selected=0 / 1 choices
      Choice 1: inliners=14
    Pair (14-4): Selected=0 / 2 choices
      Choice 1: inliners=48
      Choice 2: inliners=16
    Pair (16-4): Selected=0 / 1 choices
      Choice 1: inliners=32
    Pair (17-4): Selected=1 / 1 choices
      Choice 1: inliners=66 [SELECTED]
    Pair (19-4): Selected=0 / 4 choices
      Choice 1: inliners=32
      Choice 2: inliners=44
      Choice 3: inliners=26
      Choice 4: inliners=40
    Pair (20-4): Selected=1 / 1 choices
      Choice 1: inliners=53 [SELECTED]
    Pair (21-4): Selected=0 / 3 choices
      Choice 1: inliners=22
      Choice 2: inliners=16
      Choice 3: inliners=32
    Pair (22-4): Selected=0 / 1 choices
      Choice 1: inliners=38
    Pair (27-4): Selected=0 / 1 choices
      Choice 1: inliners=39


--- GENERATION 220 BEST BREAKDOWN ---
  Total Fitness: 1693.98
  Inlier Reward: 1127.27
  Cycle Penalty: 0.00
  Overlap Penalty: 0.00
  Edge Residual Penalty: 0.00
  Edge Rot Residual Penalty: 0.00
  Connectivity Reward: 0.00
  Component Penalty: 0.00
  Consensus Support Reward: 566.72
  Largest Component: 27
  Num Components: 1
  Active Pairs: 26
  OverlapDiag Sum (indexed): 0.0000 (delta_vs_fitness=0.0000)
  OverlapDiag Pairs: total=325 same_comp=325 broad_reject=270 narrow_checked=325 active=2
  OverlapDiag Active Pairs: none

  --- ACTIVE GENE MAP ---
    Gene  0 (Pair  2- 1): choice=2 (inl=32)
    Gene  2 (Pair  5- 1): choice=8 (inl=84)
    Gene  7 (Pair 10- 1): choice=2 (inl=65)
    Gene 14 (Pair 19- 1): choice=2 (inl=89)
    Gene 18 (Pair 23- 1): choice=2 (inl=38)
    Gene 19 (Pair 24- 1): choice=1 (inl=36)
    Gene 20 (Pair 26- 1): choice=1 (inl=49)
    Gene 22 (Pair  6- 2): choice=1 (inl=48)
    Gene 23 (Pair  7- 2): choice=2 (inl=44)
    Gene 29 (Pair 13- 2): choice=1 (inl=46)
    Gene 32 (Pair 18- 2): choice=4 (inl=83)
    Gene 35 (Pair 25- 2): choice=2 (inl=26)
    Gene 37 (Pair 27- 2): choice=1 (inl=30)
    Gene 39 (Pair  5- 3): choice=1 (inl=68)
    Gene 49 (Pair 16- 3): choice=1 (inl=64)
    Gene 50 (Pair 17- 3): choice=1 (inl=79)
    Gene 61 (Pair 11- 4): choice=1 (inl=57)
    Gene 65 (Pair 17- 4): choice=1 (inl=66)
    Gene 67 (Pair 20- 4): choice=1 (inl=53)
    Gene 86 (Pair 22- 5): choice=4 (inl=51)
    Gene 106 (Pair  8- 7): choice=3 (inl=98)
    Gene 112 (Pair 14- 7): choice=2 (inl=92)
    Gene 151 (Pair 24- 9): choice=1 (inl=51)
    Gene 160 (Pair 21-10): choice=1 (inl=70)
    Gene 176 (Pair 15-12): choice=3 (inl=38)
    Gene 203 (Pair 18-15): choice=1 (inl=58)

  --- SHARD 4 CANDIDATE ANALYSIS ---
    Pair (4-2): Selected=0 / 2 choices
      Choice 1: inliners=26
      Choice 2: inliners=2
    Pair (4-3): Selected=0 / 5 choices
      Choice 1: inliners=38
      Choice 2: inliners=46
      Choice 3: inliners=14
      Choice 4: inliners=32
      Choice 5: inliners=68
    Pair (5-4): Selected=0 / 2 choices
      Choice 1: inliners=48
      Choice 2: inliners=12
    Pair (6-4): Selected=0 / 2 choices
      Choice 1: inliners=24
      Choice 2: inliners=6
    Pair (7-4): Selected=0 / 2 choices
      Choice 1: inliners=36
      Choice 2: inliners=30
    Pair (8-4): Selected=0 / 4 choices
      Choice 1: inliners=28
      Choice 2: inliners=22
      Choice 3: inliners=44
      Choice 4: inliners=0
    Pair (11-4): Selected=1 / 1 choices
      Choice 1: inliners=57 [SELECTED]
    Pair (13-4): Selected=0 / 1 choices
      Choice 1: inliners=14
    Pair (14-4): Selected=0 / 2 choices
      Choice 1: inliners=48
      Choice 2: inliners=16
    Pair (16-4): Selected=0 / 1 choices
      Choice 1: inliners=32
    Pair (17-4): Selected=1 / 1 choices
      Choice 1: inliners=66 [SELECTED]
    Pair (19-4): Selected=0 / 4 choices
      Choice 1: inliners=32
      Choice 2: inliners=44
      Choice 3: inliners=26
      Choice 4: inliners=40
    Pair (20-4): Selected=1 / 1 choices
      Choice 1: inliners=53 [SELECTED]
    Pair (21-4): Selected=0 / 3 choices
      Choice 1: inliners=22
      Choice 2: inliners=16
      Choice 3: inliners=32
    Pair (22-4): Selected=0 / 1 choices
      Choice 1: inliners=38
    Pair (27-4): Selected=0 / 1 choices
      Choice 1: inliners=39


--- GENERATION 230 BEST BREAKDOWN ---
  Total Fitness: 1693.98
  Inlier Reward: 1127.27
  Cycle Penalty: 0.00
  Overlap Penalty: 0.00
  Edge Residual Penalty: 0.00
  Edge Rot Residual Penalty: 0.00
  Connectivity Reward: 0.00
  Component Penalty: 0.00
  Consensus Support Reward: 566.72
  Largest Component: 27
  Num Components: 1
  Active Pairs: 26
  OverlapDiag Sum (indexed): 0.0000 (delta_vs_fitness=0.0000)
  OverlapDiag Pairs: total=325 same_comp=325 broad_reject=270 narrow_checked=325 active=2
  OverlapDiag Active Pairs: none

  --- ACTIVE GENE MAP ---
    Gene  0 (Pair  2- 1): choice=2 (inl=32)
    Gene  2 (Pair  5- 1): choice=8 (inl=84)
    Gene  7 (Pair 10- 1): choice=2 (inl=65)
    Gene 14 (Pair 19- 1): choice=2 (inl=89)
    Gene 18 (Pair 23- 1): choice=2 (inl=38)
    Gene 19 (Pair 24- 1): choice=1 (inl=36)
    Gene 20 (Pair 26- 1): choice=1 (inl=49)
    Gene 22 (Pair  6- 2): choice=1 (inl=48)
    Gene 23 (Pair  7- 2): choice=2 (inl=44)
    Gene 29 (Pair 13- 2): choice=1 (inl=46)
    Gene 32 (Pair 18- 2): choice=4 (inl=83)
    Gene 35 (Pair 25- 2): choice=2 (inl=26)
    Gene 37 (Pair 27- 2): choice=1 (inl=30)
    Gene 39 (Pair  5- 3): choice=1 (inl=68)
    Gene 49 (Pair 16- 3): choice=1 (inl=64)
    Gene 50 (Pair 17- 3): choice=1 (inl=79)
    Gene 61 (Pair 11- 4): choice=1 (inl=57)
    Gene 65 (Pair 17- 4): choice=1 (inl=66)
    Gene 67 (Pair 20- 4): choice=1 (inl=53)
    Gene 86 (Pair 22- 5): choice=4 (inl=51)
    Gene 106 (Pair  8- 7): choice=3 (inl=98)
    Gene 112 (Pair 14- 7): choice=2 (inl=92)
    Gene 151 (Pair 24- 9): choice=1 (inl=51)
    Gene 160 (Pair 21-10): choice=1 (inl=70)
    Gene 176 (Pair 15-12): choice=3 (inl=38)
    Gene 203 (Pair 18-15): choice=1 (inl=58)

  --- SHARD 4 CANDIDATE ANALYSIS ---
    Pair (4-2): Selected=0 / 2 choices
      Choice 1: inliners=26
      Choice 2: inliners=2
    Pair (4-3): Selected=0 / 5 choices
      Choice 1: inliners=38
      Choice 2: inliners=46
      Choice 3: inliners=14
      Choice 4: inliners=32
      Choice 5: inliners=68
    Pair (5-4): Selected=0 / 2 choices
      Choice 1: inliners=48
      Choice 2: inliners=12
    Pair (6-4): Selected=0 / 2 choices
      Choice 1: inliners=24
      Choice 2: inliners=6
    Pair (7-4): Selected=0 / 2 choices
      Choice 1: inliners=36
      Choice 2: inliners=30
    Pair (8-4): Selected=0 / 4 choices
      Choice 1: inliners=28
      Choice 2: inliners=22
      Choice 3: inliners=44
      Choice 4: inliners=0
    Pair (11-4): Selected=1 / 1 choices
      Choice 1: inliners=57 [SELECTED]
    Pair (13-4): Selected=0 / 1 choices
      Choice 1: inliners=14
    Pair (14-4): Selected=0 / 2 choices
      Choice 1: inliners=48
      Choice 2: inliners=16
    Pair (16-4): Selected=0 / 1 choices
      Choice 1: inliners=32
    Pair (17-4): Selected=1 / 1 choices
      Choice 1: inliners=66 [SELECTED]
    Pair (19-4): Selected=0 / 4 choices
      Choice 1: inliners=32
      Choice 2: inliners=44
      Choice 3: inliners=26
      Choice 4: inliners=40
    Pair (20-4): Selected=1 / 1 choices
      Choice 1: inliners=53 [SELECTED]
    Pair (21-4): Selected=0 / 3 choices
      Choice 1: inliners=22
      Choice 2: inliners=16
      Choice 3: inliners=32
    Pair (22-4): Selected=0 / 1 choices
      Choice 1: inliners=38
    Pair (27-4): Selected=0 / 1 choices
      Choice 1: inliners=39


--- GENERATION 240 BEST BREAKDOWN ---
  Total Fitness: 1693.98
  Inlier Reward: 1127.27
  Cycle Penalty: 0.00
  Overlap Penalty: 0.00
  Edge Residual Penalty: 0.00
  Edge Rot Residual Penalty: 0.00
  Connectivity Reward: 0.00
  Component Penalty: 0.00
  Consensus Support Reward: 566.72
  Largest Component: 27
  Num Components: 1
  Active Pairs: 26
  OverlapDiag Sum (indexed): 0.0000 (delta_vs_fitness=0.0000)
  OverlapDiag Pairs: total=325 same_comp=325 broad_reject=270 narrow_checked=325 active=2
  OverlapDiag Active Pairs: none

  --- ACTIVE GENE MAP ---
    Gene  0 (Pair  2- 1): choice=2 (inl=32)
    Gene  2 (Pair  5- 1): choice=8 (inl=84)
    Gene  7 (Pair 10- 1): choice=2 (inl=65)
    Gene 14 (Pair 19- 1): choice=2 (inl=89)
    Gene 18 (Pair 23- 1): choice=2 (inl=38)
    Gene 19 (Pair 24- 1): choice=1 (inl=36)
    Gene 20 (Pair 26- 1): choice=1 (inl=49)
    Gene 22 (Pair  6- 2): choice=1 (inl=48)
    Gene 23 (Pair  7- 2): choice=2 (inl=44)
    Gene 29 (Pair 13- 2): choice=1 (inl=46)
    Gene 32 (Pair 18- 2): choice=4 (inl=83)
    Gene 35 (Pair 25- 2): choice=2 (inl=26)
    Gene 37 (Pair 27- 2): choice=1 (inl=30)
    Gene 39 (Pair  5- 3): choice=1 (inl=68)
    Gene 49 (Pair 16- 3): choice=1 (inl=64)
    Gene 50 (Pair 17- 3): choice=1 (inl=79)
    Gene 61 (Pair 11- 4): choice=1 (inl=57)
    Gene 65 (Pair 17- 4): choice=1 (inl=66)
    Gene 67 (Pair 20- 4): choice=1 (inl=53)
    Gene 86 (Pair 22- 5): choice=4 (inl=51)
    Gene 106 (Pair  8- 7): choice=3 (inl=98)
    Gene 112 (Pair 14- 7): choice=2 (inl=92)
    Gene 151 (Pair 24- 9): choice=1 (inl=51)
    Gene 160 (Pair 21-10): choice=1 (inl=70)
    Gene 176 (Pair 15-12): choice=3 (inl=38)
    Gene 203 (Pair 18-15): choice=1 (inl=58)

  --- SHARD 4 CANDIDATE ANALYSIS ---
    Pair (4-2): Selected=0 / 2 choices
      Choice 1: inliners=26
      Choice 2: inliners=2
    Pair (4-3): Selected=0 / 5 choices
      Choice 1: inliners=38
      Choice 2: inliners=46
      Choice 3: inliners=14
      Choice 4: inliners=32
      Choice 5: inliners=68
    Pair (5-4): Selected=0 / 2 choices
      Choice 1: inliners=48
      Choice 2: inliners=12
    Pair (6-4): Selected=0 / 2 choices
      Choice 1: inliners=24
      Choice 2: inliners=6
    Pair (7-4): Selected=0 / 2 choices
      Choice 1: inliners=36
      Choice 2: inliners=30
    Pair (8-4): Selected=0 / 4 choices
      Choice 1: inliners=28
      Choice 2: inliners=22
      Choice 3: inliners=44
      Choice 4: inliners=0
    Pair (11-4): Selected=1 / 1 choices
      Choice 1: inliners=57 [SELECTED]
    Pair (13-4): Selected=0 / 1 choices
      Choice 1: inliners=14
    Pair (14-4): Selected=0 / 2 choices
      Choice 1: inliners=48
      Choice 2: inliners=16
    Pair (16-4): Selected=0 / 1 choices
      Choice 1: inliners=32
    Pair (17-4): Selected=1 / 1 choices
      Choice 1: inliners=66 [SELECTED]
    Pair (19-4): Selected=0 / 4 choices
      Choice 1: inliners=32
      Choice 2: inliners=44
      Choice 3: inliners=26
      Choice 4: inliners=40
    Pair (20-4): Selected=1 / 1 choices
      Choice 1: inliners=53 [SELECTED]
    Pair (21-4): Selected=0 / 3 choices
      Choice 1: inliners=22
      Choice 2: inliners=16
      Choice 3: inliners=32
    Pair (22-4): Selected=0 / 1 choices
      Choice 1: inliners=38
    Pair (27-4): Selected=0 / 1 choices
      Choice 1: inliners=39


--- GENERATION 250 BEST BREAKDOWN ---
  Total Fitness: 1693.98
  Inlier Reward: 1127.27
  Cycle Penalty: 0.00
  Overlap Penalty: 0.00
  Edge Residual Penalty: 0.00
  Edge Rot Residual Penalty: 0.00
  Connectivity Reward: 0.00
  Component Penalty: 0.00
  Consensus Support Reward: 566.72
  Largest Component: 27
  Num Components: 1
  Active Pairs: 26
  OverlapDiag Sum (indexed): 0.0000 (delta_vs_fitness=0.0000)
  OverlapDiag Pairs: total=325 same_comp=325 broad_reject=270 narrow_checked=325 active=2
  OverlapDiag Active Pairs: none

  --- ACTIVE GENE MAP ---
    Gene  0 (Pair  2- 1): choice=2 (inl=32)
    Gene  2 (Pair  5- 1): choice=8 (inl=84)
    Gene  7 (Pair 10- 1): choice=2 (inl=65)
    Gene 14 (Pair 19- 1): choice=2 (inl=89)
    Gene 18 (Pair 23- 1): choice=2 (inl=38)
    Gene 19 (Pair 24- 1): choice=1 (inl=36)
    Gene 20 (Pair 26- 1): choice=1 (inl=49)
    Gene 22 (Pair  6- 2): choice=1 (inl=48)
    Gene 23 (Pair  7- 2): choice=2 (inl=44)
    Gene 29 (Pair 13- 2): choice=1 (inl=46)
    Gene 32 (Pair 18- 2): choice=4 (inl=83)
    Gene 35 (Pair 25- 2): choice=2 (inl=26)
    Gene 37 (Pair 27- 2): choice=1 (inl=30)
    Gene 39 (Pair  5- 3): choice=1 (inl=68)
    Gene 49 (Pair 16- 3): choice=1 (inl=64)
    Gene 50 (Pair 17- 3): choice=1 (inl=79)
    Gene 61 (Pair 11- 4): choice=1 (inl=57)
    Gene 65 (Pair 17- 4): choice=1 (inl=66)
    Gene 67 (Pair 20- 4): choice=1 (inl=53)
    Gene 86 (Pair 22- 5): choice=4 (inl=51)
    Gene 106 (Pair  8- 7): choice=3 (inl=98)
    Gene 112 (Pair 14- 7): choice=2 (inl=92)
    Gene 151 (Pair 24- 9): choice=1 (inl=51)
    Gene 160 (Pair 21-10): choice=1 (inl=70)
    Gene 176 (Pair 15-12): choice=3 (inl=38)
    Gene 203 (Pair 18-15): choice=1 (inl=58)

  --- SHARD 4 CANDIDATE ANALYSIS ---
    Pair (4-2): Selected=0 / 2 choices
      Choice 1: inliners=26
      Choice 2: inliners=2
    Pair (4-3): Selected=0 / 5 choices
      Choice 1: inliners=38
      Choice 2: inliners=46
      Choice 3: inliners=14
      Choice 4: inliners=32
      Choice 5: inliners=68
    Pair (5-4): Selected=0 / 2 choices
      Choice 1: inliners=48
      Choice 2: inliners=12
    Pair (6-4): Selected=0 / 2 choices
      Choice 1: inliners=24
      Choice 2: inliners=6
    Pair (7-4): Selected=0 / 2 choices
      Choice 1: inliners=36
      Choice 2: inliners=30
    Pair (8-4): Selected=0 / 4 choices
      Choice 1: inliners=28
      Choice 2: inliners=22
      Choice 3: inliners=44
      Choice 4: inliners=0
    Pair (11-4): Selected=1 / 1 choices
      Choice 1: inliners=57 [SELECTED]
    Pair (13-4): Selected=0 / 1 choices
      Choice 1: inliners=14
    Pair (14-4): Selected=0 / 2 choices
      Choice 1: inliners=48
      Choice 2: inliners=16
    Pair (16-4): Selected=0 / 1 choices
      Choice 1: inliners=32
    Pair (17-4): Selected=1 / 1 choices
      Choice 1: inliners=66 [SELECTED]
    Pair (19-4): Selected=0 / 4 choices
      Choice 1: inliners=32
      Choice 2: inliners=44
      Choice 3: inliners=26
      Choice 4: inliners=40
    Pair (20-4): Selected=1 / 1 choices
      Choice 1: inliners=53 [SELECTED]
    Pair (21-4): Selected=0 / 3 choices
      Choice 1: inliners=22
      Choice 2: inliners=16
      Choice 3: inliners=32
    Pair (22-4): Selected=0 / 1 choices
      Choice 1: inliners=38
    Pair (27-4): Selected=0 / 1 choices
      Choice 1: inliners=39


--- GENERATION 260 BEST BREAKDOWN ---
  Total Fitness: 1698.36
  Inlier Reward: 1131.65
  Cycle Penalty: 0.00
  Overlap Penalty: 0.00
  Edge Residual Penalty: 0.00
  Edge Rot Residual Penalty: 0.00
  Connectivity Reward: 0.00
  Component Penalty: 0.00
  Consensus Support Reward: 566.72
  Largest Component: 27
  Num Components: 1
  Active Pairs: 26
  OverlapDiag Sum (indexed): 0.0000 (delta_vs_fitness=0.0000)
  OverlapDiag Pairs: total=325 same_comp=325 broad_reject=273 narrow_checked=325 active=2
  OverlapDiag Active Pairs: none

  --- ACTIVE GENE MAP ---
    Gene  0 (Pair  2- 1): choice=2 (inl=32)
    Gene  2 (Pair  5- 1): choice=8 (inl=84)
    Gene  7 (Pair 10- 1): choice=2 (inl=65)
    Gene 14 (Pair 19- 1): choice=2 (inl=89)
    Gene 18 (Pair 23- 1): choice=2 (inl=38)
    Gene 19 (Pair 24- 1): choice=1 (inl=36)
    Gene 20 (Pair 26- 1): choice=1 (inl=49)
    Gene 22 (Pair  6- 2): choice=1 (inl=48)
    Gene 29 (Pair 13- 2): choice=1 (inl=46)
    Gene 32 (Pair 18- 2): choice=4 (inl=83)
    Gene 35 (Pair 25- 2): choice=2 (inl=26)
    Gene 39 (Pair  5- 3): choice=1 (inl=68)
    Gene 49 (Pair 16- 3): choice=1 (inl=64)
    Gene 50 (Pair 17- 3): choice=1 (inl=79)
    Gene 60 (Pair  8- 4): choice=3 (inl=44)
    Gene 61 (Pair 11- 4): choice=1 (inl=57)
    Gene 65 (Pair 17- 4): choice=1 (inl=66)
    Gene 67 (Pair 20- 4): choice=1 (inl=53)
    Gene 86 (Pair 22- 5): choice=4 (inl=51)
    Gene 109 (Pair 11- 7): choice=1 (inl=107)
    Gene 112 (Pair 14- 7): choice=2 (inl=92)
    Gene 151 (Pair 24- 9): choice=1 (inl=51)
    Gene 160 (Pair 21-10): choice=1 (inl=70)
    Gene 176 (Pair 15-12): choice=3 (inl=38)
    Gene 192 (Pair 27-13): choice=1 (inl=16)
    Gene 203 (Pair 18-15): choice=1 (inl=58)

  --- SHARD 4 CANDIDATE ANALYSIS ---
    Pair (4-2): Selected=0 / 2 choices
      Choice 1: inliners=26
      Choice 2: inliners=2
    Pair (4-3): Selected=0 / 5 choices
      Choice 1: inliners=38
      Choice 2: inliners=46
      Choice 3: inliners=14
      Choice 4: inliners=32
      Choice 5: inliners=68
    Pair (5-4): Selected=0 / 2 choices
      Choice 1: inliners=48
      Choice 2: inliners=12
    Pair (6-4): Selected=0 / 2 choices
      Choice 1: inliners=24
      Choice 2: inliners=6
    Pair (7-4): Selected=0 / 2 choices
      Choice 1: inliners=36
      Choice 2: inliners=30
    Pair (8-4): Selected=3 / 4 choices
      Choice 1: inliners=28
      Choice 2: inliners=22
      Choice 3: inliners=44 [SELECTED]
      Choice 4: inliners=0
    Pair (11-4): Selected=1 / 1 choices
      Choice 1: inliners=57 [SELECTED]
    Pair (13-4): Selected=0 / 1 choices
      Choice 1: inliners=14
    Pair (14-4): Selected=0 / 2 choices
      Choice 1: inliners=48
      Choice 2: inliners=16
    Pair (16-4): Selected=0 / 1 choices
      Choice 1: inliners=32
    Pair (17-4): Selected=1 / 1 choices
      Choice 1: inliners=66 [SELECTED]
    Pair (19-4): Selected=0 / 4 choices
      Choice 1: inliners=32
      Choice 2: inliners=44
      Choice 3: inliners=26
      Choice 4: inliners=40
    Pair (20-4): Selected=1 / 1 choices
      Choice 1: inliners=53 [SELECTED]
    Pair (21-4): Selected=0 / 3 choices
      Choice 1: inliners=22
      Choice 2: inliners=16
      Choice 3: inliners=32
    Pair (22-4): Selected=0 / 1 choices
      Choice 1: inliners=38
    Pair (27-4): Selected=0 / 1 choices
      Choice 1: inliners=39


--- GENERATION 270 BEST BREAKDOWN ---
  Total Fitness: 1698.36
  Inlier Reward: 1131.65
  Cycle Penalty: 0.00
  Overlap Penalty: 0.00
  Edge Residual Penalty: 0.00
  Edge Rot Residual Penalty: 0.00
  Connectivity Reward: 0.00
  Component Penalty: 0.00
  Consensus Support Reward: 566.72
  Largest Component: 27
  Num Components: 1
  Active Pairs: 26
  OverlapDiag Sum (indexed): 0.0000 (delta_vs_fitness=0.0000)
  OverlapDiag Pairs: total=325 same_comp=325 broad_reject=273 narrow_checked=325 active=2
  OverlapDiag Active Pairs: none

  --- ACTIVE GENE MAP ---
    Gene  0 (Pair  2- 1): choice=2 (inl=32)
    Gene  2 (Pair  5- 1): choice=8 (inl=84)
    Gene  7 (Pair 10- 1): choice=2 (inl=65)
    Gene 14 (Pair 19- 1): choice=2 (inl=89)
    Gene 18 (Pair 23- 1): choice=2 (inl=38)
    Gene 19 (Pair 24- 1): choice=1 (inl=36)
    Gene 20 (Pair 26- 1): choice=1 (inl=49)
    Gene 22 (Pair  6- 2): choice=1 (inl=48)
    Gene 29 (Pair 13- 2): choice=1 (inl=46)
    Gene 32 (Pair 18- 2): choice=4 (inl=83)
    Gene 35 (Pair 25- 2): choice=2 (inl=26)
    Gene 39 (Pair  5- 3): choice=1 (inl=68)
    Gene 49 (Pair 16- 3): choice=1 (inl=64)
    Gene 50 (Pair 17- 3): choice=1 (inl=79)
    Gene 60 (Pair  8- 4): choice=3 (inl=44)
    Gene 61 (Pair 11- 4): choice=1 (inl=57)
    Gene 65 (Pair 17- 4): choice=1 (inl=66)
    Gene 67 (Pair 20- 4): choice=1 (inl=53)
    Gene 86 (Pair 22- 5): choice=4 (inl=51)
    Gene 109 (Pair 11- 7): choice=1 (inl=107)
    Gene 112 (Pair 14- 7): choice=2 (inl=92)
    Gene 151 (Pair 24- 9): choice=1 (inl=51)
    Gene 160 (Pair 21-10): choice=1 (inl=70)
    Gene 176 (Pair 15-12): choice=3 (inl=38)
    Gene 192 (Pair 27-13): choice=1 (inl=16)
    Gene 203 (Pair 18-15): choice=1 (inl=58)

  --- SHARD 4 CANDIDATE ANALYSIS ---
    Pair (4-2): Selected=0 / 2 choices
      Choice 1: inliners=26
      Choice 2: inliners=2
    Pair (4-3): Selected=0 / 5 choices
      Choice 1: inliners=38
      Choice 2: inliners=46
      Choice 3: inliners=14
      Choice 4: inliners=32
      Choice 5: inliners=68
    Pair (5-4): Selected=0 / 2 choices
      Choice 1: inliners=48
      Choice 2: inliners=12
    Pair (6-4): Selected=0 / 2 choices
      Choice 1: inliners=24
      Choice 2: inliners=6
    Pair (7-4): Selected=0 / 2 choices
      Choice 1: inliners=36
      Choice 2: inliners=30
    Pair (8-4): Selected=3 / 4 choices
      Choice 1: inliners=28
      Choice 2: inliners=22
      Choice 3: inliners=44 [SELECTED]
      Choice 4: inliners=0
    Pair (11-4): Selected=1 / 1 choices
      Choice 1: inliners=57 [SELECTED]
    Pair (13-4): Selected=0 / 1 choices
      Choice 1: inliners=14
    Pair (14-4): Selected=0 / 2 choices
      Choice 1: inliners=48
      Choice 2: inliners=16
    Pair (16-4): Selected=0 / 1 choices
      Choice 1: inliners=32
    Pair (17-4): Selected=1 / 1 choices
      Choice 1: inliners=66 [SELECTED]
    Pair (19-4): Selected=0 / 4 choices
      Choice 1: inliners=32
      Choice 2: inliners=44
      Choice 3: inliners=26
      Choice 4: inliners=40
    Pair (20-4): Selected=1 / 1 choices
      Choice 1: inliners=53 [SELECTED]
    Pair (21-4): Selected=0 / 3 choices
      Choice 1: inliners=22
      Choice 2: inliners=16
      Choice 3: inliners=32
    Pair (22-4): Selected=0 / 1 choices
      Choice 1: inliners=38
    Pair (27-4): Selected=0 / 1 choices
      Choice 1: inliners=39


--- GENERATION 280 BEST BREAKDOWN ---
  Total Fitness: 1698.36
  Inlier Reward: 1131.65
  Cycle Penalty: 0.00
  Overlap Penalty: 0.00
  Edge Residual Penalty: 0.00
  Edge Rot Residual Penalty: 0.00
  Connectivity Reward: 0.00
  Component Penalty: 0.00
  Consensus Support Reward: 566.72
  Largest Component: 27
  Num Components: 1
  Active Pairs: 26
  OverlapDiag Sum (indexed): 0.0000 (delta_vs_fitness=0.0000)
  OverlapDiag Pairs: total=325 same_comp=325 broad_reject=273 narrow_checked=325 active=2
  OverlapDiag Active Pairs: none

  --- ACTIVE GENE MAP ---
    Gene  0 (Pair  2- 1): choice=2 (inl=32)
    Gene  2 (Pair  5- 1): choice=8 (inl=84)
    Gene  7 (Pair 10- 1): choice=2 (inl=65)
    Gene 14 (Pair 19- 1): choice=2 (inl=89)
    Gene 18 (Pair 23- 1): choice=2 (inl=38)
    Gene 19 (Pair 24- 1): choice=1 (inl=36)
    Gene 20 (Pair 26- 1): choice=1 (inl=49)
    Gene 22 (Pair  6- 2): choice=1 (inl=48)
    Gene 29 (Pair 13- 2): choice=1 (inl=46)
    Gene 32 (Pair 18- 2): choice=4 (inl=83)
    Gene 35 (Pair 25- 2): choice=2 (inl=26)
    Gene 39 (Pair  5- 3): choice=1 (inl=68)
    Gene 49 (Pair 16- 3): choice=1 (inl=64)
    Gene 50 (Pair 17- 3): choice=1 (inl=79)
    Gene 60 (Pair  8- 4): choice=3 (inl=44)
    Gene 61 (Pair 11- 4): choice=1 (inl=57)
    Gene 65 (Pair 17- 4): choice=1 (inl=66)
    Gene 67 (Pair 20- 4): choice=1 (inl=53)
    Gene 86 (Pair 22- 5): choice=4 (inl=51)
    Gene 109 (Pair 11- 7): choice=1 (inl=107)
    Gene 112 (Pair 14- 7): choice=2 (inl=92)
    Gene 151 (Pair 24- 9): choice=1 (inl=51)
    Gene 160 (Pair 21-10): choice=1 (inl=70)
    Gene 176 (Pair 15-12): choice=3 (inl=38)
    Gene 192 (Pair 27-13): choice=1 (inl=16)
    Gene 203 (Pair 18-15): choice=1 (inl=58)

  --- SHARD 4 CANDIDATE ANALYSIS ---
    Pair (4-2): Selected=0 / 2 choices
      Choice 1: inliners=26
      Choice 2: inliners=2
    Pair (4-3): Selected=0 / 5 choices
      Choice 1: inliners=38
      Choice 2: inliners=46
      Choice 3: inliners=14
      Choice 4: inliners=32
      Choice 5: inliners=68
    Pair (5-4): Selected=0 / 2 choices
      Choice 1: inliners=48
      Choice 2: inliners=12
    Pair (6-4): Selected=0 / 2 choices
      Choice 1: inliners=24
      Choice 2: inliners=6
    Pair (7-4): Selected=0 / 2 choices
      Choice 1: inliners=36
      Choice 2: inliners=30
    Pair (8-4): Selected=3 / 4 choices
      Choice 1: inliners=28
      Choice 2: inliners=22
      Choice 3: inliners=44 [SELECTED]
      Choice 4: inliners=0
    Pair (11-4): Selected=1 / 1 choices
      Choice 1: inliners=57 [SELECTED]
    Pair (13-4): Selected=0 / 1 choices
      Choice 1: inliners=14
    Pair (14-4): Selected=0 / 2 choices
      Choice 1: inliners=48
      Choice 2: inliners=16
    Pair (16-4): Selected=0 / 1 choices
      Choice 1: inliners=32
    Pair (17-4): Selected=1 / 1 choices
      Choice 1: inliners=66 [SELECTED]
    Pair (19-4): Selected=0 / 4 choices
      Choice 1: inliners=32
      Choice 2: inliners=44
      Choice 3: inliners=26
      Choice 4: inliners=40
    Pair (20-4): Selected=1 / 1 choices
      Choice 1: inliners=53 [SELECTED]
    Pair (21-4): Selected=0 / 3 choices
      Choice 1: inliners=22
      Choice 2: inliners=16
      Choice 3: inliners=32
    Pair (22-4): Selected=0 / 1 choices
      Choice 1: inliners=38
    Pair (27-4): Selected=0 / 1 choices
      Choice 1: inliners=39


--- GENERATION 290 BEST BREAKDOWN ---
  Total Fitness: 1698.36
  Inlier Reward: 1131.65
  Cycle Penalty: 0.00
  Overlap Penalty: 0.00
  Edge Residual Penalty: 0.00
  Edge Rot Residual Penalty: 0.00
  Connectivity Reward: 0.00
  Component Penalty: 0.00
  Consensus Support Reward: 566.72
  Largest Component: 27
  Num Components: 1
  Active Pairs: 26
  OverlapDiag Sum (indexed): 0.0000 (delta_vs_fitness=0.0000)
  OverlapDiag Pairs: total=325 same_comp=325 broad_reject=273 narrow_checked=325 active=2
  OverlapDiag Active Pairs: none

  --- ACTIVE GENE MAP ---
    Gene  0 (Pair  2- 1): choice=2 (inl=32)
    Gene  2 (Pair  5- 1): choice=8 (inl=84)
    Gene  7 (Pair 10- 1): choice=2 (inl=65)
    Gene 14 (Pair 19- 1): choice=2 (inl=89)
    Gene 18 (Pair 23- 1): choice=2 (inl=38)
    Gene 19 (Pair 24- 1): choice=1 (inl=36)
    Gene 20 (Pair 26- 1): choice=1 (inl=49)
    Gene 22 (Pair  6- 2): choice=1 (inl=48)
    Gene 29 (Pair 13- 2): choice=1 (inl=46)
    Gene 32 (Pair 18- 2): choice=4 (inl=83)
    Gene 35 (Pair 25- 2): choice=2 (inl=26)
    Gene 39 (Pair  5- 3): choice=1 (inl=68)
    Gene 49 (Pair 16- 3): choice=1 (inl=64)
    Gene 50 (Pair 17- 3): choice=1 (inl=79)
    Gene 60 (Pair  8- 4): choice=3 (inl=44)
    Gene 61 (Pair 11- 4): choice=1 (inl=57)
    Gene 65 (Pair 17- 4): choice=1 (inl=66)
    Gene 67 (Pair 20- 4): choice=1 (inl=53)
    Gene 86 (Pair 22- 5): choice=4 (inl=51)
    Gene 109 (Pair 11- 7): choice=1 (inl=107)
    Gene 112 (Pair 14- 7): choice=2 (inl=92)
    Gene 151 (Pair 24- 9): choice=1 (inl=51)
    Gene 160 (Pair 21-10): choice=1 (inl=70)
    Gene 176 (Pair 15-12): choice=3 (inl=38)
    Gene 192 (Pair 27-13): choice=1 (inl=16)
    Gene 203 (Pair 18-15): choice=1 (inl=58)

  --- SHARD 4 CANDIDATE ANALYSIS ---
    Pair (4-2): Selected=0 / 2 choices
      Choice 1: inliners=26
      Choice 2: inliners=2
    Pair (4-3): Selected=0 / 5 choices
      Choice 1: inliners=38
      Choice 2: inliners=46
      Choice 3: inliners=14
      Choice 4: inliners=32
      Choice 5: inliners=68
    Pair (5-4): Selected=0 / 2 choices
      Choice 1: inliners=48
      Choice 2: inliners=12
    Pair (6-4): Selected=0 / 2 choices
      Choice 1: inliners=24
      Choice 2: inliners=6
    Pair (7-4): Selected=0 / 2 choices
      Choice 1: inliners=36
      Choice 2: inliners=30
    Pair (8-4): Selected=3 / 4 choices
      Choice 1: inliners=28
      Choice 2: inliners=22
      Choice 3: inliners=44 [SELECTED]
      Choice 4: inliners=0
    Pair (11-4): Selected=1 / 1 choices
      Choice 1: inliners=57 [SELECTED]
    Pair (13-4): Selected=0 / 1 choices
      Choice 1: inliners=14
    Pair (14-4): Selected=0 / 2 choices
      Choice 1: inliners=48
      Choice 2: inliners=16
    Pair (16-4): Selected=0 / 1 choices
      Choice 1: inliners=32
    Pair (17-4): Selected=1 / 1 choices
      Choice 1: inliners=66 [SELECTED]
    Pair (19-4): Selected=0 / 4 choices
      Choice 1: inliners=32
      Choice 2: inliners=44
      Choice 3: inliners=26
      Choice 4: inliners=40
    Pair (20-4): Selected=1 / 1 choices
      Choice 1: inliners=53 [SELECTED]
    Pair (21-4): Selected=0 / 3 choices
      Choice 1: inliners=22
      Choice 2: inliners=16
      Choice 3: inliners=32
    Pair (22-4): Selected=0 / 1 choices
      Choice 1: inliners=38
    Pair (27-4): Selected=0 / 1 choices
      Choice 1: inliners=39


--- GENERATION 300 BEST BREAKDOWN ---
  Total Fitness: 1698.36
  Inlier Reward: 1131.65
  Cycle Penalty: 0.00
  Overlap Penalty: 0.00
  Edge Residual Penalty: 0.00
  Edge Rot Residual Penalty: 0.00
  Connectivity Reward: 0.00
  Component Penalty: 0.00
  Consensus Support Reward: 566.72
  Largest Component: 27
  Num Components: 1
  Active Pairs: 26
  OverlapDiag Sum (indexed): 0.0000 (delta_vs_fitness=0.0000)
  OverlapDiag Pairs: total=325 same_comp=325 broad_reject=273 narrow_checked=325 active=2
  OverlapDiag Active Pairs: none

  --- ACTIVE GENE MAP ---
    Gene  0 (Pair  2- 1): choice=2 (inl=32)
    Gene  2 (Pair  5- 1): choice=8 (inl=84)
    Gene  7 (Pair 10- 1): choice=2 (inl=65)
    Gene 14 (Pair 19- 1): choice=2 (inl=89)
    Gene 18 (Pair 23- 1): choice=2 (inl=38)
    Gene 19 (Pair 24- 1): choice=1 (inl=36)
    Gene 20 (Pair 26- 1): choice=1 (inl=49)
    Gene 22 (Pair  6- 2): choice=1 (inl=48)
    Gene 29 (Pair 13- 2): choice=1 (inl=46)
    Gene 32 (Pair 18- 2): choice=4 (inl=83)
    Gene 35 (Pair 25- 2): choice=2 (inl=26)
    Gene 39 (Pair  5- 3): choice=1 (inl=68)
    Gene 49 (Pair 16- 3): choice=1 (inl=64)
    Gene 50 (Pair 17- 3): choice=1 (inl=79)
    Gene 60 (Pair  8- 4): choice=3 (inl=44)
    Gene 61 (Pair 11- 4): choice=1 (inl=57)
    Gene 65 (Pair 17- 4): choice=1 (inl=66)
    Gene 67 (Pair 20- 4): choice=1 (inl=53)
    Gene 86 (Pair 22- 5): choice=4 (inl=51)
    Gene 109 (Pair 11- 7): choice=1 (inl=107)
    Gene 112 (Pair 14- 7): choice=2 (inl=92)
    Gene 151 (Pair 24- 9): choice=1 (inl=51)
    Gene 160 (Pair 21-10): choice=1 (inl=70)
    Gene 176 (Pair 15-12): choice=3 (inl=38)
    Gene 192 (Pair 27-13): choice=1 (inl=16)
    Gene 203 (Pair 18-15): choice=1 (inl=58)

  --- SHARD 4 CANDIDATE ANALYSIS ---
    Pair (4-2): Selected=0 / 2 choices
      Choice 1: inliners=26
      Choice 2: inliners=2
    Pair (4-3): Selected=0 / 5 choices
      Choice 1: inliners=38
      Choice 2: inliners=46
      Choice 3: inliners=14
      Choice 4: inliners=32
      Choice 5: inliners=68
    Pair (5-4): Selected=0 / 2 choices
      Choice 1: inliners=48
      Choice 2: inliners=12
    Pair (6-4): Selected=0 / 2 choices
      Choice 1: inliners=24
      Choice 2: inliners=6
    Pair (7-4): Selected=0 / 2 choices
      Choice 1: inliners=36
      Choice 2: inliners=30
    Pair (8-4): Selected=3 / 4 choices
      Choice 1: inliners=28
      Choice 2: inliners=22
      Choice 3: inliners=44 [SELECTED]
      Choice 4: inliners=0
    Pair (11-4): Selected=1 / 1 choices
      Choice 1: inliners=57 [SELECTED]
    Pair (13-4): Selected=0 / 1 choices
      Choice 1: inliners=14
    Pair (14-4): Selected=0 / 2 choices
      Choice 1: inliners=48
      Choice 2: inliners=16
    Pair (16-4): Selected=0 / 1 choices
      Choice 1: inliners=32
    Pair (17-4): Selected=1 / 1 choices
      Choice 1: inliners=66 [SELECTED]
    Pair (19-4): Selected=0 / 4 choices
      Choice 1: inliners=32
      Choice 2: inliners=44
      Choice 3: inliners=26
      Choice 4: inliners=40
    Pair (20-4): Selected=1 / 1 choices
      Choice 1: inliners=53 [SELECTED]
    Pair (21-4): Selected=0 / 3 choices
      Choice 1: inliners=22
      Choice 2: inliners=16
      Choice 3: inliners=32
    Pair (22-4): Selected=0 / 1 choices
      Choice 1: inliners=38
    Pair (27-4): Selected=0 / 1 choices
      Choice 1: inliners=39


--- GENERATION 310 BEST BREAKDOWN ---
  Total Fitness: 1698.36
  Inlier Reward: 1131.65
  Cycle Penalty: 0.00
  Overlap Penalty: 0.00
  Edge Residual Penalty: 0.00
  Edge Rot Residual Penalty: 0.00
  Connectivity Reward: 0.00
  Component Penalty: 0.00
  Consensus Support Reward: 566.72
  Largest Component: 27
  Num Components: 1
  Active Pairs: 26
  OverlapDiag Sum (indexed): 0.0000 (delta_vs_fitness=0.0000)
  OverlapDiag Pairs: total=325 same_comp=325 broad_reject=273 narrow_checked=325 active=2
  OverlapDiag Active Pairs: none

  --- ACTIVE GENE MAP ---
    Gene  0 (Pair  2- 1): choice=2 (inl=32)
    Gene  2 (Pair  5- 1): choice=8 (inl=84)
    Gene  7 (Pair 10- 1): choice=2 (inl=65)
    Gene 14 (Pair 19- 1): choice=2 (inl=89)
    Gene 18 (Pair 23- 1): choice=2 (inl=38)
    Gene 19 (Pair 24- 1): choice=1 (inl=36)
    Gene 20 (Pair 26- 1): choice=1 (inl=49)
    Gene 22 (Pair  6- 2): choice=1 (inl=48)
    Gene 29 (Pair 13- 2): choice=1 (inl=46)
    Gene 32 (Pair 18- 2): choice=4 (inl=83)
    Gene 35 (Pair 25- 2): choice=2 (inl=26)
    Gene 39 (Pair  5- 3): choice=1 (inl=68)
    Gene 49 (Pair 16- 3): choice=1 (inl=64)
    Gene 50 (Pair 17- 3): choice=1 (inl=79)
    Gene 60 (Pair  8- 4): choice=3 (inl=44)
    Gene 61 (Pair 11- 4): choice=1 (inl=57)
    Gene 65 (Pair 17- 4): choice=1 (inl=66)
    Gene 67 (Pair 20- 4): choice=1 (inl=53)
    Gene 86 (Pair 22- 5): choice=4 (inl=51)
    Gene 109 (Pair 11- 7): choice=1 (inl=107)
    Gene 112 (Pair 14- 7): choice=2 (inl=92)
    Gene 151 (Pair 24- 9): choice=1 (inl=51)
    Gene 160 (Pair 21-10): choice=1 (inl=70)
    Gene 176 (Pair 15-12): choice=3 (inl=38)
    Gene 192 (Pair 27-13): choice=1 (inl=16)
    Gene 203 (Pair 18-15): choice=1 (inl=58)

  --- SHARD 4 CANDIDATE ANALYSIS ---
    Pair (4-2): Selected=0 / 2 choices
      Choice 1: inliners=26
      Choice 2: inliners=2
    Pair (4-3): Selected=0 / 5 choices
      Choice 1: inliners=38
      Choice 2: inliners=46
      Choice 3: inliners=14
      Choice 4: inliners=32
      Choice 5: inliners=68
    Pair (5-4): Selected=0 / 2 choices
      Choice 1: inliners=48
      Choice 2: inliners=12
    Pair (6-4): Selected=0 / 2 choices
      Choice 1: inliners=24
      Choice 2: inliners=6
    Pair (7-4): Selected=0 / 2 choices
      Choice 1: inliners=36
      Choice 2: inliners=30
    Pair (8-4): Selected=3 / 4 choices
      Choice 1: inliners=28
      Choice 2: inliners=22
      Choice 3: inliners=44 [SELECTED]
      Choice 4: inliners=0
    Pair (11-4): Selected=1 / 1 choices
      Choice 1: inliners=57 [SELECTED]
    Pair (13-4): Selected=0 / 1 choices
      Choice 1: inliners=14
    Pair (14-4): Selected=0 / 2 choices
      Choice 1: inliners=48
      Choice 2: inliners=16
    Pair (16-4): Selected=0 / 1 choices
      Choice 1: inliners=32
    Pair (17-4): Selected=1 / 1 choices
      Choice 1: inliners=66 [SELECTED]
    Pair (19-4): Selected=0 / 4 choices
      Choice 1: inliners=32
      Choice 2: inliners=44
      Choice 3: inliners=26
      Choice 4: inliners=40
    Pair (20-4): Selected=1 / 1 choices
      Choice 1: inliners=53 [SELECTED]
    Pair (21-4): Selected=0 / 3 choices
      Choice 1: inliners=22
      Choice 2: inliners=16
      Choice 3: inliners=32
    Pair (22-4): Selected=0 / 1 choices
      Choice 1: inliners=38
    Pair (27-4): Selected=0 / 1 choices
      Choice 1: inliners=39


--- GENERATION 320 BEST BREAKDOWN ---
  Total Fitness: 1698.36
  Inlier Reward: 1131.65
  Cycle Penalty: 0.00
  Overlap Penalty: 0.00
  Edge Residual Penalty: 0.00
  Edge Rot Residual Penalty: 0.00
  Connectivity Reward: 0.00
  Component Penalty: 0.00
  Consensus Support Reward: 566.72
  Largest Component: 27
  Num Components: 1
  Active Pairs: 26
  OverlapDiag Sum (indexed): 0.0000 (delta_vs_fitness=0.0000)
  OverlapDiag Pairs: total=325 same_comp=325 broad_reject=273 narrow_checked=325 active=2
  OverlapDiag Active Pairs: none

  --- ACTIVE GENE MAP ---
    Gene  0 (Pair  2- 1): choice=2 (inl=32)
    Gene  2 (Pair  5- 1): choice=8 (inl=84)
    Gene  7 (Pair 10- 1): choice=2 (inl=65)
    Gene 14 (Pair 19- 1): choice=2 (inl=89)
    Gene 18 (Pair 23- 1): choice=2 (inl=38)
    Gene 19 (Pair 24- 1): choice=1 (inl=36)
    Gene 20 (Pair 26- 1): choice=1 (inl=49)
    Gene 22 (Pair  6- 2): choice=1 (inl=48)
    Gene 29 (Pair 13- 2): choice=1 (inl=46)
    Gene 32 (Pair 18- 2): choice=4 (inl=83)
    Gene 35 (Pair 25- 2): choice=2 (inl=26)
    Gene 39 (Pair  5- 3): choice=1 (inl=68)
    Gene 49 (Pair 16- 3): choice=1 (inl=64)
    Gene 50 (Pair 17- 3): choice=1 (inl=79)
    Gene 60 (Pair  8- 4): choice=3 (inl=44)
    Gene 61 (Pair 11- 4): choice=1 (inl=57)
    Gene 65 (Pair 17- 4): choice=1 (inl=66)
    Gene 67 (Pair 20- 4): choice=1 (inl=53)
    Gene 86 (Pair 22- 5): choice=4 (inl=51)
    Gene 109 (Pair 11- 7): choice=1 (inl=107)
    Gene 112 (Pair 14- 7): choice=2 (inl=92)
    Gene 151 (Pair 24- 9): choice=1 (inl=51)
    Gene 160 (Pair 21-10): choice=1 (inl=70)
    Gene 176 (Pair 15-12): choice=3 (inl=38)
    Gene 192 (Pair 27-13): choice=1 (inl=16)
    Gene 203 (Pair 18-15): choice=1 (inl=58)

  --- SHARD 4 CANDIDATE ANALYSIS ---
    Pair (4-2): Selected=0 / 2 choices
      Choice 1: inliners=26
      Choice 2: inliners=2
    Pair (4-3): Selected=0 / 5 choices
      Choice 1: inliners=38
      Choice 2: inliners=46
      Choice 3: inliners=14
      Choice 4: inliners=32
      Choice 5: inliners=68
    Pair (5-4): Selected=0 / 2 choices
      Choice 1: inliners=48
      Choice 2: inliners=12
    Pair (6-4): Selected=0 / 2 choices
      Choice 1: inliners=24
      Choice 2: inliners=6
    Pair (7-4): Selected=0 / 2 choices
      Choice 1: inliners=36
      Choice 2: inliners=30
    Pair (8-4): Selected=3 / 4 choices
      Choice 1: inliners=28
      Choice 2: inliners=22
      Choice 3: inliners=44 [SELECTED]
      Choice 4: inliners=0
    Pair (11-4): Selected=1 / 1 choices
      Choice 1: inliners=57 [SELECTED]
    Pair (13-4): Selected=0 / 1 choices
      Choice 1: inliners=14
    Pair (14-4): Selected=0 / 2 choices
      Choice 1: inliners=48
      Choice 2: inliners=16
    Pair (16-4): Selected=0 / 1 choices
      Choice 1: inliners=32
    Pair (17-4): Selected=1 / 1 choices
      Choice 1: inliners=66 [SELECTED]
    Pair (19-4): Selected=0 / 4 choices
      Choice 1: inliners=32
      Choice 2: inliners=44
      Choice 3: inliners=26
      Choice 4: inliners=40
    Pair (20-4): Selected=1 / 1 choices
      Choice 1: inliners=53 [SELECTED]
    Pair (21-4): Selected=0 / 3 choices
      Choice 1: inliners=22
      Choice 2: inliners=16
      Choice 3: inliners=32
    Pair (22-4): Selected=0 / 1 choices
      Choice 1: inliners=38
    Pair (27-4): Selected=0 / 1 choices
      Choice 1: inliners=39


--- GENERATION 330 BEST BREAKDOWN ---
  Total Fitness: 1698.36
  Inlier Reward: 1131.65
  Cycle Penalty: 0.00
  Overlap Penalty: 0.00
  Edge Residual Penalty: 0.00
  Edge Rot Residual Penalty: 0.00
  Connectivity Reward: 0.00
  Component Penalty: 0.00
  Consensus Support Reward: 566.72
  Largest Component: 27
  Num Components: 1
  Active Pairs: 26
  OverlapDiag Sum (indexed): 0.0000 (delta_vs_fitness=0.0000)
  OverlapDiag Pairs: total=325 same_comp=325 broad_reject=273 narrow_checked=325 active=2
  OverlapDiag Active Pairs: none

  --- ACTIVE GENE MAP ---
    Gene  0 (Pair  2- 1): choice=2 (inl=32)
    Gene  2 (Pair  5- 1): choice=8 (inl=84)
    Gene  7 (Pair 10- 1): choice=2 (inl=65)
    Gene 14 (Pair 19- 1): choice=2 (inl=89)
    Gene 18 (Pair 23- 1): choice=2 (inl=38)
    Gene 19 (Pair 24- 1): choice=1 (inl=36)
    Gene 20 (Pair 26- 1): choice=1 (inl=49)
    Gene 22 (Pair  6- 2): choice=1 (inl=48)
    Gene 29 (Pair 13- 2): choice=1 (inl=46)
    Gene 32 (Pair 18- 2): choice=4 (inl=83)
    Gene 35 (Pair 25- 2): choice=2 (inl=26)
    Gene 39 (Pair  5- 3): choice=1 (inl=68)
    Gene 49 (Pair 16- 3): choice=1 (inl=64)
    Gene 50 (Pair 17- 3): choice=1 (inl=79)
    Gene 60 (Pair  8- 4): choice=3 (inl=44)
    Gene 61 (Pair 11- 4): choice=1 (inl=57)
    Gene 65 (Pair 17- 4): choice=1 (inl=66)
    Gene 67 (Pair 20- 4): choice=1 (inl=53)
    Gene 86 (Pair 22- 5): choice=4 (inl=51)
    Gene 109 (Pair 11- 7): choice=1 (inl=107)
    Gene 112 (Pair 14- 7): choice=2 (inl=92)
    Gene 151 (Pair 24- 9): choice=1 (inl=51)
    Gene 160 (Pair 21-10): choice=1 (inl=70)
    Gene 176 (Pair 15-12): choice=3 (inl=38)
    Gene 192 (Pair 27-13): choice=1 (inl=16)
    Gene 203 (Pair 18-15): choice=1 (inl=58)

  --- SHARD 4 CANDIDATE ANALYSIS ---
    Pair (4-2): Selected=0 / 2 choices
      Choice 1: inliners=26
      Choice 2: inliners=2
    Pair (4-3): Selected=0 / 5 choices
      Choice 1: inliners=38
      Choice 2: inliners=46
      Choice 3: inliners=14
      Choice 4: inliners=32
      Choice 5: inliners=68
    Pair (5-4): Selected=0 / 2 choices
      Choice 1: inliners=48
      Choice 2: inliners=12
    Pair (6-4): Selected=0 / 2 choices
      Choice 1: inliners=24
      Choice 2: inliners=6
    Pair (7-4): Selected=0 / 2 choices
      Choice 1: inliners=36
      Choice 2: inliners=30
    Pair (8-4): Selected=3 / 4 choices
      Choice 1: inliners=28
      Choice 2: inliners=22
      Choice 3: inliners=44 [SELECTED]
      Choice 4: inliners=0
    Pair (11-4): Selected=1 / 1 choices
      Choice 1: inliners=57 [SELECTED]
    Pair (13-4): Selected=0 / 1 choices
      Choice 1: inliners=14
    Pair (14-4): Selected=0 / 2 choices
      Choice 1: inliners=48
      Choice 2: inliners=16
    Pair (16-4): Selected=0 / 1 choices
      Choice 1: inliners=32
    Pair (17-4): Selected=1 / 1 choices
      Choice 1: inliners=66 [SELECTED]
    Pair (19-4): Selected=0 / 4 choices
      Choice 1: inliners=32
      Choice 2: inliners=44
      Choice 3: inliners=26
      Choice 4: inliners=40
    Pair (20-4): Selected=1 / 1 choices
      Choice 1: inliners=53 [SELECTED]
    Pair (21-4): Selected=0 / 3 choices
      Choice 1: inliners=22
      Choice 2: inliners=16
      Choice 3: inliners=32
    Pair (22-4): Selected=0 / 1 choices
      Choice 1: inliners=38
    Pair (27-4): Selected=0 / 1 choices
      Choice 1: inliners=39


--- GENERATION 340 BEST BREAKDOWN ---
  Total Fitness: 1698.36
  Inlier Reward: 1131.65
  Cycle Penalty: 0.00
  Overlap Penalty: 0.00
  Edge Residual Penalty: 0.00
  Edge Rot Residual Penalty: 0.00
  Connectivity Reward: 0.00
  Component Penalty: 0.00
  Consensus Support Reward: 566.72
  Largest Component: 27
  Num Components: 1
  Active Pairs: 26
  OverlapDiag Sum (indexed): 0.0000 (delta_vs_fitness=0.0000)
  OverlapDiag Pairs: total=325 same_comp=325 broad_reject=273 narrow_checked=325 active=2
  OverlapDiag Active Pairs: none

  --- ACTIVE GENE MAP ---
    Gene  0 (Pair  2- 1): choice=2 (inl=32)
    Gene  2 (Pair  5- 1): choice=8 (inl=84)
    Gene  7 (Pair 10- 1): choice=2 (inl=65)
    Gene 14 (Pair 19- 1): choice=2 (inl=89)
    Gene 18 (Pair 23- 1): choice=2 (inl=38)
    Gene 19 (Pair 24- 1): choice=1 (inl=36)
    Gene 20 (Pair 26- 1): choice=1 (inl=49)
    Gene 22 (Pair  6- 2): choice=1 (inl=48)
    Gene 29 (Pair 13- 2): choice=1 (inl=46)
    Gene 32 (Pair 18- 2): choice=4 (inl=83)
    Gene 35 (Pair 25- 2): choice=2 (inl=26)
    Gene 39 (Pair  5- 3): choice=1 (inl=68)
    Gene 49 (Pair 16- 3): choice=1 (inl=64)
    Gene 50 (Pair 17- 3): choice=1 (inl=79)
    Gene 60 (Pair  8- 4): choice=3 (inl=44)
    Gene 61 (Pair 11- 4): choice=1 (inl=57)
    Gene 65 (Pair 17- 4): choice=1 (inl=66)
    Gene 67 (Pair 20- 4): choice=1 (inl=53)
    Gene 86 (Pair 22- 5): choice=4 (inl=51)
    Gene 109 (Pair 11- 7): choice=1 (inl=107)
    Gene 112 (Pair 14- 7): choice=2 (inl=92)
    Gene 151 (Pair 24- 9): choice=1 (inl=51)
    Gene 160 (Pair 21-10): choice=1 (inl=70)
    Gene 176 (Pair 15-12): choice=3 (inl=38)
    Gene 192 (Pair 27-13): choice=1 (inl=16)
    Gene 203 (Pair 18-15): choice=1 (inl=58)

  --- SHARD 4 CANDIDATE ANALYSIS ---
    Pair (4-2): Selected=0 / 2 choices
      Choice 1: inliners=26
      Choice 2: inliners=2
    Pair (4-3): Selected=0 / 5 choices
      Choice 1: inliners=38
      Choice 2: inliners=46
      Choice 3: inliners=14
      Choice 4: inliners=32
      Choice 5: inliners=68
    Pair (5-4): Selected=0 / 2 choices
      Choice 1: inliners=48
      Choice 2: inliners=12
    Pair (6-4): Selected=0 / 2 choices
      Choice 1: inliners=24
      Choice 2: inliners=6
    Pair (7-4): Selected=0 / 2 choices
      Choice 1: inliners=36
      Choice 2: inliners=30
    Pair (8-4): Selected=3 / 4 choices
      Choice 1: inliners=28
      Choice 2: inliners=22
      Choice 3: inliners=44 [SELECTED]
      Choice 4: inliners=0
    Pair (11-4): Selected=1 / 1 choices
      Choice 1: inliners=57 [SELECTED]
    Pair (13-4): Selected=0 / 1 choices
      Choice 1: inliners=14
    Pair (14-4): Selected=0 / 2 choices
      Choice 1: inliners=48
      Choice 2: inliners=16
    Pair (16-4): Selected=0 / 1 choices
      Choice 1: inliners=32
    Pair (17-4): Selected=1 / 1 choices
      Choice 1: inliners=66 [SELECTED]
    Pair (19-4): Selected=0 / 4 choices
      Choice 1: inliners=32
      Choice 2: inliners=44
      Choice 3: inliners=26
      Choice 4: inliners=40
    Pair (20-4): Selected=1 / 1 choices
      Choice 1: inliners=53 [SELECTED]
    Pair (21-4): Selected=0 / 3 choices
      Choice 1: inliners=22
      Choice 2: inliners=16
      Choice 3: inliners=32
    Pair (22-4): Selected=0 / 1 choices
      Choice 1: inliners=38
    Pair (27-4): Selected=0 / 1 choices
      Choice 1: inliners=39


--- GENERATION 350 BEST BREAKDOWN ---
  Total Fitness: 1698.36
  Inlier Reward: 1131.65
  Cycle Penalty: 0.00
  Overlap Penalty: 0.00
  Edge Residual Penalty: 0.00
  Edge Rot Residual Penalty: 0.00
  Connectivity Reward: 0.00
  Component Penalty: 0.00
  Consensus Support Reward: 566.72
  Largest Component: 27
  Num Components: 1
  Active Pairs: 26
  OverlapDiag Sum (indexed): 0.0000 (delta_vs_fitness=0.0000)
  OverlapDiag Pairs: total=325 same_comp=325 broad_reject=273 narrow_checked=325 active=2
  OverlapDiag Active Pairs: none

  --- ACTIVE GENE MAP ---
    Gene  0 (Pair  2- 1): choice=2 (inl=32)
    Gene  2 (Pair  5- 1): choice=8 (inl=84)
    Gene  7 (Pair 10- 1): choice=2 (inl=65)
    Gene 14 (Pair 19- 1): choice=2 (inl=89)
    Gene 18 (Pair 23- 1): choice=2 (inl=38)
    Gene 19 (Pair 24- 1): choice=1 (inl=36)
    Gene 20 (Pair 26- 1): choice=1 (inl=49)
    Gene 22 (Pair  6- 2): choice=1 (inl=48)
    Gene 29 (Pair 13- 2): choice=1 (inl=46)
    Gene 32 (Pair 18- 2): choice=4 (inl=83)
    Gene 35 (Pair 25- 2): choice=2 (inl=26)
    Gene 39 (Pair  5- 3): choice=1 (inl=68)
    Gene 49 (Pair 16- 3): choice=1 (inl=64)
    Gene 50 (Pair 17- 3): choice=1 (inl=79)
    Gene 60 (Pair  8- 4): choice=3 (inl=44)
    Gene 61 (Pair 11- 4): choice=1 (inl=57)
    Gene 65 (Pair 17- 4): choice=1 (inl=66)
    Gene 67 (Pair 20- 4): choice=1 (inl=53)
    Gene 86 (Pair 22- 5): choice=4 (inl=51)
    Gene 109 (Pair 11- 7): choice=1 (inl=107)
    Gene 112 (Pair 14- 7): choice=2 (inl=92)
    Gene 151 (Pair 24- 9): choice=1 (inl=51)
    Gene 160 (Pair 21-10): choice=1 (inl=70)
    Gene 176 (Pair 15-12): choice=3 (inl=38)
    Gene 192 (Pair 27-13): choice=1 (inl=16)
    Gene 203 (Pair 18-15): choice=1 (inl=58)

  --- SHARD 4 CANDIDATE ANALYSIS ---
    Pair (4-2): Selected=0 / 2 choices
      Choice 1: inliners=26
      Choice 2: inliners=2
    Pair (4-3): Selected=0 / 5 choices
      Choice 1: inliners=38
      Choice 2: inliners=46
      Choice 3: inliners=14
      Choice 4: inliners=32
      Choice 5: inliners=68
    Pair (5-4): Selected=0 / 2 choices
      Choice 1: inliners=48
      Choice 2: inliners=12
    Pair (6-4): Selected=0 / 2 choices
      Choice 1: inliners=24
      Choice 2: inliners=6
    Pair (7-4): Selected=0 / 2 choices
      Choice 1: inliners=36
      Choice 2: inliners=30
    Pair (8-4): Selected=3 / 4 choices
      Choice 1: inliners=28
      Choice 2: inliners=22
      Choice 3: inliners=44 [SELECTED]
      Choice 4: inliners=0
    Pair (11-4): Selected=1 / 1 choices
      Choice 1: inliners=57 [SELECTED]
    Pair (13-4): Selected=0 / 1 choices
      Choice 1: inliners=14
    Pair (14-4): Selected=0 / 2 choices
      Choice 1: inliners=48
      Choice 2: inliners=16
    Pair (16-4): Selected=0 / 1 choices
      Choice 1: inliners=32
    Pair (17-4): Selected=1 / 1 choices
      Choice 1: inliners=66 [SELECTED]
    Pair (19-4): Selected=0 / 4 choices
      Choice 1: inliners=32
      Choice 2: inliners=44
      Choice 3: inliners=26
      Choice 4: inliners=40
    Pair (20-4): Selected=1 / 1 choices
      Choice 1: inliners=53 [SELECTED]
    Pair (21-4): Selected=0 / 3 choices
      Choice 1: inliners=22
      Choice 2: inliners=16
      Choice 3: inliners=32
    Pair (22-4): Selected=0 / 1 choices
      Choice 1: inliners=38
    Pair (27-4): Selected=0 / 1 choices
      Choice 1: inliners=39


--- GENERATION 360 BEST BREAKDOWN ---
  Total Fitness: 1698.36
  Inlier Reward: 1131.65
  Cycle Penalty: 0.00
  Overlap Penalty: 0.00
  Edge Residual Penalty: 0.00
  Edge Rot Residual Penalty: 0.00
  Connectivity Reward: 0.00
  Component Penalty: 0.00
  Consensus Support Reward: 566.72
  Largest Component: 27
  Num Components: 1
  Active Pairs: 26
  OverlapDiag Sum (indexed): 0.0000 (delta_vs_fitness=0.0000)
  OverlapDiag Pairs: total=325 same_comp=325 broad_reject=273 narrow_checked=325 active=2
  OverlapDiag Active Pairs: none

  --- ACTIVE GENE MAP ---
    Gene  0 (Pair  2- 1): choice=2 (inl=32)
    Gene  2 (Pair  5- 1): choice=8 (inl=84)
    Gene  7 (Pair 10- 1): choice=2 (inl=65)
    Gene 14 (Pair 19- 1): choice=2 (inl=89)
    Gene 18 (Pair 23- 1): choice=2 (inl=38)
    Gene 19 (Pair 24- 1): choice=1 (inl=36)
    Gene 20 (Pair 26- 1): choice=1 (inl=49)
    Gene 22 (Pair  6- 2): choice=1 (inl=48)
    Gene 29 (Pair 13- 2): choice=1 (inl=46)
    Gene 32 (Pair 18- 2): choice=4 (inl=83)
    Gene 35 (Pair 25- 2): choice=2 (inl=26)
    Gene 39 (Pair  5- 3): choice=1 (inl=68)
    Gene 49 (Pair 16- 3): choice=1 (inl=64)
    Gene 50 (Pair 17- 3): choice=1 (inl=79)
    Gene 60 (Pair  8- 4): choice=3 (inl=44)
    Gene 61 (Pair 11- 4): choice=1 (inl=57)
    Gene 65 (Pair 17- 4): choice=1 (inl=66)
    Gene 67 (Pair 20- 4): choice=1 (inl=53)
    Gene 86 (Pair 22- 5): choice=4 (inl=51)
    Gene 109 (Pair 11- 7): choice=1 (inl=107)
    Gene 112 (Pair 14- 7): choice=2 (inl=92)
    Gene 151 (Pair 24- 9): choice=1 (inl=51)
    Gene 160 (Pair 21-10): choice=1 (inl=70)
    Gene 176 (Pair 15-12): choice=3 (inl=38)
    Gene 192 (Pair 27-13): choice=1 (inl=16)
    Gene 203 (Pair 18-15): choice=1 (inl=58)

  --- SHARD 4 CANDIDATE ANALYSIS ---
    Pair (4-2): Selected=0 / 2 choices
      Choice 1: inliners=26
      Choice 2: inliners=2
    Pair (4-3): Selected=0 / 5 choices
      Choice 1: inliners=38
      Choice 2: inliners=46
      Choice 3: inliners=14
      Choice 4: inliners=32
      Choice 5: inliners=68
    Pair (5-4): Selected=0 / 2 choices
      Choice 1: inliners=48
      Choice 2: inliners=12
    Pair (6-4): Selected=0 / 2 choices
      Choice 1: inliners=24
      Choice 2: inliners=6
    Pair (7-4): Selected=0 / 2 choices
      Choice 1: inliners=36
      Choice 2: inliners=30
    Pair (8-4): Selected=3 / 4 choices
      Choice 1: inliners=28
      Choice 2: inliners=22
      Choice 3: inliners=44 [SELECTED]
      Choice 4: inliners=0
    Pair (11-4): Selected=1 / 1 choices
      Choice 1: inliners=57 [SELECTED]
    Pair (13-4): Selected=0 / 1 choices
      Choice 1: inliners=14
    Pair (14-4): Selected=0 / 2 choices
      Choice 1: inliners=48
      Choice 2: inliners=16
    Pair (16-4): Selected=0 / 1 choices
      Choice 1: inliners=32
    Pair (17-4): Selected=1 / 1 choices
      Choice 1: inliners=66 [SELECTED]
    Pair (19-4): Selected=0 / 4 choices
      Choice 1: inliners=32
      Choice 2: inliners=44
      Choice 3: inliners=26
      Choice 4: inliners=40
    Pair (20-4): Selected=1 / 1 choices
      Choice 1: inliners=53 [SELECTED]
    Pair (21-4): Selected=0 / 3 choices
      Choice 1: inliners=22
      Choice 2: inliners=16
      Choice 3: inliners=32
    Pair (22-4): Selected=0 / 1 choices
      Choice 1: inliners=38
    Pair (27-4): Selected=0 / 1 choices
      Choice 1: inliners=39


--- GENERATION 370 BEST BREAKDOWN ---
  Total Fitness: 1707.48
  Inlier Reward: 1140.76
  Cycle Penalty: 0.00
  Overlap Penalty: 0.00
  Edge Residual Penalty: 0.00
  Edge Rot Residual Penalty: 0.00
  Connectivity Reward: 0.00
  Component Penalty: 0.00
  Consensus Support Reward: 566.72
  Largest Component: 27
  Num Components: 1
  Active Pairs: 26
  OverlapDiag Sum (indexed): 0.0000 (delta_vs_fitness=0.0000)
  OverlapDiag Pairs: total=325 same_comp=325 broad_reject=273 narrow_checked=325 active=2
  OverlapDiag Active Pairs: none

  --- ACTIVE GENE MAP ---
    Gene  0 (Pair  2- 1): choice=2 (inl=32)
    Gene  2 (Pair  5- 1): choice=8 (inl=84)
    Gene  7 (Pair 10- 1): choice=2 (inl=65)
    Gene 14 (Pair 19- 1): choice=2 (inl=89)
    Gene 18 (Pair 23- 1): choice=2 (inl=38)
    Gene 19 (Pair 24- 1): choice=1 (inl=36)
    Gene 20 (Pair 26- 1): choice=1 (inl=49)
    Gene 22 (Pair  6- 2): choice=1 (inl=48)
    Gene 29 (Pair 13- 2): choice=1 (inl=46)
    Gene 32 (Pair 18- 2): choice=4 (inl=83)
    Gene 35 (Pair 25- 2): choice=2 (inl=26)
    Gene 39 (Pair  5- 3): choice=1 (inl=68)
    Gene 49 (Pair 16- 3): choice=1 (inl=64)
    Gene 50 (Pair 17- 3): choice=1 (inl=79)
    Gene 60 (Pair  8- 4): choice=3 (inl=44)
    Gene 61 (Pair 11- 4): choice=1 (inl=57)
    Gene 65 (Pair 17- 4): choice=1 (inl=66)
    Gene 67 (Pair 20- 4): choice=1 (inl=53)
    Gene 86 (Pair 22- 5): choice=4 (inl=51)
    Gene 109 (Pair 11- 7): choice=1 (inl=107)
    Gene 112 (Pair 14- 7): choice=2 (inl=92)
    Gene 151 (Pair 24- 9): choice=1 (inl=51)
    Gene 160 (Pair 21-10): choice=1 (inl=70)
    Gene 176 (Pair 15-12): choice=3 (inl=38)
    Gene 203 (Pair 18-15): choice=1 (inl=58)
    Gene 214 (Pair 27-17): choice=1 (inl=30)

  --- SHARD 4 CANDIDATE ANALYSIS ---
    Pair (4-2): Selected=0 / 2 choices
      Choice 1: inliners=26
      Choice 2: inliners=2
    Pair (4-3): Selected=0 / 5 choices
      Choice 1: inliners=38
      Choice 2: inliners=46
      Choice 3: inliners=14
      Choice 4: inliners=32
      Choice 5: inliners=68
    Pair (5-4): Selected=0 / 2 choices
      Choice 1: inliners=48
      Choice 2: inliners=12
    Pair (6-4): Selected=0 / 2 choices
      Choice 1: inliners=24
      Choice 2: inliners=6
    Pair (7-4): Selected=0 / 2 choices
      Choice 1: inliners=36
      Choice 2: inliners=30
    Pair (8-4): Selected=3 / 4 choices
      Choice 1: inliners=28
      Choice 2: inliners=22
      Choice 3: inliners=44 [SELECTED]
      Choice 4: inliners=0
    Pair (11-4): Selected=1 / 1 choices
      Choice 1: inliners=57 [SELECTED]
    Pair (13-4): Selected=0 / 1 choices
      Choice 1: inliners=14
    Pair (14-4): Selected=0 / 2 choices
      Choice 1: inliners=48
      Choice 2: inliners=16
    Pair (16-4): Selected=0 / 1 choices
      Choice 1: inliners=32
    Pair (17-4): Selected=1 / 1 choices
      Choice 1: inliners=66 [SELECTED]
    Pair (19-4): Selected=0 / 4 choices
      Choice 1: inliners=32
      Choice 2: inliners=44
      Choice 3: inliners=26
      Choice 4: inliners=40
    Pair (20-4): Selected=1 / 1 choices
      Choice 1: inliners=53 [SELECTED]
    Pair (21-4): Selected=0 / 3 choices
      Choice 1: inliners=22
      Choice 2: inliners=16
      Choice 3: inliners=32
    Pair (22-4): Selected=0 / 1 choices
      Choice 1: inliners=38
    Pair (27-4): Selected=0 / 1 choices
      Choice 1: inliners=39


--- GENERATION 380 BEST BREAKDOWN ---
  Total Fitness: 1707.48
  Inlier Reward: 1140.76
  Cycle Penalty: 0.00
  Overlap Penalty: 0.00
  Edge Residual Penalty: 0.00
  Edge Rot Residual Penalty: 0.00
  Connectivity Reward: 0.00
  Component Penalty: 0.00
  Consensus Support Reward: 566.72
  Largest Component: 27
  Num Components: 1
  Active Pairs: 26
  OverlapDiag Sum (indexed): 0.0000 (delta_vs_fitness=0.0000)
  OverlapDiag Pairs: total=325 same_comp=325 broad_reject=273 narrow_checked=325 active=2
  OverlapDiag Active Pairs: none

  --- ACTIVE GENE MAP ---
    Gene  0 (Pair  2- 1): choice=2 (inl=32)
    Gene  2 (Pair  5- 1): choice=8 (inl=84)
    Gene  7 (Pair 10- 1): choice=2 (inl=65)
    Gene 14 (Pair 19- 1): choice=2 (inl=89)
    Gene 18 (Pair 23- 1): choice=2 (inl=38)
    Gene 19 (Pair 24- 1): choice=1 (inl=36)
    Gene 20 (Pair 26- 1): choice=1 (inl=49)
    Gene 22 (Pair  6- 2): choice=1 (inl=48)
    Gene 29 (Pair 13- 2): choice=1 (inl=46)
    Gene 32 (Pair 18- 2): choice=4 (inl=83)
    Gene 35 (Pair 25- 2): choice=2 (inl=26)
    Gene 39 (Pair  5- 3): choice=1 (inl=68)
    Gene 49 (Pair 16- 3): choice=1 (inl=64)
    Gene 50 (Pair 17- 3): choice=1 (inl=79)
    Gene 60 (Pair  8- 4): choice=3 (inl=44)
    Gene 61 (Pair 11- 4): choice=1 (inl=57)
    Gene 65 (Pair 17- 4): choice=1 (inl=66)
    Gene 67 (Pair 20- 4): choice=1 (inl=53)
    Gene 86 (Pair 22- 5): choice=4 (inl=51)
    Gene 109 (Pair 11- 7): choice=1 (inl=107)
    Gene 112 (Pair 14- 7): choice=2 (inl=92)
    Gene 151 (Pair 24- 9): choice=1 (inl=51)
    Gene 160 (Pair 21-10): choice=1 (inl=70)
    Gene 176 (Pair 15-12): choice=3 (inl=38)
    Gene 203 (Pair 18-15): choice=1 (inl=58)
    Gene 214 (Pair 27-17): choice=1 (inl=30)

  --- SHARD 4 CANDIDATE ANALYSIS ---
    Pair (4-2): Selected=0 / 2 choices
      Choice 1: inliners=26
      Choice 2: inliners=2
    Pair (4-3): Selected=0 / 5 choices
      Choice 1: inliners=38
      Choice 2: inliners=46
      Choice 3: inliners=14
      Choice 4: inliners=32
      Choice 5: inliners=68
    Pair (5-4): Selected=0 / 2 choices
      Choice 1: inliners=48
      Choice 2: inliners=12
    Pair (6-4): Selected=0 / 2 choices
      Choice 1: inliners=24
      Choice 2: inliners=6
    Pair (7-4): Selected=0 / 2 choices
      Choice 1: inliners=36
      Choice 2: inliners=30
    Pair (8-4): Selected=3 / 4 choices
      Choice 1: inliners=28
      Choice 2: inliners=22
      Choice 3: inliners=44 [SELECTED]
      Choice 4: inliners=0
    Pair (11-4): Selected=1 / 1 choices
      Choice 1: inliners=57 [SELECTED]
    Pair (13-4): Selected=0 / 1 choices
      Choice 1: inliners=14
    Pair (14-4): Selected=0 / 2 choices
      Choice 1: inliners=48
      Choice 2: inliners=16
    Pair (16-4): Selected=0 / 1 choices
      Choice 1: inliners=32
    Pair (17-4): Selected=1 / 1 choices
      Choice 1: inliners=66 [SELECTED]
    Pair (19-4): Selected=0 / 4 choices
      Choice 1: inliners=32
      Choice 2: inliners=44
      Choice 3: inliners=26
      Choice 4: inliners=40
    Pair (20-4): Selected=1 / 1 choices
      Choice 1: inliners=53 [SELECTED]
    Pair (21-4): Selected=0 / 3 choices
      Choice 1: inliners=22
      Choice 2: inliners=16
      Choice 3: inliners=32
    Pair (22-4): Selected=0 / 1 choices
      Choice 1: inliners=38
    Pair (27-4): Selected=0 / 1 choices
      Choice 1: inliners=39


--- GENERATION 390 BEST BREAKDOWN ---
  Total Fitness: 1707.48
  Inlier Reward: 1140.76
  Cycle Penalty: 0.00
  Overlap Penalty: 0.00
  Edge Residual Penalty: 0.00
  Edge Rot Residual Penalty: 0.00
  Connectivity Reward: 0.00
  Component Penalty: 0.00
  Consensus Support Reward: 566.72
  Largest Component: 27
  Num Components: 1
  Active Pairs: 26
  OverlapDiag Sum (indexed): 0.0000 (delta_vs_fitness=0.0000)
  OverlapDiag Pairs: total=325 same_comp=325 broad_reject=273 narrow_checked=325 active=2
  OverlapDiag Active Pairs: none

  --- ACTIVE GENE MAP ---
    Gene  0 (Pair  2- 1): choice=2 (inl=32)
    Gene  2 (Pair  5- 1): choice=8 (inl=84)
    Gene  7 (Pair 10- 1): choice=2 (inl=65)
    Gene 14 (Pair 19- 1): choice=2 (inl=89)
    Gene 18 (Pair 23- 1): choice=2 (inl=38)
    Gene 19 (Pair 24- 1): choice=1 (inl=36)
    Gene 20 (Pair 26- 1): choice=1 (inl=49)
    Gene 22 (Pair  6- 2): choice=1 (inl=48)
    Gene 29 (Pair 13- 2): choice=1 (inl=46)
    Gene 32 (Pair 18- 2): choice=4 (inl=83)
    Gene 35 (Pair 25- 2): choice=2 (inl=26)
    Gene 39 (Pair  5- 3): choice=1 (inl=68)
    Gene 49 (Pair 16- 3): choice=1 (inl=64)
    Gene 50 (Pair 17- 3): choice=1 (inl=79)
    Gene 60 (Pair  8- 4): choice=3 (inl=44)
    Gene 61 (Pair 11- 4): choice=1 (inl=57)
    Gene 65 (Pair 17- 4): choice=1 (inl=66)
    Gene 67 (Pair 20- 4): choice=1 (inl=53)
    Gene 86 (Pair 22- 5): choice=4 (inl=51)
    Gene 109 (Pair 11- 7): choice=1 (inl=107)
    Gene 112 (Pair 14- 7): choice=2 (inl=92)
    Gene 151 (Pair 24- 9): choice=1 (inl=51)
    Gene 160 (Pair 21-10): choice=1 (inl=70)
    Gene 176 (Pair 15-12): choice=3 (inl=38)
    Gene 203 (Pair 18-15): choice=1 (inl=58)
    Gene 214 (Pair 27-17): choice=1 (inl=30)

  --- SHARD 4 CANDIDATE ANALYSIS ---
    Pair (4-2): Selected=0 / 2 choices
      Choice 1: inliners=26
      Choice 2: inliners=2
    Pair (4-3): Selected=0 / 5 choices
      Choice 1: inliners=38
      Choice 2: inliners=46
      Choice 3: inliners=14
      Choice 4: inliners=32
      Choice 5: inliners=68
    Pair (5-4): Selected=0 / 2 choices
      Choice 1: inliners=48
      Choice 2: inliners=12
    Pair (6-4): Selected=0 / 2 choices
      Choice 1: inliners=24
      Choice 2: inliners=6
    Pair (7-4): Selected=0 / 2 choices
      Choice 1: inliners=36
      Choice 2: inliners=30
    Pair (8-4): Selected=3 / 4 choices
      Choice 1: inliners=28
      Choice 2: inliners=22
      Choice 3: inliners=44 [SELECTED]
      Choice 4: inliners=0
    Pair (11-4): Selected=1 / 1 choices
      Choice 1: inliners=57 [SELECTED]
    Pair (13-4): Selected=0 / 1 choices
      Choice 1: inliners=14
    Pair (14-4): Selected=0 / 2 choices
      Choice 1: inliners=48
      Choice 2: inliners=16
    Pair (16-4): Selected=0 / 1 choices
      Choice 1: inliners=32
    Pair (17-4): Selected=1 / 1 choices
      Choice 1: inliners=66 [SELECTED]
    Pair (19-4): Selected=0 / 4 choices
      Choice 1: inliners=32
      Choice 2: inliners=44
      Choice 3: inliners=26
      Choice 4: inliners=40
    Pair (20-4): Selected=1 / 1 choices
      Choice 1: inliners=53 [SELECTED]
    Pair (21-4): Selected=0 / 3 choices
      Choice 1: inliners=22
      Choice 2: inliners=16
      Choice 3: inliners=32
    Pair (22-4): Selected=0 / 1 choices
      Choice 1: inliners=38
    Pair (27-4): Selected=0 / 1 choices
      Choice 1: inliners=39


--- GENERATION 400 BEST BREAKDOWN ---
  Total Fitness: 1707.48
  Inlier Reward: 1140.76
  Cycle Penalty: 0.00
  Overlap Penalty: 0.00
  Edge Residual Penalty: 0.00
  Edge Rot Residual Penalty: 0.00
  Connectivity Reward: 0.00
  Component Penalty: 0.00
  Consensus Support Reward: 566.72
  Largest Component: 27
  Num Components: 1
  Active Pairs: 26
  OverlapDiag Sum (indexed): 0.0000 (delta_vs_fitness=0.0000)
  OverlapDiag Pairs: total=325 same_comp=325 broad_reject=273 narrow_checked=325 active=2
  OverlapDiag Active Pairs: none

  --- ACTIVE GENE MAP ---
    Gene  0 (Pair  2- 1): choice=2 (inl=32)
    Gene  2 (Pair  5- 1): choice=8 (inl=84)
    Gene  7 (Pair 10- 1): choice=2 (inl=65)
    Gene 14 (Pair 19- 1): choice=2 (inl=89)
    Gene 18 (Pair 23- 1): choice=2 (inl=38)
    Gene 19 (Pair 24- 1): choice=1 (inl=36)
    Gene 20 (Pair 26- 1): choice=1 (inl=49)
    Gene 22 (Pair  6- 2): choice=1 (inl=48)
    Gene 29 (Pair 13- 2): choice=1 (inl=46)
    Gene 32 (Pair 18- 2): choice=4 (inl=83)
    Gene 35 (Pair 25- 2): choice=2 (inl=26)
    Gene 39 (Pair  5- 3): choice=1 (inl=68)
    Gene 49 (Pair 16- 3): choice=1 (inl=64)
    Gene 50 (Pair 17- 3): choice=1 (inl=79)
    Gene 60 (Pair  8- 4): choice=3 (inl=44)
    Gene 61 (Pair 11- 4): choice=1 (inl=57)
    Gene 65 (Pair 17- 4): choice=1 (inl=66)
    Gene 67 (Pair 20- 4): choice=1 (inl=53)
    Gene 86 (Pair 22- 5): choice=4 (inl=51)
    Gene 109 (Pair 11- 7): choice=1 (inl=107)
    Gene 112 (Pair 14- 7): choice=2 (inl=92)
    Gene 151 (Pair 24- 9): choice=1 (inl=51)
    Gene 160 (Pair 21-10): choice=1 (inl=70)
    Gene 176 (Pair 15-12): choice=3 (inl=38)
    Gene 203 (Pair 18-15): choice=1 (inl=58)
    Gene 214 (Pair 27-17): choice=1 (inl=30)

  --- SHARD 4 CANDIDATE ANALYSIS ---
    Pair (4-2): Selected=0 / 2 choices
      Choice 1: inliners=26
      Choice 2: inliners=2
    Pair (4-3): Selected=0 / 5 choices
      Choice 1: inliners=38
      Choice 2: inliners=46
      Choice 3: inliners=14
      Choice 4: inliners=32
      Choice 5: inliners=68
    Pair (5-4): Selected=0 / 2 choices
      Choice 1: inliners=48
      Choice 2: inliners=12
    Pair (6-4): Selected=0 / 2 choices
      Choice 1: inliners=24
      Choice 2: inliners=6
    Pair (7-4): Selected=0 / 2 choices
      Choice 1: inliners=36
      Choice 2: inliners=30
    Pair (8-4): Selected=3 / 4 choices
      Choice 1: inliners=28
      Choice 2: inliners=22
      Choice 3: inliners=44 [SELECTED]
      Choice 4: inliners=0
    Pair (11-4): Selected=1 / 1 choices
      Choice 1: inliners=57 [SELECTED]
    Pair (13-4): Selected=0 / 1 choices
      Choice 1: inliners=14
    Pair (14-4): Selected=0 / 2 choices
      Choice 1: inliners=48
      Choice 2: inliners=16
    Pair (16-4): Selected=0 / 1 choices
      Choice 1: inliners=32
    Pair (17-4): Selected=1 / 1 choices
      Choice 1: inliners=66 [SELECTED]
    Pair (19-4): Selected=0 / 4 choices
      Choice 1: inliners=32
      Choice 2: inliners=44
      Choice 3: inliners=26
      Choice 4: inliners=40
    Pair (20-4): Selected=1 / 1 choices
      Choice 1: inliners=53 [SELECTED]
    Pair (21-4): Selected=0 / 3 choices
      Choice 1: inliners=22
      Choice 2: inliners=16
      Choice 3: inliners=32
    Pair (22-4): Selected=0 / 1 choices
      Choice 1: inliners=38
    Pair (27-4): Selected=0 / 1 choices
      Choice 1: inliners=39


--- GENERATION 410 BEST BREAKDOWN ---
  Total Fitness: 1707.48
  Inlier Reward: 1140.76
  Cycle Penalty: 0.00
  Overlap Penalty: 0.00
  Edge Residual Penalty: 0.00
  Edge Rot Residual Penalty: 0.00
  Connectivity Reward: 0.00
  Component Penalty: 0.00
  Consensus Support Reward: 566.72
  Largest Component: 27
  Num Components: 1
  Active Pairs: 26
  OverlapDiag Sum (indexed): 0.0000 (delta_vs_fitness=0.0000)
  OverlapDiag Pairs: total=325 same_comp=325 broad_reject=273 narrow_checked=325 active=2
  OverlapDiag Active Pairs: none

  --- ACTIVE GENE MAP ---
    Gene  0 (Pair  2- 1): choice=2 (inl=32)
    Gene  2 (Pair  5- 1): choice=8 (inl=84)
    Gene  7 (Pair 10- 1): choice=2 (inl=65)
    Gene 14 (Pair 19- 1): choice=2 (inl=89)
    Gene 18 (Pair 23- 1): choice=2 (inl=38)
    Gene 19 (Pair 24- 1): choice=1 (inl=36)
    Gene 20 (Pair 26- 1): choice=1 (inl=49)
    Gene 22 (Pair  6- 2): choice=1 (inl=48)
    Gene 29 (Pair 13- 2): choice=1 (inl=46)
    Gene 32 (Pair 18- 2): choice=4 (inl=83)
    Gene 35 (Pair 25- 2): choice=2 (inl=26)
    Gene 39 (Pair  5- 3): choice=1 (inl=68)
    Gene 49 (Pair 16- 3): choice=1 (inl=64)
    Gene 50 (Pair 17- 3): choice=1 (inl=79)
    Gene 60 (Pair  8- 4): choice=3 (inl=44)
    Gene 61 (Pair 11- 4): choice=1 (inl=57)
    Gene 65 (Pair 17- 4): choice=1 (inl=66)
    Gene 67 (Pair 20- 4): choice=1 (inl=53)
    Gene 86 (Pair 22- 5): choice=4 (inl=51)
    Gene 109 (Pair 11- 7): choice=1 (inl=107)
    Gene 112 (Pair 14- 7): choice=2 (inl=92)
    Gene 151 (Pair 24- 9): choice=1 (inl=51)
    Gene 160 (Pair 21-10): choice=1 (inl=70)
    Gene 176 (Pair 15-12): choice=3 (inl=38)
    Gene 203 (Pair 18-15): choice=1 (inl=58)
    Gene 214 (Pair 27-17): choice=1 (inl=30)

  --- SHARD 4 CANDIDATE ANALYSIS ---
    Pair (4-2): Selected=0 / 2 choices
      Choice 1: inliners=26
      Choice 2: inliners=2
    Pair (4-3): Selected=0 / 5 choices
      Choice 1: inliners=38
      Choice 2: inliners=46
      Choice 3: inliners=14
      Choice 4: inliners=32
      Choice 5: inliners=68
    Pair (5-4): Selected=0 / 2 choices
      Choice 1: inliners=48
      Choice 2: inliners=12
    Pair (6-4): Selected=0 / 2 choices
      Choice 1: inliners=24
      Choice 2: inliners=6
    Pair (7-4): Selected=0 / 2 choices
      Choice 1: inliners=36
      Choice 2: inliners=30
    Pair (8-4): Selected=3 / 4 choices
      Choice 1: inliners=28
      Choice 2: inliners=22
      Choice 3: inliners=44 [SELECTED]
      Choice 4: inliners=0
    Pair (11-4): Selected=1 / 1 choices
      Choice 1: inliners=57 [SELECTED]
    Pair (13-4): Selected=0 / 1 choices
      Choice 1: inliners=14
    Pair (14-4): Selected=0 / 2 choices
      Choice 1: inliners=48
      Choice 2: inliners=16
    Pair (16-4): Selected=0 / 1 choices
      Choice 1: inliners=32
    Pair (17-4): Selected=1 / 1 choices
      Choice 1: inliners=66 [SELECTED]
    Pair (19-4): Selected=0 / 4 choices
      Choice 1: inliners=32
      Choice 2: inliners=44
      Choice 3: inliners=26
      Choice 4: inliners=40
    Pair (20-4): Selected=1 / 1 choices
      Choice 1: inliners=53 [SELECTED]
    Pair (21-4): Selected=0 / 3 choices
      Choice 1: inliners=22
      Choice 2: inliners=16
      Choice 3: inliners=32
    Pair (22-4): Selected=0 / 1 choices
      Choice 1: inliners=38
    Pair (27-4): Selected=0 / 1 choices
      Choice 1: inliners=39


--- GENERATION 420 BEST BREAKDOWN ---
  Total Fitness: 1707.48
  Inlier Reward: 1140.76
  Cycle Penalty: 0.00
  Overlap Penalty: 0.00
  Edge Residual Penalty: 0.00
  Edge Rot Residual Penalty: 0.00
  Connectivity Reward: 0.00
  Component Penalty: 0.00
  Consensus Support Reward: 566.72
  Largest Component: 27
  Num Components: 1
  Active Pairs: 26
  OverlapDiag Sum (indexed): 0.0000 (delta_vs_fitness=0.0000)
  OverlapDiag Pairs: total=325 same_comp=325 broad_reject=273 narrow_checked=325 active=2
  OverlapDiag Active Pairs: none

  --- ACTIVE GENE MAP ---
    Gene  0 (Pair  2- 1): choice=2 (inl=32)
    Gene  2 (Pair  5- 1): choice=8 (inl=84)
    Gene  7 (Pair 10- 1): choice=2 (inl=65)
    Gene 14 (Pair 19- 1): choice=2 (inl=89)
    Gene 18 (Pair 23- 1): choice=2 (inl=38)
    Gene 19 (Pair 24- 1): choice=1 (inl=36)
    Gene 20 (Pair 26- 1): choice=1 (inl=49)
    Gene 22 (Pair  6- 2): choice=1 (inl=48)
    Gene 29 (Pair 13- 2): choice=1 (inl=46)
    Gene 32 (Pair 18- 2): choice=4 (inl=83)
    Gene 35 (Pair 25- 2): choice=2 (inl=26)
    Gene 39 (Pair  5- 3): choice=1 (inl=68)
    Gene 49 (Pair 16- 3): choice=1 (inl=64)
    Gene 50 (Pair 17- 3): choice=1 (inl=79)
    Gene 60 (Pair  8- 4): choice=3 (inl=44)
    Gene 61 (Pair 11- 4): choice=1 (inl=57)
    Gene 65 (Pair 17- 4): choice=1 (inl=66)
    Gene 67 (Pair 20- 4): choice=1 (inl=53)
    Gene 86 (Pair 22- 5): choice=4 (inl=51)
    Gene 109 (Pair 11- 7): choice=1 (inl=107)
    Gene 112 (Pair 14- 7): choice=2 (inl=92)
    Gene 151 (Pair 24- 9): choice=1 (inl=51)
    Gene 160 (Pair 21-10): choice=1 (inl=70)
    Gene 176 (Pair 15-12): choice=3 (inl=38)
    Gene 203 (Pair 18-15): choice=1 (inl=58)
    Gene 214 (Pair 27-17): choice=1 (inl=30)

  --- SHARD 4 CANDIDATE ANALYSIS ---
    Pair (4-2): Selected=0 / 2 choices
      Choice 1: inliners=26
      Choice 2: inliners=2
    Pair (4-3): Selected=0 / 5 choices
      Choice 1: inliners=38
      Choice 2: inliners=46
      Choice 3: inliners=14
      Choice 4: inliners=32
      Choice 5: inliners=68
    Pair (5-4): Selected=0 / 2 choices
      Choice 1: inliners=48
      Choice 2: inliners=12
    Pair (6-4): Selected=0 / 2 choices
      Choice 1: inliners=24
      Choice 2: inliners=6
    Pair (7-4): Selected=0 / 2 choices
      Choice 1: inliners=36
      Choice 2: inliners=30
    Pair (8-4): Selected=3 / 4 choices
      Choice 1: inliners=28
      Choice 2: inliners=22
      Choice 3: inliners=44 [SELECTED]
      Choice 4: inliners=0
    Pair (11-4): Selected=1 / 1 choices
      Choice 1: inliners=57 [SELECTED]
    Pair (13-4): Selected=0 / 1 choices
      Choice 1: inliners=14
    Pair (14-4): Selected=0 / 2 choices
      Choice 1: inliners=48
      Choice 2: inliners=16
    Pair (16-4): Selected=0 / 1 choices
      Choice 1: inliners=32
    Pair (17-4): Selected=1 / 1 choices
      Choice 1: inliners=66 [SELECTED]
    Pair (19-4): Selected=0 / 4 choices
      Choice 1: inliners=32
      Choice 2: inliners=44
      Choice 3: inliners=26
      Choice 4: inliners=40
    Pair (20-4): Selected=1 / 1 choices
      Choice 1: inliners=53 [SELECTED]
    Pair (21-4): Selected=0 / 3 choices
      Choice 1: inliners=22
      Choice 2: inliners=16
      Choice 3: inliners=32
    Pair (22-4): Selected=0 / 1 choices
      Choice 1: inliners=38
    Pair (27-4): Selected=0 / 1 choices
      Choice 1: inliners=39


--- GENERATION 430 BEST BREAKDOWN ---
  Total Fitness: 1707.48
  Inlier Reward: 1140.76
  Cycle Penalty: 0.00
  Overlap Penalty: 0.00
  Edge Residual Penalty: 0.00
  Edge Rot Residual Penalty: 0.00
  Connectivity Reward: 0.00
  Component Penalty: 0.00
  Consensus Support Reward: 566.72
  Largest Component: 27
  Num Components: 1
  Active Pairs: 26
  OverlapDiag Sum (indexed): 0.0000 (delta_vs_fitness=0.0000)
  OverlapDiag Pairs: total=325 same_comp=325 broad_reject=273 narrow_checked=325 active=2
  OverlapDiag Active Pairs: none

  --- ACTIVE GENE MAP ---
    Gene  0 (Pair  2- 1): choice=2 (inl=32)
    Gene  2 (Pair  5- 1): choice=8 (inl=84)
    Gene  7 (Pair 10- 1): choice=2 (inl=65)
    Gene 14 (Pair 19- 1): choice=2 (inl=89)
    Gene 18 (Pair 23- 1): choice=2 (inl=38)
    Gene 19 (Pair 24- 1): choice=1 (inl=36)
    Gene 20 (Pair 26- 1): choice=1 (inl=49)
    Gene 22 (Pair  6- 2): choice=1 (inl=48)
    Gene 29 (Pair 13- 2): choice=1 (inl=46)
    Gene 32 (Pair 18- 2): choice=4 (inl=83)
    Gene 35 (Pair 25- 2): choice=2 (inl=26)
    Gene 39 (Pair  5- 3): choice=1 (inl=68)
    Gene 49 (Pair 16- 3): choice=1 (inl=64)
    Gene 50 (Pair 17- 3): choice=1 (inl=79)
    Gene 60 (Pair  8- 4): choice=3 (inl=44)
    Gene 61 (Pair 11- 4): choice=1 (inl=57)
    Gene 65 (Pair 17- 4): choice=1 (inl=66)
    Gene 67 (Pair 20- 4): choice=1 (inl=53)
    Gene 86 (Pair 22- 5): choice=4 (inl=51)
    Gene 109 (Pair 11- 7): choice=1 (inl=107)
    Gene 112 (Pair 14- 7): choice=2 (inl=92)
    Gene 151 (Pair 24- 9): choice=1 (inl=51)
    Gene 160 (Pair 21-10): choice=1 (inl=70)
    Gene 176 (Pair 15-12): choice=3 (inl=38)
    Gene 203 (Pair 18-15): choice=1 (inl=58)
    Gene 214 (Pair 27-17): choice=1 (inl=30)

  --- SHARD 4 CANDIDATE ANALYSIS ---
    Pair (4-2): Selected=0 / 2 choices
      Choice 1: inliners=26
      Choice 2: inliners=2
    Pair (4-3): Selected=0 / 5 choices
      Choice 1: inliners=38
      Choice 2: inliners=46
      Choice 3: inliners=14
      Choice 4: inliners=32
      Choice 5: inliners=68
    Pair (5-4): Selected=0 / 2 choices
      Choice 1: inliners=48
      Choice 2: inliners=12
    Pair (6-4): Selected=0 / 2 choices
      Choice 1: inliners=24
      Choice 2: inliners=6
    Pair (7-4): Selected=0 / 2 choices
      Choice 1: inliners=36
      Choice 2: inliners=30
    Pair (8-4): Selected=3 / 4 choices
      Choice 1: inliners=28
      Choice 2: inliners=22
      Choice 3: inliners=44 [SELECTED]
      Choice 4: inliners=0
    Pair (11-4): Selected=1 / 1 choices
      Choice 1: inliners=57 [SELECTED]
    Pair (13-4): Selected=0 / 1 choices
      Choice 1: inliners=14
    Pair (14-4): Selected=0 / 2 choices
      Choice 1: inliners=48
      Choice 2: inliners=16
    Pair (16-4): Selected=0 / 1 choices
      Choice 1: inliners=32
    Pair (17-4): Selected=1 / 1 choices
      Choice 1: inliners=66 [SELECTED]
    Pair (19-4): Selected=0 / 4 choices
      Choice 1: inliners=32
      Choice 2: inliners=44
      Choice 3: inliners=26
      Choice 4: inliners=40
    Pair (20-4): Selected=1 / 1 choices
      Choice 1: inliners=53 [SELECTED]
    Pair (21-4): Selected=0 / 3 choices
      Choice 1: inliners=22
      Choice 2: inliners=16
      Choice 3: inliners=32
    Pair (22-4): Selected=0 / 1 choices
      Choice 1: inliners=38
    Pair (27-4): Selected=0 / 1 choices
      Choice 1: inliners=39


--- GENERATION 440 BEST BREAKDOWN ---
  Total Fitness: 1707.48
  Inlier Reward: 1140.76
  Cycle Penalty: 0.00
  Overlap Penalty: 0.00
  Edge Residual Penalty: 0.00
  Edge Rot Residual Penalty: 0.00
  Connectivity Reward: 0.00
  Component Penalty: 0.00
  Consensus Support Reward: 566.72
  Largest Component: 27
  Num Components: 1
  Active Pairs: 26
  OverlapDiag Sum (indexed): 0.0000 (delta_vs_fitness=0.0000)
  OverlapDiag Pairs: total=325 same_comp=325 broad_reject=273 narrow_checked=325 active=2
  OverlapDiag Active Pairs: none

  --- ACTIVE GENE MAP ---
    Gene  0 (Pair  2- 1): choice=2 (inl=32)
    Gene  2 (Pair  5- 1): choice=8 (inl=84)
    Gene  7 (Pair 10- 1): choice=2 (inl=65)
    Gene 14 (Pair 19- 1): choice=2 (inl=89)
    Gene 18 (Pair 23- 1): choice=2 (inl=38)
    Gene 19 (Pair 24- 1): choice=1 (inl=36)
    Gene 20 (Pair 26- 1): choice=1 (inl=49)
    Gene 22 (Pair  6- 2): choice=1 (inl=48)
    Gene 29 (Pair 13- 2): choice=1 (inl=46)
    Gene 32 (Pair 18- 2): choice=4 (inl=83)
    Gene 35 (Pair 25- 2): choice=2 (inl=26)
    Gene 39 (Pair  5- 3): choice=1 (inl=68)
    Gene 49 (Pair 16- 3): choice=1 (inl=64)
    Gene 50 (Pair 17- 3): choice=1 (inl=79)
    Gene 60 (Pair  8- 4): choice=3 (inl=44)
    Gene 61 (Pair 11- 4): choice=1 (inl=57)
    Gene 65 (Pair 17- 4): choice=1 (inl=66)
    Gene 67 (Pair 20- 4): choice=1 (inl=53)
    Gene 86 (Pair 22- 5): choice=4 (inl=51)
    Gene 109 (Pair 11- 7): choice=1 (inl=107)
    Gene 112 (Pair 14- 7): choice=2 (inl=92)
    Gene 151 (Pair 24- 9): choice=1 (inl=51)
    Gene 160 (Pair 21-10): choice=1 (inl=70)
    Gene 176 (Pair 15-12): choice=3 (inl=38)
    Gene 203 (Pair 18-15): choice=1 (inl=58)
    Gene 214 (Pair 27-17): choice=1 (inl=30)

  --- SHARD 4 CANDIDATE ANALYSIS ---
    Pair (4-2): Selected=0 / 2 choices
      Choice 1: inliners=26
      Choice 2: inliners=2
    Pair (4-3): Selected=0 / 5 choices
      Choice 1: inliners=38
      Choice 2: inliners=46
      Choice 3: inliners=14
      Choice 4: inliners=32
      Choice 5: inliners=68
    Pair (5-4): Selected=0 / 2 choices
      Choice 1: inliners=48
      Choice 2: inliners=12
    Pair (6-4): Selected=0 / 2 choices
      Choice 1: inliners=24
      Choice 2: inliners=6
    Pair (7-4): Selected=0 / 2 choices
      Choice 1: inliners=36
      Choice 2: inliners=30
    Pair (8-4): Selected=3 / 4 choices
      Choice 1: inliners=28
      Choice 2: inliners=22
      Choice 3: inliners=44 [SELECTED]
      Choice 4: inliners=0
    Pair (11-4): Selected=1 / 1 choices
      Choice 1: inliners=57 [SELECTED]
    Pair (13-4): Selected=0 / 1 choices
      Choice 1: inliners=14
    Pair (14-4): Selected=0 / 2 choices
      Choice 1: inliners=48
      Choice 2: inliners=16
    Pair (16-4): Selected=0 / 1 choices
      Choice 1: inliners=32
    Pair (17-4): Selected=1 / 1 choices
      Choice 1: inliners=66 [SELECTED]
    Pair (19-4): Selected=0 / 4 choices
      Choice 1: inliners=32
      Choice 2: inliners=44
      Choice 3: inliners=26
      Choice 4: inliners=40
    Pair (20-4): Selected=1 / 1 choices
      Choice 1: inliners=53 [SELECTED]
    Pair (21-4): Selected=0 / 3 choices
      Choice 1: inliners=22
      Choice 2: inliners=16
      Choice 3: inliners=32
    Pair (22-4): Selected=0 / 1 choices
      Choice 1: inliners=38
    Pair (27-4): Selected=0 / 1 choices
      Choice 1: inliners=39


--- GENERATION 450 BEST BREAKDOWN ---
  Total Fitness: 1707.48
  Inlier Reward: 1140.76
  Cycle Penalty: 0.00
  Overlap Penalty: 0.00
  Edge Residual Penalty: 0.00
  Edge Rot Residual Penalty: 0.00
  Connectivity Reward: 0.00
  Component Penalty: 0.00
  Consensus Support Reward: 566.72
  Largest Component: 27
  Num Components: 1
  Active Pairs: 26
  OverlapDiag Sum (indexed): 0.0000 (delta_vs_fitness=0.0000)
  OverlapDiag Pairs: total=325 same_comp=325 broad_reject=273 narrow_checked=325 active=2
  OverlapDiag Active Pairs: none

  --- ACTIVE GENE MAP ---
    Gene  0 (Pair  2- 1): choice=2 (inl=32)
    Gene  2 (Pair  5- 1): choice=8 (inl=84)
    Gene  7 (Pair 10- 1): choice=2 (inl=65)
    Gene 14 (Pair 19- 1): choice=2 (inl=89)
    Gene 18 (Pair 23- 1): choice=2 (inl=38)
    Gene 19 (Pair 24- 1): choice=1 (inl=36)
    Gene 20 (Pair 26- 1): choice=1 (inl=49)
    Gene 22 (Pair  6- 2): choice=1 (inl=48)
    Gene 29 (Pair 13- 2): choice=1 (inl=46)
    Gene 32 (Pair 18- 2): choice=4 (inl=83)
    Gene 35 (Pair 25- 2): choice=2 (inl=26)
    Gene 39 (Pair  5- 3): choice=1 (inl=68)
    Gene 49 (Pair 16- 3): choice=1 (inl=64)
    Gene 50 (Pair 17- 3): choice=1 (inl=79)
    Gene 60 (Pair  8- 4): choice=3 (inl=44)
    Gene 61 (Pair 11- 4): choice=1 (inl=57)
    Gene 65 (Pair 17- 4): choice=1 (inl=66)
    Gene 67 (Pair 20- 4): choice=1 (inl=53)
    Gene 86 (Pair 22- 5): choice=4 (inl=51)
    Gene 109 (Pair 11- 7): choice=1 (inl=107)
    Gene 112 (Pair 14- 7): choice=2 (inl=92)
    Gene 151 (Pair 24- 9): choice=1 (inl=51)
    Gene 160 (Pair 21-10): choice=1 (inl=70)
    Gene 176 (Pair 15-12): choice=3 (inl=38)
    Gene 203 (Pair 18-15): choice=1 (inl=58)
    Gene 214 (Pair 27-17): choice=1 (inl=30)

  --- SHARD 4 CANDIDATE ANALYSIS ---
    Pair (4-2): Selected=0 / 2 choices
      Choice 1: inliners=26
      Choice 2: inliners=2
    Pair (4-3): Selected=0 / 5 choices
      Choice 1: inliners=38
      Choice 2: inliners=46
      Choice 3: inliners=14
      Choice 4: inliners=32
      Choice 5: inliners=68
    Pair (5-4): Selected=0 / 2 choices
      Choice 1: inliners=48
      Choice 2: inliners=12
    Pair (6-4): Selected=0 / 2 choices
      Choice 1: inliners=24
      Choice 2: inliners=6
    Pair (7-4): Selected=0 / 2 choices
      Choice 1: inliners=36
      Choice 2: inliners=30
    Pair (8-4): Selected=3 / 4 choices
      Choice 1: inliners=28
      Choice 2: inliners=22
      Choice 3: inliners=44 [SELECTED]
      Choice 4: inliners=0
    Pair (11-4): Selected=1 / 1 choices
      Choice 1: inliners=57 [SELECTED]
    Pair (13-4): Selected=0 / 1 choices
      Choice 1: inliners=14
    Pair (14-4): Selected=0 / 2 choices
      Choice 1: inliners=48
      Choice 2: inliners=16
    Pair (16-4): Selected=0 / 1 choices
      Choice 1: inliners=32
    Pair (17-4): Selected=1 / 1 choices
      Choice 1: inliners=66 [SELECTED]
    Pair (19-4): Selected=0 / 4 choices
      Choice 1: inliners=32
      Choice 2: inliners=44
      Choice 3: inliners=26
      Choice 4: inliners=40
    Pair (20-4): Selected=1 / 1 choices
      Choice 1: inliners=53 [SELECTED]
    Pair (21-4): Selected=0 / 3 choices
      Choice 1: inliners=22
      Choice 2: inliners=16
      Choice 3: inliners=32
    Pair (22-4): Selected=0 / 1 choices
      Choice 1: inliners=38
    Pair (27-4): Selected=0 / 1 choices
      Choice 1: inliners=39


--- GENERATION 460 BEST BREAKDOWN ---
  Total Fitness: 1707.48
  Inlier Reward: 1140.76
  Cycle Penalty: 0.00
  Overlap Penalty: 0.00
  Edge Residual Penalty: 0.00
  Edge Rot Residual Penalty: 0.00
  Connectivity Reward: 0.00
  Component Penalty: 0.00
  Consensus Support Reward: 566.72
  Largest Component: 27
  Num Components: 1
  Active Pairs: 26
  OverlapDiag Sum (indexed): 0.0000 (delta_vs_fitness=0.0000)
  OverlapDiag Pairs: total=325 same_comp=325 broad_reject=273 narrow_checked=325 active=2
  OverlapDiag Active Pairs: none

  --- ACTIVE GENE MAP ---
    Gene  0 (Pair  2- 1): choice=2 (inl=32)
    Gene  2 (Pair  5- 1): choice=8 (inl=84)
    Gene  7 (Pair 10- 1): choice=2 (inl=65)
    Gene 14 (Pair 19- 1): choice=2 (inl=89)
    Gene 18 (Pair 23- 1): choice=2 (inl=38)
    Gene 19 (Pair 24- 1): choice=1 (inl=36)
    Gene 20 (Pair 26- 1): choice=1 (inl=49)
    Gene 22 (Pair  6- 2): choice=1 (inl=48)
    Gene 29 (Pair 13- 2): choice=1 (inl=46)
    Gene 32 (Pair 18- 2): choice=4 (inl=83)
    Gene 35 (Pair 25- 2): choice=2 (inl=26)
    Gene 39 (Pair  5- 3): choice=1 (inl=68)
    Gene 49 (Pair 16- 3): choice=1 (inl=64)
    Gene 50 (Pair 17- 3): choice=1 (inl=79)
    Gene 60 (Pair  8- 4): choice=3 (inl=44)
    Gene 61 (Pair 11- 4): choice=1 (inl=57)
    Gene 65 (Pair 17- 4): choice=1 (inl=66)
    Gene 67 (Pair 20- 4): choice=1 (inl=53)
    Gene 86 (Pair 22- 5): choice=4 (inl=51)
    Gene 109 (Pair 11- 7): choice=1 (inl=107)
    Gene 112 (Pair 14- 7): choice=2 (inl=92)
    Gene 151 (Pair 24- 9): choice=1 (inl=51)
    Gene 160 (Pair 21-10): choice=1 (inl=70)
    Gene 176 (Pair 15-12): choice=3 (inl=38)
    Gene 203 (Pair 18-15): choice=1 (inl=58)
    Gene 214 (Pair 27-17): choice=1 (inl=30)

  --- SHARD 4 CANDIDATE ANALYSIS ---
    Pair (4-2): Selected=0 / 2 choices
      Choice 1: inliners=26
      Choice 2: inliners=2
    Pair (4-3): Selected=0 / 5 choices
      Choice 1: inliners=38
      Choice 2: inliners=46
      Choice 3: inliners=14
      Choice 4: inliners=32
      Choice 5: inliners=68
    Pair (5-4): Selected=0 / 2 choices
      Choice 1: inliners=48
      Choice 2: inliners=12
    Pair (6-4): Selected=0 / 2 choices
      Choice 1: inliners=24
      Choice 2: inliners=6
    Pair (7-4): Selected=0 / 2 choices
      Choice 1: inliners=36
      Choice 2: inliners=30
    Pair (8-4): Selected=3 / 4 choices
      Choice 1: inliners=28
      Choice 2: inliners=22
      Choice 3: inliners=44 [SELECTED]
      Choice 4: inliners=0
    Pair (11-4): Selected=1 / 1 choices
      Choice 1: inliners=57 [SELECTED]
    Pair (13-4): Selected=0 / 1 choices
      Choice 1: inliners=14
    Pair (14-4): Selected=0 / 2 choices
      Choice 1: inliners=48
      Choice 2: inliners=16
    Pair (16-4): Selected=0 / 1 choices
      Choice 1: inliners=32
    Pair (17-4): Selected=1 / 1 choices
      Choice 1: inliners=66 [SELECTED]
    Pair (19-4): Selected=0 / 4 choices
      Choice 1: inliners=32
      Choice 2: inliners=44
      Choice 3: inliners=26
      Choice 4: inliners=40
    Pair (20-4): Selected=1 / 1 choices
      Choice 1: inliners=53 [SELECTED]
    Pair (21-4): Selected=0 / 3 choices
      Choice 1: inliners=22
      Choice 2: inliners=16
      Choice 3: inliners=32
    Pair (22-4): Selected=0 / 1 choices
      Choice 1: inliners=38
    Pair (27-4): Selected=0 / 1 choices
      Choice 1: inliners=39


--- GENERATION 470 BEST BREAKDOWN ---
  Total Fitness: 1774.44
  Inlier Reward: 1093.10
  Cycle Penalty: 0.00
  Overlap Penalty: 0.00
  Edge Residual Penalty: 0.00
  Edge Rot Residual Penalty: 0.00
  Connectivity Reward: 0.00
  Component Penalty: 0.00
  Consensus Support Reward: 681.35
  Largest Component: 27
  Num Components: 1
  Active Pairs: 26
  OverlapDiag Sum (indexed): 0.0000 (delta_vs_fitness=0.0000)
  OverlapDiag Pairs: total=325 same_comp=325 broad_reject=265 narrow_checked=325 active=3
  OverlapDiag Active Pairs: none

  --- ACTIVE GENE MAP ---
    Gene  0 (Pair  2- 1): choice=2 (inl=32)
    Gene  2 (Pair  5- 1): choice=8 (inl=84)
    Gene  7 (Pair 10- 1): choice=2 (inl=65)
    Gene 14 (Pair 19- 1): choice=2 (inl=89)
    Gene 18 (Pair 23- 1): choice=2 (inl=38)
    Gene 19 (Pair 24- 1): choice=1 (inl=36)
    Gene 20 (Pair 26- 1): choice=1 (inl=49)
    Gene 22 (Pair  6- 2): choice=1 (inl=48)
    Gene 29 (Pair 13- 2): choice=1 (inl=46)
    Gene 32 (Pair 18- 2): choice=4 (inl=83)
    Gene 35 (Pair 25- 2): choice=2 (inl=26)
    Gene 42 (Pair  8- 3): choice=1 (inl=52)
    Gene 46 (Pair 12- 3): choice=1 (inl=48)
    Gene 47 (Pair 14- 3): choice=3 (inl=55)
    Gene 49 (Pair 16- 3): choice=1 (inl=64)
    Gene 50 (Pair 17- 3): choice=1 (inl=79)
    Gene 61 (Pair 11- 4): choice=1 (inl=57)
    Gene 65 (Pair 17- 4): choice=1 (inl=66)
    Gene 67 (Pair 20- 4): choice=1 (inl=53)
    Gene 86 (Pair 22- 5): choice=4 (inl=51)
    Gene 106 (Pair  8- 7): choice=3 (inl=98)
    Gene 151 (Pair 24- 9): choice=1 (inl=51)
    Gene 160 (Pair 21-10): choice=1 (inl=70)
    Gene 176 (Pair 15-12): choice=3 (inl=38)
    Gene 203 (Pair 18-15): choice=1 (inl=58)
    Gene 214 (Pair 27-17): choice=1 (inl=30)

  --- SHARD 4 CANDIDATE ANALYSIS ---
    Pair (4-2): Selected=0 / 2 choices
      Choice 1: inliners=26
      Choice 2: inliners=2
    Pair (4-3): Selected=0 / 5 choices
      Choice 1: inliners=38
      Choice 2: inliners=46
      Choice 3: inliners=14
      Choice 4: inliners=32
      Choice 5: inliners=68
    Pair (5-4): Selected=0 / 2 choices
      Choice 1: inliners=48
      Choice 2: inliners=12
    Pair (6-4): Selected=0 / 2 choices
      Choice 1: inliners=24
      Choice 2: inliners=6
    Pair (7-4): Selected=0 / 2 choices
      Choice 1: inliners=36
      Choice 2: inliners=30
    Pair (8-4): Selected=0 / 4 choices
      Choice 1: inliners=28
      Choice 2: inliners=22
      Choice 3: inliners=44
      Choice 4: inliners=0
    Pair (11-4): Selected=1 / 1 choices
      Choice 1: inliners=57 [SELECTED]
    Pair (13-4): Selected=0 / 1 choices
      Choice 1: inliners=14
    Pair (14-4): Selected=0 / 2 choices
      Choice 1: inliners=48
      Choice 2: inliners=16
    Pair (16-4): Selected=0 / 1 choices
      Choice 1: inliners=32
    Pair (17-4): Selected=1 / 1 choices
      Choice 1: inliners=66 [SELECTED]
    Pair (19-4): Selected=0 / 4 choices
      Choice 1: inliners=32
      Choice 2: inliners=44
      Choice 3: inliners=26
      Choice 4: inliners=40
    Pair (20-4): Selected=1 / 1 choices
      Choice 1: inliners=53 [SELECTED]
    Pair (21-4): Selected=0 / 3 choices
      Choice 1: inliners=22
      Choice 2: inliners=16
      Choice 3: inliners=32
    Pair (22-4): Selected=0 / 1 choices
      Choice 1: inliners=38
    Pair (27-4): Selected=0 / 1 choices
      Choice 1: inliners=39


--- GENERATION 480 BEST BREAKDOWN ---
  Total Fitness: 1774.44
  Inlier Reward: 1093.10
  Cycle Penalty: 0.00
  Overlap Penalty: 0.00
  Edge Residual Penalty: 0.00
  Edge Rot Residual Penalty: 0.00
  Connectivity Reward: 0.00
  Component Penalty: 0.00
  Consensus Support Reward: 681.35
  Largest Component: 27
  Num Components: 1
  Active Pairs: 26
  OverlapDiag Sum (indexed): 0.0000 (delta_vs_fitness=0.0000)
  OverlapDiag Pairs: total=325 same_comp=325 broad_reject=265 narrow_checked=325 active=3
  OverlapDiag Active Pairs: none

  --- ACTIVE GENE MAP ---
    Gene  0 (Pair  2- 1): choice=2 (inl=32)
    Gene  2 (Pair  5- 1): choice=8 (inl=84)
    Gene  7 (Pair 10- 1): choice=2 (inl=65)
    Gene 14 (Pair 19- 1): choice=2 (inl=89)
    Gene 18 (Pair 23- 1): choice=2 (inl=38)
    Gene 19 (Pair 24- 1): choice=1 (inl=36)
    Gene 20 (Pair 26- 1): choice=1 (inl=49)
    Gene 22 (Pair  6- 2): choice=1 (inl=48)
    Gene 29 (Pair 13- 2): choice=1 (inl=46)
    Gene 32 (Pair 18- 2): choice=4 (inl=83)
    Gene 35 (Pair 25- 2): choice=2 (inl=26)
    Gene 42 (Pair  8- 3): choice=1 (inl=52)
    Gene 46 (Pair 12- 3): choice=1 (inl=48)
    Gene 47 (Pair 14- 3): choice=3 (inl=55)
    Gene 49 (Pair 16- 3): choice=1 (inl=64)
    Gene 50 (Pair 17- 3): choice=1 (inl=79)
    Gene 61 (Pair 11- 4): choice=1 (inl=57)
    Gene 65 (Pair 17- 4): choice=1 (inl=66)
    Gene 67 (Pair 20- 4): choice=1 (inl=53)
    Gene 86 (Pair 22- 5): choice=4 (inl=51)
    Gene 106 (Pair  8- 7): choice=3 (inl=98)
    Gene 151 (Pair 24- 9): choice=1 (inl=51)
    Gene 160 (Pair 21-10): choice=1 (inl=70)
    Gene 176 (Pair 15-12): choice=3 (inl=38)
    Gene 203 (Pair 18-15): choice=1 (inl=58)
    Gene 214 (Pair 27-17): choice=1 (inl=30)

  --- SHARD 4 CANDIDATE ANALYSIS ---
    Pair (4-2): Selected=0 / 2 choices
      Choice 1: inliners=26
      Choice 2: inliners=2
    Pair (4-3): Selected=0 / 5 choices
      Choice 1: inliners=38
      Choice 2: inliners=46
      Choice 3: inliners=14
      Choice 4: inliners=32
      Choice 5: inliners=68
    Pair (5-4): Selected=0 / 2 choices
      Choice 1: inliners=48
      Choice 2: inliners=12
    Pair (6-4): Selected=0 / 2 choices
      Choice 1: inliners=24
      Choice 2: inliners=6
    Pair (7-4): Selected=0 / 2 choices
      Choice 1: inliners=36
      Choice 2: inliners=30
    Pair (8-4): Selected=0 / 4 choices
      Choice 1: inliners=28
      Choice 2: inliners=22
      Choice 3: inliners=44
      Choice 4: inliners=0
    Pair (11-4): Selected=1 / 1 choices
      Choice 1: inliners=57 [SELECTED]
    Pair (13-4): Selected=0 / 1 choices
      Choice 1: inliners=14
    Pair (14-4): Selected=0 / 2 choices
      Choice 1: inliners=48
      Choice 2: inliners=16
    Pair (16-4): Selected=0 / 1 choices
      Choice 1: inliners=32
    Pair (17-4): Selected=1 / 1 choices
      Choice 1: inliners=66 [SELECTED]
    Pair (19-4): Selected=0 / 4 choices
      Choice 1: inliners=32
      Choice 2: inliners=44
      Choice 3: inliners=26
      Choice 4: inliners=40
    Pair (20-4): Selected=1 / 1 choices
      Choice 1: inliners=53 [SELECTED]
    Pair (21-4): Selected=0 / 3 choices
      Choice 1: inliners=22
      Choice 2: inliners=16
      Choice 3: inliners=32
    Pair (22-4): Selected=0 / 1 choices
      Choice 1: inliners=38
    Pair (27-4): Selected=0 / 1 choices
      Choice 1: inliners=39


--- GENERATION 490 BEST BREAKDOWN ---
  Total Fitness: 1774.44
  Inlier Reward: 1093.10
  Cycle Penalty: 0.00
  Overlap Penalty: 0.00
  Edge Residual Penalty: 0.00
  Edge Rot Residual Penalty: 0.00
  Connectivity Reward: 0.00
  Component Penalty: 0.00
  Consensus Support Reward: 681.35
  Largest Component: 27
  Num Components: 1
  Active Pairs: 26
  OverlapDiag Sum (indexed): 0.0000 (delta_vs_fitness=0.0000)
  OverlapDiag Pairs: total=325 same_comp=325 broad_reject=265 narrow_checked=325 active=3
  OverlapDiag Active Pairs: none

  --- ACTIVE GENE MAP ---
    Gene  0 (Pair  2- 1): choice=2 (inl=32)
    Gene  2 (Pair  5- 1): choice=8 (inl=84)
    Gene  7 (Pair 10- 1): choice=2 (inl=65)
    Gene 14 (Pair 19- 1): choice=2 (inl=89)
    Gene 18 (Pair 23- 1): choice=2 (inl=38)
    Gene 19 (Pair 24- 1): choice=1 (inl=36)
    Gene 20 (Pair 26- 1): choice=1 (inl=49)
    Gene 22 (Pair  6- 2): choice=1 (inl=48)
    Gene 29 (Pair 13- 2): choice=1 (inl=46)
    Gene 32 (Pair 18- 2): choice=4 (inl=83)
    Gene 35 (Pair 25- 2): choice=2 (inl=26)
    Gene 42 (Pair  8- 3): choice=1 (inl=52)
    Gene 46 (Pair 12- 3): choice=1 (inl=48)
    Gene 47 (Pair 14- 3): choice=3 (inl=55)
    Gene 49 (Pair 16- 3): choice=1 (inl=64)
    Gene 50 (Pair 17- 3): choice=1 (inl=79)
    Gene 61 (Pair 11- 4): choice=1 (inl=57)
    Gene 65 (Pair 17- 4): choice=1 (inl=66)
    Gene 67 (Pair 20- 4): choice=1 (inl=53)
    Gene 86 (Pair 22- 5): choice=4 (inl=51)
    Gene 106 (Pair  8- 7): choice=3 (inl=98)
    Gene 151 (Pair 24- 9): choice=1 (inl=51)
    Gene 160 (Pair 21-10): choice=1 (inl=70)
    Gene 176 (Pair 15-12): choice=3 (inl=38)
    Gene 203 (Pair 18-15): choice=1 (inl=58)
    Gene 214 (Pair 27-17): choice=1 (inl=30)

  --- SHARD 4 CANDIDATE ANALYSIS ---
    Pair (4-2): Selected=0 / 2 choices
      Choice 1: inliners=26
      Choice 2: inliners=2
    Pair (4-3): Selected=0 / 5 choices
      Choice 1: inliners=38
      Choice 2: inliners=46
      Choice 3: inliners=14
      Choice 4: inliners=32
      Choice 5: inliners=68
    Pair (5-4): Selected=0 / 2 choices
      Choice 1: inliners=48
      Choice 2: inliners=12
    Pair (6-4): Selected=0 / 2 choices
      Choice 1: inliners=24
      Choice 2: inliners=6
    Pair (7-4): Selected=0 / 2 choices
      Choice 1: inliners=36
      Choice 2: inliners=30
    Pair (8-4): Selected=0 / 4 choices
      Choice 1: inliners=28
      Choice 2: inliners=22
      Choice 3: inliners=44
      Choice 4: inliners=0
    Pair (11-4): Selected=1 / 1 choices
      Choice 1: inliners=57 [SELECTED]
    Pair (13-4): Selected=0 / 1 choices
      Choice 1: inliners=14
    Pair (14-4): Selected=0 / 2 choices
      Choice 1: inliners=48
      Choice 2: inliners=16
    Pair (16-4): Selected=0 / 1 choices
      Choice 1: inliners=32
    Pair (17-4): Selected=1 / 1 choices
      Choice 1: inliners=66 [SELECTED]
    Pair (19-4): Selected=0 / 4 choices
      Choice 1: inliners=32
      Choice 2: inliners=44
      Choice 3: inliners=26
      Choice 4: inliners=40
    Pair (20-4): Selected=1 / 1 choices
      Choice 1: inliners=53 [SELECTED]
    Pair (21-4): Selected=0 / 3 choices
      Choice 1: inliners=22
      Choice 2: inliners=16
      Choice 3: inliners=32
    Pair (22-4): Selected=0 / 1 choices
      Choice 1: inliners=38
    Pair (27-4): Selected=0 / 1 choices
      Choice 1: inliners=39


--- GENERATION 500 BEST BREAKDOWN ---
  Total Fitness: 1774.44
  Inlier Reward: 1093.10
  Cycle Penalty: 0.00
  Overlap Penalty: 0.00
  Edge Residual Penalty: 0.00
  Edge Rot Residual Penalty: 0.00
  Connectivity Reward: 0.00
  Component Penalty: 0.00
  Consensus Support Reward: 681.35
  Largest Component: 27
  Num Components: 1
  Active Pairs: 26
  OverlapDiag Sum (indexed): 0.0000 (delta_vs_fitness=0.0000)
  OverlapDiag Pairs: total=325 same_comp=325 broad_reject=265 narrow_checked=325 active=3
  OverlapDiag Active Pairs: none

  --- ACTIVE GENE MAP ---
    Gene  0 (Pair  2- 1): choice=2 (inl=32)
    Gene  2 (Pair  5- 1): choice=8 (inl=84)
    Gene  7 (Pair 10- 1): choice=2 (inl=65)
    Gene 14 (Pair 19- 1): choice=2 (inl=89)
    Gene 18 (Pair 23- 1): choice=2 (inl=38)
    Gene 19 (Pair 24- 1): choice=1 (inl=36)
    Gene 20 (Pair 26- 1): choice=1 (inl=49)
    Gene 22 (Pair  6- 2): choice=1 (inl=48)
    Gene 29 (Pair 13- 2): choice=1 (inl=46)
    Gene 32 (Pair 18- 2): choice=4 (inl=83)
    Gene 35 (Pair 25- 2): choice=2 (inl=26)
    Gene 42 (Pair  8- 3): choice=1 (inl=52)
    Gene 46 (Pair 12- 3): choice=1 (inl=48)
    Gene 47 (Pair 14- 3): choice=3 (inl=55)
    Gene 49 (Pair 16- 3): choice=1 (inl=64)
    Gene 50 (Pair 17- 3): choice=1 (inl=79)
    Gene 61 (Pair 11- 4): choice=1 (inl=57)
    Gene 65 (Pair 17- 4): choice=1 (inl=66)
    Gene 67 (Pair 20- 4): choice=1 (inl=53)
    Gene 86 (Pair 22- 5): choice=4 (inl=51)
    Gene 106 (Pair  8- 7): choice=3 (inl=98)
    Gene 151 (Pair 24- 9): choice=1 (inl=51)
    Gene 160 (Pair 21-10): choice=1 (inl=70)
    Gene 176 (Pair 15-12): choice=3 (inl=38)
    Gene 203 (Pair 18-15): choice=1 (inl=58)
    Gene 214 (Pair 27-17): choice=1 (inl=30)

  --- SHARD 4 CANDIDATE ANALYSIS ---
    Pair (4-2): Selected=0 / 2 choices
      Choice 1: inliners=26
      Choice 2: inliners=2
    Pair (4-3): Selected=0 / 5 choices
      Choice 1: inliners=38
      Choice 2: inliners=46
      Choice 3: inliners=14
      Choice 4: inliners=32
      Choice 5: inliners=68
    Pair (5-4): Selected=0 / 2 choices
      Choice 1: inliners=48
      Choice 2: inliners=12
    Pair (6-4): Selected=0 / 2 choices
      Choice 1: inliners=24
      Choice 2: inliners=6
    Pair (7-4): Selected=0 / 2 choices
      Choice 1: inliners=36
      Choice 2: inliners=30
    Pair (8-4): Selected=0 / 4 choices
      Choice 1: inliners=28
      Choice 2: inliners=22
      Choice 3: inliners=44
      Choice 4: inliners=0
    Pair (11-4): Selected=1 / 1 choices
      Choice 1: inliners=57 [SELECTED]
    Pair (13-4): Selected=0 / 1 choices
      Choice 1: inliners=14
    Pair (14-4): Selected=0 / 2 choices
      Choice 1: inliners=48
      Choice 2: inliners=16
    Pair (16-4): Selected=0 / 1 choices
      Choice 1: inliners=32
    Pair (17-4): Selected=1 / 1 choices
      Choice 1: inliners=66 [SELECTED]
    Pair (19-4): Selected=0 / 4 choices
      Choice 1: inliners=32
      Choice 2: inliners=44
      Choice 3: inliners=26
      Choice 4: inliners=40
    Pair (20-4): Selected=1 / 1 choices
      Choice 1: inliners=53 [SELECTED]
    Pair (21-4): Selected=0 / 3 choices
      Choice 1: inliners=22
      Choice 2: inliners=16
      Choice 3: inliners=32
    Pair (22-4): Selected=0 / 1 choices
      Choice 1: inliners=38
    Pair (27-4): Selected=0 / 1 choices
      Choice 1: inliners=39


--- GENERATION 510 BEST BREAKDOWN ---
  Total Fitness: 1774.44
  Inlier Reward: 1093.10
  Cycle Penalty: 0.00
  Overlap Penalty: 0.00
  Edge Residual Penalty: 0.00
  Edge Rot Residual Penalty: 0.00
  Connectivity Reward: 0.00
  Component Penalty: 0.00
  Consensus Support Reward: 681.35
  Largest Component: 27
  Num Components: 1
  Active Pairs: 26
  OverlapDiag Sum (indexed): 0.0000 (delta_vs_fitness=0.0000)
  OverlapDiag Pairs: total=325 same_comp=325 broad_reject=265 narrow_checked=325 active=3
  OverlapDiag Active Pairs: none

  --- ACTIVE GENE MAP ---
    Gene  0 (Pair  2- 1): choice=2 (inl=32)
    Gene  2 (Pair  5- 1): choice=8 (inl=84)
    Gene  7 (Pair 10- 1): choice=2 (inl=65)
    Gene 14 (Pair 19- 1): choice=2 (inl=89)
    Gene 18 (Pair 23- 1): choice=2 (inl=38)
    Gene 19 (Pair 24- 1): choice=1 (inl=36)
    Gene 20 (Pair 26- 1): choice=1 (inl=49)
    Gene 22 (Pair  6- 2): choice=1 (inl=48)
    Gene 29 (Pair 13- 2): choice=1 (inl=46)
    Gene 32 (Pair 18- 2): choice=4 (inl=83)
    Gene 35 (Pair 25- 2): choice=2 (inl=26)
    Gene 42 (Pair  8- 3): choice=1 (inl=52)
    Gene 46 (Pair 12- 3): choice=1 (inl=48)
    Gene 47 (Pair 14- 3): choice=3 (inl=55)
    Gene 49 (Pair 16- 3): choice=1 (inl=64)
    Gene 50 (Pair 17- 3): choice=1 (inl=79)
    Gene 61 (Pair 11- 4): choice=1 (inl=57)
    Gene 65 (Pair 17- 4): choice=1 (inl=66)
    Gene 67 (Pair 20- 4): choice=1 (inl=53)
    Gene 86 (Pair 22- 5): choice=4 (inl=51)
    Gene 106 (Pair  8- 7): choice=3 (inl=98)
    Gene 151 (Pair 24- 9): choice=1 (inl=51)
    Gene 160 (Pair 21-10): choice=1 (inl=70)
    Gene 176 (Pair 15-12): choice=3 (inl=38)
    Gene 203 (Pair 18-15): choice=1 (inl=58)
    Gene 214 (Pair 27-17): choice=1 (inl=30)

  --- SHARD 4 CANDIDATE ANALYSIS ---
    Pair (4-2): Selected=0 / 2 choices
      Choice 1: inliners=26
      Choice 2: inliners=2
    Pair (4-3): Selected=0 / 5 choices
      Choice 1: inliners=38
      Choice 2: inliners=46
      Choice 3: inliners=14
      Choice 4: inliners=32
      Choice 5: inliners=68
    Pair (5-4): Selected=0 / 2 choices
      Choice 1: inliners=48
      Choice 2: inliners=12
    Pair (6-4): Selected=0 / 2 choices
      Choice 1: inliners=24
      Choice 2: inliners=6
    Pair (7-4): Selected=0 / 2 choices
      Choice 1: inliners=36
      Choice 2: inliners=30
    Pair (8-4): Selected=0 / 4 choices
      Choice 1: inliners=28
      Choice 2: inliners=22
      Choice 3: inliners=44
      Choice 4: inliners=0
    Pair (11-4): Selected=1 / 1 choices
      Choice 1: inliners=57 [SELECTED]
    Pair (13-4): Selected=0 / 1 choices
      Choice 1: inliners=14
    Pair (14-4): Selected=0 / 2 choices
      Choice 1: inliners=48
      Choice 2: inliners=16
    Pair (16-4): Selected=0 / 1 choices
      Choice 1: inliners=32
    Pair (17-4): Selected=1 / 1 choices
      Choice 1: inliners=66 [SELECTED]
    Pair (19-4): Selected=0 / 4 choices
      Choice 1: inliners=32
      Choice 2: inliners=44
      Choice 3: inliners=26
      Choice 4: inliners=40
    Pair (20-4): Selected=1 / 1 choices
      Choice 1: inliners=53 [SELECTED]
    Pair (21-4): Selected=0 / 3 choices
      Choice 1: inliners=22
      Choice 2: inliners=16
      Choice 3: inliners=32
    Pair (22-4): Selected=0 / 1 choices
      Choice 1: inliners=38
    Pair (27-4): Selected=0 / 1 choices
      Choice 1: inliners=39


--- GENERATION 520 BEST BREAKDOWN ---
  Total Fitness: 1821.19
  Inlier Reward: 1139.85
  Cycle Penalty: 0.00
  Overlap Penalty: 0.00
  Edge Residual Penalty: 0.00
  Edge Rot Residual Penalty: 0.00
  Connectivity Reward: 0.00
  Component Penalty: 0.00
  Consensus Support Reward: 681.35
  Largest Component: 27
  Num Components: 1
  Active Pairs: 26
  OverlapDiag Sum (indexed): 0.0000 (delta_vs_fitness=0.0000)
  OverlapDiag Pairs: total=325 same_comp=325 broad_reject=260 narrow_checked=325 active=3
  OverlapDiag Active Pairs: none

  --- ACTIVE GENE MAP ---
    Gene  0 (Pair  2- 1): choice=2 (inl=32)
    Gene  2 (Pair  5- 1): choice=8 (inl=84)
    Gene  7 (Pair 10- 1): choice=2 (inl=65)
    Gene 14 (Pair 19- 1): choice=2 (inl=89)
    Gene 18 (Pair 23- 1): choice=2 (inl=38)
    Gene 19 (Pair 24- 1): choice=1 (inl=36)
    Gene 20 (Pair 26- 1): choice=1 (inl=49)
    Gene 22 (Pair  6- 2): choice=1 (inl=48)
    Gene 29 (Pair 13- 2): choice=1 (inl=46)
    Gene 32 (Pair 18- 2): choice=4 (inl=83)
    Gene 35 (Pair 25- 2): choice=2 (inl=26)
    Gene 42 (Pair  8- 3): choice=1 (inl=52)
    Gene 46 (Pair 12- 3): choice=1 (inl=48)
    Gene 47 (Pair 14- 3): choice=3 (inl=55)
    Gene 49 (Pair 16- 3): choice=1 (inl=64)
    Gene 50 (Pair 17- 3): choice=1 (inl=79)
    Gene 65 (Pair 17- 4): choice=1 (inl=66)
    Gene 86 (Pair 22- 5): choice=4 (inl=51)
    Gene 106 (Pair  8- 7): choice=3 (inl=98)
    Gene 109 (Pair 11- 7): choice=1 (inl=107)
    Gene 133 (Pair 20- 8): choice=2 (inl=55)
    Gene 151 (Pair 24- 9): choice=1 (inl=51)
    Gene 160 (Pair 21-10): choice=1 (inl=70)
    Gene 176 (Pair 15-12): choice=3 (inl=38)
    Gene 203 (Pair 18-15): choice=1 (inl=58)
    Gene 214 (Pair 27-17): choice=1 (inl=30)

  --- SHARD 4 CANDIDATE ANALYSIS ---
    Pair (4-2): Selected=0 / 2 choices
      Choice 1: inliners=26
      Choice 2: inliners=2
    Pair (4-3): Selected=0 / 5 choices
      Choice 1: inliners=38
      Choice 2: inliners=46
      Choice 3: inliners=14
      Choice 4: inliners=32
      Choice 5: inliners=68
    Pair (5-4): Selected=0 / 2 choices
      Choice 1: inliners=48
      Choice 2: inliners=12
    Pair (6-4): Selected=0 / 2 choices
      Choice 1: inliners=24
      Choice 2: inliners=6
    Pair (7-4): Selected=0 / 2 choices
      Choice 1: inliners=36
      Choice 2: inliners=30
    Pair (8-4): Selected=0 / 4 choices
      Choice 1: inliners=28
      Choice 2: inliners=22
      Choice 3: inliners=44
      Choice 4: inliners=0
    Pair (11-4): Selected=0 / 1 choices
      Choice 1: inliners=57
    Pair (13-4): Selected=0 / 1 choices
      Choice 1: inliners=14
    Pair (14-4): Selected=0 / 2 choices
      Choice 1: inliners=48
      Choice 2: inliners=16
    Pair (16-4): Selected=0 / 1 choices
      Choice 1: inliners=32
    Pair (17-4): Selected=1 / 1 choices
      Choice 1: inliners=66 [SELECTED]
    Pair (19-4): Selected=0 / 4 choices
      Choice 1: inliners=32
      Choice 2: inliners=44
      Choice 3: inliners=26
      Choice 4: inliners=40
    Pair (20-4): Selected=0 / 1 choices
      Choice 1: inliners=53
    Pair (21-4): Selected=0 / 3 choices
      Choice 1: inliners=22
      Choice 2: inliners=16
      Choice 3: inliners=32
    Pair (22-4): Selected=0 / 1 choices
      Choice 1: inliners=38
    Pair (27-4): Selected=0 / 1 choices
      Choice 1: inliners=39


--- GENERATION 530 BEST BREAKDOWN ---
  Total Fitness: 1821.19
  Inlier Reward: 1139.85
  Cycle Penalty: 0.00
  Overlap Penalty: 0.00
  Edge Residual Penalty: 0.00
  Edge Rot Residual Penalty: 0.00
  Connectivity Reward: 0.00
  Component Penalty: 0.00
  Consensus Support Reward: 681.35
  Largest Component: 27
  Num Components: 1
  Active Pairs: 26
  OverlapDiag Sum (indexed): 0.0000 (delta_vs_fitness=0.0000)
  OverlapDiag Pairs: total=325 same_comp=325 broad_reject=260 narrow_checked=325 active=3
  OverlapDiag Active Pairs: none

  --- ACTIVE GENE MAP ---
    Gene  0 (Pair  2- 1): choice=2 (inl=32)
    Gene  2 (Pair  5- 1): choice=8 (inl=84)
    Gene  7 (Pair 10- 1): choice=2 (inl=65)
    Gene 14 (Pair 19- 1): choice=2 (inl=89)
    Gene 18 (Pair 23- 1): choice=2 (inl=38)
    Gene 19 (Pair 24- 1): choice=1 (inl=36)
    Gene 20 (Pair 26- 1): choice=1 (inl=49)
    Gene 22 (Pair  6- 2): choice=1 (inl=48)
    Gene 29 (Pair 13- 2): choice=1 (inl=46)
    Gene 32 (Pair 18- 2): choice=4 (inl=83)
    Gene 35 (Pair 25- 2): choice=2 (inl=26)
    Gene 42 (Pair  8- 3): choice=1 (inl=52)
    Gene 46 (Pair 12- 3): choice=1 (inl=48)
    Gene 47 (Pair 14- 3): choice=3 (inl=55)
    Gene 49 (Pair 16- 3): choice=1 (inl=64)
    Gene 50 (Pair 17- 3): choice=1 (inl=79)
    Gene 65 (Pair 17- 4): choice=1 (inl=66)
    Gene 86 (Pair 22- 5): choice=4 (inl=51)
    Gene 106 (Pair  8- 7): choice=3 (inl=98)
    Gene 109 (Pair 11- 7): choice=1 (inl=107)
    Gene 133 (Pair 20- 8): choice=2 (inl=55)
    Gene 151 (Pair 24- 9): choice=1 (inl=51)
    Gene 160 (Pair 21-10): choice=1 (inl=70)
    Gene 176 (Pair 15-12): choice=3 (inl=38)
    Gene 203 (Pair 18-15): choice=1 (inl=58)
    Gene 214 (Pair 27-17): choice=1 (inl=30)

  --- SHARD 4 CANDIDATE ANALYSIS ---
    Pair (4-2): Selected=0 / 2 choices
      Choice 1: inliners=26
      Choice 2: inliners=2
    Pair (4-3): Selected=0 / 5 choices
      Choice 1: inliners=38
      Choice 2: inliners=46
      Choice 3: inliners=14
      Choice 4: inliners=32
      Choice 5: inliners=68
    Pair (5-4): Selected=0 / 2 choices
      Choice 1: inliners=48
      Choice 2: inliners=12
    Pair (6-4): Selected=0 / 2 choices
      Choice 1: inliners=24
      Choice 2: inliners=6
    Pair (7-4): Selected=0 / 2 choices
      Choice 1: inliners=36
      Choice 2: inliners=30
    Pair (8-4): Selected=0 / 4 choices
      Choice 1: inliners=28
      Choice 2: inliners=22
      Choice 3: inliners=44
      Choice 4: inliners=0
    Pair (11-4): Selected=0 / 1 choices
      Choice 1: inliners=57
    Pair (13-4): Selected=0 / 1 choices
      Choice 1: inliners=14
    Pair (14-4): Selected=0 / 2 choices
      Choice 1: inliners=48
      Choice 2: inliners=16
    Pair (16-4): Selected=0 / 1 choices
      Choice 1: inliners=32
    Pair (17-4): Selected=1 / 1 choices
      Choice 1: inliners=66 [SELECTED]
    Pair (19-4): Selected=0 / 4 choices
      Choice 1: inliners=32
      Choice 2: inliners=44
      Choice 3: inliners=26
      Choice 4: inliners=40
    Pair (20-4): Selected=0 / 1 choices
      Choice 1: inliners=53
    Pair (21-4): Selected=0 / 3 choices
      Choice 1: inliners=22
      Choice 2: inliners=16
      Choice 3: inliners=32
    Pair (22-4): Selected=0 / 1 choices
      Choice 1: inliners=38
    Pair (27-4): Selected=0 / 1 choices
      Choice 1: inliners=39


--- GENERATION 540 BEST BREAKDOWN ---
  Total Fitness: 1874.26
  Inlier Reward: 1060.70
  Cycle Penalty: 0.00
  Overlap Penalty: 0.00
  Edge Residual Penalty: 0.00
  Edge Rot Residual Penalty: 0.00
  Connectivity Reward: 0.00
  Component Penalty: 0.00
  Consensus Support Reward: 813.56
  Largest Component: 27
  Num Components: 1
  Active Pairs: 26
  OverlapDiag Sum (indexed): 0.0000 (delta_vs_fitness=0.0000)
  OverlapDiag Pairs: total=325 same_comp=325 broad_reject=274 narrow_checked=325 active=1
  OverlapDiag Active Pairs: none

  --- ACTIVE GENE MAP ---
    Gene  0 (Pair  2- 1): choice=2 (inl=32)
    Gene  2 (Pair  5- 1): choice=8 (inl=84)
    Gene  3 (Pair  6- 1): choice=1 (inl=30)
    Gene  7 (Pair 10- 1): choice=2 (inl=65)
    Gene 14 (Pair 19- 1): choice=2 (inl=89)
    Gene 18 (Pair 23- 1): choice=2 (inl=38)
    Gene 19 (Pair 24- 1): choice=1 (inl=36)
    Gene 20 (Pair 26- 1): choice=1 (inl=49)
    Gene 29 (Pair 13- 2): choice=1 (inl=46)
    Gene 35 (Pair 25- 2): choice=1 (inl=22)
    Gene 42 (Pair  8- 3): choice=1 (inl=52)
    Gene 46 (Pair 12- 3): choice=1 (inl=48)
    Gene 47 (Pair 14- 3): choice=3 (inl=55)
    Gene 49 (Pair 16- 3): choice=1 (inl=64)
    Gene 50 (Pair 17- 3): choice=1 (inl=79)
    Gene 61 (Pair 11- 4): choice=1 (inl=57)
    Gene 65 (Pair 17- 4): choice=1 (inl=66)
    Gene 67 (Pair 20- 4): choice=1 (inl=53)
    Gene 106 (Pair  8- 7): choice=3 (inl=98)
    Gene 118 (Pair 22- 7): choice=3 (inl=28)
    Gene 151 (Pair 24- 9): choice=1 (inl=51)
    Gene 153 (Pair 12-10): choice=2 (inl=68)
    Gene 160 (Pair 21-10): choice=1 (inl=70)
    Gene 176 (Pair 15-12): choice=3 (inl=38)
    Gene 178 (Pair 18-12): choice=4 (inl=72)
    Gene 214 (Pair 27-17): choice=1 (inl=30)

  --- SHARD 4 CANDIDATE ANALYSIS ---
    Pair (4-2): Selected=0 / 2 choices
      Choice 1: inliners=26
      Choice 2: inliners=2
    Pair (4-3): Selected=0 / 5 choices
      Choice 1: inliners=38
      Choice 2: inliners=46
      Choice 3: inliners=14
      Choice 4: inliners=32
      Choice 5: inliners=68
    Pair (5-4): Selected=0 / 2 choices
      Choice 1: inliners=48
      Choice 2: inliners=12
    Pair (6-4): Selected=0 / 2 choices
      Choice 1: inliners=24
      Choice 2: inliners=6
    Pair (7-4): Selected=0 / 2 choices
      Choice 1: inliners=36
      Choice 2: inliners=30
    Pair (8-4): Selected=0 / 4 choices
      Choice 1: inliners=28
      Choice 2: inliners=22
      Choice 3: inliners=44
      Choice 4: inliners=0
    Pair (11-4): Selected=1 / 1 choices
      Choice 1: inliners=57 [SELECTED]
    Pair (13-4): Selected=0 / 1 choices
      Choice 1: inliners=14
    Pair (14-4): Selected=0 / 2 choices
      Choice 1: inliners=48
      Choice 2: inliners=16
    Pair (16-4): Selected=0 / 1 choices
      Choice 1: inliners=32
    Pair (17-4): Selected=1 / 1 choices
      Choice 1: inliners=66 [SELECTED]
    Pair (19-4): Selected=0 / 4 choices
      Choice 1: inliners=32
      Choice 2: inliners=44
      Choice 3: inliners=26
      Choice 4: inliners=40
    Pair (20-4): Selected=1 / 1 choices
      Choice 1: inliners=53 [SELECTED]
    Pair (21-4): Selected=0 / 3 choices
      Choice 1: inliners=22
      Choice 2: inliners=16
      Choice 3: inliners=32
    Pair (22-4): Selected=0 / 1 choices
      Choice 1: inliners=38
    Pair (27-4): Selected=0 / 1 choices
      Choice 1: inliners=39


--- GENERATION 550 BEST BREAKDOWN ---
  Total Fitness: 1877.44
  Inlier Reward: 1063.88
  Cycle Penalty: 0.00
  Overlap Penalty: 0.00
  Edge Residual Penalty: 0.00
  Edge Rot Residual Penalty: 0.00
  Connectivity Reward: 0.00
  Component Penalty: 0.00
  Consensus Support Reward: 813.56
  Largest Component: 27
  Num Components: 1
  Active Pairs: 26
  OverlapDiag Sum (indexed): 0.0000 (delta_vs_fitness=0.0000)
  OverlapDiag Pairs: total=325 same_comp=325 broad_reject=275 narrow_checked=325 active=1
  OverlapDiag Active Pairs: none

  --- ACTIVE GENE MAP ---
    Gene  0 (Pair  2- 1): choice=2 (inl=32)
    Gene  2 (Pair  5- 1): choice=8 (inl=84)
    Gene  3 (Pair  6- 1): choice=1 (inl=30)
    Gene  7 (Pair 10- 1): choice=2 (inl=65)
    Gene 14 (Pair 19- 1): choice=2 (inl=89)
    Gene 18 (Pair 23- 1): choice=2 (inl=38)
    Gene 19 (Pair 24- 1): choice=1 (inl=36)
    Gene 20 (Pair 26- 1): choice=1 (inl=49)
    Gene 29 (Pair 13- 2): choice=1 (inl=46)
    Gene 35 (Pair 25- 2): choice=2 (inl=26)
    Gene 42 (Pair  8- 3): choice=1 (inl=52)
    Gene 46 (Pair 12- 3): choice=1 (inl=48)
    Gene 47 (Pair 14- 3): choice=3 (inl=55)
    Gene 49 (Pair 16- 3): choice=1 (inl=64)
    Gene 50 (Pair 17- 3): choice=1 (inl=79)
    Gene 61 (Pair 11- 4): choice=1 (inl=57)
    Gene 65 (Pair 17- 4): choice=1 (inl=66)
    Gene 67 (Pair 20- 4): choice=1 (inl=53)
    Gene 106 (Pair  8- 7): choice=3 (inl=98)
    Gene 118 (Pair 22- 7): choice=3 (inl=28)
    Gene 151 (Pair 24- 9): choice=1 (inl=51)
    Gene 153 (Pair 12-10): choice=2 (inl=68)
    Gene 160 (Pair 21-10): choice=1 (inl=70)
    Gene 176 (Pair 15-12): choice=3 (inl=38)
    Gene 178 (Pair 18-12): choice=4 (inl=72)
    Gene 214 (Pair 27-17): choice=1 (inl=30)

  --- SHARD 4 CANDIDATE ANALYSIS ---
    Pair (4-2): Selected=0 / 2 choices
      Choice 1: inliners=26
      Choice 2: inliners=2
    Pair (4-3): Selected=0 / 5 choices
      Choice 1: inliners=38
      Choice 2: inliners=46
      Choice 3: inliners=14
      Choice 4: inliners=32
      Choice 5: inliners=68
    Pair (5-4): Selected=0 / 2 choices
      Choice 1: inliners=48
      Choice 2: inliners=12
    Pair (6-4): Selected=0 / 2 choices
      Choice 1: inliners=24
      Choice 2: inliners=6
    Pair (7-4): Selected=0 / 2 choices
      Choice 1: inliners=36
      Choice 2: inliners=30
    Pair (8-4): Selected=0 / 4 choices
      Choice 1: inliners=28
      Choice 2: inliners=22
      Choice 3: inliners=44
      Choice 4: inliners=0
    Pair (11-4): Selected=1 / 1 choices
      Choice 1: inliners=57 [SELECTED]
    Pair (13-4): Selected=0 / 1 choices
      Choice 1: inliners=14
    Pair (14-4): Selected=0 / 2 choices
      Choice 1: inliners=48
      Choice 2: inliners=16
    Pair (16-4): Selected=0 / 1 choices
      Choice 1: inliners=32
    Pair (17-4): Selected=1 / 1 choices
      Choice 1: inliners=66 [SELECTED]
    Pair (19-4): Selected=0 / 4 choices
      Choice 1: inliners=32
      Choice 2: inliners=44
      Choice 3: inliners=26
      Choice 4: inliners=40
    Pair (20-4): Selected=1 / 1 choices
      Choice 1: inliners=53 [SELECTED]
    Pair (21-4): Selected=0 / 3 choices
      Choice 1: inliners=22
      Choice 2: inliners=16
      Choice 3: inliners=32
    Pair (22-4): Selected=0 / 1 choices
      Choice 1: inliners=38
    Pair (27-4): Selected=0 / 1 choices
      Choice 1: inliners=39


--- GENERATION 560 BEST BREAKDOWN ---
  Total Fitness: 1877.44
  Inlier Reward: 1063.88
  Cycle Penalty: 0.00
  Overlap Penalty: 0.00
  Edge Residual Penalty: 0.00
  Edge Rot Residual Penalty: 0.00
  Connectivity Reward: 0.00
  Component Penalty: 0.00
  Consensus Support Reward: 813.56
  Largest Component: 27
  Num Components: 1
  Active Pairs: 26
  OverlapDiag Sum (indexed): 0.0000 (delta_vs_fitness=0.0000)
  OverlapDiag Pairs: total=325 same_comp=325 broad_reject=275 narrow_checked=325 active=1
  OverlapDiag Active Pairs: none

  --- ACTIVE GENE MAP ---
    Gene  0 (Pair  2- 1): choice=2 (inl=32)
    Gene  2 (Pair  5- 1): choice=8 (inl=84)
    Gene  3 (Pair  6- 1): choice=1 (inl=30)
    Gene  7 (Pair 10- 1): choice=2 (inl=65)
    Gene 14 (Pair 19- 1): choice=2 (inl=89)
    Gene 18 (Pair 23- 1): choice=2 (inl=38)
    Gene 19 (Pair 24- 1): choice=1 (inl=36)
    Gene 20 (Pair 26- 1): choice=1 (inl=49)
    Gene 29 (Pair 13- 2): choice=1 (inl=46)
    Gene 35 (Pair 25- 2): choice=2 (inl=26)
    Gene 42 (Pair  8- 3): choice=1 (inl=52)
    Gene 46 (Pair 12- 3): choice=1 (inl=48)
    Gene 47 (Pair 14- 3): choice=3 (inl=55)
    Gene 49 (Pair 16- 3): choice=1 (inl=64)
    Gene 50 (Pair 17- 3): choice=1 (inl=79)
    Gene 61 (Pair 11- 4): choice=1 (inl=57)
    Gene 65 (Pair 17- 4): choice=1 (inl=66)
    Gene 67 (Pair 20- 4): choice=1 (inl=53)
    Gene 106 (Pair  8- 7): choice=3 (inl=98)
    Gene 118 (Pair 22- 7): choice=3 (inl=28)
    Gene 151 (Pair 24- 9): choice=1 (inl=51)
    Gene 153 (Pair 12-10): choice=2 (inl=68)
    Gene 160 (Pair 21-10): choice=1 (inl=70)
    Gene 176 (Pair 15-12): choice=3 (inl=38)
    Gene 178 (Pair 18-12): choice=4 (inl=72)
    Gene 214 (Pair 27-17): choice=1 (inl=30)

  --- SHARD 4 CANDIDATE ANALYSIS ---
    Pair (4-2): Selected=0 / 2 choices
      Choice 1: inliners=26
      Choice 2: inliners=2
    Pair (4-3): Selected=0 / 5 choices
      Choice 1: inliners=38
      Choice 2: inliners=46
      Choice 3: inliners=14
      Choice 4: inliners=32
      Choice 5: inliners=68
    Pair (5-4): Selected=0 / 2 choices
      Choice 1: inliners=48
      Choice 2: inliners=12
    Pair (6-4): Selected=0 / 2 choices
      Choice 1: inliners=24
      Choice 2: inliners=6
    Pair (7-4): Selected=0 / 2 choices
      Choice 1: inliners=36
      Choice 2: inliners=30
    Pair (8-4): Selected=0 / 4 choices
      Choice 1: inliners=28
      Choice 2: inliners=22
      Choice 3: inliners=44
      Choice 4: inliners=0
    Pair (11-4): Selected=1 / 1 choices
      Choice 1: inliners=57 [SELECTED]
    Pair (13-4): Selected=0 / 1 choices
      Choice 1: inliners=14
    Pair (14-4): Selected=0 / 2 choices
      Choice 1: inliners=48
      Choice 2: inliners=16
    Pair (16-4): Selected=0 / 1 choices
      Choice 1: inliners=32
    Pair (17-4): Selected=1 / 1 choices
      Choice 1: inliners=66 [SELECTED]
    Pair (19-4): Selected=0 / 4 choices
      Choice 1: inliners=32
      Choice 2: inliners=44
      Choice 3: inliners=26
      Choice 4: inliners=40
    Pair (20-4): Selected=1 / 1 choices
      Choice 1: inliners=53 [SELECTED]
    Pair (21-4): Selected=0 / 3 choices
      Choice 1: inliners=22
      Choice 2: inliners=16
      Choice 3: inliners=32
    Pair (22-4): Selected=0 / 1 choices
      Choice 1: inliners=38
    Pair (27-4): Selected=0 / 1 choices
      Choice 1: inliners=39


--- GENERATION 570 BEST BREAKDOWN ---
  Total Fitness: 1887.45
  Inlier Reward: 1073.89
  Cycle Penalty: 0.00
  Overlap Penalty: 0.00
  Edge Residual Penalty: 0.00
  Edge Rot Residual Penalty: 0.00
  Connectivity Reward: 0.00
  Component Penalty: 0.00
  Consensus Support Reward: 813.56
  Largest Component: 27
  Num Components: 1
  Active Pairs: 26
  OverlapDiag Sum (indexed): 0.0000 (delta_vs_fitness=0.0000)
  OverlapDiag Pairs: total=325 same_comp=325 broad_reject=276 narrow_checked=325 active=1
  OverlapDiag Active Pairs: none

  --- ACTIVE GENE MAP ---
    Gene  0 (Pair  2- 1): choice=2 (inl=32)
    Gene  2 (Pair  5- 1): choice=8 (inl=84)
    Gene  3 (Pair  6- 1): choice=1 (inl=30)
    Gene  7 (Pair 10- 1): choice=2 (inl=65)
    Gene 14 (Pair 19- 1): choice=2 (inl=89)
    Gene 18 (Pair 23- 1): choice=2 (inl=38)
    Gene 19 (Pair 24- 1): choice=1 (inl=36)
    Gene 29 (Pair 13- 2): choice=1 (inl=46)
    Gene 35 (Pair 25- 2): choice=2 (inl=26)
    Gene 42 (Pair  8- 3): choice=1 (inl=52)
    Gene 46 (Pair 12- 3): choice=1 (inl=48)
    Gene 47 (Pair 14- 3): choice=3 (inl=55)
    Gene 49 (Pair 16- 3): choice=1 (inl=64)
    Gene 50 (Pair 17- 3): choice=1 (inl=79)
    Gene 61 (Pair 11- 4): choice=1 (inl=57)
    Gene 65 (Pair 17- 4): choice=1 (inl=66)
    Gene 67 (Pair 20- 4): choice=1 (inl=53)
    Gene 106 (Pair  8- 7): choice=3 (inl=98)
    Gene 118 (Pair 22- 7): choice=3 (inl=28)
    Gene 151 (Pair 24- 9): choice=1 (inl=51)
    Gene 153 (Pair 12-10): choice=2 (inl=68)
    Gene 160 (Pair 21-10): choice=1 (inl=70)
    Gene 176 (Pair 15-12): choice=3 (inl=38)
    Gene 178 (Pair 18-12): choice=4 (inl=72)
    Gene 185 (Pair 26-12): choice=1 (inl=58)
    Gene 214 (Pair 27-17): choice=1 (inl=30)

  --- SHARD 4 CANDIDATE ANALYSIS ---
    Pair (4-2): Selected=0 / 2 choices
      Choice 1: inliners=26
      Choice 2: inliners=2
    Pair (4-3): Selected=0 / 5 choices
      Choice 1: inliners=38
      Choice 2: inliners=46
      Choice 3: inliners=14
      Choice 4: inliners=32
      Choice 5: inliners=68
    Pair (5-4): Selected=0 / 2 choices
      Choice 1: inliners=48
      Choice 2: inliners=12
    Pair (6-4): Selected=0 / 2 choices
      Choice 1: inliners=24
      Choice 2: inliners=6
    Pair (7-4): Selected=0 / 2 choices
      Choice 1: inliners=36
      Choice 2: inliners=30
    Pair (8-4): Selected=0 / 4 choices
      Choice 1: inliners=28
      Choice 2: inliners=22
      Choice 3: inliners=44
      Choice 4: inliners=0
    Pair (11-4): Selected=1 / 1 choices
      Choice 1: inliners=57 [SELECTED]
    Pair (13-4): Selected=0 / 1 choices
      Choice 1: inliners=14
    Pair (14-4): Selected=0 / 2 choices
      Choice 1: inliners=48
      Choice 2: inliners=16
    Pair (16-4): Selected=0 / 1 choices
      Choice 1: inliners=32
    Pair (17-4): Selected=1 / 1 choices
      Choice 1: inliners=66 [SELECTED]
    Pair (19-4): Selected=0 / 4 choices
      Choice 1: inliners=32
      Choice 2: inliners=44
      Choice 3: inliners=26
      Choice 4: inliners=40
    Pair (20-4): Selected=1 / 1 choices
      Choice 1: inliners=53 [SELECTED]
    Pair (21-4): Selected=0 / 3 choices
      Choice 1: inliners=22
      Choice 2: inliners=16
      Choice 3: inliners=32
    Pair (22-4): Selected=0 / 1 choices
      Choice 1: inliners=38
    Pair (27-4): Selected=0 / 1 choices
      Choice 1: inliners=39


--- GENERATION 580 BEST BREAKDOWN ---
  Total Fitness: 1895.88
  Inlier Reward: 1052.52
  Cycle Penalty: 0.00
  Overlap Penalty: 0.00
  Edge Residual Penalty: 0.00
  Edge Rot Residual Penalty: 0.00
  Connectivity Reward: 0.00
  Component Penalty: 0.00
  Consensus Support Reward: 843.36
  Largest Component: 27
  Num Components: 1
  Active Pairs: 26
  OverlapDiag Sum (indexed): 0.0000 (delta_vs_fitness=0.0000)
  OverlapDiag Pairs: total=325 same_comp=325 broad_reject=274 narrow_checked=325 active=1
  OverlapDiag Active Pairs: none

  --- ACTIVE GENE MAP ---
    Gene  0 (Pair  2- 1): choice=2 (inl=32)
    Gene  2 (Pair  5- 1): choice=8 (inl=84)
    Gene  3 (Pair  6- 1): choice=1 (inl=30)
    Gene  7 (Pair 10- 1): choice=2 (inl=65)
    Gene 14 (Pair 19- 1): choice=2 (inl=89)
    Gene 18 (Pair 23- 1): choice=2 (inl=38)
    Gene 19 (Pair 24- 1): choice=1 (inl=36)
    Gene 29 (Pair 13- 2): choice=1 (inl=46)
    Gene 35 (Pair 25- 2): choice=2 (inl=26)
    Gene 42 (Pair  8- 3): choice=1 (inl=52)
    Gene 46 (Pair 12- 3): choice=1 (inl=48)
    Gene 47 (Pair 14- 3): choice=3 (inl=55)
    Gene 49 (Pair 16- 3): choice=1 (inl=64)
    Gene 50 (Pair 17- 3): choice=1 (inl=79)
    Gene 61 (Pair 11- 4): choice=1 (inl=57)
    Gene 66 (Pair 19- 4): choice=2 (inl=44)
    Gene 67 (Pair 20- 4): choice=1 (inl=53)
    Gene 106 (Pair  8- 7): choice=3 (inl=98)
    Gene 118 (Pair 22- 7): choice=3 (inl=28)
    Gene 151 (Pair 24- 9): choice=1 (inl=51)
    Gene 153 (Pair 12-10): choice=2 (inl=68)
    Gene 160 (Pair 21-10): choice=1 (inl=70)
    Gene 176 (Pair 15-12): choice=3 (inl=38)
    Gene 178 (Pair 18-12): choice=4 (inl=72)
    Gene 185 (Pair 26-12): choice=1 (inl=58)
    Gene 214 (Pair 27-17): choice=1 (inl=30)

  --- SHARD 4 CANDIDATE ANALYSIS ---
    Pair (4-2): Selected=0 / 2 choices
      Choice 1: inliners=26
      Choice 2: inliners=2
    Pair (4-3): Selected=0 / 5 choices
      Choice 1: inliners=38
      Choice 2: inliners=46
      Choice 3: inliners=14
      Choice 4: inliners=32
      Choice 5: inliners=68
    Pair (5-4): Selected=0 / 2 choices
      Choice 1: inliners=48
      Choice 2: inliners=12
    Pair (6-4): Selected=0 / 2 choices
      Choice 1: inliners=24
      Choice 2: inliners=6
    Pair (7-4): Selected=0 / 2 choices
      Choice 1: inliners=36
      Choice 2: inliners=30
    Pair (8-4): Selected=0 / 4 choices
      Choice 1: inliners=28
      Choice 2: inliners=22
      Choice 3: inliners=44
      Choice 4: inliners=0
    Pair (11-4): Selected=1 / 1 choices
      Choice 1: inliners=57 [SELECTED]
    Pair (13-4): Selected=0 / 1 choices
      Choice 1: inliners=14
    Pair (14-4): Selected=0 / 2 choices
      Choice 1: inliners=48
      Choice 2: inliners=16
    Pair (16-4): Selected=0 / 1 choices
      Choice 1: inliners=32
    Pair (17-4): Selected=0 / 1 choices
      Choice 1: inliners=66
    Pair (19-4): Selected=2 / 4 choices
      Choice 1: inliners=32
      Choice 2: inliners=44 [SELECTED]
      Choice 3: inliners=26
      Choice 4: inliners=40
    Pair (20-4): Selected=1 / 1 choices
      Choice 1: inliners=53 [SELECTED]
    Pair (21-4): Selected=0 / 3 choices
      Choice 1: inliners=22
      Choice 2: inliners=16
      Choice 3: inliners=32
    Pair (22-4): Selected=0 / 1 choices
      Choice 1: inliners=38
    Pair (27-4): Selected=0 / 1 choices
      Choice 1: inliners=39


--- GENERATION 590 BEST BREAKDOWN ---
  Total Fitness: 1901.17
  Inlier Reward: 1057.81
  Cycle Penalty: 0.00
  Overlap Penalty: 0.00
  Edge Residual Penalty: 0.00
  Edge Rot Residual Penalty: 0.00
  Connectivity Reward: 0.00
  Component Penalty: 0.00
  Consensus Support Reward: 843.36
  Largest Component: 27
  Num Components: 1
  Active Pairs: 26
  OverlapDiag Sum (indexed): 0.0000 (delta_vs_fitness=0.0000)
  OverlapDiag Pairs: total=325 same_comp=325 broad_reject=273 narrow_checked=325 active=1
  OverlapDiag Active Pairs: none

  --- ACTIVE GENE MAP ---
    Gene  0 (Pair  2- 1): choice=2 (inl=32)
    Gene  2 (Pair  5- 1): choice=8 (inl=84)
    Gene  3 (Pair  6- 1): choice=1 (inl=30)
    Gene  7 (Pair 10- 1): choice=2 (inl=65)
    Gene 14 (Pair 19- 1): choice=2 (inl=89)
    Gene 18 (Pair 23- 1): choice=2 (inl=38)
    Gene 19 (Pair 24- 1): choice=1 (inl=36)
    Gene 29 (Pair 13- 2): choice=1 (inl=46)
    Gene 35 (Pair 25- 2): choice=1 (inl=22)
    Gene 42 (Pair  8- 3): choice=1 (inl=52)
    Gene 46 (Pair 12- 3): choice=1 (inl=48)
    Gene 47 (Pair 14- 3): choice=3 (inl=55)
    Gene 49 (Pair 16- 3): choice=1 (inl=64)
    Gene 50 (Pair 17- 3): choice=1 (inl=79)
    Gene 61 (Pair 11- 4): choice=1 (inl=57)
    Gene 66 (Pair 19- 4): choice=2 (inl=44)
    Gene 67 (Pair 20- 4): choice=1 (inl=53)
    Gene 70 (Pair 27- 4): choice=1 (inl=39)
    Gene 106 (Pair  8- 7): choice=3 (inl=98)
    Gene 118 (Pair 22- 7): choice=3 (inl=28)
    Gene 151 (Pair 24- 9): choice=1 (inl=51)
    Gene 153 (Pair 12-10): choice=2 (inl=68)
    Gene 160 (Pair 21-10): choice=1 (inl=70)
    Gene 176 (Pair 15-12): choice=3 (inl=38)
    Gene 178 (Pair 18-12): choice=4 (inl=72)
    Gene 185 (Pair 26-12): choice=1 (inl=58)

  --- SHARD 4 CANDIDATE ANALYSIS ---
    Pair (4-2): Selected=0 / 2 choices
      Choice 1: inliners=26
      Choice 2: inliners=2
    Pair (4-3): Selected=0 / 5 choices
      Choice 1: inliners=38
      Choice 2: inliners=46
      Choice 3: inliners=14
      Choice 4: inliners=32
      Choice 5: inliners=68
    Pair (5-4): Selected=0 / 2 choices
      Choice 1: inliners=48
      Choice 2: inliners=12
    Pair (6-4): Selected=0 / 2 choices
      Choice 1: inliners=24
      Choice 2: inliners=6
    Pair (7-4): Selected=0 / 2 choices
      Choice 1: inliners=36
      Choice 2: inliners=30
    Pair (8-4): Selected=0 / 4 choices
      Choice 1: inliners=28
      Choice 2: inliners=22
      Choice 3: inliners=44
      Choice 4: inliners=0
    Pair (11-4): Selected=1 / 1 choices
      Choice 1: inliners=57 [SELECTED]
    Pair (13-4): Selected=0 / 1 choices
      Choice 1: inliners=14
    Pair (14-4): Selected=0 / 2 choices
      Choice 1: inliners=48
      Choice 2: inliners=16
    Pair (16-4): Selected=0 / 1 choices
      Choice 1: inliners=32
    Pair (17-4): Selected=0 / 1 choices
      Choice 1: inliners=66
    Pair (19-4): Selected=2 / 4 choices
      Choice 1: inliners=32
      Choice 2: inliners=44 [SELECTED]
      Choice 3: inliners=26
      Choice 4: inliners=40
    Pair (20-4): Selected=1 / 1 choices
      Choice 1: inliners=53 [SELECTED]
    Pair (21-4): Selected=0 / 3 choices
      Choice 1: inliners=22
      Choice 2: inliners=16
      Choice 3: inliners=32
    Pair (22-4): Selected=0 / 1 choices
      Choice 1: inliners=38
    Pair (27-4): Selected=1 / 1 choices
      Choice 1: inliners=39 [SELECTED]


--- GENERATION 600 BEST BREAKDOWN ---
  Total Fitness: 1911.56
  Inlier Reward: 1068.20
  Cycle Penalty: 0.00
  Overlap Penalty: 0.00
  Edge Residual Penalty: 0.00
  Edge Rot Residual Penalty: 0.00
  Connectivity Reward: 0.00
  Component Penalty: 0.00
  Consensus Support Reward: 843.36
  Largest Component: 27
  Num Components: 1
  Active Pairs: 26
  OverlapDiag Sum (indexed): 0.0000 (delta_vs_fitness=0.0000)
  OverlapDiag Pairs: total=325 same_comp=325 broad_reject=274 narrow_checked=325 active=2
  OverlapDiag Active Pairs: none

  --- ACTIVE GENE MAP ---
    Gene  0 (Pair  2- 1): choice=2 (inl=32)
    Gene  2 (Pair  5- 1): choice=8 (inl=84)
    Gene  3 (Pair  6- 1): choice=1 (inl=30)
    Gene  7 (Pair 10- 1): choice=2 (inl=65)
    Gene 14 (Pair 19- 1): choice=2 (inl=89)
    Gene 18 (Pair 23- 1): choice=2 (inl=38)
    Gene 19 (Pair 24- 1): choice=1 (inl=36)
    Gene 35 (Pair 25- 2): choice=2 (inl=26)
    Gene 42 (Pair  8- 3): choice=1 (inl=52)
    Gene 46 (Pair 12- 3): choice=1 (inl=48)
    Gene 47 (Pair 14- 3): choice=3 (inl=55)
    Gene 49 (Pair 16- 3): choice=1 (inl=64)
    Gene 50 (Pair 17- 3): choice=1 (inl=79)
    Gene 66 (Pair 19- 4): choice=2 (inl=44)
    Gene 67 (Pair 20- 4): choice=1 (inl=53)
    Gene 95 (Pair 13- 6): choice=2 (inl=48)
    Gene 106 (Pair  8- 7): choice=3 (inl=98)
    Gene 118 (Pair 22- 7): choice=3 (inl=28)
    Gene 151 (Pair 24- 9): choice=1 (inl=51)
    Gene 153 (Pair 12-10): choice=2 (inl=68)
    Gene 160 (Pair 21-10): choice=1 (inl=70)
    Gene 165 (Pair 14-11): choice=4 (inl=76)
    Gene 176 (Pair 15-12): choice=3 (inl=38)
    Gene 178 (Pair 18-12): choice=4 (inl=72)
    Gene 185 (Pair 26-12): choice=1 (inl=58)
    Gene 214 (Pair 27-17): choice=1 (inl=30)

  --- SHARD 4 CANDIDATE ANALYSIS ---
    Pair (4-2): Selected=0 / 2 choices
      Choice 1: inliners=26
      Choice 2: inliners=2
    Pair (4-3): Selected=0 / 5 choices
      Choice 1: inliners=38
      Choice 2: inliners=46
      Choice 3: inliners=14
      Choice 4: inliners=32
      Choice 5: inliners=68
    Pair (5-4): Selected=0 / 2 choices
      Choice 1: inliners=48
      Choice 2: inliners=12
    Pair (6-4): Selected=0 / 2 choices
      Choice 1: inliners=24
      Choice 2: inliners=6
    Pair (7-4): Selected=0 / 2 choices
      Choice 1: inliners=36
      Choice 2: inliners=30
    Pair (8-4): Selected=0 / 4 choices
      Choice 1: inliners=28
      Choice 2: inliners=22
      Choice 3: inliners=44
      Choice 4: inliners=0
    Pair (11-4): Selected=0 / 1 choices
      Choice 1: inliners=57
    Pair (13-4): Selected=0 / 1 choices
      Choice 1: inliners=14
    Pair (14-4): Selected=0 / 2 choices
      Choice 1: inliners=48
      Choice 2: inliners=16
    Pair (16-4): Selected=0 / 1 choices
      Choice 1: inliners=32
    Pair (17-4): Selected=0 / 1 choices
      Choice 1: inliners=66
    Pair (19-4): Selected=2 / 4 choices
      Choice 1: inliners=32
      Choice 2: inliners=44 [SELECTED]
      Choice 3: inliners=26
      Choice 4: inliners=40
    Pair (20-4): Selected=1 / 1 choices
      Choice 1: inliners=53 [SELECTED]
    Pair (21-4): Selected=0 / 3 choices
      Choice 1: inliners=22
      Choice 2: inliners=16
      Choice 3: inliners=32
    Pair (22-4): Selected=0 / 1 choices
      Choice 1: inliners=38
    Pair (27-4): Selected=0 / 1 choices
      Choice 1: inliners=39


--- GENERATION 610 BEST BREAKDOWN ---
  Total Fitness: 1962.90
  Inlier Reward: 1102.66
  Cycle Penalty: 0.00
  Overlap Penalty: 0.00
  Edge Residual Penalty: 0.00
  Edge Rot Residual Penalty: 0.00
  Connectivity Reward: 0.00
  Component Penalty: 0.00
  Consensus Support Reward: 860.25
  Largest Component: 27
  Num Components: 1
  Active Pairs: 26
  OverlapDiag Sum (indexed): 0.0000 (delta_vs_fitness=0.0000)
  OverlapDiag Pairs: total=325 same_comp=325 broad_reject=274 narrow_checked=325 active=1
  OverlapDiag Active Pairs: none

  --- ACTIVE GENE MAP ---
    Gene  0 (Pair  2- 1): choice=2 (inl=32)
    Gene  2 (Pair  5- 1): choice=8 (inl=84)
    Gene  3 (Pair  6- 1): choice=1 (inl=30)
    Gene  7 (Pair 10- 1): choice=2 (inl=65)
    Gene 14 (Pair 19- 1): choice=2 (inl=89)
    Gene 18 (Pair 23- 1): choice=2 (inl=38)
    Gene 19 (Pair 24- 1): choice=1 (inl=36)
    Gene 35 (Pair 25- 2): choice=2 (inl=26)
    Gene 42 (Pair  8- 3): choice=1 (inl=52)
    Gene 46 (Pair 12- 3): choice=1 (inl=48)
    Gene 47 (Pair 14- 3): choice=3 (inl=55)
    Gene 49 (Pair 16- 3): choice=1 (inl=64)
    Gene 50 (Pair 17- 3): choice=1 (inl=79)
    Gene 66 (Pair 19- 4): choice=2 (inl=44)
    Gene 70 (Pair 27- 4): choice=1 (inl=39)
    Gene 95 (Pair 13- 6): choice=2 (inl=48)
    Gene 106 (Pair  8- 7): choice=3 (inl=98)
    Gene 109 (Pair 11- 7): choice=1 (inl=107)
    Gene 118 (Pair 22- 7): choice=3 (inl=28)
    Gene 151 (Pair 24- 9): choice=1 (inl=51)
    Gene 153 (Pair 12-10): choice=2 (inl=68)
    Gene 160 (Pair 21-10): choice=1 (inl=70)
    Gene 176 (Pair 15-12): choice=3 (inl=38)
    Gene 178 (Pair 18-12): choice=4 (inl=72)
    Gene 185 (Pair 26-12): choice=1 (inl=58)
    Gene 222 (Pair 20-19): choice=2 (inl=42)

  --- SHARD 4 CANDIDATE ANALYSIS ---
    Pair (4-2): Selected=0 / 2 choices
      Choice 1: inliners=26
      Choice 2: inliners=2
    Pair (4-3): Selected=0 / 5 choices
      Choice 1: inliners=38
      Choice 2: inliners=46
      Choice 3: inliners=14
      Choice 4: inliners=32
      Choice 5: inliners=68
    Pair (5-4): Selected=0 / 2 choices
      Choice 1: inliners=48
      Choice 2: inliners=12
    Pair (6-4): Selected=0 / 2 choices
      Choice 1: inliners=24
      Choice 2: inliners=6
    Pair (7-4): Selected=0 / 2 choices
      Choice 1: inliners=36
      Choice 2: inliners=30
    Pair (8-4): Selected=0 / 4 choices
      Choice 1: inliners=28
      Choice 2: inliners=22
      Choice 3: inliners=44
      Choice 4: inliners=0
    Pair (11-4): Selected=0 / 1 choices
      Choice 1: inliners=57
    Pair (13-4): Selected=0 / 1 choices
      Choice 1: inliners=14
    Pair (14-4): Selected=0 / 2 choices
      Choice 1: inliners=48
      Choice 2: inliners=16
    Pair (16-4): Selected=0 / 1 choices
      Choice 1: inliners=32
    Pair (17-4): Selected=0 / 1 choices
      Choice 1: inliners=66
    Pair (19-4): Selected=2 / 4 choices
      Choice 1: inliners=32
      Choice 2: inliners=44 [SELECTED]
      Choice 3: inliners=26
      Choice 4: inliners=40
    Pair (20-4): Selected=0 / 1 choices
      Choice 1: inliners=53
    Pair (21-4): Selected=0 / 3 choices
      Choice 1: inliners=22
      Choice 2: inliners=16
      Choice 3: inliners=32
    Pair (22-4): Selected=0 / 1 choices
      Choice 1: inliners=38
    Pair (27-4): Selected=1 / 1 choices
      Choice 1: inliners=39 [SELECTED]


--- GENERATION 620 BEST BREAKDOWN ---
  Total Fitness: 1962.90
  Inlier Reward: 1102.66
  Cycle Penalty: 0.00
  Overlap Penalty: 0.00
  Edge Residual Penalty: 0.00
  Edge Rot Residual Penalty: 0.00
  Connectivity Reward: 0.00
  Component Penalty: 0.00
  Consensus Support Reward: 860.25
  Largest Component: 27
  Num Components: 1
  Active Pairs: 26
  OverlapDiag Sum (indexed): 0.0000 (delta_vs_fitness=0.0000)
  OverlapDiag Pairs: total=325 same_comp=325 broad_reject=274 narrow_checked=325 active=1
  OverlapDiag Active Pairs: none

  --- ACTIVE GENE MAP ---
    Gene  0 (Pair  2- 1): choice=2 (inl=32)
    Gene  2 (Pair  5- 1): choice=8 (inl=84)
    Gene  3 (Pair  6- 1): choice=1 (inl=30)
    Gene  7 (Pair 10- 1): choice=2 (inl=65)
    Gene 14 (Pair 19- 1): choice=2 (inl=89)
    Gene 18 (Pair 23- 1): choice=2 (inl=38)
    Gene 19 (Pair 24- 1): choice=1 (inl=36)
    Gene 35 (Pair 25- 2): choice=2 (inl=26)
    Gene 42 (Pair  8- 3): choice=1 (inl=52)
    Gene 46 (Pair 12- 3): choice=1 (inl=48)
    Gene 47 (Pair 14- 3): choice=3 (inl=55)
    Gene 49 (Pair 16- 3): choice=1 (inl=64)
    Gene 50 (Pair 17- 3): choice=1 (inl=79)
    Gene 66 (Pair 19- 4): choice=2 (inl=44)
    Gene 70 (Pair 27- 4): choice=1 (inl=39)
    Gene 95 (Pair 13- 6): choice=2 (inl=48)
    Gene 106 (Pair  8- 7): choice=3 (inl=98)
    Gene 109 (Pair 11- 7): choice=1 (inl=107)
    Gene 118 (Pair 22- 7): choice=3 (inl=28)
    Gene 151 (Pair 24- 9): choice=1 (inl=51)
    Gene 153 (Pair 12-10): choice=2 (inl=68)
    Gene 160 (Pair 21-10): choice=1 (inl=70)
    Gene 176 (Pair 15-12): choice=3 (inl=38)
    Gene 178 (Pair 18-12): choice=4 (inl=72)
    Gene 185 (Pair 26-12): choice=1 (inl=58)
    Gene 222 (Pair 20-19): choice=2 (inl=42)

  --- SHARD 4 CANDIDATE ANALYSIS ---
    Pair (4-2): Selected=0 / 2 choices
      Choice 1: inliners=26
      Choice 2: inliners=2
    Pair (4-3): Selected=0 / 5 choices
      Choice 1: inliners=38
      Choice 2: inliners=46
      Choice 3: inliners=14
      Choice 4: inliners=32
      Choice 5: inliners=68
    Pair (5-4): Selected=0 / 2 choices
      Choice 1: inliners=48
      Choice 2: inliners=12
    Pair (6-4): Selected=0 / 2 choices
      Choice 1: inliners=24
      Choice 2: inliners=6
    Pair (7-4): Selected=0 / 2 choices
      Choice 1: inliners=36
      Choice 2: inliners=30
    Pair (8-4): Selected=0 / 4 choices
      Choice 1: inliners=28
      Choice 2: inliners=22
      Choice 3: inliners=44
      Choice 4: inliners=0
    Pair (11-4): Selected=0 / 1 choices
      Choice 1: inliners=57
    Pair (13-4): Selected=0 / 1 choices
      Choice 1: inliners=14
    Pair (14-4): Selected=0 / 2 choices
      Choice 1: inliners=48
      Choice 2: inliners=16
    Pair (16-4): Selected=0 / 1 choices
      Choice 1: inliners=32
    Pair (17-4): Selected=0 / 1 choices
      Choice 1: inliners=66
    Pair (19-4): Selected=2 / 4 choices
      Choice 1: inliners=32
      Choice 2: inliners=44 [SELECTED]
      Choice 3: inliners=26
      Choice 4: inliners=40
    Pair (20-4): Selected=0 / 1 choices
      Choice 1: inliners=53
    Pair (21-4): Selected=0 / 3 choices
      Choice 1: inliners=22
      Choice 2: inliners=16
      Choice 3: inliners=32
    Pair (22-4): Selected=0 / 1 choices
      Choice 1: inliners=38
    Pair (27-4): Selected=1 / 1 choices
      Choice 1: inliners=39 [SELECTED]


--- GENERATION 630 BEST BREAKDOWN ---
  Total Fitness: 2041.10
  Inlier Reward: 1070.07
  Cycle Penalty: 0.00
  Overlap Penalty: 0.00
  Edge Residual Penalty: 0.00
  Edge Rot Residual Penalty: 0.00
  Connectivity Reward: 0.00
  Component Penalty: 0.00
  Consensus Support Reward: 971.04
  Largest Component: 27
  Num Components: 1
  Active Pairs: 26
  OverlapDiag Sum (indexed): 0.0000 (delta_vs_fitness=0.0000)
  OverlapDiag Pairs: total=325 same_comp=325 broad_reject=275 narrow_checked=325 active=1
  OverlapDiag Active Pairs: none

  --- ACTIVE GENE MAP ---
    Gene  0 (Pair  2- 1): choice=2 (inl=32)
    Gene  2 (Pair  5- 1): choice=8 (inl=84)
    Gene  3 (Pair  6- 1): choice=1 (inl=30)
    Gene  7 (Pair 10- 1): choice=2 (inl=65)
    Gene 14 (Pair 19- 1): choice=2 (inl=89)
    Gene 18 (Pair 23- 1): choice=2 (inl=38)
    Gene 19 (Pair 24- 1): choice=1 (inl=36)
    Gene 35 (Pair 25- 2): choice=2 (inl=26)
    Gene 42 (Pair  8- 3): choice=1 (inl=52)
    Gene 46 (Pair 12- 3): choice=1 (inl=48)
    Gene 47 (Pair 14- 3): choice=3 (inl=55)
    Gene 49 (Pair 16- 3): choice=1 (inl=64)
    Gene 67 (Pair 20- 4): choice=1 (inl=53)
    Gene 70 (Pair 27- 4): choice=1 (inl=39)
    Gene 95 (Pair 13- 6): choice=2 (inl=48)
    Gene 106 (Pair  8- 7): choice=3 (inl=98)
    Gene 109 (Pair 11- 7): choice=1 (inl=107)
    Gene 118 (Pair 22- 7): choice=3 (inl=28)
    Gene 151 (Pair 24- 9): choice=1 (inl=51)
    Gene 153 (Pair 12-10): choice=2 (inl=68)
    Gene 160 (Pair 21-10): choice=1 (inl=70)
    Gene 176 (Pair 15-12): choice=3 (inl=38)
    Gene 178 (Pair 18-12): choice=4 (inl=72)
    Gene 185 (Pair 26-12): choice=1 (inl=58)
    Gene 194 (Pair 17-14): choice=1 (inl=26)
    Gene 222 (Pair 20-19): choice=2 (inl=42)

  --- SHARD 4 CANDIDATE ANALYSIS ---
    Pair (4-2): Selected=0 / 2 choices
      Choice 1: inliners=26
      Choice 2: inliners=2
    Pair (4-3): Selected=0 / 5 choices
      Choice 1: inliners=38
      Choice 2: inliners=46
      Choice 3: inliners=14
      Choice 4: inliners=32
      Choice 5: inliners=68
    Pair (5-4): Selected=0 / 2 choices
      Choice 1: inliners=48
      Choice 2: inliners=12
    Pair (6-4): Selected=0 / 2 choices
      Choice 1: inliners=24
      Choice 2: inliners=6
    Pair (7-4): Selected=0 / 2 choices
      Choice 1: inliners=36
      Choice 2: inliners=30
    Pair (8-4): Selected=0 / 4 choices
      Choice 1: inliners=28
      Choice 2: inliners=22
      Choice 3: inliners=44
      Choice 4: inliners=0
    Pair (11-4): Selected=0 / 1 choices
      Choice 1: inliners=57
    Pair (13-4): Selected=0 / 1 choices
      Choice 1: inliners=14
    Pair (14-4): Selected=0 / 2 choices
      Choice 1: inliners=48
      Choice 2: inliners=16
    Pair (16-4): Selected=0 / 1 choices
      Choice 1: inliners=32
    Pair (17-4): Selected=0 / 1 choices
      Choice 1: inliners=66
    Pair (19-4): Selected=0 / 4 choices
      Choice 1: inliners=32
      Choice 2: inliners=44
      Choice 3: inliners=26
      Choice 4: inliners=40
    Pair (20-4): Selected=1 / 1 choices
      Choice 1: inliners=53 [SELECTED]
    Pair (21-4): Selected=0 / 3 choices
      Choice 1: inliners=22
      Choice 2: inliners=16
      Choice 3: inliners=32
    Pair (22-4): Selected=0 / 1 choices
      Choice 1: inliners=38
    Pair (27-4): Selected=1 / 1 choices
      Choice 1: inliners=39 [SELECTED]


--- GENERATION 640 BEST BREAKDOWN ---
  Total Fitness: 2048.11
  Inlier Reward: 1047.90
  Cycle Penalty: 0.00
  Overlap Penalty: 0.00
  Edge Residual Penalty: 0.00
  Edge Rot Residual Penalty: 0.00
  Connectivity Reward: 0.00
  Component Penalty: 0.00
  Consensus Support Reward: 1000.21
  Largest Component: 27
  Num Components: 1
  Active Pairs: 26
  OverlapDiag Sum (indexed): 0.0000 (delta_vs_fitness=0.0000)
  OverlapDiag Pairs: total=325 same_comp=325 broad_reject=275 narrow_checked=325 active=1
  OverlapDiag Active Pairs: none

  --- ACTIVE GENE MAP ---
    Gene  0 (Pair  2- 1): choice=2 (inl=32)
    Gene  2 (Pair  5- 1): choice=8 (inl=84)
    Gene  3 (Pair  6- 1): choice=1 (inl=30)
    Gene  7 (Pair 10- 1): choice=2 (inl=65)
    Gene 14 (Pair 19- 1): choice=2 (inl=89)
    Gene 18 (Pair 23- 1): choice=2 (inl=38)
    Gene 19 (Pair 24- 1): choice=1 (inl=36)
    Gene 20 (Pair 26- 1): choice=1 (inl=49)
    Gene 35 (Pair 25- 2): choice=2 (inl=26)
    Gene 42 (Pair  8- 3): choice=1 (inl=52)
    Gene 46 (Pair 12- 3): choice=1 (inl=48)
    Gene 47 (Pair 14- 3): choice=3 (inl=55)
    Gene 49 (Pair 16- 3): choice=1 (inl=64)
    Gene 67 (Pair 20- 4): choice=1 (inl=53)
    Gene 70 (Pair 27- 4): choice=1 (inl=39)
    Gene 95 (Pair 13- 6): choice=2 (inl=48)
    Gene 106 (Pair  8- 7): choice=3 (inl=98)
    Gene 109 (Pair 11- 7): choice=1 (inl=107)
    Gene 118 (Pair 22- 7): choice=3 (inl=28)
    Gene 151 (Pair 24- 9): choice=1 (inl=51)
    Gene 153 (Pair 12-10): choice=2 (inl=68)
    Gene 160 (Pair 21-10): choice=1 (inl=70)
    Gene 176 (Pair 15-12): choice=3 (inl=38)
    Gene 194 (Pair 17-14): choice=1 (inl=26)
    Gene 203 (Pair 18-15): choice=1 (inl=58)
    Gene 222 (Pair 20-19): choice=2 (inl=42)

  --- SHARD 4 CANDIDATE ANALYSIS ---
    Pair (4-2): Selected=0 / 2 choices
      Choice 1: inliners=26
      Choice 2: inliners=2
    Pair (4-3): Selected=0 / 5 choices
      Choice 1: inliners=38
      Choice 2: inliners=46
      Choice 3: inliners=14
      Choice 4: inliners=32
      Choice 5: inliners=68
    Pair (5-4): Selected=0 / 2 choices
      Choice 1: inliners=48
      Choice 2: inliners=12
    Pair (6-4): Selected=0 / 2 choices
      Choice 1: inliners=24
      Choice 2: inliners=6
    Pair (7-4): Selected=0 / 2 choices
      Choice 1: inliners=36
      Choice 2: inliners=30
    Pair (8-4): Selected=0 / 4 choices
      Choice 1: inliners=28
      Choice 2: inliners=22
      Choice 3: inliners=44
      Choice 4: inliners=0
    Pair (11-4): Selected=0 / 1 choices
      Choice 1: inliners=57
    Pair (13-4): Selected=0 / 1 choices
      Choice 1: inliners=14
    Pair (14-4): Selected=0 / 2 choices
      Choice 1: inliners=48
      Choice 2: inliners=16
    Pair (16-4): Selected=0 / 1 choices
      Choice 1: inliners=32
    Pair (17-4): Selected=0 / 1 choices
      Choice 1: inliners=66
    Pair (19-4): Selected=0 / 4 choices
      Choice 1: inliners=32
      Choice 2: inliners=44
      Choice 3: inliners=26
      Choice 4: inliners=40
    Pair (20-4): Selected=1 / 1 choices
      Choice 1: inliners=53 [SELECTED]
    Pair (21-4): Selected=0 / 3 choices
      Choice 1: inliners=22
      Choice 2: inliners=16
      Choice 3: inliners=32
    Pair (22-4): Selected=0 / 1 choices
      Choice 1: inliners=38
    Pair (27-4): Selected=1 / 1 choices
      Choice 1: inliners=39 [SELECTED]


--- GENERATION 650 BEST BREAKDOWN ---
  Total Fitness: 2070.95
  Inlier Reward: 1070.74
  Cycle Penalty: 0.00
  Overlap Penalty: 0.00
  Edge Residual Penalty: 0.00
  Edge Rot Residual Penalty: 0.00
  Connectivity Reward: 0.00
  Component Penalty: 0.00
  Consensus Support Reward: 1000.21
  Largest Component: 27
  Num Components: 1
  Active Pairs: 26
  OverlapDiag Sum (indexed): 0.0000 (delta_vs_fitness=0.0000)
  OverlapDiag Pairs: total=325 same_comp=325 broad_reject=277 narrow_checked=325 active=1
  OverlapDiag Active Pairs: none

  --- ACTIVE GENE MAP ---
    Gene  0 (Pair  2- 1): choice=2 (inl=32)
    Gene  2 (Pair  5- 1): choice=8 (inl=84)
    Gene  3 (Pair  6- 1): choice=1 (inl=30)
    Gene  7 (Pair 10- 1): choice=2 (inl=65)
    Gene 14 (Pair 19- 1): choice=2 (inl=89)
    Gene 18 (Pair 23- 1): choice=2 (inl=38)
    Gene 19 (Pair 24- 1): choice=1 (inl=36)
    Gene 35 (Pair 25- 2): choice=2 (inl=26)
    Gene 42 (Pair  8- 3): choice=1 (inl=52)
    Gene 46 (Pair 12- 3): choice=1 (inl=48)
    Gene 47 (Pair 14- 3): choice=3 (inl=55)
    Gene 49 (Pair 16- 3): choice=1 (inl=64)
    Gene 67 (Pair 20- 4): choice=1 (inl=53)
    Gene 70 (Pair 27- 4): choice=1 (inl=39)
    Gene 95 (Pair 13- 6): choice=2 (inl=48)
    Gene 106 (Pair  8- 7): choice=3 (inl=98)
    Gene 109 (Pair 11- 7): choice=1 (inl=107)
    Gene 118 (Pair 22- 7): choice=3 (inl=28)
    Gene 151 (Pair 24- 9): choice=1 (inl=51)
    Gene 152 (Pair 26- 9): choice=3 (inl=65)
    Gene 153 (Pair 12-10): choice=2 (inl=68)
    Gene 160 (Pair 21-10): choice=1 (inl=70)
    Gene 176 (Pair 15-12): choice=3 (inl=38)
    Gene 194 (Pair 17-14): choice=1 (inl=26)
    Gene 203 (Pair 18-15): choice=1 (inl=58)
    Gene 222 (Pair 20-19): choice=2 (inl=42)

  --- SHARD 4 CANDIDATE ANALYSIS ---
    Pair (4-2): Selected=0 / 2 choices
      Choice 1: inliners=26
      Choice 2: inliners=2
    Pair (4-3): Selected=0 / 5 choices
      Choice 1: inliners=38
      Choice 2: inliners=46
      Choice 3: inliners=14
      Choice 4: inliners=32
      Choice 5: inliners=68
    Pair (5-4): Selected=0 / 2 choices
      Choice 1: inliners=48
      Choice 2: inliners=12
    Pair (6-4): Selected=0 / 2 choices
      Choice 1: inliners=24
      Choice 2: inliners=6
    Pair (7-4): Selected=0 / 2 choices
      Choice 1: inliners=36
      Choice 2: inliners=30
    Pair (8-4): Selected=0 / 4 choices
      Choice 1: inliners=28
      Choice 2: inliners=22
      Choice 3: inliners=44
      Choice 4: inliners=0
    Pair (11-4): Selected=0 / 1 choices
      Choice 1: inliners=57
    Pair (13-4): Selected=0 / 1 choices
      Choice 1: inliners=14
    Pair (14-4): Selected=0 / 2 choices
      Choice 1: inliners=48
      Choice 2: inliners=16
    Pair (16-4): Selected=0 / 1 choices
      Choice 1: inliners=32
    Pair (17-4): Selected=0 / 1 choices
      Choice 1: inliners=66
    Pair (19-4): Selected=0 / 4 choices
      Choice 1: inliners=32
      Choice 2: inliners=44
      Choice 3: inliners=26
      Choice 4: inliners=40
    Pair (20-4): Selected=1 / 1 choices
      Choice 1: inliners=53 [SELECTED]
    Pair (21-4): Selected=0 / 3 choices
      Choice 1: inliners=22
      Choice 2: inliners=16
      Choice 3: inliners=32
    Pair (22-4): Selected=0 / 1 choices
      Choice 1: inliners=38
    Pair (27-4): Selected=1 / 1 choices
      Choice 1: inliners=39 [SELECTED]


--- GENERATION 660 BEST BREAKDOWN ---
  Total Fitness: 2070.95
  Inlier Reward: 1070.74
  Cycle Penalty: 0.00
  Overlap Penalty: 0.00
  Edge Residual Penalty: 0.00
  Edge Rot Residual Penalty: 0.00
  Connectivity Reward: 0.00
  Component Penalty: 0.00
  Consensus Support Reward: 1000.21
  Largest Component: 27
  Num Components: 1
  Active Pairs: 26
  OverlapDiag Sum (indexed): 0.0000 (delta_vs_fitness=0.0000)
  OverlapDiag Pairs: total=325 same_comp=325 broad_reject=277 narrow_checked=325 active=1
  OverlapDiag Active Pairs: none

  --- ACTIVE GENE MAP ---
    Gene  0 (Pair  2- 1): choice=2 (inl=32)
    Gene  2 (Pair  5- 1): choice=8 (inl=84)
    Gene  3 (Pair  6- 1): choice=1 (inl=30)
    Gene  7 (Pair 10- 1): choice=2 (inl=65)
    Gene 14 (Pair 19- 1): choice=2 (inl=89)
    Gene 18 (Pair 23- 1): choice=2 (inl=38)
    Gene 19 (Pair 24- 1): choice=1 (inl=36)
    Gene 35 (Pair 25- 2): choice=2 (inl=26)
    Gene 42 (Pair  8- 3): choice=1 (inl=52)
    Gene 46 (Pair 12- 3): choice=1 (inl=48)
    Gene 47 (Pair 14- 3): choice=3 (inl=55)
    Gene 49 (Pair 16- 3): choice=1 (inl=64)
    Gene 67 (Pair 20- 4): choice=1 (inl=53)
    Gene 70 (Pair 27- 4): choice=1 (inl=39)
    Gene 95 (Pair 13- 6): choice=2 (inl=48)
    Gene 106 (Pair  8- 7): choice=3 (inl=98)
    Gene 109 (Pair 11- 7): choice=1 (inl=107)
    Gene 118 (Pair 22- 7): choice=3 (inl=28)
    Gene 151 (Pair 24- 9): choice=1 (inl=51)
    Gene 152 (Pair 26- 9): choice=3 (inl=65)
    Gene 153 (Pair 12-10): choice=2 (inl=68)
    Gene 160 (Pair 21-10): choice=1 (inl=70)
    Gene 176 (Pair 15-12): choice=3 (inl=38)
    Gene 194 (Pair 17-14): choice=1 (inl=26)
    Gene 203 (Pair 18-15): choice=1 (inl=58)
    Gene 222 (Pair 20-19): choice=2 (inl=42)

  --- SHARD 4 CANDIDATE ANALYSIS ---
    Pair (4-2): Selected=0 / 2 choices
      Choice 1: inliners=26
      Choice 2: inliners=2
    Pair (4-3): Selected=0 / 5 choices
      Choice 1: inliners=38
      Choice 2: inliners=46
      Choice 3: inliners=14
      Choice 4: inliners=32
      Choice 5: inliners=68
    Pair (5-4): Selected=0 / 2 choices
      Choice 1: inliners=48
      Choice 2: inliners=12
    Pair (6-4): Selected=0 / 2 choices
      Choice 1: inliners=24
      Choice 2: inliners=6
    Pair (7-4): Selected=0 / 2 choices
      Choice 1: inliners=36
      Choice 2: inliners=30
    Pair (8-4): Selected=0 / 4 choices
      Choice 1: inliners=28
      Choice 2: inliners=22
      Choice 3: inliners=44
      Choice 4: inliners=0
    Pair (11-4): Selected=0 / 1 choices
      Choice 1: inliners=57
    Pair (13-4): Selected=0 / 1 choices
      Choice 1: inliners=14
    Pair (14-4): Selected=0 / 2 choices
      Choice 1: inliners=48
      Choice 2: inliners=16
    Pair (16-4): Selected=0 / 1 choices
      Choice 1: inliners=32
    Pair (17-4): Selected=0 / 1 choices
      Choice 1: inliners=66
    Pair (19-4): Selected=0 / 4 choices
      Choice 1: inliners=32
      Choice 2: inliners=44
      Choice 3: inliners=26
      Choice 4: inliners=40
    Pair (20-4): Selected=1 / 1 choices
      Choice 1: inliners=53 [SELECTED]
    Pair (21-4): Selected=0 / 3 choices
      Choice 1: inliners=22
      Choice 2: inliners=16
      Choice 3: inliners=32
    Pair (22-4): Selected=0 / 1 choices
      Choice 1: inliners=38
    Pair (27-4): Selected=1 / 1 choices
      Choice 1: inliners=39 [SELECTED]


--- GENERATION 670 BEST BREAKDOWN ---
  Total Fitness: 2175.97
  Inlier Reward: 1043.37
  Cycle Penalty: 0.00
  Overlap Penalty: 0.00
  Edge Residual Penalty: 0.00
  Edge Rot Residual Penalty: 0.00
  Connectivity Reward: 0.00
  Component Penalty: 0.00
  Consensus Support Reward: 1132.60
  Largest Component: 27
  Num Components: 1
  Active Pairs: 26
  OverlapDiag Sum (indexed): 0.0000 (delta_vs_fitness=0.0000)
  OverlapDiag Pairs: total=325 same_comp=325 broad_reject=277 narrow_checked=325 active=0
  OverlapDiag Active Pairs: none

  --- ACTIVE GENE MAP ---
    Gene  2 (Pair  5- 1): choice=8 (inl=84)
    Gene  3 (Pair  6- 1): choice=1 (inl=30)
    Gene  7 (Pair 10- 1): choice=2 (inl=65)
    Gene 14 (Pair 19- 1): choice=2 (inl=89)
    Gene 18 (Pair 23- 1): choice=2 (inl=38)
    Gene 19 (Pair 24- 1): choice=1 (inl=36)
    Gene 25 (Pair  9- 2): choice=2 (inl=36)
    Gene 35 (Pair 25- 2): choice=2 (inl=26)
    Gene 36 (Pair 26- 2): choice=4 (inl=34)
    Gene 42 (Pair  8- 3): choice=1 (inl=52)
    Gene 46 (Pair 12- 3): choice=1 (inl=48)
    Gene 47 (Pair 14- 3): choice=3 (inl=55)
    Gene 49 (Pair 16- 3): choice=1 (inl=64)
    Gene 67 (Pair 20- 4): choice=1 (inl=53)
    Gene 70 (Pair 27- 4): choice=1 (inl=39)
    Gene 95 (Pair 13- 6): choice=2 (inl=48)
    Gene 106 (Pair  8- 7): choice=3 (inl=98)
    Gene 109 (Pair 11- 7): choice=1 (inl=107)
    Gene 118 (Pair 22- 7): choice=3 (inl=28)
    Gene 151 (Pair 24- 9): choice=1 (inl=51)
    Gene 153 (Pair 12-10): choice=2 (inl=68)
    Gene 160 (Pair 21-10): choice=1 (inl=70)
    Gene 176 (Pair 15-12): choice=3 (inl=38)
    Gene 194 (Pair 17-14): choice=1 (inl=26)
    Gene 203 (Pair 18-15): choice=1 (inl=58)
    Gene 222 (Pair 20-19): choice=2 (inl=42)

  --- SHARD 4 CANDIDATE ANALYSIS ---
    Pair (4-2): Selected=0 / 2 choices
      Choice 1: inliners=26
      Choice 2: inliners=2
    Pair (4-3): Selected=0 / 5 choices
      Choice 1: inliners=38
      Choice 2: inliners=46
      Choice 3: inliners=14
      Choice 4: inliners=32
      Choice 5: inliners=68
    Pair (5-4): Selected=0 / 2 choices
      Choice 1: inliners=48
      Choice 2: inliners=12
    Pair (6-4): Selected=0 / 2 choices
      Choice 1: inliners=24
      Choice 2: inliners=6
    Pair (7-4): Selected=0 / 2 choices
      Choice 1: inliners=36
      Choice 2: inliners=30
    Pair (8-4): Selected=0 / 4 choices
      Choice 1: inliners=28
      Choice 2: inliners=22
      Choice 3: inliners=44
      Choice 4: inliners=0
    Pair (11-4): Selected=0 / 1 choices
      Choice 1: inliners=57
    Pair (13-4): Selected=0 / 1 choices
      Choice 1: inliners=14
    Pair (14-4): Selected=0 / 2 choices
      Choice 1: inliners=48
      Choice 2: inliners=16
    Pair (16-4): Selected=0 / 1 choices
      Choice 1: inliners=32
    Pair (17-4): Selected=0 / 1 choices
      Choice 1: inliners=66
    Pair (19-4): Selected=0 / 4 choices
      Choice 1: inliners=32
      Choice 2: inliners=44
      Choice 3: inliners=26
      Choice 4: inliners=40
    Pair (20-4): Selected=1 / 1 choices
      Choice 1: inliners=53 [SELECTED]
    Pair (21-4): Selected=0 / 3 choices
      Choice 1: inliners=22
      Choice 2: inliners=16
      Choice 3: inliners=32
    Pair (22-4): Selected=0 / 1 choices
      Choice 1: inliners=38
    Pair (27-4): Selected=1 / 1 choices
      Choice 1: inliners=39 [SELECTED]


--- GENERATION 680 BEST BREAKDOWN ---
  Total Fitness: 2184.06
  Inlier Reward: 1037.59
  Cycle Penalty: 0.00
  Overlap Penalty: 0.00
  Edge Residual Penalty: 0.00
  Edge Rot Residual Penalty: 0.00
  Connectivity Reward: 0.00
  Component Penalty: 0.00
  Consensus Support Reward: 1146.47
  Largest Component: 27
  Num Components: 1
  Active Pairs: 26
  OverlapDiag Sum (indexed): 0.0000 (delta_vs_fitness=0.0000)
  OverlapDiag Pairs: total=325 same_comp=325 broad_reject=278 narrow_checked=325 active=0
  OverlapDiag Active Pairs: none

  --- ACTIVE GENE MAP ---
    Gene  2 (Pair  5- 1): choice=8 (inl=84)
    Gene  3 (Pair  6- 1): choice=1 (inl=30)
    Gene  7 (Pair 10- 1): choice=2 (inl=65)
    Gene 18 (Pair 23- 1): choice=2 (inl=38)
    Gene 19 (Pair 24- 1): choice=1 (inl=36)
    Gene 25 (Pair  9- 2): choice=2 (inl=36)
    Gene 35 (Pair 25- 2): choice=2 (inl=26)
    Gene 36 (Pair 26- 2): choice=4 (inl=34)
    Gene 42 (Pair  8- 3): choice=1 (inl=52)
    Gene 46 (Pair 12- 3): choice=1 (inl=48)
    Gene 47 (Pair 14- 3): choice=3 (inl=55)
    Gene 49 (Pair 16- 3): choice=1 (inl=64)
    Gene 67 (Pair 20- 4): choice=1 (inl=53)
    Gene 70 (Pair 27- 4): choice=1 (inl=39)
    Gene 95 (Pair 13- 6): choice=2 (inl=48)
    Gene 106 (Pair  8- 7): choice=3 (inl=98)
    Gene 109 (Pair 11- 7): choice=1 (inl=107)
    Gene 118 (Pair 22- 7): choice=3 (inl=28)
    Gene 151 (Pair 24- 9): choice=1 (inl=51)
    Gene 153 (Pair 12-10): choice=2 (inl=68)
    Gene 160 (Pair 21-10): choice=1 (inl=70)
    Gene 176 (Pair 15-12): choice=3 (inl=38)
    Gene 194 (Pair 17-14): choice=1 (inl=26)
    Gene 203 (Pair 18-15): choice=1 (inl=58)
    Gene 222 (Pair 20-19): choice=2 (inl=42)
    Gene 223 (Pair 21-19): choice=1 (inl=80)

  --- SHARD 4 CANDIDATE ANALYSIS ---
    Pair (4-2): Selected=0 / 2 choices
      Choice 1: inliners=26
      Choice 2: inliners=2
    Pair (4-3): Selected=0 / 5 choices
      Choice 1: inliners=38
      Choice 2: inliners=46
      Choice 3: inliners=14
      Choice 4: inliners=32
      Choice 5: inliners=68
    Pair (5-4): Selected=0 / 2 choices
      Choice 1: inliners=48
      Choice 2: inliners=12
    Pair (6-4): Selected=0 / 2 choices
      Choice 1: inliners=24
      Choice 2: inliners=6
    Pair (7-4): Selected=0 / 2 choices
      Choice 1: inliners=36
      Choice 2: inliners=30
    Pair (8-4): Selected=0 / 4 choices
      Choice 1: inliners=28
      Choice 2: inliners=22
      Choice 3: inliners=44
      Choice 4: inliners=0
    Pair (11-4): Selected=0 / 1 choices
      Choice 1: inliners=57
    Pair (13-4): Selected=0 / 1 choices
      Choice 1: inliners=14
    Pair (14-4): Selected=0 / 2 choices
      Choice 1: inliners=48
      Choice 2: inliners=16
    Pair (16-4): Selected=0 / 1 choices
      Choice 1: inliners=32
    Pair (17-4): Selected=0 / 1 choices
      Choice 1: inliners=66
    Pair (19-4): Selected=0 / 4 choices
      Choice 1: inliners=32
      Choice 2: inliners=44
      Choice 3: inliners=26
      Choice 4: inliners=40
    Pair (20-4): Selected=1 / 1 choices
      Choice 1: inliners=53 [SELECTED]
    Pair (21-4): Selected=0 / 3 choices
      Choice 1: inliners=22
      Choice 2: inliners=16
      Choice 3: inliners=32
    Pair (22-4): Selected=0 / 1 choices
      Choice 1: inliners=38
    Pair (27-4): Selected=1 / 1 choices
      Choice 1: inliners=39 [SELECTED]


--- GENERATION 690 BEST BREAKDOWN ---
  Total Fitness: 2235.64
  Inlier Reward: 1000.75
  Cycle Penalty: 0.00
  Overlap Penalty: 0.00
  Edge Residual Penalty: 0.00
  Edge Rot Residual Penalty: 0.00
  Connectivity Reward: 0.00
  Component Penalty: 0.00
  Consensus Support Reward: 1234.89
  Largest Component: 27
  Num Components: 1
  Active Pairs: 26
  OverlapDiag Sum (indexed): 0.0000 (delta_vs_fitness=0.0000)
  OverlapDiag Pairs: total=325 same_comp=325 broad_reject=280 narrow_checked=325 active=0
  OverlapDiag Active Pairs: none

  --- ACTIVE GENE MAP ---
    Gene  3 (Pair  6- 1): choice=1 (inl=30)
    Gene  7 (Pair 10- 1): choice=2 (inl=65)
    Gene 18 (Pair 23- 1): choice=2 (inl=38)
    Gene 19 (Pair 24- 1): choice=1 (inl=36)
    Gene 25 (Pair  9- 2): choice=2 (inl=36)
    Gene 35 (Pair 25- 2): choice=2 (inl=26)
    Gene 36 (Pair 26- 2): choice=4 (inl=34)
    Gene 42 (Pair  8- 3): choice=1 (inl=52)
    Gene 46 (Pair 12- 3): choice=1 (inl=48)
    Gene 47 (Pair 14- 3): choice=3 (inl=55)
    Gene 49 (Pair 16- 3): choice=1 (inl=64)
    Gene 67 (Pair 20- 4): choice=1 (inl=53)
    Gene 70 (Pair 27- 4): choice=1 (inl=39)
    Gene 74 (Pair  9- 5): choice=5 (inl=74)
    Gene 94 (Pair 12- 6): choice=3 (inl=26)
    Gene 95 (Pair 13- 6): choice=2 (inl=48)
    Gene 106 (Pair  8- 7): choice=3 (inl=98)
    Gene 109 (Pair 11- 7): choice=1 (inl=107)
    Gene 118 (Pair 22- 7): choice=3 (inl=28)
    Gene 151 (Pair 24- 9): choice=1 (inl=51)
    Gene 160 (Pair 21-10): choice=1 (inl=70)
    Gene 176 (Pair 15-12): choice=3 (inl=38)
    Gene 194 (Pair 17-14): choice=1 (inl=26)
    Gene 203 (Pair 18-15): choice=1 (inl=58)
    Gene 222 (Pair 20-19): choice=2 (inl=42)
    Gene 223 (Pair 21-19): choice=1 (inl=80)

  --- SHARD 4 CANDIDATE ANALYSIS ---
    Pair (4-2): Selected=0 / 2 choices
      Choice 1: inliners=26
      Choice 2: inliners=2
    Pair (4-3): Selected=0 / 5 choices
      Choice 1: inliners=38
      Choice 2: inliners=46
      Choice 3: inliners=14
      Choice 4: inliners=32
      Choice 5: inliners=68
    Pair (5-4): Selected=0 / 2 choices
      Choice 1: inliners=48
      Choice 2: inliners=12
    Pair (6-4): Selected=0 / 2 choices
      Choice 1: inliners=24
      Choice 2: inliners=6
    Pair (7-4): Selected=0 / 2 choices
      Choice 1: inliners=36
      Choice 2: inliners=30
    Pair (8-4): Selected=0 / 4 choices
      Choice 1: inliners=28
      Choice 2: inliners=22
      Choice 3: inliners=44
      Choice 4: inliners=0
    Pair (11-4): Selected=0 / 1 choices
      Choice 1: inliners=57
    Pair (13-4): Selected=0 / 1 choices
      Choice 1: inliners=14
    Pair (14-4): Selected=0 / 2 choices
      Choice 1: inliners=48
      Choice 2: inliners=16
    Pair (16-4): Selected=0 / 1 choices
      Choice 1: inliners=32
    Pair (17-4): Selected=0 / 1 choices
      Choice 1: inliners=66
    Pair (19-4): Selected=0 / 4 choices
      Choice 1: inliners=32
      Choice 2: inliners=44
      Choice 3: inliners=26
      Choice 4: inliners=40
    Pair (20-4): Selected=1 / 1 choices
      Choice 1: inliners=53 [SELECTED]
    Pair (21-4): Selected=0 / 3 choices
      Choice 1: inliners=22
      Choice 2: inliners=16
      Choice 3: inliners=32
    Pair (22-4): Selected=0 / 1 choices
      Choice 1: inliners=38
    Pair (27-4): Selected=1 / 1 choices
      Choice 1: inliners=39 [SELECTED]


--- GENERATION 700 BEST BREAKDOWN ---
  Total Fitness: 2235.64
  Inlier Reward: 1000.75
  Cycle Penalty: 0.00
  Overlap Penalty: 0.00
  Edge Residual Penalty: 0.00
  Edge Rot Residual Penalty: 0.00
  Connectivity Reward: 0.00
  Component Penalty: 0.00
  Consensus Support Reward: 1234.89
  Largest Component: 27
  Num Components: 1
  Active Pairs: 26
  OverlapDiag Sum (indexed): 0.0000 (delta_vs_fitness=0.0000)
  OverlapDiag Pairs: total=325 same_comp=325 broad_reject=280 narrow_checked=325 active=0
  OverlapDiag Active Pairs: none

  --- ACTIVE GENE MAP ---
    Gene  3 (Pair  6- 1): choice=1 (inl=30)
    Gene  7 (Pair 10- 1): choice=2 (inl=65)
    Gene 18 (Pair 23- 1): choice=2 (inl=38)
    Gene 19 (Pair 24- 1): choice=1 (inl=36)
    Gene 25 (Pair  9- 2): choice=2 (inl=36)
    Gene 35 (Pair 25- 2): choice=2 (inl=26)
    Gene 36 (Pair 26- 2): choice=4 (inl=34)
    Gene 42 (Pair  8- 3): choice=1 (inl=52)
    Gene 46 (Pair 12- 3): choice=1 (inl=48)
    Gene 47 (Pair 14- 3): choice=3 (inl=55)
    Gene 49 (Pair 16- 3): choice=1 (inl=64)
    Gene 67 (Pair 20- 4): choice=1 (inl=53)
    Gene 70 (Pair 27- 4): choice=1 (inl=39)
    Gene 74 (Pair  9- 5): choice=5 (inl=74)
    Gene 94 (Pair 12- 6): choice=3 (inl=26)
    Gene 95 (Pair 13- 6): choice=2 (inl=48)
    Gene 106 (Pair  8- 7): choice=3 (inl=98)
    Gene 109 (Pair 11- 7): choice=1 (inl=107)
    Gene 118 (Pair 22- 7): choice=3 (inl=28)
    Gene 151 (Pair 24- 9): choice=1 (inl=51)
    Gene 160 (Pair 21-10): choice=1 (inl=70)
    Gene 176 (Pair 15-12): choice=3 (inl=38)
    Gene 194 (Pair 17-14): choice=1 (inl=26)
    Gene 203 (Pair 18-15): choice=1 (inl=58)
    Gene 222 (Pair 20-19): choice=2 (inl=42)
    Gene 223 (Pair 21-19): choice=1 (inl=80)

  --- SHARD 4 CANDIDATE ANALYSIS ---
    Pair (4-2): Selected=0 / 2 choices
      Choice 1: inliners=26
      Choice 2: inliners=2
    Pair (4-3): Selected=0 / 5 choices
      Choice 1: inliners=38
      Choice 2: inliners=46
      Choice 3: inliners=14
      Choice 4: inliners=32
      Choice 5: inliners=68
    Pair (5-4): Selected=0 / 2 choices
      Choice 1: inliners=48
      Choice 2: inliners=12
    Pair (6-4): Selected=0 / 2 choices
      Choice 1: inliners=24
      Choice 2: inliners=6
    Pair (7-4): Selected=0 / 2 choices
      Choice 1: inliners=36
      Choice 2: inliners=30
    Pair (8-4): Selected=0 / 4 choices
      Choice 1: inliners=28
      Choice 2: inliners=22
      Choice 3: inliners=44
      Choice 4: inliners=0
    Pair (11-4): Selected=0 / 1 choices
      Choice 1: inliners=57
    Pair (13-4): Selected=0 / 1 choices
      Choice 1: inliners=14
    Pair (14-4): Selected=0 / 2 choices
      Choice 1: inliners=48
      Choice 2: inliners=16
    Pair (16-4): Selected=0 / 1 choices
      Choice 1: inliners=32
    Pair (17-4): Selected=0 / 1 choices
      Choice 1: inliners=66
    Pair (19-4): Selected=0 / 4 choices
      Choice 1: inliners=32
      Choice 2: inliners=44
      Choice 3: inliners=26
      Choice 4: inliners=40
    Pair (20-4): Selected=1 / 1 choices
      Choice 1: inliners=53 [SELECTED]
    Pair (21-4): Selected=0 / 3 choices
      Choice 1: inliners=22
      Choice 2: inliners=16
      Choice 3: inliners=32
    Pair (22-4): Selected=0 / 1 choices
      Choice 1: inliners=38
    Pair (27-4): Selected=1 / 1 choices
      Choice 1: inliners=39 [SELECTED]


--- GENERATION 710 BEST BREAKDOWN ---
  Total Fitness: 2235.64
  Inlier Reward: 1000.75
  Cycle Penalty: 0.00
  Overlap Penalty: 0.00
  Edge Residual Penalty: 0.00
  Edge Rot Residual Penalty: 0.00
  Connectivity Reward: 0.00
  Component Penalty: 0.00
  Consensus Support Reward: 1234.89
  Largest Component: 27
  Num Components: 1
  Active Pairs: 26
  OverlapDiag Sum (indexed): 0.0000 (delta_vs_fitness=0.0000)
  OverlapDiag Pairs: total=325 same_comp=325 broad_reject=280 narrow_checked=325 active=0
  OverlapDiag Active Pairs: none

  --- ACTIVE GENE MAP ---
    Gene  3 (Pair  6- 1): choice=1 (inl=30)
    Gene  7 (Pair 10- 1): choice=2 (inl=65)
    Gene 18 (Pair 23- 1): choice=2 (inl=38)
    Gene 19 (Pair 24- 1): choice=1 (inl=36)
    Gene 25 (Pair  9- 2): choice=2 (inl=36)
    Gene 35 (Pair 25- 2): choice=2 (inl=26)
    Gene 36 (Pair 26- 2): choice=4 (inl=34)
    Gene 42 (Pair  8- 3): choice=1 (inl=52)
    Gene 46 (Pair 12- 3): choice=1 (inl=48)
    Gene 47 (Pair 14- 3): choice=3 (inl=55)
    Gene 49 (Pair 16- 3): choice=1 (inl=64)
    Gene 67 (Pair 20- 4): choice=1 (inl=53)
    Gene 70 (Pair 27- 4): choice=1 (inl=39)
    Gene 74 (Pair  9- 5): choice=5 (inl=74)
    Gene 94 (Pair 12- 6): choice=3 (inl=26)
    Gene 95 (Pair 13- 6): choice=2 (inl=48)
    Gene 106 (Pair  8- 7): choice=3 (inl=98)
    Gene 109 (Pair 11- 7): choice=1 (inl=107)
    Gene 118 (Pair 22- 7): choice=3 (inl=28)
    Gene 151 (Pair 24- 9): choice=1 (inl=51)
    Gene 160 (Pair 21-10): choice=1 (inl=70)
    Gene 176 (Pair 15-12): choice=3 (inl=38)
    Gene 194 (Pair 17-14): choice=1 (inl=26)
    Gene 203 (Pair 18-15): choice=1 (inl=58)
    Gene 222 (Pair 20-19): choice=2 (inl=42)
    Gene 223 (Pair 21-19): choice=1 (inl=80)

  --- SHARD 4 CANDIDATE ANALYSIS ---
    Pair (4-2): Selected=0 / 2 choices
      Choice 1: inliners=26
      Choice 2: inliners=2
    Pair (4-3): Selected=0 / 5 choices
      Choice 1: inliners=38
      Choice 2: inliners=46
      Choice 3: inliners=14
      Choice 4: inliners=32
      Choice 5: inliners=68
    Pair (5-4): Selected=0 / 2 choices
      Choice 1: inliners=48
      Choice 2: inliners=12
    Pair (6-4): Selected=0 / 2 choices
      Choice 1: inliners=24
      Choice 2: inliners=6
    Pair (7-4): Selected=0 / 2 choices
      Choice 1: inliners=36
      Choice 2: inliners=30
    Pair (8-4): Selected=0 / 4 choices
      Choice 1: inliners=28
      Choice 2: inliners=22
      Choice 3: inliners=44
      Choice 4: inliners=0
    Pair (11-4): Selected=0 / 1 choices
      Choice 1: inliners=57
    Pair (13-4): Selected=0 / 1 choices
      Choice 1: inliners=14
    Pair (14-4): Selected=0 / 2 choices
      Choice 1: inliners=48
      Choice 2: inliners=16
    Pair (16-4): Selected=0 / 1 choices
      Choice 1: inliners=32
    Pair (17-4): Selected=0 / 1 choices
      Choice 1: inliners=66
    Pair (19-4): Selected=0 / 4 choices
      Choice 1: inliners=32
      Choice 2: inliners=44
      Choice 3: inliners=26
      Choice 4: inliners=40
    Pair (20-4): Selected=1 / 1 choices
      Choice 1: inliners=53 [SELECTED]
    Pair (21-4): Selected=0 / 3 choices
      Choice 1: inliners=22
      Choice 2: inliners=16
      Choice 3: inliners=32
    Pair (22-4): Selected=0 / 1 choices
      Choice 1: inliners=38
    Pair (27-4): Selected=1 / 1 choices
      Choice 1: inliners=39 [SELECTED]


--- GENERATION 720 BEST BREAKDOWN ---
  Total Fitness: 2235.64
  Inlier Reward: 1000.75
  Cycle Penalty: 0.00
  Overlap Penalty: 0.00
  Edge Residual Penalty: 0.00
  Edge Rot Residual Penalty: 0.00
  Connectivity Reward: 0.00
  Component Penalty: 0.00
  Consensus Support Reward: 1234.89
  Largest Component: 27
  Num Components: 1
  Active Pairs: 26
  OverlapDiag Sum (indexed): 0.0000 (delta_vs_fitness=0.0000)
  OverlapDiag Pairs: total=325 same_comp=325 broad_reject=280 narrow_checked=325 active=0
  OverlapDiag Active Pairs: none

  --- ACTIVE GENE MAP ---
    Gene  3 (Pair  6- 1): choice=1 (inl=30)
    Gene  7 (Pair 10- 1): choice=2 (inl=65)
    Gene 18 (Pair 23- 1): choice=2 (inl=38)
    Gene 19 (Pair 24- 1): choice=1 (inl=36)
    Gene 25 (Pair  9- 2): choice=2 (inl=36)
    Gene 35 (Pair 25- 2): choice=2 (inl=26)
    Gene 36 (Pair 26- 2): choice=4 (inl=34)
    Gene 42 (Pair  8- 3): choice=1 (inl=52)
    Gene 46 (Pair 12- 3): choice=1 (inl=48)
    Gene 47 (Pair 14- 3): choice=3 (inl=55)
    Gene 49 (Pair 16- 3): choice=1 (inl=64)
    Gene 67 (Pair 20- 4): choice=1 (inl=53)
    Gene 70 (Pair 27- 4): choice=1 (inl=39)
    Gene 74 (Pair  9- 5): choice=5 (inl=74)
    Gene 94 (Pair 12- 6): choice=3 (inl=26)
    Gene 95 (Pair 13- 6): choice=2 (inl=48)
    Gene 106 (Pair  8- 7): choice=3 (inl=98)
    Gene 109 (Pair 11- 7): choice=1 (inl=107)
    Gene 118 (Pair 22- 7): choice=3 (inl=28)
    Gene 151 (Pair 24- 9): choice=1 (inl=51)
    Gene 160 (Pair 21-10): choice=1 (inl=70)
    Gene 176 (Pair 15-12): choice=3 (inl=38)
    Gene 194 (Pair 17-14): choice=1 (inl=26)
    Gene 203 (Pair 18-15): choice=1 (inl=58)
    Gene 222 (Pair 20-19): choice=2 (inl=42)
    Gene 223 (Pair 21-19): choice=1 (inl=80)

  --- SHARD 4 CANDIDATE ANALYSIS ---
    Pair (4-2): Selected=0 / 2 choices
      Choice 1: inliners=26
      Choice 2: inliners=2
    Pair (4-3): Selected=0 / 5 choices
      Choice 1: inliners=38
      Choice 2: inliners=46
      Choice 3: inliners=14
      Choice 4: inliners=32
      Choice 5: inliners=68
    Pair (5-4): Selected=0 / 2 choices
      Choice 1: inliners=48
      Choice 2: inliners=12
    Pair (6-4): Selected=0 / 2 choices
      Choice 1: inliners=24
      Choice 2: inliners=6
    Pair (7-4): Selected=0 / 2 choices
      Choice 1: inliners=36
      Choice 2: inliners=30
    Pair (8-4): Selected=0 / 4 choices
      Choice 1: inliners=28
      Choice 2: inliners=22
      Choice 3: inliners=44
      Choice 4: inliners=0
    Pair (11-4): Selected=0 / 1 choices
      Choice 1: inliners=57
    Pair (13-4): Selected=0 / 1 choices
      Choice 1: inliners=14
    Pair (14-4): Selected=0 / 2 choices
      Choice 1: inliners=48
      Choice 2: inliners=16
    Pair (16-4): Selected=0 / 1 choices
      Choice 1: inliners=32
    Pair (17-4): Selected=0 / 1 choices
      Choice 1: inliners=66
    Pair (19-4): Selected=0 / 4 choices
      Choice 1: inliners=32
      Choice 2: inliners=44
      Choice 3: inliners=26
      Choice 4: inliners=40
    Pair (20-4): Selected=1 / 1 choices
      Choice 1: inliners=53 [SELECTED]
    Pair (21-4): Selected=0 / 3 choices
      Choice 1: inliners=22
      Choice 2: inliners=16
      Choice 3: inliners=32
    Pair (22-4): Selected=0 / 1 choices
      Choice 1: inliners=38
    Pair (27-4): Selected=1 / 1 choices
      Choice 1: inliners=39 [SELECTED]


--- GENERATION 730 BEST BREAKDOWN ---
  Total Fitness: 2235.64
  Inlier Reward: 1000.75
  Cycle Penalty: 0.00
  Overlap Penalty: 0.00
  Edge Residual Penalty: 0.00
  Edge Rot Residual Penalty: 0.00
  Connectivity Reward: 0.00
  Component Penalty: 0.00
  Consensus Support Reward: 1234.89
  Largest Component: 27
  Num Components: 1
  Active Pairs: 26
  OverlapDiag Sum (indexed): 0.0000 (delta_vs_fitness=0.0000)
  OverlapDiag Pairs: total=325 same_comp=325 broad_reject=280 narrow_checked=325 active=0
  OverlapDiag Active Pairs: none

  --- ACTIVE GENE MAP ---
    Gene  3 (Pair  6- 1): choice=1 (inl=30)
    Gene  7 (Pair 10- 1): choice=2 (inl=65)
    Gene 18 (Pair 23- 1): choice=2 (inl=38)
    Gene 19 (Pair 24- 1): choice=1 (inl=36)
    Gene 25 (Pair  9- 2): choice=2 (inl=36)
    Gene 35 (Pair 25- 2): choice=2 (inl=26)
    Gene 36 (Pair 26- 2): choice=4 (inl=34)
    Gene 42 (Pair  8- 3): choice=1 (inl=52)
    Gene 46 (Pair 12- 3): choice=1 (inl=48)
    Gene 47 (Pair 14- 3): choice=3 (inl=55)
    Gene 49 (Pair 16- 3): choice=1 (inl=64)
    Gene 67 (Pair 20- 4): choice=1 (inl=53)
    Gene 70 (Pair 27- 4): choice=1 (inl=39)
    Gene 74 (Pair  9- 5): choice=5 (inl=74)
    Gene 94 (Pair 12- 6): choice=3 (inl=26)
    Gene 95 (Pair 13- 6): choice=2 (inl=48)
    Gene 106 (Pair  8- 7): choice=3 (inl=98)
    Gene 109 (Pair 11- 7): choice=1 (inl=107)
    Gene 118 (Pair 22- 7): choice=3 (inl=28)
    Gene 151 (Pair 24- 9): choice=1 (inl=51)
    Gene 160 (Pair 21-10): choice=1 (inl=70)
    Gene 176 (Pair 15-12): choice=3 (inl=38)
    Gene 194 (Pair 17-14): choice=1 (inl=26)
    Gene 203 (Pair 18-15): choice=1 (inl=58)
    Gene 222 (Pair 20-19): choice=2 (inl=42)
    Gene 223 (Pair 21-19): choice=1 (inl=80)

  --- SHARD 4 CANDIDATE ANALYSIS ---
    Pair (4-2): Selected=0 / 2 choices
      Choice 1: inliners=26
      Choice 2: inliners=2
    Pair (4-3): Selected=0 / 5 choices
      Choice 1: inliners=38
      Choice 2: inliners=46
      Choice 3: inliners=14
      Choice 4: inliners=32
      Choice 5: inliners=68
    Pair (5-4): Selected=0 / 2 choices
      Choice 1: inliners=48
      Choice 2: inliners=12
    Pair (6-4): Selected=0 / 2 choices
      Choice 1: inliners=24
      Choice 2: inliners=6
    Pair (7-4): Selected=0 / 2 choices
      Choice 1: inliners=36
      Choice 2: inliners=30
    Pair (8-4): Selected=0 / 4 choices
      Choice 1: inliners=28
      Choice 2: inliners=22
      Choice 3: inliners=44
      Choice 4: inliners=0
    Pair (11-4): Selected=0 / 1 choices
      Choice 1: inliners=57
    Pair (13-4): Selected=0 / 1 choices
      Choice 1: inliners=14
    Pair (14-4): Selected=0 / 2 choices
      Choice 1: inliners=48
      Choice 2: inliners=16
    Pair (16-4): Selected=0 / 1 choices
      Choice 1: inliners=32
    Pair (17-4): Selected=0 / 1 choices
      Choice 1: inliners=66
    Pair (19-4): Selected=0 / 4 choices
      Choice 1: inliners=32
      Choice 2: inliners=44
      Choice 3: inliners=26
      Choice 4: inliners=40
    Pair (20-4): Selected=1 / 1 choices
      Choice 1: inliners=53 [SELECTED]
    Pair (21-4): Selected=0 / 3 choices
      Choice 1: inliners=22
      Choice 2: inliners=16
      Choice 3: inliners=32
    Pair (22-4): Selected=0 / 1 choices
      Choice 1: inliners=38
    Pair (27-4): Selected=1 / 1 choices
      Choice 1: inliners=39 [SELECTED]


--- GENERATION 740 BEST BREAKDOWN ---
  Total Fitness: 2235.64
  Inlier Reward: 1000.75
  Cycle Penalty: 0.00
  Overlap Penalty: 0.00
  Edge Residual Penalty: 0.00
  Edge Rot Residual Penalty: 0.00
  Connectivity Reward: 0.00
  Component Penalty: 0.00
  Consensus Support Reward: 1234.89
  Largest Component: 27
  Num Components: 1
  Active Pairs: 26
  OverlapDiag Sum (indexed): 0.0000 (delta_vs_fitness=0.0000)
  OverlapDiag Pairs: total=325 same_comp=325 broad_reject=280 narrow_checked=325 active=0
  OverlapDiag Active Pairs: none

  --- ACTIVE GENE MAP ---
    Gene  3 (Pair  6- 1): choice=1 (inl=30)
    Gene  7 (Pair 10- 1): choice=2 (inl=65)
    Gene 18 (Pair 23- 1): choice=2 (inl=38)
    Gene 19 (Pair 24- 1): choice=1 (inl=36)
    Gene 25 (Pair  9- 2): choice=2 (inl=36)
    Gene 35 (Pair 25- 2): choice=2 (inl=26)
    Gene 36 (Pair 26- 2): choice=4 (inl=34)
    Gene 42 (Pair  8- 3): choice=1 (inl=52)
    Gene 46 (Pair 12- 3): choice=1 (inl=48)
    Gene 47 (Pair 14- 3): choice=3 (inl=55)
    Gene 49 (Pair 16- 3): choice=1 (inl=64)
    Gene 67 (Pair 20- 4): choice=1 (inl=53)
    Gene 70 (Pair 27- 4): choice=1 (inl=39)
    Gene 74 (Pair  9- 5): choice=5 (inl=74)
    Gene 94 (Pair 12- 6): choice=3 (inl=26)
    Gene 95 (Pair 13- 6): choice=2 (inl=48)
    Gene 106 (Pair  8- 7): choice=3 (inl=98)
    Gene 109 (Pair 11- 7): choice=1 (inl=107)
    Gene 118 (Pair 22- 7): choice=3 (inl=28)
    Gene 151 (Pair 24- 9): choice=1 (inl=51)
    Gene 160 (Pair 21-10): choice=1 (inl=70)
    Gene 176 (Pair 15-12): choice=3 (inl=38)
    Gene 194 (Pair 17-14): choice=1 (inl=26)
    Gene 203 (Pair 18-15): choice=1 (inl=58)
    Gene 222 (Pair 20-19): choice=2 (inl=42)
    Gene 223 (Pair 21-19): choice=1 (inl=80)

  --- SHARD 4 CANDIDATE ANALYSIS ---
    Pair (4-2): Selected=0 / 2 choices
      Choice 1: inliners=26
      Choice 2: inliners=2
    Pair (4-3): Selected=0 / 5 choices
      Choice 1: inliners=38
      Choice 2: inliners=46
      Choice 3: inliners=14
      Choice 4: inliners=32
      Choice 5: inliners=68
    Pair (5-4): Selected=0 / 2 choices
      Choice 1: inliners=48
      Choice 2: inliners=12
    Pair (6-4): Selected=0 / 2 choices
      Choice 1: inliners=24
      Choice 2: inliners=6
    Pair (7-4): Selected=0 / 2 choices
      Choice 1: inliners=36
      Choice 2: inliners=30
    Pair (8-4): Selected=0 / 4 choices
      Choice 1: inliners=28
      Choice 2: inliners=22
      Choice 3: inliners=44
      Choice 4: inliners=0
    Pair (11-4): Selected=0 / 1 choices
      Choice 1: inliners=57
    Pair (13-4): Selected=0 / 1 choices
      Choice 1: inliners=14
    Pair (14-4): Selected=0 / 2 choices
      Choice 1: inliners=48
      Choice 2: inliners=16
    Pair (16-4): Selected=0 / 1 choices
      Choice 1: inliners=32
    Pair (17-4): Selected=0 / 1 choices
      Choice 1: inliners=66
    Pair (19-4): Selected=0 / 4 choices
      Choice 1: inliners=32
      Choice 2: inliners=44
      Choice 3: inliners=26
      Choice 4: inliners=40
    Pair (20-4): Selected=1 / 1 choices
      Choice 1: inliners=53 [SELECTED]
    Pair (21-4): Selected=0 / 3 choices
      Choice 1: inliners=22
      Choice 2: inliners=16
      Choice 3: inliners=32
    Pair (22-4): Selected=0 / 1 choices
      Choice 1: inliners=38
    Pair (27-4): Selected=1 / 1 choices
      Choice 1: inliners=39 [SELECTED]


--- GENERATION 750 BEST BREAKDOWN ---
  Total Fitness: 2235.64
  Inlier Reward: 1000.75
  Cycle Penalty: 0.00
  Overlap Penalty: 0.00
  Edge Residual Penalty: 0.00
  Edge Rot Residual Penalty: 0.00
  Connectivity Reward: 0.00
  Component Penalty: 0.00
  Consensus Support Reward: 1234.89
  Largest Component: 27
  Num Components: 1
  Active Pairs: 26
  OverlapDiag Sum (indexed): 0.0000 (delta_vs_fitness=0.0000)
  OverlapDiag Pairs: total=325 same_comp=325 broad_reject=280 narrow_checked=325 active=0
  OverlapDiag Active Pairs: none

  --- ACTIVE GENE MAP ---
    Gene  3 (Pair  6- 1): choice=1 (inl=30)
    Gene  7 (Pair 10- 1): choice=2 (inl=65)
    Gene 18 (Pair 23- 1): choice=2 (inl=38)
    Gene 19 (Pair 24- 1): choice=1 (inl=36)
    Gene 25 (Pair  9- 2): choice=2 (inl=36)
    Gene 35 (Pair 25- 2): choice=2 (inl=26)
    Gene 36 (Pair 26- 2): choice=4 (inl=34)
    Gene 42 (Pair  8- 3): choice=1 (inl=52)
    Gene 46 (Pair 12- 3): choice=1 (inl=48)
    Gene 47 (Pair 14- 3): choice=3 (inl=55)
    Gene 49 (Pair 16- 3): choice=1 (inl=64)
    Gene 67 (Pair 20- 4): choice=1 (inl=53)
    Gene 70 (Pair 27- 4): choice=1 (inl=39)
    Gene 74 (Pair  9- 5): choice=5 (inl=74)
    Gene 94 (Pair 12- 6): choice=3 (inl=26)
    Gene 95 (Pair 13- 6): choice=2 (inl=48)
    Gene 106 (Pair  8- 7): choice=3 (inl=98)
    Gene 109 (Pair 11- 7): choice=1 (inl=107)
    Gene 118 (Pair 22- 7): choice=3 (inl=28)
    Gene 151 (Pair 24- 9): choice=1 (inl=51)
    Gene 160 (Pair 21-10): choice=1 (inl=70)
    Gene 176 (Pair 15-12): choice=3 (inl=38)
    Gene 194 (Pair 17-14): choice=1 (inl=26)
    Gene 203 (Pair 18-15): choice=1 (inl=58)
    Gene 222 (Pair 20-19): choice=2 (inl=42)
    Gene 223 (Pair 21-19): choice=1 (inl=80)

  --- SHARD 4 CANDIDATE ANALYSIS ---
    Pair (4-2): Selected=0 / 2 choices
      Choice 1: inliners=26
      Choice 2: inliners=2
    Pair (4-3): Selected=0 / 5 choices
      Choice 1: inliners=38
      Choice 2: inliners=46
      Choice 3: inliners=14
      Choice 4: inliners=32
      Choice 5: inliners=68
    Pair (5-4): Selected=0 / 2 choices
      Choice 1: inliners=48
      Choice 2: inliners=12
    Pair (6-4): Selected=0 / 2 choices
      Choice 1: inliners=24
      Choice 2: inliners=6
    Pair (7-4): Selected=0 / 2 choices
      Choice 1: inliners=36
      Choice 2: inliners=30
    Pair (8-4): Selected=0 / 4 choices
      Choice 1: inliners=28
      Choice 2: inliners=22
      Choice 3: inliners=44
      Choice 4: inliners=0
    Pair (11-4): Selected=0 / 1 choices
      Choice 1: inliners=57
    Pair (13-4): Selected=0 / 1 choices
      Choice 1: inliners=14
    Pair (14-4): Selected=0 / 2 choices
      Choice 1: inliners=48
      Choice 2: inliners=16
    Pair (16-4): Selected=0 / 1 choices
      Choice 1: inliners=32
    Pair (17-4): Selected=0 / 1 choices
      Choice 1: inliners=66
    Pair (19-4): Selected=0 / 4 choices
      Choice 1: inliners=32
      Choice 2: inliners=44
      Choice 3: inliners=26
      Choice 4: inliners=40
    Pair (20-4): Selected=1 / 1 choices
      Choice 1: inliners=53 [SELECTED]
    Pair (21-4): Selected=0 / 3 choices
      Choice 1: inliners=22
      Choice 2: inliners=16
      Choice 3: inliners=32
    Pair (22-4): Selected=0 / 1 choices
      Choice 1: inliners=38
    Pair (27-4): Selected=1 / 1 choices
      Choice 1: inliners=39 [SELECTED]


--- GENERATION 760 BEST BREAKDOWN ---
  Total Fitness: 2235.64
  Inlier Reward: 1000.75
  Cycle Penalty: 0.00
  Overlap Penalty: 0.00
  Edge Residual Penalty: 0.00
  Edge Rot Residual Penalty: 0.00
  Connectivity Reward: 0.00
  Component Penalty: 0.00
  Consensus Support Reward: 1234.89
  Largest Component: 27
  Num Components: 1
  Active Pairs: 26
  OverlapDiag Sum (indexed): 0.0000 (delta_vs_fitness=0.0000)
  OverlapDiag Pairs: total=325 same_comp=325 broad_reject=280 narrow_checked=325 active=0
  OverlapDiag Active Pairs: none

  --- ACTIVE GENE MAP ---
    Gene  3 (Pair  6- 1): choice=1 (inl=30)
    Gene  7 (Pair 10- 1): choice=2 (inl=65)
    Gene 18 (Pair 23- 1): choice=2 (inl=38)
    Gene 19 (Pair 24- 1): choice=1 (inl=36)
    Gene 25 (Pair  9- 2): choice=2 (inl=36)
    Gene 35 (Pair 25- 2): choice=2 (inl=26)
    Gene 36 (Pair 26- 2): choice=4 (inl=34)
    Gene 42 (Pair  8- 3): choice=1 (inl=52)
    Gene 46 (Pair 12- 3): choice=1 (inl=48)
    Gene 47 (Pair 14- 3): choice=3 (inl=55)
    Gene 49 (Pair 16- 3): choice=1 (inl=64)
    Gene 67 (Pair 20- 4): choice=1 (inl=53)
    Gene 70 (Pair 27- 4): choice=1 (inl=39)
    Gene 74 (Pair  9- 5): choice=5 (inl=74)
    Gene 94 (Pair 12- 6): choice=3 (inl=26)
    Gene 95 (Pair 13- 6): choice=2 (inl=48)
    Gene 106 (Pair  8- 7): choice=3 (inl=98)
    Gene 109 (Pair 11- 7): choice=1 (inl=107)
    Gene 118 (Pair 22- 7): choice=3 (inl=28)
    Gene 151 (Pair 24- 9): choice=1 (inl=51)
    Gene 160 (Pair 21-10): choice=1 (inl=70)
    Gene 176 (Pair 15-12): choice=3 (inl=38)
    Gene 194 (Pair 17-14): choice=1 (inl=26)
    Gene 203 (Pair 18-15): choice=1 (inl=58)
    Gene 222 (Pair 20-19): choice=2 (inl=42)
    Gene 223 (Pair 21-19): choice=1 (inl=80)

  --- SHARD 4 CANDIDATE ANALYSIS ---
    Pair (4-2): Selected=0 / 2 choices
      Choice 1: inliners=26
      Choice 2: inliners=2
    Pair (4-3): Selected=0 / 5 choices
      Choice 1: inliners=38
      Choice 2: inliners=46
      Choice 3: inliners=14
      Choice 4: inliners=32
      Choice 5: inliners=68
    Pair (5-4): Selected=0 / 2 choices
      Choice 1: inliners=48
      Choice 2: inliners=12
    Pair (6-4): Selected=0 / 2 choices
      Choice 1: inliners=24
      Choice 2: inliners=6
    Pair (7-4): Selected=0 / 2 choices
      Choice 1: inliners=36
      Choice 2: inliners=30
    Pair (8-4): Selected=0 / 4 choices
      Choice 1: inliners=28
      Choice 2: inliners=22
      Choice 3: inliners=44
      Choice 4: inliners=0
    Pair (11-4): Selected=0 / 1 choices
      Choice 1: inliners=57
    Pair (13-4): Selected=0 / 1 choices
      Choice 1: inliners=14
    Pair (14-4): Selected=0 / 2 choices
      Choice 1: inliners=48
      Choice 2: inliners=16
    Pair (16-4): Selected=0 / 1 choices
      Choice 1: inliners=32
    Pair (17-4): Selected=0 / 1 choices
      Choice 1: inliners=66
    Pair (19-4): Selected=0 / 4 choices
      Choice 1: inliners=32
      Choice 2: inliners=44
      Choice 3: inliners=26
      Choice 4: inliners=40
    Pair (20-4): Selected=1 / 1 choices
      Choice 1: inliners=53 [SELECTED]
    Pair (21-4): Selected=0 / 3 choices
      Choice 1: inliners=22
      Choice 2: inliners=16
      Choice 3: inliners=32
    Pair (22-4): Selected=0 / 1 choices
      Choice 1: inliners=38
    Pair (27-4): Selected=1 / 1 choices
      Choice 1: inliners=39 [SELECTED]


--- GENERATION 770 BEST BREAKDOWN ---
  Total Fitness: 2235.64
  Inlier Reward: 1000.75
  Cycle Penalty: 0.00
  Overlap Penalty: 0.00
  Edge Residual Penalty: 0.00
  Edge Rot Residual Penalty: 0.00
  Connectivity Reward: 0.00
  Component Penalty: 0.00
  Consensus Support Reward: 1234.89
  Largest Component: 27
  Num Components: 1
  Active Pairs: 26
  OverlapDiag Sum (indexed): 0.0000 (delta_vs_fitness=0.0000)
  OverlapDiag Pairs: total=325 same_comp=325 broad_reject=280 narrow_checked=325 active=0
  OverlapDiag Active Pairs: none

  --- ACTIVE GENE MAP ---
    Gene  3 (Pair  6- 1): choice=1 (inl=30)
    Gene  7 (Pair 10- 1): choice=2 (inl=65)
    Gene 18 (Pair 23- 1): choice=2 (inl=38)
    Gene 19 (Pair 24- 1): choice=1 (inl=36)
    Gene 25 (Pair  9- 2): choice=2 (inl=36)
    Gene 35 (Pair 25- 2): choice=2 (inl=26)
    Gene 36 (Pair 26- 2): choice=4 (inl=34)
    Gene 42 (Pair  8- 3): choice=1 (inl=52)
    Gene 46 (Pair 12- 3): choice=1 (inl=48)
    Gene 47 (Pair 14- 3): choice=3 (inl=55)
    Gene 49 (Pair 16- 3): choice=1 (inl=64)
    Gene 67 (Pair 20- 4): choice=1 (inl=53)
    Gene 70 (Pair 27- 4): choice=1 (inl=39)
    Gene 74 (Pair  9- 5): choice=5 (inl=74)
    Gene 94 (Pair 12- 6): choice=3 (inl=26)
    Gene 95 (Pair 13- 6): choice=2 (inl=48)
    Gene 106 (Pair  8- 7): choice=3 (inl=98)
    Gene 109 (Pair 11- 7): choice=1 (inl=107)
    Gene 118 (Pair 22- 7): choice=3 (inl=28)
    Gene 151 (Pair 24- 9): choice=1 (inl=51)
    Gene 160 (Pair 21-10): choice=1 (inl=70)
    Gene 176 (Pair 15-12): choice=3 (inl=38)
    Gene 194 (Pair 17-14): choice=1 (inl=26)
    Gene 203 (Pair 18-15): choice=1 (inl=58)
    Gene 222 (Pair 20-19): choice=2 (inl=42)
    Gene 223 (Pair 21-19): choice=1 (inl=80)

  --- SHARD 4 CANDIDATE ANALYSIS ---
    Pair (4-2): Selected=0 / 2 choices
      Choice 1: inliners=26
      Choice 2: inliners=2
    Pair (4-3): Selected=0 / 5 choices
      Choice 1: inliners=38
      Choice 2: inliners=46
      Choice 3: inliners=14
      Choice 4: inliners=32
      Choice 5: inliners=68
    Pair (5-4): Selected=0 / 2 choices
      Choice 1: inliners=48
      Choice 2: inliners=12
    Pair (6-4): Selected=0 / 2 choices
      Choice 1: inliners=24
      Choice 2: inliners=6
    Pair (7-4): Selected=0 / 2 choices
      Choice 1: inliners=36
      Choice 2: inliners=30
    Pair (8-4): Selected=0 / 4 choices
      Choice 1: inliners=28
      Choice 2: inliners=22
      Choice 3: inliners=44
      Choice 4: inliners=0
    Pair (11-4): Selected=0 / 1 choices
      Choice 1: inliners=57
    Pair (13-4): Selected=0 / 1 choices
      Choice 1: inliners=14
    Pair (14-4): Selected=0 / 2 choices
      Choice 1: inliners=48
      Choice 2: inliners=16
    Pair (16-4): Selected=0 / 1 choices
      Choice 1: inliners=32
    Pair (17-4): Selected=0 / 1 choices
      Choice 1: inliners=66
    Pair (19-4): Selected=0 / 4 choices
      Choice 1: inliners=32
      Choice 2: inliners=44
      Choice 3: inliners=26
      Choice 4: inliners=40
    Pair (20-4): Selected=1 / 1 choices
      Choice 1: inliners=53 [SELECTED]
    Pair (21-4): Selected=0 / 3 choices
      Choice 1: inliners=22
      Choice 2: inliners=16
      Choice 3: inliners=32
    Pair (22-4): Selected=0 / 1 choices
      Choice 1: inliners=38
    Pair (27-4): Selected=1 / 1 choices
      Choice 1: inliners=39 [SELECTED]


--- GENERATION 780 BEST BREAKDOWN ---
  Total Fitness: 2235.64
  Inlier Reward: 1000.75
  Cycle Penalty: 0.00
  Overlap Penalty: 0.00
  Edge Residual Penalty: 0.00
  Edge Rot Residual Penalty: 0.00
  Connectivity Reward: 0.00
  Component Penalty: 0.00
  Consensus Support Reward: 1234.89
  Largest Component: 27
  Num Components: 1
  Active Pairs: 26
  OverlapDiag Sum (indexed): 0.0000 (delta_vs_fitness=0.0000)
  OverlapDiag Pairs: total=325 same_comp=325 broad_reject=280 narrow_checked=325 active=0
  OverlapDiag Active Pairs: none

  --- ACTIVE GENE MAP ---
    Gene  3 (Pair  6- 1): choice=1 (inl=30)
    Gene  7 (Pair 10- 1): choice=2 (inl=65)
    Gene 18 (Pair 23- 1): choice=2 (inl=38)
    Gene 19 (Pair 24- 1): choice=1 (inl=36)
    Gene 25 (Pair  9- 2): choice=2 (inl=36)
    Gene 35 (Pair 25- 2): choice=2 (inl=26)
    Gene 36 (Pair 26- 2): choice=4 (inl=34)
    Gene 42 (Pair  8- 3): choice=1 (inl=52)
    Gene 46 (Pair 12- 3): choice=1 (inl=48)
    Gene 47 (Pair 14- 3): choice=3 (inl=55)
    Gene 49 (Pair 16- 3): choice=1 (inl=64)
    Gene 67 (Pair 20- 4): choice=1 (inl=53)
    Gene 70 (Pair 27- 4): choice=1 (inl=39)
    Gene 74 (Pair  9- 5): choice=5 (inl=74)
    Gene 94 (Pair 12- 6): choice=3 (inl=26)
    Gene 95 (Pair 13- 6): choice=2 (inl=48)
    Gene 106 (Pair  8- 7): choice=3 (inl=98)
    Gene 109 (Pair 11- 7): choice=1 (inl=107)
    Gene 118 (Pair 22- 7): choice=3 (inl=28)
    Gene 151 (Pair 24- 9): choice=1 (inl=51)
    Gene 160 (Pair 21-10): choice=1 (inl=70)
    Gene 176 (Pair 15-12): choice=3 (inl=38)
    Gene 194 (Pair 17-14): choice=1 (inl=26)
    Gene 203 (Pair 18-15): choice=1 (inl=58)
    Gene 222 (Pair 20-19): choice=2 (inl=42)
    Gene 223 (Pair 21-19): choice=1 (inl=80)

  --- SHARD 4 CANDIDATE ANALYSIS ---
    Pair (4-2): Selected=0 / 2 choices
      Choice 1: inliners=26
      Choice 2: inliners=2
    Pair (4-3): Selected=0 / 5 choices
      Choice 1: inliners=38
      Choice 2: inliners=46
      Choice 3: inliners=14
      Choice 4: inliners=32
      Choice 5: inliners=68
    Pair (5-4): Selected=0 / 2 choices
      Choice 1: inliners=48
      Choice 2: inliners=12
    Pair (6-4): Selected=0 / 2 choices
      Choice 1: inliners=24
      Choice 2: inliners=6
    Pair (7-4): Selected=0 / 2 choices
      Choice 1: inliners=36
      Choice 2: inliners=30
    Pair (8-4): Selected=0 / 4 choices
      Choice 1: inliners=28
      Choice 2: inliners=22
      Choice 3: inliners=44
      Choice 4: inliners=0
    Pair (11-4): Selected=0 / 1 choices
      Choice 1: inliners=57
    Pair (13-4): Selected=0 / 1 choices
      Choice 1: inliners=14
    Pair (14-4): Selected=0 / 2 choices
      Choice 1: inliners=48
      Choice 2: inliners=16
    Pair (16-4): Selected=0 / 1 choices
      Choice 1: inliners=32
    Pair (17-4): Selected=0 / 1 choices
      Choice 1: inliners=66
    Pair (19-4): Selected=0 / 4 choices
      Choice 1: inliners=32
      Choice 2: inliners=44
      Choice 3: inliners=26
      Choice 4: inliners=40
    Pair (20-4): Selected=1 / 1 choices
      Choice 1: inliners=53 [SELECTED]
    Pair (21-4): Selected=0 / 3 choices
      Choice 1: inliners=22
      Choice 2: inliners=16
      Choice 3: inliners=32
    Pair (22-4): Selected=0 / 1 choices
      Choice 1: inliners=38
    Pair (27-4): Selected=1 / 1 choices
      Choice 1: inliners=39 [SELECTED]


--- GENERATION 790 BEST BREAKDOWN ---
  Total Fitness: 2235.64
  Inlier Reward: 1000.75
  Cycle Penalty: 0.00
  Overlap Penalty: 0.00
  Edge Residual Penalty: 0.00
  Edge Rot Residual Penalty: 0.00
  Connectivity Reward: 0.00
  Component Penalty: 0.00
  Consensus Support Reward: 1234.89
  Largest Component: 27
  Num Components: 1
  Active Pairs: 26
  OverlapDiag Sum (indexed): 0.0000 (delta_vs_fitness=0.0000)
  OverlapDiag Pairs: total=325 same_comp=325 broad_reject=280 narrow_checked=325 active=0
  OverlapDiag Active Pairs: none

  --- ACTIVE GENE MAP ---
    Gene  3 (Pair  6- 1): choice=1 (inl=30)
    Gene  7 (Pair 10- 1): choice=2 (inl=65)
    Gene 18 (Pair 23- 1): choice=2 (inl=38)
    Gene 19 (Pair 24- 1): choice=1 (inl=36)
    Gene 25 (Pair  9- 2): choice=2 (inl=36)
    Gene 35 (Pair 25- 2): choice=2 (inl=26)
    Gene 36 (Pair 26- 2): choice=4 (inl=34)
    Gene 42 (Pair  8- 3): choice=1 (inl=52)
    Gene 46 (Pair 12- 3): choice=1 (inl=48)
    Gene 47 (Pair 14- 3): choice=3 (inl=55)
    Gene 49 (Pair 16- 3): choice=1 (inl=64)
    Gene 67 (Pair 20- 4): choice=1 (inl=53)
    Gene 70 (Pair 27- 4): choice=1 (inl=39)
    Gene 74 (Pair  9- 5): choice=5 (inl=74)
    Gene 94 (Pair 12- 6): choice=3 (inl=26)
    Gene 95 (Pair 13- 6): choice=2 (inl=48)
    Gene 106 (Pair  8- 7): choice=3 (inl=98)
    Gene 109 (Pair 11- 7): choice=1 (inl=107)
    Gene 118 (Pair 22- 7): choice=3 (inl=28)
    Gene 151 (Pair 24- 9): choice=1 (inl=51)
    Gene 160 (Pair 21-10): choice=1 (inl=70)
    Gene 176 (Pair 15-12): choice=3 (inl=38)
    Gene 194 (Pair 17-14): choice=1 (inl=26)
    Gene 203 (Pair 18-15): choice=1 (inl=58)
    Gene 222 (Pair 20-19): choice=2 (inl=42)
    Gene 223 (Pair 21-19): choice=1 (inl=80)

  --- SHARD 4 CANDIDATE ANALYSIS ---
    Pair (4-2): Selected=0 / 2 choices
      Choice 1: inliners=26
      Choice 2: inliners=2
    Pair (4-3): Selected=0 / 5 choices
      Choice 1: inliners=38
      Choice 2: inliners=46
      Choice 3: inliners=14
      Choice 4: inliners=32
      Choice 5: inliners=68
    Pair (5-4): Selected=0 / 2 choices
      Choice 1: inliners=48
      Choice 2: inliners=12
    Pair (6-4): Selected=0 / 2 choices
      Choice 1: inliners=24
      Choice 2: inliners=6
    Pair (7-4): Selected=0 / 2 choices
      Choice 1: inliners=36
      Choice 2: inliners=30
    Pair (8-4): Selected=0 / 4 choices
      Choice 1: inliners=28
      Choice 2: inliners=22
      Choice 3: inliners=44
      Choice 4: inliners=0
    Pair (11-4): Selected=0 / 1 choices
      Choice 1: inliners=57
    Pair (13-4): Selected=0 / 1 choices
      Choice 1: inliners=14
    Pair (14-4): Selected=0 / 2 choices
      Choice 1: inliners=48
      Choice 2: inliners=16
    Pair (16-4): Selected=0 / 1 choices
      Choice 1: inliners=32
    Pair (17-4): Selected=0 / 1 choices
      Choice 1: inliners=66
    Pair (19-4): Selected=0 / 4 choices
      Choice 1: inliners=32
      Choice 2: inliners=44
      Choice 3: inliners=26
      Choice 4: inliners=40
    Pair (20-4): Selected=1 / 1 choices
      Choice 1: inliners=53 [SELECTED]
    Pair (21-4): Selected=0 / 3 choices
      Choice 1: inliners=22
      Choice 2: inliners=16
      Choice 3: inliners=32
    Pair (22-4): Selected=0 / 1 choices
      Choice 1: inliners=38
    Pair (27-4): Selected=1 / 1 choices
      Choice 1: inliners=39 [SELECTED]


--- GENERATION 800 BEST BREAKDOWN ---
  Total Fitness: 2235.64
  Inlier Reward: 1000.75
  Cycle Penalty: 0.00
  Overlap Penalty: 0.00
  Edge Residual Penalty: 0.00
  Edge Rot Residual Penalty: 0.00
  Connectivity Reward: 0.00
  Component Penalty: 0.00
  Consensus Support Reward: 1234.89
  Largest Component: 27
  Num Components: 1
  Active Pairs: 26
  OverlapDiag Sum (indexed): 0.0000 (delta_vs_fitness=0.0000)
  OverlapDiag Pairs: total=325 same_comp=325 broad_reject=280 narrow_checked=325 active=0
  OverlapDiag Active Pairs: none

  --- ACTIVE GENE MAP ---
    Gene  3 (Pair  6- 1): choice=1 (inl=30)
    Gene  7 (Pair 10- 1): choice=2 (inl=65)
    Gene 18 (Pair 23- 1): choice=2 (inl=38)
    Gene 19 (Pair 24- 1): choice=1 (inl=36)
    Gene 25 (Pair  9- 2): choice=2 (inl=36)
    Gene 35 (Pair 25- 2): choice=2 (inl=26)
    Gene 36 (Pair 26- 2): choice=4 (inl=34)
    Gene 42 (Pair  8- 3): choice=1 (inl=52)
    Gene 46 (Pair 12- 3): choice=1 (inl=48)
    Gene 47 (Pair 14- 3): choice=3 (inl=55)
    Gene 49 (Pair 16- 3): choice=1 (inl=64)
    Gene 67 (Pair 20- 4): choice=1 (inl=53)
    Gene 70 (Pair 27- 4): choice=1 (inl=39)
    Gene 74 (Pair  9- 5): choice=5 (inl=74)
    Gene 94 (Pair 12- 6): choice=3 (inl=26)
    Gene 95 (Pair 13- 6): choice=2 (inl=48)
    Gene 106 (Pair  8- 7): choice=3 (inl=98)
    Gene 109 (Pair 11- 7): choice=1 (inl=107)
    Gene 118 (Pair 22- 7): choice=3 (inl=28)
    Gene 151 (Pair 24- 9): choice=1 (inl=51)
    Gene 160 (Pair 21-10): choice=1 (inl=70)
    Gene 176 (Pair 15-12): choice=3 (inl=38)
    Gene 194 (Pair 17-14): choice=1 (inl=26)
    Gene 203 (Pair 18-15): choice=1 (inl=58)
    Gene 222 (Pair 20-19): choice=2 (inl=42)
    Gene 223 (Pair 21-19): choice=1 (inl=80)

  --- SHARD 4 CANDIDATE ANALYSIS ---
    Pair (4-2): Selected=0 / 2 choices
      Choice 1: inliners=26
      Choice 2: inliners=2
    Pair (4-3): Selected=0 / 5 choices
      Choice 1: inliners=38
      Choice 2: inliners=46
      Choice 3: inliners=14
      Choice 4: inliners=32
      Choice 5: inliners=68
    Pair (5-4): Selected=0 / 2 choices
      Choice 1: inliners=48
      Choice 2: inliners=12
    Pair (6-4): Selected=0 / 2 choices
      Choice 1: inliners=24
      Choice 2: inliners=6
    Pair (7-4): Selected=0 / 2 choices
      Choice 1: inliners=36
      Choice 2: inliners=30
    Pair (8-4): Selected=0 / 4 choices
      Choice 1: inliners=28
      Choice 2: inliners=22
      Choice 3: inliners=44
      Choice 4: inliners=0
    Pair (11-4): Selected=0 / 1 choices
      Choice 1: inliners=57
    Pair (13-4): Selected=0 / 1 choices
      Choice 1: inliners=14
    Pair (14-4): Selected=0 / 2 choices
      Choice 1: inliners=48
      Choice 2: inliners=16
    Pair (16-4): Selected=0 / 1 choices
      Choice 1: inliners=32
    Pair (17-4): Selected=0 / 1 choices
      Choice 1: inliners=66
    Pair (19-4): Selected=0 / 4 choices
      Choice 1: inliners=32
      Choice 2: inliners=44
      Choice 3: inliners=26
      Choice 4: inliners=40
    Pair (20-4): Selected=1 / 1 choices
      Choice 1: inliners=53 [SELECTED]
    Pair (21-4): Selected=0 / 3 choices
      Choice 1: inliners=22
      Choice 2: inliners=16
      Choice 3: inliners=32
    Pair (22-4): Selected=0 / 1 choices
      Choice 1: inliners=38
    Pair (27-4): Selected=1 / 1 choices
      Choice 1: inliners=39 [SELECTED]


--- GENERATION 339 BEST BREAKDOWN ---
  Total Fitness: 2649.50
  Inlier Reward: 915.19
  Cycle Penalty: 0.00
  Overlap Penalty: 0.00
  Edge Residual Penalty: 0.00
  Edge Rot Residual Penalty: 0.00
  Connectivity Reward: 0.00
  Component Penalty: 0.00
  Consensus Support Reward: 1734.31
  Largest Component: 27
  Num Components: 1
  Active Pairs: 26
  OverlapDiag Sum (indexed): 0.0000 (delta_vs_fitness=0.0000)
  OverlapDiag Pairs: total=325 same_comp=325 broad_reject=276 narrow_checked=325 active=0
  OverlapDiag Active Pairs: none

  --- ACTIVE GENE MAP ---
    Gene  7 (Pair 10- 1): choice=2 (inl=65)
    Gene 18 (Pair 23- 1): choice=2 (inl=38)
    Gene 19 (Pair 24- 1): choice=1 (inl=36)
    Gene 25 (Pair  9- 2): choice=2 (inl=36)
    Gene 35 (Pair 25- 2): choice=2 (inl=26)
    Gene 36 (Pair 26- 2): choice=4 (inl=34)
    Gene 42 (Pair  8- 3): choice=1 (inl=52)
    Gene 46 (Pair 12- 3): choice=1 (inl=48)
    Gene 47 (Pair 14- 3): choice=3 (inl=55)
    Gene 49 (Pair 16- 3): choice=1 (inl=64)
    Gene 67 (Pair 20- 4): choice=1 (inl=53)
    Gene 70 (Pair 27- 4): choice=1 (inl=39)
    Gene 74 (Pair  9- 5): choice=5 (inl=74)
    Gene 76 (Pair 11- 5): choice=5 (inl=56)
    Gene 92 (Pair 10- 6): choice=4 (inl=32)
    Gene 94 (Pair 12- 6): choice=3 (inl=26)
    Gene 107 (Pair  9- 7): choice=5 (inl=30)
    Gene 143 (Pair 15- 9): choice=1 (inl=28)
    Gene 149 (Pair 22- 9): choice=1 (inl=55)
    Gene 151 (Pair 24- 9): choice=1 (inl=51)
    Gene 160 (Pair 21-10): choice=1 (inl=70)
    Gene 187 (Pair 18-13): choice=3 (inl=44)
    Gene 194 (Pair 17-14): choice=1 (inl=26)
    Gene 203 (Pair 18-15): choice=1 (inl=58)
    Gene 222 (Pair 20-19): choice=2 (inl=42)
    Gene 223 (Pair 21-19): choice=1 (inl=80)

  --- SHARD 4 CANDIDATE ANALYSIS ---
    Pair (4-2): Selected=0 / 2 choices
      Choice 1: inliners=26
      Choice 2: inliners=2
    Pair (4-3): Selected=0 / 5 choices
      Choice 1: inliners=38
      Choice 2: inliners=46
      Choice 3: inliners=14
      Choice 4: inliners=32
      Choice 5: inliners=68
    Pair (5-4): Selected=0 / 2 choices
      Choice 1: inliners=48
      Choice 2: inliners=12
    Pair (6-4): Selected=0 / 2 choices
      Choice 1: inliners=24
      Choice 2: inliners=6
    Pair (7-4): Selected=0 / 2 choices
      Choice 1: inliners=36
      Choice 2: inliners=30
    Pair (8-4): Selected=0 / 4 choices
      Choice 1: inliners=28
      Choice 2: inliners=22
      Choice 3: inliners=44
      Choice 4: inliners=0
    Pair (11-4): Selected=0 / 1 choices
      Choice 1: inliners=57
    Pair (13-4): Selected=0 / 1 choices
      Choice 1: inliners=14
    Pair (14-4): Selected=0 / 2 choices
      Choice 1: inliners=48
      Choice 2: inliners=16
    Pair (16-4): Selected=0 / 1 choices
      Choice 1: inliners=32
    Pair (17-4): Selected=0 / 1 choices
      Choice 1: inliners=66
    Pair (19-4): Selected=0 / 4 choices
      Choice 1: inliners=32
      Choice 2: inliners=44
      Choice 3: inliners=26
      Choice 4: inliners=40
    Pair (20-4): Selected=1 / 1 choices
      Choice 1: inliners=53 [SELECTED]
    Pair (21-4): Selected=0 / 3 choices
      Choice 1: inliners=22
      Choice 2: inliners=16
      Choice 3: inliners=32
    Pair (22-4): Selected=0 / 1 choices
      Choice 1: inliners=38
    Pair (27-4): Selected=1 / 1 choices
      Choice 1: inliners=39 [SELECTED]


--- COLLISION AUDIT [FINAL BEST] ---
  Fitness overlap penalty: 0.0000
  Recomputed indexed overlap sum: 0.0000 (delta=0.0000)
  Pair counts: total=325 same_comp=325 broad_reject=276 narrow_checked=325 active=0
  Pair (0,1): center_dist=117.334 broad_radius=145.373 min_nn=14.710 hits=0/1458 hit_ratio=0.000 avg_depth=0.000 pair_pen=0.000 [OK] NARROW-PHASE CLEAR
  Pair (0,2): center_dist=151.026 broad_radius=130.529 [OK] BROAD-PHASE SEPARATED
  Pair (0,3): center_dist=127.212 broad_radius=128.741 min_nn=52.733 hits=0/1458 hit_ratio=0.000 avg_depth=0.000 pair_pen=0.000 [OK] NARROW-PHASE CLEAR
  Pair (0,4): center_dist=76.611 broad_radius=127.128 min_nn=10.231 hits=0/1458 hit_ratio=0.000 avg_depth=0.000 pair_pen=0.000 [OK] NARROW-PHASE CLEAR
  Pair (0,5): center_dist=130.608 broad_radius=132.631 min_nn=44.436 hits=0/1458 hit_ratio=0.000 avg_depth=0.000 pair_pen=0.000 [OK] NARROW-PHASE CLEAR
  Pair (0,6): center_dist=157.351 broad_radius=133.702 [OK] BROAD-PHASE SEPARATED
  Pair (0,7): center_dist=159.755 broad_radius=130.508 [OK] BROAD-PHASE SEPARATED
  Pair (0,8): center_dist=90.747 broad_radius=138.828 min_nn=35.175 hits=0/1458 hit_ratio=0.000 avg_depth=0.000 pair_pen=0.000 [OK] NARROW-PHASE CLEAR
  Pair (0,10): center_dist=135.109 broad_radius=130.488 [OK] BROAD-PHASE SEPARATED
  Pair (0,11): center_dist=115.581 broad_radius=125.787 min_nn=75.624 hits=0/1458 hit_ratio=0.000 avg_depth=0.000 pair_pen=0.000 [OK] NARROW-PHASE CLEAR
  Pair (0,12): center_dist=142.818 broad_radius=126.329 [OK] BROAD-PHASE SEPARATED
  Pair (0,13): center_dist=174.851 broad_radius=115.335 [OK] BROAD-PHASE SEPARATED
  Pair (0,14): center_dist=125.365 broad_radius=116.633 [OK] BROAD-PHASE SEPARATED
  Pair (0,15): center_dist=115.206 broad_radius=115.505 min_nn=80.406 hits=0/1458 hit_ratio=0.000 avg_depth=0.000 pair_pen=0.000 [OK] NARROW-PHASE CLEAR
  Pair (0,16): center_dist=158.647 broad_radius=109.590 [OK] BROAD-PHASE SEPARATED
  Pair (0,17): center_dist=120.674 broad_radius=110.785 [OK] BROAD-PHASE SEPARATED
  Pair (0,18): center_dist=66.719 broad_radius=116.677 min_nn=11.428 hits=0/1458 hit_ratio=0.000 avg_depth=0.000 pair_pen=0.000 [OK] NARROW-PHASE CLEAR
  Pair (0,19): center_dist=96.956 broad_radius=106.153 min_nn=12.384 hits=0/1458 hit_ratio=0.000 avg_depth=0.000 pair_pen=0.000 [OK] NARROW-PHASE CLEAR
  Pair (0,20): center_dist=95.676 broad_radius=120.827 min_nn=21.682 hits=0/1458 hit_ratio=0.000 avg_depth=0.000 pair_pen=0.000 [OK] NARROW-PHASE CLEAR
  Pair (0,21): center_dist=128.130 broad_radius=101.133 [OK] BROAD-PHASE SEPARATED
  Pair (0,24): center_dist=140.302 broad_radius=84.798 [OK] BROAD-PHASE SEPARATED
  Pair (0,25): center_dist=112.814 broad_radius=77.325 [OK] BROAD-PHASE SEPARATED
  Pair (0,26): center_dist=161.354 broad_radius=84.848 [OK] BROAD-PHASE SEPARATED
  Pair (1,2): center_dist=198.964 broad_radius=122.520 [OK] BROAD-PHASE SEPARATED
  Pair (1,3): center_dist=234.412 broad_radius=120.732 [OK] BROAD-PHASE SEPARATED
  Pair (1,4): center_dist=150.990 broad_radius=119.119 [OK] BROAD-PHASE SEPARATED
  Pair (1,5): center_dist=90.766 broad_radius=124.622 min_nn=46.539 hits=0/1473 hit_ratio=0.000 avg_depth=0.000 pair_pen=0.000 [OK] NARROW-PHASE CLEAR
  Pair (1,6): center_dist=209.625 broad_radius=125.694 [OK] BROAD-PHASE SEPARATED
  Pair (1,7): center_dist=191.850 broad_radius=122.500 [OK] BROAD-PHASE SEPARATED
  Pair (1,9): center_dist=129.832 broad_radius=127.009 [OK] BROAD-PHASE SEPARATED
  Pair (1,10): center_dist=222.410 broad_radius=122.480 [OK] BROAD-PHASE SEPARATED
  Pair (1,11): center_dist=121.521 broad_radius=117.779 [OK] BROAD-PHASE SEPARATED
  Pair (1,12): center_dist=47.057 broad_radius=118.320 min_nn=1.051 hits=0/1473 hit_ratio=0.000 avg_depth=0.000 pair_pen=0.000 [OK] NARROW-PHASE CLEAR
  Pair (1,13): center_dist=239.971 broad_radius=107.327 [OK] BROAD-PHASE SEPARATED
  Pair (1,14): center_dist=116.547 broad_radius=108.624 [OK] BROAD-PHASE SEPARATED
  Pair (1,15): center_dist=172.295 broad_radius=107.496 [OK] BROAD-PHASE SEPARATED
  Pair (1,16): center_dist=235.634 broad_radius=101.581 [OK] BROAD-PHASE SEPARATED
  Pair (1,17): center_dist=76.777 broad_radius=102.776 min_nn=20.977 hits=0/1473 hit_ratio=0.000 avg_depth=0.000 pair_pen=0.000 [OK] NARROW-PHASE CLEAR
  Pair (1,18): center_dist=180.537 broad_radius=108.668 [OK] BROAD-PHASE SEPARATED
  Pair (1,19): center_dist=208.189 broad_radius=98.144 [OK] BROAD-PHASE SEPARATED
  Pair (1,20): center_dist=194.648 broad_radius=112.818 [OK] BROAD-PHASE SEPARATED
  Pair (1,21): center_dist=137.390 broad_radius=93.124 [OK] BROAD-PHASE SEPARATED
  Pair (1,22): center_dist=95.597 broad_radius=90.919 [OK] BROAD-PHASE SEPARATED
  Pair (1,23): center_dist=68.548 broad_radius=81.058 min_nn=31.689 hits=0/1473 hit_ratio=0.000 avg_depth=0.000 pair_pen=0.000 [OK] NARROW-PHASE CLEAR
  Pair (1,26): center_dist=252.103 broad_radius=76.839 [OK] BROAD-PHASE SEPARATED
  Pair (2,3): center_dist=126.108 broad_radius=105.888 [OK] BROAD-PHASE SEPARATED
  Pair (2,4): center_dist=154.940 broad_radius=104.276 [OK] BROAD-PHASE SEPARATED
  Pair (2,5): center_dist=176.620 broad_radius=109.779 [OK] BROAD-PHASE SEPARATED
  Pair (2,6): center_dist=133.739 broad_radius=110.850 [OK] BROAD-PHASE SEPARATED
  Pair (2,8): center_dist=145.459 broad_radius=115.975 [OK] BROAD-PHASE SEPARATED
  Pair (2,9): center_dist=114.473 broad_radius=112.165 [OK] BROAD-PHASE SEPARATED
  Pair (2,10): center_dist=141.069 broad_radius=107.636 [OK] BROAD-PHASE SEPARATED
  Pair (2,12): center_dist=183.626 broad_radius=103.476 [OK] BROAD-PHASE SEPARATED
  Pair (2,14): center_dist=106.540 broad_radius=93.780 [OK] BROAD-PHASE SEPARATED
  Pair (2,16): center_dist=59.157 broad_radius=86.738 min_nn=13.922 hits=0/1593 hit_ratio=0.000 avg_depth=0.000 pair_pen=0.000 [OK] NARROW-PHASE CLEAR
  Pair (2,17): center_dist=132.914 broad_radius=87.933 [OK] BROAD-PHASE SEPARATED
  Pair (2,18): center_dist=136.837 broad_radius=93.824 [OK] BROAD-PHASE SEPARATED
  Pair (2,19): center_dist=161.786 broad_radius=83.300 [OK] BROAD-PHASE SEPARATED
  Pair (2,20): center_dist=108.109 broad_radius=97.974 [OK] BROAD-PHASE SEPARATED
  Pair (2,21): center_dist=126.154 broad_radius=78.280 [OK] BROAD-PHASE SEPARATED
  Pair (2,22): center_dist=157.475 broad_radius=76.075 [OK] BROAD-PHASE SEPARATED
  Pair (2,23): center_dist=163.020 broad_radius=66.214 [OK] BROAD-PHASE SEPARATED
  Pair (2,24): center_dist=213.147 broad_radius=61.945 [OK] BROAD-PHASE SEPARATED
  Pair (2,25): center_dist=161.062 broad_radius=54.473 [OK] BROAD-PHASE SEPARATED
  Pair (2,26): center_dist=93.551 broad_radius=61.995 [OK] BROAD-PHASE SEPARATED
  Pair (3,4): center_dist=121.857 broad_radius=102.487 [OK] BROAD-PHASE SEPARATED
  Pair (3,5): center_dist=226.553 broad_radius=107.991 [OK] BROAD-PHASE SEPARATED
  Pair (3,6): center_dist=137.894 broad_radius=109.062 [OK] BROAD-PHASE SEPARATED
  Pair (3,7): center_dist=151.056 broad_radius=105.868 [OK] BROAD-PHASE SEPARATED
  Pair (3,8): center_dist=171.899 broad_radius=114.187 [OK] BROAD-PHASE SEPARATED
  Pair (3,9): center_dist=132.155 broad_radius=110.377 [OK] BROAD-PHASE SEPARATED
  Pair (3,10): center_dist=83.349 broad_radius=105.848 min_nn=25.120 hits=0/1288 hit_ratio=0.000 avg_depth=0.000 pair_pen=0.000 [OK] NARROW-PHASE CLEAR
  Pair (3,11): center_dist=168.276 broad_radius=101.147 [OK] BROAD-PHASE SEPARATED
  Pair (3,12): center_dist=244.466 broad_radius=101.688 [OK] BROAD-PHASE SEPARATED
  Pair (3,13): center_dist=108.896 broad_radius=90.695 [OK] BROAD-PHASE SEPARATED
  Pair (3,14): center_dist=178.706 broad_radius=91.992 [OK] BROAD-PHASE SEPARATED
  Pair (3,15): center_dist=118.278 broad_radius=90.864 [OK] BROAD-PHASE SEPARATED
  Pair (3,16): center_dist=86.012 broad_radius=84.949 [OK] BROAD-PHASE SEPARATED
  Pair (3,17): center_dist=202.980 broad_radius=86.144 [OK] BROAD-PHASE SEPARATED
  Pair (3,18): center_dist=69.754 broad_radius=92.036 min_nn=10.029 hits=0/1288 hit_ratio=0.000 avg_depth=0.000 pair_pen=0.000 [OK] NARROW-PHASE CLEAR
  Pair (3,20): center_dist=67.171 broad_radius=96.186 min_nn=9.970 hits=0/1288 hit_ratio=0.000 avg_depth=0.000 pair_pen=0.000 [OK] NARROW-PHASE CLEAR
  Pair (3,21): center_dist=170.445 broad_radius=76.492 [OK] BROAD-PHASE SEPARATED
  Pair (3,22): center_dist=152.344 broad_radius=74.287 [OK] BROAD-PHASE SEPARATED
  Pair (3,23): center_dist=172.406 broad_radius=64.426 [OK] BROAD-PHASE SEPARATED
  Pair (3,24): center_dist=256.392 broad_radius=60.157 [OK] BROAD-PHASE SEPARATED
  Pair (3,25): center_dist=211.440 broad_radius=52.685 [OK] BROAD-PHASE SEPARATED
  Pair (4,5): center_dist=190.588 broad_radius=106.378 [OK] BROAD-PHASE SEPARATED
  Pair (4,6): center_dist=95.726 broad_radius=107.449 min_nn=18.209 hits=0/1597 hit_ratio=0.000 avg_depth=0.000 pair_pen=0.000 [OK] NARROW-PHASE CLEAR
  Pair (4,7): center_dist=124.970 broad_radius=104.255 [OK] BROAD-PHASE SEPARATED
  Pair (4,9): center_dist=128.913 broad_radius=108.765 [OK] BROAD-PHASE SEPARATED
  Pair (4,11): center_dist=148.464 broad_radius=99.534 [OK] BROAD-PHASE SEPARATED
  Pair (4,12): center_dist=169.540 broad_radius=100.076 [OK] BROAD-PHASE SEPARATED
  Pair (4,13): center_dist=148.832 broad_radius=89.082 [OK] BROAD-PHASE SEPARATED
  Pair (4,14): center_dist=119.172 broad_radius=90.380 [OK] BROAD-PHASE SEPARATED
  Pair (4,15): center_dist=148.368 broad_radius=89.252 [OK] BROAD-PHASE SEPARATED
  Pair (4,16): center_dist=162.333 broad_radius=83.337 [OK] BROAD-PHASE SEPARATED
  Pair (4,17): center_dist=145.262 broad_radius=84.532 [OK] BROAD-PHASE SEPARATED
  Pair (4,18): center_dist=99.492 broad_radius=90.424 [OK] BROAD-PHASE SEPARATED
  Pair (4,19): center_dist=78.890 broad_radius=79.900 min_nn=16.570 hits=0/1597 hit_ratio=0.000 avg_depth=0.000 pair_pen=0.000 [OK] NARROW-PHASE CLEAR
  Pair (4,20): center_dist=129.464 broad_radius=94.574 [OK] BROAD-PHASE SEPARATED
  Pair (4,21): center_dist=92.013 broad_radius=74.880 [OK] BROAD-PHASE SEPARATED
  Pair (4,22): center_dist=56.979 broad_radius=72.674 min_nn=8.681 hits=0/1597 hit_ratio=0.000 avg_depth=0.000 pair_pen=0.000 [OK] NARROW-PHASE CLEAR
  Pair (4,23): center_dist=84.037 broad_radius=62.813 [OK] BROAD-PHASE SEPARATED
  Pair (4,24): center_dist=184.414 broad_radius=58.544 [OK] BROAD-PHASE SEPARATED
  Pair (4,25): center_dist=130.810 broad_radius=51.072 [OK] BROAD-PHASE SEPARATED
  Pair (4,26): center_dist=152.226 broad_radius=58.595 [OK] BROAD-PHASE SEPARATED
  Pair (5,6): center_dist=242.197 broad_radius=112.952 [OK] BROAD-PHASE SEPARATED
  Pair (5,7): center_dist=208.675 broad_radius=109.758 [OK] BROAD-PHASE SEPARATED
  Pair (5,8): center_dist=145.182 broad_radius=118.078 [OK] BROAD-PHASE SEPARATED
  Pair (5,10): center_dist=244.501 broad_radius=109.738 [OK] BROAD-PHASE SEPARATED
  Pair (5,12): center_dist=89.439 broad_radius=105.579 min_nn=29.107 hits=0/1218 hit_ratio=0.000 avg_depth=0.000 pair_pen=0.000 [OK] NARROW-PHASE CLEAR
  Pair (5,13): center_dist=236.527 broad_radius=94.585 [OK] BROAD-PHASE SEPARATED
  Pair (5,14): center_dist=139.991 broad_radius=95.883 [OK] BROAD-PHASE SEPARATED
  Pair (5,15): center_dist=133.606 broad_radius=94.755 [OK] BROAD-PHASE SEPARATED
  Pair (5,16): center_dist=209.612 broad_radius=88.840 [OK] BROAD-PHASE SEPARATED
  Pair (5,17): center_dist=86.821 broad_radius=90.035 min_nn=23.069 hits=0/1218 hit_ratio=0.000 avg_depth=0.000 pair_pen=0.000 [OK] NARROW-PHASE CLEAR
  Pair (5,18): center_dist=171.868 broad_radius=95.927 [OK] BROAD-PHASE SEPARATED
  Pair (5,19): center_dist=221.261 broad_radius=85.403 [OK] BROAD-PHASE SEPARATED
  Pair (5,20): center_dist=168.034 broad_radius=100.077 [OK] BROAD-PHASE SEPARATED
  Pair (5,21): center_dist=178.851 broad_radius=80.383 [OK] BROAD-PHASE SEPARATED
  Pair (5,22): center_dist=140.030 broad_radius=78.177 [OK] BROAD-PHASE SEPARATED
  Pair (5,23): center_dist=117.708 broad_radius=68.316 [OK] BROAD-PHASE SEPARATED
  Pair (5,24): center_dist=71.471 broad_radius=64.048 [OK] BROAD-PHASE SEPARATED
  Pair (5,25): center_dist=101.343 broad_radius=56.575 [OK] BROAD-PHASE SEPARATED
  Pair (5,26): center_dist=236.596 broad_radius=64.098 [OK] BROAD-PHASE SEPARATED
  Pair (6,7): center_dist=65.946 broad_radius=110.829 min_nn=1.743 hits=0/1493 hit_ratio=0.000 avg_depth=0.000 pair_pen=0.000 [OK] NARROW-PHASE CLEAR
  Pair (6,9): center_dist=179.662 broad_radius=115.339 [OK] BROAD-PHASE SEPARATED
  Pair (6,10): center_dist=67.384 broad_radius=110.810 min_nn=21.569 hits=0/1493 hit_ratio=0.000 avg_depth=0.000 pair_pen=0.000 [OK] NARROW-PHASE CLEAR
  Pair (6,11): center_dist=168.594 broad_radius=106.108 [OK] BROAD-PHASE SEPARATED
  Pair (6,12): center_dist=207.808 broad_radius=106.650 [OK] BROAD-PHASE SEPARATED
  Pair (6,13): center_dist=94.639 broad_radius=95.656 min_nn=37.269 hits=0/1493 hit_ratio=0.000 avg_depth=0.000 pair_pen=0.000 [OK] NARROW-PHASE CLEAR
  Pair (6,14): center_dist=120.030 broad_radius=96.954 [OK] BROAD-PHASE SEPARATED
  Pair (6,15): center_dist=164.873 broad_radius=95.826 [OK] BROAD-PHASE SEPARATED
  Pair (6,16): center_dist=146.263 broad_radius=89.911 [OK] BROAD-PHASE SEPARATED
  Pair (6,17): center_dist=172.767 broad_radius=91.106 [OK] BROAD-PHASE SEPARATED
  Pair (6,18): center_dist=158.211 broad_radius=96.998 [OK] BROAD-PHASE SEPARATED
  Pair (6,19): center_dist=131.321 broad_radius=86.474 [OK] BROAD-PHASE SEPARATED
  Pair (6,20): center_dist=166.212 broad_radius=101.148 [OK] BROAD-PHASE SEPARATED
  Pair (6,21): center_dist=81.142 broad_radius=81.454 min_nn=21.059 hits=0/1493 hit_ratio=0.000 avg_depth=0.000 pair_pen=0.000 [OK] NARROW-PHASE CLEAR
  Pair (6,22): center_dist=135.439 broad_radius=79.248 [OK] BROAD-PHASE SEPARATED
  Pair (6,23): center_dist=155.217 broad_radius=69.387 [OK] BROAD-PHASE SEPARATED
  Pair (6,24): center_dist=241.544 broad_radius=65.119 [OK] BROAD-PHASE SEPARATED
  Pair (6,25): center_dist=171.129 broad_radius=57.646 [OK] BROAD-PHASE SEPARATED
  Pair (6,26): center_dist=134.334 broad_radius=65.169 [OK] BROAD-PHASE SEPARATED
  Pair (7,8): center_dist=111.649 broad_radius=115.955 min_nn=41.784 hits=0/1057 hit_ratio=0.000 avg_depth=0.000 pair_pen=0.000 [OK] NARROW-PHASE CLEAR
  Pair (7,9): center_dist=157.351 broad_radius=112.145 [OK] BROAD-PHASE SEPARATED
  Pair (7,10): center_dist=112.378 broad_radius=107.616 [OK] BROAD-PHASE SEPARATED
  Pair (7,11): center_dist=124.181 broad_radius=102.914 [OK] BROAD-PHASE SEPARATED
  Pair (7,12): center_dist=176.906 broad_radius=103.456 [OK] BROAD-PHASE SEPARATED
  Pair (7,13): center_dist=74.312 broad_radius=92.463 min_nn=15.958 hits=0/1057 hit_ratio=0.000 avg_depth=0.000 pair_pen=0.000 [OK] NARROW-PHASE CLEAR
  Pair (7,14): center_dist=79.975 broad_radius=93.760 min_nn=27.621 hits=0/1057 hit_ratio=0.000 avg_depth=0.000 pair_pen=0.000 [OK] NARROW-PHASE CLEAR
  Pair (7,15): center_dist=129.511 broad_radius=92.632 [OK] BROAD-PHASE SEPARATED
  Pair (7,16): center_dist=121.835 broad_radius=86.717 [OK] BROAD-PHASE SEPARATED
  Pair (7,17): center_dist=134.747 broad_radius=87.912 [OK] BROAD-PHASE SEPARATED
  Pair (7,18): center_dist=164.423 broad_radius=93.804 [OK] BROAD-PHASE SEPARATED
  Pair (7,19): center_dist=161.931 broad_radius=83.280 [OK] BROAD-PHASE SEPARATED
  Pair (7,20): center_dist=157.731 broad_radius=97.954 [OK] BROAD-PHASE SEPARATED
  Pair (7,21): center_dist=66.931 broad_radius=78.260 min_nn=31.099 hits=0/1057 hit_ratio=0.000 avg_depth=0.000 pair_pen=0.000 [OK] NARROW-PHASE CLEAR
  Pair (7,22): center_dist=140.967 broad_radius=76.054 [OK] BROAD-PHASE SEPARATED
  Pair (7,23): center_dist=151.428 broad_radius=66.194 [OK] BROAD-PHASE SEPARATED
  Pair (7,24): center_dist=217.149 broad_radius=61.925 [OK] BROAD-PHASE SEPARATED
  Pair (7,25): center_dist=146.693 broad_radius=54.452 [OK] BROAD-PHASE SEPARATED
  Pair (7,26): center_dist=130.165 broad_radius=61.975 [OK] BROAD-PHASE SEPARATED
  Pair (8,9): center_dist=119.580 broad_radius=120.465 min_nn=78.672 hits=0/933 hit_ratio=0.000 avg_depth=0.000 pair_pen=0.000 [OK] NARROW-PHASE CLEAR
  Pair (8,10): center_dist=138.066 broad_radius=115.935 [OK] BROAD-PHASE SEPARATED
  Pair (8,11): center_dist=107.435 broad_radius=111.234 min_nn=77.307 hits=0/933 hit_ratio=0.000 avg_depth=0.000 pair_pen=0.000 [OK] NARROW-PHASE CLEAR
  Pair (8,12): center_dist=99.408 broad_radius=111.776 min_nn=21.411 hits=0/933 hit_ratio=0.000 avg_depth=0.000 pair_pen=0.000 [OK] NARROW-PHASE CLEAR
  Pair (8,13): center_dist=163.777 broad_radius=100.782 [OK] BROAD-PHASE SEPARATED
  Pair (8,15): center_dist=140.640 broad_radius=100.951 [OK] BROAD-PHASE SEPARATED
  Pair (8,16): center_dist=178.382 broad_radius=95.037 [OK] BROAD-PHASE SEPARATED
  Pair (8,17): center_dist=80.648 broad_radius=96.232 min_nn=25.683 hits=0/933 hit_ratio=0.000 avg_depth=0.000 pair_pen=0.000 [OK] NARROW-PHASE CLEAR
  Pair (8,18): center_dist=139.489 broad_radius=102.123 [OK] BROAD-PHASE SEPARATED
  Pair (8,19): center_dist=146.150 broad_radius=91.600 [OK] BROAD-PHASE SEPARATED
  Pair (8,20): center_dist=155.611 broad_radius=106.274 [OK] BROAD-PHASE SEPARATED
  Pair (8,22): center_dist=48.024 broad_radius=84.374 min_nn=14.701 hits=0/933 hit_ratio=0.000 avg_depth=0.000 pair_pen=0.000 [OK] NARROW-PHASE CLEAR
  Pair (8,24): center_dist=126.892 broad_radius=70.244 [OK] BROAD-PHASE SEPARATED
  Pair (8,25): center_dist=60.272 broad_radius=62.772 min_nn=18.385 hits=0/933 hit_ratio=0.000 avg_depth=0.000 pair_pen=0.000 [OK] NARROW-PHASE CLEAR
  Pair (8,26): center_dist=185.669 broad_radius=70.295 [OK] BROAD-PHASE SEPARATED
  Pair (9,10): center_dist=163.939 broad_radius=112.125 [OK] BROAD-PHASE SEPARATED
  Pair (9,11): center_dist=70.515 broad_radius=107.424 min_nn=28.308 hits=0/1037 hit_ratio=0.000 avg_depth=0.000 pair_pen=0.000 [OK] NARROW-PHASE CLEAR
  Pair (9,12): center_dist=137.766 broad_radius=107.966 [OK] BROAD-PHASE SEPARATED
  Pair (9,13): center_dist=162.530 broad_radius=96.972 [OK] BROAD-PHASE SEPARATED
  Pair (9,14): center_dist=119.907 broad_radius=98.269 [OK] BROAD-PHASE SEPARATED
  Pair (9,15): center_dist=61.096 broad_radius=97.141 min_nn=21.587 hits=0/1037 hit_ratio=0.000 avg_depth=0.000 pair_pen=0.000 [OK] NARROW-PHASE CLEAR
  Pair (9,16): center_dist=127.668 broad_radius=91.227 [OK] BROAD-PHASE SEPARATED
  Pair (9,17): center_dist=103.202 broad_radius=92.422 [OK] BROAD-PHASE SEPARATED
  Pair (9,18): center_dist=81.330 broad_radius=98.313 min_nn=16.314 hits=0/1037 hit_ratio=0.000 avg_depth=0.000 pair_pen=0.000 [OK] NARROW-PHASE CLEAR
  Pair (9,19): center_dist=135.435 broad_radius=87.790 [OK] BROAD-PHASE SEPARATED
  Pair (9,21): center_dist=144.627 broad_radius=82.769 [OK] BROAD-PHASE SEPARATED
  Pair (9,22): center_dist=100.646 broad_radius=80.564 [OK] BROAD-PHASE SEPARATED
  Pair (9,23): center_dist=97.227 broad_radius=70.703 [OK] BROAD-PHASE SEPARATED
  Pair (9,24): center_dist=138.391 broad_radius=66.434 [OK] BROAD-PHASE SEPARATED
  Pair (9,25): center_dist=118.671 broad_radius=58.962 [OK] BROAD-PHASE SEPARATED
  Pair (9,26): center_dist=147.353 broad_radius=66.485 [OK] BROAD-PHASE SEPARATED
  Pair (10,11): center_dist=179.202 broad_radius=102.894 [OK] BROAD-PHASE SEPARATED
  Pair (10,12): center_dist=231.162 broad_radius=103.436 [OK] BROAD-PHASE SEPARATED
  Pair (10,13): center_dist=100.496 broad_radius=92.443 [OK] BROAD-PHASE SEPARATED
  Pair (10,14): center_dist=153.815 broad_radius=93.740 [OK] BROAD-PHASE SEPARATED
  Pair (10,15): center_dist=155.047 broad_radius=92.612 [OK] BROAD-PHASE SEPARATED
  Pair (10,16): center_dist=128.056 broad_radius=86.697 [OK] BROAD-PHASE SEPARATED
  Pair (10,17): center_dist=194.611 broad_radius=87.892 [OK] BROAD-PHASE SEPARATED
  Pair (10,18): center_dist=114.081 broad_radius=93.784 [OK] BROAD-PHASE SEPARATED
  Pair (10,19): center_dist=72.507 broad_radius=83.260 min_nn=33.859 hits=0/740 hit_ratio=0.000 avg_depth=0.000 pair_pen=0.000 [OK] NARROW-PHASE CLEAR
  Pair (10,20): center_dist=128.740 broad_radius=97.934 [OK] BROAD-PHASE SEPARATED
  Pair (10,21): center_dist=123.962 broad_radius=78.240 [OK] BROAD-PHASE SEPARATED
  Pair (10,22): center_dist=132.017 broad_radius=76.034 [OK] BROAD-PHASE SEPARATED
  Pair (10,23): center_dist=157.096 broad_radius=66.174 [OK] BROAD-PHASE SEPARATED
  Pair (10,24): center_dist=253.081 broad_radius=61.905 [OK] BROAD-PHASE SEPARATED
  Pair (10,25): center_dist=192.940 broad_radius=54.433 [OK] BROAD-PHASE SEPARATED
  Pair (10,26): center_dist=101.279 broad_radius=61.955 [OK] BROAD-PHASE SEPARATED
  Pair (11,12): center_dist=104.265 broad_radius=98.735 [OK] BROAD-PHASE SEPARATED
  Pair (11,13): center_dist=149.339 broad_radius=87.741 [OK] BROAD-PHASE SEPARATED
  Pair (11,14): center_dist=73.761 broad_radius=89.039 min_nn=24.445 hits=0/739 hit_ratio=0.000 avg_depth=0.000 pair_pen=0.000 [OK] NARROW-PHASE CLEAR
  Pair (11,15): center_dist=65.822 broad_radius=87.911 min_nn=18.615 hits=0/739 hit_ratio=0.000 avg_depth=0.000 pair_pen=0.000 [OK] NARROW-PHASE CLEAR
  Pair (11,16): center_dist=132.110 broad_radius=81.996 [OK] BROAD-PHASE SEPARATED
  Pair (11,17): center_dist=56.726 broad_radius=83.191 min_nn=24.087 hits=0/739 hit_ratio=0.000 avg_depth=0.000 pair_pen=0.000 [OK] NARROW-PHASE CLEAR
  Pair (11,18): center_dist=137.685 broad_radius=89.083 [OK] BROAD-PHASE SEPARATED
  Pair (11,19): center_dist=178.211 broad_radius=78.559 [OK] BROAD-PHASE SEPARATED
  Pair (11,20): center_dist=122.337 broad_radius=93.233 [OK] BROAD-PHASE SEPARATED
  Pair (11,21): center_dist=116.249 broad_radius=73.539 [OK] BROAD-PHASE SEPARATED
  Pair (11,22): center_dist=118.500 broad_radius=71.333 [OK] BROAD-PHASE SEPARATED
  Pair (11,23): center_dist=109.015 broad_radius=61.472 [OK] BROAD-PHASE SEPARATED
  Pair (11,24): center_dist=128.202 broad_radius=57.204 [OK] BROAD-PHASE SEPARATED
  Pair (11,25): center_dist=91.539 broad_radius=49.731 [OK] BROAD-PHASE SEPARATED
  Pair (11,26): center_dist=162.379 broad_radius=57.254 [OK] BROAD-PHASE SEPARATED
  Pair (12,13): center_dist=230.096 broad_radius=88.283 [OK] BROAD-PHASE SEPARATED
  Pair (12,14): center_dist=96.980 broad_radius=89.580 [OK] BROAD-PHASE SEPARATED
  Pair (12,15): center_dist=165.873 broad_radius=88.452 [OK] BROAD-PHASE SEPARATED
  Pair (12,16): center_dist=229.300 broad_radius=82.538 [OK] BROAD-PHASE SEPARATED
  Pair (12,18): center_dist=198.806 broad_radius=89.624 [OK] BROAD-PHASE SEPARATED
  Pair (12,19): center_dist=228.339 broad_radius=79.101 [OK] BROAD-PHASE SEPARATED
  Pair (12,20): center_dist=203.842 broad_radius=93.775 [OK] BROAD-PHASE SEPARATED
  Pair (12,21): center_dist=129.281 broad_radius=74.081 [OK] BROAD-PHASE SEPARATED
  Pair (12,22): center_dist=119.671 broad_radius=71.875 [OK] BROAD-PHASE SEPARATED
  Pair (12,23): center_dist=95.096 broad_radius=62.014 [OK] BROAD-PHASE SEPARATED
  Pair (12,24): center_dist=52.403 broad_radius=57.745 min_nn=23.109 hits=0/875 hit_ratio=0.000 avg_depth=0.000 pair_pen=0.000 [OK] NARROW-PHASE CLEAR
  Pair (12,25): center_dist=39.331 broad_radius=50.273 min_nn=13.857 hits=0/875 hit_ratio=0.000 avg_depth=0.000 pair_pen=0.000 [OK] NARROW-PHASE CLEAR
  Pair (12,26): center_dist=251.513 broad_radius=57.796 [OK] BROAD-PHASE SEPARATED
  Pair (13,14): center_dist=138.349 broad_radius=78.587 [OK] BROAD-PHASE SEPARATED
  Pair (13,15): center_dist=118.684 broad_radius=77.459 [OK] BROAD-PHASE SEPARATED
  Pair (13,17): center_dist=182.091 broad_radius=72.739 [OK] BROAD-PHASE SEPARATED
  Pair (13,18): center_dist=149.448 broad_radius=78.631 [OK] BROAD-PHASE SEPARATED
  Pair (13,19): center_dist=146.598 broad_radius=68.107 [OK] BROAD-PHASE SEPARATED
  Pair (13,20): center_dist=131.150 broad_radius=82.781 [OK] BROAD-PHASE SEPARATED
  Pair (13,21): center_dist=131.771 broad_radius=63.087 [OK] BROAD-PHASE SEPARATED
  Pair (13,22): center_dist=175.504 broad_radius=60.881 [OK] BROAD-PHASE SEPARATED
  Pair (13,23): center_dist=190.379 broad_radius=51.021 [OK] BROAD-PHASE SEPARATED
  Pair (13,24): center_dist=262.172 broad_radius=46.752 [OK] BROAD-PHASE SEPARATED
  Pair (13,25): center_dist=199.835 broad_radius=39.279 [OK] BROAD-PHASE SEPARATED
  Pair (13,26): center_dist=67.427 broad_radius=46.802 [OK] BROAD-PHASE SEPARATED
  Pair (14,15): center_dist=117.049 broad_radius=78.756 [OK] BROAD-PHASE SEPARATED
  Pair (14,16): center_dist=154.878 broad_radius=72.842 [OK] BROAD-PHASE SEPARATED
  Pair (14,18): center_dist=158.546 broad_radius=79.928 [OK] BROAD-PHASE SEPARATED
  Pair (14,19): center_dist=174.872 broad_radius=69.404 [OK] BROAD-PHASE SEPARATED
  Pair (14,20): center_dist=157.143 broad_radius=84.078 [OK] BROAD-PHASE SEPARATED
  Pair (14,21): center_dist=49.180 broad_radius=64.384 min_nn=6.412 hits=0/741 hit_ratio=0.000 avg_depth=0.000 pair_pen=0.000 [OK] NARROW-PHASE CLEAR
  Pair (14,22): center_dist=99.638 broad_radius=62.179 [OK] BROAD-PHASE SEPARATED
  Pair (14,23): center_dist=95.739 broad_radius=52.318 [OK] BROAD-PHASE SEPARATED
  Pair (14,24): center_dist=139.263 broad_radius=48.049 [OK] BROAD-PHASE SEPARATED
  Pair (14,25): center_dist=69.519 broad_radius=40.577 [OK] BROAD-PHASE SEPARATED
  Pair (14,26): center_dist=173.511 broad_radius=48.100 [OK] BROAD-PHASE SEPARATED
  Pair (15,16): center_dist=76.682 broad_radius=71.714 [OK] BROAD-PHASE SEPARATED
  Pair (15,17): center_dist=119.040 broad_radius=72.909 [OK] BROAD-PHASE SEPARATED
  Pair (15,18): center_dist=101.635 broad_radius=78.800 [OK] BROAD-PHASE SEPARATED
  Pair (15,19): center_dist=147.119 broad_radius=68.276 [OK] BROAD-PHASE SEPARATED
  Pair (15,20): center_dist=69.282 broad_radius=82.950 min_nn=31.203 hits=0/297 hit_ratio=0.000 avg_depth=0.000 pair_pen=0.000 [OK] NARROW-PHASE CLEAR
  Pair (15,21): center_dist=143.717 broad_radius=63.256 [OK] BROAD-PHASE SEPARATED
  Pair (15,22): center_dist=137.047 broad_radius=61.051 [OK] BROAD-PHASE SEPARATED
  Pair (15,23): center_dist=138.607 broad_radius=51.190 [OK] BROAD-PHASE SEPARATED
  Pair (15,24): center_dist=181.340 broad_radius=46.921 [OK] BROAD-PHASE SEPARATED
  Pair (15,25): center_dist=146.332 broad_radius=39.449 [OK] BROAD-PHASE SEPARATED
  Pair (15,26): center_dist=108.796 broad_radius=46.971 [OK] BROAD-PHASE SEPARATED
  Pair (16,17): center_dist=179.854 broad_radius=66.994 [OK] BROAD-PHASE SEPARATED
  Pair (16,18): center_dist=119.064 broad_radius=72.886 [OK] BROAD-PHASE SEPARATED
  Pair (16,19): center_dist=139.856 broad_radius=62.362 [OK] BROAD-PHASE SEPARATED
  Pair (16,20): center_dist=84.437 broad_radius=77.036 [OK] BROAD-PHASE SEPARATED
  Pair (16,21): center_dist=163.648 broad_radius=57.342 [OK] BROAD-PHASE SEPARATED
  Pair (16,22): center_dist=177.140 broad_radius=55.136 [OK] BROAD-PHASE SEPARATED
  Pair (16,23): center_dist=188.633 broad_radius=45.275 [OK] BROAD-PHASE SEPARATED
  Pair (16,24): center_dist=251.081 broad_radius=41.007 [OK] BROAD-PHASE SEPARATED
  Pair (16,25): center_dist=203.246 broad_radius=33.534 [OK] BROAD-PHASE SEPARATED
  Pair (16,26): center_dist=43.100 broad_radius=41.057 [OK] BROAD-PHASE SEPARATED
  Pair (17,18): center_dist=165.174 broad_radius=74.081 [OK] BROAD-PHASE SEPARATED
  Pair (17,19): center_dist=196.596 broad_radius=63.557 [OK] BROAD-PHASE SEPARATED
  Pair (17,20): center_dist=163.374 broad_radius=78.231 [OK] BROAD-PHASE SEPARATED
  Pair (17,21): center_dist=100.001 broad_radius=58.537 [OK] BROAD-PHASE SEPARATED
  Pair (17,22): center_dist=103.743 broad_radius=56.331 [OK] BROAD-PHASE SEPARATED
  Pair (17,23): center_dist=85.860 broad_radius=46.470 [OK] BROAD-PHASE SEPARATED
  Pair (17,24): center_dist=88.266 broad_radius=42.202 [OK] BROAD-PHASE SEPARATED
  Pair (17,25): center_dist=40.504 broad_radius=34.729 [OK] BROAD-PHASE SEPARATED
  Pair (17,26): center_dist=204.091 broad_radius=42.252 [OK] BROAD-PHASE SEPARATED
  Pair (18,21): center_dist=158.759 broad_radius=64.428 [OK] BROAD-PHASE SEPARATED
  Pair (18,22): center_dist=106.550 broad_radius=62.223 [OK] BROAD-PHASE SEPARATED
  Pair (18,23): center_dist=121.950 broad_radius=52.362 [OK] BROAD-PHASE SEPARATED
  Pair (18,24): center_dist=199.826 broad_radius=48.093 [OK] BROAD-PHASE SEPARATED
  Pair (18,25): center_dist=168.717 broad_radius=40.621 [OK] BROAD-PHASE SEPARATED
  Pair (18,26): center_dist=112.864 broad_radius=48.144 [OK] BROAD-PHASE SEPARATED
  Pair (19,20): center_dist=95.143 broad_radius=73.599 [OK] BROAD-PHASE SEPARATED
  Pair (19,21): center_dist=156.886 broad_radius=53.905 [OK] BROAD-PHASE SEPARATED
  Pair (19,22): center_dist=116.403 broad_radius=51.699 [OK] BROAD-PHASE SEPARATED
  Pair (19,23): center_dist=140.823 broad_radius=41.838 [OK] BROAD-PHASE SEPARATED
  Pair (19,24): center_dist=235.166 broad_radius=37.569 [OK] BROAD-PHASE SEPARATED
  Pair (19,25): center_dist=192.430 broad_radius=30.097 [OK] BROAD-PHASE SEPARATED
  Pair (19,26): center_dist=115.993 broad_radius=37.620 [OK] BROAD-PHASE SEPARATED
  Pair (20,21): center_dist=166.485 broad_radius=68.579 [OK] BROAD-PHASE SEPARATED
  Pair (20,22): center_dist=132.840 broad_radius=66.373 [OK] BROAD-PHASE SEPARATED
  Pair (20,23): center_dist=143.762 broad_radius=56.512 [OK] BROAD-PHASE SEPARATED
  Pair (20,24): center_dist=209.051 broad_radius=52.243 [OK] BROAD-PHASE SEPARATED
  Pair (20,25): center_dist=177.415 broad_radius=44.771 [OK] BROAD-PHASE SEPARATED
  Pair (20,26): center_dist=89.462 broad_radius=52.294 [OK] BROAD-PHASE SEPARATED
  Pair (21,22): center_dist=92.790 broad_radius=46.679 [OK] BROAD-PHASE SEPARATED
  Pair (21,23): center_dist=99.934 broad_radius=36.818 [OK] BROAD-PHASE SEPARATED
  Pair (21,24): center_dist=168.159 broad_radius=32.549 [OK] BROAD-PHASE SEPARATED
  Pair (21,25): center_dist=94.678 broad_radius=25.077 [OK] BROAD-PHASE SEPARATED
  Pair (21,26): center_dist=170.475 broad_radius=32.600 [OK] BROAD-PHASE SEPARATED
  Pair (22,23): center_dist=27.443 broad_radius=34.612 min_nn=14.767 hits=0/139 hit_ratio=0.000 avg_depth=0.000 pair_pen=0.000 [OK] NARROW-PHASE CLEAR
  Pair (22,24): center_dist=128.146 broad_radius=30.344 [OK] BROAD-PHASE SEPARATED
  Pair (22,25): center_dist=83.720 broad_radius=22.871 [OK] BROAD-PHASE SEPARATED
  Pair (22,26): center_dist=179.642 broad_radius=30.394 [OK] BROAD-PHASE SEPARATED
  Pair (23,24): center_dist=100.720 broad_radius=20.483 [OK] BROAD-PHASE SEPARATED
  Pair (23,25): center_dist=62.309 broad_radius=13.010 [OK] BROAD-PHASE SEPARATED
  Pair (23,26): center_dist=196.489 broad_radius=20.533 [OK] BROAD-PHASE SEPARATED
  Pair (24,25): center_dist=74.034 broad_radius=8.742 [OK] BROAD-PHASE SEPARATED
  Pair (24,26): center_dist=271.926 broad_radius=16.264 [OK] BROAD-PHASE SEPARATED
  Pair (25,26): center_dist=220.957 broad_radius=8.792 [OK] BROAD-PHASE SEPARATED
  No active cloud collisions detected.


=== CONSENSUS SUPPORT DIAGNOSTICS [FINAL BEST] ===
  Active Spanning Tree Component: 27 shards.
  Shard 1 (Root Shard):
    Alternative Pair with Shard 10 (ACTIVE IN TREE) [SKIPPED]
    Alternative Pair with Shard 23 (ACTIVE IN TREE) [SKIPPED]
    Alternative Pair with Shard 24 (ACTIVE IN TREE) [SKIPPED]
    Alternative Pair with Shard 6 (NOT ACTIVE IN TREE):
      Candidate choice=1 inlier=30 | RotErr = 0.3733 rad (21.3912 deg) | TransErr = 18.64 mm [FAILS]
      Candidate choice=2 inlier=18 | RotErr = 3.0495 rad (174.7251 deg) | TransErr = 157.31 mm [FAILS]
      Candidate choice=3 inlier=30 | RotErr = 3.0369 rad (174.0036 deg) | TransErr = 89.40 mm [FAILS]
      Candidate choice=4 inlier=10 | RotErr = 3.0723 rad (176.0307 deg) | TransErr = 42.10 mm [FAILS]
    Alternative Pair with Shard 21 (NOT ACTIVE IN TREE):
      Candidate choice=1 inlier=57 | RotErr = 0.2651 rad (15.1912 deg) | TransErr = 65.01 mm [FAILS]
      Candidate choice=2 inlier=44 | RotErr = 0.1320 rad (7.5608 deg) | TransErr = 33.09 mm [FAILS]
    Alternative Pair with Shard 9 (NOT ACTIVE IN TREE):
      Candidate choice=1 inlier=8 | RotErr = 3.1408 rad (179.9567 deg) | TransErr = 147.85 mm [FAILS]
      Candidate choice=2 inlier=63 | RotErr = 2.7594 rad (158.0994 deg) | TransErr = 6.86 mm [FAILS]
      Candidate choice=3 inlier=32 | RotErr = 2.3123 rad (132.4869 deg) | TransErr = 65.94 mm [FAILS]
      Candidate choice=4 inlier=32 | RotErr = 2.9231 rad (167.4838 deg) | TransErr = 138.49 mm [FAILS]
      Candidate choice=5 inlier=84 | RotErr = 0.9798 rad (56.1367 deg) | TransErr = 30.93 mm [FAILS]
      Candidate choice=6 inlier=22 | RotErr = 0.4677 rad (26.7979 deg) | TransErr = 9.54 mm [FAILS]
    Alternative Pair with Shard 12 (NOT ACTIVE IN TREE):
      Candidate choice=1 inlier=30 | RotErr = 3.0247 rad (173.3024 deg) | TransErr = 133.29 mm [FAILS]
      Candidate choice=2 inlier=56 | RotErr = 1.3654 rad (78.2310 deg) | TransErr = 25.62 mm [FAILS]
      Candidate choice=3 inlier=4 | RotErr = 2.9646 rad (169.8600 deg) | TransErr = 98.83 mm [FAILS]
      Candidate choice=4 inlier=30 | RotErr = 3.0989 rad (177.5527 deg) | TransErr = 101.36 mm [FAILS]
      Candidate choice=5 inlier=70 | RotErr = 2.8515 rad (163.3814 deg) | TransErr = 24.44 mm [FAILS]
    Alternative Pair with Shard 19 (NOT ACTIVE IN TREE):
      Candidate choice=1 inlier=40 | RotErr = 0.6781 rad (38.8531 deg) | TransErr = 71.81 mm [FAILS]
      Candidate choice=2 inlier=89 | RotErr = 0.0707 rad (4.0514 deg) | TransErr = 4.50 mm [PASSES] -> Reward: +20.00
      Candidate choice=3 inlier=75 | RotErr = 0.2022 rad (11.5870 deg) | TransErr = 12.26 mm [FAILS]
      Candidate choice=4 inlier=14 | RotErr = 3.0765 rad (176.2701 deg) | TransErr = 143.44 mm [FAILS]
      Candidate choice=5 inlier=77 | RotErr = 1.2944 rad (74.1624 deg) | TransErr = 11.45 mm [FAILS]
      Candidate choice=6 inlier=61 | RotErr = 1.3108 rad (75.1015 deg) | TransErr = 30.45 mm [FAILS]
    Alternative Pair with Shard 2 (NOT ACTIVE IN TREE):
      Candidate choice=1 inlier=30 | RotErr = 0.9412 rad (53.9279 deg) | TransErr = 12.83 mm [FAILS]
      Candidate choice=2 inlier=32 | RotErr = 0.6640 rad (38.0442 deg) | TransErr = 34.14 mm [FAILS]
    Alternative Pair with Shard 5 (NOT ACTIVE IN TREE):
      Candidate choice=1 inlier=38 | RotErr = 2.0052 rad (114.8893 deg) | TransErr = 66.76 mm [FAILS]
      Candidate choice=2 inlier=48 | RotErr = 2.1067 rad (120.7055 deg) | TransErr = 28.85 mm [FAILS]
      Candidate choice=3 inlier=38 | RotErr = 3.0063 rad (172.2467 deg) | TransErr = 118.23 mm [FAILS]
      Candidate choice=4 inlier=50 | RotErr = 1.3897 rad (79.6227 deg) | TransErr = 30.36 mm [FAILS]
      Candidate choice=5 inlier=22 | RotErr = 3.1128 rad (178.3495 deg) | TransErr = 137.24 mm [FAILS]
      Candidate choice=6 inlier=20 | RotErr = 1.0431 rad (59.7660 deg) | TransErr = 62.60 mm [FAILS]
      Candidate choice=7 inlier=32 | RotErr = 0.7094 rad (40.6470 deg) | TransErr = 60.07 mm [FAILS]
      Candidate choice=8 inlier=84 | RotErr = 0.1574 rad (9.0167 deg) | TransErr = 2.05 mm [PASSES] -> Reward: +20.00
    Alternative Pair with Shard 7 (NOT ACTIVE IN TREE):
      Candidate choice=1 inlier=0 | RotErr = 3.0478 rad (174.6257 deg) | TransErr = 53.17 mm [FAILS]
      Candidate choice=2 inlier=38 | RotErr = 2.8284 rad (162.0543 deg) | TransErr = 80.01 mm [FAILS]
      Candidate choice=3 inlier=36 | RotErr = 1.5571 rad (89.2146 deg) | TransErr = 7.40 mm [FAILS]
      Candidate choice=4 inlier=38 | RotErr = 0.9947 rad (56.9944 deg) | TransErr = 21.69 mm [FAILS]
      Candidate choice=5 inlier=26 | RotErr = 0.8952 rad (51.2938 deg) | TransErr = 107.91 mm [FAILS]
    Alternative Pair with Shard 15 (NOT ACTIVE IN TREE):
      Candidate choice=1 inlier=36 | RotErr = 2.6024 rad (149.1047 deg) | TransErr = 10.52 mm [FAILS]
      Candidate choice=2 inlier=44 | RotErr = 3.1192 rad (178.7164 deg) | TransErr = 48.00 mm [FAILS]
      Candidate choice=3 inlier=36 | RotErr = 2.5424 rad (145.6678 deg) | TransErr = 84.74 mm [FAILS]
      Candidate choice=4 inlier=40 | RotErr = 1.8822 rad (107.8407 deg) | TransErr = 29.44 mm [FAILS]
      Candidate choice=5 inlier=32 | RotErr = 1.7374 rad (99.5436 deg) | TransErr = 7.68 mm [FAILS]
    Alternative Pair with Shard 22 (NOT ACTIVE IN TREE):
      Candidate choice=1 inlier=36 | RotErr = 2.5468 rad (145.9218 deg) | TransErr = 8.20 mm [FAILS]
      Candidate choice=2 inlier=55 | RotErr = 1.2801 rad (73.3431 deg) | TransErr = 35.66 mm [FAILS]
    Alternative Pair with Shard 3 (NOT ACTIVE IN TREE):
      Candidate choice=1 inlier=38 | RotErr = 1.4720 rad (84.3374 deg) | TransErr = 32.59 mm [FAILS]
      Candidate choice=2 inlier=52 | RotErr = 3.0603 rad (175.3414 deg) | TransErr = 121.54 mm [FAILS]
      Candidate choice=3 inlier=40 | RotErr = 2.8331 rad (162.3241 deg) | TransErr = 40.36 mm [FAILS]
    Alternative Pair with Shard 20 (NOT ACTIVE IN TREE):
      Candidate choice=1 inlier=36 | RotErr = 3.0797 rad (176.4542 deg) | TransErr = 116.83 mm [FAILS]
      Candidate choice=2 inlier=38 | RotErr = 0.2042 rad (11.6992 deg) | TransErr = 15.16 mm [FAILS]
      Candidate choice=3 inlier=40 | RotErr = 2.9929 rad (171.4801 deg) | TransErr = 142.26 mm [FAILS]
      Candidate choice=4 inlier=38 | RotErr = 3.1245 rad (179.0213 deg) | TransErr = 91.54 mm [FAILS]
    Alternative Pair with Shard 25 (NOT ACTIVE IN TREE):
      [No match candidates found]
    Alternative Pair with Shard 26 (NOT ACTIVE IN TREE):
      Candidate choice=1 inlier=49 | RotErr = 2.7076 rad (155.1368 deg) | TransErr = 17.32 mm [FAILS]
      Candidate choice=2 inlier=20 | RotErr = 2.2893 rad (131.1680 deg) | TransErr = 112.03 mm [FAILS]
      Candidate choice=3 inlier=26 | RotErr = 2.7010 rad (154.7538 deg) | TransErr = 45.54 mm [FAILS]
      Candidate choice=4 inlier=41 | RotErr = 1.5224 rad (87.2298 deg) | TransErr = 18.96 mm [FAILS]
      Candidate choice=5 inlier=36 | RotErr = 2.6707 rad (153.0184 deg) | TransErr = 65.87 mm [FAILS]
    Alternative Pair with Shard 11 (NOT ACTIVE IN TREE):
      Candidate choice=1 inlier=0 | RotErr = 0.4666 rad (26.7317 deg) | TransErr = 207.21 mm [FAILS]
      Candidate choice=2 inlier=30 | RotErr = 3.0404 rad (174.2036 deg) | TransErr = 133.27 mm [FAILS]
      Candidate choice=3 inlier=22 | RotErr = 3.0100 rad (172.4599 deg) | TransErr = 85.64 mm [FAILS]
    Alternative Pair with Shard 18 (NOT ACTIVE IN TREE):
      Candidate choice=1 inlier=46 | RotErr = 2.3889 rad (136.8719 deg) | TransErr = 9.27 mm [FAILS]
      Candidate choice=2 inlier=46 | RotErr = 2.8336 rad (162.3554 deg) | TransErr = 72.27 mm [FAILS]
      Candidate choice=3 inlier=28 | RotErr = 2.8193 rad (161.5336 deg) | TransErr = 58.23 mm [FAILS]
      Candidate choice=4 inlier=14 | RotErr = 1.8645 rad (106.8303 deg) | TransErr = 123.40 mm [FAILS]
      Candidate choice=5 inlier=50 | RotErr = 1.8053 rad (103.4344 deg) | TransErr = 22.84 mm [FAILS]
    Alternative Pair with Shard 8 (NOT ACTIVE IN TREE):
      Candidate choice=1 inlier=42 | RotErr = 2.4287 rad (139.1525 deg) | TransErr = 66.53 mm [FAILS]
      Candidate choice=2 inlier=16 | RotErr = 2.9734 rad (170.3649 deg) | TransErr = 54.72 mm [FAILS]
      Candidate choice=3 inlier=36 | RotErr = 2.6216 rad (150.2063 deg) | TransErr = 25.74 mm [FAILS]
      Candidate choice=4 inlier=28 | RotErr = 3.0037 rad (172.0993 deg) | TransErr = 146.17 mm [FAILS]
      Candidate choice=5 inlier=42 | RotErr = 2.8553 rad (163.5968 deg) | TransErr = 22.07 mm [FAILS]
      Candidate choice=6 inlier=24 | RotErr = 1.5521 rad (88.9309 deg) | TransErr = 15.03 mm [FAILS]
    Alternative Pair with Shard 14 (NOT ACTIVE IN TREE):
      [No match candidates found]
    Alternative Pair with Shard 16 (NOT ACTIVE IN TREE):
      Candidate choice=1 inlier=32 | RotErr = 0.8759 rad (50.1882 deg) | TransErr = 26.39 mm [FAILS]
      Candidate choice=2 inlier=55 | RotErr = 1.6025 rad (91.8179 deg) | TransErr = 25.59 mm [FAILS]
    Alternative Pair with Shard 4 (NOT ACTIVE IN TREE):
      [No match candidates found]
    Alternative Pair with Shard 13 (NOT ACTIVE IN TREE):
      Candidate choice=1 inlier=0 | RotErr = 0.3110 rad (17.8165 deg) | TransErr = 102.47 mm [FAILS]
      Candidate choice=2 inlier=22 | RotErr = 2.8797 rad (164.9950 deg) | TransErr = 126.31 mm [FAILS]
    Alternative Pair with Shard 17 (NOT ACTIVE IN TREE):
      [No match candidates found]
    Alternative Pair with Shard 27 (NOT ACTIVE IN TREE):
      [No match candidates found]
  Shard 10 (placed by parent 1):
    Alternative Pair with Shard 1 (ACTIVE IN TREE) [SKIPPED]
    Alternative Pair with Shard 23 (NOT ACTIVE IN TREE):
      [No match candidates found]
    Alternative Pair with Shard 24 (NOT ACTIVE IN TREE):
      Candidate choice=1 inlier=38 | RotErr = 2.6748 rad (153.2519 deg) | TransErr = 78.74 mm [FAILS]
      Candidate choice=2 inlier=22 | RotErr = 2.3275 rad (133.3548 deg) | TransErr = 113.94 mm [FAILS]
    Alternative Pair with Shard 6 (ACTIVE IN TREE) [SKIPPED]
    Alternative Pair with Shard 21 (ACTIVE IN TREE) [SKIPPED]
    Alternative Pair with Shard 9 (NOT ACTIVE IN TREE):
      Candidate choice=1 inlier=0 | RotErr = 3.0321 rad (173.7252 deg) | TransErr = 18.87 mm [FAILS]
      Candidate choice=2 inlier=42 | RotErr = 2.4932 rad (142.8496 deg) | TransErr = 20.94 mm [FAILS]
      Candidate choice=3 inlier=32 | RotErr = 2.9958 rad (171.6458 deg) | TransErr = 118.65 mm [FAILS]
      Candidate choice=4 inlier=56 | RotErr = 1.9648 rad (112.5769 deg) | TransErr = 42.79 mm [FAILS]
      Candidate choice=5 inlier=38 | RotErr = 1.9719 rad (112.9821 deg) | TransErr = 79.60 mm [FAILS]
    Alternative Pair with Shard 12 (NOT ACTIVE IN TREE):
      Candidate choice=1 inlier=22 | RotErr = 3.0569 rad (175.1451 deg) | TransErr = 152.24 mm [FAILS]
      Candidate choice=2 inlier=68 | RotErr = 0.2720 rad (15.5828 deg) | TransErr = 15.16 mm [FAILS]
      Candidate choice=3 inlier=38 | RotErr = 2.3357 rad (133.8268 deg) | TransErr = 33.05 mm [FAILS]
      Candidate choice=4 inlier=56 | RotErr = 2.4006 rad (137.5451 deg) | TransErr = 9.25 mm [FAILS]
      Candidate choice=5 inlier=38 | RotErr = 2.9914 rad (171.3959 deg) | TransErr = 82.94 mm [FAILS]
    Alternative Pair with Shard 19 (NOT ACTIVE IN TREE):
      Candidate choice=1 inlier=24 | RotErr = 1.6771 rad (96.0880 deg) | TransErr = 76.15 mm [FAILS]
      Candidate choice=2 inlier=42 | RotErr = 1.3913 rad (79.7142 deg) | TransErr = 39.46 mm [FAILS]
      Candidate choice=3 inlier=20 | RotErr = 1.2561 rad (71.9688 deg) | TransErr = 8.96 mm [FAILS]
      Candidate choice=4 inlier=50 | RotErr = 0.3284 rad (18.8173 deg) | TransErr = 65.04 mm [FAILS]
      Candidate choice=5 inlier=18 | RotErr = 0.4020 rad (23.0321 deg) | TransErr = 108.05 mm [FAILS]
    Alternative Pair with Shard 2 (NOT ACTIVE IN TREE):
      Candidate choice=1 inlier=28 | RotErr = 3.1212 rad (178.8322 deg) | TransErr = 133.77 mm [FAILS]
    Alternative Pair with Shard 5 (NOT ACTIVE IN TREE):
      Candidate choice=1 inlier=50 | RotErr = 0.9981 rad (57.1879 deg) | TransErr = 40.45 mm [FAILS]
      Candidate choice=2 inlier=30 | RotErr = 0.9457 rad (54.1858 deg) | TransErr = 79.65 mm [FAILS]
      Candidate choice=3 inlier=42 | RotErr = 3.0820 rad (176.5857 deg) | TransErr = 71.80 mm [FAILS]
      Candidate choice=4 inlier=58 | RotErr = 2.8132 rad (161.1831 deg) | TransErr = 21.62 mm [FAILS]
      Candidate choice=5 inlier=28 | RotErr = 2.9984 rad (171.7954 deg) | TransErr = 39.75 mm [FAILS]
    Alternative Pair with Shard 7 (NOT ACTIVE IN TREE):
      Candidate choice=1 inlier=30 | RotErr = 2.5175 rad (144.2434 deg) | TransErr = 23.50 mm [FAILS]
      Candidate choice=2 inlier=26 | RotErr = 3.0781 rad (176.3639 deg) | TransErr = 43.65 mm [FAILS]
      Candidate choice=3 inlier=24 | RotErr = 3.0713 rad (175.9705 deg) | TransErr = 28.95 mm [FAILS]
      Candidate choice=4 inlier=12 | RotErr = 2.8028 rad (160.5878 deg) | TransErr = 127.38 mm [FAILS]
    Alternative Pair with Shard 15 (NOT ACTIVE IN TREE):
      Candidate choice=1 inlier=38 | RotErr = 1.5841 rad (90.7609 deg) | TransErr = 26.91 mm [FAILS]
      Candidate choice=2 inlier=50 | RotErr = 1.8219 rad (104.3879 deg) | TransErr = 14.89 mm [FAILS]
      Candidate choice=3 inlier=28 | RotErr = 2.7599 rad (158.1313 deg) | TransErr = 18.87 mm [FAILS]
    Alternative Pair with Shard 22 (NOT ACTIVE IN TREE):
      Candidate choice=1 inlier=0 | RotErr = 3.0282 rad (173.5019 deg) | TransErr = 28.86 mm [FAILS]
      Candidate choice=2 inlier=40 | RotErr = 2.6643 rad (152.6555 deg) | TransErr = 17.84 mm [FAILS]
      Candidate choice=3 inlier=65 | RotErr = 2.9201 rad (167.3074 deg) | TransErr = 3.32 mm [FAILS]
      Candidate choice=4 inlier=28 | RotErr = 2.3159 rad (132.6921 deg) | TransErr = 50.92 mm [FAILS]
      Candidate choice=5 inlier=22 | RotErr = 2.2257 rad (127.5240 deg) | TransErr = 91.94 mm [FAILS]
    Alternative Pair with Shard 3 (NOT ACTIVE IN TREE):
      Candidate choice=1 inlier=40 | RotErr = 0.5181 rad (29.6824 deg) | TransErr = 26.14 mm [FAILS]
      Candidate choice=2 inlier=40 | RotErr = 2.1583 rad (123.6621 deg) | TransErr = 45.60 mm [FAILS]
      Candidate choice=3 inlier=12 | RotErr = 3.1275 rad (179.1912 deg) | TransErr = 50.17 mm [FAILS]
    Alternative Pair with Shard 20 (NOT ACTIVE IN TREE):
      Candidate choice=1 inlier=20 | RotErr = 2.0531 rad (117.6323 deg) | TransErr = 130.42 mm [FAILS]
      Candidate choice=2 inlier=22 | RotErr = 3.0840 rad (176.6996 deg) | TransErr = 66.74 mm [FAILS]
    Alternative Pair with Shard 25 (NOT ACTIVE IN TREE):
      [No match candidates found]
    Alternative Pair with Shard 26 (NOT ACTIVE IN TREE):
      Candidate choice=1 inlier=30 | RotErr = 2.6701 rad (152.9850 deg) | TransErr = 32.72 mm [FAILS]
      Candidate choice=2 inlier=43 | RotErr = 2.7063 rad (155.0617 deg) | TransErr = 6.59 mm [FAILS]
      Candidate choice=3 inlier=28 | RotErr = 2.8468 rad (163.1070 deg) | TransErr = 19.37 mm [FAILS]
    Alternative Pair with Shard 11 (NOT ACTIVE IN TREE):
      [No match candidates found]
    Alternative Pair with Shard 18 (NOT ACTIVE IN TREE):
      Candidate choice=1 inlier=0 | RotErr = 1.9304 rad (110.6013 deg) | TransErr = 34.66 mm [FAILS]
      Candidate choice=2 inlier=44 | RotErr = 2.9320 rad (167.9919 deg) | TransErr = 82.23 mm [FAILS]
      Candidate choice=3 inlier=40 | RotErr = 2.9176 rad (167.1664 deg) | TransErr = 37.79 mm [FAILS]
      Candidate choice=4 inlier=0 | RotErr = 3.0742 rad (176.1397 deg) | TransErr = 15.19 mm [FAILS]
    Alternative Pair with Shard 8 (NOT ACTIVE IN TREE):
      Candidate choice=1 inlier=24 | RotErr = 2.5975 rad (148.8272 deg) | TransErr = 106.66 mm [FAILS]
      Candidate choice=2 inlier=20 | RotErr = 3.1180 rad (178.6503 deg) | TransErr = 48.52 mm [FAILS]
      Candidate choice=3 inlier=24 | RotErr = 3.0348 rad (173.8832 deg) | TransErr = 134.68 mm [FAILS]
      Candidate choice=4 inlier=22 | RotErr = 1.4867 rad (85.1836 deg) | TransErr = 129.81 mm [FAILS]
      Candidate choice=5 inlier=12 | RotErr = 3.0097 rad (172.4439 deg) | TransErr = 41.52 mm [FAILS]
    Alternative Pair with Shard 14 (NOT ACTIVE IN TREE):
      [No match candidates found]
    Alternative Pair with Shard 16 (NOT ACTIVE IN TREE):
      Candidate choice=1 inlier=0 | RotErr = 0.5436 rad (31.1461 deg) | TransErr = 93.08 mm [FAILS]
      Candidate choice=2 inlier=57 | RotErr = 0.0799 rad (4.5804 deg) | TransErr = 34.48 mm [FAILS]
      Candidate choice=3 inlier=38 | RotErr = 0.5032 rad (28.8307 deg) | TransErr = 26.25 mm [FAILS]
      Candidate choice=4 inlier=51 | RotErr = 1.1123 rad (63.7279 deg) | TransErr = 17.99 mm [FAILS]
      Candidate choice=5 inlier=46 | RotErr = 1.2783 rad (73.2410 deg) | TransErr = 1.70 mm [FAILS]
    Alternative Pair with Shard 4 (NOT ACTIVE IN TREE):
      [No match candidates found]
    Alternative Pair with Shard 13 (NOT ACTIVE IN TREE):
      Candidate choice=1 inlier=28 | RotErr = 2.8819 rad (165.1190 deg) | TransErr = 142.38 mm [FAILS]
    Alternative Pair with Shard 17 (NOT ACTIVE IN TREE):
      [No match candidates found]
    Alternative Pair with Shard 27 (NOT ACTIVE IN TREE):
      [No match candidates found]
  Shard 23 (placed by parent 1):
    Alternative Pair with Shard 1 (ACTIVE IN TREE) [SKIPPED]
    Alternative Pair with Shard 10 (NOT ACTIVE IN TREE):
      [No match candidates found]
    Alternative Pair with Shard 24 (NOT ACTIVE IN TREE):
      Candidate choice=1 inlier=26 | RotErr = 0.7777 rad (44.5581 deg) | TransErr = 18.74 mm [FAILS]
      Candidate choice=2 inlier=46 | RotErr = 0.1064 rad (6.0962 deg) | TransErr = 6.57 mm [PASSES] -> Reward: +20.00
    Alternative Pair with Shard 6 (NOT ACTIVE IN TREE):
      Candidate choice=1 inlier=43 | RotErr = 2.9971 rad (171.7188 deg) | TransErr = 69.87 mm [FAILS]
      Candidate choice=2 inlier=24 | RotErr = 2.8524 rad (163.4315 deg) | TransErr = 58.87 mm [FAILS]
    Alternative Pair with Shard 21 (NOT ACTIVE IN TREE):
      [No match candidates found]
    Alternative Pair with Shard 9 (NOT ACTIVE IN TREE):
      Candidate choice=1 inlier=40 | RotErr = 1.6679 rad (95.5657 deg) | TransErr = 17.77 mm [FAILS]
      Candidate choice=2 inlier=0 | RotErr = 2.9848 rad (171.0185 deg) | TransErr = 113.46 mm [FAILS]
      Candidate choice=3 inlier=30 | RotErr = 0.1181 rad (6.7683 deg) | TransErr = 11.64 mm [FAILS]
    Alternative Pair with Shard 12 (NOT ACTIVE IN TREE):
      Candidate choice=1 inlier=26 | RotErr = 2.9936 rad (171.5219 deg) | TransErr = 93.48 mm [FAILS]
    Alternative Pair with Shard 19 (NOT ACTIVE IN TREE):
      Candidate choice=1 inlier=36 | RotErr = 0.6167 rad (35.3344 deg) | TransErr = 55.62 mm [FAILS]
    Alternative Pair with Shard 2 (NOT ACTIVE IN TREE):
      Candidate choice=1 inlier=30 | RotErr = 2.7941 rad (160.0927 deg) | TransErr = 58.75 mm [FAILS]
      Candidate choice=2 inlier=34 | RotErr = 1.6781 rad (96.1481 deg) | TransErr = 77.71 mm [FAILS]
      Candidate choice=3 inlier=49 | RotErr = 2.9046 rad (166.4237 deg) | TransErr = 63.17 mm [FAILS]
    Alternative Pair with Shard 5 (NOT ACTIVE IN TREE):
      Candidate choice=1 inlier=40 | RotErr = 0.2891 rad (16.5652 deg) | TransErr = 6.69 mm [FAILS]
      Candidate choice=2 inlier=45 | RotErr = 0.4313 rad (24.7115 deg) | TransErr = 5.42 mm [FAILS]
      Candidate choice=3 inlier=28 | RotErr = 1.0099 rad (57.8603 deg) | TransErr = 53.57 mm [FAILS]
    Alternative Pair with Shard 7 (NOT ACTIVE IN TREE):
      Candidate choice=1 inlier=32 | RotErr = 3.0013 rad (171.9591 deg) | TransErr = 93.21 mm [FAILS]
      Candidate choice=2 inlier=30 | RotErr = 0.6412 rad (36.7406 deg) | TransErr = 57.27 mm [FAILS]
    Alternative Pair with Shard 15 (NOT ACTIVE IN TREE):
      Candidate choice=1 inlier=10 | RotErr = 1.7990 rad (103.0744 deg) | TransErr = 20.55 mm [FAILS]
    Alternative Pair with Shard 22 (NOT ACTIVE IN TREE):
      [No match candidates found]
    Alternative Pair with Shard 3 (NOT ACTIVE IN TREE):
      Candidate choice=1 inlier=16 | RotErr = 2.9382 rad (168.3459 deg) | TransErr = 12.78 mm [FAILS]
      Candidate choice=2 inlier=38 | RotErr = 2.9096 rad (166.7077 deg) | TransErr = 96.44 mm [FAILS]
    Alternative Pair with Shard 20 (NOT ACTIVE IN TREE):
      Candidate choice=1 inlier=22 | RotErr = 3.0730 rad (176.0702 deg) | TransErr = 108.17 mm [FAILS]
      Candidate choice=2 inlier=30 | RotErr = 3.0213 rad (173.1072 deg) | TransErr = 106.51 mm [FAILS]
      Candidate choice=3 inlier=28 | RotErr = 2.8824 rad (165.1466 deg) | TransErr = 94.61 mm [FAILS]
      Candidate choice=4 inlier=40 | RotErr = 0.8278 rad (47.4268 deg) | TransErr = 68.54 mm [FAILS]
    Alternative Pair with Shard 25 (NOT ACTIVE IN TREE):
      [No match candidates found]
    Alternative Pair with Shard 26 (NOT ACTIVE IN TREE):
      [No match candidates found]
    Alternative Pair with Shard 11 (NOT ACTIVE IN TREE):
      Candidate choice=1 inlier=28 | RotErr = 2.9662 rad (169.9516 deg) | TransErr = 88.39 mm [FAILS]
    Alternative Pair with Shard 18 (NOT ACTIVE IN TREE):
      Candidate choice=1 inlier=45 | RotErr = 2.6992 rad (154.6504 deg) | TransErr = 83.37 mm [FAILS]
      Candidate choice=2 inlier=26 | RotErr = 0.8814 rad (50.5015 deg) | TransErr = 34.46 mm [FAILS]
    Alternative Pair with Shard 8 (NOT ACTIVE IN TREE):
      Candidate choice=1 inlier=32 | RotErr = 2.9599 rad (169.5920 deg) | TransErr = 104.72 mm [FAILS]
      Candidate choice=2 inlier=45 | RotErr = 3.1293 rad (179.2936 deg) | TransErr = 103.85 mm [FAILS]
      Candidate choice=3 inlier=28 | RotErr = 2.7730 rad (158.8832 deg) | TransErr = 57.07 mm [FAILS]
      Candidate choice=4 inlier=40 | RotErr = 2.3125 rad (132.4981 deg) | TransErr = 36.07 mm [FAILS]
      Candidate choice=5 inlier=57 | RotErr = 1.5742 rad (90.1955 deg) | TransErr = 42.93 mm [FAILS]
      Candidate choice=6 inlier=40 | RotErr = 1.2265 rad (70.2713 deg) | TransErr = 44.70 mm [FAILS]
    Alternative Pair with Shard 14 (NOT ACTIVE IN TREE):
      Candidate choice=1 inlier=0 | RotErr = 2.2442 rad (128.5808 deg) | TransErr = 180.26 mm [FAILS]
      Candidate choice=2 inlier=14 | RotErr = 3.0414 rad (174.2594 deg) | TransErr = 89.51 mm [FAILS]
    Alternative Pair with Shard 16 (NOT ACTIVE IN TREE):
      [No match candidates found]
    Alternative Pair with Shard 4 (NOT ACTIVE IN TREE):
      [No match candidates found]
    Alternative Pair with Shard 13 (NOT ACTIVE IN TREE):
      Candidate choice=1 inlier=58 | RotErr = 2.9878 rad (171.1868 deg) | TransErr = 62.61 mm [FAILS]
    Alternative Pair with Shard 17 (NOT ACTIVE IN TREE):
      [No match candidates found]
    Alternative Pair with Shard 27 (NOT ACTIVE IN TREE):
      [No match candidates found]
  Shard 24 (placed by parent 1):
    Alternative Pair with Shard 1 (ACTIVE IN TREE) [SKIPPED]
    Alternative Pair with Shard 10 (NOT ACTIVE IN TREE):
      Candidate choice=1 inlier=38 | RotErr = 2.6748 rad (153.2519 deg) | TransErr = 78.74 mm [FAILS]
      Candidate choice=2 inlier=22 | RotErr = 2.3275 rad (133.3548 deg) | TransErr = 113.94 mm [FAILS]
    Alternative Pair with Shard 23 (NOT ACTIVE IN TREE):
      Candidate choice=1 inlier=26 | RotErr = 0.7777 rad (44.5581 deg) | TransErr = 18.74 mm [FAILS]
      Candidate choice=2 inlier=46 | RotErr = 0.1064 rad (6.0962 deg) | TransErr = 6.57 mm [PASSES] -> Reward: +20.00
    Alternative Pair with Shard 6 (NOT ACTIVE IN TREE):
      Candidate choice=1 inlier=32 | RotErr = 1.4189 rad (81.2978 deg) | TransErr = 37.38 mm [FAILS]
      Candidate choice=2 inlier=18 | RotErr = 2.3288 rad (133.4291 deg) | TransErr = 71.84 mm [FAILS]
      Candidate choice=3 inlier=38 | RotErr = 2.8319 rad (162.2546 deg) | TransErr = 83.74 mm [FAILS]
    Alternative Pair with Shard 21 (NOT ACTIVE IN TREE):
      [No match candidates found]
    Alternative Pair with Shard 9 (ACTIVE IN TREE) [SKIPPED]
    Alternative Pair with Shard 12 (NOT ACTIVE IN TREE):
      Candidate choice=1 inlier=28 | RotErr = 2.7754 rad (159.0168 deg) | TransErr = 86.33 mm [FAILS]
    Alternative Pair with Shard 19 (NOT ACTIVE IN TREE):
      [No match candidates found]
    Alternative Pair with Shard 2 (NOT ACTIVE IN TREE):
      Candidate choice=1 inlier=24 | RotErr = 2.7408 rad (157.0364 deg) | TransErr = 91.48 mm [FAILS]
    Alternative Pair with Shard 5 (NOT ACTIVE IN TREE):
      [No match candidates found]
    Alternative Pair with Shard 7 (NOT ACTIVE IN TREE):
      Candidate choice=1 inlier=34 | RotErr = 0.7708 rad (44.1645 deg) | TransErr = 72.83 mm [FAILS]
    Alternative Pair with Shard 15 (NOT ACTIVE IN TREE):
      [No match candidates found]
    Alternative Pair with Shard 22 (NOT ACTIVE IN TREE):
      [No match candidates found]
    Alternative Pair with Shard 3 (NOT ACTIVE IN TREE):
      [No match candidates found]
    Alternative Pair with Shard 20 (NOT ACTIVE IN TREE):
      Candidate choice=1 inlier=26 | RotErr = 2.9247 rad (167.5709 deg) | TransErr = 92.12 mm [FAILS]
    Alternative Pair with Shard 25 (NOT ACTIVE IN TREE):
      [No match candidates found]
    Alternative Pair with Shard 26 (NOT ACTIVE IN TREE):
      [No match candidates found]
    Alternative Pair with Shard 11 (NOT ACTIVE IN TREE):
      [No match candidates found]
    Alternative Pair with Shard 18 (NOT ACTIVE IN TREE):
      Candidate choice=1 inlier=51 | RotErr = 2.7829 rad (159.4492 deg) | TransErr = 9.29 mm [FAILS]
      Candidate choice=2 inlier=26 | RotErr = 2.6784 rad (153.4638 deg) | TransErr = 75.50 mm [FAILS]
    Alternative Pair with Shard 8 (NOT ACTIVE IN TREE):
      Candidate choice=1 inlier=24 | RotErr = 2.6404 rad (151.2857 deg) | TransErr = 97.87 mm [FAILS]
    Alternative Pair with Shard 14 (NOT ACTIVE IN TREE):
      [No match candidates found]
    Alternative Pair with Shard 16 (NOT ACTIVE IN TREE):
      [No match candidates found]
    Alternative Pair with Shard 4 (NOT ACTIVE IN TREE):
      [No match candidates found]
    Alternative Pair with Shard 13 (NOT ACTIVE IN TREE):
      [No match candidates found]
    Alternative Pair with Shard 17 (NOT ACTIVE IN TREE):
      [No match candidates found]
    Alternative Pair with Shard 27 (NOT ACTIVE IN TREE):
      [No match candidates found]
  Shard 6 (placed by parent 10):
    Alternative Pair with Shard 1 (NOT ACTIVE IN TREE):
      Candidate choice=1 inlier=30 | RotErr = 0.3733 rad (21.3912 deg) | TransErr = 18.64 mm [FAILS]
      Candidate choice=2 inlier=18 | RotErr = 3.0495 rad (174.7251 deg) | TransErr = 157.31 mm [FAILS]
      Candidate choice=3 inlier=30 | RotErr = 3.0369 rad (174.0036 deg) | TransErr = 89.40 mm [FAILS]
      Candidate choice=4 inlier=10 | RotErr = 3.0723 rad (176.0307 deg) | TransErr = 42.10 mm [FAILS]
    Alternative Pair with Shard 10 (ACTIVE IN TREE) [SKIPPED]
    Alternative Pair with Shard 23 (NOT ACTIVE IN TREE):
      Candidate choice=1 inlier=43 | RotErr = 2.9971 rad (171.7188 deg) | TransErr = 69.87 mm [FAILS]
      Candidate choice=2 inlier=24 | RotErr = 2.8524 rad (163.4315 deg) | TransErr = 58.87 mm [FAILS]
    Alternative Pair with Shard 24 (NOT ACTIVE IN TREE):
      Candidate choice=1 inlier=32 | RotErr = 1.4189 rad (81.2978 deg) | TransErr = 37.38 mm [FAILS]
      Candidate choice=2 inlier=18 | RotErr = 2.3288 rad (133.4291 deg) | TransErr = 71.84 mm [FAILS]
      Candidate choice=3 inlier=38 | RotErr = 2.8319 rad (162.2546 deg) | TransErr = 83.74 mm [FAILS]
    Alternative Pair with Shard 21 (NOT ACTIVE IN TREE):
      Candidate choice=1 inlier=34 | RotErr = 1.7443 rad (99.9405 deg) | TransErr = 164.61 mm [FAILS]
      Candidate choice=2 inlier=10 | RotErr = 3.0617 rad (175.4216 deg) | TransErr = 31.00 mm [FAILS]
    Alternative Pair with Shard 9 (NOT ACTIVE IN TREE):
      Candidate choice=1 inlier=20 | RotErr = 1.6080 rad (92.1299 deg) | TransErr = 62.56 mm [FAILS]
      Candidate choice=2 inlier=22 | RotErr = 1.5181 rad (86.9827 deg) | TransErr = 99.57 mm [FAILS]
      Candidate choice=3 inlier=32 | RotErr = 1.9896 rad (113.9932 deg) | TransErr = 155.86 mm [FAILS]
    Alternative Pair with Shard 12 (ACTIVE IN TREE) [SKIPPED]
    Alternative Pair with Shard 19 (NOT ACTIVE IN TREE):
      Candidate choice=1 inlier=20 | RotErr = 3.0941 rad (177.2803 deg) | TransErr = 27.90 mm [FAILS]
    Alternative Pair with Shard 2 (NOT ACTIVE IN TREE):
      Candidate choice=1 inlier=48 | RotErr = 0.9597 rad (54.9847 deg) | TransErr = 5.77 mm [FAILS]
      Candidate choice=2 inlier=28 | RotErr = 3.0500 rad (174.7521 deg) | TransErr = 174.62 mm [FAILS]
      Candidate choice=3 inlier=42 | RotErr = 0.8682 rad (49.7469 deg) | TransErr = 22.32 mm [FAILS]
    Alternative Pair with Shard 5 (NOT ACTIVE IN TREE):
      Candidate choice=1 inlier=26 | RotErr = 3.0329 rad (173.7703 deg) | TransErr = 23.97 mm [FAILS]
      Candidate choice=2 inlier=28 | RotErr = 2.2718 rad (130.1664 deg) | TransErr = 159.82 mm [FAILS]
      Candidate choice=3 inlier=8 | RotErr = 2.2736 rad (130.2679 deg) | TransErr = 113.70 mm [FAILS]
    Alternative Pair with Shard 7 (NOT ACTIVE IN TREE):
      Candidate choice=1 inlier=24 | RotErr = 2.0082 rad (115.0634 deg) | TransErr = 162.43 mm [FAILS]
      Candidate choice=2 inlier=18 | RotErr = 2.8781 rad (164.9004 deg) | TransErr = 21.60 mm [FAILS]
      Candidate choice=3 inlier=26 | RotErr = 3.0978 rad (177.4898 deg) | TransErr = 34.78 mm [FAILS]
      Candidate choice=4 inlier=0 | RotErr = 1.3557 rad (77.6764 deg) | TransErr = 174.54 mm [FAILS]
    Alternative Pair with Shard 15 (NOT ACTIVE IN TREE):
      Candidate choice=1 inlier=24 | RotErr = 0.6547 rad (37.5120 deg) | TransErr = 105.10 mm [FAILS]
    Alternative Pair with Shard 22 (NOT ACTIVE IN TREE):
      [No match candidates found]
    Alternative Pair with Shard 3 (NOT ACTIVE IN TREE):
      Candidate choice=1 inlier=34 | RotErr = 2.9241 rad (167.5374 deg) | TransErr = 35.73 mm [FAILS]
    Alternative Pair with Shard 20 (NOT ACTIVE IN TREE):
      [No match candidates found]
    Alternative Pair with Shard 25 (NOT ACTIVE IN TREE):
      [No match candidates found]
    Alternative Pair with Shard 26 (NOT ACTIVE IN TREE):
      Candidate choice=1 inlier=18 | RotErr = 1.5239 rad (87.3110 deg) | TransErr = 57.41 mm [FAILS]
      Candidate choice=2 inlier=24 | RotErr = 3.0344 rad (173.8574 deg) | TransErr = 111.49 mm [FAILS]
    Alternative Pair with Shard 11 (NOT ACTIVE IN TREE):
      Candidate choice=1 inlier=0 | RotErr = 1.3300 rad (76.2037 deg) | TransErr = 261.52 mm [FAILS]
      Candidate choice=2 inlier=24 | RotErr = 3.0573 rad (175.1712 deg) | TransErr = 13.45 mm [FAILS]
    Alternative Pair with Shard 18 (NOT ACTIVE IN TREE):
      Candidate choice=1 inlier=36 | RotErr = 3.0246 rad (173.2978 deg) | TransErr = 143.06 mm [FAILS]
      Candidate choice=2 inlier=32 | RotErr = 3.1202 rad (178.7767 deg) | TransErr = 16.82 mm [FAILS]
      Candidate choice=3 inlier=22 | RotErr = 3.1169 rad (178.5865 deg) | TransErr = 146.76 mm [FAILS]
      Candidate choice=4 inlier=20 | RotErr = 0.5053 rad (28.9507 deg) | TransErr = 59.70 mm [FAILS]
    Alternative Pair with Shard 8 (NOT ACTIVE IN TREE):
      Candidate choice=1 inlier=26 | RotErr = 3.0584 rad (175.2310 deg) | TransErr = 34.76 mm [FAILS]
      Candidate choice=2 inlier=34 | RotErr = 0.5176 rad (29.6541 deg) | TransErr = 168.02 mm [FAILS]
      Candidate choice=3 inlier=36 | RotErr = 1.2927 rad (74.0650 deg) | TransErr = 132.05 mm [FAILS]
    Alternative Pair with Shard 14 (NOT ACTIVE IN TREE):
      Candidate choice=1 inlier=22 | RotErr = 2.8606 rad (163.8997 deg) | TransErr = 16.98 mm [FAILS]
      Candidate choice=2 inlier=0 | RotErr = 1.2989 rad (74.4211 deg) | TransErr = 268.19 mm [FAILS]
      Candidate choice=3 inlier=0 | RotErr = 0.4936 rad (28.2820 deg) | TransErr = 182.41 mm [FAILS]
      Candidate choice=4 inlier=8 | RotErr = 2.8917 rad (165.6843 deg) | TransErr = 56.24 mm [FAILS]
    Alternative Pair with Shard 16 (NOT ACTIVE IN TREE):
      Candidate choice=1 inlier=16 | RotErr = 1.1546 rad (66.1537 deg) | TransErr = 127.11 mm [FAILS]
    Alternative Pair with Shard 4 (NOT ACTIVE IN TREE):
      Candidate choice=1 inlier=24 | RotErr = 2.7302 rad (156.4279 deg) | TransErr = 30.22 mm [FAILS]
      Candidate choice=2 inlier=6 | RotErr = 2.6908 rad (154.1701 deg) | TransErr = 24.70 mm [FAILS]
    Alternative Pair with Shard 13 (NOT ACTIVE IN TREE):
      Candidate choice=1 inlier=68 | RotErr = 2.3399 rad (134.0657 deg) | TransErr = 31.32 mm [FAILS]
      Candidate choice=2 inlier=48 | RotErr = 0.5445 rad (31.1974 deg) | TransErr = 30.70 mm [FAILS]
      Candidate choice=3 inlier=30 | RotErr = 2.8818 rad (165.1143 deg) | TransErr = 185.78 mm [FAILS]
    Alternative Pair with Shard 17 (NOT ACTIVE IN TREE):
      [No match candidates found]
    Alternative Pair with Shard 27 (NOT ACTIVE IN TREE):
      Candidate choice=1 inlier=26 | RotErr = 3.1183 rad (178.6671 deg) | TransErr = 18.93 mm [FAILS]
  Shard 21 (placed by parent 10):
    Alternative Pair with Shard 1 (NOT ACTIVE IN TREE):
      Candidate choice=1 inlier=57 | RotErr = 0.2651 rad (15.1912 deg) | TransErr = 65.01 mm [FAILS]
      Candidate choice=2 inlier=44 | RotErr = 0.1320 rad (7.5608 deg) | TransErr = 33.09 mm [FAILS]
    Alternative Pair with Shard 10 (ACTIVE IN TREE) [SKIPPED]
    Alternative Pair with Shard 23 (NOT ACTIVE IN TREE):
      [No match candidates found]
    Alternative Pair with Shard 24 (NOT ACTIVE IN TREE):
      [No match candidates found]
    Alternative Pair with Shard 6 (NOT ACTIVE IN TREE):
      Candidate choice=1 inlier=34 | RotErr = 1.7443 rad (99.9405 deg) | TransErr = 164.61 mm [FAILS]
      Candidate choice=2 inlier=10 | RotErr = 3.0617 rad (175.4216 deg) | TransErr = 31.00 mm [FAILS]
    Alternative Pair with Shard 9 (NOT ACTIVE IN TREE):
      Candidate choice=1 inlier=70 | RotErr = 2.9596 rad (169.5728 deg) | TransErr = 3.24 mm [FAILS]
      Candidate choice=2 inlier=40 | RotErr = 3.0186 rad (172.9539 deg) | TransErr = 34.63 mm [FAILS]
      Candidate choice=3 inlier=77 | RotErr = 2.2501 rad (128.9205 deg) | TransErr = 16.79 mm [FAILS]
    Alternative Pair with Shard 12 (NOT ACTIVE IN TREE):
      Candidate choice=1 inlier=57 | RotErr = 1.0493 rad (60.1229 deg) | TransErr = 39.97 mm [FAILS]
      Candidate choice=2 inlier=32 | RotErr = 1.9900 rad (114.0195 deg) | TransErr = 95.55 mm [FAILS]
      Candidate choice=3 inlier=53 | RotErr = 2.1380 rad (122.4963 deg) | TransErr = 61.45 mm [FAILS]
      Candidate choice=4 inlier=40 | RotErr = 2.2392 rad (128.2955 deg) | TransErr = 25.30 mm [FAILS]
    Alternative Pair with Shard 19 (ACTIVE IN TREE) [SKIPPED]
    Alternative Pair with Shard 2 (NOT ACTIVE IN TREE):
      [No match candidates found]
    Alternative Pair with Shard 5 (NOT ACTIVE IN TREE):
      Candidate choice=1 inlier=79 | RotErr = 1.1989 rad (68.6928 deg) | TransErr = 11.37 mm [FAILS]
      Candidate choice=2 inlier=28 | RotErr = 2.8819 rad (165.1231 deg) | TransErr = 142.58 mm [FAILS]
      Candidate choice=3 inlier=12 | RotErr = 2.7297 rad (156.3992 deg) | TransErr = 20.93 mm [FAILS]
      Candidate choice=4 inlier=30 | RotErr = 2.9470 rad (168.8534 deg) | TransErr = 144.02 mm [FAILS]
    Alternative Pair with Shard 7 (NOT ACTIVE IN TREE):
      Candidate choice=1 inlier=22 | RotErr = 2.2697 rad (130.0430 deg) | TransErr = 7.38 mm [FAILS]
      Candidate choice=2 inlier=36 | RotErr = 2.9474 rad (168.8733 deg) | TransErr = 20.73 mm [FAILS]
      Candidate choice=3 inlier=36 | RotErr = 3.0308 rad (173.6527 deg) | TransErr = 26.35 mm [FAILS]
    Alternative Pair with Shard 15 (NOT ACTIVE IN TREE):
      Candidate choice=1 inlier=28 | RotErr = 3.0473 rad (174.5975 deg) | TransErr = 52.29 mm [FAILS]
    Alternative Pair with Shard 22 (NOT ACTIVE IN TREE):
      Candidate choice=1 inlier=54 | RotErr = 2.6101 rad (149.5486 deg) | TransErr = 24.96 mm [FAILS]
      Candidate choice=2 inlier=0 | RotErr = 3.1135 rad (178.3915 deg) | TransErr = 79.02 mm [FAILS]
    Alternative Pair with Shard 3 (NOT ACTIVE IN TREE):
      Candidate choice=1 inlier=46 | RotErr = 2.0812 rad (119.2416 deg) | TransErr = 9.59 mm [FAILS]
      Candidate choice=2 inlier=24 | RotErr = 3.0355 rad (173.9216 deg) | TransErr = 146.63 mm [FAILS]
      Candidate choice=3 inlier=24 | RotErr = 3.0582 rad (175.2212 deg) | TransErr = 158.38 mm [FAILS]
    Alternative Pair with Shard 20 (NOT ACTIVE IN TREE):
      Candidate choice=1 inlier=40 | RotErr = 3.1206 rad (178.7985 deg) | TransErr = 143.72 mm [FAILS]
    Alternative Pair with Shard 25 (NOT ACTIVE IN TREE):
      [No match candidates found]
    Alternative Pair with Shard 26 (NOT ACTIVE IN TREE):
      Candidate choice=1 inlier=16 | RotErr = 2.7643 rad (158.3828 deg) | TransErr = 98.68 mm [FAILS]
    Alternative Pair with Shard 11 (NOT ACTIVE IN TREE):
      [No match candidates found]
    Alternative Pair with Shard 18 (NOT ACTIVE IN TREE):
      Candidate choice=1 inlier=26 | RotErr = 3.1032 rad (177.7982 deg) | TransErr = 35.85 mm [FAILS]
    Alternative Pair with Shard 8 (NOT ACTIVE IN TREE):
      Candidate choice=1 inlier=26 | RotErr = 2.7602 rad (158.1457 deg) | TransErr = 145.24 mm [FAILS]
      Candidate choice=2 inlier=20 | RotErr = 3.0716 rad (175.9869 deg) | TransErr = 149.08 mm [FAILS]
      Candidate choice=3 inlier=36 | RotErr = 1.6971 rad (97.2377 deg) | TransErr = 18.84 mm [FAILS]
    Alternative Pair with Shard 14 (NOT ACTIVE IN TREE):
      [No match candidates found]
    Alternative Pair with Shard 16 (NOT ACTIVE IN TREE):
      [No match candidates found]
    Alternative Pair with Shard 4 (NOT ACTIVE IN TREE):
      Candidate choice=1 inlier=22 | RotErr = 0.1747 rad (10.0124 deg) | TransErr = 4.21 mm [PASSES] -> Reward: +20.00
      Candidate choice=2 inlier=16 | RotErr = 3.1346 rad (179.6014 deg) | TransErr = 126.29 mm [FAILS]
      Candidate choice=3 inlier=32 | RotErr = 3.0974 rad (177.4683 deg) | TransErr = 131.80 mm [FAILS]
    Alternative Pair with Shard 13 (NOT ACTIVE IN TREE):
      [No match candidates found]
    Alternative Pair with Shard 17 (NOT ACTIVE IN TREE):
      [No match candidates found]
    Alternative Pair with Shard 27 (NOT ACTIVE IN TREE):
      [No match candidates found]
  Shard 9 (placed by parent 24):
    Alternative Pair with Shard 1 (NOT ACTIVE IN TREE):
      Candidate choice=1 inlier=8 | RotErr = 3.1408 rad (179.9567 deg) | TransErr = 147.85 mm [FAILS]
      Candidate choice=2 inlier=63 | RotErr = 2.7594 rad (158.0994 deg) | TransErr = 6.86 mm [FAILS]
      Candidate choice=3 inlier=32 | RotErr = 2.3123 rad (132.4869 deg) | TransErr = 65.94 mm [FAILS]
      Candidate choice=4 inlier=32 | RotErr = 2.9231 rad (167.4838 deg) | TransErr = 138.49 mm [FAILS]
      Candidate choice=5 inlier=84 | RotErr = 0.9798 rad (56.1367 deg) | TransErr = 30.93 mm [FAILS]
      Candidate choice=6 inlier=22 | RotErr = 0.4677 rad (26.7979 deg) | TransErr = 9.54 mm [FAILS]
    Alternative Pair with Shard 10 (NOT ACTIVE IN TREE):
      Candidate choice=1 inlier=0 | RotErr = 3.0321 rad (173.7252 deg) | TransErr = 18.87 mm [FAILS]
      Candidate choice=2 inlier=42 | RotErr = 2.4932 rad (142.8496 deg) | TransErr = 20.94 mm [FAILS]
      Candidate choice=3 inlier=32 | RotErr = 2.9958 rad (171.6458 deg) | TransErr = 118.65 mm [FAILS]
      Candidate choice=4 inlier=56 | RotErr = 1.9648 rad (112.5769 deg) | TransErr = 42.79 mm [FAILS]
      Candidate choice=5 inlier=38 | RotErr = 1.9719 rad (112.9821 deg) | TransErr = 79.60 mm [FAILS]
    Alternative Pair with Shard 23 (NOT ACTIVE IN TREE):
      Candidate choice=1 inlier=40 | RotErr = 1.6679 rad (95.5657 deg) | TransErr = 17.77 mm [FAILS]
      Candidate choice=2 inlier=0 | RotErr = 2.9848 rad (171.0185 deg) | TransErr = 113.46 mm [FAILS]
      Candidate choice=3 inlier=30 | RotErr = 0.1181 rad (6.7683 deg) | TransErr = 11.64 mm [FAILS]
    Alternative Pair with Shard 24 (ACTIVE IN TREE) [SKIPPED]
    Alternative Pair with Shard 6 (NOT ACTIVE IN TREE):
      Candidate choice=1 inlier=20 | RotErr = 1.6080 rad (92.1299 deg) | TransErr = 62.56 mm [FAILS]
      Candidate choice=2 inlier=22 | RotErr = 1.5181 rad (86.9827 deg) | TransErr = 99.57 mm [FAILS]
      Candidate choice=3 inlier=32 | RotErr = 1.9896 rad (113.9932 deg) | TransErr = 155.86 mm [FAILS]
    Alternative Pair with Shard 21 (NOT ACTIVE IN TREE):
      Candidate choice=1 inlier=70 | RotErr = 2.9596 rad (169.5728 deg) | TransErr = 3.24 mm [FAILS]
      Candidate choice=2 inlier=40 | RotErr = 3.0186 rad (172.9539 deg) | TransErr = 34.63 mm [FAILS]
      Candidate choice=3 inlier=77 | RotErr = 2.2501 rad (128.9205 deg) | TransErr = 16.79 mm [FAILS]
    Alternative Pair with Shard 12 (NOT ACTIVE IN TREE):
      Candidate choice=1 inlier=46 | RotErr = 1.7198 rad (98.5401 deg) | TransErr = 106.85 mm [FAILS]
      Candidate choice=2 inlier=46 | RotErr = 1.6286 rad (93.3145 deg) | TransErr = 63.87 mm [FAILS]
      Candidate choice=3 inlier=42 | RotErr = 1.4068 rad (80.6022 deg) | TransErr = 26.04 mm [FAILS]
      Candidate choice=4 inlier=46 | RotErr = 3.0256 rad (173.3554 deg) | TransErr = 63.98 mm [FAILS]
      Candidate choice=5 inlier=30 | RotErr = 3.0164 rad (172.8286 deg) | TransErr = 100.56 mm [FAILS]
    Alternative Pair with Shard 19 (NOT ACTIVE IN TREE):
      Candidate choice=1 inlier=50 | RotErr = 2.5540 rad (146.3362 deg) | TransErr = 17.40 mm [FAILS]
      Candidate choice=2 inlier=34 | RotErr = 2.4843 rad (142.3395 deg) | TransErr = 21.88 mm [FAILS]
      Candidate choice=3 inlier=48 | RotErr = 3.0130 rad (172.6304 deg) | TransErr = 61.04 mm [FAILS]
      Candidate choice=4 inlier=46 | RotErr = 1.4264 rad (81.7263 deg) | TransErr = 36.39 mm [FAILS]
      Candidate choice=5 inlier=48 | RotErr = 1.5035 rad (86.1448 deg) | TransErr = 13.21 mm [FAILS]
    Alternative Pair with Shard 2 (ACTIVE IN TREE) [SKIPPED]
    Alternative Pair with Shard 5 (ACTIVE IN TREE) [SKIPPED]
    Alternative Pair with Shard 7 (ACTIVE IN TREE) [SKIPPED]
    Alternative Pair with Shard 15 (ACTIVE IN TREE) [SKIPPED]
    Alternative Pair with Shard 22 (ACTIVE IN TREE) [SKIPPED]
    Alternative Pair with Shard 3 (NOT ACTIVE IN TREE):
      Candidate choice=1 inlier=34 | RotErr = 1.2603 rad (72.2090 deg) | TransErr = 46.97 mm [FAILS]
      Candidate choice=2 inlier=30 | RotErr = 2.8627 rad (164.0178 deg) | TransErr = 134.48 mm [FAILS]
    Alternative Pair with Shard 20 (NOT ACTIVE IN TREE):
      Candidate choice=1 inlier=34 | RotErr = 2.8513 rad (163.3701 deg) | TransErr = 82.32 mm [FAILS]
      Candidate choice=2 inlier=20 | RotErr = 2.8251 rad (161.8692 deg) | TransErr = 59.61 mm [FAILS]
      Candidate choice=3 inlier=26 | RotErr = 1.4964 rad (85.7402 deg) | TransErr = 12.86 mm [FAILS]
    Alternative Pair with Shard 25 (NOT ACTIVE IN TREE):
      [No match candidates found]
    Alternative Pair with Shard 26 (NOT ACTIVE IN TREE):
      Candidate choice=1 inlier=36 | RotErr = 3.0122 rad (172.5891 deg) | TransErr = 75.57 mm [FAILS]
      Candidate choice=2 inlier=47 | RotErr = 0.2171 rad (12.4369 deg) | TransErr = 18.50 mm [FAILS]
      Candidate choice=3 inlier=65 | RotErr = 0.0381 rad (2.1842 deg) | TransErr = 1.08 mm [PASSES] -> Reward: +20.00
      Candidate choice=4 inlier=16 | RotErr = 2.8663 rad (164.2270 deg) | TransErr = 146.23 mm [FAILS]
      Candidate choice=5 inlier=34 | RotErr = 3.0080 rad (172.3436 deg) | TransErr = 105.98 mm [FAILS]
    Alternative Pair with Shard 11 (NOT ACTIVE IN TREE):
      Candidate choice=1 inlier=26 | RotErr = 2.9765 rad (170.5390 deg) | TransErr = 74.02 mm [FAILS]
      Candidate choice=2 inlier=0 | RotErr = 1.7106 rad (98.0088 deg) | TransErr = 212.45 mm [FAILS]
      Candidate choice=3 inlier=0 | RotErr = 1.3637 rad (78.1337 deg) | TransErr = 37.85 mm [FAILS]
      Candidate choice=4 inlier=4 | RotErr = 2.9158 rad (167.0608 deg) | TransErr = 192.99 mm [FAILS]
    Alternative Pair with Shard 18 (NOT ACTIVE IN TREE):
      Candidate choice=1 inlier=0 | RotErr = 0.7483 rad (42.8744 deg) | TransErr = 44.86 mm [FAILS]
      Candidate choice=2 inlier=36 | RotErr = 0.2745 rad (15.7269 deg) | TransErr = 24.77 mm [FAILS]
      Candidate choice=3 inlier=36 | RotErr = 3.1185 rad (178.6746 deg) | TransErr = 150.10 mm [FAILS]
      Candidate choice=4 inlier=0 | RotErr = 2.9976 rad (171.7486 deg) | TransErr = 51.33 mm [FAILS]
    Alternative Pair with Shard 8 (NOT ACTIVE IN TREE):
      Candidate choice=1 inlier=30 | RotErr = 2.9866 rad (171.1223 deg) | TransErr = 138.51 mm [FAILS]
      Candidate choice=2 inlier=34 | RotErr = 3.0127 rad (172.6168 deg) | TransErr = 45.77 mm [FAILS]
      Candidate choice=3 inlier=24 | RotErr = 0.5256 rad (30.1131 deg) | TransErr = 14.79 mm [FAILS]
    Alternative Pair with Shard 14 (NOT ACTIVE IN TREE):
      [No match candidates found]
    Alternative Pair with Shard 16 (NOT ACTIVE IN TREE):
      Candidate choice=1 inlier=55 | RotErr = 2.2803 rad (130.6492 deg) | TransErr = 23.62 mm [FAILS]
      Candidate choice=2 inlier=32 | RotErr = 2.0674 rad (118.4544 deg) | TransErr = 6.85 mm [FAILS]
      Candidate choice=3 inlier=70 | RotErr = 2.9031 rad (166.3330 deg) | TransErr = 14.39 mm [FAILS]
    Alternative Pair with Shard 4 (NOT ACTIVE IN TREE):
      [No match candidates found]
    Alternative Pair with Shard 13 (NOT ACTIVE IN TREE):
      Candidate choice=1 inlier=36 | RotErr = 0.6882 rad (39.4338 deg) | TransErr = 35.63 mm [FAILS]
      Candidate choice=2 inlier=36 | RotErr = 1.2301 rad (70.4813 deg) | TransErr = 18.12 mm [FAILS]
    Alternative Pair with Shard 17 (NOT ACTIVE IN TREE):
      [No match candidates found]
    Alternative Pair with Shard 27 (NOT ACTIVE IN TREE):
      [No match candidates found]
  Shard 12 (placed by parent 6):
    Alternative Pair with Shard 1 (NOT ACTIVE IN TREE):
      Candidate choice=1 inlier=30 | RotErr = 3.0247 rad (173.3024 deg) | TransErr = 133.29 mm [FAILS]
      Candidate choice=2 inlier=56 | RotErr = 1.3654 rad (78.2310 deg) | TransErr = 25.62 mm [FAILS]
      Candidate choice=3 inlier=4 | RotErr = 2.9646 rad (169.8600 deg) | TransErr = 98.83 mm [FAILS]
      Candidate choice=4 inlier=30 | RotErr = 3.0989 rad (177.5527 deg) | TransErr = 101.36 mm [FAILS]
      Candidate choice=5 inlier=70 | RotErr = 2.8515 rad (163.3814 deg) | TransErr = 24.44 mm [FAILS]
    Alternative Pair with Shard 10 (NOT ACTIVE IN TREE):
      Candidate choice=1 inlier=22 | RotErr = 3.0569 rad (175.1451 deg) | TransErr = 152.24 mm [FAILS]
      Candidate choice=2 inlier=68 | RotErr = 0.2720 rad (15.5828 deg) | TransErr = 15.16 mm [FAILS]
      Candidate choice=3 inlier=38 | RotErr = 2.3357 rad (133.8268 deg) | TransErr = 33.05 mm [FAILS]
      Candidate choice=4 inlier=56 | RotErr = 2.4006 rad (137.5451 deg) | TransErr = 9.25 mm [FAILS]
      Candidate choice=5 inlier=38 | RotErr = 2.9914 rad (171.3959 deg) | TransErr = 82.94 mm [FAILS]
    Alternative Pair with Shard 23 (NOT ACTIVE IN TREE):
      Candidate choice=1 inlier=26 | RotErr = 2.9936 rad (171.5219 deg) | TransErr = 93.48 mm [FAILS]
    Alternative Pair with Shard 24 (NOT ACTIVE IN TREE):
      Candidate choice=1 inlier=28 | RotErr = 2.7754 rad (159.0168 deg) | TransErr = 86.33 mm [FAILS]
    Alternative Pair with Shard 6 (ACTIVE IN TREE) [SKIPPED]
    Alternative Pair with Shard 21 (NOT ACTIVE IN TREE):
      Candidate choice=1 inlier=57 | RotErr = 1.0493 rad (60.1229 deg) | TransErr = 39.97 mm [FAILS]
      Candidate choice=2 inlier=32 | RotErr = 1.9900 rad (114.0195 deg) | TransErr = 95.55 mm [FAILS]
      Candidate choice=3 inlier=53 | RotErr = 2.1380 rad (122.4963 deg) | TransErr = 61.45 mm [FAILS]
      Candidate choice=4 inlier=40 | RotErr = 2.2392 rad (128.2955 deg) | TransErr = 25.30 mm [FAILS]
    Alternative Pair with Shard 9 (NOT ACTIVE IN TREE):
      Candidate choice=1 inlier=46 | RotErr = 1.7198 rad (98.5401 deg) | TransErr = 106.85 mm [FAILS]
      Candidate choice=2 inlier=46 | RotErr = 1.6286 rad (93.3145 deg) | TransErr = 63.87 mm [FAILS]
      Candidate choice=3 inlier=42 | RotErr = 1.4068 rad (80.6022 deg) | TransErr = 26.04 mm [FAILS]
      Candidate choice=4 inlier=46 | RotErr = 3.0256 rad (173.3554 deg) | TransErr = 63.98 mm [FAILS]
      Candidate choice=5 inlier=30 | RotErr = 3.0164 rad (172.8286 deg) | TransErr = 100.56 mm [FAILS]
    Alternative Pair with Shard 19 (NOT ACTIVE IN TREE):
      Candidate choice=1 inlier=26 | RotErr = 1.6674 rad (95.5358 deg) | TransErr = 16.04 mm [FAILS]
      Candidate choice=2 inlier=36 | RotErr = 1.0749 rad (61.5854 deg) | TransErr = 78.35 mm [FAILS]
      Candidate choice=3 inlier=24 | RotErr = 2.8239 rad (161.7967 deg) | TransErr = 29.00 mm [FAILS]
      Candidate choice=4 inlier=22 | RotErr = 1.8360 rad (105.1933 deg) | TransErr = 8.04 mm [FAILS]
    Alternative Pair with Shard 2 (NOT ACTIVE IN TREE):
      Candidate choice=1 inlier=28 | RotErr = 3.0096 rad (172.4382 deg) | TransErr = 24.76 mm [FAILS]
      Candidate choice=2 inlier=28 | RotErr = 2.5074 rad (143.6660 deg) | TransErr = 18.69 mm [FAILS]
      Candidate choice=3 inlier=28 | RotErr = 1.8804 rad (107.7391 deg) | TransErr = 33.27 mm [FAILS]
    Alternative Pair with Shard 5 (NOT ACTIVE IN TREE):
      Candidate choice=1 inlier=36 | RotErr = 2.6793 rad (153.5125 deg) | TransErr = 21.26 mm [FAILS]
      Candidate choice=2 inlier=32 | RotErr = 3.1091 rad (178.1411 deg) | TransErr = 15.90 mm [FAILS]
      Candidate choice=3 inlier=36 | RotErr = 2.3189 rad (132.8631 deg) | TransErr = 60.64 mm [FAILS]
      Candidate choice=4 inlier=32 | RotErr = 2.2716 rad (130.1540 deg) | TransErr = 125.86 mm [FAILS]
      Candidate choice=5 inlier=32 | RotErr = 3.0438 rad (174.3960 deg) | TransErr = 24.68 mm [FAILS]
      Candidate choice=6 inlier=62 | RotErr = 1.9080 rad (109.3195 deg) | TransErr = 46.55 mm [FAILS]
    Alternative Pair with Shard 7 (NOT ACTIVE IN TREE):
      Candidate choice=1 inlier=22 | RotErr = 2.9846 rad (171.0056 deg) | TransErr = 143.68 mm [FAILS]
      Candidate choice=2 inlier=36 | RotErr = 2.9951 rad (171.6064 deg) | TransErr = 76.62 mm [FAILS]
      Candidate choice=3 inlier=30 | RotErr = 3.0518 rad (174.8558 deg) | TransErr = 42.77 mm [FAILS]
      Candidate choice=4 inlier=14 | RotErr = 1.9960 rad (114.3648 deg) | TransErr = 48.82 mm [FAILS]
    Alternative Pair with Shard 15 (NOT ACTIVE IN TREE):
      Candidate choice=1 inlier=34 | RotErr = 2.1998 rad (126.0365 deg) | TransErr = 47.63 mm [FAILS]
      Candidate choice=2 inlier=46 | RotErr = 0.2514 rad (14.4063 deg) | TransErr = 23.69 mm [FAILS]
      Candidate choice=3 inlier=38 | RotErr = 0.2123 rad (12.1629 deg) | TransErr = 3.16 mm [PASSES] -> Reward: +20.00
      Candidate choice=4 inlier=50 | RotErr = 0.9296 rad (53.2603 deg) | TransErr = 41.62 mm [FAILS]
    Alternative Pair with Shard 22 (NOT ACTIVE IN TREE):
      Candidate choice=1 inlier=55 | RotErr = 2.2104 rad (126.6472 deg) | TransErr = 26.69 mm [FAILS]
    Alternative Pair with Shard 3 (ACTIVE IN TREE) [SKIPPED]
    Alternative Pair with Shard 20 (NOT ACTIVE IN TREE):
      Candidate choice=1 inlier=32 | RotErr = 3.0428 rad (174.3372 deg) | TransErr = 117.05 mm [FAILS]
    Alternative Pair with Shard 25 (NOT ACTIVE IN TREE):
      [No match candidates found]
    Alternative Pair with Shard 26 (NOT ACTIVE IN TREE):
      Candidate choice=1 inlier=58 | RotErr = 2.8861 rad (165.3619 deg) | TransErr = 84.57 mm [FAILS]
      Candidate choice=2 inlier=22 | RotErr = 2.9370 rad (168.2802 deg) | TransErr = 152.78 mm [FAILS]
      Candidate choice=3 inlier=22 | RotErr = 1.5150 rad (86.8026 deg) | TransErr = 43.29 mm [FAILS]
    Alternative Pair with Shard 11 (NOT ACTIVE IN TREE):
      [No match candidates found]
    Alternative Pair with Shard 18 (NOT ACTIVE IN TREE):
      Candidate choice=1 inlier=46 | RotErr = 2.1312 rad (122.1092 deg) | TransErr = 24.15 mm [FAILS]
      Candidate choice=2 inlier=24 | RotErr = 3.0626 rad (175.4717 deg) | TransErr = 154.72 mm [FAILS]
      Candidate choice=3 inlier=28 | RotErr = 2.9089 rad (166.6698 deg) | TransErr = 160.74 mm [FAILS]
      Candidate choice=4 inlier=72 | RotErr = 0.1662 rad (9.5225 deg) | TransErr = 3.96 mm [PASSES] -> Reward: +20.00
      Candidate choice=5 inlier=53 | RotErr = 0.2098 rad (12.0184 deg) | TransErr = 35.13 mm [FAILS]
    Alternative Pair with Shard 8 (NOT ACTIVE IN TREE):
      Candidate choice=1 inlier=20 | RotErr = 2.3829 rad (136.5275 deg) | TransErr = 138.22 mm [FAILS]
      Candidate choice=2 inlier=10 | RotErr = 0.4875 rad (27.9336 deg) | TransErr = 126.83 mm [FAILS]
      Candidate choice=3 inlier=40 | RotErr = 0.2987 rad (17.1135 deg) | TransErr = 64.00 mm [FAILS]
      Candidate choice=4 inlier=28 | RotErr = 3.1208 rad (178.8115 deg) | TransErr = 28.17 mm [FAILS]
      Candidate choice=5 inlier=44 | RotErr = 0.7021 rad (40.2288 deg) | TransErr = 21.59 mm [FAILS]
      Candidate choice=6 inlier=28 | RotErr = 3.0671 rad (175.7313 deg) | TransErr = 49.85 mm [FAILS]
    Alternative Pair with Shard 14 (NOT ACTIVE IN TREE):
      Candidate choice=1 inlier=0 | RotErr = 3.1283 rad (179.2399 deg) | TransErr = 48.17 mm [FAILS]
      Candidate choice=2 inlier=0 | RotErr = 1.0836 rad (62.0845 deg) | TransErr = 229.26 mm [FAILS]
      Candidate choice=3 inlier=0 | RotErr = 0.1384 rad (7.9275 deg) | TransErr = 95.02 mm [FAILS]
      Candidate choice=4 inlier=6 | RotErr = 3.0170 rad (172.8601 deg) | TransErr = 163.77 mm [FAILS]
    Alternative Pair with Shard 16 (NOT ACTIVE IN TREE):
      Candidate choice=1 inlier=51 | RotErr = 0.1310 rad (7.5030 deg) | TransErr = 10.66 mm [FAILS]
      Candidate choice=2 inlier=26 | RotErr = 0.2415 rad (13.8380 deg) | TransErr = 38.42 mm [FAILS]
      Candidate choice=3 inlier=10 | RotErr = 1.3439 rad (76.9989 deg) | TransErr = 114.21 mm [FAILS]
      Candidate choice=4 inlier=30 | RotErr = 1.5507 rad (88.8510 deg) | TransErr = 20.62 mm [FAILS]
    Alternative Pair with Shard 4 (NOT ACTIVE IN TREE):
      [No match candidates found]
    Alternative Pair with Shard 13 (NOT ACTIVE IN TREE):
      Candidate choice=1 inlier=0 | RotErr = 0.5778 rad (33.1065 deg) | TransErr = 74.67 mm [FAILS]
      Candidate choice=2 inlier=30 | RotErr = 2.0167 rad (115.5506 deg) | TransErr = 38.59 mm [FAILS]
    Alternative Pair with Shard 17 (NOT ACTIVE IN TREE):
      [No match candidates found]
    Alternative Pair with Shard 27 (NOT ACTIVE IN TREE):
      [No match candidates found]
  Shard 19 (placed by parent 21):
    Alternative Pair with Shard 1 (NOT ACTIVE IN TREE):
      Candidate choice=1 inlier=40 | RotErr = 0.6781 rad (38.8531 deg) | TransErr = 71.81 mm [FAILS]
      Candidate choice=2 inlier=89 | RotErr = 0.0707 rad (4.0514 deg) | TransErr = 4.50 mm [PASSES] -> Reward: +20.00
      Candidate choice=3 inlier=75 | RotErr = 0.2022 rad (11.5870 deg) | TransErr = 12.26 mm [FAILS]
      Candidate choice=4 inlier=14 | RotErr = 3.0765 rad (176.2701 deg) | TransErr = 143.44 mm [FAILS]
      Candidate choice=5 inlier=77 | RotErr = 1.2944 rad (74.1624 deg) | TransErr = 11.45 mm [FAILS]
      Candidate choice=6 inlier=61 | RotErr = 1.3108 rad (75.1015 deg) | TransErr = 30.45 mm [FAILS]
    Alternative Pair with Shard 10 (NOT ACTIVE IN TREE):
      Candidate choice=1 inlier=24 | RotErr = 1.6771 rad (96.0880 deg) | TransErr = 76.15 mm [FAILS]
      Candidate choice=2 inlier=42 | RotErr = 1.3913 rad (79.7142 deg) | TransErr = 39.46 mm [FAILS]
      Candidate choice=3 inlier=20 | RotErr = 1.2561 rad (71.9688 deg) | TransErr = 8.96 mm [FAILS]
      Candidate choice=4 inlier=50 | RotErr = 0.3284 rad (18.8173 deg) | TransErr = 65.04 mm [FAILS]
      Candidate choice=5 inlier=18 | RotErr = 0.4020 rad (23.0321 deg) | TransErr = 108.05 mm [FAILS]
    Alternative Pair with Shard 23 (NOT ACTIVE IN TREE):
      Candidate choice=1 inlier=36 | RotErr = 0.6167 rad (35.3344 deg) | TransErr = 55.62 mm [FAILS]
    Alternative Pair with Shard 24 (NOT ACTIVE IN TREE):
      [No match candidates found]
    Alternative Pair with Shard 6 (NOT ACTIVE IN TREE):
      Candidate choice=1 inlier=20 | RotErr = 3.0941 rad (177.2803 deg) | TransErr = 27.90 mm [FAILS]
    Alternative Pair with Shard 21 (ACTIVE IN TREE) [SKIPPED]
    Alternative Pair with Shard 9 (NOT ACTIVE IN TREE):
      Candidate choice=1 inlier=50 | RotErr = 2.5540 rad (146.3362 deg) | TransErr = 17.40 mm [FAILS]
      Candidate choice=2 inlier=34 | RotErr = 2.4843 rad (142.3395 deg) | TransErr = 21.88 mm [FAILS]
      Candidate choice=3 inlier=48 | RotErr = 3.0130 rad (172.6304 deg) | TransErr = 61.04 mm [FAILS]
      Candidate choice=4 inlier=46 | RotErr = 1.4264 rad (81.7263 deg) | TransErr = 36.39 mm [FAILS]
      Candidate choice=5 inlier=48 | RotErr = 1.5035 rad (86.1448 deg) | TransErr = 13.21 mm [FAILS]
    Alternative Pair with Shard 12 (NOT ACTIVE IN TREE):
      Candidate choice=1 inlier=26 | RotErr = 1.6674 rad (95.5358 deg) | TransErr = 16.04 mm [FAILS]
      Candidate choice=2 inlier=36 | RotErr = 1.0749 rad (61.5854 deg) | TransErr = 78.35 mm [FAILS]
      Candidate choice=3 inlier=24 | RotErr = 2.8239 rad (161.7967 deg) | TransErr = 29.00 mm [FAILS]
      Candidate choice=4 inlier=22 | RotErr = 1.8360 rad (105.1933 deg) | TransErr = 8.04 mm [FAILS]
    Alternative Pair with Shard 2 (NOT ACTIVE IN TREE):
      [No match candidates found]
    Alternative Pair with Shard 5 (NOT ACTIVE IN TREE):
      Candidate choice=1 inlier=48 | RotErr = 0.4550 rad (26.0680 deg) | TransErr = 25.71 mm [FAILS]
      Candidate choice=2 inlier=36 | RotErr = 2.9714 rad (170.2499 deg) | TransErr = 142.87 mm [FAILS]
      Candidate choice=3 inlier=34 | RotErr = 3.0371 rad (174.0113 deg) | TransErr = 143.72 mm [FAILS]
      Candidate choice=4 inlier=70 | RotErr = 2.3073 rad (132.2001 deg) | TransErr = 15.88 mm [FAILS]
      Candidate choice=5 inlier=38 | RotErr = 2.3363 rad (133.8618 deg) | TransErr = 40.04 mm [FAILS]
    Alternative Pair with Shard 7 (NOT ACTIVE IN TREE):
      Candidate choice=1 inlier=34 | RotErr = 3.1159 rad (178.5280 deg) | TransErr = 137.77 mm [FAILS]
      Candidate choice=2 inlier=38 | RotErr = 2.7545 rad (157.8212 deg) | TransErr = 13.58 mm [FAILS]
    Alternative Pair with Shard 15 (NOT ACTIVE IN TREE):
      Candidate choice=1 inlier=36 | RotErr = 2.6838 rad (153.7714 deg) | TransErr = 86.75 mm [FAILS]
      Candidate choice=2 inlier=26 | RotErr = 2.3269 rad (133.3228 deg) | TransErr = 34.38 mm [FAILS]
      Candidate choice=3 inlier=34 | RotErr = 2.5038 rad (143.4563 deg) | TransErr = 8.92 mm [FAILS]
      Candidate choice=4 inlier=46 | RotErr = 2.2990 rad (131.7240 deg) | TransErr = 41.11 mm [FAILS]
    Alternative Pair with Shard 22 (NOT ACTIVE IN TREE):
      [No match candidates found]
    Alternative Pair with Shard 3 (NOT ACTIVE IN TREE):
      Candidate choice=1 inlier=53 | RotErr = 2.9233 rad (167.4936 deg) | TransErr = 27.90 mm [FAILS]
      Candidate choice=2 inlier=0 | RotErr = 3.1065 rad (177.9903 deg) | TransErr = 141.61 mm [FAILS]
      Candidate choice=3 inlier=44 | RotErr = 2.9935 rad (171.5135 deg) | TransErr = 143.55 mm [FAILS]
    Alternative Pair with Shard 20 (ACTIVE IN TREE) [SKIPPED]
    Alternative Pair with Shard 25 (NOT ACTIVE IN TREE):
      [No match candidates found]
    Alternative Pair with Shard 26 (NOT ACTIVE IN TREE):
      Candidate choice=1 inlier=20 | RotErr = 2.7876 rad (159.7184 deg) | TransErr = 39.53 mm [FAILS]
      Candidate choice=2 inlier=28 | RotErr = 2.2045 rad (126.3085 deg) | TransErr = 99.17 mm [FAILS]
    Alternative Pair with Shard 11 (NOT ACTIVE IN TREE):
      Candidate choice=1 inlier=40 | RotErr = 1.5290 rad (87.6043 deg) | TransErr = 18.19 mm [FAILS]
      Candidate choice=2 inlier=42 | RotErr = 2.7842 rad (159.5217 deg) | TransErr = 126.24 mm [FAILS]
    Alternative Pair with Shard 18 (NOT ACTIVE IN TREE):
      Candidate choice=1 inlier=26 | RotErr = 1.9780 rad (113.3297 deg) | TransErr = 116.09 mm [FAILS]
      Candidate choice=2 inlier=22 | RotErr = 2.3186 rad (132.8480 deg) | TransErr = 95.61 mm [FAILS]
    Alternative Pair with Shard 8 (NOT ACTIVE IN TREE):
      Candidate choice=1 inlier=28 | RotErr = 2.8125 rad (161.1428 deg) | TransErr = 142.99 mm [FAILS]
      Candidate choice=2 inlier=0 | RotErr = 2.5097 rad (143.7976 deg) | TransErr = 30.76 mm [FAILS]
      Candidate choice=3 inlier=32 | RotErr = 2.8597 rad (163.8463 deg) | TransErr = 146.18 mm [FAILS]
      Candidate choice=4 inlier=42 | RotErr = 2.1443 rad (122.8584 deg) | TransErr = 11.65 mm [FAILS]
    Alternative Pair with Shard 14 (NOT ACTIVE IN TREE):
      Candidate choice=1 inlier=24 | RotErr = 2.9933 rad (171.5007 deg) | TransErr = 28.68 mm [FAILS]
      Candidate choice=2 inlier=36 | RotErr = 2.2990 rad (131.7225 deg) | TransErr = 23.90 mm [FAILS]
      Candidate choice=3 inlier=40 | RotErr = 3.0331 rad (173.7866 deg) | TransErr = 121.55 mm [FAILS]
    Alternative Pair with Shard 16 (NOT ACTIVE IN TREE):
      Candidate choice=1 inlier=42 | RotErr = 1.6260 rad (93.1611 deg) | TransErr = 20.12 mm [FAILS]
      Candidate choice=2 inlier=38 | RotErr = 1.5081 rad (86.4084 deg) | TransErr = 35.36 mm [FAILS]
    Alternative Pair with Shard 4 (NOT ACTIVE IN TREE):
      Candidate choice=1 inlier=32 | RotErr = 3.1333 rad (179.5226 deg) | TransErr = 120.08 mm [FAILS]
      Candidate choice=2 inlier=44 | RotErr = 0.1184 rad (6.7853 deg) | TransErr = 3.79 mm [PASSES] -> Reward: +20.00
      Candidate choice=3 inlier=26 | RotErr = 3.0766 rad (176.2760 deg) | TransErr = 116.11 mm [FAILS]
      Candidate choice=4 inlier=40 | RotErr = 0.8350 rad (47.8447 deg) | TransErr = 21.43 mm [FAILS]
    Alternative Pair with Shard 13 (NOT ACTIVE IN TREE):
      Candidate choice=1 inlier=36 | RotErr = 1.8165 rad (104.0750 deg) | TransErr = 162.75 mm [FAILS]
    Alternative Pair with Shard 17 (NOT ACTIVE IN TREE):
      Candidate choice=1 inlier=40 | RotErr = 1.6805 rad (96.2881 deg) | TransErr = 18.08 mm [FAILS]
    Alternative Pair with Shard 27 (NOT ACTIVE IN TREE):
      [No match candidates found]
  Shard 2 (placed by parent 9):
    Alternative Pair with Shard 1 (NOT ACTIVE IN TREE):
      Candidate choice=1 inlier=30 | RotErr = 0.9412 rad (53.9279 deg) | TransErr = 12.83 mm [FAILS]
      Candidate choice=2 inlier=32 | RotErr = 0.6640 rad (38.0442 deg) | TransErr = 34.14 mm [FAILS]
    Alternative Pair with Shard 10 (NOT ACTIVE IN TREE):
      Candidate choice=1 inlier=28 | RotErr = 3.1212 rad (178.8322 deg) | TransErr = 133.77 mm [FAILS]
    Alternative Pair with Shard 23 (NOT ACTIVE IN TREE):
      Candidate choice=1 inlier=30 | RotErr = 2.7941 rad (160.0927 deg) | TransErr = 58.75 mm [FAILS]
      Candidate choice=2 inlier=34 | RotErr = 1.6781 rad (96.1481 deg) | TransErr = 77.71 mm [FAILS]
      Candidate choice=3 inlier=49 | RotErr = 2.9046 rad (166.4237 deg) | TransErr = 63.17 mm [FAILS]
    Alternative Pair with Shard 24 (NOT ACTIVE IN TREE):
      Candidate choice=1 inlier=24 | RotErr = 2.7408 rad (157.0364 deg) | TransErr = 91.48 mm [FAILS]
    Alternative Pair with Shard 6 (NOT ACTIVE IN TREE):
      Candidate choice=1 inlier=48 | RotErr = 0.9597 rad (54.9847 deg) | TransErr = 5.77 mm [FAILS]
      Candidate choice=2 inlier=28 | RotErr = 3.0500 rad (174.7521 deg) | TransErr = 174.62 mm [FAILS]
      Candidate choice=3 inlier=42 | RotErr = 0.8682 rad (49.7469 deg) | TransErr = 22.32 mm [FAILS]
    Alternative Pair with Shard 21 (NOT ACTIVE IN TREE):
      [No match candidates found]
    Alternative Pair with Shard 9 (ACTIVE IN TREE) [SKIPPED]
    Alternative Pair with Shard 12 (NOT ACTIVE IN TREE):
      Candidate choice=1 inlier=28 | RotErr = 3.0096 rad (172.4382 deg) | TransErr = 24.76 mm [FAILS]
      Candidate choice=2 inlier=28 | RotErr = 2.5074 rad (143.6660 deg) | TransErr = 18.69 mm [FAILS]
      Candidate choice=3 inlier=28 | RotErr = 1.8804 rad (107.7391 deg) | TransErr = 33.27 mm [FAILS]
    Alternative Pair with Shard 19 (NOT ACTIVE IN TREE):
      [No match candidates found]
    Alternative Pair with Shard 5 (NOT ACTIVE IN TREE):
      [No match candidates found]
    Alternative Pair with Shard 7 (NOT ACTIVE IN TREE):
      Candidate choice=1 inlier=28 | RotErr = 1.3543 rad (77.5962 deg) | TransErr = 168.33 mm [FAILS]
      Candidate choice=2 inlier=44 | RotErr = 2.9505 rad (169.0514 deg) | TransErr = 22.45 mm [FAILS]
      Candidate choice=3 inlier=34 | RotErr = 1.0856 rad (62.2024 deg) | TransErr = 155.58 mm [FAILS]
      Candidate choice=4 inlier=30 | RotErr = 0.6158 rad (35.2818 deg) | TransErr = 161.05 mm [FAILS]
      Candidate choice=5 inlier=34 | RotErr = 0.9645 rad (55.2613 deg) | TransErr = 163.67 mm [FAILS]
    Alternative Pair with Shard 15 (NOT ACTIVE IN TREE):
      Candidate choice=1 inlier=22 | RotErr = 0.3807 rad (21.8125 deg) | TransErr = 70.38 mm [FAILS]
    Alternative Pair with Shard 22 (NOT ACTIVE IN TREE):
      [No match candidates found]
    Alternative Pair with Shard 3 (NOT ACTIVE IN TREE):
      [No match candidates found]
    Alternative Pair with Shard 20 (NOT ACTIVE IN TREE):
      [No match candidates found]
    Alternative Pair with Shard 25 (ACTIVE IN TREE) [SKIPPED]
    Alternative Pair with Shard 26 (ACTIVE IN TREE) [SKIPPED]
    Alternative Pair with Shard 11 (NOT ACTIVE IN TREE):
      Candidate choice=1 inlier=32 | RotErr = 3.0195 rad (173.0038 deg) | TransErr = 27.29 mm [FAILS]
      Candidate choice=2 inlier=0 | RotErr = 2.5667 rad (147.0608 deg) | TransErr = 78.95 mm [FAILS]
      Candidate choice=3 inlier=14 | RotErr = 1.3837 rad (79.2776 deg) | TransErr = 172.77 mm [FAILS]
    Alternative Pair with Shard 18 (NOT ACTIVE IN TREE):
      Candidate choice=1 inlier=30 | RotErr = 2.9464 rad (168.8161 deg) | TransErr = 135.04 mm [FAILS]
      Candidate choice=2 inlier=81 | RotErr = 2.1624 rad (123.8937 deg) | TransErr = 22.37 mm [FAILS]
      Candidate choice=3 inlier=59 | RotErr = 1.8957 rad (108.6154 deg) | TransErr = 12.83 mm [FAILS]
      Candidate choice=4 inlier=83 | RotErr = 1.1286 rad (64.6614 deg) | TransErr = 21.70 mm [FAILS]
    Alternative Pair with Shard 8 (NOT ACTIVE IN TREE):
      Candidate choice=1 inlier=28 | RotErr = 3.0590 rad (175.2695 deg) | TransErr = 31.75 mm [FAILS]
      Candidate choice=2 inlier=24 | RotErr = 3.0967 rad (177.4306 deg) | TransErr = 162.48 mm [FAILS]
    Alternative Pair with Shard 14 (NOT ACTIVE IN TREE):
      Candidate choice=1 inlier=22 | RotErr = 2.9121 rad (166.8497 deg) | TransErr = 19.38 mm [FAILS]
      Candidate choice=2 inlier=20 | RotErr = 2.9544 rad (169.2736 deg) | TransErr = 51.05 mm [FAILS]
      Candidate choice=3 inlier=6 | RotErr = 3.1379 rad (179.7879 deg) | TransErr = 65.34 mm [FAILS]
    Alternative Pair with Shard 16 (NOT ACTIVE IN TREE):
      [No match candidates found]
    Alternative Pair with Shard 4 (NOT ACTIVE IN TREE):
      Candidate choice=1 inlier=26 | RotErr = 2.9008 rad (166.2033 deg) | TransErr = 19.75 mm [FAILS]
      Candidate choice=2 inlier=2 | RotErr = 3.0293 rad (173.5688 deg) | TransErr = 35.05 mm [FAILS]
    Alternative Pair with Shard 13 (NOT ACTIVE IN TREE):
      Candidate choice=1 inlier=46 | RotErr = 0.9855 rad (56.4659 deg) | TransErr = 21.72 mm [FAILS]
      Candidate choice=2 inlier=70 | RotErr = 2.9034 rad (166.3543 deg) | TransErr = 160.46 mm [FAILS]
      Candidate choice=3 inlier=38 | RotErr = 3.0456 rad (174.5023 deg) | TransErr = 150.62 mm [FAILS]
    Alternative Pair with Shard 17 (NOT ACTIVE IN TREE):
      [No match candidates found]
    Alternative Pair with Shard 27 (NOT ACTIVE IN TREE):
      Candidate choice=1 inlier=30 | RotErr = 3.0446 rad (174.4434 deg) | TransErr = 31.83 mm [FAILS]
  Shard 5 (placed by parent 9):
    Alternative Pair with Shard 1 (NOT ACTIVE IN TREE):
      Candidate choice=1 inlier=38 | RotErr = 2.0052 rad (114.8893 deg) | TransErr = 66.76 mm [FAILS]
      Candidate choice=2 inlier=48 | RotErr = 2.1067 rad (120.7055 deg) | TransErr = 28.85 mm [FAILS]
      Candidate choice=3 inlier=38 | RotErr = 3.0063 rad (172.2467 deg) | TransErr = 118.23 mm [FAILS]
      Candidate choice=4 inlier=50 | RotErr = 1.3897 rad (79.6227 deg) | TransErr = 30.36 mm [FAILS]
      Candidate choice=5 inlier=22 | RotErr = 3.1128 rad (178.3495 deg) | TransErr = 137.24 mm [FAILS]
      Candidate choice=6 inlier=20 | RotErr = 1.0431 rad (59.7660 deg) | TransErr = 62.60 mm [FAILS]
      Candidate choice=7 inlier=32 | RotErr = 0.7094 rad (40.6470 deg) | TransErr = 60.07 mm [FAILS]
      Candidate choice=8 inlier=84 | RotErr = 0.1574 rad (9.0167 deg) | TransErr = 2.05 mm [PASSES] -> Reward: +20.00
    Alternative Pair with Shard 10 (NOT ACTIVE IN TREE):
      Candidate choice=1 inlier=50 | RotErr = 0.9981 rad (57.1879 deg) | TransErr = 40.45 mm [FAILS]
      Candidate choice=2 inlier=30 | RotErr = 0.9457 rad (54.1858 deg) | TransErr = 79.65 mm [FAILS]
      Candidate choice=3 inlier=42 | RotErr = 3.0820 rad (176.5857 deg) | TransErr = 71.80 mm [FAILS]
      Candidate choice=4 inlier=58 | RotErr = 2.8132 rad (161.1831 deg) | TransErr = 21.62 mm [FAILS]
      Candidate choice=5 inlier=28 | RotErr = 2.9984 rad (171.7954 deg) | TransErr = 39.75 mm [FAILS]
    Alternative Pair with Shard 23 (NOT ACTIVE IN TREE):
      Candidate choice=1 inlier=40 | RotErr = 0.2891 rad (16.5652 deg) | TransErr = 6.69 mm [FAILS]
      Candidate choice=2 inlier=45 | RotErr = 0.4313 rad (24.7115 deg) | TransErr = 5.42 mm [FAILS]
      Candidate choice=3 inlier=28 | RotErr = 1.0099 rad (57.8603 deg) | TransErr = 53.57 mm [FAILS]
    Alternative Pair with Shard 24 (NOT ACTIVE IN TREE):
      [No match candidates found]
    Alternative Pair with Shard 6 (NOT ACTIVE IN TREE):
      Candidate choice=1 inlier=26 | RotErr = 3.0329 rad (173.7703 deg) | TransErr = 23.97 mm [FAILS]
      Candidate choice=2 inlier=28 | RotErr = 2.2718 rad (130.1664 deg) | TransErr = 159.82 mm [FAILS]
      Candidate choice=3 inlier=8 | RotErr = 2.2736 rad (130.2679 deg) | TransErr = 113.70 mm [FAILS]
    Alternative Pair with Shard 21 (NOT ACTIVE IN TREE):
      Candidate choice=1 inlier=79 | RotErr = 1.1989 rad (68.6928 deg) | TransErr = 11.37 mm [FAILS]
      Candidate choice=2 inlier=28 | RotErr = 2.8819 rad (165.1231 deg) | TransErr = 142.58 mm [FAILS]
      Candidate choice=3 inlier=12 | RotErr = 2.7297 rad (156.3992 deg) | TransErr = 20.93 mm [FAILS]
      Candidate choice=4 inlier=30 | RotErr = 2.9470 rad (168.8534 deg) | TransErr = 144.02 mm [FAILS]
    Alternative Pair with Shard 9 (ACTIVE IN TREE) [SKIPPED]
    Alternative Pair with Shard 12 (NOT ACTIVE IN TREE):
      Candidate choice=1 inlier=36 | RotErr = 2.6793 rad (153.5125 deg) | TransErr = 21.26 mm [FAILS]
      Candidate choice=2 inlier=32 | RotErr = 3.1091 rad (178.1411 deg) | TransErr = 15.90 mm [FAILS]
      Candidate choice=3 inlier=36 | RotErr = 2.3189 rad (132.8631 deg) | TransErr = 60.64 mm [FAILS]
      Candidate choice=4 inlier=32 | RotErr = 2.2716 rad (130.1540 deg) | TransErr = 125.86 mm [FAILS]
      Candidate choice=5 inlier=32 | RotErr = 3.0438 rad (174.3960 deg) | TransErr = 24.68 mm [FAILS]
      Candidate choice=6 inlier=62 | RotErr = 1.9080 rad (109.3195 deg) | TransErr = 46.55 mm [FAILS]
    Alternative Pair with Shard 19 (NOT ACTIVE IN TREE):
      Candidate choice=1 inlier=48 | RotErr = 0.4550 rad (26.0680 deg) | TransErr = 25.71 mm [FAILS]
      Candidate choice=2 inlier=36 | RotErr = 2.9714 rad (170.2499 deg) | TransErr = 142.87 mm [FAILS]
      Candidate choice=3 inlier=34 | RotErr = 3.0371 rad (174.0113 deg) | TransErr = 143.72 mm [FAILS]
      Candidate choice=4 inlier=70 | RotErr = 2.3073 rad (132.2001 deg) | TransErr = 15.88 mm [FAILS]
      Candidate choice=5 inlier=38 | RotErr = 2.3363 rad (133.8618 deg) | TransErr = 40.04 mm [FAILS]
    Alternative Pair with Shard 2 (NOT ACTIVE IN TREE):
      [No match candidates found]
    Alternative Pair with Shard 7 (NOT ACTIVE IN TREE):
      Candidate choice=1 inlier=38 | RotErr = 3.0423 rad (174.3099 deg) | TransErr = 87.79 mm [FAILS]
      Candidate choice=2 inlier=32 | RotErr = 3.1168 rad (178.5784 deg) | TransErr = 111.77 mm [FAILS]
      Candidate choice=3 inlier=30 | RotErr = 2.9974 rad (171.7374 deg) | TransErr = 89.04 mm [FAILS]
      Candidate choice=4 inlier=32 | RotErr = 3.0230 rad (173.2061 deg) | TransErr = 135.44 mm [FAILS]
      Candidate choice=5 inlier=56 | RotErr = 1.6113 rad (92.3194 deg) | TransErr = 11.00 mm [FAILS]
      Candidate choice=6 inlier=28 | RotErr = 0.0953 rad (5.4620 deg) | TransErr = 10.10 mm [FAILS]
    Alternative Pair with Shard 15 (NOT ACTIVE IN TREE):
      Candidate choice=1 inlier=48 | RotErr = 2.7404 rad (157.0151 deg) | TransErr = 32.64 mm [FAILS]
      Candidate choice=2 inlier=0 | RotErr = 3.1409 rad (179.9615 deg) | TransErr = 52.68 mm [FAILS]
      Candidate choice=3 inlier=34 | RotErr = 0.7371 rad (42.2319 deg) | TransErr = 33.72 mm [FAILS]
      Candidate choice=4 inlier=30 | RotErr = 0.8264 rad (47.3480 deg) | TransErr = 12.90 mm [FAILS]
    Alternative Pair with Shard 22 (NOT ACTIVE IN TREE):
      Candidate choice=1 inlier=40 | RotErr = 1.0477 rad (60.0304 deg) | TransErr = 48.53 mm [FAILS]
      Candidate choice=2 inlier=57 | RotErr = 1.5153 rad (86.8231 deg) | TransErr = 44.23 mm [FAILS]
      Candidate choice=3 inlier=22 | RotErr = 3.0020 rad (172.0028 deg) | TransErr = 131.44 mm [FAILS]
      Candidate choice=4 inlier=51 | RotErr = 2.8769 rad (164.8339 deg) | TransErr = 130.05 mm [FAILS]
      Candidate choice=5 inlier=38 | RotErr = 0.5284 rad (30.2767 deg) | TransErr = 27.25 mm [FAILS]
      Candidate choice=6 inlier=20 | RotErr = 0.4419 rad (25.3189 deg) | TransErr = 38.06 mm [FAILS]
    Alternative Pair with Shard 3 (NOT ACTIVE IN TREE):
      Candidate choice=1 inlier=68 | RotErr = 1.9128 rad (109.5965 deg) | TransErr = 7.59 mm [FAILS]
    Alternative Pair with Shard 20 (NOT ACTIVE IN TREE):
      Candidate choice=1 inlier=38 | RotErr = 1.2106 rad (69.3610 deg) | TransErr = 31.11 mm [FAILS]
      Candidate choice=2 inlier=24 | RotErr = 1.6252 rad (93.1156 deg) | TransErr = 21.64 mm [FAILS]
    Alternative Pair with Shard 25 (NOT ACTIVE IN TREE):
      [No match candidates found]
    Alternative Pair with Shard 26 (NOT ACTIVE IN TREE):
      Candidate choice=1 inlier=20 | RotErr = 1.8775 rad (107.5753 deg) | TransErr = 104.66 mm [FAILS]
      Candidate choice=2 inlier=24 | RotErr = 2.8406 rad (162.7554 deg) | TransErr = 55.49 mm [FAILS]
      Candidate choice=3 inlier=20 | RotErr = 2.9062 rad (166.5157 deg) | TransErr = 49.51 mm [FAILS]
    Alternative Pair with Shard 11 (ACTIVE IN TREE) [SKIPPED]
    Alternative Pair with Shard 18 (NOT ACTIVE IN TREE):
      Candidate choice=1 inlier=36 | RotErr = 1.7128 rad (98.1381 deg) | TransErr = 24.26 mm [FAILS]
      Candidate choice=2 inlier=38 | RotErr = 2.1404 rad (122.6354 deg) | TransErr = 28.61 mm [FAILS]
      Candidate choice=3 inlier=0 | RotErr = 2.7990 rad (160.3715 deg) | TransErr = 134.08 mm [FAILS]
      Candidate choice=4 inlier=24 | RotErr = 3.0032 rad (172.0687 deg) | TransErr = 32.60 mm [FAILS]
      Candidate choice=5 inlier=20 | RotErr = 0.9893 rad (56.6822 deg) | TransErr = 107.19 mm [FAILS]
    Alternative Pair with Shard 8 (NOT ACTIVE IN TREE):
      Candidate choice=1 inlier=28 | RotErr = 2.9331 rad (168.0519 deg) | TransErr = 92.10 mm [FAILS]
      Candidate choice=2 inlier=24 | RotErr = 2.9979 rad (171.7645 deg) | TransErr = 140.52 mm [FAILS]
      Candidate choice=3 inlier=20 | RotErr = 2.6405 rad (151.2892 deg) | TransErr = 138.65 mm [FAILS]
      Candidate choice=4 inlier=46 | RotErr = 1.2409 rad (71.1004 deg) | TransErr = 22.34 mm [FAILS]
      Candidate choice=5 inlier=30 | RotErr = 2.8719 rad (164.5449 deg) | TransErr = 139.28 mm [FAILS]
      Candidate choice=6 inlier=34 | RotErr = 3.0298 rad (173.5960 deg) | TransErr = 142.49 mm [FAILS]
    Alternative Pair with Shard 14 (NOT ACTIVE IN TREE):
      Candidate choice=1 inlier=0 | RotErr = 3.0088 rad (172.3923 deg) | TransErr = 115.77 mm [FAILS]
      Candidate choice=2 inlier=0 | RotErr = 2.0944 rad (120.0031 deg) | TransErr = 160.59 mm [FAILS]
      Candidate choice=3 inlier=0 | RotErr = 2.4646 rad (141.2102 deg) | TransErr = 160.15 mm [FAILS]
      Candidate choice=4 inlier=40 | RotErr = 2.7796 rad (159.2618 deg) | TransErr = 14.65 mm [FAILS]
      Candidate choice=5 inlier=28 | RotErr = 1.9612 rad (112.3689 deg) | TransErr = 15.06 mm [FAILS]
    Alternative Pair with Shard 16 (NOT ACTIVE IN TREE):
      Candidate choice=1 inlier=38 | RotErr = 3.0537 rad (174.9669 deg) | TransErr = 140.22 mm [FAILS]
    Alternative Pair with Shard 4 (NOT ACTIVE IN TREE):
      Candidate choice=1 inlier=48 | RotErr = 1.1778 rad (67.4856 deg) | TransErr = 17.03 mm [FAILS]
      Candidate choice=2 inlier=12 | RotErr = 2.7561 rad (157.9135 deg) | TransErr = 102.03 mm [FAILS]
    Alternative Pair with Shard 13 (NOT ACTIVE IN TREE):
      [No match candidates found]
    Alternative Pair with Shard 17 (NOT ACTIVE IN TREE):
      Candidate choice=1 inlier=59 | RotErr = 3.0985 rad (177.5287 deg) | TransErr = 12.00 mm [FAILS]
    Alternative Pair with Shard 27 (NOT ACTIVE IN TREE):
      [No match candidates found]
  Shard 7 (placed by parent 9):
    Alternative Pair with Shard 1 (NOT ACTIVE IN TREE):
      Candidate choice=1 inlier=0 | RotErr = 3.0478 rad (174.6257 deg) | TransErr = 53.17 mm [FAILS]
      Candidate choice=2 inlier=38 | RotErr = 2.8284 rad (162.0543 deg) | TransErr = 80.01 mm [FAILS]
      Candidate choice=3 inlier=36 | RotErr = 1.5571 rad (89.2146 deg) | TransErr = 7.40 mm [FAILS]
      Candidate choice=4 inlier=38 | RotErr = 0.9947 rad (56.9944 deg) | TransErr = 21.69 mm [FAILS]
      Candidate choice=5 inlier=26 | RotErr = 0.8952 rad (51.2938 deg) | TransErr = 107.91 mm [FAILS]
    Alternative Pair with Shard 10 (NOT ACTIVE IN TREE):
      Candidate choice=1 inlier=30 | RotErr = 2.5175 rad (144.2434 deg) | TransErr = 23.50 mm [FAILS]
      Candidate choice=2 inlier=26 | RotErr = 3.0781 rad (176.3639 deg) | TransErr = 43.65 mm [FAILS]
      Candidate choice=3 inlier=24 | RotErr = 3.0713 rad (175.9705 deg) | TransErr = 28.95 mm [FAILS]
      Candidate choice=4 inlier=12 | RotErr = 2.8028 rad (160.5878 deg) | TransErr = 127.38 mm [FAILS]
    Alternative Pair with Shard 23 (NOT ACTIVE IN TREE):
      Candidate choice=1 inlier=32 | RotErr = 3.0013 rad (171.9591 deg) | TransErr = 93.21 mm [FAILS]
      Candidate choice=2 inlier=30 | RotErr = 0.6412 rad (36.7406 deg) | TransErr = 57.27 mm [FAILS]
    Alternative Pair with Shard 24 (NOT ACTIVE IN TREE):
      Candidate choice=1 inlier=34 | RotErr = 0.7708 rad (44.1645 deg) | TransErr = 72.83 mm [FAILS]
    Alternative Pair with Shard 6 (NOT ACTIVE IN TREE):
      Candidate choice=1 inlier=24 | RotErr = 2.0082 rad (115.0634 deg) | TransErr = 162.43 mm [FAILS]
      Candidate choice=2 inlier=18 | RotErr = 2.8781 rad (164.9004 deg) | TransErr = 21.60 mm [FAILS]
      Candidate choice=3 inlier=26 | RotErr = 3.0978 rad (177.4898 deg) | TransErr = 34.78 mm [FAILS]
      Candidate choice=4 inlier=0 | RotErr = 1.3557 rad (77.6764 deg) | TransErr = 174.54 mm [FAILS]
    Alternative Pair with Shard 21 (NOT ACTIVE IN TREE):
      Candidate choice=1 inlier=22 | RotErr = 2.2697 rad (130.0430 deg) | TransErr = 7.38 mm [FAILS]
      Candidate choice=2 inlier=36 | RotErr = 2.9474 rad (168.8733 deg) | TransErr = 20.73 mm [FAILS]
      Candidate choice=3 inlier=36 | RotErr = 3.0308 rad (173.6527 deg) | TransErr = 26.35 mm [FAILS]
    Alternative Pair with Shard 9 (ACTIVE IN TREE) [SKIPPED]
    Alternative Pair with Shard 12 (NOT ACTIVE IN TREE):
      Candidate choice=1 inlier=22 | RotErr = 2.9846 rad (171.0056 deg) | TransErr = 143.68 mm [FAILS]
      Candidate choice=2 inlier=36 | RotErr = 2.9951 rad (171.6064 deg) | TransErr = 76.62 mm [FAILS]
      Candidate choice=3 inlier=30 | RotErr = 3.0518 rad (174.8558 deg) | TransErr = 42.77 mm [FAILS]
      Candidate choice=4 inlier=14 | RotErr = 1.9960 rad (114.3648 deg) | TransErr = 48.82 mm [FAILS]
    Alternative Pair with Shard 19 (NOT ACTIVE IN TREE):
      Candidate choice=1 inlier=34 | RotErr = 3.1159 rad (178.5280 deg) | TransErr = 137.77 mm [FAILS]
      Candidate choice=2 inlier=38 | RotErr = 2.7545 rad (157.8212 deg) | TransErr = 13.58 mm [FAILS]
    Alternative Pair with Shard 2 (NOT ACTIVE IN TREE):
      Candidate choice=1 inlier=28 | RotErr = 1.3543 rad (77.5962 deg) | TransErr = 168.33 mm [FAILS]
      Candidate choice=2 inlier=44 | RotErr = 2.9505 rad (169.0514 deg) | TransErr = 22.45 mm [FAILS]
      Candidate choice=3 inlier=34 | RotErr = 1.0856 rad (62.2024 deg) | TransErr = 155.58 mm [FAILS]
      Candidate choice=4 inlier=30 | RotErr = 0.6158 rad (35.2818 deg) | TransErr = 161.05 mm [FAILS]
      Candidate choice=5 inlier=34 | RotErr = 0.9645 rad (55.2613 deg) | TransErr = 163.67 mm [FAILS]
    Alternative Pair with Shard 5 (NOT ACTIVE IN TREE):
      Candidate choice=1 inlier=38 | RotErr = 3.0423 rad (174.3099 deg) | TransErr = 87.79 mm [FAILS]
      Candidate choice=2 inlier=32 | RotErr = 3.1168 rad (178.5784 deg) | TransErr = 111.77 mm [FAILS]
      Candidate choice=3 inlier=30 | RotErr = 2.9974 rad (171.7374 deg) | TransErr = 89.04 mm [FAILS]
      Candidate choice=4 inlier=32 | RotErr = 3.0230 rad (173.2061 deg) | TransErr = 135.44 mm [FAILS]
      Candidate choice=5 inlier=56 | RotErr = 1.6113 rad (92.3194 deg) | TransErr = 11.00 mm [FAILS]
      Candidate choice=6 inlier=28 | RotErr = 0.0953 rad (5.4620 deg) | TransErr = 10.10 mm [FAILS]
    Alternative Pair with Shard 15 (NOT ACTIVE IN TREE):
      Candidate choice=1 inlier=26 | RotErr = 2.8860 rad (165.3530 deg) | TransErr = 93.63 mm [FAILS]
      Candidate choice=2 inlier=0 | RotErr = 3.0308 rad (173.6528 deg) | TransErr = 90.45 mm [FAILS]
      Candidate choice=3 inlier=24 | RotErr = 2.7806 rad (159.3168 deg) | TransErr = 84.79 mm [FAILS]
    Alternative Pair with Shard 22 (NOT ACTIVE IN TREE):
      Candidate choice=1 inlier=30 | RotErr = 2.9986 rad (171.8065 deg) | TransErr = 132.63 mm [FAILS]
      Candidate choice=2 inlier=18 | RotErr = 0.2932 rad (16.7990 deg) | TransErr = 22.17 mm [FAILS]
      Candidate choice=3 inlier=28 | RotErr = 0.3611 rad (20.6893 deg) | TransErr = 7.53 mm [FAILS]
    Alternative Pair with Shard 3 (NOT ACTIVE IN TREE):
      Candidate choice=1 inlier=30 | RotErr = 2.7829 rad (159.4471 deg) | TransErr = 104.17 mm [FAILS]
      Candidate choice=2 inlier=76 | RotErr = 1.2708 rad (72.8106 deg) | TransErr = 21.87 mm [FAILS]
      Candidate choice=3 inlier=40 | RotErr = 1.1486 rad (65.8101 deg) | TransErr = 10.09 mm [FAILS]
    Alternative Pair with Shard 20 (NOT ACTIVE IN TREE):
      Candidate choice=1 inlier=40 | RotErr = 0.9604 rad (55.0253 deg) | TransErr = 5.12 mm [FAILS]
      Candidate choice=2 inlier=44 | RotErr = 3.0950 rad (177.3297 deg) | TransErr = 152.43 mm [FAILS]
      Candidate choice=3 inlier=22 | RotErr = 2.3815 rad (136.4498 deg) | TransErr = 14.09 mm [FAILS]
      Candidate choice=4 inlier=36 | RotErr = 2.5825 rad (147.9684 deg) | TransErr = 157.10 mm [FAILS]
      Candidate choice=5 inlier=0 | RotErr = 3.0987 rad (177.5398 deg) | TransErr = 201.99 mm [FAILS]
    Alternative Pair with Shard 25 (NOT ACTIVE IN TREE):
      [No match candidates found]
    Alternative Pair with Shard 26 (NOT ACTIVE IN TREE):
      Candidate choice=1 inlier=18 | RotErr = 0.8221 rad (47.1015 deg) | TransErr = 105.34 mm [FAILS]
      Candidate choice=2 inlier=22 | RotErr = 2.8249 rad (161.8575 deg) | TransErr = 61.96 mm [FAILS]
      Candidate choice=3 inlier=34 | RotErr = 2.9238 rad (167.5217 deg) | TransErr = 41.02 mm [FAILS]
    Alternative Pair with Shard 11 (NOT ACTIVE IN TREE):
      Candidate choice=1 inlier=107 | RotErr = 0.1042 rad (5.9712 deg) | TransErr = 7.34 mm [PASSES] -> Reward: +20.00
      Candidate choice=2 inlier=61 | RotErr = 2.7311 rad (156.4824 deg) | TransErr = 12.32 mm [FAILS]
    Alternative Pair with Shard 18 (NOT ACTIVE IN TREE):
      Candidate choice=1 inlier=16 | RotErr = 3.0301 rad (173.6147 deg) | TransErr = 48.90 mm [FAILS]
      Candidate choice=2 inlier=18 | RotErr = 2.0679 rad (118.4795 deg) | TransErr = 124.84 mm [FAILS]
      Candidate choice=3 inlier=40 | RotErr = 1.1733 rad (67.2243 deg) | TransErr = 70.29 mm [FAILS]
      Candidate choice=4 inlier=0 | RotErr = 3.0950 rad (177.3282 deg) | TransErr = 61.49 mm [FAILS]
    Alternative Pair with Shard 8 (NOT ACTIVE IN TREE):
      Candidate choice=1 inlier=34 | RotErr = 1.8885 rad (108.2024 deg) | TransErr = 4.41 mm [FAILS]
      Candidate choice=2 inlier=40 | RotErr = 2.9935 rad (171.5141 deg) | TransErr = 139.59 mm [FAILS]
      Candidate choice=3 inlier=98 | RotErr = 0.2143 rad (12.2767 deg) | TransErr = 7.14 mm [PASSES] -> Reward: +20.00
      Candidate choice=4 inlier=30 | RotErr = 2.9786 rad (170.6591 deg) | TransErr = 140.60 mm [FAILS]
    Alternative Pair with Shard 14 (NOT ACTIVE IN TREE):
      Candidate choice=1 inlier=30 | RotErr = 2.8019 rad (160.5366 deg) | TransErr = 15.28 mm [FAILS]
      Candidate choice=2 inlier=92 | RotErr = 0.2882 rad (16.5123 deg) | TransErr = 14.81 mm [FAILS]
    Alternative Pair with Shard 16 (NOT ACTIVE IN TREE):
      [No match candidates found]
    Alternative Pair with Shard 4 (NOT ACTIVE IN TREE):
      Candidate choice=1 inlier=36 | RotErr = 1.0297 rad (58.9948 deg) | TransErr = 15.30 mm [FAILS]
      Candidate choice=2 inlier=30 | RotErr = 1.1130 rad (63.7687 deg) | TransErr = 29.93 mm [FAILS]
    Alternative Pair with Shard 13 (NOT ACTIVE IN TREE):
      Candidate choice=1 inlier=0 | RotErr = 2.8287 rad (162.0731 deg) | TransErr = 21.23 mm [FAILS]
      Candidate choice=2 inlier=38 | RotErr = 3.1107 rad (178.2321 deg) | TransErr = 54.77 mm [FAILS]
      Candidate choice=3 inlier=10 | RotErr = 2.3868 rad (136.7556 deg) | TransErr = 45.80 mm [FAILS]
      Candidate choice=4 inlier=32 | RotErr = 1.1936 rad (68.3905 deg) | TransErr = 165.96 mm [FAILS]
    Alternative Pair with Shard 17 (NOT ACTIVE IN TREE):
      [No match candidates found]
    Alternative Pair with Shard 27 (NOT ACTIVE IN TREE):
      [No match candidates found]
  Shard 15 (placed by parent 9):
    Alternative Pair with Shard 1 (NOT ACTIVE IN TREE):
      Candidate choice=1 inlier=36 | RotErr = 2.6024 rad (149.1047 deg) | TransErr = 10.52 mm [FAILS]
      Candidate choice=2 inlier=44 | RotErr = 3.1192 rad (178.7164 deg) | TransErr = 48.00 mm [FAILS]
      Candidate choice=3 inlier=36 | RotErr = 2.5424 rad (145.6678 deg) | TransErr = 84.74 mm [FAILS]
      Candidate choice=4 inlier=40 | RotErr = 1.8822 rad (107.8407 deg) | TransErr = 29.44 mm [FAILS]
      Candidate choice=5 inlier=32 | RotErr = 1.7374 rad (99.5436 deg) | TransErr = 7.68 mm [FAILS]
    Alternative Pair with Shard 10 (NOT ACTIVE IN TREE):
      Candidate choice=1 inlier=38 | RotErr = 1.5841 rad (90.7609 deg) | TransErr = 26.91 mm [FAILS]
      Candidate choice=2 inlier=50 | RotErr = 1.8219 rad (104.3879 deg) | TransErr = 14.89 mm [FAILS]
      Candidate choice=3 inlier=28 | RotErr = 2.7599 rad (158.1313 deg) | TransErr = 18.87 mm [FAILS]
    Alternative Pair with Shard 23 (NOT ACTIVE IN TREE):
      Candidate choice=1 inlier=10 | RotErr = 1.7990 rad (103.0744 deg) | TransErr = 20.55 mm [FAILS]
    Alternative Pair with Shard 24 (NOT ACTIVE IN TREE):
      [No match candidates found]
    Alternative Pair with Shard 6 (NOT ACTIVE IN TREE):
      Candidate choice=1 inlier=24 | RotErr = 0.6547 rad (37.5120 deg) | TransErr = 105.10 mm [FAILS]
    Alternative Pair with Shard 21 (NOT ACTIVE IN TREE):
      Candidate choice=1 inlier=28 | RotErr = 3.0473 rad (174.5975 deg) | TransErr = 52.29 mm [FAILS]
    Alternative Pair with Shard 9 (ACTIVE IN TREE) [SKIPPED]
    Alternative Pair with Shard 12 (NOT ACTIVE IN TREE):
      Candidate choice=1 inlier=34 | RotErr = 2.1998 rad (126.0365 deg) | TransErr = 47.63 mm [FAILS]
      Candidate choice=2 inlier=46 | RotErr = 0.2514 rad (14.4063 deg) | TransErr = 23.69 mm [FAILS]
      Candidate choice=3 inlier=38 | RotErr = 0.2123 rad (12.1629 deg) | TransErr = 3.16 mm [PASSES] -> Reward: +20.00
      Candidate choice=4 inlier=50 | RotErr = 0.9296 rad (53.2603 deg) | TransErr = 41.62 mm [FAILS]
    Alternative Pair with Shard 19 (NOT ACTIVE IN TREE):
      Candidate choice=1 inlier=36 | RotErr = 2.6838 rad (153.7714 deg) | TransErr = 86.75 mm [FAILS]
      Candidate choice=2 inlier=26 | RotErr = 2.3269 rad (133.3228 deg) | TransErr = 34.38 mm [FAILS]
      Candidate choice=3 inlier=34 | RotErr = 2.5038 rad (143.4563 deg) | TransErr = 8.92 mm [FAILS]
      Candidate choice=4 inlier=46 | RotErr = 2.2990 rad (131.7240 deg) | TransErr = 41.11 mm [FAILS]
    Alternative Pair with Shard 2 (NOT ACTIVE IN TREE):
      Candidate choice=1 inlier=22 | RotErr = 0.3807 rad (21.8125 deg) | TransErr = 70.38 mm [FAILS]
    Alternative Pair with Shard 5 (NOT ACTIVE IN TREE):
      Candidate choice=1 inlier=48 | RotErr = 2.7404 rad (157.0151 deg) | TransErr = 32.64 mm [FAILS]
      Candidate choice=2 inlier=0 | RotErr = 3.1409 rad (179.9615 deg) | TransErr = 52.68 mm [FAILS]
      Candidate choice=3 inlier=34 | RotErr = 0.7371 rad (42.2319 deg) | TransErr = 33.72 mm [FAILS]
      Candidate choice=4 inlier=30 | RotErr = 0.8264 rad (47.3480 deg) | TransErr = 12.90 mm [FAILS]
    Alternative Pair with Shard 7 (NOT ACTIVE IN TREE):
      Candidate choice=1 inlier=26 | RotErr = 2.8860 rad (165.3530 deg) | TransErr = 93.63 mm [FAILS]
      Candidate choice=2 inlier=0 | RotErr = 3.0308 rad (173.6528 deg) | TransErr = 90.45 mm [FAILS]
      Candidate choice=3 inlier=24 | RotErr = 2.7806 rad (159.3168 deg) | TransErr = 84.79 mm [FAILS]
    Alternative Pair with Shard 22 (NOT ACTIVE IN TREE):
      Candidate choice=1 inlier=26 | RotErr = 0.7243 rad (41.5006 deg) | TransErr = 79.90 mm [FAILS]
      Candidate choice=2 inlier=54 | RotErr = 0.1014 rad (5.8103 deg) | TransErr = 1.07 mm [PASSES] -> Reward: +20.00
      Candidate choice=3 inlier=24 | RotErr = 1.3740 rad (78.7224 deg) | TransErr = 45.59 mm [FAILS]
    Alternative Pair with Shard 3 (NOT ACTIVE IN TREE):
      Candidate choice=1 inlier=42 | RotErr = 0.3737 rad (21.4086 deg) | TransErr = 35.79 mm [FAILS]
      Candidate choice=2 inlier=40 | RotErr = 0.4101 rad (23.4975 deg) | TransErr = 49.86 mm [FAILS]
      Candidate choice=3 inlier=50 | RotErr = 3.0548 rad (175.0296 deg) | TransErr = 128.63 mm [FAILS]
    Alternative Pair with Shard 20 (NOT ACTIVE IN TREE):
      [No match candidates found]
    Alternative Pair with Shard 25 (NOT ACTIVE IN TREE):
      [No match candidates found]
    Alternative Pair with Shard 26 (NOT ACTIVE IN TREE):
      [No match candidates found]
    Alternative Pair with Shard 11 (NOT ACTIVE IN TREE):
      Candidate choice=1 inlier=12 | RotErr = 3.0517 rad (174.8485 deg) | TransErr = 80.74 mm [FAILS]
      Candidate choice=2 inlier=14 | RotErr = 3.1253 rad (179.0672 deg) | TransErr = 80.13 mm [FAILS]
      Candidate choice=3 inlier=0 | RotErr = 3.0542 rad (174.9901 deg) | TransErr = 89.02 mm [FAILS]
      Candidate choice=4 inlier=0 | RotErr = 2.8067 rad (160.8136 deg) | TransErr = 185.38 mm [FAILS]
    Alternative Pair with Shard 18 (ACTIVE IN TREE) [SKIPPED]
    Alternative Pair with Shard 8 (NOT ACTIVE IN TREE):
      Candidate choice=1 inlier=44 | RotErr = 0.1518 rad (8.6981 deg) | TransErr = 7.68 mm [PASSES] -> Reward: +20.00
      Candidate choice=2 inlier=42 | RotErr = 0.5273 rad (30.2100 deg) | TransErr = 17.93 mm [FAILS]
      Candidate choice=3 inlier=44 | RotErr = 3.0116 rad (172.5548 deg) | TransErr = 61.93 mm [FAILS]
    Alternative Pair with Shard 14 (NOT ACTIVE IN TREE):
      Candidate choice=1 inlier=10 | RotErr = 2.9016 rad (166.2481 deg) | TransErr = 90.56 mm [FAILS]
      Candidate choice=2 inlier=0 | RotErr = 0.3759 rad (21.5373 deg) | TransErr = 185.93 mm [FAILS]
      Candidate choice=3 inlier=30 | RotErr = 3.1131 rad (178.3683 deg) | TransErr = 70.00 mm [FAILS]
    Alternative Pair with Shard 16 (NOT ACTIVE IN TREE):
      Candidate choice=1 inlier=60 | RotErr = 2.4794 rad (142.0601 deg) | TransErr = 14.14 mm [FAILS]
      Candidate choice=2 inlier=46 | RotErr = 2.1973 rad (125.8981 deg) | TransErr = 21.07 mm [FAILS]
    Alternative Pair with Shard 4 (NOT ACTIVE IN TREE):
      [No match candidates found]
    Alternative Pair with Shard 13 (NOT ACTIVE IN TREE):
      [No match candidates found]
    Alternative Pair with Shard 17 (NOT ACTIVE IN TREE):
      Candidate choice=1 inlier=14 | RotErr = 2.7842 rad (159.5201 deg) | TransErr = 83.50 mm [FAILS]
    Alternative Pair with Shard 27 (NOT ACTIVE IN TREE):
      [No match candidates found]
  Shard 22 (placed by parent 9):
    Alternative Pair with Shard 1 (NOT ACTIVE IN TREE):
      Candidate choice=1 inlier=36 | RotErr = 2.5468 rad (145.9218 deg) | TransErr = 8.20 mm [FAILS]
      Candidate choice=2 inlier=55 | RotErr = 1.2801 rad (73.3431 deg) | TransErr = 35.66 mm [FAILS]
    Alternative Pair with Shard 10 (NOT ACTIVE IN TREE):
      Candidate choice=1 inlier=0 | RotErr = 3.0282 rad (173.5019 deg) | TransErr = 28.86 mm [FAILS]
      Candidate choice=2 inlier=40 | RotErr = 2.6643 rad (152.6555 deg) | TransErr = 17.84 mm [FAILS]
      Candidate choice=3 inlier=65 | RotErr = 2.9201 rad (167.3074 deg) | TransErr = 3.32 mm [FAILS]
      Candidate choice=4 inlier=28 | RotErr = 2.3159 rad (132.6921 deg) | TransErr = 50.92 mm [FAILS]
      Candidate choice=5 inlier=22 | RotErr = 2.2257 rad (127.5240 deg) | TransErr = 91.94 mm [FAILS]
    Alternative Pair with Shard 23 (NOT ACTIVE IN TREE):
      [No match candidates found]
    Alternative Pair with Shard 24 (NOT ACTIVE IN TREE):
      [No match candidates found]
    Alternative Pair with Shard 6 (NOT ACTIVE IN TREE):
      [No match candidates found]
    Alternative Pair with Shard 21 (NOT ACTIVE IN TREE):
      Candidate choice=1 inlier=54 | RotErr = 2.6101 rad (149.5486 deg) | TransErr = 24.96 mm [FAILS]
      Candidate choice=2 inlier=0 | RotErr = 3.1135 rad (178.3915 deg) | TransErr = 79.02 mm [FAILS]
    Alternative Pair with Shard 9 (ACTIVE IN TREE) [SKIPPED]
    Alternative Pair with Shard 12 (NOT ACTIVE IN TREE):
      Candidate choice=1 inlier=55 | RotErr = 2.2104 rad (126.6472 deg) | TransErr = 26.69 mm [FAILS]
    Alternative Pair with Shard 19 (NOT ACTIVE IN TREE):
      [No match candidates found]
    Alternative Pair with Shard 2 (NOT ACTIVE IN TREE):
      [No match candidates found]
    Alternative Pair with Shard 5 (NOT ACTIVE IN TREE):
      Candidate choice=1 inlier=40 | RotErr = 1.0477 rad (60.0304 deg) | TransErr = 48.53 mm [FAILS]
      Candidate choice=2 inlier=57 | RotErr = 1.5153 rad (86.8231 deg) | TransErr = 44.23 mm [FAILS]
      Candidate choice=3 inlier=22 | RotErr = 3.0020 rad (172.0028 deg) | TransErr = 131.44 mm [FAILS]
      Candidate choice=4 inlier=51 | RotErr = 2.8769 rad (164.8339 deg) | TransErr = 130.05 mm [FAILS]
      Candidate choice=5 inlier=38 | RotErr = 0.5284 rad (30.2767 deg) | TransErr = 27.25 mm [FAILS]
      Candidate choice=6 inlier=20 | RotErr = 0.4419 rad (25.3189 deg) | TransErr = 38.06 mm [FAILS]
    Alternative Pair with Shard 7 (NOT ACTIVE IN TREE):
      Candidate choice=1 inlier=30 | RotErr = 2.9986 rad (171.8065 deg) | TransErr = 132.63 mm [FAILS]
      Candidate choice=2 inlier=18 | RotErr = 0.2932 rad (16.7990 deg) | TransErr = 22.17 mm [FAILS]
      Candidate choice=3 inlier=28 | RotErr = 0.3611 rad (20.6893 deg) | TransErr = 7.53 mm [FAILS]
    Alternative Pair with Shard 15 (NOT ACTIVE IN TREE):
      Candidate choice=1 inlier=26 | RotErr = 0.7243 rad (41.5006 deg) | TransErr = 79.90 mm [FAILS]
      Candidate choice=2 inlier=54 | RotErr = 0.1014 rad (5.8103 deg) | TransErr = 1.07 mm [PASSES] -> Reward: +20.00
      Candidate choice=3 inlier=24 | RotErr = 1.3740 rad (78.7224 deg) | TransErr = 45.59 mm [FAILS]
    Alternative Pair with Shard 3 (NOT ACTIVE IN TREE):
      Candidate choice=1 inlier=34 | RotErr = 2.9595 rad (169.5654 deg) | TransErr = 135.24 mm [FAILS]
      Candidate choice=2 inlier=47 | RotErr = 2.9993 rad (171.8474 deg) | TransErr = 132.48 mm [FAILS]
    Alternative Pair with Shard 20 (NOT ACTIVE IN TREE):
      Candidate choice=1 inlier=28 | RotErr = 1.9491 rad (111.6726 deg) | TransErr = 30.00 mm [FAILS]
    Alternative Pair with Shard 25 (NOT ACTIVE IN TREE):
      [No match candidates found]
    Alternative Pair with Shard 26 (NOT ACTIVE IN TREE):
      [No match candidates found]
    Alternative Pair with Shard 11 (NOT ACTIVE IN TREE):
      Candidate choice=1 inlier=24 | RotErr = 1.1161 rad (63.9497 deg) | TransErr = 23.57 mm [FAILS]
      Candidate choice=2 inlier=4 | RotErr = 3.0428 rad (174.3373 deg) | TransErr = 198.58 mm [FAILS]
    Alternative Pair with Shard 18 (NOT ACTIVE IN TREE):
      Candidate choice=1 inlier=34 | RotErr = 1.5579 rad (89.2607 deg) | TransErr = 86.91 mm [FAILS]
      Candidate choice=2 inlier=36 | RotErr = 1.7017 rad (97.5004 deg) | TransErr = 107.14 mm [FAILS]
    Alternative Pair with Shard 8 (NOT ACTIVE IN TREE):
      Candidate choice=1 inlier=28 | RotErr = 3.0010 rad (171.9458 deg) | TransErr = 132.72 mm [FAILS]
      Candidate choice=2 inlier=36 | RotErr = 1.4924 rad (85.5081 deg) | TransErr = 23.91 mm [FAILS]
      Candidate choice=3 inlier=53 | RotErr = 0.3333 rad (19.0982 deg) | TransErr = 13.48 mm [FAILS]
      Candidate choice=4 inlier=40 | RotErr = 0.3015 rad (17.2736 deg) | TransErr = 11.45 mm [FAILS]
    Alternative Pair with Shard 14 (NOT ACTIVE IN TREE):
      [No match candidates found]
    Alternative Pair with Shard 16 (NOT ACTIVE IN TREE):
      [No match candidates found]
    Alternative Pair with Shard 4 (NOT ACTIVE IN TREE):
      Candidate choice=1 inlier=38 | RotErr = 3.0043 rad (172.1359 deg) | TransErr = 115.67 mm [FAILS]
    Alternative Pair with Shard 13 (NOT ACTIVE IN TREE):
      [No match candidates found]
    Alternative Pair with Shard 17 (NOT ACTIVE IN TREE):
      [No match candidates found]
    Alternative Pair with Shard 27 (NOT ACTIVE IN TREE):
      [No match candidates found]
  Shard 3 (placed by parent 12):
    Alternative Pair with Shard 1 (NOT ACTIVE IN TREE):
      Candidate choice=1 inlier=38 | RotErr = 1.4720 rad (84.3374 deg) | TransErr = 32.59 mm [FAILS]
      Candidate choice=2 inlier=52 | RotErr = 3.0603 rad (175.3414 deg) | TransErr = 121.54 mm [FAILS]
      Candidate choice=3 inlier=40 | RotErr = 2.8331 rad (162.3241 deg) | TransErr = 40.36 mm [FAILS]
    Alternative Pair with Shard 10 (NOT ACTIVE IN TREE):
      Candidate choice=1 inlier=40 | RotErr = 0.5181 rad (29.6824 deg) | TransErr = 26.14 mm [FAILS]
      Candidate choice=2 inlier=40 | RotErr = 2.1583 rad (123.6621 deg) | TransErr = 45.60 mm [FAILS]
      Candidate choice=3 inlier=12 | RotErr = 3.1275 rad (179.1912 deg) | TransErr = 50.17 mm [FAILS]
    Alternative Pair with Shard 23 (NOT ACTIVE IN TREE):
      Candidate choice=1 inlier=16 | RotErr = 2.9382 rad (168.3459 deg) | TransErr = 12.78 mm [FAILS]
      Candidate choice=2 inlier=38 | RotErr = 2.9096 rad (166.7077 deg) | TransErr = 96.44 mm [FAILS]
    Alternative Pair with Shard 24 (NOT ACTIVE IN TREE):
      [No match candidates found]
    Alternative Pair with Shard 6 (NOT ACTIVE IN TREE):
      Candidate choice=1 inlier=34 | RotErr = 2.9241 rad (167.5374 deg) | TransErr = 35.73 mm [FAILS]
    Alternative Pair with Shard 21 (NOT ACTIVE IN TREE):
      Candidate choice=1 inlier=46 | RotErr = 2.0812 rad (119.2416 deg) | TransErr = 9.59 mm [FAILS]
      Candidate choice=2 inlier=24 | RotErr = 3.0355 rad (173.9216 deg) | TransErr = 146.63 mm [FAILS]
      Candidate choice=3 inlier=24 | RotErr = 3.0582 rad (175.2212 deg) | TransErr = 158.38 mm [FAILS]
    Alternative Pair with Shard 9 (NOT ACTIVE IN TREE):
      Candidate choice=1 inlier=34 | RotErr = 1.2603 rad (72.2090 deg) | TransErr = 46.97 mm [FAILS]
      Candidate choice=2 inlier=30 | RotErr = 2.8627 rad (164.0178 deg) | TransErr = 134.48 mm [FAILS]
    Alternative Pair with Shard 12 (ACTIVE IN TREE) [SKIPPED]
    Alternative Pair with Shard 19 (NOT ACTIVE IN TREE):
      Candidate choice=1 inlier=53 | RotErr = 2.9233 rad (167.4936 deg) | TransErr = 27.90 mm [FAILS]
      Candidate choice=2 inlier=0 | RotErr = 3.1065 rad (177.9903 deg) | TransErr = 141.61 mm [FAILS]
      Candidate choice=3 inlier=44 | RotErr = 2.9935 rad (171.5135 deg) | TransErr = 143.55 mm [FAILS]
    Alternative Pair with Shard 2 (NOT ACTIVE IN TREE):
      [No match candidates found]
    Alternative Pair with Shard 5 (NOT ACTIVE IN TREE):
      Candidate choice=1 inlier=68 | RotErr = 1.9128 rad (109.5965 deg) | TransErr = 7.59 mm [FAILS]
    Alternative Pair with Shard 7 (NOT ACTIVE IN TREE):
      Candidate choice=1 inlier=30 | RotErr = 2.7829 rad (159.4471 deg) | TransErr = 104.17 mm [FAILS]
      Candidate choice=2 inlier=76 | RotErr = 1.2708 rad (72.8106 deg) | TransErr = 21.87 mm [FAILS]
      Candidate choice=3 inlier=40 | RotErr = 1.1486 rad (65.8101 deg) | TransErr = 10.09 mm [FAILS]
    Alternative Pair with Shard 15 (NOT ACTIVE IN TREE):
      Candidate choice=1 inlier=42 | RotErr = 0.3737 rad (21.4086 deg) | TransErr = 35.79 mm [FAILS]
      Candidate choice=2 inlier=40 | RotErr = 0.4101 rad (23.4975 deg) | TransErr = 49.86 mm [FAILS]
      Candidate choice=3 inlier=50 | RotErr = 3.0548 rad (175.0296 deg) | TransErr = 128.63 mm [FAILS]
    Alternative Pair with Shard 22 (NOT ACTIVE IN TREE):
      Candidate choice=1 inlier=34 | RotErr = 2.9595 rad (169.5654 deg) | TransErr = 135.24 mm [FAILS]
      Candidate choice=2 inlier=47 | RotErr = 2.9993 rad (171.8474 deg) | TransErr = 132.48 mm [FAILS]
    Alternative Pair with Shard 20 (NOT ACTIVE IN TREE):
      Candidate choice=1 inlier=42 | RotErr = 1.7851 rad (102.2799 deg) | TransErr = 19.13 mm [FAILS]
    Alternative Pair with Shard 25 (NOT ACTIVE IN TREE):
      [No match candidates found]
    Alternative Pair with Shard 26 (NOT ACTIVE IN TREE):
      [No match candidates found]
    Alternative Pair with Shard 11 (NOT ACTIVE IN TREE):
      Candidate choice=1 inlier=6 | RotErr = 3.0017 rad (171.9864 deg) | TransErr = 118.04 mm [FAILS]
      Candidate choice=2 inlier=0 | RotErr = 2.7181 rad (155.7366 deg) | TransErr = 58.89 mm [FAILS]
      Candidate choice=3 inlier=46 | RotErr = 2.9946 rad (171.5751 deg) | TransErr = 17.94 mm [FAILS]
      Candidate choice=4 inlier=72 | RotErr = 2.8652 rad (164.1621 deg) | TransErr = 16.55 mm [FAILS]
    Alternative Pair with Shard 18 (NOT ACTIVE IN TREE):
      Candidate choice=1 inlier=36 | RotErr = 2.9638 rad (169.8104 deg) | TransErr = 75.73 mm [FAILS]
    Alternative Pair with Shard 8 (ACTIVE IN TREE) [SKIPPED]
    Alternative Pair with Shard 14 (ACTIVE IN TREE) [SKIPPED]
    Alternative Pair with Shard 16 (ACTIVE IN TREE) [SKIPPED]
    Alternative Pair with Shard 4 (NOT ACTIVE IN TREE):
      Candidate choice=1 inlier=38 | RotErr = 2.8315 rad (162.2353 deg) | TransErr = 126.97 mm [FAILS]
      Candidate choice=2 inlier=46 | RotErr = 2.9000 rad (166.1573 deg) | TransErr = 136.17 mm [FAILS]
      Candidate choice=3 inlier=14 | RotErr = 2.6917 rad (154.2256 deg) | TransErr = 118.08 mm [FAILS]
      Candidate choice=4 inlier=32 | RotErr = 2.4733 rad (141.7109 deg) | TransErr = 17.51 mm [FAILS]
      Candidate choice=5 inlier=68 | RotErr = 0.8044 rad (46.0868 deg) | TransErr = 20.98 mm [FAILS]
    Alternative Pair with Shard 13 (NOT ACTIVE IN TREE):
      [No match candidates found]
    Alternative Pair with Shard 17 (NOT ACTIVE IN TREE):
      Candidate choice=1 inlier=79 | RotErr = 0.0826 rad (4.7305 deg) | TransErr = 4.89 mm [PASSES] -> Reward: +20.00
    Alternative Pair with Shard 27 (NOT ACTIVE IN TREE):
      [No match candidates found]
  Shard 20 (placed by parent 19):
    Alternative Pair with Shard 1 (NOT ACTIVE IN TREE):
      Candidate choice=1 inlier=36 | RotErr = 3.0797 rad (176.4542 deg) | TransErr = 116.83 mm [FAILS]
      Candidate choice=2 inlier=38 | RotErr = 0.2042 rad (11.6992 deg) | TransErr = 15.16 mm [FAILS]
      Candidate choice=3 inlier=40 | RotErr = 2.9929 rad (171.4801 deg) | TransErr = 142.26 mm [FAILS]
      Candidate choice=4 inlier=38 | RotErr = 3.1245 rad (179.0213 deg) | TransErr = 91.54 mm [FAILS]
    Alternative Pair with Shard 10 (NOT ACTIVE IN TREE):
      Candidate choice=1 inlier=20 | RotErr = 2.0531 rad (117.6323 deg) | TransErr = 130.42 mm [FAILS]
      Candidate choice=2 inlier=22 | RotErr = 3.0840 rad (176.6996 deg) | TransErr = 66.74 mm [FAILS]
    Alternative Pair with Shard 23 (NOT ACTIVE IN TREE):
      Candidate choice=1 inlier=22 | RotErr = 3.0730 rad (176.0702 deg) | TransErr = 108.17 mm [FAILS]
      Candidate choice=2 inlier=30 | RotErr = 3.0213 rad (173.1072 deg) | TransErr = 106.51 mm [FAILS]
      Candidate choice=3 inlier=28 | RotErr = 2.8824 rad (165.1466 deg) | TransErr = 94.61 mm [FAILS]
      Candidate choice=4 inlier=40 | RotErr = 0.8278 rad (47.4268 deg) | TransErr = 68.54 mm [FAILS]
    Alternative Pair with Shard 24 (NOT ACTIVE IN TREE):
      Candidate choice=1 inlier=26 | RotErr = 2.9247 rad (167.5709 deg) | TransErr = 92.12 mm [FAILS]
    Alternative Pair with Shard 6 (NOT ACTIVE IN TREE):
      [No match candidates found]
    Alternative Pair with Shard 21 (NOT ACTIVE IN TREE):
      Candidate choice=1 inlier=40 | RotErr = 3.1206 rad (178.7985 deg) | TransErr = 143.72 mm [FAILS]
    Alternative Pair with Shard 9 (NOT ACTIVE IN TREE):
      Candidate choice=1 inlier=34 | RotErr = 2.8513 rad (163.3701 deg) | TransErr = 82.32 mm [FAILS]
      Candidate choice=2 inlier=20 | RotErr = 2.8251 rad (161.8692 deg) | TransErr = 59.61 mm [FAILS]
      Candidate choice=3 inlier=26 | RotErr = 1.4964 rad (85.7402 deg) | TransErr = 12.86 mm [FAILS]
    Alternative Pair with Shard 12 (NOT ACTIVE IN TREE):
      Candidate choice=1 inlier=32 | RotErr = 3.0428 rad (174.3372 deg) | TransErr = 117.05 mm [FAILS]
    Alternative Pair with Shard 19 (ACTIVE IN TREE) [SKIPPED]
    Alternative Pair with Shard 2 (NOT ACTIVE IN TREE):
      [No match candidates found]
    Alternative Pair with Shard 5 (NOT ACTIVE IN TREE):
      Candidate choice=1 inlier=38 | RotErr = 1.2106 rad (69.3610 deg) | TransErr = 31.11 mm [FAILS]
      Candidate choice=2 inlier=24 | RotErr = 1.6252 rad (93.1156 deg) | TransErr = 21.64 mm [FAILS]
    Alternative Pair with Shard 7 (NOT ACTIVE IN TREE):
      Candidate choice=1 inlier=40 | RotErr = 0.9604 rad (55.0253 deg) | TransErr = 5.12 mm [FAILS]
      Candidate choice=2 inlier=44 | RotErr = 3.0950 rad (177.3297 deg) | TransErr = 152.43 mm [FAILS]
      Candidate choice=3 inlier=22 | RotErr = 2.3815 rad (136.4498 deg) | TransErr = 14.09 mm [FAILS]
      Candidate choice=4 inlier=36 | RotErr = 2.5825 rad (147.9684 deg) | TransErr = 157.10 mm [FAILS]
      Candidate choice=5 inlier=0 | RotErr = 3.0987 rad (177.5398 deg) | TransErr = 201.99 mm [FAILS]
    Alternative Pair with Shard 15 (NOT ACTIVE IN TREE):
      [No match candidates found]
    Alternative Pair with Shard 22 (NOT ACTIVE IN TREE):
      Candidate choice=1 inlier=28 | RotErr = 1.9491 rad (111.6726 deg) | TransErr = 30.00 mm [FAILS]
    Alternative Pair with Shard 3 (NOT ACTIVE IN TREE):
      Candidate choice=1 inlier=42 | RotErr = 1.7851 rad (102.2799 deg) | TransErr = 19.13 mm [FAILS]
    Alternative Pair with Shard 25 (NOT ACTIVE IN TREE):
      [No match candidates found]
    Alternative Pair with Shard 26 (NOT ACTIVE IN TREE):
      Candidate choice=1 inlier=24 | RotErr = 1.7521 rad (100.3881 deg) | TransErr = 101.88 mm [FAILS]
      Candidate choice=2 inlier=18 | RotErr = 3.0428 rad (174.3387 deg) | TransErr = 52.05 mm [FAILS]
    Alternative Pair with Shard 11 (NOT ACTIVE IN TREE):
      Candidate choice=1 inlier=36 | RotErr = 3.0718 rad (176.0000 deg) | TransErr = 146.75 mm [FAILS]
      Candidate choice=2 inlier=0 | RotErr = 2.9238 rad (167.5199 deg) | TransErr = 22.10 mm [FAILS]
      Candidate choice=3 inlier=28 | RotErr = 0.2485 rad (14.2379 deg) | TransErr = 11.39 mm [FAILS]
    Alternative Pair with Shard 18 (NOT ACTIVE IN TREE):
      Candidate choice=1 inlier=56 | RotErr = 2.6370 rad (151.0873 deg) | TransErr = 89.42 mm [FAILS]
      Candidate choice=2 inlier=14 | RotErr = 3.1409 rad (179.9613 deg) | TransErr = 81.29 mm [FAILS]
    Alternative Pair with Shard 8 (NOT ACTIVE IN TREE):
      Candidate choice=1 inlier=22 | RotErr = 1.5472 rad (88.6495 deg) | TransErr = 14.71 mm [FAILS]
      Candidate choice=2 inlier=55 | RotErr = 3.1387 rad (179.8334 deg) | TransErr = 140.49 mm [FAILS]
      Candidate choice=3 inlier=49 | RotErr = 2.9323 rad (168.0056 deg) | TransErr = 145.53 mm [FAILS]
    Alternative Pair with Shard 14 (NOT ACTIVE IN TREE):
      Candidate choice=1 inlier=26 | RotErr = 2.5212 rad (144.4559 deg) | TransErr = 29.54 mm [FAILS]
      Candidate choice=2 inlier=34 | RotErr = 2.3301 rad (133.5022 deg) | TransErr = 24.19 mm [FAILS]
      Candidate choice=3 inlier=36 | RotErr = 2.8766 rad (164.8173 deg) | TransErr = 15.30 mm [FAILS]
    Alternative Pair with Shard 16 (NOT ACTIVE IN TREE):
      Candidate choice=1 inlier=0 | RotErr = 2.7811 rad (159.3455 deg) | TransErr = 63.64 mm [FAILS]
      Candidate choice=2 inlier=24 | RotErr = 3.0820 rad (176.5836 deg) | TransErr = 141.80 mm [FAILS]
    Alternative Pair with Shard 4 (ACTIVE IN TREE) [SKIPPED]
    Alternative Pair with Shard 13 (NOT ACTIVE IN TREE):
      [No match candidates found]
    Alternative Pair with Shard 17 (NOT ACTIVE IN TREE):
      Candidate choice=1 inlier=30 | RotErr = 1.3731 rad (78.6714 deg) | TransErr = 16.66 mm [FAILS]
    Alternative Pair with Shard 27 (NOT ACTIVE IN TREE):
      [No match candidates found]
  Shard 25 (placed by parent 2):
    Alternative Pair with Shard 1 (NOT ACTIVE IN TREE):
      [No match candidates found]
    Alternative Pair with Shard 10 (NOT ACTIVE IN TREE):
      [No match candidates found]
    Alternative Pair with Shard 23 (NOT ACTIVE IN TREE):
      [No match candidates found]
    Alternative Pair with Shard 24 (NOT ACTIVE IN TREE):
      [No match candidates found]
    Alternative Pair with Shard 6 (NOT ACTIVE IN TREE):
      [No match candidates found]
    Alternative Pair with Shard 21 (NOT ACTIVE IN TREE):
      [No match candidates found]
    Alternative Pair with Shard 9 (NOT ACTIVE IN TREE):
      [No match candidates found]
    Alternative Pair with Shard 12 (NOT ACTIVE IN TREE):
      [No match candidates found]
    Alternative Pair with Shard 19 (NOT ACTIVE IN TREE):
      [No match candidates found]
    Alternative Pair with Shard 2 (ACTIVE IN TREE) [SKIPPED]
    Alternative Pair with Shard 5 (NOT ACTIVE IN TREE):
      [No match candidates found]
    Alternative Pair with Shard 7 (NOT ACTIVE IN TREE):
      [No match candidates found]
    Alternative Pair with Shard 15 (NOT ACTIVE IN TREE):
      [No match candidates found]
    Alternative Pair with Shard 22 (NOT ACTIVE IN TREE):
      [No match candidates found]
    Alternative Pair with Shard 3 (NOT ACTIVE IN TREE):
      [No match candidates found]
    Alternative Pair with Shard 20 (NOT ACTIVE IN TREE):
      [No match candidates found]
    Alternative Pair with Shard 26 (NOT ACTIVE IN TREE):
      [No match candidates found]
    Alternative Pair with Shard 11 (NOT ACTIVE IN TREE):
      [No match candidates found]
    Alternative Pair with Shard 18 (NOT ACTIVE IN TREE):
      [No match candidates found]
    Alternative Pair with Shard 8 (NOT ACTIVE IN TREE):
      [No match candidates found]
    Alternative Pair with Shard 14 (NOT ACTIVE IN TREE):
      [No match candidates found]
    Alternative Pair with Shard 16 (NOT ACTIVE IN TREE):
      [No match candidates found]
    Alternative Pair with Shard 4 (NOT ACTIVE IN TREE):
      [No match candidates found]
    Alternative Pair with Shard 13 (NOT ACTIVE IN TREE):
      Candidate choice=1 inlier=16 | RotErr = 2.0109 rad (115.2161 deg) | TransErr = 97.59 mm [FAILS]
      Candidate choice=2 inlier=12 | RotErr = 0.3956 rad (22.6683 deg) | TransErr = 28.50 mm [FAILS]
    Alternative Pair with Shard 17 (NOT ACTIVE IN TREE):
      [No match candidates found]
    Alternative Pair with Shard 27 (NOT ACTIVE IN TREE):
      Candidate choice=1 inlier=22 | RotErr = 2.9879 rad (171.1964 deg) | TransErr = 54.19 mm [FAILS]
  Shard 26 (placed by parent 2):
    Alternative Pair with Shard 1 (NOT ACTIVE IN TREE):
      Candidate choice=1 inlier=49 | RotErr = 2.7076 rad (155.1368 deg) | TransErr = 17.32 mm [FAILS]
      Candidate choice=2 inlier=20 | RotErr = 2.2893 rad (131.1680 deg) | TransErr = 112.03 mm [FAILS]
      Candidate choice=3 inlier=26 | RotErr = 2.7010 rad (154.7538 deg) | TransErr = 45.54 mm [FAILS]
      Candidate choice=4 inlier=41 | RotErr = 1.5224 rad (87.2298 deg) | TransErr = 18.96 mm [FAILS]
      Candidate choice=5 inlier=36 | RotErr = 2.6707 rad (153.0184 deg) | TransErr = 65.87 mm [FAILS]
    Alternative Pair with Shard 10 (NOT ACTIVE IN TREE):
      Candidate choice=1 inlier=30 | RotErr = 2.6701 rad (152.9850 deg) | TransErr = 32.72 mm [FAILS]
      Candidate choice=2 inlier=43 | RotErr = 2.7063 rad (155.0617 deg) | TransErr = 6.59 mm [FAILS]
      Candidate choice=3 inlier=28 | RotErr = 2.8468 rad (163.1070 deg) | TransErr = 19.37 mm [FAILS]
    Alternative Pair with Shard 23 (NOT ACTIVE IN TREE):
      [No match candidates found]
    Alternative Pair with Shard 24 (NOT ACTIVE IN TREE):
      [No match candidates found]
    Alternative Pair with Shard 6 (NOT ACTIVE IN TREE):
      Candidate choice=1 inlier=18 | RotErr = 1.5239 rad (87.3110 deg) | TransErr = 57.41 mm [FAILS]
      Candidate choice=2 inlier=24 | RotErr = 3.0344 rad (173.8574 deg) | TransErr = 111.49 mm [FAILS]
    Alternative Pair with Shard 21 (NOT ACTIVE IN TREE):
      Candidate choice=1 inlier=16 | RotErr = 2.7643 rad (158.3828 deg) | TransErr = 98.68 mm [FAILS]
    Alternative Pair with Shard 9 (NOT ACTIVE IN TREE):
      Candidate choice=1 inlier=36 | RotErr = 3.0122 rad (172.5891 deg) | TransErr = 75.57 mm [FAILS]
      Candidate choice=2 inlier=47 | RotErr = 0.2171 rad (12.4369 deg) | TransErr = 18.50 mm [FAILS]
      Candidate choice=3 inlier=65 | RotErr = 0.0381 rad (2.1842 deg) | TransErr = 1.08 mm [PASSES] -> Reward: +20.00
      Candidate choice=4 inlier=16 | RotErr = 2.8663 rad (164.2270 deg) | TransErr = 146.23 mm [FAILS]
      Candidate choice=5 inlier=34 | RotErr = 3.0080 rad (172.3436 deg) | TransErr = 105.98 mm [FAILS]
    Alternative Pair with Shard 12 (NOT ACTIVE IN TREE):
      Candidate choice=1 inlier=58 | RotErr = 2.8861 rad (165.3619 deg) | TransErr = 84.57 mm [FAILS]
      Candidate choice=2 inlier=22 | RotErr = 2.9370 rad (168.2802 deg) | TransErr = 152.78 mm [FAILS]
      Candidate choice=3 inlier=22 | RotErr = 1.5150 rad (86.8026 deg) | TransErr = 43.29 mm [FAILS]
    Alternative Pair with Shard 19 (NOT ACTIVE IN TREE):
      Candidate choice=1 inlier=20 | RotErr = 2.7876 rad (159.7184 deg) | TransErr = 39.53 mm [FAILS]
      Candidate choice=2 inlier=28 | RotErr = 2.2045 rad (126.3085 deg) | TransErr = 99.17 mm [FAILS]
    Alternative Pair with Shard 2 (ACTIVE IN TREE) [SKIPPED]
    Alternative Pair with Shard 5 (NOT ACTIVE IN TREE):
      Candidate choice=1 inlier=20 | RotErr = 1.8775 rad (107.5753 deg) | TransErr = 104.66 mm [FAILS]
      Candidate choice=2 inlier=24 | RotErr = 2.8406 rad (162.7554 deg) | TransErr = 55.49 mm [FAILS]
      Candidate choice=3 inlier=20 | RotErr = 2.9062 rad (166.5157 deg) | TransErr = 49.51 mm [FAILS]
    Alternative Pair with Shard 7 (NOT ACTIVE IN TREE):
      Candidate choice=1 inlier=18 | RotErr = 0.8221 rad (47.1015 deg) | TransErr = 105.34 mm [FAILS]
      Candidate choice=2 inlier=22 | RotErr = 2.8249 rad (161.8575 deg) | TransErr = 61.96 mm [FAILS]
      Candidate choice=3 inlier=34 | RotErr = 2.9238 rad (167.5217 deg) | TransErr = 41.02 mm [FAILS]
    Alternative Pair with Shard 15 (NOT ACTIVE IN TREE):
      [No match candidates found]
    Alternative Pair with Shard 22 (NOT ACTIVE IN TREE):
      [No match candidates found]
    Alternative Pair with Shard 3 (NOT ACTIVE IN TREE):
      [No match candidates found]
    Alternative Pair with Shard 20 (NOT ACTIVE IN TREE):
      Candidate choice=1 inlier=24 | RotErr = 1.7521 rad (100.3881 deg) | TransErr = 101.88 mm [FAILS]
      Candidate choice=2 inlier=18 | RotErr = 3.0428 rad (174.3387 deg) | TransErr = 52.05 mm [FAILS]
    Alternative Pair with Shard 25 (NOT ACTIVE IN TREE):
      [No match candidates found]
    Alternative Pair with Shard 11 (NOT ACTIVE IN TREE):
      Candidate choice=1 inlier=14 | RotErr = 1.5792 rad (90.4794 deg) | TransErr = 196.56 mm [FAILS]
    Alternative Pair with Shard 18 (NOT ACTIVE IN TREE):
      Candidate choice=1 inlier=54 | RotErr = 3.1036 rad (177.8211 deg) | TransErr = 74.86 mm [FAILS]
      Candidate choice=2 inlier=49 | RotErr = 0.0877 rad (5.0237 deg) | TransErr = 5.88 mm [PASSES] -> Reward: +20.00
      Candidate choice=3 inlier=45 | RotErr = 2.9247 rad (167.5714 deg) | TransErr = 65.48 mm [FAILS]
    Alternative Pair with Shard 8 (NOT ACTIVE IN TREE):
      Candidate choice=1 inlier=22 | RotErr = 0.3915 rad (22.4315 deg) | TransErr = 107.49 mm [FAILS]
      Candidate choice=2 inlier=26 | RotErr = 3.0852 rad (176.7708 deg) | TransErr = 32.30 mm [FAILS]
    Alternative Pair with Shard 14 (NOT ACTIVE IN TREE):
      Candidate choice=1 inlier=6 | RotErr = 1.2356 rad (70.7958 deg) | TransErr = 210.65 mm [FAILS]
    Alternative Pair with Shard 16 (NOT ACTIVE IN TREE):
      [No match candidates found]
    Alternative Pair with Shard 4 (NOT ACTIVE IN TREE):
      [No match candidates found]
    Alternative Pair with Shard 13 (NOT ACTIVE IN TREE):
      Candidate choice=1 inlier=28 | RotErr = 3.0285 rad (173.5176 deg) | TransErr = 123.81 mm [FAILS]
      Candidate choice=2 inlier=34 | RotErr = 0.1649 rad (9.4462 deg) | TransErr = 7.43 mm [PASSES] -> Reward: +20.00
    Alternative Pair with Shard 17 (NOT ACTIVE IN TREE):
      Candidate choice=1 inlier=34 | RotErr = 2.7485 rad (157.4790 deg) | TransErr = 120.22 mm [FAILS]
    Alternative Pair with Shard 27 (NOT ACTIVE IN TREE):
      [No match candidates found]
  Shard 11 (placed by parent 5):
    Alternative Pair with Shard 1 (NOT ACTIVE IN TREE):
      Candidate choice=1 inlier=0 | RotErr = 0.4666 rad (26.7317 deg) | TransErr = 207.21 mm [FAILS]
      Candidate choice=2 inlier=30 | RotErr = 3.0404 rad (174.2036 deg) | TransErr = 133.27 mm [FAILS]
      Candidate choice=3 inlier=22 | RotErr = 3.0100 rad (172.4599 deg) | TransErr = 85.64 mm [FAILS]
    Alternative Pair with Shard 10 (NOT ACTIVE IN TREE):
      [No match candidates found]
    Alternative Pair with Shard 23 (NOT ACTIVE IN TREE):
      Candidate choice=1 inlier=28 | RotErr = 2.9662 rad (169.9516 deg) | TransErr = 88.39 mm [FAILS]
    Alternative Pair with Shard 24 (NOT ACTIVE IN TREE):
      [No match candidates found]
    Alternative Pair with Shard 6 (NOT ACTIVE IN TREE):
      Candidate choice=1 inlier=0 | RotErr = 1.3300 rad (76.2037 deg) | TransErr = 261.52 mm [FAILS]
      Candidate choice=2 inlier=24 | RotErr = 3.0573 rad (175.1712 deg) | TransErr = 13.45 mm [FAILS]
    Alternative Pair with Shard 21 (NOT ACTIVE IN TREE):
      [No match candidates found]
    Alternative Pair with Shard 9 (NOT ACTIVE IN TREE):
      Candidate choice=1 inlier=26 | RotErr = 2.9765 rad (170.5390 deg) | TransErr = 74.02 mm [FAILS]
      Candidate choice=2 inlier=0 | RotErr = 1.7106 rad (98.0088 deg) | TransErr = 212.45 mm [FAILS]
      Candidate choice=3 inlier=0 | RotErr = 1.3637 rad (78.1337 deg) | TransErr = 37.85 mm [FAILS]
      Candidate choice=4 inlier=4 | RotErr = 2.9158 rad (167.0608 deg) | TransErr = 192.99 mm [FAILS]
    Alternative Pair with Shard 12 (NOT ACTIVE IN TREE):
      [No match candidates found]
    Alternative Pair with Shard 19 (NOT ACTIVE IN TREE):
      Candidate choice=1 inlier=40 | RotErr = 1.5290 rad (87.6043 deg) | TransErr = 18.19 mm [FAILS]
      Candidate choice=2 inlier=42 | RotErr = 2.7842 rad (159.5217 deg) | TransErr = 126.24 mm [FAILS]
    Alternative Pair with Shard 2 (NOT ACTIVE IN TREE):
      Candidate choice=1 inlier=32 | RotErr = 3.0195 rad (173.0038 deg) | TransErr = 27.29 mm [FAILS]
      Candidate choice=2 inlier=0 | RotErr = 2.5667 rad (147.0608 deg) | TransErr = 78.95 mm [FAILS]
      Candidate choice=3 inlier=14 | RotErr = 1.3837 rad (79.2776 deg) | TransErr = 172.77 mm [FAILS]
    Alternative Pair with Shard 5 (ACTIVE IN TREE) [SKIPPED]
    Alternative Pair with Shard 7 (NOT ACTIVE IN TREE):
      Candidate choice=1 inlier=107 | RotErr = 0.1042 rad (5.9712 deg) | TransErr = 7.34 mm [PASSES] -> Reward: +20.00
      Candidate choice=2 inlier=61 | RotErr = 2.7311 rad (156.4824 deg) | TransErr = 12.32 mm [FAILS]
    Alternative Pair with Shard 15 (NOT ACTIVE IN TREE):
      Candidate choice=1 inlier=12 | RotErr = 3.0517 rad (174.8485 deg) | TransErr = 80.74 mm [FAILS]
      Candidate choice=2 inlier=14 | RotErr = 3.1253 rad (179.0672 deg) | TransErr = 80.13 mm [FAILS]
      Candidate choice=3 inlier=0 | RotErr = 3.0542 rad (174.9901 deg) | TransErr = 89.02 mm [FAILS]
      Candidate choice=4 inlier=0 | RotErr = 2.8067 rad (160.8136 deg) | TransErr = 185.38 mm [FAILS]
    Alternative Pair with Shard 22 (NOT ACTIVE IN TREE):
      Candidate choice=1 inlier=24 | RotErr = 1.1161 rad (63.9497 deg) | TransErr = 23.57 mm [FAILS]
      Candidate choice=2 inlier=4 | RotErr = 3.0428 rad (174.3373 deg) | TransErr = 198.58 mm [FAILS]
    Alternative Pair with Shard 3 (NOT ACTIVE IN TREE):
      Candidate choice=1 inlier=6 | RotErr = 3.0017 rad (171.9864 deg) | TransErr = 118.04 mm [FAILS]
      Candidate choice=2 inlier=0 | RotErr = 2.7181 rad (155.7366 deg) | TransErr = 58.89 mm [FAILS]
      Candidate choice=3 inlier=46 | RotErr = 2.9946 rad (171.5751 deg) | TransErr = 17.94 mm [FAILS]
      Candidate choice=4 inlier=72 | RotErr = 2.8652 rad (164.1621 deg) | TransErr = 16.55 mm [FAILS]
    Alternative Pair with Shard 20 (NOT ACTIVE IN TREE):
      Candidate choice=1 inlier=36 | RotErr = 3.0718 rad (176.0000 deg) | TransErr = 146.75 mm [FAILS]
      Candidate choice=2 inlier=0 | RotErr = 2.9238 rad (167.5199 deg) | TransErr = 22.10 mm [FAILS]
      Candidate choice=3 inlier=28 | RotErr = 0.2485 rad (14.2379 deg) | TransErr = 11.39 mm [FAILS]
    Alternative Pair with Shard 25 (NOT ACTIVE IN TREE):
      [No match candidates found]
    Alternative Pair with Shard 26 (NOT ACTIVE IN TREE):
      Candidate choice=1 inlier=14 | RotErr = 1.5792 rad (90.4794 deg) | TransErr = 196.56 mm [FAILS]
    Alternative Pair with Shard 18 (NOT ACTIVE IN TREE):
      [No match candidates found]
    Alternative Pair with Shard 8 (NOT ACTIVE IN TREE):
      Candidate choice=1 inlier=64 | RotErr = 2.2908 rad (131.2544 deg) | TransErr = 19.76 mm [FAILS]
      Candidate choice=2 inlier=32 | RotErr = 2.5569 rad (146.4979 deg) | TransErr = 10.60 mm [FAILS]
      Candidate choice=3 inlier=26 | RotErr = 3.0460 rad (174.5203 deg) | TransErr = 140.21 mm [FAILS]
      Candidate choice=4 inlier=74 | RotErr = 2.8756 rad (164.7589 deg) | TransErr = 126.91 mm [FAILS]
    Alternative Pair with Shard 14 (NOT ACTIVE IN TREE):
      Candidate choice=1 inlier=0 | RotErr = 3.0864 rad (176.8405 deg) | TransErr = 179.53 mm [FAILS]
      Candidate choice=2 inlier=26 | RotErr = 2.1895 rad (125.4517 deg) | TransErr = 8.90 mm [FAILS]
      Candidate choice=3 inlier=0 | RotErr = 3.1328 rad (179.4949 deg) | TransErr = 282.72 mm [FAILS]
      Candidate choice=4 inlier=76 | RotErr = 1.7176 rad (98.4087 deg) | TransErr = 17.20 mm [FAILS]
    Alternative Pair with Shard 16 (NOT ACTIVE IN TREE):
      [No match candidates found]
    Alternative Pair with Shard 4 (NOT ACTIVE IN TREE):
      Candidate choice=1 inlier=57 | RotErr = 0.3077 rad (17.6321 deg) | TransErr = 17.97 mm [FAILS]
    Alternative Pair with Shard 13 (NOT ACTIVE IN TREE):
      Candidate choice=1 inlier=28 | RotErr = 2.9931 rad (171.4916 deg) | TransErr = 21.62 mm [FAILS]
    Alternative Pair with Shard 17 (NOT ACTIVE IN TREE):
      Candidate choice=1 inlier=66 | RotErr = 2.4609 rad (140.9988 deg) | TransErr = 14.52 mm [FAILS]
    Alternative Pair with Shard 27 (NOT ACTIVE IN TREE):
      Candidate choice=1 inlier=39 | RotErr = 1.0248 rad (58.7188 deg) | TransErr = 11.30 mm [FAILS]
      Candidate choice=2 inlier=30 | RotErr = 3.0372 rad (174.0172 deg) | TransErr = 15.76 mm [FAILS]
  Shard 18 (placed by parent 15):
    Alternative Pair with Shard 1 (NOT ACTIVE IN TREE):
      Candidate choice=1 inlier=46 | RotErr = 2.3889 rad (136.8719 deg) | TransErr = 9.27 mm [FAILS]
      Candidate choice=2 inlier=46 | RotErr = 2.8336 rad (162.3554 deg) | TransErr = 72.27 mm [FAILS]
      Candidate choice=3 inlier=28 | RotErr = 2.8193 rad (161.5336 deg) | TransErr = 58.23 mm [FAILS]
      Candidate choice=4 inlier=14 | RotErr = 1.8645 rad (106.8303 deg) | TransErr = 123.40 mm [FAILS]
      Candidate choice=5 inlier=50 | RotErr = 1.8053 rad (103.4344 deg) | TransErr = 22.84 mm [FAILS]
    Alternative Pair with Shard 10 (NOT ACTIVE IN TREE):
      Candidate choice=1 inlier=0 | RotErr = 1.9304 rad (110.6013 deg) | TransErr = 34.66 mm [FAILS]
      Candidate choice=2 inlier=44 | RotErr = 2.9320 rad (167.9919 deg) | TransErr = 82.23 mm [FAILS]
      Candidate choice=3 inlier=40 | RotErr = 2.9176 rad (167.1664 deg) | TransErr = 37.79 mm [FAILS]
      Candidate choice=4 inlier=0 | RotErr = 3.0742 rad (176.1397 deg) | TransErr = 15.19 mm [FAILS]
    Alternative Pair with Shard 23 (NOT ACTIVE IN TREE):
      Candidate choice=1 inlier=45 | RotErr = 2.6992 rad (154.6504 deg) | TransErr = 83.37 mm [FAILS]
      Candidate choice=2 inlier=26 | RotErr = 0.8814 rad (50.5015 deg) | TransErr = 34.46 mm [FAILS]
    Alternative Pair with Shard 24 (NOT ACTIVE IN TREE):
      Candidate choice=1 inlier=51 | RotErr = 2.7829 rad (159.4492 deg) | TransErr = 9.29 mm [FAILS]
      Candidate choice=2 inlier=26 | RotErr = 2.6784 rad (153.4638 deg) | TransErr = 75.50 mm [FAILS]
    Alternative Pair with Shard 6 (NOT ACTIVE IN TREE):
      Candidate choice=1 inlier=36 | RotErr = 3.0246 rad (173.2978 deg) | TransErr = 143.06 mm [FAILS]
      Candidate choice=2 inlier=32 | RotErr = 3.1202 rad (178.7767 deg) | TransErr = 16.82 mm [FAILS]
      Candidate choice=3 inlier=22 | RotErr = 3.1169 rad (178.5865 deg) | TransErr = 146.76 mm [FAILS]
      Candidate choice=4 inlier=20 | RotErr = 0.5053 rad (28.9507 deg) | TransErr = 59.70 mm [FAILS]
    Alternative Pair with Shard 21 (NOT ACTIVE IN TREE):
      Candidate choice=1 inlier=26 | RotErr = 3.1032 rad (177.7982 deg) | TransErr = 35.85 mm [FAILS]
    Alternative Pair with Shard 9 (NOT ACTIVE IN TREE):
      Candidate choice=1 inlier=0 | RotErr = 0.7483 rad (42.8744 deg) | TransErr = 44.86 mm [FAILS]
      Candidate choice=2 inlier=36 | RotErr = 0.2745 rad (15.7269 deg) | TransErr = 24.77 mm [FAILS]
      Candidate choice=3 inlier=36 | RotErr = 3.1185 rad (178.6746 deg) | TransErr = 150.10 mm [FAILS]
      Candidate choice=4 inlier=0 | RotErr = 2.9976 rad (171.7486 deg) | TransErr = 51.33 mm [FAILS]
    Alternative Pair with Shard 12 (NOT ACTIVE IN TREE):
      Candidate choice=1 inlier=46 | RotErr = 2.1312 rad (122.1092 deg) | TransErr = 24.15 mm [FAILS]
      Candidate choice=2 inlier=24 | RotErr = 3.0626 rad (175.4717 deg) | TransErr = 154.72 mm [FAILS]
      Candidate choice=3 inlier=28 | RotErr = 2.9089 rad (166.6698 deg) | TransErr = 160.74 mm [FAILS]
      Candidate choice=4 inlier=72 | RotErr = 0.1662 rad (9.5225 deg) | TransErr = 3.96 mm [PASSES] -> Reward: +20.00
      Candidate choice=5 inlier=53 | RotErr = 0.2098 rad (12.0184 deg) | TransErr = 35.13 mm [FAILS]
    Alternative Pair with Shard 19 (NOT ACTIVE IN TREE):
      Candidate choice=1 inlier=26 | RotErr = 1.9780 rad (113.3297 deg) | TransErr = 116.09 mm [FAILS]
      Candidate choice=2 inlier=22 | RotErr = 2.3186 rad (132.8480 deg) | TransErr = 95.61 mm [FAILS]
    Alternative Pair with Shard 2 (NOT ACTIVE IN TREE):
      Candidate choice=1 inlier=30 | RotErr = 2.9464 rad (168.8161 deg) | TransErr = 135.04 mm [FAILS]
      Candidate choice=2 inlier=81 | RotErr = 2.1624 rad (123.8937 deg) | TransErr = 22.37 mm [FAILS]
      Candidate choice=3 inlier=59 | RotErr = 1.8957 rad (108.6154 deg) | TransErr = 12.83 mm [FAILS]
      Candidate choice=4 inlier=83 | RotErr = 1.1286 rad (64.6614 deg) | TransErr = 21.70 mm [FAILS]
    Alternative Pair with Shard 5 (NOT ACTIVE IN TREE):
      Candidate choice=1 inlier=36 | RotErr = 1.7128 rad (98.1381 deg) | TransErr = 24.26 mm [FAILS]
      Candidate choice=2 inlier=38 | RotErr = 2.1404 rad (122.6354 deg) | TransErr = 28.61 mm [FAILS]
      Candidate choice=3 inlier=0 | RotErr = 2.7990 rad (160.3715 deg) | TransErr = 134.08 mm [FAILS]
      Candidate choice=4 inlier=24 | RotErr = 3.0032 rad (172.0687 deg) | TransErr = 32.60 mm [FAILS]
      Candidate choice=5 inlier=20 | RotErr = 0.9893 rad (56.6822 deg) | TransErr = 107.19 mm [FAILS]
    Alternative Pair with Shard 7 (NOT ACTIVE IN TREE):
      Candidate choice=1 inlier=16 | RotErr = 3.0301 rad (173.6147 deg) | TransErr = 48.90 mm [FAILS]
      Candidate choice=2 inlier=18 | RotErr = 2.0679 rad (118.4795 deg) | TransErr = 124.84 mm [FAILS]
      Candidate choice=3 inlier=40 | RotErr = 1.1733 rad (67.2243 deg) | TransErr = 70.29 mm [FAILS]
      Candidate choice=4 inlier=0 | RotErr = 3.0950 rad (177.3282 deg) | TransErr = 61.49 mm [FAILS]
    Alternative Pair with Shard 15 (ACTIVE IN TREE) [SKIPPED]
    Alternative Pair with Shard 22 (NOT ACTIVE IN TREE):
      Candidate choice=1 inlier=34 | RotErr = 1.5579 rad (89.2607 deg) | TransErr = 86.91 mm [FAILS]
      Candidate choice=2 inlier=36 | RotErr = 1.7017 rad (97.5004 deg) | TransErr = 107.14 mm [FAILS]
    Alternative Pair with Shard 3 (NOT ACTIVE IN TREE):
      Candidate choice=1 inlier=36 | RotErr = 2.9638 rad (169.8104 deg) | TransErr = 75.73 mm [FAILS]
    Alternative Pair with Shard 20 (NOT ACTIVE IN TREE):
      Candidate choice=1 inlier=56 | RotErr = 2.6370 rad (151.0873 deg) | TransErr = 89.42 mm [FAILS]
      Candidate choice=2 inlier=14 | RotErr = 3.1409 rad (179.9613 deg) | TransErr = 81.29 mm [FAILS]
    Alternative Pair with Shard 25 (NOT ACTIVE IN TREE):
      [No match candidates found]
    Alternative Pair with Shard 26 (NOT ACTIVE IN TREE):
      Candidate choice=1 inlier=54 | RotErr = 3.1036 rad (177.8211 deg) | TransErr = 74.86 mm [FAILS]
      Candidate choice=2 inlier=49 | RotErr = 0.0877 rad (5.0237 deg) | TransErr = 5.88 mm [PASSES] -> Reward: +20.00
      Candidate choice=3 inlier=45 | RotErr = 2.9247 rad (167.5714 deg) | TransErr = 65.48 mm [FAILS]
    Alternative Pair with Shard 11 (NOT ACTIVE IN TREE):
      [No match candidates found]
    Alternative Pair with Shard 8 (NOT ACTIVE IN TREE):
      Candidate choice=1 inlier=46 | RotErr = 3.1237 rad (178.9768 deg) | TransErr = 80.34 mm [FAILS]
      Candidate choice=2 inlier=55 | RotErr = 2.8599 rad (163.8615 deg) | TransErr = 81.44 mm [FAILS]
      Candidate choice=3 inlier=32 | RotErr = 2.8816 rad (165.1024 deg) | TransErr = 42.10 mm [FAILS]
      Candidate choice=4 inlier=16 | RotErr = 0.9913 rad (56.7992 deg) | TransErr = 89.72 mm [FAILS]
      Candidate choice=5 inlier=28 | RotErr = 0.3941 rad (22.5821 deg) | TransErr = 61.41 mm [FAILS]
    Alternative Pair with Shard 14 (NOT ACTIVE IN TREE):
      Candidate choice=1 inlier=6 | RotErr = 0.4026 rad (23.0682 deg) | TransErr = 214.33 mm [FAILS]
      Candidate choice=2 inlier=4 | RotErr = 0.4097 rad (23.4747 deg) | TransErr = 223.50 mm [FAILS]
      Candidate choice=3 inlier=0 | RotErr = 3.1314 rad (179.4180 deg) | TransErr = 42.45 mm [FAILS]
    Alternative Pair with Shard 16 (NOT ACTIVE IN TREE):
      Candidate choice=1 inlier=46 | RotErr = 0.7413 rad (42.4751 deg) | TransErr = 81.63 mm [FAILS]
    Alternative Pair with Shard 4 (NOT ACTIVE IN TREE):
      [No match candidates found]
    Alternative Pair with Shard 13 (ACTIVE IN TREE) [SKIPPED]
    Alternative Pair with Shard 17 (NOT ACTIVE IN TREE):
      [No match candidates found]
    Alternative Pair with Shard 27 (NOT ACTIVE IN TREE):
      [No match candidates found]
  Shard 8 (placed by parent 3):
    Alternative Pair with Shard 1 (NOT ACTIVE IN TREE):
      Candidate choice=1 inlier=42 | RotErr = 2.4287 rad (139.1525 deg) | TransErr = 66.53 mm [FAILS]
      Candidate choice=2 inlier=16 | RotErr = 2.9734 rad (170.3649 deg) | TransErr = 54.72 mm [FAILS]
      Candidate choice=3 inlier=36 | RotErr = 2.6216 rad (150.2063 deg) | TransErr = 25.74 mm [FAILS]
      Candidate choice=4 inlier=28 | RotErr = 3.0037 rad (172.0993 deg) | TransErr = 146.17 mm [FAILS]
      Candidate choice=5 inlier=42 | RotErr = 2.8553 rad (163.5968 deg) | TransErr = 22.07 mm [FAILS]
      Candidate choice=6 inlier=24 | RotErr = 1.5521 rad (88.9309 deg) | TransErr = 15.03 mm [FAILS]
    Alternative Pair with Shard 10 (NOT ACTIVE IN TREE):
      Candidate choice=1 inlier=24 | RotErr = 2.5975 rad (148.8272 deg) | TransErr = 106.66 mm [FAILS]
      Candidate choice=2 inlier=20 | RotErr = 3.1180 rad (178.6503 deg) | TransErr = 48.52 mm [FAILS]
      Candidate choice=3 inlier=24 | RotErr = 3.0348 rad (173.8832 deg) | TransErr = 134.68 mm [FAILS]
      Candidate choice=4 inlier=22 | RotErr = 1.4867 rad (85.1836 deg) | TransErr = 129.81 mm [FAILS]
      Candidate choice=5 inlier=12 | RotErr = 3.0097 rad (172.4439 deg) | TransErr = 41.52 mm [FAILS]
    Alternative Pair with Shard 23 (NOT ACTIVE IN TREE):
      Candidate choice=1 inlier=32 | RotErr = 2.9599 rad (169.5920 deg) | TransErr = 104.72 mm [FAILS]
      Candidate choice=2 inlier=45 | RotErr = 3.1293 rad (179.2936 deg) | TransErr = 103.85 mm [FAILS]
      Candidate choice=3 inlier=28 | RotErr = 2.7730 rad (158.8832 deg) | TransErr = 57.07 mm [FAILS]
      Candidate choice=4 inlier=40 | RotErr = 2.3125 rad (132.4981 deg) | TransErr = 36.07 mm [FAILS]
      Candidate choice=5 inlier=57 | RotErr = 1.5742 rad (90.1955 deg) | TransErr = 42.93 mm [FAILS]
      Candidate choice=6 inlier=40 | RotErr = 1.2265 rad (70.2713 deg) | TransErr = 44.70 mm [FAILS]
    Alternative Pair with Shard 24 (NOT ACTIVE IN TREE):
      Candidate choice=1 inlier=24 | RotErr = 2.6404 rad (151.2857 deg) | TransErr = 97.87 mm [FAILS]
    Alternative Pair with Shard 6 (NOT ACTIVE IN TREE):
      Candidate choice=1 inlier=26 | RotErr = 3.0584 rad (175.2310 deg) | TransErr = 34.76 mm [FAILS]
      Candidate choice=2 inlier=34 | RotErr = 0.5176 rad (29.6541 deg) | TransErr = 168.02 mm [FAILS]
      Candidate choice=3 inlier=36 | RotErr = 1.2927 rad (74.0650 deg) | TransErr = 132.05 mm [FAILS]
    Alternative Pair with Shard 21 (NOT ACTIVE IN TREE):
      Candidate choice=1 inlier=26 | RotErr = 2.7602 rad (158.1457 deg) | TransErr = 145.24 mm [FAILS]
      Candidate choice=2 inlier=20 | RotErr = 3.0716 rad (175.9869 deg) | TransErr = 149.08 mm [FAILS]
      Candidate choice=3 inlier=36 | RotErr = 1.6971 rad (97.2377 deg) | TransErr = 18.84 mm [FAILS]
    Alternative Pair with Shard 9 (NOT ACTIVE IN TREE):
      Candidate choice=1 inlier=30 | RotErr = 2.9866 rad (171.1223 deg) | TransErr = 138.51 mm [FAILS]
      Candidate choice=2 inlier=34 | RotErr = 3.0127 rad (172.6168 deg) | TransErr = 45.77 mm [FAILS]
      Candidate choice=3 inlier=24 | RotErr = 0.5256 rad (30.1131 deg) | TransErr = 14.79 mm [FAILS]
    Alternative Pair with Shard 12 (NOT ACTIVE IN TREE):
      Candidate choice=1 inlier=20 | RotErr = 2.3829 rad (136.5275 deg) | TransErr = 138.22 mm [FAILS]
      Candidate choice=2 inlier=10 | RotErr = 0.4875 rad (27.9336 deg) | TransErr = 126.83 mm [FAILS]
      Candidate choice=3 inlier=40 | RotErr = 0.2987 rad (17.1135 deg) | TransErr = 64.00 mm [FAILS]
      Candidate choice=4 inlier=28 | RotErr = 3.1208 rad (178.8115 deg) | TransErr = 28.17 mm [FAILS]
      Candidate choice=5 inlier=44 | RotErr = 0.7021 rad (40.2288 deg) | TransErr = 21.59 mm [FAILS]
      Candidate choice=6 inlier=28 | RotErr = 3.0671 rad (175.7313 deg) | TransErr = 49.85 mm [FAILS]
    Alternative Pair with Shard 19 (NOT ACTIVE IN TREE):
      Candidate choice=1 inlier=28 | RotErr = 2.8125 rad (161.1428 deg) | TransErr = 142.99 mm [FAILS]
      Candidate choice=2 inlier=0 | RotErr = 2.5097 rad (143.7976 deg) | TransErr = 30.76 mm [FAILS]
      Candidate choice=3 inlier=32 | RotErr = 2.8597 rad (163.8463 deg) | TransErr = 146.18 mm [FAILS]
      Candidate choice=4 inlier=42 | RotErr = 2.1443 rad (122.8584 deg) | TransErr = 11.65 mm [FAILS]
    Alternative Pair with Shard 2 (NOT ACTIVE IN TREE):
      Candidate choice=1 inlier=28 | RotErr = 3.0590 rad (175.2695 deg) | TransErr = 31.75 mm [FAILS]
      Candidate choice=2 inlier=24 | RotErr = 3.0967 rad (177.4306 deg) | TransErr = 162.48 mm [FAILS]
    Alternative Pair with Shard 5 (NOT ACTIVE IN TREE):
      Candidate choice=1 inlier=28 | RotErr = 2.9331 rad (168.0519 deg) | TransErr = 92.10 mm [FAILS]
      Candidate choice=2 inlier=24 | RotErr = 2.9979 rad (171.7645 deg) | TransErr = 140.52 mm [FAILS]
      Candidate choice=3 inlier=20 | RotErr = 2.6405 rad (151.2892 deg) | TransErr = 138.65 mm [FAILS]
      Candidate choice=4 inlier=46 | RotErr = 1.2409 rad (71.1004 deg) | TransErr = 22.34 mm [FAILS]
      Candidate choice=5 inlier=30 | RotErr = 2.8719 rad (164.5449 deg) | TransErr = 139.28 mm [FAILS]
      Candidate choice=6 inlier=34 | RotErr = 3.0298 rad (173.5960 deg) | TransErr = 142.49 mm [FAILS]
    Alternative Pair with Shard 7 (NOT ACTIVE IN TREE):
      Candidate choice=1 inlier=34 | RotErr = 1.8885 rad (108.2024 deg) | TransErr = 4.41 mm [FAILS]
      Candidate choice=2 inlier=40 | RotErr = 2.9935 rad (171.5141 deg) | TransErr = 139.59 mm [FAILS]
      Candidate choice=3 inlier=98 | RotErr = 0.2143 rad (12.2767 deg) | TransErr = 7.14 mm [PASSES] -> Reward: +20.00
      Candidate choice=4 inlier=30 | RotErr = 2.9786 rad (170.6591 deg) | TransErr = 140.60 mm [FAILS]
    Alternative Pair with Shard 15 (NOT ACTIVE IN TREE):
      Candidate choice=1 inlier=44 | RotErr = 0.1518 rad (8.6981 deg) | TransErr = 7.68 mm [PASSES] -> Reward: +20.00
      Candidate choice=2 inlier=42 | RotErr = 0.5273 rad (30.2100 deg) | TransErr = 17.93 mm [FAILS]
      Candidate choice=3 inlier=44 | RotErr = 3.0116 rad (172.5548 deg) | TransErr = 61.93 mm [FAILS]
    Alternative Pair with Shard 22 (NOT ACTIVE IN TREE):
      Candidate choice=1 inlier=28 | RotErr = 3.0010 rad (171.9458 deg) | TransErr = 132.72 mm [FAILS]
      Candidate choice=2 inlier=36 | RotErr = 1.4924 rad (85.5081 deg) | TransErr = 23.91 mm [FAILS]
      Candidate choice=3 inlier=53 | RotErr = 0.3333 rad (19.0982 deg) | TransErr = 13.48 mm [FAILS]
      Candidate choice=4 inlier=40 | RotErr = 0.3015 rad (17.2736 deg) | TransErr = 11.45 mm [FAILS]
    Alternative Pair with Shard 3 (ACTIVE IN TREE) [SKIPPED]
    Alternative Pair with Shard 20 (NOT ACTIVE IN TREE):
      Candidate choice=1 inlier=22 | RotErr = 1.5472 rad (88.6495 deg) | TransErr = 14.71 mm [FAILS]
      Candidate choice=2 inlier=55 | RotErr = 3.1387 rad (179.8334 deg) | TransErr = 140.49 mm [FAILS]
      Candidate choice=3 inlier=49 | RotErr = 2.9323 rad (168.0056 deg) | TransErr = 145.53 mm [FAILS]
    Alternative Pair with Shard 25 (NOT ACTIVE IN TREE):
      [No match candidates found]
    Alternative Pair with Shard 26 (NOT ACTIVE IN TREE):
      Candidate choice=1 inlier=22 | RotErr = 0.3915 rad (22.4315 deg) | TransErr = 107.49 mm [FAILS]
      Candidate choice=2 inlier=26 | RotErr = 3.0852 rad (176.7708 deg) | TransErr = 32.30 mm [FAILS]
    Alternative Pair with Shard 11 (NOT ACTIVE IN TREE):
      Candidate choice=1 inlier=64 | RotErr = 2.2908 rad (131.2544 deg) | TransErr = 19.76 mm [FAILS]
      Candidate choice=2 inlier=32 | RotErr = 2.5569 rad (146.4979 deg) | TransErr = 10.60 mm [FAILS]
      Candidate choice=3 inlier=26 | RotErr = 3.0460 rad (174.5203 deg) | TransErr = 140.21 mm [FAILS]
      Candidate choice=4 inlier=74 | RotErr = 2.8756 rad (164.7589 deg) | TransErr = 126.91 mm [FAILS]
    Alternative Pair with Shard 18 (NOT ACTIVE IN TREE):
      Candidate choice=1 inlier=46 | RotErr = 3.1237 rad (178.9768 deg) | TransErr = 80.34 mm [FAILS]
      Candidate choice=2 inlier=55 | RotErr = 2.8599 rad (163.8615 deg) | TransErr = 81.44 mm [FAILS]
      Candidate choice=3 inlier=32 | RotErr = 2.8816 rad (165.1024 deg) | TransErr = 42.10 mm [FAILS]
      Candidate choice=4 inlier=16 | RotErr = 0.9913 rad (56.7992 deg) | TransErr = 89.72 mm [FAILS]
      Candidate choice=5 inlier=28 | RotErr = 0.3941 rad (22.5821 deg) | TransErr = 61.41 mm [FAILS]
    Alternative Pair with Shard 14 (NOT ACTIVE IN TREE):
      Candidate choice=1 inlier=52 | RotErr = 1.1317 rad (64.8416 deg) | TransErr = 3.95 mm [FAILS]
      Candidate choice=2 inlier=36 | RotErr = 0.9612 rad (55.0754 deg) | TransErr = 15.29 mm [FAILS]
      Candidate choice=3 inlier=26 | RotErr = 0.0729 rad (4.1755 deg) | TransErr = 5.81 mm [PASSES] -> Reward: +20.00
      Candidate choice=4 inlier=40 | RotErr = 3.0724 rad (176.0331 deg) | TransErr = 135.12 mm [FAILS]
    Alternative Pair with Shard 16 (NOT ACTIVE IN TREE):
      Candidate choice=1 inlier=42 | RotErr = 2.8753 rad (164.7426 deg) | TransErr = 133.69 mm [FAILS]
      Candidate choice=2 inlier=30 | RotErr = 0.8382 rad (48.0258 deg) | TransErr = 39.65 mm [FAILS]
      Candidate choice=3 inlier=30 | RotErr = 0.9166 rad (52.5149 deg) | TransErr = 20.45 mm [FAILS]
    Alternative Pair with Shard 4 (NOT ACTIVE IN TREE):
      Candidate choice=1 inlier=28 | RotErr = 3.0921 rad (177.1662 deg) | TransErr = 137.53 mm [FAILS]
      Candidate choice=2 inlier=22 | RotErr = 2.7105 rad (155.3005 deg) | TransErr = 16.73 mm [FAILS]
      Candidate choice=3 inlier=44 | RotErr = 2.9269 rad (167.6967 deg) | TransErr = 138.68 mm [FAILS]
      Candidate choice=4 inlier=0 | RotErr = 1.5761 rad (90.3012 deg) | TransErr = 45.13 mm [FAILS]
    Alternative Pair with Shard 13 (NOT ACTIVE IN TREE):
      Candidate choice=1 inlier=40 | RotErr = 2.6233 rad (150.3015 deg) | TransErr = 47.49 mm [FAILS]
      Candidate choice=2 inlier=44 | RotErr = 0.4662 rad (26.7112 deg) | TransErr = 138.43 mm [FAILS]
    Alternative Pair with Shard 17 (NOT ACTIVE IN TREE):
      Candidate choice=1 inlier=40 | RotErr = 1.0285 rad (58.9312 deg) | TransErr = 7.54 mm [FAILS]
      Candidate choice=2 inlier=53 | RotErr = 3.0928 rad (177.2046 deg) | TransErr = 136.39 mm [FAILS]
    Alternative Pair with Shard 27 (NOT ACTIVE IN TREE):
      [No match candidates found]
  Shard 14 (placed by parent 3):
    Alternative Pair with Shard 1 (NOT ACTIVE IN TREE):
      [No match candidates found]
    Alternative Pair with Shard 10 (NOT ACTIVE IN TREE):
      [No match candidates found]
    Alternative Pair with Shard 23 (NOT ACTIVE IN TREE):
      Candidate choice=1 inlier=0 | RotErr = 2.2442 rad (128.5808 deg) | TransErr = 180.26 mm [FAILS]
      Candidate choice=2 inlier=14 | RotErr = 3.0414 rad (174.2594 deg) | TransErr = 89.51 mm [FAILS]
    Alternative Pair with Shard 24 (NOT ACTIVE IN TREE):
      [No match candidates found]
    Alternative Pair with Shard 6 (NOT ACTIVE IN TREE):
      Candidate choice=1 inlier=22 | RotErr = 2.8606 rad (163.8997 deg) | TransErr = 16.98 mm [FAILS]
      Candidate choice=2 inlier=0 | RotErr = 1.2989 rad (74.4211 deg) | TransErr = 268.19 mm [FAILS]
      Candidate choice=3 inlier=0 | RotErr = 0.4936 rad (28.2820 deg) | TransErr = 182.41 mm [FAILS]
      Candidate choice=4 inlier=8 | RotErr = 2.8917 rad (165.6843 deg) | TransErr = 56.24 mm [FAILS]
    Alternative Pair with Shard 21 (NOT ACTIVE IN TREE):
      [No match candidates found]
    Alternative Pair with Shard 9 (NOT ACTIVE IN TREE):
      [No match candidates found]
    Alternative Pair with Shard 12 (NOT ACTIVE IN TREE):
      Candidate choice=1 inlier=0 | RotErr = 3.1283 rad (179.2399 deg) | TransErr = 48.17 mm [FAILS]
      Candidate choice=2 inlier=0 | RotErr = 1.0836 rad (62.0845 deg) | TransErr = 229.26 mm [FAILS]
      Candidate choice=3 inlier=0 | RotErr = 0.1384 rad (7.9275 deg) | TransErr = 95.02 mm [FAILS]
      Candidate choice=4 inlier=6 | RotErr = 3.0170 rad (172.8601 deg) | TransErr = 163.77 mm [FAILS]
    Alternative Pair with Shard 19 (NOT ACTIVE IN TREE):
      Candidate choice=1 inlier=24 | RotErr = 2.9933 rad (171.5007 deg) | TransErr = 28.68 mm [FAILS]
      Candidate choice=2 inlier=36 | RotErr = 2.2990 rad (131.7225 deg) | TransErr = 23.90 mm [FAILS]
      Candidate choice=3 inlier=40 | RotErr = 3.0331 rad (173.7866 deg) | TransErr = 121.55 mm [FAILS]
    Alternative Pair with Shard 2 (NOT ACTIVE IN TREE):
      Candidate choice=1 inlier=22 | RotErr = 2.9121 rad (166.8497 deg) | TransErr = 19.38 mm [FAILS]
      Candidate choice=2 inlier=20 | RotErr = 2.9544 rad (169.2736 deg) | TransErr = 51.05 mm [FAILS]
      Candidate choice=3 inlier=6 | RotErr = 3.1379 rad (179.7879 deg) | TransErr = 65.34 mm [FAILS]
    Alternative Pair with Shard 5 (NOT ACTIVE IN TREE):
      Candidate choice=1 inlier=0 | RotErr = 3.0088 rad (172.3923 deg) | TransErr = 115.77 mm [FAILS]
      Candidate choice=2 inlier=0 | RotErr = 2.0944 rad (120.0031 deg) | TransErr = 160.59 mm [FAILS]
      Candidate choice=3 inlier=0 | RotErr = 2.4646 rad (141.2102 deg) | TransErr = 160.15 mm [FAILS]
      Candidate choice=4 inlier=40 | RotErr = 2.7796 rad (159.2618 deg) | TransErr = 14.65 mm [FAILS]
      Candidate choice=5 inlier=28 | RotErr = 1.9612 rad (112.3689 deg) | TransErr = 15.06 mm [FAILS]
    Alternative Pair with Shard 7 (NOT ACTIVE IN TREE):
      Candidate choice=1 inlier=30 | RotErr = 2.8019 rad (160.5366 deg) | TransErr = 15.28 mm [FAILS]
      Candidate choice=2 inlier=92 | RotErr = 0.2882 rad (16.5123 deg) | TransErr = 14.81 mm [FAILS]
    Alternative Pair with Shard 15 (NOT ACTIVE IN TREE):
      Candidate choice=1 inlier=10 | RotErr = 2.9016 rad (166.2481 deg) | TransErr = 90.56 mm [FAILS]
      Candidate choice=2 inlier=0 | RotErr = 0.3759 rad (21.5373 deg) | TransErr = 185.93 mm [FAILS]
      Candidate choice=3 inlier=30 | RotErr = 3.1131 rad (178.3683 deg) | TransErr = 70.00 mm [FAILS]
    Alternative Pair with Shard 22 (NOT ACTIVE IN TREE):
      [No match candidates found]
    Alternative Pair with Shard 3 (ACTIVE IN TREE) [SKIPPED]
    Alternative Pair with Shard 20 (NOT ACTIVE IN TREE):
      Candidate choice=1 inlier=26 | RotErr = 2.5212 rad (144.4559 deg) | TransErr = 29.54 mm [FAILS]
      Candidate choice=2 inlier=34 | RotErr = 2.3301 rad (133.5022 deg) | TransErr = 24.19 mm [FAILS]
      Candidate choice=3 inlier=36 | RotErr = 2.8766 rad (164.8173 deg) | TransErr = 15.30 mm [FAILS]
    Alternative Pair with Shard 25 (NOT ACTIVE IN TREE):
      [No match candidates found]
    Alternative Pair with Shard 26 (NOT ACTIVE IN TREE):
      Candidate choice=1 inlier=6 | RotErr = 1.2356 rad (70.7958 deg) | TransErr = 210.65 mm [FAILS]
    Alternative Pair with Shard 11 (NOT ACTIVE IN TREE):
      Candidate choice=1 inlier=0 | RotErr = 3.0864 rad (176.8405 deg) | TransErr = 179.53 mm [FAILS]
      Candidate choice=2 inlier=26 | RotErr = 2.1895 rad (125.4517 deg) | TransErr = 8.90 mm [FAILS]
      Candidate choice=3 inlier=0 | RotErr = 3.1328 rad (179.4949 deg) | TransErr = 282.72 mm [FAILS]
      Candidate choice=4 inlier=76 | RotErr = 1.7176 rad (98.4087 deg) | TransErr = 17.20 mm [FAILS]
    Alternative Pair with Shard 18 (NOT ACTIVE IN TREE):
      Candidate choice=1 inlier=6 | RotErr = 0.4026 rad (23.0682 deg) | TransErr = 214.33 mm [FAILS]
      Candidate choice=2 inlier=4 | RotErr = 0.4097 rad (23.4747 deg) | TransErr = 223.50 mm [FAILS]
      Candidate choice=3 inlier=0 | RotErr = 3.1314 rad (179.4180 deg) | TransErr = 42.45 mm [FAILS]
    Alternative Pair with Shard 8 (NOT ACTIVE IN TREE):
      Candidate choice=1 inlier=52 | RotErr = 1.1317 rad (64.8416 deg) | TransErr = 3.95 mm [FAILS]
      Candidate choice=2 inlier=36 | RotErr = 0.9612 rad (55.0754 deg) | TransErr = 15.29 mm [FAILS]
      Candidate choice=3 inlier=26 | RotErr = 0.0729 rad (4.1755 deg) | TransErr = 5.81 mm [PASSES] -> Reward: +20.00
      Candidate choice=4 inlier=40 | RotErr = 3.0724 rad (176.0331 deg) | TransErr = 135.12 mm [FAILS]
    Alternative Pair with Shard 16 (NOT ACTIVE IN TREE):
      [No match candidates found]
    Alternative Pair with Shard 4 (NOT ACTIVE IN TREE):
      Candidate choice=1 inlier=48 | RotErr = 2.7755 rad (159.0222 deg) | TransErr = 23.79 mm [FAILS]
      Candidate choice=2 inlier=16 | RotErr = 0.8097 rad (46.3935 deg) | TransErr = 26.97 mm [FAILS]
    Alternative Pair with Shard 13 (NOT ACTIVE IN TREE):
      Candidate choice=1 inlier=0 | RotErr = 1.4997 rad (85.9275 deg) | TransErr = 193.39 mm [FAILS]
      Candidate choice=2 inlier=6 | RotErr = 2.7827 rad (159.4358 deg) | TransErr = 65.17 mm [FAILS]
      Candidate choice=3 inlier=6 | RotErr = 2.8886 rad (165.5040 deg) | TransErr = 65.90 mm [FAILS]
      Candidate choice=4 inlier=0 | RotErr = 2.6836 rad (153.7563 deg) | TransErr = 223.58 mm [FAILS]
      Candidate choice=5 inlier=0 | RotErr = 0.8450 rad (48.4152 deg) | TransErr = 266.27 mm [FAILS]
    Alternative Pair with Shard 17 (ACTIVE IN TREE) [SKIPPED]
    Alternative Pair with Shard 27 (NOT ACTIVE IN TREE):
      Candidate choice=1 inlier=28 | RotErr = 0.3112 rad (17.8314 deg) | TransErr = 21.47 mm [FAILS]
  Shard 16 (placed by parent 3):
    Alternative Pair with Shard 1 (NOT ACTIVE IN TREE):
      Candidate choice=1 inlier=32 | RotErr = 0.8759 rad (50.1882 deg) | TransErr = 26.39 mm [FAILS]
      Candidate choice=2 inlier=55 | RotErr = 1.6025 rad (91.8179 deg) | TransErr = 25.59 mm [FAILS]
    Alternative Pair with Shard 10 (NOT ACTIVE IN TREE):
      Candidate choice=1 inlier=0 | RotErr = 0.5436 rad (31.1461 deg) | TransErr = 93.08 mm [FAILS]
      Candidate choice=2 inlier=57 | RotErr = 0.0799 rad (4.5804 deg) | TransErr = 34.48 mm [FAILS]
      Candidate choice=3 inlier=38 | RotErr = 0.5032 rad (28.8307 deg) | TransErr = 26.25 mm [FAILS]
      Candidate choice=4 inlier=51 | RotErr = 1.1123 rad (63.7279 deg) | TransErr = 17.99 mm [FAILS]
      Candidate choice=5 inlier=46 | RotErr = 1.2783 rad (73.2410 deg) | TransErr = 1.70 mm [FAILS]
    Alternative Pair with Shard 23 (NOT ACTIVE IN TREE):
      [No match candidates found]
    Alternative Pair with Shard 24 (NOT ACTIVE IN TREE):
      [No match candidates found]
    Alternative Pair with Shard 6 (NOT ACTIVE IN TREE):
      Candidate choice=1 inlier=16 | RotErr = 1.1546 rad (66.1537 deg) | TransErr = 127.11 mm [FAILS]
    Alternative Pair with Shard 21 (NOT ACTIVE IN TREE):
      [No match candidates found]
    Alternative Pair with Shard 9 (NOT ACTIVE IN TREE):
      Candidate choice=1 inlier=55 | RotErr = 2.2803 rad (130.6492 deg) | TransErr = 23.62 mm [FAILS]
      Candidate choice=2 inlier=32 | RotErr = 2.0674 rad (118.4544 deg) | TransErr = 6.85 mm [FAILS]
      Candidate choice=3 inlier=70 | RotErr = 2.9031 rad (166.3330 deg) | TransErr = 14.39 mm [FAILS]
    Alternative Pair with Shard 12 (NOT ACTIVE IN TREE):
      Candidate choice=1 inlier=51 | RotErr = 0.1310 rad (7.5030 deg) | TransErr = 10.66 mm [FAILS]
      Candidate choice=2 inlier=26 | RotErr = 0.2415 rad (13.8380 deg) | TransErr = 38.42 mm [FAILS]
      Candidate choice=3 inlier=10 | RotErr = 1.3439 rad (76.9989 deg) | TransErr = 114.21 mm [FAILS]
      Candidate choice=4 inlier=30 | RotErr = 1.5507 rad (88.8510 deg) | TransErr = 20.62 mm [FAILS]
    Alternative Pair with Shard 19 (NOT ACTIVE IN TREE):
      Candidate choice=1 inlier=42 | RotErr = 1.6260 rad (93.1611 deg) | TransErr = 20.12 mm [FAILS]
      Candidate choice=2 inlier=38 | RotErr = 1.5081 rad (86.4084 deg) | TransErr = 35.36 mm [FAILS]
    Alternative Pair with Shard 2 (NOT ACTIVE IN TREE):
      [No match candidates found]
    Alternative Pair with Shard 5 (NOT ACTIVE IN TREE):
      Candidate choice=1 inlier=38 | RotErr = 3.0537 rad (174.9669 deg) | TransErr = 140.22 mm [FAILS]
    Alternative Pair with Shard 7 (NOT ACTIVE IN TREE):
      [No match candidates found]
    Alternative Pair with Shard 15 (NOT ACTIVE IN TREE):
      Candidate choice=1 inlier=60 | RotErr = 2.4794 rad (142.0601 deg) | TransErr = 14.14 mm [FAILS]
      Candidate choice=2 inlier=46 | RotErr = 2.1973 rad (125.8981 deg) | TransErr = 21.07 mm [FAILS]
    Alternative Pair with Shard 22 (NOT ACTIVE IN TREE):
      [No match candidates found]
    Alternative Pair with Shard 3 (ACTIVE IN TREE) [SKIPPED]
    Alternative Pair with Shard 20 (NOT ACTIVE IN TREE):
      Candidate choice=1 inlier=0 | RotErr = 2.7811 rad (159.3455 deg) | TransErr = 63.64 mm [FAILS]
      Candidate choice=2 inlier=24 | RotErr = 3.0820 rad (176.5836 deg) | TransErr = 141.80 mm [FAILS]
    Alternative Pair with Shard 25 (NOT ACTIVE IN TREE):
      [No match candidates found]
    Alternative Pair with Shard 26 (NOT ACTIVE IN TREE):
      [No match candidates found]
    Alternative Pair with Shard 11 (NOT ACTIVE IN TREE):
      [No match candidates found]
    Alternative Pair with Shard 18 (NOT ACTIVE IN TREE):
      Candidate choice=1 inlier=46 | RotErr = 0.7413 rad (42.4751 deg) | TransErr = 81.63 mm [FAILS]
    Alternative Pair with Shard 8 (NOT ACTIVE IN TREE):
      Candidate choice=1 inlier=42 | RotErr = 2.8753 rad (164.7426 deg) | TransErr = 133.69 mm [FAILS]
      Candidate choice=2 inlier=30 | RotErr = 0.8382 rad (48.0258 deg) | TransErr = 39.65 mm [FAILS]
      Candidate choice=3 inlier=30 | RotErr = 0.9166 rad (52.5149 deg) | TransErr = 20.45 mm [FAILS]
    Alternative Pair with Shard 14 (NOT ACTIVE IN TREE):
      [No match candidates found]
    Alternative Pair with Shard 4 (NOT ACTIVE IN TREE):
      Candidate choice=1 inlier=32 | RotErr = 3.0876 rad (176.9079 deg) | TransErr = 101.81 mm [FAILS]
    Alternative Pair with Shard 13 (NOT ACTIVE IN TREE):
      [No match candidates found]
    Alternative Pair with Shard 17 (NOT ACTIVE IN TREE):
      [No match candidates found]
    Alternative Pair with Shard 27 (NOT ACTIVE IN TREE):
      [No match candidates found]
  Shard 4 (placed by parent 20):
    Alternative Pair with Shard 1 (NOT ACTIVE IN TREE):
      [No match candidates found]
    Alternative Pair with Shard 10 (NOT ACTIVE IN TREE):
      [No match candidates found]
    Alternative Pair with Shard 23 (NOT ACTIVE IN TREE):
      [No match candidates found]
    Alternative Pair with Shard 24 (NOT ACTIVE IN TREE):
      [No match candidates found]
    Alternative Pair with Shard 6 (NOT ACTIVE IN TREE):
      Candidate choice=1 inlier=24 | RotErr = 2.7302 rad (156.4279 deg) | TransErr = 30.22 mm [FAILS]
      Candidate choice=2 inlier=6 | RotErr = 2.6908 rad (154.1701 deg) | TransErr = 24.70 mm [FAILS]
    Alternative Pair with Shard 21 (NOT ACTIVE IN TREE):
      Candidate choice=1 inlier=22 | RotErr = 0.1747 rad (10.0124 deg) | TransErr = 4.21 mm [PASSES] -> Reward: +20.00
      Candidate choice=2 inlier=16 | RotErr = 3.1346 rad (179.6014 deg) | TransErr = 126.29 mm [FAILS]
      Candidate choice=3 inlier=32 | RotErr = 3.0974 rad (177.4683 deg) | TransErr = 131.80 mm [FAILS]
    Alternative Pair with Shard 9 (NOT ACTIVE IN TREE):
      [No match candidates found]
    Alternative Pair with Shard 12 (NOT ACTIVE IN TREE):
      [No match candidates found]
    Alternative Pair with Shard 19 (NOT ACTIVE IN TREE):
      Candidate choice=1 inlier=32 | RotErr = 3.1333 rad (179.5226 deg) | TransErr = 120.08 mm [FAILS]
      Candidate choice=2 inlier=44 | RotErr = 0.1184 rad (6.7853 deg) | TransErr = 3.79 mm [PASSES] -> Reward: +20.00
      Candidate choice=3 inlier=26 | RotErr = 3.0766 rad (176.2760 deg) | TransErr = 116.11 mm [FAILS]
      Candidate choice=4 inlier=40 | RotErr = 0.8350 rad (47.8447 deg) | TransErr = 21.43 mm [FAILS]
    Alternative Pair with Shard 2 (NOT ACTIVE IN TREE):
      Candidate choice=1 inlier=26 | RotErr = 2.9008 rad (166.2033 deg) | TransErr = 19.75 mm [FAILS]
      Candidate choice=2 inlier=2 | RotErr = 3.0293 rad (173.5688 deg) | TransErr = 35.05 mm [FAILS]
    Alternative Pair with Shard 5 (NOT ACTIVE IN TREE):
      Candidate choice=1 inlier=48 | RotErr = 1.1778 rad (67.4856 deg) | TransErr = 17.03 mm [FAILS]
      Candidate choice=2 inlier=12 | RotErr = 2.7561 rad (157.9135 deg) | TransErr = 102.03 mm [FAILS]
    Alternative Pair with Shard 7 (NOT ACTIVE IN TREE):
      Candidate choice=1 inlier=36 | RotErr = 1.0297 rad (58.9948 deg) | TransErr = 15.30 mm [FAILS]
      Candidate choice=2 inlier=30 | RotErr = 1.1130 rad (63.7687 deg) | TransErr = 29.93 mm [FAILS]
    Alternative Pair with Shard 15 (NOT ACTIVE IN TREE):
      [No match candidates found]
    Alternative Pair with Shard 22 (NOT ACTIVE IN TREE):
      Candidate choice=1 inlier=38 | RotErr = 3.0043 rad (172.1359 deg) | TransErr = 115.67 mm [FAILS]
    Alternative Pair with Shard 3 (NOT ACTIVE IN TREE):
      Candidate choice=1 inlier=38 | RotErr = 2.8315 rad (162.2353 deg) | TransErr = 126.97 mm [FAILS]
      Candidate choice=2 inlier=46 | RotErr = 2.9000 rad (166.1573 deg) | TransErr = 136.17 mm [FAILS]
      Candidate choice=3 inlier=14 | RotErr = 2.6917 rad (154.2256 deg) | TransErr = 118.08 mm [FAILS]
      Candidate choice=4 inlier=32 | RotErr = 2.4733 rad (141.7109 deg) | TransErr = 17.51 mm [FAILS]
      Candidate choice=5 inlier=68 | RotErr = 0.8044 rad (46.0868 deg) | TransErr = 20.98 mm [FAILS]
    Alternative Pair with Shard 20 (ACTIVE IN TREE) [SKIPPED]
    Alternative Pair with Shard 25 (NOT ACTIVE IN TREE):
      [No match candidates found]
    Alternative Pair with Shard 26 (NOT ACTIVE IN TREE):
      [No match candidates found]
    Alternative Pair with Shard 11 (NOT ACTIVE IN TREE):
      Candidate choice=1 inlier=57 | RotErr = 0.3077 rad (17.6321 deg) | TransErr = 17.97 mm [FAILS]
    Alternative Pair with Shard 18 (NOT ACTIVE IN TREE):
      [No match candidates found]
    Alternative Pair with Shard 8 (NOT ACTIVE IN TREE):
      Candidate choice=1 inlier=28 | RotErr = 3.0921 rad (177.1662 deg) | TransErr = 137.53 mm [FAILS]
      Candidate choice=2 inlier=22 | RotErr = 2.7105 rad (155.3005 deg) | TransErr = 16.73 mm [FAILS]
      Candidate choice=3 inlier=44 | RotErr = 2.9269 rad (167.6967 deg) | TransErr = 138.68 mm [FAILS]
      Candidate choice=4 inlier=0 | RotErr = 1.5761 rad (90.3012 deg) | TransErr = 45.13 mm [FAILS]
    Alternative Pair with Shard 14 (NOT ACTIVE IN TREE):
      Candidate choice=1 inlier=48 | RotErr = 2.7755 rad (159.0222 deg) | TransErr = 23.79 mm [FAILS]
      Candidate choice=2 inlier=16 | RotErr = 0.8097 rad (46.3935 deg) | TransErr = 26.97 mm [FAILS]
    Alternative Pair with Shard 16 (NOT ACTIVE IN TREE):
      Candidate choice=1 inlier=32 | RotErr = 3.0876 rad (176.9079 deg) | TransErr = 101.81 mm [FAILS]
    Alternative Pair with Shard 13 (NOT ACTIVE IN TREE):
      Candidate choice=1 inlier=14 | RotErr = 2.9714 rad (170.2481 deg) | TransErr = 50.51 mm [FAILS]
    Alternative Pair with Shard 17 (NOT ACTIVE IN TREE):
      Candidate choice=1 inlier=66 | RotErr = 0.4083 rad (23.3951 deg) | TransErr = 21.36 mm [FAILS]
    Alternative Pair with Shard 27 (ACTIVE IN TREE) [SKIPPED]
  Shard 13 (placed by parent 18):
    Alternative Pair with Shard 1 (NOT ACTIVE IN TREE):
      Candidate choice=1 inlier=0 | RotErr = 0.3110 rad (17.8165 deg) | TransErr = 102.47 mm [FAILS]
      Candidate choice=2 inlier=22 | RotErr = 2.8797 rad (164.9950 deg) | TransErr = 126.31 mm [FAILS]
    Alternative Pair with Shard 10 (NOT ACTIVE IN TREE):
      Candidate choice=1 inlier=28 | RotErr = 2.8819 rad (165.1190 deg) | TransErr = 142.38 mm [FAILS]
    Alternative Pair with Shard 23 (NOT ACTIVE IN TREE):
      Candidate choice=1 inlier=58 | RotErr = 2.9878 rad (171.1868 deg) | TransErr = 62.61 mm [FAILS]
    Alternative Pair with Shard 24 (NOT ACTIVE IN TREE):
      [No match candidates found]
    Alternative Pair with Shard 6 (NOT ACTIVE IN TREE):
      Candidate choice=1 inlier=68 | RotErr = 2.3399 rad (134.0657 deg) | TransErr = 31.32 mm [FAILS]
      Candidate choice=2 inlier=48 | RotErr = 0.5445 rad (31.1974 deg) | TransErr = 30.70 mm [FAILS]
      Candidate choice=3 inlier=30 | RotErr = 2.8818 rad (165.1143 deg) | TransErr = 185.78 mm [FAILS]
    Alternative Pair with Shard 21 (NOT ACTIVE IN TREE):
      [No match candidates found]
    Alternative Pair with Shard 9 (NOT ACTIVE IN TREE):
      Candidate choice=1 inlier=36 | RotErr = 0.6882 rad (39.4338 deg) | TransErr = 35.63 mm [FAILS]
      Candidate choice=2 inlier=36 | RotErr = 1.2301 rad (70.4813 deg) | TransErr = 18.12 mm [FAILS]
    Alternative Pair with Shard 12 (NOT ACTIVE IN TREE):
      Candidate choice=1 inlier=0 | RotErr = 0.5778 rad (33.1065 deg) | TransErr = 74.67 mm [FAILS]
      Candidate choice=2 inlier=30 | RotErr = 2.0167 rad (115.5506 deg) | TransErr = 38.59 mm [FAILS]
    Alternative Pair with Shard 19 (NOT ACTIVE IN TREE):
      Candidate choice=1 inlier=36 | RotErr = 1.8165 rad (104.0750 deg) | TransErr = 162.75 mm [FAILS]
    Alternative Pair with Shard 2 (NOT ACTIVE IN TREE):
      Candidate choice=1 inlier=46 | RotErr = 0.9855 rad (56.4659 deg) | TransErr = 21.72 mm [FAILS]
      Candidate choice=2 inlier=70 | RotErr = 2.9034 rad (166.3543 deg) | TransErr = 160.46 mm [FAILS]
      Candidate choice=3 inlier=38 | RotErr = 3.0456 rad (174.5023 deg) | TransErr = 150.62 mm [FAILS]
    Alternative Pair with Shard 5 (NOT ACTIVE IN TREE):
      [No match candidates found]
    Alternative Pair with Shard 7 (NOT ACTIVE IN TREE):
      Candidate choice=1 inlier=0 | RotErr = 2.8287 rad (162.0731 deg) | TransErr = 21.23 mm [FAILS]
      Candidate choice=2 inlier=38 | RotErr = 3.1107 rad (178.2321 deg) | TransErr = 54.77 mm [FAILS]
      Candidate choice=3 inlier=10 | RotErr = 2.3868 rad (136.7556 deg) | TransErr = 45.80 mm [FAILS]
      Candidate choice=4 inlier=32 | RotErr = 1.1936 rad (68.3905 deg) | TransErr = 165.96 mm [FAILS]
    Alternative Pair with Shard 15 (NOT ACTIVE IN TREE):
      [No match candidates found]
    Alternative Pair with Shard 22 (NOT ACTIVE IN TREE):
      [No match candidates found]
    Alternative Pair with Shard 3 (NOT ACTIVE IN TREE):
      [No match candidates found]
    Alternative Pair with Shard 20 (NOT ACTIVE IN TREE):
      [No match candidates found]
    Alternative Pair with Shard 25 (NOT ACTIVE IN TREE):
      Candidate choice=1 inlier=16 | RotErr = 2.0109 rad (115.2161 deg) | TransErr = 97.59 mm [FAILS]
      Candidate choice=2 inlier=12 | RotErr = 0.3956 rad (22.6683 deg) | TransErr = 28.50 mm [FAILS]
    Alternative Pair with Shard 26 (NOT ACTIVE IN TREE):
      Candidate choice=1 inlier=28 | RotErr = 3.0285 rad (173.5176 deg) | TransErr = 123.81 mm [FAILS]
      Candidate choice=2 inlier=34 | RotErr = 0.1649 rad (9.4462 deg) | TransErr = 7.43 mm [PASSES] -> Reward: +20.00
    Alternative Pair with Shard 11 (NOT ACTIVE IN TREE):
      Candidate choice=1 inlier=28 | RotErr = 2.9931 rad (171.4916 deg) | TransErr = 21.62 mm [FAILS]
    Alternative Pair with Shard 18 (ACTIVE IN TREE) [SKIPPED]
    Alternative Pair with Shard 8 (NOT ACTIVE IN TREE):
      Candidate choice=1 inlier=40 | RotErr = 2.6233 rad (150.3015 deg) | TransErr = 47.49 mm [FAILS]
      Candidate choice=2 inlier=44 | RotErr = 0.4662 rad (26.7112 deg) | TransErr = 138.43 mm [FAILS]
    Alternative Pair with Shard 14 (NOT ACTIVE IN TREE):
      Candidate choice=1 inlier=0 | RotErr = 1.4997 rad (85.9275 deg) | TransErr = 193.39 mm [FAILS]
      Candidate choice=2 inlier=6 | RotErr = 2.7827 rad (159.4358 deg) | TransErr = 65.17 mm [FAILS]
      Candidate choice=3 inlier=6 | RotErr = 2.8886 rad (165.5040 deg) | TransErr = 65.90 mm [FAILS]
      Candidate choice=4 inlier=0 | RotErr = 2.6836 rad (153.7563 deg) | TransErr = 223.58 mm [FAILS]
      Candidate choice=5 inlier=0 | RotErr = 0.8450 rad (48.4152 deg) | TransErr = 266.27 mm [FAILS]
    Alternative Pair with Shard 16 (NOT ACTIVE IN TREE):
      [No match candidates found]
    Alternative Pair with Shard 4 (NOT ACTIVE IN TREE):
      Candidate choice=1 inlier=14 | RotErr = 2.9714 rad (170.2481 deg) | TransErr = 50.51 mm [FAILS]
    Alternative Pair with Shard 17 (NOT ACTIVE IN TREE):
      [No match candidates found]
    Alternative Pair with Shard 27 (NOT ACTIVE IN TREE):
      Candidate choice=1 inlier=16 | RotErr = 2.8961 rad (165.9345 deg) | TransErr = 47.76 mm [FAILS]
      Candidate choice=2 inlier=30 | RotErr = 3.1238 rad (178.9810 deg) | TransErr = 50.18 mm [FAILS]
  Shard 17 (placed by parent 14):
    Alternative Pair with Shard 1 (NOT ACTIVE IN TREE):
      [No match candidates found]
    Alternative Pair with Shard 10 (NOT ACTIVE IN TREE):
      [No match candidates found]
    Alternative Pair with Shard 23 (NOT ACTIVE IN TREE):
      [No match candidates found]
    Alternative Pair with Shard 24 (NOT ACTIVE IN TREE):
      [No match candidates found]
    Alternative Pair with Shard 6 (NOT ACTIVE IN TREE):
      [No match candidates found]
    Alternative Pair with Shard 21 (NOT ACTIVE IN TREE):
      [No match candidates found]
    Alternative Pair with Shard 9 (NOT ACTIVE IN TREE):
      [No match candidates found]
    Alternative Pair with Shard 12 (NOT ACTIVE IN TREE):
      [No match candidates found]
    Alternative Pair with Shard 19 (NOT ACTIVE IN TREE):
      Candidate choice=1 inlier=40 | RotErr = 1.6805 rad (96.2881 deg) | TransErr = 18.08 mm [FAILS]
    Alternative Pair with Shard 2 (NOT ACTIVE IN TREE):
      [No match candidates found]
    Alternative Pair with Shard 5 (NOT ACTIVE IN TREE):
      Candidate choice=1 inlier=59 | RotErr = 3.0985 rad (177.5287 deg) | TransErr = 12.00 mm [FAILS]
    Alternative Pair with Shard 7 (NOT ACTIVE IN TREE):
      [No match candidates found]
    Alternative Pair with Shard 15 (NOT ACTIVE IN TREE):
      Candidate choice=1 inlier=14 | RotErr = 2.7842 rad (159.5201 deg) | TransErr = 83.50 mm [FAILS]
    Alternative Pair with Shard 22 (NOT ACTIVE IN TREE):
      [No match candidates found]
    Alternative Pair with Shard 3 (NOT ACTIVE IN TREE):
      Candidate choice=1 inlier=79 | RotErr = 0.0826 rad (4.7305 deg) | TransErr = 4.89 mm [PASSES] -> Reward: +20.00
    Alternative Pair with Shard 20 (NOT ACTIVE IN TREE):
      Candidate choice=1 inlier=30 | RotErr = 1.3731 rad (78.6714 deg) | TransErr = 16.66 mm [FAILS]
    Alternative Pair with Shard 25 (NOT ACTIVE IN TREE):
      [No match candidates found]
    Alternative Pair with Shard 26 (NOT ACTIVE IN TREE):
      Candidate choice=1 inlier=34 | RotErr = 2.7485 rad (157.4790 deg) | TransErr = 120.22 mm [FAILS]
    Alternative Pair with Shard 11 (NOT ACTIVE IN TREE):
      Candidate choice=1 inlier=66 | RotErr = 2.4609 rad (140.9988 deg) | TransErr = 14.52 mm [FAILS]
    Alternative Pair with Shard 18 (NOT ACTIVE IN TREE):
      [No match candidates found]
    Alternative Pair with Shard 8 (NOT ACTIVE IN TREE):
      Candidate choice=1 inlier=40 | RotErr = 1.0285 rad (58.9312 deg) | TransErr = 7.54 mm [FAILS]
      Candidate choice=2 inlier=53 | RotErr = 3.0928 rad (177.2046 deg) | TransErr = 136.39 mm [FAILS]
    Alternative Pair with Shard 14 (ACTIVE IN TREE) [SKIPPED]
    Alternative Pair with Shard 16 (NOT ACTIVE IN TREE):
      [No match candidates found]
    Alternative Pair with Shard 4 (NOT ACTIVE IN TREE):
      Candidate choice=1 inlier=66 | RotErr = 0.4083 rad (23.3951 deg) | TransErr = 21.36 mm [FAILS]
    Alternative Pair with Shard 13 (NOT ACTIVE IN TREE):
      [No match candidates found]
    Alternative Pair with Shard 27 (NOT ACTIVE IN TREE):
      Candidate choice=1 inlier=30 | RotErr = 0.7724 rad (44.2564 deg) | TransErr = 39.32 mm [FAILS]
  Shard 27 (placed by parent 4):
    Alternative Pair with Shard 1 (NOT ACTIVE IN TREE):
      [No match candidates found]
    Alternative Pair with Shard 10 (NOT ACTIVE IN TREE):
      [No match candidates found]
    Alternative Pair with Shard 23 (NOT ACTIVE IN TREE):
      [No match candidates found]
    Alternative Pair with Shard 24 (NOT ACTIVE IN TREE):
      [No match candidates found]
    Alternative Pair with Shard 6 (NOT ACTIVE IN TREE):
      Candidate choice=1 inlier=26 | RotErr = 3.1183 rad (178.6671 deg) | TransErr = 18.93 mm [FAILS]
    Alternative Pair with Shard 21 (NOT ACTIVE IN TREE):
      [No match candidates found]
    Alternative Pair with Shard 9 (NOT ACTIVE IN TREE):
      [No match candidates found]
    Alternative Pair with Shard 12 (NOT ACTIVE IN TREE):
      [No match candidates found]
    Alternative Pair with Shard 19 (NOT ACTIVE IN TREE):
      [No match candidates found]
    Alternative Pair with Shard 2 (NOT ACTIVE IN TREE):
      Candidate choice=1 inlier=30 | RotErr = 3.0446 rad (174.4434 deg) | TransErr = 31.83 mm [FAILS]
    Alternative Pair with Shard 5 (NOT ACTIVE IN TREE):
      [No match candidates found]
    Alternative Pair with Shard 7 (NOT ACTIVE IN TREE):
      [No match candidates found]
    Alternative Pair with Shard 15 (NOT ACTIVE IN TREE):
      [No match candidates found]
    Alternative Pair with Shard 22 (NOT ACTIVE IN TREE):
      [No match candidates found]
    Alternative Pair with Shard 3 (NOT ACTIVE IN TREE):
      [No match candidates found]
    Alternative Pair with Shard 20 (NOT ACTIVE IN TREE):
      [No match candidates found]
    Alternative Pair with Shard 25 (NOT ACTIVE IN TREE):
      Candidate choice=1 inlier=22 | RotErr = 2.9879 rad (171.1964 deg) | TransErr = 54.19 mm [FAILS]
    Alternative Pair with Shard 26 (NOT ACTIVE IN TREE):
      [No match candidates found]
    Alternative Pair with Shard 11 (NOT ACTIVE IN TREE):
      Candidate choice=1 inlier=39 | RotErr = 1.0248 rad (58.7188 deg) | TransErr = 11.30 mm [FAILS]
      Candidate choice=2 inlier=30 | RotErr = 3.0372 rad (174.0172 deg) | TransErr = 15.76 mm [FAILS]
    Alternative Pair with Shard 18 (NOT ACTIVE IN TREE):
      [No match candidates found]
    Alternative Pair with Shard 8 (NOT ACTIVE IN TREE):
      [No match candidates found]
    Alternative Pair with Shard 14 (NOT ACTIVE IN TREE):
      Candidate choice=1 inlier=28 | RotErr = 0.3112 rad (17.8314 deg) | TransErr = 21.47 mm [FAILS]
    Alternative Pair with Shard 16 (NOT ACTIVE IN TREE):
      [No match candidates found]
    Alternative Pair with Shard 4 (ACTIVE IN TREE) [SKIPPED]
    Alternative Pair with Shard 13 (NOT ACTIVE IN TREE):
      Candidate choice=1 inlier=16 | RotErr = 2.8961 rad (165.9345 deg) | TransErr = 47.76 mm [FAILS]
      Candidate choice=2 inlier=30 | RotErr = 3.1238 rad (178.9810 deg) | TransErr = 50.18 mm [FAILS]
    Alternative Pair with Shard 17 (NOT ACTIVE IN TREE):
      Candidate choice=1 inlier=30 | RotErr = 0.7724 rad (44.2564 deg) | TransErr = 39.32 mm [FAILS]
  Total Logged Consensus Reward: 640.00
=========================================================
