[ICP MODE] compare (flags: --icp-mode=global|incremental|compare)
#################### Pottery Data load ####################
Attempting to read file: /Dataset/SfS_pp/Axes/Pot_I_Piece_01_Axis.xyz
File opened successfully
Successfully read 1 points
Attempting to read PCD file: /Dataset/SfS_pp/Breaklines/Pot_I_Piece_01_Breakline_0.pcd
File opened successfully
Found 5 segments, 224 total points
Processing 224 points
Found 224 unique points
Successfully processed PCD file
Attempting to read XYZ file: /Dataset/SfS_pp/Surfaces/Pot_I_Piece_01_Surface_0.xyz
Found 16879 total points, reading 16879 points
Successfully read 16879 points
Attempting to read XYZ file: /Dataset/SfS_pp/Surfaces/Pot_I_Piece_01_Surface_1.xyz
Found 19004 total points, reading 19004 points
Successfully read 19004 points
Attempting to read PCD file: /Dataset/SfS_pp/Surfaces/Pot_I_Piece_01_Surface_F.pcd
Error: Could not open file /Dataset/SfS_pp/Surfaces/Pot_I_Piece_01_Surface_F.pcd
Attempting to read file: /Dataset/SfS_pp/Axes/Pot_I_Piece_02_Axis.xyz
File opened successfully
Successfully read 1 points
Attempting to read PCD file: /Dataset/SfS_pp/Breaklines/Pot_I_Piece_02_Breakline_0.pcd
File opened successfully
Found 6 segments, 170 total points
Processing 170 points
Found 170 unique points
Successfully processed PCD file
Attempting to read XYZ file: /Dataset/SfS_pp/Surfaces/Pot_I_Piece_02_Surface_0.xyz
Found 13767 total points, reading 13767 points
Successfully read 13767 points
Attempting to read XYZ file: /Dataset/SfS_pp/Surfaces/Pot_I_Piece_02_Surface_1.xyz
Found 15906 total points, reading 15906 points
Successfully read 15906 points
Attempting to read PCD file: /Dataset/SfS_pp/Surfaces/Pot_I_Piece_02_Surface_F.pcd
Error: Could not open file /Dataset/SfS_pp/Surfaces/Pot_I_Piece_02_Surface_F.pcd
Attempting to read file: /Dataset/SfS_pp/Axes/Pot_I_Piece_03_Axis.xyz
File opened successfully
Successfully read 1 points
Attempting to read PCD file: /Dataset/SfS_pp/Breaklines/Pot_I_Piece_03_Breakline_0.pcd
File opened successfully
Found 3 segments, 178 total points
Processing 178 points
Found 178 unique points
Successfully processed PCD file
Attempting to read XYZ file: /Dataset/SfS_pp/Surfaces/Pot_I_Piece_03_Surface_0.xyz
Found 15790 total points, reading 15790 points
Successfully read 15790 points
Attempting to read XYZ file: /Dataset/SfS_pp/Surfaces/Pot_I_Piece_03_Surface_1.xyz
Found 19133 total points, reading 19133 points
Successfully read 19133 points
Attempting to read PCD file: /Dataset/SfS_pp/Surfaces/Pot_I_Piece_03_Surface_F.pcd
Error: Could not open file /Dataset/SfS_pp/Surfaces/Pot_I_Piece_03_Surface_F.pcd
Attempting to read file: /Dataset/SfS_pp/Axes/Pot_I_Piece_04_Axis.xyz
File opened successfully
Successfully read 1 points
Attempting to read PCD file: /Dataset/SfS_pp/Breaklines/Pot_I_Piece_04_Breakline_0.pcd
File opened successfully
Found 4 segments, 152 total points
Processing 152 points
Found 152 unique points
Successfully processed PCD file
Attempting to read XYZ file: /Dataset/SfS_pp/Surfaces/Pot_I_Piece_04_Surface_0.xyz
Found 11951 total points, reading 11951 points
Successfully read 11951 points
Attempting to read XYZ file: /Dataset/SfS_pp/Surfaces/Pot_I_Piece_04_Surface_1.xyz
Found 15588 total points, reading 15588 points
Successfully read 15588 points
Attempting to read PCD file: /Dataset/SfS_pp/Surfaces/Pot_I_Piece_04_Surface_F.pcd
Error: Could not open file /Dataset/SfS_pp/Surfaces/Pot_I_Piece_04_Surface_F.pcd
Attempting to read file: /Dataset/SfS_pp/Axes/Pot_I_Piece_05_Axis.xyz
File opened successfully
Successfully read 1 points
Attempting to read PCD file: /Dataset/SfS_pp/Breaklines/Pot_I_Piece_05_Breakline_0.pcd
File opened successfully
Found 5 segments, 172 total points
Processing 172 points
Found 172 unique points
Successfully processed PCD file
Attempting to read XYZ file: /Dataset/SfS_pp/Surfaces/Pot_I_Piece_05_Surface_0.xyz
Found 14072 total points, reading 14072 points
Successfully read 14072 points
Attempting to read XYZ file: /Dataset/SfS_pp/Surfaces/Pot_I_Piece_05_Surface_1.xyz
Found 16653 total points, reading 16653 points
Successfully read 16653 points
Attempting to read PCD file: /Dataset/SfS_pp/Surfaces/Pot_I_Piece_05_Surface_F.pcd
Error: Could not open file /Dataset/SfS_pp/Surfaces/Pot_I_Piece_05_Surface_F.pcd
Attempting to read file: /Dataset/SfS_pp/Axes/Pot_I_Piece_06_Axis.xyz
File opened successfully
Successfully read 1 points
Attempting to read PCD file: /Dataset/SfS_pp/Breaklines/Pot_I_Piece_06_Breakline_0.pcd
File opened successfully
Found 5 segments, 142 total points
Processing 142 points
Found 142 unique points
Successfully processed PCD file
Attempting to read XYZ file: /Dataset/SfS_pp/Surfaces/Pot_I_Piece_06_Surface_0.xyz
Found 11552 total points, reading 11552 points
Successfully read 11552 points
Attempting to read XYZ file: /Dataset/SfS_pp/Surfaces/Pot_I_Piece_06_Surface_1.xyz
Found 13810 total points, reading 13810 points
Successfully read 13810 points
Attempting to read PCD file: /Dataset/SfS_pp/Surfaces/Pot_I_Piece_06_Surface_F.pcd
Error: Could not open file /Dataset/SfS_pp/Surfaces/Pot_I_Piece_06_Surface_F.pcd
Attempting to read file: /Dataset/SfS_pp/Axes/Pot_I_Piece_07_Axis.xyz
File opened successfully
Successfully read 1 points
Attempting to read PCD file: /Dataset/SfS_pp/Breaklines/Pot_I_Piece_07_Breakline_0.pcd
File opened successfully
Found 4 segments, 184 total points
Processing 184 points
Found 184 unique points
Successfully processed PCD file
Attempting to read XYZ file: /Dataset/SfS_pp/Surfaces/Pot_I_Piece_07_Surface_0.xyz
Found 14747 total points, reading 14747 points
Successfully read 14747 points
Attempting to read XYZ file: /Dataset/SfS_pp/Surfaces/Pot_I_Piece_07_Surface_1.xyz
Found 17560 total points, reading 17560 points
Successfully read 17560 points
Attempting to read PCD file: /Dataset/SfS_pp/Surfaces/Pot_I_Piece_07_Surface_F.pcd
Error: Could not open file /Dataset/SfS_pp/Surfaces/Pot_I_Piece_07_Surface_F.pcd
Attempting to read file: /Dataset/SfS_pp/Axes/Pot_I_Piece_08_Axis.xyz
File opened successfully
Successfully read 1 points
Attempting to read PCD file: /Dataset/SfS_pp/Breaklines/Pot_I_Piece_08_Breakline_0.pcd
File opened successfully
Found 3 segments, 158 total points
Processing 158 points
Found 158 unique points
Successfully processed PCD file
Attempting to read XYZ file: /Dataset/SfS_pp/Surfaces/Pot_I_Piece_08_Surface_0.xyz
Found 11722 total points, reading 11722 points
Successfully read 11722 points
Attempting to read XYZ file: /Dataset/SfS_pp/Surfaces/Pot_I_Piece_08_Surface_1.xyz
Found 14081 total points, reading 14081 points
Successfully read 14081 points
Attempting to read PCD file: /Dataset/SfS_pp/Surfaces/Pot_I_Piece_08_Surface_F.pcd
Error: Could not open file /Dataset/SfS_pp/Surfaces/Pot_I_Piece_08_Surface_F.pcd
Attempting to read file: /Dataset/SfS_pp/Axes/Pot_I_Piece_09_Axis.xyz
File opened successfully
Successfully read 1 points
Attempting to read PCD file: /Dataset/SfS_pp/Breaklines/Pot_I_Piece_09_Breakline_0.pcd
File opened successfully
Found 4 segments, 189 total points
Processing 189 points
Found 189 unique points
Successfully processed PCD file
Attempting to read XYZ file: /Dataset/SfS_pp/Surfaces/Pot_I_Piece_09_Surface_0.xyz
Found 11398 total points, reading 11398 points
Successfully read 11398 points
Attempting to read XYZ file: /Dataset/SfS_pp/Surfaces/Pot_I_Piece_09_Surface_1.xyz
Found 12748 total points, reading 12748 points
Successfully read 12748 points
Attempting to read PCD file: /Dataset/SfS_pp/Surfaces/Pot_I_Piece_09_Surface_F.pcd
Error: Could not open file /Dataset/SfS_pp/Surfaces/Pot_I_Piece_09_Surface_F.pcd
Attempting to read file: /Dataset/SfS_pp/Axes/Pot_I_Piece_10_Axis.xyz
File opened successfully
Successfully read 1 points
Attempting to read PCD file: /Dataset/SfS_pp/Breaklines/Pot_I_Piece_10_Breakline_0.pcd
File opened successfully
Found 3 segments, 174 total points
Processing 174 points
Found 174 unique points
Successfully processed PCD file
Attempting to read XYZ file: /Dataset/SfS_pp/Surfaces/Pot_I_Piece_10_Surface_0.xyz
Found 11291 total points, reading 11291 points
Successfully read 11291 points
Attempting to read XYZ file: /Dataset/SfS_pp/Surfaces/Pot_I_Piece_10_Surface_1.xyz
Found 12336 total points, reading 12336 points
Successfully read 12336 points
Attempting to read PCD file: /Dataset/SfS_pp/Surfaces/Pot_I_Piece_10_Surface_F.pcd
Error: Could not open file /Dataset/SfS_pp/Surfaces/Pot_I_Piece_10_Surface_F.pcd
Attempting to read file: /Dataset/SfS_pp/Axes/Pot_I_Piece_11_Axis.xyz
File opened successfully
Successfully read 1 points
Attempting to read PCD file: /Dataset/SfS_pp/Breaklines/Pot_I_Piece_11_Breakline_0.pcd
File opened successfully
Found 3 segments, 163 total points
Processing 163 points
Found 163 unique points
Successfully processed PCD file
Attempting to read XYZ file: /Dataset/SfS_pp/Surfaces/Pot_I_Piece_11_Surface_0.xyz
Found 9391 total points, reading 9391 points
Successfully read 9391 points
Attempting to read XYZ file: /Dataset/SfS_pp/Surfaces/Pot_I_Piece_11_Surface_1.xyz
Found 10071 total points, reading 10071 points
Successfully read 10071 points
Attempting to read PCD file: /Dataset/SfS_pp/Surfaces/Pot_I_Piece_11_Surface_F.pcd
Error: Could not open file /Dataset/SfS_pp/Surfaces/Pot_I_Piece_11_Surface_F.pcd
Attempting to read file: /Dataset/SfS_pp/Axes/Pot_I_Piece_12_Axis.xyz
File opened successfully
Successfully read 1 points
Attempting to read PCD file: /Dataset/SfS_pp/Breaklines/Pot_I_Piece_12_Breakline_0.pcd
File opened successfully
Found 4 segments, 161 total points
Processing 161 points
Found 161 unique points
Successfully processed PCD file
Attempting to read XYZ file: /Dataset/SfS_pp/Surfaces/Pot_I_Piece_12_Surface_0.xyz
Found 9528 total points, reading 9528 points
Successfully read 9528 points
Attempting to read XYZ file: /Dataset/SfS_pp/Surfaces/Pot_I_Piece_12_Surface_1.xyz
Found 10872 total points, reading 10872 points
Successfully read 10872 points
Attempting to read PCD file: /Dataset/SfS_pp/Surfaces/Pot_I_Piece_12_Surface_F.pcd
Error: Could not open file /Dataset/SfS_pp/Surfaces/Pot_I_Piece_12_Surface_F.pcd
Attempting to read file: /Dataset/SfS_pp/Axes/Pot_I_Piece_13_Axis.xyz
File opened successfully
Successfully read 1 points
Attempting to read PCD file: /Dataset/SfS_pp/Breaklines/Pot_I_Piece_13_Breakline_0.pcd
File opened successfully
Found 5 segments, 131 total points
Processing 131 points
Found 131 unique points
Successfully processed PCD file
Attempting to read XYZ file: /Dataset/SfS_pp/Surfaces/Pot_I_Piece_13_Surface_0.xyz
Found 8908 total points, reading 8908 points
Successfully read 8908 points
Attempting to read XYZ file: /Dataset/SfS_pp/Surfaces/Pot_I_Piece_13_Surface_1.xyz
Found 9737 total points, reading 9737 points
Successfully read 9737 points
Attempting to read PCD file: /Dataset/SfS_pp/Surfaces/Pot_I_Piece_13_Surface_F.pcd
Error: Could not open file /Dataset/SfS_pp/Surfaces/Pot_I_Piece_13_Surface_F.pcd
Attempting to read file: /Dataset/SfS_pp/Axes/Pot_I_Piece_14_Axis.xyz
File opened successfully
Successfully read 1 points
Attempting to read PCD file: /Dataset/SfS_pp/Breaklines/Pot_I_Piece_14_Breakline_0.pcd
File opened successfully
Found 4 segments, 140 total points
Processing 140 points
Found 140 unique points
Successfully processed PCD file
Attempting to read XYZ file: /Dataset/SfS_pp/Surfaces/Pot_I_Piece_14_Surface_0.xyz
Found 8769 total points, reading 8769 points
Successfully read 8769 points
Attempting to read XYZ file: /Dataset/SfS_pp/Surfaces/Pot_I_Piece_14_Surface_1.xyz
Found 9208 total points, reading 9208 points
Successfully read 9208 points
Attempting to read PCD file: /Dataset/SfS_pp/Surfaces/Pot_I_Piece_14_Surface_F.pcd
Error: Could not open file /Dataset/SfS_pp/Surfaces/Pot_I_Piece_14_Surface_F.pcd
Attempting to read file: /Dataset/SfS_pp/Axes/Pot_I_Piece_15_Axis.xyz
File opened successfully
Successfully read 1 points
Attempting to read PCD file: /Dataset/SfS_pp/Breaklines/Pot_I_Piece_15_Breakline_0.pcd
File opened successfully
Found 4 segments, 132 total points
Processing 132 points
Found 132 unique points
Successfully processed PCD file
Attempting to read XYZ file: /Dataset/SfS_pp/Surfaces/Pot_I_Piece_15_Surface_0.xyz
Found 8645 total points, reading 8645 points
Successfully read 8645 points
Attempting to read XYZ file: /Dataset/SfS_pp/Surfaces/Pot_I_Piece_15_Surface_1.xyz
Found 9879 total points, reading 9879 points
Successfully read 9879 points
Attempting to read PCD file: /Dataset/SfS_pp/Surfaces/Pot_I_Piece_15_Surface_F.pcd
Error: Could not open file /Dataset/SfS_pp/Surfaces/Pot_I_Piece_15_Surface_F.pcd
Attempting to read file: /Dataset/SfS_pp/Axes/Pot_I_Piece_16_Axis.xyz
File opened successfully
Successfully read 1 points
Attempting to read PCD file: /Dataset/SfS_pp/Breaklines/Pot_I_Piece_16_Breakline_0.pcd
File opened successfully
Found 3 segments, 121 total points
Processing 121 points
Found 121 unique points
Successfully processed PCD file
Attempting to read XYZ file: /Dataset/SfS_pp/Surfaces/Pot_I_Piece_16_Surface_0.xyz
Found 4623 total points, reading 4623 points
Successfully read 4623 points
Attempting to read XYZ file: /Dataset/SfS_pp/Surfaces/Pot_I_Piece_16_Surface_1.xyz
Found 5808 total points, reading 5808 points
Successfully read 5808 points
Attempting to read PCD file: /Dataset/SfS_pp/Surfaces/Pot_I_Piece_16_Surface_F.pcd
Error: Could not open file /Dataset/SfS_pp/Surfaces/Pot_I_Piece_16_Surface_F.pcd
Attempting to read file: /Dataset/SfS_pp/Axes/Pot_I_Piece_17_Axis.xyz
File opened successfully
Successfully read 1 points
Attempting to read PCD file: /Dataset/SfS_pp/Breaklines/Pot_I_Piece_17_Breakline_0.pcd
File opened successfully
Found 3 segments, 108 total points
Processing 108 points
Found 108 unique points
Successfully processed PCD file
Attempting to read XYZ file: /Dataset/SfS_pp/Surfaces/Pot_I_Piece_17_Surface_0.xyz
Found 4652 total points, reading 4652 points
Successfully read 4652 points
Attempting to read XYZ file: /Dataset/SfS_pp/Surfaces/Pot_I_Piece_17_Surface_1.xyz
Found 5878 total points, reading 5878 points
Successfully read 5878 points
Attempting to read PCD file: /Dataset/SfS_pp/Surfaces/Pot_I_Piece_17_Surface_F.pcd
Error: Could not open file /Dataset/SfS_pp/Surfaces/Pot_I_Piece_17_Surface_F.pcd
Attempting to read file: /Dataset/SfS_pp/Axes/Pot_I_Piece_18_Axis.xyz
File opened successfully
Successfully read 1 points
Attempting to read PCD file: /Dataset/SfS_pp/Breaklines/Pot_I_Piece_18_Breakline_0.pcd
File opened successfully
Found 4 segments, 129 total points
Processing 129 points
Found 129 unique points
Successfully processed PCD file
Attempting to read XYZ file: /Dataset/SfS_pp/Surfaces/Pot_I_Piece_18_Surface_0.xyz
Found 6314 total points, reading 6314 points
Successfully read 6314 points
Attempting to read XYZ file: /Dataset/SfS_pp/Surfaces/Pot_I_Piece_18_Surface_1.xyz
Found 6670 total points, reading 6670 points
Successfully read 6670 points
Attempting to read PCD file: /Dataset/SfS_pp/Surfaces/Pot_I_Piece_18_Surface_F.pcd
Error: Could not open file /Dataset/SfS_pp/Surfaces/Pot_I_Piece_18_Surface_F.pcd
Attempting to read file: /Dataset/SfS_pp/Axes/Pot_I_Piece_19_Axis.xyz
File opened successfully
Successfully read 1 points
Attempting to read PCD file: /Dataset/SfS_pp/Breaklines/Pot_I_Piece_19_Breakline_0.pcd
File opened successfully
Found 4 segments, 128 total points
Processing 128 points
Found 128 unique points
Successfully processed PCD file
Attempting to read XYZ file: /Dataset/SfS_pp/Surfaces/Pot_I_Piece_19_Surface_0.xyz
Found 7964 total points, reading 7964 points
Successfully read 7964 points
Attempting to read XYZ file: /Dataset/SfS_pp/Surfaces/Pot_I_Piece_19_Surface_1.xyz
Found 9222 total points, reading 9222 points
Successfully read 9222 points
Attempting to read PCD file: /Dataset/SfS_pp/Surfaces/Pot_I_Piece_19_Surface_F.pcd
Error: Could not open file /Dataset/SfS_pp/Surfaces/Pot_I_Piece_19_Surface_F.pcd
Attempting to read file: /Dataset/SfS_pp/Axes/Pot_I_Piece_20_Axis.xyz
File opened successfully
Successfully read 1 points
Attempting to read PCD file: /Dataset/SfS_pp/Breaklines/Pot_I_Piece_20_Breakline_0.pcd
File opened successfully
Found 4 segments, 105 total points
Processing 105 points
Found 105 unique points
Successfully processed PCD file
Attempting to read XYZ file: /Dataset/SfS_pp/Surfaces/Pot_I_Piece_20_Surface_0.xyz
Found 5201 total points, reading 5201 points
Successfully read 5201 points
Attempting to read XYZ file: /Dataset/SfS_pp/Surfaces/Pot_I_Piece_20_Surface_1.xyz
Found 6426 total points, reading 6426 points
Successfully read 6426 points
Attempting to read PCD file: /Dataset/SfS_pp/Surfaces/Pot_I_Piece_20_Surface_F.pcd
Error: Could not open file /Dataset/SfS_pp/Surfaces/Pot_I_Piece_20_Surface_F.pcd
Attempting to read file: /Dataset/SfS_pp/Axes/Pot_I_Piece_21_Axis.xyz
File opened successfully
Successfully read 1 points
Attempting to read PCD file: /Dataset/SfS_pp/Breaklines/Pot_I_Piece_21_Breakline_0.pcd
File opened successfully
Found 3 segments, 120 total points
Processing 120 points
Found 120 unique points
Successfully processed PCD file
Attempting to read XYZ file: /Dataset/SfS_pp/Surfaces/Pot_I_Piece_21_Surface_0.xyz
Found 4436 total points, reading 4436 points
Successfully read 4436 points
Attempting to read XYZ file: /Dataset/SfS_pp/Surfaces/Pot_I_Piece_21_Surface_1.xyz
Found 5068 total points, reading 5068 points
Successfully read 5068 points
Attempting to read PCD file: /Dataset/SfS_pp/Surfaces/Pot_I_Piece_21_Surface_F.pcd
Error: Could not open file /Dataset/SfS_pp/Surfaces/Pot_I_Piece_21_Surface_F.pcd
Attempting to read file: /Dataset/SfS_pp/Axes/Pot_I_Piece_22_Axis.xyz
File opened successfully
Successfully read 1 points
Attempting to read PCD file: /Dataset/SfS_pp/Breaklines/Pot_I_Piece_22_Breakline_0.pcd
File opened successfully
Found 3 segments, 91 total points
Processing 91 points
Found 91 unique points
Successfully processed PCD file
Attempting to read XYZ file: /Dataset/SfS_pp/Surfaces/Pot_I_Piece_22_Surface_0.xyz
Found 3552 total points, reading 3552 points
Successfully read 3552 points
Attempting to read XYZ file: /Dataset/SfS_pp/Surfaces/Pot_I_Piece_22_Surface_1.xyz
Found 4015 total points, reading 4015 points
Successfully read 4015 points
Attempting to read PCD file: /Dataset/SfS_pp/Surfaces/Pot_I_Piece_22_Surface_F.pcd
Error: Could not open file /Dataset/SfS_pp/Surfaces/Pot_I_Piece_22_Surface_F.pcd
Attempting to read file: /Dataset/SfS_pp/Axes/Pot_I_Piece_23_Axis.xyz
File opened successfully
Successfully read 1 points
Attempting to read PCD file: /Dataset/SfS_pp/Breaklines/Pot_I_Piece_23_Breakline_0.pcd
File opened successfully
Found 4 segments, 88 total points
Processing 88 points
Found 88 unique points
Successfully processed PCD file
Attempting to read XYZ file: /Dataset/SfS_pp/Surfaces/Pot_I_Piece_23_Surface_0.xyz
Found 3379 total points, reading 3379 points
Successfully read 3379 points
Attempting to read XYZ file: /Dataset/SfS_pp/Surfaces/Pot_I_Piece_23_Surface_1.xyz
Found 3661 total points, reading 3661 points
Successfully read 3661 points
Attempting to read PCD file: /Dataset/SfS_pp/Surfaces/Pot_I_Piece_23_Surface_F.pcd
Error: Could not open file /Dataset/SfS_pp/Surfaces/Pot_I_Piece_23_Surface_F.pcd
Attempting to read file: /Dataset/SfS_pp/Axes/Pot_I_Piece_24_Axis.xyz
File opened successfully
Successfully read 1 points
Attempting to read PCD file: /Dataset/SfS_pp/Breaklines/Pot_I_Piece_24_Breakline_0.pcd
File opened successfully
Found 3 segments, 75 total points
Processing 75 points
Found 75 unique points
Successfully processed PCD file
Attempting to read XYZ file: /Dataset/SfS_pp/Surfaces/Pot_I_Piece_24_Surface_0.xyz
Found 2411 total points, reading 2411 points
Successfully read 2411 points
Attempting to read XYZ file: /Dataset/SfS_pp/Surfaces/Pot_I_Piece_24_Surface_1.xyz
Found 2553 total points, reading 2553 points
Successfully read 2553 points
Attempting to read PCD file: /Dataset/SfS_pp/Surfaces/Pot_I_Piece_24_Surface_F.pcd
Error: Could not open file /Dataset/SfS_pp/Surfaces/Pot_I_Piece_24_Surface_F.pcd
Attempting to read file: /Dataset/SfS_pp/Axes/Pot_I_Piece_25_Axis.xyz
File opened successfully
Successfully read 2 points
Attempting to read PCD file: /Dataset/SfS_pp/Breaklines/Pot_I_Piece_25_Breakline_0.pcd
File opened successfully
Found 3 segments, 69 total points
Processing 69 points
Found 69 unique points
Successfully processed PCD file
Attempting to read XYZ file: /Dataset/SfS_pp/Surfaces/Pot_I_Piece_25_Surface_0.xyz
Found 1872 total points, reading 1872 points
Successfully read 1872 points
Attempting to read XYZ file: /Dataset/SfS_pp/Surfaces/Pot_I_Piece_25_Surface_1.xyz
Found 1366 total points, reading 1366 points
Successfully read 1366 points
Attempting to read PCD file: /Dataset/SfS_pp/Surfaces/Pot_I_Piece_25_Surface_F.pcd
Error: Could not open file /Dataset/SfS_pp/Surfaces/Pot_I_Piece_25_Surface_F.pcd
Attempting to read file: /Dataset/SfS_pp/Axes/Pot_I_Piece_26_Axis.xyz
File opened successfully
Successfully read 1 points
Attempting to read PCD file: /Dataset/SfS_pp/Breaklines/Pot_I_Piece_26_Breakline_0.pcd
File opened successfully
Found 3 segments, 78 total points
Processing 78 points
Found 78 unique points
Successfully processed PCD file
Attempting to read XYZ file: /Dataset/SfS_pp/Surfaces/Pot_I_Piece_26_Surface_0.xyz
Found 1420 total points, reading 1420 points
Successfully read 1420 points
Attempting to read XYZ file: /Dataset/SfS_pp/Surfaces/Pot_I_Piece_26_Surface_1.xyz
Found 1579 total points, reading 1579 points
Successfully read 1579 points
Attempting to read PCD file: /Dataset/SfS_pp/Surfaces/Pot_I_Piece_26_Surface_F.pcd
Error: Could not open file /Dataset/SfS_pp/Surfaces/Pot_I_Piece_26_Surface_F.pcd
Attempting to read file: /Dataset/SfS_pp/Axes/Pot_I_Piece_27_Axis.xyz
File opened successfully
Successfully read 1 points
Attempting to read PCD file: /Dataset/SfS_pp/Breaklines/Pot_I_Piece_27_Breakline_0.pcd
File opened successfully
Found 3 segments, 53 total points
Processing 53 points
Found 53 unique points
Successfully processed PCD file
Attempting to read XYZ file: /Dataset/SfS_pp/Surfaces/Pot_I_Piece_27_Surface_0.xyz
Found 969 total points, reading 969 points
Successfully read 969 points
Attempting to read XYZ file: /Dataset/SfS_pp/Surfaces/Pot_I_Piece_27_Surface_1.xyz
Found 1270 total points, reading 1270 points
Successfully read 1270 points
Attempting to read PCD file: /Dataset/SfS_pp/Surfaces/Pot_I_Piece_27_Surface_F.pcd
Error: Could not open file /Dataset/SfS_pp/Surfaces/Pot_I_Piece_27_Surface_F.pcd
Attempting to read file: /Dataset/SfS_pp/Axes/Pot_I_Piece_28_Axis.xyz
File opened successfully
Successfully read 1 points
Attempting to read PCD file: /Dataset/SfS_pp/Breaklines/Pot_I_Piece_28_Breakline_0.pcd
File opened successfully
Found 3 segments, 44 total points
Processing 44 points
Found 44 unique points
Successfully processed PCD file
Attempting to read file: /Dataset/SfS_pp/Axes/Pot_I_Piece_29_Axis.xyz
File opened successfully
Successfully read 2 points
Attempting to read PCD file: /Dataset/SfS_pp/Breaklines/Pot_I_Piece_29_Breakline_0.pcd
File opened successfully
Found 3 segments, 41 total points
Processing 41 points
Found 41 unique points
Successfully processed PCD file
Attempting to read file: /Dataset/SfS_pp/Axes/Pot_I_Piece_30_Axis.xyz
File opened successfully
Successfully read 2 points
Attempting to read PCD file: /Dataset/SfS_pp/Breaklines/Pot_I_Piece_30_Breakline_0.pcd
File opened successfully
Found 4 segments, 40 total points
Processing 40 points
Found 40 unique points
Successfully processed PCD file
#################### Ground Truth data load ####################
0 0 0 0 1 1 0 0 0 1 0 0 1 0 0 0 0 0 1 1 0 0 1 1 0 0 0 0 0 0
0 0 0 0 0 1 0 0 1 0 0 0 1 0 0 0 0 1 0 0 0 0 0 0 0 1 0 0 0 0
0 0 0 0 0 0 0 1 0 0 0 1 0 1 0 1 1 0 0 0 0 0 0 0 0 0 1 0 0 0
0 0 0 0 0 0 0 0 0 0 1 0 0 1 0 0 1 0 1 1 1 0 0 0 0 0 0 0 0 0
1 0 0 0 0 0 1 0 1 0 1 0 0 0 0 0 0 0 0 0 0 0 1 0 1 0 0 0 0 0
1 1 0 0 0 0 0 0 0 1 0 1 1 0 0 0 0 0 0 0 0 0 0 0 0 0 0 0 0 0
0 0 0 0 1 0 0 1 1 0 1 0 0 1 0 0 0 0 0 0 0 0 0 0 0 0 0 0 0 0
0 0 1 0 0 0 1 0 0 0 0 0 0 1 1 0 0 0 0 0 0 1 0 0 0 0 1 0 0 0
0 1 0 0 1 0 1 0 0 0 0 0 0 0 1 0 0 1 0 0 0 1 1 1 0 1 0 0 0 0
1 0 0 0 0 1 0 0 0 0 0 1 0 0 0 1 0 0 0 0 1 0 0 0 0 0 0 0 0 0
0 0 0 1 1 0 1 0 0 0 0 0 0 0 0 0 0 0 0 1 0 0 0 0 1 0 0 0 0 0
0 0 1 0 0 1 0 0 0 1 0 0 0 0 1 1 0 1 0 0 0 0 0 0 0 0 0 0 0 0
1 1 0 0 0 1 0 0 0 0 0 0 0 0 0 0 0 0 0 0 0 0 0 0 0 0 0 0 0 0
0 0 1 1 0 0 1 1 0 0 0 0 0 0 0 0 1 0 0 0 0 0 0 0 0 0 0 0 0 0
0 0 0 0 0 0 0 1 1 0 0 1 0 0 0 0 0 1 0 0 0 1 0 0 0 0 1 0 0 0
0 0 1 0 0 0 0 0 0 1 0 1 0 0 0 0 0 0 0 0 1 0 0 0 0 0 0 0 0 0
0 0 1 1 0 0 0 0 0 0 0 0 0 1 0 0 0 0 0 0 0 0 0 0 0 0 0 0 0 0
0 1 0 0 0 0 0 0 1 0 0 1 0 0 1 0 0 0 0 0 0 0 0 0 0 1 0 0 0 0
1 0 0 1 0 0 0 0 0 0 0 0 0 0 0 0 0 0 0 1 1 0 0 0 0 0 0 0 0 0
1 0 0 1 0 0 0 0 0 0 1 0 0 0 0 0 0 0 1 0 0 0 0 0 1 0 0 0 0 0
0 0 0 1 0 0 0 0 0 1 0 0 0 0 0 1 0 0 1 0 0 0 0 0 0 0 0 0 0 0
0 0 0 0 0 0 0 1 1 0 0 0 0 0 1 0 0 0 0 0 0 0 0 0 0 0 0 0 0 0
1 0 0 0 1 0 0 0 1 0 0 0 0 0 0 0 0 0 0 0 0 0 0 1 0 0 0 0 0 0
1 0 0 0 0 0 0 0 1 0 0 0 0 0 0 0 0 0 0 0 0 0 1 0 0 0 0 0 0 0
0 0 0 0 1 0 0 0 0 0 1 0 0 0 0 0 0 0 0 1 0 0 0 0 0 0 0 0 0 0
0 1 0 0 0 0 0 0 1 0 0 0 0 0 0 0 0 1 0 0 0 0 0 0 0 0 0 0 0 0
0 0 1 0 0 0 0 1 0 0 0 0 0 0 1 0 0 0 0 0 0 0 0 0 0 0 0 0 0 0
0 0 0 0 0 0 0 0 0 0 0 0 0 0 0 0 0 0 0 0 0 0 0 0 0 0 0 0 0 0
0 0 0 0 0 0 0 0 0 0 0 0 0 0 0 0 0 0 0 0 0 0 0 0 0 0 0 0 0 0
0 0 0 0 0 0 0 0 0 0 0 0 0 0 0 0 0 0 0 0 0 0 0 0 0 0 0 0 0 0
#################### Save initial state ####################
#################### Change Axis symmetrix to z axis ####################
#################### Feature matching ####################
Total Number : 1424
#################### Pairwise pruning ####################
WARNING: Logging before InitGoogleLogging() is written to STDERR
W0802 18:30:53.832986    20 levenberg_marquardt_strategy.cc:114] Linear solver failure. Failed to compute a step: CXSparse Failure : Numeric factorization failed.
Pruned match count: 667
#################### Genetic Algorithm search ####################
=== GA Iteration 1 / 1 ===
#################### GROUND TRUTH CANDIDATE AUDIT ####################
[GT AUDIT] Edge 1-5 (GT=1) Candidates: 8
  Choice 1: inliner= 38 score=0.568 density=24.231 rad=1.4446 trans=39.20
  Choice 2: inliner= 48 score=0.305 density=36.773 rad=1.3634 trans=70.56
  Choice 3: inliner= 38 score=0.636 density=23.228 rad=2.9256 trans=25.11
  Choice 4: inliner= 50 score=0.446 density=34.576 rad=1.5037 trans=22.29 [INV]
  Choice 5: inliner= 22 score=1.576 density=8.541 rad=2.9743 trans=42.51
  Choice 6: inliner= 20 score=0.560 density=12.816 rad=1.1517 trans=53.55 [INV]
  Choice 7: inliner= 32 score=0.504 density=21.277 rad=0.8117 trans=48.96 [INV]
  Choice 8: inliner= 84 score=0.333 density=63.004 rad=0.0370 trans=4.55 [INV] [VALID GT MATCH]
  -> Best GT Match: Choice 8 (rad=0.0370 trans=4.55 VALID) [INV]
[GT AUDIT] Edge 1-6 (GT=1) Candidates: 4
  Choice 1: inliner= 30 score=0.519 density=19.754 rad=0.0957 trans=7.63 [INV] [VALID GT MATCH]
  Choice 2: inliner= 18 score=0.657 density=10.863 rad=0.2373 trans=32.96 [VALID GT MATCH]
  Choice 3: inliner= 30 score=0.492 density=20.112 rad=0.2275 trans=89.42
  Choice 4: inliner= 10 score=0.709 density=5.852 rad=0.3662 trans=136.04
  -> Best GT Match: Choice 1 (rad=0.0957 trans=7.63 VALID) [INV]
[GT AUDIT] Edge 1-10 (GT=1) Candidates: 8
  Choice 1: inliner= 40 score=0.485 density=26.927 rad=3.0099 trans=55.69 [INV]
  Choice 2: inliner= 65 score=0.321 density=49.191 rad=0.0804 trans=5.94 [INV] [VALID GT MATCH]
  Choice 3: inliner= 48 score=0.367 density=35.107 rad=0.0917 trans=21.17 [INV] [VALID GT MATCH]
  Choice 4: inliner= 40 score=0.584 density=25.245 rad=0.6585 trans=79.52
  Choice 5: inliner= 38 score=0.591 density=23.879 rad=2.1790 trans=84.35 [INV]
  Choice 6: inliner= 46 score=0.771 density=25.967 rad=2.1453 trans=46.46 [INV]
  Choice 7: inliner= 44 score=1.359 density=18.651 rad=2.1962 trans=18.44 [INV]
  Choice 8: inliner= 26 score=0.390 density=18.711 rad=1.9058 trans=128.03
  -> Best GT Match: Choice 2 (rad=0.0804 trans=5.94 VALID) [INV]
[GT AUDIT] Edge 1-13 (GT=1) Candidates: 2
  Choice 1: inliner=  0 score=11.000 density=0.000 rad=1.8356 trans=89.08
  Choice 2: inliner= 22 score=0.835 density=11.991 rad=2.9848 trans=62.88 [INV]
  -> Best GT Match: Choice 1 (rad=1.8356 trans=89.08 INVALID)
[GT AUDIT] Edge 1-19 (GT=1) Candidates: 6
  Choice 1: inliner= 40 score=0.477 density=27.075 rad=0.6974 trans=68.77
  Choice 2: inliner= 89 score=0.316 density=67.643 rad=0.0794 trans=1.92 [INV] [VALID GT MATCH]
  Choice 3: inliner= 75 score=0.463 density=51.250 rad=0.1889 trans=7.67 [INV] [VALID GT MATCH]
  Choice 4: inliner= 14 score=0.732 density=8.083 rad=3.0627 trans=45.31 [INV]
  Choice 5: inliner= 77 score=0.305 density=58.995 rad=1.2627 trans=3.79 [INV]
  Choice 6: inliner= 61 score=0.473 density=41.414 rad=1.2804 trans=26.32 [INV]
  -> Best GT Match: Choice 2 (rad=0.0794 trans=1.92 VALID) [INV]
[GT AUDIT] Edge 1-20 (GT=1) Candidates: 4
  Choice 1: inliner= 36 score=0.454 density=24.753 rad=3.0857 trans=73.53 [INV]
  Choice 2: inliner= 38 score=0.307 density=29.076 rad=0.1824 trans=5.27 [INV] [VALID GT MATCH]
  Choice 3: inliner= 40 score=0.481 density=27.006 rad=3.0783 trans=47.00 [INV]
  Choice 4: inliner= 38 score=0.598 density=23.777 rad=3.0700 trans=101.07
  -> Best GT Match: Choice 2 (rad=0.1824 trans=5.27 VALID) [INV]
[GT AUDIT] Edge 1-23 (GT=1) Candidates: 3
  Choice 1: inliner= 43 score=0.310 density=32.827 rad=2.8503 trans=113.25 [INV]
  Choice 2: inliner= 38 score=0.401 density=27.128 rad=0.0506 trans=2.37 [INV] [VALID GT MATCH]
  Choice 3: inliner= 18 score=0.441 density=12.493 rad=0.2216 trans=21.66 [INV] [VALID GT MATCH]
  -> Best GT Match: Choice 2 (rad=0.0506 trans=2.37 VALID) [INV]
[GT AUDIT] Edge 1-24 (GT=1) Candidates: 1
  Choice 1: inliner= 36 score=0.148 density=31.363 rad=0.1052 trans=5.32 [INV] [VALID GT MATCH]
  -> Best GT Match: Choice 1 (rad=0.1052 trans=5.32 VALID) [INV]
[GT AUDIT] Edge 2-6 (GT=1) Candidates: 3
  Choice 1: inliner= 48 score=0.548 density=31.015 rad=0.1105 trans=4.94 [INV] [VALID GT MATCH]
  Choice 2: inliner= 28 score=0.389 density=20.164 rad=2.9912 trans=10.32 [INV]
  Choice 3: inliner= 42 score=0.444 density=29.086 rad=0.8052 trans=9.22
  -> Best GT Match: Choice 1 (rad=0.1105 trans=4.94 VALID) [INV]
[GT AUDIT] Edge 2-9 (GT=1) Candidates: 2
  Choice 1: inliner= 34 score=0.321 density=25.734 rad=0.5791 trans=16.47 [INV]
  Choice 2: inliner= 36 score=0.419 density=25.367 rad=1.1760 trans=12.80 [INV]
  -> Best GT Match: Choice 1 (rad=0.5791 trans=16.47 INVALID) [INV]
[GT AUDIT] Edge 2-13 (GT=1) Candidates: 3
  Choice 1: inliner= 46 score=0.523 density=30.196 rad=1.9734 trans=4.49
  Choice 2: inliner= 70 score=0.415 density=49.456 rad=2.9121 trans=36.48
  Choice 3: inliner= 38 score=0.459 density=26.052 rad=2.9216 trans=45.86
  -> Best GT Match: Choice 1 (rad=1.9734 trans=4.49 INVALID)
[GT AUDIT] Edge 2-18 (GT=1) Candidates: 4
  Choice 1: inliner= 30 score=0.556 density=19.281 rad=3.0596 trans=27.15
  Choice 2: inliner= 81 score=0.305 density=62.070 rad=0.5340 trans=82.68
  Choice 3: inliner= 59 score=0.559 density=37.854 rad=0.7699 trans=12.08 [INV]
  Choice 4: inliner= 83 score=0.269 density=65.398 rad=0.0783 trans=2.46 [INV] [VALID GT MATCH]
  -> Best GT Match: Choice 4 (rad=0.0783 trans=2.46 VALID) [INV]
[GT AUDIT] Edge 2-26 (GT=1) Candidates: 4
  Choice 1: inliner= 22 score=0.679 density=13.103 rad=2.7890 trans=29.23 [INV]
  Choice 2: inliner= 30 score=0.305 density=22.996 rad=0.2375 trans=9.13 [INV] [VALID GT MATCH]
  Choice 3: inliner= 30 score=0.492 density=20.109 rad=0.6902 trans=4.07 [INV]
  Choice 4: inliner= 34 score=0.333 density=25.501 rad=1.1560 trans=11.59 [INV]
  -> Best GT Match: Choice 2 (rad=0.2375 trans=9.13 VALID) [INV]
[GT AUDIT] Edge 3-8 (GT=1) Candidates: 1
  Choice 1: inliner= 52 score=0.289 density=40.348 rad=0.0837 trans=7.52 [VALID GT MATCH]
  -> Best GT Match: Choice 1 (rad=0.0837 trans=7.52 VALID)
[GT AUDIT] Edge 3-12 (GT=1) Candidates: 5
  Choice 1: inliner= 48 score=0.222 density=39.273 rad=0.0726 trans=9.45 [VALID GT MATCH]
  Choice 2: inliner= 24 score=0.723 density=13.931 rad=0.8674 trans=60.10 [INV]
  Choice 3: inliner= 24 score=0.710 density=14.035 rad=3.0929 trans=95.50
  Choice 4: inliner= 38 score=0.457 density=26.081 rad=3.0262 trans=142.28 [INV]
  Choice 5: inliner= 36 score=0.563 density=23.025 rad=3.0469 trans=7.99
  -> Best GT Match: Choice 1 (rad=0.0726 trans=9.45 VALID)
[GT AUDIT] Edge 3-14 (GT=1) Candidates: 4
  Choice 1: inliner= 38 score=0.632 density=23.291 rad=2.9035 trans=12.08
  Choice 2: inliner= 44 score=0.455 density=30.250 rad=3.0283 trans=113.53 [INV]
  Choice 3: inliner= 55 score=0.434 density=38.350 rad=0.1092 trans=7.91 [INV] [VALID GT MATCH]
  Choice 4: inliner= 26 score=0.336 density=19.466 rad=1.0655 trans=10.28
  -> Best GT Match: Choice 3 (rad=0.1092 trans=7.91 VALID) [INV]
[GT AUDIT] Edge 3-16 (GT=1) Candidates: 3
  Choice 1: inliner= 64 score=0.427 density=44.848 rad=0.0566 trans=5.42 [VALID GT MATCH]
  Choice 2: inliner= 51 score=0.582 density=32.245 rad=0.2163 trans=11.90 [INV] [VALID GT MATCH]
  Choice 3: inliner= 26 score=0.798 density=14.463 rad=2.8839 trans=17.82
  -> Best GT Match: Choice 1 (rad=0.0566 trans=5.42 VALID)
[GT AUDIT] Edge 3-17 (GT=1) Candidates: 1
  Choice 1: inliner= 79 score=0.361 density=58.032 rad=0.1152 trans=9.54 [INV] [VALID GT MATCH]
  -> Best GT Match: Choice 1 (rad=0.1152 trans=9.54 VALID) [INV]
[GT AUDIT] Edge 4-11 (GT=1) Candidates: 1
  Choice 1: inliner= 57 score=0.375 density=41.465 rad=0.0659 trans=3.27 [VALID GT MATCH]
  -> Best GT Match: Choice 1 (rad=0.0659 trans=3.27 VALID)
[GT AUDIT] Edge 4-14 (GT=1) Candidates: 2
  Choice 1: inliner= 48 score=0.519 density=31.609 rad=2.7733 trans=19.98 [INV]
  Choice 2: inliner= 16 score=0.467 density=10.904 rad=0.7205 trans=19.41 [INV]
  -> Best GT Match: Choice 2 (rad=0.7205 trans=19.41 INVALID) [INV]
[GT AUDIT] Edge 4-17 (GT=1) Candidates: 1
  Choice 1: inliner= 66 score=0.224 density=53.906 rad=0.0805 trans=5.53 [VALID GT MATCH]
  -> Best GT Match: Choice 1 (rad=0.0805 trans=5.53 VALID)
[GT AUDIT] Edge 4-19 (GT=1) Candidates: 4
  Choice 1: inliner= 32 score=0.524 density=20.999 rad=3.0493 trans=14.62
  Choice 2: inliner= 44 score=0.352 density=32.534 rad=0.2161 trans=9.49 [INV] [VALID GT MATCH]
  Choice 3: inliner= 26 score=0.329 density=19.562 rad=2.9948 trans=12.62 [INV]
  Choice 4: inliner= 40 score=0.362 density=29.370 rad=0.4675 trans=117.71
  -> Best GT Match: Choice 2 (rad=0.2161 trans=9.49 VALID) [INV]
[GT AUDIT] Edge 4-20 (GT=1) Candidates: 1
  Choice 1: inliner= 53 score=0.312 density=40.386 rad=0.1083 trans=3.17 [VALID GT MATCH]
  -> Best GT Match: Choice 1 (rad=0.1083 trans=3.17 VALID)
[GT AUDIT] Edge 4-21 (GT=1) Candidates: 3
  Choice 1: inliner= 22 score=0.621 density=13.570 rad=0.1625 trans=5.73 [INV] [VALID GT MATCH]
  Choice 2: inliner= 16 score=0.913 density=8.362 rad=2.9577 trans=46.09 [INV]
  Choice 3: inliner= 32 score=0.741 density=18.380 rad=2.9229 trans=48.27 [INV]
  -> Best GT Match: Choice 1 (rad=0.1625 trans=5.73 VALID) [INV]
[GT AUDIT] Edge 5-7 (GT=1) Candidates: 6
  Choice 1: inliner= 38 score=0.375 density=27.635 rad=3.0818 trans=105.18 [INV]
  Choice 2: inliner= 32 score=0.373 density=23.298 rad=3.1039 trans=13.09
  Choice 3: inliner= 30 score=0.251 density=23.971 rad=3.0519 trans=103.78 [INV]
  Choice 4: inliner= 32 score=0.679 density=19.057 rad=2.9153 trans=32.10
  Choice 5: inliner= 56 score=0.518 density=36.900 rad=1.6478 trans=7.04 [INV]
  Choice 6: inliner= 28 score=0.594 density=17.563 rad=0.1431 trans=10.51 [VALID GT MATCH]
  -> Best GT Match: Choice 6 (rad=0.1431 trans=10.51 VALID)
[GT AUDIT] Edge 5-9 (GT=1) Candidates: 6
  Choice 1: inliner= 30 score=0.328 density=22.593 rad=0.7451 trans=54.30 [INV]
  Choice 2: inliner= 26 score=0.304 density=19.940 rad=1.1137 trans=55.00 [INV]
  Choice 3: inliner= 36 score=0.341 density=26.853 rad=1.8445 trans=30.23 [INV]
  Choice 4: inliner= 30 score=0.544 density=19.426 rad=1.7859 trans=78.66 [INV]
  Choice 5: inliner= 74 score=0.202 density=61.587 rad=0.0845 trans=7.18 [INV] [VALID GT MATCH]
  Choice 6: inliner= 44 score=0.265 density=34.793 rad=0.1290 trans=23.03 [INV] [VALID GT MATCH]
  -> Best GT Match: Choice 5 (rad=0.0845 trans=7.18 VALID) [INV]
[GT AUDIT] Edge 5-11 (GT=1) Candidates: 6
  Choice 1: inliner=  0 score=11.000 density=0.000 rad=0.9643 trans=146.75 [INV]
  Choice 2: inliner= 20 score=0.597 density=12.525 rad=2.9519 trans=120.68 [INV]
  Choice 3: inliner=  0 score=11.000 density=0.000 rad=0.4230 trans=133.08 [INV]
  Choice 4: inliner=  0 score=11.000 density=0.000 rad=3.0131 trans=114.97 [INV]
  Choice 5: inliner= 56 score=0.255 density=44.622 rad=0.0885 trans=7.56 [INV] [VALID GT MATCH]
  Choice 6: inliner= 50 score=0.496 density=33.421 rad=0.4940 trans=18.10 [INV]
  -> Best GT Match: Choice 5 (rad=0.0885 trans=7.56 VALID) [INV]
[GT AUDIT] Edge 5-23 (GT=1) Candidates: 3
  Choice 1: inliner= 40 score=0.394 density=28.699 rad=0.3551 trans=0.68
  Choice 2: inliner= 45 score=0.351 density=33.297 rad=0.3392 trans=1.40 [INV] [VALID GT MATCH]
  Choice 3: inliner= 28 score=0.318 density=21.252 rad=0.9255 trans=60.71 [INV]
  -> Best GT Match: Choice 2 (rad=0.3392 trans=1.40 VALID) [INV]
[GT AUDIT] Edge 6-10 (GT=1) Candidates: 4
  Choice 1: inliner= 26 score=0.527 density=17.032 rad=1.5114 trans=75.85
  Choice 2: inliner= 20 score=0.562 density=12.805 rad=3.0464 trans=104.43 [INV]
  Choice 3: inliner= 40 score=0.541 density=25.959 rad=0.5559 trans=11.11 [INV]
  Choice 4: inliner= 32 score=0.417 density=22.590 rad=0.5017 trans=12.16 [INV]
  -> Best GT Match: Choice 4 (rad=0.5017 trans=12.16 INVALID) [INV]
[GT AUDIT] Edge 6-12 (GT=1) Candidates: 3
  Choice 1: inliner= 26 score=0.643 density=15.828 rad=2.9659 trans=83.61 [INV]
  Choice 2: inliner= 18 score=0.628 density=11.059 rad=0.3334 trans=44.28 [INV] [VALID GT MATCH]
  Choice 3: inliner= 26 score=0.528 density=17.015 rad=0.3107 trans=10.09 [INV] [VALID GT MATCH]
  -> Best GT Match: Choice 3 (rad=0.3107 trans=10.09 VALID) [INV]
[GT AUDIT] Edge 6-13 (GT=1) Candidates: 3
  Choice 1: inliner= 68 score=0.203 density=56.502 rad=0.0354 trans=1.71 [INV] [VALID GT MATCH]
  Choice 2: inliner= 48 score=0.384 density=34.681 rad=1.5242 trans=12.93
  Choice 3: inliner= 30 score=0.388 density=21.609 rad=2.8129 trans=16.31 [INV]
  -> Best GT Match: Choice 1 (rad=0.0354 trans=1.71 VALID) [INV]
[GT AUDIT] Edge 7-8 (GT=1) Candidates: 4
  Choice 1: inliner= 34 score=0.497 density=22.707 rad=1.8559 trans=4.80
  Choice 2: inliner= 40 score=0.583 density=25.261 rad=3.1097 trans=62.01
  Choice 3: inliner= 98 score=0.336 density=73.326 rad=0.0233 trans=3.18 [INV] [VALID GT MATCH]
  Choice 4: inliner= 30 score=0.370 density=21.903 rad=2.9089 trans=4.13 [INV]
  -> Best GT Match: Choice 3 (rad=0.0233 trans=3.18 VALID) [INV]
[GT AUDIT] Edge 7-9 (GT=1) Candidates: 5
  Choice 1: inliner= 32 score=0.692 density=18.917 rad=2.9617 trans=64.98
  Choice 2: inliner= 20 score=0.844 density=10.848 rad=2.9447 trans=105.12
  Choice 3: inliner=  0 score=11.000 density=0.000 rad=0.9213 trans=26.42 [INV]
  Choice 4: inliner= 30 score=0.382 density=21.700 rad=2.9884 trans=46.13 [INV]
  Choice 5: inliner= 30 score=0.196 density=25.079 rad=0.1202 trans=13.25 [INV] [VALID GT MATCH]
  -> Best GT Match: Choice 5 (rad=0.1202 trans=13.25 VALID) [INV]
[GT AUDIT] Edge 7-11 (GT=1) Candidates: 2
  Choice 1: inliner=107 score=0.249 density=85.689 rad=0.0428 trans=3.60 [INV] [VALID GT MATCH]
  Choice 2: inliner= 61 score=0.455 density=41.918 rad=2.7433 trans=4.01 [INV]
  -> Best GT Match: Choice 1 (rad=0.0428 trans=3.60 VALID) [INV]
[GT AUDIT] Edge 7-14 (GT=1) Candidates: 2
  Choice 1: inliner= 30 score=0.419 density=21.137 rad=2.7706 trans=9.04
  Choice 2: inliner= 92 score=0.249 density=73.669 rad=0.0090 trans=1.30 [INV] [VALID GT MATCH]
  -> Best GT Match: Choice 2 (rad=0.0090 trans=1.30 VALID) [INV]
[GT AUDIT] Edge 8-14 (GT=1) Candidates: 4
  Choice 1: inliner= 52 score=0.472 density=35.329 rad=1.1422 trans=12.33 [INV]
  Choice 2: inliner= 36 score=0.627 density=22.121 rad=0.9943 trans=20.17 [INV]
  Choice 3: inliner= 26 score=0.247 density=20.858 rad=0.1140 trans=8.46 [INV] [VALID GT MATCH]
  Choice 4: inliner= 40 score=0.551 density=25.792 rad=3.0967 trans=103.46
  -> Best GT Match: Choice 3 (rad=0.1140 trans=8.46 VALID) [INV]
[GT AUDIT] Edge 8-15 (GT=1) Candidates: 3
  Choice 1: inliner= 44 score=0.454 density=30.252 rad=0.0840 trans=3.25 [VALID GT MATCH]
  Choice 2: inliner= 42 score=0.647 density=25.509 rad=0.5621 trans=9.81
  Choice 3: inliner= 44 score=0.389 density=31.681 rad=3.0205 trans=73.63
  -> Best GT Match: Choice 1 (rad=0.0840 trans=3.25 VALID)
[GT AUDIT] Edge 8-22 (GT=1) Candidates: 4
  Choice 1: inliner= 28 score=0.740 density=16.089 rad=2.9845 trans=49.89 [INV]
  Choice 2: inliner= 36 score=0.514 density=23.775 rad=0.5458 trans=40.27
  Choice 3: inliner= 53 score=0.466 density=36.164 rad=0.2618 trans=8.48 [INV] [VALID GT MATCH]
  Choice 4: inliner= 40 score=0.365 density=29.297 rad=0.2102 trans=6.53 [INV] [VALID GT MATCH]
  -> Best GT Match: Choice 4 (rad=0.2102 trans=6.53 VALID) [INV]
[GT AUDIT] Edge 9-15 (GT=1) Candidates: 3
  Choice 1: inliner= 28 score=0.567 density=17.868 rad=0.0413 trans=4.27 [INV] [VALID GT MATCH]
  Choice 2: inliner= 44 score=0.388 density=31.695 rad=1.7122 trans=37.42
  Choice 3: inliner= 24 score=0.528 density=15.711 rad=1.1413 trans=84.06
  -> Best GT Match: Choice 1 (rad=0.0413 trans=4.27 VALID) [INV]
[GT AUDIT] Edge 9-18 (GT=1) Candidates: 4
  Choice 1: inliner=  0 score=11.000 density=0.000 rad=0.7200 trans=44.44
  Choice 2: inliner= 36 score=0.473 density=24.433 rad=0.3099 trans=22.13 [INV] [VALID GT MATCH]
  Choice 3: inliner= 36 score=0.509 density=23.858 rad=3.0108 trans=46.62
  Choice 4: inliner=  0 score=11.000 density=0.000 rad=2.8170 trans=154.18
  -> Best GT Match: Choice 2 (rad=0.3099 trans=22.13 VALID) [INV]
[GT AUDIT] Edge 9-22 (GT=1) Candidates: 2
  Choice 1: inliner= 55 score=0.504 density=36.567 rad=0.0499 trans=4.24 [INV] [VALID GT MATCH]
  Choice 2: inliner= 28 score=0.510 density=18.547 rad=0.2478 trans=27.75 [INV] [VALID GT MATCH]
  -> Best GT Match: Choice 1 (rad=0.0499 trans=4.24 VALID) [INV]
[GT AUDIT] Edge 9-23 (GT=1) Candidates: 3
  Choice 1: inliner= 40 score=0.215 density=32.935 rad=1.8167 trans=15.01
  Choice 2: inliner=  0 score=11.000 density=0.000 rad=3.0724 trans=107.83 [INV]
  Choice 3: inliner= 30 score=0.248 density=24.046 rad=0.0871 trans=9.36 [INV] [VALID GT MATCH]
  -> Best GT Match: Choice 3 (rad=0.0871 trans=9.36 VALID) [INV]
[GT AUDIT] Edge 9-24 (GT=1) Candidates: 1
  Choice 1: inliner= 51 score=0.353 density=37.694 rad=0.1986 trans=10.56 [INV] [VALID GT MATCH]
  -> Best GT Match: Choice 1 (rad=0.1986 trans=10.56 VALID) [INV]
[GT AUDIT] Edge 9-26 (GT=1) Candidates: 5
  Choice 1: inliner= 36 score=0.533 density=23.485 rad=2.9171 trans=5.11 [INV]
  Choice 2: inliner= 47 score=0.493 density=31.473 rad=0.3199 trans=19.95 [INV] [VALID GT MATCH]
  Choice 3: inliner= 65 score=0.178 density=55.161 rad=0.0883 trans=5.04 [INV] [VALID GT MATCH]
  Choice 4: inliner= 16 score=0.608 density=9.949 rad=2.8746 trans=66.74
  Choice 5: inliner= 34 score=0.455 density=23.375 rad=3.0755 trans=24.28
  -> Best GT Match: Choice 3 (rad=0.0883 trans=5.04 VALID) [INV]
[GT AUDIT] Edge 10-12 (GT=1) Candidates: 5
  Choice 1: inliner= 22 score=0.328 density=16.562 rad=3.0263 trans=124.08
  Choice 2: inliner= 68 score=0.297 density=52.438 rad=0.0782 trans=9.17 [VALID GT MATCH]
  Choice 3: inliner= 38 score=0.616 density=23.519 rad=2.1306 trans=27.65
  Choice 4: inliner= 56 score=0.395 density=40.154 rad=2.1980 trans=13.10
  Choice 5: inliner= 38 score=0.376 density=27.615 rad=3.0197 trans=31.96 [INV]
  -> Best GT Match: Choice 2 (rad=0.0782 trans=9.17 VALID)
[GT AUDIT] Edge 10-16 (GT=1) Candidates: 5
  Choice 1: inliner=  0 score=11.000 density=0.000 rad=0.5628 trans=90.57 [INV]
  Choice 2: inliner= 57 score=0.588 density=35.902 rad=0.2726 trans=29.82 [INV] [VALID GT MATCH]
  Choice 3: inliner= 38 score=0.456 density=26.103 rad=0.2963 trans=27.79 [VALID GT MATCH]
  Choice 4: inliner= 51 score=0.438 density=35.469 rad=0.9394 trans=21.13 [INV]
  Choice 5: inliner= 46 score=0.232 density=37.338 rad=1.1228 trans=5.12 [INV]
  -> Best GT Match: Choice 2 (rad=0.2726 trans=29.82 VALID) [INV]
[GT AUDIT] Edge 10-21 (GT=1) Candidates: 2
  Choice 1: inliner= 70 score=0.250 density=56.009 rad=0.0678 trans=4.24 [INV] [VALID GT MATCH]
  Choice 2: inliner= 55 score=0.538 density=35.760 rad=0.1375 trans=11.35 [INV] [VALID GT MATCH]
  -> Best GT Match: Choice 1 (rad=0.0678 trans=4.24 VALID) [INV]
[GT AUDIT] Edge 11-20 (GT=1) Candidates: 3
  Choice 1: inliner= 36 score=0.400 density=25.713 rad=2.8410 trans=43.93
  Choice 2: inliner=  0 score=11.000 density=0.000 rad=3.0749 trans=21.44
  Choice 3: inliner= 28 score=0.337 density=20.935 rad=0.2704 trans=7.93 [INV] [VALID GT MATCH]
  -> Best GT Match: Choice 3 (rad=0.2704 trans=7.93 VALID) [INV]
[GT AUDIT] Edge 12-15 (GT=1) Candidates: 4
  Choice 1: inliner= 34 score=0.545 density=22.012 rad=2.1080 trans=45.88 [INV]
  Choice 2: inliner= 46 score=0.305 density=35.242 rad=0.1407 trans=21.58 [INV] [VALID GT MATCH]
  Choice 3: inliner= 38 score=0.244 density=30.549 rad=0.0891 trans=7.38 [VALID GT MATCH]
  Choice 4: inliner= 50 score=0.378 density=36.287 rad=0.8356 trans=44.00 [INV]
  -> Best GT Match: Choice 3 (rad=0.0891 trans=7.38 VALID)
[GT AUDIT] Edge 12-16 (GT=1) Candidates: 4
  Choice 1: inliner= 51 score=0.282 density=39.779 rad=0.0353 trans=2.33 [INV] [VALID GT MATCH]
  Choice 2: inliner= 26 score=0.456 density=17.855 rad=0.0933 trans=80.81
  Choice 3: inliner= 10 score=0.735 density=5.762 rad=1.3015 trans=105.87 [INV]
  Choice 4: inliner= 30 score=0.440 density=20.828 rad=1.5332 trans=6.38 [INV]
  -> Best GT Match: Choice 1 (rad=0.0353 trans=2.33 VALID) [INV]
[GT AUDIT] Edge 12-18 (GT=1) Candidates: 5
  Choice 1: inliner= 46 score=0.291 density=35.637 rad=0.7396 trans=67.88
  Choice 2: inliner= 24 score=0.371 density=17.505 rad=3.0059 trans=48.88 [INV]
  Choice 3: inliner= 28 score=0.529 density=18.308 rad=2.8115 trans=55.20 [INV]
  Choice 4: inliner= 72 score=0.255 density=57.390 rad=0.0353 trans=4.43 [INV] [VALID GT MATCH]
  Choice 5: inliner= 53 score=0.567 density=33.814 rad=0.2541 trans=34.92 [INV] [VALID GT MATCH]
  -> Best GT Match: Choice 4 (rad=0.0353 trans=4.43 VALID) [INV]
[GT AUDIT] Edge 14-17 (GT=1) Candidates: 1
  Choice 1: inliner= 26 score=0.478 density=17.586 rad=0.1008 trans=4.00 [INV] [VALID GT MATCH]
  -> Best GT Match: Choice 1 (rad=0.1008 trans=4.00 VALID) [INV]
[GT AUDIT] Edge 15-18 (GT=1) Candidates: 1
  Choice 1: inliner= 58 score=0.282 density=45.232 rad=0.0265 trans=1.47 [INV] [VALID GT MATCH]
  -> Best GT Match: Choice 1 (rad=0.0265 trans=1.47 VALID) [INV]
[GT AUDIT] Edge 15-22 (GT=1) Candidates: 3
  Choice 1: inliner= 26 score=0.598 density=16.270 rad=0.8064 trans=82.44 [INV]
  Choice 2: inliner= 54 score=0.332 density=40.542 rad=0.0347 trans=3.43 [INV] [VALID GT MATCH]
  Choice 3: inliner= 24 score=0.207 density=19.891 rad=1.4309 trans=51.17
  -> Best GT Match: Choice 2 (rad=0.0347 trans=3.43 VALID) [INV]
[GT AUDIT] Edge 18-26 (GT=1) Candidates: 3
  Choice 1: inliner= 54 score=0.431 density=37.732 rad=3.1087 trans=4.23
  Choice 2: inliner= 49 score=0.417 density=34.589 rad=0.0869 trans=3.85 [INV] [VALID GT MATCH]
  Choice 3: inliner= 45 score=0.434 density=31.388 rad=2.9413 trans=14.93
  -> Best GT Match: Choice 2 (rad=0.0869 trans=3.85 VALID) [INV]
[GT AUDIT] Edge 19-20 (GT=1) Candidates: 2
  Choice 1: inliner= 36 score=0.500 density=23.994 rad=2.8181 trans=50.04 [INV]
  Choice 2: inliner= 42 score=0.259 density=33.352 rad=0.1042 trans=4.71 [INV] [VALID GT MATCH]
  -> Best GT Match: Choice 2 (rad=0.1042 trans=4.71 VALID) [INV]
[GT AUDIT] Edge 19-21 (GT=1) Candidates: 2
  Choice 1: inliner= 80 score=0.293 density=61.864 rad=0.0742 trans=5.97 [INV] [VALID GT MATCH]
  Choice 2: inliner= 34 score=0.439 density=23.627 rad=3.0488 trans=73.19 [INV]
  -> Best GT Match: Choice 1 (rad=0.0742 trans=5.97 VALID) [INV]
[GT AUDIT] Edge 23-24 (GT=1) Candidates: 2
  Choice 1: inliner= 26 score=0.499 density=17.343 rad=0.7943 trans=21.16 [INV]
  Choice 2: inliner= 46 score=0.339 density=34.358 rad=0.0411 trans=2.08 [VALID GT MATCH]
  -> Best GT Match: Choice 2 (rad=0.0411 trans=2.08 VALID)

--- GT CANDIDATE SUMMARY ---
    Edge  Cands   Best       Rad     Trans  Inv?      Status
   1-5      8      8    0.0370      4.55     Y       VALID
   1-6      4      1    0.0957      7.63     Y       VALID
   1-10      8      2    0.0804      5.94     Y       VALID
   1-13      2      1    1.8356     89.08     N     INVALID
   1-19      6      2    0.0794      1.92     Y       VALID
   1-20      4      2    0.1824      5.27     Y       VALID
   1-23      3      2    0.0506      2.37     Y       VALID
   1-24      1      1    0.1052      5.32     Y       VALID
   2-6      3      1    0.1105      4.94     Y       VALID
   2-9      2      1    0.5791     16.47     Y     INVALID
   2-13      3      1    1.9734      4.49     N     INVALID
   2-18      4      4    0.0783      2.46     Y       VALID
   2-26      4      2    0.2375      9.13     Y       VALID
   3-8      1      1    0.0837      7.52     N       VALID
   3-12      5      1    0.0726      9.45     N       VALID
   3-14      4      3    0.1092      7.91     Y       VALID
   3-16      3      1    0.0566      5.42     N       VALID
   3-17      1      1    0.1152      9.54     Y       VALID
   4-11      1      1    0.0659      3.27     N       VALID
   4-14      2      2    0.7205     19.41     Y     INVALID
   4-17      1      1    0.0805      5.53     N       VALID
   4-19      4      2    0.2161      9.49     Y       VALID
   4-20      1      1    0.1083      3.17     N       VALID
   4-21      3      1    0.1625      5.73     Y       VALID
   5-7      6      6    0.1431     10.51     N       VALID
   5-9      6      5    0.0845      7.18     Y       VALID
   5-11      6      5    0.0885      7.56     Y       VALID
   5-23      3      2    0.3392      1.40     Y       VALID
   6-10      4      4    0.5017     12.16     Y     INVALID
   6-12      3      3    0.3107     10.09     Y       VALID
   6-13      3      1    0.0354      1.71     Y       VALID
   7-8      4      3    0.0233      3.18     Y       VALID
   7-9      5      5    0.1202     13.25     Y       VALID
   7-11      2      1    0.0428      3.60     Y       VALID
   7-14      2      2    0.0090      1.30     Y       VALID
   8-14      4      3    0.1140      8.46     Y       VALID
   8-15      3      1    0.0840      3.25     N       VALID
   8-22      4      4    0.2102      6.53     Y       VALID
   9-15      3      1    0.0413      4.27     Y       VALID
   9-18      4      2    0.3099     22.13     Y       VALID
   9-22      2      1    0.0499      4.24     Y       VALID
   9-23      3      3    0.0871      9.36     Y       VALID
   9-24      1      1    0.1986     10.56     Y       VALID
   9-26      5      3    0.0883      5.04     Y       VALID
  10-12      5      2    0.0782      9.17     N       VALID
  10-16      5      2    0.2726     29.82     Y       VALID
  10-21      2      1    0.0678      4.24     Y       VALID
  11-20      3      3    0.2704      7.93     Y       VALID
  12-15      4      3    0.0891      7.38     N       VALID
  12-16      4      1    0.0353      2.33     Y       VALID
  12-18      5      4    0.0353      4.43     Y       VALID
  14-17      1      1    0.1008      4.00     Y       VALID
  15-18      1      1    0.0265      1.47     Y       VALID
  15-22      3      2    0.0347      3.43     Y       VALID
  18-26      3      2    0.0869      3.85     Y       VALID
  19-20      2      2    0.1042      4.71     Y       VALID
  19-21      2      1    0.0742      5.97     Y       VALID
  23-24      2      2    0.0411      2.08     N       VALID
Total GT edges: 58 | Valid GT Matches: 53 | Missing/Invalid: 5
######################################################################

--- SELECTED GT SPANNING TREE EDGES ---

=== COMPUTING MAXIMUM SPANNING TREE FOR POT E GT ===
  Spanning Tree Edge: Shard 5 - Shard 10 (Choice 1) [HARDCODED]
  Spanning Tree Edge: Shard 3 - Shard 7 (Choice 3) [HARDCODED]
  Spanning Tree Edge: Shard 5 - Shard 7 (Choice 2) [HARDCODED]
  Spanning Tree Edge: Shard 5 - Shard 12 (Choice 2) [HARDCODED]
  Spanning Tree Edge: Shard 2 - Shard 8 (Choice 2) [HARDCODED]
  Spanning Tree Edge: Shard 1 - Shard 3 (Choice 8) [HARDCODED]
  [WARNING] Could not find group index for Shard Pair 1-4
  Spanning Tree Edge: Shard 2 - Shard 4 (Choice 3) [HARDCODED]
  Spanning Tree Edge: Shard 2 - Shard 6 (Choice 4) [HARDCODED]
  Spanning Tree Edge: Shard 6 - Shard 11 (Choice 1) [HARDCODED]
Maximum Spanning Tree completed with 10 edges.
====================================================

---------------------------------------

==============================================
       GROUND TRUTH GA FITNESS AUDIT
==============================================
  Total Fitness Score:         -10200.24
  Inlier Reward (+):           126.19
  Connectivity Reward (+):     0.00
  Consensus Reward (+):        0.00
  Cycle Penalty (-):           0.00
  Overlap Penalty (-):         326.43
  Edge Residual Penalty (-):   0.00
  Edge Rot Residual Penalty (-): 0.00
  Component Penalty (-):       10000.00
  Active Pairs (Edges):        6
==============================================

--- COLLISION AUDIT [GROUND TRUTH] ---
  Fitness overlap penalty: 326.4281
  Recomputed indexed overlap sum: 326.4281 (delta=0.0000)
  Pair counts: total=345 same_comp=6 broad_reject=0 narrow_checked=6 active=2
  Pair (2,4): center_dist=8.958 broad_radius=104.276 min_nn=0.089 hits=65/1593 hit_ratio=0.041 avg_depth=0.273 pair_pen=163.214 [!!!] ACTIVE COLLISION UNRESOLVED
  Pair (2,9): center_dist=69.687 broad_radius=112.165 min_nn=4.254 hits=0/1593 hit_ratio=0.000 avg_depth=0.000 pair_pen=0.000 [OK] NARROW-PHASE CLEAR
  Pair (2,11): center_dist=87.818 broad_radius=102.935 min_nn=12.516 hits=0/1593 hit_ratio=0.000 avg_depth=0.000 pair_pen=0.000 [OK] NARROW-PHASE CLEAR
  Pair (6,9): center_dist=111.542 broad_radius=115.339 min_nn=38.636 hits=0/1493 hit_ratio=0.000 avg_depth=0.000 pair_pen=0.000 [OK] NARROW-PHASE CLEAR
  Pair (6,11): center_dist=70.580 broad_radius=106.108 min_nn=6.023 hits=0/1493 hit_ratio=0.000 avg_depth=0.000 pair_pen=0.000 [OK] NARROW-PHASE CLEAR
  Pair (9,11): center_dist=78.079 broad_radius=107.424 min_nn=0.894 hits=2/1037 hit_ratio=0.003 avg_depth=0.068 pair_pen=0.000 [OK] NARROW-PHASE CLEAR

=== CONSENSUS SUPPORT DIAGNOSTICS [GROUND TRUTH] ===
  Active Spanning Tree Component: 1 shards.
  Shard 1 (Root Shard):
  Total Logged Consensus Reward: 0.00
=========================================================
[GA] === Seed 1 / 5 (seed=43) ===
[GA] Generation 0 best fitness: -1094.10
[GA PHEROMONE] Active groups: 12 / 235, Total Pheromone: 48.00
[GA] Generation 1 best fitness: -344.71
[GA] Generation 2 best fitness: -344.71
[GA] Generation 3 best fitness: 200.53
[GA] Generation 4 best fitness: 200.53
[GA] Generation 5 best fitness: 200.53
[GA] Generation 6 best fitness: 200.53
[GA] Generation 7 best fitness: 610.97
[GA] Generation 8 best fitness: 610.97
[GA] Generation 9 best fitness: 610.97
[GA] Generation 10 best fitness: 941.97
[GA PHEROMONE] Active groups: 19 / 235, Total Pheromone: 163.32
[GA] Generation 11 best fitness: 941.97
[GA] Generation 12 best fitness: 941.97
[GA] Generation 13 best fitness: 1101.83
[GA] Generation 14 best fitness: 1101.83
[GA] Generation 15 best fitness: 1101.83
[GA] Generation 16 best fitness: 1101.83
[GA] Generation 17 best fitness: 1101.83
[GA] Generation 18 best fitness: 1101.83
[GA] Generation 19 best fitness: 1101.83
[GA] Generation 20 best fitness: 1101.83
[GA PHEROMONE] Active groups: 19 / 235, Total Pheromone: 120.49
[GA] Generation 21 best fitness: 1101.83
[GA] Generation 22 best fitness: 1257.12
[GA] Generation 23 best fitness: 1257.12
[GA] Generation 24 best fitness: 1300.96
[GA] Generation 25 best fitness: 1300.96
[GA] Generation 26 best fitness: 1300.96
[GA] Generation 27 best fitness: 1300.96
[GA] Generation 28 best fitness: 1300.96
[GA] Generation 29 best fitness: 1300.96
[GA] Generation 30 best fitness: 1435.77
[GA PHEROMONE] Active groups: 26 / 235, Total Pheromone: 250.91
[GA] Generation 31 best fitness: 1435.77
[GA] Generation 32 best fitness: 1492.26
[GA] Generation 33 best fitness: 1492.26
[GA] Generation 34 best fitness: 1492.26
[GA] Generation 35 best fitness: 1499.61
[GA] Generation 36 best fitness: 1531.39
[GA] Generation 37 best fitness: 1586.12
[GA] Generation 38 best fitness: 1586.12
[GA] Generation 39 best fitness: 1617.86
[GA] Generation 40 best fitness: 1620.89
[GA PHEROMONE] Active groups: 39 / 235, Total Pheromone: 318.88
[GA] Generation 41 best fitness: 1703.90
[GA] Generation 42 best fitness: 1780.66
[GA] Generation 43 best fitness: 1804.83
[GA] Generation 44 best fitness: 1804.83
[GA] Generation 45 best fitness: 1804.83
[GA] Generation 46 best fitness: 1804.83
[GA] Generation 47 best fitness: 1804.83
[GA] Generation 48 best fitness: 1810.85
[GA] Generation 49 best fitness: 1810.85
[GA] Generation 50 best fitness: 1836.97
[GA PHEROMONE] Active groups: 35 / 235, Total Pheromone: 317.60
[GA] Generation 51 best fitness: 1836.97
[GA] Generation 52 best fitness: 1849.41
[GA] Generation 53 best fitness: 1855.43
[GA] Generation 54 best fitness: 1855.43
[GA] Generation 55 best fitness: 1911.72
[GA] Generation 56 best fitness: 1911.72
[GA] Generation 57 best fitness: 1973.28
[GA] Generation 58 best fitness: 1973.28
[GA] Generation 59 best fitness: 1973.28
[GA] Generation 60 best fitness: 1993.56
[GA PHEROMONE] Active groups: 32 / 235, Total Pheromone: 345.34
[GA] Generation 61 best fitness: 1993.56
[GA] Generation 62 best fitness: 1993.56
[GA] Generation 63 best fitness: 1999.58
[GA] Generation 64 best fitness: 1999.58
[GA] Generation 65 best fitness: 1999.58
[GA] Generation 66 best fitness: 1999.58
[GA] Generation 67 best fitness: 1999.58
[GA] Generation 68 best fitness: 1999.58
[GA] Generation 69 best fitness: 1999.58
[GA] Generation 70 best fitness: 1999.58
[GA PHEROMONE] Active groups: 32 / 235, Total Pheromone: 360.59
[GA] Generation 71 best fitness: 1999.58
[GA] Generation 72 best fitness: 1999.58
[GA] Generation 73 best fitness: 2016.60
[GA] Generation 74 best fitness: 2016.60
[GA] Generation 75 best fitness: 2016.60
[GA] Generation 76 best fitness: 2016.60
[GA] Generation 77 best fitness: 2016.60
[GA] Generation 78 best fitness: 2016.60
[GA] Generation 79 best fitness: 2018.67
[GA] Generation 80 best fitness: 2018.67
[GA PHEROMONE] Active groups: 26 / 235, Total Pheromone: 394.39
[GA] Generation 81 best fitness: 2018.67
[GA] Generation 82 best fitness: 2018.67
[GA] Generation 83 best fitness: 2018.67
[GA] Generation 84 best fitness: 2018.67
[GA] Generation 85 best fitness: 2018.67
[GA] Generation 86 best fitness: 2018.67
[GA] Generation 87 best fitness: 2025.03
[GA] Generation 88 best fitness: 2052.24
[GA] Generation 89 best fitness: 2052.24
[GA] Generation 90 best fitness: 2052.24
[GA PHEROMONE] Active groups: 24 / 235, Total Pheromone: 387.99
[GA] Generation 91 best fitness: 2052.24
[GA] Generation 92 best fitness: 2069.26
[GA] Generation 93 best fitness: 2069.26
[GA] Generation 94 best fitness: 2069.26
[GA] Generation 95 best fitness: 2069.26
[GA] Generation 96 best fitness: 2069.26
[GA] Generation 97 best fitness: 2079.10
[GA] Generation 98 best fitness: 2079.10
[GA] Generation 99 best fitness: 2083.66
[GA] Generation 100 best fitness: 2100.68
[GA PHEROMONE] Active groups: 25 / 235, Total Pheromone: 402.84
[GA] Generation 101 best fitness: 2100.68
[GA] Generation 102 best fitness: 2100.68
[GA] Generation 103 best fitness: 2125.88
[GA] Generation 104 best fitness: 2157.30
[GA] Generation 105 best fitness: 2157.30
[GA] Generation 106 best fitness: 2157.30
[GA] Generation 107 best fitness: 2157.30
[GA] Generation 108 best fitness: 2158.38
[GA] Generation 109 best fitness: 2158.38
[GA] Generation 110 best fitness: 2158.38
[GA PHEROMONE] Active groups: 27 / 235, Total Pheromone: 411.43
[GA] Generation 111 best fitness: 2158.38
[GA] Generation 112 best fitness: 2168.21
[GA] Generation 113 best fitness: 2168.21
[GA] Generation 114 best fitness: 2168.21
[GA] Generation 115 best fitness: 2168.21
[GA] Generation 116 best fitness: 2168.21
[GA] Generation 117 best fitness: 2168.21
[GA] Generation 118 best fitness: 2168.21
[GA] Generation 119 best fitness: 2168.21
[GA] Generation 120 best fitness: 2170.20
[GA PHEROMONE] Active groups: 29 / 235, Total Pheromone: 438.90
[GA] Generation 121 best fitness: 2170.20
[GA] Generation 122 best fitness: 2170.20
[GA] Generation 123 best fitness: 2170.20
[GA] Generation 124 best fitness: 2170.20
[GA] Generation 125 best fitness: 2170.20
[GA] Generation 126 best fitness: 2170.20
[GA] Generation 127 best fitness: 2170.20
[GA] Generation 128 best fitness: 2170.20
[GA] Generation 129 best fitness: 2170.20
[GA] Generation 130 best fitness: 2170.20
[GA PHEROMONE] Active groups: 28 / 235, Total Pheromone: 443.27
[GA] Generation 131 best fitness: 2170.20
[GA] Generation 132 best fitness: 2170.20
[GA] Generation 133 best fitness: 2170.20
[GA] Generation 134 best fitness: 2170.20
[GA] Stagnation detected (15 generations). Triggering Mass Extinction!
[GA] Raising mutation rate to 0.40
[GA] Generation 135 best fitness: 2170.20
[GA] Generation 136 best fitness: 2170.20
[GA] Generation 137 best fitness: 2170.20
[GA] Generation 138 best fitness: 2170.20
[GA] Generation 139 best fitness: 2170.20
[GA] Generation 140 best fitness: 2170.20
[GA PHEROMONE] Active groups: 25 / 235, Total Pheromone: 440.63
[GA] Generation 141 best fitness: 2170.20
[GA] Generation 142 best fitness: 2170.20
[GA] Generation 143 best fitness: 2170.20
[GA] Generation 144 best fitness: 2170.20
[GA] Generation 145 best fitness: 2170.20
[GA] Generation 146 best fitness: 2170.20
[GA] Generation 147 best fitness: 2170.20
[GA] Generation 148 best fitness: 2170.20
[GA] Generation 149 best fitness: 2170.20
[GA] Stagnation detected (30 generations). Triggering Mass Extinction!
[GA] Generation 150 best fitness: 2170.20
[GA PHEROMONE] Active groups: 23 / 235, Total Pheromone: 440.11
[GA] Generation 151 best fitness: 2170.20
[GA] Generation 152 best fitness: 2170.20
[GA] Generation 153 best fitness: 2170.20
[GA] Generation 154 best fitness: 2170.20
[GA] Generation 155 best fitness: 2170.20
[GA] Generation 156 best fitness: 2170.20
[GA] Generation 157 best fitness: 2170.20
[GA] Generation 158 best fitness: 2170.20
[GA] Generation 159 best fitness: 2170.20
[GA] Generation 160 best fitness: 2170.20
[GA PHEROMONE] Active groups: 23 / 235, Total Pheromone: 440.02
[GA] Generation 161 best fitness: 2170.20
[GA] Generation 162 best fitness: 2170.20
[GA] Generation 163 best fitness: 2170.20
[GA] Generation 164 best fitness: 2170.20
[GA] Stagnation detected (45 generations). Triggering Mass Extinction!
[GA] Generation 165 best fitness: 2170.20
[GA] Generation 166 best fitness: 2170.20
[GA] Generation 167 best fitness: 2170.20
[GA] Generation 168 best fitness: 2170.20
[GA] Generation 169 best fitness: 2170.20
[GA] Generation 170 best fitness: 2170.20
[GA PHEROMONE] Active groups: 22 / 235, Total Pheromone: 440.00
[GA] Generation 171 best fitness: 2170.20
[GA] Generation 172 best fitness: 2170.20
[GA] Generation 173 best fitness: 2170.20
[GA] Generation 174 best fitness: 2170.20
[GA] Generation 175 best fitness: 2170.20
[GA] Generation 176 best fitness: 2170.20
[GA] Generation 177 best fitness: 2170.20
[GA] Generation 178 best fitness: 2170.20
[GA] Generation 179 best fitness: 2170.20
[GA] Stagnation detected (60 generations). Triggering Mass Extinction!
[GA] Generation 180 best fitness: 2170.20
[GA PHEROMONE] Active groups: 22 / 235, Total Pheromone: 440.00
[GA] Generation 181 best fitness: 2170.20
[GA] Generation 182 best fitness: 2170.20
[GA] Generation 183 best fitness: 2170.20
[GA] Generation 184 best fitness: 2170.20
[GA] Generation 185 best fitness: 2170.20
[GA] Generation 186 best fitness: 2170.20
[GA] Generation 187 best fitness: 2170.20
[GA] Generation 188 best fitness: 2170.20
[GA] Generation 189 best fitness: 2170.20
[GA] Generation 190 best fitness: 2170.20
[GA PHEROMONE] Active groups: 22 / 235, Total Pheromone: 440.00
[GA] Generation 191 best fitness: 2170.20
[GA] Generation 192 best fitness: 2170.20
[GA] Generation 193 best fitness: 2170.20
[GA] Generation 194 best fitness: 2170.20
[GA] Stagnation detected (75 generations). Triggering Mass Extinction!
[GA] Generation 195 best fitness: 2170.20
[GA] Generation 196 best fitness: 2170.20
[GA] Generation 197 best fitness: 2170.20
[GA] Generation 198 best fitness: 2170.20
[GA] Generation 199 best fitness: 2170.20
[GA] Generation 200 best fitness: 2170.20
[GA PHEROMONE] Active groups: 22 / 235, Total Pheromone: 440.00
[GA] Generation 201 best fitness: 2170.20
[GA] Generation 202 best fitness: 2170.20
[GA] Generation 203 best fitness: 2170.20
[GA] Generation 204 best fitness: 2170.20
[GA] Generation 205 best fitness: 2170.20
[GA] Generation 206 best fitness: 2170.20
[GA] Generation 207 best fitness: 2170.20
[GA] Generation 208 best fitness: 2170.20
[GA] Generation 209 best fitness: 2170.20
[GA] Stagnation detected (90 generations). Triggering Mass Extinction!
[GA] Generation 210 best fitness: 2170.20
[GA PHEROMONE] Active groups: 22 / 235, Total Pheromone: 440.00
[GA] Generation 211 best fitness: 2170.20
[GA] Generation 212 best fitness: 2170.20
[GA] Generation 213 best fitness: 2170.20
[GA] Generation 214 best fitness: 2170.20
[GA] Generation 215 best fitness: 2170.20
[GA] Generation 216 best fitness: 2170.20
[GA] Generation 217 best fitness: 2170.20
[GA] Generation 218 best fitness: 2170.20
[GA] Generation 219 best fitness: 2170.20
[GA] Generation 220 best fitness: 2170.20
[GA PHEROMONE] Active groups: 22 / 235, Total Pheromone: 440.00
[GA] Generation 221 best fitness: 2170.20
[GA] Generation 222 best fitness: 2170.20
[GA] Generation 223 best fitness: 2170.20
[GA] Generation 224 best fitness: 2170.20
[GA] Stagnation detected (105 generations). Triggering Mass Extinction!
[GA] Generation 225 best fitness: 2170.20
[GA] Generation 226 best fitness: 2170.20
[GA] Generation 227 best fitness: 2170.20
[GA] Generation 228 best fitness: 2170.20
[GA] Generation 229 best fitness: 2170.20
[GA] Generation 230 best fitness: 2170.20
[GA PHEROMONE] Active groups: 22 / 235, Total Pheromone: 440.00
[GA] Generation 231 best fitness: 2170.20
[GA] Generation 232 best fitness: 2170.20
[GA] Generation 233 best fitness: 2170.20
[GA] Generation 234 best fitness: 2170.20
[GA] Generation 235 best fitness: 2170.20
[GA] Generation 236 best fitness: 2170.20
[GA] Generation 237 best fitness: 2170.20
[GA] Generation 238 best fitness: 2170.20
[GA] Generation 239 best fitness: 2170.20
[GA] Stagnation detected (120 generations). Triggering Mass Extinction!
[GA] Hard stagnation detected (120 generations). Early termination at generation 239
[GA] Seed 1 final best fitness: 2170.20
[GA] === Seed 2 / 5 (seed=50) ===
[GA] Generation 0 best fitness: -1800.26
[GA PHEROMONE] Active groups: 0 / 235, Total Pheromone: 0.00
[GA] Generation 1 best fitness: -648.91
[GA] Generation 2 best fitness: -512.09
[GA] Generation 3 best fitness: -512.09
[GA] Generation 4 best fitness: -173.17
[GA] Generation 5 best fitness: -173.17
[GA] Generation 6 best fitness: 761.46
[GA] Generation 7 best fitness: 761.46
[GA] Generation 8 best fitness: 761.46
[GA] Generation 9 best fitness: 761.46
[GA] Generation 10 best fitness: 761.46
[GA PHEROMONE] Active groups: 18 / 235, Total Pheromone: 204.54
[GA] Generation 11 best fitness: 1174.01
[GA] Generation 12 best fitness: 1174.01
[GA] Generation 13 best fitness: 1174.01
[GA] Generation 14 best fitness: 1174.01
[GA] Generation 15 best fitness: 1174.01
[GA] Generation 16 best fitness: 1174.01
[GA] Generation 17 best fitness: 1174.01
[GA] Generation 18 best fitness: 1174.01
[GA] Generation 19 best fitness: 1174.01
[GA] Generation 20 best fitness: 1174.01
[GA PHEROMONE] Active groups: 18 / 235, Total Pheromone: 40.27
[GA] Generation 21 best fitness: 1174.01
[GA] Generation 22 best fitness: 1174.01
[GA] Generation 23 best fitness: 1174.01
[GA] Generation 24 best fitness: 1407.94
[GA] Generation 25 best fitness: 1488.00
[GA] Generation 26 best fitness: 1488.00
[GA] Generation 27 best fitness: 1488.29
[GA] Generation 28 best fitness: 1558.51
[GA] Generation 29 best fitness: 1588.11
[GA] Generation 30 best fitness: 1588.11
[GA PHEROMONE] Active groups: 36 / 235, Total Pheromone: 292.77
[GA] Generation 31 best fitness: 1635.43
[GA] Generation 32 best fitness: 1645.65
[GA] Generation 33 best fitness: 1645.65
[GA] Generation 34 best fitness: 1645.65
[GA] Generation 35 best fitness: 1645.65
[GA] Generation 36 best fitness: 1645.65
[GA] Generation 37 best fitness: 1742.62
[GA] Generation 38 best fitness: 1742.62
[GA] Generation 39 best fitness: 1742.62
[GA] Generation 40 best fitness: 1742.62
[GA PHEROMONE] Active groups: 37 / 235, Total Pheromone: 289.23
[GA] Generation 41 best fitness: 1785.72
[GA] Generation 42 best fitness: 1785.72
[GA] Generation 43 best fitness: 1785.72
[GA] Generation 44 best fitness: 1785.72
[GA] Generation 45 best fitness: 1804.25
[GA] Generation 46 best fitness: 1813.84
[GA] Generation 47 best fitness: 1877.21
[GA] Generation 48 best fitness: 1877.21
[GA] Generation 49 best fitness: 1877.21
[GA] Generation 50 best fitness: 1877.84
[GA PHEROMONE] Active groups: 40 / 235, Total Pheromone: 385.07
[GA] Generation 51 best fitness: 1895.94
[GA] Generation 52 best fitness: 1896.28
[GA] Generation 53 best fitness: 1899.12
[GA] Generation 54 best fitness: 1919.30
[GA] Generation 55 best fitness: 2018.42
[GA] Generation 56 best fitness: 2018.42
[GA] Generation 57 best fitness: 2018.42
[GA] Generation 58 best fitness: 2061.70
[GA] Generation 59 best fitness: 2061.70
[GA] Generation 60 best fitness: 2061.70
[GA PHEROMONE] Active groups: 38 / 235, Total Pheromone: 397.03
[GA] Generation 61 best fitness: 2061.70
[GA] Generation 62 best fitness: 2117.63
[GA] Generation 63 best fitness: 2123.25
[GA] Generation 64 best fitness: 2125.64
[GA] Generation 65 best fitness: 2137.10
[GA] Generation 66 best fitness: 2137.10
[GA] Generation 67 best fitness: 2137.10
[GA] Generation 68 best fitness: 2198.85
[GA] Generation 69 best fitness: 2222.95
[GA] Generation 70 best fitness: 2222.95
[GA PHEROMONE] Active groups: 33 / 235, Total Pheromone: 459.50
[GA] Generation 71 best fitness: 2222.95
[GA] Generation 72 best fitness: 2225.08
[GA] Generation 73 best fitness: 2227.47
[GA] Generation 74 best fitness: 2233.09
[GA] Generation 75 best fitness: 2233.09
[GA] Generation 76 best fitness: 2235.66
[GA] Generation 77 best fitness: 2244.40
[GA] Generation 78 best fitness: 2244.40
[GA] Generation 79 best fitness: 2250.57
[GA] Generation 80 best fitness: 2250.57
[GA PHEROMONE] Active groups: 32 / 235, Total Pheromone: 436.57
[GA] Generation 81 best fitness: 2256.14
[GA] Generation 82 best fitness: 2307.51
[GA] Generation 83 best fitness: 2315.52
[GA] Generation 84 best fitness: 2315.52
[GA] Generation 85 best fitness: 2315.52
[GA] Generation 86 best fitness: 2332.99
[GA] Generation 87 best fitness: 2338.56
[GA] Generation 88 best fitness: 2338.56
[GA] Generation 89 best fitness: 2341.00
[GA] Generation 90 best fitness: 2341.00
[GA PHEROMONE] Active groups: 31 / 235, Total Pheromone: 447.59
[GA] Generation 91 best fitness: 2341.00
[GA] Generation 92 best fitness: 2341.00
[GA] Generation 93 best fitness: 2376.44
[GA] Generation 94 best fitness: 2376.44
[GA] Generation 95 best fitness: 2376.44
[GA] Generation 96 best fitness: 2376.44
[GA] Generation 97 best fitness: 2376.44
[GA] Generation 98 best fitness: 2376.44
[GA] Generation 99 best fitness: 2376.44
[GA] Generation 100 best fitness: 2382.55
[GA PHEROMONE] Active groups: 29 / 235, Total Pheromone: 464.00
[GA] Generation 101 best fitness: 2382.55
[GA] Generation 102 best fitness: 2384.91
[GA] Generation 103 best fitness: 2384.91
[GA] Generation 104 best fitness: 2384.91
[GA] Generation 105 best fitness: 2416.66
[GA] Generation 106 best fitness: 2416.66
[GA] Generation 107 best fitness: 2416.66
[GA] Generation 108 best fitness: 2416.66
[GA] Generation 109 best fitness: 2422.77
[GA] Generation 110 best fitness: 2422.77
[GA PHEROMONE] Active groups: 31 / 235, Total Pheromone: 505.95
[GA] Generation 111 best fitness: 2454.19
[GA] Generation 112 best fitness: 2456.55
[GA] Generation 113 best fitness: 2456.55
[GA] Generation 114 best fitness: 2456.55
[GA] Generation 115 best fitness: 2456.55
[GA] Generation 116 best fitness: 2456.55
[GA] Generation 117 best fitness: 2456.55
[GA] Generation 118 best fitness: 2456.55
[GA] Generation 119 best fitness: 2456.55
[GA] Generation 120 best fitness: 2513.17
[GA PHEROMONE] Active groups: 31 / 235, Total Pheromone: 517.08
[GA] Generation 121 best fitness: 2513.17
[GA] Generation 122 best fitness: 2513.17
[GA] Generation 123 best fitness: 2513.17
[GA] Generation 124 best fitness: 2513.17
[GA] Generation 125 best fitness: 2513.17
[GA] Generation 126 best fitness: 2513.17
[GA] Generation 127 best fitness: 2513.17
[GA] Generation 128 best fitness: 2513.17
[GA] Generation 129 best fitness: 2513.17
[GA] Generation 130 best fitness: 2513.17
[GA PHEROMONE] Active groups: 29 / 235, Total Pheromone: 504.37
[GA] Generation 131 best fitness: 2513.17
[GA] Generation 132 best fitness: 2513.17
[GA] Generation 133 best fitness: 2513.17
[GA] Generation 134 best fitness: 2513.17
[GA] Stagnation detected (15 generations). Triggering Mass Extinction!
[GA] Raising mutation rate to 0.40
[GA] Generation 135 best fitness: 2513.17
[GA] Generation 136 best fitness: 2513.17
[GA] Generation 137 best fitness: 2513.17
[GA] Generation 138 best fitness: 2513.17
[GA] Generation 139 best fitness: 2513.17
[GA] Generation 140 best fitness: 2513.17
[GA PHEROMONE] Active groups: 29 / 235, Total Pheromone: 500.86
[GA] Generation 141 best fitness: 2513.17
[GA] Generation 142 best fitness: 2513.17
[GA] Generation 143 best fitness: 2513.17
[GA] Generation 144 best fitness: 2513.17
[GA] Generation 145 best fitness: 2513.17
[GA] Generation 146 best fitness: 2513.17
[GA] Generation 147 best fitness: 2513.17
[GA] Generation 148 best fitness: 2513.17
[GA] Generation 149 best fitness: 2513.17
[GA] Stagnation detected (30 generations). Triggering Mass Extinction!
[GA] Generation 150 best fitness: 2513.17
[GA PHEROMONE] Active groups: 29 / 235, Total Pheromone: 500.17
[GA] Generation 151 best fitness: 2513.17
[GA] Generation 152 best fitness: 2513.17
[GA] Generation 153 best fitness: 2513.17
[GA] Generation 154 best fitness: 2513.17
[GA] Generation 155 best fitness: 2513.17
[GA] Generation 156 best fitness: 2513.17
[GA] Generation 157 best fitness: 2513.17
[GA] Generation 158 best fitness: 2513.17
[GA] Generation 159 best fitness: 2513.17
[GA] Generation 160 best fitness: 2513.17
[GA PHEROMONE] Active groups: 26 / 235, Total Pheromone: 500.02
[GA] Generation 161 best fitness: 2513.17
[GA] Generation 162 best fitness: 2513.17
[GA] Generation 163 best fitness: 2513.17
[GA] Generation 164 best fitness: 2513.17
[GA] Stagnation detected (45 generations). Triggering Mass Extinction!
[GA] Generation 165 best fitness: 2513.17
[GA] Generation 166 best fitness: 2513.17
[GA] Generation 167 best fitness: 2513.17
[GA] Generation 168 best fitness: 2513.17
[GA] Generation 169 best fitness: 2513.17
[GA] Generation 170 best fitness: 2513.17
[GA PHEROMONE] Active groups: 25 / 235, Total Pheromone: 500.00
[GA] Generation 171 best fitness: 2513.17
[GA] Generation 172 best fitness: 2513.17
[GA] Generation 173 best fitness: 2513.17
[GA] Generation 174 best fitness: 2513.17
[GA] Generation 175 best fitness: 2513.17
[GA] Generation 176 best fitness: 2513.17
[GA] Generation 177 best fitness: 2513.17
[GA] Generation 178 best fitness: 2513.17
[GA] Generation 179 best fitness: 2513.17
[GA] Stagnation detected (60 generations). Triggering Mass Extinction!
[GA] Generation 180 best fitness: 2513.17
[GA PHEROMONE] Active groups: 25 / 235, Total Pheromone: 500.00
[GA] Generation 181 best fitness: 2513.17
[GA] Generation 182 best fitness: 2513.17
[GA] Generation 183 best fitness: 2513.17
[GA] Generation 184 best fitness: 2513.17
[GA] Generation 185 best fitness: 2513.17
[GA] Generation 186 best fitness: 2513.17
[GA] Generation 187 best fitness: 2513.17
[GA] Generation 188 best fitness: 2513.17
[GA] Generation 189 best fitness: 2513.17
[GA] Generation 190 best fitness: 2513.17
[GA PHEROMONE] Active groups: 25 / 235, Total Pheromone: 500.00
[GA] Generation 191 best fitness: 2513.17
[GA] Generation 192 best fitness: 2513.17
[GA] Generation 193 best fitness: 2513.17
[GA] Generation 194 best fitness: 2513.17
[GA] Stagnation detected (75 generations). Triggering Mass Extinction!
[GA] Generation 195 best fitness: 2513.17
[GA] Generation 196 best fitness: 2513.17
[GA] Generation 197 best fitness: 2513.17
[GA] Generation 198 best fitness: 2513.17
[GA] Generation 199 best fitness: 2513.17
[GA] Generation 200 best fitness: 2513.17
[GA PHEROMONE] Active groups: 25 / 235, Total Pheromone: 500.00
[GA] Generation 201 best fitness: 2513.17
[GA] Generation 202 best fitness: 2513.17
[GA] Generation 203 best fitness: 2513.17
[GA] Generation 204 best fitness: 2513.17
[GA] Generation 205 best fitness: 2513.17
[GA] Generation 206 best fitness: 2513.17
[GA] Generation 207 best fitness: 2513.17
[GA] Generation 208 best fitness: 2513.17
[GA] Generation 209 best fitness: 2513.17
[GA] Stagnation detected (90 generations). Triggering Mass Extinction!
[GA] Generation 210 best fitness: 2513.17
[GA PHEROMONE] Active groups: 25 / 235, Total Pheromone: 500.00
[GA] Generation 211 best fitness: 2513.17
[GA] Generation 212 best fitness: 2513.17
[GA] Generation 213 best fitness: 2513.17
[GA] Generation 214 best fitness: 2513.17
[GA] Generation 215 best fitness: 2513.17
[GA] Generation 216 best fitness: 2513.17
[GA] Generation 217 best fitness: 2513.17
[GA] Generation 218 best fitness: 2513.17
[GA] Generation 219 best fitness: 2513.17
[GA] Generation 220 best fitness: 2513.17
[GA PHEROMONE] Active groups: 25 / 235, Total Pheromone: 500.00
[GA] Generation 221 best fitness: 2513.17
[GA] Generation 222 best fitness: 2513.17
[GA] Generation 223 best fitness: 2513.17
[GA] Generation 224 best fitness: 2513.17
[GA] Stagnation detected (105 generations). Triggering Mass Extinction!
[GA] Generation 225 best fitness: 2513.17
[GA] Generation 226 best fitness: 2513.17
[GA] Generation 227 best fitness: 2513.17
[GA] Generation 228 best fitness: 2513.17
[GA] Generation 229 best fitness: 2513.17
[GA] Generation 230 best fitness: 2513.17
[GA PHEROMONE] Active groups: 25 / 235, Total Pheromone: 500.00
[GA] Generation 231 best fitness: 2513.17
[GA] Generation 232 best fitness: 2513.17
[GA] Generation 233 best fitness: 2513.17
[GA] Generation 234 best fitness: 2513.17
[GA] Generation 235 best fitness: 2513.17
[GA] Generation 236 best fitness: 2513.17
[GA] Generation 237 best fitness: 2513.17
[GA] Generation 238 best fitness: 2513.17
[GA] Generation 239 best fitness: 2513.17
[GA] Stagnation detected (120 generations). Triggering Mass Extinction!
[GA] Hard stagnation detected (120 generations). Early termination at generation 239
[GA] Seed 2 final best fitness: 2513.17
[GA] === Seed 3 / 5 (seed=57) ===
[GA] Generation 0 best fitness: -1848.46
[GA PHEROMONE] Active groups: 9 / 235, Total Pheromone: 36.00
[GA] Generation 1 best fitness: -343.87
[GA] Generation 2 best fitness: -343.87
[GA] Generation 3 best fitness: -343.87
[GA] Generation 4 best fitness: -185.80
[GA] Generation 5 best fitness: -30.22
[GA] Generation 6 best fitness: -14.08
[GA] Generation 7 best fitness: 46.16
[GA] Generation 8 best fitness: 400.41
[GA] Generation 9 best fitness: 1285.65
[GA] Generation 10 best fitness: 1285.65
[GA PHEROMONE] Active groups: 16 / 235, Total Pheromone: 71.47
[GA] Generation 11 best fitness: 1285.65
[GA] Generation 12 best fitness: 1285.65
[GA] Generation 13 best fitness: 1285.65
[GA] Generation 14 best fitness: 1285.65
[GA] Generation 15 best fitness: 1285.65
[GA] Generation 16 best fitness: 1285.65
[GA] Generation 17 best fitness: 1285.65
[GA] Generation 18 best fitness: 1285.65
[GA] Generation 19 best fitness: 1314.09
[GA] Generation 20 best fitness: 1314.09
[GA PHEROMONE] Active groups: 23 / 235, Total Pheromone: 162.39
[GA] Generation 21 best fitness: 1314.09
[GA] Generation 22 best fitness: 1314.09
[GA] Generation 23 best fitness: 1314.09
[GA] Generation 24 best fitness: 1317.27
[GA] Generation 25 best fitness: 1317.27
[GA] Generation 26 best fitness: 1317.27
[GA] Generation 27 best fitness: 1317.27
[GA] Generation 28 best fitness: 1317.27
[GA] Generation 29 best fitness: 1330.45
[GA] Generation 30 best fitness: 1330.45
[GA PHEROMONE] Active groups: 34 / 235, Total Pheromone: 269.50
[GA] Generation 31 best fitness: 1540.17
[GA] Generation 32 best fitness: 1540.17
[GA] Generation 33 best fitness: 1540.17
[GA] Generation 34 best fitness: 1540.17
[GA] Generation 35 best fitness: 1632.79
[GA] Generation 36 best fitness: 1632.79
[GA] Generation 37 best fitness: 1632.79
[GA] Generation 38 best fitness: 1632.79
[GA] Generation 39 best fitness: 1632.79
[GA] Generation 40 best fitness: 1632.79
[GA PHEROMONE] Active groups: 33 / 235, Total Pheromone: 292.85
[GA] Generation 41 best fitness: 1632.79
[GA] Generation 42 best fitness: 1632.79
[GA] Generation 43 best fitness: 1632.79
[GA] Generation 44 best fitness: 1632.79
[GA] Generation 45 best fitness: 1632.79
[GA] Generation 46 best fitness: 1632.79
[GA] Generation 47 best fitness: 1632.79
[GA] Generation 48 best fitness: 1632.79
[GA] Generation 49 best fitness: 1632.79
[GA] Generation 50 best fitness: 1680.25
[GA PHEROMONE] Active groups: 28 / 235, Total Pheromone: 283.95
[GA] Generation 51 best fitness: 1680.25
[GA] Generation 52 best fitness: 1680.25
[GA] Generation 53 best fitness: 1680.25
[GA] Generation 54 best fitness: 1680.25
[GA] Generation 55 best fitness: 1680.25
[GA] Generation 56 best fitness: 1680.25
[GA] Generation 57 best fitness: 1740.42
[GA] Generation 58 best fitness: 1740.42
[GA] Generation 59 best fitness: 1740.42
[GA] Generation 60 best fitness: 1740.42
[GA PHEROMONE] Active groups: 28 / 235, Total Pheromone: 298.80
[GA] Generation 61 best fitness: 1740.42
[GA] Generation 62 best fitness: 1740.42
[GA] Generation 63 best fitness: 1740.42
[GA] Generation 64 best fitness: 1740.42
[GA] Generation 65 best fitness: 1740.42
[GA] Generation 66 best fitness: 1740.42
[GA] Generation 67 best fitness: 1740.42
[GA] Generation 68 best fitness: 1740.42
[GA] Generation 69 best fitness: 1740.42
[GA] Generation 70 best fitness: 1740.42
[GA PHEROMONE] Active groups: 24 / 235, Total Pheromone: 300.72
[GA] Generation 71 best fitness: 1740.42
[GA] Stagnation detected (15 generations). Triggering Mass Extinction!
[GA] Raising mutation rate to 0.40
[GA] Generation 72 best fitness: 1740.42
[GA] Generation 73 best fitness: 1740.42
[GA] Generation 74 best fitness: 1740.42
[GA] Generation 75 best fitness: 1740.42
[GA] Generation 76 best fitness: 1740.42
[GA] Generation 77 best fitness: 1740.42
[GA] Generation 78 best fitness: 1740.42
[GA] Generation 79 best fitness: 1740.42
[GA] Generation 80 best fitness: 1740.42
[GA PHEROMONE] Active groups: 16 / 235, Total Pheromone: 300.11
[GA] Generation 81 best fitness: 1740.42
[GA] Generation 82 best fitness: 1740.42
[GA] Generation 83 best fitness: 1740.42
[GA] Generation 84 best fitness: 1740.42
[GA] Generation 85 best fitness: 1740.42
[GA] Generation 86 best fitness: 1740.42
[GA] Stagnation detected (30 generations). Triggering Mass Extinction!
[GA] Generation 87 best fitness: 1740.42
[GA] Generation 88 best fitness: 1740.42
[GA] Generation 89 best fitness: 1740.42
[GA] Generation 90 best fitness: 1740.42
[GA PHEROMONE] Active groups: 16 / 235, Total Pheromone: 300.02
[GA] Generation 91 best fitness: 1740.42
[GA] Generation 92 best fitness: 1740.42
[GA] Generation 93 best fitness: 1740.42
[GA] Generation 94 best fitness: 1740.42
[GA] Generation 95 best fitness: 1740.42
[GA] Generation 96 best fitness: 1740.42
[GA] Generation 97 best fitness: 1740.42
[GA] Generation 98 best fitness: 1740.42
[GA] Generation 99 best fitness: 1740.42
[GA] Best fitness improved to 1742.87. Resetting mutation rate to 0.15
[GA] Generation 100 best fitness: 1742.87
[GA PHEROMONE] Active groups: 20 / 235, Total Pheromone: 315.40
Not converge : Sherd alignment
[GA] Generation 101 best fitness: 1821.09
[GA] Generation 102 best fitness: 1821.09
[GA] Generation 103 best fitness: 1821.09
[GA] Generation 104 best fitness: 1821.09
[GA] Generation 105 best fitness: 1821.09
[GA] Generation 106 best fitness: 1821.09
[GA] Generation 107 best fitness: 1821.09
[GA] Generation 108 best fitness: 1821.09
[GA] Generation 109 best fitness: 1821.09
[GA] Generation 110 best fitness: 1821.09
[GA PHEROMONE] Active groups: 20 / 235, Total Pheromone: 314.06
[GA] Generation 111 best fitness: 1821.09
[GA] Generation 112 best fitness: 1821.09
[GA] Generation 113 best fitness: 1834.65
[GA] Generation 114 best fitness: 1834.65
[GA] Generation 115 best fitness: 1861.08
[GA] Generation 116 best fitness: 1885.91
[GA] Generation 117 best fitness: 1911.41
[GA] Generation 118 best fitness: 2004.43
[GA] Generation 119 best fitness: 2026.31
[GA] Generation 120 best fitness: 2031.37
[GA PHEROMONE] Active groups: 26 / 235, Total Pheromone: 384.78
[GA] Generation 121 best fitness: 2062.53
[GA] Generation 122 best fitness: 2063.04
[GA] Generation 123 best fitness: 2063.04
[GA] Generation 124 best fitness: 2068.09
[GA] Generation 125 best fitness: 2068.09
[GA] Generation 126 best fitness: 2182.69
[GA] Generation 127 best fitness: 2182.69
[GA] Generation 128 best fitness: 2182.69
[GA] Generation 129 best fitness: 2215.10
[GA] Generation 130 best fitness: 2215.10
[GA PHEROMONE] Active groups: 29 / 235, Total Pheromone: 408.75
[GA] Generation 131 best fitness: 2217.54
[GA] Generation 132 best fitness: 2217.54
[GA] Generation 133 best fitness: 2217.54
[GA] Generation 134 best fitness: 2217.54
[GA] Generation 135 best fitness: 2250.23
[GA] Generation 136 best fitness: 2250.23
[GA] Generation 137 best fitness: 2250.23
[GA] Generation 138 best fitness: 2282.64
[GA] Generation 139 best fitness: 2301.90
[GA] Generation 140 best fitness: 2301.90
[GA PHEROMONE] Active groups: 33 / 235, Total Pheromone: 433.15
[GA] Generation 141 best fitness: 2307.76
[GA] Generation 142 best fitness: 2307.76
[GA] Generation 143 best fitness: 2321.37
[GA] Generation 144 best fitness: 2321.37
[GA] Generation 145 best fitness: 2327.02
[GA] Generation 146 best fitness: 2342.58
[GA] Generation 147 best fitness: 2378.23
[GA] Generation 148 best fitness: 2378.86
[GA] Generation 149 best fitness: 2378.86
[GA] Generation 150 best fitness: 2384.51
[GA PHEROMONE] Active groups: 34 / 235, Total Pheromone: 437.36
[GA] Generation 151 best fitness: 2387.73
[GA] Generation 152 best fitness: 2387.73
[GA] Generation 153 best fitness: 2390.17
[GA] Generation 154 best fitness: 2396.28
[GA] Generation 155 best fitness: 2396.28
[GA] Generation 156 best fitness: 2420.53
[GA] Generation 157 best fitness: 2420.53
[GA] Generation 158 best fitness: 2420.53
[GA] Generation 159 best fitness: 2431.84
[GA] Generation 160 best fitness: 2439.93
[GA PHEROMONE] Active groups: 33 / 235, Total Pheromone: 444.14
[GA] Generation 161 best fitness: 2439.93
[GA] Generation 162 best fitness: 2439.93
[GA] Generation 163 best fitness: 2439.93
[GA] Generation 164 best fitness: 2439.93
[GA] Generation 165 best fitness: 2446.04
[GA] Generation 166 best fitness: 2446.04
[GA] Generation 167 best fitness: 2446.04
[GA] Generation 168 best fitness: 2462.07
[GA] Generation 169 best fitness: 2462.07
[GA] Generation 170 best fitness: 2475.36
[GA PHEROMONE] Active groups: 33 / 235, Total Pheromone: 481.51
[GA] Generation 171 best fitness: 2475.36
[GA] Generation 172 best fitness: 2481.47
[GA] Generation 173 best fitness: 2483.69
[GA] Generation 174 best fitness: 2483.69
[GA] Generation 175 best fitness: 2483.69
[GA] Generation 176 best fitness: 2519.13
[GA] Generation 177 best fitness: 2519.13
[GA] Generation 178 best fitness: 2519.13
[GA] Generation 179 best fitness: 2519.13
[GA] Generation 180 best fitness: 2519.13
[GA PHEROMONE] Active groups: 32 / 235, Total Pheromone: 480.36
[GA] Generation 181 best fitness: 2519.13
[GA] Generation 182 best fitness: 2519.13
[GA] Generation 183 best fitness: 2519.13
[GA] Generation 184 best fitness: 2519.13
[GA] Generation 185 best fitness: 2519.13
[GA] Generation 186 best fitness: 2519.13
[GA] Generation 187 best fitness: 2519.13
[GA] Generation 188 best fitness: 2519.13
[GA] Generation 189 best fitness: 2519.13
[GA] Generation 190 best fitness: 2519.13
[GA PHEROMONE] Active groups: 31 / 235, Total Pheromone: 468.00
[GA] Generation 191 best fitness: 2525.23
[GA] Generation 192 best fitness: 2525.23
[GA] Generation 193 best fitness: 2526.93
[GA] Generation 194 best fitness: 2565.46
[GA] Generation 195 best fitness: 2565.46
[GA] Generation 196 best fitness: 2565.46
[GA] Generation 197 best fitness: 2571.57
[GA] Generation 198 best fitness: 2571.57
[GA] Generation 199 best fitness: 2584.41
[GA] Generation 200 best fitness: 2590.51
[GA PHEROMONE] Active groups: 30 / 235, Total Pheromone: 491.31
[GA] Generation 201 best fitness: 2590.51
[GA] Generation 202 best fitness: 2590.51
[GA] Generation 203 best fitness: 2590.51
[GA] Generation 204 best fitness: 2590.51
[GA] Generation 205 best fitness: 2590.51
[GA] Generation 206 best fitness: 2590.51
[GA] Generation 207 best fitness: 2590.51
[GA] Generation 208 best fitness: 2590.51
[GA] Generation 209 best fitness: 2592.87
[GA] Generation 210 best fitness: 2592.87
[GA PHEROMONE] Active groups: 30 / 235, Total Pheromone: 479.75
[GA] Generation 211 best fitness: 2592.87
[GA] Generation 212 best fitness: 2592.87
[GA] Generation 213 best fitness: 2592.87
[GA] Generation 214 best fitness: 2592.87
[GA] Generation 215 best fitness: 2592.87
[GA] Generation 216 best fitness: 2592.87
[GA] Generation 217 best fitness: 2592.87
[GA] Generation 218 best fitness: 2647.14
[GA] Generation 219 best fitness: 2647.14
[GA] Generation 220 best fitness: 2649.50
[GA PHEROMONE] Active groups: 30 / 235, Total Pheromone: 492.41
[GA] Generation 221 best fitness: 2649.50
[GA] Generation 222 best fitness: 2649.50
[GA] Generation 223 best fitness: 2649.50
[GA] Generation 224 best fitness: 2649.50
[GA] Generation 225 best fitness: 2649.50
[GA] Generation 226 best fitness: 2649.50
[GA] Generation 227 best fitness: 2649.50
[GA] Generation 228 best fitness: 2649.50
[GA] Generation 229 best fitness: 2649.50
[GA] Generation 230 best fitness: 2649.50
[GA PHEROMONE] Active groups: 30 / 235, Total Pheromone: 483.87
[GA] Generation 231 best fitness: 2649.50
[GA] Generation 232 best fitness: 2649.50
[GA] Generation 233 best fitness: 2649.50
[GA] Generation 234 best fitness: 2649.50
[GA] Stagnation detected (15 generations). Triggering Mass Extinction!
[GA] Raising mutation rate to 0.40
[GA] Generation 235 best fitness: 2649.50
[GA] Generation 236 best fitness: 2649.50
[GA] Generation 237 best fitness: 2649.50
[GA] Generation 238 best fitness: 2649.50
[GA] Generation 239 best fitness: 2649.50
[GA] Generation 240 best fitness: 2649.50
[GA PHEROMONE] Active groups: 29 / 235, Total Pheromone: 480.75
[GA] Generation 241 best fitness: 2649.50
[GA] Generation 242 best fitness: 2649.50
[GA] Generation 243 best fitness: 2649.50
[GA] Generation 244 best fitness: 2649.50
[GA] Generation 245 best fitness: 2649.50
[GA] Generation 246 best fitness: 2649.50
[GA] Generation 247 best fitness: 2649.50
[GA] Generation 248 best fitness: 2649.50
[GA] Generation 249 best fitness: 2649.50
[GA] Stagnation detected (30 generations). Triggering Mass Extinction!
[GA] Generation 250 best fitness: 2649.50
[GA PHEROMONE] Active groups: 26 / 235, Total Pheromone: 480.14
[GA] Generation 251 best fitness: 2649.50
[GA] Generation 252 best fitness: 2649.50
[GA] Generation 253 best fitness: 2649.50
[GA] Generation 254 best fitness: 2649.50
[GA] Generation 255 best fitness: 2649.50
[GA] Generation 256 best fitness: 2649.50
[GA] Generation 257 best fitness: 2649.50
[GA] Generation 258 best fitness: 2649.50
[GA] Generation 259 best fitness: 2649.50
[GA] Generation 260 best fitness: 2649.50
[GA PHEROMONE] Active groups: 26 / 235, Total Pheromone: 480.03
[GA] Generation 261 best fitness: 2649.50
[GA] Generation 262 best fitness: 2649.50
[GA] Generation 263 best fitness: 2649.50
[GA] Generation 264 best fitness: 2649.50
[GA] Stagnation detected (45 generations). Triggering Mass Extinction!
[GA] Generation 265 best fitness: 2649.50
[GA] Generation 266 best fitness: 2649.50
[GA] Generation 267 best fitness: 2649.50
[GA] Generation 268 best fitness: 2649.50
[GA] Generation 269 best fitness: 2649.50
[GA] Generation 270 best fitness: 2649.50
[GA PHEROMONE] Active groups: 24 / 235, Total Pheromone: 480.00
[GA] Generation 271 best fitness: 2649.50
[GA] Generation 272 best fitness: 2649.50
[GA] Generation 273 best fitness: 2649.50
[GA] Generation 274 best fitness: 2649.50
[GA] Generation 275 best fitness: 2649.50
[GA] Generation 276 best fitness: 2649.50
[GA] Generation 277 best fitness: 2649.50
[GA] Generation 278 best fitness: 2649.50
[GA] Generation 279 best fitness: 2649.50
[GA] Stagnation detected (60 generations). Triggering Mass Extinction!
[GA] Generation 280 best fitness: 2649.50
[GA PHEROMONE] Active groups: 24 / 235, Total Pheromone: 480.00
[GA] Generation 281 best fitness: 2649.50
[GA] Generation 282 best fitness: 2649.50
[GA] Generation 283 best fitness: 2649.50
[GA] Generation 284 best fitness: 2649.50
[GA] Generation 285 best fitness: 2649.50
[GA] Generation 286 best fitness: 2649.50
[GA] Generation 287 best fitness: 2649.50
[GA] Generation 288 best fitness: 2649.50
[GA] Generation 289 best fitness: 2649.50
[GA] Generation 290 best fitness: 2649.50
[GA PHEROMONE] Active groups: 24 / 235, Total Pheromone: 480.00
[GA] Generation 291 best fitness: 2649.50
[GA] Generation 292 best fitness: 2649.50
[GA] Generation 293 best fitness: 2649.50
[GA] Generation 294 best fitness: 2649.50
[GA] Stagnation detected (75 generations). Triggering Mass Extinction!
[GA] Generation 295 best fitness: 2649.50
[GA] Generation 296 best fitness: 2649.50
[GA] Generation 297 best fitness: 2649.50
[GA] Generation 298 best fitness: 2649.50
[GA] Generation 299 best fitness: 2649.50
[GA] Generation 300 best fitness: 2649.50
[GA PHEROMONE] Active groups: 24 / 235, Total Pheromone: 480.00
[GA] Generation 301 best fitness: 2649.50
[GA] Generation 302 best fitness: 2649.50
[GA] Generation 303 best fitness: 2649.50
[GA] Generation 304 best fitness: 2649.50
[GA] Generation 305 best fitness: 2649.50
[GA] Generation 306 best fitness: 2649.50
[GA] Generation 307 best fitness: 2649.50
[GA] Generation 308 best fitness: 2649.50
[GA] Generation 309 best fitness: 2649.50
[GA] Stagnation detected (90 generations). Triggering Mass Extinction!
[GA] Generation 310 best fitness: 2649.50
[GA PHEROMONE] Active groups: 24 / 235, Total Pheromone: 480.00
[GA] Generation 311 best fitness: 2649.50
[GA] Generation 312 best fitness: 2649.50
[GA] Generation 313 best fitness: 2649.50
[GA] Generation 314 best fitness: 2649.50
[GA] Generation 315 best fitness: 2649.50
[GA] Generation 316 best fitness: 2649.50
[GA] Generation 317 best fitness: 2649.50
[GA] Generation 318 best fitness: 2649.50
[GA] Generation 319 best fitness: 2649.50
[GA] Generation 320 best fitness: 2649.50
[GA PHEROMONE] Active groups: 24 / 235, Total Pheromone: 480.00
[GA] Generation 321 best fitness: 2649.50
[GA] Generation 322 best fitness: 2649.50
[GA] Generation 323 best fitness: 2649.50
[GA] Generation 324 best fitness: 2649.50
[GA] Stagnation detected (105 generations). Triggering Mass Extinction!
[GA] Generation 325 best fitness: 2649.50
[GA] Generation 326 best fitness: 2649.50
[GA] Generation 327 best fitness: 2649.50
[GA] Generation 328 best fitness: 2649.50
[GA] Generation 329 best fitness: 2649.50
[GA] Generation 330 best fitness: 2649.50
[GA PHEROMONE] Active groups: 24 / 235, Total Pheromone: 480.00
[GA] Generation 331 best fitness: 2649.50
[GA] Generation 332 best fitness: 2649.50
[GA] Generation 333 best fitness: 2649.50
[GA] Generation 334 best fitness: 2649.50
[GA] Generation 335 best fitness: 2649.50
[GA] Generation 336 best fitness: 2649.50
[GA] Generation 337 best fitness: 2649.50
[GA] Generation 338 best fitness: 2649.50
[GA] Generation 339 best fitness: 2649.50
[GA] Stagnation detected (120 generations). Triggering Mass Extinction!
[GA] Hard stagnation detected (120 generations). Early termination at generation 339
[GA] Seed 3 final best fitness: 2649.50
[GA] === Seed 4 / 5 (seed=64) ===
[GA] Generation 0 best fitness: -1510.19
[GA PHEROMONE] Active groups: 3 / 235, Total Pheromone: 12.00
[GA] Generation 1 best fitness: -1510.19
[GA] Generation 2 best fitness: 586.88
[GA] Generation 3 best fitness: 586.88
[GA] Generation 4 best fitness: 586.88
[GA] Generation 5 best fitness: 606.77
[GA] Generation 6 best fitness: 606.77
[GA] Generation 7 best fitness: 606.77
[GA] Generation 8 best fitness: 606.77
[GA] Generation 9 best fitness: 875.83
[GA] Generation 10 best fitness: 875.83
[GA PHEROMONE] Active groups: 14 / 235, Total Pheromone: 108.17
[GA] Generation 11 best fitness: 875.83
[GA] Generation 12 best fitness: 1107.97
[GA] Generation 13 best fitness: 1107.97
[GA] Generation 14 best fitness: 1107.97
[GA] Generation 15 best fitness: 1107.97
[GA] Generation 16 best fitness: 1107.97
[GA] Generation 17 best fitness: 1107.97
[GA] Generation 18 best fitness: 1268.40
[GA] Generation 19 best fitness: 1268.40
[GA] Generation 20 best fitness: 1283.56
[GA PHEROMONE] Active groups: 23 / 235, Total Pheromone: 94.91
[GA] Generation 21 best fitness: 1283.56
[GA] Generation 22 best fitness: 1315.38
[GA] Generation 23 best fitness: 1315.38
[GA] Generation 24 best fitness: 1315.38
[GA] Generation 25 best fitness: 1389.11
[GA] Generation 26 best fitness: 1389.11
[GA] Generation 27 best fitness: 1389.11
[GA] Generation 28 best fitness: 1418.80
[GA] Generation 29 best fitness: 1437.39
[GA] Generation 30 best fitness: 1437.39
[GA PHEROMONE] Active groups: 34 / 235, Total Pheromone: 256.31
[GA] Generation 31 best fitness: 1437.39
[GA] Generation 32 best fitness: 1437.39
[GA] Generation 33 best fitness: 1458.79
[GA] Generation 34 best fitness: 1458.79
[GA] Generation 35 best fitness: 1458.79
[GA] Generation 36 best fitness: 1460.11
[GA] Generation 37 best fitness: 1460.11
[GA] Generation 38 best fitness: 1460.11
[GA] Generation 39 best fitness: 1460.11
[GA] Generation 40 best fitness: 1460.11
[GA PHEROMONE] Active groups: 31 / 235, Total Pheromone: 327.87
[GA] Generation 41 best fitness: 1460.11
[GA] Generation 42 best fitness: 1467.89
[GA] Generation 43 best fitness: 1467.89
[GA] Generation 44 best fitness: 1480.88
[GA] Generation 45 best fitness: 1482.53
[GA] Generation 46 best fitness: 1524.59
[GA] Generation 47 best fitness: 1524.59
[GA] Generation 48 best fitness: 1587.69
[GA] Generation 49 best fitness: 1587.69
[GA] Generation 50 best fitness: 1604.71
[GA PHEROMONE] Active groups: 32 / 235, Total Pheromone: 297.98
[GA] Generation 51 best fitness: 1604.71
[GA] Generation 52 best fitness: 1604.71
[GA] Generation 53 best fitness: 1612.49
[GA] Generation 54 best fitness: 1615.67
[GA] Generation 55 best fitness: 1615.67
[GA] Generation 56 best fitness: 1699.47
[GA] Generation 57 best fitness: 1699.47
[GA] Generation 58 best fitness: 1699.47
[GA] Generation 59 best fitness: 1699.47
[GA] Generation 60 best fitness: 1699.47
[GA PHEROMONE] Active groups: 25 / 235, Total Pheromone: 293.96
[GA] Generation 61 best fitness: 1699.47
[GA] Generation 62 best fitness: 1699.47
[GA] Generation 63 best fitness: 1699.47
[GA] Generation 64 best fitness: 1699.47
[GA] Generation 65 best fitness: 1699.47
[GA] Generation 66 best fitness: 1708.69
[GA] Generation 67 best fitness: 1708.69
[GA] Generation 68 best fitness: 1708.69
[GA] Generation 69 best fitness: 1708.69
[GA] Generation 70 best fitness: 1736.57
[GA PHEROMONE] Active groups: 27 / 235, Total Pheromone: 294.46
[GA] Generation 71 best fitness: 1736.57
[GA] Generation 72 best fitness: 1736.57
[GA] Generation 73 best fitness: 1736.57
[GA] Generation 74 best fitness: 1736.57
[GA] Generation 75 best fitness: 1744.66
[GA] Generation 76 best fitness: 1744.66
[GA] Generation 77 best fitness: 1744.66
[GA] Generation 78 best fitness: 1751.01
[GA] Generation 79 best fitness: 1751.01
[GA] Generation 80 best fitness: 1751.01
[GA PHEROMONE] Active groups: 32 / 235, Total Pheromone: 358.59
[GA] Generation 81 best fitness: 1776.17
[GA] Generation 82 best fitness: 1776.17
[GA] Generation 83 best fitness: 1776.17
[GA] Generation 84 best fitness: 1776.17
[GA] Generation 85 best fitness: 1776.17
[GA] Generation 86 best fitness: 1784.26
[GA] Generation 87 best fitness: 1784.26
[GA] Generation 88 best fitness: 1784.26
[GA] Generation 89 best fitness: 1812.59
[GA] Generation 90 best fitness: 1812.59
[GA PHEROMONE] Active groups: 30 / 235, Total Pheromone: 365.90
[GA] Generation 91 best fitness: 1812.59
[GA] Generation 92 best fitness: 1812.59
[GA] Generation 93 best fitness: 1812.59
[GA] Generation 94 best fitness: 1812.59
[GA] Generation 95 best fitness: 1812.59
[GA] Generation 96 best fitness: 1812.59
[GA] Generation 97 best fitness: 1812.59
[GA] Generation 98 best fitness: 1812.59
[GA] Generation 99 best fitness: 1812.59
[GA] Generation 100 best fitness: 1812.59
[GA PHEROMONE] Active groups: 25 / 235, Total Pheromone: 347.99
[GA] Generation 101 best fitness: 1812.59
[GA] Generation 102 best fitness: 1812.59
[GA] Generation 103 best fitness: 1812.59
[GA] Stagnation detected (15 generations). Triggering Mass Extinction!
[GA] Raising mutation rate to 0.40
[GA] Generation 104 best fitness: 1812.59
[GA] Generation 105 best fitness: 1812.59
[GA] Generation 106 best fitness: 1812.59
[GA] Generation 107 best fitness: 1812.59
[GA] Generation 108 best fitness: 1812.59
[GA] Generation 109 best fitness: 1812.59
[GA] Generation 110 best fitness: 1812.59
[GA PHEROMONE] Active groups: 25 / 235, Total Pheromone: 341.57
[GA] Generation 111 best fitness: 1812.59
[GA] Generation 112 best fitness: 1812.59
[GA] Generation 113 best fitness: 1812.59
[GA] Generation 114 best fitness: 1812.59
[GA] Generation 115 best fitness: 1812.59
[GA] Generation 116 best fitness: 1812.59
[GA] Best fitness improved to 1815.04. Resetting mutation rate to 0.15
[GA] Generation 117 best fitness: 1815.04
[GA] Generation 118 best fitness: 1815.04
[GA] Generation 119 best fitness: 1815.04
[GA] Generation 120 best fitness: 1815.04
[GA PHEROMONE] Active groups: 25 / 235, Total Pheromone: 355.14
[GA] Generation 121 best fitness: 1815.04
[GA] Generation 122 best fitness: 1815.04
[GA] Generation 123 best fitness: 1815.04
[GA] Generation 124 best fitness: 1815.04
[GA] Generation 125 best fitness: 1815.04
[GA] Generation 126 best fitness: 1816.25
[GA] Generation 127 best fitness: 1816.25
[GA] Generation 128 best fitness: 1822.96
[GA] Generation 129 best fitness: 1822.96
[GA] Generation 130 best fitness: 1831.05
[GA PHEROMONE] Active groups: 26 / 235, Total Pheromone: 397.77
[GA] Generation 131 best fitness: 1831.05
[GA] Generation 132 best fitness: 1831.05
[GA] Generation 133 best fitness: 1831.05
[GA] Generation 134 best fitness: 1833.50
[GA] Generation 135 best fitness: 1833.50
[GA] Generation 136 best fitness: 1833.50
[GA] Generation 137 best fitness: 1833.50
[GA] Generation 138 best fitness: 1833.50
[GA] Generation 139 best fitness: 1833.50
[GA] Generation 140 best fitness: 1833.50
[GA PHEROMONE] Active groups: 24 / 235, Total Pheromone: 422.87
[GA] Generation 141 best fitness: 1833.50
[GA] Generation 142 best fitness: 1833.50
[GA] Generation 143 best fitness: 1833.50
[GA] Generation 144 best fitness: 1833.50
[GA] Generation 145 best fitness: 1833.50
[GA] Generation 146 best fitness: 1833.50
[GA] Generation 147 best fitness: 1833.50
[GA] Generation 148 best fitness: 1833.50
[GA] Stagnation detected (15 generations). Triggering Mass Extinction!
[GA] Raising mutation rate to 0.40
[GA] Generation 149 best fitness: 1833.50
[GA] Generation 150 best fitness: 1833.50
[GA PHEROMONE] Active groups: 24 / 235, Total Pheromone: 420.57
Not converge : Sherd alignment
[GA] Generation 151 best fitness: 1833.50
[GA] Generation 152 best fitness: 1833.50
[GA] Generation 153 best fitness: 1833.50
[GA] Generation 154 best fitness: 1833.50
[GA] Generation 155 best fitness: 1833.50
[GA] Generation 156 best fitness: 1833.50
[GA] Generation 157 best fitness: 1833.50
[GA] Generation 158 best fitness: 1833.50
[GA] Generation 159 best fitness: 1833.50
[GA] Generation 160 best fitness: 1833.50
[GA] Best fitness improved to 1840.19. Resetting mutation rate to 0.15
[GA PHEROMONE] Active groups: 25 / 235, Total Pheromone: 429.11
[GA] Generation 161 best fitness: 1840.19
[GA] Generation 162 best fitness: 1840.19
[GA] Generation 163 best fitness: 1840.19
[GA] Generation 164 best fitness: 1840.19
[GA] Generation 165 best fitness: 1840.19
[GA] Generation 166 best fitness: 1840.19
[GA] Generation 167 best fitness: 1840.19
[GA] Generation 168 best fitness: 1840.19
[GA] Generation 169 best fitness: 1840.19
[GA] Generation 170 best fitness: 1840.19
[GA PHEROMONE] Active groups: 22 / 235, Total Pheromone: 423.35
[GA] Generation 171 best fitness: 1840.19
[GA] Generation 172 best fitness: 1840.19
[GA] Generation 173 best fitness: 1840.19
[GA] Generation 174 best fitness: 1840.19
[GA] Generation 175 best fitness: 1840.19
[GA] Stagnation detected (15 generations). Triggering Mass Extinction!
[GA] Raising mutation rate to 0.40
Not converge : Sherd alignment
[GA] Generation 176 best fitness: 1840.19
[GA] Generation 177 best fitness: 1840.19
[GA] Generation 178 best fitness: 1840.19
[GA] Generation 179 best fitness: 1840.19
[GA] Generation 180 best fitness: 1840.19
[GA PHEROMONE] Active groups: 22 / 235, Total Pheromone: 420.66
[GA] Generation 181 best fitness: 1840.19
[GA] Generation 182 best fitness: 1840.19
[GA] Generation 183 best fitness: 1840.19
[GA] Generation 184 best fitness: 1840.19
[GA] Generation 185 best fitness: 1840.19
[GA] Generation 186 best fitness: 1840.19
[GA] Generation 187 best fitness: 1840.19
[GA] Generation 188 best fitness: 1840.19
[GA] Generation 189 best fitness: 1840.19
[GA] Generation 190 best fitness: 1840.19
[GA] Stagnation detected (30 generations). Triggering Mass Extinction!
[GA PHEROMONE] Active groups: 22 / 235, Total Pheromone: 420.13
[GA] Generation 191 best fitness: 1840.19
[GA] Generation 192 best fitness: 1840.19
[GA] Generation 193 best fitness: 1840.19
[GA] Generation 194 best fitness: 1840.19
[GA] Generation 195 best fitness: 1840.19
[GA] Generation 196 best fitness: 1840.19
[GA] Generation 197 best fitness: 1840.19
[GA] Generation 198 best fitness: 1840.19
[GA] Generation 199 best fitness: 1840.19
[GA] Generation 200 best fitness: 1840.19
[GA PHEROMONE] Active groups: 22 / 235, Total Pheromone: 420.03
Not converge : Sherd alignment
[GA] Generation 201 best fitness: 1840.19
[GA] Generation 202 best fitness: 1840.19
[GA] Generation 203 best fitness: 1840.19
[GA] Generation 204 best fitness: 1840.19
[GA] Generation 205 best fitness: 1840.19
[GA] Stagnation detected (45 generations). Triggering Mass Extinction!
[GA] Generation 206 best fitness: 1840.19
[GA] Generation 207 best fitness: 1840.19
[GA] Generation 208 best fitness: 1840.19
[GA] Generation 209 best fitness: 1840.19
[GA] Generation 210 best fitness: 1840.19
[GA PHEROMONE] Active groups: 21 / 235, Total Pheromone: 420.00
[GA] Generation 211 best fitness: 1840.19
[GA] Generation 212 best fitness: 1840.19
[GA] Generation 213 best fitness: 1840.19
[GA] Generation 214 best fitness: 1840.19
[GA] Generation 215 best fitness: 1840.19
[GA] Generation 216 best fitness: 1840.19
[GA] Generation 217 best fitness: 1840.19
[GA] Generation 218 best fitness: 1840.19
[GA] Generation 219 best fitness: 1840.19
[GA] Generation 220 best fitness: 1840.19
[GA] Stagnation detected (60 generations). Triggering Mass Extinction!
[GA PHEROMONE] Active groups: 21 / 235, Total Pheromone: 420.00
[GA] Generation 221 best fitness: 1840.19
[GA] Generation 222 best fitness: 1840.19
[GA] Generation 223 best fitness: 1840.19
[GA] Generation 224 best fitness: 1840.19
[GA] Generation 225 best fitness: 1840.19
Not converge : Sherd alignment
[GA] Generation 226 best fitness: 1840.19
[GA] Generation 227 best fitness: 1840.19
[GA] Generation 228 best fitness: 1840.19
[GA] Generation 229 best fitness: 1840.19
[GA] Generation 230 best fitness: 1840.19
[GA PHEROMONE] Active groups: 21 / 235, Total Pheromone: 420.00
[GA] Generation 231 best fitness: 1840.19
[GA] Generation 232 best fitness: 1840.19
[GA] Generation 233 best fitness: 1840.19
[GA] Generation 234 best fitness: 1840.19
[GA] Generation 235 best fitness: 1840.19
[GA] Stagnation detected (75 generations). Triggering Mass Extinction!
[GA] Generation 236 best fitness: 1840.19
[GA] Generation 237 best fitness: 1840.19
[GA] Generation 238 best fitness: 1840.19
[GA] Generation 239 best fitness: 1840.19
[GA] Generation 240 best fitness: 1840.19
[GA PHEROMONE] Active groups: 21 / 235, Total Pheromone: 420.00
[GA] Generation 241 best fitness: 1840.19
[GA] Generation 242 best fitness: 1840.19
[GA] Generation 243 best fitness: 1840.19
[GA] Generation 244 best fitness: 1840.19
[GA] Generation 245 best fitness: 1840.19
[GA] Generation 246 best fitness: 1840.19
[GA] Generation 247 best fitness: 1840.19
[GA] Generation 248 best fitness: 1840.19
[GA] Generation 249 best fitness: 1840.19
[GA] Generation 250 best fitness: 1840.19
[GA] Stagnation detected (90 generations). Triggering Mass Extinction!
[GA PHEROMONE] Active groups: 21 / 235, Total Pheromone: 420.00
Not converge : Sherd alignment
[GA] Generation 251 best fitness: 1840.19
[GA] Generation 252 best fitness: 1840.19
[GA] Generation 253 best fitness: 1840.19
[GA] Generation 254 best fitness: 1840.19
[GA] Generation 255 best fitness: 1840.19
[GA] Generation 256 best fitness: 1840.19
[GA] Generation 257 best fitness: 1840.19
[GA] Generation 258 best fitness: 1840.19
[GA] Generation 259 best fitness: 1840.19
[GA] Generation 260 best fitness: 1840.19
[GA PHEROMONE] Active groups: 21 / 235, Total Pheromone: 420.00
[GA] Generation 261 best fitness: 1840.19
[GA] Generation 262 best fitness: 1840.19
[GA] Generation 263 best fitness: 1840.19
[GA] Generation 264 best fitness: 1840.19
[GA] Generation 265 best fitness: 1840.19
[GA] Stagnation detected (105 generations). Triggering Mass Extinction!
[GA] Generation 266 best fitness: 1840.19
[GA] Generation 267 best fitness: 1840.19
[GA] Generation 268 best fitness: 1840.19
[GA] Generation 269 best fitness: 1840.19
[GA] Generation 270 best fitness: 1840.19
[GA PHEROMONE] Active groups: 21 / 235, Total Pheromone: 420.00
[GA] Generation 271 best fitness: 1840.19
[GA] Generation 272 best fitness: 1840.19
[GA] Generation 273 best fitness: 1840.19
[GA] Generation 274 best fitness: 1840.19
[GA] Generation 275 best fitness: 1840.19
Not converge : Sherd alignment
[GA] Generation 276 best fitness: 1840.19
[GA] Generation 277 best fitness: 1840.19
[GA] Generation 278 best fitness: 1840.19
[GA] Generation 279 best fitness: 1840.19
[GA] Generation 280 best fitness: 1840.19
[GA] Stagnation detected (120 generations). Triggering Mass Extinction!
[GA] Hard stagnation detected (120 generations). Early termination at generation 280
Not converge : Sherd alignment
[GA] Seed 4 final best fitness: 1840.19
[GA] === Seed 5 / 5 (seed=71) ===
[GA] Generation 0 best fitness: -190.89
[GA PHEROMONE] Active groups: 0 / 235, Total Pheromone: 0.00
Not converge : Sherd alignment
Not converge : Sherd alignment
Not converge : Sherd alignment
Not converge : Sherd alignment
Not converge : Sherd alignment
Not converge : Sherd alignment
Not converge : Sherd alignment
Not converge : Sherd alignment
Not converge : Sherd alignment
[GA] Generation 1 best fitness: -190.89
[GA] Generation 2 best fitness: -190.89
[GA] Generation 3 best fitness: -0.62
[GA] Generation 4 best fitness: -0.62
[GA] Generation 5 best fitness: -0.62
[GA] Generation 6 best fitness: 385.48
[GA] Generation 7 best fitness: 385.48
[GA] Generation 8 best fitness: 385.48
[GA] Generation 9 best fitness: 385.48
[GA] Generation 10 best fitness: 715.19
[GA PHEROMONE] Active groups: 18 / 235, Total Pheromone: 88.73
[GA] Generation 11 best fitness: 857.72
[GA] Generation 12 best fitness: 857.72
[GA] Generation 13 best fitness: 857.72
[GA] Generation 14 best fitness: 857.72
[GA] Generation 15 best fitness: 862.95
[GA] Generation 16 best fitness: 862.95
[GA] Generation 17 best fitness: 1273.46
[GA] Generation 18 best fitness: 1273.46
[GA] Generation 19 best fitness: 1273.46
[GA] Generation 20 best fitness: 1273.46
[GA PHEROMONE] Active groups: 22 / 235, Total Pheromone: 179.00
[GA] Generation 21 best fitness: 1273.46
[GA] Generation 22 best fitness: 1273.46
[GA] Generation 23 best fitness: 1273.46
[GA] Generation 24 best fitness: 1273.46
[GA] Generation 25 best fitness: 1273.46
[GA] Generation 26 best fitness: 1273.46
[GA] Generation 27 best fitness: 1273.46
[GA] Generation 28 best fitness: 1273.46
[GA] Generation 29 best fitness: 1329.15
[GA] Generation 30 best fitness: 1329.15
[GA PHEROMONE] Active groups: 24 / 235, Total Pheromone: 161.90
[GA] Generation 31 best fitness: 1329.15
[GA] Generation 32 best fitness: 1347.42
[GA] Generation 33 best fitness: 1348.62
[GA] Generation 34 best fitness: 1425.46
[GA] Generation 35 best fitness: 1425.46
[GA] Generation 36 best fitness: 1425.46
[GA] Generation 37 best fitness: 1425.46
[GA] Generation 38 best fitness: 1427.90
[GA] Generation 39 best fitness: 1503.19
[GA] Generation 40 best fitness: 1503.19
[GA PHEROMONE] Active groups: 30 / 235, Total Pheromone: 208.74
[GA] Generation 41 best fitness: 1509.08
[GA] Generation 42 best fitness: 1509.08
[GA] Generation 43 best fitness: 1509.08
[GA] Generation 44 best fitness: 1518.29
[GA] Generation 45 best fitness: 1529.88
[GA] Generation 46 best fitness: 1529.88
[GA] Generation 47 best fitness: 1529.88
[GA] Generation 48 best fitness: 1530.54
[GA] Generation 49 best fitness: 1544.47
[GA] Generation 50 best fitness: 1544.47
[GA PHEROMONE] Active groups: 31 / 235, Total Pheromone: 255.39
[GA] Generation 51 best fitness: 1544.47
[GA] Generation 52 best fitness: 1544.47
[GA] Generation 53 best fitness: 1544.47
[GA] Generation 54 best fitness: 1549.41
[GA] Generation 55 best fitness: 1600.99
[GA] Generation 56 best fitness: 1600.99
[GA] Generation 57 best fitness: 1600.99
[GA] Generation 58 best fitness: 1600.99
[GA] Generation 59 best fitness: 1637.12
[GA] Generation 60 best fitness: 1637.12
[GA PHEROMONE] Active groups: 28 / 235, Total Pheromone: 311.63
[GA] Generation 61 best fitness: 1637.12
[GA] Generation 62 best fitness: 1637.12
[GA] Generation 63 best fitness: 1637.12
[GA] Generation 64 best fitness: 1637.12
[GA] Generation 65 best fitness: 1637.12
[GA] Generation 66 best fitness: 1637.12
[GA] Generation 67 best fitness: 1637.12
[GA] Generation 68 best fitness: 1637.12
[GA] Generation 69 best fitness: 1637.12
[GA] Generation 70 best fitness: 1637.12
[GA PHEROMONE] Active groups: 26 / 235, Total Pheromone: 326.18
[GA] Generation 71 best fitness: 1637.12
[GA] Generation 72 best fitness: 1637.12
[GA] Generation 73 best fitness: 1637.12
[GA] Stagnation detected (15 generations). Triggering Mass Extinction!
[GA] Raising mutation rate to 0.40
[GA] Generation 74 best fitness: 1637.12
[GA] Generation 75 best fitness: 1637.12
[GA] Best fitness improved to 1638.46. Resetting mutation rate to 0.15
[GA] Generation 76 best fitness: 1638.46
[GA] Generation 77 best fitness: 1638.46
[GA] Generation 78 best fitness: 1638.46
[GA] Generation 79 best fitness: 1638.46
[GA] Generation 80 best fitness: 1638.46
[GA PHEROMONE] Active groups: 22 / 235, Total Pheromone: 312.89
[GA] Generation 81 best fitness: 1638.46
[GA] Generation 82 best fitness: 1638.46
[GA] Generation 83 best fitness: 1638.46
[GA] Generation 84 best fitness: 1638.46
[GA] Generation 85 best fitness: 1638.46
[GA] Generation 86 best fitness: 1638.46
[GA] Generation 87 best fitness: 1638.46
[GA] Generation 88 best fitness: 1638.46
[GA] Generation 89 best fitness: 1638.46
[GA] Generation 90 best fitness: 1638.46
[GA] Stagnation detected (15 generations). Triggering Mass Extinction!
[GA] Raising mutation rate to 0.40
[GA PHEROMONE] Active groups: 22 / 235, Total Pheromone: 289.07
[GA] Generation 91 best fitness: 1638.46
[GA] Generation 92 best fitness: 1638.46
[GA] Generation 93 best fitness: 1638.46
[GA] Generation 94 best fitness: 1638.46
[GA] Generation 95 best fitness: 1638.46
[GA] Generation 96 best fitness: 1638.46
[GA] Generation 97 best fitness: 1638.46
[GA] Generation 98 best fitness: 1638.46
[GA] Generation 99 best fitness: 1638.46
[GA] Generation 100 best fitness: 1638.46
[GA] Best fitness improved to 1673.79. Resetting mutation rate to 0.15
[GA PHEROMONE] Active groups: 22 / 235, Total Pheromone: 281.79
[GA] Generation 101 best fitness: 1673.79
[GA] Generation 102 best fitness: 1673.79
[GA] Generation 103 best fitness: 1673.79
[GA] Generation 104 best fitness: 1673.79
[GA] Generation 105 best fitness: 1690.81
[GA] Generation 106 best fitness: 1690.81
[GA] Generation 107 best fitness: 1690.81
[GA] Generation 108 best fitness: 1690.81
[GA] Generation 109 best fitness: 1690.81
[GA] Generation 110 best fitness: 1690.81
[GA PHEROMONE] Active groups: 20 / 235, Total Pheromone: 276.62
[GA] Generation 111 best fitness: 1690.81
[GA] Generation 112 best fitness: 1690.81
[GA] Generation 113 best fitness: 1690.81
[GA] Generation 114 best fitness: 1690.81
[GA] Generation 115 best fitness: 1690.81
[GA] Generation 116 best fitness: 1690.81
[GA] Generation 117 best fitness: 1690.81
[GA] Generation 118 best fitness: 1690.81
[GA] Generation 119 best fitness: 1690.81
[GA] Stagnation detected (15 generations). Triggering Mass Extinction!
[GA] Raising mutation rate to 0.40
[GA] Generation 120 best fitness: 1690.81
[GA PHEROMONE] Active groups: 20 / 235, Total Pheromone: 263.27
[GA] Generation 121 best fitness: 1690.81
[GA] Generation 122 best fitness: 1690.81
[GA] Generation 123 best fitness: 1690.81
[GA] Generation 124 best fitness: 1690.81
[GA] Generation 125 best fitness: 1690.81
[GA] Generation 126 best fitness: 1690.81
[GA] Generation 127 best fitness: 1690.81
[GA] Generation 128 best fitness: 1690.81
[GA] Generation 129 best fitness: 1690.81
[GA] Generation 130 best fitness: 1690.81
[GA PHEROMONE] Active groups: 17 / 235, Total Pheromone: 260.64
[GA] Generation 131 best fitness: 1690.81
[GA] Generation 132 best fitness: 1690.81
[GA] Generation 133 best fitness: 1690.81
[GA] Generation 134 best fitness: 1690.81
[GA] Stagnation detected (30 generations). Triggering Mass Extinction!
[GA] Generation 135 best fitness: 1690.81
[GA] Generation 136 best fitness: 1690.81
[GA] Generation 137 best fitness: 1690.81
[GA] Generation 138 best fitness: 1690.81
[GA] Generation 139 best fitness: 1690.81
[GA] Generation 140 best fitness: 1690.81
[GA PHEROMONE] Active groups: 17 / 235, Total Pheromone: 260.13
[GA] Generation 141 best fitness: 1690.81
[GA] Generation 142 best fitness: 1690.81
[GA] Generation 143 best fitness: 1690.81
[GA] Generation 144 best fitness: 1690.81
[GA] Generation 145 best fitness: 1690.81
[GA] Best fitness improved to 1693.98. Resetting mutation rate to 0.15
[GA] Generation 146 best fitness: 1693.98
[GA] Generation 147 best fitness: 1693.98
[GA] Generation 148 best fitness: 1693.98
[GA] Generation 149 best fitness: 1693.98
[GA] Generation 150 best fitness: 1693.98
[GA PHEROMONE] Active groups: 13 / 235, Total Pheromone: 260.00
[GA] Generation 151 best fitness: 1693.98
[GA] Generation 152 best fitness: 1693.98
[GA] Generation 153 best fitness: 1693.98
[GA] Generation 154 best fitness: 1693.98
[GA] Generation 155 best fitness: 1693.98
[GA] Generation 156 best fitness: 1693.98
[GA] Generation 157 best fitness: 1693.98
[GA] Generation 158 best fitness: 1693.98
[GA] Generation 159 best fitness: 1693.98
[GA] Generation 160 best fitness: 1693.98
[GA] Stagnation detected (15 generations). Triggering Mass Extinction!
[GA] Raising mutation rate to 0.40
[GA PHEROMONE] Active groups: 13 / 235, Total Pheromone: 260.00
[GA] Generation 161 best fitness: 1693.98
[GA] Generation 162 best fitness: 1693.98
[GA] Generation 163 best fitness: 1693.98
[GA] Generation 164 best fitness: 1693.98
[GA] Generation 165 best fitness: 1693.98
[GA] Generation 166 best fitness: 1693.98
[GA] Generation 167 best fitness: 1693.98
[GA] Generation 168 best fitness: 1693.98
[GA] Generation 169 best fitness: 1693.98
[GA] Generation 170 best fitness: 1693.98
[GA PHEROMONE] Active groups: 13 / 235, Total Pheromone: 260.00
[GA] Generation 171 best fitness: 1693.98
[GA] Generation 172 best fitness: 1693.98
[GA] Generation 173 best fitness: 1693.98
[GA] Generation 174 best fitness: 1693.98
[GA] Generation 175 best fitness: 1693.98
[GA] Stagnation detected (30 generations). Triggering Mass Extinction!
[GA] Generation 176 best fitness: 1693.98
[GA] Generation 177 best fitness: 1693.98
[GA] Generation 178 best fitness: 1693.98
[GA] Generation 179 best fitness: 1693.98
[GA] Generation 180 best fitness: 1693.98
[GA PHEROMONE] Active groups: 13 / 235, Total Pheromone: 260.00
[GA] Generation 181 best fitness: 1693.98
[GA] Generation 182 best fitness: 1693.98
[GA] Generation 183 best fitness: 1693.98
[GA] Generation 184 best fitness: 1693.98
[GA] Generation 185 best fitness: 1693.98
[GA] Generation 186 best fitness: 1693.98
[GA] Generation 187 best fitness: 1693.98
[GA] Generation 188 best fitness: 1693.98
[GA] Generation 189 best fitness: 1693.98
[GA] Generation 190 best fitness: 1693.98
[GA] Stagnation detected (45 generations). Triggering Mass Extinction!
[GA PHEROMONE] Active groups: 13 / 235, Total Pheromone: 260.00
[GA] Generation 191 best fitness: 1693.98
[GA] Generation 192 best fitness: 1693.98
[GA] Generation 193 best fitness: 1693.98
[GA] Generation 194 best fitness: 1693.98
[GA] Generation 195 best fitness: 1693.98
[GA] Generation 196 best fitness: 1693.98
[GA] Generation 197 best fitness: 1693.98
[GA] Generation 198 best fitness: 1693.98
[GA] Generation 199 best fitness: 1693.98
[GA] Generation 200 best fitness: 1693.98
[GA PHEROMONE] Active groups: 13 / 235, Total Pheromone: 260.00
[GA] Generation 201 best fitness: 1693.98
[GA] Generation 202 best fitness: 1693.98
[GA] Generation 203 best fitness: 1693.98
[GA] Generation 204 best fitness: 1693.98
[GA] Generation 205 best fitness: 1693.98
[GA] Stagnation detected (60 generations). Triggering Mass Extinction!
[GA] Generation 206 best fitness: 1693.98
[GA] Generation 207 best fitness: 1693.98
[GA] Generation 208 best fitness: 1693.98
[GA] Generation 209 best fitness: 1693.98
[GA] Generation 210 best fitness: 1693.98
[GA PHEROMONE] Active groups: 13 / 235, Total Pheromone: 260.00
[GA] Generation 211 best fitness: 1693.98
[GA] Generation 212 best fitness: 1693.98
[GA] Generation 213 best fitness: 1693.98
[GA] Generation 214 best fitness: 1693.98
[GA] Generation 215 best fitness: 1693.98
[GA] Generation 216 best fitness: 1693.98
[GA] Generation 217 best fitness: 1693.98
[GA] Generation 218 best fitness: 1693.98
[GA] Generation 219 best fitness: 1693.98
[GA] Generation 220 best fitness: 1693.98
[GA] Stagnation detected (75 generations). Triggering Mass Extinction!
[GA PHEROMONE] Active groups: 13 / 235, Total Pheromone: 260.00
[GA] Generation 221 best fitness: 1693.98
[GA] Generation 222 best fitness: 1693.98
[GA] Generation 223 best fitness: 1693.98
[GA] Generation 224 best fitness: 1693.98
[GA] Generation 225 best fitness: 1693.98
[GA] Generation 226 best fitness: 1693.98
[GA] Generation 227 best fitness: 1693.98
[GA] Generation 228 best fitness: 1693.98
[GA] Generation 229 best fitness: 1693.98
[GA] Generation 230 best fitness: 1693.98
[GA PHEROMONE] Active groups: 13 / 235, Total Pheromone: 260.00
[GA] Generation 231 best fitness: 1693.98
[GA] Generation 232 best fitness: 1693.98
[GA] Generation 233 best fitness: 1693.98
[GA] Generation 234 best fitness: 1693.98
[GA] Generation 235 best fitness: 1693.98
[GA] Stagnation detected (90 generations). Triggering Mass Extinction!
[GA] Generation 236 best fitness: 1693.98
[GA] Generation 237 best fitness: 1693.98
[GA] Generation 238 best fitness: 1693.98
[GA] Generation 239 best fitness: 1693.98
[GA] Generation 240 best fitness: 1693.98
[GA PHEROMONE] Active groups: 13 / 235, Total Pheromone: 260.00
[GA] Generation 241 best fitness: 1693.98
[GA] Generation 242 best fitness: 1693.98
[GA] Generation 243 best fitness: 1693.98
[GA] Generation 244 best fitness: 1693.98
[GA] Generation 245 best fitness: 1693.98
[GA] Generation 246 best fitness: 1693.98
[GA] Generation 247 best fitness: 1693.98
[GA] Generation 248 best fitness: 1693.98
[GA] Generation 249 best fitness: 1693.98
[GA] Generation 250 best fitness: 1693.98
[GA] Stagnation detected (105 generations). Triggering Mass Extinction!
[GA PHEROMONE] Active groups: 13 / 235, Total Pheromone: 260.00
[GA] Generation 251 best fitness: 1693.98
[GA] Generation 252 best fitness: 1693.98
[GA] Generation 253 best fitness: 1693.98
[GA] Generation 254 best fitness: 1693.98
[GA] Generation 255 best fitness: 1693.98
[GA] Generation 256 best fitness: 1693.98
[GA] Generation 257 best fitness: 1693.98
[GA] Generation 258 best fitness: 1693.98
[GA] Best fitness improved to 1698.36. Resetting mutation rate to 0.15
[GA] Generation 259 best fitness: 1698.36
[GA] Generation 260 best fitness: 1698.36
[GA PHEROMONE] Active groups: 14 / 235, Total Pheromone: 270.29
[GA] Generation 261 best fitness: 1698.36
[GA] Generation 262 best fitness: 1698.36
[GA] Generation 263 best fitness: 1698.36
[GA] Generation 264 best fitness: 1698.36
[GA] Generation 265 best fitness: 1698.36
[GA] Generation 266 best fitness: 1698.36
[GA] Generation 267 best fitness: 1698.36
[GA] Generation 268 best fitness: 1698.36
[GA] Generation 269 best fitness: 1698.36
[GA] Generation 270 best fitness: 1698.36
[GA PHEROMONE] Active groups: 14 / 235, Total Pheromone: 280.00
[GA] Generation 271 best fitness: 1698.36
[GA] Generation 272 best fitness: 1698.36
[GA] Generation 273 best fitness: 1698.36
[GA] Stagnation detected (15 generations). Triggering Mass Extinction!
[GA] Raising mutation rate to 0.40
[GA] Generation 274 best fitness: 1698.36
[GA] Generation 275 best fitness: 1698.36
[GA] Generation 276 best fitness: 1698.36
[GA] Generation 277 best fitness: 1698.36
[GA] Generation 278 best fitness: 1698.36
[GA] Generation 279 best fitness: 1698.36
[GA] Generation 280 best fitness: 1698.36
[GA PHEROMONE] Active groups: 14 / 235, Total Pheromone: 280.00
[GA] Generation 281 best fitness: 1698.36
[GA] Generation 282 best fitness: 1698.36
[GA] Generation 283 best fitness: 1698.36
[GA] Generation 284 best fitness: 1698.36
[GA] Generation 285 best fitness: 1698.36
[GA] Generation 286 best fitness: 1698.36
[GA] Generation 287 best fitness: 1698.36
[GA] Generation 288 best fitness: 1698.36
[GA] Stagnation detected (30 generations). Triggering Mass Extinction!
[GA] Generation 289 best fitness: 1698.36
[GA] Generation 290 best fitness: 1698.36
[GA PHEROMONE] Active groups: 14 / 235, Total Pheromone: 280.00
[GA] Generation 291 best fitness: 1698.36
[GA] Generation 292 best fitness: 1698.36
[GA] Generation 293 best fitness: 1698.36
[GA] Generation 294 best fitness: 1698.36
[GA] Generation 295 best fitness: 1698.36
[GA] Generation 296 best fitness: 1698.36
[GA] Generation 297 best fitness: 1698.36
[GA] Generation 298 best fitness: 1698.36
[GA] Generation 299 best fitness: 1698.36
[GA] Generation 300 best fitness: 1698.36
[GA PHEROMONE] Active groups: 14 / 235, Total Pheromone: 280.00
[GA] Generation 301 best fitness: 1698.36
[GA] Generation 302 best fitness: 1698.36
[GA] Generation 303 best fitness: 1698.36
[GA] Stagnation detected (45 generations). Triggering Mass Extinction!
[GA] Generation 304 best fitness: 1698.36
[GA] Generation 305 best fitness: 1698.36
[GA] Generation 306 best fitness: 1698.36
[GA] Generation 307 best fitness: 1698.36
[GA] Generation 308 best fitness: 1698.36
[GA] Generation 309 best fitness: 1698.36
[GA] Generation 310 best fitness: 1698.36
[GA PHEROMONE] Active groups: 14 / 235, Total Pheromone: 280.00
[GA] Generation 311 best fitness: 1698.36
[GA] Generation 312 best fitness: 1698.36
[GA] Generation 313 best fitness: 1698.36
[GA] Generation 314 best fitness: 1698.36
[GA] Generation 315 best fitness: 1698.36
[GA] Generation 316 best fitness: 1698.36
[GA] Generation 317 best fitness: 1698.36
[GA] Generation 318 best fitness: 1698.36
[GA] Stagnation detected (60 generations). Triggering Mass Extinction!
[GA] Generation 319 best fitness: 1698.36
[GA] Generation 320 best fitness: 1698.36
[GA PHEROMONE] Active groups: 14 / 235, Total Pheromone: 280.00
[GA] Generation 321 best fitness: 1698.36
[GA] Generation 322 best fitness: 1698.36
[GA] Generation 323 best fitness: 1698.36
[GA] Generation 324 best fitness: 1698.36
[GA] Generation 325 best fitness: 1698.36
[GA] Generation 326 best fitness: 1698.36
[GA] Generation 327 best fitness: 1698.36
[GA] Generation 328 best fitness: 1698.36
[GA] Generation 329 best fitness: 1698.36
[GA] Generation 330 best fitness: 1698.36
[GA PHEROMONE] Active groups: 14 / 235, Total Pheromone: 280.00
[GA] Generation 331 best fitness: 1698.36
[GA] Generation 332 best fitness: 1698.36
[GA] Generation 333 best fitness: 1698.36
[GA] Stagnation detected (75 generations). Triggering Mass Extinction!
[GA] Generation 334 best fitness: 1698.36
[GA] Generation 335 best fitness: 1698.36
[GA] Generation 336 best fitness: 1698.36
[GA] Generation 337 best fitness: 1698.36
[GA] Generation 338 best fitness: 1698.36
[GA] Generation 339 best fitness: 1698.36
[GA] Generation 340 best fitness: 1698.36
[GA PHEROMONE] Active groups: 14 / 235, Total Pheromone: 280.00
[GA] Generation 341 best fitness: 1698.36
[GA] Generation 342 best fitness: 1698.36
[GA] Generation 343 best fitness: 1698.36
[GA] Generation 344 best fitness: 1698.36
[GA] Generation 345 best fitness: 1698.36
[GA] Generation 346 best fitness: 1698.36
[GA] Generation 347 best fitness: 1698.36
[GA] Generation 348 best fitness: 1698.36
[GA] Stagnation detected (90 generations). Triggering Mass Extinction!
[GA] Generation 349 best fitness: 1698.36
[GA] Generation 350 best fitness: 1698.36
[GA PHEROMONE] Active groups: 14 / 235, Total Pheromone: 280.00
[GA] Generation 351 best fitness: 1698.36
[GA] Generation 352 best fitness: 1698.36
[GA] Generation 353 best fitness: 1698.36
[GA] Generation 354 best fitness: 1698.36
[GA] Generation 355 best fitness: 1698.36
[GA] Generation 356 best fitness: 1698.36
[GA] Generation 357 best fitness: 1698.36
[GA] Generation 358 best fitness: 1698.36
[GA] Generation 359 best fitness: 1698.36
[GA] Generation 360 best fitness: 1698.36
[GA PHEROMONE] Active groups: 14 / 235, Total Pheromone: 280.00
[GA] Generation 361 best fitness: 1698.36
[GA] Generation 362 best fitness: 1698.36
[GA] Generation 363 best fitness: 1698.36
[GA] Stagnation detected (105 generations). Triggering Mass Extinction!
[GA] Generation 364 best fitness: 1698.36
[GA] Generation 365 best fitness: 1698.36
[GA] Best fitness improved to 1707.48. Resetting mutation rate to 0.15
[GA] Generation 366 best fitness: 1707.48
[GA] Generation 367 best fitness: 1707.48
[GA] Generation 368 best fitness: 1707.48
[GA] Generation 369 best fitness: 1707.48
[GA] Generation 370 best fitness: 1707.48
[GA PHEROMONE] Active groups: 14 / 235, Total Pheromone: 280.00
[GA] Generation 371 best fitness: 1707.48
[GA] Generation 372 best fitness: 1707.48
[GA] Generation 373 best fitness: 1707.48
[GA] Generation 374 best fitness: 1707.48
[GA] Generation 375 best fitness: 1707.48
[GA] Generation 376 best fitness: 1707.48
[GA] Generation 377 best fitness: 1707.48
[GA] Generation 378 best fitness: 1707.48
[GA] Generation 379 best fitness: 1707.48
[GA] Generation 380 best fitness: 1707.48
[GA] Stagnation detected (15 generations). Triggering Mass Extinction!
[GA] Raising mutation rate to 0.40
[GA PHEROMONE] Active groups: 14 / 235, Total Pheromone: 280.00
[GA] Generation 381 best fitness: 1707.48
[GA] Generation 382 best fitness: 1707.48
[GA] Generation 383 best fitness: 1707.48
[GA] Generation 384 best fitness: 1707.48
[GA] Generation 385 best fitness: 1707.48
[GA] Generation 386 best fitness: 1707.48
[GA] Generation 387 best fitness: 1707.48
[GA] Generation 388 best fitness: 1707.48
[GA] Generation 389 best fitness: 1707.48
[GA] Generation 390 best fitness: 1707.48
[GA PHEROMONE] Active groups: 14 / 235, Total Pheromone: 280.00
[GA] Generation 391 best fitness: 1707.48
[GA] Generation 392 best fitness: 1707.48
[GA] Generation 393 best fitness: 1707.48
[GA] Generation 394 best fitness: 1707.48
[GA] Generation 395 best fitness: 1707.48
[GA] Stagnation detected (30 generations). Triggering Mass Extinction!
[GA] Generation 396 best fitness: 1707.48
[GA] Generation 397 best fitness: 1707.48
[GA] Generation 398 best fitness: 1707.48
[GA] Generation 399 best fitness: 1707.48
[GA] Generation 400 best fitness: 1707.48
[GA PHEROMONE] Active groups: 14 / 235, Total Pheromone: 280.00
[GA] Generation 401 best fitness: 1707.48
[GA] Generation 402 best fitness: 1707.48
[GA] Generation 403 best fitness: 1707.48
[GA] Generation 404 best fitness: 1707.48
[GA] Generation 405 best fitness: 1707.48
[GA] Generation 406 best fitness: 1707.48
[GA] Generation 407 best fitness: 1707.48
[GA] Generation 408 best fitness: 1707.48
[GA] Generation 409 best fitness: 1707.48
[GA] Generation 410 best fitness: 1707.48
[GA] Stagnation detected (45 generations). Triggering Mass Extinction!
[GA PHEROMONE] Active groups: 14 / 235, Total Pheromone: 280.00
[GA] Generation 411 best fitness: 1707.48
[GA] Generation 412 best fitness: 1707.48
[GA] Generation 413 best fitness: 1707.48
[GA] Generation 414 best fitness: 1707.48
[GA] Generation 415 best fitness: 1707.48
[GA] Generation 416 best fitness: 1707.48
[GA] Generation 417 best fitness: 1707.48
[GA] Generation 418 best fitness: 1707.48
[GA] Generation 419 best fitness: 1707.48
[GA] Generation 420 best fitness: 1707.48
[GA PHEROMONE] Active groups: 14 / 235, Total Pheromone: 280.00
[GA] Generation 421 best fitness: 1707.48
[GA] Generation 422 best fitness: 1707.48
[GA] Generation 423 best fitness: 1707.48
[GA] Generation 424 best fitness: 1707.48
[GA] Generation 425 best fitness: 1707.48
[GA] Stagnation detected (60 generations). Triggering Mass Extinction!
[GA] Generation 426 best fitness: 1707.48
[GA] Generation 427 best fitness: 1707.48
[GA] Generation 428 best fitness: 1707.48
[GA] Generation 429 best fitness: 1707.48
[GA] Generation 430 best fitness: 1707.48
[GA PHEROMONE] Active groups: 14 / 235, Total Pheromone: 280.00
[GA] Generation 431 best fitness: 1707.48
[GA] Generation 432 best fitness: 1707.48
[GA] Generation 433 best fitness: 1707.48
[GA] Generation 434 best fitness: 1707.48
[GA] Generation 435 best fitness: 1707.48
[GA] Generation 436 best fitness: 1707.48
[GA] Generation 437 best fitness: 1707.48
[GA] Generation 438 best fitness: 1707.48
[GA] Generation 439 best fitness: 1707.48
[GA] Generation 440 best fitness: 1707.48
[GA] Stagnation detected (75 generations). Triggering Mass Extinction!
[GA PHEROMONE] Active groups: 14 / 235, Total Pheromone: 280.00
[GA] Generation 441 best fitness: 1707.48
[GA] Generation 442 best fitness: 1707.48
[GA] Generation 443 best fitness: 1707.48
[GA] Generation 444 best fitness: 1707.48
[GA] Generation 445 best fitness: 1707.48
[GA] Generation 446 best fitness: 1707.48
[GA] Generation 447 best fitness: 1707.48
[GA] Generation 448 best fitness: 1707.48
[GA] Generation 449 best fitness: 1707.48
[GA] Generation 450 best fitness: 1707.48
[GA PHEROMONE] Active groups: 14 / 235, Total Pheromone: 280.00
[GA] Generation 451 best fitness: 1707.48
[GA] Generation 452 best fitness: 1707.48
[GA] Generation 453 best fitness: 1707.48
[GA] Generation 454 best fitness: 1707.48
[GA] Generation 455 best fitness: 1707.48
[GA] Stagnation detected (90 generations). Triggering Mass Extinction!
[GA] Generation 456 best fitness: 1707.48
[GA] Generation 457 best fitness: 1707.48
[GA] Generation 458 best fitness: 1707.48
[GA] Generation 459 best fitness: 1707.48
[GA] Generation 460 best fitness: 1707.48
[GA PHEROMONE] Active groups: 14 / 235, Total Pheromone: 280.00
[GA] Generation 461 best fitness: 1707.48
[GA] Generation 462 best fitness: 1707.48
[GA] Generation 463 best fitness: 1707.48
[GA] Generation 464 best fitness: 1707.48
[GA] Best fitness improved to 1774.44. Resetting mutation rate to 0.15
[GA] Generation 465 best fitness: 1774.44
[GA] Generation 466 best fitness: 1774.44
[GA] Generation 467 best fitness: 1774.44
[GA] Generation 468 best fitness: 1774.44
[GA] Generation 469 best fitness: 1774.44
[GA] Generation 470 best fitness: 1774.44
[GA PHEROMONE] Active groups: 21 / 235, Total Pheromone: 358.12
[GA] Generation 471 best fitness: 1774.44
[GA] Generation 472 best fitness: 1774.44
[GA] Generation 473 best fitness: 1774.44
[GA] Generation 474 best fitness: 1774.44
[GA] Generation 475 best fitness: 1774.44
[GA] Generation 476 best fitness: 1774.44
[GA] Generation 477 best fitness: 1774.44
[GA] Generation 478 best fitness: 1774.44
[GA] Generation 479 best fitness: 1774.44
[GA] Stagnation detected (15 generations). Triggering Mass Extinction!
[GA] Raising mutation rate to 0.40
[GA] Generation 480 best fitness: 1774.44
[GA PHEROMONE] Active groups: 21 / 235, Total Pheromone: 345.05
[GA] Generation 481 best fitness: 1774.44
[GA] Generation 482 best fitness: 1774.44
[GA] Generation 483 best fitness: 1774.44
[GA] Generation 484 best fitness: 1774.44
[GA] Generation 485 best fitness: 1774.44
[GA] Generation 486 best fitness: 1774.44
[GA] Generation 487 best fitness: 1774.44
[GA] Generation 488 best fitness: 1774.44
[GA] Generation 489 best fitness: 1774.44
[GA] Generation 490 best fitness: 1774.44
[GA PHEROMONE] Active groups: 21 / 235, Total Pheromone: 340.99
[GA] Generation 491 best fitness: 1774.44
[GA] Generation 492 best fitness: 1774.44
[GA] Generation 493 best fitness: 1774.44
[GA] Generation 494 best fitness: 1774.44
[GA] Stagnation detected (30 generations). Triggering Mass Extinction!
[GA] Generation 495 best fitness: 1774.44
[GA] Generation 496 best fitness: 1774.44
[GA] Generation 497 best fitness: 1774.44
[GA] Generation 498 best fitness: 1774.44
[GA] Generation 499 best fitness: 1774.44
[GA] Generation 500 best fitness: 1774.44
[GA PHEROMONE] Active groups: 21 / 235, Total Pheromone: 340.20
[GA] Generation 501 best fitness: 1774.44
[GA] Generation 502 best fitness: 1774.44
[GA] Generation 503 best fitness: 1774.44
[GA] Generation 504 best fitness: 1774.44
[GA] Generation 505 best fitness: 1774.44
[GA] Generation 506 best fitness: 1774.44
[GA] Generation 507 best fitness: 1774.44
[GA] Generation 508 best fitness: 1774.44
[GA] Generation 509 best fitness: 1774.44
[GA] Stagnation detected (45 generations). Triggering Mass Extinction!
[GA] Generation 510 best fitness: 1774.44
[GA PHEROMONE] Active groups: 17 / 235, Total Pheromone: 340.00
[GA] Generation 511 best fitness: 1774.44
[GA] Generation 512 best fitness: 1774.44
[GA] Generation 513 best fitness: 1774.44
[GA] Best fitness improved to 1776.97. Resetting mutation rate to 0.15
[GA] Generation 514 best fitness: 1776.97
[GA] Generation 515 best fitness: 1776.97
[GA] Generation 516 best fitness: 1776.97
[GA] Generation 517 best fitness: 1776.97
[GA] Generation 518 best fitness: 1776.97
[GA] Generation 519 best fitness: 1776.97
[GA] Generation 520 best fitness: 1821.19
[GA PHEROMONE] Active groups: 18 / 235, Total Pheromone: 360.00
[GA] Generation 521 best fitness: 1821.19
[GA] Generation 522 best fitness: 1821.19
[GA] Generation 523 best fitness: 1821.19
[GA] Generation 524 best fitness: 1821.19
[GA] Generation 525 best fitness: 1821.19
[GA] Generation 526 best fitness: 1821.19
[GA] Generation 527 best fitness: 1821.19
[GA] Generation 528 best fitness: 1821.19
[GA] Generation 529 best fitness: 1821.19
[GA] Generation 530 best fitness: 1821.19
[GA PHEROMONE] Active groups: 18 / 235, Total Pheromone: 360.00
[GA] Generation 531 best fitness: 1821.19
[GA] Generation 532 best fitness: 1837.81
[GA] Generation 533 best fitness: 1837.81
[GA] Generation 534 best fitness: 1837.81
[GA] Generation 535 best fitness: 1847.86
[GA] Generation 536 best fitness: 1847.86
[GA] Generation 537 best fitness: 1847.86
[GA] Generation 538 best fitness: 1874.26
[GA] Generation 539 best fitness: 1874.26
[GA] Generation 540 best fitness: 1874.26
[GA PHEROMONE] Active groups: 24 / 235, Total Pheromone: 411.89
[GA] Generation 541 best fitness: 1874.26
[GA] Generation 542 best fitness: 1877.44
[GA] Generation 543 best fitness: 1877.44
[GA] Generation 544 best fitness: 1877.44
[GA] Generation 545 best fitness: 1877.44
[GA] Generation 546 best fitness: 1877.44
[GA] Generation 547 best fitness: 1877.44
[GA] Generation 548 best fitness: 1877.44
[GA] Generation 549 best fitness: 1877.44
[GA] Generation 550 best fitness: 1877.44
[GA PHEROMONE] Active groups: 24 / 235, Total Pheromone: 404.56
[GA] Generation 551 best fitness: 1877.44
[GA] Generation 552 best fitness: 1877.44
[GA] Generation 553 best fitness: 1877.44
[GA] Generation 554 best fitness: 1877.44
[GA] Generation 555 best fitness: 1877.44
[GA] Generation 556 best fitness: 1877.44
[GA] Stagnation detected (15 generations). Triggering Mass Extinction!
[GA] Raising mutation rate to 0.40
[GA] Generation 557 best fitness: 1877.44
[GA] Generation 558 best fitness: 1877.44
[GA] Generation 559 best fitness: 1877.44
[GA] Generation 560 best fitness: 1877.44
[GA PHEROMONE] Active groups: 24 / 235, Total Pheromone: 400.90
[GA] Generation 561 best fitness: 1877.44
[GA] Generation 562 best fitness: 1877.44
[GA] Generation 563 best fitness: 1877.44
[GA] Generation 564 best fitness: 1877.44
[GA] Best fitness improved to 1887.45. Resetting mutation rate to 0.15
[GA] Generation 565 best fitness: 1887.45
[GA] Generation 566 best fitness: 1887.45
[GA] Generation 567 best fitness: 1887.45
[GA] Generation 568 best fitness: 1887.45
[GA] Generation 569 best fitness: 1887.45
[GA] Generation 570 best fitness: 1887.45
[GA PHEROMONE] Active groups: 25 / 235, Total Pheromone: 418.29
[GA] Generation 571 best fitness: 1887.45
[GA] Generation 572 best fitness: 1887.45
[GA] Generation 573 best fitness: 1887.45
[GA] Generation 574 best fitness: 1887.45
[GA] Generation 575 best fitness: 1887.45
[GA] Generation 576 best fitness: 1887.45
[GA] Generation 577 best fitness: 1887.45
[GA] Generation 578 best fitness: 1887.45
[GA] Generation 579 best fitness: 1895.88
[GA] Generation 580 best fitness: 1895.88
[GA PHEROMONE] Active groups: 22 / 235, Total Pheromone: 424.56
[GA] Generation 581 best fitness: 1895.88
[GA] Generation 582 best fitness: 1895.88
[GA] Generation 583 best fitness: 1895.88
[GA] Generation 584 best fitness: 1895.88
[GA] Generation 585 best fitness: 1895.88
[GA] Generation 586 best fitness: 1900.37
[GA] Generation 587 best fitness: 1900.37
[GA] Generation 588 best fitness: 1900.37
[GA] Generation 589 best fitness: 1901.17
[GA] Generation 590 best fitness: 1901.17
[GA PHEROMONE] Active groups: 23 / 235, Total Pheromone: 403.44
[GA] Generation 591 best fitness: 1901.17
[GA] Generation 592 best fitness: 1901.17
[GA] Generation 593 best fitness: 1904.35
[GA] Generation 594 best fitness: 1904.35
[GA] Generation 595 best fitness: 1904.35
[GA] Generation 596 best fitness: 1904.35
[GA] Generation 597 best fitness: 1907.08
[GA] Generation 598 best fitness: 1907.08
[GA] Generation 599 best fitness: 1907.08
[GA] Generation 600 best fitness: 1907.08
[GA PHEROMONE] Active groups: 24 / 235, Total Pheromone: 423.45
[GA] Generation 601 best fitness: 1911.56
[GA] Generation 602 best fitness: 1911.56
[GA] Generation 603 best fitness: 1914.20
[GA] Generation 604 best fitness: 1914.20
[GA] Generation 605 best fitness: 1914.20
[GA] Generation 606 best fitness: 1914.20
[GA] Generation 607 best fitness: 1914.20
[GA] Generation 608 best fitness: 1943.04
[GA] Generation 609 best fitness: 1943.04
[GA] Generation 610 best fitness: 1943.04
[GA PHEROMONE] Active groups: 26 / 235, Total Pheromone: 429.59
[GA] Generation 611 best fitness: 1962.90
[GA] Generation 612 best fitness: 1962.90
[GA] Generation 613 best fitness: 1962.90
[GA] Generation 614 best fitness: 1962.90
[GA] Generation 615 best fitness: 1962.90
[GA] Generation 616 best fitness: 1962.90
[GA] Generation 617 best fitness: 1962.90
[GA] Generation 618 best fitness: 1962.90
[GA] Generation 619 best fitness: 1962.90
[GA] Generation 620 best fitness: 1962.90
[GA PHEROMONE] Active groups: 26 / 235, Total Pheromone: 425.96
[GA] Generation 621 best fitness: 1962.90
[GA] Generation 622 best fitness: 1962.90
[GA] Generation 623 best fitness: 1962.90
[GA] Generation 624 best fitness: 1965.29
[GA] Generation 625 best fitness: 2009.52
[GA] Generation 626 best fitness: 2009.52
[GA] Generation 627 best fitness: 2009.52
[GA] Generation 628 best fitness: 2009.52
[GA] Generation 629 best fitness: 2009.52
[GA] Generation 630 best fitness: 2019.53
[GA PHEROMONE] Active groups: 27 / 235, Total Pheromone: 445.15
[GA] Generation 631 best fitness: 2041.10
[GA] Generation 632 best fitness: 2041.10
[GA] Generation 633 best fitness: 2041.10
[GA] Generation 634 best fitness: 2041.10
[GA] Generation 635 best fitness: 2041.10
[GA] Generation 636 best fitness: 2041.10
[GA] Generation 637 best fitness: 2041.10
[GA] Generation 638 best fitness: 2041.10
[GA] Generation 639 best fitness: 2041.10
[GA] Generation 640 best fitness: 2041.10
[GA PHEROMONE] Active groups: 28 / 235, Total Pheromone: 446.80
[GA] Generation 641 best fitness: 2048.11
[GA] Generation 642 best fitness: 2048.11
[GA] Generation 643 best fitness: 2048.11
[GA] Generation 644 best fitness: 2049.66
[GA] Generation 645 best fitness: 2049.66
[GA] Generation 646 best fitness: 2049.66
[GA] Generation 647 best fitness: 2049.66
[GA] Generation 648 best fitness: 2058.12
[GA] Generation 649 best fitness: 2058.12
[GA] Generation 650 best fitness: 2058.12
[GA PHEROMONE] Active groups: 28 / 235, Total Pheromone: 451.94
[GA] Generation 651 best fitness: 2070.95
[GA] Generation 652 best fitness: 2070.95
[GA] Generation 653 best fitness: 2070.95
[GA] Generation 654 best fitness: 2070.95
[GA] Generation 655 best fitness: 2070.95
[GA] Generation 656 best fitness: 2070.95
[GA] Generation 657 best fitness: 2070.95
[GA] Generation 658 best fitness: 2070.95
[GA] Generation 659 best fitness: 2070.95
[GA] Generation 660 best fitness: 2070.95
[GA PHEROMONE] Active groups: 28 / 235, Total Pheromone: 445.50
[GA] Generation 661 best fitness: 2070.95
[GA] Generation 662 best fitness: 2070.95
[GA] Generation 663 best fitness: 2070.95
[GA] Generation 664 best fitness: 2070.95
[GA] Generation 665 best fitness: 2070.95
[GA] Generation 666 best fitness: 2134.44
[GA] Generation 667 best fitness: 2134.44
[GA] Generation 668 best fitness: 2134.44
[GA] Generation 669 best fitness: 2175.97
[GA] Generation 670 best fitness: 2175.97
[GA PHEROMONE] Active groups: 29 / 235, Total Pheromone: 469.96
[GA] Generation 671 best fitness: 2175.97
[GA] Generation 672 best fitness: 2175.97
[GA] Generation 673 best fitness: 2175.97
[GA] Generation 674 best fitness: 2175.97
[GA] Generation 675 best fitness: 2175.97
[GA] Generation 676 best fitness: 2184.06
[GA] Generation 677 best fitness: 2184.06
[GA] Generation 678 best fitness: 2184.06
[GA] Generation 679 best fitness: 2184.06
[GA] Generation 680 best fitness: 2184.06
[GA PHEROMONE] Active groups: 30 / 235, Total Pheromone: 488.02
[GA] Generation 681 best fitness: 2184.06
[GA] Generation 682 best fitness: 2184.06
[GA] Generation 683 best fitness: 2184.06
[GA] Generation 684 best fitness: 2187.90
[GA] Generation 685 best fitness: 2203.99
[GA] Generation 686 best fitness: 2225.56
[GA] Generation 687 best fitness: 2233.65
[GA] Generation 688 best fitness: 2233.65
[GA] Generation 689 best fitness: 2233.65
[GA] Generation 690 best fitness: 2233.65
[GA PHEROMONE] Active groups: 32 / 235, Total Pheromone: 488.14
[GA] Generation 691 best fitness: 2235.64
[GA] Generation 692 best fitness: 2235.64
[GA] Generation 693 best fitness: 2235.64
[GA] Generation 694 best fitness: 2235.64
[GA] Generation 695 best fitness: 2235.64
[GA] Generation 696 best fitness: 2235.64
[GA] Generation 697 best fitness: 2235.64
[GA] Generation 698 best fitness: 2235.64
[GA] Generation 699 best fitness: 2235.64
[GA] Generation 700 best fitness: 2235.64
[GA PHEROMONE] Active groups: 30 / 235, Total Pheromone: 467.90
[GA] Generation 701 best fitness: 2235.64
[GA] Generation 702 best fitness: 2235.64
[GA] Generation 703 best fitness: 2235.64
[GA] Generation 704 best fitness: 2235.64
[GA] Generation 705 best fitness: 2235.64
[GA] Stagnation detected (15 generations). Triggering Mass Extinction!
[GA] Raising mutation rate to 0.40
[GA] Generation 706 best fitness: 2235.64
[GA] Generation 707 best fitness: 2235.64
[GA] Generation 708 best fitness: 2235.64
[GA] Generation 709 best fitness: 2235.64
[GA] Generation 710 best fitness: 2235.64
[GA PHEROMONE] Active groups: 29 / 235, Total Pheromone: 461.54
[GA] Generation 711 best fitness: 2235.64
[GA] Generation 712 best fitness: 2235.64
[GA] Generation 713 best fitness: 2235.64
[GA] Generation 714 best fitness: 2235.64
[GA] Generation 715 best fitness: 2235.64
[GA] Generation 716 best fitness: 2235.64
[GA] Generation 717 best fitness: 2235.64
[GA] Generation 718 best fitness: 2235.64
[GA] Generation 719 best fitness: 2235.64
[GA] Generation 720 best fitness: 2235.64
[GA] Stagnation detected (30 generations). Triggering Mass Extinction!
[GA PHEROMONE] Active groups: 28 / 235, Total Pheromone: 460.30
[GA] Generation 721 best fitness: 2235.64
[GA] Generation 722 best fitness: 2235.64
[GA] Generation 723 best fitness: 2235.64
[GA] Generation 724 best fitness: 2235.64
[GA] Generation 725 best fitness: 2235.64
[GA] Generation 726 best fitness: 2235.64
[GA] Generation 727 best fitness: 2235.64
[GA] Generation 728 best fitness: 2235.64
[GA] Generation 729 best fitness: 2235.64
[GA] Generation 730 best fitness: 2235.64
[GA PHEROMONE] Active groups: 24 / 235, Total Pheromone: 460.03
[GA] Generation 731 best fitness: 2235.64
[GA] Generation 732 best fitness: 2235.64
[GA] Generation 733 best fitness: 2235.64
[GA] Generation 734 best fitness: 2235.64
[GA] Generation 735 best fitness: 2235.64
[GA] Stagnation detected (45 generations). Triggering Mass Extinction!
[GA] Generation 736 best fitness: 2235.64
[GA] Generation 737 best fitness: 2235.64
[GA] Generation 738 best fitness: 2235.64
[GA] Generation 739 best fitness: 2235.64
[GA] Generation 740 best fitness: 2235.64
[GA PHEROMONE] Active groups: 23 / 235, Total Pheromone: 460.00
[GA] Generation 741 best fitness: 2235.64
[GA] Generation 742 best fitness: 2235.64
[GA] Generation 743 best fitness: 2235.64
[GA] Generation 744 best fitness: 2235.64
[GA] Generation 745 best fitness: 2235.64
[GA] Generation 746 best fitness: 2235.64
[GA] Generation 747 best fitness: 2235.64
[GA] Generation 748 best fitness: 2235.64
[GA] Generation 749 best fitness: 2235.64
[GA] Generation 750 best fitness: 2235.64
[GA] Stagnation detected (60 generations). Triggering Mass Extinction!
[GA PHEROMONE] Active groups: 23 / 235, Total Pheromone: 460.00
[GA] Generation 751 best fitness: 2235.64
[GA] Generation 752 best fitness: 2235.64
[GA] Generation 753 best fitness: 2235.64
[GA] Generation 754 best fitness: 2235.64
[GA] Generation 755 best fitness: 2235.64
[GA] Generation 756 best fitness: 2235.64
[GA] Generation 757 best fitness: 2235.64
[GA] Generation 758 best fitness: 2235.64
[GA] Generation 759 best fitness: 2235.64
[GA] Generation 760 best fitness: 2235.64
[GA PHEROMONE] Active groups: 23 / 235, Total Pheromone: 460.00
[GA] Generation 761 best fitness: 2235.64
[GA] Generation 762 best fitness: 2235.64
[GA] Generation 763 best fitness: 2235.64
[GA] Generation 764 best fitness: 2235.64
[GA] Generation 765 best fitness: 2235.64
[GA] Stagnation detected (75 generations). Triggering Mass Extinction!
[GA] Generation 766 best fitness: 2235.64
[GA] Generation 767 best fitness: 2235.64
[GA] Generation 768 best fitness: 2235.64
[GA] Generation 769 best fitness: 2235.64
[GA] Generation 770 best fitness: 2235.64
[GA PHEROMONE] Active groups: 23 / 235, Total Pheromone: 460.00
[GA] Generation 771 best fitness: 2235.64
[GA] Generation 772 best fitness: 2235.64
[GA] Generation 773 best fitness: 2235.64
[GA] Generation 774 best fitness: 2235.64
[GA] Generation 775 best fitness: 2235.64
[GA] Generation 776 best fitness: 2235.64
[GA] Generation 777 best fitness: 2235.64
[GA] Generation 778 best fitness: 2235.64
[GA] Generation 779 best fitness: 2235.64
[GA] Generation 780 best fitness: 2235.64
[GA] Stagnation detected (90 generations). Triggering Mass Extinction!
[GA PHEROMONE] Active groups: 23 / 235, Total Pheromone: 460.00
[GA] Generation 781 best fitness: 2235.64
[GA] Generation 782 best fitness: 2235.64
[GA] Generation 783 best fitness: 2235.64
[GA] Generation 784 best fitness: 2235.64
[GA] Generation 785 best fitness: 2235.64
[GA] Generation 786 best fitness: 2235.64
[GA] Generation 787 best fitness: 2235.64
[GA] Generation 788 best fitness: 2235.64
[GA] Generation 789 best fitness: 2235.64
[GA] Generation 790 best fitness: 2235.64
[GA PHEROMONE] Active groups: 23 / 235, Total Pheromone: 460.00
[GA] Generation 791 best fitness: 2235.64
[GA] Generation 792 best fitness: 2235.64
[GA] Generation 793 best fitness: 2235.64
[GA] Generation 794 best fitness: 2235.64
[GA] Generation 795 best fitness: 2235.64
[GA] Stagnation detected (105 generations). Triggering Mass Extinction!
[GA] Generation 796 best fitness: 2235.64
[GA] Generation 797 best fitness: 2235.64
[GA] Generation 798 best fitness: 2235.64
[GA] Generation 799 best fitness: 2235.64
[GA] Generation 800 best fitness: 2235.64
[GA PHEROMONE] Active groups: 23 / 235, Total Pheromone: 460.00
[GA] Generation 801 best fitness: 2235.64
[GA] Generation 802 best fitness: 2235.64
[GA] Generation 803 best fitness: 2235.64
[GA] Generation 804 best fitness: 2235.64
[GA] Generation 805 best fitness: 2235.64
[GA] Generation 806 best fitness: 2235.64
[GA] Generation 807 best fitness: 2235.64
[GA] Generation 808 best fitness: 2235.64
[GA] Generation 809 best fitness: 2235.64
[GA] Generation 810 best fitness: 2235.64
[GA] Stagnation detected (120 generations). Triggering Mass Extinction!
[GA] Hard stagnation detected (120 generations). Early termination at generation 810
[GA] Seed 5 final best fitness: 2235.64
[GA] Best seed: 3 / 5 (fitness=2649.50)

--- COLLISION AUDIT [FINAL BEST] ---
  Fitness overlap penalty: 0.0000
  Recomputed indexed overlap sum: 0.0000 (delta=0.0000)
  Pair counts: total=325 same_comp=325 broad_reject=276 narrow_checked=325 active=0
  Pair (0,1): center_dist=117.334 broad_radius=145.373 min_nn=14.710 hits=0/1458 hit_ratio=0.000 avg_depth=0.000 pair_pen=0.000 [OK] NARROW-PHASE CLEAR
  Pair (0,2): center_dist=151.026 broad_radius=130.529 [OK] BROAD-PHASE SEPARATED
  Pair (0,3): center_dist=127.212 broad_radius=128.741 min_nn=52.733 hits=0/1458 hit_ratio=0.000 avg_depth=0.000 pair_pen=0.000 [OK] NARROW-PHASE CLEAR
  Pair (0,4): center_dist=76.611 broad_radius=127.128 min_nn=10.231 hits=0/1458 hit_ratio=0.000 avg_depth=0.000 pair_pen=0.000 [OK] NARROW-PHASE CLEAR
  Pair (0,5): center_dist=130.608 broad_radius=132.631 min_nn=44.436 hits=0/1458 hit_ratio=0.000 avg_depth=0.000 pair_pen=0.000 [OK] NARROW-PHASE CLEAR
  Pair (0,6): center_dist=157.351 broad_radius=133.702 [OK] BROAD-PHASE SEPARATED
  Pair (0,7): center_dist=159.755 broad_radius=130.508 [OK] BROAD-PHASE SEPARATED
  Pair (0,8): center_dist=90.747 broad_radius=138.828 min_nn=35.175 hits=0/1458 hit_ratio=0.000 avg_depth=0.000 pair_pen=0.000 [OK] NARROW-PHASE CLEAR
  Pair (0,10): center_dist=135.109 broad_radius=130.488 [OK] BROAD-PHASE SEPARATED
  Pair (0,11): center_dist=115.581 broad_radius=125.787 min_nn=75.624 hits=0/1458 hit_ratio=0.000 avg_depth=0.000 pair_pen=0.000 [OK] NARROW-PHASE CLEAR
  Pair (0,12): center_dist=142.818 broad_radius=126.329 [OK] BROAD-PHASE SEPARATED
  Pair (0,13): center_dist=174.851 broad_radius=115.335 [OK] BROAD-PHASE SEPARATED
  Pair (0,14): center_dist=125.365 broad_radius=116.633 [OK] BROAD-PHASE SEPARATED
  Pair (0,15): center_dist=115.206 broad_radius=115.505 min_nn=80.406 hits=0/1458 hit_ratio=0.000 avg_depth=0.000 pair_pen=0.000 [OK] NARROW-PHASE CLEAR
  Pair (0,16): center_dist=158.647 broad_radius=109.590 [OK] BROAD-PHASE SEPARATED
  Pair (0,17): center_dist=120.674 broad_radius=110.785 [OK] BROAD-PHASE SEPARATED
  Pair (0,18): center_dist=66.719 broad_radius=116.677 min_nn=11.428 hits=0/1458 hit_ratio=0.000 avg_depth=0.000 pair_pen=0.000 [OK] NARROW-PHASE CLEAR
  Pair (0,19): center_dist=96.956 broad_radius=106.153 min_nn=12.384 hits=0/1458 hit_ratio=0.000 avg_depth=0.000 pair_pen=0.000 [OK] NARROW-PHASE CLEAR
  Pair (0,20): center_dist=95.676 broad_radius=120.827 min_nn=21.682 hits=0/1458 hit_ratio=0.000 avg_depth=0.000 pair_pen=0.000 [OK] NARROW-PHASE CLEAR
  Pair (0,21): center_dist=128.130 broad_radius=101.133 [OK] BROAD-PHASE SEPARATED
  Pair (0,24): center_dist=140.302 broad_radius=84.798 [OK] BROAD-PHASE SEPARATED
  Pair (0,25): center_dist=112.814 broad_radius=77.325 [OK] BROAD-PHASE SEPARATED
  Pair (0,26): center_dist=161.354 broad_radius=84.848 [OK] BROAD-PHASE SEPARATED
  Pair (1,2): center_dist=198.964 broad_radius=122.520 [OK] BROAD-PHASE SEPARATED
  Pair (1,3): center_dist=234.412 broad_radius=120.732 [OK] BROAD-PHASE SEPARATED
  Pair (1,4): center_dist=150.990 broad_radius=119.119 [OK] BROAD-PHASE SEPARATED
  Pair (1,5): center_dist=90.766 broad_radius=124.622 min_nn=46.539 hits=0/1473 hit_ratio=0.000 avg_depth=0.000 pair_pen=0.000 [OK] NARROW-PHASE CLEAR
  Pair (1,6): center_dist=209.625 broad_radius=125.694 [OK] BROAD-PHASE SEPARATED
  Pair (1,7): center_dist=191.850 broad_radius=122.500 [OK] BROAD-PHASE SEPARATED
  Pair (1,9): center_dist=129.832 broad_radius=127.009 [OK] BROAD-PHASE SEPARATED
  Pair (1,10): center_dist=222.410 broad_radius=122.480 [OK] BROAD-PHASE SEPARATED
  Pair (1,11): center_dist=121.521 broad_radius=117.779 [OK] BROAD-PHASE SEPARATED
  Pair (1,12): center_dist=47.057 broad_radius=118.320 min_nn=1.051 hits=0/1473 hit_ratio=0.000 avg_depth=0.000 pair_pen=0.000 [OK] NARROW-PHASE CLEAR
  Pair (1,13): center_dist=239.971 broad_radius=107.327 [OK] BROAD-PHASE SEPARATED
  Pair (1,14): center_dist=116.547 broad_radius=108.624 [OK] BROAD-PHASE SEPARATED
  Pair (1,15): center_dist=172.295 broad_radius=107.496 [OK] BROAD-PHASE SEPARATED
  Pair (1,16): center_dist=235.634 broad_radius=101.581 [OK] BROAD-PHASE SEPARATED
  Pair (1,17): center_dist=76.777 broad_radius=102.776 min_nn=20.977 hits=0/1473 hit_ratio=0.000 avg_depth=0.000 pair_pen=0.000 [OK] NARROW-PHASE CLEAR
  Pair (1,18): center_dist=180.537 broad_radius=108.668 [OK] BROAD-PHASE SEPARATED
  Pair (1,19): center_dist=208.189 broad_radius=98.144 [OK] BROAD-PHASE SEPARATED
  Pair (1,20): center_dist=194.648 broad_radius=112.818 [OK] BROAD-PHASE SEPARATED
  Pair (1,21): center_dist=137.390 broad_radius=93.124 [OK] BROAD-PHASE SEPARATED
  Pair (1,22): center_dist=95.597 broad_radius=90.919 [OK] BROAD-PHASE SEPARATED
  Pair (1,23): center_dist=68.548 broad_radius=81.058 min_nn=31.689 hits=0/1473 hit_ratio=0.000 avg_depth=0.000 pair_pen=0.000 [OK] NARROW-PHASE CLEAR
  Pair (1,26): center_dist=252.103 broad_radius=76.839 [OK] BROAD-PHASE SEPARATED
  Pair (2,3): center_dist=126.108 broad_radius=105.888 [OK] BROAD-PHASE SEPARATED
  Pair (2,4): center_dist=154.940 broad_radius=104.276 [OK] BROAD-PHASE SEPARATED
  Pair (2,5): center_dist=176.620 broad_radius=109.779 [OK] BROAD-PHASE SEPARATED
  Pair (2,6): center_dist=133.739 broad_radius=110.850 [OK] BROAD-PHASE SEPARATED
  Pair (2,8): center_dist=145.459 broad_radius=115.975 [OK] BROAD-PHASE SEPARATED
  Pair (2,9): center_dist=114.473 broad_radius=112.165 [OK] BROAD-PHASE SEPARATED
  Pair (2,10): center_dist=141.069 broad_radius=107.636 [OK] BROAD-PHASE SEPARATED
  Pair (2,12): center_dist=183.626 broad_radius=103.476 [OK] BROAD-PHASE SEPARATED
  Pair (2,14): center_dist=106.540 broad_radius=93.780 [OK] BROAD-PHASE SEPARATED
  Pair (2,16): center_dist=59.157 broad_radius=86.738 min_nn=13.922 hits=0/1593 hit_ratio=0.000 avg_depth=0.000 pair_pen=0.000 [OK] NARROW-PHASE CLEAR
  Pair (2,17): center_dist=132.914 broad_radius=87.933 [OK] BROAD-PHASE SEPARATED
  Pair (2,18): center_dist=136.837 broad_radius=93.824 [OK] BROAD-PHASE SEPARATED
  Pair (2,19): center_dist=161.786 broad_radius=83.300 [OK] BROAD-PHASE SEPARATED
  Pair (2,20): center_dist=108.109 broad_radius=97.974 [OK] BROAD-PHASE SEPARATED
  Pair (2,21): center_dist=126.154 broad_radius=78.280 [OK] BROAD-PHASE SEPARATED
  Pair (2,22): center_dist=157.475 broad_radius=76.075 [OK] BROAD-PHASE SEPARATED
  Pair (2,23): center_dist=163.020 broad_radius=66.214 [OK] BROAD-PHASE SEPARATED
  Pair (2,24): center_dist=213.147 broad_radius=61.945 [OK] BROAD-PHASE SEPARATED
  Pair (2,25): center_dist=161.062 broad_radius=54.473 [OK] BROAD-PHASE SEPARATED
  Pair (2,26): center_dist=93.551 broad_radius=61.995 [OK] BROAD-PHASE SEPARATED
  Pair (3,4): center_dist=121.857 broad_radius=102.487 [OK] BROAD-PHASE SEPARATED
  Pair (3,5): center_dist=226.553 broad_radius=107.991 [OK] BROAD-PHASE SEPARATED
  Pair (3,6): center_dist=137.894 broad_radius=109.062 [OK] BROAD-PHASE SEPARATED
  Pair (3,7): center_dist=151.056 broad_radius=105.868 [OK] BROAD-PHASE SEPARATED
  Pair (3,8): center_dist=171.899 broad_radius=114.187 [OK] BROAD-PHASE SEPARATED
  Pair (3,9): center_dist=132.155 broad_radius=110.377 [OK] BROAD-PHASE SEPARATED
  Pair (3,10): center_dist=83.349 broad_radius=105.848 min_nn=25.120 hits=0/1288 hit_ratio=0.000 avg_depth=0.000 pair_pen=0.000 [OK] NARROW-PHASE CLEAR
  Pair (3,11): center_dist=168.276 broad_radius=101.147 [OK] BROAD-PHASE SEPARATED
  Pair (3,12): center_dist=244.466 broad_radius=101.688 [OK] BROAD-PHASE SEPARATED
  Pair (3,13): center_dist=108.896 broad_radius=90.695 [OK] BROAD-PHASE SEPARATED
  Pair (3,14): center_dist=178.706 broad_radius=91.992 [OK] BROAD-PHASE SEPARATED
  Pair (3,15): center_dist=118.278 broad_radius=90.864 [OK] BROAD-PHASE SEPARATED
  Pair (3,16): center_dist=86.012 broad_radius=84.949 [OK] BROAD-PHASE SEPARATED
  Pair (3,17): center_dist=202.980 broad_radius=86.144 [OK] BROAD-PHASE SEPARATED
  Pair (3,18): center_dist=69.754 broad_radius=92.036 min_nn=10.029 hits=0/1288 hit_ratio=0.000 avg_depth=0.000 pair_pen=0.000 [OK] NARROW-PHASE CLEAR
  Pair (3,20): center_dist=67.171 broad_radius=96.186 min_nn=9.970 hits=0/1288 hit_ratio=0.000 avg_depth=0.000 pair_pen=0.000 [OK] NARROW-PHASE CLEAR
  Pair (3,21): center_dist=170.445 broad_radius=76.492 [OK] BROAD-PHASE SEPARATED
  Pair (3,22): center_dist=152.344 broad_radius=74.287 [OK] BROAD-PHASE SEPARATED
  Pair (3,23): center_dist=172.406 broad_radius=64.426 [OK] BROAD-PHASE SEPARATED
  Pair (3,24): center_dist=256.392 broad_radius=60.157 [OK] BROAD-PHASE SEPARATED
  Pair (3,25): center_dist=211.440 broad_radius=52.685 [OK] BROAD-PHASE SEPARATED
  Pair (4,5): center_dist=190.588 broad_radius=106.378 [OK] BROAD-PHASE SEPARATED
  Pair (4,6): center_dist=95.726 broad_radius=107.449 min_nn=18.209 hits=0/1597 hit_ratio=0.000 avg_depth=0.000 pair_pen=0.000 [OK] NARROW-PHASE CLEAR
  Pair (4,7): center_dist=124.970 broad_radius=104.255 [OK] BROAD-PHASE SEPARATED
  Pair (4,9): center_dist=128.913 broad_radius=108.765 [OK] BROAD-PHASE SEPARATED
  Pair (4,11): center_dist=148.464 broad_radius=99.534 [OK] BROAD-PHASE SEPARATED
  Pair (4,12): center_dist=169.540 broad_radius=100.076 [OK] BROAD-PHASE SEPARATED
  Pair (4,13): center_dist=148.832 broad_radius=89.082 [OK] BROAD-PHASE SEPARATED
  Pair (4,14): center_dist=119.172 broad_radius=90.380 [OK] BROAD-PHASE SEPARATED
  Pair (4,15): center_dist=148.368 broad_radius=89.252 [OK] BROAD-PHASE SEPARATED
  Pair (4,16): center_dist=162.333 broad_radius=83.337 [OK] BROAD-PHASE SEPARATED
  Pair (4,17): center_dist=145.262 broad_radius=84.532 [OK] BROAD-PHASE SEPARATED
  Pair (4,18): center_dist=99.492 broad_radius=90.424 [OK] BROAD-PHASE SEPARATED
  Pair (4,19): center_dist=78.890 broad_radius=79.900 min_nn=16.570 hits=0/1597 hit_ratio=0.000 avg_depth=0.000 pair_pen=0.000 [OK] NARROW-PHASE CLEAR
  Pair (4,20): center_dist=129.464 broad_radius=94.574 [OK] BROAD-PHASE SEPARATED
  Pair (4,21): center_dist=92.013 broad_radius=74.880 [OK] BROAD-PHASE SEPARATED
  Pair (4,22): center_dist=56.979 broad_radius=72.674 min_nn=8.681 hits=0/1597 hit_ratio=0.000 avg_depth=0.000 pair_pen=0.000 [OK] NARROW-PHASE CLEAR
  Pair (4,23): center_dist=84.037 broad_radius=62.813 [OK] BROAD-PHASE SEPARATED
  Pair (4,24): center_dist=184.414 broad_radius=58.544 [OK] BROAD-PHASE SEPARATED
  Pair (4,25): center_dist=130.810 broad_radius=51.072 [OK] BROAD-PHASE SEPARATED
  Pair (4,26): center_dist=152.226 broad_radius=58.595 [OK] BROAD-PHASE SEPARATED
  Pair (5,6): center_dist=242.197 broad_radius=112.952 [OK] BROAD-PHASE SEPARATED
  Pair (5,7): center_dist=208.675 broad_radius=109.758 [OK] BROAD-PHASE SEPARATED
  Pair (5,8): center_dist=145.182 broad_radius=118.078 [OK] BROAD-PHASE SEPARATED
  Pair (5,10): center_dist=244.501 broad_radius=109.738 [OK] BROAD-PHASE SEPARATED
  Pair (5,12): center_dist=89.439 broad_radius=105.579 min_nn=29.107 hits=0/1218 hit_ratio=0.000 avg_depth=0.000 pair_pen=0.000 [OK] NARROW-PHASE CLEAR
  Pair (5,13): center_dist=236.527 broad_radius=94.585 [OK] BROAD-PHASE SEPARATED
  Pair (5,14): center_dist=139.991 broad_radius=95.883 [OK] BROAD-PHASE SEPARATED
  Pair (5,15): center_dist=133.606 broad_radius=94.755 [OK] BROAD-PHASE SEPARATED
  Pair (5,16): center_dist=209.612 broad_radius=88.840 [OK] BROAD-PHASE SEPARATED
  Pair (5,17): center_dist=86.821 broad_radius=90.035 min_nn=23.069 hits=0/1218 hit_ratio=0.000 avg_depth=0.000 pair_pen=0.000 [OK] NARROW-PHASE CLEAR
  Pair (5,18): center_dist=171.868 broad_radius=95.927 [OK] BROAD-PHASE SEPARATED
  Pair (5,19): center_dist=221.261 broad_radius=85.403 [OK] BROAD-PHASE SEPARATED
  Pair (5,20): center_dist=168.034 broad_radius=100.077 [OK] BROAD-PHASE SEPARATED
  Pair (5,21): center_dist=178.851 broad_radius=80.383 [OK] BROAD-PHASE SEPARATED
  Pair (5,22): center_dist=140.030 broad_radius=78.177 [OK] BROAD-PHASE SEPARATED
  Pair (5,23): center_dist=117.708 broad_radius=68.316 [OK] BROAD-PHASE SEPARATED
  Pair (5,24): center_dist=71.471 broad_radius=64.048 [OK] BROAD-PHASE SEPARATED
  Pair (5,25): center_dist=101.343 broad_radius=56.575 [OK] BROAD-PHASE SEPARATED
  Pair (5,26): center_dist=236.596 broad_radius=64.098 [OK] BROAD-PHASE SEPARATED
  Pair (6,7): center_dist=65.946 broad_radius=110.829 min_nn=1.743 hits=0/1493 hit_ratio=0.000 avg_depth=0.000 pair_pen=0.000 [OK] NARROW-PHASE CLEAR
  Pair (6,9): center_dist=179.662 broad_radius=115.339 [OK] BROAD-PHASE SEPARATED
  Pair (6,10): center_dist=67.384 broad_radius=110.810 min_nn=21.569 hits=0/1493 hit_ratio=0.000 avg_depth=0.000 pair_pen=0.000 [OK] NARROW-PHASE CLEAR
  Pair (6,11): center_dist=168.594 broad_radius=106.108 [OK] BROAD-PHASE SEPARATED
  Pair (6,12): center_dist=207.808 broad_radius=106.650 [OK] BROAD-PHASE SEPARATED
  Pair (6,13): center_dist=94.639 broad_radius=95.656 min_nn=37.269 hits=0/1493 hit_ratio=0.000 avg_depth=0.000 pair_pen=0.000 [OK] NARROW-PHASE CLEAR
  Pair (6,14): center_dist=120.030 broad_radius=96.954 [OK] BROAD-PHASE SEPARATED
  Pair (6,15): center_dist=164.873 broad_radius=95.826 [OK] BROAD-PHASE SEPARATED
  Pair (6,16): center_dist=146.263 broad_radius=89.911 [OK] BROAD-PHASE SEPARATED
  Pair (6,17): center_dist=172.767 broad_radius=91.106 [OK] BROAD-PHASE SEPARATED
  Pair (6,18): center_dist=158.211 broad_radius=96.998 [OK] BROAD-PHASE SEPARATED
  Pair (6,19): center_dist=131.321 broad_radius=86.474 [OK] BROAD-PHASE SEPARATED
  Pair (6,20): center_dist=166.212 broad_radius=101.148 [OK] BROAD-PHASE SEPARATED
  Pair (6,21): center_dist=81.142 broad_radius=81.454 min_nn=21.059 hits=0/1493 hit_ratio=0.000 avg_depth=0.000 pair_pen=0.000 [OK] NARROW-PHASE CLEAR
  Pair (6,22): center_dist=135.439 broad_radius=79.248 [OK] BROAD-PHASE SEPARATED
  Pair (6,23): center_dist=155.217 broad_radius=69.387 [OK] BROAD-PHASE SEPARATED
  Pair (6,24): center_dist=241.544 broad_radius=65.119 [OK] BROAD-PHASE SEPARATED
  Pair (6,25): center_dist=171.129 broad_radius=57.646 [OK] BROAD-PHASE SEPARATED
  Pair (6,26): center_dist=134.334 broad_radius=65.169 [OK] BROAD-PHASE SEPARATED
  Pair (7,8): center_dist=111.649 broad_radius=115.955 min_nn=41.784 hits=0/1057 hit_ratio=0.000 avg_depth=0.000 pair_pen=0.000 [OK] NARROW-PHASE CLEAR
  Pair (7,9): center_dist=157.351 broad_radius=112.145 [OK] BROAD-PHASE SEPARATED
  Pair (7,10): center_dist=112.378 broad_radius=107.616 [OK] BROAD-PHASE SEPARATED
  Pair (7,11): center_dist=124.181 broad_radius=102.914 [OK] BROAD-PHASE SEPARATED
  Pair (7,12): center_dist=176.906 broad_radius=103.456 [OK] BROAD-PHASE SEPARATED
  Pair (7,13): center_dist=74.312 broad_radius=92.463 min_nn=15.958 hits=0/1057 hit_ratio=0.000 avg_depth=0.000 pair_pen=0.000 [OK] NARROW-PHASE CLEAR
  Pair (7,14): center_dist=79.975 broad_radius=93.760 min_nn=27.621 hits=0/1057 hit_ratio=0.000 avg_depth=0.000 pair_pen=0.000 [OK] NARROW-PHASE CLEAR
  Pair (7,15): center_dist=129.511 broad_radius=92.632 [OK] BROAD-PHASE SEPARATED
  Pair (7,16): center_dist=121.835 broad_radius=86.717 [OK] BROAD-PHASE SEPARATED
  Pair (7,17): center_dist=134.747 broad_radius=87.912 [OK] BROAD-PHASE SEPARATED
  Pair (7,18): center_dist=164.423 broad_radius=93.804 [OK] BROAD-PHASE SEPARATED
  Pair (7,19): center_dist=161.931 broad_radius=83.280 [OK] BROAD-PHASE SEPARATED
  Pair (7,20): center_dist=157.731 broad_radius=97.954 [OK] BROAD-PHASE SEPARATED
  Pair (7,21): center_dist=66.931 broad_radius=78.260 min_nn=31.099 hits=0/1057 hit_ratio=0.000 avg_depth=0.000 pair_pen=0.000 [OK] NARROW-PHASE CLEAR
  Pair (7,22): center_dist=140.967 broad_radius=76.054 [OK] BROAD-PHASE SEPARATED
  Pair (7,23): center_dist=151.428 broad_radius=66.194 [OK] BROAD-PHASE SEPARATED
  Pair (7,24): center_dist=217.149 broad_radius=61.925 [OK] BROAD-PHASE SEPARATED
  Pair (7,25): center_dist=146.693 broad_radius=54.452 [OK] BROAD-PHASE SEPARATED
  Pair (7,26): center_dist=130.165 broad_radius=61.975 [OK] BROAD-PHASE SEPARATED
  Pair (8,9): center_dist=119.580 broad_radius=120.465 min_nn=78.672 hits=0/933 hit_ratio=0.000 avg_depth=0.000 pair_pen=0.000 [OK] NARROW-PHASE CLEAR
  Pair (8,10): center_dist=138.066 broad_radius=115.935 [OK] BROAD-PHASE SEPARATED
  Pair (8,11): center_dist=107.435 broad_radius=111.234 min_nn=77.307 hits=0/933 hit_ratio=0.000 avg_depth=0.000 pair_pen=0.000 [OK] NARROW-PHASE CLEAR
  Pair (8,12): center_dist=99.408 broad_radius=111.776 min_nn=21.411 hits=0/933 hit_ratio=0.000 avg_depth=0.000 pair_pen=0.000 [OK] NARROW-PHASE CLEAR
  Pair (8,13): center_dist=163.777 broad_radius=100.782 [OK] BROAD-PHASE SEPARATED
  Pair (8,15): center_dist=140.640 broad_radius=100.951 [OK] BROAD-PHASE SEPARATED
  Pair (8,16): center_dist=178.382 broad_radius=95.037 [OK] BROAD-PHASE SEPARATED
  Pair (8,17): center_dist=80.648 broad_radius=96.232 min_nn=25.683 hits=0/933 hit_ratio=0.000 avg_depth=0.000 pair_pen=0.000 [OK] NARROW-PHASE CLEAR
  Pair (8,18): center_dist=139.489 broad_radius=102.123 [OK] BROAD-PHASE SEPARATED
  Pair (8,19): center_dist=146.150 broad_radius=91.600 [OK] BROAD-PHASE SEPARATED
  Pair (8,20): center_dist=155.611 broad_radius=106.274 [OK] BROAD-PHASE SEPARATED
  Pair (8,22): center_dist=48.024 broad_radius=84.374 min_nn=14.701 hits=0/933 hit_ratio=0.000 avg_depth=0.000 pair_pen=0.000 [OK] NARROW-PHASE CLEAR
  Pair (8,24): center_dist=126.892 broad_radius=70.244 [OK] BROAD-PHASE SEPARATED
  Pair (8,25): center_dist=60.272 broad_radius=62.772 min_nn=18.385 hits=0/933 hit_ratio=0.000 avg_depth=0.000 pair_pen=0.000 [OK] NARROW-PHASE CLEAR
  Pair (8,26): center_dist=185.669 broad_radius=70.295 [OK] BROAD-PHASE SEPARATED
  Pair (9,10): center_dist=163.939 broad_radius=112.125 [OK] BROAD-PHASE SEPARATED
  Pair (9,11): center_dist=70.515 broad_radius=107.424 min_nn=28.308 hits=0/1037 hit_ratio=0.000 avg_depth=0.000 pair_pen=0.000 [OK] NARROW-PHASE CLEAR
  Pair (9,12): center_dist=137.766 broad_radius=107.966 [OK] BROAD-PHASE SEPARATED
  Pair (9,13): center_dist=162.530 broad_radius=96.972 [OK] BROAD-PHASE SEPARATED
  Pair (9,14): center_dist=119.907 broad_radius=98.269 [OK] BROAD-PHASE SEPARATED
  Pair (9,15): center_dist=61.096 broad_radius=97.141 min_nn=21.587 hits=0/1037 hit_ratio=0.000 avg_depth=0.000 pair_pen=0.000 [OK] NARROW-PHASE CLEAR
  Pair (9,16): center_dist=127.668 broad_radius=91.227 [OK] BROAD-PHASE SEPARATED
  Pair (9,17): center_dist=103.202 broad_radius=92.422 [OK] BROAD-PHASE SEPARATED
  Pair (9,18): center_dist=81.330 broad_radius=98.313 min_nn=16.314 hits=0/1037 hit_ratio=0.000 avg_depth=0.000 pair_pen=0.000 [OK] NARROW-PHASE CLEAR
  Pair (9,19): center_dist=135.435 broad_radius=87.790 [OK] BROAD-PHASE SEPARATED
  Pair (9,21): center_dist=144.627 broad_radius=82.769 [OK] BROAD-PHASE SEPARATED
  Pair (9,22): center_dist=100.646 broad_radius=80.564 [OK] BROAD-PHASE SEPARATED
  Pair (9,23): center_dist=97.227 broad_radius=70.703 [OK] BROAD-PHASE SEPARATED
  Pair (9,24): center_dist=138.391 broad_radius=66.434 [OK] BROAD-PHASE SEPARATED
  Pair (9,25): center_dist=118.671 broad_radius=58.962 [OK] BROAD-PHASE SEPARATED
  Pair (9,26): center_dist=147.353 broad_radius=66.485 [OK] BROAD-PHASE SEPARATED
  Pair (10,11): center_dist=179.202 broad_radius=102.894 [OK] BROAD-PHASE SEPARATED
  Pair (10,12): center_dist=231.162 broad_radius=103.436 [OK] BROAD-PHASE SEPARATED
  Pair (10,13): center_dist=100.496 broad_radius=92.443 [OK] BROAD-PHASE SEPARATED
  Pair (10,14): center_dist=153.815 broad_radius=93.740 [OK] BROAD-PHASE SEPARATED
  Pair (10,15): center_dist=155.047 broad_radius=92.612 [OK] BROAD-PHASE SEPARATED
  Pair (10,16): center_dist=128.056 broad_radius=86.697 [OK] BROAD-PHASE SEPARATED
  Pair (10,17): center_dist=194.611 broad_radius=87.892 [OK] BROAD-PHASE SEPARATED
  Pair (10,18): center_dist=114.081 broad_radius=93.784 [OK] BROAD-PHASE SEPARATED
  Pair (10,19): center_dist=72.507 broad_radius=83.260 min_nn=33.859 hits=0/740 hit_ratio=0.000 avg_depth=0.000 pair_pen=0.000 [OK] NARROW-PHASE CLEAR
  Pair (10,20): center_dist=128.740 broad_radius=97.934 [OK] BROAD-PHASE SEPARATED
  Pair (10,21): center_dist=123.962 broad_radius=78.240 [OK] BROAD-PHASE SEPARATED
  Pair (10,22): center_dist=132.017 broad_radius=76.034 [OK] BROAD-PHASE SEPARATED
  Pair (10,23): center_dist=157.096 broad_radius=66.174 [OK] BROAD-PHASE SEPARATED
  Pair (10,24): center_dist=253.081 broad_radius=61.905 [OK] BROAD-PHASE SEPARATED
  Pair (10,25): center_dist=192.940 broad_radius=54.433 [OK] BROAD-PHASE SEPARATED
  Pair (10,26): center_dist=101.279 broad_radius=61.955 [OK] BROAD-PHASE SEPARATED
  Pair (11,12): center_dist=104.265 broad_radius=98.735 [OK] BROAD-PHASE SEPARATED
  Pair (11,13): center_dist=149.339 broad_radius=87.741 [OK] BROAD-PHASE SEPARATED
  Pair (11,14): center_dist=73.761 broad_radius=89.039 min_nn=24.445 hits=0/739 hit_ratio=0.000 avg_depth=0.000 pair_pen=0.000 [OK] NARROW-PHASE CLEAR
  Pair (11,15): center_dist=65.822 broad_radius=87.911 min_nn=18.615 hits=0/739 hit_ratio=0.000 avg_depth=0.000 pair_pen=0.000 [OK] NARROW-PHASE CLEAR
  Pair (11,16): center_dist=132.110 broad_radius=81.996 [OK] BROAD-PHASE SEPARATED
  Pair (11,17): center_dist=56.726 broad_radius=83.191 min_nn=24.087 hits=0/739 hit_ratio=0.000 avg_depth=0.000 pair_pen=0.000 [OK] NARROW-PHASE CLEAR
  Pair (11,18): center_dist=137.685 broad_radius=89.083 [OK] BROAD-PHASE SEPARATED
  Pair (11,19): center_dist=178.211 broad_radius=78.559 [OK] BROAD-PHASE SEPARATED
  Pair (11,20): center_dist=122.337 broad_radius=93.233 [OK] BROAD-PHASE SEPARATED
  Pair (11,21): center_dist=116.249 broad_radius=73.539 [OK] BROAD-PHASE SEPARATED
  Pair (11,22): center_dist=118.500 broad_radius=71.333 [OK] BROAD-PHASE SEPARATED
  Pair (11,23): center_dist=109.015 broad_radius=61.472 [OK] BROAD-PHASE SEPARATED
  Pair (11,24): center_dist=128.202 broad_radius=57.204 [OK] BROAD-PHASE SEPARATED
  Pair (11,25): center_dist=91.539 broad_radius=49.731 [OK] BROAD-PHASE SEPARATED
  Pair (11,26): center_dist=162.379 broad_radius=57.254 [OK] BROAD-PHASE SEPARATED
  Pair (12,13): center_dist=230.096 broad_radius=88.283 [OK] BROAD-PHASE SEPARATED
  Pair (12,14): center_dist=96.980 broad_radius=89.580 [OK] BROAD-PHASE SEPARATED
  Pair (12,15): center_dist=165.873 broad_radius=88.452 [OK] BROAD-PHASE SEPARATED
  Pair (12,16): center_dist=229.300 broad_radius=82.538 [OK] BROAD-PHASE SEPARATED
  Pair (12,18): center_dist=198.806 broad_radius=89.624 [OK] BROAD-PHASE SEPARATED
  Pair (12,19): center_dist=228.339 broad_radius=79.101 [OK] BROAD-PHASE SEPARATED
  Pair (12,20): center_dist=203.842 broad_radius=93.775 [OK] BROAD-PHASE SEPARATED
  Pair (12,21): center_dist=129.281 broad_radius=74.081 [OK] BROAD-PHASE SEPARATED
  Pair (12,22): center_dist=119.671 broad_radius=71.875 [OK] BROAD-PHASE SEPARATED
  Pair (12,23): center_dist=95.096 broad_radius=62.014 [OK] BROAD-PHASE SEPARATED
  Pair (12,24): center_dist=52.403 broad_radius=57.745 min_nn=23.109 hits=0/875 hit_ratio=0.000 avg_depth=0.000 pair_pen=0.000 [OK] NARROW-PHASE CLEAR
  Pair (12,25): center_dist=39.331 broad_radius=50.273 min_nn=13.857 hits=0/875 hit_ratio=0.000 avg_depth=0.000 pair_pen=0.000 [OK] NARROW-PHASE CLEAR
  Pair (12,26): center_dist=251.513 broad_radius=57.796 [OK] BROAD-PHASE SEPARATED
  Pair (13,14): center_dist=138.349 broad_radius=78.587 [OK] BROAD-PHASE SEPARATED
  Pair (13,15): center_dist=118.684 broad_radius=77.459 [OK] BROAD-PHASE SEPARATED
  Pair (13,17): center_dist=182.091 broad_radius=72.739 [OK] BROAD-PHASE SEPARATED
  Pair (13,18): center_dist=149.448 broad_radius=78.631 [OK] BROAD-PHASE SEPARATED
  Pair (13,19): center_dist=146.598 broad_radius=68.107 [OK] BROAD-PHASE SEPARATED
  Pair (13,20): center_dist=131.150 broad_radius=82.781 [OK] BROAD-PHASE SEPARATED
  Pair (13,21): center_dist=131.771 broad_radius=63.087 [OK] BROAD-PHASE SEPARATED
  Pair (13,22): center_dist=175.504 broad_radius=60.881 [OK] BROAD-PHASE SEPARATED
  Pair (13,23): center_dist=190.379 broad_radius=51.021 [OK] BROAD-PHASE SEPARATED
  Pair (13,24): center_dist=262.172 broad_radius=46.752 [OK] BROAD-PHASE SEPARATED
  Pair (13,25): center_dist=199.835 broad_radius=39.279 [OK] BROAD-PHASE SEPARATED
  Pair (13,26): center_dist=67.427 broad_radius=46.802 [OK] BROAD-PHASE SEPARATED
  Pair (14,15): center_dist=117.049 broad_radius=78.756 [OK] BROAD-PHASE SEPARATED
  Pair (14,16): center_dist=154.878 broad_radius=72.842 [OK] BROAD-PHASE SEPARATED
  Pair (14,18): center_dist=158.546 broad_radius=79.928 [OK] BROAD-PHASE SEPARATED
  Pair (14,19): center_dist=174.872 broad_radius=69.404 [OK] BROAD-PHASE SEPARATED
  Pair (14,20): center_dist=157.143 broad_radius=84.078 [OK] BROAD-PHASE SEPARATED
  Pair (14,21): center_dist=49.180 broad_radius=64.384 min_nn=6.412 hits=0/741 hit_ratio=0.000 avg_depth=0.000 pair_pen=0.000 [OK] NARROW-PHASE CLEAR
  Pair (14,22): center_dist=99.638 broad_radius=62.179 [OK] BROAD-PHASE SEPARATED
  Pair (14,23): center_dist=95.739 broad_radius=52.318 [OK] BROAD-PHASE SEPARATED
  Pair (14,24): center_dist=139.263 broad_radius=48.049 [OK] BROAD-PHASE SEPARATED
  Pair (14,25): center_dist=69.519 broad_radius=40.577 [OK] BROAD-PHASE SEPARATED
  Pair (14,26): center_dist=173.511 broad_radius=48.100 [OK] BROAD-PHASE SEPARATED
  Pair (15,16): center_dist=76.682 broad_radius=71.714 [OK] BROAD-PHASE SEPARATED
  Pair (15,17): center_dist=119.040 broad_radius=72.909 [OK] BROAD-PHASE SEPARATED
  Pair (15,18): center_dist=101.635 broad_radius=78.800 [OK] BROAD-PHASE SEPARATED
  Pair (15,19): center_dist=147.119 broad_radius=68.276 [OK] BROAD-PHASE SEPARATED
  Pair (15,20): center_dist=69.282 broad_radius=82.950 min_nn=31.203 hits=0/297 hit_ratio=0.000 avg_depth=0.000 pair_pen=0.000 [OK] NARROW-PHASE CLEAR
  Pair (15,21): center_dist=143.717 broad_radius=63.256 [OK] BROAD-PHASE SEPARATED
  Pair (15,22): center_dist=137.047 broad_radius=61.051 [OK] BROAD-PHASE SEPARATED
  Pair (15,23): center_dist=138.607 broad_radius=51.190 [OK] BROAD-PHASE SEPARATED
  Pair (15,24): center_dist=181.340 broad_radius=46.921 [OK] BROAD-PHASE SEPARATED
  Pair (15,25): center_dist=146.332 broad_radius=39.449 [OK] BROAD-PHASE SEPARATED
  Pair (15,26): center_dist=108.796 broad_radius=46.971 [OK] BROAD-PHASE SEPARATED
  Pair (16,17): center_dist=179.854 broad_radius=66.994 [OK] BROAD-PHASE SEPARATED
  Pair (16,18): center_dist=119.064 broad_radius=72.886 [OK] BROAD-PHASE SEPARATED
  Pair (16,19): center_dist=139.856 broad_radius=62.362 [OK] BROAD-PHASE SEPARATED
  Pair (16,20): center_dist=84.437 broad_radius=77.036 [OK] BROAD-PHASE SEPARATED
  Pair (16,21): center_dist=163.648 broad_radius=57.342 [OK] BROAD-PHASE SEPARATED
  Pair (16,22): center_dist=177.140 broad_radius=55.136 [OK] BROAD-PHASE SEPARATED
  Pair (16,23): center_dist=188.633 broad_radius=45.275 [OK] BROAD-PHASE SEPARATED
  Pair (16,24): center_dist=251.081 broad_radius=41.007 [OK] BROAD-PHASE SEPARATED
  Pair (16,25): center_dist=203.246 broad_radius=33.534 [OK] BROAD-PHASE SEPARATED
  Pair (16,26): center_dist=43.100 broad_radius=41.057 [OK] BROAD-PHASE SEPARATED
  Pair (17,18): center_dist=165.174 broad_radius=74.081 [OK] BROAD-PHASE SEPARATED
  Pair (17,19): center_dist=196.596 broad_radius=63.557 [OK] BROAD-PHASE SEPARATED
  Pair (17,20): center_dist=163.374 broad_radius=78.231 [OK] BROAD-PHASE SEPARATED
  Pair (17,21): center_dist=100.001 broad_radius=58.537 [OK] BROAD-PHASE SEPARATED
  Pair (17,22): center_dist=103.743 broad_radius=56.331 [OK] BROAD-PHASE SEPARATED
  Pair (17,23): center_dist=85.860 broad_radius=46.470 [OK] BROAD-PHASE SEPARATED
  Pair (17,24): center_dist=88.266 broad_radius=42.202 [OK] BROAD-PHASE SEPARATED
  Pair (17,25): center_dist=40.504 broad_radius=34.729 [OK] BROAD-PHASE SEPARATED
  Pair (17,26): center_dist=204.091 broad_radius=42.252 [OK] BROAD-PHASE SEPARATED
  Pair (18,21): center_dist=158.759 broad_radius=64.428 [OK] BROAD-PHASE SEPARATED
  Pair (18,22): center_dist=106.550 broad_radius=62.223 [OK] BROAD-PHASE SEPARATED
  Pair (18,23): center_dist=121.950 broad_radius=52.362 [OK] BROAD-PHASE SEPARATED
  Pair (18,24): center_dist=199.826 broad_radius=48.093 [OK] BROAD-PHASE SEPARATED
  Pair (18,25): center_dist=168.717 broad_radius=40.621 [OK] BROAD-PHASE SEPARATED
  Pair (18,26): center_dist=112.864 broad_radius=48.144 [OK] BROAD-PHASE SEPARATED
  Pair (19,20): center_dist=95.143 broad_radius=73.599 [OK] BROAD-PHASE SEPARATED
  Pair (19,21): center_dist=156.886 broad_radius=53.905 [OK] BROAD-PHASE SEPARATED
  Pair (19,22): center_dist=116.403 broad_radius=51.699 [OK] BROAD-PHASE SEPARATED
  Pair (19,23): center_dist=140.823 broad_radius=41.838 [OK] BROAD-PHASE SEPARATED
  Pair (19,24): center_dist=235.166 broad_radius=37.569 [OK] BROAD-PHASE SEPARATED
  Pair (19,25): center_dist=192.430 broad_radius=30.097 [OK] BROAD-PHASE SEPARATED
  Pair (19,26): center_dist=115.993 broad_radius=37.620 [OK] BROAD-PHASE SEPARATED
  Pair (20,21): center_dist=166.485 broad_radius=68.579 [OK] BROAD-PHASE SEPARATED
  Pair (20,22): center_dist=132.840 broad_radius=66.373 [OK] BROAD-PHASE SEPARATED
  Pair (20,23): center_dist=143.762 broad_radius=56.512 [OK] BROAD-PHASE SEPARATED
  Pair (20,24): center_dist=209.051 broad_radius=52.243 [OK] BROAD-PHASE SEPARATED
  Pair (20,25): center_dist=177.415 broad_radius=44.771 [OK] BROAD-PHASE SEPARATED
  Pair (20,26): center_dist=89.462 broad_radius=52.294 [OK] BROAD-PHASE SEPARATED
  Pair (21,22): center_dist=92.790 broad_radius=46.679 [OK] BROAD-PHASE SEPARATED
  Pair (21,23): center_dist=99.934 broad_radius=36.818 [OK] BROAD-PHASE SEPARATED
  Pair (21,24): center_dist=168.159 broad_radius=32.549 [OK] BROAD-PHASE SEPARATED
  Pair (21,25): center_dist=94.678 broad_radius=25.077 [OK] BROAD-PHASE SEPARATED
  Pair (21,26): center_dist=170.475 broad_radius=32.600 [OK] BROAD-PHASE SEPARATED
  Pair (22,23): center_dist=27.443 broad_radius=34.612 min_nn=14.767 hits=0/139 hit_ratio=0.000 avg_depth=0.000 pair_pen=0.000 [OK] NARROW-PHASE CLEAR
  Pair (22,24): center_dist=128.146 broad_radius=30.344 [OK] BROAD-PHASE SEPARATED
  Pair (22,25): center_dist=83.720 broad_radius=22.871 [OK] BROAD-PHASE SEPARATED
  Pair (22,26): center_dist=179.642 broad_radius=30.394 [OK] BROAD-PHASE SEPARATED
  Pair (23,24): center_dist=100.720 broad_radius=20.483 [OK] BROAD-PHASE SEPARATED
  Pair (23,25): center_dist=62.309 broad_radius=13.010 [OK] BROAD-PHASE SEPARATED
  Pair (23,26): center_dist=196.489 broad_radius=20.533 [OK] BROAD-PHASE SEPARATED
  Pair (24,25): center_dist=74.034 broad_radius=8.742 [OK] BROAD-PHASE SEPARATED
  Pair (24,26): center_dist=271.926 broad_radius=16.264 [OK] BROAD-PHASE SEPARATED
  Pair (25,26): center_dist=220.957 broad_radius=8.792 [OK] BROAD-PHASE SEPARATED
  No active cloud collisions detected.

=== CONSENSUS SUPPORT DIAGNOSTICS [FINAL BEST] ===
  Active Spanning Tree Component: 27 shards.
  Shard 1 (Root Shard):
    Alternative Pair with Shard 10 (ACTIVE IN TREE) [SKIPPED]
    Alternative Pair with Shard 23 (ACTIVE IN TREE) [SKIPPED]
    Alternative Pair with Shard 24 (ACTIVE IN TREE) [SKIPPED]
    Alternative Pair with Shard 6 (NOT ACTIVE IN TREE):
      Candidate choice=1 inlier=30 | RotErr = 0.3733 rad (21.3912 deg) | TransErr = 18.64 mm [FAILS]
      Candidate choice=2 inlier=18 | RotErr = 3.0495 rad (174.7251 deg) | TransErr = 157.31 mm [FAILS]
      Candidate choice=3 inlier=30 | RotErr = 3.0369 rad (174.0036 deg) | TransErr = 89.40 mm [FAILS]
      Candidate choice=4 inlier=10 | RotErr = 3.0723 rad (176.0307 deg) | TransErr = 42.10 mm [FAILS]
    Alternative Pair with Shard 21 (NOT ACTIVE IN TREE):
      Candidate choice=1 inlier=57 | RotErr = 0.2651 rad (15.1912 deg) | TransErr = 65.01 mm [FAILS]
      Candidate choice=2 inlier=44 | RotErr = 0.1320 rad (7.5608 deg) | TransErr = 33.09 mm [FAILS]
    Alternative Pair with Shard 9 (NOT ACTIVE IN TREE):
      Candidate choice=1 inlier=8 | RotErr = 3.1408 rad (179.9567 deg) | TransErr = 147.85 mm [FAILS]
      Candidate choice=2 inlier=63 | RotErr = 2.7594 rad (158.0994 deg) | TransErr = 6.86 mm [FAILS]
      Candidate choice=3 inlier=32 | RotErr = 2.3123 rad (132.4869 deg) | TransErr = 65.94 mm [FAILS]
      Candidate choice=4 inlier=32 | RotErr = 2.9231 rad (167.4838 deg) | TransErr = 138.49 mm [FAILS]
      Candidate choice=5 inlier=84 | RotErr = 0.9798 rad (56.1367 deg) | TransErr = 30.93 mm [FAILS]
      Candidate choice=6 inlier=22 | RotErr = 0.4677 rad (26.7979 deg) | TransErr = 9.54 mm [FAILS]
    Alternative Pair with Shard 12 (NOT ACTIVE IN TREE):
      Candidate choice=1 inlier=30 | RotErr = 3.0247 rad (173.3024 deg) | TransErr = 133.29 mm [FAILS]
      Candidate choice=2 inlier=56 | RotErr = 1.3654 rad (78.2310 deg) | TransErr = 25.62 mm [FAILS]
      Candidate choice=3 inlier=4 | RotErr = 2.9646 rad (169.8600 deg) | TransErr = 98.83 mm [FAILS]
      Candidate choice=4 inlier=30 | RotErr = 3.0989 rad (177.5527 deg) | TransErr = 101.36 mm [FAILS]
      Candidate choice=5 inlier=70 | RotErr = 2.8515 rad (163.3814 deg) | TransErr = 24.44 mm [FAILS]
    Alternative Pair with Shard 19 (NOT ACTIVE IN TREE):
      Candidate choice=1 inlier=40 | RotErr = 0.6781 rad (38.8531 deg) | TransErr = 71.81 mm [FAILS]
      Candidate choice=2 inlier=89 | RotErr = 0.0707 rad (4.0514 deg) | TransErr = 4.50 mm [PASSES] -> Reward: +20.00
      Candidate choice=3 inlier=75 | RotErr = 0.2022 rad (11.5870 deg) | TransErr = 12.26 mm [FAILS]
      Candidate choice=4 inlier=14 | RotErr = 3.0765 rad (176.2701 deg) | TransErr = 143.44 mm [FAILS]
      Candidate choice=5 inlier=77 | RotErr = 1.2944 rad (74.1624 deg) | TransErr = 11.45 mm [FAILS]
      Candidate choice=6 inlier=61 | RotErr = 1.3108 rad (75.1015 deg) | TransErr = 30.45 mm [FAILS]
    Alternative Pair with Shard 2 (NOT ACTIVE IN TREE):
      Candidate choice=1 inlier=30 | RotErr = 0.9412 rad (53.9279 deg) | TransErr = 12.83 mm [FAILS]
      Candidate choice=2 inlier=32 | RotErr = 0.6640 rad (38.0442 deg) | TransErr = 34.14 mm [FAILS]
    Alternative Pair with Shard 5 (NOT ACTIVE IN TREE):
      Candidate choice=1 inlier=38 | RotErr = 2.0052 rad (114.8893 deg) | TransErr = 66.76 mm [FAILS]
      Candidate choice=2 inlier=48 | RotErr = 2.1067 rad (120.7055 deg) | TransErr = 28.85 mm [FAILS]
      Candidate choice=3 inlier=38 | RotErr = 3.0063 rad (172.2467 deg) | TransErr = 118.23 mm [FAILS]
      Candidate choice=4 inlier=50 | RotErr = 1.3897 rad (79.6227 deg) | TransErr = 30.36 mm [FAILS]
      Candidate choice=5 inlier=22 | RotErr = 3.1128 rad (178.3495 deg) | TransErr = 137.24 mm [FAILS]
      Candidate choice=6 inlier=20 | RotErr = 1.0431 rad (59.7660 deg) | TransErr = 62.60 mm [FAILS]
      Candidate choice=7 inlier=32 | RotErr = 0.7094 rad (40.6470 deg) | TransErr = 60.07 mm [FAILS]
      Candidate choice=8 inlier=84 | RotErr = 0.1574 rad (9.0167 deg) | TransErr = 2.05 mm [PASSES] -> Reward: +20.00
    Alternative Pair with Shard 7 (NOT ACTIVE IN TREE):
      Candidate choice=1 inlier=0 | RotErr = 3.0478 rad (174.6257 deg) | TransErr = 53.17 mm [FAILS]
      Candidate choice=2 inlier=38 | RotErr = 2.8284 rad (162.0543 deg) | TransErr = 80.01 mm [FAILS]
      Candidate choice=3 inlier=36 | RotErr = 1.5571 rad (89.2146 deg) | TransErr = 7.40 mm [FAILS]
      Candidate choice=4 inlier=38 | RotErr = 0.9947 rad (56.9944 deg) | TransErr = 21.69 mm [FAILS]
      Candidate choice=5 inlier=26 | RotErr = 0.8952 rad (51.2938 deg) | TransErr = 107.91 mm [FAILS]
    Alternative Pair with Shard 15 (NOT ACTIVE IN TREE):
      Candidate choice=1 inlier=36 | RotErr = 2.6024 rad (149.1047 deg) | TransErr = 10.52 mm [FAILS]
      Candidate choice=2 inlier=44 | RotErr = 3.1192 rad (178.7164 deg) | TransErr = 48.00 mm [FAILS]
      Candidate choice=3 inlier=36 | RotErr = 2.5424 rad (145.6678 deg) | TransErr = 84.74 mm [FAILS]
      Candidate choice=4 inlier=40 | RotErr = 1.8822 rad (107.8407 deg) | TransErr = 29.44 mm [FAILS]
      Candidate choice=5 inlier=32 | RotErr = 1.7374 rad (99.5436 deg) | TransErr = 7.68 mm [FAILS]
    Alternative Pair with Shard 22 (NOT ACTIVE IN TREE):
      Candidate choice=1 inlier=36 | RotErr = 2.5468 rad (145.9218 deg) | TransErr = 8.20 mm [FAILS]
      Candidate choice=2 inlier=55 | RotErr = 1.2801 rad (73.3431 deg) | TransErr = 35.66 mm [FAILS]
    Alternative Pair with Shard 3 (NOT ACTIVE IN TREE):
      Candidate choice=1 inlier=38 | RotErr = 1.4720 rad (84.3374 deg) | TransErr = 32.59 mm [FAILS]
      Candidate choice=2 inlier=52 | RotErr = 3.0603 rad (175.3414 deg) | TransErr = 121.54 mm [FAILS]
      Candidate choice=3 inlier=40 | RotErr = 2.8331 rad (162.3241 deg) | TransErr = 40.36 mm [FAILS]
    Alternative Pair with Shard 20 (NOT ACTIVE IN TREE):
      Candidate choice=1 inlier=36 | RotErr = 3.0797 rad (176.4542 deg) | TransErr = 116.83 mm [FAILS]
      Candidate choice=2 inlier=38 | RotErr = 0.2042 rad (11.6992 deg) | TransErr = 15.16 mm [FAILS]
      Candidate choice=3 inlier=40 | RotErr = 2.9929 rad (171.4801 deg) | TransErr = 142.26 mm [FAILS]
      Candidate choice=4 inlier=38 | RotErr = 3.1245 rad (179.0213 deg) | TransErr = 91.54 mm [FAILS]
    Alternative Pair with Shard 25 (NOT ACTIVE IN TREE):
      [No match candidates found]
    Alternative Pair with Shard 26 (NOT ACTIVE IN TREE):
      Candidate choice=1 inlier=49 | RotErr = 2.7076 rad (155.1368 deg) | TransErr = 17.32 mm [FAILS]
      Candidate choice=2 inlier=20 | RotErr = 2.2893 rad (131.1680 deg) | TransErr = 112.03 mm [FAILS]
      Candidate choice=3 inlier=26 | RotErr = 2.7010 rad (154.7538 deg) | TransErr = 45.54 mm [FAILS]
      Candidate choice=4 inlier=41 | RotErr = 1.5224 rad (87.2298 deg) | TransErr = 18.96 mm [FAILS]
      Candidate choice=5 inlier=36 | RotErr = 2.6707 rad (153.0184 deg) | TransErr = 65.87 mm [FAILS]
    Alternative Pair with Shard 11 (NOT ACTIVE IN TREE):
      Candidate choice=1 inlier=0 | RotErr = 0.4666 rad (26.7317 deg) | TransErr = 207.21 mm [FAILS]
      Candidate choice=2 inlier=30 | RotErr = 3.0404 rad (174.2036 deg) | TransErr = 133.27 mm [FAILS]
      Candidate choice=3 inlier=22 | RotErr = 3.0100 rad (172.4599 deg) | TransErr = 85.64 mm [FAILS]
    Alternative Pair with Shard 18 (NOT ACTIVE IN TREE):
      Candidate choice=1 inlier=46 | RotErr = 2.3889 rad (136.8719 deg) | TransErr = 9.27 mm [FAILS]
      Candidate choice=2 inlier=46 | RotErr = 2.8336 rad (162.3554 deg) | TransErr = 72.27 mm [FAILS]
      Candidate choice=3 inlier=28 | RotErr = 2.8193 rad (161.5336 deg) | TransErr = 58.23 mm [FAILS]
      Candidate choice=4 inlier=14 | RotErr = 1.8645 rad (106.8303 deg) | TransErr = 123.40 mm [FAILS]
      Candidate choice=5 inlier=50 | RotErr = 1.8053 rad (103.4344 deg) | TransErr = 22.84 mm [FAILS]
    Alternative Pair with Shard 8 (NOT ACTIVE IN TREE):
      Candidate choice=1 inlier=42 | RotErr = 2.4287 rad (139.1525 deg) | TransErr = 66.53 mm [FAILS]
      Candidate choice=2 inlier=16 | RotErr = 2.9734 rad (170.3649 deg) | TransErr = 54.72 mm [FAILS]
      Candidate choice=3 inlier=36 | RotErr = 2.6216 rad (150.2063 deg) | TransErr = 25.74 mm [FAILS]
      Candidate choice=4 inlier=28 | RotErr = 3.0037 rad (172.0993 deg) | TransErr = 146.17 mm [FAILS]
      Candidate choice=5 inlier=42 | RotErr = 2.8553 rad (163.5968 deg) | TransErr = 22.07 mm [FAILS]
      Candidate choice=6 inlier=24 | RotErr = 1.5521 rad (88.9309 deg) | TransErr = 15.03 mm [FAILS]
    Alternative Pair with Shard 14 (NOT ACTIVE IN TREE):
      [No match candidates found]
    Alternative Pair with Shard 16 (NOT ACTIVE IN TREE):
      Candidate choice=1 inlier=32 | RotErr = 0.8759 rad (50.1882 deg) | TransErr = 26.39 mm [FAILS]
      Candidate choice=2 inlier=55 | RotErr = 1.6025 rad (91.8179 deg) | TransErr = 25.59 mm [FAILS]
    Alternative Pair with Shard 4 (NOT ACTIVE IN TREE):
      [No match candidates found]
    Alternative Pair with Shard 13 (NOT ACTIVE IN TREE):
      Candidate choice=1 inlier=0 | RotErr = 0.3110 rad (17.8165 deg) | TransErr = 102.47 mm [FAILS]
      Candidate choice=2 inlier=22 | RotErr = 2.8797 rad (164.9950 deg) | TransErr = 126.31 mm [FAILS]
    Alternative Pair with Shard 17 (NOT ACTIVE IN TREE):
      [No match candidates found]
    Alternative Pair with Shard 27 (NOT ACTIVE IN TREE):
      [No match candidates found]
  Shard 10 (placed by parent 1):
    Alternative Pair with Shard 1 (ACTIVE IN TREE) [SKIPPED]
    Alternative Pair with Shard 23 (NOT ACTIVE IN TREE):
      [No match candidates found]
    Alternative Pair with Shard 24 (NOT ACTIVE IN TREE):
      Candidate choice=1 inlier=38 | RotErr = 2.6748 rad (153.2519 deg) | TransErr = 78.74 mm [FAILS]
      Candidate choice=2 inlier=22 | RotErr = 2.3275 rad (133.3548 deg) | TransErr = 113.94 mm [FAILS]
    Alternative Pair with Shard 6 (ACTIVE IN TREE) [SKIPPED]
    Alternative Pair with Shard 21 (ACTIVE IN TREE) [SKIPPED]
    Alternative Pair with Shard 9 (NOT ACTIVE IN TREE):
      Candidate choice=1 inlier=0 | RotErr = 3.0321 rad (173.7252 deg) | TransErr = 18.87 mm [FAILS]
      Candidate choice=2 inlier=42 | RotErr = 2.4932 rad (142.8496 deg) | TransErr = 20.94 mm [FAILS]
      Candidate choice=3 inlier=32 | RotErr = 2.9958 rad (171.6458 deg) | TransErr = 118.65 mm [FAILS]
      Candidate choice=4 inlier=56 | RotErr = 1.9648 rad (112.5769 deg) | TransErr = 42.79 mm [FAILS]
      Candidate choice=5 inlier=38 | RotErr = 1.9719 rad (112.9821 deg) | TransErr = 79.60 mm [FAILS]
    Alternative Pair with Shard 12 (NOT ACTIVE IN TREE):
      Candidate choice=1 inlier=22 | RotErr = 3.0569 rad (175.1451 deg) | TransErr = 152.24 mm [FAILS]
      Candidate choice=2 inlier=68 | RotErr = 0.2720 rad (15.5828 deg) | TransErr = 15.16 mm [FAILS]
      Candidate choice=3 inlier=38 | RotErr = 2.3357 rad (133.8268 deg) | TransErr = 33.05 mm [FAILS]
      Candidate choice=4 inlier=56 | RotErr = 2.4006 rad (137.5451 deg) | TransErr = 9.25 mm [FAILS]
      Candidate choice=5 inlier=38 | RotErr = 2.9914 rad (171.3959 deg) | TransErr = 82.94 mm [FAILS]
    Alternative Pair with Shard 19 (NOT ACTIVE IN TREE):
      Candidate choice=1 inlier=24 | RotErr = 1.6771 rad (96.0880 deg) | TransErr = 76.15 mm [FAILS]
      Candidate choice=2 inlier=42 | RotErr = 1.3913 rad (79.7142 deg) | TransErr = 39.46 mm [FAILS]
      Candidate choice=3 inlier=20 | RotErr = 1.2561 rad (71.9688 deg) | TransErr = 8.96 mm [FAILS]
      Candidate choice=4 inlier=50 | RotErr = 0.3284 rad (18.8173 deg) | TransErr = 65.04 mm [FAILS]
      Candidate choice=5 inlier=18 | RotErr = 0.4020 rad (23.0321 deg) | TransErr = 108.05 mm [FAILS]
    Alternative Pair with Shard 2 (NOT ACTIVE IN TREE):
      Candidate choice=1 inlier=28 | RotErr = 3.1212 rad (178.8322 deg) | TransErr = 133.77 mm [FAILS]
    Alternative Pair with Shard 5 (NOT ACTIVE IN TREE):
      Candidate choice=1 inlier=50 | RotErr = 0.9981 rad (57.1879 deg) | TransErr = 40.45 mm [FAILS]
      Candidate choice=2 inlier=30 | RotErr = 0.9457 rad (54.1858 deg) | TransErr = 79.65 mm [FAILS]
      Candidate choice=3 inlier=42 | RotErr = 3.0820 rad (176.5857 deg) | TransErr = 71.80 mm [FAILS]
      Candidate choice=4 inlier=58 | RotErr = 2.8132 rad (161.1831 deg) | TransErr = 21.62 mm [FAILS]
      Candidate choice=5 inlier=28 | RotErr = 2.9984 rad (171.7954 deg) | TransErr = 39.75 mm [FAILS]
    Alternative Pair with Shard 7 (NOT ACTIVE IN TREE):
      Candidate choice=1 inlier=30 | RotErr = 2.5175 rad (144.2434 deg) | TransErr = 23.50 mm [FAILS]
      Candidate choice=2 inlier=26 | RotErr = 3.0781 rad (176.3639 deg) | TransErr = 43.65 mm [FAILS]
      Candidate choice=3 inlier=24 | RotErr = 3.0713 rad (175.9705 deg) | TransErr = 28.95 mm [FAILS]
      Candidate choice=4 inlier=12 | RotErr = 2.8028 rad (160.5878 deg) | TransErr = 127.38 mm [FAILS]
    Alternative Pair with Shard 15 (NOT ACTIVE IN TREE):
      Candidate choice=1 inlier=38 | RotErr = 1.5841 rad (90.7609 deg) | TransErr = 26.91 mm [FAILS]
      Candidate choice=2 inlier=50 | RotErr = 1.8219 rad (104.3879 deg) | TransErr = 14.89 mm [FAILS]
      Candidate choice=3 inlier=28 | RotErr = 2.7599 rad (158.1313 deg) | TransErr = 18.87 mm [FAILS]
    Alternative Pair with Shard 22 (NOT ACTIVE IN TREE):
      Candidate choice=1 inlier=0 | RotErr = 3.0282 rad (173.5019 deg) | TransErr = 28.86 mm [FAILS]
      Candidate choice=2 inlier=40 | RotErr = 2.6643 rad (152.6555 deg) | TransErr = 17.84 mm [FAILS]
      Candidate choice=3 inlier=65 | RotErr = 2.9201 rad (167.3074 deg) | TransErr = 3.32 mm [FAILS]
      Candidate choice=4 inlier=28 | RotErr = 2.3159 rad (132.6921 deg) | TransErr = 50.92 mm [FAILS]
      Candidate choice=5 inlier=22 | RotErr = 2.2257 rad (127.5240 deg) | TransErr = 91.94 mm [FAILS]
    Alternative Pair with Shard 3 (NOT ACTIVE IN TREE):
      Candidate choice=1 inlier=40 | RotErr = 0.5181 rad (29.6824 deg) | TransErr = 26.14 mm [FAILS]
      Candidate choice=2 inlier=40 | RotErr = 2.1583 rad (123.6621 deg) | TransErr = 45.60 mm [FAILS]
      Candidate choice=3 inlier=12 | RotErr = 3.1275 rad (179.1912 deg) | TransErr = 50.17 mm [FAILS]
    Alternative Pair with Shard 20 (NOT ACTIVE IN TREE):
      Candidate choice=1 inlier=20 | RotErr = 2.0531 rad (117.6323 deg) | TransErr = 130.42 mm [FAILS]
      Candidate choice=2 inlier=22 | RotErr = 3.0840 rad (176.6996 deg) | TransErr = 66.74 mm [FAILS]
    Alternative Pair with Shard 25 (NOT ACTIVE IN TREE):
      [No match candidates found]
    Alternative Pair with Shard 26 (NOT ACTIVE IN TREE):
      Candidate choice=1 inlier=30 | RotErr = 2.6701 rad (152.9850 deg) | TransErr = 32.72 mm [FAILS]
      Candidate choice=2 inlier=43 | RotErr = 2.7063 rad (155.0617 deg) | TransErr = 6.59 mm [FAILS]
      Candidate choice=3 inlier=28 | RotErr = 2.8468 rad (163.1070 deg) | TransErr = 19.37 mm [FAILS]
    Alternative Pair with Shard 11 (NOT ACTIVE IN TREE):
      [No match candidates found]
    Alternative Pair with Shard 18 (NOT ACTIVE IN TREE):
      Candidate choice=1 inlier=0 | RotErr = 1.9304 rad (110.6013 deg) | TransErr = 34.66 mm [FAILS]
      Candidate choice=2 inlier=44 | RotErr = 2.9320 rad (167.9919 deg) | TransErr = 82.23 mm [FAILS]
      Candidate choice=3 inlier=40 | RotErr = 2.9176 rad (167.1664 deg) | TransErr = 37.79 mm [FAILS]
      Candidate choice=4 inlier=0 | RotErr = 3.0742 rad (176.1397 deg) | TransErr = 15.19 mm [FAILS]
    Alternative Pair with Shard 8 (NOT ACTIVE IN TREE):
      Candidate choice=1 inlier=24 | RotErr = 2.5975 rad (148.8272 deg) | TransErr = 106.66 mm [FAILS]
      Candidate choice=2 inlier=20 | RotErr = 3.1180 rad (178.6503 deg) | TransErr = 48.52 mm [FAILS]
      Candidate choice=3 inlier=24 | RotErr = 3.0348 rad (173.8832 deg) | TransErr = 134.68 mm [FAILS]
      Candidate choice=4 inlier=22 | RotErr = 1.4867 rad (85.1836 deg) | TransErr = 129.81 mm [FAILS]
      Candidate choice=5 inlier=12 | RotErr = 3.0097 rad (172.4439 deg) | TransErr = 41.52 mm [FAILS]
    Alternative Pair with Shard 14 (NOT ACTIVE IN TREE):
      [No match candidates found]
    Alternative Pair with Shard 16 (NOT ACTIVE IN TREE):
      Candidate choice=1 inlier=0 | RotErr = 0.5436 rad (31.1461 deg) | TransErr = 93.08 mm [FAILS]
      Candidate choice=2 inlier=57 | RotErr = 0.0799 rad (4.5804 deg) | TransErr = 34.48 mm [FAILS]
      Candidate choice=3 inlier=38 | RotErr = 0.5032 rad (28.8307 deg) | TransErr = 26.25 mm [FAILS]
      Candidate choice=4 inlier=51 | RotErr = 1.1123 rad (63.7279 deg) | TransErr = 17.99 mm [FAILS]
      Candidate choice=5 inlier=46 | RotErr = 1.2783 rad (73.2410 deg) | TransErr = 1.70 mm [FAILS]
    Alternative Pair with Shard 4 (NOT ACTIVE IN TREE):
      [No match candidates found]
    Alternative Pair with Shard 13 (NOT ACTIVE IN TREE):
      Candidate choice=1 inlier=28 | RotErr = 2.8819 rad (165.1190 deg) | TransErr = 142.38 mm [FAILS]
    Alternative Pair with Shard 17 (NOT ACTIVE IN TREE):
      [No match candidates found]
    Alternative Pair with Shard 27 (NOT ACTIVE IN TREE):
      [No match candidates found]
  Shard 23 (placed by parent 1):
    Alternative Pair with Shard 1 (ACTIVE IN TREE) [SKIPPED]
    Alternative Pair with Shard 10 (NOT ACTIVE IN TREE):
      [No match candidates found]
    Alternative Pair with Shard 24 (NOT ACTIVE IN TREE):
      Candidate choice=1 inlier=26 | RotErr = 0.7777 rad (44.5581 deg) | TransErr = 18.74 mm [FAILS]
      Candidate choice=2 inlier=46 | RotErr = 0.1064 rad (6.0962 deg) | TransErr = 6.57 mm [PASSES] -> Reward: +20.00
    Alternative Pair with Shard 6 (NOT ACTIVE IN TREE):
      Candidate choice=1 inlier=43 | RotErr = 2.9971 rad (171.7188 deg) | TransErr = 69.87 mm [FAILS]
      Candidate choice=2 inlier=24 | RotErr = 2.8524 rad (163.4315 deg) | TransErr = 58.87 mm [FAILS]
    Alternative Pair with Shard 21 (NOT ACTIVE IN TREE):
      [No match candidates found]
    Alternative Pair with Shard 9 (NOT ACTIVE IN TREE):
      Candidate choice=1 inlier=40 | RotErr = 1.6679 rad (95.5657 deg) | TransErr = 17.77 mm [FAILS]
      Candidate choice=2 inlier=0 | RotErr = 2.9848 rad (171.0185 deg) | TransErr = 113.46 mm [FAILS]
      Candidate choice=3 inlier=30 | RotErr = 0.1181 rad (6.7683 deg) | TransErr = 11.64 mm [FAILS]
    Alternative Pair with Shard 12 (NOT ACTIVE IN TREE):
      Candidate choice=1 inlier=26 | RotErr = 2.9936 rad (171.5219 deg) | TransErr = 93.48 mm [FAILS]
    Alternative Pair with Shard 19 (NOT ACTIVE IN TREE):
      Candidate choice=1 inlier=36 | RotErr = 0.6167 rad (35.3344 deg) | TransErr = 55.62 mm [FAILS]
    Alternative Pair with Shard 2 (NOT ACTIVE IN TREE):
      Candidate choice=1 inlier=30 | RotErr = 2.7941 rad (160.0927 deg) | TransErr = 58.75 mm [FAILS]
      Candidate choice=2 inlier=34 | RotErr = 1.6781 rad (96.1481 deg) | TransErr = 77.71 mm [FAILS]
      Candidate choice=3 inlier=49 | RotErr = 2.9046 rad (166.4237 deg) | TransErr = 63.17 mm [FAILS]
    Alternative Pair with Shard 5 (NOT ACTIVE IN TREE):
      Candidate choice=1 inlier=40 | RotErr = 0.2891 rad (16.5652 deg) | TransErr = 6.69 mm [FAILS]
      Candidate choice=2 inlier=45 | RotErr = 0.4313 rad (24.7115 deg) | TransErr = 5.42 mm [FAILS]
      Candidate choice=3 inlier=28 | RotErr = 1.0099 rad (57.8603 deg) | TransErr = 53.57 mm [FAILS]
    Alternative Pair with Shard 7 (NOT ACTIVE IN TREE):
      Candidate choice=1 inlier=32 | RotErr = 3.0013 rad (171.9591 deg) | TransErr = 93.21 mm [FAILS]
      Candidate choice=2 inlier=30 | RotErr = 0.6412 rad (36.7406 deg) | TransErr = 57.27 mm [FAILS]
    Alternative Pair with Shard 15 (NOT ACTIVE IN TREE):
      Candidate choice=1 inlier=10 | RotErr = 1.7990 rad (103.0744 deg) | TransErr = 20.55 mm [FAILS]
    Alternative Pair with Shard 22 (NOT ACTIVE IN TREE):
      [No match candidates found]
    Alternative Pair with Shard 3 (NOT ACTIVE IN TREE):
      Candidate choice=1 inlier=16 | RotErr = 2.9382 rad (168.3459 deg) | TransErr = 12.78 mm [FAILS]
      Candidate choice=2 inlier=38 | RotErr = 2.9096 rad (166.7077 deg) | TransErr = 96.44 mm [FAILS]
    Alternative Pair with Shard 20 (NOT ACTIVE IN TREE):
      Candidate choice=1 inlier=22 | RotErr = 3.0730 rad (176.0702 deg) | TransErr = 108.17 mm [FAILS]
      Candidate choice=2 inlier=30 | RotErr = 3.0213 rad (173.1072 deg) | TransErr = 106.51 mm [FAILS]
      Candidate choice=3 inlier=28 | RotErr = 2.8824 rad (165.1466 deg) | TransErr = 94.61 mm [FAILS]
      Candidate choice=4 inlier=40 | RotErr = 0.8278 rad (47.4268 deg) | TransErr = 68.54 mm [FAILS]
    Alternative Pair with Shard 25 (NOT ACTIVE IN TREE):
      [No match candidates found]
    Alternative Pair with Shard 26 (NOT ACTIVE IN TREE):
      [No match candidates found]
    Alternative Pair with Shard 11 (NOT ACTIVE IN TREE):
      Candidate choice=1 inlier=28 | RotErr = 2.9662 rad (169.9516 deg) | TransErr = 88.39 mm [FAILS]
    Alternative Pair with Shard 18 (NOT ACTIVE IN TREE):
      Candidate choice=1 inlier=45 | RotErr = 2.6992 rad (154.6504 deg) | TransErr = 83.37 mm [FAILS]
      Candidate choice=2 inlier=26 | RotErr = 0.8814 rad (50.5015 deg) | TransErr = 34.46 mm [FAILS]
    Alternative Pair with Shard 8 (NOT ACTIVE IN TREE):
      Candidate choice=1 inlier=32 | RotErr = 2.9599 rad (169.5920 deg) | TransErr = 104.72 mm [FAILS]
      Candidate choice=2 inlier=45 | RotErr = 3.1293 rad (179.2936 deg) | TransErr = 103.85 mm [FAILS]
      Candidate choice=3 inlier=28 | RotErr = 2.7730 rad (158.8832 deg) | TransErr = 57.07 mm [FAILS]
      Candidate choice=4 inlier=40 | RotErr = 2.3125 rad (132.4981 deg) | TransErr = 36.07 mm [FAILS]
      Candidate choice=5 inlier=57 | RotErr = 1.5742 rad (90.1955 deg) | TransErr = 42.93 mm [FAILS]
      Candidate choice=6 inlier=40 | RotErr = 1.2265 rad (70.2713 deg) | TransErr = 44.70 mm [FAILS]
    Alternative Pair with Shard 14 (NOT ACTIVE IN TREE):
      Candidate choice=1 inlier=0 | RotErr = 2.2442 rad (128.5808 deg) | TransErr = 180.26 mm [FAILS]
      Candidate choice=2 inlier=14 | RotErr = 3.0414 rad (174.2594 deg) | TransErr = 89.51 mm [FAILS]
    Alternative Pair with Shard 16 (NOT ACTIVE IN TREE):
      [No match candidates found]
    Alternative Pair with Shard 4 (NOT ACTIVE IN TREE):
      [No match candidates found]
    Alternative Pair with Shard 13 (NOT ACTIVE IN TREE):
      Candidate choice=1 inlier=58 | RotErr = 2.9878 rad (171.1868 deg) | TransErr = 62.61 mm [FAILS]
    Alternative Pair with Shard 17 (NOT ACTIVE IN TREE):
      [No match candidates found]
    Alternative Pair with Shard 27 (NOT ACTIVE IN TREE):
      [No match candidates found]
  Shard 24 (placed by parent 1):
    Alternative Pair with Shard 1 (ACTIVE IN TREE) [SKIPPED]
    Alternative Pair with Shard 10 (NOT ACTIVE IN TREE):
      Candidate choice=1 inlier=38 | RotErr = 2.6748 rad (153.2519 deg) | TransErr = 78.74 mm [FAILS]
      Candidate choice=2 inlier=22 | RotErr = 2.3275 rad (133.3548 deg) | TransErr = 113.94 mm [FAILS]
    Alternative Pair with Shard 23 (NOT ACTIVE IN TREE):
      Candidate choice=1 inlier=26 | RotErr = 0.7777 rad (44.5581 deg) | TransErr = 18.74 mm [FAILS]
      Candidate choice=2 inlier=46 | RotErr = 0.1064 rad (6.0962 deg) | TransErr = 6.57 mm [PASSES] -> Reward: +20.00
    Alternative Pair with Shard 6 (NOT ACTIVE IN TREE):
      Candidate choice=1 inlier=32 | RotErr = 1.4189 rad (81.2978 deg) | TransErr = 37.38 mm [FAILS]
      Candidate choice=2 inlier=18 | RotErr = 2.3288 rad (133.4291 deg) | TransErr = 71.84 mm [FAILS]
      Candidate choice=3 inlier=38 | RotErr = 2.8319 rad (162.2546 deg) | TransErr = 83.74 mm [FAILS]
    Alternative Pair with Shard 21 (NOT ACTIVE IN TREE):
      [No match candidates found]
    Alternative Pair with Shard 9 (ACTIVE IN TREE) [SKIPPED]
    Alternative Pair with Shard 12 (NOT ACTIVE IN TREE):
      Candidate choice=1 inlier=28 | RotErr = 2.7754 rad (159.0168 deg) | TransErr = 86.33 mm [FAILS]
    Alternative Pair with Shard 19 (NOT ACTIVE IN TREE):
      [No match candidates found]
    Alternative Pair with Shard 2 (NOT ACTIVE IN TREE):
      Candidate choice=1 inlier=24 | RotErr = 2.7408 rad (157.0364 deg) | TransErr = 91.48 mm [FAILS]
    Alternative Pair with Shard 5 (NOT ACTIVE IN TREE):
      [No match candidates found]
    Alternative Pair with Shard 7 (NOT ACTIVE IN TREE):
      Candidate choice=1 inlier=34 | RotErr = 0.7708 rad (44.1645 deg) | TransErr = 72.83 mm [FAILS]
    Alternative Pair with Shard 15 (NOT ACTIVE IN TREE):
      [No match candidates found]
    Alternative Pair with Shard 22 (NOT ACTIVE IN TREE):
      [No match candidates found]
    Alternative Pair with Shard 3 (NOT ACTIVE IN TREE):
      [No match candidates found]
    Alternative Pair with Shard 20 (NOT ACTIVE IN TREE):
      Candidate choice=1 inlier=26 | RotErr = 2.9247 rad (167.5709 deg) | TransErr = 92.12 mm [FAILS]
    Alternative Pair with Shard 25 (NOT ACTIVE IN TREE):
      [No match candidates found]
    Alternative Pair with Shard 26 (NOT ACTIVE IN TREE):
      [No match candidates found]
    Alternative Pair with Shard 11 (NOT ACTIVE IN TREE):
      [No match candidates found]
    Alternative Pair with Shard 18 (NOT ACTIVE IN TREE):
      Candidate choice=1 inlier=51 | RotErr = 2.7829 rad (159.4492 deg) | TransErr = 9.29 mm [FAILS]
      Candidate choice=2 inlier=26 | RotErr = 2.6784 rad (153.4638 deg) | TransErr = 75.50 mm [FAILS]
    Alternative Pair with Shard 8 (NOT ACTIVE IN TREE):
      Candidate choice=1 inlier=24 | RotErr = 2.6404 rad (151.2857 deg) | TransErr = 97.87 mm [FAILS]
    Alternative Pair with Shard 14 (NOT ACTIVE IN TREE):
      [No match candidates found]
    Alternative Pair with Shard 16 (NOT ACTIVE IN TREE):
      [No match candidates found]
    Alternative Pair with Shard 4 (NOT ACTIVE IN TREE):
      [No match candidates found]
    Alternative Pair with Shard 13 (NOT ACTIVE IN TREE):
      [No match candidates found]
    Alternative Pair with Shard 17 (NOT ACTIVE IN TREE):
      [No match candidates found]
    Alternative Pair with Shard 27 (NOT ACTIVE IN TREE):
      [No match candidates found]
  Shard 6 (placed by parent 10):
    Alternative Pair with Shard 1 (NOT ACTIVE IN TREE):
      Candidate choice=1 inlier=30 | RotErr = 0.3733 rad (21.3912 deg) | TransErr = 18.64 mm [FAILS]
      Candidate choice=2 inlier=18 | RotErr = 3.0495 rad (174.7251 deg) | TransErr = 157.31 mm [FAILS]
      Candidate choice=3 inlier=30 | RotErr = 3.0369 rad (174.0036 deg) | TransErr = 89.40 mm [FAILS]
      Candidate choice=4 inlier=10 | RotErr = 3.0723 rad (176.0307 deg) | TransErr = 42.10 mm [FAILS]
    Alternative Pair with Shard 10 (ACTIVE IN TREE) [SKIPPED]
    Alternative Pair with Shard 23 (NOT ACTIVE IN TREE):
      Candidate choice=1 inlier=43 | RotErr = 2.9971 rad (171.7188 deg) | TransErr = 69.87 mm [FAILS]
      Candidate choice=2 inlier=24 | RotErr = 2.8524 rad (163.4315 deg) | TransErr = 58.87 mm [FAILS]
    Alternative Pair with Shard 24 (NOT ACTIVE IN TREE):
      Candidate choice=1 inlier=32 | RotErr = 1.4189 rad (81.2978 deg) | TransErr = 37.38 mm [FAILS]
      Candidate choice=2 inlier=18 | RotErr = 2.3288 rad (133.4291 deg) | TransErr = 71.84 mm [FAILS]
      Candidate choice=3 inlier=38 | RotErr = 2.8319 rad (162.2546 deg) | TransErr = 83.74 mm [FAILS]
    Alternative Pair with Shard 21 (NOT ACTIVE IN TREE):
      Candidate choice=1 inlier=34 | RotErr = 1.7443 rad (99.9405 deg) | TransErr = 164.61 mm [FAILS]
      Candidate choice=2 inlier=10 | RotErr = 3.0617 rad (175.4216 deg) | TransErr = 31.00 mm [FAILS]
    Alternative Pair with Shard 9 (NOT ACTIVE IN TREE):
      Candidate choice=1 inlier=20 | RotErr = 1.6080 rad (92.1299 deg) | TransErr = 62.56 mm [FAILS]
      Candidate choice=2 inlier=22 | RotErr = 1.5181 rad (86.9827 deg) | TransErr = 99.57 mm [FAILS]
      Candidate choice=3 inlier=32 | RotErr = 1.9896 rad (113.9932 deg) | TransErr = 155.86 mm [FAILS]
    Alternative Pair with Shard 12 (ACTIVE IN TREE) [SKIPPED]
    Alternative Pair with Shard 19 (NOT ACTIVE IN TREE):
      Candidate choice=1 inlier=20 | RotErr = 3.0941 rad (177.2803 deg) | TransErr = 27.90 mm [FAILS]
    Alternative Pair with Shard 2 (NOT ACTIVE IN TREE):
      Candidate choice=1 inlier=48 | RotErr = 0.9597 rad (54.9847 deg) | TransErr = 5.77 mm [FAILS]
      Candidate choice=2 inlier=28 | RotErr = 3.0500 rad (174.7521 deg) | TransErr = 174.62 mm [FAILS]
      Candidate choice=3 inlier=42 | RotErr = 0.8682 rad (49.7469 deg) | TransErr = 22.32 mm [FAILS]
    Alternative Pair with Shard 5 (NOT ACTIVE IN TREE):
      Candidate choice=1 inlier=26 | RotErr = 3.0329 rad (173.7703 deg) | TransErr = 23.97 mm [FAILS]
      Candidate choice=2 inlier=28 | RotErr = 2.2718 rad (130.1664 deg) | TransErr = 159.82 mm [FAILS]
      Candidate choice=3 inlier=8 | RotErr = 2.2736 rad (130.2679 deg) | TransErr = 113.70 mm [FAILS]
    Alternative Pair with Shard 7 (NOT ACTIVE IN TREE):
      Candidate choice=1 inlier=24 | RotErr = 2.0082 rad (115.0634 deg) | TransErr = 162.43 mm [FAILS]
      Candidate choice=2 inlier=18 | RotErr = 2.8781 rad (164.9004 deg) | TransErr = 21.60 mm [FAILS]
      Candidate choice=3 inlier=26 | RotErr = 3.0978 rad (177.4898 deg) | TransErr = 34.78 mm [FAILS]
      Candidate choice=4 inlier=0 | RotErr = 1.3557 rad (77.6764 deg) | TransErr = 174.54 mm [FAILS]
    Alternative Pair with Shard 15 (NOT ACTIVE IN TREE):
      Candidate choice=1 inlier=24 | RotErr = 0.6547 rad (37.5120 deg) | TransErr = 105.10 mm [FAILS]
    Alternative Pair with Shard 22 (NOT ACTIVE IN TREE):
      [No match candidates found]
    Alternative Pair with Shard 3 (NOT ACTIVE IN TREE):
      Candidate choice=1 inlier=34 | RotErr = 2.9241 rad (167.5374 deg) | TransErr = 35.73 mm [FAILS]
    Alternative Pair with Shard 20 (NOT ACTIVE IN TREE):
      [No match candidates found]
    Alternative Pair with Shard 25 (NOT ACTIVE IN TREE):
      [No match candidates found]
    Alternative Pair with Shard 26 (NOT ACTIVE IN TREE):
      Candidate choice=1 inlier=18 | RotErr = 1.5239 rad (87.3110 deg) | TransErr = 57.41 mm [FAILS]
      Candidate choice=2 inlier=24 | RotErr = 3.0344 rad (173.8574 deg) | TransErr = 111.49 mm [FAILS]
    Alternative Pair with Shard 11 (NOT ACTIVE IN TREE):
      Candidate choice=1 inlier=0 | RotErr = 1.3300 rad (76.2037 deg) | TransErr = 261.52 mm [FAILS]
      Candidate choice=2 inlier=24 | RotErr = 3.0573 rad (175.1712 deg) | TransErr = 13.45 mm [FAILS]
    Alternative Pair with Shard 18 (NOT ACTIVE IN TREE):
      Candidate choice=1 inlier=36 | RotErr = 3.0246 rad (173.2978 deg) | TransErr = 143.06 mm [FAILS]
      Candidate choice=2 inlier=32 | RotErr = 3.1202 rad (178.7767 deg) | TransErr = 16.82 mm [FAILS]
      Candidate choice=3 inlier=22 | RotErr = 3.1169 rad (178.5865 deg) | TransErr = 146.76 mm [FAILS]
      Candidate choice=4 inlier=20 | RotErr = 0.5053 rad (28.9507 deg) | TransErr = 59.70 mm [FAILS]
    Alternative Pair with Shard 8 (NOT ACTIVE IN TREE):
      Candidate choice=1 inlier=26 | RotErr = 3.0584 rad (175.2310 deg) | TransErr = 34.76 mm [FAILS]
      Candidate choice=2 inlier=34 | RotErr = 0.5176 rad (29.6541 deg) | TransErr = 168.02 mm [FAILS]
      Candidate choice=3 inlier=36 | RotErr = 1.2927 rad (74.0650 deg) | TransErr = 132.05 mm [FAILS]
    Alternative Pair with Shard 14 (NOT ACTIVE IN TREE):
      Candidate choice=1 inlier=22 | RotErr = 2.8606 rad (163.8997 deg) | TransErr = 16.98 mm [FAILS]
      Candidate choice=2 inlier=0 | RotErr = 1.2989 rad (74.4211 deg) | TransErr = 268.19 mm [FAILS]
      Candidate choice=3 inlier=0 | RotErr = 0.4936 rad (28.2820 deg) | TransErr = 182.41 mm [FAILS]
      Candidate choice=4 inlier=8 | RotErr = 2.8917 rad (165.6843 deg) | TransErr = 56.24 mm [FAILS]
    Alternative Pair with Shard 16 (NOT ACTIVE IN TREE):
      Candidate choice=1 inlier=16 | RotErr = 1.1546 rad (66.1537 deg) | TransErr = 127.11 mm [FAILS]
    Alternative Pair with Shard 4 (NOT ACTIVE IN TREE):
      Candidate choice=1 inlier=24 | RotErr = 2.7302 rad (156.4279 deg) | TransErr = 30.22 mm [FAILS]
      Candidate choice=2 inlier=6 | RotErr = 2.6908 rad (154.1701 deg) | TransErr = 24.70 mm [FAILS]
    Alternative Pair with Shard 13 (NOT ACTIVE IN TREE):
      Candidate choice=1 inlier=68 | RotErr = 2.3399 rad (134.0657 deg) | TransErr = 31.32 mm [FAILS]
      Candidate choice=2 inlier=48 | RotErr = 0.5445 rad (31.1974 deg) | TransErr = 30.70 mm [FAILS]
      Candidate choice=3 inlier=30 | RotErr = 2.8818 rad (165.1143 deg) | TransErr = 185.78 mm [FAILS]
    Alternative Pair with Shard 17 (NOT ACTIVE IN TREE):
      [No match candidates found]
    Alternative Pair with Shard 27 (NOT ACTIVE IN TREE):
      Candidate choice=1 inlier=26 | RotErr = 3.1183 rad (178.6671 deg) | TransErr = 18.93 mm [FAILS]
  Shard 21 (placed by parent 10):
    Alternative Pair with Shard 1 (NOT ACTIVE IN TREE):
      Candidate choice=1 inlier=57 | RotErr = 0.2651 rad (15.1912 deg) | TransErr = 65.01 mm [FAILS]
      Candidate choice=2 inlier=44 | RotErr = 0.1320 rad (7.5608 deg) | TransErr = 33.09 mm [FAILS]
    Alternative Pair with Shard 10 (ACTIVE IN TREE) [SKIPPED]
    Alternative Pair with Shard 23 (NOT ACTIVE IN TREE):
      [No match candidates found]
    Alternative Pair with Shard 24 (NOT ACTIVE IN TREE):
      [No match candidates found]
    Alternative Pair with Shard 6 (NOT ACTIVE IN TREE):
      Candidate choice=1 inlier=34 | RotErr = 1.7443 rad (99.9405 deg) | TransErr = 164.61 mm [FAILS]
      Candidate choice=2 inlier=10 | RotErr = 3.0617 rad (175.4216 deg) | TransErr = 31.00 mm [FAILS]
    Alternative Pair with Shard 9 (NOT ACTIVE IN TREE):
      Candidate choice=1 inlier=70 | RotErr = 2.9596 rad (169.5728 deg) | TransErr = 3.24 mm [FAILS]
      Candidate choice=2 inlier=40 | RotErr = 3.0186 rad (172.9539 deg) | TransErr = 34.63 mm [FAILS]
      Candidate choice=3 inlier=77 | RotErr = 2.2501 rad (128.9205 deg) | TransErr = 16.79 mm [FAILS]
    Alternative Pair with Shard 12 (NOT ACTIVE IN TREE):
      Candidate choice=1 inlier=57 | RotErr = 1.0493 rad (60.1229 deg) | TransErr = 39.97 mm [FAILS]
      Candidate choice=2 inlier=32 | RotErr = 1.9900 rad (114.0195 deg) | TransErr = 95.55 mm [FAILS]
      Candidate choice=3 inlier=53 | RotErr = 2.1380 rad (122.4963 deg) | TransErr = 61.45 mm [FAILS]
      Candidate choice=4 inlier=40 | RotErr = 2.2392 rad (128.2955 deg) | TransErr = 25.30 mm [FAILS]
    Alternative Pair with Shard 19 (ACTIVE IN TREE) [SKIPPED]
    Alternative Pair with Shard 2 (NOT ACTIVE IN TREE):
      [No match candidates found]
    Alternative Pair with Shard 5 (NOT ACTIVE IN TREE):
      Candidate choice=1 inlier=79 | RotErr = 1.1989 rad (68.6928 deg) | TransErr = 11.37 mm [FAILS]
      Candidate choice=2 inlier=28 | RotErr = 2.8819 rad (165.1231 deg) | TransErr = 142.58 mm [FAILS]
      Candidate choice=3 inlier=12 | RotErr = 2.7297 rad (156.3992 deg) | TransErr = 20.93 mm [FAILS]
      Candidate choice=4 inlier=30 | RotErr = 2.9470 rad (168.8534 deg) | TransErr = 144.02 mm [FAILS]
    Alternative Pair with Shard 7 (NOT ACTIVE IN TREE):
      Candidate choice=1 inlier=22 | RotErr = 2.2697 rad (130.0430 deg) | TransErr = 7.38 mm [FAILS]
      Candidate choice=2 inlier=36 | RotErr = 2.9474 rad (168.8733 deg) | TransErr = 20.73 mm [FAILS]
      Candidate choice=3 inlier=36 | RotErr = 3.0308 rad (173.6527 deg) | TransErr = 26.35 mm [FAILS]
    Alternative Pair with Shard 15 (NOT ACTIVE IN TREE):
      Candidate choice=1 inlier=28 | RotErr = 3.0473 rad (174.5975 deg) | TransErr = 52.29 mm [FAILS]
    Alternative Pair with Shard 22 (NOT ACTIVE IN TREE):
      Candidate choice=1 inlier=54 | RotErr = 2.6101 rad (149.5486 deg) | TransErr = 24.96 mm [FAILS]
      Candidate choice=2 inlier=0 | RotErr = 3.1135 rad (178.3915 deg) | TransErr = 79.02 mm [FAILS]
    Alternative Pair with Shard 3 (NOT ACTIVE IN TREE):
      Candidate choice=1 inlier=46 | RotErr = 2.0812 rad (119.2416 deg) | TransErr = 9.59 mm [FAILS]
      Candidate choice=2 inlier=24 | RotErr = 3.0355 rad (173.9216 deg) | TransErr = 146.63 mm [FAILS]
      Candidate choice=3 inlier=24 | RotErr = 3.0582 rad (175.2212 deg) | TransErr = 158.38 mm [FAILS]
    Alternative Pair with Shard 20 (NOT ACTIVE IN TREE):
      Candidate choice=1 inlier=40 | RotErr = 3.1206 rad (178.7985 deg) | TransErr = 143.72 mm [FAILS]
    Alternative Pair with Shard 25 (NOT ACTIVE IN TREE):
      [No match candidates found]
    Alternative Pair with Shard 26 (NOT ACTIVE IN TREE):
      Candidate choice=1 inlier=16 | RotErr = 2.7643 rad (158.3828 deg) | TransErr = 98.68 mm [FAILS]
    Alternative Pair with Shard 11 (NOT ACTIVE IN TREE):
      [No match candidates found]
    Alternative Pair with Shard 18 (NOT ACTIVE IN TREE):
      Candidate choice=1 inlier=26 | RotErr = 3.1032 rad (177.7982 deg) | TransErr = 35.85 mm [FAILS]
    Alternative Pair with Shard 8 (NOT ACTIVE IN TREE):
      Candidate choice=1 inlier=26 | RotErr = 2.7602 rad (158.1457 deg) | TransErr = 145.24 mm [FAILS]
      Candidate choice=2 inlier=20 | RotErr = 3.0716 rad (175.9869 deg) | TransErr = 149.08 mm [FAILS]
      Candidate choice=3 inlier=36 | RotErr = 1.6971 rad (97.2377 deg) | TransErr = 18.84 mm [FAILS]
    Alternative Pair with Shard 14 (NOT ACTIVE IN TREE):
      [No match candidates found]
    Alternative Pair with Shard 16 (NOT ACTIVE IN TREE):
      [No match candidates found]
    Alternative Pair with Shard 4 (NOT ACTIVE IN TREE):
      Candidate choice=1 inlier=22 | RotErr = 0.1747 rad (10.0124 deg) | TransErr = 4.21 mm [PASSES] -> Reward: +20.00
      Candidate choice=2 inlier=16 | RotErr = 3.1346 rad (179.6014 deg) | TransErr = 126.29 mm [FAILS]
      Candidate choice=3 inlier=32 | RotErr = 3.0974 rad (177.4683 deg) | TransErr = 131.80 mm [FAILS]
    Alternative Pair with Shard 13 (NOT ACTIVE IN TREE):
      [No match candidates found]
    Alternative Pair with Shard 17 (NOT ACTIVE IN TREE):
      [No match candidates found]
    Alternative Pair with Shard 27 (NOT ACTIVE IN TREE):
      [No match candidates found]
  Shard 9 (placed by parent 24):
    Alternative Pair with Shard 1 (NOT ACTIVE IN TREE):
      Candidate choice=1 inlier=8 | RotErr = 3.1408 rad (179.9567 deg) | TransErr = 147.85 mm [FAILS]
      Candidate choice=2 inlier=63 | RotErr = 2.7594 rad (158.0994 deg) | TransErr = 6.86 mm [FAILS]
      Candidate choice=3 inlier=32 | RotErr = 2.3123 rad (132.4869 deg) | TransErr = 65.94 mm [FAILS]
      Candidate choice=4 inlier=32 | RotErr = 2.9231 rad (167.4838 deg) | TransErr = 138.49 mm [FAILS]
      Candidate choice=5 inlier=84 | RotErr = 0.9798 rad (56.1367 deg) | TransErr = 30.93 mm [FAILS]
      Candidate choice=6 inlier=22 | RotErr = 0.4677 rad (26.7979 deg) | TransErr = 9.54 mm [FAILS]
    Alternative Pair with Shard 10 (NOT ACTIVE IN TREE):
      Candidate choice=1 inlier=0 | RotErr = 3.0321 rad (173.7252 deg) | TransErr = 18.87 mm [FAILS]
      Candidate choice=2 inlier=42 | RotErr = 2.4932 rad (142.8496 deg) | TransErr = 20.94 mm [FAILS]
      Candidate choice=3 inlier=32 | RotErr = 2.9958 rad (171.6458 deg) | TransErr = 118.65 mm [FAILS]
      Candidate choice=4 inlier=56 | RotErr = 1.9648 rad (112.5769 deg) | TransErr = 42.79 mm [FAILS]
      Candidate choice=5 inlier=38 | RotErr = 1.9719 rad (112.9821 deg) | TransErr = 79.60 mm [FAILS]
    Alternative Pair with Shard 23 (NOT ACTIVE IN TREE):
      Candidate choice=1 inlier=40 | RotErr = 1.6679 rad (95.5657 deg) | TransErr = 17.77 mm [FAILS]
      Candidate choice=2 inlier=0 | RotErr = 2.9848 rad (171.0185 deg) | TransErr = 113.46 mm [FAILS]
      Candidate choice=3 inlier=30 | RotErr = 0.1181 rad (6.7683 deg) | TransErr = 11.64 mm [FAILS]
    Alternative Pair with Shard 24 (ACTIVE IN TREE) [SKIPPED]
    Alternative Pair with Shard 6 (NOT ACTIVE IN TREE):
      Candidate choice=1 inlier=20 | RotErr = 1.6080 rad (92.1299 deg) | TransErr = 62.56 mm [FAILS]
      Candidate choice=2 inlier=22 | RotErr = 1.5181 rad (86.9827 deg) | TransErr = 99.57 mm [FAILS]
      Candidate choice=3 inlier=32 | RotErr = 1.9896 rad (113.9932 deg) | TransErr = 155.86 mm [FAILS]
    Alternative Pair with Shard 21 (NOT ACTIVE IN TREE):
      Candidate choice=1 inlier=70 | RotErr = 2.9596 rad (169.5728 deg) | TransErr = 3.24 mm [FAILS]
      Candidate choice=2 inlier=40 | RotErr = 3.0186 rad (172.9539 deg) | TransErr = 34.63 mm [FAILS]
      Candidate choice=3 inlier=77 | RotErr = 2.2501 rad (128.9205 deg) | TransErr = 16.79 mm [FAILS]
    Alternative Pair with Shard 12 (NOT ACTIVE IN TREE):
      Candidate choice=1 inlier=46 | RotErr = 1.7198 rad (98.5401 deg) | TransErr = 106.85 mm [FAILS]
      Candidate choice=2 inlier=46 | RotErr = 1.6286 rad (93.3145 deg) | TransErr = 63.87 mm [FAILS]
      Candidate choice=3 inlier=42 | RotErr = 1.4068 rad (80.6022 deg) | TransErr = 26.04 mm [FAILS]
      Candidate choice=4 inlier=46 | RotErr = 3.0256 rad (173.3554 deg) | TransErr = 63.98 mm [FAILS]
      Candidate choice=5 inlier=30 | RotErr = 3.0164 rad (172.8286 deg) | TransErr = 100.56 mm [FAILS]
    Alternative Pair with Shard 19 (NOT ACTIVE IN TREE):
      Candidate choice=1 inlier=50 | RotErr = 2.5540 rad (146.3362 deg) | TransErr = 17.40 mm [FAILS]
      Candidate choice=2 inlier=34 | RotErr = 2.4843 rad (142.3395 deg) | TransErr = 21.88 mm [FAILS]
      Candidate choice=3 inlier=48 | RotErr = 3.0130 rad (172.6304 deg) | TransErr = 61.04 mm [FAILS]
      Candidate choice=4 inlier=46 | RotErr = 1.4264 rad (81.7263 deg) | TransErr = 36.39 mm [FAILS]
      Candidate choice=5 inlier=48 | RotErr = 1.5035 rad (86.1448 deg) | TransErr = 13.21 mm [FAILS]
    Alternative Pair with Shard 2 (ACTIVE IN TREE) [SKIPPED]
    Alternative Pair with Shard 5 (ACTIVE IN TREE) [SKIPPED]
    Alternative Pair with Shard 7 (ACTIVE IN TREE) [SKIPPED]
    Alternative Pair with Shard 15 (ACTIVE IN TREE) [SKIPPED]
    Alternative Pair with Shard 22 (ACTIVE IN TREE) [SKIPPED]
    Alternative Pair with Shard 3 (NOT ACTIVE IN TREE):
      Candidate choice=1 inlier=34 | RotErr = 1.2603 rad (72.2090 deg) | TransErr = 46.97 mm [FAILS]
      Candidate choice=2 inlier=30 | RotErr = 2.8627 rad (164.0178 deg) | TransErr = 134.48 mm [FAILS]
    Alternative Pair with Shard 20 (NOT ACTIVE IN TREE):
      Candidate choice=1 inlier=34 | RotErr = 2.8513 rad (163.3701 deg) | TransErr = 82.32 mm [FAILS]
      Candidate choice=2 inlier=20 | RotErr = 2.8251 rad (161.8692 deg) | TransErr = 59.61 mm [FAILS]
      Candidate choice=3 inlier=26 | RotErr = 1.4964 rad (85.7402 deg) | TransErr = 12.86 mm [FAILS]
    Alternative Pair with Shard 25 (NOT ACTIVE IN TREE):
      [No match candidates found]
    Alternative Pair with Shard 26 (NOT ACTIVE IN TREE):
      Candidate choice=1 inlier=36 | RotErr = 3.0122 rad (172.5891 deg) | TransErr = 75.57 mm [FAILS]
      Candidate choice=2 inlier=47 | RotErr = 0.2171 rad (12.4369 deg) | TransErr = 18.50 mm [FAILS]
      Candidate choice=3 inlier=65 | RotErr = 0.0381 rad (2.1842 deg) | TransErr = 1.08 mm [PASSES] -> Reward: +20.00
      Candidate choice=4 inlier=16 | RotErr = 2.8663 rad (164.2270 deg) | TransErr = 146.23 mm [FAILS]
      Candidate choice=5 inlier=34 | RotErr = 3.0080 rad (172.3436 deg) | TransErr = 105.98 mm [FAILS]
    Alternative Pair with Shard 11 (NOT ACTIVE IN TREE):
      Candidate choice=1 inlier=26 | RotErr = 2.9765 rad (170.5390 deg) | TransErr = 74.02 mm [FAILS]
      Candidate choice=2 inlier=0 | RotErr = 1.7106 rad (98.0088 deg) | TransErr = 212.45 mm [FAILS]
      Candidate choice=3 inlier=0 | RotErr = 1.3637 rad (78.1337 deg) | TransErr = 37.85 mm [FAILS]
      Candidate choice=4 inlier=4 | RotErr = 2.9158 rad (167.0608 deg) | TransErr = 192.99 mm [FAILS]
    Alternative Pair with Shard 18 (NOT ACTIVE IN TREE):
      Candidate choice=1 inlier=0 | RotErr = 0.7483 rad (42.8744 deg) | TransErr = 44.86 mm [FAILS]
      Candidate choice=2 inlier=36 | RotErr = 0.2745 rad (15.7269 deg) | TransErr = 24.77 mm [FAILS]
      Candidate choice=3 inlier=36 | RotErr = 3.1185 rad (178.6746 deg) | TransErr = 150.10 mm [FAILS]
      Candidate choice=4 inlier=0 | RotErr = 2.9976 rad (171.7486 deg) | TransErr = 51.33 mm [FAILS]
    Alternative Pair with Shard 8 (NOT ACTIVE IN TREE):
      Candidate choice=1 inlier=30 | RotErr = 2.9866 rad (171.1223 deg) | TransErr = 138.51 mm [FAILS]
      Candidate choice=2 inlier=34 | RotErr = 3.0127 rad (172.6168 deg) | TransErr = 45.77 mm [FAILS]
      Candidate choice=3 inlier=24 | RotErr = 0.5256 rad (30.1131 deg) | TransErr = 14.79 mm [FAILS]
    Alternative Pair with Shard 14 (NOT ACTIVE IN TREE):
      [No match candidates found]
    Alternative Pair with Shard 16 (NOT ACTIVE IN TREE):
      Candidate choice=1 inlier=55 | RotErr = 2.2803 rad (130.6492 deg) | TransErr = 23.62 mm [FAILS]
      Candidate choice=2 inlier=32 | RotErr = 2.0674 rad (118.4544 deg) | TransErr = 6.85 mm [FAILS]
      Candidate choice=3 inlier=70 | RotErr = 2.9031 rad (166.3330 deg) | TransErr = 14.39 mm [FAILS]
    Alternative Pair with Shard 4 (NOT ACTIVE IN TREE):
      [No match candidates found]
    Alternative Pair with Shard 13 (NOT ACTIVE IN TREE):
      Candidate choice=1 inlier=36 | RotErr = 0.6882 rad (39.4338 deg) | TransErr = 35.63 mm [FAILS]
      Candidate choice=2 inlier=36 | RotErr = 1.2301 rad (70.4813 deg) | TransErr = 18.12 mm [FAILS]
    Alternative Pair with Shard 17 (NOT ACTIVE IN TREE):
      [No match candidates found]
    Alternative Pair with Shard 27 (NOT ACTIVE IN TREE):
      [No match candidates found]
  Shard 12 (placed by parent 6):
    Alternative Pair with Shard 1 (NOT ACTIVE IN TREE):
      Candidate choice=1 inlier=30 | RotErr = 3.0247 rad (173.3024 deg) | TransErr = 133.29 mm [FAILS]
      Candidate choice=2 inlier=56 | RotErr = 1.3654 rad (78.2310 deg) | TransErr = 25.62 mm [FAILS]
      Candidate choice=3 inlier=4 | RotErr = 2.9646 rad (169.8600 deg) | TransErr = 98.83 mm [FAILS]
      Candidate choice=4 inlier=30 | RotErr = 3.0989 rad (177.5527 deg) | TransErr = 101.36 mm [FAILS]
      Candidate choice=5 inlier=70 | RotErr = 2.8515 rad (163.3814 deg) | TransErr = 24.44 mm [FAILS]
    Alternative Pair with Shard 10 (NOT ACTIVE IN TREE):
      Candidate choice=1 inlier=22 | RotErr = 3.0569 rad (175.1451 deg) | TransErr = 152.24 mm [FAILS]
      Candidate choice=2 inlier=68 | RotErr = 0.2720 rad (15.5828 deg) | TransErr = 15.16 mm [FAILS]
      Candidate choice=3 inlier=38 | RotErr = 2.3357 rad (133.8268 deg) | TransErr = 33.05 mm [FAILS]
      Candidate choice=4 inlier=56 | RotErr = 2.4006 rad (137.5451 deg) | TransErr = 9.25 mm [FAILS]
      Candidate choice=5 inlier=38 | RotErr = 2.9914 rad (171.3959 deg) | TransErr = 82.94 mm [FAILS]
    Alternative Pair with Shard 23 (NOT ACTIVE IN TREE):
      Candidate choice=1 inlier=26 | RotErr = 2.9936 rad (171.5219 deg) | TransErr = 93.48 mm [FAILS]
    Alternative Pair with Shard 24 (NOT ACTIVE IN TREE):
      Candidate choice=1 inlier=28 | RotErr = 2.7754 rad (159.0168 deg) | TransErr = 86.33 mm [FAILS]
    Alternative Pair with Shard 6 (ACTIVE IN TREE) [SKIPPED]
    Alternative Pair with Shard 21 (NOT ACTIVE IN TREE):
      Candidate choice=1 inlier=57 | RotErr = 1.0493 rad (60.1229 deg) | TransErr = 39.97 mm [FAILS]
      Candidate choice=2 inlier=32 | RotErr = 1.9900 rad (114.0195 deg) | TransErr = 95.55 mm [FAILS]
      Candidate choice=3 inlier=53 | RotErr = 2.1380 rad (122.4963 deg) | TransErr = 61.45 mm [FAILS]
      Candidate choice=4 inlier=40 | RotErr = 2.2392 rad (128.2955 deg) | TransErr = 25.30 mm [FAILS]
    Alternative Pair with Shard 9 (NOT ACTIVE IN TREE):
      Candidate choice=1 inlier=46 | RotErr = 1.7198 rad (98.5401 deg) | TransErr = 106.85 mm [FAILS]
      Candidate choice=2 inlier=46 | RotErr = 1.6286 rad (93.3145 deg) | TransErr = 63.87 mm [FAILS]
      Candidate choice=3 inlier=42 | RotErr = 1.4068 rad (80.6022 deg) | TransErr = 26.04 mm [FAILS]
      Candidate choice=4 inlier=46 | RotErr = 3.0256 rad (173.3554 deg) | TransErr = 63.98 mm [FAILS]
      Candidate choice=5 inlier=30 | RotErr = 3.0164 rad (172.8286 deg) | TransErr = 100.56 mm [FAILS]
    Alternative Pair with Shard 19 (NOT ACTIVE IN TREE):
      Candidate choice=1 inlier=26 | RotErr = 1.6674 rad (95.5358 deg) | TransErr = 16.04 mm [FAILS]
      Candidate choice=2 inlier=36 | RotErr = 1.0749 rad (61.5854 deg) | TransErr = 78.35 mm [FAILS]
      Candidate choice=3 inlier=24 | RotErr = 2.8239 rad (161.7967 deg) | TransErr = 29.00 mm [FAILS]
      Candidate choice=4 inlier=22 | RotErr = 1.8360 rad (105.1933 deg) | TransErr = 8.04 mm [FAILS]
    Alternative Pair with Shard 2 (NOT ACTIVE IN TREE):
      Candidate choice=1 inlier=28 | RotErr = 3.0096 rad (172.4382 deg) | TransErr = 24.76 mm [FAILS]
      Candidate choice=2 inlier=28 | RotErr = 2.5074 rad (143.6660 deg) | TransErr = 18.69 mm [FAILS]
      Candidate choice=3 inlier=28 | RotErr = 1.8804 rad (107.7391 deg) | TransErr = 33.27 mm [FAILS]
    Alternative Pair with Shard 5 (NOT ACTIVE IN TREE):
      Candidate choice=1 inlier=36 | RotErr = 2.6793 rad (153.5125 deg) | TransErr = 21.26 mm [FAILS]
      Candidate choice=2 inlier=32 | RotErr = 3.1091 rad (178.1411 deg) | TransErr = 15.90 mm [FAILS]
      Candidate choice=3 inlier=36 | RotErr = 2.3189 rad (132.8631 deg) | TransErr = 60.64 mm [FAILS]
      Candidate choice=4 inlier=32 | RotErr = 2.2716 rad (130.1540 deg) | TransErr = 125.86 mm [FAILS]
      Candidate choice=5 inlier=32 | RotErr = 3.0438 rad (174.3960 deg) | TransErr = 24.68 mm [FAILS]
      Candidate choice=6 inlier=62 | RotErr = 1.9080 rad (109.3195 deg) | TransErr = 46.55 mm [FAILS]
    Alternative Pair with Shard 7 (NOT ACTIVE IN TREE):
      Candidate choice=1 inlier=22 | RotErr = 2.9846 rad (171.0056 deg) | TransErr = 143.68 mm [FAILS]
      Candidate choice=2 inlier=36 | RotErr = 2.9951 rad (171.6064 deg) | TransErr = 76.62 mm [FAILS]
      Candidate choice=3 inlier=30 | RotErr = 3.0518 rad (174.8558 deg) | TransErr = 42.77 mm [FAILS]
      Candidate choice=4 inlier=14 | RotErr = 1.9960 rad (114.3648 deg) | TransErr = 48.82 mm [FAILS]
    Alternative Pair with Shard 15 (NOT ACTIVE IN TREE):
      Candidate choice=1 inlier=34 | RotErr = 2.1998 rad (126.0365 deg) | TransErr = 47.63 mm [FAILS]
      Candidate choice=2 inlier=46 | RotErr = 0.2514 rad (14.4063 deg) | TransErr = 23.69 mm [FAILS]
      Candidate choice=3 inlier=38 | RotErr = 0.2123 rad (12.1629 deg) | TransErr = 3.16 mm [PASSES] -> Reward: +20.00
      Candidate choice=4 inlier=50 | RotErr = 0.9296 rad (53.2603 deg) | TransErr = 41.62 mm [FAILS]
    Alternative Pair with Shard 22 (NOT ACTIVE IN TREE):
      Candidate choice=1 inlier=55 | RotErr = 2.2104 rad (126.6472 deg) | TransErr = 26.69 mm [FAILS]
    Alternative Pair with Shard 3 (ACTIVE IN TREE) [SKIPPED]
    Alternative Pair with Shard 20 (NOT ACTIVE IN TREE):
      Candidate choice=1 inlier=32 | RotErr = 3.0428 rad (174.3372 deg) | TransErr = 117.05 mm [FAILS]
    Alternative Pair with Shard 25 (NOT ACTIVE IN TREE):
      [No match candidates found]
    Alternative Pair with Shard 26 (NOT ACTIVE IN TREE):
      Candidate choice=1 inlier=58 | RotErr = 2.8861 rad (165.3619 deg) | TransErr = 84.57 mm [FAILS]
      Candidate choice=2 inlier=22 | RotErr = 2.9370 rad (168.2802 deg) | TransErr = 152.78 mm [FAILS]
      Candidate choice=3 inlier=22 | RotErr = 1.5150 rad (86.8026 deg) | TransErr = 43.29 mm [FAILS]
    Alternative Pair with Shard 11 (NOT ACTIVE IN TREE):
      [No match candidates found]
    Alternative Pair with Shard 18 (NOT ACTIVE IN TREE):
      Candidate choice=1 inlier=46 | RotErr = 2.1312 rad (122.1092 deg) | TransErr = 24.15 mm [FAILS]
      Candidate choice=2 inlier=24 | RotErr = 3.0626 rad (175.4717 deg) | TransErr = 154.72 mm [FAILS]
      Candidate choice=3 inlier=28 | RotErr = 2.9089 rad (166.6698 deg) | TransErr = 160.74 mm [FAILS]
      Candidate choice=4 inlier=72 | RotErr = 0.1662 rad (9.5225 deg) | TransErr = 3.96 mm [PASSES] -> Reward: +20.00
      Candidate choice=5 inlier=53 | RotErr = 0.2098 rad (12.0184 deg) | TransErr = 35.13 mm [FAILS]
    Alternative Pair with Shard 8 (NOT ACTIVE IN TREE):
      Candidate choice=1 inlier=20 | RotErr = 2.3829 rad (136.5275 deg) | TransErr = 138.22 mm [FAILS]
      Candidate choice=2 inlier=10 | RotErr = 0.4875 rad (27.9336 deg) | TransErr = 126.83 mm [FAILS]
      Candidate choice=3 inlier=40 | RotErr = 0.2987 rad (17.1135 deg) | TransErr = 64.00 mm [FAILS]
      Candidate choice=4 inlier=28 | RotErr = 3.1208 rad (178.8115 deg) | TransErr = 28.17 mm [FAILS]
      Candidate choice=5 inlier=44 | RotErr = 0.7021 rad (40.2288 deg) | TransErr = 21.59 mm [FAILS]
      Candidate choice=6 inlier=28 | RotErr = 3.0671 rad (175.7313 deg) | TransErr = 49.85 mm [FAILS]
    Alternative Pair with Shard 14 (NOT ACTIVE IN TREE):
      Candidate choice=1 inlier=0 | RotErr = 3.1283 rad (179.2399 deg) | TransErr = 48.17 mm [FAILS]
      Candidate choice=2 inlier=0 | RotErr = 1.0836 rad (62.0845 deg) | TransErr = 229.26 mm [FAILS]
      Candidate choice=3 inlier=0 | RotErr = 0.1384 rad (7.9275 deg) | TransErr = 95.02 mm [FAILS]
      Candidate choice=4 inlier=6 | RotErr = 3.0170 rad (172.8601 deg) | TransErr = 163.77 mm [FAILS]
    Alternative Pair with Shard 16 (NOT ACTIVE IN TREE):
      Candidate choice=1 inlier=51 | RotErr = 0.1310 rad (7.5030 deg) | TransErr = 10.66 mm [FAILS]
      Candidate choice=2 inlier=26 | RotErr = 0.2415 rad (13.8380 deg) | TransErr = 38.42 mm [FAILS]
      Candidate choice=3 inlier=10 | RotErr = 1.3439 rad (76.9989 deg) | TransErr = 114.21 mm [FAILS]
      Candidate choice=4 inlier=30 | RotErr = 1.5507 rad (88.8510 deg) | TransErr = 20.62 mm [FAILS]
    Alternative Pair with Shard 4 (NOT ACTIVE IN TREE):
      [No match candidates found]
    Alternative Pair with Shard 13 (NOT ACTIVE IN TREE):
      Candidate choice=1 inlier=0 | RotErr = 0.5778 rad (33.1065 deg) | TransErr = 74.67 mm [FAILS]
      Candidate choice=2 inlier=30 | RotErr = 2.0167 rad (115.5506 deg) | TransErr = 38.59 mm [FAILS]
    Alternative Pair with Shard 17 (NOT ACTIVE IN TREE):
      [No match candidates found]
    Alternative Pair with Shard 27 (NOT ACTIVE IN TREE):
      [No match candidates found]
  Shard 19 (placed by parent 21):
    Alternative Pair with Shard 1 (NOT ACTIVE IN TREE):
      Candidate choice=1 inlier=40 | RotErr = 0.6781 rad (38.8531 deg) | TransErr = 71.81 mm [FAILS]
      Candidate choice=2 inlier=89 | RotErr = 0.0707 rad (4.0514 deg) | TransErr = 4.50 mm [PASSES] -> Reward: +20.00
      Candidate choice=3 inlier=75 | RotErr = 0.2022 rad (11.5870 deg) | TransErr = 12.26 mm [FAILS]
      Candidate choice=4 inlier=14 | RotErr = 3.0765 rad (176.2701 deg) | TransErr = 143.44 mm [FAILS]
      Candidate choice=5 inlier=77 | RotErr = 1.2944 rad (74.1624 deg) | TransErr = 11.45 mm [FAILS]
      Candidate choice=6 inlier=61 | RotErr = 1.3108 rad (75.1015 deg) | TransErr = 30.45 mm [FAILS]
    Alternative Pair with Shard 10 (NOT ACTIVE IN TREE):
      Candidate choice=1 inlier=24 | RotErr = 1.6771 rad (96.0880 deg) | TransErr = 76.15 mm [FAILS]
      Candidate choice=2 inlier=42 | RotErr = 1.3913 rad (79.7142 deg) | TransErr = 39.46 mm [FAILS]
      Candidate choice=3 inlier=20 | RotErr = 1.2561 rad (71.9688 deg) | TransErr = 8.96 mm [FAILS]
      Candidate choice=4 inlier=50 | RotErr = 0.3284 rad (18.8173 deg) | TransErr = 65.04 mm [FAILS]
      Candidate choice=5 inlier=18 | RotErr = 0.4020 rad (23.0321 deg) | TransErr = 108.05 mm [FAILS]
    Alternative Pair with Shard 23 (NOT ACTIVE IN TREE):
      Candidate choice=1 inlier=36 | RotErr = 0.6167 rad (35.3344 deg) | TransErr = 55.62 mm [FAILS]
    Alternative Pair with Shard 24 (NOT ACTIVE IN TREE):
      [No match candidates found]
    Alternative Pair with Shard 6 (NOT ACTIVE IN TREE):
      Candidate choice=1 inlier=20 | RotErr = 3.0941 rad (177.2803 deg) | TransErr = 27.90 mm [FAILS]
    Alternative Pair with Shard 21 (ACTIVE IN TREE) [SKIPPED]
    Alternative Pair with Shard 9 (NOT ACTIVE IN TREE):
      Candidate choice=1 inlier=50 | RotErr = 2.5540 rad (146.3362 deg) | TransErr = 17.40 mm [FAILS]
      Candidate choice=2 inlier=34 | RotErr = 2.4843 rad (142.3395 deg) | TransErr = 21.88 mm [FAILS]
      Candidate choice=3 inlier=48 | RotErr = 3.0130 rad (172.6304 deg) | TransErr = 61.04 mm [FAILS]
      Candidate choice=4 inlier=46 | RotErr = 1.4264 rad (81.7263 deg) | TransErr = 36.39 mm [FAILS]
      Candidate choice=5 inlier=48 | RotErr = 1.5035 rad (86.1448 deg) | TransErr = 13.21 mm [FAILS]
    Alternative Pair with Shard 12 (NOT ACTIVE IN TREE):
      Candidate choice=1 inlier=26 | RotErr = 1.6674 rad (95.5358 deg) | TransErr = 16.04 mm [FAILS]
      Candidate choice=2 inlier=36 | RotErr = 1.0749 rad (61.5854 deg) | TransErr = 78.35 mm [FAILS]
      Candidate choice=3 inlier=24 | RotErr = 2.8239 rad (161.7967 deg) | TransErr = 29.00 mm [FAILS]
      Candidate choice=4 inlier=22 | RotErr = 1.8360 rad (105.1933 deg) | TransErr = 8.04 mm [FAILS]
    Alternative Pair with Shard 2 (NOT ACTIVE IN TREE):
      [No match candidates found]
    Alternative Pair with Shard 5 (NOT ACTIVE IN TREE):
      Candidate choice=1 inlier=48 | RotErr = 0.4550 rad (26.0680 deg) | TransErr = 25.71 mm [FAILS]
      Candidate choice=2 inlier=36 | RotErr = 2.9714 rad (170.2499 deg) | TransErr = 142.87 mm [FAILS]
      Candidate choice=3 inlier=34 | RotErr = 3.0371 rad (174.0113 deg) | TransErr = 143.72 mm [FAILS]
      Candidate choice=4 inlier=70 | RotErr = 2.3073 rad (132.2001 deg) | TransErr = 15.88 mm [FAILS]
      Candidate choice=5 inlier=38 | RotErr = 2.3363 rad (133.8618 deg) | TransErr = 40.04 mm [FAILS]
    Alternative Pair with Shard 7 (NOT ACTIVE IN TREE):
      Candidate choice=1 inlier=34 | RotErr = 3.1159 rad (178.5280 deg) | TransErr = 137.77 mm [FAILS]
      Candidate choice=2 inlier=38 | RotErr = 2.7545 rad (157.8212 deg) | TransErr = 13.58 mm [FAILS]
    Alternative Pair with Shard 15 (NOT ACTIVE IN TREE):
      Candidate choice=1 inlier=36 | RotErr = 2.6838 rad (153.7714 deg) | TransErr = 86.75 mm [FAILS]
      Candidate choice=2 inlier=26 | RotErr = 2.3269 rad (133.3228 deg) | TransErr = 34.38 mm [FAILS]
      Candidate choice=3 inlier=34 | RotErr = 2.5038 rad (143.4563 deg) | TransErr = 8.92 mm [FAILS]
      Candidate choice=4 inlier=46 | RotErr = 2.2990 rad (131.7240 deg) | TransErr = 41.11 mm [FAILS]
    Alternative Pair with Shard 22 (NOT ACTIVE IN TREE):
      [No match candidates found]
    Alternative Pair with Shard 3 (NOT ACTIVE IN TREE):
      Candidate choice=1 inlier=53 | RotErr = 2.9233 rad (167.4936 deg) | TransErr = 27.90 mm [FAILS]
      Candidate choice=2 inlier=0 | RotErr = 3.1065 rad (177.9903 deg) | TransErr = 141.61 mm [FAILS]
      Candidate choice=3 inlier=44 | RotErr = 2.9935 rad (171.5135 deg) | TransErr = 143.55 mm [FAILS]
    Alternative Pair with Shard 20 (ACTIVE IN TREE) [SKIPPED]
    Alternative Pair with Shard 25 (NOT ACTIVE IN TREE):
      [No match candidates found]
    Alternative Pair with Shard 26 (NOT ACTIVE IN TREE):
      Candidate choice=1 inlier=20 | RotErr = 2.7876 rad (159.7184 deg) | TransErr = 39.53 mm [FAILS]
      Candidate choice=2 inlier=28 | RotErr = 2.2045 rad (126.3085 deg) | TransErr = 99.17 mm [FAILS]
    Alternative Pair with Shard 11 (NOT ACTIVE IN TREE):
      Candidate choice=1 inlier=40 | RotErr = 1.5290 rad (87.6043 deg) | TransErr = 18.19 mm [FAILS]
      Candidate choice=2 inlier=42 | RotErr = 2.7842 rad (159.5217 deg) | TransErr = 126.24 mm [FAILS]
    Alternative Pair with Shard 18 (NOT ACTIVE IN TREE):
      Candidate choice=1 inlier=26 | RotErr = 1.9780 rad (113.3297 deg) | TransErr = 116.09 mm [FAILS]
      Candidate choice=2 inlier=22 | RotErr = 2.3186 rad (132.8480 deg) | TransErr = 95.61 mm [FAILS]
    Alternative Pair with Shard 8 (NOT ACTIVE IN TREE):
      Candidate choice=1 inlier=28 | RotErr = 2.8125 rad (161.1428 deg) | TransErr = 142.99 mm [FAILS]
      Candidate choice=2 inlier=0 | RotErr = 2.5097 rad (143.7976 deg) | TransErr = 30.76 mm [FAILS]
      Candidate choice=3 inlier=32 | RotErr = 2.8597 rad (163.8463 deg) | TransErr = 146.18 mm [FAILS]
      Candidate choice=4 inlier=42 | RotErr = 2.1443 rad (122.8584 deg) | TransErr = 11.65 mm [FAILS]
    Alternative Pair with Shard 14 (NOT ACTIVE IN TREE):
      Candidate choice=1 inlier=24 | RotErr = 2.9933 rad (171.5007 deg) | TransErr = 28.68 mm [FAILS]
      Candidate choice=2 inlier=36 | RotErr = 2.2990 rad (131.7225 deg) | TransErr = 23.90 mm [FAILS]
      Candidate choice=3 inlier=40 | RotErr = 3.0331 rad (173.7866 deg) | TransErr = 121.55 mm [FAILS]
    Alternative Pair with Shard 16 (NOT ACTIVE IN TREE):
      Candidate choice=1 inlier=42 | RotErr = 1.6260 rad (93.1611 deg) | TransErr = 20.12 mm [FAILS]
      Candidate choice=2 inlier=38 | RotErr = 1.5081 rad (86.4084 deg) | TransErr = 35.36 mm [FAILS]
    Alternative Pair with Shard 4 (NOT ACTIVE IN TREE):
      Candidate choice=1 inlier=32 | RotErr = 3.1333 rad (179.5226 deg) | TransErr = 120.08 mm [FAILS]
      Candidate choice=2 inlier=44 | RotErr = 0.1184 rad (6.7853 deg) | TransErr = 3.79 mm [PASSES] -> Reward: +20.00
      Candidate choice=3 inlier=26 | RotErr = 3.0766 rad (176.2760 deg) | TransErr = 116.11 mm [FAILS]
      Candidate choice=4 inlier=40 | RotErr = 0.8350 rad (47.8447 deg) | TransErr = 21.43 mm [FAILS]
    Alternative Pair with Shard 13 (NOT ACTIVE IN TREE):
      Candidate choice=1 inlier=36 | RotErr = 1.8165 rad (104.0750 deg) | TransErr = 162.75 mm [FAILS]
    Alternative Pair with Shard 17 (NOT ACTIVE IN TREE):
      Candidate choice=1 inlier=40 | RotErr = 1.6805 rad (96.2881 deg) | TransErr = 18.08 mm [FAILS]
    Alternative Pair with Shard 27 (NOT ACTIVE IN TREE):
      [No match candidates found]
  Shard 2 (placed by parent 9):
    Alternative Pair with Shard 1 (NOT ACTIVE IN TREE):
      Candidate choice=1 inlier=30 | RotErr = 0.9412 rad (53.9279 deg) | TransErr = 12.83 mm [FAILS]
      Candidate choice=2 inlier=32 | RotErr = 0.6640 rad (38.0442 deg) | TransErr = 34.14 mm [FAILS]
    Alternative Pair with Shard 10 (NOT ACTIVE IN TREE):
      Candidate choice=1 inlier=28 | RotErr = 3.1212 rad (178.8322 deg) | TransErr = 133.77 mm [FAILS]
    Alternative Pair with Shard 23 (NOT ACTIVE IN TREE):
      Candidate choice=1 inlier=30 | RotErr = 2.7941 rad (160.0927 deg) | TransErr = 58.75 mm [FAILS]
      Candidate choice=2 inlier=34 | RotErr = 1.6781 rad (96.1481 deg) | TransErr = 77.71 mm [FAILS]
      Candidate choice=3 inlier=49 | RotErr = 2.9046 rad (166.4237 deg) | TransErr = 63.17 mm [FAILS]
    Alternative Pair with Shard 24 (NOT ACTIVE IN TREE):
      Candidate choice=1 inlier=24 | RotErr = 2.7408 rad (157.0364 deg) | TransErr = 91.48 mm [FAILS]
    Alternative Pair with Shard 6 (NOT ACTIVE IN TREE):
      Candidate choice=1 inlier=48 | RotErr = 0.9597 rad (54.9847 deg) | TransErr = 5.77 mm [FAILS]
      Candidate choice=2 inlier=28 | RotErr = 3.0500 rad (174.7521 deg) | TransErr = 174.62 mm [FAILS]
      Candidate choice=3 inlier=42 | RotErr = 0.8682 rad (49.7469 deg) | TransErr = 22.32 mm [FAILS]
    Alternative Pair with Shard 21 (NOT ACTIVE IN TREE):
      [No match candidates found]
    Alternative Pair with Shard 9 (ACTIVE IN TREE) [SKIPPED]
    Alternative Pair with Shard 12 (NOT ACTIVE IN TREE):
      Candidate choice=1 inlier=28 | RotErr = 3.0096 rad (172.4382 deg) | TransErr = 24.76 mm [FAILS]
      Candidate choice=2 inlier=28 | RotErr = 2.5074 rad (143.6660 deg) | TransErr = 18.69 mm [FAILS]
      Candidate choice=3 inlier=28 | RotErr = 1.8804 rad (107.7391 deg) | TransErr = 33.27 mm [FAILS]
    Alternative Pair with Shard 19 (NOT ACTIVE IN TREE):
      [No match candidates found]
    Alternative Pair with Shard 5 (NOT ACTIVE IN TREE):
      [No match candidates found]
    Alternative Pair with Shard 7 (NOT ACTIVE IN TREE):
      Candidate choice=1 inlier=28 | RotErr = 1.3543 rad (77.5962 deg) | TransErr = 168.33 mm [FAILS]
      Candidate choice=2 inlier=44 | RotErr = 2.9505 rad (169.0514 deg) | TransErr = 22.45 mm [FAILS]
      Candidate choice=3 inlier=34 | RotErr = 1.0856 rad (62.2024 deg) | TransErr = 155.58 mm [FAILS]
      Candidate choice=4 inlier=30 | RotErr = 0.6158 rad (35.2818 deg) | TransErr = 161.05 mm [FAILS]
      Candidate choice=5 inlier=34 | RotErr = 0.9645 rad (55.2613 deg) | TransErr = 163.67 mm [FAILS]
    Alternative Pair with Shard 15 (NOT ACTIVE IN TREE):
      Candidate choice=1 inlier=22 | RotErr = 0.3807 rad (21.8125 deg) | TransErr = 70.38 mm [FAILS]
    Alternative Pair with Shard 22 (NOT ACTIVE IN TREE):
      [No match candidates found]
    Alternative Pair with Shard 3 (NOT ACTIVE IN TREE):
      [No match candidates found]
    Alternative Pair with Shard 20 (NOT ACTIVE IN TREE):
      [No match candidates found]
    Alternative Pair with Shard 25 (ACTIVE IN TREE) [SKIPPED]
    Alternative Pair with Shard 26 (ACTIVE IN TREE) [SKIPPED]
    Alternative Pair with Shard 11 (NOT ACTIVE IN TREE):
      Candidate choice=1 inlier=32 | RotErr = 3.0195 rad (173.0038 deg) | TransErr = 27.29 mm [FAILS]
      Candidate choice=2 inlier=0 | RotErr = 2.5667 rad (147.0608 deg) | TransErr = 78.95 mm [FAILS]
      Candidate choice=3 inlier=14 | RotErr = 1.3837 rad (79.2776 deg) | TransErr = 172.77 mm [FAILS]
    Alternative Pair with Shard 18 (NOT ACTIVE IN TREE):
      Candidate choice=1 inlier=30 | RotErr = 2.9464 rad (168.8161 deg) | TransErr = 135.04 mm [FAILS]
      Candidate choice=2 inlier=81 | RotErr = 2.1624 rad (123.8937 deg) | TransErr = 22.37 mm [FAILS]
      Candidate choice=3 inlier=59 | RotErr = 1.8957 rad (108.6154 deg) | TransErr = 12.83 mm [FAILS]
      Candidate choice=4 inlier=83 | RotErr = 1.1286 rad (64.6614 deg) | TransErr = 21.70 mm [FAILS]
    Alternative Pair with Shard 8 (NOT ACTIVE IN TREE):
      Candidate choice=1 inlier=28 | RotErr = 3.0590 rad (175.2695 deg) | TransErr = 31.75 mm [FAILS]
      Candidate choice=2 inlier=24 | RotErr = 3.0967 rad (177.4306 deg) | TransErr = 162.48 mm [FAILS]
    Alternative Pair with Shard 14 (NOT ACTIVE IN TREE):
      Candidate choice=1 inlier=22 | RotErr = 2.9121 rad (166.8497 deg) | TransErr = 19.38 mm [FAILS]
      Candidate choice=2 inlier=20 | RotErr = 2.9544 rad (169.2736 deg) | TransErr = 51.05 mm [FAILS]
      Candidate choice=3 inlier=6 | RotErr = 3.1379 rad (179.7879 deg) | TransErr = 65.34 mm [FAILS]
    Alternative Pair with Shard 16 (NOT ACTIVE IN TREE):
      [No match candidates found]
    Alternative Pair with Shard 4 (NOT ACTIVE IN TREE):
      Candidate choice=1 inlier=26 | RotErr = 2.9008 rad (166.2033 deg) | TransErr = 19.75 mm [FAILS]
      Candidate choice=2 inlier=2 | RotErr = 3.0293 rad (173.5688 deg) | TransErr = 35.05 mm [FAILS]
    Alternative Pair with Shard 13 (NOT ACTIVE IN TREE):
      Candidate choice=1 inlier=46 | RotErr = 0.9855 rad (56.4659 deg) | TransErr = 21.72 mm [FAILS]
      Candidate choice=2 inlier=70 | RotErr = 2.9034 rad (166.3543 deg) | TransErr = 160.46 mm [FAILS]
      Candidate choice=3 inlier=38 | RotErr = 3.0456 rad (174.5023 deg) | TransErr = 150.62 mm [FAILS]
    Alternative Pair with Shard 17 (NOT ACTIVE IN TREE):
      [No match candidates found]
    Alternative Pair with Shard 27 (NOT ACTIVE IN TREE):
      Candidate choice=1 inlier=30 | RotErr = 3.0446 rad (174.4434 deg) | TransErr = 31.83 mm [FAILS]
  Shard 5 (placed by parent 9):
    Alternative Pair with Shard 1 (NOT ACTIVE IN TREE):
      Candidate choice=1 inlier=38 | RotErr = 2.0052 rad (114.8893 deg) | TransErr = 66.76 mm [FAILS]
      Candidate choice=2 inlier=48 | RotErr = 2.1067 rad (120.7055 deg) | TransErr = 28.85 mm [FAILS]
      Candidate choice=3 inlier=38 | RotErr = 3.0063 rad (172.2467 deg) | TransErr = 118.23 mm [FAILS]
      Candidate choice=4 inlier=50 | RotErr = 1.3897 rad (79.6227 deg) | TransErr = 30.36 mm [FAILS]
      Candidate choice=5 inlier=22 | RotErr = 3.1128 rad (178.3495 deg) | TransErr = 137.24 mm [FAILS]
      Candidate choice=6 inlier=20 | RotErr = 1.0431 rad (59.7660 deg) | TransErr = 62.60 mm [FAILS]
      Candidate choice=7 inlier=32 | RotErr = 0.7094 rad (40.6470 deg) | TransErr = 60.07 mm [FAILS]
      Candidate choice=8 inlier=84 | RotErr = 0.1574 rad (9.0167 deg) | TransErr = 2.05 mm [PASSES] -> Reward: +20.00
    Alternative Pair with Shard 10 (NOT ACTIVE IN TREE):
      Candidate choice=1 inlier=50 | RotErr = 0.9981 rad (57.1879 deg) | TransErr = 40.45 mm [FAILS]
      Candidate choice=2 inlier=30 | RotErr = 0.9457 rad (54.1858 deg) | TransErr = 79.65 mm [FAILS]
      Candidate choice=3 inlier=42 | RotErr = 3.0820 rad (176.5857 deg) | TransErr = 71.80 mm [FAILS]
      Candidate choice=4 inlier=58 | RotErr = 2.8132 rad (161.1831 deg) | TransErr = 21.62 mm [FAILS]
      Candidate choice=5 inlier=28 | RotErr = 2.9984 rad (171.7954 deg) | TransErr = 39.75 mm [FAILS]
    Alternative Pair with Shard 23 (NOT ACTIVE IN TREE):
      Candidate choice=1 inlier=40 | RotErr = 0.2891 rad (16.5652 deg) | TransErr = 6.69 mm [FAILS]
      Candidate choice=2 inlier=45 | RotErr = 0.4313 rad (24.7115 deg) | TransErr = 5.42 mm [FAILS]
      Candidate choice=3 inlier=28 | RotErr = 1.0099 rad (57.8603 deg) | TransErr = 53.57 mm [FAILS]
    Alternative Pair with Shard 24 (NOT ACTIVE IN TREE):
      [No match candidates found]
    Alternative Pair with Shard 6 (NOT ACTIVE IN TREE):
      Candidate choice=1 inlier=26 | RotErr = 3.0329 rad (173.7703 deg) | TransErr = 23.97 mm [FAILS]
      Candidate choice=2 inlier=28 | RotErr = 2.2718 rad (130.1664 deg) | TransErr = 159.82 mm [FAILS]
      Candidate choice=3 inlier=8 | RotErr = 2.2736 rad (130.2679 deg) | TransErr = 113.70 mm [FAILS]
    Alternative Pair with Shard 21 (NOT ACTIVE IN TREE):
      Candidate choice=1 inlier=79 | RotErr = 1.1989 rad (68.6928 deg) | TransErr = 11.37 mm [FAILS]
      Candidate choice=2 inlier=28 | RotErr = 2.8819 rad (165.1231 deg) | TransErr = 142.58 mm [FAILS]
      Candidate choice=3 inlier=12 | RotErr = 2.7297 rad (156.3992 deg) | TransErr = 20.93 mm [FAILS]
      Candidate choice=4 inlier=30 | RotErr = 2.9470 rad (168.8534 deg) | TransErr = 144.02 mm [FAILS]
    Alternative Pair with Shard 9 (ACTIVE IN TREE) [SKIPPED]
    Alternative Pair with Shard 12 (NOT ACTIVE IN TREE):
      Candidate choice=1 inlier=36 | RotErr = 2.6793 rad (153.5125 deg) | TransErr = 21.26 mm [FAILS]
      Candidate choice=2 inlier=32 | RotErr = 3.1091 rad (178.1411 deg) | TransErr = 15.90 mm [FAILS]
      Candidate choice=3 inlier=36 | RotErr = 2.3189 rad (132.8631 deg) | TransErr = 60.64 mm [FAILS]
      Candidate choice=4 inlier=32 | RotErr = 2.2716 rad (130.1540 deg) | TransErr = 125.86 mm [FAILS]
      Candidate choice=5 inlier=32 | RotErr = 3.0438 rad (174.3960 deg) | TransErr = 24.68 mm [FAILS]
      Candidate choice=6 inlier=62 | RotErr = 1.9080 rad (109.3195 deg) | TransErr = 46.55 mm [FAILS]
    Alternative Pair with Shard 19 (NOT ACTIVE IN TREE):
      Candidate choice=1 inlier=48 | RotErr = 0.4550 rad (26.0680 deg) | TransErr = 25.71 mm [FAILS]
      Candidate choice=2 inlier=36 | RotErr = 2.9714 rad (170.2499 deg) | TransErr = 142.87 mm [FAILS]
      Candidate choice=3 inlier=34 | RotErr = 3.0371 rad (174.0113 deg) | TransErr = 143.72 mm [FAILS]
      Candidate choice=4 inlier=70 | RotErr = 2.3073 rad (132.2001 deg) | TransErr = 15.88 mm [FAILS]
      Candidate choice=5 inlier=38 | RotErr = 2.3363 rad (133.8618 deg) | TransErr = 40.04 mm [FAILS]
    Alternative Pair with Shard 2 (NOT ACTIVE IN TREE):
      [No match candidates found]
    Alternative Pair with Shard 7 (NOT ACTIVE IN TREE):
      Candidate choice=1 inlier=38 | RotErr = 3.0423 rad (174.3099 deg) | TransErr = 87.79 mm [FAILS]
      Candidate choice=2 inlier=32 | RotErr = 3.1168 rad (178.5784 deg) | TransErr = 111.77 mm [FAILS]
      Candidate choice=3 inlier=30 | RotErr = 2.9974 rad (171.7374 deg) | TransErr = 89.04 mm [FAILS]
      Candidate choice=4 inlier=32 | RotErr = 3.0230 rad (173.2061 deg) | TransErr = 135.44 mm [FAILS]
      Candidate choice=5 inlier=56 | RotErr = 1.6113 rad (92.3194 deg) | TransErr = 11.00 mm [FAILS]
      Candidate choice=6 inlier=28 | RotErr = 0.0953 rad (5.4620 deg) | TransErr = 10.10 mm [FAILS]
    Alternative Pair with Shard 15 (NOT ACTIVE IN TREE):
      Candidate choice=1 inlier=48 | RotErr = 2.7404 rad (157.0151 deg) | TransErr = 32.64 mm [FAILS]
      Candidate choice=2 inlier=0 | RotErr = 3.1409 rad (179.9615 deg) | TransErr = 52.68 mm [FAILS]
      Candidate choice=3 inlier=34 | RotErr = 0.7371 rad (42.2319 deg) | TransErr = 33.72 mm [FAILS]
      Candidate choice=4 inlier=30 | RotErr = 0.8264 rad (47.3480 deg) | TransErr = 12.90 mm [FAILS]
    Alternative Pair with Shard 22 (NOT ACTIVE IN TREE):
      Candidate choice=1 inlier=40 | RotErr = 1.0477 rad (60.0304 deg) | TransErr = 48.53 mm [FAILS]
      Candidate choice=2 inlier=57 | RotErr = 1.5153 rad (86.8231 deg) | TransErr = 44.23 mm [FAILS]
      Candidate choice=3 inlier=22 | RotErr = 3.0020 rad (172.0028 deg) | TransErr = 131.44 mm [FAILS]
      Candidate choice=4 inlier=51 | RotErr = 2.8769 rad (164.8339 deg) | TransErr = 130.05 mm [FAILS]
      Candidate choice=5 inlier=38 | RotErr = 0.5284 rad (30.2767 deg) | TransErr = 27.25 mm [FAILS]
      Candidate choice=6 inlier=20 | RotErr = 0.4419 rad (25.3189 deg) | TransErr = 38.06 mm [FAILS]
    Alternative Pair with Shard 3 (NOT ACTIVE IN TREE):
      Candidate choice=1 inlier=68 | RotErr = 1.9128 rad (109.5965 deg) | TransErr = 7.59 mm [FAILS]
    Alternative Pair with Shard 20 (NOT ACTIVE IN TREE):
      Candidate choice=1 inlier=38 | RotErr = 1.2106 rad (69.3610 deg) | TransErr = 31.11 mm [FAILS]
      Candidate choice=2 inlier=24 | RotErr = 1.6252 rad (93.1156 deg) | TransErr = 21.64 mm [FAILS]
    Alternative Pair with Shard 25 (NOT ACTIVE IN TREE):
      [No match candidates found]
    Alternative Pair with Shard 26 (NOT ACTIVE IN TREE):
      Candidate choice=1 inlier=20 | RotErr = 1.8775 rad (107.5753 deg) | TransErr = 104.66 mm [FAILS]
      Candidate choice=2 inlier=24 | RotErr = 2.8406 rad (162.7554 deg) | TransErr = 55.49 mm [FAILS]
      Candidate choice=3 inlier=20 | RotErr = 2.9062 rad (166.5157 deg) | TransErr = 49.51 mm [FAILS]
    Alternative Pair with Shard 11 (ACTIVE IN TREE) [SKIPPED]
    Alternative Pair with Shard 18 (NOT ACTIVE IN TREE):
      Candidate choice=1 inlier=36 | RotErr = 1.7128 rad (98.1381 deg) | TransErr = 24.26 mm [FAILS]
      Candidate choice=2 inlier=38 | RotErr = 2.1404 rad (122.6354 deg) | TransErr = 28.61 mm [FAILS]
      Candidate choice=3 inlier=0 | RotErr = 2.7990 rad (160.3715 deg) | TransErr = 134.08 mm [FAILS]
      Candidate choice=4 inlier=24 | RotErr = 3.0032 rad (172.0687 deg) | TransErr = 32.60 mm [FAILS]
      Candidate choice=5 inlier=20 | RotErr = 0.9893 rad (56.6822 deg) | TransErr = 107.19 mm [FAILS]
    Alternative Pair with Shard 8 (NOT ACTIVE IN TREE):
      Candidate choice=1 inlier=28 | RotErr = 2.9331 rad (168.0519 deg) | TransErr = 92.10 mm [FAILS]
      Candidate choice=2 inlier=24 | RotErr = 2.9979 rad (171.7645 deg) | TransErr = 140.52 mm [FAILS]
      Candidate choice=3 inlier=20 | RotErr = 2.6405 rad (151.2892 deg) | TransErr = 138.65 mm [FAILS]
      Candidate choice=4 inlier=46 | RotErr = 1.2409 rad (71.1004 deg) | TransErr = 22.34 mm [FAILS]
      Candidate choice=5 inlier=30 | RotErr = 2.8719 rad (164.5449 deg) | TransErr = 139.28 mm [FAILS]
      Candidate choice=6 inlier=34 | RotErr = 3.0298 rad (173.5960 deg) | TransErr = 142.49 mm [FAILS]
    Alternative Pair with Shard 14 (NOT ACTIVE IN TREE):
      Candidate choice=1 inlier=0 | RotErr = 3.0088 rad (172.3923 deg) | TransErr = 115.77 mm [FAILS]
      Candidate choice=2 inlier=0 | RotErr = 2.0944 rad (120.0031 deg) | TransErr = 160.59 mm [FAILS]
      Candidate choice=3 inlier=0 | RotErr = 2.4646 rad (141.2102 deg) | TransErr = 160.15 mm [FAILS]
      Candidate choice=4 inlier=40 | RotErr = 2.7796 rad (159.2618 deg) | TransErr = 14.65 mm [FAILS]
      Candidate choice=5 inlier=28 | RotErr = 1.9612 rad (112.3689 deg) | TransErr = 15.06 mm [FAILS]
    Alternative Pair with Shard 16 (NOT ACTIVE IN TREE):
      Candidate choice=1 inlier=38 | RotErr = 3.0537 rad (174.9669 deg) | TransErr = 140.22 mm [FAILS]
    Alternative Pair with Shard 4 (NOT ACTIVE IN TREE):
      Candidate choice=1 inlier=48 | RotErr = 1.1778 rad (67.4856 deg) | TransErr = 17.03 mm [FAILS]
      Candidate choice=2 inlier=12 | RotErr = 2.7561 rad (157.9135 deg) | TransErr = 102.03 mm [FAILS]
    Alternative Pair with Shard 13 (NOT ACTIVE IN TREE):
      [No match candidates found]
    Alternative Pair with Shard 17 (NOT ACTIVE IN TREE):
      Candidate choice=1 inlier=59 | RotErr = 3.0985 rad (177.5287 deg) | TransErr = 12.00 mm [FAILS]
    Alternative Pair with Shard 27 (NOT ACTIVE IN TREE):
      [No match candidates found]
  Shard 7 (placed by parent 9):
    Alternative Pair with Shard 1 (NOT ACTIVE IN TREE):
      Candidate choice=1 inlier=0 | RotErr = 3.0478 rad (174.6257 deg) | TransErr = 53.17 mm [FAILS]
      Candidate choice=2 inlier=38 | RotErr = 2.8284 rad (162.0543 deg) | TransErr = 80.01 mm [FAILS]
      Candidate choice=3 inlier=36 | RotErr = 1.5571 rad (89.2146 deg) | TransErr = 7.40 mm [FAILS]
      Candidate choice=4 inlier=38 | RotErr = 0.9947 rad (56.9944 deg) | TransErr = 21.69 mm [FAILS]
      Candidate choice=5 inlier=26 | RotErr = 0.8952 rad (51.2938 deg) | TransErr = 107.91 mm [FAILS]
    Alternative Pair with Shard 10 (NOT ACTIVE IN TREE):
      Candidate choice=1 inlier=30 | RotErr = 2.5175 rad (144.2434 deg) | TransErr = 23.50 mm [FAILS]
      Candidate choice=2 inlier=26 | RotErr = 3.0781 rad (176.3639 deg) | TransErr = 43.65 mm [FAILS]
      Candidate choice=3 inlier=24 | RotErr = 3.0713 rad (175.9705 deg) | TransErr = 28.95 mm [FAILS]
      Candidate choice=4 inlier=12 | RotErr = 2.8028 rad (160.5878 deg) | TransErr = 127.38 mm [FAILS]
    Alternative Pair with Shard 23 (NOT ACTIVE IN TREE):
      Candidate choice=1 inlier=32 | RotErr = 3.0013 rad (171.9591 deg) | TransErr = 93.21 mm [FAILS]
      Candidate choice=2 inlier=30 | RotErr = 0.6412 rad (36.7406 deg) | TransErr = 57.27 mm [FAILS]
    Alternative Pair with Shard 24 (NOT ACTIVE IN TREE):
      Candidate choice=1 inlier=34 | RotErr = 0.7708 rad (44.1645 deg) | TransErr = 72.83 mm [FAILS]
    Alternative Pair with Shard 6 (NOT ACTIVE IN TREE):
      Candidate choice=1 inlier=24 | RotErr = 2.0082 rad (115.0634 deg) | TransErr = 162.43 mm [FAILS]
      Candidate choice=2 inlier=18 | RotErr = 2.8781 rad (164.9004 deg) | TransErr = 21.60 mm [FAILS]
      Candidate choice=3 inlier=26 | RotErr = 3.0978 rad (177.4898 deg) | TransErr = 34.78 mm [FAILS]
      Candidate choice=4 inlier=0 | RotErr = 1.3557 rad (77.6764 deg) | TransErr = 174.54 mm [FAILS]
    Alternative Pair with Shard 21 (NOT ACTIVE IN TREE):
      Candidate choice=1 inlier=22 | RotErr = 2.2697 rad (130.0430 deg) | TransErr = 7.38 mm [FAILS]
      Candidate choice=2 inlier=36 | RotErr = 2.9474 rad (168.8733 deg) | TransErr = 20.73 mm [FAILS]
      Candidate choice=3 inlier=36 | RotErr = 3.0308 rad (173.6527 deg) | TransErr = 26.35 mm [FAILS]
    Alternative Pair with Shard 9 (ACTIVE IN TREE) [SKIPPED]
    Alternative Pair with Shard 12 (NOT ACTIVE IN TREE):
      Candidate choice=1 inlier=22 | RotErr = 2.9846 rad (171.0056 deg) | TransErr = 143.68 mm [FAILS]
      Candidate choice=2 inlier=36 | RotErr = 2.9951 rad (171.6064 deg) | TransErr = 76.62 mm [FAILS]
      Candidate choice=3 inlier=30 | RotErr = 3.0518 rad (174.8558 deg) | TransErr = 42.77 mm [FAILS]
      Candidate choice=4 inlier=14 | RotErr = 1.9960 rad (114.3648 deg) | TransErr = 48.82 mm [FAILS]
    Alternative Pair with Shard 19 (NOT ACTIVE IN TREE):
      Candidate choice=1 inlier=34 | RotErr = 3.1159 rad (178.5280 deg) | TransErr = 137.77 mm [FAILS]
      Candidate choice=2 inlier=38 | RotErr = 2.7545 rad (157.8212 deg) | TransErr = 13.58 mm [FAILS]
    Alternative Pair with Shard 2 (NOT ACTIVE IN TREE):
      Candidate choice=1 inlier=28 | RotErr = 1.3543 rad (77.5962 deg) | TransErr = 168.33 mm [FAILS]
      Candidate choice=2 inlier=44 | RotErr = 2.9505 rad (169.0514 deg) | TransErr = 22.45 mm [FAILS]
      Candidate choice=3 inlier=34 | RotErr = 1.0856 rad (62.2024 deg) | TransErr = 155.58 mm [FAILS]
      Candidate choice=4 inlier=30 | RotErr = 0.6158 rad (35.2818 deg) | TransErr = 161.05 mm [FAILS]
      Candidate choice=5 inlier=34 | RotErr = 0.9645 rad (55.2613 deg) | TransErr = 163.67 mm [FAILS]
    Alternative Pair with Shard 5 (NOT ACTIVE IN TREE):
      Candidate choice=1 inlier=38 | RotErr = 3.0423 rad (174.3099 deg) | TransErr = 87.79 mm [FAILS]
      Candidate choice=2 inlier=32 | RotErr = 3.1168 rad (178.5784 deg) | TransErr = 111.77 mm [FAILS]
      Candidate choice=3 inlier=30 | RotErr = 2.9974 rad (171.7374 deg) | TransErr = 89.04 mm [FAILS]
      Candidate choice=4 inlier=32 | RotErr = 3.0230 rad (173.2061 deg) | TransErr = 135.44 mm [FAILS]
      Candidate choice=5 inlier=56 | RotErr = 1.6113 rad (92.3194 deg) | TransErr = 11.00 mm [FAILS]
      Candidate choice=6 inlier=28 | RotErr = 0.0953 rad (5.4620 deg) | TransErr = 10.10 mm [FAILS]
    Alternative Pair with Shard 15 (NOT ACTIVE IN TREE):
      Candidate choice=1 inlier=26 | RotErr = 2.8860 rad (165.3530 deg) | TransErr = 93.63 mm [FAILS]
      Candidate choice=2 inlier=0 | RotErr = 3.0308 rad (173.6528 deg) | TransErr = 90.45 mm [FAILS]
      Candidate choice=3 inlier=24 | RotErr = 2.7806 rad (159.3168 deg) | TransErr = 84.79 mm [FAILS]
    Alternative Pair with Shard 22 (NOT ACTIVE IN TREE):
      Candidate choice=1 inlier=30 | RotErr = 2.9986 rad (171.8065 deg) | TransErr = 132.63 mm [FAILS]
      Candidate choice=2 inlier=18 | RotErr = 0.2932 rad (16.7990 deg) | TransErr = 22.17 mm [FAILS]
      Candidate choice=3 inlier=28 | RotErr = 0.3611 rad (20.6893 deg) | TransErr = 7.53 mm [FAILS]
    Alternative Pair with Shard 3 (NOT ACTIVE IN TREE):
      Candidate choice=1 inlier=30 | RotErr = 2.7829 rad (159.4471 deg) | TransErr = 104.17 mm [FAILS]
      Candidate choice=2 inlier=76 | RotErr = 1.2708 rad (72.8106 deg) | TransErr = 21.87 mm [FAILS]
      Candidate choice=3 inlier=40 | RotErr = 1.1486 rad (65.8101 deg) | TransErr = 10.09 mm [FAILS]
    Alternative Pair with Shard 20 (NOT ACTIVE IN TREE):
      Candidate choice=1 inlier=40 | RotErr = 0.9604 rad (55.0253 deg) | TransErr = 5.12 mm [FAILS]
      Candidate choice=2 inlier=44 | RotErr = 3.0950 rad (177.3297 deg) | TransErr = 152.43 mm [FAILS]
      Candidate choice=3 inlier=22 | RotErr = 2.3815 rad (136.4498 deg) | TransErr = 14.09 mm [FAILS]
      Candidate choice=4 inlier=36 | RotErr = 2.5825 rad (147.9684 deg) | TransErr = 157.10 mm [FAILS]
      Candidate choice=5 inlier=0 | RotErr = 3.0987 rad (177.5398 deg) | TransErr = 201.99 mm [FAILS]
    Alternative Pair with Shard 25 (NOT ACTIVE IN TREE):
      [No match candidates found]
    Alternative Pair with Shard 26 (NOT ACTIVE IN TREE):
      Candidate choice=1 inlier=18 | RotErr = 0.8221 rad (47.1015 deg) | TransErr = 105.34 mm [FAILS]
      Candidate choice=2 inlier=22 | RotErr = 2.8249 rad (161.8575 deg) | TransErr = 61.96 mm [FAILS]
      Candidate choice=3 inlier=34 | RotErr = 2.9238 rad (167.5217 deg) | TransErr = 41.02 mm [FAILS]
    Alternative Pair with Shard 11 (NOT ACTIVE IN TREE):
      Candidate choice=1 inlier=107 | RotErr = 0.1042 rad (5.9712 deg) | TransErr = 7.34 mm [PASSES] -> Reward: +20.00
      Candidate choice=2 inlier=61 | RotErr = 2.7311 rad (156.4824 deg) | TransErr = 12.32 mm [FAILS]
    Alternative Pair with Shard 18 (NOT ACTIVE IN TREE):
      Candidate choice=1 inlier=16 | RotErr = 3.0301 rad (173.6147 deg) | TransErr = 48.90 mm [FAILS]
      Candidate choice=2 inlier=18 | RotErr = 2.0679 rad (118.4795 deg) | TransErr = 124.84 mm [FAILS]
      Candidate choice=3 inlier=40 | RotErr = 1.1733 rad (67.2243 deg) | TransErr = 70.29 mm [FAILS]
      Candidate choice=4 inlier=0 | RotErr = 3.0950 rad (177.3282 deg) | TransErr = 61.49 mm [FAILS]
    Alternative Pair with Shard 8 (NOT ACTIVE IN TREE):
      Candidate choice=1 inlier=34 | RotErr = 1.8885 rad (108.2024 deg) | TransErr = 4.41 mm [FAILS]
      Candidate choice=2 inlier=40 | RotErr = 2.9935 rad (171.5141 deg) | TransErr = 139.59 mm [FAILS]
      Candidate choice=3 inlier=98 | RotErr = 0.2143 rad (12.2767 deg) | TransErr = 7.14 mm [PASSES] -> Reward: +20.00
      Candidate choice=4 inlier=30 | RotErr = 2.9786 rad (170.6591 deg) | TransErr = 140.60 mm [FAILS]
    Alternative Pair with Shard 14 (NOT ACTIVE IN TREE):
      Candidate choice=1 inlier=30 | RotErr = 2.8019 rad (160.5366 deg) | TransErr = 15.28 mm [FAILS]
      Candidate choice=2 inlier=92 | RotErr = 0.2882 rad (16.5123 deg) | TransErr = 14.81 mm [FAILS]
    Alternative Pair with Shard 16 (NOT ACTIVE IN TREE):
      [No match candidates found]
    Alternative Pair with Shard 4 (NOT ACTIVE IN TREE):
      Candidate choice=1 inlier=36 | RotErr = 1.0297 rad (58.9948 deg) | TransErr = 15.30 mm [FAILS]
      Candidate choice=2 inlier=30 | RotErr = 1.1130 rad (63.7687 deg) | TransErr = 29.93 mm [FAILS]
    Alternative Pair with Shard 13 (NOT ACTIVE IN TREE):
      Candidate choice=1 inlier=0 | RotErr = 2.8287 rad (162.0731 deg) | TransErr = 21.23 mm [FAILS]
      Candidate choice=2 inlier=38 | RotErr = 3.1107 rad (178.2321 deg) | TransErr = 54.77 mm [FAILS]
      Candidate choice=3 inlier=10 | RotErr = 2.3868 rad (136.7556 deg) | TransErr = 45.80 mm [FAILS]
      Candidate choice=4 inlier=32 | RotErr = 1.1936 rad (68.3905 deg) | TransErr = 165.96 mm [FAILS]
    Alternative Pair with Shard 17 (NOT ACTIVE IN TREE):
      [No match candidates found]
    Alternative Pair with Shard 27 (NOT ACTIVE IN TREE):
      [No match candidates found]
  Shard 15 (placed by parent 9):
    Alternative Pair with Shard 1 (NOT ACTIVE IN TREE):
      Candidate choice=1 inlier=36 | RotErr = 2.6024 rad (149.1047 deg) | TransErr = 10.52 mm [FAILS]
      Candidate choice=2 inlier=44 | RotErr = 3.1192 rad (178.7164 deg) | TransErr = 48.00 mm [FAILS]
      Candidate choice=3 inlier=36 | RotErr = 2.5424 rad (145.6678 deg) | TransErr = 84.74 mm [FAILS]
      Candidate choice=4 inlier=40 | RotErr = 1.8822 rad (107.8407 deg) | TransErr = 29.44 mm [FAILS]
      Candidate choice=5 inlier=32 | RotErr = 1.7374 rad (99.5436 deg) | TransErr = 7.68 mm [FAILS]
    Alternative Pair with Shard 10 (NOT ACTIVE IN TREE):
      Candidate choice=1 inlier=38 | RotErr = 1.5841 rad (90.7609 deg) | TransErr = 26.91 mm [FAILS]
      Candidate choice=2 inlier=50 | RotErr = 1.8219 rad (104.3879 deg) | TransErr = 14.89 mm [FAILS]
      Candidate choice=3 inlier=28 | RotErr = 2.7599 rad (158.1313 deg) | TransErr = 18.87 mm [FAILS]
    Alternative Pair with Shard 23 (NOT ACTIVE IN TREE):
      Candidate choice=1 inlier=10 | RotErr = 1.7990 rad (103.0744 deg) | TransErr = 20.55 mm [FAILS]
    Alternative Pair with Shard 24 (NOT ACTIVE IN TREE):
      [No match candidates found]
    Alternative Pair with Shard 6 (NOT ACTIVE IN TREE):
      Candidate choice=1 inlier=24 | RotErr = 0.6547 rad (37.5120 deg) | TransErr = 105.10 mm [FAILS]
    Alternative Pair with Shard 21 (NOT ACTIVE IN TREE):
      Candidate choice=1 inlier=28 | RotErr = 3.0473 rad (174.5975 deg) | TransErr = 52.29 mm [FAILS]
    Alternative Pair with Shard 9 (ACTIVE IN TREE) [SKIPPED]
    Alternative Pair with Shard 12 (NOT ACTIVE IN TREE):
      Candidate choice=1 inlier=34 | RotErr = 2.1998 rad (126.0365 deg) | TransErr = 47.63 mm [FAILS]
      Candidate choice=2 inlier=46 | RotErr = 0.2514 rad (14.4063 deg) | TransErr = 23.69 mm [FAILS]
      Candidate choice=3 inlier=38 | RotErr = 0.2123 rad (12.1629 deg) | TransErr = 3.16 mm [PASSES] -> Reward: +20.00
      Candidate choice=4 inlier=50 | RotErr = 0.9296 rad (53.2603 deg) | TransErr = 41.62 mm [FAILS]
    Alternative Pair with Shard 19 (NOT ACTIVE IN TREE):
      Candidate choice=1 inlier=36 | RotErr = 2.6838 rad (153.7714 deg) | TransErr = 86.75 mm [FAILS]
      Candidate choice=2 inlier=26 | RotErr = 2.3269 rad (133.3228 deg) | TransErr = 34.38 mm [FAILS]
      Candidate choice=3 inlier=34 | RotErr = 2.5038 rad (143.4563 deg) | TransErr = 8.92 mm [FAILS]
      Candidate choice=4 inlier=46 | RotErr = 2.2990 rad (131.7240 deg) | TransErr = 41.11 mm [FAILS]
    Alternative Pair with Shard 2 (NOT ACTIVE IN TREE):
      Candidate choice=1 inlier=22 | RotErr = 0.3807 rad (21.8125 deg) | TransErr = 70.38 mm [FAILS]
    Alternative Pair with Shard 5 (NOT ACTIVE IN TREE):
      Candidate choice=1 inlier=48 | RotErr = 2.7404 rad (157.0151 deg) | TransErr = 32.64 mm [FAILS]
      Candidate choice=2 inlier=0 | RotErr = 3.1409 rad (179.9615 deg) | TransErr = 52.68 mm [FAILS]
      Candidate choice=3 inlier=34 | RotErr = 0.7371 rad (42.2319 deg) | TransErr = 33.72 mm [FAILS]
      Candidate choice=4 inlier=30 | RotErr = 0.8264 rad (47.3480 deg) | TransErr = 12.90 mm [FAILS]
    Alternative Pair with Shard 7 (NOT ACTIVE IN TREE):
      Candidate choice=1 inlier=26 | RotErr = 2.8860 rad (165.3530 deg) | TransErr = 93.63 mm [FAILS]
      Candidate choice=2 inlier=0 | RotErr = 3.0308 rad (173.6528 deg) | TransErr = 90.45 mm [FAILS]
      Candidate choice=3 inlier=24 | RotErr = 2.7806 rad (159.3168 deg) | TransErr = 84.79 mm [FAILS]
    Alternative Pair with Shard 22 (NOT ACTIVE IN TREE):
      Candidate choice=1 inlier=26 | RotErr = 0.7243 rad (41.5006 deg) | TransErr = 79.90 mm [FAILS]
      Candidate choice=2 inlier=54 | RotErr = 0.1014 rad (5.8103 deg) | TransErr = 1.07 mm [PASSES] -> Reward: +20.00
      Candidate choice=3 inlier=24 | RotErr = 1.3740 rad (78.7224 deg) | TransErr = 45.59 mm [FAILS]
    Alternative Pair with Shard 3 (NOT ACTIVE IN TREE):
      Candidate choice=1 inlier=42 | RotErr = 0.3737 rad (21.4086 deg) | TransErr = 35.79 mm [FAILS]
      Candidate choice=2 inlier=40 | RotErr = 0.4101 rad (23.4975 deg) | TransErr = 49.86 mm [FAILS]
      Candidate choice=3 inlier=50 | RotErr = 3.0548 rad (175.0296 deg) | TransErr = 128.63 mm [FAILS]
    Alternative Pair with Shard 20 (NOT ACTIVE IN TREE):
      [No match candidates found]
    Alternative Pair with Shard 25 (NOT ACTIVE IN TREE):
      [No match candidates found]
    Alternative Pair with Shard 26 (NOT ACTIVE IN TREE):
      [No match candidates found]
    Alternative Pair with Shard 11 (NOT ACTIVE IN TREE):
      Candidate choice=1 inlier=12 | RotErr = 3.0517 rad (174.8485 deg) | TransErr = 80.74 mm [FAILS]
      Candidate choice=2 inlier=14 | RotErr = 3.1253 rad (179.0672 deg) | TransErr = 80.13 mm [FAILS]
      Candidate choice=3 inlier=0 | RotErr = 3.0542 rad (174.9901 deg) | TransErr = 89.02 mm [FAILS]
      Candidate choice=4 inlier=0 | RotErr = 2.8067 rad (160.8136 deg) | TransErr = 185.38 mm [FAILS]
    Alternative Pair with Shard 18 (ACTIVE IN TREE) [SKIPPED]
    Alternative Pair with Shard 8 (NOT ACTIVE IN TREE):
      Candidate choice=1 inlier=44 | RotErr = 0.1518 rad (8.6981 deg) | TransErr = 7.68 mm [PASSES] -> Reward: +20.00
      Candidate choice=2 inlier=42 | RotErr = 0.5273 rad (30.2100 deg) | TransErr = 17.93 mm [FAILS]
      Candidate choice=3 inlier=44 | RotErr = 3.0116 rad (172.5548 deg) | TransErr = 61.93 mm [FAILS]
    Alternative Pair with Shard 14 (NOT ACTIVE IN TREE):
      Candidate choice=1 inlier=10 | RotErr = 2.9016 rad (166.2481 deg) | TransErr = 90.56 mm [FAILS]
      Candidate choice=2 inlier=0 | RotErr = 0.3759 rad (21.5373 deg) | TransErr = 185.93 mm [FAILS]
      Candidate choice=3 inlier=30 | RotErr = 3.1131 rad (178.3683 deg) | TransErr = 70.00 mm [FAILS]
    Alternative Pair with Shard 16 (NOT ACTIVE IN TREE):
      Candidate choice=1 inlier=60 | RotErr = 2.4794 rad (142.0601 deg) | TransErr = 14.14 mm [FAILS]
      Candidate choice=2 inlier=46 | RotErr = 2.1973 rad (125.8981 deg) | TransErr = 21.07 mm [FAILS]
    Alternative Pair with Shard 4 (NOT ACTIVE IN TREE):
      [No match candidates found]
    Alternative Pair with Shard 13 (NOT ACTIVE IN TREE):
      [No match candidates found]
    Alternative Pair with Shard 17 (NOT ACTIVE IN TREE):
      Candidate choice=1 inlier=14 | RotErr = 2.7842 rad (159.5201 deg) | TransErr = 83.50 mm [FAILS]
    Alternative Pair with Shard 27 (NOT ACTIVE IN TREE):
      [No match candidates found]
  Shard 22 (placed by parent 9):
    Alternative Pair with Shard 1 (NOT ACTIVE IN TREE):
      Candidate choice=1 inlier=36 | RotErr = 2.5468 rad (145.9218 deg) | TransErr = 8.20 mm [FAILS]
      Candidate choice=2 inlier=55 | RotErr = 1.2801 rad (73.3431 deg) | TransErr = 35.66 mm [FAILS]
    Alternative Pair with Shard 10 (NOT ACTIVE IN TREE):
      Candidate choice=1 inlier=0 | RotErr = 3.0282 rad (173.5019 deg) | TransErr = 28.86 mm [FAILS]
      Candidate choice=2 inlier=40 | RotErr = 2.6643 rad (152.6555 deg) | TransErr = 17.84 mm [FAILS]
      Candidate choice=3 inlier=65 | RotErr = 2.9201 rad (167.3074 deg) | TransErr = 3.32 mm [FAILS]
      Candidate choice=4 inlier=28 | RotErr = 2.3159 rad (132.6921 deg) | TransErr = 50.92 mm [FAILS]
      Candidate choice=5 inlier=22 | RotErr = 2.2257 rad (127.5240 deg) | TransErr = 91.94 mm [FAILS]
    Alternative Pair with Shard 23 (NOT ACTIVE IN TREE):
      [No match candidates found]
    Alternative Pair with Shard 24 (NOT ACTIVE IN TREE):
      [No match candidates found]
    Alternative Pair with Shard 6 (NOT ACTIVE IN TREE):
      [No match candidates found]
    Alternative Pair with Shard 21 (NOT ACTIVE IN TREE):
      Candidate choice=1 inlier=54 | RotErr = 2.6101 rad (149.5486 deg) | TransErr = 24.96 mm [FAILS]
      Candidate choice=2 inlier=0 | RotErr = 3.1135 rad (178.3915 deg) | TransErr = 79.02 mm [FAILS]
    Alternative Pair with Shard 9 (ACTIVE IN TREE) [SKIPPED]
    Alternative Pair with Shard 12 (NOT ACTIVE IN TREE):
      Candidate choice=1 inlier=55 | RotErr = 2.2104 rad (126.6472 deg) | TransErr = 26.69 mm [FAILS]
    Alternative Pair with Shard 19 (NOT ACTIVE IN TREE):
      [No match candidates found]
    Alternative Pair with Shard 2 (NOT ACTIVE IN TREE):
      [No match candidates found]
    Alternative Pair with Shard 5 (NOT ACTIVE IN TREE):
      Candidate choice=1 inlier=40 | RotErr = 1.0477 rad (60.0304 deg) | TransErr = 48.53 mm [FAILS]
      Candidate choice=2 inlier=57 | RotErr = 1.5153 rad (86.8231 deg) | TransErr = 44.23 mm [FAILS]
      Candidate choice=3 inlier=22 | RotErr = 3.0020 rad (172.0028 deg) | TransErr = 131.44 mm [FAILS]
      Candidate choice=4 inlier=51 | RotErr = 2.8769 rad (164.8339 deg) | TransErr = 130.05 mm [FAILS]
      Candidate choice=5 inlier=38 | RotErr = 0.5284 rad (30.2767 deg) | TransErr = 27.25 mm [FAILS]
      Candidate choice=6 inlier=20 | RotErr = 0.4419 rad (25.3189 deg) | TransErr = 38.06 mm [FAILS]
    Alternative Pair with Shard 7 (NOT ACTIVE IN TREE):
      Candidate choice=1 inlier=30 | RotErr = 2.9986 rad (171.8065 deg) | TransErr = 132.63 mm [FAILS]
      Candidate choice=2 inlier=18 | RotErr = 0.2932 rad (16.7990 deg) | TransErr = 22.17 mm [FAILS]
      Candidate choice=3 inlier=28 | RotErr = 0.3611 rad (20.6893 deg) | TransErr = 7.53 mm [FAILS]
    Alternative Pair with Shard 15 (NOT ACTIVE IN TREE):
      Candidate choice=1 inlier=26 | RotErr = 0.7243 rad (41.5006 deg) | TransErr = 79.90 mm [FAILS]
      Candidate choice=2 inlier=54 | RotErr = 0.1014 rad (5.8103 deg) | TransErr = 1.07 mm [PASSES] -> Reward: +20.00
      Candidate choice=3 inlier=24 | RotErr = 1.3740 rad (78.7224 deg) | TransErr = 45.59 mm [FAILS]
    Alternative Pair with Shard 3 (NOT ACTIVE IN TREE):
      Candidate choice=1 inlier=34 | RotErr = 2.9595 rad (169.5654 deg) | TransErr = 135.24 mm [FAILS]
      Candidate choice=2 inlier=47 | RotErr = 2.9993 rad (171.8474 deg) | TransErr = 132.48 mm [FAILS]
    Alternative Pair with Shard 20 (NOT ACTIVE IN TREE):
      Candidate choice=1 inlier=28 | RotErr = 1.9491 rad (111.6726 deg) | TransErr = 30.00 mm [FAILS]
    Alternative Pair with Shard 25 (NOT ACTIVE IN TREE):
      [No match candidates found]
    Alternative Pair with Shard 26 (NOT ACTIVE IN TREE):
      [No match candidates found]
    Alternative Pair with Shard 11 (NOT ACTIVE IN TREE):
      Candidate choice=1 inlier=24 | RotErr = 1.1161 rad (63.9497 deg) | TransErr = 23.57 mm [FAILS]
      Candidate choice=2 inlier=4 | RotErr = 3.0428 rad (174.3373 deg) | TransErr = 198.58 mm [FAILS]
    Alternative Pair with Shard 18 (NOT ACTIVE IN TREE):
      Candidate choice=1 inlier=34 | RotErr = 1.5579 rad (89.2607 deg) | TransErr = 86.91 mm [FAILS]
      Candidate choice=2 inlier=36 | RotErr = 1.7017 rad (97.5004 deg) | TransErr = 107.14 mm [FAILS]
    Alternative Pair with Shard 8 (NOT ACTIVE IN TREE):
      Candidate choice=1 inlier=28 | RotErr = 3.0010 rad (171.9458 deg) | TransErr = 132.72 mm [FAILS]
      Candidate choice=2 inlier=36 | RotErr = 1.4924 rad (85.5081 deg) | TransErr = 23.91 mm [FAILS]
      Candidate choice=3 inlier=53 | RotErr = 0.3333 rad (19.0982 deg) | TransErr = 13.48 mm [FAILS]
      Candidate choice=4 inlier=40 | RotErr = 0.3015 rad (17.2736 deg) | TransErr = 11.45 mm [FAILS]
    Alternative Pair with Shard 14 (NOT ACTIVE IN TREE):
      [No match candidates found]
    Alternative Pair with Shard 16 (NOT ACTIVE IN TREE):
      [No match candidates found]
    Alternative Pair with Shard 4 (NOT ACTIVE IN TREE):
      Candidate choice=1 inlier=38 | RotErr = 3.0043 rad (172.1359 deg) | TransErr = 115.67 mm [FAILS]
    Alternative Pair with Shard 13 (NOT ACTIVE IN TREE):
      [No match candidates found]
    Alternative Pair with Shard 17 (NOT ACTIVE IN TREE):
      [No match candidates found]
    Alternative Pair with Shard 27 (NOT ACTIVE IN TREE):
      [No match candidates found]
  Shard 3 (placed by parent 12):
    Alternative Pair with Shard 1 (NOT ACTIVE IN TREE):
      Candidate choice=1 inlier=38 | RotErr = 1.4720 rad (84.3374 deg) | TransErr = 32.59 mm [FAILS]
      Candidate choice=2 inlier=52 | RotErr = 3.0603 rad (175.3414 deg) | TransErr = 121.54 mm [FAILS]
      Candidate choice=3 inlier=40 | RotErr = 2.8331 rad (162.3241 deg) | TransErr = 40.36 mm [FAILS]
    Alternative Pair with Shard 10 (NOT ACTIVE IN TREE):
      Candidate choice=1 inlier=40 | RotErr = 0.5181 rad (29.6824 deg) | TransErr = 26.14 mm [FAILS]
      Candidate choice=2 inlier=40 | RotErr = 2.1583 rad (123.6621 deg) | TransErr = 45.60 mm [FAILS]
      Candidate choice=3 inlier=12 | RotErr = 3.1275 rad (179.1912 deg) | TransErr = 50.17 mm [FAILS]
    Alternative Pair with Shard 23 (NOT ACTIVE IN TREE):
      Candidate choice=1 inlier=16 | RotErr = 2.9382 rad (168.3459 deg) | TransErr = 12.78 mm [FAILS]
      Candidate choice=2 inlier=38 | RotErr = 2.9096 rad (166.7077 deg) | TransErr = 96.44 mm [FAILS]
    Alternative Pair with Shard 24 (NOT ACTIVE IN TREE):
      [No match candidates found]
    Alternative Pair with Shard 6 (NOT ACTIVE IN TREE):
      Candidate choice=1 inlier=34 | RotErr = 2.9241 rad (167.5374 deg) | TransErr = 35.73 mm [FAILS]
    Alternative Pair with Shard 21 (NOT ACTIVE IN TREE):
      Candidate choice=1 inlier=46 | RotErr = 2.0812 rad (119.2416 deg) | TransErr = 9.59 mm [FAILS]
      Candidate choice=2 inlier=24 | RotErr = 3.0355 rad (173.9216 deg) | TransErr = 146.63 mm [FAILS]
      Candidate choice=3 inlier=24 | RotErr = 3.0582 rad (175.2212 deg) | TransErr = 158.38 mm [FAILS]
    Alternative Pair with Shard 9 (NOT ACTIVE IN TREE):
      Candidate choice=1 inlier=34 | RotErr = 1.2603 rad (72.2090 deg) | TransErr = 46.97 mm [FAILS]
      Candidate choice=2 inlier=30 | RotErr = 2.8627 rad (164.0178 deg) | TransErr = 134.48 mm [FAILS]
    Alternative Pair with Shard 12 (ACTIVE IN TREE) [SKIPPED]
    Alternative Pair with Shard 19 (NOT ACTIVE IN TREE):
      Candidate choice=1 inlier=53 | RotErr = 2.9233 rad (167.4936 deg) | TransErr = 27.90 mm [FAILS]
      Candidate choice=2 inlier=0 | RotErr = 3.1065 rad (177.9903 deg) | TransErr = 141.61 mm [FAILS]
      Candidate choice=3 inlier=44 | RotErr = 2.9935 rad (171.5135 deg) | TransErr = 143.55 mm [FAILS]
    Alternative Pair with Shard 2 (NOT ACTIVE IN TREE):
      [No match candidates found]
    Alternative Pair with Shard 5 (NOT ACTIVE IN TREE):
      Candidate choice=1 inlier=68 | RotErr = 1.9128 rad (109.5965 deg) | TransErr = 7.59 mm [FAILS]
    Alternative Pair with Shard 7 (NOT ACTIVE IN TREE):
      Candidate choice=1 inlier=30 | RotErr = 2.7829 rad (159.4471 deg) | TransErr = 104.17 mm [FAILS]
      Candidate choice=2 inlier=76 | RotErr = 1.2708 rad (72.8106 deg) | TransErr = 21.87 mm [FAILS]
      Candidate choice=3 inlier=40 | RotErr = 1.1486 rad (65.8101 deg) | TransErr = 10.09 mm [FAILS]
    Alternative Pair with Shard 15 (NOT ACTIVE IN TREE):
      Candidate choice=1 inlier=42 | RotErr = 0.3737 rad (21.4086 deg) | TransErr = 35.79 mm [FAILS]
      Candidate choice=2 inlier=40 | RotErr = 0.4101 rad (23.4975 deg) | TransErr = 49.86 mm [FAILS]
      Candidate choice=3 inlier=50 | RotErr = 3.0548 rad (175.0296 deg) | TransErr = 128.63 mm [FAILS]
    Alternative Pair with Shard 22 (NOT ACTIVE IN TREE):
      Candidate choice=1 inlier=34 | RotErr = 2.9595 rad (169.5654 deg) | TransErr = 135.24 mm [FAILS]
      Candidate choice=2 inlier=47 | RotErr = 2.9993 rad (171.8474 deg) | TransErr = 132.48 mm [FAILS]
    Alternative Pair with Shard 20 (NOT ACTIVE IN TREE):
      Candidate choice=1 inlier=42 | RotErr = 1.7851 rad (102.2799 deg) | TransErr = 19.13 mm [FAILS]
    Alternative Pair with Shard 25 (NOT ACTIVE IN TREE):
      [No match candidates found]
    Alternative Pair with Shard 26 (NOT ACTIVE IN TREE):
      [No match candidates found]
    Alternative Pair with Shard 11 (NOT ACTIVE IN TREE):
      Candidate choice=1 inlier=6 | RotErr = 3.0017 rad (171.9864 deg) | TransErr = 118.04 mm [FAILS]
      Candidate choice=2 inlier=0 | RotErr = 2.7181 rad (155.7366 deg) | TransErr = 58.89 mm [FAILS]
      Candidate choice=3 inlier=46 | RotErr = 2.9946 rad (171.5751 deg) | TransErr = 17.94 mm [FAILS]
      Candidate choice=4 inlier=72 | RotErr = 2.8652 rad (164.1621 deg) | TransErr = 16.55 mm [FAILS]
    Alternative Pair with Shard 18 (NOT ACTIVE IN TREE):
      Candidate choice=1 inlier=36 | RotErr = 2.9638 rad (169.8104 deg) | TransErr = 75.73 mm [FAILS]
    Alternative Pair with Shard 8 (ACTIVE IN TREE) [SKIPPED]
    Alternative Pair with Shard 14 (ACTIVE IN TREE) [SKIPPED]
    Alternative Pair with Shard 16 (ACTIVE IN TREE) [SKIPPED]
    Alternative Pair with Shard 4 (NOT ACTIVE IN TREE):
      Candidate choice=1 inlier=38 | RotErr = 2.8315 rad (162.2353 deg) | TransErr = 126.97 mm [FAILS]
      Candidate choice=2 inlier=46 | RotErr = 2.9000 rad (166.1573 deg) | TransErr = 136.17 mm [FAILS]
      Candidate choice=3 inlier=14 | RotErr = 2.6917 rad (154.2256 deg) | TransErr = 118.08 mm [FAILS]
      Candidate choice=4 inlier=32 | RotErr = 2.4733 rad (141.7109 deg) | TransErr = 17.51 mm [FAILS]
      Candidate choice=5 inlier=68 | RotErr = 0.8044 rad (46.0868 deg) | TransErr = 20.98 mm [FAILS]
    Alternative Pair with Shard 13 (NOT ACTIVE IN TREE):
      [No match candidates found]
    Alternative Pair with Shard 17 (NOT ACTIVE IN TREE):
      Candidate choice=1 inlier=79 | RotErr = 0.0826 rad (4.7305 deg) | TransErr = 4.89 mm [PASSES] -> Reward: +20.00
    Alternative Pair with Shard 27 (NOT ACTIVE IN TREE):
      [No match candidates found]
  Shard 20 (placed by parent 19):
    Alternative Pair with Shard 1 (NOT ACTIVE IN TREE):
      Candidate choice=1 inlier=36 | RotErr = 3.0797 rad (176.4542 deg) | TransErr = 116.83 mm [FAILS]
      Candidate choice=2 inlier=38 | RotErr = 0.2042 rad (11.6992 deg) | TransErr = 15.16 mm [FAILS]
      Candidate choice=3 inlier=40 | RotErr = 2.9929 rad (171.4801 deg) | TransErr = 142.26 mm [FAILS]
      Candidate choice=4 inlier=38 | RotErr = 3.1245 rad (179.0213 deg) | TransErr = 91.54 mm [FAILS]
    Alternative Pair with Shard 10 (NOT ACTIVE IN TREE):
      Candidate choice=1 inlier=20 | RotErr = 2.0531 rad (117.6323 deg) | TransErr = 130.42 mm [FAILS]
      Candidate choice=2 inlier=22 | RotErr = 3.0840 rad (176.6996 deg) | TransErr = 66.74 mm [FAILS]
    Alternative Pair with Shard 23 (NOT ACTIVE IN TREE):
      Candidate choice=1 inlier=22 | RotErr = 3.0730 rad (176.0702 deg) | TransErr = 108.17 mm [FAILS]
      Candidate choice=2 inlier=30 | RotErr = 3.0213 rad (173.1072 deg) | TransErr = 106.51 mm [FAILS]
      Candidate choice=3 inlier=28 | RotErr = 2.8824 rad (165.1466 deg) | TransErr = 94.61 mm [FAILS]
      Candidate choice=4 inlier=40 | RotErr = 0.8278 rad (47.4268 deg) | TransErr = 68.54 mm [FAILS]
    Alternative Pair with Shard 24 (NOT ACTIVE IN TREE):
      Candidate choice=1 inlier=26 | RotErr = 2.9247 rad (167.5709 deg) | TransErr = 92.12 mm [FAILS]
    Alternative Pair with Shard 6 (NOT ACTIVE IN TREE):
      [No match candidates found]
    Alternative Pair with Shard 21 (NOT ACTIVE IN TREE):
      Candidate choice=1 inlier=40 | RotErr = 3.1206 rad (178.7985 deg) | TransErr = 143.72 mm [FAILS]
    Alternative Pair with Shard 9 (NOT ACTIVE IN TREE):
      Candidate choice=1 inlier=34 | RotErr = 2.8513 rad (163.3701 deg) | TransErr = 82.32 mm [FAILS]
      Candidate choice=2 inlier=20 | RotErr = 2.8251 rad (161.8692 deg) | TransErr = 59.61 mm [FAILS]
      Candidate choice=3 inlier=26 | RotErr = 1.4964 rad (85.7402 deg) | TransErr = 12.86 mm [FAILS]
    Alternative Pair with Shard 12 (NOT ACTIVE IN TREE):
      Candidate choice=1 inlier=32 | RotErr = 3.0428 rad (174.3372 deg) | TransErr = 117.05 mm [FAILS]
    Alternative Pair with Shard 19 (ACTIVE IN TREE) [SKIPPED]
    Alternative Pair with Shard 2 (NOT ACTIVE IN TREE):
      [No match candidates found]
    Alternative Pair with Shard 5 (NOT ACTIVE IN TREE):
      Candidate choice=1 inlier=38 | RotErr = 1.2106 rad (69.3610 deg) | TransErr = 31.11 mm [FAILS]
      Candidate choice=2 inlier=24 | RotErr = 1.6252 rad (93.1156 deg) | TransErr = 21.64 mm [FAILS]
    Alternative Pair with Shard 7 (NOT ACTIVE IN TREE):
      Candidate choice=1 inlier=40 | RotErr = 0.9604 rad (55.0253 deg) | TransErr = 5.12 mm [FAILS]
      Candidate choice=2 inlier=44 | RotErr = 3.0950 rad (177.3297 deg) | TransErr = 152.43 mm [FAILS]
      Candidate choice=3 inlier=22 | RotErr = 2.3815 rad (136.4498 deg) | TransErr = 14.09 mm [FAILS]
      Candidate choice=4 inlier=36 | RotErr = 2.5825 rad (147.9684 deg) | TransErr = 157.10 mm [FAILS]
      Candidate choice=5 inlier=0 | RotErr = 3.0987 rad (177.5398 deg) | TransErr = 201.99 mm [FAILS]
    Alternative Pair with Shard 15 (NOT ACTIVE IN TREE):
      [No match candidates found]
    Alternative Pair with Shard 22 (NOT ACTIVE IN TREE):
      Candidate choice=1 inlier=28 | RotErr = 1.9491 rad (111.6726 deg) | TransErr = 30.00 mm [FAILS]
    Alternative Pair with Shard 3 (NOT ACTIVE IN TREE):
      Candidate choice=1 inlier=42 | RotErr = 1.7851 rad (102.2799 deg) | TransErr = 19.13 mm [FAILS]
    Alternative Pair with Shard 25 (NOT ACTIVE IN TREE):
      [No match candidates found]
    Alternative Pair with Shard 26 (NOT ACTIVE IN TREE):
      Candidate choice=1 inlier=24 | RotErr = 1.7521 rad (100.3881 deg) | TransErr = 101.88 mm [FAILS]
      Candidate choice=2 inlier=18 | RotErr = 3.0428 rad (174.3387 deg) | TransErr = 52.05 mm [FAILS]
    Alternative Pair with Shard 11 (NOT ACTIVE IN TREE):
      Candidate choice=1 inlier=36 | RotErr = 3.0718 rad (176.0000 deg) | TransErr = 146.75 mm [FAILS]
      Candidate choice=2 inlier=0 | RotErr = 2.9238 rad (167.5199 deg) | TransErr = 22.10 mm [FAILS]
      Candidate choice=3 inlier=28 | RotErr = 0.2485 rad (14.2379 deg) | TransErr = 11.39 mm [FAILS]
    Alternative Pair with Shard 18 (NOT ACTIVE IN TREE):
      Candidate choice=1 inlier=56 | RotErr = 2.6370 rad (151.0873 deg) | TransErr = 89.42 mm [FAILS]
      Candidate choice=2 inlier=14 | RotErr = 3.1409 rad (179.9613 deg) | TransErr = 81.29 mm [FAILS]
    Alternative Pair with Shard 8 (NOT ACTIVE IN TREE):
      Candidate choice=1 inlier=22 | RotErr = 1.5472 rad (88.6495 deg) | TransErr = 14.71 mm [FAILS]
      Candidate choice=2 inlier=55 | RotErr = 3.1387 rad (179.8334 deg) | TransErr = 140.49 mm [FAILS]
      Candidate choice=3 inlier=49 | RotErr = 2.9323 rad (168.0056 deg) | TransErr = 145.53 mm [FAILS]
    Alternative Pair with Shard 14 (NOT ACTIVE IN TREE):
      Candidate choice=1 inlier=26 | RotErr = 2.5212 rad (144.4559 deg) | TransErr = 29.54 mm [FAILS]
      Candidate choice=2 inlier=34 | RotErr = 2.3301 rad (133.5022 deg) | TransErr = 24.19 mm [FAILS]
      Candidate choice=3 inlier=36 | RotErr = 2.8766 rad (164.8173 deg) | TransErr = 15.30 mm [FAILS]
    Alternative Pair with Shard 16 (NOT ACTIVE IN TREE):
      Candidate choice=1 inlier=0 | RotErr = 2.7811 rad (159.3455 deg) | TransErr = 63.64 mm [FAILS]
      Candidate choice=2 inlier=24 | RotErr = 3.0820 rad (176.5836 deg) | TransErr = 141.80 mm [FAILS]
    Alternative Pair with Shard 4 (ACTIVE IN TREE) [SKIPPED]
    Alternative Pair with Shard 13 (NOT ACTIVE IN TREE):
      [No match candidates found]
    Alternative Pair with Shard 17 (NOT ACTIVE IN TREE):
      Candidate choice=1 inlier=30 | RotErr = 1.3731 rad (78.6714 deg) | TransErr = 16.66 mm [FAILS]
    Alternative Pair with Shard 27 (NOT ACTIVE IN TREE):
      [No match candidates found]
  Shard 25 (placed by parent 2):
    Alternative Pair with Shard 1 (NOT ACTIVE IN TREE):
      [No match candidates found]
    Alternative Pair with Shard 10 (NOT ACTIVE IN TREE):
      [No match candidates found]
    Alternative Pair with Shard 23 (NOT ACTIVE IN TREE):
      [No match candidates found]
    Alternative Pair with Shard 24 (NOT ACTIVE IN TREE):
      [No match candidates found]
    Alternative Pair with Shard 6 (NOT ACTIVE IN TREE):
      [No match candidates found]
    Alternative Pair with Shard 21 (NOT ACTIVE IN TREE):
      [No match candidates found]
    Alternative Pair with Shard 9 (NOT ACTIVE IN TREE):
      [No match candidates found]
    Alternative Pair with Shard 12 (NOT ACTIVE IN TREE):
      [No match candidates found]
    Alternative Pair with Shard 19 (NOT ACTIVE IN TREE):
      [No match candidates found]
    Alternative Pair with Shard 2 (ACTIVE IN TREE) [SKIPPED]
    Alternative Pair with Shard 5 (NOT ACTIVE IN TREE):
      [No match candidates found]
    Alternative Pair with Shard 7 (NOT ACTIVE IN TREE):
      [No match candidates found]
    Alternative Pair with Shard 15 (NOT ACTIVE IN TREE):
      [No match candidates found]
    Alternative Pair with Shard 22 (NOT ACTIVE IN TREE):
      [No match candidates found]
    Alternative Pair with Shard 3 (NOT ACTIVE IN TREE):
      [No match candidates found]
    Alternative Pair with Shard 20 (NOT ACTIVE IN TREE):
      [No match candidates found]
    Alternative Pair with Shard 26 (NOT ACTIVE IN TREE):
      [No match candidates found]
    Alternative Pair with Shard 11 (NOT ACTIVE IN TREE):
      [No match candidates found]
    Alternative Pair with Shard 18 (NOT ACTIVE IN TREE):
      [No match candidates found]
    Alternative Pair with Shard 8 (NOT ACTIVE IN TREE):
      [No match candidates found]
    Alternative Pair with Shard 14 (NOT ACTIVE IN TREE):
      [No match candidates found]
    Alternative Pair with Shard 16 (NOT ACTIVE IN TREE):
      [No match candidates found]
    Alternative Pair with Shard 4 (NOT ACTIVE IN TREE):
      [No match candidates found]
    Alternative Pair with Shard 13 (NOT ACTIVE IN TREE):
      Candidate choice=1 inlier=16 | RotErr = 2.0109 rad (115.2161 deg) | TransErr = 97.59 mm [FAILS]
      Candidate choice=2 inlier=12 | RotErr = 0.3956 rad (22.6683 deg) | TransErr = 28.50 mm [FAILS]
    Alternative Pair with Shard 17 (NOT ACTIVE IN TREE):
      [No match candidates found]
    Alternative Pair with Shard 27 (NOT ACTIVE IN TREE):
      Candidate choice=1 inlier=22 | RotErr = 2.9879 rad (171.1964 deg) | TransErr = 54.19 mm [FAILS]
  Shard 26 (placed by parent 2):
    Alternative Pair with Shard 1 (NOT ACTIVE IN TREE):
      Candidate choice=1 inlier=49 | RotErr = 2.7076 rad (155.1368 deg) | TransErr = 17.32 mm [FAILS]
      Candidate choice=2 inlier=20 | RotErr = 2.2893 rad (131.1680 deg) | TransErr = 112.03 mm [FAILS]
      Candidate choice=3 inlier=26 | RotErr = 2.7010 rad (154.7538 deg) | TransErr = 45.54 mm [FAILS]
      Candidate choice=4 inlier=41 | RotErr = 1.5224 rad (87.2298 deg) | TransErr = 18.96 mm [FAILS]
      Candidate choice=5 inlier=36 | RotErr = 2.6707 rad (153.0184 deg) | TransErr = 65.87 mm [FAILS]
    Alternative Pair with Shard 10 (NOT ACTIVE IN TREE):
      Candidate choice=1 inlier=30 | RotErr = 2.6701 rad (152.9850 deg) | TransErr = 32.72 mm [FAILS]
      Candidate choice=2 inlier=43 | RotErr = 2.7063 rad (155.0617 deg) | TransErr = 6.59 mm [FAILS]
      Candidate choice=3 inlier=28 | RotErr = 2.8468 rad (163.1070 deg) | TransErr = 19.37 mm [FAILS]
    Alternative Pair with Shard 23 (NOT ACTIVE IN TREE):
      [No match candidates found]
    Alternative Pair with Shard 24 (NOT ACTIVE IN TREE):
      [No match candidates found]
    Alternative Pair with Shard 6 (NOT ACTIVE IN TREE):
      Candidate choice=1 inlier=18 | RotErr = 1.5239 rad (87.3110 deg) | TransErr = 57.41 mm [FAILS]
      Candidate choice=2 inlier=24 | RotErr = 3.0344 rad (173.8574 deg) | TransErr = 111.49 mm [FAILS]
    Alternative Pair with Shard 21 (NOT ACTIVE IN TREE):
      Candidate choice=1 inlier=16 | RotErr = 2.7643 rad (158.3828 deg) | TransErr = 98.68 mm [FAILS]
    Alternative Pair with Shard 9 (NOT ACTIVE IN TREE):
      Candidate choice=1 inlier=36 | RotErr = 3.0122 rad (172.5891 deg) | TransErr = 75.57 mm [FAILS]
      Candidate choice=2 inlier=47 | RotErr = 0.2171 rad (12.4369 deg) | TransErr = 18.50 mm [FAILS]
      Candidate choice=3 inlier=65 | RotErr = 0.0381 rad (2.1842 deg) | TransErr = 1.08 mm [PASSES] -> Reward: +20.00
      Candidate choice=4 inlier=16 | RotErr = 2.8663 rad (164.2270 deg) | TransErr = 146.23 mm [FAILS]
      Candidate choice=5 inlier=34 | RotErr = 3.0080 rad (172.3436 deg) | TransErr = 105.98 mm [FAILS]
    Alternative Pair with Shard 12 (NOT ACTIVE IN TREE):
      Candidate choice=1 inlier=58 | RotErr = 2.8861 rad (165.3619 deg) | TransErr = 84.57 mm [FAILS]
      Candidate choice=2 inlier=22 | RotErr = 2.9370 rad (168.2802 deg) | TransErr = 152.78 mm [FAILS]
      Candidate choice=3 inlier=22 | RotErr = 1.5150 rad (86.8026 deg) | TransErr = 43.29 mm [FAILS]
    Alternative Pair with Shard 19 (NOT ACTIVE IN TREE):
      Candidate choice=1 inlier=20 | RotErr = 2.7876 rad (159.7184 deg) | TransErr = 39.53 mm [FAILS]
      Candidate choice=2 inlier=28 | RotErr = 2.2045 rad (126.3085 deg) | TransErr = 99.17 mm [FAILS]
    Alternative Pair with Shard 2 (ACTIVE IN TREE) [SKIPPED]
    Alternative Pair with Shard 5 (NOT ACTIVE IN TREE):
      Candidate choice=1 inlier=20 | RotErr = 1.8775 rad (107.5753 deg) | TransErr = 104.66 mm [FAILS]
      Candidate choice=2 inlier=24 | RotErr = 2.8406 rad (162.7554 deg) | TransErr = 55.49 mm [FAILS]
      Candidate choice=3 inlier=20 | RotErr = 2.9062 rad (166.5157 deg) | TransErr = 49.51 mm [FAILS]
    Alternative Pair with Shard 7 (NOT ACTIVE IN TREE):
      Candidate choice=1 inlier=18 | RotErr = 0.8221 rad (47.1015 deg) | TransErr = 105.34 mm [FAILS]
      Candidate choice=2 inlier=22 | RotErr = 2.8249 rad (161.8575 deg) | TransErr = 61.96 mm [FAILS]
      Candidate choice=3 inlier=34 | RotErr = 2.9238 rad (167.5217 deg) | TransErr = 41.02 mm [FAILS]
    Alternative Pair with Shard 15 (NOT ACTIVE IN TREE):
      [No match candidates found]
    Alternative Pair with Shard 22 (NOT ACTIVE IN TREE):
      [No match candidates found]
    Alternative Pair with Shard 3 (NOT ACTIVE IN TREE):
      [No match candidates found]
    Alternative Pair with Shard 20 (NOT ACTIVE IN TREE):
      Candidate choice=1 inlier=24 | RotErr = 1.7521 rad (100.3881 deg) | TransErr = 101.88 mm [FAILS]
      Candidate choice=2 inlier=18 | RotErr = 3.0428 rad (174.3387 deg) | TransErr = 52.05 mm [FAILS]
    Alternative Pair with Shard 25 (NOT ACTIVE IN TREE):
      [No match candidates found]
    Alternative Pair with Shard 11 (NOT ACTIVE IN TREE):
      Candidate choice=1 inlier=14 | RotErr = 1.5792 rad (90.4794 deg) | TransErr = 196.56 mm [FAILS]
    Alternative Pair with Shard 18 (NOT ACTIVE IN TREE):
      Candidate choice=1 inlier=54 | RotErr = 3.1036 rad (177.8211 deg) | TransErr = 74.86 mm [FAILS]
      Candidate choice=2 inlier=49 | RotErr = 0.0877 rad (5.0237 deg) | TransErr = 5.88 mm [PASSES] -> Reward: +20.00
      Candidate choice=3 inlier=45 | RotErr = 2.9247 rad (167.5714 deg) | TransErr = 65.48 mm [FAILS]
    Alternative Pair with Shard 8 (NOT ACTIVE IN TREE):
      Candidate choice=1 inlier=22 | RotErr = 0.3915 rad (22.4315 deg) | TransErr = 107.49 mm [FAILS]
      Candidate choice=2 inlier=26 | RotErr = 3.0852 rad (176.7708 deg) | TransErr = 32.30 mm [FAILS]
    Alternative Pair with Shard 14 (NOT ACTIVE IN TREE):
      Candidate choice=1 inlier=6 | RotErr = 1.2356 rad (70.7958 deg) | TransErr = 210.65 mm [FAILS]
    Alternative Pair with Shard 16 (NOT ACTIVE IN TREE):
      [No match candidates found]
    Alternative Pair with Shard 4 (NOT ACTIVE IN TREE):
      [No match candidates found]
    Alternative Pair with Shard 13 (NOT ACTIVE IN TREE):
      Candidate choice=1 inlier=28 | RotErr = 3.0285 rad (173.5176 deg) | TransErr = 123.81 mm [FAILS]
      Candidate choice=2 inlier=34 | RotErr = 0.1649 rad (9.4462 deg) | TransErr = 7.43 mm [PASSES] -> Reward: +20.00
    Alternative Pair with Shard 17 (NOT ACTIVE IN TREE):
      Candidate choice=1 inlier=34 | RotErr = 2.7485 rad (157.4790 deg) | TransErr = 120.22 mm [FAILS]
    Alternative Pair with Shard 27 (NOT ACTIVE IN TREE):
      [No match candidates found]
  Shard 11 (placed by parent 5):
    Alternative Pair with Shard 1 (NOT ACTIVE IN TREE):
      Candidate choice=1 inlier=0 | RotErr = 0.4666 rad (26.7317 deg) | TransErr = 207.21 mm [FAILS]
      Candidate choice=2 inlier=30 | RotErr = 3.0404 rad (174.2036 deg) | TransErr = 133.27 mm [FAILS]
      Candidate choice=3 inlier=22 | RotErr = 3.0100 rad (172.4599 deg) | TransErr = 85.64 mm [FAILS]
    Alternative Pair with Shard 10 (NOT ACTIVE IN TREE):
      [No match candidates found]
    Alternative Pair with Shard 23 (NOT ACTIVE IN TREE):
      Candidate choice=1 inlier=28 | RotErr = 2.9662 rad (169.9516 deg) | TransErr = 88.39 mm [FAILS]
    Alternative Pair with Shard 24 (NOT ACTIVE IN TREE):
      [No match candidates found]
    Alternative Pair with Shard 6 (NOT ACTIVE IN TREE):
      Candidate choice=1 inlier=0 | RotErr = 1.3300 rad (76.2037 deg) | TransErr = 261.52 mm [FAILS]
      Candidate choice=2 inlier=24 | RotErr = 3.0573 rad (175.1712 deg) | TransErr = 13.45 mm [FAILS]
    Alternative Pair with Shard 21 (NOT ACTIVE IN TREE):
      [No match candidates found]
    Alternative Pair with Shard 9 (NOT ACTIVE IN TREE):
      Candidate choice=1 inlier=26 | RotErr = 2.9765 rad (170.5390 deg) | TransErr = 74.02 mm [FAILS]
      Candidate choice=2 inlier=0 | RotErr = 1.7106 rad (98.0088 deg) | TransErr = 212.45 mm [FAILS]
      Candidate choice=3 inlier=0 | RotErr = 1.3637 rad (78.1337 deg) | TransErr = 37.85 mm [FAILS]
      Candidate choice=4 inlier=4 | RotErr = 2.9158 rad (167.0608 deg) | TransErr = 192.99 mm [FAILS]
    Alternative Pair with Shard 12 (NOT ACTIVE IN TREE):
      [No match candidates found]
    Alternative Pair with Shard 19 (NOT ACTIVE IN TREE):
      Candidate choice=1 inlier=40 | RotErr = 1.5290 rad (87.6043 deg) | TransErr = 18.19 mm [FAILS]
      Candidate choice=2 inlier=42 | RotErr = 2.7842 rad (159.5217 deg) | TransErr = 126.24 mm [FAILS]
    Alternative Pair with Shard 2 (NOT ACTIVE IN TREE):
      Candidate choice=1 inlier=32 | RotErr = 3.0195 rad (173.0038 deg) | TransErr = 27.29 mm [FAILS]
      Candidate choice=2 inlier=0 | RotErr = 2.5667 rad (147.0608 deg) | TransErr = 78.95 mm [FAILS]
      Candidate choice=3 inlier=14 | RotErr = 1.3837 rad (79.2776 deg) | TransErr = 172.77 mm [FAILS]
    Alternative Pair with Shard 5 (ACTIVE IN TREE) [SKIPPED]
    Alternative Pair with Shard 7 (NOT ACTIVE IN TREE):
      Candidate choice=1 inlier=107 | RotErr = 0.1042 rad (5.9712 deg) | TransErr = 7.34 mm [PASSES] -> Reward: +20.00
      Candidate choice=2 inlier=61 | RotErr = 2.7311 rad (156.4824 deg) | TransErr = 12.32 mm [FAILS]
    Alternative Pair with Shard 15 (NOT ACTIVE IN TREE):
      Candidate choice=1 inlier=12 | RotErr = 3.0517 rad (174.8485 deg) | TransErr = 80.74 mm [FAILS]
      Candidate choice=2 inlier=14 | RotErr = 3.1253 rad (179.0672 deg) | TransErr = 80.13 mm [FAILS]
      Candidate choice=3 inlier=0 | RotErr = 3.0542 rad (174.9901 deg) | TransErr = 89.02 mm [FAILS]
      Candidate choice=4 inlier=0 | RotErr = 2.8067 rad (160.8136 deg) | TransErr = 185.38 mm [FAILS]
    Alternative Pair with Shard 22 (NOT ACTIVE IN TREE):
      Candidate choice=1 inlier=24 | RotErr = 1.1161 rad (63.9497 deg) | TransErr = 23.57 mm [FAILS]
      Candidate choice=2 inlier=4 | RotErr = 3.0428 rad (174.3373 deg) | TransErr = 198.58 mm [FAILS]
    Alternative Pair with Shard 3 (NOT ACTIVE IN TREE):
      Candidate choice=1 inlier=6 | RotErr = 3.0017 rad (171.9864 deg) | TransErr = 118.04 mm [FAILS]
      Candidate choice=2 inlier=0 | RotErr = 2.7181 rad (155.7366 deg) | TransErr = 58.89 mm [FAILS]
      Candidate choice=3 inlier=46 | RotErr = 2.9946 rad (171.5751 deg) | TransErr = 17.94 mm [FAILS]
      Candidate choice=4 inlier=72 | RotErr = 2.8652 rad (164.1621 deg) | TransErr = 16.55 mm [FAILS]
    Alternative Pair with Shard 20 (NOT ACTIVE IN TREE):
      Candidate choice=1 inlier=36 | RotErr = 3.0718 rad (176.0000 deg) | TransErr = 146.75 mm [FAILS]
      Candidate choice=2 inlier=0 | RotErr = 2.9238 rad (167.5199 deg) | TransErr = 22.10 mm [FAILS]
      Candidate choice=3 inlier=28 | RotErr = 0.2485 rad (14.2379 deg) | TransErr = 11.39 mm [FAILS]
    Alternative Pair with Shard 25 (NOT ACTIVE IN TREE):
      [No match candidates found]
    Alternative Pair with Shard 26 (NOT ACTIVE IN TREE):
      Candidate choice=1 inlier=14 | RotErr = 1.5792 rad (90.4794 deg) | TransErr = 196.56 mm [FAILS]
    Alternative Pair with Shard 18 (NOT ACTIVE IN TREE):
      [No match candidates found]
    Alternative Pair with Shard 8 (NOT ACTIVE IN TREE):
      Candidate choice=1 inlier=64 | RotErr = 2.2908 rad (131.2544 deg) | TransErr = 19.76 mm [FAILS]
      Candidate choice=2 inlier=32 | RotErr = 2.5569 rad (146.4979 deg) | TransErr = 10.60 mm [FAILS]
      Candidate choice=3 inlier=26 | RotErr = 3.0460 rad (174.5203 deg) | TransErr = 140.21 mm [FAILS]
      Candidate choice=4 inlier=74 | RotErr = 2.8756 rad (164.7589 deg) | TransErr = 126.91 mm [FAILS]
    Alternative Pair with Shard 14 (NOT ACTIVE IN TREE):
      Candidate choice=1 inlier=0 | RotErr = 3.0864 rad (176.8405 deg) | TransErr = 179.53 mm [FAILS]
      Candidate choice=2 inlier=26 | RotErr = 2.1895 rad (125.4517 deg) | TransErr = 8.90 mm [FAILS]
      Candidate choice=3 inlier=0 | RotErr = 3.1328 rad (179.4949 deg) | TransErr = 282.72 mm [FAILS]
      Candidate choice=4 inlier=76 | RotErr = 1.7176 rad (98.4087 deg) | TransErr = 17.20 mm [FAILS]
    Alternative Pair with Shard 16 (NOT ACTIVE IN TREE):
      [No match candidates found]
    Alternative Pair with Shard 4 (NOT ACTIVE IN TREE):
      Candidate choice=1 inlier=57 | RotErr = 0.3077 rad (17.6321 deg) | TransErr = 17.97 mm [FAILS]
    Alternative Pair with Shard 13 (NOT ACTIVE IN TREE):
      Candidate choice=1 inlier=28 | RotErr = 2.9931 rad (171.4916 deg) | TransErr = 21.62 mm [FAILS]
    Alternative Pair with Shard 17 (NOT ACTIVE IN TREE):
      Candidate choice=1 inlier=66 | RotErr = 2.4609 rad (140.9988 deg) | TransErr = 14.52 mm [FAILS]
    Alternative Pair with Shard 27 (NOT ACTIVE IN TREE):
      Candidate choice=1 inlier=39 | RotErr = 1.0248 rad (58.7188 deg) | TransErr = 11.30 mm [FAILS]
      Candidate choice=2 inlier=30 | RotErr = 3.0372 rad (174.0172 deg) | TransErr = 15.76 mm [FAILS]
  Shard 18 (placed by parent 15):
    Alternative Pair with Shard 1 (NOT ACTIVE IN TREE):
      Candidate choice=1 inlier=46 | RotErr = 2.3889 rad (136.8719 deg) | TransErr = 9.27 mm [FAILS]
      Candidate choice=2 inlier=46 | RotErr = 2.8336 rad (162.3554 deg) | TransErr = 72.27 mm [FAILS]
      Candidate choice=3 inlier=28 | RotErr = 2.8193 rad (161.5336 deg) | TransErr = 58.23 mm [FAILS]
      Candidate choice=4 inlier=14 | RotErr = 1.8645 rad (106.8303 deg) | TransErr = 123.40 mm [FAILS]
      Candidate choice=5 inlier=50 | RotErr = 1.8053 rad (103.4344 deg) | TransErr = 22.84 mm [FAILS]
    Alternative Pair with Shard 10 (NOT ACTIVE IN TREE):
      Candidate choice=1 inlier=0 | RotErr = 1.9304 rad (110.6013 deg) | TransErr = 34.66 mm [FAILS]
      Candidate choice=2 inlier=44 | RotErr = 2.9320 rad (167.9919 deg) | TransErr = 82.23 mm [FAILS]
      Candidate choice=3 inlier=40 | RotErr = 2.9176 rad (167.1664 deg) | TransErr = 37.79 mm [FAILS]
      Candidate choice=4 inlier=0 | RotErr = 3.0742 rad (176.1397 deg) | TransErr = 15.19 mm [FAILS]
    Alternative Pair with Shard 23 (NOT ACTIVE IN TREE):
      Candidate choice=1 inlier=45 | RotErr = 2.6992 rad (154.6504 deg) | TransErr = 83.37 mm [FAILS]
      Candidate choice=2 inlier=26 | RotErr = 0.8814 rad (50.5015 deg) | TransErr = 34.46 mm [FAILS]
    Alternative Pair with Shard 24 (NOT ACTIVE IN TREE):
      Candidate choice=1 inlier=51 | RotErr = 2.7829 rad (159.4492 deg) | TransErr = 9.29 mm [FAILS]
      Candidate choice=2 inlier=26 | RotErr = 2.6784 rad (153.4638 deg) | TransErr = 75.50 mm [FAILS]
    Alternative Pair with Shard 6 (NOT ACTIVE IN TREE):
      Candidate choice=1 inlier=36 | RotErr = 3.0246 rad (173.2978 deg) | TransErr = 143.06 mm [FAILS]
      Candidate choice=2 inlier=32 | RotErr = 3.1202 rad (178.7767 deg) | TransErr = 16.82 mm [FAILS]
      Candidate choice=3 inlier=22 | RotErr = 3.1169 rad (178.5865 deg) | TransErr = 146.76 mm [FAILS]
      Candidate choice=4 inlier=20 | RotErr = 0.5053 rad (28.9507 deg) | TransErr = 59.70 mm [FAILS]
    Alternative Pair with Shard 21 (NOT ACTIVE IN TREE):
      Candidate choice=1 inlier=26 | RotErr = 3.1032 rad (177.7982 deg) | TransErr = 35.85 mm [FAILS]
    Alternative Pair with Shard 9 (NOT ACTIVE IN TREE):
      Candidate choice=1 inlier=0 | RotErr = 0.7483 rad (42.8744 deg) | TransErr = 44.86 mm [FAILS]
      Candidate choice=2 inlier=36 | RotErr = 0.2745 rad (15.7269 deg) | TransErr = 24.77 mm [FAILS]
      Candidate choice=3 inlier=36 | RotErr = 3.1185 rad (178.6746 deg) | TransErr = 150.10 mm [FAILS]
      Candidate choice=4 inlier=0 | RotErr = 2.9976 rad (171.7486 deg) | TransErr = 51.33 mm [FAILS]
    Alternative Pair with Shard 12 (NOT ACTIVE IN TREE):
      Candidate choice=1 inlier=46 | RotErr = 2.1312 rad (122.1092 deg) | TransErr = 24.15 mm [FAILS]
      Candidate choice=2 inlier=24 | RotErr = 3.0626 rad (175.4717 deg) | TransErr = 154.72 mm [FAILS]
      Candidate choice=3 inlier=28 | RotErr = 2.9089 rad (166.6698 deg) | TransErr = 160.74 mm [FAILS]
      Candidate choice=4 inlier=72 | RotErr = 0.1662 rad (9.5225 deg) | TransErr = 3.96 mm [PASSES] -> Reward: +20.00
      Candidate choice=5 inlier=53 | RotErr = 0.2098 rad (12.0184 deg) | TransErr = 35.13 mm [FAILS]
    Alternative Pair with Shard 19 (NOT ACTIVE IN TREE):
      Candidate choice=1 inlier=26 | RotErr = 1.9780 rad (113.3297 deg) | TransErr = 116.09 mm [FAILS]
      Candidate choice=2 inlier=22 | RotErr = 2.3186 rad (132.8480 deg) | TransErr = 95.61 mm [FAILS]
    Alternative Pair with Shard 2 (NOT ACTIVE IN TREE):
      Candidate choice=1 inlier=30 | RotErr = 2.9464 rad (168.8161 deg) | TransErr = 135.04 mm [FAILS]
      Candidate choice=2 inlier=81 | RotErr = 2.1624 rad (123.8937 deg) | TransErr = 22.37 mm [FAILS]
      Candidate choice=3 inlier=59 | RotErr = 1.8957 rad (108.6154 deg) | TransErr = 12.83 mm [FAILS]
      Candidate choice=4 inlier=83 | RotErr = 1.1286 rad (64.6614 deg) | TransErr = 21.70 mm [FAILS]
    Alternative Pair with Shard 5 (NOT ACTIVE IN TREE):
      Candidate choice=1 inlier=36 | RotErr = 1.7128 rad (98.1381 deg) | TransErr = 24.26 mm [FAILS]
      Candidate choice=2 inlier=38 | RotErr = 2.1404 rad (122.6354 deg) | TransErr = 28.61 mm [FAILS]
      Candidate choice=3 inlier=0 | RotErr = 2.7990 rad (160.3715 deg) | TransErr = 134.08 mm [FAILS]
      Candidate choice=4 inlier=24 | RotErr = 3.0032 rad (172.0687 deg) | TransErr = 32.60 mm [FAILS]
      Candidate choice=5 inlier=20 | RotErr = 0.9893 rad (56.6822 deg) | TransErr = 107.19 mm [FAILS]
    Alternative Pair with Shard 7 (NOT ACTIVE IN TREE):
      Candidate choice=1 inlier=16 | RotErr = 3.0301 rad (173.6147 deg) | TransErr = 48.90 mm [FAILS]
      Candidate choice=2 inlier=18 | RotErr = 2.0679 rad (118.4795 deg) | TransErr = 124.84 mm [FAILS]
      Candidate choice=3 inlier=40 | RotErr = 1.1733 rad (67.2243 deg) | TransErr = 70.29 mm [FAILS]
      Candidate choice=4 inlier=0 | RotErr = 3.0950 rad (177.3282 deg) | TransErr = 61.49 mm [FAILS]
    Alternative Pair with Shard 15 (ACTIVE IN TREE) [SKIPPED]
    Alternative Pair with Shard 22 (NOT ACTIVE IN TREE):
      Candidate choice=1 inlier=34 | RotErr = 1.5579 rad (89.2607 deg) | TransErr = 86.91 mm [FAILS]
      Candidate choice=2 inlier=36 | RotErr = 1.7017 rad (97.5004 deg) | TransErr = 107.14 mm [FAILS]
    Alternative Pair with Shard 3 (NOT ACTIVE IN TREE):
      Candidate choice=1 inlier=36 | RotErr = 2.9638 rad (169.8104 deg) | TransErr = 75.73 mm [FAILS]
    Alternative Pair with Shard 20 (NOT ACTIVE IN TREE):
      Candidate choice=1 inlier=56 | RotErr = 2.6370 rad (151.0873 deg) | TransErr = 89.42 mm [FAILS]
      Candidate choice=2 inlier=14 | RotErr = 3.1409 rad (179.9613 deg) | TransErr = 81.29 mm [FAILS]
    Alternative Pair with Shard 25 (NOT ACTIVE IN TREE):
      [No match candidates found]
    Alternative Pair with Shard 26 (NOT ACTIVE IN TREE):
      Candidate choice=1 inlier=54 | RotErr = 3.1036 rad (177.8211 deg) | TransErr = 74.86 mm [FAILS]
      Candidate choice=2 inlier=49 | RotErr = 0.0877 rad (5.0237 deg) | TransErr = 5.88 mm [PASSES] -> Reward: +20.00
      Candidate choice=3 inlier=45 | RotErr = 2.9247 rad (167.5714 deg) | TransErr = 65.48 mm [FAILS]
    Alternative Pair with Shard 11 (NOT ACTIVE IN TREE):
      [No match candidates found]
    Alternative Pair with Shard 8 (NOT ACTIVE IN TREE):
      Candidate choice=1 inlier=46 | RotErr = 3.1237 rad (178.9768 deg) | TransErr = 80.34 mm [FAILS]
      Candidate choice=2 inlier=55 | RotErr = 2.8599 rad (163.8615 deg) | TransErr = 81.44 mm [FAILS]
      Candidate choice=3 inlier=32 | RotErr = 2.8816 rad (165.1024 deg) | TransErr = 42.10 mm [FAILS]
      Candidate choice=4 inlier=16 | RotErr = 0.9913 rad (56.7992 deg) | TransErr = 89.72 mm [FAILS]
      Candidate choice=5 inlier=28 | RotErr = 0.3941 rad (22.5821 deg) | TransErr = 61.41 mm [FAILS]
    Alternative Pair with Shard 14 (NOT ACTIVE IN TREE):
      Candidate choice=1 inlier=6 | RotErr = 0.4026 rad (23.0682 deg) | TransErr = 214.33 mm [FAILS]
      Candidate choice=2 inlier=4 | RotErr = 0.4097 rad (23.4747 deg) | TransErr = 223.50 mm [FAILS]
      Candidate choice=3 inlier=0 | RotErr = 3.1314 rad (179.4180 deg) | TransErr = 42.45 mm [FAILS]
    Alternative Pair with Shard 16 (NOT ACTIVE IN TREE):
      Candidate choice=1 inlier=46 | RotErr = 0.7413 rad (42.4751 deg) | TransErr = 81.63 mm [FAILS]
    Alternative Pair with Shard 4 (NOT ACTIVE IN TREE):
      [No match candidates found]
    Alternative Pair with Shard 13 (ACTIVE IN TREE) [SKIPPED]
    Alternative Pair with Shard 17 (NOT ACTIVE IN TREE):
      [No match candidates found]
    Alternative Pair with Shard 27 (NOT ACTIVE IN TREE):
      [No match candidates found]
  Shard 8 (placed by parent 3):
    Alternative Pair with Shard 1 (NOT ACTIVE IN TREE):
      Candidate choice=1 inlier=42 | RotErr = 2.4287 rad (139.1525 deg) | TransErr = 66.53 mm [FAILS]
      Candidate choice=2 inlier=16 | RotErr = 2.9734 rad (170.3649 deg) | TransErr = 54.72 mm [FAILS]
      Candidate choice=3 inlier=36 | RotErr = 2.6216 rad (150.2063 deg) | TransErr = 25.74 mm [FAILS]
      Candidate choice=4 inlier=28 | RotErr = 3.0037 rad (172.0993 deg) | TransErr = 146.17 mm [FAILS]
      Candidate choice=5 inlier=42 | RotErr = 2.8553 rad (163.5968 deg) | TransErr = 22.07 mm [FAILS]
      Candidate choice=6 inlier=24 | RotErr = 1.5521 rad (88.9309 deg) | TransErr = 15.03 mm [FAILS]
    Alternative Pair with Shard 10 (NOT ACTIVE IN TREE):
      Candidate choice=1 inlier=24 | RotErr = 2.5975 rad (148.8272 deg) | TransErr = 106.66 mm [FAILS]
      Candidate choice=2 inlier=20 | RotErr = 3.1180 rad (178.6503 deg) | TransErr = 48.52 mm [FAILS]
      Candidate choice=3 inlier=24 | RotErr = 3.0348 rad (173.8832 deg) | TransErr = 134.68 mm [FAILS]
      Candidate choice=4 inlier=22 | RotErr = 1.4867 rad (85.1836 deg) | TransErr = 129.81 mm [FAILS]
      Candidate choice=5 inlier=12 | RotErr = 3.0097 rad (172.4439 deg) | TransErr = 41.52 mm [FAILS]
    Alternative Pair with Shard 23 (NOT ACTIVE IN TREE):
      Candidate choice=1 inlier=32 | RotErr = 2.9599 rad (169.5920 deg) | TransErr = 104.72 mm [FAILS]
      Candidate choice=2 inlier=45 | RotErr = 3.1293 rad (179.2936 deg) | TransErr = 103.85 mm [FAILS]
      Candidate choice=3 inlier=28 | RotErr = 2.7730 rad (158.8832 deg) | TransErr = 57.07 mm [FAILS]
      Candidate choice=4 inlier=40 | RotErr = 2.3125 rad (132.4981 deg) | TransErr = 36.07 mm [FAILS]
      Candidate choice=5 inlier=57 | RotErr = 1.5742 rad (90.1955 deg) | TransErr = 42.93 mm [FAILS]
      Candidate choice=6 inlier=40 | RotErr = 1.2265 rad (70.2713 deg) | TransErr = 44.70 mm [FAILS]
    Alternative Pair with Shard 24 (NOT ACTIVE IN TREE):
      Candidate choice=1 inlier=24 | RotErr = 2.6404 rad (151.2857 deg) | TransErr = 97.87 mm [FAILS]
    Alternative Pair with Shard 6 (NOT ACTIVE IN TREE):
      Candidate choice=1 inlier=26 | RotErr = 3.0584 rad (175.2310 deg) | TransErr = 34.76 mm [FAILS]
      Candidate choice=2 inlier=34 | RotErr = 0.5176 rad (29.6541 deg) | TransErr = 168.02 mm [FAILS]
      Candidate choice=3 inlier=36 | RotErr = 1.2927 rad (74.0650 deg) | TransErr = 132.05 mm [FAILS]
    Alternative Pair with Shard 21 (NOT ACTIVE IN TREE):
      Candidate choice=1 inlier=26 | RotErr = 2.7602 rad (158.1457 deg) | TransErr = 145.24 mm [FAILS]
      Candidate choice=2 inlier=20 | RotErr = 3.0716 rad (175.9869 deg) | TransErr = 149.08 mm [FAILS]
      Candidate choice=3 inlier=36 | RotErr = 1.6971 rad (97.2377 deg) | TransErr = 18.84 mm [FAILS]
    Alternative Pair with Shard 9 (NOT ACTIVE IN TREE):
      Candidate choice=1 inlier=30 | RotErr = 2.9866 rad (171.1223 deg) | TransErr = 138.51 mm [FAILS]
      Candidate choice=2 inlier=34 | RotErr = 3.0127 rad (172.6168 deg) | TransErr = 45.77 mm [FAILS]
      Candidate choice=3 inlier=24 | RotErr = 0.5256 rad (30.1131 deg) | TransErr = 14.79 mm [FAILS]
    Alternative Pair with Shard 12 (NOT ACTIVE IN TREE):
      Candidate choice=1 inlier=20 | RotErr = 2.3829 rad (136.5275 deg) | TransErr = 138.22 mm [FAILS]
      Candidate choice=2 inlier=10 | RotErr = 0.4875 rad (27.9336 deg) | TransErr = 126.83 mm [FAILS]
      Candidate choice=3 inlier=40 | RotErr = 0.2987 rad (17.1135 deg) | TransErr = 64.00 mm [FAILS]
      Candidate choice=4 inlier=28 | RotErr = 3.1208 rad (178.8115 deg) | TransErr = 28.17 mm [FAILS]
      Candidate choice=5 inlier=44 | RotErr = 0.7021 rad (40.2288 deg) | TransErr = 21.59 mm [FAILS]
      Candidate choice=6 inlier=28 | RotErr = 3.0671 rad (175.7313 deg) | TransErr = 49.85 mm [FAILS]
    Alternative Pair with Shard 19 (NOT ACTIVE IN TREE):
      Candidate choice=1 inlier=28 | RotErr = 2.8125 rad (161.1428 deg) | TransErr = 142.99 mm [FAILS]
      Candidate choice=2 inlier=0 | RotErr = 2.5097 rad (143.7976 deg) | TransErr = 30.76 mm [FAILS]
      Candidate choice=3 inlier=32 | RotErr = 2.8597 rad (163.8463 deg) | TransErr = 146.18 mm [FAILS]
      Candidate choice=4 inlier=42 | RotErr = 2.1443 rad (122.8584 deg) | TransErr = 11.65 mm [FAILS]
    Alternative Pair with Shard 2 (NOT ACTIVE IN TREE):
      Candidate choice=1 inlier=28 | RotErr = 3.0590 rad (175.2695 deg) | TransErr = 31.75 mm [FAILS]
      Candidate choice=2 inlier=24 | RotErr = 3.0967 rad (177.4306 deg) | TransErr = 162.48 mm [FAILS]
    Alternative Pair with Shard 5 (NOT ACTIVE IN TREE):
      Candidate choice=1 inlier=28 | RotErr = 2.9331 rad (168.0519 deg) | TransErr = 92.10 mm [FAILS]
      Candidate choice=2 inlier=24 | RotErr = 2.9979 rad (171.7645 deg) | TransErr = 140.52 mm [FAILS]
      Candidate choice=3 inlier=20 | RotErr = 2.6405 rad (151.2892 deg) | TransErr = 138.65 mm [FAILS]
      Candidate choice=4 inlier=46 | RotErr = 1.2409 rad (71.1004 deg) | TransErr = 22.34 mm [FAILS]
      Candidate choice=5 inlier=30 | RotErr = 2.8719 rad (164.5449 deg) | TransErr = 139.28 mm [FAILS]
      Candidate choice=6 inlier=34 | RotErr = 3.0298 rad (173.5960 deg) | TransErr = 142.49 mm [FAILS]
    Alternative Pair with Shard 7 (NOT ACTIVE IN TREE):
      Candidate choice=1 inlier=34 | RotErr = 1.8885 rad (108.2024 deg) | TransErr = 4.41 mm [FAILS]
      Candidate choice=2 inlier=40 | RotErr = 2.9935 rad (171.5141 deg) | TransErr = 139.59 mm [FAILS]
      Candidate choice=3 inlier=98 | RotErr = 0.2143 rad (12.2767 deg) | TransErr = 7.14 mm [PASSES] -> Reward: +20.00
      Candidate choice=4 inlier=30 | RotErr = 2.9786 rad (170.6591 deg) | TransErr = 140.60 mm [FAILS]
    Alternative Pair with Shard 15 (NOT ACTIVE IN TREE):
      Candidate choice=1 inlier=44 | RotErr = 0.1518 rad (8.6981 deg) | TransErr = 7.68 mm [PASSES] -> Reward: +20.00
      Candidate choice=2 inlier=42 | RotErr = 0.5273 rad (30.2100 deg) | TransErr = 17.93 mm [FAILS]
      Candidate choice=3 inlier=44 | RotErr = 3.0116 rad (172.5548 deg) | TransErr = 61.93 mm [FAILS]
    Alternative Pair with Shard 22 (NOT ACTIVE IN TREE):
      Candidate choice=1 inlier=28 | RotErr = 3.0010 rad (171.9458 deg) | TransErr = 132.72 mm [FAILS]
      Candidate choice=2 inlier=36 | RotErr = 1.4924 rad (85.5081 deg) | TransErr = 23.91 mm [FAILS]
      Candidate choice=3 inlier=53 | RotErr = 0.3333 rad (19.0982 deg) | TransErr = 13.48 mm [FAILS]
      Candidate choice=4 inlier=40 | RotErr = 0.3015 rad (17.2736 deg) | TransErr = 11.45 mm [FAILS]
    Alternative Pair with Shard 3 (ACTIVE IN TREE) [SKIPPED]
    Alternative Pair with Shard 20 (NOT ACTIVE IN TREE):
      Candidate choice=1 inlier=22 | RotErr = 1.5472 rad (88.6495 deg) | TransErr = 14.71 mm [FAILS]
      Candidate choice=2 inlier=55 | RotErr = 3.1387 rad (179.8334 deg) | TransErr = 140.49 mm [FAILS]
      Candidate choice=3 inlier=49 | RotErr = 2.9323 rad (168.0056 deg) | TransErr = 145.53 mm [FAILS]
    Alternative Pair with Shard 25 (NOT ACTIVE IN TREE):
      [No match candidates found]
    Alternative Pair with Shard 26 (NOT ACTIVE IN TREE):
      Candidate choice=1 inlier=22 | RotErr = 0.3915 rad (22.4315 deg) | TransErr = 107.49 mm [FAILS]
      Candidate choice=2 inlier=26 | RotErr = 3.0852 rad (176.7708 deg) | TransErr = 32.30 mm [FAILS]
    Alternative Pair with Shard 11 (NOT ACTIVE IN TREE):
      Candidate choice=1 inlier=64 | RotErr = 2.2908 rad (131.2544 deg) | TransErr = 19.76 mm [FAILS]
      Candidate choice=2 inlier=32 | RotErr = 2.5569 rad (146.4979 deg) | TransErr = 10.60 mm [FAILS]
      Candidate choice=3 inlier=26 | RotErr = 3.0460 rad (174.5203 deg) | TransErr = 140.21 mm [FAILS]
      Candidate choice=4 inlier=74 | RotErr = 2.8756 rad (164.7589 deg) | TransErr = 126.91 mm [FAILS]
    Alternative Pair with Shard 18 (NOT ACTIVE IN TREE):
      Candidate choice=1 inlier=46 | RotErr = 3.1237 rad (178.9768 deg) | TransErr = 80.34 mm [FAILS]
      Candidate choice=2 inlier=55 | RotErr = 2.8599 rad (163.8615 deg) | TransErr = 81.44 mm [FAILS]
      Candidate choice=3 inlier=32 | RotErr = 2.8816 rad (165.1024 deg) | TransErr = 42.10 mm [FAILS]
      Candidate choice=4 inlier=16 | RotErr = 0.9913 rad (56.7992 deg) | TransErr = 89.72 mm [FAILS]
      Candidate choice=5 inlier=28 | RotErr = 0.3941 rad (22.5821 deg) | TransErr = 61.41 mm [FAILS]
    Alternative Pair with Shard 14 (NOT ACTIVE IN TREE):
      Candidate choice=1 inlier=52 | RotErr = 1.1317 rad (64.8416 deg) | TransErr = 3.95 mm [FAILS]
      Candidate choice=2 inlier=36 | RotErr = 0.9612 rad (55.0754 deg) | TransErr = 15.29 mm [FAILS]
      Candidate choice=3 inlier=26 | RotErr = 0.0729 rad (4.1755 deg) | TransErr = 5.81 mm [PASSES] -> Reward: +20.00
      Candidate choice=4 inlier=40 | RotErr = 3.0724 rad (176.0331 deg) | TransErr = 135.12 mm [FAILS]
    Alternative Pair with Shard 16 (NOT ACTIVE IN TREE):
      Candidate choice=1 inlier=42 | RotErr = 2.8753 rad (164.7426 deg) | TransErr = 133.69 mm [FAILS]
      Candidate choice=2 inlier=30 | RotErr = 0.8382 rad (48.0258 deg) | TransErr = 39.65 mm [FAILS]
      Candidate choice=3 inlier=30 | RotErr = 0.9166 rad (52.5149 deg) | TransErr = 20.45 mm [FAILS]
    Alternative Pair with Shard 4 (NOT ACTIVE IN TREE):
      Candidate choice=1 inlier=28 | RotErr = 3.0921 rad (177.1662 deg) | TransErr = 137.53 mm [FAILS]
      Candidate choice=2 inlier=22 | RotErr = 2.7105 rad (155.3005 deg) | TransErr = 16.73 mm [FAILS]
      Candidate choice=3 inlier=44 | RotErr = 2.9269 rad (167.6967 deg) | TransErr = 138.68 mm [FAILS]
      Candidate choice=4 inlier=0 | RotErr = 1.5761 rad (90.3012 deg) | TransErr = 45.13 mm [FAILS]
    Alternative Pair with Shard 13 (NOT ACTIVE IN TREE):
      Candidate choice=1 inlier=40 | RotErr = 2.6233 rad (150.3015 deg) | TransErr = 47.49 mm [FAILS]
      Candidate choice=2 inlier=44 | RotErr = 0.4662 rad (26.7112 deg) | TransErr = 138.43 mm [FAILS]
    Alternative Pair with Shard 17 (NOT ACTIVE IN TREE):
      Candidate choice=1 inlier=40 | RotErr = 1.0285 rad (58.9312 deg) | TransErr = 7.54 mm [FAILS]
      Candidate choice=2 inlier=53 | RotErr = 3.0928 rad (177.2046 deg) | TransErr = 136.39 mm [FAILS]
    Alternative Pair with Shard 27 (NOT ACTIVE IN TREE):
      [No match candidates found]
  Shard 14 (placed by parent 3):
    Alternative Pair with Shard 1 (NOT ACTIVE IN TREE):
      [No match candidates found]
    Alternative Pair with Shard 10 (NOT ACTIVE IN TREE):
      [No match candidates found]
    Alternative Pair with Shard 23 (NOT ACTIVE IN TREE):
      Candidate choice=1 inlier=0 | RotErr = 2.2442 rad (128.5808 deg) | TransErr = 180.26 mm [FAILS]
      Candidate choice=2 inlier=14 | RotErr = 3.0414 rad (174.2594 deg) | TransErr = 89.51 mm [FAILS]
    Alternative Pair with Shard 24 (NOT ACTIVE IN TREE):
      [No match candidates found]
    Alternative Pair with Shard 6 (NOT ACTIVE IN TREE):
      Candidate choice=1 inlier=22 | RotErr = 2.8606 rad (163.8997 deg) | TransErr = 16.98 mm [FAILS]
      Candidate choice=2 inlier=0 | RotErr = 1.2989 rad (74.4211 deg) | TransErr = 268.19 mm [FAILS]
      Candidate choice=3 inlier=0 | RotErr = 0.4936 rad (28.2820 deg) | TransErr = 182.41 mm [FAILS]
      Candidate choice=4 inlier=8 | RotErr = 2.8917 rad (165.6843 deg) | TransErr = 56.24 mm [FAILS]
    Alternative Pair with Shard 21 (NOT ACTIVE IN TREE):
      [No match candidates found]
    Alternative Pair with Shard 9 (NOT ACTIVE IN TREE):
      [No match candidates found]
    Alternative Pair with Shard 12 (NOT ACTIVE IN TREE):
      Candidate choice=1 inlier=0 | RotErr = 3.1283 rad (179.2399 deg) | TransErr = 48.17 mm [FAILS]
      Candidate choice=2 inlier=0 | RotErr = 1.0836 rad (62.0845 deg) | TransErr = 229.26 mm [FAILS]
      Candidate choice=3 inlier=0 | RotErr = 0.1384 rad (7.9275 deg) | TransErr = 95.02 mm [FAILS]
      Candidate choice=4 inlier=6 | RotErr = 3.0170 rad (172.8601 deg) | TransErr = 163.77 mm [FAILS]
    Alternative Pair with Shard 19 (NOT ACTIVE IN TREE):
      Candidate choice=1 inlier=24 | RotErr = 2.9933 rad (171.5007 deg) | TransErr = 28.68 mm [FAILS]
      Candidate choice=2 inlier=36 | RotErr = 2.2990 rad (131.7225 deg) | TransErr = 23.90 mm [FAILS]
      Candidate choice=3 inlier=40 | RotErr = 3.0331 rad (173.7866 deg) | TransErr = 121.55 mm [FAILS]
    Alternative Pair with Shard 2 (NOT ACTIVE IN TREE):
      Candidate choice=1 inlier=22 | RotErr = 2.9121 rad (166.8497 deg) | TransErr = 19.38 mm [FAILS]
      Candidate choice=2 inlier=20 | RotErr = 2.9544 rad (169.2736 deg) | TransErr = 51.05 mm [FAILS]
      Candidate choice=3 inlier=6 | RotErr = 3.1379 rad (179.7879 deg) | TransErr = 65.34 mm [FAILS]
    Alternative Pair with Shard 5 (NOT ACTIVE IN TREE):
      Candidate choice=1 inlier=0 | RotErr = 3.0088 rad (172.3923 deg) | TransErr = 115.77 mm [FAILS]
      Candidate choice=2 inlier=0 | RotErr = 2.0944 rad (120.0031 deg) | TransErr = 160.59 mm [FAILS]
      Candidate choice=3 inlier=0 | RotErr = 2.4646 rad (141.2102 deg) | TransErr = 160.15 mm [FAILS]
      Candidate choice=4 inlier=40 | RotErr = 2.7796 rad (159.2618 deg) | TransErr = 14.65 mm [FAILS]
      Candidate choice=5 inlier=28 | RotErr = 1.9612 rad (112.3689 deg) | TransErr = 15.06 mm [FAILS]
    Alternative Pair with Shard 7 (NOT ACTIVE IN TREE):
      Candidate choice=1 inlier=30 | RotErr = 2.8019 rad (160.5366 deg) | TransErr = 15.28 mm [FAILS]
      Candidate choice=2 inlier=92 | RotErr = 0.2882 rad (16.5123 deg) | TransErr = 14.81 mm [FAILS]
    Alternative Pair with Shard 15 (NOT ACTIVE IN TREE):
      Candidate choice=1 inlier=10 | RotErr = 2.9016 rad (166.2481 deg) | TransErr = 90.56 mm [FAILS]
      Candidate choice=2 inlier=0 | RotErr = 0.3759 rad (21.5373 deg) | TransErr = 185.93 mm [FAILS]
      Candidate choice=3 inlier=30 | RotErr = 3.1131 rad (178.3683 deg) | TransErr = 70.00 mm [FAILS]
    Alternative Pair with Shard 22 (NOT ACTIVE IN TREE):
      [No match candidates found]
    Alternative Pair with Shard 3 (ACTIVE IN TREE) [SKIPPED]
    Alternative Pair with Shard 20 (NOT ACTIVE IN TREE):
      Candidate choice=1 inlier=26 | RotErr = 2.5212 rad (144.4559 deg) | TransErr = 29.54 mm [FAILS]
      Candidate choice=2 inlier=34 | RotErr = 2.3301 rad (133.5022 deg) | TransErr = 24.19 mm [FAILS]
      Candidate choice=3 inlier=36 | RotErr = 2.8766 rad (164.8173 deg) | TransErr = 15.30 mm [FAILS]
    Alternative Pair with Shard 25 (NOT ACTIVE IN TREE):
      [No match candidates found]
    Alternative Pair with Shard 26 (NOT ACTIVE IN TREE):
      Candidate choice=1 inlier=6 | RotErr = 1.2356 rad (70.7958 deg) | TransErr = 210.65 mm [FAILS]
    Alternative Pair with Shard 11 (NOT ACTIVE IN TREE):
      Candidate choice=1 inlier=0 | RotErr = 3.0864 rad (176.8405 deg) | TransErr = 179.53 mm [FAILS]
      Candidate choice=2 inlier=26 | RotErr = 2.1895 rad (125.4517 deg) | TransErr = 8.90 mm [FAILS]
      Candidate choice=3 inlier=0 | RotErr = 3.1328 rad (179.4949 deg) | TransErr = 282.72 mm [FAILS]
      Candidate choice=4 inlier=76 | RotErr = 1.7176 rad (98.4087 deg) | TransErr = 17.20 mm [FAILS]
    Alternative Pair with Shard 18 (NOT ACTIVE IN TREE):
      Candidate choice=1 inlier=6 | RotErr = 0.4026 rad (23.0682 deg) | TransErr = 214.33 mm [FAILS]
      Candidate choice=2 inlier=4 | RotErr = 0.4097 rad (23.4747 deg) | TransErr = 223.50 mm [FAILS]
      Candidate choice=3 inlier=0 | RotErr = 3.1314 rad (179.4180 deg) | TransErr = 42.45 mm [FAILS]
    Alternative Pair with Shard 8 (NOT ACTIVE IN TREE):
      Candidate choice=1 inlier=52 | RotErr = 1.1317 rad (64.8416 deg) | TransErr = 3.95 mm [FAILS]
      Candidate choice=2 inlier=36 | RotErr = 0.9612 rad (55.0754 deg) | TransErr = 15.29 mm [FAILS]
      Candidate choice=3 inlier=26 | RotErr = 0.0729 rad (4.1755 deg) | TransErr = 5.81 mm [PASSES] -> Reward: +20.00
      Candidate choice=4 inlier=40 | RotErr = 3.0724 rad (176.0331 deg) | TransErr = 135.12 mm [FAILS]
    Alternative Pair with Shard 16 (NOT ACTIVE IN TREE):
      [No match candidates found]
    Alternative Pair with Shard 4 (NOT ACTIVE IN TREE):
      Candidate choice=1 inlier=48 | RotErr = 2.7755 rad (159.0222 deg) | TransErr = 23.79 mm [FAILS]
      Candidate choice=2 inlier=16 | RotErr = 0.8097 rad (46.3935 deg) | TransErr = 26.97 mm [FAILS]
    Alternative Pair with Shard 13 (NOT ACTIVE IN TREE):
      Candidate choice=1 inlier=0 | RotErr = 1.4997 rad (85.9275 deg) | TransErr = 193.39 mm [FAILS]
      Candidate choice=2 inlier=6 | RotErr = 2.7827 rad (159.4358 deg) | TransErr = 65.17 mm [FAILS]
      Candidate choice=3 inlier=6 | RotErr = 2.8886 rad (165.5040 deg) | TransErr = 65.90 mm [FAILS]
      Candidate choice=4 inlier=0 | RotErr = 2.6836 rad (153.7563 deg) | TransErr = 223.58 mm [FAILS]
      Candidate choice=5 inlier=0 | RotErr = 0.8450 rad (48.4152 deg) | TransErr = 266.27 mm [FAILS]
    Alternative Pair with Shard 17 (ACTIVE IN TREE) [SKIPPED]
    Alternative Pair with Shard 27 (NOT ACTIVE IN TREE):
      Candidate choice=1 inlier=28 | RotErr = 0.3112 rad (17.8314 deg) | TransErr = 21.47 mm [FAILS]
  Shard 16 (placed by parent 3):
    Alternative Pair with Shard 1 (NOT ACTIVE IN TREE):
      Candidate choice=1 inlier=32 | RotErr = 0.8759 rad (50.1882 deg) | TransErr = 26.39 mm [FAILS]
      Candidate choice=2 inlier=55 | RotErr = 1.6025 rad (91.8179 deg) | TransErr = 25.59 mm [FAILS]
    Alternative Pair with Shard 10 (NOT ACTIVE IN TREE):
      Candidate choice=1 inlier=0 | RotErr = 0.5436 rad (31.1461 deg) | TransErr = 93.08 mm [FAILS]
      Candidate choice=2 inlier=57 | RotErr = 0.0799 rad (4.5804 deg) | TransErr = 34.48 mm [FAILS]
      Candidate choice=3 inlier=38 | RotErr = 0.5032 rad (28.8307 deg) | TransErr = 26.25 mm [FAILS]
      Candidate choice=4 inlier=51 | RotErr = 1.1123 rad (63.7279 deg) | TransErr = 17.99 mm [FAILS]
      Candidate choice=5 inlier=46 | RotErr = 1.2783 rad (73.2410 deg) | TransErr = 1.70 mm [FAILS]
    Alternative Pair with Shard 23 (NOT ACTIVE IN TREE):
      [No match candidates found]
    Alternative Pair with Shard 24 (NOT ACTIVE IN TREE):
      [No match candidates found]
    Alternative Pair with Shard 6 (NOT ACTIVE IN TREE):
      Candidate choice=1 inlier=16 | RotErr = 1.1546 rad (66.1537 deg) | TransErr = 127.11 mm [FAILS]
    Alternative Pair with Shard 21 (NOT ACTIVE IN TREE):
      [No match candidates found]
    Alternative Pair with Shard 9 (NOT ACTIVE IN TREE):
      Candidate choice=1 inlier=55 | RotErr = 2.2803 rad (130.6492 deg) | TransErr = 23.62 mm [FAILS]
      Candidate choice=2 inlier=32 | RotErr = 2.0674 rad (118.4544 deg) | TransErr = 6.85 mm [FAILS]
      Candidate choice=3 inlier=70 | RotErr = 2.9031 rad (166.3330 deg) | TransErr = 14.39 mm [FAILS]
    Alternative Pair with Shard 12 (NOT ACTIVE IN TREE):
      Candidate choice=1 inlier=51 | RotErr = 0.1310 rad (7.5030 deg) | TransErr = 10.66 mm [FAILS]
      Candidate choice=2 inlier=26 | RotErr = 0.2415 rad (13.8380 deg) | TransErr = 38.42 mm [FAILS]
      Candidate choice=3 inlier=10 | RotErr = 1.3439 rad (76.9989 deg) | TransErr = 114.21 mm [FAILS]
      Candidate choice=4 inlier=30 | RotErr = 1.5507 rad (88.8510 deg) | TransErr = 20.62 mm [FAILS]
    Alternative Pair with Shard 19 (NOT ACTIVE IN TREE):
      Candidate choice=1 inlier=42 | RotErr = 1.6260 rad (93.1611 deg) | TransErr = 20.12 mm [FAILS]
      Candidate choice=2 inlier=38 | RotErr = 1.5081 rad (86.4084 deg) | TransErr = 35.36 mm [FAILS]
    Alternative Pair with Shard 2 (NOT ACTIVE IN TREE):
      [No match candidates found]
    Alternative Pair with Shard 5 (NOT ACTIVE IN TREE):
      Candidate choice=1 inlier=38 | RotErr = 3.0537 rad (174.9669 deg) | TransErr = 140.22 mm [FAILS]
    Alternative Pair with Shard 7 (NOT ACTIVE IN TREE):
      [No match candidates found]
    Alternative Pair with Shard 15 (NOT ACTIVE IN TREE):
      Candidate choice=1 inlier=60 | RotErr = 2.4794 rad (142.0601 deg) | TransErr = 14.14 mm [FAILS]
      Candidate choice=2 inlier=46 | RotErr = 2.1973 rad (125.8981 deg) | TransErr = 21.07 mm [FAILS]
    Alternative Pair with Shard 22 (NOT ACTIVE IN TREE):
      [No match candidates found]
    Alternative Pair with Shard 3 (ACTIVE IN TREE) [SKIPPED]
    Alternative Pair with Shard 20 (NOT ACTIVE IN TREE):
      Candidate choice=1 inlier=0 | RotErr = 2.7811 rad (159.3455 deg) | TransErr = 63.64 mm [FAILS]
      Candidate choice=2 inlier=24 | RotErr = 3.0820 rad (176.5836 deg) | TransErr = 141.80 mm [FAILS]
    Alternative Pair with Shard 25 (NOT ACTIVE IN TREE):
      [No match candidates found]
    Alternative Pair with Shard 26 (NOT ACTIVE IN TREE):
      [No match candidates found]
    Alternative Pair with Shard 11 (NOT ACTIVE IN TREE):
      [No match candidates found]
    Alternative Pair with Shard 18 (NOT ACTIVE IN TREE):
      Candidate choice=1 inlier=46 | RotErr = 0.7413 rad (42.4751 deg) | TransErr = 81.63 mm [FAILS]
    Alternative Pair with Shard 8 (NOT ACTIVE IN TREE):
      Candidate choice=1 inlier=42 | RotErr = 2.8753 rad (164.7426 deg) | TransErr = 133.69 mm [FAILS]
      Candidate choice=2 inlier=30 | RotErr = 0.8382 rad (48.0258 deg) | TransErr = 39.65 mm [FAILS]
      Candidate choice=3 inlier=30 | RotErr = 0.9166 rad (52.5149 deg) | TransErr = 20.45 mm [FAILS]
    Alternative Pair with Shard 14 (NOT ACTIVE IN TREE):
      [No match candidates found]
    Alternative Pair with Shard 4 (NOT ACTIVE IN TREE):
      Candidate choice=1 inlier=32 | RotErr = 3.0876 rad (176.9079 deg) | TransErr = 101.81 mm [FAILS]
    Alternative Pair with Shard 13 (NOT ACTIVE IN TREE):
      [No match candidates found]
    Alternative Pair with Shard 17 (NOT ACTIVE IN TREE):
      [No match candidates found]
    Alternative Pair with Shard 27 (NOT ACTIVE IN TREE):
      [No match candidates found]
  Shard 4 (placed by parent 20):
    Alternative Pair with Shard 1 (NOT ACTIVE IN TREE):
      [No match candidates found]
    Alternative Pair with Shard 10 (NOT ACTIVE IN TREE):
      [No match candidates found]
    Alternative Pair with Shard 23 (NOT ACTIVE IN TREE):
      [No match candidates found]
    Alternative Pair with Shard 24 (NOT ACTIVE IN TREE):
      [No match candidates found]
    Alternative Pair with Shard 6 (NOT ACTIVE IN TREE):
      Candidate choice=1 inlier=24 | RotErr = 2.7302 rad (156.4279 deg) | TransErr = 30.22 mm [FAILS]
      Candidate choice=2 inlier=6 | RotErr = 2.6908 rad (154.1701 deg) | TransErr = 24.70 mm [FAILS]
    Alternative Pair with Shard 21 (NOT ACTIVE IN TREE):
      Candidate choice=1 inlier=22 | RotErr = 0.1747 rad (10.0124 deg) | TransErr = 4.21 mm [PASSES] -> Reward: +20.00
      Candidate choice=2 inlier=16 | RotErr = 3.1346 rad (179.6014 deg) | TransErr = 126.29 mm [FAILS]
      Candidate choice=3 inlier=32 | RotErr = 3.0974 rad (177.4683 deg) | TransErr = 131.80 mm [FAILS]
    Alternative Pair with Shard 9 (NOT ACTIVE IN TREE):
      [No match candidates found]
    Alternative Pair with Shard 12 (NOT ACTIVE IN TREE):
      [No match candidates found]
    Alternative Pair with Shard 19 (NOT ACTIVE IN TREE):
      Candidate choice=1 inlier=32 | RotErr = 3.1333 rad (179.5226 deg) | TransErr = 120.08 mm [FAILS]
      Candidate choice=2 inlier=44 | RotErr = 0.1184 rad (6.7853 deg) | TransErr = 3.79 mm [PASSES] -> Reward: +20.00
      Candidate choice=3 inlier=26 | RotErr = 3.0766 rad (176.2760 deg) | TransErr = 116.11 mm [FAILS]
      Candidate choice=4 inlier=40 | RotErr = 0.8350 rad (47.8447 deg) | TransErr = 21.43 mm [FAILS]
    Alternative Pair with Shard 2 (NOT ACTIVE IN TREE):
      Candidate choice=1 inlier=26 | RotErr = 2.9008 rad (166.2033 deg) | TransErr = 19.75 mm [FAILS]
      Candidate choice=2 inlier=2 | RotErr = 3.0293 rad (173.5688 deg) | TransErr = 35.05 mm [FAILS]
    Alternative Pair with Shard 5 (NOT ACTIVE IN TREE):
      Candidate choice=1 inlier=48 | RotErr = 1.1778 rad (67.4856 deg) | TransErr = 17.03 mm [FAILS]
      Candidate choice=2 inlier=12 | RotErr = 2.7561 rad (157.9135 deg) | TransErr = 102.03 mm [FAILS]
    Alternative Pair with Shard 7 (NOT ACTIVE IN TREE):
      Candidate choice=1 inlier=36 | RotErr = 1.0297 rad (58.9948 deg) | TransErr = 15.30 mm [FAILS]
      Candidate choice=2 inlier=30 | RotErr = 1.1130 rad (63.7687 deg) | TransErr = 29.93 mm [FAILS]
    Alternative Pair with Shard 15 (NOT ACTIVE IN TREE):
      [No match candidates found]
    Alternative Pair with Shard 22 (NOT ACTIVE IN TREE):
      Candidate choice=1 inlier=38 | RotErr = 3.0043 rad (172.1359 deg) | TransErr = 115.67 mm [FAILS]
    Alternative Pair with Shard 3 (NOT ACTIVE IN TREE):
      Candidate choice=1 inlier=38 | RotErr = 2.8315 rad (162.2353 deg) | TransErr = 126.97 mm [FAILS]
      Candidate choice=2 inlier=46 | RotErr = 2.9000 rad (166.1573 deg) | TransErr = 136.17 mm [FAILS]
      Candidate choice=3 inlier=14 | RotErr = 2.6917 rad (154.2256 deg) | TransErr = 118.08 mm [FAILS]
      Candidate choice=4 inlier=32 | RotErr = 2.4733 rad (141.7109 deg) | TransErr = 17.51 mm [FAILS]
      Candidate choice=5 inlier=68 | RotErr = 0.8044 rad (46.0868 deg) | TransErr = 20.98 mm [FAILS]
    Alternative Pair with Shard 20 (ACTIVE IN TREE) [SKIPPED]
    Alternative Pair with Shard 25 (NOT ACTIVE IN TREE):
      [No match candidates found]
    Alternative Pair with Shard 26 (NOT ACTIVE IN TREE):
      [No match candidates found]
    Alternative Pair with Shard 11 (NOT ACTIVE IN TREE):
      Candidate choice=1 inlier=57 | RotErr = 0.3077 rad (17.6321 deg) | TransErr = 17.97 mm [FAILS]
    Alternative Pair with Shard 18 (NOT ACTIVE IN TREE):
      [No match candidates found]
    Alternative Pair with Shard 8 (NOT ACTIVE IN TREE):
      Candidate choice=1 inlier=28 | RotErr = 3.0921 rad (177.1662 deg) | TransErr = 137.53 mm [FAILS]
      Candidate choice=2 inlier=22 | RotErr = 2.7105 rad (155.3005 deg) | TransErr = 16.73 mm [FAILS]
      Candidate choice=3 inlier=44 | RotErr = 2.9269 rad (167.6967 deg) | TransErr = 138.68 mm [FAILS]
      Candidate choice=4 inlier=0 | RotErr = 1.5761 rad (90.3012 deg) | TransErr = 45.13 mm [FAILS]
    Alternative Pair with Shard 14 (NOT ACTIVE IN TREE):
      Candidate choice=1 inlier=48 | RotErr = 2.7755 rad (159.0222 deg) | TransErr = 23.79 mm [FAILS]
      Candidate choice=2 inlier=16 | RotErr = 0.8097 rad (46.3935 deg) | TransErr = 26.97 mm [FAILS]
    Alternative Pair with Shard 16 (NOT ACTIVE IN TREE):
      Candidate choice=1 inlier=32 | RotErr = 3.0876 rad (176.9079 deg) | TransErr = 101.81 mm [FAILS]
    Alternative Pair with Shard 13 (NOT ACTIVE IN TREE):
      Candidate choice=1 inlier=14 | RotErr = 2.9714 rad (170.2481 deg) | TransErr = 50.51 mm [FAILS]
    Alternative Pair with Shard 17 (NOT ACTIVE IN TREE):
      Candidate choice=1 inlier=66 | RotErr = 0.4083 rad (23.3951 deg) | TransErr = 21.36 mm [FAILS]
    Alternative Pair with Shard 27 (ACTIVE IN TREE) [SKIPPED]
  Shard 13 (placed by parent 18):
    Alternative Pair with Shard 1 (NOT ACTIVE IN TREE):
      Candidate choice=1 inlier=0 | RotErr = 0.3110 rad (17.8165 deg) | TransErr = 102.47 mm [FAILS]
      Candidate choice=2 inlier=22 | RotErr = 2.8797 rad (164.9950 deg) | TransErr = 126.31 mm [FAILS]
    Alternative Pair with Shard 10 (NOT ACTIVE IN TREE):
      Candidate choice=1 inlier=28 | RotErr = 2.8819 rad (165.1190 deg) | TransErr = 142.38 mm [FAILS]
    Alternative Pair with Shard 23 (NOT ACTIVE IN TREE):
      Candidate choice=1 inlier=58 | RotErr = 2.9878 rad (171.1868 deg) | TransErr = 62.61 mm [FAILS]
    Alternative Pair with Shard 24 (NOT ACTIVE IN TREE):
      [No match candidates found]
    Alternative Pair with Shard 6 (NOT ACTIVE IN TREE):
      Candidate choice=1 inlier=68 | RotErr = 2.3399 rad (134.0657 deg) | TransErr = 31.32 mm [FAILS]
      Candidate choice=2 inlier=48 | RotErr = 0.5445 rad (31.1974 deg) | TransErr = 30.70 mm [FAILS]
      Candidate choice=3 inlier=30 | RotErr = 2.8818 rad (165.1143 deg) | TransErr = 185.78 mm [FAILS]
    Alternative Pair with Shard 21 (NOT ACTIVE IN TREE):
      [No match candidates found]
    Alternative Pair with Shard 9 (NOT ACTIVE IN TREE):
      Candidate choice=1 inlier=36 | RotErr = 0.6882 rad (39.4338 deg) | TransErr = 35.63 mm [FAILS]
      Candidate choice=2 inlier=36 | RotErr = 1.2301 rad (70.4813 deg) | TransErr = 18.12 mm [FAILS]
    Alternative Pair with Shard 12 (NOT ACTIVE IN TREE):
      Candidate choice=1 inlier=0 | RotErr = 0.5778 rad (33.1065 deg) | TransErr = 74.67 mm [FAILS]
      Candidate choice=2 inlier=30 | RotErr = 2.0167 rad (115.5506 deg) | TransErr = 38.59 mm [FAILS]
    Alternative Pair with Shard 19 (NOT ACTIVE IN TREE):
      Candidate choice=1 inlier=36 | RotErr = 1.8165 rad (104.0750 deg) | TransErr = 162.75 mm [FAILS]
    Alternative Pair with Shard 2 (NOT ACTIVE IN TREE):
      Candidate choice=1 inlier=46 | RotErr = 0.9855 rad (56.4659 deg) | TransErr = 21.72 mm [FAILS]
      Candidate choice=2 inlier=70 | RotErr = 2.9034 rad (166.3543 deg) | TransErr = 160.46 mm [FAILS]
      Candidate choice=3 inlier=38 | RotErr = 3.0456 rad (174.5023 deg) | TransErr = 150.62 mm [FAILS]
    Alternative Pair with Shard 5 (NOT ACTIVE IN TREE):
      [No match candidates found]
    Alternative Pair with Shard 7 (NOT ACTIVE IN TREE):
      Candidate choice=1 inlier=0 | RotErr = 2.8287 rad (162.0731 deg) | TransErr = 21.23 mm [FAILS]
      Candidate choice=2 inlier=38 | RotErr = 3.1107 rad (178.2321 deg) | TransErr = 54.77 mm [FAILS]
      Candidate choice=3 inlier=10 | RotErr = 2.3868 rad (136.7556 deg) | TransErr = 45.80 mm [FAILS]
      Candidate choice=4 inlier=32 | RotErr = 1.1936 rad (68.3905 deg) | TransErr = 165.96 mm [FAILS]
    Alternative Pair with Shard 15 (NOT ACTIVE IN TREE):
      [No match candidates found]
    Alternative Pair with Shard 22 (NOT ACTIVE IN TREE):
      [No match candidates found]
    Alternative Pair with Shard 3 (NOT ACTIVE IN TREE):
      [No match candidates found]
    Alternative Pair with Shard 20 (NOT ACTIVE IN TREE):
      [No match candidates found]
    Alternative Pair with Shard 25 (NOT ACTIVE IN TREE):
      Candidate choice=1 inlier=16 | RotErr = 2.0109 rad (115.2161 deg) | TransErr = 97.59 mm [FAILS]
      Candidate choice=2 inlier=12 | RotErr = 0.3956 rad (22.6683 deg) | TransErr = 28.50 mm [FAILS]
    Alternative Pair with Shard 26 (NOT ACTIVE IN TREE):
      Candidate choice=1 inlier=28 | RotErr = 3.0285 rad (173.5176 deg) | TransErr = 123.81 mm [FAILS]
      Candidate choice=2 inlier=34 | RotErr = 0.1649 rad (9.4462 deg) | TransErr = 7.43 mm [PASSES] -> Reward: +20.00
    Alternative Pair with Shard 11 (NOT ACTIVE IN TREE):
      Candidate choice=1 inlier=28 | RotErr = 2.9931 rad (171.4916 deg) | TransErr = 21.62 mm [FAILS]
    Alternative Pair with Shard 18 (ACTIVE IN TREE) [SKIPPED]
    Alternative Pair with Shard 8 (NOT ACTIVE IN TREE):
      Candidate choice=1 inlier=40 | RotErr = 2.6233 rad (150.3015 deg) | TransErr = 47.49 mm [FAILS]
      Candidate choice=2 inlier=44 | RotErr = 0.4662 rad (26.7112 deg) | TransErr = 138.43 mm [FAILS]
    Alternative Pair with Shard 14 (NOT ACTIVE IN TREE):
      Candidate choice=1 inlier=0 | RotErr = 1.4997 rad (85.9275 deg) | TransErr = 193.39 mm [FAILS]
      Candidate choice=2 inlier=6 | RotErr = 2.7827 rad (159.4358 deg) | TransErr = 65.17 mm [FAILS]
      Candidate choice=3 inlier=6 | RotErr = 2.8886 rad (165.5040 deg) | TransErr = 65.90 mm [FAILS]
      Candidate choice=4 inlier=0 | RotErr = 2.6836 rad (153.7563 deg) | TransErr = 223.58 mm [FAILS]
      Candidate choice=5 inlier=0 | RotErr = 0.8450 rad (48.4152 deg) | TransErr = 266.27 mm [FAILS]
    Alternative Pair with Shard 16 (NOT ACTIVE IN TREE):
      [No match candidates found]
    Alternative Pair with Shard 4 (NOT ACTIVE IN TREE):
      Candidate choice=1 inlier=14 | RotErr = 2.9714 rad (170.2481 deg) | TransErr = 50.51 mm [FAILS]
    Alternative Pair with Shard 17 (NOT ACTIVE IN TREE):
      [No match candidates found]
    Alternative Pair with Shard 27 (NOT ACTIVE IN TREE):
      Candidate choice=1 inlier=16 | RotErr = 2.8961 rad (165.9345 deg) | TransErr = 47.76 mm [FAILS]
      Candidate choice=2 inlier=30 | RotErr = 3.1238 rad (178.9810 deg) | TransErr = 50.18 mm [FAILS]
  Shard 17 (placed by parent 14):
    Alternative Pair with Shard 1 (NOT ACTIVE IN TREE):
      [No match candidates found]
    Alternative Pair with Shard 10 (NOT ACTIVE IN TREE):
      [No match candidates found]
    Alternative Pair with Shard 23 (NOT ACTIVE IN TREE):
      [No match candidates found]
    Alternative Pair with Shard 24 (NOT ACTIVE IN TREE):
      [No match candidates found]
    Alternative Pair with Shard 6 (NOT ACTIVE IN TREE):
      [No match candidates found]
    Alternative Pair with Shard 21 (NOT ACTIVE IN TREE):
      [No match candidates found]
    Alternative Pair with Shard 9 (NOT ACTIVE IN TREE):
      [No match candidates found]
    Alternative Pair with Shard 12 (NOT ACTIVE IN TREE):
      [No match candidates found]
    Alternative Pair with Shard 19 (NOT ACTIVE IN TREE):
      Candidate choice=1 inlier=40 | RotErr = 1.6805 rad (96.2881 deg) | TransErr = 18.08 mm [FAILS]
    Alternative Pair with Shard 2 (NOT ACTIVE IN TREE):
      [No match candidates found]
    Alternative Pair with Shard 5 (NOT ACTIVE IN TREE):
      Candidate choice=1 inlier=59 | RotErr = 3.0985 rad (177.5287 deg) | TransErr = 12.00 mm [FAILS]
    Alternative Pair with Shard 7 (NOT ACTIVE IN TREE):
      [No match candidates found]
    Alternative Pair with Shard 15 (NOT ACTIVE IN TREE):
      Candidate choice=1 inlier=14 | RotErr = 2.7842 rad (159.5201 deg) | TransErr = 83.50 mm [FAILS]
    Alternative Pair with Shard 22 (NOT ACTIVE IN TREE):
      [No match candidates found]
    Alternative Pair with Shard 3 (NOT ACTIVE IN TREE):
      Candidate choice=1 inlier=79 | RotErr = 0.0826 rad (4.7305 deg) | TransErr = 4.89 mm [PASSES] -> Reward: +20.00
    Alternative Pair with Shard 20 (NOT ACTIVE IN TREE):
      Candidate choice=1 inlier=30 | RotErr = 1.3731 rad (78.6714 deg) | TransErr = 16.66 mm [FAILS]
    Alternative Pair with Shard 25 (NOT ACTIVE IN TREE):
      [No match candidates found]
    Alternative Pair with Shard 26 (NOT ACTIVE IN TREE):
      Candidate choice=1 inlier=34 | RotErr = 2.7485 rad (157.4790 deg) | TransErr = 120.22 mm [FAILS]
    Alternative Pair with Shard 11 (NOT ACTIVE IN TREE):
      Candidate choice=1 inlier=66 | RotErr = 2.4609 rad (140.9988 deg) | TransErr = 14.52 mm [FAILS]
    Alternative Pair with Shard 18 (NOT ACTIVE IN TREE):
      [No match candidates found]
    Alternative Pair with Shard 8 (NOT ACTIVE IN TREE):
      Candidate choice=1 inlier=40 | RotErr = 1.0285 rad (58.9312 deg) | TransErr = 7.54 mm [FAILS]
      Candidate choice=2 inlier=53 | RotErr = 3.0928 rad (177.2046 deg) | TransErr = 136.39 mm [FAILS]
    Alternative Pair with Shard 14 (ACTIVE IN TREE) [SKIPPED]
    Alternative Pair with Shard 16 (NOT ACTIVE IN TREE):
      [No match candidates found]
    Alternative Pair with Shard 4 (NOT ACTIVE IN TREE):
      Candidate choice=1 inlier=66 | RotErr = 0.4083 rad (23.3951 deg) | TransErr = 21.36 mm [FAILS]
    Alternative Pair with Shard 13 (NOT ACTIVE IN TREE):
      [No match candidates found]
    Alternative Pair with Shard 27 (NOT ACTIVE IN TREE):
      Candidate choice=1 inlier=30 | RotErr = 0.7724 rad (44.2564 deg) | TransErr = 39.32 mm [FAILS]
  Shard 27 (placed by parent 4):
    Alternative Pair with Shard 1 (NOT ACTIVE IN TREE):
      [No match candidates found]
    Alternative Pair with Shard 10 (NOT ACTIVE IN TREE):
      [No match candidates found]
    Alternative Pair with Shard 23 (NOT ACTIVE IN TREE):
      [No match candidates found]
    Alternative Pair with Shard 24 (NOT ACTIVE IN TREE):
      [No match candidates found]
    Alternative Pair with Shard 6 (NOT ACTIVE IN TREE):
      Candidate choice=1 inlier=26 | RotErr = 3.1183 rad (178.6671 deg) | TransErr = 18.93 mm [FAILS]
    Alternative Pair with Shard 21 (NOT ACTIVE IN TREE):
      [No match candidates found]
    Alternative Pair with Shard 9 (NOT ACTIVE IN TREE):
      [No match candidates found]
    Alternative Pair with Shard 12 (NOT ACTIVE IN TREE):
      [No match candidates found]
    Alternative Pair with Shard 19 (NOT ACTIVE IN TREE):
      [No match candidates found]
    Alternative Pair with Shard 2 (NOT ACTIVE IN TREE):
      Candidate choice=1 inlier=30 | RotErr = 3.0446 rad (174.4434 deg) | TransErr = 31.83 mm [FAILS]
    Alternative Pair with Shard 5 (NOT ACTIVE IN TREE):
      [No match candidates found]
    Alternative Pair with Shard 7 (NOT ACTIVE IN TREE):
      [No match candidates found]
    Alternative Pair with Shard 15 (NOT ACTIVE IN TREE):
      [No match candidates found]
    Alternative Pair with Shard 22 (NOT ACTIVE IN TREE):
      [No match candidates found]
    Alternative Pair with Shard 3 (NOT ACTIVE IN TREE):
      [No match candidates found]
    Alternative Pair with Shard 20 (NOT ACTIVE IN TREE):
      [No match candidates found]
    Alternative Pair with Shard 25 (NOT ACTIVE IN TREE):
      Candidate choice=1 inlier=22 | RotErr = 2.9879 rad (171.1964 deg) | TransErr = 54.19 mm [FAILS]
    Alternative Pair with Shard 26 (NOT ACTIVE IN TREE):
      [No match candidates found]
    Alternative Pair with Shard 11 (NOT ACTIVE IN TREE):
      Candidate choice=1 inlier=39 | RotErr = 1.0248 rad (58.7188 deg) | TransErr = 11.30 mm [FAILS]
      Candidate choice=2 inlier=30 | RotErr = 3.0372 rad (174.0172 deg) | TransErr = 15.76 mm [FAILS]
    Alternative Pair with Shard 18 (NOT ACTIVE IN TREE):
      [No match candidates found]
    Alternative Pair with Shard 8 (NOT ACTIVE IN TREE):
      [No match candidates found]
    Alternative Pair with Shard 14 (NOT ACTIVE IN TREE):
      Candidate choice=1 inlier=28 | RotErr = 0.3112 rad (17.8314 deg) | TransErr = 21.47 mm [FAILS]
    Alternative Pair with Shard 16 (NOT ACTIVE IN TREE):
      [No match candidates found]
    Alternative Pair with Shard 4 (ACTIVE IN TREE) [SKIPPED]
    Alternative Pair with Shard 13 (NOT ACTIVE IN TREE):
      Candidate choice=1 inlier=16 | RotErr = 2.8961 rad (165.9345 deg) | TransErr = 47.76 mm [FAILS]
      Candidate choice=2 inlier=30 | RotErr = 3.1238 rad (178.9810 deg) | TransErr = 50.18 mm [FAILS]
    Alternative Pair with Shard 17 (NOT ACTIVE IN TREE):
      Candidate choice=1 inlier=30 | RotErr = 0.7724 rad (44.2564 deg) | TransErr = 39.32 mm [FAILS]
  Total Logged Consensus Reward: 640.00
=========================================================
[GA Iter 1] Best fitness: 2649.50 (improvement: 1000002649.50)
GA converged after 2 iteration(s).
[CountResult DEBUG] Thresholds: rad=0.35, trans=50.00
[CountResult DEBUG] Edge 1-5 GT=1.00 Pred=0.00 rad_err=0.03 trans_err=13.62 => PASS
[CountResult DEBUG] Edge 1-6 GT=1.00 Pred=0.00 rad_err=0.04 trans_err=18.23 => PASS
[CountResult DEBUG] Edge 1-10 GT=1.00 Pred=1.00 rad_err=0.02 trans_err=2.87 => PASS
[CountResult DEBUG] Edge 1-13 GT=1.00 Pred=0.00 rad_err=2.17 trans_err=726.02 => FAIL
[CountResult DEBUG] Edge 1-19 GT=1.00 Pred=0.00 rad_err=0.02 trans_err=11.19 => PASS
[CountResult DEBUG] Edge 1-20 GT=1.00 Pred=0.00 rad_err=0.01 trans_err=1.27 => PASS
[CountResult DEBUG] Edge 1-23 GT=1.00 Pred=1.00 rad_err=0.04 trans_err=18.49 => PASS
[CountResult DEBUG] Edge 1-24 GT=1.00 Pred=1.00 rad_err=0.07 trans_err=33.81 => PASS
[CountResult DEBUG] Edge 2-6 GT=1.00 Pred=0.00 rad_err=1.16 trans_err=351.60 => FAIL
[CountResult DEBUG] Edge 2-9 GT=1.00 Pred=1.00 rad_err=1.18 trans_err=349.65 => FAIL
[CountResult DEBUG] Edge 2-13 GT=1.00 Pred=0.00 rad_err=2.95 trans_err=701.99 => FAIL
[CountResult DEBUG] Edge 2-18 GT=1.00 Pred=0.00 rad_err=1.22 trans_err=352.82 => FAIL
[CountResult DEBUG] Edge 2-26 GT=1.00 Pred=1.00 rad_err=1.17 trans_err=334.52 => FAIL
[CountResult DEBUG] Edge 3-8 GT=1.00 Pred=1.00 rad_err=0.01 trans_err=4.50 => PASS
[CountResult DEBUG] Edge 3-12 GT=1.00 Pred=1.00 rad_err=0.07 trans_err=27.14 => PASS
[CountResult DEBUG] Edge 3-14 GT=1.00 Pred=1.00 rad_err=0.03 trans_err=16.36 => PASS
[CountResult DEBUG] Edge 3-16 GT=1.00 Pred=1.00 rad_err=0.03 trans_err=14.30 => PASS
[CountResult DEBUG] Edge 3-17 GT=1.00 Pred=0.00 rad_err=0.03 trans_err=9.52 => PASS
[CountResult DEBUG] Edge 3-27 GT=1.00 Pred=0.00 rad_err=2.93 trans_err=593.63 => FAIL
[CountResult DEBUG] Edge 4-11 GT=1.00 Pred=0.00 rad_err=0.04 trans_err=17.93 => PASS
[CountResult DEBUG] Edge 4-14 GT=1.00 Pred=0.00 rad_err=0.06 trans_err=26.97 => PASS
[CountResult DEBUG] Edge 4-17 GT=1.00 Pred=0.00 rad_err=0.03 trans_err=12.78 => PASS
[CountResult DEBUG] Edge 4-19 GT=1.00 Pred=0.00 rad_err=0.04 trans_err=13.27 => PASS
[CountResult DEBUG] Edge 4-20 GT=1.00 Pred=1.00 rad_err=0.03 trans_err=8.30 => PASS
[CountResult DEBUG] Edge 4-21 GT=1.00 Pred=0.00 rad_err=0.05 trans_err=6.73 => PASS
[CountResult DEBUG] Edge 5-7 GT=1.00 Pred=0.00 rad_err=0.02 trans_err=9.46 => PASS
[CountResult DEBUG] Edge 5-9 GT=1.00 Pred=1.00 rad_err=0.03 trans_err=10.29 => PASS
[CountResult DEBUG] Edge 5-11 GT=1.00 Pred=1.00 rad_err=0.03 trans_err=7.90 => PASS
[CountResult DEBUG] Edge 5-23 GT=1.00 Pred=0.00 rad_err=0.02 trans_err=10.91 => PASS
[CountResult DEBUG] Edge 5-25 GT=1.00 Pred=0.00 rad_err=0.94 trans_err=328.96 => FAIL
[CountResult DEBUG] Edge 6-10 GT=1.00 Pred=1.00 rad_err=0.04 trans_err=14.51 => PASS
[CountResult DEBUG] Edge 6-12 GT=1.00 Pred=1.00 rad_err=0.06 trans_err=21.61 => PASS
[CountResult DEBUG] Edge 6-13 GT=1.00 Pred=0.00 rad_err=2.18 trans_err=640.73 => FAIL
[CountResult DEBUG] Edge 7-8 GT=1.00 Pred=0.00 rad_err=0.01 trans_err=3.96 => PASS
[CountResult DEBUG] Edge 7-9 GT=1.00 Pred=1.00 rad_err=0.03 trans_err=6.75 => PASS
[CountResult DEBUG] Edge 7-11 GT=1.00 Pred=0.00 rad_err=0.01 trans_err=6.04 => PASS
[CountResult DEBUG] Edge 7-14 GT=1.00 Pred=0.00 rad_err=0.03 trans_err=9.05 => PASS
[CountResult DEBUG] Edge 8-14 GT=1.00 Pred=0.00 rad_err=0.03 trans_err=7.50 => PASS
[CountResult DEBUG] Edge 8-15 GT=1.00 Pred=0.00 rad_err=0.04 trans_err=14.09 => PASS
[CountResult DEBUG] Edge 8-22 GT=1.00 Pred=0.00 rad_err=0.03 trans_err=12.60 => PASS
[CountResult DEBUG] Edge 8-27 GT=1.00 Pred=0.00 rad_err=2.93 trans_err=808.66 => FAIL
[CountResult DEBUG] Edge 9-15 GT=1.00 Pred=1.00 rad_err=0.03 trans_err=11.94 => PASS
[CountResult DEBUG] Edge 9-18 GT=1.00 Pred=0.00 rad_err=0.05 trans_err=15.30 => PASS
[CountResult DEBUG] Edge 9-22 GT=1.00 Pred=1.00 rad_err=0.02 trans_err=10.25 => PASS
[CountResult DEBUG] Edge 9-23 GT=1.00 Pred=0.00 rad_err=0.04 trans_err=17.19 => PASS
[CountResult DEBUG] Edge 9-24 GT=1.00 Pred=1.00 rad_err=0.06 trans_err=25.39 => PASS
[CountResult DEBUG] Edge 9-26 GT=1.00 Pred=0.00 rad_err=0.04 trans_err=19.16 => PASS
[CountResult DEBUG] Edge 10-12 GT=1.00 Pred=0.00 rad_err=0.03 trans_err=11.42 => PASS
[CountResult DEBUG] Edge 10-16 GT=1.00 Pred=0.00 rad_err=0.01 trans_err=6.27 => PASS
[CountResult DEBUG] Edge 10-21 GT=1.00 Pred=1.00 rad_err=0.04 trans_err=8.33 => PASS
[CountResult DEBUG] Edge 11-20 GT=1.00 Pred=0.00 rad_err=0.03 trans_err=4.23 => PASS
[CountResult DEBUG] Edge 11-25 GT=1.00 Pred=0.00 rad_err=0.95 trans_err=252.79 => FAIL
[CountResult DEBUG] Edge 12-15 GT=1.00 Pred=0.00 rad_err=0.03 trans_err=10.58 => PASS
[CountResult DEBUG] Edge 12-16 GT=1.00 Pred=0.00 rad_err=0.03 trans_err=14.17 => PASS
[CountResult DEBUG] Edge 12-18 GT=1.00 Pred=0.00 rad_err=0.03 trans_err=12.57 => PASS
[CountResult DEBUG] Edge 14-17 GT=1.00 Pred=1.00 rad_err=0.05 trans_err=1.91 => PASS
[CountResult DEBUG] Edge 15-18 GT=1.00 Pred=1.00 rad_err=0.04 trans_err=17.12 => PASS
[CountResult DEBUG] Edge 15-22 GT=1.00 Pred=0.00 rad_err=0.02 trans_err=6.09 => PASS
[CountResult DEBUG] Edge 15-27 GT=1.00 Pred=0.00 rad_err=2.92 trans_err=649.61 => FAIL
[CountResult DEBUG] Edge 16-21 GT=1.00 Pred=0.00 rad_err=0.04 trans_err=12.40 => PASS
[CountResult DEBUG] Edge 18-26 GT=1.00 Pred=0.00 rad_err=0.06 trans_err=22.34 => PASS
[CountResult DEBUG] Edge 19-20 GT=1.00 Pred=1.00 rad_err=0.02 trans_err=9.58 => PASS
[CountResult DEBUG] Edge 19-21 GT=1.00 Pred=1.00 rad_err=0.04 trans_err=9.05 => PASS
[CountResult DEBUG] Edge 20-25 GT=1.00 Pred=0.00 rad_err=0.92 trans_err=299.92 => FAIL
[CountResult DEBUG] Edge 23-24 GT=1.00 Pred=0.00 rad_err=0.03 trans_err=10.70 => PASS
[CountResult DEBUG] Sherd 1 gt_edges=8 matched_edges=7 => MATCHED
[CountResult DEBUG] Sherd 2 gt_edges=5 matched_edges=0 => MISSED
[CountResult DEBUG] Sherd 3 gt_edges=6 matched_edges=5 => MATCHED
[CountResult DEBUG] Sherd 4 gt_edges=6 matched_edges=6 => MATCHED
[CountResult DEBUG] Sherd 5 gt_edges=6 matched_edges=5 => MATCHED
[CountResult DEBUG] Sherd 6 gt_edges=5 matched_edges=3 => MATCHED
[CountResult DEBUG] Sherd 7 gt_edges=5 matched_edges=5 => MATCHED
[CountResult DEBUG] Sherd 8 gt_edges=6 matched_edges=5 => MATCHED
[CountResult DEBUG] Sherd 9 gt_edges=9 matched_edges=8 => MATCHED
[CountResult DEBUG] Sherd 10 gt_edges=5 matched_edges=5 => MATCHED
[CountResult DEBUG] Sherd 11 gt_edges=5 matched_edges=4 => MATCHED
[CountResult DEBUG] Sherd 12 gt_edges=6 matched_edges=6 => MATCHED
[CountResult DEBUG] Sherd 13 gt_edges=3 matched_edges=0 => MISSED
[CountResult DEBUG] Sherd 14 gt_edges=5 matched_edges=5 => MATCHED
[CountResult DEBUG] Sherd 15 gt_edges=6 matched_edges=5 => MATCHED
[CountResult DEBUG] Sherd 16 gt_edges=4 matched_edges=4 => MATCHED
[CountResult DEBUG] Sherd 17 gt_edges=3 matched_edges=3 => MATCHED
[CountResult DEBUG] Sherd 18 gt_edges=5 matched_edges=4 => MATCHED
[CountResult DEBUG] Sherd 19 gt_edges=4 matched_edges=4 => MATCHED
[CountResult DEBUG] Sherd 20 gt_edges=5 matched_edges=4 => MATCHED
[CountResult DEBUG] Sherd 21 gt_edges=4 matched_edges=4 => MATCHED
[CountResult DEBUG] Sherd 22 gt_edges=3 matched_edges=3 => MATCHED
[CountResult DEBUG] Sherd 23 gt_edges=4 matched_edges=4 => MATCHED
[CountResult DEBUG] Sherd 24 gt_edges=3 matched_edges=3 => MATCHED
[CountResult DEBUG] Sherd 25 gt_edges=3 matched_edges=0 => MISSED
[CountResult DEBUG] Sherd 26 gt_edges=3 matched_edges=2 => MATCHED
[CountResult DEBUG] Sherd 27 gt_edges=3 matched_edges=0 => MISSED
[CountResult DEBUG] Sherd 28 gt_edges=0 matched_edges=0 => MISSED
[CountResult DEBUG] Sherd 29 gt_edges=0 matched_edges=0 => MISSED
[CountResult DEBUG] Sherd 30 gt_edges=0 matched_edges=0 => MISSED
Sherd accuracy : 23 / 27 (85.19%)
Edge accuracy : 52 / 65 (80.00%)
########## Pre-ICP GA Results ##########
Sherd Accuracy : 23 / 27
Edge Accuracy  : 52 / 65
########################################
#################### Post-GA Global ICP Refinement ####################
#################### Fine reconstruction is converge ####################
[CountResult DEBUG] Thresholds: rad=0.35, trans=50.00
[CountResult DEBUG] Edge 1-5 GT=1.00 Pred=1.00 rad_err=0.05 trans_err=23.24 => PASS
[CountResult DEBUG] Edge 1-6 GT=1.00 Pred=1.00 rad_err=0.12 trans_err=52.89 => FAIL
[CountResult DEBUG] Edge 1-10 GT=1.00 Pred=1.00 rad_err=0.04 trans_err=8.99 => PASS
[CountResult DEBUG] Edge 1-13 GT=1.00 Pred=0.00 rad_err=2.20 trans_err=865.32 => FAIL
[CountResult DEBUG] Edge 1-19 GT=1.00 Pred=1.00 rad_err=0.03 trans_err=10.34 => PASS
[CountResult DEBUG] Edge 1-20 GT=1.00 Pred=1.00 rad_err=0.03 trans_err=12.57 => PASS
[CountResult DEBUG] Edge 1-23 GT=1.00 Pred=1.00 rad_err=0.09 trans_err=44.47 => PASS
[CountResult DEBUG] Edge 1-24 GT=1.00 Pred=1.00 rad_err=0.14 trans_err=66.16 => FAIL
[CountResult DEBUG] Edge 2-6 GT=1.00 Pred=1.00 rad_err=0.98 trans_err=349.40 => FAIL
[CountResult DEBUG] Edge 2-9 GT=1.00 Pred=1.00 rad_err=1.02 trans_err=356.81 => FAIL
[CountResult DEBUG] Edge 2-13 GT=1.00 Pred=1.00 rad_err=3.14 trans_err=696.16 => FAIL
[CountResult DEBUG] Edge 2-18 GT=1.00 Pred=1.00 rad_err=0.99 trans_err=340.81 => FAIL
[CountResult DEBUG] Edge 2-26 GT=1.00 Pred=1.00 rad_err=1.02 trans_err=352.70 => FAIL
[CountResult DEBUG] Edge 3-8 GT=1.00 Pred=1.00 rad_err=0.08 trans_err=27.94 => PASS
[CountResult DEBUG] Edge 3-12 GT=1.00 Pred=1.00 rad_err=0.10 trans_err=39.46 => PASS
[CountResult DEBUG] Edge 3-14 GT=1.00 Pred=1.00 rad_err=0.05 trans_err=15.99 => PASS
[CountResult DEBUG] Edge 3-16 GT=1.00 Pred=1.00 rad_err=0.06 trans_err=23.64 => PASS
[CountResult DEBUG] Edge 3-17 GT=1.00 Pred=1.00 rad_err=0.03 trans_err=12.20 => PASS
[CountResult DEBUG] Edge 3-27 GT=1.00 Pred=1.00 rad_err=2.92 trans_err=655.99 => FAIL
[CountResult DEBUG] Edge 4-11 GT=1.00 Pred=1.00 rad_err=0.04 trans_err=16.50 => PASS
[CountResult DEBUG] Edge 4-14 GT=1.00 Pred=1.00 rad_err=0.05 trans_err=19.98 => PASS
[CountResult DEBUG] Edge 4-17 GT=1.00 Pred=1.00 rad_err=0.06 trans_err=25.01 => PASS
[CountResult DEBUG] Edge 4-19 GT=1.00 Pred=1.00 rad_err=0.05 trans_err=10.49 => PASS
[CountResult DEBUG] Edge 4-20 GT=1.00 Pred=1.00 rad_err=0.08 trans_err=20.50 => PASS
[CountResult DEBUG] Edge 4-21 GT=1.00 Pred=1.00 rad_err=0.07 trans_err=6.36 => PASS
[CountResult DEBUG] Edge 5-7 GT=1.00 Pred=1.00 rad_err=0.07 trans_err=27.88 => PASS
[CountResult DEBUG] Edge 5-9 GT=1.00 Pred=1.00 rad_err=0.04 trans_err=20.44 => PASS
[CountResult DEBUG] Edge 5-11 GT=1.00 Pred=1.00 rad_err=0.08 trans_err=35.45 => PASS
[CountResult DEBUG] Edge 5-23 GT=1.00 Pred=1.00 rad_err=0.05 trans_err=24.34 => PASS
[CountResult DEBUG] Edge 5-25 GT=1.00 Pred=0.00 rad_err=1.19 trans_err=419.45 => FAIL
[CountResult DEBUG] Edge 6-10 GT=1.00 Pred=1.00 rad_err=0.12 trans_err=52.98 => FAIL
[CountResult DEBUG] Edge 6-12 GT=1.00 Pred=1.00 rad_err=0.13 trans_err=59.12 => FAIL
[CountResult DEBUG] Edge 6-13 GT=1.00 Pred=1.00 rad_err=2.23 trans_err=611.95 => FAIL
[CountResult DEBUG] Edge 7-8 GT=1.00 Pred=1.00 rad_err=0.01 trans_err=3.42 => PASS
[CountResult DEBUG] Edge 7-9 GT=1.00 Pred=1.00 rad_err=0.03 trans_err=10.72 => PASS
[CountResult DEBUG] Edge 7-11 GT=1.00 Pred=1.00 rad_err=0.05 trans_err=15.81 => PASS
[CountResult DEBUG] Edge 7-14 GT=1.00 Pred=1.00 rad_err=0.02 trans_err=8.90 => PASS
[CountResult DEBUG] Edge 8-14 GT=1.00 Pred=1.00 rad_err=0.03 trans_err=12.23 => PASS
[CountResult DEBUG] Edge 8-15 GT=1.00 Pred=1.00 rad_err=0.04 trans_err=10.44 => PASS
[CountResult DEBUG] Edge 8-22 GT=1.00 Pred=1.00 rad_err=0.04 trans_err=7.14 => PASS
[CountResult DEBUG] Edge 8-27 GT=1.00 Pred=0.00 rad_err=2.99 trans_err=780.72 => FAIL
[CountResult DEBUG] Edge 9-15 GT=1.00 Pred=1.00 rad_err=0.02 trans_err=5.10 => PASS
[CountResult DEBUG] Edge 9-18 GT=1.00 Pred=1.00 rad_err=0.03 trans_err=13.83 => PASS
[CountResult DEBUG] Edge 9-22 GT=1.00 Pred=1.00 rad_err=0.02 trans_err=6.36 => PASS
[CountResult DEBUG] Edge 9-23 GT=1.00 Pred=1.00 rad_err=0.08 trans_err=26.39 => PASS
[CountResult DEBUG] Edge 9-24 GT=1.00 Pred=1.00 rad_err=0.12 trans_err=45.16 => PASS
[CountResult DEBUG] Edge 9-26 GT=1.00 Pred=1.00 rad_err=0.02 trans_err=7.54 => PASS
[CountResult DEBUG] Edge 10-12 GT=1.00 Pred=1.00 rad_err=0.03 trans_err=17.45 => PASS
[CountResult DEBUG] Edge 10-16 GT=1.00 Pred=1.00 rad_err=0.04 trans_err=18.36 => PASS
[CountResult DEBUG] Edge 10-21 GT=1.00 Pred=1.00 rad_err=0.05 trans_err=12.85 => PASS
[CountResult DEBUG] Edge 11-20 GT=1.00 Pred=1.00 rad_err=0.05 trans_err=22.90 => PASS
[CountResult DEBUG] Edge 11-25 GT=1.00 Pred=0.00 rad_err=1.12 trans_err=428.73 => FAIL
[CountResult DEBUG] Edge 12-15 GT=1.00 Pred=1.00 rad_err=0.02 trans_err=7.96 => PASS
[CountResult DEBUG] Edge 12-16 GT=1.00 Pred=1.00 rad_err=0.04 trans_err=16.58 => PASS
[CountResult DEBUG] Edge 12-18 GT=1.00 Pred=1.00 rad_err=0.01 trans_err=2.87 => PASS
[CountResult DEBUG] Edge 14-17 GT=1.00 Pred=1.00 rad_err=0.06 trans_err=21.05 => PASS
[CountResult DEBUG] Edge 15-18 GT=1.00 Pred=1.00 rad_err=0.04 trans_err=17.96 => PASS
[CountResult DEBUG] Edge 15-22 GT=1.00 Pred=1.00 rad_err=0.02 trans_err=2.02 => PASS
[CountResult DEBUG] Edge 15-27 GT=1.00 Pred=0.00 rad_err=2.97 trans_err=702.25 => FAIL
[CountResult DEBUG] Edge 16-21 GT=1.00 Pred=1.00 rad_err=0.09 trans_err=26.00 => PASS
[CountResult DEBUG] Edge 18-26 GT=1.00 Pred=1.00 rad_err=0.03 trans_err=5.58 => PASS
[CountResult DEBUG] Edge 19-20 GT=1.00 Pred=1.00 rad_err=0.03 trans_err=10.64 => PASS
[CountResult DEBUG] Edge 19-21 GT=1.00 Pred=1.00 rad_err=0.05 trans_err=14.24 => PASS
[CountResult DEBUG] Edge 20-25 GT=1.00 Pred=0.00 rad_err=1.15 trans_err=324.70 => FAIL
[CountResult DEBUG] Edge 23-24 GT=1.00 Pred=1.00 rad_err=0.05 trans_err=19.95 => PASS
[CountResult DEBUG] Sherd 1 gt_edges=8 matched_edges=6 => MATCHED
[CountResult DEBUG] Sherd 2 gt_edges=5 matched_edges=0 => MISSED
[CountResult DEBUG] Sherd 3 gt_edges=6 matched_edges=5 => MATCHED
[CountResult DEBUG] Sherd 4 gt_edges=6 matched_edges=6 => MATCHED
[CountResult DEBUG] Sherd 5 gt_edges=6 matched_edges=5 => MATCHED
[CountResult DEBUG] Sherd 6 gt_edges=5 matched_edges=1 => MATCHED
[CountResult DEBUG] Sherd 7 gt_edges=5 matched_edges=5 => MATCHED
[CountResult DEBUG] Sherd 8 gt_edges=6 matched_edges=5 => MATCHED
[CountResult DEBUG] Sherd 9 gt_edges=9 matched_edges=8 => MATCHED
[CountResult DEBUG] Sherd 10 gt_edges=5 matched_edges=5 => MATCHED
[CountResult DEBUG] Sherd 11 gt_edges=5 matched_edges=4 => MATCHED
[CountResult DEBUG] Sherd 12 gt_edges=6 matched_edges=5 => MATCHED
[CountResult DEBUG] Sherd 13 gt_edges=3 matched_edges=0 => MISSED
[CountResult DEBUG] Sherd 14 gt_edges=5 matched_edges=5 => MATCHED
[CountResult DEBUG] Sherd 15 gt_edges=6 matched_edges=5 => MATCHED
[CountResult DEBUG] Sherd 16 gt_edges=4 matched_edges=4 => MATCHED
[CountResult DEBUG] Sherd 17 gt_edges=3 matched_edges=3 => MATCHED
[CountResult DEBUG] Sherd 18 gt_edges=5 matched_edges=4 => MATCHED
[CountResult DEBUG] Sherd 19 gt_edges=4 matched_edges=4 => MATCHED
[CountResult DEBUG] Sherd 20 gt_edges=5 matched_edges=4 => MATCHED
[CountResult DEBUG] Sherd 21 gt_edges=4 matched_edges=4 => MATCHED
[CountResult DEBUG] Sherd 22 gt_edges=3 matched_edges=3 => MATCHED
[CountResult DEBUG] Sherd 23 gt_edges=4 matched_edges=4 => MATCHED
[CountResult DEBUG] Sherd 24 gt_edges=3 matched_edges=3 => MATCHED
[CountResult DEBUG] Sherd 25 gt_edges=3 matched_edges=0 => MISSED
[CountResult DEBUG] Sherd 26 gt_edges=3 matched_edges=2 => MATCHED
[CountResult DEBUG] Sherd 27 gt_edges=3 matched_edges=0 => MISSED
[CountResult DEBUG] Sherd 28 gt_edges=0 matched_edges=0 => MISSED
[CountResult DEBUG] Sherd 29 gt_edges=0 matched_edges=0 => MISSED
[CountResult DEBUG] Sherd 30 gt_edges=0 matched_edges=0 => MISSED
Sherd accuracy : 23 / 27 (85.19%)
Edge accuracy : 49 / 65 (75.38%)
########## Post-ICP Global Results ##########
Sherd Accuracy : 23 / 27
Edge Accuracy  : 49 / 65
########################################
#################### Post-GA Incremental ICP Refinement ####################
[CountResult DEBUG] Thresholds: rad=0.35, trans=50.00
[CountResult DEBUG] Edge 1-5 GT=1.00 Pred=0.00 rad_err=0.03 trans_err=13.02 => PASS
[CountResult DEBUG] Edge 1-6 GT=1.00 Pred=0.00 rad_err=2.64 trans_err=932.85 => FAIL
[CountResult DEBUG] Edge 1-10 GT=1.00 Pred=1.00 rad_err=0.06 trans_err=21.02 => PASS
[CountResult DEBUG] Edge 1-13 GT=1.00 Pred=0.00 rad_err=1.54 trans_err=681.82 => FAIL
[CountResult DEBUG] Edge 1-19 GT=1.00 Pred=0.00 rad_err=0.03 trans_err=9.54 => PASS
[CountResult DEBUG] Edge 1-20 GT=1.00 Pred=0.00 rad_err=3.08 trans_err=546.58 => FAIL
[CountResult DEBUG] Edge 1-23 GT=1.00 Pred=1.00 rad_err=2.85 trans_err=692.66 => FAIL
[CountResult DEBUG] Edge 1-24 GT=1.00 Pred=1.00 rad_err=0.09 trans_err=18.29 => PASS
[CountResult DEBUG] Edge 2-6 GT=1.00 Pred=0.00 rad_err=1.78 trans_err=528.69 => FAIL
[CountResult DEBUG] Edge 2-9 GT=1.00 Pred=1.00 rad_err=1.01 trans_err=265.40 => FAIL
[CountResult DEBUG] Edge 2-13 GT=1.00 Pred=0.00 rad_err=2.87 trans_err=702.23 => FAIL
[CountResult DEBUG] Edge 2-18 GT=1.00 Pred=0.00 rad_err=0.58 trans_err=104.85 => FAIL
[CountResult DEBUG] Edge 2-26 GT=1.00 Pred=1.00 rad_err=1.02 trans_err=277.17 => FAIL
[CountResult DEBUG] Edge 3-8 GT=1.00 Pred=1.00 rad_err=2.94 trans_err=643.79 => FAIL
[CountResult DEBUG] Edge 3-12 GT=1.00 Pred=1.00 rad_err=2.87 trans_err=671.81 => FAIL
[CountResult DEBUG] Edge 3-14 GT=1.00 Pred=1.00 rad_err=3.04 trans_err=815.63 => FAIL
[CountResult DEBUG] Edge 3-16 GT=1.00 Pred=1.00 rad_err=3.02 trans_err=744.40 => FAIL
[CountResult DEBUG] Edge 3-17 GT=1.00 Pred=0.00 rad_err=2.59 trans_err=638.38 => FAIL
[CountResult DEBUG] Edge 3-27 GT=1.00 Pred=0.00 rad_err=1.54 trans_err=548.98 => FAIL
[CountResult DEBUG] Edge 4-11 GT=1.00 Pred=0.00 rad_err=2.96 trans_err=782.27 => FAIL
[CountResult DEBUG] Edge 4-14 GT=1.00 Pred=0.00 rad_err=3.14 trans_err=765.11 => FAIL
[CountResult DEBUG] Edge 4-17 GT=1.00 Pred=0.00 rad_err=1.96 trans_err=679.77 => FAIL
[CountResult DEBUG] Edge 4-19 GT=1.00 Pred=0.00 rad_err=3.13 trans_err=419.19 => FAIL
[CountResult DEBUG] Edge 4-20 GT=1.00 Pred=1.00 rad_err=2.28 trans_err=718.44 => FAIL
[CountResult DEBUG] Edge 4-21 GT=1.00 Pred=0.00 rad_err=3.10 trans_err=354.22 => FAIL
[CountResult DEBUG] Edge 5-7 GT=1.00 Pred=0.00 rad_err=2.87 trans_err=709.78 => FAIL
[CountResult DEBUG] Edge 5-9 GT=1.00 Pred=1.00 rad_err=2.85 trans_err=869.92 => FAIL
[CountResult DEBUG] Edge 5-11 GT=1.00 Pred=1.00 rad_err=2.98 trans_err=916.72 => FAIL
[CountResult DEBUG] Edge 5-23 GT=1.00 Pred=0.00 rad_err=2.84 trans_err=761.26 => FAIL
[CountResult DEBUG] Edge 5-25 GT=1.00 Pred=0.00 rad_err=3.03 trans_err=759.53 => FAIL
[CountResult DEBUG] Edge 6-10 GT=1.00 Pred=1.00 rad_err=2.58 trans_err=622.95 => FAIL
[CountResult DEBUG] Edge 6-12 GT=1.00 Pred=1.00 rad_err=0.66 trans_err=225.55 => FAIL
[CountResult DEBUG] Edge 6-13 GT=1.00 Pred=0.00 rad_err=1.10 trans_err=348.41 => FAIL
[CountResult DEBUG] Edge 7-8 GT=1.00 Pred=0.00 rad_err=2.95 trans_err=201.68 => FAIL
[CountResult DEBUG] Edge 7-9 GT=1.00 Pred=1.00 rad_err=3.07 trans_err=666.88 => FAIL
[CountResult DEBUG] Edge 7-11 GT=1.00 Pred=0.00 rad_err=1.26 trans_err=445.42 => FAIL
[CountResult DEBUG] Edge 7-14 GT=1.00 Pred=0.00 rad_err=3.11 trans_err=666.40 => FAIL
[CountResult DEBUG] Edge 8-14 GT=1.00 Pred=0.00 rad_err=1.44 trans_err=334.61 => FAIL
[CountResult DEBUG] Edge 8-15 GT=1.00 Pred=0.00 rad_err=1.14 trans_err=229.61 => FAIL
[CountResult DEBUG] Edge 8-22 GT=1.00 Pred=0.00 rad_err=2.80 trans_err=265.61 => FAIL
[CountResult DEBUG] Edge 8-27 GT=1.00 Pred=0.00 rad_err=2.80 trans_err=904.88 => FAIL
[CountResult DEBUG] Edge 9-15 GT=1.00 Pred=1.00 rad_err=0.53 trans_err=199.38 => FAIL
[CountResult DEBUG] Edge 9-18 GT=1.00 Pred=0.00 rad_err=0.65 trans_err=216.71 => FAIL
[CountResult DEBUG] Edge 9-22 GT=1.00 Pred=1.00 rad_err=1.47 trans_err=578.37 => FAIL
[CountResult DEBUG] Edge 9-23 GT=1.00 Pred=0.00 rad_err=2.90 trans_err=768.10 => FAIL
[CountResult DEBUG] Edge 9-24 GT=1.00 Pred=1.00 rad_err=2.81 trans_err=823.95 => FAIL
[CountResult DEBUG] Edge 9-26 GT=1.00 Pred=0.00 rad_err=0.20 trans_err=46.60 => PASS
[CountResult DEBUG] Edge 10-12 GT=1.00 Pred=0.00 rad_err=3.05 trans_err=878.36 => FAIL
[CountResult DEBUG] Edge 10-16 GT=1.00 Pred=0.00 rad_err=1.46 trans_err=573.20 => FAIL
[CountResult DEBUG] Edge 10-21 GT=1.00 Pred=1.00 rad_err=0.19 trans_err=131.74 => FAIL
[CountResult DEBUG] Edge 11-20 GT=1.00 Pred=0.00 rad_err=1.05 trans_err=299.82 => FAIL
[CountResult DEBUG] Edge 11-25 GT=1.00 Pred=0.00 rad_err=1.45 trans_err=684.38 => FAIL
[CountResult DEBUG] Edge 12-15 GT=1.00 Pred=0.00 rad_err=0.33 trans_err=82.46 => FAIL
[CountResult DEBUG] Edge 12-16 GT=1.00 Pred=0.00 rad_err=1.79 trans_err=161.13 => FAIL
[CountResult DEBUG] Edge 12-18 GT=1.00 Pred=0.00 rad_err=0.82 trans_err=240.69 => FAIL
[CountResult DEBUG] Edge 14-17 GT=1.00 Pred=1.00 rad_err=2.90 trans_err=839.18 => FAIL
[CountResult DEBUG] Edge 15-18 GT=1.00 Pred=1.00 rad_err=1.15 trans_err=183.85 => FAIL
[CountResult DEBUG] Edge 15-22 GT=1.00 Pred=0.00 rad_err=1.83 trans_err=535.60 => FAIL
[CountResult DEBUG] Edge 15-27 GT=1.00 Pred=0.00 rad_err=2.59 trans_err=453.91 => FAIL
[CountResult DEBUG] Edge 16-21 GT=1.00 Pred=0.00 rad_err=1.31 trans_err=477.35 => FAIL
[CountResult DEBUG] Edge 18-26 GT=1.00 Pred=0.00 rad_err=0.64 trans_err=186.03 => FAIL
[CountResult DEBUG] Edge 19-20 GT=1.00 Pred=1.00 rad_err=3.08 trans_err=824.38 => FAIL
[CountResult DEBUG] Edge 19-21 GT=1.00 Pred=1.00 rad_err=0.23 trans_err=119.01 => FAIL
[CountResult DEBUG] Edge 20-25 GT=1.00 Pred=0.00 rad_err=1.28 trans_err=401.19 => FAIL
[CountResult DEBUG] Edge 23-24 GT=1.00 Pred=0.00 rad_err=2.77 trans_err=770.79 => FAIL
[CountResult DEBUG] Sherd 1 gt_edges=8 matched_edges=4 => MATCHED
[CountResult DEBUG] Sherd 2 gt_edges=5 matched_edges=0 => MISSED
[CountResult DEBUG] Sherd 3 gt_edges=6 matched_edges=0 => MISSED
[CountResult DEBUG] Sherd 4 gt_edges=6 matched_edges=0 => MISSED
[CountResult DEBUG] Sherd 5 gt_edges=6 matched_edges=1 => MATCHED
[CountResult DEBUG] Sherd 6 gt_edges=5 matched_edges=0 => MISSED
[CountResult DEBUG] Sherd 7 gt_edges=5 matched_edges=0 => MISSED
[CountResult DEBUG] Sherd 8 gt_edges=6 matched_edges=0 => MISSED
[CountResult DEBUG] Sherd 9 gt_edges=9 matched_edges=1 => MATCHED
[CountResult DEBUG] Sherd 10 gt_edges=5 matched_edges=1 => MATCHED
[CountResult DEBUG] Sherd 11 gt_edges=5 matched_edges=0 => MISSED
[CountResult DEBUG] Sherd 12 gt_edges=6 matched_edges=1 => MATCHED
[CountResult DEBUG] Sherd 13 gt_edges=3 matched_edges=0 => MISSED
[CountResult DEBUG] Sherd 14 gt_edges=5 matched_edges=0 => MISSED
[CountResult DEBUG] Sherd 15 gt_edges=6 matched_edges=1 => MATCHED
[CountResult DEBUG] Sherd 16 gt_edges=4 matched_edges=0 => MISSED
[CountResult DEBUG] Sherd 17 gt_edges=3 matched_edges=0 => MISSED
[CountResult DEBUG] Sherd 18 gt_edges=5 matched_edges=0 => MISSED
[CountResult DEBUG] Sherd 19 gt_edges=4 matched_edges=1 => MATCHED
[CountResult DEBUG] Sherd 20 gt_edges=5 matched_edges=0 => MISSED
[CountResult DEBUG] Sherd 21 gt_edges=4 matched_edges=0 => MISSED
[CountResult DEBUG] Sherd 22 gt_edges=3 matched_edges=0 => MISSED
[CountResult DEBUG] Sherd 23 gt_edges=4 matched_edges=0 => MISSED
[CountResult DEBUG] Sherd 24 gt_edges=3 matched_edges=1 => MATCHED
[CountResult DEBUG] Sherd 25 gt_edges=3 matched_edges=0 => MISSED
[CountResult DEBUG] Sherd 26 gt_edges=3 matched_edges=1 => MATCHED
[CountResult DEBUG] Sherd 27 gt_edges=3 matched_edges=0 => MISSED
[CountResult DEBUG] Sherd 28 gt_edges=0 matched_edges=0 => MISSED
[CountResult DEBUG] Sherd 29 gt_edges=0 matched_edges=0 => MISSED
[CountResult DEBUG] Sherd 30 gt_edges=0 matched_edges=0 => MISSED
Sherd accuracy : 9 / 27 (33.33%)
Edge accuracy : 5 / 65 (8.46%)
########## Post-ICP Incremental Results ##########
Sherd Accuracy : 9 / 27
Edge Accuracy  : 5 / 65
########################################
########## Final Refined Results ##########
Selected Stage      : Pre-ICP GA (selected in compare)
Final Sherd Accuracy : 23 / 27
Final Edge Accuracy  : 52 / 65
Total Runtime        : 45966.88 sec
GA Runtime           : 45950.94 sec
###########################################
Showing Refined assembly. Press 'G' to toggle Ground Truth comparison! Press 'Q' to quit.
