####
# OBJ dataFile simple version. File name: /Dataset/SfS_pp/Result/ablation/ICP_True/no_overlap_penalty_icp/trial_1/2026_4_18_21_9_Ablation_OBJ_6.obj
# Vertices: 18798
# Faces: 6266
####
# List of Vertices, with (x,y,z) coordinates, w is optional.
v -31.804 -16.199 5.7013
v -32.122 -16.068 6.0674
v -31.993 -16.513 5.9032
v -32.122 -16.068 6.0674
v -31.751 -15.929 5.3085
v -32.296 -15.492 5.2803
v -46.689 -18.411 -14.869
v -46.815 -18.002 -14.927
v -46.398 -18.38 -15.499
v -32.122 -16.068 6.0674
v -31.804 -16.199 5.7013
v -31.751 -15.929 5.3085
v -31.751 -15.929 5.3085
v -31.804 -16.199 5.7013
v -31.765 -16.393 5.035
v -31.993 -16.513 5.9032
v -31.978 -16.771 5.4174
v -31.804 -16.199 5.7013
v -46.869 -16.705 -16.071
v -47.032 -17.476 -15.104
v -47.278 -16.721 -15.121
v -47.121 -15.345 -16.533
v -47.388 -16.091 -15.57
v -47.747 -14.817 -16.151
v -31.993 -16.513 5.9032
v -32.122 -16.068 6.0674
v -32.383 -16.22 6.3998
v -47.032 -17.476 -15.104
v -46.869 -16.705 -16.071
v -46.5 -17.406 -16.154
v -31.765 -16.393 5.035
v -32.168 -15.695 4.7361
v -31.751 -15.929 5.3085
v -31.804 -16.199 5.7013
v -31.978 -16.771 5.4174
v -31.765 -16.393 5.035
v -32.122 -16.068 6.0674
v -32.454 -15.827 6.1128
v -32.383 -16.22 6.3998
v -32.454 -15.827 6.1128
v -32.122 -16.068 6.0674
v -32.296 -15.492 5.2803
v -32.622 -16.425 6.5714
v -31.993 -16.513 5.9032
v -32.383 -16.22 6.3998
v -47.388 -16.091 -15.57
v -47.806 -15.274 -15.392
v -47.747 -14.817 -16.151
v -47.806 -15.274 -15.392
v -47.962 -14.8 -15.471
v -47.747 -14.817 -16.151
v -32.454 -15.827 6.1128
v -32.828 -15.919 6.8003
v -32.383 -16.22 6.3998
v -32.454 -15.827 6.1128
v -32.296 -15.492 5.2803
v -32.794 -15.294 5.8113
v -47.976 -14.451 -15.917
v -47.747 -14.817 -16.151
v -47.962 -14.8 -15.471
v -32.168 -15.695 4.7361
v -32.296 -15.492 5.2803
v -31.751 -15.929 5.3085
v -32.168 -15.695 4.7361
v -31.765 -16.393 5.035
v -31.979 -16.602 4.6145
v -32.794 -15.294 5.8113
v -32.296 -15.492 5.2803
v -32.816 -15.021 5.2992
v -31.993 -16.513 5.9032
v -32.431 -16.63 6.1108
v -31.978 -16.771 5.4174
v -32.296 -15.492 5.2803
v -32.578 -15.127 4.7903
v -32.816 -15.021 5.2992
v -31.993 -16.513 5.9032
v -32.622 -16.425 6.5714
v -32.431 -16.63 6.1108
v -32.828 -15.919 6.8003
v -32.673 -16.186 6.7498
v -32.383 -16.22 6.3998
v -32.383 -16.22 6.3998
v -32.673 -16.186 6.7498
v -32.622 -16.425 6.5714
v -32.454 -15.827 6.1128
v -32.794 -15.294 5.8113
v -32.828 -15.919 6.8003
v -32.673 -16.186 6.7498
v -32.828 -15.919 6.8003
v -32.975 -16.187 7.1692
v -46.815 -18.002 -14.927
v -47.088 -17.471 -14.699
v -47.032 -17.476 -15.104
v -32.975 -16.187 7.1692
v -32.622 -16.425 6.5714
v -32.673 -16.186 6.7498
v -31.979 -16.602 4.6145
v -31.765 -16.393 5.035
v -32.03 -17.069 4.8397
v -32.578 -15.127 4.7903
v -32.296 -15.492 5.2803
v -32.168 -15.695 4.7361
v -31.978 -16.771 5.4174
v -32.03 -17.069 4.8397
v -31.765 -16.393 5.035
v -32.578 -15.127 4.7903
v -33.186 -14.333 4.9138
v -32.816 -15.021 5.2992
v -32.431 -16.63 6.1108
v -32.55 -17.082 5.3363
v -31.978 -16.771 5.4174
v -47.806 -15.274 -15.392
v -47.388 -16.091 -15.57
v -47.665 -15.758 -15.064
v -32.828 -15.919 6.8003
v -33.483 -15.632 7.184
v -32.975 -16.187 7.1692
v -32.828 -15.919 6.8003
v -32.794 -15.294 5.8113
v -33.336 -15.024 6.2799
v -32.794 -15.294 5.8113
v -32.816 -15.021 5.2992
v -33.336 -15.024 6.2799
v -32.975 -16.187 7.1692
v -33.483 -15.632 7.184
v -33.173 -16.11 7.442
v -47.388 -16.091 -15.57
v -47.427 -16.259 -15.206
v -47.665 -15.758 -15.064
v -31.979 -16.602 4.6145
v -32.03 -17.069 4.8397
v -32.176 -17.144 4.4459
v -32.578 -15.127 4.7903
v -32.168 -15.695 4.7361
v -32.868 -15.299 4.3297
v -32.816 -15.021 5.2992
v -33.641 -14.497 5.6609
v -33.336 -15.024 6.2799
v -33.336 -15.024 6.2799
v -33.483 -15.632 7.184
v -32.828 -15.919 6.8003
v -33.186 -14.333 4.9138
v -33.641 -14.497 5.6609
v -32.816 -15.021 5.2992
v -33.105 -16.836 6.5374
v -32.975 -16.187 7.1692
v -33.332 -16.566 7.4613
v -33.332 -16.566 7.4613
v -32.975 -16.187 7.1692
v -33.173 -16.11 7.442
v -33.105 -16.836 6.5374
v -32.622 -16.425 6.5714
v -32.975 -16.187 7.1692
v -32.03 -17.069 4.8397
v -31.978 -16.771 5.4174
v -32.55 -17.082 5.3363
v -33.641 -14.497 5.6609
v -33.186 -14.333 4.9138
v -33.654 -13.953 5.078
v -32.622 -16.425 6.5714
v -32.924 -16.887 6.0146
v -32.431 -16.63 6.1108
v -32.55 -17.082 5.3363
v -32.431 -16.63 6.1108
v -32.924 -16.887 6.0146
v -47.962 -14.8 -15.471
v -47.806 -15.274 -15.392
v -47.894 -14.927 -14.86
v -48.048 -13.603 -16.38
v -47.976 -14.451 -15.917
v -48.142 -13.896 -15.743
v -33.459 -16.411 7.8487
v -33.173 -16.11 7.442
v -33.504 -16.026 7.7369
v -33.504 -16.026 7.7369
v -33.173 -16.11 7.442
v -33.483 -15.632 7.184
v -33.459 -16.411 7.8487
v -33.332 -16.566 7.4613
v -33.173 -16.11 7.442
v -32.578 -15.127 4.7903
v -33.228 -14.269 4.4283
v -33.186 -14.333 4.9138
v -32.394 -16.859 4.2678
v -31.979 -16.602 4.6145
v -32.176 -17.144 4.4459
v -32.868 -15.299 4.3297
v -33.228 -14.269 4.4283
v -32.578 -15.127 4.7903
v -33.459 -16.411 7.8487
v -33.504 -16.026 7.7369
v -33.724 -16.199 8.2242
v -33.724 -16.199 8.2242
v -33.504 -16.026 7.7369
v -34.028 -15.855 8.307
v -33.833 -15.249 7.0324
v -33.483 -15.632 7.184
v -33.336 -15.024 6.2799
v -34.334 -14.543 6.6461
v -33.336 -15.024 6.2799
v -33.641 -14.497 5.6609
v -33.105 -16.836 6.5374
v -32.924 -16.887 6.0146
v -32.622 -16.425 6.5714
v -46.818 -18.136 -14.275
v -46.689 -18.411 -14.869
v -46.473 -18.844 -14.5
v -47.388 -16.091 -15.57
v -46.869 -16.705 -16.071
v -47.278 -16.721 -15.121
v -33.504 -16.026 7.7369
v -33.483 -15.632 7.184
v -34.17 -15.459 7.7402
v -33.833 -15.249 7.0324
v -33.336 -15.024 6.2799
v -34.334 -14.543 6.6461
v -46.5 -17.406 -16.154
v -46.398 -18.38 -15.499
v -46.815 -18.002 -14.927
v -33.459 -16.411 7.8487
v -33.724 -16.199 8.2242
v -33.757 -16.604 8.0538
v -34.028 -15.855 8.307
v -33.504 -16.026 7.7369
v -34.17 -15.459 7.7402
v -34.001 -14.074 5.4758
v -33.641 -14.497 5.6609
v -33.654 -13.953 5.078
v -46.815 -18.002 -14.927
v -47.032 -17.476 -15.104
v -46.5 -17.406 -16.154
v -34.17 -15.459 7.7402
v -33.483 -15.632 7.184
v -33.833 -15.249 7.0324
v -32.868 -15.299 4.3297
v -32.168 -15.695 4.7361
v -33.023 -16.569 3.98
v -32.168 -15.695 4.7361
v -31.979 -16.602 4.6145
v -32.394 -16.859 4.2678
v -32.394 -16.859 4.2678
v -33.023 -16.569 3.98
v -32.168 -15.695 4.7361
v -33.785 -13.599 4.6066
v -33.654 -13.953 5.078
v -33.186 -14.333 4.9138
v -33.186 -14.333 4.9138
v -33.228 -14.269 4.4283
v -33.785 -13.599 4.6066
v -47.427 -16.259 -15.206
v -47.278 -16.721 -15.121
v -47.369 -16.571 -14.634
v -33.332 -16.566 7.4613
v -33.459 -16.411 7.8487
v -33.757 -16.604 8.0538
v -47.976 -14.451 -15.917
v -47.962 -14.8 -15.471
v -48.061 -14.266 -15.35
v -33.955 -16.209 8.6679
v -34.028 -15.855 8.307
v -34.118 -15.981 8.8158
v -33.724 -16.199 8.2242
v -34.028 -15.855 8.307
v -33.955 -16.209 8.6679
v -46.398 -18.38 -15.499
v -46.188 -19.134 -15.152
v -46.473 -18.844 -14.5
v -34.028 -15.855 8.307
v -34.584 -15.522 8.9713
v -34.118 -15.981 8.8158
v -33.654 -13.953 5.078
v -33.785 -13.599 4.6066
v -34.083 -13.721 4.9777
v -47.369 -16.571 -14.634
v -47.665 -15.758 -15.064
v -47.427 -16.259 -15.206
v -33.955 -16.209 8.6679
v -33.757 -16.604 8.0538
v -33.724 -16.199 8.2242
v -46.689 -18.411 -14.869
v -46.818 -18.136 -14.275
v -46.815 -18.002 -14.927
v -33.833 -15.249 7.0324
v -34.334 -14.543 6.6461
v -34.414 -14.866 7.119
v -34.236 -16.162 9.1459
v -34.118 -15.981 8.8158
v -34.584 -15.522 8.9713
v -34.118 -15.981 8.8158
v -34.236 -16.162 9.1459
v -33.955 -16.209 8.6679
v -34.334 -14.543 6.6461
v -33.641 -14.497 5.6609
v -34.347 -14.156 6.1106
v -32.03 -17.069 4.8397
v -32.55 -17.082 5.3363
v -32.456 -17.453 4.5176
v -32.868 -15.299 4.3297
v -33.982 -14.564 3.8585
v -33.228 -14.269 4.4283
v -33.785 -13.599 4.6066
v -33.228 -14.269 4.4283
v -33.899 -13.754 4.1184
v -32.176 -17.144 4.4459
v -32.03 -17.069 4.8397
v -32.456 -17.453 4.5176
v -33.746 -17.139 6.967
v -33.105 -16.836 6.5374
v -33.332 -16.566 7.4613
v -34.001 -14.074 5.4758
v -33.654 -13.953 5.078
v -34.083 -13.721 4.9777
v -34.001 -14.074 5.4758
v -34.347 -14.156 6.1106
v -33.641 -14.497 5.6609
v -47.369 -16.571 -14.634
v -47.278 -16.721 -15.121
v -47.088 -17.471 -14.699
v -34.17 -15.459 7.7402
v -34.399 -15.582 8.4383
v -34.028 -15.855 8.307
v -34.028 -15.855 8.307
v -34.399 -15.582 8.4383
v -34.584 -15.522 8.9713
v -34.336 -16.465 9.1056
v -33.757 -16.604 8.0538
v -33.955 -16.209 8.6679
v -34.17 -15.459 7.7402
v -33.833 -15.249 7.0324
v -34.414 -14.866 7.119
v -32.55 -17.082 5.3363
v -32.924 -16.887 6.0146
v -33.283 -17.443 5.2848
v -33.955 -16.209 8.6679
v -34.236 -16.162 9.1459
v -34.336 -16.465 9.1056
v -45.845 -19.834 -15.423
v -46.105 -19.555 -14.963
v -46.188 -19.134 -15.152
v -33.785 -13.599 4.6066
v -34.295 -13.025 4.5024
v -34.083 -13.721 4.9777
v -33.757 -16.604 8.0538
v -34.336 -16.465 9.1056
v -33.948 -16.846 7.8088
v -33.228 -14.269 4.4283
v -33.982 -14.564 3.8585
v -33.899 -13.754 4.1184
v -34.295 -13.025 4.5024
v -33.785 -13.599 4.6066
v -34.071 -13.362 4.1419
v -34.071 -13.362 4.1419
v -33.785 -13.599 4.6066
v -33.899 -13.754 4.1184
v -32.868 -15.299 4.3297
v -33.493 -15.732 3.9283
v -33.982 -14.564 3.8585
v -34.236 -16.162 9.1459
v -34.584 -15.522 8.9713
v -34.787 -16.013 9.5345
v -34.336 -16.465 9.1056
v -34.236 -16.162 9.1459
v -34.787 -16.013 9.5345
v -33.332 -16.566 7.4613
v -33.757 -16.604 8.0538
v -33.948 -16.846 7.8088
v -32.456 -17.453 4.5176
v -32.55 -17.082 5.3363
v -32.903 -17.514 4.7126
v -34.696 -15.177 8.219
v -34.399 -15.582 8.4383
v -34.17 -15.459 7.7402
v -32.176 -17.144 4.4459
v -32.456 -17.453 4.5176
v -32.773 -17.647 4.1028
v -47.747 -14.817 -16.151
v -47.976 -14.451 -15.917
v -48.048 -13.603 -16.38
v -47.088 -17.471 -14.699
v -46.815 -18.002 -14.927
v -46.818 -18.136 -14.275
v -34.399 -15.582 8.4383
v -34.696 -15.177 8.219
v -34.584 -15.522 8.9713
v -32.55 -17.082 5.3363
v -33.283 -17.443 5.2848
v -32.903 -17.514 4.7126
v -33.283 -17.443 5.2848
v -32.924 -16.887 6.0146
v -33.42 -17.285 5.9545
v -32.924 -16.887 6.0146
v -33.105 -16.836 6.5374
v -33.42 -17.285 5.9545
v -34.001 -14.074 5.4758
v -34.647 -13.702 5.5667
v -34.347 -14.156 6.1106
v -32.176 -17.144 4.4459
v -32.773 -17.647 4.1028
v -32.699 -17.493 4.0109
v -34.584 -15.522 8.9713
v -34.696 -15.177 8.219
v -35.114 -14.886 8.5993
v -34.083 -13.721 4.9777
v -34.647 -13.702 5.5667
v -34.001 -14.074 5.4758
v -34.083 -13.721 4.9777
v -34.295 -13.025 4.5024
v -34.642 -13.355 5.1501
v -34.17 -15.459 7.7402
v -34.414 -14.866 7.119
v -34.633 -14.937 7.6018
v -34.17 -15.459 7.7402
v -34.633 -14.937 7.6018
v -34.696 -15.177 8.219
v -34.621 -16.962 8.5209
v -33.948 -16.846 7.8088
v -34.336 -16.465 9.1056
v -33.493 -15.732 3.9283
v -32.868 -15.299 4.3297
v -33.023 -16.569 3.98
v -35.204 -15.231 9.3329
v -34.787 -16.013 9.5345
v -34.584 -15.522 8.9713
v -32.394 -16.859 4.2678
v -32.176 -17.144 4.4459
v -32.746 -17.209 3.9327
v -33.899 -13.754 4.1184
v -34.473 -13.896 3.7079
v -34.071 -13.362 4.1419
v -47.427 -16.259 -15.206
v -47.388 -16.091 -15.57
v -47.278 -16.721 -15.121
v -47.032 -17.476 -15.104
v -47.088 -17.471 -14.699
v -47.278 -16.721 -15.121
v -33.899 -13.754 4.1184
v -33.982 -14.564 3.8585
v -34.473 -13.896 3.7079
v -33.42 -17.285 5.9545
v -33.105 -16.836 6.5374
v -33.746 -17.139 6.967
v -47.665 -15.758 -15.064
v -47.894 -14.927 -14.86
v -47.806 -15.274 -15.392
v -46.398 -18.38 -15.499
v -46.473 -18.844 -14.5
v -46.689 -18.411 -14.869
v -45.21 -21.396 -15.018
v -45.379 -20.784 -15.534
v -44.748 -21.972 -15.534
v -35.018 -14.488 7.8826
v -34.696 -15.177 8.219
v -34.633 -14.937 7.6018
v -34.647 -13.702 5.5667
v -34.083 -13.721 4.9777
v -34.642 -13.355 5.1501
v -44.996 -21.761 -14.87
v -45.21 -21.396 -15.018
v -44.748 -21.972 -15.534
v -34.944 -14.547 7.2992
v -34.633 -14.937 7.6018
v -34.414 -14.866 7.119
v -34.633 -14.937 7.6018
v -34.944 -14.547 7.2992
v -35.018 -14.488 7.8826
v -34.347 -14.156 6.1106
v -35.2 -13.824 6.4088
v -34.334 -14.543 6.6461
v -34.334 -14.543 6.6461
v -34.944 -14.547 7.2992
v -34.414 -14.866 7.119
v -35.066 -14.163 6.9832
v -34.944 -14.547 7.2992
v -34.334 -14.543 6.6461
v -34.334 -14.543 6.6461
v -35.2 -13.824 6.4088
v -35.066 -14.163 6.9832
v -34.696 -15.177 8.219
v -35.018 -14.488 7.8826
v -35.114 -14.886 8.5993
v -45.379 -20.784 -15.534
v -45.749 -20.288 -15.015
v -45.845 -19.834 -15.423
v -33.332 -16.566 7.4613
v -33.948 -16.846 7.8088
v -33.746 -17.139 6.967
v -47.388 -16.091 -15.57
v -47.121 -15.345 -16.533
v -46.869 -16.705 -16.071
v -35.218 -12.867 5.2029
v -34.642 -13.355 5.1501
v -34.295 -13.025 4.5024
v -34.071 -13.362 4.1419
v -34.473 -13.896 3.7079
v -34.564 -12.971 3.7973
v -34.071 -13.362 4.1419
v -34.564 -12.971 3.7973
v -34.295 -13.025 4.5024
v -34.584 -15.522 8.9713
v -35.114 -14.886 8.5993
v -35.204 -15.231 9.3329
v -34.336 -16.465 9.1056
v -34.787 -16.013 9.5345
v -35.032 -16.569 9.2816
v -32.746 -17.209 3.9327
v -32.176 -17.144 4.4459
v -32.699 -17.493 4.0109
v -35.114 -14.886 8.5993
v -35.018 -14.488 7.8826
v -35.547 -14.29 8.3283
v -47.121 -15.345 -16.533
v -46.175 -17.108 -16.736
v -46.869 -16.705 -16.071
v -35.204 -14.208 7.4334
v -35.018 -14.488 7.8826
v -34.944 -14.547 7.2992
v -45.845 -19.834 -15.423
v -46.188 -19.134 -15.152
v -46.055 -18.756 -15.921
v -34.647 -13.702 5.5667
v -35.2 -13.824 6.4088
v -34.347 -14.156 6.1106
v -48.508 -12.469 -15.758
v -48.048 -13.603 -16.38
v -48.274 -13.562 -15.138
v -34.336 -16.465 9.1056
v -34.88 -16.926 8.8978
v -34.621 -16.962 8.5209
v -33.948 -16.846 7.8088
v -34.621 -16.962 8.5209
v -34.467 -17.168 7.9567
v -35.218 -12.867 5.2029
v -34.295 -13.025 4.5024
v -34.993 -12.503 4.3399
v -46.055 -18.756 -15.921
v -46.188 -19.134 -15.152
v -46.398 -18.38 -15.499
v -35.018 -14.488 7.8826
v -35.204 -14.208 7.4334
v -35.877 -13.964 7.9687
v -34.944 -14.547 7.2992
v -35.066 -14.163 6.9832
v -35.204 -14.208 7.4334
v -48.274 -13.562 -15.138
v -48.061 -14.266 -15.35
v -47.894 -14.927 -14.86
v -47.737 -12.942 -17.166
v -48.048 -13.603 -16.38
v -48.508 -12.469 -15.758
v -35.018 -14.488 7.8826
v -35.877 -13.964 7.9687
v -35.547 -14.29 8.3283
v -34.295 -13.025 4.5024
v -34.564 -12.971 3.7973
v -34.993 -12.503 4.3399
v -35.114 -14.886 8.5993
v -35.589 -14.635 8.9795
v -35.204 -15.231 9.3329
v -32.394 -16.859 4.2678
v -32.746 -17.209 3.9327
v -33.023 -16.569 3.98
v -34.787 -16.013 9.5345
v -35.204 -15.231 9.3329
v -35.392 -15.617 9.4041
v -34.647 -13.702 5.5667
v -34.642 -13.355 5.1501
v -35.34 -13.178 5.715
v -35.547 -14.29 8.3283
v -35.589 -14.635 8.9795
v -35.114 -14.886 8.5993
v -32.903 -17.514 4.7126
v -33.318 -17.897 4.3016
v -32.456 -17.453 4.5176
v -33.948 -16.846 7.8088
v -34.28 -17.487 7.3117
v -33.746 -17.139 6.967
v -34.467 -17.168 7.9567
v -34.28 -17.487 7.3117
v -33.948 -16.846 7.8088
v -46.105 -19.555 -14.963
v -45.749 -20.288 -15.015
v -46.034 -19.798 -14.687
v -34.642 -13.355 5.1501
v -35.218 -12.867 5.2029
v -35.34 -13.178 5.715
v -34.647 -13.702 5.5667
v -35.34 -13.178 5.715
v -35.2 -13.824 6.4088
v -32.699 -17.493 4.0109
v -32.976 -17.536 3.7164
v -32.746 -17.209 3.9327
v -45.545 -20.766 -14.745
v -45.379 -20.784 -15.534
v -45.398 -21.024 -14.996
v -45.749 -20.288 -15.015
v -45.379 -20.784 -15.534
v -45.545 -20.766 -14.745
v -33.42 -17.285 5.9545
v -33.746 -17.139 6.967
v -34.233 -17.731 6.5487
v -46.034 -19.798 -14.687
v -45.749 -20.288 -15.015
v -45.693 -20.441 -14.535
v -46.105 -19.555 -14.963
v -45.845 -19.834 -15.423
v -45.749 -20.288 -15.015
v -35.066 -14.163 6.9832
v -35.2 -13.824 6.4088
v -35.566 -13.816 6.812
v -33.283 -17.443 5.2848
v -33.42 -17.285 5.9545
v -33.869 -17.734 5.7642
v -35.204 -14.208 7.4334
v -35.066 -14.163 6.9832
v -35.748 -13.86 7.3727
v -33.493 -15.732 3.9283
v -33.023 -16.569 3.98
v -33.62 -16.675 3.5425
v -33.023 -16.569 3.98
v -32.746 -17.209 3.9327
v -32.976 -17.536 3.7164
v -35.762 -14.906 9.2182
v -35.204 -15.231 9.3329
v -35.589 -14.635 8.9795
v -34.88 -16.926 8.8978
v -34.336 -16.465 9.1056
v -35.032 -16.569 9.2816
v -35.439 -16.238 9.2339
v -34.787 -16.013 9.5345
v -35.392 -15.617 9.4041
v -35.59 -15.385 9.3266
v -35.204 -15.231 9.3329
v -35.762 -14.906 9.2182
v -35.392 -15.617 9.4041
v -35.204 -15.231 9.3329
v -35.59 -15.385 9.3266
v -34.787 -16.013 9.5345
v -35.439 -16.238 9.2339
v -35.032 -16.569 9.2816
v -34.564 -12.971 3.7973
v -34.976 -12.475 3.9053
v -34.993 -12.503 4.3399
v -33.62 -16.675 3.5425
v -33.023 -16.569 3.98
v -32.976 -17.536 3.7164
v -34.993 -12.503 4.3399
v -35.559 -12.55 4.9856
v -35.218 -12.867 5.2029
v -34.233 -17.731 6.5487
v -33.746 -17.139 6.967
v -34.28 -17.487 7.3117
v -35.032 -16.569 9.2816
v -35.226 -16.789 9.1212
v -34.88 -16.926 8.8978
v -35.748 -13.86 7.3727
v -35.877 -13.964 7.9687
v -35.204 -14.208 7.4334
v -35.2 -13.824 6.4088
v -35.34 -13.178 5.715
v -35.805 -13.367 6.6188
v -33.42 -17.285 5.9545
v -34.233 -17.731 6.5487
v -33.869 -17.734 5.7642
v -33.154 -17.874 3.778
v -32.773 -17.647 4.1028
v -33.318 -17.897 4.3016
v -32.699 -17.493 4.0109
v -32.773 -17.647 4.1028
v -33.154 -17.874 3.778
v -45.21 -21.396 -15.018
v -45.398 -21.024 -14.996
v -45.379 -20.784 -15.534
v -46.034 -19.798 -14.687
v -46.291 -19.305 -14.247
v -46.105 -19.555 -14.963
v -35.748 -13.86 7.3727
v -35.066 -14.163 6.9832
v -35.566 -13.816 6.812
v -34.245 -15.445 3.4638
v -33.982 -14.564 3.8585
v -33.493 -15.732 3.9283
v -33.318 -17.897 4.3016
v -32.773 -17.647 4.1028
v -32.456 -17.453 4.5176
v -35.547 -14.29 8.3283
v -35.877 -13.964 7.9687
v -36.445 -13.857 8.6132
v -35.731 -12.183 4.4105
v -34.993 -12.503 4.3399
v -35.608 -12.117 3.8759
v -47.369 -16.571 -14.634
v -47.088 -17.471 -14.699
v -47.12 -17.229 -14.236
v -33.62 -16.675 3.5425
v -34.104 -16.514 3.2273
v -33.493 -15.732 3.9283
v -35.589 -14.635 8.9795
v -35.547 -14.29 8.3283
v -36.445 -13.857 8.6132
v -33.982 -14.564 3.8585
v -34.621 -14.569 3.4058
v -34.473 -13.896 3.7079
v -35.2 -13.824 6.4088
v -35.805 -13.367 6.6188
v -35.566 -13.816 6.812
v -35.559 -12.55 4.9856
v -34.993 -12.503 4.3399
v -35.731 -12.183 4.4105
v -32.976 -17.536 3.7164
v -32.699 -17.493 4.0109
v -33.154 -17.874 3.778
v -32.903 -17.514 4.7126
v -33.283 -17.443 5.2848
v -33.318 -17.897 4.3016
v -47.665 -15.758 -15.064
v -47.369 -16.571 -14.634
v -47.51 -16.099 -14.257
v -35.392 -15.617 9.4041
v -35.59 -15.385 9.3266
v -35.903 -15.472 9.0325
v -35.439 -16.238 9.2339
v -35.392 -15.617 9.4041
v -35.903 -15.472 9.0325
v -35.608 -12.117 3.8759
v -34.976 -12.475 3.9053
v -35.511 -12.27 3.4723
v -34.564 -12.971 3.7973
v -35.511 -12.27 3.4723
v -34.976 -12.475 3.9053
v -35.608 -12.117 3.8759
v -34.993 -12.503 4.3399
v -34.976 -12.475 3.9053
v -36.445 -13.857 8.6132
v -36.23 -14.28 8.9022
v -35.589 -14.635 8.9795
v -35.762 -14.906 9.2182
v -35.589 -14.635 8.9795
v -36.23 -14.28 8.9022
v -34.245 -15.445 3.4638
v -33.493 -15.732 3.9283
v -34.104 -16.514 3.2273
v -35.511 -12.27 3.4723
v -34.564 -12.971 3.7973
v -35.265 -12.871 3.3902
v -32.976 -17.536 3.7164
v -33.154 -17.874 3.778
v -33.2 -17.669 3.5025
v -35.956 -12.605 5.4715
v -35.218 -12.867 5.2029
v -35.559 -12.55 4.9856
v -46.473 -18.844 -14.5
v -46.105 -19.555 -14.963
v -46.291 -19.305 -14.247
v -47.894 -14.927 -14.86
v -48.061 -14.266 -15.35
v -47.962 -14.8 -15.471
v -35.956 -12.605 5.4715
v -35.34 -13.178 5.715
v -35.218 -12.867 5.2029
v -35.566 -13.816 6.812
v -35.805 -13.367 6.6188
v -35.748 -13.86 7.3727
v -34.621 -16.962 8.5209
v -34.88 -16.926 8.8978
v -35.24 -17.542 8.4791
v -35.265 -12.871 3.3902
v -34.564 -12.971 3.7973
v -34.473 -13.896 3.7079
v -33.62 -16.675 3.5425
v -32.976 -17.536 3.7164
v -33.2 -17.669 3.5025
v -35.439 -16.238 9.2339
v -35.226 -16.789 9.1212
v -35.032 -16.569 9.2816
v -48.142 -13.896 -15.743
v -47.976 -14.451 -15.917
v -48.061 -14.266 -15.35
v -35.34 -13.178 5.715
v -35.956 -12.605 5.4715
v -36.299 -12.854 6.3247
v -35.34 -13.178 5.715
v -36.299 -12.854 6.3247
v -35.805 -13.367 6.6188
v -34.88 -16.926 8.8978
v -35.226 -16.789 9.1212
v -35.372 -17.097 8.843
v -34.621 -14.569 3.4058
v -33.982 -14.564 3.8585
v -34.245 -15.445 3.4638
v -33.931 -18.121 5.1466
v -33.283 -17.443 5.2848
v -33.869 -17.734 5.7642
v -34.28 -17.487 7.3117
v -34.467 -17.168 7.9567
v -35.078 -17.802 7.7976
v -47.51 -16.099 -14.257
v -47.894 -14.927 -14.86
v -47.665 -15.758 -15.064
v -35.24 -17.542 8.4791
v -34.88 -16.926 8.8978
v -35.372 -17.097 8.843
v -47.547 -14.028 -16.817
v -47.121 -15.345 -16.533
v -47.747 -14.817 -16.151
v -36.066 -15.77 8.7957
v -35.439 -16.238 9.2339
v -35.903 -15.472 9.0325
v -36.638 -13.811 8.6895
v -36.23 -14.28 8.9022
v -36.445 -13.857 8.6132
v -36.461 -14.692 8.8881
v -35.903 -15.472 9.0325
v -35.762 -14.906 9.2182
v -35.762 -14.906 9.2182
v -35.903 -15.472 9.0325
v -35.59 -15.385 9.3266
v -35.762 -14.906 9.2182
v -36.23 -14.28 8.9022
v -36.461 -14.692 8.8881
v -48.048 -13.603 -16.38
v -47.547 -14.028 -16.817
v -47.747 -14.817 -16.151
v -46.473 -18.844 -14.5
v -46.188 -19.134 -15.152
v -46.105 -19.555 -14.963
v -35.805 -13.367 6.6188
v -36.552 -13.368 7.6229
v -35.748 -13.86 7.3727
v -35.559 -12.55 4.9856
v -36.331 -11.856 4.3879
v -35.956 -12.605 5.4715
v -35.731 -12.183 4.4105
v -36.331 -11.856 4.3879
v -35.559 -12.55 4.9856
v -34.233 -17.731 6.5487
v -34.308 -18.059 5.9429
v -33.869 -17.734 5.7642
v -35.608 -12.117 3.8759
v -36.331 -11.856 4.3879
v -35.731 -12.183 4.4105
v -35.24 -17.542 8.4791
v -35.078 -17.802 7.7976
v -34.467 -17.168 7.9567
v -34.621 -16.962 8.5209
v -35.24 -17.542 8.4791
v -34.467 -17.168 7.9567
v -33.318 -17.897 4.3016
v -33.283 -17.443 5.2848
v -33.931 -18.121 5.1466
v -36.493 -12.478 5.8326
v -36.299 -12.854 6.3247
v -35.956 -12.605 5.4715
v -36.299 -12.854 6.3247
v -36.795 -12.896 6.9746
v -35.805 -13.367 6.6188
v -34.28 -17.487 7.3117
v -35.078 -17.802 7.7976
v -34.902 -17.864 7.4128
v -36.795 -12.896 6.9746
v -36.552 -13.368 7.6229
v -35.805 -13.367 6.6188
v -35.745 -12.014 3.3593
v -35.608 -12.117 3.8759
v -35.511 -12.27 3.4723
v -35.372 -17.097 8.843
v -35.226 -16.789 9.1212
v -35.865 -16.663 8.7609
v -36.066 -15.77 8.7957
v -35.865 -16.663 8.7609
v -35.439 -16.238 9.2339
v -35.226 -16.789 9.1212
v -35.439 -16.238 9.2339
v -35.865 -16.663 8.7609
v -46.034 -19.798 -14.687
v -45.885 -20.033 -14.181
v -46.291 -19.305 -14.247
v -35.748 -13.86 7.3727
v -36.552 -13.368 7.6229
v -35.877 -13.964 7.9687
v -35.877 -13.964 7.9687
v -36.552 -13.368 7.6229
v -36.445 -13.857 8.6132
v -36.23 -14.28 8.9022
v -36.638 -13.811 8.6895
v -36.461 -14.692 8.8881
v -34.308 -18.059 5.9429
v -33.931 -18.121 5.1466
v -33.869 -17.734 5.7642
v -35.745 -12.014 3.3593
v -35.931 -11.689 3.3743
v -36.146 -11.664 3.887
v -36.146 -11.664 3.887
v -35.608 -12.117 3.8759
v -35.745 -12.014 3.3593
v -36.146 -11.664 3.887
v -36.331 -11.856 4.3879
v -35.608 -12.117 3.8759
v -33.318 -17.897 4.3016
v -33.931 -18.121 5.1466
v -33.841 -18.313 4.4188
v -34.233 -17.731 6.5487
v -34.28 -17.487 7.3117
v -34.902 -17.864 7.4128
v -46.818 -18.136 -14.275
v -46.473 -18.844 -14.5
v -46.52 -18.575 -13.613
v -35.903 -15.472 9.0325
v -36.461 -14.692 8.8881
v -36.731 -15.152 8.5199
v -37.013 -13.798 8.633
v -36.638 -13.811 8.6895
v -36.445 -13.857 8.6132
v -36.731 -15.152 8.5199
v -36.066 -15.77 8.7957
v -35.903 -15.472 9.0325
v -35.745 -12.014 3.3593
v -35.511 -12.27 3.4723
v -35.726 -12.408 3.1717
v -35.511 -12.27 3.4723
v -35.265 -12.871 3.3902
v -35.726 -12.408 3.1717
v -46.034 -19.798 -14.687
v -45.693 -20.441 -14.535
v -45.885 -20.033 -14.181
v -35.318 -13.817 3.1899
v -35.265 -12.871 3.3902
v -34.473 -13.896 3.7079
v -33.2 -17.669 3.5025
v -34.104 -16.514 3.2273
v -33.62 -16.675 3.5425
v -33.2 -17.669 3.5025
v -33.154 -17.874 3.778
v -33.56 -18.154 3.2493
v -36.461 -14.692 8.8881
v -36.638 -13.811 8.6895
v -37.013 -13.798 8.633
v -36.552 -13.368 7.6229
v -37.136 -13.237 8.3988
v -36.445 -13.857 8.6132
v -46.5 -17.406 -16.154
v -46.016 -17.979 -16.488
v -46.398 -18.38 -15.499
v -48.142 -13.896 -15.743
v -48.061 -14.266 -15.35
v -48.274 -13.562 -15.138
v -35.318 -13.817 3.1899
v -34.473 -13.896 3.7079
v -35.283 -14.599 2.9471
v -34.473 -13.896 3.7079
v -34.621 -14.569 3.4058
v -35.283 -14.599 2.9471
v -36.859 -12.054 5.2851
v -36.493 -12.478 5.8326
v -35.956 -12.605 5.4715
v -37.136 -13.237 8.3988
v -36.552 -13.368 7.6229
v -37.098 -12.989 7.9476
v -35.726 -12.408 3.1717
v -35.265 -12.871 3.3902
v -35.766 -13.176 2.9784
v -35.931 -11.689 3.3743
v -36.312 -11.352 3.4781
v -36.146 -11.664 3.887
v -33.154 -17.874 3.778
v -33.318 -17.897 4.3016
v -33.683 -18.409 3.486
v -36.795 -12.896 6.9746
v -37.098 -12.989 7.9476
v -36.552 -13.368 7.6229
v -36.493 -12.478 5.8326
v -36.983 -12.355 6.184
v -36.299 -12.854 6.3247
v -34.233 -17.731 6.5487
v -34.902 -17.864 7.4128
v -34.959 -18.152 7.0369
v -35.931 -11.689 3.3743
v -35.745 -12.014 3.3593
v -36.464 -11.667 2.7659
v -46.016 -17.979 -16.488
v -45.544 -18.896 -16.504
v -46.055 -18.756 -15.921
v -35.726 -12.408 3.1717
v -36.464 -11.667 2.7659
v -35.745 -12.014 3.3593
v -36.331 -11.856 4.3879
v -36.859 -12.054 5.2851
v -35.956 -12.605 5.4715
v -34.104 -16.514 3.2273
v -34.794 -15.991 2.8896
v -34.245 -15.445 3.4638
v -46.016 -17.979 -16.488
v -46.055 -18.756 -15.921
v -46.398 -18.38 -15.499
v -35.766 -13.176 2.9784
v -35.265 -12.871 3.3902
v -35.318 -13.817 3.1899
v -36.262 -11.439 3.1044
v -36.312 -11.352 3.4781
v -35.931 -11.689 3.3743
v -33.2 -17.669 3.5025
v -33.56 -18.154 3.2493
v -33.729 -17.967 3.0571
v -36.464 -11.667 2.7659
v -36.262 -11.439 3.1044
v -35.931 -11.689 3.3743
v -33.154 -17.874 3.778
v -33.683 -18.409 3.486
v -33.56 -18.154 3.2493
v -37.136 -13.237 8.3988
v -37.013 -13.798 8.633
v -36.445 -13.857 8.6132
v -33.2 -17.669 3.5025
v -33.729 -17.967 3.0571
v -34.104 -16.514 3.2273
v -34.104 -16.514 3.2273
v -33.729 -17.967 3.0571
v -34.298 -17.124 2.917
v -33.987 -18.595 3.8541
v -33.683 -18.409 3.486
v -33.318 -17.897 4.3016
v -33.318 -17.897 4.3016
v -33.841 -18.313 4.4188
v -33.987 -18.595 3.8541
v -34.621 -14.569 3.4058
v -34.245 -15.445 3.4638
v -34.877 -15.321 3.054
v -46.52 -18.575 -13.613
v -46.806 -17.917 -13.745
v -46.818 -18.136 -14.275
v -48.048 -13.603 -16.38
v -48.142 -13.896 -15.743
v -48.274 -13.562 -15.138
v -36.795 -12.896 6.9746
v -36.299 -12.854 6.3247
v -36.983 -12.355 6.184
v -35.865 -16.663 8.7609
v -35.705 -17.494 8.4426
v -35.372 -17.097 8.843
v -37.25 -12.591 7.2642
v -37.098 -12.989 7.9476
v -36.795 -12.896 6.9746
v -45.749 -20.288 -15.015
v -45.545 -20.766 -14.745
v -45.693 -20.441 -14.535
v -35.24 -17.542 8.4791
v -35.372 -17.097 8.843
v -35.705 -17.494 8.4426
v -35.515 -17.697 8.3533
v -35.24 -17.542 8.4791
v -35.705 -17.494 8.4426
v -36.331 -11.856 4.3879
v -36.876 -11.684 4.718
v -36.859 -12.054 5.2851
v -36.493 -12.478 5.8326
v -36.859 -12.054 5.2851
v -36.983 -12.355 6.184
v -36.074 -12.597 2.8603
v -36.464 -11.667 2.7659
v -35.726 -12.408 3.1717
v -36.146 -11.664 3.887
v -36.312 -11.352 3.4781
v -36.962 -11.002 3.5049
v -46.818 -18.136 -14.275
v -47.12 -17.229 -14.236
v -47.088 -17.471 -14.699
v -33.931 -18.121 5.1466
v -34.308 -18.059 5.9429
v -34.5 -18.574 5.3012
v -37.25 -12.591 7.2642
v -37.602 -12.426 7.5895
v -37.098 -12.989 7.9476
v -35.726 -12.408 3.1717
v -35.766 -13.176 2.9784
v -36.074 -12.597 2.8603
v -44.748 -21.972 -15.534
v -44.569 -22.629 -15.081
v -44.841 -22.162 -14.663
v -34.233 -17.731 6.5487
v -34.959 -18.152 7.0369
v -34.931 -18.433 6.3097
v -45.845 -19.834 -15.423
v -44.44 -20.369 -16.785
v -45.379 -20.784 -15.534
v -48.166 -12.036 -16.745
v -47.737 -12.942 -17.166
v -48.508 -12.469 -15.758
v -44.44 -20.369 -16.785
v -44.411 -21.35 -16.258
v -45.379 -20.784 -15.534
v -44.841 -22.162 -14.663
v -44.996 -21.761 -14.87
v -44.748 -21.972 -15.534
v -34.308 -18.059 5.9429
v -34.233 -17.731 6.5487
v -34.931 -18.433 6.3097
v -47.737 -12.942 -17.166
v -47.547 -14.028 -16.817
v -48.048 -13.603 -16.38
v -36.461 -14.692 8.8881
v -37.013 -13.798 8.633
v -37.209 -14.75 8.2369
v -36.795 -12.896 6.9746
v -36.983 -12.355 6.184
v -37.25 -12.591 7.2642
v -36.731 -15.152 8.5199
v -36.461 -14.692 8.8881
v -37.209 -14.75 8.2369
v -44.748 -21.972 -15.534
v -43.686 -23.132 -15.907
v -44.569 -22.629 -15.081
v -36.146 -11.664 3.887
v -37.128 -11.225 4.1089
v -36.331 -11.856 4.3879
v -36.331 -11.856 4.3879
v -37.128 -11.225 4.1089
v -36.876 -11.684 4.718
v -35.865 -16.663 8.7609
v -36.066 -15.77 8.7957
v -36.371 -16.002 8.4297
v -37.566 -12.677 8.0402
v -37.098 -12.989 7.9476
v -37.602 -12.426 7.5895
v -46.123 -15.823 -17.282
v -46.175 -17.108 -16.736
v -47.121 -15.345 -16.533
v -35.283 -14.599 2.9471
v -34.621 -14.569 3.4058
v -34.877 -15.321 3.054
v -36.146 -11.664 3.887
v -36.962 -11.002 3.5049
v -37.128 -11.225 4.1089
v -45.379 -20.784 -15.534
v -44.411 -21.35 -16.258
v -44.748 -21.972 -15.534
v -34.877 -15.321 3.054
v -34.245 -15.445 3.4638
v -34.794 -15.991 2.8896
v -35.705 -17.494 8.4426
v -35.865 -16.663 8.7609
v -36.285 -16.88 8.2486
v -35.078 -17.802 7.7976
v -35.24 -17.542 8.4791
v -35.598 -17.963 8.0778
v -35.24 -17.542 8.4791
v -35.515 -17.697 8.3533
v -35.598 -17.963 8.0778
v -45.845 -19.834 -15.423
v -46.055 -18.756 -15.921
v -45.544 -18.896 -16.504
v -33.841 -18.313 4.4188
v -33.931 -18.121 5.1466
v -34.5 -18.574 5.3012
v -36.731 -15.152 8.5199
v -36.371 -16.002 8.4297
v -36.066 -15.77 8.7957
v -36.262 -11.439 3.1044
v -36.645 -11.171 2.8576
v -36.312 -11.352 3.4781
v -36.645 -11.171 2.8576
v -36.262 -11.439 3.1044
v -36.464 -11.667 2.7659
v -46.869 -16.705 -16.071
v -46.175 -17.108 -16.736
v -46.5 -17.406 -16.154
v -37.136 -13.237 8.3988
v -37.277 -13.829 8.4582
v -37.013 -13.798 8.633
v -37.136 -13.237 8.3988
v -37.098 -12.989 7.9476
v -37.566 -12.677 8.0402
v -35.318 -13.817 3.1899
v -35.283 -14.599 2.9471
v -35.768 -14.133 2.741
v -34.75 -16.648 2.685
v -34.794 -15.991 2.8896
v -34.104 -16.514 3.2273
v -37.209 -14.75 8.2369
v -37.013 -13.798 8.633
v -37.277 -13.829 8.4582
v -34.5 -18.574 5.3012
v -34.308 -18.059 5.9429
v -34.96 -18.736 5.7853
v -34.959 -18.152 7.0369
v -34.902 -17.864 7.4128
v -35.513 -18.289 7.3455
v -45.21 -21.396 -15.018
v -44.996 -21.761 -14.87
v -45.075 -21.575 -14.445
v -35.078 -17.802 7.7976
v -35.513 -18.289 7.3455
v -34.902 -17.864 7.4128
v -36.983 -12.355 6.184
v -37.754 -11.855 6.4566
v -37.25 -12.591 7.2642
v -36.692 -15.956 8.2128
v -36.371 -16.002 8.4297
v -36.731 -15.152 8.5199
v -37.466 -11.43 5.0224
v -36.859 -12.054 5.2851
v -36.876 -11.684 4.718
v -36.645 -11.171 2.8576
v -36.962 -11.002 3.5049
v -36.312 -11.352 3.4781
v -36.859 -12.054 5.2851
v -37.466 -11.43 5.0224
v -37.49 -11.841 5.6141
v -48.274 -13.562 -15.138
v -47.894 -14.927 -14.86
v -48.403 -13.802 -14.217
v -45.885 -20.033 -14.181
v -46.135 -19.509 -13.99
v -46.291 -19.305 -14.247
v -35.227 -15.56 2.7308
v -35.283 -14.599 2.9471
v -34.877 -15.321 3.054
v -34.877 -15.321 3.054
v -34.794 -15.991 2.8896
v -35.227 -15.56 2.7308
v -36.859 -12.054 5.2851
v -37.49 -11.841 5.6141
v -36.983 -12.355 6.184
v -34.75 -16.648 2.685
v -34.104 -16.514 3.2273
v -34.298 -17.124 2.917
v -37.128 -11.225 4.1089
v -37.466 -11.43 5.0224
v -36.876 -11.684 4.718
v -37.602 -12.426 7.5895
v -37.25 -12.591 7.2642
v -37.754 -11.855 6.4566
v -33.841 -18.313 4.4188
v -34.5 -18.574 5.3012
v -34.664 -19.014 4.6037
v -34.96 -18.736 5.7853
v -34.308 -18.059 5.9429
v -34.931 -18.433 6.3097
v -36.559 -16.435 8.1699
v -36.371 -16.002 8.4297
v -36.692 -15.956 8.2128
v -35.865 -16.663 8.7609
v -36.371 -16.002 8.4297
v -36.559 -16.435 8.1699
v -34.931 -18.433 6.3097
v -34.959 -18.152 7.0369
v -35.354 -18.542 6.9315
v -34.298 -17.124 2.917
v -33.729 -17.967 3.0571
v -34.42 -17.663 2.6037
v -33.729 -17.967 3.0571
v -33.56 -18.154 3.2493
v -33.855 -18.385 2.7837
v -37.136 -13.237 8.3988
v -37.566 -12.677 8.0402
v -37.754 -12.915 8.1794
v -37.277 -13.829 8.4582
v -37.136 -13.237 8.3988
v -37.754 -12.915 8.1794
v -37.566 -12.677 8.0402
v -37.602 -12.426 7.5895
v -38.037 -12.338 7.891
v -33.855 -18.385 2.7837
v -33.56 -18.154 3.2493
v -33.683 -18.409 3.486
v -35.766 -13.176 2.9784
v -35.318 -13.817 3.1899
v -35.768 -14.133 2.741
v -37.122 -10.579 2.9854
v -36.645 -11.171 2.8576
v -36.996 -10.989 2.5254
v -47.51 -16.099 -14.257
v -47.831 -15.132 -14.276
v -47.894 -14.927 -14.86
v -46.016 -17.979 -16.488
v -46.5 -17.406 -16.154
v -46.175 -17.108 -16.736
v -36.645 -11.171 2.8576
v -37.122 -10.579 2.9854
v -36.962 -11.002 3.5049
v -33.987 -18.595 3.8541
v -33.841 -18.313 4.4188
v -34.729 -19.231 3.8369
v -34.664 -19.014 4.6037
v -34.729 -19.231 3.8369
v -33.841 -18.313 4.4188
v -46.291 -19.305 -14.247
v -46.52 -18.575 -13.613
v -46.473 -18.844 -14.5
v -45.545 -20.766 -14.745
v -45.398 -21.024 -14.996
v -45.498 -20.759 -14.16
v -35.705 -17.494 8.4426
v -36.067 -17.934 8.0314
v -35.515 -17.697 8.3533
v -35.598 -17.963 8.0778
v -35.515 -17.697 8.3533
v -36.067 -17.934 8.0314
v -36.559 -16.435 8.1699
v -36.285 -16.88 8.2486
v -35.865 -16.663 8.7609
v -33.987 -18.595 3.8541
v -34.183 -19.086 3.0699
v -33.683 -18.409 3.486
v -47.12 -17.229 -14.236
v -46.818 -18.136 -14.275
v -46.806 -17.917 -13.745
v -37.754 -11.855 6.4566
v -36.983 -12.355 6.184
v -37.49 -11.841 5.6141
v -45.693 -20.441 -14.535
v -45.545 -20.766 -14.745
v -45.498 -20.759 -14.16
v -38.229 -11.841 7.1417
v -37.602 -12.426 7.5895
v -37.754 -11.855 6.4566
v -35.705 -17.494 8.4426
v -36.285 -16.88 8.2486
v -36.505 -17.174 8.0366
v -35.598 -17.963 8.0778
v -35.513 -18.289 7.3455
v -35.078 -17.802 7.7976
v -37.754 -12.915 8.1794
v -37.886 -13.454 8.0806
v -37.277 -13.829 8.4582
v -37.566 -12.677 8.0402
v -38.037 -12.338 7.891
v -37.754 -12.915 8.1794
v -33.855 -18.385 2.7837
v -33.683 -18.409 3.486
v -33.912 -18.809 2.7808
v -37.981 -11.552 5.6005
v -37.49 -11.841 5.6141
v -37.466 -11.43 5.0224
v -37.242 -10.383 2.4556
v -37.122 -10.579 2.9854
v -36.996 -10.989 2.5254
v -36.464 -11.667 2.7659
v -36.074 -12.597 2.8603
v -36.61 -12.633 2.4472
v -34.794 -15.991 2.8896
v -34.75 -16.648 2.685
v -35.117 -16.265 2.5161
v -33.912 -18.809 2.7808
v -33.683 -18.409 3.486
v -34.183 -19.086 3.0699
v -35.768 -14.133 2.741
v -36.249 -13.626 2.4026
v -35.766 -13.176 2.9784
v -37.122 -10.579 2.9854
v -37.521 -10.63 3.4681
v -36.962 -11.002 3.5049
v -47.831 -15.132 -14.276
v -48.403 -13.802 -14.217
v -47.894 -14.927 -14.86
v -37.503 -15.325 7.81
v -36.692 -15.956 8.2128
v -36.731 -15.152 8.5199
v -35.967 -18.132 7.8726
v -35.598 -17.963 8.0778
v -36.067 -17.934 8.0314
v -35.513 -18.289 7.3455
v -35.598 -17.963 8.0778
v -35.967 -18.132 7.8726
v -38.229 -11.841 7.1417
v -38.037 -12.338 7.891
v -37.602 -12.426 7.5895
v -35.354 -18.542 6.9315
v -34.959 -18.152 7.0369
v -35.513 -18.289 7.3455
v -47.369 -16.571 -14.634
v -47.12 -17.229 -14.236
v -47.182 -16.872 -13.74
v -36.962 -11.002 3.5049
v -37.521 -10.63 3.4681
v -37.128 -11.225 4.1089
v -36.996 -10.989 2.5254
v -36.645 -11.171 2.8576
v -36.464 -11.667 2.7659
v -34.898 -18.956 5.1589
v -34.664 -19.014 4.6037
v -34.5 -18.574 5.3012
v -37.122 -10.579 2.9854
v -37.477 -10.081 2.6553
v -37.521 -10.63 3.4681
v -36.464 -11.667 2.7659
v -36.61 -12.633 2.4472
v -37.014 -12.071 2.2533
v -37.209 -14.75 8.2369
v -37.277 -13.829 8.4582
v -37.772 -14.361 7.8785
v -37.981 -11.552 5.6005
v -37.754 -11.855 6.4566
v -37.49 -11.841 5.6141
v -37.209 -14.75 8.2369
v -37.503 -15.325 7.81
v -36.731 -15.152 8.5199
v -36.074 -12.597 2.8603
v -35.766 -13.176 2.9784
v -36.249 -13.626 2.4026
v -35.354 -18.542 6.9315
v -35.746 -19.136 6.5635
v -34.931 -18.433 6.3097
v -48.274 -13.562 -15.138
v -48.584 -12.765 -14.742
v -48.508 -12.469 -15.758
v -36.505 -17.174 8.0366
v -36.067 -17.934 8.0314
v -35.705 -17.494 8.4426
v -35.768 -14.133 2.741
v -35.283 -14.599 2.9471
v -35.711 -15.027 2.4542
v -37.242 -10.383 2.4556
v -37.477 -10.081 2.6553
v -37.122 -10.579 2.9854
v -34.42 -17.663 2.6037
v -33.729 -17.967 3.0571
v -33.855 -18.385 2.7837
v -37.466 -11.43 5.0224
v -37.128 -11.225 4.1089
v -37.866 -10.729 4.074
v -37.799 -10.14 3.1083
v -37.521 -10.63 3.4681
v -37.477 -10.081 2.6553
v -35.283 -14.599 2.9471
v -35.227 -15.56 2.7308
v -35.711 -15.027 2.4542
v -36.692 -15.956 8.2128
v -37.503 -15.325 7.81
v -37.363 -15.868 7.7845
v -35.227 -15.56 2.7308
v -34.794 -15.991 2.8896
v -35.117 -16.265 2.5161
v -36.908 -16.281 7.9463
v -36.559 -16.435 8.1699
v -36.692 -15.956 8.2128
v -37.128 -11.225 4.1089
v -37.521 -10.63 3.4681
v -37.866 -10.729 4.074
v -36.249 -13.626 2.4026
v -36.61 -12.633 2.4472
v -36.074 -12.597 2.8603
v -36.285 -16.88 8.2486
v -36.559 -16.435 8.1699
v -36.505 -17.174 8.0366
v -37.866 -10.729 4.074
v -38.055 -11.019 4.8698
v -37.466 -11.43 5.0224
v -37.886 -13.454 8.0806
v -37.772 -14.361 7.8785
v -37.277 -13.829 8.4582
v -37.981 -11.552 5.6005
v -37.466 -11.43 5.0224
v -38.055 -11.019 4.8698
v -38.229 -11.841 7.1417
v -37.754 -11.855 6.4566
v -38.484 -11.409 6.5342
v -37.363 -15.868 7.7845
v -36.908 -16.281 7.9463
v -36.692 -15.956 8.2128
v -38.484 -11.409 6.5342
v -37.754 -11.855 6.4566
v -37.981 -11.552 5.6005
v -36.131 -18.482 7.636
v -35.513 -18.289 7.3455
v -35.967 -18.132 7.8726
v -34.5 -18.574 5.3012
v -34.96 -18.736 5.7853
v -34.898 -18.956 5.1589
v -34.42 -17.663 2.6037
v -33.855 -18.385 2.7837
v -34.152 -18.831 2.3047
v -33.855 -18.385 2.7837
v -33.912 -18.809 2.7808
v -34.152 -18.831 2.3047
v -37.754 -12.915 8.1794
v -38.037 -12.338 7.891
v -38.55 -12.559 7.7765
v -37.754 -12.915 8.1794
v -38.55 -12.559 7.7765
v -37.886 -13.454 8.0806
v -48.403 -13.802 -14.217
v -48.584 -12.765 -14.742
v -48.274 -13.562 -15.138
v -34.75 -16.648 2.685
v -34.298 -17.124 2.917
v -34.42 -17.663 2.6037
v -37.866 -10.729 4.074
v -38.217 -10.671 4.3671
v -38.055 -11.019 4.8698
v -36.996 -10.989 2.5254
v -36.464 -11.667 2.7659
v -37.2 -11.551 2.2254
v -37.2 -11.551 2.2254
v -36.464 -11.667 2.7659
v -37.014 -12.071 2.2533
v -37.477 -10.081 2.6553
v -37.803 -9.5915 2.1059
v -37.923 -9.5014 2.3608
v -37.477 -10.081 2.6553
v -37.923 -9.5014 2.3608
v -37.799 -10.14 3.1083
v -34.984 -17.07 2.3388
v -34.75 -16.648 2.685
v -34.42 -17.663 2.6037
v -37.014 -12.071 2.2533
v -36.61 -12.633 2.4472
v -37.203 -12.475 1.913
v -37.242 -10.383 2.4556
v -36.996 -10.989 2.5254
v -37.534 -10.498 1.9641
v -33.912 -18.809 2.7808
v -34.143 -19.222 2.3711
v -34.152 -18.831 2.3047
v -47.51 -16.099 -14.257
v -47.451 -16.159 -13.448
v -47.831 -15.132 -14.276
v -47.831 -15.132 -14.276
v -47.451 -16.159 -13.448
v -47.807 -15.209 -13.673
v -36.505 -17.174 8.0366
v -36.559 -16.435 8.1699
v -36.908 -16.281 7.9463
v -35.967 -18.132 7.8726
v -36.067 -17.934 8.0314
v -36.51 -17.997 7.7489
v -34.183 -19.086 3.0699
v -33.987 -18.595 3.8541
v -34.729 -19.231 3.8369
v -37.346 -11.149 2.1676
v -36.996 -10.989 2.5254
v -37.2 -11.551 2.2254
v -48.848 -11.036 -15.978
v -48.508 -12.469 -15.758
v -48.793 -11.896 -15.257
v -37.799 -10.14 3.1083
v -38.069 -10.287 3.5142
v -37.521 -10.63 3.4681
v -38.484 -11.409 6.5342
v -37.981 -11.552 5.6005
v -38.462 -11.216 5.8279
v -35.513 -18.289 7.3455
v -35.967 -18.997 7.2288
v -35.354 -18.542 6.9315
v -35.439 -19.116 5.9927
v -34.96 -18.736 5.7853
v -34.931 -18.433 6.3097
v -37.534 -10.498 1.9641
v -36.996 -10.989 2.5254
v -37.346 -11.149 2.1676
v -35.439 -19.116 5.9927
v -34.931 -18.433 6.3097
v -35.746 -19.136 6.5635
v -37.866 -10.729 4.074
v -37.521 -10.63 3.4681
v -38.069 -10.287 3.5142
v -37.503 -15.325 7.81
v -37.209 -14.75 8.2369
v -37.772 -14.361 7.8785
v -35.967 -18.997 7.2288
v -35.513 -18.289 7.3455
v -36.131 -18.482 7.636
v -36.067 -17.934 8.0314
v -36.505 -17.174 8.0366
v -36.51 -17.997 7.7489
v -38.612 -12.124 7.6886
v -38.55 -12.559 7.7765
v -38.037 -12.338 7.891
v -38.868 -11.468 7.3817
v -38.612 -12.124 7.6886
v -38.229 -11.841 7.1417
v -38.229 -11.841 7.1417
v -38.612 -12.124 7.6886
v -38.037 -12.338 7.891
v -37.242 -10.383 2.4556
v -37.803 -9.5915 2.1059
v -37.477 -10.081 2.6553
v -37.803 -9.5915 2.1059
v -37.242 -10.383 2.4556
v -37.534 -10.498 1.9641
v -38.237 -9.5346 2.7403
v -37.799 -10.14 3.1083
v -37.923 -9.5014 2.3608
v -38.221 -10.451 3.9129
v -37.866 -10.729 4.074
v -38.069 -10.287 3.5142
v -48.793 -11.896 -15.257
v -48.508 -12.469 -15.758
v -48.584 -12.765 -14.742
v -33.912 -18.809 2.7808
v -34.183 -19.086 3.0699
v -34.143 -19.222 2.3711
v -36.505 -17.174 8.0366
v -36.908 -16.281 7.9463
v -37.07 -16.568 7.7699
v -36.249 -13.626 2.4026
v -35.768 -14.133 2.741
v -36.151 -14.719 2.1555
v -35.768 -14.133 2.741
v -35.711 -15.027 2.4542
v -36.151 -14.719 2.1555
v -45.21 -21.396 -15.018
v -45.075 -21.575 -14.445
v -45.398 -21.024 -14.996
v -35.967 -18.997 7.2288
v -35.746 -19.136 6.5635
v -35.354 -18.542 6.9315
v -35.117 -16.265 2.5161
v -34.75 -16.648 2.685
v -34.984 -17.07 2.3388
v -45.398 -21.024 -14.996
v -45.075 -21.575 -14.445
v -45.498 -20.759 -14.16
v -37.363 -15.868 7.7845
v -37.07 -16.568 7.7699
v -36.908 -16.281 7.9463
v -38.483 -13.287 7.6082
v -37.886 -13.454 8.0806
v -38.55 -12.559 7.7765
v -34.898 -18.956 5.1589
v -34.96 -18.736 5.7853
v -35.521 -19.384 5.3973
v -38.483 -13.287 7.6082
v -38.185 -14.01 7.6354
v -37.886 -13.454 8.0806
v -47.182 -16.872 -13.74
v -47.12 -17.229 -14.236
v -47.005 -17.303 -13.327
v -38.185 -14.01 7.6354
v -37.772 -14.361 7.8785
v -37.886 -13.454 8.0806
v -46.291 -19.305 -14.247
v -46.174 -19.373 -13.729
v -46.52 -18.575 -13.613
v -38.914 -11.066 6.7266
v -38.229 -11.841 7.1417
v -38.484 -11.409 6.5342
v -38.237 -9.5346 2.7403
v -38.454 -9.6528 3.0359
v -37.799 -10.14 3.1083
v -35.711 -15.027 2.4542
v -35.227 -15.56 2.7308
v -35.752 -15.78 2.1586
v -38.454 -9.6528 3.0359
v -38.317 -9.9572 3.1887
v -37.799 -10.14 3.1083
v -35.227 -15.56 2.7308
v -35.117 -16.265 2.5161
v -35.752 -15.78 2.1586
v -38.069 -10.287 3.5142
v -37.799 -10.14 3.1083
v -38.317 -9.9572 3.1887
v -38.055 -11.019 4.8698
v -38.645 -10.752 5.0972
v -37.981 -11.552 5.6005
v -38.221 -10.451 3.9129
v -38.217 -10.671 4.3671
v -37.866 -10.729 4.074
v -34.804 -18.59 1.8164
v -34.42 -17.663 2.6037
v -34.152 -18.831 2.3047
v -34.143 -19.222 2.3711
v -34.367 -19.224 1.9191
v -34.152 -18.831 2.3047
v -44.482 -22.789 -14.195
v -44.569 -22.629 -15.081
v -44.245 -23.281 -14.527
v -46.291 -19.305 -14.247
v -46.135 -19.509 -13.99
v -46.174 -19.373 -13.729
v -38.055 -11.019 4.8698
v -38.217 -10.671 4.3671
v -38.547 -10.62 4.8079
v -38.055 -11.019 4.8698
v -38.547 -10.62 4.8079
v -38.645 -10.752 5.0972
v -36.131 -18.482 7.636
v -35.967 -18.132 7.8726
v -36.51 -17.997 7.7489
v -37.07 -16.568 7.7699
v -36.973 -17.326 7.5816
v -36.505 -17.174 8.0366
v -45.885 -20.033 -14.181
v -45.693 -20.441 -14.535
v -45.498 -20.759 -14.16
v -38.462 -11.216 5.8279
v -39 -10.827 6.3367
v -38.484 -11.409 6.5342
v -38.914 -11.066 6.7266
v -38.484 -11.409 6.5342
v -39 -10.827 6.3367
v -46.135 -19.509 -13.99
v -45.885 -20.033 -14.181
v -45.778 -20.131 -13.586
v -44.996 -21.761 -14.87
v -44.841 -22.162 -14.663
v -45.075 -21.575 -14.445
v -36.491 -14.077 2.0793
v -36.249 -13.626 2.4026
v -36.151 -14.719 2.1555
v -34.984 -17.07 2.3388
v -35.558 -16.45 2.1021
v -35.117 -16.265 2.5161
v -38.589 -10.02 3.4368
v -38.221 -10.451 3.9129
v -38.069 -10.287 3.5142
v -47.182 -16.872 -13.74
v -47.51 -16.099 -14.257
v -47.369 -16.571 -14.634
v -38.39 -9.1803 1.9427
v -37.923 -9.5014 2.3608
v -37.803 -9.5915 2.1059
v -38.069 -10.287 3.5142
v -38.317 -9.9572 3.1887
v -38.589 -10.02 3.4368
v -48.848 -11.036 -15.978
v -48.166 -12.036 -16.745
v -48.508 -12.469 -15.758
v -36.505 -17.174 8.0366
v -36.973 -17.326 7.5816
v -36.51 -17.997 7.7489
v -37.981 -11.552 5.6005
v -38.645 -10.752 5.0972
v -38.462 -11.216 5.8279
v -39 -10.827 6.3367
v -38.462 -11.216 5.8279
v -39.023 -10.691 5.6547
v -36.491 -14.077 2.0793
v -36.902 -13.319 1.943
v -36.249 -13.626 2.4026
v -44.841 -22.162 -14.663
v -44.569 -22.629 -15.081
v -44.482 -22.789 -14.195
v -35.439 -19.116 5.9927
v -35.521 -19.384 5.3973
v -34.96 -18.736 5.7853
v -34.898 -18.956 5.1589
v -35.521 -19.384 5.3973
v -34.664 -19.014 4.6037
v -36.151 -14.719 2.1555
v -35.711 -15.027 2.4542
v -36.037 -15.423 2.0223
v -36.037 -15.423 2.0223
v -35.711 -15.027 2.4542
v -35.752 -15.78 2.1586
v -38.229 -11.841 7.1417
v -38.914 -11.066 6.7266
v -38.868 -11.468 7.3817
v -37.534 -10.498 1.9641
v -38.233 -9.6591 1.4756
v -37.803 -9.5915 2.1059
v -34.984 -17.07 2.3388
v -34.42 -17.663 2.6037
v -35.506 -17.559 1.5597
v -35.506 -17.559 1.5597
v -34.42 -17.663 2.6037
v -34.804 -18.59 1.8164
v -38.612 -12.124 7.6886
v -38.868 -11.468 7.3817
v -39.212 -11.962 7.3762
v -39.212 -11.962 7.3762
v -38.55 -12.559 7.7765
v -38.612 -12.124 7.6886
v -34.355 -19.559 2.2537
v -34.143 -19.222 2.3711
v -34.183 -19.086 3.0699
v -34.804 -18.59 1.8164
v -34.152 -18.831 2.3047
v -34.367 -19.224 1.9191
v -47.737 -12.942 -17.166
v -47.113 -13.495 -17.268
v -47.547 -14.028 -16.817
v -45.544 -18.896 -16.504
v -44.44 -20.369 -16.785
v -45.845 -19.834 -15.423
v -38.237 -9.5346 2.7403
v -37.923 -9.5014 2.3608
v -38.39 -9.1803 1.9427
v -35.117 -16.265 2.5161
v -35.558 -16.45 2.1021
v -35.752 -15.78 2.1586
v -39.023 -10.691 5.6547
v -38.462 -11.216 5.8279
v -38.645 -10.752 5.0972
v -35.558 -16.45 2.1021
v -34.984 -17.07 2.3388
v -35.594 -16.925 1.8053
v -38.221 -10.451 3.9129
v -38.755 -10.163 3.892
v -38.217 -10.671 4.3671
v -38.755 -10.163 3.892
v -38.547 -10.62 4.8079
v -38.217 -10.671 4.3671
v -36.902 -13.319 1.943
v -36.61 -12.633 2.4472
v -36.249 -13.626 2.4026
v -48.848 -11.036 -15.978
v -48.927 -11.405 -15.26
v -49.078 -10.503 -15.746
v -35.521 -19.384 5.3973
v -35.204 -19.572 4.2621
v -34.664 -19.014 4.6037
v -37.772 -14.361 7.8785
v -38.014 -15.072 7.4857
v -37.503 -15.325 7.81
v -38.755 -10.163 3.892
v -38.221 -10.451 3.9129
v -38.589 -10.02 3.4368
v -49.311 -10.156 -14.932
v -49.078 -10.503 -15.746
v -48.927 -11.405 -15.26
v -36.131 -18.482 7.636
v -36.51 -17.997 7.7489
v -36.779 -18.235 7.4578
v -38.914 -11.066 6.7266
v -39 -10.827 6.3367
v -39.46 -10.71 6.9234
v -34.355 -19.559 2.2537
v -34.367 -19.224 1.9191
v -34.143 -19.222 2.3711
v -38.185 -14.01 7.6354
v -38.483 -13.287 7.6082
v -38.7 -13.827 7.3258
v -38.185 -14.01 7.6354
v -38.014 -15.072 7.4857
v -37.772 -14.361 7.8785
v -38.39 -9.1803 1.9427
v -38.818 -9.2322 2.3246
v -38.237 -9.5346 2.7403
v -38.547 -10.62 4.8079
v -38.755 -10.163 3.892
v -39.059 -10.305 4.6735
v -39.059 -10.305 4.6735
v -38.645 -10.752 5.0972
v -38.547 -10.62 4.8079
v -37.534 -10.498 1.9641
v -37.346 -11.149 2.1676
v -37.871 -11.01 1.5313
v -34.729 -19.231 3.8369
v -34.803 -19.611 3.0332
v -34.183 -19.086 3.0699
v -48.927 -11.405 -15.26
v -49.124 -11.094 -14.46
v -49.311 -10.156 -14.932
v -39 -10.827 6.3367
v -39.656 -10.382 6.2745
v -39.46 -10.71 6.9234
v -37.07 -16.568 7.7699
v -37.363 -15.868 7.7845
v -37.513 -16.514 7.4808
v -43.686 -23.132 -15.907
v -43.843 -23.787 -15.131
v -44.569 -22.629 -15.081
v -38.906 -9.4582 3.0319
v -38.454 -9.6528 3.0359
v -38.237 -9.5346 2.7403
v -35.967 -18.997 7.2288
v -36.131 -18.482 7.636
v -36.535 -18.889 7.3691
v -36.902 -13.319 1.943
v -37.203 -12.475 1.913
v -36.61 -12.633 2.4472
v -38.317 -9.9572 3.1887
v -38.454 -9.6528 3.0359
v -38.589 -10.02 3.4368
v -36.535 -18.889 7.3691
v -36.131 -18.482 7.636
v -36.779 -18.235 7.4578
v -38.404 -9.1674 1.52
v -37.803 -9.5915 2.1059
v -38.233 -9.6591 1.4756
v -37.803 -9.5915 2.1059
v -38.404 -9.1674 1.52
v -38.39 -9.1803 1.9427
v -38.914 -11.066 6.7266
v -39.46 -10.71 6.9234
v -38.868 -11.468 7.3817
v -39.212 -11.962 7.3762
v -38.868 -11.468 7.3817
v -39.347 -11.514 7.3363
v -38.483 -13.287 7.6082
v -38.55 -12.559 7.7765
v -39.002 -12.699 7.3647
v -44.975 -18.455 -17.082
v -45.544 -18.896 -16.504
v -46.016 -17.979 -16.488
v -46.175 -17.108 -16.736
v -44.975 -18.455 -17.082
v -46.016 -17.979 -16.488
v -48.403 -13.802 -14.217
v -47.831 -15.132 -14.276
v -48.08 -14.579 -13.555
v -38.393 -10.194 1.172
v -38.233 -9.6591 1.4756
v -37.534 -10.498 1.9641
v -37.609 -16.953 7.2409
v -36.973 -17.326 7.5816
v -37.07 -16.568 7.7699
v -34.729 -19.231 3.8369
v -34.664 -19.014 4.6037
v -35.204 -19.572 4.2621
v -48.403 -13.802 -14.217
v -48.506 -13.374 -13.927
v -48.584 -12.765 -14.742
v -37.503 -15.325 7.81
v -37.934 -15.777 7.3829
v -37.363 -15.868 7.7845
v -38.818 -9.2322 2.3246
v -38.906 -9.4582 3.0319
v -38.237 -9.5346 2.7403
v -37.871 -11.01 1.5313
v -37.346 -11.149 2.1676
v -37.7 -11.626 1.6361
v -37.2 -11.551 2.2254
v -37.014 -12.071 2.2533
v -37.7 -11.626 1.6361
v -37.346 -11.149 2.1676
v -37.2 -11.551 2.2254
v -37.7 -11.626 1.6361
v -38.645 -10.752 5.0972
v -39.105 -10.476 5.303
v -39.023 -10.691 5.6547
v -38.589 -10.02 3.4368
v -38.454 -9.6528 3.0359
v -38.906 -9.4582 3.0319
v -36.068 -15.851 1.8192
v -36.037 -15.423 2.0223
v -35.752 -15.78 2.1586
v -36.151 -14.719 2.1555
v -36.037 -15.423 2.0223
v -36.52 -15.004 1.7009
v -38.818 -9.2322 2.3246
v -38.39 -9.1803 1.9427
v -38.646 -9.0167 1.6688
v -36.491 -14.077 2.0793
v -36.151 -14.719 2.1555
v -36.52 -15.004 1.7009
v -34.355 -19.559 2.2537
v -34.183 -19.086 3.0699
v -34.803 -19.611 3.0332
v -39.426 -10.418 5.8891
v -39 -10.827 6.3367
v -39.023 -10.691 5.6547
v -48.912 -11.826 -14.262
v -48.793 -11.896 -15.257
v -48.584 -12.765 -14.742
v -38.55 -12.559 7.7765
v -39.212 -11.962 7.3762
v -39.002 -12.699 7.3647
v -37.7 -11.626 1.6361
v -37.014 -12.071 2.2533
v -37.203 -12.475 1.913
v -37.871 -11.01 1.5313
v -38.393 -10.194 1.172
v -37.534 -10.498 1.9641
v -37.07 -16.568 7.7699
v -37.513 -16.514 7.4808
v -37.609 -16.953 7.2409
v -36.973 -17.326 7.5816
v -36.779 -18.235 7.4578
v -36.51 -17.997 7.7489
v -35.558 -16.45 2.1021
v -36.068 -15.851 1.8192
v -35.752 -15.78 2.1586
v -39.105 -10.476 5.303
v -38.645 -10.752 5.0972
v -39.059 -10.305 4.6735
v -39.023 -10.691 5.6547
v -39.105 -10.476 5.303
v -39.426 -10.418 5.8891
v -38.646 -9.0167 1.6688
v -38.39 -9.1803 1.9427
v -38.404 -9.1674 1.52
v -35.594 -16.925 1.8053
v -34.984 -17.07 2.3388
v -35.506 -17.559 1.5597
v -38.868 -11.468 7.3817
v -39.46 -10.71 6.9234
v -39.347 -11.514 7.3363
v -39.404 -9.5347 3.5307
v -38.589 -10.02 3.4368
v -38.906 -9.4582 3.0319
v -47.182 -16.872 -13.74
v -47.451 -16.159 -13.448
v -47.51 -16.099 -14.257
v -44.569 -22.629 -15.081
v -43.843 -23.787 -15.131
v -44.245 -23.281 -14.527
v -39.105 -10.476 5.303
v -39.059 -10.305 4.6735
v -39.465 -10.179 5.28
v -39.105 -10.476 5.303
v -39.465 -10.179 5.28
v -39.426 -10.418 5.8891
v -38.7 -13.827 7.3258
v -38.774 -14.55 7.0137
v -38.185 -14.01 7.6354
v -35.439 -19.116 5.9927
v -35.746 -19.136 6.5635
v -36.286 -19.764 5.9746
v -38.014 -15.072 7.4857
v -38.185 -14.01 7.6354
v -38.774 -14.55 7.0137
v -37.934 -15.777 7.3829
v -37.503 -15.325 7.81
v -38.014 -15.072 7.4857
v -35.521 -19.384 5.3973
v -35.439 -19.116 5.9927
v -36.286 -19.764 5.9746
v -48.506 -13.374 -13.927
v -48.403 -13.802 -14.217
v -48.08 -14.579 -13.555
v -36.351 -19.235 7.1645
v -35.967 -18.997 7.2288
v -36.535 -18.889 7.3691
v -39.656 -10.382 6.2745
v -39 -10.827 6.3367
v -39.426 -10.418 5.8891
v -38.589 -10.02 3.4368
v -39.404 -9.5347 3.5307
v -38.755 -10.163 3.892
v -38.404 -9.1674 1.52
v -38.834 -9.0277 1.3026
v -38.646 -9.0167 1.6688
v -34.367 -19.224 1.9191
v -34.511 -19.843 1.8209
v -34.524 -19.657 1.5474
v -34.355 -19.559 2.2537
v -34.511 -19.843 1.8209
v -34.367 -19.224 1.9191
v -34.355 -19.559 2.2537
v -34.803 -19.611 3.0332
v -34.797 -20.153 2.0741
v -37.513 -16.514 7.4808
v -37.363 -15.868 7.7845
v -37.817 -16.118 7.3331
v -37.363 -15.868 7.7845
v -37.934 -15.777 7.3829
v -37.817 -16.118 7.3331
v -37.203 -12.475 1.913
v -36.902 -13.319 1.943
v -37.291 -13.096 1.5718
v -46.135 -19.509 -13.99
v -45.778 -20.131 -13.586
v -46.02 -19.627 -13.378
v -39.656 -10.382 6.2745
v -39.946 -10.382 6.6051
v -39.46 -10.71 6.9234
v -39.426 -10.418 5.8891
v -39.843 -10.017 5.7668
v -39.656 -10.382 6.2745
v -45.075 -21.575 -14.445
v -44.482 -22.789 -14.195
v -45.064 -21.716 -13.749
v -36.902 -13.319 1.943
v -36.491 -14.077 2.0793
v -37.045 -14.089 1.4815
v -39.347 -11.514 7.3363
v -39.46 -10.71 6.9234
v -39.779 -10.833 7.011
v -39.779 -10.833 7.011
v -39.762 -11.318 7.0873
v -39.347 -11.514 7.3363
v -45.064 -21.716 -13.749
v -45.304 -21.153 -13.594
v -45.075 -21.575 -14.445
v -36.351 -19.235 7.1645
v -35.746 -19.136 6.5635
v -35.967 -18.997 7.2288
v -46.174 -19.373 -13.729
v -46.135 -19.509 -13.99
v -46.02 -19.627 -13.378
v -39.779 -10.833 7.011
v -39.46 -10.71 6.9234
v -39.946 -10.382 6.6051
v -46.144 -19.36 -13.372
v -46.174 -19.373 -13.729
v -46.02 -19.627 -13.378
v -34.524 -19.657 1.5474
v -35.194 -19.097 1.0679
v -34.367 -19.224 1.9191
v -39.465 -10.179 5.28
v -39.843 -10.017 5.7668
v -39.426 -10.418 5.8891
v -38.404 -9.1674 1.52
v -38.688 -9.3003 1.028
v -38.834 -9.0277 1.3026
v -39.404 -9.5347 3.5307
v -39.506 -9.9279 4.3148
v -38.755 -10.163 3.892
v -35.543 -20.008 3.8539
v -34.803 -19.611 3.0332
v -34.729 -19.231 3.8369
v -34.511 -19.843 1.8209
v -34.355 -19.559 2.2537
v -34.797 -20.153 2.0741
v -34.729 -19.231 3.8369
v -35.204 -19.572 4.2621
v -35.543 -20.008 3.8539
v -38.755 -10.163 3.892
v -39.506 -9.9279 4.3148
v -39.059 -10.305 4.6735
v -35.204 -19.572 4.2621
v -35.521 -19.384 5.3973
v -35.699 -19.841 4.6217
v -45.075 -21.575 -14.445
v -44.841 -22.162 -14.663
v -44.482 -22.789 -14.195
v -39.406 -9.2568 2.612
v -38.906 -9.4582 3.0319
v -38.818 -9.2322 2.3246
v -39.059 -10.305 4.6735
v -39.506 -9.9279 4.3148
v -39.465 -10.179 5.28
v -38.404 -9.1674 1.52
v -38.233 -9.6591 1.4756
v -38.688 -9.3003 1.028
v -36.048 -16.662 1.4355
v -35.558 -16.45 2.1021
v -35.594 -16.925 1.8053
v -36.779 -18.235 7.4578
v -37.066 -18.982 7.0121
v -36.535 -18.889 7.3691
v -37.609 -16.953 7.2409
v -37.575 -17.577 7.0438
v -36.973 -17.326 7.5816
v -47.831 -15.132 -14.276
v -47.807 -15.209 -13.673
v -48.08 -14.579 -13.555
v -39.762 -11.318 7.0873
v -39.212 -11.962 7.3762
v -39.347 -11.514 7.3363
v -39.002 -12.699 7.3647
v -39.212 -11.962 7.3762
v -39.611 -12.511 6.8992
v -48.848 -11.036 -15.978
v -48.793 -11.896 -15.257
v -48.927 -11.405 -15.26
v -36.491 -14.077 2.0793
v -36.52 -15.004 1.7009
v -37.045 -14.089 1.4815
v -34.511 -19.843 1.8209
v -34.797 -20.153 2.0741
v -34.678 -20.133 1.4093
v -37.604 -12.356 1.5234
v -37.932 -12.011 1.2668
v -37.7 -11.626 1.6361
v -37.7 -11.626 1.6361
v -37.203 -12.475 1.913
v -37.604 -12.356 1.5234
v -38.483 -13.287 7.6082
v -39.002 -12.699 7.3647
v -39.137 -13.377 7.0819
v -36.52 -15.004 1.7009
v -36.037 -15.423 2.0223
v -36.592 -15.645 1.3518
v -39.946 -10.382 6.6051
v -39.656 -10.382 6.2745
v -39.843 -10.017 5.7668
v -36.068 -15.851 1.8192
v -36.592 -15.645 1.3518
v -36.037 -15.423 2.0223
v -36.068 -15.851 1.8192
v -35.558 -16.45 2.1021
v -36.048 -16.662 1.4355
v -38.7 -13.827 7.3258
v -38.483 -13.287 7.6082
v -39.137 -13.377 7.0819
v -38.688 -9.3003 1.028
v -38.233 -9.6591 1.4756
v -38.393 -10.194 1.172
v -45.498 -20.759 -14.16
v -45.075 -21.575 -14.445
v -45.304 -21.153 -13.594
v -38.774 -14.55 7.0137
v -38.431 -15.135 7.1374
v -38.014 -15.072 7.4857
v -35.194 -19.097 1.0679
v -34.804 -18.59 1.8164
v -34.367 -19.224 1.9191
v -37.604 -12.356 1.5234
v -37.203 -12.475 1.913
v -37.291 -13.096 1.5718
v -35.699 -19.841 4.6217
v -35.521 -19.384 5.3973
v -36.055 -19.886 5.2221
v -38.646 -9.0167 1.6688
v -38.834 -9.0277 1.3026
v -39.137 -9.0058 1.4068
v -39.408 -9.1354 1.9007
v -38.646 -9.0167 1.6688
v -39.137 -9.0058 1.4068
v -37.575 -17.577 7.0438
v -36.779 -18.235 7.4578
v -36.973 -17.326 7.5816
v -38.818 -9.2322 2.3246
v -38.646 -9.0167 1.6688
v -39.408 -9.1354 1.9007
v -35.543 -20.008 3.8539
v -35.275 -19.994 3.1402
v -34.803 -19.611 3.0332
v -34.803 -19.611 3.0332
v -35.275 -19.994 3.1402
v -34.797 -20.153 2.0741
v -37.005 -14.787 1.2349
v -37.045 -14.089 1.4815
v -36.52 -15.004 1.7009
v -35.746 -19.136 6.5635
v -36.351 -19.235 7.1645
v -36.647 -19.837 6.6397
v -47.005 -17.303 -13.327
v -47.12 -17.229 -14.236
v -46.806 -17.917 -13.745
v -38.393 -10.194 1.172
v -37.871 -11.01 1.5313
v -38.33 -10.863 1.0564
v -36.902 -13.319 1.943
v -37.045 -14.089 1.4815
v -37.291 -13.096 1.5718
v -37.513 -16.514 7.4808
v -37.817 -16.118 7.3331
v -37.864 -16.419 7.1627
v -39.002 -12.699 7.3647
v -39.611 -12.511 6.8992
v -39.533 -12.984 6.853
v -38.234 -11.737 0.93714
v -38.33 -10.863 1.0564
v -37.871 -11.01 1.5313
v -37.871 -11.01 1.5313
v -37.7 -11.626 1.6361
v -38.234 -11.737 0.93714
v -39.404 -9.5347 3.5307
v -38.906 -9.4582 3.0319
v -39.406 -9.2568 2.612
v -39.406 -9.2568 2.612
v -38.818 -9.2322 2.3246
v -39.408 -9.1354 1.9007
v -39.506 -9.9279 4.3148
v -39.404 -9.5347 3.5307
v -39.957 -9.6285 4.2936
v -39.506 -9.9279 4.3148
v -40.302 -9.6817 5.3894
v -39.465 -10.179 5.28
v -39.465 -10.179 5.28
v -40.302 -9.6817 5.3894
v -39.843 -10.017 5.7668
v -37.934 -15.777 7.3829
v -38.014 -15.072 7.4857
v -38.397 -15.849 7.0219
v -37.066 -18.982 7.0121
v -36.78 -19.446 6.9822
v -36.535 -18.889 7.3691
v -36.351 -19.235 7.1645
v -36.535 -18.889 7.3691
v -36.78 -19.446 6.9822
v -37.864 -16.419 7.1627
v -37.609 -16.953 7.2409
v -37.513 -16.514 7.4808
v -36.068 -15.851 1.8192
v -36.048 -16.662 1.4355
v -36.425 -16.109 1.3422
v -44.245 -23.281 -14.527
v -43.843 -23.787 -15.131
v -44.024 -23.636 -14.227
v -35.204 -19.572 4.2621
v -35.699 -19.841 4.6217
v -35.543 -20.008 3.8539
v -39.946 -10.382 6.6051
v -39.843 -10.017 5.7668
v -40.226 -9.8684 5.9884
v -35.194 -19.097 1.0679
v -35.506 -17.559 1.5597
v -34.804 -18.59 1.8164
v -39.779 -10.833 7.011
v -39.946 -10.382 6.6051
v -40.378 -10.299 6.5891
v -40.496 -10.669 6.6102
v -39.779 -10.833 7.011
v -40.378 -10.299 6.5891
v -34.524 -19.657 1.5474
v -34.871 -20.093 0.85816
v -35.194 -19.097 1.0679
v -39.137 -13.377 7.0819
v -39.002 -12.699 7.3647
v -39.533 -12.984 6.853
v -37.664 -13.339 1.147
v -37.291 -13.096 1.5718
v -37.045 -14.089 1.4815
v -40.302 -9.6817 5.3894
v -40.226 -9.8684 5.9884
v -39.843 -10.017 5.7668
v -34.511 -19.843 1.8209
v -34.678 -20.133 1.4093
v -34.524 -19.657 1.5474
v -38.688 -9.3003 1.028
v -38.393 -10.194 1.172
v -38.882 -9.4645 0.7448
v -37.604 -12.356 1.5234
v -37.291 -13.096 1.5718
v -37.819 -12.761 1.1347
v -36.592 -15.645 1.3518
v -36.068 -15.851 1.8192
v -36.425 -16.109 1.3422
v -38.431 -15.135 7.1374
v -38.397 -15.849 7.0219
v -38.014 -15.072 7.4857
v -46.806 -17.917 -13.745
v -46.52 -18.575 -13.613
v -46.449 -18.58 -12.956
v -45.778 -20.131 -13.586
v -45.498 -20.759 -14.16
v -45.304 -21.153 -13.594
v -37.817 -16.118 7.3331
v -37.934 -15.777 7.3829
v -38.397 -15.849 7.0219
v -36.647 -19.837 6.6397
v -36.351 -19.235 7.1645
v -36.78 -19.446 6.9822
v -39.212 -11.962 7.3762
v -39.762 -11.318 7.0873
v -40.033 -11.779 6.7507
v -38.688 -9.3003 1.028
v -39.11 -9.0012 0.82849
v -38.834 -9.0277 1.3026
v -34.871 -20.093 0.85816
v -34.524 -19.657 1.5474
v -34.678 -20.133 1.4093
v -38.882 -9.4645 0.7448
v -39.11 -9.0012 0.82849
v -38.688 -9.3003 1.028
v -36.286 -19.764 5.9746
v -35.746 -19.136 6.5635
v -36.647 -19.837 6.6397
v -37.864 -16.419 7.1627
v -37.817 -16.118 7.3331
v -38.397 -15.849 7.0219
v -45.885 -20.033 -14.181
v -45.498 -20.759 -14.16
v -45.778 -20.131 -13.586
v -36.286 -19.764 5.9746
v -36.055 -19.886 5.2221
v -35.521 -19.384 5.3973
v -40.302 -9.6817 5.3894
v -39.506 -9.9279 4.3148
v -39.957 -9.6285 4.2936
v -46.277 -19.005 -13.204
v -46.174 -19.373 -13.729
v -46.144 -19.36 -13.372
v -46.52 -18.575 -13.613
v -46.174 -19.373 -13.729
v -46.277 -19.005 -13.204
v -38.234 -11.737 0.93714
v -37.7 -11.626 1.6361
v -37.932 -12.011 1.2668
v -40.496 -10.669 6.6102
v -39.762 -11.318 7.0873
v -39.779 -10.833 7.011
v -37.606 -18.166 6.8299
v -37.066 -18.982 7.0121
v -36.779 -18.235 7.4578
v -39.137 -9.0058 1.4068
v -38.834 -9.0277 1.3026
v -39.11 -9.0012 0.82849
v -36.779 -18.235 7.4578
v -37.575 -17.577 7.0438
v -37.606 -18.166 6.8299
v -39.404 -9.5347 3.5307
v -39.406 -9.2568 2.612
v -40.021 -9.3551 3.1305
v -48.793 -11.896 -15.257
v -49.124 -11.094 -14.46
v -48.927 -11.405 -15.26
v -37.819 -12.761 1.1347
v -37.932 -12.011 1.2668
v -37.604 -12.356 1.5234
v -35.929 -20.217 4.3154
v -35.699 -19.841 4.6217
v -36.055 -19.886 5.2221
v -35.275 -19.994 3.1402
v -35.613 -20.391 2.902
v -34.797 -20.153 2.0741
v -37.664 -13.339 1.147
v -37.045 -14.089 1.4815
v -37.598 -13.802 1.04
v -47.807 -15.209 -13.673
v -47.451 -16.159 -13.448
v -47.606 -15.672 -13.068
v -38.882 -9.4645 0.7448
v -39.261 -8.9778 0.38153
v -39.11 -9.0012 0.82849
v -38.33 -10.863 1.0564
v -38.88 -10.372 0.47443
v -38.393 -10.194 1.172
v -39.11 -9.0012 0.82849
v -39.59 -8.8249 1.0535
v -39.137 -9.0058 1.4068
v -39.316 -13.913 6.7837
v -38.7 -13.827 7.3258
v -39.137 -13.377 7.0819
v -39.408 -9.1354 1.9007
v -39.137 -9.0058 1.4068
v -39.59 -8.8249 1.0535
v -37.819 -12.761 1.1347
v -37.291 -13.096 1.5718
v -37.664 -13.339 1.147
v -39.199 -14.941 6.6495
v -38.431 -15.135 7.1374
v -38.774 -14.55 7.0137
v -34.797 -20.153 2.0741
v -34.983 -20.475 1.1945
v -34.678 -20.133 1.4093
v -39.611 -12.511 6.8992
v -39.212 -11.962 7.3762
v -40.033 -11.779 6.7507
v -37.609 -16.953 7.2409
v -37.864 -16.419 7.1627
v -38.241 -16.588 6.8393
v -38.397 -15.849 7.0219
v -38.241 -16.588 6.8393
v -37.864 -16.419 7.1627
v -38.882 -9.4645 0.7448
v -38.393 -10.194 1.172
v -38.88 -10.372 0.47443
v -40.302 -9.6817 5.3894
v -40.966 -9.6068 6.0109
v -40.226 -9.8684 5.9884
v -39.957 -9.6285 4.2936
v -40.524 -9.5289 4.9648
v -40.302 -9.6817 5.3894
v -39.946 -10.382 6.6051
v -40.226 -9.8684 5.9884
v -40.378 -10.299 6.5891
v -35.506 -17.559 1.5597
v -35.194 -19.097 1.0679
v -36.038 -18.332 0.55743
v -39.414 -8.7049 0.48463
v -39.11 -9.0012 0.82849
v -39.261 -8.9778 0.38153
v -39.414 -8.7049 0.48463
v -39.59 -8.8249 1.0535
v -39.11 -9.0012 0.82849
v -38.882 -9.4645 0.7448
v -38.88 -10.372 0.47443
v -39.096 -9.7139 0.30039
v -37.045 -14.089 1.4815
v -37.005 -14.787 1.2349
v -37.237 -14.25 1.2294
v -38.774 -14.55 7.0137
v -38.7 -13.827 7.3258
v -39.316 -13.913 6.7837
v -37.005 -14.787 1.2349
v -36.52 -15.004 1.7009
v -37.085 -15.365 0.87091
v -34.871 -20.093 0.85816
v -34.678 -20.133 1.4093
v -34.82 -20.259 1.0086
v -36.52 -15.004 1.7009
v -36.592 -15.645 1.3518
v -37.085 -15.365 0.87091
v -40.021 -9.3551 3.1305
v -39.957 -9.6285 4.2936
v -39.404 -9.5347 3.5307
v -37.045 -14.089 1.4815
v -37.237 -14.25 1.2294
v -37.598 -13.802 1.04
v -35.543 -20.008 3.8539
v -35.699 -19.841 4.6217
v -35.929 -20.217 4.3154
v -37.609 -16.953 7.2409
v -38.241 -16.588 6.8393
v -38.187 -17.046 6.7706
v -38.33 -10.863 1.0564
v -38.234 -11.737 0.93714
v -38.623 -11.428 0.53849
v -48.912 -11.826 -14.262
v -49.124 -11.094 -14.46
v -48.793 -11.896 -15.257
v -39.762 -11.318 7.0873
v -40.496 -10.669 6.6102
v -40.533 -11.415 6.4803
v -39.747 -13.387 6.6192
v -39.137 -13.377 7.0819
v -39.533 -12.984 6.853
v -48.506 -13.374 -13.927
v -48.661 -12.579 -13.904
v -48.584 -12.765 -14.742
v -35.929 -20.217 4.3154
v -36.055 -19.886 5.2221
v -36.515 -20.44 4.9418
v -39.261 -8.9778 0.38153
v -38.882 -9.4645 0.7448
v -39.096 -9.7139 0.30039
v -39.199 -14.941 6.6495
v -38.845 -15.909 6.6597
v -38.431 -15.135 7.1374
v -38.397 -15.849 7.0219
v -38.431 -15.135 7.1374
v -38.845 -15.909 6.6597
v -48.846 -10.169 -16.532
v -48.848 -11.036 -15.978
v -49.078 -10.503 -15.746
v -34.678 -20.133 1.4093
v -34.983 -20.475 1.1945
v -34.82 -20.259 1.0086
v -38.112 -12.706 0.7957
v -38.234 -11.737 0.93714
v -37.932 -12.011 1.2668
v -37.932 -12.011 1.2668
v -37.819 -12.761 1.1347
v -38.112 -12.706 0.7957
v -37.819 -12.761 1.1347
v -37.664 -13.339 1.147
v -38.112 -12.706 0.7957
v -36.048 -16.662 1.4355
v -35.594 -16.925 1.8053
v -36.238 -17.302 0.93363
v -35.594 -16.925 1.8053
v -35.506 -17.559 1.5597
v -36.238 -17.302 0.93363
v -40.378 -10.299 6.5891
v -40.226 -9.8684 5.9884
v -40.966 -9.6068 6.0109
v -49.489 -9.3162 -15.262
v -49.078 -10.503 -15.746
v -49.311 -10.156 -14.932
v -38.187 -17.046 6.7706
v -37.575 -17.577 7.0438
v -37.609 -16.953 7.2409
v -49.158 -9.5178 -16.223
v -49.078 -10.503 -15.746
v -49.489 -9.3162 -15.262
v -48.846 -10.169 -16.532
v -47.921 -10.179 -17.518
v -48.166 -12.036 -16.745
v -47.737 -12.942 -17.166
v -48.166 -12.036 -16.745
v -47.226 -12.016 -17.649
v -39.408 -9.1354 1.9007
v -40.186 -9.1545 2.2942
v -39.406 -9.2568 2.612
v -39.316 -13.913 6.7837
v -39.137 -13.377 7.0819
v -39.747 -13.387 6.6192
v -36.78 -19.446 6.9822
v -37.066 -18.982 7.0121
v -37.068 -19.724 6.6911
v -39.199 -14.941 6.6495
v -38.774 -14.55 7.0137
v -39.316 -13.913 6.7837
v -48.848 -11.036 -15.978
v -48.846 -10.169 -16.532
v -48.166 -12.036 -16.745
v -39.957 -9.6285 4.2936
v -40.021 -9.3551 3.1305
v -40.54 -9.3387 3.8842
v -40.533 -11.415 6.4803
v -40.033 -11.779 6.7507
v -39.762 -11.318 7.0873
v -40.524 -9.5289 4.9648
v -39.957 -9.6285 4.2936
v -40.54 -9.3387 3.8842
v -39.59 -8.8249 1.0535
v -40.132 -8.8414 1.4622
v -39.408 -9.1354 1.9007
v -36.913 -15.852 0.89562
v -36.592 -15.645 1.3518
v -36.425 -16.109 1.3422
v -34.797 -20.153 2.0741
v -35.613 -20.391 2.902
v -35.715 -20.703 2.4194
v -44.411 -21.35 -16.258
v -43.686 -23.132 -15.907
v -44.748 -21.972 -15.534
v -39.406 -9.2568 2.612
v -40.186 -9.1545 2.2942
v -40.021 -9.3551 3.1305
v -35.194 -19.097 1.0679
v -35.39 -19.801 0.31311
v -35.656 -19.203 0.45806
v -37.664 -13.339 1.147
v -37.598 -13.802 1.04
v -37.931 -13.681 0.62187
v -39.414 -8.7049 0.48463
v -39.9 -8.3227 0.65924
v -39.59 -8.8249 1.0535
v -35.613 -20.391 2.902
v -35.275 -19.994 3.1402
v -35.543 -20.008 3.8539
v -37.598 -13.802 1.04
v -37.237 -14.25 1.2294
v -37.713 -14.36 0.59153
v -35.543 -20.008 3.8539
v -35.929 -20.217 4.3154
v -36.111 -20.556 3.7904
v -38.623 -11.428 0.53849
v -38.88 -10.372 0.47443
v -38.33 -10.863 1.0564
v -37.085 -15.365 0.87091
v -36.592 -15.645 1.3518
v -36.913 -15.852 0.89562
v -37.237 -14.25 1.2294
v -37.005 -14.787 1.2349
v -37.504 -14.856 0.61842
v -35.517 -20.762 1.842
v -34.797 -20.153 2.0741
v -35.715 -20.703 2.4194
v -36.055 -19.886 5.2221
v -36.286 -19.764 5.9746
v -36.817 -20.491 5.471
v -46.434 -14.402 -17.378
v -46.123 -15.823 -17.282
v -47.121 -15.345 -16.533
v -37.606 -18.166 6.8299
v -37.575 -17.577 7.0438
v -38.13 -17.684 6.6104
v -39.611 -12.511 6.8992
v -40.033 -11.779 6.7507
v -40.241 -12.462 6.4846
v -36.647 -19.837 6.6397
v -36.78 -19.446 6.9822
v -37.068 -19.724 6.6911
v -38.241 -16.588 6.8393
v -38.397 -15.849 7.0219
v -38.845 -15.909 6.6597
v -36.038 -18.332 0.55743
v -36.238 -17.302 0.93363
v -35.506 -17.559 1.5597
v -43.35 -24.65 -14.578
v -43.843 -23.787 -15.131
v -43.184 -24.792 -15.094
v -41.198 -9.849 6.183
v -40.378 -10.299 6.5891
v -40.966 -9.6068 6.0109
v -34.871 -20.093 0.85816
v -35.39 -19.801 0.31311
v -35.194 -19.097 1.0679
v -37.713 -14.36 0.59153
v -37.237 -14.25 1.2294
v -37.504 -14.856 0.61842
v -39.71 -8.1931 0.046496
v -39.876 -8.1078 0.4095
v -39.9 -8.3227 0.65924
v -45.429 -16.981 -17.221
v -44.975 -18.455 -17.082
v -46.175 -17.108 -16.736
v -47.121 -15.345 -16.533
v -47.547 -14.028 -16.817
v -46.434 -14.402 -17.378
v -39.414 -8.7049 0.48463
v -39.71 -8.1931 0.046496
v -39.9 -8.3227 0.65924
v -47.547 -14.028 -16.817
v -47.113 -13.495 -17.268
v -46.434 -14.402 -17.378
v -40.302 -9.6817 5.3894
v -40.524 -9.5289 4.9648
v -41.33 -9.1405 5.3667
v -39.71 -8.1931 0.046496
v -39.414 -8.7049 0.48463
v -39.631 -8.5258 0.00011093
v -39.408 -9.1354 1.9007
v -40.132 -8.8414 1.4622
v -40.186 -9.1545 2.2942
v -40.966 -9.6068 6.0109
v -40.302 -9.6817 5.3894
v -41.33 -9.1405 5.3667
v -38.112 -12.706 0.7957
v -37.664 -13.339 1.147
v -38.136 -13.23 0.60221
v -39.261 -8.9778 0.38153
v -39.631 -8.5258 0.00011093
v -39.414 -8.7049 0.48463
v -43.184 -24.792 -15.094
v -43.843 -23.787 -15.131
v -43.479 -23.999 -15.524
v -38.136 -13.23 0.60221
v -37.664 -13.339 1.147
v -37.931 -13.681 0.62187
v -43.686 -23.132 -15.907
v -43.479 -23.999 -15.524
v -43.843 -23.787 -15.131
v -39.261 -8.9778 0.38153
v -39.096 -9.7139 0.30039
v -39.455 -9.5409 -0.089424
v -36.515 -20.44 4.9418
v -36.055 -19.886 5.2221
v -36.817 -20.491 5.471
v -44.024 -23.636 -14.227
v -44.482 -22.789 -14.195
v -44.245 -23.281 -14.527
v -35.613 -20.391 2.902
v -35.543 -20.008 3.8539
v -36.111 -20.556 3.7904
v -39.533 -12.984 6.853
v -39.611 -12.511 6.8992
v -40.241 -12.462 6.4846
v -38.13 -17.684 6.6104
v -37.575 -17.577 7.0438
v -38.187 -17.046 6.7706
v -37.066 -18.982 7.0121
v -37.606 -18.166 6.8299
v -37.763 -18.923 6.4145
v -36.647 -19.837 6.6397
v -37.068 -19.724 6.6911
v -37.073 -20.136 6.3321
v -40.524 -9.5289 4.9648
v -40.54 -9.3387 3.8842
v -40.935 -9.2144 3.9536
v -46.52 -18.575 -13.613
v -46.277 -19.005 -13.204
v -46.449 -18.58 -12.956
v -39.71 -8.1931 0.046496
v -39.894 -7.9356 -0.15256
v -39.986 -7.5595 0.047413
v -39.747 -13.387 6.6192
v -39.533 -12.984 6.853
v -40.241 -12.462 6.4846
v -39.71 -8.1931 0.046496
v -39.986 -7.5595 0.047413
v -39.876 -8.1078 0.4095
v -48.912 -11.826 -14.262
v -48.584 -12.765 -14.742
v -48.661 -12.579 -13.904
v -39.876 -8.1078 0.4095
v -39.986 -7.5595 0.047413
v -40.03 -7.8022 0.42322
v -40.03 -7.8022 0.42322
v -39.986 -7.5595 0.047413
v -40.211 -7.4366 0.32411
v -38.234 -11.737 0.93714
v -38.112 -12.706 0.7957
v -38.624 -11.95 0.46395
v -36.038 -18.332 0.55743
v -35.194 -19.097 1.0679
v -35.656 -19.203 0.45806
v -40.809 -9.0935 3.0498
v -40.54 -9.3387 3.8842
v -40.021 -9.3551 3.1305
v -38.88 -10.372 0.47443
v -38.623 -11.428 0.53849
v -38.994 -11.067 0.12752
v -36.425 -16.109 1.3422
v -36.048 -16.662 1.4355
v -36.948 -16.396 0.54516
v -34.871 -20.093 0.85816
v -34.82 -20.259 1.0086
v -34.983 -20.475 1.1945
v -40.533 -11.415 6.4803
v -40.496 -10.669 6.6102
v -40.955 -11.086 6.2115
v -36.976 -20.364 6.0736
v -36.647 -19.837 6.6397
v -37.073 -20.136 6.3321
v -34.983 -20.475 1.1945
v -34.797 -20.153 2.0741
v -35.517 -20.762 1.842
v -37.066 -18.982 7.0121
v -37.417 -19.684 6.3836
v -37.068 -19.724 6.6911
v -36.286 -19.764 5.9746
v -36.647 -19.837 6.6397
v -36.976 -20.364 6.0736
v -41.198 -9.849 6.183
v -40.496 -10.669 6.6102
v -40.378 -10.299 6.5891
v -36.238 -17.302 0.93363
v -36.948 -16.396 0.54516
v -36.048 -16.662 1.4355
v -39.261 -8.9778 0.38153
v -39.455 -9.5409 -0.089424
v -39.777 -9.1673 -0.46513
v -40.033 -11.779 6.7507
v -40.533 -11.415 6.4803
v -40.722 -11.981 6.2197
v -40.241 -12.462 6.4846
v -40.033 -11.779 6.7507
v -40.722 -11.981 6.2197
v -40.524 -9.5289 4.9648
v -40.935 -9.2144 3.9536
v -41.331 -9.1528 4.7099
v -40.211 -7.4366 0.32411
v -40.382 -6.9967 0.15149
v -40.373 -7.3364 0.43828
v -39.986 -7.5595 0.047413
v -40.382 -6.9967 0.15149
v -40.211 -7.4366 0.32411
v -41.331 -9.1528 4.7099
v -41.33 -9.1405 5.3667
v -40.524 -9.5289 4.9648
v -40.211 -7.4366 0.32411
v -40.329 -7.6262 0.59748
v -40.03 -7.8022 0.42322
v -40.496 -10.669 6.6102
v -41.198 -9.849 6.183
v -41.266 -10.539 6.0531
v -41.266 -10.539 6.0531
v -40.955 -11.086 6.2115
v -40.496 -10.669 6.6102
v -39.59 -8.8249 1.0535
v -39.9 -8.3227 0.65924
v -40.132 -8.8414 1.4622
v -44.482 -22.789 -14.195
v -44.902 -21.97 -13.532
v -45.064 -21.716 -13.749
v -39.316 -13.913 6.7837
v -39.747 -13.387 6.6192
v -40.024 -13.819 6.3112
v -38.623 -11.428 0.53849
v -38.234 -11.737 0.93714
v -38.624 -11.95 0.46395
v -47.005 -17.303 -13.327
v -47.451 -16.159 -13.448
v -47.182 -16.872 -13.74
v -37.713 -14.36 0.59153
v -37.931 -13.681 0.62187
v -37.598 -13.802 1.04
v -39.9 -8.3227 0.65924
v -39.876 -8.1078 0.4095
v -40.329 -7.6262 0.59748
v -37.085 -15.365 0.87091
v -37.504 -14.856 0.61842
v -37.005 -14.787 1.2349
v -38.13 -17.684 6.6104
v -38.187 -17.046 6.7706
v -38.547 -17.241 6.4041
v -36.976 -20.364 6.0736
v -36.817 -20.491 5.471
v -36.286 -19.764 5.9746
v -37.066 -18.982 7.0121
v -37.763 -18.923 6.4145
v -37.417 -19.684 6.3836
v -39.876 -8.1078 0.4095
v -40.03 -7.8022 0.42322
v -40.329 -7.6262 0.59748
v -36.913 -15.852 0.89562
v -36.425 -16.109 1.3422
v -36.948 -16.396 0.54516
v -37.417 -19.684 6.3836
v -37.073 -20.136 6.3321
v -37.068 -19.724 6.6911
v -36.948 -16.396 0.54516
v -36.238 -17.302 0.93363
v -36.48 -17.842 0.23678
v -36.038 -18.332 0.55743
v -36.48 -17.842 0.23678
v -36.238 -17.302 0.93363
v -38.624 -11.95 0.46395
v -38.112 -12.706 0.7957
v -38.553 -12.694 0.29712
v -40.211 -7.4366 0.32411
v -40.373 -7.3364 0.43828
v -40.329 -7.6262 0.59748
v -40.334 -7.08 -0.29657
v -39.986 -7.5595 0.047413
v -40.135 -7.6572 -0.35095
v -48.08 -14.579 -13.555
v -47.807 -15.209 -13.673
v -47.898 -14.79 -13.094
v -39.986 -7.5595 0.047413
v -39.894 -7.9356 -0.15256
v -40.135 -7.6572 -0.35095
v -36.111 -20.556 3.7904
v -35.929 -20.217 4.3154
v -36.593 -20.75 4.2857
v -45.705 -20.135 -12.757
v -46.02 -19.627 -13.378
v -45.778 -20.131 -13.586
v -39.199 -14.941 6.6495
v -39.316 -13.913 6.7837
v -39.545 -14.823 6.4061
v -35.079 -20.424 0.38529
v -34.871 -20.093 0.85816
v -34.983 -20.475 1.1945
v -36.515 -20.44 4.9418
v -36.593 -20.75 4.2857
v -35.929 -20.217 4.3154
v -40.475 -7.8412 0.92497
v -39.9 -8.3227 0.65924
v -40.329 -7.6262 0.59748
v -34.983 -20.475 1.1945
v -35.517 -20.762 1.842
v -35.308 -20.728 1.1211
v -38.187 -17.046 6.7706
v -38.241 -16.588 6.8393
v -38.796 -16.987 6.2966
v -40.021 -9.3551 3.1305
v -40.186 -9.1545 2.2942
v -40.809 -9.0935 3.0498
v -39.986 -7.5595 0.047413
v -40.334 -7.08 -0.29657
v -40.382 -6.9967 0.15149
v -35.39 -19.801 0.31311
v -34.871 -20.093 0.85816
v -35.079 -20.424 0.38529
v -40.048 -8.5838 -0.5635
v -39.894 -7.9356 -0.15256
v -39.71 -8.1931 0.046496
v -37.085 -15.365 0.87091
v -36.913 -15.852 0.89562
v -37.186 -16.011 0.40948
v -39.631 -8.5258 0.00011093
v -40.048 -8.5838 -0.5635
v -39.71 -8.1931 0.046496
v -36.948 -16.396 0.54516
v -37.186 -16.011 0.40948
v -36.913 -15.852 0.89562
v -48.08 -14.579 -13.555
v -48.252 -14.03 -13.248
v -48.506 -13.374 -13.927
v -40.942 -7.0452 0.54059
v -40.329 -7.6262 0.59748
v -40.373 -7.3364 0.43828
v -40.942 -7.0452 0.54059
v -40.373 -7.3364 0.43828
v -40.382 -6.9967 0.15149
v -48.347 -13.429 -13.011
v -48.506 -13.374 -13.927
v -48.252 -14.03 -13.248
v -40.334 -7.08 -0.29657
v -40.135 -7.6572 -0.35095
v -40.466 -7.3355 -0.62879
v -39.631 -8.5258 0.00011093
v -39.261 -8.9778 0.38153
v -39.777 -9.1673 -0.46513
v -40.135 -7.6572 -0.35095
v -39.894 -7.9356 -0.15256
v -40.334 -7.8446 -0.66045
v -39.096 -9.7139 0.30039
v -38.88 -10.372 0.47443
v -39.341 -10.334 -0.24427
v -35.715 -20.703 2.4194
v -35.613 -20.391 2.902
v -36.071 -20.959 2.9009
v -49.158 -9.5178 -16.223
v -48.846 -10.169 -16.532
v -49.078 -10.503 -15.746
v -40.475 -7.8412 0.92497
v -40.63 -8.2744 1.3281
v -39.9 -8.3227 0.65924
v -37.763 -18.923 6.4145
v -37.606 -18.166 6.8299
v -38.167 -18.327 6.2914
v -36.111 -20.556 3.7904
v -36.071 -20.959 2.9009
v -35.613 -20.391 2.902
v -47.807 -15.209 -13.673
v -47.606 -15.672 -13.068
v -47.898 -14.79 -13.094
v -39.9 -8.3227 0.65924
v -40.63 -8.2744 1.3281
v -40.132 -8.8414 1.4622
v -48.912 -11.826 -14.262
v -48.661 -12.579 -13.904
v -48.783 -11.917 -13.215
v -40.382 -6.9967 0.15149
v -40.681 -6.5599 -0.53017
v -40.891 -6.6363 -0.0030898
v -37.504 -14.856 0.61842
v -37.085 -15.365 0.87091
v -37.718 -15.217 0.15024
v -40.048 -8.5838 -0.5635
v -40.334 -7.8446 -0.66045
v -39.894 -7.9356 -0.15256
v -37.718 -15.217 0.15024
v -37.085 -15.365 0.87091
v -37.186 -16.011 0.40948
v -36.817 -20.491 5.471
v -36.961 -20.78 4.9813
v -36.515 -20.44 4.9418
v -38.845 -15.909 6.6597
v -39.199 -14.941 6.6495
v -39.527 -15.332 6.2796
v -38.241 -16.588 6.8393
v -38.845 -15.909 6.6597
v -38.796 -16.987 6.2966
v -36.976 -20.364 6.0736
v -37.073 -20.136 6.3321
v -37.304 -20.477 5.967
v -38.547 -17.241 6.4041
v -38.187 -17.046 6.7706
v -38.796 -16.987 6.2966
v -38.136 -13.23 0.60221
v -38.553 -12.694 0.29712
v -38.112 -12.706 0.7957
v -48.347 -13.429 -13.011
v -48.661 -12.579 -13.904
v -48.506 -13.374 -13.927
v -38.577 -17.751 6.1637
v -38.167 -18.327 6.2914
v -38.13 -17.684 6.6104
v -37.073 -20.136 6.3321
v -37.417 -19.684 6.3836
v -37.476 -20.264 6.0795
v -37.606 -18.166 6.8299
v -38.13 -17.684 6.6104
v -38.167 -18.327 6.2914
v -40.186 -9.1545 2.2942
v -40.792 -8.8192 2.394
v -40.809 -9.0935 3.0498
v -40.334 -7.08 -0.29657
v -40.681 -6.5599 -0.53017
v -40.382 -6.9967 0.15149
v -45.778 -20.131 -13.586
v -45.304 -21.153 -13.594
v -45.3 -21.029 -12.923
v -40.966 -9.6068 6.0109
v -41.33 -9.1405 5.3667
v -41.995 -9.3134 5.5632
v -41.198 -9.849 6.183
v -40.966 -9.6068 6.0109
v -41.995 -9.3134 5.5632
v -41.631 -10.001 5.8097
v -41.266 -10.539 6.0531
v -41.198 -9.849 6.183
v -35.188 -20.525 0.06174
v -35.39 -19.801 0.31311
v -35.079 -20.424 0.38529
v -46.02 -19.627 -13.378
v -46.098 -19.294 -12.829
v -46.144 -19.36 -13.372
v -41.175 -7.5982 1.2637
v -40.329 -7.6262 0.59748
v -40.942 -7.0452 0.54059
v -40.475 -7.8412 0.92497
v -40.329 -7.6262 0.59748
v -41.175 -7.5982 1.2637
v -40.935 -9.2144 3.9536
v -40.54 -9.3387 3.8842
v -40.809 -9.0935 3.0498
v -46.277 -19.005 -13.204
v -46.144 -19.36 -13.372
v -46.098 -19.294 -12.829
v -40.63 -8.2744 1.3281
v -40.878 -8.5341 1.8245
v -40.132 -8.8414 1.4622
v -39.096 -9.7139 0.30039
v -39.341 -10.334 -0.24427
v -39.455 -9.5409 -0.089424
v -39.341 -10.334 -0.24427
v -38.88 -10.372 0.47443
v -38.994 -11.067 0.12752
v -40.382 -6.9967 0.15149
v -40.891 -6.6363 -0.0030898
v -40.942 -7.0452 0.54059
v -47.451 -16.159 -13.448
v -47.005 -17.303 -13.327
v -47.187 -16.545 -12.529
v -40.048 -8.5838 -0.5635
v -39.631 -8.5258 0.00011093
v -39.777 -9.1673 -0.46513
v -44.902 -21.97 -13.532
v -44.482 -22.789 -14.195
v -44.558 -22.48 -13.144
v -40.186 -9.1545 2.2942
v -40.132 -8.8414 1.4622
v -40.792 -8.8192 2.394
v -38.796 -16.987 6.2966
v -38.845 -15.909 6.6597
v -39.443 -16.406 5.9089
v -34.983 -20.475 1.1945
v -35.338 -21.07 0.44579
v -35.079 -20.424 0.38529
v -35.308 -20.728 1.1211
v -35.338 -21.07 0.44579
v -34.983 -20.475 1.1945
v -36.071 -20.959 2.9009
v -36.111 -20.556 3.7904
v -36.413 -21.064 3.3776
v -39.747 -13.387 6.6192
v -40.241 -12.462 6.4846
v -40.53 -13.02 6.0901
v -37.304 -20.477 5.967
v -37.073 -20.136 6.3321
v -37.476 -20.264 6.0795
v -36.48 -17.842 0.23678
v -36.979 -17.036 0.10381
v -36.948 -16.396 0.54516
v -38.915 -12.171 -0.10637
v -38.623 -11.428 0.53849
v -38.624 -11.95 0.46395
v -43.843 -23.787 -15.131
v -43.35 -24.65 -14.578
v -44.024 -23.636 -14.227
v -40.53 -13.02 6.0901
v -40.241 -12.462 6.4846
v -40.722 -11.981 6.2197
v -47.451 -15.786 -12.486
v -47.451 -16.159 -13.448
v -47.187 -16.545 -12.529
v -41.331 -9.1528 4.7099
v -41.834 -8.7939 5.0903
v -41.33 -9.1405 5.3667
v -40.132 -8.8414 1.4622
v -40.878 -8.5341 1.8245
v -40.792 -8.8192 2.394
v -38.553 -12.694 0.29712
v -38.915 -12.171 -0.10637
v -38.624 -11.95 0.46395
v -47.187 -16.545 -12.529
v -47.005 -17.303 -13.327
v -46.969 -17.176 -12.742
v -39.824 -9.6946 -0.73428
v -39.777 -9.1673 -0.46513
v -39.455 -9.5409 -0.089424
v -36.817 -20.491 5.471
v -36.976 -20.364 6.0736
v -37.263 -20.692 5.7087
v -37.263 -20.692 5.7087
v -36.976 -20.364 6.0736
v -37.304 -20.477 5.967
v -38.553 -12.694 0.29712
v -38.136 -13.23 0.60221
v -38.55 -13.3 0.00089945
v -38.136 -13.23 0.60221
v -37.931 -13.681 0.62187
v -38.55 -13.3 0.00089945
v -39.545 -14.823 6.4061
v -39.316 -13.913 6.7837
v -40.024 -13.819 6.3112
v -35.308 -20.728 1.1211
v -35.517 -20.762 1.842
v -35.818 -21.281 1.2938
v -39.199 -14.941 6.6495
v -39.545 -14.823 6.4061
v -39.527 -15.332 6.2796
v -46.449 -18.58 -12.956
v -46.632 -18.02 -12.694
v -46.806 -17.917 -13.745
v -47.451 -15.786 -12.486
v -47.606 -15.672 -13.068
v -47.451 -16.159 -13.448
v -46.632 -18.02 -12.694
v -47.005 -17.303 -13.327
v -46.806 -17.917 -13.745
v -40.466 -7.3355 -0.62879
v -40.135 -7.6572 -0.35095
v -40.334 -7.8446 -0.66045
v -36.413 -21.064 3.3776
v -36.111 -20.556 3.7904
v -36.593 -20.75 4.2857
v -36.961 -20.78 4.9813
v -36.593 -20.75 4.2857
v -36.515 -20.44 4.9418
v -40.935 -9.2144 3.9536
v -40.809 -9.0935 3.0498
v -41.244 -8.771 2.9743
v -39.341 -10.334 -0.24427
v -38.994 -11.067 0.12752
v -39.196 -11.572 -0.34891
v -41.41 -8.8867 3.8644
v -40.935 -9.2144 3.9536
v -41.244 -8.771 2.9743
v -41.266 -10.539 6.0531
v -41.279 -11.33 5.785
v -40.955 -11.086 6.2115
v -40.891 -6.6363 -0.0030898
v -40.681 -6.5599 -0.53017
v -41.195 -6.1756 -0.53055
v -38.994 -11.067 0.12752
v -38.623 -11.428 0.53849
v -38.915 -12.171 -0.10637
v -36.979 -17.036 0.10381
v -37.195 -16.786 -0.032692
v -36.948 -16.396 0.54516
v -40.722 -11.981 6.2197
v -40.533 -11.415 6.4803
v -40.955 -11.086 6.2115
v -41.41 -8.8867 3.8644
v -41.331 -9.1528 4.7099
v -40.935 -9.2144 3.9536
v -43.184 -24.792 -15.094
v -43.479 -23.999 -15.524
v -42.76 -24.753 -15.89
v -39.578 -10.488 -0.5587
v -39.455 -9.5409 -0.089424
v -39.341 -10.334 -0.24427
v -40.63 -8.2744 1.3281
v -40.475 -7.8412 0.92497
v -41.175 -7.5982 1.2637
v -41.751 -8.7235 4.3031
v -41.834 -8.7939 5.0903
v -41.331 -9.1528 4.7099
v -40.53 -13.02 6.0901
v -40.024 -13.819 6.3112
v -39.747 -13.387 6.6192
v -45.429 -16.981 -17.221
v -46.175 -17.108 -16.736
v -46.123 -15.823 -17.282
v -35.39 -19.801 0.31311
v -35.188 -20.525 0.06174
v -35.679 -19.931 -0.16242
v -35.276 -21.015 -0.44697
v -35.188 -20.525 0.06174
v -35.249 -21.113 -0.099115
v -35.188 -20.525 0.06174
v -35.079 -20.424 0.38529
v -35.338 -21.07 0.44579
v -35.715 -20.703 2.4194
v -36.075 -21.197 2.0136
v -35.517 -20.762 1.842
v -38.547 -17.241 6.4041
v -38.577 -17.751 6.1637
v -38.13 -17.684 6.6104
v -48.846 -10.169 -16.532
v -49.158 -9.5178 -16.223
v -48.479 -8.9041 -17.349
v -47.921 -10.179 -17.518
v -47.226 -12.016 -17.649
v -48.166 -12.036 -16.745
v -37.186 -16.011 0.40948
v -37.862 -15.649 -0.24462
v -37.718 -15.217 0.15024
v -49.311 -10.156 -14.932
v -49.124 -11.094 -14.46
v -49.28 -9.9798 -13.592
v -41.484 -7.0611 0.87261
v -41.175 -7.5982 1.2637
v -40.942 -7.0452 0.54059
v -49.386 -8.4758 -16.337
v -49.158 -9.5178 -16.223
v -49.489 -9.3162 -15.262
v -37.195 -16.786 -0.032692
v -37.186 -16.011 0.40948
v -36.948 -16.396 0.54516
v -41.331 -9.1528 4.7099
v -41.41 -8.8867 3.8644
v -41.751 -8.7235 4.3031
v -40.792 -8.8192 2.394
v -41.244 -8.771 2.9743
v -40.809 -9.0935 3.0498
v -43.686 -23.132 -15.907
v -44.411 -21.35 -16.258
v -43.375 -22.239 -16.701
v -49.614 -8.236 -15.585
v -49.386 -8.4758 -16.337
v -49.489 -9.3162 -15.262
v -40.722 -11.981 6.2197
v -40.955 -11.086 6.2115
v -41.279 -11.33 5.785
v -44.44 -20.369 -16.785
v -43.375 -22.239 -16.701
v -44.411 -21.35 -16.258
v -38.915 -12.171 -0.10637
v -39.196 -11.572 -0.34891
v -38.994 -11.067 0.12752
v -36.979 -17.036 0.10381
v -36.48 -17.842 0.23678
v -36.917 -17.663 -0.20667
v -42.76 -24.753 -15.89
v -43.479 -23.999 -15.524
v -43.165 -23.278 -16.425
v -39.545 -14.823 6.4061
v -40.024 -13.819 6.3112
v -40.003 -14.562 6.0102
v -38.55 -13.3 0.00089945
v -37.931 -13.681 0.62187
v -38.443 -13.752 -0.094306
v -38.443 -13.752 -0.094306
v -37.713 -14.36 0.59153
v -38.095 -14.487 0.060868
v -37.713 -14.36 0.59153
v -38.443 -13.752 -0.094306
v -37.931 -13.681 0.62187
v -36.038 -18.332 0.55743
v -35.656 -19.203 0.45806
v -36.586 -18.765 -0.50744
v -38.845 -15.909 6.6597
v -39.527 -15.332 6.2796
v -39.901 -15.704 5.7386
v -37.504 -14.856 0.61842
v -38.095 -14.487 0.060868
v -37.713 -14.36 0.59153
v -39.443 -16.406 5.9089
v -38.845 -15.909 6.6597
v -39.901 -15.704 5.7386
v -36.48 -17.842 0.23678
v -36.038 -18.332 0.55743
v -36.496 -18.406 -0.14111
v -43.165 -23.278 -16.425
v -43.479 -23.999 -15.524
v -43.686 -23.132 -15.907
v -35.249 -21.113 -0.099115
v -35.188 -20.525 0.06174
v -35.338 -21.07 0.44579
v -43.184 -24.792 -15.094
v -42.76 -24.753 -15.89
v -43 -25.075 -14.937
v -43.375 -22.239 -16.701
v -43.165 -23.278 -16.425
v -43.686 -23.132 -15.907
v -35.656 -19.203 0.45806
v -35.679 -19.931 -0.16242
v -36.586 -18.765 -0.50744
v -35.39 -19.801 0.31311
v -35.679 -19.931 -0.16242
v -35.656 -19.203 0.45806
v -45.544 -18.896 -16.504
v -44.975 -18.455 -17.082
v -44.44 -20.369 -16.785
v -41.33 -9.1405 5.3667
v -41.834 -8.7939 5.0903
v -41.995 -9.3134 5.5632
v -41.146 -6.06 -0.96586
v -41.195 -6.1756 -0.53055
v -40.681 -6.5599 -0.53017
v -41.198 -9.849 6.183
v -41.995 -9.3134 5.5632
v -41.631 -10.001 5.8097
v -39.578 -10.488 -0.5587
v -39.824 -9.6946 -0.73428
v -39.455 -9.5409 -0.089424
v -37.718 -15.217 0.15024
v -38.095 -14.487 0.060868
v -37.504 -14.856 0.61842
v -49.123 -10.671 -13.804
v -49.124 -11.094 -14.46
v -48.912 -11.826 -14.262
v -40.63 -8.2744 1.3281
v -41.175 -7.5982 1.2637
v -41.425 -7.9567 1.7319
v -40.466 -7.3355 -0.62879
v -40.969 -7.4075 -1.3949
v -40.334 -7.08 -0.29657
v -40.048 -8.5838 -0.5635
v -40.449 -8.5113 -1.1553
v -40.334 -7.8446 -0.66045
v -40.878 -8.5341 1.8245
v -40.63 -8.2744 1.3281
v -41.425 -7.9567 1.7319
v -37.474 -21.093 5.2459
v -36.961 -20.78 4.9813
v -36.817 -20.491 5.471
v -35.818 -21.281 1.2938
v -35.338 -21.07 0.44579
v -35.308 -20.728 1.1211
v -46.632 -18.02 -12.694
v -46.969 -17.176 -12.742
v -47.005 -17.303 -13.327
v -39.196 -11.572 -0.34891
v -39.578 -10.488 -0.5587
v -39.341 -10.334 -0.24427
v -36.075 -21.197 2.0136
v -35.818 -21.281 1.2938
v -35.517 -20.762 1.842
v -40.53 -13.02 6.0901
v -40.624 -13.382 5.8069
v -40.024 -13.819 6.3112
v -37.763 -18.923 6.4145
v -38.167 -18.327 6.2914
v -38.401 -18.406 6.0284
v -38.796 -16.987 6.2966
v -39.443 -16.406 5.9089
v -39.184 -16.919 5.9041
v -37.263 -20.692 5.7087
v -37.304 -20.477 5.967
v -37.494 -20.692 5.7262
v -38.401 -18.406 6.0284
v -38.167 -18.327 6.2914
v -38.577 -17.751 6.1637
v -37.718 -15.217 0.15024
v -38.106 -14.868 -0.2416
v -38.095 -14.487 0.060868
v -35.338 -21.07 0.44579
v -35.522 -21.437 0.28819
v -35.249 -21.113 -0.099115
v -35.818 -21.281 1.2938
v -35.522 -21.437 0.28819
v -35.338 -21.07 0.44579
v -40.681 -6.5599 -0.53017
v -40.334 -7.08 -0.29657
v -40.969 -7.4075 -1.3949
v -41.16 -6.9328 -1.5315
v -40.681 -6.5599 -0.53017
v -40.969 -7.4075 -1.3949
v -40.792 -8.8192 2.394
v -40.878 -8.5341 1.8245
v -41.425 -7.9567 1.7319
v -41.244 -8.771 2.9743
v -41.618 -8.454 3.3776
v -41.41 -8.8867 3.8644
v -41.499 -8.234 2.4582
v -40.792 -8.8192 2.394
v -41.425 -7.9567 1.7319
v -48.783 -11.917 -13.215
v -48.661 -12.579 -13.904
v -48.568 -12.664 -13.158
v -37.195 -16.786 -0.032692
v -37.896 -15.974 -0.5705
v -37.186 -16.011 0.40948
v -41.41 -8.8867 3.8644
v -41.618 -8.454 3.3776
v -41.751 -8.7235 4.3031
v -36.071 -20.959 2.9009
v -36.075 -21.197 2.0136
v -35.715 -20.703 2.4194
v -40.792 -8.8192 2.394
v -41.499 -8.234 2.4582
v -41.244 -8.771 2.9743
v -41.195 -6.1756 -0.53055
v -41.759 -6.551 0.13519
v -40.891 -6.6363 -0.0030898
v -40.942 -7.0452 0.54059
v -40.891 -6.6363 -0.0030898
v -41.759 -6.551 0.13519
v -40.466 -7.3355 -0.62879
v -40.334 -7.8446 -0.66045
v -40.883 -7.9199 -1.4671
v -41.751 -8.7235 4.3031
v -42.24 -8.2512 4.4713
v -41.834 -8.7939 5.0903
v -38.796 -16.987 6.2966
v -38.898 -17.594 5.9111
v -38.547 -17.241 6.4041
v -38.577 -17.751 6.1637
v -38.547 -17.241 6.4041
v -38.898 -17.594 5.9111
v -36.038 -18.332 0.55743
v -36.586 -18.765 -0.50744
v -36.496 -18.406 -0.14111
v -41.694 -10.693 5.5217
v -41.266 -10.539 6.0531
v -41.631 -10.001 5.8097
v -48.347 -13.429 -13.011
v -48.568 -12.664 -13.158
v -48.661 -12.579 -13.904
v -40.048 -8.5838 -0.5635
v -39.777 -9.1673 -0.46513
v -40.288 -9.2856 -1.2074
v -37.476 -20.264 6.0795
v -37.417 -19.684 6.3836
v -38.025 -19.882 5.7313
v -38.915 -12.171 -0.10637
v -38.553 -12.694 0.29712
v -38.893 -12.907 -0.40447
v -38.553 -12.694 0.29712
v -38.55 -13.3 0.00089945
v -38.893 -12.907 -0.40447
v -35.249 -21.113 -0.099115
v -35.273 -21.294 -0.46721
v -35.276 -21.015 -0.44697
v -37.304 -20.477 5.967
v -37.476 -20.264 6.0795
v -37.494 -20.692 5.7262
v -37.263 -20.692 5.7087
v -37.474 -21.093 5.2459
v -36.817 -20.491 5.471
v -45.705 -20.135 -12.757
v -46.098 -19.294 -12.829
v -46.02 -19.627 -13.378
v -40.681 -6.5599 -0.53017
v -41.107 -6.4758 -1.2796
v -41.146 -6.06 -0.96586
v -41.107 -6.4758 -1.2796
v -40.681 -6.5599 -0.53017
v -41.16 -6.9328 -1.5315
v -41.834 -8.7939 5.0903
v -42.335 -8.8639 5.1629
v -41.995 -9.3134 5.5632
v -35.933 -20.245 -0.75839
v -35.679 -19.931 -0.16242
v -35.188 -20.525 0.06174
v -35.188 -20.525 0.06174
v -35.276 -21.015 -0.44697
v -35.933 -20.245 -0.75839
v -41.499 -8.234 2.4582
v -41.618 -8.454 3.3776
v -41.244 -8.771 2.9743
v -39.578 -10.488 -0.5587
v -39.196 -11.572 -0.34891
v -39.631 -11.108 -0.93001
v -41.751 -8.7235 4.3031
v -41.618 -8.454 3.3776
v -42.043 -8.2314 3.6665
v -40.969 -7.4075 -1.3949
v -40.466 -7.3355 -0.62879
v -40.883 -7.9199 -1.4671
v -40.53 -13.02 6.0901
v -40.722 -11.981 6.2197
v -41.301 -12.278 5.4672
v -40.948 -12.97 5.6288
v -40.53 -13.02 6.0901
v -41.301 -12.278 5.4672
v -39.196 -11.572 -0.34891
v -38.915 -12.171 -0.10637
v -39.064 -12.256 -0.43395
v -40.624 -13.382 5.8069
v -40.612 -14.123 5.5747
v -40.024 -13.819 6.3112
v -48.252 -14.03 -13.248
v -48.08 -14.579 -13.555
v -47.898 -14.79 -13.094
v -40.003 -14.562 6.0102
v -40.024 -13.819 6.3112
v -40.612 -14.123 5.5747
v -45.705 -20.135 -12.757
v -45.778 -20.131 -13.586
v -45.3 -21.029 -12.923
v -39.545 -14.823 6.4061
v -40.208 -14.946 5.6731
v -39.527 -15.332 6.2796
v -36.071 -20.959 2.9009
v -36.281 -21.276 2.3967
v -36.075 -21.197 2.0136
v -44.482 -22.789 -14.195
v -44.024 -23.636 -14.227
v -44.159 -23.233 -13.403
v -36.281 -21.276 2.3967
v -36.071 -20.959 2.9009
v -36.413 -21.064 3.3776
v -37.763 -18.923 6.4145
v -38.401 -18.406 6.0284
v -38.215 -19.228 5.8801
v -37.417 -19.684 6.3836
v -37.763 -18.923 6.4145
v -38.215 -19.228 5.8801
v -38.025 -19.882 5.7313
v -37.417 -19.684 6.3836
v -38.215 -19.228 5.8801
v -36.961 -20.78 4.9813
v -37.185 -21.27 4.348
v -36.593 -20.75 4.2857
v -41.279 -11.33 5.785
v -41.266 -10.539 6.0531
v -41.694 -10.693 5.5217
v -45.304 -21.153 -13.594
v -45.064 -21.716 -13.749
v -45.3 -21.029 -12.923
v -44.558 -22.48 -13.144
v -44.482 -22.789 -14.195
v -44.159 -23.233 -13.403
v -40.288 -9.2856 -1.2074
v -39.777 -9.1673 -0.46513
v -39.824 -9.6946 -0.73428
v -41.278 -5.9076 -1.3867
v -41.608 -5.6844 -1.131
v -41.146 -6.06 -0.96586
v -41.195 -6.1756 -0.53055
v -41.146 -6.06 -0.96586
v -41.608 -5.6844 -1.131
v -42.179 -10.023 5.2336
v -41.631 -10.001 5.8097
v -41.995 -9.3134 5.5632
v -41.751 -8.7235 4.3031
v -42.043 -8.2314 3.6665
v -42.24 -8.2512 4.4713
v -39.824 -9.6946 -0.73428
v -39.578 -10.488 -0.5587
v -39.821 -10.23 -0.86678
v -46.277 -19.005 -13.204
v -46.098 -19.294 -12.829
v -46.449 -18.58 -12.956
v -40.449 -8.5113 -1.1553
v -40.883 -7.9199 -1.4671
v -40.334 -7.8446 -0.66045
v -38.915 -12.171 -0.10637
v -38.893 -12.907 -0.40447
v -39.064 -12.256 -0.43395
v -41.759 -6.551 0.13519
v -41.195 -6.1756 -0.53055
v -41.909 -6.0474 -0.50141
v -41.499 -8.234 2.4582
v -41.425 -7.9567 1.7319
v -41.902 -7.7841 2.2197
v -40.048 -8.5838 -0.5635
v -40.288 -9.2856 -1.2074
v -40.449 -8.5113 -1.1553
v -41.301 -12.278 5.4672
v -40.722 -11.981 6.2197
v -41.279 -11.33 5.785
v -38.215 -19.228 5.8801
v -38.401 -18.406 6.0284
v -38.548 -18.571 5.8534
v -40.624 -13.382 5.8069
v -40.53 -13.02 6.0901
v -40.948 -12.97 5.6288
v -38.401 -18.406 6.0284
v -38.577 -17.751 6.1637
v -38.835 -18.003 5.811
v -35.249 -21.113 -0.099115
v -35.522 -21.437 0.28819
v -35.273 -21.294 -0.46721
v -37.474 -21.093 5.2459
v -37.263 -20.692 5.7087
v -37.494 -20.692 5.7262
v -43.35 -24.65 -14.578
v -43.466 -24.481 -13.586
v -44.024 -23.636 -14.227
v -37.185 -21.27 4.348
v -36.961 -20.78 4.9813
v -37.474 -21.093 5.2459
v -40.003 -14.562 6.0102
v -40.208 -14.946 5.6731
v -39.545 -14.823 6.4061
v -40.208 -14.946 5.6731
v -39.901 -15.704 5.7386
v -39.527 -15.332 6.2796
v -41.146 -6.06 -0.96586
v -41.107 -6.4758 -1.2796
v -41.278 -5.9076 -1.3867
v -44.024 -23.636 -14.227
v -43.466 -24.481 -13.586
v -43.801 -23.89 -13.495
v -35.522 -21.437 0.28819
v -35.44 -21.707 -0.58278
v -35.273 -21.294 -0.46721
v -42.207 -7.8784 3.1491
v -41.618 -8.454 3.3776
v -41.499 -8.234 2.4582
v -41.618 -8.454 3.3776
v -42.207 -7.8784 3.1491
v -42.043 -8.2314 3.6665
v -37.862 -15.649 -0.24462
v -37.186 -16.011 0.40948
v -37.896 -15.974 -0.5705
v -41.793 -7.5239 1.6038
v -41.175 -7.5982 1.2637
v -41.484 -7.0611 0.87261
v -38.443 -13.752 -0.094306
v -38.095 -14.487 0.060868
v -38.523 -14.226 -0.45828
v -41.793 -7.5239 1.6038
v -41.425 -7.9567 1.7319
v -41.175 -7.5982 1.2637
v -36.281 -21.276 2.3967
v -36.413 -21.064 3.3776
v -36.661 -21.464 2.8766
v -38.106 -14.868 -0.2416
v -38.523 -14.226 -0.45828
v -38.095 -14.487 0.060868
v -43 -25.075 -14.937
v -43.35 -24.65 -14.578
v -43.184 -24.792 -15.094
v -36.413 -21.064 3.3776
v -36.593 -20.75 4.2857
v -37.239 -21.392 3.7894
v -37.185 -21.27 4.348
v -37.239 -21.392 3.7894
v -36.593 -20.75 4.2857
v -46.098 -19.294 -12.829
v -45.705 -20.135 -12.757
v -45.859 -19.526 -12.181
v -36.586 -18.765 -0.50744
v -35.679 -19.931 -0.16242
v -36.277 -19.618 -0.67775
v -38.577 -17.751 6.1637
v -38.898 -17.594 5.9111
v -38.835 -18.003 5.811
v -39.184 -16.919 5.9041
v -38.898 -17.594 5.9111
v -38.796 -16.987 6.2966
v -44.902 -21.97 -13.532
v -45.3 -21.029 -12.923
v -45.064 -21.716 -13.749
v -38.835 -18.003 5.811
v -38.548 -18.571 5.8534
v -38.401 -18.406 6.0284
v -37.494 -20.692 5.7262
v -37.476 -20.264 6.0795
v -37.93 -20.692 5.4384
v -37.718 -15.217 0.15024
v -37.862 -15.649 -0.24462
v -38.106 -14.868 -0.2416
v -41.279 -11.33 5.785
v -41.694 -10.693 5.5217
v -41.702 -11.415 5.3461
v -39.184 -16.919 5.9041
v -39.256 -17.49 5.6652
v -38.898 -17.594 5.9111
v -39.256 -17.49 5.6652
v -39.082 -17.734 5.6795
v -38.898 -17.594 5.9111
v -42.589 -7.732 4.247
v -42.24 -8.2512 4.4713
v -42.043 -8.2314 3.6665
v -37.896 -15.974 -0.5705
v -37.195 -16.786 -0.032692
v -37.647 -16.763 -0.65134
v -37.301 -17.222 -0.42406
v -37.647 -16.763 -0.65134
v -37.195 -16.786 -0.032692
v -49.28 -9.9798 -13.592
v -49.124 -11.094 -14.46
v -49.123 -10.671 -13.804
v -39.631 -11.108 -0.93001
v -39.196 -11.572 -0.34891
v -39.648 -11.43 -1.1123
v -37.195 -16.786 -0.032692
v -36.979 -17.036 0.10381
v -37.301 -17.222 -0.42406
v -35.522 -21.437 0.28819
v -35.818 -21.281 1.2938
v -36.003 -21.659 0.76265
v -39.273 -12.417 -0.81738
v -39.196 -11.572 -0.34891
v -39.064 -12.256 -0.43395
v -36.496 -18.406 -0.14111
v -36.917 -17.663 -0.20667
v -36.48 -17.842 0.23678
v -41.484 -7.0611 0.87261
v -40.942 -7.0452 0.54059
v -41.759 -6.551 0.13519
v -35.818 -21.281 1.2938
v -36.075 -21.197 2.0136
v -36.55 -21.533 2.0597
v -35.933 -20.245 -0.75839
v -36.277 -19.618 -0.67775
v -35.679 -19.931 -0.16242
v -38.215 -19.228 5.8801
v -38.548 -18.571 5.8534
v -38.663 -18.986 5.5676
v -46.449 -18.58 -12.956
v -46.098 -19.294 -12.829
v -46.163 -18.961 -12.286
v -35.632 -21.124 -1.0756
v -35.276 -21.015 -0.44697
v -35.273 -21.294 -0.46721
v -37.239 -21.392 3.7894
v -36.661 -21.464 2.8766
v -36.413 -21.064 3.3776
v -38.025 -19.882 5.7313
v -37.93 -20.692 5.4384
v -37.476 -20.264 6.0795
v -37.474 -21.093 5.2459
v -37.494 -20.692 5.7262
v -37.675 -20.915 5.4414
v -41.902 -7.7841 2.2197
v -41.425 -7.9567 1.7319
v -41.793 -7.5239 1.6038
v -41.499 -8.234 2.4582
v -41.902 -7.7841 2.2197
v -42.207 -7.8784 3.1491
v -41.834 -8.7939 5.0903
v -42.24 -8.2512 4.4713
v -42.335 -8.8639 5.1629
v -41.608 -5.6844 -1.131
v -41.278 -5.9076 -1.3867
v -41.559 -5.573 -1.4468
v -47.898 -14.79 -13.094
v -47.606 -15.672 -13.068
v -47.758 -14.933 -12.577
v -41.559 -5.573 -1.4468
v -41.278 -5.9076 -1.3867
v -41.515 -6.1948 -1.9032
v -38.106 -14.868 -0.2416
v -37.862 -15.649 -0.24462
v -38.413 -14.891 -0.67874
v -42.384 -7.8245 3.6398
v -42.043 -8.2314 3.6665
v -42.207 -7.8784 3.1491
v -41.278 -5.9076 -1.3867
v -41.107 -6.4758 -1.2796
v -41.515 -6.1948 -1.9032
v -38.835 -18.003 5.811
v -38.898 -17.594 5.9111
v -39.082 -17.734 5.6795
v -41.195 -6.1756 -0.53055
v -41.608 -5.6844 -1.131
v -41.909 -6.0474 -0.50141
v -41.16 -6.9328 -1.5315
v -41.515 -6.1948 -1.9032
v -41.107 -6.4758 -1.2796
v -42.589 -7.732 4.247
v -42.043 -8.2314 3.6665
v -42.384 -7.8245 3.6398
v -36.979 -17.036 0.10381
v -36.917 -17.663 -0.20667
v -37.301 -17.222 -0.42406
v -42.186 -6.9346 1.0299
v -41.793 -7.5239 1.6038
v -41.484 -7.0611 0.87261
v -38.025 -19.882 5.7313
v -38.215 -19.228 5.8801
v -38.633 -19.549 5.3059
v -46.314 -18.585 -12.378
v -46.632 -18.02 -12.694
v -46.449 -18.58 -12.956
v -37.675 -20.915 5.4414
v -37.494 -20.692 5.7262
v -37.93 -20.692 5.4384
v -40.612 -14.123 5.5747
v -40.208 -14.946 5.6731
v -40.003 -14.562 6.0102
v -42.325 -24.53 -16.441
v -42.76 -24.753 -15.89
v -43.165 -23.278 -16.425
v -38.893 -12.907 -0.40447
v -38.55 -13.3 0.00089945
v -38.883 -13.529 -0.60275
v -38.883 -13.529 -0.60275
v -38.55 -13.3 0.00089945
v -38.443 -13.752 -0.094306
v -38.443 -13.752 -0.094306
v -38.523 -14.226 -0.45828
v -38.883 -13.529 -0.60275
v -39.821 -10.23 -0.86678
v -39.578 -10.488 -0.5587
v -39.631 -11.108 -0.93001
v -47.226 -12.016 -17.649
v -46.6 -12.579 -17.697
v -47.737 -12.942 -17.166
v -42.057 -5.2052 -1.5168
v -41.559 -5.573 -1.4468
v -41.717 -5.3887 -1.7916
v -41.559 -5.573 -1.4468
v -42.057 -5.2052 -1.5168
v -41.608 -5.6844 -1.131
v -41.301 -12.278 5.4672
v -41.279 -11.33 5.785
v -41.702 -11.415 5.3461
v -42.636 -25.491 -15.137
v -42.76 -24.753 -15.89
v -42.131 -25.214 -16.175
v -39.196 -11.572 -0.34891
v -39.273 -12.417 -0.81738
v -39.632 -11.881 -1.2588
v -40.948 -12.97 5.6288
v -41.301 -12.278 5.4672
v -41.35 -12.968 5.2032
v -38.883 -13.529 -0.60275
v -39.195 -13.165 -0.96757
v -38.893 -12.907 -0.40447
v -49.614 -8.236 -15.585
v -49.489 -9.3162 -15.262
v -49.776 -7.7161 -14.523
v -42.404 -7.49 2.427
v -42.207 -7.8784 3.1491
v -41.902 -7.7841 2.2197
v -49.158 -9.5178 -16.223
v -49.386 -8.4758 -16.337
v -48.479 -8.9041 -17.349
v -39.064 -12.256 -0.43395
v -38.893 -12.907 -0.40447
v -39.273 -12.417 -0.81738
v -38.106 -14.868 -0.2416
v -38.413 -14.891 -0.67874
v -38.523 -14.226 -0.45828
v -36.281 -21.276 2.3967
v -36.661 -21.464 2.8766
v -36.55 -21.533 2.0597
v -44.44 -20.369 -16.785
v -44.975 -18.455 -17.082
v -44.196 -19.086 -17.176
v -36.04 -20.822 -1.45
v -35.933 -20.245 -0.75839
v -35.632 -21.124 -1.0756
v -36.281 -21.276 2.3967
v -36.55 -21.533 2.0597
v -36.075 -21.197 2.0136
v -41.759 -6.551 0.13519
v -41.909 -6.0474 -0.50141
v -42.304 -6.2097 -0.062209
v -38.663 -18.986 5.5676
v -38.633 -19.549 5.3059
v -38.215 -19.228 5.8801
v -41.694 -10.693 5.5217
v -41.631 -10.001 5.8097
v -42.179 -10.023 5.2336
v -39.824 -9.6946 -0.73428
v -39.821 -10.23 -0.86678
v -39.995 -10.571 -1.3098
v -40.288 -9.2856 -1.2074
v -39.824 -9.6946 -0.73428
v -40.503 -9.6807 -1.6511
v -41.559 -5.573 -1.4468
v -41.515 -6.1948 -1.9032
v -41.717 -5.3887 -1.7916
v -35.276 -21.015 -0.44697
v -35.632 -21.124 -1.0756
v -35.933 -20.245 -0.75839
v -42.24 -8.2512 4.4713
v -42.589 -7.732 4.247
v -42.744 -8.5433 4.8202
v -35.493 -21.822 -1.295
v -35.273 -21.294 -0.46721
v -35.44 -21.707 -0.58278
v -42.24 -8.2512 4.4713
v -42.744 -8.5433 4.8202
v -42.335 -8.8639 5.1629
v -36.917 -17.663 -0.20667
v -36.496 -18.406 -0.14111
v -37.168 -18.142 -0.90356
v -37.168 -18.142 -0.90356
v -36.496 -18.406 -0.14111
v -36.586 -18.765 -0.50744
v -48.479 -8.9041 -17.349
v -47.921 -10.179 -17.518
v -48.846 -10.169 -16.532
v -41.87 -5.1194 -2.1229
v -42.1 -4.9587 -1.8688
v -41.717 -5.3887 -1.7916
v -42.1 -4.9587 -1.8688
v -42.057 -5.2052 -1.5168
v -41.717 -5.3887 -1.7916
v -39.995 -10.571 -1.3098
v -40.503 -9.6807 -1.6511
v -39.824 -9.6946 -0.73428
v -39.631 -11.108 -0.93001
v -39.995 -10.571 -1.3098
v -39.821 -10.23 -0.86678
v -49.28 -9.9798 -13.592
v -49.516 -8.6859 -13.212
v -49.311 -10.156 -14.932
v -39.377 -12.628 -1.0678
v -39.273 -12.417 -0.81738
v -38.893 -12.907 -0.40447
v -49.123 -10.671 -13.804
v -48.912 -11.826 -14.262
v -49.091 -10.581 -13.203
v -41.717 -5.3887 -1.7916
v -41.515 -6.1948 -1.9032
v -41.83 -5.4593 -2.2361
v -41.995 -9.3134 5.5632
v -42.335 -8.8639 5.1629
v -42.557 -9.0997 5.0487
v -42.179 -10.023 5.2336
v -41.995 -9.3134 5.5632
v -42.557 -9.0997 5.0487
v -37.301 -17.222 -0.42406
v -37.168 -18.142 -0.90356
v -37.33 -17.709 -0.90891
v -42.057 -5.2052 -1.5168
v -42.508 -5.4749 -0.95347
v -41.608 -5.6844 -1.131
v -49.614 -8.236 -15.585
v -49.733 -7.4751 -15.74
v -49.386 -8.4758 -16.337
v -49.311 -10.156 -14.932
v -49.516 -8.6859 -13.212
v -49.489 -9.3162 -15.262
v -41.793 -7.5239 1.6038
v -42.523 -7.1205 1.7873
v -41.902 -7.7841 2.2197
v -37.168 -18.142 -0.90356
v -37.301 -17.222 -0.42406
v -36.917 -17.663 -0.20667
v -42.404 -7.49 2.427
v -41.902 -7.7841 2.2197
v -42.523 -7.1205 1.7873
v -36.277 -19.618 -0.67775
v -35.933 -20.245 -0.75839
v -36.512 -19.831 -1.3578
v -40.612 -14.123 5.5747
v -40.624 -13.382 5.8069
v -40.959 -13.719 5.3915
v -38.835 -18.003 5.811
v -39.082 -17.734 5.6795
v -39.517 -17.911 5.2138
v -39.517 -17.911 5.2138
v -39.134 -18.415 5.365
v -38.835 -18.003 5.811
v -41.702 -11.415 5.3461
v -41.694 -10.693 5.5217
v -42.073 -10.889 5.1072
v -38.548 -18.571 5.8534
v -38.835 -18.003 5.811
v -39.134 -18.415 5.365
v -39.134 -18.415 5.365
v -38.663 -18.986 5.5676
v -38.548 -18.571 5.8534
v -41.759 -6.551 0.13519
v -42.186 -6.9346 1.0299
v -41.484 -7.0611 0.87261
v -37.474 -21.093 5.2459
v -37.693 -21.566 4.5586
v -37.185 -21.27 4.348
v -44.878 -21.72 -12.444
v -44.902 -21.97 -13.532
v -44.558 -22.48 -13.144
v -40.666 -8.8126 -1.542
v -40.449 -8.5113 -1.1553
v -40.288 -9.2856 -1.2074
v -42.186 -6.9346 1.0299
v -42.523 -7.1205 1.7873
v -41.793 -7.5239 1.6038
v -41.87 -5.1194 -2.1229
v -41.717 -5.3887 -1.7916
v -41.83 -5.4593 -2.2361
v -38.413 -14.891 -0.67874
v -37.862 -15.649 -0.24462
v -38.378 -15.45 -0.96334
v -45.3 -21.029 -12.923
v -44.902 -21.97 -13.532
v -44.878 -21.72 -12.444
v -38.378 -15.45 -0.96334
v -37.862 -15.649 -0.24462
v -37.896 -15.974 -0.5705
v -42.384 -7.8245 3.6398
v -43.03 -7.4511 3.8373
v -42.589 -7.732 4.247
v -43.03 -7.4511 3.8373
v -42.384 -7.8245 3.6398
v -42.207 -7.8784 3.1491
v -37.937 -21.212 5.071
v -37.474 -21.093 5.2459
v -37.675 -20.915 5.4414
v -39.648 -11.43 -1.1123
v -39.196 -11.572 -0.34891
v -39.632 -11.881 -1.2588
v -35.44 -21.707 -0.58278
v -35.522 -21.437 0.28819
v -35.982 -22.021 -0.25218
v -36.619 -19.303 -0.93945
v -36.586 -18.765 -0.50744
v -36.277 -19.618 -0.67775
v -41.694 -10.693 5.5217
v -42.179 -10.023 5.2336
v -42.073 -10.889 5.1072
v -47.758 -14.933 -12.577
v -47.606 -15.672 -13.068
v -47.451 -15.786 -12.486
v -38.883 -13.529 -0.60275
v -38.523 -14.226 -0.45828
v -38.913 -13.977 -0.95455
v -36.003 -21.659 0.76265
v -35.818 -21.281 1.2938
v -36.648 -21.924 1.6434
v -40.948 -12.97 5.6288
v -40.959 -13.719 5.3915
v -40.624 -13.382 5.8069
v -46.163 -18.961 -12.286
v -46.098 -19.294 -12.829
v -45.859 -19.526 -12.181
v -39.256 -17.49 5.6652
v -39.184 -16.919 5.9041
v -39.557 -17.334 5.3984
v -38.025 -19.882 5.7313
v -38.633 -19.549 5.3059
v -38.396 -20.165 5.2193
v -39.443 -16.406 5.9089
v -39.557 -17.334 5.3984
v -39.184 -16.919 5.9041
v -48.252 -14.03 -13.248
v -48.006 -14.164 -12.484
v -48.347 -13.429 -13.011
v -46.449 -18.58 -12.956
v -46.163 -18.961 -12.286
v -46.314 -18.585 -12.378
v -35.632 -21.124 -1.0756
v -35.273 -21.294 -0.46721
v -35.643 -21.731 -1.6121
v -35.493 -21.822 -1.295
v -35.643 -21.731 -1.6121
v -35.273 -21.294 -0.46721
v -42.557 -9.0997 5.0487
v -42.335 -8.8639 5.1629
v -42.744 -8.5433 4.8202
v -42.1 -4.9587 -1.8688
v -41.87 -5.1194 -2.1229
v -42.142 -4.6333 -2.3883
v -40.208 -14.946 5.6731
v -40.579 -15.176 5.2344
v -39.901 -15.704 5.7386
v -37.675 -21.777 4.0259
v -37.185 -21.27 4.348
v -37.693 -21.566 4.5586
v -44.024 -23.636 -14.227
v -43.801 -23.89 -13.495
v -44.159 -23.233 -13.403
v -37.675 -20.915 5.4414
v -37.93 -20.692 5.4384
v -37.937 -21.212 5.071
v -39.443 -16.406 5.9089
v -39.901 -15.704 5.7386
v -40.209 -16.091 5.248
v -37.647 -16.763 -0.65134
v -37.301 -17.222 -0.42406
v -37.33 -17.709 -0.90891
v -39.082 -17.734 5.6795
v -39.256 -17.49 5.6652
v -39.517 -17.911 5.2138
v -35.522 -21.437 0.28819
v -36.003 -21.659 0.76265
v -36.339 -22.093 0.45247
v -36.648 -21.924 1.6434
v -35.818 -21.281 1.2938
v -36.55 -21.533 2.0597
v -39.195 -13.165 -0.96757
v -39.377 -12.628 -1.0678
v -38.893 -12.907 -0.40447
v -40.959 -13.719 5.3915
v -40.948 -12.97 5.6288
v -41.35 -12.968 5.2032
v -37.11 -21.888 2.5143
v -36.661 -21.464 2.8766
v -37.226 -21.658 3.2535
v -47.113 -13.495 -17.268
v -47.737 -12.942 -17.166
v -46.6 -12.579 -17.697
v -37.239 -21.392 3.7894
v -37.226 -21.658 3.2535
v -36.661 -21.464 2.8766
v -36.619 -19.303 -0.93945
v -36.277 -19.618 -0.67775
v -36.512 -19.831 -1.3578
v -38.396 -20.165 5.2193
v -37.93 -20.692 5.4384
v -38.025 -19.882 5.7313
v -41.909 -6.0474 -0.50141
v -41.608 -5.6844 -1.131
v -42.508 -5.4749 -0.95347
v -40.883 -7.9199 -1.4671
v -40.449 -8.5113 -1.1553
v -40.666 -8.8126 -1.542
v -44.558 -22.48 -13.144
v -44.159 -23.233 -13.403
v -44.31 -22.818 -12.684
v -41.16 -6.9328 -1.5315
v -40.969 -7.4075 -1.3949
v -41.392 -7.2179 -2.0315
v -48.006 -14.164 -12.484
v -47.898 -14.79 -13.094
v -47.758 -14.933 -12.577
v -42.207 -7.8784 3.1491
v -42.404 -7.49 2.427
v -42.884 -7.3669 2.9171
v -43.03 -7.4511 3.8373
v -42.207 -7.8784 3.1491
v -42.884 -7.3669 2.9171
v -36.04 -20.822 -1.45
v -36.512 -19.831 -1.3578
v -35.933 -20.245 -0.75839
v -41.87 -5.1194 -2.1229
v -42.14 -4.7276 -2.6384
v -42.142 -4.6333 -2.3883
v -43.35 -24.65 -14.578
v -43 -25.075 -14.937
v -42.945 -25.287 -14.269
v -42.508 -5.4749 -0.95347
v -42.673 -5.8111 -0.3728
v -41.909 -6.0474 -0.50141
v -42.081 -5.3646 -2.6418
v -41.87 -5.1194 -2.1229
v -41.83 -5.4593 -2.2361
v -43 -25.075 -14.937
v -42.662 -25.61 -14.742
v -42.945 -25.287 -14.269
v -42.304 -6.2097 -0.062209
v -41.909 -6.0474 -0.50141
v -42.673 -5.8111 -0.3728
v -36.55 -21.533 2.0597
v -36.661 -21.464 2.8766
v -37.11 -21.888 2.5143
v -36.339 -22.093 0.45247
v -35.982 -22.021 -0.25218
v -35.522 -21.437 0.28819
v -42.1 -4.9587 -1.8688
v -42.671 -5.1225 -1.3575
v -42.057 -5.2052 -1.5168
v -40.883 -7.9199 -1.4671
v -41.392 -7.2179 -2.0315
v -40.969 -7.4075 -1.3949
v -36.615 -22.154 1.0852
v -36.003 -21.659 0.76265
v -36.648 -21.924 1.6434
v -39.901 -15.704 5.7386
v -40.579 -15.176 5.2344
v -40.209 -16.091 5.248
v -46.632 -18.02 -12.694
v -46.618 -17.757 -12.207
v -46.969 -17.176 -12.742
v -40.771 -14.601 5.2867
v -40.208 -14.946 5.6731
v -40.612 -14.123 5.5747
v -40.666 -8.8126 -1.542
v -40.288 -9.2856 -1.2074
v -40.503 -9.6807 -1.6511
v -39.557 -17.334 5.3984
v -39.443 -16.406 5.9089
v -39.74 -16.985 5.3739
v -42.186 -6.9346 1.0299
v -41.759 -6.551 0.13519
v -42.757 -6.5638 0.67786
v -48.252 -14.03 -13.248
v -47.898 -14.79 -13.094
v -48.006 -14.164 -12.484
v -42.179 -10.023 5.2336
v -42.557 -9.0997 5.0487
v -42.796 -9.5404 4.6625
v -39.648 -11.43 -1.1123
v -40.077 -11.257 -1.699
v -39.631 -11.108 -0.93001
v -42.76 -24.753 -15.89
v -42.636 -25.491 -15.137
v -43 -25.075 -14.937
v -38.913 -13.977 -0.95455
v -38.523 -14.226 -0.45828
v -38.883 -14.523 -1.0793
v -39.632 -11.881 -1.2588
v -39.273 -12.417 -0.81738
v -39.377 -12.628 -1.0678
v -38.523 -14.226 -0.45828
v -38.413 -14.891 -0.67874
v -38.883 -14.523 -1.0793
v -40.077 -11.257 -1.699
v -39.995 -10.571 -1.3098
v -39.631 -11.108 -0.93001
v -37.647 -16.763 -0.65134
v -38.205 -15.94 -1.0116
v -37.896 -15.974 -0.5705
v -36.586 -18.765 -0.50744
v -36.619 -19.303 -0.93945
v -36.917 -19.026 -1.198
v -42.744 -8.5433 4.8202
v -42.589 -7.732 4.247
v -43.245 -7.8168 4.2454
v -42.142 -4.6333 -2.3883
v -42.636 -4.6219 -2.0274
v -42.1 -4.9587 -1.8688
v -42.081 -5.3646 -2.6418
v -41.83 -5.4593 -2.2361
v -41.94 -6.0892 -2.5827
v -41.94 -6.0892 -2.5827
v -41.83 -5.4593 -2.2361
v -41.515 -6.1948 -1.9032
v -42.14 -4.7276 -2.6384
v -41.87 -5.1194 -2.1229
v -42.081 -5.3646 -2.6418
v -41.16 -6.9328 -1.5315
v -41.722 -6.5655 -2.3764
v -41.515 -6.1948 -1.9032
v -43.35 -24.65 -14.578
v -42.945 -25.287 -14.269
v -43.466 -24.481 -13.586
v -36.586 -18.765 -0.50744
v -37.362 -18.277 -1.4097
v -37.168 -18.142 -0.90356
v -36.917 -19.026 -1.198
v -37.362 -18.277 -1.4097
v -36.586 -18.765 -0.50744
v -42.304 -6.2097 -0.062209
v -42.757 -6.5638 0.67786
v -41.759 -6.551 0.13519
v -39.517 -17.911 5.2138
v -39.256 -17.49 5.6652
v -39.557 -17.334 5.3984
v -41.301 -12.278 5.4672
v -41.702 -11.415 5.3461
v -41.911 -12.01 4.9143
v -42.796 -9.5404 4.6625
v -42.557 -9.0997 5.0487
v -43.107 -8.6165 4.5448
v -42.073 -10.889 5.1072
v -42.179 -10.023 5.2336
v -42.444 -10.352 4.824
v -46.632 -18.02 -12.694
v -46.314 -18.585 -12.378
v -46.618 -17.757 -12.207
v -38.633 -19.549 5.3059
v -38.663 -18.986 5.5676
v -39.328 -18.853 4.9269
v -36.339 -22.093 0.45247
v -36.003 -21.659 0.76265
v -36.615 -22.154 1.0852
v -38.913 -13.977 -0.95455
v -39.195 -13.165 -0.96757
v -38.883 -13.529 -0.60275
v -42.142 -4.6333 -2.3883
v -42.384 -4.4192 -2.7575
v -42.631 -4.2379 -2.74
v -42.14 -4.7276 -2.6384
v -42.384 -4.4192 -2.7575
v -42.142 -4.6333 -2.3883
v -37.239 -21.392 3.7894
v -37.185 -21.27 4.348
v -37.675 -21.777 4.0259
v -42.636 -4.6219 -2.0274
v -42.142 -4.6333 -2.3883
v -42.631 -4.2379 -2.74
v -36.917 -19.026 -1.198
v -36.619 -19.303 -0.93945
v -36.512 -19.831 -1.3578
v -38.205 -15.94 -1.0116
v -38.378 -15.45 -0.96334
v -37.896 -15.974 -0.5705
v -42.057 -5.2052 -1.5168
v -42.671 -5.1225 -1.3575
v -42.508 -5.4749 -0.95347
v -39.623 -12.592 -1.5119
v -39.632 -11.881 -1.2588
v -39.377 -12.628 -1.0678
v -40.534 -10.356 -2.0395
v -40.503 -9.6807 -1.6511
v -39.995 -10.571 -1.3098
v -39.582 -13 -1.5522
v -39.377 -12.628 -1.0678
v -39.195 -13.165 -0.96757
v -40.666 -8.8126 -1.542
v -40.503 -9.6807 -1.6511
v -40.855 -9.3681 -2.0132
v -46.618 -17.757 -12.207
v -46.843 -17.133 -11.985
v -46.969 -17.176 -12.742
v -39.632 -11.881 -1.2588
v -40.077 -11.257 -1.699
v -39.648 -11.43 -1.1123
v -41.515 -6.1948 -1.9032
v -41.722 -6.5655 -2.3764
v -41.94 -6.0892 -2.5827
v -39.195 -13.165 -0.96757
v -38.913 -13.977 -0.95455
v -39.31 -13.8 -1.4485
v -40.959 -13.719 5.3915
v -40.771 -14.601 5.2867
v -40.612 -14.123 5.5747
v -41.702 -11.415 5.3461
v -42.073 -10.889 5.1072
v -42.314 -11.226 4.6943
v -39.443 -16.406 5.9089
v -40.209 -16.091 5.248
v -40.106 -16.725 5.0887
v -39.74 -16.985 5.3739
v -39.443 -16.406 5.9089
v -40.106 -16.725 5.0887
v -42.444 -10.352 4.824
v -42.179 -10.023 5.2336
v -42.796 -9.5404 4.6625
v -43.13 -6.9742 2.3935
v -42.404 -7.49 2.427
v -42.523 -7.1205 1.7873
v -35.709 -22.171 -1.6372
v -35.493 -21.822 -1.295
v -35.868 -22.33 -1.4186
v -47.187 -16.545 -12.529
v -46.969 -17.176 -12.742
v -46.843 -17.133 -11.985
v -35.493 -21.822 -1.295
v -35.44 -21.707 -0.58278
v -35.868 -22.33 -1.4186
v -43.245 -7.8168 4.2454
v -42.589 -7.732 4.247
v -43.03 -7.4511 3.8373
v -42.744 -8.5433 4.8202
v -43.245 -7.8168 4.2454
v -43.107 -8.6165 4.5448
v -42.557 -9.0997 5.0487
v -42.744 -8.5433 4.8202
v -43.107 -8.6165 4.5448
v -42.14 -4.7276 -2.6384
v -42.388 -4.4998 -3.0094
v -42.384 -4.4192 -2.7575
v -42.1 -4.9587 -1.8688
v -42.636 -4.6219 -2.0274
v -42.671 -5.1225 -1.3575
v -49.383 -7.8218 -16.586
v -49.386 -8.4758 -16.337
v -49.733 -7.4751 -15.74
v -41.722 -6.5655 -2.3764
v -41.16 -6.9328 -1.5315
v -41.392 -7.2179 -2.0315
v -37.675 -21.777 4.0259
v -37.226 -21.658 3.2535
v -37.239 -21.392 3.7894
v -39.89 -17.472 5.0648
v -39.74 -16.985 5.3739
v -40.106 -16.725 5.0887
v -37.168 -18.142 -0.90356
v -37.734 -17.705 -1.4735
v -37.33 -17.709 -0.90891
v -39.557 -17.334 5.3984
v -39.74 -16.985 5.3739
v -39.89 -17.472 5.0648
v -39.517 -17.911 5.2138
v -39.557 -17.334 5.3984
v -39.89 -17.472 5.0648
v -42.884 -7.3669 2.9171
v -42.404 -7.49 2.427
v -43.13 -6.9742 2.3935
v -38.396 -20.165 5.2193
v -38.194 -20.971 4.9972
v -37.93 -20.692 5.4384
v -37.93 -20.692 5.4384
v -38.194 -20.971 4.9972
v -37.937 -21.212 5.071
v -37.693 -21.566 4.5586
v -37.474 -21.093 5.2459
v -38.044 -21.602 4.6202
v -37.474 -21.093 5.2459
v -37.937 -21.212 5.071
v -38.044 -21.602 4.6202
v -43 -25.075 -14.937
v -42.636 -25.491 -15.137
v -42.662 -25.61 -14.742
v -40.771 -14.601 5.2867
v -40.959 -13.719 5.3915
v -41.329 -14.077 4.8767
v -40.883 -7.9199 -1.4671
v -41.429 -7.693 -2.298
v -41.392 -7.2179 -2.0315
v -40.666 -8.8126 -1.542
v -41.088 -8.6358 -2.1263
v -40.883 -7.9199 -1.4671
v -41.088 -8.6358 -2.1263
v -40.666 -8.8126 -1.542
v -40.855 -9.3681 -2.0132
v -35.632 -21.124 -1.0756
v -35.643 -21.731 -1.6121
v -36.04 -20.822 -1.45
v -35.44 -21.707 -0.58278
v -36.147 -22.394 -0.99643
v -35.868 -22.33 -1.4186
v -40.208 -14.946 5.6731
v -40.771 -14.601 5.2867
v -40.579 -15.176 5.2344
v -39.995 -10.571 -1.3098
v -40.077 -11.257 -1.699
v -40.534 -10.356 -2.0395
v -45.705 -20.135 -12.757
v -45.3 -21.029 -12.923
v -45.312 -20.767 -12.33
v -36.147 -22.394 -0.99643
v -35.44 -21.707 -0.58278
v -35.982 -22.021 -0.25218
v -42.884 -7.3669 2.9171
v -43.13 -6.9742 2.3935
v -43.646 -7.1313 3.3578
v -43.053 -6.6464 1.0907
v -42.186 -6.9346 1.0299
v -42.757 -6.5638 0.67786
v -42.186 -6.9346 1.0299
v -43.053 -6.6464 1.0907
v -42.523 -7.1205 1.7873
v -43.03 -7.4511 3.8373
v -42.884 -7.3669 2.9171
v -43.646 -7.1313 3.3578
v -38.883 -14.523 -1.0793
v -38.413 -14.891 -0.67874
v -38.943 -14.92 -1.4094
v -48.006 -14.164 -12.484
v -48.196 -13.375 -12.38
v -48.347 -13.429 -13.011
v -42.636 -4.6219 -2.0274
v -42.631 -4.2379 -2.74
v -43.148 -4.3564 -2.3605
v -48.783 -11.917 -13.215
v -49.091 -10.581 -13.203
v -48.912 -11.826 -14.262
v -42.523 -7.1205 1.7873
v -43.053 -6.6464 1.0907
v -43.299 -6.5062 1.642
v -44.196 -19.086 -17.176
v -43.565 -20.26 -17.168
v -44.44 -20.369 -16.785
v -43.299 -6.5062 1.642
v -43.13 -6.9742 2.3935
v -42.523 -7.1205 1.7873
v -41.088 -8.6358 -2.1263
v -41.429 -7.693 -2.298
v -40.883 -7.9199 -1.4671
v -43.375 -22.239 -16.701
v -44.44 -20.369 -16.785
v -42.968 -21.788 -17.077
v -37.362 -18.277 -1.4097
v -36.917 -19.026 -1.198
v -37.337 -18.83 -1.682
v -49.776 -7.7161 -14.523
v -49.489 -9.3162 -15.262
v -49.516 -8.6859 -13.212
v -40.959 -13.719 5.3915
v -41.35 -12.968 5.2032
v -41.329 -14.077 4.8767
v -39.623 -12.592 -1.5119
v -39.377 -12.628 -1.0678
v -39.582 -13 -1.5522
v -41.911 -12.01 4.9143
v -41.702 -11.415 5.3461
v -42.314 -11.226 4.6943
v -41.301 -12.278 5.4672
v -41.911 -12.01 4.9143
v -41.755 -12.907 4.7494
v -36.55 -21.533 2.0597
v -37.11 -21.888 2.5143
v -36.648 -21.924 1.6434
v -41.35 -12.968 5.2032
v -41.301 -12.278 5.4672
v -41.755 -12.907 4.7494
v -38.663 -18.986 5.5676
v -39.134 -18.415 5.365
v -39.328 -18.853 4.9269
v -49.614 -8.236 -15.585
v -49.776 -7.7161 -14.523
v -49.733 -7.4751 -15.74
v -35.493 -21.822 -1.295
v -35.709 -22.171 -1.6372
v -35.643 -21.731 -1.6121
v -37.647 -16.763 -0.65134
v -38.699 -16.095 -1.7873
v -38.205 -15.94 -1.0116
v -37.734 -17.705 -1.4735
v -37.647 -16.763 -0.65134
v -37.33 -17.709 -0.90891
v -43.375 -22.239 -16.701
v -42.434 -22.944 -16.978
v -43.165 -23.278 -16.425
v -39.31 -13.8 -1.4485
v -39.582 -13 -1.5522
v -39.195 -13.165 -0.96757
v -46.973 -11.136 -17.813
v -47.226 -12.016 -17.649
v -47.921 -10.179 -17.518
v -42.388 -4.4998 -3.0094
v -42.628 -4.0455 -3.1209
v -42.384 -4.4192 -2.7575
v -42.631 -4.2379 -2.74
v -42.384 -4.4192 -2.7575
v -42.628 -4.0455 -3.1209
v -42.434 -22.944 -16.978
v -43.375 -22.239 -16.701
v -42.968 -21.788 -17.077
v -49.383 -7.8218 -16.586
v -48.599 -7.6452 -17.614
v -49.386 -8.4758 -16.337
v -46.123 -15.823 -17.282
v -46.434 -14.402 -17.378
v -45.6 -15.238 -17.441
v -42.073 -10.889 5.1072
v -42.444 -10.352 4.824
v -42.314 -11.226 4.6943
v -39.517 -17.911 5.2138
v -39.328 -18.853 4.9269
v -39.134 -18.415 5.365
v -42.444 -10.352 4.824
v -42.796 -9.5404 4.6625
v -42.742 -10.285 4.4814
v -38.378 -15.45 -0.96334
v -38.943 -14.92 -1.4094
v -38.413 -14.891 -0.67874
v -37.734 -17.705 -1.4735
v -37.168 -18.142 -0.90356
v -37.362 -18.277 -1.4097
v -42.388 -4.4998 -3.0094
v -42.14 -4.7276 -2.6384
v -42.351 -5.2614 -3.1534
v -46.434 -14.402 -17.378
v -47.113 -13.495 -17.268
v -46.19 -13.328 -17.558
v -38.633 -19.549 5.3059
v -39.328 -18.853 4.9269
v -39.228 -19.548 4.6624
v -42.14 -4.7276 -2.6384
v -42.081 -5.3646 -2.6418
v -42.351 -5.2614 -3.1534
v -43.299 -6.5062 1.642
v -43.372 -6.659 2.0807
v -43.13 -6.9742 2.3935
v -42.317 -26.038 -14.922
v -42.636 -25.491 -15.137
v -41.954 -26.353 -15.284
v -48.553 -12.236 -12.455
v -48.568 -12.664 -13.158
v -48.3 -12.932 -12.148
v -39.632 -11.881 -1.2588
v -40.046 -11.904 -1.8746
v -40.077 -11.257 -1.699
v -41.954 -26.353 -15.284
v -42.636 -25.491 -15.137
v -41.998 -25.843 -15.836
v -43.051 -6.0465 0.20802
v -42.304 -6.2097 -0.062209
v -42.673 -5.8111 -0.3728
v -42.131 -25.214 -16.175
v -41.998 -25.843 -15.836
v -42.636 -25.491 -15.137
v -48.599 -7.6452 -17.614
v -48.479 -8.9041 -17.349
v -49.386 -8.4758 -16.337
v -49.868 -7.2155 -15.057
v -49.733 -7.4751 -15.74
v -49.776 -7.7161 -14.523
v -41.392 -7.2179 -2.0315
v -42.086 -6.7547 -3.0228
v -41.722 -6.5655 -2.3764
v -40.855 -9.3681 -2.0132
v -40.503 -9.6807 -1.6511
v -41.018 -9.4957 -2.3223
v -36.499 -22.439 -0.074181
v -35.982 -22.021 -0.25218
v -36.339 -22.093 0.45247
v -40.771 -14.601 5.2867
v -41.329 -14.077 4.8767
v -40.977 -14.936 4.9322
v -40.579 -15.176 5.2344
v -40.771 -14.601 5.2867
v -40.977 -14.936 4.9322
v -37.675 -21.777 4.0259
v -37.642 -21.977 3.4452
v -37.226 -21.658 3.2535
v -40.579 -15.176 5.2344
v -40.706 -15.652 4.9084
v -40.209 -16.091 5.248
v -49.28 -9.9798 -13.592
v -49.123 -10.671 -13.804
v -49.091 -10.581 -13.203
v -42.757 -6.5638 0.67786
v -42.304 -6.2097 -0.062209
v -43.051 -6.0465 0.20802
v -41.35 -12.968 5.2032
v -41.755 -12.907 4.7494
v -41.329 -14.077 4.8767
v -35.709 -22.171 -1.6372
v -35.991 -22.195 -2.3435
v -35.643 -21.731 -1.6121
v -35.991 -22.195 -2.3435
v -35.709 -22.171 -1.6372
v -35.827 -22.259 -1.7792
v -38.194 -20.971 4.9972
v -38.396 -20.165 5.2193
v -38.64 -21.135 4.4889
v -42.388 -4.4998 -3.0094
v -42.716 -3.9182 -3.3924
v -42.628 -4.0455 -3.1209
v -39.31 -13.8 -1.4485
v -38.913 -13.977 -0.95455
v -38.883 -14.523 -1.0793
v -42.662 -25.61 -14.742
v -42.636 -25.491 -15.137
v -42.317 -26.038 -14.922
v -36.147 -22.394 -0.99643
v -35.982 -22.021 -0.25218
v -36.499 -22.439 -0.074181
v -42.388 -4.4998 -3.0094
v -42.351 -5.2614 -3.1534
v -42.611 -4.4951 -3.477
v -42.76 -24.753 -15.89
v -42.325 -24.53 -16.441
v -42.131 -25.214 -16.175
v -48.783 -11.917 -13.215
v -48.568 -12.664 -13.158
v -48.553 -12.236 -12.455
v -42.945 -25.287 -14.269
v -42.662 -25.61 -14.742
v -42.426 -26.034 -14.378
v -37.332 -22.395 1.8697
v -36.648 -21.924 1.6434
v -37.11 -21.888 2.5143
v -35.991 -22.195 -2.3435
v -36.004 -21.926 -2.3772
v -35.643 -21.731 -1.6121
v -43.466 -24.481 -13.586
v -42.945 -25.287 -14.269
v -42.813 -25.549 -13.621
v -40.044 -12.443 -2.122
v -40.046 -11.904 -1.8746
v -39.632 -11.881 -1.2588
v -39.623 -12.592 -1.5119
v -40.044 -12.443 -2.122
v -39.632 -11.881 -1.2588
v -36.512 -19.831 -1.3578
v -36.04 -20.822 -1.45
v -36.348 -21.017 -2.0698
v -40.534 -10.356 -2.0395
v -41.018 -9.4957 -2.3223
v -40.503 -9.6807 -1.6511
v -35.643 -21.731 -1.6121
v -36.004 -21.926 -2.3772
v -36.04 -20.822 -1.45
v -43.03 -7.4511 3.8373
v -43.646 -7.1313 3.3578
v -44.119 -7.3865 3.535
v -43.245 -7.8168 4.2454
v -43.03 -7.4511 3.8373
v -44.119 -7.3865 3.535
v -37.734 -17.705 -1.4735
v -38.699 -16.095 -1.7873
v -37.647 -16.763 -0.65134
v -36.348 -21.017 -2.0698
v -36.04 -20.822 -1.45
v -36.004 -21.926 -2.3772
v -48.347 -13.429 -13.011
v -48.196 -13.375 -12.38
v -48.568 -12.664 -13.158
v -42.081 -5.3646 -2.6418
v -41.94 -6.0892 -2.5827
v -42.206 -5.9449 -3.0768
v -43.083 -3.6335 -3.2695
v -42.628 -4.0455 -3.1209
v -42.716 -3.9182 -3.3924
v -42.628 -4.0455 -3.1209
v -43.083 -3.6335 -3.2695
v -42.631 -4.2379 -2.74
v -48.196 -13.375 -12.38
v -48.3 -12.932 -12.148
v -48.568 -12.664 -13.158
v -43.053 -6.6464 1.0907
v -42.757 -6.5638 0.67786
v -43.051 -6.0465 0.20802
v -42.206 -5.9449 -3.0768
v -42.351 -5.2614 -3.1534
v -42.081 -5.3646 -2.6418
v -42.086 -6.7547 -3.0228
v -41.392 -7.2179 -2.0315
v -41.76 -7.5439 -2.7968
v -43.148 -4.3564 -2.3605
v -42.631 -4.2379 -2.74
v -43.339 -4.0017 -2.7413
v -42.742 -10.285 4.4814
v -42.314 -11.226 4.6943
v -42.444 -10.352 4.824
v -41.76 -7.5439 -2.7968
v -41.392 -7.2179 -2.0315
v -41.429 -7.693 -2.298
v -42.636 -4.6219 -2.0274
v -43.155 -4.8216 -1.6073
v -42.671 -5.1225 -1.3575
v -37.226 -21.658 3.2535
v -37.589 -22.239 2.7533
v -37.11 -21.888 2.5143
v -43.13 -6.9742 2.3935
v -43.372 -6.659 2.0807
v -43.697 -6.6849 2.4183
v -43.646 -7.1313 3.3578
v -43.13 -6.9742 2.3935
v -43.697 -6.6849 2.4183
v -40.106 -16.725 5.0887
v -40.209 -16.091 5.248
v -40.578 -16.392 4.7898
v -38.396 -20.165 5.2193
v -38.633 -19.549 5.3059
v -39.052 -20.326 4.4802
v -46.314 -18.585 -12.378
v -46.163 -18.961 -12.286
v -46.229 -18.498 -11.812
v -43.245 -7.8168 4.2454
v -43.735 -8.1334 3.8493
v -43.107 -8.6165 4.5448
v -40.977 -14.936 4.9322
v -40.706 -15.652 4.9084
v -40.579 -15.176 5.2344
v -37.937 -21.212 5.071
v -38.194 -20.971 4.9972
v -38.339 -21.595 4.4541
v -38.044 -21.602 4.6202
v -37.937 -21.212 5.071
v -38.339 -21.595 4.4541
v -46.618 -17.757 -12.207
v -46.314 -18.585 -12.378
v -46.229 -18.498 -11.812
v -35.827 -22.259 -1.7792
v -35.709 -22.171 -1.6372
v -35.868 -22.33 -1.4186
v -49.733 -7.4751 -15.74
v -49.853 -6.7007 -15.801
v -49.562 -7.0253 -16.47
v -39.89 -17.472 5.0648
v -40.106 -16.725 5.0887
v -40.351 -16.966 4.7267
v -41.76 -7.5439 -2.7968
v -41.429 -7.693 -2.298
v -41.623 -8.2751 -2.7555
v -36.964 -20.077 -2.175
v -36.917 -19.026 -1.198
v -36.512 -19.831 -1.3578
v -39.239 -14.358 -1.7045
v -39.31 -13.8 -1.4485
v -38.883 -14.523 -1.0793
v -42.086 -6.7547 -3.0228
v -42.206 -5.9449 -3.0768
v -41.94 -6.0892 -2.5827
v -39.239 -14.358 -1.7045
v -38.883 -14.523 -1.0793
v -38.943 -14.92 -1.4094
v -36.348 -21.017 -2.0698
v -36.964 -20.077 -2.175
v -36.512 -19.831 -1.3578
v -41.722 -6.5655 -2.3764
v -42.086 -6.7547 -3.0228
v -41.94 -6.0892 -2.5827
v -45.3 -21.029 -12.923
v -44.878 -21.72 -12.444
v -45.312 -20.767 -12.33
v -41.088 -8.6358 -2.1263
v -40.855 -9.3681 -2.0132
v -41.018 -9.4957 -2.3223
v -41.018 -9.4957 -2.3223
v -40.534 -10.356 -2.0395
v -40.867 -10.129 -2.4346
v -49.733 -7.4751 -15.74
v -49.562 -7.0253 -16.47
v -49.383 -7.8218 -16.586
v -45.312 -20.767 -12.33
v -45.564 -20.09 -11.978
v -45.705 -20.135 -12.757
v -36.615 -22.154 1.0852
v -36.95 -22.57 0.57892
v -36.339 -22.093 0.45247
v -43.445 -8.9467 4.0523
v -43.107 -8.6165 4.5448
v -43.735 -8.1334 3.8493
v -40.046 -11.904 -1.8746
v -40.285 -11.36 -2.1023
v -40.077 -11.257 -1.699
v -42.508 -5.4749 -0.95347
v -42.671 -5.1225 -1.3575
v -43.42 -5.2118 -0.96973
v -39.755 -13.158 -1.9351
v -39.623 -12.592 -1.5119
v -39.582 -13 -1.5522
v -37.642 -21.977 3.4452
v -37.589 -22.239 2.7533
v -37.226 -21.658 3.2535
v -38.64 -21.135 4.4889
v -38.339 -21.595 4.4541
v -38.194 -20.971 4.9972
v -37.693 -21.566 4.5586
v -38.044 -21.602 4.6202
v -38.217 -21.911 4.1813
v -37.675 -21.777 4.0259
v -37.693 -21.566 4.5586
v -38.217 -21.911 4.1813
v -42.388 -4.4998 -3.0094
v -42.611 -4.4951 -3.477
v -42.716 -3.9182 -3.3924
v -38.861 -15.551 -1.7782
v -38.943 -14.92 -1.4094
v -38.378 -15.45 -0.96334
v -45.705 -20.135 -12.757
v -45.564 -20.09 -11.978
v -45.859 -19.526 -12.181
v -38.205 -15.94 -1.0116
v -38.861 -15.551 -1.7782
v -38.378 -15.45 -0.96334
v -38.699 -16.095 -1.7873
v -38.861 -15.551 -1.7782
v -38.205 -15.94 -1.0116
v -42.611 -4.4951 -3.477
v -42.944 -3.6172 -3.9474
v -42.716 -3.9182 -3.3924
v -39.582 -13 -1.5522
v -39.31 -13.8 -1.4485
v -39.755 -13.158 -1.9351
v -42.662 -25.61 -14.742
v -42.317 -26.038 -14.922
v -42.426 -26.034 -14.378
v -38.633 -19.549 5.3059
v -39.228 -19.548 4.6624
v -39.052 -20.326 4.4802
v -40.209 -16.091 5.248
v -40.706 -15.652 4.9084
v -40.578 -16.392 4.7898
v -40.534 -10.356 -2.0395
v -40.077 -11.257 -1.699
v -40.285 -11.36 -2.1023
v -43.339 -4.0017 -2.7413
v -42.631 -4.2379 -2.74
v -43.083 -3.6335 -3.2695
v -37.734 -17.705 -1.4735
v -37.362 -18.277 -1.4097
v -37.764 -18.77 -2.3503
v -37.337 -18.83 -1.682
v -37.764 -18.77 -2.3503
v -37.362 -18.277 -1.4097
v -42.573 -5.0785 -3.4134
v -42.611 -4.4951 -3.477
v -42.351 -5.2614 -3.1534
v -36.964 -20.077 -2.175
v -37.397 -19.273 -2.2293
v -36.917 -19.026 -1.198
v -40.351 -16.966 4.7267
v -40.207 -17.705 4.5845
v -39.89 -17.472 5.0648
v -39.328 -18.853 4.9269
v -39.517 -17.911 5.2138
v -39.825 -18.625 4.481
v -35.827 -22.259 -1.7792
v -35.868 -22.33 -1.4186
v -36.081 -22.448 -2.1333
v -43.155 -4.8216 -1.6073
v -42.636 -4.6219 -2.0274
v -43.669 -4.4443 -2.05
v -41.911 -12.01 4.9143
v -42.314 -11.226 4.6943
v -42.589 -11.923 4.2508
v -42.671 -5.1225 -1.3575
v -43.155 -4.8216 -1.6073
v -43.42 -5.2118 -0.96973
v -42.796 -9.5404 4.6625
v -43.107 -8.6165 4.5448
v -43.445 -8.9467 4.0523
v -41.755 -12.907 4.7494
v -41.911 -12.01 4.9143
v -42.114 -12.521 4.5456
v -44.878 -21.72 -12.444
v -44.558 -22.48 -13.144
v -44.31 -22.818 -12.684
v -42.508 -5.4749 -0.95347
v -43.475 -5.6128 -0.33617
v -42.673 -5.8111 -0.3728
v -42.742 -10.285 4.4814
v -42.796 -9.5404 4.6625
v -43.123 -10.345 4.0899
v -43.372 -6.659 2.0807
v -43.299 -6.5062 1.642
v -43.957 -6.1253 1.6991
v -39.052 -20.326 4.4802
v -38.64 -21.135 4.4889
v -38.396 -20.165 5.2193
v -41.429 -7.693 -2.298
v -41.088 -8.6358 -2.1263
v -41.623 -8.2751 -2.7555
v -44.31 -22.818 -12.684
v -44.159 -23.233 -13.403
v -44.022 -23.337 -12.37
v -39.755 -13.158 -1.9351
v -40.044 -12.443 -2.122
v -39.623 -12.592 -1.5119
v -43.051 -6.0465 0.20802
v -42.673 -5.8111 -0.3728
v -43.475 -5.6128 -0.33617
v -44.159 -23.233 -13.403
v -43.751 -23.89 -12.774
v -44.022 -23.337 -12.37
v -43.051 -6.0465 0.20802
v -43.669 -6.1399 1.0596
v -43.053 -6.6464 1.0907
v -43.669 -6.1399 1.0596
v -43.299 -6.5062 1.642
v -43.053 -6.6464 1.0907
v -41.329 -14.077 4.8767
v -41.755 -12.907 4.7494
v -41.774 -13.895 4.3749
v -35.827 -22.259 -1.7792
v -36.081 -22.448 -2.1333
v -35.991 -22.195 -2.3435
v -43.372 -6.659 2.0807
v -43.957 -6.1253 1.6991
v -43.697 -6.6849 2.4183
v -43.148 -4.3564 -2.3605
v -43.669 -4.4443 -2.05
v -42.636 -4.6219 -2.0274
v -41.443 -8.7878 -2.7619
v -41.623 -8.2751 -2.7555
v -41.088 -8.6358 -2.1263
v -41.018 -9.4957 -2.3223
v -41.443 -8.7878 -2.7619
v -41.088 -8.6358 -2.1263
v -36.648 -21.924 1.6434
v -37.332 -22.395 1.8697
v -36.615 -22.154 1.0852
v -36.339 -22.093 0.45247
v -36.95 -22.57 0.57892
v -36.499 -22.439 -0.074181
v -43.123 -10.345 4.0899
v -42.796 -9.5404 4.6625
v -43.375 -9.7815 3.9242
v -49.733 -7.4751 -15.74
v -49.868 -7.2155 -15.057
v -49.853 -6.7007 -15.801
v -38.217 -21.911 4.1813
v -38.044 -21.602 4.6202
v -38.339 -21.595 4.4541
v -40.578 -16.392 4.7898
v -40.351 -16.966 4.7267
v -40.106 -16.725 5.0887
v -40.046 -11.904 -1.8746
v -40.371 -11.864 -2.5366
v -40.285 -11.36 -2.1023
v -40.674 -11.153 -2.6454
v -40.534 -10.356 -2.0395
v -40.285 -11.36 -2.1023
v -48.006 -14.164 -12.484
v -47.758 -14.933 -12.577
v -47.756 -14.429 -11.86
v -40.207 -17.705 4.5845
v -39.825 -18.625 4.481
v -39.89 -17.472 5.0648
v -40.706 -15.652 4.9084
v -40.977 -14.936 4.9322
v -41.218 -15.462 4.4521
v -39.825 -18.625 4.481
v -39.517 -17.911 5.2138
v -39.89 -17.472 5.0648
v -42.114 -12.521 4.5456
v -41.911 -12.01 4.9143
v -42.589 -11.923 4.2508
v -42.775 -11.17 4.2032
v -42.589 -11.923 4.2508
v -42.314 -11.226 4.6943
v -42.716 -3.9182 -3.3924
v -42.944 -3.6172 -3.9474
v -43.083 -3.6335 -3.2695
v -43.245 -7.8168 4.2454
v -44.119 -7.3865 3.535
v -43.735 -8.1334 3.8493
v -36.668 -21.313 -2.8541
v -36.348 -21.017 -2.0698
v -36.004 -21.926 -2.3772
v -41.018 -9.4957 -2.3223
v -40.867 -10.129 -2.4346
v -41.217 -9.7751 -2.8794
v -47.187 -16.545 -12.529
v -47.168 -15.988 -11.494
v -47.451 -15.786 -12.486
v -43.083 -3.6335 -3.2695
v -42.944 -3.6172 -3.9474
v -43.256 -3.3499 -3.9074
v -46.163 -18.961 -12.286
v -45.859 -19.526 -12.181
v -45.865 -19.273 -11.587
v -43.375 -9.7815 3.9242
v -42.796 -9.5404 4.6625
v -43.445 -8.9467 4.0523
v -39.755 -13.158 -1.9351
v -39.31 -13.8 -1.4485
v -39.683 -13.732 -2.0149
v -43.79 -5.8484 0.27283
v -43.051 -6.0465 0.20802
v -43.475 -5.6128 -0.33617
v -42.818 -4.3922 -3.9302
v -42.944 -3.6172 -3.9474
v -42.611 -4.4951 -3.477
v -39.239 -14.358 -1.7045
v -39.683 -13.732 -2.0149
v -39.31 -13.8 -1.4485
v -43.79 -5.8484 0.27283
v -43.669 -6.1399 1.0596
v -43.051 -6.0465 0.20802
v -43.475 -5.6128 -0.33617
v -42.508 -5.4749 -0.95347
v -43.42 -5.2118 -0.96973
v -42.742 -10.285 4.4814
v -42.775 -11.17 4.2032
v -42.314 -11.226 4.6943
v -46.229 -18.498 -11.812
v -46.323 -18.239 -11.693
v -46.618 -17.757 -12.207
v -43.299 -6.5062 1.642
v -43.669 -6.1399 1.0596
v -43.957 -6.1253 1.6991
v -37.337 -18.83 -1.682
v -36.917 -19.026 -1.198
v -37.397 -19.273 -2.2293
v -37.332 -22.395 1.8697
v -37.11 -21.888 2.5143
v -37.589 -22.239 2.7533
v -41.443 -8.7878 -2.7619
v -41.018 -9.4957 -2.3223
v -41.449 -9.284 -3.0293
v -38.068 -22.313 3.4712
v -37.642 -21.977 3.4452
v -38.138 -22.148 3.8805
v -37.642 -21.977 3.4452
v -37.675 -21.777 4.0259
v -38.138 -22.148 3.8805
v -35.868 -22.33 -1.4186
v -36.147 -22.394 -0.99643
v -36.418 -22.736 -1.6527
v -44.213 -6.7014 2.8362
v -43.646 -7.1313 3.3578
v -43.697 -6.6849 2.4183
v -37.675 -21.777 4.0259
v -38.217 -21.911 4.1813
v -38.138 -22.148 3.8805
v -40.977 -14.936 4.9322
v -41.329 -14.077 4.8767
v -41.409 -14.881 4.4464
v -41.218 -15.462 4.4521
v -40.977 -14.936 4.9322
v -41.409 -14.881 4.4464
v -49.77 -6.2511 -16.343
v -49.562 -7.0253 -16.47
v -49.853 -6.7007 -15.801
v -40.044 -12.443 -2.122
v -39.755 -13.158 -1.9351
v -40.069 -13.255 -2.5611
v -43.256 -3.3499 -3.9074
v -42.944 -3.6172 -3.9474
v -43.109 -3.5074 -4.3481
v -42.944 -3.6172 -3.9474
v -42.818 -4.3922 -3.9302
v -43.109 -3.5074 -4.3481
v -41.409 -14.881 4.4464
v -41.329 -14.077 4.8767
v -41.774 -13.895 4.3749
v -37.764 -18.77 -2.3503
v -37.337 -18.83 -1.682
v -37.397 -19.273 -2.2293
v -40.867 -10.129 -2.4346
v -40.534 -10.356 -2.0395
v -40.86 -10.691 -2.7818
v -42.086 -6.7547 -3.0228
v -42.385 -6.2573 -3.522
v -42.206 -5.9449 -3.0768
v -40.534 -10.356 -2.0395
v -40.674 -11.153 -2.6454
v -40.86 -10.691 -2.7818
v -43.801 -23.89 -13.495
v -43.466 -24.481 -13.586
v -43.751 -23.89 -12.774
v -43.751 -23.89 -12.774
v -43.466 -24.481 -13.586
v -43.345 -24.615 -12.778
v -42.945 -25.287 -14.269
v -42.426 -26.034 -14.378
v -42.813 -25.549 -13.621
v -40.044 -12.443 -2.122
v -40.371 -11.864 -2.5366
v -40.046 -11.904 -1.8746
v -36.081 -22.448 -2.1333
v -35.868 -22.33 -1.4186
v -36.418 -22.736 -1.6527
v -36.147 -22.394 -0.99643
v -36.499 -22.439 -0.074181
v -36.675 -22.708 -0.50168
v -41.755 -12.907 4.7494
v -42.114 -12.521 4.5456
v -42.189 -13.358 4.1553
v -41.218 -15.462 4.4521
v -40.578 -16.392 4.7898
v -40.706 -15.652 4.9084
v -44.159 -23.233 -13.403
v -43.801 -23.89 -13.495
v -43.751 -23.89 -12.774
v -42.351 -5.2614 -3.1534
v -42.206 -5.9449 -3.0768
v -42.515 -5.783 -3.6025
v -38.068 -22.313 3.4712
v -37.589 -22.239 2.7533
v -37.642 -21.977 3.4452
v -44.119 -7.3865 3.535
v -43.646 -7.1313 3.3578
v -44.406 -6.9493 3.0633
v -38.861 -15.551 -1.7782
v -39.239 -14.358 -1.7045
v -38.943 -14.92 -1.4094
v -38.699 -16.095 -1.7873
v -37.734 -17.705 -1.4735
v -38.888 -16.25 -2.3506
v -43.109 -3.5074 -4.3481
v -43.374 -3.1497 -4.277
v -43.256 -3.3499 -3.9074
v -42.325 -24.53 -16.441
v -43.165 -23.278 -16.425
v -42.434 -22.944 -16.978
v -42.818 -4.3922 -3.9302
v -43.084 -3.9807 -4.4228
v -43.109 -3.5074 -4.3481
v -39.852 -19.5 3.9906
v -39.328 -18.853 4.9269
v -39.825 -18.625 4.481
v -44.368 -17.72 -17.275
v -44.196 -19.086 -17.176
v -44.975 -18.455 -17.082
v -45.6 -15.238 -17.441
v -45.429 -16.981 -17.221
v -46.123 -15.823 -17.282
v -39.228 -19.548 4.6624
v -39.328 -18.853 4.9269
v -39.852 -19.5 3.9906
v -45.429 -16.981 -17.221
v -44.368 -17.72 -17.275
v -44.975 -18.455 -17.082
v -42.611 -4.4951 -3.477
v -42.573 -5.0785 -3.4134
v -42.811 -5.2639 -4.0979
v -41.067 -16.035 4.3325
v -40.578 -16.392 4.7898
v -41.218 -15.462 4.4521
v -42.573 -5.0785 -3.4134
v -42.351 -5.2614 -3.1534
v -42.515 -5.783 -3.6025
v -43.957 -6.1253 1.6991
v -44.485 -6.2354 2.1772
v -43.697 -6.6849 2.4183
v -43.256 -3.3499 -3.9074
v -43.776 -3.2726 -3.8195
v -43.083 -3.6335 -3.2695
v -44.213 -6.7014 2.8362
v -43.697 -6.6849 2.4183
v -44.485 -6.2354 2.1772
v -43.669 -4.4443 -2.05
v -43.148 -4.3564 -2.3605
v -43.339 -4.0017 -2.7413
v -43.888 -8.8981 3.5307
v -43.445 -8.9467 4.0523
v -43.735 -8.1334 3.8493
v -39.052 -20.326 4.4802
v -39.228 -19.548 4.6624
v -39.5 -20.091 4.0563
v -49.776 -7.7161 -14.523
v -49.952 -6.6297 -14.672
v -49.868 -7.2155 -15.057
v -43.155 -4.8216 -1.6073
v -43.895 -4.8731 -1.2666
v -43.42 -5.2118 -0.96973
v -43.42 -5.2118 -0.96973
v -43.836 -5.4214 -0.38428
v -43.475 -5.6128 -0.33617
v -49.853 -6.7007 -15.801
v -49.868 -7.2155 -15.057
v -49.952 -6.6297 -14.672
v -43.123 -10.345 4.0899
v -42.775 -11.17 4.2032
v -42.742 -10.285 4.4814
v -42.385 -6.2573 -3.522
v -42.515 -5.783 -3.6025
v -42.206 -5.9449 -3.0768
v -40.371 -11.864 -2.5366
v -40.674 -11.153 -2.6454
v -40.285 -11.36 -2.1023
v -48.599 -7.6452 -17.614
v -49.383 -7.8218 -16.586
v -49.562 -7.0253 -16.47
v -42.818 -4.3922 -3.9302
v -42.611 -4.4951 -3.477
v -43.003 -4.949 -4.3824
v -42.811 -5.2639 -4.0979
v -43.003 -4.949 -4.3824
v -42.611 -4.4951 -3.477
v -43.79 -5.8484 0.27283
v -43.475 -5.6128 -0.33617
v -43.836 -5.4214 -0.38428
v -43.109 -3.5074 -4.3481
v -43.084 -3.9807 -4.4228
v -43.168 -3.8195 -4.5433
v -39.755 -13.158 -1.9351
v -39.683 -13.732 -2.0149
v -40.069 -13.255 -2.5611
v -43.009 -4.3717 -4.2812
v -43.084 -3.9807 -4.4228
v -42.818 -4.3922 -3.9302
v -42.086 -6.7547 -3.0228
v -41.76 -7.5439 -2.7968
v -42.072 -7.4304 -3.3399
v -43.339 -4.0017 -2.7413
v -43.083 -3.6335 -3.2695
v -43.98 -3.813 -2.8949
v -44.878 -21.72 -12.444
v -44.31 -22.818 -12.684
v -44.526 -22.199 -11.798
v -36.499 -22.439 -0.074181
v -36.95 -22.57 0.57892
v -37.15 -22.972 -0.053592
v -46.508 -17.672 -11.45
v -46.618 -17.757 -12.207
v -46.323 -18.239 -11.693
v -37.332 -22.395 1.8697
v -37.589 -22.239 2.7533
v -38.047 -22.87 2.1652
v -38.068 -22.313 3.4712
v -38.138 -22.148 3.8805
v -38.413 -22.357 3.7439
v -36.675 -22.708 -0.50168
v -36.499 -22.439 -0.074181
v -37.15 -22.972 -0.053592
v -43.735 -8.1334 3.8493
v -44.119 -7.3865 3.535
v -44.27 -7.838 3.2913
v -40.867 -10.129 -2.4346
v -40.86 -10.691 -2.7818
v -41.115 -10.723 -3.1391
v -41.217 -9.7751 -2.8794
v -41.449 -9.284 -3.0293
v -41.018 -9.4957 -2.3223
v -41.774 -13.895 4.3749
v -41.755 -12.907 4.7494
v -42.189 -13.358 4.1553
v -40.857 -16.353 4.4883
v -40.578 -16.392 4.7898
v -41.067 -16.035 4.3325
v -47.758 -14.933 -12.577
v -47.451 -15.786 -12.486
v -47.564 -14.869 -11.639
v -40.578 -16.392 4.7898
v -40.857 -16.353 4.4883
v -40.83 -17.02 4.1989
v -44.526 -22.199 -11.798
v -44.883 -21.485 -11.746
v -44.878 -21.72 -12.444
v -36.964 -20.077 -2.175
v -36.348 -21.017 -2.0698
v -37.301 -20.238 -2.8893
v -47.758 -14.933 -12.577
v -47.564 -14.869 -11.639
v -47.756 -14.429 -11.86
v -40.578 -16.392 4.7898
v -40.83 -17.02 4.1989
v -40.351 -16.966 4.7267
v -47.564 -14.869 -11.639
v -47.451 -15.786 -12.486
v -47.324 -15.535 -11.527
v -43.669 -6.1399 1.0596
v -43.79 -5.8484 0.27283
v -43.957 -6.1253 1.6991
v -41.217 -9.7751 -2.8794
v -40.867 -10.129 -2.4346
v -41.115 -10.723 -3.1391
v -36.668 -21.313 -2.8541
v -37.301 -20.238 -2.8893
v -36.348 -21.017 -2.0698
v -39.453 -14.993 -2.3754
v -39.683 -13.732 -2.0149
v -39.239 -14.358 -1.7045
v -43.466 -24.481 -13.586
v -42.813 -25.549 -13.621
v -42.971 -25.272 -12.852
v -44.406 -6.9493 3.0633
v -43.646 -7.1313 3.3578
v -44.213 -6.7014 2.8362
v -39.453 -14.993 -2.3754
v -38.861 -15.551 -1.7782
v -38.888 -16.25 -2.3506
v -38.861 -15.551 -1.7782
v -39.453 -14.993 -2.3754
v -39.239 -14.358 -1.7045
v -38.699 -16.095 -1.7873
v -38.888 -16.25 -2.3506
v -38.861 -15.551 -1.7782
v -43.298 -3.515 -4.9093
v -43.45 -2.9258 -4.9718
v -43.374 -3.1497 -4.277
v -43.374 -3.1497 -4.277
v -43.109 -3.5074 -4.3481
v -43.298 -3.515 -4.9093
v -40.207 -17.705 4.5845
v -40.478 -18.105 4.0692
v -39.825 -18.625 4.481
v -42.971 -25.272 -12.852
v -43.345 -24.615 -12.778
v -43.466 -24.481 -13.586
v -40.044 -12.443 -2.122
v -40.315 -12.491 -2.6618
v -40.371 -11.864 -2.5366
v -43.256 -3.3499 -3.9074
v -43.374 -3.1497 -4.277
v -43.776 -3.2726 -3.8195
v -40.069 -13.255 -2.5611
v -40.315 -12.491 -2.6618
v -40.044 -12.443 -2.122
v -40.83 -17.02 4.1989
v -40.207 -17.705 4.5845
v -40.351 -16.966 4.7267
v -43.109 -3.5074 -4.3481
v -43.168 -3.8195 -4.5433
v -43.298 -3.515 -4.9093
v -37.397 -19.273 -2.2293
v -36.964 -20.077 -2.175
v -37.301 -20.238 -2.8893
v -41.409 -14.881 4.4464
v -41.774 -13.895 4.3749
v -41.859 -14.436 4.1617
v -43.009 -4.3717 -4.2812
v -42.818 -4.3922 -3.9302
v -43.003 -4.949 -4.3824
v -41.76 -7.5439 -2.7968
v -41.623 -8.2751 -2.7555
v -42.087 -7.9962 -3.5735
v -42.573 -5.0785 -3.4134
v -42.515 -5.783 -3.6025
v -42.811 -5.2639 -4.0979
v -41.845 -8.7145 -3.4593
v -41.623 -8.2751 -2.7555
v -41.443 -8.7878 -2.7619
v -43.895 -4.8731 -1.2666
v -43.155 -4.8216 -1.6073
v -43.669 -4.4443 -2.05
v -38.413 -22.357 3.7439
v -38.138 -22.148 3.8805
v -38.217 -21.911 4.1813
v -38.217 -21.911 4.1813
v -38.339 -21.595 4.4541
v -38.666 -21.999 3.9105
v -42.385 -6.2573 -3.522
v -42.086 -6.7547 -3.0228
v -42.354 -6.8301 -3.5689
v -43.836 -5.4214 -0.38428
v -43.42 -5.2118 -0.96973
v -43.895 -4.8731 -1.2666
v -36.95 -22.57 0.57892
v -36.615 -22.154 1.0852
v -37.578 -22.85 1.363
v -43.957 -6.1253 1.6991
v -43.79 -5.8484 0.27283
v -44.617 -5.6793 1.0199
v -37.983 -22.603 2.671
v -38.047 -22.87 2.1652
v -37.589 -22.239 2.7533
v -45.312 -20.767 -12.33
v -44.878 -21.72 -12.444
v -45.264 -20.742 -11.797
v -36.615 -22.154 1.0852
v -37.332 -22.395 1.8697
v -37.578 -22.85 1.363
v -40.674 -11.153 -2.6454
v -40.371 -11.864 -2.5366
v -40.643 -11.864 -3.0151
v -42.317 -26.038 -14.922
v -42.014 -26.611 -14.688
v -42.426 -26.034 -14.378
v -43.45 -2.9258 -4.9718
v -43.643 -2.8674 -4.5156
v -43.374 -3.1497 -4.277
v -39.173 -20.994 3.9409
v -38.64 -21.135 4.4889
v -39.052 -20.326 4.4802
v -42.072 -7.4304 -3.3399
v -41.76 -7.5439 -2.7968
v -42.087 -7.9962 -3.5735
v -42.014 -26.611 -14.688
v -41.954 -26.353 -15.284
v -41.613 -27.193 -14.819
v -45.264 -20.742 -11.797
v -45.564 -20.09 -11.978
v -45.312 -20.767 -12.33
v -43.157 -4.3692 -4.6123
v -43.084 -3.9807 -4.4228
v -43.009 -4.3717 -4.2812
v -38.339 -21.595 4.4541
v -38.64 -21.135 4.4889
v -38.666 -21.999 3.9105
v -41.845 -8.7145 -3.4593
v -42.087 -7.9962 -3.5735
v -41.623 -8.2751 -2.7555
v -42.64 -12.782 3.8317
v -42.114 -12.521 4.5456
v -42.589 -11.923 4.2508
v -41.954 -26.353 -15.284
v -42.014 -26.611 -14.688
v -42.317 -26.038 -14.922
v -43.735 -8.1334 3.8493
v -44.27 -7.838 3.2913
v -44.271 -8.5035 3.0776
v -43.888 -8.8981 3.5307
v -43.735 -8.1334 3.8493
v -44.271 -8.5035 3.0776
v -37.589 -22.239 2.7533
v -38.068 -22.313 3.4712
v -37.983 -22.603 2.671
v -36.147 -22.394 -0.99643
v -36.675 -22.708 -0.50168
v -36.94 -23.106 -1.0462
v -43.924 -9.5059 3.3561
v -43.445 -8.9467 4.0523
v -43.888 -8.8981 3.5307
v -43.375 -9.7815 3.9242
v -43.445 -8.9467 4.0523
v -43.924 -9.5059 3.3561
v -43.669 -4.4443 -2.05
v -43.339 -4.0017 -2.7413
v -43.98 -3.813 -2.8949
v -36.201 -22.765 -2.8022
v -35.991 -22.195 -2.3435
v -36.31 -22.764 -2.3806
v -35.991 -22.195 -2.3435
v -36.081 -22.448 -2.1333
v -36.31 -22.764 -2.3806
v -36.081 -22.448 -2.1333
v -36.418 -22.736 -1.6527
v -36.31 -22.764 -2.3806
v -36.418 -22.736 -1.6527
v -36.147 -22.394 -0.99643
v -36.94 -23.106 -1.0462
v -42.354 -6.8301 -3.5689
v -42.652 -6.7228 -4.2406
v -42.385 -6.2573 -3.522
v -42.072 -7.4304 -3.3399
v -42.354 -6.8301 -3.5689
v -42.086 -6.7547 -3.0228
v -37.764 -18.77 -2.3503
v -38.513 -17.735 -2.8593
v -37.734 -17.705 -1.4735
v -36.668 -21.313 -2.8541
v -36.004 -21.926 -2.3772
v -36.207 -22.723 -3.5663
v -38.513 -17.735 -2.8593
v -38.888 -16.25 -2.3506
v -37.734 -17.705 -1.4735
v -36.004 -21.926 -2.3772
v -35.991 -22.195 -2.3435
v -36.207 -22.723 -3.5663
v -48.783 -11.917 -13.215
v -48.553 -12.236 -12.455
v -48.706 -11.512 -12.231
v -43.679 -2.6237 -4.8714
v -43.45 -2.9258 -4.9718
v -43.795 -2.3309 -5.2843
v -40.371 -11.864 -2.5366
v -40.315 -12.491 -2.6618
v -40.643 -11.864 -3.0151
v -43.643 -2.8674 -4.5156
v -43.45 -2.9258 -4.9718
v -43.679 -2.6237 -4.8714
v -43.083 -3.6335 -3.2695
v -43.776 -3.2726 -3.8195
v -44.223 -3.4369 -3.3195
v -43.298 -4.0631 -4.9046
v -43.168 -3.8195 -4.5433
v -43.084 -3.9807 -4.4228
v -43.084 -3.9807 -4.4228
v -43.157 -4.3692 -4.6123
v -43.298 -4.0631 -4.9046
v -38.047 -22.87 2.1652
v -37.578 -22.85 1.363
v -37.332 -22.395 1.8697
v -37.397 -19.273 -2.2293
v -37.301 -20.238 -2.8893
v -37.853 -19.457 -3.1571
v -43.157 -4.3692 -4.6123
v -43.009 -4.3717 -4.2812
v -43.003 -4.949 -4.3824
v -42.828 -6.0268 -4.3812
v -42.515 -5.783 -3.6025
v -42.385 -6.2573 -3.522
v -41.443 -8.7878 -2.7619
v -41.449 -9.284 -3.0293
v -41.845 -8.7145 -3.4593
v -36.207 -22.723 -3.5663
v -35.991 -22.195 -2.3435
v -36.201 -22.765 -2.8022
v -41.115 -10.723 -3.1391
v -41.456 -10.166 -3.4907
v -41.217 -9.7751 -2.8794
v -46.163 -18.961 -12.286
v -45.865 -19.273 -11.587
v -46.229 -18.498 -11.812
v -42.828 -6.0268 -4.3812
v -42.385 -6.2573 -3.522
v -42.652 -6.7228 -4.2406
v -49.091 -10.581 -13.203
v -48.783 -11.917 -13.215
v -48.855 -10.989 -12.398
v -42.189 -13.358 4.1553
v -42.114 -12.521 4.5456
v -42.64 -12.782 3.8317
v -43.776 -3.2726 -3.8195
v -43.374 -3.1497 -4.277
v -43.643 -2.8674 -4.5156
v -42.515 -5.783 -3.6025
v -42.828 -6.0268 -4.3812
v -42.811 -5.2639 -4.0979
v -43.795 -2.3309 -5.2843
v -43.45 -2.9258 -4.9718
v -43.64 -2.4742 -5.5545
v -43.64 -2.4742 -5.5545
v -43.45 -2.9258 -4.9718
v -43.516 -3.0937 -5.4324
v -44.878 -21.72 -12.444
v -44.883 -21.485 -11.746
v -45.264 -20.742 -11.797
v -44.223 -3.4369 -3.3195
v -43.98 -3.813 -2.8949
v -43.083 -3.6335 -3.2695
v -43.679 -2.6237 -4.8714
v -43.951 -2.3843 -4.9912
v -43.643 -2.8674 -4.5156
v -43.669 -4.4443 -2.05
v -43.98 -3.813 -2.8949
v -44.349 -4.081 -2.2378
v -43.45 -2.9258 -4.9718
v -43.298 -3.515 -4.9093
v -43.516 -3.0937 -5.4324
v -41.409 -14.881 4.4464
v -41.789 -15.302 3.8791
v -41.218 -15.462 4.4521
v -39.5 -20.091 4.0563
v -39.228 -19.548 4.6624
v -39.852 -19.5 3.9906
v -40.857 -16.353 4.4883
v -41.067 -16.035 4.3325
v -41.253 -16.536 3.8947
v -41.859 -14.436 4.1617
v -41.774 -13.895 4.3749
v -42.226 -14.441 3.6847
v -41.369 -15.876 4.0871
v -41.067 -16.035 4.3325
v -41.218 -15.462 4.4521
v -42.343 -7.4807 -3.9225
v -42.354 -6.8301 -3.5689
v -42.072 -7.4304 -3.3399
v -46.508 -17.672 -11.45
v -46.843 -17.133 -11.985
v -46.618 -17.757 -12.207
v -40.484 -12.773 -3.1267
v -40.315 -12.491 -2.6618
v -40.069 -13.255 -2.5611
v -46.6 -12.579 -17.697
v -46.19 -13.328 -17.558
v -47.113 -13.495 -17.268
v -37.764 -18.77 -2.3503
v -37.397 -19.273 -2.2293
v -37.853 -19.457 -3.1571
v -44.617 -5.6793 1.0199
v -44.777 -5.6174 1.3504
v -43.957 -6.1253 1.6991
v -44.485 -6.2354 2.1772
v -43.957 -6.1253 1.6991
v -44.777 -5.6174 1.3504
v -43.123 -10.345 4.0899
v -43.375 -9.7815 3.9242
v -43.609 -10.3 3.4934
v -36.94 -23.106 -1.0462
v -36.675 -22.708 -0.50168
v -37.15 -22.972 -0.053592
v -43.836 -5.4214 -0.38428
v -44.494 -5.5853 0.27906
v -43.79 -5.8484 0.27283
v -42.775 -11.17 4.2032
v -43.123 -10.345 4.0899
v -43.32 -11.157 3.5903
v -38.068 -22.313 3.4712
v -38.413 -22.357 3.7439
v -38.425 -22.654 3.2864
v -38.971 -21.7 3.7791
v -38.666 -21.999 3.9105
v -38.64 -21.135 4.4889
v -38.217 -21.911 4.1813
v -38.666 -21.999 3.9105
v -38.413 -22.357 3.7439
v -46.715 -17.13 -11.176
v -46.948 -16.527 -11.326
v -46.843 -17.133 -11.985
v -38.068 -22.313 3.4712
v -38.425 -22.654 3.2864
v -37.983 -22.603 2.671
v -47.187 -16.545 -12.529
v -46.843 -17.133 -11.985
v -46.948 -16.527 -11.326
v -38.64 -21.135 4.4889
v -39.173 -20.994 3.9409
v -38.971 -21.7 3.7791
v -39.453 -14.993 -2.3754
v -40.069 -13.255 -2.5611
v -39.683 -13.732 -2.0149
v -44.27 -7.838 3.2913
v -44.406 -6.9493 3.0633
v -44.73 -7.2783 2.8267
v -44.406 -6.9493 3.0633
v -44.27 -7.838 3.2913
v -44.119 -7.3865 3.535
v -44.213 -6.7014 2.8362
v -44.485 -6.2354 2.1772
v -44.736 -6.4019 2.5453
v -44.406 -6.9493 3.0633
v -44.213 -6.7014 2.8362
v -44.736 -6.4019 2.5453
v -47.187 -16.545 -12.529
v -46.948 -16.527 -11.326
v -47.168 -15.988 -11.494
v -43.669 -4.4443 -2.05
v -44.349 -4.081 -2.2378
v -44.462 -4.5156 -1.599
v -41.047 -11.286 -3.4139
v -40.674 -11.153 -2.6454
v -40.643 -11.864 -3.0151
v -43.795 -2.3309 -5.2843
v -43.951 -2.3843 -4.9912
v -43.679 -2.6237 -4.8714
v -43.836 -5.4214 -0.38428
v -43.895 -4.8731 -1.2666
v -44.412 -5.12 -0.66075
v -44.777 -5.6174 1.3504
v -45.045 -5.6886 1.8359
v -44.485 -6.2354 2.1772
v -47.451 -15.786 -12.486
v -47.168 -15.988 -11.494
v -47.324 -15.535 -11.527
v -43.168 -3.8195 -4.5433
v -43.298 -4.0631 -4.9046
v -43.298 -3.515 -4.9093
v -36.272 -23.225 -3.3746
v -36.207 -22.723 -3.5663
v -36.201 -22.765 -2.8022
v -42.343 -7.4807 -3.9225
v -42.072 -7.4304 -3.3399
v -42.087 -7.9962 -3.5735
v -42.343 -7.4807 -3.9225
v -42.652 -6.7228 -4.2406
v -42.354 -6.8301 -3.5689
v -43.32 -11.157 3.5903
v -43.17 -11.885 3.5868
v -42.775 -11.17 4.2032
v -36.95 -22.57 0.57892
v -37.578 -22.85 1.363
v -37.659 -23.121 0.77246
v -45.564 -20.09 -11.978
v -45.865 -19.273 -11.587
v -45.859 -19.526 -12.181
v -42.589 -11.923 4.2508
v -42.775 -11.17 4.2032
v -43.17 -11.885 3.5868
v -41.845 -8.7145 -3.4593
v -41.449 -9.284 -3.0293
v -41.734 -9.3827 -3.6691
v -49.28 -9.9798 -13.592
v -49.091 -10.581 -13.203
v -49.053 -10.373 -12.475
v -40.83 -17.02 4.1989
v -40.857 -16.353 4.4883
v -41.253 -16.536 3.8947
v -41.369 -15.876 4.0871
v -41.253 -16.536 3.8947
v -41.067 -16.035 4.3325
v -42.226 -14.441 3.6847
v -41.774 -13.895 4.3749
v -42.189 -13.358 4.1553
v -40.207 -17.705 4.5845
v -40.83 -17.02 4.1989
v -40.983 -17.425 3.7925
v -40.478 -18.105 4.0692
v -40.207 -17.705 4.5845
v -40.983 -17.425 3.7925
v -43.32 -11.157 3.5903
v -43.123 -10.345 4.0899
v -43.609 -10.3 3.4934
v -43.157 -4.3692 -4.6123
v -43.003 -4.949 -4.3824
v -43.278 -4.6416 -5.0162
v -43.951 -2.3843 -4.9912
v -44.15 -2.6197 -4.674
v -43.643 -2.8674 -4.5156
v -49.95 -6.0196 -15.75
v -49.77 -6.2511 -16.343
v -49.853 -6.7007 -15.801
v -43.64 -2.4742 -5.5545
v -43.516 -3.0937 -5.4324
v -43.711 -2.5233 -5.7651
v -41.047 -11.286 -3.4139
v -41.115 -10.723 -3.1391
v -40.86 -10.691 -2.7818
v -48.706 -11.512 -12.231
v -48.855 -10.989 -12.398
v -48.783 -11.917 -13.215
v -41.047 -11.286 -3.4139
v -40.86 -10.691 -2.7818
v -40.674 -11.153 -2.6454
v -42.426 -26.034 -14.378
v -42.014 -26.611 -14.688
v -42.376 -26.293 -13.725
v -43.895 -4.8731 -1.2666
v -43.669 -4.4443 -2.05
v -44.462 -4.5156 -1.599
v -47.887 -13.885 -11.605
v -48.006 -14.164 -12.484
v -47.756 -14.429 -11.86
v -40.484 -12.773 -3.1267
v -40.643 -11.864 -3.0151
v -40.315 -12.491 -2.6618
v -39.825 -18.625 4.481
v -40.478 -18.105 4.0692
v -40.476 -18.871 3.6725
v -43.17 -11.885 3.5868
v -42.64 -12.782 3.8317
v -42.589 -11.923 4.2508
v -37.15 -22.972 -0.053592
v -36.95 -22.57 0.57892
v -37.659 -23.121 0.77246
v -48.196 -13.375 -12.38
v -48.006 -14.164 -12.484
v -47.887 -13.885 -11.605
v -42.426 -26.034 -14.378
v -42.376 -26.293 -13.725
v -42.813 -25.549 -13.621
v -41.456 -10.166 -3.4907
v -41.449 -9.284 -3.0293
v -41.217 -9.7751 -2.8794
v -36.201 -22.765 -2.8022
v -36.31 -22.764 -2.3806
v -36.553 -23.197 -2.5401
v -41.409 -14.881 4.4464
v -41.859 -14.436 4.1617
v -41.789 -15.302 3.8791
v -39.5 -20.091 4.0563
v -39.173 -20.994 3.9409
v -39.052 -20.326 4.4802
v -41.742 -15.595 3.797
v -41.218 -15.462 4.4521
v -41.789 -15.302 3.8791
v -37.983 -22.603 2.671
v -38.425 -22.654 3.2864
v -38.453 -22.785 2.9604
v -40.069 -13.255 -2.5611
v -39.453 -14.993 -2.3754
v -40.113 -14.272 -3.22
v -36.668 -21.313 -2.8541
v -37.357 -20.682 -3.5223
v -37.301 -20.238 -2.8893
v -38.958 -17.334 -3.2318
v -38.888 -16.25 -2.3506
v -38.513 -17.735 -2.8593
v -42.131 -25.214 -16.175
v -41.731 -25.604 -16.27
v -41.998 -25.843 -15.836
v -43.957 -2.2175 -6.0355
v -43.795 -2.3309 -5.2843
v -43.64 -2.4742 -5.5545
v -43.711 -2.5233 -5.7651
v -43.957 -2.2175 -6.0355
v -43.64 -2.4742 -5.5545
v -44.15 -2.6197 -4.674
v -44.445 -2.8413 -4.1742
v -43.643 -2.8674 -4.5156
v -43.298 -3.515 -4.9093
v -43.6 -3.4928 -5.6525
v -43.516 -3.0937 -5.4324
v -45.6 -15.238 -17.441
v -44.448 -16.498 -17.295
v -45.429 -16.981 -17.221
v -43.475 -3.9776 -5.3577
v -43.6 -3.4928 -5.6525
v -43.298 -3.515 -4.9093
v -49.053 -10.373 -12.475
v -49.184 -9.5093 -12.204
v -49.28 -9.9798 -13.592
v -43.776 -3.2726 -3.8195
v -43.643 -2.8674 -4.5156
v -44.445 -2.8413 -4.1742
v -43.298 -3.515 -4.9093
v -43.298 -4.0631 -4.9046
v -43.475 -3.9776 -5.3577
v -49.516 -8.6859 -13.212
v -49.28 -9.9798 -13.592
v -49.184 -9.5093 -12.204
v -41.845 -8.7145 -3.4593
v -42.171 -8.5782 -4.0574
v -42.087 -7.9962 -3.5735
v -42.811 -5.2639 -4.0979
v -43.204 -5.389 -5.0731
v -43.003 -4.949 -4.3824
v -44.617 -5.6793 1.0199
v -43.79 -5.8484 0.27283
v -44.494 -5.5853 0.27906
v -36.31 -22.764 -2.3806
v -36.418 -22.736 -1.6527
v -36.553 -23.197 -2.5401
v -46.434 -14.402 -17.378
v -46.19 -13.328 -17.558
v -45.6 -15.238 -17.441
v -41.742 -15.595 3.797
v -41.369 -15.876 4.0871
v -41.218 -15.462 4.4521
v -41.456 -10.166 -3.4907
v -41.734 -9.3827 -3.6691
v -41.449 -9.284 -3.0293
v -46.973 -11.136 -17.813
v -46.6 -12.579 -17.697
v -47.226 -12.016 -17.649
v -43.836 -5.4214 -0.38428
v -44.412 -5.12 -0.66075
v -44.494 -5.5853 0.27906
v -44.412 -5.12 -0.66075
v -44.821 -5.297 0.17369
v -44.494 -5.5853 0.27906
v -43.609 -10.3 3.4934
v -43.375 -9.7815 3.9242
v -43.924 -9.5059 3.3561
v -49.95 -6.0196 -15.75
v -49.853 -6.7007 -15.801
v -49.952 -6.6297 -14.672
v -49.562 -7.0253 -16.47
v -49.77 -6.2511 -16.343
v -49.364 -5.8822 -17.103
v -44.435 -2.3341 -4.9812
v -43.951 -2.3843 -4.9912
v -43.795 -2.3309 -5.2843
v -39.852 -19.5 3.9906
v -39.825 -18.625 4.481
v -40.476 -18.871 3.6725
v -50.189 -5.0477 -15.039
v -49.95 -6.0196 -15.75
v -49.952 -6.6297 -14.672
v -43.957 -2.2175 -6.0355
v -43.711 -2.5233 -5.7651
v -43.778 -2.6491 -5.9923
v -41.456 -10.166 -3.4907
v -41.115 -10.723 -3.1391
v -41.49 -10.71 -3.9345
v -42.968 -21.788 -17.077
v -44.44 -20.369 -16.785
v -43.565 -20.26 -17.168
v -43.516 -3.0937 -5.4324
v -43.778 -2.6491 -5.9923
v -43.711 -2.5233 -5.7651
v -39.5 -20.091 4.0563
v -39.852 -19.5 3.9906
v -39.979 -20.217 3.4159
v -42.811 -5.2639 -4.0979
v -42.828 -6.0268 -4.3812
v -43.027 -5.8098 -4.8596
v -50.189 -5.0477 -15.039
v -49.944 -5.4947 -16.192
v -49.95 -6.0196 -15.75
v -44.676 -8.0872 2.6012
v -44.27 -7.838 3.2913
v -44.73 -7.2783 2.8267
v -41.734 -9.3827 -3.6691
v -42.171 -8.5782 -4.0574
v -41.845 -8.7145 -3.4593
v -43.157 -4.3692 -4.6123
v -43.278 -4.6416 -5.0162
v -43.298 -4.0631 -4.9046
v -42.189 -13.358 4.1553
v -42.64 -12.782 3.8317
v -42.633 -13.647 3.5282
v -36.201 -22.765 -2.8022
v -36.553 -23.197 -2.5401
v -36.272 -23.225 -3.3746
v -42.226 -14.441 3.6847
v -42.189 -13.358 4.1553
v -42.633 -13.647 3.5282
v -49.364 -5.8822 -17.103
v -48.599 -7.6452 -17.614
v -49.562 -7.0253 -16.47
v -41.789 -15.302 3.8791
v -41.859 -14.436 4.1617
v -42.226 -14.441 3.6847
v -41.954 -26.353 -15.284
v -41.147 -27.348 -15.493
v -41.613 -27.193 -14.819
v -36.418 -22.736 -1.6527
v -36.94 -23.106 -1.0462
v -36.961 -23.383 -1.7461
v -41.566 -26.507 -15.698
v -41.101 -26.959 -15.903
v -41.147 -27.348 -15.493
v -41.954 -26.353 -15.284
v -41.566 -26.507 -15.698
v -41.147 -27.348 -15.493
v -41.047 -11.286 -3.4139
v -40.643 -11.864 -3.0151
v -40.968 -11.957 -3.6877
v -44.223 -3.4369 -3.3195
v -43.776 -3.2726 -3.8195
v -44.445 -2.8413 -4.1742
v -40.484 -12.773 -3.1267
v -40.069 -13.255 -2.5611
v -40.113 -14.272 -3.22
v -38.887 -22.533 3.1316
v -38.413 -22.357 3.7439
v -38.666 -21.999 3.9105
v -40.484 -12.773 -3.1267
v -40.781 -12.559 -3.6274
v -40.643 -11.864 -3.0151
v -39.173 -20.994 3.9409
v -39.5 -20.091 4.0563
v -39.979 -20.217 3.4159
v -44.406 -6.9493 3.0633
v -44.736 -6.4019 2.5453
v -45.113 -6.4232 2.33
v -45.113 -6.4232 2.33
v -44.73 -7.2783 2.8267
v -44.406 -6.9493 3.0633
v -38.513 -17.735 -2.8593
v -37.764 -18.77 -2.3503
v -37.853 -19.457 -3.1571
v -39.677 -16.014 -3.5549
v -38.888 -16.25 -2.3506
v -38.958 -17.334 -3.2318
v -42.813 -25.549 -13.621
v -42.376 -26.293 -13.725
v -42.384 -26.221 -12.997
v -43.795 -2.3309 -5.2843
v -43.957 -2.2175 -6.0355
v -44.303 -1.9966 -6.0147
v -43.98 -3.813 -2.8949
v -44.787 -3.6174 -2.5912
v -44.349 -4.081 -2.2378
v -44.445 -2.8413 -4.1742
v -44.843 -3.0835 -3.5991
v -44.223 -3.4369 -3.3195
v -36.94 -23.106 -1.0462
v -37.15 -22.972 -0.053592
v -37.425 -23.519 -0.89259
v -43.751 -23.89 -12.774
v -43.345 -24.615 -12.778
v -43.472 -24.327 -12.302
v -43.278 -4.6416 -5.0162
v -43.475 -3.9776 -5.3577
v -43.298 -4.0631 -4.9046
v -44.15 -2.6197 -4.674
v -43.951 -2.3843 -4.9912
v -44.435 -2.3341 -4.9812
v -44.223 -3.4369 -3.3195
v -44.787 -3.6174 -2.5912
v -43.98 -3.813 -2.8949
v -42.629 -7.3447 -4.4488
v -42.652 -6.7228 -4.2406
v -42.343 -7.4807 -3.9225
v -43.6 -3.4928 -5.6525
v -43.778 -2.6491 -5.9923
v -43.516 -3.0937 -5.4324
v -40.968 -11.957 -3.6877
v -40.643 -11.864 -3.0151
v -40.781 -12.559 -3.6274
v -43.278 -4.6416 -5.0162
v -43.003 -4.949 -4.3824
v -43.204 -5.389 -5.0731
v -43.751 -23.89 -12.774
v -43.626 -23.915 -11.854
v -44.022 -23.337 -12.37
v -38.666 -21.999 3.9105
v -38.971 -21.7 3.7791
v -39.412 -21.873 2.9538
v -43.204 -5.389 -5.0731
v -42.811 -5.2639 -4.0979
v -43.027 -5.8098 -4.8596
v -43.626 -23.915 -11.854
v -43.751 -23.89 -12.774
v -43.472 -24.327 -12.302
v -38.413 -22.357 3.7439
v -38.887 -22.533 3.1316
v -38.425 -22.654 3.2864
v -44.412 -5.12 -0.66075
v -43.895 -4.8731 -1.2666
v -44.462 -4.5156 -1.599
v -38.971 -21.7 3.7791
v -39.173 -20.994 3.9409
v -39.57 -21.087 3.4029
v -37.578 -22.85 1.363
v -38.168 -23.299 1.381
v -37.659 -23.121 0.77246
v -36.553 -23.197 -2.5401
v -36.418 -22.736 -1.6527
v -36.961 -23.383 -1.7461
v -44.022 -23.337 -12.37
v -44.028 -23.176 -11.922
v -44.31 -22.818 -12.684
v -41.742 -15.595 3.797
v -41.253 -16.536 3.8947
v -41.369 -15.876 4.0871
v -44.271 -8.5035 3.0776
v -44.456 -9.025 2.718
v -43.888 -8.8981 3.5307
v -44.271 -8.5035 3.0776
v -44.27 -7.838 3.2913
v -44.676 -8.0872 2.6012
v -43.32 -11.157 3.5903
v -43.609 -10.3 3.4934
v -43.928 -10.45 3.0412
v -43.715 -3.8187 -5.9473
v -43.6 -3.4928 -5.6525
v -43.475 -3.9776 -5.3577
v -43.957 -2.2175 -6.0355
v -43.778 -2.6491 -5.9923
v -44.054 -2.427 -6.6869
v -41.047 -11.286 -3.4139
v -41.49 -10.71 -3.9345
v -41.115 -10.723 -3.1391
v -47.887 -13.885 -11.605
v -48.3 -12.932 -12.148
v -48.196 -13.375 -12.38
v -37.301 -20.238 -2.8893
v -38.004 -19.645 -3.7713
v -37.853 -19.457 -3.1571
v -38.004 -19.645 -3.7713
v -37.301 -20.238 -2.8893
v -37.357 -20.682 -3.5223
v -37.15 -22.972 -0.053592
v -37.659 -23.121 0.77246
v -37.587 -23.36 0.008874
v -41.954 -26.353 -15.284
v -41.998 -25.843 -15.836
v -41.566 -26.507 -15.698
v -42.014 -26.611 -14.688
v -41.905 -27.02 -13.589
v -42.376 -26.293 -13.725
v -37.578 -22.85 1.363
v -38.047 -22.87 2.1652
v -38.168 -23.299 1.381
v -44.462 -4.5156 -1.599
v -44.955 -4.7628 -1.1408
v -44.412 -5.12 -0.66075
v -36.272 -23.225 -3.3746
v -36.553 -23.197 -2.5401
v -36.761 -23.545 -2.7066
v -44.412 -5.12 -0.66075
v -45.15 -4.8493 -0.15203
v -44.821 -5.297 0.17369
v -38.453 -22.785 2.9604
v -38.047 -22.87 2.1652
v -37.983 -22.603 2.671
v -40.983 -17.425 3.7925
v -40.921 -18.234 3.4538
v -40.478 -18.105 4.0692
v -44.494 -5.5853 0.27906
v -44.821 -5.297 0.17369
v -45.348 -5.0573 1.099
v -42.171 -8.5782 -4.0574
v -42.384 -8.0099 -4.2443
v -42.087 -7.9962 -3.5735
v -45.348 -5.0573 1.099
v -44.617 -5.6793 1.0199
v -44.494 -5.5853 0.27906
v -40.983 -17.425 3.7925
v -40.83 -17.02 4.1989
v -41.253 -16.536 3.8947
v -44.617 -5.6793 1.0199
v -45.348 -5.0573 1.099
v -44.777 -5.6174 1.3504
v -42.343 -7.4807 -3.9225
v -42.384 -8.0099 -4.2443
v -42.629 -7.3447 -4.4488
v -42.343 -7.4807 -3.9225
v -42.087 -7.9962 -3.5735
v -42.384 -8.0099 -4.2443
v -43.924 -9.5059 3.3561
v -43.888 -8.8981 3.5307
v -44.456 -9.025 2.718
v -45.865 -19.273 -11.587
v -45.564 -20.09 -11.978
v -45.303 -20.448 -11.169
v -45.348 -5.0573 1.099
v -45.045 -5.6886 1.8359
v -44.777 -5.6174 1.3504
v -45.113 -6.4232 2.33
v -44.485 -6.2354 2.1772
v -45.045 -5.6886 1.8359
v -44.736 -6.4019 2.5453
v -44.485 -6.2354 2.1772
v -45.113 -6.4232 2.33
v -39.453 -14.993 -2.3754
v -38.888 -16.25 -2.3506
v -39.677 -16.014 -3.5549
v -37.197 -21.274 -3.9031
v -37.357 -20.682 -3.5223
v -36.668 -21.313 -2.8541
v -36.668 -21.313 -2.8541
v -36.207 -22.723 -3.5663
v -37.253 -21.629 -4.4697
v -36.66 -22.678 -4.5757
v -37.253 -21.629 -4.4697
v -36.207 -22.723 -3.5663
v -43.609 -10.3 3.4934
v -43.924 -9.5059 3.3561
v -44.207 -9.7212 2.8311
v -40.476 -18.871 3.6725
v -40.478 -18.105 4.0692
v -40.921 -18.234 3.4538
v -41.253 -16.536 3.8947
v -41.742 -15.595 3.797
v -41.86 -16.08 3.4122
v -43.928 -10.45 3.0412
v -43.609 -10.3 3.4934
v -44.207 -9.7212 2.8311
v -43.957 -2.2175 -6.0355
v -44.054 -2.427 -6.6869
v -44.199 -1.7438 -6.7399
v -42.813 -25.549 -13.621
v -42.384 -26.221 -12.997
v -42.971 -25.272 -12.852
v -49.944 -5.4947 -16.192
v -49.77 -6.2511 -16.343
v -49.95 -6.0196 -15.75
v -40.968 -11.957 -3.6877
v -41.362 -11.467 -4.1153
v -41.047 -11.286 -3.4139
v -43.17 -11.885 3.5868
v -43.192 -12.43 3.3126
v -42.64 -12.782 3.8317
v -39.852 -19.5 3.9906
v -40.476 -18.871 3.6725
v -40.591 -19.199 3.2913
v -44.199 -1.7438 -6.7399
v -44.25 -1.7857 -6.3703
v -43.957 -2.2175 -6.0355
v -44.303 -1.9966 -6.0147
v -43.957 -2.2175 -6.0355
v -44.25 -1.7857 -6.3703
v -43.104 -13.28 3.0877
v -42.64 -12.782 3.8317
v -43.192 -12.43 3.3126
v -42.226 -14.441 3.6847
v -42.633 -13.647 3.5282
v -42.5 -14.477 3.3796
v -44.303 -1.9966 -6.0147
v -44.435 -2.3341 -4.9812
v -43.795 -2.3309 -5.2843
v -42.993 -6.6522 -5.0544
v -43.027 -5.8098 -4.8596
v -42.828 -6.0268 -4.3812
v -42.828 -6.0268 -4.3812
v -42.652 -6.7228 -4.2406
v -42.993 -6.6522 -5.0544
v -44.883 -21.485 -11.746
v -45.061 -21.046 -11.417
v -45.264 -20.742 -11.797
v -36.207 -22.723 -3.5663
v -36.272 -23.225 -3.3746
v -36.311 -23.174 -4.3443
v -42.629 -7.3447 -4.4488
v -42.875 -7.21 -5.0157
v -42.652 -6.7228 -4.2406
v -39.979 -20.217 3.4159
v -39.57 -21.087 3.4029
v -39.173 -20.994 3.9409
v -43.633 -4.373 -5.8922
v -43.475 -3.9776 -5.3577
v -43.278 -4.6416 -5.0162
v -38.971 -21.7 3.7791
v -39.57 -21.087 3.4029
v -39.412 -21.873 2.9538
v -42.171 -8.5782 -4.0574
v -41.734 -9.3827 -3.6691
v -42.215 -9.2778 -4.5292
v -43.278 -4.6416 -5.0162
v -43.204 -5.389 -5.0731
v -43.531 -4.9711 -5.7259
v -39.412 -21.873 2.9538
v -38.887 -22.533 3.1316
v -38.666 -21.999 3.9105
v -41.734 -9.3827 -3.6691
v -41.456 -10.166 -3.4907
v -41.874 -9.9117 -4.2071
v -38.047 -22.87 2.1652
v -38.453 -22.785 2.9604
v -38.701 -23.069 2.4721
v -38.887 -22.533 3.1316
v -38.453 -22.785 2.9604
v -38.425 -22.654 3.2864
v -42.171 -8.5782 -4.0574
v -42.528 -8.1888 -4.7278
v -42.384 -8.0099 -4.2443
v -41.734 -9.3827 -3.6691
v -41.874 -9.9117 -4.2071
v -42.215 -9.2778 -4.5292
v -44.25 -1.7857 -6.3703
v -44.199 -1.7438 -6.7399
v -44.327 -1.481 -6.7221
v -45.564 -20.09 -11.978
v -45.264 -20.742 -11.797
v -45.303 -20.448 -11.169
v -46.508 -17.672 -11.45
v -46.715 -17.13 -11.176
v -46.843 -17.133 -11.985
v -44.787 -3.6174 -2.5912
v -44.223 -3.4369 -3.3195
v -44.843 -3.0835 -3.5991
v -44.955 -4.7628 -1.1408
v -45.15 -4.8493 -0.15203
v -44.412 -5.12 -0.66075
v -44.445 -2.8413 -4.1742
v -44.15 -2.6197 -4.674
v -44.435 -2.3341 -4.9812
v -41.49 -10.71 -3.9345
v -41.047 -11.286 -3.4139
v -41.362 -11.467 -4.1153
v -43.778 -2.6491 -5.9923
v -43.973 -2.8411 -6.45
v -44.054 -2.427 -6.6869
v -43.6 -3.4928 -5.6525
v -43.973 -2.8411 -6.45
v -43.778 -2.6491 -5.9923
v -48.413 -12.197 -11.639
v -48.553 -12.236 -12.455
v -48.3 -12.932 -12.148
v -43.659 -4.104 -5.8205
v -43.715 -3.8187 -5.9473
v -43.475 -3.9776 -5.3577
v -43.633 -4.373 -5.8922
v -43.659 -4.104 -5.8205
v -43.475 -3.9776 -5.3577
v -43.924 -9.5059 3.3561
v -44.456 -9.025 2.718
v -44.207 -9.7212 2.8311
v -43.278 -4.6416 -5.0162
v -43.531 -4.9711 -5.7259
v -43.633 -4.373 -5.8922
v -42.384 -8.0099 -4.2443
v -42.653 -7.6588 -4.769
v -42.629 -7.3447 -4.4488
v -43.17 -11.885 3.5868
v -43.32 -11.157 3.5903
v -43.752 -11.359 2.9467
v -42.633 -13.647 3.5282
v -42.64 -12.782 3.8317
v -43.104 -13.28 3.0877
v -36.272 -23.225 -3.3746
v -36.341 -23.408 -4.0042
v -36.311 -23.174 -4.3443
v -39.979 -20.217 3.4159
v -39.852 -19.5 3.9906
v -40.591 -19.199 3.2913
v -41.253 -16.536 3.8947
v -41.574 -16.842 3.3872
v -40.983 -17.425 3.7925
v -37.587 -23.36 0.008874
v -37.425 -23.519 -0.89259
v -37.15 -22.972 -0.053592
v -40.637 -13.406 -3.79
v -40.484 -12.773 -3.1267
v -40.113 -14.272 -3.22
v -37.197 -21.274 -3.9031
v -36.668 -21.313 -2.8541
v -37.253 -21.629 -4.4697
v -36.207 -22.723 -3.5663
v -36.311 -23.174 -4.3443
v -36.66 -22.678 -4.5757
v -42.325 -24.53 -16.441
v -41.335 -24.937 -16.785
v -42.131 -25.214 -16.175
v -39.677 -16.014 -3.5549
v -40.113 -14.272 -3.22
v -39.453 -14.993 -2.3754
v -37.853 -19.457 -3.1571
v -38.958 -17.334 -3.2318
v -38.513 -17.735 -2.8593
v -45.503 -6.2028 1.7665
v -45.095 -7.5679 2.0892
v -45.113 -6.4232 2.33
v -45.113 -6.4232 2.33
v -45.095 -7.5679 2.0892
v -44.73 -7.2783 2.8267
v -45.045 -5.6886 1.8359
v -45.348 -5.0573 1.099
v -45.432 -5.7454 1.8214
v -45.113 -6.4232 2.33
v -45.045 -5.6886 1.8359
v -45.432 -5.7454 1.8214
v -44.199 -1.7438 -6.7399
v -44.482 -1.3218 -6.7136
v -44.327 -1.481 -6.7221
v -44.349 -4.081 -2.2378
v -45.13 -4.2748 -1.7328
v -44.462 -4.5156 -1.599
v -44.462 -4.5156 -1.599
v -45.13 -4.2748 -1.7328
v -44.955 -4.7628 -1.1408
v -41.49 -10.71 -3.9345
v -41.874 -9.9117 -4.2071
v -41.456 -10.166 -3.4907
v -44.327 -1.481 -6.7221
v -44.482 -1.3218 -6.7136
v -44.25 -1.7857 -6.3703
v -45.077 -1.5505 -6.2378
v -44.25 -1.7857 -6.3703
v -44.482 -1.3218 -6.7136
v -44.303 -1.9966 -6.0147
v -44.25 -1.7857 -6.3703
v -45.077 -1.5505 -6.2378
v -48.855 -10.989 -12.398
v -49.053 -10.373 -12.475
v -49.091 -10.581 -13.203
v -43.973 -2.8411 -6.45
v -43.6 -3.4928 -5.6525
v -43.961 -3.5039 -6.581
v -43.715 -3.8187 -5.9473
v -43.961 -3.5039 -6.581
v -43.6 -3.4928 -5.6525
v -45.348 -5.0573 1.099
v -45.15 -4.8493 -0.15203
v -45.482 -4.6652 0.58337
v -43.248 -6.1998 -5.4893
v -43.027 -5.8098 -4.8596
v -42.993 -6.6522 -5.0544
v -44.821 -5.297 0.17369
v -45.15 -4.8493 -0.15203
v -45.348 -5.0573 1.099
v -37.676 -20.878 -4.3548
v -38.004 -19.645 -3.7713
v -37.357 -20.682 -3.5223
v -44.31 -22.818 -12.684
v -44.028 -23.176 -11.922
v -44.526 -22.199 -11.798
v -46.229 -18.498 -11.812
v -45.865 -19.273 -11.587
v -45.898 -19.005 -10.848
v -42.528 -8.1888 -4.7278
v -42.653 -7.6588 -4.769
v -42.384 -8.0099 -4.2443
v -46.247 -18.252 -11.14
v -46.229 -18.498 -11.812
v -45.898 -19.005 -10.848
v -36.272 -23.225 -3.3746
v -36.761 -23.545 -2.7066
v -36.773 -23.803 -3.5849
v -41.742 -15.595 3.797
v -41.789 -15.302 3.8791
v -42.226 -14.441 3.6847
v -46.323 -18.239 -11.693
v -46.229 -18.498 -11.812
v -46.247 -18.252 -11.14
v -38.168 -23.299 1.381
v -38.047 -22.87 2.1652
v -38.581 -23.442 1.9685
v -46.508 -17.672 -11.45
v -46.323 -18.239 -11.693
v -46.247 -18.252 -11.14
v -38.701 -23.069 2.4721
v -38.453 -22.785 2.9604
v -38.961 -22.866 2.6467
v -38.961 -22.866 2.6467
v -38.453 -22.785 2.9604
v -38.887 -22.533 3.1316
v -37.425 -23.519 -0.89259
v -36.961 -23.383 -1.7461
v -36.94 -23.106 -1.0462
v -38.581 -23.442 1.9685
v -38.047 -22.87 2.1652
v -38.701 -23.069 2.4721
v -45.264 -20.742 -11.797
v -45.061 -21.046 -11.417
v -45.303 -20.448 -11.169
v -45.13 -4.2748 -1.7328
v -44.349 -4.081 -2.2378
v -44.787 -3.6174 -2.5912
v -44.199 -1.7438 -6.7399
v -44.475 -1.0057 -7.5084
v -44.482 -1.3218 -6.7136
v -41.514 -27.588 -13.935
v -41.905 -27.02 -13.589
v -41.613 -27.193 -14.819
v -45.482 -4.6652 0.58337
v -45.15 -4.8493 -0.15203
v -45.804 -4.1562 0.24577
v -43.32 -11.157 3.5903
v -43.928 -10.45 3.0412
v -43.752 -11.359 2.9467
v -45.865 -19.273 -11.587
v -45.303 -20.448 -11.169
v -45.598 -19.677 -11.042
v -43.626 -23.915 -11.854
v -44.028 -23.176 -11.922
v -44.022 -23.337 -12.37
v -42.652 -6.7228 -4.2406
v -42.875 -7.21 -5.0157
v -42.993 -6.6522 -5.0544
v -41.613 -27.193 -14.819
v -41.905 -27.02 -13.589
v -42.014 -26.611 -14.688
v -42.653 -7.6588 -4.769
v -42.875 -7.21 -5.0157
v -42.629 -7.3447 -4.4488
v -41.234 -12.189 -4.2993
v -40.968 -11.957 -3.6877
v -40.781 -12.559 -3.6274
v -44.271 -8.5035 3.0776
v -44.676 -8.0872 2.6012
v -44.712 -8.5581 2.2873
v -44.456 -9.025 2.718
v -44.271 -8.5035 3.0776
v -44.712 -8.5581 2.2873
v -44.843 -3.0835 -3.5991
v -45.204 -3.2496 -2.9966
v -44.787 -3.6174 -2.5912
v -42.215 -9.2778 -4.5292
v -42.427 -8.7982 -4.7063
v -42.171 -8.5782 -4.0574
v -44.435 -2.3341 -4.9812
v -44.303 -1.9966 -6.0147
v -44.995 -1.9385 -5.6947
v -42.226 -14.441 3.6847
v -42.197 -15.465 3.2954
v -41.742 -15.595 3.797
v -41.86 -16.08 3.4122
v -41.574 -16.842 3.3872
v -41.253 -16.536 3.8947
v -37.425 -23.519 -0.89259
v -37.356 -23.728 -1.5944
v -36.961 -23.383 -1.7461
v -44.054 -2.427 -6.6869
v -44.269 -2.1029 -7.1938
v -44.199 -1.7438 -6.7399
v -37.587 -23.36 0.008874
v -37.788 -23.813 -0.71398
v -37.425 -23.519 -0.89259
v -42.376 -26.293 -13.725
v -41.905 -27.02 -13.589
v -42.384 -26.221 -12.997
v -37.587 -23.36 0.008874
v -37.659 -23.121 0.77246
v -38.098 -23.624 0.58828
v -40.921 -18.234 3.4538
v -40.983 -17.425 3.7925
v -41.283 -17.961 3.1039
v -36.553 -23.197 -2.5401
v -36.961 -23.383 -1.7461
v -36.761 -23.545 -2.7066
v -40.637 -13.406 -3.79
v -40.781 -12.559 -3.6274
v -40.484 -12.773 -3.1267
v -41.613 -27.193 -14.819
v -41.151 -27.934 -14.452
v -41.514 -27.588 -13.935
v -38.004 -19.645 -3.7713
v -38.417 -19.471 -4.3672
v -37.853 -19.457 -3.1571
v -41.566 -26.507 -15.698
v -41.998 -25.843 -15.836
v -41.376 -26.262 -16.098
v -45.348 -5.0573 1.099
v -45.482 -4.6652 0.58337
v -45.725 -4.7754 1.0444
v -38.958 -17.334 -3.2318
v -37.853 -19.457 -3.1571
v -38.417 -19.471 -4.3672
v -45.348 -5.0573 1.099
v -45.725 -4.7754 1.0444
v -45.66 -5.3498 1.4092
v -45.432 -5.7454 1.8214
v -45.348 -5.0573 1.099
v -45.66 -5.3498 1.4092
v -49.77 -6.2511 -16.343
v -49.944 -5.4947 -16.192
v -49.862 -5.0588 -16.551
v -43.204 -5.389 -5.0731
v -43.027 -5.8098 -4.8596
v -43.248 -6.1998 -5.4893
v -41.731 -25.604 -16.27
v -41.376 -26.262 -16.098
v -41.998 -25.843 -15.836
v -44.435 -2.3341 -4.9812
v -45.156 -2.4584 -4.4364
v -44.445 -2.8413 -4.1742
v -44.475 -1.0057 -7.5084
v -44.774 -0.73239 -7.3571
v -44.962 -0.74354 -7.2459
v -44.475 -1.0057 -7.5084
v -44.962 -0.74354 -7.2459
v -44.482 -1.3218 -6.7136
v -39.979 -20.217 3.4159
v -40.591 -19.199 3.2913
v -40.532 -19.832 2.8516
v -43.436 -5.3642 -5.7032
v -43.531 -4.9711 -5.7259
v -43.204 -5.389 -5.0731
v -43.624 -12.166 2.7766
v -43.17 -11.885 3.5868
v -43.752 -11.359 2.9467
v -41.362 -11.467 -4.1153
v -41.869 -10.506 -4.6338
v -41.49 -10.71 -3.9345
v -44.504 -1.6665 -7.8562
v -44.475 -1.0057 -7.5084
v -44.199 -1.7438 -6.7399
v -42.528 -8.1888 -4.7278
v -42.171 -8.5782 -4.0574
v -42.427 -8.7982 -4.7063
v -44.955 -4.7628 -1.1408
v -45.13 -4.2748 -1.7328
v -45.256 -4.3826 -1.3798
v -41.234 -12.189 -4.2993
v -41.362 -11.467 -4.1153
v -40.968 -11.957 -3.6877
v -41.874 -9.9117 -4.2071
v -41.49 -10.71 -3.9345
v -41.869 -10.506 -4.6338
v -37.676 -20.878 -4.3548
v -37.197 -21.274 -3.9031
v -37.253 -21.629 -4.4697
v -37.197 -21.274 -3.9031
v -37.676 -20.878 -4.3548
v -37.357 -20.682 -3.5223
v -46.973 -11.136 -17.813
v -47.921 -10.179 -17.518
v -46.975 -9.9548 -17.831
v -46.975 -9.9548 -17.831
v -47.921 -10.179 -17.518
v -47.607 -9.0452 -17.864
v -45.429 -16.981 -17.221
v -44.15 -17.041 -17.287
v -44.368 -17.72 -17.275
v -41.86 -16.08 3.4122
v -41.742 -15.595 3.797
v -42.197 -15.465 3.2954
v -45.095 -7.5679 2.0892
v -44.676 -8.0872 2.6012
v -44.73 -7.2783 2.8267
v -47.921 -10.179 -17.518
v -48.479 -8.9041 -17.349
v -47.607 -9.0452 -17.864
v -36.37 -23.393 -5.0086
v -36.311 -23.174 -4.3443
v -36.421 -23.713 -4.599
v -41.574 -16.842 3.3872
v -41.283 -17.961 3.1039
v -40.983 -17.425 3.7925
v -49.674 -7.4131 -12.626
v -49.776 -7.7161 -14.523
v -49.516 -8.6859 -13.212
v -38.098 -23.624 0.58828
v -37.659 -23.121 0.77246
v -38.168 -23.299 1.381
v -36.341 -23.408 -4.0042
v -36.421 -23.713 -4.599
v -36.311 -23.174 -4.3443
v -48.599 -7.6452 -17.614
v -47.607 -9.0452 -17.864
v -48.479 -8.9041 -17.349
v -36.761 -23.545 -2.7066
v -36.961 -23.383 -1.7461
v -37.463 -24.052 -2.2417
v -45.15 -4.8493 -0.15203
v -45.545 -4.3366 -0.35765
v -45.804 -4.1562 0.24577
v -39.979 -20.217 3.4159
v -40.156 -20.565 2.8269
v -39.57 -21.087 3.4029
v -44.207 -9.7212 2.8311
v -44.456 -9.025 2.718
v -44.72 -9.105 2.2338
v -45.411 -3.6235 -2.4007
v -44.787 -3.6174 -2.5912
v -45.204 -3.2496 -2.9966
v -43.928 -10.45 3.0412
v -44.207 -9.7212 2.8311
v -44.232 -10.531 2.4691
v -43.104 -13.28 3.0877
v -42.873 -14.187 2.9334
v -42.633 -13.647 3.5282
v -38.004 -19.645 -3.7713
v -37.676 -20.878 -4.3548
v -38.114 -20.061 -4.276
v -42.5 -14.477 3.3796
v -42.633 -13.647 3.5282
v -42.873 -14.187 2.9334
v -50.189 -5.0477 -15.039
v -50.172 -4.4069 -15.856
v -49.944 -5.4947 -16.192
v -48.811 -10.802 -11.55
v -48.855 -10.989 -12.398
v -48.706 -11.512 -12.231
v -42.197 -15.465 3.2954
v -42.226 -14.441 3.6847
v -42.527 -15.119 2.9743
v -48.599 -7.6452 -17.614
v -49.364 -5.8822 -17.103
v -48.451 -6.0114 -17.851
v -36.341 -23.408 -4.0042
v -36.272 -23.225 -3.3746
v -36.773 -23.803 -3.5849
v -44.955 -4.7628 -1.1408
v -45.256 -4.3826 -1.3798
v -45.545 -4.3366 -0.35765
v -45.545 -4.3366 -0.35765
v -45.15 -4.8493 -0.15203
v -44.955 -4.7628 -1.1408
v -49.364 -5.8822 -17.103
v -49.862 -5.0588 -16.551
v -49.707 -4.5201 -16.926
v -43.472 -24.327 -12.302
v -43.345 -24.615 -12.778
v -42.944 -25.082 -11.789
v -43.715 -3.8187 -5.9473
v -43.659 -4.104 -5.8205
v -43.895 -4.1973 -6.5089
v -41.376 -26.262 -16.098
v -41.101 -26.959 -15.903
v -41.566 -26.507 -15.698
v -43.973 -2.8411 -6.45
v -44.132 -3.2051 -7.0148
v -44.054 -2.427 -6.6869
v -42.215 -9.2778 -4.5292
v -41.874 -9.9117 -4.2071
v -42.127 -10.011 -4.7934
v -44.638 -0.40863 -7.924
v -44.794 -0.46109 -7.6597
v -44.774 -0.73239 -7.3571
v -43.961 -3.5039 -6.581
v -44.132 -3.2051 -7.0148
v -43.973 -2.8411 -6.45
v -42.971 -25.272 -12.852
v -42.944 -25.082 -11.789
v -43.345 -24.615 -12.778
v -45.156 -2.4584 -4.4364
v -44.435 -2.3341 -4.9812
v -45.084 -2.0756 -5.0924
v -44.995 -1.9385 -5.6947
v -45.084 -2.0756 -5.0924
v -44.435 -2.3341 -4.9812
v -44.475 -1.0057 -7.5084
v -44.638 -0.40863 -7.924
v -44.774 -0.73239 -7.3571
v -45.077 -1.5505 -6.2378
v -44.482 -1.3218 -6.7136
v -44.962 -0.74354 -7.2459
v -42.993 -6.6522 -5.0544
v -42.875 -7.21 -5.0157
v -43.182 -6.8651 -5.6933
v -44.843 -3.0835 -3.5991
v -44.445 -2.8413 -4.1742
v -45.156 -2.4584 -4.4364
v -43.394 -6.0216 -5.9231
v -43.204 -5.389 -5.0731
v -43.248 -6.1998 -5.4893
v -44.712 -8.5581 2.2873
v -44.676 -8.0872 2.6012
v -45.087 -8.1151 1.9175
v -41.613 -27.193 -14.819
v -40.962 -27.954 -15.036
v -41.151 -27.934 -14.452
v -36.311 -23.174 -4.3443
v -36.37 -23.393 -5.0086
v -36.66 -22.678 -4.5757
v -45.725 -4.7754 1.0444
v -45.482 -4.6652 0.58337
v -45.804 -4.1562 0.24577
v -44.269 -2.1029 -7.1938
v -44.504 -1.6665 -7.8562
v -44.199 -1.7438 -6.7399
v -45.66 -5.3498 1.4092
v -45.503 -6.2028 1.7665
v -45.432 -5.7454 1.8214
v -45.503 -6.2028 1.7665
v -45.113 -6.4232 2.33
v -45.432 -5.7454 1.8214
v -45.008 0.15434 -8.224
v -44.638 -0.40863 -7.924
v -44.91 0.20001 -8.7602
v -41.011 -18.813 2.8843
v -40.921 -18.234 3.4538
v -41.283 -17.961 3.1039
v -40.476 -18.871 3.6725
v -40.921 -18.234 3.4538
v -41.011 -18.813 2.8843
v -40.476 -18.871 3.6725
v -41.011 -18.813 2.8843
v -40.591 -19.199 3.2913
v -42.971 -25.272 -12.852
v -42.384 -26.221 -12.997
v -42.671 -25.71 -12.281
v -45.095 -7.5679 2.0892
v -45.087 -8.1151 1.9175
v -44.676 -8.0872 2.6012
v -44.269 -2.1029 -7.1938
v -44.054 -2.427 -6.6869
v -44.323 -2.8154 -7.4492
v -45.576 -3.8644 -1.0564
v -45.545 -4.3366 -0.35765
v -45.256 -4.3826 -1.3798
v -44.638 -0.40863 -7.924
v -45.034 -0.082838 -7.9355
v -44.794 -0.46109 -7.6597
v -44.883 -21.485 -11.746
v -44.526 -22.199 -11.798
v -44.516 -22.026 -11.158
v -45.061 -21.046 -11.417
v -44.883 -21.485 -11.746
v -44.778 -21.436 -10.902
v -43.928 -10.45 3.0412
v -44.232 -10.531 2.4691
v -43.752 -11.359 2.9467
v -45.513 -3.8074 -2.0564
v -44.787 -3.6174 -2.5912
v -45.411 -3.6235 -2.4007
v -43.715 -3.8187 -5.9473
v -43.895 -4.1973 -6.5089
v -43.961 -3.5039 -6.581
v -45.13 -4.2748 -1.7328
v -44.787 -3.6174 -2.5912
v -45.513 -3.8074 -2.0564
v -43.633 -4.373 -5.8922
v -43.895 -4.1973 -6.5089
v -43.659 -4.104 -5.8205
v -43.17 -11.885 3.5868
v -43.624 -12.166 2.7766
v -43.192 -12.43 3.3126
v -41.874 -9.9117 -4.2071
v -41.869 -10.506 -4.6338
v -42.127 -10.011 -4.7934
v -43.394 -6.0216 -5.9231
v -43.436 -5.3642 -5.7032
v -43.204 -5.389 -5.0731
v -45.542 -6.7521 1.493
v -45.095 -7.5679 2.0892
v -45.503 -6.2028 1.7665
v -37.463 -24.052 -2.2417
v -36.961 -23.383 -1.7461
v -37.356 -23.728 -1.5944
v -41.86 -16.08 3.4122
v -42.197 -15.465 3.2954
v -42.376 -15.908 2.7182
v -37.587 -23.36 0.008874
v -38.098 -23.624 0.58828
v -38.029 -23.77 -0.24325
v -39.532 -22.33 2.3462
v -38.887 -22.533 3.1316
v -39.412 -21.873 2.9538
v -41.574 -16.842 3.3872
v -41.86 -16.08 3.4122
v -42.376 -15.908 2.7182
v -39.532 -22.33 2.3462
v -38.961 -22.866 2.6467
v -38.887 -22.533 3.1316
v -39.971 -21.325 2.5477
v -39.412 -21.873 2.9538
v -40.156 -20.565 2.8269
v -39.412 -21.873 2.9538
v -39.57 -21.087 3.4029
v -40.156 -20.565 2.8269
v -45.598 -19.677 -11.042
v -45.898 -19.005 -10.848
v -45.865 -19.273 -11.587
v -36.421 -23.713 -4.599
v -36.375 -23.77 -5.0383
v -36.37 -23.393 -5.0086
v -38.832 -23.418 2.0264
v -38.581 -23.442 1.9685
v -38.701 -23.069 2.4721
v -37.788 -23.813 -0.71398
v -37.587 -23.36 0.008874
v -38.029 -23.77 -0.24325
v -40.532 -19.832 2.8516
v -40.156 -20.565 2.8269
v -39.979 -20.217 3.4159
v -44.712 -8.5581 2.2873
v -44.72 -9.105 2.2338
v -44.456 -9.025 2.718
v -45.156 -2.4584 -4.4364
v -45.733 -2.835 -3.391
v -44.843 -3.0835 -3.5991
v -45.204 -3.2496 -2.9966
v -44.843 -3.0835 -3.5991
v -45.733 -2.835 -3.391
v -44.72 -9.105 2.2338
v -44.622 -9.7788 2.0853
v -44.207 -9.7212 2.8311
v -48.3 -12.932 -12.148
v -47.887 -13.885 -11.605
v -48.137 -12.976 -11.269
v -44.91 0.20001 -8.7602
v -44.998 0.30282 -8.4222
v -45.008 0.15434 -8.224
v -45.545 -4.3366 -0.35765
v -46.072 -3.7409 -0.27331
v -45.804 -4.1562 0.24577
v -44.638 -0.40863 -7.924
v -45.008 0.15434 -8.224
v -45.034 -0.082838 -7.9355
v -42.993 -6.6522 -5.0544
v -43.182 -6.8651 -5.6933
v -43.248 -6.1998 -5.4893
v -41.589 -11.425 -4.5352
v -41.869 -10.506 -4.6338
v -41.362 -11.467 -4.1153
v -44.323 -2.8154 -7.4492
v -44.054 -2.427 -6.6869
v -44.132 -3.2051 -7.0148
v -45.576 -3.8644 -1.0564
v -45.256 -4.3826 -1.3798
v -45.513 -3.8074 -2.0564
v -45.13 -4.2748 -1.7328
v -45.513 -3.8074 -2.0564
v -45.256 -4.3826 -1.3798
v -48.413 -12.197 -11.639
v -48.3 -12.932 -12.148
v -48.137 -12.976 -11.269
v -50.172 -4.4069 -15.856
v -49.862 -5.0588 -16.551
v -49.944 -5.4947 -16.192
v -41.548 -11.704 -4.7096
v -41.362 -11.467 -4.1153
v -41.234 -12.189 -4.2993
v -42.528 -8.1888 -4.7278
v -42.903 -7.8662 -5.4587
v -42.653 -7.6588 -4.769
v -36.421 -23.713 -4.599
v -36.341 -23.408 -4.0042
v -36.773 -23.803 -3.5849
v -43.752 -11.359 2.9467
v -43.847 -11.793 2.5297
v -43.624 -12.166 2.7766
v -36.773 -23.803 -3.5849
v -36.761 -23.545 -2.7066
v -37.256 -24.154 -3.0983
v -44.303 -1.9966 -6.0147
v -45.077 -1.5505 -6.2378
v -44.995 -1.9385 -5.6947
v -45.545 -4.3366 -0.35765
v -45.576 -3.8644 -1.0564
v -46.072 -3.7409 -0.27331
v -45.034 -0.082838 -7.9355
v -45.587 -0.37744 -7.4211
v -44.794 -0.46109 -7.6597
v -38.114 -20.061 -4.276
v -38.417 -19.471 -4.3672
v -38.004 -19.645 -3.7713
v -43.562 -12.854 2.5444
v -43.192 -12.43 3.3126
v -43.624 -12.166 2.7766
v -44.962 -0.74354 -7.2459
v -44.794 -0.46109 -7.6597
v -45.587 -0.37744 -7.4211
v -44.794 -0.46109 -7.6597
v -44.962 -0.74354 -7.2459
v -44.774 -0.73239 -7.3571
v -38.961 -22.866 2.6467
v -39.055 -23.271 2.0572
v -38.701 -23.069 2.4721
v -43.192 -12.43 3.3126
v -43.562 -12.854 2.5444
v -43.104 -13.28 3.0877
v -42.376 -15.908 2.7182
v -41.932 -16.664 2.9602
v -41.574 -16.842 3.3872
v -49.862 -5.0588 -16.551
v -49.364 -5.8822 -17.103
v -49.77 -6.2511 -16.343
v -42.5 -14.477 3.3796
v -42.527 -15.119 2.9743
v -42.226 -14.441 3.6847
v -41.574 -16.842 3.3872
v -41.777 -17.453 2.6494
v -41.283 -17.961 3.1039
v -45.66 -5.3498 1.4092
v -45.863 -5.7827 1.1963
v -45.503 -6.2028 1.7665
v -40.113 -14.272 -3.22
v -40.865 -14.192 -4.8408
v -40.637 -13.406 -3.79
v -45.66 -5.3498 1.4092
v -45.725 -4.7754 1.0444
v -46.012 -4.968 1.0322
v -45.863 -5.7827 1.1963
v -45.66 -5.3498 1.4092
v -46.012 -4.968 1.0322
v -45.725 -4.7754 1.0444
v -45.804 -4.1562 0.24577
v -46.012 -4.968 1.0322
v -39.677 -16.014 -3.5549
v -40.31 -15.747 -4.7877
v -40.113 -14.272 -3.22
v -40.781 -12.559 -3.6274
v -41.22 -12.514 -4.5463
v -41.234 -12.189 -4.2993
v -40.637 -13.406 -3.79
v -41.22 -12.514 -4.5463
v -40.781 -12.559 -3.6274
v -47.324 -15.535 -11.527
v -47.338 -15.287 -11.005
v -47.564 -14.869 -11.639
v -44.638 -0.40863 -7.924
v -44.475 -1.0057 -7.5084
v -44.674 -1.2819 -8.2126
v -38.958 -17.334 -3.2318
v -38.417 -19.471 -4.3672
v -39.046 -18.698 -4.8143
v -44.504 -1.6665 -7.8562
v -44.674 -1.2819 -8.2126
v -44.475 -1.0057 -7.5084
v -45.355 0.60034 -8.661
v -44.998 0.30282 -8.4222
v -44.91 0.20001 -8.7602
v -42.708 -8.4602 -5.3317
v -42.903 -7.8662 -5.4587
v -42.528 -8.1888 -4.7278
v -45.008 0.15434 -8.224
v -44.998 0.30282 -8.4222
v -45.355 0.60034 -8.661
v -43.531 -4.9711 -5.7259
v -43.436 -5.3642 -5.7032
v -43.705 -5.1147 -6.317
v -43.394 -6.0216 -5.9231
v -43.705 -5.1147 -6.317
v -43.436 -5.3642 -5.7032
v -46.363 -17.79 -10.846
v -46.508 -17.672 -11.45
v -46.247 -18.252 -11.14
v -45.411 -3.6235 -2.4007
v -45.204 -3.2496 -2.9966
v -45.717 -3.2663 -2.7219
v -42.427 -8.7982 -4.7063
v -42.215 -9.2778 -4.5292
v -42.588 -8.9234 -5.2166
v -44.962 -0.74354 -7.2459
v -45.37 -1.0444 -6.7141
v -45.077 -1.5505 -6.2378
v -43.705 -5.1147 -6.317
v -43.895 -4.1973 -6.5089
v -43.633 -4.373 -5.8922
v -43.531 -4.9711 -5.7259
v -43.705 -5.1147 -6.317
v -43.633 -4.373 -5.8922
v -44.207 -9.7212 2.8311
v -44.622 -9.7788 2.0853
v -44.232 -10.531 2.4691
v -42.875 -7.21 -5.0157
v -42.653 -7.6588 -4.769
v -42.903 -7.8662 -5.4587
v -44.546 -2.1498 -7.9381
v -44.504 -1.6665 -7.8562
v -44.269 -2.1029 -7.1938
v -45.809 -3.4874 -1.5489
v -45.576 -3.8644 -1.0564
v -45.513 -3.8074 -2.0564
v -36.66 -22.678 -4.5757
v -37.549 -21.659 -5.1642
v -37.253 -21.629 -4.4697
v -49.053 -10.373 -12.475
v -48.855 -10.989 -12.398
v -48.811 -10.802 -11.55
v -41.362 -11.467 -4.1153
v -41.548 -11.704 -4.7096
v -41.589 -11.425 -4.5352
v -38.168 -23.299 1.381
v -38.581 -23.442 1.9685
v -38.764 -23.675 1.6178
v -48.137 -12.976 -11.269
v -47.887 -13.885 -11.605
v -47.919 -13.603 -11.186
v -38.832 -23.418 2.0264
v -38.701 -23.069 2.4721
v -39.055 -23.271 2.0572
v -42.873 -14.187 2.9334
v -42.819 -14.823 2.6973
v -42.5 -14.477 3.3796
v -42.527 -15.119 2.9743
v -42.5 -14.477 3.3796
v -42.819 -14.823 2.6973
v -45.898 -19.005 -10.848
v -46.134 -18.216 -10.548
v -46.247 -18.252 -11.14
v -38.961 -22.866 2.6467
v -39.377 -22.81 2.0584
v -39.055 -23.271 2.0572
v -42.527 -15.119 2.9743
v -42.376 -15.908 2.7182
v -42.197 -15.465 3.2954
v -43.961 -3.5039 -6.581
v -44.04 -3.846 -6.905
v -44.132 -3.2051 -7.0148
v -49.184 -9.5093 -12.204
v -49.053 -10.373 -12.475
v -49.086 -9.8672 -12.022
v -42.427 -8.7982 -4.7063
v -42.708 -8.4602 -5.3317
v -42.528 -8.1888 -4.7278
v -45.543 -7.5424 1.137
v -45.095 -7.5679 2.0892
v -45.542 -6.7521 1.493
v -44.91 0.20001 -8.7602
v -45.247 0.714 -8.9147
v -45.355 0.60034 -8.661
v -46.363 -17.79 -10.846
v -46.247 -18.252 -11.14
v -46.134 -18.216 -10.548
v -43.248 -6.1998 -5.4893
v -43.182 -6.8651 -5.6933
v -43.483 -6.5395 -6.333
v -37.269 -22.255 -5.3371
v -36.66 -22.678 -4.5757
v -36.37 -23.393 -5.0086
v -36.37 -23.393 -5.0086
v -36.375 -23.77 -5.0383
v -36.459 -23.71 -5.5417
v -43.124 -7.5438 -5.8676
v -43.182 -6.8651 -5.6933
v -42.875 -7.21 -5.0157
v -43.245 -13.675 2.6279
v -42.873 -14.187 2.9334
v -43.104 -13.28 3.0877
v -43.124 -7.5438 -5.8676
v -42.875 -7.21 -5.0157
v -42.903 -7.8662 -5.4587
v -45.704 -2.3818 -4.2211
v -45.156 -2.4584 -4.4364
v -45.084 -2.0756 -5.0924
v -37.256 -24.154 -3.0983
v -36.761 -23.545 -2.7066
v -37.463 -24.052 -2.2417
v -48.413 -12.197 -11.639
v -48.706 -11.512 -12.231
v -48.553 -12.236 -12.455
v -37.932 -24.244 -1.4253
v -37.356 -23.728 -1.5944
v -37.425 -23.519 -0.89259
v -37.788 -23.813 -0.71398
v -37.932 -24.244 -1.4253
v -37.425 -23.519 -0.89259
v -45.717 -3.2663 -2.7219
v -45.204 -3.2496 -2.9966
v -45.733 -2.835 -3.391
v -41.068 -19.631 2.1878
v -40.591 -19.199 3.2913
v -41.011 -18.813 2.8843
v -45.809 -3.4874 -1.5489
v -46.209 -3.4584 -1.2355
v -45.576 -3.8644 -1.0564
v -41.932 -16.664 2.9602
v -41.777 -17.453 2.6494
v -41.574 -16.842 3.3872
v -45.576 -3.8644 -1.0564
v -46.209 -3.4584 -1.2355
v -46.072 -3.7409 -0.27331
v -46.715 -17.13 -11.176
v -46.904 -16.451 -10.753
v -46.948 -16.527 -11.326
v -40.532 -19.832 2.8516
v -40.421 -20.539 2.4333
v -40.156 -20.565 2.8269
v -44.028 -23.176 -11.922
v -43.626 -23.915 -11.854
v -43.72 -23.6 -11.361
v -38.961 -22.866 2.6467
v -39.532 -22.33 2.3462
v -39.377 -22.81 2.0584
v -36.421 -23.713 -4.599
v -36.773 -23.803 -3.5849
v -36.888 -24.102 -4.5268
v -37.253 -21.629 -4.4697
v -37.549 -21.659 -5.1642
v -37.676 -20.878 -4.3548
v -41.068 -19.631 2.1878
v -40.532 -19.832 2.8516
v -40.591 -19.199 3.2913
v -44.91 0.20001 -8.7602
v -44.638 -0.40863 -7.924
v -44.674 -1.2819 -8.2126
v -39.677 -16.014 -3.5549
v -38.958 -17.334 -3.2318
v -39.643 -17.173 -4.7025
v -44.883 -21.485 -11.746
v -44.516 -22.026 -11.158
v -44.778 -21.436 -10.902
v -39.046 -18.698 -4.8143
v -39.643 -17.173 -4.7025
v -38.958 -17.334 -3.2318
v -46.012 -4.968 1.0322
v -45.804 -4.1562 0.24577
v -46.237 -4.3005 0.43568
v -45.733 -2.835 -3.391
v -45.156 -2.4584 -4.4364
v -45.704 -2.3818 -4.2211
v -44.323 -2.8154 -7.4492
v -44.546 -2.1498 -7.9381
v -44.269 -2.1029 -7.1938
v -47.168 -15.988 -11.494
v -46.948 -16.527 -11.326
v -46.904 -16.451 -10.753
v -37.549 -21.659 -5.1642
v -36.66 -22.678 -4.5757
v -37.269 -22.255 -5.3371
v -44.91 0.20001 -8.7602
v -45.295 0.9441 -9.2365
v -45.247 0.714 -8.9147
v -44.526 -22.199 -11.798
v -44.028 -23.176 -11.922
v -44.045 -22.974 -11.238
v -46.072 -3.7409 -0.27331
v -46.209 -3.4584 -1.2355
v -46.481 -3.4484 -0.74692
v -47.338 -15.287 -11.005
v -47.168 -15.988 -11.494
v -46.904 -16.451 -10.753
v -42.127 -10.011 -4.7934
v -41.869 -10.506 -4.6338
v -42.025 -10.773 -5.0748
v -45.566 -1.6494 -5.6866
v -44.995 -1.9385 -5.6947
v -45.077 -1.5505 -6.2378
v -45.008 0.15434 -8.224
v -45.355 0.60034 -8.661
v -45.718 0.19176 -7.9877
v -43.472 -24.327 -12.302
v -42.944 -25.082 -11.789
v -43.33 -24.403 -11.545
v -45.717 -3.2663 -2.7219
v -45.513 -3.8074 -2.0564
v -45.411 -3.6235 -2.4007
v -45.948 -3.216 -1.9839
v -45.513 -3.8074 -2.0564
v -45.717 -3.2663 -2.7219
v -42.215 -9.2778 -4.5292
v -42.127 -10.011 -4.7934
v -42.352 -9.9576 -5.2634
v -45.084 -2.0756 -5.0924
v -44.995 -1.9385 -5.6947
v -45.566 -1.6494 -5.6866
v -45.034 -0.082838 -7.9355
v -45.008 0.15434 -8.224
v -45.718 0.19176 -7.9877
v -45.513 -3.8074 -2.0564
v -45.948 -3.216 -1.9839
v -45.809 -3.4874 -1.5489
v -45.587 -0.37744 -7.4211
v -45.034 -0.082838 -7.9355
v -45.718 0.19176 -7.9877
v -47.324 -15.535 -11.527
v -47.168 -15.988 -11.494
v -47.338 -15.287 -11.005
v -45.087 -8.1151 1.9175
v -45.082 -8.7256 1.6433
v -44.712 -8.5581 2.2873
v -41.147 -27.348 -15.493
v -40.962 -27.954 -15.036
v -41.613 -27.193 -14.819
v -43.991 -4.3789 -6.8872
v -44.04 -3.846 -6.905
v -43.961 -3.5039 -6.581
v -43.991 -4.3789 -6.8872
v -43.961 -3.5039 -6.581
v -43.895 -4.1973 -6.5089
v -44.712 -8.5581 2.2873
v -45.082 -8.7256 1.6433
v -44.72 -9.105 2.2338
v -42.427 -8.7982 -4.7063
v -42.588 -8.9234 -5.2166
v -42.708 -8.4602 -5.3317
v -41.011 -18.813 2.8843
v -41.283 -17.961 3.1039
v -41.338 -18.425 2.661
v -37.932 -24.244 -1.4253
v -37.463 -24.052 -2.2417
v -37.356 -23.728 -1.5944
v -44.232 -10.531 2.4691
v -44.243 -11.336 2.1115
v -43.752 -11.359 2.9467
v -42.025 -10.773 -5.0748
v -41.869 -10.506 -4.6338
v -41.589 -11.425 -4.5352
v -42.025 -10.773 -5.0748
v -41.589 -11.425 -4.5352
v -41.548 -11.704 -4.7096
v -37.676 -20.878 -4.3548
v -37.988 -20.779 -5.0539
v -38.114 -20.061 -4.276
v -38.098 -23.624 0.58828
v -38.396 -24.176 -0.21675
v -38.029 -23.77 -0.24325
v -41.548 -11.704 -4.7096
v -41.234 -12.189 -4.2993
v -41.506 -12.054 -4.8635
v -41.234 -12.189 -4.2993
v -41.22 -12.514 -4.5463
v -41.506 -12.054 -4.8635
v -40.156 -20.565 2.8269
v -40.421 -20.539 2.4333
v -39.971 -21.325 2.5477
v -41.376 -26.262 -16.098
v -41.731 -25.604 -16.27
v -40.706 -26.318 -16.624
v -43.245 -13.675 2.6279
v -43.104 -13.28 3.0877
v -43.453 -13.447 2.3456
v -38.581 -23.442 1.9685
v -38.832 -23.418 2.0264
v -38.764 -23.675 1.6178
v -44.546 -2.1498 -7.9381
v -44.323 -2.8154 -7.4492
v -44.527 -2.7817 -7.9989
v -45.542 -6.7521 1.493
v -45.503 -6.2028 1.7665
v -45.863 -5.7827 1.1963
v -45.314 1.0807 -9.4216
v -45.295 0.9441 -9.2365
v -45.227 0.85973 -9.8608
v -44.16 -3.8752 -7.2376
v -44.132 -3.2051 -7.0148
v -44.04 -3.846 -6.905
v -41.335 -24.937 -16.785
v -41.731 -25.604 -16.27
v -42.131 -25.214 -16.175
v -45.543 -7.5424 1.137
v -45.542 -6.7521 1.493
v -45.662 -7.1891 1.0872
v -45.355 0.60034 -8.661
v -45.247 0.714 -8.9147
v -45.295 0.9441 -9.2365
v -45.37 -1.0444 -6.7141
v -44.962 -0.74354 -7.2459
v -45.587 -0.37744 -7.4211
v -47.564 -14.869 -11.639
v -47.651 -14.141 -10.893
v -47.756 -14.429 -11.86
v -45.543 -7.5424 1.137
v -45.379 -8.1013 1.2678
v -45.095 -7.5679 2.0892
v -45.566 -1.6494 -5.6866
v -45.834 -1.8333 -5.1898
v -45.084 -2.0756 -5.0924
v -45.087 -8.1151 1.9175
v -45.095 -7.5679 2.0892
v -45.379 -8.1013 1.2678
v -36.459 -23.71 -5.5417
v -36.375 -23.77 -5.0383
v -36.612 -24.128 -5.4342
v -36.375 -23.77 -5.0383
v -36.421 -23.713 -4.599
v -36.612 -24.128 -5.4342
v -37.549 -21.659 -5.1642
v -37.988 -20.779 -5.0539
v -37.676 -20.878 -4.3548
v -44.064 -4.1776 -7.0299
v -44.16 -3.8752 -7.2376
v -44.04 -3.846 -6.905
v -47.651 -14.141 -10.893
v -47.887 -13.885 -11.605
v -47.756 -14.429 -11.86
v -44.04 -3.846 -6.905
v -43.991 -4.3789 -6.8872
v -44.064 -4.1776 -7.0299
v -45.948 -3.216 -1.9839
v -46.209 -3.4584 -1.2355
v -45.809 -3.4874 -1.5489
v -43.912 -5.0214 -6.8617
v -43.991 -4.3789 -6.8872
v -43.895 -4.1973 -6.5089
v -38.792 -24 1.0513
v -38.168 -23.299 1.381
v -38.764 -23.675 1.6178
v -49.952 -6.6297 -14.672
v -50.217 -4.5612 -14.32
v -50.189 -5.0477 -15.039
v -38.764 -23.675 1.6178
v -38.832 -23.418 2.0264
v -39.055 -23.271 2.0572
v -43.453 -13.447 2.3456
v -43.104 -13.28 3.0877
v -43.562 -12.854 2.5444
v -46.073 -5.6531 0.83648
v -46.012 -4.968 1.0322
v -46.224 -5.3031 0.61659
v -46.012 -4.968 1.0322
v -46.073 -5.6531 0.83648
v -45.863 -5.7827 1.1963
v -43.245 -13.675 2.6279
v -43.01 -14.367 2.6116
v -42.873 -14.187 2.9334
v -39.971 -21.325 2.5477
v -39.532 -22.33 2.3462
v -39.412 -21.873 2.9538
v -46.6 -12.579 -17.697
v -46.973 -11.136 -17.813
v -46.228 -11.664 -17.798
v -50.25 -4.3423 -15.053
v -50.172 -4.4069 -15.856
v -50.189 -5.0477 -15.039
v -41.686 -23.532 -16.95
v -41.335 -24.937 -16.785
v -42.325 -24.53 -16.441
v -42.819 -14.823 2.6973
v -42.873 -14.187 2.9334
v -43.01 -14.367 2.6116
v -38.417 -19.471 -4.3672
v -38.114 -20.061 -4.276
v -38.498 -20.021 -5.2141
v -38.498 -20.021 -5.2141
v -38.114 -20.061 -4.276
v -37.988 -20.779 -5.0539
v -40.421 -20.539 2.4333
v -40.532 -19.832 2.8516
v -41.068 -19.631 2.1878
v -42.434 -22.944 -16.978
v -41.686 -23.532 -16.95
v -42.325 -24.53 -16.441
v -40.415 -28.294 -15.485
v -40.339 -28.876 -14.813
v -40.962 -27.954 -15.036
v -49.952 -6.6297 -14.672
v -49.776 -7.7161 -14.523
v -49.674 -7.4131 -12.626
v -49.952 -6.6297 -14.672
v -49.674 -7.4131 -12.626
v -49.873 -6.1961 -12.623
v -45.085 -0.46905 -9.3639
v -44.91 0.20001 -8.7602
v -44.674 -1.2819 -8.2126
v -46.072 -3.7409 -0.27331
v -46.481 -3.4484 -0.74692
v -46.469 -3.7663 -0.092813
v -45.804 -4.1562 0.24577
v -46.072 -3.7409 -0.27331
v -46.469 -3.7663 -0.092813
v -46.237 -4.3005 0.43568
v -45.804 -4.1562 0.24577
v -46.469 -3.7663 -0.092813
v -45.314 1.0807 -9.4216
v -45.227 0.85973 -9.8608
v -45.377 1.4575 -9.8338
v -44.448 -16.498 -17.295
v -44.15 -17.041 -17.287
v -45.429 -16.981 -17.221
v -46.307 -4.7452 0.53225
v -46.012 -4.968 1.0322
v -46.237 -4.3005 0.43568
v -44.91 0.20001 -8.7602
v -45.227 0.85973 -9.8608
v -45.295 0.9441 -9.2365
v -45.085 -0.46905 -9.3639
v -45.227 0.85973 -9.8608
v -44.91 0.20001 -8.7602
v -40.31 -15.747 -4.7877
v -40.865 -14.192 -4.8408
v -40.113 -14.272 -3.22
v -50.097 -5.1888 -13.366
v -49.952 -6.6297 -14.672
v -49.873 -6.1961 -12.623
v -41.303 -13.29 -5.3077
v -41.22 -12.514 -4.5463
v -40.637 -13.406 -3.79
v -44.323 -2.8154 -7.4492
v -44.132 -3.2051 -7.0148
v -44.428 -3.3144 -7.8531
v -43.705 -5.1147 -6.317
v -43.394 -6.0216 -5.9231
v -43.713 -5.8612 -6.5919
v -49.952 -6.6297 -14.672
v -50.097 -5.1888 -13.366
v -50.217 -4.5612 -14.32
v -43.713 -5.8612 -6.5919
v -43.394 -6.0216 -5.9231
v -43.483 -6.5395 -6.333
v -42.434 -22.944 -16.978
v -42.968 -21.788 -17.077
v -42.469 -22.052 -17.067
v -43.483 -6.5395 -6.333
v -43.394 -6.0216 -5.9231
v -43.248 -6.1998 -5.4893
v -42.215 -9.2778 -4.5292
v -42.711 -9.3297 -5.6701
v -42.588 -8.9234 -5.2166
v -42.352 -9.9576 -5.2634
v -42.711 -9.3297 -5.6701
v -42.215 -9.2778 -4.5292
v -44.674 -1.2819 -8.2126
v -44.504 -1.6665 -7.8562
v -44.763 -2.0549 -8.5804
v -44.16 -3.8752 -7.2376
v -44.064 -4.1776 -7.0299
v -44.177 -4.4006 -7.3745
v -42.739 -20.396 -17.089
v -42.968 -21.788 -17.077
v -43.565 -20.26 -17.168
v -44.546 -2.1498 -7.9381
v -44.763 -2.0549 -8.5804
v -44.504 -1.6665 -7.8562
v -43.895 -4.1973 -6.5089
v -43.705 -5.1147 -6.317
v -43.912 -5.0214 -6.8617
v -45.834 -1.8333 -5.1898
v -46.223 -2.065 -4.405
v -45.084 -2.0756 -5.0924
v -41.777 -17.453 2.6494
v -41.932 -16.664 2.9602
v -42.299 -16.681 2.352
v -41.147 -27.348 -15.493
v -40.429 -27.891 -15.85
v -40.962 -27.954 -15.036
v -43.912 -5.0214 -6.8617
v -43.705 -5.1147 -6.317
v -43.713 -5.8612 -6.5919
v -45.295 0.9441 -9.2365
v -45.314 1.0807 -9.4216
v -45.733 1.1374 -9.3365
v -41.101 -26.959 -15.903
v -40.429 -27.891 -15.85
v -41.147 -27.348 -15.493
v -41.777 -17.453 2.6494
v -41.338 -18.425 2.661
v -41.283 -17.961 3.1039
v -44.622 -9.7788 2.0853
v -44.66 -10.341 1.7685
v -44.232 -10.531 2.4691
v -36.888 -24.102 -4.5268
v -36.773 -23.803 -3.5849
v -37.157 -24.289 -4.1785
v -44.622 -9.7788 2.0853
v -44.72 -9.105 2.2338
v -45.029 -9.5102 1.5134
v -36.612 -24.128 -5.4342
v -36.421 -23.713 -4.599
v -36.888 -24.102 -4.5268
v -41.506 -12.054 -4.8635
v -41.977 -11.32 -5.4417
v -41.548 -11.704 -4.7096
v -46.254 -2.8156 -2.7248
v -45.948 -3.216 -1.9839
v -45.717 -3.2663 -2.7219
v -46.209 -3.4584 -1.2355
v -45.948 -3.216 -1.9839
v -46.394 -3.0594 -1.8872
v -43.847 -11.793 2.5297
v -43.752 -11.359 2.9467
v -44.243 -11.336 2.1115
v -42.527 -15.119 2.9743
v -42.819 -14.823 2.6973
v -42.85 -15.368 2.2619
v -43.72 -23.6 -11.361
v -44.045 -22.974 -11.238
v -44.028 -23.176 -11.922
v -38.396 -24.176 -0.21675
v -37.788 -23.813 -0.71398
v -38.029 -23.77 -0.24325
v -43.847 -11.793 2.5297
v -43.931 -12.611 1.9377
v -43.624 -12.166 2.7766
v -42.376 -15.908 2.7182
v -42.527 -15.119 2.9743
v -42.85 -15.368 2.2619
v -43.624 -12.166 2.7766
v -43.931 -12.611 1.9377
v -43.562 -12.854 2.5444
v -38.792 -24 1.0513
v -38.098 -23.624 0.58828
v -38.168 -23.299 1.381
v -40.086 -21.569 2.1027
v -39.971 -21.325 2.5477
v -40.421 -20.539 2.4333
v -45.37 -1.0444 -6.7141
v -45.958 -1.1749 -6.1521
v -45.077 -1.5505 -6.2378
v -42.376 -15.908 2.7182
v -42.299 -16.681 2.352
v -41.932 -16.664 2.9602
v -43.33 -24.403 -11.545
v -43.626 -23.915 -11.854
v -43.472 -24.327 -12.302
v -43.339 -7.1659 -6.2775
v -43.483 -6.5395 -6.333
v -43.182 -6.8651 -5.6933
v -41.977 -11.32 -5.4417
v -42.025 -10.773 -5.0748
v -41.548 -11.704 -4.7096
v -45.314 1.0807 -9.4216
v -45.377 1.4575 -9.8338
v -45.733 1.1374 -9.3365
v -43.182 -6.8651 -5.6933
v -43.124 -7.5438 -5.8676
v -43.339 -7.1659 -6.2775
v -42.384 -26.221 -12.997
v -42.109 -26.556 -12.264
v -42.671 -25.71 -12.281
v -41.338 -18.425 2.661
v -41.427 -18.877 2.1224
v -41.011 -18.813 2.8843
v -45.295 0.9441 -9.2365
v -45.733 1.1374 -9.3365
v -45.355 0.60034 -8.661
v -44.045 -22.974 -11.238
v -44.516 -22.026 -11.158
v -44.526 -22.199 -11.798
v -41.514 -27.588 -13.935
v -41.151 -27.934 -14.452
v -41.191 -28.046 -13.408
v -42.903 -7.8662 -5.4587
v -42.708 -8.4602 -5.3317
v -43.033 -8.3798 -6.0386
v -45.084 -2.0756 -5.0924
v -46.223 -2.065 -4.405
v -45.704 -2.3818 -4.2211
v -40.962 -27.954 -15.036
v -40.339 -28.876 -14.813
v -41.151 -27.934 -14.452
v -44.428 -3.3144 -7.8531
v -44.132 -3.2051 -7.0148
v -44.269 -3.7263 -7.5225
v -40.421 -20.539 2.4333
v -41.068 -19.631 2.1878
v -40.752 -20.437 1.9774
v -44.16 -3.8752 -7.2376
v -44.269 -3.7263 -7.5225
v -44.132 -3.2051 -7.0148
v -45.704 -2.3818 -4.2211
v -46.12 -2.4914 -3.716
v -45.733 -2.835 -3.391
v -46.715 -17.13 -11.176
v -46.508 -17.672 -11.45
v -46.363 -17.79 -10.846
v -41.905 -27.02 -13.589
v -41.514 -27.588 -13.935
v -41.346 -27.755 -12.844
v -44.778 -21.436 -10.902
v -45.056 -20.74 -10.633
v -45.061 -21.046 -11.417
v -46.01 -0.76622 -6.5548
v -45.587 -0.37744 -7.4211
v -45.96 -0.43875 -7.0649
v -42.971 -25.272 -12.852
v -42.671 -25.71 -12.281
v -42.944 -25.082 -11.789
v -46.01 -0.76622 -6.5548
v -45.37 -1.0444 -6.7141
v -45.587 -0.37744 -7.4211
v -46.394 -3.0594 -1.8872
v -45.948 -3.216 -1.9839
v -46.254 -2.8156 -2.7248
v -42.025 -10.773 -5.0748
v -42.352 -9.9576 -5.2634
v -42.127 -10.011 -4.7934
v -37.932 -24.244 -1.4253
v -37.788 -23.813 -0.71398
v -38.494 -24.548 -1.0121
v -38.679 -24.12 0.61414
v -38.396 -24.176 -0.21675
v -38.098 -23.624 0.58828
v -38.764 -23.675 1.6178
v -39.062 -23.723 1.4674
v -38.792 -24 1.0513
v -45.598 -19.677 -11.042
v -45.303 -20.448 -11.169
v -45.316 -20.113 -10.516
v -38.764 -23.675 1.6178
v -39.055 -23.271 2.0572
v -39.062 -23.723 1.4674
v -40.086 -21.569 2.1027
v -39.532 -22.33 2.3462
v -39.971 -21.325 2.5477
v -42.384 -26.221 -12.997
v -41.905 -27.02 -13.589
v -41.696 -27.249 -12.63
v -36.459 -23.71 -5.5417
v -37.269 -22.255 -5.3371
v -36.37 -23.393 -5.0086
v -45.695 3.6196 -12.608
v -45.755 4.4963 -12.502
v -45.85 3.8636 -12.029
v -40.865 -14.192 -4.8408
v -41.303 -13.29 -5.3077
v -40.637 -13.406 -3.79
v -45.448 1.4529 -10.782
v -45.475 1.7751 -10.097
v -45.377 1.4575 -9.8338
v -45.377 1.4575 -9.8338
v -45.227 0.85973 -9.8608
v -45.448 1.4529 -10.782
v -45.061 -21.046 -11.417
v -45.056 -20.74 -10.633
v -45.303 -20.448 -11.169
v -39.643 -17.173 -4.7025
v -39.046 -18.698 -4.8143
v -39.796 -17.677 -5.5974
v -41.346 -27.755 -12.844
v -41.514 -27.588 -13.935
v -41.191 -28.046 -13.408
v -46.537 -4.7571 0.061386
v -46.237 -4.3005 0.43568
v -46.684 -4.0373 -0.087328
v -46.307 -4.7452 0.53225
v -46.237 -4.3005 0.43568
v -46.537 -4.7571 0.061386
v -46.237 -4.3005 0.43568
v -46.469 -3.7663 -0.092813
v -46.684 -4.0373 -0.087328
v -46.012 -4.968 1.0322
v -46.307 -4.7452 0.53225
v -46.224 -5.3031 0.61659
v -37.256 -24.154 -3.0983
v -37.157 -24.289 -4.1785
v -36.773 -23.803 -3.5849
v -48.413 -12.197 -11.639
v -48.498 -11.594 -11.192
v -48.706 -11.512 -12.231
v -45.087 -8.1151 1.9175
v -45.379 -8.1013 1.2678
v -45.082 -8.7256 1.6433
v -45.717 -3.2663 -2.7219
v -45.733 -2.835 -3.391
v -46.254 -2.8156 -2.7248
v -44.064 -4.1776 -7.0299
v -43.991 -4.3789 -6.8872
v -44.177 -4.4006 -7.3745
v -45.718 0.19176 -7.9877
v -45.355 0.60034 -8.661
v -46.135 0.36918 -8.119
v -43.912 -5.0214 -6.8617
v -44.177 -4.4006 -7.3745
v -43.991 -4.3789 -6.8872
v -46.073 -5.6531 0.83648
v -46.186 -5.7976 0.51576
v -45.863 -5.7827 1.1963
v -45.863 -5.7827 1.1963
v -45.957 -6.9021 0.70517
v -45.542 -6.7521 1.493
v -45.056 -20.74 -10.633
v -45.316 -20.113 -10.516
v -45.303 -20.448 -11.169
v -41.777 -17.453 2.6494
v -41.709 -18.217 2.1846
v -41.338 -18.425 2.661
v -43.912 -5.0214 -6.8617
v -43.713 -5.8612 -6.5919
v -43.811 -5.7909 -6.997
v -45.448 1.4529 -10.782
v -45.564 2.0673 -10.781
v -45.475 1.7751 -10.097
v -50.091 -4.0039 -16.299
v -49.862 -5.0588 -16.551
v -50.172 -4.4069 -15.856
v -47.564 -14.869 -11.639
v -47.338 -15.287 -11.005
v -47.469 -14.687 -10.805
v -45.475 1.7751 -10.097
v -45.564 2.0673 -10.781
v -45.837 2.1768 -10.477
v -45.37 -1.0444 -6.7141
v -46.01 -0.76622 -6.5548
v -45.958 -1.1749 -6.1521
v -44.243 -11.336 2.1115
v -44.216 -11.918 1.8757
v -43.847 -11.793 2.5297
v -48.811 -10.802 -11.55
v -48.706 -11.512 -12.231
v -48.498 -11.594 -11.192
v -45.958 -1.1749 -6.1521
v -45.566 -1.6494 -5.6866
v -45.077 -1.5505 -6.2378
v -37.256 -24.154 -3.0983
v -37.463 -24.052 -2.2417
v -37.709 -24.451 -2.6514
v -46.617 -16.942 -10.453
v -46.715 -17.13 -11.176
v -46.498 -17.387 -10.577
v -42.352 -9.9576 -5.2634
v -42.025 -10.773 -5.0748
v -42.308 -10.617 -5.6074
v -45.475 1.7751 -10.097
v -45.733 1.1374 -9.3365
v -45.377 1.4575 -9.8338
v -49.707 -4.5201 -16.926
v -49.862 -5.0588 -16.551
v -50.091 -4.0039 -16.299
v -45.082 -8.7256 1.6433
v -45.029 -9.5102 1.5134
v -44.72 -9.105 2.2338
v -43.339 -7.1659 -6.2775
v -43.124 -7.5438 -5.8676
v -43.269 -7.589 -6.3469
v -43.596 -13.301 2.191
v -43.453 -13.447 2.3456
v -43.562 -12.854 2.5444
v -43.124 -7.5438 -5.8676
v -42.903 -7.8662 -5.4587
v -43.033 -8.3798 -6.0386
v -46.904 -16.451 -10.753
v -46.715 -17.13 -11.176
v -46.617 -16.942 -10.453
v -43.245 -13.675 2.6279
v -43.453 -13.447 2.3456
v -43.512 -13.916 2.027
v -44.428 -3.3144 -7.8531
v -44.527 -2.7817 -7.9989
v -44.323 -2.8154 -7.4492
v -43.01 -14.367 2.6116
v -43.245 -13.675 2.6279
v -43.165 -14.55 2.2726
v -38.219 -20.72 -5.4989
v -38.498 -20.021 -5.2141
v -37.988 -20.779 -5.0539
v -43.01 -14.367 2.6116
v -43.165 -14.55 2.2726
v -42.819 -14.823 2.6973
v -42.588 -8.9234 -5.2166
v -43.033 -8.3798 -6.0386
v -42.708 -8.4602 -5.3317
v -47.887 -13.885 -11.605
v -47.651 -14.141 -10.893
v -47.919 -13.603 -11.186
v -42.711 -9.3297 -5.6701
v -43.033 -8.3798 -6.0386
v -42.588 -8.9234 -5.2166
v -37.549 -21.659 -5.1642
v -37.269 -22.255 -5.3371
v -37.834 -21.676 -5.8563
v -38.679 -24.12 0.61414
v -38.098 -23.624 0.58828
v -38.792 -24 1.0513
v -39.062 -23.723 1.4674
v -39.059 -23.936 1.1953
v -38.792 -24 1.0513
v -36.575 -24.132 -5.9576
v -36.459 -23.71 -5.5417
v -36.612 -24.128 -5.4342
v -44.269 -3.7263 -7.5225
v -44.16 -3.8752 -7.2376
v -44.177 -4.4006 -7.3745
v -44.12 -5.3371 -7.5874
v -44.177 -4.4006 -7.3745
v -43.912 -5.0214 -6.8617
v -45.733 -2.835 -3.391
v -46.12 -2.4914 -3.716
v -46.254 -2.8156 -2.7248
v -45.029 -9.5102 1.5134
v -44.957 -10.343 1.1738
v -44.622 -9.7788 2.0853
v -47.651 -14.141 -10.893
v -47.564 -14.869 -11.639
v -47.469 -14.687 -10.805
v -41.977 -11.32 -5.4417
v -42.308 -10.617 -5.6074
v -42.025 -10.773 -5.0748
v -46.394 -3.0594 -1.8872
v -46.254 -2.8156 -2.7248
v -46.685 -2.5937 -2.6302
v -42.243 -17.207 2.0487
v -41.777 -17.453 2.6494
v -42.299 -16.681 2.352
v -45.898 -19.005 -10.848
v -45.598 -19.677 -11.042
v -45.518 -19.566 -10.25
v -46.209 -3.4584 -1.2355
v -46.394 -3.0594 -1.8872
v -46.751 -2.8777 -1.5801
v -44.663 -10.969 1.5823
v -44.232 -10.531 2.4691
v -44.66 -10.341 1.7685
v -37.549 -21.659 -5.1642
v -38.219 -20.72 -5.4989
v -37.988 -20.779 -5.0539
v -41.427 -18.877 2.1224
v -41.338 -18.425 2.661
v -41.709 -18.217 2.1846
v -44.232 -10.531 2.4691
v -44.663 -10.969 1.5823
v -44.243 -11.336 2.1115
v -43.931 -12.611 1.9377
v -43.847 -11.793 2.5297
v -44.216 -11.918 1.8757
v -41.427 -18.877 2.1224
v -41.068 -19.631 2.1878
v -41.011 -18.813 2.8843
v -46.148 0.85441 -8.8075
v -46.135 0.36918 -8.119
v -45.355 0.60034 -8.661
v -44.516 -22.026 -11.158
v -44.045 -22.974 -11.238
v -44.093 -22.702 -10.713
v -43.165 -14.55 2.2726
v -43.245 -13.675 2.6279
v -43.512 -13.916 2.027
v -45.957 -6.9021 0.70517
v -45.863 -5.7827 1.1963
v -46.095 -6.422 0.54811
v -43.72 -23.6 -11.361
v -43.626 -23.915 -11.854
v -43.523 -23.805 -11.046
v -45.566 -1.6494 -5.6866
v -46.105 -1.4512 -5.6715
v -45.834 -1.8333 -5.1898
v -43.165 -14.55 2.2726
v -42.85 -15.368 2.2619
v -42.819 -14.823 2.6973
v -45.604 1.9974 -11.322
v -45.726 2.582 -11.286
v -45.564 2.0673 -10.781
v -45.448 1.4529 -10.782
v -45.604 1.9974 -11.322
v -45.564 2.0673 -10.781
v -44.527 -2.7817 -7.9989
v -44.763 -2.0549 -8.5804
v -44.546 -2.1498 -7.9381
v -45.564 2.0673 -10.781
v -45.726 2.582 -11.286
v -45.837 2.1768 -10.477
v -45.085 -0.46905 -9.3639
v -44.674 -1.2819 -8.2126
v -44.763 -2.0549 -8.5804
v -39.377 -22.81 2.0584
v -39.687 -23.044 1.2582
v -39.055 -23.271 2.0572
v -36.888 -24.102 -4.5268
v -36.913 -24.421 -5.2613
v -36.612 -24.128 -5.4342
v -46.715 -17.13 -11.176
v -46.363 -17.79 -10.846
v -46.498 -17.387 -10.577
v -44.428 -3.3144 -7.8531
v -44.269 -3.7263 -7.5225
v -44.424 -3.7898 -7.9453
v -40.086 -21.569 2.1027
v -40.421 -20.539 2.4333
v -40.472 -21.208 1.735
v -38.494 -24.548 -1.0121
v -37.788 -23.813 -0.71398
v -38.396 -24.176 -0.21675
v -45.652 3.1652 -12.033
v -45.85 3.8636 -12.029
v -45.924 3.2703 -11.664
v -46.148 0.85441 -8.8075
v -45.355 0.60034 -8.661
v -45.733 1.1374 -9.3365
v -46.904 -16.451 -10.753
v -47.169 -15.391 -10.536
v -47.338 -15.287 -11.005
v -45.726 2.582 -11.286
v -45.652 3.1652 -12.033
v -45.924 3.2703 -11.664
v -46.413 4.7229 -12.596
v -45.755 4.4963 -12.502
v -46.121 4.736 -13.34
v -46.121 4.736 -13.34
v -45.755 4.4963 -12.502
v -45.919 4.551 -14.004
v -45.781 4.2287 -13.852
v -45.919 4.551 -14.004
v -45.755 4.4963 -12.502
v -46.481 -3.4484 -0.74692
v -46.209 -3.4584 -1.2355
v -46.751 -2.8777 -1.5801
v -48.811 -10.802 -11.55
v -49.086 -9.8672 -12.022
v -49.053 -10.373 -12.475
v -46.469 -3.7663 -0.092813
v -46.481 -3.4484 -0.74692
v -46.859 -3.5206 -0.74655
v -45.755 4.4963 -12.502
v -45.695 3.6196 -12.608
v -45.781 4.2287 -13.852
v -41.303 -13.29 -5.3077
v -41.506 -12.054 -4.8635
v -41.22 -12.514 -4.5463
v -46.224 -5.3031 0.61659
v -46.307 -4.7452 0.53225
v -46.537 -4.7571 0.061386
v -36.459 -23.71 -5.5417
v -36.575 -24.132 -5.9576
v -36.736 -24.005 -6.5806
v -45.755 4.4963 -12.502
v -46.398 4.4904 -12.209
v -45.85 3.8636 -12.029
v -39.643 -17.173 -4.7025
v -40.31 -15.747 -4.7877
v -39.677 -16.014 -3.5549
v -39.046 -18.698 -4.8143
v -38.417 -19.471 -4.3672
v -38.498 -20.021 -5.2141
v -45.85 3.8636 -12.029
v -45.652 3.1652 -12.033
v -45.695 3.6196 -12.608
v -44.763 -2.0549 -8.5804
v -45.018 -1.8911 -9.2668
v -45.085 -0.46905 -9.3639
v -46.398 4.4904 -12.209
v -45.755 4.4963 -12.502
v -46.413 4.7229 -12.596
v -41.696 -27.249 -12.63
v -41.905 -27.02 -13.589
v -41.346 -27.755 -12.844
v -45.957 -6.9021 0.70517
v -45.662 -7.1891 1.0872
v -45.542 -6.7521 1.493
v -46.57 4.0616 -11.899
v -45.85 3.8636 -12.029
v -46.398 4.4904 -12.209
v -46.12 -2.4914 -3.716
v -45.704 -2.3818 -4.2211
v -46.223 -2.065 -4.405
v -44.606 -3.2534 -8.2672
v -44.527 -2.7817 -7.9989
v -44.428 -3.3144 -7.8531
v -45.379 -8.1013 1.2678
v -45.298 -9.0149 1.1303
v -45.082 -8.7256 1.6433
v -42.376 -15.908 2.7182
v -42.733 -16.065 2.0165
v -42.299 -16.681 2.352
v -42.384 -26.221 -12.997
v -41.696 -27.249 -12.63
v -42.109 -26.556 -12.264
v -42.352 -9.9576 -5.2634
v -42.559 -10.175 -5.9395
v -42.711 -9.3297 -5.6701
v -44.269 -3.7263 -7.5225
v -44.177 -4.4006 -7.3745
v -44.424 -3.7898 -7.9453
v -44.622 -9.7788 2.0853
v -44.957 -10.343 1.1738
v -44.66 -10.341 1.7685
v -44.291 -22.28 -10.633
v -44.516 -22.026 -11.158
v -44.093 -22.702 -10.713
v -41.101 -26.959 -15.903
v -41.376 -26.262 -16.098
v -40.706 -26.318 -16.624
v -45.652 3.1652 -12.033
v -45.726 2.582 -11.286
v -45.686 2.1293 -12.003
v -45.686 2.1293 -12.003
v -45.726 2.582 -11.286
v -45.604 1.9974 -11.322
v -43.596 -13.301 2.191
v -43.562 -12.854 2.5444
v -43.931 -12.611 1.9377
v -43.512 -13.916 2.027
v -43.453 -13.447 2.3456
v -43.596 -13.301 2.191
v -45.837 2.1768 -10.477
v -45.726 2.582 -11.286
v -46.304 2.7494 -10.792
v -46.224 -5.3031 0.61659
v -46.186 -5.7976 0.51576
v -46.073 -5.6531 0.83648
v -46.095 -6.422 0.54811
v -45.863 -5.7827 1.1963
v -46.186 -5.7976 0.51576
v -45.475 1.7751 -10.097
v -45.837 2.1768 -10.477
v -46.184 2.043 -10.152
v -46.055 1.4832 -9.6155
v -45.475 1.7751 -10.097
v -46.184 2.043 -10.152
v -45.733 1.1374 -9.3365
v -45.475 1.7751 -10.097
v -46.055 1.4832 -9.6155
v -37.463 -24.052 -2.2417
v -37.932 -24.244 -1.4253
v -38.067 -24.564 -2.0759
v -41.151 -27.934 -14.452
v -40.339 -28.876 -14.813
v -40.802 -28.532 -13.941
v -45.566 -1.6494 -5.6866
v -45.958 -1.1749 -6.1521
v -46.105 -1.4512 -5.6715
v -39.941 -22.44 1.4595
v -39.687 -23.044 1.2582
v -39.377 -22.81 2.0584
v -40.421 -20.539 2.4333
v -40.752 -20.437 1.9774
v -40.472 -21.208 1.735
v -39.941 -22.44 1.4595
v -39.377 -22.81 2.0584
v -39.532 -22.33 2.3462
v -36.575 -24.132 -5.9576
v -36.612 -24.128 -5.4342
v -36.82 -24.435 -5.8443
v -36.913 -24.421 -5.2613
v -36.82 -24.435 -5.8443
v -36.612 -24.128 -5.4342
v -43.033 -8.3798 -6.0386
v -43.269 -7.589 -6.3469
v -43.124 -7.5438 -5.8676
v -43.233 -8.3057 -6.5195
v -43.269 -7.589 -6.3469
v -43.033 -8.3798 -6.0386
v -46.223 -2.065 -4.405
v -45.834 -1.8333 -5.1898
v -46.477 -1.6262 -5.0784
v -42.85 -15.368 2.2619
v -43.165 -14.55 2.2726
v -43.172 -15.237 1.8538
v -42.711 -9.3297 -5.6701
v -43.011 -9.1796 -6.4891
v -43.033 -8.3798 -6.0386
v -38.067 -24.564 -2.0759
v -37.709 -24.451 -2.6514
v -37.463 -24.052 -2.2417
v -40.415 -28.294 -15.485
v -40.962 -27.954 -15.036
v -40.429 -27.891 -15.85
v -44.77 -2.9413 -8.706
v -44.527 -2.7817 -7.9989
v -44.606 -3.2534 -8.2672
v -42.85 -15.368 2.2619
v -42.733 -16.065 2.0165
v -42.376 -15.908 2.7182
v -42.733 -16.065 2.0165
v -42.712 -16.796 1.5346
v -42.299 -16.681 2.352
v -42.352 -9.9576 -5.2634
v -42.308 -10.617 -5.6074
v -42.559 -10.175 -5.9395
v -45.744 2.7956 -12.548
v -45.652 3.1652 -12.033
v -45.686 2.1293 -12.003
v -42.243 -17.207 2.0487
v -41.709 -18.217 2.1846
v -41.777 -17.453 2.6494
v -40.086 -21.569 2.1027
v -39.941 -22.44 1.4595
v -39.532 -22.33 2.3462
v -44.368 -17.72 -17.275
v -43.275 -19.051 -17.175
v -44.196 -19.086 -17.176
v -43.565 -20.26 -17.168
v -44.196 -19.086 -17.176
v -43.275 -19.051 -17.175
v -40.472 -21.208 1.735
v -40.383 -21.725 1.3721
v -40.086 -21.569 2.1027
v -45.924 3.2703 -11.664
v -46.449 3.3249 -11.395
v -45.726 2.582 -11.286
v -41.335 -24.937 -16.785
v -40.706 -26.318 -16.624
v -41.731 -25.604 -16.27
v -45.169 -14.158 -17.419
v -45.6 -15.238 -17.441
v -46.19 -13.328 -17.558
v -38.219 -20.72 -5.4989
v -37.549 -21.659 -5.1642
v -37.834 -21.676 -5.8563
v -45.726 2.582 -11.286
v -46.449 3.3249 -11.395
v -46.304 2.7494 -10.792
v -43.483 -6.5395 -6.333
v -43.701 -6.667 -7.0331
v -43.713 -5.8612 -6.5919
v -46.224 -5.3031 0.61659
v -46.537 -4.7571 0.061386
v -46.467 -5.4577 -0.079039
v -43.483 -6.5395 -6.333
v -43.339 -7.1659 -6.2775
v -43.701 -6.667 -7.0331
v -39.055 -23.271 2.0572
v -39.687 -23.044 1.2582
v -39.062 -23.723 1.4674
v -37.157 -24.289 -4.1785
v -36.913 -24.421 -5.2613
v -36.888 -24.102 -4.5268
v -46.095 -6.422 0.54811
v -46.186 -5.7976 0.51576
v -46.299 -6.3069 0.086418
v -45.029 -9.5102 1.5134
v -45.082 -8.7256 1.6433
v -45.298 -9.0149 1.1303
v -43.464 -7.647 -6.8235
v -43.339 -7.1659 -6.2775
v -43.269 -7.589 -6.3469
v -50.217 -4.5612 -14.32
v -50.25 -4.3423 -15.053
v -50.189 -5.0477 -15.039
v -45.587 -0.37744 -7.4211
v -45.718 0.19176 -7.9877
v -46.356 -0.016337 -7.5398
v -45.96 -0.43875 -7.0649
v -45.587 -0.37744 -7.4211
v -46.356 -0.016337 -7.5398
v -45.448 1.4529 -10.782
v -45.227 0.85973 -9.8608
v -45.587 0.54488 -11.147
v -47.957 -6.9151 -18.016
v -48.599 -7.6452 -17.614
v -48.451 -6.0114 -17.851
v -50.31 -3.3501 -15.698
v -50.172 -4.4069 -15.856
v -50.25 -4.3423 -15.053
v -41.687 -12.747 -5.9012
v -41.977 -11.32 -5.4417
v -41.506 -12.054 -4.8635
v -36.736 -24.005 -6.5806
v -36.575 -24.132 -5.9576
v -36.754 -24.453 -6.4418
v -45.085 -0.46905 -9.3639
v -45.317 -0.58531 -10.203
v -45.227 0.85973 -9.8608
v -45.018 -1.8911 -9.2668
v -45.266 -1.2732 -9.8356
v -45.085 -0.46905 -9.3639
v -37.269 -22.255 -5.3371
v -36.459 -23.71 -5.5417
v -37.7 -22.326 -6.3554
v -46.469 -3.7663 -0.092813
v -46.859 -3.5206 -0.74655
v -46.684 -4.0373 -0.087328
v -36.736 -24.005 -6.5806
v -37.7 -22.326 -6.3554
v -36.459 -23.71 -5.5417
v -40.802 -28.532 -13.941
v -40.339 -28.876 -14.813
v -40.038 -29.254 -14.618
v -40.31 -15.747 -4.7877
v -39.643 -17.173 -4.7025
v -40.734 -16.117 -6.1744
v -38.792 -24 1.0513
v -38.984 -24.227 0.72024
v -38.679 -24.12 0.61414
v -38.498 -20.021 -5.2141
v -39.788 -18.511 -6.5464
v -39.046 -18.698 -4.8143
v -49.364 -5.8822 -17.103
v -49.707 -4.5201 -16.926
v -48.928 -4.7034 -17.741
v -40.429 -27.891 -15.85
v -41.101 -26.959 -15.903
v -40.292 -27.255 -16.293
v -43.464 -7.647 -6.8235
v -43.701 -6.667 -7.0331
v -43.339 -7.1659 -6.2775
v -44.424 -3.7898 -7.9453
v -44.177 -4.4006 -7.3745
v -44.39 -4.2731 -7.8905
v -48.451 -6.0114 -17.851
v -49.364 -5.8822 -17.103
v -48.928 -4.7034 -17.741
v -40.292 -27.255 -16.293
v -41.101 -26.959 -15.903
v -40.706 -26.318 -16.624
v -49.184 -9.5093 -12.204
v -49.333 -8.1838 -11.417
v -49.516 -8.6859 -13.212
v -43.512 -13.916 2.027
v -43.387 -14.684 1.758
v -43.165 -14.55 2.2726
v -49.441 -3.7291 -17.433
v -48.928 -4.7034 -17.741
v -49.707 -4.5201 -16.926
v -49.674 -7.4131 -12.626
v -49.516 -8.6859 -13.212
v -49.333 -8.1838 -11.417
v -43.811 -5.7909 -6.997
v -44.12 -5.3371 -7.5874
v -43.912 -5.0214 -6.8617
v -46.223 -2.065 -4.405
v -46.545 -2.3419 -3.6004
v -46.12 -2.4914 -3.716
v -44.763 -2.0549 -8.5804
v -44.527 -2.7817 -7.9989
v -44.77 -2.9413 -8.706
v -43.701 -6.667 -7.0331
v -43.811 -5.7909 -6.997
v -43.713 -5.8612 -6.5919
v -46.121 4.736 -13.34
v -45.919 4.551 -14.004
v -46.216 4.6937 -13.78
v -46.151 -18.107 -10.222
v -46.134 -18.216 -10.548
v -45.898 -19.005 -10.848
v -46.254 -2.8156 -2.7248
v -46.12 -2.4914 -3.716
v -46.545 -2.3419 -3.6004
v -44.428 -3.3144 -7.8531
v -44.424 -3.7898 -7.9453
v -44.606 -3.2534 -8.2672
v -46.151 -18.107 -10.222
v -46.363 -17.79 -10.846
v -46.134 -18.216 -10.548
v -46.498 -17.387 -10.577
v -46.468 -17.245 -10.135
v -46.617 -16.942 -10.453
v -37.157 -24.289 -4.1785
v -37.256 -24.154 -3.0983
v -37.61 -24.696 -3.8302
v -45.604 1.9974 -11.322
v -45.448 1.4529 -10.782
v -45.608 1.0328 -11.361
v -46.468 -17.245 -10.135
v -46.498 -17.387 -10.577
v -46.363 -17.79 -10.846
v -46.467 -5.4577 -0.079039
v -46.186 -5.7976 0.51576
v -46.224 -5.3031 0.61659
v -41.709 -18.217 2.1846
v -42.243 -17.207 2.0487
v -42.091 -18.168 1.5447
v -47.469 -14.687 -10.805
v -47.338 -15.287 -11.005
v -47.169 -15.391 -10.536
v -38.498 -20.021 -5.2141
v -38.219 -20.72 -5.4989
v -38.53 -20.441 -5.8924
v -40.472 -21.208 1.735
v -40.752 -20.437 1.9774
v -40.847 -20.973 1.2591
v -45.695 3.6196 -12.608
v -45.652 3.1652 -12.033
v -45.828 3.0423 -13.238
v -44.216 -11.918 1.8757
v -44.243 -11.336 2.1115
v -44.663 -10.969 1.5823
v -45.733 1.1374 -9.3365
v -46.055 1.4832 -9.6155
v -46.619 1.1574 -9.0973
v -47.919 -13.603 -11.186
v -47.651 -14.141 -10.893
v -47.807 -13.58 -10.547
v -46.617 -16.942 -10.453
v -46.685 -16.63 -10.157
v -46.904 -16.451 -10.753
v -40.383 -21.725 1.3721
v -39.941 -22.44 1.4595
v -40.086 -21.569 2.1027
v -46.398 4.4904 -12.209
v -46.413 4.7229 -12.596
v -46.739 4.6603 -12.313
v -45.781 4.2287 -13.852
v -45.695 3.6196 -12.608
v -45.828 3.3794 -13.662
v -45.924 3.2703 -11.664
v -45.85 3.8636 -12.029
v -46.449 3.3249 -11.395
v -38.792 -24 1.0513
v -39.059 -23.936 1.1953
v -38.984 -24.227 0.72024
v -45.828 3.3794 -13.662
v -45.695 3.6196 -12.608
v -45.828 3.0423 -13.238
v -39.062 -23.723 1.4674
v -39.687 -23.044 1.2582
v -39.349 -23.906 0.92671
v -39.059 -23.936 1.1953
v -39.062 -23.723 1.4674
v -39.349 -23.906 0.92671
v -45.96 -0.43875 -7.0649
v -46.64 -0.35223 -6.8079
v -46.01 -0.76622 -6.5548
v -45.652 3.1652 -12.033
v -45.744 2.7956 -12.548
v -45.828 3.0423 -13.238
v -37.269 -22.255 -5.3371
v -37.7 -22.326 -6.3554
v -37.834 -21.676 -5.8563
v -36.754 -24.453 -6.4418
v -36.575 -24.132 -5.9576
v -36.82 -24.435 -5.8443
v -45.837 2.1768 -10.477
v -46.304 2.7494 -10.792
v -46.184 2.043 -10.152
v -46.105 -1.4512 -5.6715
v -45.958 -1.1749 -6.1521
v -46.568 -1.1882 -5.5231
v -46.105 -1.4512 -5.6715
v -46.477 -1.6262 -5.0784
v -45.834 -1.8333 -5.1898
v -46.135 0.36918 -8.119
v -46.148 0.85441 -8.8075
v -46.694 0.63826 -8.4242
v -40.802 -28.532 -13.941
v -41.191 -28.046 -13.408
v -41.151 -27.934 -14.452
v -46.413 4.7229 -12.596
v -46.121 4.736 -13.34
v -46.815 4.7903 -13.085
v -46.135 0.36918 -8.119
v -46.356 -0.016337 -7.5398
v -45.718 0.19176 -7.9877
v -44.878 -2.6638 -8.9736
v -45.018 -1.8911 -9.2668
v -44.763 -2.0549 -8.5804
v -40.415 -28.294 -15.485
v -40.429 -27.891 -15.85
v -40.103 -28.166 -15.992
v -45.317 -0.58531 -10.203
v -45.587 0.54488 -11.147
v -45.227 0.85973 -9.8608
v -44.763 -2.0549 -8.5804
v -44.77 -2.9413 -8.706
v -44.878 -2.6638 -8.9736
v -42.944 -25.082 -11.789
v -42.671 -25.71 -12.281
v -42.614 -25.51 -11.572
v -43.596 -13.301 2.191
v -43.931 -12.611 1.9377
v -43.814 -13.428 1.7605
v -46.254 -2.8156 -2.7248
v -46.545 -2.3419 -3.6004
v -46.952 -2.3068 -3.1045
v -43.814 -13.428 1.7605
v -43.512 -13.916 2.027
v -43.596 -13.301 2.191
v -46.254 -2.8156 -2.7248
v -46.952 -2.3068 -3.1045
v -46.685 -2.5937 -2.6302
v -42.671 -25.71 -12.281
v -42.109 -26.556 -12.264
v -42.106 -26.398 -11.799
v -45.85 3.8636 -12.029
v -46.57 4.0616 -11.899
v -46.449 3.3249 -11.395
v -41.977 -11.32 -5.4417
v -42.389 -11.036 -6.1101
v -42.308 -10.617 -5.6074
v -43.172 -15.237 1.8538
v -43.165 -14.55 2.2726
v -43.387 -14.684 1.758
v -46.685 -2.5937 -2.6302
v -47.122 -2.3744 -2.4669
v -46.394 -3.0594 -1.8872
v -42.559 -10.175 -5.9395
v -42.832 -9.7392 -6.3481
v -42.711 -9.3297 -5.6701
v -46.394 -3.0594 -1.8872
v -47.122 -2.3744 -2.4669
v -46.751 -2.8777 -1.5801
v -44.39 -4.2731 -7.8905
v -44.177 -4.4006 -7.3745
v -44.261 -4.9108 -7.8838
v -47.027 -2.878 -1.4945
v -46.751 -2.8777 -1.5801
v -47.122 -2.3744 -2.4669
v -44.261 -4.9108 -7.8838
v -44.177 -4.4006 -7.3745
v -44.12 -5.3371 -7.5874
v -37.834 -21.676 -5.8563
v -38.166 -21.336 -6.1223
v -38.219 -20.72 -5.4989
v -46.684 -4.0373 -0.087328
v -46.818 -4.7109 -0.69627
v -46.537 -4.7571 0.061386
v -37.332 -24.688 -4.8221
v -36.913 -24.421 -5.2613
v -37.157 -24.289 -4.1785
v -40.752 -20.437 1.9774
v -41.068 -19.631 2.1878
v -41.296 -19.971 1.4396
v -43.964 -6.0826 -7.534
v -44.12 -5.3371 -7.5874
v -43.811 -5.7909 -6.997
v -45.957 -6.9021 0.70517
v -45.977 -7.4978 0.47694
v -45.662 -7.1891 1.0872
v -45.543 -7.5424 1.137
v -45.662 -7.1891 1.0872
v -45.977 -7.4978 0.47694
v -45.379 -8.1013 1.2678
v -45.543 -7.5424 1.137
v -45.643 -8.2957 0.82128
v -45.298 -9.0149 1.1303
v -45.379 -8.1013 1.2678
v -45.643 -8.2957 0.82128
v -41.709 -18.217 2.1846
v -41.762 -18.763 1.6152
v -41.427 -18.877 2.1224
v -43.811 -5.7909 -6.997
v -43.701 -6.667 -7.0331
v -43.964 -6.0826 -7.534
v -38.396 -24.176 -0.21675
v -38.679 -24.12 0.61414
v -38.973 -24.549 0.23472
v -38.984 -24.227 0.72024
v -39.059 -23.936 1.1953
v -39.349 -23.906 0.92671
v -44.216 -11.918 1.8757
v -44.368 -12.302 1.3539
v -43.931 -12.611 1.9377
v -44.663 -10.969 1.5823
v -44.66 -10.341 1.7685
v -44.957 -10.343 1.1738
v -41.506 -12.054 -4.8635
v -41.303 -13.29 -5.3077
v -41.687 -12.747 -5.9012
v -40.319 -17.034 -6.0238
v -40.734 -16.117 -6.1744
v -39.643 -17.173 -4.7025
v -46.859 -3.5206 -0.74655
v -46.751 -2.8777 -1.5801
v -47.027 -2.878 -1.4945
v -46.481 -3.4484 -0.74692
v -46.751 -2.8777 -1.5801
v -46.859 -3.5206 -0.74655
v -38.973 -24.549 0.23472
v -38.679 -24.12 0.61414
v -38.984 -24.227 0.72024
v -49.872 -3.2827 -16.963
v -49.707 -4.5201 -16.926
v -50.091 -4.0039 -16.299
v -46.859 -3.5206 -0.74655
v -46.964 -3.9641 -0.728
v -46.684 -4.0373 -0.087328
v -44.045 -22.974 -11.238
v -43.72 -23.6 -11.361
v -43.764 -23.243 -10.594
v -37.7 -22.326 -6.3554
v -36.736 -24.005 -6.5806
v -37.569 -22.766 -6.7469
v -39.796 -17.677 -5.5974
v -39.046 -18.698 -4.8143
v -39.788 -18.511 -6.5464
v -46.216 4.6937 -13.78
v -45.919 4.551 -14.004
v -46.099 4.6924 -14.623
v -44.424 -3.7898 -7.9453
v -44.39 -4.2731 -7.8905
v -44.614 -3.8237 -8.3623
v -44.489 -21.799 -10.499
v -44.516 -22.026 -11.158
v -44.291 -22.28 -10.633
v -46.119 -7.092 0.25491
v -45.957 -6.9021 0.70517
v -46.095 -6.422 0.54811
v -43.269 -7.589 -6.3469
v -43.233 -8.3057 -6.5195
v -43.464 -7.647 -6.8235
v -46.568 -1.1882 -5.5231
v -46.477 -1.6262 -5.0784
v -46.105 -1.4512 -5.6715
v -46.121 4.736 -13.34
v -46.216 4.6937 -13.78
v -46.9 4.7559 -13.698
v -46.815 4.7903 -13.085
v -46.121 4.736 -13.34
v -46.9 4.7559 -13.698
v -46.477 -1.6262 -5.0784
v -46.684 -1.8781 -4.3706
v -46.223 -2.065 -4.405
v -44.489 -21.799 -10.499
v -44.778 -21.436 -10.902
v -44.516 -22.026 -11.158
v -45.029 -9.5102 1.5134
v -45.257 -9.935 0.82862
v -44.957 -10.343 1.1738
v -43.011 -9.1796 -6.4891
v -42.711 -9.3297 -5.6701
v -42.832 -9.7392 -6.3481
v -45.598 -19.677 -11.042
v -45.316 -20.113 -10.516
v -45.518 -19.566 -10.25
v -46.889 4.5793 -12.181
v -46.398 4.4904 -12.209
v -46.739 4.6603 -12.313
v -45.786 -18.84 -10.058
v -45.898 -19.005 -10.848
v -45.518 -19.566 -10.25
v -41.762 -18.763 1.6152
v -41.068 -19.631 2.1878
v -41.427 -18.877 2.1224
v -45.029 -9.5102 1.5134
v -45.298 -9.0149 1.1303
v -45.257 -9.935 0.82862
v -43.523 -23.805 -11.046
v -43.764 -23.243 -10.594
v -43.72 -23.6 -11.361
v -42.308 -10.617 -5.6074
v -42.389 -11.036 -6.1101
v -42.559 -10.175 -5.9395
v -44.216 -11.918 1.8757
v -44.663 -10.969 1.5823
v -44.549 -11.908 1.175
v -44.045 -22.974 -11.238
v -43.764 -23.243 -10.594
v -44.093 -22.702 -10.713
v -44.708 -3.7048 -8.7084
v -44.77 -2.9413 -8.706
v -44.606 -3.2534 -8.2672
v -38.53 -20.441 -5.8924
v -38.219 -20.72 -5.4989
v -38.166 -21.336 -6.1223
v -44.606 -3.2534 -8.2672
v -44.424 -3.7898 -7.9453
v -44.614 -3.8237 -8.3623
v -43.523 -23.805 -11.046
v -43.626 -23.915 -11.854
v -43.33 -24.403 -11.545
v -46.299 -6.3069 0.086418
v -46.186 -5.7976 0.51576
v -46.467 -5.4577 -0.079039
v -37.61 -24.696 -3.8302
v -37.332 -24.688 -4.8221
v -37.157 -24.289 -4.1785
v -45.587 0.54488 -11.147
v -45.608 1.0328 -11.361
v -45.448 1.4529 -10.782
v -37.709 -24.451 -2.6514
v -37.956 -24.841 -3.115
v -37.256 -24.154 -3.0983
v -42.614 -25.51 -11.572
v -42.671 -25.71 -12.281
v -42.106 -26.398 -11.799
v -44.711 -21.161 -10.03
v -45.056 -20.74 -10.633
v -44.778 -21.436 -10.902
v -46.184 2.043 -10.152
v -46.491 1.8523 -9.8467
v -46.055 1.4832 -9.6155
v -40.847 -20.973 1.2591
v -40.383 -21.725 1.3721
v -40.472 -21.208 1.735
v -46.72 -0.69597 -6.0468
v -46.01 -0.76622 -6.5548
v -46.64 -0.35223 -6.8079
v -46.01 -0.76622 -6.5548
v -46.72 -0.69597 -6.0468
v -45.958 -1.1749 -6.1521
v -37.283 -24.846 -5.45
v -36.82 -24.435 -5.8443
v -36.913 -24.421 -5.2613
v -45.958 -1.1749 -6.1521
v -46.72 -0.69597 -6.0468
v -46.568 -1.1882 -5.5231
v -46.684 -1.8781 -4.3706
v -46.545 -2.3419 -3.6004
v -46.223 -2.065 -4.405
v -37.283 -24.846 -5.45
v -36.913 -24.421 -5.2613
v -37.332 -24.688 -4.8221
v -42.733 -16.065 2.0165
v -42.85 -15.368 2.2619
v -43.172 -15.237 1.8538
v -45.828 3.3794 -13.662
v -45.841 3.6096 -14.426
v -45.781 4.2287 -13.852
v -50.31 -3.3501 -15.698
v -50.091 -4.0039 -16.299
v -50.172 -4.4069 -15.856
v -46.818 -4.7109 -0.69627
v -46.684 -4.0373 -0.087328
v -46.964 -3.9641 -0.728
v -46.151 -18.107 -10.222
v -45.898 -19.005 -10.848
v -45.786 -18.84 -10.058
v -46.467 -5.4577 -0.079039
v -46.537 -4.7571 0.061386
v -46.818 -4.7109 -0.69627
v -48.137 -12.976 -11.269
v -48.156 -12.429 -10.608
v -48.413 -12.197 -11.639
v -41.762 -18.763 1.6152
v -41.709 -18.217 2.1846
v -42.091 -18.168 1.5447
v -46.398 4.4904 -12.209
v -46.889 4.5793 -12.181
v -46.57 4.0616 -11.899
v -45.298 -9.0149 1.1303
v -45.643 -8.2957 0.82128
v -45.499 -8.9132 0.78916
v -44.614 -3.8237 -8.3623
v -44.708 -3.7048 -8.7084
v -44.606 -3.2534 -8.2672
v -46.57 4.0616 -11.899
v -46.753 3.7868 -11.67
v -46.449 3.3249 -11.395
v -46.119 -7.092 0.25491
v -45.977 -7.4978 0.47694
v -45.957 -6.9021 0.70517
v -48.498 -11.594 -11.192
v -48.413 -12.197 -11.639
v -48.156 -12.429 -10.608
v -44.261 -4.9108 -7.8838
v -44.528 -4.3879 -8.3509
v -44.39 -4.2731 -7.8905
v -45.543 -7.5424 1.137
v -45.977 -7.4978 0.47694
v -45.867 -7.8364 0.55743
v -50.128 -3.2319 -16.406
v -49.872 -3.2827 -16.963
v -50.091 -4.0039 -16.299
v -45.543 -7.5424 1.137
v -45.867 -7.8364 0.55743
v -45.643 -8.2957 0.82128
v -45.716 -8.3578 0.59545
v -45.643 -8.2957 0.82128
v -45.867 -7.8364 0.55743
v -43.814 -13.428 1.7605
v -43.854 -13.727 1.4964
v -43.512 -13.916 2.027
v -42.243 -17.207 2.0487
v -42.299 -16.681 2.352
v -42.712 -16.796 1.5346
v -43.387 -14.684 1.758
v -43.512 -13.916 2.027
v -43.854 -13.727 1.4964
v -36.736 -24.005 -6.5806
v -36.754 -24.453 -6.4418
v -36.762 -24.327 -7.1265
v -45.819 1.8446 -12.763
v -45.744 2.7956 -12.548
v -45.686 2.1293 -12.003
v -36.754 -24.453 -6.4418
v -36.82 -24.435 -5.8443
v -37.12 -24.909 -6.273
v -46.363 -17.79 -10.846
v -46.151 -18.107 -10.222
v -46.468 -17.245 -10.135
v -38.984 -24.227 0.72024
v -39.349 -23.906 0.92671
v -39.343 -24.316 0.42047
v -38.396 -24.176 -0.21675
v -38.973 -24.549 0.23472
v -38.899 -24.716 -0.3661
v -46.184 2.043 -10.152
v -46.304 2.7494 -10.792
v -46.682 2.4787 -10.439
v -43.701 -6.667 -7.0331
v -43.464 -7.647 -6.8235
v -43.845 -6.901 -7.5514
v -37.932 -24.244 -1.4253
v -38.494 -24.548 -1.0121
v -38.516 -24.81 -1.8368
v -43.033 -8.3798 -6.0386
v -43.011 -9.1796 -6.4891
v -43.233 -8.3057 -6.5195
v -37.61 -24.696 -3.8302
v -37.256 -24.154 -3.0983
v -37.956 -24.841 -3.115
v -37.709 -24.451 -2.6514
v -38.067 -24.564 -2.0759
v -38.278 -25.022 -2.7656
v -46.148 0.85441 -8.8075
v -45.733 1.1374 -9.3365
v -46.619 1.1574 -9.0973
v -46.491 1.8523 -9.8467
v -46.78 1.5236 -9.4039
v -46.055 1.4832 -9.6155
v -46.64 -0.35223 -6.8079
v -45.96 -0.43875 -7.0649
v -46.356 -0.016337 -7.5398
v -48.137 -12.976 -11.269
v -47.919 -13.603 -11.186
v -47.807 -13.58 -10.547
v -45.598 -0.1733 -11.406
v -45.587 0.54488 -11.147
v -45.317 -0.58531 -10.203
v -46.099 4.6924 -14.623
v -45.919 4.551 -14.004
v -45.827 4.334 -14.894
v -45.781 4.2287 -13.852
v -45.827 4.334 -14.894
v -45.919 4.551 -14.004
v -45.827 4.334 -14.894
v -45.781 4.2287 -13.852
v -45.841 3.6096 -14.426
v -45.317 -0.58531 -10.203
v -45.085 -0.46905 -9.3639
v -45.266 -1.2732 -9.8356
v -39.643 -17.173 -4.7025
v -39.796 -17.677 -5.5974
v -40.319 -17.034 -6.0238
v -38.166 -21.336 -6.1223
v -37.834 -21.676 -5.8563
v -37.7 -22.326 -6.3554
v -41.552 -13.806 -6.2382
v -41.687 -12.747 -5.9012
v -41.303 -13.29 -5.3077
v -41.552 -13.806 -6.2382
v -41.303 -13.29 -5.3077
v -40.865 -14.192 -4.8408
v -40.865 -14.192 -4.8408
v -40.31 -15.747 -4.7877
v -41.164 -15.089 -6.3509
v -48.811 -10.802 -11.55
v -48.97 -9.9392 -11.437
v -49.086 -9.8672 -12.022
v -46.841 -16.046 -9.8299
v -46.904 -16.451 -10.753
v -46.685 -16.63 -10.157
v -47.122 -2.3744 -2.4669
v -46.685 -2.5937 -2.6302
v -46.952 -2.3068 -3.1045
v -46.216 4.6937 -13.78
v -46.099 4.6924 -14.623
v -46.399 4.7131 -14.153
v -46.095 -6.422 0.54811
v -46.299 -6.3069 0.086418
v -46.119 -7.092 0.25491
v -46.19 -13.328 -17.558
v -46.6 -12.579 -17.697
v -45.49 -12.872 -17.497
v -47.169 -15.391 -10.536
v -46.904 -16.451 -10.753
v -46.841 -16.046 -9.8299
v -46.477 -1.6262 -5.0784
v -47.131 -1.3812 -4.5972
v -46.684 -1.8781 -4.3706
v -46.964 -3.9641 -0.728
v -46.859 -3.5206 -0.74655
v -47.233 -3.8181 -1.3548
v -44.549 -11.908 1.175
v -44.368 -12.302 1.3539
v -44.216 -11.918 1.8757
v -49.073 -9.7092 -11.7
v -49.066 -9.7472 -11.69
v -48.97 -9.9392 -11.437
v -49.073 -9.7092 -11.7
v -49.066 -9.7472 -11.69
v -49.073 -9.7092 -11.7
v -49.086 -9.8672 -12.022
v -49.066 -9.7472 -11.69
v -49.073 -9.7092 -11.7
v -48.97 -9.9392 -11.437
v -49.066 -9.7472 -11.69
v -49.086 -9.8672 -12.022
v -49.073 -9.7092 -11.7
v -49.073 -9.7092 -11.7
v -49.073 -9.7092 -11.7
v -46.545 -2.3419 -3.6004
v -46.684 -1.8781 -4.3706
v -47.157 -1.7528 -3.8747
v -49.09 -9.6106 -11.769
v -49.081 -9.6797 -11.743
v -49.073 -9.7092 -11.7
v -49.086 -9.8672 -12.022
v -49.081 -9.6797 -11.743
v -49.09 -9.6106 -11.769
v -49.073 -9.7092 -11.7
v -49.081 -9.6797 -11.743
v -49.086 -9.8672 -12.022
v -49.073 -9.7092 -11.7
v -49.081 -9.6797 -11.743
v -49.073 -9.7092 -11.7
v -46.815 4.7903 -13.085
v -47.211 4.7889 -12.534
v -46.413 4.7229 -12.596
v -43.931 -12.611 1.9377
v -44.368 -12.302 1.3539
v -44.258 -12.846 1.296
v -46.739 4.6603 -12.313
v -46.413 4.7229 -12.596
v -47.211 4.7889 -12.534
v -45.499 -8.9132 0.78916
v -45.257 -9.935 0.82862
v -45.298 -9.0149 1.1303
v -44.258 -12.846 1.296
v -43.814 -13.428 1.7605
v -43.931 -12.611 1.9377
v -49.086 -9.8672 -12.022
v -49.09 -9.6106 -11.769
v -49.184 -9.5093 -12.204
v -47.089 4.1718 -11.87
v -46.57 4.0616 -11.899
v -46.889 4.5793 -12.181
v -40.724 -28.548 -12.69
v -40.802 -28.532 -13.941
v -40.323 -29.17 -12.968
v -39.687 -23.044 1.2582
v -39.878 -23.245 0.63072
v -39.349 -23.906 0.92671
v -40.724 -28.548 -12.69
v -41.191 -28.046 -13.408
v -40.802 -28.532 -13.941
v -38.53 -20.441 -5.8924
v -38.166 -21.336 -6.1223
v -38.656 -20.799 -6.5917
v -46.304 2.7494 -10.792
v -46.771 2.7863 -10.689
v -46.682 2.4787 -10.439
v -38.246 -21.675 -6.7685
v -38.166 -21.336 -6.1223
v -37.7 -22.326 -6.3554
v -42.592 -10.627 -6.4454
v -42.832 -9.7392 -6.3481
v -42.559 -10.175 -5.9395
v -42.389 -11.036 -6.1101
v -42.592 -10.627 -6.4454
v -42.559 -10.175 -5.9395
v -43.447 -17.991 -17.121
v -43.275 -19.051 -17.175
v -44.368 -17.72 -17.275
v -44.528 -4.3879 -8.3509
v -44.614 -3.8237 -8.3623
v -44.39 -4.2731 -7.8905
v -45.686 2.1293 -12.003
v -45.604 1.9974 -11.322
v -45.608 1.0328 -11.361
v -46.055 1.4832 -9.6155
v -46.78 1.5236 -9.4039
v -46.619 1.1574 -9.0973
v -37.12 -24.909 -6.273
v -36.82 -24.435 -5.8443
v -37.283 -24.846 -5.45
v -42.739 -20.396 -17.089
v -43.565 -20.26 -17.168
v -42.681 -19.415 -17.047
v -43.968 -16.395 -17.154
v -44.15 -17.041 -17.287
v -44.448 -16.498 -17.295
v -43.275 -19.051 -17.175
v -42.681 -19.415 -17.047
v -43.565 -20.26 -17.168
v -43.689 -7.5953 -7.5422
v -43.845 -6.901 -7.5514
v -43.464 -7.647 -6.8235
v -44.35 -15.755 -17.253
v -44.448 -16.498 -17.295
v -45.6 -15.238 -17.441
v -39.754 -29.128 -15.394
v -40.339 -28.876 -14.813
v -40.415 -28.294 -15.485
v -42.712 -16.796 1.5346
v -42.733 -16.065 2.0165
v -43.016 -16.118 1.4964
v -40.415 -28.294 -15.485
v -39.464 -28.783 -16.069
v -39.754 -29.128 -15.394
v -41.068 -19.631 2.1878
v -41.762 -18.763 1.6152
v -41.296 -19.971 1.4396
v -39.464 -28.783 -16.069
v -40.415 -28.294 -15.485
v -40.103 -28.166 -15.992
v -45.227 -13.439 -17.382
v -45.169 -14.158 -17.419
v -46.19 -13.328 -17.558
v -40.802 -28.532 -13.941
v -40.038 -29.254 -14.618
v -40.323 -29.17 -12.968
v -46.449 3.3249 -11.395
v -47.032 3.0792 -10.891
v -46.304 2.7494 -10.792
v -45.827 4.334 -14.894
v -45.866 4.2024 -15.423
v -46.181 4.4661 -15.517
v -46.758 2.2 -10.116
v -46.184 2.043 -10.152
v -46.682 2.4787 -10.439
v -50.25 -4.3423 -15.053
v -50.346 -3.281 -14.243
v -50.31 -3.3501 -15.698
v -47.607 -9.0452 -17.864
v -46.814 -9.1959 -17.881
v -46.975 -9.9548 -17.831
v -47.064 0.2915 -7.7128
v -46.356 -0.016337 -7.5398
v -46.135 0.36918 -8.119
v -47.522 -7.989 -17.921
v -46.814 -9.1959 -17.881
v -47.607 -9.0452 -17.864
v -43.172 -15.237 1.8538
v -43.387 -14.684 1.758
v -43.506 -15.313 1.0962
v -46.228 -11.664 -17.798
v -46.973 -11.136 -17.813
v -46.082 -10.74 -17.711
v -47.157 -1.7528 -3.8747
v -46.684 -1.8781 -4.3706
v -47.131 -1.3812 -4.5972
v -47.607 -9.0452 -17.864
v -48.599 -7.6452 -17.614
v -47.522 -7.989 -17.921
v -46.449 3.3249 -11.395
v -46.753 3.7868 -11.67
v -47.103 3.4951 -11.304
v -43.172 -15.237 1.8538
v -43.016 -16.118 1.4964
v -42.733 -16.065 2.0165
v -47.957 -6.9151 -18.016
v -47.522 -7.989 -17.921
v -48.599 -7.6452 -17.614
v -46.545 -2.3419 -3.6004
v -47.157 -1.7528 -3.8747
v -46.952 -2.3068 -3.1045
v -46.9 4.7559 -13.698
v -46.216 4.6937 -13.78
v -46.399 4.7131 -14.153
v -45.819 1.8446 -12.763
v -45.857 2.348 -13.386
v -45.744 2.7956 -12.548
v -42.091 -18.168 1.5447
v -42.243 -17.207 2.0487
v -42.712 -16.796 1.5346
v -46.617 -16.942 -10.453
v -46.468 -17.245 -10.135
v -46.685 -16.63 -10.157
v -47.101 -15.334 -9.8496
v -47.169 -15.391 -10.536
v -46.841 -16.046 -9.8299
v -43.464 -7.647 -6.8235
v -43.233 -8.3057 -6.5195
v -43.363 -8.6109 -7.0078
v -46.323 -17.414 -9.6438
v -46.468 -17.245 -10.135
v -46.151 -18.107 -10.222
v -43.363 -8.6109 -7.0078
v -43.233 -8.3057 -6.5195
v -43.011 -9.1796 -6.4891
v -38.067 -24.564 -2.0759
v -37.932 -24.244 -1.4253
v -38.516 -24.81 -1.8368
v -43.964 -6.0826 -7.534
v -44.259 -5.7334 -8.0719
v -44.12 -5.3371 -7.5874
v -46.889 4.5793 -12.181
v -46.739 4.6603 -12.313
v -47.211 4.7889 -12.534
v -38.494 -24.548 -1.0121
v -38.396 -24.176 -0.21675
v -38.899 -24.716 -0.3661
v -46.818 -4.7109 -0.69627
v -46.804 -5.4232 -0.84723
v -46.467 -5.4577 -0.079039
v -41.296 -19.971 1.4396
v -40.847 -20.973 1.2591
v -40.752 -20.437 1.9774
v -46.804 -5.4232 -0.84723
v -46.644 -5.9056 -0.62911
v -46.467 -5.4577 -0.079039
v -42.944 -25.082 -11.789
v -43.01 -24.617 -10.99
v -43.33 -24.403 -11.545
v -46.467 -5.4577 -0.079039
v -46.644 -5.9056 -0.62911
v -46.299 -6.3069 0.086418
v -42.592 -10.627 -6.4454
v -42.389 -11.036 -6.1101
v -42.652 -11.135 -6.8631
v -38.246 -21.675 -6.7685
v -37.7 -22.326 -6.3554
v -37.569 -22.766 -6.7469
v -39.941 -22.44 1.4595
v -40.383 -21.725 1.3721
v -40.331 -22.316 0.8153
v -39.878 -23.245 0.63072
v -39.687 -23.044 1.2582
v -39.941 -22.44 1.4595
v -38.246 -21.675 -6.7685
v -38.656 -20.799 -6.5917
v -38.166 -21.336 -6.1223
v -39.343 -24.316 0.42047
v -38.973 -24.549 0.23472
v -38.984 -24.227 0.72024
v -45.977 -7.4978 0.47694
v -45.896 -8.2179 0.32076
v -45.867 -7.8364 0.55743
v -45.716 -8.3578 0.59545
v -45.867 -7.8364 0.55743
v -45.896 -8.2179 0.32076
v -45.685 -8.626 0.52805
v -45.643 -8.2957 0.82128
v -45.716 -8.3578 0.59545
v -45.499 -8.9132 0.78916
v -45.561 -9.3237 0.48192
v -45.257 -9.935 0.82862
v -43.523 -23.805 -11.046
v -43.33 -24.403 -11.545
v -43.01 -24.617 -10.99
v -45.499 -8.9132 0.78916
v -45.643 -8.2957 0.82128
v -45.685 -8.626 0.52805
v -41.977 -11.32 -5.4417
v -42.143 -12.375 -6.7245
v -42.389 -11.036 -6.1101
v -37.569 -22.766 -6.7469
v -36.736 -24.005 -6.5806
v -36.762 -24.327 -7.1265
v -47.027 -2.878 -1.4945
v -47.122 -2.3744 -2.4669
v -47.376 -2.7976 -1.9351
v -47.376 -2.7976 -1.9351
v -47.255 -3.3393 -1.2861
v -47.027 -2.878 -1.4945
v -46.859 -3.5206 -0.74655
v -47.027 -2.878 -1.4945
v -47.255 -3.3393 -1.2861
v -47.255 -3.3393 -1.2861
v -47.233 -3.8181 -1.3548
v -46.859 -3.5206 -0.74655
v -39.067 -19.781 -6.3123
v -39.788 -18.511 -6.5464
v -38.498 -20.021 -5.2141
v -38.53 -20.441 -5.8924
v -39.067 -19.781 -6.3123
v -38.498 -20.021 -5.2141
v -41.687 -12.747 -5.9012
v -42.143 -12.375 -6.7245
v -41.977 -11.32 -5.4417
v -42.109 -26.556 -12.264
v -41.696 -27.249 -12.63
v -41.458 -27.438 -11.849
v -40.31 -15.747 -4.7877
v -40.734 -16.117 -6.1744
v -41.164 -15.089 -6.3509
v -47.651 -14.141 -10.893
v -47.469 -14.687 -10.805
v -47.345 -14.767 -10.047
v -43.814 -13.428 1.7605
v -44.258 -12.846 1.296
v -44.27 -13.205 0.97855
v -43.854 -13.727 1.4964
v -43.814 -13.428 1.7605
v -44.27 -13.205 0.97855
v -46.181 4.4661 -15.517
v -46.348 4.6498 -14.868
v -45.827 4.334 -14.894
v -36.754 -24.453 -6.4418
v -36.877 -24.847 -7.0289
v -36.762 -24.327 -7.1265
v -45.827 4.334 -14.894
v -45.91 3.5611 -15.556
v -45.866 4.2024 -15.423
v -46.72 -0.69597 -6.0468
v -46.64 -0.35223 -6.8079
v -47.054 -0.2887 -6.4859
v -46.399 4.7131 -14.153
v -46.099 4.6924 -14.623
v -46.348 4.6498 -14.868
v -46.348 4.6498 -14.868
v -46.634 4.6958 -14.533
v -46.399 4.7131 -14.153
v -50.128 -3.2319 -16.406
v -50.091 -4.0039 -16.299
v -50.31 -3.3501 -15.698
v -43.854 -13.727 1.4964
v -43.633 -14.805 1.1967
v -43.387 -14.684 1.758
v -44.034 -14.073 0.95984
v -43.633 -14.805 1.1967
v -43.854 -13.727 1.4964
v -46.119 -7.092 0.25491
v -46.299 -6.3069 0.086418
v -46.244 -7.2322 -0.12114
v -47.122 -2.3744 -2.4669
v -46.952 -2.3068 -3.1045
v -47.524 -2.0658 -3.2168
v -45.827 4.334 -14.894
v -46.348 4.6498 -14.868
v -46.099 4.6924 -14.623
v -45.056 -20.74 -10.633
v -44.711 -21.161 -10.03
v -45.01 -20.531 -9.9302
v -47.469 -14.687 -10.805
v -47.169 -15.391 -10.536
v -47.345 -14.767 -10.047
v -45.827 4.334 -14.894
v -45.841 3.6096 -14.426
v -45.91 3.5611 -15.556
v -37.332 -24.688 -4.8221
v -37.61 -24.696 -3.8302
v -37.7 -25.165 -4.7225
v -46.477 -1.6262 -5.0784
v -46.568 -1.1882 -5.5231
v -47.283 -1.1362 -5.0107
v -46.568 -1.1882 -5.5231
v -46.72 -0.69597 -6.0468
v -47.22 -0.86693 -5.4817
v -47.131 -1.3812 -4.5972
v -46.477 -1.6262 -5.0784
v -47.283 -1.1362 -5.0107
v -45.01 -20.531 -9.9302
v -45.316 -20.113 -10.516
v -45.056 -20.74 -10.633
v -45.018 -1.8911 -9.2668
v -44.878 -2.6638 -8.9736
v -45.07 -2.7401 -9.5183
v -45.685 -8.626 0.52805
v -45.716 -8.3578 0.59545
v -45.896 -8.2179 0.32076
v -45.685 -8.626 0.52805
v -45.764 -8.9282 0.25739
v -45.499 -8.9132 0.78916
v -45.764 -8.9282 0.25739
v -45.561 -9.3237 0.48192
v -45.499 -8.9132 0.78916
v -44.878 -2.6638 -8.9736
v -44.77 -2.9413 -8.706
v -44.912 -3.5058 -9.2512
v -39.878 -23.245 0.63072
v -39.941 -22.44 1.4595
v -40.331 -22.316 0.8153
v -47.37 3.8598 -11.624
v -46.57 4.0616 -11.899
v -47.089 4.1718 -11.87
v -47.37 3.8598 -11.624
v -46.753 3.7868 -11.67
v -46.57 4.0616 -11.899
v -44.528 -4.3879 -8.3509
v -44.708 -3.7048 -8.7084
v -44.614 -3.8237 -8.3623
v -37.956 -24.841 -3.115
v -37.709 -24.451 -2.6514
v -38.278 -25.022 -2.7656
v -41.762 -18.763 1.6152
v -42.021 -19.189 0.70969
v -41.296 -19.971 1.4396
v -44.528 -4.3879 -8.3509
v -44.261 -4.9108 -7.8838
v -44.464 -5.1858 -8.4119
v -44.549 -11.908 1.175
v -44.663 -10.969 1.5823
v -44.791 -11.547 0.93732
v -44.261 -4.9108 -7.8838
v -44.12 -5.3371 -7.5874
v -44.464 -5.1858 -8.4119
v -45.741 0.86511 -12.117
v -45.686 2.1293 -12.003
v -45.608 1.0328 -11.361
v -45.518 -19.566 -10.25
v -45.316 -20.113 -10.516
v -45.196 -19.761 -9.3201
v -38.516 -24.81 -1.8368
v -38.278 -25.022 -2.7656
v -38.067 -24.564 -2.0759
v -43.689 -7.5953 -7.5422
v -43.464 -7.647 -6.8235
v -43.573 -8.2103 -7.4387
v -48.498 -11.594 -11.192
v -48.626 -10.815 -10.688
v -48.811 -10.802 -11.55
v -45.857 2.348 -13.386
v -45.828 3.3794 -13.662
v -45.828 3.0423 -13.238
v -46.304 2.7494 -10.792
v -47.032 3.0792 -10.891
v -46.771 2.7863 -10.689
v -43.964 -6.0826 -7.534
v -43.701 -6.667 -7.0331
v -44.022 -6.5791 -7.8356
v -43.701 -6.667 -7.0331
v -43.845 -6.901 -7.5514
v -44.022 -6.5791 -7.8356
v -45.744 2.7956 -12.548
v -45.857 2.348 -13.386
v -45.828 3.0423 -13.238
v -47.104 2.6099 -10.457
v -46.682 2.4787 -10.439
v -46.771 2.7863 -10.689
v -45.598 -0.1733 -11.406
v -45.317 -0.58531 -10.203
v -45.467 -0.71191 -10.993
v -45.741 0.86511 -12.117
v -45.608 1.0328 -11.361
v -45.587 0.54488 -11.147
v -42.832 -9.7392 -6.3481
v -43.139 -9.5145 -7.0077
v -43.011 -9.1796 -6.4891
v -46.148 0.85441 -8.8075
v -46.619 1.1574 -9.0973
v -46.694 0.63826 -8.4242
v -48.846 -10.171 -11.027
v -48.811 -10.802 -11.55
v -48.626 -10.815 -10.688
v -46.184 2.043 -10.152
v -46.758 2.2 -10.116
v -46.491 1.8523 -9.8467
v -42.832 -9.7392 -6.3481
v -42.592 -10.627 -6.4454
v -42.846 -10.42 -6.8854
v -47.064 0.2915 -7.7128
v -46.135 0.36918 -8.119
v -46.694 0.63826 -8.4242
v -48.97 -9.9392 -11.437
v -48.811 -10.802 -11.55
v -48.846 -10.171 -11.027
v -49.707 -4.5201 -16.926
v -49.872 -3.2827 -16.963
v -49.441 -3.7291 -17.433
v -45.741 0.86511 -12.117
v -45.819 1.8446 -12.763
v -45.686 2.1293 -12.003
v -49.073 -9.7092 -11.7
v -49.07 -9.6741 -11.664
v -49.073 -9.7092 -11.7
v -48.97 -9.9392 -11.437
v -49.07 -9.6741 -11.664
v -49.073 -9.7092 -11.7
v -49.107 -9.2794 -11.377
v -49.07 -9.6741 -11.664
v -48.97 -9.9392 -11.437
v -49.09 -9.6106 -11.769
v -49.07 -9.6741 -11.664
v -49.107 -9.2794 -11.377
v -49.073 -9.7092 -11.7
v -49.07 -9.6741 -11.664
v -49.09 -9.6106 -11.769
v -49.09 -9.6106 -11.769
v -49.107 -9.2794 -11.377
v -49.184 -9.5093 -12.204
v -47.103 3.4951 -11.304
v -46.753 3.7868 -11.67
v -47.37 3.8598 -11.624
v -43.633 -14.805 1.1967
v -43.506 -15.313 1.0962
v -43.387 -14.684 1.758
v -46.568 -1.1882 -5.5231
v -47.22 -0.86693 -5.4817
v -47.283 -1.1362 -5.0107
v -43.506 -15.313 1.0962
v -43.016 -16.118 1.4964
v -43.172 -15.237 1.8538
v -45.018 -1.8911 -9.2668
v -45.07 -2.7401 -9.5183
v -45.179 -2.7535 -9.9002
v -45.317 -0.58531 -10.203
v -45.266 -1.2732 -9.8356
v -45.332 -1.7739 -10.362
v -47.345 -14.767 -10.047
v -47.361 -14.46 -9.848
v -47.651 -14.141 -10.893
v -47.807 -13.58 -10.547
v -47.651 -14.141 -10.893
v -47.361 -14.46 -9.848
v -44.77 -2.9413 -8.706
v -44.708 -3.7048 -8.7084
v -44.912 -3.5058 -9.2512
v -47.032 3.0792 -10.891
v -46.449 3.3249 -11.395
v -47.103 3.4951 -11.304
v -46.889 4.5793 -12.181
v -47.211 4.7889 -12.534
v -47.464 4.652 -12.316
v -44.71 -4.5167 -8.9758
v -44.708 -3.7048 -8.7084
v -44.528 -4.3879 -8.3509
v -47.089 4.1718 -11.87
v -46.889 4.5793 -12.181
v -47.464 4.652 -12.316
v -46.952 -2.3068 -3.1045
v -47.157 -1.7528 -3.8747
v -47.524 -2.0658 -3.2168
v -40.847 -20.973 1.2591
v -40.856 -21.526 0.65957
v -40.383 -21.725 1.3721
v -46.758 2.2 -10.116
v -47.053 2.1921 -10.005
v -46.491 1.8523 -9.8467
v -45.828 3.3794 -13.662
v -45.913 2.9051 -14.394
v -45.841 3.6096 -14.426
v -47.345 -14.767 -10.047
v -47.169 -15.391 -10.536
v -47.101 -15.334 -9.8496
v -44.259 -5.7334 -8.0719
v -44.464 -5.1858 -8.4119
v -44.12 -5.3371 -7.5874
v -48.156 -12.429 -10.608
v -48.137 -12.976 -11.269
v -47.807 -13.58 -10.547
v -47.204 -4.371 -1.5049
v -46.964 -3.9641 -0.728
v -47.233 -3.8181 -1.3548
v -39.878 -23.245 0.63072
v -39.343 -24.316 0.42047
v -39.349 -23.906 0.92671
v -47.051 -4.7269 -1.1785
v -46.964 -3.9641 -0.728
v -47.204 -4.371 -1.5049
v -46.818 -4.7109 -0.69627
v -46.964 -3.9641 -0.728
v -47.051 -4.7269 -1.1785
v -38.899 -24.716 -0.3661
v -38.973 -24.549 0.23472
v -39.107 -24.666 -0.11772
v -43.464 -7.647 -6.8235
v -43.363 -8.6109 -7.0078
v -43.573 -8.2103 -7.4387
v -45.049 -11.019 0.66685
v -44.663 -10.969 1.5823
v -44.957 -10.343 1.1738
v -46.119 -7.092 0.25491
v -46.244 -7.2322 -0.12114
v -45.977 -7.4978 0.47694
v -43.366 -9.0625 -7.3355
v -43.363 -8.6109 -7.0078
v -43.011 -9.1796 -6.4891
v -44.791 -11.547 0.93732
v -44.74 -12.084 0.65723
v -44.549 -11.908 1.175
v -43.139 -9.5145 -7.0077
v -42.832 -9.7392 -6.3481
v -42.846 -10.42 -6.8854
v -43.139 -9.5145 -7.0077
v -43.366 -9.0625 -7.3355
v -43.011 -9.1796 -6.4891
v -44.791 -11.547 0.93732
v -44.663 -10.969 1.5823
v -45.049 -11.019 0.66685
v -45.896 -8.2179 0.32076
v -45.977 -7.4978 0.47694
v -46.244 -7.2322 -0.12114
v -44.485 -12.647 0.89372
v -44.258 -12.846 1.296
v -44.368 -12.302 1.3539
v -40.038 -29.254 -14.618
v -40.339 -28.876 -14.813
v -39.754 -29.128 -15.394
v -42.532 -25.473 -11.108
v -43.01 -24.617 -10.99
v -42.614 -25.51 -11.572
v -45.018 -1.8911 -9.2668
v -45.332 -1.7739 -10.362
v -45.266 -1.2732 -9.8356
v -45.179 -2.7535 -9.9002
v -45.332 -1.7739 -10.362
v -45.018 -1.8911 -9.2668
v -37.569 -22.766 -6.7469
v -36.762 -24.327 -7.1265
v -37.715 -23.099 -7.5136
v -40.865 -14.192 -4.8408
v -41.164 -15.089 -6.3509
v -41.552 -13.806 -6.2382
v -42.944 -25.082 -11.789
v -42.614 -25.51 -11.572
v -43.01 -24.617 -10.99
v -44.485 -12.647 0.89372
v -44.549 -11.908 1.175
v -44.74 -12.084 0.65723
v -39.878 -23.245 0.63072
v -40.331 -22.316 0.8153
v -40.314 -23.048 0.06658
v -44.778 -21.436 -10.902
v -44.489 -21.799 -10.499
v -44.711 -21.161 -10.03
v -44.368 -12.302 1.3539
v -44.549 -11.908 1.175
v -44.485 -12.647 0.89372
v -46.032 4.3417 -15.946
v -46.181 4.4661 -15.517
v -45.866 4.2024 -15.423
v -45.857 2.348 -13.386
v -45.819 1.8446 -12.763
v -45.915 1.7894 -13.287
v -40.103 -28.166 -15.992
v -40.429 -27.891 -15.85
v -40.292 -27.255 -16.293
v -44.27 -13.205 0.97855
v -44.258 -12.846 1.296
v -44.485 -12.647 0.89372
v -37.807 -22.68 -7.0373
v -38.246 -21.675 -6.7685
v -37.569 -22.766 -6.7469
v -43.399 -23.748 -10.249
v -43.764 -23.243 -10.594
v -43.523 -23.805 -11.046
v -46.299 -6.3069 0.086418
v -46.644 -5.9056 -0.62911
v -46.479 -6.8748 -0.66206
v -46.356 -0.016337 -7.5398
v -47.305 0.13054 -7.2679
v -46.64 -0.35223 -6.8079
v -46.479 -6.8748 -0.66206
v -46.244 -7.2322 -0.12114
v -46.299 -6.3069 0.086418
v -45.196 -19.761 -9.3201
v -45.316 -20.113 -10.516
v -45.01 -20.531 -9.9302
v -36.877 -24.847 -7.0289
v -36.754 -24.453 -6.4418
v -37.12 -24.909 -6.273
v -43.506 -15.313 1.0962
v -43.451 -15.856 0.78579
v -43.016 -16.118 1.4964
v -43.016 -16.118 1.4964
v -43.179 -16.598 0.76877
v -42.712 -16.796 1.5346
v -45.786 -18.84 -10.058
v -45.518 -19.566 -10.25
v -45.496 -19.262 -9.564
v -45.764 -8.9282 0.25739
v -45.685 -8.626 0.52805
v -45.896 -8.2179 0.32076
v -45.086 -3.4196 -9.7908
v -45.07 -2.7401 -9.5183
v -44.878 -2.6638 -8.9736
v -44.878 -2.6638 -8.9736
v -44.912 -3.5058 -9.2512
v -45.086 -3.4196 -9.7908
v -47.524 -2.0658 -3.2168
v -47.157 -1.7528 -3.8747
v -47.626 -1.6382 -3.8748
v -45.317 -0.58531 -10.203
v -45.332 -1.7739 -10.362
v -45.467 -0.71191 -10.993
v -40.331 -22.316 0.8153
v -40.383 -21.725 1.3721
v -40.856 -21.526 0.65957
v -37.61 -24.696 -3.8302
v -37.956 -24.841 -3.115
v -38.208 -25.179 -3.4152
v -44.957 -10.343 1.1738
v -45.257 -9.935 0.82862
v -45.224 -10.497 0.58849
v -46.682 2.4787 -10.439
v -47.053 2.1921 -10.005
v -46.758 2.2 -10.116
v -45.049 -11.019 0.66685
v -44.957 -10.343 1.1738
v -45.224 -10.497 0.58849
v -44.464 -5.1858 -8.4119
v -44.71 -4.5167 -8.9758
v -44.528 -4.3879 -8.3509
v -45.857 2.348 -13.386
v -45.913 2.9051 -14.394
v -45.828 3.3794 -13.662
v -42.109 -26.556 -12.264
v -41.458 -27.438 -11.849
v -42.106 -26.398 -11.799
v -46.491 1.8523 -9.8467
v -47.053 2.1921 -10.005
v -46.78 1.5236 -9.4039
v -50.314 -2.7179 -15.959
v -50.128 -3.2319 -16.406
v -50.31 -3.3501 -15.698
v -45.796 -12.141 -17.649
v -46.6 -12.579 -17.697
v -46.228 -11.664 -17.798
v -44.259 -5.7334 -8.0719
v -43.964 -6.0826 -7.534
v -44.022 -6.5791 -7.8356
v -48.498 -11.594 -11.192
v -48.156 -12.429 -10.608
v -48.283 -11.711 -10.157
v -38.278 -25.022 -2.7656
v -38.516 -24.81 -1.8368
v -38.706 -25.178 -2.1384
v -42.846 -10.42 -6.8854
v -42.592 -10.627 -6.4454
v -42.652 -11.135 -6.8631
v -46.415 -10.076 -17.824
v -46.973 -11.136 -17.813
v -46.975 -9.9548 -17.831
v -38.973 -24.549 0.23472
v -39.343 -24.316 0.42047
v -39.107 -24.666 -0.11772
v -45.786 -18.84 -10.058
v -45.815 -18.41 -9.4364
v -46.151 -18.107 -10.222
v -44.164 -6.6722 -8.391
v -44.259 -5.7334 -8.0719
v -44.022 -6.5791 -7.8356
v -47.051 -4.7269 -1.1785
v -46.804 -5.4232 -0.84723
v -46.818 -4.7109 -0.69627
v -45.866 4.2024 -15.423
v -45.91 3.5611 -15.556
v -45.958 4.0186 -16.247
v -45.858 1.2017 -13.036
v -45.819 1.8446 -12.763
v -45.741 0.86511 -12.117
v -46.356 -0.016337 -7.5398
v -47.064 0.2915 -7.7128
v -47.305 0.13054 -7.2679
v -44.27 -13.205 0.97855
v -44.034 -14.073 0.95984
v -43.854 -13.727 1.4964
v -41.191 -28.046 -13.408
v -40.724 -28.548 -12.69
v -41.346 -27.755 -12.844
v -50.22 -2.4224 -16.416
v -49.872 -3.2827 -16.963
v -50.128 -3.2319 -16.406
v -44.034 -14.073 0.95984
v -43.889 -15.004 0.52216
v -43.633 -14.805 1.1967
v -46.9 4.7559 -13.698
v -46.399 4.7131 -14.153
v -46.634 4.6958 -14.533
v -47.054 -0.2887 -6.4859
v -47.548 -0.34616 -6.2283
v -46.72 -0.69597 -6.0468
v -43.678 -8.4726 -7.8955
v -43.689 -7.5953 -7.5422
v -43.573 -8.2103 -7.4387
v -37.807 -22.68 -7.0373
v -38.329 -22.007 -7.4419
v -38.246 -21.675 -6.7685
v -47.104 2.6099 -10.457
v -47.053 2.1921 -10.005
v -46.682 2.4787 -10.439
v -47.22 -0.86693 -5.4817
v -46.72 -0.69597 -6.0468
v -47.659 -0.58057 -5.6481
v -45.896 -8.2179 0.32076
v -46.244 -7.2322 -0.12114
v -46.17 -8.1359 -0.22677
v -43.363 -8.6109 -7.0078
v -43.366 -9.0625 -7.3355
v -43.573 -8.2103 -7.4387
v -45.747 0.0077317 -12.212
v -45.741 0.86511 -12.117
v -45.587 0.54488 -11.147
v -41.666 -21.577 -16.791
v -42.434 -22.944 -16.978
v -42.469 -22.052 -17.067
v -41.227 -23.064 -16.911
v -41.686 -23.532 -16.95
v -42.434 -22.944 -16.978
v -40.539 -24.679 -16.88
v -40.706 -26.318 -16.624
v -41.335 -24.937 -16.785
v -40.911 -23.77 -16.886
v -40.539 -24.679 -16.88
v -41.335 -24.937 -16.785
v -41.335 -24.937 -16.785
v -41.686 -23.532 -16.95
v -40.911 -23.77 -16.886
v -45.257 -9.935 0.82862
v -45.561 -9.3237 0.48192
v -45.613 -9.8607 0.12041
v -36.86 -24.754 -8.0218
v -36.762 -24.327 -7.1265
v -36.814 -24.925 -7.7256
v -41.762 -18.763 1.6152
v -42.091 -18.168 1.5447
v -42.021 -19.189 0.70969
v -44.912 -3.5058 -9.2512
v -44.708 -3.7048 -8.7084
v -44.849 -4.1313 -9.279
v -36.814 -24.925 -7.7256
v -36.762 -24.327 -7.1265
v -36.877 -24.847 -7.0289
v -44.15 -17.041 -17.287
v -43.447 -17.991 -17.121
v -44.368 -17.72 -17.275
v -44.849 -4.1313 -9.279
v -44.708 -3.7048 -8.7084
v -44.71 -4.5167 -8.9758
v -41.296 -19.971 1.4396
v -42.021 -19.189 0.70969
v -41.928 -19.848 0.32642
v -38.494 -24.548 -1.0121
v -38.899 -24.716 -0.3661
v -39.171 -25.075 -1.1141
v -41.928 -19.848 0.32642
v -41.424 -20.432 0.7405
v -41.296 -19.971 1.4396
v -45.169 -14.158 -17.419
v -44.35 -15.755 -17.253
v -45.6 -15.238 -17.441
v -38.246 -21.675 -6.7685
v -38.699 -21.048 -7.0194
v -38.656 -20.799 -6.5917
v -41.296 -19.971 1.4396
v -41.424 -20.432 0.7405
v -40.847 -20.973 1.2591
v -44.401 -5.8518 -8.6081
v -44.464 -5.1858 -8.4119
v -44.259 -5.7334 -8.0719
v -40.847 -20.973 1.2591
v -41.424 -20.432 0.7405
v -40.856 -21.526 0.65957
v -47.799 1.4138 -9.1055
v -46.619 1.1574 -9.0973
v -46.78 1.5236 -9.4039
v -39.951 -29.308 -13.78
v -40.038 -29.254 -14.618
v -39.762 -29.292 -14.434
v -39.528 -24.558 -0.25056
v -39.107 -24.666 -0.11772
v -39.343 -24.316 0.42047
v -39.343 -24.316 0.42047
v -39.878 -23.245 0.63072
v -40.071 -23.6 -0.14802
v -47.173 0.94708 -8.5885
v -46.619 1.1574 -9.0973
v -47.799 1.4138 -9.1055
v -49.674 -7.4131 -12.626
v -49.674 -6.5892 -11.898
v -49.873 -6.1961 -12.623
v -46.619 1.1574 -9.0973
v -47.173 0.94708 -8.5885
v -46.694 0.63826 -8.4242
v -45.841 3.6096 -14.426
v -45.896 2.6252 -14.869
v -45.91 3.5611 -15.556
v -45.49 -12.872 -17.497
v -45.227 -13.439 -17.382
v -46.19 -13.328 -17.558
v -37.12 -24.909 -6.273
v -37.283 -24.846 -5.45
v -37.779 -25.423 -5.7146
v -45.944 2.005 -14.131
v -45.913 2.9051 -14.394
v -45.857 2.348 -13.386
v -45.913 2.9051 -14.394
v -45.896 2.6252 -14.869
v -45.841 3.6096 -14.426
v -46.032 4.3417 -15.946
v -45.866 4.2024 -15.423
v -45.958 4.0186 -16.247
v -47.122 -2.3744 -2.4669
v -47.524 -2.0658 -3.2168
v -47.643 -2.4179 -2.6951
v -38.53 -20.441 -5.8924
v -38.656 -20.799 -6.5917
v -39.067 -19.781 -6.3123
v -47.376 -2.7976 -1.9351
v -47.122 -2.3744 -2.4669
v -47.643 -2.4179 -2.6951
v -47.376 -2.7976 -1.9351
v -47.523 -3.0395 -1.986
v -47.255 -3.3393 -1.2861
v -37.807 -22.68 -7.0373
v -37.569 -22.766 -6.7469
v -37.715 -23.099 -7.5136
v -36.762 -24.327 -7.1265
v -36.86 -24.754 -8.0218
v -37.715 -23.099 -7.5136
v -41.552 -13.806 -6.2382
v -42.143 -12.375 -6.7245
v -41.687 -12.747 -5.9012
v -42.652 -11.135 -6.8631
v -42.389 -11.036 -6.1101
v -42.627 -11.816 -7.4532
v -42.143 -12.375 -6.7245
v -42.627 -11.816 -7.4532
v -42.389 -11.036 -6.1101
v -40.319 -17.034 -6.0238
v -39.796 -17.677 -5.5974
v -39.788 -18.511 -6.5464
v -46.694 0.63826 -8.4242
v -47.173 0.94708 -8.5885
v -47.064 0.2915 -7.7128
v -50.346 -3.281 -14.243
v -50.25 -4.3423 -15.053
v -50.217 -4.5612 -14.32
v -45.858 1.2017 -13.036
v -45.915 1.7894 -13.287
v -45.819 1.8446 -12.763
v -47.054 -0.2887 -6.4859
v -46.64 -0.35223 -6.8079
v -47.683 0.072516 -6.815
v -46.771 2.7863 -10.689
v -47.032 3.0792 -10.891
v -47.403 2.7804 -10.544
v -47.659 -0.58057 -5.6481
v -46.72 -0.69597 -6.0468
v -47.548 -0.34616 -6.2283
v -46.771 2.7863 -10.689
v -47.403 2.7804 -10.544
v -47.104 2.6099 -10.457
v -36.95 -25.234 -7.6272
v -36.814 -24.925 -7.7256
v -36.877 -24.847 -7.0289
v -41.073 -28.048 -12.148
v -41.346 -27.755 -12.844
v -40.724 -28.548 -12.69
v -47.255 -3.3393 -1.2861
v -47.49 -3.9311 -2.2347
v -47.233 -3.8181 -1.3548
v -45.896 -8.2179 0.32076
v -46.017 -8.8575 -0.28623
v -45.764 -8.9282 0.25739
v -46.841 -16.046 -9.8299
v -46.685 -16.63 -10.157
v -46.567 -16.695 -9.7566
v -45.07 -2.7401 -9.5183
v -45.086 -3.4196 -9.7908
v -45.179 -2.7535 -9.9002
v -46.685 -16.63 -10.157
v -46.468 -17.245 -10.135
v -46.567 -16.695 -9.7566
v -46.323 -17.414 -9.6438
v -46.567 -16.695 -9.7566
v -46.468 -17.245 -10.135
v -47.695 -13.504 -9.9424
v -48.156 -12.429 -10.608
v -47.807 -13.58 -10.547
v -47.053 2.1921 -10.005
v -47.409 1.8365 -9.5351
v -46.78 1.5236 -9.4039
v -47.032 3.0792 -10.891
v -47.103 3.4951 -11.304
v -47.41 3.2609 -10.992
v -44.164 -6.6722 -8.391
v -44.401 -5.8518 -8.6081
v -44.259 -5.7334 -8.0719
v -39.171 -25.075 -1.1141
v -38.899 -24.716 -0.3661
v -39.226 -24.885 -0.55329
v -44.464 -5.1858 -8.4119
v -44.634 -5.4286 -9.012
v -44.71 -4.5167 -8.9758
v -37.7 -25.165 -4.7225
v -37.283 -24.846 -5.45
v -37.332 -24.688 -4.8221
v -40.331 -22.316 0.8153
v -40.856 -21.526 0.65957
v -40.595 -22.463 0.18668
v -40.595 -22.463 0.18668
v -40.314 -23.048 0.06658
v -40.331 -22.316 0.8153
v -43.179 -16.598 0.76877
v -43.016 -16.118 1.4964
v -43.451 -15.856 0.78579
v -37.7 -25.165 -4.7225
v -37.61 -24.696 -3.8302
v -38.076 -25.395 -4.3016
v -40.071 -23.6 -0.14802
v -39.878 -23.245 0.63072
v -40.314 -23.048 0.06658
v -43.855 -7.8107 -8.0534
v -44.024 -7.3068 -8.3151
v -43.845 -6.901 -7.5514
v -48.909 -9.5235 -10.827
v -48.97 -9.9392 -11.437
v -48.846 -10.171 -11.027
v -43.689 -7.5953 -7.5422
v -43.855 -7.8107 -8.0534
v -43.845 -6.901 -7.5514
v -48.97 -9.9392 -11.437
v -48.909 -9.5235 -10.827
v -49.107 -9.2794 -11.377
v -43.678 -8.4726 -7.8955
v -43.855 -7.8107 -8.0534
v -43.689 -7.5953 -7.5422
v -45.224 -10.497 0.58849
v -45.257 -9.935 0.82862
v -45.613 -9.8607 0.12041
v -40.071 -23.6 -0.14802
v -39.528 -24.558 -0.25056
v -39.343 -24.316 0.42047
v -48.498 -11.594 -11.192
v -48.283 -11.711 -10.157
v -48.626 -10.815 -10.688
v -43.573 -8.2103 -7.4387
v -43.366 -9.0625 -7.3355
v -43.678 -8.4726 -7.8955
v -39.226 -24.885 -0.55329
v -38.899 -24.716 -0.3661
v -39.107 -24.666 -0.11772
v -42.846 -10.42 -6.8854
v -43.23 -9.811 -7.5016
v -43.139 -9.5145 -7.0077
v -43.123 -10.469 -7.6487
v -43.23 -9.811 -7.5016
v -42.846 -10.42 -6.8854
v -47.131 -1.3812 -4.5972
v -47.283 -1.1362 -5.0107
v -47.949 -1.012 -4.7705
v -49.107 -9.2794 -11.377
v -49.333 -8.1838 -11.417
v -49.184 -9.5093 -12.204
v -47.204 -4.371 -1.5049
v -47.173 -5.1244 -1.601
v -47.051 -4.7269 -1.1785
v -47.807 -13.58 -10.547
v -47.361 -14.46 -9.848
v -47.695 -13.504 -9.9424
v -46.634 4.6958 -14.533
v -46.348 4.6498 -14.868
v -46.796 4.6319 -14.997
v -46.9 4.7559 -13.698
v -46.634 4.6958 -14.533
v -47.166 4.6548 -14.607
v -44.164 -6.6722 -8.391
v -44.022 -6.5791 -7.8356
v -44.024 -7.3068 -8.3151
v -44.024 -7.3068 -8.3151
v -44.022 -6.5791 -7.8356
v -43.845 -6.901 -7.5514
v -46.815 4.7903 -13.085
v -47.573 4.8042 -13.166
v -47.211 4.7889 -12.534
v -42.106 -26.398 -11.799
v -41.458 -27.438 -11.849
v -41.764 -26.744 -11.431
v -38.278 -25.022 -2.7656
v -38.208 -25.179 -3.4152
v -37.956 -24.841 -3.115
v -41.696 -27.249 -12.63
v -41.346 -27.755 -12.844
v -41.073 -28.048 -12.148
v -39.171 -25.075 -1.1141
v -38.516 -24.81 -1.8368
v -38.494 -24.548 -1.0121
v -43.366 -9.0625 -7.3355
v -43.139 -9.5145 -7.0077
v -43.23 -9.811 -7.5016
v -47.403 2.7804 -10.544
v -47.032 3.0792 -10.891
v -47.815 3.091 -10.787
v -46.479 -6.8748 -0.66206
v -46.644 -5.9056 -0.62911
v -46.689 -6.7602 -1.032
v -37.61 -24.696 -3.8302
v -38.208 -25.179 -3.4152
v -38.076 -25.395 -4.3016
v -40.595 -22.463 0.18668
v -40.856 -21.526 0.65957
v -40.988 -21.709 0.20087
v -45.896 2.6252 -14.869
v -45.913 2.9051 -14.394
v -45.944 2.005 -14.131
v -45.049 -11.019 0.66685
v -45.224 -10.497 0.58849
v -45.433 -10.81 -0.027533
v -44.791 -11.547 0.93732
v -45.049 -11.019 0.66685
v -45.124 -11.364 0.35283
v -44.74 -12.084 0.65723
v -44.791 -11.547 0.93732
v -45.028 -11.659 0.44358
v -42.614 -25.51 -11.572
v -42.106 -26.398 -11.799
v -42.532 -25.473 -11.108
v -40.103 -28.166 -15.992
v -40.292 -27.255 -16.293
v -39.669 -27.861 -16.419
v -45.598 -0.1733 -11.406
v -45.467 -0.71191 -10.993
v -45.655 -0.73064 -11.917
v -45.786 -18.84 -10.058
v -45.496 -19.262 -9.564
v -45.815 -18.41 -9.4364
v -39.107 -24.666 -0.11772
v -39.528 -24.558 -0.25056
v -39.226 -24.885 -0.55329
v -44.093 -22.702 -10.713
v -43.966 -22.637 -9.959
v -44.291 -22.28 -10.633
v -46.479 -6.8748 -0.66206
v -46.384 -7.7029 -0.64173
v -46.244 -7.2322 -0.12114
v -46.17 -8.1359 -0.22677
v -46.244 -7.2322 -0.12114
v -46.384 -7.7029 -0.64173
v -47.053 2.1921 -10.005
v -47.104 2.6099 -10.457
v -47.367 2.5395 -10.272
v -44.093 -22.702 -10.713
v -43.764 -23.243 -10.594
v -43.966 -22.637 -9.959
v -45.587 0.54488 -11.147
v -45.598 -0.1733 -11.406
v -45.747 0.0077317 -12.212
v -45.958 4.0186 -16.247
v -46.058 4.3592 -16.735
v -46.032 4.3417 -15.946
v -44.251 -21.995 -9.804
v -44.291 -22.28 -10.633
v -43.966 -22.637 -9.959
v -47.376 -2.7976 -1.9351
v -47.643 -2.4179 -2.6951
v -47.783 -2.6906 -2.6964
v -47.523 -3.0395 -1.986
v -47.376 -2.7976 -1.9351
v -47.783 -2.6906 -2.6964
v -47.255 -3.3393 -1.2861
v -47.523 -3.0395 -1.986
v -47.49 -3.9311 -2.2347
v -45.857 2.348 -13.386
v -45.915 1.7894 -13.287
v -45.944 2.005 -14.131
v -45.332 -1.7739 -10.362
v -45.543 -1.3901 -11.303
v -45.467 -0.71191 -10.993
v -44.489 -21.799 -10.499
v -44.291 -22.28 -10.633
v -44.251 -21.995 -9.804
v -41.164 -15.089 -6.3509
v -42.045 -13.643 -7.5091
v -41.552 -13.806 -6.2382
v -41.458 -27.438 -11.849
v -41.696 -27.249 -12.63
v -41.073 -28.048 -12.148
v -44.711 -21.161 -10.03
v -44.489 -21.799 -10.499
v -44.251 -21.995 -9.804
v -45.124 -11.364 0.35283
v -45.028 -11.659 0.44358
v -44.791 -11.547 0.93732
v -45.467 -0.71191 -10.993
v -45.543 -1.3901 -11.303
v -45.655 -0.73064 -11.917
v -47.173 0.94708 -8.5885
v -47.525 0.8533 -8.3541
v -47.064 0.2915 -7.7128
v -46.317 4.5419 -16.563
v -46.032 4.3417 -15.946
v -46.058 4.3592 -16.735
v -46.323 -17.414 -9.6438
v -46.151 -18.107 -10.222
v -46.059 -17.68 -9.1962
v -46.488 4.5069 -15.919
v -46.181 4.4661 -15.517
v -46.032 4.3417 -15.946
v -47.051 -4.7269 -1.1785
v -47.173 -5.1244 -1.601
v -46.804 -5.4232 -0.84723
v -44.485 -12.647 0.89372
v -44.74 -12.084 0.65723
v -44.925 -12.46 0.084408
v -45.99 3.4337 -16.334
v -45.958 4.0186 -16.247
v -45.91 3.5611 -15.556
v -37.715 -23.099 -7.5136
v -38.329 -22.007 -7.4419
v -37.807 -22.68 -7.0373
v -44.27 -13.205 0.97855
v -44.485 -12.647 0.89372
v -44.58 -13.012 0.36149
v -47.367 2.5395 -10.272
v -47.104 2.6099 -10.457
v -47.403 2.7804 -10.544
v -46.644 -5.9056 -0.62911
v -46.804 -5.4232 -0.84723
v -47.031 -5.7974 -1.4618
v -47.305 0.13054 -7.2679
v -47.683 0.072516 -6.815
v -46.64 -0.35223 -6.8079
v -45.937 1.2937 -13.532
v -45.944 2.005 -14.131
v -45.915 1.7894 -13.287
v -47.538 2.2455 -9.8872
v -47.053 2.1921 -10.005
v -47.367 2.5395 -10.272
v -46.644 -5.9056 -0.62911
v -46.977 -6.4873 -1.5442
v -46.689 -6.7602 -1.032
v -47.799 1.4138 -9.1055
v -46.78 1.5236 -9.4039
v -47.409 1.8365 -9.5351
v -46.567 -16.695 -9.7566
v -46.323 -17.414 -9.6438
v -46.249 -17.06 -9.1084
v -36.95 -25.234 -7.6272
v -36.877 -24.847 -7.0289
v -37.586 -25.554 -6.981
v -43.506 -15.313 1.0962
v -43.633 -14.805 1.1967
v -43.889 -15.004 0.52216
v -42.106 -26.398 -11.799
v -41.764 -26.744 -11.431
v -42.037 -26.254 -11.107
v -45.858 1.2017 -13.036
v -45.937 1.2937 -13.532
v -45.915 1.7894 -13.287
v -46.9 4.7559 -13.698
v -47.573 4.8042 -13.166
v -46.815 4.7903 -13.085
v -47.211 4.7889 -12.534
v -47.573 4.8042 -13.166
v -47.727 4.8046 -12.943
v -46.17 -8.1359 -0.22677
v -46.017 -8.8575 -0.28623
v -45.896 -8.2179 0.32076
v -45.086 -3.4196 -9.7908
v -44.912 -3.5058 -9.2512
v -45.048 -3.9224 -9.9035
v -44.912 -3.5058 -9.2512
v -44.849 -4.1313 -9.279
v -45.048 -3.9224 -9.9035
v -46.017 -8.8575 -0.28623
v -45.8 -9.3457 -0.093316
v -45.764 -8.9282 0.25739
v -42.532 -25.473 -11.108
v -42.106 -26.398 -11.799
v -42.037 -26.254 -11.107
v -40.038 -29.254 -14.618
v -39.951 -29.308 -13.78
v -40.323 -29.17 -12.968
v -45.561 -9.3237 0.48192
v -45.764 -8.9282 0.25739
v -45.8 -9.3457 -0.093316
v -47.37 3.8598 -11.624
v -47.648 3.5276 -11.188
v -47.103 3.4951 -11.304
v -47.131 -1.3812 -4.5972
v -47.949 -1.012 -4.7705
v -47.157 -1.7528 -3.8747
v -47.815 3.091 -10.787
v -47.032 3.0792 -10.891
v -47.41 3.2609 -10.992
v -44.401 -5.8518 -8.6081
v -44.634 -5.4286 -9.012
v -44.464 -5.1858 -8.4119
v -45.613 -9.8607 0.12041
v -45.53 -10.473 -0.014362
v -45.224 -10.497 0.58849
v -44.164 -6.6722 -8.391
v -44.312 -6.4995 -8.7886
v -44.401 -5.8518 -8.6081
v -43.966 -22.637 -9.959
v -43.764 -23.243 -10.594
v -43.665 -23.081 -9.893
v -47.204 -4.371 -1.5049
v -47.233 -3.8181 -1.3548
v -47.368 -4.3742 -2.056
v -38.246 -21.675 -6.7685
v -38.823 -21.143 -7.5953
v -38.699 -21.048 -7.0194
v -38.699 -21.048 -7.0194
v -39.133 -20.435 -7.471
v -38.656 -20.799 -6.5917
v -47.114 -15.005 -9.3888
v -47.345 -14.767 -10.047
v -47.101 -15.334 -9.8496
v -43.366 -9.0625 -7.3355
v -43.478 -9.311 -7.8322
v -43.678 -8.4726 -7.8955
v -42.532 -25.473 -11.108
v -42.875 -24.767 -10.589
v -43.01 -24.617 -10.99
v -43.366 -9.0625 -7.3355
v -43.23 -9.811 -7.5016
v -43.478 -9.311 -7.8322
v -47.114 -15.005 -9.3888
v -47.361 -14.46 -9.848
v -47.345 -14.767 -10.047
v -50.314 -2.7179 -15.959
v -50.31 -3.3501 -15.698
v -50.364 -2.4264 -15.69
v -45.741 0.86511 -12.117
v -45.747 0.0077317 -12.212
v -45.878 0.35829 -12.96
v -38.329 -22.007 -7.4419
v -38.823 -21.143 -7.5953
v -38.246 -21.675 -6.7685
v -45.081 -11.919 0.055231
v -44.74 -12.084 0.65723
v -45.028 -11.659 0.44358
v -46.804 -5.4232 -0.84723
v -47.173 -5.1244 -1.601
v -47.031 -5.7974 -1.4618
v -44.58 -13.012 0.36149
v -44.485 -12.647 0.89372
v -44.925 -12.46 0.084408
v -36.839 -25.122 -8.9019
v -36.814 -24.925 -7.7256
v -36.907 -25.384 -8.3768
v -36.814 -24.925 -7.7256
v -36.95 -25.234 -7.6272
v -36.907 -25.384 -8.3768
v -46.317 4.5419 -16.563
v -46.488 4.5069 -15.919
v -46.032 4.3417 -15.946
v -47.054 -0.2887 -6.4859
v -47.683 0.072516 -6.815
v -47.548 -0.34616 -6.2283
v -46.806 4.5225 -15.539
v -46.181 4.4661 -15.517
v -46.488 4.5069 -15.919
v -45.878 0.35829 -12.96
v -45.858 1.2017 -13.036
v -45.741 0.86511 -12.117
v -36.877 -24.847 -7.0289
v -37.12 -24.909 -6.273
v -37.586 -25.554 -6.981
v -46.348 4.6498 -14.868
v -46.181 4.4661 -15.517
v -46.806 4.5225 -15.539
v -43.889 -15.004 0.52216
v -44.034 -14.073 0.95984
v -44.069 -14.636 0.40157
v -37.779 -25.423 -5.7146
v -37.511 -25.394 -6.3946
v -37.12 -24.909 -6.273
v -50.22 -2.4224 -16.416
v -50.128 -3.2319 -16.406
v -50.314 -2.7179 -15.959
v -43.399 -23.748 -10.249
v -43.01 -24.617 -10.99
v -42.965 -24.543 -10.366
v -47.22 -0.86693 -5.4817
v -47.949 -1.012 -4.7705
v -47.283 -1.1362 -5.0107
v -45.747 0.0077317 -12.212
v -45.598 -0.1733 -11.406
v -45.655 -0.73064 -11.917
v -44.928 -4.2329 -9.5137
v -45.048 -3.9224 -9.9035
v -44.849 -4.1313 -9.279
v -43.523 -23.805 -11.046
v -43.01 -24.617 -10.99
v -43.399 -23.748 -10.249
v -45.954 2.9964 -15.99
v -45.99 3.4337 -16.334
v -45.91 3.5611 -15.556
v -42.652 -11.135 -6.8631
v -42.94 -11.276 -7.742
v -42.846 -10.42 -6.8854
v -45.8 -9.3457 -0.093316
v -45.613 -9.8607 0.12041
v -45.561 -9.3237 0.48192
v -44.872 -4.8179 -9.5994
v -44.928 -4.2329 -9.5137
v -44.849 -4.1313 -9.279
v -44.849 -4.1313 -9.279
v -44.71 -4.5167 -8.9758
v -44.872 -4.8179 -9.5994
v -47.103 3.4951 -11.304
v -47.648 3.5276 -11.188
v -47.41 3.2609 -10.992
v -45.433 -10.81 -0.027533
v -45.224 -10.497 0.58849
v -45.53 -10.473 -0.014362
v -45.433 -10.81 -0.027533
v -45.124 -11.364 0.35283
v -45.049 -11.019 0.66685
v -48.283 -11.711 -10.157
v -48.412 -11.162 -10.243
v -48.626 -10.815 -10.688
v -45.01 -20.531 -9.9302
v -44.711 -21.161 -10.03
v -44.81 -20.638 -9.3129
v -47.949 -1.012 -4.7705
v -47.626 -1.6382 -3.8748
v -47.157 -1.7528 -3.8747
v -38.278 -25.022 -2.7656
v -38.706 -25.178 -2.1384
v -38.841 -25.516 -2.6265
v -46.6 -12.579 -17.697
v -45.796 -12.141 -17.649
v -45.49 -12.872 -17.497
v -45.896 2.6252 -14.869
v -45.954 2.9964 -15.99
v -45.91 3.5611 -15.556
v -47.233 -3.8181 -1.3548
v -47.49 -3.9311 -2.2347
v -47.368 -4.3742 -2.056
v -46.796 4.6319 -14.997
v -47.166 4.6548 -14.607
v -46.634 4.6958 -14.533
v -39.226 -24.885 -0.55329
v -39.528 -24.558 -0.25056
v -39.483 -24.875 -0.77335
v -46.415 -10.076 -17.824
v -46.082 -10.74 -17.711
v -46.973 -11.136 -17.813
v -39.067 -19.781 -6.3123
v -38.656 -20.799 -6.5917
v -39.133 -20.435 -7.471
v -45.196 -19.761 -9.3201
v -45.496 -19.262 -9.564
v -45.518 -19.566 -10.25
v -45.179 -2.7535 -9.9002
v -45.358 -2.8306 -10.69
v -45.332 -1.7739 -10.362
v -37.532 -23.966 -8.4423
v -36.86 -24.754 -8.0218
v -37.163 -24.631 -8.8175
v -36.86 -24.754 -8.0218
v -37.532 -23.966 -8.4423
v -37.715 -23.099 -7.5136
v -40.734 -16.117 -6.1744
v -40.319 -17.034 -6.0238
v -40.368 -18.104 -7.5682
v -39.788 -18.511 -6.5464
v -40.368 -18.104 -7.5682
v -40.319 -17.034 -6.0238
v -39.788 -18.511 -6.5464
v -39.067 -19.781 -6.3123
v -39.731 -19.413 -8.0956
v -42.143 -12.375 -6.7245
v -41.552 -13.806 -6.2382
v -42.045 -13.643 -7.5091
v -46.151 -18.107 -10.222
v -45.815 -18.41 -9.4364
v -46.059 -17.68 -9.1962
v -44.71 -4.5167 -8.9758
v -44.634 -5.4286 -9.012
v -44.872 -4.8179 -9.5994
v -47.064 0.2915 -7.7128
v -47.83 0.56095 -7.5424
v -47.305 0.13054 -7.2679
v -39.133 -20.435 -7.471
v -38.699 -21.048 -7.0194
v -38.823 -21.143 -7.5953
v -45.196 -19.761 -9.3201
v -45.01 -20.531 -9.9302
v -44.81 -20.638 -9.3129
v -46.796 4.6319 -14.997
v -46.348 4.6498 -14.868
v -46.806 4.5225 -15.539
v -45.048 -3.9224 -9.9035
v -44.928 -4.2329 -9.5137
v -45.106 -4.1246 -10.158
v -47.089 4.1718 -11.87
v -47.464 4.652 -12.316
v -47.991 4.2173 -12.084
v -47.37 3.8598 -11.624
v -47.089 4.1718 -11.87
v -47.991 4.2173 -12.084
v -37.715 -23.099 -7.5136
v -38.115 -22.802 -8.0818
v -38.329 -22.007 -7.4419
v -49.872 -3.2827 -16.963
v -50.22 -2.4224 -16.416
v -49.911 -2.287 -17.014
v -46.9 4.7559 -13.698
v -47.166 4.6548 -14.607
v -47.652 4.7278 -14.055
v -36.839 -25.122 -8.9019
v -36.86 -24.754 -8.0218
v -36.814 -24.925 -7.7256
v -37.161 -25.622 -7.7695
v -36.907 -25.384 -8.3768
v -36.95 -25.234 -7.6272
v -42.627 -11.816 -7.4532
v -42.94 -11.276 -7.742
v -42.652 -11.135 -6.8631
v -50.217 -4.5612 -14.32
v -50.097 -5.1888 -13.366
v -50.24 -3.9539 -13.658
v -49.674 -6.5892 -11.898
v -49.674 -7.4131 -12.626
v -49.333 -8.1838 -11.417
v -42.94 -11.276 -7.742
v -43.123 -10.469 -7.6487
v -42.846 -10.42 -6.8854
v -50.217 -4.5612 -14.32
v -50.24 -3.9539 -13.658
v -50.346 -3.281 -14.243
v -38.706 -25.178 -2.1384
v -38.516 -24.81 -1.8368
v -39.171 -25.075 -1.1141
v -42.968 -21.788 -17.077
v -42.739 -20.396 -17.089
v -42.469 -22.052 -17.067
v -40.595 -22.463 0.18668
v -40.988 -21.709 0.20087
v -40.904 -22.252 -0.17247
v -47.949 -1.012 -4.7705
v -47.22 -0.86693 -5.4817
v -47.659 -0.58057 -5.6481
v -39.171 -25.075 -1.1141
v -39.226 -24.885 -0.55329
v -39.483 -24.875 -0.77335
v -43.451 -15.856 0.78579
v -43.506 -15.313 1.0962
v -43.889 -15.004 0.52216
v -40.856 -21.526 0.65957
v -41.424 -20.432 0.7405
v -41.692 -20.727 -0.098201
v -39.519 -29.188 -15.096
v -39.762 -29.292 -14.434
v -40.038 -29.254 -14.618
v -43.447 -17.991 -17.121
v -44.15 -17.041 -17.287
v -43.394 -17.101 -16.965
v -44.27 -13.205 0.97855
v -44.58 -13.012 0.36149
v -44.542 -13.538 0.21804
v -50.346 -3.281 -14.243
v -50.466 -2.2205 -14.811
v -50.31 -3.3501 -15.698
v -43.968 -16.395 -17.154
v -43.394 -17.101 -16.965
v -44.15 -17.041 -17.287
v -44.034 -14.073 0.95984
v -44.27 -13.205 0.97855
v -44.542 -13.538 0.21804
v -48.115 -4.7834 -18.054
v -48.451 -6.0114 -17.851
v -48.928 -4.7034 -17.741
v -43.968 -16.395 -17.154
v -44.448 -16.498 -17.295
v -44.35 -15.755 -17.253
v -47.783 -2.6906 -2.6964
v -47.834 -3.1899 -3.0067
v -47.523 -3.0395 -1.986
v -39.754 -29.128 -15.394
v -39.114 -28.971 -15.813
v -39.519 -29.188 -15.096
v -39.114 -28.971 -15.813
v -39.754 -29.128 -15.394
v -39.464 -28.783 -16.069
v -50.31 -3.3501 -15.698
v -50.466 -2.2205 -14.811
v -50.364 -2.4264 -15.69
v -47.523 -3.0395 -1.986
v -47.665 -3.5517 -2.6551
v -47.49 -3.9311 -2.2347
v -47.409 1.8365 -9.5351
v -47.053 2.1921 -10.005
v -47.538 2.2455 -9.8872
v -44.35 -15.755 -17.253
v -45.169 -14.158 -17.419
v -44.31 -14.377 -17.071
v -45.826 -0.53098 -12.67
v -45.747 0.0077317 -12.212
v -45.655 -0.73064 -11.917
v -45.169 -14.158 -17.419
v -44.755 -13.755 -17.231
v -44.31 -14.377 -17.071
v -46.977 -6.4873 -1.5442
v -46.644 -5.9056 -0.62911
v -47.031 -5.7974 -1.4618
v -45.169 -14.158 -17.419
v -45.227 -13.439 -17.382
v -44.755 -13.755 -17.231
v -46.689 -6.7602 -1.032
v -46.622 -7.4201 -1.192
v -46.479 -6.8748 -0.66206
v -46.479 -6.8748 -0.66206
v -46.622 -7.4201 -1.192
v -46.384 -7.7029 -0.64173
v -45.796 -12.141 -17.649
v -45.474 -12.06 -17.527
v -45.49 -12.872 -17.497
v -47.525 0.8533 -8.3541
v -47.83 0.56095 -7.5424
v -47.064 0.2915 -7.7128
v -45.433 -10.81 -0.027533
v -45.356 -11.387 -0.26317
v -45.124 -11.364 0.35283
v -45.124 -11.364 0.35283
v -45.356 -11.387 -0.26317
v -45.028 -11.659 0.44358
v -47.683 0.072516 -6.815
v -47.305 0.13054 -7.2679
v -47.83 0.56095 -7.5424
v -49.093 -2.1498 -17.889
v -49.872 -3.2827 -16.963
v -49.911 -2.287 -17.014
v -45.937 1.2937 -13.532
v -45.986 1.5553 -14.587
v -45.944 2.005 -14.131
v -44.024 -7.3068 -8.3151
v -43.855 -7.8107 -8.0534
v -44.154 -7.7253 -8.7747
v -41.227 -23.064 -16.911
v -40.911 -23.77 -16.886
v -41.686 -23.532 -16.95
v -44.925 -12.46 0.084408
v -44.74 -12.084 0.65723
v -45.081 -11.919 0.055231
v -49.093 -2.1498 -17.889
v -49.441 -3.7291 -17.433
v -49.872 -3.2827 -16.963
v -43.863 -8.595 -8.4361
v -44.154 -7.7253 -8.7747
v -43.855 -7.8107 -8.0534
v -43.855 -7.8107 -8.0534
v -43.678 -8.4726 -7.8955
v -43.863 -8.595 -8.4361
v -39.246 -25.48 -1.8355
v -38.706 -25.178 -2.1384
v -39.171 -25.075 -1.1141
v -47.367 2.5395 -10.272
v -47.976 2.5475 -10.132
v -47.538 2.2455 -9.8872
v -36.845 -25.347 -8.6864
v -36.839 -25.122 -8.9019
v -36.907 -25.384 -8.3768
v -43.01 -24.617 -10.99
v -42.875 -24.767 -10.589
v -42.965 -24.543 -10.366
v -45.747 0.0077317 -12.212
v -45.826 -0.53098 -12.67
v -45.878 0.35829 -12.96
v -44.069 -14.636 0.40157
v -44.034 -14.073 0.95984
v -44.542 -13.538 0.21804
v -43.442 -9.9493 -8.1896
v -43.478 -9.311 -7.8322
v -43.23 -9.811 -7.5016
v -45.211 -3.5334 -10.43
v -45.358 -2.8306 -10.69
v -45.179 -2.7535 -9.9002
v -45.086 -3.4196 -9.7908
v -45.211 -3.5334 -10.43
v -45.179 -2.7535 -9.9002
v -39.754 -29.128 -15.394
v -39.519 -29.188 -15.096
v -40.038 -29.254 -14.618
v -44.872 -4.8179 -9.5994
v -45.106 -4.1246 -10.158
v -44.928 -4.2329 -9.5137
v -37.779 -25.423 -5.7146
v -37.283 -24.846 -5.45
v -37.7 -25.165 -4.7225
v -42.526 -25.241 -10.39
v -42.875 -24.767 -10.589
v -42.532 -25.473 -11.108
v -44.711 -21.161 -10.03
v -44.251 -21.995 -9.804
v -44.328 -21.612 -9.285
v -46.017 -8.8575 -0.28623
v -46.17 -8.1359 -0.22677
v -46.32 -8.5118 -0.83394
v -48.084 -1.4255 -4.2917
v -47.626 -1.6382 -3.8748
v -47.949 -1.012 -4.7705
v -48.084 -1.4255 -4.2917
v -47.986 -1.792 -3.8475
v -47.626 -1.6382 -3.8748
v -41.692 -20.727 -0.098201
v -41.393 -21.291 -0.12944
v -40.856 -21.526 0.65957
v -44.582 -6.0776 -9.2512
v -44.634 -5.4286 -9.012
v -44.401 -5.8518 -8.6081
v -44.401 -5.8518 -8.6081
v -44.312 -6.4995 -8.7886
v -44.582 -6.0776 -9.2512
v -46.017 -8.8575 -0.28623
v -45.979 -9.373 -0.51976
v -45.8 -9.3457 -0.093316
v -47.834 -3.1899 -3.0067
v -47.665 -3.5517 -2.6551
v -47.523 -3.0395 -1.986
v -45.613 -9.8607 0.12041
v -45.8 -9.3457 -0.093316
v -45.979 -9.373 -0.51976
v -45.979 -9.373 -0.51976
v -45.783 -9.9538 -0.37438
v -45.613 -9.8607 0.12041
v -45.783 -9.9538 -0.37438
v -45.617 -10.768 -0.46314
v -45.613 -9.8607 0.12041
v -45.53 -10.473 -0.014362
v -45.613 -9.8607 0.12041
v -45.617 -10.768 -0.46314
v -43.399 -23.748 -10.249
v -43.665 -23.081 -9.893
v -43.764 -23.243 -10.594
v -37.7 -25.165 -4.7225
v -38.076 -25.395 -4.3016
v -38.153 -25.705 -4.9561
v -47.41 3.2609 -10.992
v -47.648 3.5276 -11.188
v -47.815 3.091 -10.787
v -47.211 4.7889 -12.534
v -47.727 4.8046 -12.943
v -48.039 4.7732 -12.647
v -47.464 4.652 -12.316
v -47.211 4.7889 -12.534
v -48.039 4.7732 -12.647
v -45.954 2.9964 -15.99
v -45.896 2.6252 -14.869
v -45.946 1.8892 -15.231
v -40.314 -23.048 0.06658
v -40.478 -23.346 -0.62819
v -40.071 -23.6 -0.14802
v -45.946 1.8892 -15.231
v -45.896 2.6252 -14.869
v -45.944 2.005 -14.131
v -39.528 -24.558 -0.25056
v -40.071 -23.6 -0.14802
v -39.905 -24.458 -0.93806
v -39.067 -19.781 -6.3123
v -39.133 -20.435 -7.471
v -39.731 -19.413 -8.0956
v -47.986 -1.792 -3.8475
v -47.524 -2.0658 -3.2168
v -47.626 -1.6382 -3.8748
v -48.021 -2.2892 -3.4491
v -47.524 -2.0658 -3.2168
v -47.986 -1.792 -3.8475
v -45.543 -1.3901 -11.303
v -45.332 -1.7739 -10.362
v -45.572 -2.208 -11.524
v -38.115 -22.802 -8.0818
v -37.715 -23.099 -7.5136
v -37.532 -23.966 -8.4423
v -47.643 -2.4179 -2.6951
v -47.524 -2.0658 -3.2168
v -48.021 -2.2892 -3.4491
v -47.643 -2.4179 -2.6951
v -48.021 -2.2892 -3.4491
v -47.783 -2.6906 -2.6964
v -45.572 -2.208 -11.524
v -45.332 -1.7739 -10.362
v -45.358 -2.8306 -10.69
v -43.019 -18.292 -0.39812
v -42.712 -16.796 1.5346
v -43.179 -16.598 0.76877
v -43.019 -18.292 -0.39812
v -42.091 -18.168 1.5447
v -42.712 -16.796 1.5346
v -43.019 -18.292 -0.39812
v -42.021 -19.189 0.70969
v -42.091 -18.168 1.5447
v -46.241 4.078 -17.375
v -46.058 4.3592 -16.735
v -46.251 3.2748 -17.252
v -42.627 -11.816 -7.4532
v -42.143 -12.375 -6.7245
v -42.656 -12.776 -8.1518
v -42.045 -13.643 -7.5091
v -41.164 -15.089 -6.3509
v -41.759 -14.416 -7.2992
v -40.734 -16.117 -6.1744
v -40.368 -18.104 -7.5682
v -40.867 -17.248 -7.721
v -45.958 4.0186 -16.247
v -46.251 3.2748 -17.252
v -46.058 4.3592 -16.735
v -47.695 -13.504 -9.9424
v -47.926 -12.545 -9.6963
v -48.156 -12.429 -10.608
v -46.251 3.2748 -17.252
v -45.958 4.0186 -16.247
v -45.99 3.4337 -16.334
v -39.788 -18.511 -6.5464
v -39.731 -19.413 -8.0956
v -40.368 -18.104 -7.5682
v -46.528 4.5637 -16.997
v -46.317 4.5419 -16.563
v -46.058 4.3592 -16.735
v -44.487 -6.8687 -9.3669
v -44.582 -6.0776 -9.2512
v -44.312 -6.4995 -8.7886
v -45.433 -10.81 -0.027533
v -45.53 -10.473 -0.014362
v -45.617 -10.768 -0.46314
v -44.31 -7.2514 -9.0502
v -44.312 -6.4995 -8.7886
v -44.164 -6.6722 -8.391
v -43.442 -9.9493 -8.1896
v -43.23 -9.811 -7.5016
v -43.123 -10.469 -7.6487
v -44.024 -7.3068 -8.3151
v -44.31 -7.2514 -9.0502
v -44.164 -6.6722 -8.391
v -45.99 3.4337 -16.334
v -45.954 2.9964 -15.99
v -46.047 2.6925 -16.578
v -47.548 -0.34616 -6.2283
v -47.683 0.072516 -6.815
v -48.31 -0.21903 -5.9838
v -45.878 0.35829 -12.96
v -45.937 1.2937 -13.532
v -45.858 1.2017 -13.036
v -45.081 -11.919 0.055231
v -45.028 -11.659 0.44358
v -45.356 -11.387 -0.26317
v -45.685 -1.5955 -12.121
v -45.655 -0.73064 -11.917
v -45.543 -1.3901 -11.303
v -45.546 -2.9105 -11.626
v -45.572 -2.208 -11.524
v -45.358 -2.8306 -10.69
v -47.403 2.7804 -10.544
v -47.976 2.5475 -10.132
v -47.367 2.5395 -10.272
v -46.806 4.5225 -15.539
v -47.205 4.5824 -15.508
v -46.796 4.6319 -14.997
v -47.409 1.8365 -9.5351
v -47.538 2.2455 -9.8872
v -47.824 2.072 -9.631
v -45.086 -3.4196 -9.7908
v -45.048 -3.9224 -9.9035
v -45.211 -3.5334 -10.43
v -36.95 -25.234 -7.6272
v -37.586 -25.554 -6.981
v -37.161 -25.622 -7.7695
v -47.525 0.8533 -8.3541
v -47.173 0.94708 -8.5885
v -47.799 1.4138 -9.1055
v -37.12 -24.909 -6.273
v -37.511 -25.394 -6.3946
v -37.586 -25.554 -6.981
v -43.478 -9.311 -7.8322
v -43.863 -8.595 -8.4361
v -43.678 -8.4726 -7.8955
v -47.37 3.8598 -11.624
v -48.131 3.6895 -11.357
v -47.648 3.5276 -11.188
v -47.368 -4.3742 -2.056
v -47.499 -4.8303 -2.5213
v -47.204 -4.371 -1.5049
v -45.815 -18.41 -9.4364
v -45.496 -19.262 -9.564
v -45.582 -18.855 -9.1399
v -47.173 -5.1244 -1.601
v -47.204 -4.371 -1.5049
v -47.499 -4.8303 -2.5213
v -44.841 -5.4907 -9.7376
v -44.872 -4.8179 -9.5994
v -44.634 -5.4286 -9.012
v -39.171 -25.075 -1.1141
v -39.483 -24.875 -0.77335
v -39.577 -25.088 -1.2989
v -45.986 1.5553 -14.587
v -45.946 1.8892 -15.231
v -45.944 2.005 -14.131
v -40.856 -21.526 0.65957
v -41.393 -21.291 -0.12944
v -40.988 -21.709 0.20087
v -41.928 -19.848 0.32642
v -41.692 -20.727 -0.098201
v -41.424 -20.432 0.7405
v -46.32 -8.5118 -0.83394
v -46.17 -8.1359 -0.22677
v -46.384 -7.7029 -0.64173
v -38.076 -25.395 -4.3016
v -38.208 -25.179 -3.4152
v -38.745 -25.735 -3.6481
v -49.107 -9.2794 -11.377
v -49.094 -8.6312 -10.796
v -49.333 -8.1838 -11.417
v -36.839 -25.122 -8.9019
v -37.163 -24.631 -8.8175
v -36.86 -24.754 -8.0218
v -49.107 -9.2794 -11.377
v -48.909 -9.5235 -10.827
v -49.094 -8.6312 -10.796
v -50.22 -2.4224 -16.416
v -50.314 -2.7179 -15.959
v -50.364 -2.4264 -15.69
v -47.573 4.8042 -13.166
v -46.9 4.7559 -13.698
v -47.652 4.7278 -14.055
v -45.946 1.8892 -15.231
v -45.995 2.2323 -16.246
v -45.954 2.9964 -15.99
v -44.487 -6.8687 -9.3669
v -44.312 -6.4995 -8.7886
v -44.31 -7.2514 -9.0502
v -46.806 4.5225 -15.539
v -46.488 4.5069 -15.919
v -47.022 4.5394 -16.284
v -45.937 1.2937 -13.532
v -45.978 0.89954 -14.289
v -45.986 1.5553 -14.587
v -47.464 4.652 -12.316
v -48.039 4.7732 -12.647
v -47.991 4.2173 -12.084
v -44.154 -7.7253 -8.7747
v -44.31 -7.2514 -9.0502
v -44.024 -7.3068 -8.3151
v -44.154 -7.7253 -8.7747
v -43.863 -8.595 -8.4361
v -44.131 -8.2189 -9.0435
v -45.952 0.093442 -13.868
v -45.937 1.2937 -13.532
v -45.878 0.35829 -12.96
v -47.659 -0.58057 -5.6481
v -47.548 -0.34616 -6.2283
v -48.31 -0.21903 -5.9838
v -41.458 -27.438 -11.849
v -41.314 -27.458 -11.372
v -41.764 -26.744 -11.431
v -40.724 -28.548 -12.69
v -40.477 -28.82 -12.067
v -41.073 -28.048 -12.148
v -45.358 -2.8306 -10.69
v -45.211 -3.5334 -10.43
v -45.315 -3.5863 -10.867
v -44.634 -5.4286 -9.012
v -44.582 -6.0776 -9.2512
v -44.841 -5.4907 -9.7376
v -46.657 -16.126 -9.2554
v -46.567 -16.695 -9.7566
v -46.468 -16.574 -9.0927
v -46.567 -16.695 -9.7566
v -46.657 -16.126 -9.2554
v -46.841 -16.046 -9.8299
v -46.9 -7.1859 -1.7296
v -46.689 -6.7602 -1.032
v -46.977 -6.4873 -1.5442
v -46.622 -7.4201 -1.192
v -46.689 -6.7602 -1.032
v -46.9 -7.1859 -1.7296
v -38.706 -25.178 -2.1384
v -39.246 -25.48 -1.8355
v -38.841 -25.516 -2.6265
v -46.841 -16.046 -9.8299
v -47.114 -15.005 -9.3888
v -47.101 -15.334 -9.8496
v -42.532 -25.473 -11.108
v -42.037 -26.254 -11.107
v -42.218 -25.817 -10.603
v -39.246 -25.48 -1.8355
v -39.171 -25.075 -1.1141
v -39.577 -25.088 -1.2989
v -47.885 1.7773 -9.3876
v -47.799 1.4138 -9.1055
v -47.409 1.8365 -9.5351
v -47.976 2.5475 -10.132
v -47.403 2.7804 -10.544
v -47.815 3.091 -10.787
v -45.965 -10.103 -0.85797
v -45.783 -9.9538 -0.37438
v -45.979 -9.373 -0.51976
v -39.905 -24.458 -0.93806
v -39.483 -24.875 -0.77335
v -39.528 -24.558 -0.25056
v -47.799 1.4138 -9.1055
v -47.929 1.1142 -8.4296
v -47.525 0.8533 -8.3541
v -37.779 -25.423 -5.7146
v -37.7 -25.165 -4.7225
v -38.153 -25.705 -4.9561
v -47.824 2.072 -9.631
v -47.538 2.2455 -9.8872
v -47.976 2.5475 -10.132
v -44.542 -13.538 0.21804
v -44.58 -13.012 0.36149
v -44.833 -13.15 -0.21279
v -44.925 -12.46 0.084408
v -44.833 -13.15 -0.21279
v -44.58 -13.012 0.36149
v -44.298 -14.629 -0.11342
v -44.069 -14.636 0.40157
v -44.542 -13.538 0.21804
v -38.841 -25.516 -2.6265
v -38.208 -25.179 -3.4152
v -38.278 -25.022 -2.7656
v -42.218 -25.817 -10.603
v -42.526 -25.241 -10.39
v -42.532 -25.473 -11.108
v -38.329 -22.007 -7.4419
v -38.646 -21.947 -8.2434
v -38.823 -21.143 -7.5953
v -47.361 -14.46 -9.848
v -47.408 -14.022 -9.2726
v -47.695 -13.504 -9.9424
v -38.823 -21.143 -7.5953
v -39.17 -20.699 -8.0936
v -39.133 -20.435 -7.471
v -38.115 -22.802 -8.0818
v -38.646 -21.947 -8.2434
v -38.329 -22.007 -7.4419
v -45.99 3.4337 -16.334
v -46.047 2.6925 -16.578
v -46.251 3.2748 -17.252
v -39.731 -19.413 -8.0956
v -39.133 -20.435 -7.471
v -39.391 -20.156 -8.2429
v -47.986 -1.792 -3.8475
v -48.084 -1.4255 -4.2917
v -48.219 -1.7901 -4.1105
v -42.045 -13.643 -7.5091
v -42.656 -12.776 -8.1518
v -42.143 -12.375 -6.7245
v -48.078 -2.8091 -3.5577
v -47.783 -2.6906 -2.6964
v -48.021 -2.2892 -3.4491
v -41.164 -15.089 -6.3509
v -41.601 -15.2 -7.6006
v -41.759 -14.416 -7.2992
v -46.488 4.5069 -15.919
v -46.317 4.5419 -16.563
v -47.022 4.5394 -16.284
v -47.147 -6.4074 -2.0596
v -47.031 -5.7974 -1.4618
v -47.173 -5.1244 -1.601
v -39.391 -20.156 -8.2429
v -39.133 -20.435 -7.471
v -39.17 -20.699 -8.0936
v -47.83 0.56095 -7.5424
v -48.17 0.33508 -6.9308
v -47.683 0.072516 -6.815
v -36.845 -25.347 -8.6864
v -36.804 -25.403 -9.2304
v -36.839 -25.122 -8.9019
v -38.929 -21.236 -8.2908
v -39.17 -20.699 -8.0936
v -38.823 -21.143 -7.5953
v -47.783 -2.6906 -2.6964
v -48.078 -2.8091 -3.5577
v -47.834 -3.1899 -3.0067
v -45.783 -9.9538 -0.37438
v -45.965 -10.103 -0.85797
v -45.617 -10.768 -0.46314
v -36.907 -25.384 -8.3768
v -37.161 -25.622 -7.7695
v -37.329 -25.868 -8.3716
v -47.683 0.072516 -6.815
v -48.554 0.24516 -6.4882
v -48.31 -0.21903 -5.9838
v -47.665 -3.5517 -2.6551
v -47.834 -3.1899 -3.0067
v -47.877 -3.5309 -3.1476
v -38.646 -21.947 -8.2434
v -38.929 -21.236 -8.2908
v -38.823 -21.143 -7.5953
v -45.356 -11.387 -0.26317
v -45.433 -10.81 -0.027533
v -45.617 -10.768 -0.46314
v -47.792 -4.1275 -3.0832
v -47.665 -3.5517 -2.6551
v -47.877 -3.5309 -3.1476
v -47.665 -3.5517 -2.6551
v -47.792 -4.1275 -3.0832
v -47.49 -3.9311 -2.2347
v -37.586 -25.554 -6.981
v -37.511 -25.394 -6.3946
v -38.011 -25.846 -6.3003
v -45.356 -11.387 -0.26317
v -45.289 -11.947 -0.38267
v -45.081 -11.919 0.055231
v -44.925 -12.46 0.084408
v -45.081 -11.919 0.055231
v -45.289 -11.947 -0.38267
v -47.659 -0.58057 -5.6481
v -48.348 -0.69427 -5.4273
v -47.949 -1.012 -4.7705
v -46.977 -6.4873 -1.5442
v -47.031 -5.7974 -1.4618
v -47.147 -6.4074 -2.0596
v -46.796 4.6319 -14.997
v -47.205 4.5824 -15.508
v -47.166 4.6548 -14.607
v -45.937 1.2937 -13.532
v -45.952 0.093442 -13.868
v -45.978 0.89954 -14.289
v -46.624 -8.0725 -1.4209
v -46.384 -7.7029 -0.64173
v -46.622 -7.4201 -1.192
v -48.156 -12.429 -10.608
v -47.926 -12.545 -9.6963
v -48.283 -11.711 -10.157
v -46.624 -8.0725 -1.4209
v -46.32 -8.5118 -0.83394
v -46.384 -7.7029 -0.64173
v -45.106 -4.1246 -10.158
v -45.211 -3.5334 -10.43
v -45.048 -3.9224 -9.9035
v -45.572 -2.208 -11.524
v -45.685 -1.5955 -12.121
v -45.543 -1.3901 -11.303
v -44.872 -4.8179 -9.5994
v -45.079 -4.5943 -10.199
v -45.106 -4.1246 -10.158
v -43.451 -15.856 0.78579
v -43.889 -15.004 0.52216
v -44.09 -15.345 -0.19803
v -47.37 3.8598 -11.624
v -47.991 4.2173 -12.084
v -48.131 3.6895 -11.357
v -47.409 1.8365 -9.5351
v -47.824 2.072 -9.631
v -47.885 1.7773 -9.3876
v -49.873 -6.1961 -12.623
v -49.837 -5.6199 -12.066
v -50.097 -5.1888 -13.366
v -40.323 -29.17 -12.968
v -40.274 -29.037 -12.312
v -40.724 -28.548 -12.69
v -39.483 -24.875 -0.77335
v -39.905 -24.458 -0.93806
v -39.577 -25.088 -1.2989
v -41.393 -21.291 -0.12944
v -41.193 -22.054 -0.58073
v -40.988 -21.709 0.20087
v -40.904 -22.252 -0.17247
v -40.988 -21.709 0.20087
v -41.193 -22.054 -0.58073
v -43.442 -9.9493 -8.1896
v -43.887 -9.0177 -8.7261
v -43.478 -9.311 -7.8322
v -45.685 -1.5955 -12.121
v -45.826 -0.53098 -12.67
v -45.655 -0.73064 -11.917
v -39.948 -29.243 -13.069
v -40.323 -29.17 -12.968
v -39.951 -29.308 -13.78
v -40.314 -23.048 0.06658
v -40.595 -22.463 0.18668
v -40.904 -22.252 -0.17247
v -40.904 -22.252 -0.17247
v -40.818 -22.818 -0.70634
v -40.314 -23.048 0.06658
v -45.878 0.35829 -12.96
v -45.826 -0.53098 -12.67
v -45.948 -0.55237 -13.495
v -47.83 0.56095 -7.5424
v -47.525 0.8533 -8.3541
v -47.929 1.1142 -8.4296
v -40.253 -23.947 -1.0279
v -39.905 -24.458 -0.93806
v -40.071 -23.6 -0.14802
v -43.478 -9.311 -7.8322
v -43.887 -9.0177 -8.7261
v -43.863 -8.595 -8.4361
v -40.253 -23.947 -1.0279
v -40.071 -23.6 -0.14802
v -40.478 -23.346 -0.62819
v -45.965 -10.103 -0.85797
v -45.979 -9.373 -0.51976
v -46.149 -9.3765 -0.93071
v -44.833 -13.15 -0.21279
v -44.583 -13.986 -0.25323
v -44.542 -13.538 0.21804
v -46.317 4.5419 -16.563
v -46.528 4.5637 -16.997
v -46.942 4.5399 -16.845
v -50.24 -3.9539 -13.658
v -50.097 -5.1888 -13.366
v -50.131 -4.1384 -12.831
v -50.278 -1.4323 -16.373
v -50.22 -2.4224 -16.416
v -50.364 -2.4264 -15.69
v -48.715 -9.892 -10.084
v -48.846 -10.171 -11.027
v -48.626 -10.815 -10.688
v -44.069 -14.636 0.40157
v -44.298 -14.629 -0.11342
v -43.889 -15.004 0.52216
v -45.995 2.2323 -16.246
v -46.047 2.6925 -16.578
v -45.954 2.9964 -15.99
v -49.911 -2.287 -17.014
v -50.22 -2.4224 -16.416
v -49.943 -1.3612 -17.113
v -42.021 -19.189 0.70969
v -42.399 -19.494 -0.30143
v -41.928 -19.848 0.32642
v -47.49 -3.9311 -2.2347
v -47.499 -4.8303 -2.5213
v -47.368 -4.3742 -2.056
v -46.016 1.476 -16.136
v -45.995 2.2323 -16.246
v -45.946 1.8892 -15.231
v -46.249 -17.06 -9.1084
v -46.468 -16.574 -9.0927
v -46.567 -16.695 -9.7566
v -47.499 -4.8303 -2.5213
v -47.327 -5.6737 -2.3223
v -47.173 -5.1244 -1.601
v -42.469 -22.052 -17.067
v -42.739 -20.396 -17.089
v -41.666 -21.577 -16.791
v -41.981 -19.937 -16.749
v -41.666 -21.577 -16.791
v -42.739 -20.396 -17.089
v -47.147 -6.4074 -2.0596
v -47.173 -5.1244 -1.601
v -47.327 -5.6737 -2.3223
v -36.839 -25.122 -8.9019
v -37.323 -24.76 -9.66
v -37.163 -24.631 -8.8175
v -38.841 -25.516 -2.6265
v -38.745 -25.735 -3.6481
v -38.208 -25.179 -3.4152
v -42.458 -18.99 -16.8
v -42.681 -19.415 -17.047
v -43.275 -19.051 -17.175
v -47.652 4.7278 -14.055
v -48.259 4.7838 -13.516
v -47.573 4.8042 -13.166
v -47.727 4.8046 -12.943
v -47.573 4.8042 -13.166
v -48.259 4.7838 -13.516
v -45.227 -13.439 -17.382
v -45.49 -12.872 -17.497
v -44.915 -12.942 -17.262
v -36.845 -25.347 -8.6864
v -36.97 -25.723 -8.8627
v -36.804 -25.403 -9.2304
v -47.727 4.8046 -12.943
v -48.275 4.8384 -12.941
v -48.039 4.7732 -12.647
v -47.683 0.072516 -6.815
v -48.17 0.33508 -6.9308
v -48.554 0.24516 -6.4882
v -36.845 -25.347 -8.6864
v -36.907 -25.384 -8.3768
v -36.97 -25.723 -8.8627
v -46.32 -8.5118 -0.83394
v -46.149 -9.3765 -0.93071
v -46.017 -8.8575 -0.28623
v -46.814 -9.1959 -17.881
v -46.415 -10.076 -17.824
v -46.975 -9.9548 -17.831
v -45.979 -9.373 -0.51976
v -46.017 -8.8575 -0.28623
v -46.149 -9.3765 -0.93071
v -45.952 0.093442 -13.868
v -45.878 0.35829 -12.96
v -45.948 -0.55237 -13.495
v -39.458 -26.579 -16.816
v -39.669 -27.861 -16.419
v -40.292 -27.255 -16.293
v -40.706 -26.318 -16.624
v -39.458 -26.579 -16.816
v -40.292 -27.255 -16.293
v -48.928 -4.7034 -17.741
v -49.441 -3.7291 -17.433
v -49.093 -2.1498 -17.889
v -40.314 -23.048 0.06658
v -40.818 -22.818 -0.70634
v -40.478 -23.346 -0.62819
v -47.815 3.091 -10.787
v -47.648 3.5276 -11.188
v -48.131 3.6895 -11.357
v -46.228 -11.664 -17.798
v -45.474 -12.06 -17.527
v -45.796 -12.141 -17.649
v -37.511 -25.394 -6.3946
v -37.779 -25.423 -5.7146
v -38.011 -25.846 -6.3003
v -45.999 0.92214 -15.487
v -45.946 1.8892 -15.231
v -45.986 1.5553 -14.587
v -44.841 -5.4907 -9.7376
v -45.079 -4.5943 -10.199
v -44.872 -4.8179 -9.5994
v -45.999 0.92214 -15.487
v -45.986 1.5553 -14.587
v -45.978 0.89954 -14.289
v -48.348 -0.69427 -5.4273
v -47.659 -0.58057 -5.6481
v -48.31 -0.21903 -5.9838
v -40.539 -24.679 -16.88
v -40.063 -25.594 -16.744
v -40.706 -26.318 -16.624
v -50.444 -1.695 -14.355
v -50.364 -2.4264 -15.69
v -50.466 -2.2205 -14.811
v -42.94 -11.276 -7.742
v -42.627 -11.816 -7.4532
v -42.851 -11.997 -8.1631
v -49.333 -8.1838 -11.417
v -49.382 -6.99 -10.682
v -49.674 -6.5892 -11.898
v -42.656 -12.776 -8.1518
v -42.851 -11.997 -8.1631
v -42.627 -11.816 -7.4532
v -47.957 -6.9151 -18.016
v -46.783 -7.2484 -17.894
v -47.522 -7.989 -17.921
v -43.346 -10.885 -8.4313
v -43.442 -9.9493 -8.1896
v -43.123 -10.469 -7.6487
v -42.94 -11.276 -7.742
v -43.346 -10.885 -8.4313
v -43.123 -10.469 -7.6487
v -46.528 4.5637 -16.997
v -46.058 4.3592 -16.735
v -46.915 4.3132 -17.99
v -46.241 4.078 -17.375
v -46.915 4.3132 -17.99
v -46.058 4.3592 -16.735
v -39.669 -27.861 -16.419
v -39.464 -28.783 -16.069
v -40.103 -28.166 -15.992
v -44.09 -15.345 -0.19803
v -43.179 -16.598 0.76877
v -43.451 -15.856 0.78579
v -40.867 -17.248 -7.721
v -41.31 -16.312 -7.915
v -40.734 -16.117 -6.1744
v -41.93 -14.849 -8.2755
v -42.045 -13.643 -7.5091
v -41.759 -14.416 -7.2992
v -42.526 -25.241 -10.39
v -42.965 -24.543 -10.366
v -42.875 -24.767 -10.589
v -41.601 -15.2 -7.6006
v -41.93 -14.849 -8.2755
v -41.759 -14.416 -7.2992
v -40.734 -16.117 -6.1744
v -41.601 -15.2 -7.6006
v -41.164 -15.089 -6.3509
v -43.665 -23.081 -9.893
v -43.399 -23.748 -10.249
v -43.506 -23.158 -9.5283
v -48.021 -2.2892 -3.4491
v -47.986 -1.792 -3.8475
v -48.219 -1.7901 -4.1105
v -48.17 0.33508 -6.9308
v -47.83 0.56095 -7.5424
v -48.399 0.76366 -7.5291
v -48.776 0.66103 -6.9508
v -48.17 0.33508 -6.9308
v -48.399 0.76366 -7.5291
v -46.942 4.5399 -16.845
v -47.022 4.5394 -16.284
v -46.317 4.5419 -16.563
v -45.978 0.89954 -14.289
v -45.952 0.093442 -13.868
v -45.993 0.072373 -14.652
v -47.205 4.5824 -15.508
v -46.806 4.5225 -15.539
v -47.627 4.5251 -16.053
v -48.275 4.8384 -12.941
v -47.727 4.8046 -12.943
v -48.259 4.7838 -13.516
v -43.399 -23.748 -10.249
v -42.965 -24.543 -10.366
v -42.812 -24.495 -9.6847
v -40.477 -28.82 -12.067
v -40.782 -28.199 -11.576
v -41.073 -28.048 -12.148
v -45.685 -1.5955 -12.121
v -45.572 -2.208 -11.524
v -45.71 -2.3966 -12.322
v -40.782 -28.199 -11.576
v -41.314 -27.458 -11.372
v -41.458 -27.438 -11.849
v -41.458 -27.438 -11.849
v -41.073 -28.048 -12.148
v -40.782 -28.199 -11.576
v -47.976 2.5475 -10.132
v -47.815 3.091 -10.787
v -48.361 2.7472 -10.374
v -37.323 -24.76 -9.66
v -37.532 -23.966 -8.4423
v -37.163 -24.631 -8.8175
v -44.298 -14.629 -0.11342
v -44.09 -15.345 -0.19803
v -43.889 -15.004 0.52216
v -45.233 -4.1109 -10.817
v -45.315 -3.5863 -10.867
v -45.211 -3.5334 -10.43
v -45.106 -4.1246 -10.158
v -45.233 -4.1109 -10.817
v -45.211 -3.5334 -10.43
v -47.976 2.5475 -10.132
v -48.407 2.4365 -9.8358
v -47.824 2.072 -9.631
v -48.298 2.0779 -9.4207
v -47.824 2.072 -9.631
v -48.407 2.4365 -9.8358
v -44.542 -13.538 0.21804
v -44.583 -13.986 -0.25323
v -44.298 -14.629 -0.11342
v -36.804 -25.403 -9.2304
v -37.323 -24.76 -9.66
v -36.839 -25.122 -8.9019
v -47.824 2.072 -9.631
v -48.298 2.0779 -9.4207
v -47.885 1.7773 -9.3876
v -40.724 -28.548 -12.69
v -40.274 -29.037 -12.312
v -40.477 -28.82 -12.067
v -45.079 -4.5943 -10.199
v -44.841 -5.4907 -9.7376
v -45.02 -5.1783 -10.413
v -47.815 3.091 -10.787
v -48.131 3.6895 -11.357
v -48.457 3.2562 -10.933
v -39.951 -29.308 -13.78
v -39.762 -29.292 -14.434
v -39.631 -29.136 -13.818
v -48.485 1.0705 -8.0103
v -47.83 0.56095 -7.5424
v -47.929 1.1142 -8.4296
v -43.13 -11.474 -8.2831
v -43.346 -10.885 -8.4313
v -42.94 -11.276 -7.742
v -44.725 -6.3433 -9.8936
v -44.841 -5.4907 -9.7376
v -44.582 -6.0776 -9.2512
v -39.246 -25.48 -1.8355
v -39.577 -25.088 -1.2989
v -39.691 -25.338 -1.8465
v -42.851 -11.997 -8.1631
v -43.13 -11.474 -8.2831
v -42.94 -11.276 -7.742
v -43.887 -9.0177 -8.7261
v -44.131 -8.2189 -9.0435
v -43.863 -8.595 -8.4361
v -47.645 -13.219 -9.3347
v -47.926 -12.545 -9.6963
v -47.695 -13.504 -9.9424
v -43.887 -9.0177 -8.7261
v -43.442 -9.9493 -8.1896
v -43.743 -9.6834 -8.7832
v -47.877 -3.5309 -3.1476
v -47.834 -3.1899 -3.0067
v -48.078 -2.8091 -3.5577
v -38.745 -25.735 -3.6481
v -38.916 -26.042 -4.2638
v -38.076 -25.395 -4.3016
v -46.841 -16.046 -9.8299
v -46.657 -16.126 -9.2554
v -46.811 -15.537 -8.9518
v -38.153 -25.705 -4.9561
v -38.076 -25.395 -4.3016
v -38.592 -25.92 -4.7287
v -39.246 -25.48 -1.8355
v -39.381 -25.645 -2.1247
v -38.841 -25.516 -2.6265
v -47.792 -4.1275 -3.0832
v -47.499 -4.8303 -2.5213
v -47.49 -3.9311 -2.2347
v -44.487 -6.8687 -9.3669
v -44.725 -6.3433 -9.8936
v -44.582 -6.0776 -9.2512
v -47.627 4.5251 -16.053
v -46.806 4.5225 -15.539
v -47.022 4.5394 -16.284
v -47.114 -15.005 -9.3888
v -46.841 -16.046 -9.8299
v -46.811 -15.537 -8.9518
v -48.131 3.6895 -11.357
v -47.991 4.2173 -12.084
v -48.811 3.6763 -11.445
v -38.929 -21.236 -8.2908
v -39.164 -20.973 -8.7471
v -39.17 -20.699 -8.0936
v -47.114 -15.005 -9.3888
v -47.136 -14.597 -8.9445
v -47.361 -14.46 -9.848
v -45.572 -2.208 -11.524
v -45.546 -2.9105 -11.626
v -45.71 -2.3966 -12.322
v -47.205 4.5824 -15.508
v -47.754 4.6249 -15.002
v -47.166 4.6548 -14.607
v -47.408 -14.022 -9.2726
v -47.361 -14.46 -9.848
v -47.136 -14.597 -8.9445
v -38.929 -21.236 -8.2908
v -38.646 -21.947 -8.2434
v -39.054 -21.436 -8.9959
v -48.361 2.7472 -10.374
v -47.815 3.091 -10.787
v -48.457 3.2562 -10.933
v -44.711 -21.161 -10.03
v -44.328 -21.612 -9.285
v -44.81 -20.638 -9.3129
v -47.754 4.6249 -15.002
v -47.652 4.7278 -14.055
v -47.166 4.6548 -14.607
v -45.546 -2.9105 -11.626
v -45.358 -2.8306 -10.69
v -45.425 -3.6101 -11.362
v -45.358 -2.8306 -10.69
v -45.315 -3.5863 -10.867
v -45.425 -3.6101 -11.362
v -43.346 -10.885 -8.4313
v -43.563 -10.382 -8.8156
v -43.442 -9.9493 -8.1896
v -36.835 -25.776 -9.3374
v -36.802 -25.691 -9.9539
v -36.804 -25.403 -9.2304
v -45.237 -4.4032 -10.915
v -45.233 -4.1109 -10.817
v -45.106 -4.1246 -10.158
v -37.041 -26.126 -9.3675
v -36.92 -26.229 -9.9352
v -36.835 -25.776 -9.3374
v -36.97 -25.723 -8.8627
v -36.835 -25.776 -9.3374
v -36.804 -25.403 -9.2304
v -45.237 -4.4032 -10.915
v -45.106 -4.1246 -10.158
v -45.079 -4.5943 -10.199
v -45.079 -4.5943 -10.199
v -45.02 -5.1783 -10.413
v -45.237 -4.4032 -10.915
v -36.907 -25.384 -8.3768
v -37.329 -25.868 -8.3716
v -36.97 -25.723 -8.8627
v -50.22 -2.4224 -16.416
v -50.278 -1.4323 -16.373
v -49.943 -1.3612 -17.113
v -45.02 -5.1783 -10.413
v -44.841 -5.4907 -9.7376
v -44.965 -5.6465 -10.342
v -39.731 -19.413 -8.0956
v -39.391 -20.156 -8.2429
v -39.679 -19.771 -8.5678
v -47.929 1.1142 -8.4296
v -47.799 1.4138 -9.1055
v -48.528 1.4413 -8.4494
v -49.837 -5.6199 -12.066
v -49.963 -4.9913 -12.369
v -50.097 -5.1888 -13.366
v -45.617 -10.768 -0.46314
v -45.73 -10.967 -0.7926
v -45.356 -11.387 -0.26317
v -45.826 -0.53098 -12.67
v -45.685 -1.5955 -12.121
v -45.791 -1.4793 -12.741
v -48.399 0.76366 -7.5291
v -47.83 0.56095 -7.5424
v -48.485 1.0705 -8.0103
v -48.219 -1.7901 -4.1105
v -48.23 -2.3557 -4.1437
v -48.021 -2.2892 -3.4491
v -46.059 -17.68 -9.1962
v -46.249 -17.06 -9.1084
v -46.323 -17.414 -9.6438
v -46.9 -7.1859 -1.7296
v -46.977 -6.4873 -1.5442
v -47.147 -6.4074 -2.0596
v -42.2 -20.135 -0.48672
v -41.692 -20.727 -0.098201
v -41.928 -19.848 0.32642
v -46.624 -8.0725 -1.4209
v -46.464 -9.0059 -1.5244
v -46.32 -8.5118 -0.83394
v -38.592 -25.92 -4.7287
v -38.076 -25.395 -4.3016
v -38.916 -26.042 -4.2638
v -41.928 -19.848 0.32642
v -42.399 -19.494 -0.30143
v -42.2 -20.135 -0.48672
v -48.715 -9.892 -10.084
v -48.909 -9.5235 -10.827
v -48.846 -10.171 -11.027
v -45.289 -11.947 -0.38267
v -45.295 -12.55 -0.7741
v -44.925 -12.46 0.084408
v -41.692 -20.727 -0.098201
v -41.819 -21.083 -0.75814
v -41.393 -21.291 -0.12944
v -41.193 -22.054 -0.58073
v -40.818 -22.818 -0.70634
v -40.904 -22.252 -0.17247
v -47.127 4.5422 -17.71
v -46.528 4.5637 -16.997
v -46.915 4.3132 -17.99
v -46.942 4.5399 -16.845
v -46.528 4.5637 -16.997
v -47.127 4.5422 -17.71
v -42.045 -13.643 -7.5091
v -42.488 -13.363 -8.4595
v -42.656 -12.776 -8.1518
v -42.399 -19.494 -0.30143
v -42.021 -19.189 0.70969
v -43.019 -18.292 -0.39812
v -37.532 -23.966 -8.4423
v -38.272 -23.217 -9.1024
v -38.115 -22.802 -8.0818
v -48.486 -1.0872 -5.0245
v -47.949 -1.012 -4.7705
v -48.348 -0.69427 -5.4273
v -48.084 -1.4255 -4.2917
v -47.949 -1.012 -4.7705
v -48.486 -1.0872 -5.0245
v -41.31 -16.312 -7.915
v -41.601 -15.2 -7.6006
v -40.734 -16.117 -6.1744
v -44.31 -7.2514 -9.0502
v -44.154 -7.7253 -8.7747
v -44.42 -7.5356 -9.4921
v -48.078 -2.8091 -3.5577
v -48.021 -2.2892 -3.4491
v -48.23 -2.3557 -4.1437
v -44.154 -7.7253 -8.7747
v -44.131 -8.2189 -9.0435
v -44.42 -7.5356 -9.4921
v -39.17 -20.699 -8.0936
v -39.164 -20.973 -8.7471
v -39.391 -20.156 -8.2429
v -45.163 -5.0582 -10.944
v -45.237 -4.4032 -10.915
v -45.02 -5.1783 -10.413
v -46.256 -9.842 -1.4236
v -46.149 -9.3765 -0.93071
v -46.464 -9.0059 -1.5244
v -39.054 -21.436 -8.9959
v -39.164 -20.973 -8.7471
v -38.929 -21.236 -8.2908
v -46.268 2.0124 -17.163
v -46.047 2.6925 -16.578
v -45.995 2.2323 -16.246
v -45.965 -10.103 -0.85797
v -46.149 -9.3765 -0.93071
v -46.256 -9.842 -1.4236
v -39.054 -21.436 -8.9959
v -38.646 -21.947 -8.2434
v -38.82 -22.206 -9.1823
v -38.115 -22.802 -8.0818
v -38.82 -22.206 -9.1823
v -38.646 -21.947 -8.2434
v -42.656 -12.776 -8.1518
v -42.936 -12.516 -8.729
v -42.851 -11.997 -8.1631
v -44.965 -5.6465 -10.342
v -44.841 -5.4907 -9.7376
v -44.725 -6.3433 -9.8936
v -37.041 -26.126 -9.3675
v -36.835 -25.776 -9.3374
v -36.97 -25.723 -8.8627
v -47.327 -5.6737 -2.3223
v -47.31 -6.3874 -2.515
v -47.147 -6.4074 -2.0596
v -45.965 -10.103 -0.85797
v -45.73 -10.967 -0.7926
v -45.617 -10.768 -0.46314
v -46.9 -7.1859 -1.7296
v -46.917 -7.7532 -2.1206
v -46.622 -7.4201 -1.192
v -48.09 -11.485 -9.2051
v -48.283 -11.711 -10.157
v -47.926 -12.545 -9.6963
v -46.624 -8.0725 -1.4209
v -46.622 -7.4201 -1.192
v -46.917 -7.7532 -2.1206
v -37.779 -25.423 -5.7146
v -38.153 -25.705 -4.9561
v -38.466 -26.032 -5.5626
v -44.487 -6.8687 -9.3669
v -44.713 -6.8011 -10.194
v -44.725 -6.3433 -9.8936
v -49.674 -6.5892 -11.898
v -49.837 -5.6199 -12.066
v -49.873 -6.1961 -12.623
v -48.446 -1.8719 -4.5167
v -48.23 -2.3557 -4.1437
v -48.219 -1.7901 -4.1105
v -44.487 -6.8687 -9.3669
v -44.31 -7.2514 -9.0502
v -44.42 -7.5356 -9.4921
v -46.32 -8.5118 -0.83394
v -46.464 -9.0059 -1.5244
v -46.149 -9.3765 -0.93071
v -45.295 -12.55 -0.7741
v -44.833 -13.15 -0.21279
v -44.925 -12.46 0.084408
v -43.563 -10.382 -8.8156
v -43.743 -9.6834 -8.7832
v -43.442 -9.9493 -8.1896
v -48.412 -11.162 -10.243
v -48.283 -11.711 -10.157
v -48.234 -11.212 -9.5082
v -40.818 -22.818 -0.70634
v -40.91 -22.961 -1.1155
v -40.478 -23.346 -0.62819
v -47.408 -14.022 -9.2726
v -47.645 -13.219 -9.3347
v -47.695 -13.504 -9.9424
v -44.583 -13.986 -0.25323
v -44.56 -14.579 -0.62504
v -44.298 -14.629 -0.11342
v -40.91 -22.961 -1.1155
v -40.253 -23.947 -1.0279
v -40.478 -23.346 -0.62819
v -39.319 -25.911 -2.8384
v -38.841 -25.516 -2.6265
v -39.381 -25.645 -2.1247
v -41.193 -22.054 -0.58073
v -41.393 -21.291 -0.12944
v -41.819 -21.083 -0.75814
v -40.253 -23.947 -1.0279
v -40.165 -24.414 -1.5671
v -39.905 -24.458 -0.93806
v -48.412 -11.162 -10.243
v -48.234 -11.212 -9.5082
v -48.381 -10.773 -9.6746
v -45.826 -0.53098 -12.67
v -45.886 -1.2724 -13.244
v -45.948 -0.55237 -13.495
v -39.691 -25.338 -1.8465
v -39.381 -25.645 -2.1247
v -39.246 -25.48 -1.8355
v -39.319 -25.911 -2.8384
v -38.745 -25.735 -3.6481
v -38.841 -25.516 -2.6265
v -45.826 -0.53098 -12.67
v -45.791 -1.4793 -12.741
v -45.886 -1.2724 -13.244
v -48.413 1.7707 -9.1231
v -47.885 1.7773 -9.3876
v -48.298 2.0779 -9.4207
v -40.165 -24.414 -1.5671
v -39.577 -25.088 -1.2989
v -39.905 -24.458 -0.93806
v -47.885 1.7773 -9.3876
v -48.413 1.7707 -9.1231
v -47.799 1.4138 -9.1055
v -48.528 1.4413 -8.4494
v -47.799 1.4138 -9.1055
v -48.413 1.7707 -9.1231
v -50.131 -4.1384 -12.831
v -50.097 -5.1888 -13.366
v -49.963 -4.9913 -12.369
v -48.407 2.4365 -9.8358
v -47.976 2.5475 -10.132
v -48.361 2.7472 -10.374
v -39.164 -20.973 -8.7471
v -39.567 -20.248 -9.0191
v -39.391 -20.156 -8.2429
v -50.346 -3.281 -14.243
v -50.372 -2.4502 -14.054
v -50.466 -2.2205 -14.811
v -41.764 -26.744 -11.431
v -41.576 -26.815 -10.713
v -42.037 -26.254 -11.107
v -48.057 -3.4972 -3.7581
v -47.877 -3.5309 -3.1476
v -48.078 -2.8091 -3.5577
v -38.011 -25.846 -6.3003
v -37.779 -25.423 -5.7146
v -38.466 -26.032 -5.5626
v -41.895 -26.208 -10.367
v -42.037 -26.254 -11.107
v -41.576 -26.815 -10.713
v -48.412 -11.162 -10.243
v -48.381 -10.773 -9.6746
v -48.626 -10.815 -10.688
v -47.877 -3.5309 -3.1476
v -48.057 -3.4972 -3.7581
v -47.792 -4.1275 -3.0832
v -42.812 -24.495 -9.6847
v -43.152 -23.912 -9.6338
v -43.399 -23.748 -10.249
v -45.844 -11.159 -1.1733
v -45.356 -11.387 -0.26317
v -45.73 -10.967 -0.7926
v -45.356 -11.387 -0.26317
v -45.626 -11.97 -1.1256
v -45.289 -11.947 -0.38267
v -47.655 -5.0143 -2.9806
v -47.499 -4.8303 -2.5213
v -47.792 -4.1275 -3.0832
v -45.612 -3.218 -12.2
v -45.71 -2.3966 -12.322
v -45.546 -2.9105 -11.626
v -45.059 -13.339 -0.78421
v -44.833 -13.15 -0.21279
v -45.295 -12.55 -0.7741
v -43.665 -23.081 -9.893
v -43.506 -23.158 -9.5283
v -43.966 -22.637 -9.959
v -44.057 -8.9097 -9.2978
v -44.131 -8.2189 -9.0435
v -43.887 -9.0177 -8.7261
v -46.464 -9.0059 -1.5244
v -46.624 -8.0725 -1.4209
v -46.718 -8.2664 -1.8496
v -44.833 -13.15 -0.21279
v -45.059 -13.339 -0.78421
v -44.583 -13.986 -0.25323
v -43.743 -9.6834 -8.7832
v -44.057 -8.9097 -9.2978
v -43.887 -9.0177 -8.7261
v -45.059 -13.339 -0.78421
v -44.92 -13.958 -0.91652
v -44.583 -13.986 -0.25323
v -42.218 -25.817 -10.603
v -42.037 -26.254 -11.107
v -41.895 -26.208 -10.367
v -48.039 4.7732 -12.647
v -48.275 4.8384 -12.941
v -48.601 4.5412 -12.657
v -44.81 -20.638 -9.3129
v -44.818 -20.098 -8.5819
v -45.196 -19.761 -9.3201
v -42.851 -11.997 -8.1631
v -43.051 -12.002 -8.6977
v -43.13 -11.474 -8.2831
v -44.56 -14.579 -0.62504
v -44.09 -15.345 -0.19803
v -44.298 -14.629 -0.11342
v -40.368 -18.104 -7.5682
v -39.731 -19.413 -8.0956
v -39.912 -19.493 -8.9961
v -39.731 -19.413 -8.0956
v -39.679 -19.771 -8.5678
v -39.912 -19.493 -8.9961
v -45.978 0.89954 -14.289
v -46.019 0.5105 -15.366
v -45.999 0.92214 -15.487
v -48.715 -9.892 -10.084
v -48.825 -9.3471 -10.129
v -48.909 -9.5235 -10.827
v -40.91 -22.961 -1.1155
v -40.516 -23.844 -1.5285
v -40.253 -23.947 -1.0279
v -46.059 -17.68 -9.1962
v -45.815 -18.41 -9.4364
v -45.812 -17.813 -8.5276
v -45.993 0.072373 -14.652
v -46.019 0.5105 -15.366
v -45.978 0.89954 -14.289
v -44.96 -6.1111 -10.399
v -44.965 -5.6465 -10.342
v -44.725 -6.3433 -9.8936
v -48.528 1.4413 -8.4494
v -48.485 1.0705 -8.0103
v -47.929 1.1142 -8.4296
v -49.094 -8.6312 -10.796
v -48.909 -9.5235 -10.827
v -48.825 -9.3471 -10.129
v -39.577 -25.088 -1.2989
v -40.165 -24.414 -1.5671
v -39.691 -25.338 -1.8465
v -45.71 -2.3966 -12.322
v -45.791 -1.4793 -12.741
v -45.685 -1.5955 -12.121
v -44.251 -21.995 -9.804
v -43.966 -22.637 -9.959
v -43.902 -22.149 -8.9793
v -48.17 0.33508 -6.9308
v -48.776 0.66103 -6.9508
v -48.554 0.24516 -6.4882
v -41.193 -22.054 -0.58073
v -41.265 -22.325 -1.1599
v -40.818 -22.818 -0.70634
v -44.328 -21.612 -9.285
v -44.251 -21.995 -9.804
v -43.902 -22.149 -8.9793
v -37.323 -24.76 -9.66
v -36.802 -25.691 -9.9539
v -37.097 -25.427 -10.467
v -36.802 -25.691 -9.9539
v -37.323 -24.76 -9.66
v -36.804 -25.403 -9.2304
v -45.496 -19.262 -9.564
v -45.196 -19.761 -9.3201
v -45.373 -18.948 -8.5807
v -48.486 -1.0872 -5.0245
v -48.446 -1.8719 -4.5167
v -48.084 -1.4255 -4.2917
v -45.582 -18.855 -9.1399
v -45.496 -19.262 -9.564
v -45.373 -18.948 -8.5807
v -48.219 -1.7901 -4.1105
v -48.084 -1.4255 -4.2917
v -48.446 -1.8719 -4.5167
v -36.835 -25.776 -9.3374
v -36.92 -26.229 -9.9352
v -36.802 -25.691 -9.9539
v -46.251 3.2748 -17.252
v -46.047 2.6925 -16.578
v -46.268 2.0124 -17.163
v -37.323 -24.76 -9.66
v -37.721 -24.352 -9.9275
v -37.532 -23.966 -8.4423
v -45.999 0.92214 -15.487
v -46.016 1.476 -16.136
v -45.946 1.8892 -15.231
v -42.045 -13.643 -7.5091
v -42.331 -14.059 -8.471
v -42.488 -13.363 -8.4595
v -41.601 -15.2 -7.6006
v -41.981 -15.137 -8.5705
v -41.93 -14.849 -8.2755
v -43.019 -18.292 -0.39812
v -43.179 -16.598 0.76877
v -43.649 -17.101 -0.70011
v -42.045 -13.643 -7.5091
v -41.93 -14.849 -8.2755
v -42.331 -14.059 -8.471
v -39.464 -28.783 -16.069
v -39.669 -27.861 -16.419
v -38.879 -28.295 -16.39
v -48.23 -2.3557 -4.1437
v -48.252 -3.0756 -4.342
v -48.078 -2.8091 -3.5577
v -36.92 -26.229 -9.9352
v -36.756 -26.257 -10.715
v -36.802 -25.691 -9.9539
v -43.968 -16.395 -17.154
v -44.35 -15.755 -17.253
v -43.684 -15.837 -16.861
v -47.991 4.2173 -12.084
v -48.039 4.7732 -12.647
v -48.601 4.5412 -12.657
v -45.315 -3.5863 -10.867
v -45.374 -4.0941 -11.393
v -45.425 -3.6101 -11.362
v -45.233 -4.1109 -10.817
v -45.374 -4.0941 -11.393
v -45.315 -3.5863 -10.867
v -45.237 -4.4032 -10.915
v -45.374 -4.0941 -11.393
v -45.233 -4.1109 -10.817
v -45.939 -0.55054 -14.351
v -45.952 0.093442 -13.868
v -45.948 -0.55237 -13.495
v -48.057 -3.4972 -3.7581
v -47.97 -4.2965 -3.7376
v -47.792 -4.1275 -3.0832
v -48.811 3.6763 -11.445
v -48.457 3.2562 -10.933
v -48.131 3.6895 -11.357
v -45.356 -11.387 -0.26317
v -45.844 -11.159 -1.1733
v -45.626 -11.97 -1.1256
v -46.228 -11.664 -17.798
v -45.217 -11.271 -17.347
v -45.474 -12.06 -17.527
v -46.228 -11.664 -17.798
v -46.082 -10.74 -17.711
v -45.217 -11.271 -17.347
v -47.655 -5.0143 -2.9806
v -47.542 -5.5719 -3.0199
v -47.499 -4.8303 -2.5213
v -46.268 2.0124 -17.163
v -45.995 2.2323 -16.246
v -46.204 1.2926 -16.951
v -47.499 -4.8303 -2.5213
v -47.542 -5.5719 -3.0199
v -47.327 -5.6737 -2.3223
v -45.295 -12.55 -0.7741
v -45.289 -11.947 -0.38267
v -45.626 -11.97 -1.1256
v -47.435 -6.1772 -2.8807
v -47.327 -5.6737 -2.3223
v -47.542 -5.5719 -3.0199
v -47.31 -6.3874 -2.515
v -47.327 -5.6737 -2.3223
v -47.435 -6.1772 -2.8807
v -46.415 -10.076 -17.824
v -45.722 -10.37 -17.561
v -46.082 -10.74 -17.711
v -45.995 2.2323 -16.246
v -46.016 1.476 -16.136
v -46.204 1.2926 -16.951
v -41.384 -22.117 -16.793
v -41.227 -23.064 -16.911
v -42.434 -22.944 -16.978
v -45.948 -0.55237 -13.495
v -45.886 -1.2724 -13.244
v -45.925 -1.2708 -13.919
v -49.382 -6.99 -10.682
v -49.333 -8.1838 -11.417
v -49.094 -8.6312 -10.796
v -42.434 -22.944 -16.978
v -41.666 -21.577 -16.791
v -41.384 -22.117 -16.793
v -48.451 -6.0114 -17.851
v -48.115 -4.7834 -18.054
v -47.544 -5.6249 -18.022
v -46.814 -9.1959 -17.881
v -46.106 -9.2339 -17.602
v -46.415 -10.076 -17.824
v -42.2 -20.135 -0.48672
v -42.37 -20.277 -1.0933
v -41.692 -20.727 -0.098201
v -46.718 -8.2664 -1.8496
v -46.624 -8.0725 -1.4209
v -46.917 -7.7532 -2.1206
v -41.819 -21.083 -0.75814
v -41.692 -20.727 -0.098201
v -42.37 -20.277 -1.0933
v -44.368 -8.0748 -9.7957
v -44.42 -7.5356 -9.4921
v -44.131 -8.2189 -9.0435
v -50.364 -2.4264 -15.69
v -50.444 -1.695 -14.355
v -50.491 -1.0239 -15.378
v -45.886 -1.2724 -13.244
v -45.791 -1.4793 -12.741
v -45.806 -2.1946 -13.115
v -39.114 -28.971 -15.813
v -39.24 -28.939 -14.675
v -39.519 -29.188 -15.096
v -42.681 -19.415 -17.047
v -41.981 -19.937 -16.749
v -42.739 -20.396 -17.089
v -42.2 -20.135 -0.48672
v -42.399 -19.494 -0.30143
v -42.556 -19.66 -0.81607
v -45.791 -1.4793 -12.741
v -45.71 -2.3966 -12.322
v -45.806 -2.1946 -13.115
v -50.364 -2.4264 -15.69
v -50.491 -1.0239 -15.378
v -50.278 -1.4323 -16.373
v -44.017 -9.5989 -9.514
v -44.057 -8.9097 -9.2978
v -43.743 -9.6834 -8.7832
v -42.488 -13.363 -8.4595
v -42.936 -12.516 -8.729
v -42.656 -12.776 -8.1518
v -48.407 2.4365 -9.8358
v -48.811 2.0752 -9.3602
v -48.298 2.0779 -9.4207
v -43.755 -9.9574 -9.174
v -43.743 -9.6834 -8.7832
v -43.563 -10.382 -8.8156
v -41.265 -22.325 -1.1599
v -41.193 -22.054 -0.58073
v -41.7 -21.827 -1.5828
v -49.943 -1.3612 -17.113
v -49.093 -2.1498 -17.889
v -49.911 -2.287 -17.014
v -39.691 -25.338 -1.8465
v -40.165 -24.414 -1.5671
v -40.136 -24.745 -1.991
v -47.544 -5.6249 -18.022
v -47.957 -6.9151 -18.016
v -48.451 -6.0114 -17.851
v -43.447 -17.991 -17.121
v -42.458 -18.99 -16.8
v -43.275 -19.051 -17.175
v -41.764 -26.744 -11.431
v -41.333 -27.204 -10.813
v -41.576 -26.815 -10.713
v -48.401 4.7551 -14.166
v -47.652 4.7278 -14.055
v -47.754 4.6249 -15.002
v -41.265 -22.325 -1.1599
v -40.91 -22.961 -1.1155
v -40.818 -22.818 -0.70634
v -40.516 -23.844 -1.5285
v -40.165 -24.414 -1.5671
v -40.253 -23.947 -1.0279
v -40.782 -28.199 -11.576
v -40.477 -28.82 -12.067
v -40.367 -28.692 -11.158
v -48.259 4.7838 -13.516
v -47.652 4.7278 -14.055
v -48.401 4.7551 -14.166
v -41.819 -21.083 -0.75814
v -41.71 -21.523 -1.1725
v -41.193 -22.054 -0.58073
v -39.319 -25.911 -2.8384
v -39.381 -25.645 -2.1247
v -39.555 -25.83 -2.6027
v -39.391 -20.156 -8.2429
v -39.567 -20.248 -9.0191
v -39.679 -19.771 -8.5678
v -48.23 -2.3557 -4.1437
v -48.446 -1.8719 -4.5167
v -48.497 -2.3758 -4.8305
v -40.782 -28.199 -11.576
v -41.022 -27.688 -10.941
v -41.314 -27.458 -11.372
v -45.939 -0.55054 -14.351
v -45.993 0.072373 -14.652
v -45.952 0.093442 -13.868
v -47.022 4.5394 -16.284
v -46.942 4.5399 -16.845
v -47.68 4.4931 -16.7
v -39.164 -20.973 -8.7471
v -39.054 -21.436 -8.9959
v -39.393 -20.828 -9.2935
v -48.078 -2.8091 -3.5577
v -48.252 -3.0756 -4.342
v -48.057 -3.4972 -3.7581
v -39.951 -29.308 -13.78
v -39.631 -29.136 -13.818
v -39.948 -29.243 -13.069
v -41.333 -27.204 -10.813
v -41.314 -27.458 -11.372
v -41.022 -27.688 -10.941
v -43.488 -11.121 -9.1402
v -43.563 -10.382 -8.8156
v -43.346 -10.885 -8.4313
v -39.631 -29.136 -13.818
v -39.762 -29.292 -14.434
v -39.24 -28.939 -14.675
v -38.82 -22.206 -9.1823
v -38.977 -21.793 -9.2524
v -39.054 -21.436 -8.9959
v -41.764 -26.744 -11.431
v -41.314 -27.458 -11.372
v -41.333 -27.204 -10.813
v -43.248 -11.879 -9.1951
v -43.13 -11.474 -8.2831
v -43.051 -12.002 -8.6977
v -39.519 -29.188 -15.096
v -39.24 -28.939 -14.675
v -39.762 -29.292 -14.434
v -45.089 -5.7263 -10.903
v -45.163 -5.0582 -10.944
v -45.02 -5.1783 -10.413
v -45.939 -0.55054 -14.351
v -45.948 -0.55237 -13.495
v -45.925 -1.2708 -13.919
v -45.089 -5.7263 -10.903
v -45.02 -5.1783 -10.413
v -44.965 -5.6465 -10.342
v -42.851 -11.997 -8.1631
v -42.936 -12.516 -8.729
v -43.051 -12.002 -8.6977
v -47.655 -5.0143 -2.9806
v -47.792 -4.1275 -3.0832
v -47.785 -5.062 -3.4254
v -44.81 -20.638 -9.3129
v -44.328 -21.612 -9.285
v -44.308 -21.321 -8.7661
v -43.399 -23.748 -10.249
v -43.152 -23.912 -9.6338
v -43.506 -23.158 -9.5283
v -48.259 4.7838 -13.516
v -48.663 4.8197 -13.104
v -48.275 4.8384 -12.941
v -48.601 4.5412 -12.657
v -48.275 4.8384 -12.941
v -48.663 4.8197 -13.104
v -44.131 -8.2189 -9.0435
v -44.057 -8.9097 -9.2978
v -44.356 -8.4536 -9.9553
v -44.42 -7.5356 -9.4921
v -44.713 -6.8011 -10.194
v -44.487 -6.8687 -9.3669
v -46.256 -9.842 -1.4236
v -46.112 -10.579 -1.496
v -45.965 -10.103 -0.85797
v -37.329 -25.868 -8.3716
v -37.041 -26.126 -9.3675
v -36.97 -25.723 -8.8627
v -48.811 3.6763 -11.445
v -47.991 4.2173 -12.084
v -48.845 4.2909 -12.511
v -43.755 -9.9574 -9.174
v -44.017 -9.5989 -9.514
v -43.743 -9.6834 -8.7832
v -46.9 -7.1859 -1.7296
v -47.147 -6.4074 -2.0596
v -47.195 -7.0883 -2.5292
v -48.734 1.7187 -8.873
v -48.528 1.4413 -8.4494
v -48.413 1.7707 -9.1231
v -44.646 -20.701 -8.8115
v -44.81 -20.638 -9.3129
v -44.308 -21.321 -8.7661
v -48.361 2.7472 -10.374
v -48.457 3.2562 -10.933
v -48.793 2.6996 -10.585
v -37.329 -25.868 -8.3716
v -37.161 -25.622 -7.7695
v -37.836 -26.126 -7.7757
v -42.172 -25.589 -9.9559
v -42.526 -25.241 -10.39
v -42.218 -25.817 -10.603
v -38.011 -25.846 -6.3003
v -38.265 -26.233 -6.972
v -37.586 -25.554 -6.981
v -48.626 -10.815 -10.688
v -48.381 -10.773 -9.6746
v -48.522 -10.293 -9.6228
v -48.399 0.76366 -7.5291
v -48.953 1.0958 -7.9058
v -48.776 0.66103 -6.9508
v -44.646 -20.701 -8.8115
v -44.818 -20.098 -8.5819
v -44.81 -20.638 -9.3129
v -39.381 -25.645 -2.1247
v -39.691 -25.338 -1.8465
v -39.703 -25.64 -2.3578
v -45.965 -10.103 -0.85797
v -46.112 -10.579 -1.496
v -45.73 -10.967 -0.7926
v -46.112 -10.579 -1.496
v -45.844 -11.159 -1.1733
v -45.73 -10.967 -0.7926
v -42.526 -25.241 -10.39
v -42.461 -25.089 -9.7187
v -42.965 -24.543 -10.366
v -48.522 -10.293 -9.6228
v -48.715 -9.892 -10.084
v -48.626 -10.815 -10.688
v -38.592 -25.92 -4.7287
v -38.466 -26.032 -5.5626
v -38.153 -25.705 -4.9561
v -45.815 -18.41 -9.4364
v -45.582 -18.855 -9.1399
v -45.373 -18.948 -8.5807
v -48.298 2.0779 -9.4207
v -48.811 2.0752 -9.3602
v -48.413 1.7707 -9.1231
v -44.92 -13.958 -0.91652
v -44.56 -14.579 -0.62504
v -44.583 -13.986 -0.25323
v -39.703 -25.64 -2.3578
v -39.555 -25.83 -2.6027
v -39.381 -25.645 -2.1247
v -45.815 -18.41 -9.4364
v -45.373 -18.948 -8.5807
v -45.812 -17.813 -8.5276
v -40.516 -23.844 -1.5285
v -40.91 -22.961 -1.1155
v -41.058 -23.185 -1.8726
v -39.319 -25.911 -2.8384
v -39.333 -26.188 -3.567
v -38.745 -25.735 -3.6481
v -39.948 -29.243 -13.069
v -39.717 -29.038 -12.699
v -40.323 -29.17 -12.968
v -41.31 -16.312 -7.915
v -41.981 -15.137 -8.5705
v -41.601 -15.2 -7.6006
v -36.756 -25.965 -10.696
v -37.097 -25.427 -10.467
v -36.802 -25.691 -9.9539
v -48.348 -0.69427 -5.4273
v -48.31 -0.21903 -5.9838
v -48.757 -0.57541 -5.8723
v -38.272 -23.217 -9.1024
v -38.82 -22.206 -9.1823
v -38.115 -22.802 -8.0818
v -37.721 -24.352 -9.9275
v -38.07 -23.882 -10.163
v -37.532 -23.966 -8.4423
v -48.486 -1.0872 -5.0245
v -48.348 -0.69427 -5.4273
v -48.757 -0.57541 -5.8723
v -43.179 -16.598 0.76877
v -44.09 -15.345 -0.19803
v -44.335 -15.87 -1.217
v -40.368 -18.104 -7.5682
v -40.971 -17.674 -8.6288
v -40.867 -17.248 -7.721
v -44.915 -12.942 -17.262
v -44.755 -13.755 -17.231
v -45.227 -13.439 -17.382
v -36.756 -25.965 -10.696
v -36.802 -25.691 -9.9539
v -36.756 -26.257 -10.715
v -48.757 -0.57541 -5.8723
v -48.31 -0.21903 -5.9838
v -48.554 0.24516 -6.4882
v -48.486 -1.0872 -5.0245
v -48.586 -1.5852 -5.0813
v -48.446 -1.8719 -4.5167
v -50.131 -4.1384 -12.831
v -50.234 -3.21 -13.224
v -50.24 -3.9539 -13.658
v -45.455 -4.1901 -11.821
v -45.425 -3.6101 -11.362
v -45.374 -4.0941 -11.393
v -47.127 4.5422 -17.71
v -47.901 4.4249 -17.455
v -46.942 4.5399 -16.845
v -47.901 4.4249 -17.455
v -47.68 4.4931 -16.7
v -46.942 4.5399 -16.845
v -50.234 -3.21 -13.224
v -50.346 -3.281 -14.243
v -50.24 -3.9539 -13.658
v -47.627 4.5251 -16.053
v -47.022 4.5394 -16.284
v -47.68 4.4931 -16.7
v -46.718 -8.2664 -1.8496
v -46.656 -8.8972 -1.9632
v -46.464 -9.0059 -1.5244
v -45.374 -4.0941 -11.393
v -45.237 -4.4032 -10.915
v -45.4 -4.6191 -11.512
v -48.601 4.5412 -12.657
v -48.845 4.2909 -12.511
v -47.991 4.2173 -12.084
v -46.468 -16.574 -9.0927
v -46.605 -15.868 -8.6203
v -46.657 -16.126 -9.2554
v -47.754 4.6249 -15.002
v -47.205 4.5824 -15.508
v -47.627 4.5251 -16.053
v -48.252 -3.0756 -4.342
v -48.23 -2.3557 -4.1437
v -48.497 -2.3758 -4.8305
v -45.4 -4.6191 -11.512
v -45.237 -4.4032 -10.915
v -45.163 -5.0582 -10.944
v -38.272 -23.217 -9.1024
v -38.573 -22.774 -9.5382
v -38.82 -22.206 -9.1823
v -39.567 -20.248 -9.0191
v -39.164 -20.973 -8.7471
v -39.393 -20.828 -9.2935
v -46.811 -15.537 -8.9518
v -46.657 -16.126 -9.2554
v -46.605 -15.868 -8.6203
v -45.993 0.072373 -14.652
v -46.059 -0.17639 -15.609
v -46.019 0.5105 -15.366
v -45.089 -5.7263 -10.903
v -44.965 -5.6465 -10.342
v -44.96 -6.1111 -10.399
v -47.97 -4.2965 -3.7376
v -48.057 -3.4972 -3.7581
v -48.137 -4.0292 -4.1459
v -46.464 -9.0059 -1.5244
v -46.656 -8.8972 -1.9632
v -46.422 -9.7395 -1.933
v -47.97 -4.2965 -3.7376
v -47.785 -5.062 -3.4254
v -47.792 -4.1275 -3.0832
v -44.713 -6.8011 -10.194
v -44.96 -6.1111 -10.399
v -44.725 -6.3433 -9.8936
v -46.811 -15.537 -8.9518
v -47.136 -14.597 -8.9445
v -47.114 -15.005 -9.3888
v -48.413 1.7707 -9.1231
v -48.811 2.0752 -9.3602
v -48.734 1.7187 -8.873
v -48.953 1.0958 -7.9058
v -48.399 0.76366 -7.5291
v -48.485 1.0705 -8.0103
v -46.256 -9.842 -1.4236
v -46.464 -9.0059 -1.5244
v -46.422 -9.7395 -1.933
v -40.516 -23.844 -1.5285
v -40.548 -24.216 -2.1473
v -40.165 -24.414 -1.5671
v -41.7 -21.827 -1.5828
v -41.193 -22.054 -0.58073
v -41.71 -21.523 -1.1725
v -47.195 -7.0883 -2.5292
v -47.147 -6.4074 -2.0596
v -47.31 -6.3874 -2.515
v -46.917 -7.7532 -2.1206
v -46.9 -7.1859 -1.7296
v -47.195 -7.0883 -2.5292
v -37.836 -26.126 -7.7757
v -37.941 -26.425 -8.4244
v -37.329 -25.868 -8.3716
v -45.612 -3.218 -12.2
v -45.694 -3.0193 -12.654
v -45.71 -2.3966 -12.322
v -37.586 -25.554 -6.981
v -37.836 -26.126 -7.7757
v -37.161 -25.622 -7.7695
v -43.248 -11.879 -9.1951
v -43.346 -10.885 -8.4313
v -43.13 -11.474 -8.2831
v -38.011 -25.846 -6.3003
v -38.466 -26.032 -5.5626
v -38.371 -26.193 -6.4008
v -48.586 -1.5852 -5.0813
v -48.486 -1.0872 -5.0245
v -48.711 -1.1376 -5.388
v -41.71 -21.523 -1.1725
v -41.819 -21.083 -0.75814
v -42.15 -21.087 -1.6532
v -45.546 -2.9105 -11.626
v -45.425 -3.6101 -11.362
v -45.612 -3.218 -12.2
v -45.612 -3.218 -12.2
v -45.425 -3.6101 -11.362
v -45.561 -3.8533 -12.135
v -45.295 -12.55 -0.7741
v -45.325 -13.107 -1.1882
v -45.059 -13.339 -0.78421
v -39.567 -20.248 -9.0191
v -39.912 -19.493 -8.9961
v -39.679 -19.771 -8.5678
v -45.4 -4.6191 -11.512
v -45.455 -4.1901 -11.821
v -45.374 -4.0941 -11.393
v -49.674 -6.5892 -11.898
v -49.382 -6.99 -10.682
v -49.629 -5.9953 -11.268
v -43.346 -10.885 -8.4313
v -43.248 -11.879 -9.1951
v -43.488 -11.121 -9.1402
v -46.091 0.36595 -16.403
v -46.204 1.2926 -16.951
v -46.016 1.476 -16.136
v -39.054 -21.436 -8.9959
v -39.153 -21.491 -9.5764
v -39.393 -20.828 -9.2935
v -49.837 -5.6199 -12.066
v -49.674 -6.5892 -11.898
v -49.629 -5.9953 -11.268
v -42.331 -14.059 -8.471
v -41.93 -14.849 -8.2755
v -42.163 -14.611 -8.744
v -46.112 -10.579 -1.496
v -46.094 -10.976 -1.8299
v -45.844 -11.159 -1.1733
v -49.963 -4.9913 -12.369
v -49.909 -4.7177 -11.87
v -50.131 -4.1384 -12.831
v -45.086 -6.1605 -11.166
v -45.089 -5.7263 -10.903
v -44.96 -6.1111 -10.399
v -42.488 -13.363 -8.4595
v -42.96 -13.073 -9.2896
v -42.936 -12.516 -8.729
v -43.966 -22.637 -9.959
v -43.506 -23.158 -9.5283
v -43.902 -22.149 -8.9793
v -45.975 -1.0584 -15.063
v -45.993 0.072373 -14.652
v -45.939 -0.55054 -14.351
v -44.594 -7.7762 -10.386
v -44.713 -6.8011 -10.194
v -44.42 -7.5356 -9.4921
v -45.975 -1.0584 -15.063
v -45.939 -0.55054 -14.351
v -45.968 -1.302 -14.505
v -44.368 -8.0748 -9.7957
v -44.594 -7.7762 -10.386
v -44.42 -7.5356 -9.4921
v -42.172 -25.589 -9.9559
v -42.218 -25.817 -10.603
v -41.895 -26.208 -10.367
v -44.356 -8.4536 -9.9553
v -44.368 -8.0748 -9.7957
v -44.131 -8.2189 -9.0435
v -44.269 -9.067 -10.015
v -44.356 -8.4536 -9.9553
v -44.057 -8.9097 -9.2978
v -40.548 -24.216 -2.1473
v -40.136 -24.745 -1.991
v -40.165 -24.414 -1.5671
v -42.163 -14.611 -8.744
v -41.93 -14.849 -8.2755
v -41.981 -15.137 -8.5705
v -44.017 -9.5989 -9.514
v -44.269 -9.067 -10.015
v -44.057 -8.9097 -9.2978
v -45.806 -2.1946 -13.115
v -45.71 -2.3966 -12.322
v -45.694 -3.0193 -12.654
v -41.367 -22.592 -1.7355
v -40.91 -22.961 -1.1155
v -41.265 -22.325 -1.1599
v -43.755 -9.9574 -9.174
v -43.563 -10.382 -8.8156
v -43.789 -10.472 -9.6204
v -50.372 -2.4502 -14.054
v -50.346 -3.281 -14.243
v -50.234 -3.21 -13.224
v -42.2 -20.135 -0.48672
v -42.556 -19.66 -0.81607
v -42.37 -20.277 -1.0933
v -45.455 -4.1901 -11.821
v -45.561 -3.8533 -12.135
v -45.425 -3.6101 -11.362
v -48.137 -4.0292 -4.1459
v -48.057 -3.4972 -3.7581
v -48.317 -3.4512 -4.5481
v -38.265 -26.233 -6.972
v -37.836 -26.126 -7.7757
v -37.586 -25.554 -6.981
v -37.097 -25.427 -10.467
v -37.625 -24.777 -10.894
v -37.323 -24.76 -9.66
v -37.323 -24.76 -9.66
v -37.625 -24.777 -10.894
v -37.721 -24.352 -9.9275
v -47.542 -5.5719 -3.0199
v -47.655 -5.0143 -2.9806
v -47.785 -5.062 -3.4254
v -47.195 -7.0883 -2.5292
v -47.31 -6.3874 -2.515
v -47.435 -6.1772 -2.8807
v -48.057 -3.4972 -3.7581
v -48.252 -3.0756 -4.342
v -48.317 -3.4512 -4.5481
v -48.757 -0.57541 -5.8723
v -48.711 -1.1376 -5.388
v -48.486 -1.0872 -5.0245
v -46.241 4.078 -17.375
v -46.251 3.2748 -17.252
v -46.915 4.3132 -17.99
v -42.461 -25.089 -9.7187
v -42.812 -24.495 -9.6847
v -42.965 -24.543 -10.366
v -41.31 -16.312 -7.915
v -40.867 -17.248 -7.721
v -41.793 -16.578 -9.5271
v -44.56 -14.579 -0.62504
v -44.335 -15.87 -1.217
v -44.09 -15.345 -0.19803
v -40.763 -18.338 -9.6312
v -40.971 -17.674 -8.6288
v -40.368 -18.104 -7.5682
v -39.912 -19.493 -8.9961
v -40.763 -18.338 -9.6312
v -40.368 -18.104 -7.5682
v -45.999 0.92214 -15.487
v -46.091 0.36595 -16.403
v -46.016 1.476 -16.136
v -48.757 -0.57541 -5.8723
v -48.554 0.24516 -6.4882
v -48.93 -0.28683 -6.3782
v -44.335 -15.87 -1.217
v -43.649 -17.101 -0.70011
v -43.179 -16.598 0.76877
v -38.07 -23.882 -10.163
v -38.272 -23.217 -9.1024
v -37.532 -23.966 -8.4423
v -46.656 -8.8972 -1.9632
v -46.718 -8.2664 -1.8496
v -46.917 -8.5728 -2.5402
v -44.56 -14.579 -0.62504
v -44.92 -13.958 -0.91652
v -44.957 -14.503 -1.3606
v -37.625 -24.777 -10.894
v -37.969 -24.203 -10.685
v -37.721 -24.352 -9.9275
v -50.372 -2.4502 -14.054
v -50.444 -1.695 -14.355
v -50.466 -2.2205 -14.811
v -39.538 -20.853 -10.008
v -39.393 -20.828 -9.2935
v -39.153 -21.491 -9.5764
v -48.446 -1.8719 -4.5167
v -48.586 -1.5852 -5.0813
v -48.497 -2.3758 -4.8305
v -45.925 -1.2708 -13.919
v -45.886 -1.2724 -13.244
v -45.888 -2.0807 -13.93
v -46.656 -8.8972 -1.9632
v -46.719 -9.3543 -2.4351
v -46.422 -9.7395 -1.933
v -45.806 -2.1946 -13.115
v -45.888 -2.0807 -13.93
v -45.886 -1.2724 -13.244
v -39.153 -21.491 -9.5764
v -39.054 -21.436 -8.9959
v -38.977 -21.793 -9.2524
v -48.252 -3.0756 -4.342
v -48.497 -2.3758 -4.8305
v -48.487 -2.9541 -4.9373
v -38.967 -22.117 -10.027
v -39.153 -21.491 -9.5764
v -38.977 -21.793 -9.2524
v -38.82 -22.206 -9.1823
v -38.967 -22.117 -10.027
v -38.977 -21.793 -9.2524
v -49.071 2.4944 -9.9447
v -48.361 2.7472 -10.374
v -48.793 2.6996 -10.585
v -48.407 2.4365 -9.8358
v -48.361 2.7472 -10.374
v -49.071 2.4944 -9.9447
v -46.112 -10.579 -1.496
v -46.256 -9.842 -1.4236
v -46.422 -9.7395 -1.933
v -46.019 0.5105 -15.366
v -46.059 -0.17639 -15.609
v -45.999 0.92214 -15.487
v -38.265 -26.233 -6.972
v -38.011 -25.846 -6.3003
v -38.371 -26.193 -6.4008
v -45.914 -11.36 -1.4997
v -45.844 -11.159 -1.1733
v -46.094 -10.976 -1.8299
v -45.914 -11.36 -1.4997
v -45.783 -12.008 -1.6543
v -45.626 -11.97 -1.1256
v -45.844 -11.159 -1.1733
v -45.914 -11.36 -1.4997
v -45.626 -11.97 -1.1256
v -49.135 1.7824 -8.8808
v -48.528 1.4413 -8.4494
v -48.734 1.7187 -8.873
v -48.09 -11.485 -9.2051
v -47.926 -12.545 -9.6963
v -47.877 -12.086 -8.871
v -45.812 -17.813 -8.5276
v -46.012 -17.222 -8.4464
v -46.059 -17.68 -9.1962
v -48.485 1.0705 -8.0103
v -48.528 1.4413 -8.4494
v -48.953 1.0958 -7.9058
v -48.711 -1.1376 -5.388
v -48.789 -1.5623 -5.7469
v -48.586 -1.5852 -5.0813
v -37.721 -24.352 -9.9275
v -37.969 -24.203 -10.685
v -38.07 -23.882 -10.163
v -45.626 -11.97 -1.1256
v -45.575 -12.605 -1.4258
v -45.295 -12.55 -0.7741
v -48.663 4.8197 -13.104
v -48.259 4.7838 -13.516
v -48.743 4.8262 -13.572
v -45.325 -13.107 -1.1882
v -45.295 -12.55 -0.7741
v -45.575 -12.605 -1.4258
v -48.601 4.5412 -12.657
v -48.663 4.8197 -13.104
v -49.021 4.7796 -13.179
v -46.012 -17.222 -8.4464
v -46.249 -17.06 -9.1084
v -46.059 -17.68 -9.1962
v -45.325 -13.107 -1.1882
v -44.92 -13.958 -0.91652
v -45.059 -13.339 -0.78421
v -43.051 -12.002 -8.6977
v -42.936 -12.516 -8.729
v -43.248 -11.879 -9.1951
v -46.917 -7.7532 -2.1206
v -47.195 -7.0883 -2.5292
v -47.259 -7.4675 -2.9946
v -42.488 -13.363 -8.4595
v -42.735 -13.552 -9.1601
v -42.96 -13.073 -9.2896
v -39.567 -20.248 -9.0191
v -39.852 -20.108 -9.6842
v -39.912 -19.493 -8.9961
v -45.925 -1.2708 -13.919
v -45.968 -1.302 -14.505
v -45.939 -0.55054 -14.351
v -39.393 -20.828 -9.2935
v -39.852 -20.108 -9.6842
v -39.567 -20.248 -9.0191
v -46.282 -16.465 -8.2595
v -46.468 -16.574 -9.0927
v -46.249 -17.06 -9.1084
v -46.917 -7.7532 -2.1206
v -46.917 -8.5728 -2.5402
v -46.718 -8.2664 -1.8496
v -42.464 -14.119 -9.0383
v -42.735 -13.552 -9.1601
v -42.488 -13.363 -8.4595
v -42.331 -14.059 -8.471
v -42.464 -14.119 -9.0383
v -42.488 -13.363 -8.4595
v -44.932 -6.6477 -11.038
v -44.713 -6.8011 -10.194
v -44.773 -7.3537 -10.747
v -48.234 -11.212 -9.5082
v -48.283 -11.711 -10.157
v -48.09 -11.485 -9.2051
v -42.163 -14.611 -8.744
v -42.464 -14.119 -9.0383
v -42.331 -14.059 -8.471
v -38.466 -26.032 -5.5626
v -38.592 -25.92 -4.7287
v -38.861 -26.212 -4.9635
v -41.367 -22.592 -1.7355
v -41.058 -23.185 -1.8726
v -40.91 -22.961 -1.1155
v -50.112 -0.68176 -16.828
v -49.943 -1.3612 -17.113
v -50.278 -1.4323 -16.373
v -44.017 -9.5989 -9.514
v -43.755 -9.9574 -9.174
v -43.938 -10.059 -9.8093
v -46.605 -15.868 -8.6203
v -46.468 -16.574 -9.0927
v -46.282 -16.465 -8.2595
v -44.932 -6.6477 -11.038
v -45.086 -6.1605 -11.166
v -44.96 -6.1111 -10.399
v -38.916 -26.042 -4.2638
v -38.745 -25.735 -3.6481
v -39.333 -26.188 -3.567
v -43.789 -10.472 -9.6204
v -43.938 -10.059 -9.8093
v -43.755 -9.9574 -9.174
v -44.96 -6.1111 -10.399
v -44.713 -6.8011 -10.194
v -44.932 -6.6477 -11.038
v -36.756 -26.257 -10.715
v -36.92 -26.229 -9.9352
v -36.887 -26.463 -10.58
v -43.488 -11.121 -9.1402
v -43.789 -10.472 -9.6204
v -43.563 -10.382 -8.8156
v -43.607 -11.429 -9.8607
v -43.488 -11.121 -9.1402
v -43.248 -11.879 -9.1951
v -47.901 4.4249 -17.455
v -47.127 4.5422 -17.71
v -47.635 4.479 -17.776
v -45.228 -5.4776 -11.459
v -45.4 -4.6191 -11.512
v -45.163 -5.0582 -10.944
v -45.089 -5.7263 -10.903
v -45.228 -5.4776 -11.459
v -45.163 -5.0582 -10.944
v -39.891 -29.056 -12.318
v -40.274 -29.037 -12.312
v -40.323 -29.17 -12.968
v -47.627 4.5251 -16.053
v -48.32 4.6482 -15.301
v -47.754 4.6249 -15.002
v -45.086 -6.1605 -11.166
v -45.228 -5.4776 -11.459
v -45.089 -5.7263 -10.903
v -39.153 -21.491 -9.5764
v -38.967 -22.117 -10.027
v -39.258 -21.511 -10.141
v -48.407 2.4365 -9.8358
v -49.071 2.4944 -9.9447
v -48.811 2.0752 -9.3602
v -47.926 -12.545 -9.6963
v -47.645 -13.219 -9.3347
v -47.644 -12.845 -8.8536
v -46.091 0.36595 -16.403
v -45.999 0.92214 -15.487
v -46.059 -0.17639 -15.609
v -49.135 1.7824 -8.8808
v -48.734 1.7187 -8.873
v -48.811 2.0752 -9.3602
v -46.082 -10.74 -17.711
v -45.722 -10.37 -17.561
v -45.217 -11.271 -17.347
v -44.713 -6.8011 -10.194
v -44.594 -7.7762 -10.386
v -44.773 -7.3537 -10.747
v -46.106 -9.2339 -17.602
v -45.722 -10.37 -17.561
v -46.415 -10.076 -17.824
v -46.66 -8.0112 -17.822
v -46.814 -9.1959 -17.881
v -47.522 -7.989 -17.921
v -48.259 4.7838 -13.516
v -48.401 4.7551 -14.166
v -48.743 4.8262 -13.572
v -46.783 -7.2484 -17.894
v -46.66 -8.0112 -17.822
v -47.522 -7.989 -17.921
v -48.811 3.6763 -11.445
v -48.845 4.2909 -12.511
v -49.225 3.8088 -11.872
v -50.387 -0.058347 -16.212
v -50.491 -1.0239 -15.378
v -50.53 -0.1553 -14.716
v -50.491 -1.0239 -15.378
v -50.387 -0.058347 -16.212
v -50.278 -1.4323 -16.373
v -38.879 -28.295 -16.39
v -38.695 -28.528 -16.279
v -39.464 -28.783 -16.069
v -45.778 -3.2019 -13.448
v -45.806 -2.1946 -13.115
v -45.694 -3.0193 -12.654
v -39.852 -20.108 -9.6842
v -40.056 -19.581 -9.6517
v -39.912 -19.493 -8.9961
v -48.115 -4.7834 -18.054
v -48.928 -4.7034 -17.741
v -48.254 -3.1928 -18.111
v -46.059 -0.17639 -15.609
v -45.993 0.072373 -14.652
v -45.975 -1.0584 -15.063
v -39.852 -20.108 -9.6842
v -39.393 -20.828 -9.2935
v -39.538 -20.853 -10.008
v -48.928 -4.7034 -17.741
v -49.093 -2.1498 -17.889
v -48.254 -3.1928 -18.111
v -39.458 -26.579 -16.816
v -39.081 -27.198 -16.618
v -39.669 -27.861 -16.419
v -45.504 -4.1953 -12.201
v -45.561 -3.8533 -12.135
v -45.455 -4.1901 -11.821
v -40.063 -25.594 -16.744
v -39.458 -26.579 -16.816
v -40.706 -26.318 -16.624
v -42.37 -20.277 -1.0933
v -42.459 -20.406 -1.536
v -41.819 -21.083 -0.75814
v -45.968 -1.302 -14.505
v -45.925 -1.2708 -13.919
v -45.945 -1.7267 -14.314
v -42.459 -20.406 -1.536
v -42.15 -21.087 -1.6532
v -41.819 -21.083 -0.75814
v -39.114 -28.971 -15.813
v -38.769 -28.679 -15.212
v -39.24 -28.939 -14.675
v -45.418 -4.7792 -11.974
v -45.455 -4.1901 -11.821
v -45.4 -4.6191 -11.512
v -41.666 -21.577 -16.791
v -41.981 -19.937 -16.749
v -41.544 -20.471 -16.561
v -47.785 -5.062 -3.4254
v -47.97 -4.2965 -3.7376
v -48.038 -4.955 -4.2069
v -38.371 -26.193 -6.4008
v -38.466 -26.032 -5.5626
v -38.84 -26.475 -6.0461
v -39.691 -25.338 -1.8465
v -40.136 -24.745 -1.991
v -40.376 -24.739 -2.5932
v -38.592 -25.92 -4.7287
v -38.916 -26.042 -4.2638
v -38.861 -26.212 -4.9635
v -39.691 -25.338 -1.8465
v -40.376 -24.739 -2.5932
v -40.068 -25.479 -2.8745
v -39.703 -25.64 -2.3578
v -39.691 -25.338 -1.8465
v -40.068 -25.479 -2.8745
v -39.464 -28.783 -16.069
v -38.695 -28.528 -16.279
v -39.114 -28.971 -15.813
v -39.678 -25.934 -3.0513
v -39.319 -25.911 -2.8384
v -39.555 -25.83 -2.6027
v -47.561 -6.5503 -3.5058
v -47.435 -6.1772 -2.8807
v -47.699 -6.0382 -3.5272
v -43.447 -17.991 -17.121
v -42.758 -17.747 -16.674
v -42.458 -18.99 -16.8
v -47.195 -7.0883 -2.5292
v -47.435 -6.1772 -2.8807
v -47.259 -7.4675 -2.9946
v -40.136 -24.745 -1.991
v -40.548 -24.216 -2.1473
v -40.376 -24.739 -2.5932
v -47.645 -13.219 -9.3347
v -47.408 -14.022 -9.2726
v -47.305 -13.715 -8.6015
v -38.272 -23.217 -9.1024
v -38.409 -23.463 -10.404
v -38.573 -22.774 -9.5382
v -38.272 -23.217 -9.1024
v -38.07 -23.882 -10.163
v -38.409 -23.463 -10.404
v -36.756 -25.965 -10.696
v -36.756 -26.257 -10.715
v -36.918 -26.361 -11.688
v -47.136 -14.597 -8.9445
v -47.305 -13.715 -8.6015
v -47.408 -14.022 -9.2726
v -41.981 -15.137 -8.5705
v -41.31 -16.312 -7.915
v -41.793 -16.578 -9.5271
v -48.757 -0.57541 -5.8723
v -48.891 -0.87061 -6.0655
v -48.711 -1.1376 -5.388
v -48.789 -1.5623 -5.7469
v -48.711 -1.1376 -5.388
v -48.891 -0.87061 -6.0655
v -48.554 0.24516 -6.4882
v -48.776 0.66103 -6.9508
v -49.088 0.41123 -6.9828
v -43.019 -18.292 -0.39812
v -43.061 -18.986 -1.3382
v -42.399 -19.494 -0.30143
v -43.061 -18.986 -1.3382
v -42.556 -19.66 -0.81607
v -42.399 -19.494 -0.30143
v -48.93 -0.28683 -6.3782
v -48.554 0.24516 -6.4882
v -49.088 0.41123 -6.9828
v -40.971 -17.674 -8.6288
v -41.793 -16.578 -9.5271
v -40.867 -17.248 -7.721
v -43.789 -10.472 -9.6204
v -43.488 -11.121 -9.1402
v -43.607 -11.429 -9.8607
v -36.887 -26.463 -10.58
v -36.98 -26.597 -11.001
v -36.756 -26.257 -10.715
v -45.418 -4.7792 -11.974
v -45.4 -4.6191 -11.512
v -45.228 -5.4776 -11.459
v -43.394 -17.101 -16.965
v -42.758 -17.747 -16.674
v -43.447 -17.991 -17.121
v -39.258 -21.511 -10.141
v -39.538 -20.853 -10.008
v -39.153 -21.491 -9.5764
v -41.7 -21.827 -1.5828
v -41.367 -22.592 -1.7355
v -41.265 -22.325 -1.1599
v -43.451 -22.931 -8.659
v -43.506 -23.158 -9.5283
v -43.236 -23.499 -9.0647
v -38.967 -22.117 -10.027
v -38.82 -22.206 -9.1823
v -38.866 -22.415 -10.303
v -45.778 -3.2019 -13.448
v -45.839 -2.7889 -13.766
v -45.806 -2.1946 -13.115
v -46.112 -10.579 -1.496
v -46.422 -9.7395 -1.933
v -46.364 -10.558 -2.3092
v -42.441 -14.602 -9.3983
v -42.464 -14.119 -9.0383
v -42.163 -14.611 -8.744
v -43.902 -22.149 -8.9793
v -43.506 -23.158 -9.5283
v -43.451 -22.931 -8.659
v -48.743 4.8262 -13.572
v -48.401 4.7551 -14.166
v -49.051 4.8182 -13.896
v -38.573 -22.774 -9.5382
v -38.866 -22.415 -10.303
v -38.82 -22.206 -9.1823
v -42.331 -15.031 -9.522
v -42.441 -14.602 -9.3983
v -42.163 -14.611 -8.744
v -48.743 4.8262 -13.572
v -49.021 4.7796 -13.179
v -48.663 4.8197 -13.104
v -43.688 -15.118 -16.743
v -43.684 -15.837 -16.861
v -44.35 -15.755 -17.253
v -42.163 -14.611 -8.744
v -41.981 -15.137 -8.5705
v -42.331 -15.031 -9.522
v -45.967 -11.545 -1.8622
v -45.914 -11.36 -1.4997
v -46.094 -10.976 -1.8299
v -45.783 -12.008 -1.6543
v -45.914 -11.36 -1.4997
v -45.967 -11.545 -1.8622
v -39.555 -25.83 -2.6027
v -39.703 -25.64 -2.3578
v -40.068 -25.479 -2.8745
v -44.594 -7.7762 -10.386
v -44.368 -8.0748 -9.7957
v -44.356 -8.4536 -9.9553
v -38.573 -22.774 -9.5382
v -38.409 -23.463 -10.404
v -38.728 -22.883 -10.62
v -41.058 -23.185 -1.8726
v -40.911 -24.003 -2.6809
v -40.516 -23.844 -1.5285
v -40.911 -24.003 -2.6809
v -40.548 -24.216 -2.1473
v -40.516 -23.844 -1.5285
v -48.457 3.2562 -10.933
v -48.811 3.6763 -11.445
v -49.22 2.8797 -10.689
v -48.793 2.6996 -10.585
v -48.457 3.2562 -10.933
v -49.22 2.8797 -10.689
v -36.887 -26.463 -10.58
v -36.92 -26.229 -9.9352
v -37.364 -26.7 -10.537
v -37.941 -26.425 -8.4244
v -37.715 -26.511 -8.8931
v -37.329 -25.868 -8.3716
v -45.607 -3.7927 -12.731
v -45.694 -3.0193 -12.654
v -45.612 -3.218 -12.2
v -37.041 -26.126 -9.3675
v -37.329 -25.868 -8.3716
v -37.715 -26.511 -8.8931
v -39.665 -26.17 -3.4712
v -39.319 -25.911 -2.8384
v -39.678 -25.934 -3.0513
v -39.333 -26.188 -3.567
v -39.319 -25.911 -2.8384
v -39.665 -26.17 -3.4712
v -45.575 -12.605 -1.4258
v -45.626 -11.97 -1.1256
v -45.783 -12.008 -1.6543
v -37.836 -26.126 -7.7757
v -38.265 -26.233 -6.972
v -38.256 -26.532 -7.7297
v -45.561 -3.8533 -12.135
v -45.607 -3.7927 -12.731
v -45.612 -3.218 -12.2
v -39.678 -25.934 -3.0513
v -39.555 -25.83 -2.6027
v -40.068 -25.479 -2.8745
v -48.757 -0.57541 -5.8723
v -49.056 -0.7775 -6.6782
v -48.891 -0.87061 -6.0655
v -48.953 1.0958 -7.9058
v -48.528 1.4413 -8.4494
v -49.135 1.7824 -8.8808
v -45.418 -4.7792 -11.974
v -45.504 -4.1953 -12.201
v -45.455 -4.1901 -11.821
v -48.317 -3.4512 -4.5481
v -48.252 -3.0756 -4.342
v -48.487 -2.9541 -4.9373
v -42.556 -19.66 -0.81607
v -42.675 -20.01 -1.74
v -42.37 -20.277 -1.0933
v -47.435 -6.1772 -2.8807
v -47.561 -6.5503 -3.5058
v -47.259 -7.4675 -2.9946
v -47.542 -5.5719 -3.0199
v -47.699 -6.0382 -3.5272
v -47.435 -6.1772 -2.8807
v -48.497 -2.3758 -4.8305
v -48.586 -1.5852 -5.0813
v -48.708 -2.1517 -5.4888
v -46.917 -8.5728 -2.5402
v -46.917 -7.7532 -2.1206
v -47.259 -7.4675 -2.9946
v -45.945 -1.7267 -14.314
v -45.925 -1.2708 -13.919
v -45.888 -2.0807 -13.93
v -42.461 -25.089 -9.7187
v -42.526 -25.241 -10.39
v -42.172 -25.589 -9.9559
v -46.719 -9.3543 -2.4351
v -46.656 -8.8972 -1.9632
v -46.917 -8.5728 -2.5402
v -43.607 -11.429 -9.8607
v -43.248 -11.879 -9.1951
v -43.375 -12.278 -10.114
v -46.585 -9.8557 -2.4876
v -46.422 -9.7395 -1.933
v -46.719 -9.3543 -2.4351
v -41.71 -21.523 -1.1725
v -42.15 -21.087 -1.6532
v -41.7 -21.827 -1.5828
v -46.091 0.36595 -16.403
v -46.059 -0.17639 -15.609
v -46.05 -0.37141 -16.28
v -46.364 -10.558 -2.3092
v -46.422 -9.7395 -1.933
v -46.585 -9.8557 -2.4876
v -46.112 -10.579 -1.496
v -46.364 -10.558 -2.3092
v -46.094 -10.976 -1.8299
v -43.248 -11.879 -9.1951
v -42.936 -12.516 -8.729
v -43.15 -12.728 -9.6182
v -45.49 -12.872 -17.497
v -45.474 -12.06 -17.527
v -44.915 -12.942 -17.262
v -48.137 -4.0292 -4.1459
v -48.317 -3.4512 -4.5481
v -48.365 -4.0139 -4.8711
v -48.32 4.6482 -15.301
v -48.401 4.7551 -14.166
v -47.754 4.6249 -15.002
v -44.513 -8.5722 -10.7
v -44.594 -7.7762 -10.386
v -44.356 -8.4536 -9.9553
v -48.137 -4.0292 -4.1459
v -48.038 -4.955 -4.2069
v -47.97 -4.2965 -3.7376
v -45.839 -2.7889 -13.766
v -45.888 -2.0807 -13.93
v -45.806 -2.1946 -13.115
v -44.92 -13.958 -0.91652
v -45.325 -13.107 -1.1882
v -45.236 -13.776 -1.5129
v -47.785 -5.062 -3.4254
v -47.881 -5.7302 -4.0066
v -47.542 -5.5719 -3.0199
v -47.699 -6.0382 -3.5272
v -47.542 -5.5719 -3.0199
v -47.881 -5.7302 -4.0066
v -49.357 4.1431 -12.522
v -49.225 3.8088 -11.872
v -48.845 4.2909 -12.511
v -42.936 -12.516 -8.729
v -42.96 -13.073 -9.2896
v -43.15 -12.728 -9.6182
v -42.675 -20.01 -1.74
v -42.459 -20.406 -1.536
v -42.37 -20.277 -1.0933
v -43.506 -23.158 -9.5283
v -43.152 -23.912 -9.6338
v -43.236 -23.499 -9.0647
v -45.196 -19.761 -9.3201
v -44.818 -20.098 -8.5819
v -45.373 -18.948 -8.5807
v -45.504 -4.1953 -12.201
v -45.607 -3.7927 -12.731
v -45.561 -3.8533 -12.135
v -45.504 -4.1953 -12.201
v -45.418 -4.7792 -11.974
v -45.544 -4.5282 -12.586
v -38.256 -26.532 -7.7297
v -38.265 -26.233 -6.972
v -38.648 -26.891 -7.4319
v -38.07 -23.882 -10.163
v -37.969 -24.203 -10.685
v -38.409 -23.463 -10.404
v -37.724 -26.779 -9.7449
v -37.364 -26.7 -10.537
v -36.92 -26.229 -9.9352
v -36.92 -26.229 -9.9352
v -37.041 -26.126 -9.3675
v -37.724 -26.779 -9.7449
v -37.625 -24.777 -10.894
v -37.097 -25.427 -10.467
v -37.301 -25.626 -12.199
v -47.127 4.5422 -17.71
v -46.915 4.3132 -17.99
v -47.596 4.2521 -18.332
v -44.56 -14.579 -0.62504
v -44.957 -14.503 -1.3606
v -44.335 -15.87 -1.217
v -46.887 2.2374 -17.844
v -46.915 4.3132 -17.99
v -46.251 3.2748 -17.252
v -37.097 -25.427 -10.467
v -36.756 -25.965 -10.696
v -37.301 -25.626 -12.199
v -43.676 -18.217 -2.0009
v -43.061 -18.986 -1.3382
v -43.019 -18.292 -0.39812
v -43.649 -17.101 -0.70011
v -43.676 -18.217 -2.0009
v -43.019 -18.292 -0.39812
v -40.274 -29.037 -12.312
v -40.181 -28.929 -11.69
v -40.477 -28.82 -12.067
v -36.918 -26.361 -11.688
v -36.756 -26.257 -10.715
v -36.98 -26.597 -11.001
v -49.943 -1.3612 -17.113
v -50.112 -0.68176 -16.828
v -49.95 -0.010987 -17.203
v -49.261 0.71875 -7.6045
v -49.088 0.41123 -6.9828
v -48.776 0.66103 -6.9508
v -47.644 -12.845 -8.8536
v -47.877 -12.086 -8.871
v -47.926 -12.545 -9.6963
v -48.93 -0.28683 -6.3782
v -49.088 0.41123 -6.9828
v -49.141 0.029863 -6.9432
v -42.556 -19.66 -0.81607
v -43.061 -18.986 -1.3382
v -42.675 -20.01 -1.74
v -41.793 -16.578 -9.5271
v -42.331 -15.031 -9.522
v -41.981 -15.137 -8.5705
v -48.93 -0.28683 -6.3782
v -49.056 -0.7775 -6.6782
v -48.757 -0.57541 -5.8723
v -48.776 0.66103 -6.9508
v -48.953 1.0958 -7.9058
v -49.261 0.71875 -7.6045
v -39.912 -19.493 -8.9961
v -40.056 -19.581 -9.6517
v -40.763 -18.338 -9.6312
v -39.717 -29.038 -12.699
v -39.891 -29.056 -12.318
v -40.323 -29.17 -12.968
v -48.825 -9.3471 -10.129
v -48.918 -8.5821 -9.8851
v -49.094 -8.6312 -10.796
v -49.071 2.4944 -9.9447
v -49.47 2.2203 -9.534
v -48.811 2.0752 -9.3602
v -48.732 4.5869 -15.958
v -48.32 4.6482 -15.301
v -47.627 4.5251 -16.053
v -44.932 -6.6477 -11.038
v -44.773 -7.3537 -10.747
v -44.861 -7.582 -11.56
v -49.056 -0.7775 -6.6782
v -48.93 -0.28683 -6.3782
v -49.141 0.029863 -6.9432
v -44.738 -8.2672 -11.239
v -44.773 -7.3537 -10.747
v -44.594 -7.7762 -10.386
v -44.646 -20.701 -8.8115
v -44.308 -21.321 -8.7661
v -44.287 -21.109 -8.3043
v -44.513 -8.5722 -10.7
v -44.738 -8.2672 -11.239
v -44.594 -7.7762 -10.386
v -45.989 -0.9396 -15.919
v -46.059 -0.17639 -15.609
v -45.975 -1.0584 -15.063
v -46.16 -11.401 -2.2557
v -46.094 -10.976 -1.8299
v -46.364 -10.558 -2.3092
v -39.852 -20.108 -9.6842
v -39.538 -20.853 -10.008
v -39.755 -20.525 -10.282
v -46.033 -1.114 -15.603
v -45.989 -0.9396 -15.919
v -45.975 -1.0584 -15.063
v -49.021 4.7796 -13.179
v -48.743 4.8262 -13.572
v -49.182 4.8811 -13.437
v -44.513 -8.5722 -10.7
v -44.356 -8.4536 -9.9553
v -44.269 -9.067 -10.015
v -39.24 -28.939 -14.675
v -39.425 -28.897 -13.645
v -39.631 -29.136 -13.818
v -49.155 4.7125 -15.119
v -48.401 4.7551 -14.166
v -48.32 4.6482 -15.301
v -44.328 -21.612 -9.285
v -43.902 -22.149 -8.9793
v -44.308 -21.321 -8.7661
v -38.573 -22.774 -9.5382
v -38.728 -22.883 -10.62
v -38.866 -22.415 -10.303
v -45.575 -12.605 -1.4258
v -45.516 -13.1 -1.8165
v -45.325 -13.107 -1.1882
v -44.086 -9.9633 -10.229
v -44.269 -9.067 -10.015
v -44.017 -9.5989 -9.514
v -43.938 -10.059 -9.8093
v -44.086 -9.9633 -10.229
v -44.017 -9.5989 -9.514
v -43.789 -10.472 -9.6204
v -44.086 -9.9633 -10.229
v -43.938 -10.059 -9.8093
v -45.607 -3.7927 -12.731
v -45.778 -3.2019 -13.448
v -45.694 -3.0193 -12.654
v -37.041 -26.126 -9.3675
v -37.715 -26.511 -8.8931
v -37.724 -26.779 -9.7449
v -45.373 -18.948 -8.5807
v -45.57 -18.198 -8.1037
v -45.812 -17.813 -8.5276
v -38.861 -26.212 -4.9635
v -39.224 -26.598 -5.3443
v -38.466 -26.032 -5.5626
v -45.504 -4.1953 -12.201
v -45.544 -4.5282 -12.586
v -45.607 -3.7927 -12.731
v -38.916 -26.042 -4.2638
v -39.333 -26.188 -3.567
v -39.57 -26.438 -4.0692
v -46.012 -17.222 -8.4464
v -46.282 -16.465 -8.2595
v -46.249 -17.06 -9.1084
v -48.789 -1.5623 -5.7469
v -48.708 -2.1517 -5.4888
v -48.586 -1.5852 -5.0813
v -49.094 -8.6312 -10.796
v -49.086 -7.7643 -9.8599
v -49.382 -6.99 -10.682
v -45.211 -6.1895 -11.88
v -45.418 -4.7792 -11.974
v -45.228 -5.4776 -11.459
v -45.236 -13.776 -1.5129
v -44.957 -14.503 -1.3606
v -44.92 -13.958 -0.91652
v -48.708 -2.1517 -5.4888
v -48.487 -2.9541 -4.9373
v -48.497 -2.3758 -4.8305
v -46.811 -15.537 -8.9518
v -46.605 -15.868 -8.6203
v -46.643 -15.538 -8.3081
v -48.038 -4.955 -4.2069
v -47.881 -5.7302 -4.0066
v -47.785 -5.062 -3.4254
v -48.038 -4.955 -4.2069
v -48.137 -4.0292 -4.1459
v -48.194 -4.508 -4.6334
v -45.968 -1.302 -14.505
v -45.945 -1.7267 -14.314
v -45.939 -2.1153 -15.066
v -48.601 4.5412 -12.657
v -49.021 4.7796 -13.179
v -48.845 4.2909 -12.511
v -47.68 4.4931 -16.7
v -48.299 4.5129 -16.676
v -47.627 4.5251 -16.053
v -48.299 4.5129 -16.676
v -48.732 4.5869 -15.958
v -47.627 4.5251 -16.053
v -49.135 1.7824 -8.8808
v -48.811 2.0752 -9.3602
v -49.47 2.2203 -9.534
v -37.072 -26.63 -11.45
v -36.918 -26.361 -11.688
v -36.98 -26.597 -11.001
v -45.607 -3.7927 -12.731
v -45.713 -3.8462 -13.399
v -45.778 -3.2019 -13.448
v -42.775 -13.84 -9.7386
v -42.96 -13.073 -9.2896
v -42.735 -13.552 -9.1601
v -45.607 -3.7927 -12.731
v -45.599 -4.13 -12.924
v -45.713 -3.8462 -13.399
v -45.211 -6.1895 -11.88
v -45.086 -6.1605 -11.166
v -45.06 -6.9119 -11.749
v -42.735 -13.552 -9.1601
v -42.464 -14.119 -9.0383
v -42.775 -13.84 -9.7386
v -45.989 -0.9396 -15.919
v -46.05 -0.37141 -16.28
v -46.059 -0.17639 -15.609
v -45.599 -4.13 -12.924
v -45.607 -3.7927 -12.731
v -45.544 -4.5282 -12.586
v -46.844 -14.958 -8.2411
v -46.811 -15.537 -8.9518
v -46.643 -15.538 -8.3081
v -42.441 -14.602 -9.3983
v -42.775 -13.84 -9.7386
v -42.464 -14.119 -9.0383
v -45.939 -2.1153 -15.066
v -45.975 -1.0584 -15.063
v -45.968 -1.302 -14.505
v -49.182 4.8811 -13.437
v -48.743 4.8262 -13.572
v -49.051 4.8182 -13.896
v -39.113 -22.096 -10.82
v -39.258 -21.511 -10.141
v -38.967 -22.117 -10.027
v -45.086 -6.1605 -11.166
v -44.932 -6.6477 -11.038
v -45.06 -6.9119 -11.749
v -40.695 -28.091 -10.725
v -40.782 -28.199 -11.576
v -40.367 -28.692 -11.158
v -41.022 -27.688 -10.941
v -40.782 -28.199 -11.576
v -40.695 -28.091 -10.725
v -39.852 -20.108 -9.6842
v -39.755 -20.525 -10.282
v -39.997 -20.164 -10.387
v -44.755 -13.755 -17.231
v -44.915 -12.942 -17.262
v -44.514 -12.971 -16.981
v -44.086 -9.9633 -10.229
v -44.286 -9.4392 -10.526
v -44.269 -9.067 -10.015
v -38.599 -23.158 -10.853
v -38.728 -22.883 -10.62
v -38.409 -23.463 -10.404
v -38.409 -23.463 -10.404
v -37.969 -24.203 -10.685
v -38.344 -23.595 -11.102
v -41.022 -27.688 -10.941
v -41.282 -27.074 -10.216
v -41.333 -27.204 -10.813
v -44.915 -12.942 -17.262
v -45.474 -12.06 -17.527
v -44.906 -11.869 -17.152
v -38.256 -26.532 -7.7297
v -37.941 -26.425 -8.4244
v -37.836 -26.126 -7.7757
v -48.487 -2.9541 -4.9373
v -48.569 -3.5181 -5.3461
v -48.317 -3.4512 -4.5481
v -47.136 -14.597 -8.9445
v -46.811 -15.537 -8.9518
v -46.844 -14.958 -8.2411
v -43.375 -12.278 -10.114
v -43.248 -11.879 -9.1951
v -43.15 -12.728 -9.6182
v -41.333 -27.204 -10.813
v -41.282 -27.074 -10.216
v -41.576 -26.815 -10.713
v -47.699 -6.0382 -3.5272
v -47.881 -5.7302 -4.0066
v -47.797 -6.2891 -4.0471
v -48.137 -4.0292 -4.1459
v -48.365 -4.0139 -4.8711
v -48.194 -4.508 -4.6334
v -47.561 -6.5503 -3.5058
v -47.516 -7.024 -3.5116
v -47.259 -7.4675 -2.9946
v -42.465 -24.799 -9.0792
v -42.812 -24.495 -9.6847
v -42.461 -25.089 -9.7187
v -45.967 -11.545 -1.8622
v -45.867 -12.279 -2.1601
v -45.783 -12.008 -1.6543
v -47.259 -7.4675 -2.9946
v -47.157 -8.3652 -3.1704
v -46.917 -8.5728 -2.5402
v -41.895 -26.208 -10.367
v -41.576 -26.815 -10.713
v -41.282 -27.074 -10.216
v -41.7 -21.827 -1.5828
v -42.15 -21.087 -1.6532
v -42.296 -21.276 -2.3283
v -45.236 -13.776 -1.5129
v -45.325 -13.107 -1.1882
v -45.516 -13.1 -1.8165
v -46.16 -11.401 -2.2557
v -45.967 -11.545 -1.8622
v -46.094 -10.976 -1.8299
v -45.575 -12.605 -1.4258
v -45.783 -12.008 -1.6543
v -45.516 -13.1 -1.8165
v -42.614 -20.593 -2.3476
v -42.15 -21.087 -1.6532
v -42.459 -20.406 -1.536
v -41.842 -22.116 -2.2739
v -41.563 -22.8 -2.585
v -41.367 -22.592 -1.7355
v -41.7 -21.827 -1.5828
v -41.842 -22.116 -2.2739
v -41.367 -22.592 -1.7355
v -41.058 -23.185 -1.8726
v -41.367 -22.592 -1.7355
v -41.563 -22.8 -2.585
v -41.237 -23.31 -2.533
v -41.058 -23.185 -1.8726
v -41.563 -22.8 -2.585
v -41.237 -23.31 -2.533
v -40.911 -24.003 -2.6809
v -41.058 -23.185 -1.8726
v -40.376 -24.739 -2.5932
v -40.445 -24.999 -3.1918
v -40.068 -25.479 -2.8745
v -39.678 -25.934 -3.0513
v -40.068 -25.479 -2.8745
v -39.938 -26.072 -3.6795
v -49.837 -5.6199 -12.066
v -49.909 -4.7177 -11.87
v -49.963 -4.9913 -12.369
v -47.127 4.5422 -17.71
v -47.596 4.2521 -18.332
v -47.635 4.479 -17.776
v -48.953 1.0958 -7.9058
v -49.135 1.7824 -8.8808
v -49.266 1.5393 -8.5885
v -49.35 0.92181 -7.9791
v -48.953 1.0958 -7.9058
v -49.266 1.5393 -8.5885
v -36.756 -25.965 -10.696
v -36.918 -26.361 -11.688
v -36.949 -26.206 -12.191
v -50.387 -0.058347 -16.212
v -50.112 -0.68176 -16.828
v -50.278 -1.4323 -16.373
v -49.261 0.71875 -7.6045
v -48.953 1.0958 -7.9058
v -49.35 0.92181 -7.9791
v -46.251 3.2748 -17.252
v -46.268 2.0124 -17.163
v -46.887 2.2374 -17.844
v -36.756 -25.965 -10.696
v -36.949 -26.206 -12.191
v -37.301 -25.626 -12.199
v -49.088 0.41123 -6.9828
v -49.261 0.71875 -7.6045
v -49.141 0.029863 -6.9432
v -45.211 -6.1895 -11.88
v -45.228 -5.4776 -11.459
v -45.086 -6.1605 -11.166
v -42.812 -24.495 -9.6847
v -42.876 -24.139 -9.1372
v -43.152 -23.912 -9.6338
v -40.056 -19.581 -9.6517
v -39.852 -20.108 -9.6842
v -39.997 -20.164 -10.387
v -37.625 -24.777 -10.894
v -37.869 -24.636 -11.665
v -37.969 -24.203 -10.685
v -49.146 -0.74731 -7.2434
v -49.141 0.029863 -6.9432
v -49.289 -0.13227 -7.6018
v -43.154 -13.011 -10.068
v -43.15 -12.728 -9.6182
v -42.96 -13.073 -9.2896
v -49.146 -0.74731 -7.2434
v -49.056 -0.7775 -6.6782
v -49.141 0.029863 -6.9432
v -42.775 -13.84 -9.7386
v -43.154 -13.011 -10.068
v -42.96 -13.073 -9.2896
v -44.861 -7.582 -11.56
v -45.06 -6.9119 -11.749
v -44.932 -6.6477 -11.038
v -46.05 -0.37141 -16.28
v -45.989 -0.9396 -15.919
v -46.083 -0.95183 -16.456
v -40.367 -28.692 -11.158
v -40.477 -28.82 -12.067
v -40.181 -28.929 -11.69
v -48.789 -1.5623 -5.7469
v -48.891 -0.87061 -6.0655
v -48.974 -1.5927 -6.6312
v -37.656 -24.988 -12.104
v -37.869 -24.636 -11.665
v -37.625 -24.777 -10.894
v -46.364 -10.558 -2.3092
v -46.34 -11.207 -2.6624
v -46.16 -11.401 -2.2557
v -39.891 -29.056 -12.318
v -40.181 -28.929 -11.69
v -40.274 -29.037 -12.312
v -45.945 -1.7267 -14.314
v -45.888 -2.0807 -13.93
v -45.909 -2.6211 -14.489
v -36.98 -26.597 -11.001
v -36.887 -26.463 -10.58
v -37.364 -26.7 -10.537
v -44.269 -9.067 -10.015
v -44.374 -9.3825 -10.93
v -44.513 -8.5722 -10.7
v -44.286 -9.4392 -10.526
v -44.374 -9.3825 -10.93
v -44.269 -9.067 -10.015
v -45.839 -2.7889 -13.766
v -45.909 -2.6211 -14.489
v -45.888 -2.0807 -13.93
v -43.789 -10.472 -9.6204
v -43.607 -11.429 -9.8607
v -43.885 -10.924 -10.384
v -38.866 -22.415 -10.303
v -39.113 -22.096 -10.82
v -38.967 -22.117 -10.027
v -45.867 -12.279 -2.1601
v -45.516 -13.1 -1.8165
v -45.783 -12.008 -1.6543
v -38.728 -22.883 -10.62
v -39.113 -22.096 -10.82
v -38.866 -22.415 -10.303
v -48.811 3.6763 -11.445
v -49.437 3.1364 -11.051
v -49.22 2.8797 -10.689
v -39.631 -29.136 -13.818
v -39.428 -28.777 -13.105
v -39.948 -29.243 -13.069
v -38.599 -23.158 -10.853
v -38.409 -23.463 -10.404
v -38.344 -23.595 -11.102
v -45.975 -1.0584 -15.063
v -45.939 -2.1153 -15.066
v -45.991 -1.7463 -15.415
v -38.648 -26.891 -7.4319
v -38.265 -26.233 -6.972
v -38.78 -26.712 -6.7066
v -38.265 -26.233 -6.972
v -38.371 -26.193 -6.4008
v -38.78 -26.712 -6.7066
v -42.675 -20.01 -1.74
v -42.614 -20.593 -2.3476
v -42.459 -20.406 -1.536
v -46.814 -9.1959 -17.881
v -46.66 -8.0112 -17.822
v -46.018 -8.2374 -17.497
v -46.018 -8.2374 -17.497
v -46.106 -9.2339 -17.602
v -46.814 -9.1959 -17.881
v -45.555 -4.7144 -13.009
v -45.544 -4.5282 -12.586
v -45.418 -4.7792 -11.974
v -43.885 -10.924 -10.384
v -44.095 -10.343 -10.524
v -43.789 -10.472 -9.6204
v -48.487 -2.9541 -4.9373
v -48.708 -2.1517 -5.4888
v -48.725 -2.5409 -5.8508
v -43.789 -10.472 -9.6204
v -44.095 -10.343 -10.524
v -44.086 -9.9633 -10.229
v -42.296 -21.276 -2.3283
v -41.842 -22.116 -2.2739
v -41.7 -21.827 -1.5828
v -47.699 -6.0382 -3.5272
v -47.797 -6.2891 -4.0471
v -47.561 -6.5503 -3.5058
v -40.376 -24.739 -2.5932
v -40.548 -24.216 -2.1473
v -40.911 -24.003 -2.6809
v -43.688 -15.118 -16.743
v -44.35 -15.755 -17.253
v -44.31 -14.377 -17.071
v -39.333 -26.188 -3.567
v -39.665 -26.17 -3.4712
v -39.57 -26.438 -4.0692
v -39.665 -26.17 -3.4712
v -39.678 -25.934 -3.0513
v -39.938 -26.072 -3.6795
v -47.516 -7.024 -3.5116
v -47.385 -7.7633 -3.5564
v -47.259 -7.4675 -2.9946
v -49.95 -0.010987 -17.203
v -49.165 0.050719 -17.983
v -49.943 -1.3612 -17.113
v -40.539 -24.679 -16.88
v -40.911 -23.77 -16.886
v -40.139 -23.79 -16.551
v -37.969 -24.203 -10.685
v -38.288 -23.879 -11.601
v -38.344 -23.595 -11.102
v -45.839 -2.7889 -13.766
v -45.859 -2.9527 -14.343
v -45.909 -2.6211 -14.489
v -40.612 -22.881 -16.587
v -40.911 -23.77 -16.886
v -41.227 -23.064 -16.911
v -41.227 -23.064 -16.911
v -41.384 -22.117 -16.793
v -40.453 -22.237 -16.22
v -39.538 -20.853 -10.008
v -39.258 -21.511 -10.141
v -39.722 -20.968 -10.904
v -45.82 -3.305 -13.981
v -45.839 -2.7889 -13.766
v -45.778 -3.2019 -13.448
v -39.41 -21.47 -10.759
v -39.722 -20.968 -10.904
v -39.258 -21.511 -10.141
v -43.154 -13.011 -10.068
v -43.375 -12.278 -10.114
v -43.15 -12.728 -9.6182
v -39.081 -27.198 -16.618
v -38.879 -28.295 -16.39
v -39.669 -27.861 -16.419
v -44.773 -7.3537 -10.747
v -44.738 -8.2672 -11.239
v -44.861 -7.582 -11.56
v -42.458 -18.99 -16.8
v -41.981 -19.937 -16.749
v -42.681 -19.415 -17.047
v -49.056 -0.7775 -6.6782
v -48.974 -1.5927 -6.6312
v -48.891 -0.87061 -6.0655
v -44.597 -8.8566 -11.169
v -44.738 -8.2672 -11.239
v -44.513 -8.5722 -10.7
v -45.555 -4.7144 -13.009
v -45.713 -3.8462 -13.399
v -45.599 -4.13 -12.924
v -45.544 -4.5282 -12.586
v -45.555 -4.7144 -13.009
v -45.599 -4.13 -12.924
v -39.113 -22.096 -10.82
v -39.41 -21.47 -10.759
v -39.258 -21.511 -10.141
v -41.603 -26.494 -9.9348
v -41.808 -26.036 -9.5997
v -41.895 -26.208 -10.367
v -48.401 4.7551 -14.166
v -49.155 4.7125 -15.119
v -49.051 4.8182 -13.896
v -43.902 -22.149 -8.9793
v -43.451 -22.931 -8.659
v -43.644 -22.435 -8.415
v -47.157 -8.3652 -3.1704
v -47.087 -9.2667 -3.4833
v -46.917 -8.5728 -2.5402
v -48.918 -2.0606 -6.4661
v -48.789 -1.5623 -5.7469
v -48.974 -1.5927 -6.6312
v -48.845 4.2909 -12.511
v -49.021 4.7796 -13.179
v -49.778 4.4117 -12.915
v -49.357 4.1431 -12.522
v -48.845 4.2909 -12.511
v -49.778 4.4117 -12.915
v -48.708 -2.1517 -5.4888
v -48.789 -1.5623 -5.7469
v -48.918 -2.0606 -6.4661
v -45.991 -1.7463 -15.415
v -46.033 -1.114 -15.603
v -45.975 -1.0584 -15.063
v -39.722 -20.968 -10.904
v -39.956 -20.478 -10.751
v -39.755 -20.525 -10.282
v -39.755 -20.525 -10.282
v -39.538 -20.853 -10.008
v -39.722 -20.968 -10.904
v -41.282 -27.074 -10.216
v -41.022 -27.688 -10.941
v -40.882 -27.669 -10.31
v -41.282 -27.074 -10.216
v -41.603 -26.494 -9.9348
v -41.895 -26.208 -10.367
v -49.071 2.4944 -9.9447
v -48.793 2.6996 -10.585
v -49.22 2.8797 -10.689
v -42.876 -24.139 -9.1372
v -43.236 -23.499 -9.0647
v -43.152 -23.912 -9.6338
v -41.808 -26.036 -9.5997
v -42.172 -25.589 -9.9559
v -41.895 -26.208 -10.367
v -48.365 -4.0139 -4.8711
v -48.317 -3.4512 -4.5481
v -48.569 -3.5181 -5.3461
v -40.911 -24.003 -2.6809
v -40.445 -24.999 -3.1918
v -40.376 -24.739 -2.5932
v -45.867 -12.279 -2.1601
v -45.967 -11.545 -1.8622
v -46.16 -11.401 -2.2557
v -38.599 -23.158 -10.853
v -38.344 -23.595 -11.102
v -38.713 -23.088 -11.483
v -45.649 -13.359 -2.4341
v -45.236 -13.776 -1.5129
v -45.516 -13.1 -1.8165
v -42.331 -15.031 -9.522
v -42.635 -14.598 -10.189
v -42.441 -14.602 -9.3983
v -42.441 -14.602 -9.3983
v -42.635 -14.598 -10.189
v -42.775 -13.84 -9.7386
v -48.038 -4.955 -4.2069
v -48.134 -5.6614 -4.833
v -47.881 -5.7302 -4.0066
v -38.84 -26.475 -6.0461
v -38.466 -26.032 -5.5626
v -39.224 -26.598 -5.3443
v -42.461 -25.089 -9.7187
v -42.172 -25.589 -9.9559
v -42.175 -25.337 -9.2763
v -39.755 -20.525 -10.282
v -39.956 -20.478 -10.751
v -39.997 -20.164 -10.387
v -42.15 -21.087 -1.6532
v -42.614 -20.593 -2.3476
v -42.296 -21.276 -2.3283
v -47.797 -6.2891 -4.0471
v -47.516 -7.024 -3.5116
v -47.561 -6.5503 -3.5058
v -47.259 -7.4675 -2.9946
v -47.385 -7.7633 -3.5564
v -47.157 -8.3652 -3.1704
v -47.516 -7.024 -3.5116
v -47.632 -7.1313 -4.0421
v -47.385 -7.7633 -3.5564
v -47.635 4.479 -17.776
v -47.596 4.2521 -18.332
v -47.876 4.457 -18.27
v -45.211 -6.1895 -11.88
v -45.555 -4.7144 -13.009
v -45.418 -4.7792 -11.974
v -43.394 -17.101 -16.965
v -43.968 -16.395 -17.154
v -43.684 -15.837 -16.861
v -49.494 1.44 -8.7217
v -49.135 1.7824 -8.8808
v -49.47 2.2203 -9.534
v -37.301 -25.626 -12.199
v -37.656 -24.988 -12.104
v -37.625 -24.777 -10.894
v -49.266 1.5393 -8.5885
v -49.135 1.7824 -8.8808
v -49.494 1.44 -8.7217
v -49.35 0.92181 -7.9791
v -49.266 1.5393 -8.5885
v -49.494 1.44 -8.7217
v -46.887 2.2374 -17.844
v -46.268 2.0124 -17.163
v -46.204 1.2926 -16.951
v -46.091 0.36595 -16.403
v -46.319 -0.72486 -17.097
v -46.204 1.2926 -16.951
v -49.261 0.71875 -7.6045
v -49.289 -0.13227 -7.6018
v -49.141 0.029863 -6.9432
v -46.05 -0.37141 -16.28
v -46.319 -0.72486 -17.097
v -46.091 0.36595 -16.403
v -41.793 -16.578 -9.5271
v -40.971 -17.674 -8.6288
v -40.763 -18.338 -9.6312
v -43.676 -18.217 -2.0009
v -43.649 -17.101 -0.70011
v -44.304 -17.052 -2.4319
v -40.763 -18.338 -9.6312
v -40.056 -19.581 -9.6517
v -40.732 -18.975 -10.625
v -39.997 -20.164 -10.387
v -40.732 -18.975 -10.625
v -40.056 -19.581 -9.6517
v -44.335 -15.87 -1.217
v -44.304 -17.052 -2.4319
v -43.649 -17.101 -0.70011
v -43.061 -18.986 -1.3382
v -43.676 -18.217 -2.0009
v -42.675 -20.01 -1.74
v -48.299 4.5129 -16.676
v -47.68 4.4931 -16.7
v -47.901 4.4249 -17.455
v -43.154 -13.011 -10.068
v -42.775 -13.84 -9.7386
v -43.186 -13.386 -10.541
v -46.719 -9.3543 -2.4351
v -46.917 -8.5728 -2.5402
v -47.087 -9.2667 -3.4833
v -46.083 -0.95183 -16.456
v -45.989 -0.9396 -15.919
v -45.971 -1.4242 -16.036
v -45.971 -1.4242 -16.036
v -45.989 -0.9396 -15.919
v -46.033 -1.114 -15.603
v -46.719 -9.3543 -2.4351
v -46.878 -9.6832 -3.1382
v -46.585 -9.8557 -2.4876
v -43.662 -11.825 -10.46
v -43.885 -10.924 -10.384
v -43.607 -11.429 -9.8607
v -45.991 -1.7463 -15.415
v -45.971 -1.4242 -16.036
v -46.033 -1.114 -15.603
v -43.375 -12.278 -10.114
v -43.662 -11.825 -10.46
v -43.607 -11.429 -9.8607
v -44.597 -8.8566 -11.169
v -44.513 -8.5722 -10.7
v -44.374 -9.3825 -10.93
v -45.923 -2.4361 -14.89
v -45.939 -2.1153 -15.066
v -45.945 -1.7267 -14.314
v -45.923 -2.4361 -14.89
v -45.945 -1.7267 -14.314
v -45.909 -2.6211 -14.489
v -38.713 -23.088 -11.483
v -38.344 -23.595 -11.102
v -38.288 -23.879 -11.601
v -45.7 -3.9645 -13.83
v -45.82 -3.305 -13.981
v -45.778 -3.2019 -13.448
v -45.713 -3.8462 -13.399
v -45.7 -3.9645 -13.83
v -45.778 -3.2019 -13.448
v -38.371 -26.193 -6.4008
v -38.84 -26.475 -6.0461
v -38.78 -26.712 -6.7066
v -45.82 -3.305 -13.981
v -45.859 -2.9527 -14.343
v -45.839 -2.7889 -13.766
v -39.113 -22.096 -10.82
v -39.24 -22.055 -11.191
v -39.41 -21.47 -10.759
v -45.713 -3.8462 -13.399
v -45.555 -4.7144 -13.009
v -45.7 -3.9645 -13.83
v -36.918 -26.361 -11.688
v -36.948 -26.6 -12.509
v -36.949 -26.206 -12.191
v -48.918 -2.0606 -6.4661
v -48.725 -2.5409 -5.8508
v -48.708 -2.1517 -5.4888
v -36.918 -26.361 -11.688
v -37.072 -26.63 -11.45
v -37.101 -26.683 -11.986
v -39.113 -22.096 -10.82
v -38.728 -22.883 -10.62
v -39.115 -22.491 -11.72
v -48.441 -4.4286 -5.2558
v -48.194 -4.508 -4.6334
v -48.365 -4.0139 -4.8711
v -48.725 -2.5409 -5.8508
v -48.689 -3.1968 -5.8309
v -48.487 -2.9541 -4.9373
v -38.713 -23.088 -11.483
v -38.728 -22.883 -10.62
v -38.599 -23.158 -10.853
v -48.487 -2.9541 -4.9373
v -48.689 -3.1968 -5.8309
v -48.569 -3.5181 -5.3461
v -45.06 -6.9119 -11.749
v -45.143 -6.8874 -12.508
v -45.211 -6.1895 -11.88
v -49.437 3.1364 -11.051
v -48.811 3.6763 -11.445
v -49.225 3.8088 -11.872
v -46.605 -15.868 -8.6203
v -46.282 -16.465 -8.2595
v -46.448 -16.048 -8.1398
v -49.714 -5.2401 -11.137
v -49.837 -5.6199 -12.066
v -49.629 -5.9953 -11.268
v -46.643 -15.538 -8.3081
v -46.605 -15.868 -8.6203
v -46.448 -16.048 -8.1398
v -48.134 -5.6614 -4.833
v -47.993 -6.0153 -4.4674
v -47.881 -5.7302 -4.0066
v -47.881 -5.7302 -4.0066
v -47.993 -6.0153 -4.4674
v -47.797 -6.2891 -4.0471
v -39.717 -29.038 -12.699
v -39.948 -29.243 -13.069
v -39.625 -28.923 -12.897
v -37.301 -25.626 -12.199
v -36.949 -26.206 -12.191
v -37.356 -25.783 -13.067
v -49.289 -0.13227 -7.6018
v -49.261 0.71875 -7.6045
v -49.486 0.5117 -8.3342
v -49.714 -5.2401 -11.137
v -49.909 -4.7177 -11.87
v -49.837 -5.6199 -12.066
v -48.666 -9.0688 -9.2582
v -48.715 -9.892 -10.084
v -48.522 -10.293 -9.6228
v -38.288 -23.879 -11.601
v -37.969 -24.203 -10.685
v -37.869 -24.636 -11.665
v -39.579 -26.606 -4.5392
v -38.916 -26.042 -4.2638
v -39.57 -26.438 -4.0692
v -44.646 -20.701 -8.8115
v -44.287 -21.109 -8.3043
v -44.394 -20.721 -7.9989
v -39.665 -26.17 -3.4712
v -39.811 -26.266 -3.8339
v -39.57 -26.438 -4.0692
v -39.579 -26.606 -4.5392
v -39.224 -26.598 -5.3443
v -38.861 -26.212 -4.9635
v -38.861 -26.212 -4.9635
v -38.916 -26.042 -4.2638
v -39.579 -26.606 -4.5392
v -48.715 -9.892 -10.084
v -48.666 -9.0688 -9.2582
v -48.825 -9.3471 -10.129
v -40.068 -25.479 -2.8745
v -40.445 -24.999 -3.1918
v -40.408 -25.334 -3.6323
v -44.818 -20.098 -8.5819
v -44.646 -20.701 -8.8115
v -44.394 -20.721 -7.9989
v -39.811 -26.266 -3.8339
v -39.665 -26.17 -3.4712
v -39.938 -26.072 -3.6795
v -40.068 -25.479 -2.8745
v -40.408 -25.334 -3.6323
v -39.938 -26.072 -3.6795
v -47.901 4.4249 -17.455
v -47.635 4.479 -17.776
v -48.019 4.5208 -18.097
v -39.428 -28.777 -13.105
v -39.625 -28.923 -12.897
v -39.948 -29.243 -13.069
v -38.713 -23.088 -11.483
v -38.288 -23.879 -11.601
v -38.514 -23.723 -12.209
v -50.234 -3.21 -13.224
v -50.335 -2.3434 -13.349
v -50.372 -2.4502 -14.054
v -44.738 -8.2672 -11.239
v -44.795 -8.2317 -11.979
v -44.861 -7.582 -11.56
v -45.971 -1.4242 -16.036
v -46.047 -1.5319 -16.471
v -46.083 -0.95183 -16.456
v -46.878 -9.6832 -3.1382
v -46.719 -9.3543 -2.4351
v -47.087 -9.2667 -3.4833
v -50.33 0.2613 -16.48
v -50.112 -0.68176 -16.828
v -50.387 -0.058347 -16.212
v -45.899 -2.7896 -14.823
v -45.909 -2.6211 -14.489
v -45.859 -2.9527 -14.343
v -46.585 -9.8557 -2.4876
v -46.878 -9.6832 -3.1382
v -46.778 -10.303 -3.2477
v -45.964 -1.901 -16.061
v -45.971 -1.4242 -16.036
v -45.991 -1.7463 -15.415
v -50.444 -1.695 -14.355
v -50.372 -2.4502 -14.054
v -50.335 -2.3434 -13.349
v -46.778 -10.303 -3.2477
v -46.364 -10.558 -2.3092
v -46.585 -9.8557 -2.4876
v -45.939 -2.1153 -15.066
v -45.964 -1.901 -16.061
v -45.991 -1.7463 -15.415
v -46.364 -10.558 -2.3092
v -46.778 -10.303 -3.2477
v -46.6 -10.687 -2.9633
v -49.182 4.8811 -13.437
v -49.051 4.8182 -13.896
v -49.851 4.9408 -13.519
v -49.021 4.7796 -13.179
v -49.182 4.8811 -13.437
v -49.851 4.9408 -13.519
v -46.34 -11.207 -2.6624
v -46.364 -10.558 -2.3092
v -46.6 -10.687 -2.9633
v -36.815 -26.609 -13.1
v -36.949 -26.206 -12.191
v -36.948 -26.6 -12.509
v -44.286 -9.4392 -10.526
v -44.086 -9.9633 -10.229
v -44.262 -10.073 -11.192
v -45.899 -2.7896 -14.823
v -45.923 -2.4361 -14.89
v -45.909 -2.6211 -14.489
v -46.16 -11.401 -2.2557
v -46.34 -11.207 -2.6624
v -46.306 -11.677 -2.9646
v -44.095 -10.343 -10.524
v -44.262 -10.073 -11.192
v -44.086 -9.9633 -10.229
v -36.948 -26.6 -12.509
v -36.918 -26.361 -11.688
v -37.101 -26.683 -11.986
v -39.24 -22.055 -11.191
v -39.514 -21.606 -11.158
v -39.41 -21.47 -10.759
v -49.021 4.7796 -13.179
v -49.851 4.9408 -13.519
v -49.778 4.4117 -12.915
v -45.847 -3.244 -14.629
v -45.859 -2.9527 -14.343
v -45.77 -3.7812 -14.18
v -45.82 -3.305 -13.981
v -45.77 -3.7812 -14.18
v -45.859 -2.9527 -14.343
v -46.16 -11.401 -2.2557
v -46.007 -12.392 -2.5752
v -45.867 -12.279 -2.1601
v -36.98 -26.597 -11.001
v -37.364 -26.7 -10.537
v -37.072 -26.63 -11.45
v -47.305 -13.715 -8.6015
v -47.136 -14.597 -8.9445
v -46.888 -14.398 -7.778
v -37.941 -26.425 -8.4244
v -38.154 -26.928 -9.1045
v -37.715 -26.511 -8.8931
v -45.867 -12.279 -2.1601
v -46.007 -12.392 -2.5752
v -45.516 -13.1 -1.8165
v -37.941 -26.425 -8.4244
v -38.256 -26.532 -7.7297
v -38.447 -26.902 -8.2684
v -46.007 -12.392 -2.5752
v -45.649 -13.359 -2.4341
v -45.516 -13.1 -1.8165
v -48.918 -8.5821 -9.8851
v -49.086 -7.7643 -9.8599
v -49.094 -8.6312 -10.796
v -39.115 -22.491 -11.72
v -38.728 -22.883 -10.62
v -38.713 -23.088 -11.483
v -48.194 -4.508 -4.6334
v -48.246 -5.1778 -4.8943
v -48.038 -4.955 -4.2069
v -48.134 -5.6614 -4.833
v -48.038 -4.955 -4.2069
v -48.246 -5.1778 -4.8943
v -41.2 -23.811 -3.1525
v -40.903 -24.4 -3.4054
v -40.911 -24.003 -2.6809
v -40.445 -24.999 -3.1918
v -40.911 -24.003 -2.6809
v -40.903 -24.4 -3.4054
v -47.797 -6.2891 -4.0471
v -47.632 -7.1313 -4.0421
v -47.516 -7.024 -3.5116
v -47.644 -12.845 -8.8536
v -47.645 -13.219 -9.3347
v -47.305 -13.715 -8.6015
v -39.811 -26.266 -3.8339
v -39.914 -26.335 -4.0988
v -39.57 -26.438 -4.0692
v -45.7 -3.9645 -13.83
v -45.77 -3.7812 -14.18
v -45.82 -3.305 -13.981
v -41.563 -22.8 -2.585
v -41.842 -22.116 -2.2739
v -41.95 -22.314 -2.8238
v -41.237 -23.31 -2.533
v -41.2 -23.811 -3.1525
v -40.911 -24.003 -2.6809
v -41.666 -21.577 -16.791
v -41.139 -21.603 -16.519
v -41.384 -22.117 -16.793
v -49.47 2.2203 -9.534
v -49.22 2.8797 -10.689
v -49.437 3.1364 -11.051
v -49.071 2.4944 -9.9447
v -49.22 2.8797 -10.689
v -49.47 2.2203 -9.534
v -45.457 -5.9006 -13.631
v -45.211 -6.1895 -11.88
v -45.143 -6.8874 -12.508
v -47.596 4.2521 -18.332
v -46.915 4.3132 -17.99
v -47.51 2.6129 -18.217
v -46.915 4.3132 -17.99
v -46.887 2.2374 -17.844
v -47.51 2.6129 -18.217
v -48.019 4.5208 -18.097
v -47.635 4.479 -17.776
v -47.876 4.457 -18.27
v -42.675 -20.01 -1.74
v -43.676 -18.217 -2.0009
v -43.308 -19.685 -2.8985
v -49.494 1.44 -8.7217
v -49.486 0.5117 -8.3342
v -49.35 0.92181 -7.9791
v -45.236 -13.776 -1.5129
v -45.649 -13.359 -2.4341
v -44.957 -14.503 -1.3606
v -49.261 0.71875 -7.6045
v -49.35 0.92181 -7.9791
v -49.486 0.5117 -8.3342
v -46.204 1.2926 -16.951
v -46.319 -0.72486 -17.097
v -46.759 0.040923 -17.634
v -44.957 -14.503 -1.3606
v -44.968 -15.695 -2.7552
v -44.335 -15.87 -1.217
v -46.319 -0.72486 -17.097
v -46.05 -0.37141 -16.28
v -46.083 -0.95183 -16.456
v -40.763 -18.338 -9.6312
v -40.732 -18.975 -10.625
v -41.608 -17.571 -11.14
v -45.555 -4.7144 -13.009
v -45.211 -6.1895 -11.88
v -45.457 -5.9006 -13.631
v -41.608 -17.571 -11.14
v -41.793 -16.578 -9.5271
v -40.763 -18.338 -9.6312
v -44.308 -21.321 -8.7661
v -43.902 -22.149 -8.9793
v -43.858 -21.845 -8.2013
v -48.246 -5.1778 -4.8943
v -48.194 -4.508 -4.6334
v -48.441 -4.4286 -5.2558
v -47.157 -8.3652 -3.1704
v -47.385 -7.7633 -3.5564
v -47.326 -8.72 -3.9095
v -45.373 -18.948 -8.5807
v -44.818 -20.098 -8.5819
v -44.769 -19.483 -7.3022
v -42.775 -13.84 -9.7386
v -42.866 -14.126 -10.52
v -43.186 -13.386 -10.541
v -36.815 -26.609 -13.1
v -37.356 -25.783 -13.067
v -36.949 -26.206 -12.191
v -42.635 -14.598 -10.189
v -42.866 -14.126 -10.52
v -42.775 -13.84 -9.7386
v -41.022 -27.688 -10.941
v -40.695 -28.091 -10.725
v -40.882 -27.669 -10.31
v -45.964 -1.901 -16.061
v -46.047 -1.5319 -16.471
v -45.971 -1.4242 -16.036
v -48.569 -3.5181 -5.3461
v -48.441 -4.4286 -5.2558
v -48.365 -4.0139 -4.8711
v -39.696 -21.398 -11.367
v -39.722 -20.968 -10.904
v -39.41 -21.47 -10.759
v -39.514 -21.606 -11.158
v -39.696 -21.398 -11.367
v -39.41 -21.47 -10.759
v -37.301 -25.626 -12.199
v -37.692 -25.218 -12.534
v -37.656 -24.988 -12.104
v -41.2 -23.811 -3.1525
v -41.237 -23.31 -2.533
v -41.465 -23.3 -3.0902
v -42.175 -25.337 -9.2763
v -42.172 -25.589 -9.9559
v -41.808 -26.036 -9.5997
v -46.306 -11.677 -2.9646
v -46.007 -12.392 -2.5752
v -46.16 -11.401 -2.2557
v -40.903 -24.4 -3.4054
v -40.408 -25.334 -3.6323
v -40.445 -24.999 -3.1918
v -37.072 -26.63 -11.45
v -37.364 -26.7 -10.537
v -37.566 -27.005 -11.313
v -39.891 -29.056 -12.318
v -39.899 -28.998 -11.862
v -40.181 -28.929 -11.69
v -45.939 -2.1153 -15.066
v -45.91 -2.5133 -15.409
v -45.964 -1.901 -16.061
v -45.91 -2.5133 -15.409
v -45.939 -2.1153 -15.066
v -45.923 -2.4361 -14.89
v -37.724 -26.779 -9.7449
v -37.715 -26.511 -8.8931
v -38.154 -26.928 -9.1045
v -45.91 -2.5133 -15.409
v -45.923 -2.4361 -14.89
v -45.899 -2.7896 -14.823
v -37.869 -24.636 -11.665
v -37.656 -24.988 -12.104
v -37.984 -24.705 -12.529
v -45.91 -2.5133 -15.409
v -45.899 -2.7896 -14.823
v -45.847 -3.244 -14.629
v -39.579 -26.606 -4.5392
v -39.646 -26.809 -5.0927
v -39.224 -26.598 -5.3443
v -46.012 -17.222 -8.4464
v -45.812 -17.813 -8.5276
v -45.903 -17.13 -7.6433
v -45.847 -3.244 -14.629
v -45.899 -2.7896 -14.823
v -45.859 -2.9527 -14.343
v -42.876 -24.139 -9.1372
v -42.812 -24.495 -9.6847
v -42.465 -24.799 -9.0792
v -42.392 -21.637 -3.0387
v -41.842 -22.116 -2.2739
v -42.296 -21.276 -2.3283
v -41.465 -23.3 -3.0902
v -41.237 -23.31 -2.533
v -41.563 -22.8 -2.585
v -39.914 -26.335 -4.0988
v -39.811 -26.266 -3.8339
v -39.938 -26.072 -3.6795
v -44.011 -10.748 -10.897
v -44.262 -10.073 -11.192
v -44.095 -10.343 -10.524
v -39.425 -28.897 -13.645
v -39.428 -28.777 -13.105
v -39.631 -29.136 -13.818
v -44.095 -10.343 -10.524
v -43.885 -10.924 -10.384
v -44.011 -10.748 -10.897
v -44.262 -10.073 -11.192
v -44.374 -9.3825 -10.93
v -44.286 -9.4392 -10.526
v -43.413 -12.744 -10.643
v -43.662 -11.825 -10.46
v -43.375 -12.278 -10.114
v -43.154 -13.011 -10.068
v -43.413 -12.744 -10.643
v -43.375 -12.278 -10.114
v -48.299 4.5129 -16.676
v -47.901 4.4249 -17.455
v -48.64 4.487 -16.964
v -38.78 -26.712 -6.7066
v -38.84 -26.475 -6.0461
v -39.233 -27.002 -6.4056
v -43.308 -19.685 -2.8985
v -42.614 -20.593 -2.3476
v -42.675 -20.01 -1.74
v -47.385 -7.7633 -3.5564
v -47.593 -8.038 -4.3755
v -47.326 -8.72 -3.9095
v -48.239 -10.636 -8.9322
v -48.234 -11.212 -9.5082
v -48.09 -11.485 -9.2051
v -48.239 -10.636 -8.9322
v -48.381 -10.773 -9.6746
v -48.234 -11.212 -9.5082
v -37.364 -26.7 -10.537
v -37.724 -26.779 -9.7449
v -37.915 -27.167 -10.437
v -50.131 -4.1384 -12.831
v -50.073 -3.7333 -12.333
v -50.234 -3.21 -13.224
v -44.597 -8.8566 -11.169
v -44.795 -8.2317 -11.979
v -44.738 -8.2672 -11.239
v -41.842 -22.116 -2.2739
v -42.392 -21.637 -3.0387
v -41.95 -22.314 -2.8238
v -49.197 -1.369 -7.4017
v -49.056 -0.7775 -6.6782
v -49.146 -0.74731 -7.2434
v -46.282 -16.465 -8.2595
v -46.377 -15.983 -7.8127
v -46.448 -16.048 -8.1398
v -49.456 4.7743 -14.442
v -49.051 4.8182 -13.896
v -49.155 4.7125 -15.119
v -38.514 -23.723 -12.209
v -38.755 -23.318 -12.211
v -38.713 -23.088 -11.483
v -44.374 -9.3825 -10.93
v -44.433 -9.621 -11.511
v -44.597 -8.8566 -11.169
v -48.732 4.5869 -15.958
v -49.155 4.7125 -15.119
v -48.32 4.6482 -15.301
v -49.056 -0.7775 -6.6782
v -49.197 -1.369 -7.4017
v -48.974 -1.5927 -6.6312
v -41.95 -22.314 -2.8238
v -41.801 -22.786 -3.2367
v -41.563 -22.8 -2.585
v -41.801 -22.786 -3.2367
v -41.465 -23.3 -3.0902
v -41.563 -22.8 -2.585
v -49.909 -4.7177 -11.87
v -50.073 -3.7333 -12.333
v -50.131 -4.1384 -12.831
v -48.483 -9.7446 -9.1796
v -48.666 -9.0688 -9.2582
v -48.522 -10.293 -9.6228
v -43.662 -11.825 -10.46
v -44.011 -10.748 -10.897
v -43.885 -10.924 -10.384
v -47.632 -7.1313 -4.0421
v -47.797 -6.2891 -4.0471
v -47.914 -6.8406 -4.6583
v -39.579 -26.606 -4.5392
v -39.57 -26.438 -4.0692
v -39.914 -26.335 -4.0988
v -47.632 -7.1313 -4.0421
v -47.593 -8.038 -4.3755
v -47.385 -7.7633 -3.5564
v -48.825 -9.3471 -10.129
v -48.666 -9.0688 -9.2582
v -48.918 -8.5821 -9.8851
v -43.413 -12.744 -10.643
v -43.154 -13.011 -10.068
v -43.186 -13.386 -10.541
v -39.514 -21.606 -11.158
v -39.24 -22.055 -11.191
v -39.416 -22.027 -11.719
v -42.359 -15.836 -10.693
v -42.635 -14.598 -10.189
v -42.331 -15.031 -9.522
v -39.115 -22.491 -11.72
v -39.24 -22.055 -11.191
v -39.113 -22.096 -10.82
v -45.03 -7.4268 -12.381
v -45.143 -6.8874 -12.508
v -45.06 -6.9119 -11.749
v -45.717 -4.3067 -14.264
v -45.77 -3.7812 -14.18
v -45.7 -3.9645 -13.83
v -39.722 -20.968 -10.904
v -39.696 -21.398 -11.367
v -40.007 -20.808 -11.465
v -44.861 -7.582 -11.56
v -45.03 -7.4268 -12.381
v -45.06 -6.9119 -11.749
v -36.948 -26.6 -12.509
v -37.033 -26.973 -12.922
v -36.815 -26.609 -13.1
v -37.692 -25.218 -12.534
v -37.984 -24.705 -12.529
v -37.656 -24.988 -12.104
v -37.869 -24.636 -11.665
v -38.306 -24.185 -12.266
v -38.288 -23.879 -11.601
v -48.854 -2.8733 -6.3783
v -48.725 -2.5409 -5.8508
v -48.918 -2.0606 -6.4661
v -38.306 -24.185 -12.266
v -38.514 -23.723 -12.209
v -38.288 -23.879 -11.601
v -38.306 -24.185 -12.266
v -37.869 -24.636 -11.665
v -37.984 -24.705 -12.529
v -39.997 -20.164 -10.387
v -40.718 -19.495 -11.605
v -40.732 -18.975 -10.625
v -39.997 -20.164 -10.387
v -39.956 -20.478 -10.751
v -40.718 -19.495 -11.605
v -46.844 -14.958 -8.2411
v -46.888 -14.398 -7.778
v -47.136 -14.597 -8.9445
v -46.759 0.040923 -17.634
v -46.887 2.2374 -17.844
v -46.204 1.2926 -16.951
v -41.793 -16.578 -9.5271
v -42.359 -15.836 -10.693
v -42.331 -15.031 -9.522
v -49.494 1.44 -8.7217
v -49.47 2.2203 -9.534
v -49.711 1.8467 -9.4889
v -45.555 -4.7144 -13.009
v -45.717 -4.3067 -14.264
v -45.7 -3.9645 -13.83
v -49.617 0.80375 -8.8497
v -49.486 0.5117 -8.3342
v -49.494 1.44 -8.7217
v -49.617 0.80375 -8.8497
v -49.494 1.44 -8.7217
v -49.711 1.8467 -9.4889
v -41.608 -17.571 -11.14
v -42.072 -16.638 -10.883
v -41.793 -16.578 -9.5271
v -44.304 -17.052 -2.4319
v -44.335 -15.87 -1.217
v -44.968 -15.695 -2.7552
v -47.157 -8.3652 -3.1704
v -47.326 -8.72 -3.9095
v -47.087 -9.2667 -3.4833
v -44.374 -9.3825 -10.93
v -44.262 -10.073 -11.192
v -44.433 -9.621 -11.511
v -37.301 -25.626 -12.199
v -37.356 -25.783 -13.067
v -37.692 -25.218 -12.534
v -44.146 -10.759 -11.522
v -44.262 -10.073 -11.192
v -44.011 -10.748 -10.897
v -43.961 -11.358 -11.35
v -44.146 -10.759 -11.522
v -44.011 -10.748 -10.897
v -49.52 -5.8929 -10.792
v -49.629 -5.9953 -11.268
v -49.382 -6.99 -10.682
v -48.974 -1.5927 -6.6312
v -49.151 -1.9872 -7.4341
v -48.918 -2.0606 -6.4661
v -37.35 -27.2 -12.766
v -36.948 -26.6 -12.509
v -37.101 -26.683 -11.986
v -43.662 -11.825 -10.46
v -43.961 -11.358 -11.35
v -44.011 -10.748 -10.897
v -43.793 -11.838 -11.079
v -43.961 -11.358 -11.35
v -43.662 -11.825 -10.46
v -50.33 0.2613 -16.48
v -49.95 -0.010987 -17.203
v -50.112 -0.68176 -16.828
v -37.101 -26.683 -11.986
v -37.072 -26.63 -11.45
v -37.69 -27.16 -11.863
v -46.6 -10.687 -2.9633
v -46.555 -11.156 -3.2358
v -46.34 -11.207 -2.6624
v -46.306 -11.677 -2.9646
v -46.34 -11.207 -2.6624
v -46.555 -11.156 -3.2358
v -49.225 3.8088 -11.872
v -49.912 3.217 -11.415
v -49.437 3.1364 -11.051
v -46.306 -11.677 -2.9646
v -46.149 -12.428 -3.0353
v -46.007 -12.392 -2.5752
v -48.725 -2.5409 -5.8508
v -48.854 -2.8733 -6.3783
v -48.689 -3.1968 -5.8309
v -48.854 -2.8733 -6.3783
v -48.918 -2.0606 -6.4661
v -49.001 -2.5307 -6.893
v -48.441 -4.4286 -5.2558
v -48.569 -3.5181 -5.3461
v -48.699 -4.0787 -6.1528
v -50.491 -1.0239 -15.378
v -50.478 -0.89954 -14.3
v -50.53 -0.1553 -14.716
v -38.447 -26.902 -8.2684
v -38.256 -26.532 -7.7297
v -38.648 -26.891 -7.4319
v -47.957 -6.9151 -18.016
v -47.125 -6.1876 -17.987
v -46.783 -7.2484 -17.894
v -42.734 -21.025 -3.1502
v -42.296 -21.276 -2.3283
v -42.614 -20.593 -2.3476
v -40.408 -25.334 -3.6323
v -40.903 -24.4 -3.4054
v -40.902 -24.856 -4.0355
v -49.289 -0.13227 -7.6018
v -49.355 -0.62448 -7.8578
v -49.146 -0.74731 -7.2434
v -50.444 -1.695 -14.355
v -50.478 -0.89954 -14.3
v -50.491 -1.0239 -15.378
v -47.544 -5.6249 -18.022
v -47.125 -6.1876 -17.987
v -47.957 -6.9151 -18.016
v -44.818 -20.098 -8.5819
v -44.394 -20.721 -7.9989
v -44.573 -20.158 -7.7713
v -39.514 -21.606 -11.158
v -39.587 -21.721 -11.721
v -39.696 -21.398 -11.367
v -39.081 -27.198 -16.618
v -38.323 -27.453 -16.474
v -38.879 -28.295 -16.39
v -44.795 -8.2317 -11.979
v -44.597 -8.8566 -11.169
v -44.708 -8.8633 -12.251
v -39.722 -20.968 -10.904
v -40.007 -20.808 -11.465
v -39.956 -20.478 -10.751
v -44.597 -8.8566 -11.169
v -44.433 -9.621 -11.511
v -44.708 -8.8633 -12.251
v -40.063 -25.594 -16.744
v -40.539 -24.679 -16.88
v -39.369 -24.846 -16.382
v -49.165 0.050719 -17.983
v -49.093 -2.1498 -17.889
v -49.943 -1.3612 -17.113
v -38.869 -22.981 -11.974
v -39.115 -22.491 -11.72
v -38.713 -23.088 -11.483
v -40.139 -23.79 -16.551
v -39.369 -24.846 -16.382
v -40.539 -24.679 -16.88
v -44.861 -7.582 -11.56
v -44.795 -8.2317 -11.979
v -45.03 -7.4268 -12.381
v -38.713 -23.088 -11.483
v -38.755 -23.318 -12.211
v -38.869 -22.981 -11.974
v -48.64 4.487 -16.964
v -47.901 4.4249 -17.455
v -48.654 4.5386 -17.646
v -40.612 -22.881 -16.587
v -40.139 -23.79 -16.551
v -40.911 -23.77 -16.886
v -49.962 3.495 -11.788
v -49.912 3.217 -11.415
v -49.225 3.8088 -11.872
v -49.151 -1.9872 -7.4341
v -48.974 -1.5927 -6.6312
v -49.197 -1.369 -7.4017
v -48.732 4.5869 -15.958
v -48.299 4.5129 -16.676
v -48.64 4.487 -16.964
v -40.612 -22.881 -16.587
v -41.227 -23.064 -16.911
v -40.453 -22.237 -16.22
v -44.573 -20.158 -7.7713
v -44.769 -19.483 -7.3022
v -44.818 -20.098 -8.5819
v -36.853 -26.653 -13.761
v -37.246 -26.122 -14.29
v -37.356 -25.783 -13.067
v -37.356 -25.783 -13.067
v -37.875 -25.081 -13.147
v -37.692 -25.218 -12.534
v -49.151 -1.9872 -7.4341
v -49.001 -2.5307 -6.893
v -48.918 -2.0606 -6.4661
v -49.051 4.8182 -13.896
v -49.456 4.7743 -14.442
v -49.879 5.0039 -13.956
v -37.35 -27.2 -12.766
v -37.101 -26.683 -11.986
v -37.69 -27.16 -11.863
v -36.948 -26.6 -12.509
v -37.35 -27.2 -12.766
v -37.033 -26.973 -12.922
v -43.793 -11.838 -11.079
v -43.662 -11.825 -10.46
v -43.607 -12.447 -11.264
v -47.087 -9.2667 -3.4833
v -46.983 -9.9089 -3.673
v -46.878 -9.6832 -3.1382
v -43.413 -12.744 -10.643
v -43.607 -12.447 -11.264
v -43.662 -11.825 -10.46
v -37.69 -27.16 -11.863
v -37.072 -26.63 -11.45
v -37.566 -27.005 -11.313
v -50.052 3.8492 -12.355
v -49.962 3.495 -11.788
v -49.225 3.8088 -11.872
v -46.778 -10.303 -3.2477
v -46.878 -9.6832 -3.1382
v -46.983 -9.9089 -3.673
v -38.84 -26.475 -6.0461
v -39.224 -26.598 -5.3443
v -39.566 -27.063 -5.8725
v -38.218 -27.231 -9.8807
v -37.915 -27.167 -10.437
v -37.724 -26.779 -9.7449
v -48.17 -6.0914 -5.1817
v -47.993 -6.0153 -4.4674
v -48.134 -5.6614 -4.833
v -38.218 -27.231 -9.8807
v -37.724 -26.779 -9.7449
v -38.312 -27.341 -9.4956
v -37.724 -26.779 -9.7449
v -38.154 -26.928 -9.1045
v -38.312 -27.341 -9.4956
v -47.993 -6.0153 -4.4674
v -48.17 -6.0914 -5.1817
v -47.914 -6.8406 -4.6583
v -47.993 -6.0153 -4.4674
v -47.914 -6.8406 -4.6583
v -47.797 -6.2891 -4.0471
v -48.699 -4.0787 -6.1528
v -48.569 -3.5181 -5.3461
v -48.689 -3.1968 -5.8309
v -38.447 -26.902 -8.2684
v -38.154 -26.928 -9.1045
v -37.941 -26.425 -8.4244
v -46.448 -16.048 -8.1398
v -46.613 -15.266 -7.7068
v -46.643 -15.538 -8.3081
v -45.812 -17.813 -8.5276
v -45.57 -18.198 -8.1037
v -45.903 -17.13 -7.6433
v -38.648 -26.891 -7.4319
v -38.78 -26.712 -6.7066
v -38.933 -27.113 -6.9827
v -49.486 0.5117 -8.3342
v -49.559 0.0081717 -8.6863
v -49.289 -0.13227 -7.6018
v -44.769 -19.483 -7.3022
v -45.57 -18.198 -8.1037
v -45.373 -18.948 -8.5807
v -39.416 -22.027 -11.719
v -39.587 -21.721 -11.721
v -39.514 -21.606 -11.158
v -49.714 -5.2401 -11.137
v -49.629 -5.9953 -11.268
v -49.52 -5.8929 -10.792
v -43.902 -22.149 -8.9793
v -43.644 -22.435 -8.415
v -43.858 -21.845 -8.2013
v -39.938 -26.072 -3.6795
v -40.408 -25.334 -3.6323
v -40.426 -25.638 -4.2176
v -50.073 -3.7333 -12.333
v -50.146 -2.4301 -12.039
v -50.234 -3.21 -13.224
v -39.24 -28.939 -14.675
v -38.894 -28.641 -14.352
v -39.425 -28.897 -13.645
v -39.646 -26.809 -5.0927
v -39.579 -26.606 -4.5392
v -39.878 -26.644 -4.7449
v -39.579 -26.606 -4.5392
v -39.914 -26.335 -4.0988
v -40.192 -26.293 -4.7831
v -39.914 -26.335 -4.0988
v -39.938 -26.072 -3.6795
v -40.426 -25.638 -4.2176
v -37.692 -25.218 -12.534
v -38.15 -24.598 -13.146
v -37.984 -24.705 -12.529
v -49.358 -1.2296 -8.0398
v -49.146 -0.74731 -7.2434
v -49.355 -0.62448 -7.8578
v -46.007 -12.392 -2.5752
v -46.149 -12.428 -3.0353
v -45.649 -13.359 -2.4341
v -39.416 -22.027 -11.719
v -39.24 -22.055 -11.191
v -39.115 -22.491 -11.72
v -42.734 -21.025 -3.1502
v -42.392 -21.637 -3.0387
v -42.296 -21.276 -2.3283
v -49.197 -1.369 -7.4017
v -49.146 -0.74731 -7.2434
v -49.358 -1.2296 -8.0398
v -45.263 -6.8708 -13.312
v -45.457 -5.9006 -13.631
v -45.143 -6.8874 -12.508
v -36.815 -26.609 -13.1
v -36.853 -26.653 -13.761
v -37.356 -25.783 -13.067
v -36.853 -26.653 -13.761
v -36.815 -26.609 -13.1
v -36.943 -27.127 -13.628
v -36.943 -27.127 -13.628
v -36.815 -26.609 -13.1
v -37.033 -26.973 -12.922
v -41.608 -17.571 -11.14
v -40.732 -18.975 -10.625
v -41.354 -18.101 -11.445
v -43.858 -21.845 -8.2013
v -44.287 -21.109 -8.3043
v -44.308 -21.321 -8.7661
v -45.91 -2.5133 -15.409
v -45.847 -3.244 -14.629
v -45.811 -4.0698 -15.299
v -50.052 3.8492 -12.355
v -49.225 3.8088 -11.872
v -49.357 4.1431 -12.522
v -46.844 -14.958 -8.2411
v -46.643 -15.538 -8.3081
v -46.613 -15.266 -7.7068
v -49.879 5.0039 -13.956
v -49.851 4.9408 -13.519
v -49.051 4.8182 -13.896
v -49.437 3.1364 -11.051
v -49.912 3.217 -11.415
v -49.896 2.7065 -10.888
v -40.718 -19.495 -11.605
v -39.956 -20.478 -10.751
v -40.007 -20.808 -11.465
v -46.083 -0.95183 -16.456
v -46.047 -1.5319 -16.471
v -46.319 -0.72486 -17.097
v -49.437 3.1364 -11.051
v -49.896 2.7065 -10.888
v -49.47 2.2203 -9.534
v -49.896 2.7065 -10.888
v -49.828 2.2271 -10.152
v -49.47 2.2203 -9.534
v -42.072 -16.638 -10.883
v -42.359 -15.836 -10.693
v -41.793 -16.578 -9.5271
v -49.828 2.2271 -10.152
v -49.711 1.8467 -9.4889
v -49.47 2.2203 -9.534
v -49.382 -6.99 -10.682
v -49.086 -7.7643 -9.8599
v -49.228 -7.1403 -10.056
v -45.77 -3.7812 -14.18
v -45.811 -4.0698 -15.299
v -45.847 -3.244 -14.629
v -45.964 -1.901 -16.061
v -45.91 -2.5133 -15.409
v -45.935 -3.2024 -16.261
v -45.649 -13.359 -2.4341
v -44.968 -15.695 -2.7552
v -44.957 -14.503 -1.3606
v -45.811 -4.0698 -15.299
v -45.77 -3.7812 -14.18
v -45.717 -4.3067 -14.264
v -45.457 -5.9006 -13.631
v -45.717 -4.3067 -14.264
v -45.555 -4.7144 -13.009
v -50.073 -3.7333 -12.333
v -49.909 -4.7177 -11.87
v -49.925 -3.9 -11.554
v -38.395 -24.146 -12.795
v -38.306 -24.185 -12.266
v -37.984 -24.705 -12.529
v -45.03 -7.4268 -12.381
v -44.795 -8.2317 -11.979
v -44.988 -7.9148 -12.926
v -37.692 -25.218 -12.534
v -37.875 -25.081 -13.147
v -38.15 -24.598 -13.146
v -41.603 -26.494 -9.9348
v -41.282 -27.074 -10.216
v -41.398 -26.604 -9.4364
v -49.711 1.8467 -9.4889
v -49.727 1.0993 -9.6143
v -49.617 0.80375 -8.8497
v -42.635 -14.598 -10.189
v -42.61 -15.207 -10.917
v -42.866 -14.126 -10.52
v -42.359 -15.836 -10.693
v -42.61 -15.207 -10.917
v -42.635 -14.598 -10.189
v -49.155 4.7125 -15.119
v -48.732 4.5869 -15.958
v -49.357 4.6698 -15.92
v -48.381 -10.773 -9.6746
v -48.239 -10.636 -8.9322
v -48.522 -10.293 -9.6228
v -48.522 -10.293 -9.6228
v -48.239 -10.636 -8.9322
v -48.483 -9.7446 -9.1796
v -44.988 -7.9148 -12.926
v -44.795 -8.2317 -11.979
v -44.708 -8.8633 -12.251
v -39.115 -22.491 -11.72
v -38.869 -22.981 -11.974
v -39.296 -22.45 -12.216
v -44.262 -10.073 -11.192
v -44.429 -9.8576 -11.985
v -44.433 -9.621 -11.511
v -40.007 -20.808 -11.465
v -39.696 -21.398 -11.367
v -39.822 -21.343 -11.981
v -43.186 -13.386 -10.541
v -43.282 -13.423 -11.319
v -43.413 -12.744 -10.643
v -50.444 -1.695 -14.355
v -50.403 -1.5071 -13.403
v -50.478 -0.89954 -14.3
v -49.559 0.0081717 -8.6863
v -49.486 0.5117 -8.3342
v -49.617 0.80375 -8.8497
v -40.695 -28.091 -10.725
v -40.367 -28.692 -11.158
v -40.268 -28.674 -10.728
v -39.696 -21.398 -11.367
v -39.587 -21.721 -11.721
v -39.822 -21.343 -11.981
v -37.566 -27.005 -11.313
v -37.364 -26.7 -10.537
v -37.915 -27.167 -10.437
v -39.416 -22.027 -11.719
v -39.115 -22.491 -11.72
v -39.296 -22.45 -12.216
v -38.755 -23.318 -12.211
v -38.921 -23.097 -12.327
v -38.869 -22.981 -11.974
v -43.394 -17.101 -16.965
v -43.684 -15.837 -16.861
v -43.068 -16.071 -16.436
v -42.866 -14.126 -10.52
v -43.282 -13.423 -11.319
v -43.186 -13.386 -10.541
v -38.447 -26.902 -8.2684
v -38.489 -27.595 -9.0815
v -38.154 -26.928 -9.1045
v -38.78 -26.712 -6.7066
v -39.233 -27.002 -6.4056
v -38.933 -27.113 -6.9827
v -42.967 -14.226 -11.092
v -43.282 -13.423 -11.319
v -42.866 -14.126 -10.52
v -49.559 0.0081717 -8.6863
v -49.355 -0.62448 -7.8578
v -49.289 -0.13227 -7.6018
v -48.699 -4.0787 -6.1528
v -48.689 -3.1968 -5.8309
v -48.854 -2.8733 -6.3783
v -38.514 -23.723 -12.209
v -38.306 -24.185 -12.266
v -38.395 -24.146 -12.795
v -46.778 -10.303 -3.2477
v -46.806 -10.705 -3.7235
v -46.6 -10.687 -2.9633
v -46.6 -10.687 -2.9633
v -46.806 -10.705 -3.7235
v -46.555 -11.156 -3.2358
v -42.866 -14.126 -10.52
v -42.61 -15.207 -10.917
v -42.967 -14.226 -11.092
v -48.246 -5.1778 -4.8943
v -48.411 -5.3557 -5.5355
v -48.134 -5.6614 -4.833
v -46.306 -11.677 -2.9646
v -46.555 -11.156 -3.2358
v -46.473 -11.677 -3.4791
v -41.801 -22.786 -3.2367
v -41.95 -22.314 -2.8238
v -42.254 -22.098 -3.3612
v -48.441 -4.4286 -5.2558
v -48.411 -5.3557 -5.5355
v -48.246 -5.1778 -4.8943
v -46.306 -11.677 -2.9646
v -46.365 -12.023 -3.3561
v -46.149 -12.428 -3.0353
v -47.914 -6.8406 -4.6583
v -47.83 -7.5239 -4.7418
v -47.632 -7.1313 -4.0421
v -40.902 -24.856 -4.0355
v -40.426 -25.638 -4.2176
v -40.408 -25.334 -3.6323
v -41.465 -23.3 -3.0902
v -41.801 -22.786 -3.2367
v -41.691 -23.434 -3.9092
v -39.579 -26.606 -4.5392
v -40.192 -26.293 -4.7831
v -39.878 -26.644 -4.7449
v -46.888 -14.398 -7.778
v -47.282 -13.584 -8.2253
v -47.305 -13.715 -8.6015
v -42.392 -21.637 -3.0387
v -42.254 -22.098 -3.3612
v -41.95 -22.314 -2.8238
v -41.2 -23.811 -3.1525
v -41.448 -23.87 -3.9747
v -40.903 -24.4 -3.4054
v -44.146 -10.759 -11.522
v -44.37 -10.348 -11.985
v -44.262 -10.073 -11.192
v -39.099 -27.711 -7.3423
v -38.648 -26.891 -7.4319
v -38.933 -27.113 -6.9827
v -39.566 -27.063 -5.8725
v -39.233 -27.002 -6.4056
v -38.84 -26.475 -6.0461
v -47.644 -12.845 -8.8536
v -47.305 -13.715 -8.6015
v -47.353 -13.146 -7.9025
v -47.353 -13.146 -7.9025
v -47.52 -12.57 -7.9553
v -47.644 -12.845 -8.8536
v -48.899 -3.3678 -6.7701
v -48.699 -4.0787 -6.1528
v -48.854 -2.8733 -6.3783
v -45.217 -11.271 -17.347
v -44.906 -11.869 -17.152
v -45.474 -12.06 -17.527
v -48.441 -4.4286 -5.2558
v -48.699 -4.0787 -6.1528
v -48.527 -5.1084 -5.8821
v -47.52 -12.57 -7.9553
v -47.877 -12.086 -8.871
v -47.644 -12.845 -8.8536
v -42.465 -24.799 -9.0792
v -42.461 -25.089 -9.7187
v -42.175 -25.337 -9.2763
v -48.411 -5.3557 -5.5355
v -48.441 -4.4286 -5.2558
v -48.527 -5.1084 -5.8821
v -47.282 -13.584 -8.2253
v -47.353 -13.146 -7.9025
v -47.305 -13.715 -8.6015
v -43.282 -13.423 -11.319
v -43.607 -12.447 -11.264
v -43.413 -12.744 -10.643
v -43.236 -23.499 -9.0647
v -42.876 -24.139 -9.1372
v -42.876 -23.909 -8.5612
v -49.71 0.37367 -9.3462
v -49.617 0.80375 -8.8497
v -49.727 1.0993 -9.6143
v -39.416 -22.027 -11.719
v -39.638 -21.917 -12.333
v -39.587 -21.721 -11.721
v -41.448 -23.87 -3.9747
v -40.902 -24.856 -4.0355
v -40.903 -24.4 -3.4054
v -47.326 -8.72 -3.9095
v -47.198 -9.5991 -4.1356
v -47.087 -9.2667 -3.4833
v -38.921 -23.097 -12.327
v -39.296 -22.45 -12.216
v -38.869 -22.981 -11.974
v -47.83 -7.5239 -4.7418
v -47.593 -8.038 -4.3755
v -47.632 -7.1313 -4.0421
v -39.899 -28.998 -11.862
v -39.795 -28.829 -11.435
v -40.181 -28.929 -11.69
v -38.853 -23.353 -12.607
v -38.755 -23.318 -12.211
v -38.514 -23.723 -12.209
v -45.263 -6.8708 -13.312
v -45.143 -6.8874 -12.508
v -45.151 -7.4315 -13.49
v -39.224 -26.598 -5.3443
v -39.646 -26.809 -5.0927
v -39.715 -26.954 -5.4546
v -42.044 -22.973 -4.0651
v -41.691 -23.434 -3.9092
v -41.801 -22.786 -3.2367
v -44.988 -7.9148 -12.926
v -45.151 -7.4315 -13.49
v -45.143 -6.8874 -12.508
v -37.875 -25.081 -13.147
v -37.356 -25.783 -13.067
v -37.761 -25.339 -13.773
v -41.2 -23.811 -3.1525
v -41.465 -23.3 -3.0902
v -41.691 -23.434 -3.9092
v -41.691 -23.434 -3.9092
v -41.448 -23.87 -3.9747
v -41.2 -23.811 -3.1525
v -45.143 -6.8874 -12.508
v -45.03 -7.4268 -12.381
v -44.988 -7.9148 -12.926
v -40.426 -25.638 -4.2176
v -40.192 -26.293 -4.7831
v -39.914 -26.335 -4.0988
v -46.365 -12.023 -3.3561
v -46.306 -11.677 -2.9646
v -46.473 -11.677 -3.4791
v -44.514 -12.971 -16.981
v -44.31 -14.377 -17.071
v -44.755 -13.755 -17.231
v -38.312 -27.341 -9.4956
v -38.154 -26.928 -9.1045
v -38.489 -27.595 -9.0815
v -42.734 -21.025 -3.1502
v -42.614 -20.593 -2.3476
v -43.308 -19.685 -2.8985
v -42.876 -23.909 -8.5612
v -43.451 -22.931 -8.659
v -43.236 -23.499 -9.0647
v -44.433 -9.621 -11.511
v -44.429 -9.8576 -11.985
v -44.708 -8.8633 -12.251
v -44.262 -10.073 -11.192
v -44.37 -10.348 -11.985
v -44.429 -9.8576 -11.985
v -48.019 4.5208 -18.097
v -47.876 4.457 -18.27
v -48.501 4.5694 -18.159
v -47.596 4.2521 -18.332
v -48.546 4.0761 -18.38
v -47.876 4.457 -18.27
v -48.501 4.5694 -18.159
v -48.654 4.5386 -17.646
v -48.019 4.5208 -18.097
v -47.901 4.4249 -17.455
v -48.019 4.5208 -18.097
v -48.654 4.5386 -17.646
v -44.304 -17.052 -2.4319
v -44.261 -17.68 -3.0315
v -43.676 -18.217 -2.0009
v -49.828 2.2271 -10.152
v -49.868 1.8209 -10.334
v -49.711 1.8467 -9.4889
v -45.649 -13.359 -2.4341
v -46.149 -12.428 -3.0353
v -45.732 -14.421 -3.788
v -43.308 -19.685 -2.8985
v -43.676 -18.217 -2.0009
v -44.261 -17.68 -3.0315
v -45.732 -14.421 -3.788
v -44.968 -15.695 -2.7552
v -45.649 -13.359 -2.4341
v -38.894 -28.641 -14.352
v -38.94 -28.596 -13.788
v -39.425 -28.897 -13.645
v -49.778 4.4117 -12.915
v -50.167 4.2404 -12.967
v -49.357 4.1431 -12.522
v -40.131 -28.686 -10.243
v -40.695 -28.091 -10.725
v -40.268 -28.674 -10.728
v -50.167 4.2404 -12.967
v -50.052 3.8492 -12.355
v -49.357 4.1431 -12.522
v -40.732 -18.975 -10.625
v -40.718 -19.495 -11.605
v -41.119 -18.756 -11.75
v -41.354 -18.101 -11.445
v -40.732 -18.975 -10.625
v -41.119 -18.756 -11.75
v -40.882 -27.669 -10.31
v -40.695 -28.091 -10.725
v -40.529 -27.917 -9.597
v -40.718 -19.495 -11.605
v -40.007 -20.808 -11.465
v -40.443 -20.167 -11.721
v -39.416 -22.027 -11.719
v -39.296 -22.45 -12.216
v -39.638 -21.917 -12.333
v -46.983 -9.9089 -3.673
v -46.806 -10.705 -3.7235
v -46.778 -10.303 -3.2477
v -39.822 -21.343 -11.981
v -40.188 -20.715 -11.985
v -40.007 -20.808 -11.465
v -39.795 -28.829 -11.435
v -40.367 -28.692 -11.158
v -40.181 -28.929 -11.69
v -50.125 4.5042 -13.256
v -49.778 4.4117 -12.915
v -49.851 4.9408 -13.519
v -41.174 -27.044 -9.735
v -41.282 -27.074 -10.216
v -40.882 -27.669 -10.31
v -46.012 -17.222 -8.4464
v -45.903 -17.13 -7.6433
v -46.282 -16.465 -8.2595
v -46.806 -10.705 -3.7235
v -46.75 -11.243 -3.8857
v -46.555 -11.156 -3.2358
v -38.691 -23.812 -13.007
v -38.514 -23.723 -12.209
v -38.395 -24.146 -12.795
v -39.166 -22.901 -12.651
v -38.921 -23.097 -12.327
v -38.853 -23.353 -12.607
v -38.921 -23.097 -12.327
v -38.755 -23.318 -12.211
v -38.853 -23.353 -12.607
v -39.715 -26.954 -5.4546
v -39.566 -27.063 -5.8725
v -39.224 -26.598 -5.3443
v -38.15 -24.598 -13.146
v -38.395 -24.146 -12.795
v -37.984 -24.705 -12.529
v -49.976 1.9521 -10.876
v -49.896 2.7065 -10.888
v -50.024 2.605 -11.134
v -39.878 -26.644 -4.7449
v -40.13 -26.574 -5.1208
v -39.646 -26.809 -5.0927
v -49.896 2.7065 -10.888
v -49.976 1.9521 -10.876
v -49.828 2.2271 -10.152
v -40.569 -25.762 -4.7543
v -40.192 -26.293 -4.7831
v -40.426 -25.638 -4.2176
v -49.868 1.8209 -10.334
v -49.881 1.2923 -10.074
v -49.711 1.8467 -9.4889
v -49.711 1.8467 -9.4889
v -49.881 1.2923 -10.074
v -49.727 1.0993 -9.6143
v -44.915 -12.942 -17.262
v -44.906 -11.869 -17.152
v -44.514 -12.971 -16.981
v -40.007 -20.808 -11.465
v -40.188 -20.715 -11.985
v -40.443 -20.167 -11.721
v -37.356 -25.783 -13.067
v -37.246 -26.122 -14.29
v -37.761 -25.339 -13.773
v -49.559 0.0081717 -8.6863
v -49.617 0.80375 -8.8497
v -49.71 0.37367 -9.3462
v -49.151 -1.9872 -7.4341
v -49.197 -1.369 -7.4017
v -49.358 -1.2296 -8.0398
v -44.287 -21.109 -8.3043
v -43.858 -21.845 -8.2013
v -43.825 -21.716 -7.6644
v -39.638 -21.917 -12.333
v -39.822 -21.343 -11.981
v -39.587 -21.721 -11.721
v -49.151 -1.9872 -7.4341
v -49.154 -2.749 -7.6479
v -49.001 -2.5307 -6.893
v -49.358 -1.2296 -8.0398
v -49.355 -0.62448 -7.8578
v -49.559 0.0081717 -8.6863
v -46.983 -9.9089 -3.673
v -47.087 -9.2667 -3.4833
v -47.198 -9.5991 -4.1356
v -44.988 -7.9148 -12.926
v -44.708 -8.8633 -12.251
v -44.8 -8.7347 -12.954
v -49.001 -2.5307 -6.893
v -48.899 -3.3678 -6.7701
v -48.854 -2.8733 -6.3783
v -44.547 -9.7766 -12.451
v -44.708 -8.8633 -12.251
v -44.429 -9.8576 -11.985
v -42.872 -14.695 -11.279
v -42.967 -14.226 -11.092
v -42.61 -15.207 -10.917
v -39.504 -27.559 -6.6085
v -38.933 -27.113 -6.9827
v -39.233 -27.002 -6.4056
v -38.447 -26.902 -8.2684
v -38.648 -26.891 -7.4319
v -38.846 -27.736 -8.0404
v -48.411 -5.3557 -5.5355
v -48.17 -6.0914 -5.1817
v -48.134 -5.6614 -4.833
v -49.828 2.2271 -10.152
v -49.976 1.9521 -10.876
v -49.868 1.8209 -10.334
v -49.909 -4.7177 -11.87
v -49.72 -4.5505 -11.06
v -49.925 -3.9 -11.554
v -48.732 4.5869 -15.958
v -48.64 4.487 -16.964
v -49.357 4.6698 -15.92
v -38.921 -23.097 -12.327
v -39.166 -22.901 -12.651
v -39.296 -22.45 -12.216
v -44.128 -11.165 -12.074
v -44.37 -10.348 -11.985
v -44.146 -10.759 -11.522
v -46.377 -15.983 -7.8127
v -46.613 -15.266 -7.7068
v -46.448 -16.048 -8.1398
v -48.09 -11.485 -9.2051
v -47.877 -12.086 -8.871
v -48.002 -11.192 -8.3438
v -44.128 -11.165 -12.074
v -44.146 -10.759 -11.522
v -43.961 -11.358 -11.35
v -49.559 0.0081717 -8.6863
v -49.583 -0.70639 -9.0362
v -49.358 -1.2296 -8.0398
v -49.868 0.6299 -10.038
v -49.71 0.37367 -9.3462
v -49.727 1.0993 -9.6143
v -43.793 -11.838 -11.079
v -43.607 -12.447 -11.264
v -43.809 -12.188 -11.7
v -38.94 -23.379 -12.965
v -38.514 -23.723 -12.209
v -38.691 -23.812 -13.007
v -49.714 -5.2401 -11.137
v -49.72 -4.5505 -11.06
v -49.909 -4.7177 -11.87
v -47.914 -6.8406 -4.6583
v -48.17 -6.0914 -5.1817
v -48.101 -6.9114 -5.3322
v -38.514 -23.723 -12.209
v -38.94 -23.379 -12.965
v -38.853 -23.353 -12.607
v -42.41 -16.152 -11.281
v -42.61 -15.207 -10.917
v -42.359 -15.836 -10.693
v -48.699 -4.0787 -6.1528
v -48.899 -3.3678 -6.7701
v -48.887 -4.0154 -6.8785
v -43.282 -13.423 -11.319
v -43.537 -12.995 -11.74
v -43.607 -12.447 -11.264
v -42.872 -14.695 -11.279
v -42.61 -15.207 -10.917
v -42.684 -15.337 -11.558
v -43.793 -11.838 -11.079
v -43.809 -12.188 -11.7
v -43.961 -11.358 -11.35
v -42.359 -15.836 -10.693
v -42.072 -16.638 -10.883
v -42.41 -16.152 -11.281
v -41.139 -21.603 -16.519
v -41.666 -21.577 -16.791
v -41.125 -21.003 -16.352
v -41.544 -20.471 -16.561
v -41.125 -21.003 -16.352
v -41.666 -21.577 -16.791
v -42.327 -24.772 -8.4704
v -42.876 -23.909 -8.5612
v -42.876 -24.139 -9.1372
v -43.207 -23.064 -8.1532
v -43.644 -22.435 -8.415
v -43.451 -22.931 -8.659
v -50.077 3.1364 -11.773
v -49.912 3.217 -11.415
v -49.962 3.495 -11.788
v -47.593 -8.038 -4.3755
v -47.503 -9.1201 -4.6568
v -47.326 -8.72 -3.9095
v -44.547 -9.7766 -12.451
v -44.62 -9.5088 -12.698
v -44.708 -8.8633 -12.251
v -37.761 -25.339 -13.773
v -37.246 -26.122 -14.29
v -37.65 -25.601 -14.205
v -37.915 -27.167 -10.437
v -38.314 -27.655 -11.271
v -37.566 -27.005 -11.313
v -42.734 -21.025 -3.1502
v -42.777 -21.478 -3.8952
v -42.392 -21.637 -3.0387
v -37.35 -27.2 -12.766
v -37.69 -27.16 -11.863
v -37.731 -27.442 -12.458
v -39.878 -26.644 -4.7449
v -40.192 -26.293 -4.7831
v -40.13 -26.574 -5.1208
v -41.808 -26.036 -9.5997
v -41.603 -26.494 -9.9348
v -41.398 -26.604 -9.4364
v -48.332 -10.063 -8.6314
v -48.483 -9.7446 -9.1796
v -48.239 -10.636 -8.9322
v -38.696 -27.81 -8.7803
v -38.489 -27.595 -9.0815
v -38.447 -26.902 -8.2684
v -42.876 -24.139 -9.1372
v -42.465 -24.799 -9.0792
v -42.327 -24.772 -8.4704
v -41.277 -24.455 -4.5009
v -40.902 -24.856 -4.0355
v -41.448 -23.87 -3.9747
v -38.648 -26.891 -7.4319
v -39.099 -27.711 -7.3423
v -38.846 -27.736 -8.0404
v -40.426 -25.638 -4.2176
v -40.902 -24.856 -4.0355
v -41.027 -25.103 -4.9274
v -46.473 -11.677 -3.4791
v -46.57 -11.757 -3.7987
v -46.365 -12.023 -3.3561
v -48.238 -6.4573 -5.562
v -48.101 -6.9114 -5.3322
v -48.17 -6.0914 -5.1817
v -48.501 4.5694 -18.159
v -47.876 4.457 -18.27
v -48.546 4.0761 -18.38
v -48.546 4.0761 -18.38
v -47.596 4.2521 -18.332
v -48.228 2.6131 -18.334
v -47.596 4.2521 -18.332
v -47.51 2.6129 -18.217
v -48.228 2.6131 -18.334
v -45.935 -3.2024 -16.261
v -45.91 -2.5133 -15.409
v -45.811 -4.0698 -15.299
v -50.024 2.605 -11.134
v -49.896 2.7065 -10.888
v -49.912 3.217 -11.415
v -49.879 5.0039 -13.956
v -49.456 4.7743 -14.442
v -49.868 4.8053 -15.378
v -36.943 -27.127 -13.628
v -36.976 -27.071 -14.23
v -36.853 -26.653 -13.761
v -45.964 -1.901 -16.061
v -45.935 -3.2024 -16.261
v -46.337 -3.3832 -17.286
v -46.047 -1.5319 -16.471
v -46.337 -3.3832 -17.286
v -46.319 -0.72486 -17.097
v -45.3 -6.9516 -14.183
v -45.717 -4.3067 -14.264
v -45.457 -5.9006 -13.631
v -45.964 -1.901 -16.061
v -46.337 -3.3832 -17.286
v -46.047 -1.5319 -16.471
v -44.261 -17.68 -3.0315
v -43.724 -19.528 -3.8003
v -43.308 -19.685 -2.8985
v -44.37 -10.348 -11.985
v -44.547 -9.7766 -12.451
v -44.429 -9.8576 -11.985
v -48.654 4.5386 -17.646
v -49.075 4.5559 -17.271
v -48.64 4.487 -16.964
v -50.335 -2.3434 -13.349
v -50.234 -3.21 -13.224
v -50.146 -2.4301 -12.039
v -50.269 -2.0581 -12.754
v -50.335 -2.3434 -13.349
v -50.146 -2.4301 -12.039
v -49.312 -2.2668 -8.0669
v -49.151 -1.9872 -7.4341
v -49.358 -1.2296 -8.0398
v -49.976 1.9521 -10.876
v -49.881 1.2923 -10.074
v -49.868 1.8209 -10.334
v -37.35 -27.2 -12.766
v -36.943 -27.127 -13.628
v -37.033 -26.973 -12.922
v -50.167 4.2404 -12.967
v -49.778 4.4117 -12.915
v -50.125 4.5042 -13.256
v -43.97 -11.837 -12.277
v -44.128 -11.165 -12.074
v -43.961 -11.358 -11.35
v -38.15 -24.598 -13.146
v -37.875 -25.081 -13.147
v -38.196 -24.766 -13.734
v -38.196 -24.766 -13.734
v -37.875 -25.081 -13.147
v -37.761 -25.339 -13.773
v -49.382 -6.4164 -10.373
v -49.382 -6.99 -10.682
v -49.228 -7.1403 -10.056
v -39.625 -28.923 -12.897
v -39.255 -28.56 -12.359
v -39.717 -29.038 -12.699
v -47.593 -8.038 -4.3755
v -47.83 -7.5239 -4.7418
v -47.839 -8.0393 -5.1079
v -37.69 -27.16 -11.863
v -37.566 -27.005 -11.313
v -38.314 -27.655 -11.271
v -50.077 3.1364 -11.773
v -50.024 2.605 -11.134
v -49.912 3.217 -11.415
v -43.961 -11.358 -11.35
v -43.809 -12.188 -11.7
v -43.97 -11.837 -12.277
v -49.868 0.6299 -10.038
v -49.727 1.0993 -9.6143
v -49.881 1.2923 -10.074
v -47.198 -9.5991 -4.1356
v -47.326 -8.72 -3.9095
v -47.503 -9.1201 -4.6568
v -39.166 -22.901 -12.651
v -38.853 -23.353 -12.607
v -38.94 -23.379 -12.965
v -49.52 -5.8929 -10.792
v -49.382 -6.99 -10.682
v -49.382 -6.4164 -10.373
v -42.872 -14.695 -11.279
v -42.955 -14.68 -11.799
v -42.967 -14.226 -11.092
v -44.8 -8.7347 -12.954
v -45.038 -8.0488 -13.758
v -44.988 -7.9148 -12.926
v -46.983 -9.9089 -3.673
v -47.198 -9.5991 -4.1356
v -47.134 -10.377 -4.3407
v -38.696 -27.81 -8.7803
v -38.447 -26.902 -8.2684
v -38.846 -27.736 -8.0404
v -46.806 -10.705 -3.7235
v -46.983 -9.9089 -3.673
v -47.134 -10.377 -4.3407
v -50.403 -1.5071 -13.403
v -50.444 -1.695 -14.355
v -50.335 -2.3434 -13.349
v -39.166 -22.901 -12.651
v -39.508 -22.435 -12.915
v -39.296 -22.45 -12.216
v -38.323 -27.453 -16.474
v -38.695 -28.528 -16.279
v -38.879 -28.295 -16.39
v -46.977 -10.974 -4.4019
v -46.75 -11.243 -3.8857
v -46.806 -10.705 -3.7235
v -44.62 -9.5088 -12.698
v -44.8 -8.7347 -12.954
v -44.708 -8.8633 -12.251
v -38.933 -27.113 -6.9827
v -39.504 -27.559 -6.6085
v -39.099 -27.711 -7.3423
v -46.473 -11.677 -3.4791
v -46.555 -11.156 -3.2358
v -46.75 -11.243 -3.8857
v -39.618 -27.258 -6.183
v -39.233 -27.002 -6.4056
v -39.566 -27.063 -5.8725
v -42.967 -14.226 -11.092
v -43.216 -14.011 -11.862
v -43.282 -13.423 -11.319
v -46.57 -11.757 -3.7987
v -46.496 -12.263 -3.9569
v -46.365 -12.023 -3.3561
v -41.608 -17.571 -11.14
v -41.354 -18.101 -11.445
v -41.916 -17.186 -11.592
v -42.157 -16.709 -11.596
v -42.41 -16.152 -11.281
v -42.072 -16.638 -10.883
v -41.277 -24.455 -4.5009
v -41.027 -25.103 -4.9274
v -40.902 -24.856 -4.0355
v -40.063 -25.594 -16.744
v -38.915 -26.024 -16.41
v -39.458 -26.579 -16.816
v -39.369 -24.846 -16.382
v -38.915 -26.024 -16.41
v -40.063 -25.594 -16.744
v -40.036 -26.947 -5.6516
v -39.646 -26.809 -5.0927
v -40.13 -26.574 -5.1208
v -41.916 -17.186 -11.592
v -42.157 -16.709 -11.596
v -42.072 -16.638 -10.883
v -39.646 -26.809 -5.0927
v -40.036 -26.947 -5.6516
v -39.715 -26.954 -5.4546
v -41.801 -22.786 -3.2367
v -42.254 -22.098 -3.3612
v -42.323 -22.362 -3.9759
v -40.443 -20.167 -11.721
v -40.779 -19.637 -12.284
v -40.718 -19.495 -11.605
v -42.072 -16.638 -10.883
v -41.608 -17.571 -11.14
v -41.916 -17.186 -11.592
v -42.323 -22.362 -3.9759
v -42.044 -22.973 -4.0651
v -41.801 -22.786 -3.2367
v -44.37 -10.348 -11.985
v -44.345 -10.694 -12.505
v -44.547 -9.7766 -12.451
v -42.955 -14.68 -11.799
v -43.216 -14.011 -11.862
v -42.967 -14.226 -11.092
v -38.691 -23.812 -13.007
v -38.395 -24.146 -12.795
v -38.614 -24.111 -13.638
v -48.607 -1.4852 -18.135
v -48.254 -3.1928 -18.111
v -49.093 -2.1498 -17.889
v -48.411 -5.3557 -5.5355
v -48.426 -6.2365 -6.1101
v -48.17 -6.0914 -5.1817
v -50.502 0.57255 -14.753
v -50.387 -0.058347 -16.212
v -50.53 -0.1553 -14.716
v -48.238 -6.4573 -5.562
v -48.17 -6.0914 -5.1817
v -48.426 -6.2365 -6.1101
v -46.783 -7.2484 -17.894
v -47.125 -6.1876 -17.987
v -46.376 -6.7756 -17.675
v -50.417 0.91692 -16.065
v -50.387 -0.058347 -16.212
v -50.502 0.57255 -14.753
v -44.128 -11.165 -12.074
v -44.345 -10.694 -12.505
v -44.37 -10.348 -11.985
v -41.384 -22.117 -16.793
v -41.139 -21.603 -16.519
v -40.453 -22.237 -16.22
v -39.508 -22.435 -12.915
v -39.638 -21.917 -12.333
v -39.296 -22.45 -12.216
v -37.475 -27.473 -13.443
v -36.943 -27.127 -13.628
v -37.35 -27.2 -12.766
v -50.33 0.2613 -16.48
v -50.387 -0.058347 -16.212
v -50.417 0.91692 -16.065
v -38.614 -24.111 -13.638
v -38.395 -24.146 -12.795
v -38.15 -24.598 -13.146
v -50.125 4.5042 -13.256
v -49.851 4.9408 -13.519
v -50.279 4.5638 -13.589
v -50.201 1.065 -16.815
v -50.33 0.2613 -16.48
v -50.417 0.91692 -16.065
v -42.41 -16.152 -11.281
v -42.684 -15.337 -11.558
v -42.61 -15.207 -10.917
v -47.914 -6.8406 -4.6583
v -48.101 -6.9114 -5.3322
v -47.83 -7.5239 -4.7418
v -38.695 -28.528 -16.279
v -38.425 -28.472 -15.793
v -39.114 -28.971 -15.813
v -48.899 -3.3678 -6.7701
v -49.001 -2.5307 -6.893
v -49.07 -3.5974 -7.4031
v -48.887 -4.0154 -6.8785
v -48.899 -3.3678 -6.7701
v -49.07 -3.5974 -7.4031
v -37.65 -25.601 -14.205
v -37.246 -26.122 -14.29
v -37.665 -25.696 -14.661
v -40.188 -20.715 -11.985
v -39.822 -21.343 -11.981
v -40.127 -21.183 -12.838
v -48.799 -4.8962 -6.8979
v -48.699 -4.0787 -6.1528
v -48.887 -4.0154 -6.8785
v -39.822 -21.343 -11.981
v -39.638 -21.917 -12.333
v -39.854 -21.811 -13.003
v -41.916 -17.186 -11.592
v -41.354 -18.101 -11.445
v -41.486 -18.121 -12.033
v -49.151 -1.9872 -7.4341
v -49.312 -2.2668 -8.0669
v -49.154 -2.749 -7.6479
v -41.119 -18.756 -11.75
v -41.486 -18.121 -12.033
v -41.354 -18.101 -11.445
v -43.809 -12.188 -11.7
v -43.607 -12.447 -11.264
v -43.734 -12.558 -12.275
v -43.607 -12.447 -11.264
v -43.537 -12.995 -11.74
v -43.734 -12.558 -12.275
v -43.734 -12.558 -12.275
v -43.537 -12.995 -11.74
v -43.496 -13.223 -12.251
v -47.134 -10.377 -4.3407
v -46.977 -10.974 -4.4019
v -46.806 -10.705 -3.7235
v -49.154 -2.749 -7.6479
v -49.07 -3.5974 -7.4031
v -49.001 -2.5307 -6.893
v -40.442 -20.446 -12.446
v -40.779 -19.637 -12.284
v -40.443 -20.167 -11.721
v -39.233 -27.002 -6.4056
v -39.618 -27.258 -6.183
v -39.504 -27.559 -6.6085
v -45.151 -7.4315 -13.49
v -45.3 -6.9516 -14.183
v -45.263 -6.8708 -13.312
v -40.443 -20.167 -11.721
v -40.188 -20.715 -11.985
v -40.442 -20.446 -12.446
v -43.216 -14.011 -11.862
v -43.496 -13.223 -12.251
v -43.282 -13.423 -11.319
v -46.75 -11.243 -3.8857
v -46.57 -11.757 -3.7987
v -46.473 -11.677 -3.4791
v -48.854 -8.2642 -9.2884
v -48.918 -8.5821 -9.8851
v -48.666 -9.0688 -9.2582
v -43.068 -16.071 -16.436
v -42.829 -16.848 -16.39
v -43.394 -17.101 -16.965
v -45.038 -8.0488 -13.758
v -45.151 -7.4315 -13.49
v -44.988 -7.9148 -12.926
v -41.115 -19.037 -12.475
v -40.718 -19.495 -11.605
v -40.779 -19.637 -12.284
v -40.718 -19.495 -11.605
v -41.115 -19.037 -12.475
v -41.119 -18.756 -11.75
v -42.684 -15.337 -11.558
v -42.955 -14.68 -11.799
v -42.872 -14.695 -11.279
v -49.358 -1.2296 -8.0398
v -49.583 -0.70639 -9.0362
v -49.555 -1.2066 -8.9092
v -41.027 -25.103 -4.9274
v -40.569 -25.762 -4.7543
v -40.426 -25.638 -4.2176
v -42.777 -21.478 -3.8952
v -42.254 -22.098 -3.3612
v -42.392 -21.637 -3.0387
v -44.62 -9.5088 -12.698
v -44.802 -9.0647 -13.454
v -44.8 -8.7347 -12.954
v -46.496 -12.263 -3.9569
v -46.149 -12.428 -3.0353
v -46.365 -12.023 -3.3561
v -37.219 -26.534 -15.089
v -37.246 -26.122 -14.29
v -36.853 -26.653 -13.761
v -44.968 -15.695 -2.7552
v -44.985 -16.258 -3.6337
v -44.304 -17.052 -2.4319
v -46.887 2.2374 -17.844
v -46.759 0.040923 -17.634
v -47.466 0.16456 -18.108
v -50.403 -1.5071 -13.403
v -50.398 -0.74587 -13.352
v -50.478 -0.89954 -14.3
v -44.985 -16.258 -3.6337
v -44.817 -17.463 -4.1997
v -44.304 -17.052 -2.4319
v -45.563 -5.9478 -15.548
v -45.811 -4.0698 -15.299
v -45.717 -4.3067 -14.264
v -44.304 -17.052 -2.4319
v -44.817 -17.463 -4.1997
v -44.261 -17.68 -3.0315
v -45.3 -6.9516 -14.183
v -45.563 -5.9478 -15.548
v -45.717 -4.3067 -14.264
v -45.3 -6.9516 -14.183
v -45.457 -5.9006 -13.631
v -45.263 -6.8708 -13.312
v -46.888 -14.398 -7.778
v -46.844 -14.958 -8.2411
v -46.613 -15.266 -7.7068
v -49.962 3.495 -11.788
v -50.052 3.8492 -12.355
v -50.204 3.5716 -12.323
v -49.456 4.7743 -14.442
v -49.155 4.7125 -15.119
v -49.868 4.8053 -15.378
v -49.851 4.9408 -13.519
v -49.879 5.0039 -13.956
v -50.276 4.8223 -14.022
v -50.204 3.5716 -12.323
v -50.077 3.1364 -11.773
v -49.962 3.495 -11.788
v -50.279 4.5638 -13.589
v -49.851 4.9408 -13.519
v -50.276 4.8223 -14.022
v -49.357 4.6698 -15.92
v -48.64 4.487 -16.964
v -49.075 4.5559 -17.271
v -44.128 -11.165 -12.074
v -44.18 -11.322 -12.718
v -44.345 -10.694 -12.505
v -48.426 -6.2365 -6.1101
v -48.411 -5.3557 -5.5355
v -48.527 -5.1084 -5.8821
v -49.868 4.8053 -15.378
v -49.155 4.7125 -15.119
v -49.357 4.6698 -15.92
v -50.167 4.2404 -12.967
v -50.125 4.5042 -13.256
v -50.279 4.5638 -13.589
v -43.688 -15.118 -16.743
v -44.31 -14.377 -17.071
v -43.842 -14.302 -16.669
v -43.97 -11.837 -12.277
v -44.18 -11.322 -12.718
v -44.128 -11.165 -12.074
v -50.052 3.8492 -12.355
v -50.167 4.2404 -12.967
v -50.229 3.814 -12.789
v -50.204 3.5716 -12.323
v -50.052 3.8492 -12.355
v -50.229 3.814 -12.789
v -38.196 -24.766 -13.734
v -38.614 -24.111 -13.638
v -38.15 -24.598 -13.146
v -41.398 -26.604 -9.4364
v -41.282 -27.074 -10.216
v -41.174 -27.044 -9.735
v -47.839 -8.0393 -5.1079
v -47.706 -8.7854 -5.1627
v -47.593 -8.038 -4.3755
v -40.442 -20.446 -12.446
v -40.188 -20.715 -11.985
v -40.127 -21.183 -12.838
v -47.593 -8.038 -4.3755
v -47.706 -8.7854 -5.1627
v -47.503 -9.1201 -4.6568
v -43.825 -21.716 -7.6644
v -44.394 -20.721 -7.9989
v -44.287 -21.109 -8.3043
v -43.734 -12.558 -12.275
v -43.97 -11.837 -12.277
v -43.809 -12.188 -11.7
v -42.175 -25.337 -9.2763
v -41.808 -26.036 -9.5997
v -41.618 -26.111 -9.0549
v -39.854 -21.811 -13.003
v -40.127 -21.183 -12.838
v -39.822 -21.343 -11.981
v -49.868 0.6299 -10.038
v -49.881 1.2923 -10.074
v -49.975 1.0821 -10.558
v -46.888 -14.398 -7.778
v -47.065 -13.853 -7.6684
v -47.282 -13.584 -8.2253
v -47.31 -10.124 -4.7539
v -47.198 -9.5991 -4.1356
v -47.503 -9.1201 -4.6568
v -47.31 -10.124 -4.7539
v -47.134 -10.377 -4.3407
v -47.198 -9.5991 -4.1356
v -44.613 -9.6592 -13.159
v -44.802 -9.0647 -13.454
v -44.62 -9.5088 -12.698
v -38.94 -23.379 -12.965
v -39.127 -23.11 -13.394
v -39.166 -22.901 -12.651
v -43.496 -13.223 -12.251
v -43.537 -12.995 -11.74
v -43.282 -13.423 -11.319
v -49.71 0.37367 -9.3462
v -49.734 -0.214 -9.3413
v -49.559 0.0081717 -8.6863
v -44.62 -9.5088 -12.698
v -44.547 -9.7766 -12.451
v -44.613 -9.6592 -13.159
v -49.583 -0.70639 -9.0362
v -49.559 0.0081717 -8.6863
v -49.734 -0.214 -9.3413
v -44.362 -10.468 -13.009
v -44.613 -9.6592 -13.159
v -44.547 -9.7766 -12.451
v -41.486 -18.121 -12.033
v -41.119 -18.756 -11.75
v -41.439 -18.385 -12.619
v -48.699 -4.0787 -6.1528
v -48.799 -4.8962 -6.8979
v -48.527 -5.1084 -5.8821
v -44.345 -10.694 -12.505
v -44.362 -10.468 -13.009
v -44.547 -9.7766 -12.451
v -42.777 -21.478 -3.8952
v -42.323 -22.362 -3.9759
v -42.254 -22.098 -3.3612
v -41.916 -17.186 -11.592
v -41.486 -18.121 -12.033
v -41.927 -17.302 -12.182
v -46.282 -16.465 -8.2595
v -46.284 -15.852 -7.149
v -46.377 -15.983 -7.8127
v -41.115 -19.037 -12.475
v -41.439 -18.385 -12.619
v -41.119 -18.756 -11.75
v -45.722 -10.37 -17.561
v -46.106 -9.2339 -17.602
v -45.177 -10.357 -17.102
v -39.566 -27.063 -5.8725
v -39.715 -26.954 -5.4546
v -40.036 -26.947 -5.6516
v -42.876 -23.909 -8.5612
v -43.207 -23.064 -8.1532
v -43.451 -22.931 -8.659
v -41.448 -23.87 -3.9747
v -41.691 -23.434 -3.9092
v -41.843 -23.598 -4.5855
v -41.843 -23.598 -4.5855
v -41.277 -24.455 -4.5009
v -41.448 -23.87 -3.9747
v -40.519 -26.199 -5.538
v -40.13 -26.574 -5.1208
v -40.192 -26.293 -4.7831
v -47.724 -11.908 -8.0263
v -47.877 -12.086 -8.871
v -47.52 -12.57 -7.9553
v -43.216 -14.011 -11.862
v -42.955 -14.68 -11.799
v -43.081 -14.46 -12.242
v -44.345 -10.694 -12.505
v -44.18 -11.322 -12.718
v -44.362 -10.468 -13.009
v -50.279 4.5638 -13.589
v -50.359 3.9035 -13.498
v -50.167 4.2404 -12.967
v -40.695 -28.091 -10.725
v -40.131 -28.686 -10.243
v -40.529 -27.917 -9.597
v -42.748 -15.383 -12.075
v -42.955 -14.68 -11.799
v -42.684 -15.337 -11.558
v -41.927 -17.302 -12.182
v -42.157 -16.709 -11.596
v -41.916 -17.186 -11.592
v -38.94 -23.379 -12.965
v -38.691 -23.812 -13.007
v -38.869 -23.625 -13.569
v -38.869 -23.625 -13.569
v -39.127 -23.11 -13.394
v -38.94 -23.379 -12.965
v -42.684 -15.337 -11.558
v -42.541 -15.972 -12.048
v -42.748 -15.383 -12.075
v -38.614 -24.111 -13.638
v -38.869 -23.625 -13.569
v -38.691 -23.812 -13.007
v -50.188 2.3552 -12.129
v -50.077 3.1364 -11.773
v -50.204 3.5716 -12.323
v -45.244 -7.3035 -14.51
v -45.3 -6.9516 -14.183
v -45.151 -7.4315 -13.49
v -38.196 -24.766 -13.734
v -38.49 -24.351 -14.145
v -38.614 -24.111 -13.638
v -48.002 -11.192 -8.3438
v -47.877 -12.086 -8.871
v -47.724 -11.908 -8.0263
v -45.038 -8.0488 -13.758
v -45.244 -7.3035 -14.51
v -45.151 -7.4315 -13.49
v -42.684 -15.337 -11.558
v -42.41 -16.152 -11.281
v -42.541 -15.972 -12.048
v -42.157 -16.709 -11.596
v -42.541 -15.972 -12.048
v -42.41 -16.152 -11.281
v -37.761 -25.339 -13.773
v -37.995 -25.138 -14.447
v -38.196 -24.766 -13.734
v -39.579 -28.763 -11.897
v -39.899 -28.998 -11.862
v -39.891 -29.056 -12.318
v -45.038 -8.0488 -13.758
v -44.8 -8.7347 -12.954
v -44.802 -9.0647 -13.454
v -49.975 1.0821 -10.558
v -49.881 1.2923 -10.074
v -49.976 1.9521 -10.876
v -39.255 -28.56 -12.359
v -39.579 -28.763 -11.897
v -39.891 -29.056 -12.318
v -39.891 -29.056 -12.318
v -39.717 -29.038 -12.699
v -39.255 -28.56 -12.359
v -48.101 -6.9114 -5.3322
v -48.169 -7.5137 -5.9396
v -47.83 -7.5239 -4.7418
v -41.981 -19.937 -16.749
v -42.458 -18.99 -16.8
v -42.026 -19.026 -16.418
v -47.839 -8.0393 -5.1079
v -47.83 -7.5239 -4.7418
v -48.169 -7.5137 -5.9396
v -39.428 -28.777 -13.105
v -39.255 -28.56 -12.359
v -39.625 -28.923 -12.897
v -39.854 -21.811 -13.003
v -39.638 -21.917 -12.333
v -39.508 -22.435 -12.915
v -49.555 -1.2066 -8.9092
v -49.495 -2.0934 -8.6625
v -49.358 -1.2296 -8.0398
v -39.166 -22.901 -12.651
v -39.127 -23.11 -13.394
v -39.508 -22.435 -12.915
v -49.312 -2.2668 -8.0669
v -49.358 -1.2296 -8.0398
v -49.495 -2.0934 -8.6625
v -37.665 -25.696 -14.661
v -37.246 -26.122 -14.29
v -37.219 -26.534 -15.089
v -42.758 -17.747 -16.674
v -42.404 -18.093 -16.516
v -42.458 -18.99 -16.8
v -50.201 1.065 -16.815
v -49.95 -0.010987 -17.203
v -50.33 0.2613 -16.48
v -42.734 -21.025 -3.1502
v -43.17 -20.978 -4.3542
v -42.777 -21.478 -3.8952
v -40.192 -26.293 -4.7831
v -40.569 -25.762 -4.7543
v -40.687 -25.809 -5.3521
v -37.65 -25.601 -14.205
v -37.995 -25.138 -14.447
v -37.761 -25.339 -13.773
v -38.218 -27.231 -9.8807
v -38.312 -27.341 -9.4956
v -38.561 -27.641 -9.8516
v -39.566 -27.063 -5.8725
v -40.036 -26.947 -5.6516
v -39.872 -27.232 -6.1513
v -38.489 -27.595 -9.0815
v -38.561 -27.641 -9.8516
v -38.312 -27.341 -9.4956
v -48.09 -11.485 -9.2051
v -48.002 -11.192 -8.3438
v -48.239 -10.636 -8.9322
v -40.687 -25.809 -5.3521
v -40.519 -26.199 -5.538
v -40.192 -26.293 -4.7831
v -46.57 -11.757 -3.7987
v -46.75 -11.243 -3.8857
v -46.776 -11.568 -4.3246
v -45.404 -16.106 -4.3669
v -44.985 -16.258 -3.6337
v -44.968 -15.695 -2.7552
v -46.977 -10.974 -4.4019
v -46.776 -11.568 -4.3246
v -46.75 -11.243 -3.8857
v -39.618 -27.258 -6.183
v -39.566 -27.063 -5.8725
v -39.872 -27.232 -6.1513
v -37.219 -26.534 -15.089
v -36.853 -26.653 -13.761
v -37.136 -27.179 -15.144
v -36.853 -26.653 -13.761
v -36.976 -27.071 -14.23
v -37.136 -27.179 -15.144
v -37.136 -27.179 -15.144
v -36.976 -27.071 -14.23
v -37.164 -27.314 -14.568
v -48.501 4.5694 -18.159
v -48.546 4.0761 -18.38
v -48.848 4.4598 -18.072
v -48.654 4.5386 -17.646
v -48.501 4.5694 -18.159
v -48.848 4.4598 -18.072
v -49.075 4.5559 -17.271
v -48.654 4.5386 -17.646
v -48.848 4.4598 -18.072
v -37.353 -27.458 -14.058
v -37.164 -27.314 -14.568
v -36.976 -27.071 -14.23
v -47.51 2.6129 -18.217
v -46.887 2.2374 -17.844
v -47.804 1.1908 -18.218
v -45.732 -14.421 -3.788
v -46.149 -12.428 -3.0353
v -46.496 -12.263 -3.9569
v -36.943 -27.127 -13.628
v -37.353 -27.458 -14.058
v -36.976 -27.071 -14.23
v -40.882 -27.669 -10.31
v -40.529 -27.917 -9.597
v -41.174 -27.044 -9.735
v -46.759 0.040923 -17.634
v -46.319 -0.72486 -17.097
v -46.818 -2.6276 -17.728
v -40.529 -27.917 -9.597
v -40.761 -27.373 -9.0622
v -41.174 -27.044 -9.735
v -39.795 -28.829 -11.435
v -39.835 -28.789 -11.121
v -40.367 -28.692 -11.158
v -49.879 5.0039 -13.956
v -49.868 4.8053 -15.378
v -50.239 4.8157 -14.787
v -46.337 -3.3832 -17.286
v -46.818 -2.6276 -17.728
v -46.319 -0.72486 -17.097
v -50.276 4.8223 -14.022
v -49.879 5.0039 -13.956
v -50.239 4.8157 -14.787
v -40.367 -28.692 -11.158
v -39.823 -28.798 -10.786
v -40.268 -28.674 -10.728
v -50.077 3.1364 -11.773
v -50.188 2.3552 -12.129
v -50.024 2.605 -11.134
v -39.835 -28.789 -11.121
v -39.823 -28.798 -10.786
v -40.367 -28.692 -11.158
v -48.002 -11.192 -8.3438
v -48.332 -10.063 -8.6314
v -48.239 -10.636 -8.9322
v -44.968 -15.695 -2.7552
v -45.732 -14.421 -3.788
v -45.404 -16.106 -4.3669
v -45.909 -5.1996 -16.713
v -46.337 -3.3832 -17.286
v -45.935 -3.2024 -16.261
v -44.817 -17.463 -4.1997
v -43.724 -19.528 -3.8003
v -44.261 -17.68 -3.0315
v -43.724 -19.528 -3.8003
v -43.17 -20.978 -4.3542
v -43.308 -19.685 -2.8985
v -42.734 -21.025 -3.1502
v -43.308 -19.685 -2.8985
v -43.17 -20.978 -4.3542
v -49.086 -7.7643 -9.8599
v -48.918 -8.5821 -9.8851
v -48.854 -8.2642 -9.2884
v -50.229 3.814 -12.789
v -50.167 4.2404 -12.967
v -50.359 3.9035 -13.498
v -49.868 0.6299 -10.038
v -49.919 0.10708 -10.402
v -49.71 0.37367 -9.3462
v -40.779 -19.637 -12.284
v -40.442 -20.446 -12.446
v -40.959 -19.685 -12.939
v -50.35 3.2524 -13.24
v -50.204 3.5716 -12.323
v -50.229 3.814 -12.789
v -49.07 -3.5974 -7.4031
v -49.154 -2.749 -7.6479
v -49.166 -3.2834 -7.8495
v -48.666 -9.0688 -9.2582
v -48.483 -9.7446 -9.1796
v -48.485 -9.2771 -8.5456
v -48.887 -4.0154 -6.8785
v -49.07 -3.5974 -7.4031
v -48.967 -4.1107 -7.3781
v -50.188 2.3552 -12.129
v -50.12 1.9065 -11.561
v -50.024 2.605 -11.134
v -42.465 -24.799 -9.0792
v -42.175 -25.337 -9.2763
v -41.823 -25.651 -8.5498
v -44.826 -9.0682 -13.899
v -45.038 -8.0488 -13.758
v -44.802 -9.0647 -13.454
v -50.024 2.605 -11.134
v -50.12 1.9065 -11.561
v -49.976 1.9521 -10.876
v -45.136 -7.8006 -14.849
v -45.244 -7.3035 -14.51
v -45.038 -8.0488 -13.758
v -48.485 -9.2771 -8.5456
v -48.483 -9.7446 -9.1796
v -48.332 -10.063 -8.6314
v -48.799 -4.8962 -6.8979
v -48.887 -4.0154 -6.8785
v -48.967 -4.1107 -7.3781
v -50.146 -2.4301 -12.039
v -50.073 -3.7333 -12.333
v -49.99 -3.3056 -11.697
v -48.527 -5.1084 -5.8821
v -48.592 -5.8841 -6.5042
v -48.426 -6.2365 -6.1101
v -48.735 -5.4955 -6.8919
v -48.527 -5.1084 -5.8821
v -48.799 -4.8962 -6.8979
v -39.127 -23.11 -13.394
v -39.466 -22.633 -13.468
v -39.508 -22.435 -12.915
v -43.968 -12.158 -13.11
v -43.97 -11.837 -12.277
v -43.734 -12.558 -12.275
v -44.61 -9.7195 -13.882
v -44.613 -9.6592 -13.159
v -44.516 -10.185 -13.603
v -48.247 -6.8442 -5.8339
v -48.238 -6.4573 -5.562
v -48.426 -6.2365 -6.1101
v -37.995 -25.138 -14.447
v -37.65 -25.601 -14.205
v -37.665 -25.696 -14.661
v -44.362 -10.468 -13.009
v -44.516 -10.185 -13.603
v -44.613 -9.6592 -13.159
v -48.101 -6.9114 -5.3322
v -48.238 -6.4573 -5.562
v -48.247 -6.8442 -5.8339
v -43.216 -14.011 -11.862
v -43.284 -13.91 -12.57
v -43.496 -13.223 -12.251
v -43.284 -13.91 -12.57
v -43.216 -14.011 -11.862
v -43.081 -14.46 -12.242
v -37.475 -27.473 -13.443
v -37.35 -27.2 -12.766
v -37.838 -27.664 -13.076
v -49.714 -5.2401 -11.137
v -49.52 -5.8929 -10.792
v -49.522 -5.1285 -10.296
v -50.449 -0.16155 -14.077
v -50.53 -0.1553 -14.716
v -50.478 -0.89954 -14.3
v -41.115 -19.037 -12.475
v -40.779 -19.637 -12.284
v -40.959 -19.685 -12.939
v -39.504 -27.559 -6.6085
v -39.618 -27.258 -6.183
v -39.872 -27.232 -6.1513
v -38.196 -24.766 -13.734
v -38.274 -24.722 -14.283
v -38.49 -24.351 -14.145
v -48.527 -5.1084 -5.8821
v -48.735 -5.4955 -6.8919
v -48.592 -5.8841 -6.5042
v -38.196 -24.766 -13.734
v -37.995 -25.138 -14.447
v -38.274 -24.722 -14.283
v -42.368 -22.677 -4.5167
v -42.044 -22.973 -4.0651
v -42.323 -22.362 -3.9759
v -42.044 -22.973 -4.0651
v -42.129 -23.261 -4.9686
v -41.691 -23.434 -3.9092
v -40.519 -26.199 -5.538
v -40.036 -26.947 -5.6516
v -40.13 -26.574 -5.1208
v -49.311 -2.9871 -8.406
v -49.154 -2.749 -7.6479
v -49.312 -2.2668 -8.0669
v -38.769 -28.679 -15.212
v -39.114 -28.971 -15.813
v -38.425 -28.472 -15.793
v -49.154 -2.749 -7.6479
v -49.311 -2.9871 -8.406
v -49.166 -3.2834 -7.8495
v -43.081 -14.46 -12.242
v -42.955 -14.68 -11.799
v -42.934 -14.881 -12.515
v -50.35 3.2524 -13.24
v -50.229 3.814 -12.789
v -50.359 3.9035 -13.498
v -45.283 -7.2366 -15.131
v -45.563 -5.9478 -15.548
v -45.3 -6.9516 -14.183
v -42.748 -15.383 -12.075
v -42.934 -14.881 -12.515
v -42.955 -14.68 -11.799
v -45.244 -7.3035 -14.51
v -45.283 -7.2366 -15.131
v -45.3 -6.9516 -14.183
v -45.283 -7.2366 -15.131
v -45.244 -7.3035 -14.51
v -45.136 -7.8006 -14.849
v -40.593 -20.325 -13.023
v -40.959 -19.685 -12.939
v -40.442 -20.446 -12.446
v -48.169 -7.5137 -5.9396
v -48.101 -6.9114 -5.3322
v -48.247 -6.8442 -5.8339
v -50.291 2.7477 -12.744
v -50.204 3.5716 -12.323
v -50.35 3.2524 -13.24
v -50.188 2.3552 -12.129
v -50.204 3.5716 -12.323
v -50.291 2.7477 -12.744
v -44.986 -8.4201 -14.248
v -45.136 -7.8006 -14.849
v -45.038 -8.0488 -13.758
v -42.129 -23.261 -4.9686
v -41.843 -23.598 -4.5855
v -41.691 -23.434 -3.9092
v -43.207 -23.064 -8.1532
v -43.445 -22.396 -7.7623
v -43.644 -22.435 -8.415
v -44.826 -9.0682 -13.899
v -44.986 -8.4201 -14.248
v -45.038 -8.0488 -13.758
v -50.105 1.4615 -11.109
v -49.975 1.0821 -10.558
v -49.976 1.9521 -10.876
v -44.18 -11.322 -12.718
v -43.97 -11.837 -12.277
v -43.968 -12.158 -13.11
v -41.439 -18.385 -12.619
v -41.935 -17.491 -12.866
v -41.927 -17.302 -12.182
v -41.927 -17.302 -12.182
v -41.486 -18.121 -12.033
v -41.439 -18.385 -12.619
v -44.61 -9.7195 -13.882
v -44.826 -9.0682 -13.899
v -44.802 -9.0647 -13.454
v -49.925 -3.9 -11.554
v -49.99 -3.3056 -11.697
v -50.073 -3.7333 -12.333
v -43.754 -12.713 -12.774
v -43.968 -12.158 -13.11
v -43.734 -12.558 -12.275
v -40.687 -25.809 -5.3521
v -40.569 -25.762 -4.7543
v -41.027 -25.103 -4.9274
v -44.802 -9.0647 -13.454
v -44.613 -9.6592 -13.159
v -44.61 -9.7195 -13.882
v -43.496 -13.223 -12.251
v -43.754 -12.713 -12.774
v -43.734 -12.558 -12.275
v -45.177 -10.357 -17.102
v -45.217 -11.271 -17.347
v -45.722 -10.37 -17.561
v -42.541 -15.972 -12.048
v -42.157 -16.709 -11.596
v -42.299 -16.673 -12.36
v -42.157 -16.709 -11.596
v -41.927 -17.302 -12.182
v -42.299 -16.673 -12.36
v -49.919 0.10708 -10.402
v -49.734 -0.214 -9.3413
v -49.71 0.37367 -9.3462
v -41.618 -26.111 -9.0549
v -41.808 -26.036 -9.5997
v -41.398 -26.604 -9.4364
v -41.843 -23.598 -4.5855
v -41.828 -23.937 -5.1978
v -41.277 -24.455 -4.5009
v -44.352 -10.837 -13.499
v -44.516 -10.185 -13.603
v -44.362 -10.468 -13.009
v -41.502 -24.59 -5.328
v -41.027 -25.103 -4.9274
v -41.277 -24.455 -4.5009
v -44.352 -10.837 -13.499
v -44.362 -10.468 -13.009
v -44.18 -11.322 -12.718
v -39.466 -22.633 -13.468
v -39.854 -21.811 -13.003
v -39.508 -22.435 -12.915
v -39.079 -23.438 -14.15
v -39.127 -23.11 -13.394
v -38.869 -23.625 -13.569
v -38.82 -23.868 -14.046
v -39.079 -23.438 -14.15
v -38.869 -23.625 -13.569
v -37.475 -27.473 -13.443
v -37.353 -27.458 -14.058
v -36.943 -27.127 -13.628
v -38.614 -24.111 -13.638
v -38.82 -23.868 -14.046
v -38.869 -23.625 -13.569
v -38.314 -27.655 -11.271
v -37.915 -27.167 -10.437
v -38.665 -27.651 -10.574
v -37.915 -27.167 -10.437
v -38.218 -27.231 -9.8807
v -38.665 -27.651 -10.574
v -37.838 -27.664 -13.076
v -37.35 -27.2 -12.766
v -37.731 -27.442 -12.458
v -38.561 -27.641 -9.8516
v -38.489 -27.595 -9.0815
v -38.947 -28.137 -9.5778
v -50.403 -1.5071 -13.403
v -50.335 -2.3434 -13.349
v -50.269 -2.0581 -12.754
v -49.093 -2.1498 -17.889
v -49.165 0.050719 -17.983
v -48.607 -1.4852 -18.135
v -43.858 -21.845 -8.2013
v -43.644 -22.435 -8.415
v -43.825 -21.716 -7.6644
v -43.825 -21.716 -7.6644
v -43.644 -22.435 -8.415
v -43.445 -22.396 -7.7623
v -39.099 -27.711 -7.3423
v -39.504 -27.559 -6.6085
v -39.53 -27.81 -6.8878
v -46.776 -11.568 -4.3246
v -46.891 -11.831 -4.8272
v -46.496 -12.263 -3.9569
v -46.57 -11.757 -3.7987
v -46.776 -11.568 -4.3246
v -46.496 -12.263 -3.9569
v -49.075 4.5559 -17.271
v -48.848 4.4598 -18.072
v -49.287 4.3683 -17.625
v -48.228 2.6131 -18.334
v -47.51 2.6129 -18.217
v -47.804 1.1908 -18.218
v -49.868 4.8053 -15.378
v -49.357 4.6698 -15.92
v -50.023 4.7106 -15.858
v -50.276 4.8223 -14.022
v -50.239 4.8157 -14.787
v -50.357 4.5788 -14.422
v -45.811 -4.0698 -15.299
v -45.909 -5.1996 -16.713
v -45.935 -3.2024 -16.261
v -50.276 4.8223 -14.022
v -50.357 4.5788 -14.422
v -50.279 4.5638 -13.589
v -45.563 -5.9478 -15.548
v -45.909 -5.1996 -16.713
v -45.811 -4.0698 -15.299
v -43.422 -13.861 -13.196
v -43.754 -12.713 -12.774
v -43.496 -13.223 -12.251
v -47.065 -13.853 -7.6684
v -47.353 -13.146 -7.9025
v -47.282 -13.584 -8.2253
v -43.284 -13.91 -12.57
v -43.422 -13.861 -13.196
v -43.496 -13.223 -12.251
v -39.872 -27.232 -6.1513
v -39.925 -27.52 -6.6508
v -39.504 -27.559 -6.6085
v -46.442 -15.603 -7.4855
v -46.377 -15.983 -7.8127
v -46.284 -15.852 -7.149
v -40.127 -21.183 -12.838
v -40.378 -20.909 -13.472
v -40.442 -20.446 -12.446
v -39.962 -21.696 -13.612
v -40.127 -21.183 -12.838
v -39.854 -21.811 -13.003
v -44.13 -11.709 -13.658
v -44.352 -10.837 -13.499
v -44.18 -11.322 -12.718
v -42.934 -14.881 -12.515
v -43.284 -13.91 -12.57
v -43.081 -14.46 -12.242
v -43.968 -12.158 -13.11
v -44.13 -11.709 -13.658
v -44.18 -11.322 -12.718
v -40.593 -20.325 -13.023
v -40.442 -20.446 -12.446
v -40.378 -20.909 -13.472
v -46.377 -15.983 -7.8127
v -46.442 -15.603 -7.4855
v -46.613 -15.266 -7.7068
v -37.665 -25.696 -14.661
v -37.219 -26.534 -15.089
v -37.816 -25.684 -15.163
v -39.854 -21.811 -13.003
v -39.466 -22.633 -13.468
v -39.962 -21.696 -13.612
v -38.02 -25.288 -14.962
v -37.995 -25.138 -14.447
v -37.665 -25.696 -14.661
v -48.169 -7.5137 -5.9396
v -48.025 -8.2061 -5.9401
v -47.839 -8.0393 -5.1079
v -37.816 -25.684 -15.163
v -38.02 -25.288 -14.962
v -37.665 -25.696 -14.661
v -47.706 -8.7854 -5.1627
v -47.839 -8.0393 -5.1079
v -48.025 -8.2061 -5.9401
v -50.12 1.9065 -11.561
v -50.105 1.4615 -11.109
v -49.976 1.9521 -10.876
v -37.164 -27.314 -14.568
v -37.353 -27.458 -14.058
v -37.602 -27.625 -14.695
v -47.706 -8.7854 -5.1627
v -47.706 -9.1779 -5.3206
v -47.503 -9.1201 -4.6568
v -42.541 -15.972 -12.048
v -42.299 -16.673 -12.36
v -42.496 -16.312 -12.71
v -39.127 -23.11 -13.394
v -39.556 -22.567 -13.821
v -39.466 -22.633 -13.468
v -47.706 -9.1779 -5.3206
v -47.497 -9.7576 -5.1317
v -47.503 -9.1201 -4.6568
v -41.027 -25.103 -4.9274
v -41.213 -25.175 -5.6396
v -40.687 -25.809 -5.3521
v -45.57 -18.198 -8.1037
v -44.769 -19.483 -7.3022
v -44.764 -19.136 -6.6617
v -38.274 -24.722 -14.283
v -38.418 -24.611 -14.832
v -38.49 -24.351 -14.145
v -47.31 -10.124 -4.7539
v -47.503 -9.1201 -4.6568
v -47.497 -9.7576 -5.1317
v -46.783 -7.2484 -17.894
v -46.018 -8.2374 -17.497
v -46.66 -8.0112 -17.822
v -38.433 -27.883 -12.248
v -37.731 -27.442 -12.458
v -37.69 -27.16 -11.863
v -38.274 -24.722 -14.283
v -37.995 -25.138 -14.447
v -38.418 -24.611 -14.832
v -38.418 -24.611 -14.832
v -37.995 -25.138 -14.447
v -38.02 -25.288 -14.962
v -49.919 0.10708 -10.402
v -49.823 -0.74791 -9.9581
v -49.734 -0.214 -9.3413
v -47.31 -10.124 -4.7539
v -47.353 -10.49 -5.2244
v -47.134 -10.377 -4.3407
v -47.353 -10.49 -5.2244
v -46.977 -10.974 -4.4019
v -47.134 -10.377 -4.3407
v -38.665 -27.651 -10.574
v -38.218 -27.231 -9.8807
v -38.561 -27.641 -9.8516
v -38.82 -23.868 -14.046
v -38.614 -24.111 -13.638
v -38.49 -24.351 -14.145
v -46.376 -6.7756 -17.675
v -47.125 -6.1876 -17.987
v -46.468 -5.3209 -17.601
v -40.804 -25.816 -5.7741
v -40.519 -26.199 -5.538
v -40.687 -25.809 -5.3521
v -47.125 -6.1876 -17.987
v -47.544 -5.6249 -18.022
v -46.468 -5.3209 -17.601
v -46.776 -11.568 -4.3246
v -46.977 -10.974 -4.4019
v -47.066 -11.298 -5.0084
v -50.501 1.549 -15.233
v -50.417 0.91692 -16.065
v -50.502 0.57255 -14.753
v -41.828 -23.937 -5.1978
v -41.502 -24.59 -5.328
v -41.277 -24.455 -4.5009
v -38.696 -27.81 -8.7803
v -38.846 -27.736 -8.0404
v -39.095 -28.133 -8.6598
v -46.919 -4.5237 -17.834
v -46.468 -5.3209 -17.601
v -47.544 -5.6249 -18.022
v -50.417 0.91692 -16.065
v -50.501 1.549 -15.233
v -50.407 2.0609 -16.101
v -48.115 -4.7834 -18.054
v -46.919 -4.5237 -17.834
v -47.544 -5.6249 -18.022
v -42.368 -22.677 -4.5167
v -42.129 -23.261 -4.9686
v -42.044 -22.973 -4.0651
v -42.96 -21.7 -4.7496
v -42.323 -22.362 -3.9759
v -42.777 -21.478 -3.8952
v -44.097 -13.159 -16.55
v -43.842 -14.302 -16.669
v -44.31 -14.377 -17.071
v -44.819 -8.997 -14.314
v -44.986 -8.4201 -14.248
v -44.826 -9.0682 -13.899
v -44.514 -12.971 -16.981
v -44.097 -13.159 -16.55
v -44.31 -14.377 -17.071
v -44.61 -9.7195 -13.882
v -44.707 -9.5568 -14.461
v -44.826 -9.0682 -13.899
v -43.17 -20.978 -4.3542
v -42.96 -21.7 -4.7496
v -42.777 -21.478 -3.8952
v -40.036 -26.947 -5.6516
v -40.519 -26.199 -5.538
v -40.451 -26.617 -6.3337
v -44.707 -9.5568 -14.461
v -44.819 -8.997 -14.314
v -44.826 -9.0682 -13.899
v -41.528 -18.452 -13.239
v -41.439 -18.385 -12.619
v -41.115 -19.037 -12.475
v -39.872 -27.232 -6.1513
v -40.036 -26.947 -5.6516
v -40.155 -27.201 -6.4882
v -40.959 -19.685 -12.939
v -41.528 -18.452 -13.239
v -41.115 -19.037 -12.475
v -45.903 -17.13 -7.6433
v -46.284 -15.852 -7.149
v -46.282 -16.465 -8.2595
v -44.415 -10.719 -14.297
v -44.516 -10.185 -13.603
v -44.352 -10.837 -13.499
v -49.555 -1.2066 -8.9092
v -49.654 -1.782 -9.2285
v -49.495 -2.0934 -8.6625
v -50.279 4.5638 -13.589
v -50.357 4.5788 -14.422
v -50.359 3.9035 -13.498
v -39.081 -27.198 -16.618
v -39.458 -26.579 -16.816
v -38.915 -26.024 -16.41
v -38.915 -26.024 -16.41
v -38.095 -26.815 -16.227
v -39.081 -27.198 -16.618
v -48.384 -7.0252 -6.3959
v -48.247 -6.8442 -5.8339
v -48.426 -6.2365 -6.1101
v -49.95 -0.010987 -17.203
v -50.201 1.065 -16.815
v -50.038 2.0429 -17.167
v -48.169 -7.5137 -5.9396
v -48.247 -6.8442 -5.8339
v -48.384 -7.0252 -6.3959
v -43.11 -14.708 -13.03
v -42.934 -14.881 -12.515
v -42.89 -15.467 -12.96
v -42.89 -15.467 -12.96
v -42.934 -14.881 -12.515
v -42.748 -15.383 -12.075
v -39.428 -28.777 -13.105
v -39.425 -28.897 -13.645
v -38.979 -28.447 -13.037
v -38.979 -28.447 -13.037
v -39.255 -28.56 -12.359
v -39.428 -28.777 -13.105
v -42.541 -15.972 -12.048
v -42.89 -15.467 -12.96
v -42.748 -15.383 -12.075
v -40.378 -20.909 -13.472
v -40.127 -21.183 -12.838
v -39.962 -21.696 -13.612
v -41.618 -26.111 -9.0549
v -41.398 -26.604 -9.4364
v -41.185 -26.762 -9.0031
v -49.495 -2.0934 -8.6625
v -49.311 -2.9871 -8.406
v -49.312 -2.2668 -8.0669
v -42.758 -17.747 -16.674
v -43.394 -17.101 -16.965
v -42.829 -16.848 -16.39
v -48.967 -4.1107 -7.3781
v -48.945 -4.7386 -7.4723
v -48.799 -4.8962 -6.8979
v -39.962 -21.696 -13.612
v -39.466 -22.633 -13.468
v -39.556 -22.567 -13.821
v -42.329 -16.748 -13.006
v -41.927 -17.302 -12.182
v -41.935 -17.491 -12.866
v -41.927 -17.302 -12.182
v -42.329 -16.748 -13.006
v -42.299 -16.673 -12.36
v -49.868 0.6299 -10.038
v -49.975 1.0821 -10.558
v -50.098 0.70351 -11.286
v -41.528 -18.452 -13.239
v -41.935 -17.491 -12.866
v -41.439 -18.385 -12.619
v -38.474 -28.421 -14.997
v -38.894 -28.641 -14.352
v -39.24 -28.939 -14.675
v -39.24 -28.939 -14.675
v -38.769 -28.679 -15.212
v -38.474 -28.421 -14.997
v -46.977 -10.974 -4.4019
v -47.353 -10.49 -5.2244
v -47.275 -11.018 -5.4335
v -42.323 -22.362 -3.9759
v -42.96 -21.7 -4.7496
v -42.664 -22.296 -4.8923
v -39.795 -28.829 -11.435
v -39.899 -28.998 -11.862
v -39.579 -28.763 -11.897
v -42.323 -22.362 -3.9759
v -42.664 -22.296 -4.8923
v -42.368 -22.677 -4.5167
v -43.684 -15.837 -16.861
v -43.688 -15.118 -16.743
v -43.204 -15.218 -16.15
v -49.583 -0.70639 -9.0362
v -49.734 -0.214 -9.3413
v -49.823 -0.74791 -9.9581
v -39.079 -23.438 -14.15
v -39.556 -22.567 -13.821
v -39.127 -23.11 -13.394
v -49.555 -1.2066 -8.9092
v -49.583 -0.70639 -9.0362
v -49.809 -1.2033 -9.8979
v -44.986 -8.4201 -14.248
v -44.991 -8.6455 -14.952
v -45.136 -7.8006 -14.849
v -39.079 -23.438 -14.15
v -38.82 -23.868 -14.046
v -38.865 -23.862 -14.675
v -38.49 -24.351 -14.145
v -38.865 -23.862 -14.675
v -38.82 -23.868 -14.046
v -41.213 -25.175 -5.6396
v -41.027 -25.103 -4.9274
v -41.502 -24.59 -5.328
v -44.819 -8.997 -14.314
v -44.991 -8.6455 -14.952
v -44.986 -8.4201 -14.248
v -40.451 -26.617 -6.3337
v -40.519 -26.199 -5.538
v -40.788 -26.154 -6.2359
v -40.804 -25.816 -5.7741
v -40.788 -26.154 -6.2359
v -40.519 -26.199 -5.538
v -44.573 -20.158 -7.7713
v -44.394 -20.721 -7.9989
v -44.126 -20.977 -7.3643
v -44.61 -9.7195 -13.882
v -44.516 -10.185 -13.603
v -44.556 -10.193 -14.401
v -40.451 -26.617 -6.3337
v -40.155 -27.201 -6.4882
v -40.036 -26.947 -5.6516
v -40.804 -25.816 -5.7741
v -40.687 -25.809 -5.3521
v -41.213 -25.175 -5.6396
v -38.489 -27.595 -9.0815
v -38.696 -27.81 -8.7803
v -38.947 -28.137 -9.5778
v -38.433 -27.883 -12.248
v -37.69 -27.16 -11.863
v -38.314 -27.655 -11.271
v -49.287 4.3683 -17.625
v -49.892 4.615 -16.614
v -49.075 4.5559 -17.271
v -49.357 4.6698 -15.92
v -49.075 4.5559 -17.271
v -49.892 4.615 -16.614
v -50.023 4.7106 -15.858
v -49.357 4.6698 -15.92
v -49.892 4.615 -16.614
v -48.546 4.0761 -18.38
v -49.175 4.0625 -18
v -48.848 4.4598 -18.072
v -49.287 4.3683 -17.625
v -48.848 4.4598 -18.072
v -49.175 4.0625 -18
v -37.733 -26.209 -15.697
v -37.219 -26.534 -15.089
v -37.23 -26.988 -15.676
v -37.136 -27.179 -15.144
v -37.23 -26.988 -15.676
v -37.219 -26.534 -15.089
v -48.546 4.0761 -18.38
v -48.228 2.6131 -18.334
v -48.752 2.7475 -18.285
v -38.846 -27.736 -8.0404
v -39.099 -27.711 -7.3423
v -39.39 -28.251 -8.0631
v -47.804 1.1908 -18.218
v -46.887 2.2374 -17.844
v -47.466 0.16456 -18.108
v -39.53 -27.81 -6.8878
v -39.39 -28.251 -8.0631
v -39.099 -27.711 -7.3423
v -43.724 -19.528 -3.8003
v -44.817 -17.463 -4.1997
v -44.46 -18.525 -4.5748
v -43.207 -23.064 -8.1532
v -42.876 -23.909 -8.5612
v -42.733 -23.769 -7.9286
v -45.283 -7.2366 -15.131
v -45.363 -7.1917 -15.828
v -45.563 -5.9478 -15.548
v -44.126 -20.977 -7.3643
v -44.394 -20.721 -7.9989
v -43.825 -21.716 -7.6644
v -44.415 -10.719 -14.297
v -44.556 -10.193 -14.401
v -44.516 -10.185 -13.603
v -42.329 -16.748 -13.006
v -41.935 -17.491 -12.866
v -42.108 -17.327 -13.433
v -49.975 1.0821 -10.558
v -50.105 1.4615 -11.109
v -50.098 0.70351 -11.286
v -42.496 -16.312 -12.71
v -42.299 -16.673 -12.36
v -42.329 -16.748 -13.006
v -49.027 -7.3172 -9.4388
v -49.086 -7.7643 -9.8599
v -48.854 -8.2642 -9.2884
v -50.188 2.3552 -12.129
v -50.214 1.6537 -12.165
v -50.12 1.9065 -11.561
v -49.809 -1.2033 -9.8979
v -49.583 -0.70639 -9.0362
v -49.823 -0.74791 -9.9581
v -44.13 -11.709 -13.658
v -44.203 -11.532 -14.077
v -44.352 -10.837 -13.499
v -46.776 -11.568 -4.3246
v -47.066 -11.298 -5.0084
v -46.891 -11.831 -4.8272
v -49.183 -6.5469 -9.6027
v -49.228 -7.1403 -10.056
v -49.027 -7.3172 -9.4388
v -45.092 -8.099 -15.647
v -45.283 -7.2366 -15.131
v -45.136 -7.8006 -14.849
v -48.252 -9.9686 -8.1312
v -48.332 -10.063 -8.6314
v -48.002 -11.192 -8.3438
v -46.442 -15.603 -7.4855
v -46.448 -15.312 -7.1369
v -46.613 -15.266 -7.7068
v -48.967 -4.1107 -7.3781
v -49.07 -3.5974 -7.4031
v -49.078 -4.4641 -7.8867
v -39.53 -27.81 -6.8878
v -39.504 -27.559 -6.6085
v -39.925 -27.52 -6.6508
v -38.49 -24.351 -14.145
v -38.418 -24.611 -14.832
v -38.865 -23.862 -14.675
v -44.803 -9.2492 -14.882
v -44.991 -8.6455 -14.952
v -44.819 -8.997 -14.314
v -44.707 -9.5568 -14.461
v -44.803 -9.2492 -14.882
v -44.819 -8.997 -14.314
v -42.473 -22.883 -5.2857
v -42.129 -23.261 -4.9686
v -42.368 -22.677 -4.5167
v -48.967 -4.1107 -7.3781
v -49.078 -4.4641 -7.8867
v -48.945 -4.7386 -7.4723
v -48.534 -6.7033 -6.9676
v -48.384 -7.0252 -6.3959
v -48.426 -6.2365 -6.1101
v -44.61 -9.7195 -13.882
v -44.556 -10.193 -14.401
v -44.707 -9.5568 -14.461
v -40.959 -19.685 -12.939
v -40.593 -20.325 -13.023
v -40.843 -20.097 -13.752
v -48.945 -4.7386 -7.4723
v -48.889 -5.2897 -7.5104
v -48.799 -4.8962 -6.8979
v -38.02 -25.288 -14.962
v -38.495 -24.683 -15.175
v -38.418 -24.611 -14.832
v -48.799 -4.8962 -6.8979
v -48.889 -5.2897 -7.5104
v -48.735 -5.4955 -6.8919
v -41.213 -25.175 -5.6396
v -41.502 -24.59 -5.328
v -41.657 -24.611 -5.9118
v -49.228 -7.1403 -10.056
v -49.086 -7.7643 -9.8599
v -49.027 -7.3172 -9.4388
v -42.175 -25.337 -9.2763
v -41.618 -26.111 -9.0549
v -41.823 -25.651 -8.5498
v -42.934 -14.881 -12.515
v -43.11 -14.708 -13.03
v -43.284 -13.91 -12.57
v -48.426 -6.2365 -6.1101
v -48.592 -5.8841 -6.5042
v -48.598 -6.3273 -6.9488
v -48.534 -6.7033 -6.9676
v -48.426 -6.2365 -6.1101
v -48.598 -6.3273 -6.9488
v -39.962 -21.696 -13.612
v -39.556 -22.567 -13.821
v -40.008 -21.738 -14.658
v -43.765 -12.875 -13.382
v -43.968 -12.158 -13.11
v -43.754 -12.713 -12.774
v -37.94 -25.707 -15.43
v -37.219 -26.534 -15.089
v -37.733 -26.209 -15.697
v -37.219 -26.534 -15.089
v -37.94 -25.707 -15.43
v -37.816 -25.684 -15.163
v -47.868 -8.8439 -5.8439
v -47.706 -8.7854 -5.1627
v -48.025 -8.2061 -5.9401
v -37.136 -27.179 -15.144
v -37.164 -27.314 -14.568
v -37.602 -27.625 -14.695
v -42.496 -16.312 -12.71
v -42.89 -15.467 -12.96
v -42.541 -15.972 -12.048
v -47.859 -11.046 -7.6243
v -48.002 -11.192 -8.3438
v -47.724 -11.908 -8.0263
v -43.754 -12.713 -12.774
v -43.422 -13.861 -13.196
v -43.765 -12.875 -13.382
v -43.11 -14.708 -13.03
v -43.422 -13.861 -13.196
v -43.284 -13.91 -12.57
v -49.228 -7.1403 -10.056
v -49.183 -6.5469 -9.6027
v -49.382 -6.4164 -10.373
v -47.275 -11.018 -5.4335
v -47.066 -11.298 -5.0084
v -46.977 -10.974 -4.4019
v -47.497 -9.7576 -5.1317
v -47.353 -10.49 -5.2244
v -47.31 -10.124 -4.7539
v -49.809 -1.2033 -9.8979
v -49.654 -1.782 -9.2285
v -49.555 -1.2066 -8.9092
v -40.378 -20.909 -13.472
v -40.843 -20.097 -13.752
v -40.593 -20.325 -13.023
v -41.823 -25.651 -8.5498
v -42.327 -24.772 -8.4704
v -42.465 -24.799 -9.0792
v -43.987 -12.338 -14.082
v -43.968 -12.158 -13.11
v -43.765 -12.875 -13.382
v -48.592 -5.8841 -6.5042
v -48.735 -5.4955 -6.8919
v -48.724 -5.8916 -7.2578
v -44.203 -11.532 -14.077
v -44.415 -10.719 -14.297
v -44.352 -10.837 -13.499
v -49.183 -6.5469 -9.6027
v -49.368 -5.9433 -9.9436
v -49.382 -6.4164 -10.373
v -50.12 1.9065 -11.561
v -50.214 1.6537 -12.165
v -50.2 1.0614 -12.023
v -43.52 -13.733 -13.683
v -43.765 -12.875 -13.382
v -43.422 -13.861 -13.196
v -50.2 1.0614 -12.023
v -50.105 1.4615 -11.109
v -50.12 1.9065 -11.561
v -49.919 0.10708 -10.402
v -49.949 -0.39444 -10.515
v -49.823 -0.74791 -9.9581
v -49.311 -2.9871 -8.406
v -49.203 -4.0461 -8.308
v -49.166 -3.2834 -7.8495
v -41.841 -17.815 -13.413
v -41.935 -17.491 -12.866
v -41.528 -18.452 -13.239
v -49.07 -3.5974 -7.4031
v -49.166 -3.2834 -7.8495
v -49.203 -4.0461 -8.308
v -50.2 1.0614 -12.023
v -50.098 0.70351 -11.286
v -50.105 1.4615 -11.109
v -44.991 -8.6455 -14.952
v -45.092 -8.099 -15.647
v -45.136 -7.8006 -14.849
v -37.816 -25.684 -15.163
v -37.94 -25.707 -15.43
v -38.378 -25.151 -15.625
v -39.079 -23.438 -14.15
v -38.865 -23.862 -14.675
v -39.219 -23.352 -14.882
v -39.095 -28.133 -8.6598
v -38.947 -28.137 -9.5778
v -38.696 -27.81 -8.7803
v -37.816 -25.684 -15.163
v -38.378 -25.151 -15.625
v -38.02 -25.288 -14.962
v -37.485 -27.677 -15.293
v -37.136 -27.179 -15.144
v -37.602 -27.625 -14.695
v -40.959 -19.685 -12.939
v -41.202 -19.291 -13.67
v -41.528 -18.452 -13.239
v -38.495 -24.683 -15.175
v -38.02 -25.288 -14.962
v -38.378 -25.151 -15.625
v -49.522 -5.1285 -10.296
v -49.72 -4.5505 -11.06
v -49.714 -5.2401 -11.137
v -42.026 -19.026 -16.418
v -41.543 -19.562 -16.074
v -41.981 -19.937 -16.749
v -39.925 -27.52 -6.6508
v -39.872 -27.232 -6.1513
v -40.155 -27.201 -6.4882
v -50.098 0.70351 -11.286
v -49.919 0.10708 -10.402
v -49.868 0.6299 -10.038
v -42.404 -18.093 -16.516
v -42.026 -19.026 -16.418
v -42.458 -18.99 -16.8
v -39.556 -22.567 -13.821
v -39.516 -22.684 -14.576
v -40.008 -21.738 -14.658
v -42.129 -23.261 -4.9686
v -41.828 -23.937 -5.1978
v -41.843 -23.598 -4.5855
v -41.212 -25.402 -6.0992
v -40.804 -25.816 -5.7741
v -41.213 -25.175 -5.6396
v -43.987 -12.338 -14.082
v -44.13 -11.709 -13.658
v -43.968 -12.158 -13.11
v -49.382 -6.4164 -10.373
v -49.368 -5.9433 -9.9436
v -49.52 -5.8929 -10.792
v -47.706 -9.1779 -5.3206
v -47.706 -8.7854 -5.1627
v -47.868 -8.8439 -5.8439
v -42.664 -22.296 -4.8923
v -42.473 -22.883 -5.2857
v -42.368 -22.677 -4.5167
v -39.516 -22.684 -14.576
v -39.556 -22.567 -13.821
v -39.079 -23.438 -14.15
v -47.748 -9.5384 -5.8778
v -47.534 -10.15 -5.6917
v -47.497 -9.7576 -5.1317
v -47.706 -9.1779 -5.3206
v -47.748 -9.5384 -5.8778
v -47.497 -9.7576 -5.1317
v -46.619 -12.746 -4.7893
v -46.891 -11.831 -4.8272
v -46.972 -11.907 -5.2925
v -49.175 4.0625 -18
v -48.546 4.0761 -18.38
v -48.752 2.7475 -18.285
v -39.39 -28.251 -8.0631
v -39.095 -28.133 -8.6598
v -38.846 -27.736 -8.0404
v -46.891 -11.831 -4.8272
v -46.619 -12.746 -4.7893
v -46.496 -12.263 -3.9569
v -37.23 -26.988 -15.676
v -37.136 -27.179 -15.144
v -37.324 -27.544 -15.663
v -39.39 -28.251 -8.0631
v -39.53 -27.81 -6.8878
v -39.669 -28.059 -7.3655
v -43.724 -19.528 -3.8003
v -44.46 -18.525 -4.5748
v -44.098 -19.752 -5.3236
v -45.732 -14.421 -3.788
v -46.496 -12.263 -3.9569
v -46.619 -12.746 -4.7893
v -46.082 -14.603 -4.7381
v -45.732 -14.421 -3.788
v -46.619 -12.746 -4.7893
v -48.228 2.6131 -18.334
v -47.804 1.1908 -18.218
v -48.227 0.8794 -18.264
v -40.131 -28.686 -10.243
v -40.268 -28.674 -10.728
v -39.787 -28.736 -10.36
v -47.804 1.1908 -18.218
v -47.466 0.16456 -18.108
v -48.227 0.8794 -18.264
v -39.823 -28.798 -10.786
v -39.787 -28.736 -10.36
v -40.268 -28.674 -10.728
v -50.419 4.265 -15.323
v -49.868 4.8053 -15.378
v -50.023 4.7106 -15.858
v -50.239 4.8157 -14.787
v -49.868 4.8053 -15.378
v -50.419 4.265 -15.323
v -50.357 4.5788 -14.422
v -50.239 4.8157 -14.787
v -50.419 4.265 -15.323
v -44.817 -17.463 -4.1997
v -44.985 -16.258 -3.6337
v -45.404 -16.106 -4.3669
v -39.962 -21.696 -13.612
v -40.305 -21.219 -14.505
v -40.378 -20.909 -13.472
v -50.416 3.9363 -14.693
v -50.357 4.5788 -14.422
v -50.419 4.265 -15.323
v -40.305 -21.219 -14.505
v -39.962 -21.696 -13.612
v -40.008 -21.738 -14.658
v -44.556 -10.193 -14.401
v -44.415 -10.719 -14.297
v -44.45 -10.54 -15.085
v -40.959 -19.685 -12.939
v -40.843 -20.097 -13.752
v -41.202 -19.291 -13.67
v -41.841 -17.815 -13.413
v -42.108 -17.327 -13.433
v -41.935 -17.491 -12.866
v -50.357 4.5788 -14.422
v -50.416 3.9363 -14.693
v -50.437 3.3108 -14.366
v -50.437 3.3108 -14.366
v -50.359 3.9035 -13.498
v -50.357 4.5788 -14.422
v -43.204 -15.218 -16.15
v -43.068 -16.071 -16.436
v -43.684 -15.837 -16.861
v -40.689 -20.457 -14.429
v -40.843 -20.097 -13.752
v -40.378 -20.909 -13.472
v -39.079 -23.438 -14.15
v -39.219 -23.352 -14.882
v -39.516 -22.684 -14.576
v -50.359 2.4111 -13.288
v -50.188 2.3552 -12.129
v -50.291 2.7477 -12.744
v -37.838 -27.664 -13.076
v -37.731 -27.442 -12.458
v -38.433 -27.883 -12.248
v -38.433 -27.883 -12.248
v -38.314 -27.655 -11.271
v -38.672 -27.921 -11.613
v -43.363 -14.2 -13.853
v -43.422 -13.861 -13.196
v -43.11 -14.708 -13.03
v -50.417 0.91692 -16.065
v -50.407 2.0609 -16.101
v -50.29 1.6438 -16.598
v -48.598 -6.3273 -6.9488
v -48.592 -5.8841 -6.5042
v -48.724 -5.8916 -7.2578
v -43.11 -14.708 -13.03
v -42.902 -15.3 -13.587
v -43.212 -14.647 -14.211
v -48.384 -7.0252 -6.3959
v -48.439 -7.2541 -6.8411
v -48.169 -7.5137 -5.9396
v -50.29 1.6438 -16.598
v -50.201 1.065 -16.815
v -50.417 0.91692 -16.065
v -50.269 -2.0581 -12.754
v -50.358 -1.1281 -12.954
v -50.403 -1.5071 -13.403
v -48.025 -8.2061 -5.9401
v -48.169 -7.5137 -5.9396
v -48.166 -8.336 -6.544
v -46.891 -11.831 -4.8272
v -47.066 -11.298 -5.0084
v -46.972 -11.907 -5.2925
v -42.902 -15.3 -13.587
v -43.11 -14.708 -13.03
v -42.89 -15.467 -12.96
v -42.496 -16.312 -12.71
v -42.329 -16.748 -13.006
v -42.651 -16.061 -13.518
v -47.353 -10.49 -5.2244
v -47.497 -9.7576 -5.1317
v -47.534 -10.15 -5.6917
v -50.403 -1.5071 -13.403
v -50.358 -1.1281 -12.954
v -50.398 -0.74587 -13.352
v -49.495 -2.0934 -8.6625
v -49.528 -2.5622 -9.2003
v -49.311 -2.9871 -8.406
v -49.528 -2.5622 -9.2003
v -49.495 -2.0934 -8.6625
v -49.654 -1.782 -9.2285
v -41.502 -24.59 -5.328
v -41.828 -23.937 -5.1978
v -41.657 -24.611 -5.9118
v -44.652 -9.8888 -14.952
v -44.803 -9.2492 -14.882
v -44.707 -9.5568 -14.461
v -45.363 -7.1917 -15.828
v -45.283 -7.2366 -15.131
v -45.294 -7.6541 -16.095
v -40.09 -27.496 -6.9269
v -39.669 -28.059 -7.3655
v -39.53 -27.81 -6.8878
v -40.09 -27.496 -6.9269
v -39.53 -27.81 -6.8878
v -39.925 -27.52 -6.6508
v -45.283 -7.2366 -15.131
v -45.092 -8.099 -15.647
v -45.294 -7.6541 -16.095
v -47.353 -13.146 -7.9025
v -47.065 -13.853 -7.6684
v -47.215 -12.984 -7.2504
v -44.707 -9.5568 -14.461
v -44.556 -10.193 -14.401
v -44.652 -9.8888 -14.952
v -39.925 -27.52 -6.6508
v -40.155 -27.201 -6.4882
v -40.09 -27.496 -6.9269
v -46.519 -14.993 -7.0285
v -46.692 -14.42 -7.0018
v -46.888 -14.398 -7.778
v -46.888 -14.398 -7.778
v -46.613 -15.266 -7.7068
v -46.519 -14.993 -7.0285
v -41.398 -26.604 -9.4364
v -41.174 -27.044 -9.735
v -41.185 -26.762 -9.0031
v -41.528 -18.452 -13.239
v -41.703 -18.21 -14.215
v -41.841 -17.815 -13.413
v -41.174 -27.044 -9.735
v -40.761 -27.373 -9.0622
v -41.185 -26.762 -9.0031
v -38.665 -27.651 -10.574
v -38.561 -27.641 -9.8516
v -39.094 -28.181 -10.496
v -50.359 3.9035 -13.498
v -50.437 3.3108 -14.366
v -50.35 3.2524 -13.24
v -49.332 -3.7354 -8.7403
v -49.203 -4.0461 -8.308
v -49.311 -2.9871 -8.406
v -47.275 -11.018 -5.4335
v -46.972 -11.907 -5.2925
v -47.066 -11.298 -5.0084
v -50.449 -0.16155 -14.077
v -50.478 -0.89954 -14.3
v -50.398 -0.74587 -13.352
v -42.972 -23.284 -7.6998
v -43.445 -22.396 -7.7623
v -43.207 -23.064 -8.1532
v -46.448 -15.312 -7.1369
v -46.442 -15.603 -7.4855
v -46.284 -15.852 -7.149
v -49.07 -3.5974 -7.4031
v -49.203 -4.0461 -8.308
v -49.078 -4.4641 -7.8867
v -39.496 -23.969 -16.12
v -39.369 -24.846 -16.382
v -40.139 -23.79 -16.551
v -43.242 -21.654 -5.584
v -42.664 -22.296 -4.8923
v -42.96 -21.7 -4.7496
v -42.108 -17.327 -13.433
v -42.388 -16.652 -13.776
v -42.329 -16.748 -13.006
v -46.448 -15.312 -7.1369
v -46.519 -14.993 -7.0285
v -46.613 -15.266 -7.7068
v -44.877 -9.0366 -15.746
v -45.092 -8.099 -15.647
v -44.991 -8.6455 -14.952
v -41.212 -25.402 -6.0992
v -41.213 -25.175 -5.6396
v -41.657 -24.611 -5.9118
v -42.473 -22.883 -5.2857
v -42.167 -23.64 -5.614
v -41.828 -23.937 -5.1978
v -41.828 -23.937 -5.1978
v -42.129 -23.261 -4.9686
v -42.473 -22.883 -5.2857
v -48.666 -9.0688 -9.2582
v -48.699 -8.3513 -8.7711
v -48.854 -8.2642 -9.2884
v -44.803 -9.2492 -14.882
v -44.663 -9.7467 -15.425
v -44.877 -9.0366 -15.746
v -44.652 -9.8888 -14.952
v -44.556 -10.193 -14.401
v -44.45 -10.54 -15.085
v -44.877 -9.0366 -15.746
v -44.991 -8.6455 -14.952
v -44.803 -9.2492 -14.882
v -49.522 -5.1285 -10.296
v -49.52 -5.8929 -10.792
v -49.368 -5.9433 -9.9436
v -44.652 -9.8888 -14.952
v -44.663 -9.7467 -15.425
v -44.803 -9.2492 -14.882
v -43.74 -13.135 -14.134
v -43.987 -12.338 -14.082
v -43.765 -12.875 -13.382
v -48.534 -6.7033 -6.9676
v -48.439 -7.2541 -6.8411
v -48.384 -7.0252 -6.3959
v -41.212 -25.402 -6.0992
v -40.788 -26.154 -6.2359
v -40.804 -25.816 -5.7741
v -48.439 -7.2541 -6.8411
v -48.166 -8.336 -6.544
v -48.169 -7.5137 -5.9396
v -48.025 -8.2061 -5.9401
v -48.166 -8.336 -6.544
v -47.868 -8.8439 -5.8439
v -47.944 -8.9687 -6.2082
v -47.868 -8.8439 -5.8439
v -48.166 -8.336 -6.544
v -43.363 -14.2 -13.853
v -43.52 -13.733 -13.683
v -43.422 -13.861 -13.196
v -47.944 -8.9687 -6.2082
v -47.706 -9.1779 -5.3206
v -47.868 -8.8439 -5.8439
v -47.706 -9.1779 -5.3206
v -47.944 -8.9687 -6.2082
v -47.748 -9.5384 -5.8778
v -39.669 -28.059 -7.3655
v -40.09 -27.496 -6.9269
v -40.081 -27.699 -7.575
v -42.651 -16.061 -13.518
v -42.902 -15.3 -13.587
v -42.89 -15.467 -12.96
v -49.027 -7.3172 -9.4388
v -48.854 -8.2642 -9.2884
v -48.852 -7.6512 -9.0221
v -37.602 -27.625 -14.695
v -37.353 -27.458 -14.058
v -37.876 -27.859 -13.965
v -42.651 -16.061 -13.518
v -42.89 -15.467 -12.96
v -42.496 -16.312 -12.71
v -37.353 -27.458 -14.058
v -37.475 -27.473 -13.443
v -37.876 -27.859 -13.965
v -40.155 -27.201 -6.4882
v -40.451 -26.617 -6.3337
v -40.465 -26.938 -7.0207
v -37.475 -27.473 -13.443
v -37.838 -27.664 -13.076
v -37.876 -27.859 -13.965
v -42.651 -16.061 -13.518
v -42.329 -16.748 -13.006
v -42.388 -16.652 -13.776
v -43.212 -14.647 -14.211
v -43.363 -14.2 -13.853
v -43.11 -14.708 -13.03
v -38.933 -24.16 -15.478
v -38.418 -24.611 -14.832
v -38.495 -24.683 -15.175
v -38.865 -23.862 -14.675
v -38.418 -24.611 -14.832
v -38.933 -24.16 -15.478
v -50.266 4.4541 -15.936
v -50.023 4.7106 -15.858
v -49.892 4.615 -16.614
v -42.972 -23.284 -7.6998
v -43.207 -23.064 -8.1532
v -42.733 -23.769 -7.9286
v -45.909 -5.1996 -16.713
v -45.363 -7.1917 -15.828
v -45.452 -7.4103 -16.481
v -45.363 -7.1917 -15.828
v -45.909 -5.1996 -16.713
v -45.563 -5.9478 -15.548
v -48.227 0.8794 -18.264
v -48.752 2.7475 -18.285
v -48.228 2.6131 -18.334
v -47.466 0.16456 -18.108
v -46.759 0.040923 -17.634
v -47.731 -1.2589 -18.141
v -50.419 4.265 -15.323
v -50.023 4.7106 -15.858
v -50.266 4.4541 -15.936
v -37.485 -27.677 -15.293
v -37.324 -27.544 -15.663
v -37.136 -27.179 -15.144
v -44.098 -19.752 -5.3236
v -43.687 -20.586 -5.2996
v -43.17 -20.978 -4.3542
v -43.17 -20.978 -4.3542
v -43.724 -19.528 -3.8003
v -44.098 -19.752 -5.3236
v -43.687 -20.586 -5.2996
v -42.96 -21.7 -4.7496
v -43.17 -20.978 -4.3542
v -46.337 -3.3832 -17.286
v -45.909 -5.1996 -16.713
v -46.468 -5.3209 -17.601
v -46.082 -14.603 -4.7381
v -46.619 -12.746 -4.7893
v -46.544 -13.671 -5.4151
v -49.809 -1.2033 -9.8979
v -49.741 -1.9891 -9.7538
v -49.654 -1.782 -9.2285
v -50.232 -1.58 -12.154
v -50.269 -2.0581 -12.754
v -50.146 -2.4301 -12.039
v -43.765 -12.875 -13.382
v -43.52 -13.733 -13.683
v -43.74 -13.135 -14.134
v -49.528 -2.5622 -9.2003
v -49.654 -1.782 -9.2285
v -49.741 -1.9891 -9.7538
v -42.108 -17.327 -13.433
v -41.841 -17.815 -13.413
v -41.903 -17.684 -14.101
v -41.703 -18.21 -14.215
v -41.903 -17.684 -14.101
v -41.841 -17.815 -13.413
v -44.663 -9.7467 -15.425
v -44.652 -9.8888 -14.952
v -44.45 -10.54 -15.085
v -49.925 -3.9 -11.554
v -49.72 -4.5505 -11.06
v -49.821 -3.7628 -10.723
v -49.332 -3.7354 -8.7403
v -49.311 -2.9871 -8.406
v -49.528 -2.5622 -9.2003
v -41.505 -18.824 -14.206
v -41.703 -18.21 -14.215
v -41.528 -18.452 -13.239
v -42.283 -24.513 -7.8513
v -42.876 -23.909 -8.5612
v -42.327 -24.772 -8.4704
v -41.202 -19.291 -13.67
v -41.505 -18.824 -14.206
v -41.528 -18.452 -13.239
v -50.214 1.6537 -12.165
v -50.188 2.3552 -12.129
v -50.359 2.4111 -13.288
v -44.252 -11.244 -15.187
v -44.45 -10.54 -15.085
v -44.415 -10.719 -14.297
v -50.35 3.2524 -13.24
v -50.359 2.4111 -13.288
v -50.291 2.7477 -12.744
v -41.27 -19.326 -14.544
v -41.505 -18.824 -14.206
v -41.202 -19.291 -13.67
v -49.078 -4.4641 -7.8867
v -48.889 -5.2897 -7.5104
v -48.945 -4.7386 -7.4723
v -48.724 -5.8916 -7.2578
v -48.735 -5.4955 -6.8919
v -48.889 -5.2897 -7.5104
v -47.275 -11.018 -5.4335
v -47.353 -10.49 -5.2244
v -47.534 -10.15 -5.6917
v -45.092 -8.099 -15.647
v -45.287 -8.1487 -16.506
v -45.294 -7.6541 -16.095
v -38.94 -28.596 -13.788
v -38.979 -28.447 -13.037
v -39.425 -28.897 -13.645
v -41.202 -19.291 -13.67
v -40.843 -20.097 -13.752
v -41.018 -19.832 -14.4
v -38.561 -27.641 -9.8516
v -38.947 -28.137 -9.5778
v -39.094 -28.181 -10.496
v -40.843 -20.097 -13.752
v -40.689 -20.457 -14.429
v -41.018 -19.832 -14.4
v -46.972 -11.907 -5.2925
v -46.977 -12.435 -5.6283
v -46.619 -12.746 -4.7893
v -41.657 -24.611 -5.9118
v -41.828 -23.937 -5.1978
v -42.211 -23.855 -6.2322
v -46.018 -8.2374 -17.497
v -46.783 -7.2484 -17.894
v -46.376 -6.7756 -17.675
v -40.689 -20.457 -14.429
v -40.378 -20.909 -13.472
v -40.305 -21.219 -14.505
v -40.612 -22.881 -16.587
v -40.453 -22.237 -16.22
v -40.139 -23.79 -16.551
v -47.324 -3.3414 -18.015
v -46.919 -4.5237 -17.834
v -48.115 -4.7834 -18.054
v -45.301 -8.9612 -16.768
v -45.177 -10.357 -17.102
v -46.106 -9.2339 -17.602
v -40.09 -27.496 -6.9269
v -40.155 -27.201 -6.4882
v -40.465 -26.938 -7.0207
v -46.106 -9.2339 -17.602
v -46.018 -8.2374 -17.497
v -45.301 -8.9612 -16.768
v -48.254 -3.1928 -18.111
v -47.324 -3.3414 -18.015
v -48.115 -4.7834 -18.054
v -43.987 -12.338 -14.082
v -44.203 -11.532 -14.077
v -44.13 -11.709 -13.658
v -38.644 -25.474 -16.106
v -38.915 -26.024 -16.41
v -39.369 -24.846 -16.382
v -39.516 -22.684 -14.576
v -39.715 -22.419 -15.039
v -40.008 -21.738 -14.658
v -50.098 0.70351 -11.286
v -50.128 -0.059703 -11.394
v -49.919 0.10708 -10.402
v -39.219 -23.352 -14.882
v -39.562 -22.948 -15.338
v -39.516 -22.684 -14.576
v -50.128 -0.059703 -11.394
v -49.949 -0.39444 -10.515
v -49.919 0.10708 -10.402
v -43.842 -14.302 -16.669
v -43.502 -14.415 -16.115
v -43.688 -15.118 -16.743
v -44.097 -13.159 -16.55
v -44.514 -12.971 -16.981
v -43.944 -12.931 -16.086
v -38.433 -27.883 -12.248
v -38.311 -28.024 -13.171
v -37.838 -27.664 -13.076
v -42.108 -17.327 -13.433
v -41.903 -17.684 -14.101
v -42.388 -16.652 -13.776
v -37.962 -27.977 -15.31
v -38.425 -28.472 -15.793
v -37.958 -28.023 -15.886
v -38.695 -28.528 -16.279
v -37.958 -28.023 -15.886
v -38.425 -28.472 -15.793
v -40.788 -26.154 -6.2359
v -41.212 -25.402 -6.0992
v -40.913 -26.248 -6.9282
v -45.294 -7.6541 -16.095
v -45.452 -7.4103 -16.481
v -45.363 -7.1917 -15.828
v -45.57 -18.198 -8.1037
v -45.485 -17.16 -6.0788
v -45.903 -17.13 -7.6433
v -38.314 -27.655 -11.271
v -38.665 -27.651 -10.574
v -39.038 -28.047 -11.221
v -50.038 2.0429 -17.167
v -49.165 0.050719 -17.983
v -49.95 -0.010987 -17.203
v -43.582 -13.758 -14.613
v -43.74 -13.135 -14.134
v -43.52 -13.733 -13.683
v -49.809 -1.2033 -9.8979
v -49.823 -0.74791 -9.9581
v -49.88 -1.5076 -10.277
v -50.416 3.9363 -14.693
v -50.419 4.265 -15.323
v -50.437 3.3108 -14.366
v -43.582 -13.758 -14.613
v -43.52 -13.733 -13.683
v -43.363 -14.2 -13.853
v -39.39 -28.251 -8.0631
v -39.525 -28.379 -8.6065
v -39.095 -28.133 -8.6598
v -45.903 -17.13 -7.6433
v -46.085 -15.974 -6.7439
v -46.284 -15.852 -7.149
v -49.741 -1.9891 -9.7538
v -49.809 -1.2033 -9.8979
v -49.88 -1.5076 -10.277
v -48.889 -5.2897 -7.5104
v -49.078 -4.4641 -7.8867
v -49.065 -5.5421 -8.2539
v -40.081 -27.699 -7.575
v -40.09 -27.496 -6.9269
v -40.465 -26.938 -7.0207
v -50.459 2.5623 -14.235
v -50.35 3.2524 -13.24
v -50.437 3.3108 -14.366
v -41.018 -19.832 -14.4
v -41.27 -19.326 -14.544
v -41.202 -19.291 -13.67
v -40.451 -26.617 -6.3337
v -40.788 -26.154 -6.2359
v -40.913 -26.248 -6.9282
v -44.648 -11.051 -16.383
v -44.906 -11.869 -17.152
v -45.217 -11.271 -17.347
v -48.331 -7.9778 -7.0283
v -48.439 -7.2541 -6.8411
v -48.5 -7.5665 -7.3526
v -42.876 -23.909 -8.5612
v -42.283 -24.513 -7.8513
v -42.733 -23.769 -7.9286
v -48.439 -7.2541 -6.8411
v -48.331 -7.9778 -7.0283
v -48.166 -8.336 -6.544
v -42.651 -16.061 -13.518
v -42.667 -16.021 -14.127
v -42.902 -15.3 -13.587
v -50.368 1.4777 -13.132
v -50.214 1.6537 -12.165
v -50.359 2.4111 -13.288
v -44.476 -20.05 -7.1734
v -44.573 -20.158 -7.7713
v -44.104 -20.748 -6.9016
v -44.573 -20.158 -7.7713
v -44.126 -20.977 -7.3643
v -44.104 -20.748 -6.9016
v -42.388 -16.652 -13.776
v -42.667 -16.021 -14.127
v -42.651 -16.061 -13.518
v -39.562 -22.948 -15.338
v -39.715 -22.419 -15.039
v -39.516 -22.684 -14.576
v -50.2 1.0614 -12.023
v -50.207 0.20833 -11.854
v -50.098 0.70351 -11.286
v -39.715 -22.419 -15.039
v -40.044 -22.017 -15.561
v -40.008 -21.738 -14.658
v -50.128 -0.059703 -11.394
v -50.066 -0.53089 -11.257
v -49.949 -0.39444 -10.515
v -38.425 -28.472 -15.793
v -38.474 -28.421 -14.997
v -38.769 -28.679 -15.212
v -47.534 -10.15 -5.6917
v -47.748 -9.5384 -5.8778
v -47.697 -10.356 -6.387
v -39.219 -23.352 -14.882
v -38.865 -23.862 -14.675
v -38.933 -24.16 -15.478
v -47.534 -10.15 -5.6917
v -47.472 -10.813 -5.9816
v -47.275 -11.018 -5.4335
v -42.898 -22.367 -5.6784
v -42.473 -22.883 -5.2857
v -42.664 -22.296 -4.8923
v -39.562 -22.948 -15.338
v -39.219 -23.352 -14.882
v -39.303 -23.628 -15.595
v -44.769 -19.483 -7.3022
v -44.573 -20.158 -7.7713
v -44.476 -20.05 -7.1734
v -49.528 -2.5622 -9.2003
v -49.567 -3.3519 -9.4249
v -49.332 -3.7354 -8.7403
v -42.167 -23.64 -5.614
v -42.211 -23.855 -6.2322
v -41.828 -23.937 -5.1978
v -48.666 -9.0688 -9.2582
v -48.485 -9.2771 -8.5456
v -48.699 -8.3513 -8.7711
v -43.242 -21.654 -5.584
v -42.898 -22.367 -5.6784
v -42.664 -22.296 -4.8923
v -44.877 -9.0366 -15.746
v -45.044 -9.037 -16.238
v -45.092 -8.099 -15.647
v -44.203 -11.532 -14.077
v -44.252 -11.244 -15.187
v -44.415 -10.719 -14.297
v -44.252 -11.244 -15.187
v -44.396 -10.922 -15.725
v -44.45 -10.54 -15.085
v -49.287 4.3683 -17.625
v -50.166 4.1655 -16.685
v -49.892 4.615 -16.614
v -50.166 4.1655 -16.685
v -50.266 4.4541 -15.936
v -49.892 4.615 -16.614
v -48.227 0.8794 -18.264
v -47.466 0.16456 -18.108
v -47.98 -0.59921 -18.218
v -47.98 -0.59921 -18.218
v -47.466 0.16456 -18.108
v -47.731 -1.2589 -18.141
v -49.947 3.7719 -17.232
v -49.287 4.3683 -17.625
v -49.175 4.0625 -18
v -46.759 0.040923 -17.634
v -47.536 -2.0584 -18.101
v -47.731 -1.2589 -18.141
v -43.445 -22.396 -7.7623
v -42.972 -23.284 -7.6998
v -43.182 -22.741 -7.1689
v -47.536 -2.0584 -18.101
v -46.759 0.040923 -17.634
v -46.818 -2.6276 -17.728
v -49.175 4.0625 -18
v -48.752 2.7475 -18.285
v -48.953 1.7764 -18.14
v -45.452 -7.4103 -16.481
v -45.734 -7.11 -17.014
v -45.909 -5.1996 -16.713
v -46.977 -12.435 -5.6283
v -46.544 -13.671 -5.4151
v -46.619 -12.746 -4.7893
v -38.378 -25.151 -15.625
v -37.94 -25.707 -15.43
v -38.217 -25.595 -15.721
v -50.166 4.1655 -16.685
v -49.287 4.3683 -17.625
v -49.947 3.7719 -17.232
v -38.217 -25.595 -15.721
v -37.94 -25.707 -15.43
v -37.733 -26.209 -15.697
v -48.227 0.8794 -18.264
v -48.953 1.7764 -18.14
v -48.752 2.7475 -18.285
v -37.733 -26.209 -15.697
v -37.23 -26.988 -15.676
v -38.095 -26.815 -16.227
v -37.475 -27.474 -16.015
v -38.095 -26.815 -16.227
v -37.23 -26.988 -15.676
v -37.23 -26.988 -15.676
v -37.324 -27.544 -15.663
v -37.475 -27.474 -16.015
v -46.082 -14.603 -4.7381
v -45.824 -15.695 -5.3015
v -45.732 -14.421 -3.788
v -45.404 -16.106 -4.3669
v -45.732 -14.421 -3.788
v -45.824 -15.695 -5.3015
v -43.687 -20.586 -5.2996
v -43.242 -21.654 -5.584
v -42.96 -21.7 -4.7496
v -43.825 -21.716 -7.6644
v -43.445 -22.396 -7.7623
v -43.182 -22.741 -7.1689
v -42.667 -16.021 -14.127
v -42.932 -15.441 -14.375
v -42.902 -15.3 -13.587
v -47.52 -12.57 -7.9553
v -47.353 -13.146 -7.9025
v -47.215 -12.984 -7.2504
v -50.098 0.70351 -11.286
v -50.207 0.20833 -11.854
v -50.128 -0.059703 -11.394
v -50.459 2.5623 -14.235
v -50.359 2.4111 -13.288
v -50.35 3.2524 -13.24
v -40.008 -21.738 -14.658
v -40.589 -20.807 -15.08
v -40.305 -21.219 -14.505
v -44.089 -12.139 -14.918
v -44.252 -11.244 -15.187
v -44.203 -11.532 -14.077
v -45.044 -9.037 -16.238
v -45.287 -8.1487 -16.506
v -45.092 -8.099 -15.647
v -42.388 -16.652 -13.776
v -41.903 -17.684 -14.101
v -42.184 -17.125 -14.78
v -50.2 1.0614 -12.023
v -50.214 1.6537 -12.165
v -50.368 1.4777 -13.132
v -49.704 -2.9235 -9.9718
v -49.528 -2.5622 -9.2003
v -49.741 -1.9891 -9.7538
v -48.942 -5.9251 -8.0062
v -48.889 -5.2897 -7.5104
v -49.065 -5.5421 -8.2539
v -38.933 -24.16 -15.478
v -39.303 -23.628 -15.595
v -39.219 -23.352 -14.882
v -48.889 -5.2897 -7.5104
v -48.942 -5.9251 -8.0062
v -48.724 -5.8916 -7.2578
v -39.579 -28.763 -11.897
v -39.255 -28.56 -12.359
v -39.209 -28.276 -11.715
v -48.776 -6.4509 -7.6781
v -48.724 -5.8916 -7.2578
v -48.942 -5.9251 -8.0062
v -48.724 -5.8916 -7.2578
v -48.776 -6.4509 -7.6781
v -48.598 -6.3273 -6.9488
v -47.275 -11.018 -5.4335
v -47.195 -11.795 -5.9067
v -46.972 -11.907 -5.2925
v -48.598 -6.3273 -6.9488
v -48.776 -6.4509 -7.6781
v -48.534 -6.7033 -6.9676
v -50.502 0.57255 -14.753
v -50.53 -0.1553 -14.716
v -50.449 -0.16155 -14.077
v -47.065 -13.853 -7.6684
v -46.888 -14.398 -7.778
v -46.854 -13.796 -6.8271
v -38.933 -24.16 -15.478
v -38.495 -24.683 -15.175
v -38.378 -25.151 -15.625
v -39.038 -28.047 -11.221
v -38.665 -27.651 -10.574
v -39.094 -28.181 -10.496
v -39.038 -28.047 -11.221
v -38.672 -27.921 -11.613
v -38.314 -27.655 -11.271
v -44.45 -10.54 -15.085
v -44.626 -10.373 -16.103
v -44.663 -9.7467 -15.425
v -38.378 -25.151 -15.625
v -38.217 -25.595 -15.721
v -38.644 -25.474 -16.106
v -41.335 -26.427 -8.6882
v -41.823 -25.651 -8.5498
v -41.618 -26.111 -9.0549
v -42.167 -23.64 -5.614
v -42.473 -22.883 -5.2857
v -42.536 -23.158 -5.994
v -43.212 -14.647 -14.211
v -43.582 -13.758 -14.613
v -43.363 -14.2 -13.853
v -44.089 -12.139 -14.918
v -44.203 -11.532 -14.077
v -43.987 -12.338 -14.082
v -42.932 -15.441 -14.375
v -43.212 -14.647 -14.211
v -42.902 -15.3 -13.587
v -47.065 -13.853 -7.6684
v -46.854 -13.796 -6.8271
v -47.215 -12.984 -7.2504
v -43.808 -13.058 -14.876
v -44.089 -12.139 -14.918
v -43.987 -12.338 -14.082
v -43.74 -13.135 -14.134
v -43.808 -13.058 -14.876
v -43.987 -12.338 -14.082
v -41.212 -25.402 -6.0992
v -41.657 -24.611 -5.9118
v -41.632 -25.011 -6.6826
v -38.947 -28.137 -9.5778
v -39.095 -28.133 -8.6598
v -39.567 -28.594 -9.3187
v -39.39 -28.251 -8.0631
v -39.669 -28.059 -7.3655
v -39.933 -28.167 -8.1363
v -39.669 -28.059 -7.3655
v -40.081 -27.699 -7.575
v -39.933 -28.167 -8.1363
v -47.748 -9.5384 -5.8778
v -47.944 -8.9687 -6.2082
v -47.866 -9.6424 -6.4617
v -40.451 -26.617 -6.3337
v -40.913 -26.248 -6.9282
v -40.465 -26.938 -7.0207
v -47.866 -9.6424 -6.4617
v -47.697 -10.356 -6.387
v -47.748 -9.5384 -5.8778
v -47.697 -10.356 -6.387
v -47.472 -10.813 -5.9816
v -47.534 -10.15 -5.6917
v -44.071 -12.172 -15.602
v -44.276 -11.506 -15.894
v -44.252 -11.244 -15.187
v -47.52 -12.57 -7.9553
v -47.58 -11.742 -7.2789
v -47.724 -11.908 -8.0263
v -40.589 -20.807 -15.08
v -40.008 -21.738 -14.658
v -40.044 -22.017 -15.561
v -41.514 -25.489 -7.2152
v -40.913 -26.248 -6.9282
v -41.212 -25.402 -6.0992
v -44.252 -11.244 -15.187
v -44.089 -12.139 -14.918
v -44.071 -12.172 -15.602
v -50.358 -1.1281 -12.954
v -50.269 -2.0581 -12.754
v -50.232 -1.58 -12.154
v -50.146 -2.4301 -12.039
v -49.99 -3.3056 -11.697
v -49.996 -2.663 -11.356
v -42.184 -17.125 -14.78
v -42.362 -16.678 -14.861
v -42.388 -16.652 -13.776
v -39.562 -22.948 -15.338
v -40.044 -22.017 -15.561
v -39.715 -22.419 -15.039
v -39.094 -28.181 -10.496
v -38.947 -28.137 -9.5778
v -39.434 -28.509 -10.24
v -49.949 -0.39444 -10.515
v -50.066 -0.53089 -11.257
v -50.057 -1.1141 -11.087
v -49.332 -3.7354 -8.7403
v -49.252 -4.7822 -8.7301
v -49.203 -4.0461 -8.308
v -49.88 -1.5076 -10.277
v -49.823 -0.74791 -9.9581
v -49.949 -0.39444 -10.515
v -39.525 -28.379 -8.6065
v -39.567 -28.594 -9.3187
v -39.095 -28.133 -8.6598
v -50.427 3.4491 -15.487
v -50.437 3.3108 -14.366
v -50.419 4.265 -15.323
v -49.252 -4.7822 -8.7301
v -49.078 -4.4641 -7.8867
v -49.203 -4.0461 -8.308
v -50.2 1.0614 -12.023
v -50.265 0.53371 -12.511
v -50.207 0.20833 -11.854
v -47.859 -11.046 -7.6243
v -48.252 -9.9686 -8.1312
v -48.002 -11.192 -8.3438
v -41.703 -18.21 -14.215
v -41.864 -17.918 -14.954
v -41.903 -17.684 -14.101
v -41.27 -19.326 -14.544
v -41.018 -19.832 -14.4
v -41.091 -19.772 -14.992
v -41.018 -19.832 -14.4
v -40.689 -20.457 -14.429
v -41.091 -19.772 -14.992
v -49.528 -2.5622 -9.2003
v -49.704 -2.9235 -9.9718
v -49.567 -3.3519 -9.4249
v -41.981 -19.937 -16.749
v -41.543 -19.562 -16.074
v -41.544 -20.471 -16.561
v -37.876 -27.859 -13.965
v -37.838 -27.664 -13.076
v -38.311 -28.024 -13.171
v -44.663 -9.7467 -15.425
v -44.626 -10.373 -16.103
v -44.791 -9.8946 -16.033
v -37.485 -27.677 -15.293
v -37.602 -27.625 -14.695
v -37.962 -27.977 -15.31
v -41.903 -17.684 -14.101
v -41.864 -17.918 -14.954
v -42.184 -17.125 -14.78
v -44.45 -10.54 -15.085
v -44.396 -10.922 -15.725
v -44.626 -10.373 -16.103
v -48.534 -6.7033 -6.9676
v -48.5 -7.5665 -7.3526
v -48.439 -7.2541 -6.8411
v -44.877 -9.0366 -15.746
v -44.791 -9.8946 -16.033
v -45.044 -9.037 -16.238
v -44.791 -9.8946 -16.033
v -44.877 -9.0366 -15.746
v -44.663 -9.7467 -15.425
v -44.276 -11.506 -15.894
v -44.396 -10.922 -15.725
v -44.252 -11.244 -15.187
v -48.331 -7.9778 -7.0283
v -48.251 -8.4168 -7.0523
v -48.166 -8.336 -6.544
v -47.195 -11.795 -5.9067
v -47.275 -11.018 -5.4335
v -47.472 -10.813 -5.9816
v -42.026 -19.026 -16.418
v -42.404 -18.093 -16.516
v -42.07 -18.27 -16.196
v -46.977 -12.435 -5.6283
v -46.972 -11.907 -5.2925
v -47.195 -11.795 -5.9067
v -42.536 -23.158 -5.994
v -42.473 -22.883 -5.2857
v -42.898 -22.367 -5.6784
v -40.589 -20.807 -15.08
v -40.689 -20.457 -14.429
v -40.305 -21.219 -14.505
v -42.536 -23.158 -5.994
v -42.211 -23.855 -6.2322
v -42.167 -23.64 -5.614
v -42.267 -17.526 -15.994
v -42.404 -18.093 -16.516
v -42.758 -17.747 -16.674
v -42.362 -16.678 -14.861
v -42.666 -16.086 -14.885
v -42.667 -16.021 -14.127
v -43.582 -13.758 -14.613
v -43.808 -13.058 -14.876
v -43.74 -13.135 -14.134
v -42.362 -16.678 -14.861
v -42.667 -16.021 -14.127
v -42.388 -16.652 -13.776
v -42.758 -17.747 -16.674
v -42.829 -16.848 -16.39
v -42.267 -17.526 -15.994
v -45.909 -5.1996 -16.713
v -45.734 -7.11 -17.014
v -46.468 -5.3209 -17.601
v -49.947 3.7719 -17.232
v -49.175 4.0625 -18
v -50.046 2.7261 -17.164
v -38.644 -25.474 -16.106
v -38.217 -25.595 -15.721
v -37.733 -26.209 -15.697
v -48.953 1.7764 -18.14
v -50.046 2.7261 -17.164
v -49.175 4.0625 -18
v -50.266 4.4541 -15.936
v -50.166 4.1655 -16.685
v -50.329 3.782 -16.226
v -50.329 3.782 -16.226
v -50.419 4.265 -15.323
v -50.266 4.4541 -15.936
v -49.183 -6.5469 -9.6027
v -49.027 -7.3172 -9.4388
v -49.015 -6.7251 -9.0256
v -44.46 -18.525 -4.5748
v -44.768 -18.533 -5.665
v -44.098 -19.752 -5.3236
v -44.817 -17.463 -4.1997
v -44.768 -18.533 -5.665
v -44.46 -18.525 -4.5748
v -45.404 -16.106 -4.3669
v -45.485 -17.16 -6.0788
v -44.817 -17.463 -4.1997
v -49.88 -1.5076 -10.277
v -49.855 -2.2162 -10.337
v -49.741 -1.9891 -9.7538
v -50.166 4.1655 -16.685
v -49.947 3.7719 -17.232
v -50.273 3.4936 -16.499
v -49.741 -1.9891 -9.7538
v -49.855 -2.2162 -10.337
v -49.704 -2.9235 -9.9718
v -49.412 -4.3154 -9.3671
v -49.332 -3.7354 -8.7403
v -49.567 -3.3519 -9.4249
v -44.126 -20.977 -7.3643
v -43.825 -21.716 -7.6644
v -43.573 -21.726 -6.7919
v -49.252 -4.7822 -8.7301
v -49.332 -3.7354 -8.7403
v -49.412 -4.3154 -9.3671
v -49.078 -4.4641 -7.8867
v -49.252 -4.7822 -8.7301
v -49.065 -5.5421 -8.2539
v -45.452 -7.4103 -16.481
v -45.294 -7.6541 -16.095
v -45.287 -8.1487 -16.506
v -46.854 -13.796 -6.8271
v -46.888 -14.398 -7.778
v -46.692 -14.42 -7.0018
v -50.368 1.4777 -13.132
v -50.265 0.53371 -12.511
v -50.2 1.0614 -12.023
v -49.949 -0.39444 -10.515
v -50.057 -1.1141 -11.087
v -49.88 -1.5076 -10.277
v -43.573 -21.726 -6.7919
v -43.825 -21.716 -7.6644
v -43.182 -22.741 -7.1689
v -43.212 -14.647 -14.211
v -42.932 -15.441 -14.375
v -43.097 -15.106 -14.819
v -41.632 -25.011 -6.6826
v -41.514 -25.489 -7.2152
v -41.212 -25.402 -6.0992
v -48.776 -6.4509 -7.6781
v -48.709 -6.9777 -7.7608
v -48.534 -6.7033 -6.9676
v -48.709 -6.9777 -7.7608
v -48.5 -7.5665 -7.3526
v -48.534 -6.7033 -6.9676
v -42.666 -16.086 -14.885
v -43.097 -15.106 -14.819
v -42.932 -15.441 -14.375
v -47.944 -8.9687 -6.2082
v -48.166 -8.336 -6.544
v -48.251 -8.4168 -7.0523
v -50.398 -0.74587 -13.352
v -50.448 0.0474 -13.594
v -50.449 -0.16155 -14.077
v -47.866 -9.6424 -6.4617
v -47.944 -8.9687 -6.2082
v -48.096 -9.2901 -7.0671
v -50.449 -0.16155 -14.077
v -50.464 0.89386 -13.76
v -50.502 0.57255 -14.753
v -39.933 -28.167 -8.1363
v -39.864 -28.386 -8.6305
v -39.39 -28.251 -8.0631
v -41.642 -18.492 -15.11
v -41.505 -18.824 -14.206
v -41.27 -19.326 -14.544
v -44.089 -12.139 -14.918
v -43.808 -13.058 -14.876
v -43.907 -12.684 -15.425
v -42.85 -22.923 -6.493
v -42.536 -23.158 -5.994
v -42.898 -22.367 -5.6784
v -40.465 -26.938 -7.0207
v -40.913 -26.248 -6.9282
v -40.687 -26.93 -7.7364
v -37.602 -27.625 -14.695
v -37.876 -27.859 -13.965
v -38.216 -28.093 -14.273
v -40.044 -22.017 -15.561
v -40.531 -21.231 -15.711
v -40.589 -20.807 -15.08
v -40.465 -26.938 -7.0207
v -40.687 -26.93 -7.7364
v -40.081 -27.699 -7.575
v -42.666 -16.086 -14.885
v -42.932 -15.441 -14.375
v -42.667 -16.021 -14.127
v -41.335 -26.427 -8.6882
v -41.618 -26.111 -9.0549
v -41.185 -26.762 -9.0031
v -43.313 -14.447 -15.061
v -43.582 -13.758 -14.613
v -43.212 -14.647 -14.211
v -41.657 -24.611 -5.9118
v -42.211 -23.855 -6.2322
v -42.089 -24.426 -6.8926
v -41.642 -18.492 -15.11
v -41.864 -17.918 -14.954
v -41.703 -18.21 -14.215
v -40.589 -20.807 -15.08
v -41.091 -19.772 -14.992
v -40.689 -20.457 -14.429
v -41.505 -18.824 -14.206
v -41.642 -18.492 -15.11
v -41.703 -18.21 -14.215
v -42.089 -24.426 -6.8926
v -41.632 -25.011 -6.6826
v -41.657 -24.611 -5.9118
v -50.166 4.1655 -16.685
v -50.273 3.4936 -16.499
v -50.329 3.782 -16.226
v -49.821 -3.7628 -10.723
v -49.872 -3.0975 -10.761
v -49.925 -3.9 -11.554
v -39.823 -28.798 -10.786
v -39.835 -28.789 -11.121
v -39.354 -28.445 -10.99
v -39.835 -28.789 -11.121
v -39.795 -28.829 -11.435
v -39.354 -28.445 -10.99
v -48.854 -8.2642 -9.2884
v -48.699 -8.3513 -8.7711
v -48.852 -7.6512 -9.0221
v -41.864 -17.918 -14.954
v -42.068 -17.522 -15.402
v -42.184 -17.125 -14.78
v -39.525 -28.379 -8.6065
v -39.39 -28.251 -8.0631
v -39.864 -28.386 -8.6305
v -40.324 -27.753 -8.3079
v -39.933 -28.167 -8.1363
v -40.081 -27.699 -7.575
v -50.437 3.3108 -14.366
v -50.427 3.4491 -15.487
v -50.494 2.8513 -15.245
v -50.507 1.1945 -14.539
v -50.501 1.549 -15.233
v -50.502 0.57255 -14.753
v -48.332 -10.063 -8.6314
v -48.252 -9.9686 -8.1312
v -48.485 -9.2771 -8.5456
v -49.99 -3.3056 -11.697
v -49.872 -3.0975 -10.761
v -49.996 -2.663 -11.356
v -41.091 -19.772 -14.992
v -41.409 -19.324 -15.473
v -41.27 -19.326 -14.544
v -49.015 -6.7251 -9.0256
v -49.027 -7.3172 -9.4388
v -48.852 -7.6512 -9.0221
v -43.687 -20.586 -5.2996
v -43.6 -21.266 -6.1522
v -43.242 -21.654 -5.584
v -47.933 -9.8208 -6.7866
v -47.697 -10.356 -6.387
v -47.866 -9.6424 -6.4617
v -40.529 -27.917 -9.597
v -40.131 -28.686 -10.243
v -40.011 -28.55 -9.6235
v -43.269 -21.979 -6.2528
v -42.898 -22.367 -5.6784
v -43.242 -21.654 -5.584
v -43.907 -12.684 -15.425
v -44.071 -12.172 -15.602
v -44.089 -12.139 -14.918
v -42.678 -15.965 -15.321
v -43.097 -15.106 -14.819
v -42.666 -16.086 -14.885
v -43.313 -14.447 -15.061
v -43.212 -14.647 -14.211
v -43.097 -15.106 -14.819
v -42.556 -23.636 -6.8806
v -42.211 -23.855 -6.2322
v -42.536 -23.158 -5.994
v -38.216 -28.093 -14.273
v -37.962 -27.977 -15.31
v -37.602 -27.625 -14.695
v -43.582 -13.758 -14.613
v -43.666 -13.389 -15.715
v -43.808 -13.058 -14.876
v -45.177 -10.357 -17.102
v -44.81 -10.76 -16.617
v -45.217 -11.271 -17.347
v -50.057 -1.1141 -11.087
v -50.034 -1.8108 -11.419
v -49.88 -1.5076 -10.277
v -48.251 -8.4168 -7.0523
v -48.096 -9.2901 -7.0671
v -47.944 -8.9687 -6.2082
v -47.933 -9.8208 -6.7866
v -47.866 -9.6424 -6.4617
v -48.096 -9.2901 -7.0671
v -50.038 2.0429 -17.167
v -50.046 2.7261 -17.164
v -48.953 1.7764 -18.14
v -47.324 -3.3414 -18.015
v -46.818 -2.6276 -17.728
v -46.337 -3.3832 -17.286
v -37.475 -27.474 -16.015
v -37.324 -27.544 -15.663
v -37.958 -28.023 -15.886
v -46.919 -4.5237 -17.834
v -47.324 -3.3414 -18.015
v -46.337 -3.3832 -17.286
v -46.337 -3.3832 -17.286
v -46.468 -5.3209 -17.601
v -46.919 -4.5237 -17.834
v -50.419 4.265 -15.323
v -50.329 3.782 -16.226
v -50.427 3.4491 -15.487
v -37.958 -28.023 -15.886
v -37.324 -27.544 -15.663
v -37.485 -27.677 -15.293
v -46.977 -12.435 -5.6283
v -46.924 -12.77 -5.8721
v -46.544 -13.671 -5.4151
v -44.817 -17.463 -4.1997
v -45.485 -17.16 -6.0788
v -44.768 -18.533 -5.665
v -49.88 -1.5076 -10.277
v -50.034 -1.8108 -11.419
v -49.855 -2.2162 -10.337
v -38.933 -24.16 -15.478
v -38.378 -25.151 -15.625
v -39.496 -23.969 -16.12
v -41.514 -25.489 -7.2152
v -41.161 -26.117 -7.5409
v -40.913 -26.248 -6.9282
v -45.452 -7.4103 -16.481
v -45.287 -8.1487 -16.506
v -45.734 -7.11 -17.014
v -41.823 -25.651 -8.5498
v -41.335 -26.427 -8.6882
v -41.353 -26.114 -8.0701
v -50.208 -0.51226 -12.015
v -50.128 -0.059703 -11.394
v -50.207 0.20833 -11.854
v -50.128 -0.059703 -11.394
v -50.208 -0.51226 -12.015
v -50.066 -0.53089 -11.257
v -45.287 -8.1487 -16.506
v -45.044 -9.037 -16.238
v -45.301 -8.9612 -16.768
v -47.472 -10.813 -5.9816
v -47.697 -10.356 -6.387
v -47.517 -11.333 -6.63
v -43.666 -13.389 -15.715
v -43.907 -12.684 -15.425
v -43.808 -13.058 -14.876
v -48.942 -5.9251 -8.0062
v -48.976 -6.3964 -8.4437
v -48.776 -6.4509 -7.6781
v -45.044 -9.037 -16.238
v -44.791 -9.8946 -16.033
v -45.051 -9.5538 -16.561
v -48.709 -6.9777 -7.7608
v -48.776 -6.4509 -7.6781
v -48.976 -6.3964 -8.4437
v -39.434 -28.509 -10.24
v -38.947 -28.137 -9.5778
v -39.624 -28.664 -9.9242
v -38.947 -28.137 -9.5778
v -39.567 -28.594 -9.3187
v -39.624 -28.664 -9.9242
v -39.567 -28.594 -9.3187
v -39.525 -28.379 -8.6065
v -39.864 -28.386 -8.6305
v -48.662 -7.64 -8.0259
v -48.5 -7.5665 -7.3526
v -48.709 -6.9777 -7.7608
v -43.582 -13.758 -14.613
v -43.411 -14.246 -15.516
v -43.666 -13.389 -15.715
v -47.235 -12.126 -6.4041
v -47.195 -11.795 -5.9067
v -47.517 -11.333 -6.63
v -47.517 -11.333 -6.63
v -47.195 -11.795 -5.9067
v -47.472 -10.813 -5.9816
v -42.678 -15.965 -15.321
v -43.157 -14.958 -15.532
v -43.097 -15.106 -14.819
v -50.459 2.5623 -14.235
v -50.437 3.3108 -14.366
v -50.494 2.8513 -15.245
v -43.313 -14.447 -15.061
v -43.411 -14.246 -15.516
v -43.582 -13.758 -14.613
v -50.038 2.0429 -17.167
v -50.201 1.065 -16.815
v -50.29 1.6438 -16.598
v -43.313 -14.447 -15.061
v -43.097 -15.106 -14.819
v -43.157 -14.958 -15.532
v -41.823 -25.651 -8.5498
v -41.912 -25.101 -7.9374
v -42.327 -24.772 -8.4704
v -48.333 -8.689 -7.516
v -48.096 -9.2901 -7.0671
v -48.251 -8.4168 -7.0523
v -40.687 -26.93 -7.7364
v -40.913 -26.248 -6.9282
v -41.161 -26.117 -7.5409
v -50.475 1.809 -14.097
v -50.359 2.4111 -13.288
v -50.459 2.5623 -14.235
v -50.359 2.4111 -13.288
v -50.475 1.809 -14.097
v -50.368 1.4777 -13.132
v -39.562 -22.948 -15.338
v -39.734 -23.261 -16.01
v -40.044 -22.017 -15.561
v -46.977 -12.435 -5.6283
v -47.195 -11.795 -5.9067
v -47.235 -12.126 -6.4041
v -41.642 -18.492 -15.11
v -41.27 -19.326 -14.544
v -41.409 -19.324 -15.473
v -39.303 -23.628 -15.595
v -39.734 -23.261 -16.01
v -39.562 -22.948 -15.338
v -42.362 -16.678 -14.861
v -42.678 -15.965 -15.321
v -42.666 -16.086 -14.885
v -39.303 -23.628 -15.595
v -38.933 -24.16 -15.478
v -39.496 -23.969 -16.12
v -38.311 -28.024 -13.171
v -38.433 -27.883 -12.248
v -38.979 -28.447 -13.037
v -39.038 -28.047 -11.221
v -39.209 -28.276 -11.715
v -38.672 -27.921 -11.613
v -38.216 -28.093 -14.273
v -37.876 -27.859 -13.965
v -38.311 -28.024 -13.171
v -42.85 -22.923 -6.493
v -42.898 -22.367 -5.6784
v -43.101 -22.457 -6.5377
v -43.101 -22.457 -6.5377
v -42.898 -22.367 -5.6784
v -43.269 -21.979 -6.2528
v -37.962 -27.977 -15.31
v -37.958 -28.023 -15.886
v -37.485 -27.677 -15.293
v -41.091 -19.772 -14.992
v -40.589 -20.807 -15.08
v -40.806 -20.74 -15.811
v -40.806 -20.74 -15.811
v -40.589 -20.807 -15.08
v -40.531 -21.231 -15.711
v -42.556 -23.636 -6.8806
v -42.089 -24.426 -6.8926
v -42.211 -23.855 -6.2322
v -44.764 -19.136 -6.6617
v -45.485 -17.16 -6.0788
v -45.57 -18.198 -8.1037
v -40.139 -23.79 -16.551
v -40.453 -22.237 -16.22
v -39.734 -23.261 -16.01
v -38.672 -27.921 -11.613
v -39.255 -28.56 -12.359
v -38.433 -27.883 -12.248
v -43.157 -14.958 -15.532
v -42.678 -15.965 -15.321
v -42.785 -15.855 -15.657
v -47.235 -12.126 -6.4041
v -46.924 -12.77 -5.8721
v -46.977 -12.435 -5.6283
v -43.204 -15.218 -16.15
v -43.688 -15.118 -16.743
v -43.502 -14.415 -16.115
v -49.252 -4.7822 -8.7301
v -49.124 -6.0203 -8.8035
v -49.065 -5.5421 -8.2539
v -49.065 -5.5421 -8.2539
v -48.976 -6.3964 -8.4437
v -48.942 -5.9251 -8.0062
v -40.806 -20.74 -15.811
v -41.125 -21.003 -16.352
v -41.544 -20.471 -16.561
v -45.051 -9.5538 -16.561
v -45.301 -8.9612 -16.768
v -45.044 -9.037 -16.238
v -42.678 -15.965 -15.321
v -42.362 -16.678 -14.861
v -42.578 -16.598 -15.944
v -41.321 -19.731 -15.787
v -40.806 -20.74 -15.811
v -41.544 -20.471 -16.561
v -48.709 -6.9777 -7.7608
v -48.976 -6.3964 -8.4437
v -48.854 -7.0453 -8.5101
v -43.666 -13.389 -15.715
v -43.944 -12.931 -16.086
v -43.907 -12.684 -15.425
v -43.269 -21.979 -6.2528
v -43.242 -21.654 -5.584
v -43.6 -21.266 -6.1522
v -42.068 -17.522 -15.402
v -42.578 -16.598 -15.944
v -42.362 -16.678 -14.861
v -41.544 -20.471 -16.561
v -41.543 -19.562 -16.074
v -41.321 -19.731 -15.787
v -42.362 -16.678 -14.861
v -42.184 -17.125 -14.78
v -42.068 -17.522 -15.402
v -45.051 -9.5538 -16.561
v -44.791 -9.8946 -16.033
v -44.626 -10.373 -16.103
v -48.333 -8.689 -7.516
v -48.331 -7.9778 -7.0283
v -48.5 -7.5665 -7.3526
v -48.331 -7.9778 -7.0283
v -48.333 -8.689 -7.516
v -48.251 -8.4168 -7.0523
v -47.768 -10.688 -6.9485
v -47.697 -10.356 -6.387
v -47.933 -9.8208 -6.7866
v -43.645 -13.867 -16.071
v -43.666 -13.389 -15.715
v -43.411 -14.246 -15.516
v -44.097 -13.159 -16.55
v -43.645 -13.867 -16.071
v -43.842 -14.302 -16.669
v -44.626 -10.373 -16.103
v -44.396 -10.922 -15.725
v -44.648 -11.051 -16.383
v -40.081 -27.699 -7.575
v -40.687 -26.93 -7.7364
v -40.324 -27.753 -8.3079
v -41.822 -18.309 -15.708
v -42.068 -17.522 -15.402
v -41.864 -17.918 -14.954
v -41.864 -17.918 -14.954
v -41.642 -18.492 -15.11
v -41.822 -18.309 -15.708
v -42.85 -22.923 -6.493
v -42.556 -23.636 -6.8806
v -42.536 -23.158 -5.994
v -44.359 -12.058 -16.404
v -44.514 -12.971 -16.981
v -44.906 -11.869 -17.152
v -50.494 2.8513 -15.245
v -50.549 2.288 -15
v -50.459 2.5623 -14.235
v -44.359 -12.058 -16.404
v -44.906 -11.869 -17.152
v -44.648 -11.051 -16.383
v -44.104 -20.748 -6.9016
v -44.126 -20.977 -7.3643
v -43.573 -21.726 -6.7919
v -41.514 -25.489 -7.2152
v -41.632 -25.011 -6.6826
v -41.85 -24.972 -7.3228
v -43.157 -14.958 -15.532
v -43.411 -14.246 -15.516
v -43.313 -14.447 -15.061
v -44.769 -19.483 -7.3022
v -44.476 -20.05 -7.1734
v -44.764 -19.136 -6.6617
v -39.354 -28.445 -10.99
v -39.038 -28.047 -11.221
v -39.094 -28.181 -10.496
v -49.635 -4.2475 -10.205
v -49.821 -3.7628 -10.723
v -49.72 -4.5505 -11.06
v -43.944 -12.931 -16.086
v -44.071 -12.172 -15.602
v -43.907 -12.684 -15.425
v -39.496 -23.969 -16.12
v -38.378 -25.151 -15.625
v -39.369 -24.846 -16.382
v -38.378 -25.151 -15.625
v -38.644 -25.474 -16.106
v -39.369 -24.846 -16.382
v -49.925 -3.9 -11.554
v -49.872 -3.0975 -10.761
v -49.99 -3.3056 -11.697
v -50.464 0.89386 -13.76
v -50.368 1.4777 -13.132
v -50.475 1.809 -14.097
v -50.368 1.4777 -13.132
v -50.464 0.89386 -13.76
v -50.385 0.41868 -13.093
v -50.368 1.4777 -13.132
v -50.385 0.41868 -13.093
v -50.265 0.53371 -12.511
v -46.085 -15.974 -6.7439
v -46.284 -15.381 -6.6135
v -46.284 -15.852 -7.149
v -50.145 -1.1999 -11.672
v -50.066 -0.53089 -11.257
v -50.208 -0.51226 -12.015
v -50.145 -1.1999 -11.672
v -50.057 -1.1141 -11.087
v -50.066 -0.53089 -11.257
v -50.146 -2.4301 -12.039
v -50.034 -1.8108 -11.419
v -50.232 -1.58 -12.154
v -48.227 0.8794 -18.264
v -49.165 0.050719 -17.983
v -48.953 1.7764 -18.14
v -50.427 3.4491 -15.487
v -50.329 3.782 -16.226
v -50.273 3.4936 -16.499
v -50.273 3.4936 -16.499
v -50.494 2.8513 -15.245
v -50.427 3.4491 -15.487
v -37.475 -27.474 -16.015
v -38.323 -27.453 -16.474
v -38.095 -26.815 -16.227
v -46.544 -13.671 -5.4151
v -46.924 -12.77 -5.8721
v -46.855 -13.301 -6.2157
v -44.146 -20.388 -6.5291
v -43.687 -20.586 -5.2996
v -44.098 -19.752 -5.3236
v -46.544 -13.671 -5.4151
v -46.56 -14.429 -6.425
v -46.082 -14.603 -4.7381
v -45.824 -15.695 -5.3015
v -45.485 -17.16 -6.0788
v -45.404 -16.106 -4.3669
v -44.276 -11.506 -15.894
v -44.071 -12.172 -15.602
v -44.359 -12.058 -16.404
v -41.185 -26.762 -9.0031
v -40.761 -27.373 -9.0622
v -40.882 -27.044 -8.4592
v -50.358 -1.1281 -12.954
v -50.232 -1.58 -12.154
v -50.265 -0.99499 -12.399
v -50.289 2.6136 -16.637
v -49.947 3.7719 -17.232
v -50.046 2.7261 -17.164
v -41.091 -19.772 -14.992
v -41.321 -19.731 -15.787
v -41.409 -19.324 -15.473
v -49.947 3.7719 -17.232
v -50.289 2.6136 -16.637
v -50.273 3.4936 -16.499
v -47.933 -9.8208 -6.7866
v -48.096 -9.2901 -7.0671
v -48.06 -9.9672 -7.4453
v -40.882 -27.044 -8.4592
v -41.335 -26.427 -8.6882
v -41.185 -26.762 -9.0031
v -49.412 -4.3154 -9.3671
v -49.279 -5.1707 -9.2439
v -49.252 -4.7822 -8.7301
v -48.699 -8.3513 -8.7711
v -48.485 -9.2771 -8.5456
v -48.59 -8.3977 -8.2091
v -39.094 -28.181 -10.496
v -39.434 -28.509 -10.24
v -39.354 -28.445 -10.99
v -42.556 -23.636 -6.8806
v -42.46 -24.001 -7.2416
v -42.089 -24.426 -6.8926
v -37.962 -27.977 -15.31
v -38.474 -28.421 -14.997
v -38.425 -28.472 -15.793
v -49.252 -4.7822 -8.7301
v -49.279 -5.1707 -9.2439
v -49.124 -6.0203 -8.8035
v -48.976 -6.3964 -8.4437
v -49.065 -5.5421 -8.2539
v -49.124 -6.0203 -8.8035
v -39.567 -28.594 -9.3187
v -39.864 -28.386 -8.6305
v -39.96 -28.514 -9.1736
v -41.72 -18.785 -15.756
v -41.822 -18.309 -15.708
v -41.642 -18.492 -15.11
v -48.854 -7.0453 -8.5101
v -48.662 -7.64 -8.0259
v -48.709 -6.9777 -7.7608
v -50.265 0.53371 -12.511
v -50.292 -0.24126 -12.822
v -50.208 -0.51226 -12.015
v -50.265 0.53371 -12.511
v -50.208 -0.51226 -12.015
v -50.207 0.20833 -11.854
v -48.852 -7.6512 -9.0221
v -48.699 -8.3513 -8.7711
v -48.59 -8.3977 -8.2091
v -41.642 -18.492 -15.11
v -41.409 -19.324 -15.473
v -41.72 -18.785 -15.756
v -50.549 2.288 -15
v -50.475 1.809 -14.097
v -50.459 2.5623 -14.235
v -50.057 -1.1141 -11.087
v -50.145 -1.1999 -11.672
v -50.034 -1.8108 -11.419
v -50.398 -0.74587 -13.352
v -50.358 -1.1281 -12.954
v -50.265 -0.99499 -12.399
v -49.872 -3.0975 -10.761
v -49.855 -2.2162 -10.337
v -49.901 -2.4884 -10.806
v -47.517 -11.333 -6.63
v -47.697 -10.356 -6.387
v -47.768 -10.688 -6.9485
v -49.704 -2.9235 -9.9718
v -49.855 -2.2162 -10.337
v -49.872 -3.0975 -10.761
v -41.912 -25.101 -7.9374
v -42.283 -24.513 -7.8513
v -42.327 -24.772 -8.4704
v -44.146 -20.388 -6.5291
v -43.6 -21.266 -6.1522
v -43.687 -20.586 -5.2996
v -46.924 -12.77 -5.8721
v -47.235 -12.126 -6.4041
v -47.081 -12.866 -6.6477
v -46.284 -15.381 -6.6135
v -46.519 -14.993 -7.0285
v -46.448 -15.312 -7.1369
v -46.448 -15.312 -7.1369
v -46.284 -15.852 -7.149
v -46.284 -15.381 -6.6135
v -47.081 -12.866 -6.6477
v -46.855 -13.301 -6.2157
v -46.924 -12.77 -5.8721
v -49.704 -2.9235 -9.9718
v -49.821 -3.7628 -10.723
v -49.567 -3.3519 -9.4249
v -43.411 -14.246 -15.516
v -43.157 -14.958 -15.532
v -43.502 -14.415 -16.115
v -43.204 -15.218 -16.15
v -43.502 -14.415 -16.115
v -43.157 -14.958 -15.532
v -48.06 -9.9672 -7.4453
v -47.768 -10.688 -6.9485
v -47.933 -9.8208 -6.7866
v -49.412 -4.3154 -9.3671
v -49.444 -4.9015 -9.7585
v -49.279 -5.1707 -9.2439
v -43.157 -14.958 -15.532
v -42.785 -15.855 -15.657
v -43.204 -15.218 -16.15
v -41.85 -24.972 -7.3228
v -41.632 -25.011 -6.6826
v -42.089 -24.426 -6.8926
v -45.734 -7.11 -17.014
v -45.287 -8.1487 -16.506
v -46.018 -8.2374 -17.497
v -45.287 -8.1487 -16.506
v -45.301 -8.9612 -16.768
v -46.018 -8.2374 -17.497
v -42.785 -15.855 -15.657
v -42.678 -15.965 -15.321
v -42.578 -16.598 -15.944
v -38.311 -28.024 -13.171
v -38.94 -28.596 -13.788
v -38.216 -28.093 -14.273
v -47.517 -11.333 -6.63
v -47.32 -12.317 -6.8611
v -47.235 -12.126 -6.4041
v -47.081 -12.866 -6.6477
v -47.235 -12.126 -6.4041
v -47.32 -12.317 -6.8611
v -42.267 -17.526 -15.994
v -42.578 -16.598 -15.944
v -42.068 -17.522 -15.402
v -44.81 -10.76 -16.617
v -44.626 -10.373 -16.103
v -44.648 -11.051 -16.383
v -38.979 -28.447 -13.037
v -38.433 -27.883 -12.248
v -39.255 -28.56 -12.359
v -44.276 -11.506 -15.894
v -44.648 -11.051 -16.383
v -44.396 -10.922 -15.725
v -42.07 -18.27 -16.196
v -42.267 -17.526 -15.994
v -42.068 -17.522 -15.402
v -43.101 -22.457 -6.5377
v -43.182 -22.741 -7.1689
v -42.85 -22.923 -6.493
v -42.068 -17.522 -15.402
v -41.822 -18.309 -15.708
v -42.07 -18.27 -16.196
v -44.81 -10.76 -16.617
v -44.648 -11.051 -16.383
v -45.217 -11.271 -17.347
v -49.183 -6.5469 -9.6027
v -49.285 -5.7725 -9.4601
v -49.368 -5.9433 -9.9436
v -48.59 -8.3977 -8.2091
v -48.5 -7.5665 -7.3526
v -48.662 -7.64 -8.0259
v -48.333 -8.689 -7.516
v -48.5 -7.5665 -7.3526
v -48.59 -8.3977 -8.2091
v -43.645 -13.867 -16.071
v -43.411 -14.246 -15.516
v -43.502 -14.415 -16.115
v -43.269 -21.979 -6.2528
v -43.6 -21.266 -6.1522
v -43.573 -21.726 -6.7919
v -50.292 -0.24126 -12.822
v -50.265 0.53371 -12.511
v -50.385 0.41868 -13.093
v -40.324 -27.753 -8.3079
v -40.687 -26.93 -7.7364
v -40.882 -27.044 -8.4592
v -39.96 -28.514 -9.1736
v -39.864 -28.386 -8.6305
v -40.195 -28.13 -8.9292
v -47.215 -12.984 -7.2504
v -47.32 -12.317 -6.8611
v -47.52 -12.57 -7.9553
v -41.353 -26.114 -8.0701
v -40.687 -26.93 -7.7364
v -41.161 -26.117 -7.5409
v -39.933 -28.167 -8.1363
v -40.324 -27.753 -8.3079
v -40.195 -28.13 -8.9292
v -40.195 -28.13 -8.9292
v -39.864 -28.386 -8.6305
v -39.933 -28.167 -8.1363
v -49.901 -2.4884 -10.806
v -49.855 -2.2162 -10.337
v -50.034 -1.8108 -11.419
v -47.58 -11.742 -7.2789
v -47.52 -12.57 -7.9553
v -47.32 -12.317 -6.8611
v -49.872 -3.0975 -10.761
v -49.821 -3.7628 -10.723
v -49.704 -2.9235 -9.9718
v -50.208 -0.51226 -12.015
v -50.265 -0.99499 -12.399
v -50.145 -1.1999 -11.672
v -46.468 -5.3209 -17.601
v -45.734 -7.11 -17.014
v -46.376 -6.7756 -17.675
v -49.444 -4.9015 -9.7585
v -49.522 -5.1285 -10.296
v -49.368 -5.9433 -9.9436
v -40.806 -20.74 -15.811
v -41.321 -19.731 -15.787
v -41.091 -19.772 -14.992
v -47.536 -2.0584 -18.101
v -46.818 -2.6276 -17.728
v -47.324 -3.3414 -18.015
v -46.544 -13.671 -5.4151
v -46.855 -13.301 -6.2157
v -46.854 -13.796 -6.8271
v -44.764 -19.136 -6.6617
v -44.146 -20.388 -6.5291
v -44.098 -19.752 -5.3236
v -46.56 -14.429 -6.425
v -46.284 -15.381 -6.6135
v -46.082 -14.603 -4.7381
v -46.284 -15.381 -6.6135
v -45.824 -15.695 -5.3015
v -46.082 -14.603 -4.7381
v -44.098 -19.752 -5.3236
v -44.768 -18.533 -5.665
v -44.764 -19.136 -6.6617
v -46.56 -14.429 -6.425
v -46.544 -13.671 -5.4151
v -46.854 -13.796 -6.8271
v -39.496 -23.969 -16.12
v -39.734 -23.261 -16.01
v -39.303 -23.628 -15.595
v -49.635 -4.2475 -10.205
v -49.567 -3.3519 -9.4249
v -49.821 -3.7628 -10.723
v -47.859 -11.046 -7.6243
v -47.724 -11.908 -8.0263
v -47.58 -11.742 -7.2789
v -49.567 -3.3519 -9.4249
v -49.635 -4.2475 -10.205
v -49.412 -4.3154 -9.3671
v -49.635 -4.2475 -10.205
v -49.444 -4.9015 -9.7585
v -49.412 -4.3154 -9.3671
v -48.333 -8.689 -7.516
v -48.06 -9.9672 -7.4453
v -48.096 -9.2901 -7.0671
v -39.795 -28.829 -11.435
v -39.579 -28.763 -11.897
v -39.209 -28.276 -11.715
v -49.522 -5.1285 -10.296
v -49.635 -4.2475 -10.205
v -49.72 -4.5505 -11.06
v -41.85 -24.972 -7.3228
v -41.912 -25.101 -7.9374
v -41.514 -25.489 -7.2152
v -49.279 -5.1707 -9.2439
v -49.285 -5.7725 -9.4601
v -49.124 -6.0203 -8.8035
v -44.359 -12.058 -16.404
v -43.944 -12.931 -16.086
v -44.514 -12.971 -16.981
v -41.72 -18.785 -15.756
v -41.409 -19.324 -15.473
v -41.543 -19.562 -16.074
v -41.409 -19.324 -15.473
v -41.321 -19.731 -15.787
v -41.543 -19.562 -16.074
v -44.476 -20.05 -7.1734
v -44.104 -20.748 -6.9016
v -44.146 -20.388 -6.5291
v -47.859 -11.046 -7.6243
v -48.06 -9.9672 -7.4453
v -48.252 -9.9686 -8.1312
v -43.6 -21.266 -6.1522
v -44.146 -20.388 -6.5291
v -44.104 -20.748 -6.9016
v -39.209 -28.276 -11.715
v -39.038 -28.047 -11.221
v -39.354 -28.445 -10.99
v -47.58 -11.742 -7.2789
v -47.768 -10.688 -6.9485
v -47.859 -11.046 -7.6243
v -38.672 -27.921 -11.613
v -39.209 -28.276 -11.715
v -39.255 -28.56 -12.359
v -44.626 -10.373 -16.103
v -45.177 -10.357 -17.102
v -45.051 -9.5538 -16.561
v -43.573 -21.726 -6.7919
v -43.101 -22.457 -6.5377
v -43.269 -21.979 -6.2528
v -50.464 0.89386 -13.76
v -50.475 1.809 -14.097
v -50.507 1.1945 -14.539
v -41.161 -26.117 -7.5409
v -41.514 -25.489 -7.2152
v -41.353 -26.114 -8.0701
v -50.232 -1.58 -12.154
v -50.145 -1.1999 -11.672
v -50.265 -0.99499 -12.399
v -46.854 -13.796 -6.8271
v -47.081 -12.866 -6.6477
v -47.215 -12.984 -7.2504
v -42.972 -23.284 -7.6998
v -42.733 -23.769 -7.9286
v -42.46 -24.001 -7.2416
v -39.624 -28.664 -9.9242
v -39.567 -28.594 -9.3187
v -40.011 -28.55 -9.6235
v -40.011 -28.55 -9.6235
v -39.567 -28.594 -9.3187
v -39.96 -28.514 -9.1736
v -49.124 -6.0203 -8.8035
v -49.015 -6.7251 -9.0256
v -48.976 -6.3964 -8.4437
v -48.854 -7.0453 -8.5101
v -48.976 -6.3964 -8.4437
v -49.015 -6.7251 -9.0256
v -44.104 -20.748 -6.9016
v -43.573 -21.726 -6.7919
v -43.6 -21.266 -6.1522
v -43.204 -15.218 -16.15
v -42.785 -15.855 -15.657
v -43.068 -16.071 -16.436
v -40.882 -27.044 -8.4592
v -40.687 -26.93 -7.7364
v -41.353 -26.114 -8.0701
v -42.578 -16.598 -15.944
v -43.068 -16.071 -16.436
v -42.785 -15.855 -15.657
v -48.854 -7.0453 -8.5101
v -48.759 -7.6144 -8.4624
v -48.662 -7.64 -8.0259
v -50.034 -1.8108 -11.419
v -49.996 -2.663 -11.356
v -49.901 -2.4884 -10.806
v -38.979 -28.447 -13.037
v -38.94 -28.596 -13.788
v -38.311 -28.024 -13.171
v -48.759 -7.6144 -8.4624
v -48.854 -7.0453 -8.5101
v -48.852 -7.6512 -9.0221
v -50.464 0.89386 -13.76
v -50.449 -0.16155 -14.077
v -50.448 0.0474 -13.594
v -38.216 -28.093 -14.273
v -38.474 -28.421 -14.997
v -37.962 -27.977 -15.31
v -39.496 -23.969 -16.12
v -40.139 -23.79 -16.551
v -39.734 -23.261 -16.01
v -48.06 -9.9672 -7.4453
v -48.333 -8.689 -7.516
v -48.252 -9.9686 -8.1312
v -47.768 -10.688 -6.9485
v -47.58 -11.742 -7.2789
v -47.517 -11.333 -6.63
v -42.556 -23.636 -6.8806
v -42.85 -22.923 -6.493
v -43.182 -22.741 -7.1689
v -48.852 -7.6512 -9.0221
v -48.854 -7.0453 -8.5101
v -49.015 -6.7251 -9.0256
v -47.58 -11.742 -7.2789
v -47.32 -12.317 -6.8611
v -47.517 -11.333 -6.63
v -48.06 -9.9672 -7.4453
v -47.859 -11.046 -7.6243
v -47.768 -10.688 -6.9485
v -43.944 -12.931 -16.086
v -44.359 -12.058 -16.404
v -44.071 -12.172 -15.602
v -40.044 -22.017 -15.561
v -40.453 -22.237 -16.22
v -40.531 -21.231 -15.711
v -50.146 -2.4301 -12.039
v -49.996 -2.663 -11.356
v -50.034 -1.8108 -11.419
v -40.044 -22.017 -15.561
v -39.734 -23.261 -16.01
v -40.453 -22.237 -16.22
v -50.273 3.4936 -16.499
v -50.289 2.6136 -16.637
v -50.494 2.8513 -15.245
v -50.494 2.8513 -15.245
v -50.289 2.6136 -16.637
v -50.407 2.0609 -16.101
v -50.407 2.0609 -16.101
v -50.549 2.288 -15
v -50.494 2.8513 -15.245
v -48.227 0.8794 -18.264
v -47.98 -0.59921 -18.218
v -49.165 0.050719 -17.983
v -47.731 -1.2589 -18.141
v -47.536 -2.0584 -18.101
v -48.607 -1.4852 -18.135
v -38.644 -25.474 -16.106
v -37.733 -26.209 -15.697
v -38.915 -26.024 -16.41
v -50.038 2.0429 -17.167
v -48.953 1.7764 -18.14
v -49.165 0.050719 -17.983
v -38.915 -26.024 -16.41
v -37.733 -26.209 -15.697
v -38.095 -26.815 -16.227
v -46.284 -15.381 -6.6135
v -46.56 -14.429 -6.425
v -46.519 -14.993 -7.0285
v -45.824 -15.695 -5.3015
v -46.284 -15.381 -6.6135
v -46.085 -15.974 -6.7439
v -45.734 -7.11 -17.014
v -46.018 -8.2374 -17.497
v -46.376 -6.7756 -17.675
v -39.787 -28.736 -10.36
v -39.624 -28.664 -9.9242
v -40.131 -28.686 -10.243
v -40.806 -20.74 -15.811
v -40.531 -21.231 -15.711
v -41.125 -21.003 -16.352
v -46.085 -15.974 -6.7439
v -45.485 -17.16 -6.0788
v -45.824 -15.695 -5.3015
v -45.485 -17.16 -6.0788
v -44.764 -19.136 -6.6617
v -44.768 -18.533 -5.665
v -39.823 -28.798 -10.786
v -39.434 -28.509 -10.24
v -39.787 -28.736 -10.36
v -50.385 0.41868 -13.093
v -50.464 0.89386 -13.76
v -50.448 0.0474 -13.594
v -48.252 -9.9686 -8.1312
v -48.333 -8.689 -7.516
v -48.485 -9.2771 -8.5456
v -39.434 -28.509 -10.24
v -39.823 -28.798 -10.786
v -39.354 -28.445 -10.99
v -49.635 -4.2475 -10.205
v -49.522 -5.1285 -10.296
v -49.444 -4.9015 -9.7585
v -41.823 -25.651 -8.5498
v -41.353 -26.114 -8.0701
v -41.912 -25.101 -7.9374
v -40.529 -27.917 -9.597
v -40.011 -28.55 -9.6235
v -39.96 -28.514 -9.1736
v -49.872 -3.0975 -10.761
v -49.901 -2.4884 -10.806
v -49.996 -2.663 -11.356
v -49.279 -5.1707 -9.2439
v -49.444 -4.9015 -9.7585
v -49.285 -5.7725 -9.4601
v -50.208 -0.51226 -12.015
v -50.292 -0.24126 -12.822
v -50.265 -0.99499 -12.399
v -39.209 -28.276 -11.715
v -39.354 -28.445 -10.99
v -39.795 -28.829 -11.435
v -42.267 -17.526 -15.994
v -42.07 -18.27 -16.196
v -42.404 -18.093 -16.516
v -41.353 -26.114 -8.0701
v -41.335 -26.427 -8.6882
v -40.882 -27.044 -8.4592
v -40.761 -27.373 -9.0622
v -40.529 -27.917 -9.597
v -40.195 -28.13 -8.9292
v -49.285 -5.7725 -9.4601
v -49.015 -6.7251 -9.0256
v -49.124 -6.0203 -8.8035
v -49.444 -4.9015 -9.7585
v -49.368 -5.9433 -9.9436
v -49.285 -5.7725 -9.4601
v -44.626 -10.373 -16.103
v -44.81 -10.76 -16.617
v -45.177 -10.357 -17.102
v -50.034 -1.8108 -11.419
v -50.145 -1.1999 -11.672
v -50.232 -1.58 -12.154
v -44.276 -11.506 -15.894
v -44.359 -12.058 -16.404
v -44.648 -11.051 -16.383
v -42.972 -23.284 -7.6998
v -42.556 -23.636 -6.8806
v -43.182 -22.741 -7.1689
v -43.944 -12.931 -16.086
v -43.666 -13.389 -15.715
v -44.097 -13.159 -16.55
v -43.645 -13.867 -16.071
v -44.097 -13.159 -16.55
v -43.666 -13.389 -15.715
v -50.407 2.0609 -16.101
v -50.289 2.6136 -16.637
v -50.29 1.6438 -16.598
v -41.543 -19.562 -16.074
v -42.026 -19.026 -16.418
v -41.72 -18.785 -15.756
v -43.645 -13.867 -16.071
v -43.502 -14.415 -16.115
v -43.842 -14.302 -16.669
v -50.501 1.549 -15.233
v -50.475 1.809 -14.097
v -50.549 2.288 -15
v -47.32 -12.317 -6.8611
v -47.215 -12.984 -7.2504
v -47.081 -12.866 -6.6477
v -38.894 -28.641 -14.352
v -38.216 -28.093 -14.273
v -38.94 -28.596 -13.788
v -50.507 1.1945 -14.539
v -50.475 1.809 -14.097
v -50.501 1.549 -15.233
v -50.038 2.0429 -17.167
v -50.29 1.6438 -16.598
v -50.289 2.6136 -16.637
v -41.514 -25.489 -7.2152
v -41.912 -25.101 -7.9374
v -41.353 -26.114 -8.0701
v -50.292 -0.24126 -12.822
v -50.398 -0.74587 -13.352
v -50.265 -0.99499 -12.399
v -40.324 -27.753 -8.3079
v -40.882 -27.044 -8.4592
v -40.761 -27.373 -9.0622
v -40.761 -27.373 -9.0622
v -40.195 -28.13 -8.9292
v -40.324 -27.753 -8.3079
v -43.068 -16.071 -16.436
v -42.578 -16.598 -15.944
v -42.829 -16.848 -16.39
v -42.46 -24.001 -7.2416
v -42.283 -24.513 -7.8513
v -42.089 -24.426 -6.8926
v -46.854 -13.796 -6.8271
v -46.855 -13.301 -6.2157
v -47.081 -12.866 -6.6477
v -41.85 -24.972 -7.3228
v -42.089 -24.426 -6.8926
v -42.283 -24.513 -7.8513
v -46.854 -13.796 -6.8271
v -46.692 -14.42 -7.0018
v -46.56 -14.429 -6.425
v -40.529 -27.917 -9.597
v -39.96 -28.514 -9.1736
v -40.195 -28.13 -8.9292
v -42.283 -24.513 -7.8513
v -41.912 -25.101 -7.9374
v -41.85 -24.972 -7.3228
v -50.385 0.41868 -13.093
v -50.398 -0.74587 -13.352
v -50.292 -0.24126 -12.822
v -50.398 -0.74587 -13.352
v -50.385 0.41868 -13.093
v -50.448 0.0474 -13.594
v -48.852 -7.6512 -9.0221
v -48.59 -8.3977 -8.2091
v -48.759 -7.6144 -8.4624
v -48.759 -7.6144 -8.4624
v -48.59 -8.3977 -8.2091
v -48.662 -7.64 -8.0259
v -42.733 -23.769 -7.9286
v -42.283 -24.513 -7.8513
v -42.46 -24.001 -7.2416
v -50.038 2.0429 -17.167
v -50.289 2.6136 -16.637
v -50.046 2.7261 -17.164
v -38.695 -28.528 -16.279
v -38.323 -27.453 -16.474
v -37.475 -27.474 -16.015
v -42.829 -16.848 -16.39
v -42.578 -16.598 -15.944
v -42.267 -17.526 -15.994
v -48.485 -9.2771 -8.5456
v -48.333 -8.689 -7.516
v -48.59 -8.3977 -8.2091
v -46.085 -15.974 -6.7439
v -45.903 -17.13 -7.6433
v -45.485 -17.16 -6.0788
v -45.301 -8.9612 -16.768
v -45.051 -9.5538 -16.561
v -45.177 -10.357 -17.102
v -44.146 -20.388 -6.5291
v -44.764 -19.136 -6.6617
v -44.476 -20.05 -7.1734
v -49.015 -6.7251 -9.0256
v -49.285 -5.7725 -9.4601
v -49.183 -6.5469 -9.6027
v -40.531 -21.231 -15.711
v -41.139 -21.603 -16.519
v -41.125 -21.003 -16.352
v -43.573 -21.726 -6.7919
v -43.182 -22.741 -7.1689
v -43.101 -22.457 -6.5377
v -41.822 -18.309 -15.708
v -41.72 -18.785 -15.756
v -42.026 -19.026 -16.418
v -47.324 -3.3414 -18.015
v -48.254 -3.1928 -18.111
v -47.536 -2.0584 -18.101
v -41.822 -18.309 -15.708
v -42.026 -19.026 -16.418
v -42.07 -18.27 -16.196
v -47.536 -2.0584 -18.101
v -48.254 -3.1928 -18.111
v -48.607 -1.4852 -18.135
v -42.972 -23.284 -7.6998
v -42.46 -24.001 -7.2416
v -42.556 -23.636 -6.8806
v -38.894 -28.641 -14.352
v -38.474 -28.421 -14.997
v -38.216 -28.093 -14.273
v -47.98 -0.59921 -18.218
v -47.731 -1.2589 -18.141
v -48.607 -1.4852 -18.135
v -49.165 0.050719 -17.983
v -47.98 -0.59921 -18.218
v -48.607 -1.4852 -18.135
v -38.695 -28.528 -16.279
v -37.475 -27.474 -16.015
v -37.958 -28.023 -15.886
v -38.095 -26.815 -16.227
v -38.323 -27.453 -16.474
v -39.081 -27.198 -16.618
v -39.787 -28.736 -10.36
v -39.434 -28.509 -10.24
v -39.624 -28.664 -9.9242
v -50.507 1.1945 -14.539
v -50.502 0.57255 -14.753
v -50.464 0.89386 -13.76
v -39.624 -28.664 -9.9242
v -40.011 -28.55 -9.6235
v -40.131 -28.686 -10.243
v -50.549 2.288 -15
v -50.407 2.0609 -16.101
v -50.501 1.549 -15.233
v -46.692 -14.42 -7.0018
v -46.519 -14.993 -7.0285
v -46.56 -14.429 -6.425
v -40.531 -21.231 -15.711
v -40.453 -22.237 -16.22
v -41.139 -21.603 -16.519
# 18798 vertices
# Face Definitions
f 1 2 3
f 4 5 6
f 7 8 9
f 10 11 12
f 13 14 15
f 16 17 18
f 19 20 21
f 22 23 24
f 25 26 27
f 28 29 30
f 31 32 33
f 34 35 36
f 37 38 39
f 40 41 42
f 43 44 45
f 46 47 48
f 49 50 51
f 52 53 54
f 55 56 57
f 58 59 60
f 61 62 63
f 64 65 66
f 67 68 69
f 70 71 72
f 73 74 75
f 76 77 78
f 79 80 81
f 82 83 84
f 85 86 87
f 88 89 90
f 91 92 93
f 94 95 96
f 97 98 99
f 100 101 102
f 103 104 105
f 106 107 108
f 109 110 111
f 112 113 114
f 115 116 117
f 118 119 120
f 121 122 123
f 124 125 126
f 127 128 129
f 130 131 132
f 133 134 135
f 136 137 138
f 139 140 141
f 142 143 144
f 145 146 147
f 148 149 150
f 151 152 153
f 154 155 156
f 157 158 159
f 160 161 162
f 163 164 165
f 166 167 168
f 169 170 171
f 172 173 174
f 175 176 177
f 178 179 180
f 181 182 183
f 184 185 186
f 187 188 189
f 190 191 192
f 193 194 195
f 196 197 198
f 199 200 201
f 202 203 204
f 205 206 207
f 208 209 210
f 211 212 213
f 214 215 216
f 217 218 219
f 220 221 222
f 223 224 225
f 226 227 228
f 229 230 231
f 232 233 234
f 235 236 237
f 238 239 240
f 241 242 243
f 244 245 246
f 247 248 249
f 250 251 252
f 253 254 255
f 256 257 258
f 259 260 261
f 262 263 264
f 265 266 267
f 268 269 270
f 271 272 273
f 274 275 276
f 277 278 279
f 280 281 282
f 283 284 285
f 286 287 288
f 289 290 291
f 292 293 294
f 295 296 297
f 298 299 300
f 301 302 303
f 304 305 306
f 307 308 309
f 310 311 312
f 313 314 315
f 316 317 318
f 319 320 321
f 322 323 324
f 325 326 327
f 328 329 330
f 331 332 333
f 334 335 336
f 337 338 339
f 340 341 342
f 343 344 345
f 346 347 348
f 349 350 351
f 352 353 354
f 355 356 357
f 358 359 360
f 361 362 363
f 364 365 366
f 367 368 369
f 370 371 372
f 373 374 375
f 376 377 378
f 379 380 381
f 382 383 384
f 385 386 387
f 388 389 390
f 391 392 393
f 394 395 396
f 397 398 399
f 400 401 402
f 403 404 405
f 406 407 408
f 409 410 411
f 412 413 414
f 415 416 417
f 418 419 420
f 421 422 423
f 424 425 426
f 427 428 429
f 430 431 432
f 433 434 435
f 436 437 438
f 439 440 441
f 442 443 444
f 445 446 447
f 448 449 450
f 451 452 453
f 454 455 456
f 457 458 459
f 460 461 462
f 463 464 465
f 466 467 468
f 469 470 471
f 472 473 474
f 475 476 477
f 478 479 480
f 481 482 483
f 484 485 486
f 487 488 489
f 490 491 492
f 493 494 495
f 496 497 498
f 499 500 501
f 502 503 504
f 505 506 507
f 508 509 510
f 511 512 513
f 514 515 516
f 517 518 519
f 520 521 522
f 523 524 525
f 526 527 528
f 529 530 531
f 532 533 534
f 535 536 537
f 538 539 540
f 541 542 543
f 544 545 546
f 547 548 549
f 550 551 552
f 553 554 555
f 556 557 558
f 559 560 561
f 562 563 564
f 565 566 567
f 568 569 570
f 571 572 573
f 574 575 576
f 577 578 579
f 580 581 582
f 583 584 585
f 586 587 588
f 589 590 591
f 592 593 594
f 595 596 597
f 598 599 600
f 601 602 603
f 604 605 606
f 607 608 609
f 610 611 612
f 613 614 615
f 616 617 618
f 619 620 621
f 622 623 624
f 625 626 627
f 628 629 630
f 631 632 633
f 634 635 636
f 637 638 639
f 640 641 642
f 643 644 645
f 646 647 648
f 649 650 651
f 652 653 654
f 655 656 657
f 658 659 660
f 661 662 663
f 664 665 666
f 667 668 669
f 670 671 672
f 673 674 675
f 676 677 678
f 679 680 681
f 682 683 684
f 685 686 687
f 688 689 690
f 691 692 693
f 694 695 696
f 697 698 699
f 700 701 702
f 703 704 705
f 706 707 708
f 709 710 711
f 712 713 714
f 715 716 717
f 718 719 720
f 721 722 723
f 724 725 726
f 727 728 729
f 730 731 732
f 733 734 735
f 736 737 738
f 739 740 741
f 742 743 744
f 745 746 747
f 748 749 750
f 751 752 753
f 754 755 756
f 757 758 759
f 760 761 762
f 763 764 765
f 766 767 768
f 769 770 771
f 772 773 774
f 775 776 777
f 778 779 780
f 781 782 783
f 784 785 786
f 787 788 789
f 790 791 792
f 793 794 795
f 796 797 798
f 799 800 801
f 802 803 804
f 805 806 807
f 808 809 810
f 811 812 813
f 814 815 816
f 817 818 819
f 820 821 822
f 823 824 825
f 826 827 828
f 829 830 831
f 832 833 834
f 835 836 837
f 838 839 840
f 841 842 843
f 844 845 846
f 847 848 849
f 850 851 852
f 853 854 855
f 856 857 858
f 859 860 861
f 862 863 864
f 865 866 867
f 868 869 870
f 871 872 873
f 874 875 876
f 877 878 879
f 880 881 882
f 883 884 885
f 886 887 888
f 889 890 891
f 892 893 894
f 895 896 897
f 898 899 900
f 901 902 903
f 904 905 906
f 907 908 909
f 910 911 912
f 913 914 915
f 916 917 918
f 919 920 921
f 922 923 924
f 925 926 927
f 928 929 930
f 931 932 933
f 934 935 936
f 937 938 939
f 940 941 942
f 943 944 945
f 946 947 948
f 949 950 951
f 952 953 954
f 955 956 957
f 958 959 960
f 961 962 963
f 964 965 966
f 967 968 969
f 970 971 972
f 973 974 975
f 976 977 978
f 979 980 981
f 982 983 984
f 985 986 987
f 988 989 990
f 991 992 993
f 994 995 996
f 997 998 999
f 1000 1001 1002
f 1003 1004 1005
f 1006 1007 1008
f 1009 1010 1011
f 1012 1013 1014
f 1015 1016 1017
f 1018 1019 1020
f 1021 1022 1023
f 1024 1025 1026
f 1027 1028 1029
f 1030 1031 1032
f 1033 1034 1035
f 1036 1037 1038
f 1039 1040 1041
f 1042 1043 1044
f 1045 1046 1047
f 1048 1049 1050
f 1051 1052 1053
f 1054 1055 1056
f 1057 1058 1059
f 1060 1061 1062
f 1063 1064 1065
f 1066 1067 1068
f 1069 1070 1071
f 1072 1073 1074
f 1075 1076 1077
f 1078 1079 1080
f 1081 1082 1083
f 1084 1085 1086
f 1087 1088 1089
f 1090 1091 1092
f 1093 1094 1095
f 1096 1097 1098
f 1099 1100 1101
f 1102 1103 1104
f 1105 1106 1107
f 1108 1109 1110
f 1111 1112 1113
f 1114 1115 1116
f 1117 1118 1119
f 1120 1121 1122
f 1123 1124 1125
f 1126 1127 1128
f 1129 1130 1131
f 1132 1133 1134
f 1135 1136 1137
f 1138 1139 1140
f 1141 1142 1143
f 1144 1145 1146
f 1147 1148 1149
f 1150 1151 1152
f 1153 1154 1155
f 1156 1157 1158
f 1159 1160 1161
f 1162 1163 1164
f 1165 1166 1167
f 1168 1169 1170
f 1171 1172 1173
f 1174 1175 1176
f 1177 1178 1179
f 1180 1181 1182
f 1183 1184 1185
f 1186 1187 1188
f 1189 1190 1191
f 1192 1193 1194
f 1195 1196 1197
f 1198 1199 1200
f 1201 1202 1203
f 1204 1205 1206
f 1207 1208 1209
f 1210 1211 1212
f 1213 1214 1215
f 1216 1217 1218
f 1219 1220 1221
f 1222 1223 1224
f 1225 1226 1227
f 1228 1229 1230
f 1231 1232 1233
f 1234 1235 1236
f 1237 1238 1239
f 1240 1241 1242
f 1243 1244 1245
f 1246 1247 1248
f 1249 1250 1251
f 1252 1253 1254
f 1255 1256 1257
f 1258 1259 1260
f 1261 1262 1263
f 1264 1265 1266
f 1267 1268 1269
f 1270 1271 1272
f 1273 1274 1275
f 1276 1277 1278
f 1279 1280 1281
f 1282 1283 1284
f 1285 1286 1287
f 1288 1289 1290
f 1291 1292 1293
f 1294 1295 1296
f 1297 1298 1299
f 1300 1301 1302
f 1303 1304 1305
f 1306 1307 1308
f 1309 1310 1311
f 1312 1313 1314
f 1315 1316 1317
f 1318 1319 1320
f 1321 1322 1323
f 1324 1325 1326
f 1327 1328 1329
f 1330 1331 1332
f 1333 1334 1335
f 1336 1337 1338
f 1339 1340 1341
f 1342 1343 1344
f 1345 1346 1347
f 1348 1349 1350
f 1351 1352 1353
f 1354 1355 1356
f 1357 1358 1359
f 1360 1361 1362
f 1363 1364 1365
f 1366 1367 1368
f 1369 1370 1371
f 1372 1373 1374
f 1375 1376 1377
f 1378 1379 1380
f 1381 1382 1383
f 1384 1385 1386
f 1387 1388 1389
f 1390 1391 1392
f 1393 1394 1395
f 1396 1397 1398
f 1399 1400 1401
f 1402 1403 1404
f 1405 1406 1407
f 1408 1409 1410
f 1411 1412 1413
f 1414 1415 1416
f 1417 1418 1419
f 1420 1421 1422
f 1423 1424 1425
f 1426 1427 1428
f 1429 1430 1431
f 1432 1433 1434
f 1435 1436 1437
f 1438 1439 1440
f 1441 1442 1443
f 1444 1445 1446
f 1447 1448 1449
f 1450 1451 1452
f 1453 1454 1455
f 1456 1457 1458
f 1459 1460 1461
f 1462 1463 1464
f 1465 1466 1467
f 1468 1469 1470
f 1471 1472 1473
f 1474 1475 1476
f 1477 1478 1479
f 1480 1481 1482
f 1483 1484 1485
f 1486 1487 1488
f 1489 1490 1491
f 1492 1493 1494
f 1495 1496 1497
f 1498 1499 1500
f 1501 1502 1503
f 1504 1505 1506
f 1507 1508 1509
f 1510 1511 1512
f 1513 1514 1515
f 1516 1517 1518
f 1519 1520 1521
f 1522 1523 1524
f 1525 1526 1527
f 1528 1529 1530
f 1531 1532 1533
f 1534 1535 1536
f 1537 1538 1539
f 1540 1541 1542
f 1543 1544 1545
f 1546 1547 1548
f 1549 1550 1551
f 1552 1553 1554
f 1555 1556 1557
f 1558 1559 1560
f 1561 1562 1563
f 1564 1565 1566
f 1567 1568 1569
f 1570 1571 1572
f 1573 1574 1575
f 1576 1577 1578
f 1579 1580 1581
f 1582 1583 1584
f 1585 1586 1587
f 1588 1589 1590
f 1591 1592 1593
f 1594 1595 1596
f 1597 1598 1599
f 1600 1601 1602
f 1603 1604 1605
f 1606 1607 1608
f 1609 1610 1611
f 1612 1613 1614
f 1615 1616 1617
f 1618 1619 1620
f 1621 1622 1623
f 1624 1625 1626
f 1627 1628 1629
f 1630 1631 1632
f 1633 1634 1635
f 1636 1637 1638
f 1639 1640 1641
f 1642 1643 1644
f 1645 1646 1647
f 1648 1649 1650
f 1651 1652 1653
f 1654 1655 1656
f 1657 1658 1659
f 1660 1661 1662
f 1663 1664 1665
f 1666 1667 1668
f 1669 1670 1671
f 1672 1673 1674
f 1675 1676 1677
f 1678 1679 1680
f 1681 1682 1683
f 1684 1685 1686
f 1687 1688 1689
f 1690 1691 1692
f 1693 1694 1695
f 1696 1697 1698
f 1699 1700 1701
f 1702 1703 1704
f 1705 1706 1707
f 1708 1709 1710
f 1711 1712 1713
f 1714 1715 1716
f 1717 1718 1719
f 1720 1721 1722
f 1723 1724 1725
f 1726 1727 1728
f 1729 1730 1731
f 1732 1733 1734
f 1735 1736 1737
f 1738 1739 1740
f 1741 1742 1743
f 1744 1745 1746
f 1747 1748 1749
f 1750 1751 1752
f 1753 1754 1755
f 1756 1757 1758
f 1759 1760 1761
f 1762 1763 1764
f 1765 1766 1767
f 1768 1769 1770
f 1771 1772 1773
f 1774 1775 1776
f 1777 1778 1779
f 1780 1781 1782
f 1783 1784 1785
f 1786 1787 1788
f 1789 1790 1791
f 1792 1793 1794
f 1795 1796 1797
f 1798 1799 1800
f 1801 1802 1803
f 1804 1805 1806
f 1807 1808 1809
f 1810 1811 1812
f 1813 1814 1815
f 1816 1817 1818
f 1819 1820 1821
f 1822 1823 1824
f 1825 1826 1827
f 1828 1829 1830
f 1831 1832 1833
f 1834 1835 1836
f 1837 1838 1839
f 1840 1841 1842
f 1843 1844 1845
f 1846 1847 1848
f 1849 1850 1851
f 1852 1853 1854
f 1855 1856 1857
f 1858 1859 1860
f 1861 1862 1863
f 1864 1865 1866
f 1867 1868 1869
f 1870 1871 1872
f 1873 1874 1875
f 1876 1877 1878
f 1879 1880 1881
f 1882 1883 1884
f 1885 1886 1887
f 1888 1889 1890
f 1891 1892 1893
f 1894 1895 1896
f 1897 1898 1899
f 1900 1901 1902
f 1903 1904 1905
f 1906 1907 1908
f 1909 1910 1911
f 1912 1913 1914
f 1915 1916 1917
f 1918 1919 1920
f 1921 1922 1923
f 1924 1925 1926
f 1927 1928 1929
f 1930 1931 1932
f 1933 1934 1935
f 1936 1937 1938
f 1939 1940 1941
f 1942 1943 1944
f 1945 1946 1947
f 1948 1949 1950
f 1951 1952 1953
f 1954 1955 1956
f 1957 1958 1959
f 1960 1961 1962
f 1963 1964 1965
f 1966 1967 1968
f 1969 1970 1971
f 1972 1973 1974
f 1975 1976 1977
f 1978 1979 1980
f 1981 1982 1983
f 1984 1985 1986
f 1987 1988 1989
f 1990 1991 1992
f 1993 1994 1995
f 1996 1997 1998
f 1999 2000 2001
f 2002 2003 2004
f 2005 2006 2007
f 2008 2009 2010
f 2011 2012 2013
f 2014 2015 2016
f 2017 2018 2019
f 2020 2021 2022
f 2023 2024 2025
f 2026 2027 2028
f 2029 2030 2031
f 2032 2033 2034
f 2035 2036 2037
f 2038 2039 2040
f 2041 2042 2043
f 2044 2045 2046
f 2047 2048 2049
f 2050 2051 2052
f 2053 2054 2055
f 2056 2057 2058
f 2059 2060 2061
f 2062 2063 2064
f 2065 2066 2067
f 2068 2069 2070
f 2071 2072 2073
f 2074 2075 2076
f 2077 2078 2079
f 2080 2081 2082
f 2083 2084 2085
f 2086 2087 2088
f 2089 2090 2091
f 2092 2093 2094
f 2095 2096 2097
f 2098 2099 2100
f 2101 2102 2103
f 2104 2105 2106
f 2107 2108 2109
f 2110 2111 2112
f 2113 2114 2115
f 2116 2117 2118
f 2119 2120 2121
f 2122 2123 2124
f 2125 2126 2127
f 2128 2129 2130
f 2131 2132 2133
f 2134 2135 2136
f 2137 2138 2139
f 2140 2141 2142
f 2143 2144 2145
f 2146 2147 2148
f 2149 2150 2151
f 2152 2153 2154
f 2155 2156 2157
f 2158 2159 2160
f 2161 2162 2163
f 2164 2165 2166
f 2167 2168 2169
f 2170 2171 2172
f 2173 2174 2175
f 2176 2177 2178
f 2179 2180 2181
f 2182 2183 2184
f 2185 2186 2187
f 2188 2189 2190
f 2191 2192 2193
f 2194 2195 2196
f 2197 2198 2199
f 2200 2201 2202
f 2203 2204 2205
f 2206 2207 2208
f 2209 2210 2211
f 2212 2213 2214
f 2215 2216 2217
f 2218 2219 2220
f 2221 2222 2223
f 2224 2225 2226
f 2227 2228 2229
f 2230 2231 2232
f 2233 2234 2235
f 2236 2237 2238
f 2239 2240 2241
f 2242 2243 2244
f 2245 2246 2247
f 2248 2249 2250
f 2251 2252 2253
f 2254 2255 2256
f 2257 2258 2259
f 2260 2261 2262
f 2263 2264 2265
f 2266 2267 2268
f 2269 2270 2271
f 2272 2273 2274
f 2275 2276 2277
f 2278 2279 2280
f 2281 2282 2283
f 2284 2285 2286
f 2287 2288 2289
f 2290 2291 2292
f 2293 2294 2295
f 2296 2297 2298
f 2299 2300 2301
f 2302 2303 2304
f 2305 2306 2307
f 2308 2309 2310
f 2311 2312 2313
f 2314 2315 2316
f 2317 2318 2319
f 2320 2321 2322
f 2323 2324 2325
f 2326 2327 2328
f 2329 2330 2331
f 2332 2333 2334
f 2335 2336 2337
f 2338 2339 2340
f 2341 2342 2343
f 2344 2345 2346
f 2347 2348 2349
f 2350 2351 2352
f 2353 2354 2355
f 2356 2357 2358
f 2359 2360 2361
f 2362 2363 2364
f 2365 2366 2367
f 2368 2369 2370
f 2371 2372 2373
f 2374 2375 2376
f 2377 2378 2379
f 2380 2381 2382
f 2383 2384 2385
f 2386 2387 2388
f 2389 2390 2391
f 2392 2393 2394
f 2395 2396 2397
f 2398 2399 2400
f 2401 2402 2403
f 2404 2405 2406
f 2407 2408 2409
f 2410 2411 2412
f 2413 2414 2415
f 2416 2417 2418
f 2419 2420 2421
f 2422 2423 2424
f 2425 2426 2427
f 2428 2429 2430
f 2431 2432 2433
f 2434 2435 2436
f 2437 2438 2439
f 2440 2441 2442
f 2443 2444 2445
f 2446 2447 2448
f 2449 2450 2451
f 2452 2453 2454
f 2455 2456 2457
f 2458 2459 2460
f 2461 2462 2463
f 2464 2465 2466
f 2467 2468 2469
f 2470 2471 2472
f 2473 2474 2475
f 2476 2477 2478
f 2479 2480 2481
f 2482 2483 2484
f 2485 2486 2487
f 2488 2489 2490
f 2491 2492 2493
f 2494 2495 2496
f 2497 2498 2499
f 2500 2501 2502
f 2503 2504 2505
f 2506 2507 2508
f 2509 2510 2511
f 2512 2513 2514
f 2515 2516 2517
f 2518 2519 2520
f 2521 2522 2523
f 2524 2525 2526
f 2527 2528 2529
f 2530 2531 2532
f 2533 2534 2535
f 2536 2537 2538
f 2539 2540 2541
f 2542 2543 2544
f 2545 2546 2547
f 2548 2549 2550
f 2551 2552 2553
f 2554 2555 2556
f 2557 2558 2559
f 2560 2561 2562
f 2563 2564 2565
f 2566 2567 2568
f 2569 2570 2571
f 2572 2573 2574
f 2575 2576 2577
f 2578 2579 2580
f 2581 2582 2583
f 2584 2585 2586
f 2587 2588 2589
f 2590 2591 2592
f 2593 2594 2595
f 2596 2597 2598
f 2599 2600 2601
f 2602 2603 2604
f 2605 2606 2607
f 2608 2609 2610
f 2611 2612 2613
f 2614 2615 2616
f 2617 2618 2619
f 2620 2621 2622
f 2623 2624 2625
f 2626 2627 2628
f 2629 2630 2631
f 2632 2633 2634
f 2635 2636 2637
f 2638 2639 2640
f 2641 2642 2643
f 2644 2645 2646
f 2647 2648 2649
f 2650 2651 2652
f 2653 2654 2655
f 2656 2657 2658
f 2659 2660 2661
f 2662 2663 2664
f 2665 2666 2667
f 2668 2669 2670
f 2671 2672 2673
f 2674 2675 2676
f 2677 2678 2679
f 2680 2681 2682
f 2683 2684 2685
f 2686 2687 2688
f 2689 2690 2691
f 2692 2693 2694
f 2695 2696 2697
f 2698 2699 2700
f 2701 2702 2703
f 2704 2705 2706
f 2707 2708 2709
f 2710 2711 2712
f 2713 2714 2715
f 2716 2717 2718
f 2719 2720 2721
f 2722 2723 2724
f 2725 2726 2727
f 2728 2729 2730
f 2731 2732 2733
f 2734 2735 2736
f 2737 2738 2739
f 2740 2741 2742
f 2743 2744 2745
f 2746 2747 2748
f 2749 2750 2751
f 2752 2753 2754
f 2755 2756 2757
f 2758 2759 2760
f 2761 2762 2763
f 2764 2765 2766
f 2767 2768 2769
f 2770 2771 2772
f 2773 2774 2775
f 2776 2777 2778
f 2779 2780 2781
f 2782 2783 2784
f 2785 2786 2787
f 2788 2789 2790
f 2791 2792 2793
f 2794 2795 2796
f 2797 2798 2799
f 2800 2801 2802
f 2803 2804 2805
f 2806 2807 2808
f 2809 2810 2811
f 2812 2813 2814
f 2815 2816 2817
f 2818 2819 2820
f 2821 2822 2823
f 2824 2825 2826
f 2827 2828 2829
f 2830 2831 2832
f 2833 2834 2835
f 2836 2837 2838
f 2839 2840 2841
f 2842 2843 2844
f 2845 2846 2847
f 2848 2849 2850
f 2851 2852 2853
f 2854 2855 2856
f 2857 2858 2859
f 2860 2861 2862
f 2863 2864 2865
f 2866 2867 2868
f 2869 2870 2871
f 2872 2873 2874
f 2875 2876 2877
f 2878 2879 2880
f 2881 2882 2883
f 2884 2885 2886
f 2887 2888 2889
f 2890 2891 2892
f 2893 2894 2895
f 2896 2897 2898
f 2899 2900 2901
f 2902 2903 2904
f 2905 2906 2907
f 2908 2909 2910
f 2911 2912 2913
f 2914 2915 2916
f 2917 2918 2919
f 2920 2921 2922
f 2923 2924 2925
f 2926 2927 2928
f 2929 2930 2931
f 2932 2933 2934
f 2935 2936 2937
f 2938 2939 2940
f 2941 2942 2943
f 2944 2945 2946
f 2947 2948 2949
f 2950 2951 2952
f 2953 2954 2955
f 2956 2957 2958
f 2959 2960 2961
f 2962 2963 2964
f 2965 2966 2967
f 2968 2969 2970
f 2971 2972 2973
f 2974 2975 2976
f 2977 2978 2979
f 2980 2981 2982
f 2983 2984 2985
f 2986 2987 2988
f 2989 2990 2991
f 2992 2993 2994
f 2995 2996 2997
f 2998 2999 3000
f 3001 3002 3003
f 3004 3005 3006
f 3007 3008 3009
f 3010 3011 3012
f 3013 3014 3015
f 3016 3017 3018
f 3019 3020 3021
f 3022 3023 3024
f 3025 3026 3027
f 3028 3029 3030
f 3031 3032 3033
f 3034 3035 3036
f 3037 3038 3039
f 3040 3041 3042
f 3043 3044 3045
f 3046 3047 3048
f 3049 3050 3051
f 3052 3053 3054
f 3055 3056 3057
f 3058 3059 3060
f 3061 3062 3063
f 3064 3065 3066
f 3067 3068 3069
f 3070 3071 3072
f 3073 3074 3075
f 3076 3077 3078
f 3079 3080 3081
f 3082 3083 3084
f 3085 3086 3087
f 3088 3089 3090
f 3091 3092 3093
f 3094 3095 3096
f 3097 3098 3099
f 3100 3101 3102
f 3103 3104 3105
f 3106 3107 3108
f 3109 3110 3111
f 3112 3113 3114
f 3115 3116 3117
f 3118 3119 3120
f 3121 3122 3123
f 3124 3125 3126
f 3127 3128 3129
f 3130 3131 3132
f 3133 3134 3135
f 3136 3137 3138
f 3139 3140 3141
f 3142 3143 3144
f 3145 3146 3147
f 3148 3149 3150
f 3151 3152 3153
f 3154 3155 3156
f 3157 3158 3159
f 3160 3161 3162
f 3163 3164 3165
f 3166 3167 3168
f 3169 3170 3171
f 3172 3173 3174
f 3175 3176 3177
f 3178 3179 3180
f 3181 3182 3183
f 3184 3185 3186
f 3187 3188 3189
f 3190 3191 3192
f 3193 3194 3195
f 3196 3197 3198
f 3199 3200 3201
f 3202 3203 3204
f 3205 3206 3207
f 3208 3209 3210
f 3211 3212 3213
f 3214 3215 3216
f 3217 3218 3219
f 3220 3221 3222
f 3223 3224 3225
f 3226 3227 3228
f 3229 3230 3231
f 3232 3233 3234
f 3235 3236 3237
f 3238 3239 3240
f 3241 3242 3243
f 3244 3245 3246
f 3247 3248 3249
f 3250 3251 3252
f 3253 3254 3255
f 3256 3257 3258
f 3259 3260 3261
f 3262 3263 3264
f 3265 3266 3267
f 3268 3269 3270
f 3271 3272 3273
f 3274 3275 3276
f 3277 3278 3279
f 3280 3281 3282
f 3283 3284 3285
f 3286 3287 3288
f 3289 3290 3291
f 3292 3293 3294
f 3295 3296 3297
f 3298 3299 3300
f 3301 3302 3303
f 3304 3305 3306
f 3307 3308 3309
f 3310 3311 3312
f 3313 3314 3315
f 3316 3317 3318
f 3319 3320 3321
f 3322 3323 3324
f 3325 3326 3327
f 3328 3329 3330
f 3331 3332 3333
f 3334 3335 3336
f 3337 3338 3339
f 3340 3341 3342
f 3343 3344 3345
f 3346 3347 3348
f 3349 3350 3351
f 3352 3353 3354
f 3355 3356 3357
f 3358 3359 3360
f 3361 3362 3363
f 3364 3365 3366
f 3367 3368 3369
f 3370 3371 3372
f 3373 3374 3375
f 3376 3377 3378
f 3379 3380 3381
f 3382 3383 3384
f 3385 3386 3387
f 3388 3389 3390
f 3391 3392 3393
f 3394 3395 3396
f 3397 3398 3399
f 3400 3401 3402
f 3403 3404 3405
f 3406 3407 3408
f 3409 3410 3411
f 3412 3413 3414
f 3415 3416 3417
f 3418 3419 3420
f 3421 3422 3423
f 3424 3425 3426
f 3427 3428 3429
f 3430 3431 3432
f 3433 3434 3435
f 3436 3437 3438
f 3439 3440 3441
f 3442 3443 3444
f 3445 3446 3447
f 3448 3449 3450
f 3451 3452 3453
f 3454 3455 3456
f 3457 3458 3459
f 3460 3461 3462
f 3463 3464 3465
f 3466 3467 3468
f 3469 3470 3471
f 3472 3473 3474
f 3475 3476 3477
f 3478 3479 3480
f 3481 3482 3483
f 3484 3485 3486
f 3487 3488 3489
f 3490 3491 3492
f 3493 3494 3495
f 3496 3497 3498
f 3499 3500 3501
f 3502 3503 3504
f 3505 3506 3507
f 3508 3509 3510
f 3511 3512 3513
f 3514 3515 3516
f 3517 3518 3519
f 3520 3521 3522
f 3523 3524 3525
f 3526 3527 3528
f 3529 3530 3531
f 3532 3533 3534
f 3535 3536 3537
f 3538 3539 3540
f 3541 3542 3543
f 3544 3545 3546
f 3547 3548 3549
f 3550 3551 3552
f 3553 3554 3555
f 3556 3557 3558
f 3559 3560 3561
f 3562 3563 3564
f 3565 3566 3567
f 3568 3569 3570
f 3571 3572 3573
f 3574 3575 3576
f 3577 3578 3579
f 3580 3581 3582
f 3583 3584 3585
f 3586 3587 3588
f 3589 3590 3591
f 3592 3593 3594
f 3595 3596 3597
f 3598 3599 3600
f 3601 3602 3603
f 3604 3605 3606
f 3607 3608 3609
f 3610 3611 3612
f 3613 3614 3615
f 3616 3617 3618
f 3619 3620 3621
f 3622 3623 3624
f 3625 3626 3627
f 3628 3629 3630
f 3631 3632 3633
f 3634 3635 3636
f 3637 3638 3639
f 3640 3641 3642
f 3643 3644 3645
f 3646 3647 3648
f 3649 3650 3651
f 3652 3653 3654
f 3655 3656 3657
f 3658 3659 3660
f 3661 3662 3663
f 3664 3665 3666
f 3667 3668 3669
f 3670 3671 3672
f 3673 3674 3675
f 3676 3677 3678
f 3679 3680 3681
f 3682 3683 3684
f 3685 3686 3687
f 3688 3689 3690
f 3691 3692 3693
f 3694 3695 3696
f 3697 3698 3699
f 3700 3701 3702
f 3703 3704 3705
f 3706 3707 3708
f 3709 3710 3711
f 3712 3713 3714
f 3715 3716 3717
f 3718 3719 3720
f 3721 3722 3723
f 3724 3725 3726
f 3727 3728 3729
f 3730 3731 3732
f 3733 3734 3735
f 3736 3737 3738
f 3739 3740 3741
f 3742 3743 3744
f 3745 3746 3747
f 3748 3749 3750
f 3751 3752 3753
f 3754 3755 3756
f 3757 3758 3759
f 3760 3761 3762
f 3763 3764 3765
f 3766 3767 3768
f 3769 3770 3771
f 3772 3773 3774
f 3775 3776 3777
f 3778 3779 3780
f 3781 3782 3783
f 3784 3785 3786
f 3787 3788 3789
f 3790 3791 3792
f 3793 3794 3795
f 3796 3797 3798
f 3799 3800 3801
f 3802 3803 3804
f 3805 3806 3807
f 3808 3809 3810
f 3811 3812 3813
f 3814 3815 3816
f 3817 3818 3819
f 3820 3821 3822
f 3823 3824 3825
f 3826 3827 3828
f 3829 3830 3831
f 3832 3833 3834
f 3835 3836 3837
f 3838 3839 3840
f 3841 3842 3843
f 3844 3845 3846
f 3847 3848 3849
f 3850 3851 3852
f 3853 3854 3855
f 3856 3857 3858
f 3859 3860 3861
f 3862 3863 3864
f 3865 3866 3867
f 3868 3869 3870
f 3871 3872 3873
f 3874 3875 3876
f 3877 3878 3879
f 3880 3881 3882
f 3883 3884 3885
f 3886 3887 3888
f 3889 3890 3891
f 3892 3893 3894
f 3895 3896 3897
f 3898 3899 3900
f 3901 3902 3903
f 3904 3905 3906
f 3907 3908 3909
f 3910 3911 3912
f 3913 3914 3915
f 3916 3917 3918
f 3919 3920 3921
f 3922 3923 3924
f 3925 3926 3927
f 3928 3929 3930
f 3931 3932 3933
f 3934 3935 3936
f 3937 3938 3939
f 3940 3941 3942
f 3943 3944 3945
f 3946 3947 3948
f 3949 3950 3951
f 3952 3953 3954
f 3955 3956 3957
f 3958 3959 3960
f 3961 3962 3963
f 3964 3965 3966
f 3967 3968 3969
f 3970 3971 3972
f 3973 3974 3975
f 3976 3977 3978
f 3979 3980 3981
f 3982 3983 3984
f 3985 3986 3987
f 3988 3989 3990
f 3991 3992 3993
f 3994 3995 3996
f 3997 3998 3999
f 4000 4001 4002
f 4003 4004 4005
f 4006 4007 4008
f 4009 4010 4011
f 4012 4013 4014
f 4015 4016 4017
f 4018 4019 4020
f 4021 4022 4023
f 4024 4025 4026
f 4027 4028 4029
f 4030 4031 4032
f 4033 4034 4035
f 4036 4037 4038
f 4039 4040 4041
f 4042 4043 4044
f 4045 4046 4047
f 4048 4049 4050
f 4051 4052 4053
f 4054 4055 4056
f 4057 4058 4059
f 4060 4061 4062
f 4063 4064 4065
f 4066 4067 4068
f 4069 4070 4071
f 4072 4073 4074
f 4075 4076 4077
f 4078 4079 4080
f 4081 4082 4083
f 4084 4085 4086
f 4087 4088 4089
f 4090 4091 4092
f 4093 4094 4095
f 4096 4097 4098
f 4099 4100 4101
f 4102 4103 4104
f 4105 4106 4107
f 4108 4109 4110
f 4111 4112 4113
f 4114 4115 4116
f 4117 4118 4119
f 4120 4121 4122
f 4123 4124 4125
f 4126 4127 4128
f 4129 4130 4131
f 4132 4133 4134
f 4135 4136 4137
f 4138 4139 4140
f 4141 4142 4143
f 4144 4145 4146
f 4147 4148 4149
f 4150 4151 4152
f 4153 4154 4155
f 4156 4157 4158
f 4159 4160 4161
f 4162 4163 4164
f 4165 4166 4167
f 4168 4169 4170
f 4171 4172 4173
f 4174 4175 4176
f 4177 4178 4179
f 4180 4181 4182
f 4183 4184 4185
f 4186 4187 4188
f 4189 4190 4191
f 4192 4193 4194
f 4195 4196 4197
f 4198 4199 4200
f 4201 4202 4203
f 4204 4205 4206
f 4207 4208 4209
f 4210 4211 4212
f 4213 4214 4215
f 4216 4217 4218
f 4219 4220 4221
f 4222 4223 4224
f 4225 4226 4227
f 4228 4229 4230
f 4231 4232 4233
f 4234 4235 4236
f 4237 4238 4239
f 4240 4241 4242
f 4243 4244 4245
f 4246 4247 4248
f 4249 4250 4251
f 4252 4253 4254
f 4255 4256 4257
f 4258 4259 4260
f 4261 4262 4263
f 4264 4265 4266
f 4267 4268 4269
f 4270 4271 4272
f 4273 4274 4275
f 4276 4277 4278
f 4279 4280 4281
f 4282 4283 4284
f 4285 4286 4287
f 4288 4289 4290
f 4291 4292 4293
f 4294 4295 4296
f 4297 4298 4299
f 4300 4301 4302
f 4303 4304 4305
f 4306 4307 4308
f 4309 4310 4311
f 4312 4313 4314
f 4315 4316 4317
f 4318 4319 4320
f 4321 4322 4323
f 4324 4325 4326
f 4327 4328 4329
f 4330 4331 4332
f 4333 4334 4335
f 4336 4337 4338
f 4339 4340 4341
f 4342 4343 4344
f 4345 4346 4347
f 4348 4349 4350
f 4351 4352 4353
f 4354 4355 4356
f 4357 4358 4359
f 4360 4361 4362
f 4363 4364 4365
f 4366 4367 4368
f 4369 4370 4371
f 4372 4373 4374
f 4375 4376 4377
f 4378 4379 4380
f 4381 4382 4383
f 4384 4385 4386
f 4387 4388 4389
f 4390 4391 4392
f 4393 4394 4395
f 4396 4397 4398
f 4399 4400 4401
f 4402 4403 4404
f 4405 4406 4407
f 4408 4409 4410
f 4411 4412 4413
f 4414 4415 4416
f 4417 4418 4419
f 4420 4421 4422
f 4423 4424 4425
f 4426 4427 4428
f 4429 4430 4431
f 4432 4433 4434
f 4435 4436 4437
f 4438 4439 4440
f 4441 4442 4443
f 4444 4445 4446
f 4447 4448 4449
f 4450 4451 4452
f 4453 4454 4455
f 4456 4457 4458
f 4459 4460 4461
f 4462 4463 4464
f 4465 4466 4467
f 4468 4469 4470
f 4471 4472 4473
f 4474 4475 4476
f 4477 4478 4479
f 4480 4481 4482
f 4483 4484 4485
f 4486 4487 4488
f 4489 4490 4491
f 4492 4493 4494
f 4495 4496 4497
f 4498 4499 4500
f 4501 4502 4503
f 4504 4505 4506
f 4507 4508 4509
f 4510 4511 4512
f 4513 4514 4515
f 4516 4517 4518
f 4519 4520 4521
f 4522 4523 4524
f 4525 4526 4527
f 4528 4529 4530
f 4531 4532 4533
f 4534 4535 4536
f 4537 4538 4539
f 4540 4541 4542
f 4543 4544 4545
f 4546 4547 4548
f 4549 4550 4551
f 4552 4553 4554
f 4555 4556 4557
f 4558 4559 4560
f 4561 4562 4563
f 4564 4565 4566
f 4567 4568 4569
f 4570 4571 4572
f 4573 4574 4575
f 4576 4577 4578
f 4579 4580 4581
f 4582 4583 4584
f 4585 4586 4587
f 4588 4589 4590
f 4591 4592 4593
f 4594 4595 4596
f 4597 4598 4599
f 4600 4601 4602
f 4603 4604 4605
f 4606 4607 4608
f 4609 4610 4611
f 4612 4613 4614
f 4615 4616 4617
f 4618 4619 4620
f 4621 4622 4623
f 4624 4625 4626
f 4627 4628 4629
f 4630 4631 4632
f 4633 4634 4635
f 4636 4637 4638
f 4639 4640 4641
f 4642 4643 4644
f 4645 4646 4647
f 4648 4649 4650
f 4651 4652 4653
f 4654 4655 4656
f 4657 4658 4659
f 4660 4661 4662
f 4663 4664 4665
f 4666 4667 4668
f 4669 4670 4671
f 4672 4673 4674
f 4675 4676 4677
f 4678 4679 4680
f 4681 4682 4683
f 4684 4685 4686
f 4687 4688 4689
f 4690 4691 4692
f 4693 4694 4695
f 4696 4697 4698
f 4699 4700 4701
f 4702 4703 4704
f 4705 4706 4707
f 4708 4709 4710
f 4711 4712 4713
f 4714 4715 4716
f 4717 4718 4719
f 4720 4721 4722
f 4723 4724 4725
f 4726 4727 4728
f 4729 4730 4731
f 4732 4733 4734
f 4735 4736 4737
f 4738 4739 4740
f 4741 4742 4743
f 4744 4745 4746
f 4747 4748 4749
f 4750 4751 4752
f 4753 4754 4755
f 4756 4757 4758
f 4759 4760 4761
f 4762 4763 4764
f 4765 4766 4767
f 4768 4769 4770
f 4771 4772 4773
f 4774 4775 4776
f 4777 4778 4779
f 4780 4781 4782
f 4783 4784 4785
f 4786 4787 4788
f 4789 4790 4791
f 4792 4793 4794
f 4795 4796 4797
f 4798 4799 4800
f 4801 4802 4803
f 4804 4805 4806
f 4807 4808 4809
f 4810 4811 4812
f 4813 4814 4815
f 4816 4817 4818
f 4819 4820 4821
f 4822 4823 4824
f 4825 4826 4827
f 4828 4829 4830
f 4831 4832 4833
f 4834 4835 4836
f 4837 4838 4839
f 4840 4841 4842
f 4843 4844 4845
f 4846 4847 4848
f 4849 4850 4851
f 4852 4853 4854
f 4855 4856 4857
f 4858 4859 4860
f 4861 4862 4863
f 4864 4865 4866
f 4867 4868 4869
f 4870 4871 4872
f 4873 4874 4875
f 4876 4877 4878
f 4879 4880 4881
f 4882 4883 4884
f 4885 4886 4887
f 4888 4889 4890
f 4891 4892 4893
f 4894 4895 4896
f 4897 4898 4899
f 4900 4901 4902
f 4903 4904 4905
f 4906 4907 4908
f 4909 4910 4911
f 4912 4913 4914
f 4915 4916 4917
f 4918 4919 4920
f 4921 4922 4923
f 4924 4925 4926
f 4927 4928 4929
f 4930 4931 4932
f 4933 4934 4935
f 4936 4937 4938
f 4939 4940 4941
f 4942 4943 4944
f 4945 4946 4947
f 4948 4949 4950
f 4951 4952 4953
f 4954 4955 4956
f 4957 4958 4959
f 4960 4961 4962
f 4963 4964 4965
f 4966 4967 4968
f 4969 4970 4971
f 4972 4973 4974
f 4975 4976 4977
f 4978 4979 4980
f 4981 4982 4983
f 4984 4985 4986
f 4987 4988 4989
f 4990 4991 4992
f 4993 4994 4995
f 4996 4997 4998
f 4999 5000 5001
f 5002 5003 5004
f 5005 5006 5007
f 5008 5009 5010
f 5011 5012 5013
f 5014 5015 5016
f 5017 5018 5019
f 5020 5021 5022
f 5023 5024 5025
f 5026 5027 5028
f 5029 5030 5031
f 5032 5033 5034
f 5035 5036 5037
f 5038 5039 5040
f 5041 5042 5043
f 5044 5045 5046
f 5047 5048 5049
f 5050 5051 5052
f 5053 5054 5055
f 5056 5057 5058
f 5059 5060 5061
f 5062 5063 5064
f 5065 5066 5067
f 5068 5069 5070
f 5071 5072 5073
f 5074 5075 5076
f 5077 5078 5079
f 5080 5081 5082
f 5083 5084 5085
f 5086 5087 5088
f 5089 5090 5091
f 5092 5093 5094
f 5095 5096 5097
f 5098 5099 5100
f 5101 5102 5103
f 5104 5105 5106
f 5107 5108 5109
f 5110 5111 5112
f 5113 5114 5115
f 5116 5117 5118
f 5119 5120 5121
f 5122 5123 5124
f 5125 5126 5127
f 5128 5129 5130
f 5131 5132 5133
f 5134 5135 5136
f 5137 5138 5139
f 5140 5141 5142
f 5143 5144 5145
f 5146 5147 5148
f 5149 5150 5151
f 5152 5153 5154
f 5155 5156 5157
f 5158 5159 5160
f 5161 5162 5163
f 5164 5165 5166
f 5167 5168 5169
f 5170 5171 5172
f 5173 5174 5175
f 5176 5177 5178
f 5179 5180 5181
f 5182 5183 5184
f 5185 5186 5187
f 5188 5189 5190
f 5191 5192 5193
f 5194 5195 5196
f 5197 5198 5199
f 5200 5201 5202
f 5203 5204 5205
f 5206 5207 5208
f 5209 5210 5211
f 5212 5213 5214
f 5215 5216 5217
f 5218 5219 5220
f 5221 5222 5223
f 5224 5225 5226
f 5227 5228 5229
f 5230 5231 5232
f 5233 5234 5235
f 5236 5237 5238
f 5239 5240 5241
f 5242 5243 5244
f 5245 5246 5247
f 5248 5249 5250
f 5251 5252 5253
f 5254 5255 5256
f 5257 5258 5259
f 5260 5261 5262
f 5263 5264 5265
f 5266 5267 5268
f 5269 5270 5271
f 5272 5273 5274
f 5275 5276 5277
f 5278 5279 5280
f 5281 5282 5283
f 5284 5285 5286
f 5287 5288 5289
f 5290 5291 5292
f 5293 5294 5295
f 5296 5297 5298
f 5299 5300 5301
f 5302 5303 5304
f 5305 5306 5307
f 5308 5309 5310
f 5311 5312 5313
f 5314 5315 5316
f 5317 5318 5319
f 5320 5321 5322
f 5323 5324 5325
f 5326 5327 5328
f 5329 5330 5331
f 5332 5333 5334
f 5335 5336 5337
f 5338 5339 5340
f 5341 5342 5343
f 5344 5345 5346
f 5347 5348 5349
f 5350 5351 5352
f 5353 5354 5355
f 5356 5357 5358
f 5359 5360 5361
f 5362 5363 5364
f 5365 5366 5367
f 5368 5369 5370
f 5371 5372 5373
f 5374 5375 5376
f 5377 5378 5379
f 5380 5381 5382
f 5383 5384 5385
f 5386 5387 5388
f 5389 5390 5391
f 5392 5393 5394
f 5395 5396 5397
f 5398 5399 5400
f 5401 5402 5403
f 5404 5405 5406
f 5407 5408 5409
f 5410 5411 5412
f 5413 5414 5415
f 5416 5417 5418
f 5419 5420 5421
f 5422 5423 5424
f 5425 5426 5427
f 5428 5429 5430
f 5431 5432 5433
f 5434 5435 5436
f 5437 5438 5439
f 5440 5441 5442
f 5443 5444 5445
f 5446 5447 5448
f 5449 5450 5451
f 5452 5453 5454
f 5455 5456 5457
f 5458 5459 5460
f 5461 5462 5463
f 5464 5465 5466
f 5467 5468 5469
f 5470 5471 5472
f 5473 5474 5475
f 5476 5477 5478
f 5479 5480 5481
f 5482 5483 5484
f 5485 5486 5487
f 5488 5489 5490
f 5491 5492 5493
f 5494 5495 5496
f 5497 5498 5499
f 5500 5501 5502
f 5503 5504 5505
f 5506 5507 5508
f 5509 5510 5511
f 5512 5513 5514
f 5515 5516 5517
f 5518 5519 5520
f 5521 5522 5523
f 5524 5525 5526
f 5527 5528 5529
f 5530 5531 5532
f 5533 5534 5535
f 5536 5537 5538
f 5539 5540 5541
f 5542 5543 5544
f 5545 5546 5547
f 5548 5549 5550
f 5551 5552 5553
f 5554 5555 5556
f 5557 5558 5559
f 5560 5561 5562
f 5563 5564 5565
f 5566 5567 5568
f 5569 5570 5571
f 5572 5573 5574
f 5575 5576 5577
f 5578 5579 5580
f 5581 5582 5583
f 5584 5585 5586
f 5587 5588 5589
f 5590 5591 5592
f 5593 5594 5595
f 5596 5597 5598
f 5599 5600 5601
f 5602 5603 5604
f 5605 5606 5607
f 5608 5609 5610
f 5611 5612 5613
f 5614 5615 5616
f 5617 5618 5619
f 5620 5621 5622
f 5623 5624 5625
f 5626 5627 5628
f 5629 5630 5631
f 5632 5633 5634
f 5635 5636 5637
f 5638 5639 5640
f 5641 5642 5643
f 5644 5645 5646
f 5647 5648 5649
f 5650 5651 5652
f 5653 5654 5655
f 5656 5657 5658
f 5659 5660 5661
f 5662 5663 5664
f 5665 5666 5667
f 5668 5669 5670
f 5671 5672 5673
f 5674 5675 5676
f 5677 5678 5679
f 5680 5681 5682
f 5683 5684 5685
f 5686 5687 5688
f 5689 5690 5691
f 5692 5693 5694
f 5695 5696 5697
f 5698 5699 5700
f 5701 5702 5703
f 5704 5705 5706
f 5707 5708 5709
f 5710 5711 5712
f 5713 5714 5715
f 5716 5717 5718
f 5719 5720 5721
f 5722 5723 5724
f 5725 5726 5727
f 5728 5729 5730
f 5731 5732 5733
f 5734 5735 5736
f 5737 5738 5739
f 5740 5741 5742
f 5743 5744 5745
f 5746 5747 5748
f 5749 5750 5751
f 5752 5753 5754
f 5755 5756 5757
f 5758 5759 5760
f 5761 5762 5763
f 5764 5765 5766
f 5767 5768 5769
f 5770 5771 5772
f 5773 5774 5775
f 5776 5777 5778
f 5779 5780 5781
f 5782 5783 5784
f 5785 5786 5787
f 5788 5789 5790
f 5791 5792 5793
f 5794 5795 5796
f 5797 5798 5799
f 5800 5801 5802
f 5803 5804 5805
f 5806 5807 5808
f 5809 5810 5811
f 5812 5813 5814
f 5815 5816 5817
f 5818 5819 5820
f 5821 5822 5823
f 5824 5825 5826
f 5827 5828 5829
f 5830 5831 5832
f 5833 5834 5835
f 5836 5837 5838
f 5839 5840 5841
f 5842 5843 5844
f 5845 5846 5847
f 5848 5849 5850
f 5851 5852 5853
f 5854 5855 5856
f 5857 5858 5859
f 5860 5861 5862
f 5863 5864 5865
f 5866 5867 5868
f 5869 5870 5871
f 5872 5873 5874
f 5875 5876 5877
f 5878 5879 5880
f 5881 5882 5883
f 5884 5885 5886
f 5887 5888 5889
f 5890 5891 5892
f 5893 5894 5895
f 5896 5897 5898
f 5899 5900 5901
f 5902 5903 5904
f 5905 5906 5907
f 5908 5909 5910
f 5911 5912 5913
f 5914 5915 5916
f 5917 5918 5919
f 5920 5921 5922
f 5923 5924 5925
f 5926 5927 5928
f 5929 5930 5931
f 5932 5933 5934
f 5935 5936 5937
f 5938 5939 5940
f 5941 5942 5943
f 5944 5945 5946
f 5947 5948 5949
f 5950 5951 5952
f 5953 5954 5955
f 5956 5957 5958
f 5959 5960 5961
f 5962 5963 5964
f 5965 5966 5967
f 5968 5969 5970
f 5971 5972 5973
f 5974 5975 5976
f 5977 5978 5979
f 5980 5981 5982
f 5983 5984 5985
f 5986 5987 5988
f 5989 5990 5991
f 5992 5993 5994
f 5995 5996 5997
f 5998 5999 6000
f 6001 6002 6003
f 6004 6005 6006
f 6007 6008 6009
f 6010 6011 6012
f 6013 6014 6015
f 6016 6017 6018
f 6019 6020 6021
f 6022 6023 6024
f 6025 6026 6027
f 6028 6029 6030
f 6031 6032 6033
f 6034 6035 6036
f 6037 6038 6039
f 6040 6041 6042
f 6043 6044 6045
f 6046 6047 6048
f 6049 6050 6051
f 6052 6053 6054
f 6055 6056 6057
f 6058 6059 6060
f 6061 6062 6063
f 6064 6065 6066
f 6067 6068 6069
f 6070 6071 6072
f 6073 6074 6075
f 6076 6077 6078
f 6079 6080 6081
f 6082 6083 6084
f 6085 6086 6087
f 6088 6089 6090
f 6091 6092 6093
f 6094 6095 6096
f 6097 6098 6099
f 6100 6101 6102
f 6103 6104 6105
f 6106 6107 6108
f 6109 6110 6111
f 6112 6113 6114
f 6115 6116 6117
f 6118 6119 6120
f 6121 6122 6123
f 6124 6125 6126
f 6127 6128 6129
f 6130 6131 6132
f 6133 6134 6135
f 6136 6137 6138
f 6139 6140 6141
f 6142 6143 6144
f 6145 6146 6147
f 6148 6149 6150
f 6151 6152 6153
f 6154 6155 6156
f 6157 6158 6159
f 6160 6161 6162
f 6163 6164 6165
f 6166 6167 6168
f 6169 6170 6171
f 6172 6173 6174
f 6175 6176 6177
f 6178 6179 6180
f 6181 6182 6183
f 6184 6185 6186
f 6187 6188 6189
f 6190 6191 6192
f 6193 6194 6195
f 6196 6197 6198
f 6199 6200 6201
f 6202 6203 6204
f 6205 6206 6207
f 6208 6209 6210
f 6211 6212 6213
f 6214 6215 6216
f 6217 6218 6219
f 6220 6221 6222
f 6223 6224 6225
f 6226 6227 6228
f 6229 6230 6231
f 6232 6233 6234
f 6235 6236 6237
f 6238 6239 6240
f 6241 6242 6243
f 6244 6245 6246
f 6247 6248 6249
f 6250 6251 6252
f 6253 6254 6255
f 6256 6257 6258
f 6259 6260 6261
f 6262 6263 6264
f 6265 6266 6267
f 6268 6269 6270
f 6271 6272 6273
f 6274 6275 6276
f 6277 6278 6279
f 6280 6281 6282
f 6283 6284 6285
f 6286 6287 6288
f 6289 6290 6291
f 6292 6293 6294
f 6295 6296 6297
f 6298 6299 6300
f 6301 6302 6303
f 6304 6305 6306
f 6307 6308 6309
f 6310 6311 6312
f 6313 6314 6315
f 6316 6317 6318
f 6319 6320 6321
f 6322 6323 6324
f 6325 6326 6327
f 6328 6329 6330
f 6331 6332 6333
f 6334 6335 6336
f 6337 6338 6339
f 6340 6341 6342
f 6343 6344 6345
f 6346 6347 6348
f 6349 6350 6351
f 6352 6353 6354
f 6355 6356 6357
f 6358 6359 6360
f 6361 6362 6363
f 6364 6365 6366
f 6367 6368 6369
f 6370 6371 6372
f 6373 6374 6375
f 6376 6377 6378
f 6379 6380 6381
f 6382 6383 6384
f 6385 6386 6387
f 6388 6389 6390
f 6391 6392 6393
f 6394 6395 6396
f 6397 6398 6399
f 6400 6401 6402
f 6403 6404 6405
f 6406 6407 6408
f 6409 6410 6411
f 6412 6413 6414
f 6415 6416 6417
f 6418 6419 6420
f 6421 6422 6423
f 6424 6425 6426
f 6427 6428 6429
f 6430 6431 6432
f 6433 6434 6435
f 6436 6437 6438
f 6439 6440 6441
f 6442 6443 6444
f 6445 6446 6447
f 6448 6449 6450
f 6451 6452 6453
f 6454 6455 6456
f 6457 6458 6459
f 6460 6461 6462
f 6463 6464 6465
f 6466 6467 6468
f 6469 6470 6471
f 6472 6473 6474
f 6475 6476 6477
f 6478 6479 6480
f 6481 6482 6483
f 6484 6485 6486
f 6487 6488 6489
f 6490 6491 6492
f 6493 6494 6495
f 6496 6497 6498
f 6499 6500 6501
f 6502 6503 6504
f 6505 6506 6507
f 6508 6509 6510
f 6511 6512 6513
f 6514 6515 6516
f 6517 6518 6519
f 6520 6521 6522
f 6523 6524 6525
f 6526 6527 6528
f 6529 6530 6531
f 6532 6533 6534
f 6535 6536 6537
f 6538 6539 6540
f 6541 6542 6543
f 6544 6545 6546
f 6547 6548 6549
f 6550 6551 6552
f 6553 6554 6555
f 6556 6557 6558
f 6559 6560 6561
f 6562 6563 6564
f 6565 6566 6567
f 6568 6569 6570
f 6571 6572 6573
f 6574 6575 6576
f 6577 6578 6579
f 6580 6581 6582
f 6583 6584 6585
f 6586 6587 6588
f 6589 6590 6591
f 6592 6593 6594
f 6595 6596 6597
f 6598 6599 6600
f 6601 6602 6603
f 6604 6605 6606
f 6607 6608 6609
f 6610 6611 6612
f 6613 6614 6615
f 6616 6617 6618
f 6619 6620 6621
f 6622 6623 6624
f 6625 6626 6627
f 6628 6629 6630
f 6631 6632 6633
f 6634 6635 6636
f 6637 6638 6639
f 6640 6641 6642
f 6643 6644 6645
f 6646 6647 6648
f 6649 6650 6651
f 6652 6653 6654
f 6655 6656 6657
f 6658 6659 6660
f 6661 6662 6663
f 6664 6665 6666
f 6667 6668 6669
f 6670 6671 6672
f 6673 6674 6675
f 6676 6677 6678
f 6679 6680 6681
f 6682 6683 6684
f 6685 6686 6687
f 6688 6689 6690
f 6691 6692 6693
f 6694 6695 6696
f 6697 6698 6699
f 6700 6701 6702
f 6703 6704 6705
f 6706 6707 6708
f 6709 6710 6711
f 6712 6713 6714
f 6715 6716 6717
f 6718 6719 6720
f 6721 6722 6723
f 6724 6725 6726
f 6727 6728 6729
f 6730 6731 6732
f 6733 6734 6735
f 6736 6737 6738
f 6739 6740 6741
f 6742 6743 6744
f 6745 6746 6747
f 6748 6749 6750
f 6751 6752 6753
f 6754 6755 6756
f 6757 6758 6759
f 6760 6761 6762
f 6763 6764 6765
f 6766 6767 6768
f 6769 6770 6771
f 6772 6773 6774
f 6775 6776 6777
f 6778 6779 6780
f 6781 6782 6783
f 6784 6785 6786
f 6787 6788 6789
f 6790 6791 6792
f 6793 6794 6795
f 6796 6797 6798
f 6799 6800 6801
f 6802 6803 6804
f 6805 6806 6807
f 6808 6809 6810
f 6811 6812 6813
f 6814 6815 6816
f 6817 6818 6819
f 6820 6821 6822
f 6823 6824 6825
f 6826 6827 6828
f 6829 6830 6831
f 6832 6833 6834
f 6835 6836 6837
f 6838 6839 6840
f 6841 6842 6843
f 6844 6845 6846
f 6847 6848 6849
f 6850 6851 6852
f 6853 6854 6855
f 6856 6857 6858
f 6859 6860 6861
f 6862 6863 6864
f 6865 6866 6867
f 6868 6869 6870
f 6871 6872 6873
f 6874 6875 6876
f 6877 6878 6879
f 6880 6881 6882
f 6883 6884 6885
f 6886 6887 6888
f 6889 6890 6891
f 6892 6893 6894
f 6895 6896 6897
f 6898 6899 6900
f 6901 6902 6903
f 6904 6905 6906
f 6907 6908 6909
f 6910 6911 6912
f 6913 6914 6915
f 6916 6917 6918
f 6919 6920 6921
f 6922 6923 6924
f 6925 6926 6927
f 6928 6929 6930
f 6931 6932 6933
f 6934 6935 6936
f 6937 6938 6939
f 6940 6941 6942
f 6943 6944 6945
f 6946 6947 6948
f 6949 6950 6951
f 6952 6953 6954
f 6955 6956 6957
f 6958 6959 6960
f 6961 6962 6963
f 6964 6965 6966
f 6967 6968 6969
f 6970 6971 6972
f 6973 6974 6975
f 6976 6977 6978
f 6979 6980 6981
f 6982 6983 6984
f 6985 6986 6987
f 6988 6989 6990
f 6991 6992 6993
f 6994 6995 6996
f 6997 6998 6999
f 7000 7001 7002
f 7003 7004 7005
f 7006 7007 7008
f 7009 7010 7011
f 7012 7013 7014
f 7015 7016 7017
f 7018 7019 7020
f 7021 7022 7023
f 7024 7025 7026
f 7027 7028 7029
f 7030 7031 7032
f 7033 7034 7035
f 7036 7037 7038
f 7039 7040 7041
f 7042 7043 7044
f 7045 7046 7047
f 7048 7049 7050
f 7051 7052 7053
f 7054 7055 7056
f 7057 7058 7059
f 7060 7061 7062
f 7063 7064 7065
f 7066 7067 7068
f 7069 7070 7071
f 7072 7073 7074
f 7075 7076 7077
f 7078 7079 7080
f 7081 7082 7083
f 7084 7085 7086
f 7087 7088 7089
f 7090 7091 7092
f 7093 7094 7095
f 7096 7097 7098
f 7099 7100 7101
f 7102 7103 7104
f 7105 7106 7107
f 7108 7109 7110
f 7111 7112 7113
f 7114 7115 7116
f 7117 7118 7119
f 7120 7121 7122
f 7123 7124 7125
f 7126 7127 7128
f 7129 7130 7131
f 7132 7133 7134
f 7135 7136 7137
f 7138 7139 7140
f 7141 7142 7143
f 7144 7145 7146
f 7147 7148 7149
f 7150 7151 7152
f 7153 7154 7155
f 7156 7157 7158
f 7159 7160 7161
f 7162 7163 7164
f 7165 7166 7167
f 7168 7169 7170
f 7171 7172 7173
f 7174 7175 7176
f 7177 7178 7179
f 7180 7181 7182
f 7183 7184 7185
f 7186 7187 7188
f 7189 7190 7191
f 7192 7193 7194
f 7195 7196 7197
f 7198 7199 7200
f 7201 7202 7203
f 7204 7205 7206
f 7207 7208 7209
f 7210 7211 7212
f 7213 7214 7215
f 7216 7217 7218
f 7219 7220 7221
f 7222 7223 7224
f 7225 7226 7227
f 7228 7229 7230
f 7231 7232 7233
f 7234 7235 7236
f 7237 7238 7239
f 7240 7241 7242
f 7243 7244 7245
f 7246 7247 7248
f 7249 7250 7251
f 7252 7253 7254
f 7255 7256 7257
f 7258 7259 7260
f 7261 7262 7263
f 7264 7265 7266
f 7267 7268 7269
f 7270 7271 7272
f 7273 7274 7275
f 7276 7277 7278
f 7279 7280 7281
f 7282 7283 7284
f 7285 7286 7287
f 7288 7289 7290
f 7291 7292 7293
f 7294 7295 7296
f 7297 7298 7299
f 7300 7301 7302
f 7303 7304 7305
f 7306 7307 7308
f 7309 7310 7311
f 7312 7313 7314
f 7315 7316 7317
f 7318 7319 7320
f 7321 7322 7323
f 7324 7325 7326
f 7327 7328 7329
f 7330 7331 7332
f 7333 7334 7335
f 7336 7337 7338
f 7339 7340 7341
f 7342 7343 7344
f 7345 7346 7347
f 7348 7349 7350
f 7351 7352 7353
f 7354 7355 7356
f 7357 7358 7359
f 7360 7361 7362
f 7363 7364 7365
f 7366 7367 7368
f 7369 7370 7371
f 7372 7373 7374
f 7375 7376 7377
f 7378 7379 7380
f 7381 7382 7383
f 7384 7385 7386
f 7387 7388 7389
f 7390 7391 7392
f 7393 7394 7395
f 7396 7397 7398
f 7399 7400 7401
f 7402 7403 7404
f 7405 7406 7407
f 7408 7409 7410
f 7411 7412 7413
f 7414 7415 7416
f 7417 7418 7419
f 7420 7421 7422
f 7423 7424 7425
f 7426 7427 7428
f 7429 7430 7431
f 7432 7433 7434
f 7435 7436 7437
f 7438 7439 7440
f 7441 7442 7443
f 7444 7445 7446
f 7447 7448 7449
f 7450 7451 7452
f 7453 7454 7455
f 7456 7457 7458
f 7459 7460 7461
f 7462 7463 7464
f 7465 7466 7467
f 7468 7469 7470
f 7471 7472 7473
f 7474 7475 7476
f 7477 7478 7479
f 7480 7481 7482
f 7483 7484 7485
f 7486 7487 7488
f 7489 7490 7491
f 7492 7493 7494
f 7495 7496 7497
f 7498 7499 7500
f 7501 7502 7503
f 7504 7505 7506
f 7507 7508 7509
f 7510 7511 7512
f 7513 7514 7515
f 7516 7517 7518
f 7519 7520 7521
f 7522 7523 7524
f 7525 7526 7527
f 7528 7529 7530
f 7531 7532 7533
f 7534 7535 7536
f 7537 7538 7539
f 7540 7541 7542
f 7543 7544 7545
f 7546 7547 7548
f 7549 7550 7551
f 7552 7553 7554
f 7555 7556 7557
f 7558 7559 7560
f 7561 7562 7563
f 7564 7565 7566
f 7567 7568 7569
f 7570 7571 7572
f 7573 7574 7575
f 7576 7577 7578
f 7579 7580 7581
f 7582 7583 7584
f 7585 7586 7587
f 7588 7589 7590
f 7591 7592 7593
f 7594 7595 7596
f 7597 7598 7599
f 7600 7601 7602
f 7603 7604 7605
f 7606 7607 7608
f 7609 7610 7611
f 7612 7613 7614
f 7615 7616 7617
f 7618 7619 7620
f 7621 7622 7623
f 7624 7625 7626
f 7627 7628 7629
f 7630 7631 7632
f 7633 7634 7635
f 7636 7637 7638
f 7639 7640 7641
f 7642 7643 7644
f 7645 7646 7647
f 7648 7649 7650
f 7651 7652 7653
f 7654 7655 7656
f 7657 7658 7659
f 7660 7661 7662
f 7663 7664 7665
f 7666 7667 7668
f 7669 7670 7671
f 7672 7673 7674
f 7675 7676 7677
f 7678 7679 7680
f 7681 7682 7683
f 7684 7685 7686
f 7687 7688 7689
f 7690 7691 7692
f 7693 7694 7695
f 7696 7697 7698
f 7699 7700 7701
f 7702 7703 7704
f 7705 7706 7707
f 7708 7709 7710
f 7711 7712 7713
f 7714 7715 7716
f 7717 7718 7719
f 7720 7721 7722
f 7723 7724 7725
f 7726 7727 7728
f 7729 7730 7731
f 7732 7733 7734
f 7735 7736 7737
f 7738 7739 7740
f 7741 7742 7743
f 7744 7745 7746
f 7747 7748 7749
f 7750 7751 7752
f 7753 7754 7755
f 7756 7757 7758
f 7759 7760 7761
f 7762 7763 7764
f 7765 7766 7767
f 7768 7769 7770
f 7771 7772 7773
f 7774 7775 7776
f 7777 7778 7779
f 7780 7781 7782
f 7783 7784 7785
f 7786 7787 7788
f 7789 7790 7791
f 7792 7793 7794
f 7795 7796 7797
f 7798 7799 7800
f 7801 7802 7803
f 7804 7805 7806
f 7807 7808 7809
f 7810 7811 7812
f 7813 7814 7815
f 7816 7817 7818
f 7819 7820 7821
f 7822 7823 7824
f 7825 7826 7827
f 7828 7829 7830
f 7831 7832 7833
f 7834 7835 7836
f 7837 7838 7839
f 7840 7841 7842
f 7843 7844 7845
f 7846 7847 7848
f 7849 7850 7851
f 7852 7853 7854
f 7855 7856 7857
f 7858 7859 7860
f 7861 7862 7863
f 7864 7865 7866
f 7867 7868 7869
f 7870 7871 7872
f 7873 7874 7875
f 7876 7877 7878
f 7879 7880 7881
f 7882 7883 7884
f 7885 7886 7887
f 7888 7889 7890
f 7891 7892 7893
f 7894 7895 7896
f 7897 7898 7899
f 7900 7901 7902
f 7903 7904 7905
f 7906 7907 7908
f 7909 7910 7911
f 7912 7913 7914
f 7915 7916 7917
f 7918 7919 7920
f 7921 7922 7923
f 7924 7925 7926
f 7927 7928 7929
f 7930 7931 7932
f 7933 7934 7935
f 7936 7937 7938
f 7939 7940 7941
f 7942 7943 7944
f 7945 7946 7947
f 7948 7949 7950
f 7951 7952 7953
f 7954 7955 7956
f 7957 7958 7959
f 7960 7961 7962
f 7963 7964 7965
f 7966 7967 7968
f 7969 7970 7971
f 7972 7973 7974
f 7975 7976 7977
f 7978 7979 7980
f 7981 7982 7983
f 7984 7985 7986
f 7987 7988 7989
f 7990 7991 7992
f 7993 7994 7995
f 7996 7997 7998
f 7999 8000 8001
f 8002 8003 8004
f 8005 8006 8007
f 8008 8009 8010
f 8011 8012 8013
f 8014 8015 8016
f 8017 8018 8019
f 8020 8021 8022
f 8023 8024 8025
f 8026 8027 8028
f 8029 8030 8031
f 8032 8033 8034
f 8035 8036 8037
f 8038 8039 8040
f 8041 8042 8043
f 8044 8045 8046
f 8047 8048 8049
f 8050 8051 8052
f 8053 8054 8055
f 8056 8057 8058
f 8059 8060 8061
f 8062 8063 8064
f 8065 8066 8067
f 8068 8069 8070
f 8071 8072 8073
f 8074 8075 8076
f 8077 8078 8079
f 8080 8081 8082
f 8083 8084 8085
f 8086 8087 8088
f 8089 8090 8091
f 8092 8093 8094
f 8095 8096 8097
f 8098 8099 8100
f 8101 8102 8103
f 8104 8105 8106
f 8107 8108 8109
f 8110 8111 8112
f 8113 8114 8115
f 8116 8117 8118
f 8119 8120 8121
f 8122 8123 8124
f 8125 8126 8127
f 8128 8129 8130
f 8131 8132 8133
f 8134 8135 8136
f 8137 8138 8139
f 8140 8141 8142
f 8143 8144 8145
f 8146 8147 8148
f 8149 8150 8151
f 8152 8153 8154
f 8155 8156 8157
f 8158 8159 8160
f 8161 8162 8163
f 8164 8165 8166
f 8167 8168 8169
f 8170 8171 8172
f 8173 8174 8175
f 8176 8177 8178
f 8179 8180 8181
f 8182 8183 8184
f 8185 8186 8187
f 8188 8189 8190
f 8191 8192 8193
f 8194 8195 8196
f 8197 8198 8199
f 8200 8201 8202
f 8203 8204 8205
f 8206 8207 8208
f 8209 8210 8211
f 8212 8213 8214
f 8215 8216 8217
f 8218 8219 8220
f 8221 8222 8223
f 8224 8225 8226
f 8227 8228 8229
f 8230 8231 8232
f 8233 8234 8235
f 8236 8237 8238
f 8239 8240 8241
f 8242 8243 8244
f 8245 8246 8247
f 8248 8249 8250
f 8251 8252 8253
f 8254 8255 8256
f 8257 8258 8259
f 8260 8261 8262
f 8263 8264 8265
f 8266 8267 8268
f 8269 8270 8271
f 8272 8273 8274
f 8275 8276 8277
f 8278 8279 8280
f 8281 8282 8283
f 8284 8285 8286
f 8287 8288 8289
f 8290 8291 8292
f 8293 8294 8295
f 8296 8297 8298
f 8299 8300 8301
f 8302 8303 8304
f 8305 8306 8307
f 8308 8309 8310
f 8311 8312 8313
f 8314 8315 8316
f 8317 8318 8319
f 8320 8321 8322
f 8323 8324 8325
f 8326 8327 8328
f 8329 8330 8331
f 8332 8333 8334
f 8335 8336 8337
f 8338 8339 8340
f 8341 8342 8343
f 8344 8345 8346
f 8347 8348 8349
f 8350 8351 8352
f 8353 8354 8355
f 8356 8357 8358
f 8359 8360 8361
f 8362 8363 8364
f 8365 8366 8367
f 8368 8369 8370
f 8371 8372 8373
f 8374 8375 8376
f 8377 8378 8379
f 8380 8381 8382
f 8383 8384 8385
f 8386 8387 8388
f 8389 8390 8391
f 8392 8393 8394
f 8395 8396 8397
f 8398 8399 8400
f 8401 8402 8403
f 8404 8405 8406
f 8407 8408 8409
f 8410 8411 8412
f 8413 8414 8415
f 8416 8417 8418
f 8419 8420 8421
f 8422 8423 8424
f 8425 8426 8427
f 8428 8429 8430
f 8431 8432 8433
f 8434 8435 8436
f 8437 8438 8439
f 8440 8441 8442
f 8443 8444 8445
f 8446 8447 8448
f 8449 8450 8451
f 8452 8453 8454
f 8455 8456 8457
f 8458 8459 8460
f 8461 8462 8463
f 8464 8465 8466
f 8467 8468 8469
f 8470 8471 8472
f 8473 8474 8475
f 8476 8477 8478
f 8479 8480 8481
f 8482 8483 8484
f 8485 8486 8487
f 8488 8489 8490
f 8491 8492 8493
f 8494 8495 8496
f 8497 8498 8499
f 8500 8501 8502
f 8503 8504 8505
f 8506 8507 8508
f 8509 8510 8511
f 8512 8513 8514
f 8515 8516 8517
f 8518 8519 8520
f 8521 8522 8523
f 8524 8525 8526
f 8527 8528 8529
f 8530 8531 8532
f 8533 8534 8535
f 8536 8537 8538
f 8539 8540 8541
f 8542 8543 8544
f 8545 8546 8547
f 8548 8549 8550
f 8551 8552 8553
f 8554 8555 8556
f 8557 8558 8559
f 8560 8561 8562
f 8563 8564 8565
f 8566 8567 8568
f 8569 8570 8571
f 8572 8573 8574
f 8575 8576 8577
f 8578 8579 8580
f 8581 8582 8583
f 8584 8585 8586
f 8587 8588 8589
f 8590 8591 8592
f 8593 8594 8595
f 8596 8597 8598
f 8599 8600 8601
f 8602 8603 8604
f 8605 8606 8607
f 8608 8609 8610
f 8611 8612 8613
f 8614 8615 8616
f 8617 8618 8619
f 8620 8621 8622
f 8623 8624 8625
f 8626 8627 8628
f 8629 8630 8631
f 8632 8633 8634
f 8635 8636 8637
f 8638 8639 8640
f 8641 8642 8643
f 8644 8645 8646
f 8647 8648 8649
f 8650 8651 8652
f 8653 8654 8655
f 8656 8657 8658
f 8659 8660 8661
f 8662 8663 8664
f 8665 8666 8667
f 8668 8669 8670
f 8671 8672 8673
f 8674 8675 8676
f 8677 8678 8679
f 8680 8681 8682
f 8683 8684 8685
f 8686 8687 8688
f 8689 8690 8691
f 8692 8693 8694
f 8695 8696 8697
f 8698 8699 8700
f 8701 8702 8703
f 8704 8705 8706
f 8707 8708 8709
f 8710 8711 8712
f 8713 8714 8715
f 8716 8717 8718
f 8719 8720 8721
f 8722 8723 8724
f 8725 8726 8727
f 8728 8729 8730
f 8731 8732 8733
f 8734 8735 8736
f 8737 8738 8739
f 8740 8741 8742
f 8743 8744 8745
f 8746 8747 8748
f 8749 8750 8751
f 8752 8753 8754
f 8755 8756 8757
f 8758 8759 8760
f 8761 8762 8763
f 8764 8765 8766
f 8767 8768 8769
f 8770 8771 8772
f 8773 8774 8775
f 8776 8777 8778
f 8779 8780 8781
f 8782 8783 8784
f 8785 8786 8787
f 8788 8789 8790
f 8791 8792 8793
f 8794 8795 8796
f 8797 8798 8799
f 8800 8801 8802
f 8803 8804 8805
f 8806 8807 8808
f 8809 8810 8811
f 8812 8813 8814
f 8815 8816 8817
f 8818 8819 8820
f 8821 8822 8823
f 8824 8825 8826
f 8827 8828 8829
f 8830 8831 8832
f 8833 8834 8835
f 8836 8837 8838
f 8839 8840 8841
f 8842 8843 8844
f 8845 8846 8847
f 8848 8849 8850
f 8851 8852 8853
f 8854 8855 8856
f 8857 8858 8859
f 8860 8861 8862
f 8863 8864 8865
f 8866 8867 8868
f 8869 8870 8871
f 8872 8873 8874
f 8875 8876 8877
f 8878 8879 8880
f 8881 8882 8883
f 8884 8885 8886
f 8887 8888 8889
f 8890 8891 8892
f 8893 8894 8895
f 8896 8897 8898
f 8899 8900 8901
f 8902 8903 8904
f 8905 8906 8907
f 8908 8909 8910
f 8911 8912 8913
f 8914 8915 8916
f 8917 8918 8919
f 8920 8921 8922
f 8923 8924 8925
f 8926 8927 8928
f 8929 8930 8931
f 8932 8933 8934
f 8935 8936 8937
f 8938 8939 8940
f 8941 8942 8943
f 8944 8945 8946
f 8947 8948 8949
f 8950 8951 8952
f 8953 8954 8955
f 8956 8957 8958
f 8959 8960 8961
f 8962 8963 8964
f 8965 8966 8967
f 8968 8969 8970
f 8971 8972 8973
f 8974 8975 8976
f 8977 8978 8979
f 8980 8981 8982
f 8983 8984 8985
f 8986 8987 8988
f 8989 8990 8991
f 8992 8993 8994
f 8995 8996 8997
f 8998 8999 9000
f 9001 9002 9003
f 9004 9005 9006
f 9007 9008 9009
f 9010 9011 9012
f 9013 9014 9015
f 9016 9017 9018
f 9019 9020 9021
f 9022 9023 9024
f 9025 9026 9027
f 9028 9029 9030
f 9031 9032 9033
f 9034 9035 9036
f 9037 9038 9039
f 9040 9041 9042
f 9043 9044 9045
f 9046 9047 9048
f 9049 9050 9051
f 9052 9053 9054
f 9055 9056 9057
f 9058 9059 9060
f 9061 9062 9063
f 9064 9065 9066
f 9067 9068 9069
f 9070 9071 9072
f 9073 9074 9075
f 9076 9077 9078
f 9079 9080 9081
f 9082 9083 9084
f 9085 9086 9087
f 9088 9089 9090
f 9091 9092 9093
f 9094 9095 9096
f 9097 9098 9099
f 9100 9101 9102
f 9103 9104 9105
f 9106 9107 9108
f 9109 9110 9111
f 9112 9113 9114
f 9115 9116 9117
f 9118 9119 9120
f 9121 9122 9123
f 9124 9125 9126
f 9127 9128 9129
f 9130 9131 9132
f 9133 9134 9135
f 9136 9137 9138
f 9139 9140 9141
f 9142 9143 9144
f 9145 9146 9147
f 9148 9149 9150
f 9151 9152 9153
f 9154 9155 9156
f 9157 9158 9159
f 9160 9161 9162
f 9163 9164 9165
f 9166 9167 9168
f 9169 9170 9171
f 9172 9173 9174
f 9175 9176 9177
f 9178 9179 9180
f 9181 9182 9183
f 9184 9185 9186
f 9187 9188 9189
f 9190 9191 9192
f 9193 9194 9195
f 9196 9197 9198
f 9199 9200 9201
f 9202 9203 9204
f 9205 9206 9207
f 9208 9209 9210
f 9211 9212 9213
f 9214 9215 9216
f 9217 9218 9219
f 9220 9221 9222
f 9223 9224 9225
f 9226 9227 9228
f 9229 9230 9231
f 9232 9233 9234
f 9235 9236 9237
f 9238 9239 9240
f 9241 9242 9243
f 9244 9245 9246
f 9247 9248 9249
f 9250 9251 9252
f 9253 9254 9255
f 9256 9257 9258
f 9259 9260 9261
f 9262 9263 9264
f 9265 9266 9267
f 9268 9269 9270
f 9271 9272 9273
f 9274 9275 9276
f 9277 9278 9279
f 9280 9281 9282
f 9283 9284 9285
f 9286 9287 9288
f 9289 9290 9291
f 9292 9293 9294
f 9295 9296 9297
f 9298 9299 9300
f 9301 9302 9303
f 9304 9305 9306
f 9307 9308 9309
f 9310 9311 9312
f 9313 9314 9315
f 9316 9317 9318
f 9319 9320 9321
f 9322 9323 9324
f 9325 9326 9327
f 9328 9329 9330
f 9331 9332 9333
f 9334 9335 9336
f 9337 9338 9339
f 9340 9341 9342
f 9343 9344 9345
f 9346 9347 9348
f 9349 9350 9351
f 9352 9353 9354
f 9355 9356 9357
f 9358 9359 9360
f 9361 9362 9363
f 9364 9365 9366
f 9367 9368 9369
f 9370 9371 9372
f 9373 9374 9375
f 9376 9377 9378
f 9379 9380 9381
f 9382 9383 9384
f 9385 9386 9387
f 9388 9389 9390
f 9391 9392 9393
f 9394 9395 9396
f 9397 9398 9399
f 9400 9401 9402
f 9403 9404 9405
f 9406 9407 9408
f 9409 9410 9411
f 9412 9413 9414
f 9415 9416 9417
f 9418 9419 9420
f 9421 9422 9423
f 9424 9425 9426
f 9427 9428 9429
f 9430 9431 9432
f 9433 9434 9435
f 9436 9437 9438
f 9439 9440 9441
f 9442 9443 9444
f 9445 9446 9447
f 9448 9449 9450
f 9451 9452 9453
f 9454 9455 9456
f 9457 9458 9459
f 9460 9461 9462
f 9463 9464 9465
f 9466 9467 9468
f 9469 9470 9471
f 9472 9473 9474
f 9475 9476 9477
f 9478 9479 9480
f 9481 9482 9483
f 9484 9485 9486
f 9487 9488 9489
f 9490 9491 9492
f 9493 9494 9495
f 9496 9497 9498
f 9499 9500 9501
f 9502 9503 9504
f 9505 9506 9507
f 9508 9509 9510
f 9511 9512 9513
f 9514 9515 9516
f 9517 9518 9519
f 9520 9521 9522
f 9523 9524 9525
f 9526 9527 9528
f 9529 9530 9531
f 9532 9533 9534
f 9535 9536 9537
f 9538 9539 9540
f 9541 9542 9543
f 9544 9545 9546
f 9547 9548 9549
f 9550 9551 9552
f 9553 9554 9555
f 9556 9557 9558
f 9559 9560 9561
f 9562 9563 9564
f 9565 9566 9567
f 9568 9569 9570
f 9571 9572 9573
f 9574 9575 9576
f 9577 9578 9579
f 9580 9581 9582
f 9583 9584 9585
f 9586 9587 9588
f 9589 9590 9591
f 9592 9593 9594
f 9595 9596 9597
f 9598 9599 9600
f 9601 9602 9603
f 9604 9605 9606
f 9607 9608 9609
f 9610 9611 9612
f 9613 9614 9615
f 9616 9617 9618
f 9619 9620 9621
f 9622 9623 9624
f 9625 9626 9627
f 9628 9629 9630
f 9631 9632 9633
f 9634 9635 9636
f 9637 9638 9639
f 9640 9641 9642
f 9643 9644 9645
f 9646 9647 9648
f 9649 9650 9651
f 9652 9653 9654
f 9655 9656 9657
f 9658 9659 9660
f 9661 9662 9663
f 9664 9665 9666
f 9667 9668 9669
f 9670 9671 9672
f 9673 9674 9675
f 9676 9677 9678
f 9679 9680 9681
f 9682 9683 9684
f 9685 9686 9687
f 9688 9689 9690
f 9691 9692 9693
f 9694 9695 9696
f 9697 9698 9699
f 9700 9701 9702
f 9703 9704 9705
f 9706 9707 9708
f 9709 9710 9711
f 9712 9713 9714
f 9715 9716 9717
f 9718 9719 9720
f 9721 9722 9723
f 9724 9725 9726
f 9727 9728 9729
f 9730 9731 9732
f 9733 9734 9735
f 9736 9737 9738
f 9739 9740 9741
f 9742 9743 9744
f 9745 9746 9747
f 9748 9749 9750
f 9751 9752 9753
f 9754 9755 9756
f 9757 9758 9759
f 9760 9761 9762
f 9763 9764 9765
f 9766 9767 9768
f 9769 9770 9771
f 9772 9773 9774
f 9775 9776 9777
f 9778 9779 9780
f 9781 9782 9783
f 9784 9785 9786
f 9787 9788 9789
f 9790 9791 9792
f 9793 9794 9795
f 9796 9797 9798
f 9799 9800 9801
f 9802 9803 9804
f 9805 9806 9807
f 9808 9809 9810
f 9811 9812 9813
f 9814 9815 9816
f 9817 9818 9819
f 9820 9821 9822
f 9823 9824 9825
f 9826 9827 9828
f 9829 9830 9831
f 9832 9833 9834
f 9835 9836 9837
f 9838 9839 9840
f 9841 9842 9843
f 9844 9845 9846
f 9847 9848 9849
f 9850 9851 9852
f 9853 9854 9855
f 9856 9857 9858
f 9859 9860 9861
f 9862 9863 9864
f 9865 9866 9867
f 9868 9869 9870
f 9871 9872 9873
f 9874 9875 9876
f 9877 9878 9879
f 9880 9881 9882
f 9883 9884 9885
f 9886 9887 9888
f 9889 9890 9891
f 9892 9893 9894
f 9895 9896 9897
f 9898 9899 9900
f 9901 9902 9903
f 9904 9905 9906
f 9907 9908 9909
f 9910 9911 9912
f 9913 9914 9915
f 9916 9917 9918
f 9919 9920 9921
f 9922 9923 9924
f 9925 9926 9927
f 9928 9929 9930
f 9931 9932 9933
f 9934 9935 9936
f 9937 9938 9939
f 9940 9941 9942
f 9943 9944 9945
f 9946 9947 9948
f 9949 9950 9951
f 9952 9953 9954
f 9955 9956 9957
f 9958 9959 9960
f 9961 9962 9963
f 9964 9965 9966
f 9967 9968 9969
f 9970 9971 9972
f 9973 9974 9975
f 9976 9977 9978
f 9979 9980 9981
f 9982 9983 9984
f 9985 9986 9987
f 9988 9989 9990
f 9991 9992 9993
f 9994 9995 9996
f 9997 9998 9999
f 10000 10001 10002
f 10003 10004 10005
f 10006 10007 10008
f 10009 10010 10011
f 10012 10013 10014
f 10015 10016 10017
f 10018 10019 10020
f 10021 10022 10023
f 10024 10025 10026
f 10027 10028 10029
f 10030 10031 10032
f 10033 10034 10035
f 10036 10037 10038
f 10039 10040 10041
f 10042 10043 10044
f 10045 10046 10047
f 10048 10049 10050
f 10051 10052 10053
f 10054 10055 10056
f 10057 10058 10059
f 10060 10061 10062
f 10063 10064 10065
f 10066 10067 10068
f 10069 10070 10071
f 10072 10073 10074
f 10075 10076 10077
f 10078 10079 10080
f 10081 10082 10083
f 10084 10085 10086
f 10087 10088 10089
f 10090 10091 10092
f 10093 10094 10095
f 10096 10097 10098
f 10099 10100 10101
f 10102 10103 10104
f 10105 10106 10107
f 10108 10109 10110
f 10111 10112 10113
f 10114 10115 10116
f 10117 10118 10119
f 10120 10121 10122
f 10123 10124 10125
f 10126 10127 10128
f 10129 10130 10131
f 10132 10133 10134
f 10135 10136 10137
f 10138 10139 10140
f 10141 10142 10143
f 10144 10145 10146
f 10147 10148 10149
f 10150 10151 10152
f 10153 10154 10155
f 10156 10157 10158
f 10159 10160 10161
f 10162 10163 10164
f 10165 10166 10167
f 10168 10169 10170
f 10171 10172 10173
f 10174 10175 10176
f 10177 10178 10179
f 10180 10181 10182
f 10183 10184 10185
f 10186 10187 10188
f 10189 10190 10191
f 10192 10193 10194
f 10195 10196 10197
f 10198 10199 10200
f 10201 10202 10203
f 10204 10205 10206
f 10207 10208 10209
f 10210 10211 10212
f 10213 10214 10215
f 10216 10217 10218
f 10219 10220 10221
f 10222 10223 10224
f 10225 10226 10227
f 10228 10229 10230
f 10231 10232 10233
f 10234 10235 10236
f 10237 10238 10239
f 10240 10241 10242
f 10243 10244 10245
f 10246 10247 10248
f 10249 10250 10251
f 10252 10253 10254
f 10255 10256 10257
f 10258 10259 10260
f 10261 10262 10263
f 10264 10265 10266
f 10267 10268 10269
f 10270 10271 10272
f 10273 10274 10275
f 10276 10277 10278
f 10279 10280 10281
f 10282 10283 10284
f 10285 10286 10287
f 10288 10289 10290
f 10291 10292 10293
f 10294 10295 10296
f 10297 10298 10299
f 10300 10301 10302
f 10303 10304 10305
f 10306 10307 10308
f 10309 10310 10311
f 10312 10313 10314
f 10315 10316 10317
f 10318 10319 10320
f 10321 10322 10323
f 10324 10325 10326
f 10327 10328 10329
f 10330 10331 10332
f 10333 10334 10335
f 10336 10337 10338
f 10339 10340 10341
f 10342 10343 10344
f 10345 10346 10347
f 10348 10349 10350
f 10351 10352 10353
f 10354 10355 10356
f 10357 10358 10359
f 10360 10361 10362
f 10363 10364 10365
f 10366 10367 10368
f 10369 10370 10371
f 10372 10373 10374
f 10375 10376 10377
f 10378 10379 10380
f 10381 10382 10383
f 10384 10385 10386
f 10387 10388 10389
f 10390 10391 10392
f 10393 10394 10395
f 10396 10397 10398
f 10399 10400 10401
f 10402 10403 10404
f 10405 10406 10407
f 10408 10409 10410
f 10411 10412 10413
f 10414 10415 10416
f 10417 10418 10419
f 10420 10421 10422
f 10423 10424 10425
f 10426 10427 10428
f 10429 10430 10431
f 10432 10433 10434
f 10435 10436 10437
f 10438 10439 10440
f 10441 10442 10443
f 10444 10445 10446
f 10447 10448 10449
f 10450 10451 10452
f 10453 10454 10455
f 10456 10457 10458
f 10459 10460 10461
f 10462 10463 10464
f 10465 10466 10467
f 10468 10469 10470
f 10471 10472 10473
f 10474 10475 10476
f 10477 10478 10479
f 10480 10481 10482
f 10483 10484 10485
f 10486 10487 10488
f 10489 10490 10491
f 10492 10493 10494
f 10495 10496 10497
f 10498 10499 10500
f 10501 10502 10503
f 10504 10505 10506
f 10507 10508 10509
f 10510 10511 10512
f 10513 10514 10515
f 10516 10517 10518
f 10519 10520 10521
f 10522 10523 10524
f 10525 10526 10527
f 10528 10529 10530
f 10531 10532 10533
f 10534 10535 10536
f 10537 10538 10539
f 10540 10541 10542
f 10543 10544 10545
f 10546 10547 10548
f 10549 10550 10551
f 10552 10553 10554
f 10555 10556 10557
f 10558 10559 10560
f 10561 10562 10563
f 10564 10565 10566
f 10567 10568 10569
f 10570 10571 10572
f 10573 10574 10575
f 10576 10577 10578
f 10579 10580 10581
f 10582 10583 10584
f 10585 10586 10587
f 10588 10589 10590
f 10591 10592 10593
f 10594 10595 10596
f 10597 10598 10599
f 10600 10601 10602
f 10603 10604 10605
f 10606 10607 10608
f 10609 10610 10611
f 10612 10613 10614
f 10615 10616 10617
f 10618 10619 10620
f 10621 10622 10623
f 10624 10625 10626
f 10627 10628 10629
f 10630 10631 10632
f 10633 10634 10635
f 10636 10637 10638
f 10639 10640 10641
f 10642 10643 10644
f 10645 10646 10647
f 10648 10649 10650
f 10651 10652 10653
f 10654 10655 10656
f 10657 10658 10659
f 10660 10661 10662
f 10663 10664 10665
f 10666 10667 10668
f 10669 10670 10671
f 10672 10673 10674
f 10675 10676 10677
f 10678 10679 10680
f 10681 10682 10683
f 10684 10685 10686
f 10687 10688 10689
f 10690 10691 10692
f 10693 10694 10695
f 10696 10697 10698
f 10699 10700 10701
f 10702 10703 10704
f 10705 10706 10707
f 10708 10709 10710
f 10711 10712 10713
f 10714 10715 10716
f 10717 10718 10719
f 10720 10721 10722
f 10723 10724 10725
f 10726 10727 10728
f 10729 10730 10731
f 10732 10733 10734
f 10735 10736 10737
f 10738 10739 10740
f 10741 10742 10743
f 10744 10745 10746
f 10747 10748 10749
f 10750 10751 10752
f 10753 10754 10755
f 10756 10757 10758
f 10759 10760 10761
f 10762 10763 10764
f 10765 10766 10767
f 10768 10769 10770
f 10771 10772 10773
f 10774 10775 10776
f 10777 10778 10779
f 10780 10781 10782
f 10783 10784 10785
f 10786 10787 10788
f 10789 10790 10791
f 10792 10793 10794
f 10795 10796 10797
f 10798 10799 10800
f 10801 10802 10803
f 10804 10805 10806
f 10807 10808 10809
f 10810 10811 10812
f 10813 10814 10815
f 10816 10817 10818
f 10819 10820 10821
f 10822 10823 10824
f 10825 10826 10827
f 10828 10829 10830
f 10831 10832 10833
f 10834 10835 10836
f 10837 10838 10839
f 10840 10841 10842
f 10843 10844 10845
f 10846 10847 10848
f 10849 10850 10851
f 10852 10853 10854
f 10855 10856 10857
f 10858 10859 10860
f 10861 10862 10863
f 10864 10865 10866
f 10867 10868 10869
f 10870 10871 10872
f 10873 10874 10875
f 10876 10877 10878
f 10879 10880 10881
f 10882 10883 10884
f 10885 10886 10887
f 10888 10889 10890
f 10891 10892 10893
f 10894 10895 10896
f 10897 10898 10899
f 10900 10901 10902
f 10903 10904 10905
f 10906 10907 10908
f 10909 10910 10911
f 10912 10913 10914
f 10915 10916 10917
f 10918 10919 10920
f 10921 10922 10923
f 10924 10925 10926
f 10927 10928 10929
f 10930 10931 10932
f 10933 10934 10935
f 10936 10937 10938
f 10939 10940 10941
f 10942 10943 10944
f 10945 10946 10947
f 10948 10949 10950
f 10951 10952 10953
f 10954 10955 10956
f 10957 10958 10959
f 10960 10961 10962
f 10963 10964 10965
f 10966 10967 10968
f 10969 10970 10971
f 10972 10973 10974
f 10975 10976 10977
f 10978 10979 10980
f 10981 10982 10983
f 10984 10985 10986
f 10987 10988 10989
f 10990 10991 10992
f 10993 10994 10995
f 10996 10997 10998
f 10999 11000 11001
f 11002 11003 11004
f 11005 11006 11007
f 11008 11009 11010
f 11011 11012 11013
f 11014 11015 11016
f 11017 11018 11019
f 11020 11021 11022
f 11023 11024 11025
f 11026 11027 11028
f 11029 11030 11031
f 11032 11033 11034
f 11035 11036 11037
f 11038 11039 11040
f 11041 11042 11043
f 11044 11045 11046
f 11047 11048 11049
f 11050 11051 11052
f 11053 11054 11055
f 11056 11057 11058
f 11059 11060 11061
f 11062 11063 11064
f 11065 11066 11067
f 11068 11069 11070
f 11071 11072 11073
f 11074 11075 11076
f 11077 11078 11079
f 11080 11081 11082
f 11083 11084 11085
f 11086 11087 11088
f 11089 11090 11091
f 11092 11093 11094
f 11095 11096 11097
f 11098 11099 11100
f 11101 11102 11103
f 11104 11105 11106
f 11107 11108 11109
f 11110 11111 11112
f 11113 11114 11115
f 11116 11117 11118
f 11119 11120 11121
f 11122 11123 11124
f 11125 11126 11127
f 11128 11129 11130
f 11131 11132 11133
f 11134 11135 11136
f 11137 11138 11139
f 11140 11141 11142
f 11143 11144 11145
f 11146 11147 11148
f 11149 11150 11151
f 11152 11153 11154
f 11155 11156 11157
f 11158 11159 11160
f 11161 11162 11163
f 11164 11165 11166
f 11167 11168 11169
f 11170 11171 11172
f 11173 11174 11175
f 11176 11177 11178
f 11179 11180 11181
f 11182 11183 11184
f 11185 11186 11187
f 11188 11189 11190
f 11191 11192 11193
f 11194 11195 11196
f 11197 11198 11199
f 11200 11201 11202
f 11203 11204 11205
f 11206 11207 11208
f 11209 11210 11211
f 11212 11213 11214
f 11215 11216 11217
f 11218 11219 11220
f 11221 11222 11223
f 11224 11225 11226
f 11227 11228 11229
f 11230 11231 11232
f 11233 11234 11235
f 11236 11237 11238
f 11239 11240 11241
f 11242 11243 11244
f 11245 11246 11247
f 11248 11249 11250
f 11251 11252 11253
f 11254 11255 11256
f 11257 11258 11259
f 11260 11261 11262
f 11263 11264 11265
f 11266 11267 11268
f 11269 11270 11271
f 11272 11273 11274
f 11275 11276 11277
f 11278 11279 11280
f 11281 11282 11283
f 11284 11285 11286
f 11287 11288 11289
f 11290 11291 11292
f 11293 11294 11295
f 11296 11297 11298
f 11299 11300 11301
f 11302 11303 11304
f 11305 11306 11307
f 11308 11309 11310
f 11311 11312 11313
f 11314 11315 11316
f 11317 11318 11319
f 11320 11321 11322
f 11323 11324 11325
f 11326 11327 11328
f 11329 11330 11331
f 11332 11333 11334
f 11335 11336 11337
f 11338 11339 11340
f 11341 11342 11343
f 11344 11345 11346
f 11347 11348 11349
f 11350 11351 11352
f 11353 11354 11355
f 11356 11357 11358
f 11359 11360 11361
f 11362 11363 11364
f 11365 11366 11367
f 11368 11369 11370
f 11371 11372 11373
f 11374 11375 11376
f 11377 11378 11379
f 11380 11381 11382
f 11383 11384 11385
f 11386 11387 11388
f 11389 11390 11391
f 11392 11393 11394
f 11395 11396 11397
f 11398 11399 11400
f 11401 11402 11403
f 11404 11405 11406
f 11407 11408 11409
f 11410 11411 11412
f 11413 11414 11415
f 11416 11417 11418
f 11419 11420 11421
f 11422 11423 11424
f 11425 11426 11427
f 11428 11429 11430
f 11431 11432 11433
f 11434 11435 11436
f 11437 11438 11439
f 11440 11441 11442
f 11443 11444 11445
f 11446 11447 11448
f 11449 11450 11451
f 11452 11453 11454
f 11455 11456 11457
f 11458 11459 11460
f 11461 11462 11463
f 11464 11465 11466
f 11467 11468 11469
f 11470 11471 11472
f 11473 11474 11475
f 11476 11477 11478
f 11479 11480 11481
f 11482 11483 11484
f 11485 11486 11487
f 11488 11489 11490
f 11491 11492 11493
f 11494 11495 11496
f 11497 11498 11499
f 11500 11501 11502
f 11503 11504 11505
f 11506 11507 11508
f 11509 11510 11511
f 11512 11513 11514
f 11515 11516 11517
f 11518 11519 11520
f 11521 11522 11523
f 11524 11525 11526
f 11527 11528 11529
f 11530 11531 11532
f 11533 11534 11535
f 11536 11537 11538
f 11539 11540 11541
f 11542 11543 11544
f 11545 11546 11547
f 11548 11549 11550
f 11551 11552 11553
f 11554 11555 11556
f 11557 11558 11559
f 11560 11561 11562
f 11563 11564 11565
f 11566 11567 11568
f 11569 11570 11571
f 11572 11573 11574
f 11575 11576 11577
f 11578 11579 11580
f 11581 11582 11583
f 11584 11585 11586
f 11587 11588 11589
f 11590 11591 11592
f 11593 11594 11595
f 11596 11597 11598
f 11599 11600 11601
f 11602 11603 11604
f 11605 11606 11607
f 11608 11609 11610
f 11611 11612 11613
f 11614 11615 11616
f 11617 11618 11619
f 11620 11621 11622
f 11623 11624 11625
f 11626 11627 11628
f 11629 11630 11631
f 11632 11633 11634
f 11635 11636 11637
f 11638 11639 11640
f 11641 11642 11643
f 11644 11645 11646
f 11647 11648 11649
f 11650 11651 11652
f 11653 11654 11655
f 11656 11657 11658
f 11659 11660 11661
f 11662 11663 11664
f 11665 11666 11667
f 11668 11669 11670
f 11671 11672 11673
f 11674 11675 11676
f 11677 11678 11679
f 11680 11681 11682
f 11683 11684 11685
f 11686 11687 11688
f 11689 11690 11691
f 11692 11693 11694
f 11695 11696 11697
f 11698 11699 11700
f 11701 11702 11703
f 11704 11705 11706
f 11707 11708 11709
f 11710 11711 11712
f 11713 11714 11715
f 11716 11717 11718
f 11719 11720 11721
f 11722 11723 11724
f 11725 11726 11727
f 11728 11729 11730
f 11731 11732 11733
f 11734 11735 11736
f 11737 11738 11739
f 11740 11741 11742
f 11743 11744 11745
f 11746 11747 11748
f 11749 11750 11751
f 11752 11753 11754
f 11755 11756 11757
f 11758 11759 11760
f 11761 11762 11763
f 11764 11765 11766
f 11767 11768 11769
f 11770 11771 11772
f 11773 11774 11775
f 11776 11777 11778
f 11779 11780 11781
f 11782 11783 11784
f 11785 11786 11787
f 11788 11789 11790
f 11791 11792 11793
f 11794 11795 11796
f 11797 11798 11799
f 11800 11801 11802
f 11803 11804 11805
f 11806 11807 11808
f 11809 11810 11811
f 11812 11813 11814
f 11815 11816 11817
f 11818 11819 11820
f 11821 11822 11823
f 11824 11825 11826
f 11827 11828 11829
f 11830 11831 11832
f 11833 11834 11835
f 11836 11837 11838
f 11839 11840 11841
f 11842 11843 11844
f 11845 11846 11847
f 11848 11849 11850
f 11851 11852 11853
f 11854 11855 11856
f 11857 11858 11859
f 11860 11861 11862
f 11863 11864 11865
f 11866 11867 11868
f 11869 11870 11871
f 11872 11873 11874
f 11875 11876 11877
f 11878 11879 11880
f 11881 11882 11883
f 11884 11885 11886
f 11887 11888 11889
f 11890 11891 11892
f 11893 11894 11895
f 11896 11897 11898
f 11899 11900 11901
f 11902 11903 11904
f 11905 11906 11907
f 11908 11909 11910
f 11911 11912 11913
f 11914 11915 11916
f 11917 11918 11919
f 11920 11921 11922
f 11923 11924 11925
f 11926 11927 11928
f 11929 11930 11931
f 11932 11933 11934
f 11935 11936 11937
f 11938 11939 11940
f 11941 11942 11943
f 11944 11945 11946
f 11947 11948 11949
f 11950 11951 11952
f 11953 11954 11955
f 11956 11957 11958
f 11959 11960 11961
f 11962 11963 11964
f 11965 11966 11967
f 11968 11969 11970
f 11971 11972 11973
f 11974 11975 11976
f 11977 11978 11979
f 11980 11981 11982
f 11983 11984 11985
f 11986 11987 11988
f 11989 11990 11991
f 11992 11993 11994
f 11995 11996 11997
f 11998 11999 12000
f 12001 12002 12003
f 12004 12005 12006
f 12007 12008 12009
f 12010 12011 12012
f 12013 12014 12015
f 12016 12017 12018
f 12019 12020 12021
f 12022 12023 12024
f 12025 12026 12027
f 12028 12029 12030
f 12031 12032 12033
f 12034 12035 12036
f 12037 12038 12039
f 12040 12041 12042
f 12043 12044 12045
f 12046 12047 12048
f 12049 12050 12051
f 12052 12053 12054
f 12055 12056 12057
f 12058 12059 12060
f 12061 12062 12063
f 12064 12065 12066
f 12067 12068 12069
f 12070 12071 12072
f 12073 12074 12075
f 12076 12077 12078
f 12079 12080 12081
f 12082 12083 12084
f 12085 12086 12087
f 12088 12089 12090
f 12091 12092 12093
f 12094 12095 12096
f 12097 12098 12099
f 12100 12101 12102
f 12103 12104 12105
f 12106 12107 12108
f 12109 12110 12111
f 12112 12113 12114
f 12115 12116 12117
f 12118 12119 12120
f 12121 12122 12123
f 12124 12125 12126
f 12127 12128 12129
f 12130 12131 12132
f 12133 12134 12135
f 12136 12137 12138
f 12139 12140 12141
f 12142 12143 12144
f 12145 12146 12147
f 12148 12149 12150
f 12151 12152 12153
f 12154 12155 12156
f 12157 12158 12159
f 12160 12161 12162
f 12163 12164 12165
f 12166 12167 12168
f 12169 12170 12171
f 12172 12173 12174
f 12175 12176 12177
f 12178 12179 12180
f 12181 12182 12183
f 12184 12185 12186
f 12187 12188 12189
f 12190 12191 12192
f 12193 12194 12195
f 12196 12197 12198
f 12199 12200 12201
f 12202 12203 12204
f 12205 12206 12207
f 12208 12209 12210
f 12211 12212 12213
f 12214 12215 12216
f 12217 12218 12219
f 12220 12221 12222
f 12223 12224 12225
f 12226 12227 12228
f 12229 12230 12231
f 12232 12233 12234
f 12235 12236 12237
f 12238 12239 12240
f 12241 12242 12243
f 12244 12245 12246
f 12247 12248 12249
f 12250 12251 12252
f 12253 12254 12255
f 12256 12257 12258
f 12259 12260 12261
f 12262 12263 12264
f 12265 12266 12267
f 12268 12269 12270
f 12271 12272 12273
f 12274 12275 12276
f 12277 12278 12279
f 12280 12281 12282
f 12283 12284 12285
f 12286 12287 12288
f 12289 12290 12291
f 12292 12293 12294
f 12295 12296 12297
f 12298 12299 12300
f 12301 12302 12303
f 12304 12305 12306
f 12307 12308 12309
f 12310 12311 12312
f 12313 12314 12315
f 12316 12317 12318
f 12319 12320 12321
f 12322 12323 12324
f 12325 12326 12327
f 12328 12329 12330
f 12331 12332 12333
f 12334 12335 12336
f 12337 12338 12339
f 12340 12341 12342
f 12343 12344 12345
f 12346 12347 12348
f 12349 12350 12351
f 12352 12353 12354
f 12355 12356 12357
f 12358 12359 12360
f 12361 12362 12363
f 12364 12365 12366
f 12367 12368 12369
f 12370 12371 12372
f 12373 12374 12375
f 12376 12377 12378
f 12379 12380 12381
f 12382 12383 12384
f 12385 12386 12387
f 12388 12389 12390
f 12391 12392 12393
f 12394 12395 12396
f 12397 12398 12399
f 12400 12401 12402
f 12403 12404 12405
f 12406 12407 12408
f 12409 12410 12411
f 12412 12413 12414
f 12415 12416 12417
f 12418 12419 12420
f 12421 12422 12423
f 12424 12425 12426
f 12427 12428 12429
f 12430 12431 12432
f 12433 12434 12435
f 12436 12437 12438
f 12439 12440 12441
f 12442 12443 12444
f 12445 12446 12447
f 12448 12449 12450
f 12451 12452 12453
f 12454 12455 12456
f 12457 12458 12459
f 12460 12461 12462
f 12463 12464 12465
f 12466 12467 12468
f 12469 12470 12471
f 12472 12473 12474
f 12475 12476 12477
f 12478 12479 12480
f 12481 12482 12483
f 12484 12485 12486
f 12487 12488 12489
f 12490 12491 12492
f 12493 12494 12495
f 12496 12497 12498
f 12499 12500 12501
f 12502 12503 12504
f 12505 12506 12507
f 12508 12509 12510
f 12511 12512 12513
f 12514 12515 12516
f 12517 12518 12519
f 12520 12521 12522
f 12523 12524 12525
f 12526 12527 12528
f 12529 12530 12531
f 12532 12533 12534
f 12535 12536 12537
f 12538 12539 12540
f 12541 12542 12543
f 12544 12545 12546
f 12547 12548 12549
f 12550 12551 12552
f 12553 12554 12555
f 12556 12557 12558
f 12559 12560 12561
f 12562 12563 12564
f 12565 12566 12567
f 12568 12569 12570
f 12571 12572 12573
f 12574 12575 12576
f 12577 12578 12579
f 12580 12581 12582
f 12583 12584 12585
f 12586 12587 12588
f 12589 12590 12591
f 12592 12593 12594
f 12595 12596 12597
f 12598 12599 12600
f 12601 12602 12603
f 12604 12605 12606
f 12607 12608 12609
f 12610 12611 12612
f 12613 12614 12615
f 12616 12617 12618
f 12619 12620 12621
f 12622 12623 12624
f 12625 12626 12627
f 12628 12629 12630
f 12631 12632 12633
f 12634 12635 12636
f 12637 12638 12639
f 12640 12641 12642
f 12643 12644 12645
f 12646 12647 12648
f 12649 12650 12651
f 12652 12653 12654
f 12655 12656 12657
f 12658 12659 12660
f 12661 12662 12663
f 12664 12665 12666
f 12667 12668 12669
f 12670 12671 12672
f 12673 12674 12675
f 12676 12677 12678
f 12679 12680 12681
f 12682 12683 12684
f 12685 12686 12687
f 12688 12689 12690
f 12691 12692 12693
f 12694 12695 12696
f 12697 12698 12699
f 12700 12701 12702
f 12703 12704 12705
f 12706 12707 12708
f 12709 12710 12711
f 12712 12713 12714
f 12715 12716 12717
f 12718 12719 12720
f 12721 12722 12723
f 12724 12725 12726
f 12727 12728 12729
f 12730 12731 12732
f 12733 12734 12735
f 12736 12737 12738
f 12739 12740 12741
f 12742 12743 12744
f 12745 12746 12747
f 12748 12749 12750
f 12751 12752 12753
f 12754 12755 12756
f 12757 12758 12759
f 12760 12761 12762
f 12763 12764 12765
f 12766 12767 12768
f 12769 12770 12771
f 12772 12773 12774
f 12775 12776 12777
f 12778 12779 12780
f 12781 12782 12783
f 12784 12785 12786
f 12787 12788 12789
f 12790 12791 12792
f 12793 12794 12795
f 12796 12797 12798
f 12799 12800 12801
f 12802 12803 12804
f 12805 12806 12807
f 12808 12809 12810
f 12811 12812 12813
f 12814 12815 12816
f 12817 12818 12819
f 12820 12821 12822
f 12823 12824 12825
f 12826 12827 12828
f 12829 12830 12831
f 12832 12833 12834
f 12835 12836 12837
f 12838 12839 12840
f 12841 12842 12843
f 12844 12845 12846
f 12847 12848 12849
f 12850 12851 12852
f 12853 12854 12855
f 12856 12857 12858
f 12859 12860 12861
f 12862 12863 12864
f 12865 12866 12867
f 12868 12869 12870
f 12871 12872 12873
f 12874 12875 12876
f 12877 12878 12879
f 12880 12881 12882
f 12883 12884 12885
f 12886 12887 12888
f 12889 12890 12891
f 12892 12893 12894
f 12895 12896 12897
f 12898 12899 12900
f 12901 12902 12903
f 12904 12905 12906
f 12907 12908 12909
f 12910 12911 12912
f 12913 12914 12915
f 12916 12917 12918
f 12919 12920 12921
f 12922 12923 12924
f 12925 12926 12927
f 12928 12929 12930
f 12931 12932 12933
f 12934 12935 12936
f 12937 12938 12939
f 12940 12941 12942
f 12943 12944 12945
f 12946 12947 12948
f 12949 12950 12951
f 12952 12953 12954
f 12955 12956 12957
f 12958 12959 12960
f 12961 12962 12963
f 12964 12965 12966
f 12967 12968 12969
f 12970 12971 12972
f 12973 12974 12975
f 12976 12977 12978
f 12979 12980 12981
f 12982 12983 12984
f 12985 12986 12987
f 12988 12989 12990
f 12991 12992 12993
f 12994 12995 12996
f 12997 12998 12999
f 13000 13001 13002
f 13003 13004 13005
f 13006 13007 13008
f 13009 13010 13011
f 13012 13013 13014
f 13015 13016 13017
f 13018 13019 13020
f 13021 13022 13023
f 13024 13025 13026
f 13027 13028 13029
f 13030 13031 13032
f 13033 13034 13035
f 13036 13037 13038
f 13039 13040 13041
f 13042 13043 13044
f 13045 13046 13047
f 13048 13049 13050
f 13051 13052 13053
f 13054 13055 13056
f 13057 13058 13059
f 13060 13061 13062
f 13063 13064 13065
f 13066 13067 13068
f 13069 13070 13071
f 13072 13073 13074
f 13075 13076 13077
f 13078 13079 13080
f 13081 13082 13083
f 13084 13085 13086
f 13087 13088 13089
f 13090 13091 13092
f 13093 13094 13095
f 13096 13097 13098
f 13099 13100 13101
f 13102 13103 13104
f 13105 13106 13107
f 13108 13109 13110
f 13111 13112 13113
f 13114 13115 13116
f 13117 13118 13119
f 13120 13121 13122
f 13123 13124 13125
f 13126 13127 13128
f 13129 13130 13131
f 13132 13133 13134
f 13135 13136 13137
f 13138 13139 13140
f 13141 13142 13143
f 13144 13145 13146
f 13147 13148 13149
f 13150 13151 13152
f 13153 13154 13155
f 13156 13157 13158
f 13159 13160 13161
f 13162 13163 13164
f 13165 13166 13167
f 13168 13169 13170
f 13171 13172 13173
f 13174 13175 13176
f 13177 13178 13179
f 13180 13181 13182
f 13183 13184 13185
f 13186 13187 13188
f 13189 13190 13191
f 13192 13193 13194
f 13195 13196 13197
f 13198 13199 13200
f 13201 13202 13203
f 13204 13205 13206
f 13207 13208 13209
f 13210 13211 13212
f 13213 13214 13215
f 13216 13217 13218
f 13219 13220 13221
f 13222 13223 13224
f 13225 13226 13227
f 13228 13229 13230
f 13231 13232 13233
f 13234 13235 13236
f 13237 13238 13239
f 13240 13241 13242
f 13243 13244 13245
f 13246 13247 13248
f 13249 13250 13251
f 13252 13253 13254
f 13255 13256 13257
f 13258 13259 13260
f 13261 13262 13263
f 13264 13265 13266
f 13267 13268 13269
f 13270 13271 13272
f 13273 13274 13275
f 13276 13277 13278
f 13279 13280 13281
f 13282 13283 13284
f 13285 13286 13287
f 13288 13289 13290
f 13291 13292 13293
f 13294 13295 13296
f 13297 13298 13299
f 13300 13301 13302
f 13303 13304 13305
f 13306 13307 13308
f 13309 13310 13311
f 13312 13313 13314
f 13315 13316 13317
f 13318 13319 13320
f 13321 13322 13323
f 13324 13325 13326
f 13327 13328 13329
f 13330 13331 13332
f 13333 13334 13335
f 13336 13337 13338
f 13339 13340 13341
f 13342 13343 13344
f 13345 13346 13347
f 13348 13349 13350
f 13351 13352 13353
f 13354 13355 13356
f 13357 13358 13359
f 13360 13361 13362
f 13363 13364 13365
f 13366 13367 13368
f 13369 13370 13371
f 13372 13373 13374
f 13375 13376 13377
f 13378 13379 13380
f 13381 13382 13383
f 13384 13385 13386
f 13387 13388 13389
f 13390 13391 13392
f 13393 13394 13395
f 13396 13397 13398
f 13399 13400 13401
f 13402 13403 13404
f 13405 13406 13407
f 13408 13409 13410
f 13411 13412 13413
f 13414 13415 13416
f 13417 13418 13419
f 13420 13421 13422
f 13423 13424 13425
f 13426 13427 13428
f 13429 13430 13431
f 13432 13433 13434
f 13435 13436 13437
f 13438 13439 13440
f 13441 13442 13443
f 13444 13445 13446
f 13447 13448 13449
f 13450 13451 13452
f 13453 13454 13455
f 13456 13457 13458
f 13459 13460 13461
f 13462 13463 13464
f 13465 13466 13467
f 13468 13469 13470
f 13471 13472 13473
f 13474 13475 13476
f 13477 13478 13479
f 13480 13481 13482
f 13483 13484 13485
f 13486 13487 13488
f 13489 13490 13491
f 13492 13493 13494
f 13495 13496 13497
f 13498 13499 13500
f 13501 13502 13503
f 13504 13505 13506
f 13507 13508 13509
f 13510 13511 13512
f 13513 13514 13515
f 13516 13517 13518
f 13519 13520 13521
f 13522 13523 13524
f 13525 13526 13527
f 13528 13529 13530
f 13531 13532 13533
f 13534 13535 13536
f 13537 13538 13539
f 13540 13541 13542
f 13543 13544 13545
f 13546 13547 13548
f 13549 13550 13551
f 13552 13553 13554
f 13555 13556 13557
f 13558 13559 13560
f 13561 13562 13563
f 13564 13565 13566
f 13567 13568 13569
f 13570 13571 13572
f 13573 13574 13575
f 13576 13577 13578
f 13579 13580 13581
f 13582 13583 13584
f 13585 13586 13587
f 13588 13589 13590
f 13591 13592 13593
f 13594 13595 13596
f 13597 13598 13599
f 13600 13601 13602
f 13603 13604 13605
f 13606 13607 13608
f 13609 13610 13611
f 13612 13613 13614
f 13615 13616 13617
f 13618 13619 13620
f 13621 13622 13623
f 13624 13625 13626
f 13627 13628 13629
f 13630 13631 13632
f 13633 13634 13635
f 13636 13637 13638
f 13639 13640 13641
f 13642 13643 13644
f 13645 13646 13647
f 13648 13649 13650
f 13651 13652 13653
f 13654 13655 13656
f 13657 13658 13659
f 13660 13661 13662
f 13663 13664 13665
f 13666 13667 13668
f 13669 13670 13671
f 13672 13673 13674
f 13675 13676 13677
f 13678 13679 13680
f 13681 13682 13683
f 13684 13685 13686
f 13687 13688 13689
f 13690 13691 13692
f 13693 13694 13695
f 13696 13697 13698
f 13699 13700 13701
f 13702 13703 13704
f 13705 13706 13707
f 13708 13709 13710
f 13711 13712 13713
f 13714 13715 13716
f 13717 13718 13719
f 13720 13721 13722
f 13723 13724 13725
f 13726 13727 13728
f 13729 13730 13731
f 13732 13733 13734
f 13735 13736 13737
f 13738 13739 13740
f 13741 13742 13743
f 13744 13745 13746
f 13747 13748 13749
f 13750 13751 13752
f 13753 13754 13755
f 13756 13757 13758
f 13759 13760 13761
f 13762 13763 13764
f 13765 13766 13767
f 13768 13769 13770
f 13771 13772 13773
f 13774 13775 13776
f 13777 13778 13779
f 13780 13781 13782
f 13783 13784 13785
f 13786 13787 13788
f 13789 13790 13791
f 13792 13793 13794
f 13795 13796 13797
f 13798 13799 13800
f 13801 13802 13803
f 13804 13805 13806
f 13807 13808 13809
f 13810 13811 13812
f 13813 13814 13815
f 13816 13817 13818
f 13819 13820 13821
f 13822 13823 13824
f 13825 13826 13827
f 13828 13829 13830
f 13831 13832 13833
f 13834 13835 13836
f 13837 13838 13839
f 13840 13841 13842
f 13843 13844 13845
f 13846 13847 13848
f 13849 13850 13851
f 13852 13853 13854
f 13855 13856 13857
f 13858 13859 13860
f 13861 13862 13863
f 13864 13865 13866
f 13867 13868 13869
f 13870 13871 13872
f 13873 13874 13875
f 13876 13877 13878
f 13879 13880 13881
f 13882 13883 13884
f 13885 13886 13887
f 13888 13889 13890
f 13891 13892 13893
f 13894 13895 13896
f 13897 13898 13899
f 13900 13901 13902
f 13903 13904 13905
f 13906 13907 13908
f 13909 13910 13911
f 13912 13913 13914
f 13915 13916 13917
f 13918 13919 13920
f 13921 13922 13923
f 13924 13925 13926
f 13927 13928 13929
f 13930 13931 13932
f 13933 13934 13935
f 13936 13937 13938
f 13939 13940 13941
f 13942 13943 13944
f 13945 13946 13947
f 13948 13949 13950
f 13951 13952 13953
f 13954 13955 13956
f 13957 13958 13959
f 13960 13961 13962
f 13963 13964 13965
f 13966 13967 13968
f 13969 13970 13971
f 13972 13973 13974
f 13975 13976 13977
f 13978 13979 13980
f 13981 13982 13983
f 13984 13985 13986
f 13987 13988 13989
f 13990 13991 13992
f 13993 13994 13995
f 13996 13997 13998
f 13999 14000 14001
f 14002 14003 14004
f 14005 14006 14007
f 14008 14009 14010
f 14011 14012 14013
f 14014 14015 14016
f 14017 14018 14019
f 14020 14021 14022
f 14023 14024 14025
f 14026 14027 14028
f 14029 14030 14031
f 14032 14033 14034
f 14035 14036 14037
f 14038 14039 14040
f 14041 14042 14043
f 14044 14045 14046
f 14047 14048 14049
f 14050 14051 14052
f 14053 14054 14055
f 14056 14057 14058
f 14059 14060 14061
f 14062 14063 14064
f 14065 14066 14067
f 14068 14069 14070
f 14071 14072 14073
f 14074 14075 14076
f 14077 14078 14079
f 14080 14081 14082
f 14083 14084 14085
f 14086 14087 14088
f 14089 14090 14091
f 14092 14093 14094
f 14095 14096 14097
f 14098 14099 14100
f 14101 14102 14103
f 14104 14105 14106
f 14107 14108 14109
f 14110 14111 14112
f 14113 14114 14115
f 14116 14117 14118
f 14119 14120 14121
f 14122 14123 14124
f 14125 14126 14127
f 14128 14129 14130
f 14131 14132 14133
f 14134 14135 14136
f 14137 14138 14139
f 14140 14141 14142
f 14143 14144 14145
f 14146 14147 14148
f 14149 14150 14151
f 14152 14153 14154
f 14155 14156 14157
f 14158 14159 14160
f 14161 14162 14163
f 14164 14165 14166
f 14167 14168 14169
f 14170 14171 14172
f 14173 14174 14175
f 14176 14177 14178
f 14179 14180 14181
f 14182 14183 14184
f 14185 14186 14187
f 14188 14189 14190
f 14191 14192 14193
f 14194 14195 14196
f 14197 14198 14199
f 14200 14201 14202
f 14203 14204 14205
f 14206 14207 14208
f 14209 14210 14211
f 14212 14213 14214
f 14215 14216 14217
f 14218 14219 14220
f 14221 14222 14223
f 14224 14225 14226
f 14227 14228 14229
f 14230 14231 14232
f 14233 14234 14235
f 14236 14237 14238
f 14239 14240 14241
f 14242 14243 14244
f 14245 14246 14247
f 14248 14249 14250
f 14251 14252 14253
f 14254 14255 14256
f 14257 14258 14259
f 14260 14261 14262
f 14263 14264 14265
f 14266 14267 14268
f 14269 14270 14271
f 14272 14273 14274
f 14275 14276 14277
f 14278 14279 14280
f 14281 14282 14283
f 14284 14285 14286
f 14287 14288 14289
f 14290 14291 14292
f 14293 14294 14295
f 14296 14297 14298
f 14299 14300 14301
f 14302 14303 14304
f 14305 14306 14307
f 14308 14309 14310
f 14311 14312 14313
f 14314 14315 14316
f 14317 14318 14319
f 14320 14321 14322
f 14323 14324 14325
f 14326 14327 14328
f 14329 14330 14331
f 14332 14333 14334
f 14335 14336 14337
f 14338 14339 14340
f 14341 14342 14343
f 14344 14345 14346
f 14347 14348 14349
f 14350 14351 14352
f 14353 14354 14355
f 14356 14357 14358
f 14359 14360 14361
f 14362 14363 14364
f 14365 14366 14367
f 14368 14369 14370
f 14371 14372 14373
f 14374 14375 14376
f 14377 14378 14379
f 14380 14381 14382
f 14383 14384 14385
f 14386 14387 14388
f 14389 14390 14391
f 14392 14393 14394
f 14395 14396 14397
f 14398 14399 14400
f 14401 14402 14403
f 14404 14405 14406
f 14407 14408 14409
f 14410 14411 14412
f 14413 14414 14415
f 14416 14417 14418
f 14419 14420 14421
f 14422 14423 14424
f 14425 14426 14427
f 14428 14429 14430
f 14431 14432 14433
f 14434 14435 14436
f 14437 14438 14439
f 14440 14441 14442
f 14443 14444 14445
f 14446 14447 14448
f 14449 14450 14451
f 14452 14453 14454
f 14455 14456 14457
f 14458 14459 14460
f 14461 14462 14463
f 14464 14465 14466
f 14467 14468 14469
f 14470 14471 14472
f 14473 14474 14475
f 14476 14477 14478
f 14479 14480 14481
f 14482 14483 14484
f 14485 14486 14487
f 14488 14489 14490
f 14491 14492 14493
f 14494 14495 14496
f 14497 14498 14499
f 14500 14501 14502
f 14503 14504 14505
f 14506 14507 14508
f 14509 14510 14511
f 14512 14513 14514
f 14515 14516 14517
f 14518 14519 14520
f 14521 14522 14523
f 14524 14525 14526
f 14527 14528 14529
f 14530 14531 14532
f 14533 14534 14535
f 14536 14537 14538
f 14539 14540 14541
f 14542 14543 14544
f 14545 14546 14547
f 14548 14549 14550
f 14551 14552 14553
f 14554 14555 14556
f 14557 14558 14559
f 14560 14561 14562
f 14563 14564 14565
f 14566 14567 14568
f 14569 14570 14571
f 14572 14573 14574
f 14575 14576 14577
f 14578 14579 14580
f 14581 14582 14583
f 14584 14585 14586
f 14587 14588 14589
f 14590 14591 14592
f 14593 14594 14595
f 14596 14597 14598
f 14599 14600 14601
f 14602 14603 14604
f 14605 14606 14607
f 14608 14609 14610
f 14611 14612 14613
f 14614 14615 14616
f 14617 14618 14619
f 14620 14621 14622
f 14623 14624 14625
f 14626 14627 14628
f 14629 14630 14631
f 14632 14633 14634
f 14635 14636 14637
f 14638 14639 14640
f 14641 14642 14643
f 14644 14645 14646
f 14647 14648 14649
f 14650 14651 14652
f 14653 14654 14655
f 14656 14657 14658
f 14659 14660 14661
f 14662 14663 14664
f 14665 14666 14667
f 14668 14669 14670
f 14671 14672 14673
f 14674 14675 14676
f 14677 14678 14679
f 14680 14681 14682
f 14683 14684 14685
f 14686 14687 14688
f 14689 14690 14691
f 14692 14693 14694
f 14695 14696 14697
f 14698 14699 14700
f 14701 14702 14703
f 14704 14705 14706
f 14707 14708 14709
f 14710 14711 14712
f 14713 14714 14715
f 14716 14717 14718
f 14719 14720 14721
f 14722 14723 14724
f 14725 14726 14727
f 14728 14729 14730
f 14731 14732 14733
f 14734 14735 14736
f 14737 14738 14739
f 14740 14741 14742
f 14743 14744 14745
f 14746 14747 14748
f 14749 14750 14751
f 14752 14753 14754
f 14755 14756 14757
f 14758 14759 14760
f 14761 14762 14763
f 14764 14765 14766
f 14767 14768 14769
f 14770 14771 14772
f 14773 14774 14775
f 14776 14777 14778
f 14779 14780 14781
f 14782 14783 14784
f 14785 14786 14787
f 14788 14789 14790
f 14791 14792 14793
f 14794 14795 14796
f 14797 14798 14799
f 14800 14801 14802
f 14803 14804 14805
f 14806 14807 14808
f 14809 14810 14811
f 14812 14813 14814
f 14815 14816 14817
f 14818 14819 14820
f 14821 14822 14823
f 14824 14825 14826
f 14827 14828 14829
f 14830 14831 14832
f 14833 14834 14835
f 14836 14837 14838
f 14839 14840 14841
f 14842 14843 14844
f 14845 14846 14847
f 14848 14849 14850
f 14851 14852 14853
f 14854 14855 14856
f 14857 14858 14859
f 14860 14861 14862
f 14863 14864 14865
f 14866 14867 14868
f 14869 14870 14871
f 14872 14873 14874
f 14875 14876 14877
f 14878 14879 14880
f 14881 14882 14883
f 14884 14885 14886
f 14887 14888 14889
f 14890 14891 14892
f 14893 14894 14895
f 14896 14897 14898
f 14899 14900 14901
f 14902 14903 14904
f 14905 14906 14907
f 14908 14909 14910
f 14911 14912 14913
f 14914 14915 14916
f 14917 14918 14919
f 14920 14921 14922
f 14923 14924 14925
f 14926 14927 14928
f 14929 14930 14931
f 14932 14933 14934
f 14935 14936 14937
f 14938 14939 14940
f 14941 14942 14943
f 14944 14945 14946
f 14947 14948 14949
f 14950 14951 14952
f 14953 14954 14955
f 14956 14957 14958
f 14959 14960 14961
f 14962 14963 14964
f 14965 14966 14967
f 14968 14969 14970
f 14971 14972 14973
f 14974 14975 14976
f 14977 14978 14979
f 14980 14981 14982
f 14983 14984 14985
f 14986 14987 14988
f 14989 14990 14991
f 14992 14993 14994
f 14995 14996 14997
f 14998 14999 15000
f 15001 15002 15003
f 15004 15005 15006
f 15007 15008 15009
f 15010 15011 15012
f 15013 15014 15015
f 15016 15017 15018
f 15019 15020 15021
f 15022 15023 15024
f 15025 15026 15027
f 15028 15029 15030
f 15031 15032 15033
f 15034 15035 15036
f 15037 15038 15039
f 15040 15041 15042
f 15043 15044 15045
f 15046 15047 15048
f 15049 15050 15051
f 15052 15053 15054
f 15055 15056 15057
f 15058 15059 15060
f 15061 15062 15063
f 15064 15065 15066
f 15067 15068 15069
f 15070 15071 15072
f 15073 15074 15075
f 15076 15077 15078
f 15079 15080 15081
f 15082 15083 15084
f 15085 15086 15087
f 15088 15089 15090
f 15091 15092 15093
f 15094 15095 15096
f 15097 15098 15099
f 15100 15101 15102
f 15103 15104 15105
f 15106 15107 15108
f 15109 15110 15111
f 15112 15113 15114
f 15115 15116 15117
f 15118 15119 15120
f 15121 15122 15123
f 15124 15125 15126
f 15127 15128 15129
f 15130 15131 15132
f 15133 15134 15135
f 15136 15137 15138
f 15139 15140 15141
f 15142 15143 15144
f 15145 15146 15147
f 15148 15149 15150
f 15151 15152 15153
f 15154 15155 15156
f 15157 15158 15159
f 15160 15161 15162
f 15163 15164 15165
f 15166 15167 15168
f 15169 15170 15171
f 15172 15173 15174
f 15175 15176 15177
f 15178 15179 15180
f 15181 15182 15183
f 15184 15185 15186
f 15187 15188 15189
f 15190 15191 15192
f 15193 15194 15195
f 15196 15197 15198
f 15199 15200 15201
f 15202 15203 15204
f 15205 15206 15207
f 15208 15209 15210
f 15211 15212 15213
f 15214 15215 15216
f 15217 15218 15219
f 15220 15221 15222
f 15223 15224 15225
f 15226 15227 15228
f 15229 15230 15231
f 15232 15233 15234
f 15235 15236 15237
f 15238 15239 15240
f 15241 15242 15243
f 15244 15245 15246
f 15247 15248 15249
f 15250 15251 15252
f 15253 15254 15255
f 15256 15257 15258
f 15259 15260 15261
f 15262 15263 15264
f 15265 15266 15267
f 15268 15269 15270
f 15271 15272 15273
f 15274 15275 15276
f 15277 15278 15279
f 15280 15281 15282
f 15283 15284 15285
f 15286 15287 15288
f 15289 15290 15291
f 15292 15293 15294
f 15295 15296 15297
f 15298 15299 15300
f 15301 15302 15303
f 15304 15305 15306
f 15307 15308 15309
f 15310 15311 15312
f 15313 15314 15315
f 15316 15317 15318
f 15319 15320 15321
f 15322 15323 15324
f 15325 15326 15327
f 15328 15329 15330
f 15331 15332 15333
f 15334 15335 15336
f 15337 15338 15339
f 15340 15341 15342
f 15343 15344 15345
f 15346 15347 15348
f 15349 15350 15351
f 15352 15353 15354
f 15355 15356 15357
f 15358 15359 15360
f 15361 15362 15363
f 15364 15365 15366
f 15367 15368 15369
f 15370 15371 15372
f 15373 15374 15375
f 15376 15377 15378
f 15379 15380 15381
f 15382 15383 15384
f 15385 15386 15387
f 15388 15389 15390
f 15391 15392 15393
f 15394 15395 15396
f 15397 15398 15399
f 15400 15401 15402
f 15403 15404 15405
f 15406 15407 15408
f 15409 15410 15411
f 15412 15413 15414
f 15415 15416 15417
f 15418 15419 15420
f 15421 15422 15423
f 15424 15425 15426
f 15427 15428 15429
f 15430 15431 15432
f 15433 15434 15435
f 15436 15437 15438
f 15439 15440 15441
f 15442 15443 15444
f 15445 15446 15447
f 15448 15449 15450
f 15451 15452 15453
f 15454 15455 15456
f 15457 15458 15459
f 15460 15461 15462
f 15463 15464 15465
f 15466 15467 15468
f 15469 15470 15471
f 15472 15473 15474
f 15475 15476 15477
f 15478 15479 15480
f 15481 15482 15483
f 15484 15485 15486
f 15487 15488 15489
f 15490 15491 15492
f 15493 15494 15495
f 15496 15497 15498
f 15499 15500 15501
f 15502 15503 15504
f 15505 15506 15507
f 15508 15509 15510
f 15511 15512 15513
f 15514 15515 15516
f 15517 15518 15519
f 15520 15521 15522
f 15523 15524 15525
f 15526 15527 15528
f 15529 15530 15531
f 15532 15533 15534
f 15535 15536 15537
f 15538 15539 15540
f 15541 15542 15543
f 15544 15545 15546
f 15547 15548 15549
f 15550 15551 15552
f 15553 15554 15555
f 15556 15557 15558
f 15559 15560 15561
f 15562 15563 15564
f 15565 15566 15567
f 15568 15569 15570
f 15571 15572 15573
f 15574 15575 15576
f 15577 15578 15579
f 15580 15581 15582
f 15583 15584 15585
f 15586 15587 15588
f 15589 15590 15591
f 15592 15593 15594
f 15595 15596 15597
f 15598 15599 15600
f 15601 15602 15603
f 15604 15605 15606
f 15607 15608 15609
f 15610 15611 15612
f 15613 15614 15615
f 15616 15617 15618
f 15619 15620 15621
f 15622 15623 15624
f 15625 15626 15627
f 15628 15629 15630
f 15631 15632 15633
f 15634 15635 15636
f 15637 15638 15639
f 15640 15641 15642
f 15643 15644 15645
f 15646 15647 15648
f 15649 15650 15651
f 15652 15653 15654
f 15655 15656 15657
f 15658 15659 15660
f 15661 15662 15663
f 15664 15665 15666
f 15667 15668 15669
f 15670 15671 15672
f 15673 15674 15675
f 15676 15677 15678
f 15679 15680 15681
f 15682 15683 15684
f 15685 15686 15687
f 15688 15689 15690
f 15691 15692 15693
f 15694 15695 15696
f 15697 15698 15699
f 15700 15701 15702
f 15703 15704 15705
f 15706 15707 15708
f 15709 15710 15711
f 15712 15713 15714
f 15715 15716 15717
f 15718 15719 15720
f 15721 15722 15723
f 15724 15725 15726
f 15727 15728 15729
f 15730 15731 15732
f 15733 15734 15735
f 15736 15737 15738
f 15739 15740 15741
f 15742 15743 15744
f 15745 15746 15747
f 15748 15749 15750
f 15751 15752 15753
f 15754 15755 15756
f 15757 15758 15759
f 15760 15761 15762
f 15763 15764 15765
f 15766 15767 15768
f 15769 15770 15771
f 15772 15773 15774
f 15775 15776 15777
f 15778 15779 15780
f 15781 15782 15783
f 15784 15785 15786
f 15787 15788 15789
f 15790 15791 15792
f 15793 15794 15795
f 15796 15797 15798
f 15799 15800 15801
f 15802 15803 15804
f 15805 15806 15807
f 15808 15809 15810
f 15811 15812 15813
f 15814 15815 15816
f 15817 15818 15819
f 15820 15821 15822
f 15823 15824 15825
f 15826 15827 15828
f 15829 15830 15831
f 15832 15833 15834
f 15835 15836 15837
f 15838 15839 15840
f 15841 15842 15843
f 15844 15845 15846
f 15847 15848 15849
f 15850 15851 15852
f 15853 15854 15855
f 15856 15857 15858
f 15859 15860 15861
f 15862 15863 15864
f 15865 15866 15867
f 15868 15869 15870
f 15871 15872 15873
f 15874 15875 15876
f 15877 15878 15879
f 15880 15881 15882
f 15883 15884 15885
f 15886 15887 15888
f 15889 15890 15891
f 15892 15893 15894
f 15895 15896 15897
f 15898 15899 15900
f 15901 15902 15903
f 15904 15905 15906
f 15907 15908 15909
f 15910 15911 15912
f 15913 15914 15915
f 15916 15917 15918
f 15919 15920 15921
f 15922 15923 15924
f 15925 15926 15927
f 15928 15929 15930
f 15931 15932 15933
f 15934 15935 15936
f 15937 15938 15939
f 15940 15941 15942
f 15943 15944 15945
f 15946 15947 15948
f 15949 15950 15951
f 15952 15953 15954
f 15955 15956 15957
f 15958 15959 15960
f 15961 15962 15963
f 15964 15965 15966
f 15967 15968 15969
f 15970 15971 15972
f 15973 15974 15975
f 15976 15977 15978
f 15979 15980 15981
f 15982 15983 15984
f 15985 15986 15987
f 15988 15989 15990
f 15991 15992 15993
f 15994 15995 15996
f 15997 15998 15999
f 16000 16001 16002
f 16003 16004 16005
f 16006 16007 16008
f 16009 16010 16011
f 16012 16013 16014
f 16015 16016 16017
f 16018 16019 16020
f 16021 16022 16023
f 16024 16025 16026
f 16027 16028 16029
f 16030 16031 16032
f 16033 16034 16035
f 16036 16037 16038
f 16039 16040 16041
f 16042 16043 16044
f 16045 16046 16047
f 16048 16049 16050
f 16051 16052 16053
f 16054 16055 16056
f 16057 16058 16059
f 16060 16061 16062
f 16063 16064 16065
f 16066 16067 16068
f 16069 16070 16071
f 16072 16073 16074
f 16075 16076 16077
f 16078 16079 16080
f 16081 16082 16083
f 16084 16085 16086
f 16087 16088 16089
f 16090 16091 16092
f 16093 16094 16095
f 16096 16097 16098
f 16099 16100 16101
f 16102 16103 16104
f 16105 16106 16107
f 16108 16109 16110
f 16111 16112 16113
f 16114 16115 16116
f 16117 16118 16119
f 16120 16121 16122
f 16123 16124 16125
f 16126 16127 16128
f 16129 16130 16131
f 16132 16133 16134
f 16135 16136 16137
f 16138 16139 16140
f 16141 16142 16143
f 16144 16145 16146
f 16147 16148 16149
f 16150 16151 16152
f 16153 16154 16155
f 16156 16157 16158
f 16159 16160 16161
f 16162 16163 16164
f 16165 16166 16167
f 16168 16169 16170
f 16171 16172 16173
f 16174 16175 16176
f 16177 16178 16179
f 16180 16181 16182
f 16183 16184 16185
f 16186 16187 16188
f 16189 16190 16191
f 16192 16193 16194
f 16195 16196 16197
f 16198 16199 16200
f 16201 16202 16203
f 16204 16205 16206
f 16207 16208 16209
f 16210 16211 16212
f 16213 16214 16215
f 16216 16217 16218
f 16219 16220 16221
f 16222 16223 16224
f 16225 16226 16227
f 16228 16229 16230
f 16231 16232 16233
f 16234 16235 16236
f 16237 16238 16239
f 16240 16241 16242
f 16243 16244 16245
f 16246 16247 16248
f 16249 16250 16251
f 16252 16253 16254
f 16255 16256 16257
f 16258 16259 16260
f 16261 16262 16263
f 16264 16265 16266
f 16267 16268 16269
f 16270 16271 16272
f 16273 16274 16275
f 16276 16277 16278
f 16279 16280 16281
f 16282 16283 16284
f 16285 16286 16287
f 16288 16289 16290
f 16291 16292 16293
f 16294 16295 16296
f 16297 16298 16299
f 16300 16301 16302
f 16303 16304 16305
f 16306 16307 16308
f 16309 16310 16311
f 16312 16313 16314
f 16315 16316 16317
f 16318 16319 16320
f 16321 16322 16323
f 16324 16325 16326
f 16327 16328 16329
f 16330 16331 16332
f 16333 16334 16335
f 16336 16337 16338
f 16339 16340 16341
f 16342 16343 16344
f 16345 16346 16347
f 16348 16349 16350
f 16351 16352 16353
f 16354 16355 16356
f 16357 16358 16359
f 16360 16361 16362
f 16363 16364 16365
f 16366 16367 16368
f 16369 16370 16371
f 16372 16373 16374
f 16375 16376 16377
f 16378 16379 16380
f 16381 16382 16383
f 16384 16385 16386
f 16387 16388 16389
f 16390 16391 16392
f 16393 16394 16395
f 16396 16397 16398
f 16399 16400 16401
f 16402 16403 16404
f 16405 16406 16407
f 16408 16409 16410
f 16411 16412 16413
f 16414 16415 16416
f 16417 16418 16419
f 16420 16421 16422
f 16423 16424 16425
f 16426 16427 16428
f 16429 16430 16431
f 16432 16433 16434
f 16435 16436 16437
f 16438 16439 16440
f 16441 16442 16443
f 16444 16445 16446
f 16447 16448 16449
f 16450 16451 16452
f 16453 16454 16455
f 16456 16457 16458
f 16459 16460 16461
f 16462 16463 16464
f 16465 16466 16467
f 16468 16469 16470
f 16471 16472 16473
f 16474 16475 16476
f 16477 16478 16479
f 16480 16481 16482
f 16483 16484 16485
f 16486 16487 16488
f 16489 16490 16491
f 16492 16493 16494
f 16495 16496 16497
f 16498 16499 16500
f 16501 16502 16503
f 16504 16505 16506
f 16507 16508 16509
f 16510 16511 16512
f 16513 16514 16515
f 16516 16517 16518
f 16519 16520 16521
f 16522 16523 16524
f 16525 16526 16527
f 16528 16529 16530
f 16531 16532 16533
f 16534 16535 16536
f 16537 16538 16539
f 16540 16541 16542
f 16543 16544 16545
f 16546 16547 16548
f 16549 16550 16551
f 16552 16553 16554
f 16555 16556 16557
f 16558 16559 16560
f 16561 16562 16563
f 16564 16565 16566
f 16567 16568 16569
f 16570 16571 16572
f 16573 16574 16575
f 16576 16577 16578
f 16579 16580 16581
f 16582 16583 16584
f 16585 16586 16587
f 16588 16589 16590
f 16591 16592 16593
f 16594 16595 16596
f 16597 16598 16599
f 16600 16601 16602
f 16603 16604 16605
f 16606 16607 16608
f 16609 16610 16611
f 16612 16613 16614
f 16615 16616 16617
f 16618 16619 16620
f 16621 16622 16623
f 16624 16625 16626
f 16627 16628 16629
f 16630 16631 16632
f 16633 16634 16635
f 16636 16637 16638
f 16639 16640 16641
f 16642 16643 16644
f 16645 16646 16647
f 16648 16649 16650
f 16651 16652 16653
f 16654 16655 16656
f 16657 16658 16659
f 16660 16661 16662
f 16663 16664 16665
f 16666 16667 16668
f 16669 16670 16671
f 16672 16673 16674
f 16675 16676 16677
f 16678 16679 16680
f 16681 16682 16683
f 16684 16685 16686
f 16687 16688 16689
f 16690 16691 16692
f 16693 16694 16695
f 16696 16697 16698
f 16699 16700 16701
f 16702 16703 16704
f 16705 16706 16707
f 16708 16709 16710
f 16711 16712 16713
f 16714 16715 16716
f 16717 16718 16719
f 16720 16721 16722
f 16723 16724 16725
f 16726 16727 16728
f 16729 16730 16731
f 16732 16733 16734
f 16735 16736 16737
f 16738 16739 16740
f 16741 16742 16743
f 16744 16745 16746
f 16747 16748 16749
f 16750 16751 16752
f 16753 16754 16755
f 16756 16757 16758
f 16759 16760 16761
f 16762 16763 16764
f 16765 16766 16767
f 16768 16769 16770
f 16771 16772 16773
f 16774 16775 16776
f 16777 16778 16779
f 16780 16781 16782
f 16783 16784 16785
f 16786 16787 16788
f 16789 16790 16791
f 16792 16793 16794
f 16795 16796 16797
f 16798 16799 16800
f 16801 16802 16803
f 16804 16805 16806
f 16807 16808 16809
f 16810 16811 16812
f 16813 16814 16815
f 16816 16817 16818
f 16819 16820 16821
f 16822 16823 16824
f 16825 16826 16827
f 16828 16829 16830
f 16831 16832 16833
f 16834 16835 16836
f 16837 16838 16839
f 16840 16841 16842
f 16843 16844 16845
f 16846 16847 16848
f 16849 16850 16851
f 16852 16853 16854
f 16855 16856 16857
f 16858 16859 16860
f 16861 16862 16863
f 16864 16865 16866
f 16867 16868 16869
f 16870 16871 16872
f 16873 16874 16875
f 16876 16877 16878
f 16879 16880 16881
f 16882 16883 16884
f 16885 16886 16887
f 16888 16889 16890
f 16891 16892 16893
f 16894 16895 16896
f 16897 16898 16899
f 16900 16901 16902
f 16903 16904 16905
f 16906 16907 16908
f 16909 16910 16911
f 16912 16913 16914
f 16915 16916 16917
f 16918 16919 16920
f 16921 16922 16923
f 16924 16925 16926
f 16927 16928 16929
f 16930 16931 16932
f 16933 16934 16935
f 16936 16937 16938
f 16939 16940 16941
f 16942 16943 16944
f 16945 16946 16947
f 16948 16949 16950
f 16951 16952 16953
f 16954 16955 16956
f 16957 16958 16959
f 16960 16961 16962
f 16963 16964 16965
f 16966 16967 16968
f 16969 16970 16971
f 16972 16973 16974
f 16975 16976 16977
f 16978 16979 16980
f 16981 16982 16983
f 16984 16985 16986
f 16987 16988 16989
f 16990 16991 16992
f 16993 16994 16995
f 16996 16997 16998
f 16999 17000 17001
f 17002 17003 17004
f 17005 17006 17007
f 17008 17009 17010
f 17011 17012 17013
f 17014 17015 17016
f 17017 17018 17019
f 17020 17021 17022
f 17023 17024 17025
f 17026 17027 17028
f 17029 17030 17031
f 17032 17033 17034
f 17035 17036 17037
f 17038 17039 17040
f 17041 17042 17043
f 17044 17045 17046
f 17047 17048 17049
f 17050 17051 17052
f 17053 17054 17055
f 17056 17057 17058
f 17059 17060 17061
f 17062 17063 17064
f 17065 17066 17067
f 17068 17069 17070
f 17071 17072 17073
f 17074 17075 17076
f 17077 17078 17079
f 17080 17081 17082
f 17083 17084 17085
f 17086 17087 17088
f 17089 17090 17091
f 17092 17093 17094
f 17095 17096 17097
f 17098 17099 17100
f 17101 17102 17103
f 17104 17105 17106
f 17107 17108 17109
f 17110 17111 17112
f 17113 17114 17115
f 17116 17117 17118
f 17119 17120 17121
f 17122 17123 17124
f 17125 17126 17127
f 17128 17129 17130
f 17131 17132 17133
f 17134 17135 17136
f 17137 17138 17139
f 17140 17141 17142
f 17143 17144 17145
f 17146 17147 17148
f 17149 17150 17151
f 17152 17153 17154
f 17155 17156 17157
f 17158 17159 17160
f 17161 17162 17163
f 17164 17165 17166
f 17167 17168 17169
f 17170 17171 17172
f 17173 17174 17175
f 17176 17177 17178
f 17179 17180 17181
f 17182 17183 17184
f 17185 17186 17187
f 17188 17189 17190
f 17191 17192 17193
f 17194 17195 17196
f 17197 17198 17199
f 17200 17201 17202
f 17203 17204 17205
f 17206 17207 17208
f 17209 17210 17211
f 17212 17213 17214
f 17215 17216 17217
f 17218 17219 17220
f 17221 17222 17223
f 17224 17225 17226
f 17227 17228 17229
f 17230 17231 17232
f 17233 17234 17235
f 17236 17237 17238
f 17239 17240 17241
f 17242 17243 17244
f 17245 17246 17247
f 17248 17249 17250
f 17251 17252 17253
f 17254 17255 17256
f 17257 17258 17259
f 17260 17261 17262
f 17263 17264 17265
f 17266 17267 17268
f 17269 17270 17271
f 17272 17273 17274
f 17275 17276 17277
f 17278 17279 17280
f 17281 17282 17283
f 17284 17285 17286
f 17287 17288 17289
f 17290 17291 17292
f 17293 17294 17295
f 17296 17297 17298
f 17299 17300 17301
f 17302 17303 17304
f 17305 17306 17307
f 17308 17309 17310
f 17311 17312 17313
f 17314 17315 17316
f 17317 17318 17319
f 17320 17321 17322
f 17323 17324 17325
f 17326 17327 17328
f 17329 17330 17331
f 17332 17333 17334
f 17335 17336 17337
f 17338 17339 17340
f 17341 17342 17343
f 17344 17345 17346
f 17347 17348 17349
f 17350 17351 17352
f 17353 17354 17355
f 17356 17357 17358
f 17359 17360 17361
f 17362 17363 17364
f 17365 17366 17367
f 17368 17369 17370
f 17371 17372 17373
f 17374 17375 17376
f 17377 17378 17379
f 17380 17381 17382
f 17383 17384 17385
f 17386 17387 17388
f 17389 17390 17391
f 17392 17393 17394
f 17395 17396 17397
f 17398 17399 17400
f 17401 17402 17403
f 17404 17405 17406
f 17407 17408 17409
f 17410 17411 17412
f 17413 17414 17415
f 17416 17417 17418
f 17419 17420 17421
f 17422 17423 17424
f 17425 17426 17427
f 17428 17429 17430
f 17431 17432 17433
f 17434 17435 17436
f 17437 17438 17439
f 17440 17441 17442
f 17443 17444 17445
f 17446 17447 17448
f 17449 17450 17451
f 17452 17453 17454
f 17455 17456 17457
f 17458 17459 17460
f 17461 17462 17463
f 17464 17465 17466
f 17467 17468 17469
f 17470 17471 17472
f 17473 17474 17475
f 17476 17477 17478
f 17479 17480 17481
f 17482 17483 17484
f 17485 17486 17487
f 17488 17489 17490
f 17491 17492 17493
f 17494 17495 17496
f 17497 17498 17499
f 17500 17501 17502
f 17503 17504 17505
f 17506 17507 17508
f 17509 17510 17511
f 17512 17513 17514
f 17515 17516 17517
f 17518 17519 17520
f 17521 17522 17523
f 17524 17525 17526
f 17527 17528 17529
f 17530 17531 17532
f 17533 17534 17535
f 17536 17537 17538
f 17539 17540 17541
f 17542 17543 17544
f 17545 17546 17547
f 17548 17549 17550
f 17551 17552 17553
f 17554 17555 17556
f 17557 17558 17559
f 17560 17561 17562
f 17563 17564 17565
f 17566 17567 17568
f 17569 17570 17571
f 17572 17573 17574
f 17575 17576 17577
f 17578 17579 17580
f 17581 17582 17583
f 17584 17585 17586
f 17587 17588 17589
f 17590 17591 17592
f 17593 17594 17595
f 17596 17597 17598
f 17599 17600 17601
f 17602 17603 17604
f 17605 17606 17607
f 17608 17609 17610
f 17611 17612 17613
f 17614 17615 17616
f 17617 17618 17619
f 17620 17621 17622
f 17623 17624 17625
f 17626 17627 17628
f 17629 17630 17631
f 17632 17633 17634
f 17635 17636 17637
f 17638 17639 17640
f 17641 17642 17643
f 17644 17645 17646
f 17647 17648 17649
f 17650 17651 17652
f 17653 17654 17655
f 17656 17657 17658
f 17659 17660 17661
f 17662 17663 17664
f 17665 17666 17667
f 17668 17669 17670
f 17671 17672 17673
f 17674 17675 17676
f 17677 17678 17679
f 17680 17681 17682
f 17683 17684 17685
f 17686 17687 17688
f 17689 17690 17691
f 17692 17693 17694
f 17695 17696 17697
f 17698 17699 17700
f 17701 17702 17703
f 17704 17705 17706
f 17707 17708 17709
f 17710 17711 17712
f 17713 17714 17715
f 17716 17717 17718
f 17719 17720 17721
f 17722 17723 17724
f 17725 17726 17727
f 17728 17729 17730
f 17731 17732 17733
f 17734 17735 17736
f 17737 17738 17739
f 17740 17741 17742
f 17743 17744 17745
f 17746 17747 17748
f 17749 17750 17751
f 17752 17753 17754
f 17755 17756 17757
f 17758 17759 17760
f 17761 17762 17763
f 17764 17765 17766
f 17767 17768 17769
f 17770 17771 17772
f 17773 17774 17775
f 17776 17777 17778
f 17779 17780 17781
f 17782 17783 17784
f 17785 17786 17787
f 17788 17789 17790
f 17791 17792 17793
f 17794 17795 17796
f 17797 17798 17799
f 17800 17801 17802
f 17803 17804 17805
f 17806 17807 17808
f 17809 17810 17811
f 17812 17813 17814
f 17815 17816 17817
f 17818 17819 17820
f 17821 17822 17823
f 17824 17825 17826
f 17827 17828 17829
f 17830 17831 17832
f 17833 17834 17835
f 17836 17837 17838
f 17839 17840 17841
f 17842 17843 17844
f 17845 17846 17847
f 17848 17849 17850
f 17851 17852 17853
f 17854 17855 17856
f 17857 17858 17859
f 17860 17861 17862
f 17863 17864 17865
f 17866 17867 17868
f 17869 17870 17871
f 17872 17873 17874
f 17875 17876 17877
f 17878 17879 17880
f 17881 17882 17883
f 17884 17885 17886
f 17887 17888 17889
f 17890 17891 17892
f 17893 17894 17895
f 17896 17897 17898
f 17899 17900 17901
f 17902 17903 17904
f 17905 17906 17907
f 17908 17909 17910
f 17911 17912 17913
f 17914 17915 17916
f 17917 17918 17919
f 17920 17921 17922
f 17923 17924 17925
f 17926 17927 17928
f 17929 17930 17931
f 17932 17933 17934
f 17935 17936 17937
f 17938 17939 17940
f 17941 17942 17943
f 17944 17945 17946
f 17947 17948 17949
f 17950 17951 17952
f 17953 17954 17955
f 17956 17957 17958
f 17959 17960 17961
f 17962 17963 17964
f 17965 17966 17967
f 17968 17969 17970
f 17971 17972 17973
f 17974 17975 17976
f 17977 17978 17979
f 17980 17981 17982
f 17983 17984 17985
f 17986 17987 17988
f 17989 17990 17991
f 17992 17993 17994
f 17995 17996 17997
f 17998 17999 18000
f 18001 18002 18003
f 18004 18005 18006
f 18007 18008 18009
f 18010 18011 18012
f 18013 18014 18015
f 18016 18017 18018
f 18019 18020 18021
f 18022 18023 18024
f 18025 18026 18027
f 18028 18029 18030
f 18031 18032 18033
f 18034 18035 18036
f 18037 18038 18039
f 18040 18041 18042
f 18043 18044 18045
f 18046 18047 18048
f 18049 18050 18051
f 18052 18053 18054
f 18055 18056 18057
f 18058 18059 18060
f 18061 18062 18063
f 18064 18065 18066
f 18067 18068 18069
f 18070 18071 18072
f 18073 18074 18075
f 18076 18077 18078
f 18079 18080 18081
f 18082 18083 18084
f 18085 18086 18087
f 18088 18089 18090
f 18091 18092 18093
f 18094 18095 18096
f 18097 18098 18099
f 18100 18101 18102
f 18103 18104 18105
f 18106 18107 18108
f 18109 18110 18111
f 18112 18113 18114
f 18115 18116 18117
f 18118 18119 18120
f 18121 18122 18123
f 18124 18125 18126
f 18127 18128 18129
f 18130 18131 18132
f 18133 18134 18135
f 18136 18137 18138
f 18139 18140 18141
f 18142 18143 18144
f 18145 18146 18147
f 18148 18149 18150
f 18151 18152 18153
f 18154 18155 18156
f 18157 18158 18159
f 18160 18161 18162
f 18163 18164 18165
f 18166 18167 18168
f 18169 18170 18171
f 18172 18173 18174
f 18175 18176 18177
f 18178 18179 18180
f 18181 18182 18183
f 18184 18185 18186
f 18187 18188 18189
f 18190 18191 18192
f 18193 18194 18195
f 18196 18197 18198
f 18199 18200 18201
f 18202 18203 18204
f 18205 18206 18207
f 18208 18209 18210
f 18211 18212 18213
f 18214 18215 18216
f 18217 18218 18219
f 18220 18221 18222
f 18223 18224 18225
f 18226 18227 18228
f 18229 18230 18231
f 18232 18233 18234
f 18235 18236 18237
f 18238 18239 18240
f 18241 18242 18243
f 18244 18245 18246
f 18247 18248 18249
f 18250 18251 18252
f 18253 18254 18255
f 18256 18257 18258
f 18259 18260 18261
f 18262 18263 18264
f 18265 18266 18267
f 18268 18269 18270
f 18271 18272 18273
f 18274 18275 18276
f 18277 18278 18279
f 18280 18281 18282
f 18283 18284 18285
f 18286 18287 18288
f 18289 18290 18291
f 18292 18293 18294
f 18295 18296 18297
f 18298 18299 18300
f 18301 18302 18303
f 18304 18305 18306
f 18307 18308 18309
f 18310 18311 18312
f 18313 18314 18315
f 18316 18317 18318
f 18319 18320 18321
f 18322 18323 18324
f 18325 18326 18327
f 18328 18329 18330
f 18331 18332 18333
f 18334 18335 18336
f 18337 18338 18339
f 18340 18341 18342
f 18343 18344 18345
f 18346 18347 18348
f 18349 18350 18351
f 18352 18353 18354
f 18355 18356 18357
f 18358 18359 18360
f 18361 18362 18363
f 18364 18365 18366
f 18367 18368 18369
f 18370 18371 18372
f 18373 18374 18375
f 18376 18377 18378
f 18379 18380 18381
f 18382 18383 18384
f 18385 18386 18387
f 18388 18389 18390
f 18391 18392 18393
f 18394 18395 18396
f 18397 18398 18399
f 18400 18401 18402
f 18403 18404 18405
f 18406 18407 18408
f 18409 18410 18411
f 18412 18413 18414
f 18415 18416 18417
f 18418 18419 18420
f 18421 18422 18423
f 18424 18425 18426
f 18427 18428 18429
f 18430 18431 18432
f 18433 18434 18435
f 18436 18437 18438
f 18439 18440 18441
f 18442 18443 18444
f 18445 18446 18447
f 18448 18449 18450
f 18451 18452 18453
f 18454 18455 18456
f 18457 18458 18459
f 18460 18461 18462
f 18463 18464 18465
f 18466 18467 18468
f 18469 18470 18471
f 18472 18473 18474
f 18475 18476 18477
f 18478 18479 18480
f 18481 18482 18483
f 18484 18485 18486
f 18487 18488 18489
f 18490 18491 18492
f 18493 18494 18495
f 18496 18497 18498
f 18499 18500 18501
f 18502 18503 18504
f 18505 18506 18507
f 18508 18509 18510
f 18511 18512 18513
f 18514 18515 18516
f 18517 18518 18519
f 18520 18521 18522
f 18523 18524 18525
f 18526 18527 18528
f 18529 18530 18531
f 18532 18533 18534
f 18535 18536 18537
f 18538 18539 18540
f 18541 18542 18543
f 18544 18545 18546
f 18547 18548 18549
f 18550 18551 18552
f 18553 18554 18555
f 18556 18557 18558
f 18559 18560 18561
f 18562 18563 18564
f 18565 18566 18567
f 18568 18569 18570
f 18571 18572 18573
f 18574 18575 18576
f 18577 18578 18579
f 18580 18581 18582
f 18583 18584 18585
f 18586 18587 18588
f 18589 18590 18591
f 18592 18593 18594
f 18595 18596 18597
f 18598 18599 18600
f 18601 18602 18603
f 18604 18605 18606
f 18607 18608 18609
f 18610 18611 18612
f 18613 18614 18615
f 18616 18617 18618
f 18619 18620 18621
f 18622 18623 18624
f 18625 18626 18627
f 18628 18629 18630
f 18631 18632 18633
f 18634 18635 18636
f 18637 18638 18639
f 18640 18641 18642
f 18643 18644 18645
f 18646 18647 18648
f 18649 18650 18651
f 18652 18653 18654
f 18655 18656 18657
f 18658 18659 18660
f 18661 18662 18663
f 18664 18665 18666
f 18667 18668 18669
f 18670 18671 18672
f 18673 18674 18675
f 18676 18677 18678
f 18679 18680 18681
f 18682 18683 18684
f 18685 18686 18687
f 18688 18689 18690
f 18691 18692 18693
f 18694 18695 18696
f 18697 18698 18699
f 18700 18701 18702
f 18703 18704 18705
f 18706 18707 18708
f 18709 18710 18711
f 18712 18713 18714
f 18715 18716 18717
f 18718 18719 18720
f 18721 18722 18723
f 18724 18725 18726
f 18727 18728 18729
f 18730 18731 18732
f 18733 18734 18735
f 18736 18737 18738
f 18739 18740 18741
f 18742 18743 18744
f 18745 18746 18747
f 18748 18749 18750
f 18751 18752 18753
f 18754 18755 18756
f 18757 18758 18759
f 18760 18761 18762
f 18763 18764 18765
f 18766 18767 18768
f 18769 18770 18771
f 18772 18773 18774
f 18775 18776 18777
f 18778 18779 18780
f 18781 18782 18783
f 18784 18785 18786
f 18787 18788 18789
f 18790 18791 18792
f 18793 18794 18795
f 18796 18797 18798
# End of File
