[ICP MODE] compare (flags: --icp-mode=global|incremental|compare)
#################### Pottery Data load ####################
Attempting to read file: /Dataset/SfS_pp/Axes/Pot_E_Piece_01_Axis.xyz
File opened successfully
Successfully read 1 points
Attempting to read PCD file: /Dataset/SfS_pp/Breaklines/Pot_E_Piece_01_Breakline_0.pcd
File opened successfully
Found 3 segments, 206 total points
Processing 206 points
Found 206 unique points
Successfully processed PCD file
Attempting to read XYZ file: /Dataset/SfS_pp/Surfaces/Pot_E_Piece_01_Surface_0.xyz
Found 19027 total points, reading 19027 points
Successfully read 19027 points
Attempting to read XYZ file: /Dataset/SfS_pp/Surfaces/Pot_E_Piece_01_Surface_1.xyz
Found 22684 total points, reading 22684 points
Successfully read 22684 points
Attempting to read PCD file: /Dataset/SfS_pp/Surfaces/Pot_E_Piece_01_Surface_F.pcd
Error: Could not open file /Dataset/SfS_pp/Surfaces/Pot_E_Piece_01_Surface_F.pcd
Attempting to read file: /Dataset/SfS_pp/Axes/Pot_E_Piece_02_Axis.xyz
File opened successfully
Successfully read 1 points
Attempting to read PCD file: /Dataset/SfS_pp/Breaklines/Pot_E_Piece_02_Breakline_0.pcd
File opened successfully
Found 3 segments, 182 total points
Processing 182 points
Found 182 unique points
Successfully processed PCD file
Attempting to read XYZ file: /Dataset/SfS_pp/Surfaces/Pot_E_Piece_02_Surface_0.xyz
Found 17461 total points, reading 17461 points
Successfully read 17461 points
Attempting to read XYZ file: /Dataset/SfS_pp/Surfaces/Pot_E_Piece_02_Surface_1.xyz
Found 20523 total points, reading 20523 points
Successfully read 20523 points
Attempting to read PCD file: /Dataset/SfS_pp/Surfaces/Pot_E_Piece_02_Surface_F.pcd
Error: Could not open file /Dataset/SfS_pp/Surfaces/Pot_E_Piece_02_Surface_F.pcd
Attempting to read file: /Dataset/SfS_pp/Axes/Pot_E_Piece_03_Axis.xyz
File opened successfully
Successfully read 1 points
Attempting to read PCD file: /Dataset/SfS_pp/Breaklines/Pot_E_Piece_03_Breakline_0.pcd
File opened successfully
Found 4 segments, 176 total points
Processing 176 points
Found 176 unique points
Successfully processed PCD file
Attempting to read XYZ file: /Dataset/SfS_pp/Surfaces/Pot_E_Piece_03_Surface_0.xyz
Found 15122 total points, reading 15122 points
Successfully read 15122 points
Attempting to read XYZ file: /Dataset/SfS_pp/Surfaces/Pot_E_Piece_03_Surface_1.xyz
Found 17038 total points, reading 17038 points
Successfully read 17038 points
Attempting to read PCD file: /Dataset/SfS_pp/Surfaces/Pot_E_Piece_03_Surface_F.pcd
Error: Could not open file /Dataset/SfS_pp/Surfaces/Pot_E_Piece_03_Surface_F.pcd
Attempting to read file: /Dataset/SfS_pp/Axes/Pot_E_Piece_04_Axis.xyz
File opened successfully
Successfully read 1 points
Attempting to read PCD file: /Dataset/SfS_pp/Breaklines/Pot_E_Piece_04_Breakline_0.pcd
File opened successfully
Found 2 segments, 174 total points
Processing 174 points
Found 174 unique points
Successfully processed PCD file
Attempting to read XYZ file: /Dataset/SfS_pp/Surfaces/Pot_E_Piece_04_Surface_0.xyz
Found 12358 total points, reading 12358 points
Successfully read 12358 points
Attempting to read XYZ file: /Dataset/SfS_pp/Surfaces/Pot_E_Piece_04_Surface_1.xyz
Found 14444 total points, reading 14444 points
Successfully read 14444 points
Attempting to read PCD file: /Dataset/SfS_pp/Surfaces/Pot_E_Piece_04_Surface_F.pcd
Error: Could not open file /Dataset/SfS_pp/Surfaces/Pot_E_Piece_04_Surface_F.pcd
Attempting to read file: /Dataset/SfS_pp/Axes/Pot_E_Piece_05_Axis.xyz
File opened successfully
Successfully read 1 points
Attempting to read PCD file: /Dataset/SfS_pp/Breaklines/Pot_E_Piece_05_Breakline_0.pcd
File opened successfully
Found 5 segments, 166 total points
Processing 166 points
Found 166 unique points
Successfully processed PCD file
Attempting to read XYZ file: /Dataset/SfS_pp/Surfaces/Pot_E_Piece_05_Surface_0.xyz
Found 10319 total points, reading 10319 points
Successfully read 10319 points
Attempting to read XYZ file: /Dataset/SfS_pp/Surfaces/Pot_E_Piece_05_Surface_1.xyz
Found 11819 total points, reading 11819 points
Successfully read 11819 points
Attempting to read PCD file: /Dataset/SfS_pp/Surfaces/Pot_E_Piece_05_Surface_F.pcd
Error: Could not open file /Dataset/SfS_pp/Surfaces/Pot_E_Piece_05_Surface_F.pcd
Attempting to read file: /Dataset/SfS_pp/Axes/Pot_E_Piece_06_Axis.xyz
File opened successfully
Successfully read 1 points
Attempting to read PCD file: /Dataset/SfS_pp/Breaklines/Pot_E_Piece_06_Breakline_0.pcd
File opened successfully
Found 4 segments, 177 total points
Processing 177 points
Found 177 unique points
Successfully processed PCD file
Attempting to read XYZ file: /Dataset/SfS_pp/Surfaces/Pot_E_Piece_06_Surface_0.xyz
Found 9960 total points, reading 9960 points
Successfully read 9960 points
Attempting to read XYZ file: /Dataset/SfS_pp/Surfaces/Pot_E_Piece_06_Surface_1.xyz
Found 11085 total points, reading 11085 points
Successfully read 11085 points
Attempting to read PCD file: /Dataset/SfS_pp/Surfaces/Pot_E_Piece_06_Surface_F.pcd
Error: Could not open file /Dataset/SfS_pp/Surfaces/Pot_E_Piece_06_Surface_F.pcd
Attempting to read file: /Dataset/SfS_pp/Axes/Pot_E_Piece_07_Axis.xyz
File opened successfully
Successfully read 1 points
Attempting to read PCD file: /Dataset/SfS_pp/Breaklines/Pot_E_Piece_07_Breakline_0.pcd
File opened successfully
Found 5 segments, 123 total points
Processing 123 points
Found 123 unique points
Successfully processed PCD file
Attempting to read XYZ file: /Dataset/SfS_pp/Surfaces/Pot_E_Piece_07_Surface_0.xyz
Found 8922 total points, reading 8922 points
Successfully read 8922 points
Attempting to read XYZ file: /Dataset/SfS_pp/Surfaces/Pot_E_Piece_07_Surface_1.xyz
Found 9277 total points, reading 9277 points
Successfully read 9277 points
Attempting to read PCD file: /Dataset/SfS_pp/Surfaces/Pot_E_Piece_07_Surface_F.pcd
Error: Could not open file /Dataset/SfS_pp/Surfaces/Pot_E_Piece_07_Surface_F.pcd
Attempting to read file: /Dataset/SfS_pp/Axes/Pot_E_Piece_08_Axis.xyz
File opened successfully
Successfully read 1 points
Attempting to read PCD file: /Dataset/SfS_pp/Breaklines/Pot_E_Piece_08_Breakline_0.pcd
File opened successfully
Found 4 segments, 143 total points
Processing 143 points
Found 143 unique points
Successfully processed PCD file
Attempting to read XYZ file: /Dataset/SfS_pp/Surfaces/Pot_E_Piece_08_Surface_0.xyz
Found 8739 total points, reading 8739 points
Successfully read 8739 points
Attempting to read XYZ file: /Dataset/SfS_pp/Surfaces/Pot_E_Piece_08_Surface_1.xyz
Found 9994 total points, reading 9994 points
Successfully read 9994 points
Attempting to read PCD file: /Dataset/SfS_pp/Surfaces/Pot_E_Piece_08_Surface_F.pcd
Error: Could not open file /Dataset/SfS_pp/Surfaces/Pot_E_Piece_08_Surface_F.pcd
Attempting to read file: /Dataset/SfS_pp/Axes/Pot_E_Piece_09_Axis.xyz
File opened successfully
Successfully read 1 points
Attempting to read PCD file: /Dataset/SfS_pp/Breaklines/Pot_E_Piece_09_Breakline_0.pcd
File opened successfully
Found 3 segments, 145 total points
Processing 145 points
Found 145 unique points
Successfully processed PCD file
Attempting to read XYZ file: /Dataset/SfS_pp/Surfaces/Pot_E_Piece_09_Surface_0.xyz
Found 8100 total points, reading 8100 points
Successfully read 8100 points
Attempting to read XYZ file: /Dataset/SfS_pp/Surfaces/Pot_E_Piece_09_Surface_1.xyz
Found 9765 total points, reading 9765 points
Successfully read 9765 points
Attempting to read PCD file: /Dataset/SfS_pp/Surfaces/Pot_E_Piece_09_Surface_F.pcd
Error: Could not open file /Dataset/SfS_pp/Surfaces/Pot_E_Piece_09_Surface_F.pcd
Attempting to read file: /Dataset/SfS_pp/Axes/Pot_E_Piece_10_Axis.xyz
File opened successfully
Successfully read 1 points
Attempting to read PCD file: /Dataset/SfS_pp/Breaklines/Pot_E_Piece_10_Breakline_0.pcd
File opened successfully
Found 6 segments, 134 total points
Processing 134 points
Found 134 unique points
Successfully processed PCD file
Attempting to read XYZ file: /Dataset/SfS_pp/Surfaces/Pot_E_Piece_10_Surface_0.xyz
Found 9323 total points, reading 9323 points
Successfully read 9323 points
Attempting to read XYZ file: /Dataset/SfS_pp/Surfaces/Pot_E_Piece_10_Surface_1.xyz
Found 10940 total points, reading 10940 points
Successfully read 10940 points
Attempting to read PCD file: /Dataset/SfS_pp/Surfaces/Pot_E_Piece_10_Surface_F.pcd
Error: Could not open file /Dataset/SfS_pp/Surfaces/Pot_E_Piece_10_Surface_F.pcd
Attempting to read file: /Dataset/SfS_pp/Axes/Pot_E_Piece_11_Axis.xyz
File opened successfully
Successfully read 1 points
Attempting to read PCD file: /Dataset/SfS_pp/Breaklines/Pot_E_Piece_11_Breakline_0.pcd
File opened successfully
Found 4 segments, 154 total points
Processing 154 points
Found 154 unique points
Successfully processed PCD file
Attempting to read XYZ file: /Dataset/SfS_pp/Surfaces/Pot_E_Piece_11_Surface_0.xyz
Found 8477 total points, reading 8477 points
Successfully read 8477 points
Attempting to read XYZ file: /Dataset/SfS_pp/Surfaces/Pot_E_Piece_11_Surface_1.xyz
Found 10882 total points, reading 10882 points
Successfully read 10882 points
Attempting to read PCD file: /Dataset/SfS_pp/Surfaces/Pot_E_Piece_11_Surface_F.pcd
Error: Could not open file /Dataset/SfS_pp/Surfaces/Pot_E_Piece_11_Surface_F.pcd
Attempting to read file: /Dataset/SfS_pp/Axes/Pot_E_Piece_12_Axis.xyz
File opened successfully
Successfully read 1 points
Attempting to read PCD file: /Dataset/SfS_pp/Breaklines/Pot_E_Piece_12_Breakline_0.pcd
File opened successfully
Found 3 segments, 141 total points
Processing 141 points
Found 141 unique points
Successfully processed PCD file
Attempting to read XYZ file: /Dataset/SfS_pp/Surfaces/Pot_E_Piece_12_Surface_0.xyz
Found 8851 total points, reading 8851 points
Successfully read 8851 points
Attempting to read XYZ file: /Dataset/SfS_pp/Surfaces/Pot_E_Piece_12_Surface_1.xyz
Found 10426 total points, reading 10426 points
Successfully read 10426 points
Attempting to read PCD file: /Dataset/SfS_pp/Surfaces/Pot_E_Piece_12_Surface_F.pcd
Error: Could not open file /Dataset/SfS_pp/Surfaces/Pot_E_Piece_12_Surface_F.pcd
Attempting to read file: /Dataset/SfS_pp/Axes/Pot_E_Piece_13_Axis.xyz
File opened successfully
Successfully read 1 points
Attempting to read PCD file: /Dataset/SfS_pp/Breaklines/Pot_E_Piece_13_Breakline_0.pcd
File opened successfully
Found 4 segments, 139 total points
Processing 139 points
Found 139 unique points
Successfully processed PCD file
Attempting to read XYZ file: /Dataset/SfS_pp/Surfaces/Pot_E_Piece_13_Surface_0.xyz
Found 7720 total points, reading 7720 points
Successfully read 7720 points
Attempting to read XYZ file: /Dataset/SfS_pp/Surfaces/Pot_E_Piece_13_Surface_1.xyz
Found 9257 total points, reading 9257 points
Successfully read 9257 points
Attempting to read PCD file: /Dataset/SfS_pp/Surfaces/Pot_E_Piece_13_Surface_F.pcd
Error: Could not open file /Dataset/SfS_pp/Surfaces/Pot_E_Piece_13_Surface_F.pcd
Attempting to read file: /Dataset/SfS_pp/Axes/Pot_E_Piece_14_Axis.xyz
File opened successfully
Successfully read 1 points
Attempting to read PCD file: /Dataset/SfS_pp/Breaklines/Pot_E_Piece_14_Breakline_0.pcd
File opened successfully
Found 5 segments, 131 total points
Processing 131 points
Found 131 unique points
Successfully processed PCD file
Attempting to read XYZ file: /Dataset/SfS_pp/Surfaces/Pot_E_Piece_14_Surface_0.xyz
Found 7770 total points, reading 7770 points
Successfully read 7770 points
Attempting to read XYZ file: /Dataset/SfS_pp/Surfaces/Pot_E_Piece_14_Surface_1.xyz
Found 9313 total points, reading 9313 points
Successfully read 9313 points
Attempting to read PCD file: /Dataset/SfS_pp/Surfaces/Pot_E_Piece_14_Surface_F.pcd
Error: Could not open file /Dataset/SfS_pp/Surfaces/Pot_E_Piece_14_Surface_F.pcd
Attempting to read file: /Dataset/SfS_pp/Axes/Pot_E_Piece_15_Axis.xyz
File opened successfully
Successfully read 1 points
Attempting to read PCD file: /Dataset/SfS_pp/Breaklines/Pot_E_Piece_15_Breakline_0.pcd
File opened successfully
Found 4 segments, 102 total points
Processing 102 points
Found 102 unique points
Successfully processed PCD file
Attempting to read XYZ file: /Dataset/SfS_pp/Surfaces/Pot_E_Piece_15_Surface_0.xyz
Found 4535 total points, reading 4535 points
Successfully read 4535 points
Attempting to read XYZ file: /Dataset/SfS_pp/Surfaces/Pot_E_Piece_15_Surface_1.xyz
Found 5284 total points, reading 5284 points
Successfully read 5284 points
Attempting to read PCD file: /Dataset/SfS_pp/Surfaces/Pot_E_Piece_15_Surface_F.pcd
Error: Could not open file /Dataset/SfS_pp/Surfaces/Pot_E_Piece_15_Surface_F.pcd
Attempting to read file: /Dataset/SfS_pp/Axes/Pot_E_Piece_16_Axis.xyz
File opened successfully
Successfully read 1 points
Attempting to read PCD file: /Dataset/SfS_pp/Breaklines/Pot_E_Piece_16_Breakline_0.pcd
File opened successfully
Found 6 segments, 112 total points
Processing 112 points
Found 112 unique points
Successfully processed PCD file
Attempting to read XYZ file: /Dataset/SfS_pp/Surfaces/Pot_E_Piece_16_Surface_0.xyz
Found 5888 total points, reading 5888 points
Successfully read 5888 points
Attempting to read XYZ file: /Dataset/SfS_pp/Surfaces/Pot_E_Piece_16_Surface_1.xyz
Found 9384 total points, reading 9384 points
Successfully read 9384 points
Attempting to read PCD file: /Dataset/SfS_pp/Surfaces/Pot_E_Piece_16_Surface_F.pcd
Error: Could not open file /Dataset/SfS_pp/Surfaces/Pot_E_Piece_16_Surface_F.pcd
Attempting to read file: /Dataset/SfS_pp/Axes/Pot_E_Piece_17_Axis.xyz
File opened successfully
Successfully read 2 points
Attempting to read PCD file: /Dataset/SfS_pp/Breaklines/Pot_E_Piece_17_Breakline_0.pcd
File opened successfully
Found 2 segments, 118 total points
Processing 118 points
Found 118 unique points
Successfully processed PCD file
Attempting to read XYZ file: /Dataset/SfS_pp/Surfaces/Pot_E_Piece_17_Surface_0.xyz
Found 6049 total points, reading 6049 points
Successfully read 6049 points
Attempting to read XYZ file: /Dataset/SfS_pp/Surfaces/Pot_E_Piece_17_Surface_1.xyz
Found 7685 total points, reading 7685 points
Successfully read 7685 points
Attempting to read PCD file: /Dataset/SfS_pp/Surfaces/Pot_E_Piece_17_Surface_F.pcd
Error: Could not open file /Dataset/SfS_pp/Surfaces/Pot_E_Piece_17_Surface_F.pcd
Attempting to read file: /Dataset/SfS_pp/Axes/Pot_E_Piece_18_Axis.xyz
File opened successfully
Successfully read 1 points
Attempting to read PCD file: /Dataset/SfS_pp/Breaklines/Pot_E_Piece_18_Breakline_0.pcd
File opened successfully
Found 5 segments, 136 total points
Processing 136 points
Found 136 unique points
Successfully processed PCD file
Attempting to read XYZ file: /Dataset/SfS_pp/Surfaces/Pot_E_Piece_18_Surface_0.xyz
Found 5622 total points, reading 5622 points
Successfully read 5622 points
Attempting to read XYZ file: /Dataset/SfS_pp/Surfaces/Pot_E_Piece_18_Surface_1.xyz
Found 5113 total points, reading 5113 points
Successfully read 5113 points
Attempting to read PCD file: /Dataset/SfS_pp/Surfaces/Pot_E_Piece_18_Surface_F.pcd
Error: Could not open file /Dataset/SfS_pp/Surfaces/Pot_E_Piece_18_Surface_F.pcd
Attempting to read file: /Dataset/SfS_pp/Axes/Pot_E_Piece_19_Axis.xyz
File opened successfully
Successfully read 1 points
Attempting to read PCD file: /Dataset/SfS_pp/Breaklines/Pot_E_Piece_19_Breakline_0.pcd
File opened successfully
Found 3 segments, 162 total points
Processing 162 points
Found 162 unique points
Successfully processed PCD file
Attempting to read XYZ file: /Dataset/SfS_pp/Surfaces/Pot_E_Piece_19_Surface_0.xyz
Found 7130 total points, reading 7130 points
Successfully read 7130 points
Attempting to read XYZ file: /Dataset/SfS_pp/Surfaces/Pot_E_Piece_19_Surface_1.xyz
Found 7640 total points, reading 7640 points
Successfully read 7640 points
Attempting to read PCD file: /Dataset/SfS_pp/Surfaces/Pot_E_Piece_19_Surface_F.pcd
Error: Could not open file /Dataset/SfS_pp/Surfaces/Pot_E_Piece_19_Surface_F.pcd
Attempting to read file: /Dataset/SfS_pp/Axes/Pot_E_Piece_20_Axis.xyz
File opened successfully
Successfully read 2 points
Attempting to read PCD file: /Dataset/SfS_pp/Breaklines/Pot_E_Piece_20_Breakline_0.pcd
File opened successfully
Found 3 segments, 92 total points
Processing 92 points
Found 92 unique points
Successfully processed PCD file
Attempting to read XYZ file: /Dataset/SfS_pp/Surfaces/Pot_E_Piece_20_Surface_0.xyz
Found 4162 total points, reading 4162 points
Successfully read 4162 points
Attempting to read XYZ file: /Dataset/SfS_pp/Surfaces/Pot_E_Piece_20_Surface_1.xyz
Found 5115 total points, reading 5115 points
Successfully read 5115 points
Attempting to read PCD file: /Dataset/SfS_pp/Surfaces/Pot_E_Piece_20_Surface_F.pcd
Error: Could not open file /Dataset/SfS_pp/Surfaces/Pot_E_Piece_20_Surface_F.pcd
Attempting to read file: /Dataset/SfS_pp/Axes/Pot_E_Piece_21_Axis.xyz
File opened successfully
Successfully read 2 points
Attempting to read PCD file: /Dataset/SfS_pp/Breaklines/Pot_E_Piece_21_Breakline_0.pcd
File opened successfully
Found 3 segments, 93 total points
Processing 93 points
Found 93 unique points
Successfully processed PCD file
Attempting to read XYZ file: /Dataset/SfS_pp/Surfaces/Pot_E_Piece_21_Surface_0.xyz
Found 3745 total points, reading 3745 points
Successfully read 3745 points
Attempting to read XYZ file: /Dataset/SfS_pp/Surfaces/Pot_E_Piece_21_Surface_1.xyz
Found 4694 total points, reading 4694 points
Successfully read 4694 points
Attempting to read PCD file: /Dataset/SfS_pp/Surfaces/Pot_E_Piece_21_Surface_F.pcd
Error: Could not open file /Dataset/SfS_pp/Surfaces/Pot_E_Piece_21_Surface_F.pcd
Attempting to read file: /Dataset/SfS_pp/Axes/Pot_E_Piece_22_Axis.xyz
File opened successfully
Successfully read 1 points
Attempting to read PCD file: /Dataset/SfS_pp/Breaklines/Pot_E_Piece_22_Breakline_0.pcd
File opened successfully
Found 4 segments, 106 total points
Processing 106 points
Found 106 unique points
Successfully processed PCD file
Attempting to read XYZ file: /Dataset/SfS_pp/Surfaces/Pot_E_Piece_22_Surface_0.xyz
Found 3778 total points, reading 3778 points
Successfully read 3778 points
Attempting to read XYZ file: /Dataset/SfS_pp/Surfaces/Pot_E_Piece_22_Surface_1.xyz
Found 3955 total points, reading 3955 points
Successfully read 3955 points
Attempting to read PCD file: /Dataset/SfS_pp/Surfaces/Pot_E_Piece_22_Surface_F.pcd
Error: Could not open file /Dataset/SfS_pp/Surfaces/Pot_E_Piece_22_Surface_F.pcd
Attempting to read file: /Dataset/SfS_pp/Axes/Pot_E_Piece_23_Axis.xyz
File opened successfully
Successfully read 1 points
Attempting to read PCD file: /Dataset/SfS_pp/Breaklines/Pot_E_Piece_23_Breakline_0.pcd
File opened successfully
Found 3 segments, 102 total points
Processing 102 points
Found 102 unique points
Successfully processed PCD file
Attempting to read XYZ file: /Dataset/SfS_pp/Surfaces/Pot_E_Piece_23_Surface_0.xyz
Found 4028 total points, reading 4028 points
Successfully read 4028 points
Attempting to read XYZ file: /Dataset/SfS_pp/Surfaces/Pot_E_Piece_23_Surface_1.xyz
Found 4961 total points, reading 4961 points
Successfully read 4961 points
Attempting to read PCD file: /Dataset/SfS_pp/Surfaces/Pot_E_Piece_23_Surface_F.pcd
Error: Could not open file /Dataset/SfS_pp/Surfaces/Pot_E_Piece_23_Surface_F.pcd
Attempting to read file: /Dataset/SfS_pp/Axes/Pot_E_Piece_24_Axis.xyz
File opened successfully
Successfully read 1 points
Attempting to read PCD file: /Dataset/SfS_pp/Breaklines/Pot_E_Piece_24_Breakline_0.pcd
File opened successfully
Found 3 segments, 100 total points
Processing 100 points
Found 100 unique points
Successfully processed PCD file
Attempting to read XYZ file: /Dataset/SfS_pp/Surfaces/Pot_E_Piece_24_Surface_0.xyz
Found 3310 total points, reading 3310 points
Successfully read 3310 points
Attempting to read XYZ file: /Dataset/SfS_pp/Surfaces/Pot_E_Piece_24_Surface_1.xyz
Found 3774 total points, reading 3774 points
Successfully read 3774 points
Attempting to read PCD file: /Dataset/SfS_pp/Surfaces/Pot_E_Piece_24_Surface_F.pcd
Error: Could not open file /Dataset/SfS_pp/Surfaces/Pot_E_Piece_24_Surface_F.pcd
Attempting to read file: /Dataset/SfS_pp/Axes/Pot_E_Piece_25_Axis.xyz
File opened successfully
Successfully read 1 points
Attempting to read PCD file: /Dataset/SfS_pp/Breaklines/Pot_E_Piece_25_Breakline_0.pcd
File opened successfully
Found 3 segments, 90 total points
Processing 90 points
Found 90 unique points
Successfully processed PCD file
Attempting to read XYZ file: /Dataset/SfS_pp/Surfaces/Pot_E_Piece_25_Surface_0.xyz
Found 2741 total points, reading 2741 points
Successfully read 2741 points
Attempting to read XYZ file: /Dataset/SfS_pp/Surfaces/Pot_E_Piece_25_Surface_1.xyz
Found 3263 total points, reading 3263 points
Successfully read 3263 points
Attempting to read PCD file: /Dataset/SfS_pp/Surfaces/Pot_E_Piece_25_Surface_F.pcd
Error: Could not open file /Dataset/SfS_pp/Surfaces/Pot_E_Piece_25_Surface_F.pcd
Attempting to read file: /Dataset/SfS_pp/Axes/Pot_E_Piece_26_Axis.xyz
File opened successfully
Successfully read 1 points
Attempting to read PCD file: /Dataset/SfS_pp/Breaklines/Pot_E_Piece_26_Breakline_0.pcd
File opened successfully
Found 2 segments, 92 total points
Processing 92 points
Found 92 unique points
Successfully processed PCD file
Attempting to read XYZ file: /Dataset/SfS_pp/Surfaces/Pot_E_Piece_26_Surface_0.xyz
Found 3310 total points, reading 3310 points
Successfully read 3310 points
Attempting to read XYZ file: /Dataset/SfS_pp/Surfaces/Pot_E_Piece_26_Surface_1.xyz
Found 3698 total points, reading 3698 points
Successfully read 3698 points
Attempting to read PCD file: /Dataset/SfS_pp/Surfaces/Pot_E_Piece_26_Surface_F.pcd
Error: Could not open file /Dataset/SfS_pp/Surfaces/Pot_E_Piece_26_Surface_F.pcd
Attempting to read file: /Dataset/SfS_pp/Axes/Pot_E_Piece_27_Axis.xyz
File opened successfully
Successfully read 1 points
Attempting to read PCD file: /Dataset/SfS_pp/Breaklines/Pot_E_Piece_27_Breakline_0.pcd
File opened successfully
Found 2 segments, 82 total points
Processing 82 points
Found 82 unique points
Successfully processed PCD file
Attempting to read XYZ file: /Dataset/SfS_pp/Surfaces/Pot_E_Piece_27_Surface_0.xyz
Found 2455 total points, reading 2455 points
Successfully read 2455 points
Attempting to read XYZ file: /Dataset/SfS_pp/Surfaces/Pot_E_Piece_27_Surface_1.xyz
Found 2800 total points, reading 2800 points
Successfully read 2800 points
Attempting to read PCD file: /Dataset/SfS_pp/Surfaces/Pot_E_Piece_27_Surface_F.pcd
Error: Could not open file /Dataset/SfS_pp/Surfaces/Pot_E_Piece_27_Surface_F.pcd
Attempting to read file: /Dataset/SfS_pp/Axes/Pot_E_Piece_28_Axis.xyz
File opened successfully
Successfully read 1 points
Attempting to read PCD file: /Dataset/SfS_pp/Breaklines/Pot_E_Piece_28_Breakline_0.pcd
File opened successfully
Found 4 segments, 72 total points
Processing 72 points
Found 72 unique points
Successfully processed PCD file
Attempting to read XYZ file: /Dataset/SfS_pp/Surfaces/Pot_E_Piece_28_Surface_0.xyz
Found 2061 total points, reading 2061 points
Successfully read 2061 points
Attempting to read XYZ file: /Dataset/SfS_pp/Surfaces/Pot_E_Piece_28_Surface_1.xyz
Found 2419 total points, reading 2419 points
Successfully read 2419 points
Attempting to read PCD file: /Dataset/SfS_pp/Surfaces/Pot_E_Piece_28_Surface_F.pcd
Error: Could not open file /Dataset/SfS_pp/Surfaces/Pot_E_Piece_28_Surface_F.pcd
Attempting to read file: /Dataset/SfS_pp/Axes/Pot_E_Piece_29_Axis.xyz
File opened successfully
Successfully read 1 points
Attempting to read PCD file: /Dataset/SfS_pp/Breaklines/Pot_E_Piece_29_Breakline_0.pcd
File opened successfully
Found 3 segments, 66 total points
Processing 66 points
Found 66 unique points
Successfully processed PCD file
Attempting to read XYZ file: /Dataset/SfS_pp/Surfaces/Pot_E_Piece_29_Surface_0.xyz
Found 1616 total points, reading 1616 points
Successfully read 1616 points
Attempting to read XYZ file: /Dataset/SfS_pp/Surfaces/Pot_E_Piece_29_Surface_1.xyz
Found 2095 total points, reading 2095 points
Successfully read 2095 points
Attempting to read PCD file: /Dataset/SfS_pp/Surfaces/Pot_E_Piece_29_Surface_F.pcd
Error: Could not open file /Dataset/SfS_pp/Surfaces/Pot_E_Piece_29_Surface_F.pcd
Attempting to read file: /Dataset/SfS_pp/Axes/Pot_E_Piece_30_Axis.xyz
File opened successfully
Successfully read 1 points
Attempting to read PCD file: /Dataset/SfS_pp/Breaklines/Pot_E_Piece_30_Breakline_0.pcd
File opened successfully
Found 3 segments, 72 total points
Processing 72 points
Found 72 unique points
Successfully processed PCD file
Attempting to read XYZ file: /Dataset/SfS_pp/Surfaces/Pot_E_Piece_30_Surface_0.xyz
Found 2118 total points, reading 2118 points
Successfully read 2118 points
Attempting to read XYZ file: /Dataset/SfS_pp/Surfaces/Pot_E_Piece_30_Surface_1.xyz
Found 2469 total points, reading 2469 points
Successfully read 2469 points
Attempting to read PCD file: /Dataset/SfS_pp/Surfaces/Pot_E_Piece_30_Surface_F.pcd
Error: Could not open file /Dataset/SfS_pp/Surfaces/Pot_E_Piece_30_Surface_F.pcd
Attempting to read file: /Dataset/SfS_pp/Axes/Pot_E_Piece_31_Axis.xyz
File opened successfully
Successfully read 3 points
Attempting to read PCD file: /Dataset/SfS_pp/Breaklines/Pot_E_Piece_31_Breakline_0.pcd
File opened successfully
Found 3 segments, 66 total points
Processing 66 points
Found 66 unique points
Successfully processed PCD file
Attempting to read XYZ file: /Dataset/SfS_pp/Surfaces/Pot_E_Piece_31_Surface_0.xyz
Found 1741 total points, reading 1741 points
Successfully read 1741 points
Attempting to read XYZ file: /Dataset/SfS_pp/Surfaces/Pot_E_Piece_31_Surface_1.xyz
Found 2026 total points, reading 2026 points
Successfully read 2026 points
Attempting to read PCD file: /Dataset/SfS_pp/Surfaces/Pot_E_Piece_31_Surface_F.pcd
Error: Could not open file /Dataset/SfS_pp/Surfaces/Pot_E_Piece_31_Surface_F.pcd
#################### Ground Truth data load ####################
0 1 0 1 0 1 0 0 0 0 0 0 0 1 0 0 0 0 1 0 0 0 0 0 0 0 0 0 0 0 0
1 0 0 1 0 0 0 0 0 0 0 0 0 1 0 0 0 0 0 0 1 0 0 0 0 0 0 0 0 0 0
0 0 0 0 1 0 0 0 0 0 0 0 0 0 0 0 1 0 0 0 0 0 0 1 1 1 0 0 0 0 0
1 1 0 0 0 0 0 0 1 0 0 0 0 0 0 0 0 1 0 1 0 0 0 0 0 0 0 0 0 0 0
0 0 1 0 0 0 0 1 0 0 0 0 1 0 0 1 0 0 0 0 0 1 0 0 1 0 0 0 0 0 0
1 0 0 0 0 0 0 1 0 0 0 0 0 1 0 0 0 0 0 0 0 0 0 0 0 0 0 0 1 0 0
0 0 0 0 0 0 0 0 0 0 0 1 0 0 1 1 0 0 0 0 0 1 0 0 0 0 0 0 0 0 0
0 0 0 0 1 1 0 0 0 1 0 0 0 0 0 1 0 0 0 0 0 0 0 0 0 0 0 0 0 1 0
0 0 0 1 0 0 0 0 0 0 1 0 0 0 0 0 0 0 1 1 0 0 0 0 0 0 0 0 0 0 0
0 0 0 0 0 0 0 1 0 0 0 0 0 0 1 1 0 0 0 0 0 0 0 0 0 0 0 0 1 0 0
0 0 0 0 0 0 0 0 1 0 0 1 0 0 0 0 0 0 1 0 0 0 0 0 0 0 1 0 0 0 0
0 0 0 0 0 0 1 0 0 0 1 0 1 0 1 0 0 0 0 0 0 1 0 0 0 0 0 0 1 0 0
0 0 0 0 1 0 0 0 0 0 0 1 0 0 0 0 0 0 0 0 0 1 0 0 1 0 1 1 0 0 0
1 1 0 0 0 1 0 0 0 0 0 0 0 0 0 0 0 0 0 0 0 0 0 0 0 1 0 0 0 1 0
0 0 0 0 0 0 1 0 0 1 0 1 0 0 0 0 0 0 0 0 0 0 0 0 0 0 0 0 0 0 0
0 0 0 0 1 0 1 1 0 1 0 0 0 0 0 0 0 0 0 0 0 0 0 0 0 0 0 0 0 0 0
0 0 1 0 0 0 0 0 0 0 0 0 0 0 0 0 0 1 0 0 1 0 0 0 0 0 0 0 0 0 0
0 0 0 1 0 0 0 0 0 0 0 0 0 0 0 0 1 0 0 1 1 0 1 0 0 0 0 0 0 0 0
1 0 0 0 0 0 0 0 1 0 1 0 0 0 0 0 0 0 0 0 0 0 0 0 0 0 0 0 0 0 0
0 0 0 1 0 0 0 0 1 0 0 0 0 0 0 0 0 1 0 0 0 0 1 0 0 0 0 0 0 0 0
0 1 0 0 0 0 0 0 0 0 0 0 0 0 0 0 1 1 0 0 0 0 0 0 0 0 0 0 0 0 0
0 0 0 0 1 0 1 0 0 0 0 1 1 0 0 0 0 0 0 0 0 0 0 0 0 0 0 0 0 0 0
0 0 0 0 0 0 0 0 0 0 0 0 0 0 0 0 0 1 0 1 0 0 0 1 0 0 0 0 0 0 0
0 0 1 0 0 0 0 0 0 0 0 0 0 0 0 0 0 0 0 0 0 0 1 0 0 0 0 0 0 0 1
0 0 1 0 1 0 0 0 0 0 0 0 1 0 0 0 0 0 0 0 0 0 0 0 0 0 0 0 0 0 1
0 0 1 0 0 0 0 0 0 0 0 0 0 1 0 0 0 0 0 0 0 0 0 0 0 0 0 0 0 1 0
0 0 0 0 0 0 0 0 0 0 1 0 1 0 0 0 0 0 0 0 0 0 0 0 0 0 0 1 0 0 0
0 0 0 0 0 0 0 0 0 0 0 0 1 0 0 0 0 0 0 0 0 0 0 0 0 0 1 0 0 0 1
0 0 0 0 0 1 0 0 0 1 0 1 0 0 0 0 0 0 0 0 0 0 0 0 0 0 0 0 0 0 0
0 0 0 0 0 0 0 1 0 0 0 0 0 1 0 0 0 0 0 0 0 0 0 0 0 1 0 0 0 0 0
0 0 0 0 0 0 0 0 0 0 0 0 0 0 0 0 0 0 0 0 0 0 0 1 1 0 0 1 0 0 0
#################### Save initial state ####################
#################### Change Axis symmetrix to z axis ####################
#################### Feature matching ####################
Total Number : 1912
#################### Pairwise pruning ####################
WARNING: Logging before InitGoogleLogging() is written to STDERR
W0801 15:50:01.064654    20 levenberg_marquardt_strategy.cc:114] Linear solver failure. Failed to compute a step: CXSparse Failure : Numeric factorization failed.
W0801 15:50:01.065694    20 levenberg_marquardt_strategy.cc:114] Linear solver failure. Failed to compute a step: CXSparse Failure : Numeric factorization failed.
W0801 15:50:02.843180    20 levenberg_marquardt_strategy.cc:114] Linear solver failure. Failed to compute a step: CXSparse Failure : Numeric factorization failed.
W0801 15:50:02.843297    20 levenberg_marquardt_strategy.cc:114] Linear solver failure. Failed to compute a step: CXSparse Failure : Numeric factorization failed.
W0801 15:50:02.844277    20 levenberg_marquardt_strategy.cc:114] Linear solver failure. Failed to compute a step: CXSparse Failure : Numeric factorization failed.
W0801 15:50:04.547923    20 levenberg_marquardt_strategy.cc:114] Linear solver failure. Failed to compute a step: CXSparse Failure : Numeric factorization failed.
W0801 15:50:04.548826    20 levenberg_marquardt_strategy.cc:114] Linear solver failure. Failed to compute a step: CXSparse Failure : Numeric factorization failed.
W0801 15:50:08.539055    20 levenberg_marquardt_strategy.cc:114] Linear solver failure. Failed to compute a step: CXSparse Failure : Numeric factorization failed.
W0801 15:50:10.988198    20 levenberg_marquardt_strategy.cc:114] Linear solver failure. Failed to compute a step: CXSparse Failure : Numeric factorization failed.
W0801 15:50:10.988780    20 levenberg_marquardt_strategy.cc:114] Linear solver failure. Failed to compute a step: CXSparse Failure : Numeric factorization failed.
W0801 15:50:10.989347    20 levenberg_marquardt_strategy.cc:114] Linear solver failure. Failed to compute a step: CXSparse Failure : Numeric factorization failed.
W0801 15:50:10.999783    20 levenberg_marquardt_strategy.cc:114] Linear solver failure. Failed to compute a step: CXSparse Failure : Numeric factorization failed.
Pruned match count: 828
#################### Genetic Algorithm search ####################
=== GA Iteration 1 / 1 ===
#################### GROUND TRUTH CANDIDATE AUDIT ####################
[GT AUDIT] Edge 1-2 (GT=1) Candidates: 5
  Choice 1: inliner= 40 score=0.424 density=28.091 rad=0.3076 trans=7.85 [VALID GT MATCH]
  Choice 2: inliner= 22 score=0.743 density=12.624 rad=1.4355 trans=4.81
  Choice 3: inliner= 74 score=0.513 density=48.908 rad=0.5850 trans=11.26
  Choice 4: inliner= 84 score=0.402 density=59.930 rad=0.0076 trans=1.32 [INV] [VALID GT MATCH]
  Choice 5: inliner= 36 score=1.690 density=13.383 rad=1.0149 trans=5.77
  -> Best GT Match: Choice 4 (rad=0.0076 trans=1.32 VALID) [INV]
[GT AUDIT] Edge 1-4 (GT=1) Candidates: 3
  Choice 1: inliner=  8 score=1.690 density=2.974 rad=1.0417 trans=11.45 [INV]
  Choice 2: inliner= 54 score=0.452 density=37.187 rad=0.7059 trans=9.02
  Choice 3: inliner= 38 score=0.326 density=28.665 rad=0.0958 trans=3.72 [VALID GT MATCH]
  -> Best GT Match: Choice 3 (rad=0.0958 trans=3.72 VALID)
[GT AUDIT] Edge 1-6 (GT=1) Candidates: 5
  Choice 1: inliner=127 score=0.251 density=101.512 rad=0.0432 trans=4.93 [INV] [VALID GT MATCH]
  Choice 2: inliner=  0 score=11.000 density=0.000 rad=0.5513 trans=40.36
  Choice 3: inliner= 34 score=0.464 density=23.222 rad=2.9333 trans=137.61
  Choice 4: inliner= 30 score=0.641 density=18.287 rad=2.7611 trans=134.03 [INV]
  Choice 5: inliner= 38 score=0.687 density=22.523 rad=2.1481 trans=23.79 [INV]
  -> Best GT Match: Choice 1 (rad=0.0432 trans=4.93 VALID) [INV]
[GT AUDIT] Edge 1-14 (GT=1) Candidates: 5
  Choice 1: inliner= 36 score=0.399 density=25.727 rad=0.0843 trans=3.65 [INV] [VALID GT MATCH]
  Choice 2: inliner= 30 score=1.024 density=14.822 rad=2.8520 trans=3.50 [INV]
  Choice 3: inliner= 70 score=0.401 density=49.950 rad=1.1472 trans=8.63 [INV]
  Choice 4: inliner= 36 score=0.483 density=24.270 rad=1.0849 trans=71.76
  Choice 5: inliner= 36 score=0.261 density=28.550 rad=2.9444 trans=4.00 [INV]
  -> Best GT Match: Choice 1 (rad=0.0843 trans=3.65 VALID) [INV]
[GT AUDIT] Edge 1-19 (GT=1) Candidates: 5
  Choice 1: inliner= 36 score=0.343 density=26.800 rad=2.8837 trans=86.66 [INV]
  Choice 2: inliner= 48 score=0.287 density=37.292 rad=2.9596 trans=97.63
  Choice 3: inliner=  0 score=11.000 density=0.000 rad=2.9078 trans=67.81
  Choice 4: inliner=  0 score=11.000 density=0.000 rad=2.4038 trans=15.70
  Choice 5: inliner=133 score=0.208 density=110.133 rad=0.0508 trans=2.91 [INV] [VALID GT MATCH]
  -> Best GT Match: Choice 5 (rad=0.0508 trans=2.91 VALID) [INV]
[GT AUDIT] Edge 2-4 (GT=1) Candidates: 2
  Choice 1: inliner= 78 score=0.333 density=58.514 rad=0.0436 trans=0.71 [INV] [VALID GT MATCH]
  Choice 2: inliner= 26 score=0.663 density=15.636 rad=2.7953 trans=81.44 [INV]
  -> Best GT Match: Choice 1 (rad=0.0436 trans=0.71 VALID) [INV]
[GT AUDIT] Edge 2-14 (GT=1) Candidates: 7
  Choice 1: inliner= 44 score=0.418 density=31.023 rad=2.6716 trans=66.33
  Choice 2: inliner= 32 score=0.629 density=19.642 rad=0.9947 trans=9.54
  Choice 3: inliner= 44 score=0.505 density=29.245 rad=2.9184 trans=47.22
  Choice 4: inliner= 48 score=0.534 density=31.283 rad=0.5886 trans=10.84
  Choice 5: inliner= 30 score=0.626 density=18.453 rad=2.8867 trans=59.25
  Choice 6: inliner= 38 score=0.312 density=28.967 rad=0.1477 trans=6.52 [VALID GT MATCH]
  Choice 7: inliner= 30 score=0.419 density=21.135 rad=2.9148 trans=67.51
  -> Best GT Match: Choice 6 (rad=0.1477 trans=6.52 VALID)
[GT AUDIT] Edge 2-21 (GT=1) Candidates: 7
  Choice 1: inliner= 65 score=0.317 density=49.359 rad=0.1861 trans=6.53 [INV] [VALID GT MATCH]
  Choice 2: inliner= 28 score=0.287 density=21.762 rad=0.5966 trans=54.40
  Choice 3: inliner= 53 score=0.563 density=33.899 rad=1.2030 trans=42.96
  Choice 4: inliner= 16 score=0.713 density=9.341 rad=1.8212 trans=105.88
  Choice 5: inliner= 57 score=0.484 density=38.411 rad=1.7912 trans=97.91 [INV]
  Choice 6: inliner= 28 score=0.492 density=18.772 rad=2.0408 trans=100.81
  Choice 7: inliner= 26 score=0.649 density=15.770 rad=2.1700 trans=79.77 [INV]
  -> Best GT Match: Choice 1 (rad=0.1861 trans=6.53 VALID) [INV]
[GT AUDIT] Edge 3-5 (GT=1) Candidates: 5
  Choice 1: inliner= 22 score=0.589 density=13.844 rad=2.9155 trans=173.28
  Choice 2: inliner=  0 score=11.000 density=0.000 rad=0.3250 trans=166.53 [INV]
  Choice 3: inliner=  0 score=11.000 density=0.000 rad=0.1383 trans=177.77 [INV]
  Choice 4: inliner= 32 score=0.712 density=18.696 rad=0.9022 trans=137.76
  Choice 5: inliner=  0 score=11.000 density=0.000 rad=2.7559 trans=38.95 [INV]
  -> Best GT Match: Choice 3 (rad=0.1383 trans=177.77 INVALID) [INV]
[GT AUDIT] Edge 3-17 (GT=1) Candidates: 5
  Choice 1: inliner= 55 score=0.587 density=34.661 rad=1.7930 trans=33.42 [INV]
  Choice 2: inliner= 36 score=0.685 density=21.371 rad=1.8588 trans=25.40 [INV]
  Choice 3: inliner= 22 score=0.737 density=12.663 rad=0.5198 trans=25.31 [INV]
  Choice 4: inliner= 46 score=0.442 density=31.894 rad=0.4726 trans=19.41 [INV]
  Choice 5: inliner= 79 score=0.402 density=56.348 rad=0.2500 trans=8.51 [INV] [VALID GT MATCH]
  -> Best GT Match: Choice 5 (rad=0.2500 trans=8.51 VALID) [INV]
[GT AUDIT] Edge 3-24 (GT=1) Candidates: 3
  Choice 1: inliner= 34 score=0.634 density=20.811 rad=1.2997 trans=11.23
  Choice 2: inliner= 34 score=0.539 density=22.094 rad=1.6604 trans=10.90 [INV]
  Choice 3: inliner= 36 score=0.657 density=21.732 rad=2.6022 trans=43.07 [INV]
  -> Best GT Match: Choice 1 (rad=1.2997 trans=11.23 INVALID)
[GT AUDIT] Edge 3-25 (GT=1) Candidates: 4
  Choice 1: inliner= 47 score=0.464 density=32.110 rad=0.0833 trans=2.35 [INV] [VALID GT MATCH]
  Choice 2: inliner= 32 score=0.324 density=24.170 rad=2.8682 trans=10.46
  Choice 3: inliner= 30 score=0.469 density=20.428 rad=2.7811 trans=84.25 [INV]
  Choice 4: inliner= 47 score=0.521 density=30.908 rad=2.6625 trans=86.92 [INV]
  -> Best GT Match: Choice 1 (rad=0.0833 trans=2.35 VALID) [INV]
[GT AUDIT] Edge 3-26 (GT=1) Candidates: 1
  Choice 1: inliner= 57 score=0.465 density=38.917 rad=0.3064 trans=10.26 [INV] [VALID GT MATCH]
  -> Best GT Match: Choice 1 (rad=0.3064 trans=10.26 VALID) [INV]
[GT AUDIT] Edge 4-9 (GT=1) Candidates: 6
  Choice 1: inliner=101 score=0.350 density=74.835 rad=0.2230 trans=7.59 [INV] [VALID GT MATCH]
  Choice 2: inliner= 44 score=0.431 density=30.756 rad=0.3183 trans=39.36 [VALID GT MATCH]
  Choice 3: inliner= 36 score=0.722 density=20.901 rad=2.6856 trans=21.83
  Choice 4: inliner= 44 score=0.320 density=33.321 rad=2.9412 trans=17.87
  Choice 5: inliner= 38 score=0.528 density=24.868 rad=2.8544 trans=22.05
  Choice 6: inliner= 48 score=0.673 density=28.692 rad=0.3945 trans=46.52
  -> Best GT Match: Choice 1 (rad=0.2230 trans=7.59 VALID) [INV]
[GT AUDIT] Edge 4-18 (GT=1) Candidates: 3
  Choice 1: inliner= 10 score=0.616 density=6.186 rad=2.5001 trans=82.03 [INV]
  Choice 2: inliner= 32 score=0.681 density=19.038 rad=2.5943 trans=18.06
  Choice 3: inliner= 50 score=0.287 density=38.836 rad=0.0603 trans=2.58 [INV] [VALID GT MATCH]
  -> Best GT Match: Choice 3 (rad=0.0603 trans=2.58 VALID) [INV]
[GT AUDIT] Edge 4-20 (GT=1) Candidates: 3
  Choice 1: inliner= 26 score=0.664 density=15.627 rad=2.1169 trans=95.44
  Choice 2: inliner= 24 score=0.323 density=18.144 rad=1.4680 trans=107.35
  Choice 3: inliner= 47 score=0.401 density=33.540 rad=0.0754 trans=3.28 [INV] [VALID GT MATCH]
  -> Best GT Match: Choice 3 (rad=0.0754 trans=3.28 VALID) [INV]
[GT AUDIT] Edge 5-8 (GT=1) Candidates: 5
  Choice 1: inliner= 18 score=0.804 density=9.980 rad=3.0618 trans=82.97 [INV]
  Choice 2: inliner=  0 score=11.000 density=0.000 rad=1.1505 trans=52.53 [INV]
  Choice 3: inliner= 34 score=0.510 density=22.515 rad=2.7881 trans=13.50
  Choice 4: inliner= 81 score=0.419 density=57.095 rad=0.2007 trans=8.03 [VALID GT MATCH]
  Choice 5: inliner= 52 score=0.536 density=33.864 rad=0.0839 trans=3.96 [INV] [VALID GT MATCH]
  -> Best GT Match: Choice 5 (rad=0.0839 trans=3.96 VALID) [INV]
[GT AUDIT] Edge 5-13 (GT=1) Candidates: 3
  Choice 1: inliner=  0 score=11.000 density=0.000 rad=3.0890 trans=68.08 [INV]
  Choice 2: inliner= 32 score=0.637 density=19.554 rad=0.0451 trans=0.73 [INV] [VALID GT MATCH]
  Choice 3: inliner= 46 score=0.570 density=29.295 rad=0.3133 trans=41.38 [VALID GT MATCH]
  -> Best GT Match: Choice 2 (rad=0.0451 trans=0.73 VALID) [INV]
[GT AUDIT] Edge 5-16 (GT=1) Candidates: 4
  Choice 1: inliner= 26 score=0.705 density=15.248 rad=0.1333 trans=2.67 [VALID GT MATCH]
  Choice 2: inliner= 28 score=0.518 density=18.449 rad=0.9330 trans=4.30 [INV]
  Choice 3: inliner= 14 score=0.593 density=8.787 rad=0.8998 trans=97.08
  Choice 4: inliner= 30 score=0.884 density=15.923 rad=3.0450 trans=122.94 [INV]
  -> Best GT Match: Choice 1 (rad=0.1333 trans=2.67 VALID)
[GT AUDIT] Edge 5-22 (GT=1) Candidates: 4
  Choice 1: inliner= 36 score=0.326 density=27.155 rad=0.5319 trans=82.53
  Choice 2: inliner= 36 score=0.365 density=26.373 rad=2.9611 trans=43.96 [INV]
  Choice 3: inliner= 49 score=0.428 density=34.325 rad=0.0736 trans=8.15 [INV] [VALID GT MATCH]
  Choice 4: inliner=  0 score=11.000 density=0.000 rad=3.0021 trans=45.47 [INV]
  -> Best GT Match: Choice 3 (rad=0.0736 trans=8.15 VALID) [INV]
[GT AUDIT] Edge 5-25 (GT=1) Candidates: 4
  Choice 1: inliner=  0 score=11.000 density=0.000 rad=2.9869 trans=44.92
  Choice 2: inliner= 16 score=0.531 density=10.453 rad=2.9160 trans=6.93
  Choice 3: inliner= 47 score=0.385 density=33.934 rad=0.2176 trans=7.42 [VALID GT MATCH]
  Choice 4: inliner= 60 score=0.404 density=42.725 rad=0.3073 trans=20.23 [VALID GT MATCH]
  -> Best GT Match: Choice 3 (rad=0.2176 trans=7.42 VALID)
[GT AUDIT] Edge 6-8 (GT=1) Candidates: 5
  Choice 1: inliner= 32 score=0.523 density=21.006 rad=0.2921 trans=119.97 [INV]
  Choice 2: inliner= 22 score=0.357 density=16.210 rad=2.4551 trans=13.77 [INV]
  Choice 3: inliner= 12 score=0.486 density=8.076 rad=1.4606 trans=77.04 [INV]
  Choice 4: inliner= 20 score=0.868 density=10.706 rad=2.8130 trans=25.55 [INV]
  Choice 5: inliner= 74 score=0.352 density=54.714 rad=0.0694 trans=3.67 [INV] [VALID GT MATCH]
  -> Best GT Match: Choice 5 (rad=0.0694 trans=3.67 VALID) [INV]
[GT AUDIT] Edge 6-14 (GT=1) Candidates: 1
  Choice 1: inliner= 46 score=0.199 density=38.380 rad=0.0914 trans=5.63 [INV] [VALID GT MATCH]
  -> Best GT Match: Choice 1 (rad=0.0914 trans=5.63 VALID) [INV]
[GT AUDIT] Edge 6-29 (GT=1) Candidates: 3
  Choice 1: inliner= 30 score=0.371 density=21.888 rad=2.7582 trans=123.88 [INV]
  Choice 2: inliner= 22 score=0.424 density=15.453 rad=3.0513 trans=99.46
  Choice 3: inliner= 32 score=0.237 density=25.876 rad=0.3178 trans=8.72 [VALID GT MATCH]
  -> Best GT Match: Choice 3 (rad=0.3178 trans=8.72 VALID)
[GT AUDIT] Edge 7-12 (GT=1) Candidates: 7
  Choice 1: inliner= 30 score=0.528 density=19.632 rad=2.6312 trans=21.08 [INV]
  Choice 2: inliner= 32 score=0.413 density=22.654 rad=3.1234 trans=72.27
  Choice 3: inliner= 32 score=0.455 density=21.999 rad=3.0983 trans=36.90
  Choice 4: inliner= 22 score=0.486 density=14.805 rad=0.3619 trans=5.04
  Choice 5: inliner=  4 score=11.000 density=0.333 rad=3.0978 trans=10.49 [INV]
  Choice 6: inliner= 30 score=0.368 density=21.927 rad=1.4631 trans=17.32 [INV]
  Choice 7: inliner= 34 score=0.384 density=24.573 rad=3.0093 trans=28.90 [INV]
  -> Best GT Match: Choice 4 (rad=0.3619 trans=5.04 INVALID)
[GT AUDIT] Edge 7-15 (GT=1) Candidates: 1
  Choice 1: inliner= 44 score=0.465 density=30.038 rad=0.1064 trans=1.78 [INV] [VALID GT MATCH]
  -> Best GT Match: Choice 1 (rad=0.1064 trans=1.78 VALID) [INV]
[GT AUDIT] Edge 7-16 (GT=1) Candidates: 2
  Choice 1: inliner= 34 score=0.434 density=23.713 rad=0.0366 trans=0.74 [INV] [VALID GT MATCH]
  Choice 2: inliner= 12 score=0.611 density=7.448 rad=3.1186 trans=14.31 [INV]
  -> Best GT Match: Choice 1 (rad=0.0366 trans=0.74 VALID) [INV]
[GT AUDIT] Edge 7-22 (GT=1) Candidates: 6
  Choice 1: inliner= 24 score=0.503 density=15.964 rad=1.5248 trans=11.96 [INV]
  Choice 2: inliner= 30 score=0.503 density=19.957 rad=3.0907 trans=22.54 [INV]
  Choice 3: inliner= 36 score=0.435 density=25.091 rad=2.9185 trans=47.28
  Choice 4: inliner= 44 score=0.492 density=29.481 rad=0.6124 trans=14.08 [INV]
  Choice 5: inliner= 40 score=0.518 density=26.356 rad=2.9009 trans=62.02
  Choice 6: inliner= 36 score=0.355 density=26.576 rad=0.1906 trans=9.24 [INV] [VALID GT MATCH]
  -> Best GT Match: Choice 6 (rad=0.1906 trans=9.24 VALID) [INV]
[GT AUDIT] Edge 8-10 (GT=1) Candidates: 4
  Choice 1: inliner= 28 score=0.629 density=17.186 rad=0.4995 trans=50.60 [INV]
  Choice 2: inliner= 26 score=0.429 density=18.199 rad=0.1109 trans=0.59 [INV] [VALID GT MATCH]
  Choice 3: inliner= 14 score=0.503 density=9.317 rad=0.1901 trans=14.56 [VALID GT MATCH]
  Choice 4: inliner= 22 score=0.489 density=14.779 rad=2.9178 trans=126.06 [INV]
  -> Best GT Match: Choice 2 (rad=0.1109 trans=0.59 VALID) [INV]
[GT AUDIT] Edge 8-16 (GT=1) Candidates: 2
  Choice 1: inliner= 16 score=0.487 density=10.761 rad=2.9651 trans=19.58
  Choice 2: inliner= 22 score=0.445 density=15.229 rad=0.1778 trans=4.35 [INV] [VALID GT MATCH]
  -> Best GT Match: Choice 2 (rad=0.1778 trans=4.35 VALID) [INV]
[GT AUDIT] Edge 8-30 (GT=1) Candidates: 2
  Choice 1: inliner= 24 score=0.296 density=18.521 rad=0.5091 trans=138.81 [INV]
  Choice 2: inliner= 36 score=0.366 density=26.347 rad=0.0789 trans=1.57 [INV] [VALID GT MATCH]
  -> Best GT Match: Choice 2 (rad=0.0789 trans=1.57 VALID) [INV]
[GT AUDIT] Edge 9-11 (GT=1) Candidates: 3
  Choice 1: inliner= 48 score=0.270 density=37.796 rad=0.0864 trans=7.42 [INV] [VALID GT MATCH]
  Choice 2: inliner= 42 score=0.435 density=29.272 rad=0.1595 trans=115.29
  Choice 3: inliner= 32 score=0.272 density=25.148 rad=0.3368 trans=117.94
  -> Best GT Match: Choice 1 (rad=0.0864 trans=7.42 VALID) [INV]
[GT AUDIT] Edge 9-19 (GT=1) Candidates: 3
  Choice 1: inliner= 46 score=0.393 density=33.011 rad=0.7075 trans=14.66 [INV]
  Choice 2: inliner= 55 score=0.426 density=38.575 rad=0.1570 trans=1.78 [INV] [VALID GT MATCH]
  Choice 3: inliner= 36 score=0.224 density=29.407 rad=0.2478 trans=7.93 [VALID GT MATCH]
  -> Best GT Match: Choice 2 (rad=0.1570 trans=1.78 VALID) [INV]
[GT AUDIT] Edge 9-20 (GT=1) Candidates: 5
  Choice 1: inliner= 18 score=0.441 density=12.489 rad=1.6252 trans=83.36
  Choice 2: inliner= 40 score=0.567 density=25.530 rad=1.3240 trans=63.91
  Choice 3: inliner= 20 score=0.688 density=11.851 rad=1.6569 trans=12.82 [INV]
  Choice 4: inliner= 32 score=0.803 density=17.744 rad=1.0449 trans=36.47 [INV]
  Choice 5: inliner= 34 score=0.615 density=21.047 rad=0.4753 trans=3.67 [INV]
  -> Best GT Match: Choice 5 (rad=0.4753 trans=3.67 INVALID) [INV]
[GT AUDIT] Edge 10-15 (GT=1) Candidates: 5
  Choice 1: inliner= 36 score=0.599 density=22.512 rad=0.1132 trans=1.74 [INV] [VALID GT MATCH]
  Choice 2: inliner= 24 score=0.598 density=15.018 rad=1.0846 trans=23.39 [INV]
  Choice 3: inliner=  6 score=0.810 density=3.314 rad=0.6479 trans=49.29
  Choice 4: inliner= 20 score=0.346 density=14.863 rad=1.8391 trans=41.33
  Choice 5: inliner=  0 score=11.000 density=0.000 rad=2.8226 trans=44.61 [INV]
  -> Best GT Match: Choice 1 (rad=0.1132 trans=1.74 VALID) [INV]
[GT AUDIT] Edge 10-16 (GT=1) Candidates: 4
  Choice 1: inliner= 16 score=0.490 density=10.742 rad=0.2911 trans=23.74 [VALID GT MATCH]
  Choice 2: inliner= 26 score=0.559 density=16.675 rad=3.0990 trans=3.08
  Choice 3: inliner= 28 score=0.400 density=20.006 rad=0.1214 trans=4.04 [INV] [VALID GT MATCH]
  Choice 4: inliner= 18 score=0.415 density=12.723 rad=0.2453 trans=49.97 [VALID GT MATCH]
  -> Best GT Match: Choice 3 (rad=0.1214 trans=4.04 VALID) [INV]
[GT AUDIT] Edge 10-29 (GT=1) Candidates: 3
  Choice 1: inliner= 39 score=0.366 density=28.543 rad=0.0822 trans=7.90 [VALID GT MATCH]
  Choice 2: inliner= 32 score=0.291 density=24.795 rad=1.7925 trans=12.79
  Choice 3: inliner= 24 score=0.381 density=17.376 rad=2.9126 trans=7.46 [INV]
  -> Best GT Match: Choice 1 (rad=0.0822 trans=7.90 VALID)
[GT AUDIT] Edge 11-12 (GT=1) Candidates: 3
  Choice 1: inliner= 36 score=0.551 density=23.216 rad=0.0848 trans=5.35 [INV] [VALID GT MATCH]
  Choice 2: inliner= 32 score=0.628 density=19.656 rad=3.0088 trans=115.84
  Choice 3: inliner= 32 score=0.698 density=18.841 rad=0.2123 trans=31.92 [VALID GT MATCH]
  -> Best GT Match: Choice 1 (rad=0.0848 trans=5.35 VALID) [INV]
[GT AUDIT] Edge 11-19 (GT=1) Candidates: 4
  Choice 1: inliner=  0 score=11.000 density=0.000 rad=3.1077 trans=102.95 [INV]
  Choice 2: inliner=114 score=0.350 density=84.466 rad=0.0380 trans=3.18 [INV] [VALID GT MATCH]
  Choice 3: inliner= 44 score=0.619 density=27.172 rad=0.1242 trans=32.45 [VALID GT MATCH]
  Choice 4: inliner= 48 score=0.268 density=37.851 rad=3.1082 trans=92.42 [INV]
  -> Best GT Match: Choice 2 (rad=0.0380 trans=3.18 VALID) [INV]
[GT AUDIT] Edge 11-27 (GT=1) Candidates: 2
  Choice 1: inliner= 45 score=0.484 density=30.317 rad=0.9726 trans=6.67
  Choice 2: inliner= 36 score=0.494 density=24.093 rad=0.2194 trans=9.36 [VALID GT MATCH]
  -> Best GT Match: Choice 2 (rad=0.2194 trans=9.36 VALID)
[GT AUDIT] Edge 12-13 (GT=1) Candidates: 5
  Choice 1: inliner= 36 score=0.497 density=24.053 rad=2.8643 trans=85.67
  Choice 2: inliner= 26 score=0.738 density=14.962 rad=0.6866 trans=99.31
  Choice 3: inliner= 52 score=0.433 density=36.275 rad=0.0458 trans=1.57 [INV] [VALID GT MATCH]
  Choice 4: inliner= 46 score=0.616 density=28.471 rad=0.2534 trans=36.04 [INV] [VALID GT MATCH]
  Choice 5: inliner= 12 score=0.524 density=7.873 rad=0.2302 trans=33.84 [VALID GT MATCH]
  -> Best GT Match: Choice 3 (rad=0.0458 trans=1.57 VALID) [INV]
[GT AUDIT] Edge 12-15 (GT=1) Candidates: 4
  Choice 1: inliner= 14 score=0.667 density=8.398 rad=3.0808 trans=80.68 [INV]
  Choice 2: inliner= 18 score=0.530 density=11.761 rad=3.0709 trans=24.40
  Choice 3: inliner= 22 score=0.443 density=15.244 rad=1.3906 trans=3.60 [INV]
  Choice 4: inliner= 10 score=0.507 density=6.635 rad=0.1347 trans=4.39 [INV] [VALID GT MATCH]
  -> Best GT Match: Choice 4 (rad=0.1347 trans=4.39 VALID) [INV]
[GT AUDIT] Edge 12-22 (GT=1) Candidates: 8
  Choice 1: inliner= 30 score=0.263 density=23.753 rad=2.8018 trans=35.41 [INV]
  Choice 2: inliner= 38 score=0.445 density=26.296 rad=2.9228 trans=40.88 [INV]
  Choice 3: inliner= 44 score=0.297 density=33.927 rad=1.0404 trans=69.13 [INV]
  Choice 4: inliner= 49 score=0.565 density=31.308 rad=2.8467 trans=56.52
  Choice 5: inliner= 42 score=0.479 density=28.404 rad=3.0210 trans=20.60 [INV]
  Choice 6: inliner= 32 score=0.427 density=22.418 rad=0.0965 trans=2.39 [INV] [VALID GT MATCH]
  Choice 7: inliner= 34 score=0.371 density=24.793 rad=0.5960 trans=44.94 [INV]
  Choice 8: inliner= 38 score=0.370 density=27.746 rad=2.9614 trans=65.31 [INV]
  -> Best GT Match: Choice 6 (rad=0.0965 trans=2.39 VALID) [INV]
[GT AUDIT] Edge 12-29 (GT=1) Candidates: 3
  Choice 1: inliner= 26 score=0.505 density=17.275 rad=0.1762 trans=8.60 [INV] [VALID GT MATCH]
  Choice 2: inliner= 36 score=0.441 density=24.983 rad=2.7924 trans=28.39 [INV]
  Choice 3: inliner= 22 score=0.721 density=12.780 rad=0.8224 trans=44.70 [INV]
  -> Best GT Match: Choice 1 (rad=0.1762 trans=8.60 VALID) [INV]
[GT AUDIT] Edge 13-22 (GT=1) Candidates: 4
  Choice 1: inliner=  0 score=11.000 density=0.000 rad=3.0767 trans=20.31 [INV]
  Choice 2: inliner= 49 score=0.433 density=34.188 rad=1.0861 trans=4.38 [INV]
  Choice 3: inliner= 66 score=0.465 density=45.040 rad=0.2178 trans=67.52
  Choice 4: inliner= 49 score=0.375 density=35.646 rad=0.4294 trans=18.58 [INV]
  -> Best GT Match: Choice 3 (rad=0.2178 trans=67.52 INVALID)
[GT AUDIT] Edge 13-25 (GT=1) Candidates: 1
  Choice 1: inliner= 26 score=0.296 density=20.060 rad=0.0905 trans=8.26 [VALID GT MATCH]
  -> Best GT Match: Choice 1 (rad=0.0905 trans=8.26 VALID)
[GT AUDIT] Edge 13-27 (GT=1) Candidates: 2
  Choice 1: inliner= 20 score=0.388 density=14.407 rad=0.0502 trans=3.43 [INV] [VALID GT MATCH]
  Choice 2: inliner= 22 score=0.441 density=15.263 rad=1.6858 trans=9.84 [INV]
  -> Best GT Match: Choice 1 (rad=0.0502 trans=3.43 VALID) [INV]
[GT AUDIT] Edge 13-28 (GT=1) Candidates: 1
  Choice 1: inliner= 41 score=0.465 density=27.982 rad=0.1918 trans=5.31 [INV] [VALID GT MATCH]
  -> Best GT Match: Choice 1 (rad=0.1918 trans=5.31 VALID) [INV]
[GT AUDIT] Edge 14-30 (GT=1) Candidates: 3
  Choice 1: inliner= 47 score=0.297 density=36.244 rad=0.0260 trans=1.33 [INV] [VALID GT MATCH]
  Choice 2: inliner= 28 score=0.587 density=17.640 rad=3.0309 trans=6.95
  Choice 3: inliner= 30 score=0.453 density=20.647 rad=3.0052 trans=55.43 [INV]
  -> Best GT Match: Choice 1 (rad=0.0260 trans=1.33 VALID) [INV]
[GT AUDIT] Edge 17-18 (GT=1) Candidates: 2
  Choice 1: inliner= 51 score=0.381 density=36.943 rad=0.0460 trans=3.08 [INV] [VALID GT MATCH]
  Choice 2: inliner= 36 score=0.604 density=22.448 rad=2.0467 trans=8.05 [INV]
  -> Best GT Match: Choice 1 (rad=0.0460 trans=3.08 VALID) [INV]
[GT AUDIT] Edge 17-21 (GT=1) Candidates: 1
  Choice 1: inliner= 49 score=0.439 density=34.049 rad=0.0134 trans=1.75 [INV] [VALID GT MATCH]
  -> Best GT Match: Choice 1 (rad=0.0134 trans=1.75 VALID) [INV]
[GT AUDIT] Edge 18-20 (GT=1) Candidates: 4
  Choice 1: inliner=  0 score=11.000 density=0.000 rad=1.7120 trans=39.24
  Choice 2: inliner= 22 score=0.627 density=13.520 rad=0.6250 trans=30.51 [INV]
  Choice 3: inliner= 28 score=0.411 density=19.839 rad=1.7194 trans=57.74 [INV]
  Choice 4: inliner= 34 score=0.334 density=25.492 rad=0.9170 trans=35.78 [INV]
  -> Best GT Match: Choice 2 (rad=0.6250 trans=30.51 INVALID) [INV]
[GT AUDIT] Edge 18-21 (GT=1) Candidates: 3
  Choice 1: inliner= 22 score=0.574 density=13.982 rad=2.0076 trans=30.46
  Choice 2: inliner= 28 score=0.249 density=22.419 rad=0.0520 trans=14.16 [VALID GT MATCH]
  Choice 3: inliner= 28 score=0.529 density=18.313 rad=2.3291 trans=43.20 [INV]
  -> Best GT Match: Choice 2 (rad=0.0520 trans=14.16 VALID)
[GT AUDIT] Edge 18-23 (GT=1) Candidates: 1
  Choice 1: inliner= 38 score=0.231 density=30.880 rad=0.1555 trans=12.90 [VALID GT MATCH]
  -> Best GT Match: Choice 1 (rad=0.1555 trans=12.90 VALID)
[GT AUDIT] Edge 20-23 (GT=1) Candidates: 1
  Choice 1: inliner= 42 score=0.404 density=29.911 rad=1.5882 trans=25.83 [INV]
  -> Best GT Match: Choice 1 (rad=1.5882 trans=25.83 INVALID) [INV]
[GT AUDIT] Edge 23-24 (GT=1) Candidates: 2
  Choice 1: inliner= 60 score=0.402 density=42.783 rad=0.2146 trans=12.23 [INV] [VALID GT MATCH]
  Choice 2: inliner= 28 score=0.713 density=16.347 rad=0.8313 trans=16.10
  -> Best GT Match: Choice 1 (rad=0.2146 trans=12.23 VALID) [INV]
[GT AUDIT] Edge 24-31 (GT=1) Candidates: 1
  Choice 1: inliner= 26 score=0.479 density=17.581 rad=2.6693 trans=128.81
  -> Best GT Match: Choice 1 (rad=2.6693 trans=128.81 INVALID)
[GT AUDIT] Edge 25-31 (GT=1) Candidates: 2
  Choice 1: inliner= 32 score=0.385 density=23.103 rad=0.0578 trans=1.93 [INV] [VALID GT MATCH]
  Choice 2: inliner= 39 score=0.303 density=29.920 rad=0.7427 trans=45.35 [INV]
  -> Best GT Match: Choice 1 (rad=0.0578 trans=1.93 VALID) [INV]
[GT AUDIT] Edge 26-30 (GT=1) Candidates: 1
  Choice 1: inliner= 30 score=0.631 density=18.398 rad=0.6309 trans=29.64
  -> Best GT Match: Choice 1 (rad=0.6309 trans=29.64 INVALID)
[GT AUDIT] Edge 27-28 (GT=1) Candidates: 1
  Choice 1: inliner= 22 score=0.265 density=17.391 rad=0.1257 trans=7.60 [INV] [VALID GT MATCH]
  -> Best GT Match: Choice 1 (rad=0.1257 trans=7.60 VALID) [INV]
[GT AUDIT] Edge 28-31 (GT=1) Candidates: 2
  Choice 1: inliner= 28 score=0.470 density=19.051 rad=0.0677 trans=4.76 [INV] [VALID GT MATCH]
  Choice 2: inliner= 18 score=0.487 density=12.108 rad=0.7140 trans=37.41 [INV]
  -> Best GT Match: Choice 1 (rad=0.0677 trans=4.76 VALID) [INV]

--- GT CANDIDATE SUMMARY ---
    Edge  Cands   Best       Rad     Trans  Inv?      Status
   1-2      5      4    0.0076      1.32     Y       VALID
   1-4      3      3    0.0958      3.72     N       VALID
   1-6      5      1    0.0432      4.93     Y       VALID
   1-14      5      1    0.0843      3.65     Y       VALID
   1-19      5      5    0.0508      2.91     Y       VALID
   2-4      2      1    0.0436      0.71     Y       VALID
   2-14      7      6    0.1477      6.52     N       VALID
   2-21      7      1    0.1861      6.53     Y       VALID
   3-5      5      3    0.1383    177.77     Y     INVALID
   3-17      5      5    0.2500      8.51     Y       VALID
   3-24      3      1    1.2997     11.23     N     INVALID
   3-25      4      1    0.0833      2.35     Y       VALID
   3-26      1      1    0.3064     10.26     Y       VALID
   4-9      6      1    0.2230      7.59     Y       VALID
   4-18      3      3    0.0603      2.58     Y       VALID
   4-20      3      3    0.0754      3.28     Y       VALID
   5-8      5      5    0.0839      3.96     Y       VALID
   5-13      3      2    0.0451      0.73     Y       VALID
   5-16      4      1    0.1333      2.67     N       VALID
   5-22      4      3    0.0736      8.15     Y       VALID
   5-25      4      3    0.2176      7.42     N       VALID
   6-8      5      5    0.0694      3.67     Y       VALID
   6-14      1      1    0.0914      5.63     Y       VALID
   6-29      3      3    0.3178      8.72     N       VALID
   7-12      7      4    0.3619      5.04     N     INVALID
   7-15      1      1    0.1064      1.78     Y       VALID
   7-16      2      1    0.0366      0.74     Y       VALID
   7-22      6      6    0.1906      9.24     Y       VALID
   8-10      4      2    0.1109      0.59     Y       VALID
   8-16      2      2    0.1778      4.35     Y       VALID
   8-30      2      2    0.0789      1.57     Y       VALID
   9-11      3      1    0.0864      7.42     Y       VALID
   9-19      3      2    0.1570      1.78     Y       VALID
   9-20      5      5    0.4753      3.67     Y     INVALID
  10-15      5      1    0.1132      1.74     Y       VALID
  10-16      4      3    0.1214      4.04     Y       VALID
  10-29      3      1    0.0822      7.90     N       VALID
  11-12      3      1    0.0848      5.35     Y       VALID
  11-19      4      2    0.0380      3.18     Y       VALID
  11-27      2      2    0.2194      9.36     N       VALID
  12-13      5      3    0.0458      1.57     Y       VALID
  12-15      4      4    0.1347      4.39     Y       VALID
  12-22      8      6    0.0965      2.39     Y       VALID
  12-29      3      1    0.1762      8.60     Y       VALID
  13-22      4      3    0.2178     67.52     N     INVALID
  13-25      1      1    0.0905      8.26     N       VALID
  13-27      2      1    0.0502      3.43     Y       VALID
  13-28      1      1    0.1918      5.31     Y       VALID
  14-30      3      1    0.0260      1.33     Y       VALID
  17-18      2      1    0.0460      3.08     Y       VALID
  17-21      1      1    0.0134      1.75     Y       VALID
  18-20      4      2    0.6250     30.51     Y     INVALID
  18-21      3      2    0.0520     14.16     N       VALID
  18-23      1      1    0.1555     12.90     N       VALID
  20-23      1      1    1.5882     25.83     Y     INVALID
  23-24      2      1    0.2146     12.23     Y       VALID
  24-31      1      1    2.6693    128.81     N     INVALID
  25-31      2      1    0.0578      1.93     Y       VALID
  26-30      1      1    0.6309     29.64     N     INVALID
  27-28      1      1    0.1257      7.60     Y       VALID
  28-31      2      1    0.0677      4.76     Y       VALID
Total GT edges: 61 | Valid GT Matches: 52 | Missing/Invalid: 9
######################################################################

--- SELECTED GT SPANNING TREE EDGES ---

=== COMPUTING MAXIMUM SPANNING TREE FOR POT E GT ===
  Spanning Tree Edge: Shard 1 - Shard 19 (Choice 5) [HARDCODED]
  Spanning Tree Edge: Shard 1 - Shard 6 (Choice 1) [HARDCODED]
  Spanning Tree Edge: Shard 11 - Shard 19 (Choice 2) [HARDCODED]
  Spanning Tree Edge: Shard 5 - Shard 8 (Choice 4) [HARDCODED]
  Spanning Tree Edge: Shard 3 - Shard 17 (Choice 5) [HARDCODED]
  Spanning Tree Edge: Shard 2 - Shard 4 (Choice 1) [HARDCODED]
  Spanning Tree Edge: Shard 6 - Shard 8 (Choice 5) [HARDCODED]
  Spanning Tree Edge: Shard 2 - Shard 21 (Choice 1) [HARDCODED]
  Spanning Tree Edge: Shard 23 - Shard 24 (Choice 1) [HARDCODED]
  Spanning Tree Edge: Shard 3 - Shard 26 (Choice 1) [HARDCODED]
  Spanning Tree Edge: Shard 17 - Shard 18 (Choice 1) [HARDCODED]
  Spanning Tree Edge: Shard 9 - Shard 11 (Choice 1) [HARDCODED]
  Spanning Tree Edge: Shard 5 - Shard 25 (Choice 3) [HARDCODED]
  Spanning Tree Edge: Shard 14 - Shard 30 (Choice 1) [HARDCODED]
  Spanning Tree Edge: Shard 4 - Shard 20 (Choice 3) [HARDCODED]
  Spanning Tree Edge: Shard 7 - Shard 15 (Choice 1) [HARDCODED]
  Spanning Tree Edge: Shard 10 - Shard 29 (Choice 1) [HARDCODED]
  Spanning Tree Edge: Shard 1 - Shard 4 (Choice 3) [HARDCODED]
  Spanning Tree Edge: Shard 2 - Shard 14 (Choice 6) [HARDCODED]
  Spanning Tree Edge: Shard 18 - Shard 23 (Choice 1) [HARDCODED]
  Spanning Tree Edge: Shard 7 - Shard 22 (Choice 6) [HARDCODED]
  Spanning Tree Edge: Shard 25 - Shard 31 (Choice 1) [HARDCODED]
  Spanning Tree Edge: Shard 12 - Shard 22 (Choice 6) [HARDCODED]
  Spanning Tree Edge: Shard 28 - Shard 31 (Choice 1) [HARDCODED]
  Spanning Tree Edge: Shard 18 - Shard 21 (Choice 2) [HARDCODED]
  Spanning Tree Edge: Shard 10 - Shard 16 (Choice 3) [HARDCODED]
  Spanning Tree Edge: Shard 13 - Shard 25 (Choice 1) [HARDCODED]
  Spanning Tree Edge: Shard 12 - Shard 29 (Choice 1) [HARDCODED]
  Spanning Tree Edge: Shard 8 - Shard 10 (Choice 2) [HARDCODED]
  Spanning Tree Edge: Shard 13 - Shard 27 (Choice 1) [HARDCODED]
Maximum Spanning Tree completed with 30 edges.
====================================================

---------------------------------------

==============================================
       GROUND TRUTH GA FITNESS AUDIT
==============================================
  Total Fitness Score:         1899.77
  Inlier Reward (+):           1182.91
  Connectivity Reward (+):     0.00
  Consensus Reward (+):        716.87
  Cycle Penalty (-):           0.00
  Overlap Penalty (-):         0.00
  Edge Residual Penalty (-):   0.00
  Edge Rot Residual Penalty (-): 0.00
  Component Penalty (-):       0.00
  Active Pairs (Edges):        30
==============================================

--- COLLISION AUDIT [GROUND TRUTH] ---
  Fitness overlap penalty: 0.0000
  Recomputed indexed overlap sum: 0.0000 (delta=0.0000)
  Pair counts: total=435 same_comp=435 broad_reject=387 narrow_checked=435 active=1
  Pair (0,1): center_dist=88.945 broad_radius=130.598 min_nn=12.766 hits=0/2055 hit_ratio=0.000 avg_depth=0.000 pair_pen=0.000 [OK] NARROW-PHASE CLEAR
  Pair (0,2): center_dist=162.732 broad_radius=121.722 [OK] BROAD-PHASE SEPARATED
  Pair (0,4): center_dist=133.229 broad_radius=120.133 [OK] BROAD-PHASE SEPARATED
  Pair (0,6): center_dist=168.733 broad_radius=126.782 [OK] BROAD-PHASE SEPARATED
  Pair (0,7): center_dist=100.713 broad_radius=108.655 min_nn=44.584 hits=0/2055 hit_ratio=0.000 avg_depth=0.000 pair_pen=0.000 [OK] NARROW-PHASE CLEAR
  Pair (0,8): center_dist=99.926 broad_radius=121.601 min_nn=18.987 hits=0/2055 hit_ratio=0.000 avg_depth=0.000 pair_pen=0.000 [OK] NARROW-PHASE CLEAR
  Pair (0,9): center_dist=128.085 broad_radius=118.481 [OK] BROAD-PHASE SEPARATED
  Pair (0,10): center_dist=86.892 broad_radius=136.755 min_nn=19.306 hits=0/2055 hit_ratio=0.000 avg_depth=0.000 pair_pen=0.000 [OK] NARROW-PHASE CLEAR
  Pair (0,11): center_dist=113.065 broad_radius=123.850 min_nn=18.620 hits=0/2055 hit_ratio=0.000 avg_depth=0.000 pair_pen=0.000 [OK] NARROW-PHASE CLEAR
  Pair (0,12): center_dist=133.440 broad_radius=119.121 [OK] BROAD-PHASE SEPARATED
  Pair (0,13): center_dist=106.484 broad_radius=108.602 min_nn=21.880 hits=0/2055 hit_ratio=0.000 avg_depth=0.000 pair_pen=0.000 [OK] NARROW-PHASE CLEAR
  Pair (0,14): center_dist=143.716 broad_radius=108.781 [OK] BROAD-PHASE SEPARATED
  Pair (0,15): center_dist=162.546 broad_radius=114.588 [OK] BROAD-PHASE SEPARATED
  Pair (0,16): center_dist=150.518 broad_radius=107.630 [OK] BROAD-PHASE SEPARATED
  Pair (0,17): center_dist=145.348 broad_radius=100.972 [OK] BROAD-PHASE SEPARATED
  Pair (0,19): center_dist=139.971 broad_radius=94.629 [OK] BROAD-PHASE SEPARATED
  Pair (0,20): center_dist=129.427 broad_radius=94.916 [OK] BROAD-PHASE SEPARATED
  Pair (0,21): center_dist=141.424 broad_radius=109.733 [OK] BROAD-PHASE SEPARATED
  Pair (0,22): center_dist=162.504 broad_radius=102.269 [OK] BROAD-PHASE SEPARATED
  Pair (0,23): center_dist=161.438 broad_radius=89.041 [OK] BROAD-PHASE SEPARATED
  Pair (0,24): center_dist=147.847 broad_radius=97.775 [OK] BROAD-PHASE SEPARATED
  Pair (0,25): center_dist=143.062 broad_radius=93.821 [OK] BROAD-PHASE SEPARATED
  Pair (0,26): center_dist=133.893 broad_radius=100.163 [OK] BROAD-PHASE SEPARATED
  Pair (0,27): center_dist=147.137 broad_radius=88.266 [OK] BROAD-PHASE SEPARATED
  Pair (0,28): center_dist=90.990 broad_radius=85.395 [OK] BROAD-PHASE SEPARATED
  Pair (0,29): center_dist=111.547 broad_radius=84.072 [OK] BROAD-PHASE SEPARATED
  Pair (0,30): center_dist=157.937 broad_radius=82.675 [OK] BROAD-PHASE SEPARATED
  Pair (1,2): center_dist=131.746 broad_radius=108.882 [OK] BROAD-PHASE SEPARATED
  Pair (1,4): center_dist=164.435 broad_radius=107.292 [OK] BROAD-PHASE SEPARATED
  Pair (1,5): center_dist=107.838 broad_radius=118.889 min_nn=40.081 hits=0/1852 hit_ratio=0.000 avg_depth=0.000 pair_pen=0.000 [OK] NARROW-PHASE CLEAR
  Pair (1,6): center_dist=236.377 broad_radius=113.942 [OK] BROAD-PHASE SEPARATED
  Pair (1,7): center_dist=136.708 broad_radius=95.815 [OK] BROAD-PHASE SEPARATED
  Pair (1,8): center_dist=119.159 broad_radius=108.761 [OK] BROAD-PHASE SEPARATED
  Pair (1,9): center_dist=193.593 broad_radius=105.640 [OK] BROAD-PHASE SEPARATED
  Pair (1,10): center_dist=148.584 broad_radius=123.915 [OK] BROAD-PHASE SEPARATED
  Pair (1,11): center_dist=190.957 broad_radius=111.010 [OK] BROAD-PHASE SEPARATED
  Pair (1,12): center_dist=173.637 broad_radius=106.280 [OK] BROAD-PHASE SEPARATED
  Pair (1,14): center_dist=221.627 broad_radius=95.941 [OK] BROAD-PHASE SEPARATED
  Pair (1,15): center_dist=211.258 broad_radius=101.748 [OK] BROAD-PHASE SEPARATED
  Pair (1,16): center_dist=94.855 broad_radius=94.790 min_nn=36.185 hits=0/1852 hit_ratio=0.000 avg_depth=0.000 pair_pen=0.000 [OK] NARROW-PHASE CLEAR
  Pair (1,17): center_dist=105.257 broad_radius=88.131 [OK] BROAD-PHASE SEPARATED
  Pair (1,18): center_dist=129.191 broad_radius=118.376 [OK] BROAD-PHASE SEPARATED
  Pair (1,19): center_dist=128.463 broad_radius=81.789 [OK] BROAD-PHASE SEPARATED
  Pair (1,21): center_dist=200.575 broad_radius=96.893 [OK] BROAD-PHASE SEPARATED
  Pair (1,22): center_dist=144.566 broad_radius=89.428 [OK] BROAD-PHASE SEPARATED
  Pair (1,23): center_dist=148.055 broad_radius=76.201 [OK] BROAD-PHASE SEPARATED
  Pair (1,24): center_dist=156.863 broad_radius=84.935 [OK] BROAD-PHASE SEPARATED
  Pair (1,25): center_dist=124.879 broad_radius=80.981 [OK] BROAD-PHASE SEPARATED
  Pair (1,26): center_dist=171.687 broad_radius=87.322 [OK] BROAD-PHASE SEPARATED
  Pair (1,27): center_dist=172.374 broad_radius=75.425 [OK] BROAD-PHASE SEPARATED
  Pair (1,28): center_dist=171.272 broad_radius=72.555 [OK] BROAD-PHASE SEPARATED
  Pair (1,29): center_dist=107.019 broad_radius=71.232 [OK] BROAD-PHASE SEPARATED
  Pair (1,30): center_dist=168.273 broad_radius=69.834 [OK] BROAD-PHASE SEPARATED
  Pair (2,3): center_dist=148.246 broad_radius=109.956 [OK] BROAD-PHASE SEPARATED
  Pair (2,4): center_dist=115.423 broad_radius=98.417 [OK] BROAD-PHASE SEPARATED
  Pair (2,5): center_dist=149.985 broad_radius=110.014 [OK] BROAD-PHASE SEPARATED
  Pair (2,6): center_dist=208.700 broad_radius=105.066 [OK] BROAD-PHASE SEPARATED
  Pair (2,7): center_dist=135.696 broad_radius=86.939 [OK] BROAD-PHASE SEPARATED
  Pair (2,8): center_dist=155.978 broad_radius=99.885 [OK] BROAD-PHASE SEPARATED
  Pair (2,9): center_dist=207.407 broad_radius=96.765 [OK] BROAD-PHASE SEPARATED
  Pair (2,10): center_dist=160.110 broad_radius=115.039 [OK] BROAD-PHASE SEPARATED
  Pair (2,11): center_dist=194.679 broad_radius=102.134 [OK] BROAD-PHASE SEPARATED
  Pair (2,12): center_dist=120.688 broad_radius=97.405 [OK] BROAD-PHASE SEPARATED
  Pair (2,13): center_dist=97.666 broad_radius=86.886 [OK] BROAD-PHASE SEPARATED
  Pair (2,14): center_dist=229.759 broad_radius=87.065 [OK] BROAD-PHASE SEPARATED
  Pair (2,15): center_dist=182.202 broad_radius=92.872 [OK] BROAD-PHASE SEPARATED
  Pair (2,17): center_dist=80.227 broad_radius=79.256 min_nn=32.217 hits=0/1371 hit_ratio=0.000 avg_depth=0.000 pair_pen=0.000 [OK] NARROW-PHASE CLEAR
  Pair (2,18): center_dist=170.306 broad_radius=109.500 [OK] BROAD-PHASE SEPARATED
  Pair (2,19): center_dist=122.096 broad_radius=72.913 [OK] BROAD-PHASE SEPARATED
  Pair (2,20): center_dist=85.843 broad_radius=73.200 [OK] BROAD-PHASE SEPARATED
  Pair (2,21): center_dist=165.325 broad_radius=88.017 [OK] BROAD-PHASE SEPARATED
  Pair (2,22): center_dist=77.626 broad_radius=80.553 min_nn=14.618 hits=0/1371 hit_ratio=0.000 avg_depth=0.000 pair_pen=0.000 [OK] NARROW-PHASE CLEAR
  Pair (2,23): center_dist=57.553 broad_radius=67.325 min_nn=13.303 hits=0/1371 hit_ratio=0.000 avg_depth=0.000 pair_pen=0.000 [OK] NARROW-PHASE CLEAR
  Pair (2,24): center_dist=70.477 broad_radius=76.059 min_nn=31.590 hits=0/1371 hit_ratio=0.000 avg_depth=0.000 pair_pen=0.000 [OK] NARROW-PHASE CLEAR
  Pair (2,26): center_dist=123.980 broad_radius=78.447 [OK] BROAD-PHASE SEPARATED
  Pair (2,27): center_dist=100.763 broad_radius=66.550 [OK] BROAD-PHASE SEPARATED
  Pair (2,28): center_dist=197.280 broad_radius=63.679 [OK] BROAD-PHASE SEPARATED
  Pair (2,29): center_dist=88.374 broad_radius=62.356 [OK] BROAD-PHASE SEPARATED
  Pair (2,30): center_dist=75.493 broad_radius=60.959 [OK] BROAD-PHASE SEPARATED
  Pair (3,4): center_dist=182.266 broad_radius=108.367 [OK] BROAD-PHASE SEPARATED
  Pair (3,5): center_dist=138.306 broad_radius=119.964 [OK] BROAD-PHASE SEPARATED
  Pair (3,6): center_dist=233.358 broad_radius=115.016 [OK] BROAD-PHASE SEPARATED
  Pair (3,7): center_dist=169.083 broad_radius=96.889 [OK] BROAD-PHASE SEPARATED
  Pair (3,8): center_dist=52.355 broad_radius=109.835 min_nn=12.926 hits=0/1081 hit_ratio=0.000 avg_depth=0.000 pair_pen=0.000 [OK] NARROW-PHASE CLEAR
  Pair (3,9): center_dist=215.595 broad_radius=106.715 [OK] BROAD-PHASE SEPARATED
  Pair (3,10): center_dist=113.545 broad_radius=124.989 min_nn=58.198 hits=0/1081 hit_ratio=0.000 avg_depth=0.000 pair_pen=0.000 [OK] NARROW-PHASE CLEAR
  Pair (3,11): center_dist=181.200 broad_radius=112.084 [OK] BROAD-PHASE SEPARATED
  Pair (3,12): center_dist=167.268 broad_radius=107.355 [OK] BROAD-PHASE SEPARATED
  Pair (3,13): center_dist=131.162 broad_radius=96.836 [OK] BROAD-PHASE SEPARATED
  Pair (3,14): center_dist=226.300 broad_radius=97.015 [OK] BROAD-PHASE SEPARATED
  Pair (3,15): center_dist=233.941 broad_radius=102.822 [OK] BROAD-PHASE SEPARATED
  Pair (3,16): center_dist=114.250 broad_radius=95.864 [OK] BROAD-PHASE SEPARATED
  Pair (3,17): center_dist=86.791 broad_radius=89.206 min_nn=22.347 hits=0/1081 hit_ratio=0.000 avg_depth=0.000 pair_pen=0.000 [OK] NARROW-PHASE CLEAR
  Pair (3,18): center_dist=99.221 broad_radius=119.450 min_nn=29.060 hits=0/1081 hit_ratio=0.000 avg_depth=0.000 pair_pen=0.000 [OK] NARROW-PHASE CLEAR
  Pair (3,20): center_dist=94.944 broad_radius=83.150 [OK] BROAD-PHASE SEPARATED
  Pair (3,21): center_dist=191.506 broad_radius=97.967 [OK] BROAD-PHASE SEPARATED
  Pair (3,22): center_dist=117.996 broad_radius=90.503 [OK] BROAD-PHASE SEPARATED
  Pair (3,23): center_dist=133.541 broad_radius=77.275 [OK] BROAD-PHASE SEPARATED
  Pair (3,24): center_dist=167.701 broad_radius=86.009 [OK] BROAD-PHASE SEPARATED
  Pair (3,25): center_dist=163.132 broad_radius=82.055 [OK] BROAD-PHASE SEPARATED
  Pair (3,26): center_dist=147.330 broad_radius=88.397 [OK] BROAD-PHASE SEPARATED
  Pair (3,27): center_dist=158.940 broad_radius=76.500 [OK] BROAD-PHASE SEPARATED
  Pair (3,28): center_dist=176.145 broad_radius=73.629 [OK] BROAD-PHASE SEPARATED
  Pair (3,29): center_dist=149.176 broad_radius=72.306 [OK] BROAD-PHASE SEPARATED
  Pair (3,30): center_dist=163.529 broad_radius=70.909 [OK] BROAD-PHASE SEPARATED
  Pair (4,5): center_dist=93.871 broad_radius=108.424 min_nn=47.485 hits=0/991 hit_ratio=0.000 avg_depth=0.000 pair_pen=0.000 [OK] NARROW-PHASE CLEAR
  Pair (4,6): center_dist=102.793 broad_radius=103.477 min_nn=30.992 hits=0/991 hit_ratio=0.000 avg_depth=0.000 pair_pen=0.000 [OK] NARROW-PHASE CLEAR
  Pair (4,8): center_dist=172.520 broad_radius=98.296 [OK] BROAD-PHASE SEPARATED
  Pair (4,9): center_dist=104.001 broad_radius=95.175 [OK] BROAD-PHASE SEPARATED
  Pair (4,10): center_dist=124.203 broad_radius=113.449 [OK] BROAD-PHASE SEPARATED
  Pair (4,11): center_dist=105.751 broad_radius=100.544 [OK] BROAD-PHASE SEPARATED
  Pair (4,12): center_dist=54.825 broad_radius=95.815 min_nn=0.714 hits=2/991 hit_ratio=0.003 avg_depth=0.180 pair_pen=0.000 [OK] NARROW-PHASE CLEAR
  Pair (4,13): center_dist=113.068 broad_radius=85.296 [OK] BROAD-PHASE SEPARATED
  Pair (4,14): center_dist=123.853 broad_radius=85.475 [OK] BROAD-PHASE SEPARATED
  Pair (4,15): center_dist=68.633 broad_radius=91.282 min_nn=8.328 hits=0/991 hit_ratio=0.000 avg_depth=0.000 pair_pen=0.000 [OK] NARROW-PHASE CLEAR
  Pair (4,16): center_dist=150.113 broad_radius=84.324 [OK] BROAD-PHASE SEPARATED
  Pair (4,17): center_dist=162.539 broad_radius=77.666 [OK] BROAD-PHASE SEPARATED
  Pair (4,18): center_dist=135.547 broad_radius=107.910 [OK] BROAD-PHASE SEPARATED
  Pair (4,19): center_dist=174.591 broad_radius=71.324 [OK] BROAD-PHASE SEPARATED
  Pair (4,20): center_dist=158.459 broad_radius=71.610 [OK] BROAD-PHASE SEPARATED
  Pair (4,21): center_dist=76.030 broad_radius=86.427 min_nn=27.796 hits=0/991 hit_ratio=0.000 avg_depth=0.000 pair_pen=0.000 [OK] NARROW-PHASE CLEAR
  Pair (4,22): center_dist=149.990 broad_radius=78.963 [OK] BROAD-PHASE SEPARATED
  Pair (4,23): center_dist=126.362 broad_radius=65.735 [OK] BROAD-PHASE SEPARATED
  Pair (4,25): center_dist=80.411 broad_radius=70.515 [OK] BROAD-PHASE SEPARATED
  Pair (4,26): center_dist=93.969 broad_radius=76.857 [OK] BROAD-PHASE SEPARATED
  Pair (4,27): center_dist=79.020 broad_radius=64.960 [OK] BROAD-PHASE SEPARATED
  Pair (4,28): center_dist=108.611 broad_radius=62.090 [OK] BROAD-PHASE SEPARATED
  Pair (4,29): center_dist=71.314 broad_radius=60.767 [OK] BROAD-PHASE SEPARATED
  Pair (4,30): center_dist=79.535 broad_radius=59.369 [OK] BROAD-PHASE SEPARATED
  Pair (5,6): center_dist=143.066 broad_radius=115.074 [OK] BROAD-PHASE SEPARATED
  Pair (5,8): center_dist=144.053 broad_radius=109.893 [OK] BROAD-PHASE SEPARATED
  Pair (5,9): center_dist=85.762 broad_radius=106.772 min_nn=18.478 hits=0/1052 hit_ratio=0.000 avg_depth=0.000 pair_pen=0.000 [OK] NARROW-PHASE CLEAR
  Pair (5,10): center_dist=111.210 broad_radius=125.046 min_nn=32.301 hits=0/1052 hit_ratio=0.000 avg_depth=0.000 pair_pen=0.000 [OK] NARROW-PHASE CLEAR
  Pair (5,11): center_dist=103.955 broad_radius=112.141 min_nn=27.647 hits=0/1052 hit_ratio=0.000 avg_depth=0.000 pair_pen=0.000 [OK] NARROW-PHASE CLEAR
  Pair (5,12): center_dist=115.821 broad_radius=107.412 [OK] BROAD-PHASE SEPARATED
  Pair (5,13): center_dist=83.579 broad_radius=96.893 min_nn=14.064 hits=0/1052 hit_ratio=0.000 avg_depth=0.000 pair_pen=0.000 [OK] NARROW-PHASE CLEAR
  Pair (5,14): center_dist=118.386 broad_radius=97.073 [OK] BROAD-PHASE SEPARATED
  Pair (5,15): center_dist=114.085 broad_radius=102.880 [OK] BROAD-PHASE SEPARATED
  Pair (5,16): center_dist=152.062 broad_radius=95.921 [OK] BROAD-PHASE SEPARATED
  Pair (5,17): center_dist=162.229 broad_radius=89.263 [OK] BROAD-PHASE SEPARATED
  Pair (5,18): center_dist=94.711 broad_radius=119.507 min_nn=15.692 hits=0/1052 hit_ratio=0.000 avg_depth=0.000 pair_pen=0.000 [OK] NARROW-PHASE CLEAR
  Pair (5,19): center_dist=170.162 broad_radius=82.921 [OK] BROAD-PHASE SEPARATED
  Pair (5,20): center_dist=136.505 broad_radius=83.207 [OK] BROAD-PHASE SEPARATED
  Pair (5,21): center_dist=123.315 broad_radius=98.024 [OK] BROAD-PHASE SEPARATED
  Pair (5,22): center_dist=173.761 broad_radius=90.560 [OK] BROAD-PHASE SEPARATED
  Pair (5,23): center_dist=162.864 broad_radius=77.332 [OK] BROAD-PHASE SEPARATED
  Pair (5,24): center_dist=122.336 broad_radius=86.066 [OK] BROAD-PHASE SEPARATED
  Pair (5,25): center_dist=110.989 broad_radius=82.113 [OK] BROAD-PHASE SEPARATED
  Pair (5,26): center_dist=134.242 broad_radius=88.454 [OK] BROAD-PHASE SEPARATED
  Pair (5,27): center_dist=137.636 broad_radius=76.557 [OK] BROAD-PHASE SEPARATED
  Pair (5,28): center_dist=73.209 broad_radius=73.687 min_nn=10.578 hits=0/1052 hit_ratio=0.000 avg_depth=0.000 pair_pen=0.000 [OK] NARROW-PHASE CLEAR
  Pair (5,29): center_dist=74.415 broad_radius=72.364 [OK] BROAD-PHASE SEPARATED
  Pair (5,30): center_dist=143.788 broad_radius=70.966 [OK] BROAD-PHASE SEPARATED
  Pair (6,7): center_dist=122.616 broad_radius=91.999 [OK] BROAD-PHASE SEPARATED
  Pair (6,8): center_dist=205.222 broad_radius=104.945 [OK] BROAD-PHASE SEPARATED
  Pair (6,9): center_dist=94.857 broad_radius=101.825 min_nn=52.832 hits=0/831 hit_ratio=0.000 avg_depth=0.000 pair_pen=0.000 [OK] NARROW-PHASE CLEAR
  Pair (6,10): center_dist=130.846 broad_radius=120.099 [OK] BROAD-PHASE SEPARATED
  Pair (6,11): center_dist=63.889 broad_radius=107.194 min_nn=16.368 hits=0/831 hit_ratio=0.000 avg_depth=0.000 pair_pen=0.000 [OK] NARROW-PHASE CLEAR
  Pair (6,12): center_dist=92.900 broad_radius=102.465 min_nn=29.134 hits=0/831 hit_ratio=0.000 avg_depth=0.000 pair_pen=0.000 [OK] NARROW-PHASE CLEAR
  Pair (6,13): center_dist=202.417 broad_radius=91.946 [OK] BROAD-PHASE SEPARATED
  Pair (6,15): center_dist=79.807 broad_radius=97.932 min_nn=22.356 hits=0/831 hit_ratio=0.000 avg_depth=0.000 pair_pen=0.000 [OK] NARROW-PHASE CLEAR
  Pair (6,16): center_dist=239.708 broad_radius=90.974 [OK] BROAD-PHASE SEPARATED
  Pair (6,17): center_dist=236.470 broad_radius=84.316 [OK] BROAD-PHASE SEPARATED
  Pair (6,18): center_dist=147.087 broad_radius=114.560 [OK] BROAD-PHASE SEPARATED
  Pair (6,19): center_dist=225.702 broad_radius=77.973 [OK] BROAD-PHASE SEPARATED
  Pair (6,20): center_dist=244.625 broad_radius=78.260 [OK] BROAD-PHASE SEPARATED
  Pair (6,22): center_dist=215.636 broad_radius=85.613 [OK] BROAD-PHASE SEPARATED
  Pair (6,23): center_dist=197.726 broad_radius=72.385 [OK] BROAD-PHASE SEPARATED
  Pair (6,24): center_dist=141.180 broad_radius=81.119 [OK] BROAD-PHASE SEPARATED
  Pair (6,25): center_dist=182.501 broad_radius=77.165 [OK] BROAD-PHASE SEPARATED
  Pair (6,26): center_dist=119.142 broad_radius=83.507 [OK] BROAD-PHASE SEPARATED
  Pair (6,27): center_dist=126.849 broad_radius=71.610 [OK] BROAD-PHASE SEPARATED
  Pair (6,28): center_dist=92.274 broad_radius=68.739 [OK] BROAD-PHASE SEPARATED
  Pair (6,29): center_dist=166.138 broad_radius=67.416 [OK] BROAD-PHASE SEPARATED
  Pair (6,30): center_dist=147.821 broad_radius=66.019 [OK] BROAD-PHASE SEPARATED
  Pair (7,8): center_dist=170.002 broad_radius=86.818 [OK] BROAD-PHASE SEPARATED
  Pair (7,10): center_dist=127.560 broad_radius=101.972 [OK] BROAD-PHASE SEPARATED
  Pair (7,11): center_dist=105.557 broad_radius=89.067 [OK] BROAD-PHASE SEPARATED
  Pair (7,12): center_dist=95.388 broad_radius=84.338 [OK] BROAD-PHASE SEPARATED
  Pair (7,13): center_dist=87.200 broad_radius=73.819 [OK] BROAD-PHASE SEPARATED
  Pair (7,14): center_dist=113.025 broad_radius=73.998 [OK] BROAD-PHASE SEPARATED
  Pair (7,15): center_dist=75.411 broad_radius=79.805 min_nn=12.036 hits=0/795 hit_ratio=0.000 avg_depth=0.000 pair_pen=0.000 [OK] NARROW-PHASE CLEAR
  Pair (7,16): center_dist=153.603 broad_radius=72.847 [OK] BROAD-PHASE SEPARATED
  Pair (7,17): center_dist=170.435 broad_radius=66.189 [OK] BROAD-PHASE SEPARATED
  Pair (7,18): center_dist=123.566 broad_radius=96.433 [OK] BROAD-PHASE SEPARATED
  Pair (7,19): center_dist=184.390 broad_radius=59.846 [OK] BROAD-PHASE SEPARATED
  Pair (7,20): center_dist=148.230 broad_radius=60.133 [OK] BROAD-PHASE SEPARATED
  Pair (7,21): center_dist=105.641 broad_radius=74.950 [OK] BROAD-PHASE SEPARATED
  Pair (7,22): center_dist=172.916 broad_radius=67.486 [OK] BROAD-PHASE SEPARATED
  Pair (7,23): center_dist=154.728 broad_radius=54.258 [OK] BROAD-PHASE SEPARATED
  Pair (7,24): center_dist=94.199 broad_radius=62.992 [OK] BROAD-PHASE SEPARATED
  Pair (7,25): center_dist=87.313 broad_radius=59.038 [OK] BROAD-PHASE SEPARATED
  Pair (7,26): center_dist=126.351 broad_radius=65.380 [OK] BROAD-PHASE SEPARATED
  Pair (7,27): center_dist=120.554 broad_radius=53.483 [OK] BROAD-PHASE SEPARATED
  Pair (7,28): center_dist=84.882 broad_radius=50.612 [OK] BROAD-PHASE SEPARATED
  Pair (7,29): center_dist=56.196 broad_radius=49.289 [OK] BROAD-PHASE SEPARATED
  Pair (7,30): center_dist=122.501 broad_radius=47.892 [OK] BROAD-PHASE SEPARATED
  Pair (8,9): center_dist=206.950 broad_radius=96.644 [OK] BROAD-PHASE SEPARATED
  Pair (8,11): center_dist=153.724 broad_radius=102.013 [OK] BROAD-PHASE SEPARATED
  Pair (8,12): center_dist=143.176 broad_radius=97.284 [OK] BROAD-PHASE SEPARATED
  Pair (8,13): center_dist=156.340 broad_radius=86.765 [OK] BROAD-PHASE SEPARATED
  Pair (8,14): center_dist=205.782 broad_radius=86.944 [OK] BROAD-PHASE SEPARATED
  Pair (8,15): center_dist=222.508 broad_radius=92.751 [OK] BROAD-PHASE SEPARATED
  Pair (8,16): center_dist=137.530 broad_radius=85.793 [OK] BROAD-PHASE SEPARATED
  Pair (8,17): center_dist=99.869 broad_radius=79.135 [OK] BROAD-PHASE SEPARATED
  Pair (8,18): center_dist=73.658 broad_radius=109.379 min_nn=13.511 hits=0/543 hit_ratio=0.000 avg_depth=0.000 pair_pen=0.000 [OK] NARROW-PHASE CLEAR
  Pair (8,19): center_dist=59.748 broad_radius=72.792 min_nn=24.224 hits=0/543 hit_ratio=0.000 avg_depth=0.000 pair_pen=0.000 [OK] NARROW-PHASE CLEAR
  Pair (8,20): center_dist=130.186 broad_radius=73.079 [OK] BROAD-PHASE SEPARATED
  Pair (8,21): center_dist=162.109 broad_radius=87.896 [OK] BROAD-PHASE SEPARATED
  Pair (8,22): center_dist=108.712 broad_radius=80.432 [OK] BROAD-PHASE SEPARATED
  Pair (8,23): center_dist=124.258 broad_radius=67.204 [OK] BROAD-PHASE SEPARATED
  Pair (8,24): center_dist=158.982 broad_radius=75.938 [OK] BROAD-PHASE SEPARATED
  Pair (8,25): center_dist=173.999 broad_radius=71.984 [OK] BROAD-PHASE SEPARATED
  Pair (8,26): center_dist=114.366 broad_radius=78.326 [OK] BROAD-PHASE SEPARATED
  Pair (8,27): center_dist=134.168 broad_radius=66.429 [OK] BROAD-PHASE SEPARATED
  Pair (8,28): center_dist=160.822 broad_radius=63.558 [OK] BROAD-PHASE SEPARATED
  Pair (8,29): center_dist=160.732 broad_radius=62.235 [OK] BROAD-PHASE SEPARATED
  Pair (8,30): center_dist=146.919 broad_radius=60.838 [OK] BROAD-PHASE SEPARATED
  Pair (9,10): center_dist=146.570 broad_radius=111.797 [OK] BROAD-PHASE SEPARATED
  Pair (9,11): center_dist=84.729 broad_radius=98.892 min_nn=26.976 hits=0/892 hit_ratio=0.000 avg_depth=0.000 pair_pen=0.000 [OK] NARROW-PHASE CLEAR
  Pair (9,12): center_dist=129.348 broad_radius=94.163 [OK] BROAD-PHASE SEPARATED
  Pair (9,13): center_dist=157.522 broad_radius=83.644 [OK] BROAD-PHASE SEPARATED
  Pair (9,14): center_dist=53.102 broad_radius=83.824 min_nn=9.668 hits=0/892 hit_ratio=0.000 avg_depth=0.000 pair_pen=0.000 [OK] NARROW-PHASE CLEAR
  Pair (9,16): center_dist=225.481 broad_radius=82.672 [OK] BROAD-PHASE SEPARATED
  Pair (9,17): center_dist=234.643 broad_radius=76.014 [OK] BROAD-PHASE SEPARATED
  Pair (9,18): center_dist=140.263 broad_radius=106.258 [OK] BROAD-PHASE SEPARATED
  Pair (9,19): center_dist=235.861 broad_radius=69.672 [OK] BROAD-PHASE SEPARATED
  Pair (9,20): center_dist=217.296 broad_radius=69.958 [OK] BROAD-PHASE SEPARATED
  Pair (9,21): center_dist=109.523 broad_radius=84.775 [OK] BROAD-PHASE SEPARATED
  Pair (9,22): center_dist=232.848 broad_radius=77.311 [OK] BROAD-PHASE SEPARATED
  Pair (9,23): center_dist=216.249 broad_radius=64.083 [OK] BROAD-PHASE SEPARATED
  Pair (9,24): center_dist=154.222 broad_radius=72.817 [OK] BROAD-PHASE SEPARATED
  Pair (9,25): center_dist=161.549 broad_radius=68.864 [OK] BROAD-PHASE SEPARATED
  Pair (9,26): center_dist=160.076 broad_radius=75.205 [OK] BROAD-PHASE SEPARATED
  Pair (9,27): center_dist=164.325 broad_radius=63.308 [OK] BROAD-PHASE SEPARATED
  Pair (9,29): center_dist=131.446 broad_radius=59.115 [OK] BROAD-PHASE SEPARATED
  Pair (9,30): center_dist=176.482 broad_radius=57.717 [OK] BROAD-PHASE SEPARATED
  Pair (10,11): center_dist=79.718 broad_radius=117.167 min_nn=3.675 hits=0/817 hit_ratio=0.000 avg_depth=0.000 pair_pen=0.000 [OK] NARROW-PHASE CLEAR
  Pair (10,12): center_dist=89.036 broad_radius=112.437 min_nn=26.699 hits=0/817 hit_ratio=0.000 avg_depth=0.000 pair_pen=0.000 [OK] NARROW-PHASE CLEAR
  Pair (10,13): center_dist=155.352 broad_radius=101.918 [OK] BROAD-PHASE SEPARATED
  Pair (10,14): center_dist=135.119 broad_radius=102.098 [OK] BROAD-PHASE SEPARATED
  Pair (10,15): center_dist=160.945 broad_radius=107.905 [OK] BROAD-PHASE SEPARATED
  Pair (10,16): center_dist=164.576 broad_radius=100.947 [OK] BROAD-PHASE SEPARATED
  Pair (10,17): center_dist=140.707 broad_radius=94.288 [OK] BROAD-PHASE SEPARATED
  Pair (10,19): center_dist=111.880 broad_radius=87.946 [OK] BROAD-PHASE SEPARATED
  Pair (10,20): center_dist=162.292 broad_radius=88.233 [OK] BROAD-PHASE SEPARATED
  Pair (10,21): center_dist=91.966 broad_radius=103.050 min_nn=41.956 hits=0/817 hit_ratio=0.000 avg_depth=0.000 pair_pen=0.000 [OK] NARROW-PHASE CLEAR
  Pair (10,22): center_dist=131.599 broad_radius=95.585 [OK] BROAD-PHASE SEPARATED
  Pair (10,23): center_dist=131.251 broad_radius=82.358 [OK] BROAD-PHASE SEPARATED
  Pair (10,24): center_dist=128.845 broad_radius=91.092 [OK] BROAD-PHASE SEPARATED
  Pair (10,25): center_dist=160.031 broad_radius=87.138 [OK] BROAD-PHASE SEPARATED
  Pair (10,26): center_dist=68.948 broad_radius=93.479 min_nn=30.183 hits=0/817 hit_ratio=0.000 avg_depth=0.000 pair_pen=0.000 [OK] NARROW-PHASE CLEAR
  Pair (10,27): center_dist=97.046 broad_radius=81.582 [OK] BROAD-PHASE SEPARATED
  Pair (10,28): center_dist=98.506 broad_radius=78.712 [OK] BROAD-PHASE SEPARATED
  Pair (10,29): center_dist=141.313 broad_radius=77.389 [OK] BROAD-PHASE SEPARATED
  Pair (10,30): center_dist=120.816 broad_radius=75.991 [OK] BROAD-PHASE SEPARATED
  Pair (11,12): center_dist=88.952 broad_radius=99.532 min_nn=21.921 hits=0/748 hit_ratio=0.000 avg_depth=0.000 pair_pen=0.000 [OK] NARROW-PHASE CLEAR
  Pair (11,13): center_dist=173.909 broad_radius=89.013 [OK] BROAD-PHASE SEPARATED
  Pair (11,14): center_dist=57.296 broad_radius=89.193 min_nn=17.575 hits=0/748 hit_ratio=0.000 avg_depth=0.000 pair_pen=0.000 [OK] NARROW-PHASE CLEAR
  Pair (11,15): center_dist=105.168 broad_radius=95.000 [OK] BROAD-PHASE SEPARATED
  Pair (11,16): center_dist=212.207 broad_radius=88.042 [OK] BROAD-PHASE SEPARATED
  Pair (11,17): center_dist=203.142 broad_radius=81.383 [OK] BROAD-PHASE SEPARATED
  Pair (11,18): center_dist=87.517 broad_radius=111.628 min_nn=6.725 hits=0/748 hit_ratio=0.000 avg_depth=0.000 pair_pen=0.000 [OK] NARROW-PHASE CLEAR
  Pair (11,19): center_dist=186.408 broad_radius=75.041 [OK] BROAD-PHASE SEPARATED
  Pair (11,20): center_dist=209.558 broad_radius=75.328 [OK] BROAD-PHASE SEPARATED
  Pair (11,22): center_dist=191.296 broad_radius=82.680 [OK] BROAD-PHASE SEPARATED
  Pair (11,23): center_dist=180.155 broad_radius=69.453 [OK] BROAD-PHASE SEPARATED
  Pair (11,24): center_dist=139.441 broad_radius=78.187 [OK] BROAD-PHASE SEPARATED
  Pair (11,25): center_dist=171.843 broad_radius=74.233 [OK] BROAD-PHASE SEPARATED
  Pair (11,26): center_dist=101.560 broad_radius=80.574 [OK] BROAD-PHASE SEPARATED
  Pair (11,27): center_dist=120.331 broad_radius=68.677 [OK] BROAD-PHASE SEPARATED
  Pair (11,29): center_dist=147.541 broad_radius=64.484 [OK] BROAD-PHASE SEPARATED
  Pair (11,30): center_dist=144.379 broad_radius=63.086 [OK] BROAD-PHASE SEPARATED
  Pair (12,13): center_dist=141.473 broad_radius=84.284 [OK] BROAD-PHASE SEPARATED
  Pair (12,14): center_dist=128.114 broad_radius=84.464 [OK] BROAD-PHASE SEPARATED
  Pair (12,15): center_dist=104.272 broad_radius=90.270 [OK] BROAD-PHASE SEPARATED
  Pair (12,16): center_dist=153.444 broad_radius=83.312 [OK] BROAD-PHASE SEPARATED
  Pair (12,17): center_dist=148.556 broad_radius=76.654 [OK] BROAD-PHASE SEPARATED
  Pair (12,18): center_dist=113.028 broad_radius=106.898 [OK] BROAD-PHASE SEPARATED
  Pair (12,19): center_dist=144.939 broad_radius=70.312 [OK] BROAD-PHASE SEPARATED
  Pair (12,20): center_dist=165.800 broad_radius=70.598 [OK] BROAD-PHASE SEPARATED
  Pair (12,21): center_dist=45.535 broad_radius=85.415 min_nn=3.903 hits=0/783 hit_ratio=0.000 avg_depth=0.000 pair_pen=0.000 [OK] NARROW-PHASE CLEAR
  Pair (12,22): center_dist=124.561 broad_radius=77.951 [OK] BROAD-PHASE SEPARATED
  Pair (12,23): center_dist=104.954 broad_radius=64.723 [OK] BROAD-PHASE SEPARATED
  Pair (12,25): center_dist=112.312 broad_radius=69.503 [OK] BROAD-PHASE SEPARATED
  Pair (12,27): center_dist=36.817 broad_radius=63.948 min_nn=1.684 hits=0/783 hit_ratio=0.000 avg_depth=0.000 pair_pen=0.000 [OK] NARROW-PHASE CLEAR
  Pair (12,28): center_dist=111.927 broad_radius=61.078 [OK] BROAD-PHASE SEPARATED
  Pair (12,29): center_dist=106.836 broad_radius=59.755 [OK] BROAD-PHASE SEPARATED
  Pair (12,30): center_dist=57.456 broad_radius=58.357 min_nn=15.185 hits=0/783 hit_ratio=0.000 avg_depth=0.000 pair_pen=0.000 [OK] NARROW-PHASE CLEAR
  Pair (13,14): center_dist=194.744 broad_radius=73.945 [OK] BROAD-PHASE SEPARATED
  Pair (13,15): center_dist=158.726 broad_radius=79.751 [OK] BROAD-PHASE SEPARATED
  Pair (13,16): center_dist=89.107 broad_radius=72.793 [OK] BROAD-PHASE SEPARATED
  Pair (13,17): center_dist=121.524 broad_radius=66.135 [OK] BROAD-PHASE SEPARATED
  Pair (13,18): center_dist=145.253 broad_radius=96.379 [OK] BROAD-PHASE SEPARATED
  Pair (13,19): center_dist=155.780 broad_radius=59.793 [OK] BROAD-PHASE SEPARATED
  Pair (13,20): center_dist=73.026 broad_radius=60.079 [OK] BROAD-PHASE SEPARATED
  Pair (13,21): center_dist=171.136 broad_radius=74.896 [OK] BROAD-PHASE SEPARATED
  Pair (13,22): center_dist=145.384 broad_radius=67.432 [OK] BROAD-PHASE SEPARATED
  Pair (13,23): center_dist=134.232 broad_radius=54.204 [OK] BROAD-PHASE SEPARATED
  Pair (13,24): center_dist=110.630 broad_radius=62.938 [OK] BROAD-PHASE SEPARATED
  Pair (13,25): center_dist=62.148 broad_radius=58.984 [OK] BROAD-PHASE SEPARATED
  Pair (13,26): center_dist=155.845 broad_radius=65.326 [OK] BROAD-PHASE SEPARATED
  Pair (13,27): center_dist=145.457 broad_radius=53.429 [OK] BROAD-PHASE SEPARATED
  Pair (13,28): center_dist=153.712 broad_radius=50.559 [OK] BROAD-PHASE SEPARATED
  Pair (13,30): center_dist=134.740 broad_radius=47.838 [OK] BROAD-PHASE SEPARATED
  Pair (14,15): center_dist=88.194 broad_radius=79.931 [OK] BROAD-PHASE SEPARATED
  Pair (14,16): center_dist=249.861 broad_radius=72.973 [OK] BROAD-PHASE SEPARATED
  Pair (14,17): center_dist=249.239 broad_radius=66.315 [OK] BROAD-PHASE SEPARATED
  Pair (14,18): center_dist=135.253 broad_radius=96.559 [OK] BROAD-PHASE SEPARATED
  Pair (14,19): center_dist=239.149 broad_radius=59.972 [OK] BROAD-PHASE SEPARATED
  Pair (14,20): center_dist=244.646 broad_radius=60.259 [OK] BROAD-PHASE SEPARATED
  Pair (14,21): center_dist=92.564 broad_radius=75.076 [OK] BROAD-PHASE SEPARATED
  Pair (14,22): center_dist=240.270 broad_radius=67.612 [OK] BROAD-PHASE SEPARATED
  Pair (14,23): center_dist=225.667 broad_radius=54.384 [OK] BROAD-PHASE SEPARATED
  Pair (14,24): center_dist=170.293 broad_radius=63.118 [OK] BROAD-PHASE SEPARATED
  Pair (14,25): center_dist=193.869 broad_radius=59.164 [OK] BROAD-PHASE SEPARATED
  Pair (14,26): center_dist=152.128 broad_radius=65.506 [OK] BROAD-PHASE SEPARATED
  Pair (14,27): center_dist=163.991 broad_radius=53.609 [OK] BROAD-PHASE SEPARATED
  Pair (14,28): center_dist=52.776 broad_radius=50.738 [OK] BROAD-PHASE SEPARATED
  Pair (14,29): center_dist=166.691 broad_radius=49.415 [OK] BROAD-PHASE SEPARATED
  Pair (14,30): center_dist=183.659 broad_radius=48.018 [OK] BROAD-PHASE SEPARATED
  Pair (15,16): center_dist=214.628 broad_radius=78.780 [OK] BROAD-PHASE SEPARATED
  Pair (15,17): center_dist=228.334 broad_radius=72.122 [OK] BROAD-PHASE SEPARATED
  Pair (15,18): center_dist=167.386 broad_radius=102.366 [OK] BROAD-PHASE SEPARATED
  Pair (15,19): center_dist=236.038 broad_radius=65.779 [OK] BROAD-PHASE SEPARATED
  Pair (15,20): center_dist=217.301 broad_radius=66.066 [OK] BROAD-PHASE SEPARATED
  Pair (15,21): center_dist=92.075 broad_radius=80.883 [OK] BROAD-PHASE SEPARATED
  Pair (15,22): center_dist=217.141 broad_radius=73.418 [OK] BROAD-PHASE SEPARATED
  Pair (15,23): center_dist=194.281 broad_radius=60.191 [OK] BROAD-PHASE SEPARATED
  Pair (15,24): center_dist=119.598 broad_radius=68.925 [OK] BROAD-PHASE SEPARATED
  Pair (15,25): center_dist=137.173 broad_radius=64.971 [OK] BROAD-PHASE SEPARATED
  Pair (15,26): center_dist=144.716 broad_radius=71.312 [OK] BROAD-PHASE SEPARATED
  Pair (15,27): center_dist=137.620 broad_radius=59.415 [OK] BROAD-PHASE SEPARATED
  Pair (15,28): center_dist=100.346 broad_radius=56.545 [OK] BROAD-PHASE SEPARATED
  Pair (15,29): center_dist=120.318 broad_radius=55.222 [OK] BROAD-PHASE SEPARATED
  Pair (15,30): center_dist=144.144 broad_radius=53.824 [OK] BROAD-PHASE SEPARATED
  Pair (16,18): center_dist=166.039 broad_radius=95.408 [OK] BROAD-PHASE SEPARATED
  Pair (16,19): center_dist=104.036 broad_radius=58.821 [OK] BROAD-PHASE SEPARATED
  Pair (16,20): center_dist=38.805 broad_radius=59.108 min_nn=17.423 hits=0/375 hit_ratio=0.000 avg_depth=0.000 pair_pen=0.000 [OK] NARROW-PHASE CLEAR
  Pair (16,21): center_dist=195.220 broad_radius=73.925 [OK] BROAD-PHASE SEPARATED
  Pair (16,22): center_dist=81.285 broad_radius=66.460 [OK] BROAD-PHASE SEPARATED
  Pair (16,23): center_dist=80.241 broad_radius=53.233 [OK] BROAD-PHASE SEPARATED
  Pair (16,24): center_dist=114.116 broad_radius=61.967 [OK] BROAD-PHASE SEPARATED
  Pair (16,25): center_dist=89.288 broad_radius=58.013 [OK] BROAD-PHASE SEPARATED
  Pair (16,26): center_dist=148.793 broad_radius=64.354 [OK] BROAD-PHASE SEPARATED
  Pair (16,27): center_dist=135.196 broad_radius=52.457 [OK] BROAD-PHASE SEPARATED
  Pair (16,28): center_dist=208.615 broad_radius=49.587 [OK] BROAD-PHASE SEPARATED
  Pair (16,29): center_dist=103.268 broad_radius=48.264 [OK] BROAD-PHASE SEPARATED
  Pair (16,30): center_dist=117.340 broad_radius=46.866 [OK] BROAD-PHASE SEPARATED
  Pair (17,18): center_dist=145.824 broad_radius=88.749 [OK] BROAD-PHASE SEPARATED
  Pair (17,19): center_dist=55.524 broad_radius=52.163 [OK] BROAD-PHASE SEPARATED
  Pair (17,21): center_dist=188.112 broad_radius=67.266 [OK] BROAD-PHASE SEPARATED
  Pair (17,23): center_dist=65.520 broad_radius=46.574 [OK] BROAD-PHASE SEPARATED
  Pair (17,24): center_dist=125.336 broad_radius=55.308 [OK] BROAD-PHASE SEPARATED
  Pair (17,25): center_dist=123.274 broad_radius=51.354 [OK] BROAD-PHASE SEPARATED
  Pair (17,26): center_dist=130.236 broad_radius=57.696 [OK] BROAD-PHASE SEPARATED
  Pair (17,27): center_dist=125.208 broad_radius=45.799 [OK] BROAD-PHASE SEPARATED
  Pair (17,28): center_dist=206.748 broad_radius=42.929 [OK] BROAD-PHASE SEPARATED
  Pair (17,29): center_dist=130.901 broad_radius=41.606 [OK] BROAD-PHASE SEPARATED
  Pair (17,30): center_dist=115.469 broad_radius=40.208 [OK] BROAD-PHASE SEPARATED
  Pair (18,19): center_dist=121.162 broad_radius=82.407 [OK] BROAD-PHASE SEPARATED
  Pair (18,20): center_dist=155.306 broad_radius=82.694 [OK] BROAD-PHASE SEPARATED
  Pair (18,21): center_dist=114.757 broad_radius=97.511 [OK] BROAD-PHASE SEPARATED
  Pair (18,22): center_dist=148.467 broad_radius=90.046 [OK] BROAD-PHASE SEPARATED
  Pair (18,23): center_dist=149.919 broad_radius=76.819 [OK] BROAD-PHASE SEPARATED
  Pair (18,24): center_dist=145.529 broad_radius=85.553 [OK] BROAD-PHASE SEPARATED
  Pair (18,25): center_dist=163.637 broad_radius=81.599 [OK] BROAD-PHASE SEPARATED
  Pair (18,26): center_dist=100.432 broad_radius=87.940 [OK] BROAD-PHASE SEPARATED
  Pair (18,27): center_dist=124.268 broad_radius=76.043 [OK] BROAD-PHASE SEPARATED
  Pair (18,28): center_dist=89.681 broad_radius=73.173 [OK] BROAD-PHASE SEPARATED
  Pair (18,29): center_dist=138.863 broad_radius=71.850 [OK] BROAD-PHASE SEPARATED
  Pair (18,30): center_dist=144.014 broad_radius=70.452 [OK] BROAD-PHASE SEPARATED
  Pair (19,20): center_dist=111.313 broad_radius=46.107 [OK] BROAD-PHASE SEPARATED
  Pair (19,21): center_dist=176.697 broad_radius=60.924 [OK] BROAD-PHASE SEPARATED
  Pair (19,22): center_dist=58.414 broad_radius=53.460 [OK] BROAD-PHASE SEPARATED
  Pair (19,23): center_dist=82.924 broad_radius=40.232 [OK] BROAD-PHASE SEPARATED
  Pair (19,24): center_dist=143.716 broad_radius=48.966 [OK] BROAD-PHASE SEPARATED
  Pair (19,25): center_dist=159.515 broad_radius=45.012 [OK] BROAD-PHASE SEPARATED
  Pair (19,26): center_dist=113.815 broad_radius=51.354 [OK] BROAD-PHASE SEPARATED
  Pair (19,27): center_dist=122.122 broad_radius=39.457 [OK] BROAD-PHASE SEPARATED
  Pair (19,28): center_dist=197.471 broad_radius=36.586 [OK] BROAD-PHASE SEPARATED
  Pair (19,29): center_dist=159.479 broad_radius=35.263 [OK] BROAD-PHASE SEPARATED
  Pair (19,30): center_dist=125.150 broad_radius=33.866 [OK] BROAD-PHASE SEPARATED
  Pair (20,21): center_dist=202.890 broad_radius=61.211 [OK] BROAD-PHASE SEPARATED
  Pair (20,22): center_dist=107.500 broad_radius=53.746 [OK] BROAD-PHASE SEPARATED
  Pair (20,23): center_dist=109.833 broad_radius=40.519 [OK] BROAD-PHASE SEPARATED
  Pair (20,24): center_dist=133.481 broad_radius=49.253 [OK] BROAD-PHASE SEPARATED
  Pair (20,25): center_dist=99.976 broad_radius=45.299 [OK] BROAD-PHASE SEPARATED
  Pair (20,26): center_dist=162.279 broad_radius=51.640 [OK] BROAD-PHASE SEPARATED
  Pair (20,27): center_dist=154.157 broad_radius=39.743 [OK] BROAD-PHASE SEPARATED
  Pair (20,28): center_dist=198.966 broad_radius=36.873 [OK] BROAD-PHASE SEPARATED
  Pair (20,29): center_dist=101.205 broad_radius=35.550 [OK] BROAD-PHASE SEPARATED
  Pair (20,30): center_dist=141.292 broad_radius=34.152 [OK] BROAD-PHASE SEPARATED
  Pair (21,22): center_dist=165.386 broad_radius=68.563 [OK] BROAD-PHASE SEPARATED
  Pair (21,23): center_dist=148.561 broad_radius=55.336 [OK] BROAD-PHASE SEPARATED
  Pair (21,24): center_dist=101.295 broad_radius=64.070 [OK] BROAD-PHASE SEPARATED
  Pair (21,25): center_dist=149.132 broad_radius=60.116 [OK] BROAD-PHASE SEPARATED
  Pair (21,26): center_dist=68.750 broad_radius=66.457 [OK] BROAD-PHASE SEPARATED
  Pair (21,27): center_dist=78.153 broad_radius=54.560 [OK] BROAD-PHASE SEPARATED
  Pair (21,28): center_dist=90.942 broad_radius=51.690 [OK] BROAD-PHASE SEPARATED
  Pair (21,29): center_dist=136.271 broad_radius=50.367 [OK] BROAD-PHASE SEPARATED
  Pair (21,30): center_dist=102.015 broad_radius=48.969 [OK] BROAD-PHASE SEPARATED
  Pair (22,24): center_dist=106.450 broad_radius=56.605 [OK] BROAD-PHASE SEPARATED
  Pair (22,25): center_dist=127.595 broad_radius=52.651 [OK] BROAD-PHASE SEPARATED
  Pair (22,26): center_dist=101.022 broad_radius=58.993 [OK] BROAD-PHASE SEPARATED
  Pair (22,27): center_dist=93.348 broad_radius=47.096 [OK] BROAD-PHASE SEPARATED
  Pair (22,28): center_dist=204.952 broad_radius=44.226 [OK] BROAD-PHASE SEPARATED
  Pair (22,29): center_dist=140.082 broad_radius=42.903 [OK] BROAD-PHASE SEPARATED
  Pair (22,30): center_dist=84.425 broad_radius=41.505 [OK] BROAD-PHASE SEPARATED
  Pair (23,24): center_dist=79.368 broad_radius=43.378 [OK] BROAD-PHASE SEPARATED
  Pair (23,25): center_dist=105.776 broad_radius=39.424 [OK] BROAD-PHASE SEPARATED
  Pair (23,26): center_dist=89.382 broad_radius=45.765 [OK] BROAD-PHASE SEPARATED
  Pair (23,27): center_dist=73.253 broad_radius=33.868 [OK] BROAD-PHASE SEPARATED
  Pair (23,28): center_dist=193.892 broad_radius=30.998 [OK] BROAD-PHASE SEPARATED
  Pair (23,29): center_dist=121.908 broad_radius=29.675 [OK] BROAD-PHASE SEPARATED
  Pair (23,30): center_dist=57.882 broad_radius=28.277 [OK] BROAD-PHASE SEPARATED
  Pair (24,25): center_dist=62.947 broad_radius=48.158 [OK] BROAD-PHASE SEPARATED
  Pair (24,26): center_dist=81.327 broad_radius=54.499 [OK] BROAD-PHASE SEPARATED
  Pair (24,27): center_dist=53.529 broad_radius=42.602 [OK] BROAD-PHASE SEPARATED
  Pair (24,28): center_dist=148.637 broad_radius=39.732 [OK] BROAD-PHASE SEPARATED
  Pair (24,29): center_dist=75.505 broad_radius=38.409 [OK] BROAD-PHASE SEPARATED
  Pair (25,26): center_dist=133.354 broad_radius=50.545 [OK] BROAD-PHASE SEPARATED
  Pair (25,27): center_dist=111.529 broad_radius=38.648 [OK] BROAD-PHASE SEPARATED
  Pair (25,28): center_dist=164.182 broad_radius=35.778 [OK] BROAD-PHASE SEPARATED
  Pair (25,29): center_dist=37.466 broad_radius=34.455 [OK] BROAD-PHASE SEPARATED
  Pair (25,30): center_dist=92.199 broad_radius=33.057 [OK] BROAD-PHASE SEPARATED
  Pair (26,27): center_dist=32.820 broad_radius=44.990 min_nn=14.195 hits=0/94 hit_ratio=0.000 avg_depth=0.000 pair_pen=0.000 [OK] NARROW-PHASE CLEAR
  Pair (26,28): center_dist=129.785 broad_radius=42.120 [OK] BROAD-PHASE SEPARATED
  Pair (26,29): center_dist=129.568 broad_radius=40.797 [OK] BROAD-PHASE SEPARATED
  Pair (26,30): center_dist=61.766 broad_radius=39.399 [OK] BROAD-PHASE SEPARATED
  Pair (27,28): center_dist=143.764 broad_radius=30.223 [OK] BROAD-PHASE SEPARATED
  Pair (27,29): center_dist=115.477 broad_radius=28.900 [OK] BROAD-PHASE SEPARATED
  Pair (28,29): center_dist=132.939 broad_radius=26.029 [OK] BROAD-PHASE SEPARATED
  Pair (28,30): center_dist=162.089 broad_radius=24.632 [OK] BROAD-PHASE SEPARATED
  Pair (29,30): center_dist=105.218 broad_radius=23.309 [OK] BROAD-PHASE SEPARATED
  No active cloud collisions detected.

=== CONSENSUS SUPPORT DIAGNOSTICS [GROUND TRUTH] ===
  Active Spanning Tree Component: 31 shards.
  Shard 1 (Root Shard):
    Alternative Pair with Shard 4 (ACTIVE IN TREE) [SKIPPED]
    Alternative Pair with Shard 6 (ACTIVE IN TREE) [SKIPPED]
    Alternative Pair with Shard 19 (ACTIVE IN TREE) [SKIPPED]
    Alternative Pair with Shard 2 (NOT ACTIVE IN TREE):
      Candidate choice=1 inlier=40 | RotErr = 0.3867 rad (22.1551 deg) | TransErr = 9.37 mm [FAILS]
      Candidate choice=2 inlier=22 | RotErr = 1.3539 rad (77.5731 deg) | TransErr = 6.23 mm [FAILS]
      Candidate choice=3 inlier=74 | RotErr = 0.5266 rad (30.1742 deg) | TransErr = 13.00 mm [FAILS]
      Candidate choice=4 inlier=84 | RotErr = 0.1039 rad (5.9528 deg) | TransErr = 2.91 mm [PASSES] -> Reward: +20.00
      Candidate choice=5 inlier=36 | RotErr = 0.9401 rad (53.8633 deg) | TransErr = 7.31 mm [FAILS]
    Alternative Pair with Shard 20 (NOT ACTIVE IN TREE):
      Candidate choice=1 inlier=28 | RotErr = 2.1048 rad (120.5955 deg) | TransErr = 49.87 mm [FAILS]
      Candidate choice=2 inlier=32 | RotErr = 1.8990 rad (108.8067 deg) | TransErr = 54.46 mm [FAILS]
      Candidate choice=3 inlier=16 | RotErr = 1.5677 rad (89.8251 deg) | TransErr = 64.36 mm [FAILS]
      Candidate choice=4 inlier=26 | RotErr = 1.7258 rad (98.8805 deg) | TransErr = 40.42 mm [FAILS]
      Candidate choice=5 inlier=42 | RotErr = 2.8668 rad (164.2555 deg) | TransErr = 47.88 mm [FAILS]
    Alternative Pair with Shard 8 (NOT ACTIVE IN TREE):
      Candidate choice=1 inlier=55 | RotErr = 0.7258 rad (41.5852 deg) | TransErr = 11.05 mm [FAILS]
      Candidate choice=2 inlier=38 | RotErr = 0.5694 rad (32.6223 deg) | TransErr = 146.50 mm [FAILS]
      Candidate choice=3 inlier=38 | RotErr = 1.2307 rad (70.5124 deg) | TransErr = 155.56 mm [FAILS]
      Candidate choice=4 inlier=28 | RotErr = 1.7255 rad (98.8643 deg) | TransErr = 156.68 mm [FAILS]
      Candidate choice=5 inlier=40 | RotErr = 2.6731 rad (153.1598 deg) | TransErr = 24.34 mm [FAILS]
    Alternative Pair with Shard 11 (NOT ACTIVE IN TREE):
      Candidate choice=1 inlier=38 | RotErr = 3.0045 rad (172.1425 deg) | TransErr = 60.90 mm [FAILS]
      Candidate choice=2 inlier=44 | RotErr = 3.0528 rad (174.9118 deg) | TransErr = 68.73 mm [FAILS]
      Candidate choice=3 inlier=42 | RotErr = 0.3689 rad (21.1339 deg) | TransErr = 15.03 mm [FAILS]
    Alternative Pair with Shard 14 (NOT ACTIVE IN TREE):
      Candidate choice=1 inlier=36 | RotErr = 0.1344 rad (7.7022 deg) | TransErr = 7.60 mm [PASSES] -> Reward: +20.00
      Candidate choice=2 inlier=30 | RotErr = 2.8393 rad (162.6807 deg) | TransErr = 62.46 mm [FAILS]
      Candidate choice=3 inlier=70 | RotErr = 1.2139 rad (69.5509 deg) | TransErr = 11.99 mm [FAILS]
      Candidate choice=4 inlier=36 | RotErr = 1.8578 rad (106.4462 deg) | TransErr = 16.67 mm [FAILS]
      Candidate choice=5 inlier=36 | RotErr = 2.9315 rad (167.9650 deg) | TransErr = 62.61 mm [FAILS]
    Alternative Pair with Shard 21 (NOT ACTIVE IN TREE):
      Candidate choice=1 inlier=34 | RotErr = 1.3846 rad (79.3346 deg) | TransErr = 43.45 mm [FAILS]
      Candidate choice=2 inlier=47 | RotErr = 2.3567 rad (135.0304 deg) | TransErr = 61.80 mm [FAILS]
      Candidate choice=3 inlier=38 | RotErr = 1.3661 rad (78.2705 deg) | TransErr = 25.50 mm [FAILS]
      Candidate choice=4 inlier=51 | RotErr = 2.9574 rad (169.4447 deg) | TransErr = 51.53 mm [FAILS]
      Candidate choice=5 inlier=45 | RotErr = 1.5190 rad (87.0331 deg) | TransErr = 43.70 mm [FAILS]
    Alternative Pair with Shard 5 (NOT ACTIVE IN TREE):
      Candidate choice=1 inlier=0 | RotErr = 2.4314 rad (139.3109 deg) | TransErr = 167.55 mm [FAILS]
      Candidate choice=2 inlier=40 | RotErr = 2.6339 rad (150.9118 deg) | TransErr = 13.31 mm [FAILS]
    Alternative Pair with Shard 10 (NOT ACTIVE IN TREE):
      Candidate choice=1 inlier=36 | RotErr = 1.0087 rad (57.7961 deg) | TransErr = 147.37 mm [FAILS]
      Candidate choice=2 inlier=0 | RotErr = 2.8468 rad (163.1118 deg) | TransErr = 70.20 mm [FAILS]
    Alternative Pair with Shard 9 (NOT ACTIVE IN TREE):
      Candidate choice=1 inlier=44 | RotErr = 2.0676 rad (118.4628 deg) | TransErr = 13.76 mm [FAILS]
      Candidate choice=2 inlier=63 | RotErr = 1.1045 rad (63.2850 deg) | TransErr = 26.97 mm [FAILS]
      Candidate choice=3 inlier=42 | RotErr = 0.5917 rad (33.9028 deg) | TransErr = 16.29 mm [FAILS]
      Candidate choice=4 inlier=48 | RotErr = 0.9238 rad (52.9294 deg) | TransErr = 10.65 mm [FAILS]
    Alternative Pair with Shard 30 (NOT ACTIVE IN TREE):
      Candidate choice=1 inlier=36 | RotErr = 3.0127 rad (172.6139 deg) | TransErr = 62.81 mm [FAILS]
      Candidate choice=2 inlier=30 | RotErr = 1.6885 rad (96.7454 deg) | TransErr = 22.94 mm [FAILS]
      Candidate choice=3 inlier=41 | RotErr = 2.9430 rad (168.6236 deg) | TransErr = 65.73 mm [FAILS]
    Alternative Pair with Shard 18 (NOT ACTIVE IN TREE):
      Candidate choice=1 inlier=8 | RotErr = 2.6784 rad (153.4608 deg) | TransErr = 118.19 mm [FAILS]
    Alternative Pair with Shard 25 (NOT ACTIVE IN TREE):
      [No match candidates found]
    Alternative Pair with Shard 16 (NOT ACTIVE IN TREE):
      Candidate choice=1 inlier=0 | RotErr = 1.3143 rad (75.3064 deg) | TransErr = 182.54 mm [FAILS]
      Candidate choice=2 inlier=0 | RotErr = 1.7778 rad (101.8578 deg) | TransErr = 120.70 mm [FAILS]
      Candidate choice=3 inlier=38 | RotErr = 3.0601 rad (175.3299 deg) | TransErr = 82.81 mm [FAILS]
    Alternative Pair with Shard 29 (NOT ACTIVE IN TREE):
      Candidate choice=1 inlier=45 | RotErr = 3.0886 rad (176.9662 deg) | TransErr = 97.24 mm [FAILS]
      Candidate choice=2 inlier=39 | RotErr = 0.4908 rad (28.1205 deg) | TransErr = 152.72 mm [FAILS]
    Alternative Pair with Shard 17 (NOT ACTIVE IN TREE):
      Candidate choice=1 inlier=34 | RotErr = 2.2939 rad (131.4309 deg) | TransErr = 48.87 mm [FAILS]
      Candidate choice=2 inlier=0 | RotErr = 2.4574 rad (140.7988 deg) | TransErr = 35.93 mm [FAILS]
      Candidate choice=3 inlier=0 | RotErr = 2.6244 rad (150.3684 deg) | TransErr = 26.14 mm [FAILS]
    Alternative Pair with Shard 23 (NOT ACTIVE IN TREE):
      [No match candidates found]
    Alternative Pair with Shard 13 (NOT ACTIVE IN TREE):
      Candidate choice=1 inlier=30 | RotErr = 3.1119 rad (178.2998 deg) | TransErr = 51.15 mm [FAILS]
      Candidate choice=2 inlier=34 | RotErr = 1.7644 rad (101.0909 deg) | TransErr = 23.30 mm [FAILS]
    Alternative Pair with Shard 31 (NOT ACTIVE IN TREE):
      Candidate choice=1 inlier=26 | RotErr = 2.7246 rad (156.1067 deg) | TransErr = 80.13 mm [FAILS]
    Alternative Pair with Shard 12 (NOT ACTIVE IN TREE):
      Candidate choice=1 inlier=26 | RotErr = 3.0168 rad (172.8492 deg) | TransErr = 28.88 mm [FAILS]
    Alternative Pair with Shard 3 (NOT ACTIVE IN TREE):
      Candidate choice=1 inlier=32 | RotErr = 3.1322 rad (179.4631 deg) | TransErr = 50.89 mm [FAILS]
      Candidate choice=2 inlier=42 | RotErr = 2.3920 rad (137.0495 deg) | TransErr = 51.16 mm [FAILS]
      Candidate choice=3 inlier=50 | RotErr = 2.7269 rad (156.2399 deg) | TransErr = 31.18 mm [FAILS]
    Alternative Pair with Shard 24 (NOT ACTIVE IN TREE):
      Candidate choice=1 inlier=55 | RotErr = 2.8554 rad (163.6025 deg) | TransErr = 14.09 mm [FAILS]
      Candidate choice=2 inlier=30 | RotErr = 2.6725 rad (153.1218 deg) | TransErr = 4.13 mm [FAILS]
      Candidate choice=3 inlier=38 | RotErr = 2.6963 rad (154.4842 deg) | TransErr = 10.50 mm [FAILS]
    Alternative Pair with Shard 27 (NOT ACTIVE IN TREE):
      Candidate choice=1 inlier=14 | RotErr = 1.1325 rad (64.8856 deg) | TransErr = 25.55 mm [FAILS]
    Alternative Pair with Shard 28 (NOT ACTIVE IN TREE):
      Candidate choice=1 inlier=26 | RotErr = 2.7342 rad (156.6572 deg) | TransErr = 16.57 mm [FAILS]
      Candidate choice=2 inlier=28 | RotErr = 2.0619 rad (118.1396 deg) | TransErr = 13.36 mm [FAILS]
    Alternative Pair with Shard 22 (NOT ACTIVE IN TREE):
      Candidate choice=1 inlier=32 | RotErr = 3.1045 rad (177.8763 deg) | TransErr = 102.38 mm [FAILS]
      Candidate choice=2 inlier=26 | RotErr = 2.0765 rad (118.9761 deg) | TransErr = 19.56 mm [FAILS]
    Alternative Pair with Shard 26 (NOT ACTIVE IN TREE):
      [No match candidates found]
    Alternative Pair with Shard 7 (NOT ACTIVE IN TREE):
      Candidate choice=1 inlier=14 | RotErr = 2.7919 rad (159.9622 deg) | TransErr = 63.84 mm [FAILS]
      Candidate choice=2 inlier=0 | RotErr = 3.0049 rad (172.1681 deg) | TransErr = 62.47 mm [FAILS]
    Alternative Pair with Shard 15 (NOT ACTIVE IN TREE):
      Candidate choice=1 inlier=12 | RotErr = 0.1803 rad (10.3283 deg) | TransErr = 76.93 mm [FAILS]
  Shard 4 (placed by parent 1):
    Alternative Pair with Shard 1 (ACTIVE IN TREE) [SKIPPED]
    Alternative Pair with Shard 6 (NOT ACTIVE IN TREE):
      [No match candidates found]
    Alternative Pair with Shard 19 (NOT ACTIVE IN TREE):
      Candidate choice=1 inlier=36 | RotErr = 0.4887 rad (28.0018 deg) | TransErr = 8.42 mm [FAILS]
      Candidate choice=2 inlier=22 | RotErr = 3.0373 rad (174.0240 deg) | TransErr = 28.26 mm [FAILS]
    Alternative Pair with Shard 2 (ACTIVE IN TREE) [SKIPPED]
    Alternative Pair with Shard 20 (ACTIVE IN TREE) [SKIPPED]
    Alternative Pair with Shard 8 (NOT ACTIVE IN TREE):
      Candidate choice=1 inlier=0 | RotErr = 2.9576 rad (169.4581 deg) | TransErr = 46.65 mm [FAILS]
      Candidate choice=2 inlier=22 | RotErr = 3.1009 rad (177.6681 deg) | TransErr = 22.46 mm [FAILS]
    Alternative Pair with Shard 11 (NOT ACTIVE IN TREE):
      Candidate choice=1 inlier=40 | RotErr = 0.9984 rad (57.2037 deg) | TransErr = 16.73 mm [FAILS]
      Candidate choice=2 inlier=30 | RotErr = 3.0046 rad (172.1536 deg) | TransErr = 56.24 mm [FAILS]
    Alternative Pair with Shard 14 (NOT ACTIVE IN TREE):
      Candidate choice=1 inlier=42 | RotErr = 3.0357 rad (173.9340 deg) | TransErr = 54.50 mm [FAILS]
      Candidate choice=2 inlier=28 | RotErr = 3.1112 rad (178.2563 deg) | TransErr = 43.08 mm [FAILS]
    Alternative Pair with Shard 21 (NOT ACTIVE IN TREE):
      Candidate choice=1 inlier=24 | RotErr = 1.6772 rad (96.0990 deg) | TransErr = 1.85 mm [FAILS]
      Candidate choice=2 inlier=24 | RotErr = 0.8475 rad (48.5579 deg) | TransErr = 12.48 mm [FAILS]
      Candidate choice=3 inlier=38 | RotErr = 2.3125 rad (132.4946 deg) | TransErr = 12.16 mm [FAILS]
      Candidate choice=4 inlier=51 | RotErr = 1.6910 rad (96.8878 deg) | TransErr = 31.09 mm [FAILS]
      Candidate choice=5 inlier=24 | RotErr = 3.0328 rad (173.7671 deg) | TransErr = 45.42 mm [FAILS]
    Alternative Pair with Shard 5 (NOT ACTIVE IN TREE):
      [No match candidates found]
    Alternative Pair with Shard 10 (NOT ACTIVE IN TREE):
      Candidate choice=1 inlier=28 | RotErr = 1.7720 rad (101.5254 deg) | TransErr = 133.24 mm [FAILS]
      Candidate choice=2 inlier=16 | RotErr = 3.0060 rad (172.2326 deg) | TransErr = 61.43 mm [FAILS]
      Candidate choice=3 inlier=34 | RotErr = 2.8989 rad (166.0963 deg) | TransErr = 62.24 mm [FAILS]
    Alternative Pair with Shard 9 (NOT ACTIVE IN TREE):
      Candidate choice=1 inlier=101 | RotErr = 0.3370 rad (19.3092 deg) | TransErr = 7.29 mm [FAILS]
      Candidate choice=2 inlier=44 | RotErr = 0.5457 rad (31.2689 deg) | TransErr = 35.21 mm [FAILS]
      Candidate choice=3 inlier=36 | RotErr = 2.7445 rad (157.2493 deg) | TransErr = 52.44 mm [FAILS]
      Candidate choice=4 inlier=44 | RotErr = 3.0369 rad (174.0018 deg) | TransErr = 53.82 mm [FAILS]
      Candidate choice=5 inlier=38 | RotErr = 2.9974 rad (171.7370 deg) | TransErr = 50.04 mm [FAILS]
      Candidate choice=6 inlier=48 | RotErr = 0.6285 rad (36.0112 deg) | TransErr = 27.18 mm [FAILS]
    Alternative Pair with Shard 30 (NOT ACTIVE IN TREE):
      Candidate choice=1 inlier=30 | RotErr = 3.0749 rad (176.1812 deg) | TransErr = 45.27 mm [FAILS]
      Candidate choice=2 inlier=30 | RotErr = 2.9108 rad (166.7752 deg) | TransErr = 46.17 mm [FAILS]
      Candidate choice=3 inlier=36 | RotErr = 2.0992 rad (120.2758 deg) | TransErr = 17.66 mm [FAILS]
      Candidate choice=4 inlier=26 | RotErr = 3.0812 rad (176.5392 deg) | TransErr = 51.07 mm [FAILS]
    Alternative Pair with Shard 18 (NOT ACTIVE IN TREE):
      Candidate choice=1 inlier=10 | RotErr = 2.6962 rad (154.4821 deg) | TransErr = 59.24 mm [FAILS]
      Candidate choice=2 inlier=32 | RotErr = 2.7925 rad (159.9984 deg) | TransErr = 16.20 mm [FAILS]
      Candidate choice=3 inlier=50 | RotErr = 0.1882 rad (10.7810 deg) | TransErr = 7.30 mm [PASSES] -> Reward: +20.00
    Alternative Pair with Shard 25 (NOT ACTIVE IN TREE):
      Candidate choice=1 inlier=32 | RotErr = 2.9557 rad (169.3469 deg) | TransErr = 58.76 mm [FAILS]
    Alternative Pair with Shard 16 (NOT ACTIVE IN TREE):
      Candidate choice=1 inlier=14 | RotErr = 3.0713 rad (175.9740 deg) | TransErr = 57.12 mm [FAILS]
      Candidate choice=2 inlier=0 | RotErr = 1.8558 rad (106.3268 deg) | TransErr = 163.82 mm [FAILS]
    Alternative Pair with Shard 29 (NOT ACTIVE IN TREE):
      [No match candidates found]
    Alternative Pair with Shard 17 (NOT ACTIVE IN TREE):
      Candidate choice=1 inlier=26 | RotErr = 2.1508 rad (123.2315 deg) | TransErr = 36.66 mm [FAILS]
      Candidate choice=2 inlier=26 | RotErr = 2.6664 rad (152.7747 deg) | TransErr = 38.35 mm [FAILS]
      Candidate choice=3 inlier=22 | RotErr = 3.1379 rad (179.7864 deg) | TransErr = 27.11 mm [FAILS]
      Candidate choice=4 inlier=10 | RotErr = 1.9286 rad (110.5012 deg) | TransErr = 25.43 mm [FAILS]
    Alternative Pair with Shard 23 (NOT ACTIVE IN TREE):
      Candidate choice=1 inlier=10 | RotErr = 1.1217 rad (64.2665 deg) | TransErr = 14.96 mm [FAILS]
      Candidate choice=2 inlier=38 | RotErr = 1.4450 rad (82.7942 deg) | TransErr = 8.06 mm [FAILS]
      Candidate choice=3 inlier=30 | RotErr = 1.8234 rad (104.4743 deg) | TransErr = 14.12 mm [FAILS]
    Alternative Pair with Shard 13 (NOT ACTIVE IN TREE):
      [No match candidates found]
    Alternative Pair with Shard 31 (NOT ACTIVE IN TREE):
      Candidate choice=1 inlier=20 | RotErr = 2.5070 rad (143.6420 deg) | TransErr = 29.58 mm [FAILS]
    Alternative Pair with Shard 12 (NOT ACTIVE IN TREE):
      [No match candidates found]
    Alternative Pair with Shard 3 (NOT ACTIVE IN TREE):
      Candidate choice=1 inlier=18 | RotErr = 2.7191 rad (155.7936 deg) | TransErr = 21.48 mm [FAILS]
      Candidate choice=2 inlier=42 | RotErr = 3.1376 rad (179.7712 deg) | TransErr = 41.33 mm [FAILS]
    Alternative Pair with Shard 24 (NOT ACTIVE IN TREE):
      Candidate choice=1 inlier=44 | RotErr = 1.8146 rad (103.9664 deg) | TransErr = 15.30 mm [FAILS]
      Candidate choice=2 inlier=32 | RotErr = 2.2944 rad (131.4589 deg) | TransErr = 8.71 mm [FAILS]
      Candidate choice=3 inlier=38 | RotErr = 3.1245 rad (179.0198 deg) | TransErr = 64.52 mm [FAILS]
    Alternative Pair with Shard 27 (NOT ACTIVE IN TREE):
      Candidate choice=1 inlier=26 | RotErr = 2.7927 rad (160.0076 deg) | TransErr = 65.26 mm [FAILS]
    Alternative Pair with Shard 28 (NOT ACTIVE IN TREE):
      [No match candidates found]
    Alternative Pair with Shard 22 (NOT ACTIVE IN TREE):
      Candidate choice=1 inlier=36 | RotErr = 1.2088 rad (69.2586 deg) | TransErr = 123.28 mm [FAILS]
      Candidate choice=2 inlier=24 | RotErr = 2.9872 rad (171.1538 deg) | TransErr = 92.81 mm [FAILS]
    Alternative Pair with Shard 26 (NOT ACTIVE IN TREE):
      [No match candidates found]
    Alternative Pair with Shard 7 (NOT ACTIVE IN TREE):
      Candidate choice=1 inlier=20 | RotErr = 2.9963 rad (171.6730 deg) | TransErr = 52.58 mm [FAILS]
      Candidate choice=2 inlier=18 | RotErr = 2.3386 rad (133.9926 deg) | TransErr = 146.66 mm [FAILS]
      Candidate choice=3 inlier=28 | RotErr = 2.8235 rad (161.7762 deg) | TransErr = 58.01 mm [FAILS]
      Candidate choice=4 inlier=14 | RotErr = 3.1361 rad (179.6828 deg) | TransErr = 55.63 mm [FAILS]
    Alternative Pair with Shard 15 (NOT ACTIVE IN TREE):
      [No match candidates found]
  Shard 6 (placed by parent 1):
    Alternative Pair with Shard 1 (ACTIVE IN TREE) [SKIPPED]
    Alternative Pair with Shard 4 (NOT ACTIVE IN TREE):
      [No match candidates found]
    Alternative Pair with Shard 19 (NOT ACTIVE IN TREE):
      Candidate choice=1 inlier=0 | RotErr = 2.0231 rad (115.9163 deg) | TransErr = 53.65 mm [FAILS]
      Candidate choice=2 inlier=0 | RotErr = 0.1470 rad (8.4207 deg) | TransErr = 101.34 mm [FAILS]
      Candidate choice=3 inlier=32 | RotErr = 0.9458 rad (54.1916 deg) | TransErr = 119.36 mm [FAILS]
    Alternative Pair with Shard 2 (NOT ACTIVE IN TREE):
      Candidate choice=1 inlier=28 | RotErr = 1.0312 rad (59.0842 deg) | TransErr = 10.91 mm [FAILS]
    Alternative Pair with Shard 20 (NOT ACTIVE IN TREE):
      Candidate choice=1 inlier=30 | RotErr = 2.5313 rad (145.0329 deg) | TransErr = 32.89 mm [FAILS]
      Candidate choice=2 inlier=26 | RotErr = 3.0485 rad (174.6664 deg) | TransErr = 40.82 mm [FAILS]
    Alternative Pair with Shard 8 (ACTIVE IN TREE) [SKIPPED]
    Alternative Pair with Shard 11 (NOT ACTIVE IN TREE):
      Candidate choice=1 inlier=40 | RotErr = 2.2812 rad (130.7015 deg) | TransErr = 78.13 mm [FAILS]
      Candidate choice=2 inlier=0 | RotErr = 2.9870 rad (171.1431 deg) | TransErr = 31.93 mm [FAILS]
      Candidate choice=3 inlier=20 | RotErr = 1.1808 rad (67.6568 deg) | TransErr = 122.31 mm [FAILS]
      Candidate choice=4 inlier=22 | RotErr = 0.6778 rad (38.8361 deg) | TransErr = 24.80 mm [FAILS]
    Alternative Pair with Shard 14 (NOT ACTIVE IN TREE):
      Candidate choice=1 inlier=46 | RotErr = 0.0744 rad (4.2601 deg) | TransErr = 5.87 mm [PASSES] -> Reward: +20.00
    Alternative Pair with Shard 21 (NOT ACTIVE IN TREE):
      Candidate choice=1 inlier=40 | RotErr = 2.3159 rad (132.6905 deg) | TransErr = 43.11 mm [FAILS]
    Alternative Pair with Shard 5 (NOT ACTIVE IN TREE):
      Candidate choice=1 inlier=2 | RotErr = 1.0990 rad (62.9704 deg) | TransErr = 121.17 mm [FAILS]
      Candidate choice=2 inlier=30 | RotErr = 3.1002 rad (177.6267 deg) | TransErr = 187.60 mm [FAILS]
      Candidate choice=3 inlier=0 | RotErr = 3.0609 rad (175.3743 deg) | TransErr = 12.67 mm [FAILS]
      Candidate choice=4 inlier=0 | RotErr = 2.9450 rad (168.7389 deg) | TransErr = 6.77 mm [FAILS]
    Alternative Pair with Shard 10 (NOT ACTIVE IN TREE):
      Candidate choice=1 inlier=26 | RotErr = 3.0941 rad (177.2788 deg) | TransErr = 78.67 mm [FAILS]
      Candidate choice=2 inlier=0 | RotErr = 2.8139 rad (161.2239 deg) | TransErr = 72.24 mm [FAILS]
      Candidate choice=3 inlier=12 | RotErr = 3.0656 rad (175.6458 deg) | TransErr = 209.89 mm [FAILS]
    Alternative Pair with Shard 9 (NOT ACTIVE IN TREE):
      Candidate choice=1 inlier=34 | RotErr = 3.0023 rad (172.0173 deg) | TransErr = 46.43 mm [FAILS]
      Candidate choice=2 inlier=18 | RotErr = 3.0656 rad (175.6451 deg) | TransErr = 36.98 mm [FAILS]
      Candidate choice=3 inlier=30 | RotErr = 3.1082 rad (178.0861 deg) | TransErr = 28.34 mm [FAILS]
    Alternative Pair with Shard 30 (NOT ACTIVE IN TREE):
      Candidate choice=1 inlier=30 | RotErr = 0.8074 rad (46.2596 deg) | TransErr = 17.39 mm [FAILS]
      Candidate choice=2 inlier=24 | RotErr = 2.4321 rad (139.3505 deg) | TransErr = 85.76 mm [FAILS]
      Candidate choice=3 inlier=28 | RotErr = 2.9260 rad (167.6498 deg) | TransErr = 82.99 mm [FAILS]
    Alternative Pair with Shard 18 (NOT ACTIVE IN TREE):
      [No match candidates found]
    Alternative Pair with Shard 25 (NOT ACTIVE IN TREE):
      Candidate choice=1 inlier=26 | RotErr = 1.0707 rad (61.3442 deg) | TransErr = 21.80 mm [FAILS]
    Alternative Pair with Shard 16 (NOT ACTIVE IN TREE):
      Candidate choice=1 inlier=34 | RotErr = 2.8926 rad (165.7327 deg) | TransErr = 92.74 mm [FAILS]
      Candidate choice=2 inlier=22 | RotErr = 2.9091 rad (166.6813 deg) | TransErr = 176.65 mm [FAILS]
    Alternative Pair with Shard 29 (NOT ACTIVE IN TREE):
      Candidate choice=1 inlier=30 | RotErr = 2.8145 rad (161.2612 deg) | TransErr = 89.37 mm [FAILS]
      Candidate choice=2 inlier=22 | RotErr = 3.0499 rad (174.7461 deg) | TransErr = 188.82 mm [FAILS]
      Candidate choice=3 inlier=32 | RotErr = 0.3450 rad (19.7696 deg) | TransErr = 24.33 mm [FAILS]
    Alternative Pair with Shard 17 (NOT ACTIVE IN TREE):
      Candidate choice=1 inlier=20 | RotErr = 1.6939 rad (97.0562 deg) | TransErr = 40.23 mm [FAILS]
      Candidate choice=2 inlier=32 | RotErr = 1.7128 rad (98.1355 deg) | TransErr = 40.19 mm [FAILS]
      Candidate choice=3 inlier=6 | RotErr = 2.4283 rad (139.1324 deg) | TransErr = 60.93 mm [FAILS]
      Candidate choice=4 inlier=16 | RotErr = 2.5736 rad (147.4585 deg) | TransErr = 50.28 mm [FAILS]
    Alternative Pair with Shard 23 (NOT ACTIVE IN TREE):
      Candidate choice=1 inlier=28 | RotErr = 2.8347 rad (162.4177 deg) | TransErr = 51.82 mm [FAILS]
      Candidate choice=2 inlier=0 | RotErr = 2.0176 rad (115.5995 deg) | TransErr = 40.78 mm [FAILS]
      Candidate choice=3 inlier=16 | RotErr = 2.1452 rad (122.9124 deg) | TransErr = 113.49 mm [FAILS]
    Alternative Pair with Shard 13 (NOT ACTIVE IN TREE):
      Candidate choice=1 inlier=12 | RotErr = 1.8348 rad (105.1288 deg) | TransErr = 23.03 mm [FAILS]
    Alternative Pair with Shard 31 (NOT ACTIVE IN TREE):
      Candidate choice=1 inlier=45 | RotErr = 2.6679 rad (152.8614 deg) | TransErr = 12.57 mm [FAILS]
    Alternative Pair with Shard 12 (NOT ACTIVE IN TREE):
      Candidate choice=1 inlier=26 | RotErr = 2.2919 rad (131.3143 deg) | TransErr = 146.71 mm [FAILS]
      Candidate choice=2 inlier=32 | RotErr = 2.5142 rad (144.0516 deg) | TransErr = 159.87 mm [FAILS]
      Candidate choice=3 inlier=12 | RotErr = 2.9129 rad (166.8971 deg) | TransErr = 45.37 mm [FAILS]
      Candidate choice=4 inlier=20 | RotErr = 2.9796 rad (170.7185 deg) | TransErr = 182.85 mm [FAILS]
      Candidate choice=5 inlier=34 | RotErr = 2.9315 rad (167.9653 deg) | TransErr = 212.30 mm [FAILS]
      Candidate choice=6 inlier=28 | RotErr = 1.6858 rad (96.5907 deg) | TransErr = 36.99 mm [FAILS]
    Alternative Pair with Shard 3 (NOT ACTIVE IN TREE):
      Candidate choice=1 inlier=46 | RotErr = 2.2393 rad (128.3007 deg) | TransErr = 33.13 mm [FAILS]
      Candidate choice=2 inlier=20 | RotErr = 0.8993 rad (51.5288 deg) | TransErr = 22.37 mm [FAILS]
      Candidate choice=3 inlier=42 | RotErr = 1.3363 rad (76.5626 deg) | TransErr = 37.93 mm [FAILS]
    Alternative Pair with Shard 24 (NOT ACTIVE IN TREE):
      Candidate choice=1 inlier=32 | RotErr = 2.9925 rad (171.4549 deg) | TransErr = 57.59 mm [FAILS]
    Alternative Pair with Shard 27 (NOT ACTIVE IN TREE):
      [No match candidates found]
    Alternative Pair with Shard 28 (NOT ACTIVE IN TREE):
      Candidate choice=1 inlier=49 | RotErr = 2.3760 rad (136.1334 deg) | TransErr = 6.90 mm [FAILS]
      Candidate choice=2 inlier=0 | RotErr = 2.9336 rad (168.0849 deg) | TransErr = 27.26 mm [FAILS]
      Candidate choice=3 inlier=30 | RotErr = 2.6053 rad (149.2718 deg) | TransErr = 82.52 mm [FAILS]
    Alternative Pair with Shard 22 (NOT ACTIVE IN TREE):
      Candidate choice=1 inlier=36 | RotErr = 2.6873 rad (153.9714 deg) | TransErr = 143.10 mm [FAILS]
      Candidate choice=2 inlier=22 | RotErr = 3.1233 rad (178.9505 deg) | TransErr = 164.58 mm [FAILS]
    Alternative Pair with Shard 26 (NOT ACTIVE IN TREE):
      [No match candidates found]
    Alternative Pair with Shard 7 (NOT ACTIVE IN TREE):
      Candidate choice=1 inlier=10 | RotErr = 2.9012 rad (166.2248 deg) | TransErr = 116.36 mm [FAILS]
      Candidate choice=2 inlier=36 | RotErr = 2.8013 rad (160.5049 deg) | TransErr = 92.80 mm [FAILS]
      Candidate choice=3 inlier=14 | RotErr = 2.9212 rad (167.3722 deg) | TransErr = 112.89 mm [FAILS]
      Candidate choice=4 inlier=22 | RotErr = 3.1187 rad (178.6904 deg) | TransErr = 176.61 mm [FAILS]
      Candidate choice=5 inlier=42 | RotErr = 2.8553 rad (163.5970 deg) | TransErr = 29.63 mm [FAILS]
    Alternative Pair with Shard 15 (NOT ACTIVE IN TREE):
      Candidate choice=1 inlier=0 | RotErr = 2.6613 rad (152.4815 deg) | TransErr = 97.29 mm [FAILS]
      Candidate choice=2 inlier=20 | RotErr = 0.4269 rad (24.4592 deg) | TransErr = 47.11 mm [FAILS]
  Shard 19 (placed by parent 1):
    Alternative Pair with Shard 1 (ACTIVE IN TREE) [SKIPPED]
    Alternative Pair with Shard 4 (NOT ACTIVE IN TREE):
      Candidate choice=1 inlier=36 | RotErr = 0.4887 rad (28.0018 deg) | TransErr = 8.42 mm [FAILS]
      Candidate choice=2 inlier=22 | RotErr = 3.0373 rad (174.0240 deg) | TransErr = 28.26 mm [FAILS]
    Alternative Pair with Shard 6 (NOT ACTIVE IN TREE):
      Candidate choice=1 inlier=0 | RotErr = 2.0231 rad (115.9163 deg) | TransErr = 53.65 mm [FAILS]
      Candidate choice=2 inlier=0 | RotErr = 0.1470 rad (8.4207 deg) | TransErr = 101.34 mm [FAILS]
      Candidate choice=3 inlier=32 | RotErr = 0.9458 rad (54.1916 deg) | TransErr = 119.36 mm [FAILS]
    Alternative Pair with Shard 2 (NOT ACTIVE IN TREE):
      Candidate choice=1 inlier=24 | RotErr = 2.9792 rad (170.6946 deg) | TransErr = 51.52 mm [FAILS]
      Candidate choice=2 inlier=24 | RotErr = 3.1395 rad (179.8810 deg) | TransErr = 35.79 mm [FAILS]
      Candidate choice=3 inlier=26 | RotErr = 3.1001 rad (177.6200 deg) | TransErr = 54.10 mm [FAILS]
      Candidate choice=4 inlier=50 | RotErr = 1.1466 rad (65.6928 deg) | TransErr = 9.57 mm [FAILS]
      Candidate choice=5 inlier=38 | RotErr = 1.7144 rad (98.2300 deg) | TransErr = 16.32 mm [FAILS]
      Candidate choice=6 inlier=36 | RotErr = 2.1390 rad (122.5533 deg) | TransErr = 11.84 mm [FAILS]
    Alternative Pair with Shard 20 (NOT ACTIVE IN TREE):
      Candidate choice=1 inlier=34 | RotErr = 1.2979 rad (74.3667 deg) | TransErr = 46.06 mm [FAILS]
    Alternative Pair with Shard 8 (NOT ACTIVE IN TREE):
      Candidate choice=1 inlier=30 | RotErr = 1.6381 rad (93.8546 deg) | TransErr = 60.77 mm [FAILS]
      Candidate choice=2 inlier=28 | RotErr = 2.2150 rad (126.9076 deg) | TransErr = 143.84 mm [FAILS]
      Candidate choice=3 inlier=40 | RotErr = 2.9540 rad (169.2489 deg) | TransErr = 14.86 mm [FAILS]
    Alternative Pair with Shard 11 (ACTIVE IN TREE) [SKIPPED]
    Alternative Pair with Shard 14 (NOT ACTIVE IN TREE):
      Candidate choice=1 inlier=34 | RotErr = 1.5510 rad (88.8636 deg) | TransErr = 4.88 mm [FAILS]
      Candidate choice=2 inlier=40 | RotErr = 2.4333 rad (139.4166 deg) | TransErr = 14.18 mm [FAILS]
    Alternative Pair with Shard 21 (NOT ACTIVE IN TREE):
      Candidate choice=1 inlier=26 | RotErr = 2.7231 rad (156.0222 deg) | TransErr = 25.35 mm [FAILS]
      Candidate choice=2 inlier=8 | RotErr = 1.6700 rad (95.6834 deg) | TransErr = 25.53 mm [FAILS]
      Candidate choice=3 inlier=55 | RotErr = 3.0383 rad (174.0799 deg) | TransErr = 64.00 mm [FAILS]
    Alternative Pair with Shard 5 (NOT ACTIVE IN TREE):
      Candidate choice=1 inlier=26 | RotErr = 2.9231 rad (167.4836 deg) | TransErr = 161.76 mm [FAILS]
      Candidate choice=2 inlier=30 | RotErr = 2.2309 rad (127.8233 deg) | TransErr = 29.45 mm [FAILS]
      Candidate choice=3 inlier=42 | RotErr = 2.4472 rad (140.2160 deg) | TransErr = 25.82 mm [FAILS]
    Alternative Pair with Shard 10 (NOT ACTIVE IN TREE):
      Candidate choice=1 inlier=28 | RotErr = 2.5867 rad (148.2054 deg) | TransErr = 157.22 mm [FAILS]
    Alternative Pair with Shard 9 (NOT ACTIVE IN TREE):
      Candidate choice=1 inlier=46 | RotErr = 0.6143 rad (35.1972 deg) | TransErr = 4.06 mm [FAILS]
      Candidate choice=2 inlier=55 | RotErr = 0.1023 rad (5.8628 deg) | TransErr = 8.80 mm [FAILS]
      Candidate choice=3 inlier=36 | RotErr = 0.3629 rad (20.7953 deg) | TransErr = 14.57 mm [FAILS]
    Alternative Pair with Shard 30 (NOT ACTIVE IN TREE):
      Candidate choice=1 inlier=34 | RotErr = 3.0184 rad (172.9400 deg) | TransErr = 14.07 mm [FAILS]
      Candidate choice=2 inlier=0 | RotErr = 3.0753 rad (176.2026 deg) | TransErr = 5.66 mm [FAILS]
      Candidate choice=3 inlier=32 | RotErr = 2.0011 rad (114.6551 deg) | TransErr = 53.40 mm [FAILS]
      Candidate choice=4 inlier=34 | RotErr = 2.7956 rad (160.1760 deg) | TransErr = 60.51 mm [FAILS]
    Alternative Pair with Shard 18 (NOT ACTIVE IN TREE):
      [No match candidates found]
    Alternative Pair with Shard 25 (NOT ACTIVE IN TREE):
      [No match candidates found]
    Alternative Pair with Shard 16 (NOT ACTIVE IN TREE):
      Candidate choice=1 inlier=16 | RotErr = 3.0402 rad (174.1907 deg) | TransErr = 66.17 mm [FAILS]
      Candidate choice=2 inlier=26 | RotErr = 3.1144 rad (178.4429 deg) | TransErr = 99.19 mm [FAILS]
      Candidate choice=3 inlier=26 | RotErr = 2.3383 rad (133.9744 deg) | TransErr = 158.44 mm [FAILS]
      Candidate choice=4 inlier=30 | RotErr = 3.0891 rad (176.9925 deg) | TransErr = 54.42 mm [FAILS]
    Alternative Pair with Shard 29 (NOT ACTIVE IN TREE):
      Candidate choice=1 inlier=20 | RotErr = 3.0333 rad (173.7945 deg) | TransErr = 97.43 mm [FAILS]
    Alternative Pair with Shard 17 (NOT ACTIVE IN TREE):
      Candidate choice=1 inlier=32 | RotErr = 2.1724 rad (124.4699 deg) | TransErr = 55.22 mm [FAILS]
      Candidate choice=2 inlier=30 | RotErr = 2.2725 rad (130.2025 deg) | TransErr = 46.02 mm [FAILS]
      Candidate choice=3 inlier=16 | RotErr = 3.0892 rad (177.0007 deg) | TransErr = 17.79 mm [FAILS]
    Alternative Pair with Shard 23 (NOT ACTIVE IN TREE):
      [No match candidates found]
    Alternative Pair with Shard 13 (NOT ACTIVE IN TREE):
      Candidate choice=1 inlier=30 | RotErr = 1.0693 rad (61.2642 deg) | TransErr = 96.35 mm [FAILS]
      Candidate choice=2 inlier=18 | RotErr = 1.0559 rad (60.4985 deg) | TransErr = 10.20 mm [FAILS]
      Candidate choice=3 inlier=0 | RotErr = 3.1214 rad (178.8429 deg) | TransErr = 57.69 mm [FAILS]
      Candidate choice=4 inlier=52 | RotErr = 2.7671 rad (158.5424 deg) | TransErr = 15.04 mm [FAILS]
      Candidate choice=5 inlier=40 | RotErr = 2.7593 rad (158.0948 deg) | TransErr = 16.93 mm [FAILS]
    Alternative Pair with Shard 31 (NOT ACTIVE IN TREE):
      [No match candidates found]
    Alternative Pair with Shard 12 (NOT ACTIVE IN TREE):
      Candidate choice=1 inlier=20 | RotErr = 0.0985 rad (5.6413 deg) | TransErr = 178.81 mm [FAILS]
    Alternative Pair with Shard 3 (NOT ACTIVE IN TREE):
      Candidate choice=1 inlier=30 | RotErr = 2.8093 rad (160.9618 deg) | TransErr = 47.73 mm [FAILS]
      Candidate choice=2 inlier=46 | RotErr = 2.5659 rad (147.0140 deg) | TransErr = 50.99 mm [FAILS]
      Candidate choice=3 inlier=34 | RotErr = 2.6766 rad (153.3602 deg) | TransErr = 41.28 mm [FAILS]
    Alternative Pair with Shard 24 (NOT ACTIVE IN TREE):
      Candidate choice=1 inlier=32 | RotErr = 2.9197 rad (167.2883 deg) | TransErr = 30.37 mm [FAILS]
      Candidate choice=2 inlier=51 | RotErr = 1.9858 rad (113.7765 deg) | TransErr = 9.05 mm [FAILS]
    Alternative Pair with Shard 27 (NOT ACTIVE IN TREE):
      Candidate choice=1 inlier=32 | RotErr = 1.0168 rad (58.2604 deg) | TransErr = 16.74 mm [FAILS]
      Candidate choice=2 inlier=10 | RotErr = 1.1042 rad (63.2670 deg) | TransErr = 35.60 mm [FAILS]
    Alternative Pair with Shard 28 (NOT ACTIVE IN TREE):
      Candidate choice=1 inlier=16 | RotErr = 1.6227 rad (92.9767 deg) | TransErr = 56.80 mm [FAILS]
    Alternative Pair with Shard 22 (NOT ACTIVE IN TREE):
      Candidate choice=1 inlier=26 | RotErr = 1.1165 rad (63.9734 deg) | TransErr = 53.88 mm [FAILS]
      Candidate choice=2 inlier=32 | RotErr = 2.9860 rad (171.0825 deg) | TransErr = 100.72 mm [FAILS]
    Alternative Pair with Shard 26 (NOT ACTIVE IN TREE):
      Candidate choice=1 inlier=26 | RotErr = 3.0580 rad (175.2123 deg) | TransErr = 29.40 mm [FAILS]
    Alternative Pair with Shard 7 (NOT ACTIVE IN TREE):
      Candidate choice=1 inlier=36 | RotErr = 3.0935 rad (177.2418 deg) | TransErr = 99.34 mm [FAILS]
      Candidate choice=2 inlier=30 | RotErr = 2.9802 rad (170.7554 deg) | TransErr = 80.64 mm [FAILS]
    Alternative Pair with Shard 15 (NOT ACTIVE IN TREE):
      Candidate choice=1 inlier=12 | RotErr = 0.1287 rad (7.3721 deg) | TransErr = 67.66 mm [FAILS]
  Shard 2 (placed by parent 4):
    Alternative Pair with Shard 1 (NOT ACTIVE IN TREE):
      Candidate choice=1 inlier=40 | RotErr = 0.3867 rad (22.1551 deg) | TransErr = 9.37 mm [FAILS]
      Candidate choice=2 inlier=22 | RotErr = 1.3539 rad (77.5731 deg) | TransErr = 6.23 mm [FAILS]
      Candidate choice=3 inlier=74 | RotErr = 0.5266 rad (30.1742 deg) | TransErr = 13.00 mm [FAILS]
      Candidate choice=4 inlier=84 | RotErr = 0.1039 rad (5.9528 deg) | TransErr = 2.91 mm [PASSES] -> Reward: +20.00
      Candidate choice=5 inlier=36 | RotErr = 0.9401 rad (53.8633 deg) | TransErr = 7.31 mm [FAILS]
    Alternative Pair with Shard 4 (ACTIVE IN TREE) [SKIPPED]
    Alternative Pair with Shard 6 (NOT ACTIVE IN TREE):
      Candidate choice=1 inlier=28 | RotErr = 1.0312 rad (59.0842 deg) | TransErr = 10.91 mm [FAILS]
    Alternative Pair with Shard 19 (NOT ACTIVE IN TREE):
      Candidate choice=1 inlier=24 | RotErr = 2.9792 rad (170.6946 deg) | TransErr = 51.52 mm [FAILS]
      Candidate choice=2 inlier=24 | RotErr = 3.1395 rad (179.8810 deg) | TransErr = 35.79 mm [FAILS]
      Candidate choice=3 inlier=26 | RotErr = 3.1001 rad (177.6200 deg) | TransErr = 54.10 mm [FAILS]
      Candidate choice=4 inlier=50 | RotErr = 1.1466 rad (65.6928 deg) | TransErr = 9.57 mm [FAILS]
      Candidate choice=5 inlier=38 | RotErr = 1.7144 rad (98.2300 deg) | TransErr = 16.32 mm [FAILS]
      Candidate choice=6 inlier=36 | RotErr = 2.1390 rad (122.5533 deg) | TransErr = 11.84 mm [FAILS]
    Alternative Pair with Shard 20 (NOT ACTIVE IN TREE):
      Candidate choice=1 inlier=26 | RotErr = 2.9673 rad (170.0137 deg) | TransErr = 49.29 mm [FAILS]
      Candidate choice=2 inlier=16 | RotErr = 2.3052 rad (132.0792 deg) | TransErr = 39.50 mm [FAILS]
      Candidate choice=3 inlier=30 | RotErr = 1.7203 rad (98.5634 deg) | TransErr = 13.62 mm [FAILS]
    Alternative Pair with Shard 8 (NOT ACTIVE IN TREE):
      [No match candidates found]
    Alternative Pair with Shard 11 (NOT ACTIVE IN TREE):
      Candidate choice=1 inlier=36 | RotErr = 3.1393 rad (179.8662 deg) | TransErr = 37.98 mm [FAILS]
      Candidate choice=2 inlier=44 | RotErr = 1.6748 rad (95.9568 deg) | TransErr = 8.50 mm [FAILS]
      Candidate choice=3 inlier=44 | RotErr = 2.2627 rad (129.6432 deg) | TransErr = 10.84 mm [FAILS]
      Candidate choice=4 inlier=36 | RotErr = 2.6754 rad (153.2903 deg) | TransErr = 13.76 mm [FAILS]
    Alternative Pair with Shard 14 (ACTIVE IN TREE) [SKIPPED]
    Alternative Pair with Shard 21 (ACTIVE IN TREE) [SKIPPED]
    Alternative Pair with Shard 5 (NOT ACTIVE IN TREE):
      [No match candidates found]
    Alternative Pair with Shard 10 (NOT ACTIVE IN TREE):
      Candidate choice=1 inlier=20 | RotErr = 3.1203 rad (178.7804 deg) | TransErr = 60.83 mm [FAILS]
      Candidate choice=2 inlier=18 | RotErr = 0.8803 rad (50.4380 deg) | TransErr = 130.37 mm [FAILS]
      Candidate choice=3 inlier=0 | RotErr = 0.6943 rad (39.7824 deg) | TransErr = 143.78 mm [FAILS]
    Alternative Pair with Shard 9 (NOT ACTIVE IN TREE):
      Candidate choice=1 inlier=32 | RotErr = 0.9734 rad (55.7746 deg) | TransErr = 23.77 mm [FAILS]
      Candidate choice=2 inlier=48 | RotErr = 3.0042 rad (172.1305 deg) | TransErr = 60.93 mm [FAILS]
      Candidate choice=3 inlier=81 | RotErr = 3.0487 rad (174.6796 deg) | TransErr = 68.15 mm [FAILS]
      Candidate choice=4 inlier=72 | RotErr = 3.0065 rad (172.2581 deg) | TransErr = 60.63 mm [FAILS]
      Candidate choice=5 inlier=42 | RotErr = 2.8243 rad (161.8199 deg) | TransErr = 49.13 mm [FAILS]
    Alternative Pair with Shard 30 (NOT ACTIVE IN TREE):
      Candidate choice=1 inlier=24 | RotErr = 2.6847 rad (153.8200 deg) | TransErr = 62.04 mm [FAILS]
      Candidate choice=2 inlier=22 | RotErr = 1.0315 rad (59.1025 deg) | TransErr = 16.51 mm [FAILS]
      Candidate choice=3 inlier=41 | RotErr = 0.7474 rad (42.8213 deg) | TransErr = 20.01 mm [FAILS]
      Candidate choice=4 inlier=22 | RotErr = 0.5866 rad (33.6086 deg) | TransErr = 23.64 mm [FAILS]
    Alternative Pair with Shard 18 (NOT ACTIVE IN TREE):
      Candidate choice=1 inlier=30 | RotErr = 2.4256 rad (138.9778 deg) | TransErr = 10.50 mm [FAILS]
    Alternative Pair with Shard 25 (NOT ACTIVE IN TREE):
      [No match candidates found]
    Alternative Pair with Shard 16 (NOT ACTIVE IN TREE):
      Candidate choice=1 inlier=24 | RotErr = 2.3237 rad (133.1409 deg) | TransErr = 160.82 mm [FAILS]
      Candidate choice=2 inlier=10 | RotErr = 0.6302 rad (36.1073 deg) | TransErr = 161.10 mm [FAILS]
    Alternative Pair with Shard 29 (NOT ACTIVE IN TREE):
      Candidate choice=1 inlier=30 | RotErr = 1.2437 rad (71.2588 deg) | TransErr = 140.72 mm [FAILS]
    Alternative Pair with Shard 17 (NOT ACTIVE IN TREE):
      Candidate choice=1 inlier=22 | RotErr = 2.6491 rad (151.7813 deg) | TransErr = 54.39 mm [FAILS]
      Candidate choice=2 inlier=26 | RotErr = 1.9160 rad (109.7781 deg) | TransErr = 24.93 mm [FAILS]
      Candidate choice=3 inlier=4 | RotErr = 2.7171 rad (155.6803 deg) | TransErr = 37.75 mm [FAILS]
    Alternative Pair with Shard 23 (NOT ACTIVE IN TREE):
      Candidate choice=1 inlier=24 | RotErr = 2.8368 rad (162.5340 deg) | TransErr = 72.42 mm [FAILS]
    Alternative Pair with Shard 13 (NOT ACTIVE IN TREE):
      [No match candidates found]
    Alternative Pair with Shard 31 (NOT ACTIVE IN TREE):
      Candidate choice=1 inlier=0 | RotErr = 2.9283 rad (167.7802 deg) | TransErr = 33.29 mm [FAILS]
      Candidate choice=2 inlier=12 | RotErr = 3.0742 rad (176.1402 deg) | TransErr = 63.16 mm [FAILS]
      Candidate choice=3 inlier=24 | RotErr = 2.7676 rad (158.5700 deg) | TransErr = 11.86 mm [FAILS]
    Alternative Pair with Shard 12 (NOT ACTIVE IN TREE):
      Candidate choice=1 inlier=24 | RotErr = 1.4324 rad (82.0686 deg) | TransErr = 80.86 mm [FAILS]
    Alternative Pair with Shard 3 (NOT ACTIVE IN TREE):
      Candidate choice=1 inlier=42 | RotErr = 2.7710 rad (158.7650 deg) | TransErr = 51.69 mm [FAILS]
      Candidate choice=2 inlier=56 | RotErr = 1.1960 rad (68.5245 deg) | TransErr = 25.45 mm [FAILS]
    Alternative Pair with Shard 24 (NOT ACTIVE IN TREE):
      Candidate choice=1 inlier=42 | RotErr = 3.0557 rad (175.0803 deg) | TransErr = 68.07 mm [FAILS]
      Candidate choice=2 inlier=51 | RotErr = 3.0485 rad (174.6653 deg) | TransErr = 54.99 mm [FAILS]
      Candidate choice=3 inlier=47 | RotErr = 2.9763 rad (170.5266 deg) | TransErr = 52.60 mm [FAILS]
    Alternative Pair with Shard 27 (NOT ACTIVE IN TREE):
      [No match candidates found]
    Alternative Pair with Shard 28 (NOT ACTIVE IN TREE):
      [No match candidates found]
    Alternative Pair with Shard 22 (NOT ACTIVE IN TREE):
      Candidate choice=1 inlier=14 | RotErr = 2.2320 rad (127.8849 deg) | TransErr = 120.45 mm [FAILS]
    Alternative Pair with Shard 26 (NOT ACTIVE IN TREE):
      [No match candidates found]
    Alternative Pair with Shard 7 (NOT ACTIVE IN TREE):
      Candidate choice=1 inlier=28 | RotErr = 2.9575 rad (169.4517 deg) | TransErr = 57.18 mm [FAILS]
      Candidate choice=2 inlier=30 | RotErr = 2.0746 rad (118.8642 deg) | TransErr = 145.54 mm [FAILS]
      Candidate choice=3 inlier=38 | RotErr = 3.1079 rad (178.0698 deg) | TransErr = 155.46 mm [FAILS]
    Alternative Pair with Shard 15 (NOT ACTIVE IN TREE):
      Candidate choice=1 inlier=28 | RotErr = 3.0570 rad (175.1522 deg) | TransErr = 58.44 mm [FAILS]
      Candidate choice=2 inlier=22 | RotErr = 0.2837 rad (16.2538 deg) | TransErr = 152.38 mm [FAILS]
  Shard 20 (placed by parent 4):
    Alternative Pair with Shard 1 (NOT ACTIVE IN TREE):
      Candidate choice=1 inlier=28 | RotErr = 2.1048 rad (120.5955 deg) | TransErr = 49.87 mm [FAILS]
      Candidate choice=2 inlier=32 | RotErr = 1.8990 rad (108.8067 deg) | TransErr = 54.46 mm [FAILS]
      Candidate choice=3 inlier=16 | RotErr = 1.5677 rad (89.8251 deg) | TransErr = 64.36 mm [FAILS]
      Candidate choice=4 inlier=26 | RotErr = 1.7258 rad (98.8805 deg) | TransErr = 40.42 mm [FAILS]
      Candidate choice=5 inlier=42 | RotErr = 2.8668 rad (164.2555 deg) | TransErr = 47.88 mm [FAILS]
    Alternative Pair with Shard 4 (ACTIVE IN TREE) [SKIPPED]
    Alternative Pair with Shard 6 (NOT ACTIVE IN TREE):
      Candidate choice=1 inlier=30 | RotErr = 2.5313 rad (145.0329 deg) | TransErr = 32.89 mm [FAILS]
      Candidate choice=2 inlier=26 | RotErr = 3.0485 rad (174.6664 deg) | TransErr = 40.82 mm [FAILS]
    Alternative Pair with Shard 19 (NOT ACTIVE IN TREE):
      Candidate choice=1 inlier=34 | RotErr = 1.2979 rad (74.3667 deg) | TransErr = 46.06 mm [FAILS]
    Alternative Pair with Shard 2 (NOT ACTIVE IN TREE):
      Candidate choice=1 inlier=26 | RotErr = 2.9673 rad (170.0137 deg) | TransErr = 49.29 mm [FAILS]
      Candidate choice=2 inlier=16 | RotErr = 2.3052 rad (132.0792 deg) | TransErr = 39.50 mm [FAILS]
      Candidate choice=3 inlier=30 | RotErr = 1.7203 rad (98.5634 deg) | TransErr = 13.62 mm [FAILS]
    Alternative Pair with Shard 8 (NOT ACTIVE IN TREE):
      [No match candidates found]
    Alternative Pair with Shard 11 (NOT ACTIVE IN TREE):
      Candidate choice=1 inlier=34 | RotErr = 2.6688 rad (152.9124 deg) | TransErr = 50.28 mm [FAILS]
      Candidate choice=2 inlier=34 | RotErr = 1.2944 rad (74.1633 deg) | TransErr = 43.63 mm [FAILS]
    Alternative Pair with Shard 14 (NOT ACTIVE IN TREE):
      Candidate choice=1 inlier=10 | RotErr = 3.1410 rad (179.9650 deg) | TransErr = 53.39 mm [FAILS]
    Alternative Pair with Shard 21 (NOT ACTIVE IN TREE):
      Candidate choice=1 inlier=28 | RotErr = 1.9447 rad (111.4235 deg) | TransErr = 4.19 mm [FAILS]
      Candidate choice=2 inlier=24 | RotErr = 2.6349 rad (150.9709 deg) | TransErr = 19.78 mm [FAILS]
      Candidate choice=3 inlier=38 | RotErr = 1.1540 rad (66.1183 deg) | TransErr = 36.76 mm [FAILS]
    Alternative Pair with Shard 5 (NOT ACTIVE IN TREE):
      [No match candidates found]
    Alternative Pair with Shard 10 (NOT ACTIVE IN TREE):
      Candidate choice=1 inlier=20 | RotErr = 2.6180 rad (150.0031 deg) | TransErr = 106.89 mm [FAILS]
    Alternative Pair with Shard 9 (NOT ACTIVE IN TREE):
      Candidate choice=1 inlier=18 | RotErr = 2.8024 rad (160.5672 deg) | TransErr = 16.68 mm [FAILS]
      Candidate choice=2 inlier=40 | RotErr = 1.2975 rad (74.3417 deg) | TransErr = 26.67 mm [FAILS]
      Candidate choice=3 inlier=20 | RotErr = 1.5463 rad (88.5984 deg) | TransErr = 51.32 mm [FAILS]
      Candidate choice=4 inlier=32 | RotErr = 1.2274 rad (70.3239 deg) | TransErr = 16.07 mm [FAILS]
      Candidate choice=5 inlier=34 | RotErr = 0.6476 rad (37.1025 deg) | TransErr = 14.57 mm [FAILS]
    Alternative Pair with Shard 30 (NOT ACTIVE IN TREE):
      Candidate choice=1 inlier=36 | RotErr = 2.9140 rad (166.9604 deg) | TransErr = 37.00 mm [FAILS]
      Candidate choice=2 inlier=24 | RotErr = 2.8782 rad (164.9086 deg) | TransErr = 45.47 mm [FAILS]
      Candidate choice=3 inlier=41 | RotErr = 2.1460 rad (122.9596 deg) | TransErr = 45.48 mm [FAILS]
      Candidate choice=4 inlier=36 | RotErr = 3.0316 rad (173.6987 deg) | TransErr = 57.42 mm [FAILS]
    Alternative Pair with Shard 18 (NOT ACTIVE IN TREE):
      Candidate choice=1 inlier=0 | RotErr = 1.8442 rad (105.6635 deg) | TransErr = 86.36 mm [FAILS]
      Candidate choice=2 inlier=22 | RotErr = 0.4128 rad (23.6507 deg) | TransErr = 21.83 mm [FAILS]
      Candidate choice=3 inlier=28 | RotErr = 1.9132 rad (109.6192 deg) | TransErr = 11.23 mm [FAILS]
      Candidate choice=4 inlier=34 | RotErr = 1.1232 rad (64.3545 deg) | TransErr = 12.06 mm [FAILS]
    Alternative Pair with Shard 25 (NOT ACTIVE IN TREE):
      Candidate choice=1 inlier=46 | RotErr = 2.2015 rad (126.1343 deg) | TransErr = 43.38 mm [FAILS]
    Alternative Pair with Shard 16 (NOT ACTIVE IN TREE):
      [No match candidates found]
    Alternative Pair with Shard 29 (NOT ACTIVE IN TREE):
      [No match candidates found]
    Alternative Pair with Shard 17 (NOT ACTIVE IN TREE):
      Candidate choice=1 inlier=0 | RotErr = 1.2564 rad (71.9891 deg) | TransErr = 27.34 mm [FAILS]
      Candidate choice=2 inlier=20 | RotErr = 1.9545 rad (111.9845 deg) | TransErr = 38.00 mm [FAILS]
      Candidate choice=3 inlier=34 | RotErr = 2.9944 rad (171.5646 deg) | TransErr = 23.87 mm [FAILS]
      Candidate choice=4 inlier=16 | RotErr = 1.4364 rad (82.3004 deg) | TransErr = 46.96 mm [FAILS]
      Candidate choice=5 inlier=30 | RotErr = 2.9838 rad (170.9585 deg) | TransErr = 27.27 mm [FAILS]
      Candidate choice=6 inlier=26 | RotErr = 2.6970 rad (154.5275 deg) | TransErr = 14.78 mm [FAILS]
    Alternative Pair with Shard 23 (NOT ACTIVE IN TREE):
      Candidate choice=1 inlier=42 | RotErr = 1.6634 rad (95.3084 deg) | TransErr = 50.28 mm [FAILS]
    Alternative Pair with Shard 13 (NOT ACTIVE IN TREE):
      Candidate choice=1 inlier=40 | RotErr = 2.1420 rad (122.7304 deg) | TransErr = 81.95 mm [FAILS]
      Candidate choice=2 inlier=32 | RotErr = 2.0772 rad (119.0143 deg) | TransErr = 33.23 mm [FAILS]
    Alternative Pair with Shard 31 (NOT ACTIVE IN TREE):
      Candidate choice=1 inlier=26 | RotErr = 2.5757 rad (147.5761 deg) | TransErr = 13.90 mm [FAILS]
      Candidate choice=2 inlier=20 | RotErr = 2.7091 rad (155.2184 deg) | TransErr = 34.41 mm [FAILS]
      Candidate choice=3 inlier=20 | RotErr = 2.9891 rad (171.2632 deg) | TransErr = 69.24 mm [FAILS]
    Alternative Pair with Shard 12 (NOT ACTIVE IN TREE):
      Candidate choice=1 inlier=38 | RotErr = 1.4701 rad (84.2292 deg) | TransErr = 72.58 mm [FAILS]
    Alternative Pair with Shard 3 (NOT ACTIVE IN TREE):
      Candidate choice=1 inlier=24 | RotErr = 1.2168 rad (69.7165 deg) | TransErr = 28.11 mm [FAILS]
      Candidate choice=2 inlier=28 | RotErr = 1.9771 rad (113.2801 deg) | TransErr = 19.04 mm [FAILS]
      Candidate choice=3 inlier=16 | RotErr = 2.5671 rad (147.0832 deg) | TransErr = 29.74 mm [FAILS]
      Candidate choice=4 inlier=26 | RotErr = 1.0903 rad (62.4700 deg) | TransErr = 23.92 mm [FAILS]
    Alternative Pair with Shard 24 (NOT ACTIVE IN TREE):
      Candidate choice=1 inlier=22 | RotErr = 2.0565 rad (117.8309 deg) | TransErr = 38.98 mm [FAILS]
      Candidate choice=2 inlier=50 | RotErr = 2.9093 rad (166.6909 deg) | TransErr = 40.27 mm [FAILS]
      Candidate choice=3 inlier=38 | RotErr = 0.8504 rad (48.7266 deg) | TransErr = 35.77 mm [FAILS]
    Alternative Pair with Shard 27 (NOT ACTIVE IN TREE):
      [No match candidates found]
    Alternative Pair with Shard 28 (NOT ACTIVE IN TREE):
      Candidate choice=1 inlier=28 | RotErr = 1.9262 rad (110.3659 deg) | TransErr = 40.58 mm [FAILS]
    Alternative Pair with Shard 22 (NOT ACTIVE IN TREE):
      Candidate choice=1 inlier=38 | RotErr = 1.6147 rad (92.5166 deg) | TransErr = 99.43 mm [FAILS]
    Alternative Pair with Shard 26 (NOT ACTIVE IN TREE):
      Candidate choice=1 inlier=8 | RotErr = 1.4522 rad (83.2054 deg) | TransErr = 26.13 mm [FAILS]
      Candidate choice=2 inlier=18 | RotErr = 2.7501 rad (157.5663 deg) | TransErr = 43.22 mm [FAILS]
    Alternative Pair with Shard 7 (NOT ACTIVE IN TREE):
      Candidate choice=1 inlier=28 | RotErr = 2.9132 rad (166.9140 deg) | TransErr = 140.16 mm [FAILS]
      Candidate choice=2 inlier=24 | RotErr = 2.2171 rad (127.0289 deg) | TransErr = 116.84 mm [FAILS]
      Candidate choice=3 inlier=0 | RotErr = 2.8923 rad (165.7161 deg) | TransErr = 81.12 mm [FAILS]
    Alternative Pair with Shard 15 (NOT ACTIVE IN TREE):
      Candidate choice=1 inlier=20 | RotErr = 1.8378 rad (105.2967 deg) | TransErr = 135.53 mm [FAILS]
      Candidate choice=2 inlier=20 | RotErr = 2.7094 rad (155.2346 deg) | TransErr = 129.49 mm [FAILS]
  Shard 8 (placed by parent 6):
    Alternative Pair with Shard 1 (NOT ACTIVE IN TREE):
      Candidate choice=1 inlier=55 | RotErr = 0.7258 rad (41.5852 deg) | TransErr = 11.05 mm [FAILS]
      Candidate choice=2 inlier=38 | RotErr = 0.5694 rad (32.6223 deg) | TransErr = 146.50 mm [FAILS]
      Candidate choice=3 inlier=38 | RotErr = 1.2307 rad (70.5124 deg) | TransErr = 155.56 mm [FAILS]
      Candidate choice=4 inlier=28 | RotErr = 1.7255 rad (98.8643 deg) | TransErr = 156.68 mm [FAILS]
      Candidate choice=5 inlier=40 | RotErr = 2.6731 rad (153.1598 deg) | TransErr = 24.34 mm [FAILS]
    Alternative Pair with Shard 4 (NOT ACTIVE IN TREE):
      Candidate choice=1 inlier=0 | RotErr = 2.9576 rad (169.4581 deg) | TransErr = 46.65 mm [FAILS]
      Candidate choice=2 inlier=22 | RotErr = 3.1009 rad (177.6681 deg) | TransErr = 22.46 mm [FAILS]
    Alternative Pair with Shard 6 (ACTIVE IN TREE) [SKIPPED]
    Alternative Pair with Shard 19 (NOT ACTIVE IN TREE):
      Candidate choice=1 inlier=30 | RotErr = 1.6381 rad (93.8546 deg) | TransErr = 60.77 mm [FAILS]
      Candidate choice=2 inlier=28 | RotErr = 2.2150 rad (126.9076 deg) | TransErr = 143.84 mm [FAILS]
      Candidate choice=3 inlier=40 | RotErr = 2.9540 rad (169.2489 deg) | TransErr = 14.86 mm [FAILS]
    Alternative Pair with Shard 2 (NOT ACTIVE IN TREE):
      [No match candidates found]
    Alternative Pair with Shard 20 (NOT ACTIVE IN TREE):
      [No match candidates found]
    Alternative Pair with Shard 11 (NOT ACTIVE IN TREE):
      Candidate choice=1 inlier=28 | RotErr = 2.0126 rad (115.3152 deg) | TransErr = 121.10 mm [FAILS]
      Candidate choice=2 inlier=30 | RotErr = 2.5664 rad (147.0457 deg) | TransErr = 139.09 mm [FAILS]
      Candidate choice=3 inlier=0 | RotErr = 2.9719 rad (170.2786 deg) | TransErr = 180.76 mm [FAILS]
      Candidate choice=4 inlier=42 | RotErr = 2.9078 rad (166.6067 deg) | TransErr = 20.91 mm [FAILS]
    Alternative Pair with Shard 14 (NOT ACTIVE IN TREE):
      [No match candidates found]
    Alternative Pair with Shard 21 (NOT ACTIVE IN TREE):
      Candidate choice=1 inlier=38 | RotErr = 1.8050 rad (103.4198 deg) | TransErr = 146.80 mm [FAILS]
    Alternative Pair with Shard 5 (ACTIVE IN TREE) [SKIPPED]
    Alternative Pair with Shard 10 (ACTIVE IN TREE) [SKIPPED]
    Alternative Pair with Shard 9 (NOT ACTIVE IN TREE):
      Candidate choice=1 inlier=30 | RotErr = 3.0523 rad (174.8859 deg) | TransErr = 26.11 mm [FAILS]
      Candidate choice=2 inlier=30 | RotErr = 1.8717 rad (107.2395 deg) | TransErr = 149.70 mm [FAILS]
      Candidate choice=3 inlier=2 | RotErr = 2.8582 rad (163.7601 deg) | TransErr = 115.91 mm [FAILS]
      Candidate choice=4 inlier=18 | RotErr = 2.8691 rad (164.3862 deg) | TransErr = 127.23 mm [FAILS]
    Alternative Pair with Shard 30 (NOT ACTIVE IN TREE):
      Candidate choice=1 inlier=24 | RotErr = 0.5607 rad (32.1265 deg) | TransErr = 142.37 mm [FAILS]
      Candidate choice=2 inlier=36 | RotErr = 0.1830 rad (10.4829 deg) | TransErr = 5.16 mm [PASSES] -> Reward: +20.00
    Alternative Pair with Shard 18 (NOT ACTIVE IN TREE):
      [No match candidates found]
    Alternative Pair with Shard 25 (NOT ACTIVE IN TREE):
      [No match candidates found]
    Alternative Pair with Shard 16 (NOT ACTIVE IN TREE):
      Candidate choice=1 inlier=16 | RotErr = 2.9865 rad (171.1134 deg) | TransErr = 225.80 mm [FAILS]
      Candidate choice=2 inlier=22 | RotErr = 0.1399 rad (8.0179 deg) | TransErr = 17.49 mm [FAILS]
    Alternative Pair with Shard 29 (NOT ACTIVE IN TREE):
      Candidate choice=1 inlier=20 | RotErr = 3.0651 rad (175.6199 deg) | TransErr = 185.36 mm [FAILS]
      Candidate choice=2 inlier=16 | RotErr = 1.7710 rad (101.4684 deg) | TransErr = 19.75 mm [FAILS]
      Candidate choice=3 inlier=20 | RotErr = 2.1869 rad (125.2986 deg) | TransErr = 34.37 mm [FAILS]
    Alternative Pair with Shard 17 (NOT ACTIVE IN TREE):
      [No match candidates found]
    Alternative Pair with Shard 23 (NOT ACTIVE IN TREE):
      [No match candidates found]
    Alternative Pair with Shard 13 (NOT ACTIVE IN TREE):
      Candidate choice=1 inlier=0 | RotErr = 2.2685 rad (129.9750 deg) | TransErr = 41.54 mm [FAILS]
      Candidate choice=2 inlier=12 | RotErr = 3.1384 rad (179.8152 deg) | TransErr = 143.08 mm [FAILS]
      Candidate choice=3 inlier=36 | RotErr = 0.8811 rad (50.4835 deg) | TransErr = 28.96 mm [FAILS]
    Alternative Pair with Shard 31 (NOT ACTIVE IN TREE):
      [No match candidates found]
    Alternative Pair with Shard 12 (NOT ACTIVE IN TREE):
      Candidate choice=1 inlier=42 | RotErr = 3.0518 rad (174.8539 deg) | TransErr = 180.86 mm [FAILS]
      Candidate choice=2 inlier=34 | RotErr = 1.4178 rad (81.2367 deg) | TransErr = 22.44 mm [FAILS]
      Candidate choice=3 inlier=22 | RotErr = 3.0710 rad (175.9564 deg) | TransErr = 245.77 mm [FAILS]
      Candidate choice=4 inlier=0 | RotErr = 3.0801 rad (176.4778 deg) | TransErr = 40.14 mm [FAILS]
      Candidate choice=5 inlier=38 | RotErr = 2.6530 rad (152.0029 deg) | TransErr = 25.32 mm [FAILS]
      Candidate choice=6 inlier=38 | RotErr = 3.1368 rad (179.7230 deg) | TransErr = 139.83 mm [FAILS]
    Alternative Pair with Shard 3 (NOT ACTIVE IN TREE):
      Candidate choice=1 inlier=0 | RotErr = 1.2280 rad (70.3586 deg) | TransErr = 150.13 mm [FAILS]
      Candidate choice=2 inlier=8 | RotErr = 2.9223 rad (167.4329 deg) | TransErr = 140.15 mm [FAILS]
    Alternative Pair with Shard 24 (NOT ACTIVE IN TREE):
      Candidate choice=1 inlier=12 | RotErr = 3.1333 rad (179.5223 deg) | TransErr = 67.24 mm [FAILS]
      Candidate choice=2 inlier=34 | RotErr = 2.8067 rad (160.8106 deg) | TransErr = 99.05 mm [FAILS]
    Alternative Pair with Shard 27 (NOT ACTIVE IN TREE):
      Candidate choice=1 inlier=34 | RotErr = 1.8385 rad (105.3403 deg) | TransErr = 35.68 mm [FAILS]
    Alternative Pair with Shard 28 (NOT ACTIVE IN TREE):
      Candidate choice=1 inlier=24 | RotErr = 2.6085 rad (149.4561 deg) | TransErr = 111.02 mm [FAILS]
      Candidate choice=2 inlier=28 | RotErr = 1.6013 rad (91.7472 deg) | TransErr = 20.04 mm [FAILS]
    Alternative Pair with Shard 22 (NOT ACTIVE IN TREE):
      Candidate choice=1 inlier=44 | RotErr = 3.0158 rad (172.7954 deg) | TransErr = 157.02 mm [FAILS]
      Candidate choice=2 inlier=28 | RotErr = 2.6203 rad (150.1347 deg) | TransErr = 29.01 mm [FAILS]
      Candidate choice=3 inlier=38 | RotErr = 2.8536 rad (163.5012 deg) | TransErr = 232.81 mm [FAILS]
      Candidate choice=4 inlier=24 | RotErr = 1.9448 rad (111.4273 deg) | TransErr = 38.65 mm [FAILS]
    Alternative Pair with Shard 26 (NOT ACTIVE IN TREE):
      [No match candidates found]
    Alternative Pair with Shard 7 (NOT ACTIVE IN TREE):
      Candidate choice=1 inlier=30 | RotErr = 3.0017 rad (171.9840 deg) | TransErr = 206.08 mm [FAILS]
      Candidate choice=2 inlier=44 | RotErr = 3.0065 rad (172.2604 deg) | TransErr = 43.15 mm [FAILS]
      Candidate choice=3 inlier=0 | RotErr = 2.0486 rad (117.3735 deg) | TransErr = 39.74 mm [FAILS]
      Candidate choice=4 inlier=12 | RotErr = 2.8887 rad (165.5100 deg) | TransErr = 119.09 mm [FAILS]
    Alternative Pair with Shard 15 (NOT ACTIVE IN TREE):
      Candidate choice=1 inlier=10 | RotErr = 1.3317 rad (76.2986 deg) | TransErr = 36.76 mm [FAILS]
  Shard 11 (placed by parent 19):
    Alternative Pair with Shard 1 (NOT ACTIVE IN TREE):
      Candidate choice=1 inlier=38 | RotErr = 3.0045 rad (172.1425 deg) | TransErr = 60.90 mm [FAILS]
      Candidate choice=2 inlier=44 | RotErr = 3.0528 rad (174.9118 deg) | TransErr = 68.73 mm [FAILS]
      Candidate choice=3 inlier=42 | RotErr = 0.3689 rad (21.1339 deg) | TransErr = 15.03 mm [FAILS]
    Alternative Pair with Shard 4 (NOT ACTIVE IN TREE):
      Candidate choice=1 inlier=40 | RotErr = 0.9984 rad (57.2037 deg) | TransErr = 16.73 mm [FAILS]
      Candidate choice=2 inlier=30 | RotErr = 3.0046 rad (172.1536 deg) | TransErr = 56.24 mm [FAILS]
    Alternative Pair with Shard 6 (NOT ACTIVE IN TREE):
      Candidate choice=1 inlier=40 | RotErr = 2.2812 rad (130.7015 deg) | TransErr = 78.13 mm [FAILS]
      Candidate choice=2 inlier=0 | RotErr = 2.9870 rad (171.1431 deg) | TransErr = 31.93 mm [FAILS]
      Candidate choice=3 inlier=20 | RotErr = 1.1808 rad (67.6568 deg) | TransErr = 122.31 mm [FAILS]
      Candidate choice=4 inlier=22 | RotErr = 0.6778 rad (38.8361 deg) | TransErr = 24.80 mm [FAILS]
    Alternative Pair with Shard 19 (ACTIVE IN TREE) [SKIPPED]
    Alternative Pair with Shard 2 (NOT ACTIVE IN TREE):
      Candidate choice=1 inlier=36 | RotErr = 3.1393 rad (179.8662 deg) | TransErr = 37.98 mm [FAILS]
      Candidate choice=2 inlier=44 | RotErr = 1.6748 rad (95.9568 deg) | TransErr = 8.50 mm [FAILS]
      Candidate choice=3 inlier=44 | RotErr = 2.2627 rad (129.6432 deg) | TransErr = 10.84 mm [FAILS]
      Candidate choice=4 inlier=36 | RotErr = 2.6754 rad (153.2903 deg) | TransErr = 13.76 mm [FAILS]
    Alternative Pair with Shard 20 (NOT ACTIVE IN TREE):
      Candidate choice=1 inlier=34 | RotErr = 2.6688 rad (152.9124 deg) | TransErr = 50.28 mm [FAILS]
      Candidate choice=2 inlier=34 | RotErr = 1.2944 rad (74.1633 deg) | TransErr = 43.63 mm [FAILS]
    Alternative Pair with Shard 8 (NOT ACTIVE IN TREE):
      Candidate choice=1 inlier=28 | RotErr = 2.0126 rad (115.3152 deg) | TransErr = 121.10 mm [FAILS]
      Candidate choice=2 inlier=30 | RotErr = 2.5664 rad (147.0457 deg) | TransErr = 139.09 mm [FAILS]
      Candidate choice=3 inlier=0 | RotErr = 2.9719 rad (170.2786 deg) | TransErr = 180.76 mm [FAILS]
      Candidate choice=4 inlier=42 | RotErr = 2.9078 rad (166.6067 deg) | TransErr = 20.91 mm [FAILS]
    Alternative Pair with Shard 14 (NOT ACTIVE IN TREE):
      Candidate choice=1 inlier=50 | RotErr = 3.1379 rad (179.7862 deg) | TransErr = 66.56 mm [FAILS]
      Candidate choice=2 inlier=44 | RotErr = 2.7460 rad (157.3331 deg) | TransErr = 11.92 mm [FAILS]
    Alternative Pair with Shard 21 (NOT ACTIVE IN TREE):
      Candidate choice=1 inlier=40 | RotErr = 2.0929 rad (119.9134 deg) | TransErr = 30.99 mm [FAILS]
      Candidate choice=2 inlier=49 | RotErr = 2.6536 rad (152.0403 deg) | TransErr = 58.43 mm [FAILS]
      Candidate choice=3 inlier=34 | RotErr = 2.4256 rad (138.9766 deg) | TransErr = 22.89 mm [FAILS]
    Alternative Pair with Shard 5 (NOT ACTIVE IN TREE):
      Candidate choice=1 inlier=24 | RotErr = 2.5430 rad (145.7052 deg) | TransErr = 154.98 mm [FAILS]
      Candidate choice=2 inlier=54 | RotErr = 1.6868 rad (96.6462 deg) | TransErr = 32.58 mm [FAILS]
    Alternative Pair with Shard 10 (NOT ACTIVE IN TREE):
      Candidate choice=1 inlier=0 | RotErr = 1.6487 rad (94.4637 deg) | TransErr = 145.25 mm [FAILS]
      Candidate choice=2 inlier=18 | RotErr = 2.9240 rad (167.5340 deg) | TransErr = 86.54 mm [FAILS]
      Candidate choice=3 inlier=36 | RotErr = 2.2147 rad (126.8910 deg) | TransErr = 37.68 mm [FAILS]
    Alternative Pair with Shard 9 (ACTIVE IN TREE) [SKIPPED]
    Alternative Pair with Shard 30 (NOT ACTIVE IN TREE):
      Candidate choice=1 inlier=34 | RotErr = 2.6304 rad (150.7101 deg) | TransErr = 61.23 mm [FAILS]
      Candidate choice=2 inlier=34 | RotErr = 2.7120 rad (155.3888 deg) | TransErr = 13.54 mm [FAILS]
    Alternative Pair with Shard 18 (NOT ACTIVE IN TREE):
      [No match candidates found]
    Alternative Pair with Shard 25 (NOT ACTIVE IN TREE):
      Candidate choice=1 inlier=32 | RotErr = 1.6699 rad (95.6810 deg) | TransErr = 19.64 mm [FAILS]
    Alternative Pair with Shard 16 (NOT ACTIVE IN TREE):
      Candidate choice=1 inlier=36 | RotErr = 3.0511 rad (174.8157 deg) | TransErr = 99.74 mm [FAILS]
      Candidate choice=2 inlier=34 | RotErr = 2.4926 rad (142.8157 deg) | TransErr = 155.75 mm [FAILS]
      Candidate choice=3 inlier=26 | RotErr = 2.9751 rad (170.4603 deg) | TransErr = 71.55 mm [FAILS]
    Alternative Pair with Shard 29 (NOT ACTIVE IN TREE):
      [No match candidates found]
    Alternative Pair with Shard 17 (NOT ACTIVE IN TREE):
      Candidate choice=1 inlier=22 | RotErr = 2.4118 rad (138.1842 deg) | TransErr = 40.92 mm [FAILS]
    Alternative Pair with Shard 23 (NOT ACTIVE IN TREE):
      [No match candidates found]
    Alternative Pair with Shard 13 (NOT ACTIVE IN TREE):
      Candidate choice=1 inlier=38 | RotErr = 0.6981 rad (39.9989 deg) | TransErr = 28.71 mm [FAILS]
    Alternative Pair with Shard 31 (NOT ACTIVE IN TREE):
      [No match candidates found]
    Alternative Pair with Shard 12 (NOT ACTIVE IN TREE):
      Candidate choice=1 inlier=36 | RotErr = 0.1695 rad (9.7125 deg) | TransErr = 11.36 mm [FAILS]
      Candidate choice=2 inlier=32 | RotErr = 3.0557 rad (175.0809 deg) | TransErr = 96.26 mm [FAILS]
      Candidate choice=3 inlier=32 | RotErr = 0.3502 rad (20.0658 deg) | TransErr = 173.76 mm [FAILS]
    Alternative Pair with Shard 3 (NOT ACTIVE IN TREE):
      Candidate choice=1 inlier=38 | RotErr = 2.6457 rad (151.5876 deg) | TransErr = 42.48 mm [FAILS]
    Alternative Pair with Shard 24 (NOT ACTIVE IN TREE):
      Candidate choice=1 inlier=49 | RotErr = 1.4937 rad (85.5843 deg) | TransErr = 6.31 mm [FAILS]
      Candidate choice=2 inlier=47 | RotErr = 3.0464 rad (174.5453 deg) | TransErr = 62.47 mm [FAILS]
    Alternative Pair with Shard 27 (NOT ACTIVE IN TREE):
      Candidate choice=1 inlier=45 | RotErr = 1.4821 rad (84.9204 deg) | TransErr = 19.09 mm [FAILS]
      Candidate choice=2 inlier=36 | RotErr = 0.6751 rad (38.6798 deg) | TransErr = 28.11 mm [FAILS]
    Alternative Pair with Shard 28 (NOT ACTIVE IN TREE):
      Candidate choice=1 inlier=28 | RotErr = 0.9623 rad (55.1370 deg) | TransErr = 18.37 mm [FAILS]
    Alternative Pair with Shard 22 (NOT ACTIVE IN TREE):
      Candidate choice=1 inlier=44 | RotErr = 0.7997 rad (45.8206 deg) | TransErr = 35.48 mm [FAILS]
    Alternative Pair with Shard 26 (NOT ACTIVE IN TREE):
      Candidate choice=1 inlier=47 | RotErr = 2.6203 rad (150.1305 deg) | TransErr = 33.19 mm [FAILS]
    Alternative Pair with Shard 7 (NOT ACTIVE IN TREE):
      Candidate choice=1 inlier=0 | RotErr = 2.4751 rad (141.8140 deg) | TransErr = 163.35 mm [FAILS]
      Candidate choice=2 inlier=30 | RotErr = 2.9657 rad (169.9239 deg) | TransErr = 81.65 mm [FAILS]
    Alternative Pair with Shard 15 (NOT ACTIVE IN TREE):
      Candidate choice=1 inlier=16 | RotErr = 1.1019 rad (63.1370 deg) | TransErr = 63.17 mm [FAILS]
  Shard 14 (placed by parent 2):
    Alternative Pair with Shard 1 (NOT ACTIVE IN TREE):
      Candidate choice=1 inlier=36 | RotErr = 0.1344 rad (7.7022 deg) | TransErr = 7.60 mm [PASSES] -> Reward: +20.00
      Candidate choice=2 inlier=30 | RotErr = 2.8393 rad (162.6807 deg) | TransErr = 62.46 mm [FAILS]
      Candidate choice=3 inlier=70 | RotErr = 1.2139 rad (69.5509 deg) | TransErr = 11.99 mm [FAILS]
      Candidate choice=4 inlier=36 | RotErr = 1.8578 rad (106.4462 deg) | TransErr = 16.67 mm [FAILS]
      Candidate choice=5 inlier=36 | RotErr = 2.9315 rad (167.9650 deg) | TransErr = 62.61 mm [FAILS]
    Alternative Pair with Shard 4 (NOT ACTIVE IN TREE):
      Candidate choice=1 inlier=42 | RotErr = 3.0357 rad (173.9340 deg) | TransErr = 54.50 mm [FAILS]
      Candidate choice=2 inlier=28 | RotErr = 3.1112 rad (178.2563 deg) | TransErr = 43.08 mm [FAILS]
    Alternative Pair with Shard 6 (NOT ACTIVE IN TREE):
      Candidate choice=1 inlier=46 | RotErr = 0.0744 rad (4.2601 deg) | TransErr = 5.87 mm [PASSES] -> Reward: +20.00
    Alternative Pair with Shard 19 (NOT ACTIVE IN TREE):
      Candidate choice=1 inlier=34 | RotErr = 1.5510 rad (88.8636 deg) | TransErr = 4.88 mm [FAILS]
      Candidate choice=2 inlier=40 | RotErr = 2.4333 rad (139.4166 deg) | TransErr = 14.18 mm [FAILS]
    Alternative Pair with Shard 2 (ACTIVE IN TREE) [SKIPPED]
    Alternative Pair with Shard 20 (NOT ACTIVE IN TREE):
      Candidate choice=1 inlier=10 | RotErr = 3.1410 rad (179.9650 deg) | TransErr = 53.39 mm [FAILS]
    Alternative Pair with Shard 8 (NOT ACTIVE IN TREE):
      [No match candidates found]
    Alternative Pair with Shard 11 (NOT ACTIVE IN TREE):
      Candidate choice=1 inlier=50 | RotErr = 3.1379 rad (179.7862 deg) | TransErr = 66.56 mm [FAILS]
      Candidate choice=2 inlier=44 | RotErr = 2.7460 rad (157.3331 deg) | TransErr = 11.92 mm [FAILS]
    Alternative Pair with Shard 21 (NOT ACTIVE IN TREE):
      Candidate choice=1 inlier=32 | RotErr = 2.2163 rad (126.9838 deg) | TransErr = 52.11 mm [FAILS]
      Candidate choice=2 inlier=24 | RotErr = 1.5276 rad (87.5253 deg) | TransErr = 30.50 mm [FAILS]
    Alternative Pair with Shard 5 (NOT ACTIVE IN TREE):
      [No match candidates found]
    Alternative Pair with Shard 10 (NOT ACTIVE IN TREE):
      Candidate choice=1 inlier=18 | RotErr = 3.1396 rad (179.8847 deg) | TransErr = 116.41 mm [FAILS]
      Candidate choice=2 inlier=4 | RotErr = 0.2273 rad (13.0210 deg) | TransErr = 94.18 mm [FAILS]
    Alternative Pair with Shard 9 (NOT ACTIVE IN TREE):
      Candidate choice=1 inlier=64 | RotErr = 2.1942 rad (125.7210 deg) | TransErr = 18.15 mm [FAILS]
      Candidate choice=2 inlier=60 | RotErr = 2.8511 rad (163.3538 deg) | TransErr = 52.08 mm [FAILS]
      Candidate choice=3 inlier=26 | RotErr = 1.6795 rad (96.2295 deg) | TransErr = 23.86 mm [FAILS]
      Candidate choice=4 inlier=34 | RotErr = 1.7743 rad (101.6582 deg) | TransErr = 14.46 mm [FAILS]
      Candidate choice=5 inlier=22 | RotErr = 2.6881 rad (154.0186 deg) | TransErr = 12.53 mm [FAILS]
    Alternative Pair with Shard 30 (ACTIVE IN TREE) [SKIPPED]
    Alternative Pair with Shard 18 (NOT ACTIVE IN TREE):
      [No match candidates found]
    Alternative Pair with Shard 25 (NOT ACTIVE IN TREE):
      Candidate choice=1 inlier=49 | RotErr = 3.0954 rad (177.3554 deg) | TransErr = 62.82 mm [FAILS]
    Alternative Pair with Shard 16 (NOT ACTIVE IN TREE):
      Candidate choice=1 inlier=4 | RotErr = 3.0324 rad (173.7458 deg) | TransErr = 88.18 mm [FAILS]
    Alternative Pair with Shard 29 (NOT ACTIVE IN TREE):
      [No match candidates found]
    Alternative Pair with Shard 17 (NOT ACTIVE IN TREE):
      Candidate choice=1 inlier=28 | RotErr = 3.0350 rad (173.8924 deg) | TransErr = 58.37 mm [FAILS]
      Candidate choice=2 inlier=26 | RotErr = 2.8873 rad (165.4297 deg) | TransErr = 49.51 mm [FAILS]
      Candidate choice=3 inlier=38 | RotErr = 2.9693 rad (170.1255 deg) | TransErr = 49.89 mm [FAILS]
      Candidate choice=4 inlier=48 | RotErr = 1.2684 rad (72.6758 deg) | TransErr = 34.62 mm [FAILS]
    Alternative Pair with Shard 23 (NOT ACTIVE IN TREE):
      Candidate choice=1 inlier=32 | RotErr = 3.0586 rad (175.2469 deg) | TransErr = 57.91 mm [FAILS]
      Candidate choice=2 inlier=28 | RotErr = 2.9442 rad (168.6930 deg) | TransErr = 78.25 mm [FAILS]
    Alternative Pair with Shard 13 (NOT ACTIVE IN TREE):
      Candidate choice=1 inlier=34 | RotErr = 2.7450 rad (157.2792 deg) | TransErr = 26.43 mm [FAILS]
      Candidate choice=2 inlier=32 | RotErr = 2.7860 rad (159.6276 deg) | TransErr = 60.29 mm [FAILS]
    Alternative Pair with Shard 31 (NOT ACTIVE IN TREE):
      Candidate choice=1 inlier=34 | RotErr = 1.4538 rad (83.2942 deg) | TransErr = 20.95 mm [FAILS]
      Candidate choice=2 inlier=20 | RotErr = 2.6777 rad (153.4198 deg) | TransErr = 80.00 mm [FAILS]
    Alternative Pair with Shard 12 (NOT ACTIVE IN TREE):
      Candidate choice=1 inlier=20 | RotErr = 2.6886 rad (154.0434 deg) | TransErr = 17.64 mm [FAILS]
      Candidate choice=2 inlier=28 | RotErr = 2.3952 rad (137.2339 deg) | TransErr = 73.34 mm [FAILS]
    Alternative Pair with Shard 3 (NOT ACTIVE IN TREE):
      Candidate choice=1 inlier=26 | RotErr = 2.0388 rad (116.8132 deg) | TransErr = 42.47 mm [FAILS]
      Candidate choice=2 inlier=24 | RotErr = 3.0998 rad (177.6061 deg) | TransErr = 55.78 mm [FAILS]
      Candidate choice=3 inlier=28 | RotErr = 0.4170 rad (23.8912 deg) | TransErr = 39.65 mm [FAILS]
    Alternative Pair with Shard 24 (NOT ACTIVE IN TREE):
      Candidate choice=1 inlier=32 | RotErr = 3.1391 rad (179.8574 deg) | TransErr = 68.10 mm [FAILS]
      Candidate choice=2 inlier=64 | RotErr = 2.9150 rad (167.0163 deg) | TransErr = 56.79 mm [FAILS]
      Candidate choice=3 inlier=47 | RotErr = 1.9863 rad (113.8047 deg) | TransErr = 10.45 mm [FAILS]
    Alternative Pair with Shard 27 (NOT ACTIVE IN TREE):
      [No match candidates found]
    Alternative Pair with Shard 28 (NOT ACTIVE IN TREE):
      [No match candidates found]
    Alternative Pair with Shard 22 (NOT ACTIVE IN TREE):
      Candidate choice=1 inlier=18 | RotErr = 2.8028 rad (160.5875 deg) | TransErr = 25.58 mm [FAILS]
    Alternative Pair with Shard 26 (NOT ACTIVE IN TREE):
      [No match candidates found]
    Alternative Pair with Shard 7 (NOT ACTIVE IN TREE):
      Candidate choice=1 inlier=22 | RotErr = 1.5057 rad (86.2692 deg) | TransErr = 170.10 mm [FAILS]
      Candidate choice=2 inlier=10 | RotErr = 1.9292 rad (110.5342 deg) | TransErr = 120.93 mm [FAILS]
      Candidate choice=3 inlier=6 | RotErr = 2.0322 rad (116.4390 deg) | TransErr = 104.15 mm [FAILS]
    Alternative Pair with Shard 15 (NOT ACTIVE IN TREE):
      [No match candidates found]
  Shard 21 (placed by parent 2):
    Alternative Pair with Shard 1 (NOT ACTIVE IN TREE):
      Candidate choice=1 inlier=34 | RotErr = 1.3846 rad (79.3346 deg) | TransErr = 43.45 mm [FAILS]
      Candidate choice=2 inlier=47 | RotErr = 2.3567 rad (135.0304 deg) | TransErr = 61.80 mm [FAILS]
      Candidate choice=3 inlier=38 | RotErr = 1.3661 rad (78.2705 deg) | TransErr = 25.50 mm [FAILS]
      Candidate choice=4 inlier=51 | RotErr = 2.9574 rad (169.4447 deg) | TransErr = 51.53 mm [FAILS]
      Candidate choice=5 inlier=45 | RotErr = 1.5190 rad (87.0331 deg) | TransErr = 43.70 mm [FAILS]
    Alternative Pair with Shard 4 (NOT ACTIVE IN TREE):
      Candidate choice=1 inlier=24 | RotErr = 1.6772 rad (96.0990 deg) | TransErr = 1.85 mm [FAILS]
      Candidate choice=2 inlier=24 | RotErr = 0.8475 rad (48.5579 deg) | TransErr = 12.48 mm [FAILS]
      Candidate choice=3 inlier=38 | RotErr = 2.3125 rad (132.4946 deg) | TransErr = 12.16 mm [FAILS]
      Candidate choice=4 inlier=51 | RotErr = 1.6910 rad (96.8878 deg) | TransErr = 31.09 mm [FAILS]
      Candidate choice=5 inlier=24 | RotErr = 3.0328 rad (173.7671 deg) | TransErr = 45.42 mm [FAILS]
    Alternative Pair with Shard 6 (NOT ACTIVE IN TREE):
      Candidate choice=1 inlier=40 | RotErr = 2.3159 rad (132.6905 deg) | TransErr = 43.11 mm [FAILS]
    Alternative Pair with Shard 19 (NOT ACTIVE IN TREE):
      Candidate choice=1 inlier=26 | RotErr = 2.7231 rad (156.0222 deg) | TransErr = 25.35 mm [FAILS]
      Candidate choice=2 inlier=8 | RotErr = 1.6700 rad (95.6834 deg) | TransErr = 25.53 mm [FAILS]
      Candidate choice=3 inlier=55 | RotErr = 3.0383 rad (174.0799 deg) | TransErr = 64.00 mm [FAILS]
    Alternative Pair with Shard 2 (ACTIVE IN TREE) [SKIPPED]
    Alternative Pair with Shard 20 (NOT ACTIVE IN TREE):
      Candidate choice=1 inlier=28 | RotErr = 1.9447 rad (111.4235 deg) | TransErr = 4.19 mm [FAILS]
      Candidate choice=2 inlier=24 | RotErr = 2.6349 rad (150.9709 deg) | TransErr = 19.78 mm [FAILS]
      Candidate choice=3 inlier=38 | RotErr = 1.1540 rad (66.1183 deg) | TransErr = 36.76 mm [FAILS]
    Alternative Pair with Shard 8 (NOT ACTIVE IN TREE):
      Candidate choice=1 inlier=38 | RotErr = 1.8050 rad (103.4198 deg) | TransErr = 146.80 mm [FAILS]
    Alternative Pair with Shard 11 (NOT ACTIVE IN TREE):
      Candidate choice=1 inlier=40 | RotErr = 2.0929 rad (119.9134 deg) | TransErr = 30.99 mm [FAILS]
      Candidate choice=2 inlier=49 | RotErr = 2.6536 rad (152.0403 deg) | TransErr = 58.43 mm [FAILS]
      Candidate choice=3 inlier=34 | RotErr = 2.4256 rad (138.9766 deg) | TransErr = 22.89 mm [FAILS]
    Alternative Pair with Shard 14 (NOT ACTIVE IN TREE):
      Candidate choice=1 inlier=32 | RotErr = 2.2163 rad (126.9838 deg) | TransErr = 52.11 mm [FAILS]
      Candidate choice=2 inlier=24 | RotErr = 1.5276 rad (87.5253 deg) | TransErr = 30.50 mm [FAILS]
    Alternative Pair with Shard 5 (NOT ACTIVE IN TREE):
      Candidate choice=1 inlier=28 | RotErr = 1.6049 rad (91.9549 deg) | TransErr = 123.40 mm [FAILS]
      Candidate choice=2 inlier=4 | RotErr = 2.6990 rad (154.6437 deg) | TransErr = 159.13 mm [FAILS]
    Alternative Pair with Shard 10 (NOT ACTIVE IN TREE):
      Candidate choice=1 inlier=26 | RotErr = 3.0860 rad (176.8125 deg) | TransErr = 63.33 mm [FAILS]
      Candidate choice=2 inlier=32 | RotErr = 2.3732 rad (135.9729 deg) | TransErr = 98.22 mm [FAILS]
    Alternative Pair with Shard 9 (NOT ACTIVE IN TREE):
      Candidate choice=1 inlier=24 | RotErr = 2.6622 rad (152.5327 deg) | TransErr = 41.42 mm [FAILS]
      Candidate choice=2 inlier=28 | RotErr = 2.8379 rad (162.6012 deg) | TransErr = 39.23 mm [FAILS]
      Candidate choice=3 inlier=38 | RotErr = 2.9234 rad (167.4996 deg) | TransErr = 34.54 mm [FAILS]
    Alternative Pair with Shard 30 (NOT ACTIVE IN TREE):
      Candidate choice=1 inlier=46 | RotErr = 1.8580 rad (106.4570 deg) | TransErr = 53.46 mm [FAILS]
      Candidate choice=2 inlier=34 | RotErr = 1.8256 rad (104.5987 deg) | TransErr = 36.38 mm [FAILS]
    Alternative Pair with Shard 18 (ACTIVE IN TREE) [SKIPPED]
    Alternative Pair with Shard 25 (NOT ACTIVE IN TREE):
      [No match candidates found]
    Alternative Pair with Shard 16 (NOT ACTIVE IN TREE):
      Candidate choice=1 inlier=26 | RotErr = 1.6984 rad (97.3128 deg) | TransErr = 125.55 mm [FAILS]
      Candidate choice=2 inlier=20 | RotErr = 2.1193 rad (121.4292 deg) | TransErr = 117.00 mm [FAILS]
    Alternative Pair with Shard 29 (NOT ACTIVE IN TREE):
      [No match candidates found]
    Alternative Pair with Shard 17 (NOT ACTIVE IN TREE):
      Candidate choice=1 inlier=49 | RotErr = 0.0741 rad (4.2473 deg) | TransErr = 4.01 mm [PASSES] -> Reward: +20.00
    Alternative Pair with Shard 23 (NOT ACTIVE IN TREE):
      [No match candidates found]
    Alternative Pair with Shard 13 (NOT ACTIVE IN TREE):
      [No match candidates found]
    Alternative Pair with Shard 31 (NOT ACTIVE IN TREE):
      Candidate choice=1 inlier=46 | RotErr = 3.0238 rad (173.2486 deg) | TransErr = 22.57 mm [FAILS]
      Candidate choice=2 inlier=26 | RotErr = 1.8586 rad (106.4922 deg) | TransErr = 59.35 mm [FAILS]
      Candidate choice=3 inlier=18 | RotErr = 2.6328 rad (150.8486 deg) | TransErr = 37.33 mm [FAILS]
    Alternative Pair with Shard 12 (NOT ACTIVE IN TREE):
      [No match candidates found]
    Alternative Pair with Shard 3 (NOT ACTIVE IN TREE):
      Candidate choice=1 inlier=28 | RotErr = 1.5383 rad (88.1402 deg) | TransErr = 31.34 mm [FAILS]
    Alternative Pair with Shard 24 (NOT ACTIVE IN TREE):
      Candidate choice=1 inlier=48 | RotErr = 2.9407 rad (168.4923 deg) | TransErr = 21.79 mm [FAILS]
      Candidate choice=2 inlier=52 | RotErr = 1.8931 rad (108.4670 deg) | TransErr = 43.77 mm [FAILS]
    Alternative Pair with Shard 27 (NOT ACTIVE IN TREE):
      [No match candidates found]
    Alternative Pair with Shard 28 (NOT ACTIVE IN TREE):
      [No match candidates found]
    Alternative Pair with Shard 22 (NOT ACTIVE IN TREE):
      [No match candidates found]
    Alternative Pair with Shard 26 (NOT ACTIVE IN TREE):
      Candidate choice=1 inlier=26 | RotErr = 1.7022 rad (97.5317 deg) | TransErr = 27.49 mm [FAILS]
    Alternative Pair with Shard 7 (NOT ACTIVE IN TREE):
      Candidate choice=1 inlier=10 | RotErr = 2.7255 rad (156.1586 deg) | TransErr = 58.62 mm [FAILS]
      Candidate choice=2 inlier=18 | RotErr = 2.9814 rad (170.8212 deg) | TransErr = 57.47 mm [FAILS]
      Candidate choice=3 inlier=4 | RotErr = 2.7790 rad (159.2248 deg) | TransErr = 83.07 mm [FAILS]
    Alternative Pair with Shard 15 (NOT ACTIVE IN TREE):
      Candidate choice=1 inlier=28 | RotErr = 2.9771 rad (170.5736 deg) | TransErr = 57.26 mm [FAILS]
  Shard 5 (placed by parent 8):
    Alternative Pair with Shard 1 (NOT ACTIVE IN TREE):
      Candidate choice=1 inlier=0 | RotErr = 2.4314 rad (139.3109 deg) | TransErr = 167.55 mm [FAILS]
      Candidate choice=2 inlier=40 | RotErr = 2.6339 rad (150.9118 deg) | TransErr = 13.31 mm [FAILS]
    Alternative Pair with Shard 4 (NOT ACTIVE IN TREE):
      [No match candidates found]
    Alternative Pair with Shard 6 (NOT ACTIVE IN TREE):
      Candidate choice=1 inlier=2 | RotErr = 1.0990 rad (62.9704 deg) | TransErr = 121.17 mm [FAILS]
      Candidate choice=2 inlier=30 | RotErr = 3.1002 rad (177.6267 deg) | TransErr = 187.60 mm [FAILS]
      Candidate choice=3 inlier=0 | RotErr = 3.0609 rad (175.3743 deg) | TransErr = 12.67 mm [FAILS]
      Candidate choice=4 inlier=0 | RotErr = 2.9450 rad (168.7389 deg) | TransErr = 6.77 mm [FAILS]
    Alternative Pair with Shard 19 (NOT ACTIVE IN TREE):
      Candidate choice=1 inlier=26 | RotErr = 2.9231 rad (167.4836 deg) | TransErr = 161.76 mm [FAILS]
      Candidate choice=2 inlier=30 | RotErr = 2.2309 rad (127.8233 deg) | TransErr = 29.45 mm [FAILS]
      Candidate choice=3 inlier=42 | RotErr = 2.4472 rad (140.2160 deg) | TransErr = 25.82 mm [FAILS]
    Alternative Pair with Shard 2 (NOT ACTIVE IN TREE):
      [No match candidates found]
    Alternative Pair with Shard 20 (NOT ACTIVE IN TREE):
      [No match candidates found]
    Alternative Pair with Shard 8 (ACTIVE IN TREE) [SKIPPED]
    Alternative Pair with Shard 11 (NOT ACTIVE IN TREE):
      Candidate choice=1 inlier=24 | RotErr = 2.5430 rad (145.7052 deg) | TransErr = 154.98 mm [FAILS]
      Candidate choice=2 inlier=54 | RotErr = 1.6868 rad (96.6462 deg) | TransErr = 32.58 mm [FAILS]
    Alternative Pair with Shard 14 (NOT ACTIVE IN TREE):
      [No match candidates found]
    Alternative Pair with Shard 21 (NOT ACTIVE IN TREE):
      Candidate choice=1 inlier=28 | RotErr = 1.6049 rad (91.9549 deg) | TransErr = 123.40 mm [FAILS]
      Candidate choice=2 inlier=4 | RotErr = 2.6990 rad (154.6437 deg) | TransErr = 159.13 mm [FAILS]
    Alternative Pair with Shard 10 (NOT ACTIVE IN TREE):
      Candidate choice=1 inlier=20 | RotErr = 2.9775 rad (170.5958 deg) | TransErr = 232.67 mm [FAILS]
      Candidate choice=2 inlier=20 | RotErr = 1.0854 rad (62.1915 deg) | TransErr = 22.98 mm [FAILS]
      Candidate choice=3 inlier=32 | RotErr = 3.0802 rad (176.4848 deg) | TransErr = 183.03 mm [FAILS]
    Alternative Pair with Shard 9 (NOT ACTIVE IN TREE):
      Candidate choice=1 inlier=0 | RotErr = 2.6094 rad (149.5054 deg) | TransErr = 128.75 mm [FAILS]
      Candidate choice=2 inlier=0 | RotErr = 2.7927 rad (160.0110 deg) | TransErr = 118.71 mm [FAILS]
      Candidate choice=3 inlier=24 | RotErr = 2.7591 rad (158.0834 deg) | TransErr = 75.72 mm [FAILS]
    Alternative Pair with Shard 30 (NOT ACTIVE IN TREE):
      Candidate choice=1 inlier=30 | RotErr = 2.9551 rad (169.3175 deg) | TransErr = 102.79 mm [FAILS]
      Candidate choice=2 inlier=26 | RotErr = 0.2637 rad (15.1095 deg) | TransErr = 9.94 mm [FAILS]
    Alternative Pair with Shard 18 (NOT ACTIVE IN TREE):
      [No match candidates found]
    Alternative Pair with Shard 25 (ACTIVE IN TREE) [SKIPPED]
    Alternative Pair with Shard 16 (NOT ACTIVE IN TREE):
      Candidate choice=1 inlier=26 | RotErr = 0.1146 rad (6.5657 deg) | TransErr = 5.91 mm [PASSES] -> Reward: +20.00
      Candidate choice=2 inlier=28 | RotErr = 0.7228 rad (41.4131 deg) | TransErr = 11.60 mm [FAILS]
      Candidate choice=3 inlier=14 | RotErr = 0.6954 rad (39.8459 deg) | TransErr = 92.25 mm [FAILS]
      Candidate choice=4 inlier=30 | RotErr = 3.0141 rad (172.6933 deg) | TransErr = 119.30 mm [FAILS]
    Alternative Pair with Shard 29 (NOT ACTIVE IN TREE):
      Candidate choice=1 inlier=34 | RotErr = 2.8242 rad (161.8144 deg) | TransErr = 104.89 mm [FAILS]
    Alternative Pair with Shard 17 (NOT ACTIVE IN TREE):
      [No match candidates found]
    Alternative Pair with Shard 23 (NOT ACTIVE IN TREE):
      Candidate choice=1 inlier=42 | RotErr = 2.9448 rad (168.7233 deg) | TransErr = 35.39 mm [FAILS]
    Alternative Pair with Shard 13 (NOT ACTIVE IN TREE):
      Candidate choice=1 inlier=0 | RotErr = 3.1380 rad (179.7956 deg) | TransErr = 155.38 mm [FAILS]
      Candidate choice=2 inlier=32 | RotErr = 0.1482 rad (8.4891 deg) | TransErr = 9.59 mm [FAILS]
      Candidate choice=3 inlier=46 | RotErr = 2.2562 rad (129.2703 deg) | TransErr = 13.12 mm [FAILS]
    Alternative Pair with Shard 31 (NOT ACTIVE IN TREE):
      [No match candidates found]
    Alternative Pair with Shard 12 (NOT ACTIVE IN TREE):
      Candidate choice=1 inlier=26 | RotErr = 3.0331 rad (173.7844 deg) | TransErr = 241.56 mm [FAILS]
      Candidate choice=2 inlier=28 | RotErr = 3.0799 rad (176.4627 deg) | TransErr = 53.13 mm [FAILS]
      Candidate choice=3 inlier=30 | RotErr = 3.1313 rad (179.4089 deg) | TransErr = 247.82 mm [FAILS]
      Candidate choice=4 inlier=46 | RotErr = 1.5931 rad (91.2756 deg) | TransErr = 15.24 mm [FAILS]
      Candidate choice=5 inlier=40 | RotErr = 2.7099 rad (155.2640 deg) | TransErr = 128.52 mm [FAILS]
      Candidate choice=6 inlier=22 | RotErr = 2.8845 rad (165.2668 deg) | TransErr = 126.81 mm [FAILS]
    Alternative Pair with Shard 3 (NOT ACTIVE IN TREE):
      Candidate choice=1 inlier=22 | RotErr = 2.8042 rad (160.6684 deg) | TransErr = 37.44 mm [FAILS]
      Candidate choice=2 inlier=0 | RotErr = 0.6497 rad (37.2277 deg) | TransErr = 145.66 mm [FAILS]
      Candidate choice=3 inlier=0 | RotErr = 0.3226 rad (18.4821 deg) | TransErr = 165.02 mm [FAILS]
      Candidate choice=4 inlier=32 | RotErr = 1.2228 rad (70.0634 deg) | TransErr = 42.56 mm [FAILS]
      Candidate choice=5 inlier=0 | RotErr = 2.9259 rad (167.6437 deg) | TransErr = 148.86 mm [FAILS]
    Alternative Pair with Shard 24 (NOT ACTIVE IN TREE):
      Candidate choice=1 inlier=16 | RotErr = 3.1233 rad (178.9494 deg) | TransErr = 31.46 mm [FAILS]
    Alternative Pair with Shard 27 (NOT ACTIVE IN TREE):
      Candidate choice=1 inlier=30 | RotErr = 0.9900 rad (56.7245 deg) | TransErr = 21.31 mm [FAILS]
      Candidate choice=2 inlier=30 | RotErr = 2.5229 rad (144.5487 deg) | TransErr = 38.20 mm [FAILS]
    Alternative Pair with Shard 28 (NOT ACTIVE IN TREE):
      Candidate choice=1 inlier=47 | RotErr = 1.1758 rad (67.3660 deg) | TransErr = 19.08 mm [FAILS]
      Candidate choice=2 inlier=45 | RotErr = 1.3874 rad (79.4904 deg) | TransErr = 21.47 mm [FAILS]
    Alternative Pair with Shard 22 (NOT ACTIVE IN TREE):
      Candidate choice=1 inlier=36 | RotErr = 2.2567 rad (129.3018 deg) | TransErr = 24.02 mm [FAILS]
      Candidate choice=2 inlier=36 | RotErr = 2.8497 rad (163.2745 deg) | TransErr = 234.84 mm [FAILS]
      Candidate choice=3 inlier=49 | RotErr = 0.5510 rad (31.5712 deg) | TransErr = 13.40 mm [FAILS]
      Candidate choice=4 inlier=0 | RotErr = 3.0337 rad (173.8182 deg) | TransErr = 172.02 mm [FAILS]
    Alternative Pair with Shard 26 (NOT ACTIVE IN TREE):
      [No match candidates found]
    Alternative Pair with Shard 7 (NOT ACTIVE IN TREE):
      Candidate choice=1 inlier=40 | RotErr = 2.2885 rad (131.1200 deg) | TransErr = 21.21 mm [FAILS]
      Candidate choice=2 inlier=18 | RotErr = 0.8285 rad (47.4713 deg) | TransErr = 26.83 mm [FAILS]
      Candidate choice=3 inlier=22 | RotErr = 0.1997 rad (11.4396 deg) | TransErr = 48.33 mm [FAILS]
      Candidate choice=4 inlier=32 | RotErr = 2.7729 rad (158.8727 deg) | TransErr = 119.15 mm [FAILS]
      Candidate choice=5 inlier=30 | RotErr = 2.9050 rad (166.4464 deg) | TransErr = 186.03 mm [FAILS]
    Alternative Pair with Shard 15 (NOT ACTIVE IN TREE):
      Candidate choice=1 inlier=14 | RotErr = 2.1032 rad (120.5034 deg) | TransErr = 43.54 mm [FAILS]
  Shard 10 (placed by parent 8):
    Alternative Pair with Shard 1 (NOT ACTIVE IN TREE):
      Candidate choice=1 inlier=36 | RotErr = 1.0087 rad (57.7961 deg) | TransErr = 147.37 mm [FAILS]
      Candidate choice=2 inlier=0 | RotErr = 2.8468 rad (163.1118 deg) | TransErr = 70.20 mm [FAILS]
    Alternative Pair with Shard 4 (NOT ACTIVE IN TREE):
      Candidate choice=1 inlier=28 | RotErr = 1.7720 rad (101.5254 deg) | TransErr = 133.24 mm [FAILS]
      Candidate choice=2 inlier=16 | RotErr = 3.0060 rad (172.2326 deg) | TransErr = 61.43 mm [FAILS]
      Candidate choice=3 inlier=34 | RotErr = 2.8989 rad (166.0963 deg) | TransErr = 62.24 mm [FAILS]
    Alternative Pair with Shard 6 (NOT ACTIVE IN TREE):
      Candidate choice=1 inlier=26 | RotErr = 3.0941 rad (177.2788 deg) | TransErr = 78.67 mm [FAILS]
      Candidate choice=2 inlier=0 | RotErr = 2.8139 rad (161.2239 deg) | TransErr = 72.24 mm [FAILS]
      Candidate choice=3 inlier=12 | RotErr = 3.0656 rad (175.6458 deg) | TransErr = 209.89 mm [FAILS]
    Alternative Pair with Shard 19 (NOT ACTIVE IN TREE):
      Candidate choice=1 inlier=28 | RotErr = 2.5867 rad (148.2054 deg) | TransErr = 157.22 mm [FAILS]
    Alternative Pair with Shard 2 (NOT ACTIVE IN TREE):
      Candidate choice=1 inlier=20 | RotErr = 3.1203 rad (178.7804 deg) | TransErr = 60.83 mm [FAILS]
      Candidate choice=2 inlier=18 | RotErr = 0.8803 rad (50.4380 deg) | TransErr = 130.37 mm [FAILS]
      Candidate choice=3 inlier=0 | RotErr = 0.6943 rad (39.7824 deg) | TransErr = 143.78 mm [FAILS]
    Alternative Pair with Shard 20 (NOT ACTIVE IN TREE):
      Candidate choice=1 inlier=20 | RotErr = 2.6180 rad (150.0031 deg) | TransErr = 106.89 mm [FAILS]
    Alternative Pair with Shard 8 (ACTIVE IN TREE) [SKIPPED]
    Alternative Pair with Shard 11 (NOT ACTIVE IN TREE):
      Candidate choice=1 inlier=0 | RotErr = 1.6487 rad (94.4637 deg) | TransErr = 145.25 mm [FAILS]
      Candidate choice=2 inlier=18 | RotErr = 2.9240 rad (167.5340 deg) | TransErr = 86.54 mm [FAILS]
      Candidate choice=3 inlier=36 | RotErr = 2.2147 rad (126.8910 deg) | TransErr = 37.68 mm [FAILS]
    Alternative Pair with Shard 14 (NOT ACTIVE IN TREE):
      Candidate choice=1 inlier=18 | RotErr = 3.1396 rad (179.8847 deg) | TransErr = 116.41 mm [FAILS]
      Candidate choice=2 inlier=4 | RotErr = 0.2273 rad (13.0210 deg) | TransErr = 94.18 mm [FAILS]
    Alternative Pair with Shard 21 (NOT ACTIVE IN TREE):
      Candidate choice=1 inlier=26 | RotErr = 3.0860 rad (176.8125 deg) | TransErr = 63.33 mm [FAILS]
      Candidate choice=2 inlier=32 | RotErr = 2.3732 rad (135.9729 deg) | TransErr = 98.22 mm [FAILS]
    Alternative Pair with Shard 5 (NOT ACTIVE IN TREE):
      Candidate choice=1 inlier=20 | RotErr = 2.9775 rad (170.5958 deg) | TransErr = 232.67 mm [FAILS]
      Candidate choice=2 inlier=20 | RotErr = 1.0854 rad (62.1915 deg) | TransErr = 22.98 mm [FAILS]
      Candidate choice=3 inlier=32 | RotErr = 3.0802 rad (176.4848 deg) | TransErr = 183.03 mm [FAILS]
    Alternative Pair with Shard 9 (NOT ACTIVE IN TREE):
      Candidate choice=1 inlier=10 | RotErr = 3.0060 rad (172.2326 deg) | TransErr = 51.73 mm [FAILS]
    Alternative Pair with Shard 30 (NOT ACTIVE IN TREE):
      Candidate choice=1 inlier=14 | RotErr = 2.5958 rad (148.7292 deg) | TransErr = 113.69 mm [FAILS]
      Candidate choice=2 inlier=26 | RotErr = 0.9572 rad (54.8416 deg) | TransErr = 101.44 mm [FAILS]
    Alternative Pair with Shard 18 (NOT ACTIVE IN TREE):
      Candidate choice=1 inlier=36 | RotErr = 2.9777 rad (170.6072 deg) | TransErr = 75.28 mm [FAILS]
      Candidate choice=2 inlier=24 | RotErr = 3.1319 rad (179.4458 deg) | TransErr = 61.97 mm [FAILS]
      Candidate choice=3 inlier=24 | RotErr = 3.1070 rad (178.0206 deg) | TransErr = 78.57 mm [FAILS]
      Candidate choice=4 inlier=0 | RotErr = 0.6666 rad (38.1938 deg) | TransErr = 244.66 mm [FAILS]
    Alternative Pair with Shard 25 (NOT ACTIVE IN TREE):
      [No match candidates found]
    Alternative Pair with Shard 16 (ACTIVE IN TREE) [SKIPPED]
    Alternative Pair with Shard 29 (ACTIVE IN TREE) [SKIPPED]
    Alternative Pair with Shard 17 (NOT ACTIVE IN TREE):
      Candidate choice=1 inlier=34 | RotErr = 1.5843 rad (90.7762 deg) | TransErr = 145.34 mm [FAILS]
      Candidate choice=2 inlier=20 | RotErr = 1.6292 rad (93.3483 deg) | TransErr = 88.78 mm [FAILS]
    Alternative Pair with Shard 23 (NOT ACTIVE IN TREE):
      Candidate choice=1 inlier=8 | RotErr = 2.9181 rad (167.1954 deg) | TransErr = 54.75 mm [FAILS]
      Candidate choice=2 inlier=24 | RotErr = 2.0613 rad (118.1013 deg) | TransErr = 160.47 mm [FAILS]
      Candidate choice=3 inlier=12 | RotErr = 2.9378 rad (168.3248 deg) | TransErr = 9.40 mm [FAILS]
    Alternative Pair with Shard 13 (NOT ACTIVE IN TREE):
      Candidate choice=1 inlier=10 | RotErr = 2.8538 rad (163.5086 deg) | TransErr = 137.01 mm [FAILS]
      Candidate choice=2 inlier=32 | RotErr = 3.0452 rad (174.4787 deg) | TransErr = 184.86 mm [FAILS]
    Alternative Pair with Shard 31 (NOT ACTIVE IN TREE):
      Candidate choice=1 inlier=20 | RotErr = 1.4463 rad (82.8690 deg) | TransErr = 89.79 mm [FAILS]
    Alternative Pair with Shard 12 (NOT ACTIVE IN TREE):
      Candidate choice=1 inlier=14 | RotErr = 1.1138 rad (63.8186 deg) | TransErr = 67.68 mm [FAILS]
      Candidate choice=2 inlier=16 | RotErr = 2.9684 rad (170.0790 deg) | TransErr = 258.01 mm [FAILS]
      Candidate choice=3 inlier=20 | RotErr = 3.0950 rad (177.3330 deg) | TransErr = 15.58 mm [FAILS]
      Candidate choice=4 inlier=24 | RotErr = 3.1039 rad (177.8387 deg) | TransErr = 234.65 mm [FAILS]
      Candidate choice=5 inlier=24 | RotErr = 2.4121 rad (138.2053 deg) | TransErr = 38.62 mm [FAILS]
      Candidate choice=6 inlier=18 | RotErr = 3.0307 rad (173.6445 deg) | TransErr = 154.26 mm [FAILS]
    Alternative Pair with Shard 3 (NOT ACTIVE IN TREE):
      [No match candidates found]
    Alternative Pair with Shard 24 (NOT ACTIVE IN TREE):
      [No match candidates found]
    Alternative Pair with Shard 27 (NOT ACTIVE IN TREE):
      [No match candidates found]
    Alternative Pair with Shard 28 (NOT ACTIVE IN TREE):
      Candidate choice=1 inlier=34 | RotErr = 2.3830 rad (136.5368 deg) | TransErr = 122.11 mm [FAILS]
    Alternative Pair with Shard 22 (NOT ACTIVE IN TREE):
      Candidate choice=1 inlier=12 | RotErr = 1.9546 rad (111.9925 deg) | TransErr = 44.60 mm [FAILS]
      Candidate choice=2 inlier=16 | RotErr = 3.1263 rad (179.1225 deg) | TransErr = 250.88 mm [FAILS]
      Candidate choice=3 inlier=32 | RotErr = 2.9456 rad (168.7713 deg) | TransErr = 245.81 mm [FAILS]
      Candidate choice=4 inlier=36 | RotErr = 2.8689 rad (164.3750 deg) | TransErr = 29.33 mm [FAILS]
    Alternative Pair with Shard 26 (NOT ACTIVE IN TREE):
      [No match candidates found]
    Alternative Pair with Shard 7 (NOT ACTIVE IN TREE):
      Candidate choice=1 inlier=48 | RotErr = 1.9531 rad (111.9019 deg) | TransErr = 22.03 mm [FAILS]
      Candidate choice=2 inlier=12 | RotErr = 1.6669 rad (95.5061 deg) | TransErr = 26.78 mm [FAILS]
      Candidate choice=3 inlier=30 | RotErr = 3.0856 rad (176.7932 deg) | TransErr = 219.43 mm [FAILS]
      Candidate choice=4 inlier=0 | RotErr = 2.8001 rad (160.4366 deg) | TransErr = 179.21 mm [FAILS]
    Alternative Pair with Shard 15 (NOT ACTIVE IN TREE):
      Candidate choice=1 inlier=36 | RotErr = 0.0900 rad (5.1543 deg) | TransErr = 14.66 mm [FAILS]
      Candidate choice=2 inlier=24 | RotErr = 1.1940 rad (68.4128 deg) | TransErr = 19.00 mm [FAILS]
      Candidate choice=3 inlier=6 | RotErr = 1.6364 rad (93.7609 deg) | TransErr = 39.48 mm [FAILS]
      Candidate choice=4 inlier=20 | RotErr = 2.8642 rad (164.1065 deg) | TransErr = 18.97 mm [FAILS]
      Candidate choice=5 inlier=0 | RotErr = 2.9421 rad (168.5714 deg) | TransErr = 234.49 mm [FAILS]
  Shard 9 (placed by parent 11):
    Alternative Pair with Shard 1 (NOT ACTIVE IN TREE):
      Candidate choice=1 inlier=44 | RotErr = 2.0676 rad (118.4628 deg) | TransErr = 13.76 mm [FAILS]
      Candidate choice=2 inlier=63 | RotErr = 1.1045 rad (63.2850 deg) | TransErr = 26.97 mm [FAILS]
      Candidate choice=3 inlier=42 | RotErr = 0.5917 rad (33.9028 deg) | TransErr = 16.29 mm [FAILS]
      Candidate choice=4 inlier=48 | RotErr = 0.9238 rad (52.9294 deg) | TransErr = 10.65 mm [FAILS]
    Alternative Pair with Shard 4 (NOT ACTIVE IN TREE):
      Candidate choice=1 inlier=101 | RotErr = 0.3370 rad (19.3092 deg) | TransErr = 7.29 mm [FAILS]
      Candidate choice=2 inlier=44 | RotErr = 0.5457 rad (31.2689 deg) | TransErr = 35.21 mm [FAILS]
      Candidate choice=3 inlier=36 | RotErr = 2.7445 rad (157.2493 deg) | TransErr = 52.44 mm [FAILS]
      Candidate choice=4 inlier=44 | RotErr = 3.0369 rad (174.0018 deg) | TransErr = 53.82 mm [FAILS]
      Candidate choice=5 inlier=38 | RotErr = 2.9974 rad (171.7370 deg) | TransErr = 50.04 mm [FAILS]
      Candidate choice=6 inlier=48 | RotErr = 0.6285 rad (36.0112 deg) | TransErr = 27.18 mm [FAILS]
    Alternative Pair with Shard 6 (NOT ACTIVE IN TREE):
      Candidate choice=1 inlier=34 | RotErr = 3.0023 rad (172.0173 deg) | TransErr = 46.43 mm [FAILS]
      Candidate choice=2 inlier=18 | RotErr = 3.0656 rad (175.6451 deg) | TransErr = 36.98 mm [FAILS]
      Candidate choice=3 inlier=30 | RotErr = 3.1082 rad (178.0861 deg) | TransErr = 28.34 mm [FAILS]
    Alternative Pair with Shard 19 (NOT ACTIVE IN TREE):
      Candidate choice=1 inlier=46 | RotErr = 0.6143 rad (35.1972 deg) | TransErr = 4.06 mm [FAILS]
      Candidate choice=2 inlier=55 | RotErr = 0.1023 rad (5.8628 deg) | TransErr = 8.80 mm [FAILS]
      Candidate choice=3 inlier=36 | RotErr = 0.3629 rad (20.7953 deg) | TransErr = 14.57 mm [FAILS]
    Alternative Pair with Shard 2 (NOT ACTIVE IN TREE):
      Candidate choice=1 inlier=32 | RotErr = 0.9734 rad (55.7746 deg) | TransErr = 23.77 mm [FAILS]
      Candidate choice=2 inlier=48 | RotErr = 3.0042 rad (172.1305 deg) | TransErr = 60.93 mm [FAILS]
      Candidate choice=3 inlier=81 | RotErr = 3.0487 rad (174.6796 deg) | TransErr = 68.15 mm [FAILS]
      Candidate choice=4 inlier=72 | RotErr = 3.0065 rad (172.2581 deg) | TransErr = 60.63 mm [FAILS]
      Candidate choice=5 inlier=42 | RotErr = 2.8243 rad (161.8199 deg) | TransErr = 49.13 mm [FAILS]
    Alternative Pair with Shard 20 (NOT ACTIVE IN TREE):
      Candidate choice=1 inlier=18 | RotErr = 2.8024 rad (160.5672 deg) | TransErr = 16.68 mm [FAILS]
      Candidate choice=2 inlier=40 | RotErr = 1.2975 rad (74.3417 deg) | TransErr = 26.67 mm [FAILS]
      Candidate choice=3 inlier=20 | RotErr = 1.5463 rad (88.5984 deg) | TransErr = 51.32 mm [FAILS]
      Candidate choice=4 inlier=32 | RotErr = 1.2274 rad (70.3239 deg) | TransErr = 16.07 mm [FAILS]
      Candidate choice=5 inlier=34 | RotErr = 0.6476 rad (37.1025 deg) | TransErr = 14.57 mm [FAILS]
    Alternative Pair with Shard 8 (NOT ACTIVE IN TREE):
      Candidate choice=1 inlier=30 | RotErr = 3.0523 rad (174.8859 deg) | TransErr = 26.11 mm [FAILS]
      Candidate choice=2 inlier=30 | RotErr = 1.8717 rad (107.2395 deg) | TransErr = 149.70 mm [FAILS]
      Candidate choice=3 inlier=2 | RotErr = 2.8582 rad (163.7601 deg) | TransErr = 115.91 mm [FAILS]
      Candidate choice=4 inlier=18 | RotErr = 2.8691 rad (164.3862 deg) | TransErr = 127.23 mm [FAILS]
    Alternative Pair with Shard 11 (ACTIVE IN TREE) [SKIPPED]
    Alternative Pair with Shard 14 (NOT ACTIVE IN TREE):
      Candidate choice=1 inlier=64 | RotErr = 2.1942 rad (125.7210 deg) | TransErr = 18.15 mm [FAILS]
      Candidate choice=2 inlier=60 | RotErr = 2.8511 rad (163.3538 deg) | TransErr = 52.08 mm [FAILS]
      Candidate choice=3 inlier=26 | RotErr = 1.6795 rad (96.2295 deg) | TransErr = 23.86 mm [FAILS]
      Candidate choice=4 inlier=34 | RotErr = 1.7743 rad (101.6582 deg) | TransErr = 14.46 mm [FAILS]
      Candidate choice=5 inlier=22 | RotErr = 2.6881 rad (154.0186 deg) | TransErr = 12.53 mm [FAILS]
    Alternative Pair with Shard 21 (NOT ACTIVE IN TREE):
      Candidate choice=1 inlier=24 | RotErr = 2.6622 rad (152.5327 deg) | TransErr = 41.42 mm [FAILS]
      Candidate choice=2 inlier=28 | RotErr = 2.8379 rad (162.6012 deg) | TransErr = 39.23 mm [FAILS]
      Candidate choice=3 inlier=38 | RotErr = 2.9234 rad (167.4996 deg) | TransErr = 34.54 mm [FAILS]
    Alternative Pair with Shard 5 (NOT ACTIVE IN TREE):
      Candidate choice=1 inlier=0 | RotErr = 2.6094 rad (149.5054 deg) | TransErr = 128.75 mm [FAILS]
      Candidate choice=2 inlier=0 | RotErr = 2.7927 rad (160.0110 deg) | TransErr = 118.71 mm [FAILS]
      Candidate choice=3 inlier=24 | RotErr = 2.7591 rad (158.0834 deg) | TransErr = 75.72 mm [FAILS]
    Alternative Pair with Shard 10 (NOT ACTIVE IN TREE):
      Candidate choice=1 inlier=10 | RotErr = 3.0060 rad (172.2326 deg) | TransErr = 51.73 mm [FAILS]
    Alternative Pair with Shard 30 (NOT ACTIVE IN TREE):
      Candidate choice=1 inlier=32 | RotErr = 2.2237 rad (127.4081 deg) | TransErr = 14.82 mm [FAILS]
      Candidate choice=2 inlier=28 | RotErr = 2.6580 rad (152.2922 deg) | TransErr = 17.77 mm [FAILS]
    Alternative Pair with Shard 18 (NOT ACTIVE IN TREE):
      [No match candidates found]
    Alternative Pair with Shard 25 (NOT ACTIVE IN TREE):
      [No match candidates found]
    Alternative Pair with Shard 16 (NOT ACTIVE IN TREE):
      [No match candidates found]
    Alternative Pair with Shard 29 (NOT ACTIVE IN TREE):
      Candidate choice=1 inlier=32 | RotErr = 1.5535 rad (89.0088 deg) | TransErr = 136.18 mm [FAILS]
    Alternative Pair with Shard 17 (NOT ACTIVE IN TREE):
      Candidate choice=1 inlier=26 | RotErr = 3.1256 rad (179.0819 deg) | TransErr = 25.37 mm [FAILS]
      Candidate choice=2 inlier=22 | RotErr = 1.7178 rad (98.4237 deg) | TransErr = 32.03 mm [FAILS]
      Candidate choice=3 inlier=38 | RotErr = 2.5576 rad (146.5405 deg) | TransErr = 38.52 mm [FAILS]
      Candidate choice=4 inlier=60 | RotErr = 2.5434 rad (145.7247 deg) | TransErr = 44.98 mm [FAILS]
    Alternative Pair with Shard 23 (NOT ACTIVE IN TREE):
      Candidate choice=1 inlier=49 | RotErr = 2.4252 rad (138.9553 deg) | TransErr = 15.02 mm [FAILS]
      Candidate choice=2 inlier=24 | RotErr = 0.9145 rad (52.3953 deg) | TransErr = 16.01 mm [FAILS]
    Alternative Pair with Shard 13 (NOT ACTIVE IN TREE):
      Candidate choice=1 inlier=20 | RotErr = 0.6512 rad (37.3129 deg) | TransErr = 109.77 mm [FAILS]
    Alternative Pair with Shard 31 (NOT ACTIVE IN TREE):
      Candidate choice=1 inlier=18 | RotErr = 1.9743 rad (113.1189 deg) | TransErr = 18.16 mm [FAILS]
      Candidate choice=2 inlier=26 | RotErr = 2.4618 rad (141.0534 deg) | TransErr = 20.58 mm [FAILS]
    Alternative Pair with Shard 12 (NOT ACTIVE IN TREE):
      Candidate choice=1 inlier=40 | RotErr = 3.1270 rad (179.1633 deg) | TransErr = 53.77 mm [FAILS]
      Candidate choice=2 inlier=32 | RotErr = 3.0709 rad (175.9491 deg) | TransErr = 55.50 mm [FAILS]
    Alternative Pair with Shard 3 (NOT ACTIVE IN TREE):
      Candidate choice=1 inlier=59 | RotErr = 3.0824 rad (176.6063 deg) | TransErr = 26.31 mm [FAILS]
    Alternative Pair with Shard 24 (NOT ACTIVE IN TREE):
      Candidate choice=1 inlier=42 | RotErr = 3.1137 rad (178.4017 deg) | TransErr = 50.32 mm [FAILS]
      Candidate choice=2 inlier=53 | RotErr = 3.0594 rad (175.2895 deg) | TransErr = 45.46 mm [FAILS]
      Candidate choice=3 inlier=49 | RotErr = 3.0503 rad (174.7684 deg) | TransErr = 50.27 mm [FAILS]
    Alternative Pair with Shard 27 (NOT ACTIVE IN TREE):
      [No match candidates found]
    Alternative Pair with Shard 28 (NOT ACTIVE IN TREE):
      Candidate choice=1 inlier=22 | RotErr = 2.9220 rad (167.4162 deg) | TransErr = 78.88 mm [FAILS]
      Candidate choice=2 inlier=32 | RotErr = 3.0669 rad (175.7206 deg) | TransErr = 49.05 mm [FAILS]
    Alternative Pair with Shard 22 (NOT ACTIVE IN TREE):
      Candidate choice=1 inlier=34 | RotErr = 1.2001 rad (68.7619 deg) | TransErr = 155.66 mm [FAILS]
    Alternative Pair with Shard 26 (NOT ACTIVE IN TREE):
      [No match candidates found]
    Alternative Pair with Shard 7 (NOT ACTIVE IN TREE):
      Candidate choice=1 inlier=24 | RotErr = 2.6614 rad (152.4879 deg) | TransErr = 96.17 mm [FAILS]
    Alternative Pair with Shard 15 (NOT ACTIVE IN TREE):
      Candidate choice=1 inlier=28 | RotErr = 2.7983 rad (160.3323 deg) | TransErr = 105.69 mm [FAILS]
      Candidate choice=2 inlier=14 | RotErr = 2.9076 rad (166.5950 deg) | TransErr = 80.53 mm [FAILS]
  Shard 30 (placed by parent 14):
    Alternative Pair with Shard 1 (NOT ACTIVE IN TREE):
      Candidate choice=1 inlier=36 | RotErr = 3.0127 rad (172.6139 deg) | TransErr = 62.81 mm [FAILS]
      Candidate choice=2 inlier=30 | RotErr = 1.6885 rad (96.7454 deg) | TransErr = 22.94 mm [FAILS]
      Candidate choice=3 inlier=41 | RotErr = 2.9430 rad (168.6236 deg) | TransErr = 65.73 mm [FAILS]
    Alternative Pair with Shard 4 (NOT ACTIVE IN TREE):
      Candidate choice=1 inlier=30 | RotErr = 3.0749 rad (176.1812 deg) | TransErr = 45.27 mm [FAILS]
      Candidate choice=2 inlier=30 | RotErr = 2.9108 rad (166.7752 deg) | TransErr = 46.17 mm [FAILS]
      Candidate choice=3 inlier=36 | RotErr = 2.0992 rad (120.2758 deg) | TransErr = 17.66 mm [FAILS]
      Candidate choice=4 inlier=26 | RotErr = 3.0812 rad (176.5392 deg) | TransErr = 51.07 mm [FAILS]
    Alternative Pair with Shard 6 (NOT ACTIVE IN TREE):
      Candidate choice=1 inlier=30 | RotErr = 0.8074 rad (46.2596 deg) | TransErr = 17.39 mm [FAILS]
      Candidate choice=2 inlier=24 | RotErr = 2.4321 rad (139.3505 deg) | TransErr = 85.76 mm [FAILS]
      Candidate choice=3 inlier=28 | RotErr = 2.9260 rad (167.6498 deg) | TransErr = 82.99 mm [FAILS]
    Alternative Pair with Shard 19 (NOT ACTIVE IN TREE):
      Candidate choice=1 inlier=34 | RotErr = 3.0184 rad (172.9400 deg) | TransErr = 14.07 mm [FAILS]
      Candidate choice=2 inlier=0 | RotErr = 3.0753 rad (176.2026 deg) | TransErr = 5.66 mm [FAILS]
      Candidate choice=3 inlier=32 | RotErr = 2.0011 rad (114.6551 deg) | TransErr = 53.40 mm [FAILS]
      Candidate choice=4 inlier=34 | RotErr = 2.7956 rad (160.1760 deg) | TransErr = 60.51 mm [FAILS]
    Alternative Pair with Shard 2 (NOT ACTIVE IN TREE):
      Candidate choice=1 inlier=24 | RotErr = 2.6847 rad (153.8200 deg) | TransErr = 62.04 mm [FAILS]
      Candidate choice=2 inlier=22 | RotErr = 1.0315 rad (59.1025 deg) | TransErr = 16.51 mm [FAILS]
      Candidate choice=3 inlier=41 | RotErr = 0.7474 rad (42.8213 deg) | TransErr = 20.01 mm [FAILS]
      Candidate choice=4 inlier=22 | RotErr = 0.5866 rad (33.6086 deg) | TransErr = 23.64 mm [FAILS]
    Alternative Pair with Shard 20 (NOT ACTIVE IN TREE):
      Candidate choice=1 inlier=36 | RotErr = 2.9140 rad (166.9604 deg) | TransErr = 37.00 mm [FAILS]
      Candidate choice=2 inlier=24 | RotErr = 2.8782 rad (164.9086 deg) | TransErr = 45.47 mm [FAILS]
      Candidate choice=3 inlier=41 | RotErr = 2.1460 rad (122.9596 deg) | TransErr = 45.48 mm [FAILS]
      Candidate choice=4 inlier=36 | RotErr = 3.0316 rad (173.6987 deg) | TransErr = 57.42 mm [FAILS]
    Alternative Pair with Shard 8 (NOT ACTIVE IN TREE):
      Candidate choice=1 inlier=24 | RotErr = 0.5607 rad (32.1265 deg) | TransErr = 142.37 mm [FAILS]
      Candidate choice=2 inlier=36 | RotErr = 0.1830 rad (10.4829 deg) | TransErr = 5.16 mm [PASSES] -> Reward: +20.00
    Alternative Pair with Shard 11 (NOT ACTIVE IN TREE):
      Candidate choice=1 inlier=34 | RotErr = 2.6304 rad (150.7101 deg) | TransErr = 61.23 mm [FAILS]
      Candidate choice=2 inlier=34 | RotErr = 2.7120 rad (155.3888 deg) | TransErr = 13.54 mm [FAILS]
    Alternative Pair with Shard 14 (ACTIVE IN TREE) [SKIPPED]
    Alternative Pair with Shard 21 (NOT ACTIVE IN TREE):
      Candidate choice=1 inlier=46 | RotErr = 1.8580 rad (106.4570 deg) | TransErr = 53.46 mm [FAILS]
      Candidate choice=2 inlier=34 | RotErr = 1.8256 rad (104.5987 deg) | TransErr = 36.38 mm [FAILS]
    Alternative Pair with Shard 5 (NOT ACTIVE IN TREE):
      Candidate choice=1 inlier=30 | RotErr = 2.9551 rad (169.3175 deg) | TransErr = 102.79 mm [FAILS]
      Candidate choice=2 inlier=26 | RotErr = 0.2637 rad (15.1095 deg) | TransErr = 9.94 mm [FAILS]
    Alternative Pair with Shard 10 (NOT ACTIVE IN TREE):
      Candidate choice=1 inlier=14 | RotErr = 2.5958 rad (148.7292 deg) | TransErr = 113.69 mm [FAILS]
      Candidate choice=2 inlier=26 | RotErr = 0.9572 rad (54.8416 deg) | TransErr = 101.44 mm [FAILS]
    Alternative Pair with Shard 9 (NOT ACTIVE IN TREE):
      Candidate choice=1 inlier=32 | RotErr = 2.2237 rad (127.4081 deg) | TransErr = 14.82 mm [FAILS]
      Candidate choice=2 inlier=28 | RotErr = 2.6580 rad (152.2922 deg) | TransErr = 17.77 mm [FAILS]
    Alternative Pair with Shard 18 (NOT ACTIVE IN TREE):
      [No match candidates found]
    Alternative Pair with Shard 25 (NOT ACTIVE IN TREE):
      [No match candidates found]
    Alternative Pair with Shard 16 (NOT ACTIVE IN TREE):
      [No match candidates found]
    Alternative Pair with Shard 29 (NOT ACTIVE IN TREE):
      [No match candidates found]
    Alternative Pair with Shard 17 (NOT ACTIVE IN TREE):
      Candidate choice=1 inlier=39 | RotErr = 2.2085 rad (126.5402 deg) | TransErr = 40.36 mm [FAILS]
      Candidate choice=2 inlier=30 | RotErr = 2.1570 rad (123.5856 deg) | TransErr = 40.81 mm [FAILS]
    Alternative Pair with Shard 23 (NOT ACTIVE IN TREE):
      Candidate choice=1 inlier=41 | RotErr = 3.0169 rad (172.8564 deg) | TransErr = 67.23 mm [FAILS]
      Candidate choice=2 inlier=30 | RotErr = 2.7765 rad (159.0816 deg) | TransErr = 66.59 mm [FAILS]
    Alternative Pair with Shard 13 (NOT ACTIVE IN TREE):
      Candidate choice=1 inlier=30 | RotErr = 2.5451 rad (145.8247 deg) | TransErr = 47.71 mm [FAILS]
    Alternative Pair with Shard 31 (NOT ACTIVE IN TREE):
      [No match candidates found]
    Alternative Pair with Shard 12 (NOT ACTIVE IN TREE):
      Candidate choice=1 inlier=32 | RotErr = 3.0157 rad (172.7853 deg) | TransErr = 71.74 mm [FAILS]
    Alternative Pair with Shard 3 (NOT ACTIVE IN TREE):
      Candidate choice=1 inlier=24 | RotErr = 3.1240 rad (178.9949 deg) | TransErr = 47.24 mm [FAILS]
      Candidate choice=2 inlier=34 | RotErr = 2.8762 rad (164.7934 deg) | TransErr = 43.23 mm [FAILS]
      Candidate choice=3 inlier=34 | RotErr = 3.0968 rad (177.4341 deg) | TransErr = 47.41 mm [FAILS]
      Candidate choice=4 inlier=18 | RotErr = 0.4345 rad (24.8930 deg) | TransErr = 31.50 mm [FAILS]
    Alternative Pair with Shard 24 (NOT ACTIVE IN TREE):
      Candidate choice=1 inlier=36 | RotErr = 1.6772 rad (96.0977 deg) | TransErr = 13.97 mm [FAILS]
    Alternative Pair with Shard 27 (NOT ACTIVE IN TREE):
      [No match candidates found]
    Alternative Pair with Shard 28 (NOT ACTIVE IN TREE):
      [No match candidates found]
    Alternative Pair with Shard 22 (NOT ACTIVE IN TREE):
      Candidate choice=1 inlier=41 | RotErr = 2.5937 rad (148.6102 deg) | TransErr = 106.33 mm [FAILS]
      Candidate choice=2 inlier=43 | RotErr = 2.2248 rad (127.4692 deg) | TransErr = 77.99 mm [FAILS]
      Candidate choice=3 inlier=43 | RotErr = 2.7709 rad (158.7620 deg) | TransErr = 112.54 mm [FAILS]
    Alternative Pair with Shard 26 (NOT ACTIVE IN TREE):
      Candidate choice=1 inlier=30 | RotErr = 0.7536 rad (43.1806 deg) | TransErr = 29.29 mm [FAILS]
    Alternative Pair with Shard 7 (NOT ACTIVE IN TREE):
      Candidate choice=1 inlier=26 | RotErr = 1.2255 rad (70.2174 deg) | TransErr = 148.02 mm [FAILS]
    Alternative Pair with Shard 15 (NOT ACTIVE IN TREE):
      Candidate choice=1 inlier=18 | RotErr = 1.8270 rad (104.6808 deg) | TransErr = 137.12 mm [FAILS]
  Shard 18 (placed by parent 21):
    Alternative Pair with Shard 1 (NOT ACTIVE IN TREE):
      Candidate choice=1 inlier=8 | RotErr = 2.6784 rad (153.4608 deg) | TransErr = 118.19 mm [FAILS]
    Alternative Pair with Shard 4 (NOT ACTIVE IN TREE):
      Candidate choice=1 inlier=10 | RotErr = 2.6962 rad (154.4821 deg) | TransErr = 59.24 mm [FAILS]
      Candidate choice=2 inlier=32 | RotErr = 2.7925 rad (159.9984 deg) | TransErr = 16.20 mm [FAILS]
      Candidate choice=3 inlier=50 | RotErr = 0.1882 rad (10.7810 deg) | TransErr = 7.30 mm [PASSES] -> Reward: +20.00
    Alternative Pair with Shard 6 (NOT ACTIVE IN TREE):
      [No match candidates found]
    Alternative Pair with Shard 19 (NOT ACTIVE IN TREE):
      [No match candidates found]
    Alternative Pair with Shard 2 (NOT ACTIVE IN TREE):
      Candidate choice=1 inlier=30 | RotErr = 2.4256 rad (138.9778 deg) | TransErr = 10.50 mm [FAILS]
    Alternative Pair with Shard 20 (NOT ACTIVE IN TREE):
      Candidate choice=1 inlier=0 | RotErr = 1.8442 rad (105.6635 deg) | TransErr = 86.36 mm [FAILS]
      Candidate choice=2 inlier=22 | RotErr = 0.4128 rad (23.6507 deg) | TransErr = 21.83 mm [FAILS]
      Candidate choice=3 inlier=28 | RotErr = 1.9132 rad (109.6192 deg) | TransErr = 11.23 mm [FAILS]
      Candidate choice=4 inlier=34 | RotErr = 1.1232 rad (64.3545 deg) | TransErr = 12.06 mm [FAILS]
    Alternative Pair with Shard 8 (NOT ACTIVE IN TREE):
      [No match candidates found]
    Alternative Pair with Shard 11 (NOT ACTIVE IN TREE):
      [No match candidates found]
    Alternative Pair with Shard 14 (NOT ACTIVE IN TREE):
      [No match candidates found]
    Alternative Pair with Shard 21 (ACTIVE IN TREE) [SKIPPED]
    Alternative Pair with Shard 5 (NOT ACTIVE IN TREE):
      [No match candidates found]
    Alternative Pair with Shard 10 (NOT ACTIVE IN TREE):
      Candidate choice=1 inlier=36 | RotErr = 2.9777 rad (170.6072 deg) | TransErr = 75.28 mm [FAILS]
      Candidate choice=2 inlier=24 | RotErr = 3.1319 rad (179.4458 deg) | TransErr = 61.97 mm [FAILS]
      Candidate choice=3 inlier=24 | RotErr = 3.1070 rad (178.0206 deg) | TransErr = 78.57 mm [FAILS]
      Candidate choice=4 inlier=0 | RotErr = 0.6666 rad (38.1938 deg) | TransErr = 244.66 mm [FAILS]
    Alternative Pair with Shard 9 (NOT ACTIVE IN TREE):
      [No match candidates found]
    Alternative Pair with Shard 30 (NOT ACTIVE IN TREE):
      [No match candidates found]
    Alternative Pair with Shard 25 (NOT ACTIVE IN TREE):
      [No match candidates found]
    Alternative Pair with Shard 16 (NOT ACTIVE IN TREE):
      Candidate choice=1 inlier=32 | RotErr = 3.1225 rad (178.9058 deg) | TransErr = 48.06 mm [FAILS]
    Alternative Pair with Shard 29 (NOT ACTIVE IN TREE):
      [No match candidates found]
    Alternative Pair with Shard 17 (ACTIVE IN TREE) [SKIPPED]
    Alternative Pair with Shard 23 (ACTIVE IN TREE) [SKIPPED]
    Alternative Pair with Shard 13 (NOT ACTIVE IN TREE):
      Candidate choice=1 inlier=6 | RotErr = 3.0199 rad (173.0285 deg) | TransErr = 98.45 mm [FAILS]
    Alternative Pair with Shard 31 (NOT ACTIVE IN TREE):
      Candidate choice=1 inlier=8 | RotErr = 2.9714 rad (170.2489 deg) | TransErr = 111.23 mm [FAILS]
    Alternative Pair with Shard 12 (NOT ACTIVE IN TREE):
      [No match candidates found]
    Alternative Pair with Shard 3 (NOT ACTIVE IN TREE):
      [No match candidates found]
    Alternative Pair with Shard 24 (NOT ACTIVE IN TREE):
      [No match candidates found]
    Alternative Pair with Shard 27 (NOT ACTIVE IN TREE):
      [No match candidates found]
    Alternative Pair with Shard 28 (NOT ACTIVE IN TREE):
      [No match candidates found]
    Alternative Pair with Shard 22 (NOT ACTIVE IN TREE):
      [No match candidates found]
    Alternative Pair with Shard 26 (NOT ACTIVE IN TREE):
      [No match candidates found]
    Alternative Pair with Shard 7 (NOT ACTIVE IN TREE):
      Candidate choice=1 inlier=18 | RotErr = 2.9879 rad (171.1955 deg) | TransErr = 68.67 mm [FAILS]
      Candidate choice=2 inlier=16 | RotErr = 3.1077 rad (178.0591 deg) | TransErr = 57.48 mm [FAILS]
      Candidate choice=3 inlier=0 | RotErr = 0.2850 rad (16.3283 deg) | TransErr = 183.55 mm [FAILS]
    Alternative Pair with Shard 15 (NOT ACTIVE IN TREE):
      [No match candidates found]
  Shard 25 (placed by parent 5):
    Alternative Pair with Shard 1 (NOT ACTIVE IN TREE):
      [No match candidates found]
    Alternative Pair with Shard 4 (NOT ACTIVE IN TREE):
      Candidate choice=1 inlier=32 | RotErr = 2.9557 rad (169.3469 deg) | TransErr = 58.76 mm [FAILS]
    Alternative Pair with Shard 6 (NOT ACTIVE IN TREE):
      Candidate choice=1 inlier=26 | RotErr = 1.0707 rad (61.3442 deg) | TransErr = 21.80 mm [FAILS]
    Alternative Pair with Shard 19 (NOT ACTIVE IN TREE):
      [No match candidates found]
    Alternative Pair with Shard 2 (NOT ACTIVE IN TREE):
      [No match candidates found]
    Alternative Pair with Shard 20 (NOT ACTIVE IN TREE):
      Candidate choice=1 inlier=46 | RotErr = 2.2015 rad (126.1343 deg) | TransErr = 43.38 mm [FAILS]
    Alternative Pair with Shard 8 (NOT ACTIVE IN TREE):
      [No match candidates found]
    Alternative Pair with Shard 11 (NOT ACTIVE IN TREE):
      Candidate choice=1 inlier=32 | RotErr = 1.6699 rad (95.6810 deg) | TransErr = 19.64 mm [FAILS]
    Alternative Pair with Shard 14 (NOT ACTIVE IN TREE):
      Candidate choice=1 inlier=49 | RotErr = 3.0954 rad (177.3554 deg) | TransErr = 62.82 mm [FAILS]
    Alternative Pair with Shard 21 (NOT ACTIVE IN TREE):
      [No match candidates found]
    Alternative Pair with Shard 5 (ACTIVE IN TREE) [SKIPPED]
    Alternative Pair with Shard 10 (NOT ACTIVE IN TREE):
      [No match candidates found]
    Alternative Pair with Shard 9 (NOT ACTIVE IN TREE):
      [No match candidates found]
    Alternative Pair with Shard 30 (NOT ACTIVE IN TREE):
      [No match candidates found]
    Alternative Pair with Shard 18 (NOT ACTIVE IN TREE):
      [No match candidates found]
    Alternative Pair with Shard 16 (NOT ACTIVE IN TREE):
      Candidate choice=1 inlier=28 | RotErr = 2.9214 rad (167.3824 deg) | TransErr = 88.26 mm [FAILS]
    Alternative Pair with Shard 29 (NOT ACTIVE IN TREE):
      [No match candidates found]
    Alternative Pair with Shard 17 (NOT ACTIVE IN TREE):
      [No match candidates found]
    Alternative Pair with Shard 23 (NOT ACTIVE IN TREE):
      [No match candidates found]
    Alternative Pair with Shard 13 (ACTIVE IN TREE) [SKIPPED]
    Alternative Pair with Shard 31 (ACTIVE IN TREE) [SKIPPED]
    Alternative Pair with Shard 12 (NOT ACTIVE IN TREE):
      Candidate choice=1 inlier=22 | RotErr = 2.7948 rad (160.1312 deg) | TransErr = 144.82 mm [FAILS]
    Alternative Pair with Shard 3 (NOT ACTIVE IN TREE):
      Candidate choice=1 inlier=47 | RotErr = 0.5597 rad (32.0713 deg) | TransErr = 28.65 mm [FAILS]
      Candidate choice=2 inlier=32 | RotErr = 3.1192 rad (178.7171 deg) | TransErr = 42.74 mm [FAILS]
      Candidate choice=3 inlier=30 | RotErr = 3.0421 rad (174.2967 deg) | TransErr = 33.44 mm [FAILS]
      Candidate choice=4 inlier=47 | RotErr = 3.0176 rad (172.8947 deg) | TransErr = 42.74 mm [FAILS]
    Alternative Pair with Shard 24 (NOT ACTIVE IN TREE):
      [No match candidates found]
    Alternative Pair with Shard 27 (NOT ACTIVE IN TREE):
      Candidate choice=1 inlier=12 | RotErr = 0.9333 rad (53.4715 deg) | TransErr = 24.65 mm [FAILS]
    Alternative Pair with Shard 28 (NOT ACTIVE IN TREE):
      [No match candidates found]
    Alternative Pair with Shard 22 (NOT ACTIVE IN TREE):
      [No match candidates found]
    Alternative Pair with Shard 26 (NOT ACTIVE IN TREE):
      Candidate choice=1 inlier=26 | RotErr = 0.6644 rad (38.0670 deg) | TransErr = 26.14 mm [FAILS]
    Alternative Pair with Shard 7 (NOT ACTIVE IN TREE):
      [No match candidates found]
    Alternative Pair with Shard 15 (NOT ACTIVE IN TREE):
      Candidate choice=1 inlier=14 | RotErr = 2.8823 rad (165.1454 deg) | TransErr = 92.33 mm [FAILS]
      Candidate choice=2 inlier=14 | RotErr = 2.7311 rad (156.4816 deg) | TransErr = 93.21 mm [FAILS]
  Shard 16 (placed by parent 10):
    Alternative Pair with Shard 1 (NOT ACTIVE IN TREE):
      Candidate choice=1 inlier=0 | RotErr = 1.3143 rad (75.3064 deg) | TransErr = 182.54 mm [FAILS]
      Candidate choice=2 inlier=0 | RotErr = 1.7778 rad (101.8578 deg) | TransErr = 120.70 mm [FAILS]
      Candidate choice=3 inlier=38 | RotErr = 3.0601 rad (175.3299 deg) | TransErr = 82.81 mm [FAILS]
    Alternative Pair with Shard 4 (NOT ACTIVE IN TREE):
      Candidate choice=1 inlier=14 | RotErr = 3.0713 rad (175.9740 deg) | TransErr = 57.12 mm [FAILS]
      Candidate choice=2 inlier=0 | RotErr = 1.8558 rad (106.3268 deg) | TransErr = 163.82 mm [FAILS]
    Alternative Pair with Shard 6 (NOT ACTIVE IN TREE):
      Candidate choice=1 inlier=34 | RotErr = 2.8926 rad (165.7327 deg) | TransErr = 92.74 mm [FAILS]
      Candidate choice=2 inlier=22 | RotErr = 2.9091 rad (166.6813 deg) | TransErr = 176.65 mm [FAILS]
    Alternative Pair with Shard 19 (NOT ACTIVE IN TREE):
      Candidate choice=1 inlier=16 | RotErr = 3.0402 rad (174.1907 deg) | TransErr = 66.17 mm [FAILS]
      Candidate choice=2 inlier=26 | RotErr = 3.1144 rad (178.4429 deg) | TransErr = 99.19 mm [FAILS]
      Candidate choice=3 inlier=26 | RotErr = 2.3383 rad (133.9744 deg) | TransErr = 158.44 mm [FAILS]
      Candidate choice=4 inlier=30 | RotErr = 3.0891 rad (176.9925 deg) | TransErr = 54.42 mm [FAILS]
    Alternative Pair with Shard 2 (NOT ACTIVE IN TREE):
      Candidate choice=1 inlier=24 | RotErr = 2.3237 rad (133.1409 deg) | TransErr = 160.82 mm [FAILS]
      Candidate choice=2 inlier=10 | RotErr = 0.6302 rad (36.1073 deg) | TransErr = 161.10 mm [FAILS]
    Alternative Pair with Shard 20 (NOT ACTIVE IN TREE):
      [No match candidates found]
    Alternative Pair with Shard 8 (NOT ACTIVE IN TREE):
      Candidate choice=1 inlier=16 | RotErr = 2.9865 rad (171.1134 deg) | TransErr = 225.80 mm [FAILS]
      Candidate choice=2 inlier=22 | RotErr = 0.1399 rad (8.0179 deg) | TransErr = 17.49 mm [FAILS]
    Alternative Pair with Shard 11 (NOT ACTIVE IN TREE):
      Candidate choice=1 inlier=36 | RotErr = 3.0511 rad (174.8157 deg) | TransErr = 99.74 mm [FAILS]
      Candidate choice=2 inlier=34 | RotErr = 2.4926 rad (142.8157 deg) | TransErr = 155.75 mm [FAILS]
      Candidate choice=3 inlier=26 | RotErr = 2.9751 rad (170.4603 deg) | TransErr = 71.55 mm [FAILS]
    Alternative Pair with Shard 14 (NOT ACTIVE IN TREE):
      Candidate choice=1 inlier=4 | RotErr = 3.0324 rad (173.7458 deg) | TransErr = 88.18 mm [FAILS]
    Alternative Pair with Shard 21 (NOT ACTIVE IN TREE):
      Candidate choice=1 inlier=26 | RotErr = 1.6984 rad (97.3128 deg) | TransErr = 125.55 mm [FAILS]
      Candidate choice=2 inlier=20 | RotErr = 2.1193 rad (121.4292 deg) | TransErr = 117.00 mm [FAILS]
    Alternative Pair with Shard 5 (NOT ACTIVE IN TREE):
      Candidate choice=1 inlier=26 | RotErr = 0.1146 rad (6.5657 deg) | TransErr = 5.91 mm [PASSES] -> Reward: +20.00
      Candidate choice=2 inlier=28 | RotErr = 0.7228 rad (41.4131 deg) | TransErr = 11.60 mm [FAILS]
      Candidate choice=3 inlier=14 | RotErr = 0.6954 rad (39.8459 deg) | TransErr = 92.25 mm [FAILS]
      Candidate choice=4 inlier=30 | RotErr = 3.0141 rad (172.6933 deg) | TransErr = 119.30 mm [FAILS]
    Alternative Pair with Shard 10 (ACTIVE IN TREE) [SKIPPED]
    Alternative Pair with Shard 9 (NOT ACTIVE IN TREE):
      [No match candidates found]
    Alternative Pair with Shard 30 (NOT ACTIVE IN TREE):
      [No match candidates found]
    Alternative Pair with Shard 18 (NOT ACTIVE IN TREE):
      Candidate choice=1 inlier=32 | RotErr = 3.1225 rad (178.9058 deg) | TransErr = 48.06 mm [FAILS]
    Alternative Pair with Shard 25 (NOT ACTIVE IN TREE):
      Candidate choice=1 inlier=28 | RotErr = 2.9214 rad (167.3824 deg) | TransErr = 88.26 mm [FAILS]
    Alternative Pair with Shard 29 (NOT ACTIVE IN TREE):
      Candidate choice=1 inlier=28 | RotErr = 3.0723 rad (176.0316 deg) | TransErr = 241.91 mm [FAILS]
      Candidate choice=2 inlier=32 | RotErr = 3.0179 rad (172.9157 deg) | TransErr = 37.60 mm [FAILS]
      Candidate choice=3 inlier=22 | RotErr = 2.9671 rad (170.0016 deg) | TransErr = 203.79 mm [FAILS]
    Alternative Pair with Shard 17 (NOT ACTIVE IN TREE):
      Candidate choice=1 inlier=34 | RotErr = 2.5494 rad (146.0711 deg) | TransErr = 118.93 mm [FAILS]
      Candidate choice=2 inlier=0 | RotErr = 0.5334 rad (30.5617 deg) | TransErr = 150.34 mm [FAILS]
    Alternative Pair with Shard 23 (NOT ACTIVE IN TREE):
      Candidate choice=1 inlier=12 | RotErr = 1.3253 rad (75.9329 deg) | TransErr = 164.42 mm [FAILS]
    Alternative Pair with Shard 13 (NOT ACTIVE IN TREE):
      Candidate choice=1 inlier=26 | RotErr = 3.0353 rad (173.9085 deg) | TransErr = 191.82 mm [FAILS]
      Candidate choice=2 inlier=34 | RotErr = 2.6938 rad (154.3407 deg) | TransErr = 64.37 mm [FAILS]
      Candidate choice=3 inlier=18 | RotErr = 3.0336 rad (173.8096 deg) | TransErr = 97.59 mm [FAILS]
      Candidate choice=4 inlier=28 | RotErr = 2.9553 rad (169.3288 deg) | TransErr = 96.87 mm [FAILS]
    Alternative Pair with Shard 31 (NOT ACTIVE IN TREE):
      Candidate choice=1 inlier=18 | RotErr = 0.9491 rad (54.3799 deg) | TransErr = 82.46 mm [FAILS]
      Candidate choice=2 inlier=24 | RotErr = 2.9716 rad (170.2597 deg) | TransErr = 82.58 mm [FAILS]
    Alternative Pair with Shard 12 (NOT ACTIVE IN TREE):
      Candidate choice=1 inlier=28 | RotErr = 3.0082 rad (172.3546 deg) | TransErr = 236.76 mm [FAILS]
      Candidate choice=2 inlier=32 | RotErr = 1.8902 rad (108.3033 deg) | TransErr = 30.54 mm [FAILS]
      Candidate choice=3 inlier=34 | RotErr = 3.1316 rad (179.4271 deg) | TransErr = 163.17 mm [FAILS]
      Candidate choice=4 inlier=32 | RotErr = 1.7325 rad (99.2629 deg) | TransErr = 16.30 mm [FAILS]
      Candidate choice=5 inlier=24 | RotErr = 2.9137 rad (166.9426 deg) | TransErr = 248.35 mm [FAILS]
      Candidate choice=6 inlier=32 | RotErr = 2.5656 rad (146.9953 deg) | TransErr = 39.22 mm [FAILS]
    Alternative Pair with Shard 3 (NOT ACTIVE IN TREE):
      [No match candidates found]
    Alternative Pair with Shard 24 (NOT ACTIVE IN TREE):
      Candidate choice=1 inlier=24 | RotErr = 0.7337 rad (42.0377 deg) | TransErr = 153.79 mm [FAILS]
    Alternative Pair with Shard 27 (NOT ACTIVE IN TREE):
      [No match candidates found]
    Alternative Pair with Shard 28 (NOT ACTIVE IN TREE):
      [No match candidates found]
    Alternative Pair with Shard 22 (NOT ACTIVE IN TREE):
      Candidate choice=1 inlier=32 | RotErr = 3.1132 rad (178.3709 deg) | TransErr = 2.29 mm [FAILS]
      Candidate choice=2 inlier=26 | RotErr = 3.0057 rad (172.2160 deg) | TransErr = 246.69 mm [FAILS]
      Candidate choice=3 inlier=38 | RotErr = 1.9883 rad (113.9207 deg) | TransErr = 21.53 mm [FAILS]
    Alternative Pair with Shard 26 (NOT ACTIVE IN TREE):
      [No match candidates found]
    Alternative Pair with Shard 7 (NOT ACTIVE IN TREE):
      Candidate choice=1 inlier=34 | RotErr = 0.3313 rad (18.9814 deg) | TransErr = 18.63 mm [FAILS]
      Candidate choice=2 inlier=12 | RotErr = 3.0142 rad (172.7018 deg) | TransErr = 240.53 mm [FAILS]
    Alternative Pair with Shard 15 (NOT ACTIVE IN TREE):
      Candidate choice=1 inlier=16 | RotErr = 3.0846 rad (176.7328 deg) | TransErr = 219.19 mm [FAILS]
      Candidate choice=2 inlier=18 | RotErr = 2.9242 rad (167.5458 deg) | TransErr = 225.14 mm [FAILS]
  Shard 29 (placed by parent 10):
    Alternative Pair with Shard 1 (NOT ACTIVE IN TREE):
      Candidate choice=1 inlier=45 | RotErr = 3.0886 rad (176.9662 deg) | TransErr = 97.24 mm [FAILS]
      Candidate choice=2 inlier=39 | RotErr = 0.4908 rad (28.1205 deg) | TransErr = 152.72 mm [FAILS]
    Alternative Pair with Shard 4 (NOT ACTIVE IN TREE):
      [No match candidates found]
    Alternative Pair with Shard 6 (NOT ACTIVE IN TREE):
      Candidate choice=1 inlier=30 | RotErr = 2.8145 rad (161.2612 deg) | TransErr = 89.37 mm [FAILS]
      Candidate choice=2 inlier=22 | RotErr = 3.0499 rad (174.7461 deg) | TransErr = 188.82 mm [FAILS]
      Candidate choice=3 inlier=32 | RotErr = 0.3450 rad (19.7696 deg) | TransErr = 24.33 mm [FAILS]
    Alternative Pair with Shard 19 (NOT ACTIVE IN TREE):
      Candidate choice=1 inlier=20 | RotErr = 3.0333 rad (173.7945 deg) | TransErr = 97.43 mm [FAILS]
    Alternative Pair with Shard 2 (NOT ACTIVE IN TREE):
      Candidate choice=1 inlier=30 | RotErr = 1.2437 rad (71.2588 deg) | TransErr = 140.72 mm [FAILS]
    Alternative Pair with Shard 20 (NOT ACTIVE IN TREE):
      [No match candidates found]
    Alternative Pair with Shard 8 (NOT ACTIVE IN TREE):
      Candidate choice=1 inlier=20 | RotErr = 3.0651 rad (175.6199 deg) | TransErr = 185.36 mm [FAILS]
      Candidate choice=2 inlier=16 | RotErr = 1.7710 rad (101.4684 deg) | TransErr = 19.75 mm [FAILS]
      Candidate choice=3 inlier=20 | RotErr = 2.1869 rad (125.2986 deg) | TransErr = 34.37 mm [FAILS]
    Alternative Pair with Shard 11 (NOT ACTIVE IN TREE):
      [No match candidates found]
    Alternative Pair with Shard 14 (NOT ACTIVE IN TREE):
      [No match candidates found]
    Alternative Pair with Shard 21 (NOT ACTIVE IN TREE):
      [No match candidates found]
    Alternative Pair with Shard 5 (NOT ACTIVE IN TREE):
      Candidate choice=1 inlier=34 | RotErr = 2.8242 rad (161.8144 deg) | TransErr = 104.89 mm [FAILS]
    Alternative Pair with Shard 10 (ACTIVE IN TREE) [SKIPPED]
    Alternative Pair with Shard 9 (NOT ACTIVE IN TREE):
      Candidate choice=1 inlier=32 | RotErr = 1.5535 rad (89.0088 deg) | TransErr = 136.18 mm [FAILS]
    Alternative Pair with Shard 30 (NOT ACTIVE IN TREE):
      [No match candidates found]
    Alternative Pair with Shard 18 (NOT ACTIVE IN TREE):
      [No match candidates found]
    Alternative Pair with Shard 25 (NOT ACTIVE IN TREE):
      [No match candidates found]
    Alternative Pair with Shard 16 (NOT ACTIVE IN TREE):
      Candidate choice=1 inlier=28 | RotErr = 3.0723 rad (176.0316 deg) | TransErr = 241.91 mm [FAILS]
      Candidate choice=2 inlier=32 | RotErr = 3.0179 rad (172.9157 deg) | TransErr = 37.60 mm [FAILS]
      Candidate choice=3 inlier=22 | RotErr = 2.9671 rad (170.0016 deg) | TransErr = 203.79 mm [FAILS]
    Alternative Pair with Shard 17 (NOT ACTIVE IN TREE):
      Candidate choice=1 inlier=28 | RotErr = 2.4962 rad (143.0220 deg) | TransErr = 114.85 mm [FAILS]
    Alternative Pair with Shard 23 (NOT ACTIVE IN TREE):
      [No match candidates found]
    Alternative Pair with Shard 13 (NOT ACTIVE IN TREE):
      Candidate choice=1 inlier=36 | RotErr = 1.7468 rad (100.0863 deg) | TransErr = 57.21 mm [FAILS]
    Alternative Pair with Shard 31 (NOT ACTIVE IN TREE):
      [No match candidates found]
    Alternative Pair with Shard 12 (ACTIVE IN TREE) [SKIPPED]
    Alternative Pair with Shard 3 (NOT ACTIVE IN TREE):
      [No match candidates found]
    Alternative Pair with Shard 24 (NOT ACTIVE IN TREE):
      [No match candidates found]
    Alternative Pair with Shard 27 (NOT ACTIVE IN TREE):
      [No match candidates found]
    Alternative Pair with Shard 28 (NOT ACTIVE IN TREE):
      [No match candidates found]
    Alternative Pair with Shard 22 (NOT ACTIVE IN TREE):
      Candidate choice=1 inlier=34 | RotErr = 1.3360 rad (76.5446 deg) | TransErr = 27.62 mm [FAILS]
    Alternative Pair with Shard 26 (NOT ACTIVE IN TREE):
      [No match candidates found]
    Alternative Pair with Shard 7 (NOT ACTIVE IN TREE):
      Candidate choice=1 inlier=30 | RotErr = 2.9724 rad (170.3080 deg) | TransErr = 233.15 mm [FAILS]
      Candidate choice=2 inlier=18 | RotErr = 2.9363 rad (168.2375 deg) | TransErr = 199.92 mm [FAILS]
    Alternative Pair with Shard 15 (NOT ACTIVE IN TREE):
      [No match candidates found]
  Shard 17 (placed by parent 18):
    Alternative Pair with Shard 1 (NOT ACTIVE IN TREE):
      Candidate choice=1 inlier=34 | RotErr = 2.2939 rad (131.4309 deg) | TransErr = 48.87 mm [FAILS]
      Candidate choice=2 inlier=0 | RotErr = 2.4574 rad (140.7988 deg) | TransErr = 35.93 mm [FAILS]
      Candidate choice=3 inlier=0 | RotErr = 2.6244 rad (150.3684 deg) | TransErr = 26.14 mm [FAILS]
    Alternative Pair with Shard 4 (NOT ACTIVE IN TREE):
      Candidate choice=1 inlier=26 | RotErr = 2.1508 rad (123.2315 deg) | TransErr = 36.66 mm [FAILS]
      Candidate choice=2 inlier=26 | RotErr = 2.6664 rad (152.7747 deg) | TransErr = 38.35 mm [FAILS]
      Candidate choice=3 inlier=22 | RotErr = 3.1379 rad (179.7864 deg) | TransErr = 27.11 mm [FAILS]
      Candidate choice=4 inlier=10 | RotErr = 1.9286 rad (110.5012 deg) | TransErr = 25.43 mm [FAILS]
    Alternative Pair with Shard 6 (NOT ACTIVE IN TREE):
      Candidate choice=1 inlier=20 | RotErr = 1.6939 rad (97.0562 deg) | TransErr = 40.23 mm [FAILS]
      Candidate choice=2 inlier=32 | RotErr = 1.7128 rad (98.1355 deg) | TransErr = 40.19 mm [FAILS]
      Candidate choice=3 inlier=6 | RotErr = 2.4283 rad (139.1324 deg) | TransErr = 60.93 mm [FAILS]
      Candidate choice=4 inlier=16 | RotErr = 2.5736 rad (147.4585 deg) | TransErr = 50.28 mm [FAILS]
    Alternative Pair with Shard 19 (NOT ACTIVE IN TREE):
      Candidate choice=1 inlier=32 | RotErr = 2.1724 rad (124.4699 deg) | TransErr = 55.22 mm [FAILS]
      Candidate choice=2 inlier=30 | RotErr = 2.2725 rad (130.2025 deg) | TransErr = 46.02 mm [FAILS]
      Candidate choice=3 inlier=16 | RotErr = 3.0892 rad (177.0007 deg) | TransErr = 17.79 mm [FAILS]
    Alternative Pair with Shard 2 (NOT ACTIVE IN TREE):
      Candidate choice=1 inlier=22 | RotErr = 2.6491 rad (151.7813 deg) | TransErr = 54.39 mm [FAILS]
      Candidate choice=2 inlier=26 | RotErr = 1.9160 rad (109.7781 deg) | TransErr = 24.93 mm [FAILS]
      Candidate choice=3 inlier=4 | RotErr = 2.7171 rad (155.6803 deg) | TransErr = 37.75 mm [FAILS]
    Alternative Pair with Shard 20 (NOT ACTIVE IN TREE):
      Candidate choice=1 inlier=0 | RotErr = 1.2564 rad (71.9891 deg) | TransErr = 27.34 mm [FAILS]
      Candidate choice=2 inlier=20 | RotErr = 1.9545 rad (111.9845 deg) | TransErr = 38.00 mm [FAILS]
      Candidate choice=3 inlier=34 | RotErr = 2.9944 rad (171.5646 deg) | TransErr = 23.87 mm [FAILS]
      Candidate choice=4 inlier=16 | RotErr = 1.4364 rad (82.3004 deg) | TransErr = 46.96 mm [FAILS]
      Candidate choice=5 inlier=30 | RotErr = 2.9838 rad (170.9585 deg) | TransErr = 27.27 mm [FAILS]
      Candidate choice=6 inlier=26 | RotErr = 2.6970 rad (154.5275 deg) | TransErr = 14.78 mm [FAILS]
    Alternative Pair with Shard 8 (NOT ACTIVE IN TREE):
      [No match candidates found]
    Alternative Pair with Shard 11 (NOT ACTIVE IN TREE):
      Candidate choice=1 inlier=22 | RotErr = 2.4118 rad (138.1842 deg) | TransErr = 40.92 mm [FAILS]
    Alternative Pair with Shard 14 (NOT ACTIVE IN TREE):
      Candidate choice=1 inlier=28 | RotErr = 3.0350 rad (173.8924 deg) | TransErr = 58.37 mm [FAILS]
      Candidate choice=2 inlier=26 | RotErr = 2.8873 rad (165.4297 deg) | TransErr = 49.51 mm [FAILS]
      Candidate choice=3 inlier=38 | RotErr = 2.9693 rad (170.1255 deg) | TransErr = 49.89 mm [FAILS]
      Candidate choice=4 inlier=48 | RotErr = 1.2684 rad (72.6758 deg) | TransErr = 34.62 mm [FAILS]
    Alternative Pair with Shard 21 (NOT ACTIVE IN TREE):
      Candidate choice=1 inlier=49 | RotErr = 0.0741 rad (4.2473 deg) | TransErr = 4.01 mm [PASSES] -> Reward: +20.00
    Alternative Pair with Shard 5 (NOT ACTIVE IN TREE):
      [No match candidates found]
    Alternative Pair with Shard 10 (NOT ACTIVE IN TREE):
      Candidate choice=1 inlier=34 | RotErr = 1.5843 rad (90.7762 deg) | TransErr = 145.34 mm [FAILS]
      Candidate choice=2 inlier=20 | RotErr = 1.6292 rad (93.3483 deg) | TransErr = 88.78 mm [FAILS]
    Alternative Pair with Shard 9 (NOT ACTIVE IN TREE):
      Candidate choice=1 inlier=26 | RotErr = 3.1256 rad (179.0819 deg) | TransErr = 25.37 mm [FAILS]
      Candidate choice=2 inlier=22 | RotErr = 1.7178 rad (98.4237 deg) | TransErr = 32.03 mm [FAILS]
      Candidate choice=3 inlier=38 | RotErr = 2.5576 rad (146.5405 deg) | TransErr = 38.52 mm [FAILS]
      Candidate choice=4 inlier=60 | RotErr = 2.5434 rad (145.7247 deg) | TransErr = 44.98 mm [FAILS]
    Alternative Pair with Shard 30 (NOT ACTIVE IN TREE):
      Candidate choice=1 inlier=39 | RotErr = 2.2085 rad (126.5402 deg) | TransErr = 40.36 mm [FAILS]
      Candidate choice=2 inlier=30 | RotErr = 2.1570 rad (123.5856 deg) | TransErr = 40.81 mm [FAILS]
    Alternative Pair with Shard 18 (ACTIVE IN TREE) [SKIPPED]
    Alternative Pair with Shard 25 (NOT ACTIVE IN TREE):
      [No match candidates found]
    Alternative Pair with Shard 16 (NOT ACTIVE IN TREE):
      Candidate choice=1 inlier=34 | RotErr = 2.5494 rad (146.0711 deg) | TransErr = 118.93 mm [FAILS]
      Candidate choice=2 inlier=0 | RotErr = 0.5334 rad (30.5617 deg) | TransErr = 150.34 mm [FAILS]
    Alternative Pair with Shard 29 (NOT ACTIVE IN TREE):
      Candidate choice=1 inlier=28 | RotErr = 2.4962 rad (143.0220 deg) | TransErr = 114.85 mm [FAILS]
    Alternative Pair with Shard 23 (NOT ACTIVE IN TREE):
      Candidate choice=1 inlier=30 | RotErr = 1.6300 rad (93.3924 deg) | TransErr = 59.11 mm [FAILS]
      Candidate choice=2 inlier=24 | RotErr = 1.9525 rad (111.8727 deg) | TransErr = 46.81 mm [FAILS]
      Candidate choice=3 inlier=26 | RotErr = 0.5085 rad (29.1356 deg) | TransErr = 10.97 mm [FAILS]
    Alternative Pair with Shard 13 (NOT ACTIVE IN TREE):
      Candidate choice=1 inlier=26 | RotErr = 2.1699 rad (124.3269 deg) | TransErr = 89.00 mm [FAILS]
      Candidate choice=2 inlier=34 | RotErr = 3.0396 rad (174.1535 deg) | TransErr = 91.16 mm [FAILS]
    Alternative Pair with Shard 31 (NOT ACTIVE IN TREE):
      Candidate choice=1 inlier=20 | RotErr = 2.8227 rad (161.7260 deg) | TransErr = 16.03 mm [FAILS]
    Alternative Pair with Shard 12 (NOT ACTIVE IN TREE):
      Candidate choice=1 inlier=30 | RotErr = 1.7169 rad (98.3733 deg) | TransErr = 161.66 mm [FAILS]
      Candidate choice=2 inlier=28 | RotErr = 2.4248 rad (138.9315 deg) | TransErr = 81.42 mm [FAILS]
      Candidate choice=3 inlier=34 | RotErr = 2.5134 rad (144.0090 deg) | TransErr = 75.14 mm [FAILS]
      Candidate choice=4 inlier=38 | RotErr = 1.5425 rad (88.3763 deg) | TransErr = 123.79 mm [FAILS]
    Alternative Pair with Shard 3 (ACTIVE IN TREE) [SKIPPED]
    Alternative Pair with Shard 24 (NOT ACTIVE IN TREE):
      [No match candidates found]
    Alternative Pair with Shard 27 (NOT ACTIVE IN TREE):
      [No match candidates found]
    Alternative Pair with Shard 28 (NOT ACTIVE IN TREE):
      [No match candidates found]
    Alternative Pair with Shard 22 (NOT ACTIVE IN TREE):
      Candidate choice=1 inlier=52 | RotErr = 3.0459 rad (174.5174 deg) | TransErr = 86.79 mm [FAILS]
      Candidate choice=2 inlier=44 | RotErr = 1.6597 rad (95.0918 deg) | TransErr = 71.22 mm [FAILS]
    Alternative Pair with Shard 26 (NOT ACTIVE IN TREE):
      Candidate choice=1 inlier=20 | RotErr = 1.4979 rad (85.8251 deg) | TransErr = 19.63 mm [FAILS]
      Candidate choice=2 inlier=16 | RotErr = 1.7584 rad (100.7511 deg) | TransErr = 17.71 mm [FAILS]
    Alternative Pair with Shard 7 (NOT ACTIVE IN TREE):
      Candidate choice=1 inlier=26 | RotErr = 1.8327 rad (105.0038 deg) | TransErr = 127.69 mm [FAILS]
      Candidate choice=2 inlier=16 | RotErr = 1.8805 rad (107.7471 deg) | TransErr = 129.73 mm [FAILS]
      Candidate choice=3 inlier=0 | RotErr = 2.9118 rad (166.8323 deg) | TransErr = 100.73 mm [FAILS]
      Candidate choice=4 inlier=16 | RotErr = 2.9878 rad (171.1902 deg) | TransErr = 78.94 mm [FAILS]
      Candidate choice=5 inlier=18 | RotErr = 3.0663 rad (175.6878 deg) | TransErr = 50.50 mm [FAILS]
    Alternative Pair with Shard 15 (NOT ACTIVE IN TREE):
      Candidate choice=1 inlier=12 | RotErr = 1.8769 rad (107.5394 deg) | TransErr = 123.77 mm [FAILS]
  Shard 23 (placed by parent 18):
    Alternative Pair with Shard 1 (NOT ACTIVE IN TREE):
      [No match candidates found]
    Alternative Pair with Shard 4 (NOT ACTIVE IN TREE):
      Candidate choice=1 inlier=10 | RotErr = 1.1217 rad (64.2665 deg) | TransErr = 14.96 mm [FAILS]
      Candidate choice=2 inlier=38 | RotErr = 1.4450 rad (82.7942 deg) | TransErr = 8.06 mm [FAILS]
      Candidate choice=3 inlier=30 | RotErr = 1.8234 rad (104.4743 deg) | TransErr = 14.12 mm [FAILS]
    Alternative Pair with Shard 6 (NOT ACTIVE IN TREE):
      Candidate choice=1 inlier=28 | RotErr = 2.8347 rad (162.4177 deg) | TransErr = 51.82 mm [FAILS]
      Candidate choice=2 inlier=0 | RotErr = 2.0176 rad (115.5995 deg) | TransErr = 40.78 mm [FAILS]
      Candidate choice=3 inlier=16 | RotErr = 2.1452 rad (122.9124 deg) | TransErr = 113.49 mm [FAILS]
    Alternative Pair with Shard 19 (NOT ACTIVE IN TREE):
      [No match candidates found]
    Alternative Pair with Shard 2 (NOT ACTIVE IN TREE):
      Candidate choice=1 inlier=24 | RotErr = 2.8368 rad (162.5340 deg) | TransErr = 72.42 mm [FAILS]
    Alternative Pair with Shard 20 (NOT ACTIVE IN TREE):
      Candidate choice=1 inlier=42 | RotErr = 1.6634 rad (95.3084 deg) | TransErr = 50.28 mm [FAILS]
    Alternative Pair with Shard 8 (NOT ACTIVE IN TREE):
      [No match candidates found]
    Alternative Pair with Shard 11 (NOT ACTIVE IN TREE):
      [No match candidates found]
    Alternative Pair with Shard 14 (NOT ACTIVE IN TREE):
      Candidate choice=1 inlier=32 | RotErr = 3.0586 rad (175.2469 deg) | TransErr = 57.91 mm [FAILS]
      Candidate choice=2 inlier=28 | RotErr = 2.9442 rad (168.6930 deg) | TransErr = 78.25 mm [FAILS]
    Alternative Pair with Shard 21 (NOT ACTIVE IN TREE):
      [No match candidates found]
    Alternative Pair with Shard 5 (NOT ACTIVE IN TREE):
      Candidate choice=1 inlier=42 | RotErr = 2.9448 rad (168.7233 deg) | TransErr = 35.39 mm [FAILS]
    Alternative Pair with Shard 10 (NOT ACTIVE IN TREE):
      Candidate choice=1 inlier=8 | RotErr = 2.9181 rad (167.1954 deg) | TransErr = 54.75 mm [FAILS]
      Candidate choice=2 inlier=24 | RotErr = 2.0613 rad (118.1013 deg) | TransErr = 160.47 mm [FAILS]
      Candidate choice=3 inlier=12 | RotErr = 2.9378 rad (168.3248 deg) | TransErr = 9.40 mm [FAILS]
    Alternative Pair with Shard 9 (NOT ACTIVE IN TREE):
      Candidate choice=1 inlier=49 | RotErr = 2.4252 rad (138.9553 deg) | TransErr = 15.02 mm [FAILS]
      Candidate choice=2 inlier=24 | RotErr = 0.9145 rad (52.3953 deg) | TransErr = 16.01 mm [FAILS]
    Alternative Pair with Shard 30 (NOT ACTIVE IN TREE):
      Candidate choice=1 inlier=41 | RotErr = 3.0169 rad (172.8564 deg) | TransErr = 67.23 mm [FAILS]
      Candidate choice=2 inlier=30 | RotErr = 2.7765 rad (159.0816 deg) | TransErr = 66.59 mm [FAILS]
    Alternative Pair with Shard 18 (ACTIVE IN TREE) [SKIPPED]
    Alternative Pair with Shard 25 (NOT ACTIVE IN TREE):
      [No match candidates found]
    Alternative Pair with Shard 16 (NOT ACTIVE IN TREE):
      Candidate choice=1 inlier=12 | RotErr = 1.3253 rad (75.9329 deg) | TransErr = 164.42 mm [FAILS]
    Alternative Pair with Shard 29 (NOT ACTIVE IN TREE):
      [No match candidates found]
    Alternative Pair with Shard 17 (NOT ACTIVE IN TREE):
      Candidate choice=1 inlier=30 | RotErr = 1.6300 rad (93.3924 deg) | TransErr = 59.11 mm [FAILS]
      Candidate choice=2 inlier=24 | RotErr = 1.9525 rad (111.8727 deg) | TransErr = 46.81 mm [FAILS]
      Candidate choice=3 inlier=26 | RotErr = 0.5085 rad (29.1356 deg) | TransErr = 10.97 mm [FAILS]
    Alternative Pair with Shard 13 (NOT ACTIVE IN TREE):
      Candidate choice=1 inlier=18 | RotErr = 2.9167 rad (167.1150 deg) | TransErr = 38.75 mm [FAILS]
    Alternative Pair with Shard 31 (NOT ACTIVE IN TREE):
      Candidate choice=1 inlier=28 | RotErr = 3.0163 rad (172.8185 deg) | TransErr = 50.35 mm [FAILS]
    Alternative Pair with Shard 12 (NOT ACTIVE IN TREE):
      Candidate choice=1 inlier=32 | RotErr = 1.6598 rad (95.1004 deg) | TransErr = 98.95 mm [FAILS]
    Alternative Pair with Shard 3 (NOT ACTIVE IN TREE):
      Candidate choice=1 inlier=28 | RotErr = 3.0126 rad (172.6102 deg) | TransErr = 50.27 mm [FAILS]
      Candidate choice=2 inlier=32 | RotErr = 2.7180 rad (155.7283 deg) | TransErr = 47.76 mm [FAILS]
    Alternative Pair with Shard 24 (ACTIVE IN TREE) [SKIPPED]
    Alternative Pair with Shard 27 (NOT ACTIVE IN TREE):
      Candidate choice=1 inlier=8 | RotErr = 2.9229 rad (167.4699 deg) | TransErr = 63.75 mm [FAILS]
    Alternative Pair with Shard 28 (NOT ACTIVE IN TREE):
      [No match candidates found]
    Alternative Pair with Shard 22 (NOT ACTIVE IN TREE):
      Candidate choice=1 inlier=20 | RotErr = 3.1270 rad (179.1638 deg) | TransErr = 62.02 mm [FAILS]
      Candidate choice=2 inlier=26 | RotErr = 0.4560 rad (26.1257 deg) | TransErr = 89.12 mm [FAILS]
    Alternative Pair with Shard 26 (NOT ACTIVE IN TREE):
      Candidate choice=1 inlier=20 | RotErr = 1.6390 rad (93.9090 deg) | TransErr = 16.65 mm [FAILS]
    Alternative Pair with Shard 7 (NOT ACTIVE IN TREE):
      Candidate choice=1 inlier=22 | RotErr = 0.7376 rad (42.2638 deg) | TransErr = 160.58 mm [FAILS]
    Alternative Pair with Shard 15 (NOT ACTIVE IN TREE):
      Candidate choice=1 inlier=12 | RotErr = 3.0694 rad (175.8634 deg) | TransErr = 54.62 mm [FAILS]
      Candidate choice=2 inlier=22 | RotErr = 2.6727 rad (153.1367 deg) | TransErr = 168.42 mm [FAILS]
      Candidate choice=3 inlier=10 | RotErr = 3.0877 rad (176.9109 deg) | TransErr = 57.58 mm [FAILS]
  Shard 13 (placed by parent 25):
    Alternative Pair with Shard 1 (NOT ACTIVE IN TREE):
      Candidate choice=1 inlier=30 | RotErr = 3.1119 rad (178.2998 deg) | TransErr = 51.15 mm [FAILS]
      Candidate choice=2 inlier=34 | RotErr = 1.7644 rad (101.0909 deg) | TransErr = 23.30 mm [FAILS]
    Alternative Pair with Shard 4 (NOT ACTIVE IN TREE):
      [No match candidates found]
    Alternative Pair with Shard 6 (NOT ACTIVE IN TREE):
      Candidate choice=1 inlier=12 | RotErr = 1.8348 rad (105.1288 deg) | TransErr = 23.03 mm [FAILS]
    Alternative Pair with Shard 19 (NOT ACTIVE IN TREE):
      Candidate choice=1 inlier=30 | RotErr = 1.0693 rad (61.2642 deg) | TransErr = 96.35 mm [FAILS]
      Candidate choice=2 inlier=18 | RotErr = 1.0559 rad (60.4985 deg) | TransErr = 10.20 mm [FAILS]
      Candidate choice=3 inlier=0 | RotErr = 3.1214 rad (178.8429 deg) | TransErr = 57.69 mm [FAILS]
      Candidate choice=4 inlier=52 | RotErr = 2.7671 rad (158.5424 deg) | TransErr = 15.04 mm [FAILS]
      Candidate choice=5 inlier=40 | RotErr = 2.7593 rad (158.0948 deg) | TransErr = 16.93 mm [FAILS]
    Alternative Pair with Shard 2 (NOT ACTIVE IN TREE):
      [No match candidates found]
    Alternative Pair with Shard 20 (NOT ACTIVE IN TREE):
      Candidate choice=1 inlier=40 | RotErr = 2.1420 rad (122.7304 deg) | TransErr = 81.95 mm [FAILS]
      Candidate choice=2 inlier=32 | RotErr = 2.0772 rad (119.0143 deg) | TransErr = 33.23 mm [FAILS]
    Alternative Pair with Shard 8 (NOT ACTIVE IN TREE):
      Candidate choice=1 inlier=0 | RotErr = 2.2685 rad (129.9750 deg) | TransErr = 41.54 mm [FAILS]
      Candidate choice=2 inlier=12 | RotErr = 3.1384 rad (179.8152 deg) | TransErr = 143.08 mm [FAILS]
      Candidate choice=3 inlier=36 | RotErr = 0.8811 rad (50.4835 deg) | TransErr = 28.96 mm [FAILS]
    Alternative Pair with Shard 11 (NOT ACTIVE IN TREE):
      Candidate choice=1 inlier=38 | RotErr = 0.6981 rad (39.9989 deg) | TransErr = 28.71 mm [FAILS]
    Alternative Pair with Shard 14 (NOT ACTIVE IN TREE):
      Candidate choice=1 inlier=34 | RotErr = 2.7450 rad (157.2792 deg) | TransErr = 26.43 mm [FAILS]
      Candidate choice=2 inlier=32 | RotErr = 2.7860 rad (159.6276 deg) | TransErr = 60.29 mm [FAILS]
    Alternative Pair with Shard 21 (NOT ACTIVE IN TREE):
      [No match candidates found]
    Alternative Pair with Shard 5 (NOT ACTIVE IN TREE):
      Candidate choice=1 inlier=0 | RotErr = 3.1380 rad (179.7956 deg) | TransErr = 155.38 mm [FAILS]
      Candidate choice=2 inlier=32 | RotErr = 0.1482 rad (8.4891 deg) | TransErr = 9.59 mm [FAILS]
      Candidate choice=3 inlier=46 | RotErr = 2.2562 rad (129.2703 deg) | TransErr = 13.12 mm [FAILS]
    Alternative Pair with Shard 10 (NOT ACTIVE IN TREE):
      Candidate choice=1 inlier=10 | RotErr = 2.8538 rad (163.5086 deg) | TransErr = 137.01 mm [FAILS]
      Candidate choice=2 inlier=32 | RotErr = 3.0452 rad (174.4787 deg) | TransErr = 184.86 mm [FAILS]
    Alternative Pair with Shard 9 (NOT ACTIVE IN TREE):
      Candidate choice=1 inlier=20 | RotErr = 0.6512 rad (37.3129 deg) | TransErr = 109.77 mm [FAILS]
    Alternative Pair with Shard 30 (NOT ACTIVE IN TREE):
      Candidate choice=1 inlier=30 | RotErr = 2.5451 rad (145.8247 deg) | TransErr = 47.71 mm [FAILS]
    Alternative Pair with Shard 18 (NOT ACTIVE IN TREE):
      Candidate choice=1 inlier=6 | RotErr = 3.0199 rad (173.0285 deg) | TransErr = 98.45 mm [FAILS]
    Alternative Pair with Shard 25 (ACTIVE IN TREE) [SKIPPED]
    Alternative Pair with Shard 16 (NOT ACTIVE IN TREE):
      Candidate choice=1 inlier=26 | RotErr = 3.0353 rad (173.9085 deg) | TransErr = 191.82 mm [FAILS]
      Candidate choice=2 inlier=34 | RotErr = 2.6938 rad (154.3407 deg) | TransErr = 64.37 mm [FAILS]
      Candidate choice=3 inlier=18 | RotErr = 3.0336 rad (173.8096 deg) | TransErr = 97.59 mm [FAILS]
      Candidate choice=4 inlier=28 | RotErr = 2.9553 rad (169.3288 deg) | TransErr = 96.87 mm [FAILS]
    Alternative Pair with Shard 29 (NOT ACTIVE IN TREE):
      Candidate choice=1 inlier=36 | RotErr = 1.7468 rad (100.0863 deg) | TransErr = 57.21 mm [FAILS]
    Alternative Pair with Shard 17 (NOT ACTIVE IN TREE):
      Candidate choice=1 inlier=26 | RotErr = 2.1699 rad (124.3269 deg) | TransErr = 89.00 mm [FAILS]
      Candidate choice=2 inlier=34 | RotErr = 3.0396 rad (174.1535 deg) | TransErr = 91.16 mm [FAILS]
    Alternative Pair with Shard 23 (NOT ACTIVE IN TREE):
      Candidate choice=1 inlier=18 | RotErr = 2.9167 rad (167.1150 deg) | TransErr = 38.75 mm [FAILS]
    Alternative Pair with Shard 31 (NOT ACTIVE IN TREE):
      Candidate choice=1 inlier=30 | RotErr = 0.1441 rad (8.2557 deg) | TransErr = 9.82 mm [FAILS]
    Alternative Pair with Shard 12 (NOT ACTIVE IN TREE):
      Candidate choice=1 inlier=36 | RotErr = 3.1246 rad (179.0286 deg) | TransErr = 183.46 mm [FAILS]
      Candidate choice=2 inlier=26 | RotErr = 1.9423 rad (111.2859 deg) | TransErr = 26.97 mm [FAILS]
      Candidate choice=3 inlier=52 | RotErr = 0.5546 rad (31.7781 deg) | TransErr = 17.54 mm [FAILS]
      Candidate choice=4 inlier=46 | RotErr = 0.6817 rad (39.0609 deg) | TransErr = 56.82 mm [FAILS]
      Candidate choice=5 inlier=12 | RotErr = 2.7498 rad (157.5539 deg) | TransErr = 146.35 mm [FAILS]
    Alternative Pair with Shard 3 (NOT ACTIVE IN TREE):
      Candidate choice=1 inlier=30 | RotErr = 0.7214 rad (41.3325 deg) | TransErr = 28.04 mm [FAILS]
      Candidate choice=2 inlier=20 | RotErr = 2.8077 rad (160.8668 deg) | TransErr = 68.72 mm [FAILS]
      Candidate choice=3 inlier=18 | RotErr = 3.0815 rad (176.5551 deg) | TransErr = 41.26 mm [FAILS]
      Candidate choice=4 inlier=22 | RotErr = 2.0699 rad (118.5958 deg) | TransErr = 58.72 mm [FAILS]
    Alternative Pair with Shard 24 (NOT ACTIVE IN TREE):
      Candidate choice=1 inlier=30 | RotErr = 0.9431 rad (54.0378 deg) | TransErr = 106.95 mm [FAILS]
      Candidate choice=2 inlier=28 | RotErr = 3.0857 rad (176.8002 deg) | TransErr = 36.17 mm [FAILS]
    Alternative Pair with Shard 27 (ACTIVE IN TREE) [SKIPPED]
    Alternative Pair with Shard 28 (NOT ACTIVE IN TREE):
      Candidate choice=1 inlier=41 | RotErr = 0.0891 rad (5.1057 deg) | TransErr = 7.28 mm [PASSES] -> Reward: +20.00
    Alternative Pair with Shard 22 (NOT ACTIVE IN TREE):
      Candidate choice=1 inlier=0 | RotErr = 2.9735 rad (170.3694 deg) | TransErr = 182.93 mm [FAILS]
      Candidate choice=2 inlier=49 | RotErr = 0.5172 rad (29.6308 deg) | TransErr = 15.03 mm [FAILS]
      Candidate choice=3 inlier=66 | RotErr = 0.8608 rad (49.3223 deg) | TransErr = 39.87 mm [FAILS]
      Candidate choice=4 inlier=49 | RotErr = 0.2774 rad (15.8912 deg) | TransErr = 14.43 mm [FAILS]
    Alternative Pair with Shard 26 (NOT ACTIVE IN TREE):
      Candidate choice=1 inlier=26 | RotErr = 1.0999 rad (63.0184 deg) | TransErr = 23.42 mm [FAILS]
    Alternative Pair with Shard 7 (NOT ACTIVE IN TREE):
      Candidate choice=1 inlier=26 | RotErr = 0.9441 rad (54.0939 deg) | TransErr = 73.66 mm [FAILS]
      Candidate choice=2 inlier=38 | RotErr = 3.0628 rad (175.4849 deg) | TransErr = 93.55 mm [FAILS]
    Alternative Pair with Shard 15 (NOT ACTIVE IN TREE):
      Candidate choice=1 inlier=18 | RotErr = 2.6280 rad (150.5725 deg) | TransErr = 64.14 mm [FAILS]
  Shard 31 (placed by parent 25):
    Alternative Pair with Shard 1 (NOT ACTIVE IN TREE):
      Candidate choice=1 inlier=26 | RotErr = 2.7246 rad (156.1067 deg) | TransErr = 80.13 mm [FAILS]
    Alternative Pair with Shard 4 (NOT ACTIVE IN TREE):
      Candidate choice=1 inlier=20 | RotErr = 2.5070 rad (143.6420 deg) | TransErr = 29.58 mm [FAILS]
    Alternative Pair with Shard 6 (NOT ACTIVE IN TREE):
      Candidate choice=1 inlier=45 | RotErr = 2.6679 rad (152.8614 deg) | TransErr = 12.57 mm [FAILS]
    Alternative Pair with Shard 19 (NOT ACTIVE IN TREE):
      [No match candidates found]
    Alternative Pair with Shard 2 (NOT ACTIVE IN TREE):
      Candidate choice=1 inlier=0 | RotErr = 2.9283 rad (167.7802 deg) | TransErr = 33.29 mm [FAILS]
      Candidate choice=2 inlier=12 | RotErr = 3.0742 rad (176.1402 deg) | TransErr = 63.16 mm [FAILS]
      Candidate choice=3 inlier=24 | RotErr = 2.7676 rad (158.5700 deg) | TransErr = 11.86 mm [FAILS]
    Alternative Pair with Shard 20 (NOT ACTIVE IN TREE):
      Candidate choice=1 inlier=26 | RotErr = 2.5757 rad (147.5761 deg) | TransErr = 13.90 mm [FAILS]
      Candidate choice=2 inlier=20 | RotErr = 2.7091 rad (155.2184 deg) | TransErr = 34.41 mm [FAILS]
      Candidate choice=3 inlier=20 | RotErr = 2.9891 rad (171.2632 deg) | TransErr = 69.24 mm [FAILS]
    Alternative Pair with Shard 8 (NOT ACTIVE IN TREE):
      [No match candidates found]
    Alternative Pair with Shard 11 (NOT ACTIVE IN TREE):
      [No match candidates found]
    Alternative Pair with Shard 14 (NOT ACTIVE IN TREE):
      Candidate choice=1 inlier=34 | RotErr = 1.4538 rad (83.2942 deg) | TransErr = 20.95 mm [FAILS]
      Candidate choice=2 inlier=20 | RotErr = 2.6777 rad (153.4198 deg) | TransErr = 80.00 mm [FAILS]
    Alternative Pair with Shard 21 (NOT ACTIVE IN TREE):
      Candidate choice=1 inlier=46 | RotErr = 3.0238 rad (173.2486 deg) | TransErr = 22.57 mm [FAILS]
      Candidate choice=2 inlier=26 | RotErr = 1.8586 rad (106.4922 deg) | TransErr = 59.35 mm [FAILS]
      Candidate choice=3 inlier=18 | RotErr = 2.6328 rad (150.8486 deg) | TransErr = 37.33 mm [FAILS]
    Alternative Pair with Shard 5 (NOT ACTIVE IN TREE):
      [No match candidates found]
    Alternative Pair with Shard 10 (NOT ACTIVE IN TREE):
      Candidate choice=1 inlier=20 | RotErr = 1.4463 rad (82.8690 deg) | TransErr = 89.79 mm [FAILS]
    Alternative Pair with Shard 9 (NOT ACTIVE IN TREE):
      Candidate choice=1 inlier=18 | RotErr = 1.9743 rad (113.1189 deg) | TransErr = 18.16 mm [FAILS]
      Candidate choice=2 inlier=26 | RotErr = 2.4618 rad (141.0534 deg) | TransErr = 20.58 mm [FAILS]
    Alternative Pair with Shard 30 (NOT ACTIVE IN TREE):
      [No match candidates found]
    Alternative Pair with Shard 18 (NOT ACTIVE IN TREE):
      Candidate choice=1 inlier=8 | RotErr = 2.9714 rad (170.2489 deg) | TransErr = 111.23 mm [FAILS]
    Alternative Pair with Shard 25 (ACTIVE IN TREE) [SKIPPED]
    Alternative Pair with Shard 16 (NOT ACTIVE IN TREE):
      Candidate choice=1 inlier=18 | RotErr = 0.9491 rad (54.3799 deg) | TransErr = 82.46 mm [FAILS]
      Candidate choice=2 inlier=24 | RotErr = 2.9716 rad (170.2597 deg) | TransErr = 82.58 mm [FAILS]
    Alternative Pair with Shard 29 (NOT ACTIVE IN TREE):
      [No match candidates found]
    Alternative Pair with Shard 17 (NOT ACTIVE IN TREE):
      Candidate choice=1 inlier=20 | RotErr = 2.8227 rad (161.7260 deg) | TransErr = 16.03 mm [FAILS]
    Alternative Pair with Shard 23 (NOT ACTIVE IN TREE):
      Candidate choice=1 inlier=28 | RotErr = 3.0163 rad (172.8185 deg) | TransErr = 50.35 mm [FAILS]
    Alternative Pair with Shard 13 (NOT ACTIVE IN TREE):
      Candidate choice=1 inlier=30 | RotErr = 0.1441 rad (8.2557 deg) | TransErr = 9.82 mm [FAILS]
    Alternative Pair with Shard 12 (NOT ACTIVE IN TREE):
      [No match candidates found]
    Alternative Pair with Shard 3 (NOT ACTIVE IN TREE):
      Candidate choice=1 inlier=34 | RotErr = 3.0390 rad (174.1237 deg) | TransErr = 47.41 mm [FAILS]
      Candidate choice=2 inlier=28 | RotErr = 3.0298 rad (173.5971 deg) | TransErr = 40.67 mm [FAILS]
      Candidate choice=3 inlier=30 | RotErr = 2.9506 rad (169.0549 deg) | TransErr = 53.83 mm [FAILS]
      Candidate choice=4 inlier=28 | RotErr = 0.7089 rad (40.6144 deg) | TransErr = 23.54 mm [FAILS]
    Alternative Pair with Shard 24 (NOT ACTIVE IN TREE):
      Candidate choice=1 inlier=26 | RotErr = 3.0112 rad (172.5279 deg) | TransErr = 60.92 mm [FAILS]
    Alternative Pair with Shard 27 (NOT ACTIVE IN TREE):
      [No match candidates found]
    Alternative Pair with Shard 28 (ACTIVE IN TREE) [SKIPPED]
    Alternative Pair with Shard 22 (NOT ACTIVE IN TREE):
      [No match candidates found]
    Alternative Pair with Shard 26 (NOT ACTIVE IN TREE):
      [No match candidates found]
    Alternative Pair with Shard 7 (NOT ACTIVE IN TREE):
      Candidate choice=1 inlier=32 | RotErr = 2.2265 rad (127.5674 deg) | TransErr = 74.13 mm [FAILS]
      Candidate choice=2 inlier=12 | RotErr = 0.8481 rad (48.5953 deg) | TransErr = 82.62 mm [FAILS]
      Candidate choice=3 inlier=0 | RotErr = 2.8483 rad (163.1979 deg) | TransErr = 107.05 mm [FAILS]
      Candidate choice=4 inlier=0 | RotErr = 2.6434 rad (151.4531 deg) | TransErr = 110.58 mm [FAILS]
    Alternative Pair with Shard 15 (NOT ACTIVE IN TREE):
      Candidate choice=1 inlier=28 | RotErr = 1.1965 rad (68.5528 deg) | TransErr = 80.23 mm [FAILS]
  Shard 12 (placed by parent 29):
    Alternative Pair with Shard 1 (NOT ACTIVE IN TREE):
      Candidate choice=1 inlier=26 | RotErr = 3.0168 rad (172.8492 deg) | TransErr = 28.88 mm [FAILS]
    Alternative Pair with Shard 4 (NOT ACTIVE IN TREE):
      [No match candidates found]
    Alternative Pair with Shard 6 (NOT ACTIVE IN TREE):
      Candidate choice=1 inlier=26 | RotErr = 2.2919 rad (131.3143 deg) | TransErr = 146.71 mm [FAILS]
      Candidate choice=2 inlier=32 | RotErr = 2.5142 rad (144.0516 deg) | TransErr = 159.87 mm [FAILS]
      Candidate choice=3 inlier=12 | RotErr = 2.9129 rad (166.8971 deg) | TransErr = 45.37 mm [FAILS]
      Candidate choice=4 inlier=20 | RotErr = 2.9796 rad (170.7185 deg) | TransErr = 182.85 mm [FAILS]
      Candidate choice=5 inlier=34 | RotErr = 2.9315 rad (167.9653 deg) | TransErr = 212.30 mm [FAILS]
      Candidate choice=6 inlier=28 | RotErr = 1.6858 rad (96.5907 deg) | TransErr = 36.99 mm [FAILS]
    Alternative Pair with Shard 19 (NOT ACTIVE IN TREE):
      Candidate choice=1 inlier=20 | RotErr = 0.0985 rad (5.6413 deg) | TransErr = 178.81 mm [FAILS]
    Alternative Pair with Shard 2 (NOT ACTIVE IN TREE):
      Candidate choice=1 inlier=24 | RotErr = 1.4324 rad (82.0686 deg) | TransErr = 80.86 mm [FAILS]
    Alternative Pair with Shard 20 (NOT ACTIVE IN TREE):
      Candidate choice=1 inlier=38 | RotErr = 1.4701 rad (84.2292 deg) | TransErr = 72.58 mm [FAILS]
    Alternative Pair with Shard 8 (NOT ACTIVE IN TREE):
      Candidate choice=1 inlier=42 | RotErr = 3.0518 rad (174.8539 deg) | TransErr = 180.86 mm [FAILS]
      Candidate choice=2 inlier=34 | RotErr = 1.4178 rad (81.2367 deg) | TransErr = 22.44 mm [FAILS]
      Candidate choice=3 inlier=22 | RotErr = 3.0710 rad (175.9564 deg) | TransErr = 245.77 mm [FAILS]
      Candidate choice=4 inlier=0 | RotErr = 3.0801 rad (176.4778 deg) | TransErr = 40.14 mm [FAILS]
      Candidate choice=5 inlier=38 | RotErr = 2.6530 rad (152.0029 deg) | TransErr = 25.32 mm [FAILS]
      Candidate choice=6 inlier=38 | RotErr = 3.1368 rad (179.7230 deg) | TransErr = 139.83 mm [FAILS]
    Alternative Pair with Shard 11 (NOT ACTIVE IN TREE):
      Candidate choice=1 inlier=36 | RotErr = 0.1695 rad (9.7125 deg) | TransErr = 11.36 mm [FAILS]
      Candidate choice=2 inlier=32 | RotErr = 3.0557 rad (175.0809 deg) | TransErr = 96.26 mm [FAILS]
      Candidate choice=3 inlier=32 | RotErr = 0.3502 rad (20.0658 deg) | TransErr = 173.76 mm [FAILS]
    Alternative Pair with Shard 14 (NOT ACTIVE IN TREE):
      Candidate choice=1 inlier=20 | RotErr = 2.6886 rad (154.0434 deg) | TransErr = 17.64 mm [FAILS]
      Candidate choice=2 inlier=28 | RotErr = 2.3952 rad (137.2339 deg) | TransErr = 73.34 mm [FAILS]
    Alternative Pair with Shard 21 (NOT ACTIVE IN TREE):
      [No match candidates found]
    Alternative Pair with Shard 5 (NOT ACTIVE IN TREE):
      Candidate choice=1 inlier=26 | RotErr = 3.0331 rad (173.7844 deg) | TransErr = 241.56 mm [FAILS]
      Candidate choice=2 inlier=28 | RotErr = 3.0799 rad (176.4627 deg) | TransErr = 53.13 mm [FAILS]
      Candidate choice=3 inlier=30 | RotErr = 3.1313 rad (179.4089 deg) | TransErr = 247.82 mm [FAILS]
      Candidate choice=4 inlier=46 | RotErr = 1.5931 rad (91.2756 deg) | TransErr = 15.24 mm [FAILS]
      Candidate choice=5 inlier=40 | RotErr = 2.7099 rad (155.2640 deg) | TransErr = 128.52 mm [FAILS]
      Candidate choice=6 inlier=22 | RotErr = 2.8845 rad (165.2668 deg) | TransErr = 126.81 mm [FAILS]
    Alternative Pair with Shard 10 (NOT ACTIVE IN TREE):
      Candidate choice=1 inlier=14 | RotErr = 1.1138 rad (63.8186 deg) | TransErr = 67.68 mm [FAILS]
      Candidate choice=2 inlier=16 | RotErr = 2.9684 rad (170.0790 deg) | TransErr = 258.01 mm [FAILS]
      Candidate choice=3 inlier=20 | RotErr = 3.0950 rad (177.3330 deg) | TransErr = 15.58 mm [FAILS]
      Candidate choice=4 inlier=24 | RotErr = 3.1039 rad (177.8387 deg) | TransErr = 234.65 mm [FAILS]
      Candidate choice=5 inlier=24 | RotErr = 2.4121 rad (138.2053 deg) | TransErr = 38.62 mm [FAILS]
      Candidate choice=6 inlier=18 | RotErr = 3.0307 rad (173.6445 deg) | TransErr = 154.26 mm [FAILS]
    Alternative Pair with Shard 9 (NOT ACTIVE IN TREE):
      Candidate choice=1 inlier=40 | RotErr = 3.1270 rad (179.1633 deg) | TransErr = 53.77 mm [FAILS]
      Candidate choice=2 inlier=32 | RotErr = 3.0709 rad (175.9491 deg) | TransErr = 55.50 mm [FAILS]
    Alternative Pair with Shard 30 (NOT ACTIVE IN TREE):
      Candidate choice=1 inlier=32 | RotErr = 3.0157 rad (172.7853 deg) | TransErr = 71.74 mm [FAILS]
    Alternative Pair with Shard 18 (NOT ACTIVE IN TREE):
      [No match candidates found]
    Alternative Pair with Shard 25 (NOT ACTIVE IN TREE):
      Candidate choice=1 inlier=22 | RotErr = 2.7948 rad (160.1312 deg) | TransErr = 144.82 mm [FAILS]
    Alternative Pair with Shard 16 (NOT ACTIVE IN TREE):
      Candidate choice=1 inlier=28 | RotErr = 3.0082 rad (172.3546 deg) | TransErr = 236.76 mm [FAILS]
      Candidate choice=2 inlier=32 | RotErr = 1.8902 rad (108.3033 deg) | TransErr = 30.54 mm [FAILS]
      Candidate choice=3 inlier=34 | RotErr = 3.1316 rad (179.4271 deg) | TransErr = 163.17 mm [FAILS]
      Candidate choice=4 inlier=32 | RotErr = 1.7325 rad (99.2629 deg) | TransErr = 16.30 mm [FAILS]
      Candidate choice=5 inlier=24 | RotErr = 2.9137 rad (166.9426 deg) | TransErr = 248.35 mm [FAILS]
      Candidate choice=6 inlier=32 | RotErr = 2.5656 rad (146.9953 deg) | TransErr = 39.22 mm [FAILS]
    Alternative Pair with Shard 29 (ACTIVE IN TREE) [SKIPPED]
    Alternative Pair with Shard 17 (NOT ACTIVE IN TREE):
      Candidate choice=1 inlier=30 | RotErr = 1.7169 rad (98.3733 deg) | TransErr = 161.66 mm [FAILS]
      Candidate choice=2 inlier=28 | RotErr = 2.4248 rad (138.9315 deg) | TransErr = 81.42 mm [FAILS]
      Candidate choice=3 inlier=34 | RotErr = 2.5134 rad (144.0090 deg) | TransErr = 75.14 mm [FAILS]
      Candidate choice=4 inlier=38 | RotErr = 1.5425 rad (88.3763 deg) | TransErr = 123.79 mm [FAILS]
    Alternative Pair with Shard 23 (NOT ACTIVE IN TREE):
      Candidate choice=1 inlier=32 | RotErr = 1.6598 rad (95.1004 deg) | TransErr = 98.95 mm [FAILS]
    Alternative Pair with Shard 13 (NOT ACTIVE IN TREE):
      Candidate choice=1 inlier=36 | RotErr = 3.1246 rad (179.0286 deg) | TransErr = 183.46 mm [FAILS]
      Candidate choice=2 inlier=26 | RotErr = 1.9423 rad (111.2859 deg) | TransErr = 26.97 mm [FAILS]
      Candidate choice=3 inlier=52 | RotErr = 0.5546 rad (31.7781 deg) | TransErr = 17.54 mm [FAILS]
      Candidate choice=4 inlier=46 | RotErr = 0.6817 rad (39.0609 deg) | TransErr = 56.82 mm [FAILS]
      Candidate choice=5 inlier=12 | RotErr = 2.7498 rad (157.5539 deg) | TransErr = 146.35 mm [FAILS]
    Alternative Pair with Shard 31 (NOT ACTIVE IN TREE):
      [No match candidates found]
    Alternative Pair with Shard 3 (NOT ACTIVE IN TREE):
      Candidate choice=1 inlier=20 | RotErr = 3.0033 rad (172.0759 deg) | TransErr = 96.45 mm [FAILS]
    Alternative Pair with Shard 24 (NOT ACTIVE IN TREE):
      Candidate choice=1 inlier=14 | RotErr = 2.9014 rad (166.2394 deg) | TransErr = 61.45 mm [FAILS]
    Alternative Pair with Shard 27 (NOT ACTIVE IN TREE):
      [No match candidates found]
    Alternative Pair with Shard 28 (NOT ACTIVE IN TREE):
      Candidate choice=1 inlier=22 | RotErr = 1.7573 rad (100.6836 deg) | TransErr = 83.25 mm [FAILS]
    Alternative Pair with Shard 22 (ACTIVE IN TREE) [SKIPPED]
    Alternative Pair with Shard 26 (NOT ACTIVE IN TREE):
      [No match candidates found]
    Alternative Pair with Shard 7 (NOT ACTIVE IN TREE):
      Candidate choice=1 inlier=30 | RotErr = 2.5451 rad (145.8262 deg) | TransErr = 56.58 mm [FAILS]
      Candidate choice=2 inlier=32 | RotErr = 3.0305 rad (173.6371 deg) | TransErr = 188.00 mm [FAILS]
      Candidate choice=3 inlier=32 | RotErr = 3.0112 rad (172.5301 deg) | TransErr = 226.62 mm [FAILS]
      Candidate choice=4 inlier=22 | RotErr = 0.2101 rad (12.0405 deg) | TransErr = 4.58 mm [PASSES] -> Reward: +20.00
      Candidate choice=5 inlier=4 | RotErr = 3.0552 rad (175.0483 deg) | TransErr = 191.59 mm [FAILS]
      Candidate choice=6 inlier=30 | RotErr = 1.3498 rad (77.3406 deg) | TransErr = 44.72 mm [FAILS]
      Candidate choice=7 inlier=34 | RotErr = 3.0392 rad (174.1319 deg) | TransErr = 171.72 mm [FAILS]
    Alternative Pair with Shard 15 (NOT ACTIVE IN TREE):
      Candidate choice=1 inlier=14 | RotErr = 2.9714 rad (170.2499 deg) | TransErr = 201.62 mm [FAILS]
      Candidate choice=2 inlier=18 | RotErr = 3.1284 rad (179.2416 deg) | TransErr = 175.80 mm [FAILS]
      Candidate choice=3 inlier=22 | RotErr = 1.4456 rad (82.8260 deg) | TransErr = 20.56 mm [FAILS]
      Candidate choice=4 inlier=10 | RotErr = 0.1246 rad (7.1369 deg) | TransErr = 18.62 mm [FAILS]
  Shard 3 (placed by parent 17):
    Alternative Pair with Shard 1 (NOT ACTIVE IN TREE):
      Candidate choice=1 inlier=32 | RotErr = 3.1322 rad (179.4631 deg) | TransErr = 50.89 mm [FAILS]
      Candidate choice=2 inlier=42 | RotErr = 2.3920 rad (137.0495 deg) | TransErr = 51.16 mm [FAILS]
      Candidate choice=3 inlier=50 | RotErr = 2.7269 rad (156.2399 deg) | TransErr = 31.18 mm [FAILS]
    Alternative Pair with Shard 4 (NOT ACTIVE IN TREE):
      Candidate choice=1 inlier=18 | RotErr = 2.7191 rad (155.7936 deg) | TransErr = 21.48 mm [FAILS]
      Candidate choice=2 inlier=42 | RotErr = 3.1376 rad (179.7712 deg) | TransErr = 41.33 mm [FAILS]
    Alternative Pair with Shard 6 (NOT ACTIVE IN TREE):
      Candidate choice=1 inlier=46 | RotErr = 2.2393 rad (128.3007 deg) | TransErr = 33.13 mm [FAILS]
      Candidate choice=2 inlier=20 | RotErr = 0.8993 rad (51.5288 deg) | TransErr = 22.37 mm [FAILS]
      Candidate choice=3 inlier=42 | RotErr = 1.3363 rad (76.5626 deg) | TransErr = 37.93 mm [FAILS]
    Alternative Pair with Shard 19 (NOT ACTIVE IN TREE):
      Candidate choice=1 inlier=30 | RotErr = 2.8093 rad (160.9618 deg) | TransErr = 47.73 mm [FAILS]
      Candidate choice=2 inlier=46 | RotErr = 2.5659 rad (147.0140 deg) | TransErr = 50.99 mm [FAILS]
      Candidate choice=3 inlier=34 | RotErr = 2.6766 rad (153.3602 deg) | TransErr = 41.28 mm [FAILS]
    Alternative Pair with Shard 2 (NOT ACTIVE IN TREE):
      Candidate choice=1 inlier=42 | RotErr = 2.7710 rad (158.7650 deg) | TransErr = 51.69 mm [FAILS]
      Candidate choice=2 inlier=56 | RotErr = 1.1960 rad (68.5245 deg) | TransErr = 25.45 mm [FAILS]
    Alternative Pair with Shard 20 (NOT ACTIVE IN TREE):
      Candidate choice=1 inlier=24 | RotErr = 1.2168 rad (69.7165 deg) | TransErr = 28.11 mm [FAILS]
      Candidate choice=2 inlier=28 | RotErr = 1.9771 rad (113.2801 deg) | TransErr = 19.04 mm [FAILS]
      Candidate choice=3 inlier=16 | RotErr = 2.5671 rad (147.0832 deg) | TransErr = 29.74 mm [FAILS]
      Candidate choice=4 inlier=26 | RotErr = 1.0903 rad (62.4700 deg) | TransErr = 23.92 mm [FAILS]
    Alternative Pair with Shard 8 (NOT ACTIVE IN TREE):
      Candidate choice=1 inlier=0 | RotErr = 1.2280 rad (70.3586 deg) | TransErr = 150.13 mm [FAILS]
      Candidate choice=2 inlier=8 | RotErr = 2.9223 rad (167.4329 deg) | TransErr = 140.15 mm [FAILS]
    Alternative Pair with Shard 11 (NOT ACTIVE IN TREE):
      Candidate choice=1 inlier=38 | RotErr = 2.6457 rad (151.5876 deg) | TransErr = 42.48 mm [FAILS]
    Alternative Pair with Shard 14 (NOT ACTIVE IN TREE):
      Candidate choice=1 inlier=26 | RotErr = 2.0388 rad (116.8132 deg) | TransErr = 42.47 mm [FAILS]
      Candidate choice=2 inlier=24 | RotErr = 3.0998 rad (177.6061 deg) | TransErr = 55.78 mm [FAILS]
      Candidate choice=3 inlier=28 | RotErr = 0.4170 rad (23.8912 deg) | TransErr = 39.65 mm [FAILS]
    Alternative Pair with Shard 21 (NOT ACTIVE IN TREE):
      Candidate choice=1 inlier=28 | RotErr = 1.5383 rad (88.1402 deg) | TransErr = 31.34 mm [FAILS]
    Alternative Pair with Shard 5 (NOT ACTIVE IN TREE):
      Candidate choice=1 inlier=22 | RotErr = 2.8042 rad (160.6684 deg) | TransErr = 37.44 mm [FAILS]
      Candidate choice=2 inlier=0 | RotErr = 0.6497 rad (37.2277 deg) | TransErr = 145.66 mm [FAILS]
      Candidate choice=3 inlier=0 | RotErr = 0.3226 rad (18.4821 deg) | TransErr = 165.02 mm [FAILS]
      Candidate choice=4 inlier=32 | RotErr = 1.2228 rad (70.0634 deg) | TransErr = 42.56 mm [FAILS]
      Candidate choice=5 inlier=0 | RotErr = 2.9259 rad (167.6437 deg) | TransErr = 148.86 mm [FAILS]
    Alternative Pair with Shard 10 (NOT ACTIVE IN TREE):
      [No match candidates found]
    Alternative Pair with Shard 9 (NOT ACTIVE IN TREE):
      Candidate choice=1 inlier=59 | RotErr = 3.0824 rad (176.6063 deg) | TransErr = 26.31 mm [FAILS]
    Alternative Pair with Shard 30 (NOT ACTIVE IN TREE):
      Candidate choice=1 inlier=24 | RotErr = 3.1240 rad (178.9949 deg) | TransErr = 47.24 mm [FAILS]
      Candidate choice=2 inlier=34 | RotErr = 2.8762 rad (164.7934 deg) | TransErr = 43.23 mm [FAILS]
      Candidate choice=3 inlier=34 | RotErr = 3.0968 rad (177.4341 deg) | TransErr = 47.41 mm [FAILS]
      Candidate choice=4 inlier=18 | RotErr = 0.4345 rad (24.8930 deg) | TransErr = 31.50 mm [FAILS]
    Alternative Pair with Shard 18 (NOT ACTIVE IN TREE):
      [No match candidates found]
    Alternative Pair with Shard 25 (NOT ACTIVE IN TREE):
      Candidate choice=1 inlier=47 | RotErr = 0.5597 rad (32.0713 deg) | TransErr = 28.65 mm [FAILS]
      Candidate choice=2 inlier=32 | RotErr = 3.1192 rad (178.7171 deg) | TransErr = 42.74 mm [FAILS]
      Candidate choice=3 inlier=30 | RotErr = 3.0421 rad (174.2967 deg) | TransErr = 33.44 mm [FAILS]
      Candidate choice=4 inlier=47 | RotErr = 3.0176 rad (172.8947 deg) | TransErr = 42.74 mm [FAILS]
    Alternative Pair with Shard 16 (NOT ACTIVE IN TREE):
      [No match candidates found]
    Alternative Pair with Shard 29 (NOT ACTIVE IN TREE):
      [No match candidates found]
    Alternative Pair with Shard 17 (ACTIVE IN TREE) [SKIPPED]
    Alternative Pair with Shard 23 (NOT ACTIVE IN TREE):
      Candidate choice=1 inlier=28 | RotErr = 3.0126 rad (172.6102 deg) | TransErr = 50.27 mm [FAILS]
      Candidate choice=2 inlier=32 | RotErr = 2.7180 rad (155.7283 deg) | TransErr = 47.76 mm [FAILS]
    Alternative Pair with Shard 13 (NOT ACTIVE IN TREE):
      Candidate choice=1 inlier=30 | RotErr = 0.7214 rad (41.3325 deg) | TransErr = 28.04 mm [FAILS]
      Candidate choice=2 inlier=20 | RotErr = 2.8077 rad (160.8668 deg) | TransErr = 68.72 mm [FAILS]
      Candidate choice=3 inlier=18 | RotErr = 3.0815 rad (176.5551 deg) | TransErr = 41.26 mm [FAILS]
      Candidate choice=4 inlier=22 | RotErr = 2.0699 rad (118.5958 deg) | TransErr = 58.72 mm [FAILS]
    Alternative Pair with Shard 31 (NOT ACTIVE IN TREE):
      Candidate choice=1 inlier=34 | RotErr = 3.0390 rad (174.1237 deg) | TransErr = 47.41 mm [FAILS]
      Candidate choice=2 inlier=28 | RotErr = 3.0298 rad (173.5971 deg) | TransErr = 40.67 mm [FAILS]
      Candidate choice=3 inlier=30 | RotErr = 2.9506 rad (169.0549 deg) | TransErr = 53.83 mm [FAILS]
      Candidate choice=4 inlier=28 | RotErr = 0.7089 rad (40.6144 deg) | TransErr = 23.54 mm [FAILS]
    Alternative Pair with Shard 12 (NOT ACTIVE IN TREE):
      Candidate choice=1 inlier=20 | RotErr = 3.0033 rad (172.0759 deg) | TransErr = 96.45 mm [FAILS]
    Alternative Pair with Shard 24 (NOT ACTIVE IN TREE):
      Candidate choice=1 inlier=34 | RotErr = 1.4015 rad (80.3018 deg) | TransErr = 36.58 mm [FAILS]
      Candidate choice=2 inlier=34 | RotErr = 1.6460 rad (94.3096 deg) | TransErr = 25.75 mm [FAILS]
      Candidate choice=3 inlier=36 | RotErr = 2.6833 rad (153.7443 deg) | TransErr = 40.50 mm [FAILS]
    Alternative Pair with Shard 27 (NOT ACTIVE IN TREE):
      Candidate choice=1 inlier=40 | RotErr = 2.2924 rad (131.3439 deg) | TransErr = 44.86 mm [FAILS]
    Alternative Pair with Shard 28 (NOT ACTIVE IN TREE):
      Candidate choice=1 inlier=30 | RotErr = 0.7127 rad (40.8338 deg) | TransErr = 26.05 mm [FAILS]
      Candidate choice=2 inlier=0 | RotErr = 1.6175 rad (92.6779 deg) | TransErr = 48.27 mm [FAILS]
    Alternative Pair with Shard 22 (NOT ACTIVE IN TREE):
      [No match candidates found]
    Alternative Pair with Shard 26 (ACTIVE IN TREE) [SKIPPED]
    Alternative Pair with Shard 7 (NOT ACTIVE IN TREE):
      [No match candidates found]
    Alternative Pair with Shard 15 (NOT ACTIVE IN TREE):
      [No match candidates found]
  Shard 24 (placed by parent 23):
    Alternative Pair with Shard 1 (NOT ACTIVE IN TREE):
      Candidate choice=1 inlier=55 | RotErr = 2.8554 rad (163.6025 deg) | TransErr = 14.09 mm [FAILS]
      Candidate choice=2 inlier=30 | RotErr = 2.6725 rad (153.1218 deg) | TransErr = 4.13 mm [FAILS]
      Candidate choice=3 inlier=38 | RotErr = 2.6963 rad (154.4842 deg) | TransErr = 10.50 mm [FAILS]
    Alternative Pair with Shard 4 (NOT ACTIVE IN TREE):
      Candidate choice=1 inlier=44 | RotErr = 1.8146 rad (103.9664 deg) | TransErr = 15.30 mm [FAILS]
      Candidate choice=2 inlier=32 | RotErr = 2.2944 rad (131.4589 deg) | TransErr = 8.71 mm [FAILS]
      Candidate choice=3 inlier=38 | RotErr = 3.1245 rad (179.0198 deg) | TransErr = 64.52 mm [FAILS]
    Alternative Pair with Shard 6 (NOT ACTIVE IN TREE):
      Candidate choice=1 inlier=32 | RotErr = 2.9925 rad (171.4549 deg) | TransErr = 57.59 mm [FAILS]
    Alternative Pair with Shard 19 (NOT ACTIVE IN TREE):
      Candidate choice=1 inlier=32 | RotErr = 2.9197 rad (167.2883 deg) | TransErr = 30.37 mm [FAILS]
      Candidate choice=2 inlier=51 | RotErr = 1.9858 rad (113.7765 deg) | TransErr = 9.05 mm [FAILS]
    Alternative Pair with Shard 2 (NOT ACTIVE IN TREE):
      Candidate choice=1 inlier=42 | RotErr = 3.0557 rad (175.0803 deg) | TransErr = 68.07 mm [FAILS]
      Candidate choice=2 inlier=51 | RotErr = 3.0485 rad (174.6653 deg) | TransErr = 54.99 mm [FAILS]
      Candidate choice=3 inlier=47 | RotErr = 2.9763 rad (170.5266 deg) | TransErr = 52.60 mm [FAILS]
    Alternative Pair with Shard 20 (NOT ACTIVE IN TREE):
      Candidate choice=1 inlier=22 | RotErr = 2.0565 rad (117.8309 deg) | TransErr = 38.98 mm [FAILS]
      Candidate choice=2 inlier=50 | RotErr = 2.9093 rad (166.6909 deg) | TransErr = 40.27 mm [FAILS]
      Candidate choice=3 inlier=38 | RotErr = 0.8504 rad (48.7266 deg) | TransErr = 35.77 mm [FAILS]
    Alternative Pair with Shard 8 (NOT ACTIVE IN TREE):
      Candidate choice=1 inlier=12 | RotErr = 3.1333 rad (179.5223 deg) | TransErr = 67.24 mm [FAILS]
      Candidate choice=2 inlier=34 | RotErr = 2.8067 rad (160.8106 deg) | TransErr = 99.05 mm [FAILS]
    Alternative Pair with Shard 11 (NOT ACTIVE IN TREE):
      Candidate choice=1 inlier=49 | RotErr = 1.4937 rad (85.5843 deg) | TransErr = 6.31 mm [FAILS]
      Candidate choice=2 inlier=47 | RotErr = 3.0464 rad (174.5453 deg) | TransErr = 62.47 mm [FAILS]
    Alternative Pair with Shard 14 (NOT ACTIVE IN TREE):
      Candidate choice=1 inlier=32 | RotErr = 3.1391 rad (179.8574 deg) | TransErr = 68.10 mm [FAILS]
      Candidate choice=2 inlier=64 | RotErr = 2.9150 rad (167.0163 deg) | TransErr = 56.79 mm [FAILS]
      Candidate choice=3 inlier=47 | RotErr = 1.9863 rad (113.8047 deg) | TransErr = 10.45 mm [FAILS]
    Alternative Pair with Shard 21 (NOT ACTIVE IN TREE):
      Candidate choice=1 inlier=48 | RotErr = 2.9407 rad (168.4923 deg) | TransErr = 21.79 mm [FAILS]
      Candidate choice=2 inlier=52 | RotErr = 1.8931 rad (108.4670 deg) | TransErr = 43.77 mm [FAILS]
    Alternative Pair with Shard 5 (NOT ACTIVE IN TREE):
      Candidate choice=1 inlier=16 | RotErr = 3.1233 rad (178.9494 deg) | TransErr = 31.46 mm [FAILS]
    Alternative Pair with Shard 10 (NOT ACTIVE IN TREE):
      [No match candidates found]
    Alternative Pair with Shard 9 (NOT ACTIVE IN TREE):
      Candidate choice=1 inlier=42 | RotErr = 3.1137 rad (178.4017 deg) | TransErr = 50.32 mm [FAILS]
      Candidate choice=2 inlier=53 | RotErr = 3.0594 rad (175.2895 deg) | TransErr = 45.46 mm [FAILS]
      Candidate choice=3 inlier=49 | RotErr = 3.0503 rad (174.7684 deg) | TransErr = 50.27 mm [FAILS]
    Alternative Pair with Shard 30 (NOT ACTIVE IN TREE):
      Candidate choice=1 inlier=36 | RotErr = 1.6772 rad (96.0977 deg) | TransErr = 13.97 mm [FAILS]
    Alternative Pair with Shard 18 (NOT ACTIVE IN TREE):
      [No match candidates found]
    Alternative Pair with Shard 25 (NOT ACTIVE IN TREE):
      [No match candidates found]
    Alternative Pair with Shard 16 (NOT ACTIVE IN TREE):
      Candidate choice=1 inlier=24 | RotErr = 0.7337 rad (42.0377 deg) | TransErr = 153.79 mm [FAILS]
    Alternative Pair with Shard 29 (NOT ACTIVE IN TREE):
      [No match candidates found]
    Alternative Pair with Shard 17 (NOT ACTIVE IN TREE):
      [No match candidates found]
    Alternative Pair with Shard 23 (ACTIVE IN TREE) [SKIPPED]
    Alternative Pair with Shard 13 (NOT ACTIVE IN TREE):
      Candidate choice=1 inlier=30 | RotErr = 0.9431 rad (54.0378 deg) | TransErr = 106.95 mm [FAILS]
      Candidate choice=2 inlier=28 | RotErr = 3.0857 rad (176.8002 deg) | TransErr = 36.17 mm [FAILS]
    Alternative Pair with Shard 31 (NOT ACTIVE IN TREE):
      Candidate choice=1 inlier=26 | RotErr = 3.0112 rad (172.5279 deg) | TransErr = 60.92 mm [FAILS]
    Alternative Pair with Shard 12 (NOT ACTIVE IN TREE):
      Candidate choice=1 inlier=14 | RotErr = 2.9014 rad (166.2394 deg) | TransErr = 61.45 mm [FAILS]
    Alternative Pair with Shard 3 (NOT ACTIVE IN TREE):
      Candidate choice=1 inlier=34 | RotErr = 1.4015 rad (80.3018 deg) | TransErr = 36.58 mm [FAILS]
      Candidate choice=2 inlier=34 | RotErr = 1.6460 rad (94.3096 deg) | TransErr = 25.75 mm [FAILS]
      Candidate choice=3 inlier=36 | RotErr = 2.6833 rad (153.7443 deg) | TransErr = 40.50 mm [FAILS]
    Alternative Pair with Shard 27 (NOT ACTIVE IN TREE):
      Candidate choice=1 inlier=6 | RotErr = 3.1190 rad (178.7029 deg) | TransErr = 81.61 mm [FAILS]
      Candidate choice=2 inlier=16 | RotErr = 2.9000 rad (166.1556 deg) | TransErr = 75.47 mm [FAILS]
    Alternative Pair with Shard 28 (NOT ACTIVE IN TREE):
      Candidate choice=1 inlier=26 | RotErr = 2.8975 rad (166.0123 deg) | TransErr = 106.58 mm [FAILS]
    Alternative Pair with Shard 22 (NOT ACTIVE IN TREE):
      Candidate choice=1 inlier=34 | RotErr = 3.0946 rad (177.3084 deg) | TransErr = 43.26 mm [FAILS]
      Candidate choice=2 inlier=16 | RotErr = 2.9895 rad (171.2848 deg) | TransErr = 44.08 mm [FAILS]
    Alternative Pair with Shard 26 (NOT ACTIVE IN TREE):
      Candidate choice=1 inlier=34 | RotErr = 3.0877 rad (176.9147 deg) | TransErr = 42.18 mm [FAILS]
      Candidate choice=2 inlier=22 | RotErr = 2.7733 rad (158.9000 deg) | TransErr = 51.16 mm [FAILS]
    Alternative Pair with Shard 7 (NOT ACTIVE IN TREE):
      Candidate choice=1 inlier=34 | RotErr = 3.0253 rad (173.3355 deg) | TransErr = 90.74 mm [FAILS]
      Candidate choice=2 inlier=28 | RotErr = 0.3604 rad (20.6484 deg) | TransErr = 141.17 mm [FAILS]
    Alternative Pair with Shard 15 (NOT ACTIVE IN TREE):
      Candidate choice=1 inlier=0 | RotErr = 2.8257 rad (161.9003 deg) | TransErr = 51.94 mm [FAILS]
      Candidate choice=2 inlier=18 | RotErr = 2.5882 rad (148.2907 deg) | TransErr = 162.49 mm [FAILS]
  Shard 27 (placed by parent 13):
    Alternative Pair with Shard 1 (NOT ACTIVE IN TREE):
      Candidate choice=1 inlier=14 | RotErr = 1.1325 rad (64.8856 deg) | TransErr = 25.55 mm [FAILS]
    Alternative Pair with Shard 4 (NOT ACTIVE IN TREE):
      Candidate choice=1 inlier=26 | RotErr = 2.7927 rad (160.0076 deg) | TransErr = 65.26 mm [FAILS]
    Alternative Pair with Shard 6 (NOT ACTIVE IN TREE):
      [No match candidates found]
    Alternative Pair with Shard 19 (NOT ACTIVE IN TREE):
      Candidate choice=1 inlier=32 | RotErr = 1.0168 rad (58.2604 deg) | TransErr = 16.74 mm [FAILS]
      Candidate choice=2 inlier=10 | RotErr = 1.1042 rad (63.2670 deg) | TransErr = 35.60 mm [FAILS]
    Alternative Pair with Shard 2 (NOT ACTIVE IN TREE):
      [No match candidates found]
    Alternative Pair with Shard 20 (NOT ACTIVE IN TREE):
      [No match candidates found]
    Alternative Pair with Shard 8 (NOT ACTIVE IN TREE):
      Candidate choice=1 inlier=34 | RotErr = 1.8385 rad (105.3403 deg) | TransErr = 35.68 mm [FAILS]
    Alternative Pair with Shard 11 (NOT ACTIVE IN TREE):
      Candidate choice=1 inlier=45 | RotErr = 1.4821 rad (84.9204 deg) | TransErr = 19.09 mm [FAILS]
      Candidate choice=2 inlier=36 | RotErr = 0.6751 rad (38.6798 deg) | TransErr = 28.11 mm [FAILS]
    Alternative Pair with Shard 14 (NOT ACTIVE IN TREE):
      [No match candidates found]
    Alternative Pair with Shard 21 (NOT ACTIVE IN TREE):
      [No match candidates found]
    Alternative Pair with Shard 5 (NOT ACTIVE IN TREE):
      Candidate choice=1 inlier=30 | RotErr = 0.9900 rad (56.7245 deg) | TransErr = 21.31 mm [FAILS]
      Candidate choice=2 inlier=30 | RotErr = 2.5229 rad (144.5487 deg) | TransErr = 38.20 mm [FAILS]
    Alternative Pair with Shard 10 (NOT ACTIVE IN TREE):
      [No match candidates found]
    Alternative Pair with Shard 9 (NOT ACTIVE IN TREE):
      [No match candidates found]
    Alternative Pair with Shard 30 (NOT ACTIVE IN TREE):
      [No match candidates found]
    Alternative Pair with Shard 18 (NOT ACTIVE IN TREE):
      [No match candidates found]
    Alternative Pair with Shard 25 (NOT ACTIVE IN TREE):
      Candidate choice=1 inlier=12 | RotErr = 0.9333 rad (53.4715 deg) | TransErr = 24.65 mm [FAILS]
    Alternative Pair with Shard 16 (NOT ACTIVE IN TREE):
      [No match candidates found]
    Alternative Pair with Shard 29 (NOT ACTIVE IN TREE):
      [No match candidates found]
    Alternative Pair with Shard 17 (NOT ACTIVE IN TREE):
      [No match candidates found]
    Alternative Pair with Shard 23 (NOT ACTIVE IN TREE):
      Candidate choice=1 inlier=8 | RotErr = 2.9229 rad (167.4699 deg) | TransErr = 63.75 mm [FAILS]
    Alternative Pair with Shard 13 (ACTIVE IN TREE) [SKIPPED]
    Alternative Pair with Shard 31 (NOT ACTIVE IN TREE):
      [No match candidates found]
    Alternative Pair with Shard 12 (NOT ACTIVE IN TREE):
      [No match candidates found]
    Alternative Pair with Shard 3 (NOT ACTIVE IN TREE):
      Candidate choice=1 inlier=40 | RotErr = 2.2924 rad (131.3439 deg) | TransErr = 44.86 mm [FAILS]
    Alternative Pair with Shard 24 (NOT ACTIVE IN TREE):
      Candidate choice=1 inlier=6 | RotErr = 3.1190 rad (178.7029 deg) | TransErr = 81.61 mm [FAILS]
      Candidate choice=2 inlier=16 | RotErr = 2.9000 rad (166.1556 deg) | TransErr = 75.47 mm [FAILS]
    Alternative Pair with Shard 28 (NOT ACTIVE IN TREE):
      Candidate choice=1 inlier=22 | RotErr = 0.1895 rad (10.8561 deg) | TransErr = 7.09 mm [PASSES] -> Reward: +20.00
    Alternative Pair with Shard 22 (NOT ACTIVE IN TREE):
      [No match candidates found]
    Alternative Pair with Shard 26 (NOT ACTIVE IN TREE):
      [No match candidates found]
    Alternative Pair with Shard 7 (NOT ACTIVE IN TREE):
      [No match candidates found]
    Alternative Pair with Shard 15 (NOT ACTIVE IN TREE):
      [No match candidates found]
  Shard 28 (placed by parent 31):
    Alternative Pair with Shard 1 (NOT ACTIVE IN TREE):
      Candidate choice=1 inlier=26 | RotErr = 2.7342 rad (156.6572 deg) | TransErr = 16.57 mm [FAILS]
      Candidate choice=2 inlier=28 | RotErr = 2.0619 rad (118.1396 deg) | TransErr = 13.36 mm [FAILS]
    Alternative Pair with Shard 4 (NOT ACTIVE IN TREE):
      [No match candidates found]
    Alternative Pair with Shard 6 (NOT ACTIVE IN TREE):
      Candidate choice=1 inlier=49 | RotErr = 2.3760 rad (136.1334 deg) | TransErr = 6.90 mm [FAILS]
      Candidate choice=2 inlier=0 | RotErr = 2.9336 rad (168.0849 deg) | TransErr = 27.26 mm [FAILS]
      Candidate choice=3 inlier=30 | RotErr = 2.6053 rad (149.2718 deg) | TransErr = 82.52 mm [FAILS]
    Alternative Pair with Shard 19 (NOT ACTIVE IN TREE):
      Candidate choice=1 inlier=16 | RotErr = 1.6227 rad (92.9767 deg) | TransErr = 56.80 mm [FAILS]
    Alternative Pair with Shard 2 (NOT ACTIVE IN TREE):
      [No match candidates found]
    Alternative Pair with Shard 20 (NOT ACTIVE IN TREE):
      Candidate choice=1 inlier=28 | RotErr = 1.9262 rad (110.3659 deg) | TransErr = 40.58 mm [FAILS]
    Alternative Pair with Shard 8 (NOT ACTIVE IN TREE):
      Candidate choice=1 inlier=24 | RotErr = 2.6085 rad (149.4561 deg) | TransErr = 111.02 mm [FAILS]
      Candidate choice=2 inlier=28 | RotErr = 1.6013 rad (91.7472 deg) | TransErr = 20.04 mm [FAILS]
    Alternative Pair with Shard 11 (NOT ACTIVE IN TREE):
      Candidate choice=1 inlier=28 | RotErr = 0.9623 rad (55.1370 deg) | TransErr = 18.37 mm [FAILS]
    Alternative Pair with Shard 14 (NOT ACTIVE IN TREE):
      [No match candidates found]
    Alternative Pair with Shard 21 (NOT ACTIVE IN TREE):
      [No match candidates found]
    Alternative Pair with Shard 5 (NOT ACTIVE IN TREE):
      Candidate choice=1 inlier=47 | RotErr = 1.1758 rad (67.3660 deg) | TransErr = 19.08 mm [FAILS]
      Candidate choice=2 inlier=45 | RotErr = 1.3874 rad (79.4904 deg) | TransErr = 21.47 mm [FAILS]
    Alternative Pair with Shard 10 (NOT ACTIVE IN TREE):
      Candidate choice=1 inlier=34 | RotErr = 2.3830 rad (136.5368 deg) | TransErr = 122.11 mm [FAILS]
    Alternative Pair with Shard 9 (NOT ACTIVE IN TREE):
      Candidate choice=1 inlier=22 | RotErr = 2.9220 rad (167.4162 deg) | TransErr = 78.88 mm [FAILS]
      Candidate choice=2 inlier=32 | RotErr = 3.0669 rad (175.7206 deg) | TransErr = 49.05 mm [FAILS]
    Alternative Pair with Shard 30 (NOT ACTIVE IN TREE):
      [No match candidates found]
    Alternative Pair with Shard 18 (NOT ACTIVE IN TREE):
      [No match candidates found]
    Alternative Pair with Shard 25 (NOT ACTIVE IN TREE):
      [No match candidates found]
    Alternative Pair with Shard 16 (NOT ACTIVE IN TREE):
      [No match candidates found]
    Alternative Pair with Shard 29 (NOT ACTIVE IN TREE):
      [No match candidates found]
    Alternative Pair with Shard 17 (NOT ACTIVE IN TREE):
      [No match candidates found]
    Alternative Pair with Shard 23 (NOT ACTIVE IN TREE):
      [No match candidates found]
    Alternative Pair with Shard 13 (NOT ACTIVE IN TREE):
      Candidate choice=1 inlier=41 | RotErr = 0.0891 rad (5.1057 deg) | TransErr = 7.28 mm [PASSES] -> Reward: +20.00
    Alternative Pair with Shard 31 (ACTIVE IN TREE) [SKIPPED]
    Alternative Pair with Shard 12 (NOT ACTIVE IN TREE):
      Candidate choice=1 inlier=22 | RotErr = 1.7573 rad (100.6836 deg) | TransErr = 83.25 mm [FAILS]
    Alternative Pair with Shard 3 (NOT ACTIVE IN TREE):
      Candidate choice=1 inlier=30 | RotErr = 0.7127 rad (40.8338 deg) | TransErr = 26.05 mm [FAILS]
      Candidate choice=2 inlier=0 | RotErr = 1.6175 rad (92.6779 deg) | TransErr = 48.27 mm [FAILS]
    Alternative Pair with Shard 24 (NOT ACTIVE IN TREE):
      Candidate choice=1 inlier=26 | RotErr = 2.8975 rad (166.0123 deg) | TransErr = 106.58 mm [FAILS]
    Alternative Pair with Shard 27 (NOT ACTIVE IN TREE):
      Candidate choice=1 inlier=22 | RotErr = 0.1895 rad (10.8561 deg) | TransErr = 7.09 mm [PASSES] -> Reward: +20.00
    Alternative Pair with Shard 22 (NOT ACTIVE IN TREE):
      Candidate choice=1 inlier=28 | RotErr = 3.0486 rad (174.6739 deg) | TransErr = 107.25 mm [FAILS]
    Alternative Pair with Shard 26 (NOT ACTIVE IN TREE):
      [No match candidates found]
    Alternative Pair with Shard 7 (NOT ACTIVE IN TREE):
      [No match candidates found]
    Alternative Pair with Shard 15 (NOT ACTIVE IN TREE):
      [No match candidates found]
  Shard 22 (placed by parent 12):
    Alternative Pair with Shard 1 (NOT ACTIVE IN TREE):
      Candidate choice=1 inlier=32 | RotErr = 3.1045 rad (177.8763 deg) | TransErr = 102.38 mm [FAILS]
      Candidate choice=2 inlier=26 | RotErr = 2.0765 rad (118.9761 deg) | TransErr = 19.56 mm [FAILS]
    Alternative Pair with Shard 4 (NOT ACTIVE IN TREE):
      Candidate choice=1 inlier=36 | RotErr = 1.2088 rad (69.2586 deg) | TransErr = 123.28 mm [FAILS]
      Candidate choice=2 inlier=24 | RotErr = 2.9872 rad (171.1538 deg) | TransErr = 92.81 mm [FAILS]
    Alternative Pair with Shard 6 (NOT ACTIVE IN TREE):
      Candidate choice=1 inlier=36 | RotErr = 2.6873 rad (153.9714 deg) | TransErr = 143.10 mm [FAILS]
      Candidate choice=2 inlier=22 | RotErr = 3.1233 rad (178.9505 deg) | TransErr = 164.58 mm [FAILS]
    Alternative Pair with Shard 19 (NOT ACTIVE IN TREE):
      Candidate choice=1 inlier=26 | RotErr = 1.1165 rad (63.9734 deg) | TransErr = 53.88 mm [FAILS]
      Candidate choice=2 inlier=32 | RotErr = 2.9860 rad (171.0825 deg) | TransErr = 100.72 mm [FAILS]
    Alternative Pair with Shard 2 (NOT ACTIVE IN TREE):
      Candidate choice=1 inlier=14 | RotErr = 2.2320 rad (127.8849 deg) | TransErr = 120.45 mm [FAILS]
    Alternative Pair with Shard 20 (NOT ACTIVE IN TREE):
      Candidate choice=1 inlier=38 | RotErr = 1.6147 rad (92.5166 deg) | TransErr = 99.43 mm [FAILS]
    Alternative Pair with Shard 8 (NOT ACTIVE IN TREE):
      Candidate choice=1 inlier=44 | RotErr = 3.0158 rad (172.7954 deg) | TransErr = 157.02 mm [FAILS]
      Candidate choice=2 inlier=28 | RotErr = 2.6203 rad (150.1347 deg) | TransErr = 29.01 mm [FAILS]
      Candidate choice=3 inlier=38 | RotErr = 2.8536 rad (163.5012 deg) | TransErr = 232.81 mm [FAILS]
      Candidate choice=4 inlier=24 | RotErr = 1.9448 rad (111.4273 deg) | TransErr = 38.65 mm [FAILS]
    Alternative Pair with Shard 11 (NOT ACTIVE IN TREE):
      Candidate choice=1 inlier=44 | RotErr = 0.7997 rad (45.8206 deg) | TransErr = 35.48 mm [FAILS]
    Alternative Pair with Shard 14 (NOT ACTIVE IN TREE):
      Candidate choice=1 inlier=18 | RotErr = 2.8028 rad (160.5875 deg) | TransErr = 25.58 mm [FAILS]
    Alternative Pair with Shard 21 (NOT ACTIVE IN TREE):
      [No match candidates found]
    Alternative Pair with Shard 5 (NOT ACTIVE IN TREE):
      Candidate choice=1 inlier=36 | RotErr = 2.2567 rad (129.3018 deg) | TransErr = 24.02 mm [FAILS]
      Candidate choice=2 inlier=36 | RotErr = 2.8497 rad (163.2745 deg) | TransErr = 234.84 mm [FAILS]
      Candidate choice=3 inlier=49 | RotErr = 0.5510 rad (31.5712 deg) | TransErr = 13.40 mm [FAILS]
      Candidate choice=4 inlier=0 | RotErr = 3.0337 rad (173.8182 deg) | TransErr = 172.02 mm [FAILS]
    Alternative Pair with Shard 10 (NOT ACTIVE IN TREE):
      Candidate choice=1 inlier=12 | RotErr = 1.9546 rad (111.9925 deg) | TransErr = 44.60 mm [FAILS]
      Candidate choice=2 inlier=16 | RotErr = 3.1263 rad (179.1225 deg) | TransErr = 250.88 mm [FAILS]
      Candidate choice=3 inlier=32 | RotErr = 2.9456 rad (168.7713 deg) | TransErr = 245.81 mm [FAILS]
      Candidate choice=4 inlier=36 | RotErr = 2.8689 rad (164.3750 deg) | TransErr = 29.33 mm [FAILS]
    Alternative Pair with Shard 9 (NOT ACTIVE IN TREE):
      Candidate choice=1 inlier=34 | RotErr = 1.2001 rad (68.7619 deg) | TransErr = 155.66 mm [FAILS]
    Alternative Pair with Shard 30 (NOT ACTIVE IN TREE):
      Candidate choice=1 inlier=41 | RotErr = 2.5937 rad (148.6102 deg) | TransErr = 106.33 mm [FAILS]
      Candidate choice=2 inlier=43 | RotErr = 2.2248 rad (127.4692 deg) | TransErr = 77.99 mm [FAILS]
      Candidate choice=3 inlier=43 | RotErr = 2.7709 rad (158.7620 deg) | TransErr = 112.54 mm [FAILS]
    Alternative Pair with Shard 18 (NOT ACTIVE IN TREE):
      [No match candidates found]
    Alternative Pair with Shard 25 (NOT ACTIVE IN TREE):
      [No match candidates found]
    Alternative Pair with Shard 16 (NOT ACTIVE IN TREE):
      Candidate choice=1 inlier=32 | RotErr = 3.1132 rad (178.3709 deg) | TransErr = 2.29 mm [FAILS]
      Candidate choice=2 inlier=26 | RotErr = 3.0057 rad (172.2160 deg) | TransErr = 246.69 mm [FAILS]
      Candidate choice=3 inlier=38 | RotErr = 1.9883 rad (113.9207 deg) | TransErr = 21.53 mm [FAILS]
    Alternative Pair with Shard 29 (NOT ACTIVE IN TREE):
      Candidate choice=1 inlier=34 | RotErr = 1.3360 rad (76.5446 deg) | TransErr = 27.62 mm [FAILS]
    Alternative Pair with Shard 17 (NOT ACTIVE IN TREE):
      Candidate choice=1 inlier=52 | RotErr = 3.0459 rad (174.5174 deg) | TransErr = 86.79 mm [FAILS]
      Candidate choice=2 inlier=44 | RotErr = 1.6597 rad (95.0918 deg) | TransErr = 71.22 mm [FAILS]
    Alternative Pair with Shard 23 (NOT ACTIVE IN TREE):
      Candidate choice=1 inlier=20 | RotErr = 3.1270 rad (179.1638 deg) | TransErr = 62.02 mm [FAILS]
      Candidate choice=2 inlier=26 | RotErr = 0.4560 rad (26.1257 deg) | TransErr = 89.12 mm [FAILS]
    Alternative Pair with Shard 13 (NOT ACTIVE IN TREE):
      Candidate choice=1 inlier=0 | RotErr = 2.9735 rad (170.3694 deg) | TransErr = 182.93 mm [FAILS]
      Candidate choice=2 inlier=49 | RotErr = 0.5172 rad (29.6308 deg) | TransErr = 15.03 mm [FAILS]
      Candidate choice=3 inlier=66 | RotErr = 0.8608 rad (49.3223 deg) | TransErr = 39.87 mm [FAILS]
      Candidate choice=4 inlier=49 | RotErr = 0.2774 rad (15.8912 deg) | TransErr = 14.43 mm [FAILS]
    Alternative Pair with Shard 31 (NOT ACTIVE IN TREE):
      [No match candidates found]
    Alternative Pair with Shard 12 (ACTIVE IN TREE) [SKIPPED]
    Alternative Pair with Shard 3 (NOT ACTIVE IN TREE):
      [No match candidates found]
    Alternative Pair with Shard 24 (NOT ACTIVE IN TREE):
      Candidate choice=1 inlier=34 | RotErr = 3.0946 rad (177.3084 deg) | TransErr = 43.26 mm [FAILS]
      Candidate choice=2 inlier=16 | RotErr = 2.9895 rad (171.2848 deg) | TransErr = 44.08 mm [FAILS]
    Alternative Pair with Shard 27 (NOT ACTIVE IN TREE):
      [No match candidates found]
    Alternative Pair with Shard 28 (NOT ACTIVE IN TREE):
      Candidate choice=1 inlier=28 | RotErr = 3.0486 rad (174.6739 deg) | TransErr = 107.25 mm [FAILS]
    Alternative Pair with Shard 26 (NOT ACTIVE IN TREE):
      Candidate choice=1 inlier=24 | RotErr = 2.9497 rad (169.0058 deg) | TransErr = 81.24 mm [FAILS]
    Alternative Pair with Shard 7 (ACTIVE IN TREE) [SKIPPED]
    Alternative Pair with Shard 15 (NOT ACTIVE IN TREE):
      Candidate choice=1 inlier=18 | RotErr = 2.1354 rad (122.3510 deg) | TransErr = 41.72 mm [FAILS]
      Candidate choice=2 inlier=12 | RotErr = 3.1345 rad (179.5956 deg) | TransErr = 218.25 mm [FAILS]
      Candidate choice=3 inlier=18 | RotErr = 3.0461 rad (174.5310 deg) | TransErr = 210.64 mm [FAILS]
  Shard 26 (placed by parent 3):
    Alternative Pair with Shard 1 (NOT ACTIVE IN TREE):
      [No match candidates found]
    Alternative Pair with Shard 4 (NOT ACTIVE IN TREE):
      [No match candidates found]
    Alternative Pair with Shard 6 (NOT ACTIVE IN TREE):
      [No match candidates found]
    Alternative Pair with Shard 19 (NOT ACTIVE IN TREE):
      Candidate choice=1 inlier=26 | RotErr = 3.0580 rad (175.2123 deg) | TransErr = 29.40 mm [FAILS]
    Alternative Pair with Shard 2 (NOT ACTIVE IN TREE):
      [No match candidates found]
    Alternative Pair with Shard 20 (NOT ACTIVE IN TREE):
      Candidate choice=1 inlier=8 | RotErr = 1.4522 rad (83.2054 deg) | TransErr = 26.13 mm [FAILS]
      Candidate choice=2 inlier=18 | RotErr = 2.7501 rad (157.5663 deg) | TransErr = 43.22 mm [FAILS]
    Alternative Pair with Shard 8 (NOT ACTIVE IN TREE):
      [No match candidates found]
    Alternative Pair with Shard 11 (NOT ACTIVE IN TREE):
      Candidate choice=1 inlier=47 | RotErr = 2.6203 rad (150.1305 deg) | TransErr = 33.19 mm [FAILS]
    Alternative Pair with Shard 14 (NOT ACTIVE IN TREE):
      [No match candidates found]
    Alternative Pair with Shard 21 (NOT ACTIVE IN TREE):
      Candidate choice=1 inlier=26 | RotErr = 1.7022 rad (97.5317 deg) | TransErr = 27.49 mm [FAILS]
    Alternative Pair with Shard 5 (NOT ACTIVE IN TREE):
      [No match candidates found]
    Alternative Pair with Shard 10 (NOT ACTIVE IN TREE):
      [No match candidates found]
    Alternative Pair with Shard 9 (NOT ACTIVE IN TREE):
      [No match candidates found]
    Alternative Pair with Shard 30 (NOT ACTIVE IN TREE):
      Candidate choice=1 inlier=30 | RotErr = 0.7536 rad (43.1806 deg) | TransErr = 29.29 mm [FAILS]
    Alternative Pair with Shard 18 (NOT ACTIVE IN TREE):
      [No match candidates found]
    Alternative Pair with Shard 25 (NOT ACTIVE IN TREE):
      Candidate choice=1 inlier=26 | RotErr = 0.6644 rad (38.0670 deg) | TransErr = 26.14 mm [FAILS]
    Alternative Pair with Shard 16 (NOT ACTIVE IN TREE):
      [No match candidates found]
    Alternative Pair with Shard 29 (NOT ACTIVE IN TREE):
      [No match candidates found]
    Alternative Pair with Shard 17 (NOT ACTIVE IN TREE):
      Candidate choice=1 inlier=20 | RotErr = 1.4979 rad (85.8251 deg) | TransErr = 19.63 mm [FAILS]
      Candidate choice=2 inlier=16 | RotErr = 1.7584 rad (100.7511 deg) | TransErr = 17.71 mm [FAILS]
    Alternative Pair with Shard 23 (NOT ACTIVE IN TREE):
      Candidate choice=1 inlier=20 | RotErr = 1.6390 rad (93.9090 deg) | TransErr = 16.65 mm [FAILS]
    Alternative Pair with Shard 13 (NOT ACTIVE IN TREE):
      Candidate choice=1 inlier=26 | RotErr = 1.0999 rad (63.0184 deg) | TransErr = 23.42 mm [FAILS]
    Alternative Pair with Shard 31 (NOT ACTIVE IN TREE):
      [No match candidates found]
    Alternative Pair with Shard 12 (NOT ACTIVE IN TREE):
      [No match candidates found]
    Alternative Pair with Shard 3 (ACTIVE IN TREE) [SKIPPED]
    Alternative Pair with Shard 24 (NOT ACTIVE IN TREE):
      Candidate choice=1 inlier=34 | RotErr = 3.0877 rad (176.9147 deg) | TransErr = 42.18 mm [FAILS]
      Candidate choice=2 inlier=22 | RotErr = 2.7733 rad (158.9000 deg) | TransErr = 51.16 mm [FAILS]
    Alternative Pair with Shard 27 (NOT ACTIVE IN TREE):
      [No match candidates found]
    Alternative Pair with Shard 28 (NOT ACTIVE IN TREE):
      [No match candidates found]
    Alternative Pair with Shard 22 (NOT ACTIVE IN TREE):
      Candidate choice=1 inlier=24 | RotErr = 2.9497 rad (169.0058 deg) | TransErr = 81.24 mm [FAILS]
    Alternative Pair with Shard 7 (NOT ACTIVE IN TREE):
      [No match candidates found]
    Alternative Pair with Shard 15 (NOT ACTIVE IN TREE):
      [No match candidates found]
  Shard 7 (placed by parent 22):
    Alternative Pair with Shard 1 (NOT ACTIVE IN TREE):
      Candidate choice=1 inlier=14 | RotErr = 2.7919 rad (159.9622 deg) | TransErr = 63.84 mm [FAILS]
      Candidate choice=2 inlier=0 | RotErr = 3.0049 rad (172.1681 deg) | TransErr = 62.47 mm [FAILS]
    Alternative Pair with Shard 4 (NOT ACTIVE IN TREE):
      Candidate choice=1 inlier=20 | RotErr = 2.9963 rad (171.6730 deg) | TransErr = 52.58 mm [FAILS]
      Candidate choice=2 inlier=18 | RotErr = 2.3386 rad (133.9926 deg) | TransErr = 146.66 mm [FAILS]
      Candidate choice=3 inlier=28 | RotErr = 2.8235 rad (161.7762 deg) | TransErr = 58.01 mm [FAILS]
      Candidate choice=4 inlier=14 | RotErr = 3.1361 rad (179.6828 deg) | TransErr = 55.63 mm [FAILS]
    Alternative Pair with Shard 6 (NOT ACTIVE IN TREE):
      Candidate choice=1 inlier=10 | RotErr = 2.9012 rad (166.2248 deg) | TransErr = 116.36 mm [FAILS]
      Candidate choice=2 inlier=36 | RotErr = 2.8013 rad (160.5049 deg) | TransErr = 92.80 mm [FAILS]
      Candidate choice=3 inlier=14 | RotErr = 2.9212 rad (167.3722 deg) | TransErr = 112.89 mm [FAILS]
      Candidate choice=4 inlier=22 | RotErr = 3.1187 rad (178.6904 deg) | TransErr = 176.61 mm [FAILS]
      Candidate choice=5 inlier=42 | RotErr = 2.8553 rad (163.5970 deg) | TransErr = 29.63 mm [FAILS]
    Alternative Pair with Shard 19 (NOT ACTIVE IN TREE):
      Candidate choice=1 inlier=36 | RotErr = 3.0935 rad (177.2418 deg) | TransErr = 99.34 mm [FAILS]
      Candidate choice=2 inlier=30 | RotErr = 2.9802 rad (170.7554 deg) | TransErr = 80.64 mm [FAILS]
    Alternative Pair with Shard 2 (NOT ACTIVE IN TREE):
      Candidate choice=1 inlier=28 | RotErr = 2.9575 rad (169.4517 deg) | TransErr = 57.18 mm [FAILS]
      Candidate choice=2 inlier=30 | RotErr = 2.0746 rad (118.8642 deg) | TransErr = 145.54 mm [FAILS]
      Candidate choice=3 inlier=38 | RotErr = 3.1079 rad (178.0698 deg) | TransErr = 155.46 mm [FAILS]
    Alternative Pair with Shard 20 (NOT ACTIVE IN TREE):
      Candidate choice=1 inlier=28 | RotErr = 2.9132 rad (166.9140 deg) | TransErr = 140.16 mm [FAILS]
      Candidate choice=2 inlier=24 | RotErr = 2.2171 rad (127.0289 deg) | TransErr = 116.84 mm [FAILS]
      Candidate choice=3 inlier=0 | RotErr = 2.8923 rad (165.7161 deg) | TransErr = 81.12 mm [FAILS]
    Alternative Pair with Shard 8 (NOT ACTIVE IN TREE):
      Candidate choice=1 inlier=30 | RotErr = 3.0017 rad (171.9840 deg) | TransErr = 206.08 mm [FAILS]
      Candidate choice=2 inlier=44 | RotErr = 3.0065 rad (172.2604 deg) | TransErr = 43.15 mm [FAILS]
      Candidate choice=3 inlier=0 | RotErr = 2.0486 rad (117.3735 deg) | TransErr = 39.74 mm [FAILS]
      Candidate choice=4 inlier=12 | RotErr = 2.8887 rad (165.5100 deg) | TransErr = 119.09 mm [FAILS]
    Alternative Pair with Shard 11 (NOT ACTIVE IN TREE):
      Candidate choice=1 inlier=0 | RotErr = 2.4751 rad (141.8140 deg) | TransErr = 163.35 mm [FAILS]
      Candidate choice=2 inlier=30 | RotErr = 2.9657 rad (169.9239 deg) | TransErr = 81.65 mm [FAILS]
    Alternative Pair with Shard 14 (NOT ACTIVE IN TREE):
      Candidate choice=1 inlier=22 | RotErr = 1.5057 rad (86.2692 deg) | TransErr = 170.10 mm [FAILS]
      Candidate choice=2 inlier=10 | RotErr = 1.9292 rad (110.5342 deg) | TransErr = 120.93 mm [FAILS]
      Candidate choice=3 inlier=6 | RotErr = 2.0322 rad (116.4390 deg) | TransErr = 104.15 mm [FAILS]
    Alternative Pair with Shard 21 (NOT ACTIVE IN TREE):
      Candidate choice=1 inlier=10 | RotErr = 2.7255 rad (156.1586 deg) | TransErr = 58.62 mm [FAILS]
      Candidate choice=2 inlier=18 | RotErr = 2.9814 rad (170.8212 deg) | TransErr = 57.47 mm [FAILS]
      Candidate choice=3 inlier=4 | RotErr = 2.7790 rad (159.2248 deg) | TransErr = 83.07 mm [FAILS]
    Alternative Pair with Shard 5 (NOT ACTIVE IN TREE):
      Candidate choice=1 inlier=40 | RotErr = 2.2885 rad (131.1200 deg) | TransErr = 21.21 mm [FAILS]
      Candidate choice=2 inlier=18 | RotErr = 0.8285 rad (47.4713 deg) | TransErr = 26.83 mm [FAILS]
      Candidate choice=3 inlier=22 | RotErr = 0.1997 rad (11.4396 deg) | TransErr = 48.33 mm [FAILS]
      Candidate choice=4 inlier=32 | RotErr = 2.7729 rad (158.8727 deg) | TransErr = 119.15 mm [FAILS]
      Candidate choice=5 inlier=30 | RotErr = 2.9050 rad (166.4464 deg) | TransErr = 186.03 mm [FAILS]
    Alternative Pair with Shard 10 (NOT ACTIVE IN TREE):
      Candidate choice=1 inlier=48 | RotErr = 1.9531 rad (111.9019 deg) | TransErr = 22.03 mm [FAILS]
      Candidate choice=2 inlier=12 | RotErr = 1.6669 rad (95.5061 deg) | TransErr = 26.78 mm [FAILS]
      Candidate choice=3 inlier=30 | RotErr = 3.0856 rad (176.7932 deg) | TransErr = 219.43 mm [FAILS]
      Candidate choice=4 inlier=0 | RotErr = 2.8001 rad (160.4366 deg) | TransErr = 179.21 mm [FAILS]
    Alternative Pair with Shard 9 (NOT ACTIVE IN TREE):
      Candidate choice=1 inlier=24 | RotErr = 2.6614 rad (152.4879 deg) | TransErr = 96.17 mm [FAILS]
    Alternative Pair with Shard 30 (NOT ACTIVE IN TREE):
      Candidate choice=1 inlier=26 | RotErr = 1.2255 rad (70.2174 deg) | TransErr = 148.02 mm [FAILS]
    Alternative Pair with Shard 18 (NOT ACTIVE IN TREE):
      Candidate choice=1 inlier=18 | RotErr = 2.9879 rad (171.1955 deg) | TransErr = 68.67 mm [FAILS]
      Candidate choice=2 inlier=16 | RotErr = 3.1077 rad (178.0591 deg) | TransErr = 57.48 mm [FAILS]
      Candidate choice=3 inlier=0 | RotErr = 0.2850 rad (16.3283 deg) | TransErr = 183.55 mm [FAILS]
    Alternative Pair with Shard 25 (NOT ACTIVE IN TREE):
      [No match candidates found]
    Alternative Pair with Shard 16 (NOT ACTIVE IN TREE):
      Candidate choice=1 inlier=34 | RotErr = 0.3313 rad (18.9814 deg) | TransErr = 18.63 mm [FAILS]
      Candidate choice=2 inlier=12 | RotErr = 3.0142 rad (172.7018 deg) | TransErr = 240.53 mm [FAILS]
    Alternative Pair with Shard 29 (NOT ACTIVE IN TREE):
      Candidate choice=1 inlier=30 | RotErr = 2.9724 rad (170.3080 deg) | TransErr = 233.15 mm [FAILS]
      Candidate choice=2 inlier=18 | RotErr = 2.9363 rad (168.2375 deg) | TransErr = 199.92 mm [FAILS]
    Alternative Pair with Shard 17 (NOT ACTIVE IN TREE):
      Candidate choice=1 inlier=26 | RotErr = 1.8327 rad (105.0038 deg) | TransErr = 127.69 mm [FAILS]
      Candidate choice=2 inlier=16 | RotErr = 1.8805 rad (107.7471 deg) | TransErr = 129.73 mm [FAILS]
      Candidate choice=3 inlier=0 | RotErr = 2.9118 rad (166.8323 deg) | TransErr = 100.73 mm [FAILS]
      Candidate choice=4 inlier=16 | RotErr = 2.9878 rad (171.1902 deg) | TransErr = 78.94 mm [FAILS]
      Candidate choice=5 inlier=18 | RotErr = 3.0663 rad (175.6878 deg) | TransErr = 50.50 mm [FAILS]
    Alternative Pair with Shard 23 (NOT ACTIVE IN TREE):
      Candidate choice=1 inlier=22 | RotErr = 0.7376 rad (42.2638 deg) | TransErr = 160.58 mm [FAILS]
    Alternative Pair with Shard 13 (NOT ACTIVE IN TREE):
      Candidate choice=1 inlier=26 | RotErr = 0.9441 rad (54.0939 deg) | TransErr = 73.66 mm [FAILS]
      Candidate choice=2 inlier=38 | RotErr = 3.0628 rad (175.4849 deg) | TransErr = 93.55 mm [FAILS]
    Alternative Pair with Shard 31 (NOT ACTIVE IN TREE):
      Candidate choice=1 inlier=32 | RotErr = 2.2265 rad (127.5674 deg) | TransErr = 74.13 mm [FAILS]
      Candidate choice=2 inlier=12 | RotErr = 0.8481 rad (48.5953 deg) | TransErr = 82.62 mm [FAILS]
      Candidate choice=3 inlier=0 | RotErr = 2.8483 rad (163.1979 deg) | TransErr = 107.05 mm [FAILS]
      Candidate choice=4 inlier=0 | RotErr = 2.6434 rad (151.4531 deg) | TransErr = 110.58 mm [FAILS]
    Alternative Pair with Shard 12 (NOT ACTIVE IN TREE):
      Candidate choice=1 inlier=30 | RotErr = 2.5451 rad (145.8262 deg) | TransErr = 56.58 mm [FAILS]
      Candidate choice=2 inlier=32 | RotErr = 3.0305 rad (173.6371 deg) | TransErr = 188.00 mm [FAILS]
      Candidate choice=3 inlier=32 | RotErr = 3.0112 rad (172.5301 deg) | TransErr = 226.62 mm [FAILS]
      Candidate choice=4 inlier=22 | RotErr = 0.2101 rad (12.0405 deg) | TransErr = 4.58 mm [PASSES] -> Reward: +20.00
      Candidate choice=5 inlier=4 | RotErr = 3.0552 rad (175.0483 deg) | TransErr = 191.59 mm [FAILS]
      Candidate choice=6 inlier=30 | RotErr = 1.3498 rad (77.3406 deg) | TransErr = 44.72 mm [FAILS]
      Candidate choice=7 inlier=34 | RotErr = 3.0392 rad (174.1319 deg) | TransErr = 171.72 mm [FAILS]
    Alternative Pair with Shard 3 (NOT ACTIVE IN TREE):
      [No match candidates found]
    Alternative Pair with Shard 24 (NOT ACTIVE IN TREE):
      Candidate choice=1 inlier=34 | RotErr = 3.0253 rad (173.3355 deg) | TransErr = 90.74 mm [FAILS]
      Candidate choice=2 inlier=28 | RotErr = 0.3604 rad (20.6484 deg) | TransErr = 141.17 mm [FAILS]
    Alternative Pair with Shard 27 (NOT ACTIVE IN TREE):
      [No match candidates found]
    Alternative Pair with Shard 28 (NOT ACTIVE IN TREE):
      [No match candidates found]
    Alternative Pair with Shard 22 (ACTIVE IN TREE) [SKIPPED]
    Alternative Pair with Shard 26 (NOT ACTIVE IN TREE):
      [No match candidates found]
    Alternative Pair with Shard 15 (ACTIVE IN TREE) [SKIPPED]
  Shard 15 (placed by parent 7):
    Alternative Pair with Shard 1 (NOT ACTIVE IN TREE):
      Candidate choice=1 inlier=12 | RotErr = 0.1803 rad (10.3283 deg) | TransErr = 76.93 mm [FAILS]
    Alternative Pair with Shard 4 (NOT ACTIVE IN TREE):
      [No match candidates found]
    Alternative Pair with Shard 6 (NOT ACTIVE IN TREE):
      Candidate choice=1 inlier=0 | RotErr = 2.6613 rad (152.4815 deg) | TransErr = 97.29 mm [FAILS]
      Candidate choice=2 inlier=20 | RotErr = 0.4269 rad (24.4592 deg) | TransErr = 47.11 mm [FAILS]
    Alternative Pair with Shard 19 (NOT ACTIVE IN TREE):
      Candidate choice=1 inlier=12 | RotErr = 0.1287 rad (7.3721 deg) | TransErr = 67.66 mm [FAILS]
    Alternative Pair with Shard 2 (NOT ACTIVE IN TREE):
      Candidate choice=1 inlier=28 | RotErr = 3.0570 rad (175.1522 deg) | TransErr = 58.44 mm [FAILS]
      Candidate choice=2 inlier=22 | RotErr = 0.2837 rad (16.2538 deg) | TransErr = 152.38 mm [FAILS]
    Alternative Pair with Shard 20 (NOT ACTIVE IN TREE):
      Candidate choice=1 inlier=20 | RotErr = 1.8378 rad (105.2967 deg) | TransErr = 135.53 mm [FAILS]
      Candidate choice=2 inlier=20 | RotErr = 2.7094 rad (155.2346 deg) | TransErr = 129.49 mm [FAILS]
    Alternative Pair with Shard 8 (NOT ACTIVE IN TREE):
      Candidate choice=1 inlier=10 | RotErr = 1.3317 rad (76.2986 deg) | TransErr = 36.76 mm [FAILS]
    Alternative Pair with Shard 11 (NOT ACTIVE IN TREE):
      Candidate choice=1 inlier=16 | RotErr = 1.1019 rad (63.1370 deg) | TransErr = 63.17 mm [FAILS]
    Alternative Pair with Shard 14 (NOT ACTIVE IN TREE):
      [No match candidates found]
    Alternative Pair with Shard 21 (NOT ACTIVE IN TREE):
      Candidate choice=1 inlier=28 | RotErr = 2.9771 rad (170.5736 deg) | TransErr = 57.26 mm [FAILS]
    Alternative Pair with Shard 5 (NOT ACTIVE IN TREE):
      Candidate choice=1 inlier=14 | RotErr = 2.1032 rad (120.5034 deg) | TransErr = 43.54 mm [FAILS]
    Alternative Pair with Shard 10 (NOT ACTIVE IN TREE):
      Candidate choice=1 inlier=36 | RotErr = 0.0900 rad (5.1543 deg) | TransErr = 14.66 mm [FAILS]
      Candidate choice=2 inlier=24 | RotErr = 1.1940 rad (68.4128 deg) | TransErr = 19.00 mm [FAILS]
      Candidate choice=3 inlier=6 | RotErr = 1.6364 rad (93.7609 deg) | TransErr = 39.48 mm [FAILS]
      Candidate choice=4 inlier=20 | RotErr = 2.8642 rad (164.1065 deg) | TransErr = 18.97 mm [FAILS]
      Candidate choice=5 inlier=0 | RotErr = 2.9421 rad (168.5714 deg) | TransErr = 234.49 mm [FAILS]
    Alternative Pair with Shard 9 (NOT ACTIVE IN TREE):
      Candidate choice=1 inlier=28 | RotErr = 2.7983 rad (160.3323 deg) | TransErr = 105.69 mm [FAILS]
      Candidate choice=2 inlier=14 | RotErr = 2.9076 rad (166.5950 deg) | TransErr = 80.53 mm [FAILS]
    Alternative Pair with Shard 30 (NOT ACTIVE IN TREE):
      Candidate choice=1 inlier=18 | RotErr = 1.8270 rad (104.6808 deg) | TransErr = 137.12 mm [FAILS]
    Alternative Pair with Shard 18 (NOT ACTIVE IN TREE):
      [No match candidates found]
    Alternative Pair with Shard 25 (NOT ACTIVE IN TREE):
      Candidate choice=1 inlier=14 | RotErr = 2.8823 rad (165.1454 deg) | TransErr = 92.33 mm [FAILS]
      Candidate choice=2 inlier=14 | RotErr = 2.7311 rad (156.4816 deg) | TransErr = 93.21 mm [FAILS]
    Alternative Pair with Shard 16 (NOT ACTIVE IN TREE):
      Candidate choice=1 inlier=16 | RotErr = 3.0846 rad (176.7328 deg) | TransErr = 219.19 mm [FAILS]
      Candidate choice=2 inlier=18 | RotErr = 2.9242 rad (167.5458 deg) | TransErr = 225.14 mm [FAILS]
    Alternative Pair with Shard 29 (NOT ACTIVE IN TREE):
      [No match candidates found]
    Alternative Pair with Shard 17 (NOT ACTIVE IN TREE):
      Candidate choice=1 inlier=12 | RotErr = 1.8769 rad (107.5394 deg) | TransErr = 123.77 mm [FAILS]
    Alternative Pair with Shard 23 (NOT ACTIVE IN TREE):
      Candidate choice=1 inlier=12 | RotErr = 3.0694 rad (175.8634 deg) | TransErr = 54.62 mm [FAILS]
      Candidate choice=2 inlier=22 | RotErr = 2.6727 rad (153.1367 deg) | TransErr = 168.42 mm [FAILS]
      Candidate choice=3 inlier=10 | RotErr = 3.0877 rad (176.9109 deg) | TransErr = 57.58 mm [FAILS]
    Alternative Pair with Shard 13 (NOT ACTIVE IN TREE):
      Candidate choice=1 inlier=18 | RotErr = 2.6280 rad (150.5725 deg) | TransErr = 64.14 mm [FAILS]
    Alternative Pair with Shard 31 (NOT ACTIVE IN TREE):
      Candidate choice=1 inlier=28 | RotErr = 1.1965 rad (68.5528 deg) | TransErr = 80.23 mm [FAILS]
    Alternative Pair with Shard 12 (NOT ACTIVE IN TREE):
      Candidate choice=1 inlier=14 | RotErr = 2.9714 rad (170.2499 deg) | TransErr = 201.62 mm [FAILS]
      Candidate choice=2 inlier=18 | RotErr = 3.1284 rad (179.2416 deg) | TransErr = 175.80 mm [FAILS]
      Candidate choice=3 inlier=22 | RotErr = 1.4456 rad (82.8260 deg) | TransErr = 20.56 mm [FAILS]
      Candidate choice=4 inlier=10 | RotErr = 0.1246 rad (7.1369 deg) | TransErr = 18.62 mm [FAILS]
    Alternative Pair with Shard 3 (NOT ACTIVE IN TREE):
      [No match candidates found]
    Alternative Pair with Shard 24 (NOT ACTIVE IN TREE):
      Candidate choice=1 inlier=0 | RotErr = 2.8257 rad (161.9003 deg) | TransErr = 51.94 mm [FAILS]
      Candidate choice=2 inlier=18 | RotErr = 2.5882 rad (148.2907 deg) | TransErr = 162.49 mm [FAILS]
    Alternative Pair with Shard 27 (NOT ACTIVE IN TREE):
      [No match candidates found]
    Alternative Pair with Shard 28 (NOT ACTIVE IN TREE):
      [No match candidates found]
    Alternative Pair with Shard 22 (NOT ACTIVE IN TREE):
      Candidate choice=1 inlier=18 | RotErr = 2.1354 rad (122.3510 deg) | TransErr = 41.72 mm [FAILS]
      Candidate choice=2 inlier=12 | RotErr = 3.1345 rad (179.5956 deg) | TransErr = 218.25 mm [FAILS]
      Candidate choice=3 inlier=18 | RotErr = 3.0461 rad (174.5310 deg) | TransErr = 210.64 mm [FAILS]
    Alternative Pair with Shard 26 (NOT ACTIVE IN TREE):
      [No match candidates found]
    Alternative Pair with Shard 7 (ACTIVE IN TREE) [SKIPPED]
  Total Logged Consensus Reward: 400.00
=========================================================
[GA] === Seed 1 / 5 (seed=43) ===
[GA] Generation 0 best fitness: 192.42
[GA PHEROMONE] Active groups: 8 / 337, Total Pheromone: 36.00
[GA] Generation 1 best fitness: 192.42
[GA] Generation 2 best fitness: 192.42
[GA] Generation 3 best fitness: 192.42
[GA] Generation 4 best fitness: 192.42
[GA] Generation 5 best fitness: 192.42
[GA] Generation 6 best fitness: 192.42
[GA] Generation 7 best fitness: 192.42
[GA] Generation 8 best fitness: 192.42
[GA] Generation 9 best fitness: 192.42
[GA] Generation 10 best fitness: 192.42
[GA PHEROMONE] Active groups: 8 / 337, Total Pheromone: 160.00
[GA] Generation 11 best fitness: 192.42
[GA] Generation 12 best fitness: 192.42
[GA] Generation 13 best fitness: 192.42
[GA] Generation 14 best fitness: 192.42
[GA] Stagnation detected (15 generations). Triggering Mass Extinction!
[GA] Raising mutation rate to 0.40
[GA] Generation 15 best fitness: 192.42
[GA] Generation 16 best fitness: 192.42
[GA] Generation 17 best fitness: 192.42
[GA] Generation 18 best fitness: 192.42
[GA] Generation 19 best fitness: 192.42
[GA] Generation 20 best fitness: 192.42
[GA PHEROMONE] Active groups: 8 / 337, Total Pheromone: 160.00
[GA] Generation 21 best fitness: 192.42
[GA] Generation 22 best fitness: 192.42
[GA] Generation 23 best fitness: 192.42
[GA] Generation 24 best fitness: 192.42
[GA] Generation 25 best fitness: 192.42
[GA] Generation 26 best fitness: 192.42
[GA] Generation 27 best fitness: 192.42
[GA] Generation 28 best fitness: 192.42
[GA] Generation 29 best fitness: 192.42
[GA] Stagnation detected (30 generations). Triggering Mass Extinction!
[GA] Generation 30 best fitness: 192.42
[GA PHEROMONE] Active groups: 8 / 337, Total Pheromone: 160.00
[GA] Generation 31 best fitness: 192.42
[GA] Generation 32 best fitness: 192.42
[GA] Generation 33 best fitness: 192.42
[GA] Generation 34 best fitness: 192.42
[GA] Generation 35 best fitness: 192.42
[GA] Generation 36 best fitness: 192.42
[GA] Generation 37 best fitness: 192.42
[GA] Generation 38 best fitness: 192.42
[GA] Generation 39 best fitness: 192.42
[GA] Generation 40 best fitness: 192.42
[GA] Best fitness improved to 284.61. Resetting mutation rate to 0.15
[GA PHEROMONE] Active groups: 14 / 337, Total Pheromone: 181.00
[GA] Generation 41 best fitness: 284.61
[GA] Generation 42 best fitness: 284.61
[GA] Generation 43 best fitness: 284.61
[GA] Generation 44 best fitness: 284.61
[GA] Generation 45 best fitness: 284.61
[GA] Generation 46 best fitness: 284.61
[GA] Generation 47 best fitness: 284.61
[GA] Generation 48 best fitness: 434.85
[GA] Generation 49 best fitness: 513.70
[GA] Generation 50 best fitness: 513.70
[GA PHEROMONE] Active groups: 18 / 337, Total Pheromone: 206.58
[GA] Generation 51 best fitness: 678.29
[GA] Generation 52 best fitness: 678.29
[GA] Generation 53 best fitness: 678.29
[GA] Generation 54 best fitness: 678.29
[GA] Generation 55 best fitness: 678.29
[GA] Generation 56 best fitness: 687.03
[GA] Generation 57 best fitness: 687.03
[GA] Generation 58 best fitness: 687.03
[GA] Generation 59 best fitness: 687.03
[GA] Generation 60 best fitness: 820.94
[GA PHEROMONE] Active groups: 18 / 337, Total Pheromone: 267.07
[GA] Generation 61 best fitness: 820.94
[GA] Generation 62 best fitness: 820.94
[GA] Generation 63 best fitness: 820.94
[GA] Generation 64 best fitness: 820.94
[GA] Generation 65 best fitness: 820.94
[GA] Generation 66 best fitness: 820.94
[GA] Generation 67 best fitness: 820.94
[GA] Generation 68 best fitness: 820.94
[GA] Generation 69 best fitness: 820.94
[GA] Generation 70 best fitness: 820.94
[GA PHEROMONE] Active groups: 18 / 337, Total Pheromone: 232.52
[GA] Generation 71 best fitness: 820.94
[GA] Generation 72 best fitness: 1037.87
[GA] Generation 73 best fitness: 1037.87
[GA] Generation 74 best fitness: 1037.87
[GA] Generation 75 best fitness: 1037.87
[GA] Generation 76 best fitness: 1037.87
[GA] Generation 77 best fitness: 1037.87
[GA] Generation 78 best fitness: 1037.87
[GA] Generation 79 best fitness: 1037.87
[GA] Generation 80 best fitness: 1064.57
[GA PHEROMONE] Active groups: 20 / 337, Total Pheromone: 202.35
[GA] Generation 81 best fitness: 1313.89
[GA] Generation 82 best fitness: 1313.89
[GA] Generation 83 best fitness: 1313.89
[GA] Generation 84 best fitness: 1318.47
[GA] Generation 85 best fitness: 1318.47
[GA] Generation 86 best fitness: 1318.47
[GA] Generation 87 best fitness: 1318.47
[GA] Generation 88 best fitness: 1318.47
[GA] Generation 89 best fitness: 1318.47
[GA] Generation 90 best fitness: 1326.91
[GA PHEROMONE] Active groups: 20 / 337, Total Pheromone: 152.27
[GA] Generation 91 best fitness: 1326.91
[GA] Generation 92 best fitness: 1326.91
[GA] Generation 93 best fitness: 1326.91
[GA] Generation 94 best fitness: 1326.91
[GA] Generation 95 best fitness: 1326.91
[GA] Generation 96 best fitness: 1326.91
[GA] Generation 97 best fitness: 1326.91
[GA] Generation 98 best fitness: 1326.91
[GA] Generation 99 best fitness: 1326.91
[GA] Generation 100 best fitness: 1326.91
[GA PHEROMONE] Active groups: 17 / 337, Total Pheromone: 142.41
Not converge : Sherd alignment
[GA] Generation 101 best fitness: 1326.91
[GA] Generation 102 best fitness: 1326.91
[GA] Generation 103 best fitness: 1326.91
[GA] Generation 104 best fitness: 1326.91
[GA] Generation 105 best fitness: 1350.15
[GA] Generation 106 best fitness: 1350.15
[GA] Generation 107 best fitness: 1350.15
[GA] Generation 108 best fitness: 1350.15
[GA] Generation 109 best fitness: 1350.15
[GA] Generation 110 best fitness: 1350.15
[GA PHEROMONE] Active groups: 17 / 337, Total Pheromone: 158.59
[GA] Generation 111 best fitness: 1350.15
[GA] Generation 112 best fitness: 1350.15
[GA] Generation 113 best fitness: 1358.89
[GA] Generation 114 best fitness: 1358.89
[GA] Generation 115 best fitness: 1358.89
[GA] Generation 116 best fitness: 1358.89
[GA] Generation 117 best fitness: 1358.89
[GA] Generation 118 best fitness: 1373.65
[GA] Generation 119 best fitness: 1380.81
[GA] Generation 120 best fitness: 1462.98
[GA PHEROMONE] Active groups: 11 / 337, Total Pheromone: 165.84
[GA] Generation 121 best fitness: 1462.98
[GA] Generation 122 best fitness: 1462.98
[GA] Generation 123 best fitness: 1462.98
[GA] Generation 124 best fitness: 1462.98
[GA] Generation 125 best fitness: 1462.98
[GA] Generation 126 best fitness: 1462.98
[GA] Generation 127 best fitness: 1462.98
[GA] Generation 128 best fitness: 1465.45
[GA] Generation 129 best fitness: 1469.02
[GA] Generation 130 best fitness: 1469.02
[GA PHEROMONE] Active groups: 9 / 337, Total Pheromone: 161.14
[GA] Generation 131 best fitness: 1477.46
[GA] Generation 132 best fitness: 1505.81
[GA] Generation 133 best fitness: 1505.81
[GA] Generation 134 best fitness: 1505.81
[GA] Generation 135 best fitness: 1505.81
[GA] Generation 136 best fitness: 1505.81
[GA] Generation 137 best fitness: 1505.81
[GA] Generation 138 best fitness: 1505.81
[GA] Generation 139 best fitness: 1522.72
[GA] Generation 140 best fitness: 1522.72
[GA PHEROMONE] Active groups: 10 / 337, Total Pheromone: 180.22
[GA] Generation 141 best fitness: 1522.72
[GA] Generation 142 best fitness: 1522.72
[GA] Generation 143 best fitness: 1522.72
[GA] Generation 144 best fitness: 1522.72
[GA] Generation 145 best fitness: 1522.72
[GA] Generation 146 best fitness: 1522.72
[GA] Generation 147 best fitness: 1531.71
[GA] Generation 148 best fitness: 1531.71
[GA] Generation 149 best fitness: 1531.71
[GA] Generation 150 best fitness: 1540.56
[GA PHEROMONE] Active groups: 10 / 337, Total Pheromone: 180.04
[GA] Generation 151 best fitness: 1540.56
[GA] Generation 152 best fitness: 1540.56
[GA] Generation 153 best fitness: 1540.56
[GA] Generation 154 best fitness: 1540.56
[GA] Generation 155 best fitness: 1540.56
[GA] Generation 156 best fitness: 1540.56
[GA] Generation 157 best fitness: 1540.56
[GA] Generation 158 best fitness: 1540.56
[GA] Generation 159 best fitness: 1540.56
[GA] Generation 160 best fitness: 1540.56
[GA PHEROMONE] Active groups: 9 / 337, Total Pheromone: 180.00
[GA] Generation 161 best fitness: 1540.56
[GA] Generation 162 best fitness: 1540.56
[GA] Generation 163 best fitness: 1540.56
[GA] Generation 164 best fitness: 1540.56
[GA] Stagnation detected (15 generations). Triggering Mass Extinction!
[GA] Raising mutation rate to 0.40
[GA] Generation 165 best fitness: 1540.56
[GA] Generation 166 best fitness: 1540.56
[GA] Generation 167 best fitness: 1540.56
[GA] Generation 168 best fitness: 1540.56
[GA] Generation 169 best fitness: 1540.56
[GA] Generation 170 best fitness: 1540.56
[GA PHEROMONE] Active groups: 9 / 337, Total Pheromone: 180.00
[GA] Generation 171 best fitness: 1540.56
[GA] Generation 172 best fitness: 1540.56
[GA] Generation 173 best fitness: 1540.56
[GA] Generation 174 best fitness: 1540.56
[GA] Generation 175 best fitness: 1540.56
[GA] Generation 176 best fitness: 1540.56
[GA] Generation 177 best fitness: 1540.56
[GA] Best fitness improved to 1542.79. Resetting mutation rate to 0.15
[GA] Generation 178 best fitness: 1542.79
[GA] Generation 179 best fitness: 1542.79
[GA] Generation 180 best fitness: 1542.79
[GA PHEROMONE] Active groups: 9 / 337, Total Pheromone: 180.00
[GA] Generation 181 best fitness: 1542.79
[GA] Generation 182 best fitness: 1542.79
[GA] Generation 183 best fitness: 1542.79
[GA] Generation 184 best fitness: 1542.79
[GA] Generation 185 best fitness: 1542.79
[GA] Generation 186 best fitness: 1542.79
[GA] Generation 187 best fitness: 1542.79
[GA] Generation 188 best fitness: 1542.79
[GA] Generation 189 best fitness: 1542.79
[GA] Generation 190 best fitness: 1542.79
[GA PHEROMONE] Active groups: 9 / 337, Total Pheromone: 180.00
[GA] Generation 191 best fitness: 1552.85
[GA] Generation 192 best fitness: 1552.85
[GA] Generation 193 best fitness: 1552.85
[GA] Generation 194 best fitness: 1552.85
[GA] Generation 195 best fitness: 1552.85
[GA] Generation 196 best fitness: 1552.85
[GA] Generation 197 best fitness: 1552.85
[GA] Generation 198 best fitness: 1552.85
[GA] Generation 199 best fitness: 1552.85
[GA] Generation 200 best fitness: 1552.85
[GA PHEROMONE] Active groups: 9 / 337, Total Pheromone: 180.00
[GA] Generation 201 best fitness: 1552.85
[GA] Generation 202 best fitness: 1552.85
[GA] Generation 203 best fitness: 1552.85
[GA] Generation 204 best fitness: 1552.85
[GA] Generation 205 best fitness: 1552.85
[GA] Stagnation detected (15 generations). Triggering Mass Extinction!
[GA] Raising mutation rate to 0.40
[GA] Generation 206 best fitness: 1552.85
[GA] Generation 207 best fitness: 1552.85
[GA] Generation 208 best fitness: 1552.85
[GA] Generation 209 best fitness: 1552.85
[GA] Generation 210 best fitness: 1552.85
[GA PHEROMONE] Active groups: 9 / 337, Total Pheromone: 180.00
[GA] Generation 211 best fitness: 1552.85
[GA] Generation 212 best fitness: 1552.85
[GA] Generation 213 best fitness: 1552.85
[GA] Generation 214 best fitness: 1552.85
[GA] Generation 215 best fitness: 1552.85
[GA] Generation 216 best fitness: 1552.85
[GA] Generation 217 best fitness: 1552.85
[GA] Generation 218 best fitness: 1552.85
[GA] Generation 219 best fitness: 1552.85
[GA] Generation 220 best fitness: 1552.85
[GA] Stagnation detected (30 generations). Triggering Mass Extinction!
[GA PHEROMONE] Active groups: 9 / 337, Total Pheromone: 180.00
[GA] Generation 221 best fitness: 1552.85
[GA] Generation 222 best fitness: 1552.85
[GA] Generation 223 best fitness: 1552.85
[GA] Generation 224 best fitness: 1552.85
[GA] Generation 225 best fitness: 1552.85
[GA] Generation 226 best fitness: 1552.85
[GA] Generation 227 best fitness: 1552.85
[GA] Generation 228 best fitness: 1552.85
[GA] Generation 229 best fitness: 1552.85
[GA] Generation 230 best fitness: 1552.85
[GA PHEROMONE] Active groups: 9 / 337, Total Pheromone: 180.00
[GA] Generation 231 best fitness: 1552.85
[GA] Generation 232 best fitness: 1552.85
[GA] Generation 233 best fitness: 1552.85
[GA] Generation 234 best fitness: 1552.85
[GA] Generation 235 best fitness: 1552.85
[GA] Stagnation detected (45 generations). Triggering Mass Extinction!
[GA] Generation 236 best fitness: 1552.85
[GA] Generation 237 best fitness: 1552.85
[GA] Generation 238 best fitness: 1552.85
[GA] Generation 239 best fitness: 1552.85
[GA] Generation 240 best fitness: 1552.85
[GA PHEROMONE] Active groups: 9 / 337, Total Pheromone: 180.00
[GA] Generation 241 best fitness: 1552.85
[GA] Generation 242 best fitness: 1552.85
[GA] Generation 243 best fitness: 1552.85
[GA] Generation 244 best fitness: 1552.85
[GA] Generation 245 best fitness: 1552.85
[GA] Generation 246 best fitness: 1552.85
[GA] Generation 247 best fitness: 1552.85
[GA] Generation 248 best fitness: 1552.85
[GA] Generation 249 best fitness: 1552.85
[GA] Generation 250 best fitness: 1552.85
[GA] Stagnation detected (60 generations). Triggering Mass Extinction!
[GA PHEROMONE] Active groups: 9 / 337, Total Pheromone: 180.00
[GA] Generation 251 best fitness: 1552.85
[GA] Generation 252 best fitness: 1552.85
[GA] Generation 253 best fitness: 1552.85
[GA] Generation 254 best fitness: 1552.85
[GA] Generation 255 best fitness: 1552.85
[GA] Generation 256 best fitness: 1552.85
[GA] Generation 257 best fitness: 1552.85
[GA] Generation 258 best fitness: 1552.85
[GA] Generation 259 best fitness: 1552.85
[GA] Generation 260 best fitness: 1552.85
[GA PHEROMONE] Active groups: 9 / 337, Total Pheromone: 180.00
[GA] Generation 261 best fitness: 1552.85
[GA] Generation 262 best fitness: 1552.85
[GA] Generation 263 best fitness: 1552.85
[GA] Generation 264 best fitness: 1552.85
[GA] Generation 265 best fitness: 1552.85
[GA] Stagnation detected (75 generations). Triggering Mass Extinction!
[GA] Generation 266 best fitness: 1552.85
[GA] Generation 267 best fitness: 1552.85
[GA] Generation 268 best fitness: 1552.85
[GA] Generation 269 best fitness: 1552.85
[GA] Generation 270 best fitness: 1552.85
[GA PHEROMONE] Active groups: 9 / 337, Total Pheromone: 180.00
[GA] Generation 271 best fitness: 1552.85
[GA] Generation 272 best fitness: 1552.85
[GA] Generation 273 best fitness: 1552.85
[GA] Best fitness improved to 1555.50. Resetting mutation rate to 0.15
[GA] Generation 274 best fitness: 1555.50
[GA] Generation 275 best fitness: 1555.50
[GA] Generation 276 best fitness: 1555.50
[GA] Generation 277 best fitness: 1555.50
[GA] Generation 278 best fitness: 1555.50
[GA] Generation 279 best fitness: 1555.50
[GA] Generation 280 best fitness: 1555.50
[GA PHEROMONE] Active groups: 10 / 337, Total Pheromone: 170.90
[GA] Generation 281 best fitness: 1555.50
[GA] Generation 282 best fitness: 1555.50
[GA] Generation 283 best fitness: 1555.50
[GA] Generation 284 best fitness: 1555.50
[GA] Generation 285 best fitness: 1555.50
[GA] Generation 286 best fitness: 1555.50
[GA] Generation 287 best fitness: 1555.50
[GA] Generation 288 best fitness: 1555.50
[GA] Stagnation detected (15 generations). Triggering Mass Extinction!
[GA] Raising mutation rate to 0.40
[GA] Generation 289 best fitness: 1555.50
[GA] Generation 290 best fitness: 1555.50
[GA PHEROMONE] Active groups: 10 / 337, Total Pheromone: 162.15
[GA] Generation 291 best fitness: 1555.50
[GA] Generation 292 best fitness: 1555.50
[GA] Generation 293 best fitness: 1555.50
[GA] Generation 294 best fitness: 1555.50
[GA] Generation 295 best fitness: 1555.50
[GA] Generation 296 best fitness: 1555.50
[GA] Generation 297 best fitness: 1555.50
[GA] Generation 298 best fitness: 1555.50
[GA] Generation 299 best fitness: 1555.50
[GA] Generation 300 best fitness: 1555.50
[GA PHEROMONE] Active groups: 10 / 337, Total Pheromone: 160.42
[GA] Generation 301 best fitness: 1555.50
[GA] Generation 302 best fitness: 1555.50
[GA] Generation 303 best fitness: 1555.50
[GA] Stagnation detected (30 generations). Triggering Mass Extinction!
[GA] Generation 304 best fitness: 1555.50
[GA] Generation 305 best fitness: 1555.50
[GA] Generation 306 best fitness: 1555.50
[GA] Generation 307 best fitness: 1555.50
[GA] Generation 308 best fitness: 1555.50
[GA] Generation 309 best fitness: 1555.50
[GA] Generation 310 best fitness: 1555.50
[GA PHEROMONE] Active groups: 10 / 337, Total Pheromone: 160.08
[GA] Generation 311 best fitness: 1555.50
[GA] Generation 312 best fitness: 1555.50
[GA] Generation 313 best fitness: 1555.50
[GA] Generation 314 best fitness: 1555.50
[GA] Generation 315 best fitness: 1555.50
[GA] Generation 316 best fitness: 1555.50
[GA] Generation 317 best fitness: 1555.50
[GA] Generation 318 best fitness: 1555.50
[GA] Stagnation detected (45 generations). Triggering Mass Extinction!
[GA] Generation 319 best fitness: 1555.50
[GA] Generation 320 best fitness: 1555.50
[GA PHEROMONE] Active groups: 8 / 337, Total Pheromone: 160.00
[GA] Generation 321 best fitness: 1555.50
[GA] Generation 322 best fitness: 1555.50
[GA] Generation 323 best fitness: 1555.50
[GA] Generation 324 best fitness: 1555.50
[GA] Generation 325 best fitness: 1555.50
[GA] Generation 326 best fitness: 1555.50
[GA] Generation 327 best fitness: 1555.50
[GA] Generation 328 best fitness: 1555.50
[GA] Generation 329 best fitness: 1555.50
[GA] Generation 330 best fitness: 1555.50
[GA PHEROMONE] Active groups: 8 / 337, Total Pheromone: 160.00
[GA] Generation 331 best fitness: 1555.50
[GA] Generation 332 best fitness: 1555.50
[GA] Generation 333 best fitness: 1555.50
[GA] Stagnation detected (60 generations). Triggering Mass Extinction!
[GA] Generation 334 best fitness: 1555.50
[GA] Generation 335 best fitness: 1555.50
[GA] Generation 336 best fitness: 1555.50
[GA] Generation 337 best fitness: 1555.50
[GA] Generation 338 best fitness: 1555.50
[GA] Generation 339 best fitness: 1555.50
[GA] Generation 340 best fitness: 1555.50
[GA PHEROMONE] Active groups: 8 / 337, Total Pheromone: 160.00
[GA] Generation 341 best fitness: 1555.50
[GA] Generation 342 best fitness: 1555.50
[GA] Generation 343 best fitness: 1555.50
[GA] Generation 344 best fitness: 1555.50
[GA] Generation 345 best fitness: 1555.50
[GA] Generation 346 best fitness: 1555.50
[GA] Generation 347 best fitness: 1555.50
[GA] Generation 348 best fitness: 1555.50
[GA] Stagnation detected (75 generations). Triggering Mass Extinction!
[GA] Generation 349 best fitness: 1555.50
[GA] Generation 350 best fitness: 1555.50
[GA PHEROMONE] Active groups: 8 / 337, Total Pheromone: 160.00
[GA] Generation 351 best fitness: 1555.50
[GA] Generation 352 best fitness: 1555.50
[GA] Generation 353 best fitness: 1555.50
[GA] Generation 354 best fitness: 1555.50
[GA] Generation 355 best fitness: 1555.50
[GA] Generation 356 best fitness: 1555.50
[GA] Generation 357 best fitness: 1555.50
[GA] Generation 358 best fitness: 1555.50
[GA] Generation 359 best fitness: 1555.50
[GA] Generation 360 best fitness: 1555.50
[GA PHEROMONE] Active groups: 8 / 337, Total Pheromone: 160.00
[GA] Generation 361 best fitness: 1555.50
[GA] Generation 362 best fitness: 1555.50
[GA] Generation 363 best fitness: 1555.50
[GA] Stagnation detected (90 generations). Triggering Mass Extinction!
[GA] Generation 364 best fitness: 1555.50
[GA] Generation 365 best fitness: 1555.50
[GA] Generation 366 best fitness: 1555.50
[GA] Generation 367 best fitness: 1555.50
[GA] Generation 368 best fitness: 1555.50
[GA] Generation 369 best fitness: 1555.50
[GA] Generation 370 best fitness: 1555.50
[GA PHEROMONE] Active groups: 8 / 337, Total Pheromone: 160.00
[GA] Generation 371 best fitness: 1555.50
[GA] Generation 372 best fitness: 1555.50
[GA] Generation 373 best fitness: 1555.50
[GA] Generation 374 best fitness: 1555.50
[GA] Generation 375 best fitness: 1555.50
[GA] Generation 376 best fitness: 1555.50
[GA] Generation 377 best fitness: 1555.50
[GA] Generation 378 best fitness: 1555.50
[GA] Stagnation detected (105 generations). Triggering Mass Extinction!
[GA] Generation 379 best fitness: 1555.50
[GA] Generation 380 best fitness: 1555.50
[GA PHEROMONE] Active groups: 8 / 337, Total Pheromone: 160.00
[GA] Generation 381 best fitness: 1555.50
[GA] Generation 382 best fitness: 1555.50
[GA] Generation 383 best fitness: 1555.50
[GA] Generation 384 best fitness: 1555.50
[GA] Generation 385 best fitness: 1555.50
[GA] Generation 386 best fitness: 1555.50
[GA] Best fitness improved to 1558.58. Resetting mutation rate to 0.15
[GA] Generation 387 best fitness: 1558.58
[GA] Generation 388 best fitness: 1558.58
[GA] Generation 389 best fitness: 1558.58
[GA] Generation 390 best fitness: 1558.58
[GA PHEROMONE] Active groups: 10 / 337, Total Pheromone: 183.71
[GA] Generation 391 best fitness: 1558.58
[GA] Generation 392 best fitness: 1558.58
[GA] Generation 393 best fitness: 1558.58
[GA] Generation 394 best fitness: 1558.58
[GA] Generation 395 best fitness: 1558.58
[GA] Generation 396 best fitness: 1558.58
[GA] Generation 397 best fitness: 1558.58
[GA] Generation 398 best fitness: 1558.58
[GA] Generation 399 best fitness: 1558.58
[GA] Generation 400 best fitness: 1558.58
[GA PHEROMONE] Active groups: 10 / 337, Total Pheromone: 181.75
[GA] Generation 401 best fitness: 1558.58
[GA] Stagnation detected (15 generations). Triggering Mass Extinction!
[GA] Raising mutation rate to 0.40
[GA] Generation 402 best fitness: 1558.58
[GA] Generation 403 best fitness: 1558.58
[GA] Generation 404 best fitness: 1558.58
[GA] Generation 405 best fitness: 1558.58
[GA] Generation 406 best fitness: 1558.58
[GA] Generation 407 best fitness: 1558.58
[GA] Generation 408 best fitness: 1558.58
[GA] Generation 409 best fitness: 1558.58
[GA] Generation 410 best fitness: 1558.58
[GA PHEROMONE] Active groups: 10 / 337, Total Pheromone: 180.34
[GA] Generation 411 best fitness: 1558.58
[GA] Generation 412 best fitness: 1558.58
[GA] Generation 413 best fitness: 1558.58
[GA] Generation 414 best fitness: 1558.58
[GA] Generation 415 best fitness: 1558.58
[GA] Generation 416 best fitness: 1558.58
[GA] Stagnation detected (30 generations). Triggering Mass Extinction!
[GA] Generation 417 best fitness: 1558.58
[GA] Generation 418 best fitness: 1558.58
[GA] Generation 419 best fitness: 1558.58
[GA] Generation 420 best fitness: 1558.58
[GA PHEROMONE] Active groups: 10 / 337, Total Pheromone: 180.07
[GA] Generation 421 best fitness: 1558.58
[GA] Generation 422 best fitness: 1558.58
[GA] Generation 423 best fitness: 1558.58
[GA] Generation 424 best fitness: 1558.58
[GA] Generation 425 best fitness: 1558.58
[GA] Generation 426 best fitness: 1558.58
[GA] Generation 427 best fitness: 1558.58
[GA] Generation 428 best fitness: 1558.58
[GA] Generation 429 best fitness: 1558.58
[GA] Generation 430 best fitness: 1558.58
[GA PHEROMONE] Active groups: 10 / 337, Total Pheromone: 180.01
[GA] Generation 431 best fitness: 1558.58
[GA] Stagnation detected (45 generations). Triggering Mass Extinction!
[GA] Generation 432 best fitness: 1558.58
[GA] Generation 433 best fitness: 1558.58
[GA] Generation 434 best fitness: 1558.58
[GA] Generation 435 best fitness: 1558.58
[GA] Generation 436 best fitness: 1558.58
[GA] Generation 437 best fitness: 1558.58
[GA] Generation 438 best fitness: 1558.58
[GA] Generation 439 best fitness: 1558.58
[GA] Generation 440 best fitness: 1558.58
[GA PHEROMONE] Active groups: 9 / 337, Total Pheromone: 180.00
[GA] Generation 441 best fitness: 1558.58
[GA] Generation 442 best fitness: 1558.58
[GA] Generation 443 best fitness: 1558.58
[GA] Generation 444 best fitness: 1558.58
[GA] Generation 445 best fitness: 1558.58
[GA] Generation 446 best fitness: 1558.58
[GA] Stagnation detected (60 generations). Triggering Mass Extinction!
[GA] Generation 447 best fitness: 1558.58
[GA] Generation 448 best fitness: 1558.58
[GA] Generation 449 best fitness: 1558.58
[GA] Generation 450 best fitness: 1558.58
[GA PHEROMONE] Active groups: 9 / 337, Total Pheromone: 180.00
[GA] Generation 451 best fitness: 1558.58
[GA] Generation 452 best fitness: 1558.58
[GA] Generation 453 best fitness: 1558.58
[GA] Generation 454 best fitness: 1558.58
[GA] Generation 455 best fitness: 1558.58
[GA] Generation 456 best fitness: 1558.58
[GA] Generation 457 best fitness: 1558.58
[GA] Generation 458 best fitness: 1558.58
[GA] Generation 459 best fitness: 1558.58
[GA] Generation 460 best fitness: 1558.58
[GA PHEROMONE] Active groups: 9 / 337, Total Pheromone: 180.00
[GA] Generation 461 best fitness: 1558.58
[GA] Stagnation detected (75 generations). Triggering Mass Extinction!
[GA] Generation 462 best fitness: 1558.58
[GA] Generation 463 best fitness: 1558.58
[GA] Generation 464 best fitness: 1558.58
[GA] Generation 465 best fitness: 1558.58
[GA] Generation 466 best fitness: 1558.58
[GA] Generation 467 best fitness: 1558.58
[GA] Generation 468 best fitness: 1558.58
[GA] Generation 469 best fitness: 1558.58
[GA] Generation 470 best fitness: 1558.58
[GA PHEROMONE] Active groups: 9 / 337, Total Pheromone: 180.00
[GA] Generation 471 best fitness: 1558.58
[GA] Best fitness improved to 1561.23. Resetting mutation rate to 0.15
[GA] Generation 472 best fitness: 1561.23
[GA] Generation 473 best fitness: 1561.23
[GA] Generation 474 best fitness: 1561.23
[GA] Generation 475 best fitness: 1561.23
[GA] Generation 476 best fitness: 1561.23
[GA] Generation 477 best fitness: 1561.23
[GA] Generation 478 best fitness: 1561.23
[GA] Generation 479 best fitness: 1561.23
[GA] Generation 480 best fitness: 1561.23
[GA PHEROMONE] Active groups: 10 / 337, Total Pheromone: 167.87
[GA] Generation 481 best fitness: 1561.23
[GA] Generation 482 best fitness: 1561.23
[GA] Generation 483 best fitness: 1561.23
[GA] Generation 484 best fitness: 1561.23
[GA] Generation 485 best fitness: 1561.23
[GA] Generation 486 best fitness: 1561.23
[GA] Stagnation detected (15 generations). Triggering Mass Extinction!
[GA] Raising mutation rate to 0.40
[GA] Generation 487 best fitness: 1561.23
[GA] Generation 488 best fitness: 1561.23
[GA] Generation 489 best fitness: 1561.23
[GA] Generation 490 best fitness: 1561.23
[GA PHEROMONE] Active groups: 10 / 337, Total Pheromone: 161.55
[GA] Generation 491 best fitness: 1561.23
[GA] Generation 492 best fitness: 1561.23
[GA] Generation 493 best fitness: 1561.23
[GA] Generation 494 best fitness: 1561.23
[GA] Generation 495 best fitness: 1561.23
[GA] Generation 496 best fitness: 1561.23
[GA] Generation 497 best fitness: 1561.23
[GA] Generation 498 best fitness: 1561.23
[GA] Generation 499 best fitness: 1561.23
[GA] Generation 500 best fitness: 1561.23
[GA PHEROMONE] Active groups: 10 / 337, Total Pheromone: 160.31
[GA] Generation 501 best fitness: 1561.23
[GA] Stagnation detected (30 generations). Triggering Mass Extinction!
[GA] Generation 502 best fitness: 1561.23
[GA] Generation 503 best fitness: 1561.23
[GA] Generation 504 best fitness: 1561.23
[GA] Generation 505 best fitness: 1561.23
[GA] Generation 506 best fitness: 1561.23
[GA] Generation 507 best fitness: 1561.23
[GA] Generation 508 best fitness: 1561.23
[GA] Generation 509 best fitness: 1561.23
[GA] Generation 510 best fitness: 1561.23
[GA PHEROMONE] Active groups: 10 / 337, Total Pheromone: 160.06
[GA] Generation 511 best fitness: 1561.23
[GA] Generation 512 best fitness: 1561.23
[GA] Generation 513 best fitness: 1561.23
[GA] Generation 514 best fitness: 1561.23
[GA] Generation 515 best fitness: 1561.23
[GA] Generation 516 best fitness: 1561.23
[GA] Stagnation detected (45 generations). Triggering Mass Extinction!
[GA] Generation 517 best fitness: 1561.23
[GA] Generation 518 best fitness: 1561.23
[GA] Generation 519 best fitness: 1561.23
[GA] Generation 520 best fitness: 1561.23
[GA PHEROMONE] Active groups: 8 / 337, Total Pheromone: 160.00
[GA] Generation 521 best fitness: 1561.23
[GA] Generation 522 best fitness: 1561.23
[GA] Generation 523 best fitness: 1561.23
[GA] Generation 524 best fitness: 1561.23
[GA] Generation 525 best fitness: 1561.23
[GA] Generation 526 best fitness: 1561.23
[GA] Generation 527 best fitness: 1561.23
[GA] Generation 528 best fitness: 1561.23
[GA] Generation 529 best fitness: 1561.23
[GA] Generation 530 best fitness: 1561.23
[GA PHEROMONE] Active groups: 8 / 337, Total Pheromone: 160.00
[GA] Generation 531 best fitness: 1561.23
[GA] Stagnation detected (60 generations). Triggering Mass Extinction!
[GA] Generation 532 best fitness: 1561.23
[GA] Generation 533 best fitness: 1561.23
[GA] Generation 534 best fitness: 1561.23
[GA] Generation 535 best fitness: 1561.23
[GA] Generation 536 best fitness: 1561.23
[GA] Generation 537 best fitness: 1561.23
[GA] Generation 538 best fitness: 1561.23
[GA] Generation 539 best fitness: 1561.23
[GA] Generation 540 best fitness: 1561.23
[GA PHEROMONE] Active groups: 8 / 337, Total Pheromone: 160.00
[GA] Generation 541 best fitness: 1561.23
[GA] Generation 542 best fitness: 1561.23
[GA] Generation 543 best fitness: 1561.23
[GA] Generation 544 best fitness: 1561.23
[GA] Generation 545 best fitness: 1561.23
[GA] Generation 546 best fitness: 1561.23
[GA] Stagnation detected (75 generations). Triggering Mass Extinction!
[GA] Generation 547 best fitness: 1561.23
[GA] Generation 548 best fitness: 1561.23
[GA] Generation 549 best fitness: 1561.23
[GA] Generation 550 best fitness: 1561.23
[GA PHEROMONE] Active groups: 8 / 337, Total Pheromone: 160.00
[GA] Generation 551 best fitness: 1561.23
[GA] Generation 552 best fitness: 1561.23
[GA] Generation 553 best fitness: 1561.23
[GA] Generation 554 best fitness: 1561.23
[GA] Generation 555 best fitness: 1561.23
[GA] Generation 556 best fitness: 1561.23
[GA] Generation 557 best fitness: 1561.23
[GA] Generation 558 best fitness: 1561.23
[GA] Generation 559 best fitness: 1561.23
[GA] Generation 560 best fitness: 1561.23
[GA PHEROMONE] Active groups: 8 / 337, Total Pheromone: 160.00
[GA] Generation 561 best fitness: 1561.23
[GA] Stagnation detected (90 generations). Triggering Mass Extinction!
[GA] Generation 562 best fitness: 1561.23
[GA] Generation 563 best fitness: 1561.23
[GA] Generation 564 best fitness: 1561.23
[GA] Generation 565 best fitness: 1561.23
[GA] Generation 566 best fitness: 1561.23
[GA] Generation 567 best fitness: 1561.23
[GA] Generation 568 best fitness: 1561.23
[GA] Generation 569 best fitness: 1561.23
[GA] Generation 570 best fitness: 1561.23
[GA PHEROMONE] Active groups: 8 / 337, Total Pheromone: 160.00
[GA] Generation 571 best fitness: 1561.23
[GA] Generation 572 best fitness: 1561.23
[GA] Generation 573 best fitness: 1561.23
[GA] Generation 574 best fitness: 1561.23
[GA] Best fitness improved to 1565.95. Resetting mutation rate to 0.15
[GA] Generation 575 best fitness: 1565.95
[GA] Generation 576 best fitness: 1565.95
[GA] Generation 577 best fitness: 1565.95
[GA] Generation 578 best fitness: 1565.95
[GA] Generation 579 best fitness: 1565.95
[GA] Generation 580 best fitness: 1565.95
[GA PHEROMONE] Active groups: 8 / 337, Total Pheromone: 160.00
[GA] Generation 581 best fitness: 1565.95
[GA] Generation 582 best fitness: 1565.95
[GA] Generation 583 best fitness: 1565.95
[GA] Generation 584 best fitness: 1565.95
[GA] Generation 585 best fitness: 1565.95
[GA] Generation 586 best fitness: 1565.95
[GA] Generation 587 best fitness: 1565.95
[GA] Generation 588 best fitness: 1565.95
[GA] Generation 589 best fitness: 1565.95
[GA] Stagnation detected (15 generations). Triggering Mass Extinction!
[GA] Raising mutation rate to 0.40
[GA] Generation 590 best fitness: 1565.95
[GA PHEROMONE] Active groups: 8 / 337, Total Pheromone: 160.00
[GA] Generation 591 best fitness: 1565.95
[GA] Generation 592 best fitness: 1565.95
[GA] Generation 593 best fitness: 1565.95
[GA] Generation 594 best fitness: 1565.95
[GA] Generation 595 best fitness: 1565.95
[GA] Generation 596 best fitness: 1565.95
[GA] Generation 597 best fitness: 1565.95
[GA] Generation 598 best fitness: 1565.95
[GA] Generation 599 best fitness: 1565.95
[GA] Generation 600 best fitness: 1565.95
[GA PHEROMONE] Active groups: 8 / 337, Total Pheromone: 160.00
[GA] Generation 601 best fitness: 1565.95
[GA] Generation 602 best fitness: 1565.95
[GA] Generation 603 best fitness: 1565.95
[GA] Generation 604 best fitness: 1565.95
[GA] Stagnation detected (30 generations). Triggering Mass Extinction!
[GA] Generation 605 best fitness: 1565.95
[GA] Generation 606 best fitness: 1565.95
[GA] Generation 607 best fitness: 1565.95
[GA] Generation 608 best fitness: 1565.95
[GA] Generation 609 best fitness: 1565.95
[GA] Generation 610 best fitness: 1565.95
[GA PHEROMONE] Active groups: 8 / 337, Total Pheromone: 160.00
[GA] Generation 611 best fitness: 1565.95
[GA] Generation 612 best fitness: 1565.95
[GA] Generation 613 best fitness: 1565.95
[GA] Generation 614 best fitness: 1565.95
[GA] Generation 615 best fitness: 1565.95
[GA] Generation 616 best fitness: 1565.95
[GA] Generation 617 best fitness: 1565.95
[GA] Best fitness improved to 1568.85. Resetting mutation rate to 0.15
[GA] Generation 618 best fitness: 1568.85
[GA] Generation 619 best fitness: 1568.85
[GA] Generation 620 best fitness: 1568.85
[GA PHEROMONE] Active groups: 9 / 337, Total Pheromone: 172.75
[GA] Generation 621 best fitness: 1568.85
[GA] Generation 622 best fitness: 1568.85
[GA] Generation 623 best fitness: 1568.85
[GA] Generation 624 best fitness: 1568.85
[GA] Generation 625 best fitness: 1568.85
[GA] Generation 626 best fitness: 1568.85
[GA] Generation 627 best fitness: 1568.85
[GA] Generation 628 best fitness: 1568.85
[GA] Generation 629 best fitness: 1568.85
[GA] Generation 630 best fitness: 1568.85
[GA PHEROMONE] Active groups: 9 / 337, Total Pheromone: 180.00
[GA] Generation 631 best fitness: 1568.85
[GA] Generation 632 best fitness: 1568.85
[GA] Stagnation detected (15 generations). Triggering Mass Extinction!
[GA] Raising mutation rate to 0.40
[GA] Generation 633 best fitness: 1568.85
[GA] Generation 634 best fitness: 1568.85
[GA] Generation 635 best fitness: 1568.85
[GA] Generation 636 best fitness: 1568.85
[GA] Generation 637 best fitness: 1568.85
[GA] Generation 638 best fitness: 1568.85
[GA] Generation 639 best fitness: 1568.85
[GA] Generation 640 best fitness: 1568.85
[GA PHEROMONE] Active groups: 9 / 337, Total Pheromone: 180.00
[GA] Generation 641 best fitness: 1568.85
[GA] Generation 642 best fitness: 1568.85
[GA] Generation 643 best fitness: 1568.85
[GA] Generation 644 best fitness: 1568.85
[GA] Generation 645 best fitness: 1568.85
[GA] Generation 646 best fitness: 1568.85
[GA] Generation 647 best fitness: 1568.85
[GA] Stagnation detected (30 generations). Triggering Mass Extinction!
[GA] Generation 648 best fitness: 1568.85
[GA] Generation 649 best fitness: 1568.85
[GA] Generation 650 best fitness: 1568.85
[GA PHEROMONE] Active groups: 9 / 337, Total Pheromone: 180.00
[GA] Generation 651 best fitness: 1568.85
[GA] Generation 652 best fitness: 1568.85
[GA] Best fitness improved to 1574.29. Resetting mutation rate to 0.15
[GA] Generation 653 best fitness: 1574.29
[GA] Generation 654 best fitness: 1574.29
[GA] Generation 655 best fitness: 1574.29
[GA] Generation 656 best fitness: 1582.39
[GA] Generation 657 best fitness: 1582.39
[GA] Generation 658 best fitness: 1582.39
[GA] Generation 659 best fitness: 1582.39
[GA] Generation 660 best fitness: 1582.39
[GA PHEROMONE] Active groups: 9 / 337, Total Pheromone: 164.63
[GA] Generation 661 best fitness: 1582.39
[GA] Generation 662 best fitness: 1582.39
[GA] Generation 663 best fitness: 1582.39
[GA] Generation 664 best fitness: 1582.39
[GA] Generation 665 best fitness: 1582.39
[GA] Generation 666 best fitness: 1582.39
[GA] Generation 667 best fitness: 1582.39
[GA] Generation 668 best fitness: 1582.39
[GA] Generation 669 best fitness: 1582.39
[GA] Generation 670 best fitness: 1582.39
[GA] Stagnation detected (15 generations). Triggering Mass Extinction!
[GA] Raising mutation rate to 0.40
[GA PHEROMONE] Active groups: 9 / 337, Total Pheromone: 160.91
[GA] Generation 671 best fitness: 1582.39
[GA] Generation 672 best fitness: 1582.39
[GA] Generation 673 best fitness: 1582.39
[GA] Generation 674 best fitness: 1582.39
[GA] Generation 675 best fitness: 1582.39
[GA] Generation 676 best fitness: 1582.39
[GA] Generation 677 best fitness: 1582.39
[GA] Generation 678 best fitness: 1582.39
[GA] Generation 679 best fitness: 1582.39
[GA] Generation 680 best fitness: 1582.39
[GA PHEROMONE] Active groups: 9 / 337, Total Pheromone: 160.18
[GA] Generation 681 best fitness: 1582.39
[GA] Generation 682 best fitness: 1582.39
[GA] Generation 683 best fitness: 1582.39
[GA] Generation 684 best fitness: 1582.39
[GA] Generation 685 best fitness: 1582.39
[GA] Stagnation detected (30 generations). Triggering Mass Extinction!
[GA] Generation 686 best fitness: 1582.39
[GA] Generation 687 best fitness: 1582.39
[GA] Generation 688 best fitness: 1582.39
[GA] Generation 689 best fitness: 1582.39
[GA] Generation 690 best fitness: 1582.39
[GA PHEROMONE] Active groups: 9 / 337, Total Pheromone: 160.04
[GA] Generation 691 best fitness: 1582.39
[GA] Generation 692 best fitness: 1582.39
[GA] Generation 693 best fitness: 1582.39
[GA] Generation 694 best fitness: 1582.39
[GA] Generation 695 best fitness: 1582.39
[GA] Generation 696 best fitness: 1582.39
[GA] Generation 697 best fitness: 1582.39
[GA] Generation 698 best fitness: 1582.39
[GA] Generation 699 best fitness: 1582.39
[GA] Generation 700 best fitness: 1582.39
[GA] Stagnation detected (45 generations). Triggering Mass Extinction!
[GA PHEROMONE] Active groups: 8 / 337, Total Pheromone: 160.00
[GA] Generation 701 best fitness: 1582.39
[GA] Generation 702 best fitness: 1582.39
[GA] Generation 703 best fitness: 1582.39
[GA] Generation 704 best fitness: 1582.39
[GA] Generation 705 best fitness: 1582.39
[GA] Generation 706 best fitness: 1582.39
[GA] Generation 707 best fitness: 1582.39
[GA] Generation 708 best fitness: 1582.39
[GA] Generation 709 best fitness: 1582.39
[GA] Generation 710 best fitness: 1582.39
[GA] Best fitness improved to 1599.12. Resetting mutation rate to 0.15
[GA PHEROMONE] Active groups: 8 / 337, Total Pheromone: 157.00
[GA] Generation 711 best fitness: 1599.12
[GA] Generation 712 best fitness: 1599.12
[GA] Generation 713 best fitness: 1599.12
[GA] Generation 714 best fitness: 1599.12
[GA] Generation 715 best fitness: 1599.12
[GA] Generation 716 best fitness: 1599.12
[GA] Generation 717 best fitness: 1599.12
[GA] Generation 718 best fitness: 1599.12
[GA] Generation 719 best fitness: 1599.12
[GA] Generation 720 best fitness: 1599.12
[GA PHEROMONE] Active groups: 8 / 337, Total Pheromone: 143.35
[GA] Generation 721 best fitness: 1599.12
[GA] Generation 722 best fitness: 1599.12
[GA] Generation 723 best fitness: 1599.12
[GA] Generation 724 best fitness: 1599.12
[GA] Generation 725 best fitness: 1599.12
[GA] Stagnation detected (15 generations). Triggering Mass Extinction!
[GA] Raising mutation rate to 0.40
[GA] Generation 726 best fitness: 1599.12
[GA] Generation 727 best fitness: 1599.12
[GA] Generation 728 best fitness: 1599.12
[GA] Generation 729 best fitness: 1599.12
[GA] Generation 730 best fitness: 1599.12
[GA PHEROMONE] Active groups: 8 / 337, Total Pheromone: 140.66
[GA] Generation 731 best fitness: 1599.12
[GA] Generation 732 best fitness: 1599.12
[GA] Generation 733 best fitness: 1599.12
[GA] Generation 734 best fitness: 1599.12
[GA] Generation 735 best fitness: 1599.12
[GA] Generation 736 best fitness: 1599.12
[GA] Generation 737 best fitness: 1599.12
[GA] Generation 738 best fitness: 1599.12
[GA] Generation 739 best fitness: 1599.12
[GA] Generation 740 best fitness: 1599.12
[GA] Stagnation detected (30 generations). Triggering Mass Extinction!
[GA PHEROMONE] Active groups: 8 / 337, Total Pheromone: 140.13
[GA] Generation 741 best fitness: 1599.12
[GA] Generation 742 best fitness: 1599.12
[GA] Generation 743 best fitness: 1599.12
[GA] Generation 744 best fitness: 1599.12
[GA] Generation 745 best fitness: 1599.12
[GA] Generation 746 best fitness: 1599.12
[GA] Generation 747 best fitness: 1599.12
[GA] Generation 748 best fitness: 1599.12
[GA] Generation 749 best fitness: 1599.12
[GA] Generation 750 best fitness: 1599.12
[GA PHEROMONE] Active groups: 8 / 337, Total Pheromone: 140.03
[GA] Generation 751 best fitness: 1599.12
[GA] Generation 752 best fitness: 1599.12
[GA] Generation 753 best fitness: 1599.12
[GA] Generation 754 best fitness: 1599.12
[GA] Generation 755 best fitness: 1599.12
[GA] Stagnation detected (45 generations). Triggering Mass Extinction!
[GA] Generation 756 best fitness: 1599.12
[GA] Generation 757 best fitness: 1599.12
[GA] Generation 758 best fitness: 1599.12
[GA] Generation 759 best fitness: 1599.12
[GA] Generation 760 best fitness: 1599.12
[GA PHEROMONE] Active groups: 7 / 337, Total Pheromone: 140.00
[GA] Generation 761 best fitness: 1599.12
[GA] Generation 762 best fitness: 1599.12
[GA] Generation 763 best fitness: 1599.12
[GA] Generation 764 best fitness: 1599.12
[GA] Generation 765 best fitness: 1599.12
[GA] Generation 766 best fitness: 1599.12
[GA] Generation 767 best fitness: 1599.12
[GA] Generation 768 best fitness: 1599.12
[GA] Generation 769 best fitness: 1599.12
[GA] Generation 770 best fitness: 1599.12
[GA] Stagnation detected (60 generations). Triggering Mass Extinction!
[GA PHEROMONE] Active groups: 7 / 337, Total Pheromone: 140.00
[GA] Generation 771 best fitness: 1599.12
[GA] Generation 772 best fitness: 1599.12
[GA] Generation 773 best fitness: 1599.12
[GA] Generation 774 best fitness: 1599.12
[GA] Generation 775 best fitness: 1599.12
[GA] Generation 776 best fitness: 1599.12
[GA] Generation 777 best fitness: 1599.12
[GA] Generation 778 best fitness: 1599.12
[GA] Generation 779 best fitness: 1599.12
[GA] Generation 780 best fitness: 1599.12
[GA PHEROMONE] Active groups: 7 / 337, Total Pheromone: 140.00
[GA] Generation 781 best fitness: 1599.12
[GA] Generation 782 best fitness: 1599.12
[GA] Generation 783 best fitness: 1599.12
[GA] Generation 784 best fitness: 1599.12
[GA] Generation 785 best fitness: 1599.12
[GA] Stagnation detected (75 generations). Triggering Mass Extinction!
[GA] Generation 786 best fitness: 1599.12
[GA] Generation 787 best fitness: 1599.12
[GA] Generation 788 best fitness: 1599.12
[GA] Generation 789 best fitness: 1599.12
[GA] Generation 790 best fitness: 1599.12
[GA PHEROMONE] Active groups: 7 / 337, Total Pheromone: 140.00
[GA] Generation 791 best fitness: 1599.12
[GA] Generation 792 best fitness: 1599.12
[GA] Generation 793 best fitness: 1599.12
[GA] Generation 794 best fitness: 1599.12
[GA] Generation 795 best fitness: 1599.12
[GA] Generation 796 best fitness: 1599.12
[GA] Generation 797 best fitness: 1599.12
[GA] Generation 798 best fitness: 1599.12
[GA] Generation 799 best fitness: 1599.12
[GA] Generation 800 best fitness: 1599.12
[GA] Stagnation detected (90 generations). Triggering Mass Extinction!
[GA PHEROMONE] Active groups: 7 / 337, Total Pheromone: 140.00
[GA] Generation 801 best fitness: 1599.12
[GA] Generation 802 best fitness: 1599.12
[GA] Generation 803 best fitness: 1599.12
[GA] Generation 804 best fitness: 1599.12
[GA] Generation 805 best fitness: 1599.12
[GA] Generation 806 best fitness: 1599.12
[GA] Generation 807 best fitness: 1599.12
[GA] Generation 808 best fitness: 1599.12
[GA] Generation 809 best fitness: 1599.12
[GA] Generation 810 best fitness: 1599.12
[GA PHEROMONE] Active groups: 7 / 337, Total Pheromone: 140.00
[GA] Generation 811 best fitness: 1599.12
[GA] Generation 812 best fitness: 1599.12
[GA] Generation 813 best fitness: 1599.12
[GA] Generation 814 best fitness: 1599.12
[GA] Generation 815 best fitness: 1599.12
[GA] Stagnation detected (105 generations). Triggering Mass Extinction!
[GA] Generation 816 best fitness: 1599.12
[GA] Generation 817 best fitness: 1599.12
[GA] Generation 818 best fitness: 1599.12
[GA] Generation 819 best fitness: 1599.12
[GA] Generation 820 best fitness: 1599.12
[GA PHEROMONE] Active groups: 7 / 337, Total Pheromone: 140.00
[GA] Generation 821 best fitness: 1599.12
[GA] Generation 822 best fitness: 1599.12
[GA] Generation 823 best fitness: 1599.12
[GA] Generation 824 best fitness: 1599.12
[GA] Generation 825 best fitness: 1599.12
[GA] Generation 826 best fitness: 1599.12
[GA] Generation 827 best fitness: 1599.12
[GA] Generation 828 best fitness: 1599.12
[GA] Generation 829 best fitness: 1599.12
[GA] Generation 830 best fitness: 1599.12
[GA] Stagnation detected (120 generations). Triggering Mass Extinction!
[GA] Hard stagnation detected (120 generations). Early termination at generation 830
[GA] Seed 1 final best fitness: 1599.12
[GA] === Seed 2 / 5 (seed=50) ===
[GA] Generation 0 best fitness: -1490.55
[GA PHEROMONE] Active groups: 9 / 337, Total Pheromone: 40.00
[GA] Generation 1 best fitness: -590.79
[GA] Generation 2 best fitness: -79.25
[GA] Generation 3 best fitness: -79.25
[GA] Generation 4 best fitness: -79.25
[GA] Generation 5 best fitness: -79.25
[GA] Generation 6 best fitness: -79.25
[GA] Generation 7 best fitness: 601.47
[GA] Generation 8 best fitness: 601.47
[GA] Generation 9 best fitness: 601.47
[GA] Generation 10 best fitness: 601.47
[GA PHEROMONE] Active groups: 10 / 337, Total Pheromone: 86.96
[GA] Generation 11 best fitness: 601.47
[GA] Generation 12 best fitness: 601.47
[GA] Generation 13 best fitness: 601.47
[GA] Generation 14 best fitness: 601.47
[GA] Generation 15 best fitness: 601.47
[GA] Generation 16 best fitness: 601.47
[GA] Generation 17 best fitness: 601.47
[GA] Generation 18 best fitness: 601.47
[GA] Generation 19 best fitness: 601.47
[GA] Generation 20 best fitness: 601.47
[GA PHEROMONE] Active groups: 10 / 337, Total Pheromone: 84.66
[GA] Generation 21 best fitness: 601.47
[GA] Stagnation detected (15 generations). Triggering Mass Extinction!
[GA] Raising mutation rate to 0.40
[GA] Generation 22 best fitness: 601.47
[GA] Generation 23 best fitness: 601.47
[GA] Generation 24 best fitness: 601.47
[GA] Generation 25 best fitness: 601.47
[GA] Best fitness improved to 634.78. Resetting mutation rate to 0.15
[GA] Generation 26 best fitness: 634.78
[GA] Generation 27 best fitness: 634.78
[GA] Generation 28 best fitness: 634.78
[GA] Generation 29 best fitness: 634.78
[GA] Generation 30 best fitness: 634.78
[GA PHEROMONE] Active groups: 10 / 337, Total Pheromone: 80.92
[GA] Generation 31 best fitness: 634.78
[GA] Generation 32 best fitness: 634.78
[GA] Generation 33 best fitness: 634.78
[GA] Generation 34 best fitness: 634.78
[GA] Generation 35 best fitness: 634.78
[GA] Generation 36 best fitness: 634.78
[GA] Generation 37 best fitness: 634.78
[GA] Generation 38 best fitness: 634.78
[GA] Generation 39 best fitness: 634.78
[GA] Generation 40 best fitness: 809.36
[GA PHEROMONE] Active groups: 7 / 337, Total Pheromone: 74.61
[GA] Generation 41 best fitness: 809.36
[GA] Generation 42 best fitness: 809.36
[GA] Generation 43 best fitness: 809.36
[GA] Generation 44 best fitness: 809.36
[GA] Generation 45 best fitness: 809.36
[GA] Generation 46 best fitness: 809.36
[GA] Generation 47 best fitness: 809.36
[GA] Generation 48 best fitness: 809.36
[GA] Generation 49 best fitness: 809.36
[GA] Generation 50 best fitness: 809.36
[GA PHEROMONE] Active groups: 6 / 337, Total Pheromone: 62.87
[GA] Generation 51 best fitness: 809.36
[GA] Generation 52 best fitness: 809.36
[GA] Generation 53 best fitness: 809.36
[GA] Generation 54 best fitness: 836.94
[GA] Generation 55 best fitness: 899.54
[GA] Generation 56 best fitness: 899.54
[GA] Generation 57 best fitness: 899.54
[GA] Generation 58 best fitness: 899.54
[GA] Generation 59 best fitness: 899.54
[GA] Generation 60 best fitness: 899.54
[GA PHEROMONE] Active groups: 4 / 337, Total Pheromone: 64.13
[GA] Generation 61 best fitness: 899.54
[GA] Generation 62 best fitness: 899.54
[GA] Generation 63 best fitness: 899.54
[GA] Generation 64 best fitness: 899.54
[GA] Generation 65 best fitness: 899.54
[GA] Generation 66 best fitness: 899.54
[GA] Generation 67 best fitness: 982.75
[GA] Generation 68 best fitness: 982.75
[GA] Generation 69 best fitness: 982.75
[GA] Generation 70 best fitness: 1066.80
[GA PHEROMONE] Active groups: 6 / 337, Total Pheromone: 64.82
[GA] Generation 71 best fitness: 1066.80
[GA] Generation 72 best fitness: 1066.80
[GA] Generation 73 best fitness: 1066.80
[GA] Generation 74 best fitness: 1066.80
[GA] Generation 75 best fitness: 1066.80
[GA] Generation 76 best fitness: 1066.80
[GA] Generation 77 best fitness: 1066.80
[GA] Generation 78 best fitness: 1066.80
[GA] Generation 79 best fitness: 1066.80
[GA] Generation 80 best fitness: 1066.80
[GA PHEROMONE] Active groups: 6 / 337, Total Pheromone: 44.89
[GA] Generation 81 best fitness: 1066.80
[GA] Generation 82 best fitness: 1066.80
[GA] Generation 83 best fitness: 1087.93
[GA] Generation 84 best fitness: 1087.93
[GA] Generation 85 best fitness: 1150.01
[GA] Generation 86 best fitness: 1150.01
[GA] Generation 87 best fitness: 1150.01
[GA] Generation 88 best fitness: 1150.01
[GA] Generation 89 best fitness: 1156.79
[GA] Generation 90 best fitness: 1156.79
[GA PHEROMONE] Active groups: 6 / 337, Total Pheromone: 80.33
[GA] Generation 91 best fitness: 1156.79
[GA] Generation 92 best fitness: 1156.79
[GA] Generation 93 best fitness: 1156.79
[GA] Generation 94 best fitness: 1156.79
[GA] Generation 95 best fitness: 1156.79
[GA] Generation 96 best fitness: 1156.79
[GA] Generation 97 best fitness: 1156.79
[GA] Generation 98 best fitness: 1156.79
[GA] Generation 99 best fitness: 1156.79
[GA] Generation 100 best fitness: 1156.79
[GA PHEROMONE] Active groups: 5 / 337, Total Pheromone: 80.06
[GA] Generation 101 best fitness: 1156.79
[GA] Generation 102 best fitness: 1156.79
[GA] Generation 103 best fitness: 1156.79
[GA] Stagnation detected (15 generations). Triggering Mass Extinction!
[GA] Raising mutation rate to 0.40
[GA] Generation 104 best fitness: 1156.79
[GA] Generation 105 best fitness: 1156.79
[GA] Best fitness improved to 1158.45. Resetting mutation rate to 0.15
[GA] Generation 106 best fitness: 1158.45
[GA] Generation 107 best fitness: 1158.45
[GA] Generation 108 best fitness: 1158.45
[GA] Generation 109 best fitness: 1158.45
[GA] Generation 110 best fitness: 1175.43
[GA PHEROMONE] Active groups: 6 / 337, Total Pheromone: 82.36
[GA] Generation 111 best fitness: 1175.43
[GA] Generation 112 best fitness: 1175.43
[GA] Generation 113 best fitness: 1175.43
[GA] Generation 114 best fitness: 1175.43
[GA] Generation 115 best fitness: 1175.43
[GA] Generation 116 best fitness: 1175.43
[GA] Generation 117 best fitness: 1175.43
[GA] Generation 118 best fitness: 1178.43
[GA] Generation 119 best fitness: 1178.43
[GA] Generation 120 best fitness: 1178.43
[GA PHEROMONE] Active groups: 5 / 337, Total Pheromone: 90.44
[GA] Generation 121 best fitness: 1178.43
[GA] Generation 122 best fitness: 1178.43
[GA] Generation 123 best fitness: 1178.43
[GA] Generation 124 best fitness: 1186.35
[GA] Generation 125 best fitness: 1186.35
[GA] Generation 126 best fitness: 1186.35
[GA] Generation 127 best fitness: 1186.35
[GA] Generation 128 best fitness: 1186.35
[GA] Generation 129 best fitness: 1186.35
[GA] Generation 130 best fitness: 1186.35
[GA PHEROMONE] Active groups: 5 / 337, Total Pheromone: 100.00
[GA] Generation 131 best fitness: 1186.35
[GA] Generation 132 best fitness: 1186.35
[GA] Generation 133 best fitness: 1186.35
[GA] Generation 134 best fitness: 1188.01
[GA] Generation 135 best fitness: 1188.01
[GA] Generation 136 best fitness: 1188.01
[GA] Generation 137 best fitness: 1188.01
[GA] Generation 138 best fitness: 1188.01
[GA] Generation 139 best fitness: 1192.01
[GA] Generation 140 best fitness: 1192.01
[GA PHEROMONE] Active groups: 5 / 337, Total Pheromone: 95.74
[GA] Generation 141 best fitness: 1192.01
[GA] Generation 142 best fitness: 1192.01
[GA] Generation 143 best fitness: 1192.01
[GA] Generation 144 best fitness: 1192.01
[GA] Generation 145 best fitness: 1193.05
[GA] Generation 146 best fitness: 1193.97
[GA] Generation 147 best fitness: 1193.97
[GA] Generation 148 best fitness: 1193.97
[GA] Generation 149 best fitness: 1193.97
[GA] Generation 150 best fitness: 1193.97
[GA PHEROMONE] Active groups: 5 / 337, Total Pheromone: 87.54
[GA] Generation 151 best fitness: 1193.97
[GA] Generation 152 best fitness: 1193.97
[GA] Generation 153 best fitness: 1193.97
[GA] Generation 154 best fitness: 1193.97
[GA] Generation 155 best fitness: 1193.97
[GA] Generation 156 best fitness: 1193.97
[GA] Generation 157 best fitness: 1193.97
[GA] Generation 158 best fitness: 1206.15
[GA] Generation 159 best fitness: 1206.15
[GA] Generation 160 best fitness: 1206.15
[GA PHEROMONE] Active groups: 5 / 337, Total Pheromone: 94.23
[GA] Generation 161 best fitness: 1221.40
[GA] Generation 162 best fitness: 1221.40
[GA] Generation 163 best fitness: 1221.40
[GA] Generation 164 best fitness: 1221.40
[GA] Generation 165 best fitness: 1221.40
[GA] Generation 166 best fitness: 1221.40
[GA] Generation 167 best fitness: 1221.40
[GA] Generation 168 best fitness: 1221.40
[GA] Generation 169 best fitness: 1221.40
[GA] Generation 170 best fitness: 1221.40
[GA PHEROMONE] Active groups: 5 / 337, Total Pheromone: 100.00
[GA] Generation 171 best fitness: 1221.40
[GA] Generation 172 best fitness: 1221.40
[GA] Generation 173 best fitness: 1221.40
[GA] Generation 174 best fitness: 1221.40
[GA] Generation 175 best fitness: 1221.40
[GA] Stagnation detected (15 generations). Triggering Mass Extinction!
[GA] Raising mutation rate to 0.40
[GA] Generation 176 best fitness: 1221.40
[GA] Generation 177 best fitness: 1221.40
[GA] Generation 178 best fitness: 1221.40
[GA] Generation 179 best fitness: 1221.40
[GA] Generation 180 best fitness: 1221.40
[GA PHEROMONE] Active groups: 5 / 337, Total Pheromone: 100.00
[GA] Generation 181 best fitness: 1221.40
[GA] Generation 182 best fitness: 1221.40
[GA] Generation 183 best fitness: 1221.40
[GA] Generation 184 best fitness: 1221.40
[GA] Generation 185 best fitness: 1221.40
[GA] Generation 186 best fitness: 1221.40
[GA] Generation 187 best fitness: 1221.40
[GA] Generation 188 best fitness: 1221.40
[GA] Generation 189 best fitness: 1221.40
[GA] Generation 190 best fitness: 1221.40
[GA] Stagnation detected (30 generations). Triggering Mass Extinction!
[GA PHEROMONE] Active groups: 5 / 337, Total Pheromone: 100.00
[GA] Generation 191 best fitness: 1221.40
[GA] Generation 192 best fitness: 1221.40
[GA] Generation 193 best fitness: 1221.40
[GA] Generation 194 best fitness: 1221.40
[GA] Generation 195 best fitness: 1221.40
[GA] Generation 196 best fitness: 1221.40
[GA] Generation 197 best fitness: 1221.40
[GA] Generation 198 best fitness: 1221.40
[GA] Best fitness improved to 1229.38. Resetting mutation rate to 0.15
[GA] Generation 199 best fitness: 1229.38
[GA] Generation 200 best fitness: 1229.38
[GA PHEROMONE] Active groups: 5 / 337, Total Pheromone: 100.00
Not converge : Sherd alignment
[GA] Generation 201 best fitness: 1229.38
[GA] Generation 202 best fitness: 1229.38
[GA] Generation 203 best fitness: 1229.38
[GA] Generation 204 best fitness: 1229.38
[GA] Generation 205 best fitness: 1229.38
[GA] Generation 206 best fitness: 1229.38
[GA] Generation 207 best fitness: 1229.38
[GA] Generation 208 best fitness: 1229.38
[GA] Generation 209 best fitness: 1229.38
[GA] Generation 210 best fitness: 1229.38
[GA PHEROMONE] Active groups: 5 / 337, Total Pheromone: 100.00
[GA] Generation 211 best fitness: 1229.38
[GA] Generation 212 best fitness: 1229.38
[GA] Generation 213 best fitness: 1229.38
[GA] Stagnation detected (15 generations). Triggering Mass Extinction!
[GA] Raising mutation rate to 0.40
[GA] Generation 214 best fitness: 1229.38
[GA] Generation 215 best fitness: 1229.38
[GA] Generation 216 best fitness: 1229.38
[GA] Best fitness improved to 1238.84. Resetting mutation rate to 0.15
[GA] Generation 217 best fitness: 1238.84
[GA] Generation 218 best fitness: 1238.84
[GA] Generation 219 best fitness: 1238.84
[GA] Generation 220 best fitness: 1238.84
[GA PHEROMONE] Active groups: 5 / 337, Total Pheromone: 100.00
[GA] Generation 221 best fitness: 1238.84
[GA] Generation 222 best fitness: 1249.08
[GA] Generation 223 best fitness: 1249.08
[GA] Generation 224 best fitness: 1249.08
[GA] Generation 225 best fitness: 1249.08
[GA] Generation 226 best fitness: 1249.08
[GA] Generation 227 best fitness: 1249.08
[GA] Generation 228 best fitness: 1249.08
[GA] Generation 229 best fitness: 1249.08
[GA] Generation 230 best fitness: 1249.08
[GA PHEROMONE] Active groups: 5 / 337, Total Pheromone: 100.00
[GA] Generation 231 best fitness: 1249.08
[GA] Generation 232 best fitness: 1249.08
[GA] Generation 233 best fitness: 1249.08
[GA] Generation 234 best fitness: 1256.98
[GA] Generation 235 best fitness: 1256.98
[GA] Generation 236 best fitness: 1270.84
[GA] Generation 237 best fitness: 1270.84
[GA] Generation 238 best fitness: 1270.84
[GA] Generation 239 best fitness: 1270.84
[GA] Generation 240 best fitness: 1270.84
[GA PHEROMONE] Active groups: 8 / 337, Total Pheromone: 134.37
[GA] Generation 241 best fitness: 1320.36
[GA] Generation 242 best fitness: 1365.83
[GA] Generation 243 best fitness: 1376.23
[GA] Generation 244 best fitness: 1376.23
[GA] Generation 245 best fitness: 1376.23
[GA] Generation 246 best fitness: 1376.23
[GA] Generation 247 best fitness: 1376.23
[GA] Generation 248 best fitness: 1376.23
[GA] Generation 249 best fitness: 1409.87
[GA] Generation 250 best fitness: 1409.87
[GA PHEROMONE] Active groups: 12 / 337, Total Pheromone: 177.21
[GA] Generation 251 best fitness: 1409.87
[GA] Generation 252 best fitness: 1409.87
[GA] Generation 253 best fitness: 1409.87
[GA] Generation 254 best fitness: 1409.87
[GA] Generation 255 best fitness: 1409.87
[GA] Generation 256 best fitness: 1409.87
[GA] Generation 257 best fitness: 1409.87
[GA] Generation 258 best fitness: 1409.87
[GA] Generation 259 best fitness: 1409.87
[GA] Generation 260 best fitness: 1409.87
[GA PHEROMONE] Active groups: 12 / 337, Total Pheromone: 220.29
[GA] Generation 261 best fitness: 1409.87
[GA] Generation 262 best fitness: 1409.87
[GA] Generation 263 best fitness: 1432.76
[GA] Generation 264 best fitness: 1432.76
[GA] Generation 265 best fitness: 1432.76
[GA] Generation 266 best fitness: 1432.76
[GA] Generation 267 best fitness: 1432.76
[GA] Generation 268 best fitness: 1432.76
[GA] Generation 269 best fitness: 1432.76
[GA] Generation 270 best fitness: 1432.76
[GA PHEROMONE] Active groups: 15 / 337, Total Pheromone: 280.06
[GA] Generation 271 best fitness: 1432.76
[GA] Generation 272 best fitness: 1432.76
[GA] Generation 273 best fitness: 1432.76
[GA] Generation 274 best fitness: 1432.76
[GA] Generation 275 best fitness: 1432.76
[GA] Generation 276 best fitness: 1432.76
[GA] Generation 277 best fitness: 1439.14
[GA] Generation 278 best fitness: 1439.14
[GA] Generation 279 best fitness: 1440.92
[GA] Generation 280 best fitness: 1440.92
[GA PHEROMONE] Active groups: 16 / 337, Total Pheromone: 284.56
[GA] Generation 281 best fitness: 1446.94
[GA] Generation 282 best fitness: 1446.94
[GA] Generation 283 best fitness: 1447.30
[GA] Generation 284 best fitness: 1447.30
[GA] Generation 285 best fitness: 1447.30
[GA] Generation 286 best fitness: 1455.17
[GA] Generation 287 best fitness: 1455.17
[GA] Generation 288 best fitness: 1455.17
[GA] Generation 289 best fitness: 1455.17
[GA] Generation 290 best fitness: 1460.90
[GA PHEROMONE] Active groups: 15 / 337, Total Pheromone: 284.78
[GA] Generation 291 best fitness: 1460.90
[GA] Generation 292 best fitness: 1463.33
[GA] Generation 293 best fitness: 1469.35
[GA] Generation 294 best fitness: 1485.86
[GA] Generation 295 best fitness: 1489.21
[GA] Generation 296 best fitness: 1491.04
[GA] Generation 297 best fitness: 1494.94
[GA] Generation 298 best fitness: 1501.05
[GA] Generation 299 best fitness: 1532.66
[GA] Generation 300 best fitness: 1532.66
[GA PHEROMONE] Active groups: 17 / 337, Total Pheromone: 270.00
[GA] Generation 301 best fitness: 1532.95
[GA] Generation 302 best fitness: 1532.95
[GA] Generation 303 best fitness: 1542.34
[GA] Generation 304 best fitness: 1542.34
[GA] Generation 305 best fitness: 1542.34
[GA] Generation 306 best fitness: 1542.34
[GA] Generation 307 best fitness: 1542.34
[GA] Generation 308 best fitness: 1548.07
[GA] Generation 309 best fitness: 1548.07
[GA] Generation 310 best fitness: 1618.46
[GA PHEROMONE] Active groups: 18 / 337, Total Pheromone: 248.83
[GA] Generation 311 best fitness: 1618.46
[GA] Generation 312 best fitness: 1633.88
[GA] Generation 313 best fitness: 1633.88
[GA] Generation 314 best fitness: 1638.15
[GA] Generation 315 best fitness: 1638.15
[GA] Generation 316 best fitness: 1638.15
[GA] Generation 317 best fitness: 1638.15
[GA] Generation 318 best fitness: 1638.15
[GA] Generation 319 best fitness: 1638.15
[GA] Generation 320 best fitness: 1638.57
[GA PHEROMONE] Active groups: 19 / 337, Total Pheromone: 251.62
[GA] Generation 321 best fitness: 1638.57
[GA] Generation 322 best fitness: 1638.57
[GA] Generation 323 best fitness: 1638.57
[GA] Generation 324 best fitness: 1641.55
[GA] Generation 325 best fitness: 1644.27
[GA] Generation 326 best fitness: 1645.45
[GA] Generation 327 best fitness: 1645.45
[GA] Generation 328 best fitness: 1645.45
[GA] Generation 329 best fitness: 1650.97
[GA] Generation 330 best fitness: 1650.97
[GA PHEROMONE] Active groups: 22 / 337, Total Pheromone: 289.91
[GA] Generation 331 best fitness: 1651.56
[GA] Generation 332 best fitness: 1651.56
[GA] Generation 333 best fitness: 1657.09
[GA] Generation 334 best fitness: 1657.09
[GA] Generation 335 best fitness: 1657.09
[GA] Generation 336 best fitness: 1657.51
[GA] Generation 337 best fitness: 1657.51
[GA] Generation 338 best fitness: 1662.96
[GA] Generation 339 best fitness: 1662.96
[GA] Generation 340 best fitness: 1664.38
[GA PHEROMONE] Active groups: 21 / 337, Total Pheromone: 309.45
[GA] Generation 341 best fitness: 1668.89
[GA] Generation 342 best fitness: 1668.89
[GA] Generation 343 best fitness: 1668.89
[GA] Generation 344 best fitness: 1668.89
[GA] Generation 345 best fitness: 1668.89
[GA] Generation 346 best fitness: 1668.89
[GA] Generation 347 best fitness: 1677.44
[GA] Generation 348 best fitness: 1677.44
[GA] Generation 349 best fitness: 1677.44
[GA] Generation 350 best fitness: 1677.44
[GA PHEROMONE] Active groups: 20 / 337, Total Pheromone: 285.79
[GA] Generation 351 best fitness: 1677.44
[GA] Generation 352 best fitness: 1681.49
[GA] Generation 353 best fitness: 1681.49
[GA] Generation 354 best fitness: 1681.49
[GA] Generation 355 best fitness: 1681.49
[GA] Generation 356 best fitness: 1681.49
[GA] Generation 357 best fitness: 1681.49
[GA] Generation 358 best fitness: 1681.49
[GA] Generation 359 best fitness: 1681.92
[GA] Generation 360 best fitness: 1681.92
[GA PHEROMONE] Active groups: 21 / 337, Total Pheromone: 315.36
[GA] Generation 361 best fitness: 1681.92
[GA] Generation 362 best fitness: 1681.92
[GA] Generation 363 best fitness: 1681.92
[GA] Generation 364 best fitness: 1687.06
[GA] Generation 365 best fitness: 1697.69
[GA] Generation 366 best fitness: 1697.69
[GA] Generation 367 best fitness: 1697.69
[GA] Generation 368 best fitness: 1697.69
[GA] Generation 369 best fitness: 1697.69
[GA] Generation 370 best fitness: 1720.03
[GA PHEROMONE] Active groups: 24 / 337, Total Pheromone: 375.65
[GA] Generation 371 best fitness: 1720.46
[GA] Generation 372 best fitness: 1720.46
[GA] Generation 373 best fitness: 1720.46
[GA] Generation 374 best fitness: 1725.60
[GA] Generation 375 best fitness: 1725.60
[GA] Generation 376 best fitness: 1725.60
[GA] Generation 377 best fitness: 1725.60
[GA] Generation 378 best fitness: 1727.92
[GA] Generation 379 best fitness: 1727.92
[GA] Generation 380 best fitness: 1727.92
[GA PHEROMONE] Active groups: 22 / 337, Total Pheromone: 378.36
[GA] Generation 381 best fitness: 1727.92
[GA] Generation 382 best fitness: 1727.92
[GA] Generation 383 best fitness: 1727.92
[GA] Generation 384 best fitness: 1727.92
[GA] Generation 385 best fitness: 1733.05
[GA] Generation 386 best fitness: 1735.37
[GA] Generation 387 best fitness: 1735.37
[GA] Generation 388 best fitness: 1735.37
[GA] Generation 389 best fitness: 1735.37
[GA] Generation 390 best fitness: 1735.37
[GA PHEROMONE] Active groups: 23 / 337, Total Pheromone: 390.16
[GA] Generation 391 best fitness: 1735.37
[GA] Generation 392 best fitness: 1735.37
[GA] Generation 393 best fitness: 1752.52
[GA] Generation 394 best fitness: 1752.52
[GA] Generation 395 best fitness: 1752.52
[GA] Generation 396 best fitness: 1752.52
[GA] Generation 397 best fitness: 1752.52
[GA] Generation 398 best fitness: 1755.50
[GA] Generation 399 best fitness: 1755.50
[GA] Generation 400 best fitness: 1755.50
[GA PHEROMONE] Active groups: 22 / 337, Total Pheromone: 389.11
[GA] Generation 401 best fitness: 1772.65
[GA] Generation 402 best fitness: 1772.65
[GA] Generation 403 best fitness: 1772.65
[GA] Generation 404 best fitness: 1772.65
[GA] Generation 405 best fitness: 1772.65
[GA] Generation 406 best fitness: 1772.65
[GA] Generation 407 best fitness: 1776.56
[GA] Generation 408 best fitness: 1776.56
[GA] Generation 409 best fitness: 1776.56
[GA] Generation 410 best fitness: 1776.56
[GA PHEROMONE] Active groups: 23 / 337, Total Pheromone: 387.86
[GA] Generation 411 best fitness: 1776.56
[GA] Generation 412 best fitness: 1776.56
[GA] Generation 413 best fitness: 1776.56
[GA] Generation 414 best fitness: 1776.56
[GA] Generation 415 best fitness: 1776.56
[GA] Generation 416 best fitness: 1776.56
[GA] Generation 417 best fitness: 1776.56
[GA] Generation 418 best fitness: 1776.56
[GA] Generation 419 best fitness: 1776.56
[GA] Generation 420 best fitness: 1776.56
[GA PHEROMONE] Active groups: 22 / 337, Total Pheromone: 382.56
[GA] Generation 421 best fitness: 1776.56
[GA] Stagnation detected (15 generations). Triggering Mass Extinction!
[GA] Raising mutation rate to 0.40
[GA] Generation 422 best fitness: 1776.56
[GA] Generation 423 best fitness: 1776.56
[GA] Generation 424 best fitness: 1776.56
[GA] Generation 425 best fitness: 1776.56
[GA] Generation 426 best fitness: 1776.56
[GA] Generation 427 best fitness: 1776.56
[GA] Generation 428 best fitness: 1776.56
[GA] Generation 429 best fitness: 1776.56
[GA] Generation 430 best fitness: 1776.56
[GA PHEROMONE] Active groups: 22 / 337, Total Pheromone: 380.50
[GA] Generation 431 best fitness: 1776.56
[GA] Generation 432 best fitness: 1776.56
[GA] Generation 433 best fitness: 1776.56
[GA] Generation 434 best fitness: 1776.56
[GA] Generation 435 best fitness: 1776.56
[GA] Generation 436 best fitness: 1776.56
[GA] Stagnation detected (30 generations). Triggering Mass Extinction!
[GA] Generation 437 best fitness: 1776.56
[GA] Generation 438 best fitness: 1776.56
[GA] Generation 439 best fitness: 1776.56
[GA] Generation 440 best fitness: 1776.56
[GA PHEROMONE] Active groups: 22 / 337, Total Pheromone: 380.10
[GA] Generation 441 best fitness: 1776.56
[GA] Generation 442 best fitness: 1776.56
[GA] Generation 443 best fitness: 1776.56
[GA] Generation 444 best fitness: 1776.56
[GA] Generation 445 best fitness: 1776.56
[GA] Generation 446 best fitness: 1776.56
[GA] Generation 447 best fitness: 1776.56
[GA] Generation 448 best fitness: 1776.56
[GA] Generation 449 best fitness: 1776.56
[GA] Generation 450 best fitness: 1776.56
[GA PHEROMONE] Active groups: 20 / 337, Total Pheromone: 380.01
[GA] Generation 451 best fitness: 1776.56
[GA] Stagnation detected (45 generations). Triggering Mass Extinction!
[GA] Generation 452 best fitness: 1776.56
[GA] Generation 453 best fitness: 1776.56
[GA] Generation 454 best fitness: 1776.56
[GA] Generation 455 best fitness: 1776.56
[GA] Generation 456 best fitness: 1776.56
[GA] Generation 457 best fitness: 1776.56
[GA] Generation 458 best fitness: 1776.56
[GA] Generation 459 best fitness: 1776.56
[GA] Generation 460 best fitness: 1776.56
[GA PHEROMONE] Active groups: 19 / 337, Total Pheromone: 380.00
[GA] Generation 461 best fitness: 1776.56
[GA] Generation 462 best fitness: 1776.56
[GA] Generation 463 best fitness: 1776.56
[GA] Generation 464 best fitness: 1776.56
[GA] Generation 465 best fitness: 1776.56
[GA] Generation 466 best fitness: 1776.56
[GA] Stagnation detected (60 generations). Triggering Mass Extinction!
[GA] Generation 467 best fitness: 1776.56
[GA] Generation 468 best fitness: 1776.56
[GA] Generation 469 best fitness: 1776.56
[GA] Generation 470 best fitness: 1776.56
[GA PHEROMONE] Active groups: 19 / 337, Total Pheromone: 380.00
[GA] Generation 471 best fitness: 1776.56
[GA] Generation 472 best fitness: 1776.56
[GA] Generation 473 best fitness: 1776.56
[GA] Generation 474 best fitness: 1776.56
[GA] Generation 475 best fitness: 1776.56
[GA] Generation 476 best fitness: 1776.56
[GA] Generation 477 best fitness: 1776.56
[GA] Generation 478 best fitness: 1776.56
[GA] Generation 479 best fitness: 1776.56
[GA] Generation 480 best fitness: 1776.56
[GA PHEROMONE] Active groups: 19 / 337, Total Pheromone: 380.00
[GA] Generation 481 best fitness: 1776.56
[GA] Stagnation detected (75 generations). Triggering Mass Extinction!
[GA] Generation 482 best fitness: 1776.56
[GA] Generation 483 best fitness: 1776.56
[GA] Generation 484 best fitness: 1776.56
[GA] Generation 485 best fitness: 1776.56
[GA] Generation 486 best fitness: 1776.56
[GA] Generation 487 best fitness: 1776.56
[GA] Generation 488 best fitness: 1776.56
[GA] Generation 489 best fitness: 1776.56
[GA] Generation 490 best fitness: 1776.56
[GA PHEROMONE] Active groups: 19 / 337, Total Pheromone: 380.00
[GA] Generation 491 best fitness: 1776.56
[GA] Generation 492 best fitness: 1776.56
[GA] Generation 493 best fitness: 1776.56
[GA] Generation 494 best fitness: 1776.56
[GA] Generation 495 best fitness: 1776.56
[GA] Generation 496 best fitness: 1776.56
[GA] Stagnation detected (90 generations). Triggering Mass Extinction!
[GA] Generation 497 best fitness: 1776.56
[GA] Generation 498 best fitness: 1776.56
[GA] Generation 499 best fitness: 1776.56
[GA] Generation 500 best fitness: 1776.56
[GA PHEROMONE] Active groups: 19 / 337, Total Pheromone: 380.00
[GA] Generation 501 best fitness: 1776.56
[GA] Generation 502 best fitness: 1776.56
[GA] Generation 503 best fitness: 1776.56
[GA] Generation 504 best fitness: 1776.56
[GA] Generation 505 best fitness: 1776.56
[GA] Generation 506 best fitness: 1776.56
[GA] Generation 507 best fitness: 1776.56
[GA] Generation 508 best fitness: 1776.56
[GA] Generation 509 best fitness: 1776.56
[GA] Generation 510 best fitness: 1776.56
[GA PHEROMONE] Active groups: 19 / 337, Total Pheromone: 380.00
[GA] Generation 511 best fitness: 1776.56
[GA] Stagnation detected (105 generations). Triggering Mass Extinction!
[GA] Generation 512 best fitness: 1776.56
[GA] Generation 513 best fitness: 1776.56
[GA] Generation 514 best fitness: 1776.56
[GA] Generation 515 best fitness: 1776.56
[GA] Generation 516 best fitness: 1776.56
[GA] Generation 517 best fitness: 1776.56
[GA] Generation 518 best fitness: 1776.56
[GA] Generation 519 best fitness: 1776.56
[GA] Generation 520 best fitness: 1776.56
[GA PHEROMONE] Active groups: 19 / 337, Total Pheromone: 380.00
[GA] Generation 521 best fitness: 1776.56
[GA] Generation 522 best fitness: 1776.56
[GA] Generation 523 best fitness: 1776.56
[GA] Generation 524 best fitness: 1776.56
[GA] Generation 525 best fitness: 1776.56
[GA] Generation 526 best fitness: 1776.56
[GA] Stagnation detected (120 generations). Triggering Mass Extinction!
[GA] Hard stagnation detected (120 generations). Early termination at generation 526
[GA] Seed 2 final best fitness: 1776.56
[GA] === Seed 3 / 5 (seed=57) ===
[GA] Generation 0 best fitness: -2129.67
[GA PHEROMONE] Active groups: 5 / 337, Total Pheromone: 20.00
[GA] Generation 1 best fitness: -2129.67
[GA] Generation 2 best fitness: -2129.67
[GA] Generation 3 best fitness: -1990.88
[GA] Generation 4 best fitness: -591.55
[GA] Generation 5 best fitness: -591.55
[GA] Generation 6 best fitness: -591.55
[GA] Generation 7 best fitness: -264.76
[GA] Generation 8 best fitness: 439.45
[GA] Generation 9 best fitness: 439.45
[GA] Generation 10 best fitness: 439.45
[GA PHEROMONE] Active groups: 15 / 337, Total Pheromone: 69.85
[GA] Generation 11 best fitness: 439.45
[GA] Generation 12 best fitness: 439.45
[GA] Generation 13 best fitness: 439.45
[GA] Generation 14 best fitness: 439.45
[GA] Generation 15 best fitness: 439.45
[GA] Generation 16 best fitness: 439.45
[GA] Generation 17 best fitness: 439.45
[GA] Generation 18 best fitness: 439.45
[GA] Generation 19 best fitness: 439.45
[GA] Generation 20 best fitness: 439.45
[GA PHEROMONE] Active groups: 15 / 337, Total Pheromone: 13.75
[GA] Generation 21 best fitness: 439.45
[GA] Generation 22 best fitness: 439.45
[GA] Stagnation detected (15 generations). Triggering Mass Extinction!
[GA] Raising mutation rate to 0.40
[GA] Generation 23 best fitness: 439.45
[GA] Generation 24 best fitness: 439.45
[GA] Best fitness improved to 915.50. Resetting mutation rate to 0.15
[GA] Generation 25 best fitness: 915.50
[GA] Generation 26 best fitness: 915.50
[GA] Generation 27 best fitness: 915.50
[GA] Generation 28 best fitness: 915.50
[GA] Generation 29 best fitness: 915.50
[GA] Generation 30 best fitness: 915.50
[GA PHEROMONE] Active groups: 17 / 337, Total Pheromone: 93.30
[GA] Generation 31 best fitness: 915.50
[GA] Generation 32 best fitness: 915.50
[GA] Generation 33 best fitness: 915.50
[GA] Generation 34 best fitness: 915.50
[GA] Generation 35 best fitness: 915.50
[GA] Generation 36 best fitness: 915.50
[GA] Generation 37 best fitness: 915.50
[GA] Generation 38 best fitness: 915.50
[GA] Generation 39 best fitness: 915.50
[GA] Stagnation detected (15 generations). Triggering Mass Extinction!
[GA] Raising mutation rate to 0.40
[GA] Generation 40 best fitness: 915.50
[GA PHEROMONE] Active groups: 16 / 337, Total Pheromone: 100.37
[GA] Generation 41 best fitness: 915.50
[GA] Generation 42 best fitness: 915.50
[GA] Generation 43 best fitness: 915.50
[GA] Generation 44 best fitness: 915.50
[GA] Generation 45 best fitness: 915.50
[GA] Generation 46 best fitness: 915.50
[GA] Generation 47 best fitness: 915.50
[GA] Generation 48 best fitness: 915.50
[GA] Generation 49 best fitness: 915.50
[GA] Generation 50 best fitness: 915.50
[GA PHEROMONE] Active groups: 5 / 337, Total Pheromone: 100.00
[GA] Generation 51 best fitness: 915.50
[GA] Generation 52 best fitness: 915.50
[GA] Generation 53 best fitness: 915.50
[GA] Generation 54 best fitness: 915.50
[GA] Stagnation detected (30 generations). Triggering Mass Extinction!
[GA] Generation 55 best fitness: 915.50
[GA] Generation 56 best fitness: 915.50
[GA] Generation 57 best fitness: 915.50
[GA] Generation 58 best fitness: 915.50
[GA] Generation 59 best fitness: 915.50
[GA] Generation 60 best fitness: 915.50
[GA PHEROMONE] Active groups: 5 / 337, Total Pheromone: 100.00
[GA] Generation 61 best fitness: 915.50
[GA] Generation 62 best fitness: 915.50
[GA] Generation 63 best fitness: 915.50
[GA] Generation 64 best fitness: 915.50
[GA] Generation 65 best fitness: 915.50
[GA] Generation 66 best fitness: 915.50
[GA] Best fitness improved to 1172.14. Resetting mutation rate to 0.15
[GA] Generation 67 best fitness: 1172.14
[GA] Generation 68 best fitness: 1172.14
[GA] Generation 69 best fitness: 1172.14
[GA] Generation 70 best fitness: 1172.14
[GA PHEROMONE] Active groups: 9 / 337, Total Pheromone: 158.54
[GA] Generation 71 best fitness: 1172.14
[GA] Generation 72 best fitness: 1172.14
[GA] Generation 73 best fitness: 1172.14
[GA] Generation 74 best fitness: 1172.14
[GA] Generation 75 best fitness: 1172.14
Not converge : Sherd alignment
Not converge : Sherd alignment
Not converge : Sherd alignment
Not converge : Sherd alignment
Not converge : Sherd alignment
Not converge : Sherd alignment
Not converge : Sherd alignment
Not converge : Sherd alignment
Not converge : Sherd alignment
Not converge : Sherd alignment
Not converge : Sherd alignment
[GA] Generation 76 best fitness: 1172.14
[GA] Generation 77 best fitness: 1218.89
[GA] Generation 78 best fitness: 1218.89
[GA] Generation 79 best fitness: 1218.89
[GA] Generation 80 best fitness: 1253.22
[GA PHEROMONE] Active groups: 12 / 337, Total Pheromone: 194.74
[GA] Generation 81 best fitness: 1253.22
[GA] Generation 82 best fitness: 1253.22
[GA] Generation 83 best fitness: 1253.22
[GA] Generation 84 best fitness: 1253.22
[GA] Generation 85 best fitness: 1253.22
[GA] Generation 86 best fitness: 1273.64
[GA] Generation 87 best fitness: 1273.64
[GA] Generation 88 best fitness: 1273.64
[GA] Generation 89 best fitness: 1273.64
[GA] Generation 90 best fitness: 1308.25
[GA PHEROMONE] Active groups: 12 / 337, Total Pheromone: 174.72
[GA] Generation 91 best fitness: 1308.25
[GA] Generation 92 best fitness: 1315.24
[GA] Generation 93 best fitness: 1327.46
[GA] Generation 94 best fitness: 1346.13
[GA] Generation 95 best fitness: 1346.13
[GA] Generation 96 best fitness: 1362.92
[GA] Generation 97 best fitness: 1362.92
[GA] Generation 98 best fitness: 1374.85
[GA] Generation 99 best fitness: 1378.01
[GA] Generation 100 best fitness: 1378.01
[GA PHEROMONE] Active groups: 12 / 337, Total Pheromone: 176.87
[GA] Generation 101 best fitness: 1383.87
[GA] Generation 102 best fitness: 1383.87
[GA] Generation 103 best fitness: 1384.51
[GA] Generation 104 best fitness: 1400.82
[GA] Generation 105 best fitness: 1400.82
[GA] Generation 106 best fitness: 1400.82
[GA] Generation 107 best fitness: 1400.82
[GA] Generation 108 best fitness: 1400.82
[GA] Generation 109 best fitness: 1400.82
[GA] Generation 110 best fitness: 1400.82
[GA PHEROMONE] Active groups: 12 / 337, Total Pheromone: 196.35
[GA] Generation 111 best fitness: 1418.26
[GA] Generation 112 best fitness: 1438.27
[GA] Generation 113 best fitness: 1438.27
[GA] Generation 114 best fitness: 1438.27
[GA] Generation 115 best fitness: 1438.27
[GA] Generation 116 best fitness: 1479.21
[GA] Generation 117 best fitness: 1479.21
[GA] Generation 118 best fitness: 1505.68
[GA] Generation 119 best fitness: 1505.68
[GA] Generation 120 best fitness: 1505.68
[GA PHEROMONE] Active groups: 13 / 337, Total Pheromone: 195.57
[GA] Generation 121 best fitness: 1505.68
[GA] Generation 122 best fitness: 1510.21
[GA] Generation 123 best fitness: 1510.21
[GA] Generation 124 best fitness: 1511.04
[GA] Generation 125 best fitness: 1511.04
[GA] Generation 126 best fitness: 1521.89
[GA] Generation 127 best fitness: 1521.89
[GA] Generation 128 best fitness: 1527.87
[GA] Generation 129 best fitness: 1529.69
[GA] Generation 130 best fitness: 1546.22
[GA PHEROMONE] Active groups: 16 / 337, Total Pheromone: 213.94
[GA] Generation 131 best fitness: 1561.56
[GA] Generation 132 best fitness: 1574.51
[GA] Generation 133 best fitness: 1574.51
[GA] Generation 134 best fitness: 1574.51
[GA] Generation 135 best fitness: 1574.51
[GA] Generation 136 best fitness: 1574.51
[GA] Generation 137 best fitness: 1574.51
[GA] Generation 138 best fitness: 1574.51
[GA] Generation 139 best fitness: 1574.51
[GA] Generation 140 best fitness: 1579.01
[GA PHEROMONE] Active groups: 21 / 337, Total Pheromone: 255.34
[GA] Generation 141 best fitness: 1605.38
[GA] Generation 142 best fitness: 1605.38
[GA] Generation 143 best fitness: 1611.60
[GA] Generation 144 best fitness: 1611.60
[GA] Generation 145 best fitness: 1611.60
[GA] Generation 146 best fitness: 1616.74
[GA] Generation 147 best fitness: 1634.73
[GA] Generation 148 best fitness: 1634.73
[GA] Generation 149 best fitness: 1634.73
[GA] Generation 150 best fitness: 1634.73
[GA PHEROMONE] Active groups: 25 / 337, Total Pheromone: 227.58
[GA] Generation 151 best fitness: 1637.38
[GA] Generation 152 best fitness: 1637.38
[GA] Generation 153 best fitness: 1638.72
[GA] Generation 154 best fitness: 1638.72
[GA] Generation 155 best fitness: 1638.72
[GA] Generation 156 best fitness: 1641.90
[GA] Generation 157 best fitness: 1641.90
[GA] Generation 158 best fitness: 1641.90
[GA] Generation 159 best fitness: 1648.12
[GA] Generation 160 best fitness: 1648.12
[GA PHEROMONE] Active groups: 24 / 337, Total Pheromone: 221.68
[GA] Generation 161 best fitness: 1648.12
[GA] Generation 162 best fitness: 1648.12
[GA] Generation 163 best fitness: 1648.12
[GA] Generation 164 best fitness: 1648.12
[GA] Generation 165 best fitness: 1648.12
[GA] Generation 166 best fitness: 1652.18
[GA] Generation 167 best fitness: 1652.18
[GA] Generation 168 best fitness: 1652.18
[GA] Generation 169 best fitness: 1652.18
[GA] Generation 170 best fitness: 1652.18
[GA PHEROMONE] Active groups: 22 / 337, Total Pheromone: 319.67
[GA] Generation 171 best fitness: 1652.18
[GA] Generation 172 best fitness: 1657.15
[GA] Generation 173 best fitness: 1657.15
[GA] Generation 174 best fitness: 1657.15
[GA] Generation 175 best fitness: 1661.26
Not converge : Sherd alignment
Not converge : Sherd alignment
Not converge : Sherd alignment
[GA] Generation 176 best fitness: 1661.26
[GA] Generation 177 best fitness: 1661.26
[GA] Generation 178 best fitness: 1661.26
[GA] Generation 179 best fitness: 1661.26
[GA] Generation 180 best fitness: 1684.76
[GA PHEROMONE] Active groups: 23 / 337, Total Pheromone: 299.24
[GA] Generation 181 best fitness: 1684.76
[GA] Generation 182 best fitness: 1697.57
[GA] Generation 183 best fitness: 1697.57
[GA] Generation 184 best fitness: 1697.57
[GA] Generation 185 best fitness: 1697.57
[GA] Generation 186 best fitness: 1701.68
[GA] Generation 187 best fitness: 1714.50
[GA] Generation 188 best fitness: 1714.96
[GA] Generation 189 best fitness: 1714.96
[GA] Generation 190 best fitness: 1714.96
[GA PHEROMONE] Active groups: 23 / 337, Total Pheromone: 303.42
[GA] Generation 191 best fitness: 1724.82
[GA] Generation 192 best fitness: 1727.78
[GA] Generation 193 best fitness: 1727.78
[GA] Generation 194 best fitness: 1727.78
[GA] Generation 195 best fitness: 1727.78
[GA] Generation 196 best fitness: 1727.78
[GA] Generation 197 best fitness: 1737.32
[GA] Generation 198 best fitness: 1737.32
[GA] Generation 199 best fitness: 1740.28
[GA] Generation 200 best fitness: 1740.28
[GA PHEROMONE] Active groups: 23 / 337, Total Pheromone: 338.26
Not converge : Sherd alignment
[GA] Generation 201 best fitness: 1740.28
[GA] Generation 202 best fitness: 1750.14
[GA] Generation 203 best fitness: 1750.14
[GA] Generation 204 best fitness: 1750.14
[GA] Generation 205 best fitness: 1750.14
[GA] Generation 206 best fitness: 1750.14
[GA] Generation 207 best fitness: 1751.78
[GA] Generation 208 best fitness: 1751.78
[GA] Generation 209 best fitness: 1751.78
[GA] Generation 210 best fitness: 1751.78
[GA PHEROMONE] Active groups: 22 / 337, Total Pheromone: 324.49
[GA] Generation 211 best fitness: 1751.78
[GA] Generation 212 best fitness: 1751.78
[GA] Generation 213 best fitness: 1751.78
[GA] Generation 214 best fitness: 1751.78
[GA] Generation 215 best fitness: 1759.90
[GA] Generation 216 best fitness: 1759.90
[GA] Generation 217 best fitness: 1759.90
[GA] Generation 218 best fitness: 1759.90
[GA] Generation 219 best fitness: 1759.90
[GA] Generation 220 best fitness: 1759.90
[GA PHEROMONE] Active groups: 19 / 337, Total Pheromone: 320.88
[GA] Generation 221 best fitness: 1759.90
[GA] Generation 222 best fitness: 1759.90
[GA] Generation 223 best fitness: 1759.90
[GA] Generation 224 best fitness: 1759.90
[GA] Generation 225 best fitness: 1759.90
[GA] Generation 226 best fitness: 1759.90
[GA] Generation 227 best fitness: 1759.90
[GA] Generation 228 best fitness: 1764.28
[GA] Generation 229 best fitness: 1764.28
[GA] Generation 230 best fitness: 1764.28
[GA PHEROMONE] Active groups: 19 / 337, Total Pheromone: 320.17
[GA] Generation 231 best fitness: 1764.28
[GA] Generation 232 best fitness: 1764.28
[GA] Generation 233 best fitness: 1764.28
[GA] Generation 234 best fitness: 1764.28
[GA] Generation 235 best fitness: 1766.08
[GA] Generation 236 best fitness: 1766.08
[GA] Generation 237 best fitness: 1766.08
[GA] Generation 238 best fitness: 1766.08
[GA] Generation 239 best fitness: 1766.08
[GA] Generation 240 best fitness: 1766.08
[GA PHEROMONE] Active groups: 18 / 337, Total Pheromone: 320.03
[GA] Generation 241 best fitness: 1766.08
[GA] Generation 242 best fitness: 1766.08
[GA] Generation 243 best fitness: 1766.08
[GA] Generation 244 best fitness: 1769.88
[GA] Generation 245 best fitness: 1769.88
[GA] Generation 246 best fitness: 1769.88
[GA] Generation 247 best fitness: 1769.88
[GA] Generation 248 best fitness: 1769.88
[GA] Generation 249 best fitness: 1769.88
[GA] Generation 250 best fitness: 1769.88
[GA PHEROMONE] Active groups: 16 / 337, Total Pheromone: 320.00
[GA] Generation 251 best fitness: 1769.88
[GA] Generation 252 best fitness: 1769.88
[GA] Generation 253 best fitness: 1769.88
[GA] Generation 254 best fitness: 1769.88
[GA] Generation 255 best fitness: 1769.88
[GA] Generation 256 best fitness: 1769.88
[GA] Generation 257 best fitness: 1772.17
[GA] Generation 258 best fitness: 1772.17
[GA] Generation 259 best fitness: 1772.17
[GA] Generation 260 best fitness: 1772.17
[GA PHEROMONE] Active groups: 16 / 337, Total Pheromone: 320.00
[GA] Generation 261 best fitness: 1772.17
[GA] Generation 262 best fitness: 1772.17
[GA] Generation 263 best fitness: 1772.17
[GA] Generation 264 best fitness: 1772.17
[GA] Generation 265 best fitness: 1772.17
[GA] Generation 266 best fitness: 1772.17
[GA] Generation 267 best fitness: 1772.17
[GA] Generation 268 best fitness: 1776.16
[GA] Generation 269 best fitness: 1776.16
[GA] Generation 270 best fitness: 1776.16
[GA PHEROMONE] Active groups: 16 / 337, Total Pheromone: 320.00
[GA] Generation 271 best fitness: 1776.16
[GA] Generation 272 best fitness: 1776.16
[GA] Generation 273 best fitness: 1776.16
[GA] Generation 274 best fitness: 1776.16
[GA] Generation 275 best fitness: 1776.16
[GA] Generation 276 best fitness: 1776.16
[GA] Generation 277 best fitness: 1776.16
[GA] Generation 278 best fitness: 1776.16
[GA] Generation 279 best fitness: 1776.16
[GA] Generation 280 best fitness: 1776.16
[GA PHEROMONE] Active groups: 16 / 337, Total Pheromone: 320.00
[GA] Generation 281 best fitness: 1776.16
[GA] Generation 282 best fitness: 1776.16
[GA] Stagnation detected (15 generations). Triggering Mass Extinction!
[GA] Raising mutation rate to 0.40
[GA] Generation 283 best fitness: 1776.16
[GA] Generation 284 best fitness: 1776.16
[GA] Generation 285 best fitness: 1776.16
[GA] Generation 286 best fitness: 1776.16
[GA] Generation 287 best fitness: 1776.16
[GA] Generation 288 best fitness: 1776.16
[GA] Generation 289 best fitness: 1776.16
[GA] Generation 290 best fitness: 1776.16
[GA PHEROMONE] Active groups: 16 / 337, Total Pheromone: 320.00
[GA] Generation 291 best fitness: 1776.16
[GA] Generation 292 best fitness: 1776.16
[GA] Generation 293 best fitness: 1776.16
[GA] Generation 294 best fitness: 1776.16
[GA] Generation 295 best fitness: 1776.16
[GA] Generation 296 best fitness: 1776.16
[GA] Generation 297 best fitness: 1776.16
[GA] Stagnation detected (30 generations). Triggering Mass Extinction!
[GA] Generation 298 best fitness: 1776.16
[GA] Generation 299 best fitness: 1776.16
[GA] Generation 300 best fitness: 1776.16
[GA PHEROMONE] Active groups: 16 / 337, Total Pheromone: 320.00
[GA] Generation 301 best fitness: 1776.16
[GA] Generation 302 best fitness: 1776.16
[GA] Generation 303 best fitness: 1776.16
[GA] Generation 304 best fitness: 1776.16
[GA] Best fitness improved to 1778.14. Resetting mutation rate to 0.15
[GA] Generation 305 best fitness: 1778.14
[GA] Generation 306 best fitness: 1778.14
[GA] Generation 307 best fitness: 1778.14
[GA] Generation 308 best fitness: 1778.14
[GA] Generation 309 best fitness: 1778.14
[GA] Generation 310 best fitness: 1778.14
[GA PHEROMONE] Active groups: 16 / 337, Total Pheromone: 320.00
[GA] Generation 311 best fitness: 1778.14
[GA] Generation 312 best fitness: 1778.14
[GA] Generation 313 best fitness: 1778.14
[GA] Generation 314 best fitness: 1778.14
[GA] Generation 315 best fitness: 1778.14
[GA] Generation 316 best fitness: 1778.14
[GA] Generation 317 best fitness: 1778.14
[GA] Generation 318 best fitness: 1778.14
[GA] Generation 319 best fitness: 1778.14
[GA] Stagnation detected (15 generations). Triggering Mass Extinction!
[GA] Raising mutation rate to 0.40
[GA] Generation 320 best fitness: 1778.14
[GA PHEROMONE] Active groups: 16 / 337, Total Pheromone: 320.00
[GA] Generation 321 best fitness: 1778.14
[GA] Generation 322 best fitness: 1778.14
[GA] Generation 323 best fitness: 1778.14
[GA] Generation 324 best fitness: 1778.14
[GA] Generation 325 best fitness: 1778.14
[GA] Generation 326 best fitness: 1778.14
[GA] Generation 327 best fitness: 1778.14
[GA] Generation 328 best fitness: 1778.14
[GA] Generation 329 best fitness: 1778.14
[GA] Generation 330 best fitness: 1778.14
[GA PHEROMONE] Active groups: 16 / 337, Total Pheromone: 320.00
[GA] Generation 331 best fitness: 1778.14
[GA] Generation 332 best fitness: 1778.14
[GA] Generation 333 best fitness: 1778.14
[GA] Generation 334 best fitness: 1778.14
[GA] Stagnation detected (30 generations). Triggering Mass Extinction!
[GA] Generation 335 best fitness: 1778.14
[GA] Generation 336 best fitness: 1778.14
[GA] Generation 337 best fitness: 1778.14
[GA] Generation 338 best fitness: 1778.14
[GA] Generation 339 best fitness: 1778.14
[GA] Generation 340 best fitness: 1778.14
[GA PHEROMONE] Active groups: 16 / 337, Total Pheromone: 320.00
[GA] Generation 341 best fitness: 1778.14
[GA] Generation 342 best fitness: 1778.14
[GA] Generation 343 best fitness: 1778.14
[GA] Generation 344 best fitness: 1778.14
[GA] Generation 345 best fitness: 1778.14
[GA] Generation 346 best fitness: 1778.14
[GA] Generation 347 best fitness: 1778.14
[GA] Generation 348 best fitness: 1778.14
[GA] Generation 349 best fitness: 1778.14
[GA] Stagnation detected (45 generations). Triggering Mass Extinction!
[GA] Generation 350 best fitness: 1778.14
[GA PHEROMONE] Active groups: 16 / 337, Total Pheromone: 320.00
[GA] Generation 351 best fitness: 1778.14
[GA] Generation 352 best fitness: 1778.14
[GA] Generation 353 best fitness: 1778.14
[GA] Generation 354 best fitness: 1778.14
[GA] Generation 355 best fitness: 1778.14
[GA] Generation 356 best fitness: 1778.14
[GA] Generation 357 best fitness: 1778.14
[GA] Generation 358 best fitness: 1778.14
[GA] Generation 359 best fitness: 1778.14
[GA] Generation 360 best fitness: 1778.14
[GA PHEROMONE] Active groups: 16 / 337, Total Pheromone: 320.00
[GA] Generation 361 best fitness: 1778.14
[GA] Generation 362 best fitness: 1778.14
[GA] Generation 363 best fitness: 1778.14
[GA] Generation 364 best fitness: 1778.14
[GA] Stagnation detected (60 generations). Triggering Mass Extinction!
[GA] Generation 365 best fitness: 1778.14
[GA] Generation 366 best fitness: 1778.14
[GA] Generation 367 best fitness: 1778.14
[GA] Generation 368 best fitness: 1778.14
[GA] Generation 369 best fitness: 1778.14
[GA] Generation 370 best fitness: 1778.14
[GA PHEROMONE] Active groups: 16 / 337, Total Pheromone: 320.00
[GA] Generation 371 best fitness: 1778.14
[GA] Generation 372 best fitness: 1778.14
[GA] Generation 373 best fitness: 1778.14
[GA] Generation 374 best fitness: 1778.14
[GA] Generation 375 best fitness: 1778.14
[GA] Generation 376 best fitness: 1778.14
[GA] Generation 377 best fitness: 1778.14
[GA] Generation 378 best fitness: 1778.14
[GA] Generation 379 best fitness: 1778.14
[GA] Stagnation detected (75 generations). Triggering Mass Extinction!
[GA] Generation 380 best fitness: 1778.14
[GA PHEROMONE] Active groups: 16 / 337, Total Pheromone: 320.00
[GA] Generation 381 best fitness: 1778.14
[GA] Generation 382 best fitness: 1778.14
[GA] Generation 383 best fitness: 1778.14
[GA] Generation 384 best fitness: 1778.14
[GA] Generation 385 best fitness: 1778.14
[GA] Generation 386 best fitness: 1778.14
[GA] Generation 387 best fitness: 1778.14
[GA] Generation 388 best fitness: 1778.14
[GA] Generation 389 best fitness: 1778.14
[GA] Generation 390 best fitness: 1778.14
[GA PHEROMONE] Active groups: 16 / 337, Total Pheromone: 320.00
[GA] Generation 391 best fitness: 1778.14
[GA] Generation 392 best fitness: 1778.14
[GA] Generation 393 best fitness: 1778.14
[GA] Generation 394 best fitness: 1778.14
[GA] Stagnation detected (90 generations). Triggering Mass Extinction!
[GA] Generation 395 best fitness: 1778.14
[GA] Generation 396 best fitness: 1778.14
[GA] Generation 397 best fitness: 1778.14
[GA] Generation 398 best fitness: 1778.14
[GA] Generation 399 best fitness: 1778.14
[GA] Generation 400 best fitness: 1778.14
[GA PHEROMONE] Active groups: 16 / 337, Total Pheromone: 320.00
[GA] Generation 401 best fitness: 1778.14
[GA] Generation 402 best fitness: 1778.14
[GA] Generation 403 best fitness: 1778.14
[GA] Generation 404 best fitness: 1778.14
[GA] Generation 405 best fitness: 1778.14
[GA] Generation 406 best fitness: 1778.14
[GA] Generation 407 best fitness: 1778.14
[GA] Generation 408 best fitness: 1778.14
[GA] Generation 409 best fitness: 1778.14
[GA] Stagnation detected (105 generations). Triggering Mass Extinction!
[GA] Generation 410 best fitness: 1778.14
[GA PHEROMONE] Active groups: 16 / 337, Total Pheromone: 320.00
[GA] Generation 411 best fitness: 1778.14
[GA] Generation 412 best fitness: 1778.14
[GA] Generation 413 best fitness: 1778.14
[GA] Generation 414 best fitness: 1778.14
[GA] Generation 415 best fitness: 1778.14
[GA] Generation 416 best fitness: 1778.14
[GA] Generation 417 best fitness: 1778.14
[GA] Generation 418 best fitness: 1778.14
[GA] Generation 419 best fitness: 1778.14
[GA] Generation 420 best fitness: 1778.14
[GA PHEROMONE] Active groups: 16 / 337, Total Pheromone: 320.00
[GA] Generation 421 best fitness: 1778.14
[GA] Generation 422 best fitness: 1778.14
[GA] Generation 423 best fitness: 1778.14
[GA] Generation 424 best fitness: 1778.14
[GA] Stagnation detected (120 generations). Triggering Mass Extinction!
[GA] Hard stagnation detected (120 generations). Early termination at generation 424
[GA] Seed 3 final best fitness: 1778.14
[GA] === Seed 4 / 5 (seed=64) ===
[GA] Generation 0 best fitness: -1104.95
[GA PHEROMONE] Active groups: 6 / 337, Total Pheromone: 24.00
[GA] Generation 1 best fitness: -899.31
[GA] Generation 2 best fitness: -899.31
[GA] Generation 3 best fitness: -486.44
[GA] Generation 4 best fitness: -97.74
[GA] Generation 5 best fitness: -97.74
[GA] Generation 6 best fitness: -62.20
[GA] Generation 7 best fitness: -62.20
[GA] Generation 8 best fitness: -62.20
[GA] Generation 9 best fitness: 109.19
[GA] Generation 10 best fitness: 145.99
[GA PHEROMONE] Active groups: 21 / 337, Total Pheromone: 166.52
[GA] Generation 11 best fitness: 645.69
[GA] Generation 12 best fitness: 645.69
[GA] Generation 13 best fitness: 645.69
[GA] Generation 14 best fitness: 645.69
[GA] Generation 15 best fitness: 645.69
[GA] Generation 16 best fitness: 645.69
[GA] Generation 17 best fitness: 687.90
[GA] Generation 18 best fitness: 704.63
[GA] Generation 19 best fitness: 704.63
[GA] Generation 20 best fitness: 704.63
[GA PHEROMONE] Active groups: 22 / 337, Total Pheromone: 200.17
[GA] Generation 21 best fitness: 704.63
[GA] Generation 22 best fitness: 892.72
[GA] Generation 23 best fitness: 892.72
[GA] Generation 24 best fitness: 892.72
[GA] Generation 25 best fitness: 892.72
[GA] Generation 26 best fitness: 892.72
[GA] Generation 27 best fitness: 892.72
[GA] Generation 28 best fitness: 1015.83
[GA] Generation 29 best fitness: 1267.69
[GA] Generation 30 best fitness: 1267.69
[GA PHEROMONE] Active groups: 22 / 337, Total Pheromone: 193.38
[GA] Generation 31 best fitness: 1267.69
[GA] Generation 32 best fitness: 1267.69
[GA] Generation 33 best fitness: 1267.69
[GA] Generation 34 best fitness: 1267.69
[GA] Generation 35 best fitness: 1267.69
[GA] Generation 36 best fitness: 1267.69
[GA] Generation 37 best fitness: 1267.69
[GA] Generation 38 best fitness: 1267.69
[GA] Generation 39 best fitness: 1267.69
[GA] Generation 40 best fitness: 1267.69
[GA PHEROMONE] Active groups: 21 / 337, Total Pheromone: 184.30
[GA] Generation 41 best fitness: 1267.69
[GA] Generation 42 best fitness: 1267.69
[GA] Generation 43 best fitness: 1279.63
[GA] Generation 44 best fitness: 1279.63
[GA] Generation 45 best fitness: 1279.63
[GA] Generation 46 best fitness: 1279.63
[GA] Generation 47 best fitness: 1279.63
[GA] Generation 48 best fitness: 1279.63
[GA] Generation 49 best fitness: 1279.63
[GA] Generation 50 best fitness: 1279.63
[GA PHEROMONE] Active groups: 14 / 337, Total Pheromone: 240.17
[GA] Generation 51 best fitness: 1279.63
[GA] Generation 52 best fitness: 1279.63
[GA] Generation 53 best fitness: 1290.71
[GA] Generation 54 best fitness: 1290.71
[GA] Generation 55 best fitness: 1290.71
[GA] Generation 56 best fitness: 1290.71
[GA] Generation 57 best fitness: 1290.71
[GA] Generation 58 best fitness: 1290.71
[GA] Generation 59 best fitness: 1428.91
[GA] Generation 60 best fitness: 1428.91
[GA PHEROMONE] Active groups: 14 / 337, Total Pheromone: 227.37
[GA] Generation 61 best fitness: 1428.91
[GA] Generation 62 best fitness: 1428.91
[GA] Generation 63 best fitness: 1428.91
[GA] Generation 64 best fitness: 1428.91
[GA] Generation 65 best fitness: 1428.91
[GA] Generation 66 best fitness: 1428.91
[GA] Generation 67 best fitness: 1428.91
[GA] Generation 68 best fitness: 1428.91
[GA] Generation 69 best fitness: 1428.91
[GA] Generation 70 best fitness: 1428.91
[GA PHEROMONE] Active groups: 13 / 337, Total Pheromone: 242.42
[GA] Generation 71 best fitness: 1428.91
[GA] Generation 72 best fitness: 1428.91
[GA] Generation 73 best fitness: 1428.91
[GA] Stagnation detected (15 generations). Triggering Mass Extinction!
[GA] Raising mutation rate to 0.40
[GA] Generation 74 best fitness: 1428.91
[GA] Generation 75 best fitness: 1428.91
[GA] Generation 76 best fitness: 1428.91
[GA] Generation 77 best fitness: 1428.91
[GA] Generation 78 best fitness: 1428.91
[GA] Generation 79 best fitness: 1428.91
[GA] Generation 80 best fitness: 1428.91
[GA PHEROMONE] Active groups: 13 / 337, Total Pheromone: 240.48
[GA] Generation 81 best fitness: 1428.91
[GA] Generation 82 best fitness: 1428.91
[GA] Generation 83 best fitness: 1428.91
[GA] Generation 84 best fitness: 1428.91
[GA] Generation 85 best fitness: 1428.91
[GA] Generation 86 best fitness: 1428.91
[GA] Generation 87 best fitness: 1428.91
[GA] Generation 88 best fitness: 1428.91
[GA] Stagnation detected (30 generations). Triggering Mass Extinction!
[GA] Generation 89 best fitness: 1428.91
[GA] Generation 90 best fitness: 1428.91
[GA PHEROMONE] Active groups: 13 / 337, Total Pheromone: 240.09
[GA] Generation 91 best fitness: 1428.91
[GA] Generation 92 best fitness: 1428.91
[GA] Generation 93 best fitness: 1428.91
[GA] Generation 94 best fitness: 1428.91
[GA] Generation 95 best fitness: 1428.91
[GA] Generation 96 best fitness: 1428.91
[GA] Generation 97 best fitness: 1428.91
[GA] Generation 98 best fitness: 1428.91
[GA] Generation 99 best fitness: 1428.91
[GA] Generation 100 best fitness: 1428.91
[GA PHEROMONE] Active groups: 13 / 337, Total Pheromone: 240.02
[GA] Generation 101 best fitness: 1428.91
[GA] Generation 102 best fitness: 1428.91
[GA] Generation 103 best fitness: 1428.91
[GA] Stagnation detected (45 generations). Triggering Mass Extinction!
[GA] Generation 104 best fitness: 1428.91
[GA] Generation 105 best fitness: 1428.91
[GA] Generation 106 best fitness: 1428.91
[GA] Generation 107 best fitness: 1428.91
[GA] Generation 108 best fitness: 1428.91
[GA] Generation 109 best fitness: 1428.91
[GA] Generation 110 best fitness: 1428.91
[GA PHEROMONE] Active groups: 12 / 337, Total Pheromone: 240.00
[GA] Generation 111 best fitness: 1428.91
[GA] Generation 112 best fitness: 1428.91
[GA] Generation 113 best fitness: 1428.91
[GA] Generation 114 best fitness: 1428.91
[GA] Generation 115 best fitness: 1428.91
[GA] Generation 116 best fitness: 1428.91
[GA] Generation 117 best fitness: 1428.91
[GA] Generation 118 best fitness: 1428.91
[GA] Stagnation detected (60 generations). Triggering Mass Extinction!
[GA] Generation 119 best fitness: 1428.91
[GA] Generation 120 best fitness: 1428.91
[GA PHEROMONE] Active groups: 12 / 337, Total Pheromone: 240.00
[GA] Generation 121 best fitness: 1428.91
[GA] Generation 122 best fitness: 1428.91
[GA] Generation 123 best fitness: 1428.91
[GA] Generation 124 best fitness: 1428.91
[GA] Generation 125 best fitness: 1428.91
[GA] Generation 126 best fitness: 1428.91
[GA] Generation 127 best fitness: 1428.91
[GA] Generation 128 best fitness: 1428.91
[GA] Generation 129 best fitness: 1428.91
[GA] Generation 130 best fitness: 1428.91
[GA] Best fitness improved to 1430.71. Resetting mutation rate to 0.15
[GA PHEROMONE] Active groups: 12 / 337, Total Pheromone: 237.00
[GA] Generation 131 best fitness: 1430.71
[GA] Generation 132 best fitness: 1430.71
[GA] Generation 133 best fitness: 1430.71
[GA] Generation 134 best fitness: 1430.71
[GA] Generation 135 best fitness: 1430.71
[GA] Generation 136 best fitness: 1430.71
[GA] Generation 137 best fitness: 1430.71
[GA] Generation 138 best fitness: 1435.13
[GA] Generation 139 best fitness: 1435.13
[GA] Generation 140 best fitness: 1435.13
[GA PHEROMONE] Active groups: 12 / 337, Total Pheromone: 236.09
[GA] Generation 141 best fitness: 1435.13
[GA] Generation 142 best fitness: 1435.13
[GA] Generation 143 best fitness: 1435.13
[GA] Generation 144 best fitness: 1435.13
[GA] Generation 145 best fitness: 1435.13
[GA] Generation 146 best fitness: 1435.13
[GA] Generation 147 best fitness: 1435.13
[GA] Generation 148 best fitness: 1435.13
[GA] Generation 149 best fitness: 1435.13
[GA] Generation 150 best fitness: 1435.13
[GA PHEROMONE] Active groups: 12 / 337, Total Pheromone: 240.00
[GA] Generation 151 best fitness: 1435.13
[GA] Generation 152 best fitness: 1435.13
[GA] Stagnation detected (15 generations). Triggering Mass Extinction!
[GA] Raising mutation rate to 0.40
[GA] Generation 153 best fitness: 1435.13
[GA] Generation 154 best fitness: 1435.13
[GA] Generation 155 best fitness: 1435.13
[GA] Generation 156 best fitness: 1435.13
[GA] Generation 157 best fitness: 1435.13
[GA] Generation 158 best fitness: 1435.13
[GA] Generation 159 best fitness: 1435.13
[GA] Generation 160 best fitness: 1435.13
[GA PHEROMONE] Active groups: 12 / 337, Total Pheromone: 240.00
[GA] Generation 161 best fitness: 1435.13
[GA] Generation 162 best fitness: 1435.13
[GA] Generation 163 best fitness: 1435.13
[GA] Generation 164 best fitness: 1435.13
[GA] Generation 165 best fitness: 1435.13
[GA] Generation 166 best fitness: 1435.13
[GA] Generation 167 best fitness: 1435.13
[GA] Stagnation detected (30 generations). Triggering Mass Extinction!
[GA] Generation 168 best fitness: 1435.13
[GA] Generation 169 best fitness: 1435.13
[GA] Generation 170 best fitness: 1435.13
[GA PHEROMONE] Active groups: 12 / 337, Total Pheromone: 240.00
[GA] Generation 171 best fitness: 1435.13
[GA] Generation 172 best fitness: 1435.13
[GA] Generation 173 best fitness: 1435.13
[GA] Generation 174 best fitness: 1435.13
[GA] Generation 175 best fitness: 1435.13
[GA] Generation 176 best fitness: 1435.13
[GA] Generation 177 best fitness: 1435.13
[GA] Generation 178 best fitness: 1435.13
[GA] Generation 179 best fitness: 1435.13
[GA] Generation 180 best fitness: 1435.13
[GA PHEROMONE] Active groups: 12 / 337, Total Pheromone: 240.00
[GA] Generation 181 best fitness: 1435.13
[GA] Generation 182 best fitness: 1435.13
[GA] Stagnation detected (45 generations). Triggering Mass Extinction!
[GA] Generation 183 best fitness: 1435.13
[GA] Generation 184 best fitness: 1435.13
[GA] Generation 185 best fitness: 1435.13
[GA] Generation 186 best fitness: 1435.13
[GA] Generation 187 best fitness: 1435.13
[GA] Generation 188 best fitness: 1435.13
[GA] Generation 189 best fitness: 1435.13
[GA] Generation 190 best fitness: 1435.13
[GA PHEROMONE] Active groups: 12 / 337, Total Pheromone: 240.00
[GA] Generation 191 best fitness: 1435.13
[GA] Generation 192 best fitness: 1435.13
[GA] Generation 193 best fitness: 1435.13
[GA] Best fitness improved to 1436.57. Resetting mutation rate to 0.15
[GA] Generation 194 best fitness: 1436.57
[GA] Generation 195 best fitness: 1436.57
[GA] Generation 196 best fitness: 1436.57
[GA] Generation 197 best fitness: 1436.57
[GA] Generation 198 best fitness: 1436.57
[GA] Generation 199 best fitness: 1436.57
[GA] Generation 200 best fitness: 1436.57
[GA PHEROMONE] Active groups: 12 / 337, Total Pheromone: 240.00
[GA] Generation 201 best fitness: 1436.57
[GA] Generation 202 best fitness: 1436.57
[GA] Generation 203 best fitness: 1436.57
[GA] Generation 204 best fitness: 1436.57
[GA] Generation 205 best fitness: 1436.57
[GA] Generation 206 best fitness: 1436.57
[GA] Generation 207 best fitness: 1436.57
[GA] Generation 208 best fitness: 1436.57
[GA] Stagnation detected (15 generations). Triggering Mass Extinction!
[GA] Raising mutation rate to 0.40
[GA] Generation 209 best fitness: 1436.57
[GA] Generation 210 best fitness: 1436.57
[GA PHEROMONE] Active groups: 12 / 337, Total Pheromone: 240.00
[GA] Generation 211 best fitness: 1436.57
[GA] Generation 212 best fitness: 1436.57
[GA] Generation 213 best fitness: 1436.57
[GA] Generation 214 best fitness: 1436.57
[GA] Generation 215 best fitness: 1436.57
[GA] Generation 216 best fitness: 1436.57
[GA] Generation 217 best fitness: 1436.57
[GA] Generation 218 best fitness: 1436.57
[GA] Generation 219 best fitness: 1436.57
[GA] Generation 220 best fitness: 1436.57
[GA PHEROMONE] Active groups: 12 / 337, Total Pheromone: 240.00
[GA] Generation 221 best fitness: 1436.57
[GA] Generation 222 best fitness: 1436.57
[GA] Generation 223 best fitness: 1436.57
[GA] Stagnation detected (30 generations). Triggering Mass Extinction!
[GA] Generation 224 best fitness: 1436.57
[GA] Generation 225 best fitness: 1436.57
[GA] Generation 226 best fitness: 1436.57
[GA] Generation 227 best fitness: 1436.57
[GA] Generation 228 best fitness: 1436.57
[GA] Generation 229 best fitness: 1436.57
[GA] Generation 230 best fitness: 1436.57
[GA PHEROMONE] Active groups: 12 / 337, Total Pheromone: 240.00
[GA] Generation 231 best fitness: 1436.57
[GA] Generation 232 best fitness: 1436.57
[GA] Generation 233 best fitness: 1436.57
[GA] Generation 234 best fitness: 1436.57
[GA] Generation 235 best fitness: 1436.57
[GA] Generation 236 best fitness: 1436.57
[GA] Generation 237 best fitness: 1436.57
[GA] Generation 238 best fitness: 1436.57
[GA] Stagnation detected (45 generations). Triggering Mass Extinction!
[GA] Generation 239 best fitness: 1436.57
[GA] Generation 240 best fitness: 1436.57
[GA PHEROMONE] Active groups: 12 / 337, Total Pheromone: 240.00
[GA] Generation 241 best fitness: 1436.57
[GA] Generation 242 best fitness: 1436.57
[GA] Generation 243 best fitness: 1436.57
[GA] Generation 244 best fitness: 1436.57
[GA] Generation 245 best fitness: 1436.57
[GA] Generation 246 best fitness: 1436.57
[GA] Generation 247 best fitness: 1436.57
[GA] Generation 248 best fitness: 1436.57
[GA] Generation 249 best fitness: 1436.57
[GA] Generation 250 best fitness: 1436.57
[GA PHEROMONE] Active groups: 12 / 337, Total Pheromone: 240.00
[GA] Generation 251 best fitness: 1436.57
[GA] Generation 252 best fitness: 1436.57
[GA] Generation 253 best fitness: 1436.57
[GA] Stagnation detected (60 generations). Triggering Mass Extinction!
[GA] Generation 254 best fitness: 1436.57
[GA] Generation 255 best fitness: 1436.57
[GA] Generation 256 best fitness: 1436.57
[GA] Generation 257 best fitness: 1436.57
[GA] Generation 258 best fitness: 1436.57
[GA] Generation 259 best fitness: 1436.57
[GA] Generation 260 best fitness: 1436.57
[GA PHEROMONE] Active groups: 12 / 337, Total Pheromone: 240.00
[GA] Generation 261 best fitness: 1436.57
[GA] Generation 262 best fitness: 1436.57
[GA] Generation 263 best fitness: 1436.57
[GA] Generation 264 best fitness: 1436.57
[GA] Generation 265 best fitness: 1436.57
[GA] Generation 266 best fitness: 1436.57
[GA] Generation 267 best fitness: 1436.57
[GA] Generation 268 best fitness: 1436.57
[GA] Stagnation detected (75 generations). Triggering Mass Extinction!
[GA] Generation 269 best fitness: 1436.57
[GA] Generation 270 best fitness: 1436.57
[GA PHEROMONE] Active groups: 12 / 337, Total Pheromone: 240.00
[GA] Generation 271 best fitness: 1436.57
[GA] Generation 272 best fitness: 1436.57
[GA] Generation 273 best fitness: 1436.57
[GA] Generation 274 best fitness: 1436.57
[GA] Generation 275 best fitness: 1436.57
[GA] Generation 276 best fitness: 1436.57
[GA] Generation 277 best fitness: 1436.57
[GA] Generation 278 best fitness: 1436.57
[GA] Generation 279 best fitness: 1436.57
[GA] Generation 280 best fitness: 1436.57
[GA PHEROMONE] Active groups: 12 / 337, Total Pheromone: 240.00
[GA] Generation 281 best fitness: 1436.57
[GA] Best fitness improved to 1440.96. Resetting mutation rate to 0.15
[GA] Generation 282 best fitness: 1440.96
[GA] Generation 283 best fitness: 1440.96
[GA] Generation 284 best fitness: 1440.96
[GA] Generation 285 best fitness: 1440.96
[GA] Generation 286 best fitness: 1440.96
[GA] Generation 287 best fitness: 1440.96
[GA] Generation 288 best fitness: 1440.96
[GA] Generation 289 best fitness: 1440.96
[GA] Generation 290 best fitness: 1440.96
[GA PHEROMONE] Active groups: 12 / 337, Total Pheromone: 240.00
[GA] Generation 291 best fitness: 1440.96
[GA] Generation 292 best fitness: 1440.96
[GA] Generation 293 best fitness: 1440.96
[GA] Generation 294 best fitness: 1440.96
[GA] Generation 295 best fitness: 1440.96
[GA] Generation 296 best fitness: 1440.96
[GA] Stagnation detected (15 generations). Triggering Mass Extinction!
[GA] Raising mutation rate to 0.40
[GA] Generation 297 best fitness: 1440.96
[GA] Generation 298 best fitness: 1440.96
[GA] Generation 299 best fitness: 1440.96
[GA] Generation 300 best fitness: 1440.96
[GA PHEROMONE] Active groups: 12 / 337, Total Pheromone: 240.00
[GA] Generation 301 best fitness: 1440.96
[GA] Generation 302 best fitness: 1440.96
[GA] Generation 303 best fitness: 1440.96
[GA] Generation 304 best fitness: 1440.96
[GA] Generation 305 best fitness: 1440.96
[GA] Generation 306 best fitness: 1440.96
[GA] Generation 307 best fitness: 1440.96
[GA] Generation 308 best fitness: 1440.96
[GA] Generation 309 best fitness: 1440.96
[GA] Generation 310 best fitness: 1440.96
[GA PHEROMONE] Active groups: 12 / 337, Total Pheromone: 240.00
[GA] Generation 311 best fitness: 1440.96
[GA] Stagnation detected (30 generations). Triggering Mass Extinction!
[GA] Generation 312 best fitness: 1440.96
[GA] Generation 313 best fitness: 1440.96
[GA] Generation 314 best fitness: 1440.96
[GA] Generation 315 best fitness: 1440.96
[GA] Generation 316 best fitness: 1440.96
[GA] Generation 317 best fitness: 1440.96
[GA] Best fitness improved to 1443.88. Resetting mutation rate to 0.15
[GA] Generation 318 best fitness: 1443.88
[GA] Generation 319 best fitness: 1443.88
[GA] Generation 320 best fitness: 1481.77
[GA PHEROMONE] Active groups: 16 / 337, Total Pheromone: 274.95
[GA] Generation 321 best fitness: 1481.77
[GA] Generation 322 best fitness: 1481.77
[GA] Generation 323 best fitness: 1481.77
[GA] Generation 324 best fitness: 1481.77
[GA] Generation 325 best fitness: 1481.77
[GA] Generation 326 best fitness: 1481.77
[GA] Generation 327 best fitness: 1481.77
[GA] Generation 328 best fitness: 1481.77
[GA] Generation 329 best fitness: 1481.77
[GA] Generation 330 best fitness: 1481.77
[GA PHEROMONE] Active groups: 16 / 337, Total Pheromone: 301.05
[GA] Generation 331 best fitness: 1481.77
[GA] Generation 332 best fitness: 1481.77
[GA] Generation 333 best fitness: 1481.77
[GA] Generation 334 best fitness: 1481.77
[GA] Stagnation detected (15 generations). Triggering Mass Extinction!
[GA] Raising mutation rate to 0.40
[GA] Generation 335 best fitness: 1481.77
[GA] Generation 336 best fitness: 1481.77
[GA] Generation 337 best fitness: 1481.77
[GA] Generation 338 best fitness: 1481.77
[GA] Generation 339 best fitness: 1481.77
[GA] Generation 340 best fitness: 1481.77
[GA PHEROMONE] Active groups: 16 / 337, Total Pheromone: 300.21
[GA] Generation 341 best fitness: 1481.77
[GA] Generation 342 best fitness: 1481.77
[GA] Generation 343 best fitness: 1481.77
[GA] Generation 344 best fitness: 1481.77
[GA] Generation 345 best fitness: 1481.77
[GA] Generation 346 best fitness: 1481.77
[GA] Generation 347 best fitness: 1481.77
[GA] Generation 348 best fitness: 1481.77
[GA] Generation 349 best fitness: 1481.77
[GA] Stagnation detected (30 generations). Triggering Mass Extinction!
[GA] Generation 350 best fitness: 1481.77
[GA PHEROMONE] Active groups: 16 / 337, Total Pheromone: 300.04
[GA] Generation 351 best fitness: 1481.77
[GA] Generation 352 best fitness: 1481.77
[GA] Generation 353 best fitness: 1481.77
[GA] Generation 354 best fitness: 1481.77
[GA] Generation 355 best fitness: 1481.77
[GA] Generation 356 best fitness: 1481.77
[GA] Generation 357 best fitness: 1481.77
[GA] Generation 358 best fitness: 1481.77
[GA] Generation 359 best fitness: 1481.77
[GA] Generation 360 best fitness: 1481.77
[GA PHEROMONE] Active groups: 15 / 337, Total Pheromone: 300.00
[GA] Generation 361 best fitness: 1481.77
[GA] Generation 362 best fitness: 1481.77
[GA] Generation 363 best fitness: 1481.77
[GA] Generation 364 best fitness: 1481.77
[GA] Stagnation detected (45 generations). Triggering Mass Extinction!
[GA] Generation 365 best fitness: 1481.77
[GA] Generation 366 best fitness: 1481.77
[GA] Best fitness improved to 1488.05. Resetting mutation rate to 0.15
[GA] Generation 367 best fitness: 1488.05
[GA] Generation 368 best fitness: 1488.05
[GA] Generation 369 best fitness: 1488.05
[GA] Generation 370 best fitness: 1488.05
[GA PHEROMONE] Active groups: 16 / 337, Total Pheromone: 292.58
[GA] Generation 371 best fitness: 1488.05
[GA] Generation 372 best fitness: 1488.05
[GA] Generation 373 best fitness: 1488.05
[GA] Generation 374 best fitness: 1506.16
[GA] Generation 375 best fitness: 1506.16
[GA] Generation 376 best fitness: 1506.16
[GA] Generation 377 best fitness: 1506.16
[GA] Generation 378 best fitness: 1506.16
[GA] Generation 379 best fitness: 1506.16
[GA] Generation 380 best fitness: 1506.16
[GA PHEROMONE] Active groups: 17 / 337, Total Pheromone: 287.83
[GA] Generation 381 best fitness: 1506.16
[GA] Generation 382 best fitness: 1506.16
[GA] Generation 383 best fitness: 1506.16
[GA] Generation 384 best fitness: 1506.16
[GA] Generation 385 best fitness: 1506.16
[GA] Generation 386 best fitness: 1506.16
[GA] Generation 387 best fitness: 1506.16
[GA] Generation 388 best fitness: 1506.16
[GA] Stagnation detected (15 generations). Triggering Mass Extinction!
[GA] Raising mutation rate to 0.40
[GA] Generation 389 best fitness: 1506.16
[GA] Generation 390 best fitness: 1506.16
[GA PHEROMONE] Active groups: 17 / 337, Total Pheromone: 281.66
[GA] Generation 391 best fitness: 1506.16
[GA] Generation 392 best fitness: 1506.16
[GA] Generation 393 best fitness: 1506.16
[GA] Generation 394 best fitness: 1506.16
[GA] Generation 395 best fitness: 1506.16
[GA] Generation 396 best fitness: 1506.16
[GA] Generation 397 best fitness: 1506.16
[GA] Generation 398 best fitness: 1506.16
[GA] Generation 399 best fitness: 1506.16
[GA] Generation 400 best fitness: 1506.16
[GA PHEROMONE] Active groups: 17 / 337, Total Pheromone: 280.33
[GA] Generation 401 best fitness: 1506.16
[GA] Generation 402 best fitness: 1506.16
[GA] Generation 403 best fitness: 1506.16
[GA] Stagnation detected (30 generations). Triggering Mass Extinction!
[GA] Generation 404 best fitness: 1506.16
[GA] Generation 405 best fitness: 1506.16
[GA] Generation 406 best fitness: 1506.16
[GA] Generation 407 best fitness: 1506.16
[GA] Generation 408 best fitness: 1506.16
[GA] Generation 409 best fitness: 1506.16
[GA] Generation 410 best fitness: 1506.16
[GA PHEROMONE] Active groups: 17 / 337, Total Pheromone: 280.06
[GA] Generation 411 best fitness: 1506.16
[GA] Generation 412 best fitness: 1506.16
[GA] Generation 413 best fitness: 1506.16
[GA] Generation 414 best fitness: 1506.16
[GA] Generation 415 best fitness: 1506.16
[GA] Generation 416 best fitness: 1506.16
[GA] Generation 417 best fitness: 1506.16
[GA] Generation 418 best fitness: 1506.16
[GA] Stagnation detected (45 generations). Triggering Mass Extinction!
[GA] Generation 419 best fitness: 1506.16
[GA] Generation 420 best fitness: 1506.16
[GA PHEROMONE] Active groups: 14 / 337, Total Pheromone: 280.00
[GA] Generation 421 best fitness: 1506.16
[GA] Generation 422 best fitness: 1506.16
[GA] Generation 423 best fitness: 1506.16
[GA] Generation 424 best fitness: 1506.16
[GA] Generation 425 best fitness: 1506.16
[GA] Generation 426 best fitness: 1506.16
[GA] Generation 427 best fitness: 1506.16
[GA] Generation 428 best fitness: 1506.16
[GA] Generation 429 best fitness: 1506.16
[GA] Generation 430 best fitness: 1506.16
[GA PHEROMONE] Active groups: 14 / 337, Total Pheromone: 280.00
[GA] Generation 431 best fitness: 1506.16
[GA] Generation 432 best fitness: 1506.16
[GA] Generation 433 best fitness: 1506.16
[GA] Stagnation detected (60 generations). Triggering Mass Extinction!
[GA] Generation 434 best fitness: 1506.16
[GA] Generation 435 best fitness: 1506.16
[GA] Generation 436 best fitness: 1506.16
[GA] Generation 437 best fitness: 1506.16
[GA] Best fitness improved to 1517.00. Resetting mutation rate to 0.15
[GA] Generation 438 best fitness: 1517.00
[GA] Generation 439 best fitness: 1517.00
[GA] Generation 440 best fitness: 1517.00
[GA PHEROMONE] Active groups: 15 / 337, Total Pheromone: 273.63
[GA] Generation 441 best fitness: 1517.00
[GA] Generation 442 best fitness: 1517.00
[GA] Generation 443 best fitness: 1517.00
[GA] Generation 444 best fitness: 1517.00
[GA] Generation 445 best fitness: 1517.00
[GA] Generation 446 best fitness: 1517.00
[GA] Generation 447 best fitness: 1517.00
[GA] Generation 448 best fitness: 1517.00
[GA] Generation 449 best fitness: 1517.00
[GA] Generation 450 best fitness: 1517.00
[GA PHEROMONE] Active groups: 15 / 337, Total Pheromone: 264.11
[GA] Generation 451 best fitness: 1517.00
[GA] Generation 452 best fitness: 1517.00
[GA] Stagnation detected (15 generations). Triggering Mass Extinction!
[GA] Raising mutation rate to 0.40
[GA] Generation 453 best fitness: 1517.00
[GA] Generation 454 best fitness: 1517.00
[GA] Generation 455 best fitness: 1517.00
[GA] Generation 456 best fitness: 1517.00
[GA] Generation 457 best fitness: 1517.00
[GA] Generation 458 best fitness: 1517.00
[GA] Generation 459 best fitness: 1517.00
[GA] Generation 460 best fitness: 1517.00
[GA PHEROMONE] Active groups: 15 / 337, Total Pheromone: 260.81
[GA] Generation 461 best fitness: 1517.00
[GA] Generation 462 best fitness: 1517.00
[GA] Generation 463 best fitness: 1517.00
[GA] Generation 464 best fitness: 1517.00
[GA] Generation 465 best fitness: 1517.00
[GA] Generation 466 best fitness: 1517.00
[GA] Generation 467 best fitness: 1517.00
[GA] Stagnation detected (30 generations). Triggering Mass Extinction!
[GA] Generation 468 best fitness: 1517.00
[GA] Generation 469 best fitness: 1517.00
[GA] Generation 470 best fitness: 1517.00
[GA PHEROMONE] Active groups: 15 / 337, Total Pheromone: 260.16
[GA] Generation 471 best fitness: 1517.00
[GA] Generation 472 best fitness: 1517.00
[GA] Generation 473 best fitness: 1517.00
[GA] Generation 474 best fitness: 1517.00
[GA] Best fitness improved to 1535.11. Resetting mutation rate to 0.15
[GA] Generation 475 best fitness: 1535.11
[GA] Generation 476 best fitness: 1535.11
[GA] Generation 477 best fitness: 1535.11
[GA] Generation 478 best fitness: 1535.11
[GA] Generation 479 best fitness: 1535.11
[GA] Generation 480 best fitness: 1535.11
[GA PHEROMONE] Active groups: 15 / 337, Total Pheromone: 264.56
[GA] Generation 481 best fitness: 1535.11
[GA] Generation 482 best fitness: 1535.11
[GA] Generation 483 best fitness: 1535.11
[GA] Generation 484 best fitness: 1535.11
[GA] Generation 485 best fitness: 1535.11
[GA] Generation 486 best fitness: 1535.11
[GA] Generation 487 best fitness: 1535.11
[GA] Generation 488 best fitness: 1535.11
[GA] Generation 489 best fitness: 1535.11
[GA] Stagnation detected (15 generations). Triggering Mass Extinction!
[GA] Raising mutation rate to 0.40
[GA] Generation 490 best fitness: 1535.11
[GA PHEROMONE] Active groups: 14 / 337, Total Pheromone: 261.26
[GA] Generation 491 best fitness: 1535.11
[GA] Generation 492 best fitness: 1535.11
[GA] Generation 493 best fitness: 1535.11
[GA] Generation 494 best fitness: 1535.11
[GA] Generation 495 best fitness: 1535.11
[GA] Generation 496 best fitness: 1535.11
[GA] Generation 497 best fitness: 1535.11
[GA] Generation 498 best fitness: 1535.11
[GA] Generation 499 best fitness: 1535.11
[GA] Generation 500 best fitness: 1535.11
[GA PHEROMONE] Active groups: 14 / 337, Total Pheromone: 260.25
[GA] Generation 501 best fitness: 1535.11
[GA] Generation 502 best fitness: 1535.11
[GA] Generation 503 best fitness: 1535.11
[GA] Generation 504 best fitness: 1535.11
[GA] Stagnation detected (30 generations). Triggering Mass Extinction!
[GA] Generation 505 best fitness: 1535.11
[GA] Generation 506 best fitness: 1535.11
[GA] Generation 507 best fitness: 1535.11
[GA] Generation 508 best fitness: 1535.11
[GA] Generation 509 best fitness: 1535.11
[GA] Generation 510 best fitness: 1535.11
[GA PHEROMONE] Active groups: 14 / 337, Total Pheromone: 260.05
[GA] Generation 511 best fitness: 1535.11
[GA] Generation 512 best fitness: 1535.11
[GA] Generation 513 best fitness: 1535.11
[GA] Generation 514 best fitness: 1535.11
[GA] Generation 515 best fitness: 1535.11
[GA] Generation 516 best fitness: 1535.11
[GA] Generation 517 best fitness: 1535.11
[GA] Generation 518 best fitness: 1535.11
[GA] Generation 519 best fitness: 1535.11
[GA] Stagnation detected (45 generations). Triggering Mass Extinction!
[GA] Generation 520 best fitness: 1535.11
[GA PHEROMONE] Active groups: 13 / 337, Total Pheromone: 260.00
[GA] Generation 521 best fitness: 1535.11
[GA] Generation 522 best fitness: 1535.11
[GA] Generation 523 best fitness: 1535.11
[GA] Generation 524 best fitness: 1535.11
[GA] Generation 525 best fitness: 1535.11
[GA] Generation 526 best fitness: 1535.11
[GA] Generation 527 best fitness: 1535.11
[GA] Generation 528 best fitness: 1535.11
[GA] Generation 529 best fitness: 1535.11
[GA] Generation 530 best fitness: 1535.11
[GA PHEROMONE] Active groups: 13 / 337, Total Pheromone: 260.00
[GA] Generation 531 best fitness: 1535.11
[GA] Generation 532 best fitness: 1535.11
[GA] Generation 533 best fitness: 1535.11
[GA] Generation 534 best fitness: 1535.11
[GA] Stagnation detected (60 generations). Triggering Mass Extinction!
[GA] Generation 535 best fitness: 1535.11
[GA] Generation 536 best fitness: 1535.11
[GA] Generation 537 best fitness: 1535.11
[GA] Generation 538 best fitness: 1535.11
[GA] Generation 539 best fitness: 1535.11
[GA] Generation 540 best fitness: 1535.11
[GA PHEROMONE] Active groups: 13 / 337, Total Pheromone: 260.00
[GA] Generation 541 best fitness: 1535.11
[GA] Generation 542 best fitness: 1535.11
[GA] Generation 543 best fitness: 1535.11
[GA] Generation 544 best fitness: 1535.11
[GA] Generation 545 best fitness: 1535.11
[GA] Generation 546 best fitness: 1535.11
[GA] Generation 547 best fitness: 1535.11
[GA] Generation 548 best fitness: 1535.11
[GA] Generation 549 best fitness: 1535.11
[GA] Stagnation detected (75 generations). Triggering Mass Extinction!
[GA] Generation 550 best fitness: 1535.11
[GA PHEROMONE] Active groups: 13 / 337, Total Pheromone: 260.00
[GA] Generation 551 best fitness: 1535.11
[GA] Generation 552 best fitness: 1535.11
[GA] Best fitness improved to 1538.53. Resetting mutation rate to 0.15
[GA] Generation 553 best fitness: 1538.53
[GA] Generation 554 best fitness: 1538.53
[GA] Generation 555 best fitness: 1538.53
[GA] Generation 556 best fitness: 1538.53
[GA] Generation 557 best fitness: 1538.53
[GA] Generation 558 best fitness: 1538.53
[GA] Generation 559 best fitness: 1538.53
[GA] Generation 560 best fitness: 1538.53
[GA PHEROMONE] Active groups: 14 / 337, Total Pheromone: 264.63
[GA] Generation 561 best fitness: 1538.53
[GA] Generation 562 best fitness: 1538.53
[GA] Generation 563 best fitness: 1538.53
[GA] Generation 564 best fitness: 1538.53
[GA] Generation 565 best fitness: 1538.53
[GA] Generation 566 best fitness: 1538.53
[GA] Generation 567 best fitness: 1538.53
[GA] Stagnation detected (15 generations). Triggering Mass Extinction!
[GA] Raising mutation rate to 0.40
[GA] Generation 568 best fitness: 1538.53
[GA] Generation 569 best fitness: 1538.53
[GA] Generation 570 best fitness: 1538.53
[GA PHEROMONE] Active groups: 14 / 337, Total Pheromone: 260.91
[GA] Generation 571 best fitness: 1538.53
[GA] Generation 572 best fitness: 1538.53
[GA] Generation 573 best fitness: 1538.53
[GA] Generation 574 best fitness: 1538.53
[GA] Generation 575 best fitness: 1538.53
[GA] Generation 576 best fitness: 1538.53
[GA] Generation 577 best fitness: 1538.53
[GA] Generation 578 best fitness: 1538.53
[GA] Generation 579 best fitness: 1538.53
[GA] Generation 580 best fitness: 1538.53
[GA PHEROMONE] Active groups: 14 / 337, Total Pheromone: 260.18
[GA] Generation 581 best fitness: 1538.53
[GA] Generation 582 best fitness: 1538.53
[GA] Stagnation detected (30 generations). Triggering Mass Extinction!
[GA] Generation 583 best fitness: 1538.53
[GA] Generation 584 best fitness: 1538.53
[GA] Generation 585 best fitness: 1538.53
[GA] Generation 586 best fitness: 1538.53
[GA] Generation 587 best fitness: 1538.53
[GA] Generation 588 best fitness: 1538.53
[GA] Generation 589 best fitness: 1538.53
[GA] Generation 590 best fitness: 1538.53
[GA PHEROMONE] Active groups: 14 / 337, Total Pheromone: 260.04
[GA] Generation 591 best fitness: 1538.53
[GA] Generation 592 best fitness: 1538.53
[GA] Generation 593 best fitness: 1538.53
[GA] Generation 594 best fitness: 1538.53
[GA] Generation 595 best fitness: 1538.53
[GA] Generation 596 best fitness: 1538.53
[GA] Generation 597 best fitness: 1538.53
[GA] Stagnation detected (45 generations). Triggering Mass Extinction!
[GA] Generation 598 best fitness: 1538.53
[GA] Generation 599 best fitness: 1538.53
[GA] Generation 600 best fitness: 1538.53
[GA PHEROMONE] Active groups: 13 / 337, Total Pheromone: 260.00
[GA] Generation 601 best fitness: 1538.53
[GA] Generation 602 best fitness: 1538.53
[GA] Generation 603 best fitness: 1538.53
[GA] Generation 604 best fitness: 1538.53
[GA] Generation 605 best fitness: 1538.53
[GA] Generation 606 best fitness: 1538.53
[GA] Generation 607 best fitness: 1538.53
[GA] Generation 608 best fitness: 1538.53
[GA] Generation 609 best fitness: 1538.53
[GA] Generation 610 best fitness: 1538.53
[GA PHEROMONE] Active groups: 13 / 337, Total Pheromone: 260.00
[GA] Generation 611 best fitness: 1538.53
[GA] Generation 612 best fitness: 1538.53
[GA] Stagnation detected (60 generations). Triggering Mass Extinction!
[GA] Generation 613 best fitness: 1538.53
[GA] Generation 614 best fitness: 1538.53
[GA] Generation 615 best fitness: 1538.53
[GA] Generation 616 best fitness: 1538.53
[GA] Generation 617 best fitness: 1538.53
[GA] Generation 618 best fitness: 1538.53
[GA] Generation 619 best fitness: 1538.53
[GA] Generation 620 best fitness: 1538.53
[GA PHEROMONE] Active groups: 13 / 337, Total Pheromone: 260.00
[GA] Generation 621 best fitness: 1538.53
[GA] Generation 622 best fitness: 1538.53
[GA] Generation 623 best fitness: 1538.53
[GA] Generation 624 best fitness: 1538.53
[GA] Generation 625 best fitness: 1538.53
[GA] Generation 626 best fitness: 1538.53
[GA] Generation 627 best fitness: 1538.53
[GA] Stagnation detected (75 generations). Triggering Mass Extinction!
[GA] Generation 628 best fitness: 1538.53
[GA] Generation 629 best fitness: 1538.53
[GA] Generation 630 best fitness: 1538.53
[GA PHEROMONE] Active groups: 13 / 337, Total Pheromone: 260.00
[GA] Generation 631 best fitness: 1538.53
[GA] Generation 632 best fitness: 1538.53
[GA] Generation 633 best fitness: 1538.53
[GA] Generation 634 best fitness: 1538.53
[GA] Generation 635 best fitness: 1538.53
[GA] Generation 636 best fitness: 1538.53
[GA] Generation 637 best fitness: 1538.53
[GA] Generation 638 best fitness: 1538.53
[GA] Generation 639 best fitness: 1538.53
[GA] Generation 640 best fitness: 1538.53
[GA PHEROMONE] Active groups: 13 / 337, Total Pheromone: 260.00
[GA] Generation 641 best fitness: 1538.53
[GA] Generation 642 best fitness: 1538.53
[GA] Stagnation detected (90 generations). Triggering Mass Extinction!
[GA] Generation 643 best fitness: 1538.53
[GA] Generation 644 best fitness: 1538.53
[GA] Generation 645 best fitness: 1538.53
[GA] Generation 646 best fitness: 1538.53
[GA] Generation 647 best fitness: 1538.53
[GA] Generation 648 best fitness: 1538.53
[GA] Generation 649 best fitness: 1538.53
[GA] Generation 650 best fitness: 1538.53
[GA PHEROMONE] Active groups: 13 / 337, Total Pheromone: 260.00
[GA] Generation 651 best fitness: 1538.53
[GA] Generation 652 best fitness: 1538.53
[GA] Generation 653 best fitness: 1538.53
[GA] Generation 654 best fitness: 1538.53
[GA] Generation 655 best fitness: 1538.53
[GA] Generation 656 best fitness: 1538.53
[GA] Generation 657 best fitness: 1538.53
[GA] Stagnation detected (105 generations). Triggering Mass Extinction!
[GA] Generation 658 best fitness: 1538.53
[GA] Generation 659 best fitness: 1538.53
[GA] Generation 660 best fitness: 1538.53
[GA PHEROMONE] Active groups: 13 / 337, Total Pheromone: 260.00
[GA] Generation 661 best fitness: 1538.53
[GA] Generation 662 best fitness: 1538.53
[GA] Generation 663 best fitness: 1538.53
[GA] Generation 664 best fitness: 1538.53
[GA] Generation 665 best fitness: 1538.53
[GA] Generation 666 best fitness: 1538.53
[GA] Generation 667 best fitness: 1538.53
[GA] Generation 668 best fitness: 1538.53
[GA] Best fitness improved to 1595.46. Resetting mutation rate to 0.15
[GA] Generation 669 best fitness: 1595.46
[GA] Generation 670 best fitness: 1595.46
[GA PHEROMONE] Active groups: 14 / 337, Total Pheromone: 280.00
[GA] Generation 671 best fitness: 1595.46
[GA] Generation 672 best fitness: 1595.46
[GA] Generation 673 best fitness: 1595.46
[GA] Generation 674 best fitness: 1595.46
[GA] Generation 675 best fitness: 1595.46
[GA] Generation 676 best fitness: 1595.46
[GA] Generation 677 best fitness: 1595.46
[GA] Generation 678 best fitness: 1595.46
[GA] Generation 679 best fitness: 1595.46
[GA] Generation 680 best fitness: 1595.46
[GA PHEROMONE] Active groups: 14 / 337, Total Pheromone: 280.00
[GA] Generation 681 best fitness: 1595.46
[GA] Generation 682 best fitness: 1595.46
[GA] Generation 683 best fitness: 1595.46
[GA] Stagnation detected (15 generations). Triggering Mass Extinction!
[GA] Raising mutation rate to 0.40
[GA] Generation 684 best fitness: 1595.46
[GA] Generation 685 best fitness: 1595.46
[GA] Generation 686 best fitness: 1595.46
[GA] Generation 687 best fitness: 1595.46
[GA] Generation 688 best fitness: 1595.46
[GA] Generation 689 best fitness: 1595.46
[GA] Generation 690 best fitness: 1595.46
[GA PHEROMONE] Active groups: 14 / 337, Total Pheromone: 280.00
[GA] Generation 691 best fitness: 1595.46
[GA] Generation 692 best fitness: 1595.46
[GA] Generation 693 best fitness: 1595.46
[GA] Generation 694 best fitness: 1595.46
[GA] Generation 695 best fitness: 1595.46
[GA] Generation 696 best fitness: 1595.46
[GA] Generation 697 best fitness: 1595.46
[GA] Generation 698 best fitness: 1595.46
[GA] Stagnation detected (30 generations). Triggering Mass Extinction!
[GA] Generation 699 best fitness: 1595.46
[GA] Generation 700 best fitness: 1595.46
[GA PHEROMONE] Active groups: 14 / 337, Total Pheromone: 280.00
[GA] Generation 701 best fitness: 1595.46
[GA] Generation 702 best fitness: 1595.46
[GA] Generation 703 best fitness: 1595.46
[GA] Generation 704 best fitness: 1595.46
[GA] Generation 705 best fitness: 1595.46
[GA] Generation 706 best fitness: 1595.46
[GA] Generation 707 best fitness: 1595.46
[GA] Generation 708 best fitness: 1595.46
[GA] Generation 709 best fitness: 1595.46
[GA] Generation 710 best fitness: 1595.46
[GA PHEROMONE] Active groups: 14 / 337, Total Pheromone: 280.00
[GA] Generation 711 best fitness: 1595.46
[GA] Generation 712 best fitness: 1595.46
[GA] Generation 713 best fitness: 1595.46
[GA] Stagnation detected (45 generations). Triggering Mass Extinction!
[GA] Generation 714 best fitness: 1595.46
[GA] Generation 715 best fitness: 1595.46
[GA] Generation 716 best fitness: 1595.46
[GA] Generation 717 best fitness: 1595.46
[GA] Generation 718 best fitness: 1595.46
[GA] Generation 719 best fitness: 1595.46
[GA] Generation 720 best fitness: 1595.46
[GA PHEROMONE] Active groups: 14 / 337, Total Pheromone: 280.00
[GA] Generation 721 best fitness: 1595.46
[GA] Generation 722 best fitness: 1595.46
[GA] Generation 723 best fitness: 1595.46
[GA] Generation 724 best fitness: 1595.46
[GA] Generation 725 best fitness: 1595.46
[GA] Generation 726 best fitness: 1595.46
[GA] Generation 727 best fitness: 1595.46
[GA] Generation 728 best fitness: 1595.46
[GA] Stagnation detected (60 generations). Triggering Mass Extinction!
[GA] Generation 729 best fitness: 1595.46
[GA] Generation 730 best fitness: 1595.46
[GA PHEROMONE] Active groups: 14 / 337, Total Pheromone: 280.00
[GA] Generation 731 best fitness: 1595.46
[GA] Generation 732 best fitness: 1595.46
[GA] Generation 733 best fitness: 1595.46
[GA] Generation 734 best fitness: 1595.46
[GA] Generation 735 best fitness: 1595.46
[GA] Generation 736 best fitness: 1595.46
[GA] Generation 737 best fitness: 1595.46
[GA] Generation 738 best fitness: 1595.46
[GA] Generation 739 best fitness: 1595.46
[GA] Generation 740 best fitness: 1595.46
[GA PHEROMONE] Active groups: 14 / 337, Total Pheromone: 280.00
[GA] Generation 741 best fitness: 1595.46
[GA] Generation 742 best fitness: 1595.46
[GA] Generation 743 best fitness: 1595.46
[GA] Stagnation detected (75 generations). Triggering Mass Extinction!
[GA] Generation 744 best fitness: 1595.46
[GA] Generation 745 best fitness: 1595.46
[GA] Generation 746 best fitness: 1595.46
[GA] Generation 747 best fitness: 1595.46
[GA] Generation 748 best fitness: 1595.46
[GA] Generation 749 best fitness: 1595.46
[GA] Generation 750 best fitness: 1595.46
[GA PHEROMONE] Active groups: 14 / 337, Total Pheromone: 280.00
[GA] Generation 751 best fitness: 1595.46
[GA] Generation 752 best fitness: 1595.46
[GA] Generation 753 best fitness: 1595.46
[GA] Generation 754 best fitness: 1595.46
[GA] Generation 755 best fitness: 1595.46
[GA] Generation 756 best fitness: 1595.46
[GA] Generation 757 best fitness: 1595.46
[GA] Generation 758 best fitness: 1595.46
[GA] Stagnation detected (90 generations). Triggering Mass Extinction!
[GA] Generation 759 best fitness: 1595.46
[GA] Generation 760 best fitness: 1595.46
[GA PHEROMONE] Active groups: 14 / 337, Total Pheromone: 280.00
[GA] Generation 761 best fitness: 1595.46
[GA] Generation 762 best fitness: 1595.46
[GA] Generation 763 best fitness: 1595.46
[GA] Generation 764 best fitness: 1595.46
[GA] Generation 765 best fitness: 1595.46
[GA] Generation 766 best fitness: 1595.46
[GA] Generation 767 best fitness: 1595.46
[GA] Generation 768 best fitness: 1595.46
[GA] Generation 769 best fitness: 1595.46
[GA] Generation 770 best fitness: 1595.46
[GA PHEROMONE] Active groups: 14 / 337, Total Pheromone: 280.00
[GA] Generation 771 best fitness: 1595.46
[GA] Generation 772 best fitness: 1595.46
[GA] Generation 773 best fitness: 1595.46
[GA] Stagnation detected (105 generations). Triggering Mass Extinction!
[GA] Generation 774 best fitness: 1595.46
[GA] Generation 775 best fitness: 1595.46
[GA] Generation 776 best fitness: 1595.46
[GA] Generation 777 best fitness: 1595.46
[GA] Generation 778 best fitness: 1595.46
[GA] Generation 779 best fitness: 1595.46
[GA] Generation 780 best fitness: 1595.46
[GA PHEROMONE] Active groups: 14 / 337, Total Pheromone: 280.00
[GA] Generation 781 best fitness: 1595.46
[GA] Generation 782 best fitness: 1595.46
[GA] Generation 783 best fitness: 1595.46
[GA] Generation 784 best fitness: 1595.46
[GA] Generation 785 best fitness: 1595.46
[GA] Generation 786 best fitness: 1595.46
[GA] Generation 787 best fitness: 1595.46
[GA] Generation 788 best fitness: 1595.46
[GA] Stagnation detected (120 generations). Triggering Mass Extinction!
[GA] Hard stagnation detected (120 generations). Early termination at generation 788
[GA] Seed 4 final best fitness: 1595.46
[GA] === Seed 5 / 5 (seed=71) ===
[GA] Generation 0 best fitness: -909.98
[GA PHEROMONE] Active groups: 9 / 337, Total Pheromone: 40.00
[GA] Generation 1 best fitness: -909.98
[GA] Generation 2 best fitness: -852.18
[GA] Generation 3 best fitness: -852.18
[GA] Generation 4 best fitness: -852.18
[GA] Generation 5 best fitness: -852.18
[GA] Generation 6 best fitness: -852.18
[GA] Generation 7 best fitness: -644.54
[GA] Generation 8 best fitness: -644.54
[GA] Generation 9 best fitness: -644.54
[GA] Generation 10 best fitness: -586.39
[GA PHEROMONE] Active groups: 14 / 337, Total Pheromone: 140.99
[GA] Generation 11 best fitness: 61.61
[GA] Generation 12 best fitness: 61.61
[GA] Generation 13 best fitness: 61.61
[GA] Generation 14 best fitness: 61.61
[GA] Generation 15 best fitness: 443.61
[GA] Generation 16 best fitness: 443.61
[GA] Generation 17 best fitness: 443.61
[GA] Generation 18 best fitness: 443.61
[GA] Generation 19 best fitness: 443.61
[GA] Generation 20 best fitness: 443.61
[GA PHEROMONE] Active groups: 19 / 337, Total Pheromone: 191.64
[GA] Generation 21 best fitness: 443.61
[GA] Generation 22 best fitness: 443.61
[GA] Generation 23 best fitness: 443.61
[GA] Generation 24 best fitness: 519.05
[GA] Generation 25 best fitness: 519.05
[GA] Generation 26 best fitness: 528.86
[GA] Generation 27 best fitness: 975.33
[GA] Generation 28 best fitness: 1137.28
[GA] Generation 29 best fitness: 1137.28
[GA] Generation 30 best fitness: 1137.28
[GA PHEROMONE] Active groups: 24 / 337, Total Pheromone: 184.45
[GA] Generation 31 best fitness: 1137.28
[GA] Generation 32 best fitness: 1137.28
[GA] Generation 33 best fitness: 1137.28
[GA] Generation 34 best fitness: 1137.28
[GA] Generation 35 best fitness: 1137.28
[GA] Generation 36 best fitness: 1137.28
[GA] Generation 37 best fitness: 1141.35
[GA] Generation 38 best fitness: 1141.35
[GA] Generation 39 best fitness: 1141.35
[GA] Generation 40 best fitness: 1141.35
[GA PHEROMONE] Active groups: 25 / 337, Total Pheromone: 177.98
[GA] Generation 41 best fitness: 1256.68
[GA] Generation 42 best fitness: 1256.68
[GA] Generation 43 best fitness: 1256.68
[GA] Generation 44 best fitness: 1256.68
[GA] Generation 45 best fitness: 1268.63
[GA] Generation 46 best fitness: 1268.63
[GA] Generation 47 best fitness: 1268.63
[GA] Generation 48 best fitness: 1268.63
[GA] Generation 49 best fitness: 1302.56
[GA] Generation 50 best fitness: 1302.56
[GA PHEROMONE] Active groups: 25 / 337, Total Pheromone: 202.77
[GA] Generation 51 best fitness: 1302.56
[GA] Generation 52 best fitness: 1311.35
[GA] Generation 53 best fitness: 1334.82
[GA] Generation 54 best fitness: 1334.82
[GA] Generation 55 best fitness: 1334.82
[GA] Generation 56 best fitness: 1334.82
[GA] Generation 57 best fitness: 1334.82
[GA] Generation 58 best fitness: 1334.82
[GA] Generation 59 best fitness: 1371.60
[GA] Generation 60 best fitness: 1371.60
[GA PHEROMONE] Active groups: 18 / 337, Total Pheromone: 192.81
[GA] Generation 61 best fitness: 1371.60
[GA] Generation 62 best fitness: 1371.60
[GA] Generation 63 best fitness: 1421.77
[GA] Generation 64 best fitness: 1421.77
[GA] Generation 65 best fitness: 1421.77
[GA] Generation 66 best fitness: 1421.77
[GA] Generation 67 best fitness: 1421.77
[GA] Generation 68 best fitness: 1421.77
[GA] Generation 69 best fitness: 1421.77
[GA] Generation 70 best fitness: 1423.03
[GA PHEROMONE] Active groups: 12 / 337, Total Pheromone: 202.98
[GA] Generation 71 best fitness: 1437.09
[GA] Generation 72 best fitness: 1442.47
[GA] Generation 73 best fitness: 1442.47
[GA] Generation 74 best fitness: 1442.47
[GA] Generation 75 best fitness: 1442.47
[GA] Generation 76 best fitness: 1442.47
[GA] Generation 77 best fitness: 1442.47
[GA] Generation 78 best fitness: 1442.47
[GA] Generation 79 best fitness: 1442.47
[GA] Generation 80 best fitness: 1442.47
[GA PHEROMONE] Active groups: 12 / 337, Total Pheromone: 184.52
[GA] Generation 81 best fitness: 1442.47
[GA] Generation 82 best fitness: 1442.47
[GA] Generation 83 best fitness: 1465.36
[GA] Generation 84 best fitness: 1465.36
[GA] Generation 85 best fitness: 1465.36
[GA] Generation 86 best fitness: 1466.06
[GA] Generation 87 best fitness: 1466.06
[GA] Generation 88 best fitness: 1469.44
[GA] Generation 89 best fitness: 1469.44
[GA] Generation 90 best fitness: 1469.44
[GA PHEROMONE] Active groups: 15 / 337, Total Pheromone: 232.25
[GA] Generation 91 best fitness: 1479.70
[GA] Generation 92 best fitness: 1479.70
[GA] Generation 93 best fitness: 1479.70
[GA] Generation 94 best fitness: 1479.70
[GA] Generation 95 best fitness: 1494.33
[GA] Generation 96 best fitness: 1494.33
[GA] Generation 97 best fitness: 1494.33
[GA] Generation 98 best fitness: 1502.59
[GA] Generation 99 best fitness: 1502.59
[GA] Generation 100 best fitness: 1502.59
[GA PHEROMONE] Active groups: 15 / 337, Total Pheromone: 237.51
[GA] Generation 101 best fitness: 1502.59
[GA] Generation 102 best fitness: 1509.36
[GA] Generation 103 best fitness: 1509.36
[GA] Generation 104 best fitness: 1509.36
[GA] Generation 105 best fitness: 1527.53
[GA] Generation 106 best fitness: 1527.53
[GA] Generation 107 best fitness: 1527.53
[GA] Generation 108 best fitness: 1545.78
[GA] Generation 109 best fitness: 1545.78
[GA] Generation 110 best fitness: 1545.78
[GA PHEROMONE] Active groups: 17 / 337, Total Pheromone: 262.61
[GA] Generation 111 best fitness: 1565.24
[GA] Generation 112 best fitness: 1565.24
[GA] Generation 113 best fitness: 1565.24
[GA] Generation 114 best fitness: 1565.24
[GA] Generation 115 best fitness: 1565.24
[GA] Generation 116 best fitness: 1565.24
[GA] Generation 117 best fitness: 1565.24
[GA] Generation 118 best fitness: 1565.24
[GA] Generation 119 best fitness: 1565.24
[GA] Generation 120 best fitness: 1565.24
[GA PHEROMONE] Active groups: 16 / 337, Total Pheromone: 247.65
[GA] Generation 121 best fitness: 1565.24
[GA] Generation 122 best fitness: 1569.28
[GA] Generation 123 best fitness: 1569.28
[GA] Generation 124 best fitness: 1574.65
[GA] Generation 125 best fitness: 1574.65
[GA] Generation 126 best fitness: 1574.65
[GA] Generation 127 best fitness: 1574.65
[GA] Generation 128 best fitness: 1602.48
[GA] Generation 129 best fitness: 1602.48
[GA] Generation 130 best fitness: 1602.48
[GA PHEROMONE] Active groups: 16 / 337, Total Pheromone: 226.14
[GA] Generation 131 best fitness: 1611.89
[GA] Generation 132 best fitness: 1611.89
[GA] Generation 133 best fitness: 1611.89
[GA] Generation 134 best fitness: 1611.89
[GA] Generation 135 best fitness: 1611.89
[GA] Generation 136 best fitness: 1613.52
[GA] Generation 137 best fitness: 1613.52
[GA] Generation 138 best fitness: 1615.19
[GA] Generation 139 best fitness: 1616.17
[GA] Generation 140 best fitness: 1616.17
[GA PHEROMONE] Active groups: 15 / 337, Total Pheromone: 205.14
[GA] Generation 141 best fitness: 1616.17
[GA] Generation 142 best fitness: 1616.17
[GA] Generation 143 best fitness: 1616.17
[GA] Generation 144 best fitness: 1617.46
[GA] Generation 145 best fitness: 1617.46
[GA] Generation 146 best fitness: 1617.46
[GA] Generation 147 best fitness: 1617.46
[GA] Generation 148 best fitness: 1621.74
[GA] Generation 149 best fitness: 1621.74
[GA] Generation 150 best fitness: 1621.74
[GA PHEROMONE] Active groups: 15 / 337, Total Pheromone: 201.01
[GA] Generation 151 best fitness: 1621.74
[GA] Generation 152 best fitness: 1621.74
[GA] Generation 153 best fitness: 1623.38
[GA] Generation 154 best fitness: 1623.38
[GA] Generation 155 best fitness: 1623.38
[GA] Generation 156 best fitness: 1623.38
[GA] Generation 157 best fitness: 1623.38
[GA] Generation 158 best fitness: 1625.05
[GA] Generation 159 best fitness: 1625.05
[GA] Generation 160 best fitness: 1625.05
[GA PHEROMONE] Active groups: 12 / 337, Total Pheromone: 200.19
[GA] Generation 161 best fitness: 1625.05
[GA] Generation 162 best fitness: 1625.05
[GA] Generation 163 best fitness: 1625.05
[GA] Generation 164 best fitness: 1625.05
[GA] Generation 165 best fitness: 1625.05
[GA] Generation 166 best fitness: 1625.05
[GA] Generation 167 best fitness: 1625.05
[GA] Generation 168 best fitness: 1625.05
[GA] Generation 169 best fitness: 1625.94
[GA] Generation 170 best fitness: 1628.21
[GA PHEROMONE] Active groups: 12 / 337, Total Pheromone: 200.04
[GA] Generation 171 best fitness: 1628.21
[GA] Generation 172 best fitness: 1628.21
[GA] Generation 173 best fitness: 1628.21
[GA] Generation 174 best fitness: 1628.21
[GA] Generation 175 best fitness: 1628.21
[GA] Generation 176 best fitness: 1628.21
[GA] Generation 177 best fitness: 1628.21
[GA] Generation 178 best fitness: 1628.21
[GA] Generation 179 best fitness: 1628.21
[GA] Generation 180 best fitness: 1628.21
[GA PHEROMONE] Active groups: 10 / 337, Total Pheromone: 200.00
[GA] Generation 181 best fitness: 1628.21
[GA] Generation 182 best fitness: 1628.21
[GA] Generation 183 best fitness: 1628.21
[GA] Generation 184 best fitness: 1628.21
[GA] Stagnation detected (15 generations). Triggering Mass Extinction!
[GA] Raising mutation rate to 0.40
[GA] Generation 185 best fitness: 1628.21
[GA] Generation 186 best fitness: 1628.21
[GA] Generation 187 best fitness: 1628.21
[GA] Generation 188 best fitness: 1628.21
[GA] Generation 189 best fitness: 1628.21
[GA] Generation 190 best fitness: 1628.21
[GA PHEROMONE] Active groups: 10 / 337, Total Pheromone: 200.00
[GA] Generation 191 best fitness: 1628.21
[GA] Generation 192 best fitness: 1628.21
[GA] Generation 193 best fitness: 1628.21
[GA] Generation 194 best fitness: 1628.21
[GA] Generation 195 best fitness: 1628.21
[GA] Generation 196 best fitness: 1628.21
[GA] Generation 197 best fitness: 1628.21
[GA] Generation 198 best fitness: 1628.21
[GA] Generation 199 best fitness: 1628.21
[GA] Stagnation detected (30 generations). Triggering Mass Extinction!
[GA] Generation 200 best fitness: 1628.21
[GA PHEROMONE] Active groups: 10 / 337, Total Pheromone: 200.00
[GA] Generation 201 best fitness: 1628.21
[GA] Generation 202 best fitness: 1628.21
[GA] Generation 203 best fitness: 1628.21
[GA] Generation 204 best fitness: 1628.21
[GA] Generation 205 best fitness: 1628.21
[GA] Generation 206 best fitness: 1628.21
[GA] Generation 207 best fitness: 1628.21
[GA] Generation 208 best fitness: 1628.21
[GA] Generation 209 best fitness: 1628.21
[GA] Generation 210 best fitness: 1628.21
[GA PHEROMONE] Active groups: 10 / 337, Total Pheromone: 200.00
[GA] Generation 211 best fitness: 1628.21
[GA] Generation 212 best fitness: 1628.21
[GA] Generation 213 best fitness: 1628.21
[GA] Generation 214 best fitness: 1628.21
[GA] Stagnation detected (45 generations). Triggering Mass Extinction!
[GA] Generation 215 best fitness: 1628.21
[GA] Generation 216 best fitness: 1628.21
[GA] Generation 217 best fitness: 1628.21
[GA] Generation 218 best fitness: 1628.21
[GA] Generation 219 best fitness: 1628.21
[GA] Generation 220 best fitness: 1628.21
[GA PHEROMONE] Active groups: 10 / 337, Total Pheromone: 200.00
[GA] Generation 221 best fitness: 1628.21
[GA] Generation 222 best fitness: 1628.21
[GA] Generation 223 best fitness: 1628.21
[GA] Generation 224 best fitness: 1628.21
[GA] Generation 225 best fitness: 1628.21
[GA] Generation 226 best fitness: 1628.21
[GA] Generation 227 best fitness: 1628.21
[GA] Generation 228 best fitness: 1628.21
[GA] Generation 229 best fitness: 1628.21
[GA] Stagnation detected (60 generations). Triggering Mass Extinction!
[GA] Generation 230 best fitness: 1628.21
[GA PHEROMONE] Active groups: 10 / 337, Total Pheromone: 200.00
[GA] Generation 231 best fitness: 1628.21
[GA] Generation 232 best fitness: 1628.21
[GA] Generation 233 best fitness: 1628.21
[GA] Generation 234 best fitness: 1628.21
[GA] Generation 235 best fitness: 1628.21
[GA] Generation 236 best fitness: 1628.21
[GA] Generation 237 best fitness: 1628.21
[GA] Generation 238 best fitness: 1628.21
[GA] Generation 239 best fitness: 1628.21
[GA] Generation 240 best fitness: 1628.21
[GA PHEROMONE] Active groups: 10 / 337, Total Pheromone: 200.00
[GA] Generation 241 best fitness: 1628.21
[GA] Generation 242 best fitness: 1628.21
[GA] Generation 243 best fitness: 1628.21
[GA] Generation 244 best fitness: 1628.21
[GA] Stagnation detected (75 generations). Triggering Mass Extinction!
[GA] Generation 245 best fitness: 1628.21
[GA] Generation 246 best fitness: 1628.21
[GA] Generation 247 best fitness: 1628.21
[GA] Generation 248 best fitness: 1628.21
[GA] Generation 249 best fitness: 1628.21
[GA] Generation 250 best fitness: 1628.21
[GA PHEROMONE] Active groups: 10 / 337, Total Pheromone: 200.00
[GA] Generation 251 best fitness: 1628.21
[GA] Generation 252 best fitness: 1628.21
[GA] Generation 253 best fitness: 1628.21
[GA] Generation 254 best fitness: 1628.21
[GA] Generation 255 best fitness: 1628.21
[GA] Generation 256 best fitness: 1628.21
[GA] Generation 257 best fitness: 1628.21
[GA] Generation 258 best fitness: 1628.21
[GA] Generation 259 best fitness: 1628.21
[GA] Stagnation detected (90 generations). Triggering Mass Extinction!
[GA] Generation 260 best fitness: 1628.21
[GA PHEROMONE] Active groups: 10 / 337, Total Pheromone: 200.00
[GA] Generation 261 best fitness: 1628.21
[GA] Generation 262 best fitness: 1628.21
[GA] Generation 263 best fitness: 1628.21
[GA] Generation 264 best fitness: 1628.21
[GA] Generation 265 best fitness: 1628.21
[GA] Generation 266 best fitness: 1628.21
[GA] Generation 267 best fitness: 1628.21
[GA] Generation 268 best fitness: 1628.21
[GA] Generation 269 best fitness: 1628.21
[GA] Generation 270 best fitness: 1628.21
[GA PHEROMONE] Active groups: 10 / 337, Total Pheromone: 200.00
[GA] Generation 271 best fitness: 1628.21
[GA] Generation 272 best fitness: 1628.21
[GA] Generation 273 best fitness: 1628.21
[GA] Generation 274 best fitness: 1628.21
[GA] Stagnation detected (105 generations). Triggering Mass Extinction!
[GA] Generation 275 best fitness: 1628.21
[GA] Generation 276 best fitness: 1628.21
[GA] Generation 277 best fitness: 1628.21
[GA] Generation 278 best fitness: 1628.21
[GA] Generation 279 best fitness: 1628.21
[GA] Generation 280 best fitness: 1628.21
[GA PHEROMONE] Active groups: 10 / 337, Total Pheromone: 200.00
[GA] Generation 281 best fitness: 1628.21
[GA] Generation 282 best fitness: 1628.21
[GA] Generation 283 best fitness: 1628.21
[GA] Generation 284 best fitness: 1628.21
[GA] Generation 285 best fitness: 1628.21
[GA] Generation 286 best fitness: 1628.21
[GA] Generation 287 best fitness: 1628.21
[GA] Generation 288 best fitness: 1628.21
[GA] Generation 289 best fitness: 1628.21
[GA] Stagnation detected (120 generations). Triggering Mass Extinction!
[GA] Hard stagnation detected (120 generations). Early termination at generation 289
[GA] Seed 5 final best fitness: 1628.21
[GA] Best seed: 3 / 5 (fitness=1778.14)

--- COLLISION AUDIT [FINAL BEST] ---
  Fitness overlap penalty: 0.0000
  Recomputed indexed overlap sum: 0.0000 (delta=0.0000)
  Pair counts: total=435 same_comp=435 broad_reject=381 narrow_checked=435 active=0
  Pair (0,1): center_dist=94.004 broad_radius=130.598 min_nn=12.257 hits=0/2055 hit_ratio=0.000 avg_depth=0.000 pair_pen=0.000 [OK] NARROW-PHASE CLEAR
  Pair (0,2): center_dist=159.332 broad_radius=121.722 [OK] BROAD-PHASE SEPARATED
  Pair (0,4): center_dist=133.229 broad_radius=120.133 [OK] BROAD-PHASE SEPARATED
  Pair (0,6): center_dist=133.303 broad_radius=126.782 [OK] BROAD-PHASE SEPARATED
  Pair (0,7): center_dist=100.713 broad_radius=108.655 min_nn=44.584 hits=0/2055 hit_ratio=0.000 avg_depth=0.000 pair_pen=0.000 [OK] NARROW-PHASE CLEAR
  Pair (0,8): center_dist=118.656 broad_radius=121.601 min_nn=43.552 hits=0/2055 hit_ratio=0.000 avg_depth=0.000 pair_pen=0.000 [OK] NARROW-PHASE CLEAR
  Pair (0,9): center_dist=117.437 broad_radius=118.481 min_nn=21.681 hits=0/2055 hit_ratio=0.000 avg_depth=0.000 pair_pen=0.000 [OK] NARROW-PHASE CLEAR
  Pair (0,10): center_dist=86.892 broad_radius=136.755 min_nn=19.306 hits=0/2055 hit_ratio=0.000 avg_depth=0.000 pair_pen=0.000 [OK] NARROW-PHASE CLEAR
  Pair (0,11): center_dist=157.399 broad_radius=123.850 [OK] BROAD-PHASE SEPARATED
  Pair (0,12): center_dist=157.554 broad_radius=119.121 [OK] BROAD-PHASE SEPARATED
  Pair (0,13): center_dist=106.815 broad_radius=108.602 min_nn=18.531 hits=0/2055 hit_ratio=0.000 avg_depth=0.000 pair_pen=0.000 [OK] NARROW-PHASE CLEAR
  Pair (0,14): center_dist=153.383 broad_radius=108.781 [OK] BROAD-PHASE SEPARATED
  Pair (0,15): center_dist=212.294 broad_radius=114.588 [OK] BROAD-PHASE SEPARATED
  Pair (0,16): center_dist=148.056 broad_radius=107.630 [OK] BROAD-PHASE SEPARATED
  Pair (0,17): center_dist=137.720 broad_radius=100.972 [OK] BROAD-PHASE SEPARATED
  Pair (0,19): center_dist=139.971 broad_radius=94.629 [OK] BROAD-PHASE SEPARATED
  Pair (0,20): center_dist=129.751 broad_radius=94.916 [OK] BROAD-PHASE SEPARATED
  Pair (0,21): center_dist=174.097 broad_radius=109.733 [OK] BROAD-PHASE SEPARATED
  Pair (0,22): center_dist=152.041 broad_radius=102.269 [OK] BROAD-PHASE SEPARATED
  Pair (0,23): center_dist=101.403 broad_radius=89.041 [OK] BROAD-PHASE SEPARATED
  Pair (0,24): center_dist=164.453 broad_radius=97.775 [OK] BROAD-PHASE SEPARATED
  Pair (0,25): center_dist=145.091 broad_radius=93.821 [OK] BROAD-PHASE SEPARATED
  Pair (0,26): center_dist=151.227 broad_radius=100.163 [OK] BROAD-PHASE SEPARATED
  Pair (0,27): center_dist=155.139 broad_radius=88.266 [OK] BROAD-PHASE SEPARATED
  Pair (0,29): center_dist=125.542 broad_radius=84.072 [OK] BROAD-PHASE SEPARATED
  Pair (0,30): center_dist=163.087 broad_radius=82.675 [OK] BROAD-PHASE SEPARATED
  Pair (1,2): center_dist=131.746 broad_radius=108.882 [OK] BROAD-PHASE SEPARATED
  Pair (1,3): center_dist=89.858 broad_radius=118.832 min_nn=30.515 hits=0/1852 hit_ratio=0.000 avg_depth=0.000 pair_pen=0.000 [OK] NARROW-PHASE CLEAR
  Pair (1,4): center_dist=162.371 broad_radius=107.292 [OK] BROAD-PHASE SEPARATED
  Pair (1,5): center_dist=105.868 broad_radius=118.889 min_nn=36.986 hits=0/1852 hit_ratio=0.000 avg_depth=0.000 pair_pen=0.000 [OK] NARROW-PHASE CLEAR
  Pair (1,6): center_dist=190.615 broad_radius=113.942 [OK] BROAD-PHASE SEPARATED
  Pair (1,7): center_dist=132.705 broad_radius=95.815 [OK] BROAD-PHASE SEPARATED
  Pair (1,8): center_dist=137.649 broad_radius=108.761 [OK] BROAD-PHASE SEPARATED
  Pair (1,9): center_dist=200.757 broad_radius=105.640 [OK] BROAD-PHASE SEPARATED
  Pair (1,10): center_dist=156.450 broad_radius=123.915 [OK] BROAD-PHASE SEPARATED
  Pair (1,11): center_dist=219.400 broad_radius=111.010 [OK] BROAD-PHASE SEPARATED
  Pair (1,12): center_dist=191.128 broad_radius=106.280 [OK] BROAD-PHASE SEPARATED
  Pair (1,13): center_dist=60.400 broad_radius=95.761 min_nn=8.835 hits=0/1852 hit_ratio=0.000 avg_depth=0.000 pair_pen=0.000 [OK] NARROW-PHASE CLEAR
  Pair (1,14): center_dist=204.215 broad_radius=95.941 [OK] BROAD-PHASE SEPARATED
  Pair (1,15): center_dist=252.400 broad_radius=101.748 [OK] BROAD-PHASE SEPARATED
  Pair (1,16): center_dist=94.855 broad_radius=94.790 min_nn=36.185 hits=0/1852 hit_ratio=0.000 avg_depth=0.000 pair_pen=0.000 [OK] NARROW-PHASE CLEAR
  Pair (1,17): center_dist=105.257 broad_radius=88.131 [OK] BROAD-PHASE SEPARATED
  Pair (1,18): center_dist=137.289 broad_radius=118.376 [OK] BROAD-PHASE SEPARATED
  Pair (1,19): center_dist=139.025 broad_radius=81.789 [OK] BROAD-PHASE SEPARATED
  Pair (1,21): center_dist=204.724 broad_radius=96.893 [OK] BROAD-PHASE SEPARATED
  Pair (1,22): center_dist=144.566 broad_radius=89.428 [OK] BROAD-PHASE SEPARATED
  Pair (1,23): center_dist=92.284 broad_radius=76.201 [OK] BROAD-PHASE SEPARATED
  Pair (1,24): center_dist=166.403 broad_radius=84.935 [OK] BROAD-PHASE SEPARATED
  Pair (1,25): center_dist=124.879 broad_radius=80.981 [OK] BROAD-PHASE SEPARATED
  Pair (1,26): center_dist=126.089 broad_radius=87.322 [OK] BROAD-PHASE SEPARATED
  Pair (1,27): center_dist=179.562 broad_radius=75.425 [OK] BROAD-PHASE SEPARATED
  Pair (1,28): center_dist=59.262 broad_radius=72.555 min_nn=20.468 hits=0/1852 hit_ratio=0.000 avg_depth=0.000 pair_pen=0.000 [OK] NARROW-PHASE CLEAR
  Pair (1,29): center_dist=107.224 broad_radius=71.232 [OK] BROAD-PHASE SEPARATED
  Pair (1,30): center_dist=170.715 broad_radius=69.834 [OK] BROAD-PHASE SEPARATED
  Pair (2,3): center_dist=142.351 broad_radius=109.956 [OK] BROAD-PHASE SEPARATED
  Pair (2,4): center_dist=114.765 broad_radius=98.417 [OK] BROAD-PHASE SEPARATED
  Pair (2,5): center_dist=149.446 broad_radius=110.014 [OK] BROAD-PHASE SEPARATED
  Pair (2,6): center_dist=193.790 broad_radius=105.066 [OK] BROAD-PHASE SEPARATED
  Pair (2,7): center_dist=136.614 broad_radius=86.939 [OK] BROAD-PHASE SEPARATED
  Pair (2,8): center_dist=137.250 broad_radius=99.885 [OK] BROAD-PHASE SEPARATED
  Pair (2,9): center_dist=213.453 broad_radius=96.765 [OK] BROAD-PHASE SEPARATED
  Pair (2,10): center_dist=152.143 broad_radius=115.039 [OK] BROAD-PHASE SEPARATED
  Pair (2,11): center_dist=169.920 broad_radius=102.134 [OK] BROAD-PHASE SEPARATED
  Pair (2,12): center_dist=107.990 broad_radius=97.405 [OK] BROAD-PHASE SEPARATED
  Pair (2,13): center_dist=105.129 broad_radius=86.886 [OK] BROAD-PHASE SEPARATED
  Pair (2,14): center_dist=164.511 broad_radius=87.065 [OK] BROAD-PHASE SEPARATED
  Pair (2,15): center_dist=169.379 broad_radius=92.872 [OK] BROAD-PHASE SEPARATED
  Pair (2,17): center_dist=80.227 broad_radius=79.256 min_nn=32.217 hits=0/1371 hit_ratio=0.000 avg_depth=0.000 pair_pen=0.000 [OK] NARROW-PHASE CLEAR
  Pair (2,18): center_dist=163.652 broad_radius=109.500 [OK] BROAD-PHASE SEPARATED
  Pair (2,19): center_dist=112.492 broad_radius=72.913 [OK] BROAD-PHASE SEPARATED
  Pair (2,20): center_dist=85.843 broad_radius=73.200 [OK] BROAD-PHASE SEPARATED
  Pair (2,21): center_dist=115.957 broad_radius=88.017 [OK] BROAD-PHASE SEPARATED
  Pair (2,22): center_dist=77.626 broad_radius=80.553 min_nn=14.618 hits=0/1371 hit_ratio=0.000 avg_depth=0.000 pair_pen=0.000 [OK] NARROW-PHASE CLEAR
  Pair (2,23): center_dist=104.155 broad_radius=67.325 [OK] BROAD-PHASE SEPARATED
  Pair (2,27): center_dist=92.971 broad_radius=66.550 [OK] BROAD-PHASE SEPARATED
  Pair (2,28): center_dist=136.838 broad_radius=63.679 [OK] BROAD-PHASE SEPARATED
  Pair (2,29): center_dist=105.900 broad_radius=62.356 [OK] BROAD-PHASE SEPARATED
  Pair (2,30): center_dist=67.450 broad_radius=60.959 [OK] BROAD-PHASE SEPARATED
  Pair (3,4): center_dist=182.266 broad_radius=108.367 [OK] BROAD-PHASE SEPARATED
  Pair (3,5): center_dist=138.306 broad_radius=119.964 [OK] BROAD-PHASE SEPARATED
  Pair (3,6): center_dist=215.938 broad_radius=115.016 [OK] BROAD-PHASE SEPARATED
  Pair (3,7): center_dist=169.083 broad_radius=96.889 [OK] BROAD-PHASE SEPARATED
  Pair (3,9): center_dist=199.350 broad_radius=106.715 [OK] BROAD-PHASE SEPARATED
  Pair (3,10): center_dist=113.545 broad_radius=124.989 min_nn=58.198 hits=0/1081 hit_ratio=0.000 avg_depth=0.000 pair_pen=0.000 [OK] NARROW-PHASE CLEAR
  Pair (3,11): center_dist=203.749 broad_radius=112.084 [OK] BROAD-PHASE SEPARATED
  Pair (3,12): center_dist=173.384 broad_radius=107.355 [OK] BROAD-PHASE SEPARATED
  Pair (3,13): center_dist=130.666 broad_radius=96.836 [OK] BROAD-PHASE SEPARATED
  Pair (3,14): center_dist=215.511 broad_radius=97.015 [OK] BROAD-PHASE SEPARATED
  Pair (3,15): center_dist=250.388 broad_radius=102.822 [OK] BROAD-PHASE SEPARATED
  Pair (3,16): center_dist=111.008 broad_radius=95.864 [OK] BROAD-PHASE SEPARATED
  Pair (3,18): center_dist=99.221 broad_radius=119.450 min_nn=29.060 hits=0/1081 hit_ratio=0.000 avg_depth=0.000 pair_pen=0.000 [OK] NARROW-PHASE CLEAR
  Pair (3,20): center_dist=98.009 broad_radius=83.150 [OK] BROAD-PHASE SEPARATED
  Pair (3,21): center_dist=198.530 broad_radius=97.967 [OK] BROAD-PHASE SEPARATED
  Pair (3,22): center_dist=103.492 broad_radius=90.503 [OK] BROAD-PHASE SEPARATED
  Pair (3,23): center_dist=145.045 broad_radius=77.275 [OK] BROAD-PHASE SEPARATED
  Pair (3,24): center_dist=163.597 broad_radius=86.009 [OK] BROAD-PHASE SEPARATED
  Pair (3,25): center_dist=163.217 broad_radius=82.055 [OK] BROAD-PHASE SEPARATED
  Pair (3,26): center_dist=165.082 broad_radius=88.397 [OK] BROAD-PHASE SEPARATED
  Pair (3,27): center_dist=150.711 broad_radius=76.500 [OK] BROAD-PHASE SEPARATED
  Pair (3,28): center_dist=123.864 broad_radius=73.629 [OK] BROAD-PHASE SEPARATED
  Pair (3,29): center_dist=51.558 broad_radius=72.306 min_nn=1.409 hits=0/1081 hit_ratio=0.000 avg_depth=0.000 pair_pen=0.000 [OK] NARROW-PHASE CLEAR
  Pair (3,30): center_dist=148.829 broad_radius=70.909 [OK] BROAD-PHASE SEPARATED
  Pair (4,5): center_dist=93.871 broad_radius=108.424 min_nn=47.485 hits=0/991 hit_ratio=0.000 avg_depth=0.000 pair_pen=0.000 [OK] NARROW-PHASE CLEAR
  Pair (4,6): center_dist=86.424 broad_radius=103.477 min_nn=14.379 hits=0/991 hit_ratio=0.000 avg_depth=0.000 pair_pen=0.000 [OK] NARROW-PHASE CLEAR
  Pair (4,8): center_dist=176.421 broad_radius=98.296 [OK] BROAD-PHASE SEPARATED
  Pair (4,9): center_dist=120.723 broad_radius=95.175 [OK] BROAD-PHASE SEPARATED
  Pair (4,10): center_dist=124.203 broad_radius=113.449 [OK] BROAD-PHASE SEPARATED
  Pair (4,11): center_dist=90.013 broad_radius=100.544 min_nn=50.114 hits=0/991 hit_ratio=0.000 avg_depth=0.000 pair_pen=0.000 [OK] NARROW-PHASE CLEAR
  Pair (4,12): center_dist=81.820 broad_radius=95.815 min_nn=34.529 hits=0/991 hit_ratio=0.000 avg_depth=0.000 pair_pen=0.000 [OK] NARROW-PHASE CLEAR
  Pair (4,13): center_dist=117.594 broad_radius=85.296 [OK] BROAD-PHASE SEPARATED
  Pair (4,14): center_dist=53.312 broad_radius=85.475 min_nn=10.030 hits=0/991 hit_ratio=0.000 avg_depth=0.000 pair_pen=0.000 [OK] NARROW-PHASE CLEAR
  Pair (4,15): center_dist=97.101 broad_radius=91.282 [OK] BROAD-PHASE SEPARATED
  Pair (4,16): center_dist=148.956 broad_radius=84.324 [OK] BROAD-PHASE SEPARATED
  Pair (4,17): center_dist=163.437 broad_radius=77.666 [OK] BROAD-PHASE SEPARATED
  Pair (4,18): center_dist=135.547 broad_radius=107.910 [OK] BROAD-PHASE SEPARATED
  Pair (4,19): center_dist=174.591 broad_radius=71.324 [OK] BROAD-PHASE SEPARATED
  Pair (4,20): center_dist=156.604 broad_radius=71.610 [OK] BROAD-PHASE SEPARATED
  Pair (4,21): center_dist=70.906 broad_radius=86.427 min_nn=26.746 hits=0/991 hit_ratio=0.000 avg_depth=0.000 pair_pen=0.000 [OK] NARROW-PHASE CLEAR
  Pair (4,22): center_dist=152.571 broad_radius=78.963 [OK] BROAD-PHASE SEPARATED
  Pair (4,23): center_dist=79.817 broad_radius=65.735 [OK] BROAD-PHASE SEPARATED
  Pair (4,24): center_dist=88.829 broad_radius=74.469 [OK] BROAD-PHASE SEPARATED
  Pair (4,25): center_dist=76.389 broad_radius=70.515 [OK] BROAD-PHASE SEPARATED
  Pair (4,26): center_dist=84.587 broad_radius=76.857 [OK] BROAD-PHASE SEPARATED
  Pair (4,27): center_dist=106.191 broad_radius=64.960 [OK] BROAD-PHASE SEPARATED
  Pair (4,28): center_dist=122.572 broad_radius=62.090 [OK] BROAD-PHASE SEPARATED
  Pair (4,29): center_dist=172.614 broad_radius=60.767 [OK] BROAD-PHASE SEPARATED
  Pair (4,30): center_dist=111.930 broad_radius=59.369 [OK] BROAD-PHASE SEPARATED
  Pair (5,6): center_dist=87.129 broad_radius=115.074 min_nn=25.468 hits=0/1052 hit_ratio=0.000 avg_depth=0.000 pair_pen=0.000 [OK] NARROW-PHASE CLEAR
  Pair (5,8): center_dist=158.064 broad_radius=109.893 [OK] BROAD-PHASE SEPARATED
  Pair (5,9): center_dist=100.970 broad_radius=106.772 min_nn=23.970 hits=0/1052 hit_ratio=0.000 avg_depth=0.000 pair_pen=0.000 [OK] NARROW-PHASE CLEAR
  Pair (5,10): center_dist=111.210 broad_radius=125.046 min_nn=32.301 hits=0/1052 hit_ratio=0.000 avg_depth=0.000 pair_pen=0.000 [OK] NARROW-PHASE CLEAR
  Pair (5,11): center_dist=141.284 broad_radius=112.141 [OK] BROAD-PHASE SEPARATED
  Pair (5,12): center_dist=146.340 broad_radius=107.412 [OK] BROAD-PHASE SEPARATED
  Pair (5,14): center_dist=115.253 broad_radius=97.073 [OK] BROAD-PHASE SEPARATED
  Pair (5,15): center_dist=183.135 broad_radius=102.880 [OK] BROAD-PHASE SEPARATED
  Pair (5,16): center_dist=150.573 broad_radius=95.921 [OK] BROAD-PHASE SEPARATED
  Pair (5,17): center_dist=157.421 broad_radius=89.263 [OK] BROAD-PHASE SEPARATED
  Pair (5,18): center_dist=94.711 broad_radius=119.507 min_nn=15.692 hits=0/1052 hit_ratio=0.000 avg_depth=0.000 pair_pen=0.000 [OK] NARROW-PHASE CLEAR
  Pair (5,19): center_dist=170.162 broad_radius=82.921 [OK] BROAD-PHASE SEPARATED
  Pair (5,20): center_dist=135.191 broad_radius=83.207 [OK] BROAD-PHASE SEPARATED
  Pair (5,21): center_dist=152.482 broad_radius=98.024 [OK] BROAD-PHASE SEPARATED
  Pair (5,22): center_dist=168.363 broad_radius=90.560 [OK] BROAD-PHASE SEPARATED
  Pair (5,23): center_dist=62.928 broad_radius=77.332 min_nn=4.453 hits=0/1052 hit_ratio=0.000 avg_depth=0.000 pair_pen=0.000 [OK] NARROW-PHASE CLEAR
  Pair (5,24): center_dist=150.284 broad_radius=86.066 [OK] BROAD-PHASE SEPARATED
  Pair (5,25): center_dist=114.362 broad_radius=82.113 [OK] BROAD-PHASE SEPARATED
  Pair (5,26): center_dist=121.932 broad_radius=88.454 [OK] BROAD-PHASE SEPARATED
  Pair (5,27): center_dist=154.931 broad_radius=76.557 [OK] BROAD-PHASE SEPARATED
  Pair (5,28): center_dist=54.908 broad_radius=73.687 min_nn=2.770 hits=0/1052 hit_ratio=0.000 avg_depth=0.000 pair_pen=0.000 [OK] NARROW-PHASE CLEAR
  Pair (5,29): center_dist=155.797 broad_radius=72.364 [OK] BROAD-PHASE SEPARATED
  Pair (5,30): center_dist=161.039 broad_radius=70.966 [OK] BROAD-PHASE SEPARATED
  Pair (6,8): center_dist=219.357 broad_radius=104.945 [OK] BROAD-PHASE SEPARATED
  Pair (6,10): center_dist=145.431 broad_radius=120.099 [OK] BROAD-PHASE SEPARATED
  Pair (6,11): center_dist=112.216 broad_radius=107.194 [OK] BROAD-PHASE SEPARATED
  Pair (6,12): center_dist=150.113 broad_radius=102.465 [OK] BROAD-PHASE SEPARATED
  Pair (6,13): center_dist=154.365 broad_radius=91.946 [OK] BROAD-PHASE SEPARATED
  Pair (6,15): center_dist=143.484 broad_radius=97.932 [OK] BROAD-PHASE SEPARATED
  Pair (6,16): center_dist=215.089 broad_radius=90.974 [OK] BROAD-PHASE SEPARATED
  Pair (6,17): center_dist=224.701 broad_radius=84.316 [OK] BROAD-PHASE SEPARATED
  Pair (6,18): center_dist=143.371 broad_radius=114.560 [OK] BROAD-PHASE SEPARATED
  Pair (6,19): center_dist=230.520 broad_radius=77.973 [OK] BROAD-PHASE SEPARATED
  Pair (6,20): center_dist=209.665 broad_radius=78.260 [OK] BROAD-PHASE SEPARATED
  Pair (6,21): center_dist=142.328 broad_radius=93.077 [OK] BROAD-PHASE SEPARATED
  Pair (6,22): center_dist=220.525 broad_radius=85.613 [OK] BROAD-PHASE SEPARATED
  Pair (6,23): center_dist=117.497 broad_radius=72.385 [OK] BROAD-PHASE SEPARATED
  Pair (6,24): center_dist=172.806 broad_radius=81.119 [OK] BROAD-PHASE SEPARATED
  Pair (6,25): center_dist=148.645 broad_radius=77.165 [OK] BROAD-PHASE SEPARATED
  Pair (6,26): center_dist=157.358 broad_radius=83.507 [OK] BROAD-PHASE SEPARATED
  Pair (6,27): center_dist=176.195 broad_radius=71.610 [OK] BROAD-PHASE SEPARATED
  Pair (6,28): center_dist=135.543 broad_radius=68.739 [OK] BROAD-PHASE SEPARATED
  Pair (6,29): center_dist=225.568 broad_radius=67.416 [OK] BROAD-PHASE SEPARATED
  Pair (6,30): center_dist=189.552 broad_radius=66.019 [OK] BROAD-PHASE SEPARATED
  Pair (7,8): center_dist=179.530 broad_radius=86.818 [OK] BROAD-PHASE SEPARATED
  Pair (7,9): center_dist=105.689 broad_radius=83.698 [OK] BROAD-PHASE SEPARATED
  Pair (7,10): center_dist=127.560 broad_radius=101.972 [OK] BROAD-PHASE SEPARATED
  Pair (7,11): center_dist=123.105 broad_radius=89.067 [OK] BROAD-PHASE SEPARATED
  Pair (7,12): center_dist=126.882 broad_radius=84.338 [OK] BROAD-PHASE SEPARATED
  Pair (7,13): center_dist=90.555 broad_radius=73.819 [OK] BROAD-PHASE SEPARATED
  Pair (7,14): center_dist=81.249 broad_radius=73.998 [OK] BROAD-PHASE SEPARATED
  Pair (7,15): center_dist=148.076 broad_radius=79.805 [OK] BROAD-PHASE SEPARATED
  Pair (7,16): center_dist=152.658 broad_radius=72.847 [OK] BROAD-PHASE SEPARATED
  Pair (7,17): center_dist=168.431 broad_radius=66.189 [OK] BROAD-PHASE SEPARATED
  Pair (7,18): center_dist=123.566 broad_radius=96.433 [OK] BROAD-PHASE SEPARATED
  Pair (7,19): center_dist=184.390 broad_radius=59.846 [OK] BROAD-PHASE SEPARATED
  Pair (7,20): center_dist=146.140 broad_radius=60.133 [OK] BROAD-PHASE SEPARATED
  Pair (7,21): center_dist=123.645 broad_radius=74.950 [OK] BROAD-PHASE SEPARATED
  Pair (7,22): center_dist=171.816 broad_radius=67.486 [OK] BROAD-PHASE SEPARATED
  Pair (7,23): center_dist=52.447 broad_radius=54.258 min_nn=8.623 hits=0/795 hit_ratio=0.000 avg_depth=0.000 pair_pen=0.000 [OK] NARROW-PHASE CLEAR
  Pair (7,24): center_dist=129.138 broad_radius=62.992 [OK] BROAD-PHASE SEPARATED
  Pair (7,25): center_dist=89.556 broad_radius=59.038 [OK] BROAD-PHASE SEPARATED
  Pair (7,26): center_dist=98.098 broad_radius=65.380 [OK] BROAD-PHASE SEPARATED
  Pair (7,27): center_dist=143.757 broad_radius=53.483 [OK] BROAD-PHASE SEPARATED
  Pair (7,28): center_dist=80.485 broad_radius=50.612 [OK] BROAD-PHASE SEPARATED
  Pair (7,29): center_dist=173.757 broad_radius=49.289 [OK] BROAD-PHASE SEPARATED
  Pair (7,30): center_dist=148.477 broad_radius=47.892 [OK] BROAD-PHASE SEPARATED
  Pair (8,9): center_dist=195.163 broad_radius=96.644 [OK] BROAD-PHASE SEPARATED
  Pair (8,10): center_dist=89.205 broad_radius=114.918 min_nn=33.020 hits=0/543 hit_ratio=0.000 avg_depth=0.000 pair_pen=0.000 [OK] NARROW-PHASE CLEAR
  Pair (8,11): center_dist=176.630 broad_radius=102.013 [OK] BROAD-PHASE SEPARATED
  Pair (8,12): center_dist=142.038 broad_radius=97.284 [OK] BROAD-PHASE SEPARATED
  Pair (8,13): center_dist=161.613 broad_radius=86.765 [OK] BROAD-PHASE SEPARATED
  Pair (8,14): center_dist=203.926 broad_radius=86.944 [OK] BROAD-PHASE SEPARATED
  Pair (8,15): center_dist=223.341 broad_radius=92.751 [OK] BROAD-PHASE SEPARATED
  Pair (8,16): center_dist=124.061 broad_radius=85.793 [OK] BROAD-PHASE SEPARATED
  Pair (8,17): center_dist=78.182 broad_radius=79.135 min_nn=42.896 hits=0/543 hit_ratio=0.000 avg_depth=0.000 pair_pen=0.000 [OK] NARROW-PHASE CLEAR
  Pair (8,18): center_dist=93.391 broad_radius=109.379 min_nn=27.294 hits=0/543 hit_ratio=0.000 avg_depth=0.000 pair_pen=0.000 [OK] NARROW-PHASE CLEAR
  Pair (8,19): center_dist=37.614 broad_radius=72.792 min_nn=3.048 hits=0/543 hit_ratio=0.000 avg_depth=0.000 pair_pen=0.000 [OK] NARROW-PHASE CLEAR
  Pair (8,20): center_dist=128.911 broad_radius=73.079 [OK] BROAD-PHASE SEPARATED
  Pair (8,21): center_dist=171.779 broad_radius=87.896 [OK] BROAD-PHASE SEPARATED
  Pair (8,22): center_dist=73.793 broad_radius=80.432 min_nn=34.693 hits=0/543 hit_ratio=0.000 avg_depth=0.000 pair_pen=0.000 [OK] NARROW-PHASE CLEAR
  Pair (8,23): center_dist=164.851 broad_radius=67.204 [OK] BROAD-PHASE SEPARATED
  Pair (8,24): center_dist=142.884 broad_radius=75.938 [OK] BROAD-PHASE SEPARATED
  Pair (8,25): center_dist=169.264 broad_radius=71.984 [OK] BROAD-PHASE SEPARATED
  Pair (8,26): center_dist=171.413 broad_radius=78.326 [OK] BROAD-PHASE SEPARATED
  Pair (8,27): center_dist=114.162 broad_radius=66.429 [OK] BROAD-PHASE SEPARATED
  Pair (8,28): center_dist=159.143 broad_radius=63.558 [OK] BROAD-PHASE SEPARATED
  Pair (8,29): center_dist=51.482 broad_radius=62.235 min_nn=21.812 hits=0/543 hit_ratio=0.000 avg_depth=0.000 pair_pen=0.000 [OK] NARROW-PHASE CLEAR
  Pair (8,30): center_dist=117.784 broad_radius=60.838 [OK] BROAD-PHASE SEPARATED
  Pair (9,10): center_dist=110.032 broad_radius=111.797 min_nn=13.813 hits=0/892 hit_ratio=0.000 avg_depth=0.000 pair_pen=0.000 [OK] NARROW-PHASE CLEAR
  Pair (9,11): center_dist=98.782 broad_radius=98.892 min_nn=50.125 hits=0/892 hit_ratio=0.000 avg_depth=0.000 pair_pen=0.000 [OK] NARROW-PHASE CLEAR
  Pair (9,12): center_dist=151.193 broad_radius=94.163 [OK] BROAD-PHASE SEPARATED
  Pair (9,13): center_dist=182.648 broad_radius=83.644 [OK] BROAD-PHASE SEPARATED
  Pair (9,14): center_dist=93.177 broad_radius=83.824 [OK] BROAD-PHASE SEPARATED
  Pair (9,15): center_dist=160.216 broad_radius=89.631 [OK] BROAD-PHASE SEPARATED
  Pair (9,16): center_dist=229.895 broad_radius=82.672 [OK] BROAD-PHASE SEPARATED
  Pair (9,17): center_dist=224.235 broad_radius=76.014 [OK] BROAD-PHASE SEPARATED
  Pair (9,18): center_dist=106.812 broad_radius=106.258 min_nn=15.676 hits=0/892 hit_ratio=0.000 avg_depth=0.000 pair_pen=0.000 [OK] NARROW-PHASE CLEAR
  Pair (9,19): center_dist=215.562 broad_radius=69.672 [OK] BROAD-PHASE SEPARATED
  Pair (9,20): center_dist=224.286 broad_radius=69.958 [OK] BROAD-PHASE SEPARATED
  Pair (9,21): center_dist=154.993 broad_radius=84.775 [OK] BROAD-PHASE SEPARATED
  Pair (9,22): center_dist=215.606 broad_radius=77.311 [OK] BROAD-PHASE SEPARATED
  Pair (9,23): center_dist=151.346 broad_radius=64.083 [OK] BROAD-PHASE SEPARATED
  Pair (9,24): center_dist=188.652 broad_radius=72.817 [OK] BROAD-PHASE SEPARATED
  Pair (9,25): center_dist=184.127 broad_radius=68.864 [OK] BROAD-PHASE SEPARATED
  Pair (9,26): center_dist=192.824 broad_radius=75.205 [OK] BROAD-PHASE SEPARATED
  Pair (9,27): center_dist=172.089 broad_radius=63.308 [OK] BROAD-PHASE SEPARATED
  Pair (9,28): center_dist=155.668 broad_radius=60.438 [OK] BROAD-PHASE SEPARATED
  Pair (9,29): center_dist=216.241 broad_radius=59.115 [OK] BROAD-PHASE SEPARATED
  Pair (9,30): center_dist=193.094 broad_radius=57.717 [OK] BROAD-PHASE SEPARATED
  Pair (10,11): center_dist=100.892 broad_radius=117.167 min_nn=35.938 hits=0/817 hit_ratio=0.000 avg_depth=0.000 pair_pen=0.000 [OK] NARROW-PHASE CLEAR
  Pair (10,12): center_dist=102.278 broad_radius=112.437 min_nn=44.189 hits=0/817 hit_ratio=0.000 avg_depth=0.000 pair_pen=0.000 [OK] NARROW-PHASE CLEAR
  Pair (10,13): center_dist=157.832 broad_radius=101.918 [OK] BROAD-PHASE SEPARATED
  Pair (10,14): center_dist=131.997 broad_radius=102.098 [OK] BROAD-PHASE SEPARATED
  Pair (10,15): center_dist=164.953 broad_radius=107.905 [OK] BROAD-PHASE SEPARATED
  Pair (10,16): center_dist=161.074 broad_radius=100.947 [OK] BROAD-PHASE SEPARATED
  Pair (10,17): center_dist=136.038 broad_radius=94.288 [OK] BROAD-PHASE SEPARATED
  Pair (10,19): center_dist=111.880 broad_radius=87.946 [OK] BROAD-PHASE SEPARATED
  Pair (10,20): center_dist=163.337 broad_radius=88.233 [OK] BROAD-PHASE SEPARATED
  Pair (10,21): center_dist=127.407 broad_radius=103.050 [OK] BROAD-PHASE SEPARATED
  Pair (10,22): center_dist=120.701 broad_radius=95.585 [OK] BROAD-PHASE SEPARATED
  Pair (10,23): center_dist=140.628 broad_radius=82.358 [OK] BROAD-PHASE SEPARATED
  Pair (10,24): center_dist=133.374 broad_radius=91.092 [OK] BROAD-PHASE SEPARATED
  Pair (10,25): center_dist=156.313 broad_radius=87.138 [OK] BROAD-PHASE SEPARATED
  Pair (10,26): center_dist=162.470 broad_radius=93.479 [OK] BROAD-PHASE SEPARATED
  Pair (10,27): center_dist=98.175 broad_radius=81.582 [OK] BROAD-PHASE SEPARATED
  Pair (10,28): center_dist=142.915 broad_radius=78.712 [OK] BROAD-PHASE SEPARATED
  Pair (10,29): center_dist=121.371 broad_radius=77.389 [OK] BROAD-PHASE SEPARATED
  Pair (10,30): center_dist=119.074 broad_radius=75.991 [OK] BROAD-PHASE SEPARATED
  Pair (11,13): center_dist=191.915 broad_radius=89.013 [OK] BROAD-PHASE SEPARATED
  Pair (11,14): center_dist=63.401 broad_radius=89.193 min_nn=19.700 hits=0/748 hit_ratio=0.000 avg_depth=0.000 pair_pen=0.000 [OK] NARROW-PHASE CLEAR
  Pair (11,15): center_dist=75.288 broad_radius=95.000 min_nn=19.063 hits=0/748 hit_ratio=0.000 avg_depth=0.000 pair_pen=0.000 [OK] NARROW-PHASE CLEAR
  Pair (11,16): center_dist=204.921 broad_radius=88.042 [OK] BROAD-PHASE SEPARATED
  Pair (11,17): center_dist=198.153 broad_radius=81.383 [OK] BROAD-PHASE SEPARATED
  Pair (11,18): center_dist=126.604 broad_radius=111.628 [OK] BROAD-PHASE SEPARATED
  Pair (11,19): center_dist=184.181 broad_radius=75.041 [OK] BROAD-PHASE SEPARATED
  Pair (11,20): center_dist=216.536 broad_radius=75.328 [OK] BROAD-PHASE SEPARATED
  Pair (11,21): center_dist=72.668 broad_radius=90.145 min_nn=23.491 hits=0/748 hit_ratio=0.000 avg_depth=0.000 pair_pen=0.000 [OK] NARROW-PHASE CLEAR
  Pair (11,22): center_dist=170.436 broad_radius=82.680 [OK] BROAD-PHASE SEPARATED
  Pair (11,23): center_dist=157.775 broad_radius=69.453 [OK] BROAD-PHASE SEPARATED
  Pair (11,24): center_dist=125.760 broad_radius=78.187 [OK] BROAD-PHASE SEPARATED
  Pair (11,25): center_dist=156.862 broad_radius=74.233 [OK] BROAD-PHASE SEPARATED
  Pair (11,26): center_dist=164.083 broad_radius=80.574 [OK] BROAD-PHASE SEPARATED
  Pair (11,27): center_dist=102.070 broad_radius=68.677 [OK] BROAD-PHASE SEPARATED
  Pair (11,28): center_dist=185.574 broad_radius=65.807 [OK] BROAD-PHASE SEPARATED
  Pair (11,29): center_dist=196.776 broad_radius=64.484 [OK] BROAD-PHASE SEPARATED
  Pair (11,30): center_dist=127.455 broad_radius=63.086 [OK] BROAD-PHASE SEPARATED
  Pair (12,13): center_dist=163.739 broad_radius=84.284 [OK] BROAD-PHASE SEPARATED
  Pair (12,14): center_dist=98.021 broad_radius=84.464 [OK] BROAD-PHASE SEPARATED
  Pair (12,15): center_dist=83.449 broad_radius=90.270 min_nn=26.954 hits=0/783 hit_ratio=0.000 avg_depth=0.000 pair_pen=0.000 [OK] NARROW-PHASE CLEAR
  Pair (12,16): center_dist=149.303 broad_radius=83.312 [OK] BROAD-PHASE SEPARATED
  Pair (12,17): center_dist=144.254 broad_radius=76.654 [OK] BROAD-PHASE SEPARATED
  Pair (12,18): center_dist=131.572 broad_radius=106.898 [OK] BROAD-PHASE SEPARATED
  Pair (12,19): center_dist=135.699 broad_radius=70.312 [OK] BROAD-PHASE SEPARATED
  Pair (12,20): center_dist=170.598 broad_radius=70.598 [OK] BROAD-PHASE SEPARATED
  Pair (12,22): center_dist=110.499 broad_radius=77.951 [OK] BROAD-PHASE SEPARATED
  Pair (12,23): center_dist=137.422 broad_radius=64.723 [OK] BROAD-PHASE SEPARATED
  Pair (12,25): center_dist=114.866 broad_radius=69.503 [OK] BROAD-PHASE SEPARATED
  Pair (12,26): center_dist=119.445 broad_radius=75.845 [OK] BROAD-PHASE SEPARATED
  Pair (12,27): center_dist=36.817 broad_radius=63.948 min_nn=1.684 hits=0/783 hit_ratio=0.000 avg_depth=0.000 pair_pen=0.000 [OK] NARROW-PHASE CLEAR
  Pair (12,28): center_dist=172.058 broad_radius=61.078 [OK] BROAD-PHASE SEPARATED
  Pair (12,29): center_dist=150.065 broad_radius=59.755 [OK] BROAD-PHASE SEPARATED
  Pair (12,30): center_dist=57.456 broad_radius=58.357 min_nn=15.185 hits=0/783 hit_ratio=0.000 avg_depth=0.000 pair_pen=0.000 [OK] NARROW-PHASE CLEAR
  Pair (13,14): center_dist=163.840 broad_radius=73.945 [OK] BROAD-PHASE SEPARATED
  Pair (13,15): center_dist=211.347 broad_radius=79.751 [OK] BROAD-PHASE SEPARATED
  Pair (13,16): center_dist=90.463 broad_radius=72.793 [OK] BROAD-PHASE SEPARATED
  Pair (13,17): center_dist=120.037 broad_radius=66.135 [OK] BROAD-PHASE SEPARATED
  Pair (13,18): center_dist=146.854 broad_radius=96.379 [OK] BROAD-PHASE SEPARATED
  Pair (13,19): center_dist=157.160 broad_radius=59.793 [OK] BROAD-PHASE SEPARATED
  Pair (13,20): center_dist=69.061 broad_radius=60.079 [OK] BROAD-PHASE SEPARATED
  Pair (13,21): center_dist=168.734 broad_radius=74.896 [OK] BROAD-PHASE SEPARATED
  Pair (13,22): center_dist=147.088 broad_radius=67.432 [OK] BROAD-PHASE SEPARATED
  Pair (13,24): center_dist=134.824 broad_radius=62.938 [OK] BROAD-PHASE SEPARATED
  Pair (13,25): center_dist=74.319 broad_radius=58.984 [OK] BROAD-PHASE SEPARATED
  Pair (13,26): center_dist=76.421 broad_radius=65.326 [OK] BROAD-PHASE SEPARATED
  Pair (13,27): center_dist=161.242 broad_radius=53.429 [OK] BROAD-PHASE SEPARATED
  Pair (13,28): center_dist=43.303 broad_radius=50.559 min_nn=1.955 hits=0/488 hit_ratio=0.000 avg_depth=0.000 pair_pen=0.000 [OK] NARROW-PHASE CLEAR
  Pair (13,29): center_dist=132.167 broad_radius=49.236 [OK] BROAD-PHASE SEPARATED
  Pair (13,30): center_dist=150.987 broad_radius=47.838 [OK] BROAD-PHASE SEPARATED
  Pair (14,15): center_dist=79.339 broad_radius=79.931 min_nn=43.674 hits=0/343 hit_ratio=0.000 avg_depth=0.000 pair_pen=0.000 [OK] NARROW-PHASE CLEAR
  Pair (14,16): center_dist=199.309 broad_radius=72.973 [OK] BROAD-PHASE SEPARATED
  Pair (14,17): center_dist=207.083 broad_radius=66.315 [OK] BROAD-PHASE SEPARATED
  Pair (14,18): center_dist=145.674 broad_radius=96.559 [OK] BROAD-PHASE SEPARATED
  Pair (14,19): center_dist=208.485 broad_radius=59.972 [OK] BROAD-PHASE SEPARATED
  Pair (14,20): center_dist=205.785 broad_radius=60.259 [OK] BROAD-PHASE SEPARATED
  Pair (14,21): center_dist=83.676 broad_radius=75.076 [OK] BROAD-PHASE SEPARATED
  Pair (14,22): center_dist=190.497 broad_radius=67.612 [OK] BROAD-PHASE SEPARATED
  Pair (14,23): center_dist=124.498 broad_radius=54.384 [OK] BROAD-PHASE SEPARATED
  Pair (14,24): center_dist=129.089 broad_radius=63.118 [OK] BROAD-PHASE SEPARATED
  Pair (14,25): center_dist=129.531 broad_radius=59.164 [OK] BROAD-PHASE SEPARATED
  Pair (14,26): center_dist=137.646 broad_radius=65.506 [OK] BROAD-PHASE SEPARATED
  Pair (14,27): center_dist=130.792 broad_radius=53.609 [OK] BROAD-PHASE SEPARATED
  Pair (14,28): center_dist=158.684 broad_radius=50.738 [OK] BROAD-PHASE SEPARATED
  Pair (14,29): center_dist=211.321 broad_radius=49.415 [OK] BROAD-PHASE SEPARATED
  Pair (14,30): center_dist=146.076 broad_radius=48.018 [OK] BROAD-PHASE SEPARATED
  Pair (15,16): center_dist=217.231 broad_radius=78.780 [OK] BROAD-PHASE SEPARATED
  Pair (15,17): center_dist=222.937 broad_radius=72.122 [OK] BROAD-PHASE SEPARATED
  Pair (15,18): center_dist=191.322 broad_radius=102.366 [OK] BROAD-PHASE SEPARATED
  Pair (15,19): center_dist=219.019 broad_radius=65.779 [OK] BROAD-PHASE SEPARATED
  Pair (15,20): center_dist=236.573 broad_radius=66.066 [OK] BROAD-PHASE SEPARATED
  Pair (15,22): center_dist=192.040 broad_radius=73.418 [OK] BROAD-PHASE SEPARATED
  Pair (15,23): center_dist=175.859 broad_radius=60.191 [OK] BROAD-PHASE SEPARATED
  Pair (15,24): center_dist=119.091 broad_radius=68.925 [OK] BROAD-PHASE SEPARATED
  Pair (15,25): center_dist=153.606 broad_radius=64.971 [OK] BROAD-PHASE SEPARATED
  Pair (15,26): center_dist=158.891 broad_radius=71.312 [OK] BROAD-PHASE SEPARATED
  Pair (15,27): center_dist=118.707 broad_radius=59.415 [OK] BROAD-PHASE SEPARATED
  Pair (15,28): center_dist=218.110 broad_radius=56.545 [OK] BROAD-PHASE SEPARATED
  Pair (15,29): center_dist=231.179 broad_radius=55.222 [OK] BROAD-PHASE SEPARATED
  Pair (15,30): center_dist=133.295 broad_radius=53.824 [OK] BROAD-PHASE SEPARATED
  Pair (16,18): center_dist=162.713 broad_radius=95.408 [OK] BROAD-PHASE SEPARATED
  Pair (16,19): center_dist=100.156 broad_radius=58.821 [OK] BROAD-PHASE SEPARATED
  Pair (16,20): center_dist=38.805 broad_radius=59.108 min_nn=17.423 hits=0/375 hit_ratio=0.000 avg_depth=0.000 pair_pen=0.000 [OK] NARROW-PHASE CLEAR
  Pair (16,21): center_dist=162.615 broad_radius=73.925 [OK] BROAD-PHASE SEPARATED
  Pair (16,22): center_dist=81.285 broad_radius=66.460 [OK] BROAD-PHASE SEPARATED
  Pair (16,23): center_dist=108.960 broad_radius=53.233 [OK] BROAD-PHASE SEPARATED
  Pair (16,24): center_dist=103.718 broad_radius=61.967 [OK] BROAD-PHASE SEPARATED
  Pair (16,25): center_dist=89.288 broad_radius=58.013 [OK] BROAD-PHASE SEPARATED
  Pair (16,26): center_dist=85.302 broad_radius=64.354 [OK] BROAD-PHASE SEPARATED
  Pair (16,27): center_dist=128.757 broad_radius=52.457 [OK] BROAD-PHASE SEPARATED
  Pair (16,28): center_dist=121.867 broad_radius=49.587 [OK] BROAD-PHASE SEPARATED
  Pair (16,29): center_dist=78.503 broad_radius=48.264 [OK] BROAD-PHASE SEPARATED
  Pair (16,30): center_dist=106.609 broad_radius=46.866 [OK] BROAD-PHASE SEPARATED
  Pair (17,18): center_dist=139.131 broad_radius=88.749 [OK] BROAD-PHASE SEPARATED
  Pair (17,19): center_dist=51.940 broad_radius=52.163 min_nn=21.043 hits=0/242 hit_ratio=0.000 avg_depth=0.000 pair_pen=0.000 [OK] NARROW-PHASE CLEAR
  Pair (17,21): center_dist=166.133 broad_radius=67.266 [OK] BROAD-PHASE SEPARATED
  Pair (17,23): center_dist=134.141 broad_radius=46.574 [OK] BROAD-PHASE SEPARATED
  Pair (17,24): center_dist=112.947 broad_radius=55.308 [OK] BROAD-PHASE SEPARATED
  Pair (17,25): center_dist=123.274 broad_radius=51.354 [OK] BROAD-PHASE SEPARATED
  Pair (17,26): center_dist=121.766 broad_radius=57.696 [OK] BROAD-PHASE SEPARATED
  Pair (17,27): center_dist=115.728 broad_radius=45.799 [OK] BROAD-PHASE SEPARATED
  Pair (17,28): center_dist=137.832 broad_radius=42.929 [OK] BROAD-PHASE SEPARATED
  Pair (17,29): center_dist=30.767 broad_radius=41.606 min_nn=12.078 hits=0/242 hit_ratio=0.000 avg_depth=0.000 pair_pen=0.000 [OK] NARROW-PHASE CLEAR
  Pair (17,30): center_dist=99.616 broad_radius=40.208 [OK] BROAD-PHASE SEPARATED
  Pair (18,19): center_dist=121.162 broad_radius=82.407 [OK] BROAD-PHASE SEPARATED
  Pair (18,20): center_dist=156.380 broad_radius=82.694 [OK] BROAD-PHASE SEPARATED
  Pair (18,21): center_dist=154.175 broad_radius=97.511 [OK] BROAD-PHASE SEPARATED
  Pair (18,22): center_dist=136.209 broad_radius=90.046 [OK] BROAD-PHASE SEPARATED
  Pair (18,23): center_dist=134.206 broad_radius=76.819 [OK] BROAD-PHASE SEPARATED
  Pair (18,24): center_dist=154.543 broad_radius=85.553 [OK] BROAD-PHASE SEPARATED
  Pair (18,25): center_dist=162.087 broad_radius=81.599 [OK] BROAD-PHASE SEPARATED
  Pair (18,26): center_dist=168.403 broad_radius=87.940 [OK] BROAD-PHASE SEPARATED
  Pair (18,27): center_dist=127.327 broad_radius=76.043 [OK] BROAD-PHASE SEPARATED
  Pair (18,28): center_dist=124.012 broad_radius=73.173 [OK] BROAD-PHASE SEPARATED
  Pair (18,29): center_dist=121.684 broad_radius=71.850 [OK] BROAD-PHASE SEPARATED
  Pair (18,30): center_dist=143.702 broad_radius=70.452 [OK] BROAD-PHASE SEPARATED
  Pair (19,20): center_dist=114.252 broad_radius=46.107 [OK] BROAD-PHASE SEPARATED
  Pair (19,21): center_dist=164.030 broad_radius=60.924 [OK] BROAD-PHASE SEPARATED
  Pair (19,22): center_dist=41.782 broad_radius=53.460 min_nn=20.230 hits=0/226 hit_ratio=0.000 avg_depth=0.000 pair_pen=0.000 [OK] NARROW-PHASE CLEAR
  Pair (19,23): center_dist=162.780 broad_radius=40.232 [OK] BROAD-PHASE SEPARATED
  Pair (19,24): center_dist=123.875 broad_radius=48.966 [OK] BROAD-PHASE SEPARATED
  Pair (19,25): center_dist=155.275 broad_radius=45.012 [OK] BROAD-PHASE SEPARATED
  Pair (19,26): center_dist=155.704 broad_radius=51.354 [OK] BROAD-PHASE SEPARATED
  Pair (19,27): center_dist=102.850 broad_radius=39.457 [OK] BROAD-PHASE SEPARATED
  Pair (19,28): center_dist=164.806 broad_radius=36.586 [OK] BROAD-PHASE SEPARATED
  Pair (19,30): center_dist=97.648 broad_radius=33.866 [OK] BROAD-PHASE SEPARATED
  Pair (20,21): center_dist=183.925 broad_radius=61.211 [OK] BROAD-PHASE SEPARATED
  Pair (20,22): center_dist=107.500 broad_radius=53.746 [OK] BROAD-PHASE SEPARATED
  Pair (20,23): center_dist=98.652 broad_radius=40.519 [OK] BROAD-PHASE SEPARATED
  Pair (20,24): center_dist=131.728 broad_radius=49.253 [OK] BROAD-PHASE SEPARATED
  Pair (20,25): center_dist=99.976 broad_radius=45.299 [OK] BROAD-PHASE SEPARATED
  Pair (20,26): center_dist=97.625 broad_radius=51.640 [OK] BROAD-PHASE SEPARATED
  Pair (20,27): center_dist=153.249 broad_radius=39.743 [OK] BROAD-PHASE SEPARATED
  Pair (20,28): center_dist=96.291 broad_radius=36.873 [OK] BROAD-PHASE SEPARATED
  Pair (20,29): center_dist=83.986 broad_radius=35.550 [OK] BROAD-PHASE SEPARATED
  Pair (20,30): center_dist=135.917 broad_radius=34.152 [OK] BROAD-PHASE SEPARATED
  Pair (21,22): center_dist=135.521 broad_radius=68.563 [OK] BROAD-PHASE SEPARATED
  Pair (21,23): center_dist=138.382 broad_radius=55.336 [OK] BROAD-PHASE SEPARATED
  Pair (21,24): center_dist=64.591 broad_radius=64.070 min_nn=20.661 hits=0/244 hit_ratio=0.000 avg_depth=0.000 pair_pen=0.000 [OK] NARROW-PHASE CLEAR
  Pair (21,25): center_dist=111.272 broad_radius=60.116 [OK] BROAD-PHASE SEPARATED
  Pair (21,26): center_dist=116.005 broad_radius=66.457 [OK] BROAD-PHASE SEPARATED
  Pair (21,27): center_dist=65.341 broad_radius=54.560 [OK] BROAD-PHASE SEPARATED
  Pair (21,28): center_dist=179.364 broad_radius=51.690 [OK] BROAD-PHASE SEPARATED
  Pair (21,29): center_dist=175.396 broad_radius=50.367 [OK] BROAD-PHASE SEPARATED
  Pair (21,30): center_dist=77.446 broad_radius=48.969 [OK] BROAD-PHASE SEPARATED
  Pair (22,23): center_dist=148.740 broad_radius=47.871 [OK] BROAD-PHASE SEPARATED
  Pair (22,24): center_dist=87.346 broad_radius=56.605 [OK] BROAD-PHASE SEPARATED
  Pair (22,25): center_dist=127.595 broad_radius=52.651 [OK] BROAD-PHASE SEPARATED
  Pair (22,26): center_dist=127.014 broad_radius=58.993 [OK] BROAD-PHASE SEPARATED
  Pair (22,27): center_dist=76.453 broad_radius=47.096 [OK] BROAD-PHASE SEPARATED
  Pair (22,28): center_dist=163.377 broad_radius=44.226 [OK] BROAD-PHASE SEPARATED
  Pair (22,29): center_dist=57.061 broad_radius=42.903 [OK] BROAD-PHASE SEPARATED
  Pair (22,30): center_dist=61.912 broad_radius=41.505 [OK] BROAD-PHASE SEPARATED
  Pair (23,24): center_dist=117.583 broad_radius=43.378 [OK] BROAD-PHASE SEPARATED
  Pair (23,25): center_dist=58.493 broad_radius=39.424 [OK] BROAD-PHASE SEPARATED
  Pair (23,26): center_dist=64.741 broad_radius=45.765 [OK] BROAD-PHASE SEPARATED
  Pair (23,27): center_dist=142.976 broad_radius=33.868 [OK] BROAD-PHASE SEPARATED
  Pair (23,28): center_dist=51.695 broad_radius=30.998 [OK] BROAD-PHASE SEPARATED
  Pair (23,29): center_dist=144.887 broad_radius=29.675 [OK] BROAD-PHASE SEPARATED
  Pair (23,30): center_dist=137.644 broad_radius=28.277 [OK] BROAD-PHASE SEPARATED
  Pair (24,25): center_dist=75.509 broad_radius=48.158 [OK] BROAD-PHASE SEPARATED
  Pair (24,26): center_dist=76.345 broad_radius=54.499 [OK] BROAD-PHASE SEPARATED
  Pair (24,27): center_dist=53.529 broad_radius=42.602 [OK] BROAD-PHASE SEPARATED
  Pair (24,28): center_dist=157.083 broad_radius=39.732 [OK] BROAD-PHASE SEPARATED
  Pair (24,29): center_dist=130.054 broad_radius=38.409 [OK] BROAD-PHASE SEPARATED
  Pair (25,26): center_dist=8.839 broad_radius=50.545 min_nn=1.579 hits=0/104 hit_ratio=0.000 avg_depth=0.000 pair_pen=0.000 [OK] NARROW-PHASE CLEAR
  Pair (25,27): center_dist=118.305 broad_radius=38.648 [OK] BROAD-PHASE SEPARATED
  Pair (25,28): center_dist=105.455 broad_radius=35.778 [OK] BROAD-PHASE SEPARATED
  Pair (25,29): center_dist=143.433 broad_radius=34.455 [OK] BROAD-PHASE SEPARATED
  Pair (25,30): center_dist=104.017 broad_radius=33.057 [OK] BROAD-PHASE SEPARATED
  Pair (26,27): center_dist=121.181 broad_radius=44.990 [OK] BROAD-PHASE SEPARATED
  Pair (26,28): center_dist=110.112 broad_radius=42.120 [OK] BROAD-PHASE SEPARATED
  Pair (26,29): center_dist=143.411 broad_radius=40.797 [OK] BROAD-PHASE SEPARATED
  Pair (26,30): center_dist=104.876 broad_radius=39.399 [OK] BROAD-PHASE SEPARATED
  Pair (27,28): center_dist=172.181 broad_radius=30.223 [OK] BROAD-PHASE SEPARATED
  Pair (27,29): center_dist=120.968 broad_radius=28.900 [OK] BROAD-PHASE SEPARATED
  Pair (28,29): center_dist=140.728 broad_radius=26.029 [OK] BROAD-PHASE SEPARATED
  Pair (28,30): center_dist=169.022 broad_radius=24.632 [OK] BROAD-PHASE SEPARATED
  Pair (29,30): center_dist=111.859 broad_radius=23.309 [OK] BROAD-PHASE SEPARATED
  No active cloud collisions detected.

=== CONSENSUS SUPPORT DIAGNOSTICS [FINAL BEST] ===
  Active Spanning Tree Component: 31 shards.
  Shard 1 (Root Shard):
    Alternative Pair with Shard 4 (ACTIVE IN TREE) [SKIPPED]
    Alternative Pair with Shard 6 (ACTIVE IN TREE) [SKIPPED]
    Alternative Pair with Shard 19 (ACTIVE IN TREE) [SKIPPED]
    Alternative Pair with Shard 29 (ACTIVE IN TREE) [SKIPPED]
    Alternative Pair with Shard 9 (NOT ACTIVE IN TREE):
      Candidate choice=1 inlier=44 | RotErr = 2.3458 rad (134.4062 deg) | TransErr = 16.77 mm [FAILS]
      Candidate choice=2 inlier=63 | RotErr = 1.3829 rad (79.2361 deg) | TransErr = 29.99 mm [FAILS]
      Candidate choice=3 inlier=42 | RotErr = 0.8939 rad (51.2188 deg) | TransErr = 18.43 mm [FAILS]
      Candidate choice=4 inlier=48 | RotErr = 1.1917 rad (68.2808 deg) | TransErr = 12.47 mm [FAILS]
    Alternative Pair with Shard 18 (NOT ACTIVE IN TREE):
      Candidate choice=1 inlier=8 | RotErr = 2.6542 rad (152.0762 deg) | TransErr = 119.69 mm [FAILS]
    Alternative Pair with Shard 20 (NOT ACTIVE IN TREE):
      Candidate choice=1 inlier=28 | RotErr = 2.1048 rad (120.5955 deg) | TransErr = 49.87 mm [FAILS]
      Candidate choice=2 inlier=32 | RotErr = 1.8990 rad (108.8067 deg) | TransErr = 54.46 mm [FAILS]
      Candidate choice=3 inlier=16 | RotErr = 1.5677 rad (89.8251 deg) | TransErr = 64.36 mm [FAILS]
      Candidate choice=4 inlier=26 | RotErr = 1.7258 rad (98.8805 deg) | TransErr = 40.42 mm [FAILS]
      Candidate choice=5 inlier=42 | RotErr = 2.8668 rad (164.2555 deg) | TransErr = 47.88 mm [FAILS]
    Alternative Pair with Shard 8 (NOT ACTIVE IN TREE):
      Candidate choice=1 inlier=55 | RotErr = 0.7258 rad (41.5852 deg) | TransErr = 11.05 mm [FAILS]
      Candidate choice=2 inlier=38 | RotErr = 0.5694 rad (32.6223 deg) | TransErr = 146.50 mm [FAILS]
      Candidate choice=3 inlier=38 | RotErr = 1.2307 rad (70.5124 deg) | TransErr = 155.56 mm [FAILS]
      Candidate choice=4 inlier=28 | RotErr = 1.7255 rad (98.8643 deg) | TransErr = 156.68 mm [FAILS]
      Candidate choice=5 inlier=40 | RotErr = 2.6731 rad (153.1598 deg) | TransErr = 24.34 mm [FAILS]
    Alternative Pair with Shard 14 (NOT ACTIVE IN TREE):
      Candidate choice=1 inlier=36 | RotErr = 0.0661 rad (3.7856 deg) | TransErr = 12.52 mm [FAILS]
      Candidate choice=2 inlier=30 | RotErr = 2.8555 rad (163.6060 deg) | TransErr = 67.48 mm [FAILS]
      Candidate choice=3 inlier=70 | RotErr = 1.1582 rad (66.3602 deg) | TransErr = 11.48 mm [FAILS]
      Candidate choice=4 inlier=36 | RotErr = 1.7952 rad (102.8579 deg) | TransErr = 14.17 mm [FAILS]
      Candidate choice=5 inlier=36 | RotErr = 2.9063 rad (166.5203 deg) | TransErr = 67.96 mm [FAILS]
    Alternative Pair with Shard 11 (NOT ACTIVE IN TREE):
      Candidate choice=1 inlier=38 | RotErr = 3.0045 rad (172.1425 deg) | TransErr = 60.90 mm [FAILS]
      Candidate choice=2 inlier=44 | RotErr = 3.0528 rad (174.9118 deg) | TransErr = 68.73 mm [FAILS]
      Candidate choice=3 inlier=42 | RotErr = 0.3689 rad (21.1339 deg) | TransErr = 15.03 mm [FAILS]
    Alternative Pair with Shard 17 (NOT ACTIVE IN TREE):
      Candidate choice=1 inlier=34 | RotErr = 2.1970 rad (125.8767 deg) | TransErr = 41.69 mm [FAILS]
      Candidate choice=2 inlier=0 | RotErr = 2.6448 rad (151.5350 deg) | TransErr = 36.43 mm [FAILS]
      Candidate choice=3 inlier=0 | RotErr = 2.8103 rad (161.0194 deg) | TransErr = 25.76 mm [FAILS]
    Alternative Pair with Shard 21 (NOT ACTIVE IN TREE):
      Candidate choice=1 inlier=34 | RotErr = 1.3533 rad (77.5386 deg) | TransErr = 50.22 mm [FAILS]
      Candidate choice=2 inlier=47 | RotErr = 2.4763 rad (141.8796 deg) | TransErr = 56.80 mm [FAILS]
      Candidate choice=3 inlier=38 | RotErr = 1.3749 rad (78.7774 deg) | TransErr = 32.57 mm [FAILS]
      Candidate choice=4 inlier=51 | RotErr = 3.0925 rad (177.1889 deg) | TransErr = 46.82 mm [FAILS]
      Candidate choice=5 inlier=45 | RotErr = 1.5993 rad (91.6338 deg) | TransErr = 50.55 mm [FAILS]
    Alternative Pair with Shard 23 (NOT ACTIVE IN TREE):
      [No match candidates found]
    Alternative Pair with Shard 30 (NOT ACTIVE IN TREE):
      Candidate choice=1 inlier=36 | RotErr = 1.4700 rad (84.2223 deg) | TransErr = 55.62 mm [FAILS]
      Candidate choice=2 inlier=30 | RotErr = 2.5374 rad (145.3817 deg) | TransErr = 48.88 mm [FAILS]
      Candidate choice=3 inlier=41 | RotErr = 1.3601 rad (77.9255 deg) | TransErr = 57.54 mm [FAILS]
    Alternative Pair with Shard 5 (NOT ACTIVE IN TREE):
      Candidate choice=1 inlier=0 | RotErr = 2.4314 rad (139.3109 deg) | TransErr = 167.55 mm [FAILS]
      Candidate choice=2 inlier=40 | RotErr = 2.6339 rad (150.9118 deg) | TransErr = 13.31 mm [FAILS]
    Alternative Pair with Shard 7 (NOT ACTIVE IN TREE):
      Candidate choice=1 inlier=14 | RotErr = 2.9934 rad (171.5069 deg) | TransErr = 33.53 mm [FAILS]
      Candidate choice=2 inlier=0 | RotErr = 2.8826 rad (165.1631 deg) | TransErr = 30.80 mm [FAILS]
    Alternative Pair with Shard 24 (NOT ACTIVE IN TREE):
      Candidate choice=1 inlier=55 | RotErr = 3.0010 rad (171.9454 deg) | TransErr = 72.20 mm [FAILS]
      Candidate choice=2 inlier=30 | RotErr = 2.8206 rad (161.6096 deg) | TransErr = 65.94 mm [FAILS]
      Candidate choice=3 inlier=38 | RotErr = 3.0008 rad (171.9335 deg) | TransErr = 67.71 mm [FAILS]
    Alternative Pair with Shard 3 (NOT ACTIVE IN TREE):
      Candidate choice=1 inlier=32 | RotErr = 3.1167 rad (178.5764 deg) | TransErr = 47.62 mm [FAILS]
      Candidate choice=2 inlier=42 | RotErr = 2.3921 rad (137.0587 deg) | TransErr = 51.72 mm [FAILS]
      Candidate choice=3 inlier=50 | RotErr = 2.5532 rad (146.2892 deg) | TransErr = 27.33 mm [FAILS]
    Alternative Pair with Shard 2 (NOT ACTIVE IN TREE):
      Candidate choice=1 inlier=40 | RotErr = 0.2463 rad (14.1122 deg) | TransErr = 10.91 mm [FAILS]
      Candidate choice=2 inlier=22 | RotErr = 1.5398 rad (88.2266 deg) | TransErr = 6.70 mm [FAILS]
      Candidate choice=3 inlier=74 | RotErr = 0.7006 rad (40.1406 deg) | TransErr = 10.83 mm [FAILS]
      Candidate choice=4 inlier=84 | RotErr = 0.1303 rad (7.4638 deg) | TransErr = 6.58 mm [PASSES] -> Reward: +20.00
      Candidate choice=5 inlier=36 | RotErr = 1.1273 rad (64.5901 deg) | TransErr = 5.22 mm [FAILS]
    Alternative Pair with Shard 10 (NOT ACTIVE IN TREE):
      Candidate choice=1 inlier=36 | RotErr = 1.9877 rad (113.8872 deg) | TransErr = 116.58 mm [FAILS]
      Candidate choice=2 inlier=0 | RotErr = 2.7405 rad (157.0198 deg) | TransErr = 32.35 mm [FAILS]
    Alternative Pair with Shard 15 (NOT ACTIVE IN TREE):
      Candidate choice=1 inlier=12 | RotErr = 3.1217 rad (178.8622 deg) | TransErr = 62.67 mm [FAILS]
    Alternative Pair with Shard 25 (NOT ACTIVE IN TREE):
      [No match candidates found]
    Alternative Pair with Shard 26 (NOT ACTIVE IN TREE):
      [No match candidates found]
    Alternative Pair with Shard 27 (NOT ACTIVE IN TREE):
      Candidate choice=1 inlier=14 | RotErr = 3.0837 rad (176.6826 deg) | TransErr = 25.18 mm [FAILS]
    Alternative Pair with Shard 13 (NOT ACTIVE IN TREE):
      Candidate choice=1 inlier=30 | RotErr = 2.8891 rad (165.5324 deg) | TransErr = 37.78 mm [FAILS]
      Candidate choice=2 inlier=34 | RotErr = 1.4623 rad (83.7828 deg) | TransErr = 20.42 mm [FAILS]
    Alternative Pair with Shard 31 (NOT ACTIVE IN TREE):
      Candidate choice=1 inlier=26 | RotErr = 2.9735 rad (170.3702 deg) | TransErr = 57.89 mm [FAILS]
    Alternative Pair with Shard 12 (NOT ACTIVE IN TREE):
      Candidate choice=1 inlier=26 | RotErr = 3.0157 rad (172.7861 deg) | TransErr = 34.01 mm [FAILS]
    Alternative Pair with Shard 22 (NOT ACTIVE IN TREE):
      Candidate choice=1 inlier=32 | RotErr = 2.9815 rad (170.8247 deg) | TransErr = 89.05 mm [FAILS]
      Candidate choice=2 inlier=26 | RotErr = 2.5824 rad (147.9586 deg) | TransErr = 22.72 mm [FAILS]
    Alternative Pair with Shard 28 (NOT ACTIVE IN TREE):
      Candidate choice=1 inlier=26 | RotErr = 2.9784 rad (170.6499 deg) | TransErr = 25.68 mm [FAILS]
      Candidate choice=2 inlier=28 | RotErr = 1.6764 rad (96.0489 deg) | TransErr = 21.88 mm [FAILS]
    Alternative Pair with Shard 16 (NOT ACTIVE IN TREE):
      Candidate choice=1 inlier=0 | RotErr = 2.6968 rad (154.5160 deg) | TransErr = 191.19 mm [FAILS]
      Candidate choice=2 inlier=0 | RotErr = 3.0511 rad (174.8132 deg) | TransErr = 135.54 mm [FAILS]
      Candidate choice=3 inlier=38 | RotErr = 2.7496 rad (157.5431 deg) | TransErr = 87.15 mm [FAILS]
  Shard 4 (placed by parent 1):
    Alternative Pair with Shard 1 (ACTIVE IN TREE) [SKIPPED]
    Alternative Pair with Shard 6 (NOT ACTIVE IN TREE):
      [No match candidates found]
    Alternative Pair with Shard 19 (NOT ACTIVE IN TREE):
      Candidate choice=1 inlier=36 | RotErr = 0.4887 rad (28.0018 deg) | TransErr = 8.42 mm [FAILS]
      Candidate choice=2 inlier=22 | RotErr = 3.0373 rad (174.0240 deg) | TransErr = 28.26 mm [FAILS]
    Alternative Pair with Shard 29 (NOT ACTIVE IN TREE):
      [No match candidates found]
    Alternative Pair with Shard 9 (ACTIVE IN TREE) [SKIPPED]
    Alternative Pair with Shard 18 (ACTIVE IN TREE) [SKIPPED]
    Alternative Pair with Shard 20 (ACTIVE IN TREE) [SKIPPED]
    Alternative Pair with Shard 8 (NOT ACTIVE IN TREE):
      Candidate choice=1 inlier=0 | RotErr = 2.9576 rad (169.4581 deg) | TransErr = 46.65 mm [FAILS]
      Candidate choice=2 inlier=22 | RotErr = 3.1009 rad (177.6681 deg) | TransErr = 22.46 mm [FAILS]
    Alternative Pair with Shard 14 (NOT ACTIVE IN TREE):
      Candidate choice=1 inlier=42 | RotErr = 3.0588 rad (175.2576 deg) | TransErr = 59.40 mm [FAILS]
      Candidate choice=2 inlier=28 | RotErr = 3.0874 rad (176.8925 deg) | TransErr = 48.27 mm [FAILS]
    Alternative Pair with Shard 11 (NOT ACTIVE IN TREE):
      Candidate choice=1 inlier=40 | RotErr = 0.9984 rad (57.2037 deg) | TransErr = 16.73 mm [FAILS]
      Candidate choice=2 inlier=30 | RotErr = 3.0046 rad (172.1536 deg) | TransErr = 56.24 mm [FAILS]
    Alternative Pair with Shard 17 (NOT ACTIVE IN TREE):
      Candidate choice=1 inlier=26 | RotErr = 2.0394 rad (116.8472 deg) | TransErr = 29.87 mm [FAILS]
      Candidate choice=2 inlier=26 | RotErr = 2.5437 rad (145.7426 deg) | TransErr = 31.89 mm [FAILS]
      Candidate choice=3 inlier=22 | RotErr = 2.9994 rad (171.8504 deg) | TransErr = 20.27 mm [FAILS]
      Candidate choice=4 inlier=10 | RotErr = 1.7533 rad (100.4593 deg) | TransErr = 22.39 mm [FAILS]
    Alternative Pair with Shard 21 (NOT ACTIVE IN TREE):
      Candidate choice=1 inlier=24 | RotErr = 1.8611 rad (106.6321 deg) | TransErr = 8.91 mm [FAILS]
      Candidate choice=2 inlier=24 | RotErr = 0.6760 rad (38.7313 deg) | TransErr = 16.72 mm [FAILS]
      Candidate choice=3 inlier=38 | RotErr = 2.1260 rad (121.8107 deg) | TransErr = 7.72 mm [FAILS]
      Candidate choice=4 inlier=51 | RotErr = 1.7502 rad (100.2793 deg) | TransErr = 37.15 mm [FAILS]
      Candidate choice=5 inlier=24 | RotErr = 2.9265 rad (167.6753 deg) | TransErr = 40.25 mm [FAILS]
    Alternative Pair with Shard 23 (NOT ACTIVE IN TREE):
      Candidate choice=1 inlier=10 | RotErr = 0.9374 rad (53.7068 deg) | TransErr = 16.63 mm [FAILS]
      Candidate choice=2 inlier=38 | RotErr = 1.2583 rad (72.0949 deg) | TransErr = 6.30 mm [FAILS]
      Candidate choice=3 inlier=30 | RotErr = 1.6434 rad (94.1616 deg) | TransErr = 7.11 mm [FAILS]
    Alternative Pair with Shard 30 (NOT ACTIVE IN TREE):
      Candidate choice=1 inlier=30 | RotErr = 1.2778 rad (73.2153 deg) | TransErr = 44.38 mm [FAILS]
      Candidate choice=2 inlier=30 | RotErr = 1.3315 rad (76.2869 deg) | TransErr = 46.19 mm [FAILS]
      Candidate choice=3 inlier=36 | RotErr = 2.9636 rad (169.8034 deg) | TransErr = 57.47 mm [FAILS]
      Candidate choice=4 inlier=26 | RotErr = 1.2101 rad (69.3333 deg) | TransErr = 38.67 mm [FAILS]
    Alternative Pair with Shard 5 (NOT ACTIVE IN TREE):
      [No match candidates found]
    Alternative Pair with Shard 7 (NOT ACTIVE IN TREE):
      Candidate choice=1 inlier=20 | RotErr = 2.7801 rad (159.2906 deg) | TransErr = 38.31 mm [FAILS]
      Candidate choice=2 inlier=18 | RotErr = 1.0100 rad (57.8659 deg) | TransErr = 125.06 mm [FAILS]
      Candidate choice=3 inlier=28 | RotErr = 2.8511 rad (163.3570 deg) | TransErr = 48.53 mm [FAILS]
      Candidate choice=4 inlier=14 | RotErr = 2.9064 rad (166.5222 deg) | TransErr = 48.04 mm [FAILS]
    Alternative Pair with Shard 24 (NOT ACTIVE IN TREE):
      Candidate choice=1 inlier=44 | RotErr = 3.0325 rad (173.7481 deg) | TransErr = 51.54 mm [FAILS]
      Candidate choice=2 inlier=32 | RotErr = 2.6444 rad (151.5151 deg) | TransErr = 56.08 mm [FAILS]
      Candidate choice=3 inlier=38 | RotErr = 1.7166 rad (98.3536 deg) | TransErr = 13.16 mm [FAILS]
    Alternative Pair with Shard 3 (NOT ACTIVE IN TREE):
      Candidate choice=1 inlier=18 | RotErr = 2.8971 rad (165.9921 deg) | TransErr = 14.90 mm [FAILS]
      Candidate choice=2 inlier=42 | RotErr = 3.1237 rad (178.9740 deg) | TransErr = 37.53 mm [FAILS]
    Alternative Pair with Shard 2 (NOT ACTIVE IN TREE):
      Candidate choice=1 inlier=78 | RotErr = 0.1882 rad (10.7810 deg) | TransErr = 7.30 mm [PASSES] -> Reward: +20.00
      Candidate choice=2 inlier=26 | RotErr = 2.7678 rad (158.5809 deg) | TransErr = 53.05 mm [FAILS]
    Alternative Pair with Shard 10 (NOT ACTIVE IN TREE):
      Candidate choice=1 inlier=28 | RotErr = 0.9785 rad (56.0664 deg) | TransErr = 94.56 mm [FAILS]
      Candidate choice=2 inlier=16 | RotErr = 2.9483 rad (168.9239 deg) | TransErr = 52.52 mm [FAILS]
      Candidate choice=3 inlier=34 | RotErr = 3.0971 rad (177.4489 deg) | TransErr = 56.47 mm [FAILS]
    Alternative Pair with Shard 15 (NOT ACTIVE IN TREE):
      [No match candidates found]
    Alternative Pair with Shard 25 (NOT ACTIVE IN TREE):
      Candidate choice=1 inlier=32 | RotErr = 2.7834 rad (159.4792 deg) | TransErr = 36.59 mm [FAILS]
    Alternative Pair with Shard 26 (NOT ACTIVE IN TREE):
      [No match candidates found]
    Alternative Pair with Shard 27 (NOT ACTIVE IN TREE):
      Candidate choice=1 inlier=26 | RotErr = 2.3594 rad (135.1824 deg) | TransErr = 35.84 mm [FAILS]
    Alternative Pair with Shard 13 (NOT ACTIVE IN TREE):
      [No match candidates found]
    Alternative Pair with Shard 31 (NOT ACTIVE IN TREE):
      Candidate choice=1 inlier=20 | RotErr = 1.9363 rad (110.9424 deg) | TransErr = 8.46 mm [FAILS]
    Alternative Pair with Shard 12 (NOT ACTIVE IN TREE):
      [No match candidates found]
    Alternative Pair with Shard 22 (NOT ACTIVE IN TREE):
      Candidate choice=1 inlier=36 | RotErr = 1.7751 rad (101.7074 deg) | TransErr = 108.26 mm [FAILS]
      Candidate choice=2 inlier=24 | RotErr = 2.6107 rad (149.5812 deg) | TransErr = 78.44 mm [FAILS]
    Alternative Pair with Shard 28 (NOT ACTIVE IN TREE):
      [No match candidates found]
    Alternative Pair with Shard 16 (NOT ACTIVE IN TREE):
      Candidate choice=1 inlier=14 | RotErr = 2.7393 rad (156.9515 deg) | TransErr = 71.47 mm [FAILS]
      Candidate choice=2 inlier=0 | RotErr = 2.9717 rad (170.2668 deg) | TransErr = 174.78 mm [FAILS]
  Shard 6 (placed by parent 1):
    Alternative Pair with Shard 1 (ACTIVE IN TREE) [SKIPPED]
    Alternative Pair with Shard 4 (NOT ACTIVE IN TREE):
      [No match candidates found]
    Alternative Pair with Shard 19 (NOT ACTIVE IN TREE):
      Candidate choice=1 inlier=0 | RotErr = 2.0231 rad (115.9163 deg) | TransErr = 53.65 mm [FAILS]
      Candidate choice=2 inlier=0 | RotErr = 0.1470 rad (8.4207 deg) | TransErr = 101.34 mm [FAILS]
      Candidate choice=3 inlier=32 | RotErr = 0.9458 rad (54.1916 deg) | TransErr = 119.36 mm [FAILS]
    Alternative Pair with Shard 29 (NOT ACTIVE IN TREE):
      Candidate choice=1 inlier=30 | RotErr = 0.5897 rad (33.7855 deg) | TransErr = 14.03 mm [FAILS]
      Candidate choice=2 inlier=22 | RotErr = 1.4543 rad (83.3253 deg) | TransErr = 103.72 mm [FAILS]
      Candidate choice=3 inlier=32 | RotErr = 2.9637 rad (169.8049 deg) | TransErr = 78.99 mm [FAILS]
    Alternative Pair with Shard 9 (NOT ACTIVE IN TREE):
      Candidate choice=1 inlier=34 | RotErr = 2.8468 rad (163.1123 deg) | TransErr = 47.06 mm [FAILS]
      Candidate choice=2 inlier=18 | RotErr = 2.8961 rad (165.9355 deg) | TransErr = 38.63 mm [FAILS]
      Candidate choice=3 inlier=30 | RotErr = 3.0226 rad (173.1837 deg) | TransErr = 32.40 mm [FAILS]
    Alternative Pair with Shard 18 (NOT ACTIVE IN TREE):
      [No match candidates found]
    Alternative Pair with Shard 20 (NOT ACTIVE IN TREE):
      Candidate choice=1 inlier=30 | RotErr = 2.5313 rad (145.0329 deg) | TransErr = 32.89 mm [FAILS]
      Candidate choice=2 inlier=26 | RotErr = 3.0485 rad (174.6664 deg) | TransErr = 40.82 mm [FAILS]
    Alternative Pair with Shard 8 (ACTIVE IN TREE) [SKIPPED]
    Alternative Pair with Shard 14 (ACTIVE IN TREE) [SKIPPED]
    Alternative Pair with Shard 11 (NOT ACTIVE IN TREE):
      Candidate choice=1 inlier=40 | RotErr = 2.2812 rad (130.7015 deg) | TransErr = 78.13 mm [FAILS]
      Candidate choice=2 inlier=0 | RotErr = 2.9870 rad (171.1431 deg) | TransErr = 31.93 mm [FAILS]
      Candidate choice=3 inlier=20 | RotErr = 1.1808 rad (67.6568 deg) | TransErr = 122.31 mm [FAILS]
      Candidate choice=4 inlier=22 | RotErr = 0.6778 rad (38.8361 deg) | TransErr = 24.80 mm [FAILS]
    Alternative Pair with Shard 17 (NOT ACTIVE IN TREE):
      Candidate choice=1 inlier=20 | RotErr = 1.6507 rad (94.5805 deg) | TransErr = 41.58 mm [FAILS]
      Candidate choice=2 inlier=32 | RotErr = 1.7006 rad (97.4365 deg) | TransErr = 44.96 mm [FAILS]
      Candidate choice=3 inlier=6 | RotErr = 2.5396 rad (145.5108 deg) | TransErr = 54.74 mm [FAILS]
      Candidate choice=4 inlier=16 | RotErr = 2.4734 rad (141.7158 deg) | TransErr = 51.86 mm [FAILS]
    Alternative Pair with Shard 21 (NOT ACTIVE IN TREE):
      Candidate choice=1 inlier=40 | RotErr = 2.4202 rad (138.6648 deg) | TransErr = 38.28 mm [FAILS]
    Alternative Pair with Shard 23 (NOT ACTIVE IN TREE):
      Candidate choice=1 inlier=28 | RotErr = 2.7805 rad (159.3120 deg) | TransErr = 51.21 mm [FAILS]
      Candidate choice=2 inlier=0 | RotErr = 2.1987 rad (125.9744 deg) | TransErr = 38.72 mm [FAILS]
      Candidate choice=3 inlier=16 | RotErr = 1.9712 rad (112.9439 deg) | TransErr = 111.36 mm [FAILS]
    Alternative Pair with Shard 30 (NOT ACTIVE IN TREE):
      Candidate choice=1 inlier=30 | RotErr = 2.1146 rad (121.1550 deg) | TransErr = 46.22 mm [FAILS]
      Candidate choice=2 inlier=24 | RotErr = 2.9785 rad (170.6537 deg) | TransErr = 88.68 mm [FAILS]
      Candidate choice=3 inlier=28 | RotErr = 1.6297 rad (93.3743 deg) | TransErr = 113.81 mm [FAILS]
    Alternative Pair with Shard 5 (NOT ACTIVE IN TREE):
      Candidate choice=1 inlier=2 | RotErr = 1.0990 rad (62.9704 deg) | TransErr = 121.17 mm [FAILS]
      Candidate choice=2 inlier=30 | RotErr = 3.1002 rad (177.6267 deg) | TransErr = 187.60 mm [FAILS]
      Candidate choice=3 inlier=0 | RotErr = 3.0609 rad (175.3743 deg) | TransErr = 12.67 mm [FAILS]
      Candidate choice=4 inlier=0 | RotErr = 2.9450 rad (168.7389 deg) | TransErr = 6.77 mm [FAILS]
    Alternative Pair with Shard 7 (NOT ACTIVE IN TREE):
      Candidate choice=1 inlier=10 | RotErr = 2.8510 rad (163.3518 deg) | TransErr = 105.05 mm [FAILS]
      Candidate choice=2 inlier=36 | RotErr = 2.8765 rad (164.8116 deg) | TransErr = 75.92 mm [FAILS]
      Candidate choice=3 inlier=14 | RotErr = 2.8625 rad (164.0086 deg) | TransErr = 100.41 mm [FAILS]
      Candidate choice=4 inlier=22 | RotErr = 2.6907 rad (154.1638 deg) | TransErr = 161.12 mm [FAILS]
      Candidate choice=5 inlier=42 | RotErr = 0.5794 rad (33.1966 deg) | TransErr = 40.15 mm [FAILS]
    Alternative Pair with Shard 24 (NOT ACTIVE IN TREE):
      Candidate choice=1 inlier=32 | RotErr = 0.9760 rad (55.9227 deg) | TransErr = 15.07 mm [FAILS]
    Alternative Pair with Shard 3 (NOT ACTIVE IN TREE):
      Candidate choice=1 inlier=46 | RotErr = 2.4124 rad (138.2228 deg) | TransErr = 28.65 mm [FAILS]
      Candidate choice=2 inlier=20 | RotErr = 1.0567 rad (60.5472 deg) | TransErr = 23.87 mm [FAILS]
      Candidate choice=3 inlier=42 | RotErr = 1.5187 rad (87.0145 deg) | TransErr = 34.37 mm [FAILS]
    Alternative Pair with Shard 2 (NOT ACTIVE IN TREE):
      Candidate choice=1 inlier=28 | RotErr = 0.8520 rad (48.8148 deg) | TransErr = 16.68 mm [FAILS]
    Alternative Pair with Shard 10 (NOT ACTIVE IN TREE):
      Candidate choice=1 inlier=26 | RotErr = 2.8439 rad (162.9433 deg) | TransErr = 45.25 mm [FAILS]
      Candidate choice=2 inlier=0 | RotErr = 2.7415 rad (157.0739 deg) | TransErr = 42.32 mm [FAILS]
      Candidate choice=3 inlier=12 | RotErr = 3.1133 rad (178.3808 deg) | TransErr = 182.01 mm [FAILS]
    Alternative Pair with Shard 15 (NOT ACTIVE IN TREE):
      Candidate choice=1 inlier=0 | RotErr = 3.0531 rad (174.9285 deg) | TransErr = 87.50 mm [FAILS]
      Candidate choice=2 inlier=20 | RotErr = 2.8635 rad (164.0688 deg) | TransErr = 41.48 mm [FAILS]
    Alternative Pair with Shard 25 (NOT ACTIVE IN TREE):
      Candidate choice=1 inlier=26 | RotErr = 1.5015 rad (86.0286 deg) | TransErr = 42.36 mm [FAILS]
    Alternative Pair with Shard 26 (NOT ACTIVE IN TREE):
      [No match candidates found]
    Alternative Pair with Shard 27 (NOT ACTIVE IN TREE):
      [No match candidates found]
    Alternative Pair with Shard 13 (NOT ACTIVE IN TREE):
      Candidate choice=1 inlier=12 | RotErr = 1.5803 rad (90.5433 deg) | TransErr = 13.87 mm [FAILS]
    Alternative Pair with Shard 31 (NOT ACTIVE IN TREE):
      Candidate choice=1 inlier=45 | RotErr = 2.9095 rad (166.7001 deg) | TransErr = 27.83 mm [FAILS]
    Alternative Pair with Shard 12 (NOT ACTIVE IN TREE):
      Candidate choice=1 inlier=26 | RotErr = 2.5237 rad (144.5959 deg) | TransErr = 157.63 mm [FAILS]
      Candidate choice=2 inlier=32 | RotErr = 2.6971 rad (154.5329 deg) | TransErr = 170.83 mm [FAILS]
      Candidate choice=3 inlier=12 | RotErr = 2.9602 rad (169.6064 deg) | TransErr = 54.94 mm [FAILS]
      Candidate choice=4 inlier=20 | RotErr = 2.6086 rad (149.4606 deg) | TransErr = 195.21 mm [FAILS]
      Candidate choice=5 inlier=34 | RotErr = 3.1311 rad (179.3993 deg) | TransErr = 223.37 mm [FAILS]
      Candidate choice=6 inlier=28 | RotErr = 2.0186 rad (115.6592 deg) | TransErr = 32.16 mm [FAILS]
    Alternative Pair with Shard 22 (NOT ACTIVE IN TREE):
      Candidate choice=1 inlier=36 | RotErr = 2.2419 rad (128.4514 deg) | TransErr = 132.93 mm [FAILS]
      Candidate choice=2 inlier=22 | RotErr = 2.8517 rad (163.3912 deg) | TransErr = 156.31 mm [FAILS]
    Alternative Pair with Shard 28 (NOT ACTIVE IN TREE):
      Candidate choice=1 inlier=49 | RotErr = 2.6359 rad (151.0263 deg) | TransErr = 32.69 mm [FAILS]
      Candidate choice=2 inlier=0 | RotErr = 3.0163 rad (172.8234 deg) | TransErr = 35.89 mm [FAILS]
      Candidate choice=3 inlier=30 | RotErr = 3.1333 rad (179.5255 deg) | TransErr = 108.20 mm [FAILS]
    Alternative Pair with Shard 16 (NOT ACTIVE IN TREE):
      Candidate choice=1 inlier=34 | RotErr = 3.1033 rad (177.8060 deg) | TransErr = 99.92 mm [FAILS]
      Candidate choice=2 inlier=22 | RotErr = 2.8222 rad (161.7014 deg) | TransErr = 188.57 mm [FAILS]
  Shard 19 (placed by parent 1):
    Alternative Pair with Shard 1 (ACTIVE IN TREE) [SKIPPED]
    Alternative Pair with Shard 4 (NOT ACTIVE IN TREE):
      Candidate choice=1 inlier=36 | RotErr = 0.4887 rad (28.0018 deg) | TransErr = 8.42 mm [FAILS]
      Candidate choice=2 inlier=22 | RotErr = 3.0373 rad (174.0240 deg) | TransErr = 28.26 mm [FAILS]
    Alternative Pair with Shard 6 (NOT ACTIVE IN TREE):
      Candidate choice=1 inlier=0 | RotErr = 2.0231 rad (115.9163 deg) | TransErr = 53.65 mm [FAILS]
      Candidate choice=2 inlier=0 | RotErr = 0.1470 rad (8.4207 deg) | TransErr = 101.34 mm [FAILS]
      Candidate choice=3 inlier=32 | RotErr = 0.9458 rad (54.1916 deg) | TransErr = 119.36 mm [FAILS]
    Alternative Pair with Shard 29 (NOT ACTIVE IN TREE):
      Candidate choice=1 inlier=20 | RotErr = 2.1160 rad (121.2382 deg) | TransErr = 9.61 mm [FAILS]
    Alternative Pair with Shard 9 (NOT ACTIVE IN TREE):
      Candidate choice=1 inlier=46 | RotErr = 0.8891 rad (50.9404 deg) | TransErr = 4.88 mm [FAILS]
      Candidate choice=2 inlier=55 | RotErr = 0.4375 rad (25.0690 deg) | TransErr = 12.04 mm [FAILS]
      Candidate choice=3 inlier=36 | RotErr = 0.3422 rad (19.6042 deg) | TransErr = 18.04 mm [FAILS]
    Alternative Pair with Shard 18 (NOT ACTIVE IN TREE):
      [No match candidates found]
    Alternative Pair with Shard 20 (NOT ACTIVE IN TREE):
      Candidate choice=1 inlier=34 | RotErr = 1.2979 rad (74.3667 deg) | TransErr = 46.06 mm [FAILS]
    Alternative Pair with Shard 8 (NOT ACTIVE IN TREE):
      Candidate choice=1 inlier=30 | RotErr = 1.6381 rad (93.8546 deg) | TransErr = 60.77 mm [FAILS]
      Candidate choice=2 inlier=28 | RotErr = 2.2150 rad (126.9076 deg) | TransErr = 143.84 mm [FAILS]
      Candidate choice=3 inlier=40 | RotErr = 2.9540 rad (169.2489 deg) | TransErr = 14.86 mm [FAILS]
    Alternative Pair with Shard 14 (NOT ACTIVE IN TREE):
      Candidate choice=1 inlier=34 | RotErr = 1.4852 rad (85.0971 deg) | TransErr = 8.97 mm [FAILS]
      Candidate choice=2 inlier=40 | RotErr = 2.3678 rad (135.6634 deg) | TransErr = 11.18 mm [FAILS]
    Alternative Pair with Shard 11 (ACTIVE IN TREE) [SKIPPED]
    Alternative Pair with Shard 17 (NOT ACTIVE IN TREE):
      Candidate choice=1 inlier=32 | RotErr = 2.1006 rad (120.3551 deg) | TransErr = 48.00 mm [FAILS]
      Candidate choice=2 inlier=30 | RotErr = 2.3509 rad (134.6988 deg) | TransErr = 40.07 mm [FAILS]
      Candidate choice=3 inlier=16 | RotErr = 2.9126 rad (166.8811 deg) | TransErr = 13.13 mm [FAILS]
    Alternative Pair with Shard 21 (NOT ACTIVE IN TREE):
      Candidate choice=1 inlier=26 | RotErr = 2.6419 rad (151.3670 deg) | TransErr = 25.62 mm [FAILS]
      Candidate choice=2 inlier=8 | RotErr = 1.7813 rad (102.0590 deg) | TransErr = 31.84 mm [FAILS]
      Candidate choice=3 inlier=55 | RotErr = 2.9200 rad (167.3055 deg) | TransErr = 59.33 mm [FAILS]
    Alternative Pair with Shard 23 (NOT ACTIVE IN TREE):
      [No match candidates found]
    Alternative Pair with Shard 30 (NOT ACTIVE IN TREE):
      Candidate choice=1 inlier=34 | RotErr = 2.6813 rad (153.6269 deg) | TransErr = 52.53 mm [FAILS]
      Candidate choice=2 inlier=0 | RotErr = 2.8539 rad (163.5149 deg) | TransErr = 49.70 mm [FAILS]
      Candidate choice=3 inlier=32 | RotErr = 3.0811 rad (176.5335 deg) | TransErr = 49.25 mm [FAILS]
      Candidate choice=4 inlier=34 | RotErr = 1.5266 rad (87.4689 deg) | TransErr = 54.53 mm [FAILS]
    Alternative Pair with Shard 5 (NOT ACTIVE IN TREE):
      Candidate choice=1 inlier=26 | RotErr = 2.9231 rad (167.4836 deg) | TransErr = 161.76 mm [FAILS]
      Candidate choice=2 inlier=30 | RotErr = 2.2309 rad (127.8233 deg) | TransErr = 29.45 mm [FAILS]
      Candidate choice=3 inlier=42 | RotErr = 2.4472 rad (140.2160 deg) | TransErr = 25.82 mm [FAILS]
    Alternative Pair with Shard 7 (NOT ACTIVE IN TREE):
      Candidate choice=1 inlier=36 | RotErr = 2.7438 rad (157.2094 deg) | TransErr = 68.78 mm [FAILS]
      Candidate choice=2 inlier=30 | RotErr = 2.8854 rad (165.3208 deg) | TransErr = 51.67 mm [FAILS]
    Alternative Pair with Shard 24 (NOT ACTIVE IN TREE):
      Candidate choice=1 inlier=32 | RotErr = 2.9292 rad (167.8330 deg) | TransErr = 36.60 mm [FAILS]
      Candidate choice=2 inlier=51 | RotErr = 2.6644 rad (152.6561 deg) | TransErr = 68.64 mm [FAILS]
    Alternative Pair with Shard 3 (NOT ACTIVE IN TREE):
      Candidate choice=1 inlier=30 | RotErr = 2.7840 rad (159.5101 deg) | TransErr = 41.22 mm [FAILS]
      Candidate choice=2 inlier=46 | RotErr = 2.5859 rad (148.1604 deg) | TransErr = 51.34 mm [FAILS]
      Candidate choice=3 inlier=34 | RotErr = 2.8442 rad (162.9623 deg) | TransErr = 39.61 mm [FAILS]
    Alternative Pair with Shard 2 (NOT ACTIVE IN TREE):
      Candidate choice=1 inlier=24 | RotErr = 2.9816 rad (170.8309 deg) | TransErr = 50.56 mm [FAILS]
      Candidate choice=2 inlier=24 | RotErr = 3.1100 rad (178.1871 deg) | TransErr = 36.95 mm [FAILS]
      Candidate choice=3 inlier=26 | RotErr = 3.1154 rad (178.5020 deg) | TransErr = 52.81 mm [FAILS]
      Candidate choice=4 inlier=50 | RotErr = 1.3347 rad (76.4718 deg) | TransErr = 8.66 mm [FAILS]
      Candidate choice=5 inlier=38 | RotErr = 1.9011 rad (108.9239 deg) | TransErr = 14.32 mm [FAILS]
      Candidate choice=6 inlier=36 | RotErr = 2.3220 rad (133.0384 deg) | TransErr = 11.61 mm [FAILS]
    Alternative Pair with Shard 10 (NOT ACTIVE IN TREE):
      Candidate choice=1 inlier=28 | RotErr = 1.5663 rad (89.7398 deg) | TransErr = 125.96 mm [FAILS]
    Alternative Pair with Shard 15 (NOT ACTIVE IN TREE):
      Candidate choice=1 inlier=12 | RotErr = 2.9337 rad (168.0909 deg) | TransErr = 53.57 mm [FAILS]
    Alternative Pair with Shard 25 (NOT ACTIVE IN TREE):
      [No match candidates found]
    Alternative Pair with Shard 26 (NOT ACTIVE IN TREE):
      Candidate choice=1 inlier=26 | RotErr = 2.8815 rad (165.0959 deg) | TransErr = 24.89 mm [FAILS]
    Alternative Pair with Shard 27 (NOT ACTIVE IN TREE):
      Candidate choice=1 inlier=32 | RotErr = 2.9857 rad (171.0686 deg) | TransErr = 27.45 mm [FAILS]
      Candidate choice=2 inlier=10 | RotErr = 2.9682 rad (170.0664 deg) | TransErr = 25.74 mm [FAILS]
    Alternative Pair with Shard 13 (NOT ACTIVE IN TREE):
      Candidate choice=1 inlier=30 | RotErr = 0.8561 rad (49.0524 deg) | TransErr = 122.17 mm [FAILS]
      Candidate choice=2 inlier=18 | RotErr = 0.9189 rad (52.6509 deg) | TransErr = 36.27 mm [FAILS]
      Candidate choice=3 inlier=0 | RotErr = 3.1183 rad (178.6636 deg) | TransErr = 82.36 mm [FAILS]
      Candidate choice=4 inlier=52 | RotErr = 2.4384 rad (139.7094 deg) | TransErr = 26.11 mm [FAILS]
      Candidate choice=5 inlier=40 | RotErr = 2.3872 rad (136.7767 deg) | TransErr = 40.47 mm [FAILS]
    Alternative Pair with Shard 31 (NOT ACTIVE IN TREE):
      [No match candidates found]
    Alternative Pair with Shard 12 (NOT ACTIVE IN TREE):
      Candidate choice=1 inlier=20 | RotErr = 0.4963 rad (28.4346 deg) | TransErr = 190.44 mm [FAILS]
    Alternative Pair with Shard 22 (NOT ACTIVE IN TREE):
      Candidate choice=1 inlier=26 | RotErr = 1.5579 rad (89.2614 deg) | TransErr = 45.19 mm [FAILS]
      Candidate choice=2 inlier=32 | RotErr = 2.9490 rad (168.9652 deg) | TransErr = 88.28 mm [FAILS]
    Alternative Pair with Shard 28 (NOT ACTIVE IN TREE):
      Candidate choice=1 inlier=16 | RotErr = 1.3383 rad (76.6766 deg) | TransErr = 39.76 mm [FAILS]
    Alternative Pair with Shard 16 (NOT ACTIVE IN TREE):
      Candidate choice=1 inlier=16 | RotErr = 3.0156 rad (172.7799 deg) | TransErr = 71.68 mm [FAILS]
      Candidate choice=2 inlier=26 | RotErr = 2.8646 rad (164.1285 deg) | TransErr = 107.61 mm [FAILS]
      Candidate choice=3 inlier=26 | RotErr = 0.9618 rad (55.1098 deg) | TransErr = 169.78 mm [FAILS]
      Candidate choice=4 inlier=30 | RotErr = 1.6810 rad (96.3131 deg) | TransErr = 64.77 mm [FAILS]
  Shard 29 (placed by parent 1):
    Alternative Pair with Shard 1 (ACTIVE IN TREE) [SKIPPED]
    Alternative Pair with Shard 4 (NOT ACTIVE IN TREE):
      [No match candidates found]
    Alternative Pair with Shard 6 (NOT ACTIVE IN TREE):
      Candidate choice=1 inlier=30 | RotErr = 0.5897 rad (33.7855 deg) | TransErr = 14.03 mm [FAILS]
      Candidate choice=2 inlier=22 | RotErr = 1.4543 rad (83.3253 deg) | TransErr = 103.72 mm [FAILS]
      Candidate choice=3 inlier=32 | RotErr = 2.9637 rad (169.8049 deg) | TransErr = 78.99 mm [FAILS]
    Alternative Pair with Shard 19 (NOT ACTIVE IN TREE):
      Candidate choice=1 inlier=20 | RotErr = 2.1160 rad (121.2382 deg) | TransErr = 9.61 mm [FAILS]
    Alternative Pair with Shard 9 (NOT ACTIVE IN TREE):
      Candidate choice=1 inlier=32 | RotErr = 2.6758 rad (153.3109 deg) | TransErr = 40.42 mm [FAILS]
    Alternative Pair with Shard 18 (NOT ACTIVE IN TREE):
      [No match candidates found]
    Alternative Pair with Shard 20 (NOT ACTIVE IN TREE):
      [No match candidates found]
    Alternative Pair with Shard 8 (NOT ACTIVE IN TREE):
      Candidate choice=1 inlier=20 | RotErr = 0.3223 rad (18.4669 deg) | TransErr = 100.81 mm [FAILS]
      Candidate choice=2 inlier=16 | RotErr = 3.0136 rad (172.6649 deg) | TransErr = 104.83 mm [FAILS]
      Candidate choice=3 inlier=20 | RotErr = 2.7781 rad (159.1740 deg) | TransErr = 88.24 mm [FAILS]
    Alternative Pair with Shard 14 (NOT ACTIVE IN TREE):
      [No match candidates found]
    Alternative Pair with Shard 11 (NOT ACTIVE IN TREE):
      [No match candidates found]
    Alternative Pair with Shard 17 (NOT ACTIVE IN TREE):
      Candidate choice=1 inlier=28 | RotErr = 1.8043 rad (103.3815 deg) | TransErr = 28.78 mm [FAILS]
    Alternative Pair with Shard 21 (NOT ACTIVE IN TREE):
      [No match candidates found]
    Alternative Pair with Shard 23 (NOT ACTIVE IN TREE):
      [No match candidates found]
    Alternative Pair with Shard 30 (NOT ACTIVE IN TREE):
      [No match candidates found]
    Alternative Pair with Shard 5 (NOT ACTIVE IN TREE):
      Candidate choice=1 inlier=34 | RotErr = 1.7079 rad (97.8571 deg) | TransErr = 9.13 mm [FAILS]
    Alternative Pair with Shard 7 (NOT ACTIVE IN TREE):
      Candidate choice=1 inlier=30 | RotErr = 0.8472 rad (48.5419 deg) | TransErr = 127.24 mm [FAILS]
      Candidate choice=2 inlier=18 | RotErr = 0.4721 rad (27.0518 deg) | TransErr = 93.85 mm [FAILS]
    Alternative Pair with Shard 24 (NOT ACTIVE IN TREE):
      [No match candidates found]
    Alternative Pair with Shard 3 (NOT ACTIVE IN TREE):
      [No match candidates found]
    Alternative Pair with Shard 2 (NOT ACTIVE IN TREE):
      Candidate choice=1 inlier=30 | RotErr = 3.0771 rad (176.3072 deg) | TransErr = 46.80 mm [FAILS]
    Alternative Pair with Shard 10 (NOT ACTIVE IN TREE):
      Candidate choice=1 inlier=39 | RotErr = 3.0267 rad (173.4193 deg) | TransErr = 74.21 mm [FAILS]
      Candidate choice=2 inlier=32 | RotErr = 3.0695 rad (175.8680 deg) | TransErr = 61.79 mm [FAILS]
      Candidate choice=3 inlier=24 | RotErr = 0.7717 rad (44.2161 deg) | TransErr = 83.18 mm [FAILS]
    Alternative Pair with Shard 15 (NOT ACTIVE IN TREE):
      [No match candidates found]
    Alternative Pair with Shard 25 (NOT ACTIVE IN TREE):
      [No match candidates found]
    Alternative Pair with Shard 26 (NOT ACTIVE IN TREE):
      [No match candidates found]
    Alternative Pair with Shard 27 (NOT ACTIVE IN TREE):
      [No match candidates found]
    Alternative Pair with Shard 13 (NOT ACTIVE IN TREE):
      Candidate choice=1 inlier=36 | RotErr = 3.1120 rad (178.3023 deg) | TransErr = 66.05 mm [FAILS]
    Alternative Pair with Shard 31 (NOT ACTIVE IN TREE):
      [No match candidates found]
    Alternative Pair with Shard 12 (NOT ACTIVE IN TREE):
      Candidate choice=1 inlier=26 | RotErr = 3.0732 rad (176.0803 deg) | TransErr = 109.99 mm [FAILS]
      Candidate choice=2 inlier=36 | RotErr = 3.0378 rad (174.0515 deg) | TransErr = 167.23 mm [FAILS]
      Candidate choice=3 inlier=22 | RotErr = 2.9458 rad (168.7826 deg) | TransErr = 138.22 mm [FAILS]
    Alternative Pair with Shard 22 (NOT ACTIVE IN TREE):
      Candidate choice=1 inlier=34 | RotErr = 3.1074 rad (178.0433 deg) | TransErr = 92.10 mm [FAILS]
    Alternative Pair with Shard 28 (NOT ACTIVE IN TREE):
      [No match candidates found]
    Alternative Pair with Shard 16 (NOT ACTIVE IN TREE):
      Candidate choice=1 inlier=28 | RotErr = 1.8529 rad (106.1618 deg) | TransErr = 171.80 mm [FAILS]
      Candidate choice=2 inlier=32 | RotErr = 3.0839 rad (176.6919 deg) | TransErr = 107.23 mm [FAILS]
      Candidate choice=3 inlier=22 | RotErr = 3.0593 rad (175.2825 deg) | TransErr = 130.76 mm [FAILS]
  Shard 9 (placed by parent 4):
    Alternative Pair with Shard 1 (NOT ACTIVE IN TREE):
      Candidate choice=1 inlier=44 | RotErr = 2.3458 rad (134.4062 deg) | TransErr = 16.77 mm [FAILS]
      Candidate choice=2 inlier=63 | RotErr = 1.3829 rad (79.2361 deg) | TransErr = 29.99 mm [FAILS]
      Candidate choice=3 inlier=42 | RotErr = 0.8939 rad (51.2188 deg) | TransErr = 18.43 mm [FAILS]
      Candidate choice=4 inlier=48 | RotErr = 1.1917 rad (68.2808 deg) | TransErr = 12.47 mm [FAILS]
    Alternative Pair with Shard 4 (ACTIVE IN TREE) [SKIPPED]
    Alternative Pair with Shard 6 (NOT ACTIVE IN TREE):
      Candidate choice=1 inlier=34 | RotErr = 2.8468 rad (163.1123 deg) | TransErr = 47.06 mm [FAILS]
      Candidate choice=2 inlier=18 | RotErr = 2.8961 rad (165.9355 deg) | TransErr = 38.63 mm [FAILS]
      Candidate choice=3 inlier=30 | RotErr = 3.0226 rad (173.1837 deg) | TransErr = 32.40 mm [FAILS]
    Alternative Pair with Shard 19 (NOT ACTIVE IN TREE):
      Candidate choice=1 inlier=46 | RotErr = 0.8891 rad (50.9404 deg) | TransErr = 4.88 mm [FAILS]
      Candidate choice=2 inlier=55 | RotErr = 0.4375 rad (25.0690 deg) | TransErr = 12.04 mm [FAILS]
      Candidate choice=3 inlier=36 | RotErr = 0.3422 rad (19.6042 deg) | TransErr = 18.04 mm [FAILS]
    Alternative Pair with Shard 29 (NOT ACTIVE IN TREE):
      Candidate choice=1 inlier=32 | RotErr = 2.6758 rad (153.3109 deg) | TransErr = 40.42 mm [FAILS]
    Alternative Pair with Shard 18 (NOT ACTIVE IN TREE):
      [No match candidates found]
    Alternative Pair with Shard 20 (NOT ACTIVE IN TREE):
      Candidate choice=1 inlier=18 | RotErr = 2.5430 rad (145.7005 deg) | TransErr = 12.24 mm [FAILS]
      Candidate choice=2 inlier=40 | RotErr = 1.3161 rad (75.4080 deg) | TransErr = 26.07 mm [FAILS]
      Candidate choice=3 inlier=20 | RotErr = 1.5882 rad (90.9982 deg) | TransErr = 53.85 mm [FAILS]
      Candidate choice=4 inlier=32 | RotErr = 0.9969 rad (57.1194 deg) | TransErr = 20.49 mm [FAILS]
      Candidate choice=5 inlier=34 | RotErr = 0.5379 rad (30.8201 deg) | TransErr = 17.82 mm [FAILS]
    Alternative Pair with Shard 8 (NOT ACTIVE IN TREE):
      Candidate choice=1 inlier=30 | RotErr = 2.8968 rad (165.9724 deg) | TransErr = 31.49 mm [FAILS]
      Candidate choice=2 inlier=30 | RotErr = 2.1838 rad (125.1235 deg) | TransErr = 150.81 mm [FAILS]
      Candidate choice=3 inlier=2 | RotErr = 2.6299 rad (150.6833 deg) | TransErr = 120.64 mm [FAILS]
      Candidate choice=4 inlier=18 | RotErr = 2.5835 rad (148.0261 deg) | TransErr = 128.37 mm [FAILS]
    Alternative Pair with Shard 14 (NOT ACTIVE IN TREE):
      Candidate choice=1 inlier=64 | RotErr = 2.4303 rad (139.2483 deg) | TransErr = 24.80 mm [FAILS]
      Candidate choice=2 inlier=60 | RotErr = 2.9710 rad (170.2248 deg) | TransErr = 59.18 mm [FAILS]
      Candidate choice=3 inlier=26 | RotErr = 1.9132 rad (109.6184 deg) | TransErr = 32.87 mm [FAILS]
      Candidate choice=4 inlier=34 | RotErr = 1.9849 rad (113.7253 deg) | TransErr = 25.24 mm [FAILS]
      Candidate choice=5 inlier=22 | RotErr = 2.4961 rad (143.0148 deg) | TransErr = 20.68 mm [FAILS]
    Alternative Pair with Shard 11 (NOT ACTIVE IN TREE):
      Candidate choice=1 inlier=48 | RotErr = 0.3370 rad (19.3092 deg) | TransErr = 7.29 mm [FAILS]
      Candidate choice=2 inlier=42 | RotErr = 0.3631 rad (20.8021 deg) | TransErr = 11.21 mm [FAILS]
      Candidate choice=3 inlier=32 | RotErr = 0.7035 rad (40.3103 deg) | TransErr = 13.32 mm [FAILS]
    Alternative Pair with Shard 17 (NOT ACTIVE IN TREE):
      Candidate choice=1 inlier=26 | RotErr = 2.8449 rad (163.0017 deg) | TransErr = 24.38 mm [FAILS]
      Candidate choice=2 inlier=22 | RotErr = 1.4077 rad (80.6555 deg) | TransErr = 26.60 mm [FAILS]
      Candidate choice=3 inlier=38 | RotErr = 2.5149 rad (144.0951 deg) | TransErr = 36.26 mm [FAILS]
      Candidate choice=4 inlier=60 | RotErr = 2.5223 rad (144.5175 deg) | TransErr = 43.07 mm [FAILS]
    Alternative Pair with Shard 21 (NOT ACTIVE IN TREE):
      Candidate choice=1 inlier=24 | RotErr = 2.2806 rad (130.6687 deg) | TransErr = 36.43 mm [FAILS]
      Candidate choice=2 inlier=28 | RotErr = 2.4292 rad (139.1817 deg) | TransErr = 31.79 mm [FAILS]
      Candidate choice=3 inlier=38 | RotErr = 2.5103 rad (143.8323 deg) | TransErr = 25.26 mm [FAILS]
    Alternative Pair with Shard 23 (NOT ACTIVE IN TREE):
      Candidate choice=1 inlier=49 | RotErr = 1.9490 rad (111.6723 deg) | TransErr = 15.68 mm [FAILS]
      Candidate choice=2 inlier=24 | RotErr = 0.5924 rad (33.9413 deg) | TransErr = 20.87 mm [FAILS]
    Alternative Pair with Shard 30 (NOT ACTIVE IN TREE):
      Candidate choice=1 inlier=32 | RotErr = 2.8054 rad (160.7362 deg) | TransErr = 50.69 mm [FAILS]
      Candidate choice=2 inlier=28 | RotErr = 2.2497 rad (128.8985 deg) | TransErr = 40.94 mm [FAILS]
    Alternative Pair with Shard 5 (NOT ACTIVE IN TREE):
      Candidate choice=1 inlier=0 | RotErr = 2.5164 rad (144.1787 deg) | TransErr = 133.61 mm [FAILS]
      Candidate choice=2 inlier=0 | RotErr = 2.6670 rad (152.8077 deg) | TransErr = 122.89 mm [FAILS]
      Candidate choice=3 inlier=24 | RotErr = 2.5920 rad (148.5106 deg) | TransErr = 81.28 mm [FAILS]
    Alternative Pair with Shard 7 (NOT ACTIVE IN TREE):
      Candidate choice=1 inlier=24 | RotErr = 2.8917 rad (165.6829 deg) | TransErr = 68.78 mm [FAILS]
    Alternative Pair with Shard 24 (NOT ACTIVE IN TREE):
      Candidate choice=1 inlier=42 | RotErr = 3.0630 rad (175.4979 deg) | TransErr = 22.03 mm [FAILS]
      Candidate choice=2 inlier=53 | RotErr = 2.5525 rad (146.2474 deg) | TransErr = 26.14 mm [FAILS]
      Candidate choice=3 inlier=49 | RotErr = 2.3529 rad (134.8095 deg) | TransErr = 22.09 mm [FAILS]
    Alternative Pair with Shard 3 (NOT ACTIVE IN TREE):
      Candidate choice=1 inlier=59 | RotErr = 2.7021 rad (154.8214 deg) | TransErr = 16.30 mm [FAILS]
    Alternative Pair with Shard 2 (NOT ACTIVE IN TREE):
      Candidate choice=1 inlier=32 | RotErr = 1.4471 rad (82.9119 deg) | TransErr = 26.81 mm [FAILS]
      Candidate choice=2 inlier=48 | RotErr = 3.1314 rad (179.4183 deg) | TransErr = 60.37 mm [FAILS]
      Candidate choice=3 inlier=81 | RotErr = 3.0984 rad (177.5281 deg) | TransErr = 68.16 mm [FAILS]
      Candidate choice=4 inlier=72 | RotErr = 2.8852 rad (165.3089 deg) | TransErr = 59.83 mm [FAILS]
      Candidate choice=5 inlier=42 | RotErr = 2.6830 rad (153.7256 deg) | TransErr = 47.00 mm [FAILS]
    Alternative Pair with Shard 10 (NOT ACTIVE IN TREE):
      Candidate choice=1 inlier=10 | RotErr = 3.1201 rad (178.7683 deg) | TransErr = 14.81 mm [FAILS]
    Alternative Pair with Shard 15 (NOT ACTIVE IN TREE):
      Candidate choice=1 inlier=28 | RotErr = 2.5355 rad (145.2721 deg) | TransErr = 107.55 mm [FAILS]
      Candidate choice=2 inlier=14 | RotErr = 2.7680 rad (158.5965 deg) | TransErr = 80.20 mm [FAILS]
    Alternative Pair with Shard 25 (NOT ACTIVE IN TREE):
      [No match candidates found]
    Alternative Pair with Shard 26 (NOT ACTIVE IN TREE):
      [No match candidates found]
    Alternative Pair with Shard 27 (NOT ACTIVE IN TREE):
      [No match candidates found]
    Alternative Pair with Shard 13 (NOT ACTIVE IN TREE):
      Candidate choice=1 inlier=20 | RotErr = 0.7212 rad (41.3216 deg) | TransErr = 136.33 mm [FAILS]
    Alternative Pair with Shard 31 (NOT ACTIVE IN TREE):
      Candidate choice=1 inlier=18 | RotErr = 1.3612 rad (77.9924 deg) | TransErr = 15.92 mm [FAILS]
      Candidate choice=2 inlier=26 | RotErr = 1.8464 rad (105.7897 deg) | TransErr = 14.83 mm [FAILS]
    Alternative Pair with Shard 12 (NOT ACTIVE IN TREE):
      Candidate choice=1 inlier=40 | RotErr = 2.8211 rad (161.6385 deg) | TransErr = 67.40 mm [FAILS]
      Candidate choice=2 inlier=32 | RotErr = 2.8570 rad (163.6944 deg) | TransErr = 68.21 mm [FAILS]
    Alternative Pair with Shard 22 (NOT ACTIVE IN TREE):
      Candidate choice=1 inlier=34 | RotErr = 1.4641 rad (83.8868 deg) | TransErr = 141.19 mm [FAILS]
    Alternative Pair with Shard 28 (NOT ACTIVE IN TREE):
      Candidate choice=1 inlier=22 | RotErr = 2.7897 rad (159.8387 deg) | TransErr = 53.84 mm [FAILS]
      Candidate choice=2 inlier=32 | RotErr = 2.5320 rad (145.0709 deg) | TransErr = 23.52 mm [FAILS]
    Alternative Pair with Shard 16 (NOT ACTIVE IN TREE):
      [No match candidates found]
  Shard 18 (placed by parent 4):
    Alternative Pair with Shard 1 (NOT ACTIVE IN TREE):
      Candidate choice=1 inlier=8 | RotErr = 2.6542 rad (152.0762 deg) | TransErr = 119.69 mm [FAILS]
    Alternative Pair with Shard 4 (ACTIVE IN TREE) [SKIPPED]
    Alternative Pair with Shard 6 (NOT ACTIVE IN TREE):
      [No match candidates found]
    Alternative Pair with Shard 19 (NOT ACTIVE IN TREE):
      [No match candidates found]
    Alternative Pair with Shard 29 (NOT ACTIVE IN TREE):
      [No match candidates found]
    Alternative Pair with Shard 9 (NOT ACTIVE IN TREE):
      [No match candidates found]
    Alternative Pair with Shard 20 (NOT ACTIVE IN TREE):
      Candidate choice=1 inlier=0 | RotErr = 1.8364 rad (105.2186 deg) | TransErr = 88.16 mm [FAILS]
      Candidate choice=2 inlier=22 | RotErr = 0.6008 rad (34.4248 deg) | TransErr = 23.03 mm [FAILS]
      Candidate choice=3 inlier=28 | RotErr = 1.7273 rad (98.9691 deg) | TransErr = 15.14 mm [FAILS]
      Candidate choice=4 inlier=34 | RotErr = 0.9362 rad (53.6389 deg) | TransErr = 13.01 mm [FAILS]
    Alternative Pair with Shard 8 (NOT ACTIVE IN TREE):
      [No match candidates found]
    Alternative Pair with Shard 14 (NOT ACTIVE IN TREE):
      [No match candidates found]
    Alternative Pair with Shard 11 (NOT ACTIVE IN TREE):
      [No match candidates found]
    Alternative Pair with Shard 17 (ACTIVE IN TREE) [SKIPPED]
    Alternative Pair with Shard 21 (ACTIVE IN TREE) [SKIPPED]
    Alternative Pair with Shard 23 (ACTIVE IN TREE) [SKIPPED]
    Alternative Pair with Shard 30 (NOT ACTIVE IN TREE):
      [No match candidates found]
    Alternative Pair with Shard 5 (NOT ACTIVE IN TREE):
      [No match candidates found]
    Alternative Pair with Shard 7 (NOT ACTIVE IN TREE):
      Candidate choice=1 inlier=18 | RotErr = 3.0510 rad (174.8111 deg) | TransErr = 67.07 mm [FAILS]
      Candidate choice=2 inlier=16 | RotErr = 2.6963 rad (154.4844 deg) | TransErr = 53.09 mm [FAILS]
      Candidate choice=3 inlier=0 | RotErr = 2.9226 rad (167.4547 deg) | TransErr = 160.38 mm [FAILS]
    Alternative Pair with Shard 24 (NOT ACTIVE IN TREE):
      [No match candidates found]
    Alternative Pair with Shard 3 (NOT ACTIVE IN TREE):
      [No match candidates found]
    Alternative Pair with Shard 2 (NOT ACTIVE IN TREE):
      Candidate choice=1 inlier=30 | RotErr = 2.4256 rad (138.9778 deg) | TransErr = 4.79 mm [FAILS]
    Alternative Pair with Shard 10 (NOT ACTIVE IN TREE):
      Candidate choice=1 inlier=36 | RotErr = 2.9219 rad (167.4134 deg) | TransErr = 44.93 mm [FAILS]
      Candidate choice=2 inlier=24 | RotErr = 2.9041 rad (166.3940 deg) | TransErr = 47.14 mm [FAILS]
      Candidate choice=3 inlier=24 | RotErr = 2.7460 rad (157.3353 deg) | TransErr = 36.96 mm [FAILS]
      Candidate choice=4 inlier=0 | RotErr = 1.8701 rad (107.1482 deg) | TransErr = 218.70 mm [FAILS]
    Alternative Pair with Shard 15 (NOT ACTIVE IN TREE):
      [No match candidates found]
    Alternative Pair with Shard 25 (NOT ACTIVE IN TREE):
      [No match candidates found]
    Alternative Pair with Shard 26 (NOT ACTIVE IN TREE):
      [No match candidates found]
    Alternative Pair with Shard 27 (NOT ACTIVE IN TREE):
      [No match candidates found]
    Alternative Pair with Shard 13 (NOT ACTIVE IN TREE):
      Candidate choice=1 inlier=6 | RotErr = 2.7836 rad (159.4897 deg) | TransErr = 82.22 mm [FAILS]
    Alternative Pair with Shard 31 (NOT ACTIVE IN TREE):
      Candidate choice=1 inlier=8 | RotErr = 3.1135 rad (178.3890 deg) | TransErr = 97.55 mm [FAILS]
    Alternative Pair with Shard 12 (NOT ACTIVE IN TREE):
      [No match candidates found]
    Alternative Pair with Shard 22 (NOT ACTIVE IN TREE):
      [No match candidates found]
    Alternative Pair with Shard 28 (NOT ACTIVE IN TREE):
      [No match candidates found]
    Alternative Pair with Shard 16 (NOT ACTIVE IN TREE):
      Candidate choice=1 inlier=32 | RotErr = 2.7951 rad (160.1453 deg) | TransErr = 67.21 mm [FAILS]
  Shard 20 (placed by parent 4):
    Alternative Pair with Shard 1 (NOT ACTIVE IN TREE):
      Candidate choice=1 inlier=28 | RotErr = 2.1048 rad (120.5955 deg) | TransErr = 49.87 mm [FAILS]
      Candidate choice=2 inlier=32 | RotErr = 1.8990 rad (108.8067 deg) | TransErr = 54.46 mm [FAILS]
      Candidate choice=3 inlier=16 | RotErr = 1.5677 rad (89.8251 deg) | TransErr = 64.36 mm [FAILS]
      Candidate choice=4 inlier=26 | RotErr = 1.7258 rad (98.8805 deg) | TransErr = 40.42 mm [FAILS]
      Candidate choice=5 inlier=42 | RotErr = 2.8668 rad (164.2555 deg) | TransErr = 47.88 mm [FAILS]
    Alternative Pair with Shard 4 (ACTIVE IN TREE) [SKIPPED]
    Alternative Pair with Shard 6 (NOT ACTIVE IN TREE):
      Candidate choice=1 inlier=30 | RotErr = 2.5313 rad (145.0329 deg) | TransErr = 32.89 mm [FAILS]
      Candidate choice=2 inlier=26 | RotErr = 3.0485 rad (174.6664 deg) | TransErr = 40.82 mm [FAILS]
    Alternative Pair with Shard 19 (NOT ACTIVE IN TREE):
      Candidate choice=1 inlier=34 | RotErr = 1.2979 rad (74.3667 deg) | TransErr = 46.06 mm [FAILS]
    Alternative Pair with Shard 29 (NOT ACTIVE IN TREE):
      [No match candidates found]
    Alternative Pair with Shard 9 (NOT ACTIVE IN TREE):
      Candidate choice=1 inlier=18 | RotErr = 2.5430 rad (145.7005 deg) | TransErr = 12.24 mm [FAILS]
      Candidate choice=2 inlier=40 | RotErr = 1.3161 rad (75.4080 deg) | TransErr = 26.07 mm [FAILS]
      Candidate choice=3 inlier=20 | RotErr = 1.5882 rad (90.9982 deg) | TransErr = 53.85 mm [FAILS]
      Candidate choice=4 inlier=32 | RotErr = 0.9969 rad (57.1194 deg) | TransErr = 20.49 mm [FAILS]
      Candidate choice=5 inlier=34 | RotErr = 0.5379 rad (30.8201 deg) | TransErr = 17.82 mm [FAILS]
    Alternative Pair with Shard 18 (NOT ACTIVE IN TREE):
      Candidate choice=1 inlier=0 | RotErr = 1.8364 rad (105.2186 deg) | TransErr = 88.16 mm [FAILS]
      Candidate choice=2 inlier=22 | RotErr = 0.6008 rad (34.4248 deg) | TransErr = 23.03 mm [FAILS]
      Candidate choice=3 inlier=28 | RotErr = 1.7273 rad (98.9691 deg) | TransErr = 15.14 mm [FAILS]
      Candidate choice=4 inlier=34 | RotErr = 0.9362 rad (53.6389 deg) | TransErr = 13.01 mm [FAILS]
    Alternative Pair with Shard 8 (NOT ACTIVE IN TREE):
      [No match candidates found]
    Alternative Pair with Shard 14 (NOT ACTIVE IN TREE):
      Candidate choice=1 inlier=10 | RotErr = 3.0816 rad (176.5618 deg) | TransErr = 58.78 mm [FAILS]
    Alternative Pair with Shard 11 (NOT ACTIVE IN TREE):
      Candidate choice=1 inlier=34 | RotErr = 2.6688 rad (152.9124 deg) | TransErr = 50.28 mm [FAILS]
      Candidate choice=2 inlier=34 | RotErr = 1.2944 rad (74.1633 deg) | TransErr = 43.63 mm [FAILS]
    Alternative Pair with Shard 17 (NOT ACTIVE IN TREE):
      Candidate choice=1 inlier=0 | RotErr = 1.4201 rad (81.3681 deg) | TransErr = 22.87 mm [FAILS]
      Candidate choice=2 inlier=20 | RotErr = 1.7831 rad (102.1625 deg) | TransErr = 41.26 mm [FAILS]
      Candidate choice=3 inlier=34 | RotErr = 2.8490 rad (163.2332 deg) | TransErr = 27.36 mm [FAILS]
      Candidate choice=4 inlier=16 | RotErr = 1.4305 rad (81.9624 deg) | TransErr = 40.93 mm [FAILS]
      Candidate choice=5 inlier=30 | RotErr = 2.8520 rad (163.4093 deg) | TransErr = 30.29 mm [FAILS]
      Candidate choice=6 inlier=26 | RotErr = 2.5152 rad (144.1109 deg) | TransErr = 12.19 mm [FAILS]
    Alternative Pair with Shard 21 (NOT ACTIVE IN TREE):
      Candidate choice=1 inlier=28 | RotErr = 1.7603 rad (100.8552 deg) | TransErr = 6.16 mm [FAILS]
      Candidate choice=2 inlier=24 | RotErr = 2.4659 rad (141.2849 deg) | TransErr = 22.03 mm [FAILS]
      Candidate choice=3 inlier=38 | RotErr = 1.2654 rad (72.5014 deg) | TransErr = 32.73 mm [FAILS]
    Alternative Pair with Shard 23 (NOT ACTIVE IN TREE):
      Candidate choice=1 inlier=42 | RotErr = 1.6315 rad (93.4788 deg) | TransErr = 51.21 mm [FAILS]
    Alternative Pair with Shard 30 (ACTIVE IN TREE) [SKIPPED]
    Alternative Pair with Shard 5 (NOT ACTIVE IN TREE):
      [No match candidates found]
    Alternative Pair with Shard 7 (NOT ACTIVE IN TREE):
      Candidate choice=1 inlier=28 | RotErr = 2.0083 rad (115.0659 deg) | TransErr = 105.76 mm [FAILS]
      Candidate choice=2 inlier=24 | RotErr = 2.0600 rad (118.0274 deg) | TransErr = 87.54 mm [FAILS]
      Candidate choice=3 inlier=0 | RotErr = 2.9120 rad (166.8454 deg) | TransErr = 46.05 mm [FAILS]
    Alternative Pair with Shard 24 (NOT ACTIVE IN TREE):
      Candidate choice=1 inlier=22 | RotErr = 2.8103 rad (161.0170 deg) | TransErr = 40.29 mm [FAILS]
      Candidate choice=2 inlier=50 | RotErr = 2.3167 rad (132.7355 deg) | TransErr = 50.33 mm [FAILS]
      Candidate choice=3 inlier=38 | RotErr = 3.1191 rad (178.7129 deg) | TransErr = 42.86 mm [FAILS]
    Alternative Pair with Shard 3 (NOT ACTIVE IN TREE):
      Candidate choice=1 inlier=24 | RotErr = 1.1941 rad (68.4151 deg) | TransErr = 29.00 mm [FAILS]
      Candidate choice=2 inlier=28 | RotErr = 1.9214 rad (110.0872 deg) | TransErr = 17.91 mm [FAILS]
      Candidate choice=3 inlier=16 | RotErr = 2.6225 rad (150.2595 deg) | TransErr = 25.70 mm [FAILS]
      Candidate choice=4 inlier=26 | RotErr = 0.9203 rad (52.7309 deg) | TransErr = 19.32 mm [FAILS]
    Alternative Pair with Shard 2 (NOT ACTIVE IN TREE):
      Candidate choice=1 inlier=26 | RotErr = 2.8839 rad (165.2349 deg) | TransErr = 46.03 mm [FAILS]
      Candidate choice=2 inlier=16 | RotErr = 2.2434 rad (128.5401 deg) | TransErr = 38.28 mm [FAILS]
      Candidate choice=3 inlier=30 | RotErr = 1.9026 rad (109.0134 deg) | TransErr = 7.12 mm [FAILS]
    Alternative Pair with Shard 10 (NOT ACTIVE IN TREE):
      Candidate choice=1 inlier=20 | RotErr = 2.2363 rad (128.1333 deg) | TransErr = 64.74 mm [FAILS]
    Alternative Pair with Shard 15 (NOT ACTIVE IN TREE):
      Candidate choice=1 inlier=20 | RotErr = 2.3971 rad (137.3450 deg) | TransErr = 126.71 mm [FAILS]
      Candidate choice=2 inlier=20 | RotErr = 1.3282 rad (76.1020 deg) | TransErr = 126.73 mm [FAILS]
    Alternative Pair with Shard 25 (NOT ACTIVE IN TREE):
      Candidate choice=1 inlier=46 | RotErr = 1.7350 rad (99.4086 deg) | TransErr = 18.79 mm [FAILS]
    Alternative Pair with Shard 26 (NOT ACTIVE IN TREE):
      Candidate choice=1 inlier=8 | RotErr = 1.3805 rad (79.0960 deg) | TransErr = 32.62 mm [FAILS]
      Candidate choice=2 inlier=18 | RotErr = 2.7802 rad (159.2937 deg) | TransErr = 36.29 mm [FAILS]
    Alternative Pair with Shard 27 (NOT ACTIVE IN TREE):
      [No match candidates found]
    Alternative Pair with Shard 13 (NOT ACTIVE IN TREE):
      Candidate choice=1 inlier=40 | RotErr = 1.8214 rad (104.3593 deg) | TransErr = 106.28 mm [FAILS]
      Candidate choice=2 inlier=32 | RotErr = 1.5865 rad (90.8988 deg) | TransErr = 22.39 mm [FAILS]
    Alternative Pair with Shard 31 (NOT ACTIVE IN TREE):
      Candidate choice=1 inlier=26 | RotErr = 2.5371 rad (145.3654 deg) | TransErr = 28.96 mm [FAILS]
      Candidate choice=2 inlier=20 | RotErr = 2.3225 rad (133.0669 deg) | TransErr = 10.24 mm [FAILS]
      Candidate choice=3 inlier=20 | RotErr = 2.8994 rad (166.1252 deg) | TransErr = 45.61 mm [FAILS]
    Alternative Pair with Shard 12 (NOT ACTIVE IN TREE):
      Candidate choice=1 inlier=38 | RotErr = 1.8287 rad (104.7788 deg) | TransErr = 81.34 mm [FAILS]
    Alternative Pair with Shard 22 (NOT ACTIVE IN TREE):
      Candidate choice=1 inlier=38 | RotErr = 2.1187 rad (121.3934 deg) | TransErr = 81.27 mm [FAILS]
    Alternative Pair with Shard 28 (NOT ACTIVE IN TREE):
      Candidate choice=1 inlier=28 | RotErr = 1.3996 rad (80.1904 deg) | TransErr = 16.24 mm [FAILS]
    Alternative Pair with Shard 16 (NOT ACTIVE IN TREE):
      [No match candidates found]
  Shard 8 (placed by parent 6):
    Alternative Pair with Shard 1 (NOT ACTIVE IN TREE):
      Candidate choice=1 inlier=55 | RotErr = 0.7258 rad (41.5852 deg) | TransErr = 11.05 mm [FAILS]
      Candidate choice=2 inlier=38 | RotErr = 0.5694 rad (32.6223 deg) | TransErr = 146.50 mm [FAILS]
      Candidate choice=3 inlier=38 | RotErr = 1.2307 rad (70.5124 deg) | TransErr = 155.56 mm [FAILS]
      Candidate choice=4 inlier=28 | RotErr = 1.7255 rad (98.8643 deg) | TransErr = 156.68 mm [FAILS]
      Candidate choice=5 inlier=40 | RotErr = 2.6731 rad (153.1598 deg) | TransErr = 24.34 mm [FAILS]
    Alternative Pair with Shard 4 (NOT ACTIVE IN TREE):
      Candidate choice=1 inlier=0 | RotErr = 2.9576 rad (169.4581 deg) | TransErr = 46.65 mm [FAILS]
      Candidate choice=2 inlier=22 | RotErr = 3.1009 rad (177.6681 deg) | TransErr = 22.46 mm [FAILS]
    Alternative Pair with Shard 6 (ACTIVE IN TREE) [SKIPPED]
    Alternative Pair with Shard 19 (NOT ACTIVE IN TREE):
      Candidate choice=1 inlier=30 | RotErr = 1.6381 rad (93.8546 deg) | TransErr = 60.77 mm [FAILS]
      Candidate choice=2 inlier=28 | RotErr = 2.2150 rad (126.9076 deg) | TransErr = 143.84 mm [FAILS]
      Candidate choice=3 inlier=40 | RotErr = 2.9540 rad (169.2489 deg) | TransErr = 14.86 mm [FAILS]
    Alternative Pair with Shard 29 (NOT ACTIVE IN TREE):
      Candidate choice=1 inlier=20 | RotErr = 0.3223 rad (18.4669 deg) | TransErr = 100.81 mm [FAILS]
      Candidate choice=2 inlier=16 | RotErr = 3.0136 rad (172.6649 deg) | TransErr = 104.83 mm [FAILS]
      Candidate choice=3 inlier=20 | RotErr = 2.7781 rad (159.1740 deg) | TransErr = 88.24 mm [FAILS]
    Alternative Pair with Shard 9 (NOT ACTIVE IN TREE):
      Candidate choice=1 inlier=30 | RotErr = 2.8968 rad (165.9724 deg) | TransErr = 31.49 mm [FAILS]
      Candidate choice=2 inlier=30 | RotErr = 2.1838 rad (125.1235 deg) | TransErr = 150.81 mm [FAILS]
      Candidate choice=3 inlier=2 | RotErr = 2.6299 rad (150.6833 deg) | TransErr = 120.64 mm [FAILS]
      Candidate choice=4 inlier=18 | RotErr = 2.5835 rad (148.0261 deg) | TransErr = 128.37 mm [FAILS]
    Alternative Pair with Shard 18 (NOT ACTIVE IN TREE):
      [No match candidates found]
    Alternative Pair with Shard 20 (NOT ACTIVE IN TREE):
      [No match candidates found]
    Alternative Pair with Shard 14 (NOT ACTIVE IN TREE):
      [No match candidates found]
    Alternative Pair with Shard 11 (NOT ACTIVE IN TREE):
      Candidate choice=1 inlier=28 | RotErr = 2.0126 rad (115.3152 deg) | TransErr = 121.10 mm [FAILS]
      Candidate choice=2 inlier=30 | RotErr = 2.5664 rad (147.0457 deg) | TransErr = 139.09 mm [FAILS]
      Candidate choice=3 inlier=0 | RotErr = 2.9719 rad (170.2786 deg) | TransErr = 180.76 mm [FAILS]
      Candidate choice=4 inlier=42 | RotErr = 2.9078 rad (166.6067 deg) | TransErr = 20.91 mm [FAILS]
    Alternative Pair with Shard 17 (NOT ACTIVE IN TREE):
      [No match candidates found]
    Alternative Pair with Shard 21 (NOT ACTIVE IN TREE):
      Candidate choice=1 inlier=38 | RotErr = 1.6815 rad (96.3456 deg) | TransErr = 140.99 mm [FAILS]
    Alternative Pair with Shard 23 (NOT ACTIVE IN TREE):
      [No match candidates found]
    Alternative Pair with Shard 30 (NOT ACTIVE IN TREE):
      Candidate choice=1 inlier=24 | RotErr = 1.8299 rad (104.8464 deg) | TransErr = 127.41 mm [FAILS]
      Candidate choice=2 inlier=36 | RotErr = 2.2034 rad (126.2465 deg) | TransErr = 40.87 mm [FAILS]
    Alternative Pair with Shard 5 (ACTIVE IN TREE) [SKIPPED]
    Alternative Pair with Shard 7 (ACTIVE IN TREE) [SKIPPED]
    Alternative Pair with Shard 24 (NOT ACTIVE IN TREE):
      Candidate choice=1 inlier=12 | RotErr = 1.2698 rad (72.7563 deg) | TransErr = 110.38 mm [FAILS]
      Candidate choice=2 inlier=34 | RotErr = 0.6302 rad (36.1106 deg) | TransErr = 147.08 mm [FAILS]
    Alternative Pair with Shard 3 (NOT ACTIVE IN TREE):
      Candidate choice=1 inlier=0 | RotErr = 1.3989 rad (80.1490 deg) | TransErr = 151.61 mm [FAILS]
      Candidate choice=2 inlier=8 | RotErr = 2.8764 rad (164.8064 deg) | TransErr = 138.60 mm [FAILS]
    Alternative Pair with Shard 2 (NOT ACTIVE IN TREE):
      [No match candidates found]
    Alternative Pair with Shard 10 (NOT ACTIVE IN TREE):
      Candidate choice=1 inlier=28 | RotErr = 0.5149 rad (29.4994 deg) | TransErr = 40.42 mm [FAILS]
      Candidate choice=2 inlier=26 | RotErr = 1.0941 rad (62.6873 deg) | TransErr = 52.58 mm [FAILS]
      Candidate choice=3 inlier=14 | RotErr = 2.7100 rad (155.2736 deg) | TransErr = 91.29 mm [FAILS]
      Candidate choice=4 inlier=22 | RotErr = 2.5184 rad (144.2948 deg) | TransErr = 80.03 mm [FAILS]
    Alternative Pair with Shard 15 (NOT ACTIVE IN TREE):
      Candidate choice=1 inlier=10 | RotErr = 2.0004 rad (114.6129 deg) | TransErr = 36.48 mm [FAILS]
    Alternative Pair with Shard 25 (NOT ACTIVE IN TREE):
      [No match candidates found]
    Alternative Pair with Shard 26 (NOT ACTIVE IN TREE):
      [No match candidates found]
    Alternative Pair with Shard 27 (NOT ACTIVE IN TREE):
      Candidate choice=1 inlier=34 | RotErr = 0.7215 rad (41.3395 deg) | TransErr = 28.26 mm [FAILS]
    Alternative Pair with Shard 13 (NOT ACTIVE IN TREE):
      Candidate choice=1 inlier=0 | RotErr = 2.5813 rad (147.8950 deg) | TransErr = 36.73 mm [FAILS]
      Candidate choice=2 inlier=12 | RotErr = 3.1397 rad (179.8920 deg) | TransErr = 167.58 mm [FAILS]
      Candidate choice=3 inlier=36 | RotErr = 1.2777 rad (73.2043 deg) | TransErr = 28.49 mm [FAILS]
    Alternative Pair with Shard 31 (NOT ACTIVE IN TREE):
      [No match candidates found]
    Alternative Pair with Shard 12 (NOT ACTIVE IN TREE):
      Candidate choice=1 inlier=42 | RotErr = 2.8688 rad (164.3676 deg) | TransErr = 193.21 mm [FAILS]
      Candidate choice=2 inlier=34 | RotErr = 1.6880 rad (96.7175 deg) | TransErr = 37.89 mm [FAILS]
      Candidate choice=3 inlier=22 | RotErr = 3.1078 rad (178.0612 deg) | TransErr = 257.82 mm [FAILS]
      Candidate choice=4 inlier=0 | RotErr = 2.8816 rad (165.1062 deg) | TransErr = 52.80 mm [FAILS]
      Candidate choice=5 inlier=38 | RotErr = 2.4835 rad (142.2941 deg) | TransErr = 34.41 mm [FAILS]
      Candidate choice=6 inlier=38 | RotErr = 3.0204 rad (173.0573 deg) | TransErr = 150.90 mm [FAILS]
    Alternative Pair with Shard 22 (NOT ACTIVE IN TREE):
      Candidate choice=1 inlier=44 | RotErr = 3.0095 rad (172.4324 deg) | TransErr = 149.14 mm [FAILS]
      Candidate choice=2 inlier=28 | RotErr = 3.1385 rad (179.8229 deg) | TransErr = 26.55 mm [FAILS]
      Candidate choice=3 inlier=38 | RotErr = 2.8374 rad (162.5696 deg) | TransErr = 229.03 mm [FAILS]
      Candidate choice=4 inlier=24 | RotErr = 1.5000 rad (85.9436 deg) | TransErr = 27.31 mm [FAILS]
    Alternative Pair with Shard 28 (NOT ACTIVE IN TREE):
      Candidate choice=1 inlier=24 | RotErr = 2.8788 rad (164.9450 deg) | TransErr = 137.00 mm [FAILS]
      Candidate choice=2 inlier=28 | RotErr = 1.9310 rad (110.6363 deg) | TransErr = 23.65 mm [FAILS]
    Alternative Pair with Shard 16 (NOT ACTIVE IN TREE):
      Candidate choice=1 inlier=16 | RotErr = 2.6020 rad (149.0818 deg) | TransErr = 241.85 mm [FAILS]
      Candidate choice=2 inlier=22 | RotErr = 1.4225 rad (81.5039 deg) | TransErr = 39.94 mm [FAILS]
  Shard 14 (placed by parent 6):
    Alternative Pair with Shard 1 (NOT ACTIVE IN TREE):
      Candidate choice=1 inlier=36 | RotErr = 0.0661 rad (3.7856 deg) | TransErr = 12.52 mm [FAILS]
      Candidate choice=2 inlier=30 | RotErr = 2.8555 rad (163.6060 deg) | TransErr = 67.48 mm [FAILS]
      Candidate choice=3 inlier=70 | RotErr = 1.1582 rad (66.3602 deg) | TransErr = 11.48 mm [FAILS]
      Candidate choice=4 inlier=36 | RotErr = 1.7952 rad (102.8579 deg) | TransErr = 14.17 mm [FAILS]
      Candidate choice=5 inlier=36 | RotErr = 2.9063 rad (166.5203 deg) | TransErr = 67.96 mm [FAILS]
    Alternative Pair with Shard 4 (NOT ACTIVE IN TREE):
      Candidate choice=1 inlier=42 | RotErr = 3.0588 rad (175.2576 deg) | TransErr = 59.40 mm [FAILS]
      Candidate choice=2 inlier=28 | RotErr = 3.0874 rad (176.8925 deg) | TransErr = 48.27 mm [FAILS]
    Alternative Pair with Shard 6 (ACTIVE IN TREE) [SKIPPED]
    Alternative Pair with Shard 19 (NOT ACTIVE IN TREE):
      Candidate choice=1 inlier=34 | RotErr = 1.4852 rad (85.0971 deg) | TransErr = 8.97 mm [FAILS]
      Candidate choice=2 inlier=40 | RotErr = 2.3678 rad (135.6634 deg) | TransErr = 11.18 mm [FAILS]
    Alternative Pair with Shard 29 (NOT ACTIVE IN TREE):
      [No match candidates found]
    Alternative Pair with Shard 9 (NOT ACTIVE IN TREE):
      Candidate choice=1 inlier=64 | RotErr = 2.4303 rad (139.2483 deg) | TransErr = 24.80 mm [FAILS]
      Candidate choice=2 inlier=60 | RotErr = 2.9710 rad (170.2248 deg) | TransErr = 59.18 mm [FAILS]
      Candidate choice=3 inlier=26 | RotErr = 1.9132 rad (109.6184 deg) | TransErr = 32.87 mm [FAILS]
      Candidate choice=4 inlier=34 | RotErr = 1.9849 rad (113.7253 deg) | TransErr = 25.24 mm [FAILS]
      Candidate choice=5 inlier=22 | RotErr = 2.4961 rad (143.0148 deg) | TransErr = 20.68 mm [FAILS]
    Alternative Pair with Shard 18 (NOT ACTIVE IN TREE):
      [No match candidates found]
    Alternative Pair with Shard 20 (NOT ACTIVE IN TREE):
      Candidate choice=1 inlier=10 | RotErr = 3.0816 rad (176.5618 deg) | TransErr = 58.78 mm [FAILS]
    Alternative Pair with Shard 8 (NOT ACTIVE IN TREE):
      [No match candidates found]
    Alternative Pair with Shard 11 (NOT ACTIVE IN TREE):
      Candidate choice=1 inlier=50 | RotErr = 3.1120 rad (178.3043 deg) | TransErr = 71.59 mm [FAILS]
      Candidate choice=2 inlier=44 | RotErr = 2.6851 rad (153.8466 deg) | TransErr = 10.80 mm [FAILS]
    Alternative Pair with Shard 17 (NOT ACTIVE IN TREE):
      Candidate choice=1 inlier=28 | RotErr = 3.0570 rad (175.1550 deg) | TransErr = 56.91 mm [FAILS]
      Candidate choice=2 inlier=26 | RotErr = 2.8477 rad (163.1587 deg) | TransErr = 53.07 mm [FAILS]
      Candidate choice=3 inlier=38 | RotErr = 2.9366 rad (168.2553 deg) | TransErr = 53.94 mm [FAILS]
      Candidate choice=4 inlier=48 | RotErr = 1.4982 rad (85.8387 deg) | TransErr = 34.87 mm [FAILS]
    Alternative Pair with Shard 21 (NOT ACTIVE IN TREE):
      Candidate choice=1 inlier=32 | RotErr = 2.2836 rad (130.8397 deg) | TransErr = 53.18 mm [FAILS]
      Candidate choice=2 inlier=24 | RotErr = 1.4100 rad (80.7845 deg) | TransErr = 40.93 mm [FAILS]
    Alternative Pair with Shard 23 (NOT ACTIVE IN TREE):
      Candidate choice=1 inlier=32 | RotErr = 3.0291 rad (173.5522 deg) | TransErr = 61.77 mm [FAILS]
      Candidate choice=2 inlier=28 | RotErr = 2.9394 rad (168.4138 deg) | TransErr = 82.72 mm [FAILS]
    Alternative Pair with Shard 30 (NOT ACTIVE IN TREE):
      Candidate choice=1 inlier=47 | RotErr = 2.1802 rad (124.9163 deg) | TransErr = 46.30 mm [FAILS]
      Candidate choice=2 inlier=28 | RotErr = 2.0361 rad (116.6619 deg) | TransErr = 71.89 mm [FAILS]
      Candidate choice=3 inlier=30 | RotErr = 1.9089 rad (109.3705 deg) | TransErr = 73.15 mm [FAILS]
    Alternative Pair with Shard 5 (NOT ACTIVE IN TREE):
      [No match candidates found]
    Alternative Pair with Shard 7 (NOT ACTIVE IN TREE):
      Candidate choice=1 inlier=22 | RotErr = 1.4592 rad (83.6046 deg) | TransErr = 154.83 mm [FAILS]
      Candidate choice=2 inlier=10 | RotErr = 1.0331 rad (59.1895 deg) | TransErr = 104.16 mm [FAILS]
      Candidate choice=3 inlier=6 | RotErr = 0.9395 rad (53.8271 deg) | TransErr = 83.28 mm [FAILS]
    Alternative Pair with Shard 24 (ACTIVE IN TREE) [SKIPPED]
    Alternative Pair with Shard 3 (NOT ACTIVE IN TREE):
      Candidate choice=1 inlier=26 | RotErr = 2.2880 rad (131.0910 deg) | TransErr = 41.37 mm [FAILS]
      Candidate choice=2 inlier=24 | RotErr = 3.1288 rad (179.2676 deg) | TransErr = 57.81 mm [FAILS]
      Candidate choice=3 inlier=28 | RotErr = 0.6038 rad (34.5937 deg) | TransErr = 42.19 mm [FAILS]
    Alternative Pair with Shard 2 (NOT ACTIVE IN TREE):
      Candidate choice=1 inlier=44 | RotErr = 2.7027 rad (154.8520 deg) | TransErr = 57.39 mm [FAILS]
      Candidate choice=2 inlier=32 | RotErr = 0.8857 rad (50.7461 deg) | TransErr = 15.53 mm [FAILS]
      Candidate choice=3 inlier=44 | RotErr = 2.9733 rad (170.3553 deg) | TransErr = 76.37 mm [FAILS]
      Candidate choice=4 inlier=48 | RotErr = 0.4934 rad (28.2674 deg) | TransErr = 13.88 mm [FAILS]
      Candidate choice=5 inlier=30 | RotErr = 2.9332 rad (168.0591 deg) | TransErr = 65.72 mm [FAILS]
      Candidate choice=6 inlier=38 | RotErr = 0.2557 rad (14.6506 deg) | TransErr = 11.15 mm [FAILS]
      Candidate choice=7 inlier=30 | RotErr = 2.9539 rad (169.2443 deg) | TransErr = 57.89 mm [FAILS]
    Alternative Pair with Shard 10 (NOT ACTIVE IN TREE):
      Candidate choice=1 inlier=18 | RotErr = 3.0478 rad (174.6246 deg) | TransErr = 85.28 mm [FAILS]
      Candidate choice=2 inlier=4 | RotErr = 1.2072 rad (69.1655 deg) | TransErr = 62.53 mm [FAILS]
    Alternative Pair with Shard 15 (NOT ACTIVE IN TREE):
      [No match candidates found]
    Alternative Pair with Shard 25 (NOT ACTIVE IN TREE):
      Candidate choice=1 inlier=49 | RotErr = 2.7820 rad (159.3948 deg) | TransErr = 48.23 mm [FAILS]
    Alternative Pair with Shard 26 (NOT ACTIVE IN TREE):
      [No match candidates found]
    Alternative Pair with Shard 27 (NOT ACTIVE IN TREE):
      [No match candidates found]
    Alternative Pair with Shard 13 (NOT ACTIVE IN TREE):
      Candidate choice=1 inlier=34 | RotErr = 2.7800 rad (159.2847 deg) | TransErr = 45.98 mm [FAILS]
      Candidate choice=2 inlier=32 | RotErr = 3.1228 rad (178.9216 deg) | TransErr = 47.44 mm [FAILS]
    Alternative Pair with Shard 31 (NOT ACTIVE IN TREE):
      Candidate choice=1 inlier=34 | RotErr = 1.8586 rad (106.4924 deg) | TransErr = 28.06 mm [FAILS]
      Candidate choice=2 inlier=20 | RotErr = 3.1184 rad (178.6730 deg) | TransErr = 61.91 mm [FAILS]
    Alternative Pair with Shard 12 (NOT ACTIVE IN TREE):
      Candidate choice=1 inlier=20 | RotErr = 2.6196 rad (150.0912 deg) | TransErr = 11.69 mm [FAILS]
      Candidate choice=2 inlier=28 | RotErr = 2.5648 rad (146.9522 deg) | TransErr = 88.35 mm [FAILS]
    Alternative Pair with Shard 22 (NOT ACTIVE IN TREE):
      Candidate choice=1 inlier=18 | RotErr = 2.8840 rad (165.2400 deg) | TransErr = 19.95 mm [FAILS]
    Alternative Pair with Shard 28 (NOT ACTIVE IN TREE):
      [No match candidates found]
    Alternative Pair with Shard 16 (NOT ACTIVE IN TREE):
      Candidate choice=1 inlier=4 | RotErr = 3.0447 rad (174.4474 deg) | TransErr = 86.12 mm [FAILS]
  Shard 11 (placed by parent 19):
    Alternative Pair with Shard 1 (NOT ACTIVE IN TREE):
      Candidate choice=1 inlier=38 | RotErr = 3.0045 rad (172.1425 deg) | TransErr = 60.90 mm [FAILS]
      Candidate choice=2 inlier=44 | RotErr = 3.0528 rad (174.9118 deg) | TransErr = 68.73 mm [FAILS]
      Candidate choice=3 inlier=42 | RotErr = 0.3689 rad (21.1339 deg) | TransErr = 15.03 mm [FAILS]
    Alternative Pair with Shard 4 (NOT ACTIVE IN TREE):
      Candidate choice=1 inlier=40 | RotErr = 0.9984 rad (57.2037 deg) | TransErr = 16.73 mm [FAILS]
      Candidate choice=2 inlier=30 | RotErr = 3.0046 rad (172.1536 deg) | TransErr = 56.24 mm [FAILS]
    Alternative Pair with Shard 6 (NOT ACTIVE IN TREE):
      Candidate choice=1 inlier=40 | RotErr = 2.2812 rad (130.7015 deg) | TransErr = 78.13 mm [FAILS]
      Candidate choice=2 inlier=0 | RotErr = 2.9870 rad (171.1431 deg) | TransErr = 31.93 mm [FAILS]
      Candidate choice=3 inlier=20 | RotErr = 1.1808 rad (67.6568 deg) | TransErr = 122.31 mm [FAILS]
      Candidate choice=4 inlier=22 | RotErr = 0.6778 rad (38.8361 deg) | TransErr = 24.80 mm [FAILS]
    Alternative Pair with Shard 19 (ACTIVE IN TREE) [SKIPPED]
    Alternative Pair with Shard 29 (NOT ACTIVE IN TREE):
      [No match candidates found]
    Alternative Pair with Shard 9 (NOT ACTIVE IN TREE):
      Candidate choice=1 inlier=48 | RotErr = 0.3370 rad (19.3092 deg) | TransErr = 7.29 mm [FAILS]
      Candidate choice=2 inlier=42 | RotErr = 0.3631 rad (20.8021 deg) | TransErr = 11.21 mm [FAILS]
      Candidate choice=3 inlier=32 | RotErr = 0.7035 rad (40.3103 deg) | TransErr = 13.32 mm [FAILS]
    Alternative Pair with Shard 18 (NOT ACTIVE IN TREE):
      [No match candidates found]
    Alternative Pair with Shard 20 (NOT ACTIVE IN TREE):
      Candidate choice=1 inlier=34 | RotErr = 2.6688 rad (152.9124 deg) | TransErr = 50.28 mm [FAILS]
      Candidate choice=2 inlier=34 | RotErr = 1.2944 rad (74.1633 deg) | TransErr = 43.63 mm [FAILS]
    Alternative Pair with Shard 8 (NOT ACTIVE IN TREE):
      Candidate choice=1 inlier=28 | RotErr = 2.0126 rad (115.3152 deg) | TransErr = 121.10 mm [FAILS]
      Candidate choice=2 inlier=30 | RotErr = 2.5664 rad (147.0457 deg) | TransErr = 139.09 mm [FAILS]
      Candidate choice=3 inlier=0 | RotErr = 2.9719 rad (170.2786 deg) | TransErr = 180.76 mm [FAILS]
      Candidate choice=4 inlier=42 | RotErr = 2.9078 rad (166.6067 deg) | TransErr = 20.91 mm [FAILS]
    Alternative Pair with Shard 14 (NOT ACTIVE IN TREE):
      Candidate choice=1 inlier=50 | RotErr = 3.1120 rad (178.3043 deg) | TransErr = 71.59 mm [FAILS]
      Candidate choice=2 inlier=44 | RotErr = 2.6851 rad (153.8466 deg) | TransErr = 10.80 mm [FAILS]
    Alternative Pair with Shard 17 (NOT ACTIVE IN TREE):
      Candidate choice=1 inlier=22 | RotErr = 2.4996 rad (143.2194 deg) | TransErr = 41.40 mm [FAILS]
    Alternative Pair with Shard 21 (NOT ACTIVE IN TREE):
      Candidate choice=1 inlier=40 | RotErr = 2.2149 rad (126.9028 deg) | TransErr = 37.47 mm [FAILS]
      Candidate choice=2 inlier=49 | RotErr = 2.5457 rad (145.8568 deg) | TransErr = 53.80 mm [FAILS]
      Candidate choice=3 inlier=34 | RotErr = 2.3654 rad (135.5265 deg) | TransErr = 21.98 mm [FAILS]
    Alternative Pair with Shard 23 (NOT ACTIVE IN TREE):
      [No match candidates found]
    Alternative Pair with Shard 30 (NOT ACTIVE IN TREE):
      Candidate choice=1 inlier=34 | RotErr = 1.9187 rad (109.9345 deg) | TransErr = 52.74 mm [FAILS]
      Candidate choice=2 inlier=34 | RotErr = 2.4989 rad (143.1770 deg) | TransErr = 55.35 mm [FAILS]
    Alternative Pair with Shard 5 (NOT ACTIVE IN TREE):
      Candidate choice=1 inlier=24 | RotErr = 2.5430 rad (145.7052 deg) | TransErr = 154.98 mm [FAILS]
      Candidate choice=2 inlier=54 | RotErr = 1.6868 rad (96.6462 deg) | TransErr = 32.58 mm [FAILS]
    Alternative Pair with Shard 7 (NOT ACTIVE IN TREE):
      Candidate choice=1 inlier=0 | RotErr = 0.8326 rad (47.7029 deg) | TransErr = 134.14 mm [FAILS]
      Candidate choice=2 inlier=30 | RotErr = 2.8394 rad (162.6850 deg) | TransErr = 54.35 mm [FAILS]
    Alternative Pair with Shard 24 (NOT ACTIVE IN TREE):
      Candidate choice=1 inlier=49 | RotErr = 2.6340 rad (150.9160 deg) | TransErr = 63.07 mm [FAILS]
      Candidate choice=2 inlier=47 | RotErr = 2.8179 rad (161.4560 deg) | TransErr = 10.83 mm [FAILS]
    Alternative Pair with Shard 3 (NOT ACTIVE IN TREE):
      Candidate choice=1 inlier=38 | RotErr = 2.6843 rad (153.7986 deg) | TransErr = 42.64 mm [FAILS]
    Alternative Pair with Shard 2 (NOT ACTIVE IN TREE):
      Candidate choice=1 inlier=36 | RotErr = 3.0975 rad (177.4746 deg) | TransErr = 38.23 mm [FAILS]
      Candidate choice=2 inlier=44 | RotErr = 1.8621 rad (106.6920 deg) | TransErr = 9.80 mm [FAILS]
      Candidate choice=3 inlier=44 | RotErr = 2.4477 rad (140.2439 deg) | TransErr = 10.58 mm [FAILS]
      Candidate choice=4 inlier=36 | RotErr = 2.8581 rad (163.7598 deg) | TransErr = 12.70 mm [FAILS]
    Alternative Pair with Shard 10 (NOT ACTIVE IN TREE):
      Candidate choice=1 inlier=0 | RotErr = 0.8221 rad (47.1008 deg) | TransErr = 113.07 mm [FAILS]
      Candidate choice=2 inlier=18 | RotErr = 2.7695 rad (158.6830 deg) | TransErr = 59.49 mm [FAILS]
      Candidate choice=3 inlier=36 | RotErr = 1.2404 rad (71.0713 deg) | TransErr = 38.30 mm [FAILS]
    Alternative Pair with Shard 15 (NOT ACTIVE IN TREE):
      Candidate choice=1 inlier=16 | RotErr = 1.9077 rad (109.3034 deg) | TransErr = 49.44 mm [FAILS]
    Alternative Pair with Shard 25 (NOT ACTIVE IN TREE):
      Candidate choice=1 inlier=32 | RotErr = 1.4047 rad (80.4811 deg) | TransErr = 24.04 mm [FAILS]
    Alternative Pair with Shard 26 (NOT ACTIVE IN TREE):
      Candidate choice=1 inlier=47 | RotErr = 2.4452 rad (140.0982 deg) | TransErr = 26.92 mm [FAILS]
    Alternative Pair with Shard 27 (NOT ACTIVE IN TREE):
      Candidate choice=1 inlier=45 | RotErr = 2.9617 rad (169.6941 deg) | TransErr = 26.71 mm [FAILS]
      Candidate choice=2 inlier=36 | RotErr = 2.5271 rad (144.7950 deg) | TransErr = 25.48 mm [FAILS]
    Alternative Pair with Shard 13 (NOT ACTIVE IN TREE):
      Candidate choice=1 inlier=38 | RotErr = 0.4901 rad (28.0815 deg) | TransErr = 54.39 mm [FAILS]
    Alternative Pair with Shard 31 (NOT ACTIVE IN TREE):
      [No match candidates found]
    Alternative Pair with Shard 12 (NOT ACTIVE IN TREE):
      Candidate choice=1 inlier=36 | RotErr = 0.3825 rad (21.9141 deg) | TransErr = 22.75 mm [FAILS]
      Candidate choice=2 inlier=32 | RotErr = 2.9461 rad (168.8013 deg) | TransErr = 109.77 mm [FAILS]
      Candidate choice=3 inlier=32 | RotErr = 0.6122 rad (35.0742 deg) | TransErr = 185.39 mm [FAILS]
    Alternative Pair with Shard 22 (NOT ACTIVE IN TREE):
      Candidate choice=1 inlier=44 | RotErr = 1.4094 rad (80.7547 deg) | TransErr = 31.26 mm [FAILS]
    Alternative Pair with Shard 28 (NOT ACTIVE IN TREE):
      Candidate choice=1 inlier=28 | RotErr = 0.7656 rad (43.8666 deg) | TransErr = 16.94 mm [FAILS]
    Alternative Pair with Shard 16 (NOT ACTIVE IN TREE):
      Candidate choice=1 inlier=36 | RotErr = 2.7386 rad (156.9075 deg) | TransErr = 111.00 mm [FAILS]
      Candidate choice=2 inlier=34 | RotErr = 2.4049 rad (137.7900 deg) | TransErr = 166.72 mm [FAILS]
      Candidate choice=3 inlier=26 | RotErr = 2.8802 rad (165.0252 deg) | TransErr = 77.14 mm [FAILS]
  Shard 17 (placed by parent 18):
    Alternative Pair with Shard 1 (NOT ACTIVE IN TREE):
      Candidate choice=1 inlier=34 | RotErr = 2.1970 rad (125.8767 deg) | TransErr = 41.69 mm [FAILS]
      Candidate choice=2 inlier=0 | RotErr = 2.6448 rad (151.5350 deg) | TransErr = 36.43 mm [FAILS]
      Candidate choice=3 inlier=0 | RotErr = 2.8103 rad (161.0194 deg) | TransErr = 25.76 mm [FAILS]
    Alternative Pair with Shard 4 (NOT ACTIVE IN TREE):
      Candidate choice=1 inlier=26 | RotErr = 2.0394 rad (116.8472 deg) | TransErr = 29.87 mm [FAILS]
      Candidate choice=2 inlier=26 | RotErr = 2.5437 rad (145.7426 deg) | TransErr = 31.89 mm [FAILS]
      Candidate choice=3 inlier=22 | RotErr = 2.9994 rad (171.8504 deg) | TransErr = 20.27 mm [FAILS]
      Candidate choice=4 inlier=10 | RotErr = 1.7533 rad (100.4593 deg) | TransErr = 22.39 mm [FAILS]
    Alternative Pair with Shard 6 (NOT ACTIVE IN TREE):
      Candidate choice=1 inlier=20 | RotErr = 1.6507 rad (94.5805 deg) | TransErr = 41.58 mm [FAILS]
      Candidate choice=2 inlier=32 | RotErr = 1.7006 rad (97.4365 deg) | TransErr = 44.96 mm [FAILS]
      Candidate choice=3 inlier=6 | RotErr = 2.5396 rad (145.5108 deg) | TransErr = 54.74 mm [FAILS]
      Candidate choice=4 inlier=16 | RotErr = 2.4734 rad (141.7158 deg) | TransErr = 51.86 mm [FAILS]
    Alternative Pair with Shard 19 (NOT ACTIVE IN TREE):
      Candidate choice=1 inlier=32 | RotErr = 2.1006 rad (120.3551 deg) | TransErr = 48.00 mm [FAILS]
      Candidate choice=2 inlier=30 | RotErr = 2.3509 rad (134.6988 deg) | TransErr = 40.07 mm [FAILS]
      Candidate choice=3 inlier=16 | RotErr = 2.9126 rad (166.8811 deg) | TransErr = 13.13 mm [FAILS]
    Alternative Pair with Shard 29 (NOT ACTIVE IN TREE):
      Candidate choice=1 inlier=28 | RotErr = 1.8043 rad (103.3815 deg) | TransErr = 28.78 mm [FAILS]
    Alternative Pair with Shard 9 (NOT ACTIVE IN TREE):
      Candidate choice=1 inlier=26 | RotErr = 2.8449 rad (163.0017 deg) | TransErr = 24.38 mm [FAILS]
      Candidate choice=2 inlier=22 | RotErr = 1.4077 rad (80.6555 deg) | TransErr = 26.60 mm [FAILS]
      Candidate choice=3 inlier=38 | RotErr = 2.5149 rad (144.0951 deg) | TransErr = 36.26 mm [FAILS]
      Candidate choice=4 inlier=60 | RotErr = 2.5223 rad (144.5175 deg) | TransErr = 43.07 mm [FAILS]
    Alternative Pair with Shard 18 (ACTIVE IN TREE) [SKIPPED]
    Alternative Pair with Shard 20 (NOT ACTIVE IN TREE):
      Candidate choice=1 inlier=0 | RotErr = 1.4201 rad (81.3681 deg) | TransErr = 22.87 mm [FAILS]
      Candidate choice=2 inlier=20 | RotErr = 1.7831 rad (102.1625 deg) | TransErr = 41.26 mm [FAILS]
      Candidate choice=3 inlier=34 | RotErr = 2.8490 rad (163.2332 deg) | TransErr = 27.36 mm [FAILS]
      Candidate choice=4 inlier=16 | RotErr = 1.4305 rad (81.9624 deg) | TransErr = 40.93 mm [FAILS]
      Candidate choice=5 inlier=30 | RotErr = 2.8520 rad (163.4093 deg) | TransErr = 30.29 mm [FAILS]
      Candidate choice=6 inlier=26 | RotErr = 2.5152 rad (144.1109 deg) | TransErr = 12.19 mm [FAILS]
    Alternative Pair with Shard 8 (NOT ACTIVE IN TREE):
      [No match candidates found]
    Alternative Pair with Shard 14 (NOT ACTIVE IN TREE):
      Candidate choice=1 inlier=28 | RotErr = 3.0570 rad (175.1550 deg) | TransErr = 56.91 mm [FAILS]
      Candidate choice=2 inlier=26 | RotErr = 2.8477 rad (163.1587 deg) | TransErr = 53.07 mm [FAILS]
      Candidate choice=3 inlier=38 | RotErr = 2.9366 rad (168.2553 deg) | TransErr = 53.94 mm [FAILS]
      Candidate choice=4 inlier=48 | RotErr = 1.4982 rad (85.8387 deg) | TransErr = 34.87 mm [FAILS]
    Alternative Pair with Shard 11 (NOT ACTIVE IN TREE):
      Candidate choice=1 inlier=22 | RotErr = 2.4996 rad (143.2194 deg) | TransErr = 41.40 mm [FAILS]
    Alternative Pair with Shard 21 (NOT ACTIVE IN TREE):
      Candidate choice=1 inlier=49 | RotErr = 0.0741 rad (4.2473 deg) | TransErr = 3.91 mm [PASSES] -> Reward: +20.00
    Alternative Pair with Shard 23 (NOT ACTIVE IN TREE):
      Candidate choice=1 inlier=30 | RotErr = 1.6300 rad (93.3924 deg) | TransErr = 53.38 mm [FAILS]
      Candidate choice=2 inlier=24 | RotErr = 1.9525 rad (111.8727 deg) | TransErr = 42.25 mm [FAILS]
      Candidate choice=3 inlier=26 | RotErr = 0.5085 rad (29.1356 deg) | TransErr = 12.13 mm [FAILS]
    Alternative Pair with Shard 30 (NOT ACTIVE IN TREE):
      Candidate choice=1 inlier=39 | RotErr = 1.6185 rad (92.7354 deg) | TransErr = 15.12 mm [FAILS]
      Candidate choice=2 inlier=30 | RotErr = 2.1679 rad (124.2120 deg) | TransErr = 52.48 mm [FAILS]
    Alternative Pair with Shard 5 (NOT ACTIVE IN TREE):
      [No match candidates found]
    Alternative Pair with Shard 7 (NOT ACTIVE IN TREE):
      Candidate choice=1 inlier=26 | RotErr = 2.8126 rad (161.1474 deg) | TransErr = 98.04 mm [FAILS]
      Candidate choice=2 inlier=16 | RotErr = 2.2406 rad (128.3787 deg) | TransErr = 91.11 mm [FAILS]
      Candidate choice=3 inlier=0 | RotErr = 3.0378 rad (174.0547 deg) | TransErr = 61.28 mm [FAILS]
      Candidate choice=4 inlier=16 | RotErr = 2.7997 rad (160.4084 deg) | TransErr = 59.91 mm [FAILS]
      Candidate choice=5 inlier=18 | RotErr = 2.7710 rad (158.7643 deg) | TransErr = 49.29 mm [FAILS]
    Alternative Pair with Shard 24 (NOT ACTIVE IN TREE):
      [No match candidates found]
    Alternative Pair with Shard 3 (ACTIVE IN TREE) [SKIPPED]
    Alternative Pair with Shard 2 (NOT ACTIVE IN TREE):
      Candidate choice=1 inlier=22 | RotErr = 2.6491 rad (151.7813 deg) | TransErr = 47.52 mm [FAILS]
      Candidate choice=2 inlier=26 | RotErr = 1.9160 rad (109.7781 deg) | TransErr = 22.25 mm [FAILS]
      Candidate choice=3 inlier=4 | RotErr = 2.7171 rad (155.6803 deg) | TransErr = 37.79 mm [FAILS]
    Alternative Pair with Shard 10 (NOT ACTIVE IN TREE):
      Candidate choice=1 inlier=34 | RotErr = 2.0023 rad (114.7209 deg) | TransErr = 106.78 mm [FAILS]
      Candidate choice=2 inlier=20 | RotErr = 2.4086 rad (138.0011 deg) | TransErr = 35.15 mm [FAILS]
    Alternative Pair with Shard 15 (NOT ACTIVE IN TREE):
      Candidate choice=1 inlier=12 | RotErr = 2.0434 rad (117.0801 deg) | TransErr = 111.95 mm [FAILS]
    Alternative Pair with Shard 25 (NOT ACTIVE IN TREE):
      [No match candidates found]
    Alternative Pair with Shard 26 (NOT ACTIVE IN TREE):
      Candidate choice=1 inlier=20 | RotErr = 1.4979 rad (85.8251 deg) | TransErr = 25.85 mm [FAILS]
      Candidate choice=2 inlier=16 | RotErr = 1.7584 rad (100.7511 deg) | TransErr = 11.20 mm [FAILS]
    Alternative Pair with Shard 27 (NOT ACTIVE IN TREE):
      [No match candidates found]
    Alternative Pair with Shard 13 (NOT ACTIVE IN TREE):
      Candidate choice=1 inlier=26 | RotErr = 2.1540 rad (123.4140 deg) | TransErr = 118.64 mm [FAILS]
      Candidate choice=2 inlier=34 | RotErr = 3.0108 rad (172.5058 deg) | TransErr = 109.05 mm [FAILS]
    Alternative Pair with Shard 31 (NOT ACTIVE IN TREE):
      Candidate choice=1 inlier=20 | RotErr = 2.5993 rad (148.9271 deg) | TransErr = 16.53 mm [FAILS]
    Alternative Pair with Shard 12 (NOT ACTIVE IN TREE):
      Candidate choice=1 inlier=30 | RotErr = 2.2675 rad (129.9185 deg) | TransErr = 168.12 mm [FAILS]
      Candidate choice=2 inlier=28 | RotErr = 2.2434 rad (128.5360 deg) | TransErr = 92.09 mm [FAILS]
      Candidate choice=3 inlier=34 | RotErr = 3.0513 rad (174.8282 deg) | TransErr = 77.52 mm [FAILS]
      Candidate choice=4 inlier=38 | RotErr = 1.3543 rad (77.5935 deg) | TransErr = 135.25 mm [FAILS]
    Alternative Pair with Shard 22 (NOT ACTIVE IN TREE):
      Candidate choice=1 inlier=52 | RotErr = 2.3467 rad (134.4558 deg) | TransErr = 59.57 mm [FAILS]
      Candidate choice=2 inlier=44 | RotErr = 1.4000 rad (80.2117 deg) | TransErr = 54.10 mm [FAILS]
    Alternative Pair with Shard 28 (NOT ACTIVE IN TREE):
      [No match candidates found]
    Alternative Pair with Shard 16 (NOT ACTIVE IN TREE):
      Candidate choice=1 inlier=34 | RotErr = 1.5387 rad (88.1599 deg) | TransErr = 132.09 mm [FAILS]
      Candidate choice=2 inlier=0 | RotErr = 1.6767 rad (96.0693 deg) | TransErr = 157.08 mm [FAILS]
  Shard 21 (placed by parent 18):
    Alternative Pair with Shard 1 (NOT ACTIVE IN TREE):
      Candidate choice=1 inlier=34 | RotErr = 1.3533 rad (77.5386 deg) | TransErr = 50.22 mm [FAILS]
      Candidate choice=2 inlier=47 | RotErr = 2.4763 rad (141.8796 deg) | TransErr = 56.80 mm [FAILS]
      Candidate choice=3 inlier=38 | RotErr = 1.3749 rad (78.7774 deg) | TransErr = 32.57 mm [FAILS]
      Candidate choice=4 inlier=51 | RotErr = 3.0925 rad (177.1889 deg) | TransErr = 46.82 mm [FAILS]
      Candidate choice=5 inlier=45 | RotErr = 1.5993 rad (91.6338 deg) | TransErr = 50.55 mm [FAILS]
    Alternative Pair with Shard 4 (NOT ACTIVE IN TREE):
      Candidate choice=1 inlier=24 | RotErr = 1.8611 rad (106.6321 deg) | TransErr = 8.91 mm [FAILS]
      Candidate choice=2 inlier=24 | RotErr = 0.6760 rad (38.7313 deg) | TransErr = 16.72 mm [FAILS]
      Candidate choice=3 inlier=38 | RotErr = 2.1260 rad (121.8107 deg) | TransErr = 7.72 mm [FAILS]
      Candidate choice=4 inlier=51 | RotErr = 1.7502 rad (100.2793 deg) | TransErr = 37.15 mm [FAILS]
      Candidate choice=5 inlier=24 | RotErr = 2.9265 rad (167.6753 deg) | TransErr = 40.25 mm [FAILS]
    Alternative Pair with Shard 6 (NOT ACTIVE IN TREE):
      Candidate choice=1 inlier=40 | RotErr = 2.4202 rad (138.6648 deg) | TransErr = 38.28 mm [FAILS]
    Alternative Pair with Shard 19 (NOT ACTIVE IN TREE):
      Candidate choice=1 inlier=26 | RotErr = 2.6419 rad (151.3670 deg) | TransErr = 25.62 mm [FAILS]
      Candidate choice=2 inlier=8 | RotErr = 1.7813 rad (102.0590 deg) | TransErr = 31.84 mm [FAILS]
      Candidate choice=3 inlier=55 | RotErr = 2.9200 rad (167.3055 deg) | TransErr = 59.33 mm [FAILS]
    Alternative Pair with Shard 29 (NOT ACTIVE IN TREE):
      [No match candidates found]
    Alternative Pair with Shard 9 (NOT ACTIVE IN TREE):
      Candidate choice=1 inlier=24 | RotErr = 2.2806 rad (130.6687 deg) | TransErr = 36.43 mm [FAILS]
      Candidate choice=2 inlier=28 | RotErr = 2.4292 rad (139.1817 deg) | TransErr = 31.79 mm [FAILS]
      Candidate choice=3 inlier=38 | RotErr = 2.5103 rad (143.8323 deg) | TransErr = 25.26 mm [FAILS]
    Alternative Pair with Shard 18 (ACTIVE IN TREE) [SKIPPED]
    Alternative Pair with Shard 20 (NOT ACTIVE IN TREE):
      Candidate choice=1 inlier=28 | RotErr = 1.7603 rad (100.8552 deg) | TransErr = 6.16 mm [FAILS]
      Candidate choice=2 inlier=24 | RotErr = 2.4659 rad (141.2849 deg) | TransErr = 22.03 mm [FAILS]
      Candidate choice=3 inlier=38 | RotErr = 1.2654 rad (72.5014 deg) | TransErr = 32.73 mm [FAILS]
    Alternative Pair with Shard 8 (NOT ACTIVE IN TREE):
      Candidate choice=1 inlier=38 | RotErr = 1.6815 rad (96.3456 deg) | TransErr = 140.99 mm [FAILS]
    Alternative Pair with Shard 14 (NOT ACTIVE IN TREE):
      Candidate choice=1 inlier=32 | RotErr = 2.2836 rad (130.8397 deg) | TransErr = 53.18 mm [FAILS]
      Candidate choice=2 inlier=24 | RotErr = 1.4100 rad (80.7845 deg) | TransErr = 40.93 mm [FAILS]
    Alternative Pair with Shard 11 (NOT ACTIVE IN TREE):
      Candidate choice=1 inlier=40 | RotErr = 2.2149 rad (126.9028 deg) | TransErr = 37.47 mm [FAILS]
      Candidate choice=2 inlier=49 | RotErr = 2.5457 rad (145.8568 deg) | TransErr = 53.80 mm [FAILS]
      Candidate choice=3 inlier=34 | RotErr = 2.3654 rad (135.5265 deg) | TransErr = 21.98 mm [FAILS]
    Alternative Pair with Shard 17 (NOT ACTIVE IN TREE):
      Candidate choice=1 inlier=49 | RotErr = 0.0741 rad (4.2473 deg) | TransErr = 3.91 mm [PASSES] -> Reward: +20.00
    Alternative Pair with Shard 23 (NOT ACTIVE IN TREE):
      [No match candidates found]
    Alternative Pair with Shard 30 (NOT ACTIVE IN TREE):
      Candidate choice=1 inlier=46 | RotErr = 0.4617 rad (26.4560 deg) | TransErr = 63.91 mm [FAILS]
      Candidate choice=2 inlier=34 | RotErr = 2.4872 rad (142.5075 deg) | TransErr = 35.39 mm [FAILS]
    Alternative Pair with Shard 5 (NOT ACTIVE IN TREE):
      Candidate choice=1 inlier=28 | RotErr = 1.6473 rad (94.3817 deg) | TransErr = 129.99 mm [FAILS]
      Candidate choice=2 inlier=4 | RotErr = 2.5439 rad (145.7562 deg) | TransErr = 154.02 mm [FAILS]
    Alternative Pair with Shard 7 (NOT ACTIVE IN TREE):
      Candidate choice=1 inlier=10 | RotErr = 3.0746 rad (176.1633 deg) | TransErr = 45.11 mm [FAILS]
      Candidate choice=2 inlier=18 | RotErr = 2.8591 rad (163.8123 deg) | TransErr = 44.33 mm [FAILS]
      Candidate choice=3 inlier=4 | RotErr = 1.8618 rad (106.6722 deg) | TransErr = 55.94 mm [FAILS]
    Alternative Pair with Shard 24 (NOT ACTIVE IN TREE):
      Candidate choice=1 inlier=48 | RotErr = 2.1659 rad (124.0977 deg) | TransErr = 53.11 mm [FAILS]
      Candidate choice=2 inlier=52 | RotErr = 1.7915 rad (102.6447 deg) | TransErr = 42.82 mm [FAILS]
    Alternative Pair with Shard 3 (NOT ACTIVE IN TREE):
      Candidate choice=1 inlier=28 | RotErr = 1.5383 rad (88.1402 deg) | TransErr = 25.35 mm [FAILS]
    Alternative Pair with Shard 2 (ACTIVE IN TREE) [SKIPPED]
    Alternative Pair with Shard 10 (NOT ACTIVE IN TREE):
      Candidate choice=1 inlier=26 | RotErr = 2.9348 rad (168.1544 deg) | TransErr = 41.76 mm [FAILS]
      Candidate choice=2 inlier=32 | RotErr = 3.0464 rad (174.5454 deg) | TransErr = 60.33 mm [FAILS]
    Alternative Pair with Shard 15 (NOT ACTIVE IN TREE):
      Candidate choice=1 inlier=28 | RotErr = 2.8184 rad (161.4849 deg) | TransErr = 50.86 mm [FAILS]
    Alternative Pair with Shard 25 (NOT ACTIVE IN TREE):
      [No match candidates found]
    Alternative Pair with Shard 26 (NOT ACTIVE IN TREE):
      Candidate choice=1 inlier=26 | RotErr = 1.7022 rad (97.5317 deg) | TransErr = 20.69 mm [FAILS]
    Alternative Pair with Shard 27 (NOT ACTIVE IN TREE):
      [No match candidates found]
    Alternative Pair with Shard 13 (NOT ACTIVE IN TREE):
      [No match candidates found]
    Alternative Pair with Shard 31 (NOT ACTIVE IN TREE):
      Candidate choice=1 inlier=46 | RotErr = 2.8165 rad (161.3724 deg) | TransErr = 13.88 mm [FAILS]
      Candidate choice=2 inlier=26 | RotErr = 1.3814 rad (79.1493 deg) | TransErr = 32.69 mm [FAILS]
      Candidate choice=3 inlier=18 | RotErr = 2.7304 rad (156.4410 deg) | TransErr = 24.09 mm [FAILS]
    Alternative Pair with Shard 12 (NOT ACTIVE IN TREE):
      [No match candidates found]
    Alternative Pair with Shard 22 (NOT ACTIVE IN TREE):
      [No match candidates found]
    Alternative Pair with Shard 28 (NOT ACTIVE IN TREE):
      [No match candidates found]
    Alternative Pair with Shard 16 (NOT ACTIVE IN TREE):
      Candidate choice=1 inlier=26 | RotErr = 2.5589 rad (146.6152 deg) | TransErr = 122.50 mm [FAILS]
      Candidate choice=2 inlier=20 | RotErr = 2.9826 rad (170.8918 deg) | TransErr = 116.03 mm [FAILS]
  Shard 23 (placed by parent 18):
    Alternative Pair with Shard 1 (NOT ACTIVE IN TREE):
      [No match candidates found]
    Alternative Pair with Shard 4 (NOT ACTIVE IN TREE):
      Candidate choice=1 inlier=10 | RotErr = 0.9374 rad (53.7068 deg) | TransErr = 16.63 mm [FAILS]
      Candidate choice=2 inlier=38 | RotErr = 1.2583 rad (72.0949 deg) | TransErr = 6.30 mm [FAILS]
      Candidate choice=3 inlier=30 | RotErr = 1.6434 rad (94.1616 deg) | TransErr = 7.11 mm [FAILS]
    Alternative Pair with Shard 6 (NOT ACTIVE IN TREE):
      Candidate choice=1 inlier=28 | RotErr = 2.7805 rad (159.3120 deg) | TransErr = 51.21 mm [FAILS]
      Candidate choice=2 inlier=0 | RotErr = 2.1987 rad (125.9744 deg) | TransErr = 38.72 mm [FAILS]
      Candidate choice=3 inlier=16 | RotErr = 1.9712 rad (112.9439 deg) | TransErr = 111.36 mm [FAILS]
    Alternative Pair with Shard 19 (NOT ACTIVE IN TREE):
      [No match candidates found]
    Alternative Pair with Shard 29 (NOT ACTIVE IN TREE):
      [No match candidates found]
    Alternative Pair with Shard 9 (NOT ACTIVE IN TREE):
      Candidate choice=1 inlier=49 | RotErr = 1.9490 rad (111.6723 deg) | TransErr = 15.68 mm [FAILS]
      Candidate choice=2 inlier=24 | RotErr = 0.5924 rad (33.9413 deg) | TransErr = 20.87 mm [FAILS]
    Alternative Pair with Shard 18 (ACTIVE IN TREE) [SKIPPED]
    Alternative Pair with Shard 20 (NOT ACTIVE IN TREE):
      Candidate choice=1 inlier=42 | RotErr = 1.6315 rad (93.4788 deg) | TransErr = 51.21 mm [FAILS]
    Alternative Pair with Shard 8 (NOT ACTIVE IN TREE):
      [No match candidates found]
    Alternative Pair with Shard 14 (NOT ACTIVE IN TREE):
      Candidate choice=1 inlier=32 | RotErr = 3.0291 rad (173.5522 deg) | TransErr = 61.77 mm [FAILS]
      Candidate choice=2 inlier=28 | RotErr = 2.9394 rad (168.4138 deg) | TransErr = 82.72 mm [FAILS]
    Alternative Pair with Shard 11 (NOT ACTIVE IN TREE):
      [No match candidates found]
    Alternative Pair with Shard 17 (NOT ACTIVE IN TREE):
      Candidate choice=1 inlier=30 | RotErr = 1.6300 rad (93.3924 deg) | TransErr = 53.38 mm [FAILS]
      Candidate choice=2 inlier=24 | RotErr = 1.9525 rad (111.8727 deg) | TransErr = 42.25 mm [FAILS]
      Candidate choice=3 inlier=26 | RotErr = 0.5085 rad (29.1356 deg) | TransErr = 12.13 mm [FAILS]
    Alternative Pair with Shard 21 (NOT ACTIVE IN TREE):
      [No match candidates found]
    Alternative Pair with Shard 30 (NOT ACTIVE IN TREE):
      Candidate choice=1 inlier=41 | RotErr = 2.6218 rad (150.2205 deg) | TransErr = 69.60 mm [FAILS]
      Candidate choice=2 inlier=30 | RotErr = 2.1701 rad (124.3387 deg) | TransErr = 61.44 mm [FAILS]
    Alternative Pair with Shard 5 (NOT ACTIVE IN TREE):
      Candidate choice=1 inlier=42 | RotErr = 2.8973 rad (166.0021 deg) | TransErr = 31.34 mm [FAILS]
    Alternative Pair with Shard 7 (NOT ACTIVE IN TREE):
      Candidate choice=1 inlier=22 | RotErr = 2.5342 rad (145.1981 deg) | TransErr = 133.30 mm [FAILS]
    Alternative Pair with Shard 24 (NOT ACTIVE IN TREE):
      Candidate choice=1 inlier=60 | RotErr = 2.8759 rad (164.7752 deg) | TransErr = 59.79 mm [FAILS]
      Candidate choice=2 inlier=28 | RotErr = 3.0063 rad (172.2462 deg) | TransErr = 62.86 mm [FAILS]
    Alternative Pair with Shard 3 (NOT ACTIVE IN TREE):
      Candidate choice=1 inlier=28 | RotErr = 3.0126 rad (172.6102 deg) | TransErr = 52.13 mm [FAILS]
      Candidate choice=2 inlier=32 | RotErr = 2.7180 rad (155.7283 deg) | TransErr = 46.71 mm [FAILS]
    Alternative Pair with Shard 2 (NOT ACTIVE IN TREE):
      Candidate choice=1 inlier=24 | RotErr = 2.8368 rad (162.5340 deg) | TransErr = 70.67 mm [FAILS]
    Alternative Pair with Shard 10 (NOT ACTIVE IN TREE):
      Candidate choice=1 inlier=8 | RotErr = 2.6752 rad (153.2782 deg) | TransErr = 48.83 mm [FAILS]
      Candidate choice=2 inlier=24 | RotErr = 2.9935 rad (171.5147 deg) | TransErr = 123.79 mm [FAILS]
      Candidate choice=3 inlier=12 | RotErr = 2.7059 rad (155.0393 deg) | TransErr = 53.03 mm [FAILS]
    Alternative Pair with Shard 15 (NOT ACTIVE IN TREE):
      Candidate choice=1 inlier=12 | RotErr = 3.1098 rad (178.1806 deg) | TransErr = 50.38 mm [FAILS]
      Candidate choice=2 inlier=22 | RotErr = 0.5182 rad (29.6897 deg) | TransErr = 153.82 mm [FAILS]
      Candidate choice=3 inlier=10 | RotErr = 3.0447 rad (174.4501 deg) | TransErr = 52.62 mm [FAILS]
    Alternative Pair with Shard 25 (NOT ACTIVE IN TREE):
      [No match candidates found]
    Alternative Pair with Shard 26 (NOT ACTIVE IN TREE):
      Candidate choice=1 inlier=20 | RotErr = 1.6390 rad (93.9090 deg) | TransErr = 15.87 mm [FAILS]
    Alternative Pair with Shard 27 (NOT ACTIVE IN TREE):
      Candidate choice=1 inlier=8 | RotErr = 2.7057 rad (155.0262 deg) | TransErr = 36.34 mm [FAILS]
    Alternative Pair with Shard 13 (NOT ACTIVE IN TREE):
      Candidate choice=1 inlier=18 | RotErr = 2.9203 rad (167.3223 deg) | TransErr = 56.32 mm [FAILS]
    Alternative Pair with Shard 31 (NOT ACTIVE IN TREE):
      Candidate choice=1 inlier=28 | RotErr = 3.0139 rad (172.6833 deg) | TransErr = 25.96 mm [FAILS]
    Alternative Pair with Shard 12 (NOT ACTIVE IN TREE):
      Candidate choice=1 inlier=32 | RotErr = 1.2610 rad (72.2524 deg) | TransErr = 106.35 mm [FAILS]
    Alternative Pair with Shard 22 (NOT ACTIVE IN TREE):
      Candidate choice=1 inlier=20 | RotErr = 2.7397 rad (156.9723 deg) | TransErr = 36.67 mm [FAILS]
      Candidate choice=2 inlier=26 | RotErr = 0.7068 rad (40.4942 deg) | TransErr = 73.01 mm [FAILS]
    Alternative Pair with Shard 28 (NOT ACTIVE IN TREE):
      [No match candidates found]
    Alternative Pair with Shard 16 (NOT ACTIVE IN TREE):
      Candidate choice=1 inlier=12 | RotErr = 0.4498 rad (25.7688 deg) | TransErr = 171.99 mm [FAILS]
  Shard 30 (placed by parent 20):
    Alternative Pair with Shard 1 (NOT ACTIVE IN TREE):
      Candidate choice=1 inlier=36 | RotErr = 1.4700 rad (84.2223 deg) | TransErr = 55.62 mm [FAILS]
      Candidate choice=2 inlier=30 | RotErr = 2.5374 rad (145.3817 deg) | TransErr = 48.88 mm [FAILS]
      Candidate choice=3 inlier=41 | RotErr = 1.3601 rad (77.9255 deg) | TransErr = 57.54 mm [FAILS]
    Alternative Pair with Shard 4 (NOT ACTIVE IN TREE):
      Candidate choice=1 inlier=30 | RotErr = 1.2778 rad (73.2153 deg) | TransErr = 44.38 mm [FAILS]
      Candidate choice=2 inlier=30 | RotErr = 1.3315 rad (76.2869 deg) | TransErr = 46.19 mm [FAILS]
      Candidate choice=3 inlier=36 | RotErr = 2.9636 rad (169.8034 deg) | TransErr = 57.47 mm [FAILS]
      Candidate choice=4 inlier=26 | RotErr = 1.2101 rad (69.3333 deg) | TransErr = 38.67 mm [FAILS]
    Alternative Pair with Shard 6 (NOT ACTIVE IN TREE):
      Candidate choice=1 inlier=30 | RotErr = 2.1146 rad (121.1550 deg) | TransErr = 46.22 mm [FAILS]
      Candidate choice=2 inlier=24 | RotErr = 2.9785 rad (170.6537 deg) | TransErr = 88.68 mm [FAILS]
      Candidate choice=3 inlier=28 | RotErr = 1.6297 rad (93.3743 deg) | TransErr = 113.81 mm [FAILS]
    Alternative Pair with Shard 19 (NOT ACTIVE IN TREE):
      Candidate choice=1 inlier=34 | RotErr = 2.6813 rad (153.6269 deg) | TransErr = 52.53 mm [FAILS]
      Candidate choice=2 inlier=0 | RotErr = 2.8539 rad (163.5149 deg) | TransErr = 49.70 mm [FAILS]
      Candidate choice=3 inlier=32 | RotErr = 3.0811 rad (176.5335 deg) | TransErr = 49.25 mm [FAILS]
      Candidate choice=4 inlier=34 | RotErr = 1.5266 rad (87.4689 deg) | TransErr = 54.53 mm [FAILS]
    Alternative Pair with Shard 29 (NOT ACTIVE IN TREE):
      [No match candidates found]
    Alternative Pair with Shard 9 (NOT ACTIVE IN TREE):
      Candidate choice=1 inlier=32 | RotErr = 2.8054 rad (160.7362 deg) | TransErr = 50.69 mm [FAILS]
      Candidate choice=2 inlier=28 | RotErr = 2.2497 rad (128.8985 deg) | TransErr = 40.94 mm [FAILS]
    Alternative Pair with Shard 18 (NOT ACTIVE IN TREE):
      [No match candidates found]
    Alternative Pair with Shard 20 (ACTIVE IN TREE) [SKIPPED]
    Alternative Pair with Shard 8 (NOT ACTIVE IN TREE):
      Candidate choice=1 inlier=24 | RotErr = 1.8299 rad (104.8464 deg) | TransErr = 127.41 mm [FAILS]
      Candidate choice=2 inlier=36 | RotErr = 2.2034 rad (126.2465 deg) | TransErr = 40.87 mm [FAILS]
    Alternative Pair with Shard 14 (NOT ACTIVE IN TREE):
      Candidate choice=1 inlier=47 | RotErr = 2.1802 rad (124.9163 deg) | TransErr = 46.30 mm [FAILS]
      Candidate choice=2 inlier=28 | RotErr = 2.0361 rad (116.6619 deg) | TransErr = 71.89 mm [FAILS]
      Candidate choice=3 inlier=30 | RotErr = 1.9089 rad (109.3705 deg) | TransErr = 73.15 mm [FAILS]
    Alternative Pair with Shard 11 (NOT ACTIVE IN TREE):
      Candidate choice=1 inlier=34 | RotErr = 1.9187 rad (109.9345 deg) | TransErr = 52.74 mm [FAILS]
      Candidate choice=2 inlier=34 | RotErr = 2.4989 rad (143.1770 deg) | TransErr = 55.35 mm [FAILS]
    Alternative Pair with Shard 17 (NOT ACTIVE IN TREE):
      Candidate choice=1 inlier=39 | RotErr = 1.6185 rad (92.7354 deg) | TransErr = 15.12 mm [FAILS]
      Candidate choice=2 inlier=30 | RotErr = 2.1679 rad (124.2120 deg) | TransErr = 52.48 mm [FAILS]
    Alternative Pair with Shard 21 (NOT ACTIVE IN TREE):
      Candidate choice=1 inlier=46 | RotErr = 0.4617 rad (26.4560 deg) | TransErr = 63.91 mm [FAILS]
      Candidate choice=2 inlier=34 | RotErr = 2.4872 rad (142.5075 deg) | TransErr = 35.39 mm [FAILS]
    Alternative Pair with Shard 23 (NOT ACTIVE IN TREE):
      Candidate choice=1 inlier=41 | RotErr = 2.6218 rad (150.2205 deg) | TransErr = 69.60 mm [FAILS]
      Candidate choice=2 inlier=30 | RotErr = 2.1701 rad (124.3387 deg) | TransErr = 61.44 mm [FAILS]
    Alternative Pair with Shard 5 (NOT ACTIVE IN TREE):
      Candidate choice=1 inlier=30 | RotErr = 2.5029 rad (143.4067 deg) | TransErr = 133.50 mm [FAILS]
      Candidate choice=2 inlier=26 | RotErr = 2.0941 rad (119.9818 deg) | TransErr = 35.83 mm [FAILS]
    Alternative Pair with Shard 7 (NOT ACTIVE IN TREE):
      Candidate choice=1 inlier=26 | RotErr = 2.9646 rad (169.8609 deg) | TransErr = 106.40 mm [FAILS]
    Alternative Pair with Shard 24 (NOT ACTIVE IN TREE):
      Candidate choice=1 inlier=36 | RotErr = 2.3168 rad (132.7448 deg) | TransErr = 59.27 mm [FAILS]
    Alternative Pair with Shard 3 (NOT ACTIVE IN TREE):
      Candidate choice=1 inlier=24 | RotErr = 2.4741 rad (141.7530 deg) | TransErr = 41.20 mm [FAILS]
      Candidate choice=2 inlier=34 | RotErr = 2.8869 rad (165.4056 deg) | TransErr = 48.35 mm [FAILS]
      Candidate choice=3 inlier=34 | RotErr = 2.6348 rad (150.9601 deg) | TransErr = 51.68 mm [FAILS]
      Candidate choice=4 inlier=18 | RotErr = 1.6974 rad (97.2539 deg) | TransErr = 30.30 mm [FAILS]
    Alternative Pair with Shard 2 (NOT ACTIVE IN TREE):
      Candidate choice=1 inlier=24 | RotErr = 1.6187 rad (92.7436 deg) | TransErr = 69.63 mm [FAILS]
      Candidate choice=2 inlier=22 | RotErr = 2.4361 rad (139.5810 deg) | TransErr = 57.45 mm [FAILS]
      Candidate choice=3 inlier=41 | RotErr = 1.7940 rad (102.7883 deg) | TransErr = 43.25 mm [FAILS]
      Candidate choice=4 inlier=22 | RotErr = 1.7371 rad (99.5306 deg) | TransErr = 44.52 mm [FAILS]
    Alternative Pair with Shard 10 (NOT ACTIVE IN TREE):
      Candidate choice=1 inlier=14 | RotErr = 2.0800 rad (119.1776 deg) | TransErr = 122.73 mm [FAILS]
      Candidate choice=2 inlier=26 | RotErr = 2.8916 rad (165.6741 deg) | TransErr = 64.59 mm [FAILS]
    Alternative Pair with Shard 15 (NOT ACTIVE IN TREE):
      Candidate choice=1 inlier=18 | RotErr = 1.4421 rad (82.6262 deg) | TransErr = 113.59 mm [FAILS]
    Alternative Pair with Shard 25 (NOT ACTIVE IN TREE):
      [No match candidates found]
    Alternative Pair with Shard 26 (NOT ACTIVE IN TREE):
      Candidate choice=1 inlier=30 | RotErr = 1.6192 rad (92.7734 deg) | TransErr = 38.09 mm [FAILS]
    Alternative Pair with Shard 27 (NOT ACTIVE IN TREE):
      [No match candidates found]
    Alternative Pair with Shard 13 (NOT ACTIVE IN TREE):
      Candidate choice=1 inlier=30 | RotErr = 2.2406 rad (128.3788 deg) | TransErr = 100.83 mm [FAILS]
    Alternative Pair with Shard 31 (NOT ACTIVE IN TREE):
      [No match candidates found]
    Alternative Pair with Shard 12 (NOT ACTIVE IN TREE):
      Candidate choice=1 inlier=32 | RotErr = 2.5729 rad (147.4153 deg) | TransErr = 92.54 mm [FAILS]
    Alternative Pair with Shard 22 (NOT ACTIVE IN TREE):
      Candidate choice=1 inlier=41 | RotErr = 1.7359 rad (99.4600 deg) | TransErr = 91.52 mm [FAILS]
      Candidate choice=2 inlier=43 | RotErr = 1.5559 rad (89.1486 deg) | TransErr = 52.69 mm [FAILS]
      Candidate choice=3 inlier=43 | RotErr = 2.6715 rad (153.0654 deg) | TransErr = 124.15 mm [FAILS]
    Alternative Pair with Shard 28 (NOT ACTIVE IN TREE):
      [No match candidates found]
    Alternative Pair with Shard 16 (NOT ACTIVE IN TREE):
      [No match candidates found]
  Shard 5 (placed by parent 8):
    Alternative Pair with Shard 1 (NOT ACTIVE IN TREE):
      Candidate choice=1 inlier=0 | RotErr = 2.4314 rad (139.3109 deg) | TransErr = 167.55 mm [FAILS]
      Candidate choice=2 inlier=40 | RotErr = 2.6339 rad (150.9118 deg) | TransErr = 13.31 mm [FAILS]
    Alternative Pair with Shard 4 (NOT ACTIVE IN TREE):
      [No match candidates found]
    Alternative Pair with Shard 6 (NOT ACTIVE IN TREE):
      Candidate choice=1 inlier=2 | RotErr = 1.0990 rad (62.9704 deg) | TransErr = 121.17 mm [FAILS]
      Candidate choice=2 inlier=30 | RotErr = 3.1002 rad (177.6267 deg) | TransErr = 187.60 mm [FAILS]
      Candidate choice=3 inlier=0 | RotErr = 3.0609 rad (175.3743 deg) | TransErr = 12.67 mm [FAILS]
      Candidate choice=4 inlier=0 | RotErr = 2.9450 rad (168.7389 deg) | TransErr = 6.77 mm [FAILS]
    Alternative Pair with Shard 19 (NOT ACTIVE IN TREE):
      Candidate choice=1 inlier=26 | RotErr = 2.9231 rad (167.4836 deg) | TransErr = 161.76 mm [FAILS]
      Candidate choice=2 inlier=30 | RotErr = 2.2309 rad (127.8233 deg) | TransErr = 29.45 mm [FAILS]
      Candidate choice=3 inlier=42 | RotErr = 2.4472 rad (140.2160 deg) | TransErr = 25.82 mm [FAILS]
    Alternative Pair with Shard 29 (NOT ACTIVE IN TREE):
      Candidate choice=1 inlier=34 | RotErr = 1.7079 rad (97.8571 deg) | TransErr = 9.13 mm [FAILS]
    Alternative Pair with Shard 9 (NOT ACTIVE IN TREE):
      Candidate choice=1 inlier=0 | RotErr = 2.5164 rad (144.1787 deg) | TransErr = 133.61 mm [FAILS]
      Candidate choice=2 inlier=0 | RotErr = 2.6670 rad (152.8077 deg) | TransErr = 122.89 mm [FAILS]
      Candidate choice=3 inlier=24 | RotErr = 2.5920 rad (148.5106 deg) | TransErr = 81.28 mm [FAILS]
    Alternative Pair with Shard 18 (NOT ACTIVE IN TREE):
      [No match candidates found]
    Alternative Pair with Shard 20 (NOT ACTIVE IN TREE):
      [No match candidates found]
    Alternative Pair with Shard 8 (ACTIVE IN TREE) [SKIPPED]
    Alternative Pair with Shard 14 (NOT ACTIVE IN TREE):
      [No match candidates found]
    Alternative Pair with Shard 11 (NOT ACTIVE IN TREE):
      Candidate choice=1 inlier=24 | RotErr = 2.5430 rad (145.7052 deg) | TransErr = 154.98 mm [FAILS]
      Candidate choice=2 inlier=54 | RotErr = 1.6868 rad (96.6462 deg) | TransErr = 32.58 mm [FAILS]
    Alternative Pair with Shard 17 (NOT ACTIVE IN TREE):
      [No match candidates found]
    Alternative Pair with Shard 21 (NOT ACTIVE IN TREE):
      Candidate choice=1 inlier=28 | RotErr = 1.6473 rad (94.3817 deg) | TransErr = 129.99 mm [FAILS]
      Candidate choice=2 inlier=4 | RotErr = 2.5439 rad (145.7562 deg) | TransErr = 154.02 mm [FAILS]
    Alternative Pair with Shard 23 (NOT ACTIVE IN TREE):
      Candidate choice=1 inlier=42 | RotErr = 2.8973 rad (166.0021 deg) | TransErr = 31.34 mm [FAILS]
    Alternative Pair with Shard 30 (NOT ACTIVE IN TREE):
      Candidate choice=1 inlier=30 | RotErr = 2.5029 rad (143.4067 deg) | TransErr = 133.50 mm [FAILS]
      Candidate choice=2 inlier=26 | RotErr = 2.0941 rad (119.9818 deg) | TransErr = 35.83 mm [FAILS]
    Alternative Pair with Shard 7 (NOT ACTIVE IN TREE):
      Candidate choice=1 inlier=40 | RotErr = 0.7702 rad (44.1277 deg) | TransErr = 39.71 mm [FAILS]
      Candidate choice=2 inlier=18 | RotErr = 2.2710 rad (130.1182 deg) | TransErr = 64.43 mm [FAILS]
      Candidate choice=3 inlier=22 | RotErr = 2.8264 rad (161.9419 deg) | TransErr = 35.27 mm [FAILS]
      Candidate choice=4 inlier=32 | RotErr = 2.6287 rad (150.6148 deg) | TransErr = 95.36 mm [FAILS]
      Candidate choice=5 inlier=30 | RotErr = 2.7472 rad (157.4040 deg) | TransErr = 163.54 mm [FAILS]
    Alternative Pair with Shard 24 (NOT ACTIVE IN TREE):
      Candidate choice=1 inlier=16 | RotErr = 0.3379 rad (19.3591 deg) | TransErr = 42.31 mm [FAILS]
    Alternative Pair with Shard 3 (NOT ACTIVE IN TREE):
      Candidate choice=1 inlier=22 | RotErr = 2.7662 rad (158.4903 deg) | TransErr = 33.96 mm [FAILS]
      Candidate choice=2 inlier=0 | RotErr = 0.7664 rad (43.9131 deg) | TransErr = 145.99 mm [FAILS]
      Candidate choice=3 inlier=0 | RotErr = 0.3888 rad (22.2791 deg) | TransErr = 164.73 mm [FAILS]
      Candidate choice=4 inlier=32 | RotErr = 1.0916 rad (62.5463 deg) | TransErr = 41.56 mm [FAILS]
      Candidate choice=5 inlier=0 | RotErr = 2.9865 rad (171.1155 deg) | TransErr = 148.69 mm [FAILS]
    Alternative Pair with Shard 2 (NOT ACTIVE IN TREE):
      [No match candidates found]
    Alternative Pair with Shard 10 (NOT ACTIVE IN TREE):
      Candidate choice=1 inlier=20 | RotErr = 2.8950 rad (165.8718 deg) | TransErr = 207.06 mm [FAILS]
      Candidate choice=2 inlier=20 | RotErr = 2.1598 rad (123.7489 deg) | TransErr = 68.31 mm [FAILS]
      Candidate choice=3 inlier=32 | RotErr = 2.5939 rad (148.6182 deg) | TransErr = 152.48 mm [FAILS]
    Alternative Pair with Shard 15 (NOT ACTIVE IN TREE):
      Candidate choice=1 inlier=14 | RotErr = 1.2805 rad (73.3654 deg) | TransErr = 45.00 mm [FAILS]
    Alternative Pair with Shard 25 (NOT ACTIVE IN TREE):
      Candidate choice=1 inlier=0 | RotErr = 2.8589 rad (163.8026 deg) | TransErr = 106.09 mm [FAILS]
      Candidate choice=2 inlier=16 | RotErr = 2.9609 rad (169.6499 deg) | TransErr = 148.18 mm [FAILS]
      Candidate choice=3 inlier=47 | RotErr = 0.6529 rad (37.4078 deg) | TransErr = 26.14 mm [FAILS]
      Candidate choice=4 inlier=60 | RotErr = 0.8097 rad (46.3905 deg) | TransErr = 25.70 mm [FAILS]
    Alternative Pair with Shard 26 (NOT ACTIVE IN TREE):
      [No match candidates found]
    Alternative Pair with Shard 27 (NOT ACTIVE IN TREE):
      Candidate choice=1 inlier=30 | RotErr = 1.1957 rad (68.5061 deg) | TransErr = 20.14 mm [FAILS]
      Candidate choice=2 inlier=30 | RotErr = 0.6498 rad (37.2289 deg) | TransErr = 26.68 mm [FAILS]
    Alternative Pair with Shard 13 (NOT ACTIVE IN TREE):
      Candidate choice=1 inlier=0 | RotErr = 3.0765 rad (176.2699 deg) | TransErr = 178.10 mm [FAILS]
      Candidate choice=2 inlier=32 | RotErr = 0.5265 rad (30.1665 deg) | TransErr = 20.17 mm [FAILS]
      Candidate choice=3 inlier=46 | RotErr = 2.6061 rad (149.3211 deg) | TransErr = 36.58 mm [FAILS]
    Alternative Pair with Shard 31 (NOT ACTIVE IN TREE):
      [No match candidates found]
    Alternative Pair with Shard 12 (NOT ACTIVE IN TREE):
      Candidate choice=1 inlier=26 | RotErr = 3.1133 rad (178.3779 deg) | TransErr = 252.44 mm [FAILS]
      Candidate choice=2 inlier=28 | RotErr = 2.8204 rad (161.5942 deg) | TransErr = 51.73 mm [FAILS]
      Candidate choice=3 inlier=30 | RotErr = 2.8299 rad (162.1431 deg) | TransErr = 260.08 mm [FAILS]
      Candidate choice=4 inlier=46 | RotErr = 1.4210 rad (81.4190 deg) | TransErr = 20.47 mm [FAILS]
      Candidate choice=5 inlier=40 | RotErr = 2.5667 rad (147.0635 deg) | TransErr = 140.29 mm [FAILS]
      Candidate choice=6 inlier=22 | RotErr = 2.6999 rad (154.6914 deg) | TransErr = 138.89 mm [FAILS]
    Alternative Pair with Shard 22 (NOT ACTIVE IN TREE):
      Candidate choice=1 inlier=36 | RotErr = 1.7264 rad (98.9171 deg) | TransErr = 46.59 mm [FAILS]
      Candidate choice=2 inlier=36 | RotErr = 2.9282 rad (167.7712 deg) | TransErr = 231.43 mm [FAILS]
      Candidate choice=3 inlier=49 | RotErr = 0.3201 rad (18.3392 deg) | TransErr = 26.02 mm [FAILS]
      Candidate choice=4 inlier=0 | RotErr = 2.9377 rad (168.3197 deg) | TransErr = 163.94 mm [FAILS]
    Alternative Pair with Shard 28 (NOT ACTIVE IN TREE):
      Candidate choice=1 inlier=47 | RotErr = 1.5327 rad (87.8190 deg) | TransErr = 27.83 mm [FAILS]
      Candidate choice=2 inlier=45 | RotErr = 1.7070 rad (97.8053 deg) | TransErr = 27.30 mm [FAILS]
    Alternative Pair with Shard 16 (NOT ACTIVE IN TREE):
      Candidate choice=1 inlier=26 | RotErr = 1.5868 rad (90.9156 deg) | TransErr = 23.64 mm [FAILS]
      Candidate choice=2 inlier=28 | RotErr = 0.8470 rad (48.5273 deg) | TransErr = 17.47 mm [FAILS]
      Candidate choice=3 inlier=14 | RotErr = 0.8642 rad (49.5155 deg) | TransErr = 103.37 mm [FAILS]
      Candidate choice=4 inlier=30 | RotErr = 2.8777 rad (164.8772 deg) | TransErr = 128.37 mm [FAILS]
  Shard 7 (placed by parent 8):
    Alternative Pair with Shard 1 (NOT ACTIVE IN TREE):
      Candidate choice=1 inlier=14 | RotErr = 2.9934 rad (171.5069 deg) | TransErr = 33.53 mm [FAILS]
      Candidate choice=2 inlier=0 | RotErr = 2.8826 rad (165.1631 deg) | TransErr = 30.80 mm [FAILS]
    Alternative Pair with Shard 4 (NOT ACTIVE IN TREE):
      Candidate choice=1 inlier=20 | RotErr = 2.7801 rad (159.2906 deg) | TransErr = 38.31 mm [FAILS]
      Candidate choice=2 inlier=18 | RotErr = 1.0100 rad (57.8659 deg) | TransErr = 125.06 mm [FAILS]
      Candidate choice=3 inlier=28 | RotErr = 2.8511 rad (163.3570 deg) | TransErr = 48.53 mm [FAILS]
      Candidate choice=4 inlier=14 | RotErr = 2.9064 rad (166.5222 deg) | TransErr = 48.04 mm [FAILS]
    Alternative Pair with Shard 6 (NOT ACTIVE IN TREE):
      Candidate choice=1 inlier=10 | RotErr = 2.8510 rad (163.3518 deg) | TransErr = 105.05 mm [FAILS]
      Candidate choice=2 inlier=36 | RotErr = 2.8765 rad (164.8116 deg) | TransErr = 75.92 mm [FAILS]
      Candidate choice=3 inlier=14 | RotErr = 2.8625 rad (164.0086 deg) | TransErr = 100.41 mm [FAILS]
      Candidate choice=4 inlier=22 | RotErr = 2.6907 rad (154.1638 deg) | TransErr = 161.12 mm [FAILS]
      Candidate choice=5 inlier=42 | RotErr = 0.5794 rad (33.1966 deg) | TransErr = 40.15 mm [FAILS]
    Alternative Pair with Shard 19 (NOT ACTIVE IN TREE):
      Candidate choice=1 inlier=36 | RotErr = 2.7438 rad (157.2094 deg) | TransErr = 68.78 mm [FAILS]
      Candidate choice=2 inlier=30 | RotErr = 2.8854 rad (165.3208 deg) | TransErr = 51.67 mm [FAILS]
    Alternative Pair with Shard 29 (NOT ACTIVE IN TREE):
      Candidate choice=1 inlier=30 | RotErr = 0.8472 rad (48.5419 deg) | TransErr = 127.24 mm [FAILS]
      Candidate choice=2 inlier=18 | RotErr = 0.4721 rad (27.0518 deg) | TransErr = 93.85 mm [FAILS]
    Alternative Pair with Shard 9 (NOT ACTIVE IN TREE):
      Candidate choice=1 inlier=24 | RotErr = 2.8917 rad (165.6829 deg) | TransErr = 68.78 mm [FAILS]
    Alternative Pair with Shard 18 (NOT ACTIVE IN TREE):
      Candidate choice=1 inlier=18 | RotErr = 3.0510 rad (174.8111 deg) | TransErr = 67.07 mm [FAILS]
      Candidate choice=2 inlier=16 | RotErr = 2.6963 rad (154.4844 deg) | TransErr = 53.09 mm [FAILS]
      Candidate choice=3 inlier=0 | RotErr = 2.9226 rad (167.4547 deg) | TransErr = 160.38 mm [FAILS]
    Alternative Pair with Shard 20 (NOT ACTIVE IN TREE):
      Candidate choice=1 inlier=28 | RotErr = 2.0083 rad (115.0659 deg) | TransErr = 105.76 mm [FAILS]
      Candidate choice=2 inlier=24 | RotErr = 2.0600 rad (118.0274 deg) | TransErr = 87.54 mm [FAILS]
      Candidate choice=3 inlier=0 | RotErr = 2.9120 rad (166.8454 deg) | TransErr = 46.05 mm [FAILS]
    Alternative Pair with Shard 8 (ACTIVE IN TREE) [SKIPPED]
    Alternative Pair with Shard 14 (NOT ACTIVE IN TREE):
      Candidate choice=1 inlier=22 | RotErr = 1.4592 rad (83.6046 deg) | TransErr = 154.83 mm [FAILS]
      Candidate choice=2 inlier=10 | RotErr = 1.0331 rad (59.1895 deg) | TransErr = 104.16 mm [FAILS]
      Candidate choice=3 inlier=6 | RotErr = 0.9395 rad (53.8271 deg) | TransErr = 83.28 mm [FAILS]
    Alternative Pair with Shard 11 (NOT ACTIVE IN TREE):
      Candidate choice=1 inlier=0 | RotErr = 0.8326 rad (47.7029 deg) | TransErr = 134.14 mm [FAILS]
      Candidate choice=2 inlier=30 | RotErr = 2.8394 rad (162.6850 deg) | TransErr = 54.35 mm [FAILS]
    Alternative Pair with Shard 17 (NOT ACTIVE IN TREE):
      Candidate choice=1 inlier=26 | RotErr = 2.8126 rad (161.1474 deg) | TransErr = 98.04 mm [FAILS]
      Candidate choice=2 inlier=16 | RotErr = 2.2406 rad (128.3787 deg) | TransErr = 91.11 mm [FAILS]
      Candidate choice=3 inlier=0 | RotErr = 3.0378 rad (174.0547 deg) | TransErr = 61.28 mm [FAILS]
      Candidate choice=4 inlier=16 | RotErr = 2.7997 rad (160.4084 deg) | TransErr = 59.91 mm [FAILS]
      Candidate choice=5 inlier=18 | RotErr = 2.7710 rad (158.7643 deg) | TransErr = 49.29 mm [FAILS]
    Alternative Pair with Shard 21 (NOT ACTIVE IN TREE):
      Candidate choice=1 inlier=10 | RotErr = 3.0746 rad (176.1633 deg) | TransErr = 45.11 mm [FAILS]
      Candidate choice=2 inlier=18 | RotErr = 2.8591 rad (163.8123 deg) | TransErr = 44.33 mm [FAILS]
      Candidate choice=3 inlier=4 | RotErr = 1.8618 rad (106.6722 deg) | TransErr = 55.94 mm [FAILS]
    Alternative Pair with Shard 23 (NOT ACTIVE IN TREE):
      Candidate choice=1 inlier=22 | RotErr = 2.5342 rad (145.1981 deg) | TransErr = 133.30 mm [FAILS]
    Alternative Pair with Shard 30 (NOT ACTIVE IN TREE):
      Candidate choice=1 inlier=26 | RotErr = 2.9646 rad (169.8609 deg) | TransErr = 106.40 mm [FAILS]
    Alternative Pair with Shard 5 (NOT ACTIVE IN TREE):
      Candidate choice=1 inlier=40 | RotErr = 0.7702 rad (44.1277 deg) | TransErr = 39.71 mm [FAILS]
      Candidate choice=2 inlier=18 | RotErr = 2.2710 rad (130.1182 deg) | TransErr = 64.43 mm [FAILS]
      Candidate choice=3 inlier=22 | RotErr = 2.8264 rad (161.9419 deg) | TransErr = 35.27 mm [FAILS]
      Candidate choice=4 inlier=32 | RotErr = 2.6287 rad (150.6148 deg) | TransErr = 95.36 mm [FAILS]
      Candidate choice=5 inlier=30 | RotErr = 2.7472 rad (157.4040 deg) | TransErr = 163.54 mm [FAILS]
    Alternative Pair with Shard 24 (NOT ACTIVE IN TREE):
      Candidate choice=1 inlier=34 | RotErr = 1.6980 rad (97.2894 deg) | TransErr = 120.07 mm [FAILS]
      Candidate choice=2 inlier=28 | RotErr = 2.7822 rad (159.4082 deg) | TransErr = 56.87 mm [FAILS]
    Alternative Pair with Shard 3 (NOT ACTIVE IN TREE):
      [No match candidates found]
    Alternative Pair with Shard 2 (NOT ACTIVE IN TREE):
      Candidate choice=1 inlier=28 | RotErr = 2.8526 rad (163.4442 deg) | TransErr = 50.41 mm [FAILS]
      Candidate choice=2 inlier=30 | RotErr = 1.1436 rad (65.5258 deg) | TransErr = 127.81 mm [FAILS]
      Candidate choice=3 inlier=38 | RotErr = 0.0908 rad (5.2009 deg) | TransErr = 135.42 mm [FAILS]
    Alternative Pair with Shard 10 (ACTIVE IN TREE) [SKIPPED]
    Alternative Pair with Shard 15 (ACTIVE IN TREE) [SKIPPED]
    Alternative Pair with Shard 25 (NOT ACTIVE IN TREE):
      [No match candidates found]
    Alternative Pair with Shard 26 (NOT ACTIVE IN TREE):
      [No match candidates found]
    Alternative Pair with Shard 27 (NOT ACTIVE IN TREE):
      [No match candidates found]
    Alternative Pair with Shard 13 (NOT ACTIVE IN TREE):
      Candidate choice=1 inlier=26 | RotErr = 2.1044 rad (120.5740 deg) | TransErr = 27.18 mm [FAILS]
      Candidate choice=2 inlier=38 | RotErr = 2.8095 rad (160.9699 deg) | TransErr = 101.18 mm [FAILS]
    Alternative Pair with Shard 31 (NOT ACTIVE IN TREE):
      Candidate choice=1 inlier=32 | RotErr = 1.5453 rad (88.5394 deg) | TransErr = 41.93 mm [FAILS]
      Candidate choice=2 inlier=12 | RotErr = 2.6120 rad (149.6540 deg) | TransErr = 46.24 mm [FAILS]
      Candidate choice=3 inlier=0 | RotErr = 2.9622 rad (169.7233 deg) | TransErr = 99.58 mm [FAILS]
      Candidate choice=4 inlier=0 | RotErr = 2.9023 rad (166.2899 deg) | TransErr = 103.19 mm [FAILS]
    Alternative Pair with Shard 12 (NOT ACTIVE IN TREE):
      Candidate choice=1 inlier=30 | RotErr = 1.0406 rad (59.6215 deg) | TransErr = 61.16 mm [FAILS]
      Candidate choice=2 inlier=32 | RotErr = 3.0561 rad (175.0997 deg) | TransErr = 179.40 mm [FAILS]
      Candidate choice=3 inlier=32 | RotErr = 2.9929 rad (171.4827 deg) | TransErr = 218.98 mm [FAILS]
      Candidate choice=4 inlier=22 | RotErr = 2.9544 rad (169.2722 deg) | TransErr = 52.49 mm [FAILS]
      Candidate choice=5 inlier=4 | RotErr = 3.0490 rad (174.6928 deg) | TransErr = 184.58 mm [FAILS]
      Candidate choice=6 inlier=30 | RotErr = 2.2012 rad (126.1188 deg) | TransErr = 54.07 mm [FAILS]
      Candidate choice=7 inlier=34 | RotErr = 3.0555 rad (175.0698 deg) | TransErr = 164.22 mm [FAILS]
    Alternative Pair with Shard 22 (NOT ACTIVE IN TREE):
      Candidate choice=1 inlier=24 | RotErr = 2.2960 rad (131.5497 deg) | TransErr = 28.18 mm [FAILS]
      Candidate choice=2 inlier=30 | RotErr = 3.0957 rad (177.3699 deg) | TransErr = 175.72 mm [FAILS]
      Candidate choice=3 inlier=36 | RotErr = 2.8450 rad (163.0063 deg) | TransErr = 183.07 mm [FAILS]
      Candidate choice=4 inlier=44 | RotErr = 1.8670 rad (106.9733 deg) | TransErr = 55.50 mm [FAILS]
      Candidate choice=5 inlier=40 | RotErr = 3.0111 rad (172.5252 deg) | TransErr = 167.98 mm [FAILS]
      Candidate choice=6 inlier=36 | RotErr = 2.4665 rad (141.3224 deg) | TransErr = 50.58 mm [FAILS]
    Alternative Pair with Shard 28 (NOT ACTIVE IN TREE):
      [No match candidates found]
    Alternative Pair with Shard 16 (NOT ACTIVE IN TREE):
      Candidate choice=1 inlier=34 | RotErr = 2.1364 rad (122.4039 deg) | TransErr = 46.43 mm [FAILS]
      Candidate choice=2 inlier=12 | RotErr = 3.1329 rad (179.5017 deg) | TransErr = 229.73 mm [FAILS]
  Shard 24 (placed by parent 14):
    Alternative Pair with Shard 1 (NOT ACTIVE IN TREE):
      Candidate choice=1 inlier=55 | RotErr = 3.0010 rad (171.9454 deg) | TransErr = 72.20 mm [FAILS]
      Candidate choice=2 inlier=30 | RotErr = 2.8206 rad (161.6096 deg) | TransErr = 65.94 mm [FAILS]
      Candidate choice=3 inlier=38 | RotErr = 3.0008 rad (171.9335 deg) | TransErr = 67.71 mm [FAILS]
    Alternative Pair with Shard 4 (NOT ACTIVE IN TREE):
      Candidate choice=1 inlier=44 | RotErr = 3.0325 rad (173.7481 deg) | TransErr = 51.54 mm [FAILS]
      Candidate choice=2 inlier=32 | RotErr = 2.6444 rad (151.5151 deg) | TransErr = 56.08 mm [FAILS]
      Candidate choice=3 inlier=38 | RotErr = 1.7166 rad (98.3536 deg) | TransErr = 13.16 mm [FAILS]
    Alternative Pair with Shard 6 (NOT ACTIVE IN TREE):
      Candidate choice=1 inlier=32 | RotErr = 0.9760 rad (55.9227 deg) | TransErr = 15.07 mm [FAILS]
    Alternative Pair with Shard 19 (NOT ACTIVE IN TREE):
      Candidate choice=1 inlier=32 | RotErr = 2.9292 rad (167.8330 deg) | TransErr = 36.60 mm [FAILS]
      Candidate choice=2 inlier=51 | RotErr = 2.6644 rad (152.6561 deg) | TransErr = 68.64 mm [FAILS]
    Alternative Pair with Shard 29 (NOT ACTIVE IN TREE):
      [No match candidates found]
    Alternative Pair with Shard 9 (NOT ACTIVE IN TREE):
      Candidate choice=1 inlier=42 | RotErr = 3.0630 rad (175.4979 deg) | TransErr = 22.03 mm [FAILS]
      Candidate choice=2 inlier=53 | RotErr = 2.5525 rad (146.2474 deg) | TransErr = 26.14 mm [FAILS]
      Candidate choice=3 inlier=49 | RotErr = 2.3529 rad (134.8095 deg) | TransErr = 22.09 mm [FAILS]
    Alternative Pair with Shard 18 (NOT ACTIVE IN TREE):
      [No match candidates found]
    Alternative Pair with Shard 20 (NOT ACTIVE IN TREE):
      Candidate choice=1 inlier=22 | RotErr = 2.8103 rad (161.0170 deg) | TransErr = 40.29 mm [FAILS]
      Candidate choice=2 inlier=50 | RotErr = 2.3167 rad (132.7355 deg) | TransErr = 50.33 mm [FAILS]
      Candidate choice=3 inlier=38 | RotErr = 3.1191 rad (178.7129 deg) | TransErr = 42.86 mm [FAILS]
    Alternative Pair with Shard 8 (NOT ACTIVE IN TREE):
      Candidate choice=1 inlier=12 | RotErr = 1.2698 rad (72.7563 deg) | TransErr = 110.38 mm [FAILS]
      Candidate choice=2 inlier=34 | RotErr = 0.6302 rad (36.1106 deg) | TransErr = 147.08 mm [FAILS]
    Alternative Pair with Shard 14 (ACTIVE IN TREE) [SKIPPED]
    Alternative Pair with Shard 11 (NOT ACTIVE IN TREE):
      Candidate choice=1 inlier=49 | RotErr = 2.6340 rad (150.9160 deg) | TransErr = 63.07 mm [FAILS]
      Candidate choice=2 inlier=47 | RotErr = 2.8179 rad (161.4560 deg) | TransErr = 10.83 mm [FAILS]
    Alternative Pair with Shard 17 (NOT ACTIVE IN TREE):
      [No match candidates found]
    Alternative Pair with Shard 21 (NOT ACTIVE IN TREE):
      Candidate choice=1 inlier=48 | RotErr = 2.1659 rad (124.0977 deg) | TransErr = 53.11 mm [FAILS]
      Candidate choice=2 inlier=52 | RotErr = 1.7915 rad (102.6447 deg) | TransErr = 42.82 mm [FAILS]
    Alternative Pair with Shard 23 (NOT ACTIVE IN TREE):
      Candidate choice=1 inlier=60 | RotErr = 2.8759 rad (164.7752 deg) | TransErr = 59.79 mm [FAILS]
      Candidate choice=2 inlier=28 | RotErr = 3.0063 rad (172.2462 deg) | TransErr = 62.86 mm [FAILS]
    Alternative Pair with Shard 30 (NOT ACTIVE IN TREE):
      Candidate choice=1 inlier=36 | RotErr = 2.3168 rad (132.7448 deg) | TransErr = 59.27 mm [FAILS]
    Alternative Pair with Shard 5 (NOT ACTIVE IN TREE):
      Candidate choice=1 inlier=16 | RotErr = 0.3379 rad (19.3591 deg) | TransErr = 42.31 mm [FAILS]
    Alternative Pair with Shard 7 (NOT ACTIVE IN TREE):
      Candidate choice=1 inlier=34 | RotErr = 1.6980 rad (97.2894 deg) | TransErr = 120.07 mm [FAILS]
      Candidate choice=2 inlier=28 | RotErr = 2.7822 rad (159.4082 deg) | TransErr = 56.87 mm [FAILS]
    Alternative Pair with Shard 3 (NOT ACTIVE IN TREE):
      Candidate choice=1 inlier=34 | RotErr = 2.6697 rad (152.9612 deg) | TransErr = 44.85 mm [FAILS]
      Candidate choice=2 inlier=34 | RotErr = 3.0569 rad (175.1499 deg) | TransErr = 44.78 mm [FAILS]
      Candidate choice=3 inlier=36 | RotErr = 0.8522 rad (48.8293 deg) | TransErr = 31.14 mm [FAILS]
    Alternative Pair with Shard 2 (NOT ACTIVE IN TREE):
      Candidate choice=1 inlier=42 | RotErr = 0.9853 rad (56.4557 deg) | TransErr = 16.63 mm [FAILS]
      Candidate choice=2 inlier=51 | RotErr = 0.6224 rad (35.6634 deg) | TransErr = 23.31 mm [FAILS]
      Candidate choice=3 inlier=47 | RotErr = 0.6232 rad (35.7066 deg) | TransErr = 26.37 mm [FAILS]
    Alternative Pair with Shard 10 (NOT ACTIVE IN TREE):
      [No match candidates found]
    Alternative Pair with Shard 15 (NOT ACTIVE IN TREE):
      Candidate choice=1 inlier=0 | RotErr = 1.5350 rad (87.9518 deg) | TransErr = 104.32 mm [FAILS]
      Candidate choice=2 inlier=18 | RotErr = 2.9870 rad (171.1448 deg) | TransErr = 93.74 mm [FAILS]
    Alternative Pair with Shard 25 (NOT ACTIVE IN TREE):
      [No match candidates found]
    Alternative Pair with Shard 26 (NOT ACTIVE IN TREE):
      Candidate choice=1 inlier=34 | RotErr = 0.4283 rad (24.5382 deg) | TransErr = 29.08 mm [FAILS]
      Candidate choice=2 inlier=22 | RotErr = 1.2184 rad (69.8094 deg) | TransErr = 25.98 mm [FAILS]
    Alternative Pair with Shard 27 (NOT ACTIVE IN TREE):
      Candidate choice=1 inlier=6 | RotErr = 0.8090 rad (46.3527 deg) | TransErr = 24.56 mm [FAILS]
      Candidate choice=2 inlier=16 | RotErr = 1.1788 rad (67.5403 deg) | TransErr = 32.87 mm [FAILS]
    Alternative Pair with Shard 13 (NOT ACTIVE IN TREE):
      Candidate choice=1 inlier=30 | RotErr = 2.7322 rad (156.5423 deg) | TransErr = 71.62 mm [FAILS]
      Candidate choice=2 inlier=28 | RotErr = 1.4703 rad (84.2443 deg) | TransErr = 51.16 mm [FAILS]
    Alternative Pair with Shard 31 (NOT ACTIVE IN TREE):
      Candidate choice=1 inlier=26 | RotErr = 1.7203 rad (98.5681 deg) | TransErr = 35.24 mm [FAILS]
    Alternative Pair with Shard 12 (NOT ACTIVE IN TREE):
      Candidate choice=1 inlier=14 | RotErr = 2.6826 rad (153.7038 deg) | TransErr = 103.23 mm [FAILS]
    Alternative Pair with Shard 22 (NOT ACTIVE IN TREE):
      Candidate choice=1 inlier=34 | RotErr = 2.2659 rad (129.8268 deg) | TransErr = 84.56 mm [FAILS]
      Candidate choice=2 inlier=16 | RotErr = 2.0630 rad (118.2027 deg) | TransErr = 77.43 mm [FAILS]
    Alternative Pair with Shard 28 (NOT ACTIVE IN TREE):
      Candidate choice=1 inlier=26 | RotErr = 2.0266 rad (116.1185 deg) | TransErr = 35.57 mm [FAILS]
    Alternative Pair with Shard 16 (NOT ACTIVE IN TREE):
      Candidate choice=1 inlier=24 | RotErr = 2.9365 rad (168.2518 deg) | TransErr = 101.77 mm [FAILS]
  Shard 3 (placed by parent 17):
    Alternative Pair with Shard 1 (NOT ACTIVE IN TREE):
      Candidate choice=1 inlier=32 | RotErr = 3.1167 rad (178.5764 deg) | TransErr = 47.62 mm [FAILS]
      Candidate choice=2 inlier=42 | RotErr = 2.3921 rad (137.0587 deg) | TransErr = 51.72 mm [FAILS]
      Candidate choice=3 inlier=50 | RotErr = 2.5532 rad (146.2892 deg) | TransErr = 27.33 mm [FAILS]
    Alternative Pair with Shard 4 (NOT ACTIVE IN TREE):
      Candidate choice=1 inlier=18 | RotErr = 2.8971 rad (165.9921 deg) | TransErr = 14.90 mm [FAILS]
      Candidate choice=2 inlier=42 | RotErr = 3.1237 rad (178.9740 deg) | TransErr = 37.53 mm [FAILS]
    Alternative Pair with Shard 6 (NOT ACTIVE IN TREE):
      Candidate choice=1 inlier=46 | RotErr = 2.4124 rad (138.2228 deg) | TransErr = 28.65 mm [FAILS]
      Candidate choice=2 inlier=20 | RotErr = 1.0567 rad (60.5472 deg) | TransErr = 23.87 mm [FAILS]
      Candidate choice=3 inlier=42 | RotErr = 1.5187 rad (87.0145 deg) | TransErr = 34.37 mm [FAILS]
    Alternative Pair with Shard 19 (NOT ACTIVE IN TREE):
      Candidate choice=1 inlier=30 | RotErr = 2.7840 rad (159.5101 deg) | TransErr = 41.22 mm [FAILS]
      Candidate choice=2 inlier=46 | RotErr = 2.5859 rad (148.1604 deg) | TransErr = 51.34 mm [FAILS]
      Candidate choice=3 inlier=34 | RotErr = 2.8442 rad (162.9623 deg) | TransErr = 39.61 mm [FAILS]
    Alternative Pair with Shard 29 (NOT ACTIVE IN TREE):
      [No match candidates found]
    Alternative Pair with Shard 9 (NOT ACTIVE IN TREE):
      Candidate choice=1 inlier=59 | RotErr = 2.7021 rad (154.8214 deg) | TransErr = 16.30 mm [FAILS]
    Alternative Pair with Shard 18 (NOT ACTIVE IN TREE):
      [No match candidates found]
    Alternative Pair with Shard 20 (NOT ACTIVE IN TREE):
      Candidate choice=1 inlier=24 | RotErr = 1.1941 rad (68.4151 deg) | TransErr = 29.00 mm [FAILS]
      Candidate choice=2 inlier=28 | RotErr = 1.9214 rad (110.0872 deg) | TransErr = 17.91 mm [FAILS]
      Candidate choice=3 inlier=16 | RotErr = 2.6225 rad (150.2595 deg) | TransErr = 25.70 mm [FAILS]
      Candidate choice=4 inlier=26 | RotErr = 0.9203 rad (52.7309 deg) | TransErr = 19.32 mm [FAILS]
    Alternative Pair with Shard 8 (NOT ACTIVE IN TREE):
      Candidate choice=1 inlier=0 | RotErr = 1.3989 rad (80.1490 deg) | TransErr = 151.61 mm [FAILS]
      Candidate choice=2 inlier=8 | RotErr = 2.8764 rad (164.8064 deg) | TransErr = 138.60 mm [FAILS]
    Alternative Pair with Shard 14 (NOT ACTIVE IN TREE):
      Candidate choice=1 inlier=26 | RotErr = 2.2880 rad (131.0910 deg) | TransErr = 41.37 mm [FAILS]
      Candidate choice=2 inlier=24 | RotErr = 3.1288 rad (179.2676 deg) | TransErr = 57.81 mm [FAILS]
      Candidate choice=3 inlier=28 | RotErr = 0.6038 rad (34.5937 deg) | TransErr = 42.19 mm [FAILS]
    Alternative Pair with Shard 11 (NOT ACTIVE IN TREE):
      Candidate choice=1 inlier=38 | RotErr = 2.6843 rad (153.7986 deg) | TransErr = 42.64 mm [FAILS]
    Alternative Pair with Shard 17 (ACTIVE IN TREE) [SKIPPED]
    Alternative Pair with Shard 21 (NOT ACTIVE IN TREE):
      Candidate choice=1 inlier=28 | RotErr = 1.5383 rad (88.1402 deg) | TransErr = 25.35 mm [FAILS]
    Alternative Pair with Shard 23 (NOT ACTIVE IN TREE):
      Candidate choice=1 inlier=28 | RotErr = 3.0126 rad (172.6102 deg) | TransErr = 52.13 mm [FAILS]
      Candidate choice=2 inlier=32 | RotErr = 2.7180 rad (155.7283 deg) | TransErr = 46.71 mm [FAILS]
    Alternative Pair with Shard 30 (NOT ACTIVE IN TREE):
      Candidate choice=1 inlier=24 | RotErr = 2.4741 rad (141.7530 deg) | TransErr = 41.20 mm [FAILS]
      Candidate choice=2 inlier=34 | RotErr = 2.8869 rad (165.4056 deg) | TransErr = 48.35 mm [FAILS]
      Candidate choice=3 inlier=34 | RotErr = 2.6348 rad (150.9601 deg) | TransErr = 51.68 mm [FAILS]
      Candidate choice=4 inlier=18 | RotErr = 1.6974 rad (97.2539 deg) | TransErr = 30.30 mm [FAILS]
    Alternative Pair with Shard 5 (NOT ACTIVE IN TREE):
      Candidate choice=1 inlier=22 | RotErr = 2.7662 rad (158.4903 deg) | TransErr = 33.96 mm [FAILS]
      Candidate choice=2 inlier=0 | RotErr = 0.7664 rad (43.9131 deg) | TransErr = 145.99 mm [FAILS]
      Candidate choice=3 inlier=0 | RotErr = 0.3888 rad (22.2791 deg) | TransErr = 164.73 mm [FAILS]
      Candidate choice=4 inlier=32 | RotErr = 1.0916 rad (62.5463 deg) | TransErr = 41.56 mm [FAILS]
      Candidate choice=5 inlier=0 | RotErr = 2.9865 rad (171.1155 deg) | TransErr = 148.69 mm [FAILS]
    Alternative Pair with Shard 7 (NOT ACTIVE IN TREE):
      [No match candidates found]
    Alternative Pair with Shard 24 (NOT ACTIVE IN TREE):
      Candidate choice=1 inlier=34 | RotErr = 2.6697 rad (152.9612 deg) | TransErr = 44.85 mm [FAILS]
      Candidate choice=2 inlier=34 | RotErr = 3.0569 rad (175.1499 deg) | TransErr = 44.78 mm [FAILS]
      Candidate choice=3 inlier=36 | RotErr = 0.8522 rad (48.8293 deg) | TransErr = 31.14 mm [FAILS]
    Alternative Pair with Shard 2 (NOT ACTIVE IN TREE):
      Candidate choice=1 inlier=42 | RotErr = 2.7710 rad (158.7650 deg) | TransErr = 47.38 mm [FAILS]
      Candidate choice=2 inlier=56 | RotErr = 1.1960 rad (68.5245 deg) | TransErr = 19.13 mm [FAILS]
    Alternative Pair with Shard 10 (NOT ACTIVE IN TREE):
      [No match candidates found]
    Alternative Pair with Shard 15 (NOT ACTIVE IN TREE):
      [No match candidates found]
    Alternative Pair with Shard 25 (ACTIVE IN TREE) [SKIPPED]
    Alternative Pair with Shard 26 (ACTIVE IN TREE) [SKIPPED]
    Alternative Pair with Shard 27 (ACTIVE IN TREE) [SKIPPED]
    Alternative Pair with Shard 13 (NOT ACTIVE IN TREE):
      Candidate choice=1 inlier=30 | RotErr = 0.5040 rad (28.8787 deg) | TransErr = 8.37 mm [FAILS]
      Candidate choice=2 inlier=20 | RotErr = 3.0789 rad (176.4106 deg) | TransErr = 86.99 mm [FAILS]
      Candidate choice=3 inlier=18 | RotErr = 2.9691 rad (170.1176 deg) | TransErr = 18.77 mm [FAILS]
      Candidate choice=4 inlier=22 | RotErr = 2.1475 rad (123.0419 deg) | TransErr = 81.37 mm [FAILS]
    Alternative Pair with Shard 31 (NOT ACTIVE IN TREE):
      Candidate choice=1 inlier=34 | RotErr = 3.1115 rad (178.2774 deg) | TransErr = 20.60 mm [FAILS]
      Candidate choice=2 inlier=28 | RotErr = 3.1248 rad (179.0403 deg) | TransErr = 14.46 mm [FAILS]
      Candidate choice=3 inlier=30 | RotErr = 3.1363 rad (179.6962 deg) | TransErr = 26.96 mm [FAILS]
      Candidate choice=4 inlier=28 | RotErr = 0.8938 rad (51.2101 deg) | TransErr = 4.29 mm [FAILS]
    Alternative Pair with Shard 12 (NOT ACTIVE IN TREE):
      Candidate choice=1 inlier=20 | RotErr = 2.8287 rad (162.0714 deg) | TransErr = 104.21 mm [FAILS]
    Alternative Pair with Shard 22 (NOT ACTIVE IN TREE):
      [No match candidates found]
    Alternative Pair with Shard 28 (NOT ACTIVE IN TREE):
      Candidate choice=1 inlier=30 | RotErr = 0.6584 rad (37.7208 deg) | TransErr = 6.23 mm [FAILS]
      Candidate choice=2 inlier=0 | RotErr = 1.6175 rad (92.6778 deg) | TransErr = 26.61 mm [FAILS]
    Alternative Pair with Shard 16 (NOT ACTIVE IN TREE):
      [No match candidates found]
  Shard 2 (placed by parent 21):
    Alternative Pair with Shard 1 (NOT ACTIVE IN TREE):
      Candidate choice=1 inlier=40 | RotErr = 0.2463 rad (14.1122 deg) | TransErr = 10.91 mm [FAILS]
      Candidate choice=2 inlier=22 | RotErr = 1.5398 rad (88.2266 deg) | TransErr = 6.70 mm [FAILS]
      Candidate choice=3 inlier=74 | RotErr = 0.7006 rad (40.1406 deg) | TransErr = 10.83 mm [FAILS]
      Candidate choice=4 inlier=84 | RotErr = 0.1303 rad (7.4638 deg) | TransErr = 6.58 mm [PASSES] -> Reward: +20.00
      Candidate choice=5 inlier=36 | RotErr = 1.1273 rad (64.5901 deg) | TransErr = 5.22 mm [FAILS]
    Alternative Pair with Shard 4 (NOT ACTIVE IN TREE):
      Candidate choice=1 inlier=78 | RotErr = 0.1882 rad (10.7810 deg) | TransErr = 7.30 mm [PASSES] -> Reward: +20.00
      Candidate choice=2 inlier=26 | RotErr = 2.7678 rad (158.5809 deg) | TransErr = 53.05 mm [FAILS]
    Alternative Pair with Shard 6 (NOT ACTIVE IN TREE):
      Candidate choice=1 inlier=28 | RotErr = 0.8520 rad (48.8148 deg) | TransErr = 16.68 mm [FAILS]
    Alternative Pair with Shard 19 (NOT ACTIVE IN TREE):
      Candidate choice=1 inlier=24 | RotErr = 2.9816 rad (170.8309 deg) | TransErr = 50.56 mm [FAILS]
      Candidate choice=2 inlier=24 | RotErr = 3.1100 rad (178.1871 deg) | TransErr = 36.95 mm [FAILS]
      Candidate choice=3 inlier=26 | RotErr = 3.1154 rad (178.5020 deg) | TransErr = 52.81 mm [FAILS]
      Candidate choice=4 inlier=50 | RotErr = 1.3347 rad (76.4718 deg) | TransErr = 8.66 mm [FAILS]
      Candidate choice=5 inlier=38 | RotErr = 1.9011 rad (108.9239 deg) | TransErr = 14.32 mm [FAILS]
      Candidate choice=6 inlier=36 | RotErr = 2.3220 rad (133.0384 deg) | TransErr = 11.61 mm [FAILS]
    Alternative Pair with Shard 29 (NOT ACTIVE IN TREE):
      Candidate choice=1 inlier=30 | RotErr = 3.0771 rad (176.3072 deg) | TransErr = 46.80 mm [FAILS]
    Alternative Pair with Shard 9 (NOT ACTIVE IN TREE):
      Candidate choice=1 inlier=32 | RotErr = 1.4471 rad (82.9119 deg) | TransErr = 26.81 mm [FAILS]
      Candidate choice=2 inlier=48 | RotErr = 3.1314 rad (179.4183 deg) | TransErr = 60.37 mm [FAILS]
      Candidate choice=3 inlier=81 | RotErr = 3.0984 rad (177.5281 deg) | TransErr = 68.16 mm [FAILS]
      Candidate choice=4 inlier=72 | RotErr = 2.8852 rad (165.3089 deg) | TransErr = 59.83 mm [FAILS]
      Candidate choice=5 inlier=42 | RotErr = 2.6830 rad (153.7256 deg) | TransErr = 47.00 mm [FAILS]
    Alternative Pair with Shard 18 (NOT ACTIVE IN TREE):
      Candidate choice=1 inlier=30 | RotErr = 2.4256 rad (138.9778 deg) | TransErr = 4.79 mm [FAILS]
    Alternative Pair with Shard 20 (NOT ACTIVE IN TREE):
      Candidate choice=1 inlier=26 | RotErr = 2.8839 rad (165.2349 deg) | TransErr = 46.03 mm [FAILS]
      Candidate choice=2 inlier=16 | RotErr = 2.2434 rad (128.5401 deg) | TransErr = 38.28 mm [FAILS]
      Candidate choice=3 inlier=30 | RotErr = 1.9026 rad (109.0134 deg) | TransErr = 7.12 mm [FAILS]
    Alternative Pair with Shard 8 (NOT ACTIVE IN TREE):
      [No match candidates found]
    Alternative Pair with Shard 14 (NOT ACTIVE IN TREE):
      Candidate choice=1 inlier=44 | RotErr = 2.7027 rad (154.8520 deg) | TransErr = 57.39 mm [FAILS]
      Candidate choice=2 inlier=32 | RotErr = 0.8857 rad (50.7461 deg) | TransErr = 15.53 mm [FAILS]
      Candidate choice=3 inlier=44 | RotErr = 2.9733 rad (170.3553 deg) | TransErr = 76.37 mm [FAILS]
      Candidate choice=4 inlier=48 | RotErr = 0.4934 rad (28.2674 deg) | TransErr = 13.88 mm [FAILS]
      Candidate choice=5 inlier=30 | RotErr = 2.9332 rad (168.0591 deg) | TransErr = 65.72 mm [FAILS]
      Candidate choice=6 inlier=38 | RotErr = 0.2557 rad (14.6506 deg) | TransErr = 11.15 mm [FAILS]
      Candidate choice=7 inlier=30 | RotErr = 2.9539 rad (169.2443 deg) | TransErr = 57.89 mm [FAILS]
    Alternative Pair with Shard 11 (NOT ACTIVE IN TREE):
      Candidate choice=1 inlier=36 | RotErr = 3.0975 rad (177.4746 deg) | TransErr = 38.23 mm [FAILS]
      Candidate choice=2 inlier=44 | RotErr = 1.8621 rad (106.6920 deg) | TransErr = 9.80 mm [FAILS]
      Candidate choice=3 inlier=44 | RotErr = 2.4477 rad (140.2439 deg) | TransErr = 10.58 mm [FAILS]
      Candidate choice=4 inlier=36 | RotErr = 2.8581 rad (163.7598 deg) | TransErr = 12.70 mm [FAILS]
    Alternative Pair with Shard 17 (NOT ACTIVE IN TREE):
      Candidate choice=1 inlier=22 | RotErr = 2.6491 rad (151.7813 deg) | TransErr = 47.52 mm [FAILS]
      Candidate choice=2 inlier=26 | RotErr = 1.9160 rad (109.7781 deg) | TransErr = 22.25 mm [FAILS]
      Candidate choice=3 inlier=4 | RotErr = 2.7171 rad (155.6803 deg) | TransErr = 37.79 mm [FAILS]
    Alternative Pair with Shard 21 (ACTIVE IN TREE) [SKIPPED]
    Alternative Pair with Shard 23 (NOT ACTIVE IN TREE):
      Candidate choice=1 inlier=24 | RotErr = 2.8368 rad (162.5340 deg) | TransErr = 70.67 mm [FAILS]
    Alternative Pair with Shard 30 (NOT ACTIVE IN TREE):
      Candidate choice=1 inlier=24 | RotErr = 1.6187 rad (92.7436 deg) | TransErr = 69.63 mm [FAILS]
      Candidate choice=2 inlier=22 | RotErr = 2.4361 rad (139.5810 deg) | TransErr = 57.45 mm [FAILS]
      Candidate choice=3 inlier=41 | RotErr = 1.7940 rad (102.7883 deg) | TransErr = 43.25 mm [FAILS]
      Candidate choice=4 inlier=22 | RotErr = 1.7371 rad (99.5306 deg) | TransErr = 44.52 mm [FAILS]
    Alternative Pair with Shard 5 (NOT ACTIVE IN TREE):
      [No match candidates found]
    Alternative Pair with Shard 7 (NOT ACTIVE IN TREE):
      Candidate choice=1 inlier=28 | RotErr = 2.8526 rad (163.4442 deg) | TransErr = 50.41 mm [FAILS]
      Candidate choice=2 inlier=30 | RotErr = 1.1436 rad (65.5258 deg) | TransErr = 127.81 mm [FAILS]
      Candidate choice=3 inlier=38 | RotErr = 0.0908 rad (5.2009 deg) | TransErr = 135.42 mm [FAILS]
    Alternative Pair with Shard 24 (NOT ACTIVE IN TREE):
      Candidate choice=1 inlier=42 | RotErr = 0.9853 rad (56.4557 deg) | TransErr = 16.63 mm [FAILS]
      Candidate choice=2 inlier=51 | RotErr = 0.6224 rad (35.6634 deg) | TransErr = 23.31 mm [FAILS]
      Candidate choice=3 inlier=47 | RotErr = 0.6232 rad (35.7066 deg) | TransErr = 26.37 mm [FAILS]
    Alternative Pair with Shard 3 (NOT ACTIVE IN TREE):
      Candidate choice=1 inlier=42 | RotErr = 2.7710 rad (158.7650 deg) | TransErr = 47.38 mm [FAILS]
      Candidate choice=2 inlier=56 | RotErr = 1.1960 rad (68.5245 deg) | TransErr = 19.13 mm [FAILS]
    Alternative Pair with Shard 10 (NOT ACTIVE IN TREE):
      Candidate choice=1 inlier=20 | RotErr = 2.8641 rad (164.1003 deg) | TransErr = 48.86 mm [FAILS]
      Candidate choice=2 inlier=18 | RotErr = 0.5678 rad (32.5333 deg) | TransErr = 90.92 mm [FAILS]
      Candidate choice=3 inlier=0 | RotErr = 1.8133 rad (103.8957 deg) | TransErr = 116.93 mm [FAILS]
    Alternative Pair with Shard 15 (NOT ACTIVE IN TREE):
      Candidate choice=1 inlier=28 | RotErr = 2.9191 rad (167.2548 deg) | TransErr = 50.36 mm [FAILS]
      Candidate choice=2 inlier=22 | RotErr = 2.8747 rad (164.7105 deg) | TransErr = 141.01 mm [FAILS]
    Alternative Pair with Shard 25 (NOT ACTIVE IN TREE):
      [No match candidates found]
    Alternative Pair with Shard 26 (NOT ACTIVE IN TREE):
      [No match candidates found]
    Alternative Pair with Shard 27 (NOT ACTIVE IN TREE):
      [No match candidates found]
    Alternative Pair with Shard 13 (NOT ACTIVE IN TREE):
      [No match candidates found]
    Alternative Pair with Shard 31 (NOT ACTIVE IN TREE):
      Candidate choice=1 inlier=0 | RotErr = 2.8590 rad (163.8074 deg) | TransErr = 33.57 mm [FAILS]
      Candidate choice=2 inlier=12 | RotErr = 2.7005 rad (154.7276 deg) | TransErr = 38.88 mm [FAILS]
      Candidate choice=3 inlier=24 | RotErr = 2.8922 rad (165.7132 deg) | TransErr = 25.84 mm [FAILS]
    Alternative Pair with Shard 12 (NOT ACTIVE IN TREE):
      Candidate choice=1 inlier=24 | RotErr = 1.9256 rad (110.3275 deg) | TransErr = 89.75 mm [FAILS]
    Alternative Pair with Shard 22 (NOT ACTIVE IN TREE):
      Candidate choice=1 inlier=14 | RotErr = 2.9591 rad (169.5431 deg) | TransErr = 106.41 mm [FAILS]
    Alternative Pair with Shard 28 (NOT ACTIVE IN TREE):
      [No match candidates found]
    Alternative Pair with Shard 16 (NOT ACTIVE IN TREE):
      Candidate choice=1 inlier=24 | RotErr = 2.6759 rad (153.3196 deg) | TransErr = 173.28 mm [FAILS]
      Candidate choice=2 inlier=10 | RotErr = 1.9163 rad (109.7956 deg) | TransErr = 171.40 mm [FAILS]
  Shard 10 (placed by parent 7):
    Alternative Pair with Shard 1 (NOT ACTIVE IN TREE):
      Candidate choice=1 inlier=36 | RotErr = 1.9877 rad (113.8872 deg) | TransErr = 116.58 mm [FAILS]
      Candidate choice=2 inlier=0 | RotErr = 2.7405 rad (157.0198 deg) | TransErr = 32.35 mm [FAILS]
    Alternative Pair with Shard 4 (NOT ACTIVE IN TREE):
      Candidate choice=1 inlier=28 | RotErr = 0.9785 rad (56.0664 deg) | TransErr = 94.56 mm [FAILS]
      Candidate choice=2 inlier=16 | RotErr = 2.9483 rad (168.9239 deg) | TransErr = 52.52 mm [FAILS]
      Candidate choice=3 inlier=34 | RotErr = 3.0971 rad (177.4489 deg) | TransErr = 56.47 mm [FAILS]
    Alternative Pair with Shard 6 (NOT ACTIVE IN TREE):
      Candidate choice=1 inlier=26 | RotErr = 2.8439 rad (162.9433 deg) | TransErr = 45.25 mm [FAILS]
      Candidate choice=2 inlier=0 | RotErr = 2.7415 rad (157.0739 deg) | TransErr = 42.32 mm [FAILS]
      Candidate choice=3 inlier=12 | RotErr = 3.1133 rad (178.3808 deg) | TransErr = 182.01 mm [FAILS]
    Alternative Pair with Shard 19 (NOT ACTIVE IN TREE):
      Candidate choice=1 inlier=28 | RotErr = 1.5663 rad (89.7398 deg) | TransErr = 125.96 mm [FAILS]
    Alternative Pair with Shard 29 (NOT ACTIVE IN TREE):
      Candidate choice=1 inlier=39 | RotErr = 3.0267 rad (173.4193 deg) | TransErr = 74.21 mm [FAILS]
      Candidate choice=2 inlier=32 | RotErr = 3.0695 rad (175.8680 deg) | TransErr = 61.79 mm [FAILS]
      Candidate choice=3 inlier=24 | RotErr = 0.7717 rad (44.2161 deg) | TransErr = 83.18 mm [FAILS]
    Alternative Pair with Shard 9 (NOT ACTIVE IN TREE):
      Candidate choice=1 inlier=10 | RotErr = 3.1201 rad (178.7683 deg) | TransErr = 14.81 mm [FAILS]
    Alternative Pair with Shard 18 (NOT ACTIVE IN TREE):
      Candidate choice=1 inlier=36 | RotErr = 2.9219 rad (167.4134 deg) | TransErr = 44.93 mm [FAILS]
      Candidate choice=2 inlier=24 | RotErr = 2.9041 rad (166.3940 deg) | TransErr = 47.14 mm [FAILS]
      Candidate choice=3 inlier=24 | RotErr = 2.7460 rad (157.3353 deg) | TransErr = 36.96 mm [FAILS]
      Candidate choice=4 inlier=0 | RotErr = 1.8701 rad (107.1482 deg) | TransErr = 218.70 mm [FAILS]
    Alternative Pair with Shard 20 (NOT ACTIVE IN TREE):
      Candidate choice=1 inlier=20 | RotErr = 2.2363 rad (128.1333 deg) | TransErr = 64.74 mm [FAILS]
    Alternative Pair with Shard 8 (NOT ACTIVE IN TREE):
      Candidate choice=1 inlier=28 | RotErr = 0.5149 rad (29.4994 deg) | TransErr = 40.42 mm [FAILS]
      Candidate choice=2 inlier=26 | RotErr = 1.0941 rad (62.6873 deg) | TransErr = 52.58 mm [FAILS]
      Candidate choice=3 inlier=14 | RotErr = 2.7100 rad (155.2736 deg) | TransErr = 91.29 mm [FAILS]
      Candidate choice=4 inlier=22 | RotErr = 2.5184 rad (144.2948 deg) | TransErr = 80.03 mm [FAILS]
    Alternative Pair with Shard 14 (NOT ACTIVE IN TREE):
      Candidate choice=1 inlier=18 | RotErr = 3.0478 rad (174.6246 deg) | TransErr = 85.28 mm [FAILS]
      Candidate choice=2 inlier=4 | RotErr = 1.2072 rad (69.1655 deg) | TransErr = 62.53 mm [FAILS]
    Alternative Pair with Shard 11 (NOT ACTIVE IN TREE):
      Candidate choice=1 inlier=0 | RotErr = 0.8221 rad (47.1008 deg) | TransErr = 113.07 mm [FAILS]
      Candidate choice=2 inlier=18 | RotErr = 2.7695 rad (158.6830 deg) | TransErr = 59.49 mm [FAILS]
      Candidate choice=3 inlier=36 | RotErr = 1.2404 rad (71.0713 deg) | TransErr = 38.30 mm [FAILS]
    Alternative Pair with Shard 17 (NOT ACTIVE IN TREE):
      Candidate choice=1 inlier=34 | RotErr = 2.0023 rad (114.7209 deg) | TransErr = 106.78 mm [FAILS]
      Candidate choice=2 inlier=20 | RotErr = 2.4086 rad (138.0011 deg) | TransErr = 35.15 mm [FAILS]
    Alternative Pair with Shard 21 (NOT ACTIVE IN TREE):
      Candidate choice=1 inlier=26 | RotErr = 2.9348 rad (168.1544 deg) | TransErr = 41.76 mm [FAILS]
      Candidate choice=2 inlier=32 | RotErr = 3.0464 rad (174.5454 deg) | TransErr = 60.33 mm [FAILS]
    Alternative Pair with Shard 23 (NOT ACTIVE IN TREE):
      Candidate choice=1 inlier=8 | RotErr = 2.6752 rad (153.2782 deg) | TransErr = 48.83 mm [FAILS]
      Candidate choice=2 inlier=24 | RotErr = 2.9935 rad (171.5147 deg) | TransErr = 123.79 mm [FAILS]
      Candidate choice=3 inlier=12 | RotErr = 2.7059 rad (155.0393 deg) | TransErr = 53.03 mm [FAILS]
    Alternative Pair with Shard 30 (NOT ACTIVE IN TREE):
      Candidate choice=1 inlier=14 | RotErr = 2.0800 rad (119.1776 deg) | TransErr = 122.73 mm [FAILS]
      Candidate choice=2 inlier=26 | RotErr = 2.8916 rad (165.6741 deg) | TransErr = 64.59 mm [FAILS]
    Alternative Pair with Shard 5 (NOT ACTIVE IN TREE):
      Candidate choice=1 inlier=20 | RotErr = 2.8950 rad (165.8718 deg) | TransErr = 207.06 mm [FAILS]
      Candidate choice=2 inlier=20 | RotErr = 2.1598 rad (123.7489 deg) | TransErr = 68.31 mm [FAILS]
      Candidate choice=3 inlier=32 | RotErr = 2.5939 rad (148.6182 deg) | TransErr = 152.48 mm [FAILS]
    Alternative Pair with Shard 7 (ACTIVE IN TREE) [SKIPPED]
    Alternative Pair with Shard 24 (NOT ACTIVE IN TREE):
      [No match candidates found]
    Alternative Pair with Shard 3 (NOT ACTIVE IN TREE):
      [No match candidates found]
    Alternative Pair with Shard 2 (NOT ACTIVE IN TREE):
      Candidate choice=1 inlier=20 | RotErr = 2.8641 rad (164.1003 deg) | TransErr = 48.86 mm [FAILS]
      Candidate choice=2 inlier=18 | RotErr = 0.5678 rad (32.5333 deg) | TransErr = 90.92 mm [FAILS]
      Candidate choice=3 inlier=0 | RotErr = 1.8133 rad (103.8957 deg) | TransErr = 116.93 mm [FAILS]
    Alternative Pair with Shard 15 (NOT ACTIVE IN TREE):
      Candidate choice=1 inlier=36 | RotErr = 1.8834 rad (107.9092 deg) | TransErr = 58.96 mm [FAILS]
      Candidate choice=2 inlier=24 | RotErr = 0.8805 rad (50.4518 deg) | TransErr = 23.97 mm [FAILS]
      Candidate choice=3 inlier=6 | RotErr = 2.7379 rad (156.8713 deg) | TransErr = 77.23 mm [FAILS]
      Candidate choice=4 inlier=20 | RotErr = 1.4729 rad (84.3903 deg) | TransErr = 51.56 mm [FAILS]
      Candidate choice=5 inlier=0 | RotErr = 2.9014 rad (166.2388 deg) | TransErr = 194.28 mm [FAILS]
    Alternative Pair with Shard 25 (NOT ACTIVE IN TREE):
      [No match candidates found]
    Alternative Pair with Shard 26 (NOT ACTIVE IN TREE):
      [No match candidates found]
    Alternative Pair with Shard 27 (NOT ACTIVE IN TREE):
      [No match candidates found]
    Alternative Pair with Shard 13 (NOT ACTIVE IN TREE):
      Candidate choice=1 inlier=10 | RotErr = 1.5284 rad (87.5711 deg) | TransErr = 90.25 mm [FAILS]
      Candidate choice=2 inlier=32 | RotErr = 3.0692 rad (175.8500 deg) | TransErr = 183.10 mm [FAILS]
    Alternative Pair with Shard 31 (NOT ACTIVE IN TREE):
      Candidate choice=1 inlier=20 | RotErr = 2.7082 rad (155.1681 deg) | TransErr = 51.16 mm [FAILS]
    Alternative Pair with Shard 12 (NOT ACTIVE IN TREE):
      Candidate choice=1 inlier=14 | RotErr = 0.3089 rad (17.7007 deg) | TransErr = 69.48 mm [FAILS]
      Candidate choice=2 inlier=16 | RotErr = 3.0180 rad (172.9180 deg) | TransErr = 234.36 mm [FAILS]
      Candidate choice=3 inlier=20 | RotErr = 2.3825 rad (136.5051 deg) | TransErr = 64.45 mm [FAILS]
      Candidate choice=4 inlier=24 | RotErr = 2.9222 rad (167.4276 deg) | TransErr = 227.06 mm [FAILS]
      Candidate choice=5 inlier=24 | RotErr = 1.6126 rad (92.3959 deg) | TransErr = 85.95 mm [FAILS]
      Candidate choice=6 inlier=18 | RotErr = 3.0421 rad (174.2997 deg) | TransErr = 137.04 mm [FAILS]
    Alternative Pair with Shard 22 (NOT ACTIVE IN TREE):
      Candidate choice=1 inlier=12 | RotErr = 1.4407 rad (82.5438 deg) | TransErr = 38.46 mm [FAILS]
      Candidate choice=2 inlier=16 | RotErr = 3.1353 rad (179.6376 deg) | TransErr = 213.34 mm [FAILS]
      Candidate choice=3 inlier=32 | RotErr = 3.1312 rad (179.4046 deg) | TransErr = 213.13 mm [FAILS]
      Candidate choice=4 inlier=36 | RotErr = 2.8744 rad (164.6891 deg) | TransErr = 63.75 mm [FAILS]
    Alternative Pair with Shard 28 (NOT ACTIVE IN TREE):
      Candidate choice=1 inlier=34 | RotErr = 2.6368 rad (151.0753 deg) | TransErr = 64.35 mm [FAILS]
    Alternative Pair with Shard 16 (NOT ACTIVE IN TREE):
      Candidate choice=1 inlier=16 | RotErr = 1.4646 rad (83.9133 deg) | TransErr = 44.21 mm [FAILS]
      Candidate choice=2 inlier=26 | RotErr = 3.0745 rad (176.1566 deg) | TransErr = 232.40 mm [FAILS]
      Candidate choice=3 inlier=28 | RotErr = 2.5124 rad (143.9524 deg) | TransErr = 58.08 mm [FAILS]
      Candidate choice=4 inlier=18 | RotErr = 1.8733 rad (107.3312 deg) | TransErr = 92.50 mm [FAILS]
  Shard 15 (placed by parent 7):
    Alternative Pair with Shard 1 (NOT ACTIVE IN TREE):
      Candidate choice=1 inlier=12 | RotErr = 3.1217 rad (178.8622 deg) | TransErr = 62.67 mm [FAILS]
    Alternative Pair with Shard 4 (NOT ACTIVE IN TREE):
      [No match candidates found]
    Alternative Pair with Shard 6 (NOT ACTIVE IN TREE):
      Candidate choice=1 inlier=0 | RotErr = 3.0531 rad (174.9285 deg) | TransErr = 87.50 mm [FAILS]
      Candidate choice=2 inlier=20 | RotErr = 2.8635 rad (164.0688 deg) | TransErr = 41.48 mm [FAILS]
    Alternative Pair with Shard 19 (NOT ACTIVE IN TREE):
      Candidate choice=1 inlier=12 | RotErr = 2.9337 rad (168.0909 deg) | TransErr = 53.57 mm [FAILS]
    Alternative Pair with Shard 29 (NOT ACTIVE IN TREE):
      [No match candidates found]
    Alternative Pair with Shard 9 (NOT ACTIVE IN TREE):
      Candidate choice=1 inlier=28 | RotErr = 2.5355 rad (145.2721 deg) | TransErr = 107.55 mm [FAILS]
      Candidate choice=2 inlier=14 | RotErr = 2.7680 rad (158.5965 deg) | TransErr = 80.20 mm [FAILS]
    Alternative Pair with Shard 18 (NOT ACTIVE IN TREE):
      [No match candidates found]
    Alternative Pair with Shard 20 (NOT ACTIVE IN TREE):
      Candidate choice=1 inlier=20 | RotErr = 2.3971 rad (137.3450 deg) | TransErr = 126.71 mm [FAILS]
      Candidate choice=2 inlier=20 | RotErr = 1.3282 rad (76.1020 deg) | TransErr = 126.73 mm [FAILS]
    Alternative Pair with Shard 8 (NOT ACTIVE IN TREE):
      Candidate choice=1 inlier=10 | RotErr = 2.0004 rad (114.6129 deg) | TransErr = 36.48 mm [FAILS]
    Alternative Pair with Shard 14 (NOT ACTIVE IN TREE):
      [No match candidates found]
    Alternative Pair with Shard 11 (NOT ACTIVE IN TREE):
      Candidate choice=1 inlier=16 | RotErr = 1.9077 rad (109.3034 deg) | TransErr = 49.44 mm [FAILS]
    Alternative Pair with Shard 17 (NOT ACTIVE IN TREE):
      Candidate choice=1 inlier=12 | RotErr = 2.0434 rad (117.0801 deg) | TransErr = 111.95 mm [FAILS]
    Alternative Pair with Shard 21 (NOT ACTIVE IN TREE):
      Candidate choice=1 inlier=28 | RotErr = 2.8184 rad (161.4849 deg) | TransErr = 50.86 mm [FAILS]
    Alternative Pair with Shard 23 (NOT ACTIVE IN TREE):
      Candidate choice=1 inlier=12 | RotErr = 3.1098 rad (178.1806 deg) | TransErr = 50.38 mm [FAILS]
      Candidate choice=2 inlier=22 | RotErr = 0.5182 rad (29.6897 deg) | TransErr = 153.82 mm [FAILS]
      Candidate choice=3 inlier=10 | RotErr = 3.0447 rad (174.4501 deg) | TransErr = 52.62 mm [FAILS]
    Alternative Pair with Shard 30 (NOT ACTIVE IN TREE):
      Candidate choice=1 inlier=18 | RotErr = 1.4421 rad (82.6262 deg) | TransErr = 113.59 mm [FAILS]
    Alternative Pair with Shard 5 (NOT ACTIVE IN TREE):
      Candidate choice=1 inlier=14 | RotErr = 1.2805 rad (73.3654 deg) | TransErr = 45.00 mm [FAILS]
    Alternative Pair with Shard 7 (ACTIVE IN TREE) [SKIPPED]
    Alternative Pair with Shard 24 (NOT ACTIVE IN TREE):
      Candidate choice=1 inlier=0 | RotErr = 1.5350 rad (87.9518 deg) | TransErr = 104.32 mm [FAILS]
      Candidate choice=2 inlier=18 | RotErr = 2.9870 rad (171.1448 deg) | TransErr = 93.74 mm [FAILS]
    Alternative Pair with Shard 3 (NOT ACTIVE IN TREE):
      [No match candidates found]
    Alternative Pair with Shard 2 (NOT ACTIVE IN TREE):
      Candidate choice=1 inlier=28 | RotErr = 2.9191 rad (167.2548 deg) | TransErr = 50.36 mm [FAILS]
      Candidate choice=2 inlier=22 | RotErr = 2.8747 rad (164.7105 deg) | TransErr = 141.01 mm [FAILS]
    Alternative Pair with Shard 10 (NOT ACTIVE IN TREE):
      Candidate choice=1 inlier=36 | RotErr = 1.8834 rad (107.9092 deg) | TransErr = 58.96 mm [FAILS]
      Candidate choice=2 inlier=24 | RotErr = 0.8805 rad (50.4518 deg) | TransErr = 23.97 mm [FAILS]
      Candidate choice=3 inlier=6 | RotErr = 2.7379 rad (156.8713 deg) | TransErr = 77.23 mm [FAILS]
      Candidate choice=4 inlier=20 | RotErr = 1.4729 rad (84.3903 deg) | TransErr = 51.56 mm [FAILS]
      Candidate choice=5 inlier=0 | RotErr = 2.9014 rad (166.2388 deg) | TransErr = 194.28 mm [FAILS]
    Alternative Pair with Shard 25 (NOT ACTIVE IN TREE):
      Candidate choice=1 inlier=14 | RotErr = 0.6069 rad (34.7710 deg) | TransErr = 59.02 mm [FAILS]
      Candidate choice=2 inlier=14 | RotErr = 0.7737 rad (44.3308 deg) | TransErr = 60.87 mm [FAILS]
    Alternative Pair with Shard 26 (NOT ACTIVE IN TREE):
      [No match candidates found]
    Alternative Pair with Shard 27 (NOT ACTIVE IN TREE):
      [No match candidates found]
    Alternative Pair with Shard 13 (NOT ACTIVE IN TREE):
      Candidate choice=1 inlier=18 | RotErr = 0.6474 rad (37.0923 deg) | TransErr = 46.18 mm [FAILS]
    Alternative Pair with Shard 31 (NOT ACTIVE IN TREE):
      Candidate choice=1 inlier=28 | RotErr = 2.5001 rad (143.2442 deg) | TransErr = 38.71 mm [FAILS]
    Alternative Pair with Shard 12 (NOT ACTIVE IN TREE):
      Candidate choice=1 inlier=14 | RotErr = 2.9396 rad (168.4259 deg) | TransErr = 192.95 mm [FAILS]
      Candidate choice=2 inlier=18 | RotErr = 2.8886 rad (165.5027 deg) | TransErr = 169.50 mm [FAILS]
      Candidate choice=3 inlier=22 | RotErr = 1.3429 rad (76.9412 deg) | TransErr = 68.99 mm [FAILS]
      Candidate choice=4 inlier=10 | RotErr = 2.7816 rad (159.3716 deg) | TransErr = 43.56 mm [FAILS]
    Alternative Pair with Shard 22 (NOT ACTIVE IN TREE):
      Candidate choice=1 inlier=18 | RotErr = 0.5252 rad (30.0890 deg) | TransErr = 30.31 mm [FAILS]
      Candidate choice=2 inlier=12 | RotErr = 2.9473 rad (168.8706 deg) | TransErr = 193.49 mm [FAILS]
      Candidate choice=3 inlier=18 | RotErr = 2.8922 rad (165.7105 deg) | TransErr = 186.46 mm [FAILS]
    Alternative Pair with Shard 28 (NOT ACTIVE IN TREE):
      [No match candidates found]
    Alternative Pair with Shard 16 (NOT ACTIVE IN TREE):
      Candidate choice=1 inlier=16 | RotErr = 2.9904 rad (171.3401 deg) | TransErr = 212.89 mm [FAILS]
      Candidate choice=2 inlier=18 | RotErr = 2.7760 rad (159.0510 deg) | TransErr = 224.25 mm [FAILS]
  Shard 25 (placed by parent 3):
    Alternative Pair with Shard 1 (NOT ACTIVE IN TREE):
      [No match candidates found]
    Alternative Pair with Shard 4 (NOT ACTIVE IN TREE):
      Candidate choice=1 inlier=32 | RotErr = 2.7834 rad (159.4792 deg) | TransErr = 36.59 mm [FAILS]
    Alternative Pair with Shard 6 (NOT ACTIVE IN TREE):
      Candidate choice=1 inlier=26 | RotErr = 1.5015 rad (86.0286 deg) | TransErr = 42.36 mm [FAILS]
    Alternative Pair with Shard 19 (NOT ACTIVE IN TREE):
      [No match candidates found]
    Alternative Pair with Shard 29 (NOT ACTIVE IN TREE):
      [No match candidates found]
    Alternative Pair with Shard 9 (NOT ACTIVE IN TREE):
      [No match candidates found]
    Alternative Pair with Shard 18 (NOT ACTIVE IN TREE):
      [No match candidates found]
    Alternative Pair with Shard 20 (NOT ACTIVE IN TREE):
      Candidate choice=1 inlier=46 | RotErr = 1.7350 rad (99.4086 deg) | TransErr = 18.79 mm [FAILS]
    Alternative Pair with Shard 8 (NOT ACTIVE IN TREE):
      [No match candidates found]
    Alternative Pair with Shard 14 (NOT ACTIVE IN TREE):
      Candidate choice=1 inlier=49 | RotErr = 2.7820 rad (159.3948 deg) | TransErr = 48.23 mm [FAILS]
    Alternative Pair with Shard 11 (NOT ACTIVE IN TREE):
      Candidate choice=1 inlier=32 | RotErr = 1.4047 rad (80.4811 deg) | TransErr = 24.04 mm [FAILS]
    Alternative Pair with Shard 17 (NOT ACTIVE IN TREE):
      [No match candidates found]
    Alternative Pair with Shard 21 (NOT ACTIVE IN TREE):
      [No match candidates found]
    Alternative Pair with Shard 23 (NOT ACTIVE IN TREE):
      [No match candidates found]
    Alternative Pair with Shard 30 (NOT ACTIVE IN TREE):
      [No match candidates found]
    Alternative Pair with Shard 5 (NOT ACTIVE IN TREE):
      Candidate choice=1 inlier=0 | RotErr = 2.8589 rad (163.8026 deg) | TransErr = 106.09 mm [FAILS]
      Candidate choice=2 inlier=16 | RotErr = 2.9609 rad (169.6499 deg) | TransErr = 148.18 mm [FAILS]
      Candidate choice=3 inlier=47 | RotErr = 0.6529 rad (37.4078 deg) | TransErr = 26.14 mm [FAILS]
      Candidate choice=4 inlier=60 | RotErr = 0.8097 rad (46.3905 deg) | TransErr = 25.70 mm [FAILS]
    Alternative Pair with Shard 7 (NOT ACTIVE IN TREE):
      [No match candidates found]
    Alternative Pair with Shard 24 (NOT ACTIVE IN TREE):
      [No match candidates found]
    Alternative Pair with Shard 3 (ACTIVE IN TREE) [SKIPPED]
    Alternative Pair with Shard 2 (NOT ACTIVE IN TREE):
      [No match candidates found]
    Alternative Pair with Shard 10 (NOT ACTIVE IN TREE):
      [No match candidates found]
    Alternative Pair with Shard 15 (NOT ACTIVE IN TREE):
      Candidate choice=1 inlier=14 | RotErr = 0.6069 rad (34.7710 deg) | TransErr = 59.02 mm [FAILS]
      Candidate choice=2 inlier=14 | RotErr = 0.7737 rad (44.3308 deg) | TransErr = 60.87 mm [FAILS]
    Alternative Pair with Shard 26 (NOT ACTIVE IN TREE):
      Candidate choice=1 inlier=26 | RotErr = 0.7730 rad (44.2887 deg) | TransErr = 9.86 mm [FAILS]
    Alternative Pair with Shard 27 (NOT ACTIVE IN TREE):
      Candidate choice=1 inlier=12 | RotErr = 1.3633 rad (78.1094 deg) | TransErr = 20.02 mm [FAILS]
    Alternative Pair with Shard 13 (ACTIVE IN TREE) [SKIPPED]
    Alternative Pair with Shard 31 (ACTIVE IN TREE) [SKIPPED]
    Alternative Pair with Shard 12 (NOT ACTIVE IN TREE):
      Candidate choice=1 inlier=22 | RotErr = 2.9432 rad (168.6305 deg) | TransErr = 141.68 mm [FAILS]
    Alternative Pair with Shard 22 (NOT ACTIVE IN TREE):
      [No match candidates found]
    Alternative Pair with Shard 28 (NOT ACTIVE IN TREE):
      [No match candidates found]
    Alternative Pair with Shard 16 (NOT ACTIVE IN TREE):
      Candidate choice=1 inlier=28 | RotErr = 2.6191 rad (150.0631 deg) | TransErr = 113.64 mm [FAILS]
  Shard 26 (placed by parent 3):
    Alternative Pair with Shard 1 (NOT ACTIVE IN TREE):
      [No match candidates found]
    Alternative Pair with Shard 4 (NOT ACTIVE IN TREE):
      [No match candidates found]
    Alternative Pair with Shard 6 (NOT ACTIVE IN TREE):
      [No match candidates found]
    Alternative Pair with Shard 19 (NOT ACTIVE IN TREE):
      Candidate choice=1 inlier=26 | RotErr = 2.8815 rad (165.0959 deg) | TransErr = 24.89 mm [FAILS]
    Alternative Pair with Shard 29 (NOT ACTIVE IN TREE):
      [No match candidates found]
    Alternative Pair with Shard 9 (NOT ACTIVE IN TREE):
      [No match candidates found]
    Alternative Pair with Shard 18 (NOT ACTIVE IN TREE):
      [No match candidates found]
    Alternative Pair with Shard 20 (NOT ACTIVE IN TREE):
      Candidate choice=1 inlier=8 | RotErr = 1.3805 rad (79.0960 deg) | TransErr = 32.62 mm [FAILS]
      Candidate choice=2 inlier=18 | RotErr = 2.7802 rad (159.2937 deg) | TransErr = 36.29 mm [FAILS]
    Alternative Pair with Shard 8 (NOT ACTIVE IN TREE):
      [No match candidates found]
    Alternative Pair with Shard 14 (NOT ACTIVE IN TREE):
      [No match candidates found]
    Alternative Pair with Shard 11 (NOT ACTIVE IN TREE):
      Candidate choice=1 inlier=47 | RotErr = 2.4452 rad (140.0982 deg) | TransErr = 26.92 mm [FAILS]
    Alternative Pair with Shard 17 (NOT ACTIVE IN TREE):
      Candidate choice=1 inlier=20 | RotErr = 1.4979 rad (85.8251 deg) | TransErr = 25.85 mm [FAILS]
      Candidate choice=2 inlier=16 | RotErr = 1.7584 rad (100.7511 deg) | TransErr = 11.20 mm [FAILS]
    Alternative Pair with Shard 21 (NOT ACTIVE IN TREE):
      Candidate choice=1 inlier=26 | RotErr = 1.7022 rad (97.5317 deg) | TransErr = 20.69 mm [FAILS]
    Alternative Pair with Shard 23 (NOT ACTIVE IN TREE):
      Candidate choice=1 inlier=20 | RotErr = 1.6390 rad (93.9090 deg) | TransErr = 15.87 mm [FAILS]
    Alternative Pair with Shard 30 (NOT ACTIVE IN TREE):
      Candidate choice=1 inlier=30 | RotErr = 1.6192 rad (92.7734 deg) | TransErr = 38.09 mm [FAILS]
    Alternative Pair with Shard 5 (NOT ACTIVE IN TREE):
      [No match candidates found]
    Alternative Pair with Shard 7 (NOT ACTIVE IN TREE):
      [No match candidates found]
    Alternative Pair with Shard 24 (NOT ACTIVE IN TREE):
      Candidate choice=1 inlier=34 | RotErr = 0.4283 rad (24.5382 deg) | TransErr = 29.08 mm [FAILS]
      Candidate choice=2 inlier=22 | RotErr = 1.2184 rad (69.8094 deg) | TransErr = 25.98 mm [FAILS]
    Alternative Pair with Shard 3 (ACTIVE IN TREE) [SKIPPED]
    Alternative Pair with Shard 2 (NOT ACTIVE IN TREE):
      [No match candidates found]
    Alternative Pair with Shard 10 (NOT ACTIVE IN TREE):
      [No match candidates found]
    Alternative Pair with Shard 15 (NOT ACTIVE IN TREE):
      [No match candidates found]
    Alternative Pair with Shard 25 (NOT ACTIVE IN TREE):
      Candidate choice=1 inlier=26 | RotErr = 0.7730 rad (44.2887 deg) | TransErr = 9.86 mm [FAILS]
    Alternative Pair with Shard 27 (NOT ACTIVE IN TREE):
      [No match candidates found]
    Alternative Pair with Shard 13 (NOT ACTIVE IN TREE):
      Candidate choice=1 inlier=26 | RotErr = 1.1848 rad (67.8836 deg) | TransErr = 14.64 mm [FAILS]
    Alternative Pair with Shard 31 (NOT ACTIVE IN TREE):
      [No match candidates found]
    Alternative Pair with Shard 12 (NOT ACTIVE IN TREE):
      [No match candidates found]
    Alternative Pair with Shard 22 (NOT ACTIVE IN TREE):
      Candidate choice=1 inlier=24 | RotErr = 3.0034 rad (172.0833 deg) | TransErr = 64.82 mm [FAILS]
    Alternative Pair with Shard 28 (NOT ACTIVE IN TREE):
      [No match candidates found]
    Alternative Pair with Shard 16 (NOT ACTIVE IN TREE):
      [No match candidates found]
  Shard 27 (placed by parent 3):
    Alternative Pair with Shard 1 (NOT ACTIVE IN TREE):
      Candidate choice=1 inlier=14 | RotErr = 3.0837 rad (176.6826 deg) | TransErr = 25.18 mm [FAILS]
    Alternative Pair with Shard 4 (NOT ACTIVE IN TREE):
      Candidate choice=1 inlier=26 | RotErr = 2.3594 rad (135.1824 deg) | TransErr = 35.84 mm [FAILS]
    Alternative Pair with Shard 6 (NOT ACTIVE IN TREE):
      [No match candidates found]
    Alternative Pair with Shard 19 (NOT ACTIVE IN TREE):
      Candidate choice=1 inlier=32 | RotErr = 2.9857 rad (171.0686 deg) | TransErr = 27.45 mm [FAILS]
      Candidate choice=2 inlier=10 | RotErr = 2.9682 rad (170.0664 deg) | TransErr = 25.74 mm [FAILS]
    Alternative Pair with Shard 29 (NOT ACTIVE IN TREE):
      [No match candidates found]
    Alternative Pair with Shard 9 (NOT ACTIVE IN TREE):
      [No match candidates found]
    Alternative Pair with Shard 18 (NOT ACTIVE IN TREE):
      [No match candidates found]
    Alternative Pair with Shard 20 (NOT ACTIVE IN TREE):
      [No match candidates found]
    Alternative Pair with Shard 8 (NOT ACTIVE IN TREE):
      Candidate choice=1 inlier=34 | RotErr = 0.7215 rad (41.3395 deg) | TransErr = 28.26 mm [FAILS]
    Alternative Pair with Shard 14 (NOT ACTIVE IN TREE):
      [No match candidates found]
    Alternative Pair with Shard 11 (NOT ACTIVE IN TREE):
      Candidate choice=1 inlier=45 | RotErr = 2.9617 rad (169.6941 deg) | TransErr = 26.71 mm [FAILS]
      Candidate choice=2 inlier=36 | RotErr = 2.5271 rad (144.7950 deg) | TransErr = 25.48 mm [FAILS]
    Alternative Pair with Shard 17 (NOT ACTIVE IN TREE):
      [No match candidates found]
    Alternative Pair with Shard 21 (NOT ACTIVE IN TREE):
      [No match candidates found]
    Alternative Pair with Shard 23 (NOT ACTIVE IN TREE):
      Candidate choice=1 inlier=8 | RotErr = 2.7057 rad (155.0262 deg) | TransErr = 36.34 mm [FAILS]
    Alternative Pair with Shard 30 (NOT ACTIVE IN TREE):
      [No match candidates found]
    Alternative Pair with Shard 5 (NOT ACTIVE IN TREE):
      Candidate choice=1 inlier=30 | RotErr = 1.1957 rad (68.5061 deg) | TransErr = 20.14 mm [FAILS]
      Candidate choice=2 inlier=30 | RotErr = 0.6498 rad (37.2289 deg) | TransErr = 26.68 mm [FAILS]
    Alternative Pair with Shard 7 (NOT ACTIVE IN TREE):
      [No match candidates found]
    Alternative Pair with Shard 24 (NOT ACTIVE IN TREE):
      Candidate choice=1 inlier=6 | RotErr = 0.8090 rad (46.3527 deg) | TransErr = 24.56 mm [FAILS]
      Candidate choice=2 inlier=16 | RotErr = 1.1788 rad (67.5403 deg) | TransErr = 32.87 mm [FAILS]
    Alternative Pair with Shard 3 (ACTIVE IN TREE) [SKIPPED]
    Alternative Pair with Shard 2 (NOT ACTIVE IN TREE):
      [No match candidates found]
    Alternative Pair with Shard 10 (NOT ACTIVE IN TREE):
      [No match candidates found]
    Alternative Pair with Shard 15 (NOT ACTIVE IN TREE):
      [No match candidates found]
    Alternative Pair with Shard 25 (NOT ACTIVE IN TREE):
      Candidate choice=1 inlier=12 | RotErr = 1.3633 rad (78.1094 deg) | TransErr = 20.02 mm [FAILS]
    Alternative Pair with Shard 26 (NOT ACTIVE IN TREE):
      [No match candidates found]
    Alternative Pair with Shard 13 (NOT ACTIVE IN TREE):
      Candidate choice=1 inlier=20 | RotErr = 2.2953 rad (131.5125 deg) | TransErr = 40.01 mm [FAILS]
      Candidate choice=2 inlier=22 | RotErr = 0.8809 rad (50.4726 deg) | TransErr = 21.25 mm [FAILS]
    Alternative Pair with Shard 31 (NOT ACTIVE IN TREE):
      [No match candidates found]
    Alternative Pair with Shard 12 (NOT ACTIVE IN TREE):
      [No match candidates found]
    Alternative Pair with Shard 22 (NOT ACTIVE IN TREE):
      [No match candidates found]
    Alternative Pair with Shard 28 (NOT ACTIVE IN TREE):
      Candidate choice=1 inlier=22 | RotErr = 2.1613 rad (123.8362 deg) | TransErr = 29.91 mm [FAILS]
    Alternative Pair with Shard 16 (NOT ACTIVE IN TREE):
      [No match candidates found]
  Shard 13 (placed by parent 25):
    Alternative Pair with Shard 1 (NOT ACTIVE IN TREE):
      Candidate choice=1 inlier=30 | RotErr = 2.8891 rad (165.5324 deg) | TransErr = 37.78 mm [FAILS]
      Candidate choice=2 inlier=34 | RotErr = 1.4623 rad (83.7828 deg) | TransErr = 20.42 mm [FAILS]
    Alternative Pair with Shard 4 (NOT ACTIVE IN TREE):
      [No match candidates found]
    Alternative Pair with Shard 6 (NOT ACTIVE IN TREE):
      Candidate choice=1 inlier=12 | RotErr = 1.5803 rad (90.5433 deg) | TransErr = 13.87 mm [FAILS]
    Alternative Pair with Shard 19 (NOT ACTIVE IN TREE):
      Candidate choice=1 inlier=30 | RotErr = 0.8561 rad (49.0524 deg) | TransErr = 122.17 mm [FAILS]
      Candidate choice=2 inlier=18 | RotErr = 0.9189 rad (52.6509 deg) | TransErr = 36.27 mm [FAILS]
      Candidate choice=3 inlier=0 | RotErr = 3.1183 rad (178.6636 deg) | TransErr = 82.36 mm [FAILS]
      Candidate choice=4 inlier=52 | RotErr = 2.4384 rad (139.7094 deg) | TransErr = 26.11 mm [FAILS]
      Candidate choice=5 inlier=40 | RotErr = 2.3872 rad (136.7767 deg) | TransErr = 40.47 mm [FAILS]
    Alternative Pair with Shard 29 (NOT ACTIVE IN TREE):
      Candidate choice=1 inlier=36 | RotErr = 3.1120 rad (178.3023 deg) | TransErr = 66.05 mm [FAILS]
    Alternative Pair with Shard 9 (NOT ACTIVE IN TREE):
      Candidate choice=1 inlier=20 | RotErr = 0.7212 rad (41.3216 deg) | TransErr = 136.33 mm [FAILS]
    Alternative Pair with Shard 18 (NOT ACTIVE IN TREE):
      Candidate choice=1 inlier=6 | RotErr = 2.7836 rad (159.4897 deg) | TransErr = 82.22 mm [FAILS]
    Alternative Pair with Shard 20 (NOT ACTIVE IN TREE):
      Candidate choice=1 inlier=40 | RotErr = 1.8214 rad (104.3593 deg) | TransErr = 106.28 mm [FAILS]
      Candidate choice=2 inlier=32 | RotErr = 1.5865 rad (90.8988 deg) | TransErr = 22.39 mm [FAILS]
    Alternative Pair with Shard 8 (NOT ACTIVE IN TREE):
      Candidate choice=1 inlier=0 | RotErr = 2.5813 rad (147.8950 deg) | TransErr = 36.73 mm [FAILS]
      Candidate choice=2 inlier=12 | RotErr = 3.1397 rad (179.8920 deg) | TransErr = 167.58 mm [FAILS]
      Candidate choice=3 inlier=36 | RotErr = 1.2777 rad (73.2043 deg) | TransErr = 28.49 mm [FAILS]
    Alternative Pair with Shard 14 (NOT ACTIVE IN TREE):
      Candidate choice=1 inlier=34 | RotErr = 2.7800 rad (159.2847 deg) | TransErr = 45.98 mm [FAILS]
      Candidate choice=2 inlier=32 | RotErr = 3.1228 rad (178.9216 deg) | TransErr = 47.44 mm [FAILS]
    Alternative Pair with Shard 11 (NOT ACTIVE IN TREE):
      Candidate choice=1 inlier=38 | RotErr = 0.4901 rad (28.0815 deg) | TransErr = 54.39 mm [FAILS]
    Alternative Pair with Shard 17 (NOT ACTIVE IN TREE):
      Candidate choice=1 inlier=26 | RotErr = 2.1540 rad (123.4140 deg) | TransErr = 118.64 mm [FAILS]
      Candidate choice=2 inlier=34 | RotErr = 3.0108 rad (172.5058 deg) | TransErr = 109.05 mm [FAILS]
    Alternative Pair with Shard 21 (NOT ACTIVE IN TREE):
      [No match candidates found]
    Alternative Pair with Shard 23 (NOT ACTIVE IN TREE):
      Candidate choice=1 inlier=18 | RotErr = 2.9203 rad (167.3223 deg) | TransErr = 56.32 mm [FAILS]
    Alternative Pair with Shard 30 (NOT ACTIVE IN TREE):
      Candidate choice=1 inlier=30 | RotErr = 2.2406 rad (128.3788 deg) | TransErr = 100.83 mm [FAILS]
    Alternative Pair with Shard 5 (NOT ACTIVE IN TREE):
      Candidate choice=1 inlier=0 | RotErr = 3.0765 rad (176.2699 deg) | TransErr = 178.10 mm [FAILS]
      Candidate choice=2 inlier=32 | RotErr = 0.5265 rad (30.1665 deg) | TransErr = 20.17 mm [FAILS]
      Candidate choice=3 inlier=46 | RotErr = 2.6061 rad (149.3211 deg) | TransErr = 36.58 mm [FAILS]
    Alternative Pair with Shard 7 (NOT ACTIVE IN TREE):
      Candidate choice=1 inlier=26 | RotErr = 2.1044 rad (120.5740 deg) | TransErr = 27.18 mm [FAILS]
      Candidate choice=2 inlier=38 | RotErr = 2.8095 rad (160.9699 deg) | TransErr = 101.18 mm [FAILS]
    Alternative Pair with Shard 24 (NOT ACTIVE IN TREE):
      Candidate choice=1 inlier=30 | RotErr = 2.7322 rad (156.5423 deg) | TransErr = 71.62 mm [FAILS]
      Candidate choice=2 inlier=28 | RotErr = 1.4703 rad (84.2443 deg) | TransErr = 51.16 mm [FAILS]
    Alternative Pair with Shard 3 (NOT ACTIVE IN TREE):
      Candidate choice=1 inlier=30 | RotErr = 0.5040 rad (28.8787 deg) | TransErr = 8.37 mm [FAILS]
      Candidate choice=2 inlier=20 | RotErr = 3.0789 rad (176.4106 deg) | TransErr = 86.99 mm [FAILS]
      Candidate choice=3 inlier=18 | RotErr = 2.9691 rad (170.1176 deg) | TransErr = 18.77 mm [FAILS]
      Candidate choice=4 inlier=22 | RotErr = 2.1475 rad (123.0419 deg) | TransErr = 81.37 mm [FAILS]
    Alternative Pair with Shard 2 (NOT ACTIVE IN TREE):
      [No match candidates found]
    Alternative Pair with Shard 10 (NOT ACTIVE IN TREE):
      Candidate choice=1 inlier=10 | RotErr = 1.5284 rad (87.5711 deg) | TransErr = 90.25 mm [FAILS]
      Candidate choice=2 inlier=32 | RotErr = 3.0692 rad (175.8500 deg) | TransErr = 183.10 mm [FAILS]
    Alternative Pair with Shard 15 (NOT ACTIVE IN TREE):
      Candidate choice=1 inlier=18 | RotErr = 0.6474 rad (37.0923 deg) | TransErr = 46.18 mm [FAILS]
    Alternative Pair with Shard 25 (ACTIVE IN TREE) [SKIPPED]
    Alternative Pair with Shard 26 (NOT ACTIVE IN TREE):
      Candidate choice=1 inlier=26 | RotErr = 1.1848 rad (67.8836 deg) | TransErr = 14.64 mm [FAILS]
    Alternative Pair with Shard 27 (NOT ACTIVE IN TREE):
      Candidate choice=1 inlier=20 | RotErr = 2.2953 rad (131.5125 deg) | TransErr = 40.01 mm [FAILS]
      Candidate choice=2 inlier=22 | RotErr = 0.8809 rad (50.4726 deg) | TransErr = 21.25 mm [FAILS]
    Alternative Pair with Shard 31 (NOT ACTIVE IN TREE):
      Candidate choice=1 inlier=30 | RotErr = 0.1441 rad (8.2557 deg) | TransErr = 7.93 mm [PASSES] -> Reward: +20.00
    Alternative Pair with Shard 12 (ACTIVE IN TREE) [SKIPPED]
    Alternative Pair with Shard 22 (ACTIVE IN TREE) [SKIPPED]
    Alternative Pair with Shard 28 (NOT ACTIVE IN TREE):
      Candidate choice=1 inlier=41 | RotErr = 0.0891 rad (5.1057 deg) | TransErr = 7.10 mm [PASSES] -> Reward: +20.00
    Alternative Pair with Shard 16 (NOT ACTIVE IN TREE):
      Candidate choice=1 inlier=26 | RotErr = 3.0744 rad (176.1481 deg) | TransErr = 231.61 mm [FAILS]
      Candidate choice=2 inlier=34 | RotErr = 1.4995 rad (85.9177 deg) | TransErr = 57.73 mm [FAILS]
      Candidate choice=3 inlier=18 | RotErr = 2.9300 rad (167.8789 deg) | TransErr = 128.90 mm [FAILS]
      Candidate choice=4 inlier=28 | RotErr = 2.8912 rad (165.6531 deg) | TransErr = 125.26 mm [FAILS]
  Shard 31 (placed by parent 25):
    Alternative Pair with Shard 1 (NOT ACTIVE IN TREE):
      Candidate choice=1 inlier=26 | RotErr = 2.9735 rad (170.3702 deg) | TransErr = 57.89 mm [FAILS]
    Alternative Pair with Shard 4 (NOT ACTIVE IN TREE):
      Candidate choice=1 inlier=20 | RotErr = 1.9363 rad (110.9424 deg) | TransErr = 8.46 mm [FAILS]
    Alternative Pair with Shard 6 (NOT ACTIVE IN TREE):
      Candidate choice=1 inlier=45 | RotErr = 2.9095 rad (166.7001 deg) | TransErr = 27.83 mm [FAILS]
    Alternative Pair with Shard 19 (NOT ACTIVE IN TREE):
      [No match candidates found]
    Alternative Pair with Shard 29 (NOT ACTIVE IN TREE):
      [No match candidates found]
    Alternative Pair with Shard 9 (NOT ACTIVE IN TREE):
      Candidate choice=1 inlier=18 | RotErr = 1.3612 rad (77.9924 deg) | TransErr = 15.92 mm [FAILS]
      Candidate choice=2 inlier=26 | RotErr = 1.8464 rad (105.7897 deg) | TransErr = 14.83 mm [FAILS]
    Alternative Pair with Shard 18 (NOT ACTIVE IN TREE):
      Candidate choice=1 inlier=8 | RotErr = 3.1135 rad (178.3890 deg) | TransErr = 97.55 mm [FAILS]
    Alternative Pair with Shard 20 (NOT ACTIVE IN TREE):
      Candidate choice=1 inlier=26 | RotErr = 2.5371 rad (145.3654 deg) | TransErr = 28.96 mm [FAILS]
      Candidate choice=2 inlier=20 | RotErr = 2.3225 rad (133.0669 deg) | TransErr = 10.24 mm [FAILS]
      Candidate choice=3 inlier=20 | RotErr = 2.8994 rad (166.1252 deg) | TransErr = 45.61 mm [FAILS]
    Alternative Pair with Shard 8 (NOT ACTIVE IN TREE):
      [No match candidates found]
    Alternative Pair with Shard 14 (NOT ACTIVE IN TREE):
      Candidate choice=1 inlier=34 | RotErr = 1.8586 rad (106.4924 deg) | TransErr = 28.06 mm [FAILS]
      Candidate choice=2 inlier=20 | RotErr = 3.1184 rad (178.6730 deg) | TransErr = 61.91 mm [FAILS]
    Alternative Pair with Shard 11 (NOT ACTIVE IN TREE):
      [No match candidates found]
    Alternative Pair with Shard 17 (NOT ACTIVE IN TREE):
      Candidate choice=1 inlier=20 | RotErr = 2.5993 rad (148.9271 deg) | TransErr = 16.53 mm [FAILS]
    Alternative Pair with Shard 21 (NOT ACTIVE IN TREE):
      Candidate choice=1 inlier=46 | RotErr = 2.8165 rad (161.3724 deg) | TransErr = 13.88 mm [FAILS]
      Candidate choice=2 inlier=26 | RotErr = 1.3814 rad (79.1493 deg) | TransErr = 32.69 mm [FAILS]
      Candidate choice=3 inlier=18 | RotErr = 2.7304 rad (156.4410 deg) | TransErr = 24.09 mm [FAILS]
    Alternative Pair with Shard 23 (NOT ACTIVE IN TREE):
      Candidate choice=1 inlier=28 | RotErr = 3.0139 rad (172.6833 deg) | TransErr = 25.96 mm [FAILS]
    Alternative Pair with Shard 30 (NOT ACTIVE IN TREE):
      [No match candidates found]
    Alternative Pair with Shard 5 (NOT ACTIVE IN TREE):
      [No match candidates found]
    Alternative Pair with Shard 7 (NOT ACTIVE IN TREE):
      Candidate choice=1 inlier=32 | RotErr = 1.5453 rad (88.5394 deg) | TransErr = 41.93 mm [FAILS]
      Candidate choice=2 inlier=12 | RotErr = 2.6120 rad (149.6540 deg) | TransErr = 46.24 mm [FAILS]
      Candidate choice=3 inlier=0 | RotErr = 2.9622 rad (169.7233 deg) | TransErr = 99.58 mm [FAILS]
      Candidate choice=4 inlier=0 | RotErr = 2.9023 rad (166.2899 deg) | TransErr = 103.19 mm [FAILS]
    Alternative Pair with Shard 24 (NOT ACTIVE IN TREE):
      Candidate choice=1 inlier=26 | RotErr = 1.7203 rad (98.5681 deg) | TransErr = 35.24 mm [FAILS]
    Alternative Pair with Shard 3 (NOT ACTIVE IN TREE):
      Candidate choice=1 inlier=34 | RotErr = 3.1115 rad (178.2774 deg) | TransErr = 20.60 mm [FAILS]
      Candidate choice=2 inlier=28 | RotErr = 3.1248 rad (179.0403 deg) | TransErr = 14.46 mm [FAILS]
      Candidate choice=3 inlier=30 | RotErr = 3.1363 rad (179.6962 deg) | TransErr = 26.96 mm [FAILS]
      Candidate choice=4 inlier=28 | RotErr = 0.8938 rad (51.2101 deg) | TransErr = 4.29 mm [FAILS]
    Alternative Pair with Shard 2 (NOT ACTIVE IN TREE):
      Candidate choice=1 inlier=0 | RotErr = 2.8590 rad (163.8074 deg) | TransErr = 33.57 mm [FAILS]
      Candidate choice=2 inlier=12 | RotErr = 2.7005 rad (154.7276 deg) | TransErr = 38.88 mm [FAILS]
      Candidate choice=3 inlier=24 | RotErr = 2.8922 rad (165.7132 deg) | TransErr = 25.84 mm [FAILS]
    Alternative Pair with Shard 10 (NOT ACTIVE IN TREE):
      Candidate choice=1 inlier=20 | RotErr = 2.7082 rad (155.1681 deg) | TransErr = 51.16 mm [FAILS]
    Alternative Pair with Shard 15 (NOT ACTIVE IN TREE):
      Candidate choice=1 inlier=28 | RotErr = 2.5001 rad (143.2442 deg) | TransErr = 38.71 mm [FAILS]
    Alternative Pair with Shard 25 (ACTIVE IN TREE) [SKIPPED]
    Alternative Pair with Shard 26 (NOT ACTIVE IN TREE):
      [No match candidates found]
    Alternative Pair with Shard 27 (NOT ACTIVE IN TREE):
      [No match candidates found]
    Alternative Pair with Shard 13 (NOT ACTIVE IN TREE):
      Candidate choice=1 inlier=30 | RotErr = 0.1441 rad (8.2557 deg) | TransErr = 7.93 mm [PASSES] -> Reward: +20.00
    Alternative Pair with Shard 12 (NOT ACTIVE IN TREE):
      [No match candidates found]
    Alternative Pair with Shard 22 (NOT ACTIVE IN TREE):
      [No match candidates found]
    Alternative Pair with Shard 28 (ACTIVE IN TREE) [SKIPPED]
    Alternative Pair with Shard 16 (NOT ACTIVE IN TREE):
      Candidate choice=1 inlier=18 | RotErr = 1.2387 rad (70.9732 deg) | TransErr = 75.30 mm [FAILS]
      Candidate choice=2 inlier=24 | RotErr = 2.9402 rad (168.4594 deg) | TransErr = 109.26 mm [FAILS]
  Shard 12 (placed by parent 13):
    Alternative Pair with Shard 1 (NOT ACTIVE IN TREE):
      Candidate choice=1 inlier=26 | RotErr = 3.0157 rad (172.7861 deg) | TransErr = 34.01 mm [FAILS]
    Alternative Pair with Shard 4 (NOT ACTIVE IN TREE):
      [No match candidates found]
    Alternative Pair with Shard 6 (NOT ACTIVE IN TREE):
      Candidate choice=1 inlier=26 | RotErr = 2.5237 rad (144.5959 deg) | TransErr = 157.63 mm [FAILS]
      Candidate choice=2 inlier=32 | RotErr = 2.6971 rad (154.5329 deg) | TransErr = 170.83 mm [FAILS]
      Candidate choice=3 inlier=12 | RotErr = 2.9602 rad (169.6064 deg) | TransErr = 54.94 mm [FAILS]
      Candidate choice=4 inlier=20 | RotErr = 2.6086 rad (149.4606 deg) | TransErr = 195.21 mm [FAILS]
      Candidate choice=5 inlier=34 | RotErr = 3.1311 rad (179.3993 deg) | TransErr = 223.37 mm [FAILS]
      Candidate choice=6 inlier=28 | RotErr = 2.0186 rad (115.6592 deg) | TransErr = 32.16 mm [FAILS]
    Alternative Pair with Shard 19 (NOT ACTIVE IN TREE):
      Candidate choice=1 inlier=20 | RotErr = 0.4963 rad (28.4346 deg) | TransErr = 190.44 mm [FAILS]
    Alternative Pair with Shard 29 (NOT ACTIVE IN TREE):
      Candidate choice=1 inlier=26 | RotErr = 3.0732 rad (176.0803 deg) | TransErr = 109.99 mm [FAILS]
      Candidate choice=2 inlier=36 | RotErr = 3.0378 rad (174.0515 deg) | TransErr = 167.23 mm [FAILS]
      Candidate choice=3 inlier=22 | RotErr = 2.9458 rad (168.7826 deg) | TransErr = 138.22 mm [FAILS]
    Alternative Pair with Shard 9 (NOT ACTIVE IN TREE):
      Candidate choice=1 inlier=40 | RotErr = 2.8211 rad (161.6385 deg) | TransErr = 67.40 mm [FAILS]
      Candidate choice=2 inlier=32 | RotErr = 2.8570 rad (163.6944 deg) | TransErr = 68.21 mm [FAILS]
    Alternative Pair with Shard 18 (NOT ACTIVE IN TREE):
      [No match candidates found]
    Alternative Pair with Shard 20 (NOT ACTIVE IN TREE):
      Candidate choice=1 inlier=38 | RotErr = 1.8287 rad (104.7788 deg) | TransErr = 81.34 mm [FAILS]
    Alternative Pair with Shard 8 (NOT ACTIVE IN TREE):
      Candidate choice=1 inlier=42 | RotErr = 2.8688 rad (164.3676 deg) | TransErr = 193.21 mm [FAILS]
      Candidate choice=2 inlier=34 | RotErr = 1.6880 rad (96.7175 deg) | TransErr = 37.89 mm [FAILS]
      Candidate choice=3 inlier=22 | RotErr = 3.1078 rad (178.0612 deg) | TransErr = 257.82 mm [FAILS]
      Candidate choice=4 inlier=0 | RotErr = 2.8816 rad (165.1062 deg) | TransErr = 52.80 mm [FAILS]
      Candidate choice=5 inlier=38 | RotErr = 2.4835 rad (142.2941 deg) | TransErr = 34.41 mm [FAILS]
      Candidate choice=6 inlier=38 | RotErr = 3.0204 rad (173.0573 deg) | TransErr = 150.90 mm [FAILS]
    Alternative Pair with Shard 14 (NOT ACTIVE IN TREE):
      Candidate choice=1 inlier=20 | RotErr = 2.6196 rad (150.0912 deg) | TransErr = 11.69 mm [FAILS]
      Candidate choice=2 inlier=28 | RotErr = 2.5648 rad (146.9522 deg) | TransErr = 88.35 mm [FAILS]
    Alternative Pair with Shard 11 (NOT ACTIVE IN TREE):
      Candidate choice=1 inlier=36 | RotErr = 0.3825 rad (21.9141 deg) | TransErr = 22.75 mm [FAILS]
      Candidate choice=2 inlier=32 | RotErr = 2.9461 rad (168.8013 deg) | TransErr = 109.77 mm [FAILS]
      Candidate choice=3 inlier=32 | RotErr = 0.6122 rad (35.0742 deg) | TransErr = 185.39 mm [FAILS]
    Alternative Pair with Shard 17 (NOT ACTIVE IN TREE):
      Candidate choice=1 inlier=30 | RotErr = 2.2675 rad (129.9185 deg) | TransErr = 168.12 mm [FAILS]
      Candidate choice=2 inlier=28 | RotErr = 2.2434 rad (128.5360 deg) | TransErr = 92.09 mm [FAILS]
      Candidate choice=3 inlier=34 | RotErr = 3.0513 rad (174.8282 deg) | TransErr = 77.52 mm [FAILS]
      Candidate choice=4 inlier=38 | RotErr = 1.3543 rad (77.5935 deg) | TransErr = 135.25 mm [FAILS]
    Alternative Pair with Shard 21 (NOT ACTIVE IN TREE):
      [No match candidates found]
    Alternative Pair with Shard 23 (NOT ACTIVE IN TREE):
      Candidate choice=1 inlier=32 | RotErr = 1.2610 rad (72.2524 deg) | TransErr = 106.35 mm [FAILS]
    Alternative Pair with Shard 30 (NOT ACTIVE IN TREE):
      Candidate choice=1 inlier=32 | RotErr = 2.5729 rad (147.4153 deg) | TransErr = 92.54 mm [FAILS]
    Alternative Pair with Shard 5 (NOT ACTIVE IN TREE):
      Candidate choice=1 inlier=26 | RotErr = 3.1133 rad (178.3779 deg) | TransErr = 252.44 mm [FAILS]
      Candidate choice=2 inlier=28 | RotErr = 2.8204 rad (161.5942 deg) | TransErr = 51.73 mm [FAILS]
      Candidate choice=3 inlier=30 | RotErr = 2.8299 rad (162.1431 deg) | TransErr = 260.08 mm [FAILS]
      Candidate choice=4 inlier=46 | RotErr = 1.4210 rad (81.4190 deg) | TransErr = 20.47 mm [FAILS]
      Candidate choice=5 inlier=40 | RotErr = 2.5667 rad (147.0635 deg) | TransErr = 140.29 mm [FAILS]
      Candidate choice=6 inlier=22 | RotErr = 2.6999 rad (154.6914 deg) | TransErr = 138.89 mm [FAILS]
    Alternative Pair with Shard 7 (NOT ACTIVE IN TREE):
      Candidate choice=1 inlier=30 | RotErr = 1.0406 rad (59.6215 deg) | TransErr = 61.16 mm [FAILS]
      Candidate choice=2 inlier=32 | RotErr = 3.0561 rad (175.0997 deg) | TransErr = 179.40 mm [FAILS]
      Candidate choice=3 inlier=32 | RotErr = 2.9929 rad (171.4827 deg) | TransErr = 218.98 mm [FAILS]
      Candidate choice=4 inlier=22 | RotErr = 2.9544 rad (169.2722 deg) | TransErr = 52.49 mm [FAILS]
      Candidate choice=5 inlier=4 | RotErr = 3.0490 rad (174.6928 deg) | TransErr = 184.58 mm [FAILS]
      Candidate choice=6 inlier=30 | RotErr = 2.2012 rad (126.1188 deg) | TransErr = 54.07 mm [FAILS]
      Candidate choice=7 inlier=34 | RotErr = 3.0555 rad (175.0698 deg) | TransErr = 164.22 mm [FAILS]
    Alternative Pair with Shard 24 (NOT ACTIVE IN TREE):
      Candidate choice=1 inlier=14 | RotErr = 2.6826 rad (153.7038 deg) | TransErr = 103.23 mm [FAILS]
    Alternative Pair with Shard 3 (NOT ACTIVE IN TREE):
      Candidate choice=1 inlier=20 | RotErr = 2.8287 rad (162.0714 deg) | TransErr = 104.21 mm [FAILS]
    Alternative Pair with Shard 2 (NOT ACTIVE IN TREE):
      Candidate choice=1 inlier=24 | RotErr = 1.9256 rad (110.3275 deg) | TransErr = 89.75 mm [FAILS]
    Alternative Pair with Shard 10 (NOT ACTIVE IN TREE):
      Candidate choice=1 inlier=14 | RotErr = 0.3089 rad (17.7007 deg) | TransErr = 69.48 mm [FAILS]
      Candidate choice=2 inlier=16 | RotErr = 3.0180 rad (172.9180 deg) | TransErr = 234.36 mm [FAILS]
      Candidate choice=3 inlier=20 | RotErr = 2.3825 rad (136.5051 deg) | TransErr = 64.45 mm [FAILS]
      Candidate choice=4 inlier=24 | RotErr = 2.9222 rad (167.4276 deg) | TransErr = 227.06 mm [FAILS]
      Candidate choice=5 inlier=24 | RotErr = 1.6126 rad (92.3959 deg) | TransErr = 85.95 mm [FAILS]
      Candidate choice=6 inlier=18 | RotErr = 3.0421 rad (174.2997 deg) | TransErr = 137.04 mm [FAILS]
    Alternative Pair with Shard 15 (NOT ACTIVE IN TREE):
      Candidate choice=1 inlier=14 | RotErr = 2.9396 rad (168.4259 deg) | TransErr = 192.95 mm [FAILS]
      Candidate choice=2 inlier=18 | RotErr = 2.8886 rad (165.5027 deg) | TransErr = 169.50 mm [FAILS]
      Candidate choice=3 inlier=22 | RotErr = 1.3429 rad (76.9412 deg) | TransErr = 68.99 mm [FAILS]
      Candidate choice=4 inlier=10 | RotErr = 2.7816 rad (159.3716 deg) | TransErr = 43.56 mm [FAILS]
    Alternative Pair with Shard 25 (NOT ACTIVE IN TREE):
      Candidate choice=1 inlier=22 | RotErr = 2.9432 rad (168.6305 deg) | TransErr = 141.68 mm [FAILS]
    Alternative Pair with Shard 26 (NOT ACTIVE IN TREE):
      [No match candidates found]
    Alternative Pair with Shard 27 (NOT ACTIVE IN TREE):
      [No match candidates found]
    Alternative Pair with Shard 13 (ACTIVE IN TREE) [SKIPPED]
    Alternative Pair with Shard 31 (NOT ACTIVE IN TREE):
      [No match candidates found]
    Alternative Pair with Shard 22 (NOT ACTIVE IN TREE):
      Candidate choice=1 inlier=30 | RotErr = 2.8888 rad (165.5177 deg) | TransErr = 235.99 mm [FAILS]
      Candidate choice=2 inlier=38 | RotErr = 2.8855 rad (165.3270 deg) | TransErr = 155.35 mm [FAILS]
      Candidate choice=3 inlier=44 | RotErr = 1.1848 rad (67.8842 deg) | TransErr = 57.49 mm [FAILS]
      Candidate choice=4 inlier=49 | RotErr = 3.0799 rad (176.4659 deg) | TransErr = 138.00 mm [FAILS]
      Candidate choice=5 inlier=42 | RotErr = 3.0843 rad (176.7195 deg) | TransErr = 182.67 mm [FAILS]
      Candidate choice=6 inlier=32 | RotErr = 0.3169 rad (18.1560 deg) | TransErr = 25.72 mm [FAILS]
      Candidate choice=7 inlier=34 | RotErr = 0.8049 rad (46.1162 deg) | TransErr = 75.07 mm [FAILS]
      Candidate choice=8 inlier=38 | RotErr = 2.9210 rad (167.3589 deg) | TransErr = 265.70 mm [FAILS]
    Alternative Pair with Shard 28 (NOT ACTIVE IN TREE):
      Candidate choice=1 inlier=22 | RotErr = 1.2067 rad (69.1383 deg) | TransErr = 77.63 mm [FAILS]
    Alternative Pair with Shard 16 (NOT ACTIVE IN TREE):
      Candidate choice=1 inlier=28 | RotErr = 2.9920 rad (171.4310 deg) | TransErr = 264.72 mm [FAILS]
      Candidate choice=2 inlier=32 | RotErr = 2.6916 rad (154.2196 deg) | TransErr = 64.85 mm [FAILS]
      Candidate choice=3 inlier=34 | RotErr = 3.0954 rad (177.3544 deg) | TransErr = 187.62 mm [FAILS]
      Candidate choice=4 inlier=32 | RotErr = 0.2054 rad (11.7688 deg) | TransErr = 20.91 mm [FAILS]
      Candidate choice=5 inlier=24 | RotErr = 2.9496 rad (168.9981 deg) | TransErr = 274.71 mm [FAILS]
      Candidate choice=6 inlier=32 | RotErr = 0.8818 rad (50.5242 deg) | TransErr = 49.42 mm [FAILS]
  Shard 22 (placed by parent 13):
    Alternative Pair with Shard 1 (NOT ACTIVE IN TREE):
      Candidate choice=1 inlier=32 | RotErr = 2.9815 rad (170.8247 deg) | TransErr = 89.05 mm [FAILS]
      Candidate choice=2 inlier=26 | RotErr = 2.5824 rad (147.9586 deg) | TransErr = 22.72 mm [FAILS]
    Alternative Pair with Shard 4 (NOT ACTIVE IN TREE):
      Candidate choice=1 inlier=36 | RotErr = 1.7751 rad (101.7074 deg) | TransErr = 108.26 mm [FAILS]
      Candidate choice=2 inlier=24 | RotErr = 2.6107 rad (149.5812 deg) | TransErr = 78.44 mm [FAILS]
    Alternative Pair with Shard 6 (NOT ACTIVE IN TREE):
      Candidate choice=1 inlier=36 | RotErr = 2.2419 rad (128.4514 deg) | TransErr = 132.93 mm [FAILS]
      Candidate choice=2 inlier=22 | RotErr = 2.8517 rad (163.3912 deg) | TransErr = 156.31 mm [FAILS]
    Alternative Pair with Shard 19 (NOT ACTIVE IN TREE):
      Candidate choice=1 inlier=26 | RotErr = 1.5579 rad (89.2614 deg) | TransErr = 45.19 mm [FAILS]
      Candidate choice=2 inlier=32 | RotErr = 2.9490 rad (168.9652 deg) | TransErr = 88.28 mm [FAILS]
    Alternative Pair with Shard 29 (NOT ACTIVE IN TREE):
      Candidate choice=1 inlier=34 | RotErr = 3.1074 rad (178.0433 deg) | TransErr = 92.10 mm [FAILS]
    Alternative Pair with Shard 9 (NOT ACTIVE IN TREE):
      Candidate choice=1 inlier=34 | RotErr = 1.4641 rad (83.8868 deg) | TransErr = 141.19 mm [FAILS]
    Alternative Pair with Shard 18 (NOT ACTIVE IN TREE):
      [No match candidates found]
    Alternative Pair with Shard 20 (NOT ACTIVE IN TREE):
      Candidate choice=1 inlier=38 | RotErr = 2.1187 rad (121.3934 deg) | TransErr = 81.27 mm [FAILS]
    Alternative Pair with Shard 8 (NOT ACTIVE IN TREE):
      Candidate choice=1 inlier=44 | RotErr = 3.0095 rad (172.4324 deg) | TransErr = 149.14 mm [FAILS]
      Candidate choice=2 inlier=28 | RotErr = 3.1385 rad (179.8229 deg) | TransErr = 26.55 mm [FAILS]
      Candidate choice=3 inlier=38 | RotErr = 2.8374 rad (162.5696 deg) | TransErr = 229.03 mm [FAILS]
      Candidate choice=4 inlier=24 | RotErr = 1.5000 rad (85.9436 deg) | TransErr = 27.31 mm [FAILS]
    Alternative Pair with Shard 14 (NOT ACTIVE IN TREE):
      Candidate choice=1 inlier=18 | RotErr = 2.8840 rad (165.2400 deg) | TransErr = 19.95 mm [FAILS]
    Alternative Pair with Shard 11 (NOT ACTIVE IN TREE):
      Candidate choice=1 inlier=44 | RotErr = 1.4094 rad (80.7547 deg) | TransErr = 31.26 mm [FAILS]
    Alternative Pair with Shard 17 (NOT ACTIVE IN TREE):
      Candidate choice=1 inlier=52 | RotErr = 2.3467 rad (134.4558 deg) | TransErr = 59.57 mm [FAILS]
      Candidate choice=2 inlier=44 | RotErr = 1.4000 rad (80.2117 deg) | TransErr = 54.10 mm [FAILS]
    Alternative Pair with Shard 21 (NOT ACTIVE IN TREE):
      [No match candidates found]
    Alternative Pair with Shard 23 (NOT ACTIVE IN TREE):
      Candidate choice=1 inlier=20 | RotErr = 2.7397 rad (156.9723 deg) | TransErr = 36.67 mm [FAILS]
      Candidate choice=2 inlier=26 | RotErr = 0.7068 rad (40.4942 deg) | TransErr = 73.01 mm [FAILS]
    Alternative Pair with Shard 30 (NOT ACTIVE IN TREE):
      Candidate choice=1 inlier=41 | RotErr = 1.7359 rad (99.4600 deg) | TransErr = 91.52 mm [FAILS]
      Candidate choice=2 inlier=43 | RotErr = 1.5559 rad (89.1486 deg) | TransErr = 52.69 mm [FAILS]
      Candidate choice=3 inlier=43 | RotErr = 2.6715 rad (153.0654 deg) | TransErr = 124.15 mm [FAILS]
    Alternative Pair with Shard 5 (NOT ACTIVE IN TREE):
      Candidate choice=1 inlier=36 | RotErr = 1.7264 rad (98.9171 deg) | TransErr = 46.59 mm [FAILS]
      Candidate choice=2 inlier=36 | RotErr = 2.9282 rad (167.7712 deg) | TransErr = 231.43 mm [FAILS]
      Candidate choice=3 inlier=49 | RotErr = 0.3201 rad (18.3392 deg) | TransErr = 26.02 mm [FAILS]
      Candidate choice=4 inlier=0 | RotErr = 2.9377 rad (168.3197 deg) | TransErr = 163.94 mm [FAILS]
    Alternative Pair with Shard 7 (NOT ACTIVE IN TREE):
      Candidate choice=1 inlier=24 | RotErr = 2.2960 rad (131.5497 deg) | TransErr = 28.18 mm [FAILS]
      Candidate choice=2 inlier=30 | RotErr = 3.0957 rad (177.3699 deg) | TransErr = 175.72 mm [FAILS]
      Candidate choice=3 inlier=36 | RotErr = 2.8450 rad (163.0063 deg) | TransErr = 183.07 mm [FAILS]
      Candidate choice=4 inlier=44 | RotErr = 1.8670 rad (106.9733 deg) | TransErr = 55.50 mm [FAILS]
      Candidate choice=5 inlier=40 | RotErr = 3.0111 rad (172.5252 deg) | TransErr = 167.98 mm [FAILS]
      Candidate choice=6 inlier=36 | RotErr = 2.4665 rad (141.3224 deg) | TransErr = 50.58 mm [FAILS]
    Alternative Pair with Shard 24 (NOT ACTIVE IN TREE):
      Candidate choice=1 inlier=34 | RotErr = 2.2659 rad (129.8268 deg) | TransErr = 84.56 mm [FAILS]
      Candidate choice=2 inlier=16 | RotErr = 2.0630 rad (118.2027 deg) | TransErr = 77.43 mm [FAILS]
    Alternative Pair with Shard 3 (NOT ACTIVE IN TREE):
      [No match candidates found]
    Alternative Pair with Shard 2 (NOT ACTIVE IN TREE):
      Candidate choice=1 inlier=14 | RotErr = 2.9591 rad (169.5431 deg) | TransErr = 106.41 mm [FAILS]
    Alternative Pair with Shard 10 (NOT ACTIVE IN TREE):
      Candidate choice=1 inlier=12 | RotErr = 1.4407 rad (82.5438 deg) | TransErr = 38.46 mm [FAILS]
      Candidate choice=2 inlier=16 | RotErr = 3.1353 rad (179.6376 deg) | TransErr = 213.34 mm [FAILS]
      Candidate choice=3 inlier=32 | RotErr = 3.1312 rad (179.4046 deg) | TransErr = 213.13 mm [FAILS]
      Candidate choice=4 inlier=36 | RotErr = 2.8744 rad (164.6891 deg) | TransErr = 63.75 mm [FAILS]
    Alternative Pair with Shard 15 (NOT ACTIVE IN TREE):
      Candidate choice=1 inlier=18 | RotErr = 0.5252 rad (30.0890 deg) | TransErr = 30.31 mm [FAILS]
      Candidate choice=2 inlier=12 | RotErr = 2.9473 rad (168.8706 deg) | TransErr = 193.49 mm [FAILS]
      Candidate choice=3 inlier=18 | RotErr = 2.8922 rad (165.7105 deg) | TransErr = 186.46 mm [FAILS]
    Alternative Pair with Shard 25 (NOT ACTIVE IN TREE):
      [No match candidates found]
    Alternative Pair with Shard 26 (NOT ACTIVE IN TREE):
      Candidate choice=1 inlier=24 | RotErr = 3.0034 rad (172.0833 deg) | TransErr = 64.82 mm [FAILS]
    Alternative Pair with Shard 27 (NOT ACTIVE IN TREE):
      [No match candidates found]
    Alternative Pair with Shard 13 (ACTIVE IN TREE) [SKIPPED]
    Alternative Pair with Shard 31 (NOT ACTIVE IN TREE):
      [No match candidates found]
    Alternative Pair with Shard 12 (NOT ACTIVE IN TREE):
      Candidate choice=1 inlier=30 | RotErr = 2.8888 rad (165.5177 deg) | TransErr = 235.99 mm [FAILS]
      Candidate choice=2 inlier=38 | RotErr = 2.8855 rad (165.3270 deg) | TransErr = 155.35 mm [FAILS]
      Candidate choice=3 inlier=44 | RotErr = 1.1848 rad (67.8842 deg) | TransErr = 57.49 mm [FAILS]
      Candidate choice=4 inlier=49 | RotErr = 3.0799 rad (176.4659 deg) | TransErr = 138.00 mm [FAILS]
      Candidate choice=5 inlier=42 | RotErr = 3.0843 rad (176.7195 deg) | TransErr = 182.67 mm [FAILS]
      Candidate choice=6 inlier=32 | RotErr = 0.3169 rad (18.1560 deg) | TransErr = 25.72 mm [FAILS]
      Candidate choice=7 inlier=34 | RotErr = 0.8049 rad (46.1162 deg) | TransErr = 75.07 mm [FAILS]
      Candidate choice=8 inlier=38 | RotErr = 2.9210 rad (167.3589 deg) | TransErr = 265.70 mm [FAILS]
    Alternative Pair with Shard 28 (NOT ACTIVE IN TREE):
      Candidate choice=1 inlier=28 | RotErr = 3.1119 rad (178.2960 deg) | TransErr = 118.77 mm [FAILS]
    Alternative Pair with Shard 16 (ACTIVE IN TREE) [SKIPPED]
  Shard 28 (placed by parent 31):
    Alternative Pair with Shard 1 (NOT ACTIVE IN TREE):
      Candidate choice=1 inlier=26 | RotErr = 2.9784 rad (170.6499 deg) | TransErr = 25.68 mm [FAILS]
      Candidate choice=2 inlier=28 | RotErr = 1.6764 rad (96.0489 deg) | TransErr = 21.88 mm [FAILS]
    Alternative Pair with Shard 4 (NOT ACTIVE IN TREE):
      [No match candidates found]
    Alternative Pair with Shard 6 (NOT ACTIVE IN TREE):
      Candidate choice=1 inlier=49 | RotErr = 2.6359 rad (151.0263 deg) | TransErr = 32.69 mm [FAILS]
      Candidate choice=2 inlier=0 | RotErr = 3.0163 rad (172.8234 deg) | TransErr = 35.89 mm [FAILS]
      Candidate choice=3 inlier=30 | RotErr = 3.1333 rad (179.5255 deg) | TransErr = 108.20 mm [FAILS]
    Alternative Pair with Shard 19 (NOT ACTIVE IN TREE):
      Candidate choice=1 inlier=16 | RotErr = 1.3383 rad (76.6766 deg) | TransErr = 39.76 mm [FAILS]
    Alternative Pair with Shard 29 (NOT ACTIVE IN TREE):
      [No match candidates found]
    Alternative Pair with Shard 9 (NOT ACTIVE IN TREE):
      Candidate choice=1 inlier=22 | RotErr = 2.7897 rad (159.8387 deg) | TransErr = 53.84 mm [FAILS]
      Candidate choice=2 inlier=32 | RotErr = 2.5320 rad (145.0709 deg) | TransErr = 23.52 mm [FAILS]
    Alternative Pair with Shard 18 (NOT ACTIVE IN TREE):
      [No match candidates found]
    Alternative Pair with Shard 20 (NOT ACTIVE IN TREE):
      Candidate choice=1 inlier=28 | RotErr = 1.3996 rad (80.1904 deg) | TransErr = 16.24 mm [FAILS]
    Alternative Pair with Shard 8 (NOT ACTIVE IN TREE):
      Candidate choice=1 inlier=24 | RotErr = 2.8788 rad (164.9450 deg) | TransErr = 137.00 mm [FAILS]
      Candidate choice=2 inlier=28 | RotErr = 1.9310 rad (110.6363 deg) | TransErr = 23.65 mm [FAILS]
    Alternative Pair with Shard 14 (NOT ACTIVE IN TREE):
      [No match candidates found]
    Alternative Pair with Shard 11 (NOT ACTIVE IN TREE):
      Candidate choice=1 inlier=28 | RotErr = 0.7656 rad (43.8666 deg) | TransErr = 16.94 mm [FAILS]
    Alternative Pair with Shard 17 (NOT ACTIVE IN TREE):
      [No match candidates found]
    Alternative Pair with Shard 21 (NOT ACTIVE IN TREE):
      [No match candidates found]
    Alternative Pair with Shard 23 (NOT ACTIVE IN TREE):
      [No match candidates found]
    Alternative Pair with Shard 30 (NOT ACTIVE IN TREE):
      [No match candidates found]
    Alternative Pair with Shard 5 (NOT ACTIVE IN TREE):
      Candidate choice=1 inlier=47 | RotErr = 1.5327 rad (87.8190 deg) | TransErr = 27.83 mm [FAILS]
      Candidate choice=2 inlier=45 | RotErr = 1.7070 rad (97.8053 deg) | TransErr = 27.30 mm [FAILS]
    Alternative Pair with Shard 7 (NOT ACTIVE IN TREE):
      [No match candidates found]
    Alternative Pair with Shard 24 (NOT ACTIVE IN TREE):
      Candidate choice=1 inlier=26 | RotErr = 2.0266 rad (116.1185 deg) | TransErr = 35.57 mm [FAILS]
    Alternative Pair with Shard 3 (NOT ACTIVE IN TREE):
      Candidate choice=1 inlier=30 | RotErr = 0.6584 rad (37.7208 deg) | TransErr = 6.23 mm [FAILS]
      Candidate choice=2 inlier=0 | RotErr = 1.6175 rad (92.6778 deg) | TransErr = 26.61 mm [FAILS]
    Alternative Pair with Shard 2 (NOT ACTIVE IN TREE):
      [No match candidates found]
    Alternative Pair with Shard 10 (NOT ACTIVE IN TREE):
      Candidate choice=1 inlier=34 | RotErr = 2.6368 rad (151.0753 deg) | TransErr = 64.35 mm [FAILS]
    Alternative Pair with Shard 15 (NOT ACTIVE IN TREE):
      [No match candidates found]
    Alternative Pair with Shard 25 (NOT ACTIVE IN TREE):
      [No match candidates found]
    Alternative Pair with Shard 26 (NOT ACTIVE IN TREE):
      [No match candidates found]
    Alternative Pair with Shard 27 (NOT ACTIVE IN TREE):
      Candidate choice=1 inlier=22 | RotErr = 2.1613 rad (123.8362 deg) | TransErr = 29.91 mm [FAILS]
    Alternative Pair with Shard 13 (NOT ACTIVE IN TREE):
      Candidate choice=1 inlier=41 | RotErr = 0.0891 rad (5.1057 deg) | TransErr = 7.10 mm [PASSES] -> Reward: +20.00
    Alternative Pair with Shard 31 (ACTIVE IN TREE) [SKIPPED]
    Alternative Pair with Shard 12 (NOT ACTIVE IN TREE):
      Candidate choice=1 inlier=22 | RotErr = 1.2067 rad (69.1383 deg) | TransErr = 77.63 mm [FAILS]
    Alternative Pair with Shard 22 (NOT ACTIVE IN TREE):
      Candidate choice=1 inlier=28 | RotErr = 3.1119 rad (178.2960 deg) | TransErr = 118.77 mm [FAILS]
    Alternative Pair with Shard 16 (NOT ACTIVE IN TREE):
      [No match candidates found]
  Shard 16 (placed by parent 22):
    Alternative Pair with Shard 1 (NOT ACTIVE IN TREE):
      Candidate choice=1 inlier=0 | RotErr = 2.6968 rad (154.5160 deg) | TransErr = 191.19 mm [FAILS]
      Candidate choice=2 inlier=0 | RotErr = 3.0511 rad (174.8132 deg) | TransErr = 135.54 mm [FAILS]
      Candidate choice=3 inlier=38 | RotErr = 2.7496 rad (157.5431 deg) | TransErr = 87.15 mm [FAILS]
    Alternative Pair with Shard 4 (NOT ACTIVE IN TREE):
      Candidate choice=1 inlier=14 | RotErr = 2.7393 rad (156.9515 deg) | TransErr = 71.47 mm [FAILS]
      Candidate choice=2 inlier=0 | RotErr = 2.9717 rad (170.2668 deg) | TransErr = 174.78 mm [FAILS]
    Alternative Pair with Shard 6 (NOT ACTIVE IN TREE):
      Candidate choice=1 inlier=34 | RotErr = 3.1033 rad (177.8060 deg) | TransErr = 99.92 mm [FAILS]
      Candidate choice=2 inlier=22 | RotErr = 2.8222 rad (161.7014 deg) | TransErr = 188.57 mm [FAILS]
    Alternative Pair with Shard 19 (NOT ACTIVE IN TREE):
      Candidate choice=1 inlier=16 | RotErr = 3.0156 rad (172.7799 deg) | TransErr = 71.68 mm [FAILS]
      Candidate choice=2 inlier=26 | RotErr = 2.8646 rad (164.1285 deg) | TransErr = 107.61 mm [FAILS]
      Candidate choice=3 inlier=26 | RotErr = 0.9618 rad (55.1098 deg) | TransErr = 169.78 mm [FAILS]
      Candidate choice=4 inlier=30 | RotErr = 1.6810 rad (96.3131 deg) | TransErr = 64.77 mm [FAILS]
    Alternative Pair with Shard 29 (NOT ACTIVE IN TREE):
      Candidate choice=1 inlier=28 | RotErr = 1.8529 rad (106.1618 deg) | TransErr = 171.80 mm [FAILS]
      Candidate choice=2 inlier=32 | RotErr = 3.0839 rad (176.6919 deg) | TransErr = 107.23 mm [FAILS]
      Candidate choice=3 inlier=22 | RotErr = 3.0593 rad (175.2825 deg) | TransErr = 130.76 mm [FAILS]
    Alternative Pair with Shard 9 (NOT ACTIVE IN TREE):
      [No match candidates found]
    Alternative Pair with Shard 18 (NOT ACTIVE IN TREE):
      Candidate choice=1 inlier=32 | RotErr = 2.7951 rad (160.1453 deg) | TransErr = 67.21 mm [FAILS]
    Alternative Pair with Shard 20 (NOT ACTIVE IN TREE):
      [No match candidates found]
    Alternative Pair with Shard 8 (NOT ACTIVE IN TREE):
      Candidate choice=1 inlier=16 | RotErr = 2.6020 rad (149.0818 deg) | TransErr = 241.85 mm [FAILS]
      Candidate choice=2 inlier=22 | RotErr = 1.4225 rad (81.5039 deg) | TransErr = 39.94 mm [FAILS]
    Alternative Pair with Shard 14 (NOT ACTIVE IN TREE):
      Candidate choice=1 inlier=4 | RotErr = 3.0447 rad (174.4474 deg) | TransErr = 86.12 mm [FAILS]
    Alternative Pair with Shard 11 (NOT ACTIVE IN TREE):
      Candidate choice=1 inlier=36 | RotErr = 2.7386 rad (156.9075 deg) | TransErr = 111.00 mm [FAILS]
      Candidate choice=2 inlier=34 | RotErr = 2.4049 rad (137.7900 deg) | TransErr = 166.72 mm [FAILS]
      Candidate choice=3 inlier=26 | RotErr = 2.8802 rad (165.0252 deg) | TransErr = 77.14 mm [FAILS]
    Alternative Pair with Shard 17 (NOT ACTIVE IN TREE):
      Candidate choice=1 inlier=34 | RotErr = 1.5387 rad (88.1599 deg) | TransErr = 132.09 mm [FAILS]
      Candidate choice=2 inlier=0 | RotErr = 1.6767 rad (96.0693 deg) | TransErr = 157.08 mm [FAILS]
    Alternative Pair with Shard 21 (NOT ACTIVE IN TREE):
      Candidate choice=1 inlier=26 | RotErr = 2.5589 rad (146.6152 deg) | TransErr = 122.50 mm [FAILS]
      Candidate choice=2 inlier=20 | RotErr = 2.9826 rad (170.8918 deg) | TransErr = 116.03 mm [FAILS]
    Alternative Pair with Shard 23 (NOT ACTIVE IN TREE):
      Candidate choice=1 inlier=12 | RotErr = 0.4498 rad (25.7688 deg) | TransErr = 171.99 mm [FAILS]
    Alternative Pair with Shard 30 (NOT ACTIVE IN TREE):
      [No match candidates found]
    Alternative Pair with Shard 5 (NOT ACTIVE IN TREE):
      Candidate choice=1 inlier=26 | RotErr = 1.5868 rad (90.9156 deg) | TransErr = 23.64 mm [FAILS]
      Candidate choice=2 inlier=28 | RotErr = 0.8470 rad (48.5273 deg) | TransErr = 17.47 mm [FAILS]
      Candidate choice=3 inlier=14 | RotErr = 0.8642 rad (49.5155 deg) | TransErr = 103.37 mm [FAILS]
      Candidate choice=4 inlier=30 | RotErr = 2.8777 rad (164.8772 deg) | TransErr = 128.37 mm [FAILS]
    Alternative Pair with Shard 7 (NOT ACTIVE IN TREE):
      Candidate choice=1 inlier=34 | RotErr = 2.1364 rad (122.4039 deg) | TransErr = 46.43 mm [FAILS]
      Candidate choice=2 inlier=12 | RotErr = 3.1329 rad (179.5017 deg) | TransErr = 229.73 mm [FAILS]
    Alternative Pair with Shard 24 (NOT ACTIVE IN TREE):
      Candidate choice=1 inlier=24 | RotErr = 2.9365 rad (168.2518 deg) | TransErr = 101.77 mm [FAILS]
    Alternative Pair with Shard 3 (NOT ACTIVE IN TREE):
      [No match candidates found]
    Alternative Pair with Shard 2 (NOT ACTIVE IN TREE):
      Candidate choice=1 inlier=24 | RotErr = 2.6759 rad (153.3196 deg) | TransErr = 173.28 mm [FAILS]
      Candidate choice=2 inlier=10 | RotErr = 1.9163 rad (109.7956 deg) | TransErr = 171.40 mm [FAILS]
    Alternative Pair with Shard 10 (NOT ACTIVE IN TREE):
      Candidate choice=1 inlier=16 | RotErr = 1.4646 rad (83.9133 deg) | TransErr = 44.21 mm [FAILS]
      Candidate choice=2 inlier=26 | RotErr = 3.0745 rad (176.1566 deg) | TransErr = 232.40 mm [FAILS]
      Candidate choice=3 inlier=28 | RotErr = 2.5124 rad (143.9524 deg) | TransErr = 58.08 mm [FAILS]
      Candidate choice=4 inlier=18 | RotErr = 1.8733 rad (107.3312 deg) | TransErr = 92.50 mm [FAILS]
    Alternative Pair with Shard 15 (NOT ACTIVE IN TREE):
      Candidate choice=1 inlier=16 | RotErr = 2.9904 rad (171.3401 deg) | TransErr = 212.89 mm [FAILS]
      Candidate choice=2 inlier=18 | RotErr = 2.7760 rad (159.0510 deg) | TransErr = 224.25 mm [FAILS]
    Alternative Pair with Shard 25 (NOT ACTIVE IN TREE):
      Candidate choice=1 inlier=28 | RotErr = 2.6191 rad (150.0631 deg) | TransErr = 113.64 mm [FAILS]
    Alternative Pair with Shard 26 (NOT ACTIVE IN TREE):
      [No match candidates found]
    Alternative Pair with Shard 27 (NOT ACTIVE IN TREE):
      [No match candidates found]
    Alternative Pair with Shard 13 (NOT ACTIVE IN TREE):
      Candidate choice=1 inlier=26 | RotErr = 3.0744 rad (176.1481 deg) | TransErr = 231.61 mm [FAILS]
      Candidate choice=2 inlier=34 | RotErr = 1.4995 rad (85.9177 deg) | TransErr = 57.73 mm [FAILS]
      Candidate choice=3 inlier=18 | RotErr = 2.9300 rad (167.8789 deg) | TransErr = 128.90 mm [FAILS]
      Candidate choice=4 inlier=28 | RotErr = 2.8912 rad (165.6531 deg) | TransErr = 125.26 mm [FAILS]
    Alternative Pair with Shard 31 (NOT ACTIVE IN TREE):
      Candidate choice=1 inlier=18 | RotErr = 1.2387 rad (70.9732 deg) | TransErr = 75.30 mm [FAILS]
      Candidate choice=2 inlier=24 | RotErr = 2.9402 rad (168.4594 deg) | TransErr = 109.26 mm [FAILS]
    Alternative Pair with Shard 12 (NOT ACTIVE IN TREE):
      Candidate choice=1 inlier=28 | RotErr = 2.9920 rad (171.4310 deg) | TransErr = 264.72 mm [FAILS]
      Candidate choice=2 inlier=32 | RotErr = 2.6916 rad (154.2196 deg) | TransErr = 64.85 mm [FAILS]
      Candidate choice=3 inlier=34 | RotErr = 3.0954 rad (177.3544 deg) | TransErr = 187.62 mm [FAILS]
      Candidate choice=4 inlier=32 | RotErr = 0.2054 rad (11.7688 deg) | TransErr = 20.91 mm [FAILS]
      Candidate choice=5 inlier=24 | RotErr = 2.9496 rad (168.9981 deg) | TransErr = 274.71 mm [FAILS]
      Candidate choice=6 inlier=32 | RotErr = 0.8818 rad (50.5242 deg) | TransErr = 49.42 mm [FAILS]
    Alternative Pair with Shard 22 (ACTIVE IN TREE) [SKIPPED]
    Alternative Pair with Shard 28 (NOT ACTIVE IN TREE):
      [No match candidates found]
  Total Logged Consensus Reward: 200.00
=========================================================
[GA Iter 1] Best fitness: 1778.14 (improvement: 1000001778.14)
GA converged after 2 iteration(s).
[CountResult DEBUG] Thresholds: rad=0.35, trans=50.00
[CountResult DEBUG] Edge 1-2 GT=1.00 Pred=0.00 rad_err=0.03 trans_err=14.60 => PASS
[CountResult DEBUG] Edge 1-4 GT=1.00 Pred=1.00 rad_err=0.03 trans_err=12.00 => PASS
[CountResult DEBUG] Edge 1-6 GT=1.00 Pred=1.00 rad_err=0.03 trans_err=11.58 => PASS
[CountResult DEBUG] Edge 1-14 GT=1.00 Pred=0.00 rad_err=0.03 trans_err=14.56 => PASS
[CountResult DEBUG] Edge 1-19 GT=1.00 Pred=1.00 rad_err=0.02 trans_err=12.58 => PASS
[CountResult DEBUG] Edge 2-4 GT=1.00 Pred=0.00 rad_err=0.01 trans_err=5.33 => PASS
[CountResult DEBUG] Edge 2-14 GT=1.00 Pred=0.00 rad_err=0.01 trans_err=6.01 => PASS
[CountResult DEBUG] Edge 2-21 GT=1.00 Pred=1.00 rad_err=0.05 trans_err=19.73 => PASS
[CountResult DEBUG] Edge 3-5 GT=1.00 Pred=0.00 rad_err=0.12 trans_err=48.45 => PASS
[CountResult DEBUG] Edge 3-17 GT=1.00 Pred=1.00 rad_err=0.02 trans_err=8.05 => PASS
[CountResult DEBUG] Edge 3-24 GT=1.00 Pred=0.00 rad_err=2.73 trans_err=759.17 => FAIL
[CountResult DEBUG] Edge 3-25 GT=1.00 Pred=1.00 rad_err=0.12 trans_err=27.88 => PASS
[CountResult DEBUG] Edge 3-26 GT=1.00 Pred=1.00 rad_err=0.10 trans_err=39.37 => PASS
[CountResult DEBUG] Edge 4-9 GT=1.00 Pred=1.00 rad_err=0.03 trans_err=12.02 => PASS
[CountResult DEBUG] Edge 4-18 GT=1.00 Pred=1.00 rad_err=0.03 trans_err=13.02 => PASS
[CountResult DEBUG] Edge 4-20 GT=1.00 Pred=1.00 rad_err=0.04 trans_err=9.68 => PASS
[CountResult DEBUG] Edge 5-8 GT=1.00 Pred=1.00 rad_err=0.10 trans_err=48.22 => PASS
[CountResult DEBUG] Edge 5-13 GT=1.00 Pred=0.00 rad_err=0.03 trans_err=13.32 => PASS
[CountResult DEBUG] Edge 5-16 GT=1.00 Pred=0.00 rad_err=1.71 trans_err=619.62 => FAIL
[CountResult DEBUG] Edge 5-22 GT=1.00 Pred=0.00 rad_err=0.04 trans_err=19.25 => PASS
[CountResult DEBUG] Edge 5-25 GT=1.00 Pred=0.00 rad_err=0.08 trans_err=8.11 => PASS
[CountResult DEBUG] Edge 6-8 GT=1.00 Pred=1.00 rad_err=0.03 trans_err=9.46 => PASS
[CountResult DEBUG] Edge 6-14 GT=1.00 Pred=1.00 rad_err=0.05 trans_err=23.29 => PASS
[CountResult DEBUG] Edge 6-29 GT=1.00 Pred=0.00 rad_err=3.13 trans_err=733.16 => FAIL
[CountResult DEBUG] Edge 7-12 GT=1.00 Pred=0.00 rad_err=3.04 trans_err=724.04 => FAIL
[CountResult DEBUG] Edge 7-15 GT=1.00 Pred=1.00 rad_err=0.15 trans_err=30.05 => PASS
[CountResult DEBUG] Edge 7-16 GT=1.00 Pred=0.00 rad_err=1.52 trans_err=523.05 => FAIL
[CountResult DEBUG] Edge 7-22 GT=1.00 Pred=0.00 rad_err=3.02 trans_err=726.32 => FAIL
[CountResult DEBUG] Edge 8-10 GT=1.00 Pred=0.00 rad_err=1.61 trans_err=281.44 => FAIL
[CountResult DEBUG] Edge 8-16 GT=1.00 Pred=0.00 rad_err=1.61 trans_err=234.77 => FAIL
[CountResult DEBUG] Edge 8-30 GT=1.00 Pred=0.00 rad_err=2.36 trans_err=771.63 => FAIL
[CountResult DEBUG] Edge 9-11 GT=1.00 Pred=0.00 rad_err=0.03 trans_err=9.32 => PASS
[CountResult DEBUG] Edge 9-19 GT=1.00 Pred=0.00 rad_err=0.01 trans_err=3.32 => PASS
[CountResult DEBUG] Edge 9-20 GT=1.00 Pred=0.00 rad_err=0.05 trans_err=22.06 => PASS
[CountResult DEBUG] Edge 10-15 GT=1.00 Pred=0.00 rad_err=1.52 trans_err=367.50 => FAIL
[CountResult DEBUG] Edge 10-16 GT=1.00 Pred=0.00 rad_err=3.07 trans_err=616.47 => FAIL
[CountResult DEBUG] Edge 10-29 GT=1.00 Pred=0.00 rad_err=3.05 trans_err=569.55 => FAIL
[CountResult DEBUG] Edge 11-12 GT=1.00 Pred=0.00 rad_err=0.14 trans_err=49.98 => PASS
[CountResult DEBUG] Edge 11-19 GT=1.00 Pred=1.00 rad_err=0.02 trans_err=5.94 => PASS
[CountResult DEBUG] Edge 11-27 GT=1.00 Pred=0.00 rad_err=2.41 trans_err=531.48 => FAIL
[CountResult DEBUG] Edge 12-13 GT=1.00 Pred=1.00 rad_err=0.04 trans_err=19.60 => PASS
[CountResult DEBUG] Edge 12-15 GT=1.00 Pred=0.00 rad_err=3.00 trans_err=663.43 => FAIL
[CountResult DEBUG] Edge 12-22 GT=1.00 Pred=0.00 rad_err=0.02 trans_err=11.63 => PASS
[CountResult DEBUG] Edge 12-29 GT=1.00 Pred=0.00 rad_err=3.11 trans_err=949.54 => FAIL
[CountResult DEBUG] Edge 13-22 GT=1.00 Pred=1.00 rad_err=0.04 trans_err=18.66 => PASS
[CountResult DEBUG] Edge 13-25 GT=1.00 Pred=1.00 rad_err=0.09 trans_err=28.00 => PASS
[CountResult DEBUG] Edge 13-27 GT=1.00 Pred=0.00 rad_err=2.27 trans_err=655.60 => FAIL
[CountResult DEBUG] Edge 13-28 GT=1.00 Pred=0.00 rad_err=0.05 trans_err=22.79 => PASS
[CountResult DEBUG] Edge 14-26 GT=1.00 Pred=0.00 rad_err=0.06 trans_err=25.55 => PASS
[CountResult DEBUG] Edge 14-30 GT=1.00 Pred=0.00 rad_err=2.32 trans_err=782.53 => FAIL
[CountResult DEBUG] Edge 17-18 GT=1.00 Pred=1.00 rad_err=0.03 trans_err=12.14 => PASS
[CountResult DEBUG] Edge 17-21 GT=1.00 Pred=0.00 rad_err=0.01 trans_err=3.04 => PASS
[CountResult DEBUG] Edge 18-20 GT=1.00 Pred=0.00 rad_err=0.06 trans_err=31.14 => PASS
[CountResult DEBUG] Edge 18-21 GT=1.00 Pred=1.00 rad_err=0.02 trans_err=11.39 => PASS
[CountResult DEBUG] Edge 18-23 GT=1.00 Pred=1.00 rad_err=0.07 trans_err=37.78 => PASS
[CountResult DEBUG] Edge 20-23 GT=1.00 Pred=0.00 rad_err=0.07 trans_err=35.00 => PASS
[CountResult DEBUG] Edge 23-24 GT=1.00 Pred=0.00 rad_err=2.69 trans_err=597.14 => FAIL
[CountResult DEBUG] Edge 24-31 GT=1.00 Pred=0.00 rad_err=2.75 trans_err=757.49 => FAIL
[CountResult DEBUG] Edge 25-31 GT=1.00 Pred=1.00 rad_err=0.06 trans_err=28.92 => PASS
[CountResult DEBUG] Edge 26-30 GT=1.00 Pred=0.00 rad_err=2.31 trans_err=668.49 => FAIL
[CountResult DEBUG] Edge 27-28 GT=1.00 Pred=0.00 rad_err=2.28 trans_err=695.38 => FAIL
[CountResult DEBUG] Edge 28-31 GT=1.00 Pred=1.00 rad_err=0.05 trans_err=19.89 => PASS
[CountResult DEBUG] Sherd 1 gt_edges=5 matched_edges=5 => MATCHED
[CountResult DEBUG] Sherd 2 gt_edges=4 matched_edges=4 => MATCHED
[CountResult DEBUG] Sherd 3 gt_edges=5 matched_edges=4 => MATCHED
[CountResult DEBUG] Sherd 4 gt_edges=5 matched_edges=5 => MATCHED
[CountResult DEBUG] Sherd 5 gt_edges=6 matched_edges=5 => MATCHED
[CountResult DEBUG] Sherd 6 gt_edges=4 matched_edges=3 => MATCHED
[CountResult DEBUG] Sherd 7 gt_edges=4 matched_edges=1 => MATCHED
[CountResult DEBUG] Sherd 8 gt_edges=5 matched_edges=2 => MATCHED
[CountResult DEBUG] Sherd 9 gt_edges=4 matched_edges=4 => MATCHED
[CountResult DEBUG] Sherd 10 gt_edges=4 matched_edges=0 => MISSED
[CountResult DEBUG] Sherd 11 gt_edges=4 matched_edges=3 => MATCHED
[CountResult DEBUG] Sherd 12 gt_edges=6 matched_edges=3 => MATCHED
[CountResult DEBUG] Sherd 13 gt_edges=6 matched_edges=5 => MATCHED
[CountResult DEBUG] Sherd 14 gt_edges=5 matched_edges=4 => MATCHED
[CountResult DEBUG] Sherd 15 gt_edges=3 matched_edges=1 => MATCHED
[CountResult DEBUG] Sherd 16 gt_edges=4 matched_edges=0 => MISSED
[CountResult DEBUG] Sherd 17 gt_edges=3 matched_edges=3 => MATCHED
[CountResult DEBUG] Sherd 18 gt_edges=5 matched_edges=5 => MATCHED
[CountResult DEBUG] Sherd 19 gt_edges=3 matched_edges=3 => MATCHED
[CountResult DEBUG] Sherd 20 gt_edges=4 matched_edges=4 => MATCHED
[CountResult DEBUG] Sherd 21 gt_edges=3 matched_edges=3 => MATCHED
[CountResult DEBUG] Sherd 22 gt_edges=4 matched_edges=3 => MATCHED
[CountResult DEBUG] Sherd 23 gt_edges=3 matched_edges=2 => MATCHED
[CountResult DEBUG] Sherd 24 gt_edges=3 matched_edges=0 => MISSED
[CountResult DEBUG] Sherd 25 gt_edges=4 matched_edges=4 => MATCHED
[CountResult DEBUG] Sherd 26 gt_edges=3 matched_edges=2 => MATCHED
[CountResult DEBUG] Sherd 27 gt_edges=3 matched_edges=0 => MISSED
[CountResult DEBUG] Sherd 28 gt_edges=3 matched_edges=2 => MATCHED
[CountResult DEBUG] Sherd 29 gt_edges=3 matched_edges=0 => MISSED
[CountResult DEBUG] Sherd 30 gt_edges=3 matched_edges=0 => MISSED
[CountResult DEBUG] Sherd 31 gt_edges=3 matched_edges=2 => MATCHED
Sherd accuracy : 25 / 31 (80.65%)
Edge accuracy : 40 / 62 (64.52%)
########## Pre-ICP GA Results ##########
Sherd Accuracy : 25 / 31
Edge Accuracy  : 40 / 62
########################################
#################### Post-GA Global ICP Refinement ####################
#################### Fine reconstruction is converge ####################
[CountResult DEBUG] Thresholds: rad=0.35, trans=50.00
[CountResult DEBUG] Edge 1-2 GT=1.00 Pred=1.00 rad_err=0.11 trans_err=51.34 => FAIL
[CountResult DEBUG] Edge 1-4 GT=1.00 Pred=1.00 rad_err=0.11 trans_err=52.14 => FAIL
[CountResult DEBUG] Edge 1-6 GT=1.00 Pred=1.00 rad_err=0.06 trans_err=28.48 => PASS
[CountResult DEBUG] Edge 1-14 GT=1.00 Pred=1.00 rad_err=0.12 trans_err=48.80 => PASS
[CountResult DEBUG] Edge 1-19 GT=1.00 Pred=1.00 rad_err=0.10 trans_err=20.32 => PASS
[CountResult DEBUG] Edge 2-4 GT=1.00 Pred=1.00 rad_err=0.06 trans_err=19.98 => PASS
[CountResult DEBUG] Edge 2-14 GT=1.00 Pred=1.00 rad_err=0.08 trans_err=35.30 => PASS
[CountResult DEBUG] Edge 2-21 GT=1.00 Pred=1.00 rad_err=0.05 trans_err=5.34 => PASS
[CountResult DEBUG] Edge 3-5 GT=1.00 Pred=1.00 rad_err=0.08 trans_err=32.87 => PASS
[CountResult DEBUG] Edge 3-17 GT=1.00 Pred=1.00 rad_err=0.09 trans_err=48.12 => PASS
[CountResult DEBUG] Edge 3-24 GT=1.00 Pred=1.00 rad_err=2.63 trans_err=651.44 => FAIL
[CountResult DEBUG] Edge 3-25 GT=1.00 Pred=1.00 rad_err=0.14 trans_err=40.00 => PASS
[CountResult DEBUG] Edge 3-26 GT=1.00 Pred=1.00 rad_err=0.16 trans_err=62.30 => FAIL
[CountResult DEBUG] Edge 4-9 GT=1.00 Pred=1.00 rad_err=0.06 trans_err=28.05 => PASS
[CountResult DEBUG] Edge 4-18 GT=1.00 Pred=1.00 rad_err=0.05 trans_err=27.14 => PASS
[CountResult DEBUG] Edge 4-20 GT=1.00 Pred=1.00 rad_err=0.07 trans_err=26.03 => PASS
[CountResult DEBUG] Edge 5-8 GT=1.00 Pred=1.00 rad_err=0.14 trans_err=68.44 => FAIL
[CountResult DEBUG] Edge 5-13 GT=1.00 Pred=1.00 rad_err=0.26 trans_err=43.18 => PASS
[CountResult DEBUG] Edge 5-16 GT=1.00 Pred=1.00 rad_err=1.25 trans_err=441.80 => FAIL
[CountResult DEBUG] Edge 5-22 GT=1.00 Pred=1.00 rad_err=0.31 trans_err=107.71 => FAIL
[CountResult DEBUG] Edge 5-25 GT=1.00 Pred=1.00 rad_err=0.12 trans_err=54.18 => FAIL
[CountResult DEBUG] Edge 6-8 GT=1.00 Pred=1.00 rad_err=0.17 trans_err=65.90 => FAIL
[CountResult DEBUG] Edge 6-14 GT=1.00 Pred=1.00 rad_err=0.13 trans_err=65.02 => FAIL
[CountResult DEBUG] Edge 6-29 GT=1.00 Pred=1.00 rad_err=3.13 trans_err=641.22 => FAIL
[CountResult DEBUG] Edge 7-12 GT=1.00 Pred=1.00 rad_err=2.71 trans_err=609.48 => FAIL
[CountResult DEBUG] Edge 7-15 GT=1.00 Pred=0.00 rad_err=1.35 trans_err=508.03 => FAIL
[CountResult DEBUG] Edge 7-16 GT=1.00 Pred=1.00 rad_err=1.58 trans_err=639.37 => FAIL
[CountResult DEBUG] Edge 7-22 GT=1.00 Pred=0.00 rad_err=2.70 trans_err=645.68 => FAIL
[CountResult DEBUG] Edge 8-10 GT=1.00 Pred=0.00 rad_err=1.97 trans_err=47.02 => FAIL
[CountResult DEBUG] Edge 8-16 GT=1.00 Pred=1.00 rad_err=1.38 trans_err=94.39 => FAIL
[CountResult DEBUG] Edge 8-30 GT=1.00 Pred=0.00 rad_err=2.23 trans_err=771.28 => FAIL
[CountResult DEBUG] Edge 9-11 GT=1.00 Pred=1.00 rad_err=0.08 trans_err=17.61 => PASS
[CountResult DEBUG] Edge 9-19 GT=1.00 Pred=1.00 rad_err=0.08 trans_err=16.56 => PASS
[CountResult DEBUG] Edge 9-20 GT=1.00 Pred=1.00 rad_err=0.02 trans_err=9.78 => PASS
[CountResult DEBUG] Edge 10-15 GT=1.00 Pred=0.00 rad_err=2.33 trans_err=668.88 => FAIL
[CountResult DEBUG] Edge 10-16 GT=1.00 Pred=1.00 rad_err=2.94 trans_err=372.55 => FAIL
[CountResult DEBUG] Edge 10-29 GT=1.00 Pred=0.00 rad_err=2.73 trans_err=692.23 => FAIL
[CountResult DEBUG] Edge 11-12 GT=1.00 Pred=1.00 rad_err=0.27 trans_err=135.85 => FAIL
[CountResult DEBUG] Edge 11-19 GT=1.00 Pred=1.00 rad_err=0.05 trans_err=20.95 => PASS
[CountResult DEBUG] Edge 11-27 GT=1.00 Pred=0.00 rad_err=2.08 trans_err=643.90 => FAIL
[CountResult DEBUG] Edge 12-13 GT=1.00 Pred=1.00 rad_err=0.28 trans_err=102.97 => FAIL
[CountResult DEBUG] Edge 12-15 GT=1.00 Pred=0.00 rad_err=2.41 trans_err=202.69 => FAIL
[CountResult DEBUG] Edge 12-22 GT=1.00 Pred=1.00 rad_err=0.34 trans_err=106.68 => FAIL
[CountResult DEBUG] Edge 12-29 GT=1.00 Pred=0.00 rad_err=2.83 trans_err=902.28 => FAIL
[CountResult DEBUG] Edge 13-22 GT=1.00 Pred=1.00 rad_err=0.12 trans_err=53.65 => FAIL
[CountResult DEBUG] Edge 13-25 GT=1.00 Pred=1.00 rad_err=0.35 trans_err=130.86 => FAIL
[CountResult DEBUG] Edge 13-27 GT=1.00 Pred=0.00 rad_err=2.18 trans_err=709.60 => FAIL
[CountResult DEBUG] Edge 13-28 GT=1.00 Pred=1.00 rad_err=0.27 trans_err=129.12 => FAIL
[CountResult DEBUG] Edge 14-26 GT=1.00 Pred=1.00 rad_err=0.09 trans_err=44.00 => PASS
[CountResult DEBUG] Edge 14-30 GT=1.00 Pred=0.00 rad_err=2.29 trans_err=770.77 => FAIL
[CountResult DEBUG] Edge 17-18 GT=1.00 Pred=1.00 rad_err=0.04 trans_err=15.50 => PASS
[CountResult DEBUG] Edge 17-21 GT=1.00 Pred=1.00 rad_err=0.03 trans_err=13.87 => PASS
[CountResult DEBUG] Edge 18-20 GT=1.00 Pred=1.00 rad_err=0.11 trans_err=51.01 => FAIL
[CountResult DEBUG] Edge 18-21 GT=1.00 Pred=1.00 rad_err=0.02 trans_err=4.68 => PASS
[CountResult DEBUG] Edge 18-23 GT=1.00 Pred=1.00 rad_err=0.11 trans_err=59.22 => FAIL
[CountResult DEBUG] Edge 20-23 GT=1.00 Pred=1.00 rad_err=0.09 trans_err=43.03 => PASS
[CountResult DEBUG] Edge 23-24 GT=1.00 Pred=0.00 rad_err=2.48 trans_err=617.90 => FAIL
[CountResult DEBUG] Edge 24-31 GT=1.00 Pred=0.00 rad_err=2.68 trans_err=775.65 => FAIL
[CountResult DEBUG] Edge 25-31 GT=1.00 Pred=1.00 rad_err=0.13 trans_err=35.50 => PASS
[CountResult DEBUG] Edge 26-30 GT=1.00 Pred=0.00 rad_err=2.27 trans_err=651.00 => FAIL
[CountResult DEBUG] Edge 27-28 GT=1.00 Pred=0.00 rad_err=2.42 trans_err=724.56 => FAIL
[CountResult DEBUG] Edge 28-31 GT=1.00 Pred=1.00 rad_err=0.17 trans_err=67.24 => FAIL
[CountResult DEBUG] Sherd 1 gt_edges=5 matched_edges=3 => MATCHED
[CountResult DEBUG] Sherd 2 gt_edges=4 matched_edges=3 => MATCHED
[CountResult DEBUG] Sherd 3 gt_edges=5 matched_edges=3 => MATCHED
[CountResult DEBUG] Sherd 4 gt_edges=5 matched_edges=4 => MATCHED
[CountResult DEBUG] Sherd 5 gt_edges=6 matched_edges=4 => MATCHED
[CountResult DEBUG] Sherd 6 gt_edges=4 matched_edges=3 => MATCHED
[CountResult DEBUG] Sherd 7 gt_edges=4 matched_edges=0 => MISSED
[CountResult DEBUG] Sherd 8 gt_edges=5 matched_edges=2 => MATCHED
[CountResult DEBUG] Sherd 9 gt_edges=4 matched_edges=4 => MATCHED
[CountResult DEBUG] Sherd 10 gt_edges=4 matched_edges=0 => MISSED
[CountResult DEBUG] Sherd 11 gt_edges=4 matched_edges=2 => MATCHED
[CountResult DEBUG] Sherd 12 gt_edges=6 matched_edges=1 => MATCHED
[CountResult DEBUG] Sherd 13 gt_edges=6 matched_edges=3 => MATCHED
[CountResult DEBUG] Sherd 14 gt_edges=5 matched_edges=4 => MATCHED
[CountResult DEBUG] Sherd 15 gt_edges=3 matched_edges=0 => MISSED
[CountResult DEBUG] Sherd 16 gt_edges=4 matched_edges=0 => MISSED
[CountResult DEBUG] Sherd 17 gt_edges=3 matched_edges=3 => MATCHED
[CountResult DEBUG] Sherd 18 gt_edges=5 matched_edges=4 => MATCHED
[CountResult DEBUG] Sherd 19 gt_edges=3 matched_edges=3 => MATCHED
[CountResult DEBUG] Sherd 20 gt_edges=4 matched_edges=3 => MATCHED
[CountResult DEBUG] Sherd 21 gt_edges=3 matched_edges=3 => MATCHED
[CountResult DEBUG] Sherd 22 gt_edges=4 matched_edges=0 => MISSED
[CountResult DEBUG] Sherd 23 gt_edges=3 matched_edges=2 => MATCHED
[CountResult DEBUG] Sherd 24 gt_edges=3 matched_edges=0 => MISSED
[CountResult DEBUG] Sherd 25 gt_edges=4 matched_edges=3 => MATCHED
[CountResult DEBUG] Sherd 26 gt_edges=3 matched_edges=1 => MATCHED
[CountResult DEBUG] Sherd 27 gt_edges=3 matched_edges=0 => MISSED
[CountResult DEBUG] Sherd 28 gt_edges=3 matched_edges=2 => MATCHED
[CountResult DEBUG] Sherd 29 gt_edges=3 matched_edges=0 => MISSED
[CountResult DEBUG] Sherd 30 gt_edges=3 matched_edges=0 => MISSED
[CountResult DEBUG] Sherd 31 gt_edges=3 matched_edges=2 => MATCHED
Sherd accuracy : 22 / 31 (70.97%)
Edge accuracy : 26 / 62 (42.74%)
########## Post-ICP Global Results ##########
Sherd Accuracy : 22 / 31
Edge Accuracy  : 26 / 62
########################################
#################### Post-GA Incremental ICP Refinement ####################
[CountResult DEBUG] Thresholds: rad=0.35, trans=50.00
[CountResult DEBUG] Edge 1-2 GT=1.00 Pred=0.00 rad_err=1.58 trans_err=181.41 => FAIL
[CountResult DEBUG] Edge 1-4 GT=1.00 Pred=1.00 rad_err=0.08 trans_err=32.86 => PASS
[CountResult DEBUG] Edge 1-6 GT=1.00 Pred=1.00 rad_err=0.04 trans_err=16.96 => PASS
[CountResult DEBUG] Edge 1-14 GT=1.00 Pred=0.00 rad_err=1.15 trans_err=20.46 => FAIL
[CountResult DEBUG] Edge 1-19 GT=1.00 Pred=1.00 rad_err=0.04 trans_err=18.27 => PASS
[CountResult DEBUG] Edge 2-4 GT=1.00 Pred=0.00 rad_err=1.52 trans_err=545.19 => FAIL
[CountResult DEBUG] Edge 2-14 GT=1.00 Pred=0.00 rad_err=0.59 trans_err=116.29 => FAIL
[CountResult DEBUG] Edge 2-21 GT=1.00 Pred=1.00 rad_err=1.59 trans_err=644.25 => FAIL
[CountResult DEBUG] Edge 3-5 GT=1.00 Pred=0.00 rad_err=0.40 trans_err=121.71 => FAIL
[CountResult DEBUG] Edge 3-17 GT=1.00 Pred=1.00 rad_err=2.14 trans_err=397.58 => FAIL
[CountResult DEBUG] Edge 3-24 GT=1.00 Pred=0.00 rad_err=0.23 trans_err=119.14 => FAIL
[CountResult DEBUG] Edge 3-25 GT=1.00 Pred=1.00 rad_err=1.05 trans_err=465.70 => FAIL
[CountResult DEBUG] Edge 3-26 GT=1.00 Pred=1.00 rad_err=2.85 trans_err=854.89 => FAIL
[CountResult DEBUG] Edge 4-9 GT=1.00 Pred=1.00 rad_err=1.10 trans_err=324.52 => FAIL
[CountResult DEBUG] Edge 4-18 GT=1.00 Pred=1.00 rad_err=2.65 trans_err=989.00 => FAIL
[CountResult DEBUG] Edge 4-20 GT=1.00 Pred=1.00 rad_err=1.76 trans_err=212.60 => FAIL
[CountResult DEBUG] Edge 5-8 GT=1.00 Pred=1.00 rad_err=3.02 trans_err=840.17 => FAIL
[CountResult DEBUG] Edge 5-13 GT=1.00 Pred=0.00 rad_err=1.06 trans_err=412.77 => FAIL
[CountResult DEBUG] Edge 5-16 GT=1.00 Pred=0.00 rad_err=3.14 trans_err=597.60 => FAIL
[CountResult DEBUG] Edge 5-22 GT=1.00 Pred=0.00 rad_err=2.78 trans_err=833.58 => FAIL
[CountResult DEBUG] Edge 5-25 GT=1.00 Pred=0.00 rad_err=1.03 trans_err=444.70 => FAIL
[CountResult DEBUG] Edge 6-8 GT=1.00 Pred=1.00 rad_err=0.89 trans_err=413.94 => FAIL
[CountResult DEBUG] Edge 6-14 GT=1.00 Pred=1.00 rad_err=1.16 trans_err=491.34 => FAIL
[CountResult DEBUG] Edge 6-29 GT=1.00 Pred=0.00 rad_err=3.14 trans_err=721.07 => FAIL
[CountResult DEBUG] Edge 7-12 GT=1.00 Pred=0.00 rad_err=1.35 trans_err=472.13 => FAIL
[CountResult DEBUG] Edge 7-15 GT=1.00 Pred=1.00 rad_err=3.07 trans_err=462.29 => FAIL
[CountResult DEBUG] Edge 7-16 GT=1.00 Pred=0.00 rad_err=1.68 trans_err=627.05 => FAIL
[CountResult DEBUG] Edge 7-22 GT=1.00 Pred=0.00 rad_err=1.28 trans_err=521.96 => FAIL
[CountResult DEBUG] Edge 8-10 GT=1.00 Pred=0.00 rad_err=1.64 trans_err=295.14 => FAIL
[CountResult DEBUG] Edge 8-16 GT=1.00 Pred=0.00 rad_err=3.09 trans_err=910.59 => FAIL
[CountResult DEBUG] Edge 8-30 GT=1.00 Pred=0.00 rad_err=3.02 trans_err=695.39 => FAIL
[CountResult DEBUG] Edge 9-11 GT=1.00 Pred=0.00 rad_err=3.12 trans_err=913.48 => FAIL
[CountResult DEBUG] Edge 9-19 GT=1.00 Pred=0.00 rad_err=1.06 trans_err=314.46 => FAIL
[CountResult DEBUG] Edge 9-20 GT=1.00 Pred=0.00 rad_err=1.34 trans_err=482.81 => FAIL
[CountResult DEBUG] Edge 10-15 GT=1.00 Pred=0.00 rad_err=0.40 trans_err=110.63 => FAIL
[CountResult DEBUG] Edge 10-16 GT=1.00 Pred=0.00 rad_err=3.09 trans_err=684.44 => FAIL
[CountResult DEBUG] Edge 10-29 GT=1.00 Pred=0.00 rad_err=3.13 trans_err=866.31 => FAIL
[CountResult DEBUG] Edge 11-12 GT=1.00 Pred=0.00 rad_err=0.60 trans_err=311.12 => FAIL
[CountResult DEBUG] Edge 11-19 GT=1.00 Pred=1.00 rad_err=3.07 trans_err=881.54 => FAIL
[CountResult DEBUG] Edge 11-27 GT=1.00 Pred=0.00 rad_err=2.73 trans_err=815.79 => FAIL
[CountResult DEBUG] Edge 12-13 GT=1.00 Pred=1.00 rad_err=2.90 trans_err=739.76 => FAIL
[CountResult DEBUG] Edge 12-15 GT=1.00 Pred=0.00 rad_err=2.94 trans_err=725.86 => FAIL
[CountResult DEBUG] Edge 12-22 GT=1.00 Pred=0.00 rad_err=0.46 trans_err=211.28 => FAIL
[CountResult DEBUG] Edge 12-29 GT=1.00 Pred=0.00 rad_err=1.84 trans_err=545.83 => FAIL
[CountResult DEBUG] Edge 13-22 GT=1.00 Pred=1.00 rad_err=2.95 trans_err=720.66 => FAIL
[CountResult DEBUG] Edge 13-25 GT=1.00 Pred=1.00 rad_err=2.08 trans_err=686.26 => FAIL
[CountResult DEBUG] Edge 13-27 GT=1.00 Pred=0.00 rad_err=0.81 trans_err=370.94 => FAIL
[CountResult DEBUG] Edge 13-28 GT=1.00 Pred=0.00 rad_err=1.74 trans_err=483.72 => FAIL
[CountResult DEBUG] Edge 14-26 GT=1.00 Pred=0.00 rad_err=3.11 trans_err=783.76 => FAIL
[CountResult DEBUG] Edge 14-30 GT=1.00 Pred=0.00 rad_err=3.12 trans_err=684.87 => FAIL
[CountResult DEBUG] Edge 17-18 GT=1.00 Pred=1.00 rad_err=2.31 trans_err=758.79 => FAIL
[CountResult DEBUG] Edge 17-21 GT=1.00 Pred=0.00 rad_err=2.16 trans_err=678.66 => FAIL
[CountResult DEBUG] Edge 18-20 GT=1.00 Pred=0.00 rad_err=2.37 trans_err=707.73 => FAIL
[CountResult DEBUG] Edge 18-21 GT=1.00 Pred=1.00 rad_err=2.68 trans_err=158.98 => FAIL
[CountResult DEBUG] Edge 18-23 GT=1.00 Pred=1.00 rad_err=3.05 trans_err=624.38 => FAIL
[CountResult DEBUG] Edge 20-23 GT=1.00 Pred=0.00 rad_err=1.98 trans_err=594.89 => FAIL
[CountResult DEBUG] Edge 23-24 GT=1.00 Pred=0.00 rad_err=2.94 trans_err=763.83 => FAIL
[CountResult DEBUG] Edge 24-31 GT=1.00 Pred=0.00 rad_err=3.13 trans_err=669.92 => FAIL
[CountResult DEBUG] Edge 25-31 GT=1.00 Pred=1.00 rad_err=3.07 trans_err=775.09 => FAIL
[CountResult DEBUG] Edge 26-30 GT=1.00 Pred=0.00 rad_err=0.91 trans_err=333.35 => FAIL
[CountResult DEBUG] Edge 27-28 GT=1.00 Pred=0.00 rad_err=2.40 trans_err=710.38 => FAIL
[CountResult DEBUG] Edge 28-31 GT=1.00 Pred=1.00 rad_err=2.83 trans_err=751.18 => FAIL
[CountResult DEBUG] Sherd 1 gt_edges=5 matched_edges=3 => MATCHED
[CountResult DEBUG] Sherd 2 gt_edges=4 matched_edges=0 => MISSED
[CountResult DEBUG] Sherd 3 gt_edges=5 matched_edges=0 => MISSED
[CountResult DEBUG] Sherd 4 gt_edges=5 matched_edges=1 => MATCHED
[CountResult DEBUG] Sherd 5 gt_edges=6 matched_edges=0 => MISSED
[CountResult DEBUG] Sherd 6 gt_edges=4 matched_edges=1 => MATCHED
[CountResult DEBUG] Sherd 7 gt_edges=4 matched_edges=0 => MISSED
[CountResult DEBUG] Sherd 8 gt_edges=5 matched_edges=0 => MISSED
[CountResult DEBUG] Sherd 9 gt_edges=4 matched_edges=0 => MISSED
[CountResult DEBUG] Sherd 10 gt_edges=4 matched_edges=0 => MISSED
[CountResult DEBUG] Sherd 11 gt_edges=4 matched_edges=0 => MISSED
[CountResult DEBUG] Sherd 12 gt_edges=6 matched_edges=0 => MISSED
[CountResult DEBUG] Sherd 13 gt_edges=6 matched_edges=0 => MISSED
[CountResult DEBUG] Sherd 14 gt_edges=5 matched_edges=0 => MISSED
[CountResult DEBUG] Sherd 15 gt_edges=3 matched_edges=0 => MISSED
[CountResult DEBUG] Sherd 16 gt_edges=4 matched_edges=0 => MISSED
[CountResult DEBUG] Sherd 17 gt_edges=3 matched_edges=0 => MISSED
[CountResult DEBUG] Sherd 18 gt_edges=5 matched_edges=0 => MISSED
[CountResult DEBUG] Sherd 19 gt_edges=3 matched_edges=1 => MATCHED
[CountResult DEBUG] Sherd 20 gt_edges=4 matched_edges=0 => MISSED
[CountResult DEBUG] Sherd 21 gt_edges=3 matched_edges=0 => MISSED
[CountResult DEBUG] Sherd 22 gt_edges=4 matched_edges=0 => MISSED
[CountResult DEBUG] Sherd 23 gt_edges=3 matched_edges=0 => MISSED
[CountResult DEBUG] Sherd 24 gt_edges=3 matched_edges=0 => MISSED
[CountResult DEBUG] Sherd 25 gt_edges=4 matched_edges=0 => MISSED
[CountResult DEBUG] Sherd 26 gt_edges=3 matched_edges=0 => MISSED
[CountResult DEBUG] Sherd 27 gt_edges=3 matched_edges=0 => MISSED
[CountResult DEBUG] Sherd 28 gt_edges=3 matched_edges=0 => MISSED
[CountResult DEBUG] Sherd 29 gt_edges=3 matched_edges=0 => MISSED
[CountResult DEBUG] Sherd 30 gt_edges=3 matched_edges=0 => MISSED
[CountResult DEBUG] Sherd 31 gt_edges=3 matched_edges=0 => MISSED
Sherd accuracy : 4 / 31 (12.90%)
Edge accuracy : 3 / 62 (4.84%)
########## Post-ICP Incremental Results ##########
Sherd Accuracy : 4 / 31
Edge Accuracy  : 3 / 62
########################################
########## Final Refined Results ##########
Selected Stage      : Pre-ICP GA (selected in compare)
Final Sherd Accuracy : 25 / 31
Final Edge Accuracy  : 40 / 62
Total Runtime        : 69730.11 sec
GA Runtime           : 69705.04 sec
###########################################
Showing Refined assembly. Press 'G' to toggle Ground Truth comparison! Press 'Q' to quit.
Terminated
