
--- COLLISION CLOUD SUMMARY ---
  Params: voxel=3 edge_exclusion=10 epsilon=1 max_points=300
  Sherd 1: in=16002 out=9322 filtered=12312 candidate=13012 voxel=875 final=875 radius=67.591
  Sherd 2: in=10351 out=8187 filtered=8230 candidate=10308 voxel=740 final=740 radius=44.981
  Sherd 3: in=7968 out=3686 filtered=6436 candidate=5218 voxel=336 final=336 radius=33.718
  Sherd 4: in=6710 out=6149 filtered=7439 candidate=5420 voxel=353 final=353 radius=29.956
  Sherd 5: in=5529 out=6026 filtered=9217 candidate=2338 voxel=225 final=225 radius=36.500
  Sherd 6: in=4587 out=4839 filtered=8643 candidate=783 voxel=82 final=82 radius=31.743
  Sherd 7: in=5265 out=5815 filtered=7486 candidate=3594 voxel=296 final=296 radius=35.277
  Sherd 8: in=4346 out=4615 filtered=5795 candidate=3166 voxel=240 final=240 radius=27.217
  Sherd 9: in=4020 out=4452 filtered=5584 candidate=2888 voxel=228 final=228 radius=24.381
  Sherd 10: in=3036 out=2371 filtered=4643 candidate=764 voxel=72 final=72 radius=19.075
  Sherd 11: in=2175 out=2364 filtered=3969 candidate=570 voxel=59 final=59 radius=11.643
  Valid sherds=11 empty_clouds=0


--- COLLISION AUDIT [GROUND TRUTH] ---
  Fitness overlap penalty: 0.0000
  Recomputed indexed overlap sum: 0.0000 (delta=0.0000)
  Pair counts: total=47 same_comp=28 broad_reject=21 narrow_checked=28 active=0
  Pair (0,3): center_dist=59.227 broad_radius=97.546 min_nn=6.646 hits=0/875 hit_ratio=0.000 avg_depth=0.000 pair_pen=0.000 [OK] NARROW-PHASE CLEAR
  Pair (0,6): center_dist=119.182 broad_radius=102.868 [OK] BROAD-PHASE SEPARATED
  Pair (0,7): center_dist=140.329 broad_radius=94.808 [OK] BROAD-PHASE SEPARATED
  Pair (0,8): center_dist=101.651 broad_radius=91.972 [OK] BROAD-PHASE SEPARATED
  Pair (0,9): center_dist=90.614 broad_radius=86.666 [OK] BROAD-PHASE SEPARATED
  Pair (1,2): center_dist=127.098 broad_radius=78.699 [OK] BROAD-PHASE SEPARATED
  Pair (1,4): center_dist=151.017 broad_radius=81.481 [OK] BROAD-PHASE SEPARATED
  Pair (1,6): center_dist=138.564 broad_radius=80.258 [OK] BROAD-PHASE SEPARATED
  Pair (1,7): center_dist=128.585 broad_radius=72.199 [OK] BROAD-PHASE SEPARATED
  Pair (1,8): center_dist=67.346 broad_radius=69.362 min_nn=22.191 hits=0/740 hit_ratio=0.000 avg_depth=0.000 pair_pen=0.000 [OK] NARROW-PHASE CLEAR
  Pair (1,9): center_dist=86.533 broad_radius=64.057 [OK] BROAD-PHASE SEPARATED
  Pair (2,3): center_dist=45.597 broad_radius=63.673 min_nn=2.001 hits=0/336 hit_ratio=0.000 avg_depth=0.000 pair_pen=0.000 [OK] NARROW-PHASE CLEAR
  Pair (2,4): center_dist=54.828 broad_radius=70.218 min_nn=16.400 hits=0/336 hit_ratio=0.000 avg_depth=0.000 pair_pen=0.000 [OK] NARROW-PHASE CLEAR
  Pair (2,7): center_dist=82.479 broad_radius=60.935 [OK] BROAD-PHASE SEPARATED
  Pair (2,8): center_dist=87.287 broad_radius=58.099 [OK] BROAD-PHASE SEPARATED
  Pair (2,9): center_dist=57.188 broad_radius=52.793 [OK] BROAD-PHASE SEPARATED
  Pair (3,4): center_dist=80.032 broad_radius=66.455 [OK] BROAD-PHASE SEPARATED
  Pair (3,6): center_dist=65.783 broad_radius=65.233 min_nn=18.053 hits=0/353 hit_ratio=0.000 avg_depth=0.000 pair_pen=0.000 [OK] NARROW-PHASE CLEAR
  Pair (3,7): center_dist=81.234 broad_radius=57.173 [OK] BROAD-PHASE SEPARATED
  Pair (3,9): center_dist=32.497 broad_radius=49.031 min_nn=7.395 hits=0/353 hit_ratio=0.000 avg_depth=0.000 pair_pen=0.000 [OK] NARROW-PHASE CLEAR
  Pair (4,6): center_dist=95.034 broad_radius=71.777 [OK] BROAD-PHASE SEPARATED
  Pair (4,7): center_dist=136.913 broad_radius=63.717 [OK] BROAD-PHASE SEPARATED
  Pair (4,8): center_dist=131.810 broad_radius=60.881 [OK] BROAD-PHASE SEPARATED
  Pair (4,9): center_dist=105.225 broad_radius=55.575 [OK] BROAD-PHASE SEPARATED
  Pair (6,8): center_dist=80.691 broad_radius=59.658 [OK] BROAD-PHASE SEPARATED
  Pair (6,9): center_dist=53.369 broad_radius=54.352 min_nn=8.212 hits=0/296 hit_ratio=0.000 avg_depth=0.000 pair_pen=0.000 [OK] NARROW-PHASE CLEAR
  Pair (7,8): center_dist=61.448 broad_radius=51.598 [OK] BROAD-PHASE SEPARATED
  Pair (7,9): center_dist=51.873 broad_radius=46.293 [OK] BROAD-PHASE SEPARATED
  No active cloud collisions detected.


=== CONSENSUS SUPPORT DIAGNOSTICS [GROUND TRUTH] ===
  Active Spanning Tree Component: 9 shards.
  Shard 1 (Root Shard):
    Alternative Pair with Shard 2 (ACTIVE IN TREE) [SKIPPED]
    Alternative Pair with Shard 3 (ACTIVE IN TREE) [SKIPPED]
    Alternative Pair with Shard 5 (ACTIVE IN TREE) [SKIPPED]
    Alternative Pair with Shard 4 (NOT ACTIVE IN TREE):
      Candidate choice=1 inlier=32 | RotErr = 0.8839 rad (50.6414 deg) | TransErr = 97.16 mm [FAILS]
      Candidate choice=2 inlier=67 | RotErr = 0.7618 rad (43.6478 deg) | TransErr = 94.10 mm [FAILS]
      Candidate choice=3 inlier=72 | RotErr = 0.9598 rad (54.9935 deg) | TransErr = 29.66 mm [FAILS]
      Candidate choice=4 inlier=63 | RotErr = 1.6230 rad (92.9914 deg) | TransErr = 21.01 mm [FAILS]
    Alternative Pair with Shard 7 (NOT ACTIVE IN TREE):
      Candidate choice=1 inlier=0 | RotErr = 1.7402 rad (99.7069 deg) | TransErr = 124.22 mm [FAILS]
      Candidate choice=2 inlier=8 | RotErr = 2.3118 rad (132.4549 deg) | TransErr = 4.70 mm [FAILS]
      Candidate choice=3 inlier=61 | RotErr = 0.3921 rad (22.4671 deg) | TransErr = 65.57 mm [FAILS]
    Alternative Pair with Shard 9 (NOT ACTIVE IN TREE):
      Candidate choice=1 inlier=24 | RotErr = 1.3366 rad (76.5800 deg) | TransErr = 112.00 mm [FAILS]
      Candidate choice=2 inlier=40 | RotErr = 1.8738 rad (107.3592 deg) | TransErr = 74.14 mm [FAILS]
      Candidate choice=3 inlier=0 | RotErr = 3.1383 rad (179.8121 deg) | TransErr = 127.09 mm [FAILS]
      Candidate choice=4 inlier=14 | RotErr = 2.5793 rad (147.7827 deg) | TransErr = 44.84 mm [FAILS]
      Candidate choice=5 inlier=24 | RotErr = 1.9640 rad (112.5295 deg) | TransErr = 54.57 mm [FAILS]
      Candidate choice=6 inlier=0 | RotErr = 1.0764 rad (61.6747 deg) | TransErr = 40.42 mm [FAILS]
      Candidate choice=7 inlier=47 | RotErr = 1.5992 rad (91.6279 deg) | TransErr = 41.86 mm [FAILS]
      Candidate choice=8 inlier=36 | RotErr = 2.7695 rad (158.6779 deg) | TransErr = 85.20 mm [FAILS]
      Candidate choice=9 inlier=40 | RotErr = 2.6717 rad (153.0798 deg) | TransErr = 73.44 mm [FAILS]
      Candidate choice=10 inlier=0 | RotErr = 0.8261 rad (47.3325 deg) | TransErr = 79.17 mm [FAILS]
    Alternative Pair with Shard 8 (NOT ACTIVE IN TREE):
      Candidate choice=1 inlier=10 | RotErr = 2.4375 rad (139.6613 deg) | TransErr = 148.93 mm [FAILS]
      Candidate choice=2 inlier=36 | RotErr = 2.6880 rad (154.0131 deg) | TransErr = 112.97 mm [FAILS]
      Candidate choice=3 inlier=32 | RotErr = 2.8216 rad (161.6640 deg) | TransErr = 101.34 mm [FAILS]
      Candidate choice=4 inlier=0 | RotErr = 1.5144 rad (86.7701 deg) | TransErr = 105.35 mm [FAILS]
      Candidate choice=5 inlier=32 | RotErr = 0.8365 rad (47.9290 deg) | TransErr = 133.66 mm [FAILS]
      Candidate choice=6 inlier=53 | RotErr = 3.0029 rad (172.0528 deg) | TransErr = 106.83 mm [FAILS]
      Candidate choice=7 inlier=44 | RotErr = 0.9318 rad (53.3898 deg) | TransErr = 79.50 mm [FAILS]
      Candidate choice=8 inlier=40 | RotErr = 1.1132 rad (63.7835 deg) | TransErr = 37.45 mm [FAILS]
    Alternative Pair with Shard 10 (NOT ACTIVE IN TREE):
      Candidate choice=1 inlier=32 | RotErr = 2.0070 rad (114.9926 deg) | TransErr = 35.39 mm [FAILS]
      Candidate choice=2 inlier=40 | RotErr = 0.0570 rad (3.2660 deg) | TransErr = 39.75 mm [FAILS]
  Shard 2 (placed by parent 1):
    Alternative Pair with Shard 1 (ACTIVE IN TREE) [SKIPPED]
    Alternative Pair with Shard 3 (NOT ACTIVE IN TREE):
      Candidate choice=1 inlier=62 | RotErr = 0.9399 rad (53.8547 deg) | TransErr = 33.99 mm [FAILS]
      Candidate choice=2 inlier=24 | RotErr = 1.3310 rad (76.2630 deg) | TransErr = 8.48 mm [FAILS]
      Candidate choice=3 inlier=48 | RotErr = 2.7002 rad (154.7088 deg) | TransErr = 31.74 mm [FAILS]
      Candidate choice=4 inlier=22 | RotErr = 1.0593 rad (60.6945 deg) | TransErr = 29.51 mm [FAILS]
      Candidate choice=5 inlier=32 | RotErr = 2.7845 rad (159.5382 deg) | TransErr = 23.96 mm [FAILS]
      Candidate choice=6 inlier=53 | RotErr = 2.9424 rad (168.5845 deg) | TransErr = 46.39 mm [FAILS]
    Alternative Pair with Shard 5 (NOT ACTIVE IN TREE):
      Candidate choice=1 inlier=30 | RotErr = 1.3655 rad (78.2362 deg) | TransErr = 83.77 mm [FAILS]
    Alternative Pair with Shard 4 (ACTIVE IN TREE) [SKIPPED]
    Alternative Pair with Shard 7 (NOT ACTIVE IN TREE):
      Candidate choice=1 inlier=32 | RotErr = 2.5912 rad (148.4648 deg) | TransErr = 45.45 mm [FAILS]
      Candidate choice=2 inlier=66 | RotErr = 2.6923 rad (154.2572 deg) | TransErr = 55.61 mm [FAILS]
    Alternative Pair with Shard 9 (NOT ACTIVE IN TREE):
      Candidate choice=1 inlier=22 | RotErr = 0.9606 rad (55.0386 deg) | TransErr = 61.15 mm [FAILS]
      Candidate choice=2 inlier=45 | RotErr = 0.2679 rad (15.3469 deg) | TransErr = 22.98 mm [FAILS]
      Candidate choice=3 inlier=47 | RotErr = 1.7782 rad (101.8811 deg) | TransErr = 26.01 mm [FAILS]
      Candidate choice=4 inlier=22 | RotErr = 1.4020 rad (80.3258 deg) | TransErr = 63.03 mm [FAILS]
      Candidate choice=5 inlier=40 | RotErr = 1.8549 rad (106.2776 deg) | TransErr = 76.40 mm [FAILS]
      Candidate choice=6 inlier=38 | RotErr = 1.6811 rad (96.3197 deg) | TransErr = 5.01 mm [FAILS]
    Alternative Pair with Shard 8 (NOT ACTIVE IN TREE):
      Candidate choice=1 inlier=30 | RotErr = 2.1654 rad (124.0708 deg) | TransErr = 89.66 mm [FAILS]
      Candidate choice=2 inlier=32 | RotErr = 0.8455 rad (48.4443 deg) | TransErr = 117.55 mm [FAILS]
      Candidate choice=3 inlier=22 | RotErr = 0.8188 rad (46.9142 deg) | TransErr = 17.82 mm [FAILS]
      Candidate choice=4 inlier=36 | RotErr = 0.2273 rad (13.0239 deg) | TransErr = 85.05 mm [FAILS]
      Candidate choice=5 inlier=28 | RotErr = 2.4590 rad (140.8900 deg) | TransErr = 20.50 mm [FAILS]
    Alternative Pair with Shard 10 (NOT ACTIVE IN TREE):
      Candidate choice=1 inlier=44 | RotErr = 1.5984 rad (91.5834 deg) | TransErr = 64.02 mm [FAILS]
      Candidate choice=2 inlier=42 | RotErr = 0.7043 rad (40.3554 deg) | TransErr = 30.21 mm [FAILS]
      Candidate choice=3 inlier=36 | RotErr = 1.1501 rad (65.8933 deg) | TransErr = 56.46 mm [FAILS]
      Candidate choice=4 inlier=34 | RotErr = 2.8860 rad (165.3543 deg) | TransErr = 46.31 mm [FAILS]
  Shard 3 (placed by parent 1):
    Alternative Pair with Shard 1 (ACTIVE IN TREE) [SKIPPED]
    Alternative Pair with Shard 2 (NOT ACTIVE IN TREE):
      Candidate choice=1 inlier=62 | RotErr = 0.9399 rad (53.8547 deg) | TransErr = 33.99 mm [FAILS]
      Candidate choice=2 inlier=24 | RotErr = 1.3310 rad (76.2630 deg) | TransErr = 8.48 mm [FAILS]
      Candidate choice=3 inlier=48 | RotErr = 2.7002 rad (154.7088 deg) | TransErr = 31.74 mm [FAILS]
      Candidate choice=4 inlier=22 | RotErr = 1.0593 rad (60.6945 deg) | TransErr = 29.51 mm [FAILS]
      Candidate choice=5 inlier=32 | RotErr = 2.7845 rad (159.5382 deg) | TransErr = 23.96 mm [FAILS]
      Candidate choice=6 inlier=53 | RotErr = 2.9424 rad (168.5845 deg) | TransErr = 46.39 mm [FAILS]
    Alternative Pair with Shard 5 (NOT ACTIVE IN TREE):
      Candidate choice=1 inlier=48 | RotErr = 2.7536 rad (157.7697 deg) | TransErr = 61.83 mm [FAILS]
      Candidate choice=2 inlier=28 | RotErr = 1.9753 rad (113.1782 deg) | TransErr = 137.28 mm [FAILS]
      Candidate choice=3 inlier=36 | RotErr = 1.8314 rad (104.9305 deg) | TransErr = 11.74 mm [FAILS]
      Candidate choice=4 inlier=30 | RotErr = 1.5411 rad (88.3012 deg) | TransErr = 137.45 mm [FAILS]
      Candidate choice=5 inlier=30 | RotErr = 1.8295 rad (104.8214 deg) | TransErr = 136.33 mm [FAILS]
      Candidate choice=6 inlier=36 | RotErr = 0.0585 rad (3.3525 deg) | TransErr = 4.90 mm [PASSES] -> Reward: +20.00
      Candidate choice=7 inlier=56 | RotErr = 1.1150 rad (63.8866 deg) | TransErr = 51.51 mm [FAILS]
      Candidate choice=8 inlier=64 | RotErr = 0.9875 rad (56.5793 deg) | TransErr = 52.96 mm [FAILS]
    Alternative Pair with Shard 4 (NOT ACTIVE IN TREE):
      Candidate choice=1 inlier=50 | RotErr = 2.5128 rad (143.9704 deg) | TransErr = 88.81 mm [FAILS]
      Candidate choice=2 inlier=34 | RotErr = 2.5328 rad (145.1185 deg) | TransErr = 23.77 mm [FAILS]
      Candidate choice=3 inlier=56 | RotErr = 2.3968 rad (137.3254 deg) | TransErr = 51.21 mm [FAILS]
      Candidate choice=4 inlier=34 | RotErr = 0.1814 rad (10.3957 deg) | TransErr = 46.52 mm [FAILS]
    Alternative Pair with Shard 7 (ACTIVE IN TREE) [SKIPPED]
    Alternative Pair with Shard 9 (NOT ACTIVE IN TREE):
      Candidate choice=1 inlier=22 | RotErr = 2.2676 rad (129.9226 deg) | TransErr = 79.14 mm [FAILS]
      Candidate choice=2 inlier=18 | RotErr = 2.4850 rad (142.3822 deg) | TransErr = 62.13 mm [FAILS]
      Candidate choice=3 inlier=10 | RotErr = 2.3605 rad (135.2478 deg) | TransErr = 52.34 mm [FAILS]
      Candidate choice=4 inlier=38 | RotErr = 0.1742 rad (9.9797 deg) | TransErr = 30.76 mm [FAILS]
      Candidate choice=5 inlier=18 | RotErr = 1.1591 rad (66.4107 deg) | TransErr = 63.38 mm [FAILS]
      Candidate choice=6 inlier=30 | RotErr = 2.1435 rad (122.8120 deg) | TransErr = 132.71 mm [FAILS]
      Candidate choice=7 inlier=30 | RotErr = 1.8130 rad (103.8797 deg) | TransErr = 30.93 mm [FAILS]
      Candidate choice=8 inlier=14 | RotErr = 2.2098 rad (126.6107 deg) | TransErr = 34.56 mm [FAILS]
      Candidate choice=9 inlier=45 | RotErr = 0.6943 rad (39.7813 deg) | TransErr = 94.40 mm [FAILS]
      Candidate choice=10 inlier=22 | RotErr = 2.5145 rad (144.0697 deg) | TransErr = 80.39 mm [FAILS]
      Candidate choice=11 inlier=0 | RotErr = 1.3526 rad (77.5001 deg) | TransErr = 118.05 mm [FAILS]
      Candidate choice=12 inlier=51 | RotErr = 0.8068 rad (46.2270 deg) | TransErr = 95.88 mm [FAILS]
      Candidate choice=13 inlier=22 | RotErr = 2.7918 rad (159.9578 deg) | TransErr = 26.77 mm [FAILS]
    Alternative Pair with Shard 8 (NOT ACTIVE IN TREE):
      Candidate choice=1 inlier=34 | RotErr = 1.8049 rad (103.4111 deg) | TransErr = 108.79 mm [FAILS]
      Candidate choice=2 inlier=28 | RotErr = 1.3125 rad (75.1984 deg) | TransErr = 127.41 mm [FAILS]
      Candidate choice=3 inlier=38 | RotErr = 0.4086 rad (23.4115 deg) | TransErr = 124.01 mm [FAILS]
      Candidate choice=4 inlier=0 | RotErr = 1.7525 rad (100.4114 deg) | TransErr = 93.29 mm [FAILS]
      Candidate choice=5 inlier=28 | RotErr = 1.4473 rad (82.9243 deg) | TransErr = 108.61 mm [FAILS]
      Candidate choice=6 inlier=32 | RotErr = 2.1663 rad (124.1210 deg) | TransErr = 80.89 mm [FAILS]
      Candidate choice=7 inlier=22 | RotErr = 0.5526 rad (31.6598 deg) | TransErr = 42.73 mm [FAILS]
      Candidate choice=8 inlier=47 | RotErr = 2.3649 rad (135.5000 deg) | TransErr = 54.19 mm [FAILS]
    Alternative Pair with Shard 10 (NOT ACTIVE IN TREE):
      Candidate choice=1 inlier=38 | RotErr = 2.9825 rad (170.8820 deg) | TransErr = 54.54 mm [FAILS]
      Candidate choice=2 inlier=47 | RotErr = 1.3348 rad (76.4802 deg) | TransErr = 32.78 mm [FAILS]
      Candidate choice=3 inlier=0 | RotErr = 0.4748 rad (27.2061 deg) | TransErr = 15.32 mm [FAILS]
      Candidate choice=4 inlier=42 | RotErr = 0.4226 rad (24.2146 deg) | TransErr = 34.25 mm [FAILS]
      Candidate choice=5 inlier=14 | RotErr = 1.2052 rad (69.0526 deg) | TransErr = 102.27 mm [FAILS]
      Candidate choice=6 inlier=47 | RotErr = 1.5572 rad (89.2237 deg) | TransErr = 38.68 mm [FAILS]
      Candidate choice=7 inlier=38 | RotErr = 2.9800 rad (170.7406 deg) | TransErr = 26.28 mm [FAILS]
      Candidate choice=8 inlier=44 | RotErr = 0.7461 rad (42.7479 deg) | TransErr = 67.46 mm [FAILS]
  Shard 5 (placed by parent 1):
    Alternative Pair with Shard 1 (ACTIVE IN TREE) [SKIPPED]
    Alternative Pair with Shard 2 (NOT ACTIVE IN TREE):
      Candidate choice=1 inlier=30 | RotErr = 1.3655 rad (78.2362 deg) | TransErr = 83.77 mm [FAILS]
    Alternative Pair with Shard 3 (NOT ACTIVE IN TREE):
      Candidate choice=1 inlier=48 | RotErr = 2.7536 rad (157.7697 deg) | TransErr = 61.83 mm [FAILS]
      Candidate choice=2 inlier=28 | RotErr = 1.9753 rad (113.1782 deg) | TransErr = 137.28 mm [FAILS]
      Candidate choice=3 inlier=36 | RotErr = 1.8314 rad (104.9305 deg) | TransErr = 11.74 mm [FAILS]
      Candidate choice=4 inlier=30 | RotErr = 1.5411 rad (88.3012 deg) | TransErr = 137.45 mm [FAILS]
      Candidate choice=5 inlier=30 | RotErr = 1.8295 rad (104.8214 deg) | TransErr = 136.33 mm [FAILS]
      Candidate choice=6 inlier=36 | RotErr = 0.0585 rad (3.3525 deg) | TransErr = 4.90 mm [PASSES] -> Reward: +20.00
      Candidate choice=7 inlier=56 | RotErr = 1.1150 rad (63.8866 deg) | TransErr = 51.51 mm [FAILS]
      Candidate choice=8 inlier=64 | RotErr = 0.9875 rad (56.5793 deg) | TransErr = 52.96 mm [FAILS]
    Alternative Pair with Shard 4 (NOT ACTIVE IN TREE):
      Candidate choice=1 inlier=70 | RotErr = 2.3760 rad (136.1375 deg) | TransErr = 32.19 mm [FAILS]
      Candidate choice=2 inlier=77 | RotErr = 2.3994 rad (137.4769 deg) | TransErr = 26.96 mm [FAILS]
    Alternative Pair with Shard 7 (NOT ACTIVE IN TREE):
      Candidate choice=1 inlier=6 | RotErr = 2.3885 rad (136.8486 deg) | TransErr = 174.72 mm [FAILS]
      Candidate choice=2 inlier=16 | RotErr = 1.8326 rad (104.9993 deg) | TransErr = 177.31 mm [FAILS]
      Candidate choice=3 inlier=0 | RotErr = 1.9707 rad (112.9101 deg) | TransErr = 168.92 mm [FAILS]
      Candidate choice=4 inlier=58 | RotErr = 1.3962 rad (79.9985 deg) | TransErr = 109.64 mm [FAILS]
      Candidate choice=5 inlier=0 | RotErr = 2.3321 rad (133.6175 deg) | TransErr = 176.14 mm [FAILS]
      Candidate choice=6 inlier=2 | RotErr = 2.1240 rad (121.6991 deg) | TransErr = 176.81 mm [FAILS]
    Alternative Pair with Shard 9 (NOT ACTIVE IN TREE):
      Candidate choice=1 inlier=38 | RotErr = 0.6535 rad (37.4407 deg) | TransErr = 84.66 mm [FAILS]
      Candidate choice=2 inlier=0 | RotErr = 0.3413 rad (19.5529 deg) | TransErr = 85.36 mm [FAILS]
      Candidate choice=3 inlier=32 | RotErr = 0.6193 rad (35.4852 deg) | TransErr = 103.83 mm [FAILS]
      Candidate choice=4 inlier=0 | RotErr = 1.0837 rad (62.0923 deg) | TransErr = 161.98 mm [FAILS]
      Candidate choice=5 inlier=22 | RotErr = 0.7476 rad (42.8340 deg) | TransErr = 95.67 mm [FAILS]
    Alternative Pair with Shard 8 (NOT ACTIVE IN TREE):
      Candidate choice=1 inlier=30 | RotErr = 0.3039 rad (17.4148 deg) | TransErr = 112.36 mm [FAILS]
      Candidate choice=2 inlier=36 | RotErr = 0.2617 rad (14.9922 deg) | TransErr = 96.58 mm [FAILS]
      Candidate choice=3 inlier=0 | RotErr = 2.5785 rad (147.7388 deg) | TransErr = 140.32 mm [FAILS]
    Alternative Pair with Shard 10 (NOT ACTIVE IN TREE):
      Candidate choice=1 inlier=26 | RotErr = 0.7715 rad (44.2043 deg) | TransErr = 126.02 mm [FAILS]
      Candidate choice=2 inlier=28 | RotErr = 3.1269 rad (179.1605 deg) | TransErr = 51.66 mm [FAILS]
      Candidate choice=3 inlier=51 | RotErr = 0.9162 rad (52.4917 deg) | TransErr = 88.89 mm [FAILS]
  Shard 4 (placed by parent 2):
    Alternative Pair with Shard 1 (NOT ACTIVE IN TREE):
      Candidate choice=1 inlier=32 | RotErr = 0.8839 rad (50.6414 deg) | TransErr = 97.16 mm [FAILS]
      Candidate choice=2 inlier=67 | RotErr = 0.7618 rad (43.6478 deg) | TransErr = 94.10 mm [FAILS]
      Candidate choice=3 inlier=72 | RotErr = 0.9598 rad (54.9935 deg) | TransErr = 29.66 mm [FAILS]
      Candidate choice=4 inlier=63 | RotErr = 1.6230 rad (92.9914 deg) | TransErr = 21.01 mm [FAILS]
    Alternative Pair with Shard 2 (ACTIVE IN TREE) [SKIPPED]
    Alternative Pair with Shard 3 (NOT ACTIVE IN TREE):
      Candidate choice=1 inlier=50 | RotErr = 2.5128 rad (143.9704 deg) | TransErr = 88.81 mm [FAILS]
      Candidate choice=2 inlier=34 | RotErr = 2.5328 rad (145.1185 deg) | TransErr = 23.77 mm [FAILS]
      Candidate choice=3 inlier=56 | RotErr = 2.3968 rad (137.3254 deg) | TransErr = 51.21 mm [FAILS]
      Candidate choice=4 inlier=34 | RotErr = 0.1814 rad (10.3957 deg) | TransErr = 46.52 mm [FAILS]
    Alternative Pair with Shard 5 (NOT ACTIVE IN TREE):
      Candidate choice=1 inlier=70 | RotErr = 2.3760 rad (136.1375 deg) | TransErr = 32.19 mm [FAILS]
      Candidate choice=2 inlier=77 | RotErr = 2.3994 rad (137.4769 deg) | TransErr = 26.96 mm [FAILS]
    Alternative Pair with Shard 7 (NOT ACTIVE IN TREE):
      Candidate choice=1 inlier=36 | RotErr = 0.6123 rad (35.0807 deg) | TransErr = 72.76 mm [FAILS]
    Alternative Pair with Shard 9 (ACTIVE IN TREE) [SKIPPED]
    Alternative Pair with Shard 8 (NOT ACTIVE IN TREE):
      Candidate choice=1 inlier=0 | RotErr = 1.0487 rad (60.0855 deg) | TransErr = 84.55 mm [FAILS]
      Candidate choice=2 inlier=47 | RotErr = 2.6387 rad (151.1872 deg) | TransErr = 100.22 mm [FAILS]
      Candidate choice=3 inlier=14 | RotErr = 2.2655 rad (129.8025 deg) | TransErr = 74.88 mm [FAILS]
      Candidate choice=4 inlier=36 | RotErr = 1.6032 rad (91.8567 deg) | TransErr = 53.90 mm [FAILS]
      Candidate choice=5 inlier=36 | RotErr = 1.0981 rad (62.9168 deg) | TransErr = 35.14 mm [FAILS]
    Alternative Pair with Shard 10 (NOT ACTIVE IN TREE):
      Candidate choice=1 inlier=28 | RotErr = 1.3450 rad (77.0623 deg) | TransErr = 78.23 mm [FAILS]
      Candidate choice=2 inlier=26 | RotErr = 2.3339 rad (133.7217 deg) | TransErr = 26.40 mm [FAILS]
  Shard 7 (placed by parent 3):
    Alternative Pair with Shard 1 (NOT ACTIVE IN TREE):
      Candidate choice=1 inlier=0 | RotErr = 1.7402 rad (99.7069 deg) | TransErr = 124.22 mm [FAILS]
      Candidate choice=2 inlier=8 | RotErr = 2.3118 rad (132.4549 deg) | TransErr = 4.70 mm [FAILS]
      Candidate choice=3 inlier=61 | RotErr = 0.3921 rad (22.4671 deg) | TransErr = 65.57 mm [FAILS]
    Alternative Pair with Shard 2 (NOT ACTIVE IN TREE):
      Candidate choice=1 inlier=32 | RotErr = 2.5912 rad (148.4648 deg) | TransErr = 45.45 mm [FAILS]
      Candidate choice=2 inlier=66 | RotErr = 2.6923 rad (154.2572 deg) | TransErr = 55.61 mm [FAILS]
    Alternative Pair with Shard 3 (ACTIVE IN TREE) [SKIPPED]
    Alternative Pair with Shard 5 (NOT ACTIVE IN TREE):
      Candidate choice=1 inlier=6 | RotErr = 2.3885 rad (136.8486 deg) | TransErr = 174.72 mm [FAILS]
      Candidate choice=2 inlier=16 | RotErr = 1.8326 rad (104.9993 deg) | TransErr = 177.31 mm [FAILS]
      Candidate choice=3 inlier=0 | RotErr = 1.9707 rad (112.9101 deg) | TransErr = 168.92 mm [FAILS]
      Candidate choice=4 inlier=58 | RotErr = 1.3962 rad (79.9985 deg) | TransErr = 109.64 mm [FAILS]
      Candidate choice=5 inlier=0 | RotErr = 2.3321 rad (133.6175 deg) | TransErr = 176.14 mm [FAILS]
      Candidate choice=6 inlier=2 | RotErr = 2.1240 rad (121.6991 deg) | TransErr = 176.81 mm [FAILS]
    Alternative Pair with Shard 4 (NOT ACTIVE IN TREE):
      Candidate choice=1 inlier=36 | RotErr = 0.6123 rad (35.0807 deg) | TransErr = 72.76 mm [FAILS]
    Alternative Pair with Shard 9 (NOT ACTIVE IN TREE):
      Candidate choice=1 inlier=24 | RotErr = 1.6406 rad (93.9970 deg) | TransErr = 168.45 mm [FAILS]
      Candidate choice=2 inlier=0 | RotErr = 2.6123 rad (149.6757 deg) | TransErr = 46.46 mm [FAILS]
      Candidate choice=3 inlier=28 | RotErr = 2.5572 rad (146.5146 deg) | TransErr = 85.60 mm [FAILS]
    Alternative Pair with Shard 8 (ACTIVE IN TREE) [SKIPPED]
    Alternative Pair with Shard 10 (NOT ACTIVE IN TREE):
      Candidate choice=1 inlier=52 | RotErr = 1.8168 rad (104.0928 deg) | TransErr = 34.42 mm [FAILS]
  Shard 9 (placed by parent 4):
    Alternative Pair with Shard 1 (NOT ACTIVE IN TREE):
      Candidate choice=1 inlier=24 | RotErr = 1.3366 rad (76.5800 deg) | TransErr = 112.00 mm [FAILS]
      Candidate choice=2 inlier=40 | RotErr = 1.8738 rad (107.3592 deg) | TransErr = 74.14 mm [FAILS]
      Candidate choice=3 inlier=0 | RotErr = 3.1383 rad (179.8121 deg) | TransErr = 127.09 mm [FAILS]
      Candidate choice=4 inlier=14 | RotErr = 2.5793 rad (147.7827 deg) | TransErr = 44.84 mm [FAILS]
      Candidate choice=5 inlier=24 | RotErr = 1.9640 rad (112.5295 deg) | TransErr = 54.57 mm [FAILS]
      Candidate choice=6 inlier=0 | RotErr = 1.0764 rad (61.6747 deg) | TransErr = 40.42 mm [FAILS]
      Candidate choice=7 inlier=47 | RotErr = 1.5992 rad (91.6279 deg) | TransErr = 41.86 mm [FAILS]
      Candidate choice=8 inlier=36 | RotErr = 2.7695 rad (158.6779 deg) | TransErr = 85.20 mm [FAILS]
      Candidate choice=9 inlier=40 | RotErr = 2.6717 rad (153.0798 deg) | TransErr = 73.44 mm [FAILS]
      Candidate choice=10 inlier=0 | RotErr = 0.8261 rad (47.3325 deg) | TransErr = 79.17 mm [FAILS]
    Alternative Pair with Shard 2 (NOT ACTIVE IN TREE):
      Candidate choice=1 inlier=22 | RotErr = 0.9606 rad (55.0386 deg) | TransErr = 61.15 mm [FAILS]
      Candidate choice=2 inlier=45 | RotErr = 0.2679 rad (15.3469 deg) | TransErr = 22.98 mm [FAILS]
      Candidate choice=3 inlier=47 | RotErr = 1.7782 rad (101.8811 deg) | TransErr = 26.01 mm [FAILS]
      Candidate choice=4 inlier=22 | RotErr = 1.4020 rad (80.3258 deg) | TransErr = 63.03 mm [FAILS]
      Candidate choice=5 inlier=40 | RotErr = 1.8549 rad (106.2776 deg) | TransErr = 76.40 mm [FAILS]
      Candidate choice=6 inlier=38 | RotErr = 1.6811 rad (96.3197 deg) | TransErr = 5.01 mm [FAILS]
    Alternative Pair with Shard 3 (NOT ACTIVE IN TREE):
      Candidate choice=1 inlier=22 | RotErr = 2.2676 rad (129.9226 deg) | TransErr = 79.14 mm [FAILS]
      Candidate choice=2 inlier=18 | RotErr = 2.4850 rad (142.3822 deg) | TransErr = 62.13 mm [FAILS]
      Candidate choice=3 inlier=10 | RotErr = 2.3605 rad (135.2478 deg) | TransErr = 52.34 mm [FAILS]
      Candidate choice=4 inlier=38 | RotErr = 0.1742 rad (9.9797 deg) | TransErr = 30.76 mm [FAILS]
      Candidate choice=5 inlier=18 | RotErr = 1.1591 rad (66.4107 deg) | TransErr = 63.38 mm [FAILS]
      Candidate choice=6 inlier=30 | RotErr = 2.1435 rad (122.8120 deg) | TransErr = 132.71 mm [FAILS]
      Candidate choice=7 inlier=30 | RotErr = 1.8130 rad (103.8797 deg) | TransErr = 30.93 mm [FAILS]
      Candidate choice=8 inlier=14 | RotErr = 2.2098 rad (126.6107 deg) | TransErr = 34.56 mm [FAILS]
      Candidate choice=9 inlier=45 | RotErr = 0.6943 rad (39.7813 deg) | TransErr = 94.40 mm [FAILS]
      Candidate choice=10 inlier=22 | RotErr = 2.5145 rad (144.0697 deg) | TransErr = 80.39 mm [FAILS]
      Candidate choice=11 inlier=0 | RotErr = 1.3526 rad (77.5001 deg) | TransErr = 118.05 mm [FAILS]
      Candidate choice=12 inlier=51 | RotErr = 0.8068 rad (46.2270 deg) | TransErr = 95.88 mm [FAILS]
      Candidate choice=13 inlier=22 | RotErr = 2.7918 rad (159.9578 deg) | TransErr = 26.77 mm [FAILS]
    Alternative Pair with Shard 5 (NOT ACTIVE IN TREE):
      Candidate choice=1 inlier=38 | RotErr = 0.6535 rad (37.4407 deg) | TransErr = 84.66 mm [FAILS]
      Candidate choice=2 inlier=0 | RotErr = 0.3413 rad (19.5529 deg) | TransErr = 85.36 mm [FAILS]
      Candidate choice=3 inlier=32 | RotErr = 0.6193 rad (35.4852 deg) | TransErr = 103.83 mm [FAILS]
      Candidate choice=4 inlier=0 | RotErr = 1.0837 rad (62.0923 deg) | TransErr = 161.98 mm [FAILS]
      Candidate choice=5 inlier=22 | RotErr = 0.7476 rad (42.8340 deg) | TransErr = 95.67 mm [FAILS]
    Alternative Pair with Shard 4 (ACTIVE IN TREE) [SKIPPED]
    Alternative Pair with Shard 7 (NOT ACTIVE IN TREE):
      Candidate choice=1 inlier=24 | RotErr = 1.6406 rad (93.9970 deg) | TransErr = 168.45 mm [FAILS]
      Candidate choice=2 inlier=0 | RotErr = 2.6123 rad (149.6757 deg) | TransErr = 46.46 mm [FAILS]
      Candidate choice=3 inlier=28 | RotErr = 2.5572 rad (146.5146 deg) | TransErr = 85.60 mm [FAILS]
    Alternative Pair with Shard 8 (NOT ACTIVE IN TREE):
      Candidate choice=1 inlier=32 | RotErr = 1.4247 rad (81.6287 deg) | TransErr = 15.63 mm [FAILS]
      Candidate choice=2 inlier=0 | RotErr = 2.1947 rad (125.7442 deg) | TransErr = 160.92 mm [FAILS]
      Candidate choice=3 inlier=34 | RotErr = 2.5071 rad (143.6474 deg) | TransErr = 189.34 mm [FAILS]
      Candidate choice=4 inlier=0 | RotErr = 0.5460 rad (31.2853 deg) | TransErr = 52.00 mm [FAILS]
      Candidate choice=5 inlier=22 | RotErr = 2.3904 rad (136.9604 deg) | TransErr = 187.44 mm [FAILS]
      Candidate choice=6 inlier=45 | RotErr = 1.2094 rad (69.2908 deg) | TransErr = 16.19 mm [FAILS]
      Candidate choice=7 inlier=28 | RotErr = 0.9109 rad (52.1912 deg) | TransErr = 76.17 mm [FAILS]
      Candidate choice=8 inlier=38 | RotErr = 1.6483 rad (94.4431 deg) | TransErr = 108.92 mm [FAILS]
      Candidate choice=9 inlier=36 | RotErr = 1.1088 rad (63.5298 deg) | TransErr = 23.54 mm [FAILS]
      Candidate choice=10 inlier=32 | RotErr = 2.7346 rad (156.6808 deg) | TransErr = 150.67 mm [FAILS]
      Candidate choice=11 inlier=2 | RotErr = 1.8039 rad (103.3581 deg) | TransErr = 102.42 mm [FAILS]
      Candidate choice=12 inlier=56 | RotErr = 2.6771 rad (153.3883 deg) | TransErr = 139.56 mm [FAILS]
    Alternative Pair with Shard 10 (ACTIVE IN TREE) [SKIPPED]
  Shard 8 (placed by parent 7):
    Alternative Pair with Shard 1 (NOT ACTIVE IN TREE):
      Candidate choice=1 inlier=10 | RotErr = 2.4375 rad (139.6613 deg) | TransErr = 148.93 mm [FAILS]
      Candidate choice=2 inlier=36 | RotErr = 2.6880 rad (154.0131 deg) | TransErr = 112.97 mm [FAILS]
      Candidate choice=3 inlier=32 | RotErr = 2.8216 rad (161.6640 deg) | TransErr = 101.34 mm [FAILS]
      Candidate choice=4 inlier=0 | RotErr = 1.5144 rad (86.7701 deg) | TransErr = 105.35 mm [FAILS]
      Candidate choice=5 inlier=32 | RotErr = 0.8365 rad (47.9290 deg) | TransErr = 133.66 mm [FAILS]
      Candidate choice=6 inlier=53 | RotErr = 3.0029 rad (172.0528 deg) | TransErr = 106.83 mm [FAILS]
      Candidate choice=7 inlier=44 | RotErr = 0.9318 rad (53.3898 deg) | TransErr = 79.50 mm [FAILS]
      Candidate choice=8 inlier=40 | RotErr = 1.1132 rad (63.7835 deg) | TransErr = 37.45 mm [FAILS]
    Alternative Pair with Shard 2 (NOT ACTIVE IN TREE):
      Candidate choice=1 inlier=30 | RotErr = 2.1654 rad (124.0708 deg) | TransErr = 89.66 mm [FAILS]
      Candidate choice=2 inlier=32 | RotErr = 0.8455 rad (48.4443 deg) | TransErr = 117.55 mm [FAILS]
      Candidate choice=3 inlier=22 | RotErr = 0.8188 rad (46.9142 deg) | TransErr = 17.82 mm [FAILS]
      Candidate choice=4 inlier=36 | RotErr = 0.2273 rad (13.0239 deg) | TransErr = 85.05 mm [FAILS]
      Candidate choice=5 inlier=28 | RotErr = 2.4590 rad (140.8900 deg) | TransErr = 20.50 mm [FAILS]
    Alternative Pair with Shard 3 (NOT ACTIVE IN TREE):
      Candidate choice=1 inlier=34 | RotErr = 1.8049 rad (103.4111 deg) | TransErr = 108.79 mm [FAILS]
      Candidate choice=2 inlier=28 | RotErr = 1.3125 rad (75.1984 deg) | TransErr = 127.41 mm [FAILS]
      Candidate choice=3 inlier=38 | RotErr = 0.4086 rad (23.4115 deg) | TransErr = 124.01 mm [FAILS]
      Candidate choice=4 inlier=0 | RotErr = 1.7525 rad (100.4114 deg) | TransErr = 93.29 mm [FAILS]
      Candidate choice=5 inlier=28 | RotErr = 1.4473 rad (82.9243 deg) | TransErr = 108.61 mm [FAILS]
      Candidate choice=6 inlier=32 | RotErr = 2.1663 rad (124.1210 deg) | TransErr = 80.89 mm [FAILS]
      Candidate choice=7 inlier=22 | RotErr = 0.5526 rad (31.6598 deg) | TransErr = 42.73 mm [FAILS]
      Candidate choice=8 inlier=47 | RotErr = 2.3649 rad (135.5000 deg) | TransErr = 54.19 mm [FAILS]
    Alternative Pair with Shard 5 (NOT ACTIVE IN TREE):
      Candidate choice=1 inlier=30 | RotErr = 0.3039 rad (17.4148 deg) | TransErr = 112.36 mm [FAILS]
      Candidate choice=2 inlier=36 | RotErr = 0.2617 rad (14.9922 deg) | TransErr = 96.58 mm [FAILS]
      Candidate choice=3 inlier=0 | RotErr = 2.5785 rad (147.7388 deg) | TransErr = 140.32 mm [FAILS]
    Alternative Pair with Shard 4 (NOT ACTIVE IN TREE):
      Candidate choice=1 inlier=0 | RotErr = 1.0487 rad (60.0855 deg) | TransErr = 84.55 mm [FAILS]
      Candidate choice=2 inlier=47 | RotErr = 2.6387 rad (151.1872 deg) | TransErr = 100.22 mm [FAILS]
      Candidate choice=3 inlier=14 | RotErr = 2.2655 rad (129.8025 deg) | TransErr = 74.88 mm [FAILS]
      Candidate choice=4 inlier=36 | RotErr = 1.6032 rad (91.8567 deg) | TransErr = 53.90 mm [FAILS]
      Candidate choice=5 inlier=36 | RotErr = 1.0981 rad (62.9168 deg) | TransErr = 35.14 mm [FAILS]
    Alternative Pair with Shard 7 (ACTIVE IN TREE) [SKIPPED]
    Alternative Pair with Shard 9 (NOT ACTIVE IN TREE):
      Candidate choice=1 inlier=32 | RotErr = 1.4247 rad (81.6287 deg) | TransErr = 15.63 mm [FAILS]
      Candidate choice=2 inlier=0 | RotErr = 2.1947 rad (125.7442 deg) | TransErr = 160.92 mm [FAILS]
      Candidate choice=3 inlier=34 | RotErr = 2.5071 rad (143.6474 deg) | TransErr = 189.34 mm [FAILS]
      Candidate choice=4 inlier=0 | RotErr = 0.5460 rad (31.2853 deg) | TransErr = 52.00 mm [FAILS]
      Candidate choice=5 inlier=22 | RotErr = 2.3904 rad (136.9604 deg) | TransErr = 187.44 mm [FAILS]
      Candidate choice=6 inlier=45 | RotErr = 1.2094 rad (69.2908 deg) | TransErr = 16.19 mm [FAILS]
      Candidate choice=7 inlier=28 | RotErr = 0.9109 rad (52.1912 deg) | TransErr = 76.17 mm [FAILS]
      Candidate choice=8 inlier=38 | RotErr = 1.6483 rad (94.4431 deg) | TransErr = 108.92 mm [FAILS]
      Candidate choice=9 inlier=36 | RotErr = 1.1088 rad (63.5298 deg) | TransErr = 23.54 mm [FAILS]
      Candidate choice=10 inlier=32 | RotErr = 2.7346 rad (156.6808 deg) | TransErr = 150.67 mm [FAILS]
      Candidate choice=11 inlier=2 | RotErr = 1.8039 rad (103.3581 deg) | TransErr = 102.42 mm [FAILS]
      Candidate choice=12 inlier=56 | RotErr = 2.6771 rad (153.3883 deg) | TransErr = 139.56 mm [FAILS]
    Alternative Pair with Shard 10 (NOT ACTIVE IN TREE):
      Candidate choice=1 inlier=40 | RotErr = 0.3856 rad (22.0945 deg) | TransErr = 83.22 mm [FAILS]
      Candidate choice=2 inlier=20 | RotErr = 0.8308 rad (47.5998 deg) | TransErr = 18.56 mm [FAILS]
      Candidate choice=3 inlier=44 | RotErr = 2.3909 rad (136.9879 deg) | TransErr = 96.11 mm [FAILS]
  Shard 10 (placed by parent 9):
    Alternative Pair with Shard 1 (NOT ACTIVE IN TREE):
      Candidate choice=1 inlier=32 | RotErr = 2.0070 rad (114.9926 deg) | TransErr = 35.39 mm [FAILS]
      Candidate choice=2 inlier=40 | RotErr = 0.0570 rad (3.2660 deg) | TransErr = 39.75 mm [FAILS]
    Alternative Pair with Shard 2 (NOT ACTIVE IN TREE):
      Candidate choice=1 inlier=44 | RotErr = 1.5984 rad (91.5834 deg) | TransErr = 64.02 mm [FAILS]
      Candidate choice=2 inlier=42 | RotErr = 0.7043 rad (40.3554 deg) | TransErr = 30.21 mm [FAILS]
      Candidate choice=3 inlier=36 | RotErr = 1.1501 rad (65.8933 deg) | TransErr = 56.46 mm [FAILS]
      Candidate choice=4 inlier=34 | RotErr = 2.8860 rad (165.3543 deg) | TransErr = 46.31 mm [FAILS]
    Alternative Pair with Shard 3 (NOT ACTIVE IN TREE):
      Candidate choice=1 inlier=38 | RotErr = 2.9825 rad (170.8820 deg) | TransErr = 54.54 mm [FAILS]
      Candidate choice=2 inlier=47 | RotErr = 1.3348 rad (76.4802 deg) | TransErr = 32.78 mm [FAILS]
      Candidate choice=3 inlier=0 | RotErr = 0.4748 rad (27.2061 deg) | TransErr = 15.32 mm [FAILS]
      Candidate choice=4 inlier=42 | RotErr = 0.4226 rad (24.2146 deg) | TransErr = 34.25 mm [FAILS]
      Candidate choice=5 inlier=14 | RotErr = 1.2052 rad (69.0526 deg) | TransErr = 102.27 mm [FAILS]
      Candidate choice=6 inlier=47 | RotErr = 1.5572 rad (89.2237 deg) | TransErr = 38.68 mm [FAILS]
      Candidate choice=7 inlier=38 | RotErr = 2.9800 rad (170.7406 deg) | TransErr = 26.28 mm [FAILS]
      Candidate choice=8 inlier=44 | RotErr = 0.7461 rad (42.7479 deg) | TransErr = 67.46 mm [FAILS]
    Alternative Pair with Shard 5 (NOT ACTIVE IN TREE):
      Candidate choice=1 inlier=26 | RotErr = 0.7715 rad (44.2043 deg) | TransErr = 126.02 mm [FAILS]
      Candidate choice=2 inlier=28 | RotErr = 3.1269 rad (179.1605 deg) | TransErr = 51.66 mm [FAILS]
      Candidate choice=3 inlier=51 | RotErr = 0.9162 rad (52.4917 deg) | TransErr = 88.89 mm [FAILS]
    Alternative Pair with Shard 4 (NOT ACTIVE IN TREE):
      Candidate choice=1 inlier=28 | RotErr = 1.3450 rad (77.0623 deg) | TransErr = 78.23 mm [FAILS]
      Candidate choice=2 inlier=26 | RotErr = 2.3339 rad (133.7217 deg) | TransErr = 26.40 mm [FAILS]
    Alternative Pair with Shard 7 (NOT ACTIVE IN TREE):
      Candidate choice=1 inlier=52 | RotErr = 1.8168 rad (104.0928 deg) | TransErr = 34.42 mm [FAILS]
    Alternative Pair with Shard 9 (ACTIVE IN TREE) [SKIPPED]
    Alternative Pair with Shard 8 (NOT ACTIVE IN TREE):
      Candidate choice=1 inlier=40 | RotErr = 0.3856 rad (22.0945 deg) | TransErr = 83.22 mm [FAILS]
      Candidate choice=2 inlier=20 | RotErr = 0.8308 rad (47.5998 deg) | TransErr = 18.56 mm [FAILS]
      Candidate choice=3 inlier=44 | RotErr = 2.3909 rad (136.9879 deg) | TransErr = 96.11 mm [FAILS]
  Total Logged Consensus Reward: 40.00
=========================================================


--- GENERATION 0 BEST BREAKDOWN ---
  Total Fitness: 439.63
  Inlier Reward: 439.63
  Cycle Penalty: 0.00
  Overlap Penalty: 0.00
  Edge Residual Penalty: 0.00
  Edge Rot Residual Penalty: 0.00
  Connectivity Reward: 0.00
  Component Penalty: 0.00
  Consensus Support Reward: 0.00
  Largest Component: 11
  Num Components: 1
  Active Pairs: 10
  OverlapDiag Sum (indexed): 0.0000 (delta_vs_fitness=0.0000)
  OverlapDiag Pairs: total=45 same_comp=45 broad_reject=36 narrow_checked=45 active=1
  OverlapDiag Active Pairs: none

  --- ACTIVE GENE MAP ---
    Gene  0 (Pair  2- 1): choice=2 (inl=70)
    Gene  1 (Pair  3- 1): choice=4 (inl=72)
    Gene  3 (Pair  5- 1): choice=3 (inl=76)
    Gene 19 (Pair  7- 3): choice=3 (inl=86)
    Gene 23 (Pair 11- 3): choice=2 (inl=41)
    Gene 24 (Pair  5- 4): choice=2 (inl=77)
    Gene 30 (Pair  6- 5): choice=3 (inl=38)
    Gene 34 (Pair 10- 5): choice=3 (inl=51)
    Gene 37 (Pair  8- 7): choice=4 (inl=42)
    Gene 44 (Pair 10- 9): choice=3 (inl=56)

  --- SHARD 4 CANDIDATE ANALYSIS ---
    Pair (4-1): Selected=0 / 4 choices
      Choice 1: inliners=32
      Choice 2: inliners=67
      Choice 3: inliners=72
      Choice 4: inliners=63
    Pair (4-2): Selected=0 / 5 choices
      Choice 1: inliners=12
      Choice 2: inliners=32
      Choice 3: inliners=20
      Choice 4: inliners=24
      Choice 5: inliners=58
    Pair (4-3): Selected=0 / 4 choices
      Choice 1: inliners=50
      Choice 2: inliners=34
      Choice 3: inliners=56
      Choice 4: inliners=34
    Pair (5-4): Selected=2 / 2 choices
      Choice 1: inliners=70
      Choice 2: inliners=77 [SELECTED]
    Pair (7-4): Selected=0 / 1 choices
      Choice 1: inliners=36
    Pair (8-4): Selected=0 / 5 choices
      Choice 1: inliners=0
      Choice 2: inliners=47
      Choice 3: inliners=14
      Choice 4: inliners=36
      Choice 5: inliners=36
    Pair (9-4): Selected=0 / 8 choices
      Choice 1: inliners=42
      Choice 2: inliners=20
      Choice 3: inliners=32
      Choice 4: inliners=38
      Choice 5: inliners=0
      Choice 6: inliners=36
      Choice 7: inliners=22
      Choice 8: inliners=28
    Pair (10-4): Selected=0 / 2 choices
      Choice 1: inliners=28
      Choice 2: inliners=26
    Pair (11-4): Selected=0 / 3 choices
      Choice 1: inliners=16
      Choice 2: inliners=14
      Choice 3: inliners=36


--- GENERATION 10 BEST BREAKDOWN ---
  Total Fitness: 528.83
  Inlier Reward: 410.57
  Cycle Penalty: 0.00
  Overlap Penalty: 0.00
  Edge Residual Penalty: 0.00
  Edge Rot Residual Penalty: 0.00
  Connectivity Reward: 0.00
  Component Penalty: 0.00
  Consensus Support Reward: 118.26
  Largest Component: 11
  Num Components: 1
  Active Pairs: 10
  OverlapDiag Sum (indexed): 0.0000 (delta_vs_fitness=0.0000)
  OverlapDiag Pairs: total=45 same_comp=45 broad_reject=33 narrow_checked=45 active=1
  OverlapDiag Active Pairs: none

  --- ACTIVE GENE MAP ---
    Gene  0 (Pair  2- 1): choice=2 (inl=70)
    Gene  1 (Pair  3- 1): choice=9 (inl=77)
    Gene  3 (Pair  5- 1): choice=1 (inl=76)
    Gene 14 (Pair  9- 2): choice=2 (inl=45)
    Gene 19 (Pair  7- 3): choice=3 (inl=86)
    Gene 20 (Pair  8- 3): choice=7 (inl=22)
    Gene 24 (Pair  5- 4): choice=1 (inl=70)
    Gene 30 (Pair  6- 5): choice=4 (inl=32)
    Gene 40 (Pair 11- 7): choice=4 (inl=36)
    Gene 42 (Pair 10- 8): choice=3 (inl=44)

  --- SHARD 4 CANDIDATE ANALYSIS ---
    Pair (4-1): Selected=0 / 4 choices
      Choice 1: inliners=32
      Choice 2: inliners=67
      Choice 3: inliners=72
      Choice 4: inliners=63
    Pair (4-2): Selected=0 / 5 choices
      Choice 1: inliners=12
      Choice 2: inliners=32
      Choice 3: inliners=20
      Choice 4: inliners=24
      Choice 5: inliners=58
    Pair (4-3): Selected=0 / 4 choices
      Choice 1: inliners=50
      Choice 2: inliners=34
      Choice 3: inliners=56
      Choice 4: inliners=34
    Pair (5-4): Selected=1 / 2 choices
      Choice 1: inliners=70 [SELECTED]
      Choice 2: inliners=77
    Pair (7-4): Selected=0 / 1 choices
      Choice 1: inliners=36
    Pair (8-4): Selected=0 / 5 choices
      Choice 1: inliners=0
      Choice 2: inliners=47
      Choice 3: inliners=14
      Choice 4: inliners=36
      Choice 5: inliners=36
    Pair (9-4): Selected=0 / 8 choices
      Choice 1: inliners=42
      Choice 2: inliners=20
      Choice 3: inliners=32
      Choice 4: inliners=38
      Choice 5: inliners=0
      Choice 6: inliners=36
      Choice 7: inliners=22
      Choice 8: inliners=28
    Pair (10-4): Selected=0 / 2 choices
      Choice 1: inliners=28
      Choice 2: inliners=26
    Pair (11-4): Selected=0 / 3 choices
      Choice 1: inliners=16
      Choice 2: inliners=14
      Choice 3: inliners=36


--- GENERATION 20 BEST BREAKDOWN ---
  Total Fitness: 551.16
  Inlier Reward: 415.25
  Cycle Penalty: 0.00
  Overlap Penalty: 0.00
  Edge Residual Penalty: 0.00
  Edge Rot Residual Penalty: 0.00
  Connectivity Reward: 0.00
  Component Penalty: 0.00
  Consensus Support Reward: 135.91
  Largest Component: 11
  Num Components: 1
  Active Pairs: 10
  OverlapDiag Sum (indexed): 0.0000 (delta_vs_fitness=0.0000)
  OverlapDiag Pairs: total=45 same_comp=45 broad_reject=30 narrow_checked=45 active=1
  OverlapDiag Active Pairs: none

  --- ACTIVE GENE MAP ---
    Gene  0 (Pair  2- 1): choice=2 (inl=70)
    Gene  1 (Pair  3- 1): choice=9 (inl=77)
    Gene  3 (Pair  5- 1): choice=1 (inl=76)
    Gene 19 (Pair  7- 3): choice=3 (inl=86)
    Gene 20 (Pair  8- 3): choice=7 (inl=22)
    Gene 22 (Pair 10- 3): choice=1 (inl=38)
    Gene 23 (Pair 11- 3): choice=2 (inl=41)
    Gene 24 (Pair  5- 4): choice=1 (inl=70)
    Gene 30 (Pair  6- 5): choice=4 (inl=32)
    Gene 41 (Pair  9- 8): choice=12 (inl=56)

  --- SHARD 4 CANDIDATE ANALYSIS ---
    Pair (4-1): Selected=0 / 4 choices
      Choice 1: inliners=32
      Choice 2: inliners=67
      Choice 3: inliners=72
      Choice 4: inliners=63
    Pair (4-2): Selected=0 / 5 choices
      Choice 1: inliners=12
      Choice 2: inliners=32
      Choice 3: inliners=20
      Choice 4: inliners=24
      Choice 5: inliners=58
    Pair (4-3): Selected=0 / 4 choices
      Choice 1: inliners=50
      Choice 2: inliners=34
      Choice 3: inliners=56
      Choice 4: inliners=34
    Pair (5-4): Selected=1 / 2 choices
      Choice 1: inliners=70 [SELECTED]
      Choice 2: inliners=77
    Pair (7-4): Selected=0 / 1 choices
      Choice 1: inliners=36
    Pair (8-4): Selected=0 / 5 choices
      Choice 1: inliners=0
      Choice 2: inliners=47
      Choice 3: inliners=14
      Choice 4: inliners=36
      Choice 5: inliners=36
    Pair (9-4): Selected=0 / 8 choices
      Choice 1: inliners=42
      Choice 2: inliners=20
      Choice 3: inliners=32
      Choice 4: inliners=38
      Choice 5: inliners=0
      Choice 6: inliners=36
      Choice 7: inliners=22
      Choice 8: inliners=28
    Pair (10-4): Selected=0 / 2 choices
      Choice 1: inliners=28
      Choice 2: inliners=26
    Pair (11-4): Selected=0 / 3 choices
      Choice 1: inliners=16
      Choice 2: inliners=14
      Choice 3: inliners=36


--- GENERATION 30 BEST BREAKDOWN ---
  Total Fitness: 551.16
  Inlier Reward: 415.25
  Cycle Penalty: 0.00
  Overlap Penalty: 0.00
  Edge Residual Penalty: 0.00
  Edge Rot Residual Penalty: 0.00
  Connectivity Reward: 0.00
  Component Penalty: 0.00
  Consensus Support Reward: 135.91
  Largest Component: 11
  Num Components: 1
  Active Pairs: 10
  OverlapDiag Sum (indexed): 0.0000 (delta_vs_fitness=0.0000)
  OverlapDiag Pairs: total=45 same_comp=45 broad_reject=30 narrow_checked=45 active=1
  OverlapDiag Active Pairs: none

  --- ACTIVE GENE MAP ---
    Gene  0 (Pair  2- 1): choice=2 (inl=70)
    Gene  1 (Pair  3- 1): choice=9 (inl=77)
    Gene  3 (Pair  5- 1): choice=1 (inl=76)
    Gene 19 (Pair  7- 3): choice=3 (inl=86)
    Gene 20 (Pair  8- 3): choice=7 (inl=22)
    Gene 22 (Pair 10- 3): choice=1 (inl=38)
    Gene 23 (Pair 11- 3): choice=2 (inl=41)
    Gene 24 (Pair  5- 4): choice=1 (inl=70)
    Gene 30 (Pair  6- 5): choice=4 (inl=32)
    Gene 41 (Pair  9- 8): choice=12 (inl=56)

  --- SHARD 4 CANDIDATE ANALYSIS ---
    Pair (4-1): Selected=0 / 4 choices
      Choice 1: inliners=32
      Choice 2: inliners=67
      Choice 3: inliners=72
      Choice 4: inliners=63
    Pair (4-2): Selected=0 / 5 choices
      Choice 1: inliners=12
      Choice 2: inliners=32
      Choice 3: inliners=20
      Choice 4: inliners=24
      Choice 5: inliners=58
    Pair (4-3): Selected=0 / 4 choices
      Choice 1: inliners=50
      Choice 2: inliners=34
      Choice 3: inliners=56
      Choice 4: inliners=34
    Pair (5-4): Selected=1 / 2 choices
      Choice 1: inliners=70 [SELECTED]
      Choice 2: inliners=77
    Pair (7-4): Selected=0 / 1 choices
      Choice 1: inliners=36
    Pair (8-4): Selected=0 / 5 choices
      Choice 1: inliners=0
      Choice 2: inliners=47
      Choice 3: inliners=14
      Choice 4: inliners=36
      Choice 5: inliners=36
    Pair (9-4): Selected=0 / 8 choices
      Choice 1: inliners=42
      Choice 2: inliners=20
      Choice 3: inliners=32
      Choice 4: inliners=38
      Choice 5: inliners=0
      Choice 6: inliners=36
      Choice 7: inliners=22
      Choice 8: inliners=28
    Pair (10-4): Selected=0 / 2 choices
      Choice 1: inliners=28
      Choice 2: inliners=26
    Pair (11-4): Selected=0 / 3 choices
      Choice 1: inliners=16
      Choice 2: inliners=14
      Choice 3: inliners=36


--- GENERATION 40 BEST BREAKDOWN ---
  Total Fitness: 596.70
  Inlier Reward: 367.49
  Cycle Penalty: 0.00
  Overlap Penalty: 0.00
  Edge Residual Penalty: 0.00
  Edge Rot Residual Penalty: 0.00
  Connectivity Reward: 0.00
  Component Penalty: 0.00
  Consensus Support Reward: 229.21
  Largest Component: 11
  Num Components: 1
  Active Pairs: 10
  OverlapDiag Sum (indexed): 0.0000 (delta_vs_fitness=0.0000)
  OverlapDiag Pairs: total=45 same_comp=45 broad_reject=31 narrow_checked=45 active=1
  OverlapDiag Active Pairs: none

  --- ACTIVE GENE MAP ---
    Gene  0 (Pair  2- 1): choice=2 (inl=70)
    Gene  2 (Pair  4- 1): choice=4 (inl=63)
    Gene  3 (Pair  5- 1): choice=1 (inl=76)
    Gene  6 (Pair  9- 1): choice=2 (inl=40)
    Gene 18 (Pair  5- 3): choice=6 (inl=36)
    Gene 19 (Pair  7- 3): choice=3 (inl=86)
    Gene 20 (Pair  8- 3): choice=7 (inl=22)
    Gene 22 (Pair 10- 3): choice=1 (inl=38)
    Gene 23 (Pair 11- 3): choice=2 (inl=41)
    Gene 30 (Pair  6- 5): choice=1 (inl=34)

  --- SHARD 4 CANDIDATE ANALYSIS ---
    Pair (4-1): Selected=4 / 4 choices
      Choice 1: inliners=32
      Choice 2: inliners=67
      Choice 3: inliners=72
      Choice 4: inliners=63 [SELECTED]
    Pair (4-2): Selected=0 / 5 choices
      Choice 1: inliners=12
      Choice 2: inliners=32
      Choice 3: inliners=20
      Choice 4: inliners=24
      Choice 5: inliners=58
    Pair (4-3): Selected=0 / 4 choices
      Choice 1: inliners=50
      Choice 2: inliners=34
      Choice 3: inliners=56
      Choice 4: inliners=34
    Pair (5-4): Selected=0 / 2 choices
      Choice 1: inliners=70
      Choice 2: inliners=77
    Pair (7-4): Selected=0 / 1 choices
      Choice 1: inliners=36
    Pair (8-4): Selected=0 / 5 choices
      Choice 1: inliners=0
      Choice 2: inliners=47
      Choice 3: inliners=14
      Choice 4: inliners=36
      Choice 5: inliners=36
    Pair (9-4): Selected=0 / 8 choices
      Choice 1: inliners=42
      Choice 2: inliners=20
      Choice 3: inliners=32
      Choice 4: inliners=38
      Choice 5: inliners=0
      Choice 6: inliners=36
      Choice 7: inliners=22
      Choice 8: inliners=28
    Pair (10-4): Selected=0 / 2 choices
      Choice 1: inliners=28
      Choice 2: inliners=26
    Pair (11-4): Selected=0 / 3 choices
      Choice 1: inliners=16
      Choice 2: inliners=14
      Choice 3: inliners=36


--- GENERATION 50 BEST BREAKDOWN ---
  Total Fitness: 596.70
  Inlier Reward: 367.49
  Cycle Penalty: 0.00
  Overlap Penalty: 0.00
  Edge Residual Penalty: 0.00
  Edge Rot Residual Penalty: 0.00
  Connectivity Reward: 0.00
  Component Penalty: 0.00
  Consensus Support Reward: 229.21
  Largest Component: 11
  Num Components: 1
  Active Pairs: 10
  OverlapDiag Sum (indexed): 0.0000 (delta_vs_fitness=0.0000)
  OverlapDiag Pairs: total=45 same_comp=45 broad_reject=31 narrow_checked=45 active=1
  OverlapDiag Active Pairs: none

  --- ACTIVE GENE MAP ---
    Gene  0 (Pair  2- 1): choice=2 (inl=70)
    Gene  2 (Pair  4- 1): choice=4 (inl=63)
    Gene  3 (Pair  5- 1): choice=1 (inl=76)
    Gene  6 (Pair  9- 1): choice=2 (inl=40)
    Gene 18 (Pair  5- 3): choice=6 (inl=36)
    Gene 19 (Pair  7- 3): choice=3 (inl=86)
    Gene 20 (Pair  8- 3): choice=7 (inl=22)
    Gene 22 (Pair 10- 3): choice=1 (inl=38)
    Gene 23 (Pair 11- 3): choice=2 (inl=41)
    Gene 30 (Pair  6- 5): choice=1 (inl=34)

  --- SHARD 4 CANDIDATE ANALYSIS ---
    Pair (4-1): Selected=4 / 4 choices
      Choice 1: inliners=32
      Choice 2: inliners=67
      Choice 3: inliners=72
      Choice 4: inliners=63 [SELECTED]
    Pair (4-2): Selected=0 / 5 choices
      Choice 1: inliners=12
      Choice 2: inliners=32
      Choice 3: inliners=20
      Choice 4: inliners=24
      Choice 5: inliners=58
    Pair (4-3): Selected=0 / 4 choices
      Choice 1: inliners=50
      Choice 2: inliners=34
      Choice 3: inliners=56
      Choice 4: inliners=34
    Pair (5-4): Selected=0 / 2 choices
      Choice 1: inliners=70
      Choice 2: inliners=77
    Pair (7-4): Selected=0 / 1 choices
      Choice 1: inliners=36
    Pair (8-4): Selected=0 / 5 choices
      Choice 1: inliners=0
      Choice 2: inliners=47
      Choice 3: inliners=14
      Choice 4: inliners=36
      Choice 5: inliners=36
    Pair (9-4): Selected=0 / 8 choices
      Choice 1: inliners=42
      Choice 2: inliners=20
      Choice 3: inliners=32
      Choice 4: inliners=38
      Choice 5: inliners=0
      Choice 6: inliners=36
      Choice 7: inliners=22
      Choice 8: inliners=28
    Pair (10-4): Selected=0 / 2 choices
      Choice 1: inliners=28
      Choice 2: inliners=26
    Pair (11-4): Selected=0 / 3 choices
      Choice 1: inliners=16
      Choice 2: inliners=14
      Choice 3: inliners=36


--- GENERATION 60 BEST BREAKDOWN ---
  Total Fitness: 596.70
  Inlier Reward: 367.49
  Cycle Penalty: 0.00
  Overlap Penalty: 0.00
  Edge Residual Penalty: 0.00
  Edge Rot Residual Penalty: 0.00
  Connectivity Reward: 0.00
  Component Penalty: 0.00
  Consensus Support Reward: 229.21
  Largest Component: 11
  Num Components: 1
  Active Pairs: 10
  OverlapDiag Sum (indexed): 0.0000 (delta_vs_fitness=0.0000)
  OverlapDiag Pairs: total=45 same_comp=45 broad_reject=31 narrow_checked=45 active=1
  OverlapDiag Active Pairs: none

  --- ACTIVE GENE MAP ---
    Gene  0 (Pair  2- 1): choice=2 (inl=70)
    Gene  2 (Pair  4- 1): choice=4 (inl=63)
    Gene  3 (Pair  5- 1): choice=1 (inl=76)
    Gene  6 (Pair  9- 1): choice=2 (inl=40)
    Gene 18 (Pair  5- 3): choice=6 (inl=36)
    Gene 19 (Pair  7- 3): choice=3 (inl=86)
    Gene 20 (Pair  8- 3): choice=7 (inl=22)
    Gene 22 (Pair 10- 3): choice=1 (inl=38)
    Gene 23 (Pair 11- 3): choice=2 (inl=41)
    Gene 30 (Pair  6- 5): choice=1 (inl=34)

  --- SHARD 4 CANDIDATE ANALYSIS ---
    Pair (4-1): Selected=4 / 4 choices
      Choice 1: inliners=32
      Choice 2: inliners=67
      Choice 3: inliners=72
      Choice 4: inliners=63 [SELECTED]
    Pair (4-2): Selected=0 / 5 choices
      Choice 1: inliners=12
      Choice 2: inliners=32
      Choice 3: inliners=20
      Choice 4: inliners=24
      Choice 5: inliners=58
    Pair (4-3): Selected=0 / 4 choices
      Choice 1: inliners=50
      Choice 2: inliners=34
      Choice 3: inliners=56
      Choice 4: inliners=34
    Pair (5-4): Selected=0 / 2 choices
      Choice 1: inliners=70
      Choice 2: inliners=77
    Pair (7-4): Selected=0 / 1 choices
      Choice 1: inliners=36
    Pair (8-4): Selected=0 / 5 choices
      Choice 1: inliners=0
      Choice 2: inliners=47
      Choice 3: inliners=14
      Choice 4: inliners=36
      Choice 5: inliners=36
    Pair (9-4): Selected=0 / 8 choices
      Choice 1: inliners=42
      Choice 2: inliners=20
      Choice 3: inliners=32
      Choice 4: inliners=38
      Choice 5: inliners=0
      Choice 6: inliners=36
      Choice 7: inliners=22
      Choice 8: inliners=28
    Pair (10-4): Selected=0 / 2 choices
      Choice 1: inliners=28
      Choice 2: inliners=26
    Pair (11-4): Selected=0 / 3 choices
      Choice 1: inliners=16
      Choice 2: inliners=14
      Choice 3: inliners=36


--- GENERATION 70 BEST BREAKDOWN ---
  Total Fitness: 596.70
  Inlier Reward: 367.49
  Cycle Penalty: 0.00
  Overlap Penalty: 0.00
  Edge Residual Penalty: 0.00
  Edge Rot Residual Penalty: 0.00
  Connectivity Reward: 0.00
  Component Penalty: 0.00
  Consensus Support Reward: 229.21
  Largest Component: 11
  Num Components: 1
  Active Pairs: 10
  OverlapDiag Sum (indexed): 0.0000 (delta_vs_fitness=0.0000)
  OverlapDiag Pairs: total=45 same_comp=45 broad_reject=31 narrow_checked=45 active=1
  OverlapDiag Active Pairs: none

  --- ACTIVE GENE MAP ---
    Gene  0 (Pair  2- 1): choice=2 (inl=70)
    Gene  2 (Pair  4- 1): choice=4 (inl=63)
    Gene  3 (Pair  5- 1): choice=1 (inl=76)
    Gene  6 (Pair  9- 1): choice=2 (inl=40)
    Gene 18 (Pair  5- 3): choice=6 (inl=36)
    Gene 19 (Pair  7- 3): choice=3 (inl=86)
    Gene 20 (Pair  8- 3): choice=7 (inl=22)
    Gene 22 (Pair 10- 3): choice=1 (inl=38)
    Gene 23 (Pair 11- 3): choice=2 (inl=41)
    Gene 30 (Pair  6- 5): choice=1 (inl=34)

  --- SHARD 4 CANDIDATE ANALYSIS ---
    Pair (4-1): Selected=4 / 4 choices
      Choice 1: inliners=32
      Choice 2: inliners=67
      Choice 3: inliners=72
      Choice 4: inliners=63 [SELECTED]
    Pair (4-2): Selected=0 / 5 choices
      Choice 1: inliners=12
      Choice 2: inliners=32
      Choice 3: inliners=20
      Choice 4: inliners=24
      Choice 5: inliners=58
    Pair (4-3): Selected=0 / 4 choices
      Choice 1: inliners=50
      Choice 2: inliners=34
      Choice 3: inliners=56
      Choice 4: inliners=34
    Pair (5-4): Selected=0 / 2 choices
      Choice 1: inliners=70
      Choice 2: inliners=77
    Pair (7-4): Selected=0 / 1 choices
      Choice 1: inliners=36
    Pair (8-4): Selected=0 / 5 choices
      Choice 1: inliners=0
      Choice 2: inliners=47
      Choice 3: inliners=14
      Choice 4: inliners=36
      Choice 5: inliners=36
    Pair (9-4): Selected=0 / 8 choices
      Choice 1: inliners=42
      Choice 2: inliners=20
      Choice 3: inliners=32
      Choice 4: inliners=38
      Choice 5: inliners=0
      Choice 6: inliners=36
      Choice 7: inliners=22
      Choice 8: inliners=28
    Pair (10-4): Selected=0 / 2 choices
      Choice 1: inliners=28
      Choice 2: inliners=26
    Pair (11-4): Selected=0 / 3 choices
      Choice 1: inliners=16
      Choice 2: inliners=14
      Choice 3: inliners=36


--- GENERATION 80 BEST BREAKDOWN ---
  Total Fitness: 596.70
  Inlier Reward: 367.49
  Cycle Penalty: 0.00
  Overlap Penalty: 0.00
  Edge Residual Penalty: 0.00
  Edge Rot Residual Penalty: 0.00
  Connectivity Reward: 0.00
  Component Penalty: 0.00
  Consensus Support Reward: 229.21
  Largest Component: 11
  Num Components: 1
  Active Pairs: 10
  OverlapDiag Sum (indexed): 0.0000 (delta_vs_fitness=0.0000)
  OverlapDiag Pairs: total=45 same_comp=45 broad_reject=31 narrow_checked=45 active=1
  OverlapDiag Active Pairs: none

  --- ACTIVE GENE MAP ---
    Gene  0 (Pair  2- 1): choice=2 (inl=70)
    Gene  2 (Pair  4- 1): choice=4 (inl=63)
    Gene  3 (Pair  5- 1): choice=1 (inl=76)
    Gene  6 (Pair  9- 1): choice=2 (inl=40)
    Gene 18 (Pair  5- 3): choice=6 (inl=36)
    Gene 19 (Pair  7- 3): choice=3 (inl=86)
    Gene 20 (Pair  8- 3): choice=7 (inl=22)
    Gene 22 (Pair 10- 3): choice=1 (inl=38)
    Gene 23 (Pair 11- 3): choice=2 (inl=41)
    Gene 30 (Pair  6- 5): choice=1 (inl=34)

  --- SHARD 4 CANDIDATE ANALYSIS ---
    Pair (4-1): Selected=4 / 4 choices
      Choice 1: inliners=32
      Choice 2: inliners=67
      Choice 3: inliners=72
      Choice 4: inliners=63 [SELECTED]
    Pair (4-2): Selected=0 / 5 choices
      Choice 1: inliners=12
      Choice 2: inliners=32
      Choice 3: inliners=20
      Choice 4: inliners=24
      Choice 5: inliners=58
    Pair (4-3): Selected=0 / 4 choices
      Choice 1: inliners=50
      Choice 2: inliners=34
      Choice 3: inliners=56
      Choice 4: inliners=34
    Pair (5-4): Selected=0 / 2 choices
      Choice 1: inliners=70
      Choice 2: inliners=77
    Pair (7-4): Selected=0 / 1 choices
      Choice 1: inliners=36
    Pair (8-4): Selected=0 / 5 choices
      Choice 1: inliners=0
      Choice 2: inliners=47
      Choice 3: inliners=14
      Choice 4: inliners=36
      Choice 5: inliners=36
    Pair (9-4): Selected=0 / 8 choices
      Choice 1: inliners=42
      Choice 2: inliners=20
      Choice 3: inliners=32
      Choice 4: inliners=38
      Choice 5: inliners=0
      Choice 6: inliners=36
      Choice 7: inliners=22
      Choice 8: inliners=28
    Pair (10-4): Selected=0 / 2 choices
      Choice 1: inliners=28
      Choice 2: inliners=26
    Pair (11-4): Selected=0 / 3 choices
      Choice 1: inliners=16
      Choice 2: inliners=14
      Choice 3: inliners=36


--- GENERATION 90 BEST BREAKDOWN ---
  Total Fitness: 596.70
  Inlier Reward: 367.49
  Cycle Penalty: 0.00
  Overlap Penalty: 0.00
  Edge Residual Penalty: 0.00
  Edge Rot Residual Penalty: 0.00
  Connectivity Reward: 0.00
  Component Penalty: 0.00
  Consensus Support Reward: 229.21
  Largest Component: 11
  Num Components: 1
  Active Pairs: 10
  OverlapDiag Sum (indexed): 0.0000 (delta_vs_fitness=0.0000)
  OverlapDiag Pairs: total=45 same_comp=45 broad_reject=31 narrow_checked=45 active=1
  OverlapDiag Active Pairs: none

  --- ACTIVE GENE MAP ---
    Gene  0 (Pair  2- 1): choice=2 (inl=70)
    Gene  2 (Pair  4- 1): choice=4 (inl=63)
    Gene  3 (Pair  5- 1): choice=1 (inl=76)
    Gene  6 (Pair  9- 1): choice=2 (inl=40)
    Gene 18 (Pair  5- 3): choice=6 (inl=36)
    Gene 19 (Pair  7- 3): choice=3 (inl=86)
    Gene 20 (Pair  8- 3): choice=7 (inl=22)
    Gene 22 (Pair 10- 3): choice=1 (inl=38)
    Gene 23 (Pair 11- 3): choice=2 (inl=41)
    Gene 30 (Pair  6- 5): choice=1 (inl=34)

  --- SHARD 4 CANDIDATE ANALYSIS ---
    Pair (4-1): Selected=4 / 4 choices
      Choice 1: inliners=32
      Choice 2: inliners=67
      Choice 3: inliners=72
      Choice 4: inliners=63 [SELECTED]
    Pair (4-2): Selected=0 / 5 choices
      Choice 1: inliners=12
      Choice 2: inliners=32
      Choice 3: inliners=20
      Choice 4: inliners=24
      Choice 5: inliners=58
    Pair (4-3): Selected=0 / 4 choices
      Choice 1: inliners=50
      Choice 2: inliners=34
      Choice 3: inliners=56
      Choice 4: inliners=34
    Pair (5-4): Selected=0 / 2 choices
      Choice 1: inliners=70
      Choice 2: inliners=77
    Pair (7-4): Selected=0 / 1 choices
      Choice 1: inliners=36
    Pair (8-4): Selected=0 / 5 choices
      Choice 1: inliners=0
      Choice 2: inliners=47
      Choice 3: inliners=14
      Choice 4: inliners=36
      Choice 5: inliners=36
    Pair (9-4): Selected=0 / 8 choices
      Choice 1: inliners=42
      Choice 2: inliners=20
      Choice 3: inliners=32
      Choice 4: inliners=38
      Choice 5: inliners=0
      Choice 6: inliners=36
      Choice 7: inliners=22
      Choice 8: inliners=28
    Pair (10-4): Selected=0 / 2 choices
      Choice 1: inliners=28
      Choice 2: inliners=26
    Pair (11-4): Selected=0 / 3 choices
      Choice 1: inliners=16
      Choice 2: inliners=14
      Choice 3: inliners=36


--- GENERATION 100 BEST BREAKDOWN ---
  Total Fitness: 596.70
  Inlier Reward: 367.49
  Cycle Penalty: 0.00
  Overlap Penalty: 0.00
  Edge Residual Penalty: 0.00
  Edge Rot Residual Penalty: 0.00
  Connectivity Reward: 0.00
  Component Penalty: 0.00
  Consensus Support Reward: 229.21
  Largest Component: 11
  Num Components: 1
  Active Pairs: 10
  OverlapDiag Sum (indexed): 0.0000 (delta_vs_fitness=0.0000)
  OverlapDiag Pairs: total=45 same_comp=45 broad_reject=31 narrow_checked=45 active=1
  OverlapDiag Active Pairs: none

  --- ACTIVE GENE MAP ---
    Gene  0 (Pair  2- 1): choice=2 (inl=70)
    Gene  2 (Pair  4- 1): choice=4 (inl=63)
    Gene  3 (Pair  5- 1): choice=1 (inl=76)
    Gene  6 (Pair  9- 1): choice=2 (inl=40)
    Gene 18 (Pair  5- 3): choice=6 (inl=36)
    Gene 19 (Pair  7- 3): choice=3 (inl=86)
    Gene 20 (Pair  8- 3): choice=7 (inl=22)
    Gene 22 (Pair 10- 3): choice=1 (inl=38)
    Gene 23 (Pair 11- 3): choice=2 (inl=41)
    Gene 30 (Pair  6- 5): choice=1 (inl=34)

  --- SHARD 4 CANDIDATE ANALYSIS ---
    Pair (4-1): Selected=4 / 4 choices
      Choice 1: inliners=32
      Choice 2: inliners=67
      Choice 3: inliners=72
      Choice 4: inliners=63 [SELECTED]
    Pair (4-2): Selected=0 / 5 choices
      Choice 1: inliners=12
      Choice 2: inliners=32
      Choice 3: inliners=20
      Choice 4: inliners=24
      Choice 5: inliners=58
    Pair (4-3): Selected=0 / 4 choices
      Choice 1: inliners=50
      Choice 2: inliners=34
      Choice 3: inliners=56
      Choice 4: inliners=34
    Pair (5-4): Selected=0 / 2 choices
      Choice 1: inliners=70
      Choice 2: inliners=77
    Pair (7-4): Selected=0 / 1 choices
      Choice 1: inliners=36
    Pair (8-4): Selected=0 / 5 choices
      Choice 1: inliners=0
      Choice 2: inliners=47
      Choice 3: inliners=14
      Choice 4: inliners=36
      Choice 5: inliners=36
    Pair (9-4): Selected=0 / 8 choices
      Choice 1: inliners=42
      Choice 2: inliners=20
      Choice 3: inliners=32
      Choice 4: inliners=38
      Choice 5: inliners=0
      Choice 6: inliners=36
      Choice 7: inliners=22
      Choice 8: inliners=28
    Pair (10-4): Selected=0 / 2 choices
      Choice 1: inliners=28
      Choice 2: inliners=26
    Pair (11-4): Selected=0 / 3 choices
      Choice 1: inliners=16
      Choice 2: inliners=14
      Choice 3: inliners=36


--- GENERATION 110 BEST BREAKDOWN ---
  Total Fitness: 596.70
  Inlier Reward: 367.49
  Cycle Penalty: 0.00
  Overlap Penalty: 0.00
  Edge Residual Penalty: 0.00
  Edge Rot Residual Penalty: 0.00
  Connectivity Reward: 0.00
  Component Penalty: 0.00
  Consensus Support Reward: 229.21
  Largest Component: 11
  Num Components: 1
  Active Pairs: 10
  OverlapDiag Sum (indexed): 0.0000 (delta_vs_fitness=0.0000)
  OverlapDiag Pairs: total=45 same_comp=45 broad_reject=31 narrow_checked=45 active=1
  OverlapDiag Active Pairs: none

  --- ACTIVE GENE MAP ---
    Gene  0 (Pair  2- 1): choice=2 (inl=70)
    Gene  2 (Pair  4- 1): choice=4 (inl=63)
    Gene  3 (Pair  5- 1): choice=1 (inl=76)
    Gene  6 (Pair  9- 1): choice=2 (inl=40)
    Gene 18 (Pair  5- 3): choice=6 (inl=36)
    Gene 19 (Pair  7- 3): choice=3 (inl=86)
    Gene 20 (Pair  8- 3): choice=7 (inl=22)
    Gene 22 (Pair 10- 3): choice=1 (inl=38)
    Gene 23 (Pair 11- 3): choice=2 (inl=41)
    Gene 30 (Pair  6- 5): choice=1 (inl=34)

  --- SHARD 4 CANDIDATE ANALYSIS ---
    Pair (4-1): Selected=4 / 4 choices
      Choice 1: inliners=32
      Choice 2: inliners=67
      Choice 3: inliners=72
      Choice 4: inliners=63 [SELECTED]
    Pair (4-2): Selected=0 / 5 choices
      Choice 1: inliners=12
      Choice 2: inliners=32
      Choice 3: inliners=20
      Choice 4: inliners=24
      Choice 5: inliners=58
    Pair (4-3): Selected=0 / 4 choices
      Choice 1: inliners=50
      Choice 2: inliners=34
      Choice 3: inliners=56
      Choice 4: inliners=34
    Pair (5-4): Selected=0 / 2 choices
      Choice 1: inliners=70
      Choice 2: inliners=77
    Pair (7-4): Selected=0 / 1 choices
      Choice 1: inliners=36
    Pair (8-4): Selected=0 / 5 choices
      Choice 1: inliners=0
      Choice 2: inliners=47
      Choice 3: inliners=14
      Choice 4: inliners=36
      Choice 5: inliners=36
    Pair (9-4): Selected=0 / 8 choices
      Choice 1: inliners=42
      Choice 2: inliners=20
      Choice 3: inliners=32
      Choice 4: inliners=38
      Choice 5: inliners=0
      Choice 6: inliners=36
      Choice 7: inliners=22
      Choice 8: inliners=28
    Pair (10-4): Selected=0 / 2 choices
      Choice 1: inliners=28
      Choice 2: inliners=26
    Pair (11-4): Selected=0 / 3 choices
      Choice 1: inliners=16
      Choice 2: inliners=14
      Choice 3: inliners=36


--- GENERATION 120 BEST BREAKDOWN ---
  Total Fitness: 596.70
  Inlier Reward: 367.49
  Cycle Penalty: 0.00
  Overlap Penalty: 0.00
  Edge Residual Penalty: 0.00
  Edge Rot Residual Penalty: 0.00
  Connectivity Reward: 0.00
  Component Penalty: 0.00
  Consensus Support Reward: 229.21
  Largest Component: 11
  Num Components: 1
  Active Pairs: 10
  OverlapDiag Sum (indexed): 0.0000 (delta_vs_fitness=0.0000)
  OverlapDiag Pairs: total=45 same_comp=45 broad_reject=31 narrow_checked=45 active=1
  OverlapDiag Active Pairs: none

  --- ACTIVE GENE MAP ---
    Gene  0 (Pair  2- 1): choice=2 (inl=70)
    Gene  2 (Pair  4- 1): choice=4 (inl=63)
    Gene  3 (Pair  5- 1): choice=1 (inl=76)
    Gene  6 (Pair  9- 1): choice=2 (inl=40)
    Gene 18 (Pair  5- 3): choice=6 (inl=36)
    Gene 19 (Pair  7- 3): choice=3 (inl=86)
    Gene 20 (Pair  8- 3): choice=7 (inl=22)
    Gene 22 (Pair 10- 3): choice=1 (inl=38)
    Gene 23 (Pair 11- 3): choice=2 (inl=41)
    Gene 30 (Pair  6- 5): choice=1 (inl=34)

  --- SHARD 4 CANDIDATE ANALYSIS ---
    Pair (4-1): Selected=4 / 4 choices
      Choice 1: inliners=32
      Choice 2: inliners=67
      Choice 3: inliners=72
      Choice 4: inliners=63 [SELECTED]
    Pair (4-2): Selected=0 / 5 choices
      Choice 1: inliners=12
      Choice 2: inliners=32
      Choice 3: inliners=20
      Choice 4: inliners=24
      Choice 5: inliners=58
    Pair (4-3): Selected=0 / 4 choices
      Choice 1: inliners=50
      Choice 2: inliners=34
      Choice 3: inliners=56
      Choice 4: inliners=34
    Pair (5-4): Selected=0 / 2 choices
      Choice 1: inliners=70
      Choice 2: inliners=77
    Pair (7-4): Selected=0 / 1 choices
      Choice 1: inliners=36
    Pair (8-4): Selected=0 / 5 choices
      Choice 1: inliners=0
      Choice 2: inliners=47
      Choice 3: inliners=14
      Choice 4: inliners=36
      Choice 5: inliners=36
    Pair (9-4): Selected=0 / 8 choices
      Choice 1: inliners=42
      Choice 2: inliners=20
      Choice 3: inliners=32
      Choice 4: inliners=38
      Choice 5: inliners=0
      Choice 6: inliners=36
      Choice 7: inliners=22
      Choice 8: inliners=28
    Pair (10-4): Selected=0 / 2 choices
      Choice 1: inliners=28
      Choice 2: inliners=26
    Pair (11-4): Selected=0 / 3 choices
      Choice 1: inliners=16
      Choice 2: inliners=14
      Choice 3: inliners=36


--- GENERATION 130 BEST BREAKDOWN ---
  Total Fitness: 596.70
  Inlier Reward: 367.49
  Cycle Penalty: 0.00
  Overlap Penalty: 0.00
  Edge Residual Penalty: 0.00
  Edge Rot Residual Penalty: 0.00
  Connectivity Reward: 0.00
  Component Penalty: 0.00
  Consensus Support Reward: 229.21
  Largest Component: 11
  Num Components: 1
  Active Pairs: 10
  OverlapDiag Sum (indexed): 0.0000 (delta_vs_fitness=0.0000)
  OverlapDiag Pairs: total=45 same_comp=45 broad_reject=31 narrow_checked=45 active=1
  OverlapDiag Active Pairs: none

  --- ACTIVE GENE MAP ---
    Gene  0 (Pair  2- 1): choice=2 (inl=70)
    Gene  2 (Pair  4- 1): choice=4 (inl=63)
    Gene  3 (Pair  5- 1): choice=1 (inl=76)
    Gene  6 (Pair  9- 1): choice=2 (inl=40)
    Gene 18 (Pair  5- 3): choice=6 (inl=36)
    Gene 19 (Pair  7- 3): choice=3 (inl=86)
    Gene 20 (Pair  8- 3): choice=7 (inl=22)
    Gene 22 (Pair 10- 3): choice=1 (inl=38)
    Gene 23 (Pair 11- 3): choice=2 (inl=41)
    Gene 30 (Pair  6- 5): choice=1 (inl=34)

  --- SHARD 4 CANDIDATE ANALYSIS ---
    Pair (4-1): Selected=4 / 4 choices
      Choice 1: inliners=32
      Choice 2: inliners=67
      Choice 3: inliners=72
      Choice 4: inliners=63 [SELECTED]
    Pair (4-2): Selected=0 / 5 choices
      Choice 1: inliners=12
      Choice 2: inliners=32
      Choice 3: inliners=20
      Choice 4: inliners=24
      Choice 5: inliners=58
    Pair (4-3): Selected=0 / 4 choices
      Choice 1: inliners=50
      Choice 2: inliners=34
      Choice 3: inliners=56
      Choice 4: inliners=34
    Pair (5-4): Selected=0 / 2 choices
      Choice 1: inliners=70
      Choice 2: inliners=77
    Pair (7-4): Selected=0 / 1 choices
      Choice 1: inliners=36
    Pair (8-4): Selected=0 / 5 choices
      Choice 1: inliners=0
      Choice 2: inliners=47
      Choice 3: inliners=14
      Choice 4: inliners=36
      Choice 5: inliners=36
    Pair (9-4): Selected=0 / 8 choices
      Choice 1: inliners=42
      Choice 2: inliners=20
      Choice 3: inliners=32
      Choice 4: inliners=38
      Choice 5: inliners=0
      Choice 6: inliners=36
      Choice 7: inliners=22
      Choice 8: inliners=28
    Pair (10-4): Selected=0 / 2 choices
      Choice 1: inliners=28
      Choice 2: inliners=26
    Pair (11-4): Selected=0 / 3 choices
      Choice 1: inliners=16
      Choice 2: inliners=14
      Choice 3: inliners=36


--- GENERATION 140 BEST BREAKDOWN ---
  Total Fitness: 596.70
  Inlier Reward: 367.49
  Cycle Penalty: 0.00
  Overlap Penalty: 0.00
  Edge Residual Penalty: 0.00
  Edge Rot Residual Penalty: 0.00
  Connectivity Reward: 0.00
  Component Penalty: 0.00
  Consensus Support Reward: 229.21
  Largest Component: 11
  Num Components: 1
  Active Pairs: 10
  OverlapDiag Sum (indexed): 0.0000 (delta_vs_fitness=0.0000)
  OverlapDiag Pairs: total=45 same_comp=45 broad_reject=31 narrow_checked=45 active=1
  OverlapDiag Active Pairs: none

  --- ACTIVE GENE MAP ---
    Gene  0 (Pair  2- 1): choice=2 (inl=70)
    Gene  2 (Pair  4- 1): choice=4 (inl=63)
    Gene  3 (Pair  5- 1): choice=1 (inl=76)
    Gene  6 (Pair  9- 1): choice=2 (inl=40)
    Gene 18 (Pair  5- 3): choice=6 (inl=36)
    Gene 19 (Pair  7- 3): choice=3 (inl=86)
    Gene 20 (Pair  8- 3): choice=7 (inl=22)
    Gene 22 (Pair 10- 3): choice=1 (inl=38)
    Gene 23 (Pair 11- 3): choice=2 (inl=41)
    Gene 30 (Pair  6- 5): choice=1 (inl=34)

  --- SHARD 4 CANDIDATE ANALYSIS ---
    Pair (4-1): Selected=4 / 4 choices
      Choice 1: inliners=32
      Choice 2: inliners=67
      Choice 3: inliners=72
      Choice 4: inliners=63 [SELECTED]
    Pair (4-2): Selected=0 / 5 choices
      Choice 1: inliners=12
      Choice 2: inliners=32
      Choice 3: inliners=20
      Choice 4: inliners=24
      Choice 5: inliners=58
    Pair (4-3): Selected=0 / 4 choices
      Choice 1: inliners=50
      Choice 2: inliners=34
      Choice 3: inliners=56
      Choice 4: inliners=34
    Pair (5-4): Selected=0 / 2 choices
      Choice 1: inliners=70
      Choice 2: inliners=77
    Pair (7-4): Selected=0 / 1 choices
      Choice 1: inliners=36
    Pair (8-4): Selected=0 / 5 choices
      Choice 1: inliners=0
      Choice 2: inliners=47
      Choice 3: inliners=14
      Choice 4: inliners=36
      Choice 5: inliners=36
    Pair (9-4): Selected=0 / 8 choices
      Choice 1: inliners=42
      Choice 2: inliners=20
      Choice 3: inliners=32
      Choice 4: inliners=38
      Choice 5: inliners=0
      Choice 6: inliners=36
      Choice 7: inliners=22
      Choice 8: inliners=28
    Pair (10-4): Selected=0 / 2 choices
      Choice 1: inliners=28
      Choice 2: inliners=26
    Pair (11-4): Selected=0 / 3 choices
      Choice 1: inliners=16
      Choice 2: inliners=14
      Choice 3: inliners=36


--- GENERATION 150 BEST BREAKDOWN ---
  Total Fitness: 596.70
  Inlier Reward: 367.49
  Cycle Penalty: 0.00
  Overlap Penalty: 0.00
  Edge Residual Penalty: 0.00
  Edge Rot Residual Penalty: 0.00
  Connectivity Reward: 0.00
  Component Penalty: 0.00
  Consensus Support Reward: 229.21
  Largest Component: 11
  Num Components: 1
  Active Pairs: 10
  OverlapDiag Sum (indexed): 0.0000 (delta_vs_fitness=0.0000)
  OverlapDiag Pairs: total=45 same_comp=45 broad_reject=31 narrow_checked=45 active=1
  OverlapDiag Active Pairs: none

  --- ACTIVE GENE MAP ---
    Gene  0 (Pair  2- 1): choice=2 (inl=70)
    Gene  2 (Pair  4- 1): choice=4 (inl=63)
    Gene  3 (Pair  5- 1): choice=1 (inl=76)
    Gene  6 (Pair  9- 1): choice=2 (inl=40)
    Gene 18 (Pair  5- 3): choice=6 (inl=36)
    Gene 19 (Pair  7- 3): choice=3 (inl=86)
    Gene 20 (Pair  8- 3): choice=7 (inl=22)
    Gene 22 (Pair 10- 3): choice=1 (inl=38)
    Gene 23 (Pair 11- 3): choice=2 (inl=41)
    Gene 30 (Pair  6- 5): choice=1 (inl=34)

  --- SHARD 4 CANDIDATE ANALYSIS ---
    Pair (4-1): Selected=4 / 4 choices
      Choice 1: inliners=32
      Choice 2: inliners=67
      Choice 3: inliners=72
      Choice 4: inliners=63 [SELECTED]
    Pair (4-2): Selected=0 / 5 choices
      Choice 1: inliners=12
      Choice 2: inliners=32
      Choice 3: inliners=20
      Choice 4: inliners=24
      Choice 5: inliners=58
    Pair (4-3): Selected=0 / 4 choices
      Choice 1: inliners=50
      Choice 2: inliners=34
      Choice 3: inliners=56
      Choice 4: inliners=34
    Pair (5-4): Selected=0 / 2 choices
      Choice 1: inliners=70
      Choice 2: inliners=77
    Pair (7-4): Selected=0 / 1 choices
      Choice 1: inliners=36
    Pair (8-4): Selected=0 / 5 choices
      Choice 1: inliners=0
      Choice 2: inliners=47
      Choice 3: inliners=14
      Choice 4: inliners=36
      Choice 5: inliners=36
    Pair (9-4): Selected=0 / 8 choices
      Choice 1: inliners=42
      Choice 2: inliners=20
      Choice 3: inliners=32
      Choice 4: inliners=38
      Choice 5: inliners=0
      Choice 6: inliners=36
      Choice 7: inliners=22
      Choice 8: inliners=28
    Pair (10-4): Selected=0 / 2 choices
      Choice 1: inliners=28
      Choice 2: inliners=26
    Pair (11-4): Selected=0 / 3 choices
      Choice 1: inliners=16
      Choice 2: inliners=14
      Choice 3: inliners=36


--- GENERATION 0 BEST BREAKDOWN ---
  Total Fitness: 361.31
  Inlier Reward: 361.31
  Cycle Penalty: 0.00
  Overlap Penalty: 0.00
  Edge Residual Penalty: 0.00
  Edge Rot Residual Penalty: 0.00
  Connectivity Reward: 0.00
  Component Penalty: 0.00
  Consensus Support Reward: 0.00
  Largest Component: 11
  Num Components: 1
  Active Pairs: 10
  OverlapDiag Sum (indexed): 0.0000 (delta_vs_fitness=0.0000)
  OverlapDiag Pairs: total=45 same_comp=45 broad_reject=37 narrow_checked=45 active=0
  OverlapDiag Active Pairs: none

  --- ACTIVE GENE MAP ---
    Gene  1 (Pair  3- 1): choice=9 (inl=77)
    Gene  2 (Pair  4- 1): choice=2 (inl=67)
    Gene  3 (Pair  5- 1): choice=2 (inl=65)
    Gene  6 (Pair  9- 1): choice=2 (inl=40)
    Gene  9 (Pair  3- 2): choice=1 (inl=62)
    Gene 12 (Pair  7- 2): choice=2 (inl=66)
    Gene 23 (Pair 11- 3): choice=2 (inl=41)
    Gene 30 (Pair  6- 5): choice=2 (inl=28)
    Gene 34 (Pair 10- 5): choice=1 (inl=26)
    Gene 42 (Pair 10- 8): choice=3 (inl=44)

  --- SHARD 4 CANDIDATE ANALYSIS ---
    Pair (4-1): Selected=2 / 4 choices
      Choice 1: inliners=32
      Choice 2: inliners=67 [SELECTED]
      Choice 3: inliners=72
      Choice 4: inliners=63
    Pair (4-2): Selected=0 / 5 choices
      Choice 1: inliners=12
      Choice 2: inliners=32
      Choice 3: inliners=20
      Choice 4: inliners=24
      Choice 5: inliners=58
    Pair (4-3): Selected=0 / 4 choices
      Choice 1: inliners=50
      Choice 2: inliners=34
      Choice 3: inliners=56
      Choice 4: inliners=34
    Pair (5-4): Selected=0 / 2 choices
      Choice 1: inliners=70
      Choice 2: inliners=77
    Pair (7-4): Selected=0 / 1 choices
      Choice 1: inliners=36
    Pair (8-4): Selected=0 / 5 choices
      Choice 1: inliners=0
      Choice 2: inliners=47
      Choice 3: inliners=14
      Choice 4: inliners=36
      Choice 5: inliners=36
    Pair (9-4): Selected=0 / 8 choices
      Choice 1: inliners=42
      Choice 2: inliners=20
      Choice 3: inliners=32
      Choice 4: inliners=38
      Choice 5: inliners=0
      Choice 6: inliners=36
      Choice 7: inliners=22
      Choice 8: inliners=28
    Pair (10-4): Selected=0 / 2 choices
      Choice 1: inliners=28
      Choice 2: inliners=26
    Pair (11-4): Selected=0 / 3 choices
      Choice 1: inliners=16
      Choice 2: inliners=14
      Choice 3: inliners=36


--- GENERATION 10 BEST BREAKDOWN ---
  Total Fitness: 514.44
  Inlier Reward: 416.61
  Cycle Penalty: 0.00
  Overlap Penalty: 0.00
  Edge Residual Penalty: 0.00
  Edge Rot Residual Penalty: 0.00
  Connectivity Reward: 0.00
  Component Penalty: 0.00
  Consensus Support Reward: 97.83
  Largest Component: 11
  Num Components: 1
  Active Pairs: 10
  OverlapDiag Sum (indexed): 0.0000 (delta_vs_fitness=0.0000)
  OverlapDiag Pairs: total=45 same_comp=45 broad_reject=34 narrow_checked=45 active=1
  OverlapDiag Active Pairs: none

  --- ACTIVE GENE MAP ---
    Gene  0 (Pair  2- 1): choice=2 (inl=70)
    Gene  2 (Pair  4- 1): choice=4 (inl=63)
    Gene  3 (Pair  5- 1): choice=1 (inl=76)
    Gene  5 (Pair  8- 1): choice=7 (inl=44)
    Gene  6 (Pair  9- 1): choice=2 (inl=40)
    Gene  9 (Pair  3- 2): choice=1 (inl=62)
    Gene 12 (Pair  7- 2): choice=2 (inl=66)
    Gene 22 (Pair 10- 3): choice=4 (inl=42)
    Gene 23 (Pair 11- 3): choice=2 (inl=41)
    Gene 30 (Pair  6- 5): choice=6 (inl=90)

  --- SHARD 4 CANDIDATE ANALYSIS ---
    Pair (4-1): Selected=4 / 4 choices
      Choice 1: inliners=32
      Choice 2: inliners=67
      Choice 3: inliners=72
      Choice 4: inliners=63 [SELECTED]
    Pair (4-2): Selected=0 / 5 choices
      Choice 1: inliners=12
      Choice 2: inliners=32
      Choice 3: inliners=20
      Choice 4: inliners=24
      Choice 5: inliners=58
    Pair (4-3): Selected=0 / 4 choices
      Choice 1: inliners=50
      Choice 2: inliners=34
      Choice 3: inliners=56
      Choice 4: inliners=34
    Pair (5-4): Selected=0 / 2 choices
      Choice 1: inliners=70
      Choice 2: inliners=77
    Pair (7-4): Selected=0 / 1 choices
      Choice 1: inliners=36
    Pair (8-4): Selected=0 / 5 choices
      Choice 1: inliners=0
      Choice 2: inliners=47
      Choice 3: inliners=14
      Choice 4: inliners=36
      Choice 5: inliners=36
    Pair (9-4): Selected=0 / 8 choices
      Choice 1: inliners=42
      Choice 2: inliners=20
      Choice 3: inliners=32
      Choice 4: inliners=38
      Choice 5: inliners=0
      Choice 6: inliners=36
      Choice 7: inliners=22
      Choice 8: inliners=28
    Pair (10-4): Selected=0 / 2 choices
      Choice 1: inliners=28
      Choice 2: inliners=26
    Pair (11-4): Selected=0 / 3 choices
      Choice 1: inliners=16
      Choice 2: inliners=14
      Choice 3: inliners=36


--- GENERATION 20 BEST BREAKDOWN ---
  Total Fitness: 586.46
  Inlier Reward: 357.25
  Cycle Penalty: 0.00
  Overlap Penalty: 0.00
  Edge Residual Penalty: 0.00
  Edge Rot Residual Penalty: 0.00
  Connectivity Reward: 0.00
  Component Penalty: 0.00
  Consensus Support Reward: 229.21
  Largest Component: 11
  Num Components: 1
  Active Pairs: 10
  OverlapDiag Sum (indexed): 0.0000 (delta_vs_fitness=0.0000)
  OverlapDiag Pairs: total=45 same_comp=45 broad_reject=33 narrow_checked=45 active=1
  OverlapDiag Active Pairs: none

  --- ACTIVE GENE MAP ---
    Gene  0 (Pair  2- 1): choice=2 (inl=70)
    Gene  3 (Pair  5- 1): choice=1 (inl=76)
    Gene  6 (Pair  9- 1): choice=2 (inl=40)
    Gene 17 (Pair  4- 3): choice=3 (inl=56)
    Gene 18 (Pair  5- 3): choice=6 (inl=36)
    Gene 19 (Pair  7- 3): choice=3 (inl=86)
    Gene 20 (Pair  8- 3): choice=7 (inl=22)
    Gene 22 (Pair 10- 3): choice=1 (inl=38)
    Gene 23 (Pair 11- 3): choice=2 (inl=41)
    Gene 30 (Pair  6- 5): choice=2 (inl=28)

  --- SHARD 4 CANDIDATE ANALYSIS ---
    Pair (4-1): Selected=0 / 4 choices
      Choice 1: inliners=32
      Choice 2: inliners=67
      Choice 3: inliners=72
      Choice 4: inliners=63
    Pair (4-2): Selected=0 / 5 choices
      Choice 1: inliners=12
      Choice 2: inliners=32
      Choice 3: inliners=20
      Choice 4: inliners=24
      Choice 5: inliners=58
    Pair (4-3): Selected=3 / 4 choices
      Choice 1: inliners=50
      Choice 2: inliners=34
      Choice 3: inliners=56 [SELECTED]
      Choice 4: inliners=34
    Pair (5-4): Selected=0 / 2 choices
      Choice 1: inliners=70
      Choice 2: inliners=77
    Pair (7-4): Selected=0 / 1 choices
      Choice 1: inliners=36
    Pair (8-4): Selected=0 / 5 choices
      Choice 1: inliners=0
      Choice 2: inliners=47
      Choice 3: inliners=14
      Choice 4: inliners=36
      Choice 5: inliners=36
    Pair (9-4): Selected=0 / 8 choices
      Choice 1: inliners=42
      Choice 2: inliners=20
      Choice 3: inliners=32
      Choice 4: inliners=38
      Choice 5: inliners=0
      Choice 6: inliners=36
      Choice 7: inliners=22
      Choice 8: inliners=28
    Pair (10-4): Selected=0 / 2 choices
      Choice 1: inliners=28
      Choice 2: inliners=26
    Pair (11-4): Selected=0 / 3 choices
      Choice 1: inliners=16
      Choice 2: inliners=14
      Choice 3: inliners=36


--- GENERATION 30 BEST BREAKDOWN ---
  Total Fitness: 593.18
  Inlier Reward: 363.97
  Cycle Penalty: 0.00
  Overlap Penalty: 0.00
  Edge Residual Penalty: 0.00
  Edge Rot Residual Penalty: 0.00
  Connectivity Reward: 0.00
  Component Penalty: 0.00
  Consensus Support Reward: 229.21
  Largest Component: 11
  Num Components: 1
  Active Pairs: 10
  OverlapDiag Sum (indexed): 0.0000 (delta_vs_fitness=0.0000)
  OverlapDiag Pairs: total=45 same_comp=45 broad_reject=30 narrow_checked=45 active=1
  OverlapDiag Active Pairs: none

  --- ACTIVE GENE MAP ---
    Gene  0 (Pair  2- 1): choice=2 (inl=70)
    Gene  2 (Pair  4- 1): choice=4 (inl=63)
    Gene  3 (Pair  5- 1): choice=1 (inl=76)
    Gene  6 (Pair  9- 1): choice=2 (inl=40)
    Gene 18 (Pair  5- 3): choice=6 (inl=36)
    Gene 19 (Pair  7- 3): choice=3 (inl=86)
    Gene 20 (Pair  8- 3): choice=7 (inl=22)
    Gene 22 (Pair 10- 3): choice=1 (inl=38)
    Gene 23 (Pair 11- 3): choice=2 (inl=41)
    Gene 30 (Pair  6- 5): choice=2 (inl=28)

  --- SHARD 4 CANDIDATE ANALYSIS ---
    Pair (4-1): Selected=4 / 4 choices
      Choice 1: inliners=32
      Choice 2: inliners=67
      Choice 3: inliners=72
      Choice 4: inliners=63 [SELECTED]
    Pair (4-2): Selected=0 / 5 choices
      Choice 1: inliners=12
      Choice 2: inliners=32
      Choice 3: inliners=20
      Choice 4: inliners=24
      Choice 5: inliners=58
    Pair (4-3): Selected=0 / 4 choices
      Choice 1: inliners=50
      Choice 2: inliners=34
      Choice 3: inliners=56
      Choice 4: inliners=34
    Pair (5-4): Selected=0 / 2 choices
      Choice 1: inliners=70
      Choice 2: inliners=77
    Pair (7-4): Selected=0 / 1 choices
      Choice 1: inliners=36
    Pair (8-4): Selected=0 / 5 choices
      Choice 1: inliners=0
      Choice 2: inliners=47
      Choice 3: inliners=14
      Choice 4: inliners=36
      Choice 5: inliners=36
    Pair (9-4): Selected=0 / 8 choices
      Choice 1: inliners=42
      Choice 2: inliners=20
      Choice 3: inliners=32
      Choice 4: inliners=38
      Choice 5: inliners=0
      Choice 6: inliners=36
      Choice 7: inliners=22
      Choice 8: inliners=28
    Pair (10-4): Selected=0 / 2 choices
      Choice 1: inliners=28
      Choice 2: inliners=26
    Pair (11-4): Selected=0 / 3 choices
      Choice 1: inliners=16
      Choice 2: inliners=14
      Choice 3: inliners=36


--- GENERATION 40 BEST BREAKDOWN ---
  Total Fitness: 596.70
  Inlier Reward: 367.49
  Cycle Penalty: 0.00
  Overlap Penalty: 0.00
  Edge Residual Penalty: 0.00
  Edge Rot Residual Penalty: 0.00
  Connectivity Reward: 0.00
  Component Penalty: 0.00
  Consensus Support Reward: 229.21
  Largest Component: 11
  Num Components: 1
  Active Pairs: 10
  OverlapDiag Sum (indexed): 0.0000 (delta_vs_fitness=0.0000)
  OverlapDiag Pairs: total=45 same_comp=45 broad_reject=31 narrow_checked=45 active=1
  OverlapDiag Active Pairs: none

  --- ACTIVE GENE MAP ---
    Gene  0 (Pair  2- 1): choice=2 (inl=70)
    Gene  2 (Pair  4- 1): choice=4 (inl=63)
    Gene  3 (Pair  5- 1): choice=1 (inl=76)
    Gene  6 (Pair  9- 1): choice=2 (inl=40)
    Gene 18 (Pair  5- 3): choice=6 (inl=36)
    Gene 19 (Pair  7- 3): choice=3 (inl=86)
    Gene 20 (Pair  8- 3): choice=7 (inl=22)
    Gene 22 (Pair 10- 3): choice=1 (inl=38)
    Gene 23 (Pair 11- 3): choice=2 (inl=41)
    Gene 30 (Pair  6- 5): choice=1 (inl=34)

  --- SHARD 4 CANDIDATE ANALYSIS ---
    Pair (4-1): Selected=4 / 4 choices
      Choice 1: inliners=32
      Choice 2: inliners=67
      Choice 3: inliners=72
      Choice 4: inliners=63 [SELECTED]
    Pair (4-2): Selected=0 / 5 choices
      Choice 1: inliners=12
      Choice 2: inliners=32
      Choice 3: inliners=20
      Choice 4: inliners=24
      Choice 5: inliners=58
    Pair (4-3): Selected=0 / 4 choices
      Choice 1: inliners=50
      Choice 2: inliners=34
      Choice 3: inliners=56
      Choice 4: inliners=34
    Pair (5-4): Selected=0 / 2 choices
      Choice 1: inliners=70
      Choice 2: inliners=77
    Pair (7-4): Selected=0 / 1 choices
      Choice 1: inliners=36
    Pair (8-4): Selected=0 / 5 choices
      Choice 1: inliners=0
      Choice 2: inliners=47
      Choice 3: inliners=14
      Choice 4: inliners=36
      Choice 5: inliners=36
    Pair (9-4): Selected=0 / 8 choices
      Choice 1: inliners=42
      Choice 2: inliners=20
      Choice 3: inliners=32
      Choice 4: inliners=38
      Choice 5: inliners=0
      Choice 6: inliners=36
      Choice 7: inliners=22
      Choice 8: inliners=28
    Pair (10-4): Selected=0 / 2 choices
      Choice 1: inliners=28
      Choice 2: inliners=26
    Pair (11-4): Selected=0 / 3 choices
      Choice 1: inliners=16
      Choice 2: inliners=14
      Choice 3: inliners=36


--- GENERATION 50 BEST BREAKDOWN ---
  Total Fitness: 596.70
  Inlier Reward: 367.49
  Cycle Penalty: 0.00
  Overlap Penalty: 0.00
  Edge Residual Penalty: 0.00
  Edge Rot Residual Penalty: 0.00
  Connectivity Reward: 0.00
  Component Penalty: 0.00
  Consensus Support Reward: 229.21
  Largest Component: 11
  Num Components: 1
  Active Pairs: 10
  OverlapDiag Sum (indexed): 0.0000 (delta_vs_fitness=0.0000)
  OverlapDiag Pairs: total=45 same_comp=45 broad_reject=31 narrow_checked=45 active=1
  OverlapDiag Active Pairs: none

  --- ACTIVE GENE MAP ---
    Gene  0 (Pair  2- 1): choice=2 (inl=70)
    Gene  2 (Pair  4- 1): choice=4 (inl=63)
    Gene  3 (Pair  5- 1): choice=1 (inl=76)
    Gene  6 (Pair  9- 1): choice=2 (inl=40)
    Gene 18 (Pair  5- 3): choice=6 (inl=36)
    Gene 19 (Pair  7- 3): choice=3 (inl=86)
    Gene 20 (Pair  8- 3): choice=7 (inl=22)
    Gene 22 (Pair 10- 3): choice=1 (inl=38)
    Gene 23 (Pair 11- 3): choice=2 (inl=41)
    Gene 30 (Pair  6- 5): choice=1 (inl=34)

  --- SHARD 4 CANDIDATE ANALYSIS ---
    Pair (4-1): Selected=4 / 4 choices
      Choice 1: inliners=32
      Choice 2: inliners=67
      Choice 3: inliners=72
      Choice 4: inliners=63 [SELECTED]
    Pair (4-2): Selected=0 / 5 choices
      Choice 1: inliners=12
      Choice 2: inliners=32
      Choice 3: inliners=20
      Choice 4: inliners=24
      Choice 5: inliners=58
    Pair (4-3): Selected=0 / 4 choices
      Choice 1: inliners=50
      Choice 2: inliners=34
      Choice 3: inliners=56
      Choice 4: inliners=34
    Pair (5-4): Selected=0 / 2 choices
      Choice 1: inliners=70
      Choice 2: inliners=77
    Pair (7-4): Selected=0 / 1 choices
      Choice 1: inliners=36
    Pair (8-4): Selected=0 / 5 choices
      Choice 1: inliners=0
      Choice 2: inliners=47
      Choice 3: inliners=14
      Choice 4: inliners=36
      Choice 5: inliners=36
    Pair (9-4): Selected=0 / 8 choices
      Choice 1: inliners=42
      Choice 2: inliners=20
      Choice 3: inliners=32
      Choice 4: inliners=38
      Choice 5: inliners=0
      Choice 6: inliners=36
      Choice 7: inliners=22
      Choice 8: inliners=28
    Pair (10-4): Selected=0 / 2 choices
      Choice 1: inliners=28
      Choice 2: inliners=26
    Pair (11-4): Selected=0 / 3 choices
      Choice 1: inliners=16
      Choice 2: inliners=14
      Choice 3: inliners=36


--- GENERATION 60 BEST BREAKDOWN ---
  Total Fitness: 596.70
  Inlier Reward: 367.49
  Cycle Penalty: 0.00
  Overlap Penalty: 0.00
  Edge Residual Penalty: 0.00
  Edge Rot Residual Penalty: 0.00
  Connectivity Reward: 0.00
  Component Penalty: 0.00
  Consensus Support Reward: 229.21
  Largest Component: 11
  Num Components: 1
  Active Pairs: 10
  OverlapDiag Sum (indexed): 0.0000 (delta_vs_fitness=0.0000)
  OverlapDiag Pairs: total=45 same_comp=45 broad_reject=31 narrow_checked=45 active=1
  OverlapDiag Active Pairs: none

  --- ACTIVE GENE MAP ---
    Gene  0 (Pair  2- 1): choice=2 (inl=70)
    Gene  2 (Pair  4- 1): choice=4 (inl=63)
    Gene  3 (Pair  5- 1): choice=1 (inl=76)
    Gene  6 (Pair  9- 1): choice=2 (inl=40)
    Gene 18 (Pair  5- 3): choice=6 (inl=36)
    Gene 19 (Pair  7- 3): choice=3 (inl=86)
    Gene 20 (Pair  8- 3): choice=7 (inl=22)
    Gene 22 (Pair 10- 3): choice=1 (inl=38)
    Gene 23 (Pair 11- 3): choice=2 (inl=41)
    Gene 30 (Pair  6- 5): choice=1 (inl=34)

  --- SHARD 4 CANDIDATE ANALYSIS ---
    Pair (4-1): Selected=4 / 4 choices
      Choice 1: inliners=32
      Choice 2: inliners=67
      Choice 3: inliners=72
      Choice 4: inliners=63 [SELECTED]
    Pair (4-2): Selected=0 / 5 choices
      Choice 1: inliners=12
      Choice 2: inliners=32
      Choice 3: inliners=20
      Choice 4: inliners=24
      Choice 5: inliners=58
    Pair (4-3): Selected=0 / 4 choices
      Choice 1: inliners=50
      Choice 2: inliners=34
      Choice 3: inliners=56
      Choice 4: inliners=34
    Pair (5-4): Selected=0 / 2 choices
      Choice 1: inliners=70
      Choice 2: inliners=77
    Pair (7-4): Selected=0 / 1 choices
      Choice 1: inliners=36
    Pair (8-4): Selected=0 / 5 choices
      Choice 1: inliners=0
      Choice 2: inliners=47
      Choice 3: inliners=14
      Choice 4: inliners=36
      Choice 5: inliners=36
    Pair (9-4): Selected=0 / 8 choices
      Choice 1: inliners=42
      Choice 2: inliners=20
      Choice 3: inliners=32
      Choice 4: inliners=38
      Choice 5: inliners=0
      Choice 6: inliners=36
      Choice 7: inliners=22
      Choice 8: inliners=28
    Pair (10-4): Selected=0 / 2 choices
      Choice 1: inliners=28
      Choice 2: inliners=26
    Pair (11-4): Selected=0 / 3 choices
      Choice 1: inliners=16
      Choice 2: inliners=14
      Choice 3: inliners=36


--- GENERATION 70 BEST BREAKDOWN ---
  Total Fitness: 596.70
  Inlier Reward: 367.49
  Cycle Penalty: 0.00
  Overlap Penalty: 0.00
  Edge Residual Penalty: 0.00
  Edge Rot Residual Penalty: 0.00
  Connectivity Reward: 0.00
  Component Penalty: 0.00
  Consensus Support Reward: 229.21
  Largest Component: 11
  Num Components: 1
  Active Pairs: 10
  OverlapDiag Sum (indexed): 0.0000 (delta_vs_fitness=0.0000)
  OverlapDiag Pairs: total=45 same_comp=45 broad_reject=31 narrow_checked=45 active=1
  OverlapDiag Active Pairs: none

  --- ACTIVE GENE MAP ---
    Gene  0 (Pair  2- 1): choice=2 (inl=70)
    Gene  2 (Pair  4- 1): choice=4 (inl=63)
    Gene  3 (Pair  5- 1): choice=1 (inl=76)
    Gene  6 (Pair  9- 1): choice=2 (inl=40)
    Gene 18 (Pair  5- 3): choice=6 (inl=36)
    Gene 19 (Pair  7- 3): choice=3 (inl=86)
    Gene 20 (Pair  8- 3): choice=7 (inl=22)
    Gene 22 (Pair 10- 3): choice=1 (inl=38)
    Gene 23 (Pair 11- 3): choice=2 (inl=41)
    Gene 30 (Pair  6- 5): choice=1 (inl=34)

  --- SHARD 4 CANDIDATE ANALYSIS ---
    Pair (4-1): Selected=4 / 4 choices
      Choice 1: inliners=32
      Choice 2: inliners=67
      Choice 3: inliners=72
      Choice 4: inliners=63 [SELECTED]
    Pair (4-2): Selected=0 / 5 choices
      Choice 1: inliners=12
      Choice 2: inliners=32
      Choice 3: inliners=20
      Choice 4: inliners=24
      Choice 5: inliners=58
    Pair (4-3): Selected=0 / 4 choices
      Choice 1: inliners=50
      Choice 2: inliners=34
      Choice 3: inliners=56
      Choice 4: inliners=34
    Pair (5-4): Selected=0 / 2 choices
      Choice 1: inliners=70
      Choice 2: inliners=77
    Pair (7-4): Selected=0 / 1 choices
      Choice 1: inliners=36
    Pair (8-4): Selected=0 / 5 choices
      Choice 1: inliners=0
      Choice 2: inliners=47
      Choice 3: inliners=14
      Choice 4: inliners=36
      Choice 5: inliners=36
    Pair (9-4): Selected=0 / 8 choices
      Choice 1: inliners=42
      Choice 2: inliners=20
      Choice 3: inliners=32
      Choice 4: inliners=38
      Choice 5: inliners=0
      Choice 6: inliners=36
      Choice 7: inliners=22
      Choice 8: inliners=28
    Pair (10-4): Selected=0 / 2 choices
      Choice 1: inliners=28
      Choice 2: inliners=26
    Pair (11-4): Selected=0 / 3 choices
      Choice 1: inliners=16
      Choice 2: inliners=14
      Choice 3: inliners=36


--- GENERATION 80 BEST BREAKDOWN ---
  Total Fitness: 596.70
  Inlier Reward: 367.49
  Cycle Penalty: 0.00
  Overlap Penalty: 0.00
  Edge Residual Penalty: 0.00
  Edge Rot Residual Penalty: 0.00
  Connectivity Reward: 0.00
  Component Penalty: 0.00
  Consensus Support Reward: 229.21
  Largest Component: 11
  Num Components: 1
  Active Pairs: 10
  OverlapDiag Sum (indexed): 0.0000 (delta_vs_fitness=0.0000)
  OverlapDiag Pairs: total=45 same_comp=45 broad_reject=31 narrow_checked=45 active=1
  OverlapDiag Active Pairs: none

  --- ACTIVE GENE MAP ---
    Gene  0 (Pair  2- 1): choice=2 (inl=70)
    Gene  2 (Pair  4- 1): choice=4 (inl=63)
    Gene  3 (Pair  5- 1): choice=1 (inl=76)
    Gene  6 (Pair  9- 1): choice=2 (inl=40)
    Gene 18 (Pair  5- 3): choice=6 (inl=36)
    Gene 19 (Pair  7- 3): choice=3 (inl=86)
    Gene 20 (Pair  8- 3): choice=7 (inl=22)
    Gene 22 (Pair 10- 3): choice=1 (inl=38)
    Gene 23 (Pair 11- 3): choice=2 (inl=41)
    Gene 30 (Pair  6- 5): choice=1 (inl=34)

  --- SHARD 4 CANDIDATE ANALYSIS ---
    Pair (4-1): Selected=4 / 4 choices
      Choice 1: inliners=32
      Choice 2: inliners=67
      Choice 3: inliners=72
      Choice 4: inliners=63 [SELECTED]
    Pair (4-2): Selected=0 / 5 choices
      Choice 1: inliners=12
      Choice 2: inliners=32
      Choice 3: inliners=20
      Choice 4: inliners=24
      Choice 5: inliners=58
    Pair (4-3): Selected=0 / 4 choices
      Choice 1: inliners=50
      Choice 2: inliners=34
      Choice 3: inliners=56
      Choice 4: inliners=34
    Pair (5-4): Selected=0 / 2 choices
      Choice 1: inliners=70
      Choice 2: inliners=77
    Pair (7-4): Selected=0 / 1 choices
      Choice 1: inliners=36
    Pair (8-4): Selected=0 / 5 choices
      Choice 1: inliners=0
      Choice 2: inliners=47
      Choice 3: inliners=14
      Choice 4: inliners=36
      Choice 5: inliners=36
    Pair (9-4): Selected=0 / 8 choices
      Choice 1: inliners=42
      Choice 2: inliners=20
      Choice 3: inliners=32
      Choice 4: inliners=38
      Choice 5: inliners=0
      Choice 6: inliners=36
      Choice 7: inliners=22
      Choice 8: inliners=28
    Pair (10-4): Selected=0 / 2 choices
      Choice 1: inliners=28
      Choice 2: inliners=26
    Pair (11-4): Selected=0 / 3 choices
      Choice 1: inliners=16
      Choice 2: inliners=14
      Choice 3: inliners=36


--- GENERATION 90 BEST BREAKDOWN ---
  Total Fitness: 596.70
  Inlier Reward: 367.49
  Cycle Penalty: 0.00
  Overlap Penalty: 0.00
  Edge Residual Penalty: 0.00
  Edge Rot Residual Penalty: 0.00
  Connectivity Reward: 0.00
  Component Penalty: 0.00
  Consensus Support Reward: 229.21
  Largest Component: 11
  Num Components: 1
  Active Pairs: 10
  OverlapDiag Sum (indexed): 0.0000 (delta_vs_fitness=0.0000)
  OverlapDiag Pairs: total=45 same_comp=45 broad_reject=31 narrow_checked=45 active=1
  OverlapDiag Active Pairs: none

  --- ACTIVE GENE MAP ---
    Gene  0 (Pair  2- 1): choice=2 (inl=70)
    Gene  2 (Pair  4- 1): choice=4 (inl=63)
    Gene  3 (Pair  5- 1): choice=1 (inl=76)
    Gene  6 (Pair  9- 1): choice=2 (inl=40)
    Gene 18 (Pair  5- 3): choice=6 (inl=36)
    Gene 19 (Pair  7- 3): choice=3 (inl=86)
    Gene 20 (Pair  8- 3): choice=7 (inl=22)
    Gene 22 (Pair 10- 3): choice=1 (inl=38)
    Gene 23 (Pair 11- 3): choice=2 (inl=41)
    Gene 30 (Pair  6- 5): choice=1 (inl=34)

  --- SHARD 4 CANDIDATE ANALYSIS ---
    Pair (4-1): Selected=4 / 4 choices
      Choice 1: inliners=32
      Choice 2: inliners=67
      Choice 3: inliners=72
      Choice 4: inliners=63 [SELECTED]
    Pair (4-2): Selected=0 / 5 choices
      Choice 1: inliners=12
      Choice 2: inliners=32
      Choice 3: inliners=20
      Choice 4: inliners=24
      Choice 5: inliners=58
    Pair (4-3): Selected=0 / 4 choices
      Choice 1: inliners=50
      Choice 2: inliners=34
      Choice 3: inliners=56
      Choice 4: inliners=34
    Pair (5-4): Selected=0 / 2 choices
      Choice 1: inliners=70
      Choice 2: inliners=77
    Pair (7-4): Selected=0 / 1 choices
      Choice 1: inliners=36
    Pair (8-4): Selected=0 / 5 choices
      Choice 1: inliners=0
      Choice 2: inliners=47
      Choice 3: inliners=14
      Choice 4: inliners=36
      Choice 5: inliners=36
    Pair (9-4): Selected=0 / 8 choices
      Choice 1: inliners=42
      Choice 2: inliners=20
      Choice 3: inliners=32
      Choice 4: inliners=38
      Choice 5: inliners=0
      Choice 6: inliners=36
      Choice 7: inliners=22
      Choice 8: inliners=28
    Pair (10-4): Selected=0 / 2 choices
      Choice 1: inliners=28
      Choice 2: inliners=26
    Pair (11-4): Selected=0 / 3 choices
      Choice 1: inliners=16
      Choice 2: inliners=14
      Choice 3: inliners=36


--- GENERATION 100 BEST BREAKDOWN ---
  Total Fitness: 596.70
  Inlier Reward: 367.49
  Cycle Penalty: 0.00
  Overlap Penalty: 0.00
  Edge Residual Penalty: 0.00
  Edge Rot Residual Penalty: 0.00
  Connectivity Reward: 0.00
  Component Penalty: 0.00
  Consensus Support Reward: 229.21
  Largest Component: 11
  Num Components: 1
  Active Pairs: 10
  OverlapDiag Sum (indexed): 0.0000 (delta_vs_fitness=0.0000)
  OverlapDiag Pairs: total=45 same_comp=45 broad_reject=31 narrow_checked=45 active=1
  OverlapDiag Active Pairs: none

  --- ACTIVE GENE MAP ---
    Gene  0 (Pair  2- 1): choice=2 (inl=70)
    Gene  2 (Pair  4- 1): choice=4 (inl=63)
    Gene  3 (Pair  5- 1): choice=1 (inl=76)
    Gene  6 (Pair  9- 1): choice=2 (inl=40)
    Gene 18 (Pair  5- 3): choice=6 (inl=36)
    Gene 19 (Pair  7- 3): choice=3 (inl=86)
    Gene 20 (Pair  8- 3): choice=7 (inl=22)
    Gene 22 (Pair 10- 3): choice=1 (inl=38)
    Gene 23 (Pair 11- 3): choice=2 (inl=41)
    Gene 30 (Pair  6- 5): choice=1 (inl=34)

  --- SHARD 4 CANDIDATE ANALYSIS ---
    Pair (4-1): Selected=4 / 4 choices
      Choice 1: inliners=32
      Choice 2: inliners=67
      Choice 3: inliners=72
      Choice 4: inliners=63 [SELECTED]
    Pair (4-2): Selected=0 / 5 choices
      Choice 1: inliners=12
      Choice 2: inliners=32
      Choice 3: inliners=20
      Choice 4: inliners=24
      Choice 5: inliners=58
    Pair (4-3): Selected=0 / 4 choices
      Choice 1: inliners=50
      Choice 2: inliners=34
      Choice 3: inliners=56
      Choice 4: inliners=34
    Pair (5-4): Selected=0 / 2 choices
      Choice 1: inliners=70
      Choice 2: inliners=77
    Pair (7-4): Selected=0 / 1 choices
      Choice 1: inliners=36
    Pair (8-4): Selected=0 / 5 choices
      Choice 1: inliners=0
      Choice 2: inliners=47
      Choice 3: inliners=14
      Choice 4: inliners=36
      Choice 5: inliners=36
    Pair (9-4): Selected=0 / 8 choices
      Choice 1: inliners=42
      Choice 2: inliners=20
      Choice 3: inliners=32
      Choice 4: inliners=38
      Choice 5: inliners=0
      Choice 6: inliners=36
      Choice 7: inliners=22
      Choice 8: inliners=28
    Pair (10-4): Selected=0 / 2 choices
      Choice 1: inliners=28
      Choice 2: inliners=26
    Pair (11-4): Selected=0 / 3 choices
      Choice 1: inliners=16
      Choice 2: inliners=14
      Choice 3: inliners=36


--- GENERATION 110 BEST BREAKDOWN ---
  Total Fitness: 596.70
  Inlier Reward: 367.49
  Cycle Penalty: 0.00
  Overlap Penalty: 0.00
  Edge Residual Penalty: 0.00
  Edge Rot Residual Penalty: 0.00
  Connectivity Reward: 0.00
  Component Penalty: 0.00
  Consensus Support Reward: 229.21
  Largest Component: 11
  Num Components: 1
  Active Pairs: 10
  OverlapDiag Sum (indexed): 0.0000 (delta_vs_fitness=0.0000)
  OverlapDiag Pairs: total=45 same_comp=45 broad_reject=31 narrow_checked=45 active=1
  OverlapDiag Active Pairs: none

  --- ACTIVE GENE MAP ---
    Gene  0 (Pair  2- 1): choice=2 (inl=70)
    Gene  2 (Pair  4- 1): choice=4 (inl=63)
    Gene  3 (Pair  5- 1): choice=1 (inl=76)
    Gene  6 (Pair  9- 1): choice=2 (inl=40)
    Gene 18 (Pair  5- 3): choice=6 (inl=36)
    Gene 19 (Pair  7- 3): choice=3 (inl=86)
    Gene 20 (Pair  8- 3): choice=7 (inl=22)
    Gene 22 (Pair 10- 3): choice=1 (inl=38)
    Gene 23 (Pair 11- 3): choice=2 (inl=41)
    Gene 30 (Pair  6- 5): choice=1 (inl=34)

  --- SHARD 4 CANDIDATE ANALYSIS ---
    Pair (4-1): Selected=4 / 4 choices
      Choice 1: inliners=32
      Choice 2: inliners=67
      Choice 3: inliners=72
      Choice 4: inliners=63 [SELECTED]
    Pair (4-2): Selected=0 / 5 choices
      Choice 1: inliners=12
      Choice 2: inliners=32
      Choice 3: inliners=20
      Choice 4: inliners=24
      Choice 5: inliners=58
    Pair (4-3): Selected=0 / 4 choices
      Choice 1: inliners=50
      Choice 2: inliners=34
      Choice 3: inliners=56
      Choice 4: inliners=34
    Pair (5-4): Selected=0 / 2 choices
      Choice 1: inliners=70
      Choice 2: inliners=77
    Pair (7-4): Selected=0 / 1 choices
      Choice 1: inliners=36
    Pair (8-4): Selected=0 / 5 choices
      Choice 1: inliners=0
      Choice 2: inliners=47
      Choice 3: inliners=14
      Choice 4: inliners=36
      Choice 5: inliners=36
    Pair (9-4): Selected=0 / 8 choices
      Choice 1: inliners=42
      Choice 2: inliners=20
      Choice 3: inliners=32
      Choice 4: inliners=38
      Choice 5: inliners=0
      Choice 6: inliners=36
      Choice 7: inliners=22
      Choice 8: inliners=28
    Pair (10-4): Selected=0 / 2 choices
      Choice 1: inliners=28
      Choice 2: inliners=26
    Pair (11-4): Selected=0 / 3 choices
      Choice 1: inliners=16
      Choice 2: inliners=14
      Choice 3: inliners=36


--- GENERATION 120 BEST BREAKDOWN ---
  Total Fitness: 596.70
  Inlier Reward: 367.49
  Cycle Penalty: 0.00
  Overlap Penalty: 0.00
  Edge Residual Penalty: 0.00
  Edge Rot Residual Penalty: 0.00
  Connectivity Reward: 0.00
  Component Penalty: 0.00
  Consensus Support Reward: 229.21
  Largest Component: 11
  Num Components: 1
  Active Pairs: 10
  OverlapDiag Sum (indexed): 0.0000 (delta_vs_fitness=0.0000)
  OverlapDiag Pairs: total=45 same_comp=45 broad_reject=31 narrow_checked=45 active=1
  OverlapDiag Active Pairs: none

  --- ACTIVE GENE MAP ---
    Gene  0 (Pair  2- 1): choice=2 (inl=70)
    Gene  2 (Pair  4- 1): choice=4 (inl=63)
    Gene  3 (Pair  5- 1): choice=1 (inl=76)
    Gene  6 (Pair  9- 1): choice=2 (inl=40)
    Gene 18 (Pair  5- 3): choice=6 (inl=36)
    Gene 19 (Pair  7- 3): choice=3 (inl=86)
    Gene 20 (Pair  8- 3): choice=7 (inl=22)
    Gene 22 (Pair 10- 3): choice=1 (inl=38)
    Gene 23 (Pair 11- 3): choice=2 (inl=41)
    Gene 30 (Pair  6- 5): choice=1 (inl=34)

  --- SHARD 4 CANDIDATE ANALYSIS ---
    Pair (4-1): Selected=4 / 4 choices
      Choice 1: inliners=32
      Choice 2: inliners=67
      Choice 3: inliners=72
      Choice 4: inliners=63 [SELECTED]
    Pair (4-2): Selected=0 / 5 choices
      Choice 1: inliners=12
      Choice 2: inliners=32
      Choice 3: inliners=20
      Choice 4: inliners=24
      Choice 5: inliners=58
    Pair (4-3): Selected=0 / 4 choices
      Choice 1: inliners=50
      Choice 2: inliners=34
      Choice 3: inliners=56
      Choice 4: inliners=34
    Pair (5-4): Selected=0 / 2 choices
      Choice 1: inliners=70
      Choice 2: inliners=77
    Pair (7-4): Selected=0 / 1 choices
      Choice 1: inliners=36
    Pair (8-4): Selected=0 / 5 choices
      Choice 1: inliners=0
      Choice 2: inliners=47
      Choice 3: inliners=14
      Choice 4: inliners=36
      Choice 5: inliners=36
    Pair (9-4): Selected=0 / 8 choices
      Choice 1: inliners=42
      Choice 2: inliners=20
      Choice 3: inliners=32
      Choice 4: inliners=38
      Choice 5: inliners=0
      Choice 6: inliners=36
      Choice 7: inliners=22
      Choice 8: inliners=28
    Pair (10-4): Selected=0 / 2 choices
      Choice 1: inliners=28
      Choice 2: inliners=26
    Pair (11-4): Selected=0 / 3 choices
      Choice 1: inliners=16
      Choice 2: inliners=14
      Choice 3: inliners=36


--- GENERATION 130 BEST BREAKDOWN ---
  Total Fitness: 596.70
  Inlier Reward: 367.49
  Cycle Penalty: 0.00
  Overlap Penalty: 0.00
  Edge Residual Penalty: 0.00
  Edge Rot Residual Penalty: 0.00
  Connectivity Reward: 0.00
  Component Penalty: 0.00
  Consensus Support Reward: 229.21
  Largest Component: 11
  Num Components: 1
  Active Pairs: 10
  OverlapDiag Sum (indexed): 0.0000 (delta_vs_fitness=0.0000)
  OverlapDiag Pairs: total=45 same_comp=45 broad_reject=31 narrow_checked=45 active=1
  OverlapDiag Active Pairs: none

  --- ACTIVE GENE MAP ---
    Gene  0 (Pair  2- 1): choice=2 (inl=70)
    Gene  2 (Pair  4- 1): choice=4 (inl=63)
    Gene  3 (Pair  5- 1): choice=1 (inl=76)
    Gene  6 (Pair  9- 1): choice=2 (inl=40)
    Gene 18 (Pair  5- 3): choice=6 (inl=36)
    Gene 19 (Pair  7- 3): choice=3 (inl=86)
    Gene 20 (Pair  8- 3): choice=7 (inl=22)
    Gene 22 (Pair 10- 3): choice=1 (inl=38)
    Gene 23 (Pair 11- 3): choice=2 (inl=41)
    Gene 30 (Pair  6- 5): choice=1 (inl=34)

  --- SHARD 4 CANDIDATE ANALYSIS ---
    Pair (4-1): Selected=4 / 4 choices
      Choice 1: inliners=32
      Choice 2: inliners=67
      Choice 3: inliners=72
      Choice 4: inliners=63 [SELECTED]
    Pair (4-2): Selected=0 / 5 choices
      Choice 1: inliners=12
      Choice 2: inliners=32
      Choice 3: inliners=20
      Choice 4: inliners=24
      Choice 5: inliners=58
    Pair (4-3): Selected=0 / 4 choices
      Choice 1: inliners=50
      Choice 2: inliners=34
      Choice 3: inliners=56
      Choice 4: inliners=34
    Pair (5-4): Selected=0 / 2 choices
      Choice 1: inliners=70
      Choice 2: inliners=77
    Pair (7-4): Selected=0 / 1 choices
      Choice 1: inliners=36
    Pair (8-4): Selected=0 / 5 choices
      Choice 1: inliners=0
      Choice 2: inliners=47
      Choice 3: inliners=14
      Choice 4: inliners=36
      Choice 5: inliners=36
    Pair (9-4): Selected=0 / 8 choices
      Choice 1: inliners=42
      Choice 2: inliners=20
      Choice 3: inliners=32
      Choice 4: inliners=38
      Choice 5: inliners=0
      Choice 6: inliners=36
      Choice 7: inliners=22
      Choice 8: inliners=28
    Pair (10-4): Selected=0 / 2 choices
      Choice 1: inliners=28
      Choice 2: inliners=26
    Pair (11-4): Selected=0 / 3 choices
      Choice 1: inliners=16
      Choice 2: inliners=14
      Choice 3: inliners=36


--- GENERATION 140 BEST BREAKDOWN ---
  Total Fitness: 658.87
  Inlier Reward: 352.22
  Cycle Penalty: 0.00
  Overlap Penalty: 0.00
  Edge Residual Penalty: 0.00
  Edge Rot Residual Penalty: 0.00
  Connectivity Reward: 0.00
  Component Penalty: 0.00
  Consensus Support Reward: 306.65
  Largest Component: 11
  Num Components: 1
  Active Pairs: 10
  OverlapDiag Sum (indexed): 0.0000 (delta_vs_fitness=0.0000)
  OverlapDiag Pairs: total=45 same_comp=45 broad_reject=29 narrow_checked=45 active=1
  OverlapDiag Active Pairs: none

  --- ACTIVE GENE MAP ---
    Gene  1 (Pair  3- 1): choice=9 (inl=77)
    Gene  2 (Pair  4- 1): choice=3 (inl=72)
    Gene  6 (Pair  9- 1): choice=2 (inl=40)
    Gene 15 (Pair 10- 2): choice=2 (inl=42)
    Gene 18 (Pair  5- 3): choice=6 (inl=36)
    Gene 19 (Pair  7- 3): choice=3 (inl=86)
    Gene 20 (Pair  8- 3): choice=7 (inl=22)
    Gene 22 (Pair 10- 3): choice=1 (inl=38)
    Gene 23 (Pair 11- 3): choice=2 (inl=41)
    Gene 30 (Pair  6- 5): choice=1 (inl=34)

  --- SHARD 4 CANDIDATE ANALYSIS ---
    Pair (4-1): Selected=3 / 4 choices
      Choice 1: inliners=32
      Choice 2: inliners=67
      Choice 3: inliners=72 [SELECTED]
      Choice 4: inliners=63
    Pair (4-2): Selected=0 / 5 choices
      Choice 1: inliners=12
      Choice 2: inliners=32
      Choice 3: inliners=20
      Choice 4: inliners=24
      Choice 5: inliners=58
    Pair (4-3): Selected=0 / 4 choices
      Choice 1: inliners=50
      Choice 2: inliners=34
      Choice 3: inliners=56
      Choice 4: inliners=34
    Pair (5-4): Selected=0 / 2 choices
      Choice 1: inliners=70
      Choice 2: inliners=77
    Pair (7-4): Selected=0 / 1 choices
      Choice 1: inliners=36
    Pair (8-4): Selected=0 / 5 choices
      Choice 1: inliners=0
      Choice 2: inliners=47
      Choice 3: inliners=14
      Choice 4: inliners=36
      Choice 5: inliners=36
    Pair (9-4): Selected=0 / 8 choices
      Choice 1: inliners=42
      Choice 2: inliners=20
      Choice 3: inliners=32
      Choice 4: inliners=38
      Choice 5: inliners=0
      Choice 6: inliners=36
      Choice 7: inliners=22
      Choice 8: inliners=28
    Pair (10-4): Selected=0 / 2 choices
      Choice 1: inliners=28
      Choice 2: inliners=26
    Pair (11-4): Selected=0 / 3 choices
      Choice 1: inliners=16
      Choice 2: inliners=14
      Choice 3: inliners=36


--- GENERATION 150 BEST BREAKDOWN ---
  Total Fitness: 658.87
  Inlier Reward: 352.22
  Cycle Penalty: 0.00
  Overlap Penalty: 0.00
  Edge Residual Penalty: 0.00
  Edge Rot Residual Penalty: 0.00
  Connectivity Reward: 0.00
  Component Penalty: 0.00
  Consensus Support Reward: 306.65
  Largest Component: 11
  Num Components: 1
  Active Pairs: 10
  OverlapDiag Sum (indexed): 0.0000 (delta_vs_fitness=0.0000)
  OverlapDiag Pairs: total=45 same_comp=45 broad_reject=29 narrow_checked=45 active=1
  OverlapDiag Active Pairs: none

  --- ACTIVE GENE MAP ---
    Gene  1 (Pair  3- 1): choice=9 (inl=77)
    Gene  2 (Pair  4- 1): choice=3 (inl=72)
    Gene  6 (Pair  9- 1): choice=2 (inl=40)
    Gene 15 (Pair 10- 2): choice=2 (inl=42)
    Gene 18 (Pair  5- 3): choice=6 (inl=36)
    Gene 19 (Pair  7- 3): choice=3 (inl=86)
    Gene 20 (Pair  8- 3): choice=7 (inl=22)
    Gene 22 (Pair 10- 3): choice=1 (inl=38)
    Gene 23 (Pair 11- 3): choice=2 (inl=41)
    Gene 30 (Pair  6- 5): choice=1 (inl=34)

  --- SHARD 4 CANDIDATE ANALYSIS ---
    Pair (4-1): Selected=3 / 4 choices
      Choice 1: inliners=32
      Choice 2: inliners=67
      Choice 3: inliners=72 [SELECTED]
      Choice 4: inliners=63
    Pair (4-2): Selected=0 / 5 choices
      Choice 1: inliners=12
      Choice 2: inliners=32
      Choice 3: inliners=20
      Choice 4: inliners=24
      Choice 5: inliners=58
    Pair (4-3): Selected=0 / 4 choices
      Choice 1: inliners=50
      Choice 2: inliners=34
      Choice 3: inliners=56
      Choice 4: inliners=34
    Pair (5-4): Selected=0 / 2 choices
      Choice 1: inliners=70
      Choice 2: inliners=77
    Pair (7-4): Selected=0 / 1 choices
      Choice 1: inliners=36
    Pair (8-4): Selected=0 / 5 choices
      Choice 1: inliners=0
      Choice 2: inliners=47
      Choice 3: inliners=14
      Choice 4: inliners=36
      Choice 5: inliners=36
    Pair (9-4): Selected=0 / 8 choices
      Choice 1: inliners=42
      Choice 2: inliners=20
      Choice 3: inliners=32
      Choice 4: inliners=38
      Choice 5: inliners=0
      Choice 6: inliners=36
      Choice 7: inliners=22
      Choice 8: inliners=28
    Pair (10-4): Selected=0 / 2 choices
      Choice 1: inliners=28
      Choice 2: inliners=26
    Pair (11-4): Selected=0 / 3 choices
      Choice 1: inliners=16
      Choice 2: inliners=14
      Choice 3: inliners=36


--- GENERATION 160 BEST BREAKDOWN ---
  Total Fitness: 658.87
  Inlier Reward: 352.22
  Cycle Penalty: 0.00
  Overlap Penalty: 0.00
  Edge Residual Penalty: 0.00
  Edge Rot Residual Penalty: 0.00
  Connectivity Reward: 0.00
  Component Penalty: 0.00
  Consensus Support Reward: 306.65
  Largest Component: 11
  Num Components: 1
  Active Pairs: 10
  OverlapDiag Sum (indexed): 0.0000 (delta_vs_fitness=0.0000)
  OverlapDiag Pairs: total=45 same_comp=45 broad_reject=29 narrow_checked=45 active=1
  OverlapDiag Active Pairs: none

  --- ACTIVE GENE MAP ---
    Gene  1 (Pair  3- 1): choice=9 (inl=77)
    Gene  2 (Pair  4- 1): choice=3 (inl=72)
    Gene  6 (Pair  9- 1): choice=2 (inl=40)
    Gene 15 (Pair 10- 2): choice=2 (inl=42)
    Gene 18 (Pair  5- 3): choice=6 (inl=36)
    Gene 19 (Pair  7- 3): choice=3 (inl=86)
    Gene 20 (Pair  8- 3): choice=7 (inl=22)
    Gene 22 (Pair 10- 3): choice=1 (inl=38)
    Gene 23 (Pair 11- 3): choice=2 (inl=41)
    Gene 30 (Pair  6- 5): choice=1 (inl=34)

  --- SHARD 4 CANDIDATE ANALYSIS ---
    Pair (4-1): Selected=3 / 4 choices
      Choice 1: inliners=32
      Choice 2: inliners=67
      Choice 3: inliners=72 [SELECTED]
      Choice 4: inliners=63
    Pair (4-2): Selected=0 / 5 choices
      Choice 1: inliners=12
      Choice 2: inliners=32
      Choice 3: inliners=20
      Choice 4: inliners=24
      Choice 5: inliners=58
    Pair (4-3): Selected=0 / 4 choices
      Choice 1: inliners=50
      Choice 2: inliners=34
      Choice 3: inliners=56
      Choice 4: inliners=34
    Pair (5-4): Selected=0 / 2 choices
      Choice 1: inliners=70
      Choice 2: inliners=77
    Pair (7-4): Selected=0 / 1 choices
      Choice 1: inliners=36
    Pair (8-4): Selected=0 / 5 choices
      Choice 1: inliners=0
      Choice 2: inliners=47
      Choice 3: inliners=14
      Choice 4: inliners=36
      Choice 5: inliners=36
    Pair (9-4): Selected=0 / 8 choices
      Choice 1: inliners=42
      Choice 2: inliners=20
      Choice 3: inliners=32
      Choice 4: inliners=38
      Choice 5: inliners=0
      Choice 6: inliners=36
      Choice 7: inliners=22
      Choice 8: inliners=28
    Pair (10-4): Selected=0 / 2 choices
      Choice 1: inliners=28
      Choice 2: inliners=26
    Pair (11-4): Selected=0 / 3 choices
      Choice 1: inliners=16
      Choice 2: inliners=14
      Choice 3: inliners=36


--- GENERATION 170 BEST BREAKDOWN ---
  Total Fitness: 658.87
  Inlier Reward: 352.22
  Cycle Penalty: 0.00
  Overlap Penalty: 0.00
  Edge Residual Penalty: 0.00
  Edge Rot Residual Penalty: 0.00
  Connectivity Reward: 0.00
  Component Penalty: 0.00
  Consensus Support Reward: 306.65
  Largest Component: 11
  Num Components: 1
  Active Pairs: 10
  OverlapDiag Sum (indexed): 0.0000 (delta_vs_fitness=0.0000)
  OverlapDiag Pairs: total=45 same_comp=45 broad_reject=29 narrow_checked=45 active=1
  OverlapDiag Active Pairs: none

  --- ACTIVE GENE MAP ---
    Gene  1 (Pair  3- 1): choice=9 (inl=77)
    Gene  2 (Pair  4- 1): choice=3 (inl=72)
    Gene  6 (Pair  9- 1): choice=2 (inl=40)
    Gene 15 (Pair 10- 2): choice=2 (inl=42)
    Gene 18 (Pair  5- 3): choice=6 (inl=36)
    Gene 19 (Pair  7- 3): choice=3 (inl=86)
    Gene 20 (Pair  8- 3): choice=7 (inl=22)
    Gene 22 (Pair 10- 3): choice=1 (inl=38)
    Gene 23 (Pair 11- 3): choice=2 (inl=41)
    Gene 30 (Pair  6- 5): choice=1 (inl=34)

  --- SHARD 4 CANDIDATE ANALYSIS ---
    Pair (4-1): Selected=3 / 4 choices
      Choice 1: inliners=32
      Choice 2: inliners=67
      Choice 3: inliners=72 [SELECTED]
      Choice 4: inliners=63
    Pair (4-2): Selected=0 / 5 choices
      Choice 1: inliners=12
      Choice 2: inliners=32
      Choice 3: inliners=20
      Choice 4: inliners=24
      Choice 5: inliners=58
    Pair (4-3): Selected=0 / 4 choices
      Choice 1: inliners=50
      Choice 2: inliners=34
      Choice 3: inliners=56
      Choice 4: inliners=34
    Pair (5-4): Selected=0 / 2 choices
      Choice 1: inliners=70
      Choice 2: inliners=77
    Pair (7-4): Selected=0 / 1 choices
      Choice 1: inliners=36
    Pair (8-4): Selected=0 / 5 choices
      Choice 1: inliners=0
      Choice 2: inliners=47
      Choice 3: inliners=14
      Choice 4: inliners=36
      Choice 5: inliners=36
    Pair (9-4): Selected=0 / 8 choices
      Choice 1: inliners=42
      Choice 2: inliners=20
      Choice 3: inliners=32
      Choice 4: inliners=38
      Choice 5: inliners=0
      Choice 6: inliners=36
      Choice 7: inliners=22
      Choice 8: inliners=28
    Pair (10-4): Selected=0 / 2 choices
      Choice 1: inliners=28
      Choice 2: inliners=26
    Pair (11-4): Selected=0 / 3 choices
      Choice 1: inliners=16
      Choice 2: inliners=14
      Choice 3: inliners=36


--- GENERATION 180 BEST BREAKDOWN ---
  Total Fitness: 658.87
  Inlier Reward: 352.22
  Cycle Penalty: 0.00
  Overlap Penalty: 0.00
  Edge Residual Penalty: 0.00
  Edge Rot Residual Penalty: 0.00
  Connectivity Reward: 0.00
  Component Penalty: 0.00
  Consensus Support Reward: 306.65
  Largest Component: 11
  Num Components: 1
  Active Pairs: 10
  OverlapDiag Sum (indexed): 0.0000 (delta_vs_fitness=0.0000)
  OverlapDiag Pairs: total=45 same_comp=45 broad_reject=29 narrow_checked=45 active=1
  OverlapDiag Active Pairs: none

  --- ACTIVE GENE MAP ---
    Gene  1 (Pair  3- 1): choice=9 (inl=77)
    Gene  2 (Pair  4- 1): choice=3 (inl=72)
    Gene  6 (Pair  9- 1): choice=2 (inl=40)
    Gene 15 (Pair 10- 2): choice=2 (inl=42)
    Gene 18 (Pair  5- 3): choice=6 (inl=36)
    Gene 19 (Pair  7- 3): choice=3 (inl=86)
    Gene 20 (Pair  8- 3): choice=7 (inl=22)
    Gene 22 (Pair 10- 3): choice=1 (inl=38)
    Gene 23 (Pair 11- 3): choice=2 (inl=41)
    Gene 30 (Pair  6- 5): choice=1 (inl=34)

  --- SHARD 4 CANDIDATE ANALYSIS ---
    Pair (4-1): Selected=3 / 4 choices
      Choice 1: inliners=32
      Choice 2: inliners=67
      Choice 3: inliners=72 [SELECTED]
      Choice 4: inliners=63
    Pair (4-2): Selected=0 / 5 choices
      Choice 1: inliners=12
      Choice 2: inliners=32
      Choice 3: inliners=20
      Choice 4: inliners=24
      Choice 5: inliners=58
    Pair (4-3): Selected=0 / 4 choices
      Choice 1: inliners=50
      Choice 2: inliners=34
      Choice 3: inliners=56
      Choice 4: inliners=34
    Pair (5-4): Selected=0 / 2 choices
      Choice 1: inliners=70
      Choice 2: inliners=77
    Pair (7-4): Selected=0 / 1 choices
      Choice 1: inliners=36
    Pair (8-4): Selected=0 / 5 choices
      Choice 1: inliners=0
      Choice 2: inliners=47
      Choice 3: inliners=14
      Choice 4: inliners=36
      Choice 5: inliners=36
    Pair (9-4): Selected=0 / 8 choices
      Choice 1: inliners=42
      Choice 2: inliners=20
      Choice 3: inliners=32
      Choice 4: inliners=38
      Choice 5: inliners=0
      Choice 6: inliners=36
      Choice 7: inliners=22
      Choice 8: inliners=28
    Pair (10-4): Selected=0 / 2 choices
      Choice 1: inliners=28
      Choice 2: inliners=26
    Pair (11-4): Selected=0 / 3 choices
      Choice 1: inliners=16
      Choice 2: inliners=14
      Choice 3: inliners=36


--- GENERATION 190 BEST BREAKDOWN ---
  Total Fitness: 658.87
  Inlier Reward: 352.22
  Cycle Penalty: 0.00
  Overlap Penalty: 0.00
  Edge Residual Penalty: 0.00
  Edge Rot Residual Penalty: 0.00
  Connectivity Reward: 0.00
  Component Penalty: 0.00
  Consensus Support Reward: 306.65
  Largest Component: 11
  Num Components: 1
  Active Pairs: 10
  OverlapDiag Sum (indexed): 0.0000 (delta_vs_fitness=0.0000)
  OverlapDiag Pairs: total=45 same_comp=45 broad_reject=29 narrow_checked=45 active=1
  OverlapDiag Active Pairs: none

  --- ACTIVE GENE MAP ---
    Gene  1 (Pair  3- 1): choice=9 (inl=77)
    Gene  2 (Pair  4- 1): choice=3 (inl=72)
    Gene  6 (Pair  9- 1): choice=2 (inl=40)
    Gene 15 (Pair 10- 2): choice=2 (inl=42)
    Gene 18 (Pair  5- 3): choice=6 (inl=36)
    Gene 19 (Pair  7- 3): choice=3 (inl=86)
    Gene 20 (Pair  8- 3): choice=7 (inl=22)
    Gene 22 (Pair 10- 3): choice=1 (inl=38)
    Gene 23 (Pair 11- 3): choice=2 (inl=41)
    Gene 30 (Pair  6- 5): choice=1 (inl=34)

  --- SHARD 4 CANDIDATE ANALYSIS ---
    Pair (4-1): Selected=3 / 4 choices
      Choice 1: inliners=32
      Choice 2: inliners=67
      Choice 3: inliners=72 [SELECTED]
      Choice 4: inliners=63
    Pair (4-2): Selected=0 / 5 choices
      Choice 1: inliners=12
      Choice 2: inliners=32
      Choice 3: inliners=20
      Choice 4: inliners=24
      Choice 5: inliners=58
    Pair (4-3): Selected=0 / 4 choices
      Choice 1: inliners=50
      Choice 2: inliners=34
      Choice 3: inliners=56
      Choice 4: inliners=34
    Pair (5-4): Selected=0 / 2 choices
      Choice 1: inliners=70
      Choice 2: inliners=77
    Pair (7-4): Selected=0 / 1 choices
      Choice 1: inliners=36
    Pair (8-4): Selected=0 / 5 choices
      Choice 1: inliners=0
      Choice 2: inliners=47
      Choice 3: inliners=14
      Choice 4: inliners=36
      Choice 5: inliners=36
    Pair (9-4): Selected=0 / 8 choices
      Choice 1: inliners=42
      Choice 2: inliners=20
      Choice 3: inliners=32
      Choice 4: inliners=38
      Choice 5: inliners=0
      Choice 6: inliners=36
      Choice 7: inliners=22
      Choice 8: inliners=28
    Pair (10-4): Selected=0 / 2 choices
      Choice 1: inliners=28
      Choice 2: inliners=26
    Pair (11-4): Selected=0 / 3 choices
      Choice 1: inliners=16
      Choice 2: inliners=14
      Choice 3: inliners=36


--- GENERATION 200 BEST BREAKDOWN ---
  Total Fitness: 658.87
  Inlier Reward: 352.22
  Cycle Penalty: 0.00
  Overlap Penalty: 0.00
  Edge Residual Penalty: 0.00
  Edge Rot Residual Penalty: 0.00
  Connectivity Reward: 0.00
  Component Penalty: 0.00
  Consensus Support Reward: 306.65
  Largest Component: 11
  Num Components: 1
  Active Pairs: 10
  OverlapDiag Sum (indexed): 0.0000 (delta_vs_fitness=0.0000)
  OverlapDiag Pairs: total=45 same_comp=45 broad_reject=29 narrow_checked=45 active=1
  OverlapDiag Active Pairs: none

  --- ACTIVE GENE MAP ---
    Gene  1 (Pair  3- 1): choice=9 (inl=77)
    Gene  2 (Pair  4- 1): choice=3 (inl=72)
    Gene  6 (Pair  9- 1): choice=2 (inl=40)
    Gene 15 (Pair 10- 2): choice=2 (inl=42)
    Gene 18 (Pair  5- 3): choice=6 (inl=36)
    Gene 19 (Pair  7- 3): choice=3 (inl=86)
    Gene 20 (Pair  8- 3): choice=7 (inl=22)
    Gene 22 (Pair 10- 3): choice=1 (inl=38)
    Gene 23 (Pair 11- 3): choice=2 (inl=41)
    Gene 30 (Pair  6- 5): choice=1 (inl=34)

  --- SHARD 4 CANDIDATE ANALYSIS ---
    Pair (4-1): Selected=3 / 4 choices
      Choice 1: inliners=32
      Choice 2: inliners=67
      Choice 3: inliners=72 [SELECTED]
      Choice 4: inliners=63
    Pair (4-2): Selected=0 / 5 choices
      Choice 1: inliners=12
      Choice 2: inliners=32
      Choice 3: inliners=20
      Choice 4: inliners=24
      Choice 5: inliners=58
    Pair (4-3): Selected=0 / 4 choices
      Choice 1: inliners=50
      Choice 2: inliners=34
      Choice 3: inliners=56
      Choice 4: inliners=34
    Pair (5-4): Selected=0 / 2 choices
      Choice 1: inliners=70
      Choice 2: inliners=77
    Pair (7-4): Selected=0 / 1 choices
      Choice 1: inliners=36
    Pair (8-4): Selected=0 / 5 choices
      Choice 1: inliners=0
      Choice 2: inliners=47
      Choice 3: inliners=14
      Choice 4: inliners=36
      Choice 5: inliners=36
    Pair (9-4): Selected=0 / 8 choices
      Choice 1: inliners=42
      Choice 2: inliners=20
      Choice 3: inliners=32
      Choice 4: inliners=38
      Choice 5: inliners=0
      Choice 6: inliners=36
      Choice 7: inliners=22
      Choice 8: inliners=28
    Pair (10-4): Selected=0 / 2 choices
      Choice 1: inliners=28
      Choice 2: inliners=26
    Pair (11-4): Selected=0 / 3 choices
      Choice 1: inliners=16
      Choice 2: inliners=14
      Choice 3: inliners=36


--- GENERATION 210 BEST BREAKDOWN ---
  Total Fitness: 692.51
  Inlier Reward: 303.03
  Cycle Penalty: 0.00
  Overlap Penalty: 0.00
  Edge Residual Penalty: 0.00
  Edge Rot Residual Penalty: 0.00
  Connectivity Reward: 0.00
  Component Penalty: 0.00
  Consensus Support Reward: 389.49
  Largest Component: 11
  Num Components: 1
  Active Pairs: 10
  OverlapDiag Sum (indexed): 0.0000 (delta_vs_fitness=0.0000)
  OverlapDiag Pairs: total=45 same_comp=45 broad_reject=23 narrow_checked=45 active=1
  OverlapDiag Active Pairs: none

  --- ACTIVE GENE MAP ---
    Gene  1 (Pair  3- 1): choice=9 (inl=77)
    Gene  2 (Pair  4- 1): choice=3 (inl=72)
    Gene  6 (Pair  9- 1): choice=2 (inl=40)
    Gene 15 (Pair 10- 2): choice=2 (inl=42)
    Gene 18 (Pair  5- 3): choice=6 (inl=36)
    Gene 20 (Pair  8- 3): choice=7 (inl=22)
    Gene 22 (Pair 10- 3): choice=1 (inl=38)
    Gene 23 (Pair 11- 3): choice=2 (inl=41)
    Gene 30 (Pair  6- 5): choice=1 (inl=34)
    Gene 37 (Pair  8- 7): choice=1 (inl=28)

  --- SHARD 4 CANDIDATE ANALYSIS ---
    Pair (4-1): Selected=3 / 4 choices
      Choice 1: inliners=32
      Choice 2: inliners=67
      Choice 3: inliners=72 [SELECTED]
      Choice 4: inliners=63
    Pair (4-2): Selected=0 / 5 choices
      Choice 1: inliners=12
      Choice 2: inliners=32
      Choice 3: inliners=20
      Choice 4: inliners=24
      Choice 5: inliners=58
    Pair (4-3): Selected=0 / 4 choices
      Choice 1: inliners=50
      Choice 2: inliners=34
      Choice 3: inliners=56
      Choice 4: inliners=34
    Pair (5-4): Selected=0 / 2 choices
      Choice 1: inliners=70
      Choice 2: inliners=77
    Pair (7-4): Selected=0 / 1 choices
      Choice 1: inliners=36
    Pair (8-4): Selected=0 / 5 choices
      Choice 1: inliners=0
      Choice 2: inliners=47
      Choice 3: inliners=14
      Choice 4: inliners=36
      Choice 5: inliners=36
    Pair (9-4): Selected=0 / 8 choices
      Choice 1: inliners=42
      Choice 2: inliners=20
      Choice 3: inliners=32
      Choice 4: inliners=38
      Choice 5: inliners=0
      Choice 6: inliners=36
      Choice 7: inliners=22
      Choice 8: inliners=28
    Pair (10-4): Selected=0 / 2 choices
      Choice 1: inliners=28
      Choice 2: inliners=26
    Pair (11-4): Selected=0 / 3 choices
      Choice 1: inliners=16
      Choice 2: inliners=14
      Choice 3: inliners=36


--- GENERATION 220 BEST BREAKDOWN ---
  Total Fitness: 692.51
  Inlier Reward: 303.03
  Cycle Penalty: 0.00
  Overlap Penalty: 0.00
  Edge Residual Penalty: 0.00
  Edge Rot Residual Penalty: 0.00
  Connectivity Reward: 0.00
  Component Penalty: 0.00
  Consensus Support Reward: 389.49
  Largest Component: 11
  Num Components: 1
  Active Pairs: 10
  OverlapDiag Sum (indexed): 0.0000 (delta_vs_fitness=0.0000)
  OverlapDiag Pairs: total=45 same_comp=45 broad_reject=23 narrow_checked=45 active=1
  OverlapDiag Active Pairs: none

  --- ACTIVE GENE MAP ---
    Gene  1 (Pair  3- 1): choice=9 (inl=77)
    Gene  2 (Pair  4- 1): choice=3 (inl=72)
    Gene  6 (Pair  9- 1): choice=2 (inl=40)
    Gene 15 (Pair 10- 2): choice=2 (inl=42)
    Gene 18 (Pair  5- 3): choice=6 (inl=36)
    Gene 20 (Pair  8- 3): choice=7 (inl=22)
    Gene 22 (Pair 10- 3): choice=1 (inl=38)
    Gene 23 (Pair 11- 3): choice=2 (inl=41)
    Gene 30 (Pair  6- 5): choice=1 (inl=34)
    Gene 37 (Pair  8- 7): choice=1 (inl=28)

  --- SHARD 4 CANDIDATE ANALYSIS ---
    Pair (4-1): Selected=3 / 4 choices
      Choice 1: inliners=32
      Choice 2: inliners=67
      Choice 3: inliners=72 [SELECTED]
      Choice 4: inliners=63
    Pair (4-2): Selected=0 / 5 choices
      Choice 1: inliners=12
      Choice 2: inliners=32
      Choice 3: inliners=20
      Choice 4: inliners=24
      Choice 5: inliners=58
    Pair (4-3): Selected=0 / 4 choices
      Choice 1: inliners=50
      Choice 2: inliners=34
      Choice 3: inliners=56
      Choice 4: inliners=34
    Pair (5-4): Selected=0 / 2 choices
      Choice 1: inliners=70
      Choice 2: inliners=77
    Pair (7-4): Selected=0 / 1 choices
      Choice 1: inliners=36
    Pair (8-4): Selected=0 / 5 choices
      Choice 1: inliners=0
      Choice 2: inliners=47
      Choice 3: inliners=14
      Choice 4: inliners=36
      Choice 5: inliners=36
    Pair (9-4): Selected=0 / 8 choices
      Choice 1: inliners=42
      Choice 2: inliners=20
      Choice 3: inliners=32
      Choice 4: inliners=38
      Choice 5: inliners=0
      Choice 6: inliners=36
      Choice 7: inliners=22
      Choice 8: inliners=28
    Pair (10-4): Selected=0 / 2 choices
      Choice 1: inliners=28
      Choice 2: inliners=26
    Pair (11-4): Selected=0 / 3 choices
      Choice 1: inliners=16
      Choice 2: inliners=14
      Choice 3: inliners=36


--- GENERATION 230 BEST BREAKDOWN ---
  Total Fitness: 692.51
  Inlier Reward: 303.03
  Cycle Penalty: 0.00
  Overlap Penalty: 0.00
  Edge Residual Penalty: 0.00
  Edge Rot Residual Penalty: 0.00
  Connectivity Reward: 0.00
  Component Penalty: 0.00
  Consensus Support Reward: 389.49
  Largest Component: 11
  Num Components: 1
  Active Pairs: 10
  OverlapDiag Sum (indexed): 0.0000 (delta_vs_fitness=0.0000)
  OverlapDiag Pairs: total=45 same_comp=45 broad_reject=23 narrow_checked=45 active=1
  OverlapDiag Active Pairs: none

  --- ACTIVE GENE MAP ---
    Gene  1 (Pair  3- 1): choice=9 (inl=77)
    Gene  2 (Pair  4- 1): choice=3 (inl=72)
    Gene  6 (Pair  9- 1): choice=2 (inl=40)
    Gene 15 (Pair 10- 2): choice=2 (inl=42)
    Gene 18 (Pair  5- 3): choice=6 (inl=36)
    Gene 20 (Pair  8- 3): choice=7 (inl=22)
    Gene 22 (Pair 10- 3): choice=1 (inl=38)
    Gene 23 (Pair 11- 3): choice=2 (inl=41)
    Gene 30 (Pair  6- 5): choice=1 (inl=34)
    Gene 37 (Pair  8- 7): choice=1 (inl=28)

  --- SHARD 4 CANDIDATE ANALYSIS ---
    Pair (4-1): Selected=3 / 4 choices
      Choice 1: inliners=32
      Choice 2: inliners=67
      Choice 3: inliners=72 [SELECTED]
      Choice 4: inliners=63
    Pair (4-2): Selected=0 / 5 choices
      Choice 1: inliners=12
      Choice 2: inliners=32
      Choice 3: inliners=20
      Choice 4: inliners=24
      Choice 5: inliners=58
    Pair (4-3): Selected=0 / 4 choices
      Choice 1: inliners=50
      Choice 2: inliners=34
      Choice 3: inliners=56
      Choice 4: inliners=34
    Pair (5-4): Selected=0 / 2 choices
      Choice 1: inliners=70
      Choice 2: inliners=77
    Pair (7-4): Selected=0 / 1 choices
      Choice 1: inliners=36
    Pair (8-4): Selected=0 / 5 choices
      Choice 1: inliners=0
      Choice 2: inliners=47
      Choice 3: inliners=14
      Choice 4: inliners=36
      Choice 5: inliners=36
    Pair (9-4): Selected=0 / 8 choices
      Choice 1: inliners=42
      Choice 2: inliners=20
      Choice 3: inliners=32
      Choice 4: inliners=38
      Choice 5: inliners=0
      Choice 6: inliners=36
      Choice 7: inliners=22
      Choice 8: inliners=28
    Pair (10-4): Selected=0 / 2 choices
      Choice 1: inliners=28
      Choice 2: inliners=26
    Pair (11-4): Selected=0 / 3 choices
      Choice 1: inliners=16
      Choice 2: inliners=14
      Choice 3: inliners=36


--- GENERATION 240 BEST BREAKDOWN ---
  Total Fitness: 703.28
  Inlier Reward: 313.79
  Cycle Penalty: 0.00
  Overlap Penalty: 0.00
  Edge Residual Penalty: 0.00
  Edge Rot Residual Penalty: 0.00
  Connectivity Reward: 0.00
  Component Penalty: 0.00
  Consensus Support Reward: 389.49
  Largest Component: 11
  Num Components: 1
  Active Pairs: 10
  OverlapDiag Sum (indexed): 0.0000 (delta_vs_fitness=0.0000)
  OverlapDiag Pairs: total=45 same_comp=45 broad_reject=22 narrow_checked=45 active=1
  OverlapDiag Active Pairs: none

  --- ACTIVE GENE MAP ---
    Gene  1 (Pair  3- 1): choice=9 (inl=77)
    Gene  2 (Pair  4- 1): choice=3 (inl=72)
    Gene 15 (Pair 10- 2): choice=2 (inl=42)
    Gene 18 (Pair  5- 3): choice=6 (inl=36)
    Gene 20 (Pair  8- 3): choice=7 (inl=22)
    Gene 22 (Pair 10- 3): choice=1 (inl=38)
    Gene 23 (Pair 11- 3): choice=2 (inl=41)
    Gene 30 (Pair  6- 5): choice=1 (inl=34)
    Gene 37 (Pair  8- 7): choice=1 (inl=28)
    Gene 41 (Pair  9- 8): choice=12 (inl=56)

  --- SHARD 4 CANDIDATE ANALYSIS ---
    Pair (4-1): Selected=3 / 4 choices
      Choice 1: inliners=32
      Choice 2: inliners=67
      Choice 3: inliners=72 [SELECTED]
      Choice 4: inliners=63
    Pair (4-2): Selected=0 / 5 choices
      Choice 1: inliners=12
      Choice 2: inliners=32
      Choice 3: inliners=20
      Choice 4: inliners=24
      Choice 5: inliners=58
    Pair (4-3): Selected=0 / 4 choices
      Choice 1: inliners=50
      Choice 2: inliners=34
      Choice 3: inliners=56
      Choice 4: inliners=34
    Pair (5-4): Selected=0 / 2 choices
      Choice 1: inliners=70
      Choice 2: inliners=77
    Pair (7-4): Selected=0 / 1 choices
      Choice 1: inliners=36
    Pair (8-4): Selected=0 / 5 choices
      Choice 1: inliners=0
      Choice 2: inliners=47
      Choice 3: inliners=14
      Choice 4: inliners=36
      Choice 5: inliners=36
    Pair (9-4): Selected=0 / 8 choices
      Choice 1: inliners=42
      Choice 2: inliners=20
      Choice 3: inliners=32
      Choice 4: inliners=38
      Choice 5: inliners=0
      Choice 6: inliners=36
      Choice 7: inliners=22
      Choice 8: inliners=28
    Pair (10-4): Selected=0 / 2 choices
      Choice 1: inliners=28
      Choice 2: inliners=26
    Pair (11-4): Selected=0 / 3 choices
      Choice 1: inliners=16
      Choice 2: inliners=14
      Choice 3: inliners=36


--- GENERATION 250 BEST BREAKDOWN ---
  Total Fitness: 703.28
  Inlier Reward: 313.79
  Cycle Penalty: 0.00
  Overlap Penalty: 0.00
  Edge Residual Penalty: 0.00
  Edge Rot Residual Penalty: 0.00
  Connectivity Reward: 0.00
  Component Penalty: 0.00
  Consensus Support Reward: 389.49
  Largest Component: 11
  Num Components: 1
  Active Pairs: 10
  OverlapDiag Sum (indexed): 0.0000 (delta_vs_fitness=0.0000)
  OverlapDiag Pairs: total=45 same_comp=45 broad_reject=22 narrow_checked=45 active=1
  OverlapDiag Active Pairs: none

  --- ACTIVE GENE MAP ---
    Gene  1 (Pair  3- 1): choice=9 (inl=77)
    Gene  2 (Pair  4- 1): choice=3 (inl=72)
    Gene 15 (Pair 10- 2): choice=2 (inl=42)
    Gene 18 (Pair  5- 3): choice=6 (inl=36)
    Gene 20 (Pair  8- 3): choice=7 (inl=22)
    Gene 22 (Pair 10- 3): choice=1 (inl=38)
    Gene 23 (Pair 11- 3): choice=2 (inl=41)
    Gene 30 (Pair  6- 5): choice=1 (inl=34)
    Gene 37 (Pair  8- 7): choice=1 (inl=28)
    Gene 41 (Pair  9- 8): choice=12 (inl=56)

  --- SHARD 4 CANDIDATE ANALYSIS ---
    Pair (4-1): Selected=3 / 4 choices
      Choice 1: inliners=32
      Choice 2: inliners=67
      Choice 3: inliners=72 [SELECTED]
      Choice 4: inliners=63
    Pair (4-2): Selected=0 / 5 choices
      Choice 1: inliners=12
      Choice 2: inliners=32
      Choice 3: inliners=20
      Choice 4: inliners=24
      Choice 5: inliners=58
    Pair (4-3): Selected=0 / 4 choices
      Choice 1: inliners=50
      Choice 2: inliners=34
      Choice 3: inliners=56
      Choice 4: inliners=34
    Pair (5-4): Selected=0 / 2 choices
      Choice 1: inliners=70
      Choice 2: inliners=77
    Pair (7-4): Selected=0 / 1 choices
      Choice 1: inliners=36
    Pair (8-4): Selected=0 / 5 choices
      Choice 1: inliners=0
      Choice 2: inliners=47
      Choice 3: inliners=14
      Choice 4: inliners=36
      Choice 5: inliners=36
    Pair (9-4): Selected=0 / 8 choices
      Choice 1: inliners=42
      Choice 2: inliners=20
      Choice 3: inliners=32
      Choice 4: inliners=38
      Choice 5: inliners=0
      Choice 6: inliners=36
      Choice 7: inliners=22
      Choice 8: inliners=28
    Pair (10-4): Selected=0 / 2 choices
      Choice 1: inliners=28
      Choice 2: inliners=26
    Pair (11-4): Selected=0 / 3 choices
      Choice 1: inliners=16
      Choice 2: inliners=14
      Choice 3: inliners=36


--- GENERATION 260 BEST BREAKDOWN ---
  Total Fitness: 703.28
  Inlier Reward: 313.79
  Cycle Penalty: 0.00
  Overlap Penalty: 0.00
  Edge Residual Penalty: 0.00
  Edge Rot Residual Penalty: 0.00
  Connectivity Reward: 0.00
  Component Penalty: 0.00
  Consensus Support Reward: 389.49
  Largest Component: 11
  Num Components: 1
  Active Pairs: 10
  OverlapDiag Sum (indexed): 0.0000 (delta_vs_fitness=0.0000)
  OverlapDiag Pairs: total=45 same_comp=45 broad_reject=22 narrow_checked=45 active=1
  OverlapDiag Active Pairs: none

  --- ACTIVE GENE MAP ---
    Gene  1 (Pair  3- 1): choice=9 (inl=77)
    Gene  2 (Pair  4- 1): choice=3 (inl=72)
    Gene 15 (Pair 10- 2): choice=2 (inl=42)
    Gene 18 (Pair  5- 3): choice=6 (inl=36)
    Gene 20 (Pair  8- 3): choice=7 (inl=22)
    Gene 22 (Pair 10- 3): choice=1 (inl=38)
    Gene 23 (Pair 11- 3): choice=2 (inl=41)
    Gene 30 (Pair  6- 5): choice=1 (inl=34)
    Gene 37 (Pair  8- 7): choice=1 (inl=28)
    Gene 41 (Pair  9- 8): choice=12 (inl=56)

  --- SHARD 4 CANDIDATE ANALYSIS ---
    Pair (4-1): Selected=3 / 4 choices
      Choice 1: inliners=32
      Choice 2: inliners=67
      Choice 3: inliners=72 [SELECTED]
      Choice 4: inliners=63
    Pair (4-2): Selected=0 / 5 choices
      Choice 1: inliners=12
      Choice 2: inliners=32
      Choice 3: inliners=20
      Choice 4: inliners=24
      Choice 5: inliners=58
    Pair (4-3): Selected=0 / 4 choices
      Choice 1: inliners=50
      Choice 2: inliners=34
      Choice 3: inliners=56
      Choice 4: inliners=34
    Pair (5-4): Selected=0 / 2 choices
      Choice 1: inliners=70
      Choice 2: inliners=77
    Pair (7-4): Selected=0 / 1 choices
      Choice 1: inliners=36
    Pair (8-4): Selected=0 / 5 choices
      Choice 1: inliners=0
      Choice 2: inliners=47
      Choice 3: inliners=14
      Choice 4: inliners=36
      Choice 5: inliners=36
    Pair (9-4): Selected=0 / 8 choices
      Choice 1: inliners=42
      Choice 2: inliners=20
      Choice 3: inliners=32
      Choice 4: inliners=38
      Choice 5: inliners=0
      Choice 6: inliners=36
      Choice 7: inliners=22
      Choice 8: inliners=28
    Pair (10-4): Selected=0 / 2 choices
      Choice 1: inliners=28
      Choice 2: inliners=26
    Pair (11-4): Selected=0 / 3 choices
      Choice 1: inliners=16
      Choice 2: inliners=14
      Choice 3: inliners=36


--- GENERATION 270 BEST BREAKDOWN ---
  Total Fitness: 703.28
  Inlier Reward: 313.79
  Cycle Penalty: 0.00
  Overlap Penalty: 0.00
  Edge Residual Penalty: 0.00
  Edge Rot Residual Penalty: 0.00
  Connectivity Reward: 0.00
  Component Penalty: 0.00
  Consensus Support Reward: 389.49
  Largest Component: 11
  Num Components: 1
  Active Pairs: 10
  OverlapDiag Sum (indexed): 0.0000 (delta_vs_fitness=0.0000)
  OverlapDiag Pairs: total=45 same_comp=45 broad_reject=22 narrow_checked=45 active=1
  OverlapDiag Active Pairs: none

  --- ACTIVE GENE MAP ---
    Gene  1 (Pair  3- 1): choice=9 (inl=77)
    Gene  2 (Pair  4- 1): choice=3 (inl=72)
    Gene 15 (Pair 10- 2): choice=2 (inl=42)
    Gene 18 (Pair  5- 3): choice=6 (inl=36)
    Gene 20 (Pair  8- 3): choice=7 (inl=22)
    Gene 22 (Pair 10- 3): choice=1 (inl=38)
    Gene 23 (Pair 11- 3): choice=2 (inl=41)
    Gene 30 (Pair  6- 5): choice=1 (inl=34)
    Gene 37 (Pair  8- 7): choice=1 (inl=28)
    Gene 41 (Pair  9- 8): choice=12 (inl=56)

  --- SHARD 4 CANDIDATE ANALYSIS ---
    Pair (4-1): Selected=3 / 4 choices
      Choice 1: inliners=32
      Choice 2: inliners=67
      Choice 3: inliners=72 [SELECTED]
      Choice 4: inliners=63
    Pair (4-2): Selected=0 / 5 choices
      Choice 1: inliners=12
      Choice 2: inliners=32
      Choice 3: inliners=20
      Choice 4: inliners=24
      Choice 5: inliners=58
    Pair (4-3): Selected=0 / 4 choices
      Choice 1: inliners=50
      Choice 2: inliners=34
      Choice 3: inliners=56
      Choice 4: inliners=34
    Pair (5-4): Selected=0 / 2 choices
      Choice 1: inliners=70
      Choice 2: inliners=77
    Pair (7-4): Selected=0 / 1 choices
      Choice 1: inliners=36
    Pair (8-4): Selected=0 / 5 choices
      Choice 1: inliners=0
      Choice 2: inliners=47
      Choice 3: inliners=14
      Choice 4: inliners=36
      Choice 5: inliners=36
    Pair (9-4): Selected=0 / 8 choices
      Choice 1: inliners=42
      Choice 2: inliners=20
      Choice 3: inliners=32
      Choice 4: inliners=38
      Choice 5: inliners=0
      Choice 6: inliners=36
      Choice 7: inliners=22
      Choice 8: inliners=28
    Pair (10-4): Selected=0 / 2 choices
      Choice 1: inliners=28
      Choice 2: inliners=26
    Pair (11-4): Selected=0 / 3 choices
      Choice 1: inliners=16
      Choice 2: inliners=14
      Choice 3: inliners=36


--- GENERATION 280 BEST BREAKDOWN ---
  Total Fitness: 703.28
  Inlier Reward: 313.79
  Cycle Penalty: 0.00
  Overlap Penalty: 0.00
  Edge Residual Penalty: 0.00
  Edge Rot Residual Penalty: 0.00
  Connectivity Reward: 0.00
  Component Penalty: 0.00
  Consensus Support Reward: 389.49
  Largest Component: 11
  Num Components: 1
  Active Pairs: 10
  OverlapDiag Sum (indexed): 0.0000 (delta_vs_fitness=0.0000)
  OverlapDiag Pairs: total=45 same_comp=45 broad_reject=22 narrow_checked=45 active=1
  OverlapDiag Active Pairs: none

  --- ACTIVE GENE MAP ---
    Gene  1 (Pair  3- 1): choice=9 (inl=77)
    Gene  2 (Pair  4- 1): choice=3 (inl=72)
    Gene 15 (Pair 10- 2): choice=2 (inl=42)
    Gene 18 (Pair  5- 3): choice=6 (inl=36)
    Gene 20 (Pair  8- 3): choice=7 (inl=22)
    Gene 22 (Pair 10- 3): choice=1 (inl=38)
    Gene 23 (Pair 11- 3): choice=2 (inl=41)
    Gene 30 (Pair  6- 5): choice=1 (inl=34)
    Gene 37 (Pair  8- 7): choice=1 (inl=28)
    Gene 41 (Pair  9- 8): choice=12 (inl=56)

  --- SHARD 4 CANDIDATE ANALYSIS ---
    Pair (4-1): Selected=3 / 4 choices
      Choice 1: inliners=32
      Choice 2: inliners=67
      Choice 3: inliners=72 [SELECTED]
      Choice 4: inliners=63
    Pair (4-2): Selected=0 / 5 choices
      Choice 1: inliners=12
      Choice 2: inliners=32
      Choice 3: inliners=20
      Choice 4: inliners=24
      Choice 5: inliners=58
    Pair (4-3): Selected=0 / 4 choices
      Choice 1: inliners=50
      Choice 2: inliners=34
      Choice 3: inliners=56
      Choice 4: inliners=34
    Pair (5-4): Selected=0 / 2 choices
      Choice 1: inliners=70
      Choice 2: inliners=77
    Pair (7-4): Selected=0 / 1 choices
      Choice 1: inliners=36
    Pair (8-4): Selected=0 / 5 choices
      Choice 1: inliners=0
      Choice 2: inliners=47
      Choice 3: inliners=14
      Choice 4: inliners=36
      Choice 5: inliners=36
    Pair (9-4): Selected=0 / 8 choices
      Choice 1: inliners=42
      Choice 2: inliners=20
      Choice 3: inliners=32
      Choice 4: inliners=38
      Choice 5: inliners=0
      Choice 6: inliners=36
      Choice 7: inliners=22
      Choice 8: inliners=28
    Pair (10-4): Selected=0 / 2 choices
      Choice 1: inliners=28
      Choice 2: inliners=26
    Pair (11-4): Selected=0 / 3 choices
      Choice 1: inliners=16
      Choice 2: inliners=14
      Choice 3: inliners=36


--- GENERATION 290 BEST BREAKDOWN ---
  Total Fitness: 703.28
  Inlier Reward: 313.79
  Cycle Penalty: 0.00
  Overlap Penalty: 0.00
  Edge Residual Penalty: 0.00
  Edge Rot Residual Penalty: 0.00
  Connectivity Reward: 0.00
  Component Penalty: 0.00
  Consensus Support Reward: 389.49
  Largest Component: 11
  Num Components: 1
  Active Pairs: 10
  OverlapDiag Sum (indexed): 0.0000 (delta_vs_fitness=0.0000)
  OverlapDiag Pairs: total=45 same_comp=45 broad_reject=22 narrow_checked=45 active=1
  OverlapDiag Active Pairs: none

  --- ACTIVE GENE MAP ---
    Gene  1 (Pair  3- 1): choice=9 (inl=77)
    Gene  2 (Pair  4- 1): choice=3 (inl=72)
    Gene 15 (Pair 10- 2): choice=2 (inl=42)
    Gene 18 (Pair  5- 3): choice=6 (inl=36)
    Gene 20 (Pair  8- 3): choice=7 (inl=22)
    Gene 22 (Pair 10- 3): choice=1 (inl=38)
    Gene 23 (Pair 11- 3): choice=2 (inl=41)
    Gene 30 (Pair  6- 5): choice=1 (inl=34)
    Gene 37 (Pair  8- 7): choice=1 (inl=28)
    Gene 41 (Pair  9- 8): choice=12 (inl=56)

  --- SHARD 4 CANDIDATE ANALYSIS ---
    Pair (4-1): Selected=3 / 4 choices
      Choice 1: inliners=32
      Choice 2: inliners=67
      Choice 3: inliners=72 [SELECTED]
      Choice 4: inliners=63
    Pair (4-2): Selected=0 / 5 choices
      Choice 1: inliners=12
      Choice 2: inliners=32
      Choice 3: inliners=20
      Choice 4: inliners=24
      Choice 5: inliners=58
    Pair (4-3): Selected=0 / 4 choices
      Choice 1: inliners=50
      Choice 2: inliners=34
      Choice 3: inliners=56
      Choice 4: inliners=34
    Pair (5-4): Selected=0 / 2 choices
      Choice 1: inliners=70
      Choice 2: inliners=77
    Pair (7-4): Selected=0 / 1 choices
      Choice 1: inliners=36
    Pair (8-4): Selected=0 / 5 choices
      Choice 1: inliners=0
      Choice 2: inliners=47
      Choice 3: inliners=14
      Choice 4: inliners=36
      Choice 5: inliners=36
    Pair (9-4): Selected=0 / 8 choices
      Choice 1: inliners=42
      Choice 2: inliners=20
      Choice 3: inliners=32
      Choice 4: inliners=38
      Choice 5: inliners=0
      Choice 6: inliners=36
      Choice 7: inliners=22
      Choice 8: inliners=28
    Pair (10-4): Selected=0 / 2 choices
      Choice 1: inliners=28
      Choice 2: inliners=26
    Pair (11-4): Selected=0 / 3 choices
      Choice 1: inliners=16
      Choice 2: inliners=14
      Choice 3: inliners=36


--- GENERATION 300 BEST BREAKDOWN ---
  Total Fitness: 703.28
  Inlier Reward: 313.79
  Cycle Penalty: 0.00
  Overlap Penalty: 0.00
  Edge Residual Penalty: 0.00
  Edge Rot Residual Penalty: 0.00
  Connectivity Reward: 0.00
  Component Penalty: 0.00
  Consensus Support Reward: 389.49
  Largest Component: 11
  Num Components: 1
  Active Pairs: 10
  OverlapDiag Sum (indexed): 0.0000 (delta_vs_fitness=0.0000)
  OverlapDiag Pairs: total=45 same_comp=45 broad_reject=22 narrow_checked=45 active=1
  OverlapDiag Active Pairs: none

  --- ACTIVE GENE MAP ---
    Gene  1 (Pair  3- 1): choice=9 (inl=77)
    Gene  2 (Pair  4- 1): choice=3 (inl=72)
    Gene 15 (Pair 10- 2): choice=2 (inl=42)
    Gene 18 (Pair  5- 3): choice=6 (inl=36)
    Gene 20 (Pair  8- 3): choice=7 (inl=22)
    Gene 22 (Pair 10- 3): choice=1 (inl=38)
    Gene 23 (Pair 11- 3): choice=2 (inl=41)
    Gene 30 (Pair  6- 5): choice=1 (inl=34)
    Gene 37 (Pair  8- 7): choice=1 (inl=28)
    Gene 41 (Pair  9- 8): choice=12 (inl=56)

  --- SHARD 4 CANDIDATE ANALYSIS ---
    Pair (4-1): Selected=3 / 4 choices
      Choice 1: inliners=32
      Choice 2: inliners=67
      Choice 3: inliners=72 [SELECTED]
      Choice 4: inliners=63
    Pair (4-2): Selected=0 / 5 choices
      Choice 1: inliners=12
      Choice 2: inliners=32
      Choice 3: inliners=20
      Choice 4: inliners=24
      Choice 5: inliners=58
    Pair (4-3): Selected=0 / 4 choices
      Choice 1: inliners=50
      Choice 2: inliners=34
      Choice 3: inliners=56
      Choice 4: inliners=34
    Pair (5-4): Selected=0 / 2 choices
      Choice 1: inliners=70
      Choice 2: inliners=77
    Pair (7-4): Selected=0 / 1 choices
      Choice 1: inliners=36
    Pair (8-4): Selected=0 / 5 choices
      Choice 1: inliners=0
      Choice 2: inliners=47
      Choice 3: inliners=14
      Choice 4: inliners=36
      Choice 5: inliners=36
    Pair (9-4): Selected=0 / 8 choices
      Choice 1: inliners=42
      Choice 2: inliners=20
      Choice 3: inliners=32
      Choice 4: inliners=38
      Choice 5: inliners=0
      Choice 6: inliners=36
      Choice 7: inliners=22
      Choice 8: inliners=28
    Pair (10-4): Selected=0 / 2 choices
      Choice 1: inliners=28
      Choice 2: inliners=26
    Pair (11-4): Selected=0 / 3 choices
      Choice 1: inliners=16
      Choice 2: inliners=14
      Choice 3: inliners=36


--- GENERATION 310 BEST BREAKDOWN ---
  Total Fitness: 703.28
  Inlier Reward: 313.79
  Cycle Penalty: 0.00
  Overlap Penalty: 0.00
  Edge Residual Penalty: 0.00
  Edge Rot Residual Penalty: 0.00
  Connectivity Reward: 0.00
  Component Penalty: 0.00
  Consensus Support Reward: 389.49
  Largest Component: 11
  Num Components: 1
  Active Pairs: 10
  OverlapDiag Sum (indexed): 0.0000 (delta_vs_fitness=0.0000)
  OverlapDiag Pairs: total=45 same_comp=45 broad_reject=22 narrow_checked=45 active=1
  OverlapDiag Active Pairs: none

  --- ACTIVE GENE MAP ---
    Gene  1 (Pair  3- 1): choice=9 (inl=77)
    Gene  2 (Pair  4- 1): choice=3 (inl=72)
    Gene 15 (Pair 10- 2): choice=2 (inl=42)
    Gene 18 (Pair  5- 3): choice=6 (inl=36)
    Gene 20 (Pair  8- 3): choice=7 (inl=22)
    Gene 22 (Pair 10- 3): choice=1 (inl=38)
    Gene 23 (Pair 11- 3): choice=2 (inl=41)
    Gene 30 (Pair  6- 5): choice=1 (inl=34)
    Gene 37 (Pair  8- 7): choice=1 (inl=28)
    Gene 41 (Pair  9- 8): choice=12 (inl=56)

  --- SHARD 4 CANDIDATE ANALYSIS ---
    Pair (4-1): Selected=3 / 4 choices
      Choice 1: inliners=32
      Choice 2: inliners=67
      Choice 3: inliners=72 [SELECTED]
      Choice 4: inliners=63
    Pair (4-2): Selected=0 / 5 choices
      Choice 1: inliners=12
      Choice 2: inliners=32
      Choice 3: inliners=20
      Choice 4: inliners=24
      Choice 5: inliners=58
    Pair (4-3): Selected=0 / 4 choices
      Choice 1: inliners=50
      Choice 2: inliners=34
      Choice 3: inliners=56
      Choice 4: inliners=34
    Pair (5-4): Selected=0 / 2 choices
      Choice 1: inliners=70
      Choice 2: inliners=77
    Pair (7-4): Selected=0 / 1 choices
      Choice 1: inliners=36
    Pair (8-4): Selected=0 / 5 choices
      Choice 1: inliners=0
      Choice 2: inliners=47
      Choice 3: inliners=14
      Choice 4: inliners=36
      Choice 5: inliners=36
    Pair (9-4): Selected=0 / 8 choices
      Choice 1: inliners=42
      Choice 2: inliners=20
      Choice 3: inliners=32
      Choice 4: inliners=38
      Choice 5: inliners=0
      Choice 6: inliners=36
      Choice 7: inliners=22
      Choice 8: inliners=28
    Pair (10-4): Selected=0 / 2 choices
      Choice 1: inliners=28
      Choice 2: inliners=26
    Pair (11-4): Selected=0 / 3 choices
      Choice 1: inliners=16
      Choice 2: inliners=14
      Choice 3: inliners=36


--- GENERATION 320 BEST BREAKDOWN ---
  Total Fitness: 703.28
  Inlier Reward: 313.79
  Cycle Penalty: 0.00
  Overlap Penalty: 0.00
  Edge Residual Penalty: 0.00
  Edge Rot Residual Penalty: 0.00
  Connectivity Reward: 0.00
  Component Penalty: 0.00
  Consensus Support Reward: 389.49
  Largest Component: 11
  Num Components: 1
  Active Pairs: 10
  OverlapDiag Sum (indexed): 0.0000 (delta_vs_fitness=0.0000)
  OverlapDiag Pairs: total=45 same_comp=45 broad_reject=22 narrow_checked=45 active=1
  OverlapDiag Active Pairs: none

  --- ACTIVE GENE MAP ---
    Gene  1 (Pair  3- 1): choice=9 (inl=77)
    Gene  2 (Pair  4- 1): choice=3 (inl=72)
    Gene 15 (Pair 10- 2): choice=2 (inl=42)
    Gene 18 (Pair  5- 3): choice=6 (inl=36)
    Gene 20 (Pair  8- 3): choice=7 (inl=22)
    Gene 22 (Pair 10- 3): choice=1 (inl=38)
    Gene 23 (Pair 11- 3): choice=2 (inl=41)
    Gene 30 (Pair  6- 5): choice=1 (inl=34)
    Gene 37 (Pair  8- 7): choice=1 (inl=28)
    Gene 41 (Pair  9- 8): choice=12 (inl=56)

  --- SHARD 4 CANDIDATE ANALYSIS ---
    Pair (4-1): Selected=3 / 4 choices
      Choice 1: inliners=32
      Choice 2: inliners=67
      Choice 3: inliners=72 [SELECTED]
      Choice 4: inliners=63
    Pair (4-2): Selected=0 / 5 choices
      Choice 1: inliners=12
      Choice 2: inliners=32
      Choice 3: inliners=20
      Choice 4: inliners=24
      Choice 5: inliners=58
    Pair (4-3): Selected=0 / 4 choices
      Choice 1: inliners=50
      Choice 2: inliners=34
      Choice 3: inliners=56
      Choice 4: inliners=34
    Pair (5-4): Selected=0 / 2 choices
      Choice 1: inliners=70
      Choice 2: inliners=77
    Pair (7-4): Selected=0 / 1 choices
      Choice 1: inliners=36
    Pair (8-4): Selected=0 / 5 choices
      Choice 1: inliners=0
      Choice 2: inliners=47
      Choice 3: inliners=14
      Choice 4: inliners=36
      Choice 5: inliners=36
    Pair (9-4): Selected=0 / 8 choices
      Choice 1: inliners=42
      Choice 2: inliners=20
      Choice 3: inliners=32
      Choice 4: inliners=38
      Choice 5: inliners=0
      Choice 6: inliners=36
      Choice 7: inliners=22
      Choice 8: inliners=28
    Pair (10-4): Selected=0 / 2 choices
      Choice 1: inliners=28
      Choice 2: inliners=26
    Pair (11-4): Selected=0 / 3 choices
      Choice 1: inliners=16
      Choice 2: inliners=14
      Choice 3: inliners=36


--- GENERATION 330 BEST BREAKDOWN ---
  Total Fitness: 703.28
  Inlier Reward: 313.79
  Cycle Penalty: 0.00
  Overlap Penalty: 0.00
  Edge Residual Penalty: 0.00
  Edge Rot Residual Penalty: 0.00
  Connectivity Reward: 0.00
  Component Penalty: 0.00
  Consensus Support Reward: 389.49
  Largest Component: 11
  Num Components: 1
  Active Pairs: 10
  OverlapDiag Sum (indexed): 0.0000 (delta_vs_fitness=0.0000)
  OverlapDiag Pairs: total=45 same_comp=45 broad_reject=22 narrow_checked=45 active=1
  OverlapDiag Active Pairs: none

  --- ACTIVE GENE MAP ---
    Gene  1 (Pair  3- 1): choice=9 (inl=77)
    Gene  2 (Pair  4- 1): choice=3 (inl=72)
    Gene 15 (Pair 10- 2): choice=2 (inl=42)
    Gene 18 (Pair  5- 3): choice=6 (inl=36)
    Gene 20 (Pair  8- 3): choice=7 (inl=22)
    Gene 22 (Pair 10- 3): choice=1 (inl=38)
    Gene 23 (Pair 11- 3): choice=2 (inl=41)
    Gene 30 (Pair  6- 5): choice=1 (inl=34)
    Gene 37 (Pair  8- 7): choice=1 (inl=28)
    Gene 41 (Pair  9- 8): choice=12 (inl=56)

  --- SHARD 4 CANDIDATE ANALYSIS ---
    Pair (4-1): Selected=3 / 4 choices
      Choice 1: inliners=32
      Choice 2: inliners=67
      Choice 3: inliners=72 [SELECTED]
      Choice 4: inliners=63
    Pair (4-2): Selected=0 / 5 choices
      Choice 1: inliners=12
      Choice 2: inliners=32
      Choice 3: inliners=20
      Choice 4: inliners=24
      Choice 5: inliners=58
    Pair (4-3): Selected=0 / 4 choices
      Choice 1: inliners=50
      Choice 2: inliners=34
      Choice 3: inliners=56
      Choice 4: inliners=34
    Pair (5-4): Selected=0 / 2 choices
      Choice 1: inliners=70
      Choice 2: inliners=77
    Pair (7-4): Selected=0 / 1 choices
      Choice 1: inliners=36
    Pair (8-4): Selected=0 / 5 choices
      Choice 1: inliners=0
      Choice 2: inliners=47
      Choice 3: inliners=14
      Choice 4: inliners=36
      Choice 5: inliners=36
    Pair (9-4): Selected=0 / 8 choices
      Choice 1: inliners=42
      Choice 2: inliners=20
      Choice 3: inliners=32
      Choice 4: inliners=38
      Choice 5: inliners=0
      Choice 6: inliners=36
      Choice 7: inliners=22
      Choice 8: inliners=28
    Pair (10-4): Selected=0 / 2 choices
      Choice 1: inliners=28
      Choice 2: inliners=26
    Pair (11-4): Selected=0 / 3 choices
      Choice 1: inliners=16
      Choice 2: inliners=14
      Choice 3: inliners=36


--- GENERATION 340 BEST BREAKDOWN ---
  Total Fitness: 703.28
  Inlier Reward: 313.79
  Cycle Penalty: 0.00
  Overlap Penalty: 0.00
  Edge Residual Penalty: 0.00
  Edge Rot Residual Penalty: 0.00
  Connectivity Reward: 0.00
  Component Penalty: 0.00
  Consensus Support Reward: 389.49
  Largest Component: 11
  Num Components: 1
  Active Pairs: 10
  OverlapDiag Sum (indexed): 0.0000 (delta_vs_fitness=0.0000)
  OverlapDiag Pairs: total=45 same_comp=45 broad_reject=22 narrow_checked=45 active=1
  OverlapDiag Active Pairs: none

  --- ACTIVE GENE MAP ---
    Gene  1 (Pair  3- 1): choice=9 (inl=77)
    Gene  2 (Pair  4- 1): choice=3 (inl=72)
    Gene 15 (Pair 10- 2): choice=2 (inl=42)
    Gene 18 (Pair  5- 3): choice=6 (inl=36)
    Gene 20 (Pair  8- 3): choice=7 (inl=22)
    Gene 22 (Pair 10- 3): choice=1 (inl=38)
    Gene 23 (Pair 11- 3): choice=2 (inl=41)
    Gene 30 (Pair  6- 5): choice=1 (inl=34)
    Gene 37 (Pair  8- 7): choice=1 (inl=28)
    Gene 41 (Pair  9- 8): choice=12 (inl=56)

  --- SHARD 4 CANDIDATE ANALYSIS ---
    Pair (4-1): Selected=3 / 4 choices
      Choice 1: inliners=32
      Choice 2: inliners=67
      Choice 3: inliners=72 [SELECTED]
      Choice 4: inliners=63
    Pair (4-2): Selected=0 / 5 choices
      Choice 1: inliners=12
      Choice 2: inliners=32
      Choice 3: inliners=20
      Choice 4: inliners=24
      Choice 5: inliners=58
    Pair (4-3): Selected=0 / 4 choices
      Choice 1: inliners=50
      Choice 2: inliners=34
      Choice 3: inliners=56
      Choice 4: inliners=34
    Pair (5-4): Selected=0 / 2 choices
      Choice 1: inliners=70
      Choice 2: inliners=77
    Pair (7-4): Selected=0 / 1 choices
      Choice 1: inliners=36
    Pair (8-4): Selected=0 / 5 choices
      Choice 1: inliners=0
      Choice 2: inliners=47
      Choice 3: inliners=14
      Choice 4: inliners=36
      Choice 5: inliners=36
    Pair (9-4): Selected=0 / 8 choices
      Choice 1: inliners=42
      Choice 2: inliners=20
      Choice 3: inliners=32
      Choice 4: inliners=38
      Choice 5: inliners=0
      Choice 6: inliners=36
      Choice 7: inliners=22
      Choice 8: inliners=28
    Pair (10-4): Selected=0 / 2 choices
      Choice 1: inliners=28
      Choice 2: inliners=26
    Pair (11-4): Selected=0 / 3 choices
      Choice 1: inliners=16
      Choice 2: inliners=14
      Choice 3: inliners=36


--- GENERATION 350 BEST BREAKDOWN ---
  Total Fitness: 703.28
  Inlier Reward: 313.79
  Cycle Penalty: 0.00
  Overlap Penalty: 0.00
  Edge Residual Penalty: 0.00
  Edge Rot Residual Penalty: 0.00
  Connectivity Reward: 0.00
  Component Penalty: 0.00
  Consensus Support Reward: 389.49
  Largest Component: 11
  Num Components: 1
  Active Pairs: 10
  OverlapDiag Sum (indexed): 0.0000 (delta_vs_fitness=0.0000)
  OverlapDiag Pairs: total=45 same_comp=45 broad_reject=22 narrow_checked=45 active=1
  OverlapDiag Active Pairs: none

  --- ACTIVE GENE MAP ---
    Gene  1 (Pair  3- 1): choice=9 (inl=77)
    Gene  2 (Pair  4- 1): choice=3 (inl=72)
    Gene 15 (Pair 10- 2): choice=2 (inl=42)
    Gene 18 (Pair  5- 3): choice=6 (inl=36)
    Gene 20 (Pair  8- 3): choice=7 (inl=22)
    Gene 22 (Pair 10- 3): choice=1 (inl=38)
    Gene 23 (Pair 11- 3): choice=2 (inl=41)
    Gene 30 (Pair  6- 5): choice=1 (inl=34)
    Gene 37 (Pair  8- 7): choice=1 (inl=28)
    Gene 41 (Pair  9- 8): choice=12 (inl=56)

  --- SHARD 4 CANDIDATE ANALYSIS ---
    Pair (4-1): Selected=3 / 4 choices
      Choice 1: inliners=32
      Choice 2: inliners=67
      Choice 3: inliners=72 [SELECTED]
      Choice 4: inliners=63
    Pair (4-2): Selected=0 / 5 choices
      Choice 1: inliners=12
      Choice 2: inliners=32
      Choice 3: inliners=20
      Choice 4: inliners=24
      Choice 5: inliners=58
    Pair (4-3): Selected=0 / 4 choices
      Choice 1: inliners=50
      Choice 2: inliners=34
      Choice 3: inliners=56
      Choice 4: inliners=34
    Pair (5-4): Selected=0 / 2 choices
      Choice 1: inliners=70
      Choice 2: inliners=77
    Pair (7-4): Selected=0 / 1 choices
      Choice 1: inliners=36
    Pair (8-4): Selected=0 / 5 choices
      Choice 1: inliners=0
      Choice 2: inliners=47
      Choice 3: inliners=14
      Choice 4: inliners=36
      Choice 5: inliners=36
    Pair (9-4): Selected=0 / 8 choices
      Choice 1: inliners=42
      Choice 2: inliners=20
      Choice 3: inliners=32
      Choice 4: inliners=38
      Choice 5: inliners=0
      Choice 6: inliners=36
      Choice 7: inliners=22
      Choice 8: inliners=28
    Pair (10-4): Selected=0 / 2 choices
      Choice 1: inliners=28
      Choice 2: inliners=26
    Pair (11-4): Selected=0 / 3 choices
      Choice 1: inliners=16
      Choice 2: inliners=14
      Choice 3: inliners=36


--- GENERATION 0 BEST BREAKDOWN ---
  Total Fitness: 188.62
  Inlier Reward: 410.85
  Cycle Penalty: 0.00
  Overlap Penalty: 222.22
  Edge Residual Penalty: 0.00
  Edge Rot Residual Penalty: 0.00
  Connectivity Reward: 0.00
  Component Penalty: 0.00
  Consensus Support Reward: 0.00
  Largest Component: 11
  Num Components: 1
  Active Pairs: 10
  OverlapDiag Sum (indexed): 222.2222 (delta_vs_fitness=0.0000)
  OverlapDiag Pairs: total=45 same_comp=45 broad_reject=30 narrow_checked=45 active=2
  OverlapDiag Top Active Pairs:
    Pair (1,9) pen=111.1111 hits=2/740 hit_ratio=0.0278 avg_depth=0.3948 min_nn=0.5009

  --- ACTIVE GENE MAP ---
    Gene  1 (Pair  3- 1): choice=3 (inl=53)
    Gene  2 (Pair  4- 1): choice=4 (inl=63)
    Gene  3 (Pair  5- 1): choice=1 (inl=76)
    Gene  9 (Pair  3- 2): choice=1 (inl=62)
    Gene 12 (Pair  7- 2): choice=2 (inl=66)
    Gene 27 (Pair  9- 4): choice=1 (inl=42)
    Gene 30 (Pair  6- 5): choice=6 (inl=90)
    Gene 39 (Pair 10- 7): choice=1 (inl=52)
    Gene 42 (Pair 10- 8): choice=3 (inl=44)
    Gene 43 (Pair 11- 8): choice=4 (inl=38)

  --- SHARD 4 CANDIDATE ANALYSIS ---
    Pair (4-1): Selected=4 / 4 choices
      Choice 1: inliners=32
      Choice 2: inliners=67
      Choice 3: inliners=72
      Choice 4: inliners=63 [SELECTED]
    Pair (4-2): Selected=0 / 5 choices
      Choice 1: inliners=12
      Choice 2: inliners=32
      Choice 3: inliners=20
      Choice 4: inliners=24
      Choice 5: inliners=58
    Pair (4-3): Selected=0 / 4 choices
      Choice 1: inliners=50
      Choice 2: inliners=34
      Choice 3: inliners=56
      Choice 4: inliners=34
    Pair (5-4): Selected=0 / 2 choices
      Choice 1: inliners=70
      Choice 2: inliners=77
    Pair (7-4): Selected=0 / 1 choices
      Choice 1: inliners=36
    Pair (8-4): Selected=0 / 5 choices
      Choice 1: inliners=0
      Choice 2: inliners=47
      Choice 3: inliners=14
      Choice 4: inliners=36
      Choice 5: inliners=36
    Pair (9-4): Selected=1 / 8 choices
      Choice 1: inliners=42 [SELECTED]
      Choice 2: inliners=20
      Choice 3: inliners=32
      Choice 4: inliners=38
      Choice 5: inliners=0
      Choice 6: inliners=36
      Choice 7: inliners=22
      Choice 8: inliners=28
    Pair (10-4): Selected=0 / 2 choices
      Choice 1: inliners=28
      Choice 2: inliners=26
    Pair (11-4): Selected=0 / 3 choices
      Choice 1: inliners=16
      Choice 2: inliners=14
      Choice 3: inliners=36


--- GENERATION 10 BEST BREAKDOWN ---
  Total Fitness: 509.22
  Inlier Reward: 448.65
  Cycle Penalty: 0.00
  Overlap Penalty: 0.00
  Edge Residual Penalty: 0.00
  Edge Rot Residual Penalty: 0.00
  Connectivity Reward: 0.00
  Component Penalty: 0.00
  Consensus Support Reward: 60.57
  Largest Component: 11
  Num Components: 1
  Active Pairs: 10
  OverlapDiag Sum (indexed): 0.0000 (delta_vs_fitness=0.0000)
  OverlapDiag Pairs: total=45 same_comp=45 broad_reject=37 narrow_checked=45 active=1
  OverlapDiag Active Pairs: none

  --- ACTIVE GENE MAP ---
    Gene  0 (Pair  2- 1): choice=2 (inl=70)
    Gene  1 (Pair  3- 1): choice=4 (inl=72)
    Gene  2 (Pair  4- 1): choice=4 (inl=63)
    Gene  3 (Pair  5- 1): choice=1 (inl=76)
    Gene 19 (Pair  7- 3): choice=3 (inl=86)
    Gene 20 (Pair  8- 3): choice=7 (inl=22)
    Gene 21 (Pair  9- 3): choice=12 (inl=51)
    Gene 30 (Pair  6- 5): choice=6 (inl=90)
    Gene 40 (Pair 11- 7): choice=4 (inl=36)
    Gene 42 (Pair 10- 8): choice=3 (inl=44)

  --- SHARD 4 CANDIDATE ANALYSIS ---
    Pair (4-1): Selected=4 / 4 choices
      Choice 1: inliners=32
      Choice 2: inliners=67
      Choice 3: inliners=72
      Choice 4: inliners=63 [SELECTED]
    Pair (4-2): Selected=0 / 5 choices
      Choice 1: inliners=12
      Choice 2: inliners=32
      Choice 3: inliners=20
      Choice 4: inliners=24
      Choice 5: inliners=58
    Pair (4-3): Selected=0 / 4 choices
      Choice 1: inliners=50
      Choice 2: inliners=34
      Choice 3: inliners=56
      Choice 4: inliners=34
    Pair (5-4): Selected=0 / 2 choices
      Choice 1: inliners=70
      Choice 2: inliners=77
    Pair (7-4): Selected=0 / 1 choices
      Choice 1: inliners=36
    Pair (8-4): Selected=0 / 5 choices
      Choice 1: inliners=0
      Choice 2: inliners=47
      Choice 3: inliners=14
      Choice 4: inliners=36
      Choice 5: inliners=36
    Pair (9-4): Selected=0 / 8 choices
      Choice 1: inliners=42
      Choice 2: inliners=20
      Choice 3: inliners=32
      Choice 4: inliners=38
      Choice 5: inliners=0
      Choice 6: inliners=36
      Choice 7: inliners=22
      Choice 8: inliners=28
    Pair (10-4): Selected=0 / 2 choices
      Choice 1: inliners=28
      Choice 2: inliners=26
    Pair (11-4): Selected=0 / 3 choices
      Choice 1: inliners=16
      Choice 2: inliners=14
      Choice 3: inliners=36


--- GENERATION 20 BEST BREAKDOWN ---
  Total Fitness: 509.22
  Inlier Reward: 448.65
  Cycle Penalty: 0.00
  Overlap Penalty: 0.00
  Edge Residual Penalty: 0.00
  Edge Rot Residual Penalty: 0.00
  Connectivity Reward: 0.00
  Component Penalty: 0.00
  Consensus Support Reward: 60.57
  Largest Component: 11
  Num Components: 1
  Active Pairs: 10
  OverlapDiag Sum (indexed): 0.0000 (delta_vs_fitness=0.0000)
  OverlapDiag Pairs: total=45 same_comp=45 broad_reject=37 narrow_checked=45 active=1
  OverlapDiag Active Pairs: none

  --- ACTIVE GENE MAP ---
    Gene  0 (Pair  2- 1): choice=2 (inl=70)
    Gene  1 (Pair  3- 1): choice=4 (inl=72)
    Gene  2 (Pair  4- 1): choice=4 (inl=63)
    Gene  3 (Pair  5- 1): choice=1 (inl=76)
    Gene 19 (Pair  7- 3): choice=3 (inl=86)
    Gene 20 (Pair  8- 3): choice=7 (inl=22)
    Gene 21 (Pair  9- 3): choice=12 (inl=51)
    Gene 30 (Pair  6- 5): choice=6 (inl=90)
    Gene 40 (Pair 11- 7): choice=4 (inl=36)
    Gene 42 (Pair 10- 8): choice=3 (inl=44)

  --- SHARD 4 CANDIDATE ANALYSIS ---
    Pair (4-1): Selected=4 / 4 choices
      Choice 1: inliners=32
      Choice 2: inliners=67
      Choice 3: inliners=72
      Choice 4: inliners=63 [SELECTED]
    Pair (4-2): Selected=0 / 5 choices
      Choice 1: inliners=12
      Choice 2: inliners=32
      Choice 3: inliners=20
      Choice 4: inliners=24
      Choice 5: inliners=58
    Pair (4-3): Selected=0 / 4 choices
      Choice 1: inliners=50
      Choice 2: inliners=34
      Choice 3: inliners=56
      Choice 4: inliners=34
    Pair (5-4): Selected=0 / 2 choices
      Choice 1: inliners=70
      Choice 2: inliners=77
    Pair (7-4): Selected=0 / 1 choices
      Choice 1: inliners=36
    Pair (8-4): Selected=0 / 5 choices
      Choice 1: inliners=0
      Choice 2: inliners=47
      Choice 3: inliners=14
      Choice 4: inliners=36
      Choice 5: inliners=36
    Pair (9-4): Selected=0 / 8 choices
      Choice 1: inliners=42
      Choice 2: inliners=20
      Choice 3: inliners=32
      Choice 4: inliners=38
      Choice 5: inliners=0
      Choice 6: inliners=36
      Choice 7: inliners=22
      Choice 8: inliners=28
    Pair (10-4): Selected=0 / 2 choices
      Choice 1: inliners=28
      Choice 2: inliners=26
    Pair (11-4): Selected=0 / 3 choices
      Choice 1: inliners=16
      Choice 2: inliners=14
      Choice 3: inliners=36


--- GENERATION 30 BEST BREAKDOWN ---
  Total Fitness: 521.31
  Inlier Reward: 460.74
  Cycle Penalty: 0.00
  Overlap Penalty: 0.00
  Edge Residual Penalty: 0.00
  Edge Rot Residual Penalty: 0.00
  Connectivity Reward: 0.00
  Component Penalty: 0.00
  Consensus Support Reward: 60.57
  Largest Component: 11
  Num Components: 1
  Active Pairs: 10
  OverlapDiag Sum (indexed): 0.0000 (delta_vs_fitness=0.0000)
  OverlapDiag Pairs: total=45 same_comp=45 broad_reject=36 narrow_checked=45 active=2
  OverlapDiag Active Pairs: none

  --- ACTIVE GENE MAP ---
    Gene  0 (Pair  2- 1): choice=2 (inl=70)
    Gene  1 (Pair  3- 1): choice=4 (inl=72)
    Gene  2 (Pair  4- 1): choice=4 (inl=63)
    Gene  3 (Pair  5- 1): choice=1 (inl=76)
    Gene  5 (Pair  8- 1): choice=7 (inl=44)
    Gene 15 (Pair 10- 2): choice=1 (inl=44)
    Gene 19 (Pair  7- 3): choice=3 (inl=86)
    Gene 21 (Pair  9- 3): choice=12 (inl=51)
    Gene 23 (Pair 11- 3): choice=2 (inl=41)
    Gene 30 (Pair  6- 5): choice=6 (inl=90)

  --- SHARD 4 CANDIDATE ANALYSIS ---
    Pair (4-1): Selected=4 / 4 choices
      Choice 1: inliners=32
      Choice 2: inliners=67
      Choice 3: inliners=72
      Choice 4: inliners=63 [SELECTED]
    Pair (4-2): Selected=0 / 5 choices
      Choice 1: inliners=12
      Choice 2: inliners=32
      Choice 3: inliners=20
      Choice 4: inliners=24
      Choice 5: inliners=58
    Pair (4-3): Selected=0 / 4 choices
      Choice 1: inliners=50
      Choice 2: inliners=34
      Choice 3: inliners=56
      Choice 4: inliners=34
    Pair (5-4): Selected=0 / 2 choices
      Choice 1: inliners=70
      Choice 2: inliners=77
    Pair (7-4): Selected=0 / 1 choices
      Choice 1: inliners=36
    Pair (8-4): Selected=0 / 5 choices
      Choice 1: inliners=0
      Choice 2: inliners=47
      Choice 3: inliners=14
      Choice 4: inliners=36
      Choice 5: inliners=36
    Pair (9-4): Selected=0 / 8 choices
      Choice 1: inliners=42
      Choice 2: inliners=20
      Choice 3: inliners=32
      Choice 4: inliners=38
      Choice 5: inliners=0
      Choice 6: inliners=36
      Choice 7: inliners=22
      Choice 8: inliners=28
    Pair (10-4): Selected=0 / 2 choices
      Choice 1: inliners=28
      Choice 2: inliners=26
    Pair (11-4): Selected=0 / 3 choices
      Choice 1: inliners=16
      Choice 2: inliners=14
      Choice 3: inliners=36


--- GENERATION 40 BEST BREAKDOWN ---
  Total Fitness: 525.32
  Inlier Reward: 464.75
  Cycle Penalty: 0.00
  Overlap Penalty: 0.00
  Edge Residual Penalty: 0.00
  Edge Rot Residual Penalty: 0.00
  Connectivity Reward: 0.00
  Component Penalty: 0.00
  Consensus Support Reward: 60.57
  Largest Component: 11
  Num Components: 1
  Active Pairs: 10
  OverlapDiag Sum (indexed): 0.0000 (delta_vs_fitness=0.0000)
  OverlapDiag Pairs: total=45 same_comp=45 broad_reject=33 narrow_checked=45 active=2
  OverlapDiag Active Pairs: none

  --- ACTIVE GENE MAP ---
    Gene  0 (Pair  2- 1): choice=2 (inl=70)
    Gene  1 (Pair  3- 1): choice=4 (inl=72)
    Gene  2 (Pair  4- 1): choice=4 (inl=63)
    Gene  3 (Pair  5- 1): choice=1 (inl=76)
    Gene  5 (Pair  8- 1): choice=7 (inl=44)
    Gene 19 (Pair  7- 3): choice=3 (inl=86)
    Gene 21 (Pair  9- 3): choice=12 (inl=51)
    Gene 23 (Pair 11- 3): choice=2 (inl=41)
    Gene 30 (Pair  6- 5): choice=6 (inl=90)
    Gene 42 (Pair 10- 8): choice=3 (inl=44)

  --- SHARD 4 CANDIDATE ANALYSIS ---
    Pair (4-1): Selected=4 / 4 choices
      Choice 1: inliners=32
      Choice 2: inliners=67
      Choice 3: inliners=72
      Choice 4: inliners=63 [SELECTED]
    Pair (4-2): Selected=0 / 5 choices
      Choice 1: inliners=12
      Choice 2: inliners=32
      Choice 3: inliners=20
      Choice 4: inliners=24
      Choice 5: inliners=58
    Pair (4-3): Selected=0 / 4 choices
      Choice 1: inliners=50
      Choice 2: inliners=34
      Choice 3: inliners=56
      Choice 4: inliners=34
    Pair (5-4): Selected=0 / 2 choices
      Choice 1: inliners=70
      Choice 2: inliners=77
    Pair (7-4): Selected=0 / 1 choices
      Choice 1: inliners=36
    Pair (8-4): Selected=0 / 5 choices
      Choice 1: inliners=0
      Choice 2: inliners=47
      Choice 3: inliners=14
      Choice 4: inliners=36
      Choice 5: inliners=36
    Pair (9-4): Selected=0 / 8 choices
      Choice 1: inliners=42
      Choice 2: inliners=20
      Choice 3: inliners=32
      Choice 4: inliners=38
      Choice 5: inliners=0
      Choice 6: inliners=36
      Choice 7: inliners=22
      Choice 8: inliners=28
    Pair (10-4): Selected=0 / 2 choices
      Choice 1: inliners=28
      Choice 2: inliners=26
    Pair (11-4): Selected=0 / 3 choices
      Choice 1: inliners=16
      Choice 2: inliners=14
      Choice 3: inliners=36


--- GENERATION 50 BEST BREAKDOWN ---
  Total Fitness: 525.32
  Inlier Reward: 464.75
  Cycle Penalty: 0.00
  Overlap Penalty: 0.00
  Edge Residual Penalty: 0.00
  Edge Rot Residual Penalty: 0.00
  Connectivity Reward: 0.00
  Component Penalty: 0.00
  Consensus Support Reward: 60.57
  Largest Component: 11
  Num Components: 1
  Active Pairs: 10
  OverlapDiag Sum (indexed): 0.0000 (delta_vs_fitness=0.0000)
  OverlapDiag Pairs: total=45 same_comp=45 broad_reject=33 narrow_checked=45 active=2
  OverlapDiag Active Pairs: none

  --- ACTIVE GENE MAP ---
    Gene  0 (Pair  2- 1): choice=2 (inl=70)
    Gene  1 (Pair  3- 1): choice=4 (inl=72)
    Gene  2 (Pair  4- 1): choice=4 (inl=63)
    Gene  3 (Pair  5- 1): choice=1 (inl=76)
    Gene  5 (Pair  8- 1): choice=7 (inl=44)
    Gene 19 (Pair  7- 3): choice=3 (inl=86)
    Gene 21 (Pair  9- 3): choice=12 (inl=51)
    Gene 23 (Pair 11- 3): choice=2 (inl=41)
    Gene 30 (Pair  6- 5): choice=6 (inl=90)
    Gene 42 (Pair 10- 8): choice=3 (inl=44)

  --- SHARD 4 CANDIDATE ANALYSIS ---
    Pair (4-1): Selected=4 / 4 choices
      Choice 1: inliners=32
      Choice 2: inliners=67
      Choice 3: inliners=72
      Choice 4: inliners=63 [SELECTED]
    Pair (4-2): Selected=0 / 5 choices
      Choice 1: inliners=12
      Choice 2: inliners=32
      Choice 3: inliners=20
      Choice 4: inliners=24
      Choice 5: inliners=58
    Pair (4-3): Selected=0 / 4 choices
      Choice 1: inliners=50
      Choice 2: inliners=34
      Choice 3: inliners=56
      Choice 4: inliners=34
    Pair (5-4): Selected=0 / 2 choices
      Choice 1: inliners=70
      Choice 2: inliners=77
    Pair (7-4): Selected=0 / 1 choices
      Choice 1: inliners=36
    Pair (8-4): Selected=0 / 5 choices
      Choice 1: inliners=0
      Choice 2: inliners=47
      Choice 3: inliners=14
      Choice 4: inliners=36
      Choice 5: inliners=36
    Pair (9-4): Selected=0 / 8 choices
      Choice 1: inliners=42
      Choice 2: inliners=20
      Choice 3: inliners=32
      Choice 4: inliners=38
      Choice 5: inliners=0
      Choice 6: inliners=36
      Choice 7: inliners=22
      Choice 8: inliners=28
    Pair (10-4): Selected=0 / 2 choices
      Choice 1: inliners=28
      Choice 2: inliners=26
    Pair (11-4): Selected=0 / 3 choices
      Choice 1: inliners=16
      Choice 2: inliners=14
      Choice 3: inliners=36


--- GENERATION 60 BEST BREAKDOWN ---
  Total Fitness: 548.09
  Inlier Reward: 434.12
  Cycle Penalty: 0.00
  Overlap Penalty: 0.00
  Edge Residual Penalty: 0.00
  Edge Rot Residual Penalty: 0.00
  Connectivity Reward: 0.00
  Component Penalty: 0.00
  Consensus Support Reward: 113.96
  Largest Component: 11
  Num Components: 1
  Active Pairs: 10
  OverlapDiag Sum (indexed): 0.0000 (delta_vs_fitness=0.0000)
  OverlapDiag Pairs: total=45 same_comp=45 broad_reject=32 narrow_checked=45 active=1
  OverlapDiag Active Pairs: none

  --- ACTIVE GENE MAP ---
    Gene  0 (Pair  2- 1): choice=2 (inl=70)
    Gene  3 (Pair  5- 1): choice=1 (inl=76)
    Gene  5 (Pair  8- 1): choice=7 (inl=44)
    Gene  9 (Pair  3- 2): choice=1 (inl=62)
    Gene 17 (Pair  4- 3): choice=3 (inl=56)
    Gene 19 (Pair  7- 3): choice=3 (inl=86)
    Gene 21 (Pair  9- 3): choice=7 (inl=30)
    Gene 23 (Pair 11- 3): choice=2 (inl=41)
    Gene 30 (Pair  6- 5): choice=6 (inl=90)
    Gene 42 (Pair 10- 8): choice=3 (inl=44)

  --- SHARD 4 CANDIDATE ANALYSIS ---
    Pair (4-1): Selected=0 / 4 choices
      Choice 1: inliners=32
      Choice 2: inliners=67
      Choice 3: inliners=72
      Choice 4: inliners=63
    Pair (4-2): Selected=0 / 5 choices
      Choice 1: inliners=12
      Choice 2: inliners=32
      Choice 3: inliners=20
      Choice 4: inliners=24
      Choice 5: inliners=58
    Pair (4-3): Selected=3 / 4 choices
      Choice 1: inliners=50
      Choice 2: inliners=34
      Choice 3: inliners=56 [SELECTED]
      Choice 4: inliners=34
    Pair (5-4): Selected=0 / 2 choices
      Choice 1: inliners=70
      Choice 2: inliners=77
    Pair (7-4): Selected=0 / 1 choices
      Choice 1: inliners=36
    Pair (8-4): Selected=0 / 5 choices
      Choice 1: inliners=0
      Choice 2: inliners=47
      Choice 3: inliners=14
      Choice 4: inliners=36
      Choice 5: inliners=36
    Pair (9-4): Selected=0 / 8 choices
      Choice 1: inliners=42
      Choice 2: inliners=20
      Choice 3: inliners=32
      Choice 4: inliners=38
      Choice 5: inliners=0
      Choice 6: inliners=36
      Choice 7: inliners=22
      Choice 8: inliners=28
    Pair (10-4): Selected=0 / 2 choices
      Choice 1: inliners=28
      Choice 2: inliners=26
    Pair (11-4): Selected=0 / 3 choices
      Choice 1: inliners=16
      Choice 2: inliners=14
      Choice 3: inliners=36


--- GENERATION 70 BEST BREAKDOWN ---
  Total Fitness: 578.77
  Inlier Reward: 417.92
  Cycle Penalty: 0.00
  Overlap Penalty: 0.00
  Edge Residual Penalty: 0.00
  Edge Rot Residual Penalty: 0.00
  Connectivity Reward: 0.00
  Component Penalty: 0.00
  Consensus Support Reward: 160.86
  Largest Component: 11
  Num Components: 1
  Active Pairs: 10
  OverlapDiag Sum (indexed): 0.0000 (delta_vs_fitness=0.0000)
  OverlapDiag Pairs: total=45 same_comp=45 broad_reject=25 narrow_checked=45 active=1
  OverlapDiag Active Pairs: none

  --- ACTIVE GENE MAP ---
    Gene  0 (Pair  2- 1): choice=2 (inl=70)
    Gene  2 (Pair  4- 1): choice=4 (inl=63)
    Gene  3 (Pair  5- 1): choice=1 (inl=76)
    Gene  5 (Pair  8- 1): choice=7 (inl=44)
    Gene  9 (Pair  3- 2): choice=1 (inl=62)
    Gene 19 (Pair  7- 3): choice=3 (inl=86)
    Gene 21 (Pair  9- 3): choice=10 (inl=22)
    Gene 23 (Pair 11- 3): choice=2 (inl=41)
    Gene 30 (Pair  6- 5): choice=6 (inl=90)
    Gene 44 (Pair 10- 9): choice=6 (inl=26)

  --- SHARD 4 CANDIDATE ANALYSIS ---
    Pair (4-1): Selected=4 / 4 choices
      Choice 1: inliners=32
      Choice 2: inliners=67
      Choice 3: inliners=72
      Choice 4: inliners=63 [SELECTED]
    Pair (4-2): Selected=0 / 5 choices
      Choice 1: inliners=12
      Choice 2: inliners=32
      Choice 3: inliners=20
      Choice 4: inliners=24
      Choice 5: inliners=58
    Pair (4-3): Selected=0 / 4 choices
      Choice 1: inliners=50
      Choice 2: inliners=34
      Choice 3: inliners=56
      Choice 4: inliners=34
    Pair (5-4): Selected=0 / 2 choices
      Choice 1: inliners=70
      Choice 2: inliners=77
    Pair (7-4): Selected=0 / 1 choices
      Choice 1: inliners=36
    Pair (8-4): Selected=0 / 5 choices
      Choice 1: inliners=0
      Choice 2: inliners=47
      Choice 3: inliners=14
      Choice 4: inliners=36
      Choice 5: inliners=36
    Pair (9-4): Selected=0 / 8 choices
      Choice 1: inliners=42
      Choice 2: inliners=20
      Choice 3: inliners=32
      Choice 4: inliners=38
      Choice 5: inliners=0
      Choice 6: inliners=36
      Choice 7: inliners=22
      Choice 8: inliners=28
    Pair (10-4): Selected=0 / 2 choices
      Choice 1: inliners=28
      Choice 2: inliners=26
    Pair (11-4): Selected=0 / 3 choices
      Choice 1: inliners=16
      Choice 2: inliners=14
      Choice 3: inliners=36


--- GENERATION 80 BEST BREAKDOWN ---
  Total Fitness: 582.43
  Inlier Reward: 415.31
  Cycle Penalty: 0.00
  Overlap Penalty: 0.00
  Edge Residual Penalty: 0.00
  Edge Rot Residual Penalty: 0.00
  Connectivity Reward: 0.00
  Component Penalty: 0.00
  Consensus Support Reward: 167.12
  Largest Component: 11
  Num Components: 1
  Active Pairs: 10
  OverlapDiag Sum (indexed): 0.0000 (delta_vs_fitness=0.0000)
  OverlapDiag Pairs: total=45 same_comp=45 broad_reject=26 narrow_checked=45 active=1
  OverlapDiag Active Pairs: none

  --- ACTIVE GENE MAP ---
    Gene  0 (Pair  2- 1): choice=2 (inl=70)
    Gene  2 (Pair  4- 1): choice=4 (inl=63)
    Gene  3 (Pair  5- 1): choice=1 (inl=76)
    Gene  5 (Pair  8- 1): choice=7 (inl=44)
    Gene  9 (Pair  3- 2): choice=1 (inl=62)
    Gene 19 (Pair  7- 3): choice=3 (inl=86)
    Gene 21 (Pair  9- 3): choice=10 (inl=22)
    Gene 30 (Pair  6- 5): choice=6 (inl=90)
    Gene 44 (Pair 10- 9): choice=6 (inl=26)
    Gene 46 (Pair 11-10): choice=1 (inl=38)

  --- SHARD 4 CANDIDATE ANALYSIS ---
    Pair (4-1): Selected=4 / 4 choices
      Choice 1: inliners=32
      Choice 2: inliners=67
      Choice 3: inliners=72
      Choice 4: inliners=63 [SELECTED]
    Pair (4-2): Selected=0 / 5 choices
      Choice 1: inliners=12
      Choice 2: inliners=32
      Choice 3: inliners=20
      Choice 4: inliners=24
      Choice 5: inliners=58
    Pair (4-3): Selected=0 / 4 choices
      Choice 1: inliners=50
      Choice 2: inliners=34
      Choice 3: inliners=56
      Choice 4: inliners=34
    Pair (5-4): Selected=0 / 2 choices
      Choice 1: inliners=70
      Choice 2: inliners=77
    Pair (7-4): Selected=0 / 1 choices
      Choice 1: inliners=36
    Pair (8-4): Selected=0 / 5 choices
      Choice 1: inliners=0
      Choice 2: inliners=47
      Choice 3: inliners=14
      Choice 4: inliners=36
      Choice 5: inliners=36
    Pair (9-4): Selected=0 / 8 choices
      Choice 1: inliners=42
      Choice 2: inliners=20
      Choice 3: inliners=32
      Choice 4: inliners=38
      Choice 5: inliners=0
      Choice 6: inliners=36
      Choice 7: inliners=22
      Choice 8: inliners=28
    Pair (10-4): Selected=0 / 2 choices
      Choice 1: inliners=28
      Choice 2: inliners=26
    Pair (11-4): Selected=0 / 3 choices
      Choice 1: inliners=16
      Choice 2: inliners=14
      Choice 3: inliners=36


--- GENERATION 90 BEST BREAKDOWN ---
  Total Fitness: 582.43
  Inlier Reward: 415.31
  Cycle Penalty: 0.00
  Overlap Penalty: 0.00
  Edge Residual Penalty: 0.00
  Edge Rot Residual Penalty: 0.00
  Connectivity Reward: 0.00
  Component Penalty: 0.00
  Consensus Support Reward: 167.12
  Largest Component: 11
  Num Components: 1
  Active Pairs: 10
  OverlapDiag Sum (indexed): 0.0000 (delta_vs_fitness=0.0000)
  OverlapDiag Pairs: total=45 same_comp=45 broad_reject=26 narrow_checked=45 active=1
  OverlapDiag Active Pairs: none

  --- ACTIVE GENE MAP ---
    Gene  0 (Pair  2- 1): choice=2 (inl=70)
    Gene  2 (Pair  4- 1): choice=4 (inl=63)
    Gene  3 (Pair  5- 1): choice=1 (inl=76)
    Gene  5 (Pair  8- 1): choice=7 (inl=44)
    Gene  9 (Pair  3- 2): choice=1 (inl=62)
    Gene 19 (Pair  7- 3): choice=3 (inl=86)
    Gene 21 (Pair  9- 3): choice=10 (inl=22)
    Gene 30 (Pair  6- 5): choice=6 (inl=90)
    Gene 44 (Pair 10- 9): choice=6 (inl=26)
    Gene 46 (Pair 11-10): choice=1 (inl=38)

  --- SHARD 4 CANDIDATE ANALYSIS ---
    Pair (4-1): Selected=4 / 4 choices
      Choice 1: inliners=32
      Choice 2: inliners=67
      Choice 3: inliners=72
      Choice 4: inliners=63 [SELECTED]
    Pair (4-2): Selected=0 / 5 choices
      Choice 1: inliners=12
      Choice 2: inliners=32
      Choice 3: inliners=20
      Choice 4: inliners=24
      Choice 5: inliners=58
    Pair (4-3): Selected=0 / 4 choices
      Choice 1: inliners=50
      Choice 2: inliners=34
      Choice 3: inliners=56
      Choice 4: inliners=34
    Pair (5-4): Selected=0 / 2 choices
      Choice 1: inliners=70
      Choice 2: inliners=77
    Pair (7-4): Selected=0 / 1 choices
      Choice 1: inliners=36
    Pair (8-4): Selected=0 / 5 choices
      Choice 1: inliners=0
      Choice 2: inliners=47
      Choice 3: inliners=14
      Choice 4: inliners=36
      Choice 5: inliners=36
    Pair (9-4): Selected=0 / 8 choices
      Choice 1: inliners=42
      Choice 2: inliners=20
      Choice 3: inliners=32
      Choice 4: inliners=38
      Choice 5: inliners=0
      Choice 6: inliners=36
      Choice 7: inliners=22
      Choice 8: inliners=28
    Pair (10-4): Selected=0 / 2 choices
      Choice 1: inliners=28
      Choice 2: inliners=26
    Pair (11-4): Selected=0 / 3 choices
      Choice 1: inliners=16
      Choice 2: inliners=14
      Choice 3: inliners=36


--- GENERATION 100 BEST BREAKDOWN ---
  Total Fitness: 582.43
  Inlier Reward: 415.31
  Cycle Penalty: 0.00
  Overlap Penalty: 0.00
  Edge Residual Penalty: 0.00
  Edge Rot Residual Penalty: 0.00
  Connectivity Reward: 0.00
  Component Penalty: 0.00
  Consensus Support Reward: 167.12
  Largest Component: 11
  Num Components: 1
  Active Pairs: 10
  OverlapDiag Sum (indexed): 0.0000 (delta_vs_fitness=0.0000)
  OverlapDiag Pairs: total=45 same_comp=45 broad_reject=26 narrow_checked=45 active=1
  OverlapDiag Active Pairs: none

  --- ACTIVE GENE MAP ---
    Gene  0 (Pair  2- 1): choice=2 (inl=70)
    Gene  2 (Pair  4- 1): choice=4 (inl=63)
    Gene  3 (Pair  5- 1): choice=1 (inl=76)
    Gene  5 (Pair  8- 1): choice=7 (inl=44)
    Gene  9 (Pair  3- 2): choice=1 (inl=62)
    Gene 19 (Pair  7- 3): choice=3 (inl=86)
    Gene 21 (Pair  9- 3): choice=10 (inl=22)
    Gene 30 (Pair  6- 5): choice=6 (inl=90)
    Gene 44 (Pair 10- 9): choice=6 (inl=26)
    Gene 46 (Pair 11-10): choice=1 (inl=38)

  --- SHARD 4 CANDIDATE ANALYSIS ---
    Pair (4-1): Selected=4 / 4 choices
      Choice 1: inliners=32
      Choice 2: inliners=67
      Choice 3: inliners=72
      Choice 4: inliners=63 [SELECTED]
    Pair (4-2): Selected=0 / 5 choices
      Choice 1: inliners=12
      Choice 2: inliners=32
      Choice 3: inliners=20
      Choice 4: inliners=24
      Choice 5: inliners=58
    Pair (4-3): Selected=0 / 4 choices
      Choice 1: inliners=50
      Choice 2: inliners=34
      Choice 3: inliners=56
      Choice 4: inliners=34
    Pair (5-4): Selected=0 / 2 choices
      Choice 1: inliners=70
      Choice 2: inliners=77
    Pair (7-4): Selected=0 / 1 choices
      Choice 1: inliners=36
    Pair (8-4): Selected=0 / 5 choices
      Choice 1: inliners=0
      Choice 2: inliners=47
      Choice 3: inliners=14
      Choice 4: inliners=36
      Choice 5: inliners=36
    Pair (9-4): Selected=0 / 8 choices
      Choice 1: inliners=42
      Choice 2: inliners=20
      Choice 3: inliners=32
      Choice 4: inliners=38
      Choice 5: inliners=0
      Choice 6: inliners=36
      Choice 7: inliners=22
      Choice 8: inliners=28
    Pair (10-4): Selected=0 / 2 choices
      Choice 1: inliners=28
      Choice 2: inliners=26
    Pair (11-4): Selected=0 / 3 choices
      Choice 1: inliners=16
      Choice 2: inliners=14
      Choice 3: inliners=36


--- GENERATION 110 BEST BREAKDOWN ---
  Total Fitness: 591.84
  Inlier Reward: 408.58
  Cycle Penalty: 0.00
  Overlap Penalty: 0.00
  Edge Residual Penalty: 0.00
  Edge Rot Residual Penalty: 0.00
  Connectivity Reward: 0.00
  Component Penalty: 0.00
  Consensus Support Reward: 183.25
  Largest Component: 11
  Num Components: 1
  Active Pairs: 10
  OverlapDiag Sum (indexed): 0.0000 (delta_vs_fitness=0.0000)
  OverlapDiag Pairs: total=45 same_comp=45 broad_reject=27 narrow_checked=45 active=0
  OverlapDiag Active Pairs: none

  --- ACTIVE GENE MAP ---
    Gene  0 (Pair  2- 1): choice=2 (inl=70)
    Gene  3 (Pair  5- 1): choice=1 (inl=76)
    Gene  5 (Pair  8- 1): choice=7 (inl=44)
    Gene  9 (Pair  3- 2): choice=1 (inl=62)
    Gene 17 (Pair  4- 3): choice=3 (inl=56)
    Gene 19 (Pair  7- 3): choice=3 (inl=86)
    Gene 21 (Pair  9- 3): choice=10 (inl=22)
    Gene 30 (Pair  6- 5): choice=6 (inl=90)
    Gene 44 (Pair 10- 9): choice=6 (inl=26)
    Gene 46 (Pair 11-10): choice=1 (inl=38)

  --- SHARD 4 CANDIDATE ANALYSIS ---
    Pair (4-1): Selected=0 / 4 choices
      Choice 1: inliners=32
      Choice 2: inliners=67
      Choice 3: inliners=72
      Choice 4: inliners=63
    Pair (4-2): Selected=0 / 5 choices
      Choice 1: inliners=12
      Choice 2: inliners=32
      Choice 3: inliners=20
      Choice 4: inliners=24
      Choice 5: inliners=58
    Pair (4-3): Selected=3 / 4 choices
      Choice 1: inliners=50
      Choice 2: inliners=34
      Choice 3: inliners=56 [SELECTED]
      Choice 4: inliners=34
    Pair (5-4): Selected=0 / 2 choices
      Choice 1: inliners=70
      Choice 2: inliners=77
    Pair (7-4): Selected=0 / 1 choices
      Choice 1: inliners=36
    Pair (8-4): Selected=0 / 5 choices
      Choice 1: inliners=0
      Choice 2: inliners=47
      Choice 3: inliners=14
      Choice 4: inliners=36
      Choice 5: inliners=36
    Pair (9-4): Selected=0 / 8 choices
      Choice 1: inliners=42
      Choice 2: inliners=20
      Choice 3: inliners=32
      Choice 4: inliners=38
      Choice 5: inliners=0
      Choice 6: inliners=36
      Choice 7: inliners=22
      Choice 8: inliners=28
    Pair (10-4): Selected=0 / 2 choices
      Choice 1: inliners=28
      Choice 2: inliners=26
    Pair (11-4): Selected=0 / 3 choices
      Choice 1: inliners=16
      Choice 2: inliners=14
      Choice 3: inliners=36


--- GENERATION 120 BEST BREAKDOWN ---
  Total Fitness: 601.03
  Inlier Reward: 401.50
  Cycle Penalty: 0.00
  Overlap Penalty: 51.75
  Edge Residual Penalty: 0.00
  Edge Rot Residual Penalty: 0.00
  Connectivity Reward: 0.00
  Component Penalty: 0.00
  Consensus Support Reward: 251.29
  Largest Component: 11
  Num Components: 1
  Active Pairs: 10
  OverlapDiag Sum (indexed): 51.7544 (delta_vs_fitness=0.0000)
  OverlapDiag Pairs: total=45 same_comp=45 broad_reject=27 narrow_checked=45 active=2
  OverlapDiag Active Pairs: none

  --- ACTIVE GENE MAP ---
    Gene  0 (Pair  2- 1): choice=2 (inl=70)
    Gene  3 (Pair  5- 1): choice=1 (inl=76)
    Gene  9 (Pair  3- 2): choice=1 (inl=62)
    Gene 17 (Pair  4- 3): choice=3 (inl=56)
    Gene 19 (Pair  7- 3): choice=3 (inl=86)
    Gene 20 (Pair  8- 3): choice=1 (inl=34)
    Gene 21 (Pair  9- 3): choice=10 (inl=22)
    Gene 30 (Pair  6- 5): choice=6 (inl=90)
    Gene 44 (Pair 10- 9): choice=6 (inl=26)
    Gene 46 (Pair 11-10): choice=1 (inl=38)

  --- SHARD 4 CANDIDATE ANALYSIS ---
    Pair (4-1): Selected=0 / 4 choices
      Choice 1: inliners=32
      Choice 2: inliners=67
      Choice 3: inliners=72
      Choice 4: inliners=63
    Pair (4-2): Selected=0 / 5 choices
      Choice 1: inliners=12
      Choice 2: inliners=32
      Choice 3: inliners=20
      Choice 4: inliners=24
      Choice 5: inliners=58
    Pair (4-3): Selected=3 / 4 choices
      Choice 1: inliners=50
      Choice 2: inliners=34
      Choice 3: inliners=56 [SELECTED]
      Choice 4: inliners=34
    Pair (5-4): Selected=0 / 2 choices
      Choice 1: inliners=70
      Choice 2: inliners=77
    Pair (7-4): Selected=0 / 1 choices
      Choice 1: inliners=36
    Pair (8-4): Selected=0 / 5 choices
      Choice 1: inliners=0
      Choice 2: inliners=47
      Choice 3: inliners=14
      Choice 4: inliners=36
      Choice 5: inliners=36
    Pair (9-4): Selected=0 / 8 choices
      Choice 1: inliners=42
      Choice 2: inliners=20
      Choice 3: inliners=32
      Choice 4: inliners=38
      Choice 5: inliners=0
      Choice 6: inliners=36
      Choice 7: inliners=22
      Choice 8: inliners=28
    Pair (10-4): Selected=0 / 2 choices
      Choice 1: inliners=28
      Choice 2: inliners=26
    Pair (11-4): Selected=0 / 3 choices
      Choice 1: inliners=16
      Choice 2: inliners=14
      Choice 3: inliners=36


--- GENERATION 130 BEST BREAKDOWN ---
  Total Fitness: 654.84
  Inlier Reward: 400.03
  Cycle Penalty: 0.00
  Overlap Penalty: 0.00
  Edge Residual Penalty: 0.00
  Edge Rot Residual Penalty: 0.00
  Connectivity Reward: 0.00
  Component Penalty: 0.00
  Consensus Support Reward: 254.80
  Largest Component: 11
  Num Components: 1
  Active Pairs: 10
  OverlapDiag Sum (indexed): 0.0000 (delta_vs_fitness=0.0000)
  OverlapDiag Pairs: total=45 same_comp=45 broad_reject=26 narrow_checked=45 active=1
  OverlapDiag Active Pairs: none

  --- ACTIVE GENE MAP ---
    Gene  2 (Pair  4- 1): choice=4 (inl=63)
    Gene  3 (Pair  5- 1): choice=1 (inl=76)
    Gene  9 (Pair  3- 2): choice=1 (inl=62)
    Gene 17 (Pair  4- 3): choice=3 (inl=56)
    Gene 19 (Pair  7- 3): choice=3 (inl=86)
    Gene 20 (Pair  8- 3): choice=1 (inl=34)
    Gene 21 (Pair  9- 3): choice=10 (inl=22)
    Gene 30 (Pair  6- 5): choice=6 (inl=90)
    Gene 44 (Pair 10- 9): choice=6 (inl=26)
    Gene 46 (Pair 11-10): choice=1 (inl=38)

  --- SHARD 4 CANDIDATE ANALYSIS ---
    Pair (4-1): Selected=4 / 4 choices
      Choice 1: inliners=32
      Choice 2: inliners=67
      Choice 3: inliners=72
      Choice 4: inliners=63 [SELECTED]
    Pair (4-2): Selected=0 / 5 choices
      Choice 1: inliners=12
      Choice 2: inliners=32
      Choice 3: inliners=20
      Choice 4: inliners=24
      Choice 5: inliners=58
    Pair (4-3): Selected=3 / 4 choices
      Choice 1: inliners=50
      Choice 2: inliners=34
      Choice 3: inliners=56 [SELECTED]
      Choice 4: inliners=34
    Pair (5-4): Selected=0 / 2 choices
      Choice 1: inliners=70
      Choice 2: inliners=77
    Pair (7-4): Selected=0 / 1 choices
      Choice 1: inliners=36
    Pair (8-4): Selected=0 / 5 choices
      Choice 1: inliners=0
      Choice 2: inliners=47
      Choice 3: inliners=14
      Choice 4: inliners=36
      Choice 5: inliners=36
    Pair (9-4): Selected=0 / 8 choices
      Choice 1: inliners=42
      Choice 2: inliners=20
      Choice 3: inliners=32
      Choice 4: inliners=38
      Choice 5: inliners=0
      Choice 6: inliners=36
      Choice 7: inliners=22
      Choice 8: inliners=28
    Pair (10-4): Selected=0 / 2 choices
      Choice 1: inliners=28
      Choice 2: inliners=26
    Pair (11-4): Selected=0 / 3 choices
      Choice 1: inliners=16
      Choice 2: inliners=14
      Choice 3: inliners=36


--- GENERATION 140 BEST BREAKDOWN ---
  Total Fitness: 654.84
  Inlier Reward: 400.03
  Cycle Penalty: 0.00
  Overlap Penalty: 0.00
  Edge Residual Penalty: 0.00
  Edge Rot Residual Penalty: 0.00
  Connectivity Reward: 0.00
  Component Penalty: 0.00
  Consensus Support Reward: 254.80
  Largest Component: 11
  Num Components: 1
  Active Pairs: 10
  OverlapDiag Sum (indexed): 0.0000 (delta_vs_fitness=0.0000)
  OverlapDiag Pairs: total=45 same_comp=45 broad_reject=26 narrow_checked=45 active=1
  OverlapDiag Active Pairs: none

  --- ACTIVE GENE MAP ---
    Gene  2 (Pair  4- 1): choice=4 (inl=63)
    Gene  3 (Pair  5- 1): choice=1 (inl=76)
    Gene  9 (Pair  3- 2): choice=1 (inl=62)
    Gene 17 (Pair  4- 3): choice=3 (inl=56)
    Gene 19 (Pair  7- 3): choice=3 (inl=86)
    Gene 20 (Pair  8- 3): choice=1 (inl=34)
    Gene 21 (Pair  9- 3): choice=10 (inl=22)
    Gene 30 (Pair  6- 5): choice=6 (inl=90)
    Gene 44 (Pair 10- 9): choice=6 (inl=26)
    Gene 46 (Pair 11-10): choice=1 (inl=38)

  --- SHARD 4 CANDIDATE ANALYSIS ---
    Pair (4-1): Selected=4 / 4 choices
      Choice 1: inliners=32
      Choice 2: inliners=67
      Choice 3: inliners=72
      Choice 4: inliners=63 [SELECTED]
    Pair (4-2): Selected=0 / 5 choices
      Choice 1: inliners=12
      Choice 2: inliners=32
      Choice 3: inliners=20
      Choice 4: inliners=24
      Choice 5: inliners=58
    Pair (4-3): Selected=3 / 4 choices
      Choice 1: inliners=50
      Choice 2: inliners=34
      Choice 3: inliners=56 [SELECTED]
      Choice 4: inliners=34
    Pair (5-4): Selected=0 / 2 choices
      Choice 1: inliners=70
      Choice 2: inliners=77
    Pair (7-4): Selected=0 / 1 choices
      Choice 1: inliners=36
    Pair (8-4): Selected=0 / 5 choices
      Choice 1: inliners=0
      Choice 2: inliners=47
      Choice 3: inliners=14
      Choice 4: inliners=36
      Choice 5: inliners=36
    Pair (9-4): Selected=0 / 8 choices
      Choice 1: inliners=42
      Choice 2: inliners=20
      Choice 3: inliners=32
      Choice 4: inliners=38
      Choice 5: inliners=0
      Choice 6: inliners=36
      Choice 7: inliners=22
      Choice 8: inliners=28
    Pair (10-4): Selected=0 / 2 choices
      Choice 1: inliners=28
      Choice 2: inliners=26
    Pair (11-4): Selected=0 / 3 choices
      Choice 1: inliners=16
      Choice 2: inliners=14
      Choice 3: inliners=36


--- GENERATION 150 BEST BREAKDOWN ---
  Total Fitness: 654.84
  Inlier Reward: 400.03
  Cycle Penalty: 0.00
  Overlap Penalty: 0.00
  Edge Residual Penalty: 0.00
  Edge Rot Residual Penalty: 0.00
  Connectivity Reward: 0.00
  Component Penalty: 0.00
  Consensus Support Reward: 254.80
  Largest Component: 11
  Num Components: 1
  Active Pairs: 10
  OverlapDiag Sum (indexed): 0.0000 (delta_vs_fitness=0.0000)
  OverlapDiag Pairs: total=45 same_comp=45 broad_reject=26 narrow_checked=45 active=1
  OverlapDiag Active Pairs: none

  --- ACTIVE GENE MAP ---
    Gene  2 (Pair  4- 1): choice=4 (inl=63)
    Gene  3 (Pair  5- 1): choice=1 (inl=76)
    Gene  9 (Pair  3- 2): choice=1 (inl=62)
    Gene 17 (Pair  4- 3): choice=3 (inl=56)
    Gene 19 (Pair  7- 3): choice=3 (inl=86)
    Gene 20 (Pair  8- 3): choice=1 (inl=34)
    Gene 21 (Pair  9- 3): choice=10 (inl=22)
    Gene 30 (Pair  6- 5): choice=6 (inl=90)
    Gene 44 (Pair 10- 9): choice=6 (inl=26)
    Gene 46 (Pair 11-10): choice=1 (inl=38)

  --- SHARD 4 CANDIDATE ANALYSIS ---
    Pair (4-1): Selected=4 / 4 choices
      Choice 1: inliners=32
      Choice 2: inliners=67
      Choice 3: inliners=72
      Choice 4: inliners=63 [SELECTED]
    Pair (4-2): Selected=0 / 5 choices
      Choice 1: inliners=12
      Choice 2: inliners=32
      Choice 3: inliners=20
      Choice 4: inliners=24
      Choice 5: inliners=58
    Pair (4-3): Selected=3 / 4 choices
      Choice 1: inliners=50
      Choice 2: inliners=34
      Choice 3: inliners=56 [SELECTED]
      Choice 4: inliners=34
    Pair (5-4): Selected=0 / 2 choices
      Choice 1: inliners=70
      Choice 2: inliners=77
    Pair (7-4): Selected=0 / 1 choices
      Choice 1: inliners=36
    Pair (8-4): Selected=0 / 5 choices
      Choice 1: inliners=0
      Choice 2: inliners=47
      Choice 3: inliners=14
      Choice 4: inliners=36
      Choice 5: inliners=36
    Pair (9-4): Selected=0 / 8 choices
      Choice 1: inliners=42
      Choice 2: inliners=20
      Choice 3: inliners=32
      Choice 4: inliners=38
      Choice 5: inliners=0
      Choice 6: inliners=36
      Choice 7: inliners=22
      Choice 8: inliners=28
    Pair (10-4): Selected=0 / 2 choices
      Choice 1: inliners=28
      Choice 2: inliners=26
    Pair (11-4): Selected=0 / 3 choices
      Choice 1: inliners=16
      Choice 2: inliners=14
      Choice 3: inliners=36


--- GENERATION 160 BEST BREAKDOWN ---
  Total Fitness: 654.84
  Inlier Reward: 400.03
  Cycle Penalty: 0.00
  Overlap Penalty: 0.00
  Edge Residual Penalty: 0.00
  Edge Rot Residual Penalty: 0.00
  Connectivity Reward: 0.00
  Component Penalty: 0.00
  Consensus Support Reward: 254.80
  Largest Component: 11
  Num Components: 1
  Active Pairs: 10
  OverlapDiag Sum (indexed): 0.0000 (delta_vs_fitness=0.0000)
  OverlapDiag Pairs: total=45 same_comp=45 broad_reject=26 narrow_checked=45 active=1
  OverlapDiag Active Pairs: none

  --- ACTIVE GENE MAP ---
    Gene  2 (Pair  4- 1): choice=4 (inl=63)
    Gene  3 (Pair  5- 1): choice=1 (inl=76)
    Gene  9 (Pair  3- 2): choice=1 (inl=62)
    Gene 17 (Pair  4- 3): choice=3 (inl=56)
    Gene 19 (Pair  7- 3): choice=3 (inl=86)
    Gene 20 (Pair  8- 3): choice=1 (inl=34)
    Gene 21 (Pair  9- 3): choice=10 (inl=22)
    Gene 30 (Pair  6- 5): choice=6 (inl=90)
    Gene 44 (Pair 10- 9): choice=6 (inl=26)
    Gene 46 (Pair 11-10): choice=1 (inl=38)

  --- SHARD 4 CANDIDATE ANALYSIS ---
    Pair (4-1): Selected=4 / 4 choices
      Choice 1: inliners=32
      Choice 2: inliners=67
      Choice 3: inliners=72
      Choice 4: inliners=63 [SELECTED]
    Pair (4-2): Selected=0 / 5 choices
      Choice 1: inliners=12
      Choice 2: inliners=32
      Choice 3: inliners=20
      Choice 4: inliners=24
      Choice 5: inliners=58
    Pair (4-3): Selected=3 / 4 choices
      Choice 1: inliners=50
      Choice 2: inliners=34
      Choice 3: inliners=56 [SELECTED]
      Choice 4: inliners=34
    Pair (5-4): Selected=0 / 2 choices
      Choice 1: inliners=70
      Choice 2: inliners=77
    Pair (7-4): Selected=0 / 1 choices
      Choice 1: inliners=36
    Pair (8-4): Selected=0 / 5 choices
      Choice 1: inliners=0
      Choice 2: inliners=47
      Choice 3: inliners=14
      Choice 4: inliners=36
      Choice 5: inliners=36
    Pair (9-4): Selected=0 / 8 choices
      Choice 1: inliners=42
      Choice 2: inliners=20
      Choice 3: inliners=32
      Choice 4: inliners=38
      Choice 5: inliners=0
      Choice 6: inliners=36
      Choice 7: inliners=22
      Choice 8: inliners=28
    Pair (10-4): Selected=0 / 2 choices
      Choice 1: inliners=28
      Choice 2: inliners=26
    Pair (11-4): Selected=0 / 3 choices
      Choice 1: inliners=16
      Choice 2: inliners=14
      Choice 3: inliners=36


--- GENERATION 170 BEST BREAKDOWN ---
  Total Fitness: 654.84
  Inlier Reward: 400.03
  Cycle Penalty: 0.00
  Overlap Penalty: 0.00
  Edge Residual Penalty: 0.00
  Edge Rot Residual Penalty: 0.00
  Connectivity Reward: 0.00
  Component Penalty: 0.00
  Consensus Support Reward: 254.80
  Largest Component: 11
  Num Components: 1
  Active Pairs: 10
  OverlapDiag Sum (indexed): 0.0000 (delta_vs_fitness=0.0000)
  OverlapDiag Pairs: total=45 same_comp=45 broad_reject=26 narrow_checked=45 active=1
  OverlapDiag Active Pairs: none

  --- ACTIVE GENE MAP ---
    Gene  2 (Pair  4- 1): choice=4 (inl=63)
    Gene  3 (Pair  5- 1): choice=1 (inl=76)
    Gene  9 (Pair  3- 2): choice=1 (inl=62)
    Gene 17 (Pair  4- 3): choice=3 (inl=56)
    Gene 19 (Pair  7- 3): choice=3 (inl=86)
    Gene 20 (Pair  8- 3): choice=1 (inl=34)
    Gene 21 (Pair  9- 3): choice=10 (inl=22)
    Gene 30 (Pair  6- 5): choice=6 (inl=90)
    Gene 44 (Pair 10- 9): choice=6 (inl=26)
    Gene 46 (Pair 11-10): choice=1 (inl=38)

  --- SHARD 4 CANDIDATE ANALYSIS ---
    Pair (4-1): Selected=4 / 4 choices
      Choice 1: inliners=32
      Choice 2: inliners=67
      Choice 3: inliners=72
      Choice 4: inliners=63 [SELECTED]
    Pair (4-2): Selected=0 / 5 choices
      Choice 1: inliners=12
      Choice 2: inliners=32
      Choice 3: inliners=20
      Choice 4: inliners=24
      Choice 5: inliners=58
    Pair (4-3): Selected=3 / 4 choices
      Choice 1: inliners=50
      Choice 2: inliners=34
      Choice 3: inliners=56 [SELECTED]
      Choice 4: inliners=34
    Pair (5-4): Selected=0 / 2 choices
      Choice 1: inliners=70
      Choice 2: inliners=77
    Pair (7-4): Selected=0 / 1 choices
      Choice 1: inliners=36
    Pair (8-4): Selected=0 / 5 choices
      Choice 1: inliners=0
      Choice 2: inliners=47
      Choice 3: inliners=14
      Choice 4: inliners=36
      Choice 5: inliners=36
    Pair (9-4): Selected=0 / 8 choices
      Choice 1: inliners=42
      Choice 2: inliners=20
      Choice 3: inliners=32
      Choice 4: inliners=38
      Choice 5: inliners=0
      Choice 6: inliners=36
      Choice 7: inliners=22
      Choice 8: inliners=28
    Pair (10-4): Selected=0 / 2 choices
      Choice 1: inliners=28
      Choice 2: inliners=26
    Pair (11-4): Selected=0 / 3 choices
      Choice 1: inliners=16
      Choice 2: inliners=14
      Choice 3: inliners=36


--- GENERATION 180 BEST BREAKDOWN ---
  Total Fitness: 654.84
  Inlier Reward: 400.03
  Cycle Penalty: 0.00
  Overlap Penalty: 0.00
  Edge Residual Penalty: 0.00
  Edge Rot Residual Penalty: 0.00
  Connectivity Reward: 0.00
  Component Penalty: 0.00
  Consensus Support Reward: 254.80
  Largest Component: 11
  Num Components: 1
  Active Pairs: 10
  OverlapDiag Sum (indexed): 0.0000 (delta_vs_fitness=0.0000)
  OverlapDiag Pairs: total=45 same_comp=45 broad_reject=26 narrow_checked=45 active=1
  OverlapDiag Active Pairs: none

  --- ACTIVE GENE MAP ---
    Gene  2 (Pair  4- 1): choice=4 (inl=63)
    Gene  3 (Pair  5- 1): choice=1 (inl=76)
    Gene  9 (Pair  3- 2): choice=1 (inl=62)
    Gene 17 (Pair  4- 3): choice=3 (inl=56)
    Gene 19 (Pair  7- 3): choice=3 (inl=86)
    Gene 20 (Pair  8- 3): choice=1 (inl=34)
    Gene 21 (Pair  9- 3): choice=10 (inl=22)
    Gene 30 (Pair  6- 5): choice=6 (inl=90)
    Gene 44 (Pair 10- 9): choice=6 (inl=26)
    Gene 46 (Pair 11-10): choice=1 (inl=38)

  --- SHARD 4 CANDIDATE ANALYSIS ---
    Pair (4-1): Selected=4 / 4 choices
      Choice 1: inliners=32
      Choice 2: inliners=67
      Choice 3: inliners=72
      Choice 4: inliners=63 [SELECTED]
    Pair (4-2): Selected=0 / 5 choices
      Choice 1: inliners=12
      Choice 2: inliners=32
      Choice 3: inliners=20
      Choice 4: inliners=24
      Choice 5: inliners=58
    Pair (4-3): Selected=3 / 4 choices
      Choice 1: inliners=50
      Choice 2: inliners=34
      Choice 3: inliners=56 [SELECTED]
      Choice 4: inliners=34
    Pair (5-4): Selected=0 / 2 choices
      Choice 1: inliners=70
      Choice 2: inliners=77
    Pair (7-4): Selected=0 / 1 choices
      Choice 1: inliners=36
    Pair (8-4): Selected=0 / 5 choices
      Choice 1: inliners=0
      Choice 2: inliners=47
      Choice 3: inliners=14
      Choice 4: inliners=36
      Choice 5: inliners=36
    Pair (9-4): Selected=0 / 8 choices
      Choice 1: inliners=42
      Choice 2: inliners=20
      Choice 3: inliners=32
      Choice 4: inliners=38
      Choice 5: inliners=0
      Choice 6: inliners=36
      Choice 7: inliners=22
      Choice 8: inliners=28
    Pair (10-4): Selected=0 / 2 choices
      Choice 1: inliners=28
      Choice 2: inliners=26
    Pair (11-4): Selected=0 / 3 choices
      Choice 1: inliners=16
      Choice 2: inliners=14
      Choice 3: inliners=36


--- GENERATION 190 BEST BREAKDOWN ---
  Total Fitness: 654.84
  Inlier Reward: 400.03
  Cycle Penalty: 0.00
  Overlap Penalty: 0.00
  Edge Residual Penalty: 0.00
  Edge Rot Residual Penalty: 0.00
  Connectivity Reward: 0.00
  Component Penalty: 0.00
  Consensus Support Reward: 254.80
  Largest Component: 11
  Num Components: 1
  Active Pairs: 10
  OverlapDiag Sum (indexed): 0.0000 (delta_vs_fitness=0.0000)
  OverlapDiag Pairs: total=45 same_comp=45 broad_reject=26 narrow_checked=45 active=1
  OverlapDiag Active Pairs: none

  --- ACTIVE GENE MAP ---
    Gene  2 (Pair  4- 1): choice=4 (inl=63)
    Gene  3 (Pair  5- 1): choice=1 (inl=76)
    Gene  9 (Pair  3- 2): choice=1 (inl=62)
    Gene 17 (Pair  4- 3): choice=3 (inl=56)
    Gene 19 (Pair  7- 3): choice=3 (inl=86)
    Gene 20 (Pair  8- 3): choice=1 (inl=34)
    Gene 21 (Pair  9- 3): choice=10 (inl=22)
    Gene 30 (Pair  6- 5): choice=6 (inl=90)
    Gene 44 (Pair 10- 9): choice=6 (inl=26)
    Gene 46 (Pair 11-10): choice=1 (inl=38)

  --- SHARD 4 CANDIDATE ANALYSIS ---
    Pair (4-1): Selected=4 / 4 choices
      Choice 1: inliners=32
      Choice 2: inliners=67
      Choice 3: inliners=72
      Choice 4: inliners=63 [SELECTED]
    Pair (4-2): Selected=0 / 5 choices
      Choice 1: inliners=12
      Choice 2: inliners=32
      Choice 3: inliners=20
      Choice 4: inliners=24
      Choice 5: inliners=58
    Pair (4-3): Selected=3 / 4 choices
      Choice 1: inliners=50
      Choice 2: inliners=34
      Choice 3: inliners=56 [SELECTED]
      Choice 4: inliners=34
    Pair (5-4): Selected=0 / 2 choices
      Choice 1: inliners=70
      Choice 2: inliners=77
    Pair (7-4): Selected=0 / 1 choices
      Choice 1: inliners=36
    Pair (8-4): Selected=0 / 5 choices
      Choice 1: inliners=0
      Choice 2: inliners=47
      Choice 3: inliners=14
      Choice 4: inliners=36
      Choice 5: inliners=36
    Pair (9-4): Selected=0 / 8 choices
      Choice 1: inliners=42
      Choice 2: inliners=20
      Choice 3: inliners=32
      Choice 4: inliners=38
      Choice 5: inliners=0
      Choice 6: inliners=36
      Choice 7: inliners=22
      Choice 8: inliners=28
    Pair (10-4): Selected=0 / 2 choices
      Choice 1: inliners=28
      Choice 2: inliners=26
    Pair (11-4): Selected=0 / 3 choices
      Choice 1: inliners=16
      Choice 2: inliners=14
      Choice 3: inliners=36


--- GENERATION 200 BEST BREAKDOWN ---
  Total Fitness: 654.84
  Inlier Reward: 400.03
  Cycle Penalty: 0.00
  Overlap Penalty: 0.00
  Edge Residual Penalty: 0.00
  Edge Rot Residual Penalty: 0.00
  Connectivity Reward: 0.00
  Component Penalty: 0.00
  Consensus Support Reward: 254.80
  Largest Component: 11
  Num Components: 1
  Active Pairs: 10
  OverlapDiag Sum (indexed): 0.0000 (delta_vs_fitness=0.0000)
  OverlapDiag Pairs: total=45 same_comp=45 broad_reject=26 narrow_checked=45 active=1
  OverlapDiag Active Pairs: none

  --- ACTIVE GENE MAP ---
    Gene  2 (Pair  4- 1): choice=4 (inl=63)
    Gene  3 (Pair  5- 1): choice=1 (inl=76)
    Gene  9 (Pair  3- 2): choice=1 (inl=62)
    Gene 17 (Pair  4- 3): choice=3 (inl=56)
    Gene 19 (Pair  7- 3): choice=3 (inl=86)
    Gene 20 (Pair  8- 3): choice=1 (inl=34)
    Gene 21 (Pair  9- 3): choice=10 (inl=22)
    Gene 30 (Pair  6- 5): choice=6 (inl=90)
    Gene 44 (Pair 10- 9): choice=6 (inl=26)
    Gene 46 (Pair 11-10): choice=1 (inl=38)

  --- SHARD 4 CANDIDATE ANALYSIS ---
    Pair (4-1): Selected=4 / 4 choices
      Choice 1: inliners=32
      Choice 2: inliners=67
      Choice 3: inliners=72
      Choice 4: inliners=63 [SELECTED]
    Pair (4-2): Selected=0 / 5 choices
      Choice 1: inliners=12
      Choice 2: inliners=32
      Choice 3: inliners=20
      Choice 4: inliners=24
      Choice 5: inliners=58
    Pair (4-3): Selected=3 / 4 choices
      Choice 1: inliners=50
      Choice 2: inliners=34
      Choice 3: inliners=56 [SELECTED]
      Choice 4: inliners=34
    Pair (5-4): Selected=0 / 2 choices
      Choice 1: inliners=70
      Choice 2: inliners=77
    Pair (7-4): Selected=0 / 1 choices
      Choice 1: inliners=36
    Pair (8-4): Selected=0 / 5 choices
      Choice 1: inliners=0
      Choice 2: inliners=47
      Choice 3: inliners=14
      Choice 4: inliners=36
      Choice 5: inliners=36
    Pair (9-4): Selected=0 / 8 choices
      Choice 1: inliners=42
      Choice 2: inliners=20
      Choice 3: inliners=32
      Choice 4: inliners=38
      Choice 5: inliners=0
      Choice 6: inliners=36
      Choice 7: inliners=22
      Choice 8: inliners=28
    Pair (10-4): Selected=0 / 2 choices
      Choice 1: inliners=28
      Choice 2: inliners=26
    Pair (11-4): Selected=0 / 3 choices
      Choice 1: inliners=16
      Choice 2: inliners=14
      Choice 3: inliners=36


--- GENERATION 210 BEST BREAKDOWN ---
  Total Fitness: 654.84
  Inlier Reward: 400.03
  Cycle Penalty: 0.00
  Overlap Penalty: 0.00
  Edge Residual Penalty: 0.00
  Edge Rot Residual Penalty: 0.00
  Connectivity Reward: 0.00
  Component Penalty: 0.00
  Consensus Support Reward: 254.80
  Largest Component: 11
  Num Components: 1
  Active Pairs: 10
  OverlapDiag Sum (indexed): 0.0000 (delta_vs_fitness=0.0000)
  OverlapDiag Pairs: total=45 same_comp=45 broad_reject=26 narrow_checked=45 active=1
  OverlapDiag Active Pairs: none

  --- ACTIVE GENE MAP ---
    Gene  2 (Pair  4- 1): choice=4 (inl=63)
    Gene  3 (Pair  5- 1): choice=1 (inl=76)
    Gene  9 (Pair  3- 2): choice=1 (inl=62)
    Gene 17 (Pair  4- 3): choice=3 (inl=56)
    Gene 19 (Pair  7- 3): choice=3 (inl=86)
    Gene 20 (Pair  8- 3): choice=1 (inl=34)
    Gene 21 (Pair  9- 3): choice=10 (inl=22)
    Gene 30 (Pair  6- 5): choice=6 (inl=90)
    Gene 44 (Pair 10- 9): choice=6 (inl=26)
    Gene 46 (Pair 11-10): choice=1 (inl=38)

  --- SHARD 4 CANDIDATE ANALYSIS ---
    Pair (4-1): Selected=4 / 4 choices
      Choice 1: inliners=32
      Choice 2: inliners=67
      Choice 3: inliners=72
      Choice 4: inliners=63 [SELECTED]
    Pair (4-2): Selected=0 / 5 choices
      Choice 1: inliners=12
      Choice 2: inliners=32
      Choice 3: inliners=20
      Choice 4: inliners=24
      Choice 5: inliners=58
    Pair (4-3): Selected=3 / 4 choices
      Choice 1: inliners=50
      Choice 2: inliners=34
      Choice 3: inliners=56 [SELECTED]
      Choice 4: inliners=34
    Pair (5-4): Selected=0 / 2 choices
      Choice 1: inliners=70
      Choice 2: inliners=77
    Pair (7-4): Selected=0 / 1 choices
      Choice 1: inliners=36
    Pair (8-4): Selected=0 / 5 choices
      Choice 1: inliners=0
      Choice 2: inliners=47
      Choice 3: inliners=14
      Choice 4: inliners=36
      Choice 5: inliners=36
    Pair (9-4): Selected=0 / 8 choices
      Choice 1: inliners=42
      Choice 2: inliners=20
      Choice 3: inliners=32
      Choice 4: inliners=38
      Choice 5: inliners=0
      Choice 6: inliners=36
      Choice 7: inliners=22
      Choice 8: inliners=28
    Pair (10-4): Selected=0 / 2 choices
      Choice 1: inliners=28
      Choice 2: inliners=26
    Pair (11-4): Selected=0 / 3 choices
      Choice 1: inliners=16
      Choice 2: inliners=14
      Choice 3: inliners=36


--- GENERATION 220 BEST BREAKDOWN ---
  Total Fitness: 654.84
  Inlier Reward: 400.03
  Cycle Penalty: 0.00
  Overlap Penalty: 0.00
  Edge Residual Penalty: 0.00
  Edge Rot Residual Penalty: 0.00
  Connectivity Reward: 0.00
  Component Penalty: 0.00
  Consensus Support Reward: 254.80
  Largest Component: 11
  Num Components: 1
  Active Pairs: 10
  OverlapDiag Sum (indexed): 0.0000 (delta_vs_fitness=0.0000)
  OverlapDiag Pairs: total=45 same_comp=45 broad_reject=26 narrow_checked=45 active=1
  OverlapDiag Active Pairs: none

  --- ACTIVE GENE MAP ---
    Gene  2 (Pair  4- 1): choice=4 (inl=63)
    Gene  3 (Pair  5- 1): choice=1 (inl=76)
    Gene  9 (Pair  3- 2): choice=1 (inl=62)
    Gene 17 (Pair  4- 3): choice=3 (inl=56)
    Gene 19 (Pair  7- 3): choice=3 (inl=86)
    Gene 20 (Pair  8- 3): choice=1 (inl=34)
    Gene 21 (Pair  9- 3): choice=10 (inl=22)
    Gene 30 (Pair  6- 5): choice=6 (inl=90)
    Gene 44 (Pair 10- 9): choice=6 (inl=26)
    Gene 46 (Pair 11-10): choice=1 (inl=38)

  --- SHARD 4 CANDIDATE ANALYSIS ---
    Pair (4-1): Selected=4 / 4 choices
      Choice 1: inliners=32
      Choice 2: inliners=67
      Choice 3: inliners=72
      Choice 4: inliners=63 [SELECTED]
    Pair (4-2): Selected=0 / 5 choices
      Choice 1: inliners=12
      Choice 2: inliners=32
      Choice 3: inliners=20
      Choice 4: inliners=24
      Choice 5: inliners=58
    Pair (4-3): Selected=3 / 4 choices
      Choice 1: inliners=50
      Choice 2: inliners=34
      Choice 3: inliners=56 [SELECTED]
      Choice 4: inliners=34
    Pair (5-4): Selected=0 / 2 choices
      Choice 1: inliners=70
      Choice 2: inliners=77
    Pair (7-4): Selected=0 / 1 choices
      Choice 1: inliners=36
    Pair (8-4): Selected=0 / 5 choices
      Choice 1: inliners=0
      Choice 2: inliners=47
      Choice 3: inliners=14
      Choice 4: inliners=36
      Choice 5: inliners=36
    Pair (9-4): Selected=0 / 8 choices
      Choice 1: inliners=42
      Choice 2: inliners=20
      Choice 3: inliners=32
      Choice 4: inliners=38
      Choice 5: inliners=0
      Choice 6: inliners=36
      Choice 7: inliners=22
      Choice 8: inliners=28
    Pair (10-4): Selected=0 / 2 choices
      Choice 1: inliners=28
      Choice 2: inliners=26
    Pair (11-4): Selected=0 / 3 choices
      Choice 1: inliners=16
      Choice 2: inliners=14
      Choice 3: inliners=36


--- GENERATION 230 BEST BREAKDOWN ---
  Total Fitness: 654.84
  Inlier Reward: 400.03
  Cycle Penalty: 0.00
  Overlap Penalty: 0.00
  Edge Residual Penalty: 0.00
  Edge Rot Residual Penalty: 0.00
  Connectivity Reward: 0.00
  Component Penalty: 0.00
  Consensus Support Reward: 254.80
  Largest Component: 11
  Num Components: 1
  Active Pairs: 10
  OverlapDiag Sum (indexed): 0.0000 (delta_vs_fitness=0.0000)
  OverlapDiag Pairs: total=45 same_comp=45 broad_reject=26 narrow_checked=45 active=1
  OverlapDiag Active Pairs: none

  --- ACTIVE GENE MAP ---
    Gene  2 (Pair  4- 1): choice=4 (inl=63)
    Gene  3 (Pair  5- 1): choice=1 (inl=76)
    Gene  9 (Pair  3- 2): choice=1 (inl=62)
    Gene 17 (Pair  4- 3): choice=3 (inl=56)
    Gene 19 (Pair  7- 3): choice=3 (inl=86)
    Gene 20 (Pair  8- 3): choice=1 (inl=34)
    Gene 21 (Pair  9- 3): choice=10 (inl=22)
    Gene 30 (Pair  6- 5): choice=6 (inl=90)
    Gene 44 (Pair 10- 9): choice=6 (inl=26)
    Gene 46 (Pair 11-10): choice=1 (inl=38)

  --- SHARD 4 CANDIDATE ANALYSIS ---
    Pair (4-1): Selected=4 / 4 choices
      Choice 1: inliners=32
      Choice 2: inliners=67
      Choice 3: inliners=72
      Choice 4: inliners=63 [SELECTED]
    Pair (4-2): Selected=0 / 5 choices
      Choice 1: inliners=12
      Choice 2: inliners=32
      Choice 3: inliners=20
      Choice 4: inliners=24
      Choice 5: inliners=58
    Pair (4-3): Selected=3 / 4 choices
      Choice 1: inliners=50
      Choice 2: inliners=34
      Choice 3: inliners=56 [SELECTED]
      Choice 4: inliners=34
    Pair (5-4): Selected=0 / 2 choices
      Choice 1: inliners=70
      Choice 2: inliners=77
    Pair (7-4): Selected=0 / 1 choices
      Choice 1: inliners=36
    Pair (8-4): Selected=0 / 5 choices
      Choice 1: inliners=0
      Choice 2: inliners=47
      Choice 3: inliners=14
      Choice 4: inliners=36
      Choice 5: inliners=36
    Pair (9-4): Selected=0 / 8 choices
      Choice 1: inliners=42
      Choice 2: inliners=20
      Choice 3: inliners=32
      Choice 4: inliners=38
      Choice 5: inliners=0
      Choice 6: inliners=36
      Choice 7: inliners=22
      Choice 8: inliners=28
    Pair (10-4): Selected=0 / 2 choices
      Choice 1: inliners=28
      Choice 2: inliners=26
    Pair (11-4): Selected=0 / 3 choices
      Choice 1: inliners=16
      Choice 2: inliners=14
      Choice 3: inliners=36


--- GENERATION 240 BEST BREAKDOWN ---
  Total Fitness: 654.84
  Inlier Reward: 400.03
  Cycle Penalty: 0.00
  Overlap Penalty: 0.00
  Edge Residual Penalty: 0.00
  Edge Rot Residual Penalty: 0.00
  Connectivity Reward: 0.00
  Component Penalty: 0.00
  Consensus Support Reward: 254.80
  Largest Component: 11
  Num Components: 1
  Active Pairs: 10
  OverlapDiag Sum (indexed): 0.0000 (delta_vs_fitness=0.0000)
  OverlapDiag Pairs: total=45 same_comp=45 broad_reject=26 narrow_checked=45 active=1
  OverlapDiag Active Pairs: none

  --- ACTIVE GENE MAP ---
    Gene  2 (Pair  4- 1): choice=4 (inl=63)
    Gene  3 (Pair  5- 1): choice=1 (inl=76)
    Gene  9 (Pair  3- 2): choice=1 (inl=62)
    Gene 17 (Pair  4- 3): choice=3 (inl=56)
    Gene 19 (Pair  7- 3): choice=3 (inl=86)
    Gene 20 (Pair  8- 3): choice=1 (inl=34)
    Gene 21 (Pair  9- 3): choice=10 (inl=22)
    Gene 30 (Pair  6- 5): choice=6 (inl=90)
    Gene 44 (Pair 10- 9): choice=6 (inl=26)
    Gene 46 (Pair 11-10): choice=1 (inl=38)

  --- SHARD 4 CANDIDATE ANALYSIS ---
    Pair (4-1): Selected=4 / 4 choices
      Choice 1: inliners=32
      Choice 2: inliners=67
      Choice 3: inliners=72
      Choice 4: inliners=63 [SELECTED]
    Pair (4-2): Selected=0 / 5 choices
      Choice 1: inliners=12
      Choice 2: inliners=32
      Choice 3: inliners=20
      Choice 4: inliners=24
      Choice 5: inliners=58
    Pair (4-3): Selected=3 / 4 choices
      Choice 1: inliners=50
      Choice 2: inliners=34
      Choice 3: inliners=56 [SELECTED]
      Choice 4: inliners=34
    Pair (5-4): Selected=0 / 2 choices
      Choice 1: inliners=70
      Choice 2: inliners=77
    Pair (7-4): Selected=0 / 1 choices
      Choice 1: inliners=36
    Pair (8-4): Selected=0 / 5 choices
      Choice 1: inliners=0
      Choice 2: inliners=47
      Choice 3: inliners=14
      Choice 4: inliners=36
      Choice 5: inliners=36
    Pair (9-4): Selected=0 / 8 choices
      Choice 1: inliners=42
      Choice 2: inliners=20
      Choice 3: inliners=32
      Choice 4: inliners=38
      Choice 5: inliners=0
      Choice 6: inliners=36
      Choice 7: inliners=22
      Choice 8: inliners=28
    Pair (10-4): Selected=0 / 2 choices
      Choice 1: inliners=28
      Choice 2: inliners=26
    Pair (11-4): Selected=0 / 3 choices
      Choice 1: inliners=16
      Choice 2: inliners=14
      Choice 3: inliners=36


--- GENERATION 0 BEST BREAKDOWN ---
  Total Fitness: 420.55
  Inlier Reward: 420.55
  Cycle Penalty: 0.00
  Overlap Penalty: 0.00
  Edge Residual Penalty: 0.00
  Edge Rot Residual Penalty: 0.00
  Connectivity Reward: 0.00
  Component Penalty: 0.00
  Consensus Support Reward: 0.00
  Largest Component: 11
  Num Components: 1
  Active Pairs: 10
  OverlapDiag Sum (indexed): 0.0000 (delta_vs_fitness=0.0000)
  OverlapDiag Pairs: total=45 same_comp=45 broad_reject=33 narrow_checked=45 active=1
  OverlapDiag Active Pairs: none

  --- ACTIVE GENE MAP ---
    Gene  0 (Pair  2- 1): choice=2 (inl=70)
    Gene  1 (Pair  3- 1): choice=4 (inl=72)
    Gene  3 (Pair  5- 1): choice=3 (inl=76)
    Gene  5 (Pair  8- 1): choice=7 (inl=44)
    Gene 14 (Pair  9- 2): choice=2 (inl=45)
    Gene 19 (Pair  7- 3): choice=3 (inl=86)
    Gene 23 (Pair 11- 3): choice=2 (inl=41)
    Gene 24 (Pair  5- 4): choice=2 (inl=77)
    Gene 30 (Pair  6- 5): choice=1 (inl=34)
    Gene 34 (Pair 10- 5): choice=3 (inl=51)

  --- SHARD 4 CANDIDATE ANALYSIS ---
    Pair (4-1): Selected=0 / 4 choices
      Choice 1: inliners=32
      Choice 2: inliners=67
      Choice 3: inliners=72
      Choice 4: inliners=63
    Pair (4-2): Selected=0 / 5 choices
      Choice 1: inliners=12
      Choice 2: inliners=32
      Choice 3: inliners=20
      Choice 4: inliners=24
      Choice 5: inliners=58
    Pair (4-3): Selected=0 / 4 choices
      Choice 1: inliners=50
      Choice 2: inliners=34
      Choice 3: inliners=56
      Choice 4: inliners=34
    Pair (5-4): Selected=2 / 2 choices
      Choice 1: inliners=70
      Choice 2: inliners=77 [SELECTED]
    Pair (7-4): Selected=0 / 1 choices
      Choice 1: inliners=36
    Pair (8-4): Selected=0 / 5 choices
      Choice 1: inliners=0
      Choice 2: inliners=47
      Choice 3: inliners=14
      Choice 4: inliners=36
      Choice 5: inliners=36
    Pair (9-4): Selected=0 / 8 choices
      Choice 1: inliners=42
      Choice 2: inliners=20
      Choice 3: inliners=32
      Choice 4: inliners=38
      Choice 5: inliners=0
      Choice 6: inliners=36
      Choice 7: inliners=22
      Choice 8: inliners=28
    Pair (10-4): Selected=0 / 2 choices
      Choice 1: inliners=28
      Choice 2: inliners=26
    Pair (11-4): Selected=0 / 3 choices
      Choice 1: inliners=16
      Choice 2: inliners=14
      Choice 3: inliners=36


--- GENERATION 10 BEST BREAKDOWN ---
  Total Fitness: 507.07
  Inlier Reward: 446.50
  Cycle Penalty: 0.00
  Overlap Penalty: 0.00
  Edge Residual Penalty: 0.00
  Edge Rot Residual Penalty: 0.00
  Connectivity Reward: 0.00
  Component Penalty: 0.00
  Consensus Support Reward: 60.57
  Largest Component: 11
  Num Components: 1
  Active Pairs: 10
  OverlapDiag Sum (indexed): 0.0000 (delta_vs_fitness=0.0000)
  OverlapDiag Pairs: total=45 same_comp=45 broad_reject=36 narrow_checked=45 active=1
  OverlapDiag Active Pairs: none

  --- ACTIVE GENE MAP ---
    Gene  0 (Pair  2- 1): choice=2 (inl=70)
    Gene  1 (Pair  3- 1): choice=4 (inl=72)
    Gene  2 (Pair  4- 1): choice=4 (inl=63)
    Gene  3 (Pair  5- 1): choice=1 (inl=76)
    Gene 19 (Pair  7- 3): choice=3 (inl=86)
    Gene 20 (Pair  8- 3): choice=7 (inl=22)
    Gene 21 (Pair  9- 3): choice=12 (inl=51)
    Gene 22 (Pair 10- 3): choice=2 (inl=47)
    Gene 30 (Pair  6- 5): choice=6 (inl=90)
    Gene 40 (Pair 11- 7): choice=4 (inl=36)

  --- SHARD 4 CANDIDATE ANALYSIS ---
    Pair (4-1): Selected=4 / 4 choices
      Choice 1: inliners=32
      Choice 2: inliners=67
      Choice 3: inliners=72
      Choice 4: inliners=63 [SELECTED]
    Pair (4-2): Selected=0 / 5 choices
      Choice 1: inliners=12
      Choice 2: inliners=32
      Choice 3: inliners=20
      Choice 4: inliners=24
      Choice 5: inliners=58
    Pair (4-3): Selected=0 / 4 choices
      Choice 1: inliners=50
      Choice 2: inliners=34
      Choice 3: inliners=56
      Choice 4: inliners=34
    Pair (5-4): Selected=0 / 2 choices
      Choice 1: inliners=70
      Choice 2: inliners=77
    Pair (7-4): Selected=0 / 1 choices
      Choice 1: inliners=36
    Pair (8-4): Selected=0 / 5 choices
      Choice 1: inliners=0
      Choice 2: inliners=47
      Choice 3: inliners=14
      Choice 4: inliners=36
      Choice 5: inliners=36
    Pair (9-4): Selected=0 / 8 choices
      Choice 1: inliners=42
      Choice 2: inliners=20
      Choice 3: inliners=32
      Choice 4: inliners=38
      Choice 5: inliners=0
      Choice 6: inliners=36
      Choice 7: inliners=22
      Choice 8: inliners=28
    Pair (10-4): Selected=0 / 2 choices
      Choice 1: inliners=28
      Choice 2: inliners=26
    Pair (11-4): Selected=0 / 3 choices
      Choice 1: inliners=16
      Choice 2: inliners=14
      Choice 3: inliners=36


--- GENERATION 20 BEST BREAKDOWN ---
  Total Fitness: 519.48
  Inlier Reward: 458.91
  Cycle Penalty: 0.00
  Overlap Penalty: 0.00
  Edge Residual Penalty: 0.00
  Edge Rot Residual Penalty: 0.00
  Connectivity Reward: 0.00
  Component Penalty: 0.00
  Consensus Support Reward: 60.57
  Largest Component: 11
  Num Components: 1
  Active Pairs: 10
  OverlapDiag Sum (indexed): 0.0000 (delta_vs_fitness=0.0000)
  OverlapDiag Pairs: total=45 same_comp=45 broad_reject=36 narrow_checked=45 active=2
  OverlapDiag Active Pairs: none

  --- ACTIVE GENE MAP ---
    Gene  0 (Pair  2- 1): choice=2 (inl=70)
    Gene  1 (Pair  3- 1): choice=4 (inl=72)
    Gene  2 (Pair  4- 1): choice=4 (inl=63)
    Gene  3 (Pair  5- 1): choice=1 (inl=76)
    Gene  5 (Pair  8- 1): choice=7 (inl=44)
    Gene 19 (Pair  7- 3): choice=3 (inl=86)
    Gene 21 (Pair  9- 3): choice=12 (inl=51)
    Gene 22 (Pair 10- 3): choice=2 (inl=47)
    Gene 30 (Pair  6- 5): choice=6 (inl=90)
    Gene 40 (Pair 11- 7): choice=4 (inl=36)

  --- SHARD 4 CANDIDATE ANALYSIS ---
    Pair (4-1): Selected=4 / 4 choices
      Choice 1: inliners=32
      Choice 2: inliners=67
      Choice 3: inliners=72
      Choice 4: inliners=63 [SELECTED]
    Pair (4-2): Selected=0 / 5 choices
      Choice 1: inliners=12
      Choice 2: inliners=32
      Choice 3: inliners=20
      Choice 4: inliners=24
      Choice 5: inliners=58
    Pair (4-3): Selected=0 / 4 choices
      Choice 1: inliners=50
      Choice 2: inliners=34
      Choice 3: inliners=56
      Choice 4: inliners=34
    Pair (5-4): Selected=0 / 2 choices
      Choice 1: inliners=70
      Choice 2: inliners=77
    Pair (7-4): Selected=0 / 1 choices
      Choice 1: inliners=36
    Pair (8-4): Selected=0 / 5 choices
      Choice 1: inliners=0
      Choice 2: inliners=47
      Choice 3: inliners=14
      Choice 4: inliners=36
      Choice 5: inliners=36
    Pair (9-4): Selected=0 / 8 choices
      Choice 1: inliners=42
      Choice 2: inliners=20
      Choice 3: inliners=32
      Choice 4: inliners=38
      Choice 5: inliners=0
      Choice 6: inliners=36
      Choice 7: inliners=22
      Choice 8: inliners=28
    Pair (10-4): Selected=0 / 2 choices
      Choice 1: inliners=28
      Choice 2: inliners=26
    Pair (11-4): Selected=0 / 3 choices
      Choice 1: inliners=16
      Choice 2: inliners=14
      Choice 3: inliners=36


--- GENERATION 30 BEST BREAKDOWN ---
  Total Fitness: 534.18
  Inlier Reward: 448.41
  Cycle Penalty: 0.00
  Overlap Penalty: 0.00
  Edge Residual Penalty: 0.00
  Edge Rot Residual Penalty: 0.00
  Connectivity Reward: 0.00
  Component Penalty: 0.00
  Consensus Support Reward: 85.77
  Largest Component: 11
  Num Components: 1
  Active Pairs: 10
  OverlapDiag Sum (indexed): 0.0000 (delta_vs_fitness=0.0000)
  OverlapDiag Pairs: total=45 same_comp=45 broad_reject=36 narrow_checked=45 active=2
  OverlapDiag Active Pairs: none

  --- ACTIVE GENE MAP ---
    Gene  0 (Pair  2- 1): choice=2 (inl=70)
    Gene  1 (Pair  3- 1): choice=4 (inl=72)
    Gene  2 (Pair  4- 1): choice=4 (inl=63)
    Gene  3 (Pair  5- 1): choice=1 (inl=76)
    Gene  5 (Pair  8- 1): choice=7 (inl=44)
    Gene 14 (Pair  9- 2): choice=6 (inl=38)
    Gene 19 (Pair  7- 3): choice=3 (inl=86)
    Gene 22 (Pair 10- 3): choice=2 (inl=47)
    Gene 30 (Pair  6- 5): choice=6 (inl=90)
    Gene 40 (Pair 11- 7): choice=4 (inl=36)

  --- SHARD 4 CANDIDATE ANALYSIS ---
    Pair (4-1): Selected=4 / 4 choices
      Choice 1: inliners=32
      Choice 2: inliners=67
      Choice 3: inliners=72
      Choice 4: inliners=63 [SELECTED]
    Pair (4-2): Selected=0 / 5 choices
      Choice 1: inliners=12
      Choice 2: inliners=32
      Choice 3: inliners=20
      Choice 4: inliners=24
      Choice 5: inliners=58
    Pair (4-3): Selected=0 / 4 choices
      Choice 1: inliners=50
      Choice 2: inliners=34
      Choice 3: inliners=56
      Choice 4: inliners=34
    Pair (5-4): Selected=0 / 2 choices
      Choice 1: inliners=70
      Choice 2: inliners=77
    Pair (7-4): Selected=0 / 1 choices
      Choice 1: inliners=36
    Pair (8-4): Selected=0 / 5 choices
      Choice 1: inliners=0
      Choice 2: inliners=47
      Choice 3: inliners=14
      Choice 4: inliners=36
      Choice 5: inliners=36
    Pair (9-4): Selected=0 / 8 choices
      Choice 1: inliners=42
      Choice 2: inliners=20
      Choice 3: inliners=32
      Choice 4: inliners=38
      Choice 5: inliners=0
      Choice 6: inliners=36
      Choice 7: inliners=22
      Choice 8: inliners=28
    Pair (10-4): Selected=0 / 2 choices
      Choice 1: inliners=28
      Choice 2: inliners=26
    Pair (11-4): Selected=0 / 3 choices
      Choice 1: inliners=16
      Choice 2: inliners=14
      Choice 3: inliners=36


--- GENERATION 40 BEST BREAKDOWN ---
  Total Fitness: 562.55
  Inlier Reward: 438.16
  Cycle Penalty: 0.00
  Overlap Penalty: 0.00
  Edge Residual Penalty: 0.00
  Edge Rot Residual Penalty: 0.00
  Connectivity Reward: 0.00
  Component Penalty: 0.00
  Consensus Support Reward: 124.40
  Largest Component: 11
  Num Components: 1
  Active Pairs: 10
  OverlapDiag Sum (indexed): 0.0000 (delta_vs_fitness=0.0000)
  OverlapDiag Pairs: total=45 same_comp=45 broad_reject=33 narrow_checked=45 active=2
  OverlapDiag Active Pairs: none

  --- ACTIVE GENE MAP ---
    Gene  0 (Pair  2- 1): choice=2 (inl=70)
    Gene  2 (Pair  4- 1): choice=4 (inl=63)
    Gene  3 (Pair  5- 1): choice=1 (inl=76)
    Gene  5 (Pair  8- 1): choice=7 (inl=44)
    Gene 14 (Pair  9- 2): choice=6 (inl=38)
    Gene 19 (Pair  7- 3): choice=3 (inl=86)
    Gene 21 (Pair  9- 3): choice=12 (inl=51)
    Gene 23 (Pair 11- 3): choice=2 (inl=41)
    Gene 30 (Pair  6- 5): choice=6 (inl=90)
    Gene 42 (Pair 10- 8): choice=3 (inl=44)

  --- SHARD 4 CANDIDATE ANALYSIS ---
    Pair (4-1): Selected=4 / 4 choices
      Choice 1: inliners=32
      Choice 2: inliners=67
      Choice 3: inliners=72
      Choice 4: inliners=63 [SELECTED]
    Pair (4-2): Selected=0 / 5 choices
      Choice 1: inliners=12
      Choice 2: inliners=32
      Choice 3: inliners=20
      Choice 4: inliners=24
      Choice 5: inliners=58
    Pair (4-3): Selected=0 / 4 choices
      Choice 1: inliners=50
      Choice 2: inliners=34
      Choice 3: inliners=56
      Choice 4: inliners=34
    Pair (5-4): Selected=0 / 2 choices
      Choice 1: inliners=70
      Choice 2: inliners=77
    Pair (7-4): Selected=0 / 1 choices
      Choice 1: inliners=36
    Pair (8-4): Selected=0 / 5 choices
      Choice 1: inliners=0
      Choice 2: inliners=47
      Choice 3: inliners=14
      Choice 4: inliners=36
      Choice 5: inliners=36
    Pair (9-4): Selected=0 / 8 choices
      Choice 1: inliners=42
      Choice 2: inliners=20
      Choice 3: inliners=32
      Choice 4: inliners=38
      Choice 5: inliners=0
      Choice 6: inliners=36
      Choice 7: inliners=22
      Choice 8: inliners=28
    Pair (10-4): Selected=0 / 2 choices
      Choice 1: inliners=28
      Choice 2: inliners=26
    Pair (11-4): Selected=0 / 3 choices
      Choice 1: inliners=16
      Choice 2: inliners=14
      Choice 3: inliners=36


--- GENERATION 50 BEST BREAKDOWN ---
  Total Fitness: 562.55
  Inlier Reward: 438.16
  Cycle Penalty: 0.00
  Overlap Penalty: 0.00
  Edge Residual Penalty: 0.00
  Edge Rot Residual Penalty: 0.00
  Connectivity Reward: 0.00
  Component Penalty: 0.00
  Consensus Support Reward: 124.40
  Largest Component: 11
  Num Components: 1
  Active Pairs: 10
  OverlapDiag Sum (indexed): 0.0000 (delta_vs_fitness=0.0000)
  OverlapDiag Pairs: total=45 same_comp=45 broad_reject=33 narrow_checked=45 active=2
  OverlapDiag Active Pairs: none

  --- ACTIVE GENE MAP ---
    Gene  0 (Pair  2- 1): choice=2 (inl=70)
    Gene  2 (Pair  4- 1): choice=4 (inl=63)
    Gene  3 (Pair  5- 1): choice=1 (inl=76)
    Gene  5 (Pair  8- 1): choice=7 (inl=44)
    Gene 14 (Pair  9- 2): choice=6 (inl=38)
    Gene 19 (Pair  7- 3): choice=3 (inl=86)
    Gene 21 (Pair  9- 3): choice=12 (inl=51)
    Gene 23 (Pair 11- 3): choice=2 (inl=41)
    Gene 30 (Pair  6- 5): choice=6 (inl=90)
    Gene 42 (Pair 10- 8): choice=3 (inl=44)

  --- SHARD 4 CANDIDATE ANALYSIS ---
    Pair (4-1): Selected=4 / 4 choices
      Choice 1: inliners=32
      Choice 2: inliners=67
      Choice 3: inliners=72
      Choice 4: inliners=63 [SELECTED]
    Pair (4-2): Selected=0 / 5 choices
      Choice 1: inliners=12
      Choice 2: inliners=32
      Choice 3: inliners=20
      Choice 4: inliners=24
      Choice 5: inliners=58
    Pair (4-3): Selected=0 / 4 choices
      Choice 1: inliners=50
      Choice 2: inliners=34
      Choice 3: inliners=56
      Choice 4: inliners=34
    Pair (5-4): Selected=0 / 2 choices
      Choice 1: inliners=70
      Choice 2: inliners=77
    Pair (7-4): Selected=0 / 1 choices
      Choice 1: inliners=36
    Pair (8-4): Selected=0 / 5 choices
      Choice 1: inliners=0
      Choice 2: inliners=47
      Choice 3: inliners=14
      Choice 4: inliners=36
      Choice 5: inliners=36
    Pair (9-4): Selected=0 / 8 choices
      Choice 1: inliners=42
      Choice 2: inliners=20
      Choice 3: inliners=32
      Choice 4: inliners=38
      Choice 5: inliners=0
      Choice 6: inliners=36
      Choice 7: inliners=22
      Choice 8: inliners=28
    Pair (10-4): Selected=0 / 2 choices
      Choice 1: inliners=28
      Choice 2: inliners=26
    Pair (11-4): Selected=0 / 3 choices
      Choice 1: inliners=16
      Choice 2: inliners=14
      Choice 3: inliners=36


--- GENERATION 60 BEST BREAKDOWN ---
  Total Fitness: 562.55
  Inlier Reward: 438.16
  Cycle Penalty: 0.00
  Overlap Penalty: 0.00
  Edge Residual Penalty: 0.00
  Edge Rot Residual Penalty: 0.00
  Connectivity Reward: 0.00
  Component Penalty: 0.00
  Consensus Support Reward: 124.40
  Largest Component: 11
  Num Components: 1
  Active Pairs: 10
  OverlapDiag Sum (indexed): 0.0000 (delta_vs_fitness=0.0000)
  OverlapDiag Pairs: total=45 same_comp=45 broad_reject=33 narrow_checked=45 active=2
  OverlapDiag Active Pairs: none

  --- ACTIVE GENE MAP ---
    Gene  0 (Pair  2- 1): choice=2 (inl=70)
    Gene  2 (Pair  4- 1): choice=4 (inl=63)
    Gene  3 (Pair  5- 1): choice=1 (inl=76)
    Gene  5 (Pair  8- 1): choice=7 (inl=44)
    Gene 14 (Pair  9- 2): choice=6 (inl=38)
    Gene 19 (Pair  7- 3): choice=3 (inl=86)
    Gene 21 (Pair  9- 3): choice=12 (inl=51)
    Gene 23 (Pair 11- 3): choice=2 (inl=41)
    Gene 30 (Pair  6- 5): choice=6 (inl=90)
    Gene 42 (Pair 10- 8): choice=3 (inl=44)

  --- SHARD 4 CANDIDATE ANALYSIS ---
    Pair (4-1): Selected=4 / 4 choices
      Choice 1: inliners=32
      Choice 2: inliners=67
      Choice 3: inliners=72
      Choice 4: inliners=63 [SELECTED]
    Pair (4-2): Selected=0 / 5 choices
      Choice 1: inliners=12
      Choice 2: inliners=32
      Choice 3: inliners=20
      Choice 4: inliners=24
      Choice 5: inliners=58
    Pair (4-3): Selected=0 / 4 choices
      Choice 1: inliners=50
      Choice 2: inliners=34
      Choice 3: inliners=56
      Choice 4: inliners=34
    Pair (5-4): Selected=0 / 2 choices
      Choice 1: inliners=70
      Choice 2: inliners=77
    Pair (7-4): Selected=0 / 1 choices
      Choice 1: inliners=36
    Pair (8-4): Selected=0 / 5 choices
      Choice 1: inliners=0
      Choice 2: inliners=47
      Choice 3: inliners=14
      Choice 4: inliners=36
      Choice 5: inliners=36
    Pair (9-4): Selected=0 / 8 choices
      Choice 1: inliners=42
      Choice 2: inliners=20
      Choice 3: inliners=32
      Choice 4: inliners=38
      Choice 5: inliners=0
      Choice 6: inliners=36
      Choice 7: inliners=22
      Choice 8: inliners=28
    Pair (10-4): Selected=0 / 2 choices
      Choice 1: inliners=28
      Choice 2: inliners=26
    Pair (11-4): Selected=0 / 3 choices
      Choice 1: inliners=16
      Choice 2: inliners=14
      Choice 3: inliners=36


--- GENERATION 70 BEST BREAKDOWN ---
  Total Fitness: 571.45
  Inlier Reward: 447.05
  Cycle Penalty: 0.00
  Overlap Penalty: 0.00
  Edge Residual Penalty: 0.00
  Edge Rot Residual Penalty: 0.00
  Connectivity Reward: 0.00
  Component Penalty: 0.00
  Consensus Support Reward: 124.40
  Largest Component: 11
  Num Components: 1
  Active Pairs: 10
  OverlapDiag Sum (indexed): 0.0000 (delta_vs_fitness=0.0000)
  OverlapDiag Pairs: total=45 same_comp=45 broad_reject=33 narrow_checked=45 active=2
  OverlapDiag Active Pairs: none

  --- ACTIVE GENE MAP ---
    Gene  0 (Pair  2- 1): choice=2 (inl=70)
    Gene  2 (Pair  4- 1): choice=4 (inl=63)
    Gene  3 (Pair  5- 1): choice=1 (inl=76)
    Gene  5 (Pair  8- 1): choice=7 (inl=44)
    Gene 14 (Pair  9- 2): choice=6 (inl=38)
    Gene 19 (Pair  7- 3): choice=3 (inl=86)
    Gene 21 (Pair  9- 3): choice=12 (inl=51)
    Gene 23 (Pair 11- 3): choice=2 (inl=41)
    Gene 30 (Pair  6- 5): choice=6 (inl=90)
    Gene 44 (Pair 10- 9): choice=3 (inl=56)

  --- SHARD 4 CANDIDATE ANALYSIS ---
    Pair (4-1): Selected=4 / 4 choices
      Choice 1: inliners=32
      Choice 2: inliners=67
      Choice 3: inliners=72
      Choice 4: inliners=63 [SELECTED]
    Pair (4-2): Selected=0 / 5 choices
      Choice 1: inliners=12
      Choice 2: inliners=32
      Choice 3: inliners=20
      Choice 4: inliners=24
      Choice 5: inliners=58
    Pair (4-3): Selected=0 / 4 choices
      Choice 1: inliners=50
      Choice 2: inliners=34
      Choice 3: inliners=56
      Choice 4: inliners=34
    Pair (5-4): Selected=0 / 2 choices
      Choice 1: inliners=70
      Choice 2: inliners=77
    Pair (7-4): Selected=0 / 1 choices
      Choice 1: inliners=36
    Pair (8-4): Selected=0 / 5 choices
      Choice 1: inliners=0
      Choice 2: inliners=47
      Choice 3: inliners=14
      Choice 4: inliners=36
      Choice 5: inliners=36
    Pair (9-4): Selected=0 / 8 choices
      Choice 1: inliners=42
      Choice 2: inliners=20
      Choice 3: inliners=32
      Choice 4: inliners=38
      Choice 5: inliners=0
      Choice 6: inliners=36
      Choice 7: inliners=22
      Choice 8: inliners=28
    Pair (10-4): Selected=0 / 2 choices
      Choice 1: inliners=28
      Choice 2: inliners=26
    Pair (11-4): Selected=0 / 3 choices
      Choice 1: inliners=16
      Choice 2: inliners=14
      Choice 3: inliners=36


--- GENERATION 80 BEST BREAKDOWN ---
  Total Fitness: 574.52
  Inlier Reward: 450.12
  Cycle Penalty: 0.00
  Overlap Penalty: 0.00
  Edge Residual Penalty: 0.00
  Edge Rot Residual Penalty: 0.00
  Connectivity Reward: 0.00
  Component Penalty: 0.00
  Consensus Support Reward: 124.40
  Largest Component: 11
  Num Components: 1
  Active Pairs: 10
  OverlapDiag Sum (indexed): 0.0000 (delta_vs_fitness=0.0000)
  OverlapDiag Pairs: total=45 same_comp=45 broad_reject=33 narrow_checked=45 active=1
  OverlapDiag Active Pairs: none

  --- ACTIVE GENE MAP ---
    Gene  0 (Pair  2- 1): choice=2 (inl=70)
    Gene  2 (Pair  4- 1): choice=4 (inl=63)
    Gene  3 (Pair  5- 1): choice=1 (inl=76)
    Gene 14 (Pair  9- 2): choice=6 (inl=38)
    Gene 19 (Pair  7- 3): choice=3 (inl=86)
    Gene 21 (Pair  9- 3): choice=12 (inl=51)
    Gene 23 (Pair 11- 3): choice=2 (inl=41)
    Gene 30 (Pair  6- 5): choice=6 (inl=90)
    Gene 42 (Pair 10- 8): choice=3 (inl=44)
    Gene 44 (Pair 10- 9): choice=3 (inl=56)

  --- SHARD 4 CANDIDATE ANALYSIS ---
    Pair (4-1): Selected=4 / 4 choices
      Choice 1: inliners=32
      Choice 2: inliners=67
      Choice 3: inliners=72
      Choice 4: inliners=63 [SELECTED]
    Pair (4-2): Selected=0 / 5 choices
      Choice 1: inliners=12
      Choice 2: inliners=32
      Choice 3: inliners=20
      Choice 4: inliners=24
      Choice 5: inliners=58
    Pair (4-3): Selected=0 / 4 choices
      Choice 1: inliners=50
      Choice 2: inliners=34
      Choice 3: inliners=56
      Choice 4: inliners=34
    Pair (5-4): Selected=0 / 2 choices
      Choice 1: inliners=70
      Choice 2: inliners=77
    Pair (7-4): Selected=0 / 1 choices
      Choice 1: inliners=36
    Pair (8-4): Selected=0 / 5 choices
      Choice 1: inliners=0
      Choice 2: inliners=47
      Choice 3: inliners=14
      Choice 4: inliners=36
      Choice 5: inliners=36
    Pair (9-4): Selected=0 / 8 choices
      Choice 1: inliners=42
      Choice 2: inliners=20
      Choice 3: inliners=32
      Choice 4: inliners=38
      Choice 5: inliners=0
      Choice 6: inliners=36
      Choice 7: inliners=22
      Choice 8: inliners=28
    Pair (10-4): Selected=0 / 2 choices
      Choice 1: inliners=28
      Choice 2: inliners=26
    Pair (11-4): Selected=0 / 3 choices
      Choice 1: inliners=16
      Choice 2: inliners=14
      Choice 3: inliners=36


--- GENERATION 90 BEST BREAKDOWN ---
  Total Fitness: 574.52
  Inlier Reward: 450.12
  Cycle Penalty: 0.00
  Overlap Penalty: 0.00
  Edge Residual Penalty: 0.00
  Edge Rot Residual Penalty: 0.00
  Connectivity Reward: 0.00
  Component Penalty: 0.00
  Consensus Support Reward: 124.40
  Largest Component: 11
  Num Components: 1
  Active Pairs: 10
  OverlapDiag Sum (indexed): 0.0000 (delta_vs_fitness=0.0000)
  OverlapDiag Pairs: total=45 same_comp=45 broad_reject=33 narrow_checked=45 active=1
  OverlapDiag Active Pairs: none

  --- ACTIVE GENE MAP ---
    Gene  0 (Pair  2- 1): choice=2 (inl=70)
    Gene  2 (Pair  4- 1): choice=4 (inl=63)
    Gene  3 (Pair  5- 1): choice=1 (inl=76)
    Gene 14 (Pair  9- 2): choice=6 (inl=38)
    Gene 19 (Pair  7- 3): choice=3 (inl=86)
    Gene 21 (Pair  9- 3): choice=12 (inl=51)
    Gene 23 (Pair 11- 3): choice=2 (inl=41)
    Gene 30 (Pair  6- 5): choice=6 (inl=90)
    Gene 42 (Pair 10- 8): choice=3 (inl=44)
    Gene 44 (Pair 10- 9): choice=3 (inl=56)

  --- SHARD 4 CANDIDATE ANALYSIS ---
    Pair (4-1): Selected=4 / 4 choices
      Choice 1: inliners=32
      Choice 2: inliners=67
      Choice 3: inliners=72
      Choice 4: inliners=63 [SELECTED]
    Pair (4-2): Selected=0 / 5 choices
      Choice 1: inliners=12
      Choice 2: inliners=32
      Choice 3: inliners=20
      Choice 4: inliners=24
      Choice 5: inliners=58
    Pair (4-3): Selected=0 / 4 choices
      Choice 1: inliners=50
      Choice 2: inliners=34
      Choice 3: inliners=56
      Choice 4: inliners=34
    Pair (5-4): Selected=0 / 2 choices
      Choice 1: inliners=70
      Choice 2: inliners=77
    Pair (7-4): Selected=0 / 1 choices
      Choice 1: inliners=36
    Pair (8-4): Selected=0 / 5 choices
      Choice 1: inliners=0
      Choice 2: inliners=47
      Choice 3: inliners=14
      Choice 4: inliners=36
      Choice 5: inliners=36
    Pair (9-4): Selected=0 / 8 choices
      Choice 1: inliners=42
      Choice 2: inliners=20
      Choice 3: inliners=32
      Choice 4: inliners=38
      Choice 5: inliners=0
      Choice 6: inliners=36
      Choice 7: inliners=22
      Choice 8: inliners=28
    Pair (10-4): Selected=0 / 2 choices
      Choice 1: inliners=28
      Choice 2: inliners=26
    Pair (11-4): Selected=0 / 3 choices
      Choice 1: inliners=16
      Choice 2: inliners=14
      Choice 3: inliners=36


--- GENERATION 100 BEST BREAKDOWN ---
  Total Fitness: 574.52
  Inlier Reward: 450.12
  Cycle Penalty: 0.00
  Overlap Penalty: 0.00
  Edge Residual Penalty: 0.00
  Edge Rot Residual Penalty: 0.00
  Connectivity Reward: 0.00
  Component Penalty: 0.00
  Consensus Support Reward: 124.40
  Largest Component: 11
  Num Components: 1
  Active Pairs: 10
  OverlapDiag Sum (indexed): 0.0000 (delta_vs_fitness=0.0000)
  OverlapDiag Pairs: total=45 same_comp=45 broad_reject=33 narrow_checked=45 active=1
  OverlapDiag Active Pairs: none

  --- ACTIVE GENE MAP ---
    Gene  0 (Pair  2- 1): choice=2 (inl=70)
    Gene  2 (Pair  4- 1): choice=4 (inl=63)
    Gene  3 (Pair  5- 1): choice=1 (inl=76)
    Gene 14 (Pair  9- 2): choice=6 (inl=38)
    Gene 19 (Pair  7- 3): choice=3 (inl=86)
    Gene 21 (Pair  9- 3): choice=12 (inl=51)
    Gene 23 (Pair 11- 3): choice=2 (inl=41)
    Gene 30 (Pair  6- 5): choice=6 (inl=90)
    Gene 42 (Pair 10- 8): choice=3 (inl=44)
    Gene 44 (Pair 10- 9): choice=3 (inl=56)

  --- SHARD 4 CANDIDATE ANALYSIS ---
    Pair (4-1): Selected=4 / 4 choices
      Choice 1: inliners=32
      Choice 2: inliners=67
      Choice 3: inliners=72
      Choice 4: inliners=63 [SELECTED]
    Pair (4-2): Selected=0 / 5 choices
      Choice 1: inliners=12
      Choice 2: inliners=32
      Choice 3: inliners=20
      Choice 4: inliners=24
      Choice 5: inliners=58
    Pair (4-3): Selected=0 / 4 choices
      Choice 1: inliners=50
      Choice 2: inliners=34
      Choice 3: inliners=56
      Choice 4: inliners=34
    Pair (5-4): Selected=0 / 2 choices
      Choice 1: inliners=70
      Choice 2: inliners=77
    Pair (7-4): Selected=0 / 1 choices
      Choice 1: inliners=36
    Pair (8-4): Selected=0 / 5 choices
      Choice 1: inliners=0
      Choice 2: inliners=47
      Choice 3: inliners=14
      Choice 4: inliners=36
      Choice 5: inliners=36
    Pair (9-4): Selected=0 / 8 choices
      Choice 1: inliners=42
      Choice 2: inliners=20
      Choice 3: inliners=32
      Choice 4: inliners=38
      Choice 5: inliners=0
      Choice 6: inliners=36
      Choice 7: inliners=22
      Choice 8: inliners=28
    Pair (10-4): Selected=0 / 2 choices
      Choice 1: inliners=28
      Choice 2: inliners=26
    Pair (11-4): Selected=0 / 3 choices
      Choice 1: inliners=16
      Choice 2: inliners=14
      Choice 3: inliners=36


--- GENERATION 110 BEST BREAKDOWN ---
  Total Fitness: 574.52
  Inlier Reward: 450.12
  Cycle Penalty: 0.00
  Overlap Penalty: 0.00
  Edge Residual Penalty: 0.00
  Edge Rot Residual Penalty: 0.00
  Connectivity Reward: 0.00
  Component Penalty: 0.00
  Consensus Support Reward: 124.40
  Largest Component: 11
  Num Components: 1
  Active Pairs: 10
  OverlapDiag Sum (indexed): 0.0000 (delta_vs_fitness=0.0000)
  OverlapDiag Pairs: total=45 same_comp=45 broad_reject=33 narrow_checked=45 active=1
  OverlapDiag Active Pairs: none

  --- ACTIVE GENE MAP ---
    Gene  0 (Pair  2- 1): choice=2 (inl=70)
    Gene  2 (Pair  4- 1): choice=4 (inl=63)
    Gene  3 (Pair  5- 1): choice=1 (inl=76)
    Gene 14 (Pair  9- 2): choice=6 (inl=38)
    Gene 19 (Pair  7- 3): choice=3 (inl=86)
    Gene 21 (Pair  9- 3): choice=12 (inl=51)
    Gene 23 (Pair 11- 3): choice=2 (inl=41)
    Gene 30 (Pair  6- 5): choice=6 (inl=90)
    Gene 42 (Pair 10- 8): choice=3 (inl=44)
    Gene 44 (Pair 10- 9): choice=3 (inl=56)

  --- SHARD 4 CANDIDATE ANALYSIS ---
    Pair (4-1): Selected=4 / 4 choices
      Choice 1: inliners=32
      Choice 2: inliners=67
      Choice 3: inliners=72
      Choice 4: inliners=63 [SELECTED]
    Pair (4-2): Selected=0 / 5 choices
      Choice 1: inliners=12
      Choice 2: inliners=32
      Choice 3: inliners=20
      Choice 4: inliners=24
      Choice 5: inliners=58
    Pair (4-3): Selected=0 / 4 choices
      Choice 1: inliners=50
      Choice 2: inliners=34
      Choice 3: inliners=56
      Choice 4: inliners=34
    Pair (5-4): Selected=0 / 2 choices
      Choice 1: inliners=70
      Choice 2: inliners=77
    Pair (7-4): Selected=0 / 1 choices
      Choice 1: inliners=36
    Pair (8-4): Selected=0 / 5 choices
      Choice 1: inliners=0
      Choice 2: inliners=47
      Choice 3: inliners=14
      Choice 4: inliners=36
      Choice 5: inliners=36
    Pair (9-4): Selected=0 / 8 choices
      Choice 1: inliners=42
      Choice 2: inliners=20
      Choice 3: inliners=32
      Choice 4: inliners=38
      Choice 5: inliners=0
      Choice 6: inliners=36
      Choice 7: inliners=22
      Choice 8: inliners=28
    Pair (10-4): Selected=0 / 2 choices
      Choice 1: inliners=28
      Choice 2: inliners=26
    Pair (11-4): Selected=0 / 3 choices
      Choice 1: inliners=16
      Choice 2: inliners=14
      Choice 3: inliners=36


--- GENERATION 120 BEST BREAKDOWN ---
  Total Fitness: 574.52
  Inlier Reward: 450.12
  Cycle Penalty: 0.00
  Overlap Penalty: 0.00
  Edge Residual Penalty: 0.00
  Edge Rot Residual Penalty: 0.00
  Connectivity Reward: 0.00
  Component Penalty: 0.00
  Consensus Support Reward: 124.40
  Largest Component: 11
  Num Components: 1
  Active Pairs: 10
  OverlapDiag Sum (indexed): 0.0000 (delta_vs_fitness=0.0000)
  OverlapDiag Pairs: total=45 same_comp=45 broad_reject=33 narrow_checked=45 active=1
  OverlapDiag Active Pairs: none

  --- ACTIVE GENE MAP ---
    Gene  0 (Pair  2- 1): choice=2 (inl=70)
    Gene  2 (Pair  4- 1): choice=4 (inl=63)
    Gene  3 (Pair  5- 1): choice=1 (inl=76)
    Gene 14 (Pair  9- 2): choice=6 (inl=38)
    Gene 19 (Pair  7- 3): choice=3 (inl=86)
    Gene 21 (Pair  9- 3): choice=12 (inl=51)
    Gene 23 (Pair 11- 3): choice=2 (inl=41)
    Gene 30 (Pair  6- 5): choice=6 (inl=90)
    Gene 42 (Pair 10- 8): choice=3 (inl=44)
    Gene 44 (Pair 10- 9): choice=3 (inl=56)

  --- SHARD 4 CANDIDATE ANALYSIS ---
    Pair (4-1): Selected=4 / 4 choices
      Choice 1: inliners=32
      Choice 2: inliners=67
      Choice 3: inliners=72
      Choice 4: inliners=63 [SELECTED]
    Pair (4-2): Selected=0 / 5 choices
      Choice 1: inliners=12
      Choice 2: inliners=32
      Choice 3: inliners=20
      Choice 4: inliners=24
      Choice 5: inliners=58
    Pair (4-3): Selected=0 / 4 choices
      Choice 1: inliners=50
      Choice 2: inliners=34
      Choice 3: inliners=56
      Choice 4: inliners=34
    Pair (5-4): Selected=0 / 2 choices
      Choice 1: inliners=70
      Choice 2: inliners=77
    Pair (7-4): Selected=0 / 1 choices
      Choice 1: inliners=36
    Pair (8-4): Selected=0 / 5 choices
      Choice 1: inliners=0
      Choice 2: inliners=47
      Choice 3: inliners=14
      Choice 4: inliners=36
      Choice 5: inliners=36
    Pair (9-4): Selected=0 / 8 choices
      Choice 1: inliners=42
      Choice 2: inliners=20
      Choice 3: inliners=32
      Choice 4: inliners=38
      Choice 5: inliners=0
      Choice 6: inliners=36
      Choice 7: inliners=22
      Choice 8: inliners=28
    Pair (10-4): Selected=0 / 2 choices
      Choice 1: inliners=28
      Choice 2: inliners=26
    Pair (11-4): Selected=0 / 3 choices
      Choice 1: inliners=16
      Choice 2: inliners=14
      Choice 3: inliners=36


--- GENERATION 130 BEST BREAKDOWN ---
  Total Fitness: 574.52
  Inlier Reward: 450.12
  Cycle Penalty: 0.00
  Overlap Penalty: 0.00
  Edge Residual Penalty: 0.00
  Edge Rot Residual Penalty: 0.00
  Connectivity Reward: 0.00
  Component Penalty: 0.00
  Consensus Support Reward: 124.40
  Largest Component: 11
  Num Components: 1
  Active Pairs: 10
  OverlapDiag Sum (indexed): 0.0000 (delta_vs_fitness=0.0000)
  OverlapDiag Pairs: total=45 same_comp=45 broad_reject=33 narrow_checked=45 active=1
  OverlapDiag Active Pairs: none

  --- ACTIVE GENE MAP ---
    Gene  0 (Pair  2- 1): choice=2 (inl=70)
    Gene  2 (Pair  4- 1): choice=4 (inl=63)
    Gene  3 (Pair  5- 1): choice=1 (inl=76)
    Gene 14 (Pair  9- 2): choice=6 (inl=38)
    Gene 19 (Pair  7- 3): choice=3 (inl=86)
    Gene 21 (Pair  9- 3): choice=12 (inl=51)
    Gene 23 (Pair 11- 3): choice=2 (inl=41)
    Gene 30 (Pair  6- 5): choice=6 (inl=90)
    Gene 42 (Pair 10- 8): choice=3 (inl=44)
    Gene 44 (Pair 10- 9): choice=3 (inl=56)

  --- SHARD 4 CANDIDATE ANALYSIS ---
    Pair (4-1): Selected=4 / 4 choices
      Choice 1: inliners=32
      Choice 2: inliners=67
      Choice 3: inliners=72
      Choice 4: inliners=63 [SELECTED]
    Pair (4-2): Selected=0 / 5 choices
      Choice 1: inliners=12
      Choice 2: inliners=32
      Choice 3: inliners=20
      Choice 4: inliners=24
      Choice 5: inliners=58
    Pair (4-3): Selected=0 / 4 choices
      Choice 1: inliners=50
      Choice 2: inliners=34
      Choice 3: inliners=56
      Choice 4: inliners=34
    Pair (5-4): Selected=0 / 2 choices
      Choice 1: inliners=70
      Choice 2: inliners=77
    Pair (7-4): Selected=0 / 1 choices
      Choice 1: inliners=36
    Pair (8-4): Selected=0 / 5 choices
      Choice 1: inliners=0
      Choice 2: inliners=47
      Choice 3: inliners=14
      Choice 4: inliners=36
      Choice 5: inliners=36
    Pair (9-4): Selected=0 / 8 choices
      Choice 1: inliners=42
      Choice 2: inliners=20
      Choice 3: inliners=32
      Choice 4: inliners=38
      Choice 5: inliners=0
      Choice 6: inliners=36
      Choice 7: inliners=22
      Choice 8: inliners=28
    Pair (10-4): Selected=0 / 2 choices
      Choice 1: inliners=28
      Choice 2: inliners=26
    Pair (11-4): Selected=0 / 3 choices
      Choice 1: inliners=16
      Choice 2: inliners=14
      Choice 3: inliners=36


--- GENERATION 140 BEST BREAKDOWN ---
  Total Fitness: 574.52
  Inlier Reward: 450.12
  Cycle Penalty: 0.00
  Overlap Penalty: 0.00
  Edge Residual Penalty: 0.00
  Edge Rot Residual Penalty: 0.00
  Connectivity Reward: 0.00
  Component Penalty: 0.00
  Consensus Support Reward: 124.40
  Largest Component: 11
  Num Components: 1
  Active Pairs: 10
  OverlapDiag Sum (indexed): 0.0000 (delta_vs_fitness=0.0000)
  OverlapDiag Pairs: total=45 same_comp=45 broad_reject=33 narrow_checked=45 active=1
  OverlapDiag Active Pairs: none

  --- ACTIVE GENE MAP ---
    Gene  0 (Pair  2- 1): choice=2 (inl=70)
    Gene  2 (Pair  4- 1): choice=4 (inl=63)
    Gene  3 (Pair  5- 1): choice=1 (inl=76)
    Gene 14 (Pair  9- 2): choice=6 (inl=38)
    Gene 19 (Pair  7- 3): choice=3 (inl=86)
    Gene 21 (Pair  9- 3): choice=12 (inl=51)
    Gene 23 (Pair 11- 3): choice=2 (inl=41)
    Gene 30 (Pair  6- 5): choice=6 (inl=90)
    Gene 42 (Pair 10- 8): choice=3 (inl=44)
    Gene 44 (Pair 10- 9): choice=3 (inl=56)

  --- SHARD 4 CANDIDATE ANALYSIS ---
    Pair (4-1): Selected=4 / 4 choices
      Choice 1: inliners=32
      Choice 2: inliners=67
      Choice 3: inliners=72
      Choice 4: inliners=63 [SELECTED]
    Pair (4-2): Selected=0 / 5 choices
      Choice 1: inliners=12
      Choice 2: inliners=32
      Choice 3: inliners=20
      Choice 4: inliners=24
      Choice 5: inliners=58
    Pair (4-3): Selected=0 / 4 choices
      Choice 1: inliners=50
      Choice 2: inliners=34
      Choice 3: inliners=56
      Choice 4: inliners=34
    Pair (5-4): Selected=0 / 2 choices
      Choice 1: inliners=70
      Choice 2: inliners=77
    Pair (7-4): Selected=0 / 1 choices
      Choice 1: inliners=36
    Pair (8-4): Selected=0 / 5 choices
      Choice 1: inliners=0
      Choice 2: inliners=47
      Choice 3: inliners=14
      Choice 4: inliners=36
      Choice 5: inliners=36
    Pair (9-4): Selected=0 / 8 choices
      Choice 1: inliners=42
      Choice 2: inliners=20
      Choice 3: inliners=32
      Choice 4: inliners=38
      Choice 5: inliners=0
      Choice 6: inliners=36
      Choice 7: inliners=22
      Choice 8: inliners=28
    Pair (10-4): Selected=0 / 2 choices
      Choice 1: inliners=28
      Choice 2: inliners=26
    Pair (11-4): Selected=0 / 3 choices
      Choice 1: inliners=16
      Choice 2: inliners=14
      Choice 3: inliners=36


--- GENERATION 150 BEST BREAKDOWN ---
  Total Fitness: 574.52
  Inlier Reward: 450.12
  Cycle Penalty: 0.00
  Overlap Penalty: 0.00
  Edge Residual Penalty: 0.00
  Edge Rot Residual Penalty: 0.00
  Connectivity Reward: 0.00
  Component Penalty: 0.00
  Consensus Support Reward: 124.40
  Largest Component: 11
  Num Components: 1
  Active Pairs: 10
  OverlapDiag Sum (indexed): 0.0000 (delta_vs_fitness=0.0000)
  OverlapDiag Pairs: total=45 same_comp=45 broad_reject=33 narrow_checked=45 active=1
  OverlapDiag Active Pairs: none

  --- ACTIVE GENE MAP ---
    Gene  0 (Pair  2- 1): choice=2 (inl=70)
    Gene  2 (Pair  4- 1): choice=4 (inl=63)
    Gene  3 (Pair  5- 1): choice=1 (inl=76)
    Gene 14 (Pair  9- 2): choice=6 (inl=38)
    Gene 19 (Pair  7- 3): choice=3 (inl=86)
    Gene 21 (Pair  9- 3): choice=12 (inl=51)
    Gene 23 (Pair 11- 3): choice=2 (inl=41)
    Gene 30 (Pair  6- 5): choice=6 (inl=90)
    Gene 42 (Pair 10- 8): choice=3 (inl=44)
    Gene 44 (Pair 10- 9): choice=3 (inl=56)

  --- SHARD 4 CANDIDATE ANALYSIS ---
    Pair (4-1): Selected=4 / 4 choices
      Choice 1: inliners=32
      Choice 2: inliners=67
      Choice 3: inliners=72
      Choice 4: inliners=63 [SELECTED]
    Pair (4-2): Selected=0 / 5 choices
      Choice 1: inliners=12
      Choice 2: inliners=32
      Choice 3: inliners=20
      Choice 4: inliners=24
      Choice 5: inliners=58
    Pair (4-3): Selected=0 / 4 choices
      Choice 1: inliners=50
      Choice 2: inliners=34
      Choice 3: inliners=56
      Choice 4: inliners=34
    Pair (5-4): Selected=0 / 2 choices
      Choice 1: inliners=70
      Choice 2: inliners=77
    Pair (7-4): Selected=0 / 1 choices
      Choice 1: inliners=36
    Pair (8-4): Selected=0 / 5 choices
      Choice 1: inliners=0
      Choice 2: inliners=47
      Choice 3: inliners=14
      Choice 4: inliners=36
      Choice 5: inliners=36
    Pair (9-4): Selected=0 / 8 choices
      Choice 1: inliners=42
      Choice 2: inliners=20
      Choice 3: inliners=32
      Choice 4: inliners=38
      Choice 5: inliners=0
      Choice 6: inliners=36
      Choice 7: inliners=22
      Choice 8: inliners=28
    Pair (10-4): Selected=0 / 2 choices
      Choice 1: inliners=28
      Choice 2: inliners=26
    Pair (11-4): Selected=0 / 3 choices
      Choice 1: inliners=16
      Choice 2: inliners=14
      Choice 3: inliners=36


--- GENERATION 160 BEST BREAKDOWN ---
  Total Fitness: 574.52
  Inlier Reward: 450.12
  Cycle Penalty: 0.00
  Overlap Penalty: 0.00
  Edge Residual Penalty: 0.00
  Edge Rot Residual Penalty: 0.00
  Connectivity Reward: 0.00
  Component Penalty: 0.00
  Consensus Support Reward: 124.40
  Largest Component: 11
  Num Components: 1
  Active Pairs: 10
  OverlapDiag Sum (indexed): 0.0000 (delta_vs_fitness=0.0000)
  OverlapDiag Pairs: total=45 same_comp=45 broad_reject=33 narrow_checked=45 active=1
  OverlapDiag Active Pairs: none

  --- ACTIVE GENE MAP ---
    Gene  0 (Pair  2- 1): choice=2 (inl=70)
    Gene  2 (Pair  4- 1): choice=4 (inl=63)
    Gene  3 (Pair  5- 1): choice=1 (inl=76)
    Gene 14 (Pair  9- 2): choice=6 (inl=38)
    Gene 19 (Pair  7- 3): choice=3 (inl=86)
    Gene 21 (Pair  9- 3): choice=12 (inl=51)
    Gene 23 (Pair 11- 3): choice=2 (inl=41)
    Gene 30 (Pair  6- 5): choice=6 (inl=90)
    Gene 42 (Pair 10- 8): choice=3 (inl=44)
    Gene 44 (Pair 10- 9): choice=3 (inl=56)

  --- SHARD 4 CANDIDATE ANALYSIS ---
    Pair (4-1): Selected=4 / 4 choices
      Choice 1: inliners=32
      Choice 2: inliners=67
      Choice 3: inliners=72
      Choice 4: inliners=63 [SELECTED]
    Pair (4-2): Selected=0 / 5 choices
      Choice 1: inliners=12
      Choice 2: inliners=32
      Choice 3: inliners=20
      Choice 4: inliners=24
      Choice 5: inliners=58
    Pair (4-3): Selected=0 / 4 choices
      Choice 1: inliners=50
      Choice 2: inliners=34
      Choice 3: inliners=56
      Choice 4: inliners=34
    Pair (5-4): Selected=0 / 2 choices
      Choice 1: inliners=70
      Choice 2: inliners=77
    Pair (7-4): Selected=0 / 1 choices
      Choice 1: inliners=36
    Pair (8-4): Selected=0 / 5 choices
      Choice 1: inliners=0
      Choice 2: inliners=47
      Choice 3: inliners=14
      Choice 4: inliners=36
      Choice 5: inliners=36
    Pair (9-4): Selected=0 / 8 choices
      Choice 1: inliners=42
      Choice 2: inliners=20
      Choice 3: inliners=32
      Choice 4: inliners=38
      Choice 5: inliners=0
      Choice 6: inliners=36
      Choice 7: inliners=22
      Choice 8: inliners=28
    Pair (10-4): Selected=0 / 2 choices
      Choice 1: inliners=28
      Choice 2: inliners=26
    Pair (11-4): Selected=0 / 3 choices
      Choice 1: inliners=16
      Choice 2: inliners=14
      Choice 3: inliners=36


--- GENERATION 170 BEST BREAKDOWN ---
  Total Fitness: 574.52
  Inlier Reward: 450.12
  Cycle Penalty: 0.00
  Overlap Penalty: 0.00
  Edge Residual Penalty: 0.00
  Edge Rot Residual Penalty: 0.00
  Connectivity Reward: 0.00
  Component Penalty: 0.00
  Consensus Support Reward: 124.40
  Largest Component: 11
  Num Components: 1
  Active Pairs: 10
  OverlapDiag Sum (indexed): 0.0000 (delta_vs_fitness=0.0000)
  OverlapDiag Pairs: total=45 same_comp=45 broad_reject=33 narrow_checked=45 active=1
  OverlapDiag Active Pairs: none

  --- ACTIVE GENE MAP ---
    Gene  0 (Pair  2- 1): choice=2 (inl=70)
    Gene  2 (Pair  4- 1): choice=4 (inl=63)
    Gene  3 (Pair  5- 1): choice=1 (inl=76)
    Gene 14 (Pair  9- 2): choice=6 (inl=38)
    Gene 19 (Pair  7- 3): choice=3 (inl=86)
    Gene 21 (Pair  9- 3): choice=12 (inl=51)
    Gene 23 (Pair 11- 3): choice=2 (inl=41)
    Gene 30 (Pair  6- 5): choice=6 (inl=90)
    Gene 42 (Pair 10- 8): choice=3 (inl=44)
    Gene 44 (Pair 10- 9): choice=3 (inl=56)

  --- SHARD 4 CANDIDATE ANALYSIS ---
    Pair (4-1): Selected=4 / 4 choices
      Choice 1: inliners=32
      Choice 2: inliners=67
      Choice 3: inliners=72
      Choice 4: inliners=63 [SELECTED]
    Pair (4-2): Selected=0 / 5 choices
      Choice 1: inliners=12
      Choice 2: inliners=32
      Choice 3: inliners=20
      Choice 4: inliners=24
      Choice 5: inliners=58
    Pair (4-3): Selected=0 / 4 choices
      Choice 1: inliners=50
      Choice 2: inliners=34
      Choice 3: inliners=56
      Choice 4: inliners=34
    Pair (5-4): Selected=0 / 2 choices
      Choice 1: inliners=70
      Choice 2: inliners=77
    Pair (7-4): Selected=0 / 1 choices
      Choice 1: inliners=36
    Pair (8-4): Selected=0 / 5 choices
      Choice 1: inliners=0
      Choice 2: inliners=47
      Choice 3: inliners=14
      Choice 4: inliners=36
      Choice 5: inliners=36
    Pair (9-4): Selected=0 / 8 choices
      Choice 1: inliners=42
      Choice 2: inliners=20
      Choice 3: inliners=32
      Choice 4: inliners=38
      Choice 5: inliners=0
      Choice 6: inliners=36
      Choice 7: inliners=22
      Choice 8: inliners=28
    Pair (10-4): Selected=0 / 2 choices
      Choice 1: inliners=28
      Choice 2: inliners=26
    Pair (11-4): Selected=0 / 3 choices
      Choice 1: inliners=16
      Choice 2: inliners=14
      Choice 3: inliners=36


--- GENERATION 180 BEST BREAKDOWN ---
  Total Fitness: 574.52
  Inlier Reward: 450.12
  Cycle Penalty: 0.00
  Overlap Penalty: 0.00
  Edge Residual Penalty: 0.00
  Edge Rot Residual Penalty: 0.00
  Connectivity Reward: 0.00
  Component Penalty: 0.00
  Consensus Support Reward: 124.40
  Largest Component: 11
  Num Components: 1
  Active Pairs: 10
  OverlapDiag Sum (indexed): 0.0000 (delta_vs_fitness=0.0000)
  OverlapDiag Pairs: total=45 same_comp=45 broad_reject=33 narrow_checked=45 active=1
  OverlapDiag Active Pairs: none

  --- ACTIVE GENE MAP ---
    Gene  0 (Pair  2- 1): choice=2 (inl=70)
    Gene  2 (Pair  4- 1): choice=4 (inl=63)
    Gene  3 (Pair  5- 1): choice=1 (inl=76)
    Gene 14 (Pair  9- 2): choice=6 (inl=38)
    Gene 19 (Pair  7- 3): choice=3 (inl=86)
    Gene 21 (Pair  9- 3): choice=12 (inl=51)
    Gene 23 (Pair 11- 3): choice=2 (inl=41)
    Gene 30 (Pair  6- 5): choice=6 (inl=90)
    Gene 42 (Pair 10- 8): choice=3 (inl=44)
    Gene 44 (Pair 10- 9): choice=3 (inl=56)

  --- SHARD 4 CANDIDATE ANALYSIS ---
    Pair (4-1): Selected=4 / 4 choices
      Choice 1: inliners=32
      Choice 2: inliners=67
      Choice 3: inliners=72
      Choice 4: inliners=63 [SELECTED]
    Pair (4-2): Selected=0 / 5 choices
      Choice 1: inliners=12
      Choice 2: inliners=32
      Choice 3: inliners=20
      Choice 4: inliners=24
      Choice 5: inliners=58
    Pair (4-3): Selected=0 / 4 choices
      Choice 1: inliners=50
      Choice 2: inliners=34
      Choice 3: inliners=56
      Choice 4: inliners=34
    Pair (5-4): Selected=0 / 2 choices
      Choice 1: inliners=70
      Choice 2: inliners=77
    Pair (7-4): Selected=0 / 1 choices
      Choice 1: inliners=36
    Pair (8-4): Selected=0 / 5 choices
      Choice 1: inliners=0
      Choice 2: inliners=47
      Choice 3: inliners=14
      Choice 4: inliners=36
      Choice 5: inliners=36
    Pair (9-4): Selected=0 / 8 choices
      Choice 1: inliners=42
      Choice 2: inliners=20
      Choice 3: inliners=32
      Choice 4: inliners=38
      Choice 5: inliners=0
      Choice 6: inliners=36
      Choice 7: inliners=22
      Choice 8: inliners=28
    Pair (10-4): Selected=0 / 2 choices
      Choice 1: inliners=28
      Choice 2: inliners=26
    Pair (11-4): Selected=0 / 3 choices
      Choice 1: inliners=16
      Choice 2: inliners=14
      Choice 3: inliners=36


--- GENERATION 190 BEST BREAKDOWN ---
  Total Fitness: 574.52
  Inlier Reward: 450.12
  Cycle Penalty: 0.00
  Overlap Penalty: 0.00
  Edge Residual Penalty: 0.00
  Edge Rot Residual Penalty: 0.00
  Connectivity Reward: 0.00
  Component Penalty: 0.00
  Consensus Support Reward: 124.40
  Largest Component: 11
  Num Components: 1
  Active Pairs: 10
  OverlapDiag Sum (indexed): 0.0000 (delta_vs_fitness=0.0000)
  OverlapDiag Pairs: total=45 same_comp=45 broad_reject=33 narrow_checked=45 active=1
  OverlapDiag Active Pairs: none

  --- ACTIVE GENE MAP ---
    Gene  0 (Pair  2- 1): choice=2 (inl=70)
    Gene  2 (Pair  4- 1): choice=4 (inl=63)
    Gene  3 (Pair  5- 1): choice=1 (inl=76)
    Gene 14 (Pair  9- 2): choice=6 (inl=38)
    Gene 19 (Pair  7- 3): choice=3 (inl=86)
    Gene 21 (Pair  9- 3): choice=12 (inl=51)
    Gene 23 (Pair 11- 3): choice=2 (inl=41)
    Gene 30 (Pair  6- 5): choice=6 (inl=90)
    Gene 42 (Pair 10- 8): choice=3 (inl=44)
    Gene 44 (Pair 10- 9): choice=3 (inl=56)

  --- SHARD 4 CANDIDATE ANALYSIS ---
    Pair (4-1): Selected=4 / 4 choices
      Choice 1: inliners=32
      Choice 2: inliners=67
      Choice 3: inliners=72
      Choice 4: inliners=63 [SELECTED]
    Pair (4-2): Selected=0 / 5 choices
      Choice 1: inliners=12
      Choice 2: inliners=32
      Choice 3: inliners=20
      Choice 4: inliners=24
      Choice 5: inliners=58
    Pair (4-3): Selected=0 / 4 choices
      Choice 1: inliners=50
      Choice 2: inliners=34
      Choice 3: inliners=56
      Choice 4: inliners=34
    Pair (5-4): Selected=0 / 2 choices
      Choice 1: inliners=70
      Choice 2: inliners=77
    Pair (7-4): Selected=0 / 1 choices
      Choice 1: inliners=36
    Pair (8-4): Selected=0 / 5 choices
      Choice 1: inliners=0
      Choice 2: inliners=47
      Choice 3: inliners=14
      Choice 4: inliners=36
      Choice 5: inliners=36
    Pair (9-4): Selected=0 / 8 choices
      Choice 1: inliners=42
      Choice 2: inliners=20
      Choice 3: inliners=32
      Choice 4: inliners=38
      Choice 5: inliners=0
      Choice 6: inliners=36
      Choice 7: inliners=22
      Choice 8: inliners=28
    Pair (10-4): Selected=0 / 2 choices
      Choice 1: inliners=28
      Choice 2: inliners=26
    Pair (11-4): Selected=0 / 3 choices
      Choice 1: inliners=16
      Choice 2: inliners=14
      Choice 3: inliners=36


--- GENERATION 0 BEST BREAKDOWN ---
  Total Fitness: 399.82
  Inlier Reward: 399.82
  Cycle Penalty: 0.00
  Overlap Penalty: 0.00
  Edge Residual Penalty: 0.00
  Edge Rot Residual Penalty: 0.00
  Connectivity Reward: 0.00
  Component Penalty: 0.00
  Consensus Support Reward: 0.00
  Largest Component: 11
  Num Components: 1
  Active Pairs: 10
  OverlapDiag Sum (indexed): 0.0000 (delta_vs_fitness=0.0000)
  OverlapDiag Pairs: total=45 same_comp=45 broad_reject=30 narrow_checked=45 active=0
  OverlapDiag Active Pairs: none

  --- ACTIVE GENE MAP ---
    Gene  1 (Pair  3- 1): choice=3 (inl=53)
    Gene  2 (Pair  4- 1): choice=3 (inl=72)
    Gene  3 (Pair  5- 1): choice=1 (inl=76)
    Gene  5 (Pair  8- 1): choice=6 (inl=53)
    Gene 10 (Pair  4- 2): choice=5 (inl=58)
    Gene 14 (Pair  9- 2): choice=5 (inl=40)
    Gene 19 (Pair  7- 3): choice=3 (inl=86)
    Gene 22 (Pair 10- 3): choice=8 (inl=44)
    Gene 30 (Pair  6- 5): choice=1 (inl=34)
    Gene 46 (Pair 11-10): choice=1 (inl=38)

  --- SHARD 4 CANDIDATE ANALYSIS ---
    Pair (4-1): Selected=3 / 4 choices
      Choice 1: inliners=32
      Choice 2: inliners=67
      Choice 3: inliners=72 [SELECTED]
      Choice 4: inliners=63
    Pair (4-2): Selected=5 / 5 choices
      Choice 1: inliners=12
      Choice 2: inliners=32
      Choice 3: inliners=20
      Choice 4: inliners=24
      Choice 5: inliners=58 [SELECTED]
    Pair (4-3): Selected=0 / 4 choices
      Choice 1: inliners=50
      Choice 2: inliners=34
      Choice 3: inliners=56
      Choice 4: inliners=34
    Pair (5-4): Selected=0 / 2 choices
      Choice 1: inliners=70
      Choice 2: inliners=77
    Pair (7-4): Selected=0 / 1 choices
      Choice 1: inliners=36
    Pair (8-4): Selected=0 / 5 choices
      Choice 1: inliners=0
      Choice 2: inliners=47
      Choice 3: inliners=14
      Choice 4: inliners=36
      Choice 5: inliners=36
    Pair (9-4): Selected=0 / 8 choices
      Choice 1: inliners=42
      Choice 2: inliners=20
      Choice 3: inliners=32
      Choice 4: inliners=38
      Choice 5: inliners=0
      Choice 6: inliners=36
      Choice 7: inliners=22
      Choice 8: inliners=28
    Pair (10-4): Selected=0 / 2 choices
      Choice 1: inliners=28
      Choice 2: inliners=26
    Pair (11-4): Selected=0 / 3 choices
      Choice 1: inliners=16
      Choice 2: inliners=14
      Choice 3: inliners=36


--- GENERATION 10 BEST BREAKDOWN ---
  Total Fitness: 507.70
  Inlier Reward: 393.74
  Cycle Penalty: 0.00
  Overlap Penalty: 0.00
  Edge Residual Penalty: 0.00
  Edge Rot Residual Penalty: 0.00
  Connectivity Reward: 0.00
  Component Penalty: 0.00
  Consensus Support Reward: 113.96
  Largest Component: 11
  Num Components: 1
  Active Pairs: 10
  OverlapDiag Sum (indexed): 0.0000 (delta_vs_fitness=0.0000)
  OverlapDiag Pairs: total=45 same_comp=45 broad_reject=35 narrow_checked=45 active=0
  OverlapDiag Active Pairs: none

  --- ACTIVE GENE MAP ---
    Gene  0 (Pair  2- 1): choice=2 (inl=70)
    Gene  3 (Pair  5- 1): choice=1 (inl=76)
    Gene  5 (Pair  8- 1): choice=8 (inl=40)
    Gene  6 (Pair  9- 1): choice=2 (inl=40)
    Gene  7 (Pair 10- 1): choice=2 (inl=40)
    Gene  9 (Pair  3- 2): choice=1 (inl=62)
    Gene 17 (Pair  4- 3): choice=3 (inl=56)
    Gene 19 (Pair  7- 3): choice=3 (inl=86)
    Gene 23 (Pair 11- 3): choice=2 (inl=41)
    Gene 30 (Pair  6- 5): choice=1 (inl=34)

  --- SHARD 4 CANDIDATE ANALYSIS ---
    Pair (4-1): Selected=0 / 4 choices
      Choice 1: inliners=32
      Choice 2: inliners=67
      Choice 3: inliners=72
      Choice 4: inliners=63
    Pair (4-2): Selected=0 / 5 choices
      Choice 1: inliners=12
      Choice 2: inliners=32
      Choice 3: inliners=20
      Choice 4: inliners=24
      Choice 5: inliners=58
    Pair (4-3): Selected=3 / 4 choices
      Choice 1: inliners=50
      Choice 2: inliners=34
      Choice 3: inliners=56 [SELECTED]
      Choice 4: inliners=34
    Pair (5-4): Selected=0 / 2 choices
      Choice 1: inliners=70
      Choice 2: inliners=77
    Pair (7-4): Selected=0 / 1 choices
      Choice 1: inliners=36
    Pair (8-4): Selected=0 / 5 choices
      Choice 1: inliners=0
      Choice 2: inliners=47
      Choice 3: inliners=14
      Choice 4: inliners=36
      Choice 5: inliners=36
    Pair (9-4): Selected=0 / 8 choices
      Choice 1: inliners=42
      Choice 2: inliners=20
      Choice 3: inliners=32
      Choice 4: inliners=38
      Choice 5: inliners=0
      Choice 6: inliners=36
      Choice 7: inliners=22
      Choice 8: inliners=28
    Pair (10-4): Selected=0 / 2 choices
      Choice 1: inliners=28
      Choice 2: inliners=26
    Pair (11-4): Selected=0 / 3 choices
      Choice 1: inliners=16
      Choice 2: inliners=14
      Choice 3: inliners=36


--- GENERATION 20 BEST BREAKDOWN ---
  Total Fitness: 522.82
  Inlier Reward: 374.61
  Cycle Penalty: 0.00
  Overlap Penalty: 0.00
  Edge Residual Penalty: 0.00
  Edge Rot Residual Penalty: 0.00
  Connectivity Reward: 0.00
  Component Penalty: 0.00
  Consensus Support Reward: 148.21
  Largest Component: 11
  Num Components: 1
  Active Pairs: 10
  OverlapDiag Sum (indexed): 0.0000 (delta_vs_fitness=0.0000)
  OverlapDiag Pairs: total=45 same_comp=45 broad_reject=34 narrow_checked=45 active=1
  OverlapDiag Active Pairs: none

  --- ACTIVE GENE MAP ---
    Gene  0 (Pair  2- 1): choice=2 (inl=70)
    Gene  2 (Pair  4- 1): choice=4 (inl=63)
    Gene  3 (Pair  5- 1): choice=1 (inl=76)
    Gene  6 (Pair  9- 1): choice=2 (inl=40)
    Gene 18 (Pair  5- 3): choice=6 (inl=36)
    Gene 19 (Pair  7- 3): choice=3 (inl=86)
    Gene 22 (Pair 10- 3): choice=1 (inl=38)
    Gene 23 (Pair 11- 3): choice=2 (inl=41)
    Gene 26 (Pair  8- 4): choice=5 (inl=36)
    Gene 30 (Pair  6- 5): choice=1 (inl=34)

  --- SHARD 4 CANDIDATE ANALYSIS ---
    Pair (4-1): Selected=4 / 4 choices
      Choice 1: inliners=32
      Choice 2: inliners=67
      Choice 3: inliners=72
      Choice 4: inliners=63 [SELECTED]
    Pair (4-2): Selected=0 / 5 choices
      Choice 1: inliners=12
      Choice 2: inliners=32
      Choice 3: inliners=20
      Choice 4: inliners=24
      Choice 5: inliners=58
    Pair (4-3): Selected=0 / 4 choices
      Choice 1: inliners=50
      Choice 2: inliners=34
      Choice 3: inliners=56
      Choice 4: inliners=34
    Pair (5-4): Selected=0 / 2 choices
      Choice 1: inliners=70
      Choice 2: inliners=77
    Pair (7-4): Selected=0 / 1 choices
      Choice 1: inliners=36
    Pair (8-4): Selected=5 / 5 choices
      Choice 1: inliners=0
      Choice 2: inliners=47
      Choice 3: inliners=14
      Choice 4: inliners=36
      Choice 5: inliners=36 [SELECTED]
    Pair (9-4): Selected=0 / 8 choices
      Choice 1: inliners=42
      Choice 2: inliners=20
      Choice 3: inliners=32
      Choice 4: inliners=38
      Choice 5: inliners=0
      Choice 6: inliners=36
      Choice 7: inliners=22
      Choice 8: inliners=28
    Pair (10-4): Selected=0 / 2 choices
      Choice 1: inliners=28
      Choice 2: inliners=26
    Pair (11-4): Selected=0 / 3 choices
      Choice 1: inliners=16
      Choice 2: inliners=14
      Choice 3: inliners=36


--- GENERATION 30 BEST BREAKDOWN ---
  Total Fitness: 522.82
  Inlier Reward: 374.61
  Cycle Penalty: 0.00
  Overlap Penalty: 0.00
  Edge Residual Penalty: 0.00
  Edge Rot Residual Penalty: 0.00
  Connectivity Reward: 0.00
  Component Penalty: 0.00
  Consensus Support Reward: 148.21
  Largest Component: 11
  Num Components: 1
  Active Pairs: 10
  OverlapDiag Sum (indexed): 0.0000 (delta_vs_fitness=0.0000)
  OverlapDiag Pairs: total=45 same_comp=45 broad_reject=34 narrow_checked=45 active=1
  OverlapDiag Active Pairs: none

  --- ACTIVE GENE MAP ---
    Gene  0 (Pair  2- 1): choice=2 (inl=70)
    Gene  2 (Pair  4- 1): choice=4 (inl=63)
    Gene  3 (Pair  5- 1): choice=1 (inl=76)
    Gene  6 (Pair  9- 1): choice=2 (inl=40)
    Gene 18 (Pair  5- 3): choice=6 (inl=36)
    Gene 19 (Pair  7- 3): choice=3 (inl=86)
    Gene 22 (Pair 10- 3): choice=1 (inl=38)
    Gene 23 (Pair 11- 3): choice=2 (inl=41)
    Gene 26 (Pair  8- 4): choice=5 (inl=36)
    Gene 30 (Pair  6- 5): choice=1 (inl=34)

  --- SHARD 4 CANDIDATE ANALYSIS ---
    Pair (4-1): Selected=4 / 4 choices
      Choice 1: inliners=32
      Choice 2: inliners=67
      Choice 3: inliners=72
      Choice 4: inliners=63 [SELECTED]
    Pair (4-2): Selected=0 / 5 choices
      Choice 1: inliners=12
      Choice 2: inliners=32
      Choice 3: inliners=20
      Choice 4: inliners=24
      Choice 5: inliners=58
    Pair (4-3): Selected=0 / 4 choices
      Choice 1: inliners=50
      Choice 2: inliners=34
      Choice 3: inliners=56
      Choice 4: inliners=34
    Pair (5-4): Selected=0 / 2 choices
      Choice 1: inliners=70
      Choice 2: inliners=77
    Pair (7-4): Selected=0 / 1 choices
      Choice 1: inliners=36
    Pair (8-4): Selected=5 / 5 choices
      Choice 1: inliners=0
      Choice 2: inliners=47
      Choice 3: inliners=14
      Choice 4: inliners=36
      Choice 5: inliners=36 [SELECTED]
    Pair (9-4): Selected=0 / 8 choices
      Choice 1: inliners=42
      Choice 2: inliners=20
      Choice 3: inliners=32
      Choice 4: inliners=38
      Choice 5: inliners=0
      Choice 6: inliners=36
      Choice 7: inliners=22
      Choice 8: inliners=28
    Pair (10-4): Selected=0 / 2 choices
      Choice 1: inliners=28
      Choice 2: inliners=26
    Pair (11-4): Selected=0 / 3 choices
      Choice 1: inliners=16
      Choice 2: inliners=14
      Choice 3: inliners=36


--- GENERATION 40 BEST BREAKDOWN ---
  Total Fitness: 537.55
  Inlier Reward: 439.71
  Cycle Penalty: 0.00
  Overlap Penalty: 0.00
  Edge Residual Penalty: 0.00
  Edge Rot Residual Penalty: 0.00
  Connectivity Reward: 0.00
  Component Penalty: 0.00
  Consensus Support Reward: 97.83
  Largest Component: 11
  Num Components: 1
  Active Pairs: 10
  OverlapDiag Sum (indexed): 0.0000 (delta_vs_fitness=0.0000)
  OverlapDiag Pairs: total=45 same_comp=45 broad_reject=33 narrow_checked=45 active=1
  OverlapDiag Active Pairs: none

  --- ACTIVE GENE MAP ---
    Gene  0 (Pair  2- 1): choice=2 (inl=70)
    Gene  2 (Pair  4- 1): choice=4 (inl=63)
    Gene  3 (Pair  5- 1): choice=1 (inl=76)
    Gene  5 (Pair  8- 1): choice=7 (inl=44)
    Gene  6 (Pair  9- 1): choice=2 (inl=40)
    Gene  9 (Pair  3- 2): choice=1 (inl=62)
    Gene 19 (Pair  7- 3): choice=3 (inl=86)
    Gene 22 (Pair 10- 3): choice=8 (inl=44)
    Gene 30 (Pair  6- 5): choice=5 (inl=77)
    Gene 40 (Pair 11- 7): choice=4 (inl=36)

  --- SHARD 4 CANDIDATE ANALYSIS ---
    Pair (4-1): Selected=4 / 4 choices
      Choice 1: inliners=32
      Choice 2: inliners=67
      Choice 3: inliners=72
      Choice 4: inliners=63 [SELECTED]
    Pair (4-2): Selected=0 / 5 choices
      Choice 1: inliners=12
      Choice 2: inliners=32
      Choice 3: inliners=20
      Choice 4: inliners=24
      Choice 5: inliners=58
    Pair (4-3): Selected=0 / 4 choices
      Choice 1: inliners=50
      Choice 2: inliners=34
      Choice 3: inliners=56
      Choice 4: inliners=34
    Pair (5-4): Selected=0 / 2 choices
      Choice 1: inliners=70
      Choice 2: inliners=77
    Pair (7-4): Selected=0 / 1 choices
      Choice 1: inliners=36
    Pair (8-4): Selected=0 / 5 choices
      Choice 1: inliners=0
      Choice 2: inliners=47
      Choice 3: inliners=14
      Choice 4: inliners=36
      Choice 5: inliners=36
    Pair (9-4): Selected=0 / 8 choices
      Choice 1: inliners=42
      Choice 2: inliners=20
      Choice 3: inliners=32
      Choice 4: inliners=38
      Choice 5: inliners=0
      Choice 6: inliners=36
      Choice 7: inliners=22
      Choice 8: inliners=28
    Pair (10-4): Selected=0 / 2 choices
      Choice 1: inliners=28
      Choice 2: inliners=26
    Pair (11-4): Selected=0 / 3 choices
      Choice 1: inliners=16
      Choice 2: inliners=14
      Choice 3: inliners=36


--- GENERATION 50 BEST BREAKDOWN ---
  Total Fitness: 564.31
  Inlier Reward: 439.92
  Cycle Penalty: 0.00
  Overlap Penalty: 0.00
  Edge Residual Penalty: 0.00
  Edge Rot Residual Penalty: 0.00
  Connectivity Reward: 0.00
  Component Penalty: 0.00
  Consensus Support Reward: 124.40
  Largest Component: 11
  Num Components: 1
  Active Pairs: 10
  OverlapDiag Sum (indexed): 0.0000 (delta_vs_fitness=0.0000)
  OverlapDiag Pairs: total=45 same_comp=45 broad_reject=33 narrow_checked=45 active=2
  OverlapDiag Active Pairs: none

  --- ACTIVE GENE MAP ---
    Gene  0 (Pair  2- 1): choice=2 (inl=70)
    Gene  2 (Pair  4- 1): choice=4 (inl=63)
    Gene  3 (Pair  5- 1): choice=1 (inl=76)
    Gene  5 (Pair  8- 1): choice=7 (inl=44)
    Gene 14 (Pair  9- 2): choice=6 (inl=38)
    Gene 19 (Pair  7- 3): choice=3 (inl=86)
    Gene 21 (Pair  9- 3): choice=12 (inl=51)
    Gene 23 (Pair 11- 3): choice=2 (inl=41)
    Gene 30 (Pair  6- 5): choice=5 (inl=77)
    Gene 44 (Pair 10- 9): choice=3 (inl=56)

  --- SHARD 4 CANDIDATE ANALYSIS ---
    Pair (4-1): Selected=4 / 4 choices
      Choice 1: inliners=32
      Choice 2: inliners=67
      Choice 3: inliners=72
      Choice 4: inliners=63 [SELECTED]
    Pair (4-2): Selected=0 / 5 choices
      Choice 1: inliners=12
      Choice 2: inliners=32
      Choice 3: inliners=20
      Choice 4: inliners=24
      Choice 5: inliners=58
    Pair (4-3): Selected=0 / 4 choices
      Choice 1: inliners=50
      Choice 2: inliners=34
      Choice 3: inliners=56
      Choice 4: inliners=34
    Pair (5-4): Selected=0 / 2 choices
      Choice 1: inliners=70
      Choice 2: inliners=77
    Pair (7-4): Selected=0 / 1 choices
      Choice 1: inliners=36
    Pair (8-4): Selected=0 / 5 choices
      Choice 1: inliners=0
      Choice 2: inliners=47
      Choice 3: inliners=14
      Choice 4: inliners=36
      Choice 5: inliners=36
    Pair (9-4): Selected=0 / 8 choices
      Choice 1: inliners=42
      Choice 2: inliners=20
      Choice 3: inliners=32
      Choice 4: inliners=38
      Choice 5: inliners=0
      Choice 6: inliners=36
      Choice 7: inliners=22
      Choice 8: inliners=28
    Pair (10-4): Selected=0 / 2 choices
      Choice 1: inliners=28
      Choice 2: inliners=26
    Pair (11-4): Selected=0 / 3 choices
      Choice 1: inliners=16
      Choice 2: inliners=14
      Choice 3: inliners=36


--- GENERATION 60 BEST BREAKDOWN ---
  Total Fitness: 571.45
  Inlier Reward: 447.05
  Cycle Penalty: 0.00
  Overlap Penalty: 0.00
  Edge Residual Penalty: 0.00
  Edge Rot Residual Penalty: 0.00
  Connectivity Reward: 0.00
  Component Penalty: 0.00
  Consensus Support Reward: 124.40
  Largest Component: 11
  Num Components: 1
  Active Pairs: 10
  OverlapDiag Sum (indexed): 0.0000 (delta_vs_fitness=0.0000)
  OverlapDiag Pairs: total=45 same_comp=45 broad_reject=33 narrow_checked=45 active=2
  OverlapDiag Active Pairs: none

  --- ACTIVE GENE MAP ---
    Gene  0 (Pair  2- 1): choice=2 (inl=70)
    Gene  2 (Pair  4- 1): choice=4 (inl=63)
    Gene  3 (Pair  5- 1): choice=1 (inl=76)
    Gene  5 (Pair  8- 1): choice=7 (inl=44)
    Gene 14 (Pair  9- 2): choice=6 (inl=38)
    Gene 19 (Pair  7- 3): choice=3 (inl=86)
    Gene 21 (Pair  9- 3): choice=12 (inl=51)
    Gene 23 (Pair 11- 3): choice=2 (inl=41)
    Gene 30 (Pair  6- 5): choice=6 (inl=90)
    Gene 44 (Pair 10- 9): choice=3 (inl=56)

  --- SHARD 4 CANDIDATE ANALYSIS ---
    Pair (4-1): Selected=4 / 4 choices
      Choice 1: inliners=32
      Choice 2: inliners=67
      Choice 3: inliners=72
      Choice 4: inliners=63 [SELECTED]
    Pair (4-2): Selected=0 / 5 choices
      Choice 1: inliners=12
      Choice 2: inliners=32
      Choice 3: inliners=20
      Choice 4: inliners=24
      Choice 5: inliners=58
    Pair (4-3): Selected=0 / 4 choices
      Choice 1: inliners=50
      Choice 2: inliners=34
      Choice 3: inliners=56
      Choice 4: inliners=34
    Pair (5-4): Selected=0 / 2 choices
      Choice 1: inliners=70
      Choice 2: inliners=77
    Pair (7-4): Selected=0 / 1 choices
      Choice 1: inliners=36
    Pair (8-4): Selected=0 / 5 choices
      Choice 1: inliners=0
      Choice 2: inliners=47
      Choice 3: inliners=14
      Choice 4: inliners=36
      Choice 5: inliners=36
    Pair (9-4): Selected=0 / 8 choices
      Choice 1: inliners=42
      Choice 2: inliners=20
      Choice 3: inliners=32
      Choice 4: inliners=38
      Choice 5: inliners=0
      Choice 6: inliners=36
      Choice 7: inliners=22
      Choice 8: inliners=28
    Pair (10-4): Selected=0 / 2 choices
      Choice 1: inliners=28
      Choice 2: inliners=26
    Pair (11-4): Selected=0 / 3 choices
      Choice 1: inliners=16
      Choice 2: inliners=14
      Choice 3: inliners=36


--- GENERATION 70 BEST BREAKDOWN ---
  Total Fitness: 571.45
  Inlier Reward: 447.05
  Cycle Penalty: 0.00
  Overlap Penalty: 0.00
  Edge Residual Penalty: 0.00
  Edge Rot Residual Penalty: 0.00
  Connectivity Reward: 0.00
  Component Penalty: 0.00
  Consensus Support Reward: 124.40
  Largest Component: 11
  Num Components: 1
  Active Pairs: 10
  OverlapDiag Sum (indexed): 0.0000 (delta_vs_fitness=0.0000)
  OverlapDiag Pairs: total=45 same_comp=45 broad_reject=33 narrow_checked=45 active=2
  OverlapDiag Active Pairs: none

  --- ACTIVE GENE MAP ---
    Gene  0 (Pair  2- 1): choice=2 (inl=70)
    Gene  2 (Pair  4- 1): choice=4 (inl=63)
    Gene  3 (Pair  5- 1): choice=1 (inl=76)
    Gene  5 (Pair  8- 1): choice=7 (inl=44)
    Gene 14 (Pair  9- 2): choice=6 (inl=38)
    Gene 19 (Pair  7- 3): choice=3 (inl=86)
    Gene 21 (Pair  9- 3): choice=12 (inl=51)
    Gene 23 (Pair 11- 3): choice=2 (inl=41)
    Gene 30 (Pair  6- 5): choice=6 (inl=90)
    Gene 44 (Pair 10- 9): choice=3 (inl=56)

  --- SHARD 4 CANDIDATE ANALYSIS ---
    Pair (4-1): Selected=4 / 4 choices
      Choice 1: inliners=32
      Choice 2: inliners=67
      Choice 3: inliners=72
      Choice 4: inliners=63 [SELECTED]
    Pair (4-2): Selected=0 / 5 choices
      Choice 1: inliners=12
      Choice 2: inliners=32
      Choice 3: inliners=20
      Choice 4: inliners=24
      Choice 5: inliners=58
    Pair (4-3): Selected=0 / 4 choices
      Choice 1: inliners=50
      Choice 2: inliners=34
      Choice 3: inliners=56
      Choice 4: inliners=34
    Pair (5-4): Selected=0 / 2 choices
      Choice 1: inliners=70
      Choice 2: inliners=77
    Pair (7-4): Selected=0 / 1 choices
      Choice 1: inliners=36
    Pair (8-4): Selected=0 / 5 choices
      Choice 1: inliners=0
      Choice 2: inliners=47
      Choice 3: inliners=14
      Choice 4: inliners=36
      Choice 5: inliners=36
    Pair (9-4): Selected=0 / 8 choices
      Choice 1: inliners=42
      Choice 2: inliners=20
      Choice 3: inliners=32
      Choice 4: inliners=38
      Choice 5: inliners=0
      Choice 6: inliners=36
      Choice 7: inliners=22
      Choice 8: inliners=28
    Pair (10-4): Selected=0 / 2 choices
      Choice 1: inliners=28
      Choice 2: inliners=26
    Pair (11-4): Selected=0 / 3 choices
      Choice 1: inliners=16
      Choice 2: inliners=14
      Choice 3: inliners=36


--- GENERATION 80 BEST BREAKDOWN ---
  Total Fitness: 571.45
  Inlier Reward: 447.05
  Cycle Penalty: 0.00
  Overlap Penalty: 0.00
  Edge Residual Penalty: 0.00
  Edge Rot Residual Penalty: 0.00
  Connectivity Reward: 0.00
  Component Penalty: 0.00
  Consensus Support Reward: 124.40
  Largest Component: 11
  Num Components: 1
  Active Pairs: 10
  OverlapDiag Sum (indexed): 0.0000 (delta_vs_fitness=0.0000)
  OverlapDiag Pairs: total=45 same_comp=45 broad_reject=33 narrow_checked=45 active=2
  OverlapDiag Active Pairs: none

  --- ACTIVE GENE MAP ---
    Gene  0 (Pair  2- 1): choice=2 (inl=70)
    Gene  2 (Pair  4- 1): choice=4 (inl=63)
    Gene  3 (Pair  5- 1): choice=1 (inl=76)
    Gene  5 (Pair  8- 1): choice=7 (inl=44)
    Gene 14 (Pair  9- 2): choice=6 (inl=38)
    Gene 19 (Pair  7- 3): choice=3 (inl=86)
    Gene 21 (Pair  9- 3): choice=12 (inl=51)
    Gene 23 (Pair 11- 3): choice=2 (inl=41)
    Gene 30 (Pair  6- 5): choice=6 (inl=90)
    Gene 44 (Pair 10- 9): choice=3 (inl=56)

  --- SHARD 4 CANDIDATE ANALYSIS ---
    Pair (4-1): Selected=4 / 4 choices
      Choice 1: inliners=32
      Choice 2: inliners=67
      Choice 3: inliners=72
      Choice 4: inliners=63 [SELECTED]
    Pair (4-2): Selected=0 / 5 choices
      Choice 1: inliners=12
      Choice 2: inliners=32
      Choice 3: inliners=20
      Choice 4: inliners=24
      Choice 5: inliners=58
    Pair (4-3): Selected=0 / 4 choices
      Choice 1: inliners=50
      Choice 2: inliners=34
      Choice 3: inliners=56
      Choice 4: inliners=34
    Pair (5-4): Selected=0 / 2 choices
      Choice 1: inliners=70
      Choice 2: inliners=77
    Pair (7-4): Selected=0 / 1 choices
      Choice 1: inliners=36
    Pair (8-4): Selected=0 / 5 choices
      Choice 1: inliners=0
      Choice 2: inliners=47
      Choice 3: inliners=14
      Choice 4: inliners=36
      Choice 5: inliners=36
    Pair (9-4): Selected=0 / 8 choices
      Choice 1: inliners=42
      Choice 2: inliners=20
      Choice 3: inliners=32
      Choice 4: inliners=38
      Choice 5: inliners=0
      Choice 6: inliners=36
      Choice 7: inliners=22
      Choice 8: inliners=28
    Pair (10-4): Selected=0 / 2 choices
      Choice 1: inliners=28
      Choice 2: inliners=26
    Pair (11-4): Selected=0 / 3 choices
      Choice 1: inliners=16
      Choice 2: inliners=14
      Choice 3: inliners=36


--- GENERATION 90 BEST BREAKDOWN ---
  Total Fitness: 571.45
  Inlier Reward: 447.05
  Cycle Penalty: 0.00
  Overlap Penalty: 0.00
  Edge Residual Penalty: 0.00
  Edge Rot Residual Penalty: 0.00
  Connectivity Reward: 0.00
  Component Penalty: 0.00
  Consensus Support Reward: 124.40
  Largest Component: 11
  Num Components: 1
  Active Pairs: 10
  OverlapDiag Sum (indexed): 0.0000 (delta_vs_fitness=0.0000)
  OverlapDiag Pairs: total=45 same_comp=45 broad_reject=33 narrow_checked=45 active=2
  OverlapDiag Active Pairs: none

  --- ACTIVE GENE MAP ---
    Gene  0 (Pair  2- 1): choice=2 (inl=70)
    Gene  2 (Pair  4- 1): choice=4 (inl=63)
    Gene  3 (Pair  5- 1): choice=1 (inl=76)
    Gene  5 (Pair  8- 1): choice=7 (inl=44)
    Gene 14 (Pair  9- 2): choice=6 (inl=38)
    Gene 19 (Pair  7- 3): choice=3 (inl=86)
    Gene 21 (Pair  9- 3): choice=12 (inl=51)
    Gene 23 (Pair 11- 3): choice=2 (inl=41)
    Gene 30 (Pair  6- 5): choice=6 (inl=90)
    Gene 44 (Pair 10- 9): choice=3 (inl=56)

  --- SHARD 4 CANDIDATE ANALYSIS ---
    Pair (4-1): Selected=4 / 4 choices
      Choice 1: inliners=32
      Choice 2: inliners=67
      Choice 3: inliners=72
      Choice 4: inliners=63 [SELECTED]
    Pair (4-2): Selected=0 / 5 choices
      Choice 1: inliners=12
      Choice 2: inliners=32
      Choice 3: inliners=20
      Choice 4: inliners=24
      Choice 5: inliners=58
    Pair (4-3): Selected=0 / 4 choices
      Choice 1: inliners=50
      Choice 2: inliners=34
      Choice 3: inliners=56
      Choice 4: inliners=34
    Pair (5-4): Selected=0 / 2 choices
      Choice 1: inliners=70
      Choice 2: inliners=77
    Pair (7-4): Selected=0 / 1 choices
      Choice 1: inliners=36
    Pair (8-4): Selected=0 / 5 choices
      Choice 1: inliners=0
      Choice 2: inliners=47
      Choice 3: inliners=14
      Choice 4: inliners=36
      Choice 5: inliners=36
    Pair (9-4): Selected=0 / 8 choices
      Choice 1: inliners=42
      Choice 2: inliners=20
      Choice 3: inliners=32
      Choice 4: inliners=38
      Choice 5: inliners=0
      Choice 6: inliners=36
      Choice 7: inliners=22
      Choice 8: inliners=28
    Pair (10-4): Selected=0 / 2 choices
      Choice 1: inliners=28
      Choice 2: inliners=26
    Pair (11-4): Selected=0 / 3 choices
      Choice 1: inliners=16
      Choice 2: inliners=14
      Choice 3: inliners=36


--- GENERATION 100 BEST BREAKDOWN ---
  Total Fitness: 571.45
  Inlier Reward: 447.05
  Cycle Penalty: 0.00
  Overlap Penalty: 0.00
  Edge Residual Penalty: 0.00
  Edge Rot Residual Penalty: 0.00
  Connectivity Reward: 0.00
  Component Penalty: 0.00
  Consensus Support Reward: 124.40
  Largest Component: 11
  Num Components: 1
  Active Pairs: 10
  OverlapDiag Sum (indexed): 0.0000 (delta_vs_fitness=0.0000)
  OverlapDiag Pairs: total=45 same_comp=45 broad_reject=33 narrow_checked=45 active=2
  OverlapDiag Active Pairs: none

  --- ACTIVE GENE MAP ---
    Gene  0 (Pair  2- 1): choice=2 (inl=70)
    Gene  2 (Pair  4- 1): choice=4 (inl=63)
    Gene  3 (Pair  5- 1): choice=1 (inl=76)
    Gene  5 (Pair  8- 1): choice=7 (inl=44)
    Gene 14 (Pair  9- 2): choice=6 (inl=38)
    Gene 19 (Pair  7- 3): choice=3 (inl=86)
    Gene 21 (Pair  9- 3): choice=12 (inl=51)
    Gene 23 (Pair 11- 3): choice=2 (inl=41)
    Gene 30 (Pair  6- 5): choice=6 (inl=90)
    Gene 44 (Pair 10- 9): choice=3 (inl=56)

  --- SHARD 4 CANDIDATE ANALYSIS ---
    Pair (4-1): Selected=4 / 4 choices
      Choice 1: inliners=32
      Choice 2: inliners=67
      Choice 3: inliners=72
      Choice 4: inliners=63 [SELECTED]
    Pair (4-2): Selected=0 / 5 choices
      Choice 1: inliners=12
      Choice 2: inliners=32
      Choice 3: inliners=20
      Choice 4: inliners=24
      Choice 5: inliners=58
    Pair (4-3): Selected=0 / 4 choices
      Choice 1: inliners=50
      Choice 2: inliners=34
      Choice 3: inliners=56
      Choice 4: inliners=34
    Pair (5-4): Selected=0 / 2 choices
      Choice 1: inliners=70
      Choice 2: inliners=77
    Pair (7-4): Selected=0 / 1 choices
      Choice 1: inliners=36
    Pair (8-4): Selected=0 / 5 choices
      Choice 1: inliners=0
      Choice 2: inliners=47
      Choice 3: inliners=14
      Choice 4: inliners=36
      Choice 5: inliners=36
    Pair (9-4): Selected=0 / 8 choices
      Choice 1: inliners=42
      Choice 2: inliners=20
      Choice 3: inliners=32
      Choice 4: inliners=38
      Choice 5: inliners=0
      Choice 6: inliners=36
      Choice 7: inliners=22
      Choice 8: inliners=28
    Pair (10-4): Selected=0 / 2 choices
      Choice 1: inliners=28
      Choice 2: inliners=26
    Pair (11-4): Selected=0 / 3 choices
      Choice 1: inliners=16
      Choice 2: inliners=14
      Choice 3: inliners=36


--- GENERATION 110 BEST BREAKDOWN ---
  Total Fitness: 571.45
  Inlier Reward: 447.05
  Cycle Penalty: 0.00
  Overlap Penalty: 0.00
  Edge Residual Penalty: 0.00
  Edge Rot Residual Penalty: 0.00
  Connectivity Reward: 0.00
  Component Penalty: 0.00
  Consensus Support Reward: 124.40
  Largest Component: 11
  Num Components: 1
  Active Pairs: 10
  OverlapDiag Sum (indexed): 0.0000 (delta_vs_fitness=0.0000)
  OverlapDiag Pairs: total=45 same_comp=45 broad_reject=33 narrow_checked=45 active=2
  OverlapDiag Active Pairs: none

  --- ACTIVE GENE MAP ---
    Gene  0 (Pair  2- 1): choice=2 (inl=70)
    Gene  2 (Pair  4- 1): choice=4 (inl=63)
    Gene  3 (Pair  5- 1): choice=1 (inl=76)
    Gene  5 (Pair  8- 1): choice=7 (inl=44)
    Gene 14 (Pair  9- 2): choice=6 (inl=38)
    Gene 19 (Pair  7- 3): choice=3 (inl=86)
    Gene 21 (Pair  9- 3): choice=12 (inl=51)
    Gene 23 (Pair 11- 3): choice=2 (inl=41)
    Gene 30 (Pair  6- 5): choice=6 (inl=90)
    Gene 44 (Pair 10- 9): choice=3 (inl=56)

  --- SHARD 4 CANDIDATE ANALYSIS ---
    Pair (4-1): Selected=4 / 4 choices
      Choice 1: inliners=32
      Choice 2: inliners=67
      Choice 3: inliners=72
      Choice 4: inliners=63 [SELECTED]
    Pair (4-2): Selected=0 / 5 choices
      Choice 1: inliners=12
      Choice 2: inliners=32
      Choice 3: inliners=20
      Choice 4: inliners=24
      Choice 5: inliners=58
    Pair (4-3): Selected=0 / 4 choices
      Choice 1: inliners=50
      Choice 2: inliners=34
      Choice 3: inliners=56
      Choice 4: inliners=34
    Pair (5-4): Selected=0 / 2 choices
      Choice 1: inliners=70
      Choice 2: inliners=77
    Pair (7-4): Selected=0 / 1 choices
      Choice 1: inliners=36
    Pair (8-4): Selected=0 / 5 choices
      Choice 1: inliners=0
      Choice 2: inliners=47
      Choice 3: inliners=14
      Choice 4: inliners=36
      Choice 5: inliners=36
    Pair (9-4): Selected=0 / 8 choices
      Choice 1: inliners=42
      Choice 2: inliners=20
      Choice 3: inliners=32
      Choice 4: inliners=38
      Choice 5: inliners=0
      Choice 6: inliners=36
      Choice 7: inliners=22
      Choice 8: inliners=28
    Pair (10-4): Selected=0 / 2 choices
      Choice 1: inliners=28
      Choice 2: inliners=26
    Pair (11-4): Selected=0 / 3 choices
      Choice 1: inliners=16
      Choice 2: inliners=14
      Choice 3: inliners=36


--- GENERATION 120 BEST BREAKDOWN ---
  Total Fitness: 571.45
  Inlier Reward: 447.05
  Cycle Penalty: 0.00
  Overlap Penalty: 0.00
  Edge Residual Penalty: 0.00
  Edge Rot Residual Penalty: 0.00
  Connectivity Reward: 0.00
  Component Penalty: 0.00
  Consensus Support Reward: 124.40
  Largest Component: 11
  Num Components: 1
  Active Pairs: 10
  OverlapDiag Sum (indexed): 0.0000 (delta_vs_fitness=0.0000)
  OverlapDiag Pairs: total=45 same_comp=45 broad_reject=33 narrow_checked=45 active=2
  OverlapDiag Active Pairs: none

  --- ACTIVE GENE MAP ---
    Gene  0 (Pair  2- 1): choice=2 (inl=70)
    Gene  2 (Pair  4- 1): choice=4 (inl=63)
    Gene  3 (Pair  5- 1): choice=1 (inl=76)
    Gene  5 (Pair  8- 1): choice=7 (inl=44)
    Gene 14 (Pair  9- 2): choice=6 (inl=38)
    Gene 19 (Pair  7- 3): choice=3 (inl=86)
    Gene 21 (Pair  9- 3): choice=12 (inl=51)
    Gene 23 (Pair 11- 3): choice=2 (inl=41)
    Gene 30 (Pair  6- 5): choice=6 (inl=90)
    Gene 44 (Pair 10- 9): choice=3 (inl=56)

  --- SHARD 4 CANDIDATE ANALYSIS ---
    Pair (4-1): Selected=4 / 4 choices
      Choice 1: inliners=32
      Choice 2: inliners=67
      Choice 3: inliners=72
      Choice 4: inliners=63 [SELECTED]
    Pair (4-2): Selected=0 / 5 choices
      Choice 1: inliners=12
      Choice 2: inliners=32
      Choice 3: inliners=20
      Choice 4: inliners=24
      Choice 5: inliners=58
    Pair (4-3): Selected=0 / 4 choices
      Choice 1: inliners=50
      Choice 2: inliners=34
      Choice 3: inliners=56
      Choice 4: inliners=34
    Pair (5-4): Selected=0 / 2 choices
      Choice 1: inliners=70
      Choice 2: inliners=77
    Pair (7-4): Selected=0 / 1 choices
      Choice 1: inliners=36
    Pair (8-4): Selected=0 / 5 choices
      Choice 1: inliners=0
      Choice 2: inliners=47
      Choice 3: inliners=14
      Choice 4: inliners=36
      Choice 5: inliners=36
    Pair (9-4): Selected=0 / 8 choices
      Choice 1: inliners=42
      Choice 2: inliners=20
      Choice 3: inliners=32
      Choice 4: inliners=38
      Choice 5: inliners=0
      Choice 6: inliners=36
      Choice 7: inliners=22
      Choice 8: inliners=28
    Pair (10-4): Selected=0 / 2 choices
      Choice 1: inliners=28
      Choice 2: inliners=26
    Pair (11-4): Selected=0 / 3 choices
      Choice 1: inliners=16
      Choice 2: inliners=14
      Choice 3: inliners=36


--- GENERATION 130 BEST BREAKDOWN ---
  Total Fitness: 571.45
  Inlier Reward: 447.05
  Cycle Penalty: 0.00
  Overlap Penalty: 0.00
  Edge Residual Penalty: 0.00
  Edge Rot Residual Penalty: 0.00
  Connectivity Reward: 0.00
  Component Penalty: 0.00
  Consensus Support Reward: 124.40
  Largest Component: 11
  Num Components: 1
  Active Pairs: 10
  OverlapDiag Sum (indexed): 0.0000 (delta_vs_fitness=0.0000)
  OverlapDiag Pairs: total=45 same_comp=45 broad_reject=33 narrow_checked=45 active=2
  OverlapDiag Active Pairs: none

  --- ACTIVE GENE MAP ---
    Gene  0 (Pair  2- 1): choice=2 (inl=70)
    Gene  2 (Pair  4- 1): choice=4 (inl=63)
    Gene  3 (Pair  5- 1): choice=1 (inl=76)
    Gene  5 (Pair  8- 1): choice=7 (inl=44)
    Gene 14 (Pair  9- 2): choice=6 (inl=38)
    Gene 19 (Pair  7- 3): choice=3 (inl=86)
    Gene 21 (Pair  9- 3): choice=12 (inl=51)
    Gene 23 (Pair 11- 3): choice=2 (inl=41)
    Gene 30 (Pair  6- 5): choice=6 (inl=90)
    Gene 44 (Pair 10- 9): choice=3 (inl=56)

  --- SHARD 4 CANDIDATE ANALYSIS ---
    Pair (4-1): Selected=4 / 4 choices
      Choice 1: inliners=32
      Choice 2: inliners=67
      Choice 3: inliners=72
      Choice 4: inliners=63 [SELECTED]
    Pair (4-2): Selected=0 / 5 choices
      Choice 1: inliners=12
      Choice 2: inliners=32
      Choice 3: inliners=20
      Choice 4: inliners=24
      Choice 5: inliners=58
    Pair (4-3): Selected=0 / 4 choices
      Choice 1: inliners=50
      Choice 2: inliners=34
      Choice 3: inliners=56
      Choice 4: inliners=34
    Pair (5-4): Selected=0 / 2 choices
      Choice 1: inliners=70
      Choice 2: inliners=77
    Pair (7-4): Selected=0 / 1 choices
      Choice 1: inliners=36
    Pair (8-4): Selected=0 / 5 choices
      Choice 1: inliners=0
      Choice 2: inliners=47
      Choice 3: inliners=14
      Choice 4: inliners=36
      Choice 5: inliners=36
    Pair (9-4): Selected=0 / 8 choices
      Choice 1: inliners=42
      Choice 2: inliners=20
      Choice 3: inliners=32
      Choice 4: inliners=38
      Choice 5: inliners=0
      Choice 6: inliners=36
      Choice 7: inliners=22
      Choice 8: inliners=28
    Pair (10-4): Selected=0 / 2 choices
      Choice 1: inliners=28
      Choice 2: inliners=26
    Pair (11-4): Selected=0 / 3 choices
      Choice 1: inliners=16
      Choice 2: inliners=14
      Choice 3: inliners=36


--- GENERATION 140 BEST BREAKDOWN ---
  Total Fitness: 571.45
  Inlier Reward: 447.05
  Cycle Penalty: 0.00
  Overlap Penalty: 0.00
  Edge Residual Penalty: 0.00
  Edge Rot Residual Penalty: 0.00
  Connectivity Reward: 0.00
  Component Penalty: 0.00
  Consensus Support Reward: 124.40
  Largest Component: 11
  Num Components: 1
  Active Pairs: 10
  OverlapDiag Sum (indexed): 0.0000 (delta_vs_fitness=0.0000)
  OverlapDiag Pairs: total=45 same_comp=45 broad_reject=33 narrow_checked=45 active=2
  OverlapDiag Active Pairs: none

  --- ACTIVE GENE MAP ---
    Gene  0 (Pair  2- 1): choice=2 (inl=70)
    Gene  2 (Pair  4- 1): choice=4 (inl=63)
    Gene  3 (Pair  5- 1): choice=1 (inl=76)
    Gene  5 (Pair  8- 1): choice=7 (inl=44)
    Gene 14 (Pair  9- 2): choice=6 (inl=38)
    Gene 19 (Pair  7- 3): choice=3 (inl=86)
    Gene 21 (Pair  9- 3): choice=12 (inl=51)
    Gene 23 (Pair 11- 3): choice=2 (inl=41)
    Gene 30 (Pair  6- 5): choice=6 (inl=90)
    Gene 44 (Pair 10- 9): choice=3 (inl=56)

  --- SHARD 4 CANDIDATE ANALYSIS ---
    Pair (4-1): Selected=4 / 4 choices
      Choice 1: inliners=32
      Choice 2: inliners=67
      Choice 3: inliners=72
      Choice 4: inliners=63 [SELECTED]
    Pair (4-2): Selected=0 / 5 choices
      Choice 1: inliners=12
      Choice 2: inliners=32
      Choice 3: inliners=20
      Choice 4: inliners=24
      Choice 5: inliners=58
    Pair (4-3): Selected=0 / 4 choices
      Choice 1: inliners=50
      Choice 2: inliners=34
      Choice 3: inliners=56
      Choice 4: inliners=34
    Pair (5-4): Selected=0 / 2 choices
      Choice 1: inliners=70
      Choice 2: inliners=77
    Pair (7-4): Selected=0 / 1 choices
      Choice 1: inliners=36
    Pair (8-4): Selected=0 / 5 choices
      Choice 1: inliners=0
      Choice 2: inliners=47
      Choice 3: inliners=14
      Choice 4: inliners=36
      Choice 5: inliners=36
    Pair (9-4): Selected=0 / 8 choices
      Choice 1: inliners=42
      Choice 2: inliners=20
      Choice 3: inliners=32
      Choice 4: inliners=38
      Choice 5: inliners=0
      Choice 6: inliners=36
      Choice 7: inliners=22
      Choice 8: inliners=28
    Pair (10-4): Selected=0 / 2 choices
      Choice 1: inliners=28
      Choice 2: inliners=26
    Pair (11-4): Selected=0 / 3 choices
      Choice 1: inliners=16
      Choice 2: inliners=14
      Choice 3: inliners=36


--- GENERATION 150 BEST BREAKDOWN ---
  Total Fitness: 573.31
  Inlier Reward: 455.83
  Cycle Penalty: 0.00
  Overlap Penalty: 0.00
  Edge Residual Penalty: 0.00
  Edge Rot Residual Penalty: 0.00
  Connectivity Reward: 0.00
  Component Penalty: 0.00
  Consensus Support Reward: 117.48
  Largest Component: 11
  Num Components: 1
  Active Pairs: 10
  OverlapDiag Sum (indexed): 0.0000 (delta_vs_fitness=0.0000)
  OverlapDiag Pairs: total=45 same_comp=45 broad_reject=32 narrow_checked=45 active=1
  OverlapDiag Active Pairs: none

  --- ACTIVE GENE MAP ---
    Gene  1 (Pair  3- 1): choice=4 (inl=72)
    Gene  2 (Pair  4- 1): choice=3 (inl=72)
    Gene  3 (Pair  5- 1): choice=1 (inl=76)
    Gene 14 (Pair  9- 2): choice=6 (inl=38)
    Gene 19 (Pair  7- 3): choice=3 (inl=86)
    Gene 21 (Pair  9- 3): choice=12 (inl=51)
    Gene 23 (Pair 11- 3): choice=2 (inl=41)
    Gene 30 (Pair  6- 5): choice=6 (inl=90)
    Gene 42 (Pair 10- 8): choice=3 (inl=44)
    Gene 44 (Pair 10- 9): choice=3 (inl=56)

  --- SHARD 4 CANDIDATE ANALYSIS ---
    Pair (4-1): Selected=3 / 4 choices
      Choice 1: inliners=32
      Choice 2: inliners=67
      Choice 3: inliners=72 [SELECTED]
      Choice 4: inliners=63
    Pair (4-2): Selected=0 / 5 choices
      Choice 1: inliners=12
      Choice 2: inliners=32
      Choice 3: inliners=20
      Choice 4: inliners=24
      Choice 5: inliners=58
    Pair (4-3): Selected=0 / 4 choices
      Choice 1: inliners=50
      Choice 2: inliners=34
      Choice 3: inliners=56
      Choice 4: inliners=34
    Pair (5-4): Selected=0 / 2 choices
      Choice 1: inliners=70
      Choice 2: inliners=77
    Pair (7-4): Selected=0 / 1 choices
      Choice 1: inliners=36
    Pair (8-4): Selected=0 / 5 choices
      Choice 1: inliners=0
      Choice 2: inliners=47
      Choice 3: inliners=14
      Choice 4: inliners=36
      Choice 5: inliners=36
    Pair (9-4): Selected=0 / 8 choices
      Choice 1: inliners=42
      Choice 2: inliners=20
      Choice 3: inliners=32
      Choice 4: inliners=38
      Choice 5: inliners=0
      Choice 6: inliners=36
      Choice 7: inliners=22
      Choice 8: inliners=28
    Pair (10-4): Selected=0 / 2 choices
      Choice 1: inliners=28
      Choice 2: inliners=26
    Pair (11-4): Selected=0 / 3 choices
      Choice 1: inliners=16
      Choice 2: inliners=14
      Choice 3: inliners=36


--- GENERATION 160 BEST BREAKDOWN ---
  Total Fitness: 574.52
  Inlier Reward: 450.12
  Cycle Penalty: 0.00
  Overlap Penalty: 0.00
  Edge Residual Penalty: 0.00
  Edge Rot Residual Penalty: 0.00
  Connectivity Reward: 0.00
  Component Penalty: 0.00
  Consensus Support Reward: 124.40
  Largest Component: 11
  Num Components: 1
  Active Pairs: 10
  OverlapDiag Sum (indexed): 0.0000 (delta_vs_fitness=0.0000)
  OverlapDiag Pairs: total=45 same_comp=45 broad_reject=33 narrow_checked=45 active=1
  OverlapDiag Active Pairs: none

  --- ACTIVE GENE MAP ---
    Gene  0 (Pair  2- 1): choice=2 (inl=70)
    Gene  2 (Pair  4- 1): choice=4 (inl=63)
    Gene  3 (Pair  5- 1): choice=1 (inl=76)
    Gene 14 (Pair  9- 2): choice=6 (inl=38)
    Gene 19 (Pair  7- 3): choice=3 (inl=86)
    Gene 21 (Pair  9- 3): choice=12 (inl=51)
    Gene 23 (Pair 11- 3): choice=2 (inl=41)
    Gene 30 (Pair  6- 5): choice=6 (inl=90)
    Gene 42 (Pair 10- 8): choice=3 (inl=44)
    Gene 44 (Pair 10- 9): choice=3 (inl=56)

  --- SHARD 4 CANDIDATE ANALYSIS ---
    Pair (4-1): Selected=4 / 4 choices
      Choice 1: inliners=32
      Choice 2: inliners=67
      Choice 3: inliners=72
      Choice 4: inliners=63 [SELECTED]
    Pair (4-2): Selected=0 / 5 choices
      Choice 1: inliners=12
      Choice 2: inliners=32
      Choice 3: inliners=20
      Choice 4: inliners=24
      Choice 5: inliners=58
    Pair (4-3): Selected=0 / 4 choices
      Choice 1: inliners=50
      Choice 2: inliners=34
      Choice 3: inliners=56
      Choice 4: inliners=34
    Pair (5-4): Selected=0 / 2 choices
      Choice 1: inliners=70
      Choice 2: inliners=77
    Pair (7-4): Selected=0 / 1 choices
      Choice 1: inliners=36
    Pair (8-4): Selected=0 / 5 choices
      Choice 1: inliners=0
      Choice 2: inliners=47
      Choice 3: inliners=14
      Choice 4: inliners=36
      Choice 5: inliners=36
    Pair (9-4): Selected=0 / 8 choices
      Choice 1: inliners=42
      Choice 2: inliners=20
      Choice 3: inliners=32
      Choice 4: inliners=38
      Choice 5: inliners=0
      Choice 6: inliners=36
      Choice 7: inliners=22
      Choice 8: inliners=28
    Pair (10-4): Selected=0 / 2 choices
      Choice 1: inliners=28
      Choice 2: inliners=26
    Pair (11-4): Selected=0 / 3 choices
      Choice 1: inliners=16
      Choice 2: inliners=14
      Choice 3: inliners=36


--- GENERATION 170 BEST BREAKDOWN ---
  Total Fitness: 574.52
  Inlier Reward: 450.12
  Cycle Penalty: 0.00
  Overlap Penalty: 0.00
  Edge Residual Penalty: 0.00
  Edge Rot Residual Penalty: 0.00
  Connectivity Reward: 0.00
  Component Penalty: 0.00
  Consensus Support Reward: 124.40
  Largest Component: 11
  Num Components: 1
  Active Pairs: 10
  OverlapDiag Sum (indexed): 0.0000 (delta_vs_fitness=0.0000)
  OverlapDiag Pairs: total=45 same_comp=45 broad_reject=33 narrow_checked=45 active=1
  OverlapDiag Active Pairs: none

  --- ACTIVE GENE MAP ---
    Gene  0 (Pair  2- 1): choice=2 (inl=70)
    Gene  2 (Pair  4- 1): choice=4 (inl=63)
    Gene  3 (Pair  5- 1): choice=1 (inl=76)
    Gene 14 (Pair  9- 2): choice=6 (inl=38)
    Gene 19 (Pair  7- 3): choice=3 (inl=86)
    Gene 21 (Pair  9- 3): choice=12 (inl=51)
    Gene 23 (Pair 11- 3): choice=2 (inl=41)
    Gene 30 (Pair  6- 5): choice=6 (inl=90)
    Gene 42 (Pair 10- 8): choice=3 (inl=44)
    Gene 44 (Pair 10- 9): choice=3 (inl=56)

  --- SHARD 4 CANDIDATE ANALYSIS ---
    Pair (4-1): Selected=4 / 4 choices
      Choice 1: inliners=32
      Choice 2: inliners=67
      Choice 3: inliners=72
      Choice 4: inliners=63 [SELECTED]
    Pair (4-2): Selected=0 / 5 choices
      Choice 1: inliners=12
      Choice 2: inliners=32
      Choice 3: inliners=20
      Choice 4: inliners=24
      Choice 5: inliners=58
    Pair (4-3): Selected=0 / 4 choices
      Choice 1: inliners=50
      Choice 2: inliners=34
      Choice 3: inliners=56
      Choice 4: inliners=34
    Pair (5-4): Selected=0 / 2 choices
      Choice 1: inliners=70
      Choice 2: inliners=77
    Pair (7-4): Selected=0 / 1 choices
      Choice 1: inliners=36
    Pair (8-4): Selected=0 / 5 choices
      Choice 1: inliners=0
      Choice 2: inliners=47
      Choice 3: inliners=14
      Choice 4: inliners=36
      Choice 5: inliners=36
    Pair (9-4): Selected=0 / 8 choices
      Choice 1: inliners=42
      Choice 2: inliners=20
      Choice 3: inliners=32
      Choice 4: inliners=38
      Choice 5: inliners=0
      Choice 6: inliners=36
      Choice 7: inliners=22
      Choice 8: inliners=28
    Pair (10-4): Selected=0 / 2 choices
      Choice 1: inliners=28
      Choice 2: inliners=26
    Pair (11-4): Selected=0 / 3 choices
      Choice 1: inliners=16
      Choice 2: inliners=14
      Choice 3: inliners=36


--- GENERATION 180 BEST BREAKDOWN ---
  Total Fitness: 574.52
  Inlier Reward: 450.12
  Cycle Penalty: 0.00
  Overlap Penalty: 0.00
  Edge Residual Penalty: 0.00
  Edge Rot Residual Penalty: 0.00
  Connectivity Reward: 0.00
  Component Penalty: 0.00
  Consensus Support Reward: 124.40
  Largest Component: 11
  Num Components: 1
  Active Pairs: 10
  OverlapDiag Sum (indexed): 0.0000 (delta_vs_fitness=0.0000)
  OverlapDiag Pairs: total=45 same_comp=45 broad_reject=33 narrow_checked=45 active=1
  OverlapDiag Active Pairs: none

  --- ACTIVE GENE MAP ---
    Gene  0 (Pair  2- 1): choice=2 (inl=70)
    Gene  2 (Pair  4- 1): choice=4 (inl=63)
    Gene  3 (Pair  5- 1): choice=1 (inl=76)
    Gene 14 (Pair  9- 2): choice=6 (inl=38)
    Gene 19 (Pair  7- 3): choice=3 (inl=86)
    Gene 21 (Pair  9- 3): choice=12 (inl=51)
    Gene 23 (Pair 11- 3): choice=2 (inl=41)
    Gene 30 (Pair  6- 5): choice=6 (inl=90)
    Gene 42 (Pair 10- 8): choice=3 (inl=44)
    Gene 44 (Pair 10- 9): choice=3 (inl=56)

  --- SHARD 4 CANDIDATE ANALYSIS ---
    Pair (4-1): Selected=4 / 4 choices
      Choice 1: inliners=32
      Choice 2: inliners=67
      Choice 3: inliners=72
      Choice 4: inliners=63 [SELECTED]
    Pair (4-2): Selected=0 / 5 choices
      Choice 1: inliners=12
      Choice 2: inliners=32
      Choice 3: inliners=20
      Choice 4: inliners=24
      Choice 5: inliners=58
    Pair (4-3): Selected=0 / 4 choices
      Choice 1: inliners=50
      Choice 2: inliners=34
      Choice 3: inliners=56
      Choice 4: inliners=34
    Pair (5-4): Selected=0 / 2 choices
      Choice 1: inliners=70
      Choice 2: inliners=77
    Pair (7-4): Selected=0 / 1 choices
      Choice 1: inliners=36
    Pair (8-4): Selected=0 / 5 choices
      Choice 1: inliners=0
      Choice 2: inliners=47
      Choice 3: inliners=14
      Choice 4: inliners=36
      Choice 5: inliners=36
    Pair (9-4): Selected=0 / 8 choices
      Choice 1: inliners=42
      Choice 2: inliners=20
      Choice 3: inliners=32
      Choice 4: inliners=38
      Choice 5: inliners=0
      Choice 6: inliners=36
      Choice 7: inliners=22
      Choice 8: inliners=28
    Pair (10-4): Selected=0 / 2 choices
      Choice 1: inliners=28
      Choice 2: inliners=26
    Pair (11-4): Selected=0 / 3 choices
      Choice 1: inliners=16
      Choice 2: inliners=14
      Choice 3: inliners=36


--- GENERATION 190 BEST BREAKDOWN ---
  Total Fitness: 574.52
  Inlier Reward: 450.12
  Cycle Penalty: 0.00
  Overlap Penalty: 0.00
  Edge Residual Penalty: 0.00
  Edge Rot Residual Penalty: 0.00
  Connectivity Reward: 0.00
  Component Penalty: 0.00
  Consensus Support Reward: 124.40
  Largest Component: 11
  Num Components: 1
  Active Pairs: 10
  OverlapDiag Sum (indexed): 0.0000 (delta_vs_fitness=0.0000)
  OverlapDiag Pairs: total=45 same_comp=45 broad_reject=33 narrow_checked=45 active=1
  OverlapDiag Active Pairs: none

  --- ACTIVE GENE MAP ---
    Gene  0 (Pair  2- 1): choice=2 (inl=70)
    Gene  2 (Pair  4- 1): choice=4 (inl=63)
    Gene  3 (Pair  5- 1): choice=1 (inl=76)
    Gene 14 (Pair  9- 2): choice=6 (inl=38)
    Gene 19 (Pair  7- 3): choice=3 (inl=86)
    Gene 21 (Pair  9- 3): choice=12 (inl=51)
    Gene 23 (Pair 11- 3): choice=2 (inl=41)
    Gene 30 (Pair  6- 5): choice=6 (inl=90)
    Gene 42 (Pair 10- 8): choice=3 (inl=44)
    Gene 44 (Pair 10- 9): choice=3 (inl=56)

  --- SHARD 4 CANDIDATE ANALYSIS ---
    Pair (4-1): Selected=4 / 4 choices
      Choice 1: inliners=32
      Choice 2: inliners=67
      Choice 3: inliners=72
      Choice 4: inliners=63 [SELECTED]
    Pair (4-2): Selected=0 / 5 choices
      Choice 1: inliners=12
      Choice 2: inliners=32
      Choice 3: inliners=20
      Choice 4: inliners=24
      Choice 5: inliners=58
    Pair (4-3): Selected=0 / 4 choices
      Choice 1: inliners=50
      Choice 2: inliners=34
      Choice 3: inliners=56
      Choice 4: inliners=34
    Pair (5-4): Selected=0 / 2 choices
      Choice 1: inliners=70
      Choice 2: inliners=77
    Pair (7-4): Selected=0 / 1 choices
      Choice 1: inliners=36
    Pair (8-4): Selected=0 / 5 choices
      Choice 1: inliners=0
      Choice 2: inliners=47
      Choice 3: inliners=14
      Choice 4: inliners=36
      Choice 5: inliners=36
    Pair (9-4): Selected=0 / 8 choices
      Choice 1: inliners=42
      Choice 2: inliners=20
      Choice 3: inliners=32
      Choice 4: inliners=38
      Choice 5: inliners=0
      Choice 6: inliners=36
      Choice 7: inliners=22
      Choice 8: inliners=28
    Pair (10-4): Selected=0 / 2 choices
      Choice 1: inliners=28
      Choice 2: inliners=26
    Pair (11-4): Selected=0 / 3 choices
      Choice 1: inliners=16
      Choice 2: inliners=14
      Choice 3: inliners=36


--- GENERATION 200 BEST BREAKDOWN ---
  Total Fitness: 574.52
  Inlier Reward: 450.12
  Cycle Penalty: 0.00
  Overlap Penalty: 0.00
  Edge Residual Penalty: 0.00
  Edge Rot Residual Penalty: 0.00
  Connectivity Reward: 0.00
  Component Penalty: 0.00
  Consensus Support Reward: 124.40
  Largest Component: 11
  Num Components: 1
  Active Pairs: 10
  OverlapDiag Sum (indexed): 0.0000 (delta_vs_fitness=0.0000)
  OverlapDiag Pairs: total=45 same_comp=45 broad_reject=33 narrow_checked=45 active=1
  OverlapDiag Active Pairs: none

  --- ACTIVE GENE MAP ---
    Gene  0 (Pair  2- 1): choice=2 (inl=70)
    Gene  2 (Pair  4- 1): choice=4 (inl=63)
    Gene  3 (Pair  5- 1): choice=1 (inl=76)
    Gene 14 (Pair  9- 2): choice=6 (inl=38)
    Gene 19 (Pair  7- 3): choice=3 (inl=86)
    Gene 21 (Pair  9- 3): choice=12 (inl=51)
    Gene 23 (Pair 11- 3): choice=2 (inl=41)
    Gene 30 (Pair  6- 5): choice=6 (inl=90)
    Gene 42 (Pair 10- 8): choice=3 (inl=44)
    Gene 44 (Pair 10- 9): choice=3 (inl=56)

  --- SHARD 4 CANDIDATE ANALYSIS ---
    Pair (4-1): Selected=4 / 4 choices
      Choice 1: inliners=32
      Choice 2: inliners=67
      Choice 3: inliners=72
      Choice 4: inliners=63 [SELECTED]
    Pair (4-2): Selected=0 / 5 choices
      Choice 1: inliners=12
      Choice 2: inliners=32
      Choice 3: inliners=20
      Choice 4: inliners=24
      Choice 5: inliners=58
    Pair (4-3): Selected=0 / 4 choices
      Choice 1: inliners=50
      Choice 2: inliners=34
      Choice 3: inliners=56
      Choice 4: inliners=34
    Pair (5-4): Selected=0 / 2 choices
      Choice 1: inliners=70
      Choice 2: inliners=77
    Pair (7-4): Selected=0 / 1 choices
      Choice 1: inliners=36
    Pair (8-4): Selected=0 / 5 choices
      Choice 1: inliners=0
      Choice 2: inliners=47
      Choice 3: inliners=14
      Choice 4: inliners=36
      Choice 5: inliners=36
    Pair (9-4): Selected=0 / 8 choices
      Choice 1: inliners=42
      Choice 2: inliners=20
      Choice 3: inliners=32
      Choice 4: inliners=38
      Choice 5: inliners=0
      Choice 6: inliners=36
      Choice 7: inliners=22
      Choice 8: inliners=28
    Pair (10-4): Selected=0 / 2 choices
      Choice 1: inliners=28
      Choice 2: inliners=26
    Pair (11-4): Selected=0 / 3 choices
      Choice 1: inliners=16
      Choice 2: inliners=14
      Choice 3: inliners=36


--- GENERATION 210 BEST BREAKDOWN ---
  Total Fitness: 574.52
  Inlier Reward: 450.12
  Cycle Penalty: 0.00
  Overlap Penalty: 0.00
  Edge Residual Penalty: 0.00
  Edge Rot Residual Penalty: 0.00
  Connectivity Reward: 0.00
  Component Penalty: 0.00
  Consensus Support Reward: 124.40
  Largest Component: 11
  Num Components: 1
  Active Pairs: 10
  OverlapDiag Sum (indexed): 0.0000 (delta_vs_fitness=0.0000)
  OverlapDiag Pairs: total=45 same_comp=45 broad_reject=33 narrow_checked=45 active=1
  OverlapDiag Active Pairs: none

  --- ACTIVE GENE MAP ---
    Gene  0 (Pair  2- 1): choice=2 (inl=70)
    Gene  2 (Pair  4- 1): choice=4 (inl=63)
    Gene  3 (Pair  5- 1): choice=1 (inl=76)
    Gene 14 (Pair  9- 2): choice=6 (inl=38)
    Gene 19 (Pair  7- 3): choice=3 (inl=86)
    Gene 21 (Pair  9- 3): choice=12 (inl=51)
    Gene 23 (Pair 11- 3): choice=2 (inl=41)
    Gene 30 (Pair  6- 5): choice=6 (inl=90)
    Gene 42 (Pair 10- 8): choice=3 (inl=44)
    Gene 44 (Pair 10- 9): choice=3 (inl=56)

  --- SHARD 4 CANDIDATE ANALYSIS ---
    Pair (4-1): Selected=4 / 4 choices
      Choice 1: inliners=32
      Choice 2: inliners=67
      Choice 3: inliners=72
      Choice 4: inliners=63 [SELECTED]
    Pair (4-2): Selected=0 / 5 choices
      Choice 1: inliners=12
      Choice 2: inliners=32
      Choice 3: inliners=20
      Choice 4: inliners=24
      Choice 5: inliners=58
    Pair (4-3): Selected=0 / 4 choices
      Choice 1: inliners=50
      Choice 2: inliners=34
      Choice 3: inliners=56
      Choice 4: inliners=34
    Pair (5-4): Selected=0 / 2 choices
      Choice 1: inliners=70
      Choice 2: inliners=77
    Pair (7-4): Selected=0 / 1 choices
      Choice 1: inliners=36
    Pair (8-4): Selected=0 / 5 choices
      Choice 1: inliners=0
      Choice 2: inliners=47
      Choice 3: inliners=14
      Choice 4: inliners=36
      Choice 5: inliners=36
    Pair (9-4): Selected=0 / 8 choices
      Choice 1: inliners=42
      Choice 2: inliners=20
      Choice 3: inliners=32
      Choice 4: inliners=38
      Choice 5: inliners=0
      Choice 6: inliners=36
      Choice 7: inliners=22
      Choice 8: inliners=28
    Pair (10-4): Selected=0 / 2 choices
      Choice 1: inliners=28
      Choice 2: inliners=26
    Pair (11-4): Selected=0 / 3 choices
      Choice 1: inliners=16
      Choice 2: inliners=14
      Choice 3: inliners=36


--- GENERATION 220 BEST BREAKDOWN ---
  Total Fitness: 574.52
  Inlier Reward: 450.12
  Cycle Penalty: 0.00
  Overlap Penalty: 0.00
  Edge Residual Penalty: 0.00
  Edge Rot Residual Penalty: 0.00
  Connectivity Reward: 0.00
  Component Penalty: 0.00
  Consensus Support Reward: 124.40
  Largest Component: 11
  Num Components: 1
  Active Pairs: 10
  OverlapDiag Sum (indexed): 0.0000 (delta_vs_fitness=0.0000)
  OverlapDiag Pairs: total=45 same_comp=45 broad_reject=33 narrow_checked=45 active=1
  OverlapDiag Active Pairs: none

  --- ACTIVE GENE MAP ---
    Gene  0 (Pair  2- 1): choice=2 (inl=70)
    Gene  2 (Pair  4- 1): choice=4 (inl=63)
    Gene  3 (Pair  5- 1): choice=1 (inl=76)
    Gene 14 (Pair  9- 2): choice=6 (inl=38)
    Gene 19 (Pair  7- 3): choice=3 (inl=86)
    Gene 21 (Pair  9- 3): choice=12 (inl=51)
    Gene 23 (Pair 11- 3): choice=2 (inl=41)
    Gene 30 (Pair  6- 5): choice=6 (inl=90)
    Gene 42 (Pair 10- 8): choice=3 (inl=44)
    Gene 44 (Pair 10- 9): choice=3 (inl=56)

  --- SHARD 4 CANDIDATE ANALYSIS ---
    Pair (4-1): Selected=4 / 4 choices
      Choice 1: inliners=32
      Choice 2: inliners=67
      Choice 3: inliners=72
      Choice 4: inliners=63 [SELECTED]
    Pair (4-2): Selected=0 / 5 choices
      Choice 1: inliners=12
      Choice 2: inliners=32
      Choice 3: inliners=20
      Choice 4: inliners=24
      Choice 5: inliners=58
    Pair (4-3): Selected=0 / 4 choices
      Choice 1: inliners=50
      Choice 2: inliners=34
      Choice 3: inliners=56
      Choice 4: inliners=34
    Pair (5-4): Selected=0 / 2 choices
      Choice 1: inliners=70
      Choice 2: inliners=77
    Pair (7-4): Selected=0 / 1 choices
      Choice 1: inliners=36
    Pair (8-4): Selected=0 / 5 choices
      Choice 1: inliners=0
      Choice 2: inliners=47
      Choice 3: inliners=14
      Choice 4: inliners=36
      Choice 5: inliners=36
    Pair (9-4): Selected=0 / 8 choices
      Choice 1: inliners=42
      Choice 2: inliners=20
      Choice 3: inliners=32
      Choice 4: inliners=38
      Choice 5: inliners=0
      Choice 6: inliners=36
      Choice 7: inliners=22
      Choice 8: inliners=28
    Pair (10-4): Selected=0 / 2 choices
      Choice 1: inliners=28
      Choice 2: inliners=26
    Pair (11-4): Selected=0 / 3 choices
      Choice 1: inliners=16
      Choice 2: inliners=14
      Choice 3: inliners=36


--- GENERATION 230 BEST BREAKDOWN ---
  Total Fitness: 574.52
  Inlier Reward: 450.12
  Cycle Penalty: 0.00
  Overlap Penalty: 0.00
  Edge Residual Penalty: 0.00
  Edge Rot Residual Penalty: 0.00
  Connectivity Reward: 0.00
  Component Penalty: 0.00
  Consensus Support Reward: 124.40
  Largest Component: 11
  Num Components: 1
  Active Pairs: 10
  OverlapDiag Sum (indexed): 0.0000 (delta_vs_fitness=0.0000)
  OverlapDiag Pairs: total=45 same_comp=45 broad_reject=33 narrow_checked=45 active=1
  OverlapDiag Active Pairs: none

  --- ACTIVE GENE MAP ---
    Gene  0 (Pair  2- 1): choice=2 (inl=70)
    Gene  2 (Pair  4- 1): choice=4 (inl=63)
    Gene  3 (Pair  5- 1): choice=1 (inl=76)
    Gene 14 (Pair  9- 2): choice=6 (inl=38)
    Gene 19 (Pair  7- 3): choice=3 (inl=86)
    Gene 21 (Pair  9- 3): choice=12 (inl=51)
    Gene 23 (Pair 11- 3): choice=2 (inl=41)
    Gene 30 (Pair  6- 5): choice=6 (inl=90)
    Gene 42 (Pair 10- 8): choice=3 (inl=44)
    Gene 44 (Pair 10- 9): choice=3 (inl=56)

  --- SHARD 4 CANDIDATE ANALYSIS ---
    Pair (4-1): Selected=4 / 4 choices
      Choice 1: inliners=32
      Choice 2: inliners=67
      Choice 3: inliners=72
      Choice 4: inliners=63 [SELECTED]
    Pair (4-2): Selected=0 / 5 choices
      Choice 1: inliners=12
      Choice 2: inliners=32
      Choice 3: inliners=20
      Choice 4: inliners=24
      Choice 5: inliners=58
    Pair (4-3): Selected=0 / 4 choices
      Choice 1: inliners=50
      Choice 2: inliners=34
      Choice 3: inliners=56
      Choice 4: inliners=34
    Pair (5-4): Selected=0 / 2 choices
      Choice 1: inliners=70
      Choice 2: inliners=77
    Pair (7-4): Selected=0 / 1 choices
      Choice 1: inliners=36
    Pair (8-4): Selected=0 / 5 choices
      Choice 1: inliners=0
      Choice 2: inliners=47
      Choice 3: inliners=14
      Choice 4: inliners=36
      Choice 5: inliners=36
    Pair (9-4): Selected=0 / 8 choices
      Choice 1: inliners=42
      Choice 2: inliners=20
      Choice 3: inliners=32
      Choice 4: inliners=38
      Choice 5: inliners=0
      Choice 6: inliners=36
      Choice 7: inliners=22
      Choice 8: inliners=28
    Pair (10-4): Selected=0 / 2 choices
      Choice 1: inliners=28
      Choice 2: inliners=26
    Pair (11-4): Selected=0 / 3 choices
      Choice 1: inliners=16
      Choice 2: inliners=14
      Choice 3: inliners=36


--- GENERATION 240 BEST BREAKDOWN ---
  Total Fitness: 574.52
  Inlier Reward: 450.12
  Cycle Penalty: 0.00
  Overlap Penalty: 0.00
  Edge Residual Penalty: 0.00
  Edge Rot Residual Penalty: 0.00
  Connectivity Reward: 0.00
  Component Penalty: 0.00
  Consensus Support Reward: 124.40
  Largest Component: 11
  Num Components: 1
  Active Pairs: 10
  OverlapDiag Sum (indexed): 0.0000 (delta_vs_fitness=0.0000)
  OverlapDiag Pairs: total=45 same_comp=45 broad_reject=33 narrow_checked=45 active=1
  OverlapDiag Active Pairs: none

  --- ACTIVE GENE MAP ---
    Gene  0 (Pair  2- 1): choice=2 (inl=70)
    Gene  2 (Pair  4- 1): choice=4 (inl=63)
    Gene  3 (Pair  5- 1): choice=1 (inl=76)
    Gene 14 (Pair  9- 2): choice=6 (inl=38)
    Gene 19 (Pair  7- 3): choice=3 (inl=86)
    Gene 21 (Pair  9- 3): choice=12 (inl=51)
    Gene 23 (Pair 11- 3): choice=2 (inl=41)
    Gene 30 (Pair  6- 5): choice=6 (inl=90)
    Gene 42 (Pair 10- 8): choice=3 (inl=44)
    Gene 44 (Pair 10- 9): choice=3 (inl=56)

  --- SHARD 4 CANDIDATE ANALYSIS ---
    Pair (4-1): Selected=4 / 4 choices
      Choice 1: inliners=32
      Choice 2: inliners=67
      Choice 3: inliners=72
      Choice 4: inliners=63 [SELECTED]
    Pair (4-2): Selected=0 / 5 choices
      Choice 1: inliners=12
      Choice 2: inliners=32
      Choice 3: inliners=20
      Choice 4: inliners=24
      Choice 5: inliners=58
    Pair (4-3): Selected=0 / 4 choices
      Choice 1: inliners=50
      Choice 2: inliners=34
      Choice 3: inliners=56
      Choice 4: inliners=34
    Pair (5-4): Selected=0 / 2 choices
      Choice 1: inliners=70
      Choice 2: inliners=77
    Pair (7-4): Selected=0 / 1 choices
      Choice 1: inliners=36
    Pair (8-4): Selected=0 / 5 choices
      Choice 1: inliners=0
      Choice 2: inliners=47
      Choice 3: inliners=14
      Choice 4: inliners=36
      Choice 5: inliners=36
    Pair (9-4): Selected=0 / 8 choices
      Choice 1: inliners=42
      Choice 2: inliners=20
      Choice 3: inliners=32
      Choice 4: inliners=38
      Choice 5: inliners=0
      Choice 6: inliners=36
      Choice 7: inliners=22
      Choice 8: inliners=28
    Pair (10-4): Selected=0 / 2 choices
      Choice 1: inliners=28
      Choice 2: inliners=26
    Pair (11-4): Selected=0 / 3 choices
      Choice 1: inliners=16
      Choice 2: inliners=14
      Choice 3: inliners=36


--- GENERATION 250 BEST BREAKDOWN ---
  Total Fitness: 574.52
  Inlier Reward: 450.12
  Cycle Penalty: 0.00
  Overlap Penalty: 0.00
  Edge Residual Penalty: 0.00
  Edge Rot Residual Penalty: 0.00
  Connectivity Reward: 0.00
  Component Penalty: 0.00
  Consensus Support Reward: 124.40
  Largest Component: 11
  Num Components: 1
  Active Pairs: 10
  OverlapDiag Sum (indexed): 0.0000 (delta_vs_fitness=0.0000)
  OverlapDiag Pairs: total=45 same_comp=45 broad_reject=33 narrow_checked=45 active=1
  OverlapDiag Active Pairs: none

  --- ACTIVE GENE MAP ---
    Gene  0 (Pair  2- 1): choice=2 (inl=70)
    Gene  2 (Pair  4- 1): choice=4 (inl=63)
    Gene  3 (Pair  5- 1): choice=1 (inl=76)
    Gene 14 (Pair  9- 2): choice=6 (inl=38)
    Gene 19 (Pair  7- 3): choice=3 (inl=86)
    Gene 21 (Pair  9- 3): choice=12 (inl=51)
    Gene 23 (Pair 11- 3): choice=2 (inl=41)
    Gene 30 (Pair  6- 5): choice=6 (inl=90)
    Gene 42 (Pair 10- 8): choice=3 (inl=44)
    Gene 44 (Pair 10- 9): choice=3 (inl=56)

  --- SHARD 4 CANDIDATE ANALYSIS ---
    Pair (4-1): Selected=4 / 4 choices
      Choice 1: inliners=32
      Choice 2: inliners=67
      Choice 3: inliners=72
      Choice 4: inliners=63 [SELECTED]
    Pair (4-2): Selected=0 / 5 choices
      Choice 1: inliners=12
      Choice 2: inliners=32
      Choice 3: inliners=20
      Choice 4: inliners=24
      Choice 5: inliners=58
    Pair (4-3): Selected=0 / 4 choices
      Choice 1: inliners=50
      Choice 2: inliners=34
      Choice 3: inliners=56
      Choice 4: inliners=34
    Pair (5-4): Selected=0 / 2 choices
      Choice 1: inliners=70
      Choice 2: inliners=77
    Pair (7-4): Selected=0 / 1 choices
      Choice 1: inliners=36
    Pair (8-4): Selected=0 / 5 choices
      Choice 1: inliners=0
      Choice 2: inliners=47
      Choice 3: inliners=14
      Choice 4: inliners=36
      Choice 5: inliners=36
    Pair (9-4): Selected=0 / 8 choices
      Choice 1: inliners=42
      Choice 2: inliners=20
      Choice 3: inliners=32
      Choice 4: inliners=38
      Choice 5: inliners=0
      Choice 6: inliners=36
      Choice 7: inliners=22
      Choice 8: inliners=28
    Pair (10-4): Selected=0 / 2 choices
      Choice 1: inliners=28
      Choice 2: inliners=26
    Pair (11-4): Selected=0 / 3 choices
      Choice 1: inliners=16
      Choice 2: inliners=14
      Choice 3: inliners=36


--- GENERATION 260 BEST BREAKDOWN ---
  Total Fitness: 574.52
  Inlier Reward: 450.12
  Cycle Penalty: 0.00
  Overlap Penalty: 0.00
  Edge Residual Penalty: 0.00
  Edge Rot Residual Penalty: 0.00
  Connectivity Reward: 0.00
  Component Penalty: 0.00
  Consensus Support Reward: 124.40
  Largest Component: 11
  Num Components: 1
  Active Pairs: 10
  OverlapDiag Sum (indexed): 0.0000 (delta_vs_fitness=0.0000)
  OverlapDiag Pairs: total=45 same_comp=45 broad_reject=33 narrow_checked=45 active=1
  OverlapDiag Active Pairs: none

  --- ACTIVE GENE MAP ---
    Gene  0 (Pair  2- 1): choice=2 (inl=70)
    Gene  2 (Pair  4- 1): choice=4 (inl=63)
    Gene  3 (Pair  5- 1): choice=1 (inl=76)
    Gene 14 (Pair  9- 2): choice=6 (inl=38)
    Gene 19 (Pair  7- 3): choice=3 (inl=86)
    Gene 21 (Pair  9- 3): choice=12 (inl=51)
    Gene 23 (Pair 11- 3): choice=2 (inl=41)
    Gene 30 (Pair  6- 5): choice=6 (inl=90)
    Gene 42 (Pair 10- 8): choice=3 (inl=44)
    Gene 44 (Pair 10- 9): choice=3 (inl=56)

  --- SHARD 4 CANDIDATE ANALYSIS ---
    Pair (4-1): Selected=4 / 4 choices
      Choice 1: inliners=32
      Choice 2: inliners=67
      Choice 3: inliners=72
      Choice 4: inliners=63 [SELECTED]
    Pair (4-2): Selected=0 / 5 choices
      Choice 1: inliners=12
      Choice 2: inliners=32
      Choice 3: inliners=20
      Choice 4: inliners=24
      Choice 5: inliners=58
    Pair (4-3): Selected=0 / 4 choices
      Choice 1: inliners=50
      Choice 2: inliners=34
      Choice 3: inliners=56
      Choice 4: inliners=34
    Pair (5-4): Selected=0 / 2 choices
      Choice 1: inliners=70
      Choice 2: inliners=77
    Pair (7-4): Selected=0 / 1 choices
      Choice 1: inliners=36
    Pair (8-4): Selected=0 / 5 choices
      Choice 1: inliners=0
      Choice 2: inliners=47
      Choice 3: inliners=14
      Choice 4: inliners=36
      Choice 5: inliners=36
    Pair (9-4): Selected=0 / 8 choices
      Choice 1: inliners=42
      Choice 2: inliners=20
      Choice 3: inliners=32
      Choice 4: inliners=38
      Choice 5: inliners=0
      Choice 6: inliners=36
      Choice 7: inliners=22
      Choice 8: inliners=28
    Pair (10-4): Selected=0 / 2 choices
      Choice 1: inliners=28
      Choice 2: inliners=26
    Pair (11-4): Selected=0 / 3 choices
      Choice 1: inliners=16
      Choice 2: inliners=14
      Choice 3: inliners=36


--- GENERATION 270 BEST BREAKDOWN ---
  Total Fitness: 574.52
  Inlier Reward: 450.12
  Cycle Penalty: 0.00
  Overlap Penalty: 0.00
  Edge Residual Penalty: 0.00
  Edge Rot Residual Penalty: 0.00
  Connectivity Reward: 0.00
  Component Penalty: 0.00
  Consensus Support Reward: 124.40
  Largest Component: 11
  Num Components: 1
  Active Pairs: 10
  OverlapDiag Sum (indexed): 0.0000 (delta_vs_fitness=0.0000)
  OverlapDiag Pairs: total=45 same_comp=45 broad_reject=33 narrow_checked=45 active=1
  OverlapDiag Active Pairs: none

  --- ACTIVE GENE MAP ---
    Gene  0 (Pair  2- 1): choice=2 (inl=70)
    Gene  2 (Pair  4- 1): choice=4 (inl=63)
    Gene  3 (Pair  5- 1): choice=1 (inl=76)
    Gene 14 (Pair  9- 2): choice=6 (inl=38)
    Gene 19 (Pair  7- 3): choice=3 (inl=86)
    Gene 21 (Pair  9- 3): choice=12 (inl=51)
    Gene 23 (Pair 11- 3): choice=2 (inl=41)
    Gene 30 (Pair  6- 5): choice=6 (inl=90)
    Gene 42 (Pair 10- 8): choice=3 (inl=44)
    Gene 44 (Pair 10- 9): choice=3 (inl=56)

  --- SHARD 4 CANDIDATE ANALYSIS ---
    Pair (4-1): Selected=4 / 4 choices
      Choice 1: inliners=32
      Choice 2: inliners=67
      Choice 3: inliners=72
      Choice 4: inliners=63 [SELECTED]
    Pair (4-2): Selected=0 / 5 choices
      Choice 1: inliners=12
      Choice 2: inliners=32
      Choice 3: inliners=20
      Choice 4: inliners=24
      Choice 5: inliners=58
    Pair (4-3): Selected=0 / 4 choices
      Choice 1: inliners=50
      Choice 2: inliners=34
      Choice 3: inliners=56
      Choice 4: inliners=34
    Pair (5-4): Selected=0 / 2 choices
      Choice 1: inliners=70
      Choice 2: inliners=77
    Pair (7-4): Selected=0 / 1 choices
      Choice 1: inliners=36
    Pair (8-4): Selected=0 / 5 choices
      Choice 1: inliners=0
      Choice 2: inliners=47
      Choice 3: inliners=14
      Choice 4: inliners=36
      Choice 5: inliners=36
    Pair (9-4): Selected=0 / 8 choices
      Choice 1: inliners=42
      Choice 2: inliners=20
      Choice 3: inliners=32
      Choice 4: inliners=38
      Choice 5: inliners=0
      Choice 6: inliners=36
      Choice 7: inliners=22
      Choice 8: inliners=28
    Pair (10-4): Selected=0 / 2 choices
      Choice 1: inliners=28
      Choice 2: inliners=26
    Pair (11-4): Selected=0 / 3 choices
      Choice 1: inliners=16
      Choice 2: inliners=14
      Choice 3: inliners=36


--- GENERATION 351 BEST BREAKDOWN ---
  Total Fitness: 703.28
  Inlier Reward: 313.79
  Cycle Penalty: 0.00
  Overlap Penalty: 0.00
  Edge Residual Penalty: 0.00
  Edge Rot Residual Penalty: 0.00
  Connectivity Reward: 0.00
  Component Penalty: 0.00
  Consensus Support Reward: 389.49
  Largest Component: 11
  Num Components: 1
  Active Pairs: 10
  OverlapDiag Sum (indexed): 0.0000 (delta_vs_fitness=0.0000)
  OverlapDiag Pairs: total=45 same_comp=45 broad_reject=22 narrow_checked=45 active=1
  OverlapDiag Active Pairs: none

  --- ACTIVE GENE MAP ---
    Gene  1 (Pair  3- 1): choice=9 (inl=77)
    Gene  2 (Pair  4- 1): choice=3 (inl=72)
    Gene 15 (Pair 10- 2): choice=2 (inl=42)
    Gene 18 (Pair  5- 3): choice=6 (inl=36)
    Gene 20 (Pair  8- 3): choice=7 (inl=22)
    Gene 22 (Pair 10- 3): choice=1 (inl=38)
    Gene 23 (Pair 11- 3): choice=2 (inl=41)
    Gene 30 (Pair  6- 5): choice=1 (inl=34)
    Gene 37 (Pair  8- 7): choice=1 (inl=28)
    Gene 41 (Pair  9- 8): choice=12 (inl=56)

  --- SHARD 4 CANDIDATE ANALYSIS ---
    Pair (4-1): Selected=3 / 4 choices
      Choice 1: inliners=32
      Choice 2: inliners=67
      Choice 3: inliners=72 [SELECTED]
      Choice 4: inliners=63
    Pair (4-2): Selected=0 / 5 choices
      Choice 1: inliners=12
      Choice 2: inliners=32
      Choice 3: inliners=20
      Choice 4: inliners=24
      Choice 5: inliners=58
    Pair (4-3): Selected=0 / 4 choices
      Choice 1: inliners=50
      Choice 2: inliners=34
      Choice 3: inliners=56
      Choice 4: inliners=34
    Pair (5-4): Selected=0 / 2 choices
      Choice 1: inliners=70
      Choice 2: inliners=77
    Pair (7-4): Selected=0 / 1 choices
      Choice 1: inliners=36
    Pair (8-4): Selected=0 / 5 choices
      Choice 1: inliners=0
      Choice 2: inliners=47
      Choice 3: inliners=14
      Choice 4: inliners=36
      Choice 5: inliners=36
    Pair (9-4): Selected=0 / 8 choices
      Choice 1: inliners=42
      Choice 2: inliners=20
      Choice 3: inliners=32
      Choice 4: inliners=38
      Choice 5: inliners=0
      Choice 6: inliners=36
      Choice 7: inliners=22
      Choice 8: inliners=28
    Pair (10-4): Selected=0 / 2 choices
      Choice 1: inliners=28
      Choice 2: inliners=26
    Pair (11-4): Selected=0 / 3 choices
      Choice 1: inliners=16
      Choice 2: inliners=14
      Choice 3: inliners=36


--- COLLISION AUDIT [FINAL BEST] ---
  Fitness overlap penalty: 0.0000
  Recomputed indexed overlap sum: 0.0000 (delta=0.0000)
  Pair counts: total=45 same_comp=45 broad_reject=22 narrow_checked=45 active=1
  Pair (0,1): center_dist=48.644 broad_radius=112.572 min_nn=0.611 hits=3/875 hit_ratio=0.004 avg_depth=0.276 pair_pen=0.000 [OK] NARROW-PHASE CLEAR
  Pair (0,4): center_dist=76.698 broad_radius=104.090 min_nn=14.415 hits=0/875 hit_ratio=0.000 avg_depth=0.000 pair_pen=0.000 [OK] NARROW-PHASE CLEAR
  Pair (0,5): center_dist=110.925 broad_radius=99.334 [OK] BROAD-PHASE SEPARATED
  Pair (0,6): center_dist=69.534 broad_radius=102.868 min_nn=4.677 hits=0/875 hit_ratio=0.000 avg_depth=0.000 pair_pen=0.000 [OK] NARROW-PHASE CLEAR
  Pair (0,7): center_dist=95.391 broad_radius=94.808 min_nn=49.604 hits=0/875 hit_ratio=0.000 avg_depth=0.000 pair_pen=0.000 [OK] NARROW-PHASE CLEAR
  Pair (0,8): center_dist=105.478 broad_radius=91.972 [OK] BROAD-PHASE SEPARATED
  Pair (0,9): center_dist=59.874 broad_radius=86.666 min_nn=20.948 hits=0/875 hit_ratio=0.000 avg_depth=0.000 pair_pen=0.000 [OK] NARROW-PHASE CLEAR
  Pair (0,10): center_dist=67.244 broad_radius=79.234 min_nn=29.966 hits=0/875 hit_ratio=0.000 avg_depth=0.000 pair_pen=0.000 [OK] NARROW-PHASE CLEAR
  Pair (1,2): center_dist=51.945 broad_radius=78.699 min_nn=1.337 hits=0/740 hit_ratio=0.000 avg_depth=0.000 pair_pen=0.000 [OK] NARROW-PHASE CLEAR
  Pair (1,3): center_dist=84.253 broad_radius=74.937 [OK] BROAD-PHASE SEPARATED
  Pair (1,4): center_dist=29.480 broad_radius=81.481 min_nn=4.763 hits=0/740 hit_ratio=0.000 avg_depth=0.000 pair_pen=0.000 [OK] NARROW-PHASE CLEAR
  Pair (1,5): center_dist=63.051 broad_radius=76.725 min_nn=20.565 hits=0/740 hit_ratio=0.000 avg_depth=0.000 pair_pen=0.000 [OK] NARROW-PHASE CLEAR
  Pair (1,6): center_dist=51.482 broad_radius=80.258 min_nn=3.093 hits=0/740 hit_ratio=0.000 avg_depth=0.000 pair_pen=0.000 [OK] NARROW-PHASE CLEAR
  Pair (1,7): center_dist=96.687 broad_radius=72.199 [OK] BROAD-PHASE SEPARATED
  Pair (1,8): center_dist=88.564 broad_radius=69.362 [OK] BROAD-PHASE SEPARATED
  Pair (1,10): center_dist=70.216 broad_radius=56.625 [OK] BROAD-PHASE SEPARATED
  Pair (2,3): center_dist=84.978 broad_radius=63.673 [OK] BROAD-PHASE SEPARATED
  Pair (2,5): center_dist=69.070 broad_radius=65.461 [OK] BROAD-PHASE SEPARATED
  Pair (2,6): center_dist=22.310 broad_radius=68.995 min_nn=1.750 hits=0/336 hit_ratio=0.000 avg_depth=0.000 pair_pen=0.000 [OK] NARROW-PHASE CLEAR
  Pair (2,8): center_dist=43.165 broad_radius=58.099 min_nn=1.156 hits=0/336 hit_ratio=0.000 avg_depth=0.000 pair_pen=0.000 [OK] NARROW-PHASE CLEAR
  Pair (3,4): center_dist=110.595 broad_radius=66.455 [OK] BROAD-PHASE SEPARATED
  Pair (3,5): center_dist=140.992 broad_radius=61.699 [OK] BROAD-PHASE SEPARATED
  Pair (3,6): center_dist=63.092 broad_radius=65.233 min_nn=22.899 hits=0/353 hit_ratio=0.000 avg_depth=0.000 pair_pen=0.000 [OK] NARROW-PHASE CLEAR
  Pair (3,7): center_dist=51.903 broad_radius=57.173 min_nn=21.900 hits=0/353 hit_ratio=0.000 avg_depth=0.000 pair_pen=0.000 [OK] NARROW-PHASE CLEAR
  Pair (3,8): center_dist=79.794 broad_radius=54.337 [OK] BROAD-PHASE SEPARATED
  Pair (3,9): center_dist=32.233 broad_radius=49.031 min_nn=1.113 hits=0/353 hit_ratio=0.000 avg_depth=0.000 pair_pen=0.000 [OK] NARROW-PHASE CLEAR
  Pair (3,10): center_dist=36.968 broad_radius=41.599 min_nn=6.959 hits=0/353 hit_ratio=0.000 avg_depth=0.000 pair_pen=0.000 [OK] NARROW-PHASE CLEAR
  Pair (4,6): center_dist=64.196 broad_radius=71.777 min_nn=44.806 hits=0/225 hit_ratio=0.000 avg_depth=0.000 pair_pen=0.000 [OK] NARROW-PHASE CLEAR
  Pair (4,7): center_dist=114.054 broad_radius=63.717 [OK] BROAD-PHASE SEPARATED
  Pair (4,8): center_dist=96.578 broad_radius=60.881 [OK] BROAD-PHASE SEPARATED
  Pair (4,9): center_dist=87.763 broad_radius=55.575 [OK] BROAD-PHASE SEPARATED
  Pair (4,10): center_dist=90.046 broad_radius=48.143 [OK] BROAD-PHASE SEPARATED
  Pair (5,6): center_dist=86.554 broad_radius=67.020 [OK] BROAD-PHASE SEPARATED
  Pair (5,7): center_dist=135.379 broad_radius=58.960 [OK] BROAD-PHASE SEPARATED
  Pair (5,8): center_dist=110.052 broad_radius=56.124 [OK] BROAD-PHASE SEPARATED
  Pair (5,9): center_dist=114.972 broad_radius=50.819 [OK] BROAD-PHASE SEPARATED
  Pair (5,10): center_dist=115.632 broad_radius=43.387 [OK] BROAD-PHASE SEPARATED
  Pair (6,8): center_dist=39.736 broad_radius=59.658 min_nn=2.356 hits=0/296 hit_ratio=0.000 avg_depth=0.000 pair_pen=0.000 [OK] NARROW-PHASE CLEAR
  Pair (6,9): center_dist=31.767 broad_radius=54.352 min_nn=5.200 hits=0/296 hit_ratio=0.000 avg_depth=0.000 pair_pen=0.000 [OK] NARROW-PHASE CLEAR
  Pair (6,10): center_dist=30.128 broad_radius=46.920 min_nn=9.867 hits=0/296 hit_ratio=0.000 avg_depth=0.000 pair_pen=0.000 [OK] NARROW-PHASE CLEAR
  Pair (7,9): center_dist=37.302 broad_radius=46.293 min_nn=9.820 hits=0/240 hit_ratio=0.000 avg_depth=0.000 pair_pen=0.000 [OK] NARROW-PHASE CLEAR
  Pair (7,10): center_dist=30.600 broad_radius=38.861 min_nn=1.472 hits=0/240 hit_ratio=0.000 avg_depth=0.000 pair_pen=0.000 [OK] NARROW-PHASE CLEAR
  Pair (8,9): center_dist=52.089 broad_radius=43.456 [OK] BROAD-PHASE SEPARATED
  Pair (8,10): center_dist=45.012 broad_radius=36.024 [OK] BROAD-PHASE SEPARATED
  Pair (9,10): center_dist=7.716 broad_radius=30.719 min_nn=1.156 hits=0/72 hit_ratio=0.000 avg_depth=0.000 pair_pen=0.000 [OK] NARROW-PHASE CLEAR
  No active cloud collisions detected.


=== CONSENSUS SUPPORT DIAGNOSTICS [FINAL BEST] ===
  Active Spanning Tree Component: 11 shards.
  Shard 1 (Root Shard):
    Alternative Pair with Shard 3 (ACTIVE IN TREE) [SKIPPED]
    Alternative Pair with Shard 4 (ACTIVE IN TREE) [SKIPPED]
    Alternative Pair with Shard 5 (NOT ACTIVE IN TREE):
      Candidate choice=1 inlier=76 | RotErr = 0.0585 rad (3.3525 deg) | TransErr = 4.90 mm [PASSES] -> Reward: +20.00
      Candidate choice=2 inlier=65 | RotErr = 1.6694 rad (95.6518 deg) | TransErr = 26.93 mm [FAILS]
      Candidate choice=3 inlier=76 | RotErr = 2.1929 rad (125.6412 deg) | TransErr = 81.55 mm [FAILS]
      Candidate choice=4 inlier=26 | RotErr = 2.3515 rad (134.7287 deg) | TransErr = 71.68 mm [FAILS]
    Alternative Pair with Shard 8 (NOT ACTIVE IN TREE):
      Candidate choice=1 inlier=10 | RotErr = 2.9157 rad (167.0571 deg) | TransErr = 122.25 mm [FAILS]
      Candidate choice=2 inlier=36 | RotErr = 3.1075 rad (178.0459 deg) | TransErr = 73.32 mm [FAILS]
      Candidate choice=3 inlier=32 | RotErr = 2.9606 rad (169.6293 deg) | TransErr = 59.34 mm [FAILS]
      Candidate choice=4 inlier=0 | RotErr = 1.0816 rad (61.9714 deg) | TransErr = 63.11 mm [FAILS]
      Candidate choice=5 inlier=32 | RotErr = 1.2830 rad (73.5091 deg) | TransErr = 96.07 mm [FAILS]
      Candidate choice=6 inlier=53 | RotErr = 2.7774 rad (159.1319 deg) | TransErr = 73.13 mm [FAILS]
      Candidate choice=7 inlier=44 | RotErr = 0.4163 rad (23.8532 deg) | TransErr = 38.31 mm [FAILS]
      Candidate choice=8 inlier=40 | RotErr = 1.6297 rad (93.3753 deg) | TransErr = 7.56 mm [FAILS]
    Alternative Pair with Shard 10 (NOT ACTIVE IN TREE):
      Candidate choice=1 inlier=32 | RotErr = 1.3101 rad (75.0650 deg) | TransErr = 79.56 mm [FAILS]
      Candidate choice=2 inlier=40 | RotErr = 3.0163 rad (172.8190 deg) | TransErr = 15.80 mm [FAILS]
    Alternative Pair with Shard 11 (NOT ACTIVE IN TREE):
      Candidate choice=1 inlier=0 | RotErr = 0.8752 rad (50.1436 deg) | TransErr = 94.26 mm [FAILS]
      Candidate choice=2 inlier=0 | RotErr = 1.0758 rad (61.6370 deg) | TransErr = 120.36 mm [FAILS]
      Candidate choice=3 inlier=8 | RotErr = 1.0801 rad (61.8864 deg) | TransErr = 16.45 mm [FAILS]
      Candidate choice=4 inlier=0 | RotErr = 0.9345 rad (53.5431 deg) | TransErr = 92.95 mm [FAILS]
      Candidate choice=5 inlier=0 | RotErr = 1.1931 rad (68.3620 deg) | TransErr = 116.50 mm [FAILS]
      Candidate choice=6 inlier=0 | RotErr = 1.0119 rad (57.9764 deg) | TransErr = 7.74 mm [FAILS]
    Alternative Pair with Shard 6 (NOT ACTIVE IN TREE):
      [No match candidates found]
    Alternative Pair with Shard 7 (NOT ACTIVE IN TREE):
      Candidate choice=1 inlier=0 | RotErr = 0.7194 rad (41.2161 deg) | TransErr = 127.46 mm [FAILS]
      Candidate choice=2 inlier=8 | RotErr = 2.6695 rad (152.9535 deg) | TransErr = 57.08 mm [FAILS]
      Candidate choice=3 inlier=61 | RotErr = 1.7483 rad (100.1698 deg) | TransErr = 25.95 mm [FAILS]
    Alternative Pair with Shard 9 (NOT ACTIVE IN TREE):
      Candidate choice=1 inlier=24 | RotErr = 1.9904 rad (114.0416 deg) | TransErr = 125.71 mm [FAILS]
      Candidate choice=2 inlier=40 | RotErr = 1.5452 rad (88.5331 deg) | TransErr = 109.06 mm [FAILS]
      Candidate choice=3 inlier=0 | RotErr = 0.8448 rad (48.4062 deg) | TransErr = 147.67 mm [FAILS]
      Candidate choice=4 inlier=14 | RotErr = 0.6220 rad (35.6377 deg) | TransErr = 107.71 mm [FAILS]
      Candidate choice=5 inlier=24 | RotErr = 1.3318 rad (76.3058 deg) | TransErr = 124.98 mm [FAILS]
      Candidate choice=6 inlier=0 | RotErr = 2.1082 rad (120.7922 deg) | TransErr = 74.16 mm [FAILS]
      Candidate choice=7 inlier=47 | RotErr = 1.5491 rad (88.7568 deg) | TransErr = 70.82 mm [FAILS]
      Candidate choice=8 inlier=36 | RotErr = 0.4577 rad (26.2250 deg) | TransErr = 97.71 mm [FAILS]
      Candidate choice=9 inlier=40 | RotErr = 0.5292 rad (30.3237 deg) | TransErr = 67.27 mm [FAILS]
      Candidate choice=10 inlier=0 | RotErr = 2.3941 rad (137.1729 deg) | TransErr = 60.82 mm [FAILS]
    Alternative Pair with Shard 2 (NOT ACTIVE IN TREE):
      Candidate choice=1 inlier=30 | RotErr = 0.2225 rad (12.7504 deg) | TransErr = 61.55 mm [FAILS]
      Candidate choice=2 inlier=70 | RotErr = 2.3157 rad (132.6788 deg) | TransErr = 31.92 mm [FAILS]
      Candidate choice=3 inlier=36 | RotErr = 2.3921 rad (137.0553 deg) | TransErr = 33.90 mm [FAILS]
      Candidate choice=4 inlier=44 | RotErr = 2.2293 rad (127.7292 deg) | TransErr = 20.87 mm [FAILS]
      Candidate choice=5 inlier=59 | RotErr = 1.5964 rad (91.4664 deg) | TransErr = 13.67 mm [FAILS]
  Shard 3 (placed by parent 1):
    Alternative Pair with Shard 1 (ACTIVE IN TREE) [SKIPPED]
    Alternative Pair with Shard 4 (NOT ACTIVE IN TREE):
      Candidate choice=1 inlier=50 | RotErr = 1.5694 rad (89.9199 deg) | TransErr = 113.21 mm [FAILS]
      Candidate choice=2 inlier=34 | RotErr = 2.7918 rad (159.9564 deg) | TransErr = 29.01 mm [FAILS]
      Candidate choice=3 inlier=56 | RotErr = 2.9289 rad (167.8131 deg) | TransErr = 25.95 mm [FAILS]
      Candidate choice=4 inlier=34 | RotErr = 1.1221 rad (64.2895 deg) | TransErr = 72.92 mm [FAILS]
    Alternative Pair with Shard 5 (ACTIVE IN TREE) [SKIPPED]
    Alternative Pair with Shard 8 (ACTIVE IN TREE) [SKIPPED]
    Alternative Pair with Shard 10 (ACTIVE IN TREE) [SKIPPED]
    Alternative Pair with Shard 11 (ACTIVE IN TREE) [SKIPPED]
    Alternative Pair with Shard 6 (NOT ACTIVE IN TREE):
      [No match candidates found]
    Alternative Pair with Shard 7 (NOT ACTIVE IN TREE):
      Candidate choice=1 inlier=64 | RotErr = 3.0759 rad (176.2381 deg) | TransErr = 29.26 mm [FAILS]
      Candidate choice=2 inlier=40 | RotErr = 1.2731 rad (72.9445 deg) | TransErr = 82.43 mm [FAILS]
      Candidate choice=3 inlier=86 | RotErr = 1.3858 rad (79.4019 deg) | TransErr = 61.51 mm [FAILS]
    Alternative Pair with Shard 9 (NOT ACTIVE IN TREE):
      Candidate choice=1 inlier=22 | RotErr = 0.9630 rad (55.1762 deg) | TransErr = 66.20 mm [FAILS]
      Candidate choice=2 inlier=18 | RotErr = 0.7983 rad (45.7420 deg) | TransErr = 81.09 mm [FAILS]
      Candidate choice=3 inlier=10 | RotErr = 0.9151 rad (52.4322 deg) | TransErr = 74.29 mm [FAILS]
      Candidate choice=4 inlier=38 | RotErr = 2.9982 rad (171.7838 deg) | TransErr = 78.32 mm [FAILS]
      Candidate choice=5 inlier=18 | RotErr = 2.0156 rad (115.4844 deg) | TransErr = 92.21 mm [FAILS]
      Candidate choice=6 inlier=30 | RotErr = 1.0284 rad (58.9220 deg) | TransErr = 69.80 mm [FAILS]
      Candidate choice=7 inlier=30 | RotErr = 1.3619 rad (78.0313 deg) | TransErr = 112.23 mm [FAILS]
      Candidate choice=8 inlier=14 | RotErr = 1.0730 rad (61.4792 deg) | TransErr = 100.33 mm [FAILS]
      Candidate choice=9 inlier=45 | RotErr = 2.5532 rad (146.2898 deg) | TransErr = 61.68 mm [FAILS]
      Candidate choice=10 inlier=22 | RotErr = 0.6782 rad (38.8567 deg) | TransErr = 58.36 mm [FAILS]
      Candidate choice=11 inlier=0 | RotErr = 1.9309 rad (110.6337 deg) | TransErr = 104.11 mm [FAILS]
      Candidate choice=12 inlier=51 | RotErr = 2.4575 rad (140.8043 deg) | TransErr = 83.22 mm [FAILS]
      Candidate choice=13 inlier=22 | RotErr = 0.6815 rad (39.0458 deg) | TransErr = 74.63 mm [FAILS]
    Alternative Pair with Shard 2 (NOT ACTIVE IN TREE):
      Candidate choice=1 inlier=62 | RotErr = 3.0317 rad (173.7043 deg) | TransErr = 4.86 mm [FAILS]
      Candidate choice=2 inlier=24 | RotErr = 2.6397 rad (151.2420 deg) | TransErr = 24.47 mm [FAILS]
      Candidate choice=3 inlier=48 | RotErr = 1.2743 rad (73.0141 deg) | TransErr = 53.84 mm [FAILS]
      Candidate choice=4 inlier=22 | RotErr = 1.2656 rad (72.5117 deg) | TransErr = 10.40 mm [FAILS]
      Candidate choice=5 inlier=32 | RotErr = 0.4976 rad (28.5098 deg) | TransErr = 34.05 mm [FAILS]
      Candidate choice=6 inlier=53 | RotErr = 0.6538 rad (37.4572 deg) | TransErr = 38.54 mm [FAILS]
  Shard 4 (placed by parent 1):
    Alternative Pair with Shard 1 (ACTIVE IN TREE) [SKIPPED]
    Alternative Pair with Shard 3 (NOT ACTIVE IN TREE):
      Candidate choice=1 inlier=50 | RotErr = 1.5694 rad (89.9199 deg) | TransErr = 113.21 mm [FAILS]
      Candidate choice=2 inlier=34 | RotErr = 2.7918 rad (159.9564 deg) | TransErr = 29.01 mm [FAILS]
      Candidate choice=3 inlier=56 | RotErr = 2.9289 rad (167.8131 deg) | TransErr = 25.95 mm [FAILS]
      Candidate choice=4 inlier=34 | RotErr = 1.1221 rad (64.2895 deg) | TransErr = 72.92 mm [FAILS]
    Alternative Pair with Shard 5 (NOT ACTIVE IN TREE):
      Candidate choice=1 inlier=70 | RotErr = 2.9116 rad (166.8247 deg) | TransErr = 13.16 mm [FAILS]
      Candidate choice=2 inlier=77 | RotErr = 2.8855 rad (165.3283 deg) | TransErr = 4.40 mm [FAILS]
    Alternative Pair with Shard 8 (NOT ACTIVE IN TREE):
      Candidate choice=1 inlier=0 | RotErr = 0.6823 rad (39.0909 deg) | TransErr = 90.81 mm [FAILS]
      Candidate choice=2 inlier=47 | RotErr = 2.2115 rad (126.7077 deg) | TransErr = 85.62 mm [FAILS]
      Candidate choice=3 inlier=14 | RotErr = 2.6897 rad (154.1059 deg) | TransErr = 22.82 mm [FAILS]
      Candidate choice=4 inlier=36 | RotErr = 2.0262 rad (116.0922 deg) | TransErr = 13.90 mm [FAILS]
      Candidate choice=5 inlier=36 | RotErr = 1.5210 rad (87.1492 deg) | TransErr = 40.34 mm [FAILS]
    Alternative Pair with Shard 10 (NOT ACTIVE IN TREE):
      Candidate choice=1 inlier=28 | RotErr = 0.7167 rad (41.0630 deg) | TransErr = 16.41 mm [FAILS]
      Candidate choice=2 inlier=26 | RotErr = 0.3086 rad (17.6838 deg) | TransErr = 35.02 mm [FAILS]
    Alternative Pair with Shard 11 (NOT ACTIVE IN TREE):
      Candidate choice=1 inlier=16 | RotErr = 1.9272 rad (110.4192 deg) | TransErr = 48.10 mm [FAILS]
      Candidate choice=2 inlier=14 | RotErr = 0.4404 rad (25.2307 deg) | TransErr = 71.56 mm [FAILS]
      Candidate choice=3 inlier=36 | RotErr = 2.3557 rad (134.9745 deg) | TransErr = 96.34 mm [FAILS]
    Alternative Pair with Shard 6 (NOT ACTIVE IN TREE):
      [No match candidates found]
    Alternative Pair with Shard 7 (NOT ACTIVE IN TREE):
      Candidate choice=1 inlier=36 | RotErr = 2.8744 rad (164.6928 deg) | TransErr = 53.96 mm [FAILS]
    Alternative Pair with Shard 9 (NOT ACTIVE IN TREE):
      Candidate choice=1 inlier=42 | RotErr = 1.5088 rad (86.4492 deg) | TransErr = 61.65 mm [FAILS]
      Candidate choice=2 inlier=20 | RotErr = 0.7147 rad (40.9466 deg) | TransErr = 151.81 mm [FAILS]
      Candidate choice=3 inlier=32 | RotErr = 2.9494 rad (168.9905 deg) | TransErr = 82.13 mm [FAILS]
      Candidate choice=4 inlier=38 | RotErr = 0.6740 rad (38.6172 deg) | TransErr = 102.80 mm [FAILS]
      Candidate choice=5 inlier=0 | RotErr = 2.7471 rad (157.3988 deg) | TransErr = 76.18 mm [FAILS]
      Candidate choice=6 inlier=36 | RotErr = 1.3451 rad (77.0690 deg) | TransErr = 81.25 mm [FAILS]
      Candidate choice=7 inlier=22 | RotErr = 1.6584 rad (95.0177 deg) | TransErr = 107.53 mm [FAILS]
      Candidate choice=8 inlier=28 | RotErr = 2.2516 rad (129.0074 deg) | TransErr = 124.68 mm [FAILS]
    Alternative Pair with Shard 2 (NOT ACTIVE IN TREE):
      Candidate choice=1 inlier=12 | RotErr = 2.1227 rad (121.6222 deg) | TransErr = 58.67 mm [FAILS]
      Candidate choice=2 inlier=32 | RotErr = 2.1921 rad (125.5961 deg) | TransErr = 53.00 mm [FAILS]
      Candidate choice=3 inlier=20 | RotErr = 1.3605 rad (77.9494 deg) | TransErr = 58.10 mm [FAILS]
      Candidate choice=4 inlier=24 | RotErr = 0.1774 rad (10.1636 deg) | TransErr = 3.63 mm [PASSES] -> Reward: +20.00
      Candidate choice=5 inlier=58 | RotErr = 3.0883 rad (176.9476 deg) | TransErr = 36.20 mm [FAILS]
  Shard 5 (placed by parent 3):
    Alternative Pair with Shard 1 (NOT ACTIVE IN TREE):
      Candidate choice=1 inlier=76 | RotErr = 0.0585 rad (3.3525 deg) | TransErr = 4.90 mm [PASSES] -> Reward: +20.00
      Candidate choice=2 inlier=65 | RotErr = 1.6694 rad (95.6518 deg) | TransErr = 26.93 mm [FAILS]
      Candidate choice=3 inlier=76 | RotErr = 2.1929 rad (125.6412 deg) | TransErr = 81.55 mm [FAILS]
      Candidate choice=4 inlier=26 | RotErr = 2.3515 rad (134.7287 deg) | TransErr = 71.68 mm [FAILS]
    Alternative Pair with Shard 3 (ACTIVE IN TREE) [SKIPPED]
    Alternative Pair with Shard 4 (NOT ACTIVE IN TREE):
      Candidate choice=1 inlier=70 | RotErr = 2.9116 rad (166.8247 deg) | TransErr = 13.16 mm [FAILS]
      Candidate choice=2 inlier=77 | RotErr = 2.8855 rad (165.3283 deg) | TransErr = 4.40 mm [FAILS]
    Alternative Pair with Shard 8 (NOT ACTIVE IN TREE):
      Candidate choice=1 inlier=30 | RotErr = 0.7081 rad (40.5735 deg) | TransErr = 67.88 mm [FAILS]
      Candidate choice=2 inlier=36 | RotErr = 0.7021 rad (40.2259 deg) | TransErr = 55.58 mm [FAILS]
      Candidate choice=3 inlier=0 | RotErr = 2.0706 rad (118.6382 deg) | TransErr = 104.26 mm [FAILS]
    Alternative Pair with Shard 10 (NOT ACTIVE IN TREE):
      Candidate choice=1 inlier=26 | RotErr = 2.2723 rad (130.1927 deg) | TransErr = 78.77 mm [FAILS]
      Candidate choice=2 inlier=28 | RotErr = 0.2345 rad (13.4341 deg) | TransErr = 100.61 mm [FAILS]
      Candidate choice=3 inlier=51 | RotErr = 2.1097 rad (120.8757 deg) | TransErr = 37.55 mm [FAILS]
    Alternative Pair with Shard 11 (NOT ACTIVE IN TREE):
      [No match candidates found]
    Alternative Pair with Shard 6 (ACTIVE IN TREE) [SKIPPED]
    Alternative Pair with Shard 7 (NOT ACTIVE IN TREE):
      Candidate choice=1 inlier=6 | RotErr = 2.6367 rad (151.0718 deg) | TransErr = 121.31 mm [FAILS]
      Candidate choice=2 inlier=16 | RotErr = 3.0790 rad (176.4117 deg) | TransErr = 124.03 mm [FAILS]
      Candidate choice=3 inlier=0 | RotErr = 3.1247 rad (179.0313 deg) | TransErr = 117.99 mm [FAILS]
      Candidate choice=4 inlier=58 | RotErr = 2.6924 rad (154.2611 deg) | TransErr = 72.40 mm [FAILS]
      Candidate choice=5 inlier=0 | RotErr = 2.6351 rad (150.9823 deg) | TransErr = 117.08 mm [FAILS]
      Candidate choice=6 inlier=2 | RotErr = 2.8415 rad (162.8065 deg) | TransErr = 115.91 mm [FAILS]
    Alternative Pair with Shard 9 (NOT ACTIVE IN TREE):
      Candidate choice=1 inlier=38 | RotErr = 2.5517 rad (146.2022 deg) | TransErr = 92.13 mm [FAILS]
      Candidate choice=2 inlier=0 | RotErr = 2.7611 rad (158.2018 deg) | TransErr = 122.86 mm [FAILS]
      Candidate choice=3 inlier=32 | RotErr = 2.5629 rad (146.8416 deg) | TransErr = 74.92 mm [FAILS]
      Candidate choice=4 inlier=0 | RotErr = 2.4520 rad (140.4915 deg) | TransErr = 89.57 mm [FAILS]
      Candidate choice=5 inlier=22 | RotErr = 2.5173 rad (144.2324 deg) | TransErr = 22.52 mm [FAILS]
    Alternative Pair with Shard 2 (NOT ACTIVE IN TREE):
      Candidate choice=1 inlier=30 | RotErr = 2.5794 rad (147.7872 deg) | TransErr = 60.34 mm [FAILS]
  Shard 8 (placed by parent 3):
    Alternative Pair with Shard 1 (NOT ACTIVE IN TREE):
      Candidate choice=1 inlier=10 | RotErr = 2.9157 rad (167.0571 deg) | TransErr = 122.25 mm [FAILS]
      Candidate choice=2 inlier=36 | RotErr = 3.1075 rad (178.0459 deg) | TransErr = 73.32 mm [FAILS]
      Candidate choice=3 inlier=32 | RotErr = 2.9606 rad (169.6293 deg) | TransErr = 59.34 mm [FAILS]
      Candidate choice=4 inlier=0 | RotErr = 1.0816 rad (61.9714 deg) | TransErr = 63.11 mm [FAILS]
      Candidate choice=5 inlier=32 | RotErr = 1.2830 rad (73.5091 deg) | TransErr = 96.07 mm [FAILS]
      Candidate choice=6 inlier=53 | RotErr = 2.7774 rad (159.1319 deg) | TransErr = 73.13 mm [FAILS]
      Candidate choice=7 inlier=44 | RotErr = 0.4163 rad (23.8532 deg) | TransErr = 38.31 mm [FAILS]
      Candidate choice=8 inlier=40 | RotErr = 1.6297 rad (93.3753 deg) | TransErr = 7.56 mm [FAILS]
    Alternative Pair with Shard 3 (ACTIVE IN TREE) [SKIPPED]
    Alternative Pair with Shard 4 (NOT ACTIVE IN TREE):
      Candidate choice=1 inlier=0 | RotErr = 0.6823 rad (39.0909 deg) | TransErr = 90.81 mm [FAILS]
      Candidate choice=2 inlier=47 | RotErr = 2.2115 rad (126.7077 deg) | TransErr = 85.62 mm [FAILS]
      Candidate choice=3 inlier=14 | RotErr = 2.6897 rad (154.1059 deg) | TransErr = 22.82 mm [FAILS]
      Candidate choice=4 inlier=36 | RotErr = 2.0262 rad (116.0922 deg) | TransErr = 13.90 mm [FAILS]
      Candidate choice=5 inlier=36 | RotErr = 1.5210 rad (87.1492 deg) | TransErr = 40.34 mm [FAILS]
    Alternative Pair with Shard 5 (NOT ACTIVE IN TREE):
      Candidate choice=1 inlier=30 | RotErr = 0.7081 rad (40.5735 deg) | TransErr = 67.88 mm [FAILS]
      Candidate choice=2 inlier=36 | RotErr = 0.7021 rad (40.2259 deg) | TransErr = 55.58 mm [FAILS]
      Candidate choice=3 inlier=0 | RotErr = 2.0706 rad (118.6382 deg) | TransErr = 104.26 mm [FAILS]
    Alternative Pair with Shard 10 (NOT ACTIVE IN TREE):
      Candidate choice=1 inlier=40 | RotErr = 2.5698 rad (147.2398 deg) | TransErr = 93.76 mm [FAILS]
      Candidate choice=2 inlier=20 | RotErr = 3.0227 rad (173.1875 deg) | TransErr = 13.46 mm [FAILS]
      Candidate choice=3 inlier=44 | RotErr = 0.1416 rad (8.1153 deg) | TransErr = 3.37 mm [PASSES] -> Reward: +20.00
    Alternative Pair with Shard 11 (NOT ACTIVE IN TREE):
      Candidate choice=1 inlier=0 | RotErr = 1.7875 rad (102.4140 deg) | TransErr = 24.83 mm [FAILS]
      Candidate choice=2 inlier=12 | RotErr = 1.0361 rad (59.3664 deg) | TransErr = 51.98 mm [FAILS]
      Candidate choice=3 inlier=26 | RotErr = 1.5390 rad (88.1804 deg) | TransErr = 72.28 mm [FAILS]
      Candidate choice=4 inlier=38 | RotErr = 2.9399 rad (168.4429 deg) | TransErr = 50.55 mm [FAILS]
      Candidate choice=5 inlier=34 | RotErr = 0.7744 rad (44.3702 deg) | TransErr = 24.30 mm [FAILS]
      Candidate choice=6 inlier=28 | RotErr = 0.9575 rad (54.8626 deg) | TransErr = 48.40 mm [FAILS]
    Alternative Pair with Shard 6 (NOT ACTIVE IN TREE):
      [No match candidates found]
    Alternative Pair with Shard 7 (ACTIVE IN TREE) [SKIPPED]
    Alternative Pair with Shard 9 (ACTIVE IN TREE) [SKIPPED]
    Alternative Pair with Shard 2 (NOT ACTIVE IN TREE):
      Candidate choice=1 inlier=30 | RotErr = 2.3582 rad (135.1155 deg) | TransErr = 67.55 mm [FAILS]
      Candidate choice=2 inlier=32 | RotErr = 2.5660 rad (147.0212 deg) | TransErr = 93.67 mm [FAILS]
      Candidate choice=3 inlier=22 | RotErr = 2.5815 rad (147.9085 deg) | TransErr = 15.99 mm [FAILS]
      Candidate choice=4 inlier=36 | RotErr = 1.6274 rad (93.2420 deg) | TransErr = 36.43 mm [FAILS]
      Candidate choice=5 inlier=28 | RotErr = 2.0585 rad (117.9431 deg) | TransErr = 36.45 mm [FAILS]
  Shard 10 (placed by parent 3):
    Alternative Pair with Shard 1 (NOT ACTIVE IN TREE):
      Candidate choice=1 inlier=32 | RotErr = 1.3101 rad (75.0650 deg) | TransErr = 79.56 mm [FAILS]
      Candidate choice=2 inlier=40 | RotErr = 3.0163 rad (172.8190 deg) | TransErr = 15.80 mm [FAILS]
    Alternative Pair with Shard 3 (ACTIVE IN TREE) [SKIPPED]
    Alternative Pair with Shard 4 (NOT ACTIVE IN TREE):
      Candidate choice=1 inlier=28 | RotErr = 0.7167 rad (41.0630 deg) | TransErr = 16.41 mm [FAILS]
      Candidate choice=2 inlier=26 | RotErr = 0.3086 rad (17.6838 deg) | TransErr = 35.02 mm [FAILS]
    Alternative Pair with Shard 5 (NOT ACTIVE IN TREE):
      Candidate choice=1 inlier=26 | RotErr = 2.2723 rad (130.1927 deg) | TransErr = 78.77 mm [FAILS]
      Candidate choice=2 inlier=28 | RotErr = 0.2345 rad (13.4341 deg) | TransErr = 100.61 mm [FAILS]
      Candidate choice=3 inlier=51 | RotErr = 2.1097 rad (120.8757 deg) | TransErr = 37.55 mm [FAILS]
    Alternative Pair with Shard 8 (NOT ACTIVE IN TREE):
      Candidate choice=1 inlier=40 | RotErr = 2.5698 rad (147.2398 deg) | TransErr = 93.76 mm [FAILS]
      Candidate choice=2 inlier=20 | RotErr = 3.0227 rad (173.1875 deg) | TransErr = 13.46 mm [FAILS]
      Candidate choice=3 inlier=44 | RotErr = 0.1416 rad (8.1153 deg) | TransErr = 3.37 mm [PASSES] -> Reward: +20.00
    Alternative Pair with Shard 11 (NOT ACTIVE IN TREE):
      Candidate choice=1 inlier=38 | RotErr = 1.5115 rad (86.6000 deg) | TransErr = 35.17 mm [FAILS]
      Candidate choice=2 inlier=14 | RotErr = 0.8462 rad (48.4835 deg) | TransErr = 33.29 mm [FAILS]
    Alternative Pair with Shard 6 (NOT ACTIVE IN TREE):
      [No match candidates found]
    Alternative Pair with Shard 7 (NOT ACTIVE IN TREE):
      Candidate choice=1 inlier=52 | RotErr = 0.1501 rad (8.5978 deg) | TransErr = 7.44 mm [PASSES] -> Reward: +20.00
    Alternative Pair with Shard 9 (NOT ACTIVE IN TREE):
      Candidate choice=1 inlier=26 | RotErr = 2.3121 rad (132.4738 deg) | TransErr = 109.45 mm [FAILS]
      Candidate choice=2 inlier=0 | RotErr = 1.0315 rad (59.1010 deg) | TransErr = 23.54 mm [FAILS]
      Candidate choice=3 inlier=56 | RotErr = 0.3685 rad (21.1131 deg) | TransErr = 48.56 mm [FAILS]
      Candidate choice=4 inlier=28 | RotErr = 2.3945 rad (137.1939 deg) | TransErr = 87.23 mm [FAILS]
      Candidate choice=5 inlier=26 | RotErr = 1.7968 rad (102.9469 deg) | TransErr = 67.93 mm [FAILS]
      Candidate choice=6 inlier=26 | RotErr = 0.9762 rad (55.9303 deg) | TransErr = 83.43 mm [FAILS]
      Candidate choice=7 inlier=24 | RotErr = 2.5979 rad (148.8478 deg) | TransErr = 87.52 mm [FAILS]
      Candidate choice=8 inlier=34 | RotErr = 0.4931 rad (28.2506 deg) | TransErr = 68.81 mm [FAILS]
    Alternative Pair with Shard 2 (ACTIVE IN TREE) [SKIPPED]
  Shard 11 (placed by parent 3):
    Alternative Pair with Shard 1 (NOT ACTIVE IN TREE):
      Candidate choice=1 inlier=0 | RotErr = 0.8752 rad (50.1436 deg) | TransErr = 94.26 mm [FAILS]
      Candidate choice=2 inlier=0 | RotErr = 1.0758 rad (61.6370 deg) | TransErr = 120.36 mm [FAILS]
      Candidate choice=3 inlier=8 | RotErr = 1.0801 rad (61.8864 deg) | TransErr = 16.45 mm [FAILS]
      Candidate choice=4 inlier=0 | RotErr = 0.9345 rad (53.5431 deg) | TransErr = 92.95 mm [FAILS]
      Candidate choice=5 inlier=0 | RotErr = 1.1931 rad (68.3620 deg) | TransErr = 116.50 mm [FAILS]
      Candidate choice=6 inlier=0 | RotErr = 1.0119 rad (57.9764 deg) | TransErr = 7.74 mm [FAILS]
    Alternative Pair with Shard 3 (ACTIVE IN TREE) [SKIPPED]
    Alternative Pair with Shard 4 (NOT ACTIVE IN TREE):
      Candidate choice=1 inlier=16 | RotErr = 1.9272 rad (110.4192 deg) | TransErr = 48.10 mm [FAILS]
      Candidate choice=2 inlier=14 | RotErr = 0.4404 rad (25.2307 deg) | TransErr = 71.56 mm [FAILS]
      Candidate choice=3 inlier=36 | RotErr = 2.3557 rad (134.9745 deg) | TransErr = 96.34 mm [FAILS]
    Alternative Pair with Shard 5 (NOT ACTIVE IN TREE):
      [No match candidates found]
    Alternative Pair with Shard 8 (NOT ACTIVE IN TREE):
      Candidate choice=1 inlier=0 | RotErr = 1.7875 rad (102.4140 deg) | TransErr = 24.83 mm [FAILS]
      Candidate choice=2 inlier=12 | RotErr = 1.0361 rad (59.3664 deg) | TransErr = 51.98 mm [FAILS]
      Candidate choice=3 inlier=26 | RotErr = 1.5390 rad (88.1804 deg) | TransErr = 72.28 mm [FAILS]
      Candidate choice=4 inlier=38 | RotErr = 2.9399 rad (168.4429 deg) | TransErr = 50.55 mm [FAILS]
      Candidate choice=5 inlier=34 | RotErr = 0.7744 rad (44.3702 deg) | TransErr = 24.30 mm [FAILS]
      Candidate choice=6 inlier=28 | RotErr = 0.9575 rad (54.8626 deg) | TransErr = 48.40 mm [FAILS]
    Alternative Pair with Shard 10 (NOT ACTIVE IN TREE):
      Candidate choice=1 inlier=38 | RotErr = 1.5115 rad (86.6000 deg) | TransErr = 35.17 mm [FAILS]
      Candidate choice=2 inlier=14 | RotErr = 0.8462 rad (48.4835 deg) | TransErr = 33.29 mm [FAILS]
    Alternative Pair with Shard 6 (NOT ACTIVE IN TREE):
      [No match candidates found]
    Alternative Pair with Shard 7 (NOT ACTIVE IN TREE):
      Candidate choice=1 inlier=12 | RotErr = 0.6180 rad (35.4106 deg) | TransErr = 13.93 mm [FAILS]
      Candidate choice=2 inlier=2 | RotErr = 1.4905 rad (85.4022 deg) | TransErr = 42.85 mm [FAILS]
      Candidate choice=3 inlier=16 | RotErr = 0.6355 rad (36.4099 deg) | TransErr = 11.12 mm [FAILS]
      Candidate choice=4 inlier=36 | RotErr = 1.7031 rad (97.5819 deg) | TransErr = 49.53 mm [FAILS]
    Alternative Pair with Shard 9 (NOT ACTIVE IN TREE):
      Candidate choice=1 inlier=6 | RotErr = 1.7487 rad (100.1915 deg) | TransErr = 34.28 mm [FAILS]
      Candidate choice=2 inlier=0 | RotErr = 1.4545 rad (83.3344 deg) | TransErr = 103.04 mm [FAILS]
      Candidate choice=3 inlier=22 | RotErr = 2.4752 rad (141.8212 deg) | TransErr = 88.02 mm [FAILS]
      Candidate choice=4 inlier=26 | RotErr = 2.1676 rad (124.1968 deg) | TransErr = 74.51 mm [FAILS]
    Alternative Pair with Shard 2 (NOT ACTIVE IN TREE):
      Candidate choice=1 inlier=30 | RotErr = 2.2402 rad (128.3543 deg) | TransErr = 28.15 mm [FAILS]
      Candidate choice=2 inlier=30 | RotErr = 0.1513 rad (8.6715 deg) | TransErr = 3.59 mm [PASSES] -> Reward: +20.00
      Candidate choice=3 inlier=8 | RotErr = 1.9175 rad (109.8648 deg) | TransErr = 25.17 mm [FAILS]
      Candidate choice=4 inlier=0 | RotErr = 1.7380 rad (99.5778 deg) | TransErr = 57.41 mm [FAILS]
  Shard 6 (placed by parent 5):
    Alternative Pair with Shard 1 (NOT ACTIVE IN TREE):
      [No match candidates found]
    Alternative Pair with Shard 3 (NOT ACTIVE IN TREE):
      [No match candidates found]
    Alternative Pair with Shard 4 (NOT ACTIVE IN TREE):
      [No match candidates found]
    Alternative Pair with Shard 5 (ACTIVE IN TREE) [SKIPPED]
    Alternative Pair with Shard 8 (NOT ACTIVE IN TREE):
      [No match candidates found]
    Alternative Pair with Shard 10 (NOT ACTIVE IN TREE):
      [No match candidates found]
    Alternative Pair with Shard 11 (NOT ACTIVE IN TREE):
      [No match candidates found]
    Alternative Pair with Shard 7 (NOT ACTIVE IN TREE):
      Candidate choice=1 inlier=8 | RotErr = 0.0224 rad (1.2825 deg) | TransErr = 60.32 mm [FAILS]
    Alternative Pair with Shard 9 (NOT ACTIVE IN TREE):
      Candidate choice=1 inlier=10 | RotErr = 0.2481 rad (14.2127 deg) | TransErr = 98.21 mm [FAILS]
      Candidate choice=2 inlier=0 | RotErr = 0.5269 rad (30.1877 deg) | TransErr = 107.42 mm [FAILS]
      Candidate choice=3 inlier=0 | RotErr = 0.5471 rad (31.3461 deg) | TransErr = 106.13 mm [FAILS]
      Candidate choice=4 inlier=14 | RotErr = 0.5089 rad (29.1563 deg) | TransErr = 78.06 mm [FAILS]
      Candidate choice=5 inlier=0 | RotErr = 0.3265 rad (18.7078 deg) | TransErr = 82.46 mm [FAILS]
      Candidate choice=6 inlier=0 | RotErr = 0.6563 rad (37.6004 deg) | TransErr = 135.97 mm [FAILS]
    Alternative Pair with Shard 2 (NOT ACTIVE IN TREE):
      [No match candidates found]
  Shard 7 (placed by parent 8):
    Alternative Pair with Shard 1 (NOT ACTIVE IN TREE):
      Candidate choice=1 inlier=0 | RotErr = 0.7194 rad (41.2161 deg) | TransErr = 127.46 mm [FAILS]
      Candidate choice=2 inlier=8 | RotErr = 2.6695 rad (152.9535 deg) | TransErr = 57.08 mm [FAILS]
      Candidate choice=3 inlier=61 | RotErr = 1.7483 rad (100.1698 deg) | TransErr = 25.95 mm [FAILS]
    Alternative Pair with Shard 3 (NOT ACTIVE IN TREE):
      Candidate choice=1 inlier=64 | RotErr = 3.0759 rad (176.2381 deg) | TransErr = 29.26 mm [FAILS]
      Candidate choice=2 inlier=40 | RotErr = 1.2731 rad (72.9445 deg) | TransErr = 82.43 mm [FAILS]
      Candidate choice=3 inlier=86 | RotErr = 1.3858 rad (79.4019 deg) | TransErr = 61.51 mm [FAILS]
    Alternative Pair with Shard 4 (NOT ACTIVE IN TREE):
      Candidate choice=1 inlier=36 | RotErr = 2.8744 rad (164.6928 deg) | TransErr = 53.96 mm [FAILS]
    Alternative Pair with Shard 5 (NOT ACTIVE IN TREE):
      Candidate choice=1 inlier=6 | RotErr = 2.6367 rad (151.0718 deg) | TransErr = 121.31 mm [FAILS]
      Candidate choice=2 inlier=16 | RotErr = 3.0790 rad (176.4117 deg) | TransErr = 124.03 mm [FAILS]
      Candidate choice=3 inlier=0 | RotErr = 3.1247 rad (179.0313 deg) | TransErr = 117.99 mm [FAILS]
      Candidate choice=4 inlier=58 | RotErr = 2.6924 rad (154.2611 deg) | TransErr = 72.40 mm [FAILS]
      Candidate choice=5 inlier=0 | RotErr = 2.6351 rad (150.9823 deg) | TransErr = 117.08 mm [FAILS]
      Candidate choice=6 inlier=2 | RotErr = 2.8415 rad (162.8065 deg) | TransErr = 115.91 mm [FAILS]
    Alternative Pair with Shard 8 (ACTIVE IN TREE) [SKIPPED]
    Alternative Pair with Shard 10 (NOT ACTIVE IN TREE):
      Candidate choice=1 inlier=52 | RotErr = 0.1501 rad (8.5978 deg) | TransErr = 7.44 mm [PASSES] -> Reward: +20.00
    Alternative Pair with Shard 11 (NOT ACTIVE IN TREE):
      Candidate choice=1 inlier=12 | RotErr = 0.6180 rad (35.4106 deg) | TransErr = 13.93 mm [FAILS]
      Candidate choice=2 inlier=2 | RotErr = 1.4905 rad (85.4022 deg) | TransErr = 42.85 mm [FAILS]
      Candidate choice=3 inlier=16 | RotErr = 0.6355 rad (36.4099 deg) | TransErr = 11.12 mm [FAILS]
      Candidate choice=4 inlier=36 | RotErr = 1.7031 rad (97.5819 deg) | TransErr = 49.53 mm [FAILS]
    Alternative Pair with Shard 6 (NOT ACTIVE IN TREE):
      Candidate choice=1 inlier=8 | RotErr = 0.0224 rad (1.2825 deg) | TransErr = 60.32 mm [FAILS]
    Alternative Pair with Shard 9 (NOT ACTIVE IN TREE):
      Candidate choice=1 inlier=24 | RotErr = 2.9478 rad (168.8988 deg) | TransErr = 59.80 mm [FAILS]
      Candidate choice=2 inlier=0 | RotErr = 1.0163 rad (58.2293 deg) | TransErr = 67.87 mm [FAILS]
      Candidate choice=3 inlier=28 | RotErr = 2.0419 rad (116.9926 deg) | TransErr = 92.51 mm [FAILS]
    Alternative Pair with Shard 2 (NOT ACTIVE IN TREE):
      Candidate choice=1 inlier=32 | RotErr = 1.1159 rad (63.9376 deg) | TransErr = 41.54 mm [FAILS]
      Candidate choice=2 inlier=66 | RotErr = 1.0764 rad (61.6724 deg) | TransErr = 62.49 mm [FAILS]
  Shard 9 (placed by parent 8):
    Alternative Pair with Shard 1 (NOT ACTIVE IN TREE):
      Candidate choice=1 inlier=24 | RotErr = 1.9904 rad (114.0416 deg) | TransErr = 125.71 mm [FAILS]
      Candidate choice=2 inlier=40 | RotErr = 1.5452 rad (88.5331 deg) | TransErr = 109.06 mm [FAILS]
      Candidate choice=3 inlier=0 | RotErr = 0.8448 rad (48.4062 deg) | TransErr = 147.67 mm [FAILS]
      Candidate choice=4 inlier=14 | RotErr = 0.6220 rad (35.6377 deg) | TransErr = 107.71 mm [FAILS]
      Candidate choice=5 inlier=24 | RotErr = 1.3318 rad (76.3058 deg) | TransErr = 124.98 mm [FAILS]
      Candidate choice=6 inlier=0 | RotErr = 2.1082 rad (120.7922 deg) | TransErr = 74.16 mm [FAILS]
      Candidate choice=7 inlier=47 | RotErr = 1.5491 rad (88.7568 deg) | TransErr = 70.82 mm [FAILS]
      Candidate choice=8 inlier=36 | RotErr = 0.4577 rad (26.2250 deg) | TransErr = 97.71 mm [FAILS]
      Candidate choice=9 inlier=40 | RotErr = 0.5292 rad (30.3237 deg) | TransErr = 67.27 mm [FAILS]
      Candidate choice=10 inlier=0 | RotErr = 2.3941 rad (137.1729 deg) | TransErr = 60.82 mm [FAILS]
    Alternative Pair with Shard 3 (NOT ACTIVE IN TREE):
      Candidate choice=1 inlier=22 | RotErr = 0.9630 rad (55.1762 deg) | TransErr = 66.20 mm [FAILS]
      Candidate choice=2 inlier=18 | RotErr = 0.7983 rad (45.7420 deg) | TransErr = 81.09 mm [FAILS]
      Candidate choice=3 inlier=10 | RotErr = 0.9151 rad (52.4322 deg) | TransErr = 74.29 mm [FAILS]
      Candidate choice=4 inlier=38 | RotErr = 2.9982 rad (171.7838 deg) | TransErr = 78.32 mm [FAILS]
      Candidate choice=5 inlier=18 | RotErr = 2.0156 rad (115.4844 deg) | TransErr = 92.21 mm [FAILS]
      Candidate choice=6 inlier=30 | RotErr = 1.0284 rad (58.9220 deg) | TransErr = 69.80 mm [FAILS]
      Candidate choice=7 inlier=30 | RotErr = 1.3619 rad (78.0313 deg) | TransErr = 112.23 mm [FAILS]
      Candidate choice=8 inlier=14 | RotErr = 1.0730 rad (61.4792 deg) | TransErr = 100.33 mm [FAILS]
      Candidate choice=9 inlier=45 | RotErr = 2.5532 rad (146.2898 deg) | TransErr = 61.68 mm [FAILS]
      Candidate choice=10 inlier=22 | RotErr = 0.6782 rad (38.8567 deg) | TransErr = 58.36 mm [FAILS]
      Candidate choice=11 inlier=0 | RotErr = 1.9309 rad (110.6337 deg) | TransErr = 104.11 mm [FAILS]
      Candidate choice=12 inlier=51 | RotErr = 2.4575 rad (140.8043 deg) | TransErr = 83.22 mm [FAILS]
      Candidate choice=13 inlier=22 | RotErr = 0.6815 rad (39.0458 deg) | TransErr = 74.63 mm [FAILS]
    Alternative Pair with Shard 4 (NOT ACTIVE IN TREE):
      Candidate choice=1 inlier=42 | RotErr = 1.5088 rad (86.4492 deg) | TransErr = 61.65 mm [FAILS]
      Candidate choice=2 inlier=20 | RotErr = 0.7147 rad (40.9466 deg) | TransErr = 151.81 mm [FAILS]
      Candidate choice=3 inlier=32 | RotErr = 2.9494 rad (168.9905 deg) | TransErr = 82.13 mm [FAILS]
      Candidate choice=4 inlier=38 | RotErr = 0.6740 rad (38.6172 deg) | TransErr = 102.80 mm [FAILS]
      Candidate choice=5 inlier=0 | RotErr = 2.7471 rad (157.3988 deg) | TransErr = 76.18 mm [FAILS]
      Candidate choice=6 inlier=36 | RotErr = 1.3451 rad (77.0690 deg) | TransErr = 81.25 mm [FAILS]
      Candidate choice=7 inlier=22 | RotErr = 1.6584 rad (95.0177 deg) | TransErr = 107.53 mm [FAILS]
      Candidate choice=8 inlier=28 | RotErr = 2.2516 rad (129.0074 deg) | TransErr = 124.68 mm [FAILS]
    Alternative Pair with Shard 5 (NOT ACTIVE IN TREE):
      Candidate choice=1 inlier=38 | RotErr = 2.5517 rad (146.2022 deg) | TransErr = 92.13 mm [FAILS]
      Candidate choice=2 inlier=0 | RotErr = 2.7611 rad (158.2018 deg) | TransErr = 122.86 mm [FAILS]
      Candidate choice=3 inlier=32 | RotErr = 2.5629 rad (146.8416 deg) | TransErr = 74.92 mm [FAILS]
      Candidate choice=4 inlier=0 | RotErr = 2.4520 rad (140.4915 deg) | TransErr = 89.57 mm [FAILS]
      Candidate choice=5 inlier=22 | RotErr = 2.5173 rad (144.2324 deg) | TransErr = 22.52 mm [FAILS]
    Alternative Pair with Shard 8 (ACTIVE IN TREE) [SKIPPED]
    Alternative Pair with Shard 10 (NOT ACTIVE IN TREE):
      Candidate choice=1 inlier=26 | RotErr = 2.3121 rad (132.4738 deg) | TransErr = 109.45 mm [FAILS]
      Candidate choice=2 inlier=0 | RotErr = 1.0315 rad (59.1010 deg) | TransErr = 23.54 mm [FAILS]
      Candidate choice=3 inlier=56 | RotErr = 0.3685 rad (21.1131 deg) | TransErr = 48.56 mm [FAILS]
      Candidate choice=4 inlier=28 | RotErr = 2.3945 rad (137.1939 deg) | TransErr = 87.23 mm [FAILS]
      Candidate choice=5 inlier=26 | RotErr = 1.7968 rad (102.9469 deg) | TransErr = 67.93 mm [FAILS]
      Candidate choice=6 inlier=26 | RotErr = 0.9762 rad (55.9303 deg) | TransErr = 83.43 mm [FAILS]
      Candidate choice=7 inlier=24 | RotErr = 2.5979 rad (148.8478 deg) | TransErr = 87.52 mm [FAILS]
      Candidate choice=8 inlier=34 | RotErr = 0.4931 rad (28.2506 deg) | TransErr = 68.81 mm [FAILS]
    Alternative Pair with Shard 11 (NOT ACTIVE IN TREE):
      Candidate choice=1 inlier=6 | RotErr = 1.7487 rad (100.1915 deg) | TransErr = 34.28 mm [FAILS]
      Candidate choice=2 inlier=0 | RotErr = 1.4545 rad (83.3344 deg) | TransErr = 103.04 mm [FAILS]
      Candidate choice=3 inlier=22 | RotErr = 2.4752 rad (141.8212 deg) | TransErr = 88.02 mm [FAILS]
      Candidate choice=4 inlier=26 | RotErr = 2.1676 rad (124.1968 deg) | TransErr = 74.51 mm [FAILS]
    Alternative Pair with Shard 6 (NOT ACTIVE IN TREE):
      Candidate choice=1 inlier=10 | RotErr = 0.2481 rad (14.2127 deg) | TransErr = 98.21 mm [FAILS]
      Candidate choice=2 inlier=0 | RotErr = 0.5269 rad (30.1877 deg) | TransErr = 107.42 mm [FAILS]
      Candidate choice=3 inlier=0 | RotErr = 0.5471 rad (31.3461 deg) | TransErr = 106.13 mm [FAILS]
      Candidate choice=4 inlier=14 | RotErr = 0.5089 rad (29.1563 deg) | TransErr = 78.06 mm [FAILS]
      Candidate choice=5 inlier=0 | RotErr = 0.3265 rad (18.7078 deg) | TransErr = 82.46 mm [FAILS]
      Candidate choice=6 inlier=0 | RotErr = 0.6563 rad (37.6004 deg) | TransErr = 135.97 mm [FAILS]
    Alternative Pair with Shard 7 (NOT ACTIVE IN TREE):
      Candidate choice=1 inlier=24 | RotErr = 2.9478 rad (168.8988 deg) | TransErr = 59.80 mm [FAILS]
      Candidate choice=2 inlier=0 | RotErr = 1.0163 rad (58.2293 deg) | TransErr = 67.87 mm [FAILS]
      Candidate choice=3 inlier=28 | RotErr = 2.0419 rad (116.9926 deg) | TransErr = 92.51 mm [FAILS]
    Alternative Pair with Shard 2 (NOT ACTIVE IN TREE):
      Candidate choice=1 inlier=22 | RotErr = 0.7570 rad (43.3749 deg) | TransErr = 127.76 mm [FAILS]
      Candidate choice=2 inlier=45 | RotErr = 0.7377 rad (42.2684 deg) | TransErr = 77.49 mm [FAILS]
      Candidate choice=3 inlier=47 | RotErr = 1.0529 rad (60.3285 deg) | TransErr = 97.38 mm [FAILS]
      Candidate choice=4 inlier=22 | RotErr = 0.9490 rad (54.3714 deg) | TransErr = 122.94 mm [FAILS]
      Candidate choice=5 inlier=40 | RotErr = 1.0509 rad (60.2102 deg) | TransErr = 56.76 mm [FAILS]
      Candidate choice=6 inlier=38 | RotErr = 0.9137 rad (52.3522 deg) | TransErr = 75.48 mm [FAILS]
  Shard 2 (placed by parent 10):
    Alternative Pair with Shard 1 (NOT ACTIVE IN TREE):
      Candidate choice=1 inlier=30 | RotErr = 0.2225 rad (12.7504 deg) | TransErr = 61.55 mm [FAILS]
      Candidate choice=2 inlier=70 | RotErr = 2.3157 rad (132.6788 deg) | TransErr = 31.92 mm [FAILS]
      Candidate choice=3 inlier=36 | RotErr = 2.3921 rad (137.0553 deg) | TransErr = 33.90 mm [FAILS]
      Candidate choice=4 inlier=44 | RotErr = 2.2293 rad (127.7292 deg) | TransErr = 20.87 mm [FAILS]
      Candidate choice=5 inlier=59 | RotErr = 1.5964 rad (91.4664 deg) | TransErr = 13.67 mm [FAILS]
    Alternative Pair with Shard 3 (NOT ACTIVE IN TREE):
      Candidate choice=1 inlier=62 | RotErr = 3.0317 rad (173.7043 deg) | TransErr = 4.86 mm [FAILS]
      Candidate choice=2 inlier=24 | RotErr = 2.6397 rad (151.2420 deg) | TransErr = 24.47 mm [FAILS]
      Candidate choice=3 inlier=48 | RotErr = 1.2743 rad (73.0141 deg) | TransErr = 53.84 mm [FAILS]
      Candidate choice=4 inlier=22 | RotErr = 1.2656 rad (72.5117 deg) | TransErr = 10.40 mm [FAILS]
      Candidate choice=5 inlier=32 | RotErr = 0.4976 rad (28.5098 deg) | TransErr = 34.05 mm [FAILS]
      Candidate choice=6 inlier=53 | RotErr = 0.6538 rad (37.4572 deg) | TransErr = 38.54 mm [FAILS]
    Alternative Pair with Shard 4 (NOT ACTIVE IN TREE):
      Candidate choice=1 inlier=12 | RotErr = 2.1227 rad (121.6222 deg) | TransErr = 58.67 mm [FAILS]
      Candidate choice=2 inlier=32 | RotErr = 2.1921 rad (125.5961 deg) | TransErr = 53.00 mm [FAILS]
      Candidate choice=3 inlier=20 | RotErr = 1.3605 rad (77.9494 deg) | TransErr = 58.10 mm [FAILS]
      Candidate choice=4 inlier=24 | RotErr = 0.1774 rad (10.1636 deg) | TransErr = 3.63 mm [PASSES] -> Reward: +20.00
      Candidate choice=5 inlier=58 | RotErr = 3.0883 rad (176.9476 deg) | TransErr = 36.20 mm [FAILS]
    Alternative Pair with Shard 5 (NOT ACTIVE IN TREE):
      Candidate choice=1 inlier=30 | RotErr = 2.5794 rad (147.7872 deg) | TransErr = 60.34 mm [FAILS]
    Alternative Pair with Shard 8 (NOT ACTIVE IN TREE):
      Candidate choice=1 inlier=30 | RotErr = 2.3582 rad (135.1155 deg) | TransErr = 67.55 mm [FAILS]
      Candidate choice=2 inlier=32 | RotErr = 2.5660 rad (147.0212 deg) | TransErr = 93.67 mm [FAILS]
      Candidate choice=3 inlier=22 | RotErr = 2.5815 rad (147.9085 deg) | TransErr = 15.99 mm [FAILS]
      Candidate choice=4 inlier=36 | RotErr = 1.6274 rad (93.2420 deg) | TransErr = 36.43 mm [FAILS]
      Candidate choice=5 inlier=28 | RotErr = 2.0585 rad (117.9431 deg) | TransErr = 36.45 mm [FAILS]
    Alternative Pair with Shard 10 (ACTIVE IN TREE) [SKIPPED]
    Alternative Pair with Shard 11 (NOT ACTIVE IN TREE):
      Candidate choice=1 inlier=30 | RotErr = 2.2402 rad (128.3543 deg) | TransErr = 28.15 mm [FAILS]
      Candidate choice=2 inlier=30 | RotErr = 0.1513 rad (8.6715 deg) | TransErr = 3.59 mm [PASSES] -> Reward: +20.00
      Candidate choice=3 inlier=8 | RotErr = 1.9175 rad (109.8648 deg) | TransErr = 25.17 mm [FAILS]
      Candidate choice=4 inlier=0 | RotErr = 1.7380 rad (99.5778 deg) | TransErr = 57.41 mm [FAILS]
    Alternative Pair with Shard 6 (NOT ACTIVE IN TREE):
      [No match candidates found]
    Alternative Pair with Shard 7 (NOT ACTIVE IN TREE):
      Candidate choice=1 inlier=32 | RotErr = 1.1159 rad (63.9376 deg) | TransErr = 41.54 mm [FAILS]
      Candidate choice=2 inlier=66 | RotErr = 1.0764 rad (61.6724 deg) | TransErr = 62.49 mm [FAILS]
    Alternative Pair with Shard 9 (NOT ACTIVE IN TREE):
      Candidate choice=1 inlier=22 | RotErr = 0.7570 rad (43.3749 deg) | TransErr = 127.76 mm [FAILS]
      Candidate choice=2 inlier=45 | RotErr = 0.7377 rad (42.2684 deg) | TransErr = 77.49 mm [FAILS]
      Candidate choice=3 inlier=47 | RotErr = 1.0529 rad (60.3285 deg) | TransErr = 97.38 mm [FAILS]
      Candidate choice=4 inlier=22 | RotErr = 0.9490 rad (54.3714 deg) | TransErr = 122.94 mm [FAILS]
      Candidate choice=5 inlier=40 | RotErr = 1.0509 rad (60.2102 deg) | TransErr = 56.76 mm [FAILS]
      Candidate choice=6 inlier=38 | RotErr = 0.9137 rad (52.3522 deg) | TransErr = 75.48 mm [FAILS]
  Total Logged Consensus Reward: 200.00
=========================================================
